mqc_id	VariantClass	Sample	TgtRegionSize	TN	FN	TP	FP	Fscore	Sensitivity-Recall	Specificity	FDR	PPV	Precision	AltId	ROI	AllVarMeanDP	CovBin	Aligner	SNVCaller
Pb-HG003-10x-5-D0-PF-PACBIO-REVIO-sentmm2-sentdpb-SNPts	SNPts	Pb-HG003-10x-5-D0-PF-PACBIO-REVIO	2799325643.0	2797071475.0	28374.0	2225794.0	179453.0	0.9553963319429585	0.987412650698617	0.9999358466563711	0.07460896947382119	0.9253910305261788	0.9253910305261788	HG003	ultima	-1	-2	sentmm2	sentdpb
Pb-HG003-10x-5-D0-PF-PACBIO-REVIO-sentmm2-sentdpb-SNPtv	SNPtv	Pb-HG003-10x-5-D0-PF-PACBIO-REVIO	2799325643.0	2798266891.0	14608.0	1044144.0	106270.0	0.9452834236992602	0.9862026234661186	0.9999620243641981	0.09237544049359622	0.9076245595064037	0.9076245595064037	HG003	ultima	-1	-2	sentmm2	sentdpb
Pb-HG003-10x-5-D0-PF-PACBIO-REVIO-sentmm2-sentdpb-INS_50	INS_50	Pb-HG003-10x-5-D0-PF-PACBIO-REVIO	2799325643.0	2799163779.0	3926.0	157938.0	37135.0	0.8849628926113012	0.9757450699352543	0.9999867337139631	0.19036463272723544	0.8096353672727645	0.8096353672727645	HG003	ultima	-1	-2	sentmm2	sentdpb
Pb-HG003-10x-5-D0-PF-PACBIO-REVIO-sentmm2-sentdpb-INS_gt50	INS_gt50	Pb-HG003-10x-5-D0-PF-PACBIO-REVIO	2799325643.0	2799325547.0	52.0	44.0	502.0	0.1370716510903427	0.4583333333333333	0.9999998206711218	0.9194139194139194	0.08058608058608063	0.08058608058608059	HG003	ultima	-1	-2	sentmm2	sentdpb
Pb-HG003-10x-5-D0-PF-PACBIO-REVIO-sentmm2-sentdpb-DEL_50	DEL_50	Pb-HG003-10x-5-D0-PF-PACBIO-REVIO	2799325643.0	2799150642.0	4449.0	170552.0	40755.0	0.8829845615415679	0.9745772881297822	0.9999854404382481	0.1928710359808241	0.8071289640191759	0.8071289640191759	HG003	ultima	-1	-2	sentmm2	sentdpb
Pb-HG003-10x-5-D0-PF-PACBIO-REVIO-sentmm2-sentdpb-DEL_gt50	DEL_gt50	Pb-HG003-10x-5-D0-PF-PACBIO-REVIO	2799325643.0	2799325554.0	40.0	49.0	513.0	0.15053763440860216	0.550561797752809	0.9999998167416058	0.9128113879003559	0.08718861209964412	0.08718861209964412	HG003	ultima	-1	-2	sentmm2	sentdpb
Pb-HG003-10x-5-D0-PF-PACBIO-REVIO-sentmm2-sentdpb-Indel_50	Indel_50	Pb-HG003-10x-5-D0-PF-PACBIO-REVIO	2799325643.0	2799303611.0	62.0	21970.0	4827.0	0.8998750742386697	0.9971859114015976	0.9999982756455364	0.18013210434003807	0.8198678956599619	0.819867895659962	HG003	ultima	-1	-2	sentmm2	sentdpb
Pb-HG003-10x-5-D0-PF-PACBIO-REVIO-sentmm2-sentdpb-Indel_gt50	Indel_gt50	Pb-HG003-10x-5-D0-PF-PACBIO-REVIO	2799325643.0	2799324767.0	10.0	866.0	431.0	0.7970547630004602	0.9885844748858448	0.9999998460343227	0.3323053199691596	0.6676946800308404	0.6676946800308404	HG003	ultima	-1	-2	sentmm2	sentdpb
Pb-HG003-10x-5-D0-PF-PACBIO-REVIO-sentmm2-sentdpb-All	All	Pb-HG003-10x-5-D0-PF-PACBIO-REVIO	2799325643.0	2795652765.0	51521.0	3621357.0	369886.0	0.9450156123578947	0.9859725806302305	0.9998677099415244	0.09267438740262118	0.9073256125973788	0.9073256125973788	HG003	ultima	-1	-2	sentmm2	sentdpb
Pb-HG003-10x-5-D0-PF-PACBIO-REVIO-sentmm2-sentdpb-SNPts	SNPts	Pb-HG003-10x-5-D0-PF-PACBIO-REVIO	377862616.0	377589389.0	4883.0	268344.0	46149.0	0.9131695365139862	0.9821284133705673	0.9998777948700368	0.14674094494949014	0.8532590550505099	0.8532590550505099	HG003	clinvar_genes	-1	-2	sentmm2	sentdpb
Pb-HG003-10x-5-D0-PF-PACBIO-REVIO-sentmm2-sentdpb-SNPtv	SNPtv	Pb-HG003-10x-5-D0-PF-PACBIO-REVIO	377862616.0	377738302.0	2436.0	121878.0	27629.0	0.8902019932729777	0.9804044596746947	0.9999268621182252	0.18480071167236317	0.8151992883276369	0.8151992883276369	HG003	clinvar_genes	-1	-2	sentmm2	sentdpb
Pb-HG003-10x-5-D0-PF-PACBIO-REVIO-sentmm2-sentdpb-INS_50	INS_50	Pb-HG003-10x-5-D0-PF-PACBIO-REVIO	377862616.0	377834379.0	1312.0	26925.0	20721.0	0.7096451115533123	0.9535361405248433	0.9999451615182645	0.43489484951517443	0.5651051504848256	0.5651051504848256	HG003	clinvar_genes	-1	-2	sentmm2	sentdpb
Pb-HG003-10x-5-D0-PF-PACBIO-REVIO-sentmm2-sentdpb-INS_gt50	INS_gt50	Pb-HG003-10x-5-D0-PF-PACBIO-REVIO	377862616.0	377862587.0	16.0	13.0	332.0	0.06951871657754011	0.4482758620689655	0.9999991213744898	0.9623188405797102	0.03768115942028982	0.03768115942028986	HG003	clinvar_genes	-1	-2	sentmm2	sentdpb
Pb-HG003-10x-5-D0-PF-PACBIO-REVIO-sentmm2-sentdpb-DEL_50	DEL_50	Pb-HG003-10x-5-D0-PF-PACBIO-REVIO	377862616.0	377832839.0	1401.0	28376.0	18475.0	0.7406170068382314	0.9529502636262888	0.9999511051058565	0.3943352329726153	0.6056647670273847	0.6056647670273847	HG003	clinvar_genes	-1	-2	sentmm2	sentdpb
Pb-HG003-10x-5-D0-PF-PACBIO-REVIO-sentmm2-sentdpb-DEL_gt50	DEL_gt50	Pb-HG003-10x-5-D0-PF-PACBIO-REVIO	377862616.0	377862598.0	9.0	9.0	212.0	0.07531380753138076	0.5	0.9999994389498136	0.9592760180995475	0.040723981900452455	0.04072398190045249	HG003	clinvar_genes	-1	-2	sentmm2	sentdpb
Pb-HG003-10x-5-D0-PF-PACBIO-REVIO-sentmm2-sentdpb-Indel_50	Indel_50	Pb-HG003-10x-5-D0-PF-PACBIO-REVIO	377862616.0	377856593.0	57.0	5966.0	7373.0	0.6162586509658092	0.9905362776025236	0.9999804876869365	0.5527400854636779	0.4472599145363221	0.4472599145363221	HG003	clinvar_genes	-1	-2	sentmm2	sentdpb
Pb-HG003-10x-5-D0-PF-PACBIO-REVIO-sentmm2-sentdpb-Indel_gt50	Indel_gt50	Pb-HG003-10x-5-D0-PF-PACBIO-REVIO	377862616.0	377862460.0	5.0	151.0	298.0	0.4991735537190084	0.967948717948718	0.9999992113538747	0.6636971046770601	0.3363028953229399	0.3363028953229399	HG003	clinvar_genes	-1	-2	sentmm2	sentdpb
Pb-HG003-10x-5-D0-PF-PACBIO-REVIO-sentmm2-sentdpb-All	All	Pb-HG003-10x-5-D0-PF-PACBIO-REVIO	377862616.0	377400835.0	10119.0	451662.0	121189.0	0.8730872426137989	0.9780870152734737	0.9996789882648012	0.21155413885984314	0.7884458611401568	0.7884458611401569	HG003	clinvar_genes	-1	-2	sentmm2	sentdpb
Pb-HG003-10x-5-D0-PF-PACBIO-REVIO-sentmm2-sentdpb-SNPts	SNPts	Pb-HG003-10x-5-D0-PF-PACBIO-REVIO	2505355380.0	2503152251.0	27255.0	2175874.0	2649.0	0.9931751768511056	0.9876289586311106	0.9999989417354875	0.0012159614564546714	0.9987840385435454	0.9987840385435454	HG003	giabHC_x_ultima	-1	-2	sentmm2	sentdpb
Pb-HG003-10x-5-D0-PF-PACBIO-REVIO-sentmm2-sentdpb-SNPtv	SNPtv	Pb-HG003-10x-5-D0-PF-PACBIO-REVIO	2505355380.0	2504320924.0	14007.0	1020449.0	2059.0	0.992189459805811	0.986459549753687	0.9999991778217051	0.002013676176616711	0.9979863238233833	0.9979863238233833	HG003	giabHC_x_ultima	-1	-2	sentmm2	sentdpb
Pb-HG003-10x-5-D0-PF-PACBIO-REVIO-sentmm2-sentdpb-INS_50	INS_50	Pb-HG003-10x-5-D0-PF-PACBIO-REVIO	2505355380.0	2505203823.0	3592.0	147965.0	4952.0	0.9719384906428792	0.9762993461206015	0.9999980233184358	0.03238358063524657	0.9676164193647534	0.9676164193647534	HG003	giabHC_x_ultima	-1	-2	sentmm2	sentdpb
Pb-HG003-10x-5-D0-PF-PACBIO-REVIO-sentmm2-sentdpb-INS_gt50	INS_gt50	Pb-HG003-10x-5-D0-PF-PACBIO-REVIO	2505355380.0	2505355380.0	0.0	0.0	0.0			1.0				HG003	giabHC_x_ultima	-1	-2	sentmm2	sentdpb
Pb-HG003-10x-5-D0-PF-PACBIO-REVIO-sentmm2-sentdpb-DEL_50	DEL_50	Pb-HG003-10x-5-D0-PF-PACBIO-REVIO	2505355380.0	2505192274.0	3922.0	159184.0	2268.0	0.9809279081088742	0.9759542873959266	0.9999990946810868	0.014047518767187772	0.9859524812328122	0.9859524812328122	HG003	giabHC_x_ultima	-1	-2	sentmm2	sentdpb
Pb-HG003-10x-5-D0-PF-PACBIO-REVIO-sentmm2-sentdpb-DEL_gt50	DEL_gt50	Pb-HG003-10x-5-D0-PF-PACBIO-REVIO	2505355380.0	2505355380.0	0.0	0.0	0.0			1.0				HG003	giabHC_x_ultima	-1	-2	sentmm2	sentdpb
Pb-HG003-10x-5-D0-PF-PACBIO-REVIO-sentmm2-sentdpb-Indel_50	Indel_50	Pb-HG003-10x-5-D0-PF-PACBIO-REVIO	2505355380.0	2505337030.0	41.0	18309.0	369.0	0.9889272982607756	0.9977656675749319	0.9999998527144487	0.01975586251204626	0.9802441374879537	0.9802441374879537	HG003	giabHC_x_ultima	-1	-2	sentmm2	sentdpb
Pb-HG003-10x-5-D0-PF-PACBIO-REVIO-sentmm2-sentdpb-Indel_gt50	Indel_gt50	Pb-HG003-10x-5-D0-PF-PACBIO-REVIO	2505355380.0	2505355035.0	0.0	345.0	0.0	1.0	1.0	1.0	0.0	1.0	1.0	HG003	giabHC_x_ultima	-1	-2	sentmm2	sentdpb
Pb-HG003-10x-5-D0-PF-PACBIO-REVIO-sentmm2-sentdpb-All	All	Pb-HG003-10x-5-D0-PF-PACBIO-REVIO	2505355380.0	2501784437.0	48817.0	3522126.0	12297.0	0.9913988948634032	0.9863293813426873	0.9999950847325713	0.0034792100436195667	0.9965207899563804	0.9965207899563804	HG003	giabHC_x_ultima	-1	-2	sentmm2	sentdpb
Pb-HG003-10x-5-D0-PF-PACBIO-REVIO-sentmm2-sentdpb-SNPts	SNPts	Pb-HG003-10x-5-D0-PF-PACBIO-REVIO	3088286401.0	3085963915.0	31332.0	2291154.0	450581.0	0.9048396584588232	0.9865092835866395	0.9998540115073384	0.1643415574444649	0.8356584425555351	0.8356584425555351	HG003	hg38	-1	-2	sentmm2	sentdpb
Pb-HG003-10x-5-D0-PF-PACBIO-REVIO-sentmm2-sentdpb-SNPtv	SNPtv	Pb-HG003-10x-5-D0-PF-PACBIO-REVIO	3088286401.0	3087179697.0	16840.0	1089864.0	350116.0	0.8559083105717082	0.984783645852911	0.9998866032002264	0.24313948804844512	0.7568605119515549	0.7568605119515549	HG003	hg38	-1	-2	sentmm2	sentdpb
Pb-HG003-10x-5-D0-PF-PACBIO-REVIO-sentmm2-sentdpb-INS_50	INS_50	Pb-HG003-10x-5-D0-PF-PACBIO-REVIO	3088286401.0	3088038774.0	10265.0	237362.0	193820.0	0.6993484175961132	0.9585465236020305	0.999937239183222	0.44950856019036045	0.5504914398096395	0.5504914398096395	HG003	hg38	-1	-2	sentmm2	sentdpb
Pb-HG003-10x-5-D0-PF-PACBIO-REVIO-sentmm2-sentdpb-INS_gt50	INS_gt50	Pb-HG003-10x-5-D0-PF-PACBIO-REVIO	3088286401.0	3088286169.0	125.0	107.0	2726.0	0.0698205546492659	0.46120689655172414	0.9999991173105585	0.9622308506883163	0.037769149311683736	0.03776914931168373	HG003	hg38	-1	-2	sentmm2	sentdpb
Pb-HG003-10x-5-D0-PF-PACBIO-REVIO-sentmm2-sentdpb-DEL_50	DEL_50	Pb-HG003-10x-5-D0-PF-PACBIO-REVIO	3088286401.0	3088025722.0	10543.0	250136.0	176179.0	0.7282043220173684	0.9595556220485731	0.9999429509450328	0.4132601480126198	0.5867398519873802	0.5867398519873802	HG003	hg38	-1	-2	sentmm2	sentdpb
Pb-HG003-10x-5-D0-PF-PACBIO-REVIO-sentmm2-sentdpb-DEL_gt50	DEL_gt50	Pb-HG003-10x-5-D0-PF-PACBIO-REVIO	3088286401.0	3088286264.0	56.0	81.0	1628.0	0.08775731310942579	0.5912408759124088	0.9999994728470736	0.9526038619075483	0.04739613809245169	0.047396138092451724	HG003	hg38	-1	-2	sentmm2	sentdpb
Pb-HG003-10x-5-D0-PF-PACBIO-REVIO-sentmm2-sentdpb-Indel_50	Indel_50	Pb-HG003-10x-5-D0-PF-PACBIO-REVIO	3088286401.0	3088227064.0	529.0	58808.0	72186.0	0.6179550362263635	0.9910848206009741	0.9999766259697793	0.5510634074843123	0.44893659251568774	0.44893659251568774	HG003	hg38	-1	-2	sentmm2	sentdpb
Pb-HG003-10x-5-D0-PF-PACBIO-REVIO-sentmm2-sentdpb-Indel_gt50	Indel_gt50	Pb-HG003-10x-5-D0-PF-PACBIO-REVIO	3088286401.0	3088284834.0	38.0	1529.0	3069.0	0.4960259529602595	0.9757498404594767	0.9999990062455003	0.6674641148325359	0.33253588516746413	0.33253588516746413	HG003	hg38	-1	-2	sentmm2	sentdpb
Pb-HG003-10x-5-D0-PF-PACBIO-REVIO-sentmm2-sentdpb-All	All	Pb-HG003-10x-5-D0-PF-PACBIO-REVIO	3088286401.0	3084287632.0	69728.0	3929041.0	1250305.0	0.8561760230722758	0.9825626336505059	0.999594785406782	0.24140209980178964	0.7585979001982104	0.7585979001982104	HG003	hg38	-1	-2	sentmm2	sentdpb
Pb-HG003-10x-5-D0-PF-PACBIO-REVIO-sentmm2-sentdpb-SNPts	SNPts	Pb-HG003-10x-5-D0-PF-PACBIO-REVIO	332544085.0	332287250.0	4116.0	252719.0	332.0	0.99127648140957	0.9839741468257831	0.9999990008654611	0.0013119884924382831	0.9986880115075617	0.9986880115075617	HG003	giabHC_x_ultima_x_clinvar	-1	-2	sentmm2	sentdpb
Pb-HG003-10x-5-D0-PF-PACBIO-REVIO-sentmm2-sentdpb-SNPtv	SNPtv	Pb-HG003-10x-5-D0-PF-PACBIO-REVIO	332544085.0	332429479.0	1936.0	112670.0	266.0	0.990322665705672	0.983107341674956	0.9999991998309297	0.0023553162853297443	0.9976446837146703	0.9976446837146703	HG003	giabHC_x_ultima_x_clinvar	-1	-2	sentmm2	sentdpb
Pb-HG003-10x-5-D0-PF-PACBIO-REVIO-sentmm2-sentdpb-INS_50	INS_50	Pb-HG003-10x-5-D0-PF-PACBIO-REVIO	332544085.0	332526806.0	495.0	16784.0	594.0	0.9685777764953688	0.9713525088257422	0.999998213681038	0.034181148578662675	0.9658188514213373	0.9658188514213373	HG003	giabHC_x_ultima_x_clinvar	-1	-2	sentmm2	sentdpb
Pb-HG003-10x-5-D0-PF-PACBIO-REVIO-sentmm2-sentdpb-INS_gt50	INS_gt50	Pb-HG003-10x-5-D0-PF-PACBIO-REVIO	332544085.0	332544085.0	0.0	0.0	0.0			1.0				HG003	giabHC_x_ultima_x_clinvar	-1	-2	sentmm2	sentdpb
Pb-HG003-10x-5-D0-PF-PACBIO-REVIO-sentmm2-sentdpb-DEL_50	DEL_50	Pb-HG003-10x-5-D0-PF-PACBIO-REVIO	332544085.0	332525389.0	570.0	18126.0	277.0	0.9771691959352005	0.9695121951219512	0.9999991669815947	0.015051893712981579	0.9849481062870185	0.9849481062870185	HG003	giabHC_x_ultima_x_clinvar	-1	-2	sentmm2	sentdpb
Pb-HG003-10x-5-D0-PF-PACBIO-REVIO-sentmm2-sentdpb-DEL_gt50	DEL_gt50	Pb-HG003-10x-5-D0-PF-PACBIO-REVIO	332544085.0	332544085.0	0.0	0.0	0.0			1.0				HG003	giabHC_x_ultima_x_clinvar	-1	-2	sentmm2	sentdpb
Pb-HG003-10x-5-D0-PF-PACBIO-REVIO-sentmm2-sentdpb-Indel_50	Indel_50	Pb-HG003-10x-5-D0-PF-PACBIO-REVIO	332544085.0	332542332.0	1.0	1752.0	37.0	0.9892715979672501	0.9994295493439818	0.9999998887359824	0.02068194522079374	0.9793180547792063	0.9793180547792063	HG003	giabHC_x_ultima_x_clinvar	-1	-2	sentmm2	sentdpb
Pb-HG003-10x-5-D0-PF-PACBIO-REVIO-sentmm2-sentdpb-Indel_gt50	Indel_gt50	Pb-HG003-10x-5-D0-PF-PACBIO-REVIO	332544085.0	332544055.0	0.0	30.0	0.0	1.0	1.0	1.0	0.0	1.0	1.0	HG003	giabHC_x_ultima_x_clinvar	-1	-2	sentmm2	sentdpb
Pb-HG003-10x-5-D0-PF-PACBIO-REVIO-sentmm2-sentdpb-All	All	Pb-HG003-10x-5-D0-PF-PACBIO-REVIO	332544085.0	332134886.0	7118.0	402081.0	1506.0	0.9893895810213266	0.982605040579278	0.9999954657181921	0.003731537438024515	0.9962684625619754	0.9962684625619754	HG003	giabHC_x_ultima_x_clinvar	-1	-2	sentmm2	sentdpb
Pb-HG003-10x-5-D0-PF-PACBIO-REVIO-sentmm2-sentdpb-SNPts	SNPts	Pb-HG003-10x-5-D0-PF-PACBIO-REVIO	337668665.0	337403111.0	4514.0	261040.0	511.0	0.9904667950408362	0.9830015740677979	0.9999984854934367	0.0019537298653035163	0.9980462701346965	0.9980462701346965	HG003	giabHC_x_clinvar_genes	-1	-2	sentmm2	sentdpb
Pb-HG003-10x-5-D0-PF-PACBIO-REVIO-sentmm2-sentdpb-SNPtv	SNPtv	Pb-HG003-10x-5-D0-PF-PACBIO-REVIO	337668665.0	337548414.0	2229.0	118022.0	366.0	0.9891258344193532	0.9814637716110469	0.9999989157122713	0.0030915295469135387	0.9969084704530865	0.9969084704530865	HG003	giabHC_x_clinvar_genes	-1	-2	sentmm2	sentdpb
Pb-HG003-10x-5-D0-PF-PACBIO-REVIO-sentmm2-sentdpb-INS_50	INS_50	Pb-HG003-10x-5-D0-PF-PACBIO-REVIO	337668665.0	337643198.0	1116.0	24351.0	1906.0	0.9415745108653623	0.956178584049947	0.9999943550195829	0.07259016643180866	0.9274098335681913	0.9274098335681913	HG003	giabHC_x_clinvar_genes	-1	-2	sentmm2	sentdpb
Pb-HG003-10x-5-D0-PF-PACBIO-REVIO-sentmm2-sentdpb-INS_gt50	INS_gt50	Pb-HG003-10x-5-D0-PF-PACBIO-REVIO	337668665.0	337668665.0	0.0	0.0	0.0			1.0				HG003	giabHC_x_clinvar_genes	-1	-2	sentmm2	sentdpb
Pb-HG003-10x-5-D0-PF-PACBIO-REVIO-sentmm2-sentdpb-DEL_50	DEL_50	Pb-HG003-10x-5-D0-PF-PACBIO-REVIO	337668665.0	337641666.0	1181.0	25818.0	951.0	0.960348162475822	0.9562576391718212	0.9999971834124245	0.03552616832903732	0.9644738316709627	0.9644738316709627	HG003	giabHC_x_clinvar_genes	-1	-2	sentmm2	sentdpb
Pb-HG003-10x-5-D0-PF-PACBIO-REVIO-sentmm2-sentdpb-DEL_gt50	DEL_gt50	Pb-HG003-10x-5-D0-PF-PACBIO-REVIO	337668665.0	337668665.0	0.0	0.0	0.0			1.0				HG003	giabHC_x_clinvar_genes	-1	-2	sentmm2	sentdpb
Pb-HG003-10x-5-D0-PF-PACBIO-REVIO-sentmm2-sentdpb-Indel_50	Indel_50	Pb-HG003-10x-5-D0-PF-PACBIO-REVIO	337668665.0	337663707.0	23.0	4935.0	142.0	0.9835575485799701	0.9953610326744655	0.9999995794634208	0.02796927319283041	0.9720307268071696	0.9720307268071696	HG003	giabHC_x_clinvar_genes	-1	-2	sentmm2	sentdpb
Pb-HG003-10x-5-D0-PF-PACBIO-REVIO-sentmm2-sentdpb-Indel_gt50	Indel_gt50	Pb-HG003-10x-5-D0-PF-PACBIO-REVIO	337668665.0	337668622.0	0.0	43.0	1.0	0.9885057471264368	1.0	0.9999999970385167	0.022727272727272728	0.9772727272727273	0.9772727272727273	HG003	giabHC_x_clinvar_genes	-1	-2	sentmm2	sentdpb
Pb-HG003-10x-5-D0-PF-PACBIO-REVIO-sentmm2-sentdpb-All	All	Pb-HG003-10x-5-D0-PF-PACBIO-REVIO	337668665.0	337225393.0	9063.0	434209.0	3877.0	0.9853181113690463	0.9795543142810734	0.9999885033704221	0.008849860529667691	0.9911501394703323	0.9911501394703323	HG003	giabHC_x_clinvar_genes	-1	-2	sentmm2	sentdpb
Pb-HG003-10x-5-D0-PF-PACBIO-REVIO-sentmm2-sentdpb-SNPts	SNPts	Pb-HG003-10x-5-D0-PF-PACBIO-REVIO	688815815.0	688748046.0	2202.0	65567.0	446998.0	0.22596297993913847	0.967507267334622	0.9993514201764921	0.8720806141660082	0.12791938583399176	0.1279193858339918	HG003	hg38_m_giabHC	-1	-2	sentmm2	sentdpb
Pb-HG003-10x-5-D0-PF-PACBIO-REVIO-sentmm2-sentdpb-SNPtv	SNPtv	Pb-HG003-10x-5-D0-PF-PACBIO-REVIO	688815815.0	688780825.0	1308.0	33682.0	347525.0	0.16185604413294666	0.9626178908259503	0.9994957035217025	0.9116438050717851	0.08835619492821489	0.08835619492821485	HG003	hg38_m_giabHC	-1	-2	sentmm2	sentdpb
Pb-HG003-10x-5-D0-PF-PACBIO-REVIO-sentmm2-sentdpb-INS_50	INS_50	Pb-HG003-10x-5-D0-PF-PACBIO-REVIO	688815815.0	688789525.0	1729.0	24561.0	178885.0	0.2138193404603545	0.9342335488779003	0.9997403581972648	0.8792750901959242	0.1207249098040758	0.12072490980407577	HG003	hg38_m_giabHC	-1	-2	sentmm2	sentdpb
Pb-HG003-10x-5-D0-PF-PACBIO-REVIO-sentmm2-sentdpb-INS_gt50	INS_gt50	Pb-HG003-10x-5-D0-PF-PACBIO-REVIO	688815815.0	688815584.0	125.0	106.0	2725.0	0.06923579359895493	0.4588744588744589	0.9999960439495228	0.9625574002119393	0.03744259978806075	0.037442599788060756	HG003	hg38_m_giabHC	-1	-2	sentmm2	sentdpb
Pb-HG003-10x-5-D0-PF-PACBIO-REVIO-sentmm2-sentdpb-DEL_50	DEL_50	Pb-HG003-10x-5-D0-PF-PACBIO-REVIO	688815815.0	688789400.0	1746.0	24669.0	168595.0	0.22459133553958271	0.933901192504259	0.9997552898707562	0.8723559483400943	0.12764405165990567	0.1276440516599056	HG003	hg38_m_giabHC	-1	-2	sentmm2	sentdpb
Pb-HG003-10x-5-D0-PF-PACBIO-REVIO-sentmm2-sentdpb-DEL_gt50	DEL_gt50	Pb-HG003-10x-5-D0-PF-PACBIO-REVIO	688815815.0	688815678.0	56.0	81.0	1627.0	0.08780487804878048	0.5912408759124088	0.999997637980364	0.952576112412178	0.04742388758782201	0.04742388758782201	HG003	hg38_m_giabHC	-1	-2	sentmm2	sentdpb
Pb-HG003-10x-5-D0-PF-PACBIO-REVIO-sentmm2-sentdpb-Indel_50	Indel_50	Pb-HG003-10x-5-D0-PF-PACBIO-REVIO	688815815.0	688804698.0	213.0	10904.0	70922.0	0.23463843430920026	0.9808401547179995	0.9998970467266646	0.8667416224671864	0.13325837753281355	0.13325837753281353	HG003	hg38_m_giabHC	-1	-2	sentmm2	sentdpb
Pb-HG003-10x-5-D0-PF-PACBIO-REVIO-sentmm2-sentdpb-Indel_gt50	Indel_gt50	Pb-HG003-10x-5-D0-PF-PACBIO-REVIO	688815815.0	688814701.0	37.0	1077.0	3067.0	0.40966146823887417	0.966786355475763	0.9999955474435439	0.7401061776061776	0.2598938223938224	0.2598938223938224	HG003	hg38_m_giabHC	-1	-2	sentmm2	sentdpb
Pb-HG003-10x-5-D0-PF-PACBIO-REVIO-sentmm2-sentdpb-All	All	Pb-HG003-10x-5-D0-PF-PACBIO-REVIO	688815815.0	688647752.0	7416.0	160647.0	1220344.0	0.2074130404750254	0.9558736902233091	0.9982310473450275	0.8836726669471415	0.11632733305285847	0.11632733305285842	HG003	hg38_m_giabHC	-1	-2	sentmm2	sentdpb
Pb-HG003-10x-5-D0-PF-PACBIO-REVIO-sentmm2-sentdpb-SNPts	SNPts	Pb-HG003-10x-5-D0-PF-PACBIO-REVIO	2528531102.0	2526276349.0	29130.0	2225623.0	3583.0	0.9927044381984759	0.9870806247957093	0.999998581709036	0.0016072987422427536	0.9983927012577573	0.9983927012577573	HG003	giabHC	-1	-2	sentmm2	sentdpb
Pb-HG003-10x-5-D0-PF-PACBIO-REVIO-sentmm2-sentdpb-SNPtv	SNPtv	Pb-HG003-10x-5-D0-PF-PACBIO-REVIO	2528531102.0	2527459374.0	15532.0	1056196.0	2591.0	0.9914936060060595	0.9855075168326292	0.9999989748609333	0.0024471399818849307	0.997552860018115	0.997552860018115	HG003	giabHC	-1	-2	sentmm2	sentdpb
Pb-HG003-10x-5-D0-PF-PACBIO-REVIO-sentmm2-sentdpb-INS_50	INS_50	Pb-HG003-10x-5-D0-PF-PACBIO-REVIO	2528531102.0	2528309836.0	8536.0	212730.0	14934.0	0.9477201345421337	0.9614219988610994	0.999994093322117	0.06559666877503689	0.9344033312249631	0.9344033312249631	HG003	giabHC	-1	-2	sentmm2	sentdpb
Pb-HG003-10x-5-D0-PF-PACBIO-REVIO-sentmm2-sentdpb-INS_gt50	INS_gt50	Pb-HG003-10x-5-D0-PF-PACBIO-REVIO	2528531102.0	2528531101.0	0.0	1.0	1.0	0.6666666666666666	1.0	0.9999999996045135	0.5	0.5	0.5	HG003	giabHC	-1	-2	sentmm2	sentdpb
Pb-HG003-10x-5-D0-PF-PACBIO-REVIO-sentmm2-sentdpb-DEL_50	DEL_50	Pb-HG003-10x-5-D0-PF-PACBIO-REVIO	2528531102.0	2528296639.0	8801.0	225662.0	7591.0	0.9649530911920908	0.9624631604986714	0.9999969975923348	0.03254406159835029	0.9674559384016497	0.9674559384016497	HG003	giabHC	-1	-2	sentmm2	sentdpb
Pb-HG003-10x-5-D0-PF-PACBIO-REVIO-sentmm2-sentdpb-DEL_gt50	DEL_gt50	Pb-HG003-10x-5-D0-PF-PACBIO-REVIO	2528531102.0	2528531102.0	0.0	0.0	1.0			0.9999999996045135	1.0	0.0	0.0	HG003	giabHC	-1	-2	sentmm2	sentdpb
Pb-HG003-10x-5-D0-PF-PACBIO-REVIO-sentmm2-sentdpb-Indel_50	Indel_50	Pb-HG003-10x-5-D0-PF-PACBIO-REVIO	2528531102.0	2528482881.0	317.0	47904.0	1264.0	0.9837661337522717	0.9934261006615375	0.9999995000957382	0.02570777741620566	0.9742922225837943	0.9742922225837943	HG003	giabHC	-1	-2	sentmm2	sentdpb
Pb-HG003-10x-5-D0-PF-PACBIO-REVIO-sentmm2-sentdpb-Indel_gt50	Indel_gt50	Pb-HG003-10x-5-D0-PF-PACBIO-REVIO	2528531102.0	2528530648.0	2.0	452.0	2.0	0.9955947136563876	0.9955947136563876	0.9999999992090268	0.004405286343612335	0.9955947136563876	0.9955947136563876	HG003	giabHC	-1	-2	sentmm2	sentdpb
Pb-HG003-10x-5-D0-PF-PACBIO-REVIO-sentmm2-sentdpb-All	All	Pb-HG003-10x-5-D0-PF-PACBIO-REVIO	2528531102.0	2524700216.0	62318.0	3768568.0	29967.0	0.9879040624445813	0.9837327448532793	0.9999881306128465	0.007889094084956437	0.9921109059150436	0.9921109059150436	HG003	giabHC	-1	-2	sentmm2	sentdpb
Pb-HG003-15x-6-D0-PF-PACBIO-REVIO-sentmm2-sentdpb-SNPts	SNPts	Pb-HG003-15x-6-D0-PF-PACBIO-REVIO	337668665.0	337403131.0	1619.0	263915.0	369.0	0.996247768101499	0.9939028523654221	0.9999989063539649	0.0013962252728125803	0.9986037747271874	0.9986037747271874	HG003	giabHC_x_clinvar_genes	-1	-2	sentmm2	sentdpb
Pb-HG003-15x-6-D0-PF-PACBIO-REVIO-sentmm2-sentdpb-SNPtv	SNPtv	Pb-HG003-15x-6-D0-PF-PACBIO-REVIO	337668665.0	337548432.0	832.0	119401.0	252.0	0.9954811868971096	0.9930801028003959	0.9999992534410236	0.002106090110569731	0.9978939098894303	0.9978939098894303	HG003	giabHC_x_clinvar_genes	-1	-2	sentmm2	sentdpb
Pb-HG003-15x-6-D0-PF-PACBIO-REVIO-sentmm2-sentdpb-INS_50	INS_50	Pb-HG003-15x-6-D0-PF-PACBIO-REVIO	337668665.0	337643181.0	419.0	25065.0	1231.0	0.9681344148319814	0.983558311097159	0.9999963541526048	0.04681320352905385	0.9531867964709462	0.9531867964709462	HG003	giabHC_x_clinvar_genes	-1	-2	sentmm2	sentdpb
Pb-HG003-15x-6-D0-PF-PACBIO-REVIO-sentmm2-sentdpb-INS_gt50	INS_gt50	Pb-HG003-15x-6-D0-PF-PACBIO-REVIO	337668665.0	337668665.0	0.0	0.0	0.0			1.0				HG003	giabHC_x_clinvar_genes	-1	-2	sentmm2	sentdpb
Pb-HG003-15x-6-D0-PF-PACBIO-REVIO-sentmm2-sentdpb-DEL_50	DEL_50	Pb-HG003-15x-6-D0-PF-PACBIO-REVIO	337668665.0	337641660.0	456.0	26549.0	383.0	0.9844448152474182	0.9831142381040548	0.9999988656625917	0.014221001039655429	0.9857789989603446	0.9857789989603446	HG003	giabHC_x_clinvar_genes	-1	-2	sentmm2	sentdpb
Pb-HG003-15x-6-D0-PF-PACBIO-REVIO-sentmm2-sentdpb-DEL_gt50	DEL_gt50	Pb-HG003-15x-6-D0-PF-PACBIO-REVIO	337668665.0	337668665.0	0.0	0.0	0.0			1.0				HG003	giabHC_x_clinvar_genes	-1	-2	sentmm2	sentdpb
Pb-HG003-15x-6-D0-PF-PACBIO-REVIO-sentmm2-sentdpb-Indel_50	Indel_50	Pb-HG003-15x-6-D0-PF-PACBIO-REVIO	337668665.0	337663715.0	10.0	4940.0	73.0	0.9916691759510188	0.997979797979798	0.9999997838086209	0.014562138440055855	0.9854378615599442	0.9854378615599442	HG003	giabHC_x_clinvar_genes	-1	-2	sentmm2	sentdpb
Pb-HG003-15x-6-D0-PF-PACBIO-REVIO-sentmm2-sentdpb-Indel_gt50	Indel_gt50	Pb-HG003-15x-6-D0-PF-PACBIO-REVIO	337668665.0	337668618.0	0.0	47.0	0.0	1.0	1.0	1.0	0.0	1.0	1.0	HG003	giabHC_x_clinvar_genes	-1	-2	sentmm2	sentdpb
Pb-HG003-15x-6-D0-PF-PACBIO-REVIO-sentmm2-sentdpb-All	All	Pb-HG003-15x-6-D0-PF-PACBIO-REVIO	337668665.0	337225412.0	3336.0	439917.0	2308.0	0.9936260415278527	0.9924738242042355	0.9999931559600141	0.00521906269432981	0.9947809373056702	0.9947809373056702	HG003	giabHC_x_clinvar_genes	-1	-2	sentmm2	sentdpb
Pb-HG003-15x-6-D0-PF-PACBIO-REVIO-sentmm2-sentdpb-SNPts	SNPts	Pb-HG003-15x-6-D0-PF-PACBIO-REVIO	688815815.0	688748108.0	1257.0	66450.0	469781.0	0.22005570108189912	0.9814347113297001	0.9993183853647769	0.8760795254284068	0.12392047457159316	0.1239204745715932	HG003	hg38_m_giabHC	-1	-2	sentmm2	sentdpb
Pb-HG003-15x-6-D0-PF-PACBIO-REVIO-sentmm2-sentdpb-SNPtv	SNPtv	Pb-HG003-15x-6-D0-PF-PACBIO-REVIO	688815815.0	688780881.0	761.0	34173.0	375307.0	0.1537890345488666	0.9782160645789203	0.99945541082481	0.9165453746214711	0.08345462537852888	0.08345462537852887	HG003	hg38_m_giabHC	-1	-2	sentmm2	sentdpb
Pb-HG003-15x-6-D0-PF-PACBIO-REVIO-sentmm2-sentdpb-INS_50	INS_50	Pb-HG003-15x-6-D0-PF-PACBIO-REVIO	688815815.0	688789696.0	965.0	25154.0	181241.0	0.2163654661654782	0.9630537156858991	0.9997369395568568	0.8781268926088326	0.12187310739116741	0.12187310739116743	HG003	hg38_m_giabHC	-1	-2	sentmm2	sentdpb
Pb-HG003-15x-6-D0-PF-PACBIO-REVIO-sentmm2-sentdpb-INS_gt50	INS_gt50	Pb-HG003-15x-6-D0-PF-PACBIO-REVIO	688815815.0	688815585.0	119.0	111.0	2779.0	0.07115384615384615	0.4826086956521739	0.9999959655547163	0.9615916955017301	0.03840830449826993	0.038408304498269895	HG003	hg38_m_giabHC	-1	-2	sentmm2	sentdpb
Pb-HG003-15x-6-D0-PF-PACBIO-REVIO-sentmm2-sentdpb-DEL_50	DEL_50	Pb-HG003-15x-6-D0-PF-PACBIO-REVIO	688815815.0	688789577.0	1047.0	25191.0	170754.0	0.2267590229675538	0.9600960439057855	0.9997521569932014	0.8714384138406185	0.1285615861593815	0.12856158615938146	HG003	hg38_m_giabHC	-1	-2	sentmm2	sentdpb
Pb-HG003-15x-6-D0-PF-PACBIO-REVIO-sentmm2-sentdpb-DEL_gt50	DEL_gt50	Pb-HG003-15x-6-D0-PF-PACBIO-REVIO	688815815.0	688815678.0	54.0	83.0	1702.0	0.08636836628511967	0.6058394160583942	0.9999975290983512	0.9535014005602241	0.046498599439775856	0.04649859943977591	HG003	hg38_m_giabHC	-1	-2	sentmm2	sentdpb
Pb-HG003-15x-6-D0-PF-PACBIO-REVIO-sentmm2-sentdpb-Indel_50	Indel_50	Pb-HG003-15x-6-D0-PF-PACBIO-REVIO	688815815.0	688804320.0	109.0	11386.0	72242.0	0.23939530923120592	0.990517616354937	0.9998951307041275	0.863849428421103	0.13615057157889698	0.136150571578897	HG003	hg38_m_giabHC	-1	-2	sentmm2	sentdpb
Pb-HG003-15x-6-D0-PF-PACBIO-REVIO-sentmm2-sentdpb-Indel_gt50	Indel_gt50	Pb-HG003-15x-6-D0-PF-PACBIO-REVIO	688815815.0	688814628.0	37.0	1150.0	3357.0	0.40393396557780115	0.9688289806234204	0.9999951264338721	0.7448413578877302	0.2551586421122698	0.2551586421122698	HG003	hg38_m_giabHC	-1	-2	sentmm2	sentdpb
Pb-HG003-15x-6-D0-PF-PACBIO-REVIO-sentmm2-sentdpb-All	All	Pb-HG003-15x-6-D0-PF-PACBIO-REVIO	688815815.0	688647768.0	4349.0	163698.0	1277163.0	0.20348957180895366	0.9741203353823633	0.9981488377320286	0.8863887633852259	0.11361123661477412	0.11361123661477408	HG003	hg38_m_giabHC	-1	-2	sentmm2	sentdpb
Pb-HG003-15x-6-D0-PF-PACBIO-REVIO-sentmm2-sentdpb-SNPts	SNPts	Pb-HG003-15x-6-D0-PF-PACBIO-REVIO	2505355380.0	2503152277.0	8588.0	2194515.0	2186.0	0.9975512545558848	0.9961018617831304	0.9999991267019146	0.000995128604211497	0.9990048713957885	0.9990048713957885	HG003	giabHC_x_ultima	-1	-2	sentmm2	sentdpb
Pb-HG003-15x-6-D0-PF-PACBIO-REVIO-sentmm2-sentdpb-SNPtv	SNPtv	Pb-HG003-15x-6-D0-PF-PACBIO-REVIO	2505355380.0	2504320970.0	4814.0	1029596.0	1665.0	0.9968634889098991	0.9953461393451339	0.9999993351495623	0.00161452823291097	0.998385471767089	0.998385471767089	HG003	giabHC_x_ultima	-1	-2	sentmm2	sentdpb
Pb-HG003-15x-6-D0-PF-PACBIO-REVIO-sentmm2-sentdpb-INS_50	INS_50	Pb-HG003-15x-6-D0-PF-PACBIO-REVIO	2505355380.0	2505203953.0	1022.0	150405.0	2403.0	0.9887422551645932	0.9932508733581198	0.9999990407975797	0.015725616459871212	0.9842743835401287	0.9842743835401287	HG003	giabHC_x_ultima	-1	-2	sentmm2	sentdpb
Pb-HG003-15x-6-D0-PF-PACBIO-REVIO-sentmm2-sentdpb-INS_gt50	INS_gt50	Pb-HG003-15x-6-D0-PF-PACBIO-REVIO	2505355380.0	2505355380.0	0.0	0.0	0.0			1.0				HG003	giabHC_x_ultima	-1	-2	sentmm2	sentdpb
Pb-HG003-15x-6-D0-PF-PACBIO-REVIO-sentmm2-sentdpb-DEL_50	DEL_50	Pb-HG003-15x-6-D0-PF-PACBIO-REVIO	2505355380.0	2505192549.0	1177.0	161654.0	669.0	0.9943226901714265	0.9927716466766157	0.9999997329547298	0.0041214122459540545	0.9958785877540459	0.9958785877540459	HG003	giabHC_x_ultima	-1	-2	sentmm2	sentdpb
Pb-HG003-15x-6-D0-PF-PACBIO-REVIO-sentmm2-sentdpb-DEL_gt50	DEL_gt50	Pb-HG003-15x-6-D0-PF-PACBIO-REVIO	2505355380.0	2505355380.0	0.0	0.0	0.0			1.0				HG003	giabHC_x_ultima	-1	-2	sentmm2	sentdpb
Pb-HG003-15x-6-D0-PF-PACBIO-REVIO-sentmm2-sentdpb-Indel_50	Indel_50	Pb-HG003-15x-6-D0-PF-PACBIO-REVIO	2505355380.0	2505336602.0	8.0	18770.0	138.0	0.9961258822905058	0.999573969538822	0.9999999449175843	0.007298497990268669	0.9927015020097313	0.9927015020097313	HG003	giabHC_x_ultima	-1	-2	sentmm2	sentdpb
Pb-HG003-15x-6-D0-PF-PACBIO-REVIO-sentmm2-sentdpb-Indel_gt50	Indel_gt50	Pb-HG003-15x-6-D0-PF-PACBIO-REVIO	2505355380.0	2505355009.0	0.0	371.0	0.0	1.0	1.0	1.0	0.0	1.0	1.0	HG003	giabHC_x_ultima	-1	-2	sentmm2	sentdpb
Pb-HG003-15x-6-D0-PF-PACBIO-REVIO-sentmm2-sentdpb-All	All	Pb-HG003-15x-6-D0-PF-PACBIO-REVIO	2505355380.0	2501784460.0	15609.0	3555311.0	7061.0	0.9968219442019196	0.9956288575493151	0.9999971776225394	0.0019821063044510793	0.9980178936955489	0.9980178936955489	HG003	giabHC_x_ultima	-1	-2	sentmm2	sentdpb
Pb-HG003-15x-6-D0-PF-PACBIO-REVIO-sentmm2-sentdpb-SNPts	SNPts	Pb-HG003-15x-6-D0-PF-PACBIO-REVIO	2799325643.0	2797071519.0	9052.0	2245072.0	181718.0	0.9592451388767237	0.9959842493137023	0.9999350369864278	0.07487998549524269	0.9251200145047573	0.9251200145047573	HG003	ultima	-1	-2	sentmm2	sentdpb
Pb-HG003-15x-6-D0-PF-PACBIO-REVIO-sentmm2-sentdpb-SNPtv	SNPtv	Pb-HG003-15x-6-D0-PF-PACBIO-REVIO	2799325643.0	2798266944.0	5122.0	1053577.0	108480.0	0.9488453481607164	0.9951619865514183	0.9999612346509801	0.09335170305759528	0.9066482969424047	0.9066482969424047	HG003	ultima	-1	-2	sentmm2	sentdpb
Pb-HG003-15x-6-D0-PF-PACBIO-REVIO-sentmm2-sentdpb-INS_50	INS_50	Pb-HG003-15x-6-D0-PF-PACBIO-REVIO	2799325643.0	2799163981.0	1188.0	160474.0	32381.0	0.905310605697329	0.992651334265319	0.9999884320369805	0.16790334707422674	0.8320966529257733	0.8320966529257733	HG003	ultima	-1	-2	sentmm2	sentdpb
Pb-HG003-15x-6-D0-PF-PACBIO-REVIO-sentmm2-sentdpb-INS_gt50	INS_gt50	Pb-HG003-15x-6-D0-PF-PACBIO-REVIO	2799325643.0	2799325546.0	50.0	47.0	493.0	0.14756671899529042	0.4845360824742268	0.9999998238861808	0.912962962962963	0.08703703703703702	0.08703703703703704	HG003	ultima	-1	-2	sentmm2	sentdpb
Pb-HG003-15x-6-D0-PF-PACBIO-REVIO-sentmm2-sentdpb-DEL_50	DEL_50	Pb-HG003-15x-6-D0-PF-PACBIO-REVIO	2799325643.0	2799150999.0	1466.0	173178.0	37891.0	0.8979629932099774	0.9916057809028652	0.9999864635787404	0.17951949362530736	0.8204805063746926	0.8204805063746926	HG003	ultima	-1	-2	sentmm2	sentdpb
Pb-HG003-15x-6-D0-PF-PACBIO-REVIO-sentmm2-sentdpb-DEL_gt50	DEL_gt50	Pb-HG003-15x-6-D0-PF-PACBIO-REVIO	2799325643.0	2799325554.0	40.0	49.0	532.0	0.14626865671641792	0.550561797752809	0.9999998099542591	0.9156626506024096	0.08433734939759041	0.08433734939759036	HG003	ultima	-1	-2	sentmm2	sentdpb
Pb-HG003-15x-6-D0-PF-PACBIO-REVIO-sentmm2-sentdpb-Indel_50	Indel_50	Pb-HG003-15x-6-D0-PF-PACBIO-REVIO	2799325643.0	2799303027.0	16.0	22600.0	5034.0	0.8995024875621891	0.9992925362575168	0.999998201698459	0.1821668958529348	0.8178331041470652	0.8178331041470652	HG003	ultima	-1	-2	sentmm2	sentdpb
Pb-HG003-15x-6-D0-PF-PACBIO-REVIO-sentmm2-sentdpb-Indel_gt50	Indel_gt50	Pb-HG003-15x-6-D0-PF-PACBIO-REVIO	2799325643.0	2799324711.0	11.0	921.0	490.0	0.7861715749039693	0.9881974248927039	0.9999998249578149	0.34727143869596033	0.6527285613040397	0.6527285613040397	HG003	ultima	-1	-2	sentmm2	sentdpb
Pb-HG003-15x-6-D0-PF-PACBIO-REVIO-sentmm2-sentdpb-All	All	Pb-HG003-15x-6-D0-PF-PACBIO-REVIO	2799325643.0	2795652780.0	16945.0	3655918.0	367019.0	0.9501073312716025	0.9953864328726664	0.9998687351927439	0.09123160516806503	0.908768394831935	0.908768394831935	HG003	ultima	-1	-2	sentmm2	sentdpb
Pb-HG003-15x-6-D0-PF-PACBIO-REVIO-sentmm2-sentdpb-SNPts	SNPts	Pb-HG003-15x-6-D0-PF-PACBIO-REVIO	332544085.0	332287258.0	1392.0	255435.0	248.0	0.9968000624378061	0.9945800091111916	0.9999992536583665	0.000969951072226155	0.9990300489277738	0.9990300489277738	HG003	giabHC_x_ultima_x_clinvar	-1	-2	sentmm2	sentdpb
Pb-HG003-15x-6-D0-PF-PACBIO-REVIO-sentmm2-sentdpb-SNPtv	SNPtv	Pb-HG003-15x-6-D0-PF-PACBIO-REVIO	332544085.0	332429482.0	674.0	113929.0	186.0	0.9962399111569706	0.994118827604862	0.999999440483152	0.001629934714980502	0.9983700652850195	0.9983700652850195	HG003	giabHC_x_ultima_x_clinvar	-1	-2	sentmm2	sentdpb
Pb-HG003-15x-6-D0-PF-PACBIO-REVIO-sentmm2-sentdpb-INS_50	INS_50	Pb-HG003-15x-6-D0-PF-PACBIO-REVIO	332544085.0	332526830.0	156.0	17099.0	306.0	0.9866705135603001	0.9909591422776007	0.9999990797743497	0.01758115484056306	0.9824188451594369	0.9824188451594369	HG003	giabHC_x_ultima_x_clinvar	-1	-2	sentmm2	sentdpb
Pb-HG003-15x-6-D0-PF-PACBIO-REVIO-sentmm2-sentdpb-INS_gt50	INS_gt50	Pb-HG003-15x-6-D0-PF-PACBIO-REVIO	332544085.0	332544085.0	0.0	0.0	0.0			1.0				HG003	giabHC_x_ultima_x_clinvar	-1	-2	sentmm2	sentdpb
Pb-HG003-15x-6-D0-PF-PACBIO-REVIO-sentmm2-sentdpb-DEL_50	DEL_50	Pb-HG003-15x-6-D0-PF-PACBIO-REVIO	332544085.0	332525438.0	173.0	18474.0	85.0	0.9930656345750685	0.9907223682093634	0.9999997443805239	0.004579988145913034	0.995420011854087	0.995420011854087	HG003	giabHC_x_ultima_x_clinvar	-1	-2	sentmm2	sentdpb
Pb-HG003-15x-6-D0-PF-PACBIO-REVIO-sentmm2-sentdpb-DEL_gt50	DEL_gt50	Pb-HG003-15x-6-D0-PF-PACBIO-REVIO	332544085.0	332544085.0	0.0	0.0	0.0			1.0				HG003	giabHC_x_ultima_x_clinvar	-1	-2	sentmm2	sentdpb
Pb-HG003-15x-6-D0-PF-PACBIO-REVIO-sentmm2-sentdpb-Indel_50	Indel_50	Pb-HG003-15x-6-D0-PF-PACBIO-REVIO	332544085.0	332542255.0	1.0	1829.0	19.0	0.9945622620989668	0.9994535519125683	0.9999999428644071	0.010281385281385282	0.9897186147186147	0.9897186147186147	HG003	giabHC_x_ultima_x_clinvar	-1	-2	sentmm2	sentdpb
Pb-HG003-15x-6-D0-PF-PACBIO-REVIO-sentmm2-sentdpb-Indel_gt50	Indel_gt50	Pb-HG003-15x-6-D0-PF-PACBIO-REVIO	332544085.0	332544054.0	0.0	31.0	0.0	1.0	1.0	1.0	0.0	1.0	1.0	HG003	giabHC_x_ultima_x_clinvar	-1	-2	sentmm2	sentdpb
Pb-HG003-15x-6-D0-PF-PACBIO-REVIO-sentmm2-sentdpb-All	All	Pb-HG003-15x-6-D0-PF-PACBIO-REVIO	332544085.0	332134892.0	2396.0	406797.0	844.0	0.9960334657959878	0.9941445723656074	0.9999974588702494	0.002070449243329302	0.9979295507566707	0.9979295507566707	HG003	giabHC_x_ultima_x_clinvar	-1	-2	sentmm2	sentdpb
Pb-HG003-15x-6-D0-PF-PACBIO-REVIO-sentmm2-sentdpb-SNPts	SNPts	Pb-HG003-15x-6-D0-PF-PACBIO-REVIO	3088286401.0	3085964045.0	11057.0	2311299.0	472667.0	0.9052695854276327	0.9952388867167652	0.9998468567334745	0.16978188670407612	0.8302181132959239	0.8302181132959239	HG003	hg38	-1	-2	sentmm2	sentdpb
Pb-HG003-15x-6-D0-PF-PACBIO-REVIO-sentmm2-sentdpb-SNPtv	SNPtv	Pb-HG003-15x-6-D0-PF-PACBIO-REVIO	3088286401.0	3087179877.0	6409.0	1100115.0	377354.0	0.8514845047954851	0.9942079882587274	0.9998777823464416	0.2554056971753722	0.7445943028246278	0.7445943028246278	HG003	hg38	-1	-2	sentmm2	sentdpb
Pb-HG003-15x-6-D0-PF-PACBIO-REVIO-sentmm2-sentdpb-INS_50	INS_50	Pb-HG003-15x-6-D0-PF-PACBIO-REVIO	3088286401.0	3088038829.0	4064.0	243508.0	190516.0	0.714522972552656	0.9835845733766339	0.9999383089859215	0.43895268464416715	0.5610473153558329	0.5610473153558329	HG003	hg38	-1	-2	sentmm2	sentdpb
Pb-HG003-15x-6-D0-PF-PACBIO-REVIO-sentmm2-sentdpb-INS_gt50	INS_gt50	Pb-HG003-15x-6-D0-PF-PACBIO-REVIO	3088286401.0	3088286170.0	119.0	112.0	2780.0	0.07172590457893052	0.48484848484848486	0.9999990998251637	0.9612724757952974	0.0387275242047026	0.03872752420470263	HG003	hg38	-1	-2	sentmm2	sentdpb
Pb-HG003-15x-6-D0-PF-PACBIO-REVIO-sentmm2-sentdpb-DEL_50	DEL_50	Pb-HG003-15x-6-D0-PF-PACBIO-REVIO	3088286401.0	3088025558.0	4399.0	256444.0	173695.0	0.7422595668193962	0.983135449293253	0.99994375524836	0.4038113261062122	0.5961886738937878	0.5961886738937878	HG003	hg38	-1	-2	sentmm2	sentdpb
Pb-HG003-15x-6-D0-PF-PACBIO-REVIO-sentmm2-sentdpb-DEL_gt50	DEL_gt50	Pb-HG003-15x-6-D0-PF-PACBIO-REVIO	3088286401.0	3088286264.0	54.0	83.0	1702.0	0.08636836628511967	0.6058394160583942	0.9999994488855901	0.9535014005602241	0.046498599439775856	0.04649859943977591	HG003	hg38	-1	-2	sentmm2	sentdpb
Pb-HG003-15x-6-D0-PF-PACBIO-REVIO-sentmm2-sentdpb-Indel_50	Indel_50	Pb-HG003-15x-6-D0-PF-PACBIO-REVIO	3088286401.0	3088227052.0	211.0	59138.0	72793.0	0.6183396068590549	0.9964447589681377	0.99997642942601	0.5517505362651689	0.4482494637348311	0.4482494637348311	HG003	hg38	-1	-2	sentmm2	sentdpb
Pb-HG003-15x-6-D0-PF-PACBIO-REVIO-sentmm2-sentdpb-Indel_gt50	Indel_gt50	Pb-HG003-15x-6-D0-PF-PACBIO-REVIO	3088286401.0	3088284727.0	38.0	1636.0	3358.0	0.49070185962807433	0.977299880525687	0.9999989126662061	0.6724068882659191	0.3275931117340809	0.3275931117340809	HG003	hg38	-1	-2	sentmm2	sentdpb
Pb-HG003-15x-6-D0-PF-PACBIO-REVIO-sentmm2-sentdpb-All	All	Pb-HG003-15x-6-D0-PF-PACBIO-REVIO	3088286401.0	3084287715.0	26351.0	3972335.0	1294865.0	0.8574107214355972	0.9934100852129925	0.9995803499123981	0.24583554829890644	0.7541644517010936	0.7541644517010936	HG003	hg38	-1	-2	sentmm2	sentdpb
Pb-HG003-15x-6-D0-PF-PACBIO-REVIO-sentmm2-sentdpb-SNPts	SNPts	Pb-HG003-15x-6-D0-PF-PACBIO-REVIO	2528531102.0	2526276417.0	9800.0	2244885.0	2886.0	0.9971824266578063	0.9956534948340899	0.9999988576085009	0.0012839386218613906	0.9987160613781386	0.9987160613781386	HG003	giabHC	-1	-2	sentmm2	sentdpb
Pb-HG003-15x-6-D0-PF-PACBIO-REVIO-sentmm2-sentdpb-SNPtv	SNPtv	Pb-HG003-15x-6-D0-PF-PACBIO-REVIO	2528531102.0	2527459498.0	5648.0	1065956.0	2047.0	0.9964035451370274	0.9947293963068446	0.9999991900964808	0.0019166612827866587	0.9980833387172133	0.9980833387172133	HG003	giabHC	-1	-2	sentmm2	sentdpb
Pb-HG003-15x-6-D0-PF-PACBIO-REVIO-sentmm2-sentdpb-INS_50	INS_50	Pb-HG003-15x-6-D0-PF-PACBIO-REVIO	2528531102.0	2528309724.0	3099.0	218279.0	9274.0	0.9724389716905272	0.9860013190109225	0.999996331950198	0.04075534051407804	0.959244659485922	0.959244659485922	HG003	giabHC	-1	-2	sentmm2	sentdpb
Pb-HG003-15x-6-D0-PF-PACBIO-REVIO-sentmm2-sentdpb-INS_gt50	INS_gt50	Pb-HG003-15x-6-D0-PF-PACBIO-REVIO	2528531102.0	2528531101.0	0.0	1.0	1.0	0.6666666666666666	1.0	0.9999999996045135	0.5	0.5	0.5	HG003	giabHC	-1	-2	sentmm2	sentdpb
Pb-HG003-15x-6-D0-PF-PACBIO-REVIO-sentmm2-sentdpb-DEL_50	DEL_50	Pb-HG003-15x-6-D0-PF-PACBIO-REVIO	2528531102.0	2528296296.0	3356.0	231450.0	2947.0	0.986566582055102	0.9857073498973621	0.9999988343943036	0.012572686510492882	0.9874273134895071	0.9874273134895071	HG003	giabHC	-1	-2	sentmm2	sentdpb
Pb-HG003-15x-6-D0-PF-PACBIO-REVIO-sentmm2-sentdpb-DEL_gt50	DEL_gt50	Pb-HG003-15x-6-D0-PF-PACBIO-REVIO	2528531102.0	2528531102.0	0.0	0.0	0.0			1.0				HG003	giabHC	-1	-2	sentmm2	sentdpb
Pb-HG003-15x-6-D0-PF-PACBIO-REVIO-sentmm2-sentdpb-Indel_50	Indel_50	Pb-HG003-15x-6-D0-PF-PACBIO-REVIO	2528531102.0	2528483247.0	103.0	47752.0	551.0	0.9931986938164272	0.9978476648208129	0.9999997820828433	0.011407158975632983	0.9885928410243671	0.9885928410243671	HG003	giabHC	-1	-2	sentmm2	sentdpb
Pb-HG003-15x-6-D0-PF-PACBIO-REVIO-sentmm2-sentdpb-Indel_gt50	Indel_gt50	Pb-HG003-15x-6-D0-PF-PACBIO-REVIO	2528531102.0	2528530614.0	2.0	486.0	1.0	0.9969230769230769	0.9959016393442623	0.9999999996045134	0.002053388090349076	0.997946611909651	0.997946611909651	HG003	giabHC	-1	-2	sentmm2	sentdpb
Pb-HG003-15x-6-D0-PF-PACBIO-REVIO-sentmm2-sentdpb-All	All	Pb-HG003-15x-6-D0-PF-PACBIO-REVIO	2528531102.0	2524700285.0	22008.0	3808809.0	17707.0	0.9948134683446573	0.9942550113983518	0.9999929865434254	0.004627447004010959	0.995372552995989	0.995372552995989	HG003	giabHC	-1	-2	sentmm2	sentdpb
Pb-HG003-15x-6-D0-PF-PACBIO-REVIO-sentmm2-sentdpb-SNPts	SNPts	Pb-HG003-15x-6-D0-PF-PACBIO-REVIO	377862616.0	377589416.0	1850.0	271350.0	46968.0	0.9174699671015929	0.9932284040995608	0.9998756263909147	0.14755056264490227	0.8524494373550977	0.8524494373550977	HG003	clinvar_genes	-1	-2	sentmm2	sentdpb
Pb-HG003-15x-6-D0-PF-PACBIO-REVIO-sentmm2-sentdpb-SNPtv	SNPtv	Pb-HG003-15x-6-D0-PF-PACBIO-REVIO	377862616.0	377738329.0	965.0	123322.0	28220.0	0.8941916912289861	0.9922357125041236	0.9999252977796084	0.18621900199284686	0.8137809980071531	0.8137809980071531	HG003	clinvar_genes	-1	-2	sentmm2	sentdpb
Pb-HG003-15x-6-D0-PF-PACBIO-REVIO-sentmm2-sentdpb-INS_50	INS_50	Pb-HG003-15x-6-D0-PF-PACBIO-REVIO	377862616.0	377834382.0	522.0	27712.0	20346.0	0.7264719760918575	0.9815116526174116	0.9999461539091817	0.4233634358483499	0.5766365641516501	0.5766365641516501	HG003	clinvar_genes	-1	-2	sentmm2	sentdpb
Pb-HG003-15x-6-D0-PF-PACBIO-REVIO-sentmm2-sentdpb-INS_gt50	INS_gt50	Pb-HG003-15x-6-D0-PF-PACBIO-REVIO	377862616.0	377862586.0	13.0	17.0	353.0	0.085	0.5666666666666667	0.9999990657988292	0.9540540540540541	0.04594594594594592	0.04594594594594595	HG003	clinvar_genes	-1	-2	sentmm2	sentdpb
Pb-HG003-15x-6-D0-PF-PACBIO-REVIO-sentmm2-sentdpb-DEL_50	DEL_50	Pb-HG003-15x-6-D0-PF-PACBIO-REVIO	377862616.0	377832840.0	599.0	29177.0	17913.0	0.7591653006530847	0.9798831273508867	0.9999525923930076	0.380399235506477	0.6196007644935231	0.6196007644935231	HG003	clinvar_genes	-1	-2	sentmm2	sentdpb
Pb-HG003-15x-6-D0-PF-PACBIO-REVIO-sentmm2-sentdpb-DEL_gt50	DEL_gt50	Pb-HG003-15x-6-D0-PF-PACBIO-REVIO	377862616.0	377862598.0	9.0	9.0	214.0	0.07468879668049792	0.5	0.9999994336568903	0.9596412556053812	0.04035874439461884	0.04035874439461883	HG003	clinvar_genes	-1	-2	sentmm2	sentdpb
Pb-HG003-15x-6-D0-PF-PACBIO-REVIO-sentmm2-sentdpb-Indel_50	Indel_50	Pb-HG003-15x-6-D0-PF-PACBIO-REVIO	377862616.0	377856565.0	30.0	6021.0	7370.0	0.619380722147927	0.9950421417947447	0.9999804956247015	0.5503696512583078	0.44963034874169217	0.44963034874169217	HG003	clinvar_genes	-1	-2	sentmm2	sentdpb
Pb-HG003-15x-6-D0-PF-PACBIO-REVIO-sentmm2-sentdpb-Indel_gt50	Indel_gt50	Pb-HG003-15x-6-D0-PF-PACBIO-REVIO	377862616.0	377862450.0	5.0	161.0	338.0	0.4842105263157894	0.9698795180722891	0.9999991054954054	0.6773547094188377	0.3226452905811623	0.3226452905811623	HG003	clinvar_genes	-1	-2	sentmm2	sentdpb
Pb-HG003-15x-6-D0-PF-PACBIO-REVIO-sentmm2-sentdpb-All	All	Pb-HG003-15x-6-D0-PF-PACBIO-REVIO	377862616.0	377400854.0	3993.0	457769.0	121722.0	0.8792656539765071	0.9913526881813575	0.9996775768980767	0.21004985409609467	0.7899501459039053	0.7899501459039053	HG003	clinvar_genes	-1	-2	sentmm2	sentdpb
Pb-HG003-1x-1-D0-PF-PACBIO-REVIO-sentmm2-sentdpb-SNPts	SNPts	Pb-HG003-1x-1-D0-PF-PACBIO-REVIO	2505355380.0	2503152284.0	1146563.0	1056533.0	3834.0	0.6474919433742623	0.47956739061756726	0.9999984683336479	0.00361572927109199	0.996384270728908	0.996384270728908	HG003	giabHC_x_ultima	-1	-2	sentmm2	sentdpb
Pb-HG003-1x-1-D0-PF-PACBIO-REVIO-sentmm2-sentdpb-SNPtv	SNPtv	Pb-HG003-1x-1-D0-PF-PACBIO-REVIO	2505355380.0	2504320895.0	539757.0	494728.0	6365.0	0.6443541129138344	0.4782360304886006	0.9999974583992669	0.012702232918839417	0.9872977670811606	0.9872977670811606	HG003	giabHC_x_ultima	-1	-2	sentmm2	sentdpb
Pb-HG003-1x-1-D0-PF-PACBIO-REVIO-sentmm2-sentdpb-INS_50	INS_50	Pb-HG003-1x-1-D0-PF-PACBIO-REVIO	2505355380.0	2505200471.0	92605.0	62304.0	19335.0	0.5267768063987013	0.4021974191299408	0.9999922821143463	0.23683533605262191	0.7631646639473781	0.7631646639473781	HG003	giabHC_x_ultima	-1	-2	sentmm2	sentdpb
Pb-HG003-1x-1-D0-PF-PACBIO-REVIO-sentmm2-sentdpb-INS_gt50	INS_gt50	Pb-HG003-1x-1-D0-PF-PACBIO-REVIO	2505355380.0	2505355380.0	0.0	0.0	0.0			1.0				HG003	giabHC_x_ultima	-1	-2	sentmm2	sentdpb
Pb-HG003-1x-1-D0-PF-PACBIO-REVIO-sentmm2-sentdpb-DEL_50	DEL_50	Pb-HG003-1x-1-D0-PF-PACBIO-REVIO	2505355380.0	2505188143.0	102650.0	64587.0	14640.0	0.5241089976629446	0.38620042215538425	0.9999941561616891	0.18478548979514559	0.8152145102048545	0.8152145102048544	HG003	giabHC_x_ultima	-1	-2	sentmm2	sentdpb
Pb-HG003-1x-1-D0-PF-PACBIO-REVIO-sentmm2-sentdpb-DEL_gt50	DEL_gt50	Pb-HG003-1x-1-D0-PF-PACBIO-REVIO	2505355380.0	2505355380.0	0.0	0.0	0.0			1.0				HG003	giabHC_x_ultima	-1	-2	sentmm2	sentdpb
Pb-HG003-1x-1-D0-PF-PACBIO-REVIO-sentmm2-sentdpb-Indel_50	Indel_50	Pb-HG003-1x-1-D0-PF-PACBIO-REVIO	2505355380.0	2505344857.0	7167.0	3356.0	732.0	0.45937991923892957	0.31892045994488266	0.9999997078247396	0.17906066536203522	0.8209393346379648	0.8209393346379648	HG003	giabHC_x_ultima	-1	-2	sentmm2	sentdpb
Pb-HG003-1x-1-D0-PF-PACBIO-REVIO-sentmm2-sentdpb-Indel_gt50	Indel_gt50	Pb-HG003-1x-1-D0-PF-PACBIO-REVIO	2505355380.0	2505355167.0	163.0	50.0	1.0	0.3787878787878788	0.2347417840375587	0.999999999600855	0.0196078431372549	0.9803921568627451	0.9803921568627451	HG003	giabHC_x_ultima	-1	-2	sentmm2	sentdpb
Pb-HG003-1x-1-D0-PF-PACBIO-REVIO-sentmm2-sentdpb-All	All	Pb-HG003-1x-1-D0-PF-PACBIO-REVIO	2505355380.0	2501784917.0	1888905.0	1681558.0	44907.0	0.6349182016444248	0.47096356971070696	0.999982050337889	0.026010953016713342	0.9739890469832867	0.9739890469832867	HG003	giabHC_x_ultima	-1	-2	sentmm2	sentdpb
Pb-HG003-1x-1-D0-PF-PACBIO-REVIO-sentmm2-sentdpb-SNPts	SNPts	Pb-HG003-1x-1-D0-PF-PACBIO-REVIO	2799325643.0	2797071491.0	1174787.0	1079365.0	82977.0	0.6318553464458008	0.4788341691243536	0.9999703352099609	0.07138776711157302	0.928612232888427	0.928612232888427	HG003	ultima	-1	-2	sentmm2	sentdpb
Pb-HG003-1x-1-D0-PF-PACBIO-REVIO-sentmm2-sentdpb-SNPtv	SNPtv	Pb-HG003-1x-1-D0-PF-PACBIO-REVIO	2799325643.0	2798266884.0	553232.0	505527.0	53538.0	0.6249468421781356	0.4774712658877044	0.9999808678092833	0.09576346220922433	0.9042365377907757	0.9042365377907756	HG003	ultima	-1	-2	sentmm2	sentdpb
Pb-HG003-1x-1-D0-PF-PACBIO-REVIO-sentmm2-sentdpb-INS_50	INS_50	Pb-HG003-1x-1-D0-PF-PACBIO-REVIO	2799325643.0	2799160067.0	98870.0	66706.0	53965.0	0.46607300687867476	0.40287239696574384	0.999980721374149	0.44720769696115886	0.5527923030388411	0.5527923030388412	HG003	ultima	-1	-2	sentmm2	sentdpb
Pb-HG003-1x-1-D0-PF-PACBIO-REVIO-sentmm2-sentdpb-INS_gt50	INS_gt50	Pb-HG003-1x-1-D0-PF-PACBIO-REVIO	2799325643.0	2799325546.0	88.0	9.0	140.0	0.07317073170731708	0.09278350515463918	0.9999999499879558	0.9395973154362416	0.06040268456375841	0.06040268456375839	HG003	ultima	-1	-2	sentmm2	sentdpb
Pb-HG003-1x-1-D0-PF-PACBIO-REVIO-sentmm2-sentdpb-DEL_50	DEL_50	Pb-HG003-1x-1-D0-PF-PACBIO-REVIO	2799325643.0	2799145804.0	110134.0	69705.0	47180.0	0.46983054960165005	0.38759668370042094	0.9999831451420929	0.40364460794798307	0.5963553920520169	0.5963553920520169	HG003	ultima	-1	-2	sentmm2	sentdpb
Pb-HG003-1x-1-D0-PF-PACBIO-REVIO-sentmm2-sentdpb-DEL_gt50	DEL_gt50	Pb-HG003-1x-1-D0-PF-PACBIO-REVIO	2799325643.0	2799325554.0	72.0	17.0	186.0	0.11643835616438356	0.19101123595505617	0.9999999335554283	0.916256157635468	0.08374384236453203	0.08374384236453201	HG003	ultima	-1	-2	sentmm2	sentdpb
Pb-HG003-1x-1-D0-PF-PACBIO-REVIO-sentmm2-sentdpb-Indel_50	Indel_50	Pb-HG003-1x-1-D0-PF-PACBIO-REVIO	2799325643.0	2799312769.0	9000.0	3874.0	1621.0	0.42179759377211606	0.3009165760447413	0.999999420929637	0.2949954504094631	0.7050045495905368	0.7050045495905368	HG003	ultima	-1	-2	sentmm2	sentdpb
Pb-HG003-1x-1-D0-PF-PACBIO-REVIO-sentmm2-sentdpb-Indel_gt50	Indel_gt50	Pb-HG003-1x-1-D0-PF-PACBIO-REVIO	2799325643.0	2799325081.0	447.0	115.0	70.0	0.30789825970548856	0.20462633451957296	0.9999999749939731	0.3783783783783784	0.6216216216216216	0.6216216216216216	HG003	ultima	-1	-2	sentmm2	sentdpb
Pb-HG003-1x-1-D0-PF-PACBIO-REVIO-sentmm2-sentdpb-All	All	Pb-HG003-1x-1-D0-PF-PACBIO-REVIO	2799325643.0	2795653695.0	1946630.0	1725318.0	239677.0	0.6121466901474789	0.46986449699178745	0.9999142753431156	0.12197333835455051	0.8780266616454495	0.8780266616454495	HG003	ultima	-1	-2	sentmm2	sentdpb
Pb-HG003-1x-1-D0-PF-PACBIO-REVIO-sentmm2-sentdpb-SNPts	SNPts	Pb-HG003-1x-1-D0-PF-PACBIO-REVIO	3088286401.0	3085963397.0	1214092.0	1108912.0	187179.0	0.612811766477531	0.4773612098816877	0.9999393487143966	0.14441810027228028	0.8555818997277197	0.8555818997277197	HG003	hg38	-1	-2	sentmm2	sentdpb
Pb-HG003-1x-1-D0-PF-PACBIO-REVIO-sentmm2-sentdpb-SNPtv	SNPtv	Pb-HG003-1x-1-D0-PF-PACBIO-REVIO	3088286401.0	3087179079.0	582018.0	525304.0	137838.0	0.5934082816707937	0.4743913694480919	0.999955353465904	0.2078559343247751	0.7921440656752249	0.7921440656752249	HG003	hg38	-1	-2	sentmm2	sentdpb
Pb-HG003-1x-1-D0-PF-PACBIO-REVIO-sentmm2-sentdpb-INS_50	INS_50	Pb-HG003-1x-1-D0-PF-PACBIO-REVIO	3088286401.0	3088026759.0	158316.0	101326.0	160167.0	0.3888666084603798	0.3902527326087459	0.9999481355876966	0.6125097038926473	0.38749029610735275	0.3874902961073528	HG003	hg38	-1	-2	sentmm2	sentdpb
Pb-HG003-1x-1-D0-PF-PACBIO-REVIO-sentmm2-sentdpb-INS_gt50	INS_gt50	Pb-HG003-1x-1-D0-PF-PACBIO-REVIO	3088286401.0	3088286162.0	207.0	32.0	839.0	0.05765765765765765	0.13389121338912133	0.9999997283283582	0.9632606199770379	0.036739380022962065	0.03673938002296211	HG003	hg38	-1	-2	sentmm2	sentdpb
Pb-HG003-1x-1-D0-PF-PACBIO-REVIO-sentmm2-sentdpb-DEL_50	DEL_50	Pb-HG003-1x-1-D0-PF-PACBIO-REVIO	3088286401.0	3088012753.0	169139.0	104509.0	136166.0	0.4063944252930552	0.3819103373677133	0.9999559069191378	0.5657671133271008	0.43423288667289917	0.43423288667289917	HG003	hg38	-1	-2	sentmm2	sentdpb
Pb-HG003-1x-1-D0-PF-PACBIO-REVIO-sentmm2-sentdpb-DEL_gt50	DEL_gt50	Pb-HG003-1x-1-D0-PF-PACBIO-REVIO	3088286401.0	3088286263.0	109.0	29.0	632.0	0.07259073842302878	0.21014492753623187	0.9999997953558003	0.9561270801815431	0.04387291981845687	0.04387291981845688	HG003	hg38	-1	-2	sentmm2	sentdpb
Pb-HG003-1x-1-D0-PF-PACBIO-REVIO-sentmm2-sentdpb-Indel_50	Indel_50	Pb-HG003-1x-1-D0-PF-PACBIO-REVIO	3088286401.0	3088252240.0	22149.0	12012.0	21815.0	0.35335647467200093	0.35162905067181877	0.9999929361838971	0.644899045141455	0.355100954858545	0.3551009548585449	HG003	hg38	-1	-2	sentmm2	sentdpb
Pb-HG003-1x-1-D0-PF-PACBIO-REVIO-sentmm2-sentdpb-Indel_gt50	Indel_gt50	Pb-HG003-1x-1-D0-PF-PACBIO-REVIO	3088286401.0	3088285338.0	857.0	206.0	533.0	0.2286348501664817	0.19379115710253997	0.9999998274123503	0.7212449255751014	0.27875507442489855	0.2787550744248985	HG003	hg38	-1	-2	sentmm2	sentdpb
Pb-HG003-1x-1-D0-PF-PACBIO-REVIO-sentmm2-sentdpb-All	All	Pb-HG003-1x-1-D0-PF-PACBIO-REVIO	3088286401.0	3084287184.0	2146887.0	1852330.0	645169.0	0.5702357929760205	0.46317316614727333	0.9997908644578957	0.2583260293597715	0.7416739706402284	0.7416739706402284	HG003	hg38	-1	-2	sentmm2	sentdpb
Pb-HG003-1x-1-D0-PF-PACBIO-REVIO-sentmm2-sentdpb-SNPts	SNPts	Pb-HG003-1x-1-D0-PF-PACBIO-REVIO	377862616.0	377589358.0	149200.0	124058.0	19795.0	0.594844058296233	0.453995857394843	0.9999475780715517	0.1376057503145572	0.8623942496854428	0.8623942496854428	HG003	clinvar_genes	-1	-2	sentmm2	sentdpb
Pb-HG003-1x-1-D0-PF-PACBIO-REVIO-sentmm2-sentdpb-SNPtv	SNPtv	Pb-HG003-1x-1-D0-PF-PACBIO-REVIO	377862616.0	377738239.0	68299.0	56078.0	12168.0	0.5822565321898217	0.45087114177058457	0.999967788254428	0.17829616387773642	0.8217038361222636	0.8217038361222636	HG003	clinvar_genes	-1	-2	sentmm2	sentdpb
Pb-HG003-1x-1-D0-PF-PACBIO-REVIO-sentmm2-sentdpb-INS_50	INS_50	Pb-HG003-1x-1-D0-PF-PACBIO-REVIO	377862616.0	377833189.0	18294.0	11133.0	16550.0	0.38987918052880405	0.3783260271179529	0.9999561995198308	0.597839829498248	0.402160170501752	0.40216017050175196	HG003	clinvar_genes	-1	-2	sentmm2	sentdpb
Pb-HG003-1x-1-D0-PF-PACBIO-REVIO-sentmm2-sentdpb-INS_gt50	INS_gt50	Pb-HG003-1x-1-D0-PF-PACBIO-REVIO	377862616.0	377862587.0	27.0	2.0	91.0	0.03278688524590164	0.06896551724137931	0.9999997591717698	0.978494623655914	0.021505376344086002	0.021505376344086023	HG003	clinvar_genes	-1	-2	sentmm2	sentdpb
Pb-HG003-1x-1-D0-PF-PACBIO-REVIO-sentmm2-sentdpb-DEL_50	DEL_50	Pb-HG003-1x-1-D0-PF-PACBIO-REVIO	377862616.0	377831515.0	19829.0	11272.0	13957.0	0.40021303035682587	0.3624320761390309	0.9999630616190102	0.5532125728328511	0.4467874271671489	0.4467874271671489	HG003	clinvar_genes	-1	-2	sentmm2	sentdpb
Pb-HG003-1x-1-D0-PF-PACBIO-REVIO-sentmm2-sentdpb-DEL_gt50	DEL_gt50	Pb-HG003-1x-1-D0-PF-PACBIO-REVIO	377862616.0	377862598.0	14.0	4.0	80.0	0.0784313725490196	0.2222222222222222	0.9999997882828745	0.9523809523809523	0.04761904761904767	0.047619047619047616	HG003	clinvar_genes	-1	-2	sentmm2	sentdpb
Pb-HG003-1x-1-D0-PF-PACBIO-REVIO-sentmm2-sentdpb-Indel_50	Indel_50	Pb-HG003-1x-1-D0-PF-PACBIO-REVIO	377862616.0	377859126.0	2279.0	1211.0	2238.0	0.34904164865254356	0.34699140401146134	0.9999940771928193	0.6488837344157727	0.35111626558422726	0.3511162655842273	HG003	clinvar_genes	-1	-2	sentmm2	sentdpb
Pb-HG003-1x-1-D0-PF-PACBIO-REVIO-sentmm2-sentdpb-Indel_gt50	Indel_gt50	Pb-HG003-1x-1-D0-PF-PACBIO-REVIO	377862616.0	377862507.0	90.0	19.0	48.0	0.2159090909090909	0.1743119266055046	0.9999998729696834	0.7164179104477612	0.28358208955223885	0.2835820895522388	HG003	clinvar_genes	-1	-2	sentmm2	sentdpb
Pb-HG003-1x-1-D0-PF-PACBIO-REVIO-sentmm2-sentdpb-All	All	Pb-HG003-1x-1-D0-PF-PACBIO-REVIO	377862616.0	377400807.0	258032.0	203777.0	64927.0	0.5579010914247933	0.44125818249536064	0.9998279923337359	0.24163019530784804	0.758369804692152	0.758369804692152	HG003	clinvar_genes	-1	-2	sentmm2	sentdpb
Pb-HG003-1x-1-D0-PF-PACBIO-REVIO-sentmm2-sentdpb-SNPts	SNPts	Pb-HG003-1x-1-D0-PF-PACBIO-REVIO	688815815.0	688747813.0	38695.0	29307.0	182447.0	0.2095182945137906	0.4309726184523985	0.9997351734847588	0.8615988363856173	0.1384011636143827	0.13840116361438273	HG003	hg38_m_giabHC	-1	-2	sentmm2	sentdpb
Pb-HG003-1x-1-D0-PF-PACBIO-REVIO-sentmm2-sentdpb-SNPtv	SNPtv	Pb-HG003-1x-1-D0-PF-PACBIO-REVIO	688815815.0	688780636.0	20229.0	14950.0	130848.0	0.16521436425623143	0.4249694419966457	0.999810065584565	0.8974608705194859	0.10253912948051414	0.10253912948051414	HG003	hg38_m_giabHC	-1	-2	sentmm2	sentdpb
Pb-HG003-1x-1-D0-PF-PACBIO-REVIO-sentmm2-sentdpb-INS_50	INS_50	Pb-HG003-1x-1-D0-PF-PACBIO-REVIO	688815815.0	688787699.0	17614.0	10502.0	109014.0	0.14227267801018753	0.3735239721155214	0.9998417556682405	0.9121289199772415	0.08787108002275845	0.08787108002275847	HG003	hg38_m_giabHC	-1	-2	sentmm2	sentdpb
Pb-HG003-1x-1-D0-PF-PACBIO-REVIO-sentmm2-sentdpb-INS_gt50	INS_gt50	Pb-HG003-1x-1-D0-PF-PACBIO-REVIO	688815815.0	688815577.0	207.0	31.0	839.0	0.055956678700361015	0.13025210084033614	0.9999987819686341	0.964367816091954	0.03563218390804601	0.035632183908045977	HG003	hg38_m_giabHC	-1	-2	sentmm2	sentdpb
Pb-HG003-1x-1-D0-PF-PACBIO-REVIO-sentmm2-sentdpb-DEL_50	DEL_50	Pb-HG003-1x-1-D0-PF-PACBIO-REVIO	688815815.0	688787547.0	17630.0	10638.0	96651.0	0.156952425916773	0.37632658836847316	0.9998596992059324	0.9008472443586948	0.09915275564130521	0.09915275564130525	HG003	hg38_m_giabHC	-1	-2	sentmm2	sentdpb
Pb-HG003-1x-1-D0-PF-PACBIO-REVIO-sentmm2-sentdpb-DEL_gt50	DEL_gt50	Pb-HG003-1x-1-D0-PF-PACBIO-REVIO	688815815.0	688815677.0	109.0	29.0	632.0	0.07259073842302878	0.21014492753623187	0.9999990824839776	0.9561270801815431	0.04387291981845687	0.04387291981845688	HG003	hg38_m_giabHC	-1	-2	sentmm2	sentdpb
Pb-HG003-1x-1-D0-PF-PACBIO-REVIO-sentmm2-sentdpb-Indel_50	Indel_50	Pb-HG003-1x-1-D0-PF-PACBIO-REVIO	688815815.0	688808517.0	5523.0	1775.0	18450.0	0.12898303237292447	0.24321731981364758	0.9999732153343526	0.9122373300370828	0.08776266996291715	0.08776266996291718	HG003	hg38_m_giabHC	-1	-2	sentmm2	sentdpb
Pb-HG003-1x-1-D0-PF-PACBIO-REVIO-sentmm2-sentdpb-Indel_gt50	Indel_gt50	Pb-HG003-1x-1-D0-PF-PACBIO-REVIO	688815815.0	688815032.0	641.0	142.0	532.0	0.19492107069320525	0.18135376756066413	0.999999227659728	0.7893175074183977	0.21068249258160232	0.21068249258160238	HG003	hg38_m_giabHC	-1	-2	sentmm2	sentdpb
Pb-HG003-1x-1-D0-PF-PACBIO-REVIO-sentmm2-sentdpb-All	All	Pb-HG003-1x-1-D0-PF-PACBIO-REVIO	688815815.0	688647793.0	100648.0	67374.0	539413.0	0.17391124780429756	0.4009832045803526	0.9992173200615102	0.8889659798248809	0.1110340201751191	0.11103402017511911	HG003	hg38_m_giabHC	-1	-2	sentmm2	sentdpb
Pb-HG003-1x-1-D0-PF-PACBIO-REVIO-sentmm2-sentdpb-SNPts	SNPts	Pb-HG003-1x-1-D0-PF-PACBIO-REVIO	337668665.0	337403082.0	144593.0	120990.0	655.0	0.6249031578294958	0.4555637973816095	0.999998058705556	0.005384520531053475	0.9946154794689466	0.9946154794689466	HG003	giabHC_x_clinvar_genes	-1	-2	sentmm2	sentdpb
Pb-HG003-1x-1-D0-PF-PACBIO-REVIO-sentmm2-sentdpb-SNPtv	SNPtv	Pb-HG003-1x-1-D0-PF-PACBIO-REVIO	337668665.0	337548370.0	65780.0	54515.0	932.0	0.6203980835543011	0.45317760505424165	0.9999972389218568	0.016808844482118057	0.9831911555178819	0.9831911555178819	HG003	giabHC_x_clinvar_genes	-1	-2	sentmm2	sentdpb
Pb-HG003-1x-1-D0-PF-PACBIO-REVIO-sentmm2-sentdpb-INS_50	INS_50	Pb-HG003-1x-1-D0-PF-PACBIO-REVIO	337668665.0	337642166.0	16423.0	10076.0	5854.0	0.47495816540573665	0.3802407638024076	0.9999826624186927	0.3674827369742624	0.6325172630257376	0.6325172630257376	HG003	giabHC_x_clinvar_genes	-1	-2	sentmm2	sentdpb
Pb-HG003-1x-1-D0-PF-PACBIO-REVIO-sentmm2-sentdpb-INS_gt50	INS_gt50	Pb-HG003-1x-1-D0-PF-PACBIO-REVIO	337668665.0	337668665.0	0.0	0.0	0.0			1.0				HG003	giabHC_x_clinvar_genes	-1	-2	sentmm2	sentdpb
Pb-HG003-1x-1-D0-PF-PACBIO-REVIO-sentmm2-sentdpb-DEL_50	DEL_50	Pb-HG003-1x-1-D0-PF-PACBIO-REVIO	337668665.0	337640515.0	17912.0	10238.0	4410.0	0.47843357166222716	0.3636944937833037	0.9999869389418484	0.3010649918077553	0.6989350081922447	0.6989350081922446	HG003	giabHC_x_clinvar_genes	-1	-2	sentmm2	sentdpb
Pb-HG003-1x-1-D0-PF-PACBIO-REVIO-sentmm2-sentdpb-DEL_gt50	DEL_gt50	Pb-HG003-1x-1-D0-PF-PACBIO-REVIO	337668665.0	337668665.0	0.0	0.0	0.0			1.0				HG003	giabHC_x_clinvar_genes	-1	-2	sentmm2	sentdpb
Pb-HG003-1x-1-D0-PF-PACBIO-REVIO-sentmm2-sentdpb-Indel_50	Indel_50	Pb-HG003-1x-1-D0-PF-PACBIO-REVIO	337668665.0	337665904.0	1729.0	1032.0	364.0	0.4965119076256916	0.37377761680550525	0.9999989220125476	0.2607449856733524	0.7392550143266476	0.7392550143266475	HG003	giabHC_x_clinvar_genes	-1	-2	sentmm2	sentdpb
Pb-HG003-1x-1-D0-PF-PACBIO-REVIO-sentmm2-sentdpb-Indel_gt50	Indel_gt50	Pb-HG003-1x-1-D0-PF-PACBIO-REVIO	337668665.0	337668640.0	20.0	5.0	0.0	0.33333333333333337	0.2	1.0	0.0	1.0	1.0	HG003	giabHC_x_clinvar_genes	-1	-2	sentmm2	sentdpb
Pb-HG003-1x-1-D0-PF-PACBIO-REVIO-sentmm2-sentdpb-All	All	Pb-HG003-1x-1-D0-PF-PACBIO-REVIO	337668665.0	337225352.0	246457.0	196856.0	12215.0	0.6034973267278168	0.44405645672470695	0.9999637792428979	0.05842512830569519	0.9415748716943048	0.9415748716943048	HG003	giabHC_x_clinvar_genes	-1	-2	sentmm2	sentdpb
Pb-HG003-1x-1-D0-PF-PACBIO-REVIO-sentmm2-sentdpb-SNPts	SNPts	Pb-HG003-1x-1-D0-PF-PACBIO-REVIO	332544085.0	332287266.0	139268.0	117551.0	529.0	0.6271075676382172	0.4577192497439831	0.9999984080065294	0.004480013550135501	0.9955199864498645	0.9955199864498645	HG003	giabHC_x_ultima_x_clinvar	-1	-2	sentmm2	sentdpb
Pb-HG003-1x-1-D0-PF-PACBIO-REVIO-sentmm2-sentdpb-SNPtv	SNPtv	Pb-HG003-1x-1-D0-PF-PACBIO-REVIO	332544085.0	332429488.0	62238.0	52359.0	841.0	0.6240755198245499	0.4568967774025498	0.9999974701465942	0.01580827067669173	0.9841917293233082	0.9841917293233082	HG003	giabHC_x_ultima_x_clinvar	-1	-2	sentmm2	sentdpb
Pb-HG003-1x-1-D0-PF-PACBIO-REVIO-sentmm2-sentdpb-INS_50	INS_50	Pb-HG003-1x-1-D0-PF-PACBIO-REVIO	332544085.0	332526509.0	10750.0	6826.0	2065.0	0.5158121434238864	0.3883705052344106	0.9999937900073513	0.23225733888201552	0.7677426611179845	0.7677426611179845	HG003	giabHC_x_ultima_x_clinvar	-1	-2	sentmm2	sentdpb
Pb-HG003-1x-1-D0-PF-PACBIO-REVIO-sentmm2-sentdpb-INS_gt50	INS_gt50	Pb-HG003-1x-1-D0-PF-PACBIO-REVIO	332544085.0	332544085.0	0.0	0.0	0.0			1.0				HG003	giabHC_x_ultima_x_clinvar	-1	-2	sentmm2	sentdpb
Pb-HG003-1x-1-D0-PF-PACBIO-REVIO-sentmm2-sentdpb-DEL_50	DEL_50	Pb-HG003-1x-1-D0-PF-PACBIO-REVIO	332544085.0	332524995.0	12050.0	7040.0	1521.0	0.5092040070883512	0.36877946568884235	0.99999542592868	0.17766616049526923	0.8223338395047308	0.8223338395047307	HG003	giabHC_x_ultima_x_clinvar	-1	-2	sentmm2	sentdpb
Pb-HG003-1x-1-D0-PF-PACBIO-REVIO-sentmm2-sentdpb-DEL_gt50	DEL_gt50	Pb-HG003-1x-1-D0-PF-PACBIO-REVIO	332544085.0	332544085.0	0.0	0.0	0.0			1.0				HG003	giabHC_x_ultima_x_clinvar	-1	-2	sentmm2	sentdpb
Pb-HG003-1x-1-D0-PF-PACBIO-REVIO-sentmm2-sentdpb-Indel_50	Indel_50	Pb-HG003-1x-1-D0-PF-PACBIO-REVIO	332544085.0	332543072.0	704.0	309.0	63.0	0.4462093862815885	0.3050345508390918	0.9999998105508929	0.1693548387096774	0.8306451612903226	0.8306451612903226	HG003	giabHC_x_ultima_x_clinvar	-1	-2	sentmm2	sentdpb
Pb-HG003-1x-1-D0-PF-PACBIO-REVIO-sentmm2-sentdpb-Indel_gt50	Indel_gt50	Pb-HG003-1x-1-D0-PF-PACBIO-REVIO	332544085.0	332544068.0	13.0	4.0	0.0	0.38095238095238093	0.23529411764705882	1.0	0.0	1.0	1.0	HG003	giabHC_x_ultima_x_clinvar	-1	-2	sentmm2	sentdpb
Pb-HG003-1x-1-D0-PF-PACBIO-REVIO-sentmm2-sentdpb-All	All	Pb-HG003-1x-1-D0-PF-PACBIO-REVIO	332544085.0	332134973.0	225023.0	184089.0	5019.0	0.6154558523620073	0.44997213476994075	0.9999848889019062	0.026540389618630623	0.9734596103813694	0.9734596103813694	HG003	giabHC_x_ultima_x_clinvar	-1	-2	sentmm2	sentdpb
Pb-HG003-1x-1-D0-PF-PACBIO-REVIO-sentmm2-sentdpb-SNPts	SNPts	Pb-HG003-1x-1-D0-PF-PACBIO-REVIO	2528531102.0	2526276087.0	1175397.0	1079618.0	4732.0	0.6466007758960162	0.47876311244049374	0.9999981268907382	0.004363904643334716	0.9956360953566653	0.9956360953566653	HG003	giabHC	-1	-2	sentmm2	sentdpb
Pb-HG003-1x-1-D0-PF-PACBIO-REVIO-sentmm2-sentdpb-SNPtv	SNPtv	Pb-HG003-1x-1-D0-PF-PACBIO-REVIO	2528531102.0	2527458956.0	561789.0	510357.0	6990.0	0.6421632558306328	0.47601446071710385	0.9999972343841027	0.013511241004586864	0.9864887589954131	0.9864887589954131	HG003	giabHC	-1	-2	sentmm2	sentdpb
Pb-HG003-1x-1-D0-PF-PACBIO-REVIO-sentmm2-sentdpb-INS_50	INS_50	Pb-HG003-1x-1-D0-PF-PACBIO-REVIO	2528531102.0	2528299655.0	140658.0	90789.0	51151.0	0.48629973726991027	0.3922669120792233	0.9999797690257702	0.3603705791179372	0.6396294208820628	0.6396294208820629	HG003	giabHC	-1	-2	sentmm2	sentdpb
Pb-HG003-1x-1-D0-PF-PACBIO-REVIO-sentmm2-sentdpb-INS_gt50	INS_gt50	Pb-HG003-1x-1-D0-PF-PACBIO-REVIO	2528531102.0	2528531101.0	0.0	1.0	0.0	1.0	1.0	1.0	0.0	1.0	1.0	HG003	giabHC	-1	-2	sentmm2	sentdpb
Pb-HG003-1x-1-D0-PF-PACBIO-REVIO-sentmm2-sentdpb-DEL_50	DEL_50	Pb-HG003-1x-1-D0-PF-PACBIO-REVIO	2528531102.0	2528285528.0	151619.0	93955.0	39517.0	0.4957445798135318	0.38259343415833924	0.9999843702849528	0.296069587628866	0.7039304123711341	0.7039304123711341	HG003	giabHC	-1	-2	sentmm2	sentdpb
Pb-HG003-1x-1-D0-PF-PACBIO-REVIO-sentmm2-sentdpb-DEL_gt50	DEL_gt50	Pb-HG003-1x-1-D0-PF-PACBIO-REVIO	2528531102.0	2528531102.0	0.0	0.0	0.0			1.0				HG003	giabHC	-1	-2	sentmm2	sentdpb
Pb-HG003-1x-1-D0-PF-PACBIO-REVIO-sentmm2-sentdpb-Indel_50	Indel_50	Pb-HG003-1x-1-D0-PF-PACBIO-REVIO	2528531102.0	2528504240.0	16626.0	10236.0	3365.0	0.5059437016533623	0.3810587446951083	0.9999986691754482	0.24740827880302918	0.7525917211969708	0.7525917211969708	HG003	giabHC	-1	-2	sentmm2	sentdpb
Pb-HG003-1x-1-D0-PF-PACBIO-REVIO-sentmm2-sentdpb-Indel_gt50	Indel_gt50	Pb-HG003-1x-1-D0-PF-PACBIO-REVIO	2528531102.0	2528530820.0	218.0	64.0	1.0	0.3688760806916427	0.22695035460992907	0.9999999996045135	0.015384615384615385	0.9846153846153847	0.9846153846153847	HG003	giabHC	-1	-2	sentmm2	sentdpb
Pb-HG003-1x-1-D0-PF-PACBIO-REVIO-sentmm2-sentdpb-All	All	Pb-HG003-1x-1-D0-PF-PACBIO-REVIO	2528531102.0	2524699775.0	2046307.0	1785020.0	105756.0	0.6239034844357048	0.4659012399620288	0.9999581132096308	0.05593259064003351	0.9440674093599665	0.9440674093599665	HG003	giabHC	-1	-2	sentmm2	sentdpb
Pb-HG003-20x-7-D0-PF-PACBIO-REVIO-sentmm2-sentdpb-SNPts	SNPts	Pb-HG003-20x-7-D0-PF-PACBIO-REVIO	3088286401.0	3085964052.0	5698.0	2316651.0	481611.0	0.904833817683085	0.9975464497368828	0.999843959345932	0.17211076017899682	0.8278892398210032	0.8278892398210032	HG003	hg38	-1	-2	sentmm2	sentdpb
Pb-HG003-20x-7-D0-PF-PACBIO-REVIO-sentmm2-sentdpb-SNPtv	SNPtv	Pb-HG003-20x-7-D0-PF-PACBIO-REVIO	3088286401.0	3087179927.0	3746.0	1102728.0	392717.0	0.8476266939900896	0.9966144708325727	0.999872807203172	0.26260878868831683	0.7373912113116832	0.7373912113116832	HG003	hg38	-1	-2	sentmm2	sentdpb
Pb-HG003-20x-7-D0-PF-PACBIO-REVIO-sentmm2-sentdpb-INS_50	INS_50	Pb-HG003-20x-7-D0-PF-PACBIO-REVIO	3088286401.0	3088038416.0	2065.0	245920.0	189553.0	0.7196345642307208	0.9916728834405307	0.9999386207877453	0.43528071774828747	0.5647192822517125	0.5647192822517125	HG003	hg38	-1	-2	sentmm2	sentdpb
Pb-HG003-20x-7-D0-PF-PACBIO-REVIO-sentmm2-sentdpb-INS_gt50	INS_gt50	Pb-HG003-20x-7-D0-PF-PACBIO-REVIO	3088286401.0	3088286169.0	120.0	112.0	2803.0	0.07117890054019702	0.4827586206896552	0.9999990923776805	0.9615780445969125	0.03842195540308746	0.03842195540308748	HG003	hg38	-1	-2	sentmm2	sentdpb
Pb-HG003-20x-7-D0-PF-PACBIO-REVIO-sentmm2-sentdpb-DEL_50	DEL_50	Pb-HG003-20x-7-D0-PF-PACBIO-REVIO	3088286401.0	3088025249.0	2386.0	258766.0	174316.0	0.7454719878311924	0.9908635583874525	0.9999435541660016	0.4025011429706153	0.5974988570293847	0.5974988570293848	HG003	hg38	-1	-2	sentmm2	sentdpb
Pb-HG003-20x-7-D0-PF-PACBIO-REVIO-sentmm2-sentdpb-DEL_gt50	DEL_gt50	Pb-HG003-20x-7-D0-PF-PACBIO-REVIO	3088286401.0	3088286264.0	51.0	86.0	1720.0	0.0885229027277406	0.6277372262773723	0.9999994430571213	0.9523809523809523	0.04761904761904767	0.047619047619047616	HG003	hg38	-1	-2	sentmm2	sentdpb
Pb-HG003-20x-7-D0-PF-PACBIO-REVIO-sentmm2-sentdpb-Indel_50	Indel_50	Pb-HG003-20x-7-D0-PF-PACBIO-REVIO	3088286401.0	3088227734.0	135.0	58532.0	73388.0	0.6142286724697906	0.9976988767109278	0.9999762367731964	0.5563068526379624	0.4436931473620376	0.4436931473620376	HG003	hg38	-1	-2	sentmm2	sentdpb
Pb-HG003-20x-7-D0-PF-PACBIO-REVIO-sentmm2-sentdpb-Indel_gt50	Indel_gt50	Pb-HG003-20x-7-D0-PF-PACBIO-REVIO	3088286401.0	3088284700.0	37.0	1664.0	3523.0	0.48315911730545874	0.9782480893592005	0.999998859238599	0.6791979949874687	0.3208020050125313	0.3208020050125313	HG003	hg38	-1	-2	sentmm2	sentdpb
Pb-HG003-20x-7-D0-PF-PACBIO-REVIO-sentmm2-sentdpb-All	All	Pb-HG003-20x-7-D0-PF-PACBIO-REVIO	3088286401.0	3084287704.0	14238.0	3984459.0	1319631.0	0.8566161946952027	0.9964393401150424	0.9995723269824286	0.2487949865104099	0.7512050134895901	0.7512050134895901	HG003	hg38	-1	-2	sentmm2	sentdpb
Pb-HG003-20x-7-D0-PF-PACBIO-REVIO-sentmm2-sentdpb-SNPts	SNPts	Pb-HG003-20x-7-D0-PF-PACBIO-REVIO	688815815.0	688748112.0	1075.0	66628.0	479270.0	0.21717044137802907	0.9841218262115415	0.9993046271629411	0.8779478950280089	0.12205210497199115	0.12205210497199111	HG003	hg38_m_giabHC	-1	-2	sentmm2	sentdpb
Pb-HG003-20x-7-D0-PF-PACBIO-REVIO-sentmm2-sentdpb-SNPtv	SNPtv	Pb-HG003-20x-7-D0-PF-PACBIO-REVIO	688815815.0	688780910.0	660.0	34245.0	391019.0	0.14883662306674286	0.9810915341641598	0.9994326248885856	0.9194735505474246	0.08052644945257537	0.08052644945257534	HG003	hg38_m_giabHC	-1	-2	sentmm2	sentdpb
Pb-HG003-20x-7-D0-PF-PACBIO-REVIO-sentmm2-sentdpb-INS_50	INS_50	Pb-HG003-20x-7-D0-PF-PACBIO-REVIO	688815815.0	688789739.0	690.0	25386.0	182812.0	0.21672059212716735	0.9735388863322596	0.9997346599661558	0.8780679929682321	0.12193200703176788	0.12193200703176783	HG003	hg38_m_giabHC	-1	-2	sentmm2	sentdpb
Pb-HG003-20x-7-D0-PF-PACBIO-REVIO-sentmm2-sentdpb-INS_gt50	INS_gt50	Pb-HG003-20x-7-D0-PF-PACBIO-REVIO	688815815.0	688815584.0	120.0	111.0	2802.0	0.07061068702290076	0.4805194805194805	0.999995932164331	0.9618949536560247	0.03810504634397527	0.03810504634397528	HG003	hg38_m_giabHC	-1	-2	sentmm2	sentdpb
Pb-HG003-20x-7-D0-PF-PACBIO-REVIO-sentmm2-sentdpb-DEL_50	DEL_50	Pb-HG003-20x-7-D0-PF-PACBIO-REVIO	688815815.0	688789654.0	735.0	25426.0	172921.0	0.22650417802483652	0.9719047437024578	0.9997490124917162	0.8718105138973617	0.12818948610263825	0.1281894861026383	HG003	hg38_m_giabHC	-1	-2	sentmm2	sentdpb
Pb-HG003-20x-7-D0-PF-PACBIO-REVIO-sentmm2-sentdpb-DEL_gt50	DEL_gt50	Pb-HG003-20x-7-D0-PF-PACBIO-REVIO	688815815.0	688815678.0	51.0	86.0	1719.0	0.08856848609680743	0.6277372262773723	0.9999975044184315	0.9523545706371191	0.04764542936288085	0.04764542936288089	HG003	hg38_m_giabHC	-1	-2	sentmm2	sentdpb
Pb-HG003-20x-7-D0-PF-PACBIO-REVIO-sentmm2-sentdpb-Indel_50	Indel_50	Pb-HG003-20x-7-D0-PF-PACBIO-REVIO	688815815.0	688804182.0	91.0	11542.0	73084.0	0.2398113423160432	0.9921774262872862	0.9998939085326123	0.8636116559922482	0.1363883440077518	0.13638834400775177	HG003	hg38_m_giabHC	-1	-2	sentmm2	sentdpb
Pb-HG003-20x-7-D0-PF-PACBIO-REVIO-sentmm2-sentdpb-Indel_gt50	Indel_gt50	Pb-HG003-20x-7-D0-PF-PACBIO-REVIO	688815815.0	688814606.0	36.0	1173.0	3522.0	0.3973577235772358	0.9702233250620348	0.9999948868941498	0.7501597444089457	0.24984025559105427	0.2498402555910543	HG003	hg38_m_giabHC	-1	-2	sentmm2	sentdpb
Pb-HG003-20x-7-D0-PF-PACBIO-REVIO-sentmm2-sentdpb-All	All	Pb-HG003-20x-7-D0-PF-PACBIO-REVIO	688815815.0	688647760.0	3458.0	164597.0	1307149.0	0.2007524083715036	0.979423403052572	0.9981054573524312	0.8881620877515549	0.11183791224844508	0.11183791224844504	HG003	hg38_m_giabHC	-1	-2	sentmm2	sentdpb
Pb-HG003-20x-7-D0-PF-PACBIO-REVIO-sentmm2-sentdpb-SNPts	SNPts	Pb-HG003-20x-7-D0-PF-PACBIO-REVIO	2528531102.0	2526276418.0	4623.0	2250061.0	2341.0	0.9984548774973453	0.9979496018067276	0.9999990733405838	0.001039334896701388	0.9989606651032986	0.9989606651032986	HG003	giabHC	-1	-2	sentmm2	sentdpb
Pb-HG003-20x-7-D0-PF-PACBIO-REVIO-sentmm2-sentdpb-SNPtv	SNPtv	Pb-HG003-20x-7-D0-PF-PACBIO-REVIO	2528531102.0	2527459519.0	3086.0	1068497.0	1698.0	0.9977663417963953	0.9971201484159417	0.9999993281796022	0.0015866267362490013	0.998413373263751	0.998413373263751	HG003	giabHC	-1	-2	sentmm2	sentdpb
Pb-HG003-20x-7-D0-PF-PACBIO-REVIO-sentmm2-sentdpb-INS_50	INS_50	Pb-HG003-20x-7-D0-PF-PACBIO-REVIO	2528531102.0	2528309266.0	1375.0	220461.0	6741.0	0.9819258058338046	0.993801727402225	0.9999973337984724	0.02966963318984868	0.9703303668101513	0.9703303668101513	HG003	giabHC	-1	-2	sentmm2	sentdpb
Pb-HG003-20x-7-D0-PF-PACBIO-REVIO-sentmm2-sentdpb-INS_gt50	INS_gt50	Pb-HG003-20x-7-D0-PF-PACBIO-REVIO	2528531102.0	2528531101.0	0.0	1.0	1.0	0.6666666666666666	1.0	0.9999999996045135	0.5	0.5	0.5	HG003	giabHC	-1	-2	sentmm2	sentdpb
Pb-HG003-20x-7-D0-PF-PACBIO-REVIO-sentmm2-sentdpb-DEL_50	DEL_50	Pb-HG003-20x-7-D0-PF-PACBIO-REVIO	2528531102.0	2528295908.0	1654.0	233540.0	1403.0	0.9934976400496025	0.9929675076745155	0.9999994450810853	0.005971661211442775	0.9940283387885572	0.9940283387885572	HG003	giabHC	-1	-2	sentmm2	sentdpb
Pb-HG003-20x-7-D0-PF-PACBIO-REVIO-sentmm2-sentdpb-DEL_gt50	DEL_gt50	Pb-HG003-20x-7-D0-PF-PACBIO-REVIO	2528531102.0	2528531102.0	0.0	0.0	1.0			0.9999999996045135	1.0	0.0	0.0	HG003	giabHC	-1	-2	sentmm2	sentdpb
Pb-HG003-20x-7-D0-PF-PACBIO-REVIO-sentmm2-sentdpb-Indel_50	Indel_50	Pb-HG003-20x-7-D0-PF-PACBIO-REVIO	2528531102.0	2528484067.0	45.0	46990.0	304.0	0.9963001834006509	0.999043265653237	0.9999998797698718	0.006427876686260414	0.9935721233137396	0.9935721233137396	HG003	giabHC	-1	-2	sentmm2	sentdpb
Pb-HG003-20x-7-D0-PF-PACBIO-REVIO-sentmm2-sentdpb-Indel_gt50	Indel_gt50	Pb-HG003-20x-7-D0-PF-PACBIO-REVIO	2528531102.0	2528530609.0	2.0	491.0	1.0	0.9969543147208122	0.9959432048681541	0.9999999996045134	0.0020325203252032522	0.9979674796747967	0.9979674796747967	HG003	giabHC	-1	-2	sentmm2	sentdpb
Pb-HG003-20x-7-D0-PF-PACBIO-REVIO-sentmm2-sentdpb-All	All	Pb-HG003-20x-7-D0-PF-PACBIO-REVIO	2528531102.0	2524700276.0	10785.0	3820041.0	12490.0	0.9969628192970783	0.99718468027522	0.9999950529025843	0.0032589429805003536	0.9967410570194997	0.9967410570194997	HG003	giabHC	-1	-2	sentmm2	sentdpb
Pb-HG003-20x-7-D0-PF-PACBIO-REVIO-sentmm2-sentdpb-SNPts	SNPts	Pb-HG003-20x-7-D0-PF-PACBIO-REVIO	337668665.0	337403135.0	753.0	264777.0	308.0	0.9980004334592877	0.9971641622415546	0.9999990871462446	0.0011618914687741668	0.9988381085312258	0.9988381085312258	HG003	giabHC_x_clinvar_genes	-1	-2	sentmm2	sentdpb
Pb-HG003-20x-7-D0-PF-PACBIO-REVIO-sentmm2-sentdpb-SNPtv	SNPtv	Pb-HG003-20x-7-D0-PF-PACBIO-REVIO	337668665.0	337548434.0	410.0	119821.0	225.0	0.9973572168788523	0.9965898977801066	0.999999333429436	0.0018742815254152575	0.9981257184745848	0.9981257184745848	HG003	giabHC_x_clinvar_genes	-1	-2	sentmm2	sentdpb
Pb-HG003-20x-7-D0-PF-PACBIO-REVIO-sentmm2-sentdpb-INS_50	INS_50	Pb-HG003-20x-7-D0-PF-PACBIO-REVIO	337668665.0	337643133.0	180.0	25352.0	894.0	0.9792575997527907	0.9929500234999217	0.9999973522410335	0.03406233330793264	0.9659376666920674	0.9659376666920674	HG003	giabHC_x_clinvar_genes	-1	-2	sentmm2	sentdpb
Pb-HG003-20x-7-D0-PF-PACBIO-REVIO-sentmm2-sentdpb-INS_gt50	INS_gt50	Pb-HG003-20x-7-D0-PF-PACBIO-REVIO	337668665.0	337668665.0	0.0	0.0	0.0			1.0				HG003	giabHC_x_clinvar_genes	-1	-2	sentmm2	sentdpb
Pb-HG003-20x-7-D0-PF-PACBIO-REVIO-sentmm2-sentdpb-DEL_50	DEL_50	Pb-HG003-20x-7-D0-PF-PACBIO-REVIO	337668665.0	337641616.0	209.0	26840.0	187.0	0.9926769731489015	0.9922732818218788	0.9999994461586262	0.006919006919006919	0.9930809930809931	0.9930809930809931	HG003	giabHC_x_clinvar_genes	-1	-2	sentmm2	sentdpb
Pb-HG003-20x-7-D0-PF-PACBIO-REVIO-sentmm2-sentdpb-DEL_gt50	DEL_gt50	Pb-HG003-20x-7-D0-PF-PACBIO-REVIO	337668665.0	337668665.0	0.0	0.0	1.0			0.999999997038517	1.0	0.0	0.0	HG003	giabHC_x_clinvar_genes	-1	-2	sentmm2	sentdpb
Pb-HG003-20x-7-D0-PF-PACBIO-REVIO-sentmm2-sentdpb-Indel_50	Indel_50	Pb-HG003-20x-7-D0-PF-PACBIO-REVIO	337668665.0	337663802.0	4.0	4859.0	39.0	0.9955947136563876	0.9991774624717252	0.9999998845005142	0.007962433646386281	0.9920375663536137	0.9920375663536137	HG003	giabHC_x_clinvar_genes	-1	-2	sentmm2	sentdpb
Pb-HG003-20x-7-D0-PF-PACBIO-REVIO-sentmm2-sentdpb-Indel_gt50	Indel_gt50	Pb-HG003-20x-7-D0-PF-PACBIO-REVIO	337668665.0	337668617.0	0.0	48.0	0.0	1.0	1.0	1.0	0.0	1.0	1.0	HG003	giabHC_x_clinvar_genes	-1	-2	sentmm2	sentdpb
Pb-HG003-20x-7-D0-PF-PACBIO-REVIO-sentmm2-sentdpb-All	All	Pb-HG003-20x-7-D0-PF-PACBIO-REVIO	337668665.0	337225412.0	1556.0	441697.0	1654.0	0.9963794433591547	0.9964895894669635	0.9999950952928552	0.003730678401537382	0.9962693215984626	0.9962693215984626	HG003	giabHC_x_clinvar_genes	-1	-2	sentmm2	sentdpb
Pb-HG003-20x-7-D0-PF-PACBIO-REVIO-sentmm2-sentdpb-SNPts	SNPts	Pb-HG003-20x-7-D0-PF-PACBIO-REVIO	2505355380.0	2503152272.0	3608.0	2199500.0	1732.0	0.9987875595435411	0.9983623136042354	0.9999993080729362	0.0007868321012960015	0.999213167898704	0.999213167898704	HG003	giabHC_x_ultima	-1	-2	sentmm2	sentdpb
Pb-HG003-20x-7-D0-PF-PACBIO-REVIO-sentmm2-sentdpb-SNPtv	SNPtv	Pb-HG003-20x-7-D0-PF-PACBIO-REVIO	2505355380.0	2504320961.0	2511.0	1031908.0	1391.0	0.9981128954722066	0.9975725503881889	0.9999994445603223	0.0013461737599668635	0.9986538262400332	0.9986538262400332	HG003	giabHC_x_ultima	-1	-2	sentmm2	sentdpb
Pb-HG003-20x-7-D0-PF-PACBIO-REVIO-sentmm2-sentdpb-INS_50	INS_50	Pb-HG003-20x-7-D0-PF-PACBIO-REVIO	2505355380.0	2505203909.0	394.0	151077.0	1356.0	0.994241602611351	0.9973988420225653	0.9999994587269878	0.008895711558520793	0.9911042884414792	0.9911042884414792	HG003	giabHC_x_ultima	-1	-2	sentmm2	sentdpb
Pb-HG003-20x-7-D0-PF-PACBIO-REVIO-sentmm2-sentdpb-INS_gt50	INS_gt50	Pb-HG003-20x-7-D0-PF-PACBIO-REVIO	2505355380.0	2505355380.0	0.0	0.0	0.0			1.0				HG003	giabHC_x_ultima	-1	-2	sentmm2	sentdpb
Pb-HG003-20x-7-D0-PF-PACBIO-REVIO-sentmm2-sentdpb-DEL_50	DEL_50	Pb-HG003-20x-7-D0-PF-PACBIO-REVIO	2505355380.0	2505192628.0	461.0	162291.0	311.0	0.9976271999114811	0.997167469524184	0.999999875857865	0.001912645600915118	0.9980873543990849	0.9980873543990849	HG003	giabHC_x_ultima	-1	-2	sentmm2	sentdpb
Pb-HG003-20x-7-D0-PF-PACBIO-REVIO-sentmm2-sentdpb-DEL_gt50	DEL_gt50	Pb-HG003-20x-7-D0-PF-PACBIO-REVIO	2505355380.0	2505355380.0	0.0	0.0	1.0			0.9999999996008551	1.0	0.0	0.0	HG003	giabHC_x_ultima	-1	-2	sentmm2	sentdpb
Pb-HG003-20x-7-D0-PF-PACBIO-REVIO-sentmm2-sentdpb-Indel_50	Indel_50	Pb-HG003-20x-7-D0-PF-PACBIO-REVIO	2505355380.0	2505336567.0	4.0	18809.0	78.0	0.9978249336870028	0.999787381066284	0.9999999688664595	0.0041298247471806	0.9958701752528194	0.9958701752528194	HG003	giabHC_x_ultima	-1	-2	sentmm2	sentdpb
Pb-HG003-20x-7-D0-PF-PACBIO-REVIO-sentmm2-sentdpb-Indel_gt50	Indel_gt50	Pb-HG003-20x-7-D0-PF-PACBIO-REVIO	2505355380.0	2505355003.0	0.0	377.0	0.0	1.0	1.0	1.0	0.0	1.0	1.0	HG003	giabHC_x_ultima	-1	-2	sentmm2	sentdpb
Pb-HG003-20x-7-D0-PF-PACBIO-REVIO-sentmm2-sentdpb-All	All	Pb-HG003-20x-7-D0-PF-PACBIO-REVIO	2505355380.0	2501784440.0	6978.0	3563962.0	4869.0	0.9983407030841746	0.9980458926781184	0.9999980537929464	0.0013643122916159381	0.9986356877083841	0.9986356877083841	HG003	giabHC_x_ultima	-1	-2	sentmm2	sentdpb
Pb-HG003-20x-7-D0-PF-PACBIO-REVIO-sentmm2-sentdpb-SNPts	SNPts	Pb-HG003-20x-7-D0-PF-PACBIO-REVIO	332544085.0	332287255.0	569.0	256261.0	192.0	0.9985173870944489	0.9977845267297434	0.9999994221870199	0.0007486751958448527	0.9992513248041551	0.9992513248041551	HG003	giabHC_x_ultima_x_clinvar	-1	-2	sentmm2	sentdpb
Pb-HG003-20x-7-D0-PF-PACBIO-REVIO-sentmm2-sentdpb-SNPtv	SNPtv	Pb-HG003-20x-7-D0-PF-PACBIO-REVIO	332544085.0	332429477.0	306.0	114302.0	162.0	0.9979569742264441	0.9973300293173252	0.9999995126788319	0.0014152921442549622	0.998584707855745	0.998584707855745	HG003	giabHC_x_ultima_x_clinvar	-1	-2	sentmm2	sentdpb
Pb-HG003-20x-7-D0-PF-PACBIO-REVIO-sentmm2-sentdpb-INS_50	INS_50	Pb-HG003-20x-7-D0-PF-PACBIO-REVIO	332544085.0	332526817.0	55.0	17213.0	176.0	0.993334679862654	0.9968149177669678	0.9999994707196598	0.010121341077692794	0.9898786589223072	0.9898786589223072	HG003	giabHC_x_ultima_x_clinvar	-1	-2	sentmm2	sentdpb
Pb-HG003-20x-7-D0-PF-PACBIO-REVIO-sentmm2-sentdpb-INS_gt50	INS_gt50	Pb-HG003-20x-7-D0-PF-PACBIO-REVIO	332544085.0	332544085.0	0.0	0.0	0.0			1.0				HG003	giabHC_x_ultima_x_clinvar	-1	-2	sentmm2	sentdpb
Pb-HG003-20x-7-D0-PF-PACBIO-REVIO-sentmm2-sentdpb-DEL_50	DEL_50	Pb-HG003-20x-7-D0-PF-PACBIO-REVIO	332544085.0	332525434.0	72.0	18579.0	42.0	0.9969414037347071	0.9961396171787036	0.9999998736938881	0.002255517963589496	0.9977444820364105	0.9977444820364105	HG003	giabHC_x_ultima_x_clinvar	-1	-2	sentmm2	sentdpb
Pb-HG003-20x-7-D0-PF-PACBIO-REVIO-sentmm2-sentdpb-DEL_gt50	DEL_gt50	Pb-HG003-20x-7-D0-PF-PACBIO-REVIO	332544085.0	332544085.0	0.0	0.0	1.0			0.9999999969928799	1.0	0.0	0.0	HG003	giabHC_x_ultima_x_clinvar	-1	-2	sentmm2	sentdpb
Pb-HG003-20x-7-D0-PF-PACBIO-REVIO-sentmm2-sentdpb-Indel_50	Indel_50	Pb-HG003-20x-7-D0-PF-PACBIO-REVIO	332544085.0	332542276.0	0.0	1809.0	11.0	0.9969688619454395	1.0	0.9999999669215002	0.006043956043956044	0.993956043956044	0.993956043956044	HG003	giabHC_x_ultima_x_clinvar	-1	-2	sentmm2	sentdpb
Pb-HG003-20x-7-D0-PF-PACBIO-REVIO-sentmm2-sentdpb-Indel_gt50	Indel_gt50	Pb-HG003-20x-7-D0-PF-PACBIO-REVIO	332544085.0	332544054.0	0.0	31.0	0.0	1.0	1.0	1.0	0.0	1.0	1.0	HG003	giabHC_x_ultima_x_clinvar	-1	-2	sentmm2	sentdpb
Pb-HG003-20x-7-D0-PF-PACBIO-REVIO-sentmm2-sentdpb-All	All	Pb-HG003-20x-7-D0-PF-PACBIO-REVIO	332544085.0	332134888.0	1002.0	408195.0	584.0	0.9980610678063905	0.9975513016957602	0.9999982416813342	0.0014286448178600173	0.99857135518214	0.99857135518214	HG003	giabHC_x_ultima_x_clinvar	-1	-2	sentmm2	sentdpb
Pb-HG003-20x-7-D0-PF-PACBIO-REVIO-sentmm2-sentdpb-SNPts	SNPts	Pb-HG003-20x-7-D0-PF-PACBIO-REVIO	2799325643.0	2797071513.0	3953.0	2250177.0	180313.0	0.960665753038667	0.9982463300696943	0.9999355392323551	0.07418792095421088	0.9258120790457891	0.9258120790457891	HG003	ultima	-1	-2	sentmm2	sentdpb
Pb-HG003-20x-7-D0-PF-PACBIO-REVIO-sentmm2-sentdpb-SNPtv	SNPtv	Pb-HG003-20x-7-D0-PF-PACBIO-REVIO	2799325643.0	2798266939.0	2758.0	1055946.0	108611.0	0.949907365801856	0.9973949281385543	0.9999611878398523	0.09326379043705031	0.9067362095629496	0.9067362095629496	HG003	ultima	-1	-2	sentmm2	sentdpb
Pb-HG003-20x-7-D0-PF-PACBIO-REVIO-sentmm2-sentdpb-INS_50	INS_50	Pb-HG003-20x-7-D0-PF-PACBIO-REVIO	2799325643.0	2799163962.0	516.0	161165.0	30781.0	0.911497142469325	0.9968085303777191	0.9999890036232466	0.16036281037375094	0.8396371896262491	0.839637189626249	HG003	ultima	-1	-2	sentmm2	sentdpb
Pb-HG003-20x-7-D0-PF-PACBIO-REVIO-sentmm2-sentdpb-INS_gt50	INS_gt50	Pb-HG003-20x-7-D0-PF-PACBIO-REVIO	2799325643.0	2799325546.0	49.0	48.0	503.0	0.14814814814814814	0.4948453608247423	0.999999820313893	0.9128856624319419	0.08711433756805809	0.08711433756805807	HG003	ultima	-1	-2	sentmm2	sentdpb
Pb-HG003-20x-7-D0-PF-PACBIO-REVIO-sentmm2-sentdpb-DEL_50	DEL_50	Pb-HG003-20x-7-D0-PF-PACBIO-REVIO	2799325643.0	2799151137.0	648.0	173858.0	37230.0	0.9017671436796216	0.99628666063058	0.9999866997160896	0.17637193966497386	0.8236280603350261	0.8236280603350261	HG003	ultima	-1	-2	sentmm2	sentdpb
Pb-HG003-20x-7-D0-PF-PACBIO-REVIO-sentmm2-sentdpb-DEL_gt50	DEL_gt50	Pb-HG003-20x-7-D0-PF-PACBIO-REVIO	2799325643.0	2799325554.0	37.0	52.0	566.0	0.1471004243281471	0.5842696629213483	0.9999997978084811	0.9158576051779935	0.08414239482200647	0.08414239482200647	HG003	ultima	-1	-2	sentmm2	sentdpb
Pb-HG003-20x-7-D0-PF-PACBIO-REVIO-sentmm2-sentdpb-Indel_50	Indel_50	Pb-HG003-20x-7-D0-PF-PACBIO-REVIO	2799325643.0	2799302907.0	11.0	22725.0	5295.0	0.895460635195839	0.9995161857846587	0.9999981084612276	0.18897216274089937	0.8110278372591007	0.8110278372591007	HG003	ultima	-1	-2	sentmm2	sentdpb
Pb-HG003-20x-7-D0-PF-PACBIO-REVIO-sentmm2-sentdpb-Indel_gt50	Indel_gt50	Pb-HG003-20x-7-D0-PF-PACBIO-REVIO	2799325643.0	2799324693.0	11.0	939.0	502.0	0.7854454203262233	0.988421052631579	0.9999998206710671	0.34836918806384454	0.6516308119361555	0.6516308119361555	HG003	ultima	-1	-2	sentmm2	sentdpb
Pb-HG003-20x-7-D0-PF-PACBIO-REVIO-sentmm2-sentdpb-All	All	Pb-HG003-20x-7-D0-PF-PACBIO-REVIO	2799325643.0	2795652750.0	7983.0	3664910.0	363801.0	0.9517264195874002	0.997826508967182	0.9998698859633467	0.0903020842150256	0.9096979157849744	0.9096979157849744	HG003	ultima	-1	-2	sentmm2	sentdpb
Pb-HG003-20x-7-D0-PF-PACBIO-REVIO-sentmm2-sentdpb-SNPts	SNPts	Pb-HG003-20x-7-D0-PF-PACBIO-REVIO	377862616.0	377589419.0	961.0	272236.0	46569.0	0.9197131090773343	0.996482391827143	0.9998766828335227	0.14607361866971974	0.8539263813302802	0.8539263813302803	HG003	clinvar_genes	-1	-2	sentmm2	sentdpb
Pb-HG003-20x-7-D0-PF-PACBIO-REVIO-sentmm2-sentdpb-SNPtv	SNPtv	Pb-HG003-20x-7-D0-PF-PACBIO-REVIO	377862616.0	377738329.0	531.0	123756.0	28211.0	0.8959580675754922	0.9957276304038234	0.9999253216020667	0.1856389874117407	0.8143610125882593	0.8143610125882593	HG003	clinvar_genes	-1	-2	sentmm2	sentdpb
Pb-HG003-20x-7-D0-PF-PACBIO-REVIO-sentmm2-sentdpb-INS_50	INS_50	Pb-HG003-20x-7-D0-PF-PACBIO-REVIO	377862616.0	377834336.0	266.0	28014.0	20207.0	0.732382583234206	0.9905940594059406	0.9999465217492436	0.41904979158457933	0.5809502084154207	0.5809502084154207	HG003	clinvar_genes	-1	-2	sentmm2	sentdpb
Pb-HG003-20x-7-D0-PF-PACBIO-REVIO-sentmm2-sentdpb-INS_gt50	INS_gt50	Pb-HG003-20x-7-D0-PF-PACBIO-REVIO	377862616.0	377862586.0	13.0	17.0	359.0	0.08374384236453203	0.5666666666666667	0.9999990499200709	0.9547872340425532	0.04521276595744683	0.04521276595744681	HG003	clinvar_genes	-1	-2	sentmm2	sentdpb
Pb-HG003-20x-7-D0-PF-PACBIO-REVIO-sentmm2-sentdpb-DEL_50	DEL_50	Pb-HG003-20x-7-D0-PF-PACBIO-REVIO	377862616.0	377832822.0	313.0	29481.0	17868.0	0.7643208068133206	0.9894945290998187	0.9999527114797646	0.3773680542355699	0.62263194576443	0.62263194576443	HG003	clinvar_genes	-1	-2	sentmm2	sentdpb
Pb-HG003-20x-7-D0-PF-PACBIO-REVIO-sentmm2-sentdpb-DEL_gt50	DEL_gt50	Pb-HG003-20x-7-D0-PF-PACBIO-REVIO	377862616.0	377862598.0	8.0	10.0	220.0	0.08064516129032258	0.5555555555555556	0.9999994177781207	0.9565217391304348	0.04347826086956519	0.043478260869565216	HG003	clinvar_genes	-1	-2	sentmm2	sentdpb
Pb-HG003-20x-7-D0-PF-PACBIO-REVIO-sentmm2-sentdpb-Indel_50	Indel_50	Pb-HG003-20x-7-D0-PF-PACBIO-REVIO	377862616.0	377856632.0	23.0	5961.0	7349.0	0.6179123043433191	0.9961564171122995	0.9999805512026297	0.5521412471825695	0.4478587528174305	0.4478587528174305	HG003	clinvar_genes	-1	-2	sentmm2	sentdpb
Pb-HG003-20x-7-D0-PF-PACBIO-REVIO-sentmm2-sentdpb-Indel_gt50	Indel_gt50	Pb-HG003-20x-7-D0-PF-PACBIO-REVIO	377862616.0	377862442.0	5.0	169.0	351.0	0.4870317002881845	0.9712643678160919	0.9999990710913949	0.675	0.32499999999999996	0.325	HG003	clinvar_genes	-1	-2	sentmm2	sentdpb
Pb-HG003-20x-7-D0-PF-PACBIO-REVIO-sentmm2-sentdpb-All	All	Pb-HG003-20x-7-D0-PF-PACBIO-REVIO	377862616.0	377400852.0	2120.0	459644.0	121134.0	0.8817755064064565	0.9954089101792257	0.9996791339193686	0.20857195003942988	0.7914280499605701	0.7914280499605701	HG003	clinvar_genes	-1	-2	sentmm2	sentdpb
Pb-HG003-30x-8-D0-PF-PACBIO-REVIO-sentmm2-sentdpb-SNPts	SNPts	Pb-HG003-30x-8-D0-PF-PACBIO-REVIO	2799325643.0	2797071504.0	2332.0	2251807.0	180197.0	0.9610492040042313	0.99896545865184	0.9999355806987495	0.07409403931901427	0.9259059606809857	0.9259059606809857	HG003	ultima	-1	-2	sentmm2	sentdpb
Pb-HG003-30x-8-D0-PF-PACBIO-REVIO-sentmm2-sentdpb-SNPtv	SNPtv	Pb-HG003-30x-8-D0-PF-PACBIO-REVIO	2799325643.0	2798266939.0	1988.0	1056716.0	109720.0	0.9497973161239294	0.9981222324653539	0.9999607915540436	0.09406431214400104	0.905935687855999	0.905935687855999	HG003	ultima	-1	-2	sentmm2	sentdpb
Pb-HG003-30x-8-D0-PF-PACBIO-REVIO-sentmm2-sentdpb-INS_50	INS_50	Pb-HG003-30x-8-D0-PF-PACBIO-REVIO	2799325643.0	2799163897.0	251.0	161495.0	29535.0	0.9155668186044402	0.9984481841900263	0.9999894487463201	0.15460922368214416	0.8453907763178559	0.8453907763178559	HG003	ultima	-1	-2	sentmm2	sentdpb
Pb-HG003-30x-8-D0-PF-PACBIO-REVIO-sentmm2-sentdpb-INS_gt50	INS_gt50	Pb-HG003-30x-8-D0-PF-PACBIO-REVIO	2799325643.0	2799325546.0	53.0	44.0	470.0	0.14402618657937807	0.4536082474226804	0.9999998321024428	0.914396887159533	0.08560311284046696	0.08560311284046693	HG003	ultima	-1	-2	sentmm2	sentdpb
Pb-HG003-30x-8-D0-PF-PACBIO-REVIO-sentmm2-sentdpb-DEL_50	DEL_50	Pb-HG003-30x-8-D0-PF-PACBIO-REVIO	2799325643.0	2799151183.0	395.0	174065.0	36695.0	0.9037173563158715	0.9977358706866903	0.9999868908406297	0.17410799013095465	0.8258920098690453	0.8258920098690453	HG003	ultima	-1	-2	sentmm2	sentdpb
Pb-HG003-30x-8-D0-PF-PACBIO-REVIO-sentmm2-sentdpb-DEL_gt50	DEL_gt50	Pb-HG003-30x-8-D0-PF-PACBIO-REVIO	2799325643.0	2799325554.0	38.0	51.0	558.0	0.1461318051575931	0.5730337078651685	0.9999998006663112	0.916256157635468	0.08374384236453203	0.08374384236453201	HG003	ultima	-1	-2	sentmm2	sentdpb
Pb-HG003-30x-8-D0-PF-PACBIO-REVIO-sentmm2-sentdpb-Indel_50	Indel_50	Pb-HG003-30x-8-D0-PF-PACBIO-REVIO	2799325643.0	2799302940.0	9.0	22694.0	5790.0	0.8867095160880692	0.99960357661983	0.9999979316322141	0.20327201235781492	0.7967279876421851	0.7967279876421851	HG003	ultima	-1	-2	sentmm2	sentdpb
Pb-HG003-30x-8-D0-PF-PACBIO-REVIO-sentmm2-sentdpb-Indel_gt50	Indel_gt50	Pb-HG003-30x-8-D0-PF-PACBIO-REVIO	2799325643.0	2799324686.0	12.0	945.0	511.0	0.7832573559883962	0.987460815047022	0.9999998174560067	0.35096153846153844	0.6490384615384616	0.6490384615384616	HG003	ultima	-1	-2	sentmm2	sentdpb
Pb-HG003-30x-8-D0-PF-PACBIO-REVIO-sentmm2-sentdpb-All	All	Pb-HG003-30x-8-D0-PF-PACBIO-REVIO	2799325643.0	2795652748.0	5078.0	3667817.0	363476.0	0.9521618631321043	0.9986174393768403	0.9998700021849373	0.09016362740192786	0.9098363725980722	0.9098363725980722	HG003	ultima	-1	-2	sentmm2	sentdpb
Pb-HG003-30x-8-D0-PF-PACBIO-REVIO-sentmm2-sentdpb-SNPts	SNPts	Pb-HG003-30x-8-D0-PF-PACBIO-REVIO	3088286401.0	3085964057.0	3903.0	2318441.0	494894.0	0.9028761338082073	0.9983193704291871	0.9998396563803839	0.17591008536132383	0.8240899146386762	0.8240899146386762	HG003	hg38	-1	-2	sentmm2	sentdpb
Pb-HG003-30x-8-D0-PF-PACBIO-REVIO-sentmm2-sentdpb-SNPtv	SNPtv	Pb-HG003-30x-8-D0-PF-PACBIO-REVIO	3088286401.0	3087179945.0	2792.0	1103664.0	414475.0	0.8410166139918731	0.9974766280810082	0.9998657611902279	0.2730151850390511	0.7269848149609489	0.7269848149609489	HG003	hg38	-1	-2	sentmm2	sentdpb
Pb-HG003-30x-8-D0-PF-PACBIO-REVIO-sentmm2-sentdpb-INS_50	INS_50	Pb-HG003-30x-8-D0-PF-PACBIO-REVIO	3088286401.0	3088037832.0	1091.0	247478.0	191029.0	0.7203802781642787	0.9956108766579903	0.9999381428616213	0.4356350069668215	0.5643649930331784	0.5643649930331784	HG003	hg38	-1	-2	sentmm2	sentdpb
Pb-HG003-30x-8-D0-PF-PACBIO-REVIO-sentmm2-sentdpb-INS_gt50	INS_gt50	Pb-HG003-30x-8-D0-PF-PACBIO-REVIO	3088286401.0	3088286168.0	129.0	104.0	2670.0	0.06917193215829731	0.44635193133047213	0.9999991354435611	0.9625090122566691	0.03749098774333093	0.03749098774333093	HG003	hg38	-1	-2	sentmm2	sentdpb
Pb-HG003-30x-8-D0-PF-PACBIO-REVIO-sentmm2-sentdpb-DEL_50	DEL_50	Pb-HG003-30x-8-D0-PF-PACBIO-REVIO	3088286401.0	3088024804.0	1395.0	260202.0	175506.0	0.7463075698582399	0.9946673700386472	0.9999431688419201	0.40280646671624115	0.5971935332837588	0.5971935332837588	HG003	hg38	-1	-2	sentmm2	sentdpb
Pb-HG003-30x-8-D0-PF-PACBIO-REVIO-sentmm2-sentdpb-DEL_gt50	DEL_gt50	Pb-HG003-30x-8-D0-PF-PACBIO-REVIO	3088286401.0	3088286263.0	53.0	85.0	1729.0	0.08709016393442624	0.6159420289855072	0.9999994401428868	0.9531422271223815	0.0468577728776185	0.046857772877618525	HG003	hg38	-1	-2	sentmm2	sentdpb
Pb-HG003-30x-8-D0-PF-PACBIO-REVIO-sentmm2-sentdpb-Indel_50	Indel_50	Pb-HG003-30x-8-D0-PF-PACBIO-REVIO	3088286401.0	3088228755.0	87.0	57559.0	74798.0	0.6058746440845671	0.9984907886063213	0.9999757802305647	0.5651231140022817	0.43487688599771834	0.4348768859977183	HG003	hg38	-1	-2	sentmm2	sentdpb
Pb-HG003-30x-8-D0-PF-PACBIO-REVIO-sentmm2-sentdpb-Indel_gt50	Indel_gt50	Pb-HG003-30x-8-D0-PF-PACBIO-REVIO	3088286401.0	3088284682.0	39.0	1680.0	3689.0	0.47404063205417607	0.9773123909249564	0.9999988054871966	0.6870925684485006	0.31290743155149936	0.31290743155149936	HG003	hg38	-1	-2	sentmm2	sentdpb
Pb-HG003-30x-8-D0-PF-PACBIO-REVIO-sentmm2-sentdpb-All	All	Pb-HG003-30x-8-D0-PF-PACBIO-REVIO	3088286401.0	3084287699.0	9489.0	3989213.0	1358790.0	0.853608410664507	0.9976269799549954	0.9995596417137077	0.2540742778192159	0.7459257221807841	0.7459257221807841	HG003	hg38	-1	-2	sentmm2	sentdpb
Pb-HG003-30x-8-D0-PF-PACBIO-REVIO-sentmm2-sentdpb-SNPts	SNPts	Pb-HG003-30x-8-D0-PF-PACBIO-REVIO	2505355380.0	2503152265.0	2032.0	2201083.0	1595.0	0.9991767656810023	0.9990776695724009	0.9999993628038509	0.0007241185502374837	0.9992758814497625	0.9992758814497625	HG003	giabHC_x_ultima	-1	-2	sentmm2	sentdpb
Pb-HG003-30x-8-D0-PF-PACBIO-REVIO-sentmm2-sentdpb-SNPtv	SNPtv	Pb-HG003-30x-8-D0-PF-PACBIO-REVIO	2505355380.0	2504320964.0	1778.0	1032638.0	1334.0	0.9984954466956878	0.9982811557439173	0.999999467320959	0.0012901703334326268	0.9987098296665674	0.9987098296665674	HG003	giabHC_x_ultima	-1	-2	sentmm2	sentdpb
Pb-HG003-30x-8-D0-PF-PACBIO-REVIO-sentmm2-sentdpb-INS_50	INS_50	Pb-HG003-30x-8-D0-PF-PACBIO-REVIO	2505355380.0	2505203851.0	147.0	151382.0	559.0	0.9976735756417439	0.9990298886681758	0.9999997768645155	0.003679059634989897	0.9963209403650101	0.9963209403650101	HG003	giabHC_x_ultima	-1	-2	sentmm2	sentdpb
Pb-HG003-30x-8-D0-PF-PACBIO-REVIO-sentmm2-sentdpb-INS_gt50	INS_gt50	Pb-HG003-30x-8-D0-PF-PACBIO-REVIO	2505355380.0	2505355380.0	0.0	0.0	0.0			1.0				HG003	giabHC_x_ultima	-1	-2	sentmm2	sentdpb
Pb-HG003-30x-8-D0-PF-PACBIO-REVIO-sentmm2-sentdpb-DEL_50	DEL_50	Pb-HG003-30x-8-D0-PF-PACBIO-REVIO	2505355380.0	2505192649.0	235.0	162496.0	157.0	0.9987952695891623	0.9985558989989615	0.9999999373301729	0.0009652450308325085	0.9990347549691675	0.9990347549691675	HG003	giabHC_x_ultima	-1	-2	sentmm2	sentdpb
Pb-HG003-30x-8-D0-PF-PACBIO-REVIO-sentmm2-sentdpb-DEL_gt50	DEL_gt50	Pb-HG003-30x-8-D0-PF-PACBIO-REVIO	2505355380.0	2505355380.0	0.0	0.0	1.0			0.9999999996008551	1.0	0.0	0.0	HG003	giabHC_x_ultima	-1	-2	sentmm2	sentdpb
Pb-HG003-30x-8-D0-PF-PACBIO-REVIO-sentmm2-sentdpb-Indel_50	Indel_50	Pb-HG003-30x-8-D0-PF-PACBIO-REVIO	2505355380.0	2505336611.0	3.0	18766.0	22.0	0.9993343451287376	0.9998401619692046	0.9999999912187449	0.00117096018735363	0.9988290398126464	0.9988290398126464	HG003	giabHC_x_ultima	-1	-2	sentmm2	sentdpb
Pb-HG003-30x-8-D0-PF-PACBIO-REVIO-sentmm2-sentdpb-Indel_gt50	Indel_gt50	Pb-HG003-30x-8-D0-PF-PACBIO-REVIO	2505355380.0	2505355005.0	0.0	375.0	0.0	1.0	1.0	1.0	0.0	1.0	1.0	HG003	giabHC_x_ultima	-1	-2	sentmm2	sentdpb
Pb-HG003-30x-8-D0-PF-PACBIO-REVIO-sentmm2-sentdpb-All	All	Pb-HG003-30x-8-D0-PF-PACBIO-REVIO	2505355380.0	2501784445.0	4195.0	3566740.0	3668.0	0.9988989465987	0.9988252376478429	0.9999985338486577	0.0010273335708412036	0.9989726664291588	0.9989726664291588	HG003	giabHC_x_ultima	-1	-2	sentmm2	sentdpb
Pb-HG003-30x-8-D0-PF-PACBIO-REVIO-sentmm2-sentdpb-SNPts	SNPts	Pb-HG003-30x-8-D0-PF-PACBIO-REVIO	377862616.0	377589417.0	586.0	272613.0	46015.0	0.9212590841580395	0.9978550433932775	0.9998781496753196	0.14441605885232936	0.8555839411476707	0.8555839411476707	HG003	clinvar_genes	-1	-2	sentmm2	sentdpb
Pb-HG003-30x-8-D0-PF-PACBIO-REVIO-sentmm2-sentdpb-SNPtv	SNPtv	Pb-HG003-30x-8-D0-PF-PACBIO-REVIO	377862616.0	377738330.0	370.0	123916.0	27970.0	0.8973827904349464	0.997022995349436	0.9999259595151817	0.18415127134824802	0.815848728651752	0.815848728651752	HG003	clinvar_genes	-1	-2	sentmm2	sentdpb
Pb-HG003-30x-8-D0-PF-PACBIO-REVIO-sentmm2-sentdpb-INS_50	INS_50	Pb-HG003-30x-8-D0-PF-PACBIO-REVIO	377862616.0	377834243.0	132.0	28241.0	20318.0	0.7341808350231372	0.9953476897050012	0.9999462279879692	0.418418830700797	0.581581169299203	0.581581169299203	HG003	clinvar_genes	-1	-2	sentmm2	sentdpb
Pb-HG003-30x-8-D0-PF-PACBIO-REVIO-sentmm2-sentdpb-INS_gt50	INS_gt50	Pb-HG003-30x-8-D0-PF-PACBIO-REVIO	377862616.0	377862586.0	15.0	15.0	348.0	0.07633587786259542	0.5	0.9999990790311283	0.9586776859504132	0.04132231404958675	0.04132231404958678	HG003	clinvar_genes	-1	-2	sentmm2	sentdpb
Pb-HG003-30x-8-D0-PF-PACBIO-REVIO-sentmm2-sentdpb-DEL_50	DEL_50	Pb-HG003-30x-8-D0-PF-PACBIO-REVIO	377862616.0	377832697.0	180.0	29739.0	17901.0	0.7668742505705335	0.9939837561415823	0.9999526241321445	0.37575566750629724	0.6242443324937028	0.6242443324937028	HG003	clinvar_genes	-1	-2	sentmm2	sentdpb
Pb-HG003-30x-8-D0-PF-PACBIO-REVIO-sentmm2-sentdpb-DEL_gt50	DEL_gt50	Pb-HG003-30x-8-D0-PF-PACBIO-REVIO	377862616.0	377862598.0	8.0	10.0	231.0	0.07722007722007723	0.5555555555555556	0.9999993886670445	0.9585062240663901	0.04149377593360992	0.04149377593360996	HG003	clinvar_genes	-1	-2	sentmm2	sentdpb
Pb-HG003-30x-8-D0-PF-PACBIO-REVIO-sentmm2-sentdpb-Indel_50	Indel_50	Pb-HG003-30x-8-D0-PF-PACBIO-REVIO	377862616.0	377856858.0	23.0	5735.0	7363.0	0.6082944420873992	0.9960055574852379	0.999980514164637	0.5621468926553672	0.4378531073446328	0.4378531073446328	HG003	clinvar_genes	-1	-2	sentmm2	sentdpb
Pb-HG003-30x-8-D0-PF-PACBIO-REVIO-sentmm2-sentdpb-Indel_gt50	Indel_gt50	Pb-HG003-30x-8-D0-PF-PACBIO-REVIO	377862616.0	377862438.0	6.0	172.0	367.0	0.47977684797768483	0.9662921348314607	0.9999990287480135	0.6808905380333952	0.31910946196660483	0.31910946196660483	HG003	clinvar_genes	-1	-2	sentmm2	sentdpb
Pb-HG003-30x-8-D0-PF-PACBIO-REVIO-sentmm2-sentdpb-All	All	Pb-HG003-30x-8-D0-PF-PACBIO-REVIO	377862616.0	377400855.0	1320.0	460441.0	120513.0	0.8831579098794972	0.9971413783320808	0.9996807783341154	0.20743983172505912	0.7925601682749409	0.7925601682749409	HG003	clinvar_genes	-1	-2	sentmm2	sentdpb
Pb-HG003-30x-8-D0-PF-PACBIO-REVIO-sentmm2-sentdpb-SNPts	SNPts	Pb-HG003-30x-8-D0-PF-PACBIO-REVIO	688815815.0	688748120.0	963.0	66732.0	492750.0	0.2128011709613076	0.9857744294261024	0.9992850830218469	0.8807253852670863	0.11927461473291368	0.11927461473291366	HG003	hg38_m_giabHC	-1	-2	sentmm2	sentdpb
Pb-HG003-30x-8-D0-PF-PACBIO-REVIO-sentmm2-sentdpb-SNPtv	SNPtv	Pb-HG003-30x-8-D0-PF-PACBIO-REVIO	688815815.0	688780921.0	590.0	34304.0	412897.0	0.14231219987761748	0.9830916489940964	0.9994008985727727	0.9232917636588469	0.07670823634115309	0.07670823634115308	HG003	hg38_m_giabHC	-1	-2	sentmm2	sentdpb
Pb-HG003-30x-8-D0-PF-PACBIO-REVIO-sentmm2-sentdpb-INS_50	INS_50	Pb-HG003-30x-8-D0-PF-PACBIO-REVIO	688815815.0	688789668.0	544.0	25603.0	185472.0	0.2158568766809149	0.9791945538685126	0.9997308001563017	0.878701883216866	0.12129811678313396	0.12129811678313396	HG003	hg38_m_giabHC	-1	-2	sentmm2	sentdpb
Pb-HG003-30x-8-D0-PF-PACBIO-REVIO-sentmm2-sentdpb-INS_gt50	INS_gt50	Pb-HG003-30x-8-D0-PF-PACBIO-REVIO	688815815.0	688815583.0	129.0	103.0	2669.0	0.06857523302263649	0.44396551724137934	0.9999961252478542	0.9628427128427128	0.03715728715728717	0.03715728715728716	HG003	hg38_m_giabHC	-1	-2	sentmm2	sentdpb
Pb-HG003-30x-8-D0-PF-PACBIO-REVIO-sentmm2-sentdpb-DEL_50	DEL_50	Pb-HG003-30x-8-D0-PF-PACBIO-REVIO	688815815.0	688789685.0	551.0	25579.0	174989.0	0.22566586383646967	0.9789131266743207	0.9997460116510996	0.8724671931713932	0.1275328068286068	0.12753280682860677	HG003	hg38_m_giabHC	-1	-2	sentmm2	sentdpb
Pb-HG003-30x-8-D0-PF-PACBIO-REVIO-sentmm2-sentdpb-DEL_gt50	DEL_gt50	Pb-HG003-30x-8-D0-PF-PACBIO-REVIO	688815815.0	688815677.0	53.0	85.0	1728.0	0.08713480266529984	0.6159420289855072	0.9999974913525885	0.9531163816878102	0.04688361831218979	0.04688361831218974	HG003	hg38_m_giabHC	-1	-2	sentmm2	sentdpb
Pb-HG003-30x-8-D0-PF-PACBIO-REVIO-sentmm2-sentdpb-Indel_50	Indel_50	Pb-HG003-30x-8-D0-PF-PACBIO-REVIO	688815815.0	688804220.0	75.0	11520.0	74695.0	0.23555873632552907	0.9935316946959897	0.9998915702043225	0.8663805602273387	0.13361943977266133	0.13361943977266136	HG003	hg38_m_giabHC	-1	-2	sentmm2	sentdpb
Pb-HG003-30x-8-D0-PF-PACBIO-REVIO-sentmm2-sentdpb-Indel_gt50	Indel_gt50	Pb-HG003-30x-8-D0-PF-PACBIO-REVIO	688815815.0	688814590.0	38.0	1187.0	3688.0	0.3891803278688525	0.9689795918367347	0.9999946459028197	0.7565128205128205	0.24348717948717946	0.2434871794871795	HG003	hg38_m_giabHC	-1	-2	sentmm2	sentdpb
Pb-HG003-30x-8-D0-PF-PACBIO-REVIO-sentmm2-sentdpb-All	All	Pb-HG003-30x-8-D0-PF-PACBIO-REVIO	688815815.0	688647759.0	2943.0	165113.0	1348888.0	0.19632271676881344	0.9824879801970772	0.9980450803552963	0.8909426083602323	0.10905739163976769	0.10905739163976774	HG003	hg38_m_giabHC	-1	-2	sentmm2	sentdpb
Pb-HG003-30x-8-D0-PF-PACBIO-REVIO-sentmm2-sentdpb-SNPts	SNPts	Pb-HG003-30x-8-D0-PF-PACBIO-REVIO	332544085.0	332287254.0	247.0	256584.0	168.0	0.999191951446991	0.999038278089483	0.9999994944136044	0.0006543279117592073	0.9993456720882408	0.9993456720882408	HG003	giabHC_x_ultima_x_clinvar	-1	-2	sentmm2	sentdpb
Pb-HG003-30x-8-D0-PF-PACBIO-REVIO-sentmm2-sentdpb-SNPtv	SNPtv	Pb-HG003-30x-8-D0-PF-PACBIO-REVIO	332544085.0	332429477.0	194.0	114414.0	138.0	0.9985512305812533	0.9983072734887617	0.9999995848745306	0.0012046930651581815	0.9987953069348419	0.9987953069348419	HG003	giabHC_x_ultima_x_clinvar	-1	-2	sentmm2	sentdpb
Pb-HG003-30x-8-D0-PF-PACBIO-REVIO-sentmm2-sentdpb-INS_50	INS_50	Pb-HG003-30x-8-D0-PF-PACBIO-REVIO	332544085.0	332526805.0	22.0	17258.0	79.0	0.9970823583788312	0.9987268518518518	0.9999997624252239	0.004556728384380228	0.9954432716156197	0.9954432716156197	HG003	giabHC_x_ultima_x_clinvar	-1	-2	sentmm2	sentdpb
Pb-HG003-30x-8-D0-PF-PACBIO-REVIO-sentmm2-sentdpb-INS_gt50	INS_gt50	Pb-HG003-30x-8-D0-PF-PACBIO-REVIO	332544085.0	332544085.0	0.0	0.0	0.0			1.0				HG003	giabHC_x_ultima_x_clinvar	-1	-2	sentmm2	sentdpb
Pb-HG003-30x-8-D0-PF-PACBIO-REVIO-sentmm2-sentdpb-DEL_50	DEL_50	Pb-HG003-30x-8-D0-PF-PACBIO-REVIO	332544085.0	332525403.0	32.0	18650.0	17.0	0.9986880505502155	0.9982871212932234	0.9999999488760889	0.0009106980232495848	0.9990893019767504	0.9990893019767504	HG003	giabHC_x_ultima_x_clinvar	-1	-2	sentmm2	sentdpb
Pb-HG003-30x-8-D0-PF-PACBIO-REVIO-sentmm2-sentdpb-DEL_gt50	DEL_gt50	Pb-HG003-30x-8-D0-PF-PACBIO-REVIO	332544085.0	332544085.0	0.0	0.0	1.0			0.9999999969928799	1.0	0.0	0.0	HG003	giabHC_x_ultima_x_clinvar	-1	-2	sentmm2	sentdpb
Pb-HG003-30x-8-D0-PF-PACBIO-REVIO-sentmm2-sentdpb-Indel_50	Indel_50	Pb-HG003-30x-8-D0-PF-PACBIO-REVIO	332544085.0	332542323.0	1.0	1761.0	3.0	0.9988655700510493	0.9994324631101021	0.999999990978592	0.0017006802721088435	0.9982993197278912	0.9982993197278912	HG003	giabHC_x_ultima_x_clinvar	-1	-2	sentmm2	sentdpb
Pb-HG003-30x-8-D0-PF-PACBIO-REVIO-sentmm2-sentdpb-Indel_gt50	Indel_gt50	Pb-HG003-30x-8-D0-PF-PACBIO-REVIO	332544085.0	332544053.0	0.0	32.0	0.0	1.0	1.0	1.0	0.0	1.0	1.0	HG003	giabHC_x_ultima_x_clinvar	-1	-2	sentmm2	sentdpb
Pb-HG003-30x-8-D0-PF-PACBIO-REVIO-sentmm2-sentdpb-All	All	Pb-HG003-30x-8-D0-PF-PACBIO-REVIO	332544085.0	332134890.0	496.0	408699.0	406.0	0.9988977147745325	0.9987878639768326	0.9999987776065812	0.0009924102614243288	0.9990075897385756	0.9990075897385756	HG003	giabHC_x_ultima_x_clinvar	-1	-2	sentmm2	sentdpb
Pb-HG003-30x-8-D0-PF-PACBIO-REVIO-sentmm2-sentdpb-SNPts	SNPts	Pb-HG003-30x-8-D0-PF-PACBIO-REVIO	337668665.0	337403129.0	401.0	265135.0	245.0	0.9987832350126951	0.9984898469510726	0.9999992738661825	0.0009232044615268671	0.9990767955384732	0.9990767955384732	HG003	giabHC_x_clinvar_genes	-1	-2	sentmm2	sentdpb
Pb-HG003-30x-8-D0-PF-PACBIO-REVIO-sentmm2-sentdpb-SNPtv	SNPtv	Pb-HG003-30x-8-D0-PF-PACBIO-REVIO	337668665.0	337548434.0	264.0	119967.0	181.0	0.9981487567549578	0.9978042268632882	0.9999994637809431	0.0015064753470719447	0.9984935246529281	0.9984935246529281	HG003	giabHC_x_clinvar_genes	-1	-2	sentmm2	sentdpb
Pb-HG003-30x-8-D0-PF-PACBIO-REVIO-sentmm2-sentdpb-INS_50	INS_50	Pb-HG003-30x-8-D0-PF-PACBIO-REVIO	337668665.0	337643047.0	71.0	25547.0	714.0	0.9848686366352475	0.9972285112030603	0.9999978853451996	0.027188606679105897	0.9728113933208941	0.9728113933208941	HG003	giabHC_x_clinvar_genes	-1	-2	sentmm2	sentdpb
Pb-HG003-30x-8-D0-PF-PACBIO-REVIO-sentmm2-sentdpb-INS_gt50	INS_gt50	Pb-HG003-30x-8-D0-PF-PACBIO-REVIO	337668665.0	337668665.0	0.0	0.0	0.0			1.0				HG003	giabHC_x_clinvar_genes	-1	-2	sentmm2	sentdpb
Pb-HG003-30x-8-D0-PF-PACBIO-REVIO-sentmm2-sentdpb-DEL_50	DEL_50	Pb-HG003-30x-8-D0-PF-PACBIO-REVIO	337668665.0	337641493.0	110.0	27062.0	69.0	0.9967036811962506	0.9959517150007361	0.9999997956412724	0.0025432162470974164	0.9974567837529026	0.9974567837529026	HG003	giabHC_x_clinvar_genes	-1	-2	sentmm2	sentdpb
Pb-HG003-30x-8-D0-PF-PACBIO-REVIO-sentmm2-sentdpb-DEL_gt50	DEL_gt50	Pb-HG003-30x-8-D0-PF-PACBIO-REVIO	337668665.0	337668665.0	0.0	0.0	1.0			0.999999997038517	1.0	0.0	0.0	HG003	giabHC_x_clinvar_genes	-1	-2	sentmm2	sentdpb
Pb-HG003-30x-8-D0-PF-PACBIO-REVIO-sentmm2-sentdpb-Indel_50	Indel_50	Pb-HG003-30x-8-D0-PF-PACBIO-REVIO	337668665.0	337664019.0	3.0	4643.0	15.0	0.9980653482373174	0.9993542832544124	0.9999999555771463	0.0032202662086732504	0.9967797337913268	0.9967797337913268	HG003	giabHC_x_clinvar_genes	-1	-2	sentmm2	sentdpb
Pb-HG003-30x-8-D0-PF-PACBIO-REVIO-sentmm2-sentdpb-Indel_gt50	Indel_gt50	Pb-HG003-30x-8-D0-PF-PACBIO-REVIO	337668665.0	337668616.0	0.0	49.0	0.0	1.0	1.0	1.0	0.0	1.0	1.0	HG003	giabHC_x_clinvar_genes	-1	-2	sentmm2	sentdpb
Pb-HG003-30x-8-D0-PF-PACBIO-REVIO-sentmm2-sentdpb-All	All	Pb-HG003-30x-8-D0-PF-PACBIO-REVIO	337668665.0	337225413.0	849.0	442403.0	1225.0	0.9976614649106982	0.9980846110113434	0.999996367428127	0.0027613225495234745	0.9972386774504766	0.9972386774504766	HG003	giabHC_x_clinvar_genes	-1	-2	sentmm2	sentdpb
Pb-HG003-30x-8-D0-PF-PACBIO-REVIO-sentmm2-sentdpb-SNPts	SNPts	Pb-HG003-30x-8-D0-PF-PACBIO-REVIO	2528531102.0	2526276415.0	2940.0	2251747.0	2144.0	0.9988723717322846	0.9986960496068855	0.9999991513208263	0.0009512438711543725	0.9990487561288456	0.9990487561288456	HG003	giabHC	-1	-2	sentmm2	sentdpb
Pb-HG003-30x-8-D0-PF-PACBIO-REVIO-sentmm2-sentdpb-SNPtv	SNPtv	Pb-HG003-30x-8-D0-PF-PACBIO-REVIO	2528531102.0	2527459525.0	2202.0	1069375.0	1578.0	0.99823573065488	0.9979450846742698	0.9999993756580474	0.001473454017123067	0.9985265459828769	0.9985265459828769	HG003	giabHC	-1	-2	sentmm2	sentdpb
Pb-HG003-30x-8-D0-PF-PACBIO-REVIO-sentmm2-sentdpb-INS_50	INS_50	Pb-HG003-30x-8-D0-PF-PACBIO-REVIO	2528531102.0	2528308749.0	547.0	221806.0	5557.0	0.9864269894778038	0.9975399477407546	0.9999978020928858	0.02444109199825829	0.9755589080017417	0.9755589080017417	HG003	giabHC	-1	-2	sentmm2	sentdpb
Pb-HG003-30x-8-D0-PF-PACBIO-REVIO-sentmm2-sentdpb-INS_gt50	INS_gt50	Pb-HG003-30x-8-D0-PF-PACBIO-REVIO	2528531102.0	2528531101.0	0.0	1.0	1.0	0.6666666666666666	1.0	0.9999999996045135	0.5	0.5	0.5	HG003	giabHC	-1	-2	sentmm2	sentdpb
Pb-HG003-30x-8-D0-PF-PACBIO-REVIO-sentmm2-sentdpb-DEL_50	DEL_50	Pb-HG003-30x-8-D0-PF-PACBIO-REVIO	2528531102.0	2528295434.0	847.0	234821.0	523.0	0.9970913692220157	0.9964059609280853	0.9999997931413059	0.0022222788768781017	0.9977777211231219	0.9977777211231219	HG003	giabHC	-1	-2	sentmm2	sentdpb
Pb-HG003-30x-8-D0-PF-PACBIO-REVIO-sentmm2-sentdpb-DEL_gt50	DEL_gt50	Pb-HG003-30x-8-D0-PF-PACBIO-REVIO	2528531102.0	2528531102.0	0.0	0.0	1.0			0.9999999996045135	1.0	0.0	0.0	HG003	giabHC	-1	-2	sentmm2	sentdpb
Pb-HG003-30x-8-D0-PF-PACBIO-REVIO-sentmm2-sentdpb-Indel_50	Indel_50	Pb-HG003-30x-8-D0-PF-PACBIO-REVIO	2528531102.0	2528485050.0	13.0	46039.0	103.0	0.9987417836301712	0.9997177104143142	0.9999999592641468	0.002232239608166096	0.9977677603918339	0.9977677603918339	HG003	giabHC	-1	-2	sentmm2	sentdpb
Pb-HG003-30x-8-D0-PF-PACBIO-REVIO-sentmm2-sentdpb-Indel_gt50	Indel_gt50	Pb-HG003-30x-8-D0-PF-PACBIO-REVIO	2528531102.0	2528530607.0	2.0	493.0	1.0	0.9969666329625885	0.9959595959595959	0.9999999996045134	0.0020242914979757085	0.9979757085020243	0.9979757085020243	HG003	giabHC	-1	-2	sentmm2	sentdpb
Pb-HG003-30x-8-D0-PF-PACBIO-REVIO-sentmm2-sentdpb-All	All	Pb-HG003-30x-8-D0-PF-PACBIO-REVIO	2528531102.0	2524700269.0	6551.0	3824282.0	9908.0	0.9978527135535015	0.9982899280652537	0.9999960755891546	0.0025841181579420946	0.9974158818420579	0.9974158818420579	HG003	giabHC	-1	-2	sentmm2	sentdpb
Pb-HG003-3x-2-D0-PF-PACBIO-REVIO-sentmm2-sentdpb-SNPts	SNPts	Pb-HG003-3x-2-D0-PF-PACBIO-REVIO	2799325643.0	2797071432.0	384202.0	1870009.0	146836.0	0.8756658774785441	0.8295625387330645	0.999947506420332	0.07280480155887041	0.9271951984411296	0.9271951984411296	HG003	ultima	-1	-2	sentmm2	sentdpb
Pb-HG003-3x-2-D0-PF-PACBIO-REVIO-sentmm2-sentdpb-SNPtv	SNPtv	Pb-HG003-3x-2-D0-PF-PACBIO-REVIO	2799325643.0	2798266796.0	182138.0	876709.0	88760.0	0.8661780077813938	0.8279845907860154	0.9999682813716042	0.09193459344629398	0.908065406553706	0.908065406553706	HG003	ultima	-1	-2	sentmm2	sentdpb
Pb-HG003-3x-2-D0-PF-PACBIO-REVIO-sentmm2-sentdpb-INS_50	INS_50	Pb-HG003-3x-2-D0-PF-PACBIO-REVIO	2799325643.0	2799161304.0	39472.0	124867.0	70919.0	0.693464769177369	0.7598135561248395	0.9999746648386593	0.36222712553502295	0.6377728744649771	0.6377728744649771	HG003	ultima	-1	-2	sentmm2	sentdpb
Pb-HG003-3x-2-D0-PF-PACBIO-REVIO-sentmm2-sentdpb-INS_gt50	INS_gt50	Pb-HG003-3x-2-D0-PF-PACBIO-REVIO	2799325643.0	2799325545.0	69.0	29.0	332.0	0.12636165577342048	0.29591836734693877	0.9999998814000175	0.9196675900277008	0.08033240997229918	0.08033240997229917	HG003	ultima	-1	-2	sentmm2	sentdpb
Pb-HG003-3x-2-D0-PF-PACBIO-REVIO-sentmm2-sentdpb-DEL_50	DEL_50	Pb-HG003-3x-2-D0-PF-PACBIO-REVIO	2799325643.0	2799147449.0	45038.0	133156.0	62037.0	0.7132331870150809	0.7472529939279662	0.9999778376715603	0.3178238973733689	0.6821761026266311	0.6821761026266311	HG003	ultima	-1	-2	sentmm2	sentdpb
Pb-HG003-3x-2-D0-PF-PACBIO-REVIO-sentmm2-sentdpb-DEL_gt50	DEL_gt50	Pb-HG003-3x-2-D0-PF-PACBIO-REVIO	2799325643.0	2799325553.0	49.0	41.0	373.0	0.1626984126984127	0.45555555555555555	0.9999998667536365	0.9009661835748792	0.09903381642512077	0.09903381642512077	HG003	ultima	-1	-2	sentmm2	sentdpb
Pb-HG003-3x-2-D0-PF-PACBIO-REVIO-sentmm2-sentdpb-Indel_50	Indel_50	Pb-HG003-3x-2-D0-PF-PACBIO-REVIO	2799325643.0	2799309426.0	2063.0	14154.0	3565.0	0.8341584158415841	0.872787815255596	0.9999987264732413	0.201196455781929	0.798803544218071	0.798803544218071	HG003	ultima	-1	-2	sentmm2	sentdpb
Pb-HG003-3x-2-D0-PF-PACBIO-REVIO-sentmm2-sentdpb-Indel_gt50	Indel_gt50	Pb-HG003-3x-2-D0-PF-PACBIO-REVIO	2799325643.0	2799325073.0	126.0	444.0	228.0	0.7149758454106279	0.7789473684210526	0.9999999185518025	0.3392857142857143	0.6607142857142857	0.6607142857142857	HG003	ultima	-1	-2	sentmm2	sentdpb
Pb-HG003-3x-2-D0-PF-PACBIO-REVIO-sentmm2-sentdpb-All	All	Pb-HG003-3x-2-D0-PF-PACBIO-REVIO	2799325643.0	2795653077.0	653157.0	3019409.0	373050.0	0.8547482846840598	0.8221524133262683	0.9998665784999655	0.10996448299006709	0.8900355170099329	0.8900355170099329	HG003	ultima	-1	-2	sentmm2	sentdpb
Pb-HG003-3x-2-D0-PF-PACBIO-REVIO-sentmm2-sentdpb-SNPts	SNPts	Pb-HG003-3x-2-D0-PF-PACBIO-REVIO	332544085.0	332287252.0	48831.0	208002.0	750.0	0.8935081671445602	0.8098725631052085	0.9999977429218163	0.0035927799494136583	0.9964072200505864	0.9964072200505864	HG003	giabHC_x_ultima_x_clinvar	-1	-2	sentmm2	sentdpb
Pb-HG003-3x-2-D0-PF-PACBIO-REVIO-sentmm2-sentdpb-SNPtv	SNPtv	Pb-HG003-3x-2-D0-PF-PACBIO-REVIO	332544085.0	332429468.0	21761.0	92856.0	817.0	0.8916030534351145	0.8101416020311123	0.9999975423418477	0.008721830196534754	0.9912781698034653	0.9912781698034653	HG003	giabHC_x_ultima_x_clinvar	-1	-2	sentmm2	sentdpb
Pb-HG003-3x-2-D0-PF-PACBIO-REVIO-sentmm2-sentdpb-INS_50	INS_50	Pb-HG003-3x-2-D0-PF-PACBIO-REVIO	332544085.0	332526624.0	4486.0	12975.0	2447.0	0.7891615728491926	0.74308458851154	0.9999926412448913	0.15866943327713656	0.8413305667228634	0.8413305667228634	HG003	giabHC_x_ultima_x_clinvar	-1	-2	sentmm2	sentdpb
Pb-HG003-3x-2-D0-PF-PACBIO-REVIO-sentmm2-sentdpb-INS_gt50	INS_gt50	Pb-HG003-3x-2-D0-PF-PACBIO-REVIO	332544085.0	332544085.0	0.0	0.0	0.0			1.0				HG003	giabHC_x_ultima_x_clinvar	-1	-2	sentmm2	sentdpb
Pb-HG003-3x-2-D0-PF-PACBIO-REVIO-sentmm2-sentdpb-DEL_50	DEL_50	Pb-HG003-3x-2-D0-PF-PACBIO-REVIO	332544085.0	332525160.0	5088.0	13837.0	1576.0	0.8059292911643078	0.7311492734478203	0.9999952605314719	0.10225134626613898	0.897748653733861	0.897748653733861	HG003	giabHC_x_ultima_x_clinvar	-1	-2	sentmm2	sentdpb
Pb-HG003-3x-2-D0-PF-PACBIO-REVIO-sentmm2-sentdpb-DEL_gt50	DEL_gt50	Pb-HG003-3x-2-D0-PF-PACBIO-REVIO	332544085.0	332544085.0	0.0	0.0	0.0			1.0				HG003	giabHC_x_ultima_x_clinvar	-1	-2	sentmm2	sentdpb
Pb-HG003-3x-2-D0-PF-PACBIO-REVIO-sentmm2-sentdpb-Indel_50	Indel_50	Pb-HG003-3x-2-D0-PF-PACBIO-REVIO	332544085.0	332542766.0	172.0	1147.0	95.0	0.8957438500585708	0.869598180439727	0.9999997143225396	0.07648953301127215	0.9235104669887279	0.9235104669887279	HG003	giabHC_x_ultima_x_clinvar	-1	-2	sentmm2	sentdpb
Pb-HG003-3x-2-D0-PF-PACBIO-REVIO-sentmm2-sentdpb-Indel_gt50	Indel_gt50	Pb-HG003-3x-2-D0-PF-PACBIO-REVIO	332544085.0	332544072.0	2.0	11.0	0.0	0.9166666666666666	0.8461538461538461	1.0	0.0	1.0	1.0	HG003	giabHC_x_ultima_x_clinvar	-1	-2	sentmm2	sentdpb
Pb-HG003-3x-2-D0-PF-PACBIO-REVIO-sentmm2-sentdpb-All	All	Pb-HG003-3x-2-D0-PF-PACBIO-REVIO	332544085.0	332134917.0	80340.0	328828.0	5685.0	0.8843254029617538	0.8036503343369961	0.999982883754754	0.016994855207420938	0.983005144792579	0.983005144792579	HG003	giabHC_x_ultima_x_clinvar	-1	-2	sentmm2	sentdpb
Pb-HG003-3x-2-D0-PF-PACBIO-REVIO-sentmm2-sentdpb-SNPts	SNPts	Pb-HG003-3x-2-D0-PF-PACBIO-REVIO	3088286401.0	3085963554.0	399917.0	1922930.0	337526.0	0.8391022806041843	0.827833258066502	0.9998906373709981	0.14931765979961564	0.8506823402003844	0.8506823402003844	HG003	hg38	-1	-2	sentmm2	sentdpb
Pb-HG003-3x-2-D0-PF-PACBIO-REVIO-sentmm2-sentdpb-SNPtv	SNPtv	Pb-HG003-3x-2-D0-PF-PACBIO-REVIO	3088286401.0	3087179221.0	194410.0	912770.0	249768.0	0.8043025609348826	0.8244097617370256	0.9999191016211579	0.214847170587112	0.785152829412888	0.785152829412888	HG003	hg38	-1	-2	sentmm2	sentdpb
Pb-HG003-3x-2-D0-PF-PACBIO-REVIO-sentmm2-sentdpb-INS_50	INS_50	Pb-HG003-3x-2-D0-PF-PACBIO-REVIO	3088286401.0	3088033492.0	71353.0	181556.0	217080.0	0.5573091651382482	0.7178708547343116	0.9999297077763157	0.5445569391625443	0.45544306083745567	0.4554430608374557	HG003	hg38	-1	-2	sentmm2	sentdpb
Pb-HG003-3x-2-D0-PF-PACBIO-REVIO-sentmm2-sentdpb-INS_gt50	INS_gt50	Pb-HG003-3x-2-D0-PF-PACBIO-REVIO	3088286401.0	3088286163.0	171.0	67.0	1883.0	0.061243144424131625	0.2815126050420168	0.9999993902770817	0.9656410256410256	0.03435897435897439	0.03435897435897436	HG003	hg38	-1	-2	sentmm2	sentdpb
Pb-HG003-3x-2-D0-PF-PACBIO-REVIO-sentmm2-sentdpb-DEL_50	DEL_50	Pb-HG003-3x-2-D0-PF-PACBIO-REVIO	3088286401.0	3088020050.0	77218.0	189133.0	185907.0	0.5897588210623473	0.7100893182304553	0.9999398009709881	0.49569912542662115	0.5043008745733788	0.5043008745733788	HG003	hg38	-1	-2	sentmm2	sentdpb
Pb-HG003-3x-2-D0-PF-PACBIO-REVIO-sentmm2-sentdpb-DEL_gt50	DEL_gt50	Pb-HG003-3x-2-D0-PF-PACBIO-REVIO	3088286401.0	3088286262.0	73.0	66.0	1231.0	0.09192200557103064	0.4748201438848921	0.9999996013972136	0.9491133384734002	0.05088666152659982	0.05088666152659985	HG003	hg38	-1	-2	sentmm2	sentdpb
Pb-HG003-3x-2-D0-PF-PACBIO-REVIO-sentmm2-sentdpb-Indel_50	Indel_50	Pb-HG003-3x-2-D0-PF-PACBIO-REVIO	3088286401.0	3088238045.0	6996.0	41360.0	58792.0	0.557007029924314	0.8553230209281165	0.9999809629698494	0.5870277178688393	0.41297228213116066	0.41297228213116066	HG003	hg38	-1	-2	sentmm2	sentdpb
Pb-HG003-3x-2-D0-PF-PACBIO-REVIO-sentmm2-sentdpb-Indel_gt50	Indel_gt50	Pb-HG003-3x-2-D0-PF-PACBIO-REVIO	3088286401.0	3088285302.0	292.0	807.0	1828.0	0.43224424209962503	0.7343039126478617	0.9999994080861258	0.6937381404174573	0.3062618595825427	0.3062618595825427	HG003	hg38	-1	-2	sentmm2	sentdpb
Pb-HG003-3x-2-D0-PF-PACBIO-REVIO-sentmm2-sentdpb-All	All	Pb-HG003-3x-2-D0-PF-PACBIO-REVIO	3088286401.0	3084287282.0	750430.0	3248689.0	1054015.0	0.7826447275495996	0.8123511703452685	0.9996583797711375	0.24496572387968124	0.7550342761203188	0.7550342761203187	HG003	hg38	-1	-2	sentmm2	sentdpb
Pb-HG003-3x-2-D0-PF-PACBIO-REVIO-sentmm2-sentdpb-SNPts	SNPts	Pb-HG003-3x-2-D0-PF-PACBIO-REVIO	688815815.0	688747862.0	14697.0	53256.0	330394.0	0.23585317192312716	0.7837181581387135	0.9995205276075348	0.8611859768017724	0.13881402319822755	0.13881402319822755	HG003	hg38_m_giabHC	-1	-2	sentmm2	sentdpb
Pb-HG003-3x-2-D0-PF-PACBIO-REVIO-sentmm2-sentdpb-SNPtv	SNPtv	Pb-HG003-3x-2-D0-PF-PACBIO-REVIO	688815815.0	688780707.0	8032.0	27076.0	242599.0	0.1776739516311605	0.7712202347043409	0.999647908861881	0.8995976638546398	0.1004023361453602	0.10040233614536015	HG003	hg38_m_giabHC	-1	-2	sentmm2	sentdpb
Pb-HG003-3x-2-D0-PF-PACBIO-REVIO-sentmm2-sentdpb-INS_50	INS_50	Pb-HG003-3x-2-D0-PF-PACBIO-REVIO	688815815.0	688788253.0	8400.0	19162.0	164473.0	0.18146091090309047	0.6952325665771715	0.9997612709932147	0.8956517003839137	0.10434829961608627	0.10434829961608626	HG003	hg38_m_giabHC	-1	-2	sentmm2	sentdpb
Pb-HG003-3x-2-D0-PF-PACBIO-REVIO-sentmm2-sentdpb-INS_gt50	INS_gt50	Pb-HG003-3x-2-D0-PF-PACBIO-REVIO	688815815.0	688815578.0	171.0	66.0	1882.0	0.06041189931350116	0.27848101265822783	0.9999972677812203	0.9661190965092402	0.033880903490759784	0.033880903490759756	HG003	hg38_m_giabHC	-1	-2	sentmm2	sentdpb
Pb-HG003-3x-2-D0-PF-PACBIO-REVIO-sentmm2-sentdpb-DEL_50	DEL_50	Pb-HG003-3x-2-D0-PF-PACBIO-REVIO	688815815.0	688788123.0	8522.0	19170.0	147928.0	0.19682735253349765	0.6922576917521306	0.9997852805063906	0.885276903374068	0.11472309662593205	0.1147230966259321	HG003	hg38_m_giabHC	-1	-2	sentmm2	sentdpb
Pb-HG003-3x-2-D0-PF-PACBIO-REVIO-sentmm2-sentdpb-DEL_gt50	DEL_gt50	Pb-HG003-3x-2-D0-PF-PACBIO-REVIO	688815815.0	688815676.0	73.0	66.0	1231.0	0.09192200557103064	0.4748201438848921	0.99999821287778	0.9491133384734002	0.05088666152659982	0.05088666152659985	HG003	hg38_m_giabHC	-1	-2	sentmm2	sentdpb
Pb-HG003-3x-2-D0-PF-PACBIO-REVIO-sentmm2-sentdpb-Indel_50	Indel_50	Pb-HG003-3x-2-D0-PF-PACBIO-REVIO	688815815.0	688807282.0	1877.0	6656.0	54018.0	0.1923504847775514	0.7800304699402321	0.9999215836337445	0.8902989748491941	0.10970102515080593	0.10970102515080594	HG003	hg38_m_giabHC	-1	-2	sentmm2	sentdpb
Pb-HG003-3x-2-D0-PF-PACBIO-REVIO-sentmm2-sentdpb-Indel_gt50	Indel_gt50	Pb-HG003-3x-2-D0-PF-PACBIO-REVIO	688815815.0	688814983.0	244.0	588.0	1825.0	0.36240369799691835	0.7067307692307693	0.9999973505292281	0.756319933692499	0.24368006630750105	0.24368006630750103	HG003	hg38_m_giabHC	-1	-2	sentmm2	sentdpb
Pb-HG003-3x-2-D0-PF-PACBIO-REVIO-sentmm2-sentdpb-All	All	Pb-HG003-3x-2-D0-PF-PACBIO-REVIO	688815815.0	688647759.0	42016.0	126040.0	944350.0	0.203545410942423	0.7499880992050268	0.9986305672764013	0.8822485262381001	0.11775147376189987	0.11775147376189987	HG003	hg38_m_giabHC	-1	-2	sentmm2	sentdpb
Pb-HG003-3x-2-D0-PF-PACBIO-REVIO-sentmm2-sentdpb-SNPts	SNPts	Pb-HG003-3x-2-D0-PF-PACBIO-REVIO	377862616.0	377589356.0	53006.0	220254.0	36331.0	0.831390312261133	0.8060235672985435	0.9999037909727788	0.1415944034140733	0.8584055965859267	0.8584055965859267	HG003	clinvar_genes	-1	-2	sentmm2	sentdpb
Pb-HG003-3x-2-D0-PF-PACBIO-REVIO-sentmm2-sentdpb-SNPtv	SNPtv	Pb-HG003-3x-2-D0-PF-PACBIO-REVIO	377862616.0	377738240.0	24379.0	99997.0	21658.0	0.8128813035755658	0.8039895156621857	0.9999426672865102	0.17802803008507664	0.8219719699149234	0.8219719699149234	HG003	clinvar_genes	-1	-2	sentmm2	sentdpb
Pb-HG003-3x-2-D0-PF-PACBIO-REVIO-sentmm2-sentdpb-INS_50	INS_50	Pb-HG003-3x-2-D0-PF-PACBIO-REVIO	377862616.0	377833851.0	8543.0	20222.0	22796.0	0.5634203084295726	0.7030071267164958	0.9999396702421911	0.529917708866056	0.47008229113394395	0.47008229113394395	HG003	clinvar_genes	-1	-2	sentmm2	sentdpb
Pb-HG003-3x-2-D0-PF-PACBIO-REVIO-sentmm2-sentdpb-INS_gt50	INS_gt50	Pb-HG003-3x-2-D0-PF-PACBIO-REVIO	377862616.0	377862587.0	21.0	8.0	224.0	0.061302681992337155	0.27586206896551724	0.9999994071922574	0.9655172413793104	0.03448275862068961	0.034482758620689655	HG003	clinvar_genes	-1	-2	sentmm2	sentdpb
Pb-HG003-3x-2-D0-PF-PACBIO-REVIO-sentmm2-sentdpb-DEL_50	DEL_50	Pb-HG003-3x-2-D0-PF-PACBIO-REVIO	377862616.0	377832271.0	9354.0	20991.0	19402.0	0.5934858209166218	0.6917449332674246	0.9999486518086689	0.48033075037754064	0.5196692496224593	0.5196692496224593	HG003	clinvar_genes	-1	-2	sentmm2	sentdpb
Pb-HG003-3x-2-D0-PF-PACBIO-REVIO-sentmm2-sentdpb-DEL_gt50	DEL_gt50	Pb-HG003-3x-2-D0-PF-PACBIO-REVIO	377862616.0	377862598.0	10.0	8.0	146.0	0.09302325581395349	0.4444444444444444	0.9999996136163135	0.948051948051948	0.051948051948051965	0.05194805194805195	HG003	clinvar_genes	-1	-2	sentmm2	sentdpb
Pb-HG003-3x-2-D0-PF-PACBIO-REVIO-sentmm2-sentdpb-Indel_50	Indel_50	Pb-HG003-3x-2-D0-PF-PACBIO-REVIO	377862616.0	377857705.0	766.0	4145.0	6024.0	0.5497347480106102	0.8440236204439014	0.9999840577447962	0.592388632117219	0.40761136788278096	0.407611367882781	HG003	clinvar_genes	-1	-2	sentmm2	sentdpb
Pb-HG003-3x-2-D0-PF-PACBIO-REVIO-sentmm2-sentdpb-Indel_gt50	Indel_gt50	Pb-HG003-3x-2-D0-PF-PACBIO-REVIO	377862616.0	377862498.0	38.0	80.0	182.0	0.42105263157894735	0.6779661016949152	0.9999995183435422	0.6946564885496184	0.30534351145038163	0.3053435114503817	HG003	clinvar_genes	-1	-2	sentmm2	sentdpb
Pb-HG003-3x-2-D0-PF-PACBIO-REVIO-sentmm2-sentdpb-All	All	Pb-HG003-3x-2-D0-PF-PACBIO-REVIO	377862616.0	377400794.0	96117.0	365705.0	106763.0	0.7828511490008455	0.791874358519083	0.9997171897674091	0.22596874285665908	0.774031257143341	0.774031257143341	HG003	clinvar_genes	-1	-2	sentmm2	sentdpb
Pb-HG003-3x-2-D0-PF-PACBIO-REVIO-sentmm2-sentdpb-SNPts	SNPts	Pb-HG003-3x-2-D0-PF-PACBIO-REVIO	2505355380.0	2503152250.0	373994.0	1829136.0	5679.0	0.9059737069227045	0.83024424341732	0.9999977312658006	0.0030951349318596153	0.9969048650681404	0.9969048650681404	HG003	giabHC_x_ultima	-1	-2	sentmm2	sentdpb
Pb-HG003-3x-2-D0-PF-PACBIO-REVIO-sentmm2-sentdpb-SNPtv	SNPtv	Pb-HG003-3x-2-D0-PF-PACBIO-REVIO	2505355380.0	2504320826.0	177162.0	857392.0	6299.0	0.90335230699936	0.828755193059038	0.9999974847535144	0.007293117561720569	0.9927068824382794	0.9927068824382794	HG003	giabHC_x_ultima	-1	-2	sentmm2	sentdpb
Pb-HG003-3x-2-D0-PF-PACBIO-REVIO-sentmm2-sentdpb-INS_50	INS_50	Pb-HG003-3x-2-D0-PF-PACBIO-REVIO	2505355380.0	2505201728.0	36921.0	116731.0	22607.0	0.7968258302331138	0.7597102543409783	0.9999909760576392	0.1622457621036616	0.8377542378963384	0.8377542378963384	HG003	giabHC_x_ultima	-1	-2	sentmm2	sentdpb
Pb-HG003-3x-2-D0-PF-PACBIO-REVIO-sentmm2-sentdpb-INS_gt50	INS_gt50	Pb-HG003-3x-2-D0-PF-PACBIO-REVIO	2505355380.0	2505355380.0	0.0	0.0	0.0			1.0				HG003	giabHC_x_ultima	-1	-2	sentmm2	sentdpb
Pb-HG003-3x-2-D0-PF-PACBIO-REVIO-sentmm2-sentdpb-DEL_50	DEL_50	Pb-HG003-3x-2-D0-PF-PACBIO-REVIO	2505355380.0	2505189745.0	41811.0	123824.0	15055.0	0.8132565333613562	0.7475714673831014	0.9999939905112748	0.10840371834474614	0.8915962816552538	0.8915962816552538	HG003	giabHC_x_ultima	-1	-2	sentmm2	sentdpb
Pb-HG003-3x-2-D0-PF-PACBIO-REVIO-sentmm2-sentdpb-DEL_gt50	DEL_gt50	Pb-HG003-3x-2-D0-PF-PACBIO-REVIO	2505355380.0	2505355380.0	0.0	0.0	0.0			1.0				HG003	giabHC_x_ultima	-1	-2	sentmm2	sentdpb
Pb-HG003-3x-2-D0-PF-PACBIO-REVIO-sentmm2-sentdpb-Indel_50	Indel_50	Pb-HG003-3x-2-D0-PF-PACBIO-REVIO	2505355380.0	2505341739.0	1613.0	12028.0	915.0	0.904905206139031	0.8817535371307089	0.9999996347804966	0.07069458394498956	0.9293054160550105	0.9293054160550104	HG003	giabHC_x_ultima	-1	-2	sentmm2	sentdpb
Pb-HG003-3x-2-D0-PF-PACBIO-REVIO-sentmm2-sentdpb-Indel_gt50	Indel_gt50	Pb-HG003-3x-2-D0-PF-PACBIO-REVIO	2505355380.0	2505355173.0	31.0	176.0	1.0	0.9166666666666667	0.8502415458937198	0.999999999600855	0.005649717514124294	0.9943502824858758	0.9943502824858758	HG003	giabHC_x_ultima	-1	-2	sentmm2	sentdpb
Pb-HG003-3x-2-D0-PF-PACBIO-REVIO-sentmm2-sentdpb-All	All	Pb-HG003-3x-2-D0-PF-PACBIO-REVIO	2505355380.0	2501784561.0	631532.0	2939287.0	50556.0	0.8960336624566241	0.8231408536809063	0.9999797924332997	0.01690924908097181	0.9830907509190282	0.9830907509190282	HG003	giabHC_x_ultima	-1	-2	sentmm2	sentdpb
Pb-HG003-3x-2-D0-PF-PACBIO-REVIO-sentmm2-sentdpb-SNPts	SNPts	Pb-HG003-3x-2-D0-PF-PACBIO-REVIO	337668665.0	337403088.0	51202.0	214375.0	999.0	0.8914629556857143	0.8072046901651875	0.9999970391585683	0.004638442894685524	0.9953615571053145	0.9953615571053145	HG003	giabHC_x_clinvar_genes	-1	-2	sentmm2	sentdpb
Pb-HG003-3x-2-D0-PF-PACBIO-REVIO-sentmm2-sentdpb-SNPtv	SNPtv	Pb-HG003-3x-2-D0-PF-PACBIO-REVIO	337668665.0	337548365.0	23381.0	96919.0	957.0	0.8884478586095629	0.8056442227763924	0.9999971648587699	0.009777677878131514	0.9902223221218684	0.9902223221218684	HG003	giabHC_x_clinvar_genes	-1	-2	sentmm2	sentdpb
Pb-HG003-3x-2-D0-PF-PACBIO-REVIO-sentmm2-sentdpb-INS_50	INS_50	Pb-HG003-3x-2-D0-PF-PACBIO-REVIO	337668665.0	337642764.0	7644.0	18257.0	6085.0	0.7267480046971717	0.7048762596038763	0.999981978318546	0.24997945937063512	0.7500205406293649	0.7500205406293649	HG003	giabHC_x_clinvar_genes	-1	-2	sentmm2	sentdpb
Pb-HG003-3x-2-D0-PF-PACBIO-REVIO-sentmm2-sentdpb-INS_gt50	INS_gt50	Pb-HG003-3x-2-D0-PF-PACBIO-REVIO	337668665.0	337668665.0	0.0	0.0	0.0			1.0				HG003	giabHC_x_clinvar_genes	-1	-2	sentmm2	sentdpb
Pb-HG003-3x-2-D0-PF-PACBIO-REVIO-sentmm2-sentdpb-DEL_50	DEL_50	Pb-HG003-3x-2-D0-PF-PACBIO-REVIO	337668665.0	337641212.0	8376.0	19077.0	4297.0	0.7506640171562358	0.6948967325975304	0.9999872736349649	0.18383674167878838	0.8161632583212116	0.8161632583212116	HG003	giabHC_x_clinvar_genes	-1	-2	sentmm2	sentdpb
Pb-HG003-3x-2-D0-PF-PACBIO-REVIO-sentmm2-sentdpb-DEL_gt50	DEL_gt50	Pb-HG003-3x-2-D0-PF-PACBIO-REVIO	337668665.0	337668665.0	0.0	0.0	0.0			1.0				HG003	giabHC_x_clinvar_genes	-1	-2	sentmm2	sentdpb
Pb-HG003-3x-2-D0-PF-PACBIO-REVIO-sentmm2-sentdpb-Indel_50	Indel_50	Pb-HG003-3x-2-D0-PF-PACBIO-REVIO	337668665.0	337664601.0	573.0	3491.0	550.0	0.8614435533621221	0.859005905511811	0.9999983711674173	0.13610492452363276	0.8638950754763672	0.8638950754763672	HG003	giabHC_x_clinvar_genes	-1	-2	sentmm2	sentdpb
Pb-HG003-3x-2-D0-PF-PACBIO-REVIO-sentmm2-sentdpb-Indel_gt50	Indel_gt50	Pb-HG003-3x-2-D0-PF-PACBIO-REVIO	337668665.0	337668644.0	7.0	14.0	0.0	0.8	0.6666666666666666	1.0	0.0	1.0	1.0	HG003	giabHC_x_clinvar_genes	-1	-2	sentmm2	sentdpb
Pb-HG003-3x-2-D0-PF-PACBIO-REVIO-sentmm2-sentdpb-All	All	Pb-HG003-3x-2-D0-PF-PACBIO-REVIO	337668665.0	337225349.0	91183.0	352133.0	12888.0	0.8712529551412344	0.794316018370643	0.999961783692992	0.03530755764736823	0.9646924423526317	0.9646924423526317	HG003	giabHC_x_clinvar_genes	-1	-2	sentmm2	sentdpb
Pb-HG003-3x-2-D0-PF-PACBIO-REVIO-sentmm2-sentdpb-SNPts	SNPts	Pb-HG003-3x-2-D0-PF-PACBIO-REVIO	2528531102.0	2526276180.0	385220.0	1869702.0	7132.0	0.9050398910293832	0.8291648225526205	0.9999971768803736	0.0038000164106148974	0.9961999835893851	0.9961999835893851	HG003	giabHC	-1	-2	sentmm2	sentdpb
Pb-HG003-3x-2-D0-PF-PACBIO-REVIO-sentmm2-sentdpb-SNPtv	SNPtv	Pb-HG003-3x-2-D0-PF-PACBIO-REVIO	2528531102.0	2527459020.0	186378.0	885704.0	7169.0	0.9015005432694387	0.8261532233541837	0.9999971635624519	0.008029137402519732	0.9919708625974802	0.9919708625974802	HG003	giabHC	-1	-2	sentmm2	sentdpb
Pb-HG003-3x-2-D0-PF-PACBIO-REVIO-sentmm2-sentdpb-INS_50	INS_50	Pb-HG003-3x-2-D0-PF-PACBIO-REVIO	2528531102.0	2528305832.0	62940.0	162330.0	52601.0	0.7375267207480218	0.7206019443334665	0.9999791955921623	0.24473435660746937	0.7552656433925307	0.7552656433925307	HG003	giabHC	-1	-2	sentmm2	sentdpb
Pb-HG003-3x-2-D0-PF-PACBIO-REVIO-sentmm2-sentdpb-INS_gt50	INS_gt50	Pb-HG003-3x-2-D0-PF-PACBIO-REVIO	2528531102.0	2528531101.0	0.0	1.0	1.0	0.6666666666666666	1.0	0.9999999996045135	0.5	0.5	0.5	HG003	giabHC	-1	-2	sentmm2	sentdpb
Pb-HG003-3x-2-D0-PF-PACBIO-REVIO-sentmm2-sentdpb-DEL_50	DEL_50	Pb-HG003-3x-2-D0-PF-PACBIO-REVIO	2528531102.0	2528292249.0	68731.0	170122.0	37984.0	0.7612420826071294	0.7122456071307457	0.9999849766460471	0.18252236840840724	0.8174776315915928	0.8174776315915927	HG003	giabHC	-1	-2	sentmm2	sentdpb
Pb-HG003-3x-2-D0-PF-PACBIO-REVIO-sentmm2-sentdpb-DEL_gt50	DEL_gt50	Pb-HG003-3x-2-D0-PF-PACBIO-REVIO	2528531102.0	2528531102.0	0.0	0.0	0.0			1.0				HG003	giabHC	-1	-2	sentmm2	sentdpb
Pb-HG003-3x-2-D0-PF-PACBIO-REVIO-sentmm2-sentdpb-Indel_50	Indel_50	Pb-HG003-3x-2-D0-PF-PACBIO-REVIO	2528531102.0	2528491279.0	5119.0	34704.0	4774.0	0.8752474748111625	0.8714561936569319	0.9999981119211183	0.12092811185977	0.87907188814023	0.87907188814023	HG003	giabHC	-1	-2	sentmm2	sentdpb
Pb-HG003-3x-2-D0-PF-PACBIO-REVIO-sentmm2-sentdpb-Indel_gt50	Indel_gt50	Pb-HG003-3x-2-D0-PF-PACBIO-REVIO	2528531102.0	2528530833.0	50.0	219.0	3.0	0.8920570264765785	0.8141263940520446	0.9999999988135403	0.013513513513513514	0.9864864864864865	0.9864864864864865	HG003	giabHC	-1	-2	sentmm2	sentdpb
Pb-HG003-3x-2-D0-PF-PACBIO-REVIO-sentmm2-sentdpb-All	All	Pb-HG003-3x-2-D0-PF-PACBIO-REVIO	2528531102.0	2524699882.0	708438.0	3122782.0	109664.0	0.8841816699713717	0.8150881442464802	0.9999565654367183	0.0339260114476777	0.9660739885523223	0.9660739885523223	HG003	giabHC	-1	-2	sentmm2	sentdpb
Pb-HG003-5x-3-D0-PF-PACBIO-REVIO-sentmm2-sentdpb-SNPts	SNPts	Pb-HG003-5x-3-D0-PF-PACBIO-REVIO	3088286401.0	3085963684.0	156919.0	2165798.0	397975.0	0.8864432343051967	0.9324416190177279	0.9998710536729098	0.15523020173782937	0.8447697982621707	0.8447697982621707	HG003	hg38	-1	-2	sentmm2	sentdpb
Pb-HG003-5x-3-D0-PF-PACBIO-REVIO-sentmm2-sentdpb-SNPtv	SNPtv	Pb-HG003-5x-3-D0-PF-PACBIO-REVIO	3088286401.0	3087179404.0	78166.0	1028831.0	298403.0	0.8453026849136339	0.9293891492027531	0.999903350560343	0.22483073821195057	0.7751692617880495	0.7751692617880495	HG003	hg38	-1	-2	sentmm2	sentdpb
Pb-HG003-5x-3-D0-PF-PACBIO-REVIO-sentmm2-sentdpb-INS_50	INS_50	Pb-HG003-5x-3-D0-PF-PACBIO-REVIO	3088286401.0	3088037077.0	35787.0	213537.0	215900.0	0.6291964329123212	0.8564638783269962	0.9999300899241066	0.5027512766715491	0.49724872332845094	0.497248723328451	HG003	hg38	-1	-2	sentmm2	sentdpb
Pb-HG003-5x-3-D0-PF-PACBIO-REVIO-sentmm2-sentdpb-INS_gt50	INS_gt50	Pb-HG003-5x-3-D0-PF-PACBIO-REVIO	3088286401.0	3088286164.0	146.0	91.0	2367.0	0.06753246753246754	0.38396624472573837	0.9999992335560696	0.9629780309194467	0.03702196908055333	0.037021969080553295	HG003	hg38	-1	-2	sentmm2	sentdpb
Pb-HG003-5x-3-D0-PF-PACBIO-REVIO-sentmm2-sentdpb-DEL_50	DEL_50	Pb-HG003-5x-3-D0-PF-PACBIO-REVIO	3088286401.0	3088023506.0	38113.0	224782.0	188821.0	0.6645459410079557	0.8550257707449742	0.9999388575071898	0.4565271528494716	0.5434728471505283	0.5434728471505285	HG003	hg38	-1	-2	sentmm2	sentdpb
Pb-HG003-5x-3-D0-PF-PACBIO-REVIO-sentmm2-sentdpb-DEL_gt50	DEL_gt50	Pb-HG003-5x-3-D0-PF-PACBIO-REVIO	3088286401.0	3088286263.0	62.0	76.0	1465.0	0.09053007742703992	0.5507246376811594	0.9999995256271018	0.9506813757300454	0.04931862426995459	0.04931862426995458	HG003	hg38	-1	-2	sentmm2	sentdpb
Pb-HG003-5x-3-D0-PF-PACBIO-REVIO-sentmm2-sentdpb-Indel_50	Indel_50	Pb-HG003-5x-3-D0-PF-PACBIO-REVIO	3088286401.0	3088230984.0	2635.0	52782.0	68661.0	0.5968788872554562	0.9524514138260822	0.9999777673775564	0.5653763493984832	0.43462365060151675	0.43462365060151675	HG003	hg38	-1	-2	sentmm2	sentdpb
Pb-HG003-5x-3-D0-PF-PACBIO-REVIO-sentmm2-sentdpb-Indel_gt50	Indel_gt50	Pb-HG003-5x-3-D0-PF-PACBIO-REVIO	3088286401.0	3088285113.0	117.0	1171.0	2451.0	0.4769857433808554	0.9091614906832298	0.9999992063562899	0.676697956929873	0.323302043070127	0.323302043070127	HG003	hg38	-1	-2	sentmm2	sentdpb
Pb-HG003-5x-3-D0-PF-PACBIO-REVIO-sentmm2-sentdpb-All	All	Pb-HG003-5x-3-D0-PF-PACBIO-REVIO	3088286401.0	3084287388.0	311945.0	3687068.0	1176043.0	0.8320957820044043	0.9219945021434038	0.99961884396743	0.2418293557354541	0.758170644264546	0.7581706442645458	HG003	hg38	-1	-2	sentmm2	sentdpb
Pb-HG003-5x-3-D0-PF-PACBIO-REVIO-sentmm2-sentdpb-SNPts	SNPts	Pb-HG003-5x-3-D0-PF-PACBIO-REVIO	688815815.0	688747928.0	6995.0	60892.0	391656.0	0.23400424644768317	0.8969611265779899	0.9994316739176021	0.8654463172967287	0.13455368270327128	0.13455368270327125	HG003	hg38_m_giabHC	-1	-2	sentmm2	sentdpb
Pb-HG003-5x-3-D0-PF-PACBIO-REVIO-sentmm2-sentdpb-SNPtv	SNPtv	Pb-HG003-5x-3-D0-PF-PACBIO-REVIO	688815815.0	688780733.0	3833.0	31249.0	293145.0	0.17385861643058229	0.890741690895616	0.999574581174299	0.9036696116450983	0.09633038835490171	0.09633038835490175	HG003	hg38_m_giabHC	-1	-2	sentmm2	sentdpb
Pb-HG003-5x-3-D0-PF-PACBIO-REVIO-sentmm2-sentdpb-INS_50	INS_50	Pb-HG003-5x-3-D0-PF-PACBIO-REVIO	688815815.0	688788852.0	4681.0	22282.0	176765.0	0.19717711605681162	0.8263917219893929	0.9997434342213336	0.8880565896496807	0.1119434103503193	0.11194341035031927	HG003	hg38_m_giabHC	-1	-2	sentmm2	sentdpb
Pb-HG003-5x-3-D0-PF-PACBIO-REVIO-sentmm2-sentdpb-INS_gt50	INS_gt50	Pb-HG003-5x-3-D0-PF-PACBIO-REVIO	688815815.0	688815579.0	146.0	90.0	2366.0	0.06686478454680535	0.3813559322033898	0.9999965651301376	0.9633550488599348	0.03664495114006516	0.03664495114006515	HG003	hg38_m_giabHC	-1	-2	sentmm2	sentdpb
Pb-HG003-5x-3-D0-PF-PACBIO-REVIO-sentmm2-sentdpb-DEL_50	DEL_50	Pb-HG003-5x-3-D0-PF-PACBIO-REVIO	688815815.0	688788714.0	4641.0	22460.0	162798.0	0.2115285907354998	0.828751706579093	0.9997637018031539	0.8787636701249069	0.12123632987509314	0.12123632987509311	HG003	hg38_m_giabHC	-1	-2	sentmm2	sentdpb
Pb-HG003-5x-3-D0-PF-PACBIO-REVIO-sentmm2-sentdpb-DEL_gt50	DEL_gt50	Pb-HG003-5x-3-D0-PF-PACBIO-REVIO	688815815.0	688815677.0	62.0	76.0	1465.0	0.09053007742703992	0.5507246376811594	0.9999978731655897	0.9506813757300454	0.04931862426995459	0.04931862426995458	HG003	hg38_m_giabHC	-1	-2	sentmm2	sentdpb
Pb-HG003-5x-3-D0-PF-PACBIO-REVIO-sentmm2-sentdpb-Indel_50	Indel_50	Pb-HG003-5x-3-D0-PF-PACBIO-REVIO	688815815.0	688806050.0	809.0	8956.0	65343.0	0.2130757518081462	0.917153097798259	0.9999051448490037	0.8794600196503317	0.12053998034966829	0.12053998034966823	HG003	hg38_m_giabHC	-1	-2	sentmm2	sentdpb
Pb-HG003-5x-3-D0-PF-PACBIO-REVIO-sentmm2-sentdpb-Indel_gt50	Indel_gt50	Pb-HG003-5x-3-D0-PF-PACBIO-REVIO	688815815.0	688814904.0	103.0	808.0	2448.0	0.38780897528197744	0.8869374313940724	0.9999964460825603	0.7518427518427518	0.24815724815724816	0.24815724815724816	HG003	hg38_m_giabHC	-1	-2	sentmm2	sentdpb
Pb-HG003-5x-3-D0-PF-PACBIO-REVIO-sentmm2-sentdpb-All	All	Pb-HG003-5x-3-D0-PF-PACBIO-REVIO	688815815.0	688647732.0	21270.0	146813.0	1095986.0	0.20811520736673939	0.8734553762129424	0.9984110243103367	0.8818690713462113	0.11813092865378871	0.11813092865378874	HG003	hg38_m_giabHC	-1	-2	sentmm2	sentdpb
Pb-HG003-5x-3-D0-PF-PACBIO-REVIO-sentmm2-sentdpb-SNPts	SNPts	Pb-HG003-5x-3-D0-PF-PACBIO-REVIO	337668665.0	337403104.0	21001.0	244560.0	832.0	0.9572700424500884	0.9209183577407827	0.9999975341129393	0.0033904935776227422	0.9966095064223772	0.9966095064223772	HG003	giabHC_x_clinvar_genes	-1	-2	sentmm2	sentdpb
Pb-HG003-5x-3-D0-PF-PACBIO-REVIO-sentmm2-sentdpb-SNPtv	SNPtv	Pb-HG003-5x-3-D0-PF-PACBIO-REVIO	337668665.0	337548387.0	9852.0	110426.0	700.0	0.954400096800401	0.9180897587256189	0.9999979262275416	0.006299155913107643	0.9937008440868924	0.9937008440868924	HG003	giabHC_x_clinvar_genes	-1	-2	sentmm2	sentdpb
Pb-HG003-5x-3-D0-PF-PACBIO-REVIO-sentmm2-sentdpb-INS_50	INS_50	Pb-HG003-5x-3-D0-PF-PACBIO-REVIO	337668665.0	337643070.0	3849.0	21746.0	4657.0	0.8364167852609715	0.8496190662238718	0.9999862075185834	0.1763814718024467	0.8236185281975533	0.8236185281975533	HG003	giabHC_x_clinvar_genes	-1	-2	sentmm2	sentdpb
Pb-HG003-5x-3-D0-PF-PACBIO-REVIO-sentmm2-sentdpb-INS_gt50	INS_gt50	Pb-HG003-5x-3-D0-PF-PACBIO-REVIO	337668665.0	337668665.0	0.0	0.0	0.0			1.0				HG003	giabHC_x_clinvar_genes	-1	-2	sentmm2	sentdpb
Pb-HG003-5x-3-D0-PF-PACBIO-REVIO-sentmm2-sentdpb-DEL_50	DEL_50	Pb-HG003-5x-3-D0-PF-PACBIO-REVIO	337668665.0	337641499.0	4236.0	22930.0	3065.0	0.8626624781324657	0.8440697931237576	0.9999909224067947	0.11790728986343528	0.8820927101365648	0.8820927101365648	HG003	giabHC_x_clinvar_genes	-1	-2	sentmm2	sentdpb
Pb-HG003-5x-3-D0-PF-PACBIO-REVIO-sentmm2-sentdpb-DEL_gt50	DEL_gt50	Pb-HG003-5x-3-D0-PF-PACBIO-REVIO	337668665.0	337668665.0	0.0	0.0	0.0			1.0				HG003	giabHC_x_clinvar_genes	-1	-2	sentmm2	sentdpb
Pb-HG003-5x-3-D0-PF-PACBIO-REVIO-sentmm2-sentdpb-Indel_50	Indel_50	Pb-HG003-5x-3-D0-PF-PACBIO-REVIO	337668665.0	337664003.0	185.0	4477.0	392.0	0.9394607071660896	0.9603174603174603	0.9999988390839964	0.0805093448346683	0.9194906551653317	0.9194906551653317	HG003	giabHC_x_clinvar_genes	-1	-2	sentmm2	sentdpb
Pb-HG003-5x-3-D0-PF-PACBIO-REVIO-sentmm2-sentdpb-Indel_gt50	Indel_gt50	Pb-HG003-5x-3-D0-PF-PACBIO-REVIO	337668665.0	337668631.0	3.0	31.0	1.0	0.9393939393939394	0.9117647058823529	0.9999999970385167	0.03125	0.96875	0.96875	HG003	giabHC_x_clinvar_genes	-1	-2	sentmm2	sentdpb
Pb-HG003-5x-3-D0-PF-PACBIO-REVIO-sentmm2-sentdpb-All	All	Pb-HG003-5x-3-D0-PF-PACBIO-REVIO	337668665.0	337225369.0	39126.0	404170.0	9647.0	0.943096184517094	0.9117384321085685	0.9999713938365167	0.023312237051643602	0.9766877629483564	0.9766877629483564	HG003	giabHC_x_clinvar_genes	-1	-2	sentmm2	sentdpb
Pb-HG003-5x-3-D0-PF-PACBIO-REVIO-sentmm2-sentdpb-SNPts	SNPts	Pb-HG003-5x-3-D0-PF-PACBIO-REVIO	2528531102.0	2526276240.0	149924.0	2104938.0	6319.0	0.9642146721149836	0.933510786912902	0.9999974986962652	0.0029930036940078826	0.9970069963059921	0.9970069963059921	HG003	giabHC	-1	-2	sentmm2	sentdpb
Pb-HG003-5x-3-D0-PF-PACBIO-REVIO-sentmm2-sentdpb-SNPtv	SNPtv	Pb-HG003-5x-3-D0-PF-PACBIO-REVIO	2528531102.0	2527459176.0	74333.0	997593.0	5258.0	0.9616387688893795	0.9306547280315992	0.9999979196542079	0.005243052058580985	0.994756947941419	0.994756947941419	HG003	giabHC	-1	-2	sentmm2	sentdpb
Pb-HG003-5x-3-D0-PF-PACBIO-REVIO-sentmm2-sentdpb-INS_50	INS_50	Pb-HG003-5x-3-D0-PF-PACBIO-REVIO	2528531102.0	2528308819.0	31100.0	191183.0	39128.0	0.8448322337459181	0.8600882658592874	0.9999845242819342	0.16989201557893457	0.8301079844210655	0.8301079844210655	HG003	giabHC	-1	-2	sentmm2	sentdpb
Pb-HG003-5x-3-D0-PF-PACBIO-REVIO-sentmm2-sentdpb-INS_gt50	INS_gt50	Pb-HG003-5x-3-D0-PF-PACBIO-REVIO	2528531102.0	2528531101.0	0.0	1.0	1.0	0.6666666666666666	1.0	0.9999999996045135	0.5	0.5	0.5	HG003	giabHC	-1	-2	sentmm2	sentdpb
Pb-HG003-5x-3-D0-PF-PACBIO-REVIO-sentmm2-sentdpb-DEL_50	DEL_50	Pb-HG003-5x-3-D0-PF-PACBIO-REVIO	2528531102.0	2528295115.0	33490.0	202497.0	26030.0	0.8718660793861971	0.8580854030094878	0.9999897046306592	0.1139033899714257	0.8860966100285743	0.8860966100285743	HG003	giabHC	-1	-2	sentmm2	sentdpb
Pb-HG003-5x-3-D0-PF-PACBIO-REVIO-sentmm2-sentdpb-DEL_gt50	DEL_gt50	Pb-HG003-5x-3-D0-PF-PACBIO-REVIO	2528531102.0	2528531102.0	0.0	0.0	0.0			1.0				HG003	giabHC	-1	-2	sentmm2	sentdpb
Pb-HG003-5x-3-D0-PF-PACBIO-REVIO-sentmm2-sentdpb-Indel_50	Indel_50	Pb-HG003-5x-3-D0-PF-PACBIO-REVIO	2528531102.0	2528485449.0	1827.0	43826.0	3318.0	0.9445563972973265	0.9599807241583248	0.9999986877537115	0.07038011199728492	0.9296198880027151	0.9296198880027151	HG003	giabHC	-1	-2	sentmm2	sentdpb
Pb-HG003-5x-3-D0-PF-PACBIO-REVIO-sentmm2-sentdpb-Indel_gt50	Indel_gt50	Pb-HG003-5x-3-D0-PF-PACBIO-REVIO	2528531102.0	2528530722.0	16.0	364.0	3.0	0.9745649263721553	0.9578947368421052	0.9999999988135402	0.008174386920980926	0.9918256130790191	0.9918256130790191	HG003	giabHC	-1	-2	sentmm2	sentdpb
Pb-HG003-5x-3-D0-PF-PACBIO-REVIO-sentmm2-sentdpb-All	All	Pb-HG003-5x-3-D0-PF-PACBIO-REVIO	2528531102.0	2524700010.0	290690.0	3540402.0	80057.0	0.9502456602658962	0.9241234614047379	0.9999682914955459	0.02211238961689664	0.9778876103831033	0.9778876103831033	HG003	giabHC	-1	-2	sentmm2	sentdpb
Pb-HG003-5x-3-D0-PF-PACBIO-REVIO-sentmm2-sentdpb-SNPts	SNPts	Pb-HG003-5x-3-D0-PF-PACBIO-REVIO	2799325643.0	2797071427.0	149221.0	2104995.0	167845.0	0.9299619885417808	0.9338035929121256	0.999939996194934	0.07384813713239824	0.9261518628676018	0.9261518628676018	HG003	ultima	-1	-2	sentmm2	sentdpb
Pb-HG003-5x-3-D0-PF-PACBIO-REVIO-sentmm2-sentdpb-SNPtv	SNPtv	Pb-HG003-5x-3-D0-PF-PACBIO-REVIO	2799325643.0	2798266836.0	71920.0	986887.0	99591.0	0.9200521142878452	0.9320744951629523	0.9999644110224312	0.0916640741920223	0.9083359258079777	0.9083359258079777	HG003	ultima	-1	-2	sentmm2	sentdpb
Pb-HG003-5x-3-D0-PF-PACBIO-REVIO-sentmm2-sentdpb-INS_50	INS_50	Pb-HG003-5x-3-D0-PF-PACBIO-REVIO	2799325643.0	2799162631.0	17850.0	145162.0	58490.0	0.7917984858071695	0.890498858979707	0.9999791049018739	0.2872056252823444	0.7127943747176556	0.7127943747176556	HG003	ultima	-1	-2	sentmm2	sentdpb
Pb-HG003-5x-3-D0-PF-PACBIO-REVIO-sentmm2-sentdpb-INS_gt50	INS_gt50	Pb-HG003-5x-3-D0-PF-PACBIO-REVIO	2799325643.0	2799325546.0	61.0	36.0	415.0	0.1313868613138686	0.3711340206185567	0.9999998517500264	0.9201773835920177	0.07982261640798227	0.07982261640798226	HG003	ultima	-1	-2	sentmm2	sentdpb
Pb-HG003-5x-3-D0-PF-PACBIO-REVIO-sentmm2-sentdpb-DEL_50	DEL_50	Pb-HG003-5x-3-D0-PF-PACBIO-REVIO	2799325643.0	2799149174.0	20181.0	156288.0	54551.0	0.8070476210147997	0.8856399707597369	0.999980511957914	0.25873296686096975	0.7412670331390303	0.7412670331390303	HG003	ultima	-1	-2	sentmm2	sentdpb
Pb-HG003-5x-3-D0-PF-PACBIO-REVIO-sentmm2-sentdpb-DEL_gt50	DEL_gt50	Pb-HG003-5x-3-D0-PF-PACBIO-REVIO	2799325643.0	2799325553.0	42.0	48.0	457.0	0.16134453781512606	0.5333333333333333	0.9999998367464173	0.904950495049505	0.09504950495049502	0.09504950495049505	HG003	ultima	-1	-2	sentmm2	sentdpb
Pb-HG003-5x-3-D0-PF-PACBIO-REVIO-sentmm2-sentdpb-Indel_50	Indel_50	Pb-HG003-5x-3-D0-PF-PACBIO-REVIO	2799325643.0	2799306269.0	551.0	18823.0	4166.0	0.8886528338408517	0.9715598224424487	0.9999985117763475	0.1812171038322676	0.8187828961677324	0.8187828961677324	HG003	ultima	-1	-2	sentmm2	sentdpb
Pb-HG003-5x-3-D0-PF-PACBIO-REVIO-sentmm2-sentdpb-Indel_gt50	Indel_gt50	Pb-HG003-5x-3-D0-PF-PACBIO-REVIO	2799325643.0	2799324934.0	42.0	667.0	315.0	0.7888823181549379	0.9407616361071932	0.9999998874728829	0.32077393075356414	0.6792260692464358	0.6792260692464358	HG003	ultima	-1	-2	sentmm2	sentdpb
Pb-HG003-5x-3-D0-PF-PACBIO-REVIO-sentmm2-sentdpb-All	All	Pb-HG003-5x-3-D0-PF-PACBIO-REVIO	2799325643.0	2795652869.0	259868.0	3412906.0	385830.0	0.913578647422007	0.9292447615889243	0.9998620083476892	0.10156799524894597	0.898432004751054	0.898432004751054	HG003	ultima	-1	-2	sentmm2	sentdpb
Pb-HG003-5x-3-D0-PF-PACBIO-REVIO-sentmm2-sentdpb-SNPts	SNPts	Pb-HG003-5x-3-D0-PF-PACBIO-REVIO	377862616.0	377589375.0	21935.0	251306.0	41711.0	0.8876024709584678	0.9197228819979432	0.9998895456397888	0.14235010255377675	0.8576498974462232	0.8576498974462232	HG003	clinvar_genes	-1	-2	sentmm2	sentdpb
Pb-HG003-5x-3-D0-PF-PACBIO-REVIO-sentmm2-sentdpb-SNPtv	SNPtv	Pb-HG003-5x-3-D0-PF-PACBIO-REVIO	377862616.0	377738264.0	10382.0	113970.0	24938.0	0.8658360556104231	0.9165111940298507	0.9999339851000099	0.17952889682379705	0.820471103176203	0.820471103176203	HG003	clinvar_genes	-1	-2	sentmm2	sentdpb
Pb-HG003-5x-3-D0-PF-PACBIO-REVIO-sentmm2-sentdpb-INS_50	INS_50	Pb-HG003-5x-3-D0-PF-PACBIO-REVIO	377862616.0	377834203.0	4369.0	24044.0	22884.0	0.6382713263694403	0.8462323584274803	0.9999394374201588	0.4876406409819298	0.5123593590180702	0.5123593590180703	HG003	clinvar_genes	-1	-2	sentmm2	sentdpb
Pb-HG003-5x-3-D0-PF-PACBIO-REVIO-sentmm2-sentdpb-INS_gt50	INS_gt50	Pb-HG003-5x-3-D0-PF-PACBIO-REVIO	377862616.0	377862586.0	19.0	11.0	272.0	0.07028753993610223	0.36666666666666664	0.9999992801621164	0.9611307420494699	0.03886925795053009	0.038869257950530034	HG003	clinvar_genes	-1	-2	sentmm2	sentdpb
Pb-HG003-5x-3-D0-PF-PACBIO-REVIO-sentmm2-sentdpb-DEL_50	DEL_50	Pb-HG003-5x-3-D0-PF-PACBIO-REVIO	377862616.0	377832623.0	4793.0	25200.0	19810.0	0.671973121075157	0.840196045744007	0.9999475721253328	0.4401244167962675	0.5598755832037325	0.5598755832037325	HG003	clinvar_genes	-1	-2	sentmm2	sentdpb
Pb-HG003-5x-3-D0-PF-PACBIO-REVIO-sentmm2-sentdpb-DEL_gt50	DEL_gt50	Pb-HG003-5x-3-D0-PF-PACBIO-REVIO	377862616.0	377862598.0	9.0	9.0	177.0	0.08823529411764706	0.5	0.9999995315759802	0.9516129032258065	0.048387096774193505	0.04838709677419355	HG003	clinvar_genes	-1	-2	sentmm2	sentdpb
Pb-HG003-5x-3-D0-PF-PACBIO-REVIO-sentmm2-sentdpb-Indel_50	Indel_50	Pb-HG003-5x-3-D0-PF-PACBIO-REVIO	377862616.0	377856980.0	266.0	5370.0	7035.0	0.5953106812260961	0.9528034066713982	0.9999813821911567	0.5671100362756953	0.43288996372430466	0.4328899637243047	HG003	clinvar_genes	-1	-2	sentmm2	sentdpb
Pb-HG003-5x-3-D0-PF-PACBIO-REVIO-sentmm2-sentdpb-Indel_gt50	Indel_gt50	Pb-HG003-5x-3-D0-PF-PACBIO-REVIO	377862616.0	377862484.0	15.0	117.0	229.0	0.48953974895397495	0.8863636363636364	0.9999993939597845	0.661849710982659	0.338150289017341	0.33815028901734107	HG003	clinvar_genes	-1	-2	sentmm2	sentdpb
Pb-HG003-5x-3-D0-PF-PACBIO-REVIO-sentmm2-sentdpb-All	All	Pb-HG003-5x-3-D0-PF-PACBIO-REVIO	377862616.0	377400801.0	41788.0	420027.0	117056.0	0.8409807607983998	0.9095135497980793	0.9996899325480119	0.2179476915113679	0.7820523084886322	0.7820523084886322	HG003	clinvar_genes	-1	-2	sentmm2	sentdpb
Pb-HG003-5x-3-D0-PF-PACBIO-REVIO-sentmm2-sentdpb-SNPts	SNPts	Pb-HG003-5x-3-D0-PF-PACBIO-REVIO	332544085.0	332287257.0	19950.0	236878.0	601.0	0.9584246227546848	0.9223215537246717	0.9999981913272317	0.002530750087376147	0.9974692499126239	0.9974692499126239	HG003	giabHC_x_ultima_x_clinvar	-1	-2	sentmm2	sentdpb
Pb-HG003-5x-3-D0-PF-PACBIO-REVIO-sentmm2-sentdpb-SNPtv	SNPtv	Pb-HG003-5x-3-D0-PF-PACBIO-REVIO	332544085.0	332429473.0	9036.0	105576.0	567.0	0.9564992865393763	0.9211600879489059	0.9999982943779689	0.0053418501455583505	0.9946581498544417	0.9946581498544417	HG003	giabHC_x_ultima_x_clinvar	-1	-2	sentmm2	sentdpb
Pb-HG003-5x-3-D0-PF-PACBIO-REVIO-sentmm2-sentdpb-INS_50	INS_50	Pb-HG003-5x-3-D0-PF-PACBIO-REVIO	332544085.0	332526710.0	2074.0	15301.0	1714.0	0.8898517010758942	0.8806330935251798	0.9999948455534136	0.10073464590067588	0.8992653540993241	0.8992653540993242	HG003	giabHC_x_ultima_x_clinvar	-1	-2	sentmm2	sentdpb
Pb-HG003-5x-3-D0-PF-PACBIO-REVIO-sentmm2-sentdpb-INS_gt50	INS_gt50	Pb-HG003-5x-3-D0-PF-PACBIO-REVIO	332544085.0	332544085.0	0.0	0.0	0.0			1.0				HG003	giabHC_x_ultima_x_clinvar	-1	-2	sentmm2	sentdpb
Pb-HG003-5x-3-D0-PF-PACBIO-REVIO-sentmm2-sentdpb-DEL_50	DEL_50	Pb-HG003-5x-3-D0-PF-PACBIO-REVIO	332544085.0	332525299.0	2401.0	16385.0	1050.0	0.9047237790232185	0.8721920579154689	0.999996842355491	0.06022368798394035	0.9397763120160596	0.9397763120160596	HG003	giabHC_x_ultima_x_clinvar	-1	-2	sentmm2	sentdpb
Pb-HG003-5x-3-D0-PF-PACBIO-REVIO-sentmm2-sentdpb-DEL_gt50	DEL_gt50	Pb-HG003-5x-3-D0-PF-PACBIO-REVIO	332544085.0	332544085.0	0.0	0.0	0.0			1.0				HG003	giabHC_x_ultima_x_clinvar	-1	-2	sentmm2	sentdpb
Pb-HG003-5x-3-D0-PF-PACBIO-REVIO-sentmm2-sentdpb-Indel_50	Indel_50	Pb-HG003-5x-3-D0-PF-PACBIO-REVIO	332544085.0	332542524.0	45.0	1516.0	85.0	0.958886780518659	0.9711723254324152	0.9999997443936576	0.05309181761399125	0.9469081823860087	0.9469081823860087	HG003	giabHC_x_ultima_x_clinvar	-1	-2	sentmm2	sentdpb
Pb-HG003-5x-3-D0-PF-PACBIO-REVIO-sentmm2-sentdpb-Indel_gt50	Indel_gt50	Pb-HG003-5x-3-D0-PF-PACBIO-REVIO	332544085.0	332544062.0	0.0	23.0	1.0	0.9787234042553191	1.0	0.9999999969928797	0.041666666666666664	0.9583333333333334	0.9583333333333334	HG003	giabHC_x_ultima_x_clinvar	-1	-2	sentmm2	sentdpb
Pb-HG003-5x-3-D0-PF-PACBIO-REVIO-sentmm2-sentdpb-All	All	Pb-HG003-5x-3-D0-PF-PACBIO-REVIO	332544085.0	332134900.0	33506.0	375679.0	4018.0	0.9524339508316833	0.9181152779305204	0.999987902652227	0.010582122060485071	0.989417877939515	0.989417877939515	HG003	giabHC_x_ultima_x_clinvar	-1	-2	sentmm2	sentdpb
Pb-HG003-5x-3-D0-PF-PACBIO-REVIO-sentmm2-sentdpb-SNPts	SNPts	Pb-HG003-5x-3-D0-PF-PACBIO-REVIO	2505355380.0	2503152236.0	144682.0	2058462.0	4930.0	0.9649336135919162	0.9343293039401873	0.9999980304872315	0.0023892697073556552	0.9976107302926444	0.9976107302926444	HG003	giabHC_x_ultima	-1	-2	sentmm2	sentdpb
Pb-HG003-5x-3-D0-PF-PACBIO-REVIO-sentmm2-sentdpb-SNPtv	SNPtv	Pb-HG003-5x-3-D0-PF-PACBIO-REVIO	2505355380.0	2504320877.0	69696.0	964807.0	4431.0	0.9630056978421863	0.9326285182353266	0.9999982306611741	0.004571632560836451	0.9954283674391635	0.9954283674391635	HG003	giabHC_x_ultima	-1	-2	sentmm2	sentdpb
Pb-HG003-5x-3-D0-PF-PACBIO-REVIO-sentmm2-sentdpb-INS_50	INS_50	Pb-HG003-5x-3-D0-PF-PACBIO-REVIO	2505355380.0	2505202905.0	16595.0	135880.0	15629.0	0.8939944207589873	0.8911624856533858	0.9999937614224915	0.10315558811687754	0.8968444118831225	0.8968444118831225	HG003	giabHC_x_ultima	-1	-2	sentmm2	sentdpb
Pb-HG003-5x-3-D0-PF-PACBIO-REVIO-sentmm2-sentdpb-INS_gt50	INS_gt50	Pb-HG003-5x-3-D0-PF-PACBIO-REVIO	2505355380.0	2505355380.0	0.0	0.0	0.0			1.0				HG003	giabHC_x_ultima	-1	-2	sentmm2	sentdpb
Pb-HG003-5x-3-D0-PF-PACBIO-REVIO-sentmm2-sentdpb-DEL_50	DEL_50	Pb-HG003-5x-3-D0-PF-PACBIO-REVIO	2505355380.0	2505191172.0	18594.0	145614.0	9672.0	0.9115288550019718	0.8867655656240865	0.9999961392317015	0.06228507399250415	0.9377149260074958	0.9377149260074958	HG003	giabHC_x_ultima	-1	-2	sentmm2	sentdpb
Pb-HG003-5x-3-D0-PF-PACBIO-REVIO-sentmm2-sentdpb-DEL_gt50	DEL_gt50	Pb-HG003-5x-3-D0-PF-PACBIO-REVIO	2505355380.0	2505355380.0	0.0	0.0	0.0			1.0				HG003	giabHC_x_ultima	-1	-2	sentmm2	sentdpb
Pb-HG003-5x-3-D0-PF-PACBIO-REVIO-sentmm2-sentdpb-Indel_50	Indel_50	Pb-HG003-5x-3-D0-PF-PACBIO-REVIO	2505355380.0	2505339082.0	416.0	15882.0	632.0	0.9680604656832866	0.9744753957540803	0.9999997477388011	0.03827055831415768	0.9617294416858423	0.9617294416858423	HG003	giabHC_x_ultima	-1	-2	sentmm2	sentdpb
Pb-HG003-5x-3-D0-PF-PACBIO-REVIO-sentmm2-sentdpb-Indel_gt50	Indel_gt50	Pb-HG003-5x-3-D0-PF-PACBIO-REVIO	2505355380.0	2505355091.0	8.0	281.0	1.0	0.9842381786339756	0.972318339100346	0.999999999600855	0.0035460992907801418	0.9964539007092199	0.9964539007092199	HG003	giabHC_x_ultima	-1	-2	sentmm2	sentdpb
Pb-HG003-5x-3-D0-PF-PACBIO-REVIO-sentmm2-sentdpb-All	All	Pb-HG003-5x-3-D0-PF-PACBIO-REVIO	2505355380.0	2501784463.0	249991.0	3320926.0	35295.0	0.9588161806506525	0.9299924921245719	0.9999858922690625	0.010516291984347873	0.9894837080156521	0.9894837080156521	HG003	giabHC_x_ultima	-1	-2	sentmm2	sentdpb
Pb-HG003-7x-4-D0-PF-PACBIO-REVIO-sentmm2-sentdpb-SNPts	SNPts	Pb-HG003-7x-4-D0-PF-PACBIO-REVIO	688815815.0	688747983.0	3886.0	63946.0	421474.0	0.23116409881934455	0.9427114046467744	0.9993884319803801	0.8682666556796177	0.1317333443203823	0.13173334432038236	HG003	hg38_m_giabHC	-1	-2	sentmm2	sentdpb
Pb-HG003-7x-4-D0-PF-PACBIO-REVIO-sentmm2-sentdpb-SNPtv	SNPtv	Pb-HG003-7x-4-D0-PF-PACBIO-REVIO	688815815.0	688780774.0	2276.0	32765.0	320869.0	0.16859844342960056	0.9350475157672441	0.9995343662241131	0.9073477097790371	0.09265229022096289	0.09265229022096291	HG003	hg38_m_giabHC	-1	-2	sentmm2	sentdpb
Pb-HG003-7x-4-D0-PF-PACBIO-REVIO-sentmm2-sentdpb-INS_50	INS_50	Pb-HG003-7x-4-D0-PF-PACBIO-REVIO	688815815.0	688789185.0	2916.0	23714.0	177427.0	0.20822668381839654	0.8904994367254976	0.9997424737325298	0.8821026046405258	0.11789739535947419	0.1178973953594742	HG003	hg38_m_giabHC	-1	-2	sentmm2	sentdpb
Pb-HG003-7x-4-D0-PF-PACBIO-REVIO-sentmm2-sentdpb-INS_gt50	INS_gt50	Pb-HG003-7x-4-D0-PF-PACBIO-REVIO	688815815.0	688815583.0	136.0	96.0	2587.0	0.06586620926243568	0.41379310344827586	0.9999962442918717	0.9642191576593365	0.03578084234066348	0.035780842340663435	HG003	hg38_m_giabHC	-1	-2	sentmm2	sentdpb
Pb-HG003-7x-4-D0-PF-PACBIO-REVIO-sentmm2-sentdpb-DEL_50	DEL_50	Pb-HG003-7x-4-D0-PF-PACBIO-REVIO	688815815.0	688789177.0	2898.0	23740.0	166486.0	0.2189390585804928	0.8912080486523012	0.9997583501973479	0.8752010766141327	0.12479892338586729	0.12479892338586733	HG003	hg38_m_giabHC	-1	-2	sentmm2	sentdpb
Pb-HG003-7x-4-D0-PF-PACBIO-REVIO-sentmm2-sentdpb-DEL_gt50	DEL_gt50	Pb-HG003-7x-4-D0-PF-PACBIO-REVIO	688815815.0	688815677.0	57.0	81.0	1546.0	0.09178470254957508	0.5869565217391305	0.9999977555729613	0.9502151198524893	0.0497848801475107	0.04978488014751076	HG003	hg38_m_giabHC	-1	-2	sentmm2	sentdpb
Pb-HG003-7x-4-D0-PF-PACBIO-REVIO-sentmm2-sentdpb-Indel_50	Indel_50	Pb-HG003-7x-4-D0-PF-PACBIO-REVIO	688815815.0	688805263.0	439.0	10113.0	69188.0	0.2251009982972188	0.9583965125094769	0.999899563701485	0.8724732348898501	0.12752676511014993	0.12752676511014993	HG003	hg38_m_giabHC	-1	-2	sentmm2	sentdpb
Pb-HG003-7x-4-D0-PF-PACBIO-REVIO-sentmm2-sentdpb-Indel_gt50	Indel_gt50	Pb-HG003-7x-4-D0-PF-PACBIO-REVIO	688815815.0	688814795.0	71.0	949.0	2748.0	0.402374390502438	0.9303921568627451	0.9999960105545685	0.7433053827427644	0.25669461725723564	0.2566946172572356	HG003	hg38_m_giabHC	-1	-2	sentmm2	sentdpb
Pb-HG003-7x-4-D0-PF-PACBIO-REVIO-sentmm2-sentdpb-All	All	Pb-HG003-7x-4-D0-PF-PACBIO-REVIO	688815815.0	688647732.0	12679.0	155404.0	1162325.0	0.20918393444123481	0.9245670293842922	0.998315007170155	0.8820667982566976	0.11793320174330235	0.1179332017433023	HG003	hg38_m_giabHC	-1	-2	sentmm2	sentdpb
Pb-HG003-7x-4-D0-PF-PACBIO-REVIO-sentmm2-sentdpb-SNPts	SNPts	Pb-HG003-7x-4-D0-PF-PACBIO-REVIO	337668665.0	337403117.0	10371.0	255177.0	743.0	0.97868709105832	0.9609449139138687	0.9999977978912274	0.002903251015942482	0.9970967489840575	0.9970967489840575	HG003	giabHC_x_clinvar_genes	-1	-2	sentmm2	sentdpb
Pb-HG003-7x-4-D0-PF-PACBIO-REVIO-sentmm2-sentdpb-SNPtv	SNPtv	Pb-HG003-7x-4-D0-PF-PACBIO-REVIO	337668665.0	337548404.0	5080.0	115181.0	542.0	0.9761763509390468	0.9577585418381687	0.99999839430694	0.004683597901886401	0.9953164020981136	0.9953164020981136	HG003	giabHC_x_clinvar_genes	-1	-2	sentmm2	sentdpb
Pb-HG003-7x-4-D0-PF-PACBIO-REVIO-sentmm2-sentdpb-INS_50	INS_50	Pb-HG003-7x-4-D0-PF-PACBIO-REVIO	337668665.0	337643146.0	2286.0	23233.0	3018.0	0.8975468418002703	0.9104196872918218	0.9999910616487857	0.1149670488743286	0.8850329511256714	0.8850329511256714	HG003	giabHC_x_clinvar_genes	-1	-2	sentmm2	sentdpb
Pb-HG003-7x-4-D0-PF-PACBIO-REVIO-sentmm2-sentdpb-INS_gt50	INS_gt50	Pb-HG003-7x-4-D0-PF-PACBIO-REVIO	337668665.0	337668665.0	0.0	0.0	0.0			1.0				HG003	giabHC_x_clinvar_genes	-1	-2	sentmm2	sentdpb
Pb-HG003-7x-4-D0-PF-PACBIO-REVIO-sentmm2-sentdpb-DEL_50	DEL_50	Pb-HG003-7x-4-D0-PF-PACBIO-REVIO	337668665.0	337641665.0	2432.0	24568.0	1855.0	0.9197536641521442	0.9099259259259259	0.9999945060399796	0.07020398894902169	0.9297960110509783	0.9297960110509783	HG003	giabHC_x_clinvar_genes	-1	-2	sentmm2	sentdpb
Pb-HG003-7x-4-D0-PF-PACBIO-REVIO-sentmm2-sentdpb-DEL_gt50	DEL_gt50	Pb-HG003-7x-4-D0-PF-PACBIO-REVIO	337668665.0	337668665.0	0.0	0.0	0.0			1.0				HG003	giabHC_x_clinvar_genes	-1	-2	sentmm2	sentdpb
Pb-HG003-7x-4-D0-PF-PACBIO-REVIO-sentmm2-sentdpb-Indel_50	Indel_50	Pb-HG003-7x-4-D0-PF-PACBIO-REVIO	337668665.0	337663753.0	71.0	4841.0	272.0	0.965785536159601	0.9855456026058632	0.9999991944655638	0.053197731273225114	0.9468022687267749	0.9468022687267749	HG003	giabHC_x_clinvar_genes	-1	-2	sentmm2	sentdpb
Pb-HG003-7x-4-D0-PF-PACBIO-REVIO-sentmm2-sentdpb-Indel_gt50	Indel_gt50	Pb-HG003-7x-4-D0-PF-PACBIO-REVIO	337668665.0	337668624.0	0.0	41.0	0.0	1.0	1.0	1.0	0.0	1.0	1.0	HG003	giabHC_x_clinvar_genes	-1	-2	sentmm2	sentdpb
Pb-HG003-7x-4-D0-PF-PACBIO-REVIO-sentmm2-sentdpb-All	All	Pb-HG003-7x-4-D0-PF-PACBIO-REVIO	337668665.0	337225384.0	20240.0	423041.0	6430.0	0.9694414908244267	0.9543404747778497	0.9999809329970274	0.01497190729991082	0.9850280927000892	0.9850280927000892	HG003	giabHC_x_clinvar_genes	-1	-2	sentmm2	sentdpb
Pb-HG003-7x-4-D0-PF-PACBIO-REVIO-sentmm2-sentdpb-SNPts	SNPts	Pb-HG003-7x-4-D0-PF-PACBIO-REVIO	2505355380.0	2503152238.0	66758.0	2136384.0	4104.0	0.9836859953541163	0.9696987302679537	0.999998360469967	0.0019173197887584514	0.9980826802112416	0.9980826802112416	HG003	giabHC_x_ultima	-1	-2	sentmm2	sentdpb
Pb-HG003-7x-4-D0-PF-PACBIO-REVIO-sentmm2-sentdpb-SNPtv	SNPtv	Pb-HG003-7x-4-D0-PF-PACBIO-REVIO	2505355380.0	2504320915.0	33307.0	1001158.0	3296.0	0.982047840056422	0.9678026806126838	0.9999986838764783	0.003281384712490567	0.9967186152875094	0.9967186152875094	HG003	giabHC_x_ultima	-1	-2	sentmm2	sentdpb
Pb-HG003-7x-4-D0-PF-PACBIO-REVIO-sentmm2-sentdpb-INS_50	INS_50	Pb-HG003-7x-4-D0-PF-PACBIO-REVIO	2505355380.0	2505203394.0	8472.0	143514.0	9262.0	0.9418103306842717	0.9442580237653468	0.9999963029086661	0.06062470545111798	0.939375294548882	0.939375294548882	HG003	giabHC_x_ultima	-1	-2	sentmm2	sentdpb
Pb-HG003-7x-4-D0-PF-PACBIO-REVIO-sentmm2-sentdpb-INS_gt50	INS_gt50	Pb-HG003-7x-4-D0-PF-PACBIO-REVIO	2505355380.0	2505355380.0	0.0	0.0	0.0			1.0				HG003	giabHC_x_ultima	-1	-2	sentmm2	sentdpb
Pb-HG003-7x-4-D0-PF-PACBIO-REVIO-sentmm2-sentdpb-DEL_50	DEL_50	Pb-HG003-7x-4-D0-PF-PACBIO-REVIO	2505355380.0	2505191822.0	9558.0	154000.0	5201.0	0.9542723827995502	0.9415620146981499	0.999997923915783	0.03266939278019611	0.9673306072198039	0.9673306072198039	HG003	giabHC_x_ultima	-1	-2	sentmm2	sentdpb
Pb-HG003-7x-4-D0-PF-PACBIO-REVIO-sentmm2-sentdpb-DEL_gt50	DEL_gt50	Pb-HG003-7x-4-D0-PF-PACBIO-REVIO	2505355380.0	2505355380.0	0.0	0.0	0.0			1.0				HG003	giabHC_x_ultima	-1	-2	sentmm2	sentdpb
Pb-HG003-7x-4-D0-PF-PACBIO-REVIO-sentmm2-sentdpb-Indel_50	Indel_50	Pb-HG003-7x-4-D0-PF-PACBIO-REVIO	2505355380.0	2505337895.0	141.0	17344.0	547.0	0.9805517865219359	0.9919359450957964	0.9999997816662248	0.03057403163601811	0.9694259683639819	0.9694259683639819	HG003	giabHC_x_ultima	-1	-2	sentmm2	sentdpb
Pb-HG003-7x-4-D0-PF-PACBIO-REVIO-sentmm2-sentdpb-Indel_gt50	Indel_gt50	Pb-HG003-7x-4-D0-PF-PACBIO-REVIO	2505355380.0	2505355070.0	4.0	306.0	1.0	0.9918962722852512	0.9870967741935484	0.999999999600855	0.003257328990228013	0.996742671009772	0.996742671009772	HG003	giabHC_x_ultima	-1	-2	sentmm2	sentdpb
Pb-HG003-7x-4-D0-PF-PACBIO-REVIO-sentmm2-sentdpb-All	All	Pb-HG003-7x-4-D0-PF-PACBIO-REVIO	2505355380.0	2501784434.0	118240.0	3452706.0	22411.0	0.9800383561713826	0.9668883259506025	0.9999910420742334	0.006448991501581098	0.9935510084984189	0.9935510084984189	HG003	giabHC_x_ultima	-1	-2	sentmm2	sentdpb
Pb-HG003-7x-4-D0-PF-PACBIO-REVIO-sentmm2-sentdpb-SNPts	SNPts	Pb-HG003-7x-4-D0-PF-PACBIO-REVIO	2528531102.0	2526276310.0	69979.0	2184813.0	5224.0	0.9830807889347374	0.968964321320991	0.9999979321386275	0.0023853478274567966	0.9976146521725432	0.9976146521725432	HG003	giabHC	-1	-2	sentmm2	sentdpb
Pb-HG003-7x-4-D0-PF-PACBIO-REVIO-sentmm2-sentdpb-SNPtv	SNPtv	Pb-HG003-7x-4-D0-PF-PACBIO-REVIO	2528531102.0	2527459296.0	36070.0	1035736.0	3945.0	0.9810489006089073	0.9663465216653013	0.999998439146439	0.0037944331001528355	0.9962055668998472	0.9962055668998472	HG003	giabHC	-1	-2	sentmm2	sentdpb
Pb-HG003-7x-4-D0-PF-PACBIO-REVIO-sentmm2-sentdpb-INS_50	INS_50	Pb-HG003-7x-4-D0-PF-PACBIO-REVIO	2528531102.0	2528309325.0	17504.0	204273.0	24893.0	0.9059814655067271	0.9210738715015534	0.9999901543870969	0.10862431599801017	0.8913756840019899	0.8913756840019899	HG003	giabHC	-1	-2	sentmm2	sentdpb
Pb-HG003-7x-4-D0-PF-PACBIO-REVIO-sentmm2-sentdpb-INS_gt50	INS_gt50	Pb-HG003-7x-4-D0-PF-PACBIO-REVIO	2528531102.0	2528531101.0	0.0	1.0	2.0	0.5	1.0	0.9999999992090269	0.6666666666666666	0.33333333333333337	0.3333333333333333	HG003	giabHC	-1	-2	sentmm2	sentdpb
Pb-HG003-7x-4-D0-PF-PACBIO-REVIO-sentmm2-sentdpb-DEL_50	DEL_50	Pb-HG003-7x-4-D0-PF-PACBIO-REVIO	2528531102.0	2528296488.0	18576.0	216038.0	15406.0	0.9270863283110686	0.9208231392841006	0.9999939066062077	0.0665646981559254	0.9334353018440746	0.9334353018440746	HG003	giabHC	-1	-2	sentmm2	sentdpb
Pb-HG003-7x-4-D0-PF-PACBIO-REVIO-sentmm2-sentdpb-DEL_gt50	DEL_gt50	Pb-HG003-7x-4-D0-PF-PACBIO-REVIO	2528531102.0	2528531102.0	0.0	0.0	0.0			1.0				HG003	giabHC	-1	-2	sentmm2	sentdpb
Pb-HG003-7x-4-D0-PF-PACBIO-REVIO-sentmm2-sentdpb-Indel_50	Indel_50	Pb-HG003-7x-4-D0-PF-PACBIO-REVIO	2528531102.0	2528483514.0	782.0	46806.0	2306.0	0.9680661840744571	0.9835672858703874	0.9999990879917214	0.04695390128685454	0.9530460987131455	0.9530460987131455	HG003	giabHC	-1	-2	sentmm2	sentdpb
Pb-HG003-7x-4-D0-PF-PACBIO-REVIO-sentmm2-sentdpb-Indel_gt50	Indel_gt50	Pb-HG003-7x-4-D0-PF-PACBIO-REVIO	2528531102.0	2528530701.0	6.0	395.0	2.0	0.9899749373433584	0.9850374064837906	0.9999999992090268	0.005037783375314861	0.9949622166246851	0.9949622166246851	HG003	giabHC	-1	-2	sentmm2	sentdpb
Pb-HG003-7x-4-D0-PF-PACBIO-REVIO-sentmm2-sentdpb-All	All	Pb-HG003-7x-4-D0-PF-PACBIO-REVIO	2528531102.0	2524700123.0	142917.0	3688062.0	51778.0	0.9742834956165246	0.9626943922167154	0.9999794918463158	0.013844977325233165	0.9861550226747668	0.9861550226747668	HG003	giabHC	-1	-2	sentmm2	sentdpb
Pb-HG003-7x-4-D0-PF-PACBIO-REVIO-sentmm2-sentdpb-SNPts	SNPts	Pb-HG003-7x-4-D0-PF-PACBIO-REVIO	332544085.0	332287253.0	9666.0	247166.0	549.0	0.9797541160684732	0.9623645028656865	0.9999983478177752	0.002216256585188624	0.9977837434148114	0.9977837434148114	HG003	giabHC_x_ultima_x_clinvar	-1	-2	sentmm2	sentdpb
Pb-HG003-7x-4-D0-PF-PACBIO-REVIO-sentmm2-sentdpb-SNPtv	SNPtv	Pb-HG003-7x-4-D0-PF-PACBIO-REVIO	332544085.0	332429480.0	4546.0	110059.0	420.0	0.9779371256952961	0.9603333187906287	0.9999987365757412	0.003801627458612044	0.996198372541388	0.996198372541388	HG003	giabHC_x_ultima_x_clinvar	-1	-2	sentmm2	sentdpb
Pb-HG003-7x-4-D0-PF-PACBIO-REVIO-sentmm2-sentdpb-INS_50	INS_50	Pb-HG003-7x-4-D0-PF-PACBIO-REVIO	332544085.0	332526755.0	1143.0	16187.0	1043.0	0.936747685185185	0.9340450086555107	0.9999968634201223	0.06053395240858967	0.9394660475914103	0.9394660475914103	HG003	giabHC_x_ultima_x_clinvar	-1	-2	sentmm2	sentdpb
Pb-HG003-7x-4-D0-PF-PACBIO-REVIO-sentmm2-sentdpb-INS_gt50	INS_gt50	Pb-HG003-7x-4-D0-PF-PACBIO-REVIO	332544085.0	332544085.0	0.0	0.0	0.0			1.0				HG003	giabHC_x_ultima_x_clinvar	-1	-2	sentmm2	sentdpb
Pb-HG003-7x-4-D0-PF-PACBIO-REVIO-sentmm2-sentdpb-DEL_50	DEL_50	Pb-HG003-7x-4-D0-PF-PACBIO-REVIO	332544085.0	332525327.0	1297.0	17461.0	617.0	0.9480399609078075	0.9308561680349717	0.999998144505681	0.03412988162407346	0.9658701183759265	0.9658701183759265	HG003	giabHC_x_ultima_x_clinvar	-1	-2	sentmm2	sentdpb
Pb-HG003-7x-4-D0-PF-PACBIO-REVIO-sentmm2-sentdpb-DEL_gt50	DEL_gt50	Pb-HG003-7x-4-D0-PF-PACBIO-REVIO	332544085.0	332544085.0	0.0	0.0	0.0			1.0				HG003	giabHC_x_ultima_x_clinvar	-1	-2	sentmm2	sentdpb
Pb-HG003-7x-4-D0-PF-PACBIO-REVIO-sentmm2-sentdpb-Indel_50	Indel_50	Pb-HG003-7x-4-D0-PF-PACBIO-REVIO	332544085.0	332542444.0	13.0	1628.0	59.0	0.9783653846153846	0.992078001218769	0.9999998225790705	0.034973325429756966	0.965026674570243	0.965026674570243	HG003	giabHC_x_ultima_x_clinvar	-1	-2	sentmm2	sentdpb
Pb-HG003-7x-4-D0-PF-PACBIO-REVIO-sentmm2-sentdpb-Indel_gt50	Indel_gt50	Pb-HG003-7x-4-D0-PF-PACBIO-REVIO	332544085.0	332544057.0	0.0	28.0	0.0	1.0	1.0	1.0	0.0	1.0	1.0	HG003	giabHC_x_ultima_x_clinvar	-1	-2	sentmm2	sentdpb
Pb-HG003-7x-4-D0-PF-PACBIO-REVIO-sentmm2-sentdpb-All	All	Pb-HG003-7x-4-D0-PF-PACBIO-REVIO	332544085.0	332134891.0	16665.0	392529.0	2688.0	0.9759414030887196	0.9592735963870438	0.9999919069681663	0.006801326866000198	0.9931986731339998	0.9931986731339998	HG003	giabHC_x_ultima_x_clinvar	-1	-2	sentmm2	sentdpb
Pb-HG003-7x-4-D0-PF-PACBIO-REVIO-sentmm2-sentdpb-SNPts	SNPts	Pb-HG003-7x-4-D0-PF-PACBIO-REVIO	2799325643.0	2797071447.0	69090.0	2185106.0	175885.0	0.9469198106165578	0.9693504912616294	0.9999371221135908	0.07449626025681588	0.9255037397431841	0.9255037397431841	HG003	ultima	-1	-2	sentmm2	sentdpb
Pb-HG003-7x-4-D0-PF-PACBIO-REVIO-sentmm2-sentdpb-SNPtv	SNPtv	Pb-HG003-7x-4-D0-PF-PACBIO-REVIO	2799325643.0	2798266879.0	34529.0	1024235.0	103694.0	0.9367890234248704	0.9673874442274198	0.9999629448647722	0.09193309153324367	0.9080669084667563	0.9080669084667563	HG003	ultima	-1	-2	sentmm2	sentdpb
Pb-HG003-7x-4-D0-PF-PACBIO-REVIO-sentmm2-sentdpb-INS_50	INS_50	Pb-HG003-7x-4-D0-PF-PACBIO-REVIO	2799325643.0	2799163234.0	9158.0	153251.0	45917.0	0.8476811301603809	0.94361149936272	0.999983596438307	0.2305440633033419	0.7694559366966581	0.7694559366966581	HG003	ultima	-1	-2	sentmm2	sentdpb
Pb-HG003-7x-4-D0-PF-PACBIO-REVIO-sentmm2-sentdpb-INS_gt50	INS_gt50	Pb-HG003-7x-4-D0-PF-PACBIO-REVIO	2799325643.0	2799325545.0	55.0	43.0	454.0	0.14453781512605043	0.4387755102040816	0.9999998378181033	0.9134808853118712	0.08651911468812878	0.08651911468812877	HG003	ultima	-1	-2	sentmm2	sentdpb
Pb-HG003-7x-4-D0-PF-PACBIO-REVIO-sentmm2-sentdpb-DEL_50	DEL_50	Pb-HG003-7x-4-D0-PF-PACBIO-REVIO	2799325643.0	2799150005.0	10509.0	165129.0	46539.0	0.8527056126163808	0.9401667065213678	0.9999833741578098	0.21986790634389705	0.7801320936561029	0.7801320936561029	HG003	ultima	-1	-2	sentmm2	sentdpb
Pb-HG003-7x-4-D0-PF-PACBIO-REVIO-sentmm2-sentdpb-DEL_gt50	DEL_gt50	Pb-HG003-7x-4-D0-PF-PACBIO-REVIO	2799325643.0	2799325554.0	37.0	52.0	484.0	0.1664	0.5842696629213483	0.9999998271012402	0.9029850746268657	0.09701492537313428	0.09701492537313433	HG003	ultima	-1	-2	sentmm2	sentdpb
Pb-HG003-7x-4-D0-PF-PACBIO-REVIO-sentmm2-sentdpb-Indel_50	Indel_50	Pb-HG003-7x-4-D0-PF-PACBIO-REVIO	2799325643.0	2799304768.0	195.0	20680.0	4561.0	0.8968687657212249	0.9906586826347306	0.9999983706695246	0.18069807059942158	0.8193019294005784	0.8193019294005784	HG003	ultima	-1	-2	sentmm2	sentdpb
Pb-HG003-7x-4-D0-PF-PACBIO-REVIO-sentmm2-sentdpb-Indel_gt50	Indel_gt50	Pb-HG003-7x-4-D0-PF-PACBIO-REVIO	2799325643.0	2799324857.0	28.0	758.0	383.0	0.7867151011935651	0.9643765903307888	0.9999998631813144	0.33567046450482035	0.6643295354951797	0.6643295354951797	HG003	ultima	-1	-2	sentmm2	sentdpb
Pb-HG003-7x-4-D0-PF-PACBIO-REVIO-sentmm2-sentdpb-All	All	Pb-HG003-7x-4-D0-PF-PACBIO-REVIO	2799325643.0	2795652788.0	123601.0	3549254.0	377917.0	0.9340110152254743	0.9663474327192334	0.9998648380365337	0.09623135840023264	0.9037686415997673	0.9037686415997673	HG003	ultima	-1	-2	sentmm2	sentdpb
Pb-HG003-7x-4-D0-PF-PACBIO-REVIO-sentmm2-sentdpb-SNPts	SNPts	Pb-HG003-7x-4-D0-PF-PACBIO-REVIO	3088286401.0	3085963814.0	73865.0	2248722.0	426698.0	0.8998474792052111	0.9681971009051544	0.9998617485381902	0.15948822988540118	0.8405117701145988	0.8405117701145989	HG003	hg38	-1	-2	sentmm2	sentdpb
Pb-HG003-7x-4-D0-PF-PACBIO-REVIO-sentmm2-sentdpb-SNPtv	SNPtv	Pb-HG003-7x-4-D0-PF-PACBIO-REVIO	3088286401.0	3087179567.0	38346.0	1068488.0	324814.0	0.8547439019317348	0.9653552384549083	0.9998947972342974	0.23312533822530937	0.7668746617746907	0.7668746617746907	HG003	hg38	-1	-2	sentmm2	sentdpb
Pb-HG003-7x-4-D0-PF-PACBIO-REVIO-sentmm2-sentdpb-INS_50	INS_50	Pb-HG003-7x-4-D0-PF-PACBIO-REVIO	3088286401.0	3088037922.0	20423.0	228056.0	202321.0	0.6718832859987981	0.917807943528427	0.9999344866383182	0.47010179447321765	0.5298982055267824	0.5298982055267824	HG003	hg38	-1	-2	sentmm2	sentdpb
Pb-HG003-7x-4-D0-PF-PACBIO-REVIO-sentmm2-sentdpb-INS_gt50	INS_gt50	Pb-HG003-7x-4-D0-PF-PACBIO-REVIO	3088286401.0	3088286168.0	136.0	97.0	2589.0	0.06646111682082906	0.41630901287553645	0.9999991616716558	0.9638868205510052	0.03611317944899484	0.03611317944899479	HG003	hg38	-1	-2	sentmm2	sentdpb
Pb-HG003-7x-4-D0-PF-PACBIO-REVIO-sentmm2-sentdpb-DEL_50	DEL_50	Pb-HG003-7x-4-D0-PF-PACBIO-REVIO	3088286401.0	3088025347.0	21465.0	239589.0	181885.0	0.7020635050869708	0.9177756326277322	0.9999411033695811	0.43154500633491033	0.5684549936650897	0.5684549936650897	HG003	hg38	-1	-2	sentmm2	sentdpb
Pb-HG003-7x-4-D0-PF-PACBIO-REVIO-sentmm2-sentdpb-DEL_gt50	DEL_gt50	Pb-HG003-7x-4-D0-PF-PACBIO-REVIO	3088286401.0	3088286263.0	57.0	81.0	1546.0	0.09178470254957508	0.5869565217391305	0.9999994993989888	0.9502151198524893	0.0497848801475107	0.04978488014751076	HG003	hg38	-1	-2	sentmm2	sentdpb
Pb-HG003-7x-4-D0-PF-PACBIO-REVIO-sentmm2-sentdpb-Indel_50	Indel_50	Pb-HG003-7x-4-D0-PF-PACBIO-REVIO	3088286401.0	3088228262.0	1220.0	56919.0	71494.0	0.6102212787855397	0.9790158069454239	0.9999768500451224	0.5567504847640037	0.4432495152359963	0.44324951523599637	HG003	hg38	-1	-2	sentmm2	sentdpb
Pb-HG003-7x-4-D0-PF-PACBIO-REVIO-sentmm2-sentdpb-Indel_gt50	Indel_gt50	Pb-HG003-7x-4-D0-PF-PACBIO-REVIO	3088286401.0	3088284981.0	76.0	1344.0	2750.0	0.4874863982589771	0.9464788732394366	0.9999991095389291	0.67171470444553	0.32828529555446995	0.32828529555446995	HG003	hg38	-1	-2	sentmm2	sentdpb
Pb-HG003-7x-4-D0-PF-PACBIO-REVIO-sentmm2-sentdpb-All	All	Pb-HG003-7x-4-D0-PF-PACBIO-REVIO	3088286401.0	3084287517.0	155588.0	3843296.0	1214097.0	0.8487584909339677	0.9610921447083737	0.999606515519392	0.2400638036237247	0.7599361963762753	0.7599361963762753	HG003	hg38	-1	-2	sentmm2	sentdpb
Pb-HG003-7x-4-D0-PF-PACBIO-REVIO-sentmm2-sentdpb-SNPts	SNPts	Pb-HG003-7x-4-D0-PF-PACBIO-REVIO	377862616.0	377589388.0	10982.0	262246.0	44382.0	0.9045211224855826	0.9598064620024302	0.999882473434513	0.14474216314230925	0.8552578368576907	0.8552578368576907	HG003	clinvar_genes	-1	-2	sentmm2	sentdpb
Pb-HG003-7x-4-D0-PF-PACBIO-REVIO-sentmm2-sentdpb-SNPtv	SNPtv	Pb-HG003-7x-4-D0-PF-PACBIO-REVIO	377862616.0	377738291.0	5429.0	118896.0	26447.0	0.8817953928534346	0.9563321938467726	0.9999299908187831	0.18196266762073166	0.8180373323792683	0.8180373323792683	HG003	clinvar_genes	-1	-2	sentmm2	sentdpb
Pb-HG003-7x-4-D0-PF-PACBIO-REVIO-sentmm2-sentdpb-INS_50	INS_50	Pb-HG003-7x-4-D0-PF-PACBIO-REVIO	377862616.0	377834320.0	2619.0	25677.0	21452.0	0.6808617832283725	0.9074427480916031	0.9999432270152009	0.45517621846421524	0.5448237815357848	0.5448237815357848	HG003	clinvar_genes	-1	-2	sentmm2	sentdpb
Pb-HG003-7x-4-D0-PF-PACBIO-REVIO-sentmm2-sentdpb-INS_gt50	INS_gt50	Pb-HG003-7x-4-D0-PF-PACBIO-REVIO	377862616.0	377862586.0	19.0	11.0	316.0	0.061624649859943974	0.36666666666666664	0.9999991637178502	0.9663608562691132	0.033639143730886834	0.03363914373088685	HG003	clinvar_genes	-1	-2	sentmm2	sentdpb
Pb-HG003-7x-4-D0-PF-PACBIO-REVIO-sentmm2-sentdpb-DEL_50	DEL_50	Pb-HG003-7x-4-D0-PF-PACBIO-REVIO	377862616.0	377832817.0	2792.0	27007.0	18954.0	0.7129619852164731	0.9063055807241853	0.9999498374721129	0.41239311590261307	0.5876068840973869	0.5876068840973869	HG003	clinvar_genes	-1	-2	sentmm2	sentdpb
Pb-HG003-7x-4-D0-PF-PACBIO-REVIO-sentmm2-sentdpb-DEL_gt50	DEL_gt50	Pb-HG003-7x-4-D0-PF-PACBIO-REVIO	377862616.0	377862598.0	9.0	9.0	202.0	0.07860262008733625	0.5	0.9999994654144309	0.957345971563981	0.042654028436018954	0.04265402843601896	HG003	clinvar_genes	-1	-2	sentmm2	sentdpb
Pb-HG003-7x-4-D0-PF-PACBIO-REVIO-sentmm2-sentdpb-Indel_50	Indel_50	Pb-HG003-7x-4-D0-PF-PACBIO-REVIO	377862616.0	377856671.0	123.0	5822.0	7290.0	0.6110090780290707	0.9793103448275862	0.9999807073424501	0.5559792556436852	0.4440207443563148	0.44402074435631483	HG003	clinvar_genes	-1	-2	sentmm2	sentdpb
Pb-HG003-7x-4-D0-PF-PACBIO-REVIO-sentmm2-sentdpb-Indel_gt50	Indel_gt50	Pb-HG003-7x-4-D0-PF-PACBIO-REVIO	377862616.0	377862464.0	8.0	144.0	260.0	0.5179856115107914	0.9473684210526315	0.999999311919426	0.6435643564356436	0.3564356435643564	0.3564356435643564	HG003	clinvar_genes	-1	-2	sentmm2	sentdpb
Pb-HG003-7x-4-D0-PF-PACBIO-REVIO-sentmm2-sentdpb-All	All	Pb-HG003-7x-4-D0-PF-PACBIO-REVIO	377862616.0	377400823.0	21981.0	439812.0	119303.0	0.8616094692175984	0.9524007509858313	0.9996839824110464	0.21337828532591685	0.7866217146740832	0.7866217146740832	HG003	clinvar_genes	-1	-2	sentmm2	sentdpb
