mqc_id	VariantClass	Sample	TgtRegionSize	TN	FN	TP	FP	Fscore	Sensitivity-Recall	Specificity	FDR	PPV	Precision	AltId	ROI	AllVarMeanDP	CovBin	Aligner	SNVCaller
I2-HG003-10x-5-D0-PF-ILMN-NOVASEQ-sent-gatk-SNPts	SNPts	I2-HG003-10x-5-D0-PF-ILMN-NOVASEQ	3088286401.0	3085963568.0	152220.0	2170613.0	280301.0	0.9093959105918266	0.9344679535722111	0.9999091773003373	0.1143659059436602	0.8856340940563399	0.8856340940563397	HG003	hg38	-1	-2	sent	gatk
I2-HG003-10x-5-D0-PF-ILMN-NOVASEQ-sent-gatk-SNPtv	SNPtv	I2-HG003-10x-5-D0-PF-ILMN-NOVASEQ	3088286401.0	3087179266.0	74731.0	1032404.0	194494.0	0.8846524449311557	0.9325005532297326	0.9999370034161332	0.15852499555790295	0.8414750044420971	0.8414750044420971	HG003	hg38	-1	-2	sent	gatk
I2-HG003-10x-5-D0-PF-ILMN-NOVASEQ-sent-gatk-INS_50	INS_50	I2-HG003-10x-5-D0-PF-ILMN-NOVASEQ	3088286401.0	3088018185.0	33850.0	234366.0	110184.0	0.7649445302121853	0.8737957467116055	0.9999643201360714	0.3197910317805834	0.6802089682194166	0.6802089682194167	HG003	hg38	-1	-2	sent	gatk
I2-HG003-10x-5-D0-PF-ILMN-NOVASEQ-sent-gatk-INS_gt50	INS_gt50	I2-HG003-10x-5-D0-PF-ILMN-NOVASEQ	3088286401.0	3088286162.0	186.0	53.0	1312.0	0.06608478802992519	0.2217573221757322	0.9999995751690829	0.9611721611721612	0.0388278388278388	0.03882783882783883	HG003	hg38	-1	-2	sent	gatk
I2-HG003-10x-5-D0-PF-ILMN-NOVASEQ-sent-gatk-DEL_50	DEL_50	I2-HG003-10x-5-D0-PF-ILMN-NOVASEQ	3088286401.0	3088002099.0	34362.0	249940.0	121057.0	0.7628273505682139	0.8791355671082159	0.9999607991670394	0.32630182993393475	0.6736981700660652	0.6736981700660652	HG003	hg38	-1	-2	sent	gatk
I2-HG003-10x-5-D0-PF-ILMN-NOVASEQ-sent-gatk-DEL_gt50	DEL_gt50	I2-HG003-10x-5-D0-PF-ILMN-NOVASEQ	3088286401.0	3088286263.0	91.0	47.0	1308.0	0.06296048225050234	0.34057971014492755	0.9999995764643124	0.9653136531365314	0.03468634686346861	0.03468634686346864	HG003	hg38	-1	-2	sent	gatk
I2-HG003-10x-5-D0-PF-ILMN-NOVASEQ-sent-gatk-Indel_50	Indel_50	I2-HG003-10x-5-D0-PF-ILMN-NOVASEQ	3088286401.0	3088270881.0	6196.0	9324.0	3207.0	0.6647891340772164	0.6007731958762886	0.9999989615559018	0.2559253052429974	0.7440746947570026	0.7440746947570026	HG003	hg38	-1	-2	sent	gatk
I2-HG003-10x-5-D0-PF-ILMN-NOVASEQ-sent-gatk-Indel_gt50	Indel_gt50	I2-HG003-10x-5-D0-PF-ILMN-NOVASEQ	3088286401.0	3088285642.0	303.0	456.0	329.0	0.5906735751295337	0.6007905138339921	0.9999998934684148	0.4191082802547771	0.5808917197452229	0.5808917197452229	HG003	hg38	-1	-2	sent	gatk
I2-HG003-10x-5-D0-PF-ILMN-NOVASEQ-sent-gatk-All	All	I2-HG003-10x-5-D0-PF-ILMN-NOVASEQ	3088286401.0	3084287259.0	301939.0	3697203.0	712192.0	0.8793926934019556	0.9244990550473077	0.9997691435569724	0.16151694280054293	0.838483057199457	0.838483057199457	HG003	hg38	-1	-2	sent	gatk
I2-HG003-10x-5-D0-PF-ILMN-NOVASEQ-sent-gatk-SNPts	SNPts	I2-HG003-10x-5-D0-PF-ILMN-NOVASEQ	337668665.0	337403112.0	14702.0	250851.0	2515.0	0.9668214114341545	0.944636287294815	0.9999925460638509	0.009926351602030264	0.9900736483979697	0.9900736483979697	HG003	giabHC_x_clinvar_genes	-1	-2	sent	gatk
I2-HG003-10x-5-D0-PF-ILMN-NOVASEQ-sent-gatk-SNPtv	SNPtv	I2-HG003-10x-5-D0-PF-ILMN-NOVASEQ	337668665.0	337548400.0	6808.0	113457.0	1400.0	0.9650904636741777	0.9433916767139234	0.9999958524638438	0.012189069886902845	0.9878109301130972	0.9878109301130972	HG003	giabHC_x_clinvar_genes	-1	-2	sent	gatk
I2-HG003-10x-5-D0-PF-ILMN-NOVASEQ-sent-gatk-INS_50	INS_50	I2-HG003-10x-5-D0-PF-ILMN-NOVASEQ	337668665.0	337641429.0	2900.0	24336.0	124.0	0.9415041782729806	0.8935232780143927	0.9999996327466246	0.005069501226492232	0.9949304987735078	0.9949304987735078	HG003	giabHC_x_clinvar_genes	-1	-2	sent	gatk
I2-HG003-10x-5-D0-PF-ILMN-NOVASEQ-sent-gatk-INS_gt50	INS_gt50	I2-HG003-10x-5-D0-PF-ILMN-NOVASEQ	337668665.0	337668665.0	0.0	0.0	0.0			1.0				HG003	giabHC_x_clinvar_genes	-1	-2	sent	gatk
I2-HG003-10x-5-D0-PF-ILMN-NOVASEQ-sent-gatk-DEL_50	DEL_50	I2-HG003-10x-5-D0-PF-ILMN-NOVASEQ	337668665.0	337639624.0	3109.0	25932.0	152.0	0.940843537414966	0.8929444578354739	0.9999995498160738	0.005827327097071002	0.994172672902929	0.994172672902929	HG003	giabHC_x_clinvar_genes	-1	-2	sent	gatk
I2-HG003-10x-5-D0-PF-ILMN-NOVASEQ-sent-gatk-DEL_gt50	DEL_gt50	I2-HG003-10x-5-D0-PF-ILMN-NOVASEQ	337668665.0	337668665.0	0.0	0.0	0.0			1.0				HG003	giabHC_x_clinvar_genes	-1	-2	sent	gatk
I2-HG003-10x-5-D0-PF-ILMN-NOVASEQ-sent-gatk-Indel_50	Indel_50	I2-HG003-10x-5-D0-PF-ILMN-NOVASEQ	337668665.0	337667488.0	434.0	743.0	1.0	0.773555439875065	0.6312659303313509	0.9999999970385067	0.0013440860215053765	0.9986559139784946	0.9986559139784946	HG003	giabHC_x_clinvar_genes	-1	-2	sent	gatk
I2-HG003-10x-5-D0-PF-ILMN-NOVASEQ-sent-gatk-Indel_gt50	Indel_gt50	I2-HG003-10x-5-D0-PF-ILMN-NOVASEQ	337668665.0	337668640.0	11.0	14.0	0.0	0.717948717948718	0.56	1.0	0.0	1.0	1.0	HG003	giabHC_x_clinvar_genes	-1	-2	sent	gatk
I2-HG003-10x-5-D0-PF-ILMN-NOVASEQ-sent-gatk-All	All	I2-HG003-10x-5-D0-PF-ILMN-NOVASEQ	337668665.0	337225368.0	27964.0	415333.0	4192.0	0.9627315946973999	0.9369181384038241	0.9999875692984921	0.009992253143436028	0.990007746856564	0.990007746856564	HG003	giabHC_x_clinvar_genes	-1	-2	sent	gatk
I2-HG003-10x-5-D0-PF-ILMN-NOVASEQ-sent-gatk-SNPts	SNPts	I2-HG003-10x-5-D0-PF-ILMN-NOVASEQ	688815815.0	688747883.0	12526.0	55406.0	269128.0	0.28234802505185164	0.8156097273744333	0.9996094029672657	0.8292752069120647	0.1707247930879353	0.1707247930879353	HG003	hg38_m_giabHC	-1	-2	sent	gatk
I2-HG003-10x-5-D0-PF-ILMN-NOVASEQ-sent-gatk-SNPtv	SNPtv	I2-HG003-10x-5-D0-PF-ILMN-NOVASEQ	688815815.0	688780695.0	6138.0	28982.0	188496.0	0.22947133389813062	0.8252277904328018	0.9997264086660734	0.8667359457048529	0.1332640542951471	0.1332640542951471	HG003	hg38_m_giabHC	-1	-2	sent	gatk
I2-HG003-10x-5-D0-PF-ILMN-NOVASEQ-sent-gatk-INS_50	INS_50	I2-HG003-10x-5-D0-PF-ILMN-NOVASEQ	688815815.0	688786207.0	6135.0	23473.0	109602.0	0.28857348340023237	0.7927924885166171	0.9998409019207721	0.8236107458200262	0.17638925417997375	0.1763892541799737	HG003	hg38_m_giabHC	-1	-2	sent	gatk
I2-HG003-10x-5-D0-PF-ILMN-NOVASEQ-sent-gatk-INS_gt50	INS_gt50	I2-HG003-10x-5-D0-PF-ILMN-NOVASEQ	688815815.0	688815577.0	186.0	52.0	1311.0	0.06495940037476579	0.2184873949579832	0.9999980967365597	0.9618488628026413	0.03815113719735874	0.03815113719735877	HG003	hg38_m_giabHC	-1	-2	sent	gatk
I2-HG003-10x-5-D0-PF-ILMN-NOVASEQ-sent-gatk-DEL_50	DEL_50	I2-HG003-10x-5-D0-PF-ILMN-NOVASEQ	688815815.0	688785222.0	5310.0	25283.0	120371.0	0.2869041742554483	0.826430882881705	0.99982527214001	0.8264174001400579	0.17358259985994207	0.17358259985994207	HG003	hg38_m_giabHC	-1	-2	sent	gatk
I2-HG003-10x-5-D0-PF-ILMN-NOVASEQ-sent-gatk-DEL_gt50	DEL_gt50	I2-HG003-10x-5-D0-PF-ILMN-NOVASEQ	688815815.0	688815677.0	91.0	47.0	1307.0	0.06300268096514745	0.34057971014492755	0.9999981025438827	0.965288035450517	0.034711964549483	0.03471196454948301	HG003	hg38_m_giabHC	-1	-2	sent	gatk
I2-HG003-10x-5-D0-PF-ILMN-NOVASEQ-sent-gatk-Indel_50	Indel_50	I2-HG003-10x-5-D0-PF-ILMN-NOVASEQ	688815815.0	688811855.0	1859.0	2101.0	3206.0	0.4534369267292544	0.5305555555555556	0.9999953456302257	0.6041077821744866	0.3958922178255134	0.3958922178255135	HG003	hg38_m_giabHC	-1	-2	sent	gatk
I2-HG003-10x-5-D0-PF-ILMN-NOVASEQ-sent-gatk-Indel_gt50	Indel_gt50	I2-HG003-10x-5-D0-PF-ILMN-NOVASEQ	688815815.0	688815288.0	251.0	276.0	329.0	0.4876325088339223	0.523719165085389	0.9999995223685528	0.543801652892562	0.456198347107438	0.456198347107438	HG003	hg38_m_giabHC	-1	-2	sent	gatk
I2-HG003-10x-5-D0-PF-ILMN-NOVASEQ-sent-gatk-All	All	I2-HG003-10x-5-D0-PF-ILMN-NOVASEQ	688815815.0	688647699.0	32496.0	135620.0	693750.0	0.2719236159705499	0.8067048942396916	0.9989936046918311	0.8364782907508108	0.16352170924918918	0.16352170924918916	HG003	hg38_m_giabHC	-1	-2	sent	gatk
I2-HG003-10x-5-D0-PF-ILMN-NOVASEQ-sent-gatk-SNPts	SNPts	I2-HG003-10x-5-D0-PF-ILMN-NOVASEQ	2528531102.0	2526276174.0	139694.0	2115234.0	11173.0	0.9655659747542701	0.9380494632201117	0.9999955773043738	0.0052544033197783864	0.9947455966802217	0.9947455966802217	HG003	giabHC	-1	-2	sent	gatk
I2-HG003-10x-5-D0-PF-ILMN-NOVASEQ-sent-gatk-SNPtv	SNPtv	I2-HG003-10x-5-D0-PF-ILMN-NOVASEQ	2528531102.0	2527459074.0	68593.0	1003435.0	5998.0	0.9641641135721496	0.9360156637699761	0.9999976268712607	0.005941949589522039	0.994058050410478	0.994058050410478	HG003	giabHC	-1	-2	sent	gatk
I2-HG003-10x-5-D0-PF-ILMN-NOVASEQ-sent-gatk-INS_50	INS_50	I2-HG003-10x-5-D0-PF-ILMN-NOVASEQ	2528531102.0	2528292570.0	27705.0	210827.0	581.0	0.9371338400675645	0.8838520617778747	0.9999997702006985	0.0027482403693332323	0.9972517596306668	0.9972517596306668	HG003	giabHC	-1	-2	sent	gatk
I2-HG003-10x-5-D0-PF-ILMN-NOVASEQ-sent-gatk-INS_gt50	INS_gt50	I2-HG003-10x-5-D0-PF-ILMN-NOVASEQ	2528531102.0	2528531101.0	0.0	1.0	1.0	0.6666666666666666	1.0	0.9999999996045135	0.5	0.5	0.5	HG003	giabHC	-1	-2	sent	gatk
I2-HG003-10x-5-D0-PF-ILMN-NOVASEQ-sent-gatk-DEL_50	DEL_50	I2-HG003-10x-5-D0-PF-ILMN-NOVASEQ	2528531102.0	2528277197.0	29082.0	224823.0	691.0	0.9378977470646763	0.8854610976546347	0.9999997266914356	0.003064111319031191	0.9969358886809688	0.9969358886809688	HG003	giabHC	-1	-2	sent	gatk
I2-HG003-10x-5-D0-PF-ILMN-NOVASEQ-sent-gatk-DEL_gt50	DEL_gt50	I2-HG003-10x-5-D0-PF-ILMN-NOVASEQ	2528531102.0	2528531102.0	0.0	0.0	1.0			0.9999999996045135	1.0	0.0	0.0	HG003	giabHC	-1	-2	sent	gatk
I2-HG003-10x-5-D0-PF-ILMN-NOVASEQ-sent-gatk-Indel_50	Indel_50	I2-HG003-10x-5-D0-PF-ILMN-NOVASEQ	2528531102.0	2528519541.0	4338.0	7223.0	1.0	0.769017833377695	0.6247729435169967	0.9999999996045117	0.00013842746400885935	0.9998615725359912	0.9998615725359912	HG003	giabHC	-1	-2	sent	gatk
I2-HG003-10x-5-D0-PF-ILMN-NOVASEQ-sent-gatk-Indel_gt50	Indel_gt50	I2-HG003-10x-5-D0-PF-ILMN-NOVASEQ	2528531102.0	2528530868.0	54.0	180.0	0.0	0.8695652173913044	0.7692307692307693	1.0	0.0	1.0	1.0	HG003	giabHC	-1	-2	sent	gatk
I2-HG003-10x-5-D0-PF-ILMN-NOVASEQ-sent-gatk-All	All	I2-HG003-10x-5-D0-PF-ILMN-NOVASEQ	2528531102.0	2524699913.0	269466.0	3561723.0	18446.0	0.9611525984846502	0.9296651770507798	0.9999926938385288	0.005152270744760931	0.9948477292552391	0.9948477292552391	HG003	giabHC	-1	-2	sent	gatk
I2-HG003-10x-5-D0-PF-ILMN-NOVASEQ-sent-gatk-SNPts	SNPts	I2-HG003-10x-5-D0-PF-ILMN-NOVASEQ	332544085.0	332287235.0	12142.0	244708.0	1786.0	0.9723290632251501	0.9527272727272728	0.9999946251609679	0.007245612469269029	0.992754387530731	0.992754387530731	HG003	giabHC_x_ultima_x_clinvar	-1	-2	sent	gatk
I2-HG003-10x-5-D0-PF-ILMN-NOVASEQ-sent-gatk-SNPtv	SNPtv	I2-HG003-10x-5-D0-PF-ILMN-NOVASEQ	332544085.0	332429457.0	5519.0	109109.0	1036.0	0.9708372446868618	0.9518529504135115	0.9999968835590543	0.00940578328566889	0.9905942167143311	0.9905942167143311	HG003	giabHC_x_ultima_x_clinvar	-1	-2	sent	gatk
I2-HG003-10x-5-D0-PF-ILMN-NOVASEQ-sent-gatk-INS_50	INS_50	I2-HG003-10x-5-D0-PF-ILMN-NOVASEQ	332544085.0	332526301.0	1302.0	16482.0	89.0	0.959510988211323	0.9267881241565452	0.9999997323520698	0.005370828555910929	0.994629171444089	0.994629171444089	HG003	giabHC_x_ultima_x_clinvar	-1	-2	sent	gatk
I2-HG003-10x-5-D0-PF-ILMN-NOVASEQ-sent-gatk-INS_gt50	INS_gt50	I2-HG003-10x-5-D0-PF-ILMN-NOVASEQ	332544085.0	332544085.0	0.0	0.0	0.0			1.0				HG003	giabHC_x_ultima_x_clinvar	-1	-2	sent	gatk
I2-HG003-10x-5-D0-PF-ILMN-NOVASEQ-sent-gatk-DEL_50	DEL_50	I2-HG003-10x-5-D0-PF-ILMN-NOVASEQ	332544085.0	332524723.0	1396.0	17966.0	94.0	0.960183849072738	0.9279000103295114	0.999999717314332	0.005204872646733112	0.9947951273532669	0.9947951273532669	HG003	giabHC_x_ultima_x_clinvar	-1	-2	sent	gatk
I2-HG003-10x-5-D0-PF-ILMN-NOVASEQ-sent-gatk-DEL_gt50	DEL_gt50	I2-HG003-10x-5-D0-PF-ILMN-NOVASEQ	332544085.0	332544085.0	0.0	0.0	0.0			1.0				HG003	giabHC_x_ultima_x_clinvar	-1	-2	sent	gatk
I2-HG003-10x-5-D0-PF-ILMN-NOVASEQ-sent-gatk-Indel_50	Indel_50	I2-HG003-10x-5-D0-PF-ILMN-NOVASEQ	332544085.0	332543499.0	142.0	444.0	1.0	0.8612997090203686	0.757679180887372	0.9999999969928746	0.0022471910112359553	0.9977528089887641	0.9977528089887641	HG003	giabHC_x_ultima_x_clinvar	-1	-2	sent	gatk
I2-HG003-10x-5-D0-PF-ILMN-NOVASEQ-sent-gatk-Indel_gt50	Indel_gt50	I2-HG003-10x-5-D0-PF-ILMN-NOVASEQ	332544085.0	332544068.0	6.0	11.0	0.0	0.7857142857142858	0.6470588235294118	1.0	0.0	1.0	1.0	HG003	giabHC_x_ultima_x_clinvar	-1	-2	sent	gatk
I2-HG003-10x-5-D0-PF-ILMN-NOVASEQ-sent-gatk-All	All	I2-HG003-10x-5-D0-PF-ILMN-NOVASEQ	332544085.0	332134858.0	20507.0	388720.0	3006.0	0.9706437206677546	0.9498884482206698	0.9999909495413627	0.007673731128390763	0.9923262688716092	0.9923262688716092	HG003	giabHC_x_ultima_x_clinvar	-1	-2	sent	gatk
I2-HG003-10x-5-D0-PF-ILMN-NOVASEQ-sent-gatk-SNPts	SNPts	I2-HG003-10x-5-D0-PF-ILMN-NOVASEQ	2799325643.0	2797071340.0	127615.0	2126688.0	174356.0	0.9337106481679661	0.9433904847751168	0.9999376686859329	0.07577256236734282	0.9242274376326571	0.9242274376326571	HG003	ultima	-1	-2	sent	gatk
I2-HG003-10x-5-D0-PF-ILMN-NOVASEQ-sent-gatk-SNPtv	SNPtv	I2-HG003-10x-5-D0-PF-ILMN-NOVASEQ	2799325643.0	2798266673.0	60991.0	997979.0	103010.0	0.9240721698884099	0.9424053561479551	0.9999631892810211	0.09356133440025287	0.9064386655997472	0.9064386655997472	HG003	ultima	-1	-2	sent	gatk
I2-HG003-10x-5-D0-PF-ILMN-NOVASEQ-sent-gatk-INS_50	INS_50	I2-HG003-10x-5-D0-PF-ILMN-NOVASEQ	2799325643.0	2799157426.0	14826.0	153391.0	25619.0	0.883520002764762	0.9118638425367234	0.9999908476867757	0.14311490978157645	0.8568850902184235	0.8568850902184235	HG003	ultima	-1	-2	sent	gatk
I2-HG003-10x-5-D0-PF-ILMN-NOVASEQ-sent-gatk-INS_gt50	INS_gt50	I2-HG003-10x-5-D0-PF-ILMN-NOVASEQ	2799325643.0	2799325546.0	77.0	20.0	272.0	0.10282776349614395	0.20618556701030927	0.9999999028337473	0.9315068493150684	0.06849315068493156	0.0684931506849315	HG003	ultima	-1	-2	sent	gatk
I2-HG003-10x-5-D0-PF-ILMN-NOVASEQ-sent-gatk-DEL_50	DEL_50	I2-HG003-10x-5-D0-PF-ILMN-NOVASEQ	2799325643.0	2799142214.0	15652.0	167777.0	32902.0	0.8735928436793818	0.9146699813006668	0.9999882458229169	0.1639533782807369	0.8360466217192631	0.8360466217192631	HG003	ultima	-1	-2	sent	gatk
I2-HG003-10x-5-D0-PF-ILMN-NOVASEQ-sent-gatk-DEL_gt50	DEL_gt50	I2-HG003-10x-5-D0-PF-ILMN-NOVASEQ	2799325643.0	2799325554.0	52.0	37.0	591.0	0.10320781032078104	0.4157303370786517	0.9999997888777622	0.9410828025477707	0.05891719745222934	0.0589171974522293	HG003	ultima	-1	-2	sent	gatk
I2-HG003-10x-5-D0-PF-ILMN-NOVASEQ-sent-gatk-Indel_50	Indel_50	I2-HG003-10x-5-D0-PF-ILMN-NOVASEQ	2799325643.0	2799318189.0	1893.0	5561.0	762.0	0.8072875081657835	0.7460423933458545	0.9999997277909329	0.12051241499288312	0.8794875850071169	0.8794875850071169	HG003	ultima	-1	-2	sent	gatk
I2-HG003-10x-5-D0-PF-ILMN-NOVASEQ-sent-gatk-Indel_gt50	Indel_gt50	I2-HG003-10x-5-D0-PF-ILMN-NOVASEQ	2799325643.0	2799325206.0	118.0	319.0	115.0	0.7324913892078071	0.7299771167048055	0.9999999589186725	0.26497695852534564	0.7350230414746544	0.7350230414746544	HG003	ultima	-1	-2	sent	gatk
I2-HG003-10x-5-D0-PF-ILMN-NOVASEQ-sent-gatk-All	All	I2-HG003-10x-5-D0-PF-ILMN-NOVASEQ	2799325643.0	2795652647.0	221224.0	3451772.0	337627.0	0.9251110400883362	0.9397701494910422	0.9998792460034144	0.08909776985743649	0.9109022301425636	0.9109022301425636	HG003	ultima	-1	-2	sent	gatk
I2-HG003-10x-5-D0-PF-ILMN-NOVASEQ-sent-gatk-SNPts	SNPts	I2-HG003-10x-5-D0-PF-ILMN-NOVASEQ	377862616.0	377589373.0	16159.0	257084.0	33611.0	0.9117456174260291	0.9408621629831322	0.9999109932355177	0.11562290373071432	0.8843770962692856	0.8843770962692856	HG003	clinvar_genes	-1	-2	sent	gatk
I2-HG003-10x-5-D0-PF-ILMN-NOVASEQ-sent-gatk-SNPtv	SNPtv	I2-HG003-10x-5-D0-PF-ILMN-NOVASEQ	377862616.0	377738264.0	7519.0	116833.0	20570.0	0.8926897289450059	0.9395345470921256	0.9999455472694518	0.1497056105034097	0.8502943894965903	0.8502943894965903	HG003	clinvar_genes	-1	-2	sent	gatk
I2-HG003-10x-5-D0-PF-ILMN-NOVASEQ-sent-gatk-INS_50	INS_50	I2-HG003-10x-5-D0-PF-ILMN-NOVASEQ	377862616.0	377832303.0	3491.0	26822.0	12237.0	0.7732802859943493	0.8848348893214133	0.999967613664604	0.3132952712563046	0.6867047287436954	0.6867047287436955	HG003	clinvar_genes	-1	-2	sent	gatk
I2-HG003-10x-5-D0-PF-ILMN-NOVASEQ-sent-gatk-INS_gt50	INS_gt50	I2-HG003-10x-5-D0-PF-ILMN-NOVASEQ	377862616.0	377862586.0	21.0	9.0	178.0	0.08294930875576036	0.3	0.9999995289295031	0.9518716577540107	0.048128342245989275	0.0481283422459893	HG003	clinvar_genes	-1	-2	sent	gatk
I2-HG003-10x-5-D0-PF-ILMN-NOVASEQ-sent-gatk-DEL_50	DEL_50	I2-HG003-10x-5-D0-PF-ILMN-NOVASEQ	377862616.0	377830376.0	3616.0	28624.0	13257.0	0.7723587107567356	0.8878411910669975	0.9999649140574508	0.31653971968195604	0.683460280318044	0.683460280318044	HG003	clinvar_genes	-1	-2	sent	gatk
I2-HG003-10x-5-D0-PF-ILMN-NOVASEQ-sent-gatk-DEL_gt50	DEL_gt50	I2-HG003-10x-5-D0-PF-ILMN-NOVASEQ	377862616.0	377862598.0	15.0	3.0	168.0	0.031746031746031744	0.16666666666666666	0.9999995553941401	0.9824561403508771	0.01754385964912286	0.017543859649122806	HG003	clinvar_genes	-1	-2	sent	gatk
I2-HG003-10x-5-D0-PF-ILMN-NOVASEQ-sent-gatk-Indel_50	Indel_50	I2-HG003-10x-5-D0-PF-ILMN-NOVASEQ	377862616.0	377861058.0	616.0	942.0	383.0	0.6534859521331946	0.6046213093709885	0.9999989864009438	0.2890566037735849	0.7109433962264151	0.7109433962264151	HG003	clinvar_genes	-1	-2	sent	gatk
I2-HG003-10x-5-D0-PF-ILMN-NOVASEQ-sent-gatk-Indel_gt50	Indel_gt50	I2-HG003-10x-5-D0-PF-ILMN-NOVASEQ	377862616.0	377862524.0	41.0	51.0	38.0	0.56353591160221	0.5543478260869565	0.9999998994343345	0.42696629213483145	0.5730337078651686	0.5730337078651685	HG003	clinvar_genes	-1	-2	sent	gatk
I2-HG003-10x-5-D0-PF-ILMN-NOVASEQ-sent-gatk-All	All	I2-HG003-10x-5-D0-PF-ILMN-NOVASEQ	377862616.0	377400770.0	31478.0	430368.0	80442.0	0.8849336250431807	0.9318430818930986	0.9997868980032839	0.15747929758618665	0.8425207024138134	0.8425207024138134	HG003	clinvar_genes	-1	-2	sent	gatk
I2-HG003-10x-5-D0-PF-ILMN-NOVASEQ-sent-gatk-SNPts	SNPts	I2-HG003-10x-5-D0-PF-ILMN-NOVASEQ	2505355380.0	2503152174.0	121433.0	2081773.0	8472.0	0.9697434534596995	0.9448835015881402	0.9999966154789092	0.004053113391013972	0.995946886608986	0.995946886608986	HG003	giabHC_x_ultima	-1	-2	sent	gatk
I2-HG003-10x-5-D0-PF-ILMN-NOVASEQ-sent-gatk-SNPtv	SNPtv	I2-HG003-10x-5-D0-PF-ILMN-NOVASEQ	2505355380.0	2504320734.0	58124.0	976522.0	4489.0	0.9689366792068292	0.9438223315027555	0.9999982075011828	0.00457589160570065	0.9954241083942994	0.9954241083942994	HG003	giabHC_x_ultima	-1	-2	sent	gatk
I2-HG003-10x-5-D0-PF-ILMN-NOVASEQ-sent-gatk-INS_50	INS_50	I2-HG003-10x-5-D0-PF-ILMN-NOVASEQ	2505355380.0	2505198260.0	13298.0	143822.0	407.0	0.954521169806437	0.9153640529531568	0.9999998375378347	0.002821901281989059	0.9971780987180109	0.9971780987180109	HG003	giabHC_x_ultima	-1	-2	sent	gatk
I2-HG003-10x-5-D0-PF-ILMN-NOVASEQ-sent-gatk-INS_gt50	INS_gt50	I2-HG003-10x-5-D0-PF-ILMN-NOVASEQ	2505355380.0	2505355380.0	0.0	0.0	1.0			0.9999999996008551	1.0	0.0	0.0	HG003	giabHC_x_ultima	-1	-2	sent	gatk
I2-HG003-10x-5-D0-PF-ILMN-NOVASEQ-sent-gatk-DEL_50	DEL_50	I2-HG003-10x-5-D0-PF-ILMN-NOVASEQ	2505355380.0	2505185353.0	13863.0	156164.0	467.0	0.9561314892027748	0.9184658907114752	0.9999998135866823	0.0029815298376438893	0.9970184701623561	0.9970184701623561	HG003	giabHC_x_ultima	-1	-2	sent	gatk
I2-HG003-10x-5-D0-PF-ILMN-NOVASEQ-sent-gatk-DEL_gt50	DEL_gt50	I2-HG003-10x-5-D0-PF-ILMN-NOVASEQ	2505355380.0	2505355380.0	0.0	0.0	0.0			1.0				HG003	giabHC_x_ultima	-1	-2	sent	gatk
I2-HG003-10x-5-D0-PF-ILMN-NOVASEQ-sent-gatk-Indel_50	Indel_50	I2-HG003-10x-5-D0-PF-ILMN-NOVASEQ	2505355380.0	2505349463.0	1455.0	4462.0	1.0	0.8597302504816955	0.7540983606557377	0.9999999996008541	0.00022406453058480843	0.9997759354694152	0.9997759354694152	HG003	giabHC_x_ultima	-1	-2	sent	gatk
I2-HG003-10x-5-D0-PF-ILMN-NOVASEQ-sent-gatk-Indel_gt50	Indel_gt50	I2-HG003-10x-5-D0-PF-ILMN-NOVASEQ	2505355380.0	2505355202.0	32.0	146.0	0.0	0.9012345679012346	0.8202247191011236	1.0	0.0	1.0	1.0	HG003	giabHC_x_ultima	-1	-2	sent	gatk
I2-HG003-10x-5-D0-PF-ILMN-NOVASEQ-sent-gatk-All	All	I2-HG003-10x-5-D0-PF-ILMN-NOVASEQ	2505355380.0	2501784286.0	208205.0	3362889.0	13837.0	0.9680414863942935	0.9416971381879055	0.9999944691780392	0.00409775622896261	0.9959022437710374	0.9959022437710374	HG003	giabHC_x_ultima	-1	-2	sent	gatk
I2-HG003-15x-6-D0-PF-ILMN-NOVASEQ-sent-gatk-SNPts	SNPts	I2-HG003-15x-6-D0-PF-ILMN-NOVASEQ	2505355380.0	2503152241.0	26934.0	2176205.0	10971.0	0.9913662231525527	0.9877747159847835	0.9999956171455591	0.005016057235448816	0.9949839427645512	0.9949839427645512	HG003	giabHC_x_ultima	-1	-2	sent	gatk
I2-HG003-15x-6-D0-PF-ILMN-NOVASEQ-sent-gatk-SNPtv	SNPtv	I2-HG003-15x-6-D0-PF-ILMN-NOVASEQ	2505355380.0	2504320913.0	13281.0	1021186.0	5660.0	0.9908111965528767	0.9871615044269174	0.9999977399113754	0.005512024198370545	0.9944879758016295	0.9944879758016295	HG003	giabHC_x_ultima	-1	-2	sent	gatk
I2-HG003-15x-6-D0-PF-ILMN-NOVASEQ-sent-gatk-INS_50	INS_50	I2-HG003-15x-6-D0-PF-ILMN-NOVASEQ	2505355380.0	2505199409.0	4350.0	151621.0	502.0	0.9842515595889567	0.9721101999730719	0.99999979961679	0.003299961215595275	0.9967000387844047	0.9967000387844047	HG003	giabHC_x_ultima	-1	-2	sent	gatk
I2-HG003-15x-6-D0-PF-ILMN-NOVASEQ-sent-gatk-INS_gt50	INS_gt50	I2-HG003-15x-6-D0-PF-ILMN-NOVASEQ	2505355380.0	2505355380.0	0.0	0.0	1.0			0.9999999996008551	1.0	0.0	0.0	HG003	giabHC_x_ultima	-1	-2	sent	gatk
I2-HG003-15x-6-D0-PF-ILMN-NOVASEQ-sent-gatk-DEL_50	DEL_50	I2-HG003-15x-6-D0-PF-ILMN-NOVASEQ	2505355380.0	2505186833.0	4137.0	164410.0	572.0	0.9858812876841295	0.9754549176194177	0.9999997716737683	0.003467044889745548	0.9965329551102544	0.9965329551102544	HG003	giabHC_x_ultima	-1	-2	sent	gatk
I2-HG003-15x-6-D0-PF-ILMN-NOVASEQ-sent-gatk-DEL_gt50	DEL_gt50	I2-HG003-15x-6-D0-PF-ILMN-NOVASEQ	2505355380.0	2505355380.0	0.0	0.0	2.0			0.99999999920171	1.0	0.0	0.0	HG003	giabHC_x_ultima	-1	-2	sent	gatk
I2-HG003-15x-6-D0-PF-ILMN-NOVASEQ-sent-gatk-Indel_50	Indel_50	I2-HG003-15x-6-D0-PF-ILMN-NOVASEQ	2505355380.0	2505346818.0	472.0	8090.0	1.0	0.9715967093016272	0.9448726932959589	0.9999999996008536	0.00012359411692003462	0.9998764058830799	0.9998764058830799	HG003	giabHC_x_ultima	-1	-2	sent	gatk
I2-HG003-15x-6-D0-PF-ILMN-NOVASEQ-sent-gatk-Indel_gt50	Indel_gt50	I2-HG003-15x-6-D0-PF-ILMN-NOVASEQ	2505355380.0	2505355121.0	13.0	246.0	0.0	0.9742574257425743	0.9498069498069498	1.0	0.0	1.0	1.0	HG003	giabHC_x_ultima	-1	-2	sent	gatk
I2-HG003-15x-6-D0-PF-ILMN-NOVASEQ-sent-gatk-All	All	I2-HG003-15x-6-D0-PF-ILMN-NOVASEQ	2505355380.0	2501784435.0	49187.0	3521758.0	17709.0	0.9905918250588012	0.9862257749699309	0.9999929215025887	0.00500329569395618	0.9949967043060438	0.9949967043060438	HG003	giabHC_x_ultima	-1	-2	sent	gatk
I2-HG003-15x-6-D0-PF-ILMN-NOVASEQ-sent-gatk-SNPts	SNPts	I2-HG003-15x-6-D0-PF-ILMN-NOVASEQ	2799325643.0	2797071422.0	29723.0	2224498.0	190086.0	0.9529196443201204	0.9868145137499829	0.9999320456813007	0.07872411976555796	0.9212758802344421	0.9212758802344421	HG003	ultima	-1	-2	sent	gatk
I2-HG003-15x-6-D0-PF-ILMN-NOVASEQ-sent-gatk-SNPtv	SNPtv	I2-HG003-15x-6-D0-PF-ILMN-NOVASEQ	2799325643.0	2798266869.0	14565.0	1044209.0	113375.0	0.9422746686230293	0.9862435231692505	0.999959485491565	0.09794105654535654	0.9020589434546434	0.9020589434546434	HG003	ultima	-1	-2	sent	gatk
I2-HG003-15x-6-D0-PF-ILMN-NOVASEQ-sent-gatk-INS_50	INS_50	I2-HG003-15x-6-D0-PF-ILMN-NOVASEQ	2799325643.0	2799158822.0	5109.0	161712.0	27836.0	0.907553687329706	0.9693743593432481	0.9999900556828104	0.14685462257581194	0.8531453774241881	0.8531453774241881	HG003	ultima	-1	-2	sent	gatk
I2-HG003-15x-6-D0-PF-ILMN-NOVASEQ-sent-gatk-INS_gt50	INS_gt50	I2-HG003-15x-6-D0-PF-ILMN-NOVASEQ	2799325643.0	2799325548.0	70.0	25.0	336.0	0.10964912280701754	0.2631578947368421	0.9999998799711024	0.9307479224376731	0.06925207756232687	0.06925207756232687	HG003	ultima	-1	-2	sent	gatk
I2-HG003-15x-6-D0-PF-ILMN-NOVASEQ-sent-gatk-DEL_50	DEL_50	I2-HG003-15x-6-D0-PF-ILMN-NOVASEQ	2799325643.0	2799144102.0	5026.0	176515.0	36391.0	0.8949998352123352	0.9723147939033056	0.9999869994092588	0.17092519703531137	0.8290748029646886	0.8290748029646886	HG003	ultima	-1	-2	sent	gatk
I2-HG003-15x-6-D0-PF-ILMN-NOVASEQ-sent-gatk-DEL_gt50	DEL_gt50	I2-HG003-15x-6-D0-PF-ILMN-NOVASEQ	2799325643.0	2799325553.0	45.0	45.0	830.0	0.09326424870466322	0.5	0.9999997035000974	0.9485714285714286	0.05142857142857138	0.05142857142857143	HG003	ultima	-1	-2	sent	gatk
I2-HG003-15x-6-D0-PF-ILMN-NOVASEQ-sent-gatk-Indel_50	Indel_50	I2-HG003-15x-6-D0-PF-ILMN-NOVASEQ	2799325643.0	2799314886.0	610.0	10147.0	1359.0	0.9115572923685038	0.9432927396114158	0.9999995145243048	0.11811228924039631	0.8818877107596037	0.8818877107596037	HG003	ultima	-1	-2	sent	gatk
I2-HG003-15x-6-D0-PF-ILMN-NOVASEQ-sent-gatk-Indel_gt50	Indel_gt50	I2-HG003-15x-6-D0-PF-ILMN-NOVASEQ	2799325643.0	2799325029.0	45.0	569.0	234.0	0.803105151729005	0.9267100977198697	0.9999999164084278	0.29140722291407223	0.7085927770859277	0.7085927770859277	HG003	ultima	-1	-2	sent	gatk
I2-HG003-15x-6-D0-PF-ILMN-NOVASEQ-sent-gatk-All	All	I2-HG003-15x-6-D0-PF-ILMN-NOVASEQ	2799325643.0	2795652730.0	55193.0	3617720.0	370447.0	0.9444412537135756	0.9849729628771495	0.9998675093242977	0.09288653158205261	0.9071134684179474	0.9071134684179474	HG003	ultima	-1	-2	sent	gatk
I2-HG003-15x-6-D0-PF-ILMN-NOVASEQ-sent-gatk-SNPts	SNPts	I2-HG003-15x-6-D0-PF-ILMN-NOVASEQ	332544085.0	332287248.0	2558.0	254279.0	2196.0	0.9907385761486192	0.9900403758025518	0.9999933913037574	0.008562238034896188	0.9914377619651038	0.9914377619651038	HG003	giabHC_x_ultima_x_clinvar	-1	-2	sent	gatk
I2-HG003-15x-6-D0-PF-ILMN-NOVASEQ-sent-gatk-SNPtv	SNPtv	I2-HG003-15x-6-D0-PF-ILMN-NOVASEQ	332544085.0	332429478.0	1262.0	113345.0	1279.0	0.9889151118304244	0.9889884562025008	0.9999961525822354	0.01115822166387493	0.9888417783361251	0.9888417783361251	HG003	giabHC_x_ultima_x_clinvar	-1	-2	sent	gatk
I2-HG003-15x-6-D0-PF-ILMN-NOVASEQ-sent-gatk-INS_50	INS_50	I2-HG003-15x-6-D0-PF-ILMN-NOVASEQ	332544085.0	332526376.0	438.0	17271.0	131.0	0.9837942525134572	0.9752668134846688	0.9999996060464437	0.007527870359728767	0.9924721296402712	0.9924721296402712	HG003	giabHC_x_ultima_x_clinvar	-1	-2	sent	gatk
I2-HG003-15x-6-D0-PF-ILMN-NOVASEQ-sent-gatk-INS_gt50	INS_gt50	I2-HG003-15x-6-D0-PF-ILMN-NOVASEQ	332544085.0	332544085.0	0.0	0.0	0.0			1.0				HG003	giabHC_x_ultima_x_clinvar	-1	-2	sent	gatk
I2-HG003-15x-6-D0-PF-ILMN-NOVASEQ-sent-gatk-DEL_50	DEL_50	I2-HG003-15x-6-D0-PF-ILMN-NOVASEQ	332544085.0	332524870.0	423.0	18792.0	126.0	0.9856030210054283	0.9779859484777518	0.9999996210811172	0.006660323501427212	0.9933396764985728	0.9933396764985728	HG003	giabHC_x_ultima_x_clinvar	-1	-2	sent	gatk
I2-HG003-15x-6-D0-PF-ILMN-NOVASEQ-sent-gatk-DEL_gt50	DEL_gt50	I2-HG003-15x-6-D0-PF-ILMN-NOVASEQ	332544085.0	332544085.0	0.0	0.0	0.0			1.0				HG003	giabHC_x_ultima_x_clinvar	-1	-2	sent	gatk
I2-HG003-15x-6-D0-PF-ILMN-NOVASEQ-sent-gatk-Indel_50	Indel_50	I2-HG003-15x-6-D0-PF-ILMN-NOVASEQ	332544085.0	332543274.0	49.0	762.0	1.0	0.9682337992376112	0.9395807644882861	0.9999999969928726	0.001310615989515072	0.9986893840104849	0.9986893840104849	HG003	giabHC_x_ultima_x_clinvar	-1	-2	sent	gatk
I2-HG003-15x-6-D0-PF-ILMN-NOVASEQ-sent-gatk-Indel_gt50	Indel_gt50	I2-HG003-15x-6-D0-PF-ILMN-NOVASEQ	332544085.0	332544064.0	3.0	18.0	0.0	0.923076923076923	0.8571428571428571	1.0	0.0	1.0	1.0	HG003	giabHC_x_ultima_x_clinvar	-1	-2	sent	gatk
I2-HG003-15x-6-D0-PF-ILMN-NOVASEQ-sent-gatk-All	All	I2-HG003-15x-6-D0-PF-ILMN-NOVASEQ	332544085.0	332134885.0	4733.0	404467.0	3733.0	0.9896427697577685	0.9884335288367546	0.999988760716768	0.009145026947574719	0.9908549730524253	0.9908549730524253	HG003	giabHC_x_ultima_x_clinvar	-1	-2	sent	gatk
I2-HG003-15x-6-D0-PF-ILMN-NOVASEQ-sent-gatk-SNPts	SNPts	I2-HG003-15x-6-D0-PF-ILMN-NOVASEQ	3088286401.0	3085963769.0	49059.0	2273573.0	316839.0	0.925525193749537	0.9788778420343817	0.9998973395357574	0.12231220361857496	0.877687796381425	0.877687796381425	HG003	hg38	-1	-2	sent	gatk
I2-HG003-15x-6-D0-PF-ILMN-NOVASEQ-sent-gatk-SNPtv	SNPtv	I2-HG003-15x-6-D0-PF-ILMN-NOVASEQ	3088286401.0	3087179611.0	24849.0	1081941.0	223313.0	0.897115475505422	0.9775485864527146	0.99992766962865	0.17108777295453606	0.828912227045464	0.828912227045464	HG003	hg38	-1	-2	sent	gatk
I2-HG003-15x-6-D0-PF-ILMN-NOVASEQ-sent-gatk-INS_50	INS_50	I2-HG003-15x-6-D0-PF-ILMN-NOVASEQ	3088286401.0	3088021267.0	14195.0	250939.0	134605.0	0.7713154586446752	0.9464610347974987	0.99995641249808	0.34913006038221317	0.6508699396177868	0.6508699396177868	HG003	hg38	-1	-2	sent	gatk
I2-HG003-15x-6-D0-PF-ILMN-NOVASEQ-sent-gatk-INS_gt50	INS_gt50	I2-HG003-15x-6-D0-PF-ILMN-NOVASEQ	3088286401.0	3088286165.0	174.0	62.0	1685.0	0.06253151790216842	0.2627118644067797	0.9999994543902376	0.9645105895821409	0.035489410417859135	0.035489410417859184	HG003	hg38	-1	-2	sent	gatk
I2-HG003-15x-6-D0-PF-ILMN-NOVASEQ-sent-gatk-DEL_50	DEL_50	I2-HG003-15x-6-D0-PF-ILMN-NOVASEQ	3088286401.0	3088005435.0	13381.0	267585.0	145148.0	0.7714729299018739	0.9523750204651097	0.9999529984059718	0.3516752961357585	0.6483247038642415	0.6483247038642416	HG003	hg38	-1	-2	sent	gatk
I2-HG003-15x-6-D0-PF-ILMN-NOVASEQ-sent-gatk-DEL_gt50	DEL_gt50	I2-HG003-15x-6-D0-PF-ILMN-NOVASEQ	3088286401.0	3088286262.0	75.0	64.0	1720.0	0.06656266250650027	0.460431654676259	0.999999443057121	0.9641255605381166	0.0358744394618834	0.03587443946188341	HG003	hg38	-1	-2	sent	gatk
I2-HG003-15x-6-D0-PF-ILMN-NOVASEQ-sent-gatk-Indel_50	Indel_50	I2-HG003-15x-6-D0-PF-ILMN-NOVASEQ	3088286401.0	3088264420.0	2404.0	19577.0	7237.0	0.802418280561533	0.8906328192529912	0.9999976566180687	0.26989632281643916	0.7301036771835608	0.7301036771835608	HG003	hg38	-1	-2	sent	gatk
I2-HG003-15x-6-D0-PF-ILMN-NOVASEQ-sent-gatk-Indel_gt50	Indel_gt50	I2-HG003-15x-6-D0-PF-ILMN-NOVASEQ	3088286401.0	3088285407.0	160.0	834.0	689.0	0.6626936829558999	0.8390342052313883	0.9999997768989082	0.45239658568614577	0.5476034143138542	0.5476034143138543	HG003	hg38	-1	-2	sent	gatk
I2-HG003-15x-6-D0-PF-ILMN-NOVASEQ-sent-gatk-All	All	I2-HG003-15x-6-D0-PF-ILMN-NOVASEQ	3088286401.0	3084287529.0	104297.0	3894575.0	831236.0	0.8927716915330907	0.9739183949873864	0.9997305659641275	0.17589277269023243	0.8241072273097676	0.8241072273097676	HG003	hg38	-1	-2	sent	gatk
I2-HG003-15x-6-D0-PF-ILMN-NOVASEQ-sent-gatk-SNPts	SNPts	I2-HG003-15x-6-D0-PF-ILMN-NOVASEQ	688815815.0	688747949.0	7658.0	60208.0	302442.0	0.2797015674214199	0.8871599917484455	0.999561074191452	0.833977664414725	0.16602233558527502	0.16602233558527507	HG003	hg38_m_giabHC	-1	-2	sent	gatk
I2-HG003-15x-6-D0-PF-ILMN-NOVASEQ-sent-gatk-SNPtv	SNPtv	I2-HG003-15x-6-D0-PF-ILMN-NOVASEQ	688815815.0	688780757.0	3738.0	31320.0	215740.0	0.22203475141607412	0.8933766900564778	0.9996868779435899	0.8732291750991662	0.1267708249008338	0.1267708249008338	HG003	hg38_m_giabHC	-1	-2	sent	gatk
I2-HG003-15x-6-D0-PF-ILMN-NOVASEQ-sent-gatk-INS_50	INS_50	I2-HG003-15x-6-D0-PF-ILMN-NOVASEQ	688815815.0	688786756.0	3762.0	25297.0	133916.0	0.2687282229965157	0.8705392477373619	0.9998056147747588	0.841112220735744	0.158887779264256	0.15888777926425607	HG003	hg38_m_giabHC	-1	-2	sent	gatk
I2-HG003-15x-6-D0-PF-ILMN-NOVASEQ-sent-gatk-INS_gt50	INS_gt50	I2-HG003-15x-6-D0-PF-ILMN-NOVASEQ	688815815.0	688815580.0	174.0	61.0	1684.0	0.061616161616161604	0.25957446808510637	0.9999975552296843	0.9650429799426934	0.03495702005730661	0.03495702005730659	HG003	hg38_m_giabHC	-1	-2	sent	gatk
I2-HG003-15x-6-D0-PF-ILMN-NOVASEQ-sent-gatk-DEL_50	DEL_50	I2-HG003-15x-6-D0-PF-ILMN-NOVASEQ	688815815.0	688785829.0	2941.0	27045.0	144302.0	0.2686593851976576	0.9019208964183285	0.9997905418945887	0.8421623956065761	0.15783760439342387	0.15783760439342387	HG003	hg38_m_giabHC	-1	-2	sent	gatk
I2-HG003-15x-6-D0-PF-ILMN-NOVASEQ-sent-gatk-DEL_gt50	DEL_gt50	I2-HG003-15x-6-D0-PF-ILMN-NOVASEQ	688815815.0	688815676.0	75.0	64.0	1718.0	0.06663196251952108	0.460431654676259	0.9999975058701842	0.9640852974186308	0.035914702581369196	0.03591470258136925	HG003	hg38_m_giabHC	-1	-2	sent	gatk
I2-HG003-15x-6-D0-PF-ILMN-NOVASEQ-sent-gatk-Indel_50	Indel_50	I2-HG003-15x-6-D0-PF-ILMN-NOVASEQ	688815815.0	688810699.0	882.0	4234.0	7234.0	0.510612638687892	0.8275996872556685	0.9999894979505419	0.6307987443320544	0.3692012556679456	0.3692012556679456	HG003	hg38_m_giabHC	-1	-2	sent	gatk
I2-HG003-15x-6-D0-PF-ILMN-NOVASEQ-sent-gatk-Indel_gt50	Indel_gt50	I2-HG003-15x-6-D0-PF-ILMN-NOVASEQ	688815815.0	688815149.0	140.0	526.0	689.0	0.5592769803296119	0.7897897897897898	0.9999989997326397	0.5670781893004115	0.43292181069958846	0.43292181069958846	HG003	hg38_m_giabHC	-1	-2	sent	gatk
I2-HG003-15x-6-D0-PF-ILMN-NOVASEQ-sent-gatk-All	All	I2-HG003-15x-6-D0-PF-ILMN-NOVASEQ	688815815.0	688647690.0	19370.0	148755.0	807725.0	0.2645462184500336	0.8847881040892194	0.9988284594153198	0.8444766226162597	0.15552337738374034	0.1555233773837404	HG003	hg38_m_giabHC	-1	-2	sent	gatk
I2-HG003-15x-6-D0-PF-ILMN-NOVASEQ-sent-gatk-SNPts	SNPts	I2-HG003-15x-6-D0-PF-ILMN-NOVASEQ	377862616.0	377589397.0	5549.0	267670.0	38052.0	0.9246883533900692	0.9796902850826626	0.9998992340199295	0.12446601814720563	0.8755339818527944	0.8755339818527944	HG003	clinvar_genes	-1	-2	sent	gatk
I2-HG003-15x-6-D0-PF-ILMN-NOVASEQ-sent-gatk-SNPtv	SNPtv	I2-HG003-15x-6-D0-PF-ILMN-NOVASEQ	377862616.0	377738305.0	2681.0	121630.0	23207.0	0.9038150014118627	0.9784331233760488	0.9999385670607969	0.16022839467815544	0.8397716053218446	0.8397716053218446	HG003	clinvar_genes	-1	-2	sent	gatk
I2-HG003-15x-6-D0-PF-ILMN-NOVASEQ-sent-gatk-INS_50	INS_50	I2-HG003-15x-6-D0-PF-ILMN-NOVASEQ	377862616.0	377832577.0	1484.0	28555.0	14972.0	0.7763097082891552	0.9505975565098705	0.9999603755534748	0.34397040917131894	0.6560295908286811	0.6560295908286811	HG003	clinvar_genes	-1	-2	sent	gatk
I2-HG003-15x-6-D0-PF-ILMN-NOVASEQ-sent-gatk-INS_gt50	INS_gt50	I2-HG003-15x-6-D0-PF-ILMN-NOVASEQ	377862616.0	377862586.0	20.0	10.0	225.0	0.07547169811320754	0.3333333333333333	0.9999994045457943	0.9574468085106383	0.04255319148936165	0.0425531914893617	HG003	clinvar_genes	-1	-2	sent	gatk
I2-HG003-15x-6-D0-PF-ILMN-NOVASEQ-sent-gatk-DEL_50	DEL_50	I2-HG003-15x-6-D0-PF-ILMN-NOVASEQ	377862616.0	377830717.0	1396.0	30503.0	15850.0	0.7796094668506874	0.9562368726292361	0.9999580517559657	0.3419411904299614	0.6580588095700386	0.6580588095700386	HG003	clinvar_genes	-1	-2	sent	gatk
I2-HG003-15x-6-D0-PF-ILMN-NOVASEQ-sent-gatk-DEL_gt50	DEL_gt50	I2-HG003-15x-6-D0-PF-ILMN-NOVASEQ	377862616.0	377862598.0	12.0	6.0	231.0	0.04705882352941176	0.3333333333333333	0.9999993886670445	0.9746835443037974	0.025316455696202556	0.02531645569620253	HG003	clinvar_genes	-1	-2	sent	gatk
I2-HG003-15x-6-D0-PF-ILMN-NOVASEQ-sent-gatk-Indel_50	Indel_50	I2-HG003-15x-6-D0-PF-ILMN-NOVASEQ	377862616.0	377860438.0	242.0	1936.0	842.0	0.781275221953188	0.8888888888888888	0.9999977716690104	0.30309575233981284	0.6969042476601872	0.6969042476601872	HG003	clinvar_genes	-1	-2	sent	gatk
I2-HG003-15x-6-D0-PF-ILMN-NOVASEQ-sent-gatk-Indel_gt50	Indel_gt50	I2-HG003-15x-6-D0-PF-ILMN-NOVASEQ	377862616.0	377862511.0	20.0	85.0	83.0	0.6227106227106226	0.8095238095238095	0.9999997803434335	0.49404761904761907	0.5059523809523809	0.5059523809523809	HG003	clinvar_genes	-1	-2	sent	gatk
I2-HG003-15x-6-D0-PF-ILMN-NOVASEQ-sent-gatk-All	All	I2-HG003-15x-6-D0-PF-ILMN-NOVASEQ	377862616.0	377400817.0	11404.0	450395.0	93462.0	0.8957237862648858	0.9753052735064389	0.9997524147909007	0.17185032094833752	0.8281496790516625	0.8281496790516625	HG003	clinvar_genes	-1	-2	sent	gatk
I2-HG003-15x-6-D0-PF-ILMN-NOVASEQ-sent-gatk-SNPts	SNPts	I2-HG003-15x-6-D0-PF-ILMN-NOVASEQ	2528531102.0	2526276307.0	41401.0	2213394.0	14397.0	0.9875522745129709	0.9816386855567801	0.9999943011309121	0.006462455409865647	0.9935375445901343	0.9935375445901343	HG003	giabHC	-1	-2	sent	gatk
I2-HG003-15x-6-D0-PF-ILMN-NOVASEQ-sent-gatk-SNPtv	SNPtv	I2-HG003-15x-6-D0-PF-ILMN-NOVASEQ	2528531102.0	2527459357.0	21111.0	1050634.0	7573.0	0.986533029852316	0.980302217411791	0.9999970037194512	0.007156444816562355	0.9928435551834377	0.9928435551834377	HG003	giabHC	-1	-2	sent	gatk
I2-HG003-15x-6-D0-PF-ILMN-NOVASEQ-sent-gatk-INS_50	INS_50	I2-HG003-15x-6-D0-PF-ILMN-NOVASEQ	2528531102.0	2528295102.0	10426.0	225574.0	688.0	0.9759573575158677	0.9558220338983051	0.9999997278799408	0.003040722702000336	0.9969592772979997	0.9969592772979997	HG003	giabHC	-1	-2	sent	gatk
I2-HG003-15x-6-D0-PF-ILMN-NOVASEQ-sent-gatk-INS_gt50	INS_gt50	I2-HG003-15x-6-D0-PF-ILMN-NOVASEQ	2528531102.0	2528531101.0	0.0	1.0	1.0	0.6666666666666666	1.0	0.9999999996045135	0.5	0.5	0.5	HG003	giabHC	-1	-2	sent	gatk
I2-HG003-15x-6-D0-PF-ILMN-NOVASEQ-sent-gatk-DEL_50	DEL_50	I2-HG003-15x-6-D0-PF-ILMN-NOVASEQ	2528531102.0	2528279922.0	10461.0	240719.0	853.0	0.9770391596584083	0.9583525758420256	0.9999996626165858	0.0035310383653734704	0.9964689616346265	0.9964689616346265	HG003	giabHC	-1	-2	sent	gatk
I2-HG003-15x-6-D0-PF-ILMN-NOVASEQ-sent-gatk-DEL_gt50	DEL_gt50	I2-HG003-15x-6-D0-PF-ILMN-NOVASEQ	2528531102.0	2528531102.0	0.0	0.0	2.0			0.9999999992090269	1.0	0.0	0.0	HG003	giabHC	-1	-2	sent	gatk
I2-HG003-15x-6-D0-PF-ILMN-NOVASEQ-sent-gatk-Indel_50	Indel_50	I2-HG003-15x-6-D0-PF-ILMN-NOVASEQ	2528531102.0	2528514237.0	1522.0	15343.0	3.0	0.952655924994567	0.90975392825378	0.9999999988135325	0.00019549068161084322	0.9998045093183892	0.9998045093183892	HG003	giabHC	-1	-2	sent	gatk
I2-HG003-15x-6-D0-PF-ILMN-NOVASEQ-sent-gatk-Indel_gt50	Indel_gt50	I2-HG003-15x-6-D0-PF-ILMN-NOVASEQ	2528531102.0	2528530772.0	22.0	308.0	0.0	0.9655172413793104	0.9333333333333333	1.0	0.0	1.0	1.0	HG003	giabHC	-1	-2	sent	gatk
I2-HG003-15x-6-D0-PF-ILMN-NOVASEQ-sent-gatk-All	All	I2-HG003-15x-6-D0-PF-ILMN-NOVASEQ	2528531102.0	2524700186.0	84943.0	3745973.0	23517.0	0.9857297097023501	0.9778269740187464	0.9999906853173787	0.006238775006698519	0.9937612249933014	0.9937612249933014	HG003	giabHC	-1	-2	sent	gatk
I2-HG003-15x-6-D0-PF-ILMN-NOVASEQ-sent-gatk-SNPts	SNPts	I2-HG003-15x-6-D0-PF-ILMN-NOVASEQ	337668665.0	337403133.0	4574.0	260958.0	3101.0	0.9855076842317939	0.982774204239037	0.9999908092984435	0.011743587607315031	0.9882564123926849	0.9882564123926849	HG003	giabHC_x_clinvar_genes	-1	-2	sent	gatk
I2-HG003-15x-6-D0-PF-ILMN-NOVASEQ-sent-gatk-SNPtv	SNPtv	I2-HG003-15x-6-D0-PF-ILMN-NOVASEQ	337668665.0	337548435.0	2205.0	118025.0	1737.0	0.9835744524817495	0.9816601513765283	0.9999948540983117	0.014503765802174313	0.9854962341978257	0.9854962341978257	HG003	giabHC_x_clinvar_genes	-1	-2	sent	gatk
I2-HG003-15x-6-D0-PF-ILMN-NOVASEQ-sent-gatk-INS_50	INS_50	I2-HG003-15x-6-D0-PF-ILMN-NOVASEQ	337668665.0	337641640.0	1121.0	25904.0	175.0	0.9755950587526363	0.9585198889916744	0.9999994816992676	0.0067103799992331	0.9932896200007669	0.9932896200007669	HG003	giabHC_x_clinvar_genes	-1	-2	sent	gatk
I2-HG003-15x-6-D0-PF-ILMN-NOVASEQ-sent-gatk-INS_gt50	INS_gt50	I2-HG003-15x-6-D0-PF-ILMN-NOVASEQ	337668665.0	337668665.0	0.0	0.0	0.0			1.0				HG003	giabHC_x_clinvar_genes	-1	-2	sent	gatk
I2-HG003-15x-6-D0-PF-ILMN-NOVASEQ-sent-gatk-DEL_50	DEL_50	I2-HG003-15x-6-D0-PF-ILMN-NOVASEQ	337668665.0	337639905.0	1114.0	27646.0	203.0	0.9767351481213234	0.9612656467315717	0.9999993987681108	0.007289310208625085	0.9927106897913749	0.9927106897913749	HG003	giabHC_x_clinvar_genes	-1	-2	sent	gatk
I2-HG003-15x-6-D0-PF-ILMN-NOVASEQ-sent-gatk-DEL_gt50	DEL_gt50	I2-HG003-15x-6-D0-PF-ILMN-NOVASEQ	337668665.0	337668665.0	0.0	0.0	0.0			1.0				HG003	giabHC_x_clinvar_genes	-1	-2	sent	gatk
I2-HG003-15x-6-D0-PF-ILMN-NOVASEQ-sent-gatk-Indel_50	Indel_50	I2-HG003-15x-6-D0-PF-ILMN-NOVASEQ	337668665.0	337666990.0	146.0	1529.0	1.0	0.9541341653666146	0.9128358208955224	0.9999999970385024	0.00065359477124183	0.9993464052287582	0.9993464052287582	HG003	giabHC_x_clinvar_genes	-1	-2	sent	gatk
I2-HG003-15x-6-D0-PF-ILMN-NOVASEQ-sent-gatk-Indel_gt50	Indel_gt50	I2-HG003-15x-6-D0-PF-ILMN-NOVASEQ	337668665.0	337668635.0	4.0	26.0	0.0	0.9285714285714286	0.8666666666666667	1.0	0.0	1.0	1.0	HG003	giabHC_x_clinvar_genes	-1	-2	sent	gatk
I2-HG003-15x-6-D0-PF-ILMN-NOVASEQ-sent-gatk-All	All	I2-HG003-15x-6-D0-PF-ILMN-NOVASEQ	337668665.0	337225413.0	9164.0	434088.0	5217.0	0.983705301753881	0.979325530398058	0.9999845298749998	0.011875576194215864	0.9881244238057841	0.9881244238057841	HG003	giabHC_x_clinvar_genes	-1	-2	sent	gatk
I2-HG003-1x-1-D0-PF-ILMN-NOVASEQ-sent-gatk-SNPts	SNPts	I2-HG003-1x-1-D0-PF-ILMN-NOVASEQ	2799325643.0	2797071779.0	1864119.0	389745.0	26509.0	0.2919309184088493	0.17292303351045138	0.9999905226784079	0.06368467330043676	0.9363153266995632	0.9363153266995633	HG003	ultima	-1	-2	sent	gatk
I2-HG003-1x-1-D0-PF-ILMN-NOVASEQ-sent-gatk-SNPtv	SNPtv	I2-HG003-1x-1-D0-PF-ILMN-NOVASEQ	2799325643.0	2798267234.0	875806.0	182603.0	15971.0	0.29054171774797277	0.1725259327915768	0.99999429257197	0.08042845488331805	0.9195715451166819	0.9195715451166819	HG003	ultima	-1	-2	sent	gatk
I2-HG003-1x-1-D0-PF-ILMN-NOVASEQ-sent-gatk-INS_50	INS_50	I2-HG003-1x-1-D0-PF-ILMN-NOVASEQ	2799325643.0	2799161604.0	141816.0	22223.0	3348.0	0.23440746796055062	0.1354738812111754	0.9999988039290083	0.13092956865198857	0.8690704313480114	0.8690704313480114	HG003	ultima	-1	-2	sent	gatk
I2-HG003-1x-1-D0-PF-ILMN-NOVASEQ-sent-gatk-INS_gt50	INS_gt50	I2-HG003-1x-1-D0-PF-ILMN-NOVASEQ	2799325643.0	2799325547.0	96.0	0.0	15.0		0.0	0.9999999946415664	1.0	0.0	0.0	HG003	ultima	-1	-2	sent	gatk
I2-HG003-1x-1-D0-PF-ILMN-NOVASEQ-sent-gatk-DEL_50	DEL_50	I2-HG003-1x-1-D0-PF-ILMN-NOVASEQ	2799325643.0	2799148065.0	155873.0	21705.0	3970.0	0.21357618337736714	0.12222797869105408	0.9999985817133367	0.1546251217137293	0.8453748782862707	0.8453748782862707	HG003	ultima	-1	-2	sent	gatk
I2-HG003-1x-1-D0-PF-ILMN-NOVASEQ-sent-gatk-DEL_gt50	DEL_gt50	I2-HG003-1x-1-D0-PF-ILMN-NOVASEQ	2799325643.0	2799325554.0	86.0	3.0	30.0	0.04918032786885246	0.033707865168539325	0.9999999892831329	0.9090909090909091	0.09090909090909094	0.09090909090909091	HG003	ultima	-1	-2	sent	gatk
I2-HG003-1x-1-D0-PF-ILMN-NOVASEQ-sent-gatk-Indel_50	Indel_50	I2-HG003-1x-1-D0-PF-ILMN-NOVASEQ	2799325643.0	2799309351.0	16292.0	0.0	0.0		0.0	1.0				HG003	ultima	-1	-2	sent	gatk
I2-HG003-1x-1-D0-PF-ILMN-NOVASEQ-sent-gatk-Indel_gt50	Indel_gt50	I2-HG003-1x-1-D0-PF-ILMN-NOVASEQ	2799325643.0	2799324740.0	903.0	0.0	0.0		0.0	1.0				HG003	ultima	-1	-2	sent	gatk
I2-HG003-1x-1-D0-PF-ILMN-NOVASEQ-sent-gatk-All	All	I2-HG003-1x-1-D0-PF-ILMN-NOVASEQ	2799325643.0	2795654373.0	3054991.0	616279.0	49843.0	0.28417030326057685	0.16786534360044345	0.9999821715760506	0.07482563254178665	0.9251743674582134	0.9251743674582134	HG003	ultima	-1	-2	sent	gatk
I2-HG003-1x-1-D0-PF-ILMN-NOVASEQ-sent-gatk-SNPts	SNPts	I2-HG003-1x-1-D0-PF-ILMN-NOVASEQ	332544085.0	332287290.0	209337.0	47458.0	184.0	0.31177550691932976	0.1848088942541716	0.9999994462626057	0.0038621384492674533	0.9961378615507326	0.9961378615507326	HG003	giabHC_x_ultima_x_clinvar	-1	-2	sent	gatk
I2-HG003-1x-1-D0-PF-ILMN-NOVASEQ-sent-gatk-SNPtv	SNPtv	I2-HG003-1x-1-D0-PF-ILMN-NOVASEQ	332544085.0	332429504.0	93585.0	20996.0	86.0	0.309531707245159	0.1832415496461019	0.999999741298601	0.004079309363438004	0.995920690636562	0.995920690636562	HG003	giabHC_x_ultima_x_clinvar	-1	-2	sent	gatk
I2-HG003-1x-1-D0-PF-ILMN-NOVASEQ-sent-gatk-INS_50	INS_50	I2-HG003-1x-1-D0-PF-ILMN-NOVASEQ	332544085.0	332526586.0	14915.0	2584.0	13.0	0.2571656050955414	0.1476655808903366	0.9999999609053831	0.0050057758952637655	0.9949942241047363	0.9949942241047363	HG003	giabHC_x_ultima_x_clinvar	-1	-2	sent	gatk
I2-HG003-1x-1-D0-PF-ILMN-NOVASEQ-sent-gatk-INS_gt50	INS_gt50	I2-HG003-1x-1-D0-PF-ILMN-NOVASEQ	332544085.0	332544085.0	0.0	0.0	0.0			1.0				HG003	giabHC_x_ultima_x_clinvar	-1	-2	sent	gatk
I2-HG003-1x-1-D0-PF-ILMN-NOVASEQ-sent-gatk-DEL_50	DEL_50	I2-HG003-1x-1-D0-PF-ILMN-NOVASEQ	332544085.0	332525127.0	16440.0	2518.0	11.0	0.23437427281612142	0.1328199177128389	0.9999999669197942	0.004349545274812179	0.9956504547251879	0.9956504547251879	HG003	giabHC_x_ultima_x_clinvar	-1	-2	sent	gatk
I2-HG003-1x-1-D0-PF-ILMN-NOVASEQ-sent-gatk-DEL_gt50	DEL_gt50	I2-HG003-1x-1-D0-PF-ILMN-NOVASEQ	332544085.0	332544085.0	0.0	0.0	0.0			1.0				HG003	giabHC_x_ultima_x_clinvar	-1	-2	sent	gatk
I2-HG003-1x-1-D0-PF-ILMN-NOVASEQ-sent-gatk-Indel_50	Indel_50	I2-HG003-1x-1-D0-PF-ILMN-NOVASEQ	332544085.0	332542879.0	1206.0	0.0	0.0		0.0	1.0				HG003	giabHC_x_ultima_x_clinvar	-1	-2	sent	gatk
I2-HG003-1x-1-D0-PF-ILMN-NOVASEQ-sent-gatk-Indel_gt50	Indel_gt50	I2-HG003-1x-1-D0-PF-ILMN-NOVASEQ	332544085.0	332544057.0	28.0	0.0	0.0		0.0	1.0				HG003	giabHC_x_ultima_x_clinvar	-1	-2	sent	gatk
I2-HG003-1x-1-D0-PF-ILMN-NOVASEQ-sent-gatk-All	All	I2-HG003-1x-1-D0-PF-ILMN-NOVASEQ	332544085.0	332135018.0	335511.0	73556.0	294.0	0.30463205892523976	0.1798140646886696	0.9999991148186014	0.003981042654028436	0.9960189573459716	0.9960189573459716	HG003	giabHC_x_ultima_x_clinvar	-1	-2	sent	gatk
I2-HG003-1x-1-D0-PF-ILMN-NOVASEQ-sent-gatk-SNPts	SNPts	I2-HG003-1x-1-D0-PF-ILMN-NOVASEQ	3088286401.0	3085963609.0	1927781.0	395011.0	42301.0	0.28622906962926037	0.17005870521338115	0.9999862926380462	0.09672956607639396	0.9032704339236061	0.9032704339236061	HG003	hg38	-1	-2	sent	gatk
I2-HG003-1x-1-D0-PF-ILMN-NOVASEQ-sent-gatk-SNPtv	SNPtv	I2-HG003-1x-1-D0-PF-ILMN-NOVASEQ	3088286401.0	3087179459.0	919796.0	187146.0	28938.0	0.28290600487065254	0.16906576857685407	0.9999906264831269	0.13392014216693507	0.866079857833065	0.866079857833065	HG003	hg38	-1	-2	sent	gatk
I2-HG003-1x-1-D0-PF-ILMN-NOVASEQ-sent-gatk-INS_50	INS_50	I2-HG003-1x-1-D0-PF-ILMN-NOVASEQ	3088286401.0	3088029652.0	228907.0	27842.0	8219.0	0.19017110071377344	0.10844053920365805	0.9999973384393769	0.22791935886414685	0.7720806411358532	0.7720806411358532	HG003	hg38	-1	-2	sent	gatk
I2-HG003-1x-1-D0-PF-ILMN-NOVASEQ-sent-gatk-INS_gt50	INS_gt50	I2-HG003-1x-1-D0-PF-ILMN-NOVASEQ	3088286401.0	3088286163.0	236.0	2.0	98.0	0.011834319526627219	0.008403361344537815	0.9999999682671904	0.98	0.020000000000000018	0.02	HG003	hg38	-1	-2	sent	gatk
I2-HG003-1x-1-D0-PF-ILMN-NOVASEQ-sent-gatk-DEL_50	DEL_50	I2-HG003-1x-1-D0-PF-ILMN-NOVASEQ	3088286401.0	3088015922.0	243124.0	27355.0	9268.0	0.17814927939251454	0.10113539313588116	0.9999969987291457	0.2530650137891489	0.7469349862108511	0.7469349862108511	HG003	hg38	-1	-2	sent	gatk
I2-HG003-1x-1-D0-PF-ILMN-NOVASEQ-sent-gatk-DEL_gt50	DEL_gt50	I2-HG003-1x-1-D0-PF-ILMN-NOVASEQ	3088286401.0	3088286263.0	135.0	3.0	65.0	0.029126213592233014	0.021739130434782608	0.9999999789527287	0.9558823529411765	0.044117647058823484	0.04411764705882353	HG003	hg38	-1	-2	sent	gatk
I2-HG003-1x-1-D0-PF-ILMN-NOVASEQ-sent-gatk-Indel_50	Indel_50	I2-HG003-1x-1-D0-PF-ILMN-NOVASEQ	3088286401.0	3088246428.0	39971.0	2.0	3.0	0.00010005503026664665	5.003377279663773e-05	0.999999999028575	0.6	0.4	0.4	HG003	hg38	-1	-2	sent	gatk
I2-HG003-1x-1-D0-PF-ILMN-NOVASEQ-sent-gatk-Indel_gt50	Indel_gt50	I2-HG003-1x-1-D0-PF-ILMN-NOVASEQ	3088286401.0	3088284797.0	1604.0	0.0	2.0		0.0	0.9999999993523914	1.0	0.0	0.0	HG003	hg38	-1	-2	sent	gatk
I2-HG003-1x-1-D0-PF-ILMN-NOVASEQ-sent-gatk-All	All	I2-HG003-1x-1-D0-PF-ILMN-NOVASEQ	3088286401.0	3084287486.0	3361554.0	637361.0	88894.0	0.2697727277537104	0.15938348276970127	0.9999711792631482	0.12240053424761276	0.8775994657523872	0.8775994657523872	HG003	hg38	-1	-2	sent	gatk
I2-HG003-1x-1-D0-PF-ILMN-NOVASEQ-sent-gatk-SNPts	SNPts	I2-HG003-1x-1-D0-PF-ILMN-NOVASEQ	337668665.0	337403093.0	217258.0	48314.0	240.0	0.30760904859833316	0.18192429924841474	0.9999992886851535	0.004942950117395066	0.9950570498826049	0.9950570498826049	HG003	giabHC_x_clinvar_genes	-1	-2	sent	gatk
I2-HG003-1x-1-D0-PF-ILMN-NOVASEQ-sent-gatk-SNPtv	SNPtv	I2-HG003-1x-1-D0-PF-ILMN-NOVASEQ	337668665.0	337548393.0	98617.0	21655.0	103.0	0.30493557699077656	0.18005021950246108	0.9999996948586611	0.00473389098262708	0.9952661090173729	0.9952661090173729	HG003	giabHC_x_clinvar_genes	-1	-2	sent	gatk
I2-HG003-1x-1-D0-PF-ILMN-NOVASEQ-sent-gatk-INS_50	INS_50	I2-HG003-1x-1-D0-PF-ILMN-NOVASEQ	337668665.0	337642293.0	23231.0	3141.0	17.0	0.2127328140873688	0.1191035947216745	0.9999999496508598	0.005383153894870171	0.9946168461051298	0.9946168461051298	HG003	giabHC_x_clinvar_genes	-1	-2	sent	gatk
I2-HG003-1x-1-D0-PF-ILMN-NOVASEQ-sent-gatk-INS_gt50	INS_gt50	I2-HG003-1x-1-D0-PF-ILMN-NOVASEQ	337668665.0	337668665.0	0.0	0.0	0.0			1.0				HG003	giabHC_x_clinvar_genes	-1	-2	sent	gatk
I2-HG003-1x-1-D0-PF-ILMN-NOVASEQ-sent-gatk-DEL_50	DEL_50	I2-HG003-1x-1-D0-PF-ILMN-NOVASEQ	337668665.0	337640653.0	24963.0	3049.0	19.0	0.19620334620334623	0.108846208767671	0.9999999437271585	0.006192959582790091	0.9938070404172099	0.9938070404172099	HG003	giabHC_x_clinvar_genes	-1	-2	sent	gatk
I2-HG003-1x-1-D0-PF-ILMN-NOVASEQ-sent-gatk-DEL_gt50	DEL_gt50	I2-HG003-1x-1-D0-PF-ILMN-NOVASEQ	337668665.0	337668665.0	0.0	0.0	0.0			1.0				HG003	giabHC_x_clinvar_genes	-1	-2	sent	gatk
I2-HG003-1x-1-D0-PF-ILMN-NOVASEQ-sent-gatk-Indel_50	Indel_50	I2-HG003-1x-1-D0-PF-ILMN-NOVASEQ	337668665.0	337665644.0	3021.0	0.0	0.0		0.0	1.0				HG003	giabHC_x_clinvar_genes	-1	-2	sent	gatk
I2-HG003-1x-1-D0-PF-ILMN-NOVASEQ-sent-gatk-Indel_gt50	Indel_gt50	I2-HG003-1x-1-D0-PF-ILMN-NOVASEQ	337668665.0	337668622.0	43.0	0.0	0.0		0.0	1.0				HG003	giabHC_x_clinvar_genes	-1	-2	sent	gatk
I2-HG003-1x-1-D0-PF-ILMN-NOVASEQ-sent-gatk-All	All	I2-HG003-1x-1-D0-PF-ILMN-NOVASEQ	337668665.0	337225373.0	367133.0	76159.0	379.0	0.29301502414250813	0.17180323579040452	0.9999988761237902	0.004951788654001934	0.9950482113459981	0.9950482113459981	HG003	giabHC_x_clinvar_genes	-1	-2	sent	gatk
I2-HG003-1x-1-D0-PF-ILMN-NOVASEQ-sent-gatk-SNPts	SNPts	I2-HG003-1x-1-D0-PF-ILMN-NOVASEQ	2505355380.0	2503152548.0	1819471.0	383361.0	1023.0	0.2963502081001354	0.17403097467260326	0.9999995913155262	0.002661401098901099	0.9973385989010989	0.9973385989010989	HG003	giabHC_x_ultima	-1	-2	sent	gatk
I2-HG003-1x-1-D0-PF-ILMN-NOVASEQ-sent-gatk-SNPtv	SNPtv	I2-HG003-1x-1-D0-PF-ILMN-NOVASEQ	2505355380.0	2504321205.0	854672.0	179503.0	548.0	0.2956665398369002	0.17357120409988638	0.9999997811782774	0.003043582096183859	0.9969564179038162	0.9969564179038162	HG003	giabHC_x_ultima	-1	-2	sent	gatk
I2-HG003-1x-1-D0-PF-ILMN-NOVASEQ-sent-gatk-INS_50	INS_50	I2-HG003-1x-1-D0-PF-ILMN-NOVASEQ	2505355380.0	2505201484.0	132843.0	21053.0	71.0	0.24057821963204204	0.13680017674273534	0.9999999716589669	0.003361105851164552	0.9966388941488354	0.9966388941488354	HG003	giabHC_x_ultima	-1	-2	sent	gatk
I2-HG003-1x-1-D0-PF-ILMN-NOVASEQ-sent-gatk-INS_gt50	INS_gt50	I2-HG003-1x-1-D0-PF-ILMN-NOVASEQ	2505355380.0	2505355380.0	0.0	0.0	0.0			1.0				HG003	giabHC_x_ultima	-1	-2	sent	gatk
I2-HG003-1x-1-D0-PF-ILMN-NOVASEQ-sent-gatk-DEL_50	DEL_50	I2-HG003-1x-1-D0-PF-ILMN-NOVASEQ	2505355380.0	2505189686.0	145340.0	20354.0	81.0	0.21870853010546448	0.12284089948942026	0.9999999676671201	0.003963787619280646	0.9960362123807194	0.9960362123807194	HG003	giabHC_x_ultima	-1	-2	sent	gatk
I2-HG003-1x-1-D0-PF-ILMN-NOVASEQ-sent-gatk-DEL_gt50	DEL_gt50	I2-HG003-1x-1-D0-PF-ILMN-NOVASEQ	2505355380.0	2505355380.0	0.0	0.0	0.0			1.0				HG003	giabHC_x_ultima	-1	-2	sent	gatk
I2-HG003-1x-1-D0-PF-ILMN-NOVASEQ-sent-gatk-Indel_50	Indel_50	I2-HG003-1x-1-D0-PF-ILMN-NOVASEQ	2505355380.0	2505342434.0	12946.0	0.0	0.0		0.0	1.0				HG003	giabHC_x_ultima	-1	-2	sent	gatk
I2-HG003-1x-1-D0-PF-ILMN-NOVASEQ-sent-gatk-Indel_gt50	Indel_gt50	I2-HG003-1x-1-D0-PF-ILMN-NOVASEQ	2505355380.0	2505355040.0	340.0	0.0	0.0		0.0	1.0				HG003	giabHC_x_ultima	-1	-2	sent	gatk
I2-HG003-1x-1-D0-PF-ILMN-NOVASEQ-sent-gatk-All	All	I2-HG003-1x-1-D0-PF-ILMN-NOVASEQ	2505355380.0	2501785497.0	2965612.0	604271.0	1723.0	0.2894103442223035	0.16926913290995813	0.9999993112923489	0.0028432624745459525	0.9971567375254541	0.9971567375254541	HG003	giabHC_x_ultima	-1	-2	sent	gatk
I2-HG003-1x-1-D0-PF-ILMN-NOVASEQ-sent-gatk-SNPts	SNPts	I2-HG003-1x-1-D0-PF-ILMN-NOVASEQ	377862616.0	377589372.0	224035.0	49209.0	4990.0	0.3005652892259111	0.18009178609594356	0.9999867847603084	0.09206811933799516	0.9079318806620048	0.9079318806620048	HG003	clinvar_genes	-1	-2	sent	gatk
I2-HG003-1x-1-D0-PF-ILMN-NOVASEQ-sent-gatk-SNPtv	SNPtv	I2-HG003-1x-1-D0-PF-ILMN-NOVASEQ	377862616.0	377738266.0	102217.0	22133.0	2955.0	0.29621649112006315	0.17798954563731403	0.9999921771841787	0.11778539540816327	0.8822146045918368	0.8822146045918368	HG003	clinvar_genes	-1	-2	sent	gatk
I2-HG003-1x-1-D0-PF-ILMN-NOVASEQ-sent-gatk-INS_50	INS_50	I2-HG003-1x-1-D0-PF-ILMN-NOVASEQ	377862616.0	377833430.0	25781.0	3405.0	920.0	0.20321685416728835	0.11666552456657302	0.9999975650705131	0.21271676300578035	0.7872832369942196	0.7872832369942196	HG003	clinvar_genes	-1	-2	sent	gatk
I2-HG003-1x-1-D0-PF-ILMN-NOVASEQ-sent-gatk-INS_gt50	INS_gt50	I2-HG003-1x-1-D0-PF-ILMN-NOVASEQ	377862616.0	377862586.0	30.0	0.0	17.0		0.0	0.9999999550101019	1.0	0.0	0.0	HG003	clinvar_genes	-1	-2	sent	gatk
I2-HG003-1x-1-D0-PF-ILMN-NOVASEQ-sent-gatk-DEL_50	DEL_50	I2-HG003-1x-1-D0-PF-ILMN-NOVASEQ	377862616.0	377831776.0	27526.0	3314.0	1069.0	0.18817250092269255	0.10745784695201038	0.9999971707065329	0.24389687428701803	0.756103125712982	0.756103125712982	HG003	clinvar_genes	-1	-2	sent	gatk
I2-HG003-1x-1-D0-PF-ILMN-NOVASEQ-sent-gatk-DEL_gt50	DEL_gt50	I2-HG003-1x-1-D0-PF-ILMN-NOVASEQ	377862616.0	377862598.0	18.0	0.0	9.0		0.0	0.9999999761818189	1.0	0.0	0.0	HG003	clinvar_genes	-1	-2	sent	gatk
I2-HG003-1x-1-D0-PF-ILMN-NOVASEQ-sent-gatk-Indel_50	Indel_50	I2-HG003-1x-1-D0-PF-ILMN-NOVASEQ	377862616.0	377858669.0	3947.0	0.0	0.0		0.0	1.0				HG003	clinvar_genes	-1	-2	sent	gatk
I2-HG003-1x-1-D0-PF-ILMN-NOVASEQ-sent-gatk-Indel_gt50	Indel_gt50	I2-HG003-1x-1-D0-PF-ILMN-NOVASEQ	377862616.0	377862442.0	174.0	0.0	0.0		0.0	1.0				HG003	clinvar_genes	-1	-2	sent	gatk
I2-HG003-1x-1-D0-PF-ILMN-NOVASEQ-sent-gatk-All	All	I2-HG003-1x-1-D0-PF-ILMN-NOVASEQ	377862616.0	377400827.0	383728.0	78061.0	9960.0	0.2839562758043688	0.16904040589966413	0.9999736096573202	0.11315481532816032	0.8868451846718397	0.8868451846718397	HG003	clinvar_genes	-1	-2	sent	gatk
I2-HG003-1x-1-D0-PF-ILMN-NOVASEQ-sent-gatk-SNPts	SNPts	I2-HG003-1x-1-D0-PF-ILMN-NOVASEQ	688815815.0	688747858.0	60492.0	7465.0	41070.0	0.12816330735157777	0.10984887502391218	0.9999403736060055	0.846193468630885	0.15380653136911504	0.15380653136911507	HG003	hg38_m_giabHC	-1	-2	sent	gatk
I2-HG003-1x-1-D0-PF-ILMN-NOVASEQ-sent-gatk-SNPtv	SNPtv	I2-HG003-1x-1-D0-PF-ILMN-NOVASEQ	688815815.0	688780701.0	31121.0	3993.0	28258.0	0.11854820752616342	0.11371532721991229	0.9999589755626277	0.8761898855849432	0.12381011441505685	0.12381011441505689	HG003	hg38_m_giabHC	-1	-2	sent	gatk
I2-HG003-1x-1-D0-PF-ILMN-NOVASEQ-sent-gatk-INS_50	INS_50	I2-HG003-1x-1-D0-PF-ILMN-NOVASEQ	688815815.0	688788891.0	24592.0	2332.0	8112.0	0.12481267394562193	0.08661417322834646	0.9999882229452732	0.7767139027192647	0.22328609728073534	0.22328609728073534	HG003	hg38_m_giabHC	-1	-2	sent	gatk
I2-HG003-1x-1-D0-PF-ILMN-NOVASEQ-sent-gatk-INS_gt50	INS_gt50	I2-HG003-1x-1-D0-PF-ILMN-NOVASEQ	688815815.0	688815578.0	235.0	2.0	98.0	0.011869436201780416	0.008438818565400843	0.9999998577268151	0.98	0.020000000000000018	0.02	HG003	hg38_m_giabHC	-1	-2	sent	gatk
I2-HG003-1x-1-D0-PF-ILMN-NOVASEQ-sent-gatk-DEL_50	DEL_50	I2-HG003-1x-1-D0-PF-ILMN-NOVASEQ	688815815.0	688788863.0	24382.0	2570.0	9154.0	0.1328989554245527	0.09535470466013654	0.9999867101824134	0.780791538723985	0.219208461276015	0.219208461276015	HG003	hg38_m_giabHC	-1	-2	sent	gatk
I2-HG003-1x-1-D0-PF-ILMN-NOVASEQ-sent-gatk-DEL_gt50	DEL_gt50	I2-HG003-1x-1-D0-PF-ILMN-NOVASEQ	688815815.0	688815677.0	135.0	3.0	64.0	0.029268292682926828	0.021739130434782608	0.9999999070869084	0.9552238805970149	0.04477611940298509	0.04477611940298507	HG003	hg38_m_giabHC	-1	-2	sent	gatk
I2-HG003-1x-1-D0-PF-ILMN-NOVASEQ-sent-gatk-Indel_50	Indel_50	I2-HG003-1x-1-D0-PF-ILMN-NOVASEQ	688815815.0	688806309.0	9504.0	2.0	3.0	0.0004205656608137945	0.00021039343572480537	0.9999999956446393	0.6	0.4	0.4	HG003	hg38_m_giabHC	-1	-2	sent	gatk
I2-HG003-1x-1-D0-PF-ILMN-NOVASEQ-sent-gatk-Indel_gt50	Indel_gt50	I2-HG003-1x-1-D0-PF-ILMN-NOVASEQ	688815815.0	688814647.0	1168.0	0.0	2.0		0.0	0.9999999970964613	1.0	0.0	0.0	HG003	hg38_m_giabHC	-1	-2	sent	gatk
I2-HG003-1x-1-D0-PF-ILMN-NOVASEQ-sent-gatk-All	All	I2-HG003-1x-1-D0-PF-ILMN-NOVASEQ	688815815.0	688647819.0	151629.0	16367.0	86761.0	0.1207344241011493	0.0974249386890164	0.9998740283956702	0.8412943138623846	0.15870568613761538	0.1587056861376154	HG003	hg38_m_giabHC	-1	-2	sent	gatk
I2-HG003-1x-1-D0-PF-ILMN-NOVASEQ-sent-gatk-SNPts	SNPts	I2-HG003-1x-1-D0-PF-ILMN-NOVASEQ	2528531102.0	2526276259.0	1867289.0	387554.0	1231.0	0.29319858921149267	0.17187626810381032	0.9999995127217794	0.003166274419023368	0.9968337255809766	0.9968337255809766	HG003	giabHC	-1	-2	sent	gatk
I2-HG003-1x-1-D0-PF-ILMN-NOVASEQ-sent-gatk-SNPtv	SNPtv	I2-HG003-1x-1-D0-PF-ILMN-NOVASEQ	2528531102.0	2527459272.0	888675.0	183155.0	680.0	0.2917258982292251	0.1708806433856115	0.9999997309551831	0.0036989691843228984	0.9963010308156771	0.9963010308156771	HG003	giabHC	-1	-2	sent	gatk
I2-HG003-1x-1-D0-PF-ILMN-NOVASEQ-sent-gatk-INS_50	INS_50	I2-HG003-1x-1-D0-PF-ILMN-NOVASEQ	2528531102.0	2528301357.0	204247.0	25498.0	107.0	0.19971020168396322	0.11098391695140264	0.9999999576790974	0.0041788713141964464	0.9958211286858035	0.9958211286858035	HG003	giabHC	-1	-2	sent	gatk
I2-HG003-1x-1-D0-PF-ILMN-NOVASEQ-sent-gatk-INS_gt50	INS_gt50	I2-HG003-1x-1-D0-PF-ILMN-NOVASEQ	2528531102.0	2528531101.0	1.0	0.0	0.0		0.0	1.0				HG003	giabHC	-1	-2	sent	gatk
I2-HG003-1x-1-D0-PF-ILMN-NOVASEQ-sent-gatk-DEL_50	DEL_50	I2-HG003-1x-1-D0-PF-ILMN-NOVASEQ	2528531102.0	2528287384.0	218911.0	24807.0	115.0	0.1846858248957713	0.10178567032389893	0.9999999545146665	0.004614396918385362	0.9953856030816146	0.9953856030816146	HG003	giabHC	-1	-2	sent	gatk
I2-HG003-1x-1-D0-PF-ILMN-NOVASEQ-sent-gatk-DEL_gt50	DEL_gt50	I2-HG003-1x-1-D0-PF-ILMN-NOVASEQ	2528531102.0	2528531102.0	0.0	0.0	1.0			0.9999999996045135	1.0	0.0	0.0	HG003	giabHC	-1	-2	sent	gatk
I2-HG003-1x-1-D0-PF-ILMN-NOVASEQ-sent-gatk-Indel_50	Indel_50	I2-HG003-1x-1-D0-PF-ILMN-NOVASEQ	2528531102.0	2528500634.0	30468.0	0.0	0.0		0.0	1.0				HG003	giabHC	-1	-2	sent	gatk
I2-HG003-1x-1-D0-PF-ILMN-NOVASEQ-sent-gatk-Indel_gt50	Indel_gt50	I2-HG003-1x-1-D0-PF-ILMN-NOVASEQ	2528531102.0	2528530664.0	438.0	0.0	0.0		0.0	1.0				HG003	giabHC	-1	-2	sent	gatk
I2-HG003-1x-1-D0-PF-ILMN-NOVASEQ-sent-gatk-All	All	I2-HG003-1x-1-D0-PF-ILMN-NOVASEQ	2528531102.0	2524700059.0	3210029.0	621014.0	2134.0	0.27884480032400943	0.16210050370095036	0.9999991547517937	0.0034245476195061205	0.9965754523804938	0.9965754523804938	HG003	giabHC	-1	-2	sent	gatk
I2-HG003-20x-7-D0-PF-ILMN-NOVASEQ-sent-gatk-SNPts	SNPts	I2-HG003-20x-7-D0-PF-ILMN-NOVASEQ	3088286401.0	3085963899.0	27180.0	2295322.0	338405.0	0.9262372662764372	0.988297103726929	0.9998903526075326	0.12848901955289976	0.8715109804471002	0.8715109804471003	HG003	hg38	-1	-2	sent	gatk
I2-HG003-20x-7-D0-PF-ILMN-NOVASEQ-sent-gatk-SNPtv	SNPtv	I2-HG003-20x-7-D0-PF-ILMN-NOVASEQ	3088286401.0	3087179765.0	14110.0	1092526.0	241260.0	0.8953582618088184	0.9872496466769561	0.9999218571104989	0.1808835900211878	0.8191164099788122	0.8191164099788122	HG003	hg38	-1	-2	sent	gatk
I2-HG003-20x-7-D0-PF-ILMN-NOVASEQ-sent-gatk-INS_50	INS_50	I2-HG003-20x-7-D0-PF-ILMN-NOVASEQ	3088286401.0	3088024246.0	7377.0	254778.0	148550.0	0.7656934887893454	0.9718601590662013	0.9999518971217568	0.36831065534750873	0.6316893446524913	0.6316893446524913	HG003	hg38	-1	-2	sent	gatk
I2-HG003-20x-7-D0-PF-ILMN-NOVASEQ-sent-gatk-INS_gt50	INS_gt50	I2-HG003-20x-7-D0-PF-ILMN-NOVASEQ	3088286401.0	3088286165.0	166.0	70.0	1959.0	0.06181015452538631	0.2966101694915254	0.9999993656679943	0.9655002464268112	0.034499753573188796	0.03449975357318876	HG003	hg38	-1	-2	sent	gatk
I2-HG003-20x-7-D0-PF-ILMN-NOVASEQ-sent-gatk-DEL_50	DEL_50	I2-HG003-20x-7-D0-PF-ILMN-NOVASEQ	3088286401.0	3088009120.0	6207.0	271074.0	158093.0	0.7674280343351528	0.9776147662479578	0.9999488068523833	0.3683717527209688	0.6316282472790312	0.6316282472790312	HG003	hg38	-1	-2	sent	gatk
I2-HG003-20x-7-D0-PF-ILMN-NOVASEQ-sent-gatk-DEL_gt50	DEL_gt50	I2-HG003-20x-7-D0-PF-ILMN-NOVASEQ	3088286401.0	3088286264.0	66.0	71.0	1979.0	0.06492912665752172	0.5182481751824818	0.9999993591919393	0.9653658536585366	0.034634146341463445	0.03463414634146342	HG003	hg38	-1	-2	sent	gatk
I2-HG003-20x-7-D0-PF-ILMN-NOVASEQ-sent-gatk-Indel_50	Indel_50	I2-HG003-20x-7-D0-PF-ILMN-NOVASEQ	3088286401.0	3088257743.0	1202.0	27456.0	11543.0	0.8116233353533264	0.9580570870263103	0.999996262307807	0.29598194825508345	0.7040180517449166	0.7040180517449165	HG003	hg38	-1	-2	sent	gatk
I2-HG003-20x-7-D0-PF-ILMN-NOVASEQ-sent-gatk-Indel_gt50	Indel_gt50	I2-HG003-20x-7-D0-PF-ILMN-NOVASEQ	3088286401.0	3088285225.0	113.0	1063.0	949.0	0.6668757841907151	0.9039115646258503	0.9999996927098246	0.4716699801192843	0.5283300198807157	0.5283300198807157	HG003	hg38	-1	-2	sent	gatk
I2-HG003-20x-7-D0-PF-ILMN-NOVASEQ-sent-gatk-All	All	I2-HG003-20x-7-D0-PF-ILMN-NOVASEQ	3088286401.0	3084287620.0	56421.0	3942360.0	902738.0	0.8915454406375303	0.9858904501146725	0.9997073963369362	0.1863198639119374	0.8136801360880626	0.8136801360880627	HG003	hg38	-1	-2	sent	gatk
I2-HG003-20x-7-D0-PF-ILMN-NOVASEQ-sent-gatk-SNPts	SNPts	I2-HG003-20x-7-D0-PF-ILMN-NOVASEQ	688815815.0	688748015.0	5797.0	62003.0	321435.0	0.27481284820870583	0.9144985250737463	0.9995335230723115	0.8382971953744803	0.16170280462551967	0.16170280462551964	HG003	hg38_m_giabHC	-1	-2	sent	gatk
I2-HG003-20x-7-D0-PF-ILMN-NOVASEQ-sent-gatk-SNPtv	SNPtv	I2-HG003-20x-7-D0-PF-ILMN-NOVASEQ	688815815.0	688780807.0	2884.0	32124.0	232416.0	0.2144831546196269	0.9176188299817185	0.9996626828161758	0.8785665683828533	0.1214334316171467	0.12143343161714674	HG003	hg38_m_giabHC	-1	-2	sent	gatk
I2-HG003-20x-7-D0-PF-ILMN-NOVASEQ-sent-gatk-INS_50	INS_50	I2-HG003-20x-7-D0-PF-ILMN-NOVASEQ	688815815.0	688787274.0	2698.0	25843.0	147749.0	0.2557029282700004	0.905469324830945	0.9997855400073049	0.8511279321627725	0.1488720678372275	0.14887206783722753	HG003	hg38_m_giabHC	-1	-2	sent	gatk
I2-HG003-20x-7-D0-PF-ILMN-NOVASEQ-sent-gatk-INS_gt50	INS_gt50	I2-HG003-20x-7-D0-PF-ILMN-NOVASEQ	688815815.0	688815580.0	166.0	69.0	1959.0	0.06098099867432611	0.2936170212765957	0.9999971559957622	0.9659763313609467	0.03402366863905326	0.034023668639053255	HG003	hg38_m_giabHC	-1	-2	sent	gatk
I2-HG003-20x-7-D0-PF-ILMN-NOVASEQ-sent-gatk-DEL_50	DEL_50	I2-HG003-20x-7-D0-PF-ILMN-NOVASEQ	688815815.0	688786594.0	1936.0	27285.0	157103.0	0.255466764040841	0.9337462783614524	0.999771965400534	0.8520239928845695	0.14797600711543046	0.14797600711543052	HG003	hg38_m_giabHC	-1	-2	sent	gatk
I2-HG003-20x-7-D0-PF-ILMN-NOVASEQ-sent-gatk-DEL_gt50	DEL_gt50	I2-HG003-20x-7-D0-PF-ILMN-NOVASEQ	688815815.0	688815678.0	66.0	71.0	1976.0	0.06501831501831501	0.5182481751824818	0.9999971313162656	0.9653150952613581	0.03468490473864194	0.034684904738641914	HG003	hg38_m_giabHC	-1	-2	sent	gatk
I2-HG003-20x-7-D0-PF-ILMN-NOVASEQ-sent-gatk-Indel_50	Indel_50	I2-HG003-20x-7-D0-PF-ILMN-NOVASEQ	688815815.0	688809440.0	551.0	5824.0	11540.0	0.4906693626521758	0.9135686274509804	0.9999832467356032	0.6645934116563004	0.33540658834369963	0.33540658834369963	HG003	hg38_m_giabHC	-1	-2	sent	gatk
I2-HG003-20x-7-D0-PF-ILMN-NOVASEQ-sent-gatk-Indel_gt50	Indel_gt50	I2-HG003-20x-7-D0-PF-ILMN-NOVASEQ	688815815.0	688815023.0	106.0	686.0	949.0	0.565306963329213	0.8661616161616161	0.9999986222735265	0.5804281345565749	0.41957186544342506	0.41957186544342506	HG003	hg38_m_giabHC	-1	-2	sent	gatk
I2-HG003-20x-7-D0-PF-ILMN-NOVASEQ-sent-gatk-All	All	I2-HG003-20x-7-D0-PF-ILMN-NOVASEQ	688815815.0	688647706.0	14204.0	153905.0	875127.0	0.25712092393460756	0.9155072006852697	0.9987308223047633	0.8504371098274883	0.14956289017251168	0.14956289017251165	HG003	hg38_m_giabHC	-1	-2	sent	gatk
I2-HG003-20x-7-D0-PF-ILMN-NOVASEQ-sent-gatk-SNPts	SNPts	I2-HG003-20x-7-D0-PF-ILMN-NOVASEQ	2799325643.0	2797071474.0	10609.0	2243560.0	198007.0	0.9555733116171778	0.995293609307909	0.9999292141849955	0.08109832742660758	0.9189016725733924	0.9189016725733924	HG003	ultima	-1	-2	sent	gatk
I2-HG003-20x-7-D0-PF-ILMN-NOVASEQ-sent-gatk-SNPtv	SNPtv	I2-HG003-20x-7-D0-PF-ILMN-NOVASEQ	2799325643.0	2798266911.0	5391.0	1053341.0	118569.0	0.9444285546492893	0.9949080598300609	0.9999576294971342	0.101175858214368	0.898824141785632	0.898824141785632	HG003	ultima	-1	-2	sent	gatk
I2-HG003-20x-7-D0-PF-ILMN-NOVASEQ-sent-gatk-INS_50	INS_50	I2-HG003-20x-7-D0-PF-ILMN-NOVASEQ	2799325643.0	2799159864.0	2180.0	163599.0	28899.0	0.9132542697410105	0.9868499629024183	0.9999896759374066	0.15012623507776704	0.849873764922233	0.849873764922233	HG003	ultima	-1	-2	sent	gatk
I2-HG003-20x-7-D0-PF-ILMN-NOVASEQ-sent-gatk-INS_gt50	INS_gt50	I2-HG003-20x-7-D0-PF-ILMN-NOVASEQ	2799325643.0	2799325548.0	68.0	27.0	402.0	0.10305343511450384	0.28421052631578947	0.9999998563940008	0.9370629370629371	0.06293706293706292	0.06293706293706294	HG003	ultima	-1	-2	sent	gatk
I2-HG003-20x-7-D0-PF-ILMN-NOVASEQ-sent-gatk-DEL_50	DEL_50	I2-HG003-20x-7-D0-PF-ILMN-NOVASEQ	2799325643.0	2799145729.0	1971.0	177943.0	37965.0	0.8991061638817448	0.9890447658325644	0.9999864371173348	0.17583878318543084	0.8241612168145691	0.8241612168145692	HG003	ultima	-1	-2	sent	gatk
I2-HG003-20x-7-D0-PF-ILMN-NOVASEQ-sent-gatk-DEL_gt50	DEL_gt50	I2-HG003-20x-7-D0-PF-ILMN-NOVASEQ	2799325643.0	2799325555.0	37.0	51.0	981.0	0.09107142857142858	0.5795454545454546	0.999999649558568	0.9505813953488372	0.04941860465116277	0.04941860465116279	HG003	ultima	-1	-2	sent	gatk
I2-HG003-20x-7-D0-PF-ILMN-NOVASEQ-sent-gatk-Indel_50	Indel_50	I2-HG003-20x-7-D0-PF-ILMN-NOVASEQ	2799325643.0	2799312253.0	243.0	13147.0	1775.0	0.9287228030517095	0.9818521284540702	0.9999993659160844	0.11895188312558638	0.8810481168744136	0.8810481168744136	HG003	ultima	-1	-2	sent	gatk
I2-HG003-20x-7-D0-PF-ILMN-NOVASEQ-sent-gatk-Indel_gt50	Indel_gt50	I2-HG003-20x-7-D0-PF-ILMN-NOVASEQ	2799325643.0	2799324896.0	22.0	725.0	297.0	0.819672131147541	0.9705488621151271	0.9999998939030018	0.29060665362035226	0.7093933463796478	0.7093933463796478	HG003	ultima	-1	-2	sent	gatk
I2-HG003-20x-7-D0-PF-ILMN-NOVASEQ-sent-gatk-All	All	I2-HG003-20x-7-D0-PF-ILMN-NOVASEQ	2799325643.0	2795652729.0	20521.0	3652393.0	386895.0	0.9471725455323914	0.9944128830677768	0.9998616274974507	0.09578296967188277	0.9042170303281172	0.9042170303281172	HG003	ultima	-1	-2	sent	gatk
I2-HG003-20x-7-D0-PF-ILMN-NOVASEQ-sent-gatk-SNPts	SNPts	I2-HG003-20x-7-D0-PF-ILMN-NOVASEQ	2505355380.0	2503152273.0	8930.0	2194177.0	13011.0	0.9950250493447718	0.9959466335498004	0.9999948021810293	0.005894830888895735	0.9941051691111042	0.9941051691111042	HG003	giabHC_x_ultima	-1	-2	sent	gatk
I2-HG003-20x-7-D0-PF-ILMN-NOVASEQ-sent-gatk-SNPtv	SNPtv	I2-HG003-20x-7-D0-PF-ILMN-NOVASEQ	2505355380.0	2504320949.0	4598.0	1029833.0	6638.0	0.994574344898986	0.9955550442707151	0.9999973493883011	0.006404424243418291	0.9935955757565818	0.9935955757565818	HG003	giabHC_x_ultima	-1	-2	sent	gatk
I2-HG003-20x-7-D0-PF-ILMN-NOVASEQ-sent-gatk-INS_50	INS_50	I2-HG003-20x-7-D0-PF-ILMN-NOVASEQ	2505355380.0	2505200292.0	1715.0	153373.0	595.0	0.9925256264236901	0.9889417620963582	0.9999997624940965	0.003864439364023693	0.9961355606359763	0.9961355606359763	HG003	giabHC_x_ultima	-1	-2	sent	gatk
I2-HG003-20x-7-D0-PF-ILMN-NOVASEQ-sent-gatk-INS_gt50	INS_gt50	I2-HG003-20x-7-D0-PF-ILMN-NOVASEQ	2505355380.0	2505355380.0	0.0	0.0	0.0			1.0				HG003	giabHC_x_ultima	-1	-2	sent	gatk
I2-HG003-20x-7-D0-PF-ILMN-NOVASEQ-sent-gatk-DEL_50	DEL_50	I2-HG003-20x-7-D0-PF-ILMN-NOVASEQ	2505355380.0	2505188073.0	1449.0	165858.0	663.0	0.9936733886911824	0.9913392745073428	0.9999997353492811	0.003981479813356874	0.9960185201866432	0.9960185201866432	HG003	giabHC_x_ultima	-1	-2	sent	gatk
I2-HG003-20x-7-D0-PF-ILMN-NOVASEQ-sent-gatk-DEL_gt50	DEL_gt50	I2-HG003-20x-7-D0-PF-ILMN-NOVASEQ	2505355380.0	2505355380.0	0.0	0.0	3.0			0.9999999988025651	1.0	0.0	0.0	HG003	giabHC_x_ultima	-1	-2	sent	gatk
I2-HG003-20x-7-D0-PF-ILMN-NOVASEQ-sent-gatk-Indel_50	Indel_50	I2-HG003-20x-7-D0-PF-ILMN-NOVASEQ	2505355380.0	2505344693.0	175.0	10512.0	1.0	0.9916981132075471	0.9836249649106391	0.9999999996008533	9.512032721392562e-05	0.9999048796727861	0.9999048796727861	HG003	giabHC_x_ultima	-1	-2	sent	gatk
I2-HG003-20x-7-D0-PF-ILMN-NOVASEQ-sent-gatk-Indel_gt50	Indel_gt50	I2-HG003-20x-7-D0-PF-ILMN-NOVASEQ	2505355380.0	2505355074.0	5.0	301.0	0.0	0.9917627677100493	0.9836601307189542	1.0	0.0	1.0	1.0	HG003	giabHC_x_ultima	-1	-2	sent	gatk
I2-HG003-20x-7-D0-PF-ILMN-NOVASEQ-sent-gatk-All	All	I2-HG003-20x-7-D0-PF-ILMN-NOVASEQ	2505355380.0	2501784454.0	16872.0	3554054.0	20911.0	0.9947126257593351	0.9952751751226433	0.9999916416359591	0.005849288034987755	0.9941507119650123	0.9941507119650123	HG003	giabHC_x_ultima	-1	-2	sent	gatk
I2-HG003-20x-7-D0-PF-ILMN-NOVASEQ-sent-gatk-SNPts	SNPts	I2-HG003-20x-7-D0-PF-ILMN-NOVASEQ	2528531102.0	2526276371.0	21383.0	2233348.0	16970.0	0.9914866630751408	0.9905163853249013	0.999993282648644	0.007541156405450252	0.9924588435945497	0.9924588435945497	HG003	giabHC	-1	-2	sent	gatk
I2-HG003-20x-7-D0-PF-ILMN-NOVASEQ-sent-gatk-SNPtv	SNPtv	I2-HG003-20x-7-D0-PF-ILMN-NOVASEQ	2528531102.0	2527459461.0	11226.0	1060415.0	8844.0	0.9906254378999486	0.9895244769470373	0.9999965008463281	0.008271148524351912	0.991728851475648	0.991728851475648	HG003	giabHC	-1	-2	sent	gatk
I2-HG003-20x-7-D0-PF-ILMN-NOVASEQ-sent-gatk-INS_50	INS_50	I2-HG003-20x-7-D0-PF-ILMN-NOVASEQ	2528531102.0	2528297560.0	4675.0	228867.0	798.0	0.9881845481609733	0.9799821873581626	0.9999996843726938	0.003474626085820652	0.9965253739141794	0.9965253739141794	HG003	giabHC	-1	-2	sent	gatk
I2-HG003-20x-7-D0-PF-ILMN-NOVASEQ-sent-gatk-INS_gt50	INS_gt50	I2-HG003-20x-7-D0-PF-ILMN-NOVASEQ	2528531102.0	2528531101.0	0.0	1.0	0.0	1.0	1.0	1.0	0.0	1.0	1.0	HG003	giabHC	-1	-2	sent	gatk
I2-HG003-20x-7-D0-PF-ILMN-NOVASEQ-sent-gatk-DEL_50	DEL_50	I2-HG003-20x-7-D0-PF-ILMN-NOVASEQ	2528531102.0	2528282843.0	4287.0	243972.0	998.0	0.989284896062478	0.9827317438642708	0.9999996052658393	0.004073968241009103	0.9959260317589909	0.9959260317589909	HG003	giabHC	-1	-2	sent	gatk
I2-HG003-20x-7-D0-PF-ILMN-NOVASEQ-sent-gatk-DEL_gt50	DEL_gt50	I2-HG003-20x-7-D0-PF-ILMN-NOVASEQ	2528531102.0	2528531102.0	0.0	0.0	3.0			0.9999999988135404	1.0	0.0	0.0	HG003	giabHC	-1	-2	sent	gatk
I2-HG003-20x-7-D0-PF-ILMN-NOVASEQ-sent-gatk-Indel_50	Indel_50	I2-HG003-20x-7-D0-PF-ILMN-NOVASEQ	2528531102.0	2528508818.0	652.0	21632.0	3.0	0.9850861813793574	0.9707413390773649	0.99999999881353	0.00013866420152530622	0.9998613357984747	0.9998613357984747	HG003	giabHC	-1	-2	sent	gatk
I2-HG003-20x-7-D0-PF-ILMN-NOVASEQ-sent-gatk-Indel_gt50	Indel_gt50	I2-HG003-20x-7-D0-PF-ILMN-NOVASEQ	2528531102.0	2528530716.0	9.0	377.0	0.0	0.9882044560943645	0.9766839378238342	1.0	0.0	1.0	1.0	HG003	giabHC	-1	-2	sent	gatk
I2-HG003-20x-7-D0-PF-ILMN-NOVASEQ-sent-gatk-All	All	I2-HG003-20x-7-D0-PF-ILMN-NOVASEQ	2528531102.0	2524700258.0	42232.0	3788612.0	27616.0	0.9908660465077352	0.9889757975004986	0.9999890617914571	0.007236464907233006	0.992763535092767	0.992763535092767	HG003	giabHC	-1	-2	sent	gatk
I2-HG003-20x-7-D0-PF-ILMN-NOVASEQ-sent-gatk-SNPts	SNPts	I2-HG003-20x-7-D0-PF-ILMN-NOVASEQ	377862616.0	377589411.0	3388.0	269817.0	40381.0	0.9249763885341693	0.987599055654179	0.9998930672291872	0.13017814428203922	0.8698218557179608	0.8698218557179608	HG003	clinvar_genes	-1	-2	sent	gatk
I2-HG003-20x-7-D0-PF-ILMN-NOVASEQ-sent-gatk-SNPtv	SNPtv	I2-HG003-20x-7-D0-PF-ILMN-NOVASEQ	377862616.0	377738321.0	1600.0	122695.0	24752.0	0.9030256640489877	0.9871273985276962	0.9999344774495733	0.16787048905708493	0.8321295109429151	0.8321295109429151	HG003	clinvar_genes	-1	-2	sent	gatk
I2-HG003-20x-7-D0-PF-ILMN-NOVASEQ-sent-gatk-INS_50	INS_50	I2-HG003-20x-7-D0-PF-ILMN-NOVASEQ	377862616.0	377832852.0	801.0	28963.0	16444.0	0.7705897221002781	0.9730882945840613	0.9999564800036044	0.36214680555861434	0.6378531944413857	0.6378531944413857	HG003	clinvar_genes	-1	-2	sent	gatk
I2-HG003-20x-7-D0-PF-ILMN-NOVASEQ-sent-gatk-INS_gt50	INS_gt50	I2-HG003-20x-7-D0-PF-ILMN-NOVASEQ	377862616.0	377862586.0	19.0	11.0	259.0	0.07333333333333335	0.36666666666666664	0.9999993145661092	0.9592592592592593	0.040740740740740744	0.040740740740740744	HG003	clinvar_genes	-1	-2	sent	gatk
I2-HG003-20x-7-D0-PF-ILMN-NOVASEQ-sent-gatk-DEL_50	DEL_50	I2-HG003-20x-7-D0-PF-ILMN-NOVASEQ	377862616.0	377831078.0	648.0	30890.0	17163.0	0.7762184166551495	0.9794533578540173	0.9999545770017227	0.3571681268599255	0.6428318731400745	0.6428318731400745	HG003	clinvar_genes	-1	-2	sent	gatk
I2-HG003-20x-7-D0-PF-ILMN-NOVASEQ-sent-gatk-DEL_gt50	DEL_gt50	I2-HG003-20x-7-D0-PF-ILMN-NOVASEQ	377862616.0	377862599.0	9.0	8.0	264.0	0.05536332179930796	0.47058823529411764	0.9999993013338281	0.9705882352941176	0.02941176470588236	0.029411764705882353	HG003	clinvar_genes	-1	-2	sent	gatk
I2-HG003-20x-7-D0-PF-ILMN-NOVASEQ-sent-gatk-Indel_50	Indel_50	I2-HG003-20x-7-D0-PF-ILMN-NOVASEQ	377862616.0	377859803.0	116.0	2697.0	1267.0	0.7959274015050907	0.9587628865979382	0.9999966469157566	0.3196266397578204	0.6803733602421795	0.6803733602421796	HG003	clinvar_genes	-1	-2	sent	gatk
I2-HG003-20x-7-D0-PF-ILMN-NOVASEQ-sent-gatk-Indel_gt50	Indel_gt50	I2-HG003-20x-7-D0-PF-ILMN-NOVASEQ	377862616.0	377862491.0	13.0	112.0	116.0	0.6345609065155806	0.896	0.9999996930101104	0.5087719298245614	0.49122807017543857	0.49122807017543857	HG003	clinvar_genes	-1	-2	sent	gatk
I2-HG003-20x-7-D0-PF-ILMN-NOVASEQ-sent-gatk-All	All	I2-HG003-20x-7-D0-PF-ILMN-NOVASEQ	377862616.0	377400829.0	6594.0	455193.0	100646.0	0.8946174724309323	0.9857206894087533	0.9997333891211948	0.1810704178728013	0.8189295821271987	0.8189295821271987	HG003	clinvar_genes	-1	-2	sent	gatk
I2-HG003-20x-7-D0-PF-ILMN-NOVASEQ-sent-gatk-SNPts	SNPts	I2-HG003-20x-7-D0-PF-ILMN-NOVASEQ	337668665.0	337403144.0	2609.0	262912.0	3597.0	0.9883352442531438	0.9901740351987225	0.9999893392764195	0.013496729941577959	0.9865032700584221	0.9865032700584221	HG003	giabHC_x_clinvar_genes	-1	-2	sent	gatk
I2-HG003-20x-7-D0-PF-ILMN-NOVASEQ-sent-gatk-SNPtv	SNPtv	I2-HG003-20x-7-D0-PF-ILMN-NOVASEQ	337668665.0	337548444.0	1231.0	118990.0	1980.0	0.9866868995940976	0.989760524367623	0.9999941342097085	0.016367694469703233	0.9836323055302968	0.9836323055302968	HG003	giabHC_x_clinvar_genes	-1	-2	sent	gatk
I2-HG003-20x-7-D0-PF-ILMN-NOVASEQ-sent-gatk-INS_50	INS_50	I2-HG003-20x-7-D0-PF-ILMN-NOVASEQ	337668665.0	337641867.0	536.0	26262.0	190.0	0.9863661971830986	0.9799985073512949	0.9999994372738938	0.007182821714804174	0.9928171782851958	0.9928171782851958	HG003	giabHC_x_clinvar_genes	-1	-2	sent	gatk
I2-HG003-20x-7-D0-PF-ILMN-NOVASEQ-sent-gatk-INS_gt50	INS_gt50	I2-HG003-20x-7-D0-PF-ILMN-NOVASEQ	337668665.0	337668665.0	0.0	0.0	0.0			1.0				HG003	giabHC_x_clinvar_genes	-1	-2	sent	gatk
I2-HG003-20x-7-D0-PF-ILMN-NOVASEQ-sent-gatk-DEL_50	DEL_50	I2-HG003-20x-7-D0-PF-ILMN-NOVASEQ	337668665.0	337640188.0	460.0	28017.0	225.0	0.9879229182460904	0.9838466130561506	0.999999333610577	0.007966857871255577	0.9920331421287444	0.9920331421287444	HG003	giabHC_x_clinvar_genes	-1	-2	sent	gatk
I2-HG003-20x-7-D0-PF-ILMN-NOVASEQ-sent-gatk-DEL_gt50	DEL_gt50	I2-HG003-20x-7-D0-PF-ILMN-NOVASEQ	337668665.0	337668665.0	0.0	0.0	1.0			0.999999997038517	1.0	0.0	0.0	HG003	giabHC_x_clinvar_genes	-1	-2	sent	gatk
I2-HG003-20x-7-D0-PF-ILMN-NOVASEQ-sent-gatk-Indel_50	Indel_50	I2-HG003-20x-7-D0-PF-ILMN-NOVASEQ	337668665.0	337666473.0	54.0	2138.0	1.0	0.9873008543061648	0.9753649635036497	0.9999999970384978	0.0004675081813931744	0.9995324918186068	0.9995324918186068	HG003	giabHC_x_clinvar_genes	-1	-2	sent	gatk
I2-HG003-20x-7-D0-PF-ILMN-NOVASEQ-sent-gatk-Indel_gt50	Indel_gt50	I2-HG003-20x-7-D0-PF-ILMN-NOVASEQ	337668665.0	337668632.0	0.0	33.0	0.0	1.0	1.0	1.0	0.0	1.0	1.0	HG003	giabHC_x_clinvar_genes	-1	-2	sent	gatk
I2-HG003-20x-7-D0-PF-ILMN-NOVASEQ-sent-gatk-All	All	I2-HG003-20x-7-D0-PF-ILMN-NOVASEQ	337668665.0	337225423.0	4890.0	438352.0	5994.0	0.9877375539101475	0.9889676519824385	0.9999822258553093	0.013489487921574629	0.9865105120784253	0.9865105120784253	HG003	giabHC_x_clinvar_genes	-1	-2	sent	gatk
I2-HG003-20x-7-D0-PF-ILMN-NOVASEQ-sent-gatk-SNPts	SNPts	I2-HG003-20x-7-D0-PF-ILMN-NOVASEQ	332544085.0	332287253.0	932.0	255900.0	2565.0	0.993213622435217	0.9963711687017194	0.9999922808347983	0.009923974232487958	0.9900760257675121	0.9900760257675121	HG003	giabHC_x_ultima_x_clinvar	-1	-2	sent	gatk
I2-HG003-20x-7-D0-PF-ILMN-NOVASEQ-sent-gatk-SNPtv	SNPtv	I2-HG003-20x-7-D0-PF-ILMN-NOVASEQ	332544085.0	332429483.0	442.0	114160.0	1441.0	0.9918202629852781	0.9961431737666009	0.9999956652648837	0.012465290092646257	0.9875347099073537	0.9875347099073537	HG003	giabHC_x_ultima_x_clinvar	-1	-2	sent	gatk
I2-HG003-20x-7-D0-PF-ILMN-NOVASEQ-sent-gatk-INS_50	INS_50	I2-HG003-20x-7-D0-PF-ILMN-NOVASEQ	332544085.0	332526447.0	174.0	17464.0	139.0	0.9911182997077268	0.9901349359337793	0.9999995819883105	0.007896381298642277	0.9921036187013578	0.9921036187013578	HG003	giabHC_x_ultima_x_clinvar	-1	-2	sent	gatk
I2-HG003-20x-7-D0-PF-ILMN-NOVASEQ-sent-gatk-INS_gt50	INS_gt50	I2-HG003-20x-7-D0-PF-ILMN-NOVASEQ	332544085.0	332544085.0	0.0	0.0	0.0			1.0				HG003	giabHC_x_ultima_x_clinvar	-1	-2	sent	gatk
I2-HG003-20x-7-D0-PF-ILMN-NOVASEQ-sent-gatk-DEL_50	DEL_50	I2-HG003-20x-7-D0-PF-ILMN-NOVASEQ	332544085.0	332524974.0	161.0	18950.0	139.0	0.9921465968586387	0.9915755324158861	0.9999995819864589	0.007281680549007282	0.9927183194509928	0.9927183194509928	HG003	giabHC_x_ultima_x_clinvar	-1	-2	sent	gatk
I2-HG003-20x-7-D0-PF-ILMN-NOVASEQ-sent-gatk-DEL_gt50	DEL_gt50	I2-HG003-20x-7-D0-PF-ILMN-NOVASEQ	332544085.0	332544085.0	0.0	0.0	0.0			1.0				HG003	giabHC_x_ultima_x_clinvar	-1	-2	sent	gatk
I2-HG003-20x-7-D0-PF-ILMN-NOVASEQ-sent-gatk-Indel_50	Indel_50	I2-HG003-20x-7-D0-PF-ILMN-NOVASEQ	332544085.0	332543096.0	17.0	972.0	1.0	0.9908256880733944	0.9828109201213346	0.999999996992871	0.0010277492291880781	0.998972250770812	0.998972250770812	HG003	giabHC_x_ultima_x_clinvar	-1	-2	sent	gatk
I2-HG003-20x-7-D0-PF-ILMN-NOVASEQ-sent-gatk-Indel_gt50	Indel_gt50	I2-HG003-20x-7-D0-PF-ILMN-NOVASEQ	332544085.0	332544063.0	0.0	22.0	0.0	1.0	1.0	1.0	0.0	1.0	1.0	HG003	giabHC_x_ultima_x_clinvar	-1	-2	sent	gatk
I2-HG003-20x-7-D0-PF-ILMN-NOVASEQ-sent-gatk-All	All	I2-HG003-20x-7-D0-PF-ILMN-NOVASEQ	332544085.0	332134891.0	1726.0	407468.0	4285.0	0.9926779682488638	0.995781951837026	0.9999870987817469	0.010406724419737076	0.9895932755802629	0.9895932755802629	HG003	giabHC_x_ultima_x_clinvar	-1	-2	sent	gatk
I2-HG003-30x-8-D0-PF-ILMN-NOVASEQ-sent-gatk-SNPts	SNPts	I2-HG003-30x-8-D0-PF-ILMN-NOVASEQ	2799325643.0	2797071492.0	4830.0	2249321.0	207157.0	0.9549981541743151	0.9978572864018427	0.9999259433806946	0.08433089976787905	0.9156691002321209	0.9156691002321209	HG003	ultima	-1	-2	sent	gatk
I2-HG003-30x-8-D0-PF-ILMN-NOVASEQ-sent-gatk-SNPtv	SNPtv	I2-HG003-30x-8-D0-PF-ILMN-NOVASEQ	2799325643.0	2798266942.0	2582.0	1056119.0	124787.0	0.9431288614475665	0.9975611622167165	0.9999554076011922	0.10567056141640402	0.894329438583596	0.894329438583596	HG003	ultima	-1	-2	sent	gatk
I2-HG003-30x-8-D0-PF-ILMN-NOVASEQ-sent-gatk-INS_50	INS_50	I2-HG003-30x-8-D0-PF-ILMN-NOVASEQ	2799325643.0	2799160860.0	809.0	163974.0	29902.0	0.9143727049927647	0.9950905129776737	0.9999893176269349	0.15423260228187088	0.8457673977181291	0.8457673977181291	HG003	ultima	-1	-2	sent	gatk
I2-HG003-30x-8-D0-PF-ILMN-NOVASEQ-sent-gatk-INS_gt50	INS_gt50	I2-HG003-30x-8-D0-PF-ILMN-NOVASEQ	2799325643.0	2799325549.0	64.0	30.0	477.0	0.09983361064891846	0.3191489361702128	0.9999998296018414	0.9408284023668639	0.059171597633136064	0.05917159763313609	HG003	ultima	-1	-2	sent	gatk
I2-HG003-30x-8-D0-PF-ILMN-NOVASEQ-sent-gatk-DEL_50	DEL_50	I2-HG003-30x-8-D0-PF-ILMN-NOVASEQ	2799325643.0	2799147368.0	697.0	177578.0	39330.0	0.8987127482710543	0.996090309914458	0.9999859494902472	0.1813211130986409	0.818678886901359	0.8186788869013591	HG003	ultima	-1	-2	sent	gatk
I2-HG003-30x-8-D0-PF-ILMN-NOVASEQ-sent-gatk-DEL_gt50	DEL_gt50	I2-HG003-30x-8-D0-PF-ILMN-NOVASEQ	2799325643.0	2799325555.0	34.0	54.0	1108.0	0.0864	0.6136363636363636	0.999999604190531	0.9535283993115319	0.04647160068846812	0.04647160068846816	HG003	ultima	-1	-2	sent	gatk
I2-HG003-30x-8-D0-PF-ILMN-NOVASEQ-sent-gatk-Indel_50	Indel_50	I2-HG003-30x-8-D0-PF-ILMN-NOVASEQ	2799325643.0	2799309670.0	70.0	15903.0	2162.0	0.9344262295081968	0.9956176047079447	0.9999992276673233	0.11967893717132577	0.8803210628286742	0.8803210628286743	HG003	ultima	-1	-2	sent	gatk
I2-HG003-30x-8-D0-PF-ILMN-NOVASEQ-sent-gatk-Indel_gt50	Indel_gt50	I2-HG003-30x-8-D0-PF-ILMN-NOVASEQ	2799325643.0	2799324777.0	12.0	854.0	384.0	0.811787072243346	0.9861431870669746	0.9999998628240816	0.31017770597738287	0.6898222940226171	0.6898222940226171	HG003	ultima	-1	-2	sent	gatk
I2-HG003-30x-8-D0-PF-ILMN-NOVASEQ-sent-gatk-All	All	I2-HG003-30x-8-D0-PF-ILMN-NOVASEQ	2799325643.0	2795652712.0	9098.0	3663833.0	405307.0	0.946473624434599	0.9975229591843681	0.999855043422831	0.09960507625689949	0.9003949237431005	0.9003949237431005	HG003	ultima	-1	-2	sent	gatk
I2-HG003-30x-8-D0-PF-ILMN-NOVASEQ-sent-gatk-SNPts	SNPts	I2-HG003-30x-8-D0-PF-ILMN-NOVASEQ	688815815.0	688748050.0	4501.0	63264.0	344942.0	0.2658313216561513	0.9335792813399247	0.9994994260513391	0.845019426466049	0.154980573533951	0.154980573533951	HG003	hg38_m_giabHC	-1	-2	sent	gatk
I2-HG003-30x-8-D0-PF-ILMN-NOVASEQ-sent-gatk-SNPtv	SNPtv	I2-HG003-30x-8-D0-PF-ILMN-NOVASEQ	688815815.0	688780856.0	2277.0	32682.0	255196.0	0.2024674990784823	0.9348665579679053	0.9996296333127138	0.8864727419253989	0.11352725807460107	0.11352725807460104	HG003	hg38_m_giabHC	-1	-2	sent	gatk
I2-HG003-30x-8-D0-PF-ILMN-NOVASEQ-sent-gatk-INS_50	INS_50	I2-HG003-30x-8-D0-PF-ILMN-NOVASEQ	688815815.0	688787896.0	1816.0	26103.0	161160.0	0.24261322973111138	0.9349546903542391	0.9997660784950695	0.8606078082696529	0.13939219173034711	0.13939219173034717	HG003	hg38_m_giabHC	-1	-2	sent	gatk
I2-HG003-30x-8-D0-PF-ILMN-NOVASEQ-sent-gatk-INS_gt50	INS_gt50	I2-HG003-30x-8-D0-PF-ILMN-NOVASEQ	688815815.0	688815585.0	155.0	75.0	2307.0	0.057427258805513026	0.32608695652173914	0.999996650783862	0.9685138539042821	0.03148614609571787	0.031486146095717885	HG003	hg38_m_giabHC	-1	-2	sent	gatk
I2-HG003-30x-8-D0-PF-ILMN-NOVASEQ-sent-gatk-DEL_50	DEL_50	I2-HG003-30x-8-D0-PF-ILMN-NOVASEQ	688815815.0	688787513.0	1226.0	27076.0	168817.0	0.24153973103771273	0.9566815066073069	0.9997549670528464	0.8617816869413404	0.13821831305865961	0.1382183130586596	HG003	hg38_m_giabHC	-1	-2	sent	gatk
I2-HG003-30x-8-D0-PF-ILMN-NOVASEQ-sent-gatk-DEL_gt50	DEL_gt50	I2-HG003-30x-8-D0-PF-ILMN-NOVASEQ	688815815.0	688815678.0	58.0	79.0	2256.0	0.06391585760517798	0.5766423357664233	0.9999967248239504	0.9661670235546038	0.03383297644539618	0.033832976445396144	HG003	hg38_m_giabHC	-1	-2	sent	gatk
I2-HG003-30x-8-D0-PF-ILMN-NOVASEQ-sent-gatk-Indel_50	Indel_50	I2-HG003-30x-8-D0-PF-ILMN-NOVASEQ	688815815.0	688807939.0	297.0	7579.0	18671.0	0.44417746000117214	0.9622905027932961	0.9999728944850141	0.7112761904761905	0.2887238095238095	0.28872380952380955	HG003	hg38_m_giabHC	-1	-2	sent	gatk
I2-HG003-30x-8-D0-PF-ILMN-NOVASEQ-sent-gatk-Indel_gt50	Indel_gt50	I2-HG003-30x-8-D0-PF-ILMN-NOVASEQ	688815815.0	688814902.0	66.0	847.0	1365.0	0.54208	0.927710843373494	0.9999980183394827	0.6170886075949367	0.38291139240506333	0.3829113924050633	HG003	hg38_m_giabHC	-1	-2	sent	gatk
I2-HG003-30x-8-D0-PF-ILMN-NOVASEQ-sent-gatk-All	All	I2-HG003-30x-8-D0-PF-ILMN-NOVASEQ	688815815.0	688647714.0	10396.0	157705.0	954714.0	0.24631399743854063	0.9381562275060826	0.9986155588187692	0.8582323746717738	0.14176762532822618	0.14176762532822615	HG003	hg38_m_giabHC	-1	-2	sent	gatk
I2-HG003-30x-8-D0-PF-ILMN-NOVASEQ-sent-gatk-SNPts	SNPts	I2-HG003-30x-8-D0-PF-ILMN-NOVASEQ	377862616.0	377589424.0	2557.0	270635.0	43209.0	0.9220388528131154	0.9906402822923073	0.9998855792740772	0.13767668013407935	0.8623233198659206	0.8623233198659207	HG003	clinvar_genes	-1	-2	sent	gatk
I2-HG003-30x-8-D0-PF-ILMN-NOVASEQ-sent-gatk-SNPtv	SNPtv	I2-HG003-30x-8-D0-PF-ILMN-NOVASEQ	377862616.0	377738332.0	1213.0	123071.0	26590.0	0.8985088247640949	0.9902400952656818	0.9999296123105893	0.17766819679141527	0.8223318032085847	0.8223318032085848	HG003	clinvar_genes	-1	-2	sent	gatk
I2-HG003-30x-8-D0-PF-ILMN-NOVASEQ-sent-gatk-INS_50	INS_50	I2-HG003-30x-8-D0-PF-ILMN-NOVASEQ	377862616.0	377833211.0	451.0	28954.0	17821.0	0.7601470202152797	0.9846624723686448	0.9999528359102113	0.38099412079102085	0.6190058792089792	0.6190058792089792	HG003	clinvar_genes	-1	-2	sent	gatk
I2-HG003-30x-8-D0-PF-ILMN-NOVASEQ-sent-gatk-INS_gt50	INS_gt50	I2-HG003-30x-8-D0-PF-ILMN-NOVASEQ	377862616.0	377862586.0	18.0	12.0	301.0	0.06997084548104957	0.4	0.9999992034147561	0.9616613418530351	0.03833865814696491	0.038338658146964855	HG003	clinvar_genes	-1	-2	sent	gatk
I2-HG003-30x-8-D0-PF-ILMN-NOVASEQ-sent-gatk-DEL_50	DEL_50	I2-HG003-30x-8-D0-PF-ILMN-NOVASEQ	377862616.0	377831519.0	289.0	30808.0	18282.0	0.7684038559866313	0.9907064990191979	0.9999516156950418	0.37241800774088407	0.6275819922591159	0.6275819922591159	HG003	clinvar_genes	-1	-2	sent	gatk
I2-HG003-30x-8-D0-PF-ILMN-NOVASEQ-sent-gatk-DEL_gt50	DEL_gt50	I2-HG003-30x-8-D0-PF-ILMN-NOVASEQ	377862616.0	377862599.0	8.0	9.0	289.0	0.05714285714285715	0.5294117647058824	0.9999992351723094	0.9697986577181208	0.030201342281879207	0.030201342281879196	HG003	clinvar_genes	-1	-2	sent	gatk
I2-HG003-30x-8-D0-PF-ILMN-NOVASEQ-sent-gatk-Indel_50	Indel_50	I2-HG003-30x-8-D0-PF-ILMN-NOVASEQ	377862616.0	377859016.0	45.0	3555.0	2033.0	0.7738354375272094	0.9875	0.9999946197153546	0.363815318539728	0.6361846814602721	0.636184681460272	HG003	clinvar_genes	-1	-2	sent	gatk
I2-HG003-30x-8-D0-PF-ILMN-NOVASEQ-sent-gatk-Indel_gt50	Indel_gt50	I2-HG003-30x-8-D0-PF-ILMN-NOVASEQ	377862616.0	377862466.0	8.0	142.0	155.0	0.6353467561521253	0.9466666666666667	0.9999995897980075	0.5218855218855218	0.47811447811447816	0.4781144781144781	HG003	clinvar_genes	-1	-2	sent	gatk
I2-HG003-30x-8-D0-PF-ILMN-NOVASEQ-sent-gatk-All	All	I2-HG003-30x-8-D0-PF-ILMN-NOVASEQ	377862616.0	377400841.0	4589.0	457186.0	108680.0	0.889777655815601	0.9900622597585405	0.9997121132211126	0.19205960421725285	0.8079403957827471	0.8079403957827471	HG003	clinvar_genes	-1	-2	sent	gatk
I2-HG003-30x-8-D0-PF-ILMN-NOVASEQ-sent-gatk-SNPts	SNPts	I2-HG003-30x-8-D0-PF-ILMN-NOVASEQ	2528531102.0	2526276421.0	14241.0	2240440.0	20499.0	0.9923067042842401	0.9936838071549812	0.9999918857518934	0.009066586935781992	0.990933413064218	0.990933413064218	HG003	giabHC	-1	-2	sent	gatk
I2-HG003-30x-8-D0-PF-ILMN-NOVASEQ-sent-gatk-SNPtv	SNPtv	I2-HG003-30x-8-D0-PF-ILMN-NOVASEQ	2528531102.0	2527459523.0	7567.0	1064012.0	10377.0	0.9916382723321131	0.9929384581071484	0.9999958943131232	0.009658512884997892	0.9903414871150021	0.9903414871150021	HG003	giabHC	-1	-2	sent	gatk
I2-HG003-30x-8-D0-PF-ILMN-NOVASEQ-sent-gatk-INS_50	INS_50	I2-HG003-30x-8-D0-PF-ILMN-NOVASEQ	2528531102.0	2528300340.0	1799.0	228963.0	891.0	0.9941599944422252	0.9922040890614573	0.9999996475894608	0.0038763736980866113	0.9961236263019134	0.9961236263019134	HG003	giabHC	-1	-2	sent	gatk
I2-HG003-30x-8-D0-PF-ILMN-NOVASEQ-sent-gatk-INS_gt50	INS_gt50	I2-HG003-30x-8-D0-PF-ILMN-NOVASEQ	2528531102.0	2528531101.0	0.0	1.0	6.0	0.25	1.0	0.9999999976270808	0.8571428571428571	0.1428571428571429	0.14285714285714285	HG003	giabHC	-1	-2	sent	gatk
I2-HG003-30x-8-D0-PF-ILMN-NOVASEQ-sent-gatk-DEL_50	DEL_50	I2-HG003-30x-8-D0-PF-ILMN-NOVASEQ	2528531102.0	2528286110.0	1339.0	243653.0	1139.0	0.9949406268885876	0.9945345154127482	0.9999995494973918	0.004652929834308311	0.9953470701656917	0.9953470701656917	HG003	giabHC	-1	-2	sent	gatk
I2-HG003-30x-8-D0-PF-ILMN-NOVASEQ-sent-gatk-DEL_gt50	DEL_gt50	I2-HG003-30x-8-D0-PF-ILMN-NOVASEQ	2528531102.0	2528531102.0	0.0	0.0	2.0			0.9999999992090269	1.0	0.0	0.0	HG003	giabHC	-1	-2	sent	gatk
I2-HG003-30x-8-D0-PF-ILMN-NOVASEQ-sent-gatk-Indel_50	Indel_50	I2-HG003-30x-8-D0-PF-ILMN-NOVASEQ	2528531102.0	2528502740.0	218.0	28144.0	4.0	0.996071491771368	0.9923136591213596	0.9999999984180361	0.00014210601108426886	0.9998578939889158	0.9998578939889158	HG003	giabHC	-1	-2	sent	gatk
I2-HG003-30x-8-D0-PF-ILMN-NOVASEQ-sent-gatk-Indel_gt50	Indel_gt50	I2-HG003-30x-8-D0-PF-ILMN-NOVASEQ	2528531102.0	2528530665.0	4.0	433.0	0.0	0.9954022988505747	0.9908466819221968	1.0	0.0	1.0	1.0	HG003	giabHC	-1	-2	sent	gatk
I2-HG003-30x-8-D0-PF-ILMN-NOVASEQ-sent-gatk-All	All	I2-HG003-30x-8-D0-PF-ILMN-NOVASEQ	2528531102.0	2524700288.0	25168.0	3805646.0	32918.0	0.992426243692774	0.9934301169412036	0.9999869617906867	0.008575602751445593	0.9914243972485544	0.9914243972485544	HG003	giabHC	-1	-2	sent	gatk
I2-HG003-30x-8-D0-PF-ILMN-NOVASEQ-sent-gatk-SNPts	SNPts	I2-HG003-30x-8-D0-PF-ILMN-NOVASEQ	332544085.0	332287256.0	479.0	256350.0	3002.0	0.9932562415121827	0.9981349458199814	0.9999909657297266	0.011575002313458158	0.9884249976865418	0.9884249976865418	HG003	giabHC_x_ultima_x_clinvar	-1	-2	sent	gatk
I2-HG003-30x-8-D0-PF-ILMN-NOVASEQ-sent-gatk-SNPtv	SNPtv	I2-HG003-30x-8-D0-PF-ILMN-NOVASEQ	332544085.0	332429486.0	251.0	114348.0	1634.0	0.991824998590517	0.9978097540118152	0.9999950846960417	0.014088393026504113	0.9859116069734959	0.9859116069734959	HG003	giabHC_x_ultima_x_clinvar	-1	-2	sent	gatk
I2-HG003-30x-8-D0-PF-ILMN-NOVASEQ-sent-gatk-INS_50	INS_50	I2-HG003-30x-8-D0-PF-ILMN-NOVASEQ	332544085.0	332526535.0	78.0	17472.0	156.0	0.9933481152993349	0.9955555555555555	0.9999995308647269	0.008849557522123894	0.9911504424778761	0.9911504424778761	HG003	giabHC_x_ultima_x_clinvar	-1	-2	sent	gatk
I2-HG003-30x-8-D0-PF-ILMN-NOVASEQ-sent-gatk-INS_gt50	INS_gt50	I2-HG003-30x-8-D0-PF-ILMN-NOVASEQ	332544085.0	332544085.0	0.0	0.0	1.0			0.9999999969928799	1.0	0.0	0.0	HG003	giabHC_x_ultima_x_clinvar	-1	-2	sent	gatk
I2-HG003-30x-8-D0-PF-ILMN-NOVASEQ-sent-gatk-DEL_50	DEL_50	I2-HG003-30x-8-D0-PF-ILMN-NOVASEQ	332544085.0	332525091.0	56.0	18938.0	156.0	0.9944339424490652	0.9970517005370116	0.9999995308626897	0.008170105792395518	0.9918298942076045	0.9918298942076045	HG003	giabHC_x_ultima_x_clinvar	-1	-2	sent	gatk
I2-HG003-30x-8-D0-PF-ILMN-NOVASEQ-sent-gatk-DEL_gt50	DEL_gt50	I2-HG003-30x-8-D0-PF-ILMN-NOVASEQ	332544085.0	332544085.0	0.0	0.0	0.0			1.0				HG003	giabHC_x_ultima_x_clinvar	-1	-2	sent	gatk
I2-HG003-30x-8-D0-PF-ILMN-NOVASEQ-sent-gatk-Indel_50	Indel_50	I2-HG003-30x-8-D0-PF-ILMN-NOVASEQ	332544085.0	332542895.0	3.0	1187.0	1.0	0.9983179142136249	0.9974789915966387	0.9999999969928691	0.0008417508417508417	0.9991582491582491	0.9991582491582491	HG003	giabHC_x_ultima_x_clinvar	-1	-2	sent	gatk
I2-HG003-30x-8-D0-PF-ILMN-NOVASEQ-sent-gatk-Indel_gt50	Indel_gt50	I2-HG003-30x-8-D0-PF-ILMN-NOVASEQ	332544085.0	332544056.0	0.0	29.0	0.0	1.0	1.0	1.0	0.0	1.0	1.0	HG003	giabHC_x_ultima_x_clinvar	-1	-2	sent	gatk
I2-HG003-30x-8-D0-PF-ILMN-NOVASEQ-sent-gatk-All	All	I2-HG003-30x-8-D0-PF-ILMN-NOVASEQ	332544085.0	332134894.0	867.0	408324.0	4950.0	0.9929273586110047	0.9978811850700529	0.9999850966389928	0.011977525806123782	0.9880224741938762	0.9880224741938762	HG003	giabHC_x_ultima_x_clinvar	-1	-2	sent	gatk
I2-HG003-30x-8-D0-PF-ILMN-NOVASEQ-sent-gatk-SNPts	SNPts	I2-HG003-30x-8-D0-PF-ILMN-NOVASEQ	2505355380.0	2503152288.0	3782.0	2199310.0	15836.0	0.9955597683963607	0.9982833218040826	0.9999936736171062	0.007148964447490143	0.9928510355525099	0.9928510355525099	HG003	giabHC_x_ultima	-1	-2	sent	gatk
I2-HG003-30x-8-D0-PF-ILMN-NOVASEQ-sent-gatk-SNPtv	SNPtv	I2-HG003-30x-8-D0-PF-ILMN-NOVASEQ	2505355380.0	2504320974.0	2039.0	1032367.0	7724.0	0.995293798930536	0.9980288204051407	0.9999969157403314	0.007426273278011251	0.9925737267219887	0.9925737267219887	HG003	giabHC_x_ultima	-1	-2	sent	gatk
I2-HG003-30x-8-D0-PF-ILMN-NOVASEQ-sent-gatk-INS_50	INS_50	I2-HG003-30x-8-D0-PF-ILMN-NOVASEQ	2505355380.0	2505201112.0	540.0	153728.0	674.0	0.9960669971166617	0.9964995981020043	0.9999997309597958	0.004365228429683553	0.9956347715703164	0.9956347715703164	HG003	giabHC_x_ultima	-1	-2	sent	gatk
I2-HG003-30x-8-D0-PF-ILMN-NOVASEQ-sent-gatk-INS_gt50	INS_gt50	I2-HG003-30x-8-D0-PF-ILMN-NOVASEQ	2505355380.0	2505355380.0	0.0	0.0	6.0			0.9999999976051301	1.0	0.0	0.0	HG003	giabHC_x_ultima	-1	-2	sent	gatk
I2-HG003-30x-8-D0-PF-ILMN-NOVASEQ-sent-gatk-DEL_50	DEL_50	I2-HG003-30x-8-D0-PF-ILMN-NOVASEQ	2505355380.0	2505189306.0	377.0	165697.0	759.0	0.9965837668781764	0.997729927622626	0.9999996970289757	0.00455976354111597	0.995440236458884	0.995440236458884	HG003	giabHC_x_ultima	-1	-2	sent	gatk
I2-HG003-30x-8-D0-PF-ILMN-NOVASEQ-sent-gatk-DEL_gt50	DEL_gt50	I2-HG003-30x-8-D0-PF-ILMN-NOVASEQ	2505355380.0	2505355380.0	0.0	0.0	2.0			0.99999999920171	1.0	0.0	0.0	HG003	giabHC_x_ultima	-1	-2	sent	gatk
I2-HG003-30x-8-D0-PF-ILMN-NOVASEQ-sent-gatk-Indel_50	Indel_50	I2-HG003-30x-8-D0-PF-ILMN-NOVASEQ	2505355380.0	2505342646.0	48.0	12686.0	1.0	0.9980724597773495	0.9962305638448249	0.999999999600853	7.882084023015685e-05	0.9999211791597699	0.9999211791597699	HG003	giabHC_x_ultima	-1	-2	sent	gatk
I2-HG003-30x-8-D0-PF-ILMN-NOVASEQ-sent-gatk-Indel_gt50	Indel_gt50	I2-HG003-30x-8-D0-PF-ILMN-NOVASEQ	2505355380.0	2505355032.0	1.0	347.0	0.0	0.9985611510791367	0.9971264367816092	1.0	0.0	1.0	1.0	HG003	giabHC_x_ultima	-1	-2	sent	gatk
I2-HG003-30x-8-D0-PF-ILMN-NOVASEQ-sent-gatk-All	All	I2-HG003-30x-8-D0-PF-ILMN-NOVASEQ	2505355380.0	2501784458.0	6787.0	3564135.0	25002.0	0.9955602321154058	0.9980993704146996	0.9999900064331838	0.006966019965245127	0.9930339800347548	0.9930339800347548	HG003	giabHC_x_ultima	-1	-2	sent	gatk
I2-HG003-30x-8-D0-PF-ILMN-NOVASEQ-sent-gatk-SNPts	SNPts	I2-HG003-30x-8-D0-PF-ILMN-NOVASEQ	337668665.0	337403154.0	1914.0	263597.0	4219.0	0.9885004884433002	0.9927912591192078	0.9999874958274845	0.015753353048361562	0.9842466469516384	0.9842466469516384	HG003	giabHC_x_clinvar_genes	-1	-2	sent	gatk
I2-HG003-30x-8-D0-PF-ILMN-NOVASEQ-sent-gatk-SNPtv	SNPtv	I2-HG003-30x-8-D0-PF-ILMN-NOVASEQ	337668665.0	337548452.0	918.0	119295.0	2281.0	0.9867694560133008	0.9923635546904245	0.9999932424972693	0.01876192669605843	0.9812380733039415	0.9812380733039415	HG003	giabHC_x_clinvar_genes	-1	-2	sent	gatk
I2-HG003-30x-8-D0-PF-ILMN-NOVASEQ-sent-gatk-INS_50	INS_50	I2-HG003-30x-8-D0-PF-ILMN-NOVASEQ	337668665.0	337642175.0	266.0	26224.0	210.0	0.9910059708260902	0.9899584748961873	0.9999993780401711	0.00794431414087917	0.9920556858591209	0.9920556858591209	HG003	giabHC_x_clinvar_genes	-1	-2	sent	gatk
I2-HG003-30x-8-D0-PF-ILMN-NOVASEQ-sent-gatk-INS_gt50	INS_gt50	I2-HG003-30x-8-D0-PF-ILMN-NOVASEQ	337668665.0	337668665.0	0.0	0.0	1.0			0.999999997038517	1.0	0.0	0.0	HG003	giabHC_x_clinvar_genes	-1	-2	sent	gatk
I2-HG003-30x-8-D0-PF-ILMN-NOVASEQ-sent-gatk-DEL_50	DEL_50	I2-HG003-30x-8-D0-PF-ILMN-NOVASEQ	337668665.0	337640521.0	163.0	27981.0	254.0	0.9926036290108018	0.9942083570210347	0.9999992477211913	0.008995927040906676	0.9910040729590933	0.9910040729590933	HG003	giabHC_x_clinvar_genes	-1	-2	sent	gatk
I2-HG003-30x-8-D0-PF-ILMN-NOVASEQ-sent-gatk-DEL_gt50	DEL_gt50	I2-HG003-30x-8-D0-PF-ILMN-NOVASEQ	337668665.0	337668665.0	0.0	0.0	0.0			1.0				HG003	giabHC_x_clinvar_genes	-1	-2	sent	gatk
I2-HG003-30x-8-D0-PF-ILMN-NOVASEQ-sent-gatk-Indel_50	Indel_50	I2-HG003-30x-8-D0-PF-ILMN-NOVASEQ	337668665.0	337665832.0	8.0	2825.0	1.0	0.9984096130058314	0.9971761383692199	0.9999999970384922	0.00035385704175513094	0.9996461429582448	0.9996461429582448	HG003	giabHC_x_clinvar_genes	-1	-2	sent	gatk
I2-HG003-30x-8-D0-PF-ILMN-NOVASEQ-sent-gatk-Indel_gt50	Indel_gt50	I2-HG003-30x-8-D0-PF-ILMN-NOVASEQ	337668665.0	337668624.0	0.0	41.0	0.0	1.0	1.0	1.0	0.0	1.0	1.0	HG003	giabHC_x_clinvar_genes	-1	-2	sent	gatk
I2-HG003-30x-8-D0-PF-ILMN-NOVASEQ-sent-gatk-All	All	I2-HG003-30x-8-D0-PF-ILMN-NOVASEQ	337668665.0	337225433.0	3269.0	439963.0	6966.0	0.9885020799608162	0.9926246299906144	0.999979343621726	0.015586368304585293	0.9844136316954147	0.9844136316954147	HG003	giabHC_x_clinvar_genes	-1	-2	sent	gatk
I2-HG003-30x-8-D0-PF-ILMN-NOVASEQ-sent-gatk-SNPts	SNPts	I2-HG003-30x-8-D0-PF-ILMN-NOVASEQ	3088286401.0	3085963989.0	18742.0	2303670.0	365441.0	0.9230329099956065	0.9919299418018853	0.999881593650876	0.13691487540233432	0.8630851245976656	0.8630851245976656	HG003	hg38	-1	-2	sent	gatk
I2-HG003-30x-8-D0-PF-ILMN-NOVASEQ-sent-gatk-SNPtv	SNPtv	I2-HG003-30x-8-D0-PF-ILMN-NOVASEQ	3088286401.0	3087179878.0	9844.0	1096679.0	265573.0	0.8884398132677138	0.9911036643612469	0.9999139829337182	0.194951448043387	0.8050485519566131	0.8050485519566131	HG003	hg38	-1	-2	sent	gatk
I2-HG003-30x-8-D0-PF-ILMN-NOVASEQ-sent-gatk-INS_50	INS_50	I2-HG003-30x-8-D0-PF-ILMN-NOVASEQ	3088286401.0	3088027650.0	3618.0	255133.0	162054.0	0.7549005973920686	0.9860174453432065	0.9999475245967597	0.3884445104952935	0.6115554895047065	0.6115554895047065	HG003	hg38	-1	-2	sent	gatk
I2-HG003-30x-8-D0-PF-ILMN-NOVASEQ-sent-gatk-INS_gt50	INS_gt50	I2-HG003-30x-8-D0-PF-ILMN-NOVASEQ	3088286401.0	3088286170.0	155.0	76.0	2313.0	0.05801526717557252	0.329004329004329	0.9999992510414708	0.9681875261615739	0.031812473838426114	0.03181247383842612	HG003	hg38	-1	-2	sent	gatk
I2-HG003-30x-8-D0-PF-ILMN-NOVASEQ-sent-gatk-DEL_50	DEL_50	I2-HG003-30x-8-D0-PF-ILMN-NOVASEQ	3088286401.0	3088013306.0	2553.0	270542.0	169945.0	0.7582646423256191	0.9906516047529248	0.9999449692630951	0.3858116130555499	0.6141883869444501	0.6141883869444501	HG003	hg38	-1	-2	sent	gatk
I2-HG003-30x-8-D0-PF-ILMN-NOVASEQ-sent-gatk-DEL_gt50	DEL_gt50	I2-HG003-30x-8-D0-PF-ILMN-NOVASEQ	3088286401.0	3088286264.0	58.0	79.0	2258.0	0.06386418755052546	0.5766423357664233	0.9999992688506971	0.9661959777492511	0.033804022250748855	0.03380402225074882	HG003	hg38	-1	-2	sent	gatk
I2-HG003-30x-8-D0-PF-ILMN-NOVASEQ-sent-gatk-Indel_50	Indel_50	I2-HG003-30x-8-D0-PF-ILMN-NOVASEQ	3088286401.0	3088250164.0	514.0	35723.0	18675.0	0.7882826722568543	0.9858156028368794	0.9999939529228271	0.3433030626125961	0.6566969373874039	0.656696937387404	HG003	hg38	-1	-2	sent	gatk
I2-HG003-30x-8-D0-PF-ILMN-NOVASEQ-sent-gatk-Indel_gt50	Indel_gt50	I2-HG003-30x-8-D0-PF-ILMN-NOVASEQ	3088286401.0	3088285053.0	68.0	1280.0	1365.0	0.641121963436013	0.9495548961424333	0.9999995580073169	0.5160680529300568	0.48393194706994325	0.4839319470699433	HG003	hg38	-1	-2	sent	gatk
I2-HG003-30x-8-D0-PF-ILMN-NOVASEQ-sent-gatk-All	All	I2-HG003-30x-8-D0-PF-ILMN-NOVASEQ	3088286401.0	3084287667.0	35552.0	3963182.0	987624.0	0.8856727831821524	0.9911091860573872	0.9996798911257997	0.19948751779003257	0.8005124822099674	0.8005124822099674	HG003	hg38	-1	-2	sent	gatk
I2-HG003-3x-2-D0-PF-ILMN-NOVASEQ-sent-gatk-SNPts	SNPts	I2-HG003-3x-2-D0-PF-ILMN-NOVASEQ	688815815.0	688747830.0	39500.0	28485.0	134457.0	0.24670133851823306	0.4189894829741855	0.9998048186133722	0.825183194019958	0.174816805980042	0.17481680598004198	HG003	hg38_m_giabHC	-1	-2	sent	gatk
I2-HG003-3x-2-D0-PF-ILMN-NOVASEQ-sent-gatk-SNPtv	SNPtv	I2-HG003-3x-2-D0-PF-ILMN-NOVASEQ	688815815.0	688780651.0	19954.0	15210.0	91203.0	0.21486540892941652	0.4325446479353885	0.9998676052745218	0.8570663358800147	0.14293366411998532	0.14293366411998534	HG003	hg38_m_giabHC	-1	-2	sent	gatk
I2-HG003-3x-2-D0-PF-ILMN-NOVASEQ-sent-gatk-INS_50	INS_50	I2-HG003-3x-2-D0-PF-ILMN-NOVASEQ	688815815.0	688787594.0	17538.0	10683.0	37714.0	0.2788639745229581	0.3785478898692463	0.9999452488177162	0.7792631774696779	0.22073682253032212	0.22073682253032212	HG003	hg38_m_giabHC	-1	-2	sent	gatk
I2-HG003-3x-2-D0-PF-ILMN-NOVASEQ-sent-gatk-INS_gt50	INS_gt50	I2-HG003-3x-2-D0-PF-ILMN-NOVASEQ	688815815.0	688815579.0	220.0	16.0	435.0	0.046579330422125184	0.06779661016949153	0.9999993684815812	0.9645232815964523	0.03547671840354771	0.03547671840354767	HG003	hg38_m_giabHC	-1	-2	sent	gatk
I2-HG003-3x-2-D0-PF-ILMN-NOVASEQ-sent-gatk-DEL_50	DEL_50	I2-HG003-3x-2-D0-PF-ILMN-NOVASEQ	688815815.0	688787315.0	17078.0	11422.0	43276.0	0.2745739080266353	0.4007719298245614	0.9999371746833468	0.7911806647409412	0.20881933525905882	0.20881933525905882	HG003	hg38_m_giabHC	-1	-2	sent	gatk
I2-HG003-3x-2-D0-PF-ILMN-NOVASEQ-sent-gatk-DEL_gt50	DEL_gt50	I2-HG003-3x-2-D0-PF-ILMN-NOVASEQ	688815815.0	688815677.0	124.0	14.0	355.0	0.05522682445759369	0.10144927536231885	0.9999994846229131	0.962059620596206	0.03794037940379402	0.037940379403794036	HG003	hg38_m_giabHC	-1	-2	sent	gatk
I2-HG003-3x-2-D0-PF-ILMN-NOVASEQ-sent-gatk-Indel_50	Indel_50	I2-HG003-3x-2-D0-PF-ILMN-NOVASEQ	688815815.0	688808887.0	6883.0	45.0	113.0	0.012701100762066047	0.0064953810623556586	0.9999998359487173	0.7151898734177216	0.28481012658227844	0.2848101265822785	HG003	hg38_m_giabHC	-1	-2	sent	gatk
I2-HG003-3x-2-D0-PF-ILMN-NOVASEQ-sent-gatk-Indel_gt50	Indel_gt50	I2-HG003-3x-2-D0-PF-ILMN-NOVASEQ	688815815.0	688814933.0	875.0	7.0	10.0	0.01557285873192436	0.007936507936507936	0.9999999854823126	0.5882352941176471	0.4117647058823529	0.4117647058823529	HG003	hg38_m_giabHC	-1	-2	sent	gatk
I2-HG003-3x-2-D0-PF-ILMN-NOVASEQ-sent-gatk-All	All	I2-HG003-3x-2-D0-PF-ILMN-NOVASEQ	688815815.0	688647761.0	102172.0	65882.0	307563.0	0.2433319359777211	0.39202875266283455	0.9995535806324649	0.8235831246903828	0.17641687530961725	0.17641687530961722	HG003	hg38_m_giabHC	-1	-2	sent	gatk
I2-HG003-3x-2-D0-PF-ILMN-NOVASEQ-sent-gatk-SNPts	SNPts	I2-HG003-3x-2-D0-PF-ILMN-NOVASEQ	2799325643.0	2797071389.0	977859.0	1276395.0	91776.0	0.7047185241930475	0.566216140683348	0.9999671896151257	0.06707933438144793	0.932920665618552	0.932920665618552	HG003	ultima	-1	-2	sent	gatk
I2-HG003-3x-2-D0-PF-ILMN-NOVASEQ-sent-gatk-SNPtv	SNPtv	I2-HG003-3x-2-D0-PF-ILMN-NOVASEQ	2799325643.0	2798266678.0	459410.0	599555.0	53777.0	0.7002932318400371	0.5661707421869467	0.999980782401135	0.0823119026773524	0.9176880973226476	0.9176880973226476	HG003	ultima	-1	-2	sent	gatk
I2-HG003-3x-2-D0-PF-ILMN-NOVASEQ-sent-gatk-INS_50	INS_50	I2-HG003-3x-2-D0-PF-ILMN-NOVASEQ	2799325643.0	2799159097.0	83188.0	83358.0	13003.0	0.6341253751326515	0.5005103695075235	0.9999953546979122	0.13494048422079472	0.8650595157792053	0.8650595157792053	HG003	ultima	-1	-2	sent	gatk
I2-HG003-3x-2-D0-PF-ILMN-NOVASEQ-sent-gatk-INS_gt50	INS_gt50	I2-HG003-3x-2-D0-PF-ILMN-NOVASEQ	2799325643.0	2799325547.0	91.0	5.0	90.0	0.05235602094240837	0.052083333333333336	0.9999999678493996	0.9473684210526315	0.052631578947368474	0.05263157894736842	HG003	ultima	-1	-2	sent	gatk
I2-HG003-3x-2-D0-PF-ILMN-NOVASEQ-sent-gatk-DEL_50	DEL_50	I2-HG003-3x-2-D0-PF-ILMN-NOVASEQ	2799325643.0	2799144802.0	93253.0	87588.0	15983.0	0.6159233787603898	0.4843370695804602	0.9999942900743374	0.15431925925210724	0.8456807407478928	0.8456807407478928	HG003	ultima	-1	-2	sent	gatk
I2-HG003-3x-2-D0-PF-ILMN-NOVASEQ-sent-gatk-DEL_gt50	DEL_gt50	I2-HG003-3x-2-D0-PF-ILMN-NOVASEQ	2799325643.0	2799325554.0	77.0	12.0	151.0	0.09523809523809523	0.1348314606741573	0.9999999460584383	0.9263803680981595	0.07361963190184051	0.0736196319018405	HG003	ultima	-1	-2	sent	gatk
I2-HG003-3x-2-D0-PF-ILMN-NOVASEQ-sent-gatk-Indel_50	Indel_50	I2-HG003-3x-2-D0-PF-ILMN-NOVASEQ	2799325643.0	2799314663.0	10851.0	129.0	27.0	0.02316810344827586	0.011748633879781421	0.9999999903547822	0.17307692307692307	0.8269230769230769	0.8269230769230769	HG003	ultima	-1	-2	sent	gatk
I2-HG003-3x-2-D0-PF-ILMN-NOVASEQ-sent-gatk-Indel_gt50	Indel_gt50	I2-HG003-3x-2-D0-PF-ILMN-NOVASEQ	2799325643.0	2799325006.0	628.0	9.0	5.0	0.027649769585253458	0.0141287284144427	0.9999999982138551	0.35714285714285715	0.6428571428571428	0.6428571428571429	HG003	ultima	-1	-2	sent	gatk
I2-HG003-3x-2-D0-PF-ILMN-NOVASEQ-sent-gatk-All	All	I2-HG003-3x-2-D0-PF-ILMN-NOVASEQ	2799325643.0	2795653235.0	1625357.0	2047051.0	174812.0	0.6945900519334791	0.5574138276574934	0.9999374739801371	0.07867811831782608	0.9213218816821739	0.9213218816821739	HG003	ultima	-1	-2	sent	gatk
I2-HG003-3x-2-D0-PF-ILMN-NOVASEQ-sent-gatk-SNPts	SNPts	I2-HG003-3x-2-D0-PF-ILMN-NOVASEQ	332544085.0	332287225.0	106613.0	150247.0	779.0	0.7367107476108521	0.5849373199408238	0.9999976556481407	0.0051580522559029575	0.9948419477440971	0.9948419477440971	HG003	giabHC_x_ultima_x_clinvar	-1	-2	sent	gatk
I2-HG003-3x-2-D0-PF-ILMN-NOVASEQ-sent-gatk-SNPtv	SNPtv	I2-HG003-3x-2-D0-PF-ILMN-NOVASEQ	332544085.0	332429450.0	47571.0	67064.0	443.0	0.736392484984243	0.5850220264317181	0.9999986673881942	0.006562282429970225	0.9934377175700297	0.9934377175700297	HG003	giabHC_x_ultima_x_clinvar	-1	-2	sent	gatk
I2-HG003-3x-2-D0-PF-ILMN-NOVASEQ-sent-gatk-INS_50	INS_50	I2-HG003-3x-2-D0-PF-ILMN-NOVASEQ	332544085.0	332526409.0	8221.0	9455.0	43.0	0.6958857731655258	0.5349060873500792	0.9999998706869793	0.004527268898715519	0.9954727311012845	0.9954727311012845	HG003	giabHC_x_ultima_x_clinvar	-1	-2	sent	gatk
I2-HG003-3x-2-D0-PF-ILMN-NOVASEQ-sent-gatk-INS_gt50	INS_gt50	I2-HG003-3x-2-D0-PF-ILMN-NOVASEQ	332544085.0	332544085.0	0.0	0.0	0.0			1.0				HG003	giabHC_x_ultima_x_clinvar	-1	-2	sent	gatk
I2-HG003-3x-2-D0-PF-ILMN-NOVASEQ-sent-gatk-DEL_50	DEL_50	I2-HG003-3x-2-D0-PF-ILMN-NOVASEQ	332544085.0	332524896.0	9382.0	9807.0	46.0	0.6753667102816611	0.5110740528427745	0.9999998616645124	0.004668628844006902	0.9953313711559931	0.9953313711559931	HG003	giabHC_x_ultima_x_clinvar	-1	-2	sent	gatk
I2-HG003-3x-2-D0-PF-ILMN-NOVASEQ-sent-gatk-DEL_gt50	DEL_gt50	I2-HG003-3x-2-D0-PF-ILMN-NOVASEQ	332544085.0	332544085.0	0.0	0.0	0.0			1.0				HG003	giabHC_x_ultima_x_clinvar	-1	-2	sent	gatk
I2-HG003-3x-2-D0-PF-ILMN-NOVASEQ-sent-gatk-Indel_50	Indel_50	I2-HG003-3x-2-D0-PF-ILMN-NOVASEQ	332544085.0	332543277.0	798.0	10.0	0.0	0.02444987775061125	0.012376237623762377	1.0	0.0	1.0	1.0	HG003	giabHC_x_ultima_x_clinvar	-1	-2	sent	gatk
I2-HG003-3x-2-D0-PF-ILMN-NOVASEQ-sent-gatk-Indel_gt50	Indel_gt50	I2-HG003-3x-2-D0-PF-ILMN-NOVASEQ	332544085.0	332544061.0	23.0	1.0	0.0	0.07999999999999999	0.041666666666666664	1.0	0.0	1.0	1.0	HG003	giabHC_x_ultima_x_clinvar	-1	-2	sent	gatk
I2-HG003-3x-2-D0-PF-ILMN-NOVASEQ-sent-gatk-All	All	I2-HG003-3x-2-D0-PF-ILMN-NOVASEQ	332544085.0	332134893.0	172608.0	236584.0	1311.0	0.7312277947169391	0.5781735713308178	0.99999605282416	0.005510834611908615	0.9944891653880914	0.9944891653880914	HG003	giabHC_x_ultima_x_clinvar	-1	-2	sent	gatk
I2-HG003-3x-2-D0-PF-ILMN-NOVASEQ-sent-gatk-SNPts	SNPts	I2-HG003-3x-2-D0-PF-ILMN-NOVASEQ	2505355380.0	2503152202.0	950558.0	1252620.0	3739.0	0.7241547062511544	0.5685514288904483	0.9999985062856298	0.0029760601866186337	0.9970239398133813	0.9970239398133813	HG003	giabHC_x_ultima	-1	-2	sent	gatk
I2-HG003-3x-2-D0-PF-ILMN-NOVASEQ-sent-gatk-SNPtv	SNPtv	I2-HG003-3x-2-D0-PF-ILMN-NOVASEQ	2505355380.0	2504320697.0	446648.0	588035.0	2139.0	0.7237990789343309	0.5683238247849824	0.9999991458768936	0.0036243548512811478	0.9963756451487189	0.9963756451487189	HG003	giabHC_x_ultima	-1	-2	sent	gatk
I2-HG003-3x-2-D0-PF-ILMN-NOVASEQ-sent-gatk-INS_50	INS_50	I2-HG003-3x-2-D0-PF-ILMN-NOVASEQ	2505355380.0	2505199542.0	77361.0	78477.0	225.0	0.6691992837042722	0.5035806414353367	0.9999999101868031	0.002858885415872532	0.9971411145841275	0.9971411145841275	HG003	giabHC_x_ultima	-1	-2	sent	gatk
I2-HG003-3x-2-D0-PF-ILMN-NOVASEQ-sent-gatk-INS_gt50	INS_gt50	I2-HG003-3x-2-D0-PF-ILMN-NOVASEQ	2505355380.0	2505355380.0	0.0	0.0	0.0			1.0				HG003	giabHC_x_ultima	-1	-2	sent	gatk
I2-HG003-3x-2-D0-PF-ILMN-NOVASEQ-sent-gatk-DEL_50	DEL_50	I2-HG003-3x-2-D0-PF-ILMN-NOVASEQ	2505355380.0	2505187159.0	86303.0	81918.0	295.0	0.65420829440092	0.48696654995511857	0.9999998822443408	0.003588240302628538	0.9964117596973715	0.9964117596973715	HG003	giabHC_x_ultima	-1	-2	sent	gatk
I2-HG003-3x-2-D0-PF-ILMN-NOVASEQ-sent-gatk-DEL_gt50	DEL_gt50	I2-HG003-3x-2-D0-PF-ILMN-NOVASEQ	2505355380.0	2505355380.0	0.0	0.0	1.0			0.9999999996008551	1.0	0.0	0.0	HG003	giabHC_x_ultima	-1	-2	sent	gatk
I2-HG003-3x-2-D0-PF-ILMN-NOVASEQ-sent-gatk-Indel_50	Indel_50	I2-HG003-3x-2-D0-PF-ILMN-NOVASEQ	2505355380.0	2505346706.0	8568.0	106.0	0.0	0.024145785876993165	0.012220428867881024	1.0	0.0	1.0	1.0	HG003	giabHC_x_ultima	-1	-2	sent	gatk
I2-HG003-3x-2-D0-PF-ILMN-NOVASEQ-sent-gatk-Indel_gt50	Indel_gt50	I2-HG003-3x-2-D0-PF-ILMN-NOVASEQ	2505355380.0	2505355147.0	229.0	4.0	0.0	0.03375527426160338	0.017167381974248927	1.0	0.0	1.0	1.0	HG003	giabHC_x_ultima	-1	-2	sent	gatk
I2-HG003-3x-2-D0-PF-ILMN-NOVASEQ-sent-gatk-All	All	I2-HG003-3x-2-D0-PF-ILMN-NOVASEQ	2505355380.0	2501784553.0	1569667.0	2001160.0	6399.0	0.717469174775643	0.5604191970095442	0.9999974422323357	0.003187453021305974	0.996812546978694	0.996812546978694	HG003	giabHC_x_ultima	-1	-2	sent	gatk
I2-HG003-3x-2-D0-PF-ILMN-NOVASEQ-sent-gatk-SNPts	SNPts	I2-HG003-3x-2-D0-PF-ILMN-NOVASEQ	337668665.0	337403059.0	112237.0	153369.0	1044.0	0.730295534249641	0.5774304797331385	0.9999969057874795	0.00676108876843271	0.9932389112315673	0.9932389112315673	HG003	giabHC_x_clinvar_genes	-1	-2	sent	gatk
I2-HG003-3x-2-D0-PF-ILMN-NOVASEQ-sent-gatk-SNPtv	SNPtv	I2-HG003-3x-2-D0-PF-ILMN-NOVASEQ	337668665.0	337548354.0	50932.0	69379.0	571.0	0.7293034305506646	0.5766638129514342	0.9999983083933685	0.008162973552537527	0.9918370264474625	0.9918370264474625	HG003	giabHC_x_clinvar_genes	-1	-2	sent	gatk
I2-HG003-3x-2-D0-PF-ILMN-NOVASEQ-sent-gatk-INS_50	INS_50	I2-HG003-3x-2-D0-PF-ILMN-NOVASEQ	337668665.0	337641893.0	14213.0	12559.0	56.0	0.6377231066087795	0.46910951740624535	0.9999998341438314	0.004439159730479588	0.9955608402695204	0.9955608402695204	HG003	giabHC_x_clinvar_genes	-1	-2	sent	gatk
I2-HG003-3x-2-D0-PF-ILMN-NOVASEQ-sent-gatk-INS_gt50	INS_gt50	I2-HG003-3x-2-D0-PF-ILMN-NOVASEQ	337668665.0	337668665.0	0.0	0.0	0.0			1.0				HG003	giabHC_x_clinvar_genes	-1	-2	sent	gatk
I2-HG003-3x-2-D0-PF-ILMN-NOVASEQ-sent-gatk-DEL_50	DEL_50	I2-HG003-3x-2-D0-PF-ILMN-NOVASEQ	337668665.0	337640202.0	15535.0	12928.0	70.0	0.6236221991751284	0.45420370305308644	0.9999997926787596	0.005385443914448377	0.9946145560855516	0.9946145560855516	HG003	giabHC_x_clinvar_genes	-1	-2	sent	gatk
I2-HG003-3x-2-D0-PF-ILMN-NOVASEQ-sent-gatk-DEL_gt50	DEL_gt50	I2-HG003-3x-2-D0-PF-ILMN-NOVASEQ	337668665.0	337668665.0	0.0	0.0	0.0			1.0				HG003	giabHC_x_clinvar_genes	-1	-2	sent	gatk
I2-HG003-3x-2-D0-PF-ILMN-NOVASEQ-sent-gatk-Indel_50	Indel_50	I2-HG003-3x-2-D0-PF-ILMN-NOVASEQ	337668665.0	337666500.0	2150.0	15.0	0.0	0.013761467889908258	0.006928406466512702	1.0	0.0	1.0	1.0	HG003	giabHC_x_clinvar_genes	-1	-2	sent	gatk
I2-HG003-3x-2-D0-PF-ILMN-NOVASEQ-sent-gatk-Indel_gt50	Indel_gt50	I2-HG003-3x-2-D0-PF-ILMN-NOVASEQ	337668665.0	337668628.0	36.0	1.0	0.0	0.052631578947368425	0.02702702702702703	1.0	0.0	1.0	1.0	HG003	giabHC_x_clinvar_genes	-1	-2	sent	gatk
I2-HG003-3x-2-D0-PF-ILMN-NOVASEQ-sent-gatk-All	All	I2-HG003-3x-2-D0-PF-ILMN-NOVASEQ	337668665.0	337225311.0	195103.0	248251.0	1741.0	0.7160955713309085	0.5599385592551325	0.9999948373062313	0.006964222855131364	0.9930357771448687	0.9930357771448687	HG003	giabHC_x_clinvar_genes	-1	-2	sent	gatk
I2-HG003-3x-2-D0-PF-ILMN-NOVASEQ-sent-gatk-SNPts	SNPts	I2-HG003-3x-2-D0-PF-ILMN-NOVASEQ	3088286401.0	3085963370.0	1025419.0	1297612.0	139108.0	0.6902648606250786	0.5585857442281227	0.9999549243743552	0.09682331978395234	0.9031766802160477	0.9031766802160477	HG003	hg38	-1	-2	sent	gatk
I2-HG003-3x-2-D0-PF-ILMN-NOVASEQ-sent-gatk-SNPtv	SNPtv	I2-HG003-3x-2-D0-PF-ILMN-NOVASEQ	3088286401.0	3087178967.0	490363.0	617071.0	93877.0	0.6787033747584391	0.5572079239033658	0.9999695922567445	0.13204481903036508	0.8679551809696349	0.8679551809696349	HG003	hg38	-1	-2	sent	gatk
I2-HG003-3x-2-D0-PF-ILMN-NOVASEQ-sent-gatk-INS_50	INS_50	I2-HG003-3x-2-D0-PF-ILMN-NOVASEQ	3088286401.0	3088024222.0	147656.0	114523.0	38059.0	0.5522361070592462	0.4368122542232597	0.999987675442871	0.24943309171461903	0.750566908285381	0.750566908285381	HG003	hg38	-1	-2	sent	gatk
I2-HG003-3x-2-D0-PF-ILMN-NOVASEQ-sent-gatk-INS_gt50	INS_gt50	I2-HG003-3x-2-D0-PF-ILMN-NOVASEQ	3088286401.0	3088286164.0	221.0	16.0	437.0	0.04637681159420289	0.06751054852320675	0.999999858497589	0.9646799116997793	0.03532008830022071	0.03532008830022075	HG003	hg38	-1	-2	sent	gatk
I2-HG003-3x-2-D0-PF-ILMN-NOVASEQ-sent-gatk-DEL_50	DEL_50	I2-HG003-3x-2-D0-PF-ILMN-NOVASEQ	3088286401.0	3088009791.0	157318.0	119292.0	43691.0	0.542738396653268	0.43126423484328114	0.999985851605144	0.26807090310032333	0.7319290968996767	0.7319290968996767	HG003	hg38	-1	-2	sent	gatk
I2-HG003-3x-2-D0-PF-ILMN-NOVASEQ-sent-gatk-DEL_gt50	DEL_gt50	I2-HG003-3x-2-D0-PF-ILMN-NOVASEQ	3088286401.0	3088286263.0	124.0	14.0	356.0	0.05511811023622047	0.10144927536231885	0.9999998847257253	0.9621621621621622	0.037837837837837784	0.03783783783783784	HG003	hg38	-1	-2	sent	gatk
I2-HG003-3x-2-D0-PF-ILMN-NOVASEQ-sent-gatk-Indel_50	Indel_50	I2-HG003-3x-2-D0-PF-ILMN-NOVASEQ	3088286401.0	3088257741.0	28478.0	182.0	113.0	0.012571231220859956	0.006350314026517795	0.9999999634097911	0.38305084745762713	0.6169491525423729	0.6169491525423729	HG003	hg38	-1	-2	sent	gatk
I2-HG003-3x-2-D0-PF-ILMN-NOVASEQ-sent-gatk-Indel_gt50	Indel_gt50	I2-HG003-3x-2-D0-PF-ILMN-NOVASEQ	3088286401.0	3088285218.0	1171.0	12.0	10.0	0.019917012448132782	0.01014370245139476	0.9999999967619572	0.45454545454545453	0.5454545454545454	0.5454545454545454	HG003	hg38	-1	-2	sent	gatk
I2-HG003-3x-2-D0-PF-ILMN-NOVASEQ-sent-gatk-All	All	I2-HG003-3x-2-D0-PF-ILMN-NOVASEQ	3088286401.0	3084286929.0	1850750.0	2148722.0	315651.0	0.6648432937361587	0.5372514171870687	0.9998976688270811	0.12808572403609356	0.8719142759639065	0.8719142759639065	HG003	hg38	-1	-2	sent	gatk
I2-HG003-3x-2-D0-PF-ILMN-NOVASEQ-sent-gatk-SNPts	SNPts	I2-HG003-3x-2-D0-PF-ILMN-NOVASEQ	2528531102.0	2526276042.0	985919.0	1269141.0	4651.0	0.719293980025232	0.562796998749479	0.9999981589535902	0.003651302567452143	0.9963486974325478	0.9963486974325478	HG003	giabHC	-1	-2	sent	gatk
I2-HG003-3x-2-D0-PF-ILMN-NOVASEQ-sent-gatk-SNPtv	SNPtv	I2-HG003-3x-2-D0-PF-ILMN-NOVASEQ	2528531102.0	2527458827.0	470409.0	601866.0	2674.0	0.717868101132206	0.5612981744421907	0.9999989420214713	0.004423197803288451	0.9955768021967115	0.9955768021967115	HG003	giabHC	-1	-2	sent	gatk
I2-HG003-3x-2-D0-PF-ILMN-NOVASEQ-sent-gatk-INS_50	INS_50	I2-HG003-3x-2-D0-PF-ILMN-NOVASEQ	2528531102.0	2528297222.0	130079.0	103801.0	344.0	0.6141616744323644	0.44382161792372155	0.999999863940066	0.0033030870421047577	0.9966969129578952	0.9966969129578952	HG003	giabHC	-1	-2	sent	gatk
I2-HG003-3x-2-D0-PF-ILMN-NOVASEQ-sent-gatk-INS_gt50	INS_gt50	I2-HG003-3x-2-D0-PF-ILMN-NOVASEQ	2528531102.0	2528531101.0	1.0	0.0	2.0		0.0	0.9999999992090269	1.0	0.0	0.0	HG003	giabHC	-1	-2	sent	gatk
I2-HG003-3x-2-D0-PF-ILMN-NOVASEQ-sent-gatk-DEL_50	DEL_50	I2-HG003-3x-2-D0-PF-ILMN-NOVASEQ	2528531102.0	2528282799.0	140341.0	107962.0	416.0	0.6053700645674988	0.4347994184524553	0.9999998354614714	0.00383841739098341	0.9961615826090165	0.9961615826090165	HG003	giabHC	-1	-2	sent	gatk
I2-HG003-3x-2-D0-PF-ILMN-NOVASEQ-sent-gatk-DEL_gt50	DEL_gt50	I2-HG003-3x-2-D0-PF-ILMN-NOVASEQ	2528531102.0	2528531102.0	0.0	0.0	1.0			0.9999999996045135	1.0	0.0	0.0	HG003	giabHC	-1	-2	sent	gatk
I2-HG003-3x-2-D0-PF-ILMN-NOVASEQ-sent-gatk-Indel_50	Indel_50	I2-HG003-3x-2-D0-PF-ILMN-NOVASEQ	2528531102.0	2528509369.0	21596.0	137.0	0.0	0.012528577960676725	0.006303777665301615	1.0	0.0	1.0	1.0	HG003	giabHC	-1	-2	sent	gatk
I2-HG003-3x-2-D0-PF-ILMN-NOVASEQ-sent-gatk-Indel_gt50	Indel_gt50	I2-HG003-3x-2-D0-PF-ILMN-NOVASEQ	2528531102.0	2528530799.0	298.0	5.0	0.0	0.032467532467532464	0.0165016501650165	1.0	0.0	1.0	1.0	HG003	giabHC	-1	-2	sent	gatk
I2-HG003-3x-2-D0-PF-ILMN-NOVASEQ-sent-gatk-All	All	I2-HG003-3x-2-D0-PF-ILMN-NOVASEQ	2528531102.0	2524699547.0	1748643.0	2082912.0	8088.0	0.7033829149750404	0.5436205404855209	0.9999967964607513	0.003868005738880918	0.9961319942611191	0.9961319942611191	HG003	giabHC	-1	-2	sent	gatk
I2-HG003-3x-2-D0-PF-ILMN-NOVASEQ-sent-gatk-SNPts	SNPts	I2-HG003-3x-2-D0-PF-ILMN-NOVASEQ	377862616.0	377589334.0	116701.0	156581.0	16836.0	0.7010582069805394	0.572964922680601	0.9999554138641326	0.09708390757538188	0.9029160924246181	0.9029160924246181	HG003	clinvar_genes	-1	-2	sent	gatk
I2-HG003-3x-2-D0-PF-ILMN-NOVASEQ-sent-gatk-SNPtv	SNPtv	I2-HG003-3x-2-D0-PF-ILMN-NOVASEQ	377862616.0	377738233.0	53184.0	71199.0	10107.0	0.6922975949127079	0.5724174525457659	0.9999732440915557	0.12430816913880895	0.8756918308611911	0.8756918308611911	HG003	clinvar_genes	-1	-2	sent	gatk
I2-HG003-3x-2-D0-PF-ILMN-NOVASEQ-sent-gatk-INS_50	INS_50	I2-HG003-3x-2-D0-PF-ILMN-NOVASEQ	377862616.0	377832895.0	16000.0	13721.0	4354.0	0.5741484643066366	0.4616601056492043	0.9999884765199526	0.24088520055325036	0.7591147994467496	0.7591147994467496	HG003	clinvar_genes	-1	-2	sent	gatk
I2-HG003-3x-2-D0-PF-ILMN-NOVASEQ-sent-gatk-INS_gt50	INS_gt50	I2-HG003-3x-2-D0-PF-ILMN-NOVASEQ	377862616.0	377862586.0	29.0	1.0	60.0	0.02197802197802198	0.03333333333333333	0.9999998412121425	0.9836065573770492	0.016393442622950838	0.01639344262295082	HG003	clinvar_genes	-1	-2	sent	gatk
I2-HG003-3x-2-D0-PF-ILMN-NOVASEQ-sent-gatk-DEL_50	DEL_50	I2-HG003-3x-2-D0-PF-ILMN-NOVASEQ	377862616.0	377831158.0	17299.0	14159.0	4947.0	0.5600427181393878	0.45009218640727316	0.9999869070214982	0.2589238982518581	0.741076101748142	0.741076101748142	HG003	clinvar_genes	-1	-2	sent	gatk
I2-HG003-3x-2-D0-PF-ILMN-NOVASEQ-sent-gatk-DEL_gt50	DEL_gt50	I2-HG003-3x-2-D0-PF-ILMN-NOVASEQ	377862616.0	377862598.0	17.0	1.0	45.0	0.03125	0.05555555555555555	0.9999998809091059	0.9782608695652174	0.021739130434782594	0.021739130434782608	HG003	clinvar_genes	-1	-2	sent	gatk
I2-HG003-3x-2-D0-PF-ILMN-NOVASEQ-sent-gatk-Indel_50	Indel_50	I2-HG003-3x-2-D0-PF-ILMN-NOVASEQ	377862616.0	377859784.0	2814.0	18.0	12.0	0.012578616352201259	0.006355932203389831	0.999999968242189	0.4	0.6	0.6	HG003	clinvar_genes	-1	-2	sent	gatk
I2-HG003-3x-2-D0-PF-ILMN-NOVASEQ-sent-gatk-Indel_gt50	Indel_gt50	I2-HG003-3x-2-D0-PF-ILMN-NOVASEQ	377862616.0	377862482.0	133.0	1.0	0.0	0.014814814814814815	0.007462686567164179	1.0	0.0	1.0	1.0	HG003	clinvar_genes	-1	-2	sent	gatk
I2-HG003-3x-2-D0-PF-ILMN-NOVASEQ-sent-gatk-All	All	I2-HG003-3x-2-D0-PF-ILMN-NOVASEQ	377862616.0	377400758.0	206177.0	255681.0	36361.0	0.6782888977317947	0.5535922296463415	0.9999036634232046	0.12450606419624574	0.8754939358037542	0.8754939358037542	HG003	clinvar_genes	-1	-2	sent	gatk
I2-HG003-40x-9-D0-PF-ILMN-NOVASEQ-sent-gatk-SNPts	SNPts	I2-HG003-40x-9-D0-PF-ILMN-NOVASEQ	377862616.0	377589430.0	2358.0	270828.0	45340.0	0.9190673177750553	0.9913685181524675	0.9998799369030559	0.14340477214645378	0.8565952278535462	0.8565952278535462	HG003	clinvar_genes	-1	-2	sent	gatk
I2-HG003-40x-9-D0-PF-ILMN-NOVASEQ-sent-gatk-SNPtv	SNPtv	I2-HG003-40x-9-D0-PF-ILMN-NOVASEQ	377862616.0	377738334.0	1149.0	123133.0	27796.0	0.8948261515709764	0.9907548961233325	0.9999264200842992	0.18416606483843398	0.815833935161566	0.815833935161566	HG003	clinvar_genes	-1	-2	sent	gatk
I2-HG003-40x-9-D0-PF-ILMN-NOVASEQ-sent-gatk-INS_50	INS_50	I2-HG003-40x-9-D0-PF-ILMN-NOVASEQ	377862616.0	377833335.0	349.0	28932.0	18454.0	0.7547445445889365	0.9880810081622895	0.9999511607446696	0.3894399189634069	0.6105600810365931	0.6105600810365931	HG003	clinvar_genes	-1	-2	sent	gatk
I2-HG003-40x-9-D0-PF-ILMN-NOVASEQ-sent-gatk-INS_gt50	INS_gt50	I2-HG003-40x-9-D0-PF-ILMN-NOVASEQ	377862616.0	377862586.0	18.0	12.0	313.0	0.0676056338028169	0.4	0.9999991716572312	0.963076923076923	0.03692307692307695	0.036923076923076927	HG003	clinvar_genes	-1	-2	sent	gatk
I2-HG003-40x-9-D0-PF-ILMN-NOVASEQ-sent-gatk-DEL_50	DEL_50	I2-HG003-40x-9-D0-PF-ILMN-NOVASEQ	377862616.0	377831671.0	242.0	30703.0	18704.0	0.7642124651533254	0.9921796736144773	0.9999504989243427	0.37856983828202484	0.6214301617179752	0.6214301617179752	HG003	clinvar_genes	-1	-2	sent	gatk
I2-HG003-40x-9-D0-PF-ILMN-NOVASEQ-sent-gatk-DEL_gt50	DEL_gt50	I2-HG003-40x-9-D0-PF-ILMN-NOVASEQ	377862616.0	377862599.0	8.0	9.0	318.0	0.05232558139534885	0.5294117647058824	0.9999991584249587	0.9724770642201835	0.02752293577981646	0.027522935779816515	HG003	clinvar_genes	-1	-2	sent	gatk
I2-HG003-40x-9-D0-PF-ILMN-NOVASEQ-sent-gatk-Indel_50	Indel_50	I2-HG003-40x-9-D0-PF-ILMN-NOVASEQ	377862616.0	377858739.0	33.0	3844.0	2592.0	0.7454668864539901	0.9914882641217436	0.9999931403406823	0.4027346177750155	0.5972653822249845	0.5972653822249845	HG003	clinvar_genes	-1	-2	sent	gatk
I2-HG003-40x-9-D0-PF-ILMN-NOVASEQ-sent-gatk-Indel_gt50	Indel_gt50	I2-HG003-40x-9-D0-PF-ILMN-NOVASEQ	377862616.0	377862459.0	8.0	149.0	177.0	0.6169772256728779	0.9490445859872612	0.9999995315758079	0.5429447852760736	0.4570552147239264	0.4570552147239264	HG003	clinvar_genes	-1	-2	sent	gatk
I2-HG003-40x-9-D0-PF-ILMN-NOVASEQ-sent-gatk-All	All	I2-HG003-40x-9-D0-PF-ILMN-NOVASEQ	377862616.0	377400841.0	4165.0	457610.0	113694.0	0.8859148235517322	0.9909804558497104	0.9996988354368925	0.19900788371865066	0.8009921162813494	0.8009921162813494	HG003	clinvar_genes	-1	-2	sent	gatk
I2-HG003-40x-9-D0-PF-ILMN-NOVASEQ-sent-gatk-SNPts	SNPts	I2-HG003-40x-9-D0-PF-ILMN-NOVASEQ	2528531102.0	2526276440.0	12620.0	2242042.0	23280.0	0.9920574940088283	0.9944027086986874	0.9999907849413846	0.01027668472738092	0.989723315272619	0.989723315272619	HG003	giabHC	-1	-2	sent	gatk
I2-HG003-40x-9-D0-PF-ILMN-NOVASEQ-sent-gatk-SNPtv	SNPtv	I2-HG003-40x-9-D0-PF-ILMN-NOVASEQ	2528531102.0	2527459529.0	6694.0	1064879.0	11622.0	0.9914732918884545	0.9937531087476075	0.9999954017279306	0.010796088438375812	0.9892039115616242	0.9892039115616242	HG003	giabHC	-1	-2	sent	gatk
I2-HG003-40x-9-D0-PF-ILMN-NOVASEQ-sent-gatk-INS_50	INS_50	I2-HG003-40x-9-D0-PF-ILMN-NOVASEQ	2528531102.0	2528301344.0	1213.0	228545.0	961.0	0.9952663391861762	0.9947205320380574	0.999999619903048	0.004187254363720338	0.9958127456362796	0.9958127456362796	HG003	giabHC	-1	-2	sent	gatk
I2-HG003-40x-9-D0-PF-ILMN-NOVASEQ-sent-gatk-INS_gt50	INS_gt50	I2-HG003-40x-9-D0-PF-ILMN-NOVASEQ	2528531102.0	2528531101.0	0.0	1.0	3.0	0.4	1.0	0.9999999988135404	0.75	0.25	0.25	HG003	giabHC	-1	-2	sent	gatk
I2-HG003-40x-9-D0-PF-ILMN-NOVASEQ-sent-gatk-DEL_50	DEL_50	I2-HG003-40x-9-D0-PF-ILMN-NOVASEQ	2528531102.0	2528287229.0	846.0	243027.0	1304.0	0.9955961032683058	0.9965309812894416	0.9999994842360819	0.005337022318084893	0.9946629776819151	0.9946629776819151	HG003	giabHC	-1	-2	sent	gatk
I2-HG003-40x-9-D0-PF-ILMN-NOVASEQ-sent-gatk-DEL_gt50	DEL_gt50	I2-HG003-40x-9-D0-PF-ILMN-NOVASEQ	2528531102.0	2528531102.0	0.0	0.0	5.0			0.9999999980225673	1.0	0.0	0.0	HG003	giabHC	-1	-2	sent	gatk
I2-HG003-40x-9-D0-PF-ILMN-NOVASEQ-sent-gatk-Indel_50	Indel_50	I2-HG003-40x-9-D0-PF-ILMN-NOVASEQ	2528531102.0	2528500605.0	105.0	30392.0	6.0	0.9981771902455047	0.9965570383972194	0.9999999976270522	0.00019738140667149154	0.9998026185933285	0.9998026185933285	HG003	giabHC	-1	-2	sent	gatk
I2-HG003-40x-9-D0-PF-ILMN-NOVASEQ-sent-gatk-Indel_gt50	Indel_gt50	I2-HG003-40x-9-D0-PF-ILMN-NOVASEQ	2528531102.0	2528530652.0	4.0	446.0	0.0	0.9955357142857144	0.9911111111111112	1.0	0.0	1.0	1.0	HG003	giabHC	-1	-2	sent	gatk
I2-HG003-40x-9-D0-PF-ILMN-NOVASEQ-sent-gatk-All	All	I2-HG003-40x-9-D0-PF-ILMN-NOVASEQ	2528531102.0	2524700288.0	21482.0	3809332.0	37181.0	0.9923589290908151	0.9943923145315852	0.9999852733203128	0.009666157374224394	0.9903338426257756	0.9903338426257756	HG003	giabHC	-1	-2	sent	gatk
I2-HG003-40x-9-D0-PF-ILMN-NOVASEQ-sent-gatk-SNPts	SNPts	I2-HG003-40x-9-D0-PF-ILMN-NOVASEQ	3088286401.0	3085964022.0	16734.0	2305645.0	383723.0	0.9200963256924183	0.9927944577521585	0.9998756708473238	0.14268147758134997	0.85731852241865	0.85731852241865	HG003	hg38	-1	-2	sent	gatk
I2-HG003-40x-9-D0-PF-ILMN-NOVASEQ-sent-gatk-SNPtv	SNPtv	I2-HG003-40x-9-D0-PF-ILMN-NOVASEQ	3088286401.0	3087179890.0	8817.0	1097694.0	281673.0	0.8831439032808529	0.9920317104845772	0.9999087687427836	0.20420453729863045	0.7957954627013696	0.7957954627013696	HG003	hg38	-1	-2	sent	gatk
I2-HG003-40x-9-D0-PF-ILMN-NOVASEQ-sent-gatk-INS_50	INS_50	I2-HG003-40x-9-D0-PF-ILMN-NOVASEQ	3088286401.0	3088029040.0	2665.0	254696.0	167919.0	0.7491323223172583	0.9896448956912663	0.9999456255536064	0.39733327023413745	0.6026667297658626	0.6026667297658626	HG003	hg38	-1	-2	sent	gatk
I2-HG003-40x-9-D0-PF-ILMN-NOVASEQ-sent-gatk-INS_gt50	INS_gt50	I2-HG003-40x-9-D0-PF-ILMN-NOVASEQ	3088286401.0	3088286169.0	150.0	82.0	2516.0	0.05795053003533569	0.35344827586206895	0.9999991853093229	0.968437259430331	0.03156274056966901	0.03156274056966898	HG003	hg38	-1	-2	sent	gatk
I2-HG003-40x-9-D0-PF-ILMN-NOVASEQ-sent-gatk-DEL_50	DEL_50	I2-HG003-40x-9-D0-PF-ILMN-NOVASEQ	3088286401.0	3088014869.0	1811.0	269721.0	174771.0	0.7533853613845346	0.9933304361916827	0.9999434066490813	0.393192678383413	0.606807321616587	0.606807321616587	HG003	hg38	-1	-2	sent	gatk
I2-HG003-40x-9-D0-PF-ILMN-NOVASEQ-sent-gatk-DEL_gt50	DEL_gt50	I2-HG003-40x-9-D0-PF-ILMN-NOVASEQ	3088286401.0	3088286264.0	55.0	82.0	2461.0	0.06119402985074627	0.5985401459854015	0.9999992031185491	0.9677546205269367	0.032245379473063274	0.03224537947306331	HG003	hg38	-1	-2	sent	gatk
I2-HG003-40x-9-D0-PF-ILMN-NOVASEQ-sent-gatk-Indel_50	Indel_50	I2-HG003-40x-9-D0-PF-ILMN-NOVASEQ	3088286401.0	3088247232.0	308.0	38861.0	23856.0	0.7628329701823607	0.9921366386683347	0.9999922752895325	0.38037533683052444	0.6196246631694755	0.6196246631694756	HG003	hg38	-1	-2	sent	gatk
I2-HG003-40x-9-D0-PF-ILMN-NOVASEQ-sent-gatk-Indel_gt50	Indel_gt50	I2-HG003-40x-9-D0-PF-ILMN-NOVASEQ	3088286401.0	3088284985.0	54.0	1362.0	1624.0	0.6188096319854611	0.961864406779661	0.9999994741420711	0.5438713998660415	0.4561286001339585	0.45612860013395845	HG003	hg38	-1	-2	sent	gatk
I2-HG003-40x-9-D0-PF-ILMN-NOVASEQ-sent-gatk-All	All	I2-HG003-40x-9-D0-PF-ILMN-NOVASEQ	3088286401.0	3084287664.0	30594.0	3968143.0	1038543.0	0.8812785362775297	0.9923490842233436	0.9996633928050642	0.20743122296864633	0.7925687770313536	0.7925687770313536	HG003	hg38	-1	-2	sent	gatk
I2-HG003-40x-9-D0-PF-ILMN-NOVASEQ-sent-gatk-SNPts	SNPts	I2-HG003-40x-9-D0-PF-ILMN-NOVASEQ	2505355380.0	2503152289.0	3167.0	2199924.0	18149.0	0.9951786452617456	0.9985624742691065	0.9999927495947841	0.008182327633040032	0.99181767236696	0.99181767236696	HG003	giabHC_x_ultima	-1	-2	sent	gatk
I2-HG003-40x-9-D0-PF-ILMN-NOVASEQ-sent-gatk-SNPtv	SNPtv	I2-HG003-40x-9-D0-PF-ILMN-NOVASEQ	2505355380.0	2504320974.0	1690.0	1032716.0	8663.0	0.9950124892510546	0.9983662121062716	0.999996540790848	0.008318777313542908	0.9916812226864571	0.9916812226864571	HG003	giabHC_x_ultima	-1	-2	sent	gatk
I2-HG003-40x-9-D0-PF-ILMN-NOVASEQ-sent-gatk-INS_50	INS_50	I2-HG003-40x-9-D0-PF-ILMN-NOVASEQ	2505355380.0	2505201417.0	322.0	153641.0	716.0	0.9966333679294239	0.9979085884270896	0.9999997141947188	0.0046385975368787935	0.9953614024631212	0.9953614024631212	HG003	giabHC_x_ultima	-1	-2	sent	gatk
I2-HG003-40x-9-D0-PF-ILMN-NOVASEQ-sent-gatk-INS_gt50	INS_gt50	I2-HG003-40x-9-D0-PF-ILMN-NOVASEQ	2505355380.0	2505355380.0	0.0	0.0	3.0			0.9999999988025651	1.0	0.0	0.0	HG003	giabHC_x_ultima	-1	-2	sent	gatk
I2-HG003-40x-9-D0-PF-ILMN-NOVASEQ-sent-gatk-DEL_50	DEL_50	I2-HG003-40x-9-D0-PF-ILMN-NOVASEQ	2505355380.0	2505189745.0	230.0	165405.0	886.0	0.9966378048119159	0.9986114045944395	0.9999996463342993	0.005328009333036665	0.9946719906669633	0.9946719906669633	HG003	giabHC_x_ultima	-1	-2	sent	gatk
I2-HG003-40x-9-D0-PF-ILMN-NOVASEQ-sent-gatk-DEL_gt50	DEL_gt50	I2-HG003-40x-9-D0-PF-ILMN-NOVASEQ	2505355380.0	2505355380.0	0.0	0.0	5.0			0.9999999980042752	1.0	0.0	0.0	HG003	giabHC_x_ultima	-1	-2	sent	gatk
I2-HG003-40x-9-D0-PF-ILMN-NOVASEQ-sent-gatk-Indel_50	Indel_50	I2-HG003-40x-9-D0-PF-ILMN-NOVASEQ	2505355380.0	2505341904.0	12.0	13464.0	1.0	0.9995174640881928	0.9991095280498664	0.9999999996008528	7.426661715558857e-05	0.9999257333828444	0.9999257333828444	HG003	giabHC_x_ultima	-1	-2	sent	gatk
I2-HG003-40x-9-D0-PF-ILMN-NOVASEQ-sent-gatk-Indel_gt50	Indel_gt50	I2-HG003-40x-9-D0-PF-ILMN-NOVASEQ	2505355380.0	2505355024.0	0.0	356.0	0.0	1.0	1.0	1.0	0.0	1.0	1.0	HG003	giabHC_x_ultima	-1	-2	sent	gatk
I2-HG003-40x-9-D0-PF-ILMN-NOVASEQ-sent-gatk-All	All	I2-HG003-40x-9-D0-PF-ILMN-NOVASEQ	2505355380.0	2501784453.0	5421.0	3565506.0	28423.0	0.9952763879692768	0.9984819067989908	0.9999886390384058	0.007908614777865672	0.9920913852221344	0.9920913852221344	HG003	giabHC_x_ultima	-1	-2	sent	gatk
I2-HG003-40x-9-D0-PF-ILMN-NOVASEQ-sent-gatk-SNPts	SNPts	I2-HG003-40x-9-D0-PF-ILMN-NOVASEQ	332544085.0	332287257.0	444.0	256384.0	3389.0	0.992580347308658	0.9982712165340227	0.9999898010971997	0.013046005551000297	0.9869539944489997	0.9869539944489997	HG003	giabHC_x_ultima_x_clinvar	-1	-2	sent	gatk
I2-HG003-40x-9-D0-PF-ILMN-NOVASEQ-sent-gatk-SNPtv	SNPtv	I2-HG003-40x-9-D0-PF-ILMN-NOVASEQ	332544085.0	332429486.0	240.0	114359.0	1854.0	0.9909276814030467	0.9979057408877914	0.9999944229085019	0.01595346475867588	0.9840465352413241	0.9840465352413241	HG003	giabHC_x_ultima_x_clinvar	-1	-2	sent	gatk
I2-HG003-40x-9-D0-PF-ILMN-NOVASEQ-sent-gatk-INS_50	INS_50	I2-HG003-40x-9-D0-PF-ILMN-NOVASEQ	332544085.0	332526549.0	56.0	17480.0	167.0	0.9936617116220902	0.9968065693430657	0.9999994977847133	0.009463364877882926	0.9905366351221171	0.9905366351221171	HG003	giabHC_x_ultima_x_clinvar	-1	-2	sent	gatk
I2-HG003-40x-9-D0-PF-ILMN-NOVASEQ-sent-gatk-INS_gt50	INS_gt50	I2-HG003-40x-9-D0-PF-ILMN-NOVASEQ	332544085.0	332544085.0	0.0	0.0	0.0			1.0				HG003	giabHC_x_ultima_x_clinvar	-1	-2	sent	gatk
I2-HG003-40x-9-D0-PF-ILMN-NOVASEQ-sent-gatk-DEL_50	DEL_50	I2-HG003-40x-9-D0-PF-ILMN-NOVASEQ	332544085.0	332525135.0	43.0	18907.0	193.0	0.9937976346911958	0.9977308707124011	0.9999994195930844	0.010104712041884817	0.9898952879581152	0.9898952879581152	HG003	giabHC_x_ultima_x_clinvar	-1	-2	sent	gatk
I2-HG003-40x-9-D0-PF-ILMN-NOVASEQ-sent-gatk-DEL_gt50	DEL_gt50	I2-HG003-40x-9-D0-PF-ILMN-NOVASEQ	332544085.0	332544085.0	0.0	0.0	1.0			0.9999999969928799	1.0	0.0	0.0	HG003	giabHC_x_ultima_x_clinvar	-1	-2	sent	gatk
I2-HG003-40x-9-D0-PF-ILMN-NOVASEQ-sent-gatk-Indel_50	Indel_50	I2-HG003-40x-9-D0-PF-ILMN-NOVASEQ	332544085.0	332542835.0	1.0	1249.0	1.0	0.9992	0.9992	0.9999999969928686	0.0008	0.9992	0.9992	HG003	giabHC_x_ultima_x_clinvar	-1	-2	sent	gatk
I2-HG003-40x-9-D0-PF-ILMN-NOVASEQ-sent-gatk-Indel_gt50	Indel_gt50	I2-HG003-40x-9-D0-PF-ILMN-NOVASEQ	332544085.0	332544057.0	0.0	28.0	0.0	1.0	1.0	1.0	0.0	1.0	1.0	HG003	giabHC_x_ultima_x_clinvar	-1	-2	sent	gatk
I2-HG003-40x-9-D0-PF-ILMN-NOVASEQ-sent-gatk-All	All	I2-HG003-40x-9-D0-PF-ILMN-NOVASEQ	332544085.0	332134894.0	784.0	408407.0	5605.0	0.9922388523851347	0.9980840243309359	0.9999831246113712	0.013538254929808797	0.9864617450701912	0.9864617450701912	HG003	giabHC_x_ultima_x_clinvar	-1	-2	sent	gatk
I2-HG003-40x-9-D0-PF-ILMN-NOVASEQ-sent-gatk-SNPts	SNPts	I2-HG003-40x-9-D0-PF-ILMN-NOVASEQ	2799325643.0	2797071490.0	4132.0	2250021.0	213394.0	0.953890224793792	0.9981669389788537	0.9999237138836946	0.08662527426357312	0.9133747257364269	0.9133747257364269	HG003	ultima	-1	-2	sent	gatk
I2-HG003-40x-9-D0-PF-ILMN-NOVASEQ-sent-gatk-SNPtv	SNPtv	I2-HG003-40x-9-D0-PF-ILMN-NOVASEQ	2799325643.0	2798266940.0	2186.0	1056517.0	128679.0	0.941679638878577	0.9979352094024481	0.9999540168662621	0.10857191553127078	0.8914280844687292	0.8914280844687292	HG003	ultima	-1	-2	sent	gatk
I2-HG003-40x-9-D0-PF-ILMN-NOVASEQ-sent-gatk-INS_50	INS_50	I2-HG003-40x-9-D0-PF-ILMN-NOVASEQ	2799325643.0	2799161237.0	532.0	163874.0	30381.0	0.9138099765516742	0.9967641083658747	0.9999891465093691	0.15639751872538674	0.8436024812746132	0.8436024812746132	HG003	ultima	-1	-2	sent	gatk
I2-HG003-40x-9-D0-PF-ILMN-NOVASEQ-sent-gatk-INS_gt50	INS_gt50	I2-HG003-40x-9-D0-PF-ILMN-NOVASEQ	2799325643.0	2799325549.0	59.0	35.0	513.0	0.10903426791277258	0.3723404255319149	0.9999998167416054	0.9361313868613139	0.06386861313868608	0.06386861313868614	HG003	ultima	-1	-2	sent	gatk
I2-HG003-40x-9-D0-PF-ILMN-NOVASEQ-sent-gatk-DEL_50	DEL_50	I2-HG003-40x-9-D0-PF-ILMN-NOVASEQ	2799325643.0	2799147978.0	474.0	177191.0	39963.0	0.8975809168251783	0.9973320575239918	0.9999857233594734	0.18403068789891044	0.8159693121010896	0.8159693121010896	HG003	ultima	-1	-2	sent	gatk
I2-HG003-40x-9-D0-PF-ILMN-NOVASEQ-sent-gatk-DEL_gt50	DEL_gt50	I2-HG003-40x-9-D0-PF-ILMN-NOVASEQ	2799325643.0	2799325555.0	33.0	55.0	1199.0	0.08196721311475409	0.625	0.9999995716827276	0.956140350877193	0.04385964912280704	0.043859649122807015	HG003	ultima	-1	-2	sent	gatk
I2-HG003-40x-9-D0-PF-ILMN-NOVASEQ-sent-gatk-Indel_50	Indel_50	I2-HG003-40x-9-D0-PF-ILMN-NOVASEQ	2799325643.0	2799308705.0	26.0	16912.0	2320.0	0.9351396184683438	0.9984649899633959	0.9999991712246409	0.12063227953410982	0.8793677204658902	0.8793677204658902	HG003	ultima	-1	-2	sent	gatk
I2-HG003-40x-9-D0-PF-ILMN-NOVASEQ-sent-gatk-Indel_gt50	Indel_gt50	I2-HG003-40x-9-D0-PF-ILMN-NOVASEQ	2799325643.0	2799324745.0	10.0	888.0	448.0	0.7949865711727843	0.9888641425389755	0.9999998399614303	0.33532934131736525	0.6646706586826348	0.6646706586826348	HG003	ultima	-1	-2	sent	gatk
I2-HG003-40x-9-D0-PF-ILMN-NOVASEQ-sent-gatk-All	All	I2-HG003-40x-9-D0-PF-ILMN-NOVASEQ	2799325643.0	2795652698.0	7452.0	3665493.0	416897.0	0.9452829568290732	0.9979711103760062	0.9998508989187016	0.10212081648250167	0.8978791835174983	0.8978791835174983	HG003	ultima	-1	-2	sent	gatk
I2-HG003-40x-9-D0-PF-ILMN-NOVASEQ-sent-gatk-SNPts	SNPts	I2-HG003-40x-9-D0-PF-ILMN-NOVASEQ	688815815.0	688748063.0	4114.0	63638.0	360443.0	0.2587788944621447	0.9392785452827961	0.9994769430403752	0.8499390446636373	0.15006095533636266	0.15006095533636263	HG003	hg38_m_giabHC	-1	-2	sent	gatk
I2-HG003-40x-9-D0-PF-ILMN-NOVASEQ-sent-gatk-SNPtv	SNPtv	I2-HG003-40x-9-D0-PF-ILMN-NOVASEQ	688815815.0	688780862.0	2123.0	32830.0	270051.0	0.19435580788197757	0.9392612937373044	0.9996080826613751	0.8916075950620871	0.10839240493791291	0.10839240493791291	HG003	hg38_m_giabHC	-1	-2	sent	gatk
I2-HG003-40x-9-D0-PF-ILMN-NOVASEQ-sent-gatk-INS_50	INS_50	I2-HG003-40x-9-D0-PF-ILMN-NOVASEQ	688815815.0	688788282.0	1448.0	26085.0	166956.0	0.23651926337646323	0.9474085642683325	0.9997576678559196	0.8648732652648919	0.13512673473510806	0.13512673473510808	HG003	hg38_m_giabHC	-1	-2	sent	gatk
I2-HG003-40x-9-D0-PF-ILMN-NOVASEQ-sent-gatk-INS_gt50	INS_gt50	I2-HG003-40x-9-D0-PF-ILMN-NOVASEQ	688815815.0	688815584.0	150.0	81.0	2513.0	0.05734513274336284	0.35064935064935066	0.9999963517218683	0.9687740940632228	0.03122590593677721	0.03122590593677718	HG003	hg38_m_giabHC	-1	-2	sent	gatk
I2-HG003-40x-9-D0-PF-ILMN-NOVASEQ-sent-gatk-DEL_50	DEL_50	I2-HG003-40x-9-D0-PF-ILMN-NOVASEQ	688815815.0	688787955.0	971.0	26889.0	173475.0	0.23563691811553567	0.9651471643933955	0.9997482079657203	0.8657992453734203	0.13420075462657965	0.13420075462657963	HG003	hg38_m_giabHC	-1	-2	sent	gatk
I2-HG003-40x-9-D0-PF-ILMN-NOVASEQ-sent-gatk-DEL_gt50	DEL_gt50	I2-HG003-40x-9-D0-PF-ILMN-NOVASEQ	688815815.0	688815678.0	55.0	82.0	2456.0	0.061308411214953264	0.5985401459854015	0.999996434472499	0.9676910953506698	0.03230890464933023	0.03230890464933018	HG003	hg38_m_giabHC	-1	-2	sent	gatk
I2-HG003-40x-9-D0-PF-ILMN-NOVASEQ-sent-gatk-Indel_50	Indel_50	I2-HG003-40x-9-D0-PF-ILMN-NOVASEQ	688815815.0	688807142.0	204.0	8469.0	23850.0	0.4132025761124121	0.9764787270840539	0.9999653761223334	0.7379560011138958	0.2620439988861042	0.26204399888610413	HG003	hg38_m_giabHC	-1	-2	sent	gatk
I2-HG003-40x-9-D0-PF-ILMN-NOVASEQ-sent-gatk-Indel_gt50	Indel_gt50	I2-HG003-40x-9-D0-PF-ILMN-NOVASEQ	688815815.0	688814848.0	51.0	916.0	1624.0	0.5223838038209295	0.9472595656670114	0.9999976423328042	0.6393700787401575	0.3606299212598425	0.3606299212598425	HG003	hg38_m_giabHC	-1	-2	sent	gatk
I2-HG003-40x-9-D0-PF-ILMN-NOVASEQ-sent-gatk-All	All	I2-HG003-40x-9-D0-PF-ILMN-NOVASEQ	688815815.0	688647709.0	9116.0	158990.0	1001368.0	0.23935913957773788	0.9457723103280073	0.9985480035667473	0.8629819417800368	0.13701805821996316	0.13701805821996316	HG003	hg38_m_giabHC	-1	-2	sent	gatk
I2-HG003-40x-9-D0-PF-ILMN-NOVASEQ-sent-gatk-SNPts	SNPts	I2-HG003-40x-9-D0-PF-ILMN-NOVASEQ	337668665.0	337403154.0	1756.0	263755.0	4695.0	0.9879185933055036	0.9933863380424917	0.9999860850895618	0.017489290370646303	0.9825107096293537	0.9825107096293537	HG003	giabHC_x_clinvar_genes	-1	-2	sent	gatk
I2-HG003-40x-9-D0-PF-ILMN-NOVASEQ-sent-gatk-SNPtv	SNPtv	I2-HG003-40x-9-D0-PF-ILMN-NOVASEQ	337668665.0	337548452.0	869.0	119344.0	2561.0	0.9858333539844208	0.9927711645163169	0.9999924129986243	0.02100816209343341	0.9789918379065666	0.9789918379065666	HG003	giabHC_x_clinvar_genes	-1	-2	sent	gatk
I2-HG003-40x-9-D0-PF-ILMN-NOVASEQ-sent-gatk-INS_50	INS_50	I2-HG003-40x-9-D0-PF-ILMN-NOVASEQ	337668665.0	337642261.0	192.0	26212.0	229.0	0.9920333049484341	0.9927283744887139	0.9999993217678261	0.008660791951892894	0.9913392080481072	0.9913392080481072	HG003	giabHC_x_clinvar_genes	-1	-2	sent	gatk
I2-HG003-40x-9-D0-PF-ILMN-NOVASEQ-sent-gatk-INS_gt50	INS_gt50	I2-HG003-40x-9-D0-PF-ILMN-NOVASEQ	337668665.0	337668665.0	0.0	0.0	0.0			1.0				HG003	giabHC_x_clinvar_genes	-1	-2	sent	gatk
I2-HG003-40x-9-D0-PF-ILMN-NOVASEQ-sent-gatk-DEL_50	DEL_50	I2-HG003-40x-9-D0-PF-ILMN-NOVASEQ	337668665.0	337640636.0	130.0	27899.0	280.0	0.9927056646740677	0.9953619465553534	0.9999991707166201	0.009936477518719613	0.9900635224812804	0.9900635224812804	HG003	giabHC_x_clinvar_genes	-1	-2	sent	gatk
I2-HG003-40x-9-D0-PF-ILMN-NOVASEQ-sent-gatk-DEL_gt50	DEL_gt50	I2-HG003-40x-9-D0-PF-ILMN-NOVASEQ	337668665.0	337668665.0	0.0	0.0	1.0			0.999999997038517	1.0	0.0	0.0	HG003	giabHC_x_clinvar_genes	-1	-2	sent	gatk
I2-HG003-40x-9-D0-PF-ILMN-NOVASEQ-sent-gatk-Indel_50	Indel_50	I2-HG003-40x-9-D0-PF-ILMN-NOVASEQ	337668665.0	337665631.0	6.0	3028.0	2.0	0.9986807387862796	0.998022412656559	0.9999999940769809	0.0006600660066006601	0.9993399339933994	0.9993399339933994	HG003	giabHC_x_clinvar_genes	-1	-2	sent	gatk
I2-HG003-40x-9-D0-PF-ILMN-NOVASEQ-sent-gatk-Indel_gt50	Indel_gt50	I2-HG003-40x-9-D0-PF-ILMN-NOVASEQ	337668665.0	337668622.0	0.0	43.0	0.0	1.0	1.0	1.0	0.0	1.0	1.0	HG003	giabHC_x_clinvar_genes	-1	-2	sent	gatk
I2-HG003-40x-9-D0-PF-ILMN-NOVASEQ-sent-gatk-All	All	I2-HG003-40x-9-D0-PF-ILMN-NOVASEQ	337668665.0	337225431.0	2953.0	440281.0	7768.0	0.9879712728729259	0.993337604967128	0.9999769654944323	0.017337389437316008	0.982662610562684	0.982662610562684	HG003	giabHC_x_clinvar_genes	-1	-2	sent	gatk
I2-HG003-5x-3-D0-PF-ILMN-NOVASEQ-sent-gatk-SNPts	SNPts	I2-HG003-5x-3-D0-PF-ILMN-NOVASEQ	2799325643.0	2797071243.0	547146.0	1707254.0	131702.0	0.8341585730632761	0.7572986160397445	0.9999529165374877	0.07161780923524	0.92838219076476	0.92838219076476	HG003	ultima	-1	-2	sent	gatk
I2-HG003-5x-3-D0-PF-ILMN-NOVASEQ-sent-gatk-SNPtv	SNPtv	I2-HG003-5x-3-D0-PF-ILMN-NOVASEQ	2799325643.0	2798266512.0	257483.0	801648.0	77162.0	0.8273193043544669	0.7568922069130258	0.9999724258314956	0.0878028242737338	0.9121971757262662	0.9121971757262662	HG003	ultima	-1	-2	sent	gatk
I2-HG003-5x-3-D0-PF-ILMN-NOVASEQ-sent-gatk-INS_50	INS_50	I2-HG003-5x-3-D0-PF-ILMN-NOVASEQ	2799325643.0	2799157394.0	49105.0	119144.0	19006.0	0.7777048880707835	0.7081409101985747	0.99999321014567	0.13757509952949692	0.8624249004705031	0.8624249004705031	HG003	ultima	-1	-2	sent	gatk
I2-HG003-5x-3-D0-PF-ILMN-NOVASEQ-sent-gatk-INS_gt50	INS_gt50	I2-HG003-5x-3-D0-PF-ILMN-NOVASEQ	2799325643.0	2799325547.0	85.0	11.0	145.0	0.08730158730158728	0.11458333333333333	0.9999999482018115	0.9294871794871795	0.07051282051282048	0.07051282051282051	HG003	ultima	-1	-2	sent	gatk
I2-HG003-5x-3-D0-PF-ILMN-NOVASEQ-sent-gatk-DEL_50	DEL_50	I2-HG003-5x-3-D0-PF-ILMN-NOVASEQ	2799325643.0	2799142453.0	54260.0	128930.0	23705.0	0.7678403930618626	0.703804792838037	0.9999915314066182	0.15530513971238577	0.8446948602876142	0.8446948602876142	HG003	ultima	-1	-2	sent	gatk
I2-HG003-5x-3-D0-PF-ILMN-NOVASEQ-sent-gatk-DEL_gt50	DEL_gt50	I2-HG003-5x-3-D0-PF-ILMN-NOVASEQ	2799325643.0	2799325555.0	65.0	23.0	268.0	0.12137203166226912	0.26136363636363635	0.9999999042626629	0.9209621993127147	0.07903780068728528	0.07903780068728522	HG003	ultima	-1	-2	sent	gatk
I2-HG003-5x-3-D0-PF-ILMN-NOVASEQ-sent-gatk-Indel_50	Indel_50	I2-HG003-5x-3-D0-PF-ILMN-NOVASEQ	2799325643.0	2799318298.0	6518.0	827.0	144.0	0.1988936988936989	0.1125936010891763	0.9999999485589071	0.14830072090628219	0.8516992790937178	0.8516992790937178	HG003	ultima	-1	-2	sent	gatk
I2-HG003-5x-3-D0-PF-ILMN-NOVASEQ-sent-gatk-Indel_gt50	Indel_gt50	I2-HG003-5x-3-D0-PF-ILMN-NOVASEQ	2799325643.0	2799325213.0	371.0	59.0	22.0	0.23091976516634052	0.1372093023255814	0.9999999921409632	0.2716049382716049	0.7283950617283951	0.7283950617283951	HG003	ultima	-1	-2	sent	gatk
I2-HG003-5x-3-D0-PF-ILMN-NOVASEQ-sent-gatk-All	All	I2-HG003-5x-3-D0-PF-ILMN-NOVASEQ	2799325643.0	2795652714.0	915033.0	2757896.0	252154.0	0.825349294079781	0.7508710350785436	0.9999098130974032	0.08377070148336406	0.9162292985166359	0.9162292985166359	HG003	ultima	-1	-2	sent	gatk
I2-HG003-5x-3-D0-PF-ILMN-NOVASEQ-sent-gatk-SNPts	SNPts	I2-HG003-5x-3-D0-PF-ILMN-NOVASEQ	2505355380.0	2503152099.0	530089.0	1673192.0	5866.0	0.8619504891252413	0.7594092628221275	0.9999976565602003	0.003493625592445288	0.9965063744075547	0.9965063744075547	HG003	giabHC_x_ultima	-1	-2	sent	gatk
I2-HG003-5x-3-D0-PF-ILMN-NOVASEQ-sent-gatk-SNPtv	SNPtv	I2-HG003-5x-3-D0-PF-ILMN-NOVASEQ	2505355380.0	2504320560.0	249553.0	785267.0	3266.0	0.8613439087220084	0.758844050172977	0.9999986958555575	0.004141868507722569	0.9958581314922774	0.9958581314922774	HG003	giabHC_x_ultima	-1	-2	sent	gatk
I2-HG003-5x-3-D0-PF-ILMN-NOVASEQ-sent-gatk-INS_50	INS_50	I2-HG003-5x-3-D0-PF-ILMN-NOVASEQ	2505355380.0	2505198205.0	45402.0	111773.0	298.0	0.8302667449098594	0.7111372673771275	0.9999998810473503	0.0026590286514798656	0.9973409713485202	0.9973409713485202	HG003	giabHC_x_ultima	-1	-2	sent	gatk
I2-HG003-5x-3-D0-PF-ILMN-NOVASEQ-sent-gatk-INS_gt50	INS_gt50	I2-HG003-5x-3-D0-PF-ILMN-NOVASEQ	2505355380.0	2505355380.0	0.0	0.0	0.0			1.0				HG003	giabHC_x_ultima	-1	-2	sent	gatk
I2-HG003-5x-3-D0-PF-ILMN-NOVASEQ-sent-gatk-DEL_50	DEL_50	I2-HG003-5x-3-D0-PF-ILMN-NOVASEQ	2505355380.0	2505185403.0	49727.0	120250.0	365.0	0.8276208567338399	0.7074486548180048	0.9999998543022219	0.003026157608920947	0.996973842391079	0.996973842391079	HG003	giabHC_x_ultima	-1	-2	sent	gatk
I2-HG003-5x-3-D0-PF-ILMN-NOVASEQ-sent-gatk-DEL_gt50	DEL_gt50	I2-HG003-5x-3-D0-PF-ILMN-NOVASEQ	2505355380.0	2505355380.0	0.0	0.0	2.0			0.99999999920171	1.0	0.0	0.0	HG003	giabHC_x_ultima	-1	-2	sent	gatk
I2-HG003-5x-3-D0-PF-ILMN-NOVASEQ-sent-gatk-Indel_50	Indel_50	I2-HG003-5x-3-D0-PF-ILMN-NOVASEQ	2505355380.0	2505349601.0	5113.0	666.0	1.0	0.2066397766056469	0.11524485205052777	0.9999999996008541	0.0014992503748125937	0.9985007496251874	0.9985007496251874	HG003	giabHC_x_ultima	-1	-2	sent	gatk
I2-HG003-5x-3-D0-PF-ILMN-NOVASEQ-sent-gatk-Indel_gt50	Indel_gt50	I2-HG003-5x-3-D0-PF-ILMN-NOVASEQ	2505355380.0	2505355225.0	133.0	22.0	0.0	0.24858757062146894	0.14193548387096774	1.0	0.0	1.0	1.0	HG003	giabHC_x_ultima	-1	-2	sent	gatk
I2-HG003-5x-3-D0-PF-ILMN-NOVASEQ-sent-gatk-All	All	I2-HG003-5x-3-D0-PF-ILMN-NOVASEQ	2505355380.0	2501784193.0	880017.0	2691170.0	9798.0	0.8581324919425619	0.7535785720546138	0.999996083610387	0.003627588331294558	0.9963724116687055	0.9963724116687055	HG003	giabHC_x_ultima	-1	-2	sent	gatk
I2-HG003-5x-3-D0-PF-ILMN-NOVASEQ-sent-gatk-SNPts	SNPts	I2-HG003-5x-3-D0-PF-ILMN-NOVASEQ	688815815.0	688747790.0	26685.0	41340.0	194972.0	0.2716725209225299	0.6077177508269018	0.9997169982605899	0.825061782727919	0.17493821727208103	0.17493821727208098	HG003	hg38_m_giabHC	-1	-2	sent	gatk
I2-HG003-5x-3-D0-PF-ILMN-NOVASEQ-sent-gatk-SNPtv	SNPtv	I2-HG003-5x-3-D0-PF-ILMN-NOVASEQ	688815815.0	688780652.0	13316.0	21847.0	133297.0	0.22959743992601428	0.6213064869322867	0.9998065113934861	0.8591824369617903	0.1408175630382097	0.14081756303820966	HG003	hg38_m_giabHC	-1	-2	sent	gatk
I2-HG003-5x-3-D0-PF-ILMN-NOVASEQ-sent-gatk-INS_50	INS_50	I2-HG003-5x-3-D0-PF-ILMN-NOVASEQ	688815815.0	688786609.0	12290.0	16916.0	64521.0	0.3057762352792314	0.5791960556050126	0.9999063353499906	0.7922811498458932	0.20771885015410685	0.20771885015410685	HG003	hg38_m_giabHC	-1	-2	sent	gatk
I2-HG003-5x-3-D0-PF-ILMN-NOVASEQ-sent-gatk-INS_gt50	INS_gt50	I2-HG003-5x-3-D0-PF-ILMN-NOVASEQ	688815815.0	688815579.0	207.0	29.0	730.0	0.05829145728643217	0.1228813559322034	0.9999989402109235	0.9617918313570487	0.03820816864295129	0.03820816864295125	HG003	hg38_m_giabHC	-1	-2	sent	gatk
I2-HG003-5x-3-D0-PF-ILMN-NOVASEQ-sent-gatk-DEL_50	DEL_50	I2-HG003-5x-3-D0-PF-ILMN-NOVASEQ	688815815.0	688786026.0	11685.0	18104.0	73459.0	0.29837167908233897	0.607741112491188	0.9998933614160804	0.8022782128152202	0.19772178718477984	0.19772178718477987	HG003	hg38_m_giabHC	-1	-2	sent	gatk
I2-HG003-5x-3-D0-PF-ILMN-NOVASEQ-sent-gatk-DEL_gt50	DEL_gt50	I2-HG003-5x-3-D0-PF-ILMN-NOVASEQ	688815815.0	688815678.0	111.0	26.0	658.0	0.06333739342265529	0.1897810218978102	0.9999990447381027	0.9619883040935673	0.03801169590643272	0.038011695906432746	HG003	hg38_m_giabHC	-1	-2	sent	gatk
I2-HG003-5x-3-D0-PF-ILMN-NOVASEQ-sent-gatk-Indel_50	Indel_50	I2-HG003-5x-3-D0-PF-ILMN-NOVASEQ	688815815.0	688810905.0	4617.0	293.0	482.0	0.1030782761653474	0.05967413441955193	0.9999993002438562	0.6219354838709678	0.37806451612903225	0.37806451612903225	HG003	hg38_m_giabHC	-1	-2	sent	gatk
I2-HG003-5x-3-D0-PF-ILMN-NOVASEQ-sent-gatk-Indel_gt50	Indel_gt50	I2-HG003-5x-3-D0-PF-ILMN-NOVASEQ	688815815.0	688815180.0	577.0	58.0	50.0	0.15612382234185734	0.09133858267716535	0.9999999274115934	0.46296296296296297	0.537037037037037	0.5370370370370371	HG003	hg38_m_giabHC	-1	-2	sent	gatk
I2-HG003-5x-3-D0-PF-ILMN-NOVASEQ-sent-gatk-All	All	I2-HG003-5x-3-D0-PF-ILMN-NOVASEQ	688815815.0	688647714.0	69488.0	98613.0	468169.0	0.26837741518037567	0.5866294668086448	0.9993206236983512	0.8260124704030827	0.17398752959691732	0.17398752959691732	HG003	hg38_m_giabHC	-1	-2	sent	gatk
I2-HG003-5x-3-D0-PF-ILMN-NOVASEQ-sent-gatk-SNPts	SNPts	I2-HG003-5x-3-D0-PF-ILMN-NOVASEQ	377862616.0	377589324.0	65431.0	207861.0	24248.0	0.8225587206990093	0.7605820880230669	0.9999357862063284	0.10446815935616456	0.8955318406438354	0.8955318406438354	HG003	clinvar_genes	-1	-2	sent	gatk
I2-HG003-5x-3-D0-PF-ILMN-NOVASEQ-sent-gatk-SNPtv	SNPtv	I2-HG003-5x-3-D0-PF-ILMN-NOVASEQ	377862616.0	377738213.0	29916.0	94487.0	14701.0	0.8089952095757114	0.7595234841603499	0.9999610830268804	0.13463933765615269	0.8653606623438473	0.8653606623438473	HG003	clinvar_genes	-1	-2	sent	gatk
I2-HG003-5x-3-D0-PF-ILMN-NOVASEQ-sent-gatk-INS_50	INS_50	I2-HG003-5x-3-D0-PF-ILMN-NOVASEQ	377862616.0	377832465.0	10061.0	20090.0	7488.0	0.6960106705468655	0.6663128917780505	0.999980182085191	0.27152077743128583	0.7284792225687142	0.7284792225687142	HG003	clinvar_genes	-1	-2	sent	gatk
I2-HG003-5x-3-D0-PF-ILMN-NOVASEQ-sent-gatk-INS_gt50	INS_gt50	I2-HG003-5x-3-D0-PF-ILMN-NOVASEQ	377862616.0	377862586.0	26.0	4.0	101.0	0.05925925925925926	0.13333333333333333	0.9999997327071355	0.9619047619047619	0.03809523809523807	0.0380952380952381	HG003	clinvar_genes	-1	-2	sent	gatk
I2-HG003-5x-3-D0-PF-ILMN-NOVASEQ-sent-gatk-DEL_50	DEL_50	I2-HG003-5x-3-D0-PF-ILMN-NOVASEQ	377862616.0	377830630.0	10609.0	21377.0	8307.0	0.6932706340197827	0.668323641593197	0.9999780144416403	0.2798477294165207	0.7201522705834793	0.7201522705834793	HG003	clinvar_genes	-1	-2	sent	gatk
I2-HG003-5x-3-D0-PF-ILMN-NOVASEQ-sent-gatk-DEL_gt50	DEL_gt50	I2-HG003-5x-3-D0-PF-ILMN-NOVASEQ	377862616.0	377862598.0	14.0	4.0	88.0	0.07272727272727274	0.2222222222222222	0.9999997671111669	0.9565217391304348	0.04347826086956519	0.043478260869565216	HG003	clinvar_genes	-1	-2	sent	gatk
I2-HG003-5x-3-D0-PF-ILMN-NOVASEQ-sent-gatk-Indel_50	Indel_50	I2-HG003-5x-3-D0-PF-ILMN-NOVASEQ	377862616.0	377860700.0	1798.0	118.0	53.0	0.11308097747963584	0.061586638830897704	0.9999998597366898	0.30994152046783624	0.6900584795321638	0.6900584795321637	HG003	clinvar_genes	-1	-2	sent	gatk
I2-HG003-5x-3-D0-PF-ILMN-NOVASEQ-sent-gatk-Indel_gt50	Indel_gt50	I2-HG003-5x-3-D0-PF-ILMN-NOVASEQ	377862616.0	377862520.0	89.0	7.0	7.0	0.1272727272727273	0.07291666666666667	0.9999999814747441	0.5	0.5	0.5	HG003	clinvar_genes	-1	-2	sent	gatk
I2-HG003-5x-3-D0-PF-ILMN-NOVASEQ-sent-gatk-All	All	I2-HG003-5x-3-D0-PF-ILMN-NOVASEQ	377862616.0	377400724.0	117944.0	343948.0	54993.0	0.7991050528964385	0.7446502645640106	0.9998543060880437	0.13784745112685837	0.8621525488731416	0.8621525488731416	HG003	clinvar_genes	-1	-2	sent	gatk
I2-HG003-5x-3-D0-PF-ILMN-NOVASEQ-sent-gatk-SNPts	SNPts	I2-HG003-5x-3-D0-PF-ILMN-NOVASEQ	337668665.0	337403063.0	62412.0	203190.0	1644.0	0.8638369512537307	0.7650168296925475	0.999995127513144	0.008026011306716659	0.9919739886932833	0.9919739886932833	HG003	giabHC_x_clinvar_genes	-1	-2	sent	gatk
I2-HG003-5x-3-D0-PF-ILMN-NOVASEQ-sent-gatk-SNPtv	SNPtv	I2-HG003-5x-3-D0-PF-ILMN-NOVASEQ	337668665.0	337548350.0	28395.0	91920.0	928.0	0.8624386033223402	0.7639945143997008	0.9999972507717821	0.009994830260210237	0.9900051697397898	0.9900051697397898	HG003	giabHC_x_clinvar_genes	-1	-2	sent	gatk
I2-HG003-5x-3-D0-PF-ILMN-NOVASEQ-sent-gatk-INS_50	INS_50	I2-HG003-5x-3-D0-PF-ILMN-NOVASEQ	337668665.0	337641546.0	8838.0	18281.0	92.0	0.8037017497581993	0.6741030273977654	0.9999997275217578	0.005007347738529364	0.9949926522614706	0.9949926522614706	HG003	giabHC_x_clinvar_genes	-1	-2	sent	gatk
I2-HG003-5x-3-D0-PF-ILMN-NOVASEQ-sent-gatk-INS_gt50	INS_gt50	I2-HG003-5x-3-D0-PF-ILMN-NOVASEQ	337668665.0	337668665.0	0.0	0.0	0.0			1.0				HG003	giabHC_x_clinvar_genes	-1	-2	sent	gatk
I2-HG003-5x-3-D0-PF-ILMN-NOVASEQ-sent-gatk-DEL_50	DEL_50	I2-HG003-5x-3-D0-PF-ILMN-NOVASEQ	337668665.0	337639812.0	9407.0	19446.0	102.0	0.8035371170017148	0.6739680449173396	0.9999996979030151	0.0052179251074278695	0.9947820748925721	0.9947820748925721	HG003	giabHC_x_clinvar_genes	-1	-2	sent	gatk
I2-HG003-5x-3-D0-PF-ILMN-NOVASEQ-sent-gatk-DEL_gt50	DEL_gt50	I2-HG003-5x-3-D0-PF-ILMN-NOVASEQ	337668665.0	337668665.0	0.0	0.0	0.0			1.0				HG003	giabHC_x_clinvar_genes	-1	-2	sent	gatk
I2-HG003-5x-3-D0-PF-ILMN-NOVASEQ-sent-gatk-Indel_50	Indel_50	I2-HG003-5x-3-D0-PF-ILMN-NOVASEQ	337668665.0	337667223.0	1350.0	92.0	1.0	0.11986970684039089	0.0638002773925104	0.9999999970385044	0.010752688172043012	0.989247311827957	0.989247311827957	HG003	giabHC_x_clinvar_genes	-1	-2	sent	gatk
I2-HG003-5x-3-D0-PF-ILMN-NOVASEQ-sent-gatk-Indel_gt50	Indel_gt50	I2-HG003-5x-3-D0-PF-ILMN-NOVASEQ	337668665.0	337668639.0	23.0	3.0	0.0	0.20689655172413793	0.11538461538461539	1.0	0.0	1.0	1.0	HG003	giabHC_x_clinvar_genes	-1	-2	sent	gatk
I2-HG003-5x-3-D0-PF-ILMN-NOVASEQ-sent-gatk-All	All	I2-HG003-5x-3-D0-PF-ILMN-NOVASEQ	337668665.0	337225308.0	110425.0	332932.0	2767.0	0.8547062085395658	0.7509343486174798	0.9999917948705783	0.008242502956517595	0.9917574970434824	0.9917574970434824	HG003	giabHC_x_clinvar_genes	-1	-2	sent	gatk
I2-HG003-5x-3-D0-PF-ILMN-NOVASEQ-sent-gatk-SNPts	SNPts	I2-HG003-5x-3-D0-PF-ILMN-NOVASEQ	332544085.0	332287215.0	58190.0	198680.0	1205.0	0.8699631093255684	0.7734651769377506	0.99999637363228	0.006028466368161693	0.9939715336318383	0.9939715336318383	HG003	giabHC_x_ultima_x_clinvar	-1	-2	sent	gatk
I2-HG003-5x-3-D0-PF-ILMN-NOVASEQ-sent-gatk-SNPtv	SNPtv	I2-HG003-5x-3-D0-PF-ILMN-NOVASEQ	332544085.0	332429439.0	26017.0	88629.0	713.0	0.8689628801694218	0.7730666573626642	0.999997855188539	0.007980569049271339	0.9920194309507286	0.9920194309507286	HG003	giabHC_x_ultima_x_clinvar	-1	-2	sent	gatk
I2-HG003-5x-3-D0-PF-ILMN-NOVASEQ-sent-gatk-INS_50	INS_50	I2-HG003-5x-3-D0-PF-ILMN-NOVASEQ	332544085.0	332526275.0	4709.0	13101.0	65.0	0.8458806818181818	0.735597978663672	0.9999998045267632	0.004936958833358651	0.9950630411666413	0.9950630411666413	HG003	giabHC_x_ultima_x_clinvar	-1	-2	sent	gatk
I2-HG003-5x-3-D0-PF-ILMN-NOVASEQ-sent-gatk-INS_gt50	INS_gt50	I2-HG003-5x-3-D0-PF-ILMN-NOVASEQ	332544085.0	332544085.0	0.0	0.0	0.0			1.0				HG003	giabHC_x_ultima_x_clinvar	-1	-2	sent	gatk
I2-HG003-5x-3-D0-PF-ILMN-NOVASEQ-sent-gatk-DEL_50	DEL_50	I2-HG003-5x-3-D0-PF-ILMN-NOVASEQ	332544085.0	332524721.0	5240.0	14124.0	63.0	0.8419421179696581	0.7293947531501755	0.9999998105404377	0.00444068513427786	0.9955593148657221	0.9955593148657221	HG003	giabHC_x_ultima_x_clinvar	-1	-2	sent	gatk
I2-HG003-5x-3-D0-PF-ILMN-NOVASEQ-sent-gatk-DEL_gt50	DEL_gt50	I2-HG003-5x-3-D0-PF-ILMN-NOVASEQ	332544085.0	332544085.0	0.0	0.0	0.0			1.0				HG003	giabHC_x_ultima_x_clinvar	-1	-2	sent	gatk
I2-HG003-5x-3-D0-PF-ILMN-NOVASEQ-sent-gatk-Indel_50	Indel_50	I2-HG003-5x-3-D0-PF-ILMN-NOVASEQ	332544085.0	332543557.0	462.0	66.0	1.0	0.2218487394957983	0.125	0.9999999969928751	0.014925373134328358	0.9850746268656716	0.9850746268656716	HG003	giabHC_x_ultima_x_clinvar	-1	-2	sent	gatk
I2-HG003-5x-3-D0-PF-ILMN-NOVASEQ-sent-gatk-Indel_gt50	Indel_gt50	I2-HG003-5x-3-D0-PF-ILMN-NOVASEQ	332544085.0	332544066.0	16.0	3.0	0.0	0.2727272727272727	0.15789473684210525	1.0	0.0	1.0	1.0	HG003	giabHC_x_ultima_x_clinvar	-1	-2	sent	gatk
I2-HG003-5x-3-D0-PF-ILMN-NOVASEQ-sent-gatk-All	All	I2-HG003-5x-3-D0-PF-ILMN-NOVASEQ	332544085.0	332134848.0	94634.0	314603.0	2047.0	0.8668098478137782	0.7687550245945504	0.999993836878616	0.00646455076582978	0.9935354492341703	0.9935354492341703	HG003	giabHC_x_ultima_x_clinvar	-1	-2	sent	gatk
I2-HG003-5x-3-D0-PF-ILMN-NOVASEQ-sent-gatk-SNPts	SNPts	I2-HG003-5x-3-D0-PF-ILMN-NOVASEQ	3088286401.0	3085963305.0	584299.0	1738797.0	202407.0	0.815513448866168	0.7484826283545751	0.9999344147337219	0.1042687940061941	0.8957312059938058	0.895731205993806	HG003	hg38	-1	-2	sent	gatk
I2-HG003-5x-3-D0-PF-ILMN-NOVASEQ-sent-gatk-SNPtv	SNPtv	I2-HG003-5x-3-D0-PF-ILMN-NOVASEQ	3088286401.0	3087178906.0	280325.0	827170.0	137435.0	0.7983881086820134	0.7468837331094046	0.9999554839916549	0.14247800913327216	0.8575219908667279	0.8575219908667279	HG003	hg38	-1	-2	sent	gatk
I2-HG003-5x-3-D0-PF-ILMN-NOVASEQ-sent-gatk-INS_50	INS_50	I2-HG003-5x-3-D0-PF-ILMN-NOVASEQ	3088286401.0	3088019980.0	94048.0	172373.0	64986.0	0.6843185517487792	0.64699479395393	0.9999789558899074	0.2737878066557409	0.7262121933442591	0.7262121933442591	HG003	hg38	-1	-2	sent	gatk
I2-HG003-5x-3-D0-PF-ILMN-NOVASEQ-sent-gatk-INS_gt50	INS_gt50	I2-HG003-5x-3-D0-PF-ILMN-NOVASEQ	3088286401.0	3088286164.0	207.0	30.0	731.0	0.06012024048096192	0.12658227848101267	0.999999763299193	0.9605781865965834	0.03942181340341655	0.03942181340341656	HG003	hg38	-1	-2	sent	gatk
I2-HG003-5x-3-D0-PF-ILMN-NOVASEQ-sent-gatk-DEL_50	DEL_50	I2-HG003-5x-3-D0-PF-ILMN-NOVASEQ	3088286401.0	3088004787.0	98584.0	183030.0	73983.0	0.679616877728001	0.6499321766673531	0.9999760423857322	0.28785703446907357	0.7121429655309264	0.7121429655309265	HG003	hg38	-1	-2	sent	gatk
I2-HG003-5x-3-D0-PF-ILMN-NOVASEQ-sent-gatk-DEL_gt50	DEL_gt50	I2-HG003-5x-3-D0-PF-ILMN-NOVASEQ	3088286401.0	3088286264.0	111.0	26.0	660.0	0.06318347509113001	0.1897810218978102	0.9999997862892872	0.9620991253644315	0.03790087463556846	0.037900874635568516	HG003	hg38	-1	-2	sent	gatk
I2-HG003-5x-3-D0-PF-ILMN-NOVASEQ-sent-gatk-Indel_50	Indel_50	I2-HG003-5x-3-D0-PF-ILMN-NOVASEQ	3088286401.0	3088266690.0	18475.0	1236.0	483.0	0.11535230984601025	0.06270610319111156	0.9999998436016144	0.28097731239092494	0.7190226876090751	0.7190226876090751	HG003	hg38	-1	-2	sent	gatk
I2-HG003-5x-3-D0-PF-ILMN-NOVASEQ-sent-gatk-Indel_gt50	Indel_gt50	I2-HG003-5x-3-D0-PF-ILMN-NOVASEQ	3088286401.0	3088285562.0	753.0	86.0	50.0	0.1764102564102564	0.10250297973778308	0.9999999838097876	0.36764705882352944	0.6323529411764706	0.6323529411764706	HG003	hg38	-1	-2	sent	gatk
I2-HG003-5x-3-D0-PF-ILMN-NOVASEQ-sent-gatk-All	All	I2-HG003-5x-3-D0-PF-ILMN-NOVASEQ	3088286401.0	3084286851.0	1076802.0	2922748.0	480735.0	0.7896082592094349	0.7307692115362978	0.9998441584376788	0.14124795099608253	0.8587520490039174	0.8587520490039174	HG003	hg38	-1	-2	sent	gatk
I2-HG003-5x-3-D0-PF-ILMN-NOVASEQ-sent-gatk-SNPts	SNPts	I2-HG003-5x-3-D0-PF-ILMN-NOVASEQ	2528531102.0	2526276008.0	557614.0	1697480.0	7435.0	0.857311182878625	0.752731371729959	0.9999970569414843	0.0043609212189463994	0.9956390787810536	0.9956390787810536	HG003	giabHC	-1	-2	sent	gatk
I2-HG003-5x-3-D0-PF-ILMN-NOVASEQ-sent-gatk-SNPtv	SNPtv	I2-HG003-5x-3-D0-PF-ILMN-NOVASEQ	2528531102.0	2527458760.0	267009.0	805333.0	4138.0	0.8559118254576836	0.7510038774943069	0.9999983627850667	0.005111980540377605	0.9948880194596224	0.9948880194596224	HG003	giabHC	-1	-2	sent	gatk
I2-HG003-5x-3-D0-PF-ILMN-NOVASEQ-sent-gatk-INS_50	INS_50	I2-HG003-5x-3-D0-PF-ILMN-NOVASEQ	2528531102.0	2528293963.0	81732.0	155407.0	464.0	0.7908551945243124	0.6553413820586238	0.9999998164770705	0.002976820575989119	0.9970231794240109	0.9970231794240109	HG003	giabHC	-1	-2	sent	gatk
I2-HG003-5x-3-D0-PF-ILMN-NOVASEQ-sent-gatk-INS_gt50	INS_gt50	I2-HG003-5x-3-D0-PF-ILMN-NOVASEQ	2528531102.0	2528531101.0	0.0	1.0	1.0	0.6666666666666666	1.0	0.9999999996045135	0.5	0.5	0.5	HG003	giabHC	-1	-2	sent	gatk
I2-HG003-5x-3-D0-PF-ILMN-NOVASEQ-sent-gatk-DEL_50	DEL_50	I2-HG003-5x-3-D0-PF-ILMN-NOVASEQ	2528531102.0	2528279081.0	86965.0	165056.0	528.0	0.7904886196285964	0.6549295495216668	0.999999791162339	0.0031887138853995555	0.9968112861146005	0.9968112861146005	HG003	giabHC	-1	-2	sent	gatk
I2-HG003-5x-3-D0-PF-ILMN-NOVASEQ-sent-gatk-DEL_gt50	DEL_gt50	I2-HG003-5x-3-D0-PF-ILMN-NOVASEQ	2528531102.0	2528531102.0	0.0	0.0	2.0			0.9999999992090269	1.0	0.0	0.0	HG003	giabHC	-1	-2	sent	gatk
I2-HG003-5x-3-D0-PF-ILMN-NOVASEQ-sent-gatk-Indel_50	Indel_50	I2-HG003-5x-3-D0-PF-ILMN-NOVASEQ	2528531102.0	2528516301.0	13858.0	943.0	1.0	0.11978405843124801	0.06371191135734072	0.9999999996045111	0.001059322033898305	0.9989406779661016	0.9989406779661016	HG003	giabHC	-1	-2	sent	gatk
I2-HG003-5x-3-D0-PF-ILMN-NOVASEQ-sent-gatk-Indel_gt50	Indel_gt50	I2-HG003-5x-3-D0-PF-ILMN-NOVASEQ	2528531102.0	2528530896.0	178.0	28.0	0.0	0.23931623931623933	0.13592233009708737	1.0	0.0	1.0	1.0	HG003	giabHC	-1	-2	sent	gatk
I2-HG003-5x-3-D0-PF-ILMN-NOVASEQ-sent-gatk-All	All	I2-HG003-5x-3-D0-PF-ILMN-NOVASEQ	2528531102.0	2524699498.0	1007356.0	2824248.0	12569.0	0.8470514983981966	0.7370928728542929	0.9999950216105178	0.0044306700079702	0.9955693299920299	0.9955693299920299	HG003	giabHC	-1	-2	sent	gatk
I2-HG003-7x-4-D0-PF-ILMN-NOVASEQ-sent-gatk-SNPts	SNPts	I2-HG003-7x-4-D0-PF-ILMN-NOVASEQ	2799325643.0	2797071267.0	308636.0	1945740.0	155492.0	0.8934412830539387	0.8630947100217532	0.9999444120861851	0.07400039595818073	0.9259996040418192	0.9259996040418192	HG003	ultima	-1	-2	sent	gatk
I2-HG003-7x-4-D0-PF-ILMN-NOVASEQ-sent-gatk-SNPtv	SNPtv	I2-HG003-7x-4-D0-PF-ILMN-NOVASEQ	2799325643.0	2798266554.0	146006.0	913083.0	91751.0	0.8848033574895963	0.8621400090077416	0.9999672125617952	0.09130960934840979	0.9086903906515902	0.9086903906515902	HG003	ultima	-1	-2	sent	gatk
I2-HG003-7x-4-D0-PF-ILMN-NOVASEQ-sent-gatk-INS_50	INS_50	I2-HG003-7x-4-D0-PF-ILMN-NOVASEQ	2799325643.0	2799156870.0	29941.0	138832.0	22487.0	0.8411715521733334	0.8225960313557263	0.9999919665740804	0.13939461563733968	0.8606053843626603	0.8606053843626603	HG003	ultima	-1	-2	sent	gatk
I2-HG003-7x-4-D0-PF-ILMN-NOVASEQ-sent-gatk-INS_gt50	INS_gt50	I2-HG003-7x-4-D0-PF-ILMN-NOVASEQ	2799325643.0	2799325546.0	81.0	16.0	198.0	0.10289389067524116	0.16494845360824742	0.9999999292686818	0.9252336448598131	0.07476635514018692	0.07476635514018691	HG003	ultima	-1	-2	sent	gatk
I2-HG003-7x-4-D0-PF-ILMN-NOVASEQ-sent-gatk-DEL_50	DEL_50	I2-HG003-7x-4-D0-PF-ILMN-NOVASEQ	2799325643.0	2799141655.0	32615.0	151373.0	28551.0	0.8319209039548022	0.8227330043263691	0.9999898001915215	0.15868366643694004	0.84131633356306	0.8413163335630599	HG003	ultima	-1	-2	sent	gatk
I2-HG003-7x-4-D0-PF-ILMN-NOVASEQ-sent-gatk-DEL_gt50	DEL_gt50	I2-HG003-7x-4-D0-PF-ILMN-NOVASEQ	2799325643.0	2799325554.0	63.0	26.0	403.0	0.10038610038610038	0.29213483146067415	0.9999998560367723	0.9393939393939394	0.06060606060606055	0.06060606060606061	HG003	ultima	-1	-2	sent	gatk
I2-HG003-7x-4-D0-PF-ILMN-NOVASEQ-sent-gatk-Indel_50	Indel_50	I2-HG003-7x-4-D0-PF-ILMN-NOVASEQ	2799325643.0	2799319394.0	3874.0	2375.0	371.0	0.528071150639244	0.38006080972955675	0.9999998674678025	0.13510560815731973	0.8648943918426802	0.8648943918426802	HG003	ultima	-1	-2	sent	gatk
I2-HG003-7x-4-D0-PF-ILMN-NOVASEQ-sent-gatk-Indel_gt50	Indel_gt50	I2-HG003-7x-4-D0-PF-ILMN-NOVASEQ	2799325643.0	2799325271.0	240.0	132.0	53.0	0.47396768402154404	0.3548387096774194	0.9999999810668665	0.2864864864864865	0.7135135135135136	0.7135135135135136	HG003	ultima	-1	-2	sent	gatk
I2-HG003-7x-4-D0-PF-ILMN-NOVASEQ-sent-gatk-All	All	I2-HG003-7x-4-D0-PF-ILMN-NOVASEQ	2799325643.0	2795652610.0	521456.0	3151577.0	299306.0	0.8847878049095469	0.8580312237869903	0.9998929502334116	0.08673316365695388	0.9132668363430461	0.9132668363430461	HG003	ultima	-1	-2	sent	gatk
I2-HG003-7x-4-D0-PF-ILMN-NOVASEQ-sent-gatk-SNPts	SNPts	I2-HG003-7x-4-D0-PF-ILMN-NOVASEQ	377862616.0	377589357.0	37042.0	236217.0	29323.0	0.8768279079953748	0.8644436230828628	0.999922347591491	0.11042780748663102	0.8895721925133689	0.8895721925133689	HG003	clinvar_genes	-1	-2	sent	gatk
I2-HG003-7x-4-D0-PF-ILMN-NOVASEQ-sent-gatk-SNPtv	SNPtv	I2-HG003-7x-4-D0-PF-ILMN-NOVASEQ	377862616.0	377738230.0	16926.0	107460.0	17860.0	0.86069217399662	0.8639235926872799	0.9999527208151694	0.14251516118736035	0.8574848388126397	0.8574848388126396	HG003	clinvar_genes	-1	-2	sent	gatk
I2-HG003-7x-4-D0-PF-ILMN-NOVASEQ-sent-gatk-INS_50	INS_50	I2-HG003-7x-4-D0-PF-ILMN-NOVASEQ	377862616.0	377832277.0	6412.0	23927.0	9738.0	0.7476720204987187	0.7886548666732588	0.9999742273235548	0.28926184464577454	0.7107381553542255	0.7107381553542255	HG003	clinvar_genes	-1	-2	sent	gatk
I2-HG003-7x-4-D0-PF-ILMN-NOVASEQ-sent-gatk-INS_gt50	INS_gt50	I2-HG003-7x-4-D0-PF-ILMN-NOVASEQ	377862616.0	377862586.0	22.0	8.0	135.0	0.09248554913294799	0.26666666666666666	0.9999996427273915	0.9440559440559441	0.05594405594405594	0.055944055944055944	HG003	clinvar_genes	-1	-2	sent	gatk
I2-HG003-7x-4-D0-PF-ILMN-NOVASEQ-sent-gatk-DEL_50	DEL_50	I2-HG003-7x-4-D0-PF-ILMN-NOVASEQ	377862616.0	377830385.0	6807.0	25424.0	10735.0	0.7435005117707266	0.7888058080729732	0.9999715885872877	0.29688321026577064	0.7031167897342294	0.7031167897342294	HG003	clinvar_genes	-1	-2	sent	gatk
I2-HG003-7x-4-D0-PF-ILMN-NOVASEQ-sent-gatk-DEL_gt50	DEL_gt50	I2-HG003-7x-4-D0-PF-ILMN-NOVASEQ	377862616.0	377862598.0	15.0	3.0	132.0	0.0392156862745098	0.16666666666666666	0.9999996506667911	0.9777777777777777	0.022222222222222254	0.022222222222222223	HG003	clinvar_genes	-1	-2	sent	gatk
I2-HG003-7x-4-D0-PF-ILMN-NOVASEQ-sent-gatk-Indel_50	Indel_50	I2-HG003-7x-4-D0-PF-ILMN-NOVASEQ	377862616.0	377861120.0	1131.0	365.0	142.0	0.36445332001997	0.24398395721925134	0.9999996242006941	0.28007889546351084	0.7199211045364892	0.7199211045364892	HG003	clinvar_genes	-1	-2	sent	gatk
I2-HG003-7x-4-D0-PF-ILMN-NOVASEQ-sent-gatk-Indel_gt50	Indel_gt50	I2-HG003-7x-4-D0-PF-ILMN-NOVASEQ	377862616.0	377862526.0	64.0	26.0	23.0	0.3741007194244604	0.28888888888888886	0.9999999391313057	0.46938775510204084	0.5306122448979591	0.5306122448979592	HG003	clinvar_genes	-1	-2	sent	gatk
I2-HG003-7x-4-D0-PF-ILMN-NOVASEQ-sent-gatk-All	All	I2-HG003-7x-4-D0-PF-ILMN-NOVASEQ	377862616.0	377400767.0	68419.0	393430.0	68088.0	0.852163874169209	0.85185850786729	0.9998196195551021	0.14753054052062975	0.8524694594793703	0.8524694594793703	HG003	clinvar_genes	-1	-2	sent	gatk
I2-HG003-7x-4-D0-PF-ILMN-NOVASEQ-sent-gatk-SNPts	SNPts	I2-HG003-7x-4-D0-PF-ILMN-NOVASEQ	332544085.0	332287223.0	31526.0	225336.0	1465.0	0.931789283033848	0.8772648348140246	0.9999955911830498	0.00645940714547114	0.9935405928545289	0.9935405928545289	HG003	giabHC_x_ultima_x_clinvar	-1	-2	sent	gatk
I2-HG003-7x-4-D0-PF-ILMN-NOVASEQ-sent-gatk-SNPtv	SNPtv	I2-HG003-7x-4-D0-PF-ILMN-NOVASEQ	332544085.0	332429430.0	14050.0	100605.0	885.0	0.9309028661315322	0.8774584623435524	0.9999973377879211	0.008720070942950044	0.99127992905705	0.99127992905705	HG003	giabHC_x_ultima_x_clinvar	-1	-2	sent	gatk
I2-HG003-7x-4-D0-PF-ILMN-NOVASEQ-sent-gatk-INS_50	INS_50	I2-HG003-7x-4-D0-PF-ILMN-NOVASEQ	332544085.0	332526233.0	2750.0	15102.0	61.0	0.9148568832348932	0.8459556352229443	0.9999998165558601	0.00402295060344259	0.9959770493965574	0.9959770493965574	HG003	giabHC_x_ultima_x_clinvar	-1	-2	sent	gatk
I2-HG003-7x-4-D0-PF-ILMN-NOVASEQ-sent-gatk-INS_gt50	INS_gt50	I2-HG003-7x-4-D0-PF-ILMN-NOVASEQ	332544085.0	332544085.0	0.0	0.0	0.0			1.0				HG003	giabHC_x_ultima_x_clinvar	-1	-2	sent	gatk
I2-HG003-7x-4-D0-PF-ILMN-NOVASEQ-sent-gatk-DEL_50	DEL_50	I2-HG003-7x-4-D0-PF-ILMN-NOVASEQ	332544085.0	332524662.0	3038.0	16385.0	65.0	0.9135004042037187	0.8435874993564331	0.999999804525815	0.003951367781155016	0.996048632218845	0.996048632218845	HG003	giabHC_x_ultima_x_clinvar	-1	-2	sent	gatk
I2-HG003-7x-4-D0-PF-ILMN-NOVASEQ-sent-gatk-DEL_gt50	DEL_gt50	I2-HG003-7x-4-D0-PF-ILMN-NOVASEQ	332544085.0	332544085.0	0.0	0.0	1.0			0.9999999969928799	1.0	0.0	0.0	HG003	giabHC_x_ultima_x_clinvar	-1	-2	sent	gatk
I2-HG003-7x-4-D0-PF-ILMN-NOVASEQ-sent-gatk-Indel_50	Indel_50	I2-HG003-7x-4-D0-PF-ILMN-NOVASEQ	332544085.0	332543643.0	261.0	181.0	1.0	0.5801282051282052	0.4095022624434389	0.9999999969928759	0.005494505494505495	0.9945054945054945	0.9945054945054945	HG003	giabHC_x_ultima_x_clinvar	-1	-2	sent	gatk
I2-HG003-7x-4-D0-PF-ILMN-NOVASEQ-sent-gatk-Indel_gt50	Indel_gt50	I2-HG003-7x-4-D0-PF-ILMN-NOVASEQ	332544085.0	332544073.0	7.0	5.0	0.0	0.5882352941176471	0.4166666666666667	1.0	0.0	1.0	1.0	HG003	giabHC_x_ultima_x_clinvar	-1	-2	sent	gatk
I2-HG003-7x-4-D0-PF-ILMN-NOVASEQ-sent-gatk-All	All	I2-HG003-7x-4-D0-PF-ILMN-NOVASEQ	332544085.0	332134839.0	51632.0	357614.0	2478.0	0.9296668044474601	0.8738362745145951	0.9999925392303931	0.006881574708685558	0.9931184252913144	0.9931184252913144	HG003	giabHC_x_ultima_x_clinvar	-1	-2	sent	gatk
I2-HG003-7x-4-D0-PF-ILMN-NOVASEQ-sent-gatk-SNPts	SNPts	I2-HG003-7x-4-D0-PF-ILMN-NOVASEQ	2505355380.0	2503152071.0	297496.0	1905813.0	7108.0	0.9259992760365674	0.8649776313717231	0.9999971603883366	0.0037157833491294205	0.9962842166508705	0.9962842166508705	HG003	giabHC_x_ultima	-1	-2	sent	gatk
I2-HG003-7x-4-D0-PF-ILMN-NOVASEQ-sent-gatk-SNPtv	SNPtv	I2-HG003-7x-4-D0-PF-ILMN-NOVASEQ	2505355380.0	2504320590.0	140872.0	893918.0	3936.0	0.925072594849336	0.8638641656761276	0.9999984283187107	0.00438378622805044	0.9956162137719495	0.9956162137719495	HG003	giabHC_x_ultima	-1	-2	sent	gatk
I2-HG003-7x-4-D0-PF-ILMN-NOVASEQ-sent-gatk-INS_50	INS_50	I2-HG003-7x-4-D0-PF-ILMN-NOVASEQ	2505355380.0	2505197829.0	27448.0	130103.0	306.0	0.903618558133074	0.8257833971222017	0.9999998778539726	0.002346463817681295	0.9976535361823187	0.9976535361823187	HG003	giabHC_x_ultima	-1	-2	sent	gatk
I2-HG003-7x-4-D0-PF-ILMN-NOVASEQ-sent-gatk-INS_gt50	INS_gt50	I2-HG003-7x-4-D0-PF-ILMN-NOVASEQ	2505355380.0	2505355380.0	0.0	0.0	1.0			0.9999999996008551	1.0	0.0	0.0	HG003	giabHC_x_ultima	-1	-2	sent	gatk
I2-HG003-7x-4-D0-PF-ILMN-NOVASEQ-sent-gatk-DEL_50	DEL_50	I2-HG003-7x-4-D0-PF-ILMN-NOVASEQ	2505355380.0	2505184852.0	29573.0	140955.0	353.0	0.904032889082723	0.8265797992118596	0.9999998590922542	0.00249808928015399	0.9975019107198461	0.9975019107198461	HG003	giabHC_x_ultima	-1	-2	sent	gatk
I2-HG003-7x-4-D0-PF-ILMN-NOVASEQ-sent-gatk-DEL_gt50	DEL_gt50	I2-HG003-7x-4-D0-PF-ILMN-NOVASEQ	2505355380.0	2505355380.0	0.0	0.0	3.0			0.9999999988025651	1.0	0.0	0.0	HG003	giabHC_x_ultima	-1	-2	sent	gatk
I2-HG003-7x-4-D0-PF-ILMN-NOVASEQ-sent-gatk-Indel_50	Indel_50	I2-HG003-7x-4-D0-PF-ILMN-NOVASEQ	2505355380.0	2505350452.0	3013.0	1915.0	1.0	0.559614260666277	0.3885957792207792	0.9999999996008543	0.0005219206680584551	0.9994780793319415	0.9994780793319415	HG003	giabHC_x_ultima	-1	-2	sent	gatk
I2-HG003-7x-4-D0-PF-ILMN-NOVASEQ-sent-gatk-Indel_gt50	Indel_gt50	I2-HG003-7x-4-D0-PF-ILMN-NOVASEQ	2505355380.0	2505355249.0	67.0	64.0	0.0	0.6564102564102564	0.48854961832061067	1.0	0.0	1.0	1.0	HG003	giabHC_x_ultima	-1	-2	sent	gatk
I2-HG003-7x-4-D0-PF-ILMN-NOVASEQ-sent-gatk-All	All	I2-HG003-7x-4-D0-PF-ILMN-NOVASEQ	2505355380.0	2501784143.0	498469.0	3072768.0	11708.0	0.9233475061199303	0.8604211929927922	0.9999953201617169	0.0037957824927151323	0.9962042175072848	0.9962042175072848	HG003	giabHC_x_ultima	-1	-2	sent	gatk
I2-HG003-7x-4-D0-PF-ILMN-NOVASEQ-sent-gatk-SNPts	SNPts	I2-HG003-7x-4-D0-PF-ILMN-NOVASEQ	337668665.0	337403082.0	34851.0	230732.0	2061.0	0.9259354383036101	0.868775486382788	0.9999938916165246	0.008853358992753219	0.9911466410072468	0.9911466410072468	HG003	giabHC_x_clinvar_genes	-1	-2	sent	gatk
I2-HG003-7x-4-D0-PF-ILMN-NOVASEQ-sent-gatk-SNPtv	SNPtv	I2-HG003-7x-4-D0-PF-ILMN-NOVASEQ	337668665.0	337548354.0	15834.0	104477.0	1166.0	0.9247634474273525	0.8683910864343244	0.9999965456920217	0.011037172363526216	0.9889628276364738	0.9889628276364738	HG003	giabHC_x_clinvar_genes	-1	-2	sent	gatk
I2-HG003-7x-4-D0-PF-ILMN-NOVASEQ-sent-gatk-INS_50	INS_50	I2-HG003-7x-4-D0-PF-ILMN-NOVASEQ	337668665.0	337641405.0	5536.0	21724.0	89.0	0.8853748497136918	0.796918561995598	0.9999997364068055	0.004080135698895154	0.9959198643011048	0.9959198643011048	HG003	giabHC_x_clinvar_genes	-1	-2	sent	gatk
I2-HG003-7x-4-D0-PF-ILMN-NOVASEQ-sent-gatk-INS_gt50	INS_gt50	I2-HG003-7x-4-D0-PF-ILMN-NOVASEQ	337668665.0	337668665.0	0.0	0.0	0.0			1.0				HG003	giabHC_x_clinvar_genes	-1	-2	sent	gatk
I2-HG003-7x-4-D0-PF-ILMN-NOVASEQ-sent-gatk-DEL_50	DEL_50	I2-HG003-7x-4-D0-PF-ILMN-NOVASEQ	337668665.0	337639620.0	5949.0	23096.0	105.0	0.8841251004861616	0.7951798932690652	0.9999996890176356	0.004525666997112193	0.9954743330028878	0.9954743330028878	HG003	giabHC_x_clinvar_genes	-1	-2	sent	gatk
I2-HG003-7x-4-D0-PF-ILMN-NOVASEQ-sent-gatk-DEL_gt50	DEL_gt50	I2-HG003-7x-4-D0-PF-ILMN-NOVASEQ	337668665.0	337668665.0	0.0	0.0	1.0			0.999999997038517	1.0	0.0	0.0	HG003	giabHC_x_clinvar_genes	-1	-2	sent	gatk
I2-HG003-7x-4-D0-PF-ILMN-NOVASEQ-sent-gatk-Indel_50	Indel_50	I2-HG003-7x-4-D0-PF-ILMN-NOVASEQ	337668665.0	337667544.0	841.0	280.0	1.0	0.39942938659058486	0.24977698483496877	0.9999999970385072	0.0035587188612099642	0.99644128113879	0.99644128113879	HG003	giabHC_x_clinvar_genes	-1	-2	sent	gatk
I2-HG003-7x-4-D0-PF-ILMN-NOVASEQ-sent-gatk-Indel_gt50	Indel_gt50	I2-HG003-7x-4-D0-PF-ILMN-NOVASEQ	337668665.0	337668645.0	13.0	7.0	0.0	0.5185185185185185	0.35	1.0	0.0	1.0	1.0	HG003	giabHC_x_clinvar_genes	-1	-2	sent	gatk
I2-HG003-7x-4-D0-PF-ILMN-NOVASEQ-sent-gatk-All	All	I2-HG003-7x-4-D0-PF-ILMN-NOVASEQ	337668665.0	337225325.0	63024.0	380316.0	3423.0	0.9196606370129092	0.8578427392069292	0.9999898496198195	0.00892012539773127	0.9910798746022688	0.9910798746022688	HG003	giabHC_x_clinvar_genes	-1	-2	sent	gatk
I2-HG003-7x-4-D0-PF-ILMN-NOVASEQ-sent-gatk-SNPts	SNPts	I2-HG003-7x-4-D0-PF-ILMN-NOVASEQ	3088286401.0	3085963423.0	339168.0	1983810.0	243403.0	0.8719677921212537	0.853994312473041	0.9999211319870238	0.10928591023849088	0.8907140897615091	0.8907140897615091	HG003	hg38	-1	-2	sent	gatk
I2-HG003-7x-4-D0-PF-ILMN-NOVASEQ-sent-gatk-SNPtv	SNPtv	I2-HG003-7x-4-D0-PF-ILMN-NOVASEQ	3088286401.0	3087179029.0	164043.0	943329.0	167120.0	0.8506809160883586	0.8518627886563864	0.9999458693674326	0.15049768156844665	0.8495023184315533	0.8495023184315533	HG003	hg38	-1	-2	sent	gatk
I2-HG003-7x-4-D0-PF-ILMN-NOVASEQ-sent-gatk-INS_50	INS_50	I2-HG003-7x-4-D0-PF-ILMN-NOVASEQ	3088286401.0	3088018051.0	61446.0	206904.0	86452.0	0.7366985576084286	0.7710229178311906	0.9999720048334129	0.294699955003477	0.705300044996523	0.705300044996523	HG003	hg38	-1	-2	sent	gatk
I2-HG003-7x-4-D0-PF-ILMN-NOVASEQ-sent-gatk-INS_gt50	INS_gt50	I2-HG003-7x-4-D0-PF-ILMN-NOVASEQ	3088286401.0	3088286162.0	198.0	41.0	976.0	0.06528662420382166	0.17154811715481172	0.9999996839672102	0.95968534906588	0.04031465093412001	0.04031465093411996	HG003	hg38	-1	-2	sent	gatk
I2-HG003-7x-4-D0-PF-ILMN-NOVASEQ-sent-gatk-DEL_50	DEL_50	I2-HG003-7x-4-D0-PF-ILMN-NOVASEQ	3088286401.0	3088002256.0	63553.0	220592.0	96651.0	0.73360958316428	0.7763360256207218	0.9999687021034913	0.304659204458412	0.695340795541588	0.695340795541588	HG003	hg38	-1	-2	sent	gatk
I2-HG003-7x-4-D0-PF-ILMN-NOVASEQ-sent-gatk-DEL_gt50	DEL_gt50	I2-HG003-7x-4-D0-PF-ILMN-NOVASEQ	3088286401.0	3088286263.0	103.0	35.0	952.0	0.06222222222222223	0.2536231884057971	0.999999691738516	0.9645390070921985	0.03546099290780147	0.03546099290780142	HG003	hg38	-1	-2	sent	gatk
I2-HG003-7x-4-D0-PF-ILMN-NOVASEQ-sent-gatk-Indel_50	Indel_50	I2-HG003-7x-4-D0-PF-ILMN-NOVASEQ	3088286401.0	3088270926.0	11781.0	3694.0	1316.0	0.3606541371735416	0.2387075928917609	0.9999995738717649	0.2626746506986028	0.7373253493013971	0.7373253493013973	HG003	hg38	-1	-2	sent	gatk
I2-HG003-7x-4-D0-PF-ILMN-NOVASEQ-sent-gatk-Indel_gt50	Indel_gt50	I2-HG003-7x-4-D0-PF-ILMN-NOVASEQ	3088286401.0	3088285717.0	492.0	192.0	146.0	0.37573385518590996	0.2807017543859649	0.9999999527245836	0.4319526627218935	0.5680473372781065	0.5680473372781065	HG003	hg38	-1	-2	sent	gatk
I2-HG003-7x-4-D0-PF-ILMN-NOVASEQ-sent-gatk-All	All	I2-HG003-7x-4-D0-PF-ILMN-NOVASEQ	3088286401.0	3084287020.0	640784.0	3358597.0	597016.0	0.844399631225366	0.8397792058321025	0.9998064705210851	0.15092881937641522	0.8490711806235848	0.8490711806235848	HG003	hg38	-1	-2	sent	gatk
I2-HG003-7x-4-D0-PF-ILMN-NOVASEQ-sent-gatk-SNPts	SNPts	I2-HG003-7x-4-D0-PF-ILMN-NOVASEQ	688815815.0	688747864.0	19046.0	48905.0	234223.0	0.27859826420834055	0.7197097908787214	0.9996600448626758	0.8272689384306745	0.1727310615693255	0.17273106156932552	HG003	hg38_m_giabHC	-1	-2	sent	gatk
I2-HG003-7x-4-D0-PF-ILMN-NOVASEQ-sent-gatk-SNPtv	SNPtv	I2-HG003-7x-4-D0-PF-ILMN-NOVASEQ	688815815.0	688780684.0	9384.0	25747.0	162005.0	0.2310360144111485	0.7328854857533232	0.9997648498161217	0.862866973454344	0.13713302654565596	0.13713302654565598	HG003	hg38_m_giabHC	-1	-2	sent	gatk
I2-HG003-7x-4-D0-PF-ILMN-NOVASEQ-sent-gatk-INS_50	INS_50	I2-HG003-7x-4-D0-PF-ILMN-NOVASEQ	688815815.0	688786206.0	9012.0	20597.0	85973.0	0.30249891686677094	0.6956330845351075	0.9998751974566242	0.8067279722248287	0.19327202777517127	0.19327202777517125	HG003	hg38_m_giabHC	-1	-2	sent	gatk
I2-HG003-7x-4-D0-PF-ILMN-NOVASEQ-sent-gatk-INS_gt50	INS_gt50	I2-HG003-7x-4-D0-PF-ILMN-NOVASEQ	688815815.0	688815577.0	198.0	40.0	975.0	0.06384676775738228	0.16806722689075632	0.9999985845287875	0.9605911330049262	0.039408866995073843	0.03940886699507389	HG003	hg38_m_giabHC	-1	-2	sent	gatk
I2-HG003-7x-4-D0-PF-ILMN-NOVASEQ-sent-gatk-DEL_50	DEL_50	I2-HG003-7x-4-D0-PF-ILMN-NOVASEQ	688815815.0	688785338.0	8308.0	22169.0	96117.0	0.2980445406451873	0.7274009909111789	0.9998604738169355	0.8125813705763996	0.18741862942360044	0.18741862942360044	HG003	hg38_m_giabHC	-1	-2	sent	gatk
I2-HG003-7x-4-D0-PF-ILMN-NOVASEQ-sent-gatk-DEL_gt50	DEL_gt50	I2-HG003-7x-4-D0-PF-ILMN-NOVASEQ	688815815.0	688815677.0	103.0	35.0	949.0	0.0623885918003565	0.2536231884057971	0.9999986222748346	0.9644308943089431	0.03556910569105687	0.03556910569105691	HG003	hg38_m_giabHC	-1	-2	sent	gatk
I2-HG003-7x-4-D0-PF-ILMN-NOVASEQ-sent-gatk-Indel_50	Indel_50	I2-HG003-7x-4-D0-PF-ILMN-NOVASEQ	688815815.0	688811791.0	3154.0	870.0	1315.0	0.28023836366564664	0.21620278330019882	0.9999980909190191	0.6018306636155606	0.3981693363844394	0.39816933638443935	HG003	hg38_m_giabHC	-1	-2	sent	gatk
I2-HG003-7x-4-D0-PF-ILMN-NOVASEQ-sent-gatk-Indel_gt50	Indel_gt50	I2-HG003-7x-4-D0-PF-ILMN-NOVASEQ	688815815.0	688815300.0	401.0	114.0	146.0	0.29419354838709677	0.22135922330097088	0.9999997880419191	0.5615384615384615	0.43846153846153846	0.43846153846153846	HG003	hg38_m_giabHC	-1	-2	sent	gatk
I2-HG003-7x-4-D0-PF-ILMN-NOVASEQ-sent-gatk-All	All	I2-HG003-7x-4-D0-PF-ILMN-NOVASEQ	688815815.0	688647732.0	49606.0	118477.0	581703.0	0.2729057900659132	0.7048719977630099	0.999156009638503	0.8307906538318718	0.16920934616812822	0.1692093461681282	HG003	hg38_m_giabHC	-1	-2	sent	gatk
I2-HG003-7x-4-D0-PF-ILMN-NOVASEQ-sent-gatk-SNPts	SNPts	I2-HG003-7x-4-D0-PF-ILMN-NOVASEQ	2528531102.0	2526276046.0	320122.0	1934934.0	9180.0	0.9215792644736935	0.8580425497193861	0.9999963662060382	0.004721945318021474	0.9952780546819785	0.9952780546819785	HG003	giabHC	-1	-2	sent	gatk
I2-HG003-7x-4-D0-PF-ILMN-NOVASEQ-sent-gatk-SNPtv	SNPtv	I2-HG003-7x-4-D0-PF-ILMN-NOVASEQ	2528531102.0	2527458852.0	154659.0	917591.0	5115.0	0.9199110155812961	0.8557621823268827	0.999997976232276	0.005543477554063808	0.9944565224459362	0.9944565224459362	HG003	giabHC	-1	-2	sent	gatk
I2-HG003-7x-4-D0-PF-ILMN-NOVASEQ-sent-gatk-INS_50	INS_50	I2-HG003-7x-4-D0-PF-ILMN-NOVASEQ	2528531102.0	2528292435.0	52419.0	186248.0	479.0	0.8756493979698821	0.780367625184881	0.9999998105441038	0.002565242305611936	0.997434757694388	0.997434757694388	HG003	giabHC	-1	-2	sent	gatk
I2-HG003-7x-4-D0-PF-ILMN-NOVASEQ-sent-gatk-INS_gt50	INS_gt50	I2-HG003-7x-4-D0-PF-ILMN-NOVASEQ	2528531102.0	2528531101.0	0.0	1.0	1.0	0.6666666666666666	1.0	0.9999999996045135	0.5	0.5	0.5	HG003	giabHC	-1	-2	sent	gatk
I2-HG003-7x-4-D0-PF-ILMN-NOVASEQ-sent-gatk-DEL_50	DEL_50	I2-HG003-7x-4-D0-PF-ILMN-NOVASEQ	2528531102.0	2528277236.0	55292.0	198574.0	538.0	0.8767489811867243	0.7822000582984724	0.9999997872069258	0.0027019968660854194	0.9972980031339146	0.9972980031339146	HG003	giabHC	-1	-2	sent	gatk
I2-HG003-7x-4-D0-PF-ILMN-NOVASEQ-sent-gatk-DEL_gt50	DEL_gt50	I2-HG003-7x-4-D0-PF-ILMN-NOVASEQ	2528531102.0	2528531102.0	0.0	0.0	3.0			0.9999999988135404	1.0	0.0	0.0	HG003	giabHC	-1	-2	sent	gatk
I2-HG003-7x-4-D0-PF-ILMN-NOVASEQ-sent-gatk-Indel_50	Indel_50	I2-HG003-7x-4-D0-PF-ILMN-NOVASEQ	2528531102.0	2528519650.0	8628.0	2824.0	1.0	0.39560131680325	0.24659448131330772	0.9999999996045117	0.00035398230088495576	0.9996460176991151	0.9996460176991151	HG003	giabHC	-1	-2	sent	gatk
I2-HG003-7x-4-D0-PF-ILMN-NOVASEQ-sent-gatk-Indel_gt50	Indel_gt50	I2-HG003-7x-4-D0-PF-ILMN-NOVASEQ	2528531102.0	2528530932.0	92.0	78.0	0.0	0.6290322580645161	0.4588235294117647	1.0	0.0	1.0	1.0	HG003	giabHC	-1	-2	sent	gatk
I2-HG003-7x-4-D0-PF-ILMN-NOVASEQ-sent-gatk-All	All	I2-HG003-7x-4-D0-PF-ILMN-NOVASEQ	2528531102.0	2524699640.0	591212.0	3240250.0	15317.0	0.9144170286307562	0.8456954551552384	0.9999939331765126	0.004704864006792058	0.995295135993208	0.995295135993208	HG003	giabHC	-1	-2	sent	gatk
