mqc_id	VariantClass	Sample	TgtRegionSize	TN	FN	TP	FP	Fscore	Sensitivity-Recall	Specificity	FDR	PPV	Precision	AltId	ROI	AllVarMeanDP	CovBin	Aligner	SNVCaller
HIOv1_HG001_sup-PAW79146_0-ont-sentdhio-SNPts	SNPts	HIOv1_HG001_sup-PAW79146_0	2799325643.0	2797106005.0	369.0	2219269.0	135759.0	0.9702430734833973	0.9998337566756381	0.9999514668335976	0.05764644836494513	0.9423535516350549	0.9423535516350549	HG001	ultima	-1	-2	ont	sentdhio
HIOv1_HG001_sup-PAW79146_0-ont-sentdhio-SNPtv	SNPtv	HIOv1_HG001_sup-PAW79146_0	2799325643.0	2798285099.0	316.0	1040228.0	84404.0	0.9608715411587787	0.9996963126979733	0.9999698381504267	0.0750503275738197	0.9249496724261803	0.9249496724261803	HG001	ultima	-1	-2	ont	sentdhio
HIOv1_HG001_sup-PAW79146_0-ont-sentdhio-INS_50	INS_50	HIOv1_HG001_sup-PAW79146_0	2799325643.0	2799164701.0	243.0	160699.0	27789.0	0.9197779240477348	0.9984901393048428	0.9999900724940856	0.14743113619965198	0.852568863800348	0.852568863800348	HG001	ultima	-1	-2	ont	sentdhio
HIOv1_HG001_sup-PAW79146_0-ont-sentdhio-INS_gt50	INS_gt50	HIOv1_HG001_sup-PAW79146_0	2799325643.0	2799325625.0	13.0	5.0	705.0	0.013736263736263736	0.2777777777777778	0.9999997481536924	0.9929577464788732	0.007042253521126751	0.007042253521126761	HG001	ultima	-1	-2	ont	sentdhio
HIOv1_HG001_sup-PAW79146_0-ont-sentdhio-DEL_50	DEL_50	HIOv1_HG001_sup-PAW79146_0	2799325643.0	2799153555.0	233.0	171855.0	39385.0	0.8966472577009768	0.998646041560132	0.9999859298730583	0.18644669570157169	0.8135533042984283	0.8135533042984283	HG001	ultima	-1	-2	ont	sentdhio
HIOv1_HG001_sup-PAW79146_0-ont-sentdhio-DEL_gt50	DEL_gt50	HIOv1_HG001_sup-PAW79146_0	2799325643.0	2799325615.0	23.0	5.0	1735.0	0.005656108597285068	0.17857142857142858	0.999999380208249	0.9971264367816092	0.002873563218390829	0.0028735632183908046	HG001	ultima	-1	-2	ont	sentdhio
HIOv1_HG001_sup-PAW79146_0-ont-sentdhio-Indel_50	Indel_50	HIOv1_HG001_sup-PAW79146_0	2799325643.0	2799308010.0	10.0	17623.0	3468.0	0.9101848982543126	0.9994328815289514	0.9999987611239309	0.1644303257313546	0.8355696742686454	0.8355696742686454	HG001	ultima	-1	-2	ont	sentdhio
HIOv1_HG001_sup-PAW79146_0-ont-sentdhio-Indel_gt50	Indel_gt50	HIOv1_HG001_sup-PAW79146_0	2799325643.0	2799324686.0	3.0	954.0	623.0	0.7529597474348856	0.9968652037617555	0.9999997774463733	0.39505389980976535	0.6049461001902346	0.6049461001902346	HG001	ultima	-1	-2	ont	sentdhio
HIOv1_HG001_sup-PAW79146_0-ont-sentdhio-All	All	HIOv1_HG001_sup-PAW79146_0	2799325643.0	2795713795.0	1210.0	3610638.0	293868.0	0.960741870327023	0.9996649914392853	0.9998948972837632	0.07526381058192765	0.9247361894180723	0.9247361894180723	HG001	ultima	-1	-2	ont	sentdhio
HIOv1_HG001_sup-PAW79146_0-ont-sentdhio-SNPts	SNPts	HIOv1_HG001_sup-PAW79146_0	330063947.0	329811374.0	17.0	252556.0	103.0	0.9997624853532634	0.9999326927264592	0.9999996877003767	0.00040766408479412964	0.9995923359152059	0.9995923359152059	HG001	giabHC_x_ultima_x_clinvar	-1	-2	ont	sentdhio
HIOv1_HG001_sup-PAW79146_0-ont-sentdhio-SNPtv	SNPtv	HIOv1_HG001_sup-PAW79146_0	330063947.0	329951556.0	15.0	112376.0	66.0	0.9996397326015309	0.999866537356194	0.9999997999706757	0.0005869692819409117	0.9994130307180591	0.9994130307180591	HG001	giabHC_x_ultima_x_clinvar	-1	-2	ont	sentdhio
HIOv1_HG001_sup-PAW79146_0-ont-sentdhio-INS_50	INS_50	HIOv1_HG001_sup-PAW79146_0	330063947.0	330047190.0	13.0	16744.0	4.0	0.9994926130428294	0.9992242048099301	0.9999999878805211	0.0002388344877000239	0.9997611655123	0.9997611655123	HG001	giabHC_x_ultima_x_clinvar	-1	-2	ont	sentdhio
HIOv1_HG001_sup-PAW79146_0-ont-sentdhio-INS_gt50	INS_gt50	HIOv1_HG001_sup-PAW79146_0	330063947.0	330063947.0	0.0	0.0	0.0			1.0				HG001	giabHC_x_ultima_x_clinvar	-1	-2	ont	sentdhio
HIOv1_HG001_sup-PAW79146_0-ont-sentdhio-DEL_50	DEL_50	HIOv1_HG001_sup-PAW79146_0	330063947.0	330045870.0	7.0	18070.0	11.0	0.999502184855357	0.9996127676052442	0.9999999666713004	0.0006083734306730822	0.9993916265693269	0.9993916265693269	HG001	giabHC_x_ultima_x_clinvar	-1	-2	ont	sentdhio
HIOv1_HG001_sup-PAW79146_0-ont-sentdhio-DEL_gt50	DEL_gt50	HIOv1_HG001_sup-PAW79146_0	330063947.0	330063947.0	0.0	0.0	0.0			1.0				HG001	giabHC_x_ultima_x_clinvar	-1	-2	ont	sentdhio
HIOv1_HG001_sup-PAW79146_0-ont-sentdhio-Indel_50	Indel_50	HIOv1_HG001_sup-PAW79146_0	330063947.0	330062824.0	0.0	1123.0	1.0	0.9995549621717846	1.0	0.9999999969702738	0.0008896797153024911	0.9991103202846975	0.9991103202846975	HG001	giabHC_x_ultima_x_clinvar	-1	-2	ont	sentdhio
HIOv1_HG001_sup-PAW79146_0-ont-sentdhio-Indel_gt50	Indel_gt50	HIOv1_HG001_sup-PAW79146_0	330063947.0	330063931.0	0.0	16.0	0.0	1.0	1.0	1.0	0.0	1.0	1.0	HG001	giabHC_x_ultima_x_clinvar	-1	-2	ont	sentdhio
HIOv1_HG001_sup-PAW79146_0-ont-sentdhio-All	All	HIOv1_HG001_sup-PAW79146_0	330063947.0	329663010.0	52.0	400885.0	185.0	0.9997044913573073	0.9998703038133173	0.9999994388211884	0.0004612661131473309	0.9995387338868527	0.9995387338868527	HG001	giabHC_x_ultima_x_clinvar	-1	-2	ont	sentdhio
HIOv1_HG001_sup-PAW79146_0-ont-sentdhio-SNPts	SNPts	HIOv1_HG001_sup-PAW79146_0	377862616.0	377595293.0	127.0	267196.0	39628.0	0.9307581507871678	0.9995249192923916	0.9998950626708593	0.12915547675540376	0.8708445232445963	0.8708445232445963	HG001	clinvar_genes	-1	-2	ont	sentdhio
HIOv1_HG001_sup-PAW79146_0-ont-sentdhio-SNPtv	SNPtv	HIOv1_HG001_sup-PAW79146_0	377862616.0	377741543.0	113.0	120960.0	24382.0	0.9080569787737177	0.9990666787805704	0.9999354573867402	0.16775605124465054	0.8322439487553495	0.8322439487553495	HG001	clinvar_genes	-1	-2	ont	sentdhio
HIOv1_HG001_sup-PAW79146_0-ont-sentdhio-INS_50	INS_50	HIOv1_HG001_sup-PAW79146_0	377862616.0	377835177.0	137.0	27302.0	20125.0	0.7293564501910079	0.9950071066729838	0.9999467388709554	0.4243363484934742	0.5756636515065259	0.5756636515065258	HG001	clinvar_genes	-1	-2	ont	sentdhio
HIOv1_HG001_sup-PAW79146_0-ont-sentdhio-INS_gt50	INS_gt50	HIOv1_HG001_sup-PAW79146_0	377862616.0	377862612.0	4.0	0.0	382.0		0.0	0.9999989890515715	1.0	0.0	0.0	HG001	clinvar_genes	-1	-2	ont	sentdhio
HIOv1_HG001_sup-PAW79146_0-ont-sentdhio-DEL_50	DEL_50	HIOv1_HG001_sup-PAW79146_0	377862616.0	377833592.0	76.0	28948.0	19352.0	0.7487455382546171	0.9973814773980154	0.9999487843080032	0.4006625258799172	0.5993374741200828	0.5993374741200829	HG001	clinvar_genes	-1	-2	ont	sentdhio
HIOv1_HG001_sup-PAW79146_0-ont-sentdhio-DEL_gt50	DEL_gt50	HIOv1_HG001_sup-PAW79146_0	377862616.0	377862604.0	5.0	7.0	473.0	0.028455284552845534	0.5833333333333334	0.9999987482238176	0.9854166666666667	0.014583333333333282	0.014583333333333334	HG001	clinvar_genes	-1	-2	ont	sentdhio
HIOv1_HG001_sup-PAW79146_0-ont-sentdhio-Indel_50	Indel_50	HIOv1_HG001_sup-PAW79146_0	377862616.0	377858823.0	23.0	3770.0	4435.0	0.6284380730121687	0.9939361982599525	0.9999882629498738	0.5405240706886045	0.45947592931139547	0.45947592931139547	HG001	clinvar_genes	-1	-2	ont	sentdhio
HIOv1_HG001_sup-PAW79146_0-ont-sentdhio-Indel_gt50	Indel_gt50	HIOv1_HG001_sup-PAW79146_0	377862616.0	377862468.0	3.0	145.0	283.0	0.5034722222222222	0.9797297297297297	0.9999992510508134	0.6612149532710281	0.3387850467289719	0.338785046728972	HG001	clinvar_genes	-1	-2	ont	sentdhio
HIOv1_HG001_sup-PAW79146_0-ont-sentdhio-All	All	HIOv1_HG001_sup-PAW79146_0	377862616.0	377413800.0	488.0	448328.0	109060.0	0.8911274453291779	0.9989126947345905	0.9997111168314416	0.19566262639310497	0.8043373736068951	0.8043373736068951	HG001	clinvar_genes	-1	-2	ont	sentdhio
HIOv1_HG001_sup-PAW79146_0-ont-sentdhio-SNPts	SNPts	HIOv1_HG001_sup-PAW79146_0	3088286401.0	3086011615.0	1262.0	2273524.0	461873.0	0.9075612607363842	0.9994452225396148	0.9998503557533232	0.16885044474348695	0.831149555256513	0.831149555256513	HG001	hg38	-1	-2	ont	sentdhio
HIOv1_HG001_sup-PAW79146_0-ont-sentdhio-SNPtv	SNPtv	HIOv1_HG001_sup-PAW79146_0	3088286401.0	3087206867.0	942.0	1078592.0	432477.0	0.8326957082964854	0.9991274012675839	0.999859932799198	0.28620599059341434	0.7137940094065857	0.7137940094065857	HG001	hg38	-1	-2	ont	sentdhio
HIOv1_HG001_sup-PAW79146_0-ont-sentdhio-INS_50	INS_50	HIOv1_HG001_sup-PAW79146_0	3088286401.0	3088044621.0	1085.0	240695.0	190364.0	0.7154609052091214	0.9955124493341054	0.9999383583176394	0.4416193606907639	0.5583806393092361	0.5583806393092361	HG001	hg38	-1	-2	ont	sentdhio
HIOv1_HG001_sup-PAW79146_0-ont-sentdhio-INS_gt50	INS_gt50	HIOv1_HG001_sup-PAW79146_0	3088286401.0	3088286368.0	25.0	8.0	2892.0	0.005455165359699966	0.24242424242424243	0.9999990635592211	0.9972413793103448	0.0027586206896551557	0.002758620689655172	HG001	hg38	-1	-2	ont	sentdhio
HIOv1_HG001_sup-PAW79146_0-ont-sentdhio-DEL_50	DEL_50	HIOv1_HG001_sup-PAW79146_0	3088286401.0	3088031196.0	679.0	254526.0	191074.0	0.7263818037827926	0.997339393820654	0.9999381281581134	0.4288016157989228	0.5711983842010773	0.5711983842010772	HG001	hg38	-1	-2	ont	sentdhio
HIOv1_HG001_sup-PAW79146_0-ont-sentdhio-DEL_gt50	DEL_gt50	HIOv1_HG001_sup-PAW79146_0	3088286401.0	3088286358.0	34.0	9.0	3524.0	0.0050335570469798654	0.20930232558139536	0.999998858915408	0.9974525898669686	0.0025474101330313914	0.002547410133031418	HG001	hg38	-1	-2	ont	sentdhio
HIOv1_HG001_sup-PAW79146_0-ont-sentdhio-Indel_50	Indel_50	HIOv1_HG001_sup-PAW79146_0	3088286401.0	3088247536.0	198.0	38667.0	42078.0	0.6465512916980186	0.9949054419143188	0.9999863749825116	0.5211220509009846	0.4788779490990154	0.47887794909901543	HG001	hg38	-1	-2	ont	sentdhio
HIOv1_HG001_sup-PAW79146_0-ont-sentdhio-Indel_gt50	Indel_gt50	HIOv1_HG001_sup-PAW79146_0	3088286401.0	3088284914.0	33.0	1454.0	2333.0	0.5513841486537733	0.9778076664425017	0.9999992445650895	0.6160549247425403	0.3839450752574597	0.38394507525745974	HG001	hg38	-1	-2	ont	sentdhio
HIOv1_HG001_sup-PAW79146_0-ont-sentdhio-All	All	HIOv1_HG001_sup-PAW79146_0	3088286401.0	3084394668.0	4258.0	3887475.0	1326615.0	0.8538437437231099	0.9989058858868273	0.9995700794471268	0.2544288648642429	0.7455711351357571	0.7455711351357571	HG001	hg38	-1	-2	ont	sentdhio
HIOv1_HG001_sup-PAW79146_0-ont-sentdhio-SNPts	SNPts	HIOv1_HG001_sup-PAW79146_0	2490378273.0	2488213057.0	189.0	2165027.0	614.0	0.9998145863509231	0.999912710787284	0.9999997532366263	0.0002835188288363584	0.9997164811711636	0.9997164811711636	HG001	giabHC_x_ultima	-1	-2	ont	sentdhio
HIOv1_HG001_sup-PAW79146_0-ont-sentdhio-SNPtv	SNPtv	HIOv1_HG001_sup-PAW79146_0	2490378273.0	2489363426.0	108.0	1014739.0	567.0	0.9996675127441135	0.9998935800174805	0.9999997722309788	0.0005584523286575673	0.9994415476713424	0.9994415476713424	HG001	giabHC_x_ultima	-1	-2	ont	sentdhio
HIOv1_HG001_sup-PAW79146_0-ont-sentdhio-INS_50	INS_50	HIOv1_HG001_sup-PAW79146_0	2490378273.0	2490230760.0	99.0	147414.0	35.0	0.9995457041924045	0.9993288727095239	0.9999999859450779	0.00023737020936052464	0.9997626297906395	0.9997626297906395	HG001	giabHC_x_ultima	-1	-2	ont	sentdhio
HIOv1_HG001_sup-PAW79146_0-ont-sentdhio-INS_gt50	INS_gt50	HIOv1_HG001_sup-PAW79146_0	2490378273.0	2490378273.0	0.0	0.0	0.0			1.0				HG001	giabHC_x_ultima	-1	-2	ont	sentdhio
HIOv1_HG001_sup-PAW79146_0-ont-sentdhio-DEL_50	DEL_50	HIOv1_HG001_sup-PAW79146_0	2490378273.0	2490220818.0	50.0	157405.0	57.0	0.9996602279330744	0.9996824489536693	0.9999999771104642	0.00036199209968119293	0.9996380079003188	0.9996380079003188	HG001	giabHC_x_ultima	-1	-2	ont	sentdhio
HIOv1_HG001_sup-PAW79146_0-ont-sentdhio-DEL_gt50	DEL_gt50	HIOv1_HG001_sup-PAW79146_0	2490378273.0	2490378273.0	0.0	0.0	0.0			1.0				HG001	giabHC_x_ultima	-1	-2	ont	sentdhio
HIOv1_HG001_sup-PAW79146_0-ont-sentdhio-Indel_50	Indel_50	HIOv1_HG001_sup-PAW79146_0	2490378273.0	2490366234.0	4.0	12035.0	6.0	0.9995847176079734	0.9996677464905723	0.9999999975907158	0.0004982974835977079	0.9995017025164022	0.9995017025164022	HG001	giabHC_x_ultima	-1	-2	ont	sentdhio
HIOv1_HG001_sup-PAW79146_0-ont-sentdhio-Indel_gt50	Indel_gt50	HIOv1_HG001_sup-PAW79146_0	2490378273.0	2490378105.0	1.0	167.0	0.0	0.9970149253731343	0.9940476190476191	1.0	0.0	1.0	1.0	HG001	giabHC_x_ultima	-1	-2	ont	sentdhio
HIOv1_HG001_sup-PAW79146_0-ont-sentdhio-All	All	HIOv1_HG001_sup-PAW79146_0	2490378273.0	2486881035.0	451.0	3496787.0	1279.0	0.9997526912340049	0.9998710410901402	0.9999994857014372	0.0003656306084562155	0.9996343693915438	0.9996343693915438	HG001	giabHC_x_ultima	-1	-2	ont	sentdhio
HIOv1_HG001_sup-PAW79146_0-ont-sentdhio-SNPts	SNPts	HIOv1_HG001_sup-PAW79146_0	2512291789.0	2510083965.0	490.0	2207334.0	1116.0	0.9996363450275052	0.9997780620194363	0.9999995553935568	0.0005053317937920261	0.999494668206208	0.999494668206208	HG001	giabHC	-1	-2	ont	sentdhio
HIOv1_HG001_sup-PAW79146_0-ont-sentdhio-SNPtv	SNPtv	HIOv1_HG001_sup-PAW79146_0	2512291789.0	2511246467.0	307.0	1045015.0	848.0	0.99944768157767	0.9997063105913776	0.9999996623192009	0.0008108136534134968	0.9991891863465865	0.9991891863465865	HG001	giabHC	-1	-2	ont	sentdhio
HIOv1_HG001_sup-PAW79146_0-ont-sentdhio-INS_50	INS_50	HIOv1_HG001_sup-PAW79146_0	2512291789.0	2512079462.0	328.0	211999.0	144.0	0.9988880250665537	0.9984552129498369	0.9999999426769758	0.000678787421691972	0.9993212125783081	0.9993212125783081	HG001	giabHC	-1	-2	ont	sentdhio
HIOv1_HG001_sup-PAW79146_0-ont-sentdhio-INS_gt50	INS_gt50	HIOv1_HG001_sup-PAW79146_0	2512291789.0	2512291788.0	0.0	1.0	0.0	1.0	1.0	1.0	0.0	1.0	1.0	HG001	giabHC	-1	-2	ont	sentdhio
HIOv1_HG001_sup-PAW79146_0-ont-sentdhio-DEL_50	DEL_50	HIOv1_HG001_sup-PAW79146_0	2512291789.0	2512064582.0	175.0	227032.0	174.0	0.9992319761978641	0.9992297772515811	0.9999999307342696	0.0007658248461748369	0.9992341751538252	0.9992341751538252	HG001	giabHC	-1	-2	ont	sentdhio
HIOv1_HG001_sup-PAW79146_0-ont-sentdhio-DEL_gt50	DEL_gt50	HIOv1_HG001_sup-PAW79146_0	2512291789.0	2512291789.0	0.0	0.0	0.0			1.0				HG001	giabHC	-1	-2	ont	sentdhio
HIOv1_HG001_sup-PAW79146_0-ont-sentdhio-Indel_50	Indel_50	HIOv1_HG001_sup-PAW79146_0	2512291789.0	2512263775.0	73.0	27941.0	23.0	0.9982850405516454	0.9973941600628258	0.9999999908449104	0.0008224860534973538	0.9991775139465027	0.9991775139465027	HG001	giabHC	-1	-2	ont	sentdhio
HIOv1_HG001_sup-PAW79146_0-ont-sentdhio-Indel_gt50	Indel_gt50	HIOv1_HG001_sup-PAW79146_0	2512291789.0	2512291531.0	2.0	256.0	0.0	0.9961089494163424	0.9922480620155039	1.0	0.0	1.0	1.0	HG001	giabHC	-1	-2	ont	sentdhio
HIOv1_HG001_sup-PAW79146_0-ont-sentdhio-All	All	HIOv1_HG001_sup-PAW79146_0	2512291789.0	2508570836.0	1375.0	3719578.0	2305.0	0.9995055648142724	0.9996304710110555	0.9999990811509689	0.0006193101717598324	0.9993806898282401	0.9993806898282401	HG001	giabHC	-1	-2	ont	sentdhio
HIOv1_HG001_sup-PAW79146_0-ont-sentdhio-SNPts	SNPts	HIOv1_HG001_sup-PAW79146_0	334933992.0	334674299.0	47.0	259646.0	206.0	0.9995130354444755	0.999819017070156	0.9999993844765678	0.0007927589550975171	0.9992072410449024	0.9992072410449024	HG001	giabHC_x_clinvar_genes	-1	-2	ont	sentdhio
HIOv1_HG001_sup-PAW79146_0-ont-sentdhio-SNPtv	SNPtv	HIOv1_HG001_sup-PAW79146_0	334933992.0	334816926.0	30.0	117036.0	125.0	0.9993382487928378	0.9997437343037261	0.9999996266617855	0.0010669079301132629	0.9989330920698868	0.9989330920698868	HG001	giabHC_x_clinvar_genes	-1	-2	ont	sentdhio
HIOv1_HG001_sup-PAW79146_0-ont-sentdhio-INS_50	INS_50	HIOv1_HG001_sup-PAW79146_0	334933992.0	334909705.0	45.0	24242.0	24.0	0.9985788725722407	0.9981471569152222	0.9999999283388987	0.0009890381603890218	0.999010961839611	0.999010961839611	HG001	giabHC_x_clinvar_genes	-1	-2	ont	sentdhio
HIOv1_HG001_sup-PAW79146_0-ont-sentdhio-INS_gt50	INS_gt50	HIOv1_HG001_sup-PAW79146_0	334933992.0	334933992.0	0.0	0.0	0.0			1.0				HG001	giabHC_x_clinvar_genes	-1	-2	ont	sentdhio
HIOv1_HG001_sup-PAW79146_0-ont-sentdhio-DEL_50	DEL_50	HIOv1_HG001_sup-PAW79146_0	334933992.0	334907908.0	18.0	26066.0	28.0	0.9991184023918127	0.9993099217911363	0.9999999163949342	0.0010730436115582126	0.9989269563884418	0.9989269563884418	HG001	giabHC_x_clinvar_genes	-1	-2	ont	sentdhio
HIOv1_HG001_sup-PAW79146_0-ont-sentdhio-DEL_gt50	DEL_gt50	HIOv1_HG001_sup-PAW79146_0	334933992.0	334933992.0	0.0	0.0	0.0			1.0				HG001	giabHC_x_clinvar_genes	-1	-2	ont	sentdhio
HIOv1_HG001_sup-PAW79146_0-ont-sentdhio-Indel_50	Indel_50	HIOv1_HG001_sup-PAW79146_0	334933992.0	334931212.0	9.0	2771.0	5.0	0.9974802015838733	0.9967625899280576	0.9999999850715617	0.0018011527377521613	0.9981988472622478	0.9981988472622478	HG001	giabHC_x_clinvar_genes	-1	-2	ont	sentdhio
HIOv1_HG001_sup-PAW79146_0-ont-sentdhio-Indel_gt50	Indel_gt50	HIOv1_HG001_sup-PAW79146_0	334933992.0	334933964.0	1.0	27.0	0.0	0.9818181818181818	0.9642857142857143	1.0	0.0	1.0	1.0	HG001	giabHC_x_clinvar_genes	-1	-2	ont	sentdhio
HIOv1_HG001_sup-PAW79146_0-ont-sentdhio-All	All	HIOv1_HG001_sup-PAW79146_0	334933992.0	334504054.0	150.0	429788.0	388.0	0.999374501519566	0.9996511124859864	0.999998840075194	0.0009019564085397605	0.9990980435914603	0.9990980435914603	HG001	giabHC_x_clinvar_genes	-1	-2	ont	sentdhio
HIOv1_HG001_sup-PAW81754_0-ont-sentdhio-SNPts	SNPts	HIOv1_HG001_sup-PAW81754_0	2490378273.0	2488213055.0	190.0	2165028.0	626.0	0.9998115852881361	0.9999122490206529	0.9999997484138904	0.00028905817826855077	0.9997109418217315	0.9997109418217315	HG001	giabHC_x_ultima	-1	-2	ont	sentdhio
HIOv1_HG001_sup-PAW81754_0-ont-sentdhio-SNPtv	SNPtv	HIOv1_HG001_sup-PAW81754_0	2490378273.0	2489363421.0	117.0	1014735.0	571.0	0.9996611101204932	0.9998847122536094	0.9999997706241426	0.0005623920276251692	0.9994376079723748	0.9994376079723748	HG001	giabHC_x_ultima	-1	-2	ont	sentdhio
HIOv1_HG001_sup-PAW81754_0-ont-sentdhio-INS_50	INS_50	HIOv1_HG001_sup-PAW81754_0	2490378273.0	2490230757.0	102.0	147414.0	33.0	0.9995423154768563	0.9993085495810624	0.9999999867482162	0.00022380923314818205	0.9997761907668519	0.9997761907668519	HG001	giabHC_x_ultima	-1	-2	ont	sentdhio
HIOv1_HG001_sup-PAW81754_0-ont-sentdhio-INS_gt50	INS_gt50	HIOv1_HG001_sup-PAW81754_0	2490378273.0	2490378273.0	0.0	0.0	0.0			1.0				HG001	giabHC_x_ultima	-1	-2	ont	sentdhio
HIOv1_HG001_sup-PAW81754_0-ont-sentdhio-DEL_50	DEL_50	HIOv1_HG001_sup-PAW81754_0	2490378273.0	2490220822.0	57.0	157394.0	62.0	0.9996221106548918	0.9996379826104629	0.9999999751026102	0.00039376079666700537	0.999606239203333	0.999606239203333	HG001	giabHC_x_ultima	-1	-2	ont	sentdhio
HIOv1_HG001_sup-PAW81754_0-ont-sentdhio-DEL_gt50	DEL_gt50	HIOv1_HG001_sup-PAW81754_0	2490378273.0	2490378273.0	0.0	0.0	0.0			1.0				HG001	giabHC_x_ultima	-1	-2	ont	sentdhio
HIOv1_HG001_sup-PAW81754_0-ont-sentdhio-Indel_50	Indel_50	HIOv1_HG001_sup-PAW81754_0	2490378273.0	2490366237.0	4.0	12032.0	6.0	0.9995846141065049	0.9996676636756398	0.9999999975907158	0.0004984216647283602	0.9995015783352716	0.9995015783352716	HG001	giabHC_x_ultima	-1	-2	ont	sentdhio
HIOv1_HG001_sup-PAW81754_0-ont-sentdhio-Indel_gt50	Indel_gt50	HIOv1_HG001_sup-PAW81754_0	2490378273.0	2490378103.0	1.0	169.0	0.0	0.9970501474926253	0.9941176470588236	1.0	0.0	1.0	1.0	HG001	giabHC_x_ultima	-1	-2	ont	sentdhio
HIOv1_HG001_sup-PAW81754_0-ont-sentdhio-All	All	HIOv1_HG001_sup-PAW81754_0	2490378273.0	2486881030.0	471.0	3496772.0	1298.0	0.9997471163906461	0.9998653224840253	0.999999478061352	0.00037106175691166844	0.9996289382430883	0.9996289382430883	HG001	giabHC_x_ultima	-1	-2	ont	sentdhio
HIOv1_HG001_sup-PAW81754_0-ont-sentdhio-SNPts	SNPts	HIOv1_HG001_sup-PAW81754_0	2512291789.0	2510083965.0	419.0	2207405.0	1150.0	0.9996447315776115	0.9998102203798853	0.9999995418482054	0.0005207024502446169	0.9994792975497554	0.9994792975497554	HG001	giabHC	-1	-2	ont	sentdhio
HIOv1_HG001_sup-PAW81754_0-ont-sentdhio-SNPtv	SNPtv	HIOv1_HG001_sup-PAW81754_0	2512291789.0	2511246460.0	283.0	1045046.0	853.0	0.999456778505261	0.999729271836905	0.9999996603281582	0.0008155663214134444	0.9991844336785866	0.9991844336785866	HG001	giabHC	-1	-2	ont	sentdhio
HIOv1_HG001_sup-PAW81754_0-ont-sentdhio-INS_50	INS_50	HIOv1_HG001_sup-PAW81754_0	2512291789.0	2512079453.0	333.0	212003.0	132.0	0.9989045188010488	0.9984317308416849	0.9999999474538941	0.000622245268343272	0.9993777547316567	0.9993777547316567	HG001	giabHC	-1	-2	ont	sentdhio
HIOv1_HG001_sup-PAW81754_0-ont-sentdhio-INS_gt50	INS_gt50	HIOv1_HG001_sup-PAW81754_0	2512291789.0	2512291788.0	0.0	1.0	0.0	1.0	1.0	1.0	0.0	1.0	1.0	HG001	giabHC	-1	-2	ont	sentdhio
HIOv1_HG001_sup-PAW81754_0-ont-sentdhio-DEL_50	DEL_50	HIOv1_HG001_sup-PAW81754_0	2512291789.0	2512064580.0	178.0	227031.0	175.0	0.9992231770518138	0.9992165803291243	0.9999999303361907	0.0007702261383942325	0.9992297738616057	0.9992297738616057	HG001	giabHC	-1	-2	ont	sentdhio
HIOv1_HG001_sup-PAW81754_0-ont-sentdhio-DEL_gt50	DEL_gt50	HIOv1_HG001_sup-PAW81754_0	2512291789.0	2512291789.0	0.0	0.0	0.0			1.0				HG001	giabHC	-1	-2	ont	sentdhio
HIOv1_HG001_sup-PAW81754_0-ont-sentdhio-Indel_50	Indel_50	HIOv1_HG001_sup-PAW81754_0	2512291789.0	2512263793.0	70.0	27926.0	24.0	0.9983198083866585	0.9974996428061151	0.9999999904468632	0.0008586762075134168	0.9991413237924865	0.9991413237924865	HG001	giabHC	-1	-2	ont	sentdhio
HIOv1_HG001_sup-PAW81754_0-ont-sentdhio-Indel_gt50	Indel_gt50	HIOv1_HG001_sup-PAW81754_0	2512291789.0	2512291529.0	2.0	258.0	0.0	0.9961389961389961	0.9923076923076923	1.0	0.0	1.0	1.0	HG001	giabHC	-1	-2	ont	sentdhio
HIOv1_HG001_sup-PAW81754_0-ont-sentdhio-All	All	HIOv1_HG001_sup-PAW81754_0	2512291789.0	2508570834.0	1285.0	3719670.0	2334.0	0.9995137686503446	0.9996546585486791	0.9999990695906223	0.0006270815399446104	0.9993729184600554	0.9993729184600554	HG001	giabHC	-1	-2	ont	sentdhio
HIOv1_HG001_sup-PAW81754_0-ont-sentdhio-SNPts	SNPts	HIOv1_HG001_sup-PAW81754_0	330063947.0	329811374.0	17.0	252556.0	104.0	0.9997605065385673	0.9999326927264592	0.9999996846683425	0.00041162035937623685	0.9995883796406237	0.9995883796406237	HG001	giabHC_x_ultima_x_clinvar	-1	-2	ont	sentdhio
HIOv1_HG001_sup-PAW81754_0-ont-sentdhio-SNPtv	SNPtv	HIOv1_HG001_sup-PAW81754_0	330063947.0	329951554.0	16.0	112377.0	67.0	0.9996308436778644	0.9998576423798635	0.9999997969399278	0.0005958521575184091	0.9994041478424815	0.9994041478424815	HG001	giabHC_x_ultima_x_clinvar	-1	-2	ont	sentdhio
HIOv1_HG001_sup-PAW81754_0-ont-sentdhio-INS_50	INS_50	HIOv1_HG001_sup-PAW81754_0	330063947.0	330047190.0	11.0	16746.0	6.0	0.9994926736100748	0.9993435579160947	0.9999999818207818	0.00035816618911174784	0.9996418338108882	0.9996418338108882	HG001	giabHC_x_ultima_x_clinvar	-1	-2	ont	sentdhio
HIOv1_HG001_sup-PAW81754_0-ont-sentdhio-INS_gt50	INS_gt50	HIOv1_HG001_sup-PAW81754_0	330063947.0	330063947.0	0.0	0.0	0.0			1.0				HG001	giabHC_x_ultima_x_clinvar	-1	-2	ont	sentdhio
HIOv1_HG001_sup-PAW81754_0-ont-sentdhio-DEL_50	DEL_50	HIOv1_HG001_sup-PAW81754_0	330063947.0	330045873.0	7.0	18067.0	11.0	0.9995021022350078	0.9996127033307514	0.9999999666713008	0.0006084743887598185	0.9993915256112402	0.9993915256112402	HG001	giabHC_x_ultima_x_clinvar	-1	-2	ont	sentdhio
HIOv1_HG001_sup-PAW81754_0-ont-sentdhio-DEL_gt50	DEL_gt50	HIOv1_HG001_sup-PAW81754_0	330063947.0	330063947.0	0.0	0.0	0.0			1.0				HG001	giabHC_x_ultima_x_clinvar	-1	-2	ont	sentdhio
HIOv1_HG001_sup-PAW81754_0-ont-sentdhio-Indel_50	Indel_50	HIOv1_HG001_sup-PAW81754_0	330063947.0	330062824.0	0.0	1123.0	1.0	0.9995549621717846	1.0	0.9999999969702738	0.0008896797153024911	0.9991103202846975	0.9991103202846975	HG001	giabHC_x_ultima_x_clinvar	-1	-2	ont	sentdhio
HIOv1_HG001_sup-PAW81754_0-ont-sentdhio-Indel_gt50	Indel_gt50	HIOv1_HG001_sup-PAW81754_0	330063947.0	330063930.0	0.0	17.0	0.0	1.0	1.0	1.0	0.0	1.0	1.0	HG001	giabHC_x_ultima_x_clinvar	-1	-2	ont	sentdhio
HIOv1_HG001_sup-PAW81754_0-ont-sentdhio-All	All	HIOv1_HG001_sup-PAW81754_0	330063947.0	329663010.0	51.0	400886.0	189.0	0.9997007526071929	0.9998727979707535	0.9999994266875994	0.00047123355980801596	0.999528766440192	0.999528766440192	HG001	giabHC_x_ultima_x_clinvar	-1	-2	ont	sentdhio
HIOv1_HG001_sup-PAW81754_0-ont-sentdhio-SNPts	SNPts	HIOv1_HG001_sup-PAW81754_0	334933992.0	334674298.0	51.0	259643.0	195.0	0.9995264969241547	0.9998036150238357	0.999999417344303	0.0007504675990424803	0.9992495324009575	0.9992495324009575	HG001	giabHC_x_clinvar_genes	-1	-2	ont	sentdhio
HIOv1_HG001_sup-PAW81754_0-ont-sentdhio-SNPtv	SNPtv	HIOv1_HG001_sup-PAW81754_0	334933992.0	334816923.0	40.0	117029.0	112.0	0.99935100977755	0.9996583211610247	0.9999996654889438	0.0009561127188601771	0.9990438872811398	0.9990438872811398	HG001	giabHC_x_clinvar_genes	-1	-2	ont	sentdhio
HIOv1_HG001_sup-PAW81754_0-ont-sentdhio-INS_50	INS_50	HIOv1_HG001_sup-PAW81754_0	334933992.0	334909710.0	45.0	24237.0	29.0	0.9984757353547006	0.9981467753891772	0.9999999134095052	0.0011950877771367346	0.9988049122228633	0.9988049122228633	HG001	giabHC_x_clinvar_genes	-1	-2	ont	sentdhio
HIOv1_HG001_sup-PAW81754_0-ont-sentdhio-INS_gt50	INS_gt50	HIOv1_HG001_sup-PAW81754_0	334933992.0	334933992.0	0.0	0.0	0.0			1.0				HG001	giabHC_x_clinvar_genes	-1	-2	ont	sentdhio
HIOv1_HG001_sup-PAW81754_0-ont-sentdhio-DEL_50	DEL_50	HIOv1_HG001_sup-PAW81754_0	334933992.0	334907909.0	19.0	26064.0	26.0	0.9991374849059859	0.9992715561860216	0.9999999223667244	0.0009965504024530471	0.9990034495975469	0.9990034495975469	HG001	giabHC_x_clinvar_genes	-1	-2	ont	sentdhio
HIOv1_HG001_sup-PAW81754_0-ont-sentdhio-DEL_gt50	DEL_gt50	HIOv1_HG001_sup-PAW81754_0	334933992.0	334933992.0	0.0	0.0	0.0			1.0				HG001	giabHC_x_clinvar_genes	-1	-2	ont	sentdhio
HIOv1_HG001_sup-PAW81754_0-ont-sentdhio-Indel_50	Indel_50	HIOv1_HG001_sup-PAW81754_0	334933992.0	334931210.0	9.0	2773.0	5.0	0.9974820143884893	0.996764917325665	0.9999999850715616	0.0017998560115190785	0.9982001439884809	0.9982001439884809	HG001	giabHC_x_clinvar_genes	-1	-2	ont	sentdhio
HIOv1_HG001_sup-PAW81754_0-ont-sentdhio-Indel_gt50	Indel_gt50	HIOv1_HG001_sup-PAW81754_0	334933992.0	334933963.0	1.0	28.0	0.0	0.9824561403508771	0.9655172413793104	1.0	0.0	1.0	1.0	HG001	giabHC_x_clinvar_genes	-1	-2	ont	sentdhio
HIOv1_HG001_sup-PAW81754_0-ont-sentdhio-All	All	HIOv1_HG001_sup-PAW81754_0	334933992.0	334504053.0	165.0	429774.0	367.0	0.9993814528881034	0.9996162246272146	0.9999989028545572	0.0008532085990407797	0.9991467914009592	0.9991467914009592	HG001	giabHC_x_clinvar_genes	-1	-2	ont	sentdhio
HIOv1_HG001_sup-PAW81754_0-ont-sentdhio-SNPts	SNPts	HIOv1_HG001_sup-PAW81754_0	2799325643.0	2797106001.0	386.0	2219256.0	135706.0	0.9702505397188478	0.9998260980824836	0.999951485779845	0.057625558289263266	0.9423744417107367	0.9423744417107367	HG001	ultima	-1	-2	ont	sentdhio
HIOv1_HG001_sup-PAW81754_0-ont-sentdhio-SNPtv	SNPtv	HIOv1_HG001_sup-PAW81754_0	2799325643.0	2798285092.0	333.0	1040218.0	84126.0	0.9609870224652928	0.9996799772428262	0.999969937490929	0.07482229637904414	0.9251777036209559	0.9251777036209559	HG001	ultima	-1	-2	ont	sentdhio
HIOv1_HG001_sup-PAW81754_0-ont-sentdhio-INS_50	INS_50	HIOv1_HG001_sup-PAW81754_0	2799325643.0	2799164695.0	244.0	160704.0	27847.0	0.9196249488553616	0.9984839824042548	0.999990051774009	0.14768948454264363	0.8523105154573564	0.8523105154573564	HG001	ultima	-1	-2	ont	sentdhio
HIOv1_HG001_sup-PAW81754_0-ont-sentdhio-INS_gt50	INS_gt50	HIOv1_HG001_sup-PAW81754_0	2799325643.0	2799325625.0	14.0	4.0	689.0	0.011251758087201125	0.2222222222222222	0.9999997538693519	0.9942279942279942	0.005772005772005762	0.005772005772005772	HG001	ultima	-1	-2	ont	sentdhio
HIOv1_HG001_sup-PAW81754_0-ont-sentdhio-DEL_50	DEL_50	HIOv1_HG001_sup-PAW81754_0	2799325643.0	2799153565.0	235.0	171843.0	39311.0	0.896809243486974	0.9986343402410535	0.9999859563089285	0.18617217765232957	0.8138278223476705	0.8138278223476704	HG001	ultima	-1	-2	ont	sentdhio
HIOv1_HG001_sup-PAW81754_0-ont-sentdhio-DEL_gt50	DEL_gt50	HIOv1_HG001_sup-PAW81754_0	2799325643.0	2799325616.0	23.0	4.0	1730.0	0.004542873367404884	0.14814814814814814	0.9999993819943914	0.9976931949250288	0.0023068050749711633	0.002306805074971165	HG001	ultima	-1	-2	ont	sentdhio
HIOv1_HG001_sup-PAW81754_0-ont-sentdhio-Indel_50	Indel_50	HIOv1_HG001_sup-PAW81754_0	2799325643.0	2799308021.0	10.0	17612.0	3478.0	0.9098987394089689	0.9994325275224152	0.9999987575516333	0.1649122807017544	0.8350877192982455	0.8350877192982457	HG001	ultima	-1	-2	ont	sentdhio
HIOv1_HG001_sup-PAW81754_0-ont-sentdhio-Indel_gt50	Indel_gt50	HIOv1_HG001_sup-PAW81754_0	2799325643.0	2799324681.0	3.0	959.0	616.0	0.7560110366574694	0.9968814968814969	0.9999997799469749	0.39111111111111113	0.6088888888888888	0.6088888888888889	HG001	ultima	-1	-2	ont	sentdhio
HIOv1_HG001_sup-PAW81754_0-ont-sentdhio-All	All	HIOv1_HG001_sup-PAW81754_0	2799325643.0	2795713795.0	1248.0	3610600.0	293503.0	0.9607832728020712	0.9996544705092795	0.9998950278133358	0.07517808828301917	0.9248219117169808	0.9248219117169808	HG001	ultima	-1	-2	ont	sentdhio
HIOv1_HG001_sup-PAW81754_0-ont-sentdhio-SNPts	SNPts	HIOv1_HG001_sup-PAW81754_0	3088286401.0	3086011609.0	1178.0	2273614.0	463765.0	0.9072372031999706	0.9994821504559538	0.9998497428478106	0.16941936063657972	0.8305806393634203	0.8305806393634203	HG001	hg38	-1	-2	ont	sentdhio
HIOv1_HG001_sup-PAW81754_0-ont-sentdhio-SNPtv	SNPtv	HIOv1_HG001_sup-PAW81754_0	3088286401.0	3087206853.0	922.0	1078626.0	433303.0	0.8324411136969381	0.9991459388558915	0.999859665317813	0.2865895157775266	0.7134104842224733	0.7134104842224734	HG001	hg38	-1	-2	ont	sentdhio
HIOv1_HG001_sup-PAW81754_0-ont-sentdhio-INS_50	INS_50	HIOv1_HG001_sup-PAW81754_0	3088286401.0	3088044609.0	1074.0	240718.0	190344.0	0.7155133208690146	0.9955581656961355	0.999938364793192	0.441569890178211	0.558430109821789	0.558430109821789	HG001	hg38	-1	-2	ont	sentdhio
HIOv1_HG001_sup-PAW81754_0-ont-sentdhio-INS_gt50	INS_gt50	HIOv1_HG001_sup-PAW81754_0	3088286401.0	3088286368.0	26.0	7.0	2881.0	0.004792879150975693	0.21212121212121213	0.9999990671210603	0.9975761772853186	0.002423822714681445	0.0024238227146814403	HG001	hg38	-1	-2	ont	sentdhio
HIOv1_HG001_sup-PAW81754_0-ont-sentdhio-DEL_50	DEL_50	HIOv1_HG001_sup-PAW81754_0	3088286401.0	3088031194.0	677.0	254530.0	191189.0	0.7262678228514852	0.9973472514468646	0.9999380909221265	0.42894514256740235	0.5710548574325977	0.5710548574325977	HG001	hg38	-1	-2	ont	sentdhio
HIOv1_HG001_sup-PAW81754_0-ont-sentdhio-DEL_gt50	DEL_gt50	HIOv1_HG001_sup-PAW81754_0	3088286401.0	3088286359.0	34.0	8.0	3534.0	0.004464285714285714	0.19047619047619047	0.9999988556773741	0.9977413890457368	0.0022586109542631627	0.002258610954263128	HG001	hg38	-1	-2	ont	sentdhio
HIOv1_HG001_sup-PAW81754_0-ont-sentdhio-Indel_50	Indel_50	HIOv1_HG001_sup-PAW81754_0	3088286401.0	3088247562.0	192.0	38647.0	42049.0	0.6466223281883967	0.9950565153582739	0.9999863843728094	0.5210791117279667	0.4789208882720333	0.47892088827203333	HG001	hg38	-1	-2	ont	sentdhio
HIOv1_HG001_sup-PAW81754_0-ont-sentdhio-Indel_gt50	Indel_gt50	HIOv1_HG001_sup-PAW81754_0	3088286401.0	3088284913.0	33.0	1455.0	2307.0	0.5542857142857142	0.9778225806451613	0.999999252983989	0.613237639553429	0.386762360446571	0.386762360446571	HG001	hg38	-1	-2	ont	sentdhio
HIOv1_HG001_sup-PAW81754_0-ont-sentdhio-All	All	HIOv1_HG001_sup-PAW81754_0	3088286401.0	3084394660.0	4136.0	3887605.0	1329372.0	0.853600912883679	0.998937236573554	0.9995691863607329	0.25481653455631487	0.7451834654436851	0.7451834654436851	HG001	hg38	-1	-2	ont	sentdhio
HIOv1_HG001_sup-PAW81754_0-ont-sentdhio-SNPts	SNPts	HIOv1_HG001_sup-PAW81754_0	377862616.0	377595292.0	138.0	267186.0	39327.0	0.9312261147329294	0.9994837725007856	0.9998958596536934	0.12830450910728092	0.871695490892719	0.871695490892719	HG001	clinvar_genes	-1	-2	ont	sentdhio
HIOv1_HG001_sup-PAW81754_0-ont-sentdhio-SNPtv	SNPtv	HIOv1_HG001_sup-PAW81754_0	377862616.0	377741538.0	128.0	120950.0	24102.0	0.9089542704693194	0.9989428302416624	0.9999361985383318	0.16616110084659294	0.833838899153407	0.833838899153407	HG001	clinvar_genes	-1	-2	ont	sentdhio
HIOv1_HG001_sup-PAW81754_0-ont-sentdhio-INS_50	INS_50	HIOv1_HG001_sup-PAW81754_0	377862616.0	377835183.0	133.0	27300.0	20108.0	0.7295466388744138	0.9951518244450115	0.9999467838601735	0.4241478231522106	0.5758521768477893	0.5758521768477894	HG001	clinvar_genes	-1	-2	ont	sentdhio
HIOv1_HG001_sup-PAW81754_0-ont-sentdhio-INS_gt50	INS_gt50	HIOv1_HG001_sup-PAW81754_0	377862616.0	377862612.0	4.0	0.0	394.0		0.0	0.9999989572940623	1.0	0.0	0.0	HG001	clinvar_genes	-1	-2	ont	sentdhio
HIOv1_HG001_sup-PAW81754_0-ont-sentdhio-DEL_50	DEL_50	HIOv1_HG001_sup-PAW81754_0	377862616.0	377833594.0	77.0	28945.0	19296.0	0.7492590243713032	0.997346840328027	0.9999489325065106	0.39999170829792086	0.6000082917020791	0.6000082917020791	HG001	clinvar_genes	-1	-2	ont	sentdhio
HIOv1_HG001_sup-PAW81754_0-ont-sentdhio-DEL_gt50	DEL_gt50	HIOv1_HG001_sup-PAW81754_0	377862616.0	377862605.0	5.0	6.0	477.0	0.0242914979757085	0.5454545454545454	0.9999987376379892	0.9875776397515528	0.012422360248447228	0.012422360248447204	HG001	clinvar_genes	-1	-2	ont	sentdhio
HIOv1_HG001_sup-PAW81754_0-ont-sentdhio-Indel_50	Indel_50	HIOv1_HG001_sup-PAW81754_0	377862616.0	377858822.0	22.0	3772.0	4406.0	0.6301369863013698	0.9942013705851345	0.9999883396962882	0.5387625336268036	0.4612374663731964	0.4612374663731964	HG001	clinvar_genes	-1	-2	ont	sentdhio
HIOv1_HG001_sup-PAW81754_0-ont-sentdhio-Indel_gt50	Indel_gt50	HIOv1_HG001_sup-PAW81754_0	377862616.0	377862464.0	2.0	150.0	265.0	0.5291005291005291	0.9868421052631579	0.9999992986871166	0.6385542168674698	0.3614457831325302	0.3614457831325301	HG001	clinvar_genes	-1	-2	ont	sentdhio
HIOv1_HG001_sup-PAW81754_0-ont-sentdhio-All	All	HIOv1_HG001_sup-PAW81754_0	377862616.0	377413798.0	509.0	448309.0	108375.0	0.8917118016672269	0.9988659100125218	0.9997129307687048	0.1946795668637863	0.8053204331362137	0.8053204331362137	HG001	clinvar_genes	-1	-2	ont	sentdhio
HIOv1_HG002_sup-PAW70337_0-ont-sentdhio-SNPts	SNPts	HIOv1_HG002_sup-PAW70337_0	377862616.0	377586780.0	427.0	275409.0	33855.0	0.9414083062724321	0.9984519787119883	0.9999103465307186	0.10946957938848363	0.8905304206115163	0.8905304206115163	HG002	clinvar_genes	-1	-2	ont	sentdhio
HIOv1_HG002_sup-PAW70337_0-ont-sentdhio-SNPtv	SNPtv	HIOv1_HG002_sup-PAW70337_0	377862616.0	377736818.0	260.0	125538.0	20871.0	0.9223715775127017	0.9979331944863988	0.9999447502973262	0.14255271192344732	0.8574472880765527	0.8574472880765527	HG002	clinvar_genes	-1	-2	ont	sentdhio
HIOv1_HG002_sup-PAW70337_0-ont-sentdhio-INS_50	INS_50	HIOv1_HG002_sup-PAW70337_0	377862616.0	377832367.0	124.0	30125.0	17730.0	0.771407354296835	0.9959006909319317	0.9999530766297514	0.370494201232891	0.629505798767109	0.629505798767109	HG002	clinvar_genes	-1	-2	ont	sentdhio
HIOv1_HG002_sup-PAW70337_0-ont-sentdhio-INS_gt50	INS_gt50	HIOv1_HG002_sup-PAW70337_0	377862616.0	377862597.0	14.0	5.0	349.0	0.026809651474530835	0.2631578947368421	0.9999990763846953	0.9858757062146892	0.01412429378531077	0.014124293785310734	HG002	clinvar_genes	-1	-2	ont	sentdhio
HIOv1_HG002_sup-PAW70337_0-ont-sentdhio-DEL_50	DEL_50	HIOv1_HG002_sup-PAW70337_0	377862616.0	377830490.0	83.0	32043.0	17350.0	0.7861480145732896	0.9974164228350868	0.9999540820453017	0.35126434919927924	0.6487356508007207	0.6487356508007207	HG002	clinvar_genes	-1	-2	ont	sentdhio
HIOv1_HG002_sup-PAW70337_0-ont-sentdhio-DEL_gt50	DEL_gt50	HIOv1_HG002_sup-PAW70337_0	377862616.0	377862609.0	2.0	5.0	495.0	0.01972386587771203	0.7142857142857143	0.9999986900017632	0.99	0.010000000000000009	0.01	HG002	clinvar_genes	-1	-2	ont	sentdhio
HIOv1_HG002_sup-PAW70337_0-ont-sentdhio-Indel_50	Indel_50	HIOv1_HG002_sup-PAW70337_0	377862616.0	377858380.0	15.0	4221.0	3966.0	0.6795460033808258	0.9964589235127479	0.999989504114284	0.4844265298644192	0.5155734701355807	0.5155734701355807	HG002	clinvar_genes	-1	-2	ont	sentdhio
HIOv1_HG002_sup-PAW70337_0-ont-sentdhio-Indel_gt50	Indel_gt50	HIOv1_HG002_sup-PAW70337_0	377862616.0	377862471.0	3.0	142.0	238.0	0.5409523809523809	0.9793103448275862	0.9999993701416034	0.6263157894736842	0.37368421052631584	0.3736842105263158	HG002	clinvar_genes	-1	-2	ont	sentdhio
HIOv1_HG002_sup-PAW70337_0-ont-sentdhio-All	All	HIOv1_HG002_sup-PAW70337_0	377862616.0	377394200.0	928.0	467488.0	94854.0	0.9070761517252351	0.9980188550348408	0.9997487238398176	0.16867671274775847	0.8313232872522416	0.8313232872522415	HG002	clinvar_genes	-1	-2	ont	sentdhio
HIOv1_HG002_sup-PAW70337_0-ont-sentdhio-SNPts	SNPts	HIOv1_HG002_sup-PAW70337_0	2799325643.0	2797057647.0	537.0	2267459.0	95513.0	0.9792591959175706	0.9997632270956386	0.9999658534965601	0.04042070748193377	0.9595792925180662	0.9595792925180663	HG002	ultima	-1	-2	ont	sentdhio
HIOv1_HG002_sup-PAW70337_0-ont-sentdhio-SNPtv	SNPtv	HIOv1_HG002_sup-PAW70337_0	2799325643.0	2798260369.0	361.0	1064913.0	56240.0	0.9741125589832177	0.9996611200498651	0.9999799022026961	0.050162645062716685	0.9498373549372833	0.9498373549372833	HG002	ultima	-1	-2	ont	sentdhio
HIOv1_HG002_sup-PAW70337_0-ont-sentdhio-INS_50	INS_50	HIOv1_HG002_sup-PAW70337_0	2799325643.0	2799158842.0	185.0	166616.0	19853.0	0.9432785121861467	0.9988908939394848	0.9999929075624806	0.10646809925510406	0.893531900744896	0.893531900744896	HG002	ultima	-1	-2	ont	sentdhio
HIOv1_HG002_sup-PAW70337_0-ont-sentdhio-INS_gt50	INS_gt50	HIOv1_HG002_sup-PAW70337_0	2799325643.0	2799325608.0	27.0	8.0	529.0	0.027972027972027972	0.22857142857142856	0.999999811025949	0.9851024208566108	0.014897579143389184	0.0148975791433892	HG002	ultima	-1	-2	ont	sentdhio
HIOv1_HG002_sup-PAW70337_0-ont-sentdhio-DEL_50	DEL_50	HIOv1_HG002_sup-PAW70337_0	2799325643.0	2799143695.0	219.0	181729.0	25799.0	0.9331974242315315	0.9987963593993888	0.999990783337681	0.1243157549824602	0.8756842450175398	0.8756842450175398	HG002	ultima	-1	-2	ont	sentdhio
HIOv1_HG002_sup-PAW70337_0-ont-sentdhio-DEL_gt50	DEL_gt50	HIOv1_HG002_sup-PAW70337_0	2799325643.0	2799325612.0	26.0	5.0	1559.0	0.006269592476489028	0.16129032258064516	0.9999994430804602	0.9968030690537084	0.0031969309462915874	0.00319693094629156	HG002	ultima	-1	-2	ont	sentdhio
HIOv1_HG002_sup-PAW70337_0-ont-sentdhio-Indel_50	Indel_50	HIOv1_HG002_sup-PAW70337_0	2799325643.0	2799307917.0	6.0	17720.0	1797.0	0.951588217920146	0.9996615141599909	0.9999993580560268	0.09207357688169289	0.9079264231183071	0.9079264231183071	HG002	ultima	-1	-2	ont	sentdhio
HIOv1_HG002_sup-PAW70337_0-ont-sentdhio-Indel_gt50	Indel_gt50	HIOv1_HG002_sup-PAW70337_0	2799325643.0	2799324749.0	6.0	888.0	452.0	0.7949865711727843	0.9932885906040269	0.999999838532515	0.3373134328358209	0.6626865671641791	0.6626865671641791	HG002	ultima	-1	-2	ont	sentdhio
HIOv1_HG002_sup-PAW70337_0-ont-sentdhio-All	All	HIOv1_HG002_sup-PAW70337_0	2799325643.0	2795624938.0	1367.0	3699338.0	201742.0	0.9732814069327137	0.9996306109241347	0.9999278417358833	0.051714397038768754	0.9482856029612312	0.9482856029612312	HG002	ultima	-1	-2	ont	sentdhio
HIOv1_HG002_sup-PAW70337_0-ont-sentdhio-SNPts	SNPts	HIOv1_HG002_sup-PAW70337_0	334331262.0	334071959.0	61.0	259242.0	25.0	0.999834159322753	0.9997647539750794	0.9999999251658289	9.642569243289736e-05	0.9999035743075672	0.9999035743075672	HG002	giabHC_x_ultima_x_clinvar	-1	-2	ont	sentdhio
HIOv1_HG002_sup-PAW70337_0-ont-sentdhio-SNPtv	SNPtv	HIOv1_HG002_sup-PAW70337_0	334331262.0	334215396.0	43.0	115823.0	16.0	0.9997453658747113	0.9996288816391349	0.9999999521266841	0.00013812273931922755	0.9998618772606808	0.9998618772606808	HG002	giabHC_x_ultima_x_clinvar	-1	-2	ont	sentdhio
HIOv1_HG002_sup-PAW70337_0-ont-sentdhio-INS_50	INS_50	HIOv1_HG002_sup-PAW70337_0	334331262.0	334313368.0	7.0	17887.0	8.0	0.9995808768057225	0.9996088074214821	0.9999999760703562	0.00044705224923162896	0.9995529477507684	0.9995529477507684	HG002	giabHC_x_ultima_x_clinvar	-1	-2	ont	sentdhio
HIOv1_HG002_sup-PAW70337_0-ont-sentdhio-INS_gt50	INS_gt50	HIOv1_HG002_sup-PAW70337_0	334331262.0	334331261.0	0.0	1.0	0.0	1.0	1.0	1.0	0.0	1.0	1.0	HG002	giabHC_x_ultima_x_clinvar	-1	-2	ont	sentdhio
HIOv1_HG002_sup-PAW70337_0-ont-sentdhio-DEL_50	DEL_50	HIOv1_HG002_sup-PAW70337_0	334331262.0	334311532.0	9.0	19721.0	10.0	0.9995185119485062	0.99954384186518	0.9999999700877812	0.0005068166844052507	0.9994931833155948	0.9994931833155948	HG002	giabHC_x_ultima_x_clinvar	-1	-2	ont	sentdhio
HIOv1_HG002_sup-PAW70337_0-ont-sentdhio-DEL_gt50	DEL_gt50	HIOv1_HG002_sup-PAW70337_0	334331262.0	334331262.0	0.0	0.0	0.0			1.0				HG002	giabHC_x_ultima_x_clinvar	-1	-2	ont	sentdhio
HIOv1_HG002_sup-PAW70337_0-ont-sentdhio-Indel_50	Indel_50	HIOv1_HG002_sup-PAW70337_0	334331262.0	334329897.0	0.0	1365.0	0.0	1.0	1.0	1.0	0.0	1.0	1.0	HG002	giabHC_x_ultima_x_clinvar	-1	-2	ont	sentdhio
HIOv1_HG002_sup-PAW70337_0-ont-sentdhio-Indel_gt50	Indel_gt50	HIOv1_HG002_sup-PAW70337_0	334331262.0	334331234.0	0.0	28.0	0.0	1.0	1.0	1.0	0.0	1.0	1.0	HG002	giabHC_x_ultima_x_clinvar	-1	-2	ont	sentdhio
HIOv1_HG002_sup-PAW70337_0-ont-sentdhio-All	All	HIOv1_HG002_sup-PAW70337_0	334331262.0	333917075.0	120.0	414067.0	59.0	0.9997838981158089	0.9997102757933011	0.9999998233094561	0.00014246871725030546	0.9998575312827497	0.9998575312827497	HG002	giabHC_x_ultima_x_clinvar	-1	-2	ont	sentdhio
HIOv1_HG002_sup-PAW70337_0-ont-sentdhio-SNPts	SNPts	HIOv1_HG002_sup-PAW70337_0	2518602953.0	2516379955.0	283.0	2222715.0	211.0	0.9998888869895212	0.9998726944423701	0.9999999161493948	9.491993885536451e-05	0.9999050800611446	0.9999050800611446	HG002	giabHC_x_ultima	-1	-2	ont	sentdhio
HIOv1_HG002_sup-PAW70337_0-ont-sentdhio-SNPtv	SNPtv	HIOv1_HG002_sup-PAW70337_0	2518602953.0	2517558767.0	170.0	1044016.0	134.0	0.9998544295553973	0.9998371937566679	0.9999999467738372	0.00012833405162093568	0.9998716659483791	0.9998716659483791	HG002	giabHC_x_ultima	-1	-2	ont	sentdhio
HIOv1_HG002_sup-PAW70337_0-ont-sentdhio-INS_50	INS_50	HIOv1_HG002_sup-PAW70337_0	2518602953.0	2518444803.0	78.0	158072.0	63.0	0.9995541995352293	0.9995067973442934	0.9999999749845626	0.0003983937774686186	0.9996016062225314	0.9996016062225314	HG002	giabHC_x_ultima	-1	-2	ont	sentdhio
HIOv1_HG002_sup-PAW70337_0-ont-sentdhio-INS_gt50	INS_gt50	HIOv1_HG002_sup-PAW70337_0	2518602953.0	2518602950.0	2.0	1.0	0.0	0.5	0.3333333333333333	1.0	0.0	1.0	1.0	HG002	giabHC_x_ultima	-1	-2	ont	sentdhio
HIOv1_HG002_sup-PAW70337_0-ont-sentdhio-DEL_50	DEL_50	HIOv1_HG002_sup-PAW70337_0	2518602953.0	2518431215.0	70.0	171668.0	59.0	0.9996244158793473	0.9995924023803701	0.9999999765727179	0.00034356857104590424	0.9996564314289541	0.9996564314289541	HG002	giabHC_x_ultima	-1	-2	ont	sentdhio
HIOv1_HG002_sup-PAW70337_0-ont-sentdhio-DEL_gt50	DEL_gt50	HIOv1_HG002_sup-PAW70337_0	2518602953.0	2518602953.0	0.0	0.0	3.0			0.9999999988088635	1.0	0.0	0.0	HG002	giabHC_x_ultima	-1	-2	ont	sentdhio
HIOv1_HG002_sup-PAW70337_0-ont-sentdhio-Indel_50	Indel_50	HIOv1_HG002_sup-PAW70337_0	2518602953.0	2518588660.0	2.0	14291.0	0.0	0.9999300307864539	0.9998600713636046	1.0	0.0	1.0	1.0	HG002	giabHC_x_ultima	-1	-2	ont	sentdhio
HIOv1_HG002_sup-PAW70337_0-ont-sentdhio-Indel_gt50	Indel_gt50	HIOv1_HG002_sup-PAW70337_0	2518602953.0	2518602595.0	0.0	358.0	1.0	0.99860529986053	1.0	0.9999999996029544	0.002785515320334262	0.9972144846796658	0.9972144846796658	HG002	giabHC_x_ultima	-1	-2	ont	sentdhio
HIOv1_HG002_sup-PAW70337_0-ont-sentdhio-All	All	HIOv1_HG002_sup-PAW70337_0	2518602953.0	2514991227.0	605.0	3611121.0	471.0	0.9998510379855905	0.9998324900615384	0.9999998127230398	0.00013041340217831914	0.9998695865978217	0.9998695865978217	HG002	giabHC_x_ultima	-1	-2	ont	sentdhio
HIOv1_HG002_sup-PAW70337_0-ont-sentdhio-SNPts	SNPts	HIOv1_HG002_sup-PAW70337_0	3088286401.0	3085944754.0	2559.0	2339088.0	411153.0	0.9187507659241523	0.9989071794339625	0.9998667836722694	0.149497080437678	0.8505029195623219	0.850502919562322	HG002	hg38	-1	-2	ont	sentdhio
HIOv1_HG002_sup-PAW70337_0-ont-sentdhio-SNPtv	SNPtv	HIOv1_HG002_sup-PAW70337_0	3088286401.0	3087169848.0	1465.0	1115088.0	390821.0	0.8504130851085736	0.9986879261441239	0.9998734207868613	0.25952497793691387	0.7404750220630861	0.7404750220630861	HG002	hg38	-1	-2	ont	sentdhio
HIOv1_HG002_sup-PAW70337_0-ont-sentdhio-INS_50	INS_50	HIOv1_HG002_sup-PAW70337_0	3088286401.0	3088022028.0	1180.0	263193.0	170184.0	0.7544048728054461	0.995536609260401	0.9999448920312218	0.3926927363473373	0.6073072636526626	0.6073072636526627	HG002	hg38	-1	-2	ont	sentdhio
HIOv1_HG002_sup-PAW70337_0-ont-sentdhio-INS_gt50	INS_gt50	HIOv1_HG002_sup-PAW70337_0	3088286401.0	3088286283.0	90.0	28.0	2712.0	0.01959412176347096	0.23728813559322035	0.9999991218438415	0.9897810218978103	0.010218978102189746	0.010218978102189781	HG002	hg38	-1	-2	ont	sentdhio
HIOv1_HG002_sup-PAW70337_0-ont-sentdhio-DEL_50	DEL_50	HIOv1_HG002_sup-PAW70337_0	3088286401.0	3088007316.0	800.0	278285.0	170228.0	0.7649416298560469	0.9971334897970152	0.9999448775215886	0.3795386086913869	0.6204613913086131	0.6204613913086131	HG002	hg38	-1	-2	ont	sentdhio
HIOv1_HG002_sup-PAW70337_0-ont-sentdhio-DEL_gt50	DEL_gt50	HIOv1_HG002_sup-PAW70337_0	3088286401.0	3088286349.0	36.0	16.0	3572.0	0.008791208791208791	0.3076923076923077	0.9999988433728402	0.9955406911928651	0.004459308807134854	0.004459308807134894	HG002	hg38	-1	-2	ont	sentdhio
HIOv1_HG002_sup-PAW70337_0-ont-sentdhio-Indel_50	Indel_50	HIOv1_HG002_sup-PAW70337_0	3088286401.0	3088242908.0	151.0	43342.0	38331.0	0.6925522905581388	0.9965281769480147	0.9999875882417975	0.46932278721242027	0.5306772127875797	0.5306772127875797	HG002	hg38	-1	-2	ont	sentdhio
HIOv1_HG002_sup-PAW70337_0-ont-sentdhio-Indel_gt50	Indel_gt50	HIOv1_HG002_sup-PAW70337_0	3088286401.0	3088284807.0	23.0	1571.0	2285.0	0.5765137614678898	0.9855708908406524	0.9999992601076481	0.5925829875518672	0.4074170124481328	0.4074170124481328	HG002	hg38	-1	-2	ont	sentdhio
HIOv1_HG002_sup-PAW70337_0-ont-sentdhio-All	All	HIOv1_HG002_sup-PAW70337_0	3088286401.0	3084239486.0	6304.0	4040611.0	1189286.0	0.8711205961703223	0.9984422702231206	0.9996145475757559	0.22740141918664938	0.7725985808133506	0.7725985808133506	HG002	hg38	-1	-2	ont	sentdhio
HIOv1_HG002_sup-PAW70337_0-ont-sentdhio-SNPts	SNPts	HIOv1_HG002_sup-PAW70337_0	2542242843.0	2539963505.0	1331.0	2278007.0	565.0	0.9995840198687556	0.9994160585222551	0.9999997775559085	0.00024796232026023316	0.9997520376797397	0.9997520376797397	HG002	giabHC	-1	-2	ont	sentdhio
HIOv1_HG002_sup-PAW70337_0-ont-sentdhio-SNPtv	SNPtv	HIOv1_HG002_sup-PAW70337_0	2542242843.0	2541158281.0	692.0	1083870.0	347.0	0.9995209285962284	0.9993619544110894	0.9999998634481153	0.0003200466327312706	0.9996799533672688	0.9996799533672688	HG002	giabHC	-1	-2	ont	sentdhio
HIOv1_HG002_sup-PAW70337_0-ont-sentdhio-INS_50	INS_50	HIOv1_HG002_sup-PAW70337_0	2542242843.0	2542004939.0	322.0	237582.0	180.0	0.998944637623879	0.9986465128791445	0.9999999291897571	0.0007570595805889924	0.999242940419411	0.999242940419411	HG002	giabHC	-1	-2	ont	sentdhio
HIOv1_HG002_sup-PAW70337_0-ont-sentdhio-INS_gt50	INS_gt50	HIOv1_HG002_sup-PAW70337_0	2542242843.0	2542242828.0	9.0	6.0	0.0	0.5714285714285715	0.4	1.0	0.0	1.0	1.0	HG002	giabHC	-1	-2	ont	sentdhio
HIOv1_HG002_sup-PAW70337_0-ont-sentdhio-DEL_50	DEL_50	HIOv1_HG002_sup-PAW70337_0	2542242843.0	2541989549.0	235.0	253059.0	150.0	0.9992398860421359	0.9990722243716788	0.9999999409911062	0.0005923960048813431	0.9994076039951186	0.9994076039951186	HG002	giabHC	-1	-2	ont	sentdhio
HIOv1_HG002_sup-PAW70337_0-ont-sentdhio-DEL_gt50	DEL_gt50	HIOv1_HG002_sup-PAW70337_0	2542242843.0	2542242839.0	0.0	4.0	4.0	0.6666666666666666	1.0	0.9999999984265862	0.5	0.5	0.5	HG002	giabHC	-1	-2	ont	sentdhio
HIOv1_HG002_sup-PAW70337_0-ont-sentdhio-Indel_50	Indel_50	HIOv1_HG002_sup-PAW70337_0	2542242843.0	2542209059.0	32.0	33752.0	1.0	0.9995113789478359	0.9990528060620412	0.9999999996066413	2.962699611886351e-05	0.9999703730038811	0.9999703730038811	HG002	giabHC	-1	-2	ont	sentdhio
HIOv1_HG002_sup-PAW70337_0-ont-sentdhio-Indel_gt50	Indel_gt50	HIOv1_HG002_sup-PAW70337_0	2542242843.0	2542242347.0	0.0	496.0	2.0	0.9979879275653923	1.0	0.999999999213293	0.004016064257028112	0.9959839357429718	0.9959839357429718	HG002	giabHC	-1	-2	ont	sentdhio
HIOv1_HG002_sup-PAW70337_0-ont-sentdhio-All	All	HIOv1_HG002_sup-PAW70337_0	2542242843.0	2538353446.0	2621.0	3886776.0	1249.0	0.9995024058100487	0.9993261166191058	0.9999995079489866	0.0003212427903627163	0.9996787572096373	0.9996787572096373	HG002	giabHC	-1	-2	ont	sentdhio
HIOv1_HG002_sup-PAW70337_0-ont-sentdhio-SNPts	SNPts	HIOv1_HG002_sup-PAW70337_0	339556068.0	339287218.0	234.0	268616.0	88.0	0.9994009904121262	0.9991296261856053	0.9999997406327957	0.0003274979159223532	0.9996725020840777	0.9996725020840777	HG002	giabHC_x_clinvar_genes	-1	-2	ont	sentdhio
HIOv1_HG002_sup-PAW70337_0-ont-sentdhio-SNPtv	SNPtv	HIOv1_HG002_sup-PAW70337_0	339556068.0	339433882.0	144.0	122042.0	58.0	0.9991731003823388	0.9988214689080582	0.9999998291272817	0.00047502047502047504	0.9995249795249795	0.9995249795249795	HG002	giabHC_x_clinvar_genes	-1	-2	ont	sentdhio
HIOv1_HG002_sup-PAW70337_0-ont-sentdhio-INS_50	INS_50	HIOv1_HG002_sup-PAW70337_0	339556068.0	339528601.0	39.0	27428.0	24.0	0.9988528560243268	0.998580114319001	0.9999999293137655	0.0008742532420224392	0.9991257467579776	0.9991257467579776	HG002	giabHC_x_clinvar_genes	-1	-2	ont	sentdhio
HIOv1_HG002_sup-PAW70337_0-ont-sentdhio-INS_gt50	INS_gt50	HIOv1_HG002_sup-PAW70337_0	339556068.0	339556066.0	0.0	2.0	0.0	1.0	1.0	1.0	0.0	1.0	1.0	HG002	giabHC_x_clinvar_genes	-1	-2	ont	sentdhio
HIOv1_HG002_sup-PAW70337_0-ont-sentdhio-DEL_50	DEL_50	HIOv1_HG002_sup-PAW70337_0	339556068.0	339526746.0	31.0	29291.0	29.0	0.9989768425360663	0.9989427733442466	0.9999999145870013	0.0009890859481582537	0.9990109140518417	0.9990109140518417	HG002	giabHC_x_clinvar_genes	-1	-2	ont	sentdhio
HIOv1_HG002_sup-PAW70337_0-ont-sentdhio-DEL_gt50	DEL_gt50	HIOv1_HG002_sup-PAW70337_0	339556068.0	339556068.0	0.0	0.0	1.0			0.9999999970549783	1.0	0.0	0.0	HG002	giabHC_x_clinvar_genes	-1	-2	ont	sentdhio
HIOv1_HG002_sup-PAW70337_0-ont-sentdhio-Indel_50	Indel_50	HIOv1_HG002_sup-PAW70337_0	339556068.0	339552758.0	2.0	3308.0	0.0	0.9996977938954367	0.9993957703927493	1.0	0.0	1.0	1.0	HG002	giabHC_x_clinvar_genes	-1	-2	ont	sentdhio
HIOv1_HG002_sup-PAW70337_0-ont-sentdhio-Indel_gt50	Indel_gt50	HIOv1_HG002_sup-PAW70337_0	339556068.0	339556031.0	0.0	37.0	0.0	1.0	1.0	1.0	0.0	1.0	1.0	HG002	giabHC_x_clinvar_genes	-1	-2	ont	sentdhio
HIOv1_HG002_sup-PAW70337_0-ont-sentdhio-All	All	HIOv1_HG002_sup-PAW70337_0	339556068.0	339104894.0	450.0	450724.0	200.0	0.9992794574425395	0.9990026021002983	0.9999994102123396	0.0004435337218688737	0.9995564662781311	0.9995564662781311	HG002	giabHC_x_clinvar_genes	-1	-2	ont	sentdhio
HIOv1_HG002_sup-PAW71238_0-ont-sentdhio-SNPts	SNPts	HIOv1_HG002_sup-PAW71238_0	2518602953.0	2516379954.0	325.0	2222674.0	235.0	0.9998740414781413	0.9998538011038242	0.999999906611886	0.00010571732805976313	0.9998942826719402	0.9998942826719402	HG002	giabHC_x_ultima	-1	-2	ont	sentdhio
HIOv1_HG002_sup-PAW71238_0-ont-sentdhio-SNPtv	SNPtv	HIOv1_HG002_sup-PAW71238_0	2518602953.0	2517558769.0	180.0	1044004.0	164.0	0.9998352768115719	0.9998276165886472	0.9999999348575329	0.00015706284812405666	0.9998429371518759	0.9998429371518759	HG002	giabHC_x_ultima	-1	-2	ont	sentdhio
HIOv1_HG002_sup-PAW71238_0-ont-sentdhio-INS_50	INS_50	HIOv1_HG002_sup-PAW71238_0	2518602953.0	2518444807.0	71.0	158075.0	58.0	0.9995921322629704	0.9995510477659884	0.9999999769699147	0.00036677986252078946	0.9996332201374792	0.9996332201374792	HG002	giabHC_x_ultima	-1	-2	ont	sentdhio
HIOv1_HG002_sup-PAW71238_0-ont-sentdhio-INS_gt50	INS_gt50	HIOv1_HG002_sup-PAW71238_0	2518602953.0	2518602950.0	2.0	1.0	0.0	0.5	0.3333333333333333	1.0	0.0	1.0	1.0	HG002	giabHC_x_ultima	-1	-2	ont	sentdhio
HIOv1_HG002_sup-PAW71238_0-ont-sentdhio-DEL_50	DEL_50	HIOv1_HG002_sup-PAW71238_0	2518602953.0	2518431226.0	70.0	171657.0	63.0	0.9996127495654351	0.9995923762716404	0.9999999749844277	0.0003668763102725367	0.9996331236897275	0.9996331236897275	HG002	giabHC_x_ultima	-1	-2	ont	sentdhio
HIOv1_HG002_sup-PAW71238_0-ont-sentdhio-DEL_gt50	DEL_gt50	HIOv1_HG002_sup-PAW71238_0	2518602953.0	2518602953.0	0.0	0.0	3.0			0.9999999988088635	1.0	0.0	0.0	HG002	giabHC_x_ultima	-1	-2	ont	sentdhio
HIOv1_HG002_sup-PAW71238_0-ont-sentdhio-Indel_50	Indel_50	HIOv1_HG002_sup-PAW71238_0	2518602953.0	2518588645.0	2.0	14306.0	0.0	0.9999301041448243	0.9998602180598267	1.0	0.0	1.0	1.0	HG002	giabHC_x_ultima	-1	-2	ont	sentdhio
HIOv1_HG002_sup-PAW71238_0-ont-sentdhio-Indel_gt50	Indel_gt50	HIOv1_HG002_sup-PAW71238_0	2518602953.0	2518602595.0	0.0	358.0	1.0	0.99860529986053	1.0	0.9999999996029544	0.002785515320334262	0.9972144846796658	0.9972144846796658	HG002	giabHC_x_ultima	-1	-2	ont	sentdhio
HIOv1_HG002_sup-PAW71238_0-ont-sentdhio-All	All	HIOv1_HG002_sup-PAW71238_0	2518602953.0	2514991228.0	650.0	3611075.0	524.0	0.9998374709482781	0.9998200305947988	0.9999997916494161	0.00014508808979069935	0.9998549119102093	0.9998549119102093	HG002	giabHC_x_ultima	-1	-2	ont	sentdhio
HIOv1_HG002_sup-PAW71238_0-ont-sentdhio-SNPts	SNPts	HIOv1_HG002_sup-PAW71238_0	3088286401.0	3085944752.0	2542.0	2339107.0	403303.0	0.9201730349706799	0.9989144402085881	0.9998693267924379	0.1470615261758818	0.8529384738241181	0.8529384738241182	HG002	hg38	-1	-2	ont	sentdhio
HIOv1_HG002_sup-PAW71238_0-ont-sentdhio-SNPtv	SNPtv	HIOv1_HG002_sup-PAW71238_0	3088286401.0	3087169851.0	1453.0	1115097.0	377832.0	0.8546510625301066	0.9986986700102995	0.9998776271530703	0.25308102394688564	0.7469189760531143	0.7469189760531144	HG002	hg38	-1	-2	ont	sentdhio
HIOv1_HG002_sup-PAW71238_0-ont-sentdhio-INS_50	INS_50	HIOv1_HG002_sup-PAW71238_0	3088286401.0	3088022069.0	1143.0	263189.0	169038.0	0.7556832945952892	0.9956758924382972	0.9999452631025273	0.39108616537143676	0.6089138346285632	0.6089138346285632	HG002	hg38	-1	-2	ont	sentdhio
HIOv1_HG002_sup-PAW71238_0-ont-sentdhio-INS_gt50	INS_gt50	HIOv1_HG002_sup-PAW71238_0	3088286401.0	3088286285.0	86.0	30.0	2783.0	0.0204848071013998	0.25862068965517243	0.9999990988537865	0.9893352292925702	0.010664770707429772	0.01066477070742979	HG002	hg38	-1	-2	ont	sentdhio
HIOv1_HG002_sup-PAW71238_0-ont-sentdhio-DEL_50	DEL_50	HIOv1_HG002_sup-PAW71238_0	3088286401.0	3088007381.0	766.0	278254.0	168947.0	0.7663066752407326	0.99725467708408	0.9999452923078037	0.3777876167539876	0.6222123832460125	0.6222123832460125	HG002	hg38	-1	-2	ont	sentdhio
HIOv1_HG002_sup-PAW71238_0-ont-sentdhio-DEL_gt50	DEL_gt50	HIOv1_HG002_sup-PAW71238_0	3088286401.0	3088286349.0	36.0	16.0	3545.0	0.008856905618599501	0.3076923076923077	0.9999988521155326	0.9955068800898624	0.004493119910137566	0.004493119910137602	HG002	hg38	-1	-2	ont	sentdhio
HIOv1_HG002_sup-PAW71238_0-ont-sentdhio-Indel_50	Indel_50	HIOv1_HG002_sup-PAW71238_0	3088286401.0	3088242800.0	157.0	43444.0	38913.0	0.6898172406675241	0.9963991651567624	0.9999873997893922	0.4724917129084352	0.5275082870915648	0.5275082870915647	HG002	hg38	-1	-2	ont	sentdhio
HIOv1_HG002_sup-PAW71238_0-ont-sentdhio-Indel_gt50	Indel_gt50	HIOv1_HG002_sup-PAW71238_0	3088286401.0	3088284810.0	23.0	1568.0	2285.0	0.5760470242468773	0.9855436832181018	0.9999992601076487	0.5930443810018168	0.4069556189981832	0.4069556189981832	HG002	hg38	-1	-2	ont	sentdhio
HIOv1_HG002_sup-PAW71238_0-ont-sentdhio-All	All	HIOv1_HG002_sup-PAW71238_0	3088286401.0	3084239490.0	6206.0	4040705.0	1166646.0	0.8732635838492577	0.9984664846842444	0.9996218825177056	0.22403828741331244	0.7759617125866876	0.7759617125866876	HG002	hg38	-1	-2	ont	sentdhio
HIOv1_HG002_sup-PAW71238_0-ont-sentdhio-SNPts	SNPts	HIOv1_HG002_sup-PAW71238_0	2799325643.0	2797057647.0	578.0	2267418.0	95810.0	0.9791873595403721	0.9997451494623447	0.9999657473208128	0.04054200441091592	0.9594579955890841	0.9594579955890841	HG002	ultima	-1	-2	ont	sentdhio
HIOv1_HG002_sup-PAW71238_0-ont-sentdhio-SNPtv	SNPtv	HIOv1_HG002_sup-PAW71238_0	2799325643.0	2798260369.0	358.0	1064916.0	56465.0	0.9740137333049795	0.999663936226736	0.9999798217988349	0.05035309141139363	0.9496469085886063	0.9496469085886063	HG002	ultima	-1	-2	ont	sentdhio
HIOv1_HG002_sup-PAW71238_0-ont-sentdhio-INS_50	INS_50	HIOv1_HG002_sup-PAW71238_0	2799325643.0	2799158841.0	172.0	166630.0	19839.0	0.9433551013244789	0.998968837304109	0.9999929125639097	0.10639301975127233	0.8936069802487276	0.8936069802487276	HG002	ultima	-1	-2	ont	sentdhio
HIOv1_HG002_sup-PAW71238_0-ont-sentdhio-INS_gt50	INS_gt50	HIOv1_HG002_sup-PAW71238_0	2799325643.0	2799325609.0	25.0	9.0	529.0	0.031468531468531465	0.2647058823529412	0.9999998110259491	0.983271375464684	0.016728624535315983	0.016728624535315983	HG002	ultima	-1	-2	ont	sentdhio
HIOv1_HG002_sup-PAW71238_0-ont-sentdhio-DEL_50	DEL_50	HIOv1_HG002_sup-PAW71238_0	2799325643.0	2799143711.0	213.0	181719.0	25745.0	0.9333377846716452	0.9988292329002044	0.9999908026289924	0.12409381868661551	0.8759061813133845	0.8759061813133845	HG002	ultima	-1	-2	ont	sentdhio
HIOv1_HG002_sup-PAW71238_0-ont-sentdhio-DEL_gt50	DEL_gt50	HIOv1_HG002_sup-PAW71238_0	2799325643.0	2799325612.0	26.0	5.0	1578.0	0.006195786864931846	0.16129032258064516	0.9999994362931187	0.9968414403032217	0.0031585596967782514	0.003158559696778269	HG002	ultima	-1	-2	ont	sentdhio
HIOv1_HG002_sup-PAW71238_0-ont-sentdhio-Indel_50	Indel_50	HIOv1_HG002_sup-PAW71238_0	2799325643.0	2799307897.0	7.0	17739.0	1791.0	0.9517652108595342	0.9996055449115293	0.9999993601994064	0.09170506912442396	0.908294930875576	0.908294930875576	HG002	ultima	-1	-2	ont	sentdhio
HIOv1_HG002_sup-PAW71238_0-ont-sentdhio-Indel_gt50	Indel_gt50	HIOv1_HG002_sup-PAW71238_0	2799325643.0	2799324751.0	5.0	887.0	438.0	0.8001804239963916	0.9943946188340808	0.9999998435337196	0.3305660377358491	0.669433962264151	0.669433962264151	HG002	ultima	-1	-2	ont	sentdhio
HIOv1_HG002_sup-PAW71238_0-ont-sentdhio-All	All	HIOv1_HG002_sup-PAW71238_0	2799325643.0	2795624936.0	1384.0	3699323.0	202195.0	0.9732211293404234	0.9996260174069441	0.9999276797203381	0.05182470002701513	0.9481752999729849	0.9481752999729849	HG002	ultima	-1	-2	ont	sentdhio
HIOv1_HG002_sup-PAW71238_0-ont-sentdhio-SNPts	SNPts	HIOv1_HG002_sup-PAW71238_0	2542242843.0	2539963506.0	1357.0	2277980.0	611.0	0.999568224860068	0.9994046514403092	0.9999997594454205	0.00026814816700320506	0.9997318518329968	0.9997318518329968	HG002	giabHC	-1	-2	ont	sentdhio
HIOv1_HG002_sup-PAW71238_0-ont-sentdhio-SNPtv	SNPtv	HIOv1_HG002_sup-PAW71238_0	2542242843.0	2541158285.0	702.0	1083856.0	387.0	0.999497879242955	0.9993527317119048	0.9999998477072667	0.0003569310569678568	0.9996430689430321	0.9996430689430321	HG002	giabHC	-1	-2	ont	sentdhio
HIOv1_HG002_sup-PAW71238_0-ont-sentdhio-INS_50	INS_50	HIOv1_HG002_sup-PAW71238_0	2542242843.0	2542004977.0	307.0	237559.0	176.0	0.998984442841794	0.9987093573692751	0.999999930763319	0.0007403201043178328	0.9992596798956822	0.9992596798956822	HG002	giabHC	-1	-2	ont	sentdhio
HIOv1_HG002_sup-PAW71238_0-ont-sentdhio-INS_gt50	INS_gt50	HIOv1_HG002_sup-PAW71238_0	2542242843.0	2542242828.0	10.0	5.0	1.0	0.47619047619047616	0.3333333333333333	0.9999999996066465	0.16666666666666666	0.8333333333333334	0.8333333333333334	HG002	giabHC	-1	-2	ont	sentdhio
HIOv1_HG002_sup-PAW71238_0-ont-sentdhio-DEL_50	DEL_50	HIOv1_HG002_sup-PAW71238_0	2542242843.0	2541989583.0	235.0	253025.0	168.0	0.9992042696953123	0.9990720998183684	0.9999999339100404	0.0006635254529153649	0.9993364745470846	0.9993364745470846	HG002	giabHC	-1	-2	ont	sentdhio
HIOv1_HG002_sup-PAW71238_0-ont-sentdhio-DEL_gt50	DEL_gt50	HIOv1_HG002_sup-PAW71238_0	2542242843.0	2542242839.0	0.0	4.0	4.0	0.6666666666666666	1.0	0.9999999984265862	0.5	0.5	0.5	HG002	giabHC	-1	-2	ont	sentdhio
HIOv1_HG002_sup-PAW71238_0-ont-sentdhio-Indel_50	Indel_50	HIOv1_HG002_sup-PAW71238_0	2542242843.0	2542208981.0	32.0	33830.0	2.0	0.9994977398292315	0.9990549878920324	0.9999999992132826	5.911563017261764e-05	0.9999408843698274	0.9999408843698274	HG002	giabHC	-1	-2	ont	sentdhio
HIOv1_HG002_sup-PAW71238_0-ont-sentdhio-Indel_gt50	Indel_gt50	HIOv1_HG002_sup-PAW71238_0	2542242843.0	2542242349.0	0.0	494.0	2.0	0.997979797979798	1.0	0.999999999213293	0.004032258064516129	0.9959677419354839	0.9959677419354839	HG002	giabHC	-1	-2	ont	sentdhio
HIOv1_HG002_sup-PAW71238_0-ont-sentdhio-All	All	HIOv1_HG002_sup-PAW71238_0	2542242843.0	2538353447.0	2643.0	3886753.0	1351.0	0.9994864673738348	0.9993204600405822	0.9999994677654988	0.00034747012939983086	0.9996525298706002	0.9996525298706002	HG002	giabHC	-1	-2	ont	sentdhio
HIOv1_HG002_sup-PAW71238_0-ont-sentdhio-SNPts	SNPts	HIOv1_HG002_sup-PAW71238_0	377862616.0	377586775.0	429.0	275412.0	34171.0	0.9408975375112739	0.9984447562182561	0.9999095097865678	0.11037750780889131	0.8896224921911087	0.8896224921911087	HG002	clinvar_genes	-1	-2	ont	sentdhio
HIOv1_HG002_sup-PAW71238_0-ont-sentdhio-SNPtv	SNPtv	HIOv1_HG002_sup-PAW71238_0	377862616.0	377736814.0	256.0	125546.0	20970.0	0.9220543629139462	0.9979650561994244	0.9999444882385269	0.14312430041770183	0.8568756995822981	0.8568756995822981	HG002	clinvar_genes	-1	-2	ont	sentdhio
HIOv1_HG002_sup-PAW71238_0-ont-sentdhio-INS_50	INS_50	HIOv1_HG002_sup-PAW71238_0	377862616.0	377832384.0	116.0	30116.0	17764.0	0.7710979106923391	0.9961630060862662	0.9999529866533227	0.3710108604845447	0.6289891395154553	0.6289891395154553	HG002	clinvar_genes	-1	-2	ont	sentdhio
HIOv1_HG002_sup-PAW71238_0-ont-sentdhio-INS_gt50	INS_gt50	HIOv1_HG002_sup-PAW71238_0	377862616.0	377862597.0	14.0	5.0	371.0	0.025316455696202535	0.2631578947368421	0.9999990181625843	0.9867021276595744	0.013297872340425565	0.013297872340425532	HG002	clinvar_genes	-1	-2	ont	sentdhio
HIOv1_HG002_sup-PAW71238_0-ont-sentdhio-DEL_50	DEL_50	HIOv1_HG002_sup-PAW71238_0	377862616.0	377830507.0	89.0	32020.0	17272.0	0.7867225218363412	0.9972281914727958	0.9999542884702255	0.35040168790067355	0.6495983120993265	0.6495983120993265	HG002	clinvar_genes	-1	-2	ont	sentdhio
HIOv1_HG002_sup-PAW71238_0-ont-sentdhio-DEL_gt50	DEL_gt50	HIOv1_HG002_sup-PAW71238_0	377862616.0	377862609.0	2.0	5.0	485.0	0.02012072434607646	0.7142857142857143	0.9999987164663401	0.9897959183673469	0.010204081632653073	0.01020408163265306	HG002	clinvar_genes	-1	-2	ont	sentdhio
HIOv1_HG002_sup-PAW71238_0-ont-sentdhio-Indel_50	Indel_50	HIOv1_HG002_sup-PAW71238_0	377862616.0	377858353.0	17.0	4246.0	4024.0	0.6775712120003192	0.9960121979826413	0.9999893506201069	0.48657799274486097	0.513422007255139	0.5134220072551391	HG002	clinvar_genes	-1	-2	ont	sentdhio
HIOv1_HG002_sup-PAW71238_0-ont-sentdhio-Indel_gt50	Indel_gt50	HIOv1_HG002_sup-PAW71238_0	377862616.0	377862470.0	3.0	143.0	233.0	0.5478927203065134	0.9794520547945206	0.9999993833739129	0.6196808510638298	0.38031914893617025	0.3803191489361702	HG002	clinvar_genes	-1	-2	ont	sentdhio
HIOv1_HG002_sup-PAW71238_0-ont-sentdhio-All	All	HIOv1_HG002_sup-PAW71238_0	377862616.0	377394197.0	926.0	467493.0	95290.0	0.9066952934536591	0.9980231374047595	0.9997475691289914	0.1693192580443972	0.8306807419556028	0.8306807419556028	HG002	clinvar_genes	-1	-2	ont	sentdhio
HIOv1_HG002_sup-PAW71238_0-ont-sentdhio-SNPts	SNPts	HIOv1_HG002_sup-PAW71238_0	339556068.0	339287216.0	247.0	268605.0	109.0	0.9993377557360398	0.9990812789192567	0.9999996787383673	0.00040563573167010276	0.9995943642683299	0.9995943642683299	HG002	giabHC_x_clinvar_genes	-1	-2	ont	sentdhio
HIOv1_HG002_sup-PAW71238_0-ont-sentdhio-SNPtv	SNPtv	HIOv1_HG002_sup-PAW71238_0	339556068.0	339433879.0	143.0	122046.0	70.0	0.9991281390065696	0.9988296818862582	0.999999793774311	0.0005732254577614727	0.9994267745422385	0.9994267745422385	HG002	giabHC_x_clinvar_genes	-1	-2	ont	sentdhio
HIOv1_HG002_sup-PAW71238_0-ont-sentdhio-INS_50	INS_50	HIOv1_HG002_sup-PAW71238_0	339556068.0	339528609.0	31.0	27428.0	28.0	0.9989256123099336	0.9988710441021159	0.9999999175327293	0.0010198135198135198	0.9989801864801865	0.9989801864801865	HG002	giabHC_x_clinvar_genes	-1	-2	ont	sentdhio
HIOv1_HG002_sup-PAW71238_0-ont-sentdhio-INS_gt50	INS_gt50	HIOv1_HG002_sup-PAW71238_0	339556068.0	339556066.0	0.0	2.0	0.0	1.0	1.0	1.0	0.0	1.0	1.0	HG002	giabHC_x_clinvar_genes	-1	-2	ont	sentdhio
HIOv1_HG002_sup-PAW71238_0-ont-sentdhio-DEL_50	DEL_50	HIOv1_HG002_sup-PAW71238_0	339556068.0	339526755.0	34.0	29279.0	32.0	0.9988741812227074	0.9988401050728346	0.9999999057511771	0.0010917403022755962	0.9989082596977245	0.9989082596977245	HG002	giabHC_x_clinvar_genes	-1	-2	ont	sentdhio
HIOv1_HG002_sup-PAW71238_0-ont-sentdhio-DEL_gt50	DEL_gt50	HIOv1_HG002_sup-PAW71238_0	339556068.0	339556068.0	0.0	0.0	1.0			0.9999999970549783	1.0	0.0	0.0	HG002	giabHC_x_clinvar_genes	-1	-2	ont	sentdhio
HIOv1_HG002_sup-PAW71238_0-ont-sentdhio-Indel_50	Indel_50	HIOv1_HG002_sup-PAW71238_0	339556068.0	339552744.0	2.0	3322.0	0.0	0.9996990671080349	0.9993983152827918	1.0	0.0	1.0	1.0	HG002	giabHC_x_clinvar_genes	-1	-2	ont	sentdhio
HIOv1_HG002_sup-PAW71238_0-ont-sentdhio-Indel_gt50	Indel_gt50	HIOv1_HG002_sup-PAW71238_0	339556068.0	339556032.0	0.0	36.0	0.0	1.0	1.0	1.0	0.0	1.0	1.0	HG002	giabHC_x_clinvar_genes	-1	-2	ont	sentdhio
HIOv1_HG002_sup-PAW71238_0-ont-sentdhio-All	All	HIOv1_HG002_sup-PAW71238_0	339556068.0	339104893.0	457.0	450718.0	240.0	0.999227386649197	0.9989870892669142	0.999999292254889	0.0005322003379472146	0.9994677996620528	0.9994677996620528	HG002	giabHC_x_clinvar_genes	-1	-2	ont	sentdhio
HIOv1_HG002_sup-PAW71238_0-ont-sentdhio-SNPts	SNPts	HIOv1_HG002_sup-PAW71238_0	334331262.0	334071958.0	75.0	259229.0	32.0	0.9997936613539287	0.9997107641995495	0.9999999042122627	0.0001234277426994419	0.9998765722573005	0.9998765722573005	HG002	giabHC_x_ultima_x_clinvar	-1	-2	ont	sentdhio
HIOv1_HG002_sup-PAW71238_0-ont-sentdhio-SNPtv	SNPtv	HIOv1_HG002_sup-PAW71238_0	334331262.0	334215394.0	44.0	115824.0	20.0	0.9997237950559316	0.9996202575344357	0.9999999401583555	0.00017264597216946927	0.9998273540278305	0.9998273540278305	HG002	giabHC_x_ultima_x_clinvar	-1	-2	ont	sentdhio
HIOv1_HG002_sup-PAW71238_0-ont-sentdhio-INS_50	INS_50	HIOv1_HG002_sup-PAW71238_0	334331262.0	334313371.0	4.0	17887.0	9.0	0.9996367395981781	0.9997764239002851	0.9999999730791511	0.000502905677246312	0.9994970943227537	0.9994970943227537	HG002	giabHC_x_ultima_x_clinvar	-1	-2	ont	sentdhio
HIOv1_HG002_sup-PAW71238_0-ont-sentdhio-INS_gt50	INS_gt50	HIOv1_HG002_sup-PAW71238_0	334331262.0	334331261.0	0.0	1.0	0.0	1.0	1.0	1.0	0.0	1.0	1.0	HG002	giabHC_x_ultima_x_clinvar	-1	-2	ont	sentdhio
HIOv1_HG002_sup-PAW71238_0-ont-sentdhio-DEL_50	DEL_50	HIOv1_HG002_sup-PAW71238_0	334331262.0	334311534.0	9.0	19719.0	12.0	0.9994678020223523	0.9995437956204379	0.9999999641053379	0.0006081800212863008	0.9993918199787137	0.9993918199787137	HG002	giabHC_x_ultima_x_clinvar	-1	-2	ont	sentdhio
HIOv1_HG002_sup-PAW71238_0-ont-sentdhio-DEL_gt50	DEL_gt50	HIOv1_HG002_sup-PAW71238_0	334331262.0	334331262.0	0.0	0.0	0.0			1.0				HG002	giabHC_x_ultima_x_clinvar	-1	-2	ont	sentdhio
HIOv1_HG002_sup-PAW71238_0-ont-sentdhio-Indel_50	Indel_50	HIOv1_HG002_sup-PAW71238_0	334331262.0	334329895.0	0.0	1367.0	0.0	1.0	1.0	1.0	0.0	1.0	1.0	HG002	giabHC_x_ultima_x_clinvar	-1	-2	ont	sentdhio
HIOv1_HG002_sup-PAW71238_0-ont-sentdhio-Indel_gt50	Indel_gt50	HIOv1_HG002_sup-PAW71238_0	334331262.0	334331234.0	0.0	28.0	0.0	1.0	1.0	1.0	0.0	1.0	1.0	HG002	giabHC_x_ultima_x_clinvar	-1	-2	ont	sentdhio
HIOv1_HG002_sup-PAW71238_0-ont-sentdhio-All	All	HIOv1_HG002_sup-PAW71238_0	334331262.0	333917075.0	132.0	414055.0	73.0	0.9997525096128889	0.9996813033726312	0.9999997813828956	0.00017627400224085307	0.9998237259977591	0.9998237259977591	HG002	giabHC_x_ultima_x_clinvar	-1	-2	ont	sentdhio
HIOv1_HG003_sup-PAY87794_0-ont-sentdhio-SNPts	SNPts	HIOv1_HG003_sup-PAY87794_0	377862616.0	377589427.0	447.0	272742.0	35827.0	0.9376476129249619	0.9983637701371578	0.9999051255189623	0.11610693232307846	0.8838930676769216	0.8838930676769216	HG003	clinvar_genes	-1	-2	ont	sentdhio
HIOv1_HG003_sup-PAY87794_0-ont-sentdhio-SNPtv	SNPtv	HIOv1_HG003_sup-PAY87794_0	377862616.0	377738336.0	257.0	124023.0	21795.0	0.9183555598338381	0.9979320888316704	0.9999423046578729	0.149467143973995	0.850532856026005	0.850532856026005	HG003	clinvar_genes	-1	-2	ont	sentdhio
HIOv1_HG003_sup-PAY87794_0-ont-sentdhio-INS_50	INS_50	HIOv1_HG003_sup-PAY87794_0	377862616.0	377833451.0	108.0	29057.0	18616.0	0.7563184882480022	0.9962969312532145	0.9999507320413838	0.3904935707843014	0.6095064292156986	0.6095064292156986	HG003	clinvar_genes	-1	-2	ont	sentdhio
HIOv1_HG003_sup-PAY87794_0-ont-sentdhio-INS_gt50	INS_gt50	HIOv1_HG003_sup-PAY87794_0	377862616.0	377862586.0	13.0	17.0	355.0	0.0845771144278607	0.5666666666666667	0.9999990605059097	0.9543010752688172	0.045698924731182755	0.0456989247311828	HG003	clinvar_genes	-1	-2	ont	sentdhio
HIOv1_HG003_sup-PAY87794_0-ont-sentdhio-DEL_50	DEL_50	HIOv1_HG003_sup-PAY87794_0	377862616.0	377831823.0	79.0	30714.0	18119.0	0.7714565594152664	0.9974344818627611	0.9999520471012803	0.3710400753588762	0.6289599246411238	0.6289599246411238	HG003	clinvar_genes	-1	-2	ont	sentdhio
HIOv1_HG003_sup-PAY87794_0-ont-sentdhio-DEL_gt50	DEL_gt50	HIOv1_HG003_sup-PAY87794_0	377862616.0	377862598.0	5.0	13.0	477.0	0.051181102362204724	0.7222222222222222	0.9999987376379658	0.9734693877551021	0.026530612244897944	0.026530612244897958	HG003	clinvar_genes	-1	-2	ont	sentdhio
HIOv1_HG003_sup-PAY87794_0-ont-sentdhio-Indel_50	Indel_50	HIOv1_HG003_sup-PAY87794_0	377862616.0	377858503.0	17.0	4096.0	4290.0	0.6554124329946396	0.9958667639192803	0.9999886466726032	0.5115668972096351	0.4884331027903649	0.4884331027903649	HG003	clinvar_genes	-1	-2	ont	sentdhio
HIOv1_HG003_sup-PAY87794_0-ont-sentdhio-Indel_gt50	Indel_gt50	HIOv1_HG003_sup-PAY87794_0	377862616.0	377862447.0	7.0	162.0	266.0	0.542713567839196	0.9585798816568047	0.9999992960406231	0.6214953271028038	0.37850467289719625	0.37850467289719625	HG003	clinvar_genes	-1	-2	ont	sentdhio
HIOv1_HG003_sup-PAY87794_0-ont-sentdhio-All	All	HIOv1_HG003_sup-PAY87794_0	377862616.0	377400859.0	933.0	460824.0	99745.0	0.9015206499687967	0.9979794567272396	0.9997357752571967	0.17793527647800716	0.8220647235219929	0.8220647235219928	HG003	clinvar_genes	-1	-2	ont	sentdhio
HIOv1_HG003_sup-PAY87794_0-ont-sentdhio-SNPts	SNPts	HIOv1_HG003_sup-PAY87794_0	2528531102.0	2526276414.0	1298.0	2253390.0	1341.0	0.9994147804850247	0.9994243105919755	0.9999994691795083	0.0005947494401771209	0.9994052505598229	0.9994052505598229	HG003	giabHC	-1	-2	ont	sentdhio
HIOv1_HG003_sup-PAY87794_0-ont-sentdhio-SNPtv	SNPtv	HIOv1_HG003_sup-PAY87794_0	2528531102.0	2527459502.0	756.0	1070844.0	947.0	0.9992054646119163	0.9992945128779396	0.9999996253156007	0.0008835677851372143	0.9991164322148628	0.9991164322148628	HG003	giabHC	-1	-2	ont	sentdhio
HIOv1_HG003_sup-PAY87794_0-ont-sentdhio-INS_50	INS_50	HIOv1_HG003_sup-PAY87794_0	2528531102.0	2528302108.0	235.0	228759.0	131.0	0.9992006709122835	0.998973772238574	0.9999999481865743	0.0005723273187994234	0.9994276726812006	0.9994276726812006	HG003	giabHC	-1	-2	ont	sentdhio
HIOv1_HG003_sup-PAY87794_0-ont-sentdhio-INS_gt50	INS_gt50	HIOv1_HG003_sup-PAY87794_0	2528531102.0	2528531101.0	0.0	1.0	0.0	1.0	1.0	1.0	0.0	1.0	1.0	HG003	giabHC	-1	-2	ont	sentdhio
HIOv1_HG003_sup-PAY87794_0-ont-sentdhio-DEL_50	DEL_50	HIOv1_HG003_sup-PAY87794_0	2528531102.0	2528288104.0	200.0	242798.0	204.0	0.9991687242798354	0.9991769479584194	0.9999999193129995	0.0008394992633805483	0.9991605007366194	0.9991605007366194	HG003	giabHC	-1	-2	ont	sentdhio
HIOv1_HG003_sup-PAY87794_0-ont-sentdhio-DEL_gt50	DEL_gt50	HIOv1_HG003_sup-PAY87794_0	2528531102.0	2528531102.0	0.0	0.0	0.0			1.0				HG003	giabHC	-1	-2	ont	sentdhio
HIOv1_HG003_sup-PAY87794_0-ont-sentdhio-Indel_50	Indel_50	HIOv1_HG003_sup-PAY87794_0	2528531102.0	2528499002.0	26.0	32074.0	11.0	0.999423541325855	0.9991900311526479	0.999999995649593	0.0003428393330216612	0.9996571606669783	0.9996571606669783	HG003	giabHC	-1	-2	ont	sentdhio
HIOv1_HG003_sup-PAY87794_0-ont-sentdhio-Indel_gt50	Indel_gt50	HIOv1_HG003_sup-PAY87794_0	2528531102.0	2528530636.0	3.0	463.0	1.0	0.9956989247311827	0.9935622317596566	0.9999999996045134	0.0021551724137931034	0.9978448275862069	0.9978448275862069	HG003	giabHC	-1	-2	ont	sentdhio
HIOv1_HG003_sup-PAY87794_0-ont-sentdhio-All	All	HIOv1_HG003_sup-PAY87794_0	2528531102.0	2524700255.0	2518.0	3828329.0	2635.0	0.9993274436030855	0.9993427041069508	0.9999989563128356	0.0006878164347146044	0.9993121835652854	0.9993121835652854	HG003	giabHC	-1	-2	ont	sentdhio
HIOv1_HG003_sup-PAY87794_0-ont-sentdhio-SNPts	SNPts	HIOv1_HG003_sup-PAY87794_0	332544085.0	332287248.0	103.0	256734.0	85.0	0.999633996293239	0.9995989674384921	0.9999997441972909	0.0003309723969020984	0.999669027603098	0.999669027603098	HG003	giabHC_x_ultima_x_clinvar	-1	-2	ont	sentdhio
HIOv1_HG003_sup-PAY87794_0-ont-sentdhio-SNPtv	SNPtv	HIOv1_HG003_sup-PAY87794_0	332544085.0	332429479.0	71.0	114535.0	84.0	0.9993238084851128	0.9993804861874597	0.999999747314892	0.000732862788891894	0.9992671372111082	0.9992671372111082	HG003	giabHC_x_ultima_x_clinvar	-1	-2	ont	sentdhio
HIOv1_HG003_sup-PAY87794_0-ont-sentdhio-INS_50	INS_50	HIOv1_HG003_sup-PAY87794_0	332544085.0	332526574.0	7.0	17504.0	7.0	0.9996002512706299	0.9996002512706299	0.9999999789490513	0.0003997487293701102	0.9996002512706299	0.9996002512706299	HG003	giabHC_x_ultima_x_clinvar	-1	-2	ont	sentdhio
HIOv1_HG003_sup-PAY87794_0-ont-sentdhio-INS_gt50	INS_gt50	HIOv1_HG003_sup-PAY87794_0	332544085.0	332544085.0	0.0	0.0	0.0			1.0				HG003	giabHC_x_ultima_x_clinvar	-1	-2	ont	sentdhio
HIOv1_HG003_sup-PAY87794_0-ont-sentdhio-DEL_50	DEL_50	HIOv1_HG003_sup-PAY87794_0	332544085.0	332525162.0	9.0	18914.0	5.0	0.9996300406955234	0.9995243883105216	0.9999999849635441	0.00026428458163750725	0.9997357154183625	0.9997357154183625	HG003	giabHC_x_ultima_x_clinvar	-1	-2	ont	sentdhio
HIOv1_HG003_sup-PAY87794_0-ont-sentdhio-DEL_gt50	DEL_gt50	HIOv1_HG003_sup-PAY87794_0	332544085.0	332544085.0	0.0	0.0	0.0			1.0				HG003	giabHC_x_ultima_x_clinvar	-1	-2	ont	sentdhio
HIOv1_HG003_sup-PAY87794_0-ont-sentdhio-Indel_50	Indel_50	HIOv1_HG003_sup-PAY87794_0	332544085.0	332542791.0	0.0	1294.0	0.0	1.0	1.0	1.0	0.0	1.0	1.0	HG003	giabHC_x_ultima_x_clinvar	-1	-2	ont	sentdhio
HIOv1_HG003_sup-PAY87794_0-ont-sentdhio-Indel_gt50	Indel_gt50	HIOv1_HG003_sup-PAY87794_0	332544085.0	332544054.0	0.0	31.0	0.0	1.0	1.0	1.0	0.0	1.0	1.0	HG003	giabHC_x_ultima_x_clinvar	-1	-2	ont	sentdhio
HIOv1_HG003_sup-PAY87794_0-ont-sentdhio-All	All	HIOv1_HG003_sup-PAY87794_0	332544085.0	332134883.0	190.0	409012.0	181.0	0.9995466736722487	0.9995356816437847	0.999999455040977	0.00044233405752297814	0.999557665942477	0.999557665942477	HG003	giabHC_x_ultima_x_clinvar	-1	-2	ont	sentdhio
HIOv1_HG003_sup-PAY87794_0-ont-sentdhio-SNPts	SNPts	HIOv1_HG003_sup-PAY87794_0	337668665.0	337403138.0	246.0	265281.0	178.0	0.9992014855382252	0.9990735405438995	0.9999994724414624	0.0006705366930486441	0.9993294633069514	0.9993294633069514	HG003	giabHC_x_clinvar_genes	-1	-2	ont	sentdhio
HIOv1_HG003_sup-PAY87794_0-ont-sentdhio-SNPtv	SNPtv	HIOv1_HG003_sup-PAY87794_0	337668665.0	337548440.0	135.0	120090.0	128.0	0.9989061856656256	0.9988771054273238	0.9999996207953102	0.0010647324028015771	0.9989352675971984	0.9989352675971984	HG003	giabHC_x_clinvar_genes	-1	-2	ont	sentdhio
HIOv1_HG003_sup-PAY87794_0-ont-sentdhio-INS_50	INS_50	HIOv1_HG003_sup-PAY87794_0	337668665.0	337642344.0	29.0	26292.0	29.0	0.9988982181528058	0.9988982181528058	0.9999999141103063	0.0011017818471942555	0.9988982181528058	0.9988982181528058	HG003	giabHC_x_clinvar_genes	-1	-2	ont	sentdhio
HIOv1_HG003_sup-PAY87794_0-ont-sentdhio-INS_gt50	INS_gt50	HIOv1_HG003_sup-PAY87794_0	337668665.0	337668665.0	0.0	0.0	0.0			1.0				HG003	giabHC_x_clinvar_genes	-1	-2	ont	sentdhio
HIOv1_HG003_sup-PAY87794_0-ont-sentdhio-DEL_50	DEL_50	HIOv1_HG003_sup-PAY87794_0	337668665.0	337640722.0	24.0	27919.0	27.0	0.9990874769632664	0.9991411086855384	0.9999999200333488	0.0009661490016460316	0.999033850998354	0.999033850998354	HG003	giabHC_x_clinvar_genes	-1	-2	ont	sentdhio
HIOv1_HG003_sup-PAY87794_0-ont-sentdhio-DEL_gt50	DEL_gt50	HIOv1_HG003_sup-PAY87794_0	337668665.0	337668665.0	0.0	0.0	0.0			1.0				HG003	giabHC_x_clinvar_genes	-1	-2	ont	sentdhio
HIOv1_HG003_sup-PAY87794_0-ont-sentdhio-Indel_50	Indel_50	HIOv1_HG003_sup-PAY87794_0	337668665.0	337665478.0	1.0	3186.0	1.0	0.9996862252902416	0.9996862252902416	0.9999999970384891	0.00031377470975839345	0.9996862252902416	0.9996862252902416	HG003	giabHC_x_clinvar_genes	-1	-2	ont	sentdhio
HIOv1_HG003_sup-PAY87794_0-ont-sentdhio-Indel_gt50	Indel_gt50	HIOv1_HG003_sup-PAY87794_0	337668665.0	337668619.0	0.0	46.0	0.0	1.0	1.0	1.0	0.0	1.0	1.0	HG003	giabHC_x_clinvar_genes	-1	-2	ont	sentdhio
HIOv1_HG003_sup-PAY87794_0-ont-sentdhio-All	All	HIOv1_HG003_sup-PAY87794_0	337668665.0	337225416.0	435.0	442814.0	363.0	0.9990997556479615	0.9990186103070734	0.9999989235698378	0.0008190858280100276	0.99918091417199	0.99918091417199	HG003	giabHC_x_clinvar_genes	-1	-2	ont	sentdhio
HIOv1_HG003_sup-PAY87794_0-ont-sentdhio-SNPts	SNPts	HIOv1_HG003_sup-PAY87794_0	2505355380.0	2503152252.0	492.0	2202636.0	872.0	0.9996904668322957	0.9997766811551576	0.9999996516393697	0.0003957326227088806	0.9996042673772911	0.9996042673772911	HG003	giabHC_x_ultima	-1	-2	ont	sentdhio
HIOv1_HG003_sup-PAY87794_0-ont-sentdhio-SNPtv	SNPtv	HIOv1_HG003_sup-PAY87794_0	2505355380.0	2504320948.0	363.0	1034069.0	743.0	0.999465505276323	0.9996490827816619	0.999999703312876	0.0007180048163337882	0.9992819951836662	0.9992819951836662	HG003	giabHC_x_ultima	-1	-2	ont	sentdhio
HIOv1_HG003_sup-PAY87794_0-ont-sentdhio-INS_50	INS_50	HIOv1_HG003_sup-PAY87794_0	2505355380.0	2505201614.0	78.0	153688.0	43.0	0.9996065002260186	0.9994927357153077	0.9999999828357131	0.00027970936245779967	0.9997202906375422	0.9997202906375422	HG003	giabHC_x_ultima	-1	-2	ont	sentdhio
HIOv1_HG003_sup-PAY87794_0-ont-sentdhio-INS_gt50	INS_gt50	HIOv1_HG003_sup-PAY87794_0	2505355380.0	2505355380.0	0.0	0.0	0.0			1.0				HG003	giabHC_x_ultima	-1	-2	ont	sentdhio
HIOv1_HG003_sup-PAY87794_0-ont-sentdhio-DEL_50	DEL_50	HIOv1_HG003_sup-PAY87794_0	2505355380.0	2505190045.0	64.0	165271.0	84.0	0.9995524509359218	0.9996129071279524	0.9999999664696109	0.0005079979438178464	0.9994920020561822	0.9994920020561822	HG003	giabHC_x_ultima	-1	-2	ont	sentdhio
HIOv1_HG003_sup-PAY87794_0-ont-sentdhio-DEL_gt50	DEL_gt50	HIOv1_HG003_sup-PAY87794_0	2505355380.0	2505355380.0	0.0	0.0	0.0			1.0				HG003	giabHC_x_ultima	-1	-2	ont	sentdhio
HIOv1_HG003_sup-PAY87794_0-ont-sentdhio-Indel_50	Indel_50	HIOv1_HG003_sup-PAY87794_0	2505355380.0	2505341438.0	0.0	13942.0	0.0	1.0	1.0	1.0	0.0	1.0	1.0	HG003	giabHC_x_ultima	-1	-2	ont	sentdhio
HIOv1_HG003_sup-PAY87794_0-ont-sentdhio-Indel_gt50	Indel_gt50	HIOv1_HG003_sup-PAY87794_0	2505355380.0	2505355014.0	0.0	366.0	0.0	1.0	1.0	1.0	0.0	1.0	1.0	HG003	giabHC_x_ultima	-1	-2	ont	sentdhio
HIOv1_HG003_sup-PAY87794_0-ont-sentdhio-All	All	HIOv1_HG003_sup-PAY87794_0	2505355380.0	2501784411.0	997.0	3569972.0	1742.0	0.9996165306510173	0.9997208040730681	0.9999993036974811	0.0004877210213359748	0.999512278978664	0.999512278978664	HG003	giabHC_x_ultima	-1	-2	ont	sentdhio
HIOv1_HG003_sup-PAY87794_0-ont-sentdhio-SNPts	SNPts	HIOv1_HG003_sup-PAY87794_0	3088286401.0	3085964043.0	2394.0	2319964.0	413564.0	0.9177279709233951	0.9989691511816869	0.9998660034342324	0.15129312741629133	0.8487068725837087	0.8487068725837087	HG003	hg38	-1	-2	ont	sentdhio
HIOv1_HG003_sup-PAY87794_0-ont-sentdhio-SNPtv	SNPtv	HIOv1_HG003_sup-PAY87794_0	3088286401.0	3087179898.0	1419.0	1105084.0	386050.0	0.8508378961340632	0.9987175814254458	0.9998749662334337	0.25889692006218085	0.7411030799378191	0.7411030799378191	HG003	hg38	-1	-2	ont	sentdhio
HIOv1_HG003_sup-PAY87794_0-ont-sentdhio-INS_50	INS_50	HIOv1_HG003_sup-PAY87794_0	3088286401.0	3088030164.0	970.0	255267.0	176350.0	0.7422127370052366	0.9962144420985259	0.9999428956583051	0.40857982887606376	0.5914201711239362	0.5914201711239363	HG003	hg38	-1	-2	ont	sentdhio
HIOv1_HG003_sup-PAY87794_0-ont-sentdhio-INS_gt50	INS_gt50	HIOv1_HG003_sup-PAY87794_0	3088286401.0	3088286169.0	121.0	111.0	2722.0	0.07243066884176183	0.47844827586206895	0.999999118605773	0.9608189198729262	0.039181080127073775	0.039181080127073775	HG003	hg38	-1	-2	ont	sentdhio
HIOv1_HG003_sup-PAY87794_0-ont-sentdhio-DEL_50	DEL_50	HIOv1_HG003_sup-PAY87794_0	3088286401.0	3088016372.0	642.0	269387.0	178765.0	0.7501925002193041	0.9976224775857407	0.9999421134377623	0.3988936789303629	0.601106321069637	0.6011063210696371	HG003	hg38	-1	-2	ont	sentdhio
HIOv1_HG003_sup-PAY87794_0-ont-sentdhio-DEL_gt50	DEL_gt50	HIOv1_HG003_sup-PAY87794_0	3088286401.0	3088286263.0	41.0	97.0	3475.0	0.0522911051212938	0.7028985507246377	0.9999988747817418	0.9728443449048152	0.027155655095184805	0.02715565509518477	HG003	hg38	-1	-2	ont	sentdhio
HIOv1_HG003_sup-PAY87794_0-ont-sentdhio-Indel_50	Indel_50	HIOv1_HG003_sup-PAY87794_0	3088286401.0	3088244747.0	126.0	41528.0	40315.0	0.6725345554952751	0.996975080424449	0.9999869458294197	0.4925894700829637	0.5074105299170363	0.5074105299170363	HG003	hg38	-1	-2	ont	sentdhio
HIOv1_HG003_sup-PAY87794_0-ont-sentdhio-Indel_gt50	Indel_gt50	HIOv1_HG003_sup-PAY87794_0	3088286401.0	3088284839.0	41.0	1521.0	2318.0	0.5632290316608035	0.9737516005121639	0.9999992494221288	0.6038030737171138	0.39619692628288616	0.39619692628288616	HG003	hg38	-1	-2	ont	sentdhio
HIOv1_HG003_sup-PAY87794_0-ont-sentdhio-All	All	HIOv1_HG003_sup-PAY87794_0	3088286401.0	3084287688.0	5754.0	3992959.0	1203559.0	0.8684847612854967	0.9985610370136592	0.9996099295367731	0.23160874262342593	0.7683912573765741	0.7683912573765741	HG003	hg38	-1	-2	ont	sentdhio
HIOv1_HG003_sup-PAY87794_0-ont-sentdhio-SNPts	SNPts	HIOv1_HG003_sup-PAY87794_0	2799325643.0	2797071485.0	819.0	2253339.0	105035.0	0.9770507825203164	0.9996366714311952	0.9999624496347481	0.0445370411987242	0.9554629588012757	0.9554629588012757	HG003	ultima	-1	-2	ont	sentdhio
HIOv1_HG003_sup-PAY87794_0-ont-sentdhio-SNPtv	SNPtv	HIOv1_HG003_sup-PAY87794_0	2799325643.0	2798266925.0	544.0	1058174.0	62165.0	0.9712219551852017	0.9994861710105997	0.9999777849573797	0.05548766935722134	0.9445123306427786	0.9445123306427786	HG003	ultima	-1	-2	ont	sentdhio
HIOv1_HG003_sup-PAY87794_0-ont-sentdhio-INS_50	INS_50	HIOv1_HG003_sup-PAY87794_0	2799325643.0	2799161500.0	195.0	163948.0	23376.0	0.9329353822691745	0.9988120114777967	0.9999916489974634	0.12478913540176378	0.8752108645982362	0.8752108645982362	HG003	ultima	-1	-2	ont	sentdhio
HIOv1_HG003_sup-PAY87794_0-ont-sentdhio-INS_gt50	INS_gt50	HIOv1_HG003_sup-PAY87794_0	2799325643.0	2799325547.0	52.0	44.0	550.0	0.12753623188405797	0.4583333333333333	0.9999998035241409	0.9259259259259259	0.07407407407407407	0.07407407407407407	HG003	ultima	-1	-2	ont	sentdhio
HIOv1_HG003_sup-PAY87794_0-ont-sentdhio-DEL_50	DEL_50	HIOv1_HG003_sup-PAY87794_0	2799325643.0	2799148403.0	191.0	177049.0	32115.0	0.9163932050392853	0.9989223651545927	0.9999885269993152	0.15353980608517717	0.8464601939148229	0.8464601939148229	HG003	ultima	-1	-2	ont	sentdhio
HIOv1_HG003_sup-PAY87794_0-ont-sentdhio-DEL_gt50	DEL_gt50	HIOv1_HG003_sup-PAY87794_0	2799325643.0	2799325554.0	24.0	65.0	1571.0	0.07536231884057971	0.7303370786516854	0.9999994387937066	0.9602689486552567	0.03973105134474331	0.03973105134474328	HG003	ultima	-1	-2	ont	sentdhio
HIOv1_HG003_sup-PAY87794_0-ont-sentdhio-Indel_50	Indel_50	HIOv1_HG003_sup-PAY87794_0	2799325643.0	2799308113.0	4.0	17526.0	2594.0	0.9309960159362549	0.9997718197375927	0.9999990733433078	0.12892644135188866	0.8710735586481113	0.8710735586481113	HG003	ultima	-1	-2	ont	sentdhio
HIOv1_HG003_sup-PAY87794_0-ont-sentdhio-Indel_gt50	Indel_gt50	HIOv1_HG003_sup-PAY87794_0	2799325643.0	2799324697.0	12.0	934.0	519.0	0.7786577740725302	0.9873150105708245	0.9999998145981763	0.3571920165175499	0.64280798348245	0.64280798348245	HG003	ultima	-1	-2	ont	sentdhio
HIOv1_HG003_sup-PAY87794_0-ont-sentdhio-All	All	HIOv1_HG003_sup-PAY87794_0	2799325643.0	2795652723.0	1841.0	3671079.0	227925.0	0.9696555327285378	0.9994987639262494	0.9999184782797638	0.05845723677123696	0.9415427632287631	0.9415427632287631	HG003	ultima	-1	-2	ont	sentdhio
HIOv1_HG003_sup-PAY87954_0-ont-sentdhio-SNPts	SNPts	HIOv1_HG003_sup-PAY87954_0	377862616.0	377589422.0	460.0	272734.0	35777.0	0.937705538030445	0.998316214850985	0.9999052579115622	0.11596669162525809	0.8840333083747419	0.8840333083747419	HG003	clinvar_genes	-1	-2	ont	sentdhio
HIOv1_HG003_sup-PAY87954_0-ont-sentdhio-SNPtv	SNPtv	HIOv1_HG003_sup-PAY87954_0	377862616.0	377738337.0	257.0	124022.0	21744.0	0.9185283934159121	0.9979320721924058	0.9999424396565607	0.1491705884774227	0.8508294115225773	0.8508294115225773	HG003	clinvar_genes	-1	-2	ont	sentdhio
HIOv1_HG003_sup-PAY87954_0-ont-sentdhio-INS_50	INS_50	HIOv1_HG003_sup-PAY87954_0	377862616.0	377833452.0	107.0	29057.0	18648.0	0.7560134774746647	0.9963310931285146	0.9999506473564657	0.3909024211298606	0.6090975788701394	0.6090975788701394	HG003	clinvar_genes	-1	-2	ont	sentdhio
HIOv1_HG003_sup-PAY87954_0-ont-sentdhio-INS_gt50	INS_gt50	HIOv1_HG003_sup-PAY87954_0	377862616.0	377862585.0	12.0	19.0	352.0	0.0945273631840796	0.6129032258064516	0.9999990684452865	0.9487870619946092	0.05121293800539084	0.05121293800539083	HG003	clinvar_genes	-1	-2	ont	sentdhio
HIOv1_HG003_sup-PAY87954_0-ont-sentdhio-DEL_50	DEL_50	HIOv1_HG003_sup-PAY87954_0	377862616.0	377831826.0	79.0	30711.0	18083.0	0.771788299155609	0.9974342318934719	0.9999521423730183	0.3705988441201787	0.6294011558798214	0.6294011558798213	HG003	clinvar_genes	-1	-2	ont	sentdhio
HIOv1_HG003_sup-PAY87954_0-ont-sentdhio-DEL_gt50	DEL_gt50	HIOv1_HG003_sup-PAY87954_0	377862616.0	377862598.0	6.0	12.0	486.0	0.046511627906976744	0.6666666666666666	0.9999987138198448	0.9759036144578314	0.02409638554216864	0.024096385542168676	HG003	clinvar_genes	-1	-2	ont	sentdhio
HIOv1_HG003_sup-PAY87954_0-ont-sentdhio-Indel_50	Indel_50	HIOv1_HG003_sup-PAY87954_0	377862616.0	377858503.0	18.0	4095.0	4302.0	0.6546762589928057	0.9956236323851203	0.9999886149154056	0.5123258306538049	0.4876741693461951	0.48767416934619506	HG003	clinvar_genes	-1	-2	ont	sentdhio
HIOv1_HG003_sup-PAY87954_0-ont-sentdhio-Indel_gt50	Indel_gt50	HIOv1_HG003_sup-PAY87954_0	377862616.0	377862449.0	6.0	161.0	266.0	0.542087542087542	0.9640718562874252	0.9999992960406269	0.6229508196721312	0.3770491803278688	0.3770491803278688	HG003	clinvar_genes	-1	-2	ont	sentdhio
HIOv1_HG003_sup-PAY87954_0-ont-sentdhio-All	All	HIOv1_HG003_sup-PAY87954_0	377862616.0	377400860.0	945.0	460811.0	99658.0	0.9015842891731273	0.9979534646003517	0.9997360056602624	0.17781179690580567	0.8221882030941943	0.8221882030941944	HG003	clinvar_genes	-1	-2	ont	sentdhio
HIOv1_HG003_sup-PAY87954_0-ont-sentdhio-SNPts	SNPts	HIOv1_HG003_sup-PAY87954_0	3088286401.0	3085964025.0	2359.0	2320017.0	414104.0	0.9176380407226584	0.9989842299438162	0.9998658284945358	0.15145781770448344	0.8485421822955166	0.8485421822955166	HG003	hg38	-1	-2	ont	sentdhio
HIOv1_HG003_sup-PAY87954_0-ont-sentdhio-SNPtv	SNPtv	HIOv1_HG003_sup-PAY87954_0	3088286401.0	3087179900.0	1363.0	1105138.0	386550.0	0.850698698208637	0.9987681890933673	0.9998748043139282	0.2591359587259534	0.7408640412740466	0.7408640412740466	HG003	hg38	-1	-2	ont	sentdhio
HIOv1_HG003_sup-PAY87954_0-ont-sentdhio-INS_50	INS_50	HIOv1_HG003_sup-PAY87954_0	3088286401.0	3088030170.0	1011.0	255220.0	176270.0	0.742219591956622	0.9960543415902057	0.9999429215619406	0.4085146816843959	0.5914853183156041	0.591485318315604	HG003	hg38	-1	-2	ont	sentdhio
HIOv1_HG003_sup-PAY87954_0-ont-sentdhio-INS_gt50	INS_gt50	HIOv1_HG003_sup-PAY87954_0	3088286401.0	3088286168.0	121.0	112.0	2691.0	0.07378129117259553	0.48068669527896996	0.9999991286436849	0.9600428112736354	0.039957188726364556	0.03995718872636461	HG003	hg38	-1	-2	ont	sentdhio
HIOv1_HG003_sup-PAY87954_0-ont-sentdhio-DEL_50	DEL_50	HIOv1_HG003_sup-PAY87954_0	3088286401.0	3088016391.0	649.0	269361.0	178653.0	0.7502841130658584	0.9975963853190623	0.9999421497031584	0.3987665564022553	0.6012334435977447	0.6012334435977447	HG003	hg38	-1	-2	ont	sentdhio
HIOv1_HG003_sup-PAY87954_0-ont-sentdhio-DEL_gt50	DEL_gt50	HIOv1_HG003_sup-PAY87954_0	3088286401.0	3088286263.0	44.0	94.0	3474.0	0.050728548300053966	0.6811594202898551	0.9999988751055452	0.9736547085201793	0.026345291479820676	0.026345291479820628	HG003	hg38	-1	-2	ont	sentdhio
HIOv1_HG003_sup-PAY87954_0-ont-sentdhio-Indel_50	Indel_50	HIOv1_HG003_sup-PAY87954_0	3088286401.0	3088244739.0	122.0	41540.0	40375.0	0.6722933879281745	0.9970716720272671	0.9999869264013814	0.4928889702740646	0.5071110297259354	0.5071110297259355	HG003	hg38	-1	-2	ont	sentdhio
HIOv1_HG003_sup-PAY87954_0-ont-sentdhio-Indel_gt50	Indel_gt50	HIOv1_HG003_sup-PAY87954_0	3088286401.0	3088284833.0	42.0	1526.0	2328.0	0.5628919218000736	0.9732142857142857	0.9999992461840889	0.6040477426050856	0.39595225739491435	0.39595225739491435	HG003	hg38	-1	-2	ont	sentdhio
HIOv1_HG003_sup-PAY87954_0-ont-sentdhio-All	All	HIOv1_HG003_sup-PAY87954_0	3088286401.0	3084287682.0	5711.0	3993008.0	1204445.0	0.8684065500297298	0.9985717926165855	0.9996096424977201	0.23173754529381987	0.7682624547061802	0.7682624547061802	HG003	hg38	-1	-2	ont	sentdhio
HIOv1_HG003_sup-PAY87954_0-ont-sentdhio-SNPts	SNPts	HIOv1_HG003_sup-PAY87954_0	2528531102.0	2526276414.0	1247.0	2253441.0	1463.0	0.9993990587175071	0.9994469301295789	0.9999994208871426	0.0006488081089039711	0.999351191891096	0.999351191891096	HG003	giabHC	-1	-2	ont	sentdhio
HIOv1_HG003_sup-PAY87954_0-ont-sentdhio-SNPtv	SNPtv	HIOv1_HG003_sup-PAY87954_0	2528531102.0	2527459503.0	709.0	1070890.0	1025.0	0.9991910479707621	0.9993383719096416	0.9999995944545964	0.0009562325370948256	0.9990437674629051	0.9990437674629051	HG003	giabHC	-1	-2	ont	sentdhio
HIOv1_HG003_sup-PAY87954_0-ont-sentdhio-INS_50	INS_50	HIOv1_HG003_sup-PAY87954_0	2528531102.0	2528302106.0	257.0	228739.0	140.0	0.9991329511329512	0.9988777096543171	0.9999999446268736	0.000611676912254947	0.9993883230877451	0.9993883230877451	HG003	giabHC	-1	-2	ont	sentdhio
HIOv1_HG003_sup-PAY87954_0-ont-sentdhio-INS_gt50	INS_gt50	HIOv1_HG003_sup-PAY87954_0	2528531102.0	2528531101.0	0.0	1.0	0.0	1.0	1.0	1.0	0.0	1.0	1.0	HG003	giabHC	-1	-2	ont	sentdhio
HIOv1_HG003_sup-PAY87954_0-ont-sentdhio-DEL_50	DEL_50	HIOv1_HG003_sup-PAY87954_0	2528531102.0	2528288098.0	211.0	242793.0	168.0	0.9992201084440236	0.9991317015357772	0.9999999335518809	0.0006914690011977231	0.9993085309988022	0.9993085309988022	HG003	giabHC	-1	-2	ont	sentdhio
HIOv1_HG003_sup-PAY87954_0-ont-sentdhio-DEL_gt50	DEL_gt50	HIOv1_HG003_sup-PAY87954_0	2528531102.0	2528531102.0	0.0	0.0	0.0			1.0				HG003	giabHC	-1	-2	ont	sentdhio
HIOv1_HG003_sup-PAY87954_0-ont-sentdhio-Indel_50	Indel_50	HIOv1_HG003_sup-PAY87954_0	2528531102.0	2528499010.0	24.0	32068.0	11.0	0.9994545822879494	0.999252150068553	0.999999995649593	0.0003429034570903083	0.9996570965429097	0.9996570965429097	HG003	giabHC	-1	-2	ont	sentdhio
HIOv1_HG003_sup-PAY87954_0-ont-sentdhio-Indel_gt50	Indel_gt50	HIOv1_HG003_sup-PAY87954_0	2528531102.0	2528530635.0	3.0	464.0	1.0	0.9957081545064378	0.9935760171306209	0.9999999996045134	0.002150537634408602	0.9978494623655914	0.9978494623655914	HG003	giabHC	-1	-2	ont	sentdhio
HIOv1_HG003_sup-PAY87954_0-ont-sentdhio-All	All	HIOv1_HG003_sup-PAY87954_0	2528531102.0	2524700255.0	2451.0	3828396.0	2808.0	0.9993136302538315	0.99936019371173	0.9999988877899975	0.000732928865181807	0.9992670711348182	0.9992670711348182	HG003	giabHC	-1	-2	ont	sentdhio
HIOv1_HG003_sup-PAY87954_0-ont-sentdhio-SNPts	SNPts	HIOv1_HG003_sup-PAY87954_0	2799325643.0	2797071488.0	761.0	2253394.0	105526.0	0.9769596202099468	0.9996624012102096	0.9999622741072618	0.044734878673291165	0.9552651213267088	0.9552651213267088	HG003	ultima	-1	-2	ont	sentdhio
HIOv1_HG003_sup-PAY87954_0-ont-sentdhio-SNPtv	SNPtv	HIOv1_HG003_sup-PAY87954_0	2799325643.0	2798266927.0	481.0	1058235.0	62295.0	0.9711937064470922	0.9995456760831044	0.9999777385021354	0.0555942277315199	0.9444057722684801	0.9444057722684801	HG003	ultima	-1	-2	ont	sentdhio
HIOv1_HG003_sup-PAY87954_0-ont-sentdhio-INS_50	INS_50	HIOv1_HG003_sup-PAY87954_0	2799325643.0	2799161500.0	195.0	163948.0	23364.0	0.9329672362037814	0.9988120114777967	0.9999916532843899	0.1247330656871957	0.8752669343128043	0.8752669343128043	HG003	ultima	-1	-2	ont	sentdhio
HIOv1_HG003_sup-PAY87954_0-ont-sentdhio-INS_gt50	INS_gt50	HIOv1_HG003_sup-PAY87954_0	2799325643.0	2799325547.0	47.0	49.0	559.0	0.13920454545454547	0.5104166666666666	0.999999800309082	0.9194078947368421	0.08059210526315785	0.0805921052631579	HG003	ultima	-1	-2	ont	sentdhio
HIOv1_HG003_sup-PAY87954_0-ont-sentdhio-DEL_50	DEL_50	HIOv1_HG003_sup-PAY87954_0	2799325643.0	2799148405.0	191.0	177047.0	32119.0	0.9163828531795737	0.9989223529942789	0.9999885255703501	0.153557461537726	0.846442538462274	0.846442538462274	HG003	ultima	-1	-2	ont	sentdhio
HIOv1_HG003_sup-PAY87954_0-ont-sentdhio-DEL_gt50	DEL_gt50	HIOv1_HG003_sup-PAY87954_0	2799325643.0	2799325554.0	27.0	62.0	1565.0	0.07226107226107226	0.6966292134831461	0.9999994409370776	0.9618930547019053	0.03810694529809466	0.03810694529809465	HG003	ultima	-1	-2	ont	sentdhio
HIOv1_HG003_sup-PAY87954_0-ont-sentdhio-Indel_50	Indel_50	HIOv1_HG003_sup-PAY87954_0	2799325643.0	2799308111.0	4.0	17528.0	2613.0	0.9305338040506463	0.999771845767739	0.9999990665559284	0.12973536567201233	0.8702646343279876	0.8702646343279877	HG003	ultima	-1	-2	ont	sentdhio
HIOv1_HG003_sup-PAY87954_0-ont-sentdhio-Indel_gt50	Indel_gt50	HIOv1_HG003_sup-PAY87954_0	2799325643.0	2799324698.0	11.0	934.0	520.0	0.7786577740725302	0.9883597883597883	0.9999998142409475	0.3576341127922971	0.6423658872077029	0.6423658872077029	HG003	ultima	-1	-2	ont	sentdhio
HIOv1_HG003_sup-PAY87954_0-ont-sentdhio-All	All	HIOv1_HG003_sup-PAY87954_0	2799325643.0	2795652729.0	1717.0	3671197.0	228561.0	0.9695909185027424	0.9995325237672322	0.9999182508210139	0.05860902138030103	0.941390978619699	0.941390978619699	HG003	ultima	-1	-2	ont	sentdhio
HIOv1_HG003_sup-PAY87954_0-ont-sentdhio-SNPts	SNPts	HIOv1_HG003_sup-PAY87954_0	2505355380.0	2503152255.0	448.0	2202677.0	931.0	0.9996870697634732	0.9997966524822695	0.9999996280691069	0.00042248893632624315	0.9995775110636738	0.9995775110636738	HG003	giabHC_x_ultima	-1	-2	ont	sentdhio
HIOv1_HG003_sup-PAY87954_0-ont-sentdhio-SNPtv	SNPtv	HIOv1_HG003_sup-PAY87954_0	2505355380.0	2504320949.0	307.0	1034124.0	795.0	0.9994674656293039	0.9997032184843648	0.9999996825487771	0.0007681760601554325	0.9992318239398446	0.9992318239398446	HG003	giabHC_x_ultima	-1	-2	ont	sentdhio
HIOv1_HG003_sup-PAY87954_0-ont-sentdhio-INS_50	INS_50	HIOv1_HG003_sup-PAY87954_0	2505355380.0	2505201616.0	80.0	153684.0	43.0	0.9995999882923403	0.9994797221716396	0.9999999828357131	0.00027971664053809674	0.999720283359462	0.999720283359462	HG003	giabHC_x_ultima	-1	-2	ont	sentdhio
HIOv1_HG003_sup-PAY87954_0-ont-sentdhio-INS_gt50	INS_gt50	HIOv1_HG003_sup-PAY87954_0	2505355380.0	2505355380.0	0.0	0.0	0.0			1.0				HG003	giabHC_x_ultima	-1	-2	ont	sentdhio
HIOv1_HG003_sup-PAY87954_0-ont-sentdhio-DEL_50	DEL_50	HIOv1_HG003_sup-PAY87954_0	2505355380.0	2505190044.0	65.0	165271.0	69.0	0.9995947695024736	0.9996068611796584	0.9999999724571801	0.0004173218821821701	0.9995826781178179	0.9995826781178179	HG003	giabHC_x_ultima	-1	-2	ont	sentdhio
HIOv1_HG003_sup-PAY87954_0-ont-sentdhio-DEL_gt50	DEL_gt50	HIOv1_HG003_sup-PAY87954_0	2505355380.0	2505355380.0	0.0	0.0	0.0			1.0				HG003	giabHC_x_ultima	-1	-2	ont	sentdhio
HIOv1_HG003_sup-PAY87954_0-ont-sentdhio-Indel_50	Indel_50	HIOv1_HG003_sup-PAY87954_0	2505355380.0	2505341439.0	0.0	13941.0	0.0	1.0	1.0	1.0	0.0	1.0	1.0	HG003	giabHC_x_ultima	-1	-2	ont	sentdhio
HIOv1_HG003_sup-PAY87954_0-ont-sentdhio-Indel_gt50	Indel_gt50	HIOv1_HG003_sup-PAY87954_0	2505355380.0	2505355013.0	0.0	367.0	0.0	1.0	1.0	1.0	0.0	1.0	1.0	HG003	giabHC_x_ultima	-1	-2	ont	sentdhio
HIOv1_HG003_sup-PAY87954_0-ont-sentdhio-All	All	HIOv1_HG003_sup-PAY87954_0	2505355380.0	2501784416.0	900.0	3570064.0	1838.0	0.999616680475316	0.9997479672155754	0.9999992653249266	0.0005145717883637346	0.9994854282116362	0.9994854282116362	HG003	giabHC_x_ultima	-1	-2	ont	sentdhio
HIOv1_HG003_sup-PAY87954_0-ont-sentdhio-SNPts	SNPts	HIOv1_HG003_sup-PAY87954_0	332544085.0	332287250.0	105.0	256730.0	86.0	0.9996281521889376	0.9995911772149434	0.9999997411878495	0.0003348701015513052	0.9996651298984487	0.9996651298984487	HG003	giabHC_x_ultima_x_clinvar	-1	-2	ont	sentdhio
HIOv1_HG003_sup-PAY87954_0-ont-sentdhio-SNPtv	SNPtv	HIOv1_HG003_sup-PAY87954_0	332544085.0	332429480.0	66.0	114539.0	85.0	0.9993412700836282	0.9994241088957725	0.9999997443067375	0.0007415549972082635	0.9992584450027917	0.9992584450027917	HG003	giabHC_x_ultima_x_clinvar	-1	-2	ont	sentdhio
HIOv1_HG003_sup-PAY87954_0-ont-sentdhio-INS_50	INS_50	HIOv1_HG003_sup-PAY87954_0	332544085.0	332526573.0	8.0	17504.0	5.0	0.9996287941520802	0.9995431703974418	0.999999984963608	0.0002855674224684448	0.9997144325775316	0.9997144325775316	HG003	giabHC_x_ultima_x_clinvar	-1	-2	ont	sentdhio
HIOv1_HG003_sup-PAY87954_0-ont-sentdhio-INS_gt50	INS_gt50	HIOv1_HG003_sup-PAY87954_0	332544085.0	332544085.0	0.0	0.0	0.0			1.0				HG003	giabHC_x_ultima_x_clinvar	-1	-2	ont	sentdhio
HIOv1_HG003_sup-PAY87954_0-ont-sentdhio-DEL_50	DEL_50	HIOv1_HG003_sup-PAY87954_0	332544085.0	332525162.0	10.0	18913.0	3.0	0.9996564391236554	0.9994715425672462	0.9999999909781264	0.0001585958976527807	0.9998414041023472	0.9998414041023472	HG003	giabHC_x_ultima_x_clinvar	-1	-2	ont	sentdhio
HIOv1_HG003_sup-PAY87954_0-ont-sentdhio-DEL_gt50	DEL_gt50	HIOv1_HG003_sup-PAY87954_0	332544085.0	332544085.0	0.0	0.0	0.0			1.0				HG003	giabHC_x_ultima_x_clinvar	-1	-2	ont	sentdhio
HIOv1_HG003_sup-PAY87954_0-ont-sentdhio-Indel_50	Indel_50	HIOv1_HG003_sup-PAY87954_0	332544085.0	332542790.0	0.0	1295.0	0.0	1.0	1.0	1.0	0.0	1.0	1.0	HG003	giabHC_x_ultima_x_clinvar	-1	-2	ont	sentdhio
HIOv1_HG003_sup-PAY87954_0-ont-sentdhio-Indel_gt50	Indel_gt50	HIOv1_HG003_sup-PAY87954_0	332544085.0	332544054.0	0.0	31.0	0.0	1.0	1.0	1.0	0.0	1.0	1.0	HG003	giabHC_x_ultima_x_clinvar	-1	-2	ont	sentdhio
HIOv1_HG003_sup-PAY87954_0-ont-sentdhio-All	All	HIOv1_HG003_sup-PAY87954_0	332544085.0	332134884.0	189.0	409012.0	179.0	0.9995503377354616	0.999538124295884	0.9999994610626219	0.00043744852648274277	0.9995625514735172	0.9995625514735172	HG003	giabHC_x_ultima_x_clinvar	-1	-2	ont	sentdhio
HIOv1_HG003_sup-PAY87954_0-ont-sentdhio-SNPts	SNPts	HIOv1_HG003_sup-PAY87954_0	337668665.0	337403137.0	244.0	265284.0	169.0	0.9992221943911364	0.9990810761953541	0.9999994991157556	0.0006366475421261014	0.9993633524578739	0.9993633524578739	HG003	giabHC_x_clinvar_genes	-1	-2	ont	sentdhio
HIOv1_HG003_sup-PAY87954_0-ont-sentdhio-SNPtv	SNPtv	HIOv1_HG003_sup-PAY87954_0	337668665.0	337548440.0	120.0	120105.0	118.0	0.9990101809954751	0.9990018714909544	0.9999996504206663	0.0009815093617693785	0.9990184906382307	0.9990184906382307	HG003	giabHC_x_clinvar_genes	-1	-2	ont	sentdhio
HIOv1_HG003_sup-PAY87954_0-ont-sentdhio-INS_50	INS_50	HIOv1_HG003_sup-PAY87954_0	337668665.0	337642344.0	33.0	26288.0	27.0	0.9988600957519568	0.998746248242848	0.999999920033733	0.0010260307809234277	0.9989739692190766	0.9989739692190766	HG003	giabHC_x_clinvar_genes	-1	-2	ont	sentdhio
HIOv1_HG003_sup-PAY87954_0-ont-sentdhio-INS_gt50	INS_gt50	HIOv1_HG003_sup-PAY87954_0	337668665.0	337668665.0	0.0	0.0	0.0			1.0				HG003	giabHC_x_clinvar_genes	-1	-2	ont	sentdhio
HIOv1_HG003_sup-PAY87954_0-ont-sentdhio-DEL_50	DEL_50	HIOv1_HG003_sup-PAY87954_0	337668665.0	337640720.0	25.0	27920.0	22.0	0.9991590173027717	0.9991053855788156	0.9999999348419866	0.0007873452150883973	0.9992126547849116	0.9992126547849116	HG003	giabHC_x_clinvar_genes	-1	-2	ont	sentdhio
HIOv1_HG003_sup-PAY87954_0-ont-sentdhio-DEL_gt50	DEL_gt50	HIOv1_HG003_sup-PAY87954_0	337668665.0	337668665.0	0.0	0.0	0.0			1.0				HG003	giabHC_x_clinvar_genes	-1	-2	ont	sentdhio
HIOv1_HG003_sup-PAY87954_0-ont-sentdhio-Indel_50	Indel_50	HIOv1_HG003_sup-PAY87954_0	337668665.0	337665481.0	1.0	3183.0	1.0	0.9996859296482412	0.9996859296482412	0.9999999970384891	0.000314070351758794	0.9996859296482412	0.9996859296482412	HG003	giabHC_x_clinvar_genes	-1	-2	ont	sentdhio
HIOv1_HG003_sup-PAY87954_0-ont-sentdhio-Indel_gt50	Indel_gt50	HIOv1_HG003_sup-PAY87954_0	337668665.0	337668619.0	0.0	46.0	0.0	1.0	1.0	1.0	0.0	1.0	1.0	HG003	giabHC_x_clinvar_genes	-1	-2	ont	sentdhio
HIOv1_HG003_sup-PAY87954_0-ont-sentdhio-All	All	HIOv1_HG003_sup-PAY87954_0	337668665.0	337225416.0	423.0	442826.0	337.0	0.9991426108852318	0.9990456831261887	0.9999990006694418	0.0007604425459706699	0.9992395574540294	0.9992395574540294	HG003	giabHC_x_clinvar_genes	-1	-2	ont	sentdhio
HIOv1_HG004_sup-PAY87778_0-ont-sentdhio-SNPts	SNPts	HIOv1_HG004_sup-PAY87778_0	2524487531.0	2522220472.0	1157.0	2265902.0	714.0	0.9995873105152001	0.999489647159602	0.9999997169161833	0.0003150070413338651	0.9996849929586661	0.9996849929586661	HG004	giabHC	-1	-2	ont	sentdhio
HIOv1_HG004_sup-PAY87778_0-ont-sentdhio-SNPtv	SNPtv	HIOv1_HG004_sup-PAY87778_0	2524487531.0	2523409112.0	578.0	1077841.0	384.0	0.9995539365792407	0.9994640302146012	0.9999998478249366	0.00035614087968652183	0.9996438591203135	0.9996438591203135	HG004	giabHC	-1	-2	ont	sentdhio
HIOv1_HG004_sup-PAY87778_0-ont-sentdhio-INS_50	INS_50	HIOv1_HG004_sup-PAY87778_0	2524487531.0	2524256338.0	288.0	230905.0	145.0	0.999063263261964	0.998754287543308	0.9999999425573427	0.0006275697900887254	0.9993724302099113	0.9993724302099113	HG004	giabHC	-1	-2	ont	sentdhio
HIOv1_HG004_sup-PAY87778_0-ont-sentdhio-INS_gt50	INS_gt50	HIOv1_HG004_sup-PAY87778_0	2524487531.0	2524487531.0	0.0	0.0	1.0			0.99999999960388	1.0	0.0	0.0	HG004	giabHC	-1	-2	ont	sentdhio
HIOv1_HG004_sup-PAY87778_0-ont-sentdhio-DEL_50	DEL_50	HIOv1_HG004_sup-PAY87778_0	2524487531.0	2524241762.0	190.0	245579.0	122.0	0.9993651697967322	0.9992269163320028	0.9999999516686571	0.0004965384756268798	0.9995034615243731	0.9995034615243731	HG004	giabHC	-1	-2	ont	sentdhio
HIOv1_HG004_sup-PAY87778_0-ont-sentdhio-DEL_gt50	DEL_gt50	HIOv1_HG004_sup-PAY87778_0	2524487531.0	2524487531.0	0.0	0.0	0.0			1.0				HG004	giabHC	-1	-2	ont	sentdhio
HIOv1_HG004_sup-PAY87778_0-ont-sentdhio-Indel_50	Indel_50	HIOv1_HG004_sup-PAY87778_0	2524487531.0	2524454412.0	23.0	33096.0	5.0	0.9995771670190274	0.999305534587397	0.999999998019374	0.00015105283828283132	0.9998489471617171	0.9998489471617171	HG004	giabHC	-1	-2	ont	sentdhio
HIOv1_HG004_sup-PAY87778_0-ont-sentdhio-Indel_gt50	Indel_gt50	HIOv1_HG004_sup-PAY87778_0	2524487531.0	2524487096.0	0.0	435.0	0.0	1.0	1.0	1.0	0.0	1.0	1.0	HG004	giabHC	-1	-2	ont	sentdhio
HIOv1_HG004_sup-PAY87778_0-ont-sentdhio-All	All	HIOv1_HG004_sup-PAY87778_0	2524487531.0	2520631537.0	2236.0	3853758.0	1371.0	0.99953223415059	0.9994201235790304	0.9999994560889863	0.0003556301228830475	0.9996443698771169	0.9996443698771169	HG004	giabHC	-1	-2	ont	sentdhio
HIOv1_HG004_sup-PAY87778_0-ont-sentdhio-SNPts	SNPts	HIOv1_HG004_sup-PAY87778_0	336900298.0	336634210.0	260.0	265828.0	147.0	0.999235052991845	0.999022879648838	0.9999995633244292	0.0005526835228874894	0.9994473164771125	0.9994473164771125	HG004	giabHC_x_ultima_x_clinvar	-1	-2	ont	sentdhio
HIOv1_HG004_sup-PAY87778_0-ont-sentdhio-SNPtv	SNPtv	HIOv1_HG004_sup-PAY87778_0	336900298.0	336779650.0	153.0	120495.0	62.0	0.999108642026492	0.9987318480206883	0.9999998159033998	0.0005142795524108928	0.9994857204475891	0.9994857204475891	HG004	giabHC_x_ultima_x_clinvar	-1	-2	ont	sentdhio
HIOv1_HG004_sup-PAY87778_0-ont-sentdhio-INS_50	INS_50	HIOv1_HG004_sup-PAY87778_0	336900298.0	336873787.0	24.0	26487.0	19.0	0.9991889393967973	0.9990947154011542	0.999999943599058	0.0007168188334716668	0.9992831811665284	0.9992831811665284	HG004	giabHC_x_ultima_x_clinvar	-1	-2	ont	sentdhio
HIOv1_HG004_sup-PAY87778_0-ont-sentdhio-INS_gt50	INS_gt50	HIOv1_HG004_sup-PAY87778_0	336900298.0	336900298.0	0.0	0.0	0.0			1.0				HG004	giabHC_x_ultima_x_clinvar	-1	-2	ont	sentdhio
HIOv1_HG004_sup-PAY87778_0-ont-sentdhio-DEL_50	DEL_50	HIOv1_HG004_sup-PAY87778_0	336900298.0	336872120.0	29.0	28149.0	19.0	0.9991481205409435	0.9989708283057704	0.9999999435987789	0.0006745242828741835	0.9993254757171258	0.9993254757171258	HG004	giabHC_x_ultima_x_clinvar	-1	-2	ont	sentdhio
HIOv1_HG004_sup-PAY87778_0-ont-sentdhio-DEL_gt50	DEL_gt50	HIOv1_HG004_sup-PAY87778_0	336900298.0	336900298.0	0.0	0.0	0.0			1.0				HG004	giabHC_x_ultima_x_clinvar	-1	-2	ont	sentdhio
HIOv1_HG004_sup-PAY87778_0-ont-sentdhio-Indel_50	Indel_50	HIOv1_HG004_sup-PAY87778_0	336900298.0	336897008.0	1.0	3289.0	1.0	0.9996960486322188	0.9996960486322188	0.9999999970317338	0.00030395136778115504	0.9996960486322188	0.9996960486322188	HG004	giabHC_x_ultima_x_clinvar	-1	-2	ont	sentdhio
HIOv1_HG004_sup-PAY87778_0-ont-sentdhio-Indel_gt50	Indel_gt50	HIOv1_HG004_sup-PAY87778_0	336900298.0	336900255.0	0.0	43.0	0.0	1.0	1.0	1.0	0.0	1.0	1.0	HG004	giabHC_x_ultima_x_clinvar	-1	-2	ont	sentdhio
HIOv1_HG004_sup-PAY87778_0-ont-sentdhio-All	All	HIOv1_HG004_sup-PAY87778_0	336900298.0	336455540.0	467.0	444291.0	248.0	0.9991959941391908	0.9989499907815036	0.9999992629046406	0.0005578813107511377	0.9994421186892488	0.9994421186892488	HG004	giabHC_x_ultima_x_clinvar	-1	-2	ont	sentdhio
HIOv1_HG004_sup-PAY87778_0-ont-sentdhio-SNPts	SNPts	HIOv1_HG004_sup-PAY87778_0	3088286401.0	3085948120.0	2517.0	2335764.0	413961.0	0.9181451436967645	0.9989235682110063	0.9998658741297567	0.15054632736000872	0.8494536726399913	0.8494536726399913	HG004	hg38	-1	-2	ont	sentdhio
HIOv1_HG004_sup-PAY87778_0-ont-sentdhio-SNPtv	SNPtv	HIOv1_HG004_sup-PAY87778_0	3088286401.0	3087171580.0	1413.0	1113408.0	381982.0	0.8531172384148255	0.9987325319490752	0.9998762832798429	0.25543971806685883	0.7445602819331412	0.7445602819331412	HG004	hg38	-1	-2	ont	sentdhio
HIOv1_HG004_sup-PAY87778_0-ont-sentdhio-INS_50	INS_50	HIOv1_HG004_sup-PAY87778_0	3088286401.0	3088027630.0	977.0	257794.0	174196.0	0.7464057756590194	0.9962244610099277	0.9999435930648919	0.40324081575962406	0.5967591842403759	0.5967591842403759	HG004	hg38	-1	-2	ont	sentdhio
HIOv1_HG004_sup-PAY87778_0-ont-sentdhio-INS_gt50	INS_gt50	HIOv1_HG004_sup-PAY87778_0	3088286401.0	3088286187.0	109.0	105.0	2661.0	0.07046979865771812	0.49065420560747663	0.9999991383577991	0.9620390455531453	0.037960954446854656	0.03796095444685466	HG004	hg38	-1	-2	ont	sentdhio
HIOv1_HG004_sup-PAY87778_0-ont-sentdhio-DEL_50	DEL_50	HIOv1_HG004_sup-PAY87778_0	3088286401.0	3088013321.0	661.0	272419.0	175683.0	0.7554791994253877	0.9975794638933646	0.9999431113187138	0.39206028984472285	0.6079397101552771	0.6079397101552771	HG004	hg38	-1	-2	ont	sentdhio
HIOv1_HG004_sup-PAY87778_0-ont-sentdhio-DEL_gt50	DEL_gt50	HIOv1_HG004_sup-PAY87778_0	3088286401.0	3088286249.0	47.0	105.0	3460.0	0.05649717514124294	0.6907894736842105	0.9999988796387884	0.97054698457223	0.029453015427770013	0.029453015427769985	HG004	hg38	-1	-2	ont	sentdhio
HIOv1_HG004_sup-PAY87778_0-ont-sentdhio-Indel_50	Indel_50	HIOv1_HG004_sup-PAY87778_0	3088286401.0	3088243248.0	131.0	43022.0	39333.0	0.6855658603435637	0.9969642898523857	0.999987263795016	0.47760305992350194	0.5223969400764981	0.5223969400764981	HG004	hg38	-1	-2	ont	sentdhio
HIOv1_HG004_sup-PAY87778_0-ont-sentdhio-Indel_gt50	Indel_gt50	HIOv1_HG004_sup-PAY87778_0	3088286401.0	3088284872.0	30.0	1499.0	2409.0	0.5514070259334192	0.9803793328973185	0.9999992199559883	0.6164278403275333	0.3835721596724667	0.3835721596724667	HG004	hg38	-1	-2	ont	sentdhio
HIOv1_HG004_sup-PAY87778_0-ont-sentdhio-All	All	HIOv1_HG004_sup-PAY87778_0	3088286401.0	3084256400.0	5885.0	4024116.0	1193685.0	0.8702859338900205	0.9985397025956073	0.999613124514377	0.2287716607053431	0.7712283392946568	0.7712283392946568	HG004	hg38	-1	-2	ont	sentdhio
HIOv1_HG004_sup-PAY87778_0-ont-sentdhio-SNPts	SNPts	HIOv1_HG004_sup-PAY87778_0	2524487531.0	2522220472.0	1157.0	2265902.0	714.0	0.9995873105152001	0.999489647159602	0.9999997169161833	0.0003150070413338651	0.9996849929586661	0.9996849929586661	HG004	giabHC_x_ultima	-1	-2	ont	sentdhio
HIOv1_HG004_sup-PAY87778_0-ont-sentdhio-SNPtv	SNPtv	HIOv1_HG004_sup-PAY87778_0	2524487531.0	2523409112.0	578.0	1077841.0	384.0	0.9995539365792407	0.9994640302146012	0.9999998478249366	0.00035614087968652183	0.9996438591203135	0.9996438591203135	HG004	giabHC_x_ultima	-1	-2	ont	sentdhio
HIOv1_HG004_sup-PAY87778_0-ont-sentdhio-INS_50	INS_50	HIOv1_HG004_sup-PAY87778_0	2524487531.0	2524256338.0	288.0	230905.0	145.0	0.999063263261964	0.998754287543308	0.9999999425573427	0.0006275697900887254	0.9993724302099113	0.9993724302099113	HG004	giabHC_x_ultima	-1	-2	ont	sentdhio
HIOv1_HG004_sup-PAY87778_0-ont-sentdhio-INS_gt50	INS_gt50	HIOv1_HG004_sup-PAY87778_0	2524487531.0	2524487531.0	0.0	0.0	1.0			0.99999999960388	1.0	0.0	0.0	HG004	giabHC_x_ultima	-1	-2	ont	sentdhio
HIOv1_HG004_sup-PAY87778_0-ont-sentdhio-DEL_50	DEL_50	HIOv1_HG004_sup-PAY87778_0	2524487531.0	2524241762.0	190.0	245579.0	122.0	0.9993651697967322	0.9992269163320028	0.9999999516686571	0.0004965384756268798	0.9995034615243731	0.9995034615243731	HG004	giabHC_x_ultima	-1	-2	ont	sentdhio
HIOv1_HG004_sup-PAY87778_0-ont-sentdhio-DEL_gt50	DEL_gt50	HIOv1_HG004_sup-PAY87778_0	2524487531.0	2524487531.0	0.0	0.0	0.0			1.0				HG004	giabHC_x_ultima	-1	-2	ont	sentdhio
HIOv1_HG004_sup-PAY87778_0-ont-sentdhio-Indel_50	Indel_50	HIOv1_HG004_sup-PAY87778_0	2524487531.0	2524454412.0	23.0	33096.0	5.0	0.9995771670190274	0.999305534587397	0.999999998019374	0.00015105283828283132	0.9998489471617171	0.9998489471617171	HG004	giabHC_x_ultima	-1	-2	ont	sentdhio
HIOv1_HG004_sup-PAY87778_0-ont-sentdhio-Indel_gt50	Indel_gt50	HIOv1_HG004_sup-PAY87778_0	2524487531.0	2524487096.0	0.0	435.0	0.0	1.0	1.0	1.0	0.0	1.0	1.0	HG004	giabHC_x_ultima	-1	-2	ont	sentdhio
HIOv1_HG004_sup-PAY87778_0-ont-sentdhio-All	All	HIOv1_HG004_sup-PAY87778_0	2524487531.0	2520631537.0	2236.0	3853758.0	1371.0	0.99953223415059	0.9994201235790304	0.9999994560889863	0.0003556301228830475	0.9996443698771169	0.9996443698771169	HG004	giabHC_x_ultima	-1	-2	ont	sentdhio
HIOv1_HG004_sup-PAY87778_0-ont-sentdhio-SNPts	SNPts	HIOv1_HG004_sup-PAY87778_0	336900298.0	336634210.0	260.0	265828.0	147.0	0.999235052991845	0.999022879648838	0.9999995633244292	0.0005526835228874894	0.9994473164771125	0.9994473164771125	HG004	giabHC_x_clinvar_genes	-1	-2	ont	sentdhio
HIOv1_HG004_sup-PAY87778_0-ont-sentdhio-SNPtv	SNPtv	HIOv1_HG004_sup-PAY87778_0	336900298.0	336779650.0	153.0	120495.0	62.0	0.999108642026492	0.9987318480206883	0.9999998159033998	0.0005142795524108928	0.9994857204475891	0.9994857204475891	HG004	giabHC_x_clinvar_genes	-1	-2	ont	sentdhio
HIOv1_HG004_sup-PAY87778_0-ont-sentdhio-INS_50	INS_50	HIOv1_HG004_sup-PAY87778_0	336900298.0	336873787.0	24.0	26487.0	19.0	0.9991889393967973	0.9990947154011542	0.999999943599058	0.0007168188334716668	0.9992831811665284	0.9992831811665284	HG004	giabHC_x_clinvar_genes	-1	-2	ont	sentdhio
HIOv1_HG004_sup-PAY87778_0-ont-sentdhio-INS_gt50	INS_gt50	HIOv1_HG004_sup-PAY87778_0	336900298.0	336900298.0	0.0	0.0	0.0			1.0				HG004	giabHC_x_clinvar_genes	-1	-2	ont	sentdhio
HIOv1_HG004_sup-PAY87778_0-ont-sentdhio-DEL_50	DEL_50	HIOv1_HG004_sup-PAY87778_0	336900298.0	336872120.0	29.0	28149.0	19.0	0.9991481205409435	0.9989708283057704	0.9999999435987789	0.0006745242828741835	0.9993254757171258	0.9993254757171258	HG004	giabHC_x_clinvar_genes	-1	-2	ont	sentdhio
HIOv1_HG004_sup-PAY87778_0-ont-sentdhio-DEL_gt50	DEL_gt50	HIOv1_HG004_sup-PAY87778_0	336900298.0	336900298.0	0.0	0.0	0.0			1.0				HG004	giabHC_x_clinvar_genes	-1	-2	ont	sentdhio
HIOv1_HG004_sup-PAY87778_0-ont-sentdhio-Indel_50	Indel_50	HIOv1_HG004_sup-PAY87778_0	336900298.0	336897008.0	1.0	3289.0	1.0	0.9996960486322188	0.9996960486322188	0.9999999970317338	0.00030395136778115504	0.9996960486322188	0.9996960486322188	HG004	giabHC_x_clinvar_genes	-1	-2	ont	sentdhio
HIOv1_HG004_sup-PAY87778_0-ont-sentdhio-Indel_gt50	Indel_gt50	HIOv1_HG004_sup-PAY87778_0	336900298.0	336900255.0	0.0	43.0	0.0	1.0	1.0	1.0	0.0	1.0	1.0	HG004	giabHC_x_clinvar_genes	-1	-2	ont	sentdhio
HIOv1_HG004_sup-PAY87778_0-ont-sentdhio-All	All	HIOv1_HG004_sup-PAY87778_0	336900298.0	336455540.0	467.0	444291.0	248.0	0.9991959941391908	0.9989499907815036	0.9999992629046406	0.0005578813107511377	0.9994421186892488	0.9994421186892488	HG004	giabHC_x_clinvar_genes	-1	-2	ont	sentdhio
HIOv1_HG004_sup-PAY87778_0-ont-sentdhio-SNPts	SNPts	HIOv1_HG004_sup-PAY87778_0	377862616.0	377588271.0	506.0	273839.0	36148.0	0.9372719618299186	0.9981556069911972	0.9999042752582162	0.11661134176594502	0.883388658234055	0.883388658234055	HG004	clinvar_genes	-1	-2	ont	sentdhio
HIOv1_HG004_sup-PAY87778_0-ont-sentdhio-SNPtv	SNPtv	HIOv1_HG004_sup-PAY87778_0	377862616.0	377737655.0	323.0	124638.0	21957.0	0.9179543077670904	0.9974151935403845	0.9999418757344551	0.14978000613936354	0.8502199938606365	0.8502199938606364	HG004	clinvar_genes	-1	-2	ont	sentdhio
HIOv1_HG004_sup-PAY87778_0-ont-sentdhio-INS_50	INS_50	HIOv1_HG004_sup-PAY87778_0	377862616.0	377833223.0	93.0	29300.0	18244.0	0.7616621391528133	0.9968359813561052	0.9999517164769933	0.38372875652027594	0.6162712434797241	0.6162712434797241	HG004	clinvar_genes	-1	-2	ont	sentdhio
HIOv1_HG004_sup-PAY87778_0-ont-sentdhio-INS_gt50	INS_gt50	HIOv1_HG004_sup-PAY87778_0	377862616.0	377862584.0	17.0	15.0	350.0	0.07556675062972293	0.46875	0.9999990737382037	0.958904109589041	0.04109589041095896	0.0410958904109589	HG004	clinvar_genes	-1	-2	ont	sentdhio
HIOv1_HG004_sup-PAY87778_0-ont-sentdhio-DEL_50	DEL_50	HIOv1_HG004_sup-PAY87778_0	377862616.0	377831501.0	70.0	31045.0	17815.0	0.77636761487965	0.9977502812148481	0.9999528515753618	0.3646131805157593	0.6353868194842407	0.6353868194842407	HG004	clinvar_genes	-1	-2	ont	sentdhio
HIOv1_HG004_sup-PAY87778_0-ont-sentdhio-DEL_gt50	DEL_gt50	HIOv1_HG004_sup-PAY87778_0	377862616.0	377862590.0	4.0	22.0	486.0	0.08239700374531835	0.8461538461538461	0.9999987138198176	0.9566929133858267	0.04330708661417326	0.04330708661417323	HG004	clinvar_genes	-1	-2	ont	sentdhio
HIOv1_HG004_sup-PAY87778_0-ont-sentdhio-Indel_50	Indel_50	HIOv1_HG004_sup-PAY87778_0	377862616.0	377858366.0	13.0	4237.0	4215.0	0.6671390332231144	0.9969411764705882	0.9999888451510894	0.4986985328916233	0.5013014671083766	0.5013014671083768	HG004	clinvar_genes	-1	-2	ont	sentdhio
HIOv1_HG004_sup-PAY87778_0-ont-sentdhio-Indel_gt50	Indel_gt50	HIOv1_HG004_sup-PAY87778_0	377862616.0	377862456.0	2.0	158.0	248.0	0.558303886925795	0.9875	0.9999993436769563	0.6108374384236454	0.38916256157635465	0.3891625615763547	HG004	clinvar_genes	-1	-2	ont	sentdhio
HIOv1_HG004_sup-PAY87778_0-ont-sentdhio-All	All	HIOv1_HG004_sup-PAY87778_0	377862616.0	377398334.0	1028.0	463254.0	99463.0	0.9021508297476434	0.9977858284404737	0.9997365203167	0.17675492298970885	0.8232450770102911	0.8232450770102911	HG004	clinvar_genes	-1	-2	ont	sentdhio
HIOv1_HG004_sup-PAY87778_0-ont-sentdhio-SNPts	SNPts	HIOv1_HG004_sup-PAY87778_0	2524487531.0	2522220472.0	1157.0	2265902.0	714.0	0.9995873105152001	0.999489647159602	0.9999997169161833	0.0003150070413338651	0.9996849929586661	0.9996849929586661	HG004	ultima	-1	-2	ont	sentdhio
HIOv1_HG004_sup-PAY87778_0-ont-sentdhio-SNPtv	SNPtv	HIOv1_HG004_sup-PAY87778_0	2524487531.0	2523409112.0	578.0	1077841.0	384.0	0.9995539365792407	0.9994640302146012	0.9999998478249366	0.00035614087968652183	0.9996438591203135	0.9996438591203135	HG004	ultima	-1	-2	ont	sentdhio
HIOv1_HG004_sup-PAY87778_0-ont-sentdhio-INS_50	INS_50	HIOv1_HG004_sup-PAY87778_0	2524487531.0	2524256338.0	288.0	230905.0	145.0	0.999063263261964	0.998754287543308	0.9999999425573427	0.0006275697900887254	0.9993724302099113	0.9993724302099113	HG004	ultima	-1	-2	ont	sentdhio
HIOv1_HG004_sup-PAY87778_0-ont-sentdhio-INS_gt50	INS_gt50	HIOv1_HG004_sup-PAY87778_0	2524487531.0	2524487531.0	0.0	0.0	1.0			0.99999999960388	1.0	0.0	0.0	HG004	ultima	-1	-2	ont	sentdhio
HIOv1_HG004_sup-PAY87778_0-ont-sentdhio-DEL_50	DEL_50	HIOv1_HG004_sup-PAY87778_0	2524487531.0	2524241762.0	190.0	245579.0	122.0	0.9993651697967322	0.9992269163320028	0.9999999516686571	0.0004965384756268798	0.9995034615243731	0.9995034615243731	HG004	ultima	-1	-2	ont	sentdhio
HIOv1_HG004_sup-PAY87778_0-ont-sentdhio-DEL_gt50	DEL_gt50	HIOv1_HG004_sup-PAY87778_0	2524487531.0	2524487531.0	0.0	0.0	0.0			1.0				HG004	ultima	-1	-2	ont	sentdhio
HIOv1_HG004_sup-PAY87778_0-ont-sentdhio-Indel_50	Indel_50	HIOv1_HG004_sup-PAY87778_0	2524487531.0	2524454412.0	23.0	33096.0	5.0	0.9995771670190274	0.999305534587397	0.999999998019374	0.00015105283828283132	0.9998489471617171	0.9998489471617171	HG004	ultima	-1	-2	ont	sentdhio
HIOv1_HG004_sup-PAY87778_0-ont-sentdhio-Indel_gt50	Indel_gt50	HIOv1_HG004_sup-PAY87778_0	2524487531.0	2524487096.0	0.0	435.0	0.0	1.0	1.0	1.0	0.0	1.0	1.0	HG004	ultima	-1	-2	ont	sentdhio
HIOv1_HG004_sup-PAY87778_0-ont-sentdhio-All	All	HIOv1_HG004_sup-PAY87778_0	2524487531.0	2520631537.0	2236.0	3853758.0	1371.0	0.99953223415059	0.9994201235790304	0.9999994560889863	0.0003556301228830475	0.9996443698771169	0.9996443698771169	HG004	ultima	-1	-2	ont	sentdhio
HIOv1_HG004_sup-PAY88428_0-ont-sentdhio-SNPts	SNPts	HIOv1_HG004_sup-PAY88428_0	3088286401.0	3085948121.0	2514.0	2335766.0	413827.0	0.9181699307352994	0.998924850744992	0.99986591754079	0.15050482016793032	0.8494951798320697	0.8494951798320697	HG004	hg38	-1	-2	ont	sentdhio
HIOv1_HG004_sup-PAY88428_0-ont-sentdhio-SNPtv	SNPtv	HIOv1_HG004_sup-PAY88428_0	3088286401.0	3087171584.0	1421.0	1113396.0	382276.0	0.853017193330445	0.9987253513356901	0.9998761880707726	0.25558812359929184	0.7444118764007082	0.7444118764007082	HG004	hg38	-1	-2	ont	sentdhio
HIOv1_HG004_sup-PAY88428_0-ont-sentdhio-INS_50	INS_50	HIOv1_HG004_sup-PAY88428_0	3088286401.0	3088027612.0	965.0	257824.0	174200.0	0.7464364451740196	0.9962710934390565	0.999943591769384	0.4032183397218673	0.5967816602781326	0.5967816602781327	HG004	hg38	-1	-2	ont	sentdhio
HIOv1_HG004_sup-PAY88428_0-ont-sentdhio-INS_gt50	INS_gt50	HIOv1_HG004_sup-PAY88428_0	3088286401.0	3088286186.0	108.0	107.0	2721.0	0.07032533683864607	0.49767441860465117	0.9999991189295814	0.9621640735502122	0.03783592644978784	0.03783592644978784	HG004	hg38	-1	-2	ont	sentdhio
HIOv1_HG004_sup-PAY88428_0-ont-sentdhio-DEL_50	DEL_50	HIOv1_HG004_sup-PAY88428_0	3088286401.0	3088013357.0	676.0	272368.0	175841.0	0.7552634096495958	0.9975242085524677	0.9999430601596191	0.39231920822651933	0.6076807917734807	0.6076807917734807	HG004	hg38	-1	-2	ont	sentdhio
HIOv1_HG004_sup-PAY88428_0-ont-sentdhio-DEL_gt50	DEL_gt50	HIOv1_HG004_sup-PAY88428_0	3088286401.0	3088286248.0	47.0	106.0	3448.0	0.05718910169948746	0.6928104575163399	0.9999988835244296	0.9701744513224536	0.029825548677546387	0.029825548677546426	HG004	hg38	-1	-2	ont	sentdhio
HIOv1_HG004_sup-PAY88428_0-ont-sentdhio-Indel_50	Indel_50	HIOv1_HG004_sup-PAY88428_0	3088286401.0	3088243231.0	135.0	43035.0	39279.0	0.685904179018839	0.9968728283530229	0.9999872812801702	0.47718492601501566	0.5228150739849844	0.5228150739849843	HG004	hg38	-1	-2	ont	sentdhio
HIOv1_HG004_sup-PAY88428_0-ont-sentdhio-Indel_gt50	Indel_gt50	HIOv1_HG004_sup-PAY88428_0	3088286401.0	3088284877.0	28.0	1496.0	2423.0	0.5496968583501746	0.9816272965879265	0.9999992154227361	0.6182699668282725	0.3817300331717275	0.3817300331717275	HG004	hg38	-1	-2	ont	sentdhio
HIOv1_HG004_sup-PAY88428_0-ont-sentdhio-All	All	HIOv1_HG004_sup-PAY88428_0	3088286401.0	3084256409.0	5894.0	4024098.0	1194015.0	0.8702535276145762	0.9985374660793371	0.999613017603293	0.22882122330428645	0.7711787766957136	0.7711787766957136	HG004	hg38	-1	-2	ont	sentdhio
HIOv1_HG004_sup-PAY88428_0-ont-sentdhio-SNPts	SNPts	HIOv1_HG004_sup-PAY88428_0	2524487531.0	2522220468.0	1158.0	2265905.0	642.0	0.9996029654072581	0.9994892069607241	0.9999997454624429	0.00028325024806456696	0.9997167497519355	0.9997167497519355	HG004	giabHC_x_ultima	-1	-2	ont	sentdhio
HIOv1_HG004_sup-PAY88428_0-ont-sentdhio-SNPtv	SNPtv	HIOv1_HG004_sup-PAY88428_0	2524487531.0	2523409113.0	584.0	1077834.0	370.0	0.9995576415338432	0.9994584660122513	0.999999853372985	0.0003431632603848622	0.9996568367396151	0.9996568367396151	HG004	giabHC_x_ultima	-1	-2	ont	sentdhio
HIOv1_HG004_sup-PAY88428_0-ont-sentdhio-INS_50	INS_50	HIOv1_HG004_sup-PAY88428_0	2524487531.0	2524256341.0	279.0	230911.0	137.0	0.9991000307201052	0.9987932003979411	0.9999999457265927	0.0005929503826044805	0.9994070496173956	0.9994070496173956	HG004	giabHC_x_ultima	-1	-2	ont	sentdhio
HIOv1_HG004_sup-PAY88428_0-ont-sentdhio-INS_gt50	INS_gt50	HIOv1_HG004_sup-PAY88428_0	2524487531.0	2524487531.0	0.0	0.0	1.0			0.99999999960388	1.0	0.0	0.0	HG004	giabHC_x_ultima	-1	-2	ont	sentdhio
HIOv1_HG004_sup-PAY88428_0-ont-sentdhio-DEL_50	DEL_50	HIOv1_HG004_sup-PAY88428_0	2524487531.0	2524241783.0	193.0	245555.0	125.0	0.9993529062243096	0.9992146426420561	0.999999950480182	0.000508791924454575	0.9994912080755455	0.9994912080755455	HG004	giabHC_x_ultima	-1	-2	ont	sentdhio
HIOv1_HG004_sup-PAY88428_0-ont-sentdhio-DEL_gt50	DEL_gt50	HIOv1_HG004_sup-PAY88428_0	2524487531.0	2524487531.0	0.0	0.0	0.0			1.0				HG004	giabHC_x_ultima	-1	-2	ont	sentdhio
HIOv1_HG004_sup-PAY88428_0-ont-sentdhio-Indel_50	Indel_50	HIOv1_HG004_sup-PAY88428_0	2524487531.0	2524454398.0	24.0	33109.0	4.0	0.9995773329710473	0.9992756466362841	0.9999999984154992	0.00012079847793917797	0.9998792015220608	0.9998792015220608	HG004	giabHC_x_ultima	-1	-2	ont	sentdhio
HIOv1_HG004_sup-PAY88428_0-ont-sentdhio-Indel_gt50	Indel_gt50	HIOv1_HG004_sup-PAY88428_0	2524487531.0	2524487095.0	0.0	436.0	0.0	1.0	1.0	1.0	0.0	1.0	1.0	HG004	giabHC_x_ultima	-1	-2	ont	sentdhio
HIOv1_HG004_sup-PAY88428_0-ont-sentdhio-All	All	HIOv1_HG004_sup-PAY88428_0	2524487531.0	2520631543.0	2238.0	3853750.0	1279.0	0.9995438993326042	0.9994196040029171	0.9999994925877388	0.0003317744172611931	0.9996682255827388	0.9996682255827388	HG004	giabHC_x_ultima	-1	-2	ont	sentdhio
HIOv1_HG004_sup-PAY88428_0-ont-sentdhio-SNPts	SNPts	HIOv1_HG004_sup-PAY88428_0	2524487531.0	2522220468.0	1158.0	2265905.0	642.0	0.9996029654072581	0.9994892069607241	0.9999997454624429	0.00028325024806456696	0.9997167497519355	0.9997167497519355	HG004	ultima	-1	-2	ont	sentdhio
HIOv1_HG004_sup-PAY88428_0-ont-sentdhio-SNPtv	SNPtv	HIOv1_HG004_sup-PAY88428_0	2524487531.0	2523409113.0	584.0	1077834.0	370.0	0.9995576415338432	0.9994584660122513	0.999999853372985	0.0003431632603848622	0.9996568367396151	0.9996568367396151	HG004	ultima	-1	-2	ont	sentdhio
HIOv1_HG004_sup-PAY88428_0-ont-sentdhio-INS_50	INS_50	HIOv1_HG004_sup-PAY88428_0	2524487531.0	2524256341.0	279.0	230911.0	137.0	0.9991000307201052	0.9987932003979411	0.9999999457265927	0.0005929503826044805	0.9994070496173956	0.9994070496173956	HG004	ultima	-1	-2	ont	sentdhio
HIOv1_HG004_sup-PAY88428_0-ont-sentdhio-INS_gt50	INS_gt50	HIOv1_HG004_sup-PAY88428_0	2524487531.0	2524487531.0	0.0	0.0	1.0			0.99999999960388	1.0	0.0	0.0	HG004	ultima	-1	-2	ont	sentdhio
HIOv1_HG004_sup-PAY88428_0-ont-sentdhio-DEL_50	DEL_50	HIOv1_HG004_sup-PAY88428_0	2524487531.0	2524241783.0	193.0	245555.0	125.0	0.9993529062243096	0.9992146426420561	0.999999950480182	0.000508791924454575	0.9994912080755455	0.9994912080755455	HG004	ultima	-1	-2	ont	sentdhio
HIOv1_HG004_sup-PAY88428_0-ont-sentdhio-DEL_gt50	DEL_gt50	HIOv1_HG004_sup-PAY88428_0	2524487531.0	2524487531.0	0.0	0.0	0.0			1.0				HG004	ultima	-1	-2	ont	sentdhio
HIOv1_HG004_sup-PAY88428_0-ont-sentdhio-Indel_50	Indel_50	HIOv1_HG004_sup-PAY88428_0	2524487531.0	2524454398.0	24.0	33109.0	4.0	0.9995773329710473	0.9992756466362841	0.9999999984154992	0.00012079847793917797	0.9998792015220608	0.9998792015220608	HG004	ultima	-1	-2	ont	sentdhio
HIOv1_HG004_sup-PAY88428_0-ont-sentdhio-Indel_gt50	Indel_gt50	HIOv1_HG004_sup-PAY88428_0	2524487531.0	2524487095.0	0.0	436.0	0.0	1.0	1.0	1.0	0.0	1.0	1.0	HG004	ultima	-1	-2	ont	sentdhio
HIOv1_HG004_sup-PAY88428_0-ont-sentdhio-All	All	HIOv1_HG004_sup-PAY88428_0	2524487531.0	2520631543.0	2238.0	3853750.0	1279.0	0.9995438993326042	0.9994196040029171	0.9999994925877388	0.0003317744172611931	0.9996682255827388	0.9996682255827388	HG004	ultima	-1	-2	ont	sentdhio
HIOv1_HG004_sup-PAY88428_0-ont-sentdhio-SNPts	SNPts	HIOv1_HG004_sup-PAY88428_0	377862616.0	377588272.0	496.0	273848.0	35562.0	0.9382308301099436	0.9981920508558598	0.9999058269187532	0.11493487605442616	0.8850651239455738	0.8850651239455738	HG004	clinvar_genes	-1	-2	ont	sentdhio
HIOv1_HG004_sup-PAY88428_0-ont-sentdhio-SNPtv	SNPtv	HIOv1_HG004_sup-PAY88428_0	377862616.0	377737652.0	308.0	124656.0	21672.0	0.9189802869233151	0.9975352901635671	0.99994263013876	0.14810562571756603	0.851894374282434	0.851894374282434	HG004	clinvar_genes	-1	-2	ont	sentdhio
HIOv1_HG004_sup-PAY88428_0-ont-sentdhio-INS_50	INS_50	HIOv1_HG004_sup-PAY88428_0	377862616.0	377833222.0	87.0	29307.0	18212.0	0.7620818327200863	0.997040212288222	0.9999518011621467	0.3832572234264189	0.6167427765735811	0.6167427765735811	HG004	clinvar_genes	-1	-2	ont	sentdhio
HIOv1_HG004_sup-PAY88428_0-ont-sentdhio-INS_gt50	INS_gt50	HIOv1_HG004_sup-PAY88428_0	377862616.0	377862584.0	18.0	14.0	380.0	0.06572769953051644	0.4375	0.9999989943444153	0.9644670050761421	0.035532994923857864	0.03553299492385787	HG004	clinvar_genes	-1	-2	ont	sentdhio
HIOv1_HG004_sup-PAY88428_0-ont-sentdhio-DEL_50	DEL_50	HIOv1_HG004_sup-PAY88428_0	377862616.0	377831504.0	67.0	31045.0	17728.0	0.7772422857858171	0.9978464901002828	0.9999530818154475	0.36347979414840176	0.6365202058515982	0.6365202058515982	HG004	clinvar_genes	-1	-2	ont	sentdhio
HIOv1_HG004_sup-PAY88428_0-ont-sentdhio-DEL_gt50	DEL_gt50	HIOv1_HG004_sup-PAY88428_0	377862616.0	377862590.0	4.0	22.0	483.0	0.08286252354048963	0.8461538461538461	0.9999987217591914	0.9564356435643564	0.0435643564356436	0.04356435643564356	HG004	clinvar_genes	-1	-2	ont	sentdhio
HIOv1_HG004_sup-PAY88428_0-ont-sentdhio-Indel_50	Indel_50	HIOv1_HG004_sup-PAY88428_0	377862616.0	377858361.0	15.0	4240.0	4190.0	0.6685061095782421	0.9964747356051704	0.9999889113118278	0.4970344009489917	0.5029655990510082	0.5029655990510083	HG004	clinvar_genes	-1	-2	ont	sentdhio
HIOv1_HG004_sup-PAY88428_0-ont-sentdhio-Indel_gt50	Indel_gt50	HIOv1_HG004_sup-PAY88428_0	377862616.0	377862458.0	2.0	156.0	243.0	0.5601436265709155	0.9873417721518988	0.9999993569092706	0.6090225563909775	0.39097744360902253	0.39097744360902253	HG004	clinvar_genes	-1	-2	ont	sentdhio
HIOv1_HG004_sup-PAY88428_0-ont-sentdhio-All	All	HIOv1_HG004_sup-PAY88428_0	377862616.0	377398331.0	997.0	463288.0	98470.0	0.9030576691230289	0.9978526120809417	0.9997391501073939	0.1752890034498841	0.8247109965501159	0.8247109965501159	HG004	clinvar_genes	-1	-2	ont	sentdhio
HIOv1_HG004_sup-PAY88428_0-ont-sentdhio-SNPts	SNPts	HIOv1_HG004_sup-PAY88428_0	2524487531.0	2522220468.0	1158.0	2265905.0	642.0	0.9996029654072581	0.9994892069607241	0.9999997454624429	0.00028325024806456696	0.9997167497519355	0.9997167497519355	HG004	giabHC	-1	-2	ont	sentdhio
HIOv1_HG004_sup-PAY88428_0-ont-sentdhio-SNPtv	SNPtv	HIOv1_HG004_sup-PAY88428_0	2524487531.0	2523409113.0	584.0	1077834.0	370.0	0.9995576415338432	0.9994584660122513	0.999999853372985	0.0003431632603848622	0.9996568367396151	0.9996568367396151	HG004	giabHC	-1	-2	ont	sentdhio
HIOv1_HG004_sup-PAY88428_0-ont-sentdhio-INS_50	INS_50	HIOv1_HG004_sup-PAY88428_0	2524487531.0	2524256341.0	279.0	230911.0	137.0	0.9991000307201052	0.9987932003979411	0.9999999457265927	0.0005929503826044805	0.9994070496173956	0.9994070496173956	HG004	giabHC	-1	-2	ont	sentdhio
HIOv1_HG004_sup-PAY88428_0-ont-sentdhio-INS_gt50	INS_gt50	HIOv1_HG004_sup-PAY88428_0	2524487531.0	2524487531.0	0.0	0.0	1.0			0.99999999960388	1.0	0.0	0.0	HG004	giabHC	-1	-2	ont	sentdhio
HIOv1_HG004_sup-PAY88428_0-ont-sentdhio-DEL_50	DEL_50	HIOv1_HG004_sup-PAY88428_0	2524487531.0	2524241783.0	193.0	245555.0	125.0	0.9993529062243096	0.9992146426420561	0.999999950480182	0.000508791924454575	0.9994912080755455	0.9994912080755455	HG004	giabHC	-1	-2	ont	sentdhio
HIOv1_HG004_sup-PAY88428_0-ont-sentdhio-DEL_gt50	DEL_gt50	HIOv1_HG004_sup-PAY88428_0	2524487531.0	2524487531.0	0.0	0.0	0.0			1.0				HG004	giabHC	-1	-2	ont	sentdhio
HIOv1_HG004_sup-PAY88428_0-ont-sentdhio-Indel_50	Indel_50	HIOv1_HG004_sup-PAY88428_0	2524487531.0	2524454398.0	24.0	33109.0	4.0	0.9995773329710473	0.9992756466362841	0.9999999984154992	0.00012079847793917797	0.9998792015220608	0.9998792015220608	HG004	giabHC	-1	-2	ont	sentdhio
HIOv1_HG004_sup-PAY88428_0-ont-sentdhio-Indel_gt50	Indel_gt50	HIOv1_HG004_sup-PAY88428_0	2524487531.0	2524487095.0	0.0	436.0	0.0	1.0	1.0	1.0	0.0	1.0	1.0	HG004	giabHC	-1	-2	ont	sentdhio
HIOv1_HG004_sup-PAY88428_0-ont-sentdhio-All	All	HIOv1_HG004_sup-PAY88428_0	2524487531.0	2520631543.0	2238.0	3853750.0	1279.0	0.9995438993326042	0.9994196040029171	0.9999994925877388	0.0003317744172611931	0.9996682255827388	0.9996682255827388	HG004	giabHC	-1	-2	ont	sentdhio
HIOv1_HG004_sup-PAY88428_0-ont-sentdhio-SNPts	SNPts	HIOv1_HG004_sup-PAY88428_0	336900298.0	336634210.0	243.0	265845.0	108.0	0.9993402764072693	0.9990867682871832	0.9999996791770944	0.00040608678977112496	0.9995939132102288	0.9995939132102288	HG004	giabHC_x_clinvar_genes	-1	-2	ont	sentdhio
HIOv1_HG004_sup-PAY88428_0-ont-sentdhio-SNPtv	SNPtv	HIOv1_HG004_sup-PAY88428_0	336900298.0	336779650.0	136.0	120512.0	56.0	0.9992040328999735	0.9988727537961674	0.9999998337191969	0.00046446818392940084	0.9995355318160706	0.9995355318160706	HG004	giabHC_x_clinvar_genes	-1	-2	ont	sentdhio
HIOv1_HG004_sup-PAY88428_0-ont-sentdhio-INS_50	INS_50	HIOv1_HG004_sup-PAY88428_0	336900298.0	336873792.0	26.0	26480.0	18.0	0.9991698739717756	0.9990190900173546	0.9999999465675292	0.0006792965506830705	0.9993207034493169	0.9993207034493169	HG004	giabHC_x_clinvar_genes	-1	-2	ont	sentdhio
HIOv1_HG004_sup-PAY88428_0-ont-sentdhio-INS_gt50	INS_gt50	HIOv1_HG004_sup-PAY88428_0	336900298.0	336900298.0	0.0	0.0	0.0			1.0				HG004	giabHC_x_clinvar_genes	-1	-2	ont	sentdhio
HIOv1_HG004_sup-PAY88428_0-ont-sentdhio-DEL_50	DEL_50	HIOv1_HG004_sup-PAY88428_0	336900298.0	336872120.0	24.0	28154.0	18.0	0.9992546583850933	0.9991482717013273	0.9999999465672641	0.000638932273179043	0.999361067726821	0.999361067726821	HG004	giabHC_x_clinvar_genes	-1	-2	ont	sentdhio
HIOv1_HG004_sup-PAY88428_0-ont-sentdhio-DEL_gt50	DEL_gt50	HIOv1_HG004_sup-PAY88428_0	336900298.0	336900298.0	0.0	0.0	0.0			1.0				HG004	giabHC_x_clinvar_genes	-1	-2	ont	sentdhio
HIOv1_HG004_sup-PAY88428_0-ont-sentdhio-Indel_50	Indel_50	HIOv1_HG004_sup-PAY88428_0	336900298.0	336897003.0	2.0	3293.0	1.0	0.9995446957049627	0.9993930197268589	0.9999999970317338	0.00030358227079538557	0.9996964177292046	0.9996964177292046	HG004	giabHC_x_clinvar_genes	-1	-2	ont	sentdhio
HIOv1_HG004_sup-PAY88428_0-ont-sentdhio-Indel_gt50	Indel_gt50	HIOv1_HG004_sup-PAY88428_0	336900298.0	336900255.0	0.0	43.0	0.0	1.0	1.0	1.0	0.0	1.0	1.0	HG004	giabHC_x_clinvar_genes	-1	-2	ont	sentdhio
HIOv1_HG004_sup-PAY88428_0-ont-sentdhio-All	All	HIOv1_HG004_sup-PAY88428_0	336900298.0	336455540.0	431.0	444327.0	201.0	0.999289317497408	0.9990309336762914	0.9999994025960164	0.00045216499298131953	0.9995478350070187	0.9995478350070187	HG004	giabHC_x_clinvar_genes	-1	-2	ont	sentdhio
HIOv1_HG004_sup-PAY88428_0-ont-sentdhio-SNPts	SNPts	HIOv1_HG004_sup-PAY88428_0	336900298.0	336634210.0	243.0	265845.0	108.0	0.9993402764072693	0.9990867682871832	0.9999996791770944	0.00040608678977112496	0.9995939132102288	0.9995939132102288	HG004	giabHC_x_ultima_x_clinvar	-1	-2	ont	sentdhio
HIOv1_HG004_sup-PAY88428_0-ont-sentdhio-SNPtv	SNPtv	HIOv1_HG004_sup-PAY88428_0	336900298.0	336779650.0	136.0	120512.0	56.0	0.9992040328999735	0.9988727537961674	0.9999998337191969	0.00046446818392940084	0.9995355318160706	0.9995355318160706	HG004	giabHC_x_ultima_x_clinvar	-1	-2	ont	sentdhio
HIOv1_HG004_sup-PAY88428_0-ont-sentdhio-INS_50	INS_50	HIOv1_HG004_sup-PAY88428_0	336900298.0	336873792.0	26.0	26480.0	18.0	0.9991698739717756	0.9990190900173546	0.9999999465675292	0.0006792965506830705	0.9993207034493169	0.9993207034493169	HG004	giabHC_x_ultima_x_clinvar	-1	-2	ont	sentdhio
HIOv1_HG004_sup-PAY88428_0-ont-sentdhio-INS_gt50	INS_gt50	HIOv1_HG004_sup-PAY88428_0	336900298.0	336900298.0	0.0	0.0	0.0			1.0				HG004	giabHC_x_ultima_x_clinvar	-1	-2	ont	sentdhio
HIOv1_HG004_sup-PAY88428_0-ont-sentdhio-DEL_50	DEL_50	HIOv1_HG004_sup-PAY88428_0	336900298.0	336872120.0	24.0	28154.0	18.0	0.9992546583850933	0.9991482717013273	0.9999999465672641	0.000638932273179043	0.999361067726821	0.999361067726821	HG004	giabHC_x_ultima_x_clinvar	-1	-2	ont	sentdhio
HIOv1_HG004_sup-PAY88428_0-ont-sentdhio-DEL_gt50	DEL_gt50	HIOv1_HG004_sup-PAY88428_0	336900298.0	336900298.0	0.0	0.0	0.0			1.0				HG004	giabHC_x_ultima_x_clinvar	-1	-2	ont	sentdhio
HIOv1_HG004_sup-PAY88428_0-ont-sentdhio-Indel_50	Indel_50	HIOv1_HG004_sup-PAY88428_0	336900298.0	336897003.0	2.0	3293.0	1.0	0.9995446957049627	0.9993930197268589	0.9999999970317338	0.00030358227079538557	0.9996964177292046	0.9996964177292046	HG004	giabHC_x_ultima_x_clinvar	-1	-2	ont	sentdhio
HIOv1_HG004_sup-PAY88428_0-ont-sentdhio-Indel_gt50	Indel_gt50	HIOv1_HG004_sup-PAY88428_0	336900298.0	336900255.0	0.0	43.0	0.0	1.0	1.0	1.0	0.0	1.0	1.0	HG004	giabHC_x_ultima_x_clinvar	-1	-2	ont	sentdhio
HIOv1_HG004_sup-PAY88428_0-ont-sentdhio-All	All	HIOv1_HG004_sup-PAY88428_0	336900298.0	336455540.0	431.0	444327.0	201.0	0.999289317497408	0.9990309336762914	0.9999994025960164	0.00045216499298131953	0.9995478350070187	0.9995478350070187	HG004	giabHC_x_ultima_x_clinvar	-1	-2	ont	sentdhio
HIOv1_HG005_sup-PAW87816_0-ont-sentdhio-SNPts	SNPts	HIOv1_HG005_sup-PAW87816_0	377862616.0	377593030.0	336.0	269250.0	38115.0	0.9333548256264397	0.9987536444770871	0.9998990681766993	0.12400566102191206	0.875994338978088	0.875994338978088	HG005	clinvar_genes	-1	-2	ont	sentdhio
HIOv1_HG005_sup-PAW87816_0-ont-sentdhio-SNPtv	SNPtv	HIOv1_HG005_sup-PAW87816_0	377862616.0	377740670.0	207.0	121739.0	23619.0	0.9108655313800017	0.9983025273481705	0.9999374768852225	0.16248847672642716	0.8375115232735728	0.8375115232735728	HG005	clinvar_genes	-1	-2	ont	sentdhio
HIOv1_HG005_sup-PAW87816_0-ont-sentdhio-INS_50	INS_50	HIOv1_HG005_sup-PAW87816_0	377862616.0	377837757.0	95.0	24764.0	22974.0	0.6822320481562599	0.9961784464379098	0.9999391998212167	0.4812518329213624	0.5187481670786376	0.5187481670786376	HG005	clinvar_genes	-1	-2	ont	sentdhio
HIOv1_HG005_sup-PAW87816_0-ont-sentdhio-INS_gt50	INS_gt50	HIOv1_HG005_sup-PAW87816_0	377862616.0	377862611.0	4.0	1.0	391.0	0.0050377833753148605	0.2	0.9999989652334367	0.9974489795918368	0.0025510204081632404	0.002551020408163265	HG005	clinvar_genes	-1	-2	ont	sentdhio
HIOv1_HG005_sup-PAW87816_0-ont-sentdhio-DEL_50	DEL_50	HIOv1_HG005_sup-PAW87816_0	377862616.0	377836569.0	44.0	26003.0	22943.0	0.6934780579520755	0.9983107459592275	0.9999392816661448	0.4687410615780656	0.5312589384219344	0.5312589384219344	HG005	clinvar_genes	-1	-2	ont	sentdhio
HIOv1_HG005_sup-PAW87816_0-ont-sentdhio-DEL_gt50	DEL_gt50	HIOv1_HG005_sup-PAW87816_0	377862616.0	377862612.0	2.0	2.0	501.0	0.007889546351084811	0.5	0.9999986741230282	0.9960238568588469	0.003976143141153132	0.003976143141153081	HG005	clinvar_genes	-1	-2	ont	sentdhio
HIOv1_HG005_sup-PAW87816_0-ont-sentdhio-Indel_50	Indel_50	HIOv1_HG005_sup-PAW87816_0	377862616.0	377859935.0	7.0	2674.0	5373.0	0.49850857568978374	0.9973890339425587	0.9999857806475317	0.667702249285448	0.33229775071455203	0.33229775071455203	HG005	clinvar_genes	-1	-2	ont	sentdhio
HIOv1_HG005_sup-PAW87816_0-ont-sentdhio-Indel_gt50	Indel_gt50	HIOv1_HG005_sup-PAW87816_0	377862616.0	377862470.0	1.0	145.0	274.0	0.5132743362831859	0.9931506849315068	0.999999274868972	0.6539379474940334	0.34606205250596656	0.3460620525059666	HG005	clinvar_genes	-1	-2	ont	sentdhio
HIOv1_HG005_sup-PAW87816_0-ont-sentdhio-All	All	HIOv1_HG005_sup-PAW87816_0	377862616.0	377417342.0	696.0	444578.0	114190.0	0.8855764997878574	0.9984369174934984	0.999697535198199	0.20436030696102855	0.7956396930389714	0.7956396930389714	HG005	clinvar_genes	-1	-2	ont	sentdhio
HIOv1_HG005_sup-PAW87816_0-ont-sentdhio-SNPts	SNPts	HIOv1_HG005_sup-PAW87816_0	2484521656.0	2482350832.0	291.0	2170533.0	515.0	0.9998143657850808	0.9998659495196294	0.9999997925354118	0.00023721262726572603	0.9997627873727343	0.9997627873727343	HG005	giabHC_x_ultima	-1	-2	ont	sentdhio
HIOv1_HG005_sup-PAW87816_0-ont-sentdhio-SNPtv	SNPtv	HIOv1_HG005_sup-PAW87816_0	2484521656.0	2483502279.0	174.0	1019203.0	343.0	0.9997464347599199	0.9998293075084096	0.9999998618886097	0.0003364242515786438	0.9996635757484214	0.9996635757484214	HG005	giabHC_x_ultima	-1	-2	ont	sentdhio
HIOv1_HG005_sup-PAW87816_0-ont-sentdhio-INS_50	INS_50	HIOv1_HG005_sup-PAW87816_0	2484521656.0	2484371699.0	76.0	149881.0	43.0	0.9996031759264509	0.9994931880472402	0.9999999826918012	0.00028681198473893437	0.9997131880152611	0.9997131880152611	HG005	giabHC_x_ultima	-1	-2	ont	sentdhio
HIOv1_HG005_sup-PAW87816_0-ont-sentdhio-INS_gt50	INS_gt50	HIOv1_HG005_sup-PAW87816_0	2484521656.0	2484521656.0	0.0	0.0	0.0			1.0				HG005	giabHC_x_ultima	-1	-2	ont	sentdhio
HIOv1_HG005_sup-PAW87816_0-ont-sentdhio-DEL_50	DEL_50	HIOv1_HG005_sup-PAW87816_0	2484521656.0	2484362081.0	51.0	159524.0	37.0	0.9997242554898225	0.9996804010653297	0.999999985106841	0.00023188623786514248	0.9997681137621348	0.9997681137621348	HG005	giabHC_x_ultima	-1	-2	ont	sentdhio
HIOv1_HG005_sup-PAW87816_0-ont-sentdhio-DEL_gt50	DEL_gt50	HIOv1_HG005_sup-PAW87816_0	2484521656.0	2484521656.0	0.0	0.0	0.0			1.0				HG005	giabHC_x_ultima	-1	-2	ont	sentdhio
HIOv1_HG005_sup-PAW87816_0-ont-sentdhio-Indel_50	Indel_50	HIOv1_HG005_sup-PAW87816_0	2484521656.0	2484508957.0	2.0	12697.0	9.0	0.9995670143672506	0.9998425072840381	0.9999999963775539	0.0007083267747520856	0.9992916732252479	0.9992916732252479	HG005	giabHC_x_ultima	-1	-2	ont	sentdhio
HIOv1_HG005_sup-PAW87816_0-ont-sentdhio-Indel_gt50	Indel_gt50	HIOv1_HG005_sup-PAW87816_0	2484521656.0	2484521370.0	2.0	284.0	0.0	0.9964912280701755	0.993006993006993	1.0	0.0	1.0	1.0	HG005	giabHC_x_ultima	-1	-2	ont	sentdhio
HIOv1_HG005_sup-PAW87816_0-ont-sentdhio-All	All	HIOv1_HG005_sup-PAW87816_0	2484521656.0	2481008938.0	596.0	3512122.0	947.0	0.9997803804755254	0.9998303308150555	0.9999996183005938	0.00026956487333439793	0.9997304351266656	0.9997304351266656	HG005	giabHC_x_ultima	-1	-2	ont	sentdhio
HIOv1_HG005_sup-PAW87816_0-ont-sentdhio-SNPts	SNPts	HIOv1_HG005_sup-PAW87816_0	3088286401.0	3085990859.0	1909.0	2293633.0	434936.0	0.9130502888968814	0.9991683881192328	0.9998590810118602	0.15940077014728232	0.8405992298527176	0.8405992298527176	HG005	hg38	-1	-2	ont	sentdhio
HIOv1_HG005_sup-PAW87816_0-ont-sentdhio-SNPtv	SNPtv	HIOv1_HG005_sup-PAW87816_0	3088286401.0	3087197011.0	1140.0	1088250.0	402631.0	0.8435160492831956	0.9989535428083607	0.999869597406826	0.27006246642086124	0.7299375335791387	0.7299375335791388	HG005	hg38	-1	-2	ont	sentdhio
HIOv1_HG005_sup-PAW87816_0-ont-sentdhio-INS_50	INS_50	HIOv1_HG005_sup-PAW87816_0	3088286401.0	3088070168.0	796.0	215437.0	216078.0	0.665187696449854	0.9963187857542558	0.9999300330400785	0.5007427320023637	0.49925726799763626	0.49925726799763626	HG005	hg38	-1	-2	ont	sentdhio
HIOv1_HG005_sup-PAW87816_0-ont-sentdhio-INS_gt50	INS_gt50	HIOv1_HG005_sup-PAW87816_0	3088286401.0	3088286373.0	25.0	3.0	2833.0	0.0020949720670391065	0.10714285714285714	0.9999990826636331	0.9989421720733427	0.0010578279266573176	0.0010578279266572638	HG005	hg38	-1	-2	ont	sentdhio
HIOv1_HG005_sup-PAW87816_0-ont-sentdhio-DEL_50	DEL_50	HIOv1_HG005_sup-PAW87816_0	3088286401.0	3088061059.0	494.0	224848.0	220996.0	0.670002056061956	0.997807776623976	0.9999284404740033	0.49568010335453655	0.5043198966454634	0.5043198966454634	HG005	hg38	-1	-2	ont	sentdhio
HIOv1_HG005_sup-PAW87816_0-ont-sentdhio-DEL_gt50	DEL_gt50	HIOv1_HG005_sup-PAW87816_0	3088286401.0	3088286362.0	36.0	3.0	3525.0	0.001682085786375105	0.07692307692307693	0.9999988585916061	0.9991496598639455	0.0008503401360544505	0.0008503401360544217	HG005	hg38	-1	-2	ont	sentdhio
HIOv1_HG005_sup-PAW87816_0-ont-sentdhio-Indel_50	Indel_50	HIOv1_HG005_sup-PAW87816_0	3088286401.0	3088258810.0	64.0	27527.0	53286.0	0.5078594885797572	0.9976804030299735	0.9999827459148093	0.6593741106010171	0.34062588939898286	0.34062588939898286	HG005	hg38	-1	-2	ont	sentdhio
HIOv1_HG005_sup-PAW87816_0-ont-sentdhio-Indel_gt50	Indel_gt50	HIOv1_HG005_sup-PAW87816_0	3088286401.0	3088285005.0	22.0	1374.0	2437.0	0.5277511042826963	0.9842406876790831	0.9999992108895154	0.6394647074258725	0.36053529257412753	0.36053529257412753	HG005	hg38	-1	-2	ont	sentdhio
HIOv1_HG005_sup-PAW87816_0-ont-sentdhio-All	All	HIOv1_HG005_sup-PAW87816_0	3088286401.0	3084430840.0	4486.0	3851075.0	1336722.0	0.8516913739343284	0.9988364857928587	0.9995668105347723	0.2576665972087959	0.7423334027912041	0.7423334027912041	HG005	hg38	-1	-2	ont	sentdhio
HIOv1_HG005_sup-PAW87816_0-ont-sentdhio-SNPts	SNPts	HIOv1_HG005_sup-PAW87816_0	2799325643.0	2797094805.0	457.0	2230381.0	115178.0	0.9747323057855339	0.9997951442462429	0.9999588239707781	0.04910471235215145	0.9508952876478486	0.9508952876478486	HG005	ultima	-1	-2	ont	sentdhio
HIOv1_HG005_sup-PAW87816_0-ont-sentdhio-SNPtv	SNPtv	HIOv1_HG005_sup-PAW87816_0	2799325643.0	2798278287.0	284.0	1047072.0	69278.0	0.967850530524942	0.9997288410053506	0.9999752432468123	0.06205759842343351	0.9379424015765665	0.9379424015765665	HG005	ultima	-1	-2	ont	sentdhio
HIOv1_HG005_sup-PAW87816_0-ont-sentdhio-INS_50	INS_50	HIOv1_HG005_sup-PAW87816_0	2799325643.0	2799164867.0	162.0	160614.0	25322.0	0.9264980733288724	0.9989923869234214	0.9999909538122491	0.13618664486705104	0.863813355132949	0.863813355132949	HG005	ultima	-1	-2	ont	sentdhio
HIOv1_HG005_sup-PAW87816_0-ont-sentdhio-INS_gt50	INS_gt50	HIOv1_HG005_sup-PAW87816_0	2799325643.0	2799325629.0	13.0	1.0	582.0	0.0033500837520938024	0.07142857142857142	0.9999997920928266	0.9982847341337907	0.0017152658662092923	0.0017152658662092624	HG005	ultima	-1	-2	ont	sentdhio
HIOv1_HG005_sup-PAW87816_0-ont-sentdhio-DEL_50	DEL_50	HIOv1_HG005_sup-PAW87816_0	2799325643.0	2799154025.0	170.0	171448.0	34689.0	0.9077206125663458	0.9990094279154867	0.9999876074807581	0.16828128865754327	0.8317187113424567	0.8317187113424567	HG005	ultima	-1	-2	ont	sentdhio
HIOv1_HG005_sup-PAW87816_0-ont-sentdhio-DEL_gt50	DEL_gt50	HIOv1_HG005_sup-PAW87816_0	2799325643.0	2799325613.0	28.0	2.0	1582.0	0.002478314745972739	0.06666666666666667	0.999999434864205	0.9987373737373737	0.0012626262626262985	0.0012626262626262627	HG005	ultima	-1	-2	ont	sentdhio
HIOv1_HG005_sup-PAW87816_0-ont-sentdhio-Indel_50	Indel_50	HIOv1_HG005_sup-PAW87816_0	2799325643.0	2799309368.0	8.0	16267.0	3115.0	0.9124155144852343	0.9995084485407066	0.9999988872267677	0.16071612836652563	0.8392838716334744	0.8392838716334744	HG005	ultima	-1	-2	ont	sentdhio
HIOv1_HG005_sup-PAW87816_0-ont-sentdhio-Indel_gt50	Indel_gt50	HIOv1_HG005_sup-PAW87816_0	2799325643.0	2799324776.0	8.0	859.0	517.0	0.7659384752563531	0.9907727797001153	0.9999998153126394	0.3757267441860465	0.6242732558139534	0.6242732558139535	HG005	ultima	-1	-2	ont	sentdhio
HIOv1_HG005_sup-PAW87816_0-ont-sentdhio-All	All	HIOv1_HG005_sup-PAW87816_0	2799325643.0	2795697869.0	1130.0	3626644.0	250263.0	0.9665018406511883	0.999688514223874	0.9999104908288048	0.06455223197254925	0.9354477680274508	0.9354477680274508	HG005	ultima	-1	-2	ont	sentdhio
HIOv1_HG005_sup-PAW87816_0-ont-sentdhio-SNPts	SNPts	HIOv1_HG005_sup-PAW87816_0	2503728811.0	2501507235.0	1153.0	2220423.0	952.0	0.9995262157966631	0.9994809990745309	0.9999996194295886	0.00042856338979235835	0.9995714366102076	0.9995714366102076	HG005	giabHC	-1	-2	ont	sentdhio
HIOv1_HG005_sup-PAW87816_0-ont-sentdhio-SNPtv	SNPtv	HIOv1_HG005_sup-PAW87816_0	2503728811.0	2502675985.0	653.0	1052173.0	572.0	0.9994182100722322	0.9993797645574862	0.9999997714446965	0.0005433414549582282	0.9994566585450417	0.9994566585450417	HG005	giabHC	-1	-2	ont	sentdhio
HIOv1_HG005_sup-PAW87816_0-ont-sentdhio-INS_50	INS_50	HIOv1_HG005_sup-PAW87816_0	2503728811.0	2503535508.0	208.0	193095.0	138.0	0.9991048699215597	0.9989239691054976	0.9999999448779568	0.0007141637297977053	0.9992858362702023	0.9992858362702023	HG005	giabHC	-1	-2	ont	sentdhio
HIOv1_HG005_sup-PAW87816_0-ont-sentdhio-INS_gt50	INS_gt50	HIOv1_HG005_sup-PAW87816_0	2503728811.0	2503728811.0	0.0	0.0	0.0			1.0				HG005	giabHC	-1	-2	ont	sentdhio
HIOv1_HG005_sup-PAW87816_0-ont-sentdhio-DEL_50	DEL_50	HIOv1_HG005_sup-PAW87816_0	2503728811.0	2503526025.0	132.0	202654.0	129.0	0.9993564596899664	0.9993490674898662	0.9999999484726773	0.00063614800057204	0.999363851999428	0.999363851999428	HG005	giabHC	-1	-2	ont	sentdhio
HIOv1_HG005_sup-PAW87816_0-ont-sentdhio-DEL_gt50	DEL_gt50	HIOv1_HG005_sup-PAW87816_0	2503728811.0	2503728811.0	0.0	0.0	0.0			1.0				HG005	giabHC	-1	-2	ont	sentdhio
HIOv1_HG005_sup-PAW87816_0-ont-sentdhio-Indel_50	Indel_50	HIOv1_HG005_sup-PAW87816_0	2503728811.0	2503708392.0	9.0	20410.0	41.0	0.9987766087594813	0.9995592340467212	0.9999999836242913	0.0020047919417143416	0.9979952080582857	0.9979952080582857	HG005	giabHC	-1	-2	ont	sentdhio
HIOv1_HG005_sup-PAW87816_0-ont-sentdhio-Indel_gt50	Indel_gt50	HIOv1_HG005_sup-PAW87816_0	2503728811.0	2503728466.0	2.0	343.0	1.0	0.9956458635703919	0.9942028985507246	0.9999999996005957	0.0029069767441860465	0.997093023255814	0.997093023255814	HG005	giabHC	-1	-2	ont	sentdhio
HIOv1_HG005_sup-PAW87816_0-ont-sentdhio-All	All	HIOv1_HG005_sup-PAW87816_0	2503728811.0	2500037556.0	2157.0	3689098.0	1833.0	0.9994595096899482	0.9994156458982107	0.9999992668115518	0.0004966226678309619	0.999503377332169	0.999503377332169	HG005	giabHC	-1	-2	ont	sentdhio
HIOv1_HG005_sup-PAW87816_0-ont-sentdhio-SNPts	SNPts	HIOv1_HG005_sup-PAW87816_0	329898164.0	329645936.0	64.0	252164.0	69.0	0.9997363522650908	0.9997462613191239	0.9999997906845557	0.0002735565925156502	0.9997264434074844	0.9997264434074844	HG005	giabHC_x_ultima_x_clinvar	-1	-2	ont	sentdhio
HIOv1_HG005_sup-PAW87816_0-ont-sentdhio-SNPtv	SNPtv	HIOv1_HG005_sup-PAW87816_0	329898164.0	329785959.0	48.0	112157.0	33.0	0.999639029390138	0.9995722115770242	0.999999899935107	0.0002941438630894019	0.9997058561369107	0.9997058561369107	HG005	giabHC_x_ultima_x_clinvar	-1	-2	ont	sentdhio
HIOv1_HG005_sup-PAW87816_0-ont-sentdhio-INS_50	INS_50	HIOv1_HG005_sup-PAW87816_0	329898164.0	329881115.0	6.0	17043.0	2.0	0.9997653546078489	0.9996480732007742	0.9999999939372098	0.00011733646230566149	0.9998826635376944	0.9998826635376944	HG005	giabHC_x_ultima_x_clinvar	-1	-2	ont	sentdhio
HIOv1_HG005_sup-PAW87816_0-ont-sentdhio-INS_gt50	INS_gt50	HIOv1_HG005_sup-PAW87816_0	329898164.0	329898164.0	0.0	0.0	0.0			1.0				HG005	giabHC_x_ultima_x_clinvar	-1	-2	ont	sentdhio
HIOv1_HG005_sup-PAW87816_0-ont-sentdhio-DEL_50	DEL_50	HIOv1_HG005_sup-PAW87816_0	329898164.0	329879701.0	6.0	18457.0	6.0	0.99967502572713	0.99967502572713	0.9999999818115517	0.00032497427287006444	0.99967502572713	0.99967502572713	HG005	giabHC_x_ultima_x_clinvar	-1	-2	ont	sentdhio
HIOv1_HG005_sup-PAW87816_0-ont-sentdhio-DEL_gt50	DEL_gt50	HIOv1_HG005_sup-PAW87816_0	329898164.0	329898164.0	0.0	0.0	0.0			1.0				HG005	giabHC_x_ultima_x_clinvar	-1	-2	ont	sentdhio
HIOv1_HG005_sup-PAW87816_0-ont-sentdhio-Indel_50	Indel_50	HIOv1_HG005_sup-PAW87816_0	329898164.0	329897034.0	1.0	1129.0	1.0	0.9991150442477876	0.9991150442477876	0.9999999969687512	0.0008849557522123894	0.9991150442477876	0.9991150442477876	HG005	giabHC_x_ultima_x_clinvar	-1	-2	ont	sentdhio
HIOv1_HG005_sup-PAW87816_0-ont-sentdhio-Indel_gt50	Indel_gt50	HIOv1_HG005_sup-PAW87816_0	329898164.0	329898134.0	1.0	29.0	0.0	0.983050847457627	0.9666666666666667	1.0	0.0	1.0	1.0	HG005	giabHC_x_ultima_x_clinvar	-1	-2	ont	sentdhio
HIOv1_HG005_sup-PAW87816_0-ont-sentdhio-All	All	HIOv1_HG005_sup-PAW87816_0	329898164.0	329497059.0	126.0	400979.0	111.0	0.9997045606118213	0.9996858677902295	0.999999663123055	0.0002767458675110324	0.999723254132489	0.999723254132489	HG005	giabHC_x_ultima_x_clinvar	-1	-2	ont	sentdhio
HIOv1_HG005_sup-PAW87816_0-ont-sentdhio-SNPts	SNPts	HIOv1_HG005_sup-PAW87816_0	334484186.0	334222876.0	222.0	261088.0	162.0	0.9992651561543172	0.9991504343500057	0.9999995152937363	0.0006200956937799043	0.9993799043062201	0.9993799043062201	HG005	giabHC_x_clinvar_genes	-1	-2	ont	sentdhio
HIOv1_HG005_sup-PAW87816_0-ont-sentdhio-SNPtv	SNPtv	HIOv1_HG005_sup-PAW87816_0	334484186.0	334366423.0	139.0	117624.0	75.0	0.9990911484655699	0.9988196632218949	0.9999997756952312	0.0006372186679580965	0.9993627813320419	0.9993627813320419	HG005	giabHC_x_clinvar_genes	-1	-2	ont	sentdhio
HIOv1_HG005_sup-PAW87816_0-ont-sentdhio-INS_50	INS_50	HIOv1_HG005_sup-PAW87816_0	334484186.0	334461741.0	31.0	22414.0	18.0	0.9989081266573077	0.9986188460681666	0.9999999461821882	0.0008024251069900142	0.99919757489301	0.99919757489301	HG005	giabHC_x_clinvar_genes	-1	-2	ont	sentdhio
HIOv1_HG005_sup-PAW87816_0-ont-sentdhio-INS_gt50	INS_gt50	HIOv1_HG005_sup-PAW87816_0	334484186.0	334484186.0	0.0	0.0	0.0			1.0				HG005	giabHC_x_clinvar_genes	-1	-2	ont	sentdhio
HIOv1_HG005_sup-PAW87816_0-ont-sentdhio-DEL_50	DEL_50	HIOv1_HG005_sup-PAW87816_0	334484186.0	334460537.0	17.0	23632.0	24.0	0.9991332840080328	0.9992811535371474	0.9999999282426606	0.0010145417653026716	0.9989854582346973	0.9989854582346973	HG005	giabHC_x_clinvar_genes	-1	-2	ont	sentdhio
HIOv1_HG005_sup-PAW87816_0-ont-sentdhio-DEL_gt50	DEL_gt50	HIOv1_HG005_sup-PAW87816_0	334484186.0	334484186.0	0.0	0.0	0.0			1.0				HG005	giabHC_x_clinvar_genes	-1	-2	ont	sentdhio
HIOv1_HG005_sup-PAW87816_0-ont-sentdhio-Indel_50	Indel_50	HIOv1_HG005_sup-PAW87816_0	334484186.0	334482221.0	3.0	1962.0	3.0	0.9984732824427481	0.9984732824427481	0.9999999910309135	0.0015267175572519084	0.9984732824427481	0.9984732824427481	HG005	giabHC_x_clinvar_genes	-1	-2	ont	sentdhio
HIOv1_HG005_sup-PAW87816_0-ont-sentdhio-Indel_gt50	Indel_gt50	HIOv1_HG005_sup-PAW87816_0	334484186.0	334484149.0	1.0	36.0	1.0	0.972972972972973	0.972972972972973	0.9999999970103217	0.02702702702702703	0.972972972972973	0.972972972972973	HG005	giabHC_x_clinvar_genes	-1	-2	ont	sentdhio
HIOv1_HG005_sup-PAW87816_0-ont-sentdhio-All	All	HIOv1_HG005_sup-PAW87816_0	334484186.0	334057017.0	413.0	426756.0	283.0	0.9991852101595864	0.9990331695417973	0.9999991528399469	0.0006627029381391395	0.9993372970618608	0.9993372970618608	HG005	giabHC_x_clinvar_genes	-1	-2	ont	sentdhio
HIOv1_HG005_sup-PAW88001_0-ont-sentdhio-SNPts	SNPts	HIOv1_HG005_sup-PAW88001_0	377862616.0	377593042.0	280.0	269294.0	38289.0	0.9331741623163194	0.9989613241633095	0.9998986074595595	0.12448347275369576	0.8755165272463042	0.8755165272463042	HG005	clinvar_genes	-1	-2	ont	sentdhio
HIOv1_HG005_sup-PAW88001_0-ont-sentdhio-SNPtv	SNPtv	HIOv1_HG005_sup-PAW88001_0	377862616.0	377740682.0	182.0	121752.0	23820.0	0.910274909721651	0.9985073892433611	0.999936944842954	0.16363036847745446	0.8363696315225455	0.8363696315225455	HG005	clinvar_genes	-1	-2	ont	sentdhio
HIOv1_HG005_sup-PAW88001_0-ont-sentdhio-INS_50	INS_50	HIOv1_HG005_sup-PAW88001_0	377862616.0	377837756.0	106.0	24754.0	23055.0	0.6812808763021372	0.9957361222847948	0.9999389854694405	0.4822313790290531	0.5177686209709469	0.5177686209709469	HG005	clinvar_genes	-1	-2	ont	sentdhio
HIOv1_HG005_sup-PAW88001_0-ont-sentdhio-INS_gt50	INS_gt50	HIOv1_HG005_sup-PAW88001_0	377862616.0	377862610.0	5.0	1.0	380.0	0.00516795865633075	0.16666666666666666	0.9999989943444845	0.9973753280839895	0.002624671916010457	0.0026246719160104987	HG005	clinvar_genes	-1	-2	ont	sentdhio
HIOv1_HG005_sup-PAW88001_0-ont-sentdhio-DEL_50	DEL_50	HIOv1_HG005_sup-PAW88001_0	377862616.0	377836571.0	43.0	26002.0	22992.0	0.6930262929943097	0.9983490113265502	0.9999391519965316	0.4692819528921909	0.5307180471078091	0.5307180471078091	HG005	clinvar_genes	-1	-2	ont	sentdhio
HIOv1_HG005_sup-PAW88001_0-ont-sentdhio-DEL_gt50	DEL_gt50	HIOv1_HG005_sup-PAW88001_0	377862616.0	377862612.0	3.0	1.0	517.0	0.003831417624521073	0.25	0.9999986317797098	0.9980694980694981	0.0019305019305019266	0.0019305019305019305	HG005	clinvar_genes	-1	-2	ont	sentdhio
HIOv1_HG005_sup-PAW88001_0-ont-sentdhio-Indel_50	Indel_50	HIOv1_HG005_sup-PAW88001_0	377862616.0	377859938.0	8.0	2670.0	5354.0	0.4989721547374323	0.9970126960418223	0.9999858309293991	0.6672482552342971	0.3327517447657029	0.3327517447657029	HG005	clinvar_genes	-1	-2	ont	sentdhio
HIOv1_HG005_sup-PAW88001_0-ont-sentdhio-Indel_gt50	Indel_gt50	HIOv1_HG005_sup-PAW88001_0	377862616.0	377862468.0	2.0	146.0	279.0	0.5095986038394414	0.9864864864864865	0.9999992616366599	0.6564705882352941	0.34352941176470586	0.34352941176470586	HG005	clinvar_genes	-1	-2	ont	sentdhio
HIOv1_HG005_sup-PAW88001_0-ont-sentdhio-All	All	HIOv1_HG005_sup-PAW88001_0	377862616.0	377417367.0	629.0	444620.0	114686.0	0.8852078781151853	0.9985873073269115	0.9996962218198728	0.20505054478228377	0.7949494552177162	0.7949494552177162	HG005	clinvar_genes	-1	-2	ont	sentdhio
HIOv1_HG005_sup-PAW88001_0-ont-sentdhio-SNPts	SNPts	HIOv1_HG005_sup-PAW88001_0	2799325643.0	2797094783.0	471.0	2230389.0	114836.0	0.9748022600104673	0.9997888706597455	0.9999589462301216	0.048965877474442754	0.9510341225255572	0.9510341225255573	HG005	ultima	-1	-2	ont	sentdhio
HIOv1_HG005_sup-PAW88001_0-ont-sentdhio-SNPtv	SNPtv	HIOv1_HG005_sup-PAW88001_0	2799325643.0	2798278283.0	290.0	1047070.0	68845.0	0.9680415111347379	0.9997231133516652	0.9999753979771447	0.06169376699838249	0.9383062330016175	0.9383062330016175	HG005	ultima	-1	-2	ont	sentdhio
HIOv1_HG005_sup-PAW88001_0-ont-sentdhio-INS_50	INS_50	HIOv1_HG005_sup-PAW88001_0	2799325643.0	2799164874.0	172.0	160597.0	25296.0	0.9265336264142018	0.9989301420049885	0.9999909631005884	0.13607828159209867	0.8639217184079013	0.8639217184079013	HG005	ultima	-1	-2	ont	sentdhio
HIOv1_HG005_sup-PAW88001_0-ont-sentdhio-INS_gt50	INS_gt50	HIOv1_HG005_sup-PAW88001_0	2799325643.0	2799325629.0	14.0	0.0	579.0		0.0	0.9999997931645128	1.0	0.0	0.0	HG005	ultima	-1	-2	ont	sentdhio
HIOv1_HG005_sup-PAW88001_0-ont-sentdhio-DEL_50	DEL_50	HIOv1_HG005_sup-PAW88001_0	2799325643.0	2799154027.0	167.0	171449.0	34718.0	0.9076586294248284	0.9990268972589968	0.9999875971207508	0.16839746419165047	0.8316025358083495	0.8316025358083495	HG005	ultima	-1	-2	ont	sentdhio
HIOv1_HG005_sup-PAW88001_0-ont-sentdhio-DEL_gt50	DEL_gt50	HIOv1_HG005_sup-PAW88001_0	2799325643.0	2799325614.0	28.0	1.0	1621.0	0.0012113870381586917	0.034482758620689655	0.9999994209322941	0.9993834771886559	0.0006165228113440557	0.0006165228113440197	HG005	ultima	-1	-2	ont	sentdhio
HIOv1_HG005_sup-PAW88001_0-ont-sentdhio-Indel_50	Indel_50	HIOv1_HG005_sup-PAW88001_0	2799325643.0	2799309360.0	7.0	16276.0	3120.0	0.9123574091202108	0.9995701037892281	0.9999988854406137	0.16085790884718498	0.839142091152815	0.839142091152815	HG005	ultima	-1	-2	ont	sentdhio
HIOv1_HG005_sup-PAW88001_0-ont-sentdhio-Indel_gt50	Indel_gt50	HIOv1_HG005_sup-PAW88001_0	2799325643.0	2799324777.0	7.0	859.0	507.0	0.7697132616487455	0.9919168591224018	0.9999998188849282	0.3711566617862372	0.6288433382137628	0.6288433382137628	HG005	ultima	-1	-2	ont	sentdhio
HIOv1_HG005_sup-PAW88001_0-ont-sentdhio-All	All	HIOv1_HG005_sup-PAW88001_0	2799325643.0	2795697846.0	1156.0	3626641.0	249522.0	0.9665939050847819	0.9996813493147494	0.9999107558307944	0.06437345385114093	0.9356265461488591	0.9356265461488591	HG005	ultima	-1	-2	ont	sentdhio
HIOv1_HG005_sup-PAW88001_0-ont-sentdhio-SNPts	SNPts	HIOv1_HG005_sup-PAW88001_0	3088286401.0	3085990843.0	1763.0	2293795.0	435720.0	0.9129399712203186	0.9992319950094922	0.9998588270314858	0.15963275526970908	0.8403672447302909	0.8403672447302909	HG005	hg38	-1	-2	ont	sentdhio
HIOv1_HG005_sup-PAW88001_0-ont-sentdhio-SNPtv	SNPtv	HIOv1_HG005_sup-PAW88001_0	3088286401.0	3087197017.0	1065.0	1088319.0	404235.0	0.843024890605429	0.999022383291842	0.9998690779776895	0.27083442207116126	0.7291655779288387	0.7291655779288387	HG005	hg38	-1	-2	ont	sentdhio
HIOv1_HG005_sup-PAW88001_0-ont-sentdhio-INS_50	INS_50	HIOv1_HG005_sup-PAW88001_0	3088286401.0	3088070166.0	827.0	215408.0	216462.0	0.6647317950023529	0.9961754572571507	0.9999299087079426	0.5012202746196772	0.4987797253803228	0.4987797253803228	HG005	hg38	-1	-2	ont	sentdhio
HIOv1_HG005_sup-PAW88001_0-ont-sentdhio-INS_gt50	INS_gt50	HIOv1_HG005_sup-PAW88001_0	3088286401.0	3088286372.0	26.0	3.0	2816.0	0.002106741573033708	0.10344827586206896	0.9999990881682936	0.9989357928343384	0.0010642071656615792	0.001064207165661582	HG005	hg38	-1	-2	ont	sentdhio
HIOv1_HG005_sup-PAW88001_0-ont-sentdhio-DEL_50	DEL_50	HIOv1_HG005_sup-PAW88001_0	3088286401.0	3088061050.0	479.0	224872.0	221617.0	0.6694212907835199	0.9978744270049833	0.9999282394055544	0.49635489340162914	0.5036451065983709	0.5036451065983708	HG005	hg38	-1	-2	ont	sentdhio
HIOv1_HG005_sup-PAW88001_0-ont-sentdhio-DEL_gt50	DEL_gt50	HIOv1_HG005_sup-PAW88001_0	3088286401.0	3088286363.0	36.0	2.0	3578.0	0.001105583195135434	0.05263157894736842	0.9999988414300249	0.9994413407821229	0.0005586592178771221	0.0005586592178770949	HG005	hg38	-1	-2	ont	sentdhio
HIOv1_HG005_sup-PAW88001_0-ont-sentdhio-Indel_50	Indel_50	HIOv1_HG005_sup-PAW88001_0	3088286401.0	3088258805.0	66.0	27530.0	53265.0	0.5079757544445572	0.9976083490360922	0.999982752714495	0.6592610928894115	0.3407389071105885	0.3407389071105885	HG005	hg38	-1	-2	ont	sentdhio
HIOv1_HG005_sup-PAW88001_0-ont-sentdhio-Indel_gt50	Indel_gt50	HIOv1_HG005_sup-PAW88001_0	3088286401.0	3088285007.0	22.0	1372.0	2443.0	0.526780572086773	0.9842180774748924	0.9999992089466931	0.6403669724770642	0.3596330275229358	0.3596330275229358	HG005	hg38	-1	-2	ont	sentdhio
HIOv1_HG005_sup-PAW88001_0-ont-sentdhio-All	All	HIOv1_HG005_sup-PAW88001_0	3088286401.0	3084430816.0	4284.0	3851301.0	1340136.0	0.851396404253245	0.9988888845661553	0.9995657046420988	0.25814355447249	0.7418564455275101	0.7418564455275101	HG005	hg38	-1	-2	ont	sentdhio
HIOv1_HG005_sup-PAW88001_0-ont-sentdhio-SNPts	SNPts	HIOv1_HG005_sup-PAW88001_0	2484521656.0	2482350831.0	287.0	2170538.0	505.0	0.9998175900326771	0.9998677921988184	0.9999997965638495	0.0002326070925357075	0.9997673929074643	0.9997673929074643	HG005	giabHC_x_ultima	-1	-2	ont	sentdhio
HIOv1_HG005_sup-PAW88001_0-ont-sentdhio-SNPtv	SNPtv	HIOv1_HG005_sup-PAW88001_0	2484521656.0	2483502280.0	173.0	1019203.0	356.0	0.9997405508267797	0.9998302883332548	0.999999856654068	0.00034917057276724546	0.9996508294272327	0.9996508294272327	HG005	giabHC_x_ultima	-1	-2	ont	sentdhio
HIOv1_HG005_sup-PAW88001_0-ont-sentdhio-INS_50	INS_50	HIOv1_HG005_sup-PAW88001_0	2484521656.0	2484371707.0	82.0	149867.0	54.0	0.9995464701370594	0.9994531474034505	0.9999999782641226	0.00036018969990861855	0.9996398103000914	0.9996398103000914	HG005	giabHC_x_ultima	-1	-2	ont	sentdhio
HIOv1_HG005_sup-PAW88001_0-ont-sentdhio-INS_gt50	INS_gt50	HIOv1_HG005_sup-PAW88001_0	2484521656.0	2484521656.0	0.0	0.0	0.0			1.0				HG005	giabHC_x_ultima	-1	-2	ont	sentdhio
HIOv1_HG005_sup-PAW88001_0-ont-sentdhio-DEL_50	DEL_50	HIOv1_HG005_sup-PAW88001_0	2484521656.0	2484362078.0	53.0	159525.0	29.0	0.9997430530313475	0.9996678740177217	0.9999999883269834	0.00018175664665254397	0.9998182433533475	0.9998182433533475	HG005	giabHC_x_ultima	-1	-2	ont	sentdhio
HIOv1_HG005_sup-PAW88001_0-ont-sentdhio-DEL_gt50	DEL_gt50	HIOv1_HG005_sup-PAW88001_0	2484521656.0	2484521656.0	0.0	0.0	0.0			1.0				HG005	giabHC_x_ultima	-1	-2	ont	sentdhio
HIOv1_HG005_sup-PAW88001_0-ont-sentdhio-Indel_50	Indel_50	HIOv1_HG005_sup-PAW88001_0	2484521656.0	2484508952.0	1.0	12703.0	9.0	0.9996065470569719	0.9999212846347607	0.9999999963775538	0.0007079924480805538	0.9992920075519195	0.9992920075519195	HG005	giabHC_x_ultima	-1	-2	ont	sentdhio
HIOv1_HG005_sup-PAW88001_0-ont-sentdhio-Indel_gt50	Indel_gt50	HIOv1_HG005_sup-PAW88001_0	2484521656.0	2484521371.0	1.0	284.0	0.0	0.9982425307557118	0.9964912280701754	1.0	0.0	1.0	1.0	HG005	giabHC_x_ultima	-1	-2	ont	sentdhio
HIOv1_HG005_sup-PAW88001_0-ont-sentdhio-All	All	HIOv1_HG005_sup-PAW88001_0	2484521656.0	2481008939.0	597.0	3512120.0	953.0	0.9997793842400641	0.9998300460868325	0.9999996158822247	0.00027127247284642247	0.9997287275271536	0.9997287275271536	HG005	giabHC_x_ultima	-1	-2	ont	sentdhio
HIOv1_HG005_sup-PAW88001_0-ont-sentdhio-SNPts	SNPts	HIOv1_HG005_sup-PAW88001_0	2503728811.0	2501507240.0	1015.0	2220556.0	921.0	0.9995642630914633	0.9995431161101761	0.9999996318221086	0.00041458903243202607	0.9995854109675679	0.9995854109675679	HG005	giabHC	-1	-2	ont	sentdhio
HIOv1_HG005_sup-PAW88001_0-ont-sentdhio-SNPtv	SNPtv	HIOv1_HG005_sup-PAW88001_0	2503728811.0	2502675992.0	571.0	1052248.0	588.0	0.9994495774473976	0.9994576465660289	0.9999997650515433	0.000558491540942749	0.9994415084590572	0.9994415084590572	HG005	giabHC	-1	-2	ont	sentdhio
HIOv1_HG005_sup-PAW88001_0-ont-sentdhio-INS_50	INS_50	HIOv1_HG005_sup-PAW88001_0	2503728811.0	2503535496.0	224.0	193091.0	136.0	0.9990686652420695	0.9988412694307219	0.9999999456768267	0.0007038353853239972	0.999296164614676	0.999296164614676	HG005	giabHC	-1	-2	ont	sentdhio
HIOv1_HG005_sup-PAW88001_0-ont-sentdhio-INS_gt50	INS_gt50	HIOv1_HG005_sup-PAW88001_0	2503728811.0	2503728811.0	0.0	0.0	0.0			1.0				HG005	giabHC	-1	-2	ont	sentdhio
HIOv1_HG005_sup-PAW88001_0-ont-sentdhio-DEL_50	DEL_50	HIOv1_HG005_sup-PAW88001_0	2503728811.0	2503526008.0	126.0	202677.0	123.0	0.9993860992152425	0.9993787074155708	0.9999999508692965	0.0006065088757396449	0.9993934911242603	0.9993934911242603	HG005	giabHC	-1	-2	ont	sentdhio
HIOv1_HG005_sup-PAW88001_0-ont-sentdhio-DEL_gt50	DEL_gt50	HIOv1_HG005_sup-PAW88001_0	2503728811.0	2503728811.0	0.0	0.0	0.0			1.0				HG005	giabHC	-1	-2	ont	sentdhio
HIOv1_HG005_sup-PAW88001_0-ont-sentdhio-Indel_50	Indel_50	HIOv1_HG005_sup-PAW88001_0	2503728811.0	2503708407.0	9.0	20395.0	39.0	0.9988246241245897	0.9995589100176436	0.9999999844231064	0.0019085837329940296	0.9980914162670059	0.9980914162670059	HG005	giabHC	-1	-2	ont	sentdhio
HIOv1_HG005_sup-PAW88001_0-ont-sentdhio-Indel_gt50	Indel_gt50	HIOv1_HG005_sup-PAW88001_0	2503728811.0	2503728468.0	1.0	342.0	1.0	0.9970845481049563	0.9970845481049563	0.9999999996005957	0.0029154518950437317	0.9970845481049563	0.9970845481049563	HG005	giabHC	-1	-2	ont	sentdhio
HIOv1_HG005_sup-PAW88001_0-ont-sentdhio-All	All	HIOv1_HG005_sup-PAW88001_0	2503728811.0	2500037556.0	1946.0	3689309.0	1808.0	0.9994914913526437	0.9994728080287056	0.999999276811387	0.0004898246249035184	0.9995101753750965	0.9995101753750965	HG005	giabHC	-1	-2	ont	sentdhio
HIOv1_HG005_sup-PAW88001_0-ont-sentdhio-SNPts	SNPts	HIOv1_HG005_sup-PAW88001_0	334484186.0	334222878.0	180.0	261128.0	148.0	0.9993723497083723	0.9993111577142683	0.999999557181916	0.0005664508029822869	0.9994335491970178	0.9994335491970178	HG005	giabHC_x_clinvar_genes	-1	-2	ont	sentdhio
HIOv1_HG005_sup-PAW88001_0-ont-sentdhio-SNPtv	SNPtv	HIOv1_HG005_sup-PAW88001_0	334484186.0	334366426.0	119.0	117641.0	80.0	0.9991549212038339	0.9989894701086957	0.9999997607415858	0.0006795728884396157	0.9993204271115604	0.9993204271115604	HG005	giabHC_x_clinvar_genes	-1	-2	ont	sentdhio
HIOv1_HG005_sup-PAW88001_0-ont-sentdhio-INS_50	INS_50	HIOv1_HG005_sup-PAW88001_0	334484186.0	334461738.0	37.0	22411.0	18.0	0.9987744278806515	0.9983517462580185	0.9999999461821877	0.0008025324356859423	0.999197467564314	0.999197467564314	HG005	giabHC_x_clinvar_genes	-1	-2	ont	sentdhio
HIOv1_HG005_sup-PAW88001_0-ont-sentdhio-INS_gt50	INS_gt50	HIOv1_HG005_sup-PAW88001_0	334484186.0	334484186.0	0.0	0.0	0.0			1.0				HG005	giabHC_x_clinvar_genes	-1	-2	ont	sentdhio
HIOv1_HG005_sup-PAW88001_0-ont-sentdhio-DEL_50	DEL_50	HIOv1_HG005_sup-PAW88001_0	334484186.0	334460533.0	17.0	23636.0	20.0	0.9992179077976706	0.999281275102524	0.9999999402022157	0.0008454514710855597	0.9991545485289144	0.9991545485289144	HG005	giabHC_x_clinvar_genes	-1	-2	ont	sentdhio
HIOv1_HG005_sup-PAW88001_0-ont-sentdhio-DEL_gt50	DEL_gt50	HIOv1_HG005_sup-PAW88001_0	334484186.0	334484186.0	0.0	0.0	0.0			1.0				HG005	giabHC_x_clinvar_genes	-1	-2	ont	sentdhio
HIOv1_HG005_sup-PAW88001_0-ont-sentdhio-Indel_50	Indel_50	HIOv1_HG005_sup-PAW88001_0	334484186.0	334482224.0	2.0	1960.0	2.0	0.9989806320081549	0.9989806320081549	0.999999994020609	0.0010193679918450561	0.9989806320081549	0.9989806320081549	HG005	giabHC_x_clinvar_genes	-1	-2	ont	sentdhio
HIOv1_HG005_sup-PAW88001_0-ont-sentdhio-Indel_gt50	Indel_gt50	HIOv1_HG005_sup-PAW88001_0	334484186.0	334484149.0	1.0	36.0	1.0	0.972972972972973	0.972972972972973	0.9999999970103217	0.02702702702702703	0.972972972972973	0.972972972972973	HG005	giabHC_x_clinvar_genes	-1	-2	ont	sentdhio
HIOv1_HG005_sup-PAW88001_0-ont-sentdhio-All	All	HIOv1_HG005_sup-PAW88001_0	334484186.0	334057018.0	356.0	426812.0	269.0	0.9992683632055759	0.999166604240018	0.9999991947488934	0.0006298570997070813	0.9993701429002929	0.9993701429002929	HG005	giabHC_x_clinvar_genes	-1	-2	ont	sentdhio
HIOv1_HG005_sup-PAW88001_0-ont-sentdhio-SNPts	SNPts	HIOv1_HG005_sup-PAW88001_0	329898164.0	329645935.0	61.0	252168.0	75.0	0.9997304112022075	0.9997581562786199	0.9999997724832161	0.0002973323342966901	0.9997026676657033	0.9997026676657033	HG005	giabHC_x_ultima_x_clinvar	-1	-2	ont	sentdhio
HIOv1_HG005_sup-PAW88001_0-ont-sentdhio-SNPtv	SNPtv	HIOv1_HG005_sup-PAW88001_0	329898164.0	329785959.0	54.0	112151.0	35.0	0.9996033709016852	0.9995187380241523	0.9999998938705686	0.00031198188722300467	0.999688018112777	0.999688018112777	HG005	giabHC_x_ultima_x_clinvar	-1	-2	ont	sentdhio
HIOv1_HG005_sup-PAW88001_0-ont-sentdhio-INS_50	INS_50	HIOv1_HG005_sup-PAW88001_0	329898164.0	329881118.0	8.0	17038.0	6.0	0.9995893223819303	0.9995306816848527	0.9999999818116299	0.00035203003989673785	0.9996479699601033	0.9996479699601033	HG005	giabHC_x_ultima_x_clinvar	-1	-2	ont	sentdhio
HIOv1_HG005_sup-PAW88001_0-ont-sentdhio-INS_gt50	INS_gt50	HIOv1_HG005_sup-PAW88001_0	329898164.0	329898164.0	0.0	0.0	0.0			1.0				HG005	giabHC_x_ultima_x_clinvar	-1	-2	ont	sentdhio
HIOv1_HG005_sup-PAW88001_0-ont-sentdhio-DEL_50	DEL_50	HIOv1_HG005_sup-PAW88001_0	329898164.0	329879700.0	7.0	18457.0	5.0	0.99967502572713	0.9996208838821491	0.9999999848429596	0.0002708265626692666	0.9997291734373307	0.9997291734373307	HG005	giabHC_x_ultima_x_clinvar	-1	-2	ont	sentdhio
HIOv1_HG005_sup-PAW88001_0-ont-sentdhio-DEL_gt50	DEL_gt50	HIOv1_HG005_sup-PAW88001_0	329898164.0	329898164.0	0.0	0.0	0.0			1.0				HG005	giabHC_x_ultima_x_clinvar	-1	-2	ont	sentdhio
HIOv1_HG005_sup-PAW88001_0-ont-sentdhio-Indel_50	Indel_50	HIOv1_HG005_sup-PAW88001_0	329898164.0	329897034.0	0.0	1130.0	1.0	0.9995577178239716	1.0	0.9999999969687512	0.0008841732979664014	0.9991158267020336	0.9991158267020336	HG005	giabHC_x_ultima_x_clinvar	-1	-2	ont	sentdhio
HIOv1_HG005_sup-PAW88001_0-ont-sentdhio-Indel_gt50	Indel_gt50	HIOv1_HG005_sup-PAW88001_0	329898164.0	329898134.0	1.0	29.0	0.0	0.983050847457627	0.9666666666666667	1.0	0.0	1.0	1.0	HG005	giabHC_x_ultima_x_clinvar	-1	-2	ont	sentdhio
HIOv1_HG005_sup-PAW88001_0-ont-sentdhio-All	All	HIOv1_HG005_sup-PAW88001_0	329898164.0	329497060.0	131.0	400973.0	122.0	0.9996846169092707	0.9996734014121026	0.9999996297388668	0.0003041673419015445	0.9996958326580985	0.9996958326580985	HG005	giabHC_x_ultima_x_clinvar	-1	-2	ont	sentdhio
HIOv1_HG006_sup-PAY77227_0-ont-sentdhio-SNPts	SNPts	HIOv1_HG006_sup-PAY77227_0	2799325643.0	2797104429.0	588.0	2220626.0	118387.0	0.9739102899921429	0.999735279896489	0.9999576769503942	0.05061408380372405	0.949385916196276	0.949385916196276	HG006	ultima	-1	-2	ont	sentdhio
HIOv1_HG006_sup-PAY77227_0-ont-sentdhio-SNPtv	SNPtv	HIOv1_HG006_sup-PAY77227_0	2799325643.0	2798283977.0	314.0	1041352.0	72481.0	0.9662282376377813	0.9996985598070782	0.9999740987250596	0.06507348947283839	0.9349265105271616	0.9349265105271616	HG006	ultima	-1	-2	ont	sentdhio
HIOv1_HG006_sup-PAY77227_0-ont-sentdhio-INS_50	INS_50	HIOv1_HG006_sup-PAY77227_0	2799325643.0	2799170552.0	164.0	154927.0	31993.0	0.9059767083514857	0.9989425563056528	0.999988570673438	0.17115878450674085	0.8288412154932592	0.8288412154932592	HG006	ultima	-1	-2	ont	sentdhio
HIOv1_HG006_sup-PAY77227_0-ont-sentdhio-INS_gt50	INS_gt50	HIOv1_HG006_sup-PAY77227_0	2799325643.0	2799325623.0	9.0	11.0	619.0	0.033846153846153845	0.55	0.9999997788753627	0.9825396825396825	0.01746031746031751	0.01746031746031746	HG006	ultima	-1	-2	ont	sentdhio
HIOv1_HG006_sup-PAY77227_0-ont-sentdhio-DEL_50	DEL_50	HIOv1_HG006_sup-PAY77227_0	2799325643.0	2799164623.0	154.0	160866.0	45980.0	0.8745902040416891	0.9990435970686872	0.9999835739404707	0.22229097976272202	0.777709020237278	0.777709020237278	HG006	ultima	-1	-2	ont	sentdhio
HIOv1_HG006_sup-PAY77227_0-ont-sentdhio-DEL_gt50	DEL_gt50	HIOv1_HG006_sup-PAY77227_0	2799325643.0	2799325618.0	20.0	5.0	1634.0	0.006009615384615385	0.2	0.9999994162883247	0.9969493593654668	0.003050640634533197	0.003050640634533252	HG006	ultima	-1	-2	ont	sentdhio
HIOv1_HG006_sup-PAY77227_0-ont-sentdhio-Indel_50	Indel_50	HIOv1_HG006_sup-PAY77227_0	2799325643.0	2799310762.0	7.0	14874.0	5246.0	0.8499185737550357	0.9995296015052751	0.9999981259707782	0.26073558648111334	0.7392644135188866	0.7392644135188867	HG006	ultima	-1	-2	ont	sentdhio
HIOv1_HG006_sup-PAY77227_0-ont-sentdhio-Indel_gt50	Indel_gt50	HIOv1_HG006_sup-PAY77227_0	2799325643.0	2799324860.0	9.0	774.0	667.0	0.6960431654676259	0.9885057471264368	0.9999997617283186	0.4628730048577377	0.5371269951422624	0.5371269951422624	HG006	ultima	-1	-2	ont	sentdhio
HIOv1_HG006_sup-PAY77227_0-ont-sentdhio-All	All	HIOv1_HG006_sup-PAY77227_0	2799325643.0	2795730943.0	1265.0	3593435.0	277007.0	0.9627238169079704	0.9996480930258436	0.9999009276779774	0.07156986204676365	0.9284301379532364	0.9284301379532364	HG006	ultima	-1	-2	ont	sentdhio
HIOv1_HG006_sup-PAY77227_0-ont-sentdhio-SNPts	SNPts	HIOv1_HG006_sup-PAY77227_0	3088286401.0	3086002182.0	1785.0	2282434.0	432299.0	0.9131649993838709	0.9992185512860194	0.9998599357923645	0.15924181125731335	0.8407581887426867	0.8407581887426867	HG006	hg38	-1	-2	ont	sentdhio
HIOv1_HG006_sup-PAY77227_0-ont-sentdhio-SNPtv	SNPtv	HIOv1_HG006_sup-PAY77227_0	3088286401.0	3087203364.0	1039.0	1081998.0	399584.0	0.8437884925597136	0.9990406606607161	0.9998705843961385	0.26970090079388115	0.7302990992061189	0.7302990992061189	HG006	hg38	-1	-2	ont	sentdhio
HIOv1_HG006_sup-PAY77227_0-ont-sentdhio-INS_50	INS_50	HIOv1_HG006_sup-PAY77227_0	3088286401.0	3088065642.0	696.0	220063.0	209578.0	0.67670049200492	0.9968472406561001	0.999932137524971	0.4877979522438501	0.51220204775615	0.5122020477561499	HG006	hg38	-1	-2	ont	sentdhio
HIOv1_HG006_sup-PAY77227_0-ont-sentdhio-INS_gt50	INS_gt50	HIOv1_HG006_sup-PAY77227_0	3088286401.0	3088286360.0	23.0	18.0	2755.0	0.01279317697228145	0.43902439024390244	0.9999991079203088	0.9935088351965381	0.006491164803461902	0.006491164803461955	HG006	hg38	-1	-2	ont	sentdhio
HIOv1_HG006_sup-PAY77227_0-ont-sentdhio-DEL_50	DEL_50	HIOv1_HG006_sup-PAY77227_0	3088286401.0	3088065208.0	470.0	220723.0	222780.0	0.6641321747084381	0.9978751587979728	0.9999278629451445	0.5023190373007623	0.4976809626992377	0.4976809626992377	HG006	hg38	-1	-2	ont	sentdhio
HIOv1_HG006_sup-PAY77227_0-ont-sentdhio-DEL_gt50	DEL_gt50	HIOv1_HG006_sup-PAY77227_0	3088286401.0	3088286363.0	30.0	8.0	3550.0	0.004449388209121246	0.21052631578947367	0.9999988504965207	0.9977515458122541	0.0022484541877458852	0.0022484541877459247	HG006	hg38	-1	-2	ont	sentdhio
HIOv1_HG006_sup-PAY77227_0-ont-sentdhio-Indel_50	Indel_50	HIOv1_HG006_sup-PAY77227_0	3088286401.0	3088258845.0	75.0	27481.0	53063.0	0.5084366327474561	0.9972782697053273	0.9999828181214914	0.6588076082638061	0.34119239173619387	0.34119239173619387	HG006	hg38	-1	-2	ont	sentdhio
HIOv1_HG006_sup-PAY77227_0-ont-sentdhio-Indel_gt50	Indel_gt50	HIOv1_HG006_sup-PAY77227_0	3088286401.0	3088285218.0	27.0	1156.0	2594.0	0.4686803162375836	0.9771766694843618	0.9999991600523792	0.6917333333333333	0.3082666666666667	0.3082666666666667	HG006	hg38	-1	-2	ont	sentdhio
HIOv1_HG006_sup-PAY77227_0-ont-sentdhio-All	All	HIOv1_HG006_sup-PAY77227_0	3088286401.0	3084448375.0	4145.0	3833881.0	1326203.0	0.8521525075821478	0.9989200177382852	0.9995702203882763	0.2570119013566446	0.7429880986433555	0.7429880986433555	HG006	hg38	-1	-2	ont	sentdhio
HIOv1_HG006_sup-PAY77227_0-ont-sentdhio-SNPts	SNPts	HIOv1_HG006_sup-PAY77227_0	2497573920.0	2495406075.0	356.0	2167489.0	585.0	0.9997829756506061	0.9998357816172282	0.999999765569272	0.00026982473845449926	0.9997301752615455	0.9997301752615455	HG006	giabHC_x_ultima	-1	-2	ont	sentdhio
HIOv1_HG006_sup-PAY77227_0-ont-sentdhio-SNPtv	SNPtv	HIOv1_HG006_sup-PAY77227_0	2497573920.0	2496557100.0	198.0	1016622.0	312.0	0.9997492322080251	0.9998052752699593	0.999999875027909	0.0003068045713881137	0.9996931954286119	0.9996931954286119	HG006	giabHC_x_ultima	-1	-2	ont	sentdhio
HIOv1_HG006_sup-PAY77227_0-ont-sentdhio-INS_50	INS_50	HIOv1_HG006_sup-PAY77227_0	2497573920.0	2497428341.0	78.0	145501.0	62.0	0.9995191349925466	0.9994642084366564	0.9999999751744635	0.0004259324141437041	0.9995740675858563	0.9995740675858563	HG006	giabHC_x_ultima	-1	-2	ont	sentdhio
HIOv1_HG006_sup-PAY77227_0-ont-sentdhio-INS_gt50	INS_gt50	HIOv1_HG006_sup-PAY77227_0	2497573920.0	2497573916.0	0.0	4.0	0.0	1.0	1.0	1.0	0.0	1.0	1.0	HG006	giabHC_x_ultima	-1	-2	ont	sentdhio
HIOv1_HG006_sup-PAY77227_0-ont-sentdhio-DEL_50	DEL_50	HIOv1_HG006_sup-PAY77227_0	2497573920.0	2497422582.0	56.0	151282.0	55.0	0.9996332700090856	0.9996299673578348	0.9999999779772958	0.00036342731784031666	0.9996365726821597	0.9996365726821597	HG006	giabHC_x_ultima	-1	-2	ont	sentdhio
HIOv1_HG006_sup-PAY77227_0-ont-sentdhio-DEL_gt50	DEL_gt50	HIOv1_HG006_sup-PAY77227_0	2497573920.0	2497573919.0	0.0	1.0	1.0	0.6666666666666666	1.0	0.9999999995996115	0.5	0.5	0.5	HG006	giabHC_x_ultima	-1	-2	ont	sentdhio
HIOv1_HG006_sup-PAY77227_0-ont-sentdhio-Indel_50	Indel_50	HIOv1_HG006_sup-PAY77227_0	2497573920.0	2497562044.0	3.0	11873.0	3.0	0.9997473896934995	0.9997473896934995	0.9999999987988286	0.0002526103065005052	0.9997473896934995	0.9997473896934995	HG006	giabHC_x_ultima	-1	-2	ont	sentdhio
HIOv1_HG006_sup-PAY77227_0-ont-sentdhio-Indel_gt50	Indel_gt50	HIOv1_HG006_sup-PAY77227_0	2497573920.0	2497573634.0	0.0	286.0	0.0	1.0	1.0	1.0	0.0	1.0	1.0	HG006	giabHC_x_ultima	-1	-2	ont	sentdhio
HIOv1_HG006_sup-PAY77227_0-ont-sentdhio-All	All	HIOv1_HG006_sup-PAY77227_0	2497573920.0	2494080171.0	691.0	3493058.0	1018.0	0.9997554317688265	0.9998022181902593	0.9999995918336563	0.00029135027400663293	0.9997086497259934	0.9997086497259934	HG006	giabHC_x_ultima	-1	-2	ont	sentdhio
HIOv1_HG006_sup-PAY77227_0-ont-sentdhio-SNPts	SNPts	HIOv1_HG006_sup-PAY77227_0	377862616.0	377594747.0	343.0	267526.0	38829.0	0.9317827189389507	0.9987195233490997	0.999897178104735	0.1267451159602422	0.8732548840397578	0.8732548840397578	HG006	clinvar_genes	-1	-2	ont	sentdhio
HIOv1_HG006_sup-PAY77227_0-ont-sentdhio-SNPtv	SNPtv	HIOv1_HG006_sup-PAY77227_0	377862616.0	377741204.0	185.0	121227.0	23946.0	0.9094810285649981	0.9984762626429019	0.9999366114105549	0.16494802752577958	0.8350519724742205	0.8350519724742204	HG006	clinvar_genes	-1	-2	ont	sentdhio
HIOv1_HG006_sup-PAY77227_0-ont-sentdhio-INS_50	INS_50	HIOv1_HG006_sup-PAY77227_0	377862616.0	377837143.0	80.0	25393.0	22255.0	0.6945473940454863	0.9968594197778039	0.9999411024309101	0.4670710208193418	0.5329289791806582	0.5329289791806582	HG006	clinvar_genes	-1	-2	ont	sentdhio
HIOv1_HG006_sup-PAY77227_0-ont-sentdhio-INS_gt50	INS_gt50	HIOv1_HG006_sup-PAY77227_0	377862616.0	377862607.0	4.0	5.0	359.0	0.026809651474530835	0.5555555555555556	0.9999990499201237	0.9862637362637363	0.013736263736263687	0.013736263736263736	HG006	clinvar_genes	-1	-2	ont	sentdhio
HIOv1_HG006_sup-PAY77227_0-ont-sentdhio-DEL_50	DEL_50	HIOv1_HG006_sup-PAY77227_0	377862616.0	377837091.0	46.0	25479.0	23284.0	0.6859519707085936	0.9981978452497552	0.9999383793550726	0.477493181305498	0.522506818694502	0.522506818694502	HG006	clinvar_genes	-1	-2	ont	sentdhio
HIOv1_HG006_sup-PAY77227_0-ont-sentdhio-DEL_gt50	DEL_gt50	HIOv1_HG006_sup-PAY77227_0	377862616.0	377862610.0	3.0	3.0	509.0	0.011583011583011582	0.5	0.9999986529513615	0.994140625	0.005859375	0.005859375	HG006	clinvar_genes	-1	-2	ont	sentdhio
HIOv1_HG006_sup-PAY77227_0-ont-sentdhio-Indel_50	Indel_50	HIOv1_HG006_sup-PAY77227_0	377862616.0	377860030.0	13.0	2573.0	5493.0	0.4831017649267743	0.9949729311678268	0.9999854630823252	0.6810066947681627	0.31899330523183733	0.31899330523183733	HG006	clinvar_genes	-1	-2	ont	sentdhio
HIOv1_HG006_sup-PAY77227_0-ont-sentdhio-Indel_gt50	Indel_gt50	HIOv1_HG006_sup-PAY77227_0	377862616.0	377862509.0	1.0	106.0	302.0	0.4116504854368932	0.9906542056074766	0.9999992007681328	0.7401960784313726	0.2598039215686274	0.25980392156862747	HG006	clinvar_genes	-1	-2	ont	sentdhio
HIOv1_HG006_sup-PAY77227_0-ont-sentdhio-All	All	HIOv1_HG006_sup-PAY77227_0	377862616.0	377419629.0	675.0	442312.0	114977.0	0.8843799111445241	0.9984762532534814	0.9996954530838426	0.2063148563851072	0.7936851436148928	0.7936851436148928	HG006	clinvar_genes	-1	-2	ont	sentdhio
HIOv1_HG006_sup-PAY77227_0-ont-sentdhio-SNPts	SNPts	HIOv1_HG006_sup-PAY77227_0	2518942743.0	2516724679.0	1023.0	2217041.0	1114.0	0.9995182834751846	0.9995387869781936	0.9999995573613927	0.0005022191866663961	0.9994977808133336	0.9994977808133336	HG006	giabHC	-1	-2	ont	sentdhio
HIOv1_HG006_sup-PAY77227_0-ont-sentdhio-SNPtv	SNPtv	HIOv1_HG006_sup-PAY77227_0	2518942743.0	2517892197.0	592.0	1049954.0	566.0	0.9994488512021993	0.999436483504768	0.9999997752088539	0.0005387807942733123	0.9994612192057267	0.9994612192057267	HG006	giabHC	-1	-2	ont	sentdhio
HIOv1_HG006_sup-PAY77227_0-ont-sentdhio-INS_50	INS_50	HIOv1_HG006_sup-PAY77227_0	2518942743.0	2518740597.0	239.0	201907.0	158.0	0.9990178396926357	0.9988176862267866	0.9999999372702412	0.000781926607774726	0.9992180733922252	0.9992180733922252	HG006	giabHC	-1	-2	ont	sentdhio
HIOv1_HG006_sup-PAY77227_0-ont-sentdhio-INS_gt50	INS_gt50	HIOv1_HG006_sup-PAY77227_0	2518942743.0	2518942733.0	2.0	8.0	1.0	0.8421052631578948	0.8	0.999999999603008	0.1111111111111111	0.8888888888888888	0.8888888888888888	HG006	giabHC	-1	-2	ont	sentdhio
HIOv1_HG006_sup-PAY77227_0-ont-sentdhio-DEL_50	DEL_50	HIOv1_HG006_sup-PAY77227_0	2518942743.0	2518738915.0	168.0	203660.0	163.0	0.9991880309382289	0.9991757756539827	0.9999999352850791	0.0007997134768892618	0.9992002865231108	0.9992002865231108	HG006	giabHC	-1	-2	ont	sentdhio
HIOv1_HG006_sup-PAY77227_0-ont-sentdhio-DEL_gt50	DEL_gt50	HIOv1_HG006_sup-PAY77227_0	2518942743.0	2518942742.0	0.0	1.0	1.0	0.6666666666666666	1.0	0.999999999603008	0.5	0.5	0.5	HG006	giabHC	-1	-2	ont	sentdhio
HIOv1_HG006_sup-PAY77227_0-ont-sentdhio-Indel_50	Indel_50	HIOv1_HG006_sup-PAY77227_0	2518942743.0	2518920789.0	23.0	21931.0	16.0	0.9991116375481196	0.9989523549239319	0.9999999936480735	0.0007290290244680366	0.999270970975532	0.999270970975532	HG006	giabHC	-1	-2	ont	sentdhio
HIOv1_HG006_sup-PAY77227_0-ont-sentdhio-Indel_gt50	Indel_gt50	HIOv1_HG006_sup-PAY77227_0	2518942743.0	2518942388.0	1.0	354.0	0.0	0.998589562764457	0.9971830985915493	1.0	0.0	1.0	1.0	HG006	giabHC	-1	-2	ont	sentdhio
HIOv1_HG006_sup-PAY77227_0-ont-sentdhio-All	All	HIOv1_HG006_sup-PAY77227_0	2518942743.0	2515245839.0	2048.0	3694856.0	2019.0	0.9994499429858534	0.9994460229424404	0.9999991972958078	0.0005461369399830939	0.9994538630600169	0.9994538630600169	HG006	giabHC	-1	-2	ont	sentdhio
HIOv1_HG006_sup-PAY77227_0-ont-sentdhio-SNPts	SNPts	HIOv1_HG006_sup-PAY77227_0	336562667.0	336302202.0	202.0	260263.0	193.0	0.9992417276324048	0.9992244639394928	0.999999426111729	0.0007410080781398777	0.9992589919218601	0.9992589919218601	HG006	giabHC_x_clinvar_genes	-1	-2	ont	sentdhio
HIOv1_HG006_sup-PAY77227_0-ont-sentdhio-SNPtv	SNPtv	HIOv1_HG006_sup-PAY77227_0	336562667.0	336444943.0	123.0	117601.0	84.0	0.999120679328318	0.9989551833101152	0.9999997503306833	0.0007137698092365213	0.9992862301907635	0.9992862301907635	HG006	giabHC_x_clinvar_genes	-1	-2	ont	sentdhio
HIOv1_HG006_sup-PAY77227_0-ont-sentdhio-INS_50	INS_50	HIOv1_HG006_sup-PAY77227_0	336562667.0	336539275.0	33.0	23359.0	24.0	0.9987814003206842	0.9985892612859097	0.9999999286858917	0.0010263866911859043	0.9989736133088141	0.9989736133088141	HG006	giabHC_x_clinvar_genes	-1	-2	ont	sentdhio
HIOv1_HG006_sup-PAY77227_0-ont-sentdhio-INS_gt50	INS_gt50	HIOv1_HG006_sup-PAY77227_0	336562667.0	336562664.0	0.0	3.0	1.0	0.8571428571428571	1.0	0.9999999970287852	0.25	0.75	0.75	HG006	giabHC_x_clinvar_genes	-1	-2	ont	sentdhio
HIOv1_HG006_sup-PAY77227_0-ont-sentdhio-DEL_50	DEL_50	HIOv1_HG006_sup-PAY77227_0	336562667.0	336539005.0	17.0	23645.0	19.0	0.9992393187676964	0.999281548474347	0.9999999435429515	0.0008029073698444895	0.9991970926301555	0.9991970926301555	HG006	giabHC_x_clinvar_genes	-1	-2	ont	sentdhio
HIOv1_HG006_sup-PAY77227_0-ont-sentdhio-DEL_gt50	DEL_gt50	HIOv1_HG006_sup-PAY77227_0	336562667.0	336562667.0	0.0	0.0	1.0			0.9999999970287852	1.0	0.0	0.0	HG006	giabHC_x_clinvar_genes	-1	-2	ont	sentdhio
HIOv1_HG006_sup-PAY77227_0-ont-sentdhio-Indel_50	Indel_50	HIOv1_HG006_sup-PAY77227_0	336562667.0	336560646.0	2.0	2019.0	4.0	0.9985163204747776	0.9990103908955963	0.9999999881150693	0.001977261492832427	0.9980227385071676	0.9980227385071676	HG006	giabHC_x_clinvar_genes	-1	-2	ont	sentdhio
HIOv1_HG006_sup-PAY77227_0-ont-sentdhio-Indel_gt50	Indel_gt50	HIOv1_HG006_sup-PAY77227_0	336562667.0	336562640.0	0.0	27.0	0.0	1.0	1.0	1.0	0.0	1.0	1.0	HG006	giabHC_x_clinvar_genes	-1	-2	ont	sentdhio
HIOv1_HG006_sup-PAY77227_0-ont-sentdhio-All	All	HIOv1_HG006_sup-PAY77227_0	336562667.0	336135373.0	377.0	426917.0	326.0	0.9991773322863726	0.9991177035015704	0.9999990301535928	0.0007630318109366332	0.9992369681890634	0.9992369681890634	HG006	giabHC_x_clinvar_genes	-1	-2	ont	sentdhio
HIOv1_HG006_sup-PAY77227_0-ont-sentdhio-SNPts	SNPts	HIOv1_HG006_sup-PAY77227_0	331588110.0	331336497.0	76.0	251537.0	81.0	0.9996880160403472	0.9996979488341222	0.9999997555355932	0.00032191655604924923	0.9996780834439507	0.9996780834439507	HG006	giabHC_x_ultima_x_clinvar	-1	-2	ont	sentdhio
HIOv1_HG006_sup-PAY77227_0-ont-sentdhio-SNPtv	SNPtv	HIOv1_HG006_sup-PAY77227_0	331588110.0	331475837.0	34.0	112239.0	35.0	0.9996927146655266	0.9996971667275302	0.999999894411621	0.0003117373568234854	0.9996882626431766	0.9996882626431766	HG006	giabHC_x_ultima_x_clinvar	-1	-2	ont	sentdhio
HIOv1_HG006_sup-PAY77227_0-ont-sentdhio-INS_50	INS_50	HIOv1_HG006_sup-PAY77227_0	331588110.0	331571552.0	13.0	16545.0	10.0	0.9993054087518496	0.9992148810242782	0.9999999698405981	0.0006040471156750226	0.9993959528843249	0.9993959528843249	HG006	giabHC_x_ultima_x_clinvar	-1	-2	ont	sentdhio
HIOv1_HG006_sup-PAY77227_0-ont-sentdhio-INS_gt50	INS_gt50	HIOv1_HG006_sup-PAY77227_0	331588110.0	331588109.0	0.0	1.0	0.0	1.0	1.0	1.0	0.0	1.0	1.0	HG006	giabHC_x_ultima_x_clinvar	-1	-2	ont	sentdhio
HIOv1_HG006_sup-PAY77227_0-ont-sentdhio-DEL_50	DEL_50	HIOv1_HG006_sup-PAY77227_0	331588110.0	331570496.0	6.0	17608.0	6.0	0.9996593618712388	0.9996593618712388	0.999999981904301	0.00034063812876121267	0.9996593618712388	0.9996593618712388	HG006	giabHC_x_ultima_x_clinvar	-1	-2	ont	sentdhio
HIOv1_HG006_sup-PAY77227_0-ont-sentdhio-DEL_gt50	DEL_gt50	HIOv1_HG006_sup-PAY77227_0	331588110.0	331588110.0	0.0	0.0	1.0			0.9999999969842104	1.0	0.0	0.0	HG006	giabHC_x_ultima_x_clinvar	-1	-2	ont	sentdhio
HIOv1_HG006_sup-PAY77227_0-ont-sentdhio-Indel_50	Indel_50	HIOv1_HG006_sup-PAY77227_0	331588110.0	331587072.0	0.0	1038.0	1.0	0.9995185363505055	1.0	0.9999999969842008	0.0009624639076034649	0.9990375360923965	0.9990375360923965	HG006	giabHC_x_ultima_x_clinvar	-1	-2	ont	sentdhio
HIOv1_HG006_sup-PAY77227_0-ont-sentdhio-Indel_gt50	Indel_gt50	HIOv1_HG006_sup-PAY77227_0	331588110.0	331588088.0	0.0	22.0	0.0	1.0	1.0	1.0	0.0	1.0	1.0	HG006	giabHC_x_ultima_x_clinvar	-1	-2	ont	sentdhio
HIOv1_HG006_sup-PAY77227_0-ont-sentdhio-All	All	HIOv1_HG006_sup-PAY77227_0	331588110.0	331188991.0	129.0	398990.0	134.0	0.9996705263935919	0.9996767881258471	0.9999995953973428	0.00033573526021988154	0.9996642647397801	0.9996642647397801	HG006	giabHC_x_ultima_x_clinvar	-1	-2	ont	sentdhio
HIOv1_HG006_sup-PBA16846_0-ont-sentdhio-SNPts	SNPts	HIOv1_HG006_sup-PBA16846_0	2518942743.0	2516724676.0	963.0	2217104.0	993.0	0.9995590785191891	0.9995658381825256	0.9999996054397139	0.0004476810527222209	0.9995523189472778	0.9995523189472778	HG006	giabHC	-1	-2	ont	sentdhio
HIOv1_HG006_sup-PBA16846_0-ont-sentdhio-SNPtv	SNPtv	HIOv1_HG006_sup-PBA16846_0	2518942743.0	2517892205.0	550.0	1049988.0	534.0	0.9994840699456465	0.9994764587287657	0.9999997879178919	0.0005083187215498581	0.9994916812784501	0.9994916812784501	HG006	giabHC	-1	-2	ont	sentdhio
HIOv1_HG006_sup-PBA16846_0-ont-sentdhio-INS_50	INS_50	HIOv1_HG006_sup-PBA16846_0	2518942743.0	2518740598.0	234.0	201911.0	145.0	0.9990623476933507	0.9988424150980731	0.9999999424315502	0.0007176228372332423	0.9992823771627668	0.9992823771627668	HG006	giabHC	-1	-2	ont	sentdhio
HIOv1_HG006_sup-PBA16846_0-ont-sentdhio-INS_gt50	INS_gt50	HIOv1_HG006_sup-PBA16846_0	2518942743.0	2518942733.0	2.0	8.0	1.0	0.8421052631578948	0.8	0.999999999603008	0.1111111111111111	0.8888888888888888	0.8888888888888888	HG006	giabHC	-1	-2	ont	sentdhio
HIOv1_HG006_sup-PBA16846_0-ont-sentdhio-DEL_50	DEL_50	HIOv1_HG006_sup-PBA16846_0	2518942743.0	2518738885.0	159.0	203699.0	164.0	0.999207791602591	0.9992200453256679	0.9999999348880544	0.00080446181994771	0.9991955381800522	0.9991955381800522	HG006	giabHC	-1	-2	ont	sentdhio
HIOv1_HG006_sup-PBA16846_0-ont-sentdhio-DEL_gt50	DEL_gt50	HIOv1_HG006_sup-PBA16846_0	2518942743.0	2518942742.0	0.0	1.0	0.0	1.0	1.0	1.0	0.0	1.0	1.0	HG006	giabHC	-1	-2	ont	sentdhio
HIOv1_HG006_sup-PBA16846_0-ont-sentdhio-Indel_50	Indel_50	HIOv1_HG006_sup-PBA16846_0	2518942743.0	2518920813.0	25.0	21905.0	16.0	0.9990650156210804	0.998860009119927	0.9999999936480735	0.0007298937092285936	0.9992701062907714	0.9992701062907714	HG006	giabHC	-1	-2	ont	sentdhio
HIOv1_HG006_sup-PBA16846_0-ont-sentdhio-Indel_gt50	Indel_gt50	HIOv1_HG006_sup-PBA16846_0	2518942743.0	2518942388.0	1.0	354.0	0.0	0.998589562764457	0.9971830985915493	1.0	0.0	1.0	1.0	HG006	giabHC	-1	-2	ont	sentdhio
HIOv1_HG006_sup-PBA16846_0-ont-sentdhio-All	All	HIOv1_HG006_sup-PBA16846_0	2518942743.0	2515245839.0	1934.0	3694970.0	1853.0	0.9994878090575972	0.9994768595559961	0.9999992632932312	0.0005012412008906026	0.9994987587991094	0.9994987587991094	HG006	giabHC	-1	-2	ont	sentdhio
HIOv1_HG006_sup-PBA16846_0-ont-sentdhio-SNPts	SNPts	HIOv1_HG006_sup-PBA16846_0	336562667.0	336302202.0	164.0	260301.0	173.0	0.9993530912448483	0.9993703568617665	0.9999994855819856	0.0006641737755015856	0.9993358262244985	0.9993358262244985	HG006	giabHC_x_clinvar_genes	-1	-2	ont	sentdhio
HIOv1_HG006_sup-PBA16846_0-ont-sentdhio-SNPtv	SNPtv	HIOv1_HG006_sup-PBA16846_0	336562667.0	336444943.0	96.0	117628.0	88.0	0.9992184845395854	0.9991845333152118	0.9999997384416713	0.0007475619287097761	0.9992524380712903	0.9992524380712903	HG006	giabHC_x_clinvar_genes	-1	-2	ont	sentdhio
HIOv1_HG006_sup-PBA16846_0-ont-sentdhio-INS_50	INS_50	HIOv1_HG006_sup-PBA16846_0	336562667.0	336539275.0	28.0	23364.0	23.0	0.9989097672032323	0.9988030095759234	0.9999999316573127	0.0009834523453200496	0.99901654765468	0.99901654765468	HG006	giabHC_x_clinvar_genes	-1	-2	ont	sentdhio
HIOv1_HG006_sup-PBA16846_0-ont-sentdhio-INS_gt50	INS_gt50	HIOv1_HG006_sup-PBA16846_0	336562667.0	336562664.0	0.0	3.0	1.0	0.8571428571428571	1.0	0.9999999970287852	0.25	0.75	0.75	HG006	giabHC_x_clinvar_genes	-1	-2	ont	sentdhio
HIOv1_HG006_sup-PBA16846_0-ont-sentdhio-DEL_50	DEL_50	HIOv1_HG006_sup-PBA16846_0	336562667.0	336539003.0	16.0	23648.0	27.0	0.9990916580409388	0.9993238674780257	0.9999999197715641	0.0011404435058078141	0.9988595564941922	0.9988595564941922	HG006	giabHC_x_clinvar_genes	-1	-2	ont	sentdhio
HIOv1_HG006_sup-PBA16846_0-ont-sentdhio-DEL_gt50	DEL_gt50	HIOv1_HG006_sup-PBA16846_0	336562667.0	336562667.0	0.0	0.0	0.0			1.0				HG006	giabHC_x_clinvar_genes	-1	-2	ont	sentdhio
HIOv1_HG006_sup-PBA16846_0-ont-sentdhio-Indel_50	Indel_50	HIOv1_HG006_sup-PBA16846_0	336562667.0	336560648.0	2.0	2017.0	4.0	0.9985148514851484	0.9990094105993066	0.9999999881150694	0.0019792182088075212	0.9980207817911925	0.9980207817911925	HG006	giabHC_x_clinvar_genes	-1	-2	ont	sentdhio
HIOv1_HG006_sup-PBA16846_0-ont-sentdhio-Indel_gt50	Indel_gt50	HIOv1_HG006_sup-PBA16846_0	336562667.0	336562640.0	0.0	27.0	0.0	1.0	1.0	1.0	0.0	1.0	1.0	HG006	giabHC_x_clinvar_genes	-1	-2	ont	sentdhio
HIOv1_HG006_sup-PBA16846_0-ont-sentdhio-All	All	HIOv1_HG006_sup-PBA16846_0	336562667.0	336135373.0	306.0	426988.0	316.0	0.9992721724132282	0.9992838654415929	0.9999990599034546	0.0007395203414898994	0.9992604796585101	0.9992604796585101	HG006	giabHC_x_clinvar_genes	-1	-2	ont	sentdhio
HIOv1_HG006_sup-PBA16846_0-ont-sentdhio-SNPts	SNPts	HIOv1_HG006_sup-PBA16846_0	2497573920.0	2495406074.0	322.0	2167524.0	496.0	0.9998113410331407	0.9998514654638752	0.9999998012347944	0.0002287801773046374	0.9997712198226953	0.9997712198226953	HG006	giabHC_x_ultima	-1	-2	ont	sentdhio
HIOv1_HG006_sup-PBA16846_0-ont-sentdhio-SNPtv	SNPtv	HIOv1_HG006_sup-PBA16846_0	2497573920.0	2496557100.0	188.0	1016632.0	277.0	0.9997713559672897	0.9998151098522846	0.9999998890472126	0.0002723940883599221	0.9997276059116401	0.9997276059116401	HG006	giabHC_x_ultima	-1	-2	ont	sentdhio
HIOv1_HG006_sup-PBA16846_0-ont-sentdhio-INS_50	INS_50	HIOv1_HG006_sup-PBA16846_0	2497573920.0	2497428340.0	83.0	145497.0	53.0	0.9995328547384329	0.9994298667399368	0.9999999787781704	0.00036413603572655446	0.9996358639642734	0.9996358639642734	HG006	giabHC_x_ultima	-1	-2	ont	sentdhio
HIOv1_HG006_sup-PBA16846_0-ont-sentdhio-INS_gt50	INS_gt50	HIOv1_HG006_sup-PBA16846_0	2497573920.0	2497573916.0	0.0	4.0	0.0	1.0	1.0	1.0	0.0	1.0	1.0	HG006	giabHC_x_ultima	-1	-2	ont	sentdhio
HIOv1_HG006_sup-PBA16846_0-ont-sentdhio-DEL_50	DEL_50	HIOv1_HG006_sup-PBA16846_0	2497573920.0	2497422574.0	48.0	151298.0	51.0	0.9996729381060143	0.9996828459291953	0.9999999795789469	0.00033696952077648347	0.9996630304792236	0.9996630304792236	HG006	giabHC_x_ultima	-1	-2	ont	sentdhio
HIOv1_HG006_sup-PBA16846_0-ont-sentdhio-DEL_gt50	DEL_gt50	HIOv1_HG006_sup-PBA16846_0	2497573920.0	2497573919.0	0.0	1.0	0.0	1.0	1.0	1.0	0.0	1.0	1.0	HG006	giabHC_x_ultima	-1	-2	ont	sentdhio
HIOv1_HG006_sup-PBA16846_0-ont-sentdhio-Indel_50	Indel_50	HIOv1_HG006_sup-PBA16846_0	2497573920.0	2497562050.0	3.0	11867.0	3.0	0.9997472620050548	0.9997472620050548	0.9999999987988286	0.0002527379949452401	0.9997472620050548	0.9997472620050548	HG006	giabHC_x_ultima	-1	-2	ont	sentdhio
HIOv1_HG006_sup-PBA16846_0-ont-sentdhio-Indel_gt50	Indel_gt50	HIOv1_HG006_sup-PBA16846_0	2497573920.0	2497573634.0	0.0	286.0	0.0	1.0	1.0	1.0	0.0	1.0	1.0	HG006	giabHC_x_ultima	-1	-2	ont	sentdhio
HIOv1_HG006_sup-PBA16846_0-ont-sentdhio-All	All	HIOv1_HG006_sup-PBA16846_0	2497573920.0	2494080167.0	644.0	3493109.0	880.0	0.9997819037966771	0.9998156709990661	0.9999996471646336	0.0002518611249205421	0.9997481388750794	0.9997481388750794	HG006	giabHC_x_ultima	-1	-2	ont	sentdhio
HIOv1_HG006_sup-PBA16846_0-ont-sentdhio-SNPts	SNPts	HIOv1_HG006_sup-PBA16846_0	331588110.0	331336497.0	63.0	251550.0	57.0	0.9997615357100275	0.9997496154809171	0.9999998279694791	0.00022654377660398956	0.999773456223396	0.999773456223396	HG006	giabHC_x_ultima_x_clinvar	-1	-2	ont	sentdhio
HIOv1_HG006_sup-PBA16846_0-ont-sentdhio-SNPtv	SNPtv	HIOv1_HG006_sup-PBA16846_0	331588110.0	331475837.0	32.0	112241.0	31.0	0.9997194326304304	0.9997149804494402	0.9999999064788632	0.0002761151489240416	0.999723884851076	0.999723884851076	HG006	giabHC_x_ultima_x_clinvar	-1	-2	ont	sentdhio
HIOv1_HG006_sup-PBA16846_0-ont-sentdhio-INS_50	INS_50	HIOv1_HG006_sup-PBA16846_0	331588110.0	331571552.0	14.0	16544.0	8.0	0.9993355481727576	0.9991544872569151	0.9999999758724784	0.0004833252779120348	0.9995166747220879	0.9995166747220879	HG006	giabHC_x_ultima_x_clinvar	-1	-2	ont	sentdhio
HIOv1_HG006_sup-PBA16846_0-ont-sentdhio-INS_gt50	INS_gt50	HIOv1_HG006_sup-PBA16846_0	331588110.0	331588109.0	0.0	1.0	0.0	1.0	1.0	1.0	0.0	1.0	1.0	HG006	giabHC_x_ultima_x_clinvar	-1	-2	ont	sentdhio
HIOv1_HG006_sup-PBA16846_0-ont-sentdhio-DEL_50	DEL_50	HIOv1_HG006_sup-PBA16846_0	331588110.0	331570496.0	4.0	17610.0	9.0	0.9996310277296853	0.9997729079141592	0.9999999728564517	0.000510812191384301	0.9994891878086157	0.9994891878086157	HG006	giabHC_x_ultima_x_clinvar	-1	-2	ont	sentdhio
HIOv1_HG006_sup-PBA16846_0-ont-sentdhio-DEL_gt50	DEL_gt50	HIOv1_HG006_sup-PBA16846_0	331588110.0	331588110.0	0.0	0.0	0.0			1.0				HG006	giabHC_x_ultima_x_clinvar	-1	-2	ont	sentdhio
HIOv1_HG006_sup-PBA16846_0-ont-sentdhio-Indel_50	Indel_50	HIOv1_HG006_sup-PBA16846_0	331588110.0	331587072.0	0.0	1038.0	1.0	0.9995185363505055	1.0	0.9999999969842008	0.0009624639076034649	0.9990375360923965	0.9990375360923965	HG006	giabHC_x_ultima_x_clinvar	-1	-2	ont	sentdhio
HIOv1_HG006_sup-PBA16846_0-ont-sentdhio-Indel_gt50	Indel_gt50	HIOv1_HG006_sup-PBA16846_0	331588110.0	331588088.0	0.0	22.0	0.0	1.0	1.0	1.0	0.0	1.0	1.0	HG006	giabHC_x_ultima_x_clinvar	-1	-2	ont	sentdhio
HIOv1_HG006_sup-PBA16846_0-ont-sentdhio-All	All	HIOv1_HG006_sup-PBA16846_0	331588110.0	331188991.0	113.0	399006.0	106.0	0.9997256433288108	0.9997168764203157	0.9999996799411546	0.0002655896089318287	0.9997344103910681	0.9997344103910681	HG006	giabHC_x_ultima_x_clinvar	-1	-2	ont	sentdhio
HIOv1_HG006_sup-PBA16846_0-ont-sentdhio-SNPts	SNPts	HIOv1_HG006_sup-PBA16846_0	377862616.0	377594747.0	292.0	267577.0	38492.0	0.9324247566810352	0.9989099149210995	0.999898070413235	0.125762491464343	0.874237508535657	0.874237508535657	HG006	clinvar_genes	-1	-2	ont	sentdhio
HIOv1_HG006_sup-PBA16846_0-ont-sentdhio-SNPtv	SNPtv	HIOv1_HG006_sup-PBA16846_0	377862616.0	377741205.0	157.0	121254.0	24000.0	0.9094106838167738	0.9987068717002578	0.9999364684738501	0.16522780784005947	0.8347721921599405	0.8347721921599405	HG006	clinvar_genes	-1	-2	ont	sentdhio
HIOv1_HG006_sup-PBA16846_0-ont-sentdhio-INS_50	INS_50	HIOv1_HG006_sup-PBA16846_0	377862616.0	377837141.0	78.0	25397.0	22291.0	0.6942580265981438	0.9969381746810598	0.9999410071626847	0.46743415534306326	0.5325658446569368	0.5325658446569368	HG006	clinvar_genes	-1	-2	ont	sentdhio
HIOv1_HG006_sup-PBA16846_0-ont-sentdhio-INS_gt50	INS_gt50	HIOv1_HG006_sup-PBA16846_0	377862616.0	377862607.0	4.0	5.0	366.0	0.02631578947368421	0.5555555555555556	0.9999990313949073	0.9865229110512129	0.013477088948787075	0.013477088948787063	HG006	clinvar_genes	-1	-2	ont	sentdhio
HIOv1_HG006_sup-PBA16846_0-ont-sentdhio-DEL_50	DEL_50	HIOv1_HG006_sup-PBA16846_0	377862616.0	377837089.0	43.0	25484.0	23304.0	0.6858373141357734	0.998315509068829	0.9999383264284066	0.47765844060014756	0.5223415593998524	0.5223415593998524	HG006	clinvar_genes	-1	-2	ont	sentdhio
HIOv1_HG006_sup-PBA16846_0-ont-sentdhio-DEL_gt50	DEL_gt50	HIOv1_HG006_sup-PBA16846_0	377862616.0	377862610.0	4.0	2.0	509.0	0.007736943907156673	0.3333333333333333	0.9999986529513615	0.9960861056751468	0.003913894324853229	0.003913894324853229	HG006	clinvar_genes	-1	-2	ont	sentdhio
HIOv1_HG006_sup-PBA16846_0-ont-sentdhio-Indel_50	Indel_50	HIOv1_HG006_sup-PBA16846_0	377862616.0	377860034.0	12.0	2570.0	5470.0	0.4839013368480512	0.9953524399690162	0.9999855239498125	0.6803482587064676	0.31965174129353235	0.31965174129353235	HG006	clinvar_genes	-1	-2	ont	sentdhio
HIOv1_HG006_sup-PBA16846_0-ont-sentdhio-Indel_gt50	Indel_gt50	HIOv1_HG006_sup-PBA16846_0	377862616.0	377862508.0	1.0	107.0	306.0	0.4107485604606525	0.9907407407407407	0.9999991901822867	0.7409200968523002	0.2590799031476998	0.25907990314769974	HG006	clinvar_genes	-1	-2	ont	sentdhio
HIOv1_HG006_sup-PBA16846_0-ont-sentdhio-All	All	HIOv1_HG006_sup-PBA16846_0	377862616.0	377419629.0	591.0	442396.0	114738.0	0.8846849531206724	0.998665875070826	0.9996960859459981	0.20594327396999645	0.7940567260300035	0.7940567260300035	HG006	clinvar_genes	-1	-2	ont	sentdhio
HIOv1_HG006_sup-PBA16846_0-ont-sentdhio-SNPts	SNPts	HIOv1_HG006_sup-PBA16846_0	2799325643.0	2797104421.0	550.0	2220672.0	118166.0	0.9739661320245785	0.9997523885500864	0.9999577559538704	0.050523379558567116	0.9494766204414329	0.9494766204414329	HG006	ultima	-1	-2	ont	sentdhio
HIOv1_HG006_sup-PBA16846_0-ont-sentdhio-SNPtv	SNPtv	HIOv1_HG006_sup-PBA16846_0	2799325643.0	2798283977.0	288.0	1041378.0	72561.0	0.9662048473630374	0.9997235198230527	0.9999740701375915	0.06513911443983916	0.9348608855601608	0.9348608855601608	HG006	ultima	-1	-2	ont	sentdhio
HIOv1_HG006_sup-PBA16846_0-ont-sentdhio-INS_50	INS_50	HIOv1_HG006_sup-PBA16846_0	2799325643.0	2799170552.0	167.0	154924.0	32006.0	0.90593267664851	0.9989232128234391	0.9999885660293113	0.1712191729524421	0.8287808270475578	0.828780827047558	HG006	ultima	-1	-2	ont	sentdhio
HIOv1_HG006_sup-PBA16846_0-ont-sentdhio-INS_gt50	INS_gt50	HIOv1_HG006_sup-PBA16846_0	2799325643.0	2799325623.0	10.0	10.0	629.0	0.030349013657056147	0.5	0.9999997753030753	0.9843505477308294	0.015649452269170583	0.01564945226917058	HG006	ultima	-1	-2	ont	sentdhio
HIOv1_HG006_sup-PBA16846_0-ont-sentdhio-DEL_50	DEL_50	HIOv1_HG006_sup-PBA16846_0	2799325643.0	2799164613.0	144.0	160886.0	46139.0	0.8742497724524868	0.9991057566912998	0.9999835171396197	0.22286680352614419	0.7771331964738558	0.7771331964738558	HG006	ultima	-1	-2	ont	sentdhio
HIOv1_HG006_sup-PBA16846_0-ont-sentdhio-DEL_gt50	DEL_gt50	HIOv1_HG006_sup-PBA16846_0	2799325643.0	2799325618.0	21.0	4.0	1653.0	0.0047562425683709865	0.16	0.9999994095009836	0.9975859987929994	0.002414001207000638	0.0024140012070006035	HG006	ultima	-1	-2	ont	sentdhio
HIOv1_HG006_sup-PBA16846_0-ont-sentdhio-Indel_50	Indel_50	HIOv1_HG006_sup-PBA16846_0	2799325643.0	2799310765.0	8.0	14870.0	5231.0	0.8502244203665056	0.9994622933189945	0.999998131329222	0.2602358091637232	0.7397641908362769	0.7397641908362768	HG006	ultima	-1	-2	ont	sentdhio
HIOv1_HG006_sup-PBA16846_0-ont-sentdhio-Indel_gt50	Indel_gt50	HIOv1_HG006_sup-PBA16846_0	2799325643.0	2799324860.0	8.0	775.0	664.0	0.6975697569756976	0.9897828863346104	0.9999997628000051	0.46143154968728284	0.5385684503127172	0.5385684503127172	HG006	ultima	-1	-2	ont	sentdhio
HIOv1_HG006_sup-PBA16846_0-ont-sentdhio-All	All	HIOv1_HG006_sup-PBA16846_0	2799325643.0	2795730928.0	1196.0	3593519.0	277049.0	0.9627281377008748	0.999667289340045	0.9999009126575178	0.0715783833277183	0.9284216166722817	0.9284216166722817	HG006	ultima	-1	-2	ont	sentdhio
HIOv1_HG006_sup-PBA16846_0-ont-sentdhio-SNPts	SNPts	HIOv1_HG006_sup-PBA16846_0	3088286401.0	3086002168.0	1702.0	2282531.0	436984.0	0.9123285185425005	0.9992548921235268	0.9998584180738775	0.16068453382312656	0.8393154661768735	0.8393154661768735	HG006	hg38	-1	-2	ont	sentdhio
HIOv1_HG006_sup-PBA16846_0-ont-sentdhio-SNPtv	SNPtv	HIOv1_HG006_sup-PBA16846_0	3088286401.0	3087203369.0	983.0	1082049.0	408637.0	0.8408450343044576	0.9990923629218712	0.9998676527364171	0.27412681141434214	0.7258731885856579	0.7258731885856579	HG006	hg38	-1	-2	ont	sentdhio
HIOv1_HG006_sup-PBA16846_0-ont-sentdhio-INS_50	INS_50	HIOv1_HG006_sup-PBA16846_0	3088286401.0	3088065642.0	709.0	220050.0	210793.0	0.6754122915522051	0.9967883529097341	0.9999317441283393	0.4892571075774702	0.5107428924225298	0.5107428924225298	HG006	hg38	-1	-2	ont	sentdhio
HIOv1_HG006_sup-PBA16846_0-ont-sentdhio-INS_gt50	INS_gt50	HIOv1_HG006_sup-PBA16846_0	3088286401.0	3088286362.0	23.0	16.0	2763.0	0.011355571327182398	0.41025641025641024	0.9999991053298807	0.9942425332853544	0.005757466714645609	0.0057574667146455556	HG006	hg38	-1	-2	ont	sentdhio
HIOv1_HG006_sup-PBA16846_0-ont-sentdhio-DEL_50	DEL_50	HIOv1_HG006_sup-PBA16846_0	3088286401.0	3088065170.0	457.0	220774.0	223798.0	0.6631811511813555	0.9979342858821775	0.9999275333356694	0.503401023906139	0.49659897609386106	0.49659897609386106	HG006	hg38	-1	-2	ont	sentdhio
HIOv1_HG006_sup-PBA16846_0-ont-sentdhio-DEL_gt50	DEL_gt50	HIOv1_HG006_sup-PBA16846_0	3088286401.0	3088286363.0	31.0	7.0	3552.0	0.003892132332499305	0.18421052631578946	0.9999988498489139	0.9980331553807249	0.001966844619275099	0.001966844619275077	HG006	hg38	-1	-2	ont	sentdhio
HIOv1_HG006_sup-PBA16846_0-ont-sentdhio-Indel_50	Indel_50	HIOv1_HG006_sup-PBA16846_0	3088286401.0	3088258872.0	84.0	27445.0	52814.0	0.5092403607080567	0.9969486723092013	0.9999828987468333	0.6580445806700806	0.34195541932991935	0.3419554193299194	HG006	hg38	-1	-2	ont	sentdhio
HIOv1_HG006_sup-PBA16846_0-ont-sentdhio-Indel_gt50	Indel_gt50	HIOv1_HG006_sup-PBA16846_0	3088286401.0	3088285221.0	25.0	1155.0	2594.0	0.4686548995739501	0.9788135593220338	0.99999916005238	0.6919178447586023	0.3080821552413977	0.3080821552413977	HG006	hg38	-1	-2	ont	sentdhio
HIOv1_HG006_sup-PBA16846_0-ont-sentdhio-All	All	HIOv1_HG006_sup-PBA16846_0	3088286401.0	3084448360.0	4014.0	3834027.0	1341935.0	0.850682432655059	0.9989541539551037	0.9995651243695418	0.2592629157632919	0.740737084236708	0.740737084236708	HG006	hg38	-1	-2	ont	sentdhio
HIOv1_HG007_sup-PBA20413_0-ont-sentdhio-SNPts	SNPts	HIOv1_HG007_sup-PBA20413_0	3088286401.0	3085990962.0	2470.0	2292969.0	434369.0	0.9130283904700527	0.9989239531087517	0.9998592646983431	0.1592648215952698	0.8407351784047302	0.8407351784047302	HG007	hg38	-1	-2	ont	sentdhio
HIOv1_HG007_sup-PBA20413_0-ont-sentdhio-SNPtv	SNPtv	HIOv1_HG007_sup-PBA20413_0	3088286401.0	3087197597.0	1377.0	1087427.0	403910.0	0.8429206000757322	0.9987353095690317	0.9998691832481995	0.27083751023410535	0.7291624897658946	0.7291624897658946	HG007	hg38	-1	-2	ont	sentdhio
HIOv1_HG007_sup-PBA20413_0-ont-sentdhio-INS_50	INS_50	HIOv1_HG007_sup-PBA20413_0	3088286401.0	3088063860.0	821.0	221720.0	209915.0	0.6778603923103264	0.996310792168634	0.9999320283707684	0.4863252516593881	0.5136747483406119	0.5136747483406119	HG007	hg38	-1	-2	ont	sentdhio
HIOv1_HG007_sup-PBA20413_0-ont-sentdhio-INS_gt50	INS_gt50	HIOv1_HG007_sup-PBA20413_0	3088286401.0	3088286348.0	31.0	22.0	2840.0	0.01509433962264151	0.41509433962264153	0.9999990803970007	0.9923130677847659	0.007686932215234088	0.007686932215234102	HG007	hg38	-1	-2	ont	sentdhio
HIOv1_HG007_sup-PBA20413_0-ont-sentdhio-DEL_50	DEL_50	HIOv1_HG007_sup-PBA20413_0	3088286401.0	3088063842.0	495.0	222064.0	224331.0	0.6639141106862356	0.9977758706680027	0.9999273607294937	0.5025392309501675	0.4974607690498325	0.49746076904983255	HG007	hg38	-1	-2	ont	sentdhio
HIOv1_HG007_sup-PBA20413_0-ont-sentdhio-DEL_gt50	DEL_gt50	HIOv1_HG007_sup-PBA20413_0	3088286401.0	3088286359.0	33.0	9.0	3591.0	0.0049423393739703465	0.21428571428571427	0.999998837220579	0.9975	0.0024999999999999467	0.0025	HG007	hg38	-1	-2	ont	sentdhio
HIOv1_HG007_sup-PBA20413_0-ont-sentdhio-Indel_50	Indel_50	HIOv1_HG007_sup-PBA20413_0	3088286401.0	3088258660.0	69.0	27672.0	52391.0	0.5133761270453787	0.9975127068238347	0.9999830357113857	0.6543721819067484	0.3456278180932516	0.34562781809325155	HG007	hg38	-1	-2	ont	sentdhio
HIOv1_HG007_sup-PBA20413_0-ont-sentdhio-Indel_gt50	Indel_gt50	HIOv1_HG007_sup-PBA20413_0	3088286401.0	3088285233.0	12.0	1156.0	2606.0	0.46896551724137936	0.9897260273972602	0.9999991561667384	0.6927166400850612	0.3072833599149388	0.3072833599149389	HG007	hg38	-1	-2	ont	sentdhio
HIOv1_HG007_sup-PBA20413_0-ont-sentdhio-All	All	HIOv1_HG007_sup-PBA20413_0	3088286401.0	3084428054.0	5308.0	3853039.0	1333953.0	0.8519391036643292	0.9986242813308394	0.9995677071021764	0.25717275060381817	0.7428272493961818	0.7428272493961818	HG007	hg38	-1	-2	ont	sentdhio
HIOv1_HG007_sup-PBA20413_0-ont-sentdhio-SNPts	SNPts	HIOv1_HG007_sup-PBA20413_0	336298106.0	336036087.0	271.0	261748.0	229.0	0.9990457942427041	0.99896572385972	0.999999318526037	0.0008741225374746638	0.9991258774625253	0.9991258774625253	HG007	giabHC_x_clinvar_genes	-1	-2	ont	sentdhio
HIOv1_HG007_sup-PBA20413_0-ont-sentdhio-SNPtv	SNPtv	HIOv1_HG007_sup-PBA20413_0	336298106.0	336180095.0	140.0	117871.0	117.0	0.9989110123347981	0.9988136699121268	0.9999996519723773	0.000991626267078008	0.999008373732922	0.999008373732922	HG007	giabHC_x_clinvar_genes	-1	-2	ont	sentdhio
HIOv1_HG007_sup-PBA20413_0-ont-sentdhio-INS_50	INS_50	HIOv1_HG007_sup-PBA20413_0	336298106.0	336274489.0	37.0	23580.0	22.0	0.9987505029754972	0.9984333319219206	0.9999999345772597	0.000932124396237607	0.9990678756037624	0.9990678756037624	HG007	giabHC_x_clinvar_genes	-1	-2	ont	sentdhio
HIOv1_HG007_sup-PBA20413_0-ont-sentdhio-INS_gt50	INS_gt50	HIOv1_HG007_sup-PBA20413_0	336298106.0	336298102.0	0.0	4.0	0.0	1.0	1.0	1.0	0.0	1.0	1.0	HG007	giabHC_x_clinvar_genes	-1	-2	ont	sentdhio
HIOv1_HG007_sup-PBA20413_0-ont-sentdhio-DEL_50	DEL_50	HIOv1_HG007_sup-PBA20413_0	336298106.0	336274520.0	32.0	23554.0	28.0	0.9987279511533242	0.998643262952599	0.9999999167347033	0.0011873462810618267	0.9988126537189381	0.9988126537189381	HG007	giabHC_x_clinvar_genes	-1	-2	ont	sentdhio
HIOv1_HG007_sup-PBA20413_0-ont-sentdhio-DEL_gt50	DEL_gt50	HIOv1_HG007_sup-PBA20413_0	336298106.0	336298105.0	0.0	1.0	1.0	0.6666666666666666	1.0	0.9999999970264477	0.5	0.5	0.5	HG007	giabHC_x_clinvar_genes	-1	-2	ont	sentdhio
HIOv1_HG007_sup-PBA20413_0-ont-sentdhio-Indel_50	Indel_50	HIOv1_HG007_sup-PBA20413_0	336298106.0	336296035.0	2.0	2069.0	4.0	0.9985521235521235	0.9990342829550941	0.9999999881057178	0.001929570670525808	0.9980704293294742	0.9980704293294742	HG007	giabHC_x_clinvar_genes	-1	-2	ont	sentdhio
HIOv1_HG007_sup-PBA20413_0-ont-sentdhio-Indel_gt50	Indel_gt50	HIOv1_HG007_sup-PBA20413_0	336298106.0	336298068.0	1.0	37.0	0.0	0.9866666666666666	0.9736842105263158	1.0	0.0	1.0	1.0	HG007	giabHC_x_clinvar_genes	-1	-2	ont	sentdhio
HIOv1_HG007_sup-PBA20413_0-ont-sentdhio-All	All	HIOv1_HG007_sup-PBA20413_0	336298106.0	335868759.0	483.0	428864.0	401.0	0.9989704313473373	0.9988750358101954	0.999998806082702	0.0009341548926653699	0.9990658451073346	0.9990658451073346	HG007	giabHC_x_clinvar_genes	-1	-2	ont	sentdhio
HIOv1_HG007_sup-PBA20413_0-ont-sentdhio-SNPts	SNPts	HIOv1_HG007_sup-PBA20413_0	2517124728.0	2514897243.0	1643.0	2225842.0	1531.0	0.999287519377722	0.9992623968287104	0.9999993912279826	0.0006873568100179001	0.9993126431899821	0.9993126431899821	HG007	giabHC	-1	-2	ont	sentdhio
HIOv1_HG007_sup-PBA20413_0-ont-sentdhio-SNPtv	SNPtv	HIOv1_HG007_sup-PBA20413_0	2517124728.0	2516069050.0	842.0	1054836.0	765.0	0.9992388500051391	0.9992024083101098	0.9999996959543828	0.0007247056416202713	0.9992752943583797	0.9992752943583797	HG007	giabHC	-1	-2	ont	sentdhio
HIOv1_HG007_sup-PBA20413_0-ont-sentdhio-INS_50	INS_50	HIOv1_HG007_sup-PBA20413_0	2517124728.0	2516921468.0	278.0	202982.0	152.0	0.9989419135125027	0.9986322936140903	0.999999939608767	0.0007482745379897013	0.9992517254620104	0.9992517254620104	HG007	giabHC	-1	-2	ont	sentdhio
HIOv1_HG007_sup-PBA20413_0-ont-sentdhio-INS_gt50	INS_gt50	HIOv1_HG007_sup-PBA20413_0	2517124728.0	2517124719.0	0.0	9.0	1.0	0.9473684210526316	1.0	0.9999999996027213	0.1	0.9	0.9	HG007	giabHC	-1	-2	ont	sentdhio
HIOv1_HG007_sup-PBA20413_0-ont-sentdhio-DEL_50	DEL_50	HIOv1_HG007_sup-PBA20413_0	2517124728.0	2516920099.0	186.0	204443.0	164.0	0.9991447477739007	0.9990910379271756	0.9999999348410029	0.0008015366043195003	0.9991984633956805	0.9991984633956805	HG007	giabHC	-1	-2	ont	sentdhio
HIOv1_HG007_sup-PBA20413_0-ont-sentdhio-DEL_gt50	DEL_gt50	HIOv1_HG007_sup-PBA20413_0	2517124728.0	2517124727.0	0.0	1.0	1.0	0.6666666666666666	1.0	0.9999999996027213	0.5	0.5	0.5	HG007	giabHC	-1	-2	ont	sentdhio
HIOv1_HG007_sup-PBA20413_0-ont-sentdhio-Indel_50	Indel_50	HIOv1_HG007_sup-PBA20413_0	2517124728.0	2517102558.0	25.0	22145.0	21.0	0.9989624684229521	0.998872350022553	0.9999999916570742	0.0009473969141929081	0.9990526030858071	0.9990526030858071	HG007	giabHC	-1	-2	ont	sentdhio
HIOv1_HG007_sup-PBA20413_0-ont-sentdhio-Indel_gt50	Indel_gt50	HIOv1_HG007_sup-PBA20413_0	2517124728.0	2517124369.0	1.0	358.0	0.0	0.99860529986053	0.9972144846796658	1.0	0.0	1.0	1.0	HG007	giabHC	-1	-2	ont	sentdhio
HIOv1_HG007_sup-PBA20413_0-ont-sentdhio-All	All	HIOv1_HG007_sup-PBA20413_0	2517124728.0	2513411137.0	2975.0	3710616.0	2635.0	0.9992446318367887	0.999198888622899	0.9999989516250649	0.0007096207608911975	0.9992903792391088	0.9992903792391088	HG007	giabHC	-1	-2	ont	sentdhio
HIOv1_HG007_sup-PBA20413_0-ont-sentdhio-SNPts	SNPts	HIOv1_HG007_sup-PBA20413_0	331415837.0	331162880.0	123.0	252834.0	118.0	0.9995236297436891	0.9995137513490435	0.9999996436799984	0.00046649166640311203	0.9995335083335969	0.9995335083335969	HG007	giabHC_x_ultima_x_clinvar	-1	-2	ont	sentdhio
HIOv1_HG007_sup-PBA20413_0-ont-sentdhio-SNPtv	SNPtv	HIOv1_HG007_sup-PBA20413_0	331415837.0	331303386.0	73.0	112378.0	63.0	0.9993952652828915	0.9993508283607971	0.9999998098420038	0.0005602938429932142	0.9994397061570068	0.9994397061570068	HG007	giabHC_x_ultima_x_clinvar	-1	-2	ont	sentdhio
HIOv1_HG007_sup-PBA20413_0-ont-sentdhio-INS_50	INS_50	HIOv1_HG007_sup-PBA20413_0	331415837.0	331399148.0	17.0	16672.0	10.0	0.9991909142668783	0.9989813649709389	0.9999999698249082	0.0005994485073732166	0.9994005514926267	0.9994005514926267	HG007	giabHC_x_ultima_x_clinvar	-1	-2	ont	sentdhio
HIOv1_HG007_sup-PBA20413_0-ont-sentdhio-INS_gt50	INS_gt50	HIOv1_HG007_sup-PBA20413_0	331415837.0	331415836.0	0.0	1.0	0.0	1.0	1.0	1.0	0.0	1.0	1.0	HG007	giabHC_x_ultima_x_clinvar	-1	-2	ont	sentdhio
HIOv1_HG007_sup-PBA20413_0-ont-sentdhio-DEL_50	DEL_50	HIOv1_HG007_sup-PBA20413_0	331415837.0	331398458.0	12.0	17367.0	13.0	0.9992807618170834	0.9993095114793716	0.9999999607722994	0.0007479861910241657	0.9992520138089759	0.9992520138089759	HG007	giabHC_x_ultima_x_clinvar	-1	-2	ont	sentdhio
HIOv1_HG007_sup-PBA20413_0-ont-sentdhio-DEL_gt50	DEL_gt50	HIOv1_HG007_sup-PBA20413_0	331415837.0	331415836.0	0.0	1.0	1.0	0.6666666666666666	1.0	0.9999999969826426	0.5	0.5	0.5	HG007	giabHC_x_ultima_x_clinvar	-1	-2	ont	sentdhio
HIOv1_HG007_sup-PBA20413_0-ont-sentdhio-Indel_50	Indel_50	HIOv1_HG007_sup-PBA20413_0	331415837.0	331414817.0	0.0	1020.0	1.0	0.9995100440960314	1.0	0.9999999969826334	0.0009794319294809011	0.9990205680705191	0.9990205680705191	HG007	giabHC_x_ultima_x_clinvar	-1	-2	ont	sentdhio
HIOv1_HG007_sup-PBA20413_0-ont-sentdhio-Indel_gt50	Indel_gt50	HIOv1_HG007_sup-PBA20413_0	331415837.0	331415811.0	0.0	26.0	0.0	1.0	1.0	1.0	0.0	1.0	1.0	HG007	giabHC_x_ultima_x_clinvar	-1	-2	ont	sentdhio
HIOv1_HG007_sup-PBA20413_0-ont-sentdhio-All	All	HIOv1_HG007_sup-PBA20413_0	331415837.0	331015313.0	225.0	400299.0	206.0	0.9994619420770035	0.9994382359109566	0.9999993776726824	0.0005143506323266875	0.9994856493676734	0.9994856493676734	HG007	giabHC_x_ultima_x_clinvar	-1	-2	ont	sentdhio
HIOv1_HG007_sup-PBA20413_0-ont-sentdhio-SNPts	SNPts	HIOv1_HG007_sup-PBA20413_0	377862616.0	377593007.0	397.0	269212.0	37176.0	0.9347687574761674	0.9985274972274665	0.9999015544792933	0.12133634476546079	0.8786636552345393	0.8786636552345393	HG007	clinvar_genes	-1	-2	ont	sentdhio
HIOv1_HG007_sup-PBA20413_0-ont-sentdhio-SNPtv	SNPtv	HIOv1_HG007_sup-PBA20413_0	377862616.0	377740808.0	233.0	121575.0	23744.0	0.9102411961351717	0.9980871535531328	0.9999371460348138	0.1633922611633716	0.8366077388366284	0.8366077388366284	HG007	clinvar_genes	-1	-2	ont	sentdhio
HIOv1_HG007_sup-PBA20413_0-ont-sentdhio-INS_50	INS_50	HIOv1_HG007_sup-PBA20413_0	377862616.0	377836926.0	90.0	25600.0	22086.0	0.6977758395115569	0.9964966913195796	0.9999415496275103	0.4631548043450908	0.5368451956549092	0.5368451956549092	HG007	clinvar_genes	-1	-2	ont	sentdhio
HIOv1_HG007_sup-PBA20413_0-ont-sentdhio-INS_gt50	INS_gt50	HIOv1_HG007_sup-PBA20413_0	377862616.0	377862609.0	3.0	4.0	395.0	0.019704433497536946	0.5714285714285714	0.999998954647595	0.9899749373433584	0.010025062656641603	0.010025062656641603	HG007	clinvar_genes	-1	-2	ont	sentdhio
HIOv1_HG007_sup-PBA20413_0-ont-sentdhio-DEL_50	DEL_50	HIOv1_HG007_sup-PBA20413_0	377862616.0	377837050.0	72.0	25494.0	23135.0	0.6872161196846149	0.9971837596808261	0.9999387736498356	0.47574492586728084	0.5242550741327192	0.5242550741327192	HG007	clinvar_genes	-1	-2	ont	sentdhio
HIOv1_HG007_sup-PBA20413_0-ont-sentdhio-DEL_gt50	DEL_gt50	HIOv1_HG007_sup-PBA20413_0	377862616.0	377862609.0	3.0	4.0	511.0	0.015325670498084292	0.5714285714285714	0.999998647658443	0.9922330097087378	0.007766990291262155	0.007766990291262136	HG007	clinvar_genes	-1	-2	ont	sentdhio
HIOv1_HG007_sup-PBA20413_0-ont-sentdhio-Indel_50	Indel_50	HIOv1_HG007_sup-PBA20413_0	377862616.0	377859989.0	7.0	2620.0	5412.0	0.4916033399005535	0.9973353635325466	0.9999856774396765	0.673804780876494	0.326195219123506	0.32619521912350596	HG007	clinvar_genes	-1	-2	ont	sentdhio
HIOv1_HG007_sup-PBA20413_0-ont-sentdhio-Indel_gt50	Indel_gt50	HIOv1_HG007_sup-PBA20413_0	377862616.0	377862492.0	2.0	122.0	304.0	0.4436363636363637	0.9838709677419355	0.9999991954751746	0.7136150234741784	0.2863849765258216	0.2863849765258216	HG007	clinvar_genes	-1	-2	ont	sentdhio
HIOv1_HG007_sup-PBA20413_0-ont-sentdhio-All	All	HIOv1_HG007_sup-PBA20413_0	377862616.0	377417178.0	807.0	444631.0	112763.0	0.8867507219554224	0.9981883000552265	0.9997013137561982	0.20230393581559902	0.797696064184401	0.797696064184401	HG007	clinvar_genes	-1	-2	ont	sentdhio
HIOv1_HG007_sup-PBA20413_0-ont-sentdhio-SNPts	SNPts	HIOv1_HG007_sup-PBA20413_0	2799325643.0	2797093209.0	1125.0	2231309.0	116932.0	0.9742271608441987	0.9994960657291548	0.9999581969197501	0.049795570386514845	0.9502044296134852	0.9502044296134852	HG007	ultima	-1	-2	ont	sentdhio
HIOv1_HG007_sup-PBA20413_0-ont-sentdhio-SNPtv	SNPtv	HIOv1_HG007_sup-PBA20413_0	2799325643.0	2798278464.0	660.0	1046519.0	71544.0	0.9666531500866877	0.9993697352601608	0.9999744335055316	0.06398923853128133	0.9360107614687186	0.9360107614687186	HG007	ultima	-1	-2	ont	sentdhio
HIOv1_HG007_sup-PBA20413_0-ont-sentdhio-INS_50	INS_50	HIOv1_HG007_sup-PBA20413_0	2799325643.0	2799170529.0	201.0	154913.0	32193.0	0.9053415931272281	0.9987041788619982	0.9999884992252448	0.17205755026562483	0.8279424497343751	0.8279424497343751	HG007	ultima	-1	-2	ont	sentdhio
HIOv1_HG007_sup-PBA20413_0-ont-sentdhio-INS_gt50	INS_gt50	HIOv1_HG007_sup-PBA20413_0	2799325643.0	2799325623.0	16.0	4.0	634.0	0.0121580547112462	0.2	0.9999997735169317	0.9937304075235109	0.006269592476489061	0.006269592476489028	HG007	ultima	-1	-2	ont	sentdhio
HIOv1_HG007_sup-PBA20413_0-ont-sentdhio-DEL_50	DEL_50	HIOv1_HG007_sup-PBA20413_0	2799325643.0	2799164382.0	182.0	161079.0	47026.0	0.8721918097496792	0.9988713948195782	0.9999832002685236	0.22597246582254152	0.7740275341774585	0.7740275341774585	HG007	ultima	-1	-2	ont	sentdhio
HIOv1_HG007_sup-PBA20413_0-ont-sentdhio-DEL_gt50	DEL_gt50	HIOv1_HG007_sup-PBA20413_0	2799325643.0	2799325611.0	25.0	7.0	1679.0	0.008149010477299184	0.21875	0.9999994002130419	0.9958481613285883	0.004151838671411667	0.004151838671411625	HG007	ultima	-1	-2	ont	sentdhio
HIOv1_HG007_sup-PBA20413_0-ont-sentdhio-Indel_50	Indel_50	HIOv1_HG007_sup-PBA20413_0	2799325643.0	2799311054.0	7.0	14582.0	5294.0	0.8461917887712173	0.9995201864418397	0.999998108823962	0.26635137854699137	0.7336486214530087	0.7336486214530087	HG007	ultima	-1	-2	ont	sentdhio
HIOv1_HG007_sup-PBA20413_0-ont-sentdhio-Indel_gt50	Indel_gt50	HIOv1_HG007_sup-PBA20413_0	2799325643.0	2799324862.0	2.0	779.0	629.0	0.7117405207857469	0.9974391805377721	0.9999997753030142	0.44673295454545453	0.5532670454545454	0.5532670454545454	HG007	ultima	-1	-2	ont	sentdhio
HIOv1_HG007_sup-PBA20413_0-ont-sentdhio-All	All	HIOv1_HG007_sup-PBA20413_0	2799325643.0	2795714233.0	2218.0	3609192.0	275931.0	0.9628963148698205	0.999385835449312	0.9999013118845864	0.07102246183711558	0.9289775381628844	0.9289775381628844	HG007	ultima	-1	-2	ont	sentdhio
HIOv1_HG007_sup-PBA20413_0-ont-sentdhio-SNPts	SNPts	HIOv1_HG007_sup-PBA20413_0	2495800245.0	2493623100.0	855.0	2176290.0	999.0	0.9995742270981716	0.9996072838510985	0.9999995993782702	0.00045882746847111246	0.9995411725315289	0.9995411725315289	HG007	giabHC_x_ultima	-1	-2	ont	sentdhio
HIOv1_HG007_sup-PBA20413_0-ont-sentdhio-SNPtv	SNPtv	HIOv1_HG007_sup-PBA20413_0	2495800245.0	2494778622.0	490.0	1021133.0	518.0	0.999506674092657	0.9995203710174888	0.9999997923663896	0.0005070224567880813	0.9994929775432119	0.9994929775432119	HG007	giabHC_x_ultima	-1	-2	ont	sentdhio
HIOv1_HG007_sup-PBA20413_0-ont-sentdhio-INS_50	INS_50	HIOv1_HG007_sup-PBA20413_0	2495800245.0	2495654760.0	110.0	145375.0	61.0	0.9994122115625891	0.9992439083066983	0.9999999755575172	0.0004194284771308342	0.9995805715228692	0.9995805715228692	HG007	giabHC_x_ultima	-1	-2	ont	sentdhio
HIOv1_HG007_sup-PBA20413_0-ont-sentdhio-INS_gt50	INS_gt50	HIOv1_HG007_sup-PBA20413_0	2495800245.0	2495800243.0	0.0	2.0	1.0	0.8	1.0	0.999999999599327	0.3333333333333333	0.6666666666666667	0.6666666666666666	HG007	giabHC_x_ultima	-1	-2	ont	sentdhio
HIOv1_HG007_sup-PBA20413_0-ont-sentdhio-DEL_50	DEL_50	HIOv1_HG007_sup-PBA20413_0	2495800245.0	2495649250.0	70.0	150925.0	72.0	0.9995297888685792	0.9995364084903474	0.9999999711497928	0.00047683066550991077	0.99952316933449	0.99952316933449	HG007	giabHC_x_ultima	-1	-2	ont	sentdhio
HIOv1_HG007_sup-PBA20413_0-ont-sentdhio-DEL_gt50	DEL_gt50	HIOv1_HG007_sup-PBA20413_0	2495800245.0	2495800244.0	0.0	1.0	1.0	0.6666666666666666	1.0	0.999999999599327	0.5	0.5	0.5	HG007	giabHC_x_ultima	-1	-2	ont	sentdhio
HIOv1_HG007_sup-PBA20413_0-ont-sentdhio-Indel_50	Indel_50	HIOv1_HG007_sup-PBA20413_0	2495800245.0	2495788594.0	4.0	11647.0	3.0	0.9996995837088537	0.9996566818298859	0.9999999987979751	0.0002575107296137339	0.9997424892703862	0.9997424892703862	HG007	giabHC_x_ultima	-1	-2	ont	sentdhio
HIOv1_HG007_sup-PBA20413_0-ont-sentdhio-Indel_gt50	Indel_gt50	HIOv1_HG007_sup-PBA20413_0	2495800245.0	2495799952.0	0.0	293.0	0.0	1.0	1.0	1.0	0.0	1.0	1.0	HG007	giabHC_x_ultima	-1	-2	ont	sentdhio
HIOv1_HG007_sup-PBA20413_0-ont-sentdhio-All	All	HIOv1_HG007_sup-PBA20413_0	2495800245.0	2492293050.0	1529.0	3505666.0	1655.0	0.9995460841489278	0.9995640390682583	0.9999993359533298	0.0004718701253748944	0.9995281298746251	0.9995281298746251	HG007	giabHC_x_ultima	-1	-2	ont	sentdhio
