mqc_id	VariantClass	Sample	TgtRegionSize	TN	FN	TP	FP	Fscore	Sensitivity-Recall	Specificity	FDR	PPV	Precision	AltId	ROI	AllVarMeanDP	CovBin	Aligner	SNVCaller
I2-HG003-10x-5-D0-PF-ILMN-NOVASEQ-sent-gatk-SNPts	SNPts	I2-HG003-10x-5-D0-PF-ILMN-NOVASEQ	377862616.0	377589355.0	26279.0	246982.0	25187.0	0.9056414205305905	0.9038318677015746	0.9999332997085689	0.09254176632900882	0.9074582336709912	0.9074582336709912	HG003	clinvar_genes	-1	-2	sent	gatk
I2-HG003-10x-5-D0-PF-ILMN-NOVASEQ-sent-gatk-SNPtv	SNPtv	I2-HG003-10x-5-D0-PF-ILMN-NOVASEQ	377862616.0	377738256.0	12234.0	112126.0	15355.0	0.890450720891356	0.9016243165004825	0.9999593518114642	0.12044932185972812	0.8795506781402719	0.8795506781402719	HG003	clinvar_genes	-1	-2	sent	gatk
I2-HG003-10x-5-D0-PF-ILMN-NOVASEQ-sent-gatk-INS_50	INS_50	I2-HG003-10x-5-D0-PF-ILMN-NOVASEQ	377862616.0	377832390.0	4282.0	25944.0	11380.0	0.7681421169504071	0.8583338847349964	0.9999698817318068	0.30489765298467475	0.6951023470153253	0.6951023470153253	HG003	clinvar_genes	-1	-2	sent	gatk
I2-HG003-10x-5-D0-PF-ILMN-NOVASEQ-sent-gatk-INS_gt50	INS_gt50	I2-HG003-10x-5-D0-PF-ILMN-NOVASEQ	377862616.0	377862586.0	22.0	8.0	159.0	0.08121827411167513	0.26666666666666666	0.9999995792122878	0.9520958083832335	0.04790419161676651	0.04790419161676647	HG003	clinvar_genes	-1	-2	sent	gatk
I2-HG003-10x-5-D0-PF-ILMN-NOVASEQ-sent-gatk-DEL_50	DEL_50	I2-HG003-10x-5-D0-PF-ILMN-NOVASEQ	377862616.0	377830457.0	4486.0	27673.0	12220.0	0.7681396769000166	0.8605056127367144	0.9999676584971898	0.3063194044067882	0.6936805955932118	0.6936805955932118	HG003	clinvar_genes	-1	-2	sent	gatk
I2-HG003-10x-5-D0-PF-ILMN-NOVASEQ-sent-gatk-DEL_gt50	DEL_gt50	I2-HG003-10x-5-D0-PF-ILMN-NOVASEQ	377862616.0	377862598.0	15.0	3.0	155.0	0.034090909090909095	0.16666666666666666	0.9999995897981508	0.9810126582278481	0.01898734177215189	0.0189873417721519	HG003	clinvar_genes	-1	-2	sent	gatk
I2-HG003-10x-5-D0-PF-ILMN-NOVASEQ-sent-gatk-Indel_50	Indel_50	I2-HG003-10x-5-D0-PF-ILMN-NOVASEQ	377862616.0	377860964.0	739.0	913.0	365.0	0.6232081911262799	0.5526634382566586	0.9999990340371666	0.2856025039123631	0.7143974960876369	0.7143974960876369	HG003	clinvar_genes	-1	-2	sent	gatk
I2-HG003-10x-5-D0-PF-ILMN-NOVASEQ-sent-gatk-Indel_gt50	Indel_gt50	I2-HG003-10x-5-D0-PF-ILMN-NOVASEQ	377862616.0	377862521.0	45.0	50.0	35.0	0.5555555555555555	0.5263157894736842	0.9999999073737277	0.4117647058823529	0.5882352941176471	0.5882352941176471	HG003	clinvar_genes	-1	-2	sent	gatk
I2-HG003-10x-5-D0-PF-ILMN-NOVASEQ-sent-gatk-All	All	I2-HG003-10x-5-D0-PF-ILMN-NOVASEQ	377862616.0	377400815.0	48102.0	413699.0	64856.0	0.8798774081305377	0.8958382506750743	0.9998281804016027	0.13552465233881164	0.8644753476611884	0.8644753476611884	HG003	clinvar_genes	-1	-2	sent	gatk
I2-HG003-10x-5-D0-PF-ILMN-NOVASEQ-sent-gatk-SNPts	SNPts	I2-HG003-10x-5-D0-PF-ILMN-NOVASEQ	3088286401.0	3085963493.0	202856.0	2120052.0	243623.0	0.9047325098051181	0.912671530684814	0.9999210607095237	0.10306958443948512	0.8969304155605149	0.8969304155605149	HG003	hg38	-1	-2	sent	gatk
I2-HG003-10x-5-D0-PF-ILMN-NOVASEQ-sent-gatk-SNPtv	SNPtv	I2-HG003-10x-5-D0-PF-ILMN-NOVASEQ	3088286401.0	3087179223.0	97919.0	1009259.0	171300.0	0.8823208262138523	0.9115598395199327	0.9999445155324205	0.14510075311780266	0.8548992468821973	0.8548992468821973	HG003	hg38	-1	-2	sent	gatk
I2-HG003-10x-5-D0-PF-ILMN-NOVASEQ-sent-gatk-INS_50	INS_50	I2-HG003-10x-5-D0-PF-ILMN-NOVASEQ	3088286401.0	3088018509.0	38491.0	229401.0	105681.0	0.7608984798681205	0.8563189643587714	0.9999657782545333	0.315388472075492	0.684611527924508	0.6846115279245081	HG003	hg38	-1	-2	sent	gatk
I2-HG003-10x-5-D0-PF-ILMN-NOVASEQ-sent-gatk-INS_gt50	INS_gt50	I2-HG003-10x-5-D0-PF-ILMN-NOVASEQ	3088286401.0	3088286162.0	193.0	46.0	1221.0	0.06108897742363878	0.19246861924686193	0.99999960463524	0.9636937647987371	0.03630623520126286	0.036306235201262825	HG003	hg38	-1	-2	sent	gatk
I2-HG003-10x-5-D0-PF-ILMN-NOVASEQ-sent-gatk-DEL_50	DEL_50	I2-HG003-10x-5-D0-PF-ILMN-NOVASEQ	3088286401.0	3088002520.0	39267.0	244614.0	115512.0	0.759662550251783	0.8616779566085789	0.9999625946939842	0.32075440262574767	0.6792455973742524	0.6792455973742524	HG003	hg38	-1	-2	sent	gatk
I2-HG003-10x-5-D0-PF-ILMN-NOVASEQ-sent-gatk-DEL_gt50	DEL_gt50	I2-HG003-10x-5-D0-PF-ILMN-NOVASEQ	3088286401.0	3088286263.0	93.0	45.0	1236.0	0.06342494714587738	0.32608695652173914	0.9999995997781941	0.9648711943793911	0.03512880562060894	0.0351288056206089	HG003	hg38	-1	-2	sent	gatk
I2-HG003-10x-5-D0-PF-ILMN-NOVASEQ-sent-gatk-Indel_50	Indel_50	I2-HG003-10x-5-D0-PF-ILMN-NOVASEQ	3088286401.0	3088270352.0	6903.0	9146.0	3061.0	0.6473669309173273	0.5698797432861861	0.9999990088312819	0.2507577619398706	0.7492422380601294	0.7492422380601295	HG003	hg38	-1	-2	sent	gatk
I2-HG003-10x-5-D0-PF-ILMN-NOVASEQ-sent-gatk-Indel_gt50	Indel_gt50	I2-HG003-10x-5-D0-PF-ILMN-NOVASEQ	3088286401.0	3088285621.0	335.0	445.0	312.0	0.5790500975927131	0.5705128205128205	0.9999998989730852	0.41215323645970936	0.5878467635402906	0.5878467635402906	HG003	hg38	-1	-2	sent	gatk
I2-HG003-10x-5-D0-PF-ILMN-NOVASEQ-sent-gatk-All	All	I2-HG003-10x-5-D0-PF-ILMN-NOVASEQ	3088286401.0	3084287336.0	386057.0	3613008.0	641946.0	0.875454248409169	0.9034631845193815	0.9997919090062305	0.1508702561766825	0.8491297438233175	0.8491297438233175	HG003	hg38	-1	-2	sent	gatk
I2-HG003-10x-5-D0-PF-ILMN-NOVASEQ-sent-gatk-SNPts	SNPts	I2-HG003-10x-5-D0-PF-ILMN-NOVASEQ	2528531102.0	2526276091.0	187168.0	2067843.0	6633.0	0.9552369599446772	0.9169990745056232	0.9999973744031351	0.0031974339544058356	0.9968025660455941	0.9968025660455941	HG003	giabHC	-1	-2	sent	gatk
I2-HG003-10x-5-D0-PF-ILMN-NOVASEQ-sent-gatk-SNPtv	SNPtv	I2-HG003-10x-5-D0-PF-ILMN-NOVASEQ	2528531102.0	2527459028.0	90092.0	981982.0	3254.0	0.9546271587655726	0.91596475616422	0.9999987125426072	0.003302761977840842	0.9966972380221591	0.9966972380221591	HG003	giabHC	-1	-2	sent	gatk
I2-HG003-10x-5-D0-PF-ILMN-NOVASEQ-sent-gatk-INS_50	INS_50	I2-HG003-10x-5-D0-PF-ILMN-NOVASEQ	2528531102.0	2528292755.0	31501.0	206846.0	284.0	0.9286495150142432	0.8678355506887018	0.9999998876712487	0.0013711195867329696	0.998628880413267	0.998628880413267	HG003	giabHC	-1	-2	sent	gatk
I2-HG003-10x-5-D0-PF-ILMN-NOVASEQ-sent-gatk-INS_gt50	INS_gt50	I2-HG003-10x-5-D0-PF-ILMN-NOVASEQ	2528531102.0	2528531101.0	0.0	1.0	1.0	0.6666666666666666	1.0	0.9999999996045135	0.5	0.5	0.5	HG003	giabHC	-1	-2	sent	gatk
I2-HG003-10x-5-D0-PF-ILMN-NOVASEQ-sent-gatk-DEL_50	DEL_50	I2-HG003-10x-5-D0-PF-ILMN-NOVASEQ	2528531102.0	2528277437.0	33132.0	220533.0	326.0	0.9294914482723741	0.8693867896635327	0.9999998710584712	0.0014760548585296502	0.9985239451414704	0.9985239451414704	HG003	giabHC	-1	-2	sent	gatk
I2-HG003-10x-5-D0-PF-ILMN-NOVASEQ-sent-gatk-DEL_gt50	DEL_gt50	I2-HG003-10x-5-D0-PF-ILMN-NOVASEQ	2528531102.0	2528531102.0	0.0	0.0	0.0			1.0				HG003	giabHC	-1	-2	sent	gatk
I2-HG003-10x-5-D0-PF-ILMN-NOVASEQ-sent-gatk-Indel_50	Indel_50	I2-HG003-10x-5-D0-PF-ILMN-NOVASEQ	2528531102.0	2528519242.0	4762.0	7098.0	0.0	0.7488131659457749	0.5984822934232715	1.0	0.0	1.0	1.0	HG003	giabHC	-1	-2	sent	gatk
I2-HG003-10x-5-D0-PF-ILMN-NOVASEQ-sent-gatk-Indel_gt50	Indel_gt50	I2-HG003-10x-5-D0-PF-ILMN-NOVASEQ	2528531102.0	2528530865.0	60.0	177.0	0.0	0.855072463768116	0.7468354430379747	1.0	0.0	1.0	1.0	HG003	giabHC	-1	-2	sent	gatk
I2-HG003-10x-5-D0-PF-ILMN-NOVASEQ-sent-gatk-All	All	I2-HG003-10x-5-D0-PF-ILMN-NOVASEQ	2528531102.0	2524699907.0	346715.0	3484480.0	10498.0	0.9512415281484617	0.9095021266210673	0.9999958418993405	0.0030037385070807313	0.9969962614929193	0.9969962614929193	HG003	giabHC	-1	-2	sent	gatk
I2-HG003-10x-5-D0-PF-ILMN-NOVASEQ-sent-gatk-SNPts	SNPts	I2-HG003-10x-5-D0-PF-ILMN-NOVASEQ	2799325643.0	2797071414.0	173178.0	2081051.0	148322.0	0.9282942598384067	0.9231763942350134	0.999946975206098	0.06653081382074691	0.9334691861792531	0.9334691861792531	HG003	ultima	-1	-2	sent	gatk
I2-HG003-10x-5-D0-PF-ILMN-NOVASEQ-sent-gatk-SNPtv	SNPtv	I2-HG003-10x-5-D0-PF-ILMN-NOVASEQ	2799325643.0	2798266703.0	81442.0	977498.0	86678.0	0.9208145009504898	0.9230910155438458	0.9999690253559151	0.08145081264753198	0.918549187352468	0.918549187352468	HG003	ultima	-1	-2	sent	gatk
I2-HG003-10x-5-D0-PF-ILMN-NOVASEQ-sent-gatk-INS_50	INS_50	I2-HG003-10x-5-D0-PF-ILMN-NOVASEQ	2799325643.0	2799157560.0	17800.0	150283.0	23542.0	0.8790844320694455	0.8940999387207511	0.9999915896831458	0.13543506400115057	0.8645649359988494	0.8645649359988494	HG003	ultima	-1	-2	sent	gatk
I2-HG003-10x-5-D0-PF-ILMN-NOVASEQ-sent-gatk-INS_gt50	INS_gt50	I2-HG003-10x-5-D0-PF-ILMN-NOVASEQ	2799325643.0	2799325546.0	78.0	19.0	245.0	0.10526315789473685	0.1958762886597938	0.999999912478926	0.928030303030303	0.07196969696969702	0.07196969696969698	HG003	ultima	-1	-2	sent	gatk
I2-HG003-10x-5-D0-PF-ILMN-NOVASEQ-sent-gatk-DEL_50	DEL_50	I2-HG003-10x-5-D0-PF-ILMN-NOVASEQ	2799325643.0	2799142351.0	18899.0	164393.0	30256.0	0.869940017092615	0.8968912991292582	0.9999891910917089	0.15543876413441632	0.8445612358655836	0.8445612358655837	HG003	ultima	-1	-2	sent	gatk
I2-HG003-10x-5-D0-PF-ILMN-NOVASEQ-sent-gatk-DEL_gt50	DEL_gt50	I2-HG003-10x-5-D0-PF-ILMN-NOVASEQ	2799325643.0	2799325554.0	53.0	36.0	547.0	0.10714285714285714	0.4044943820224719	0.9999998045958276	0.9382504288164666	0.061749571183533414	0.06174957118353345	HG003	ultima	-1	-2	sent	gatk
I2-HG003-10x-5-D0-PF-ILMN-NOVASEQ-sent-gatk-Indel_50	Indel_50	I2-HG003-10x-5-D0-PF-ILMN-NOVASEQ	2799325643.0	2799318060.0	2125.0	5458.0	717.0	0.7934292775112661	0.7197679018857972	0.9999997438662557	0.11611336032388664	0.8838866396761134	0.8838866396761134	HG003	ultima	-1	-2	sent	gatk
I2-HG003-10x-5-D0-PF-ILMN-NOVASEQ-sent-gatk-Indel_gt50	Indel_gt50	I2-HG003-10x-5-D0-PF-ILMN-NOVASEQ	2799325643.0	2799325198.0	135.0	310.0	107.0	0.7192575406032483	0.6966292134831461	0.9999999617765039	0.2565947242206235	0.7434052757793765	0.7434052757793765	HG003	ultima	-1	-2	sent	gatk
I2-HG003-10x-5-D0-PF-ILMN-NOVASEQ-sent-gatk-All	All	I2-HG003-10x-5-D0-PF-ILMN-NOVASEQ	2799325643.0	2795652885.0	293710.0	3379048.0	290414.0	0.9204431357273412	0.9200301245004435	0.9998961302254935	0.07914348206903356	0.9208565179309665	0.9208565179309665	HG003	ultima	-1	-2	sent	gatk
I2-HG003-10x-5-D0-PF-ILMN-NOVASEQ-sent-gatk-SNPts	SNPts	I2-HG003-10x-5-D0-PF-ILMN-NOVASEQ	337668665.0	337403073.0	24125.0	241467.0	1222.0	0.9501319152201243	0.9091651856983644	0.9999963782322332	0.005035250876636354	0.9949647491233636	0.9949647491233636	HG003	giabHC_x_clinvar_genes	-1	-2	sent	gatk
I2-HG003-10x-5-D0-PF-ILMN-NOVASEQ-sent-gatk-SNPtv	SNPtv	I2-HG003-10x-5-D0-PF-ILMN-NOVASEQ	337668665.0	337548381.0	11131.0	109153.0	600.0	0.9490038559014419	0.9074606763991886	0.9999982224801917	0.005466820952502437	0.9945331790474976	0.9945331790474976	HG003	giabHC_x_clinvar_genes	-1	-2	sent	gatk
I2-HG003-10x-5-D0-PF-ILMN-NOVASEQ-sent-gatk-INS_50	INS_50	I2-HG003-10x-5-D0-PF-ILMN-NOVASEQ	337668665.0	337641480.0	3553.0	23632.0	48.0	0.9292047576919297	0.869302924406842	0.9999998578373925	0.002027027027027027	0.9979729729729729	0.9979729729729729	HG003	giabHC_x_clinvar_genes	-1	-2	sent	gatk
I2-HG003-10x-5-D0-PF-ILMN-NOVASEQ-sent-gatk-INS_gt50	INS_gt50	I2-HG003-10x-5-D0-PF-ILMN-NOVASEQ	337668665.0	337668665.0	0.0	0.0	0.0			1.0				HG003	giabHC_x_clinvar_genes	-1	-2	sent	gatk
I2-HG003-10x-5-D0-PF-ILMN-NOVASEQ-sent-gatk-DEL_50	DEL_50	I2-HG003-10x-5-D0-PF-ILMN-NOVASEQ	337668665.0	337639668.0	3805.0	25192.0	66.0	0.9286517371670815	0.8687795289167844	0.9999998045253762	0.0026130334943384272	0.9973869665056616	0.9973869665056616	HG003	giabHC_x_clinvar_genes	-1	-2	sent	gatk
I2-HG003-10x-5-D0-PF-ILMN-NOVASEQ-sent-gatk-DEL_gt50	DEL_gt50	I2-HG003-10x-5-D0-PF-ILMN-NOVASEQ	337668665.0	337668665.0	0.0	0.0	0.0			1.0				HG003	giabHC_x_clinvar_genes	-1	-2	sent	gatk
I2-HG003-10x-5-D0-PF-ILMN-NOVASEQ-sent-gatk-Indel_50	Indel_50	I2-HG003-10x-5-D0-PF-ILMN-NOVASEQ	337668665.0	337667440.0	503.0	722.0	0.0	0.7416538263995891	0.5893877551020408	1.0	0.0	1.0	1.0	HG003	giabHC_x_clinvar_genes	-1	-2	sent	gatk
I2-HG003-10x-5-D0-PF-ILMN-NOVASEQ-sent-gatk-Indel_gt50	Indel_gt50	I2-HG003-10x-5-D0-PF-ILMN-NOVASEQ	337668665.0	337668640.0	11.0	14.0	0.0	0.717948717948718	0.56	1.0	0.0	1.0	1.0	HG003	giabHC_x_clinvar_genes	-1	-2	sent	gatk
I2-HG003-10x-5-D0-PF-ILMN-NOVASEQ-sent-gatk-All	All	I2-HG003-10x-5-D0-PF-ILMN-NOVASEQ	337668665.0	337225357.0	43128.0	400180.0	1936.0	0.9466965688222715	0.902713237748924	0.9999942590649091	0.004814531130320604	0.9951854688696794	0.9951854688696794	HG003	giabHC_x_clinvar_genes	-1	-2	sent	gatk
I2-HG003-10x-5-D0-PF-ILMN-NOVASEQ-sent-gatk-SNPts	SNPts	I2-HG003-10x-5-D0-PF-ILMN-NOVASEQ	2505355380.0	2503152210.0	165051.0	2038119.0	4352.0	0.9600995468057708	0.9250847642260924	0.9999982613952055	0.002130752407255721	0.9978692475927443	0.9978692475927443	HG003	giabHC_x_ultima	-1	-2	sent	gatk
I2-HG003-10x-5-D0-PF-ILMN-NOVASEQ-sent-gatk-SNPtv	SNPtv	I2-HG003-10x-5-D0-PF-ILMN-NOVASEQ	2505355380.0	2504320738.0	77646.0	956996.0	1983.0	0.9600581053269404	0.9249537521190905	0.9999992081691456	0.00206782421721435	0.9979321757827857	0.9979321757827857	HG003	giabHC_x_ultima	-1	-2	sent	gatk
I2-HG003-10x-5-D0-PF-ILMN-NOVASEQ-sent-gatk-INS_50	INS_50	I2-HG003-10x-5-D0-PF-ILMN-NOVASEQ	2505355380.0	2505198348.0	16013.0	141019.0	131.0	0.9458585695984332	0.8980271537011565	0.999999947708734	0.0009280906836698548	0.9990719093163302	0.9990719093163302	HG003	giabHC_x_ultima	-1	-2	sent	gatk
I2-HG003-10x-5-D0-PF-ILMN-NOVASEQ-sent-gatk-INS_gt50	INS_gt50	I2-HG003-10x-5-D0-PF-ILMN-NOVASEQ	2505355380.0	2505355380.0	0.0	0.0	1.0			0.9999999996008551	1.0	0.0	0.0	HG003	giabHC_x_ultima	-1	-2	sent	gatk
I2-HG003-10x-5-D0-PF-ILMN-NOVASEQ-sent-gatk-DEL_50	DEL_50	I2-HG003-10x-5-D0-PF-ILMN-NOVASEQ	2505355380.0	2505185453.0	16810.0	153117.0	149.0	0.947526710046319	0.9010751675719574	0.9999999405233688	0.0009721660381297874	0.9990278339618702	0.9990278339618702	HG003	giabHC_x_ultima	-1	-2	sent	gatk
I2-HG003-10x-5-D0-PF-ILMN-NOVASEQ-sent-gatk-DEL_gt50	DEL_gt50	I2-HG003-10x-5-D0-PF-ILMN-NOVASEQ	2505355380.0	2505355380.0	0.0	0.0	0.0			1.0				HG003	giabHC_x_ultima	-1	-2	sent	gatk
I2-HG003-10x-5-D0-PF-ILMN-NOVASEQ-sent-gatk-Indel_50	Indel_50	I2-HG003-10x-5-D0-PF-ILMN-NOVASEQ	2505355380.0	2505349361.0	1635.0	4384.0	0.0	0.842833797942901	0.7283601927230436	1.0	0.0	1.0	1.0	HG003	giabHC_x_ultima	-1	-2	sent	gatk
I2-HG003-10x-5-D0-PF-ILMN-NOVASEQ-sent-gatk-Indel_gt50	Indel_gt50	I2-HG003-10x-5-D0-PF-ILMN-NOVASEQ	2505355380.0	2505355200.0	36.0	144.0	0.0	0.888888888888889	0.8	1.0	0.0	1.0	1.0	HG003	giabHC_x_ultima	-1	-2	sent	gatk
I2-HG003-10x-5-D0-PF-ILMN-NOVASEQ-sent-gatk-All	All	I2-HG003-10x-5-D0-PF-ILMN-NOVASEQ	2505355380.0	2501784410.0	277191.0	3293779.0	6616.0	0.9586971438717053	0.9223765531494243	0.9999973554945512	0.0020046085392809044	0.9979953914607191	0.9979953914607191	HG003	giabHC_x_ultima	-1	-2	sent	gatk
I2-HG003-10x-5-D0-PF-ILMN-NOVASEQ-sent-gatk-SNPts	SNPts	I2-HG003-10x-5-D0-PF-ILMN-NOVASEQ	688815815.0	688747897.0	15688.0	52230.0	286593.0	0.2568219087822472	0.7690155776082923	0.9995840658135996	0.8458487174719543	0.15415128252804566	0.1541512825280456	HG003	hg38_m_giabHC	-1	-2	sent	gatk
I2-HG003-10x-5-D0-PF-ILMN-NOVASEQ-sent-gatk-SNPtv	SNPtv	I2-HG003-10x-5-D0-PF-ILMN-NOVASEQ	688815815.0	688780700.0	7827.0	27288.0	205265.0	0.20389437661580764	0.7771038017941051	0.9997020766598634	0.8826590067640495	0.11734099323595049	0.11734099323595051	HG003	hg38_m_giabHC	-1	-2	sent	gatk
I2-HG003-10x-5-D0-PF-ILMN-NOVASEQ-sent-gatk-INS_50	INS_50	I2-HG003-10x-5-D0-PF-ILMN-NOVASEQ	688815815.0	688786350.0	6974.0	22491.0	108809.0	0.2797997076478089	0.7633124045477685	0.9998420528892118	0.8287052551408987	0.17129474485910134	0.1712947448591013	HG003	hg38_m_giabHC	-1	-2	sent	gatk
I2-HG003-10x-5-D0-PF-ILMN-NOVASEQ-sent-gatk-INS_gt50	INS_gt50	I2-HG003-10x-5-D0-PF-ILMN-NOVASEQ	688815815.0	688815577.0	193.0	45.0	1271.0	0.05791505791505791	0.18907563025210083	0.999998154807038	0.96580547112462	0.03419452887537999	0.03419452887537994	HG003	hg38_m_giabHC	-1	-2	sent	gatk
I2-HG003-10x-5-D0-PF-ILMN-NOVASEQ-sent-gatk-DEL_50	DEL_50	I2-HG003-10x-5-D0-PF-ILMN-NOVASEQ	688815815.0	688785408.0	6173.0	24234.0	119573.0	0.27820955835925926	0.796987535764791	0.9998264303448258	0.8314824730367785	0.16851752696322153	0.16851752696322153	HG003	hg38_m_giabHC	-1	-2	sent	gatk
I2-HG003-10x-5-D0-PF-ILMN-NOVASEQ-sent-gatk-DEL_gt50	DEL_gt50	I2-HG003-10x-5-D0-PF-ILMN-NOVASEQ	688815815.0	688815677.0	93.0	45.0	1298.0	0.06076975016880486	0.32608695652173914	0.999998115609738	0.9664929262844378	0.03350707371556216	0.03350707371556218	HG003	hg38_m_giabHC	-1	-2	sent	gatk
I2-HG003-10x-5-D0-PF-ILMN-NOVASEQ-sent-gatk-Indel_50	Indel_50	I2-HG003-10x-5-D0-PF-ILMN-NOVASEQ	688815815.0	688811625.0	2142.0	2048.0	3162.0	0.4357446808510639	0.48878281622911696	0.9999954095062131	0.6069097888675624	0.3930902111324376	0.39309021113243764	HG003	hg38_m_giabHC	-1	-2	sent	gatk
I2-HG003-10x-5-D0-PF-ILMN-NOVASEQ-sent-gatk-Indel_gt50	Indel_gt50	I2-HG003-10x-5-D0-PF-ILMN-NOVASEQ	688815815.0	688815270.0	277.0	268.0	327.0	0.47017543859649125	0.4917431192660551	0.9999995252720737	0.5495798319327732	0.45042016806722684	0.4504201680672269	HG003	hg38_m_giabHC	-1	-2	sent	gatk
I2-HG003-10x-5-D0-PF-ILMN-NOVASEQ-sent-gatk-All	All	I2-HG003-10x-5-D0-PF-ILMN-NOVASEQ	688815815.0	688647799.0	39367.0	128649.0	726298.0	0.25152229357269035	0.7656949338158271	0.9989464385111644	0.8495240055816325	0.15047599441836745	0.15047599441836745	HG003	hg38_m_giabHC	-1	-2	sent	gatk
I2-HG003-10x-5-D0-PF-ILMN-NOVASEQ-sent-gatk-SNPts	SNPts	I2-HG003-10x-5-D0-PF-ILMN-NOVASEQ	332544085.0	332287239.0	20611.0	236235.0	602.0	0.9570311313130087	0.9197534709514651	0.9999981883177002	0.0025418325683909185	0.9974581674316091	0.9974581674316091	HG003	giabHC_x_ultima_x_clinvar	-1	-2	sent	gatk
I2-HG003-10x-5-D0-PF-ILMN-NOVASEQ-sent-gatk-SNPtv	SNPtv	I2-HG003-10x-5-D0-PF-ILMN-NOVASEQ	332544085.0	332429452.0	9299.0	105334.0	295.0	0.9564427817780643	0.9188802526323135	0.9999991125944574	0.002792793645684424	0.9972072063543156	0.9972072063543156	HG003	giabHC_x_ultima_x_clinvar	-1	-2	sent	gatk
I2-HG003-10x-5-D0-PF-ILMN-NOVASEQ-sent-gatk-INS_50	INS_50	I2-HG003-10x-5-D0-PF-ILMN-NOVASEQ	332544085.0	332526322.0	1772.0	15991.0	20.0	0.9469414342393556	0.9002420762258627	0.9999999398543891	0.0012491412154144025	0.9987508587845856	0.9987508587845856	HG003	giabHC_x_ultima_x_clinvar	-1	-2	sent	gatk
I2-HG003-10x-5-D0-PF-ILMN-NOVASEQ-sent-gatk-INS_gt50	INS_gt50	I2-HG003-10x-5-D0-PF-ILMN-NOVASEQ	332544085.0	332544085.0	0.0	0.0	0.0			1.0				HG003	giabHC_x_ultima_x_clinvar	-1	-2	sent	gatk
I2-HG003-10x-5-D0-PF-ILMN-NOVASEQ-sent-gatk-DEL_50	DEL_50	I2-HG003-10x-5-D0-PF-ILMN-NOVASEQ	332544085.0	332524740.0	1917.0	17428.0	17.0	0.9474313672193532	0.9009046265184802	0.999999948875987	0.0009744912582401834	0.9990255087417598	0.9990255087417598	HG003	giabHC_x_ultima_x_clinvar	-1	-2	sent	gatk
I2-HG003-10x-5-D0-PF-ILMN-NOVASEQ-sent-gatk-DEL_gt50	DEL_gt50	I2-HG003-10x-5-D0-PF-ILMN-NOVASEQ	332544085.0	332544085.0	0.0	0.0	0.0			1.0				HG003	giabHC_x_ultima_x_clinvar	-1	-2	sent	gatk
I2-HG003-10x-5-D0-PF-ILMN-NOVASEQ-sent-gatk-Indel_50	Indel_50	I2-HG003-10x-5-D0-PF-ILMN-NOVASEQ	332544085.0	332543483.0	170.0	432.0	0.0	0.8355899419729207	0.717607973421927	1.0	0.0	1.0	1.0	HG003	giabHC_x_ultima_x_clinvar	-1	-2	sent	gatk
I2-HG003-10x-5-D0-PF-ILMN-NOVASEQ-sent-gatk-Indel_gt50	Indel_gt50	I2-HG003-10x-5-D0-PF-ILMN-NOVASEQ	332544085.0	332544068.0	6.0	11.0	0.0	0.7857142857142858	0.6470588235294118	1.0	0.0	1.0	1.0	HG003	giabHC_x_ultima_x_clinvar	-1	-2	sent	gatk
I2-HG003-10x-5-D0-PF-ILMN-NOVASEQ-sent-gatk-All	All	I2-HG003-10x-5-D0-PF-ILMN-NOVASEQ	332544085.0	332134879.0	33775.0	375431.0	934.0	0.9558168516913176	0.9174621095487359	0.9999971878973497	0.002481633520651495	0.9975183664793486	0.9975183664793486	HG003	giabHC_x_ultima_x_clinvar	-1	-2	sent	gatk
I2-HG003-15x-6-D0-PF-ILMN-NOVASEQ-sent-gatk-SNPts	SNPts	I2-HG003-15x-6-D0-PF-ILMN-NOVASEQ	332544085.0	332287250.0	11418.0	245417.0	793.0	0.9757258296971444	0.9555434422878502	0.9999976135162949	0.003220827748669835	0.9967791722513302	0.9967791722513302	HG003	giabHC_x_ultima_x_clinvar	-1	-2	sent	gatk
I2-HG003-15x-6-D0-PF-ILMN-NOVASEQ-sent-gatk-SNPtv	SNPtv	I2-HG003-15x-6-D0-PF-ILMN-NOVASEQ	332544085.0	332429471.0	5201.0	109413.0	375.0	0.9751517366155383	0.9546215994555639	0.9999988719424429	0.0034156738441359713	0.996584326155864	0.996584326155864	HG003	giabHC_x_ultima_x_clinvar	-1	-2	sent	gatk
I2-HG003-15x-6-D0-PF-ILMN-NOVASEQ-sent-gatk-INS_50	INS_50	I2-HG003-15x-6-D0-PF-ILMN-NOVASEQ	332544085.0	332526399.0	928.0	16758.0	30.0	0.9722109415791611	0.9475291190772362	0.9999999097816071	0.0017869907076483202	0.9982130092923517	0.9982130092923517	HG003	giabHC_x_ultima_x_clinvar	-1	-2	sent	gatk
I2-HG003-15x-6-D0-PF-ILMN-NOVASEQ-sent-gatk-INS_gt50	INS_gt50	I2-HG003-15x-6-D0-PF-ILMN-NOVASEQ	332544085.0	332544085.0	0.0	0.0	0.0			1.0				HG003	giabHC_x_ultima_x_clinvar	-1	-2	sent	gatk
I2-HG003-15x-6-D0-PF-ILMN-NOVASEQ-sent-gatk-DEL_50	DEL_50	I2-HG003-15x-6-D0-PF-ILMN-NOVASEQ	332544085.0	332524884.0	953.0	18248.0	15.0	0.9741618620542387	0.950367168376647	0.999999954890596	0.0008213327492744894	0.9991786672507255	0.9991786672507255	HG003	giabHC_x_ultima_x_clinvar	-1	-2	sent	gatk
I2-HG003-15x-6-D0-PF-ILMN-NOVASEQ-sent-gatk-DEL_gt50	DEL_gt50	I2-HG003-15x-6-D0-PF-ILMN-NOVASEQ	332544085.0	332544085.0	0.0	0.0	0.0			1.0				HG003	giabHC_x_ultima_x_clinvar	-1	-2	sent	gatk
I2-HG003-15x-6-D0-PF-ILMN-NOVASEQ-sent-gatk-Indel_50	Indel_50	I2-HG003-15x-6-D0-PF-ILMN-NOVASEQ	332544085.0	332543261.0	78.0	746.0	0.0	0.9503184713375797	0.9053398058252428	1.0	0.0	1.0	1.0	HG003	giabHC_x_ultima_x_clinvar	-1	-2	sent	gatk
I2-HG003-15x-6-D0-PF-ILMN-NOVASEQ-sent-gatk-Indel_gt50	Indel_gt50	I2-HG003-15x-6-D0-PF-ILMN-NOVASEQ	332544085.0	332544064.0	3.0	18.0	0.0	0.923076923076923	0.8571428571428571	1.0	0.0	1.0	1.0	HG003	giabHC_x_ultima_x_clinvar	-1	-2	sent	gatk
I2-HG003-15x-6-D0-PF-ILMN-NOVASEQ-sent-gatk-All	All	I2-HG003-15x-6-D0-PF-ILMN-NOVASEQ	332544085.0	332134904.0	18581.0	390600.0	1213.0	0.9752882044060255	0.9545897781177523	0.9999963478828772	0.0030958646088822986	0.9969041353911177	0.9969041353911177	HG003	giabHC_x_ultima_x_clinvar	-1	-2	sent	gatk
I2-HG003-15x-6-D0-PF-ILMN-NOVASEQ-sent-gatk-SNPts	SNPts	I2-HG003-15x-6-D0-PF-ILMN-NOVASEQ	2505355380.0	2503152273.0	73331.0	2129776.0	5860.0	0.9817479394377587	0.9667147351445028	0.9999976589573296	0.0027439132885941236	0.9972560867114059	0.9972560867114059	HG003	giabHC_x_ultima	-1	-2	sent	gatk
I2-HG003-15x-6-D0-PF-ILMN-NOVASEQ-sent-gatk-SNPtv	SNPtv	I2-HG003-15x-6-D0-PF-ILMN-NOVASEQ	2505355380.0	2504320907.0	34088.0	1000385.0	2531.0	0.98202650549306	0.9670479558190499	0.9999989893477969	0.00252364106266128	0.9974763589373388	0.9974763589373388	HG003	giabHC_x_ultima	-1	-2	sent	gatk
I2-HG003-15x-6-D0-PF-ILMN-NOVASEQ-sent-gatk-INS_50	INS_50	I2-HG003-15x-6-D0-PF-ILMN-NOVASEQ	2505355380.0	2505199481.0	7222.0	148677.0	134.0	0.9758590134882347	0.9536751358251175	0.9999999465112483	0.0009004710673270121	0.999099528932673	0.999099528932673	HG003	giabHC_x_ultima	-1	-2	sent	gatk
I2-HG003-15x-6-D0-PF-ILMN-NOVASEQ-sent-gatk-INS_gt50	INS_gt50	I2-HG003-15x-6-D0-PF-ILMN-NOVASEQ	2505355380.0	2505355380.0	0.0	0.0	1.0			0.9999999996008551	1.0	0.0	0.0	HG003	giabHC_x_ultima	-1	-2	sent	gatk
I2-HG003-15x-6-D0-PF-ILMN-NOVASEQ-sent-gatk-DEL_50	DEL_50	I2-HG003-15x-6-D0-PF-ILMN-NOVASEQ	2505355380.0	2505186910.0	7235.0	161235.0	165.0	0.9775669203019371	0.957054668486971	0.9999999341366552	0.0010223048327137546	0.9989776951672863	0.9989776951672863	HG003	giabHC_x_ultima	-1	-2	sent	gatk
I2-HG003-15x-6-D0-PF-ILMN-NOVASEQ-sent-gatk-DEL_gt50	DEL_gt50	I2-HG003-15x-6-D0-PF-ILMN-NOVASEQ	2505355380.0	2505355380.0	0.0	0.0	2.0			0.99999999920171	1.0	0.0	0.0	HG003	giabHC_x_ultima	-1	-2	sent	gatk
I2-HG003-15x-6-D0-PF-ILMN-NOVASEQ-sent-gatk-Indel_50	Indel_50	I2-HG003-15x-6-D0-PF-ILMN-NOVASEQ	2505355380.0	2505346762.0	664.0	7954.0	0.0	0.9599324161235819	0.9229519610118357	1.0	0.0	1.0	1.0	HG003	giabHC_x_ultima	-1	-2	sent	gatk
I2-HG003-15x-6-D0-PF-ILMN-NOVASEQ-sent-gatk-Indel_gt50	Indel_gt50	I2-HG003-15x-6-D0-PF-ILMN-NOVASEQ	2505355380.0	2505355122.0	17.0	241.0	0.0	0.965931863727455	0.9341085271317829	1.0	0.0	1.0	1.0	HG003	giabHC_x_ultima	-1	-2	sent	gatk
I2-HG003-15x-6-D0-PF-ILMN-NOVASEQ-sent-gatk-All	All	I2-HG003-15x-6-D0-PF-ILMN-NOVASEQ	2505355380.0	2501784555.0	122557.0	3448268.0	8693.0	0.9813241325219636	0.9656782396224962	0.999996525292405	0.002514636410419441	0.9974853635895805	0.9974853635895805	HG003	giabHC_x_ultima	-1	-2	sent	gatk
I2-HG003-15x-6-D0-PF-ILMN-NOVASEQ-sent-gatk-SNPts	SNPts	I2-HG003-15x-6-D0-PF-ILMN-NOVASEQ	688815815.0	688747962.0	11079.0	56774.0	321527.0	0.2545040501710171	0.8367205576761528	0.9995333895853281	0.8499237379758446	0.15007626202415536	0.15007626202415536	HG003	hg38_m_giabHC	-1	-2	sent	gatk
I2-HG003-15x-6-D0-PF-ILMN-NOVASEQ-sent-gatk-SNPtv	SNPtv	I2-HG003-15x-6-D0-PF-ILMN-NOVASEQ	688815815.0	688780749.0	5567.0	29499.0	234146.0	0.1975086287414926	0.8412422289397137	0.9996601728036663	0.8881109067116767	0.1118890932883233	0.11188909328832332	HG003	hg38_m_giabHC	-1	-2	sent	gatk
I2-HG003-15x-6-D0-PF-ILMN-NOVASEQ-sent-gatk-INS_50	INS_50	I2-HG003-15x-6-D0-PF-ILMN-NOVASEQ	688815815.0	688786887.0	4728.0	24200.0	132737.0	0.2604040567078256	0.8365597345132744	0.9998073258543148	0.8457979953739398	0.15420200462606015	0.15420200462606015	HG003	hg38_m_giabHC	-1	-2	sent	gatk
I2-HG003-15x-6-D0-PF-ILMN-NOVASEQ-sent-gatk-INS_gt50	INS_gt50	I2-HG003-15x-6-D0-PF-ILMN-NOVASEQ	688815815.0	688815579.0	183.0	53.0	1625.0	0.05538140020898643	0.2245762711864407	0.9999976408835456	0.968414779499404	0.03158522050059598	0.03158522050059595	HG003	hg38_m_giabHC	-1	-2	sent	gatk
I2-HG003-15x-6-D0-PF-ILMN-NOVASEQ-sent-gatk-DEL_50	DEL_50	I2-HG003-15x-6-D0-PF-ILMN-NOVASEQ	688815815.0	688786030.0	3927.0	25858.0	143323.0	0.25992380607742027	0.8681551116333726	0.9997919627036127	0.8471577777646426	0.15284222223535737	0.1528422222353574	HG003	hg38_m_giabHC	-1	-2	sent	gatk
I2-HG003-15x-6-D0-PF-ILMN-NOVASEQ-sent-gatk-DEL_gt50	DEL_gt50	I2-HG003-15x-6-D0-PF-ILMN-NOVASEQ	688815815.0	688815676.0	76.0	63.0	1701.0	0.06621124540199684	0.45323741007194246	0.999997530550104	0.9642857142857143	0.0357142857142857	0.03571428571428571	HG003	hg38_m_giabHC	-1	-2	sent	gatk
I2-HG003-15x-6-D0-PF-ILMN-NOVASEQ-sent-gatk-Indel_50	Indel_50	I2-HG003-15x-6-D0-PF-ILMN-NOVASEQ	688815815.0	688810495.0	1197.0	4123.0	7139.0	0.4972862139669521	0.775	0.9999896358634744	0.6339016160539869	0.36609838394601313	0.36609838394601313	HG003	hg38_m_giabHC	-1	-2	sent	gatk
I2-HG003-15x-6-D0-PF-ILMN-NOVASEQ-sent-gatk-Indel_gt50	Indel_gt50	I2-HG003-15x-6-D0-PF-ILMN-NOVASEQ	688815815.0	688815127.0	174.0	514.0	690.0	0.5433403805496829	0.747093023255814	0.9999989982808424	0.5730897009966778	0.4269102990033222	0.4269102990033223	HG003	hg38_m_giabHC	-1	-2	sent	gatk
I2-HG003-15x-6-D0-PF-ILMN-NOVASEQ-sent-gatk-All	All	I2-HG003-15x-6-D0-PF-ILMN-NOVASEQ	688815815.0	688647800.0	26931.0	141084.0	842888.0	0.24494026408284122	0.8397107401124899	0.9987775208357854	0.8566178712402386	0.14338212875976142	0.14338212875976145	HG003	hg38_m_giabHC	-1	-2	sent	gatk
I2-HG003-15x-6-D0-PF-ILMN-NOVASEQ-sent-gatk-SNPts	SNPts	I2-HG003-15x-6-D0-PF-ILMN-NOVASEQ	2528531102.0	2526276212.0	91937.0	2162953.0	8756.0	0.9772527396314868	0.9592277228600952	0.999996534041048	0.004031847729138664	0.9959681522708613	0.9959681522708613	HG003	giabHC	-1	-2	sent	gatk
I2-HG003-15x-6-D0-PF-ILMN-NOVASEQ-sent-gatk-SNPtv	SNPtv	I2-HG003-15x-6-D0-PF-ILMN-NOVASEQ	2528531102.0	2527459287.0	44039.0	1027776.0	4144.0	0.9770964498855605	0.9589117524946003	0.9999983604114904	0.004015815179471277	0.9959841848205288	0.9959841848205288	HG003	giabHC	-1	-2	sent	gatk
I2-HG003-15x-6-D0-PF-ILMN-NOVASEQ-sent-gatk-INS_50	INS_50	I2-HG003-15x-6-D0-PF-ILMN-NOVASEQ	2528531102.0	2528295257.0	14549.0	221296.0	295.0	0.9675495588453903	0.938311178952278	0.9999998833206032	0.00133128150511528	0.9986687184948847	0.9986687184948847	HG003	giabHC	-1	-2	sent	gatk
I2-HG003-15x-6-D0-PF-ILMN-NOVASEQ-sent-gatk-INS_gt50	INS_gt50	I2-HG003-15x-6-D0-PF-ILMN-NOVASEQ	2528531102.0	2528531101.0	0.0	1.0	1.0	0.6666666666666666	1.0	0.9999999996045135	0.5	0.5	0.5	HG003	giabHC	-1	-2	sent	gatk
I2-HG003-15x-6-D0-PF-ILMN-NOVASEQ-sent-gatk-DEL_50	DEL_50	I2-HG003-15x-6-D0-PF-ILMN-NOVASEQ	2528531102.0	2528280127.0	14777.0	236198.0	384.0	0.968904148643133	0.9411216256599263	0.9999998481181189	0.001623115875256782	0.9983768841247432	0.9983768841247432	HG003	giabHC	-1	-2	sent	gatk
I2-HG003-15x-6-D0-PF-ILMN-NOVASEQ-sent-gatk-DEL_gt50	DEL_gt50	I2-HG003-15x-6-D0-PF-ILMN-NOVASEQ	2528531102.0	2528531102.0	0.0	0.0	2.0			0.9999999992090269	1.0	0.0	0.0	HG003	giabHC	-1	-2	sent	gatk
I2-HG003-15x-6-D0-PF-ILMN-NOVASEQ-sent-gatk-Indel_50	Indel_50	I2-HG003-15x-6-D0-PF-ILMN-NOVASEQ	2528531102.0	2528514017.0	1973.0	15112.0	2.0	0.9386626913879313	0.8845185835528241	0.9999999992090216	0.00013232764324467382	0.9998676723567553	0.9998676723567553	HG003	giabHC	-1	-2	sent	gatk
I2-HG003-15x-6-D0-PF-ILMN-NOVASEQ-sent-gatk-Indel_gt50	Indel_gt50	I2-HG003-15x-6-D0-PF-ILMN-NOVASEQ	2528531102.0	2528530771.0	29.0	302.0	0.0	0.9541864139020537	0.9123867069486404	1.0	0.0	1.0	1.0	HG003	giabHC	-1	-2	sent	gatk
I2-HG003-15x-6-D0-PF-ILMN-NOVASEQ-sent-gatk-All	All	I2-HG003-15x-6-D0-PF-ILMN-NOVASEQ	2528531102.0	2524700160.0	167304.0	3663638.0	13584.0	0.9759078251354126	0.956328234674396	0.9999946195880495	0.0036940929864990473	0.996305907013501	0.996305907013501	HG003	giabHC	-1	-2	sent	gatk
I2-HG003-15x-6-D0-PF-ILMN-NOVASEQ-sent-gatk-SNPts	SNPts	I2-HG003-15x-6-D0-PF-ILMN-NOVASEQ	337668665.0	337403089.0	14454.0	251122.0	1566.0	0.9690891128845531	0.9455749013465072	0.9999953586888124	0.00619736592161084	0.9938026340783892	0.9938026340783892	HG003	giabHC_x_clinvar_genes	-1	-2	sent	gatk
I2-HG003-15x-6-D0-PF-ILMN-NOVASEQ-sent-gatk-SNPtv	SNPtv	I2-HG003-15x-6-D0-PF-ILMN-NOVASEQ	337668665.0	337548408.0	6717.0	113540.0	761.0	0.9681187595392184	0.9441446235977947	0.9999977455136321	0.0066578595112903646	0.9933421404887096	0.9933421404887096	HG003	giabHC_x_clinvar_genes	-1	-2	sent	gatk
I2-HG003-15x-6-D0-PF-ILMN-NOVASEQ-sent-gatk-INS_50	INS_50	I2-HG003-15x-6-D0-PF-ILMN-NOVASEQ	337668665.0	337641690.0	1820.0	25155.0	67.0	0.9638484970400597	0.9325301204819277	0.9999998015648284	0.002656411069701055	0.997343588930299	0.997343588930299	HG003	giabHC_x_clinvar_genes	-1	-2	sent	gatk
I2-HG003-15x-6-D0-PF-ILMN-NOVASEQ-sent-gatk-INS_gt50	INS_gt50	I2-HG003-15x-6-D0-PF-ILMN-NOVASEQ	337668665.0	337668665.0	0.0	0.0	0.0			1.0				HG003	giabHC_x_clinvar_genes	-1	-2	sent	gatk
I2-HG003-15x-6-D0-PF-ILMN-NOVASEQ-sent-gatk-DEL_50	DEL_50	I2-HG003-15x-6-D0-PF-ILMN-NOVASEQ	337668665.0	337639945.0	1832.0	26888.0	81.0	0.965648512273519	0.9362116991643454	0.9999997600995327	0.0030034484037227928	0.9969965515962772	0.9969965515962772	HG003	giabHC_x_clinvar_genes	-1	-2	sent	gatk
I2-HG003-15x-6-D0-PF-ILMN-NOVASEQ-sent-gatk-DEL_gt50	DEL_gt50	I2-HG003-15x-6-D0-PF-ILMN-NOVASEQ	337668665.0	337668665.0	0.0	0.0	0.0			1.0				HG003	giabHC_x_clinvar_genes	-1	-2	sent	gatk
I2-HG003-15x-6-D0-PF-ILMN-NOVASEQ-sent-gatk-Indel_50	Indel_50	I2-HG003-15x-6-D0-PF-ILMN-NOVASEQ	337668665.0	337666952.0	218.0	1495.0	0.0	0.9320448877805486	0.8727378867483946	1.0	0.0	1.0	1.0	HG003	giabHC_x_clinvar_genes	-1	-2	sent	gatk
I2-HG003-15x-6-D0-PF-ILMN-NOVASEQ-sent-gatk-Indel_gt50	Indel_gt50	I2-HG003-15x-6-D0-PF-ILMN-NOVASEQ	337668665.0	337668635.0	4.0	26.0	0.0	0.9285714285714286	0.8666666666666667	1.0	0.0	1.0	1.0	HG003	giabHC_x_clinvar_genes	-1	-2	sent	gatk
I2-HG003-15x-6-D0-PF-ILMN-NOVASEQ-sent-gatk-All	All	I2-HG003-15x-6-D0-PF-ILMN-NOVASEQ	337668665.0	337225394.0	25045.0	418226.0	2475.0	0.9681471158787553	0.9434995747522396	0.9999926607489252	0.005883038072170021	0.99411696192783	0.99411696192783	HG003	giabHC_x_clinvar_genes	-1	-2	sent	gatk
I2-HG003-15x-6-D0-PF-ILMN-NOVASEQ-sent-gatk-SNPts	SNPts	I2-HG003-15x-6-D0-PF-ILMN-NOVASEQ	2799325643.0	2797071500.0	78217.0	2175926.0	160396.0	0.9480198629114915	0.9653007817161555	0.9999426590265078	0.06865320790541715	0.9313467920945828	0.9313467920945828	HG003	ultima	-1	-2	sent	gatk
I2-HG003-15x-6-D0-PF-ILMN-NOVASEQ-sent-gatk-SNPtv	SNPtv	I2-HG003-15x-6-D0-PF-ILMN-NOVASEQ	2799325643.0	2798266887.0	36374.0	1022382.0	94711.0	0.9397545509821683	0.9656445866658607	0.9999661548385785	0.08478345133305822	0.9152165486669418	0.9152165486669418	HG003	ultima	-1	-2	sent	gatk
I2-HG003-15x-6-D0-PF-ILMN-NOVASEQ-sent-gatk-INS_50	INS_50	I2-HG003-15x-6-D0-PF-ILMN-NOVASEQ	2799325643.0	2799158944.0	8269.0	158430.0	25385.0	0.903986716650405	0.9503956232490897	0.9999909312867549	0.13810080787748552	0.8618991921225145	0.8618991921225145	HG003	ultima	-1	-2	sent	gatk
I2-HG003-15x-6-D0-PF-ILMN-NOVASEQ-sent-gatk-INS_gt50	INS_gt50	I2-HG003-15x-6-D0-PF-ILMN-NOVASEQ	2799325643.0	2799325547.0	72.0	24.0	311.0	0.11136890951276102	0.25	0.9999998889018229	0.9283582089552239	0.07164179104477608	0.07164179104477612	HG003	ultima	-1	-2	sent	gatk
I2-HG003-15x-6-D0-PF-ILMN-NOVASEQ-sent-gatk-DEL_50	DEL_50	I2-HG003-15x-6-D0-PF-ILMN-NOVASEQ	2799325643.0	2799144228.0	8467.0	172948.0	33374.0	0.8920892254285766	0.9533280048507565	0.9999880772124012	0.1617568654821105	0.8382431345178896	0.8382431345178896	HG003	ultima	-1	-2	sent	gatk
I2-HG003-15x-6-D0-PF-ILMN-NOVASEQ-sent-gatk-DEL_gt50	DEL_gt50	I2-HG003-15x-6-D0-PF-ILMN-NOVASEQ	2799325643.0	2799325553.0	45.0	45.0	772.0	0.09922822491730982	0.5	0.999999724219362	0.944920440636475	0.055079559363525044	0.05507955936352509	HG003	ultima	-1	-2	sent	gatk
I2-HG003-15x-6-D0-PF-ILMN-NOVASEQ-sent-gatk-Indel_50	Indel_50	I2-HG003-15x-6-D0-PF-ILMN-NOVASEQ	2799325643.0	2799314809.0	855.0	9979.0	1307.0	0.902260397830018	0.9210817795827949	0.9999995331002481	0.11580719475456318	0.8841928052454369	0.8841928052454369	HG003	ultima	-1	-2	sent	gatk
I2-HG003-15x-6-D0-PF-ILMN-NOVASEQ-sent-gatk-Indel_gt50	Indel_gt50	I2-HG003-15x-6-D0-PF-ILMN-NOVASEQ	2799325643.0	2799325021.0	64.0	558.0	229.0	0.7920511000709723	0.8971061093247589	0.999999918194572	0.2909783989834816	0.7090216010165185	0.7090216010165185	HG003	ultima	-1	-2	sent	gatk
I2-HG003-15x-6-D0-PF-ILMN-NOVASEQ-sent-gatk-All	All	I2-HG003-15x-6-D0-PF-ILMN-NOVASEQ	2799325643.0	2795652988.0	132363.0	3540292.0	316485.0	0.9403875352084992	0.9639598601012075	0.9998868067040587	0.08205945015747605	0.9179405498425239	0.9179405498425239	HG003	ultima	-1	-2	sent	gatk
I2-HG003-15x-6-D0-PF-ILMN-NOVASEQ-sent-gatk-SNPts	SNPts	I2-HG003-15x-6-D0-PF-ILMN-NOVASEQ	377862616.0	377589372.0	16158.0	257086.0	28329.0	0.9203682389436131	0.9408660391445008	0.9999249796820303	0.09925547010493492	0.900744529895065	0.900744529895065	HG003	clinvar_genes	-1	-2	sent	gatk
I2-HG003-15x-6-D0-PF-ILMN-NOVASEQ-sent-gatk-SNPtv	SNPtv	I2-HG003-15x-6-D0-PF-ILMN-NOVASEQ	377862616.0	377738285.0	7598.0	116733.0	17189.0	0.9040204760448088	0.9388889335724799	0.9999544970194132	0.12835083108077835	0.8716491689192216	0.8716491689192216	HG003	clinvar_genes	-1	-2	sent	gatk
I2-HG003-15x-6-D0-PF-ILMN-NOVASEQ-sent-gatk-INS_50	INS_50	I2-HG003-15x-6-D0-PF-ILMN-NOVASEQ	377862616.0	377832661.0	2344.0	27611.0	13909.0	0.7726058062259531	0.9217492906025705	0.9999631887620417	0.33499518304431597	0.665004816955684	0.665004816955684	HG003	clinvar_genes	-1	-2	sent	gatk
I2-HG003-15x-6-D0-PF-ILMN-NOVASEQ-sent-gatk-INS_gt50	INS_gt50	I2-HG003-15x-6-D0-PF-ILMN-NOVASEQ	377862616.0	377862586.0	21.0	9.0	205.0	0.07377049180327869	0.3	0.9999994574750283	0.9579439252336449	0.04205607476635509	0.04205607476635514	HG003	clinvar_genes	-1	-2	sent	gatk
I2-HG003-15x-6-D0-PF-ILMN-NOVASEQ-sent-gatk-DEL_50	DEL_50	I2-HG003-15x-6-D0-PF-ILMN-NOVASEQ	377862616.0	377830797.0	2305.0	29514.0	14578.0	0.777594814980701	0.9275590056255696	0.999961418080081	0.33062687108772565	0.6693731289122744	0.6693731289122743	HG003	clinvar_genes	-1	-2	sent	gatk
I2-HG003-15x-6-D0-PF-ILMN-NOVASEQ-sent-gatk-DEL_gt50	DEL_gt50	I2-HG003-15x-6-D0-PF-ILMN-NOVASEQ	377862616.0	377862598.0	13.0	5.0	219.0	0.041322314049586785	0.2777777777777778	0.9999994204245823	0.9776785714285714	0.022321428571428603	0.022321428571428572	HG003	clinvar_genes	-1	-2	sent	gatk
I2-HG003-15x-6-D0-PF-ILMN-NOVASEQ-sent-gatk-Indel_50	Indel_50	I2-HG003-15x-6-D0-PF-ILMN-NOVASEQ	377862616.0	377860358.0	374.0	1884.0	801.0	0.7622901072223346	0.8343666961913198	0.9999978801737598	0.29832402234636873	0.7016759776536312	0.7016759776536313	HG003	clinvar_genes	-1	-2	sent	gatk
I2-HG003-15x-6-D0-PF-ILMN-NOVASEQ-sent-gatk-Indel_gt50	Indel_gt50	I2-HG003-15x-6-D0-PF-ILMN-NOVASEQ	377862616.0	377862505.0	27.0	84.0	79.0	0.6131386861313869	0.7567567567567568	0.9999997909292866	0.48466257668711654	0.5153374233128835	0.5153374233128835	HG003	clinvar_genes	-1	-2	sent	gatk
I2-HG003-15x-6-D0-PF-ILMN-NOVASEQ-sent-gatk-All	All	I2-HG003-15x-6-D0-PF-ILMN-NOVASEQ	377862616.0	377400850.0	28840.0	432926.0	75309.0	0.8926300075979303	0.9375441240801619	0.9998004933604296	0.14817751630643305	0.851822483693567	0.851822483693567	HG003	clinvar_genes	-1	-2	sent	gatk
I2-HG003-15x-6-D0-PF-ILMN-NOVASEQ-sent-gatk-SNPts	SNPts	I2-HG003-15x-6-D0-PF-ILMN-NOVASEQ	3088286401.0	3085963681.0	103016.0	2219704.0	274777.0	0.9215741672394405	0.9556485499758903	0.9999109670222378	0.11015397591723489	0.8898460240827651	0.8898460240827651	HG003	hg38	-1	-2	sent	gatk
I2-HG003-15x-6-D0-PF-ILMN-NOVASEQ-sent-gatk-SNPtv	SNPtv	I2-HG003-15x-6-D0-PF-ILMN-NOVASEQ	3088286401.0	3087179531.0	49606.0	1057264.0	196622.0	0.8956995132067863	0.9551835355552143	0.9999363142065443	0.15681010873396783	0.8431898912660322	0.8431898912660322	HG003	hg38	-1	-2	sent	gatk
I2-HG003-15x-6-D0-PF-ILMN-NOVASEQ-sent-gatk-INS_50	INS_50	I2-HG003-15x-6-D0-PF-ILMN-NOVASEQ	3088286401.0	3088021548.0	19291.0	245562.0	129030.0	0.7680472910101729	0.9271633698693237	0.9999582177109759	0.34445476678626347	0.6555452332137366	0.6555452332137366	HG003	hg38	-1	-2	sent	gatk
I2-HG003-15x-6-D0-PF-ILMN-NOVASEQ-sent-gatk-INS_gt50	INS_gt50	I2-HG003-15x-6-D0-PF-ILMN-NOVASEQ	3088286401.0	3088286164.0	183.0	54.0	1572.0	0.05797101449275363	0.22784810126582278	0.9999994909800723	0.966789667896679	0.03321033210332103	0.033210332103321034	HG003	hg38	-1	-2	sent	gatk
I2-HG003-15x-6-D0-PF-ILMN-NOVASEQ-sent-gatk-DEL_50	DEL_50	I2-HG003-15x-6-D0-PF-ILMN-NOVASEQ	3088286401.0	3088005833.0	18676.0	261892.0	138685.0	0.7689757687423382	0.9334350317926492	0.9999550911561322	0.34621308762110653	0.6537869123788935	0.6537869123788934	HG003	hg38	-1	-2	sent	gatk
I2-HG003-15x-6-D0-PF-ILMN-NOVASEQ-sent-gatk-DEL_gt50	DEL_gt50	I2-HG003-15x-6-D0-PF-ILMN-NOVASEQ	3088286401.0	3088286262.0	76.0	63.0	1611.0	0.06949806949806948	0.45323741007194246	0.9999994783517385	0.9623655913978495	0.037634408602150504	0.03763440860215054	HG003	hg38	-1	-2	sent	gatk
I2-HG003-15x-6-D0-PF-ILMN-NOVASEQ-sent-gatk-Indel_50	Indel_50	I2-HG003-15x-6-D0-PF-ILMN-NOVASEQ	3088286401.0	3088263996.0	3170.0	19235.0	6987.0	0.7911242725234953	0.8585137246150413	0.9999977375690027	0.2664556479292197	0.7335443520707803	0.7335443520707803	HG003	hg38	-1	-2	sent	gatk
I2-HG003-15x-6-D0-PF-ILMN-NOVASEQ-sent-gatk-Indel_gt50	Indel_gt50	I2-HG003-15x-6-D0-PF-ILMN-NOVASEQ	3088286401.0	3088285384.0	201.0	816.0	674.0	0.650977263661747	0.8023598820058997	0.9999997817559684	0.45234899328859063	0.5476510067114093	0.5476510067114094	HG003	hg38	-1	-2	sent	gatk
I2-HG003-15x-6-D0-PF-ILMN-NOVASEQ-sent-gatk-All	All	I2-HG003-15x-6-D0-PF-ILMN-NOVASEQ	3088286401.0	3084287592.0	194219.0	3804590.0	749958.0	0.8896132828315244	0.951430788517281	0.9997569047417267	0.16466134509944785	0.8353386549005521	0.8353386549005521	HG003	hg38	-1	-2	sent	gatk
I2-HG003-1x-1-D0-PF-ILMN-NOVASEQ-sent-gatk-SNPts	SNPts	I2-HG003-1x-1-D0-PF-ILMN-NOVASEQ	337668665.0	337403090.0	219817.0	45758.0	153.0	0.2938045369615328	0.17229784430010356	0.9999995465366645	0.0033325346866763957	0.9966674653133236	0.9966674653133236	HG003	giabHC_x_clinvar_genes	-1	-2	sent	gatk
I2-HG003-1x-1-D0-PF-ILMN-NOVASEQ-sent-gatk-SNPtv	SNPtv	I2-HG003-1x-1-D0-PF-ILMN-NOVASEQ	337668665.0	337548394.0	99799.0	20472.0	58.0	0.2907933892514968	0.17021559644469572	0.999999828172816	0.0028251339503166098	0.9971748660496834	0.9971748660496834	HG003	giabHC_x_clinvar_genes	-1	-2	sent	gatk
I2-HG003-1x-1-D0-PF-ILMN-NOVASEQ-sent-gatk-INS_50	INS_50	I2-HG003-1x-1-D0-PF-ILMN-NOVASEQ	337668665.0	337642299.0	23357.0	3009.0	7.0	0.20481927710843376	0.11412425092922704	0.9999999792680009	0.0023209549071618036	0.9976790450928382	0.9976790450928382	HG003	giabHC_x_clinvar_genes	-1	-2	sent	gatk
I2-HG003-1x-1-D0-PF-ILMN-NOVASEQ-sent-gatk-INS_gt50	INS_gt50	I2-HG003-1x-1-D0-PF-ILMN-NOVASEQ	337668665.0	337668665.0	0.0	0.0	0.0			1.0				HG003	giabHC_x_clinvar_genes	-1	-2	sent	gatk
I2-HG003-1x-1-D0-PF-ILMN-NOVASEQ-sent-gatk-DEL_50	DEL_50	I2-HG003-1x-1-D0-PF-ILMN-NOVASEQ	337668665.0	337640662.0	25058.0	2945.0	13.0	0.1902393333548658	0.10516730350319609	0.9999999614975299	0.004394861392832995	0.995605138607167	0.995605138607167	HG003	giabHC_x_clinvar_genes	-1	-2	sent	gatk
I2-HG003-1x-1-D0-PF-ILMN-NOVASEQ-sent-gatk-DEL_gt50	DEL_gt50	I2-HG003-1x-1-D0-PF-ILMN-NOVASEQ	337668665.0	337668665.0	0.0	0.0	0.0			1.0				HG003	giabHC_x_clinvar_genes	-1	-2	sent	gatk
I2-HG003-1x-1-D0-PF-ILMN-NOVASEQ-sent-gatk-Indel_50	Indel_50	I2-HG003-1x-1-D0-PF-ILMN-NOVASEQ	337668665.0	337665638.0	3027.0	0.0	0.0		0.0	1.0				HG003	giabHC_x_clinvar_genes	-1	-2	sent	gatk
I2-HG003-1x-1-D0-PF-ILMN-NOVASEQ-sent-gatk-Indel_gt50	Indel_gt50	I2-HG003-1x-1-D0-PF-ILMN-NOVASEQ	337668665.0	337668621.0	44.0	0.0	0.0		0.0	1.0				HG003	giabHC_x_clinvar_genes	-1	-2	sent	gatk
I2-HG003-1x-1-D0-PF-ILMN-NOVASEQ-sent-gatk-All	All	I2-HG003-1x-1-D0-PF-ILMN-NOVASEQ	337668665.0	337225379.0	371102.0	72184.0	231.0	0.2799451620221795	0.16283843838966267	0.9999993149986444	0.0031899468342194296	0.9968100531657805	0.9968100531657805	HG003	giabHC_x_clinvar_genes	-1	-2	sent	gatk
I2-HG003-1x-1-D0-PF-ILMN-NOVASEQ-sent-gatk-SNPts	SNPts	I2-HG003-1x-1-D0-PF-ILMN-NOVASEQ	2799325643.0	2797071787.0	1877938.0	375918.0	21958.0	0.28352638954464476	0.16678882768020672	0.9999921497089472	0.055188048537735374	0.9448119514622646	0.9448119514622646	HG003	ultima	-1	-2	sent	gatk
I2-HG003-1x-1-D0-PF-ILMN-NOVASEQ-sent-gatk-SNPtv	SNPtv	I2-HG003-1x-1-D0-PF-ILMN-NOVASEQ	2799325643.0	2798267246.0	882148.0	176249.0	13122.0	0.28250283706586476	0.16652447049642052	0.9999953106914696	0.06929255271398471	0.9307074472860153	0.9307074472860153	HG003	ultima	-1	-2	sent	gatk
I2-HG003-1x-1-D0-PF-ILMN-NOVASEQ-sent-gatk-INS_50	INS_50	I2-HG003-1x-1-D0-PF-ILMN-NOVASEQ	2799325643.0	2799161640.0	142415.0	21588.0	3067.0	0.22885856947492286	0.13163173844380896	0.9999989043159939	0.12439667410261611	0.8756033258973839	0.8756033258973839	HG003	ultima	-1	-2	sent	gatk
I2-HG003-1x-1-D0-PF-ILMN-NOVASEQ-sent-gatk-INS_gt50	INS_gt50	I2-HG003-1x-1-D0-PF-ILMN-NOVASEQ	2799325643.0	2799325547.0	96.0	0.0	11.0		0.0	0.9999999960704821	1.0	0.0	0.0	HG003	ultima	-1	-2	sent	gatk
I2-HG003-1x-1-D0-PF-ILMN-NOVASEQ-sent-gatk-DEL_50	DEL_50	I2-HG003-1x-1-D0-PF-ILMN-NOVASEQ	2799325643.0	2799148092.0	156387.0	21164.0	3604.0	0.20921416179399857	0.11919955393098321	0.9999987124670645	0.14551033591731266	0.8544896640826873	0.8544896640826873	HG003	ultima	-1	-2	sent	gatk
I2-HG003-1x-1-D0-PF-ILMN-NOVASEQ-sent-gatk-DEL_gt50	DEL_gt50	I2-HG003-1x-1-D0-PF-ILMN-NOVASEQ	2799325643.0	2799325554.0	86.0	3.0	31.0	0.048780487804878044	0.033707865168539325	0.9999999889259041	0.9117647058823529	0.08823529411764708	0.08823529411764706	HG003	ultima	-1	-2	sent	gatk
I2-HG003-1x-1-D0-PF-ILMN-NOVASEQ-sent-gatk-Indel_50	Indel_50	I2-HG003-1x-1-D0-PF-ILMN-NOVASEQ	2799325643.0	2799309301.0	16342.0	0.0	0.0		0.0	1.0				HG003	ultima	-1	-2	sent	gatk
I2-HG003-1x-1-D0-PF-ILMN-NOVASEQ-sent-gatk-Indel_gt50	Indel_gt50	I2-HG003-1x-1-D0-PF-ILMN-NOVASEQ	2799325643.0	2799324738.0	905.0	0.0	0.0		0.0	1.0				HG003	ultima	-1	-2	sent	gatk
I2-HG003-1x-1-D0-PF-ILMN-NOVASEQ-sent-gatk-All	All	I2-HG003-1x-1-D0-PF-ILMN-NOVASEQ	2799325643.0	2795654404.0	3076317.0	594922.0	41793.0	0.2761970067461259	0.16204937896987912	0.999985050950799	0.06563847247198511	0.9343615275280149	0.9343615275280149	HG003	ultima	-1	-2	sent	gatk
I2-HG003-1x-1-D0-PF-ILMN-NOVASEQ-sent-gatk-SNPts	SNPts	I2-HG003-1x-1-D0-PF-ILMN-NOVASEQ	688815815.0	688747863.0	60991.0	6961.0	46244.0	0.11490875475622539	0.10243995761714152	0.9999328623756649	0.8691664317263416	0.13083356827365844	0.1308335682736585	HG003	hg38_m_giabHC	-1	-2	sent	gatk
I2-HG003-1x-1-D0-PF-ILMN-NOVASEQ-sent-gatk-SNPtv	SNPtv	I2-HG003-1x-1-D0-PF-ILMN-NOVASEQ	688815815.0	688780703.0	31386.0	3726.0	33044.0	0.1036699034528811	0.10611756664388243	0.9999520276705511	0.898667391895567	0.10133260810443301	0.10133260810443297	HG003	hg38_m_giabHC	-1	-2	sent	gatk
I2-HG003-1x-1-D0-PF-ILMN-NOVASEQ-sent-gatk-INS_50	INS_50	I2-HG003-1x-1-D0-PF-ILMN-NOVASEQ	688815815.0	688788904.0	24681.0	2230.0	8204.0	0.11942696478778954	0.082865742633124	0.9999880893808863	0.7862756373394671	0.21372436266053285	0.21372436266053288	HG003	hg38_m_giabHC	-1	-2	sent	gatk
I2-HG003-1x-1-D0-PF-ILMN-NOVASEQ-sent-gatk-INS_gt50	INS_gt50	I2-HG003-1x-1-D0-PF-ILMN-NOVASEQ	688815815.0	688815578.0	236.0	1.0	86.0	0.006172839506172838	0.004219409282700422	0.9999998751480192	0.9885057471264368	0.011494252873563204	0.011494252873563218	HG003	hg38_m_giabHC	-1	-2	sent	gatk
I2-HG003-1x-1-D0-PF-ILMN-NOVASEQ-sent-gatk-DEL_50	DEL_50	I2-HG003-1x-1-D0-PF-ILMN-NOVASEQ	688815815.0	688788877.0	24450.0	2488.0	9270.0	0.12859210254289852	0.09236023461281462	0.9999865417756416	0.7883993876509611	0.21160061234903893	0.21160061234903896	HG003	hg38_m_giabHC	-1	-2	sent	gatk
I2-HG003-1x-1-D0-PF-ILMN-NOVASEQ-sent-gatk-DEL_gt50	DEL_gt50	I2-HG003-1x-1-D0-PF-ILMN-NOVASEQ	688815815.0	688815677.0	135.0	3.0	64.0	0.029268292682926828	0.021739130434782608	0.9999999070869084	0.9552238805970149	0.04477611940298509	0.04477611940298507	HG003	hg38_m_giabHC	-1	-2	sent	gatk
I2-HG003-1x-1-D0-PF-ILMN-NOVASEQ-sent-gatk-Indel_50	Indel_50	I2-HG003-1x-1-D0-PF-ILMN-NOVASEQ	688815815.0	688806284.0	9529.0	2.0	19.0	0.0004187604690117253	0.00020984156961494072	0.999999972416048	0.9047619047619048	0.09523809523809523	0.09523809523809523	HG003	hg38_m_giabHC	-1	-2	sent	gatk
I2-HG003-1x-1-D0-PF-ILMN-NOVASEQ-sent-gatk-Indel_gt50	Indel_gt50	I2-HG003-1x-1-D0-PF-ILMN-NOVASEQ	688815815.0	688814646.0	1169.0	0.0	0.0		0.0	1.0				HG003	hg38_m_giabHC	-1	-2	sent	gatk
I2-HG003-1x-1-D0-PF-ILMN-NOVASEQ-sent-gatk-All	All	I2-HG003-1x-1-D0-PF-ILMN-NOVASEQ	688815815.0	688647827.0	152577.0	15411.0	96931.0	0.10994898869189883	0.09173869562111579	0.9998592642646291	0.8628206725890584	0.13717932741094163	0.13717932741094158	HG003	hg38_m_giabHC	-1	-2	sent	gatk
I2-HG003-1x-1-D0-PF-ILMN-NOVASEQ-sent-gatk-SNPts	SNPts	I2-HG003-1x-1-D0-PF-ILMN-NOVASEQ	332544085.0	332287289.0	211699.0	45097.0	100.0	0.2986625517810016	0.1756141061387249	0.999999699055687	0.0022125362302807708	0.9977874637697193	0.9977874637697193	HG003	giabHC_x_ultima_x_clinvar	-1	-2	sent	gatk
I2-HG003-1x-1-D0-PF-ILMN-NOVASEQ-sent-gatk-SNPtv	SNPtv	I2-HG003-1x-1-D0-PF-ILMN-NOVASEQ	332544085.0	332429507.0	94640.0	19938.0	42.0	0.29634804322299674	0.17401246312555638	0.9999998736574407	0.002102102102102102	0.9978978978978978	0.9978978978978978	HG003	giabHC_x_ultima_x_clinvar	-1	-2	sent	gatk
I2-HG003-1x-1-D0-PF-ILMN-NOVASEQ-sent-gatk-INS_50	INS_50	I2-HG003-1x-1-D0-PF-ILMN-NOVASEQ	332544085.0	332526590.0	15024.0	2471.0	4.0	0.24747120681021534	0.1412403543869677	0.999999987970887	0.0016161616161616162	0.9983838383838384	0.9983838383838384	HG003	giabHC_x_ultima_x_clinvar	-1	-2	sent	gatk
I2-HG003-1x-1-D0-PF-ILMN-NOVASEQ-sent-gatk-INS_gt50	INS_gt50	I2-HG003-1x-1-D0-PF-ILMN-NOVASEQ	332544085.0	332544085.0	0.0	0.0	0.0			1.0				HG003	giabHC_x_ultima_x_clinvar	-1	-2	sent	gatk
I2-HG003-1x-1-D0-PF-ILMN-NOVASEQ-sent-gatk-DEL_50	DEL_50	I2-HG003-1x-1-D0-PF-ILMN-NOVASEQ	332544085.0	332525133.0	16523.0	2429.0	5.0	0.22715795380155243	0.12816589278176446	0.9999999849635428	0.002054231717337716	0.9979457682826622	0.9979457682826622	HG003	giabHC_x_ultima_x_clinvar	-1	-2	sent	gatk
I2-HG003-1x-1-D0-PF-ILMN-NOVASEQ-sent-gatk-DEL_gt50	DEL_gt50	I2-HG003-1x-1-D0-PF-ILMN-NOVASEQ	332544085.0	332544085.0	0.0	0.0	0.0			1.0				HG003	giabHC_x_ultima_x_clinvar	-1	-2	sent	gatk
I2-HG003-1x-1-D0-PF-ILMN-NOVASEQ-sent-gatk-Indel_50	Indel_50	I2-HG003-1x-1-D0-PF-ILMN-NOVASEQ	332544085.0	332542875.0	1210.0	0.0	0.0		0.0	1.0				HG003	giabHC_x_ultima_x_clinvar	-1	-2	sent	gatk
I2-HG003-1x-1-D0-PF-ILMN-NOVASEQ-sent-gatk-Indel_gt50	Indel_gt50	I2-HG003-1x-1-D0-PF-ILMN-NOVASEQ	332544085.0	332544056.0	29.0	0.0	0.0		0.0	1.0				HG003	giabHC_x_ultima_x_clinvar	-1	-2	sent	gatk
I2-HG003-1x-1-D0-PF-ILMN-NOVASEQ-sent-gatk-All	All	I2-HG003-1x-1-D0-PF-ILMN-NOVASEQ	332544085.0	332135025.0	339125.0	69935.0	151.0	0.2919151991251101	0.17096513958832446	0.9999995453658302	0.002154495905030962	0.9978455040949691	0.9978455040949691	HG003	giabHC_x_ultima_x_clinvar	-1	-2	sent	gatk
I2-HG003-1x-1-D0-PF-ILMN-NOVASEQ-sent-gatk-SNPts	SNPts	I2-HG003-1x-1-D0-PF-ILMN-NOVASEQ	377862616.0	377589371.0	226708.0	46537.0	3781.0	0.2876534090733489	0.17031235704221487	0.9999899865768752	0.07514209626773719	0.9248579037322628	0.9248579037322628	HG003	clinvar_genes	-1	-2	sent	gatk
I2-HG003-1x-1-D0-PF-ILMN-NOVASEQ-sent-gatk-SNPtv	SNPtv	I2-HG003-1x-1-D0-PF-ILMN-NOVASEQ	377862616.0	377738268.0	103468.0	20880.0	2174.0	0.2833068750763219	0.16791584906874257	0.9999942447253238	0.09430033833608051	0.9056996616639195	0.9056996616639195	HG003	clinvar_genes	-1	-2	sent	gatk
I2-HG003-1x-1-D0-PF-ILMN-NOVASEQ-sent-gatk-INS_50	INS_50	I2-HG003-1x-1-D0-PF-ILMN-NOVASEQ	377862616.0	377833436.0	25919.0	3261.0	831.0	0.1960206780476076	0.11175462645647703	0.9999978006229912	0.20307917888563048	0.7969208211143695	0.7969208211143695	HG003	clinvar_genes	-1	-2	sent	gatk
I2-HG003-1x-1-D0-PF-ILMN-NOVASEQ-sent-gatk-INS_gt50	INS_gt50	I2-HG003-1x-1-D0-PF-ILMN-NOVASEQ	377862616.0	377862586.0	30.0	0.0	16.0		0.0	0.9999999576565664	1.0	0.0	0.0	HG003	clinvar_genes	-1	-2	sent	gatk
I2-HG003-1x-1-D0-PF-ILMN-NOVASEQ-sent-gatk-DEL_50	DEL_50	I2-HG003-1x-1-D0-PF-ILMN-NOVASEQ	377862616.0	377831787.0	27635.0	3194.0	973.0	0.18253514687392844	0.10360374971617632	0.9999974247865643	0.23350131989440845	0.7664986801055915	0.7664986801055915	HG003	clinvar_genes	-1	-2	sent	gatk
I2-HG003-1x-1-D0-PF-ILMN-NOVASEQ-sent-gatk-DEL_gt50	DEL_gt50	I2-HG003-1x-1-D0-PF-ILMN-NOVASEQ	377862616.0	377862598.0	18.0	0.0	9.0		0.0	0.9999999761818189	1.0	0.0	0.0	HG003	clinvar_genes	-1	-2	sent	gatk
I2-HG003-1x-1-D0-PF-ILMN-NOVASEQ-sent-gatk-Indel_50	Indel_50	I2-HG003-1x-1-D0-PF-ILMN-NOVASEQ	377862616.0	377858662.0	3954.0	0.0	0.0		0.0	1.0				HG003	clinvar_genes	-1	-2	sent	gatk
I2-HG003-1x-1-D0-PF-ILMN-NOVASEQ-sent-gatk-Indel_gt50	Indel_gt50	I2-HG003-1x-1-D0-PF-ILMN-NOVASEQ	377862616.0	377862440.0	176.0	0.0	0.0		0.0	1.0				HG003	clinvar_genes	-1	-2	sent	gatk
I2-HG003-1x-1-D0-PF-ILMN-NOVASEQ-sent-gatk-All	All	I2-HG003-1x-1-D0-PF-ILMN-NOVASEQ	377862616.0	377400836.0	387908.0	73872.0	7784.0	0.2718701006190241	0.15997228117285286	0.9999793751398683	0.09532673655334574	0.9046732634466542	0.9046732634466542	HG003	clinvar_genes	-1	-2	sent	gatk
I2-HG003-1x-1-D0-PF-ILMN-NOVASEQ-sent-gatk-SNPts	SNPts	I2-HG003-1x-1-D0-PF-ILMN-NOVASEQ	2528531102.0	2526276257.0	1881443.0	373402.0	837.0	0.2840548267000978	0.16559985276149802	0.9999996686824252	0.002236538682499686	0.9977634613175003	0.9977634613175003	HG003	giabHC	-1	-2	sent	gatk
I2-HG003-1x-1-D0-PF-ILMN-NOVASEQ-sent-gatk-SNPtv	SNPtv	I2-HG003-1x-1-D0-PF-ILMN-NOVASEQ	2528531102.0	2527459273.0	895203.0	176626.0	462.0	0.28284665834478995	0.16478934606173187	0.9999998172077704	0.0026088724250090353	0.9973911275749909	0.9973911275749909	HG003	giabHC	-1	-2	sent	gatk
I2-HG003-1x-1-D0-PF-ILMN-NOVASEQ-sent-gatk-INS_50	INS_50	I2-HG003-1x-1-D0-PF-ILMN-NOVASEQ	2528531102.0	2528301407.0	204916.0	24779.0	83.0	0.19468331257832236	0.10787783800256863	0.9999999671716366	0.0033384281232402865	0.9966615718767597	0.9966615718767597	HG003	giabHC	-1	-2	sent	gatk
I2-HG003-1x-1-D0-PF-ILMN-NOVASEQ-sent-gatk-INS_gt50	INS_gt50	I2-HG003-1x-1-D0-PF-ILMN-NOVASEQ	2528531102.0	2528531101.0	1.0	0.0	0.0		0.0	1.0				HG003	giabHC	-1	-2	sent	gatk
I2-HG003-1x-1-D0-PF-ILMN-NOVASEQ-sent-gatk-DEL_50	DEL_50	I2-HG003-1x-1-D0-PF-ILMN-NOVASEQ	2528531102.0	2528287416.0	219501.0	24185.0	87.0	0.18051336403466212	0.09924657140746698	0.9999999655893564	0.003584377059986816	0.9964156229400132	0.9964156229400132	HG003	giabHC	-1	-2	sent	gatk
I2-HG003-1x-1-D0-PF-ILMN-NOVASEQ-sent-gatk-DEL_gt50	DEL_gt50	I2-HG003-1x-1-D0-PF-ILMN-NOVASEQ	2528531102.0	2528531102.0	0.0	0.0	0.0			1.0				HG003	giabHC	-1	-2	sent	gatk
I2-HG003-1x-1-D0-PF-ILMN-NOVASEQ-sent-gatk-Indel_50	Indel_50	I2-HG003-1x-1-D0-PF-ILMN-NOVASEQ	2528531102.0	2528500566.0	30536.0	0.0	0.0		0.0	1.0				HG003	giabHC	-1	-2	sent	gatk
I2-HG003-1x-1-D0-PF-ILMN-NOVASEQ-sent-gatk-Indel_gt50	Indel_gt50	I2-HG003-1x-1-D0-PF-ILMN-NOVASEQ	2528531102.0	2528530663.0	439.0	0.0	0.0		0.0	1.0				HG003	giabHC	-1	-2	sent	gatk
I2-HG003-1x-1-D0-PF-ILMN-NOVASEQ-sent-gatk-All	All	I2-HG003-1x-1-D0-PF-ILMN-NOVASEQ	2528531102.0	2524700071.0	3232039.0	598992.0	1469.0	0.27033423506123894	0.156352689393534	0.9999994181490458	0.002446453641452151	0.9975535463585479	0.9975535463585479	HG003	giabHC	-1	-2	sent	gatk
I2-HG003-1x-1-D0-PF-ILMN-NOVASEQ-sent-gatk-SNPts	SNPts	I2-HG003-1x-1-D0-PF-ILMN-NOVASEQ	3088286401.0	3085963608.0	1942434.0	380359.0	35794.0	0.27774114568158703	0.1637507087372831	0.9999884011643111	0.08601163514380529	0.9139883648561947	0.9139883648561947	HG003	hg38	-1	-2	sent	gatk
I2-HG003-1x-1-D0-PF-ILMN-NOVASEQ-sent-gatk-SNPtv	SNPtv	I2-HG003-1x-1-D0-PF-ILMN-NOVASEQ	3088286401.0	3087179462.0	926589.0	180350.0	24767.0	0.27491204643704237	0.16292677374272657	0.9999919775310725	0.12074572073499515	0.8792542792650049	0.8792542792650049	HG003	hg38	-1	-2	sent	gatk
I2-HG003-1x-1-D0-PF-ILMN-NOVASEQ-sent-gatk-INS_50	INS_50	I2-HG003-1x-1-D0-PF-ILMN-NOVASEQ	3088286401.0	3088029715.0	229666.0	27020.0	7670.0	0.185464828949536	0.10526479823597704	0.9999975162217798	0.22110118189680023	0.7788988181031997	0.7788988181031997	HG003	hg38	-1	-2	sent	gatk
I2-HG003-1x-1-D0-PF-ILMN-NOVASEQ-sent-gatk-INS_gt50	INS_gt50	I2-HG003-1x-1-D0-PF-ILMN-NOVASEQ	3088286401.0	3088286163.0	237.0	1.0	82.0	0.006230529595015577	0.004201680672268907	0.9999999734480571	0.9879518072289156	0.012048192771084376	0.012048192771084338	HG003	hg38	-1	-2	sent	gatk
I2-HG003-1x-1-D0-PF-ILMN-NOVASEQ-sent-gatk-DEL_50	DEL_50	I2-HG003-1x-1-D0-PF-ILMN-NOVASEQ	3088286401.0	3088015968.0	243782.0	26651.0	8639.0	0.17434736673393889	0.09854936342827983	0.9999972024186659	0.2448002266931142	0.7551997733068858	0.7551997733068858	HG003	hg38	-1	-2	sent	gatk
I2-HG003-1x-1-D0-PF-ILMN-NOVASEQ-sent-gatk-DEL_gt50	DEL_gt50	I2-HG003-1x-1-D0-PF-ILMN-NOVASEQ	3088286401.0	3088286263.0	135.0	3.0	61.0	0.0297029702970297	0.021739130434782608	0.9999999802479455	0.953125	0.046875	0.046875	HG003	hg38	-1	-2	sent	gatk
I2-HG003-1x-1-D0-PF-ILMN-NOVASEQ-sent-gatk-Indel_50	Indel_50	I2-HG003-1x-1-D0-PF-ILMN-NOVASEQ	3088286401.0	3088246335.0	40064.0	2.0	3.0	9.982281450425494e-05	4.991763590076374e-05	0.999999999028575	0.6	0.4	0.4	HG003	hg38	-1	-2	sent	gatk
I2-HG003-1x-1-D0-PF-ILMN-NOVASEQ-sent-gatk-Indel_gt50	Indel_gt50	I2-HG003-1x-1-D0-PF-ILMN-NOVASEQ	3088286401.0	3088284795.0	1606.0	0.0	0.0		0.0	1.0				HG003	hg38	-1	-2	sent	gatk
I2-HG003-1x-1-D0-PF-ILMN-NOVASEQ-sent-gatk-All	All	I2-HG003-1x-1-D0-PF-ILMN-NOVASEQ	3088286401.0	3084287502.0	3384513.0	614386.0	77016.0	0.2619814805062618	0.15363878907669337	0.9999750301886984	0.11139105759022971	0.8886089424097703	0.8886089424097703	HG003	hg38	-1	-2	sent	gatk
I2-HG003-1x-1-D0-PF-ILMN-NOVASEQ-sent-gatk-SNPts	SNPts	I2-HG003-1x-1-D0-PF-ILMN-NOVASEQ	2505355380.0	2503152554.0	1832926.0	369900.0	665.0	0.28748060438541984	0.16792066191337854	0.9999997343350798	0.0017945569603173533	0.9982054430396826	0.9982054430396826	HG003	giabHC_x_ultima	-1	-2	sent	gatk
I2-HG003-1x-1-D0-PF-ILMN-NOVASEQ-sent-gatk-SNPtv	SNPtv	I2-HG003-1x-1-D0-PF-ILMN-NOVASEQ	2505355380.0	2504321216.0	860839.0	173325.0	353.0	0.2869994585384512	0.16759914288256023	0.9999998590436611	0.0020324969195868216	0.9979675030804132	0.9979675030804132	HG003	giabHC_x_ultima	-1	-2	sent	gatk
I2-HG003-1x-1-D0-PF-ILMN-NOVASEQ-sent-gatk-INS_50	INS_50	I2-HG003-1x-1-D0-PF-ILMN-NOVASEQ	2505355380.0	2505201516.0	133395.0	20469.0	50.0	0.23475912216213737	0.13303306816409297	0.9999999800415261	0.002436765924265315	0.9975632340757347	0.9975632340757347	HG003	giabHC_x_ultima	-1	-2	sent	gatk
I2-HG003-1x-1-D0-PF-ILMN-NOVASEQ-sent-gatk-INS_gt50	INS_gt50	I2-HG003-1x-1-D0-PF-ILMN-NOVASEQ	2505355380.0	2505355380.0	0.0	0.0	0.0			1.0				HG003	giabHC_x_ultima	-1	-2	sent	gatk
I2-HG003-1x-1-D0-PF-ILMN-NOVASEQ-sent-gatk-DEL_50	DEL_50	I2-HG003-1x-1-D0-PF-ILMN-NOVASEQ	2505355380.0	2505189708.0	145818.0	19854.0	56.0	0.21396471640568587	0.11983920034767492	0.9999999776464039	0.0028126569563033652	0.9971873430436966	0.9971873430436966	HG003	giabHC_x_ultima	-1	-2	sent	gatk
I2-HG003-1x-1-D0-PF-ILMN-NOVASEQ-sent-gatk-DEL_gt50	DEL_gt50	I2-HG003-1x-1-D0-PF-ILMN-NOVASEQ	2505355380.0	2505355380.0	0.0	0.0	0.0			1.0				HG003	giabHC_x_ultima	-1	-2	sent	gatk
I2-HG003-1x-1-D0-PF-ILMN-NOVASEQ-sent-gatk-Indel_50	Indel_50	I2-HG003-1x-1-D0-PF-ILMN-NOVASEQ	2505355380.0	2505342392.0	12988.0	0.0	0.0		0.0	1.0				HG003	giabHC_x_ultima	-1	-2	sent	gatk
I2-HG003-1x-1-D0-PF-ILMN-NOVASEQ-sent-gatk-Indel_gt50	Indel_gt50	I2-HG003-1x-1-D0-PF-ILMN-NOVASEQ	2505355380.0	2505355039.0	341.0	0.0	0.0		0.0	1.0				HG003	giabHC_x_ultima	-1	-2	sent	gatk
I2-HG003-1x-1-D0-PF-ILMN-NOVASEQ-sent-gatk-All	All	I2-HG003-1x-1-D0-PF-ILMN-NOVASEQ	2505355380.0	2501785525.0	2986307.0	583548.0	1124.0	0.2809215104390945	0.16346546288294622	0.9999995507210815	0.001922445405287067	0.9980775545947129	0.9980775545947129	HG003	giabHC_x_ultima	-1	-2	sent	gatk
I2-HG003-20x-7-D0-PF-ILMN-NOVASEQ-sent-gatk-SNPts	SNPts	I2-HG003-20x-7-D0-PF-ILMN-NOVASEQ	337668665.0	337403100.0	12580.0	252985.0	1830.0	0.9723086974902955	0.9526292997947772	0.9999945762499677	0.00718168082726684	0.9928183191727331	0.9928183191727331	HG003	giabHC_x_clinvar_genes	-1	-2	sent	gatk
I2-HG003-20x-7-D0-PF-ILMN-NOVASEQ-sent-gatk-SNPtv	SNPtv	I2-HG003-20x-7-D0-PF-ILMN-NOVASEQ	337668665.0	337548418.0	5806.0	114441.0	876.0	0.9716340357609821	0.9517160511280947	0.9999974048234863	0.0075964515205910665	0.9924035484794089	0.9924035484794089	HG003	giabHC_x_clinvar_genes	-1	-2	sent	gatk
I2-HG003-20x-7-D0-PF-ILMN-NOVASEQ-sent-gatk-INS_50	INS_50	I2-HG003-20x-7-D0-PF-ILMN-NOVASEQ	337668665.0	337641902.0	1263.0	25500.0	71.0	0.9745098788550465	0.9528079811680304	0.999999789718087	0.002776582847757225	0.9972234171522427	0.9972234171522428	HG003	giabHC_x_clinvar_genes	-1	-2	sent	gatk
I2-HG003-20x-7-D0-PF-ILMN-NOVASEQ-sent-gatk-INS_gt50	INS_gt50	I2-HG003-20x-7-D0-PF-ILMN-NOVASEQ	337668665.0	337668665.0	0.0	0.0	0.0			1.0				HG003	giabHC_x_clinvar_genes	-1	-2	sent	gatk
I2-HG003-20x-7-D0-PF-ILMN-NOVASEQ-sent-gatk-DEL_50	DEL_50	I2-HG003-20x-7-D0-PF-ILMN-NOVASEQ	337668665.0	337640221.0	1189.0	27255.0	98.0	0.976934243776547	0.9581985656025875	0.9999997097503038	0.003582787994004314	0.9964172120059956	0.9964172120059956	HG003	giabHC_x_clinvar_genes	-1	-2	sent	gatk
I2-HG003-20x-7-D0-PF-ILMN-NOVASEQ-sent-gatk-DEL_gt50	DEL_gt50	I2-HG003-20x-7-D0-PF-ILMN-NOVASEQ	337668665.0	337668665.0	0.0	0.0	1.0			0.999999997038517	1.0	0.0	0.0	HG003	giabHC_x_clinvar_genes	-1	-2	sent	gatk
I2-HG003-20x-7-D0-PF-ILMN-NOVASEQ-sent-gatk-Indel_50	Indel_50	I2-HG003-20x-7-D0-PF-ILMN-NOVASEQ	337668665.0	337666457.0	123.0	2085.0	0.0	0.9713487071977637	0.9442934782608695	1.0	0.0	1.0	1.0	HG003	giabHC_x_clinvar_genes	-1	-2	sent	gatk
I2-HG003-20x-7-D0-PF-ILMN-NOVASEQ-sent-gatk-Indel_gt50	Indel_gt50	I2-HG003-20x-7-D0-PF-ILMN-NOVASEQ	337668665.0	337668631.0	1.0	33.0	0.0	0.9850746268656716	0.9705882352941176	1.0	0.0	1.0	1.0	HG003	giabHC_x_clinvar_genes	-1	-2	sent	gatk
I2-HG003-20x-7-D0-PF-ILMN-NOVASEQ-sent-gatk-All	All	I2-HG003-20x-7-D0-PF-ILMN-NOVASEQ	337668665.0	337225404.0	20962.0	422299.0	2876.0	0.9725506542796476	0.9527095774272946	0.9999914716523775	0.006764273534427	0.993235726465573	0.993235726465573	HG003	giabHC_x_clinvar_genes	-1	-2	sent	gatk
I2-HG003-20x-7-D0-PF-ILMN-NOVASEQ-sent-gatk-SNPts	SNPts	I2-HG003-20x-7-D0-PF-ILMN-NOVASEQ	332544085.0	332287254.0	9845.0	246986.0	946.0	0.9786216501605702	0.9616673999634	0.9999971530737475	0.0038155623316070537	0.9961844376683929	0.9961844376683929	HG003	giabHC_x_ultima_x_clinvar	-1	-2	sent	gatk
I2-HG003-20x-7-D0-PF-ILMN-NOVASEQ-sent-gatk-SNPtv	SNPtv	I2-HG003-20x-7-D0-PF-ILMN-NOVASEQ	332544085.0	332429475.0	4432.0	110178.0	426.0	0.9784294049215412	0.9613297268999215	0.9999987185268271	0.0038515786047520887	0.996148421395248	0.996148421395248	HG003	giabHC_x_ultima_x_clinvar	-1	-2	sent	gatk
I2-HG003-20x-7-D0-PF-ILMN-NOVASEQ-sent-gatk-INS_50	INS_50	I2-HG003-20x-7-D0-PF-ILMN-NOVASEQ	332544085.0	332526464.0	676.0	16945.0	32.0	0.9795363893866698	0.9616366835026389	0.999999903767067	0.0018849031041997997	0.9981150968958002	0.9981150968958002	HG003	giabHC_x_ultima_x_clinvar	-1	-2	sent	gatk
I2-HG003-20x-7-D0-PF-ILMN-NOVASEQ-sent-gatk-INS_gt50	INS_gt50	I2-HG003-20x-7-D0-PF-ILMN-NOVASEQ	332544085.0	332544085.0	0.0	0.0	0.0			1.0				HG003	giabHC_x_ultima_x_clinvar	-1	-2	sent	gatk
I2-HG003-20x-7-D0-PF-ILMN-NOVASEQ-sent-gatk-DEL_50	DEL_50	I2-HG003-20x-7-D0-PF-ILMN-NOVASEQ	332544085.0	332524988.0	697.0	18400.0	24.0	0.9807840942405587	0.9635021207519505	0.9999999278249782	0.0013026487190620929	0.998697351280938	0.998697351280938	HG003	giabHC_x_ultima_x_clinvar	-1	-2	sent	gatk
I2-HG003-20x-7-D0-PF-ILMN-NOVASEQ-sent-gatk-DEL_gt50	DEL_gt50	I2-HG003-20x-7-D0-PF-ILMN-NOVASEQ	332544085.0	332544085.0	0.0	0.0	0.0			1.0				HG003	giabHC_x_ultima_x_clinvar	-1	-2	sent	gatk
I2-HG003-20x-7-D0-PF-ILMN-NOVASEQ-sent-gatk-Indel_50	Indel_50	I2-HG003-20x-7-D0-PF-ILMN-NOVASEQ	332544085.0	332543091.0	46.0	948.0	0.0	0.976313079299691	0.9537223340040242	1.0	0.0	1.0	1.0	HG003	giabHC_x_ultima_x_clinvar	-1	-2	sent	gatk
I2-HG003-20x-7-D0-PF-ILMN-NOVASEQ-sent-gatk-Indel_gt50	Indel_gt50	I2-HG003-20x-7-D0-PF-ILMN-NOVASEQ	332544085.0	332544063.0	0.0	22.0	0.0	1.0	1.0	1.0	0.0	1.0	1.0	HG003	giabHC_x_ultima_x_clinvar	-1	-2	sent	gatk
I2-HG003-20x-7-D0-PF-ILMN-NOVASEQ-sent-gatk-All	All	I2-HG003-20x-7-D0-PF-ILMN-NOVASEQ	332544085.0	332134910.0	15696.0	393479.0	1428.0	0.9787036645516254	0.9616398851347223	0.9999957005607739	0.0036160412451539223	0.9963839587548461	0.9963839587548461	HG003	giabHC_x_ultima_x_clinvar	-1	-2	sent	gatk
I2-HG003-20x-7-D0-PF-ILMN-NOVASEQ-sent-gatk-SNPts	SNPts	I2-HG003-20x-7-D0-PF-ILMN-NOVASEQ	3088286401.0	3085963796.0	81882.0	2240723.0	293521.0	0.922706470800307	0.9647456196813492	0.9999048941906485	0.11582191770011097	0.884178082299889	0.884178082299889	HG003	hg38	-1	-2	sent	gatk
I2-HG003-20x-7-D0-PF-ILMN-NOVASEQ-sent-gatk-SNPtv	SNPtv	I2-HG003-20x-7-D0-PF-ILMN-NOVASEQ	3088286401.0	3087179667.0	39143.0	1067591.0	212618.0	0.8945257595175086	0.9646319711872953	0.9999311334678677	0.16608069463657887	0.8339193053634211	0.8339193053634212	HG003	hg38	-1	-2	sent	gatk
I2-HG003-20x-7-D0-PF-ILMN-NOVASEQ-sent-gatk-INS_50	INS_50	I2-HG003-20x-7-D0-PF-ILMN-NOVASEQ	3088286401.0	3088024472.0	12666.0	249263.0	142439.0	0.7627025034002365	0.9516433842758916	0.9999538758739067	0.363641237471343	0.636358762528657	0.636358762528657	HG003	hg38	-1	-2	sent	gatk
I2-HG003-20x-7-D0-PF-ILMN-NOVASEQ-sent-gatk-INS_gt50	INS_gt50	I2-HG003-20x-7-D0-PF-ILMN-NOVASEQ	3088286401.0	3088286164.0	176.0	61.0	1836.0	0.05716963448922212	0.25738396624472576	0.9999994054958605	0.9678439641539273	0.03215603584607274	0.032156035846072746	HG003	hg38	-1	-2	sent	gatk
I2-HG003-20x-7-D0-PF-ILMN-NOVASEQ-sent-gatk-DEL_50	DEL_50	I2-HG003-20x-7-D0-PF-ILMN-NOVASEQ	3088286401.0	3088009399.0	11633.0	265369.0	151132.0	0.7653002222052392	0.9580039133291456	0.9999510608342789	0.3628610735628486	0.6371389264371514	0.6371389264371514	HG003	hg38	-1	-2	sent	gatk
I2-HG003-20x-7-D0-PF-ILMN-NOVASEQ-sent-gatk-DEL_gt50	DEL_gt50	I2-HG003-20x-7-D0-PF-ILMN-NOVASEQ	3088286401.0	3088286263.0	71.0	67.0	1853.0	0.06511175898931001	0.4855072463768116	0.9999993999912151	0.9651041666666667	0.03489583333333335	0.034895833333333334	HG003	hg38	-1	-2	sent	gatk
I2-HG003-20x-7-D0-PF-ILMN-NOVASEQ-sent-gatk-Indel_50	Indel_50	I2-HG003-20x-7-D0-PF-ILMN-NOVASEQ	3088286401.0	3088257494.0	1976.0	26931.0	11182.0	0.8036705461056401	0.9316428546718788	0.9999963792010433	0.29339070658305566	0.7066092934169443	0.7066092934169443	HG003	hg38	-1	-2	sent	gatk
I2-HG003-20x-7-D0-PF-ILMN-NOVASEQ-sent-gatk-Indel_gt50	Indel_gt50	I2-HG003-20x-7-D0-PF-ILMN-NOVASEQ	3088286401.0	3088285214.0	150.0	1037.0	925.0	0.6586217846935535	0.8736310025273799	0.9999997004811217	0.47145769622833844	0.5285423037716616	0.5285423037716616	HG003	hg38	-1	-2	sent	gatk
I2-HG003-20x-7-D0-PF-ILMN-NOVASEQ-sent-gatk-All	All	I2-HG003-20x-7-D0-PF-ILMN-NOVASEQ	3088286401.0	3084287662.0	147697.0	3851042.0	815506.0	0.8888434970474722	0.9630641059594037	0.9997356632969494	0.17475572950283594	0.8252442704971641	0.8252442704971641	HG003	hg38	-1	-2	sent	gatk
I2-HG003-20x-7-D0-PF-ILMN-NOVASEQ-sent-gatk-SNPts	SNPts	I2-HG003-20x-7-D0-PF-ILMN-NOVASEQ	688815815.0	688748022.0	9324.0	58469.0	342105.0	0.24967173178298216	0.8624636761907571	0.9995035409932669	0.8540369569667527	0.14596304303324725	0.14596304303324728	HG003	hg38_m_giabHC	-1	-2	sent	gatk
I2-HG003-20x-7-D0-PF-ILMN-NOVASEQ-sent-gatk-SNPtv	SNPtv	I2-HG003-20x-7-D0-PF-ILMN-NOVASEQ	688815815.0	688780792.0	4779.0	30244.0	252216.0	0.19052358708970246	0.863546812094909	0.9996339565781731	0.8929264320611768	0.10707356793882317	0.1070735679388232	HG003	hg38_m_giabHC	-1	-2	sent	gatk
I2-HG003-20x-7-D0-PF-ILMN-NOVASEQ-sent-gatk-INS_50	INS_50	I2-HG003-20x-7-D0-PF-ILMN-NOVASEQ	688815815.0	688787394.0	3703.0	24718.0	146488.0	0.24764185205408085	0.8697090179796629	0.9997873700164452	0.8556242187773793	0.14437578122262074	0.1443757812226207	HG003	hg38_m_giabHC	-1	-2	sent	gatk
I2-HG003-20x-7-D0-PF-ILMN-NOVASEQ-sent-gatk-INS_gt50	INS_gt50	I2-HG003-20x-7-D0-PF-ILMN-NOVASEQ	688815815.0	688815579.0	176.0	60.0	1909.0	0.05442176870748299	0.2542372881355932	0.9999972285837203	0.9695276790248857	0.03047232097511432	0.03047232097511427	HG003	hg38_m_giabHC	-1	-2	sent	gatk
I2-HG003-20x-7-D0-PF-ILMN-NOVASEQ-sent-gatk-DEL_50	DEL_50	I2-HG003-20x-7-D0-PF-ILMN-NOVASEQ	688815815.0	688786748.0	2973.0	26094.0	156190.0	0.2469257301834389	0.8977190628547838	0.9997732903679173	0.8568497509380966	0.14315024906190343	0.1431502490619034	HG003	hg38_m_giabHC	-1	-2	sent	gatk
I2-HG003-20x-7-D0-PF-ILMN-NOVASEQ-sent-gatk-DEL_gt50	DEL_gt50	I2-HG003-20x-7-D0-PF-ILMN-NOVASEQ	688815815.0	688815677.0	71.0	67.0	1955.0	0.06203703703703705	0.4855072463768116	0.9999971618031984	0.966864490603363	0.03313550939663701	0.033135509396636995	HG003	hg38_m_giabHC	-1	-2	sent	gatk
I2-HG003-20x-7-D0-PF-ILMN-NOVASEQ-sent-gatk-Indel_50	Indel_50	I2-HG003-20x-7-D0-PF-ILMN-NOVASEQ	688815815.0	688809294.0	868.0	5653.0	11363.0	0.4803500870969113	0.8668915810458518	0.9999835036886822	0.6677832628114716	0.3322167371885284	0.33221673718852845	HG003	hg38_m_giabHC	-1	-2	sent	gatk
I2-HG003-20x-7-D0-PF-ILMN-NOVASEQ-sent-gatk-Indel_gt50	Indel_gt50	I2-HG003-20x-7-D0-PF-ILMN-NOVASEQ	688815815.0	688815012.0	135.0	668.0	940.0	0.5541269182911654	0.8318804483188045	0.9999986353393859	0.5845771144278606	0.41542288557213936	0.4154228855721393	HG003	hg38_m_giabHC	-1	-2	sent	gatk
I2-HG003-20x-7-D0-PF-ILMN-NOVASEQ-sent-gatk-All	All	I2-HG003-20x-7-D0-PF-ILMN-NOVASEQ	688815815.0	688647813.0	22029.0	145973.0	913166.0	0.237907461326775	0.8688765609933216	0.9986757284303931	0.8621776745073121	0.1378223254926879	0.13782232549268794	HG003	hg38_m_giabHC	-1	-2	sent	gatk
I2-HG003-20x-7-D0-PF-ILMN-NOVASEQ-sent-gatk-SNPts	SNPts	I2-HG003-20x-7-D0-PF-ILMN-NOVASEQ	2528531102.0	2526276267.0	72558.0	2182277.0	10724.0	0.981275838407711	0.9678211487758528	0.9999957550349433	0.004890102649291997	0.995109897350708	0.995109897350708	HG003	giabHC	-1	-2	sent	gatk
I2-HG003-20x-7-D0-PF-ILMN-NOVASEQ-sent-gatk-SNPtv	SNPtv	I2-HG003-20x-7-D0-PF-ILMN-NOVASEQ	2528531102.0	2527459380.0	34364.0	1037358.0	4940.0	0.9814079336997759	0.9679357146722751	0.999998045471914	0.004739527467192684	0.9952604725328074	0.9952604725328074	HG003	giabHC	-1	-2	sent	gatk
I2-HG003-20x-7-D0-PF-ILMN-NOVASEQ-sent-gatk-INS_50	INS_50	I2-HG003-20x-7-D0-PF-ILMN-NOVASEQ	2528531102.0	2528297674.0	8952.0	224476.0	331.0	0.9797418355210755	0.961649844920061	0.9999998690818885	0.0014723740808782644	0.9985276259191217	0.9985276259191217	HG003	giabHC	-1	-2	sent	gatk
I2-HG003-20x-7-D0-PF-ILMN-NOVASEQ-sent-gatk-INS_gt50	INS_gt50	I2-HG003-20x-7-D0-PF-ILMN-NOVASEQ	2528531102.0	2528531101.0	0.0	1.0	0.0	1.0	1.0	1.0	0.0	1.0	1.0	HG003	giabHC	-1	-2	sent	gatk
I2-HG003-20x-7-D0-PF-ILMN-NOVASEQ-sent-gatk-DEL_50	DEL_50	I2-HG003-20x-7-D0-PF-ILMN-NOVASEQ	2528531102.0	2528282975.0	8684.0	239443.0	466.0	0.9812513830946896	0.9650017934364257	0.9999998156852224	0.0019424031611986212	0.9980575968388014	0.9980575968388014	HG003	giabHC	-1	-2	sent	gatk
I2-HG003-20x-7-D0-PF-ILMN-NOVASEQ-sent-gatk-DEL_gt50	DEL_gt50	I2-HG003-20x-7-D0-PF-ILMN-NOVASEQ	2528531102.0	2528531102.0	0.0	0.0	3.0			0.9999999988135404	1.0	0.0	0.0	HG003	giabHC	-1	-2	sent	gatk
I2-HG003-20x-7-D0-PF-ILMN-NOVASEQ-sent-gatk-Indel_50	Indel_50	I2-HG003-20x-7-D0-PF-ILMN-NOVASEQ	2528531102.0	2528508716.0	1108.0	21278.0	2.0	0.9745797645765585	0.9505047797730725	0.9999999992090199	9.398496240601504e-05	0.999906015037594	0.999906015037594	HG003	giabHC	-1	-2	sent	gatk
I2-HG003-20x-7-D0-PF-ILMN-NOVASEQ-sent-gatk-Indel_gt50	Indel_gt50	I2-HG003-20x-7-D0-PF-ILMN-NOVASEQ	2528531102.0	2528530716.0	17.0	369.0	0.0	0.9774834437086093	0.9559585492227979	1.0	0.0	1.0	1.0	HG003	giabHC	-1	-2	sent	gatk
I2-HG003-20x-7-D0-PF-ILMN-NOVASEQ-sent-gatk-All	All	I2-HG003-20x-7-D0-PF-ILMN-NOVASEQ	2528531102.0	2524700217.0	125683.0	3705202.0	16466.0	0.9811786822283802	0.9671921762203772	0.9999934780800908	0.004424360259969454	0.9955756397400305	0.9955756397400305	HG003	giabHC	-1	-2	sent	gatk
I2-HG003-20x-7-D0-PF-ILMN-NOVASEQ-sent-gatk-SNPts	SNPts	I2-HG003-20x-7-D0-PF-ILMN-NOVASEQ	2505355380.0	2503152299.0	55855.0	2147226.0	7371.0	0.9854908967574014	0.9746468695431534	0.9999970553216847	0.003421057394955994	0.996578942605044	0.996578942605044	HG003	giabHC_x_ultima	-1	-2	sent	gatk
I2-HG003-20x-7-D0-PF-ILMN-NOVASEQ-sent-gatk-SNPtv	SNPtv	I2-HG003-20x-7-D0-PF-ILMN-NOVASEQ	2505355380.0	2504320931.0	25578.0	1008871.0	3088.0	0.9859920406878784	0.9752737931014482	0.9999987669327225	0.0030515070274586224	0.9969484929725414	0.9969484929725414	HG003	giabHC_x_ultima	-1	-2	sent	gatk
I2-HG003-20x-7-D0-PF-ILMN-NOVASEQ-sent-gatk-INS_50	INS_50	I2-HG003-20x-7-D0-PF-ILMN-NOVASEQ	2505355380.0	2505200361.0	4642.0	150377.0	165.0	0.9842682803106417	0.9700552835458879	0.9999999341370088	0.0010960396434217692	0.9989039603565782	0.9989039603565782	HG003	giabHC_x_ultima	-1	-2	sent	gatk
I2-HG003-20x-7-D0-PF-ILMN-NOVASEQ-sent-gatk-INS_gt50	INS_gt50	I2-HG003-20x-7-D0-PF-ILMN-NOVASEQ	2505355380.0	2505355380.0	0.0	0.0	0.0			1.0				HG003	giabHC_x_ultima	-1	-2	sent	gatk
I2-HG003-20x-7-D0-PF-ILMN-NOVASEQ-sent-gatk-DEL_50	DEL_50	I2-HG003-20x-7-D0-PF-ILMN-NOVASEQ	2505355380.0	2505188122.0	4593.0	162665.0	202.0	0.9854751987883377	0.9725394301019981	0.9999999193673393	0.0012402758078677693	0.9987597241921322	0.9987597241921322	HG003	giabHC_x_ultima	-1	-2	sent	gatk
I2-HG003-20x-7-D0-PF-ILMN-NOVASEQ-sent-gatk-DEL_gt50	DEL_gt50	I2-HG003-20x-7-D0-PF-ILMN-NOVASEQ	2505355380.0	2505355380.0	0.0	0.0	3.0			0.9999999988025651	1.0	0.0	0.0	HG003	giabHC_x_ultima	-1	-2	sent	gatk
I2-HG003-20x-7-D0-PF-ILMN-NOVASEQ-sent-gatk-Indel_50	Indel_50	I2-HG003-20x-7-D0-PF-ILMN-NOVASEQ	2505355380.0	2505344679.0	368.0	10333.0	0.0	0.9825045164971	0.9656106905896645	1.0	0.0	1.0	1.0	HG003	giabHC_x_ultima	-1	-2	sent	gatk
I2-HG003-20x-7-D0-PF-ILMN-NOVASEQ-sent-gatk-Indel_gt50	Indel_gt50	I2-HG003-20x-7-D0-PF-ILMN-NOVASEQ	2505355380.0	2505355077.0	9.0	294.0	0.0	0.9849246231155778	0.9702970297029703	1.0	0.0	1.0	1.0	HG003	giabHC_x_ultima	-1	-2	sent	gatk
I2-HG003-20x-7-D0-PF-ILMN-NOVASEQ-sent-gatk-All	All	I2-HG003-20x-7-D0-PF-ILMN-NOVASEQ	2505355380.0	2501784569.0	91045.0	3479766.0	10829.0	0.9855731280710951	0.9745029910572136	0.999995671508546	0.00310233642115456	0.9968976635788455	0.9968976635788455	HG003	giabHC_x_ultima	-1	-2	sent	gatk
I2-HG003-20x-7-D0-PF-ILMN-NOVASEQ-sent-gatk-SNPts	SNPts	I2-HG003-20x-7-D0-PF-ILMN-NOVASEQ	2799325643.0	2797071548.0	59665.0	2194430.0	166642.0	0.9509645046430606	0.9735303968998644	0.9999404262387823	0.07057895735496418	0.9294210426450358	0.9294210426450358	HG003	ultima	-1	-2	sent	gatk
I2-HG003-20x-7-D0-PF-ILMN-NOVASEQ-sent-gatk-SNPtv	SNPtv	I2-HG003-20x-7-D0-PF-ILMN-NOVASEQ	2799325643.0	2798266918.0	27408.0	1031317.0	98685.0	0.9423898000984133	0.9741122576684219	0.9999647347723635	0.08733170383769233	0.9126682961623077	0.9126682961623077	HG003	ultima	-1	-2	sent	gatk
I2-HG003-20x-7-D0-PF-ILMN-NOVASEQ-sent-gatk-INS_50	INS_50	I2-HG003-20x-7-D0-PF-ILMN-NOVASEQ	2799325643.0	2799159978.0	5399.0	160266.0	26253.0	0.9101265247711423	0.967410134910814	0.9999906212027948	0.14075241664388077	0.8592475833561193	0.8592475833561192	HG003	ultima	-1	-2	sent	gatk
I2-HG003-20x-7-D0-PF-ILMN-NOVASEQ-sent-gatk-INS_gt50	INS_gt50	I2-HG003-20x-7-D0-PF-ILMN-NOVASEQ	2799325643.0	2799325547.0	70.0	26.0	366.0	0.10655737704918032	0.2708333333333333	0.9999998692542379	0.9336734693877551	0.06632653061224492	0.0663265306122449	HG003	ultima	-1	-2	sent	gatk
I2-HG003-20x-7-D0-PF-ILMN-NOVASEQ-sent-gatk-DEL_50	DEL_50	I2-HG003-20x-7-D0-PF-ILMN-NOVASEQ	2799325643.0	2799145809.0	5468.0	174366.0	34674.0	0.896773762195467	0.9695941813005328	0.9999876128030291	0.16587256027554534	0.8341274397244547	0.8341274397244547	HG003	ultima	-1	-2	sent	gatk
I2-HG003-20x-7-D0-PF-ILMN-NOVASEQ-sent-gatk-DEL_gt50	DEL_gt50	I2-HG003-20x-7-D0-PF-ILMN-NOVASEQ	2799325643.0	2799325554.0	41.0	48.0	901.0	0.09248554913294797	0.5393258426966292	0.999999678136861	0.9494204425711275	0.050579557428872546	0.0505795574288725	HG003	ultima	-1	-2	sent	gatk
I2-HG003-20x-7-D0-PF-ILMN-NOVASEQ-sent-gatk-Indel_50	Indel_50	I2-HG003-20x-7-D0-PF-ILMN-NOVASEQ	2799325643.0	2799312238.0	485.0	12920.0	1719.0	0.921409214092141	0.9638194703468855	0.9999993859209698	0.11742605369219208	0.8825739463078079	0.8825739463078079	HG003	ultima	-1	-2	sent	gatk
I2-HG003-20x-7-D0-PF-ILMN-NOVASEQ-sent-gatk-Indel_gt50	Indel_gt50	I2-HG003-20x-7-D0-PF-ILMN-NOVASEQ	2799325643.0	2799324897.0	38.0	708.0	286.0	0.8137931034482758	0.9490616621983914	0.9999998978325199	0.28772635814889336	0.7122736418511066	0.7122736418511066	HG003	ultima	-1	-2	sent	gatk
I2-HG003-20x-7-D0-PF-ILMN-NOVASEQ-sent-gatk-All	All	I2-HG003-20x-7-D0-PF-ILMN-NOVASEQ	2799325643.0	2795652988.0	98574.0	3574081.0	329526.0	0.9434945623580598	0.9731600163914117	0.9998821430397543	0.08441577238692317	0.9155842276130768	0.9155842276130768	HG003	ultima	-1	-2	sent	gatk
I2-HG003-20x-7-D0-PF-ILMN-NOVASEQ-sent-gatk-SNPts	SNPts	I2-HG003-20x-7-D0-PF-ILMN-NOVASEQ	377862616.0	377589386.0	14098.0	259132.0	29984.0	0.9216105387074862	0.9484024448267028	0.9999205972935128	0.10370923781457962	0.8962907621854204	0.8962907621854204	HG003	clinvar_genes	-1	-2	sent	gatk
I2-HG003-20x-7-D0-PF-ILMN-NOVASEQ-sent-gatk-SNPtv	SNPtv	I2-HG003-20x-7-D0-PF-ILMN-NOVASEQ	377862616.0	377738302.0	6600.0	117714.0	18177.0	0.904778924309679	0.9469086345866113	0.9999518816988974	0.13376161776718104	0.866238382232819	0.8662383822328189	HG003	clinvar_genes	-1	-2	sent	gatk
I2-HG003-20x-7-D0-PF-ILMN-NOVASEQ-sent-gatk-INS_50	INS_50	I2-HG003-20x-7-D0-PF-ILMN-NOVASEQ	377862616.0	377832918.0	1694.0	28004.0	15265.0	0.767579864870421	0.9429591218263856	0.9999596001762433	0.3527929926737387	0.6472070073262612	0.6472070073262612	HG003	clinvar_genes	-1	-2	sent	gatk
I2-HG003-20x-7-D0-PF-ILMN-NOVASEQ-sent-gatk-INS_gt50	INS_gt50	I2-HG003-20x-7-D0-PF-ILMN-NOVASEQ	377862616.0	377862586.0	20.0	10.0	236.0	0.07246376811594203	0.3333333333333333	0.999999375434718	0.959349593495935	0.04065040650406504	0.04065040650406504	HG003	clinvar_genes	-1	-2	sent	gatk
I2-HG003-20x-7-D0-PF-ILMN-NOVASEQ-sent-gatk-DEL_50	DEL_50	I2-HG003-20x-7-D0-PF-ILMN-NOVASEQ	377862616.0	377831152.0	1577.0	29887.0	15811.0	0.7746559187164667	0.9498792270531401	0.9999581550163207	0.34598888353976104	0.6540111164602389	0.6540111164602389	HG003	clinvar_genes	-1	-2	sent	gatk
I2-HG003-20x-7-D0-PF-ILMN-NOVASEQ-sent-gatk-DEL_gt50	DEL_gt50	I2-HG003-20x-7-D0-PF-ILMN-NOVASEQ	377862616.0	377862598.0	11.0	7.0	252.0	0.05054151624548737	0.3888888888888889	0.9999993330913585	0.972972972972973	0.027027027027026973	0.02702702702702703	HG003	clinvar_genes	-1	-2	sent	gatk
I2-HG003-20x-7-D0-PF-ILMN-NOVASEQ-sent-gatk-Indel_50	Indel_50	I2-HG003-20x-7-D0-PF-ILMN-NOVASEQ	377862616.0	377859748.0	250.0	2618.0	1212.0	0.7817258883248731	0.9128312412831241	0.9999967924709661	0.3164490861618799	0.6835509138381202	0.6835509138381201	HG003	clinvar_genes	-1	-2	sent	gatk
I2-HG003-20x-7-D0-PF-ILMN-NOVASEQ-sent-gatk-Indel_gt50	Indel_gt50	I2-HG003-20x-7-D0-PF-ILMN-NOVASEQ	377862616.0	377862485.0	21.0	110.0	112.0	0.623229461756374	0.8396946564885496	0.9999997035959608	0.5045045045045045	0.49549549549549554	0.4954954954954955	HG003	clinvar_genes	-1	-2	sent	gatk
I2-HG003-20x-7-D0-PF-ILMN-NOVASEQ-sent-gatk-All	All	I2-HG003-20x-7-D0-PF-ILMN-NOVASEQ	377862616.0	377400863.0	24271.0	437482.0	81049.0	0.8925617474119745	0.9474372662440742	0.9997852903743901	0.1563050232290837	0.8436949767709163	0.8436949767709163	HG003	clinvar_genes	-1	-2	sent	gatk
I2-HG003-30x-8-D0-PF-ILMN-NOVASEQ-sent-gatk-SNPts	SNPts	I2-HG003-30x-8-D0-PF-ILMN-NOVASEQ	2505355380.0	2503152313.0	50685.0	2152382.0	9417.0	0.9862305051289089	0.976993436876863	0.9999962379578247	0.004356094160465427	0.9956439058395345	0.9956439058395345	HG003	giabHC_x_ultima	-1	-2	sent	gatk
I2-HG003-30x-8-D0-PF-ILMN-NOVASEQ-sent-gatk-SNPtv	SNPtv	I2-HG003-30x-8-D0-PF-ILMN-NOVASEQ	2505355380.0	2504320952.0	23044.0	1011384.0	3873.0	0.9868677382134327	0.9777229541350388	0.9999984534753793	0.0038147976325206326	0.9961852023674793	0.9961852023674793	HG003	giabHC_x_ultima	-1	-2	sent	gatk
I2-HG003-30x-8-D0-PF-ILMN-NOVASEQ-sent-gatk-INS_50	INS_50	I2-HG003-30x-8-D0-PF-ILMN-NOVASEQ	2505355380.0	2505201165.0	3476.0	150739.0	189.0	0.9879892378327538	0.9774600395551665	0.9999999245569624	0.0012522527297784375	0.9987477472702215	0.9987477472702215	HG003	giabHC_x_ultima	-1	-2	sent	gatk
I2-HG003-30x-8-D0-PF-ILMN-NOVASEQ-sent-gatk-INS_gt50	INS_gt50	I2-HG003-30x-8-D0-PF-ILMN-NOVASEQ	2505355380.0	2505355380.0	0.0	0.0	4.0			0.9999999984034201	1.0	0.0	0.0	HG003	giabHC_x_ultima	-1	-2	sent	gatk
I2-HG003-30x-8-D0-PF-ILMN-NOVASEQ-sent-gatk-DEL_50	DEL_50	I2-HG003-30x-8-D0-PF-ILMN-NOVASEQ	2505355380.0	2505189329.0	3508.0	162543.0	250.0	0.9885720888932138	0.9788739604097536	0.9999999002071531	0.0015356925666337004	0.9984643074333663	0.9984643074333663	HG003	giabHC_x_ultima	-1	-2	sent	gatk
I2-HG003-30x-8-D0-PF-ILMN-NOVASEQ-sent-gatk-DEL_gt50	DEL_gt50	I2-HG003-30x-8-D0-PF-ILMN-NOVASEQ	2505355380.0	2505355380.0	0.0	0.0	2.0			0.99999999920171	1.0	0.0	0.0	HG003	giabHC_x_ultima	-1	-2	sent	gatk
I2-HG003-30x-8-D0-PF-ILMN-NOVASEQ-sent-gatk-Indel_50	Indel_50	I2-HG003-30x-8-D0-PF-ILMN-NOVASEQ	2505355380.0	2505342675.0	233.0	12472.0	0.0	0.9907455217063192	0.9816607634789453	1.0	0.0	1.0	1.0	HG003	giabHC_x_ultima	-1	-2	sent	gatk
I2-HG003-30x-8-D0-PF-ILMN-NOVASEQ-sent-gatk-Indel_gt50	Indel_gt50	I2-HG003-30x-8-D0-PF-ILMN-NOVASEQ	2505355380.0	2505355036.0	4.0	340.0	0.0	0.9941520467836257	0.9883720930232558	1.0	0.0	1.0	1.0	HG003	giabHC_x_ultima	-1	-2	sent	gatk
I2-HG003-30x-8-D0-PF-ILMN-NOVASEQ-sent-gatk-All	All	I2-HG003-30x-8-D0-PF-ILMN-NOVASEQ	2505355380.0	2501784570.0	80950.0	3489860.0	13735.0	0.9866158355366987	0.9773300735687421	0.9999945099491144	0.0039202590482062	0.9960797409517937	0.9960797409517937	HG003	giabHC_x_ultima	-1	-2	sent	gatk
I2-HG003-30x-8-D0-PF-ILMN-NOVASEQ-sent-gatk-SNPts	SNPts	I2-HG003-30x-8-D0-PF-ILMN-NOVASEQ	337668665.0	337403105.0	11896.0	253664.0	2239.0	0.9728935705889008	0.9552040970025606	0.9999933640647968	0.008749408955737135	0.9912505910442628	0.9912505910442628	HG003	giabHC_x_clinvar_genes	-1	-2	sent	gatk
I2-HG003-30x-8-D0-PF-ILMN-NOVASEQ-sent-gatk-SNPtv	SNPtv	I2-HG003-30x-8-D0-PF-ILMN-NOVASEQ	337668665.0	337548422.0	5496.0	114747.0	1055.0	0.9722468173441504	0.9542925575709189	0.999996874532263	0.00911037805910088	0.9908896219408991	0.9908896219408991	HG003	giabHC_x_clinvar_genes	-1	-2	sent	gatk
I2-HG003-30x-8-D0-PF-ILMN-NOVASEQ-sent-gatk-INS_50	INS_50	I2-HG003-30x-8-D0-PF-ILMN-NOVASEQ	337668665.0	337642205.0	999.0	25461.0	77.0	0.9793068964190931	0.9622448979591837	0.9999997719479932	0.0030151147309891145	0.9969848852690109	0.9969848852690109	HG003	giabHC_x_clinvar_genes	-1	-2	sent	gatk
I2-HG003-30x-8-D0-PF-ILMN-NOVASEQ-sent-gatk-INS_gt50	INS_gt50	I2-HG003-30x-8-D0-PF-ILMN-NOVASEQ	337668665.0	337668665.0	0.0	0.0	1.0			0.999999997038517	1.0	0.0	0.0	HG003	giabHC_x_clinvar_genes	-1	-2	sent	gatk
I2-HG003-30x-8-D0-PF-ILMN-NOVASEQ-sent-gatk-DEL_50	DEL_50	I2-HG003-30x-8-D0-PF-ILMN-NOVASEQ	337668665.0	337640545.0	891.0	27229.0	111.0	0.9819329246303642	0.9683143669985775	0.9999996712481213	0.004059985369422092	0.9959400146305779	0.9959400146305779	HG003	giabHC_x_clinvar_genes	-1	-2	sent	gatk
I2-HG003-30x-8-D0-PF-ILMN-NOVASEQ-sent-gatk-DEL_gt50	DEL_gt50	I2-HG003-30x-8-D0-PF-ILMN-NOVASEQ	337668665.0	337668665.0	0.0	0.0	0.0			1.0				HG003	giabHC_x_clinvar_genes	-1	-2	sent	gatk
I2-HG003-30x-8-D0-PF-ILMN-NOVASEQ-sent-gatk-Indel_50	Indel_50	I2-HG003-30x-8-D0-PF-ILMN-NOVASEQ	337668665.0	337665834.0	76.0	2755.0	0.0	0.9863945578231292	0.9731543624161074	1.0	0.0	1.0	1.0	HG003	giabHC_x_clinvar_genes	-1	-2	sent	gatk
I2-HG003-30x-8-D0-PF-ILMN-NOVASEQ-sent-gatk-Indel_gt50	Indel_gt50	I2-HG003-30x-8-D0-PF-ILMN-NOVASEQ	337668665.0	337668623.0	1.0	41.0	0.0	0.9879518072289156	0.9761904761904762	1.0	0.0	1.0	1.0	HG003	giabHC_x_clinvar_genes	-1	-2	sent	gatk
I2-HG003-30x-8-D0-PF-ILMN-NOVASEQ-sent-gatk-All	All	I2-HG003-30x-8-D0-PF-ILMN-NOVASEQ	337668665.0	337225409.0	19359.0	423897.0	3483.0	0.973764007001778	0.9563254642915155	0.9999896717034553	0.00814965604380177	0.9918503439561982	0.9918503439561982	HG003	giabHC_x_clinvar_genes	-1	-2	sent	gatk
I2-HG003-30x-8-D0-PF-ILMN-NOVASEQ-sent-gatk-SNPts	SNPts	I2-HG003-30x-8-D0-PF-ILMN-NOVASEQ	688815815.0	688748052.0	8108.0	59655.0	367239.0	0.24119743579894753	0.8803476823635317	0.9994670862701841	0.8602580500077303	0.13974194999226974	0.13974194999226974	HG003	hg38_m_giabHC	-1	-2	sent	gatk
I2-HG003-30x-8-D0-PF-ILMN-NOVASEQ-sent-gatk-SNPtv	SNPtv	I2-HG003-30x-8-D0-PF-ILMN-NOVASEQ	688815815.0	688780830.0	4182.0	30803.0	276478.0	0.17999450719615737	0.8804630555952551	0.9995987590628673	0.8997562491660728	0.10024375083392723	0.10024375083392725	HG003	hg38_m_giabHC	-1	-2	sent	gatk
I2-HG003-30x-8-D0-PF-ILMN-NOVASEQ-sent-gatk-INS_50	INS_50	I2-HG003-30x-8-D0-PF-ILMN-NOVASEQ	688815815.0	688788005.0	2870.0	24940.0	159835.0	0.23463555754168922	0.8967997123336929	0.9997680013047141	0.86502503044243	0.13497496955757005	0.13497496955757002	HG003	hg38_m_giabHC	-1	-2	sent	gatk
I2-HG003-30x-8-D0-PF-ILMN-NOVASEQ-sent-gatk-INS_gt50	INS_gt50	I2-HG003-30x-8-D0-PF-ILMN-NOVASEQ	688815815.0	688815583.0	166.0	66.0	2236.0	0.05209155485398579	0.28448275862068967	0.999996753858657	0.9713292788879235	0.02867072111207647	0.028670721112076455	HG003	hg38_m_giabHC	-1	-2	sent	gatk
I2-HG003-30x-8-D0-PF-ILMN-NOVASEQ-sent-gatk-DEL_50	DEL_50	I2-HG003-30x-8-D0-PF-ILMN-NOVASEQ	688815815.0	688787650.0	2303.0	25862.0	167867.0	0.23310229208541017	0.9182318480383455	0.9997563456625894	0.866504240459611	0.13349575954038895	0.1334957595403889	HG003	hg38_m_giabHC	-1	-2	sent	gatk
I2-HG003-30x-8-D0-PF-ILMN-NOVASEQ-sent-gatk-DEL_gt50	DEL_gt50	I2-HG003-30x-8-D0-PF-ILMN-NOVASEQ	688815815.0	688815677.0	64.0	74.0	2221.0	0.060830250719276606	0.5362318840579711	0.999996775635467	0.967755991285403	0.03224400871459698	0.03224400871459695	HG003	hg38_m_giabHC	-1	-2	sent	gatk
I2-HG003-30x-8-D0-PF-ILMN-NOVASEQ-sent-gatk-Indel_50	Indel_50	I2-HG003-30x-8-D0-PF-ILMN-NOVASEQ	688815815.0	688807837.0	629.0	7349.0	18375.0	0.4361165509465314	0.9211581850087741	0.9999733241858688	0.7143134815736277	0.28568651842637227	0.28568651842637227	HG003	hg38_m_giabHC	-1	-2	sent	gatk
I2-HG003-30x-8-D0-PF-ILMN-NOVASEQ-sent-gatk-Indel_gt50	Indel_gt50	I2-HG003-30x-8-D0-PF-ILMN-NOVASEQ	688815815.0	688814891.0	98.0	826.0	1340.0	0.5346278317152103	0.8939393939393939	0.9999980546335296	0.61865189289012	0.38134810710988	0.38134810710988	HG003	hg38_m_giabHC	-1	-2	sent	gatk
I2-HG003-30x-8-D0-PF-ILMN-NOVASEQ-sent-gatk-All	All	I2-HG003-30x-8-D0-PF-ILMN-NOVASEQ	688815815.0	688647820.0	18420.0	149575.0	995591.0	0.22780908053163323	0.8903538795797494	0.998556368430235	0.8693857484417107	0.13061425155828932	0.13061425155828937	HG003	hg38_m_giabHC	-1	-2	sent	gatk
I2-HG003-30x-8-D0-PF-ILMN-NOVASEQ-sent-gatk-SNPts	SNPts	I2-HG003-30x-8-D0-PF-ILMN-NOVASEQ	332544085.0	332287255.0	9389.0	247441.0	1200.0	0.9790512215339753	0.9634427442276993	0.9999963886798294	0.004826235415719853	0.9951737645842802	0.9951737645842802	HG003	giabHC_x_ultima_x_clinvar	-1	-2	sent	gatk
I2-HG003-30x-8-D0-PF-ILMN-NOVASEQ-sent-gatk-SNPtv	SNPtv	I2-HG003-30x-8-D0-PF-ILMN-NOVASEQ	332544085.0	332429477.0	4233.0	110375.0	516.0	0.9789400396454087	0.9630654055563311	0.9999984477934878	0.004653218024907342	0.9953467819750926	0.9953467819750926	HG003	giabHC_x_ultima_x_clinvar	-1	-2	sent	gatk
I2-HG003-30x-8-D0-PF-ILMN-NOVASEQ-sent-gatk-INS_50	INS_50	I2-HG003-30x-8-D0-PF-ILMN-NOVASEQ	332544085.0	332526553.0	581.0	16951.0	37.0	0.9820973348783314	0.9668605977640885	0.9999998887307027	0.0021780080056510477	0.997821991994349	0.997821991994349	HG003	giabHC_x_ultima_x_clinvar	-1	-2	sent	gatk
I2-HG003-30x-8-D0-PF-ILMN-NOVASEQ-sent-gatk-INS_gt50	INS_gt50	I2-HG003-30x-8-D0-PF-ILMN-NOVASEQ	332544085.0	332544085.0	0.0	0.0	1.0			0.9999999969928799	1.0	0.0	0.0	HG003	giabHC_x_ultima_x_clinvar	-1	-2	sent	gatk
I2-HG003-30x-8-D0-PF-ILMN-NOVASEQ-sent-gatk-DEL_50	DEL_50	I2-HG003-30x-8-D0-PF-ILMN-NOVASEQ	332544085.0	332525100.0	588.0	18397.0	35.0	0.9833498142555523	0.9690281801422176	0.9999998947447988	0.0018988715277777778	0.9981011284722222	0.9981011284722222	HG003	giabHC_x_ultima_x_clinvar	-1	-2	sent	gatk
I2-HG003-30x-8-D0-PF-ILMN-NOVASEQ-sent-gatk-DEL_gt50	DEL_gt50	I2-HG003-30x-8-D0-PF-ILMN-NOVASEQ	332544085.0	332544085.0	0.0	0.0	0.0			1.0				HG003	giabHC_x_ultima_x_clinvar	-1	-2	sent	gatk
I2-HG003-30x-8-D0-PF-ILMN-NOVASEQ-sent-gatk-Indel_50	Indel_50	I2-HG003-30x-8-D0-PF-ILMN-NOVASEQ	332544085.0	332542896.0	30.0	1159.0	0.0	0.9872231686541738	0.9747687132043734	1.0	0.0	1.0	1.0	HG003	giabHC_x_ultima_x_clinvar	-1	-2	sent	gatk
I2-HG003-30x-8-D0-PF-ILMN-NOVASEQ-sent-gatk-Indel_gt50	Indel_gt50	I2-HG003-30x-8-D0-PF-ILMN-NOVASEQ	332544085.0	332544056.0	0.0	29.0	0.0	1.0	1.0	1.0	0.0	1.0	1.0	HG003	giabHC_x_ultima_x_clinvar	-1	-2	sent	gatk
I2-HG003-30x-8-D0-PF-ILMN-NOVASEQ-sent-gatk-All	All	I2-HG003-30x-8-D0-PF-ILMN-NOVASEQ	332544085.0	332134912.0	14821.0	394352.0	1789.0	0.9793745048515238	0.9637781574053029	0.9999946136636071	0.004516068773492267	0.9954839312265077	0.9954839312265077	HG003	giabHC_x_ultima_x_clinvar	-1	-2	sent	gatk
I2-HG003-30x-8-D0-PF-ILMN-NOVASEQ-sent-gatk-SNPts	SNPts	I2-HG003-30x-8-D0-PF-ILMN-NOVASEQ	2528531102.0	2526276312.0	65498.0	2189292.0	13417.0	0.9822961261460742	0.9709516185542778	0.999994689049381	0.0060911359603106905	0.9939088640396893	0.9939088640396893	HG003	giabHC	-1	-2	sent	gatk
I2-HG003-30x-8-D0-PF-ILMN-NOVASEQ-sent-gatk-SNPtv	SNPtv	I2-HG003-30x-8-D0-PF-ILMN-NOVASEQ	2528531102.0	2527459431.0	30768.0	1040903.0	6126.0	0.9825864917166186	0.9712896961847433	0.9999975762280982	0.005850840807656713	0.9941491591923433	0.9941491591923433	HG003	giabHC	-1	-2	sent	gatk
I2-HG003-30x-8-D0-PF-ILMN-NOVASEQ-sent-gatk-INS_50	INS_50	I2-HG003-30x-8-D0-PF-ILMN-NOVASEQ	2528531102.0	2528300409.0	6129.0	224564.0	359.0	0.9857599381935666	0.9734322237779213	0.9999998580073999	0.0015961017770525913	0.9984038982229474	0.9984038982229474	HG003	giabHC	-1	-2	sent	gatk
I2-HG003-30x-8-D0-PF-ILMN-NOVASEQ-sent-gatk-INS_gt50	INS_gt50	I2-HG003-30x-8-D0-PF-ILMN-NOVASEQ	2528531102.0	2528531101.0	0.0	1.0	4.0	0.33333333333333337	1.0	0.9999999984180539	0.8	0.19999999999999996	0.2	HG003	giabHC	-1	-2	sent	gatk
I2-HG003-30x-8-D0-PF-ILMN-NOVASEQ-sent-gatk-DEL_50	DEL_50	I2-HG003-30x-8-D0-PF-ILMN-NOVASEQ	2528531102.0	2528286174.0	5743.0	239185.0	539.0	0.9870381221990211	0.9765522929187354	0.9999997868121534	0.0022484190152008143	0.9977515809847992	0.9977515809847992	HG003	giabHC	-1	-2	sent	gatk
I2-HG003-30x-8-D0-PF-ILMN-NOVASEQ-sent-gatk-DEL_gt50	DEL_gt50	I2-HG003-30x-8-D0-PF-ILMN-NOVASEQ	2528531102.0	2528531102.0	0.0	0.0	2.0			0.9999999992090269	1.0	0.0	0.0	HG003	giabHC	-1	-2	sent	gatk
I2-HG003-30x-8-D0-PF-ILMN-NOVASEQ-sent-gatk-Indel_50	Indel_50	I2-HG003-30x-8-D0-PF-ILMN-NOVASEQ	2528531102.0	2528502756.0	656.0	27690.0	3.0	0.988240332625493	0.9768574049248572	0.9999999988135271	0.00010833062506770663	0.9998916693749323	0.9998916693749323	HG003	giabHC	-1	-2	sent	gatk
I2-HG003-30x-8-D0-PF-ILMN-NOVASEQ-sent-gatk-Indel_gt50	Indel_gt50	I2-HG003-30x-8-D0-PF-ILMN-NOVASEQ	2528531102.0	2528530666.0	11.0	425.0	0.0	0.9872241579558653	0.9747706422018348	1.0	0.0	1.0	1.0	HG003	giabHC	-1	-2	sent	gatk
I2-HG003-30x-8-D0-PF-ILMN-NOVASEQ-sent-gatk-All	All	I2-HG003-30x-8-D0-PF-ILMN-NOVASEQ	2528531102.0	2524700237.0	108805.0	3722060.0	20450.0	0.9829329724198259	0.9715977984084534	0.9999919000940954	0.005464247256520356	0.9945357527434796	0.9945357527434796	HG003	giabHC	-1	-2	sent	gatk
I2-HG003-30x-8-D0-PF-ILMN-NOVASEQ-sent-gatk-SNPts	SNPts	I2-HG003-30x-8-D0-PF-ILMN-NOVASEQ	2799325643.0	2797071566.0	53884.0	2200193.0	173524.0	0.9508603883405353	0.9760948716481291	0.9999379661079323	0.07310222743486271	0.9268977725651373	0.9268977725651373	HG003	ultima	-1	-2	sent	gatk
I2-HG003-30x-8-D0-PF-ILMN-NOVASEQ-sent-gatk-SNPtv	SNPtv	I2-HG003-30x-8-D0-PF-ILMN-NOVASEQ	2799325643.0	2798266942.0	24619.0	1034082.0	103642.0	0.941604653015696	0.9767460312212797	0.9999629634471601	0.09109590726749194	0.908904092732508	0.908904092732508	HG003	ultima	-1	-2	sent	gatk
I2-HG003-30x-8-D0-PF-ILMN-NOVASEQ-sent-gatk-INS_50	INS_50	I2-HG003-30x-8-D0-PF-ILMN-NOVASEQ	2799325643.0	2799160953.0	4047.0	160643.0	27073.0	0.911692763460327	0.9754265589896168	0.9999903282667157	0.1442231882205033	0.8557768117794967	0.8557768117794967	HG003	ultima	-1	-2	sent	gatk
I2-HG003-30x-8-D0-PF-ILMN-NOVASEQ-sent-gatk-INS_gt50	INS_gt50	I2-HG003-30x-8-D0-PF-ILMN-NOVASEQ	2799325643.0	2799325548.0	66.0	29.0	431.0	0.1045045045045045	0.30526315789473685	0.9999998460343656	0.9369565217391305	0.06304347826086953	0.06304347826086956	HG003	ultima	-1	-2	sent	gatk
I2-HG003-30x-8-D0-PF-ILMN-NOVASEQ-sent-gatk-DEL_50	DEL_50	I2-HG003-30x-8-D0-PF-ILMN-NOVASEQ	2799325643.0	2799147427.0	4189.0	174027.0	35842.0	0.8968499168996483	0.976494815280334	0.9999871955507891	0.1707827263674006	0.8292172736325993	0.8292172736325993	HG003	ultima	-1	-2	sent	gatk
I2-HG003-30x-8-D0-PF-ILMN-NOVASEQ-sent-gatk-DEL_gt50	DEL_gt50	I2-HG003-30x-8-D0-PF-ILMN-NOVASEQ	2799325643.0	2799325554.0	37.0	52.0	1014.0	0.09004329004329004	0.5842696629213483	0.9999996377700224	0.9512195121951219	0.04878048780487809	0.04878048780487805	HG003	ultima	-1	-2	sent	gatk
I2-HG003-30x-8-D0-PF-ILMN-NOVASEQ-sent-gatk-Indel_50	Indel_50	I2-HG003-30x-8-D0-PF-ILMN-NOVASEQ	2799325643.0	2799309703.0	303.0	15637.0	2087.0	0.9290042775665399	0.98099121706399	0.9999992544596114	0.11774994357932747	0.8822500564206726	0.8822500564206726	HG003	ultima	-1	-2	sent	gatk
I2-HG003-30x-8-D0-PF-ILMN-NOVASEQ-sent-gatk-Indel_gt50	Indel_gt50	I2-HG003-30x-8-D0-PF-ILMN-NOVASEQ	2799325643.0	2799324779.0	28.0	836.0	370.0	0.8077294685990338	0.9675925925925926	0.9999998678252864	0.3067993366500829	0.693200663349917	0.693200663349917	HG003	ultima	-1	-2	sent	gatk
I2-HG003-30x-8-D0-PF-ILMN-NOVASEQ-sent-gatk-All	All	I2-HG003-30x-8-D0-PF-ILMN-NOVASEQ	2799325643.0	2795652971.0	87173.0	3585499.0	343983.0	0.9432850215873028	0.9762644200189944	0.9998769730419385	0.08753901913789146	0.9124609808621086	0.9124609808621086	HG003	ultima	-1	-2	sent	gatk
I2-HG003-30x-8-D0-PF-ILMN-NOVASEQ-sent-gatk-SNPts	SNPts	I2-HG003-30x-8-D0-PF-ILMN-NOVASEQ	377862616.0	377589394.0	13295.0	259927.0	31977.0	0.919890431514388	0.9513399360227215	0.9999153199409363	0.1095462891909669	0.8904537108090331	0.8904537108090331	HG003	clinvar_genes	-1	-2	sent	gatk
I2-HG003-30x-8-D0-PF-ILMN-NOVASEQ-sent-gatk-SNPtv	SNPtv	I2-HG003-30x-8-D0-PF-ILMN-NOVASEQ	377862616.0	377738309.0	6212.0	118095.0	19529.0	0.9017260270834685	0.9500269494075153	0.999948302859569	0.1419011218973435	0.8580988781026565	0.8580988781026565	HG003	clinvar_genes	-1	-2	sent	gatk
I2-HG003-30x-8-D0-PF-ILMN-NOVASEQ-sent-gatk-INS_50	INS_50	I2-HG003-30x-8-D0-PF-ILMN-NOVASEQ	377862616.0	377833268.0	1355.0	27993.0	16558.0	0.7576015913611822	0.9538299032302031	0.9999561783574832	0.37166393571412537	0.6283360642858746	0.6283360642858746	HG003	clinvar_genes	-1	-2	sent	gatk
I2-HG003-30x-8-D0-PF-ILMN-NOVASEQ-sent-gatk-INS_gt50	INS_gt50	I2-HG003-30x-8-D0-PF-ILMN-NOVASEQ	377862616.0	377862586.0	19.0	11.0	276.0	0.0694006309148265	0.36666666666666664	0.9999992695762728	0.9616724738675958	0.0383275261324042	0.03832752613240418	HG003	clinvar_genes	-1	-2	sent	gatk
I2-HG003-30x-8-D0-PF-ILMN-NOVASEQ-sent-gatk-DEL_50	DEL_50	I2-HG003-30x-8-D0-PF-ILMN-NOVASEQ	377862616.0	377831579.0	1221.0	29816.0	16832.0	0.7676127952629207	0.9606598575893288	0.9999554530348416	0.360830046304236	0.639169953695764	0.639169953695764	HG003	clinvar_genes	-1	-2	sent	gatk
I2-HG003-30x-8-D0-PF-ILMN-NOVASEQ-sent-gatk-DEL_gt50	DEL_gt50	I2-HG003-30x-8-D0-PF-ILMN-NOVASEQ	377862616.0	377862598.0	11.0	7.0	271.0	0.04729729729729729	0.3888888888888889	0.9999992828086001	0.9748201438848921	0.025179856115107868	0.025179856115107913	HG003	clinvar_genes	-1	-2	sent	gatk
I2-HG003-30x-8-D0-PF-ILMN-NOVASEQ-sent-gatk-Indel_50	Indel_50	I2-HG003-30x-8-D0-PF-ILMN-NOVASEQ	377862616.0	377858988.0	180.0	3448.0	1958.0	0.7633384990037635	0.9503858875413451	0.999994818199603	0.3621901590825009	0.637809840917499	0.637809840917499	HG003	clinvar_genes	-1	-2	sent	gatk
I2-HG003-30x-8-D0-PF-ILMN-NOVASEQ-sent-gatk-Indel_gt50	Indel_gt50	I2-HG003-30x-8-D0-PF-ILMN-NOVASEQ	377862616.0	377862460.0	16.0	140.0	150.0	0.6278026905829597	0.8974358974358975	0.9999996030303183	0.5172413793103449	0.48275862068965514	0.4827586206896552	HG003	clinvar_genes	-1	-2	sent	gatk
I2-HG003-30x-8-D0-PF-ILMN-NOVASEQ-sent-gatk-All	All	I2-HG003-30x-8-D0-PF-ILMN-NOVASEQ	377862616.0	377400870.0	22309.0	439437.0	87551.0	0.8888882146259762	0.9516855587270924	0.9997680697072295	0.16613471274488223	0.8338652872551178	0.8338652872551178	HG003	clinvar_genes	-1	-2	sent	gatk
I2-HG003-30x-8-D0-PF-ILMN-NOVASEQ-sent-gatk-SNPts	SNPts	I2-HG003-30x-8-D0-PF-ILMN-NOVASEQ	3088286401.0	3085963874.0	73606.0	2248921.0	316942.0	0.9201070291036517	0.9683077957758941	0.9998973061691739	0.12352257310698193	0.8764774268930181	0.8764774268930181	HG003	hg38	-1	-2	sent	gatk
I2-HG003-30x-8-D0-PF-ILMN-NOVASEQ-sent-gatk-SNPtv	SNPtv	I2-HG003-30x-8-D0-PF-ILMN-NOVASEQ	3088286401.0	3087179758.0	34950.0	1071693.0	234687.0	0.8882575922401071	0.9684179993005875	0.9999239859098347	0.17964681026959997	0.8203531897304001	0.8203531897304001	HG003	hg38	-1	-2	sent	gatk
I2-HG003-30x-8-D0-PF-ILMN-NOVASEQ-sent-gatk-INS_50	INS_50	I2-HG003-30x-8-D0-PF-ILMN-NOVASEQ	3088286401.0	3088027818.0	9009.0	249574.0	155346.0	0.7522920016940391	0.9651601226685436	0.9999496966365821	0.38364615232638544	0.6163538476736146	0.6163538476736146	HG003	hg38	-1	-2	sent	gatk
I2-HG003-30x-8-D0-PF-ILMN-NOVASEQ-sent-gatk-INS_gt50	INS_gt50	I2-HG003-30x-8-D0-PF-ILMN-NOVASEQ	3088286401.0	3088286168.0	166.0	67.0	2153.0	0.05462698736241337	0.2875536480686695	0.9999993028500658	0.9698198198198198	0.030180180180180205	0.03018018018018018	HG003	hg38	-1	-2	sent	gatk
I2-HG003-30x-8-D0-PF-ILMN-NOVASEQ-sent-gatk-DEL_50	DEL_50	I2-HG003-30x-8-D0-PF-ILMN-NOVASEQ	3088286401.0	3088013500.0	8026.0	264875.0	162391.0	0.7566052098999239	0.970590067460361	0.9999474152361356	0.3800700266344619	0.6199299733655381	0.6199299733655381	HG003	hg38	-1	-2	sent	gatk
I2-HG003-30x-8-D0-PF-ILMN-NOVASEQ-sent-gatk-DEL_gt50	DEL_gt50	I2-HG003-30x-8-D0-PF-ILMN-NOVASEQ	3088286401.0	3088286263.0	64.0	74.0	2110.0	0.06373815676141258	0.5362318840579711	0.9999993167736477	0.9661172161172161	0.03388278388278387	0.03388278388278388	HG003	hg38	-1	-2	sent	gatk
I2-HG003-30x-8-D0-PF-ILMN-NOVASEQ-sent-gatk-Indel_50	Indel_50	I2-HG003-30x-8-D0-PF-ILMN-NOVASEQ	3088286401.0	3088250077.0	1285.0	35039.0	18155.0	0.7828369713353739	0.9646239400947032	0.9999941213007951	0.3412978907395571	0.6587021092604429	0.6587021092604429	HG003	hg38	-1	-2	sent	gatk
I2-HG003-30x-8-D0-PF-ILMN-NOVASEQ-sent-gatk-Indel_gt50	Indel_gt50	I2-HG003-30x-8-D0-PF-ILMN-NOVASEQ	3088286401.0	3088285043.0	107.0	1251.0	1323.0	0.6363173957273652	0.9212076583210603	0.9999995716070845	0.513986013986014	0.48601398601398604	0.486013986013986	HG003	hg38	-1	-2	sent	gatk
I2-HG003-30x-8-D0-PF-ILMN-NOVASEQ-sent-gatk-All	All	I2-HG003-30x-8-D0-PF-ILMN-NOVASEQ	3088286401.0	3084287694.0	127213.0	3871494.0	893107.0	0.8835690814473255	0.9681864662752234	0.9997105171276476	0.18744633601008773	0.8125536639899122	0.8125536639899122	HG003	hg38	-1	-2	sent	gatk
I2-HG003-3x-2-D0-PF-ILMN-NOVASEQ-sent-gatk-SNPts	SNPts	I2-HG003-3x-2-D0-PF-ILMN-NOVASEQ	2528531102.0	2526276015.0	1039791.0	1215296.0	2842.0	0.699808391336582	0.538913132841438	0.9999988750252206	0.002333068995466852	0.9976669310045332	0.9976669310045332	HG003	giabHC	-1	-2	sent	gatk
I2-HG003-3x-2-D0-PF-ILMN-NOVASEQ-sent-gatk-SNPtv	SNPtv	I2-HG003-3x-2-D0-PF-ILMN-NOVASEQ	2528531102.0	2527458836.0	495687.0	576579.0	1583.0	0.6987023971963635	0.5377201179558058	0.9999993736796081	0.002737986930998578	0.9972620130690014	0.9972620130690014	HG003	giabHC	-1	-2	sent	gatk
I2-HG003-3x-2-D0-PF-ILMN-NOVASEQ-sent-gatk-INS_50	INS_50	I2-HG003-3x-2-D0-PF-ILMN-NOVASEQ	2528531102.0	2528297353.0	132097.0	101652.0	234.0	0.6057294382290286	0.43487672674535505	0.9999999074476038	0.0022966845297685647	0.9977033154702314	0.9977033154702314	HG003	giabHC	-1	-2	sent	gatk
I2-HG003-3x-2-D0-PF-ILMN-NOVASEQ-sent-gatk-INS_gt50	INS_gt50	I2-HG003-3x-2-D0-PF-ILMN-NOVASEQ	2528531102.0	2528531101.0	1.0	0.0	2.0		0.0	0.9999999992090269	1.0	0.0	0.0	HG003	giabHC	-1	-2	sent	gatk
I2-HG003-3x-2-D0-PF-ILMN-NOVASEQ-sent-gatk-DEL_50	DEL_50	I2-HG003-3x-2-D0-PF-ILMN-NOVASEQ	2528531102.0	2528282943.0	142535.0	105624.0	285.0	0.5966311555972299	0.4256303418372898	0.9999998872752875	0.0026909894343256947	0.9973090105656743	0.9973090105656743	HG003	giabHC	-1	-2	sent	gatk
I2-HG003-3x-2-D0-PF-ILMN-NOVASEQ-sent-gatk-DEL_gt50	DEL_gt50	I2-HG003-3x-2-D0-PF-ILMN-NOVASEQ	2528531102.0	2528531102.0	0.0	0.0	1.0			0.9999999996045135	1.0	0.0	0.0	HG003	giabHC	-1	-2	sent	gatk
I2-HG003-3x-2-D0-PF-ILMN-NOVASEQ-sent-gatk-Indel_50	Indel_50	I2-HG003-3x-2-D0-PF-ILMN-NOVASEQ	2528531102.0	2528509156.0	21812.0	134.0	0.0	0.012137681159420292	0.006105896290895836	1.0	0.0	1.0	1.0	HG003	giabHC	-1	-2	sent	gatk
I2-HG003-3x-2-D0-PF-ILMN-NOVASEQ-sent-gatk-Indel_gt50	Indel_gt50	I2-HG003-3x-2-D0-PF-ILMN-NOVASEQ	2528531102.0	2528530796.0	301.0	5.0	0.0	0.03215434083601287	0.016339869281045753	1.0	0.0	1.0	1.0	HG003	giabHC	-1	-2	sent	gatk
I2-HG003-3x-2-D0-PF-ILMN-NOVASEQ-sent-gatk-All	All	I2-HG003-3x-2-D0-PF-ILMN-NOVASEQ	2528531102.0	2524699588.0	1832224.0	1999290.0	4947.0	0.6851868765476798	0.521801564603444	0.9999980405627941	0.002468270967954389	0.9975317290320456	0.9975317290320456	HG003	giabHC	-1	-2	sent	gatk
I2-HG003-3x-2-D0-PF-ILMN-NOVASEQ-sent-gatk-SNPts	SNPts	I2-HG003-3x-2-D0-PF-ILMN-NOVASEQ	3088286401.0	3085963356.0	1081393.0	1241652.0	119044.0	0.674125569631524	0.5344933051232327	0.9999614255277176	0.08748757988558796	0.912512420114412	0.912512420114412	HG003	hg38	-1	-2	sent	gatk
I2-HG003-3x-2-D0-PF-ILMN-NOVASEQ-sent-gatk-SNPtv	SNPtv	I2-HG003-3x-2-D0-PF-ILMN-NOVASEQ	3088286401.0	3087178975.0	516809.0	590617.0	81242.0	0.6638812781538651	0.5333241227856308	0.9999736847579117	0.12092120519335157	0.8790787948066484	0.8790787948066484	HG003	hg38	-1	-2	sent	gatk
I2-HG003-3x-2-D0-PF-ILMN-NOVASEQ-sent-gatk-INS_50	INS_50	I2-HG003-3x-2-D0-PF-ILMN-NOVASEQ	3088286401.0	3088024418.0	150078.0	111905.0	35993.0	0.5460365325545707	0.4271460361931881	0.9999883444637703	0.24336366955604538	0.7566363304439546	0.7566363304439546	HG003	hg38	-1	-2	sent	gatk
I2-HG003-3x-2-D0-PF-ILMN-NOVASEQ-sent-gatk-INS_gt50	INS_gt50	I2-HG003-3x-2-D0-PF-ILMN-NOVASEQ	3088286401.0	3088286164.0	223.0	14.0	413.0	0.04216867469879518	0.05907172995780591	0.9999998662688874	0.9672131147540983	0.032786885245901676	0.03278688524590164	HG003	hg38	-1	-2	sent	gatk
I2-HG003-3x-2-D0-PF-ILMN-NOVASEQ-sent-gatk-DEL_50	DEL_50	I2-HG003-3x-2-D0-PF-ILMN-NOVASEQ	3088286401.0	3088010022.0	159906.0	116473.0	41297.0	0.5365577255734783	0.42142492736423537	0.9999866268414175	0.26175445268428726	0.7382455473157128	0.7382455473157128	HG003	hg38	-1	-2	sent	gatk
I2-HG003-3x-2-D0-PF-ILMN-NOVASEQ-sent-gatk-DEL_gt50	DEL_gt50	I2-HG003-3x-2-D0-PF-ILMN-NOVASEQ	3088286401.0	3088286263.0	126.0	12.0	313.0	0.05183585313174947	0.08695652173913043	0.999999898649302	0.963076923076923	0.03692307692307695	0.036923076923076927	HG003	hg38	-1	-2	sent	gatk
I2-HG003-3x-2-D0-PF-ILMN-NOVASEQ-sent-gatk-Indel_50	Indel_50	I2-HG003-3x-2-D0-PF-ILMN-NOVASEQ	3088286401.0	3088257412.0	28814.0	175.0	96.0	0.01196172248803828	0.006036772568905447	0.9999999689145093	0.35424354243542433	0.6457564575645757	0.6457564575645757	HG003	hg38	-1	-2	sent	gatk
I2-HG003-3x-2-D0-PF-ILMN-NOVASEQ-sent-gatk-Indel_gt50	Indel_gt50	I2-HG003-3x-2-D0-PF-ILMN-NOVASEQ	3088286401.0	3088285204.0	1185.0	12.0	8.0	0.01972062448644207	0.010025062656641603	0.9999999974095657	0.4	0.6	0.6	HG003	hg38	-1	-2	sent	gatk
I2-HG003-3x-2-D0-PF-ILMN-NOVASEQ-sent-gatk-All	All	I2-HG003-3x-2-D0-PF-ILMN-NOVASEQ	3088286401.0	3084287007.0	1938534.0	2060860.0	278406.0	0.6502509994225909	0.5152930668996353	0.9999097422285724	0.11901425489875885	0.8809857451012412	0.8809857451012412	HG003	hg38	-1	-2	sent	gatk
I2-HG003-3x-2-D0-PF-ILMN-NOVASEQ-sent-gatk-SNPts	SNPts	I2-HG003-3x-2-D0-PF-ILMN-NOVASEQ	688815815.0	688747847.0	41602.0	26366.0	144127.0	0.22113469288479037	0.3879178436911488	0.9997907843240456	0.8453543547242409	0.15464564527575908	0.1546456452757591	HG003	hg38_m_giabHC	-1	-2	sent	gatk
I2-HG003-3x-2-D0-PF-ILMN-NOVASEQ-sent-gatk-SNPtv	SNPtv	I2-HG003-3x-2-D0-PF-ILMN-NOVASEQ	688815815.0	688780651.0	21122.0	14042.0	100796.0	0.1872241703443954	0.39932885906040266	0.999853681645167	0.8777234016614709	0.12227659833852911	0.12227659833852905	HG003	hg38_m_giabHC	-1	-2	sent	gatk
I2-HG003-3x-2-D0-PF-ILMN-NOVASEQ-sent-gatk-INS_50	INS_50	I2-HG003-3x-2-D0-PF-ILMN-NOVASEQ	688815815.0	688787661.0	17939.0	10215.0	37466.0	0.26940067251269206	0.3628258861973432	0.9999456088366533	0.7857637213984606	0.21423627860153938	0.2142362786015394	HG003	hg38_m_giabHC	-1	-2	sent	gatk
I2-HG003-3x-2-D0-PF-ILMN-NOVASEQ-sent-gatk-INS_gt50	INS_gt50	I2-HG003-3x-2-D0-PF-ILMN-NOVASEQ	688815815.0	688815579.0	222.0	14.0	428.0	0.04129793510324483	0.059322033898305086	0.9999993786439403	0.9683257918552036	0.03167420814479638	0.03167420814479638	HG003	hg38_m_giabHC	-1	-2	sent	gatk
I2-HG003-3x-2-D0-PF-ILMN-NOVASEQ-sent-gatk-DEL_50	DEL_50	I2-HG003-3x-2-D0-PF-ILMN-NOVASEQ	688815815.0	688787404.0	17476.0	10935.0	43202.0	0.2649367640645443	0.3848861356516842	0.9999372821131586	0.7980124498956351	0.20198755010436487	0.20198755010436487	HG003	hg38_m_giabHC	-1	-2	sent	gatk
I2-HG003-3x-2-D0-PF-ILMN-NOVASEQ-sent-gatk-DEL_gt50	DEL_gt50	I2-HG003-3x-2-D0-PF-ILMN-NOVASEQ	688815815.0	688815677.0	126.0	12.0	341.0	0.04887983706720978	0.08695652173913043	0.9999995049476332	0.9660056657223796	0.03399433427762044	0.0339943342776204	HG003	hg38_m_giabHC	-1	-2	sent	gatk
I2-HG003-3x-2-D0-PF-ILMN-NOVASEQ-sent-gatk-Indel_50	Indel_50	I2-HG003-3x-2-D0-PF-ILMN-NOVASEQ	688815815.0	688808771.0	7003.0	41.0	127.0	0.01136993899057127	0.005820556501987507	0.9999998156237523	0.7559523809523809	0.24404761904761907	0.24404761904761904	HG003	hg38_m_giabHC	-1	-2	sent	gatk
I2-HG003-3x-2-D0-PF-ILMN-NOVASEQ-sent-gatk-Indel_gt50	Indel_gt50	I2-HG003-3x-2-D0-PF-ILMN-NOVASEQ	688815815.0	688814922.0	886.0	7.0	12.0	0.015350877192982457	0.007838745800671893	0.9999999825787749	0.631578947368421	0.368421052631579	0.3684210526315789	HG003	hg38_m_giabHC	-1	-2	sent	gatk
I2-HG003-3x-2-D0-PF-ILMN-NOVASEQ-sent-gatk-All	All	I2-HG003-3x-2-D0-PF-ILMN-NOVASEQ	688815815.0	688647807.0	106376.0	61632.0	326499.0	0.22164243111883897	0.3668396743012238	0.9995261085977276	0.8412082518531114	0.15879174814688857	0.15879174814688854	HG003	hg38_m_giabHC	-1	-2	sent	gatk
I2-HG003-3x-2-D0-PF-ILMN-NOVASEQ-sent-gatk-SNPts	SNPts	I2-HG003-3x-2-D0-PF-ILMN-NOVASEQ	2505355380.0	2503152233.0	1001923.0	1201224.0	2084.0	0.7052633896528796	0.5452309809558781	0.99999916745045	0.0017318924165716507	0.9982681075834283	0.9982681075834283	HG003	giabHC_x_ultima	-1	-2	sent	gatk
I2-HG003-3x-2-D0-PF-ILMN-NOVASEQ-sent-gatk-SNPtv	SNPtv	I2-HG003-3x-2-D0-PF-ILMN-NOVASEQ	2505355380.0	2504320727.0	470534.0	564119.0	1148.0	0.70518400920046	0.5452253074219086	0.9999995415924721	0.002030898672662653	0.9979691013273373	0.9979691013273373	HG003	giabHC_x_ultima	-1	-2	sent	gatk
I2-HG003-3x-2-D0-PF-ILMN-NOVASEQ-sent-gatk-INS_50	INS_50	I2-HG003-3x-2-D0-PF-ILMN-NOVASEQ	2505355380.0	2505199623.0	78928.0	76829.0	126.0	0.6602925504486232	0.49326194007331936	0.9999999497046094	0.0016373205119875251	0.9983626794880125	0.9983626794880125	HG003	giabHC_x_ultima	-1	-2	sent	gatk
I2-HG003-3x-2-D0-PF-ILMN-NOVASEQ-sent-gatk-INS_gt50	INS_gt50	I2-HG003-3x-2-D0-PF-ILMN-NOVASEQ	2505355380.0	2505355380.0	0.0	0.0	0.0			1.0				HG003	giabHC_x_ultima	-1	-2	sent	gatk
I2-HG003-3x-2-D0-PF-ILMN-NOVASEQ-sent-gatk-DEL_50	DEL_50	I2-HG003-3x-2-D0-PF-ILMN-NOVASEQ	2505355380.0	2505187240.0	88014.0	80126.0	179.0	0.6450200245527179	0.4765433567265374	0.99999992854826	0.0022290019301413363	0.9977709980698587	0.9977709980698587	HG003	giabHC_x_ultima	-1	-2	sent	gatk
I2-HG003-3x-2-D0-PF-ILMN-NOVASEQ-sent-gatk-DEL_gt50	DEL_gt50	I2-HG003-3x-2-D0-PF-ILMN-NOVASEQ	2505355380.0	2505355380.0	0.0	0.0	1.0			0.9999999996008551	1.0	0.0	0.0	HG003	giabHC_x_ultima	-1	-2	sent	gatk
I2-HG003-3x-2-D0-PF-ILMN-NOVASEQ-sent-gatk-Indel_50	Indel_50	I2-HG003-3x-2-D0-PF-ILMN-NOVASEQ	2505355380.0	2505346589.0	8688.0	103.0	0.0	0.02316168203283112	0.011716528267546353	1.0	0.0	1.0	1.0	HG003	giabHC_x_ultima	-1	-2	sent	gatk
I2-HG003-3x-2-D0-PF-ILMN-NOVASEQ-sent-gatk-Indel_gt50	Indel_gt50	I2-HG003-3x-2-D0-PF-ILMN-NOVASEQ	2505355380.0	2505355144.0	232.0	4.0	0.0	0.03333333333333333	0.01694915254237288	1.0	0.0	1.0	1.0	HG003	giabHC_x_ultima	-1	-2	sent	gatk
I2-HG003-3x-2-D0-PF-ILMN-NOVASEQ-sent-gatk-All	All	I2-HG003-3x-2-D0-PF-ILMN-NOVASEQ	2505355380.0	2501784656.0	1648319.0	1922405.0	3538.0	0.6994802486670558	0.5383796115297625	0.9999985858115373	0.0018370221756303276	0.9981629778243697	0.9981629778243697	HG003	giabHC_x_ultima	-1	-2	sent	gatk
I2-HG003-3x-2-D0-PF-ILMN-NOVASEQ-sent-gatk-SNPts	SNPts	I2-HG003-3x-2-D0-PF-ILMN-NOVASEQ	332544085.0	332287233.0	114826.0	142026.0	290.0	0.7116101491101491	0.552948779842088	0.9999991272618443	0.002037718879114084	0.9979622811208859	0.9979622811208859	HG003	giabHC_x_ultima_x_clinvar	-1	-2	sent	gatk
I2-HG003-3x-2-D0-PF-ILMN-NOVASEQ-sent-gatk-SNPtv	SNPtv	I2-HG003-3x-2-D0-PF-ILMN-NOVASEQ	332544085.0	332429456.0	51249.0	63380.0	166.0	0.7114353865581591	0.5529141840197507	0.9999995006461849	0.002612280867403141	0.9973877191325968	0.9973877191325968	HG003	giabHC_x_ultima_x_clinvar	-1	-2	sent	gatk
I2-HG003-3x-2-D0-PF-ILMN-NOVASEQ-sent-gatk-INS_50	INS_50	I2-HG003-3x-2-D0-PF-ILMN-NOVASEQ	332544085.0	332526422.0	8491.0	9172.0	9.0	0.6833556846967664	0.5192775859140576	0.9999999729344823	0.0009802853719638384	0.9990197146280362	0.9990197146280362	HG003	giabHC_x_ultima_x_clinvar	-1	-2	sent	gatk
I2-HG003-3x-2-D0-PF-ILMN-NOVASEQ-sent-gatk-INS_gt50	INS_gt50	I2-HG003-3x-2-D0-PF-ILMN-NOVASEQ	332544085.0	332544085.0	0.0	0.0	0.0			1.0				HG003	giabHC_x_ultima_x_clinvar	-1	-2	sent	gatk
I2-HG003-3x-2-D0-PF-ILMN-NOVASEQ-sent-gatk-DEL_50	DEL_50	I2-HG003-3x-2-D0-PF-ILMN-NOVASEQ	332544085.0	332524903.0	9690.0	9492.0	12.0	0.6617862371888726	0.49483891147951203	0.9999999639124786	0.0012626262626262627	0.9987373737373737	0.9987373737373737	HG003	giabHC_x_ultima_x_clinvar	-1	-2	sent	gatk
I2-HG003-3x-2-D0-PF-ILMN-NOVASEQ-sent-gatk-DEL_gt50	DEL_gt50	I2-HG003-3x-2-D0-PF-ILMN-NOVASEQ	332544085.0	332544085.0	0.0	0.0	0.0			1.0				HG003	giabHC_x_ultima_x_clinvar	-1	-2	sent	gatk
I2-HG003-3x-2-D0-PF-ILMN-NOVASEQ-sent-gatk-Indel_50	Indel_50	I2-HG003-3x-2-D0-PF-ILMN-NOVASEQ	332544085.0	332543264.0	811.0	10.0	0.0	0.024067388688327314	0.012180267965895249	1.0	0.0	1.0	1.0	HG003	giabHC_x_ultima_x_clinvar	-1	-2	sent	gatk
I2-HG003-3x-2-D0-PF-ILMN-NOVASEQ-sent-gatk-Indel_gt50	Indel_gt50	I2-HG003-3x-2-D0-PF-ILMN-NOVASEQ	332544085.0	332544061.0	23.0	1.0	0.0	0.07999999999999999	0.041666666666666664	1.0	0.0	1.0	1.0	HG003	giabHC_x_ultima_x_clinvar	-1	-2	sent	gatk
I2-HG003-3x-2-D0-PF-ILMN-NOVASEQ-sent-gatk-All	All	I2-HG003-3x-2-D0-PF-ILMN-NOVASEQ	332544085.0	332134914.0	185090.0	224081.0	477.0	0.7071824076221855	0.5476463385723818	0.9999985638386847	0.0021241728194942955	0.9978758271805057	0.9978758271805057	HG003	giabHC_x_ultima_x_clinvar	-1	-2	sent	gatk
I2-HG003-3x-2-D0-PF-ILMN-NOVASEQ-sent-gatk-SNPts	SNPts	I2-HG003-3x-2-D0-PF-ILMN-NOVASEQ	377862616.0	377589334.0	125929.0	147353.0	12440.0	0.6804964498066154	0.5391976054039417	0.9999670552395233	0.07785071936818258	0.9221492806318174	0.9221492806318174	HG003	clinvar_genes	-1	-2	sent	gatk
I2-HG003-3x-2-D0-PF-ILMN-NOVASEQ-sent-gatk-SNPtv	SNPtv	I2-HG003-3x-2-D0-PF-ILMN-NOVASEQ	377862616.0	377738237.0	57466.0	66913.0	7492.0	0.6732231970379909	0.5379766680870565	0.9999801665527236	0.10069215778509509	0.8993078422149049	0.8993078422149049	HG003	clinvar_genes	-1	-2	sent	gatk
I2-HG003-3x-2-D0-PF-ILMN-NOVASEQ-sent-gatk-INS_50	INS_50	I2-HG003-3x-2-D0-PF-ILMN-NOVASEQ	377862616.0	377832942.0	16408.0	13266.0	3975.0	0.5655334114888629	0.44705803059917776	0.9999894795880944	0.23055507221158866	0.7694449277884113	0.7694449277884113	HG003	clinvar_genes	-1	-2	sent	gatk
I2-HG003-3x-2-D0-PF-ILMN-NOVASEQ-sent-gatk-INS_gt50	INS_gt50	I2-HG003-3x-2-D0-PF-ILMN-NOVASEQ	377862616.0	377862586.0	29.0	1.0	56.0	0.022988505747126436	0.03333333333333333	0.9999998517979981	0.9824561403508771	0.01754385964912286	0.017543859649122806	HG003	clinvar_genes	-1	-2	sent	gatk
I2-HG003-3x-2-D0-PF-ILMN-NOVASEQ-sent-gatk-DEL_50	DEL_50	I2-HG003-3x-2-D0-PF-ILMN-NOVASEQ	377862616.0	377831200.0	17745.0	13671.0	4481.0	0.5516058747579085	0.43516042780748665	0.9999881403471791	0.24685985015425296	0.7531401498457471	0.7531401498457471	HG003	clinvar_genes	-1	-2	sent	gatk
I2-HG003-3x-2-D0-PF-ILMN-NOVASEQ-sent-gatk-DEL_gt50	DEL_gt50	I2-HG003-3x-2-D0-PF-ILMN-NOVASEQ	377862616.0	377862598.0	17.0	1.0	40.0	0.03389830508474577	0.05555555555555555	0.9999998941414261	0.975609756097561	0.024390243902439046	0.024390243902439025	HG003	clinvar_genes	-1	-2	sent	gatk
I2-HG003-3x-2-D0-PF-ILMN-NOVASEQ-sent-gatk-Indel_50	Indel_50	I2-HG003-3x-2-D0-PF-ILMN-NOVASEQ	377862616.0	377859722.0	2876.0	18.0	7.0	0.012332990750256938	0.006219765031098825	0.9999999814746069	0.28	0.72	0.72	HG003	clinvar_genes	-1	-2	sent	gatk
I2-HG003-3x-2-D0-PF-ILMN-NOVASEQ-sent-gatk-Indel_gt50	Indel_gt50	I2-HG003-3x-2-D0-PF-ILMN-NOVASEQ	377862616.0	377862480.0	135.0	1.0	0.0	0.014598540145985401	0.007352941176470588	1.0	0.0	1.0	1.0	HG003	clinvar_genes	-1	-2	sent	gatk
I2-HG003-3x-2-D0-PF-ILMN-NOVASEQ-sent-gatk-All	All	I2-HG003-3x-2-D0-PF-ILMN-NOVASEQ	377862616.0	377400787.0	220605.0	241224.0	28491.0	0.6594927987926905	0.5223231975471441	0.9999245130103552	0.10563372448695846	0.8943662755130415	0.8943662755130416	HG003	clinvar_genes	-1	-2	sent	gatk
I2-HG003-3x-2-D0-PF-ILMN-NOVASEQ-sent-gatk-SNPts	SNPts	I2-HG003-3x-2-D0-PF-ILMN-NOVASEQ	2799325643.0	2797071438.0	1030644.0	1223561.0	77364.0	0.6883354476488904	0.542790473803403	0.9999723418361066	0.05946845513769049	0.9405315448623095	0.9405315448623095	HG003	ultima	-1	-2	sent	gatk
I2-HG003-3x-2-D0-PF-ILMN-NOVASEQ-sent-gatk-SNPtv	SNPtv	I2-HG003-3x-2-D0-PF-ILMN-NOVASEQ	2799325643.0	2798266718.0	484011.0	574914.0	44872.0	0.6849469622823703	0.542922303279269	0.9999839646163207	0.07239918294379027	0.9276008170562098	0.9276008170562097	HG003	ultima	-1	-2	sent	gatk
I2-HG003-3x-2-D0-PF-ILMN-NOVASEQ-sent-gatk-INS_50	INS_50	I2-HG003-3x-2-D0-PF-ILMN-NOVASEQ	2799325643.0	2799159198.0	84911.0	81534.0	11902.0	0.6274718044027844	0.48985550782540777	0.9999957480269784	0.12738130913138404	0.872618690868616	0.872618690868616	HG003	ultima	-1	-2	sent	gatk
I2-HG003-3x-2-D0-PF-ILMN-NOVASEQ-sent-gatk-INS_gt50	INS_gt50	I2-HG003-3x-2-D0-PF-ILMN-NOVASEQ	2799325643.0	2799325547.0	91.0	5.0	78.0	0.055865921787709494	0.052083333333333336	0.9999999721361462	0.9397590361445783	0.06024096385542166	0.060240963855421686	HG003	ultima	-1	-2	sent	gatk
I2-HG003-3x-2-D0-PF-ILMN-NOVASEQ-sent-gatk-DEL_50	DEL_50	I2-HG003-3x-2-D0-PF-ILMN-NOVASEQ	2799325643.0	2799144908.0	95127.0	85608.0	14712.0	0.6091903719912473	0.4736658643870861	0.9999947441368134	0.14665071770334928	0.8533492822966507	0.8533492822966507	HG003	ultima	-1	-2	sent	gatk
I2-HG003-3x-2-D0-PF-ILMN-NOVASEQ-sent-gatk-DEL_gt50	DEL_gt50	I2-HG003-3x-2-D0-PF-ILMN-NOVASEQ	2799325643.0	2799325554.0	78.0	11.0	128.0	0.09649122807017543	0.12359550561797752	0.9999999542747023	0.920863309352518	0.07913669064748197	0.07913669064748201	HG003	ultima	-1	-2	sent	gatk
I2-HG003-3x-2-D0-PF-ILMN-NOVASEQ-sent-gatk-Indel_50	Indel_50	I2-HG003-3x-2-D0-PF-ILMN-NOVASEQ	2799325643.0	2799314517.0	11001.0	125.0	24.0	0.022172949002217293	0.011234945173467554	0.9999999914264726	0.1610738255033557	0.8389261744966443	0.8389261744966443	HG003	ultima	-1	-2	sent	gatk
I2-HG003-3x-2-D0-PF-ILMN-NOVASEQ-sent-gatk-Indel_gt50	Indel_gt50	I2-HG003-3x-2-D0-PF-ILMN-NOVASEQ	2799325643.0	2799324999.0	635.0	9.0	4.0	0.027397260273972605	0.013975155279503106	0.9999999985710841	0.3076923076923077	0.6923076923076923	0.6923076923076923	HG003	ultima	-1	-2	sent	gatk
I2-HG003-3x-2-D0-PF-ILMN-NOVASEQ-sent-gatk-All	All	I2-HG003-3x-2-D0-PF-ILMN-NOVASEQ	2799325643.0	2795653378.0	1706498.0	1965767.0	149084.0	0.6793598054713262	0.5353009654804324	0.9999466757748352	0.07049385512265403	0.929506144877346	0.929506144877346	HG003	ultima	-1	-2	sent	gatk
I2-HG003-3x-2-D0-PF-ILMN-NOVASEQ-sent-gatk-SNPts	SNPts	I2-HG003-3x-2-D0-PF-ILMN-NOVASEQ	337668665.0	337403055.0	121038.0	144572.0	518.0	0.704027270513757	0.5443017958661195	0.9999984647465485	0.003570197808256944	0.996429802191743	0.996429802191743	HG003	giabHC_x_clinvar_genes	-1	-2	sent	gatk
I2-HG003-3x-2-D0-PF-ILMN-NOVASEQ-sent-gatk-SNPtv	SNPtv	I2-HG003-3x-2-D0-PF-ILMN-NOVASEQ	337668665.0	337548358.0	54964.0	65343.0	269.0	0.7029190131186162	0.5431354784010906	0.9999992030777836	0.0040998597817472416	0.9959001402182528	0.9959001402182528	HG003	giabHC_x_clinvar_genes	-1	-2	sent	gatk
I2-HG003-3x-2-D0-PF-ILMN-NOVASEQ-sent-gatk-INS_50	INS_50	I2-HG003-3x-2-D0-PF-ILMN-NOVASEQ	337668665.0	337641922.0	14551.0	12192.0	18.0	0.6259851616050112	0.45589500056089444	0.9999999466890873	0.0014742014742014742	0.9985257985257985	0.9985257985257985	HG003	giabHC_x_clinvar_genes	-1	-2	sent	gatk
I2-HG003-3x-2-D0-PF-ILMN-NOVASEQ-sent-gatk-INS_gt50	INS_gt50	I2-HG003-3x-2-D0-PF-ILMN-NOVASEQ	337668665.0	337668665.0	0.0	0.0	0.0			1.0				HG003	giabHC_x_clinvar_genes	-1	-2	sent	gatk
I2-HG003-3x-2-D0-PF-ILMN-NOVASEQ-sent-gatk-DEL_50	DEL_50	I2-HG003-3x-2-D0-PF-ILMN-NOVASEQ	337668665.0	337640220.0	15914.0	12531.0	36.0	0.6110894372378816	0.4405343645631921	0.9999998933776427	0.0028646455001193603	0.9971353544998807	0.9971353544998807	HG003	giabHC_x_clinvar_genes	-1	-2	sent	gatk
I2-HG003-3x-2-D0-PF-ILMN-NOVASEQ-sent-gatk-DEL_gt50	DEL_gt50	I2-HG003-3x-2-D0-PF-ILMN-NOVASEQ	337668665.0	337668665.0	0.0	0.0	0.0			1.0				HG003	giabHC_x_clinvar_genes	-1	-2	sent	gatk
I2-HG003-3x-2-D0-PF-ILMN-NOVASEQ-sent-gatk-Indel_50	Indel_50	I2-HG003-3x-2-D0-PF-ILMN-NOVASEQ	337668665.0	337666469.0	2181.0	15.0	0.0	0.013568521031207597	0.006830601092896175	1.0	0.0	1.0	1.0	HG003	giabHC_x_clinvar_genes	-1	-2	sent	gatk
I2-HG003-3x-2-D0-PF-ILMN-NOVASEQ-sent-gatk-Indel_gt50	Indel_gt50	I2-HG003-3x-2-D0-PF-ILMN-NOVASEQ	337668665.0	337668628.0	36.0	1.0	0.0	0.052631578947368425	0.02702702702702703	1.0	0.0	1.0	1.0	HG003	giabHC_x_clinvar_genes	-1	-2	sent	gatk
I2-HG003-3x-2-D0-PF-ILMN-NOVASEQ-sent-gatk-All	All	I2-HG003-3x-2-D0-PF-ILMN-NOVASEQ	337668665.0	337225327.0	208684.0	234654.0	841.0	0.6913452940561229	0.5292891653772066	0.9999975061247323	0.003571201087071912	0.9964287989129281	0.9964287989129281	HG003	giabHC_x_clinvar_genes	-1	-2	sent	gatk
I2-HG003-40x-9-D0-PF-ILMN-NOVASEQ-sent-gatk-SNPts	SNPts	I2-HG003-40x-9-D0-PF-ILMN-NOVASEQ	2505355380.0	2503152312.0	49945.0	2153123.0	11195.0	0.9860007794135898	0.9773293425350466	0.9999955276593124	0.0051725300995509906	0.994827469900449	0.994827469900449	HG003	giabHC_x_ultima	-1	-2	sent	gatk
I2-HG003-40x-9-D0-PF-ILMN-NOVASEQ-sent-gatk-SNPtv	SNPtv	I2-HG003-40x-9-D0-PF-ILMN-NOVASEQ	2505355380.0	2504320956.0	22652.0	1011772.0	4433.0	0.9867918575227406	0.9781018228502045	0.9999982298626131	0.004362308786120911	0.9956376912138791	0.9956376912138791	HG003	giabHC_x_ultima	-1	-2	sent	gatk
I2-HG003-40x-9-D0-PF-ILMN-NOVASEQ-sent-gatk-INS_50	INS_50	I2-HG003-40x-9-D0-PF-ILMN-NOVASEQ	2505355380.0	2505201469.0	3268.0	150643.0	220.0	0.9885554542054112	0.9787669497306886	0.9999999121827192	0.0014582767146351326	0.9985417232853648	0.9985417232853648	HG003	giabHC_x_ultima	-1	-2	sent	gatk
I2-HG003-40x-9-D0-PF-ILMN-NOVASEQ-sent-gatk-INS_gt50	INS_gt50	I2-HG003-40x-9-D0-PF-ILMN-NOVASEQ	2505355380.0	2505355380.0	0.0	0.0	3.0			0.9999999988025651	1.0	0.0	0.0	HG003	giabHC_x_ultima	-1	-2	sent	gatk
I2-HG003-40x-9-D0-PF-ILMN-NOVASEQ-sent-gatk-DEL_50	DEL_50	I2-HG003-40x-9-D0-PF-ILMN-NOVASEQ	2505355380.0	2505189770.0	3351.0	162259.0	297.0	0.988883674725596	0.979765714630759	0.9999998814461211	0.0018270626737862644	0.9981729373262137	0.9981729373262137	HG003	giabHC_x_ultima	-1	-2	sent	gatk
I2-HG003-40x-9-D0-PF-ILMN-NOVASEQ-sent-gatk-DEL_gt50	DEL_gt50	I2-HG003-40x-9-D0-PF-ILMN-NOVASEQ	2505355380.0	2505355380.0	0.0	0.0	5.0			0.9999999980042752	1.0	0.0	0.0	HG003	giabHC_x_ultima	-1	-2	sent	gatk
I2-HG003-40x-9-D0-PF-ILMN-NOVASEQ-sent-gatk-Indel_50	Indel_50	I2-HG003-40x-9-D0-PF-ILMN-NOVASEQ	2505355380.0	2505341930.0	197.0	13253.0	0.0	0.992622551773209	0.9853531598513011	1.0	0.0	1.0	1.0	HG003	giabHC_x_ultima	-1	-2	sent	gatk
I2-HG003-40x-9-D0-PF-ILMN-NOVASEQ-sent-gatk-Indel_gt50	Indel_gt50	I2-HG003-40x-9-D0-PF-ILMN-NOVASEQ	2505355380.0	2505355029.0	3.0	348.0	0.0	0.9957081545064378	0.9914529914529915	1.0	0.0	1.0	1.0	HG003	giabHC_x_ultima	-1	-2	sent	gatk
I2-HG003-40x-9-D0-PF-ILMN-NOVASEQ-sent-gatk-All	All	I2-HG003-40x-9-D0-PF-ILMN-NOVASEQ	2505355380.0	2501784566.0	79416.0	3491398.0	16153.0	0.9864984357263296	0.9777596928879522	0.9999935434505725	0.004605207451010691	0.9953947925489893	0.9953947925489893	HG003	giabHC_x_ultima	-1	-2	sent	gatk
I2-HG003-40x-9-D0-PF-ILMN-NOVASEQ-sent-gatk-SNPts	SNPts	I2-HG003-40x-9-D0-PF-ILMN-NOVASEQ	2528531102.0	2526276329.0	63863.0	2190910.0	15601.0	0.9821880875550627	0.9716765279697779	0.9999938245458434	0.007070438352675333	0.9929295616473247	0.9929295616473247	HG003	giabHC	-1	-2	sent	gatk
I2-HG003-40x-9-D0-PF-ILMN-NOVASEQ-sent-gatk-SNPtv	SNPtv	I2-HG003-40x-9-D0-PF-ILMN-NOVASEQ	2528531102.0	2527459440.0	29886.0	1041776.0	6965.0	0.982620756526	0.9721124757619474	0.9999972442759333	0.006641296564165985	0.993358703435834	0.993358703435834	HG003	giabHC	-1	-2	sent	gatk
I2-HG003-40x-9-D0-PF-ILMN-NOVASEQ-sent-gatk-INS_50	INS_50	I2-HG003-40x-9-D0-PF-ILMN-NOVASEQ	2528531102.0	2528301415.0	5560.0	224127.0	417.0	0.9868414969475884	0.9757931445837161	0.9999998350671606	0.0018570970500213766	0.9981429029499786	0.9981429029499786	HG003	giabHC	-1	-2	sent	gatk
I2-HG003-40x-9-D0-PF-ILMN-NOVASEQ-sent-gatk-INS_gt50	INS_gt50	I2-HG003-40x-9-D0-PF-ILMN-NOVASEQ	2528531102.0	2528531101.0	0.0	1.0	3.0	0.4	1.0	0.9999999988135404	0.75	0.25	0.25	HG003	giabHC	-1	-2	sent	gatk
I2-HG003-40x-9-D0-PF-ILMN-NOVASEQ-sent-gatk-DEL_50	DEL_50	I2-HG003-40x-9-D0-PF-ILMN-NOVASEQ	2528531102.0	2528287279.0	5246.0	238577.0	632.0	0.9878310339687639	0.9784843923665938	0.999999750028469	0.0026420410603279977	0.997357958939672	0.997357958939672	HG003	giabHC	-1	-2	sent	gatk
I2-HG003-40x-9-D0-PF-ILMN-NOVASEQ-sent-gatk-DEL_gt50	DEL_gt50	I2-HG003-40x-9-D0-PF-ILMN-NOVASEQ	2528531102.0	2528531102.0	0.0	0.0	5.0			0.9999999980225673	1.0	0.0	0.0	HG003	giabHC	-1	-2	sent	gatk
I2-HG003-40x-9-D0-PF-ILMN-NOVASEQ-sent-gatk-Indel_50	Indel_50	I2-HG003-40x-9-D0-PF-ILMN-NOVASEQ	2528531102.0	2528500635.0	540.0	29927.0	5.0	0.9909766717992019	0.982275905077625	0.9999999980225435	0.00016704530268608846	0.9998329546973139	0.9998329546973139	HG003	giabHC	-1	-2	sent	gatk
I2-HG003-40x-9-D0-PF-ILMN-NOVASEQ-sent-gatk-Indel_gt50	Indel_gt50	I2-HG003-40x-9-D0-PF-ILMN-NOVASEQ	2528531102.0	2528530655.0	12.0	435.0	0.0	0.9863945578231292	0.9731543624161074	1.0	0.0	1.0	1.0	HG003	giabHC	-1	-2	sent	gatk
I2-HG003-40x-9-D0-PF-ILMN-NOVASEQ-sent-gatk-All	All	I2-HG003-40x-9-D0-PF-ILMN-NOVASEQ	2528531102.0	2524700242.0	105107.0	3725753.0	23628.0	0.9830170307250125	0.9725630798306385	0.9999906413527908	0.0063018402237596015	0.9936981597762404	0.9936981597762404	HG003	giabHC	-1	-2	sent	gatk
I2-HG003-40x-9-D0-PF-ILMN-NOVASEQ-sent-gatk-SNPts	SNPts	I2-HG003-40x-9-D0-PF-ILMN-NOVASEQ	337668665.0	337403105.0	11727.0	253833.0	2520.0	0.9727023469428813	0.955840488025305	0.9999925312448481	0.009830195082561936	0.9901698049174381	0.9901698049174381	HG003	giabHC_x_clinvar_genes	-1	-2	sent	gatk
I2-HG003-40x-9-D0-PF-ILMN-NOVASEQ-sent-gatk-SNPtv	SNPtv	I2-HG003-40x-9-D0-PF-ILMN-NOVASEQ	337668665.0	337548422.0	5441.0	114802.0	1220.0	0.9718070810318921	0.9547499646549071	0.9999963857168007	0.010515247108307046	0.9894847528916929	0.9894847528916929	HG003	giabHC_x_clinvar_genes	-1	-2	sent	gatk
I2-HG003-40x-9-D0-PF-ILMN-NOVASEQ-sent-gatk-INS_50	INS_50	I2-HG003-40x-9-D0-PF-ILMN-NOVASEQ	337668665.0	337642290.0	927.0	25448.0	79.0	0.9806173172517436	0.9648530805687204	0.9999997660246247	0.0030947624084302896	0.9969052375915697	0.9969052375915697	HG003	giabHC_x_clinvar_genes	-1	-2	sent	gatk
I2-HG003-40x-9-D0-PF-ILMN-NOVASEQ-sent-gatk-INS_gt50	INS_gt50	I2-HG003-40x-9-D0-PF-ILMN-NOVASEQ	337668665.0	337668665.0	0.0	0.0	0.0			1.0				HG003	giabHC_x_clinvar_genes	-1	-2	sent	gatk
I2-HG003-40x-9-D0-PF-ILMN-NOVASEQ-sent-gatk-DEL_50	DEL_50	I2-HG003-40x-9-D0-PF-ILMN-NOVASEQ	337668665.0	337640652.0	858.0	27155.0	104.0	0.9825951657258648	0.9693713632956128	0.9999996919803129	0.0038152536776844344	0.9961847463223156	0.9961847463223156	HG003	giabHC_x_clinvar_genes	-1	-2	sent	gatk
I2-HG003-40x-9-D0-PF-ILMN-NOVASEQ-sent-gatk-DEL_gt50	DEL_gt50	I2-HG003-40x-9-D0-PF-ILMN-NOVASEQ	337668665.0	337668665.0	0.0	0.0	1.0			0.999999997038517	1.0	0.0	0.0	HG003	giabHC_x_clinvar_genes	-1	-2	sent	gatk
I2-HG003-40x-9-D0-PF-ILMN-NOVASEQ-sent-gatk-Indel_50	Indel_50	I2-HG003-40x-9-D0-PF-ILMN-NOVASEQ	337668665.0	337665641.0	70.0	2954.0	1.0	0.9881251045325306	0.9768518518518519	0.9999999970384905	0.00033840947546531303	0.9996615905245347	0.9996615905245347	HG003	giabHC_x_clinvar_genes	-1	-2	sent	gatk
I2-HG003-40x-9-D0-PF-ILMN-NOVASEQ-sent-gatk-Indel_gt50	Indel_gt50	I2-HG003-40x-9-D0-PF-ILMN-NOVASEQ	337668665.0	337668622.0	1.0	42.0	0.0	0.988235294117647	0.9767441860465116	1.0	0.0	1.0	1.0	HG003	giabHC_x_clinvar_genes	-1	-2	sent	gatk
I2-HG003-40x-9-D0-PF-ILMN-NOVASEQ-sent-gatk-All	All	I2-HG003-40x-9-D0-PF-ILMN-NOVASEQ	337668665.0	337225407.0	19024.0	424234.0	3925.0	0.9736647322693958	0.9570814288743802	0.9999883610361627	0.009167155192346768	0.9908328448076532	0.9908328448076532	HG003	giabHC_x_clinvar_genes	-1	-2	sent	gatk
I2-HG003-40x-9-D0-PF-ILMN-NOVASEQ-sent-gatk-SNPts	SNPts	I2-HG003-40x-9-D0-PF-ILMN-NOVASEQ	377862616.0	377589397.0	13099.0	260120.0	33235.0	0.9182207443334851	0.952056774968066	0.9999119888555832	0.11329276814780727	0.8867072318521927	0.8867072318521927	HG003	clinvar_genes	-1	-2	sent	gatk
I2-HG003-40x-9-D0-PF-ILMN-NOVASEQ-sent-gatk-SNPtv	SNPtv	I2-HG003-40x-9-D0-PF-ILMN-NOVASEQ	377862616.0	377738312.0	6149.0	118155.0	20216.0	0.8996288188826496	0.9505325653237224	0.9999464843319169	0.14609997759646168	0.8539000224035384	0.8539000224035384	HG003	clinvar_genes	-1	-2	sent	gatk
I2-HG003-40x-9-D0-PF-ILMN-NOVASEQ-sent-gatk-INS_50	INS_50	I2-HG003-40x-9-D0-PF-ILMN-NOVASEQ	377862616.0	377833389.0	1257.0	27970.0	17122.0	0.75270119350368	0.9569918226297601	0.9999546857831297	0.37971258759868715	0.6202874124013129	0.6202874124013129	HG003	clinvar_genes	-1	-2	sent	gatk
I2-HG003-40x-9-D0-PF-ILMN-NOVASEQ-sent-gatk-INS_gt50	INS_gt50	I2-HG003-40x-9-D0-PF-ILMN-NOVASEQ	377862616.0	377862586.0	19.0	11.0	295.0	0.06547619047619047	0.36666666666666664	0.9999992192935193	0.9640522875816994	0.03594771241830064	0.03594771241830065	HG003	clinvar_genes	-1	-2	sent	gatk
I2-HG003-40x-9-D0-PF-ILMN-NOVASEQ-sent-gatk-DEL_50	DEL_50	I2-HG003-40x-9-D0-PF-ILMN-NOVASEQ	377862616.0	377831719.0	1176.0	29721.0	17178.0	0.764075273792997	0.9619380522380814	0.9999545373821748	0.366276466449178	0.633723533550822	0.633723533550822	HG003	clinvar_genes	-1	-2	sent	gatk
I2-HG003-40x-9-D0-PF-ILMN-NOVASEQ-sent-gatk-DEL_gt50	DEL_gt50	I2-HG003-40x-9-D0-PF-ILMN-NOVASEQ	377862616.0	377862598.0	11.0	7.0	288.0	0.04472843450479233	0.3888888888888889	0.999999237818768	0.976271186440678	0.023728813559321993	0.023728813559322035	HG003	clinvar_genes	-1	-2	sent	gatk
I2-HG003-40x-9-D0-PF-ILMN-NOVASEQ-sent-gatk-Indel_50	Indel_50	I2-HG003-40x-9-D0-PF-ILMN-NOVASEQ	377862616.0	377858727.0	164.0	3725.0	2497.0	0.7368212837503708	0.957829776292106	0.9999933917537938	0.40131790421086466	0.5986820957891353	0.5986820957891353	HG003	clinvar_genes	-1	-2	sent	gatk
I2-HG003-40x-9-D0-PF-ILMN-NOVASEQ-sent-gatk-Indel_gt50	Indel_gt50	I2-HG003-40x-9-D0-PF-ILMN-NOVASEQ	377862616.0	377862454.0	16.0	146.0	169.0	0.6121593291404612	0.9012345679012346	0.9999995527475074	0.5365079365079365	0.4634920634920635	0.4634920634920635	HG003	clinvar_genes	-1	-2	sent	gatk
I2-HG003-40x-9-D0-PF-ILMN-NOVASEQ-sent-gatk-All	All	I2-HG003-40x-9-D0-PF-ILMN-NOVASEQ	377862616.0	377400870.0	21891.0	439855.0	91000.0	0.8862674931820539	0.9525908183286915	0.9997589352056774	0.17142157462960694	0.8285784253703931	0.8285784253703931	HG003	clinvar_genes	-1	-2	sent	gatk
I2-HG003-40x-9-D0-PF-ILMN-NOVASEQ-sent-gatk-SNPts	SNPts	I2-HG003-40x-9-D0-PF-ILMN-NOVASEQ	688815815.0	688748067.0	7713.0	60035.0	383452.0	0.2348626365565738	0.8861516207120506	0.9994435721057188	0.864629628376931	0.13537037162306897	0.135370371623069	HG003	hg38_m_giabHC	-1	-2	sent	gatk
I2-HG003-40x-9-D0-PF-ILMN-NOVASEQ-sent-gatk-SNPtv	SNPtv	I2-HG003-40x-9-D0-PF-ILMN-NOVASEQ	688815815.0	688780837.0	4040.0	30938.0	292043.0	0.17285778538882945	0.884498827834639	0.9995761798084406	0.9042110836241141	0.09578891637588594	0.0957889163758859	HG003	hg38_m_giabHC	-1	-2	sent	gatk
I2-HG003-40x-9-D0-PF-ILMN-NOVASEQ-sent-gatk-INS_50	INS_50	I2-HG003-40x-9-D0-PF-ILMN-NOVASEQ	688815815.0	688788365.0	2505.0	24945.0	165838.0	0.22860887216873707	0.9087431693989071	0.9997592902412412	0.8692493565988584	0.13075064340114162	0.13075064340114162	HG003	hg38_m_giabHC	-1	-2	sent	gatk
I2-HG003-40x-9-D0-PF-ILMN-NOVASEQ-sent-gatk-INS_gt50	INS_gt50	I2-HG003-40x-9-D0-PF-ILMN-NOVASEQ	688815815.0	688815583.0	161.0	71.0	2427.0	0.052014652014652	0.30603448275862066	0.999996476572963	0.9715772618094476	0.02842273819055241	0.02842273819055244	HG003	hg38_m_giabHC	-1	-2	sent	gatk
I2-HG003-40x-9-D0-PF-ILMN-NOVASEQ-sent-gatk-DEL_50	DEL_50	I2-HG003-40x-9-D0-PF-ILMN-NOVASEQ	688815815.0	688788086.0	2052.0	25677.0	172603.0	0.22722103987009365	0.9259980525803311	0.9997494733694451	0.870501311276982	0.12949868872301795	0.12949868872301795	HG003	hg38_m_giabHC	-1	-2	sent	gatk
I2-HG003-40x-9-D0-PF-ILMN-NOVASEQ-sent-gatk-DEL_gt50	DEL_gt50	I2-HG003-40x-9-D0-PF-ILMN-NOVASEQ	688815815.0	688815677.0	61.0	77.0	2382.0	0.05929919137466307	0.5579710144927537	0.9999965419025113	0.9686864579097194	0.03131354209028059	0.0313135420902806	HG003	hg38_m_giabHC	-1	-2	sent	gatk
I2-HG003-40x-9-D0-PF-ILMN-NOVASEQ-sent-gatk-Indel_50	Indel_50	I2-HG003-40x-9-D0-PF-ILMN-NOVASEQ	688815815.0	688807069.0	541.0	8205.0	23510.0	0.40557573960109733	0.9381431511548136	0.9999658696917403	0.7412896105943559	0.25871038940564406	0.258710389405644	HG003	hg38_m_giabHC	-1	-2	sent	gatk
I2-HG003-40x-9-D0-PF-ILMN-NOVASEQ-sent-gatk-Indel_gt50	Indel_gt50	I2-HG003-40x-9-D0-PF-ILMN-NOVASEQ	688815815.0	688814835.0	85.0	895.0	1595.0	0.515850144092219	0.9132653061224489	0.9999976844338628	0.6405622489959839	0.3594377510040161	0.35943775100401604	HG003	hg38_m_giabHC	-1	-2	sent	gatk
I2-HG003-40x-9-D0-PF-ILMN-NOVASEQ-sent-gatk-All	All	I2-HG003-40x-9-D0-PF-ILMN-NOVASEQ	688815815.0	688647814.0	17158.0	150843.0	1043850.0	0.2213893948311213	0.8978696555377647	0.9984864975836506	0.8737391112193676	0.12626088878063235	0.12626088878063235	HG003	hg38_m_giabHC	-1	-2	sent	gatk
I2-HG003-40x-9-D0-PF-ILMN-NOVASEQ-sent-gatk-SNPts	SNPts	I2-HG003-40x-9-D0-PF-ILMN-NOVASEQ	332544085.0	332287255.0	9321.0	247509.0	1405.0	0.9787916416210573	0.9637075108048125	0.9999957717485755	0.005644519793985071	0.9943554802060149	0.9943554802060149	HG003	giabHC_x_ultima_x_clinvar	-1	-2	sent	gatk
I2-HG003-40x-9-D0-PF-ILMN-NOVASEQ-sent-gatk-SNPtv	SNPtv	I2-HG003-40x-9-D0-PF-ILMN-NOVASEQ	332544085.0	332429477.0	4214.0	110394.0	623.0	0.9785617728531855	0.9632311880496999	0.9999981259218104	0.005611753154922219	0.9943882468450778	0.9943882468450778	HG003	giabHC_x_ultima_x_clinvar	-1	-2	sent	gatk
I2-HG003-40x-9-D0-PF-ILMN-NOVASEQ-sent-gatk-INS_50	INS_50	I2-HG003-40x-9-D0-PF-ILMN-NOVASEQ	332544085.0	332526567.0	557.0	16961.0	33.0	0.9829044969865554	0.9682041328918827	0.9999999007598189	0.0019418618335883253	0.9980581381664116	0.9980581381664116	HG003	giabHC_x_ultima_x_clinvar	-1	-2	sent	gatk
I2-HG003-40x-9-D0-PF-ILMN-NOVASEQ-sent-gatk-INS_gt50	INS_gt50	I2-HG003-40x-9-D0-PF-ILMN-NOVASEQ	332544085.0	332544085.0	0.0	0.0	0.0			1.0				HG003	giabHC_x_ultima_x_clinvar	-1	-2	sent	gatk
I2-HG003-40x-9-D0-PF-ILMN-NOVASEQ-sent-gatk-DEL_50	DEL_50	I2-HG003-40x-9-D0-PF-ILMN-NOVASEQ	332544085.0	332525141.0	572.0	18372.0	33.0	0.983801440466947	0.9698057432432432	0.9999999007593934	0.0017929910350448248	0.9982070089649552	0.9982070089649552	HG003	giabHC_x_ultima_x_clinvar	-1	-2	sent	gatk
I2-HG003-40x-9-D0-PF-ILMN-NOVASEQ-sent-gatk-DEL_gt50	DEL_gt50	I2-HG003-40x-9-D0-PF-ILMN-NOVASEQ	332544085.0	332544085.0	0.0	0.0	1.0			0.9999999969928799	1.0	0.0	0.0	HG003	giabHC_x_ultima_x_clinvar	-1	-2	sent	gatk
I2-HG003-40x-9-D0-PF-ILMN-NOVASEQ-sent-gatk-Indel_50	Indel_50	I2-HG003-40x-9-D0-PF-ILMN-NOVASEQ	332544085.0	332542839.0	28.0	1218.0	0.0	0.9886363636363636	0.9775280898876404	1.0	0.0	1.0	1.0	HG003	giabHC_x_ultima_x_clinvar	-1	-2	sent	gatk
I2-HG003-40x-9-D0-PF-ILMN-NOVASEQ-sent-gatk-Indel_gt50	Indel_gt50	I2-HG003-40x-9-D0-PF-ILMN-NOVASEQ	332544085.0	332544057.0	0.0	28.0	0.0	1.0	1.0	1.0	0.0	1.0	1.0	HG003	giabHC_x_ultima_x_clinvar	-1	-2	sent	gatk
I2-HG003-40x-9-D0-PF-ILMN-NOVASEQ-sent-gatk-All	All	I2-HG003-40x-9-D0-PF-ILMN-NOVASEQ	332544085.0	332134911.0	14692.0	394482.0	2095.0	0.9791660202717712	0.9640935152282403	0.9999936923620008	0.005282706763125446	0.9947172932368745	0.9947172932368745	HG003	giabHC_x_ultima_x_clinvar	-1	-2	sent	gatk
I2-HG003-40x-9-D0-PF-ILMN-NOVASEQ-sent-gatk-SNPts	SNPts	I2-HG003-40x-9-D0-PF-ILMN-NOVASEQ	2799325643.0	2797071563.0	53052.0	2201028.0	178104.0	0.9501089093268342	0.9764640119250426	0.9999363288868701	0.0748609156616783	0.9251390843383217	0.9251390843383217	HG003	ultima	-1	-2	sent	gatk
I2-HG003-40x-9-D0-PF-ILMN-NOVASEQ-sent-gatk-SNPtv	SNPtv	I2-HG003-40x-9-D0-PF-ILMN-NOVASEQ	2799325643.0	2798266944.0	24193.0	1034506.0	106433.0	0.9406147738855212	0.9771483679497194	0.9999619661190051	0.09328544295532014	0.9067145570446798	0.9067145570446798	HG003	ultima	-1	-2	sent	gatk
I2-HG003-40x-9-D0-PF-ILMN-NOVASEQ-sent-gatk-INS_50	INS_50	I2-HG003-40x-9-D0-PF-ILMN-NOVASEQ	2799325643.0	2799161329.0	3774.0	160540.0	27509.0	0.9112193959070617	0.9770317806151636	0.999990172510112	0.1462863402623784	0.8537136597376216	0.8537136597376216	HG003	ultima	-1	-2	sent	gatk
I2-HG003-40x-9-D0-PF-ILMN-NOVASEQ-sent-gatk-INS_gt50	INS_gt50	I2-HG003-40x-9-D0-PF-ILMN-NOVASEQ	2799325643.0	2799325548.0	62.0	33.0	462.0	0.11186440677966102	0.3473684210526316	0.9999998349602731	0.9333333333333333	0.06666666666666665	0.06666666666666667	HG003	ultima	-1	-2	sent	gatk
I2-HG003-40x-9-D0-PF-ILMN-NOVASEQ-sent-gatk-DEL_50	DEL_50	I2-HG003-40x-9-D0-PF-ILMN-NOVASEQ	2799325643.0	2799148037.0	3951.0	173655.0	36265.0	0.8962237372460171	0.977754129928043	0.9999870444400627	0.1727562881097561	0.8272437118902439	0.8272437118902439	HG003	ultima	-1	-2	sent	gatk
I2-HG003-40x-9-D0-PF-ILMN-NOVASEQ-sent-gatk-DEL_gt50	DEL_gt50	I2-HG003-40x-9-D0-PF-ILMN-NOVASEQ	2799325643.0	2799325554.0	37.0	52.0	1090.0	0.08448415922014622	0.5842696629213483	0.9999996106206461	0.9544658493870403	0.045534150612959734	0.04553415061295972	HG003	ultima	-1	-2	sent	gatk
I2-HG003-40x-9-D0-PF-ILMN-NOVASEQ-sent-gatk-Indel_50	Indel_50	I2-HG003-40x-9-D0-PF-ILMN-NOVASEQ	2799325643.0	2799308736.0	260.0	16647.0	2247.0	0.9299740230719812	0.9846217543029514	0.9999991973024742	0.11892664337885042	0.8810733566211496	0.8810733566211496	HG003	ultima	-1	-2	sent	gatk
I2-HG003-40x-9-D0-PF-ILMN-NOVASEQ-sent-gatk-Indel_gt50	Indel_gt50	I2-HG003-40x-9-D0-PF-ILMN-NOVASEQ	2799325643.0	2799324749.0	26.0	868.0	434.0	0.790528233151184	0.970917225950783	0.999999844962635	0.3333333333333333	0.6666666666666667	0.6666666666666666	HG003	ultima	-1	-2	sent	gatk
I2-HG003-40x-9-D0-PF-ILMN-NOVASEQ-sent-gatk-All	All	I2-HG003-40x-9-D0-PF-ILMN-NOVASEQ	2799325643.0	2795652959.0	85355.0	3587329.0	352544.0	0.942476752555022	0.97675950340405	0.9998739115500231	0.08948105687670643	0.9105189431232936	0.9105189431232936	HG003	ultima	-1	-2	sent	gatk
I2-HG003-40x-9-D0-PF-ILMN-NOVASEQ-sent-gatk-SNPts	SNPts	I2-HG003-40x-9-D0-PF-ILMN-NOVASEQ	3088286401.0	3085963906.0	71576.0	2250919.0	332336.0	0.9176655964939101	0.9691814191203856	0.9998923188268587	0.12865009455125415	0.8713499054487459	0.8713499054487459	HG003	hg38	-1	-2	sent	gatk
I2-HG003-40x-9-D0-PF-ILMN-NOVASEQ-sent-gatk-SNPtv	SNPtv	I2-HG003-40x-9-D0-PF-ILMN-NOVASEQ	3088286401.0	3087179775.0	33926.0	1072700.0	248709.0	0.8835951705803252	0.9693428493456687	0.9999194446118221	0.18821500383302975	0.8117849961669703	0.8117849961669703	HG003	hg38	-1	-2	sent	gatk
I2-HG003-40x-9-D0-PF-ILMN-NOVASEQ-sent-gatk-INS_50	INS_50	I2-HG003-40x-9-D0-PF-ILMN-NOVASEQ	3088286401.0	3088029186.0	8076.0	249139.0	161109.0	0.7465252755583455	0.9686021421767782	0.9999478306112609	0.39271123808038066	0.6072887619196193	0.6072887619196193	HG003	hg38	-1	-2	sent	gatk
I2-HG003-40x-9-D0-PF-ILMN-NOVASEQ-sent-gatk-INS_gt50	INS_gt50	I2-HG003-40x-9-D0-PF-ILMN-NOVASEQ	3088286401.0	3088286168.0	161.0	72.0	2346.0	0.05431912485854395	0.3090128755364807	0.9999992403559481	0.9702233250620348	0.02977667493796521	0.02977667493796526	HG003	hg38	-1	-2	sent	gatk
I2-HG003-40x-9-D0-PF-ILMN-NOVASEQ-sent-gatk-DEL_50	DEL_50	I2-HG003-40x-9-D0-PF-ILMN-NOVASEQ	3088286401.0	3088015041.0	7282.0	264078.0	166855.0	0.7520450865949113	0.9731647995283019	0.9999459698276788	0.3871947611345615	0.6128052388654385	0.6128052388654385	HG003	hg38	-1	-2	sent	gatk
I2-HG003-40x-9-D0-PF-ILMN-NOVASEQ-sent-gatk-DEL_gt50	DEL_gt50	I2-HG003-40x-9-D0-PF-ILMN-NOVASEQ	3088286401.0	3088286263.0	61.0	77.0	2279.0	0.06174819566960707	0.5579710144927537	0.9999992620508191	0.9673174872665535	0.03268251273344647	0.03268251273344652	HG003	hg38	-1	-2	sent	gatk
I2-HG003-40x-9-D0-PF-ILMN-NOVASEQ-sent-gatk-Indel_50	Indel_50	I2-HG003-40x-9-D0-PF-ILMN-NOVASEQ	3088286401.0	3088247188.0	1081.0	38132.0	23248.0	0.7581442048651497	0.9724326116338969	0.9999924721618518	0.37875529488432713	0.6212447051156729	0.6212447051156729	HG003	hg38	-1	-2	sent	gatk
I2-HG003-40x-9-D0-PF-ILMN-NOVASEQ-sent-gatk-Indel_gt50	Indel_gt50	I2-HG003-40x-9-D0-PF-ILMN-NOVASEQ	3088286401.0	3088284976.0	95.0	1330.0	1571.0	0.6148867313915857	0.9333333333333333	0.9999994913036805	0.5415374008962427	0.4584625991037573	0.4584625991037573	HG003	hg38	-1	-2	sent	gatk
I2-HG003-40x-9-D0-PF-ILMN-NOVASEQ-sent-gatk-All	All	I2-HG003-40x-9-D0-PF-ILMN-NOVASEQ	3088286401.0	3084287696.0	122258.0	3876447.0	938453.0	0.8796507218102014	0.9694256015384981	0.999695823594551	0.1949060208934765	0.8050939791065235	0.8050939791065235	HG003	hg38	-1	-2	sent	gatk
I2-HG003-5x-3-D0-PF-ILMN-NOVASEQ-sent-gatk-SNPts	SNPts	I2-HG003-5x-3-D0-PF-ILMN-NOVASEQ	2528531102.0	2526275953.0	616913.0	1638236.0	4620.0	0.8405509998063112	0.7264424656641313	0.9999981712245072	0.0028121758693397353	0.9971878241306603	0.9971878241306603	HG003	giabHC	-1	-2	sent	gatk
I2-HG003-5x-3-D0-PF-ILMN-NOVASEQ-sent-gatk-SNPtv	SNPtv	I2-HG003-5x-3-D0-PF-ILMN-NOVASEQ	2528531102.0	2527458752.0	294213.0	778137.0	2438.0	0.8399012372330235	0.7256371520492376	0.999999035395673	0.003123338564519745	0.9968766614354803	0.9968766614354803	HG003	giabHC	-1	-2	sent	gatk
I2-HG003-5x-3-D0-PF-ILMN-NOVASEQ-sent-gatk-INS_50	INS_50	I2-HG003-5x-3-D0-PF-ILMN-NOVASEQ	2528531102.0	2528294130.0	84580.0	152392.0	293.0	0.7821853578916843	0.6430801951285384	0.9999998841115982	0.0019189835281789305	0.998081016471821	0.998081016471821	HG003	giabHC	-1	-2	sent	gatk
I2-HG003-5x-3-D0-PF-ILMN-NOVASEQ-sent-gatk-INS_gt50	INS_gt50	I2-HG003-5x-3-D0-PF-ILMN-NOVASEQ	2528531102.0	2528531101.0	0.0	1.0	1.0	0.6666666666666666	1.0	0.9999999996045135	0.5	0.5	0.5	HG003	giabHC	-1	-2	sent	gatk
I2-HG003-5x-3-D0-PF-ILMN-NOVASEQ-sent-gatk-DEL_50	DEL_50	I2-HG003-5x-3-D0-PF-ILMN-NOVASEQ	2528531102.0	2528279277.0	90075.0	161750.0	322.0	0.7815954210830229	0.6423111287600516	0.9999998726406684	0.0019867713115158695	0.9980132286884841	0.9980132286884841	HG003	giabHC	-1	-2	sent	gatk
I2-HG003-5x-3-D0-PF-ILMN-NOVASEQ-sent-gatk-DEL_gt50	DEL_gt50	I2-HG003-5x-3-D0-PF-ILMN-NOVASEQ	2528531102.0	2528531102.0	0.0	0.0	2.0			0.9999999992090269	1.0	0.0	0.0	HG003	giabHC	-1	-2	sent	gatk
I2-HG003-5x-3-D0-PF-ILMN-NOVASEQ-sent-gatk-Indel_50	Indel_50	I2-HG003-5x-3-D0-PF-ILMN-NOVASEQ	2528531102.0	2528516026.0	14162.0	914.0	0.0	0.11432145090681675	0.060626160785354204	1.0	0.0	1.0	1.0	HG003	giabHC	-1	-2	sent	gatk
I2-HG003-5x-3-D0-PF-ILMN-NOVASEQ-sent-gatk-Indel_gt50	Indel_gt50	I2-HG003-5x-3-D0-PF-ILMN-NOVASEQ	2528531102.0	2528530892.0	183.0	27.0	0.0	0.22784810126582278	0.12857142857142856	1.0	0.0	1.0	1.0	HG003	giabHC	-1	-2	sent	gatk
I2-HG003-5x-3-D0-PF-ILMN-NOVASEQ-sent-gatk-All	All	I2-HG003-5x-3-D0-PF-ILMN-NOVASEQ	2528531102.0	2524699519.0	1100126.0	2731457.0	7676.0	0.8314031530201579	0.7128795069818401	0.9999969596474335	0.0028023465819293917	0.9971976534180707	0.9971976534180707	HG003	giabHC	-1	-2	sent	gatk
I2-HG003-5x-3-D0-PF-ILMN-NOVASEQ-sent-gatk-SNPts	SNPts	I2-HG003-5x-3-D0-PF-ILMN-NOVASEQ	688815815.0	688747825.0	29455.0	38535.0	207471.0	0.2454489866112944	0.5667745256655391	0.9996988614483341	0.843357479085876	0.156642520914124	0.15664252091412403	HG003	hg38_m_giabHC	-1	-2	sent	gatk
I2-HG003-5x-3-D0-PF-ILMN-NOVASEQ-sent-gatk-SNPtv	SNPtv	I2-HG003-5x-3-D0-PF-ILMN-NOVASEQ	688815815.0	688780666.0	14827.0	20322.0	145635.0	0.20210237387248517	0.5781672309311787	0.9997886058352126	0.8775465933946746	0.12245340660532544	0.12245340660532547	HG003	hg38_m_giabHC	-1	-2	sent	gatk
I2-HG003-5x-3-D0-PF-ILMN-NOVASEQ-sent-gatk-INS_50	INS_50	I2-HG003-5x-3-D0-PF-ILMN-NOVASEQ	688815815.0	688786697.0	12859.0	16259.0	63996.0	0.2973128651495342	0.5583831307095267	0.9999070974296022	0.7974082611675285	0.2025917388324715	0.2025917388324715	HG003	hg38_m_giabHC	-1	-2	sent	gatk
I2-HG003-5x-3-D0-PF-ILMN-NOVASEQ-sent-gatk-INS_gt50	INS_gt50	I2-HG003-5x-3-D0-PF-ILMN-NOVASEQ	688815815.0	688815579.0	210.0	26.0	713.0	0.05333333333333332	0.11016949152542373	0.9999989648909176	0.9648173207036536	0.03518267929634644	0.035182679296346414	HG003	hg38_m_giabHC	-1	-2	sent	gatk
I2-HG003-5x-3-D0-PF-ILMN-NOVASEQ-sent-gatk-DEL_50	DEL_50	I2-HG003-5x-3-D0-PF-ILMN-NOVASEQ	688815815.0	688786164.0	12290.0	17361.0	73023.0	0.28926563085766654	0.5855114498667836	0.9998939943004637	0.8079195432819968	0.19208045671800322	0.1920804567180032	HG003	hg38_m_giabHC	-1	-2	sent	gatk
I2-HG003-5x-3-D0-PF-ILMN-NOVASEQ-sent-gatk-DEL_gt50	DEL_gt50	I2-HG003-5x-3-D0-PF-ILMN-NOVASEQ	688815815.0	688815677.0	115.0	23.0	641.0	0.05735660847880299	0.16666666666666666	0.999999069418097	0.9653614457831325	0.034638554216867457	0.03463855421686747	HG003	hg38_m_giabHC	-1	-2	sent	gatk
I2-HG003-5x-3-D0-PF-ILMN-NOVASEQ-sent-gatk-Indel_50	Indel_50	I2-HG003-5x-3-D0-PF-ILMN-NOVASEQ	688815815.0	688810739.0	4793.0	283.0	476.0	0.09700085689802912	0.055752561071710005	0.999999308954341	0.6271409749670619	0.3728590250329381	0.37285902503293805	HG003	hg38_m_giabHC	-1	-2	sent	gatk
I2-HG003-5x-3-D0-PF-ILMN-NOVASEQ-sent-gatk-Indel_gt50	Indel_gt50	I2-HG003-5x-3-D0-PF-ILMN-NOVASEQ	688815815.0	688815162.0	598.0	55.0	50.0	0.14511873350923485	0.08422664624808576	0.9999999274115915	0.47619047619047616	0.5238095238095238	0.5238095238095238	HG003	hg38_m_giabHC	-1	-2	sent	gatk
I2-HG003-5x-3-D0-PF-ILMN-NOVASEQ-sent-gatk-All	All	I2-HG003-5x-3-D0-PF-ILMN-NOVASEQ	688815815.0	688647804.0	75147.0	92864.0	492005.0	0.24669004356603974	0.5527257143877484	0.9992860592385253	0.8412225643691151	0.15877743563088487	0.15877743563088487	HG003	hg38_m_giabHC	-1	-2	sent	gatk
I2-HG003-5x-3-D0-PF-ILMN-NOVASEQ-sent-gatk-SNPts	SNPts	I2-HG003-5x-3-D0-PF-ILMN-NOVASEQ	332544085.0	332287223.0	67260.0	189602.0	465.0	0.8484658637054208	0.7381473320304288	0.9999986006102037	0.0024465057058826625	0.9975534942941173	0.9975534942941173	HG003	giabHC_x_ultima_x_clinvar	-1	-2	sent	gatk
I2-HG003-5x-3-D0-PF-ILMN-NOVASEQ-sent-gatk-SNPtv	SNPtv	I2-HG003-5x-3-D0-PF-ILMN-NOVASEQ	332544085.0	332429440.0	30034.0	84611.0	261.0	0.8481583023000546	0.7380260805093986	0.9999992148715978	0.0030752191535488734	0.9969247808464511	0.9969247808464511	HG003	giabHC_x_ultima_x_clinvar	-1	-2	sent	gatk
I2-HG003-5x-3-D0-PF-ILMN-NOVASEQ-sent-gatk-INS_50	INS_50	I2-HG003-5x-3-D0-PF-ILMN-NOVASEQ	332544085.0	332526294.0	5062.0	12729.0	20.0	0.8335952848722986	0.7154741161261312	0.999999939854384	0.0015687504902345282	0.9984312495097655	0.9984312495097655	HG003	giabHC_x_ultima_x_clinvar	-1	-2	sent	gatk
I2-HG003-5x-3-D0-PF-ILMN-NOVASEQ-sent-gatk-INS_gt50	INS_gt50	I2-HG003-5x-3-D0-PF-ILMN-NOVASEQ	332544085.0	332544085.0	0.0	0.0	0.0			1.0				HG003	giabHC_x_ultima_x_clinvar	-1	-2	sent	gatk
I2-HG003-5x-3-D0-PF-ILMN-NOVASEQ-sent-gatk-DEL_50	DEL_50	I2-HG003-5x-3-D0-PF-ILMN-NOVASEQ	332544085.0	332524734.0	5652.0	13699.0	14.0	0.8286353738204693	0.7079220712107901	0.9999999578978706	0.0010209290454313426	0.9989790709545686	0.9989790709545686	HG003	giabHC_x_ultima_x_clinvar	-1	-2	sent	gatk
I2-HG003-5x-3-D0-PF-ILMN-NOVASEQ-sent-gatk-DEL_gt50	DEL_gt50	I2-HG003-5x-3-D0-PF-ILMN-NOVASEQ	332544085.0	332544085.0	0.0	0.0	0.0			1.0				HG003	giabHC_x_ultima_x_clinvar	-1	-2	sent	gatk
I2-HG003-5x-3-D0-PF-ILMN-NOVASEQ-sent-gatk-Indel_50	Indel_50	I2-HG003-5x-3-D0-PF-ILMN-NOVASEQ	332544085.0	332543540.0	481.0	64.0	0.0	0.21018062397372744	0.11743119266055047	1.0	0.0	1.0	1.0	HG003	giabHC_x_ultima_x_clinvar	-1	-2	sent	gatk
I2-HG003-5x-3-D0-PF-ILMN-NOVASEQ-sent-gatk-Indel_gt50	Indel_gt50	I2-HG003-5x-3-D0-PF-ILMN-NOVASEQ	332544085.0	332544066.0	16.0	3.0	0.0	0.2727272727272727	0.15789473684210525	1.0	0.0	1.0	1.0	HG003	giabHC_x_ultima_x_clinvar	-1	-2	sent	gatk
I2-HG003-5x-3-D0-PF-ILMN-NOVASEQ-sent-gatk-All	All	I2-HG003-5x-3-D0-PF-ILMN-NOVASEQ	332544085.0	332134872.0	108505.0	300708.0	760.0	0.8462531008989969	0.7348446896848341	0.999997711778181	0.0025209972534398343	0.9974790027465602	0.9974790027465602	HG003	giabHC_x_ultima_x_clinvar	-1	-2	sent	gatk
I2-HG003-5x-3-D0-PF-ILMN-NOVASEQ-sent-gatk-SNPts	SNPts	I2-HG003-5x-3-D0-PF-ILMN-NOVASEQ	3088286401.0	3085963277.0	646368.0	1676756.0	174532.0	0.8033495495892595	0.7217677575540522	0.9999434464658412	0.09427598515195906	0.905724014848041	0.9057240148480409	HG003	hg38	-1	-2	sent	gatk
I2-HG003-5x-3-D0-PF-ILMN-NOVASEQ-sent-gatk-SNPtv	SNPtv	I2-HG003-5x-3-D0-PF-ILMN-NOVASEQ	3088286401.0	3087178911.0	309040.0	798450.0	119783.0	0.7883111363202175	0.7209545910121085	0.9999612013569555	0.13044946108449598	0.869550538915504	0.869550538915504	HG003	hg38	-1	-2	sent	gatk
I2-HG003-5x-3-D0-PF-ILMN-NOVASEQ-sent-gatk-INS_50	INS_50	I2-HG003-5x-3-D0-PF-ILMN-NOVASEQ	3088286401.0	3088020231.0	97468.0	168702.0	61877.0	0.6792243165059215	0.6338129766690461	0.9999799626441798	0.26835488053985834	0.7316451194601417	0.7316451194601417	HG003	hg38	-1	-2	sent	gatk
I2-HG003-5x-3-D0-PF-ILMN-NOVASEQ-sent-gatk-INS_gt50	INS_gt50	I2-HG003-5x-3-D0-PF-ILMN-NOVASEQ	3088286401.0	3088286164.0	210.0	27.0	687.0	0.05678233438485804	0.11392405063291139	0.9999997775465709	0.9621848739495799	0.037815126050420145	0.037815126050420166	HG003	hg38	-1	-2	sent	gatk
I2-HG003-5x-3-D0-PF-ILMN-NOVASEQ-sent-gatk-DEL_50	DEL_50	I2-HG003-5x-3-D0-PF-ILMN-NOVASEQ	3088286401.0	3088005116.0	102293.0	178992.0	70320.0	0.6746815379657254	0.6363368114190234	0.9999772285355532	0.28205621871390063	0.7179437812860994	0.7179437812860994	HG003	hg38	-1	-2	sent	gatk
I2-HG003-5x-3-D0-PF-ILMN-NOVASEQ-sent-gatk-DEL_gt50	DEL_gt50	I2-HG003-5x-3-D0-PF-ILMN-NOVASEQ	3088286401.0	3088286263.0	115.0	23.0	601.0	0.06036745406824147	0.16666666666666666	0.9999998053937259	0.9631410256410257	0.03685897435897434	0.03685897435897436	HG003	hg38	-1	-2	sent	gatk
I2-HG003-5x-3-D0-PF-ILMN-NOVASEQ-sent-gatk-Indel_50	Indel_50	I2-HG003-5x-3-D0-PF-ILMN-NOVASEQ	3088286401.0	3088266250.0	18954.0	1197.0	433.0	0.10991230889307195	0.059401518535060295	0.9999998597919013	0.2656441717791411	0.7343558282208589	0.7343558282208589	HG003	hg38	-1	-2	sent	gatk
I2-HG003-5x-3-D0-PF-ILMN-NOVASEQ-sent-gatk-Indel_gt50	Indel_gt50	I2-HG003-5x-3-D0-PF-ILMN-NOVASEQ	3088286401.0	3088285540.0	779.0	82.0	45.0	0.16599190283400808	0.09523809523809523	0.9999999854288087	0.3543307086614173	0.6456692913385826	0.6456692913385826	HG003	hg38	-1	-2	sent	gatk
I2-HG003-5x-3-D0-PF-ILMN-NOVASEQ-sent-gatk-All	All	I2-HG003-5x-3-D0-PF-ILMN-NOVASEQ	3088286401.0	3084286945.0	1175227.0	2824229.0	428278.0	0.7788867648662852	0.7061532868470112	0.9998611612518372	0.13167627310256366	0.8683237268974363	0.8683237268974363	HG003	hg38	-1	-2	sent	gatk
I2-HG003-5x-3-D0-PF-ILMN-NOVASEQ-sent-gatk-SNPts	SNPts	I2-HG003-5x-3-D0-PF-ILMN-NOVASEQ	2505355380.0	2503152132.0	586017.0	1617231.0	3284.0	0.8458845383461265	0.7340213176183525	0.9999986880558918	0.0020265162618056604	0.9979734837381944	0.9979734837381944	HG003	giabHC_x_ultima	-1	-2	sent	gatk
I2-HG003-5x-3-D0-PF-ILMN-NOVASEQ-sent-gatk-SNPtv	SNPtv	I2-HG003-5x-3-D0-PF-ILMN-NOVASEQ	2505355380.0	2504320576.0	275026.0	759778.0	1699.0	0.8459455953717708	0.7342240656201561	0.9999993215729394	0.0022311901738332213	0.9977688098261668	0.9977688098261668	HG003	giabHC_x_ultima	-1	-2	sent	gatk
I2-HG003-5x-3-D0-PF-ILMN-NOVASEQ-sent-gatk-INS_50	INS_50	I2-HG003-5x-3-D0-PF-ILMN-NOVASEQ	2505355380.0	2505198304.0	47492.0	109584.0	146.0	0.8214507919612002	0.6976495454429703	0.9999999417211838	0.0013305385947325252	0.9986694614052675	0.9986694614052675	HG003	giabHC_x_ultima	-1	-2	sent	gatk
I2-HG003-5x-3-D0-PF-ILMN-NOVASEQ-sent-gatk-INS_gt50	INS_gt50	I2-HG003-5x-3-D0-PF-ILMN-NOVASEQ	2505355380.0	2505355380.0	0.0	0.0	0.0			1.0				HG003	giabHC_x_ultima	-1	-2	sent	gatk
I2-HG003-5x-3-D0-PF-ILMN-NOVASEQ-sent-gatk-DEL_50	DEL_50	I2-HG003-5x-3-D0-PF-ILMN-NOVASEQ	2505355380.0	2505185510.0	52082.0	117788.0	186.0	0.8184155306346493	0.6934008359333608	0.9999999257540069	0.0015766185769745876	0.9984233814230254	0.9984233814230254	HG003	giabHC_x_ultima	-1	-2	sent	gatk
I2-HG003-5x-3-D0-PF-ILMN-NOVASEQ-sent-gatk-DEL_gt50	DEL_gt50	I2-HG003-5x-3-D0-PF-ILMN-NOVASEQ	2505355380.0	2505355380.0	0.0	0.0	2.0			0.99999999920171	1.0	0.0	0.0	HG003	giabHC_x_ultima	-1	-2	sent	gatk
I2-HG003-5x-3-D0-PF-ILMN-NOVASEQ-sent-gatk-Indel_50	Indel_50	I2-HG003-5x-3-D0-PF-ILMN-NOVASEQ	2505355380.0	2505349463.0	5270.0	647.0	0.0	0.1971358927483242	0.1093459523407132	1.0	0.0	1.0	1.0	HG003	giabHC_x_ultima	-1	-2	sent	gatk
I2-HG003-5x-3-D0-PF-ILMN-NOVASEQ-sent-gatk-Indel_gt50	Indel_gt50	I2-HG003-5x-3-D0-PF-ILMN-NOVASEQ	2505355380.0	2505355223.0	136.0	21.0	0.0	0.23595505617977527	0.1337579617834395	1.0	0.0	1.0	1.0	HG003	giabHC_x_ultima	-1	-2	sent	gatk
I2-HG003-5x-3-D0-PF-ILMN-NOVASEQ-sent-gatk-All	All	I2-HG003-5x-3-D0-PF-ILMN-NOVASEQ	2505355380.0	2501784308.0	966023.0	2605049.0	5317.0	0.8428618065893405	0.7294865519373455	0.9999978747213807	0.0020368791196330323	0.997963120880367	0.997963120880367	HG003	giabHC_x_ultima	-1	-2	sent	gatk
I2-HG003-5x-3-D0-PF-ILMN-NOVASEQ-sent-gatk-SNPts	SNPts	I2-HG003-5x-3-D0-PF-ILMN-NOVASEQ	337668665.0	337403048.0	72292.0	193325.0	838.0	0.8409456696681022	0.7278336853439351	0.9999975163297319	0.00431596133145862	0.9956840386685414	0.9956840386685414	HG003	giabHC_x_clinvar_genes	-1	-2	sent	gatk
I2-HG003-5x-3-D0-PF-ILMN-NOVASEQ-sent-gatk-SNPtv	SNPtv	I2-HG003-5x-3-D0-PF-ILMN-NOVASEQ	337668665.0	337548351.0	32856.0	87458.0	437.0	0.840098170588207	0.7269145735325897	0.9999987053723327	0.00497184140167245	0.9950281585983276	0.9950281585983275	HG003	giabHC_x_clinvar_genes	-1	-2	sent	gatk
I2-HG003-5x-3-D0-PF-ILMN-NOVASEQ-sent-gatk-INS_50	INS_50	I2-HG003-5x-3-D0-PF-ILMN-NOVASEQ	337668665.0	337641590.0	9314.0	17761.0	39.0	0.7915766016713092	0.6559926131117266	0.999999884492916	0.0021910112359550564	0.9978089887640449	0.9978089887640449	HG003	giabHC_x_clinvar_genes	-1	-2	sent	gatk
I2-HG003-5x-3-D0-PF-ILMN-NOVASEQ-sent-gatk-INS_gt50	INS_gt50	I2-HG003-5x-3-D0-PF-ILMN-NOVASEQ	337668665.0	337668665.0	0.0	0.0	0.0			1.0				HG003	giabHC_x_clinvar_genes	-1	-2	sent	gatk
I2-HG003-5x-3-D0-PF-ILMN-NOVASEQ-sent-gatk-DEL_50	DEL_50	I2-HG003-5x-3-D0-PF-ILMN-NOVASEQ	337668665.0	337639839.0	9938.0	18888.0	50.0	0.7908885352985512	0.6552417956011933	0.9999998519132317	0.002640194318301827	0.9973598056816981	0.9973598056816981	HG003	giabHC_x_clinvar_genes	-1	-2	sent	gatk
I2-HG003-5x-3-D0-PF-ILMN-NOVASEQ-sent-gatk-DEL_gt50	DEL_gt50	I2-HG003-5x-3-D0-PF-ILMN-NOVASEQ	337668665.0	337668665.0	0.0	0.0	0.0			1.0				HG003	giabHC_x_clinvar_genes	-1	-2	sent	gatk
I2-HG003-5x-3-D0-PF-ILMN-NOVASEQ-sent-gatk-Indel_50	Indel_50	I2-HG003-5x-3-D0-PF-ILMN-NOVASEQ	337668665.0	337667177.0	1398.0	90.0	0.0	0.11406844106463879	0.06048387096774194	1.0	0.0	1.0	1.0	HG003	giabHC_x_clinvar_genes	-1	-2	sent	gatk
I2-HG003-5x-3-D0-PF-ILMN-NOVASEQ-sent-gatk-Indel_gt50	Indel_gt50	I2-HG003-5x-3-D0-PF-ILMN-NOVASEQ	337668665.0	337668638.0	24.0	3.0	0.0	0.19999999999999998	0.1111111111111111	1.0	0.0	1.0	1.0	HG003	giabHC_x_clinvar_genes	-1	-2	sent	gatk
I2-HG003-5x-3-D0-PF-ILMN-NOVASEQ-sent-gatk-All	All	I2-HG003-5x-3-D0-PF-ILMN-NOVASEQ	337668665.0	337225318.0	125822.0	317525.0	1364.0	0.8331409169863403	0.7161997261738547	0.9999959552429484	0.004277350426010304	0.9957226495739897	0.9957226495739897	HG003	giabHC_x_clinvar_genes	-1	-2	sent	gatk
I2-HG003-5x-3-D0-PF-ILMN-NOVASEQ-sent-gatk-SNPts	SNPts	I2-HG003-5x-3-D0-PF-ILMN-NOVASEQ	377862616.0	377589326.0	75878.0	197412.0	18196.0	0.8075794951094094	0.7223535438545136	0.9999518124006015	0.08439390004081482	0.9156060999591852	0.9156060999591852	HG003	clinvar_genes	-1	-2	sent	gatk
I2-HG003-5x-3-D0-PF-ILMN-NOVASEQ-sent-gatk-SNPtv	SNPtv	I2-HG003-5x-3-D0-PF-ILMN-NOVASEQ	377862616.0	377738227.0	34712.0	89677.0	11039.0	0.7967570689233912	0.7209399544975842	0.9999707769121119	0.10960522657770365	0.8903947734222963	0.8903947734222963	HG003	clinvar_genes	-1	-2	sent	gatk
I2-HG003-5x-3-D0-PF-ILMN-NOVASEQ-sent-gatk-INS_50	INS_50	I2-HG003-5x-3-D0-PF-ILMN-NOVASEQ	377862616.0	377832538.0	10638.0	19440.0	6895.0	0.6892028433162568	0.6463195691202872	0.999981751507657	0.261818872223277	0.738181127776723	0.738181127776723	HG003	clinvar_genes	-1	-2	sent	gatk
I2-HG003-5x-3-D0-PF-ILMN-NOVASEQ-sent-gatk-INS_gt50	INS_gt50	I2-HG003-5x-3-D0-PF-ILMN-NOVASEQ	377862616.0	377862586.0	26.0	4.0	97.0	0.061068702290076333	0.13333333333333333	0.9999997432929888	0.9603960396039604	0.03960396039603964	0.039603960396039604	HG003	clinvar_genes	-1	-2	sent	gatk
I2-HG003-5x-3-D0-PF-ILMN-NOVASEQ-sent-gatk-DEL_50	DEL_50	I2-HG003-5x-3-D0-PF-ILMN-NOVASEQ	377862616.0	377830690.0	11250.0	20676.0	7635.0	0.6864883709348075	0.6476226273256906	0.9999797929445088	0.26968316202182896	0.730316837978171	0.730316837978171	HG003	clinvar_genes	-1	-2	sent	gatk
I2-HG003-5x-3-D0-PF-ILMN-NOVASEQ-sent-gatk-DEL_gt50	DEL_gt50	I2-HG003-5x-3-D0-PF-ILMN-NOVASEQ	377862616.0	377862598.0	14.0	4.0	80.0	0.0784313725490196	0.2222222222222222	0.9999997882828745	0.9523809523809523	0.04761904761904767	0.047619047619047616	HG003	clinvar_genes	-1	-2	sent	gatk
I2-HG003-5x-3-D0-PF-ILMN-NOVASEQ-sent-gatk-Indel_50	Indel_50	I2-HG003-5x-3-D0-PF-ILMN-NOVASEQ	377862616.0	377860613.0	1887.0	116.0	43.0	0.10730804810360776	0.05791313030454318	0.9999998862014361	0.27044025157232704	0.729559748427673	0.7295597484276729	HG003	clinvar_genes	-1	-2	sent	gatk
I2-HG003-5x-3-D0-PF-ILMN-NOVASEQ-sent-gatk-Indel_gt50	Indel_gt50	I2-HG003-5x-3-D0-PF-ILMN-NOVASEQ	377862616.0	377862514.0	95.0	7.0	7.0	0.12068965517241381	0.06862745098039216	0.9999999814747438	0.5	0.5	0.5	HG003	clinvar_genes	-1	-2	sent	gatk
I2-HG003-5x-3-D0-PF-ILMN-NOVASEQ-sent-gatk-All	All	I2-HG003-5x-3-D0-PF-ILMN-NOVASEQ	377862616.0	377400780.0	134500.0	327336.0	43992.0	0.7857660676649496	0.7087710789111287	0.9998834478491597	0.11847207859358842	0.8815279214064116	0.8815279214064116	HG003	clinvar_genes	-1	-2	sent	gatk
I2-HG003-5x-3-D0-PF-ILMN-NOVASEQ-sent-gatk-SNPts	SNPts	I2-HG003-5x-3-D0-PF-ILMN-NOVASEQ	2799325643.0	2797071322.0	604912.0	1649409.0	111797.0	0.8215155818899985	0.7316655436381952	0.9999600322913289	0.06347752619511857	0.9365224738048814	0.9365224738048814	HG003	ultima	-1	-2	sent	gatk
I2-HG003-5x-3-D0-PF-ILMN-NOVASEQ-sent-gatk-SNPtv	SNPtv	I2-HG003-5x-3-D0-PF-ILMN-NOVASEQ	2799325643.0	2798266550.0	283854.0	775239.0	64839.0	0.8163972596464458	0.7319838767700287	0.9999768294061758	0.07718211880325399	0.922817881196746	0.922817881196746	HG003	ultima	-1	-2	sent	gatk
I2-HG003-5x-3-D0-PF-ILMN-NOVASEQ-sent-gatk-INS_50	INS_50	I2-HG003-5x-3-D0-PF-ILMN-NOVASEQ	2799325643.0	2799157519.0	51405.0	116719.0	17507.0	0.7720787167190342	0.6942435345340344	0.9999937456572606	0.13042927599719875	0.8695707240028012	0.8695707240028012	HG003	ultima	-1	-2	sent	gatk
I2-HG003-5x-3-D0-PF-ILMN-NOVASEQ-sent-gatk-INS_gt50	INS_gt50	I2-HG003-5x-3-D0-PF-ILMN-NOVASEQ	2799325643.0	2799325547.0	85.0	11.0	130.0	0.09282700421940929	0.11458333333333333	0.9999999535602445	0.9219858156028369	0.07801418439716312	0.07801418439716312	HG003	ultima	-1	-2	sent	gatk
I2-HG003-5x-3-D0-PF-ILMN-NOVASEQ-sent-gatk-DEL_50	DEL_50	I2-HG003-5x-3-D0-PF-ILMN-NOVASEQ	2799325643.0	2799142599.0	56848.0	126196.0	21890.0	0.7622142361006252	0.6894298638578702	0.9999921798093374	0.1478195102845644	0.8521804897154356	0.8521804897154356	HG003	ultima	-1	-2	sent	gatk
I2-HG003-5x-3-D0-PF-ILMN-NOVASEQ-sent-gatk-DEL_gt50	DEL_gt50	I2-HG003-5x-3-D0-PF-ILMN-NOVASEQ	2799325643.0	2799325554.0	67.0	22.0	238.0	0.12607449856733524	0.24719101123595505	0.999999914979528	0.9153846153846154	0.08461538461538465	0.08461538461538462	HG003	ultima	-1	-2	sent	gatk
I2-HG003-5x-3-D0-PF-ILMN-NOVASEQ-sent-gatk-Indel_50	Indel_50	I2-HG003-5x-3-D0-PF-ILMN-NOVASEQ	2799325643.0	2799318123.0	6715.0	805.0	125.0	0.19053254437869824	0.10704787234042554	0.9999999553462704	0.13440860215053763	0.8655913978494624	0.8655913978494624	HG003	ultima	-1	-2	sent	gatk
I2-HG003-5x-3-D0-PF-ILMN-NOVASEQ-sent-gatk-Indel_gt50	Indel_gt50	I2-HG003-5x-3-D0-PF-ILMN-NOVASEQ	2799325643.0	2799325203.0	384.0	56.0	20.0	0.21705426356589141	0.12727272727272726	0.9999999928554211	0.2631578947368421	0.736842105263158	0.7368421052631579	HG003	ultima	-1	-2	sent	gatk
I2-HG003-5x-3-D0-PF-ILMN-NOVASEQ-sent-gatk-All	All	I2-HG003-5x-3-D0-PF-ILMN-NOVASEQ	2799325643.0	2795652916.0	1004270.0	2668457.0	216546.0	0.8138355802998903	0.7265601282099106	0.9999225478861072	0.07505919404589874	0.9249408059541012	0.9249408059541012	HG003	ultima	-1	-2	sent	gatk
I2-HG003-7x-4-D0-PF-ILMN-NOVASEQ-sent-gatk-SNPts	SNPts	I2-HG003-7x-4-D0-PF-ILMN-NOVASEQ	688815815.0	688747866.0	22191.0	45758.0	248962.0	0.2523402882518219	0.6734168273263771	0.9996386601652105	0.8447407709011944	0.15525922909880563	0.15525922909880566	HG003	hg38_m_giabHC	-1	-2	sent	gatk
I2-HG003-7x-4-D0-PF-ILMN-NOVASEQ-sent-gatk-SNPtv	SNPtv	I2-HG003-7x-4-D0-PF-ILMN-NOVASEQ	688815815.0	688780682.0	11091.0	24042.0	176290.0	0.20420869343639184	0.6843138929211852	0.9997441204499488	0.8799892178982889	0.12001078210171112	0.12001078210171116	HG003	hg38_m_giabHC	-1	-2	sent	gatk
I2-HG003-7x-4-D0-PF-ILMN-NOVASEQ-sent-gatk-INS_50	INS_50	I2-HG003-7x-4-D0-PF-ILMN-NOVASEQ	688815815.0	688786320.0	9726.0	19769.0	85258.0	0.29391475000371686	0.6702491947787761	0.9998762352770489	0.8117722109552782	0.18822778904472182	0.18822778904472184	HG003	hg38_m_giabHC	-1	-2	sent	gatk
I2-HG003-7x-4-D0-PF-ILMN-NOVASEQ-sent-gatk-INS_gt50	INS_gt50	I2-HG003-7x-4-D0-PF-ILMN-NOVASEQ	688815815.0	688815577.0	201.0	37.0	936.0	0.0611065235342692	0.15546218487394958	0.9999986411475591	0.9619732785200411	0.03802672147995889	0.03802672147995889	HG003	hg38_m_giabHC	-1	-2	sent	gatk
I2-HG003-7x-4-D0-PF-ILMN-NOVASEQ-sent-gatk-DEL_50	DEL_50	I2-HG003-7x-4-D0-PF-ILMN-NOVASEQ	688815815.0	688785521.0	9049.0	21245.0	95536.0	0.2889002209756927	0.7012939856077111	0.9998613171330099	0.8180782832823833	0.1819217167176167	0.18192171671761673	HG003	hg38_m_giabHC	-1	-2	sent	gatk
I2-HG003-7x-4-D0-PF-ILMN-NOVASEQ-sent-gatk-DEL_gt50	DEL_gt50	I2-HG003-7x-4-D0-PF-ILMN-NOVASEQ	688815815.0	688815676.0	106.0	33.0	931.0	0.05983680870353581	0.23741007194244604	0.9999986484065707	0.9657676348547718	0.034232365145228205	0.03423236514522822	HG003	hg38_m_giabHC	-1	-2	sent	gatk
I2-HG003-7x-4-D0-PF-ILMN-NOVASEQ-sent-gatk-Indel_50	Indel_50	I2-HG003-7x-4-D0-PF-ILMN-NOVASEQ	688815815.0	688811583.0	3393.0	839.0	1312.0	0.26288579038069876	0.1982514177693762	0.9999980952737535	0.6099488609948861	0.3900511390051139	0.3900511390051139	HG003	hg38_m_giabHC	-1	-2	sent	gatk
I2-HG003-7x-4-D0-PF-ILMN-NOVASEQ-sent-gatk-Indel_gt50	Indel_gt50	I2-HG003-7x-4-D0-PF-ILMN-NOVASEQ	688815815.0	688815278.0	427.0	110.0	142.0	0.2788339670468948	0.2048417132216015	0.9999997938489821	0.5634920634920635	0.4365079365079365	0.4365079365079365	HG003	hg38_m_giabHC	-1	-2	sent	gatk
I2-HG003-7x-4-D0-PF-ILMN-NOVASEQ-sent-gatk-All	All	I2-HG003-7x-4-D0-PF-ILMN-NOVASEQ	688815815.0	688647798.0	56184.0	111833.0	609367.0	0.25153140347069386	0.6656052661337841	0.9991159076307897	0.8449348308374931	0.1550651691625069	0.15506516916250693	HG003	hg38_m_giabHC	-1	-2	sent	gatk
I2-HG003-7x-4-D0-PF-ILMN-NOVASEQ-sent-gatk-SNPts	SNPts	I2-HG003-7x-4-D0-PF-ILMN-NOVASEQ	2799325643.0	2797071328.0	362292.0	1892023.0	132530.0	0.8843567971715884	0.8392895402816377	0.999952620542968	0.06546136357013128	0.9345386364298687	0.9345386364298687	HG003	ultima	-1	-2	sent	gatk
I2-HG003-7x-4-D0-PF-ILMN-NOVASEQ-sent-gatk-SNPtv	SNPtv	I2-HG003-7x-4-D0-PF-ILMN-NOVASEQ	2799325643.0	2798266568.0	170184.0	888891.0	77319.0	0.8777934957302305	0.839308830819347	0.9999723697289817	0.08002297637159624	0.9199770236284037	0.9199770236284037	HG003	ultima	-1	-2	sent	gatk
I2-HG003-7x-4-D0-PF-ILMN-NOVASEQ-sent-gatk-INS_50	INS_50	I2-HG003-7x-4-D0-PF-ILMN-NOVASEQ	2799325643.0	2799157006.0	32679.0	135958.0	20713.0	0.8358724654788693	0.8062169037637055	0.9999926003269248	0.1322069815090221	0.8677930184909779	0.8677930184909779	HG003	ultima	-1	-2	sent	gatk
I2-HG003-7x-4-D0-PF-ILMN-NOVASEQ-sent-gatk-INS_gt50	INS_gt50	I2-HG003-7x-4-D0-PF-ILMN-NOVASEQ	2799325643.0	2799325546.0	81.0	16.0	174.0	0.11149825783972124	0.16494845360824742	0.9999999378421743	0.9157894736842105	0.08421052631578951	0.08421052631578947	HG003	ultima	-1	-2	sent	gatk
I2-HG003-7x-4-D0-PF-ILMN-NOVASEQ-sent-gatk-DEL_50	DEL_50	I2-HG003-7x-4-D0-PF-ILMN-NOVASEQ	2799325643.0	2799141805.0	35599.0	148239.0	26396.0	0.8270581047945033	0.8063566836018669	0.9999905700557792	0.1511495404701234	0.8488504595298766	0.8488504595298766	HG003	ultima	-1	-2	sent	gatk
I2-HG003-7x-4-D0-PF-ILMN-NOVASEQ-sent-gatk-DEL_gt50	DEL_gt50	I2-HG003-7x-4-D0-PF-ILMN-NOVASEQ	2799325643.0	2799325553.0	66.0	24.0	364.0	0.100418410041841	0.26666666666666666	0.9999998699686957	0.9381443298969072	0.061855670103092786	0.061855670103092786	HG003	ultima	-1	-2	sent	gatk
I2-HG003-7x-4-D0-PF-ILMN-NOVASEQ-sent-gatk-Indel_50	Indel_50	I2-HG003-7x-4-D0-PF-ILMN-NOVASEQ	2799325643.0	2799319231.0	4089.0	2323.0	344.0	0.5117303667804824	0.3622894572676232	0.9999998771129945	0.1289838770153731	0.8710161229846269	0.8710161229846269	HG003	ultima	-1	-2	sent	gatk
I2-HG003-7x-4-D0-PF-ILMN-NOVASEQ-sent-gatk-Indel_gt50	Indel_gt50	I2-HG003-7x-4-D0-PF-ILMN-NOVASEQ	2799325643.0	2799325260.0	255.0	128.0	47.0	0.45878136200716846	0.3342036553524804	0.99999998321024	0.26857142857142857	0.7314285714285714	0.7314285714285714	HG003	ultima	-1	-2	sent	gatk
I2-HG003-7x-4-D0-PF-ILMN-NOVASEQ-sent-gatk-All	All	I2-HG003-7x-4-D0-PF-ILMN-NOVASEQ	2799325643.0	2795652796.0	605245.0	3067602.0	257887.0	0.8766661103439446	0.835210941267088	0.9999077627902894	0.0775485951088697	0.9224514048911303	0.9224514048911303	HG003	ultima	-1	-2	sent	gatk
I2-HG003-7x-4-D0-PF-ILMN-NOVASEQ-sent-gatk-SNPts	SNPts	I2-HG003-7x-4-D0-PF-ILMN-NOVASEQ	337668665.0	337403054.0	44769.0	220842.0	1109.0	0.9059032492277906	0.8314489987236975	0.9999967131407327	0.004996598348284081	0.995003401651716	0.995003401651716	HG003	giabHC_x_clinvar_genes	-1	-2	sent	gatk
I2-HG003-7x-4-D0-PF-ILMN-NOVASEQ-sent-gatk-SNPtv	SNPtv	I2-HG003-7x-4-D0-PF-ILMN-NOVASEQ	337668665.0	337548346.0	20354.0	99965.0	543.0	0.9053693615364063	0.8308330355139255	0.999998391344135	0.005402555020495881	0.9945974449795041	0.9945974449795041	HG003	giabHC_x_clinvar_genes	-1	-2	sent	gatk
I2-HG003-7x-4-D0-PF-ILMN-NOVASEQ-sent-gatk-INS_50	INS_50	I2-HG003-7x-4-D0-PF-ILMN-NOVASEQ	337668665.0	337641453.0	6115.0	21097.0	39.0	0.8727144866385372	0.7752829633985007	0.9999998844928691	0.0018451930355791067	0.9981548069644209	0.9981548069644209	HG003	giabHC_x_clinvar_genes	-1	-2	sent	gatk
I2-HG003-7x-4-D0-PF-ILMN-NOVASEQ-sent-gatk-INS_gt50	INS_gt50	I2-HG003-7x-4-D0-PF-ILMN-NOVASEQ	337668665.0	337668665.0	0.0	0.0	0.0			1.0				HG003	giabHC_x_clinvar_genes	-1	-2	sent	gatk
I2-HG003-7x-4-D0-PF-ILMN-NOVASEQ-sent-gatk-DEL_50	DEL_50	I2-HG003-7x-4-D0-PF-ILMN-NOVASEQ	337668665.0	337639658.0	6576.0	22431.0	49.0	0.8713267426729077	0.7732961009411521	0.9999998548748888	0.0021797153024911034	0.9978202846975089	0.9978202846975089	HG003	giabHC_x_clinvar_genes	-1	-2	sent	gatk
I2-HG003-7x-4-D0-PF-ILMN-NOVASEQ-sent-gatk-DEL_gt50	DEL_gt50	I2-HG003-7x-4-D0-PF-ILMN-NOVASEQ	337668665.0	337668665.0	0.0	0.0	1.0			0.999999997038517	1.0	0.0	0.0	HG003	giabHC_x_clinvar_genes	-1	-2	sent	gatk
I2-HG003-7x-4-D0-PF-ILMN-NOVASEQ-sent-gatk-Indel_50	Indel_50	I2-HG003-7x-4-D0-PF-ILMN-NOVASEQ	337668665.0	337667497.0	896.0	272.0	0.0	0.37777777777777777	0.2328767123287671	1.0	0.0	1.0	1.0	HG003	giabHC_x_clinvar_genes	-1	-2	sent	gatk
I2-HG003-7x-4-D0-PF-ILMN-NOVASEQ-sent-gatk-Indel_gt50	Indel_gt50	I2-HG003-7x-4-D0-PF-ILMN-NOVASEQ	337668665.0	337668645.0	13.0	7.0	0.0	0.5185185185185185	0.35	1.0	0.0	1.0	1.0	HG003	giabHC_x_clinvar_genes	-1	-2	sent	gatk
I2-HG003-7x-4-D0-PF-ILMN-NOVASEQ-sent-gatk-All	All	I2-HG003-7x-4-D0-PF-ILMN-NOVASEQ	337668665.0	337225328.0	78723.0	364614.0	1741.0	0.9006239409553262	0.8224307919257811	0.9999948373064915	0.004752221206207094	0.9952477787937929	0.9952477787937929	HG003	giabHC_x_clinvar_genes	-1	-2	sent	gatk
I2-HG003-7x-4-D0-PF-ILMN-NOVASEQ-sent-gatk-SNPts	SNPts	I2-HG003-7x-4-D0-PF-ILMN-NOVASEQ	3088286401.0	3085963345.0	397710.0	1925346.0	210884.0	0.8635220974837676	0.8287987891811476	0.9999316681482145	0.09871783469008487	0.9012821653099151	0.9012821653099151	HG003	hg38	-1	-2	sent	gatk
I2-HG003-7x-4-D0-PF-ILMN-NOVASEQ-sent-gatk-SNPtv	SNPtv	I2-HG003-7x-4-D0-PF-ILMN-NOVASEQ	3088286401.0	3087178991.0	190877.0	916533.0	146271.0	0.8446475785337298	0.8276365573726081	0.999952622095961	0.13762744588842346	0.8623725541115765	0.8623725541115765	HG003	hg38	-1	-2	sent	gatk
I2-HG003-7x-4-D0-PF-ILMN-NOVASEQ-sent-gatk-INS_50	INS_50	I2-HG003-7x-4-D0-PF-ILMN-NOVASEQ	3088286401.0	3088018350.0	65578.0	202473.0	82580.0	0.7321335589690184	0.7553525261983727	0.9999732586460508	0.2897005118346413	0.7102994881653587	0.7102994881653587	HG003	hg38	-1	-2	sent	gatk
I2-HG003-7x-4-D0-PF-ILMN-NOVASEQ-sent-gatk-INS_gt50	INS_gt50	I2-HG003-7x-4-D0-PF-ILMN-NOVASEQ	3088286401.0	3088286162.0	201.0	38.0	908.0	0.06413502109704641	0.1589958158995816	0.9999997059858817	0.959830866807611	0.04016913319238902	0.040169133192389	HG003	hg38	-1	-2	sent	gatk
I2-HG003-7x-4-D0-PF-ILMN-NOVASEQ-sent-gatk-DEL_50	DEL_50	I2-HG003-7x-4-D0-PF-ILMN-NOVASEQ	3088286401.0	3088002659.0	67944.0	215798.0	92099.0	0.7294921396324449	0.7605430285259144	0.9999701761094729	0.29912275858485143	0.7008772414151485	0.7008772414151486	HG003	hg38	-1	-2	sent	gatk
I2-HG003-7x-4-D0-PF-ILMN-NOVASEQ-sent-gatk-DEL_gt50	DEL_gt50	I2-HG003-7x-4-D0-PF-ILMN-NOVASEQ	3088286401.0	3088286262.0	106.0	33.0	880.0	0.06273764258555133	0.23741007194244604	0.999999715052403	0.963855421686747	0.03614457831325302	0.03614457831325301	HG003	hg38	-1	-2	sent	gatk
I2-HG003-7x-4-D0-PF-ILMN-NOVASEQ-sent-gatk-Indel_50	Indel_50	I2-HG003-7x-4-D0-PF-ILMN-NOVASEQ	3088286401.0	3088270405.0	12397.0	3599.0	1239.0	0.3454929442257848	0.2249937484371093	0.9999995988047222	0.25609756097560976	0.7439024390243902	0.7439024390243902	HG003	hg38	-1	-2	sent	gatk
I2-HG003-7x-4-D0-PF-ILMN-NOVASEQ-sent-gatk-Indel_gt50	Indel_gt50	I2-HG003-7x-4-D0-PF-ILMN-NOVASEQ	3088286401.0	3088285693.0	523.0	185.0	136.0	0.3595724003887269	0.2612994350282486	0.9999999559626254	0.4236760124610592	0.5763239875389408	0.5763239875389408	HG003	hg38	-1	-2	sent	gatk
I2-HG003-7x-4-D0-PF-ILMN-NOVASEQ-sent-gatk-All	All	I2-HG003-7x-4-D0-PF-ILMN-NOVASEQ	3088286401.0	3084287060.0	735336.0	3264005.0	534997.0	0.8371021895292371	0.816135708357952	0.9998265711959671	0.14082566947845776	0.8591743305215422	0.8591743305215422	HG003	hg38	-1	-2	sent	gatk
I2-HG003-7x-4-D0-PF-ILMN-NOVASEQ-sent-gatk-SNPts	SNPts	I2-HG003-7x-4-D0-PF-ILMN-NOVASEQ	332544085.0	332287231.0	40535.0	216319.0	593.0	0.9131892115516944	0.8421866118495333	0.9999982154025602	0.002733827542966733	0.9972661724570333	0.9972661724570333	HG003	giabHC_x_ultima_x_clinvar	-1	-2	sent	gatk
I2-HG003-7x-4-D0-PF-ILMN-NOVASEQ-sent-gatk-SNPtv	SNPtv	I2-HG003-7x-4-D0-PF-ILMN-NOVASEQ	332544085.0	332429433.0	18046.0	96606.0	302.0	0.9132728304027227	0.8426019607159055	0.999999091537344	0.003116357782639204	0.9968836422173608	0.9968836422173608	HG003	giabHC_x_ultima_x_clinvar	-1	-2	sent	gatk
I2-HG003-7x-4-D0-PF-ILMN-NOVASEQ-sent-gatk-INS_50	INS_50	I2-HG003-7x-4-D0-PF-ILMN-NOVASEQ	332544085.0	332526252.0	3172.0	14661.0	12.0	0.9020488525195348	0.8221275164021757	0.9999999639126249	0.0008178286648947046	0.9991821713351053	0.9991821713351053	HG003	giabHC_x_ultima_x_clinvar	-1	-2	sent	gatk
I2-HG003-7x-4-D0-PF-ILMN-NOVASEQ-sent-gatk-INS_gt50	INS_gt50	I2-HG003-7x-4-D0-PF-ILMN-NOVASEQ	332544085.0	332544085.0	0.0	0.0	0.0			1.0				HG003	giabHC_x_ultima_x_clinvar	-1	-2	sent	gatk
I2-HG003-7x-4-D0-PF-ILMN-NOVASEQ-sent-gatk-DEL_50	DEL_50	I2-HG003-7x-4-D0-PF-ILMN-NOVASEQ	332544085.0	332524678.0	3513.0	15894.0	15.0	0.9001019367991845	0.8189828412428505	0.999999954890568	0.0009428625306430323	0.999057137469357	0.999057137469357	HG003	giabHC_x_ultima_x_clinvar	-1	-2	sent	gatk
I2-HG003-7x-4-D0-PF-ILMN-NOVASEQ-sent-gatk-DEL_gt50	DEL_gt50	I2-HG003-7x-4-D0-PF-ILMN-NOVASEQ	332544085.0	332544085.0	0.0	0.0	1.0			0.9999999969928799	1.0	0.0	0.0	HG003	giabHC_x_ultima_x_clinvar	-1	-2	sent	gatk
I2-HG003-7x-4-D0-PF-ILMN-NOVASEQ-sent-gatk-Indel_50	Indel_50	I2-HG003-7x-4-D0-PF-ILMN-NOVASEQ	332544085.0	332543624.0	283.0	178.0	0.0	0.5571205007824727	0.38611713665943603	1.0	0.0	1.0	1.0	HG003	giabHC_x_ultima_x_clinvar	-1	-2	sent	gatk
I2-HG003-7x-4-D0-PF-ILMN-NOVASEQ-sent-gatk-Indel_gt50	Indel_gt50	I2-HG003-7x-4-D0-PF-ILMN-NOVASEQ	332544085.0	332544073.0	7.0	5.0	0.0	0.5882352941176471	0.4166666666666667	1.0	0.0	1.0	1.0	HG003	giabHC_x_ultima_x_clinvar	-1	-2	sent	gatk
I2-HG003-7x-4-D0-PF-ILMN-NOVASEQ-sent-gatk-All	All	I2-HG003-7x-4-D0-PF-ILMN-NOVASEQ	332544085.0	332134866.0	65556.0	343663.0	923.0	0.911808756906627	0.8398021597237665	0.9999972210161309	0.002678576610773508	0.9973214233892265	0.9973214233892265	HG003	giabHC_x_ultima_x_clinvar	-1	-2	sent	gatk
I2-HG003-7x-4-D0-PF-ILMN-NOVASEQ-sent-gatk-SNPts	SNPts	I2-HG003-7x-4-D0-PF-ILMN-NOVASEQ	2528531102.0	2526275974.0	375519.0	1879609.0	5619.0	0.9079455969486682	0.8334821792820629	0.9999977757823928	0.002980541345662169	0.9970194586543378	0.9970194586543378	HG003	giabHC	-1	-2	sent	gatk
I2-HG003-7x-4-D0-PF-ILMN-NOVASEQ-sent-gatk-SNPtv	SNPtv	I2-HG003-7x-4-D0-PF-ILMN-NOVASEQ	2528531102.0	2527458818.0	179786.0	892498.0	2914.0	0.9071502915084444	0.8323335981885396	0.9999988470646407	0.0032543678217401596	0.9967456321782598	0.9967456321782598	HG003	giabHC	-1	-2	sent	gatk
I2-HG003-7x-4-D0-PF-ILMN-NOVASEQ-sent-gatk-INS_50	INS_50	I2-HG003-7x-4-D0-PF-ILMN-NOVASEQ	2528531102.0	2528292626.0	55833.0	182643.0	266.0	0.8668699645217556	0.7658758114024052	0.9999998947906705	0.0014542750766774735	0.9985457249233225	0.9985457249233225	HG003	giabHC	-1	-2	sent	gatk
I2-HG003-7x-4-D0-PF-ILMN-NOVASEQ-sent-gatk-INS_gt50	INS_gt50	I2-HG003-7x-4-D0-PF-ILMN-NOVASEQ	2528531102.0	2528531101.0	0.0	1.0	1.0	0.6666666666666666	1.0	0.9999999996045135	0.5	0.5	0.5	HG003	giabHC	-1	-2	sent	gatk
I2-HG003-7x-4-D0-PF-ILMN-NOVASEQ-sent-gatk-DEL_50	DEL_50	I2-HG003-7x-4-D0-PF-ILMN-NOVASEQ	2528531102.0	2528277463.0	58948.0	194691.0	290.0	0.8679550621907183	0.7675909461872977	0.9999998852974126	0.0014873244059677609	0.9985126755940322	0.9985126755940322	HG003	giabHC	-1	-2	sent	gatk
I2-HG003-7x-4-D0-PF-ILMN-NOVASEQ-sent-gatk-DEL_gt50	DEL_gt50	I2-HG003-7x-4-D0-PF-ILMN-NOVASEQ	2528531102.0	2528531102.0	0.0	0.0	3.0			0.9999999988135404	1.0	0.0	0.0	HG003	giabHC	-1	-2	sent	gatk
I2-HG003-7x-4-D0-PF-ILMN-NOVASEQ-sent-gatk-Indel_50	Indel_50	I2-HG003-7x-4-D0-PF-ILMN-NOVASEQ	2528531102.0	2528519337.0	9005.0	2760.0	0.0	0.3800344234079174	0.23459413514662134	1.0	0.0	1.0	1.0	HG003	giabHC	-1	-2	sent	gatk
I2-HG003-7x-4-D0-PF-ILMN-NOVASEQ-sent-gatk-Indel_gt50	Indel_gt50	I2-HG003-7x-4-D0-PF-ILMN-NOVASEQ	2528531102.0	2528530929.0	98.0	75.0	0.0	0.6048387096774194	0.43352601156069365	1.0	0.0	1.0	1.0	HG003	giabHC	-1	-2	sent	gatk
I2-HG003-7x-4-D0-PF-ILMN-NOVASEQ-sent-gatk-All	All	I2-HG003-7x-4-D0-PF-ILMN-NOVASEQ	2528531102.0	2524699636.0	679189.0	3152277.0	9093.0	0.9015732672695312	0.8227339091616629	0.9999963983964187	0.002876284648744057	0.997123715351256	0.997123715351256	HG003	giabHC	-1	-2	sent	gatk
I2-HG003-7x-4-D0-PF-ILMN-NOVASEQ-sent-gatk-SNPts	SNPts	I2-HG003-7x-4-D0-PF-ILMN-NOVASEQ	377862616.0	377589329.0	47608.0	225679.0	22050.0	0.8663035300259493	0.8257948603482785	0.9999416066325691	0.0890085537018274	0.9109914462981726	0.9109914462981726	HG003	clinvar_genes	-1	-2	sent	gatk
I2-HG003-7x-4-D0-PF-ILMN-NOVASEQ-sent-gatk-SNPtv	SNPtv	I2-HG003-7x-4-D0-PF-ILMN-NOVASEQ	377862616.0	377738221.0	21814.0	102581.0	13303.0	0.8538490671261325	0.8246392539893083	0.9999647837291055	0.1147958303130717	0.8852041696869283	0.8852041696869283	HG003	clinvar_genes	-1	-2	sent	gatk
I2-HG003-7x-4-D0-PF-ILMN-NOVASEQ-sent-gatk-INS_50	INS_50	I2-HG003-7x-4-D0-PF-ILMN-NOVASEQ	377862616.0	377832354.0	7112.0	23150.0	9017.0	0.7416425058866872	0.76498579076069	0.9999761354878209	0.2803183386700656	0.7196816613299344	0.7196816613299344	HG003	clinvar_genes	-1	-2	sent	gatk
I2-HG003-7x-4-D0-PF-ILMN-NOVASEQ-sent-gatk-INS_gt50	INS_gt50	I2-HG003-7x-4-D0-PF-ILMN-NOVASEQ	377862616.0	377862586.0	22.0	8.0	128.0	0.09638554216867469	0.26666666666666666	0.9999996612526315	0.9411764705882353	0.05882352941176472	0.058823529411764705	HG003	clinvar_genes	-1	-2	sent	gatk
I2-HG003-7x-4-D0-PF-ILMN-NOVASEQ-sent-gatk-DEL_50	DEL_50	I2-HG003-7x-4-D0-PF-ILMN-NOVASEQ	377862616.0	377830461.0	7585.0	24570.0	9875.0	0.7378378378378379	0.7641113357176178	0.9999738646220132	0.28668892437218757	0.7133110756278125	0.7133110756278125	HG003	clinvar_genes	-1	-2	sent	gatk
I2-HG003-7x-4-D0-PF-ILMN-NOVASEQ-sent-gatk-DEL_gt50	DEL_gt50	I2-HG003-7x-4-D0-PF-ILMN-NOVASEQ	377862616.0	377862598.0	15.0	3.0	125.0	0.04109589041095891	0.16666666666666666	0.9999996691920309	0.9765625	0.0234375	0.0234375	HG003	clinvar_genes	-1	-2	sent	gatk
I2-HG003-7x-4-D0-PF-ILMN-NOVASEQ-sent-gatk-Indel_50	Indel_50	I2-HG003-7x-4-D0-PF-ILMN-NOVASEQ	377862616.0	377861028.0	1235.0	353.0	128.0	0.3412276462058966	0.22229219143576825	0.9999996612512349	0.2661122661122661	0.7338877338877339	0.7338877338877339	HG003	clinvar_genes	-1	-2	sent	gatk
I2-HG003-7x-4-D0-PF-ILMN-NOVASEQ-sent-gatk-Indel_gt50	Indel_gt50	I2-HG003-7x-4-D0-PF-ILMN-NOVASEQ	377862616.0	377862524.0	67.0	25.0	21.0	0.36231884057971014	0.2717391304347826	0.999999944424235	0.45652173913043476	0.5434782608695652	0.5434782608695652	HG003	clinvar_genes	-1	-2	sent	gatk
I2-HG003-7x-4-D0-PF-ILMN-NOVASEQ-sent-gatk-All	All	I2-HG003-7x-4-D0-PF-ILMN-NOVASEQ	377862616.0	377400789.0	85458.0	376369.0	54647.0	0.8430799143858438	0.8149566829137318	0.9998552226440846	0.1267864766041168	0.8732135233958832	0.8732135233958832	HG003	clinvar_genes	-1	-2	sent	gatk
I2-HG003-7x-4-D0-PF-ILMN-NOVASEQ-sent-gatk-SNPts	SNPts	I2-HG003-7x-4-D0-PF-ILMN-NOVASEQ	2505355380.0	2503152112.0	349145.0	1854123.0	3873.0	0.9130768154938955	0.8415331226160413	0.9999984527532351	0.002084503949416468	0.9979154960505835	0.9979154960505835	HG003	giabHC_x_ultima	-1	-2	sent	gatk
I2-HG003-7x-4-D0-PF-ILMN-NOVASEQ-sent-gatk-SNPtv	SNPtv	I2-HG003-7x-4-D0-PF-ILMN-NOVASEQ	2505355380.0	2504320591.0	164079.0	870710.0	1934.0	0.9129652260393942	0.841437239862426	0.9999992277352535	0.0022162531341532172	0.9977837468658468	0.9977837468658468	HG003	giabHC_x_ultima	-1	-2	sent	gatk
I2-HG003-7x-4-D0-PF-ILMN-NOVASEQ-sent-gatk-INS_50	INS_50	I2-HG003-7x-4-D0-PF-ILMN-NOVASEQ	2505355380.0	2505197924.0	29937.0	127519.0	112.0	0.8945970879064987	0.809870694035159	0.9999999552929555	0.0008775297537432129	0.9991224702462568	0.9991224702462568	HG003	giabHC_x_ultima	-1	-2	sent	gatk
I2-HG003-7x-4-D0-PF-ILMN-NOVASEQ-sent-gatk-INS_gt50	INS_gt50	I2-HG003-7x-4-D0-PF-ILMN-NOVASEQ	2505355380.0	2505355380.0	0.0	0.0	1.0			0.9999999996008551	1.0	0.0	0.0	HG003	giabHC_x_ultima	-1	-2	sent	gatk
I2-HG003-7x-4-D0-PF-ILMN-NOVASEQ-sent-gatk-DEL_50	DEL_50	I2-HG003-7x-4-D0-PF-ILMN-NOVASEQ	2505355380.0	2505184956.0	32277.0	138147.0	150.0	0.8949634135675902	0.810607660892832	0.999999940124185	0.0010846222260786568	0.9989153777739214	0.9989153777739214	HG003	giabHC_x_ultima	-1	-2	sent	gatk
I2-HG003-7x-4-D0-PF-ILMN-NOVASEQ-sent-gatk-DEL_gt50	DEL_gt50	I2-HG003-7x-4-D0-PF-ILMN-NOVASEQ	2505355380.0	2505355380.0	0.0	0.0	3.0			0.9999999988025651	1.0	0.0	0.0	HG003	giabHC_x_ultima	-1	-2	sent	gatk
I2-HG003-7x-4-D0-PF-ILMN-NOVASEQ-sent-gatk-Indel_50	Indel_50	I2-HG003-7x-4-D0-PF-ILMN-NOVASEQ	2505355380.0	2505350325.0	3183.0	1872.0	0.0	0.5404937202252057	0.37032640949554896	1.0	0.0	1.0	1.0	HG003	giabHC_x_ultima	-1	-2	sent	gatk
I2-HG003-7x-4-D0-PF-ILMN-NOVASEQ-sent-gatk-Indel_gt50	Indel_gt50	I2-HG003-7x-4-D0-PF-ILMN-NOVASEQ	2505355380.0	2505355248.0	71.0	61.0	0.0	0.6321243523316061	0.4621212121212121	1.0	0.0	1.0	1.0	HG003	giabHC_x_ultima	-1	-2	sent	gatk
I2-HG003-7x-4-D0-PF-ILMN-NOVASEQ-sent-gatk-All	All	I2-HG003-7x-4-D0-PF-ILMN-NOVASEQ	2505355380.0	2501784256.0	578692.0	2992432.0	6073.0	0.9109896464473108	0.8379524205824272	0.999997572538382	0.0020253426290768235	0.9979746573709232	0.9979746573709232	HG003	giabHC_x_ultima	-1	-2	sent	gatk
