mqc_id	VariantClass	Sample	TgtRegionSize	TN	FN	TP	FP	Fscore	Sensitivity-Recall	Specificity	FDR	PPV	Precision	AltId	ROI	AllVarMeanDP	CovBin	Aligner	SNVCaller
Irl1-HG003-10x-100bp-0-DBC9-PCR-FREE-ILMN-NOVASEQ-sent-sentd-SNPts	SNPts	Irl1-HG003-10x-100bp-0-DBC9-PCR-FREE-ILMN-NOVASEQ	337668665.0	337403132.0	18532.0	247001.0	3245.0	0.957778428357882	0.9302082980269872	0.9999903825172812	0.012967240235608161	0.9870327597643919	0.9870327597643919	HG003	giabHC_x_clinvar_genes	-1	-2	sent	sentd
Irl1-HG003-10x-100bp-0-DBC9-PCR-FREE-ILMN-NOVASEQ-sent-sentd-SNPtv	SNPtv	Irl1-HG003-10x-100bp-0-DBC9-PCR-FREE-ILMN-NOVASEQ	337668665.0	337548419.0	8623.0	111623.0	1622.0	0.9561225057925145	0.9282886748831563	0.9999951947865413	0.014322928164598878	0.9856770718354011	0.9856770718354011	HG003	giabHC_x_clinvar_genes	-1	-2	sent	sentd
Irl1-HG003-10x-100bp-0-DBC9-PCR-FREE-ILMN-NOVASEQ-sent-sentd-INS_50	INS_50	Irl1-HG003-10x-100bp-0-DBC9-PCR-FREE-ILMN-NOVASEQ	337668665.0	337641984.0	2176.0	24505.0	569.0	0.9469616462177567	0.9184438364379146	0.9999983147858735	0.022692829225492542	0.9773071707745075	0.9773071707745075	HG003	giabHC_x_clinvar_genes	-1	-2	sent	sentd
Irl1-HG003-10x-100bp-0-DBC9-PCR-FREE-ILMN-NOVASEQ-sent-sentd-INS_gt50	INS_gt50	Irl1-HG003-10x-100bp-0-DBC9-PCR-FREE-ILMN-NOVASEQ	337668665.0	337668665.0	0.0	0.0	0.0			1.0				HG003	giabHC_x_clinvar_genes	-1	-2	sent	sentd
Irl1-HG003-10x-100bp-0-DBC9-PCR-FREE-ILMN-NOVASEQ-sent-sentd-DEL_50	DEL_50	Irl1-HG003-10x-100bp-0-DBC9-PCR-FREE-ILMN-NOVASEQ	337668665.0	337640289.0	2250.0	26126.0	408.0	0.9515935166636315	0.9207076402593741	0.9999987916148627	0.01537649807793774	0.9846235019220623	0.9846235019220623	HG003	giabHC_x_clinvar_genes	-1	-2	sent	sentd
Irl1-HG003-10x-100bp-0-DBC9-PCR-FREE-ILMN-NOVASEQ-sent-sentd-DEL_gt50	DEL_gt50	Irl1-HG003-10x-100bp-0-DBC9-PCR-FREE-ILMN-NOVASEQ	337668665.0	337668665.0	0.0	0.0	2.0			0.9999999940770341	1.0	0.0	0.0	HG003	giabHC_x_clinvar_genes	-1	-2	sent	sentd
Irl1-HG003-10x-100bp-0-DBC9-PCR-FREE-ILMN-NOVASEQ-sent-sentd-Indel_50	Indel_50	Irl1-HG003-10x-100bp-0-DBC9-PCR-FREE-ILMN-NOVASEQ	337668665.0	337666266.0	190.0	2209.0	0.0	0.958767361111111	0.9208003334722801	1.0	0.0	1.0	1.0	HG003	giabHC_x_clinvar_genes	-1	-2	sent	sentd
Irl1-HG003-10x-100bp-0-DBC9-PCR-FREE-ILMN-NOVASEQ-sent-sentd-Indel_gt50	Indel_gt50	Irl1-HG003-10x-100bp-0-DBC9-PCR-FREE-ILMN-NOVASEQ	337668665.0	337668638.0	8.0	19.0	0.0	0.8260869565217391	0.7037037037037037	1.0	0.0	1.0	1.0	HG003	giabHC_x_clinvar_genes	-1	-2	sent	sentd
Irl1-HG003-10x-100bp-0-DBC9-PCR-FREE-ILMN-NOVASEQ-sent-sentd-All	All	Irl1-HG003-10x-100bp-0-DBC9-PCR-FREE-ILMN-NOVASEQ	337668665.0	337225403.0	31779.0	411483.0	5846.0	0.9562800447599382	0.9283065094684407	0.9999826647144435	0.014008132672304106	0.985991867327696	0.985991867327696	HG003	giabHC_x_clinvar_genes	-1	-2	sent	sentd
Irl1-HG003-10x-100bp-0-DBC9-PCR-FREE-ILMN-NOVASEQ-sent-sentd-SNPts	SNPts	Irl1-HG003-10x-100bp-0-DBC9-PCR-FREE-ILMN-NOVASEQ	377862616.0	377589404.0	19797.0	253415.0	38047.0	0.8975621331954367	0.9275397859537649	0.9998992472610261	0.13053845784356108	0.8694615421564389	0.8694615421564389	HG003	clinvar_genes	-1	-2	sent	sentd
Irl1-HG003-10x-100bp-0-DBC9-PCR-FREE-ILMN-NOVASEQ-sent-sentd-SNPtv	SNPtv	Irl1-HG003-10x-100bp-0-DBC9-PCR-FREE-ILMN-NOVASEQ	377862616.0	377738302.0	9305.0	115009.0	22329.0	0.8790989558650422	0.9251492189133967	0.9999408911406652	0.1625842811166611	0.8374157188833389	0.8374157188833389	HG003	clinvar_genes	-1	-2	sent	sentd
Irl1-HG003-10x-100bp-0-DBC9-PCR-FREE-ILMN-NOVASEQ-sent-sentd-INS_50	INS_50	Irl1-HG003-10x-100bp-0-DBC9-PCR-FREE-ILMN-NOVASEQ	377862616.0	377832964.0	2698.0	26954.0	15863.0	0.7438766921028301	0.9090111965466073	0.9999580176015738	0.37048368638624846	0.6295163136137516	0.6295163136137516	HG003	clinvar_genes	-1	-2	sent	sentd
Irl1-HG003-10x-100bp-0-DBC9-PCR-FREE-ILMN-NOVASEQ-sent-sentd-INS_gt50	INS_gt50	Irl1-HG003-10x-100bp-0-DBC9-PCR-FREE-ILMN-NOVASEQ	377862616.0	377862586.0	23.0	7.0	82.0	0.11764705882352941	0.23333333333333334	0.9999997829899406	0.9213483146067416	0.0786516853932584	0.07865168539325842	HG003	clinvar_genes	-1	-2	sent	sentd
Irl1-HG003-10x-100bp-0-DBC9-PCR-FREE-ILMN-NOVASEQ-sent-sentd-DEL_50	DEL_50	Irl1-HG003-10x-100bp-0-DBC9-PCR-FREE-ILMN-NOVASEQ	377862616.0	377831237.0	2677.0	28702.0	16405.0	0.7505164343801479	0.9146881672456101	0.9999565830293047	0.3636907797015984	0.6363092202984015	0.6363092202984015	HG003	clinvar_genes	-1	-2	sent	sentd
Irl1-HG003-10x-100bp-0-DBC9-PCR-FREE-ILMN-NOVASEQ-sent-sentd-DEL_gt50	DEL_gt50	Irl1-HG003-10x-100bp-0-DBC9-PCR-FREE-ILMN-NOVASEQ	377862616.0	377862599.0	14.0	3.0	136.0	0.038461538461538464	0.17647058823529413	0.999999640080941	0.9784172661870504	0.021582733812949617	0.02158273381294964	HG003	clinvar_genes	-1	-2	sent	sentd
Irl1-HG003-10x-100bp-0-DBC9-PCR-FREE-ILMN-NOVASEQ-sent-sentd-Indel_50	Indel_50	Irl1-HG003-10x-100bp-0-DBC9-PCR-FREE-ILMN-NOVASEQ	377862616.0	377859558.0	317.0	2741.0	2260.0	0.6802332795632212	0.8963374754741661	0.9999940189775935	0.45190961807638474	0.5480903819236153	0.5480903819236153	HG003	clinvar_genes	-1	-2	sent	sentd
Irl1-HG003-10x-100bp-0-DBC9-PCR-FREE-ILMN-NOVASEQ-sent-sentd-Indel_gt50	Indel_gt50	Irl1-HG003-10x-100bp-0-DBC9-PCR-FREE-ILMN-NOVASEQ	377862616.0	377862499.0	43.0	74.0	60.0	0.5896414342629482	0.6324786324786325	0.9999998412121059	0.44776119402985076	0.5522388059701493	0.5522388059701493	HG003	clinvar_genes	-1	-2	sent	sentd
Irl1-HG003-10x-100bp-0-DBC9-PCR-FREE-ILMN-NOVASEQ-sent-sentd-All	All	Irl1-HG003-10x-100bp-0-DBC9-PCR-FREE-ILMN-NOVASEQ	377862616.0	377400837.0	34874.0	426905.0	95182.0	0.8678112669814791	0.9244790256811158	0.9997478595926597	0.18231061106673793	0.817689388933262	0.817689388933262	HG003	clinvar_genes	-1	-2	sent	sentd
Irl1-HG003-10x-100bp-0-DBC9-PCR-FREE-ILMN-NOVASEQ-sent-sentd-SNPts	SNPts	Irl1-HG003-10x-100bp-0-DBC9-PCR-FREE-ILMN-NOVASEQ	2799325643.0	2797071504.0	169413.0	2084726.0	170831.0	0.9245527858197092	0.9248435877290619	0.9999389287807272	0.0757378332713383	0.9242621667286617	0.9242621667286617	HG003	ultima	-1	-2	sent	sentd
Irl1-HG003-10x-100bp-0-DBC9-PCR-FREE-ILMN-NOVASEQ-sent-sentd-SNPtv	SNPtv	Irl1-HG003-10x-100bp-0-DBC9-PCR-FREE-ILMN-NOVASEQ	2799325643.0	2798266841.0	81609.0	977193.0	94947.0	0.9171465014064202	0.9229232661064108	0.9999660705058198	0.08855839722424311	0.9114416027757569	0.9114416027757569	HG003	ultima	-1	-2	sent	sentd
Irl1-HG003-10x-100bp-0-DBC9-PCR-FREE-ILMN-NOVASEQ-sent-sentd-INS_50	INS_50	Irl1-HG003-10x-100bp-0-DBC9-PCR-FREE-ILMN-NOVASEQ	2799325643.0	2799159543.0	14236.0	151864.0	26490.0	0.8817665058324188	0.9142925948223961	0.9999905365346613	0.1485248438498716	0.8514751561501284	0.8514751561501284	HG003	ultima	-1	-2	sent	sentd
Irl1-HG003-10x-100bp-0-DBC9-PCR-FREE-ILMN-NOVASEQ-sent-sentd-INS_gt50	INS_gt50	Irl1-HG003-10x-100bp-0-DBC9-PCR-FREE-ILMN-NOVASEQ	2799325643.0	2799325548.0	82.0	13.0	112.0	0.11818181818181818	0.1368421052631579	0.9999999599903643	0.896	0.10399999999999998	0.104	HG003	ultima	-1	-2	sent	sentd
Irl1-HG003-10x-100bp-0-DBC9-PCR-FREE-ILMN-NOVASEQ-sent-sentd-DEL_50	DEL_50	Irl1-HG003-10x-100bp-0-DBC9-PCR-FREE-ILMN-NOVASEQ	2799325643.0	2799145488.0	16043.0	164112.0	34196.0	0.8672551874291542	0.910948905109489	0.9999877835638078	0.17243883252314582	0.8275611674768542	0.8275611674768542	HG003	ultima	-1	-2	sent	sentd
Irl1-HG003-10x-100bp-0-DBC9-PCR-FREE-ILMN-NOVASEQ-sent-sentd-DEL_gt50	DEL_gt50	Irl1-HG003-10x-100bp-0-DBC9-PCR-FREE-ILMN-NOVASEQ	2799325643.0	2799325554.0	53.0	36.0	325.0	0.16	0.4044943820224719	0.9999998839006197	0.9002770083102493	0.09972299168975074	0.0997229916897507	HG003	ultima	-1	-2	sent	sentd
Irl1-HG003-10x-100bp-0-DBC9-PCR-FREE-ILMN-NOVASEQ-sent-sentd-Indel_50	Indel_50	Irl1-HG003-10x-100bp-0-DBC9-PCR-FREE-ILMN-NOVASEQ	2799325643.0	2799312934.0	1444.0	11265.0	1680.0	0.8782256178373743	0.8863797308993626	0.9999993998530956	0.12977983777520277	0.8702201622247973	0.8702201622247973	HG003	ultima	-1	-2	sent	sentd
Irl1-HG003-10x-100bp-0-DBC9-PCR-FREE-ILMN-NOVASEQ-sent-sentd-Indel_gt50	Indel_gt50	Irl1-HG003-10x-100bp-0-DBC9-PCR-FREE-ILMN-NOVASEQ	2799325643.0	2799325029.0	158.0	456.0	152.0	0.7463175122749591	0.742671009771987	0.9999999457011993	0.25	0.75	0.75	HG003	ultima	-1	-2	sent	sentd
Irl1-HG003-10x-100bp-0-DBC9-PCR-FREE-ILMN-NOVASEQ-sent-sentd-All	All	Irl1-HG003-10x-100bp-0-DBC9-PCR-FREE-ILMN-NOVASEQ	2799325643.0	2795652940.0	283038.0	3389665.0	328733.0	0.9172287051685533	0.9229346887020268	0.9998824266256198	0.08840715813638024	0.9115928418636198	0.9115928418636198	HG003	ultima	-1	-2	sent	sentd
Irl1-HG003-10x-100bp-0-DBC9-PCR-FREE-ILMN-NOVASEQ-sent-sentd-SNPts	SNPts	Irl1-HG003-10x-100bp-0-DBC9-PCR-FREE-ILMN-NOVASEQ	332544085.0	332287253.0	16261.0	240571.0	2295.0	0.962865570804766	0.9366862384749564	0.9999930933728918	0.0094496553655102	0.9905503446344898	0.9905503446344898	HG003	giabHC_x_ultima_x_clinvar	-1	-2	sent	sentd
Irl1-HG003-10x-100bp-0-DBC9-PCR-FREE-ILMN-NOVASEQ-sent-sentd-SNPtv	SNPtv	Irl1-HG003-10x-100bp-0-DBC9-PCR-FREE-ILMN-NOVASEQ	332544085.0	332429475.0	7417.0	107193.0	1140.0	0.9616179920428092	0.9352848791553966	0.9999965707129591	0.010523109301874774	0.9894768906981253	0.9894768906981253	HG003	giabHC_x_ultima_x_clinvar	-1	-2	sent	sentd
Irl1-HG003-10x-100bp-0-DBC9-PCR-FREE-ILMN-NOVASEQ-sent-sentd-INS_50	INS_50	Irl1-HG003-10x-100bp-0-DBC9-PCR-FREE-ILMN-NOVASEQ	332544085.0	332526455.0	1300.0	16330.0	207.0	0.9558931132379197	0.9262620533182075	0.9999993774935256	0.012517385257301807	0.9874826147426982	0.9874826147426982	HG003	giabHC_x_ultima_x_clinvar	-1	-2	sent	sentd
Irl1-HG003-10x-100bp-0-DBC9-PCR-FREE-ILMN-NOVASEQ-sent-sentd-INS_gt50	INS_gt50	Irl1-HG003-10x-100bp-0-DBC9-PCR-FREE-ILMN-NOVASEQ	332544085.0	332544085.0	0.0	0.0	0.0			1.0				HG003	giabHC_x_ultima_x_clinvar	-1	-2	sent	sentd
Irl1-HG003-10x-100bp-0-DBC9-PCR-FREE-ILMN-NOVASEQ-sent-sentd-DEL_50	DEL_50	Irl1-HG003-10x-100bp-0-DBC9-PCR-FREE-ILMN-NOVASEQ	332544085.0	332524954.0	1455.0	17676.0	195.0	0.9554078157937409	0.9239454288850557	0.9999994135781892	0.010911532650663086	0.9890884673493369	0.9890884673493369	HG003	giabHC_x_ultima_x_clinvar	-1	-2	sent	sentd
Irl1-HG003-10x-100bp-0-DBC9-PCR-FREE-ILMN-NOVASEQ-sent-sentd-DEL_gt50	DEL_gt50	Irl1-HG003-10x-100bp-0-DBC9-PCR-FREE-ILMN-NOVASEQ	332544085.0	332544085.0	0.0	0.0	2.0			0.9999999939857599	1.0	0.0	0.0	HG003	giabHC_x_ultima_x_clinvar	-1	-2	sent	sentd
Irl1-HG003-10x-100bp-0-DBC9-PCR-FREE-ILMN-NOVASEQ-sent-sentd-Indel_50	Indel_50	Irl1-HG003-10x-100bp-0-DBC9-PCR-FREE-ILMN-NOVASEQ	332544085.0	332543114.0	111.0	860.0	0.0	0.939377389404697	0.8856848609680742	1.0	0.0	1.0	1.0	HG003	giabHC_x_ultima_x_clinvar	-1	-2	sent	sentd
Irl1-HG003-10x-100bp-0-DBC9-PCR-FREE-ILMN-NOVASEQ-sent-sentd-Indel_gt50	Indel_gt50	Irl1-HG003-10x-100bp-0-DBC9-PCR-FREE-ILMN-NOVASEQ	332544085.0	332544067.0	4.0	14.0	0.0	0.8750000000000001	0.7777777777777778	1.0	0.0	1.0	1.0	HG003	giabHC_x_ultima_x_clinvar	-1	-2	sent	sentd
Irl1-HG003-10x-100bp-0-DBC9-PCR-FREE-ILMN-NOVASEQ-sent-sentd-All	All	Irl1-HG003-10x-100bp-0-DBC9-PCR-FREE-ILMN-NOVASEQ	332544085.0	332134893.0	26548.0	382644.0	3839.0	0.9618097841455368	0.9351209212301316	0.9999884415768769	0.009933166529963802	0.9900668334700362	0.9900668334700362	HG003	giabHC_x_ultima_x_clinvar	-1	-2	sent	sentd
Irl1-HG003-10x-100bp-0-DBC9-PCR-FREE-ILMN-NOVASEQ-sent-sentd-SNPts	SNPts	Irl1-HG003-10x-100bp-0-DBC9-PCR-FREE-ILMN-NOVASEQ	3088286401.0	3085963752.0	191661.0	2130988.0	318449.0	0.8931054469680556	0.9174817202254839	0.9998968179254972	0.13000905922463	0.86999094077537	0.86999094077537	HG003	hg38	-1	-2	sent	sentd
Irl1-HG003-10x-100bp-0-DBC9-PCR-FREE-ILMN-NOVASEQ-sent-sentd-SNPtv	SNPtv	Irl1-HG003-10x-100bp-0-DBC9-PCR-FREE-ILMN-NOVASEQ	3088286401.0	3087179562.0	94684.0	1012155.0	208732.0	0.8696513249411657	0.9144554899131672	0.999932392047866	0.17096750149686252	0.8290324985031374	0.8290324985031374	HG003	hg38	-1	-2	sent	sentd
Irl1-HG003-10x-100bp-0-DBC9-PCR-FREE-ILMN-NOVASEQ-sent-sentd-INS_50	INS_50	Irl1-HG003-10x-100bp-0-DBC9-PCR-FREE-ILMN-NOVASEQ	3088286401.0	3088025032.0	25325.0	236044.0	143367.0	0.7367395986141889	0.9031063362525777	0.9999535753943838	0.3778672732208608	0.6221327267791392	0.6221327267791392	HG003	hg38	-1	-2	sent	sentd
Irl1-HG003-10x-100bp-0-DBC9-PCR-FREE-ILMN-NOVASEQ-sent-sentd-INS_gt50	INS_gt50	Irl1-HG003-10x-100bp-0-DBC9-PCR-FREE-ILMN-NOVASEQ	3088286401.0	3088286163.0	203.0	35.0	611.0	0.07918552036199096	0.14705882352941177	0.999999802155679	0.9458204334365325	0.05417956656346745	0.05417956656346749	HG003	hg38	-1	-2	sent	sentd
Irl1-HG003-10x-100bp-0-DBC9-PCR-FREE-ILMN-NOVASEQ-sent-sentd-DEL_50	DEL_50	Irl1-HG003-10x-100bp-0-DBC9-PCR-FREE-ILMN-NOVASEQ	3088286401.0	3088010556.0	25665.0	250180.0	150466.0	0.7396402908538325	0.9069586180644927	0.9999512765043895	0.37555847306599843	0.6244415269340016	0.6244415269340016	HG003	hg38	-1	-2	sent	sentd
Irl1-HG003-10x-100bp-0-DBC9-PCR-FREE-ILMN-NOVASEQ-sent-sentd-DEL_gt50	DEL_gt50	Irl1-HG003-10x-100bp-0-DBC9-PCR-FREE-ILMN-NOVASEQ	3088286401.0	3088286264.0	87.0	50.0	961.0	0.08710801393728224	0.36496350364963503	0.9999996888242803	0.950544015825915	0.04945598417408503	0.04945598417408507	HG003	hg38	-1	-2	sent	sentd
Irl1-HG003-10x-100bp-0-DBC9-PCR-FREE-ILMN-NOVASEQ-sent-sentd-Indel_50	Indel_50	Irl1-HG003-10x-100bp-0-DBC9-PCR-FREE-ILMN-NOVASEQ	3088286401.0	3088255670.0	3259.0	27472.0	20273.0	0.7001376216932566	0.8939507337867301	0.9999934354959291	0.4246099067965232	0.5753900932034768	0.5753900932034768	HG003	hg38	-1	-2	sent	sentd
Irl1-HG003-10x-100bp-0-DBC9-PCR-FREE-ILMN-NOVASEQ-sent-sentd-Indel_gt50	Indel_gt50	Irl1-HG003-10x-100bp-0-DBC9-PCR-FREE-ILMN-NOVASEQ	3088286401.0	3088285334.0	376.0	691.0	533.0	0.6032300305543432	0.647610121836926	0.99999982741235	0.4354575163398693	0.5645424836601307	0.5645424836601307	HG003	hg38	-1	-2	sent	sentd
Irl1-HG003-10x-100bp-0-DBC9-PCR-FREE-ILMN-NOVASEQ-sent-sentd-All	All	Irl1-HG003-10x-100bp-0-DBC9-PCR-FREE-ILMN-NOVASEQ	3088286401.0	3084287526.0	341260.0	3657615.0	843392.0	0.8606272416487664	0.9146609984058016	0.9997266268361322	0.1873785132971355	0.8126214867028645	0.8126214867028645	HG003	hg38	-1	-2	sent	sentd
Irl1-HG003-10x-100bp-0-DBC9-PCR-FREE-ILMN-NOVASEQ-sent-sentd-SNPts	SNPts	Irl1-HG003-10x-100bp-0-DBC9-PCR-FREE-ILMN-NOVASEQ	2528531102.0	2526276341.0	180818.0	2073943.0	19661.0	0.9538955446472411	0.9198061346634965	0.9999922174598762	0.009390983204082529	0.9906090167959175	0.9906090167959175	HG003	giabHC	-1	-2	sent	sentd
Irl1-HG003-10x-100bp-0-DBC9-PCR-FREE-ILMN-NOVASEQ-sent-sentd-SNPtv	SNPtv	Irl1-HG003-10x-100bp-0-DBC9-PCR-FREE-ILMN-NOVASEQ	2528531102.0	2527459322.0	89015.0	982765.0	10637.0	0.9517466257211229	0.9169465748567803	0.9999957914435492	0.010707649068554322	0.9892923509314456	0.9892923509314456	HG003	giabHC	-1	-2	sent	sentd
Irl1-HG003-10x-100bp-0-DBC9-PCR-FREE-ILMN-NOVASEQ-sent-sentd-INS_50	INS_50	Irl1-HG003-10x-100bp-0-DBC9-PCR-FREE-ILMN-NOVASEQ	2528531102.0	2528298189.0	20293.0	212620.0	4624.0	0.9446482005167086	0.9128730470175559	0.9999981711051475	0.021284822595790908	0.9787151774042091	0.9787151774042091	HG003	giabHC	-1	-2	sent	sentd
Irl1-HG003-10x-100bp-0-DBC9-PCR-FREE-ILMN-NOVASEQ-sent-sentd-INS_gt50	INS_gt50	Irl1-HG003-10x-100bp-0-DBC9-PCR-FREE-ILMN-NOVASEQ	2528531102.0	2528531101.0	1.0	0.0	4.0		0.0	0.9999999984180539	1.0	0.0	0.0	HG003	giabHC	-1	-2	sent	sentd
Irl1-HG003-10x-100bp-0-DBC9-PCR-FREE-ILMN-NOVASEQ-sent-sentd-DEL_50	DEL_50	Irl1-HG003-10x-100bp-0-DBC9-PCR-FREE-ILMN-NOVASEQ	2528531102.0	2528283844.0	21484.0	225774.0	3170.0	0.9482278528859602	0.9131110014640578	0.9999987461866543	0.01384618072541757	0.9861538192745825	0.9861538192745825	HG003	giabHC	-1	-2	sent	sentd
Irl1-HG003-10x-100bp-0-DBC9-PCR-FREE-ILMN-NOVASEQ-sent-sentd-DEL_gt50	DEL_gt50	Irl1-HG003-10x-100bp-0-DBC9-PCR-FREE-ILMN-NOVASEQ	2528531102.0	2528531102.0	0.0	0.0	13.0			0.9999999948586751	1.0	0.0	0.0	HG003	giabHC	-1	-2	sent	sentd
Irl1-HG003-10x-100bp-0-DBC9-PCR-FREE-ILMN-NOVASEQ-sent-sentd-Indel_50	Indel_50	Irl1-HG003-10x-100bp-0-DBC9-PCR-FREE-ILMN-NOVASEQ	2528531102.0	2528507145.0	1962.0	21995.0	17.0	0.9569492484065348	0.9181032683558041	0.9999999932766652	0.0007723060149009631	0.999227693985099	0.999227693985099	HG003	giabHC	-1	-2	sent	sentd
Irl1-HG003-10x-100bp-0-DBC9-PCR-FREE-ILMN-NOVASEQ-sent-sentd-Indel_gt50	Indel_gt50	Irl1-HG003-10x-100bp-0-DBC9-PCR-FREE-ILMN-NOVASEQ	2528531102.0	2528530796.0	81.0	225.0	1.0	0.8458646616541354	0.7352941176470589	0.9999999996045135	0.004424778761061947	0.995575221238938	0.995575221238938	HG003	giabHC	-1	-2	sent	sentd
Irl1-HG003-10x-100bp-0-DBC9-PCR-FREE-ILMN-NOVASEQ-sent-sentd-All	All	Irl1-HG003-10x-100bp-0-DBC9-PCR-FREE-ILMN-NOVASEQ	2528531102.0	2524700126.0	313654.0	3517322.0	38127.0	0.9523746602720532	0.9181268689754256	0.9999848986325791	0.010723540121093004	0.989276459878907	0.989276459878907	HG003	giabHC	-1	-2	sent	sentd
Irl1-HG003-10x-100bp-0-DBC9-PCR-FREE-ILMN-NOVASEQ-sent-sentd-SNPts	SNPts	Irl1-HG003-10x-100bp-0-DBC9-PCR-FREE-ILMN-NOVASEQ	688815815.0	688747897.0	10843.0	57075.0	298788.0	0.2693608255207288	0.8403516004593775	0.9995663748095676	0.8396152451926725	0.1603847548073275	0.16038475480732753	HG003	hg38_m_giabHC	-1	-2	sent	sentd
Irl1-HG003-10x-100bp-0-DBC9-PCR-FREE-ILMN-NOVASEQ-sent-sentd-SNPtv	SNPtv	Irl1-HG003-10x-100bp-0-DBC9-PCR-FREE-ILMN-NOVASEQ	688815815.0	688780745.0	5669.0	29401.0	198095.0	0.22395131128935203	0.838351867693185	0.9997124802845905	0.870762562858248	0.12923743714175195	0.12923743714175195	HG003	hg38_m_giabHC	-1	-2	sent	sentd
Irl1-HG003-10x-100bp-0-DBC9-PCR-FREE-ILMN-NOVASEQ-sent-sentd-INS_50	INS_50	Irl1-HG003-10x-100bp-0-DBC9-PCR-FREE-ILMN-NOVASEQ	688815815.0	688787433.0	5022.0	23360.0	138739.0	0.24527380683637737	0.8230568670283983	0.9997986155764743	0.8558905360304505	0.1441094639695495	0.14410946396954946	HG003	hg38_m_giabHC	-1	-2	sent	sentd
Irl1-HG003-10x-100bp-0-DBC9-PCR-FREE-ILMN-NOVASEQ-sent-sentd-INS_gt50	INS_gt50	Irl1-HG003-10x-100bp-0-DBC9-PCR-FREE-ILMN-NOVASEQ	688815815.0	688815578.0	202.0	35.0	607.0	0.07963594994311718	0.14767932489451477	0.9999991187779654	0.9454828660436138	0.05451713395638624	0.05451713395638629	HG003	hg38_m_giabHC	-1	-2	sent	sentd
Irl1-HG003-10x-100bp-0-DBC9-PCR-FREE-ILMN-NOVASEQ-sent-sentd-DEL_50	DEL_50	Irl1-HG003-10x-100bp-0-DBC9-PCR-FREE-ILMN-NOVASEQ	688815815.0	688787032.0	4208.0	24575.0	147302.0	0.2449416924150304	0.8538025918076643	0.9997861886209898	0.8570198455872513	0.1429801544127487	0.14298015441274864	HG003	hg38_m_giabHC	-1	-2	sent	sentd
Irl1-HG003-10x-100bp-0-DBC9-PCR-FREE-ILMN-NOVASEQ-sent-sentd-DEL_gt50	DEL_gt50	Irl1-HG003-10x-100bp-0-DBC9-PCR-FREE-ILMN-NOVASEQ	688815815.0	688815678.0	87.0	50.0	948.0	0.0881057268722467	0.36496350364963503	0.9999986237265998	0.9498997995991983	0.05010020040080165	0.050100200400801605	HG003	hg38_m_giabHC	-1	-2	sent	sentd
Irl1-HG003-10x-100bp-0-DBC9-PCR-FREE-ILMN-NOVASEQ-sent-sentd-Indel_50	Indel_50	Irl1-HG003-10x-100bp-0-DBC9-PCR-FREE-ILMN-NOVASEQ	688815815.0	688809041.0	1297.0	5477.0	20256.0	0.33697357492232444	0.8085326247416593	0.9999705935852493	0.7871604554463141	0.21283954455368592	0.21283954455368592	HG003	hg38_m_giabHC	-1	-2	sent	sentd
Irl1-HG003-10x-100bp-0-DBC9-PCR-FREE-ILMN-NOVASEQ-sent-sentd-Indel_gt50	Indel_gt50	Irl1-HG003-10x-100bp-0-DBC9-PCR-FREE-ILMN-NOVASEQ	688815815.0	688815052.0	297.0	466.0	532.0	0.5292447473026689	0.6107470511140236	0.9999992276597505	0.533066132264529	0.46693386773547096	0.46693386773547096	HG003	hg38_m_giabHC	-1	-2	sent	sentd
Irl1-HG003-10x-100bp-0-DBC9-PCR-FREE-ILMN-NOVASEQ-sent-sentd-All	All	Irl1-HG003-10x-100bp-0-DBC9-PCR-FREE-ILMN-NOVASEQ	688815815.0	688647751.0	27625.0	140439.0	805267.0	0.25218671718577446	0.835628094059406	0.9988320204872901	0.8514982457550232	0.1485017542449768	0.14850175424497677	HG003	hg38_m_giabHC	-1	-2	sent	sentd
Irl1-HG003-10x-100bp-0-DBC9-PCR-FREE-ILMN-NOVASEQ-sent-sentd-SNPts	SNPts	Irl1-HG003-10x-100bp-0-DBC9-PCR-FREE-ILMN-NOVASEQ	2505355380.0	2503152300.0	163659.0	2039421.0	15370.0	0.9579533997154916	0.9257135464894602	0.9999938597800762	0.00748007948253618	0.9925199205174638	0.9925199205174638	HG003	giabHC_x_ultima	-1	-2	sent	sentd
Irl1-HG003-10x-100bp-0-DBC9-PCR-FREE-ILMN-NOVASEQ-sent-sentd-SNPtv	SNPtv	Irl1-HG003-10x-100bp-0-DBC9-PCR-FREE-ILMN-NOVASEQ	2505355380.0	2504320873.0	78864.0	955643.0	8178.0	0.9564425860018976	0.9237665864029919	0.9999967344546848	0.008484978019777531	0.9915150219802225	0.9915150219802225	HG003	giabHC_x_ultima	-1	-2	sent	sentd
Irl1-HG003-10x-100bp-0-DBC9-PCR-FREE-ILMN-NOVASEQ-sent-sentd-INS_50	INS_50	Irl1-HG003-10x-100bp-0-DBC9-PCR-FREE-ILMN-NOVASEQ	2505355380.0	2505200050.0	12833.0	142497.0	1573.0	0.95188376753507	0.9173823472606708	0.9999993721064263	0.010918303602415493	0.9890816963975845	0.9890816963975845	HG003	giabHC_x_ultima	-1	-2	sent	sentd
Irl1-HG003-10x-100bp-0-DBC9-PCR-FREE-ILMN-NOVASEQ-sent-sentd-INS_gt50	INS_gt50	Irl1-HG003-10x-100bp-0-DBC9-PCR-FREE-ILMN-NOVASEQ	2505355380.0	2505355380.0	0.0	0.0	2.0			0.99999999920171	1.0	0.0	0.0	HG003	giabHC_x_ultima	-1	-2	sent	sentd
Irl1-HG003-10x-100bp-0-DBC9-PCR-FREE-ILMN-NOVASEQ-sent-sentd-DEL_50	DEL_50	Irl1-HG003-10x-100bp-0-DBC9-PCR-FREE-ILMN-NOVASEQ	2505355380.0	2505187886.0	14389.0	153105.0	1464.0	0.9507767113887656	0.9140924451025111	0.9999994156130354	0.00947149816586767	0.9905285018341323	0.9905285018341323	HG003	giabHC_x_ultima	-1	-2	sent	sentd
Irl1-HG003-10x-100bp-0-DBC9-PCR-FREE-ILMN-NOVASEQ-sent-sentd-DEL_gt50	DEL_gt50	Irl1-HG003-10x-100bp-0-DBC9-PCR-FREE-ILMN-NOVASEQ	2505355380.0	2505355380.0	0.0	0.0	13.0			0.9999999948111155	1.0	0.0	0.0	HG003	giabHC_x_ultima	-1	-2	sent	sentd
Irl1-HG003-10x-100bp-0-DBC9-PCR-FREE-ILMN-NOVASEQ-sent-sentd-Indel_50	Indel_50	Irl1-HG003-10x-100bp-0-DBC9-PCR-FREE-ILMN-NOVASEQ	2505355380.0	2505345156.0	1044.0	9180.0	6.0	0.9459041731066461	0.897887323943662	0.9999999976051204	0.0006531678641410843	0.999346832135859	0.999346832135859	HG003	giabHC_x_ultima	-1	-2	sent	sentd
Irl1-HG003-10x-100bp-0-DBC9-PCR-FREE-ILMN-NOVASEQ-sent-sentd-Indel_gt50	Indel_gt50	Irl1-HG003-10x-100bp-0-DBC9-PCR-FREE-ILMN-NOVASEQ	2505355380.0	2505355140.0	55.0	185.0	0.0	0.8705882352941177	0.7708333333333334	1.0	0.0	1.0	1.0	HG003	giabHC_x_ultima	-1	-2	sent	sentd
Irl1-HG003-10x-100bp-0-DBC9-PCR-FREE-ILMN-NOVASEQ-sent-sentd-All	All	Irl1-HG003-10x-100bp-0-DBC9-PCR-FREE-ILMN-NOVASEQ	2505355380.0	2501784505.0	270844.0	3300031.0	26606.0	0.9568757546199267	0.92415192354815	0.9999893653042458	0.007997866914845232	0.9920021330851547	0.9920021330851547	HG003	giabHC_x_ultima	-1	-2	sent	sentd
Irl1-HG003-10x-150bp-0-DBC3-PCR-FREE-ILMN-NOVASEQ-sent-sentd-SNPts	SNPts	Irl1-HG003-10x-150bp-0-DBC3-PCR-FREE-ILMN-NOVASEQ	3088286401.0	3085964008.0	53845.0	2268548.0	340646.0	0.9200072917703774	0.9768148629452466	0.999889626579943	0.1305560261138114	0.8694439738861885	0.8694439738861887	HG003	hg38	-1	-2	sent	sentd
Irl1-HG003-10x-150bp-0-DBC3-PCR-FREE-ILMN-NOVASEQ-sent-sentd-SNPtv	SNPtv	Irl1-HG003-10x-150bp-0-DBC3-PCR-FREE-ILMN-NOVASEQ	3088286401.0	3087179856.0	27577.0	1078968.0	228808.0	0.8938065816434517	0.9750782842089567	0.9999258899533878	0.1749596261133405	0.8250403738866595	0.8250403738866595	HG003	hg38	-1	-2	sent	sentd
Irl1-HG003-10x-150bp-0-DBC3-PCR-FREE-ILMN-NOVASEQ-sent-sentd-INS_50	INS_50	Irl1-HG003-10x-150bp-0-DBC3-PCR-FREE-ILMN-NOVASEQ	3088286401.0	3088028190.0	8741.0	249470.0	159050.0	0.7483377854037084	0.9661478403321315	0.9999484972938364	0.3893322236365417	0.6106677763634583	0.6106677763634584	HG003	hg38	-1	-2	sent	sentd
Irl1-HG003-10x-150bp-0-DBC3-PCR-FREE-ILMN-NOVASEQ-sent-sentd-INS_gt50	INS_gt50	Irl1-HG003-10x-150bp-0-DBC3-PCR-FREE-ILMN-NOVASEQ	3088286401.0	3088286164.0	176.0	61.0	1173.0	0.08293677770224336	0.25738396624472576	0.9999996201778293	0.9505672609400324	0.04943273905996759	0.04943273905996758	HG003	hg38	-1	-2	sent	sentd
Irl1-HG003-10x-150bp-0-DBC3-PCR-FREE-ILMN-NOVASEQ-sent-sentd-DEL_50	DEL_50	Irl1-HG003-10x-150bp-0-DBC3-PCR-FREE-ILMN-NOVASEQ	3088286401.0	3088013721.0	8519.0	264161.0	165219.0	0.752531122696066	0.968758251430248	0.9999464995380093	0.384785038893288	0.6152149611067119	0.615214961106712	HG003	hg38	-1	-2	sent	sentd
Irl1-HG003-10x-150bp-0-DBC3-PCR-FREE-ILMN-NOVASEQ-sent-sentd-DEL_gt50	DEL_gt50	Irl1-HG003-10x-150bp-0-DBC3-PCR-FREE-ILMN-NOVASEQ	3088286401.0	3088286263.0	68.0	70.0	1555.0	0.07941009642654566	0.5072463768115942	0.9999994964847542	0.9569230769230769	0.043076923076923124	0.043076923076923075	HG003	hg38	-1	-2	sent	sentd
Irl1-HG003-10x-150bp-0-DBC3-PCR-FREE-ILMN-NOVASEQ-sent-sentd-Indel_50	Indel_50	Irl1-HG003-10x-150bp-0-DBC3-PCR-FREE-ILMN-NOVASEQ	3088286401.0	3088249228.0	1016.0	36157.0	28805.0	0.7080236941303177	0.9726683345438893	0.9999906727957483	0.44341307225762755	0.5565869277423725	0.5565869277423725	HG003	hg38	-1	-2	sent	sentd
Irl1-HG003-10x-150bp-0-DBC3-PCR-FREE-ILMN-NOVASEQ-sent-sentd-Indel_gt50	Indel_gt50	Irl1-HG003-10x-150bp-0-DBC3-PCR-FREE-ILMN-NOVASEQ	3088286401.0	3088285122.0	118.0	1161.0	1320.0	0.6175531914893617	0.9077404222048475	0.9999995725785076	0.532043530834341	0.46795646916565903	0.46795646916565903	HG003	hg38	-1	-2	sent	sentd
Irl1-HG003-10x-150bp-0-DBC3-PCR-FREE-ILMN-NOVASEQ-sent-sentd-All	All	Irl1-HG003-10x-150bp-0-DBC3-PCR-FREE-ILMN-NOVASEQ	3088286401.0	3084287745.0	100060.0	3898596.0	926576.0	0.8836518572211516	0.9749765921349574	0.9996996720799287	0.19202963127532033	0.8079703687246796	0.8079703687246796	HG003	hg38	-1	-2	sent	sentd
Irl1-HG003-10x-150bp-0-DBC3-PCR-FREE-ILMN-NOVASEQ-sent-sentd-SNPts	SNPts	Irl1-HG003-10x-150bp-0-DBC3-PCR-FREE-ILMN-NOVASEQ	688815815.0	688748003.0	5943.0	61869.0	322716.0	0.27351640262866467	0.9123606441337816	0.9995316649059355	0.8391278911033971	0.16087210889660286	0.16087210889660283	HG003	hg38_m_giabHC	-1	-2	sent	sentd
Irl1-HG003-10x-150bp-0-DBC3-PCR-FREE-ILMN-NOVASEQ-sent-sentd-SNPtv	SNPtv	Irl1-HG003-10x-150bp-0-DBC3-PCR-FREE-ILMN-NOVASEQ	688815815.0	688780813.0	3087.0	31915.0	219490.0	0.22286466462062726	0.9118050397120164	0.9996814370051155	0.8730534396690599	0.1269465603309401	0.12694656033094012	HG003	hg38_m_giabHC	-1	-2	sent	sentd
Irl1-HG003-10x-150bp-0-DBC3-PCR-FREE-ILMN-NOVASEQ-sent-sentd-INS_50	INS_50	Irl1-HG003-10x-150bp-0-DBC3-PCR-FREE-ILMN-NOVASEQ	688815815.0	688788113.0	2620.0	25082.0	156567.0	0.23961672024494748	0.9054219911919718	0.9997727437274064	0.8619205170411067	0.13807948295889327	0.13807948295889325	HG003	hg38_m_giabHC	-1	-2	sent	sentd
Irl1-HG003-10x-150bp-0-DBC3-PCR-FREE-ILMN-NOVASEQ-sent-sentd-INS_gt50	INS_gt50	Irl1-HG003-10x-150bp-0-DBC3-PCR-FREE-ILMN-NOVASEQ	688815815.0	688815580.0	176.0	59.0	1173.0	0.08043626448534424	0.251063829787234	0.999998297079746	0.9521103896103896	0.04788961038961037	0.04788961038961039	HG003	hg38_m_giabHC	-1	-2	sent	sentd
Irl1-HG003-10x-150bp-0-DBC3-PCR-FREE-ILMN-NOVASEQ-sent-sentd-DEL_50	DEL_50	Irl1-HG003-10x-150bp-0-DBC3-PCR-FREE-ILMN-NOVASEQ	688815815.0	688787740.0	1973.0	26102.0	163637.0	0.23967238102234018	0.9297239536954586	0.9997624839640896	0.8624320777489077	0.13756792225109227	0.1375679222510923	HG003	hg38_m_giabHC	-1	-2	sent	sentd
Irl1-HG003-10x-150bp-0-DBC3-PCR-FREE-ILMN-NOVASEQ-sent-sentd-DEL_gt50	DEL_gt50	Irl1-HG003-10x-150bp-0-DBC3-PCR-FREE-ILMN-NOVASEQ	688815815.0	688815677.0	68.0	70.0	1542.0	0.08	0.5072463768115942	0.9999977613800041	0.956575682382134	0.043424317617866026	0.043424317617866005	HG003	hg38_m_giabHC	-1	-2	sent	sentd
Irl1-HG003-10x-150bp-0-DBC3-PCR-FREE-ILMN-NOVASEQ-sent-sentd-Indel_50	Indel_50	Irl1-HG003-10x-150bp-0-DBC3-PCR-FREE-ILMN-NOVASEQ	688815815.0	688807577.0	474.0	7764.0	28795.0	0.34663035471125303	0.942461762563729	0.9999581976196809	0.7876309527065839	0.2123690472934161	0.21236904729341613	HG003	hg38_m_giabHC	-1	-2	sent	sentd
Irl1-HG003-10x-150bp-0-DBC3-PCR-FREE-ILMN-NOVASEQ-sent-sentd-Indel_gt50	Indel_gt50	Irl1-HG003-10x-150bp-0-DBC3-PCR-FREE-ILMN-NOVASEQ	688815815.0	688814917.0	101.0	797.0	1320.0	0.5286898839137645	0.8875278396436526	0.9999980836688668	0.6235238545111006	0.3764761454888994	0.3764761454888994	HG003	hg38_m_giabHC	-1	-2	sent	sentd
Irl1-HG003-10x-150bp-0-DBC3-PCR-FREE-ILMN-NOVASEQ-sent-sentd-All	All	Irl1-HG003-10x-150bp-0-DBC3-PCR-FREE-ILMN-NOVASEQ	688815815.0	688647715.0	14442.0	153658.0	895240.0	0.2525197247653652	0.9140868530636526	0.998701690745285	0.8535052979412678	0.14649470205873216	0.1464947020587321	HG003	hg38_m_giabHC	-1	-2	sent	sentd
Irl1-HG003-10x-150bp-0-DBC3-PCR-FREE-ILMN-NOVASEQ-sent-sentd-SNPts	SNPts	Irl1-HG003-10x-150bp-0-DBC3-PCR-FREE-ILMN-NOVASEQ	2528531102.0	2526276487.0	47902.0	2206713.0	17930.0	0.9853029229394691	0.9787538005380076	0.9999929026482902	0.008059720143861285	0.9919402798561388	0.9919402798561388	HG003	giabHC	-1	-2	sent	sentd
Irl1-HG003-10x-150bp-0-DBC3-PCR-FREE-ILMN-NOVASEQ-sent-sentd-SNPtv	SNPtv	Irl1-HG003-10x-150bp-0-DBC3-PCR-FREE-ILMN-NOVASEQ	2528531102.0	2527459544.0	24490.0	1047068.0	9318.0	0.9841123638591993	0.9771454274990248	0.9999963133076969	0.008820639425361564	0.9911793605746384	0.9911793605746384	HG003	giabHC	-1	-2	sent	sentd
Irl1-HG003-10x-150bp-0-DBC3-PCR-FREE-ILMN-NOVASEQ-sent-sentd-INS_50	INS_50	Irl1-HG003-10x-150bp-0-DBC3-PCR-FREE-ILMN-NOVASEQ	2528531102.0	2528300666.0	6116.0	224320.0	2483.0	0.9811936427120171	0.9734590081410891	0.9999990179184007	0.010947826968779073	0.989052173031221	0.989052173031221	HG003	giabHC	-1	-2	sent	sentd
Irl1-HG003-10x-150bp-0-DBC3-PCR-FREE-ILMN-NOVASEQ-sent-sentd-INS_gt50	INS_gt50	Irl1-HG003-10x-150bp-0-DBC3-PCR-FREE-ILMN-NOVASEQ	2528531102.0	2528531100.0	0.0	2.0	0.0	1.0	1.0	1.0	0.0	1.0	1.0	HG003	giabHC	-1	-2	sent	sentd
Irl1-HG003-10x-150bp-0-DBC3-PCR-FREE-ILMN-NOVASEQ-sent-sentd-DEL_50	DEL_50	Irl1-HG003-10x-150bp-0-DBC3-PCR-FREE-ILMN-NOVASEQ	2528531102.0	2528286299.0	6561.0	238242.0	1590.0	0.983181156953171	0.9731988578571341	0.9999993711159212	0.006629640748523967	0.993370359251476	0.993370359251476	HG003	giabHC	-1	-2	sent	sentd
Irl1-HG003-10x-150bp-0-DBC3-PCR-FREE-ILMN-NOVASEQ-sent-sentd-DEL_gt50	DEL_gt50	Irl1-HG003-10x-150bp-0-DBC3-PCR-FREE-ILMN-NOVASEQ	2528531102.0	2528531102.0	0.0	0.0	13.0			0.9999999948586751	1.0	0.0	0.0	HG003	giabHC	-1	-2	sent	sentd
Irl1-HG003-10x-150bp-0-DBC3-PCR-FREE-ILMN-NOVASEQ-sent-sentd-Indel_50	Indel_50	Irl1-HG003-10x-150bp-0-DBC3-PCR-FREE-ILMN-NOVASEQ	2528531102.0	2528502166.0	543.0	28393.0	10.0	0.9903556043879385	0.981234448437932	0.9999999960450894	0.0003520754849839806	0.999647924515016	0.999647924515016	HG003	giabHC	-1	-2	sent	sentd
Irl1-HG003-10x-150bp-0-DBC3-PCR-FREE-ILMN-NOVASEQ-sent-sentd-Indel_gt50	Indel_gt50	Irl1-HG003-10x-150bp-0-DBC3-PCR-FREE-ILMN-NOVASEQ	2528531102.0	2528530719.0	19.0	364.0	0.0	0.9745649263721553	0.9503916449086162	1.0	0.0	1.0	1.0	HG003	giabHC	-1	-2	sent	sentd
Irl1-HG003-10x-150bp-0-DBC3-PCR-FREE-ILMN-NOVASEQ-sent-sentd-All	All	Irl1-HG003-10x-150bp-0-DBC3-PCR-FREE-ILMN-NOVASEQ	2528531102.0	2524700369.0	85631.0	3745102.0	31344.0	0.9846230777532643	0.9776463146870324	0.9999875852155543	0.008299867123745447	0.9917001328762546	0.9917001328762546	HG003	giabHC	-1	-2	sent	sentd
Irl1-HG003-10x-150bp-0-DBC3-PCR-FREE-ILMN-NOVASEQ-sent-sentd-SNPts	SNPts	Irl1-HG003-10x-150bp-0-DBC3-PCR-FREE-ILMN-NOVASEQ	337668665.0	337403156.0	5046.0	260463.0	2708.0	0.9853332828932435	0.9809949945199598	0.9999919740576886	0.010289887563599333	0.9897101124364006	0.9897101124364006	HG003	giabHC_x_clinvar_genes	-1	-2	sent	sentd
Irl1-HG003-10x-150bp-0-DBC3-PCR-FREE-ILMN-NOVASEQ-sent-sentd-SNPtv	SNPtv	Irl1-HG003-10x-150bp-0-DBC3-PCR-FREE-ILMN-NOVASEQ	337668665.0	337548455.0	2400.0	117810.0	1270.0	0.9846629612603953	0.9800349388570002	0.9999962375913652	0.010665099093046691	0.9893349009069533	0.9893349009069533	HG003	giabHC_x_clinvar_genes	-1	-2	sent	sentd
Irl1-HG003-10x-150bp-0-DBC3-PCR-FREE-ILMN-NOVASEQ-sent-sentd-INS_50	INS_50	Irl1-HG003-10x-150bp-0-DBC3-PCR-FREE-ILMN-NOVASEQ	337668665.0	337642209.0	718.0	25738.0	311.0	0.9804018664889059	0.9728605987299668	0.9999990789074789	0.011939037966908518	0.9880609620330915	0.9880609620330915	HG003	giabHC_x_clinvar_genes	-1	-2	sent	sentd
Irl1-HG003-10x-150bp-0-DBC3-PCR-FREE-ILMN-NOVASEQ-sent-sentd-INS_gt50	INS_gt50	Irl1-HG003-10x-150bp-0-DBC3-PCR-FREE-ILMN-NOVASEQ	337668665.0	337668665.0	0.0	0.0	0.0			1.0				HG003	giabHC_x_clinvar_genes	-1	-2	sent	sentd
Irl1-HG003-10x-150bp-0-DBC3-PCR-FREE-ILMN-NOVASEQ-sent-sentd-DEL_50	DEL_50	Irl1-HG003-10x-150bp-0-DBC3-PCR-FREE-ILMN-NOVASEQ	337668665.0	337640526.0	682.0	27457.0	203.0	0.984139500707898	0.9757631756636697	0.9999993987692166	0.007339117859725235	0.9926608821402748	0.9926608821402748	HG003	giabHC_x_clinvar_genes	-1	-2	sent	sentd
Irl1-HG003-10x-150bp-0-DBC3-PCR-FREE-ILMN-NOVASEQ-sent-sentd-DEL_gt50	DEL_gt50	Irl1-HG003-10x-150bp-0-DBC3-PCR-FREE-ILMN-NOVASEQ	337668665.0	337668665.0	0.0	0.0	0.0			1.0				HG003	giabHC_x_clinvar_genes	-1	-2	sent	sentd
Irl1-HG003-10x-150bp-0-DBC3-PCR-FREE-ILMN-NOVASEQ-sent-sentd-Indel_50	Indel_50	Irl1-HG003-10x-150bp-0-DBC3-PCR-FREE-ILMN-NOVASEQ	337668665.0	337665792.0	47.0	2826.0	1.0	0.991578947368421	0.9836407935955447	0.9999999970384919	0.00035373187124159886	0.9996462681287585	0.9996462681287585	HG003	giabHC_x_clinvar_genes	-1	-2	sent	sentd
Irl1-HG003-10x-150bp-0-DBC3-PCR-FREE-ILMN-NOVASEQ-sent-sentd-Indel_gt50	Indel_gt50	Irl1-HG003-10x-150bp-0-DBC3-PCR-FREE-ILMN-NOVASEQ	337668665.0	337668629.0	2.0	34.0	0.0	0.9714285714285714	0.9444444444444444	1.0	0.0	1.0	1.0	HG003	giabHC_x_clinvar_genes	-1	-2	sent	sentd
Irl1-HG003-10x-150bp-0-DBC3-PCR-FREE-ILMN-NOVASEQ-sent-sentd-All	All	Irl1-HG003-10x-150bp-0-DBC3-PCR-FREE-ILMN-NOVASEQ	337668665.0	337225442.0	8895.0	434328.0	4493.0	0.9848216188761559	0.979931095633575	0.9999866767462384	0.01023879896358652	0.9897612010364135	0.9897612010364135	HG003	giabHC_x_clinvar_genes	-1	-2	sent	sentd
Irl1-HG003-10x-150bp-0-DBC3-PCR-FREE-ILMN-NOVASEQ-sent-sentd-SNPts	SNPts	Irl1-HG003-10x-150bp-0-DBC3-PCR-FREE-ILMN-NOVASEQ	2505355380.0	2503152341.0	37852.0	2165187.0	13021.0	0.9883884656582932	0.9828182796582358	0.9999947981862495	0.005977849681940384	0.9940221503180596	0.9940221503180596	HG003	giabHC_x_ultima	-1	-2	sent	sentd
Irl1-HG003-10x-150bp-0-DBC3-PCR-FREE-ILMN-NOVASEQ-sent-sentd-SNPtv	SNPtv	Irl1-HG003-10x-150bp-0-DBC3-PCR-FREE-ILMN-NOVASEQ	2505355380.0	2504320996.0	18971.0	1015413.0	6501.0	0.9876126903785346	0.981659615771319	0.999997404093511	0.00636159207134847	0.9936384079286515	0.9936384079286515	HG003	giabHC_x_ultima	-1	-2	sent	sentd
Irl1-HG003-10x-150bp-0-DBC3-PCR-FREE-ILMN-NOVASEQ-sent-sentd-INS_50	INS_50	Irl1-HG003-10x-150bp-0-DBC3-PCR-FREE-ILMN-NOVASEQ	2505355380.0	2505201009.0	3215.0	151156.0	960.0	0.9863778887848426	0.9791735494360988	0.9999996167973633	0.006310973204659602	0.9936890267953404	0.9936890267953404	HG003	giabHC_x_ultima	-1	-2	sent	sentd
Irl1-HG003-10x-150bp-0-DBC3-PCR-FREE-ILMN-NOVASEQ-sent-sentd-INS_gt50	INS_gt50	Irl1-HG003-10x-150bp-0-DBC3-PCR-FREE-ILMN-NOVASEQ	2505355380.0	2505355379.0	0.0	1.0	0.0	1.0	1.0	1.0	0.0	1.0	1.0	HG003	giabHC_x_ultima	-1	-2	sent	sentd
Irl1-HG003-10x-150bp-0-DBC3-PCR-FREE-ILMN-NOVASEQ-sent-sentd-DEL_50	DEL_50	Irl1-HG003-10x-150bp-0-DBC3-PCR-FREE-ILMN-NOVASEQ	2505355380.0	2505189067.0	3712.0	162601.0	738.0	0.9865009161176028	0.9776806383145034	0.9999997054115427	0.004518210592693723	0.9954817894073063	0.9954817894073063	HG003	giabHC_x_ultima	-1	-2	sent	sentd
Irl1-HG003-10x-150bp-0-DBC3-PCR-FREE-ILMN-NOVASEQ-sent-sentd-DEL_gt50	DEL_gt50	Irl1-HG003-10x-150bp-0-DBC3-PCR-FREE-ILMN-NOVASEQ	2505355380.0	2505355380.0	0.0	0.0	12.0			0.9999999952102604	1.0	0.0	0.0	HG003	giabHC_x_ultima	-1	-2	sent	sentd
Irl1-HG003-10x-150bp-0-DBC3-PCR-FREE-ILMN-NOVASEQ-sent-sentd-Indel_50	Indel_50	Irl1-HG003-10x-150bp-0-DBC3-PCR-FREE-ILMN-NOVASEQ	2505355380.0	2505342969.0	228.0	12183.0	2.0	0.9906488859977233	0.9816291999033115	0.9999999992017061	0.00016413623307345098	0.9998358637669266	0.9998358637669266	HG003	giabHC_x_ultima	-1	-2	sent	sentd
Irl1-HG003-10x-150bp-0-DBC3-PCR-FREE-ILMN-NOVASEQ-sent-sentd-Indel_gt50	Indel_gt50	Irl1-HG003-10x-150bp-0-DBC3-PCR-FREE-ILMN-NOVASEQ	2505355380.0	2505355081.0	9.0	290.0	0.0	0.9847198641765704	0.9698996655518395	1.0	0.0	1.0	1.0	HG003	giabHC_x_ultima	-1	-2	sent	sentd
Irl1-HG003-10x-150bp-0-DBC3-PCR-FREE-ILMN-NOVASEQ-sent-sentd-All	All	Irl1-HG003-10x-150bp-0-DBC3-PCR-FREE-ILMN-NOVASEQ	2505355380.0	2501784562.0	63987.0	3506831.0	21234.0	0.987995153603743	0.9820805764953576	0.9999915125306553	0.006018596596151148	0.9939814034038489	0.9939814034038489	HG003	giabHC_x_ultima	-1	-2	sent	sentd
Irl1-HG003-10x-150bp-0-DBC3-PCR-FREE-ILMN-NOVASEQ-sent-sentd-SNPts	SNPts	Irl1-HG003-10x-150bp-0-DBC3-PCR-FREE-ILMN-NOVASEQ	2799325643.0	2797071540.0	40368.0	2213735.0	171366.0	0.9543598427661298	0.9820913241320384	0.9999387375334361	0.07184852968490643	0.9281514703150936	0.9281514703150936	HG003	ultima	-1	-2	sent	sentd
Irl1-HG003-10x-150bp-0-DBC3-PCR-FREE-ILMN-NOVASEQ-sent-sentd-SNPtv	SNPtv	Irl1-HG003-10x-150bp-0-DBC3-PCR-FREE-ILMN-NOVASEQ	2799325643.0	2798266966.0	20184.0	1038493.0	93182.0	0.948243022126124	0.9809346949069452	0.9999667012124702	0.08233989440431219	0.9176601055956878	0.9176601055956878	HG003	ultima	-1	-2	sent	sentd
Irl1-HG003-10x-150bp-0-DBC3-PCR-FREE-ILMN-NOVASEQ-sent-sentd-INS_50	INS_50	Irl1-HG003-10x-150bp-0-DBC3-PCR-FREE-ILMN-NOVASEQ	2799325643.0	2799160738.0	3792.0	161113.0	28262.0	0.9095235407022694	0.9770049422394712	0.9999899035041936	0.14923828382838283	0.8507617161716172	0.8507617161716171	HG003	ultima	-1	-2	sent	sentd
Irl1-HG003-10x-150bp-0-DBC3-PCR-FREE-ILMN-NOVASEQ-sent-sentd-INS_gt50	INS_gt50	Irl1-HG003-10x-150bp-0-DBC3-PCR-FREE-ILMN-NOVASEQ	2799325643.0	2799325545.0	74.0	24.0	241.0	0.1322314049586777	0.24489795918367346	0.9999999139078413	0.909433962264151	0.09056603773584904	0.09056603773584905	HG003	ultima	-1	-2	sent	sentd
Irl1-HG003-10x-150bp-0-DBC3-PCR-FREE-ILMN-NOVASEQ-sent-sentd-DEL_50	DEL_50	Irl1-HG003-10x-150bp-0-DBC3-PCR-FREE-ILMN-NOVASEQ	2799325643.0	2799147002.0	4363.0	174278.0	36335.0	0.8954461611184471	0.9755767153117145	0.9999870194283026	0.17252021480155547	0.8274797851984446	0.8274797851984446	HG003	ultima	-1	-2	sent	sentd
Irl1-HG003-10x-150bp-0-DBC3-PCR-FREE-ILMN-NOVASEQ-sent-sentd-DEL_gt50	DEL_gt50	Irl1-HG003-10x-150bp-0-DBC3-PCR-FREE-ILMN-NOVASEQ	2799325643.0	2799325554.0	42.0	47.0	570.0	0.1331444759206799	0.5280898876404494	0.9999997963795662	0.9238249594813615	0.07617504051863855	0.07617504051863858	HG003	ultima	-1	-2	sent	sentd
Irl1-HG003-10x-150bp-0-DBC3-PCR-FREE-ILMN-NOVASEQ-sent-sentd-Indel_50	Indel_50	Irl1-HG003-10x-150bp-0-DBC3-PCR-FREE-ILMN-NOVASEQ	2799325643.0	2799310134.0	314.0	15195.0	2245.0	0.9223345169807885	0.9797536914049907	0.9999991980173357	0.12872706422018348	0.8712729357798166	0.8712729357798165	HG003	ultima	-1	-2	sent	sentd
Irl1-HG003-10x-150bp-0-DBC3-PCR-FREE-ILMN-NOVASEQ-sent-sentd-Indel_gt50	Indel_gt50	Irl1-HG003-10x-150bp-0-DBC3-PCR-FREE-ILMN-NOVASEQ	2799325643.0	2799324874.0	34.0	735.0	345.0	0.7950243374797188	0.9557867360208062	0.9999998767560133	0.3194444444444444	0.6805555555555556	0.6805555555555556	HG003	ultima	-1	-2	sent	sentd
Irl1-HG003-10x-150bp-0-DBC3-PCR-FREE-ILMN-NOVASEQ-sent-sentd-All	All	Irl1-HG003-10x-150bp-0-DBC3-PCR-FREE-ILMN-NOVASEQ	2799325643.0	2795652852.0	69171.0	3603620.0	332546.0	0.9472047220138056	0.9811666386679776	0.9998810630412313	0.08448474988097555	0.9155152501190245	0.9155152501190245	HG003	ultima	-1	-2	sent	sentd
Irl1-HG003-10x-150bp-0-DBC3-PCR-FREE-ILMN-NOVASEQ-sent-sentd-SNPts	SNPts	Irl1-HG003-10x-150bp-0-DBC3-PCR-FREE-ILMN-NOVASEQ	377862616.0	377589427.0	5826.0	267363.0	39488.0	0.9218778015309289	0.9786741047406741	0.9998954317362059	0.12868786479431385	0.8713121352056862	0.8713121352056862	HG003	clinvar_genes	-1	-2	sent	sentd
Irl1-HG003-10x-150bp-0-DBC3-PCR-FREE-ILMN-NOVASEQ-sent-sentd-SNPtv	SNPtv	Irl1-HG003-10x-150bp-0-DBC3-PCR-FREE-ILMN-NOVASEQ	377862616.0	377738332.0	2807.0	121477.0	23007.0	0.9039543398023574	0.9774146310064047	0.9999390964674657	0.1592356247058498	0.8407643752941503	0.8407643752941503	HG003	clinvar_genes	-1	-2	sent	sentd
Irl1-HG003-10x-150bp-0-DBC3-PCR-FREE-ILMN-NOVASEQ-sent-sentd-INS_50	INS_50	Irl1-HG003-10x-150bp-0-DBC3-PCR-FREE-ILMN-NOVASEQ	377862616.0	377833252.0	991.0	28373.0	17454.0	0.7546913859371467	0.9662511919357036	0.999953807152606	0.3808671743731861	0.6191328256268138	0.6191328256268139	HG003	clinvar_genes	-1	-2	sent	sentd
Irl1-HG003-10x-150bp-0-DBC3-PCR-FREE-ILMN-NOVASEQ-sent-sentd-INS_gt50	INS_gt50	Irl1-HG003-10x-150bp-0-DBC3-PCR-FREE-ILMN-NOVASEQ	377862616.0	377862585.0	19.0	12.0	159.0	0.11881188118811879	0.3870967741935484	0.9999995792122867	0.9298245614035088	0.07017543859649122	0.07017543859649122	HG003	clinvar_genes	-1	-2	sent	sentd
Irl1-HG003-10x-150bp-0-DBC3-PCR-FREE-ILMN-NOVASEQ-sent-sentd-DEL_50	DEL_50	Irl1-HG003-10x-150bp-0-DBC3-PCR-FREE-ILMN-NOVASEQ	377862616.0	377831536.0	879.0	30201.0	17616.0	0.7655804403209246	0.9717181467181467	0.9999533782200999	0.3684045423175858	0.6315954576824142	0.6315954576824142	HG003	clinvar_genes	-1	-2	sent	sentd
Irl1-HG003-10x-150bp-0-DBC3-PCR-FREE-ILMN-NOVASEQ-sent-sentd-DEL_gt50	DEL_gt50	Irl1-HG003-10x-150bp-0-DBC3-PCR-FREE-ILMN-NOVASEQ	377862616.0	377862598.0	13.0	5.0	204.0	0.04405286343612335	0.2777777777777778	0.9999994601215073	0.9760765550239234	0.02392344497607657	0.023923444976076555	HG003	clinvar_genes	-1	-2	sent	sentd
Irl1-HG003-10x-150bp-0-DBC3-PCR-FREE-ILMN-NOVASEQ-sent-sentd-Indel_50	Indel_50	Irl1-HG003-10x-150bp-0-DBC3-PCR-FREE-ILMN-NOVASEQ	377862616.0	377858953.0	94.0	3569.0	3137.0	0.688398109750217	0.9743379743379743	0.9999916980292995	0.46779003877124964	0.5322099612287503	0.5322099612287504	HG003	clinvar_genes	-1	-2	sent	sentd
Irl1-HG003-10x-150bp-0-DBC3-PCR-FREE-ILMN-NOVASEQ-sent-sentd-Indel_gt50	Indel_gt50	Irl1-HG003-10x-150bp-0-DBC3-PCR-FREE-ILMN-NOVASEQ	377862616.0	377862482.0	12.0	122.0	146.0	0.6069651741293532	0.9104477611940298	0.9999996136161949	0.5447761194029851	0.4552238805970149	0.4552238805970149	HG003	clinvar_genes	-1	-2	sent	sentd
Irl1-HG003-10x-150bp-0-DBC3-PCR-FREE-ILMN-NOVASEQ-sent-sentd-All	All	Irl1-HG003-10x-150bp-0-DBC3-PCR-FREE-ILMN-NOVASEQ	377862616.0	377400853.0	10641.0	451122.0	101211.0	0.8897027500354997	0.9769557110465759	0.9997318928566176	0.183242717708339	0.816757282291661	0.816757282291661	HG003	clinvar_genes	-1	-2	sent	sentd
Irl1-HG003-10x-150bp-0-DBC3-PCR-FREE-ILMN-NOVASEQ-sent-sentd-SNPts	SNPts	Irl1-HG003-10x-150bp-0-DBC3-PCR-FREE-ILMN-NOVASEQ	332544085.0	332287264.0	3681.0	253140.0	1640.0	0.9895993166549715	0.9856670599366875	0.9999950645357691	0.006436925975351284	0.9935630740246487	0.9935630740246487	HG003	giabHC_x_ultima_x_clinvar	-1	-2	sent	sentd
Irl1-HG003-10x-150bp-0-DBC3-PCR-FREE-ILMN-NOVASEQ-sent-sentd-SNPtv	SNPtv	Irl1-HG003-10x-150bp-0-DBC3-PCR-FREE-ILMN-NOVASEQ	332544085.0	332429492.0	1755.0	112838.0	765.0	0.9889568616452523	0.9846849283987679	0.9999976987654285	0.00673397709567529	0.9932660229043248	0.9932660229043248	HG003	giabHC_x_ultima_x_clinvar	-1	-2	sent	sentd
Irl1-HG003-10x-150bp-0-DBC3-PCR-FREE-ILMN-NOVASEQ-sent-sentd-INS_50	INS_50	Irl1-HG003-10x-150bp-0-DBC3-PCR-FREE-ILMN-NOVASEQ	332544085.0	332526528.0	334.0	17223.0	115.0	0.9871328270525862	0.9809762487896565	0.99999965416305	0.006632829622793863	0.9933671703772061	0.9933671703772061	HG003	giabHC_x_ultima_x_clinvar	-1	-2	sent	sentd
Irl1-HG003-10x-150bp-0-DBC3-PCR-FREE-ILMN-NOVASEQ-sent-sentd-INS_gt50	INS_gt50	Irl1-HG003-10x-150bp-0-DBC3-PCR-FREE-ILMN-NOVASEQ	332544085.0	332544085.0	0.0	0.0	0.0			1.0				HG003	giabHC_x_ultima_x_clinvar	-1	-2	sent	sentd
Irl1-HG003-10x-150bp-0-DBC3-PCR-FREE-ILMN-NOVASEQ-sent-sentd-DEL_50	DEL_50	Irl1-HG003-10x-150bp-0-DBC3-PCR-FREE-ILMN-NOVASEQ	332544085.0	332525061.0	387.0	18637.0	91.0	0.9873384191566009	0.9796572750210261	0.9999997263364908	0.004859034600598035	0.995140965399402	0.995140965399402	HG003	giabHC_x_ultima_x_clinvar	-1	-2	sent	sentd
Irl1-HG003-10x-150bp-0-DBC3-PCR-FREE-ILMN-NOVASEQ-sent-sentd-DEL_gt50	DEL_gt50	Irl1-HG003-10x-150bp-0-DBC3-PCR-FREE-ILMN-NOVASEQ	332544085.0	332544085.0	0.0	0.0	0.0			1.0				HG003	giabHC_x_ultima_x_clinvar	-1	-2	sent	sentd
Irl1-HG003-10x-150bp-0-DBC3-PCR-FREE-ILMN-NOVASEQ-sent-sentd-Indel_50	Indel_50	Irl1-HG003-10x-150bp-0-DBC3-PCR-FREE-ILMN-NOVASEQ	332544085.0	332542935.0	23.0	1127.0	0.0	0.98989898989899	0.98	1.0	0.0	1.0	1.0	HG003	giabHC_x_ultima_x_clinvar	-1	-2	sent	sentd
Irl1-HG003-10x-150bp-0-DBC3-PCR-FREE-ILMN-NOVASEQ-sent-sentd-Indel_gt50	Indel_gt50	Irl1-HG003-10x-150bp-0-DBC3-PCR-FREE-ILMN-NOVASEQ	332544085.0	332544058.0	2.0	25.0	0.0	0.9615384615384615	0.9259259259259259	1.0	0.0	1.0	1.0	HG003	giabHC_x_ultima_x_clinvar	-1	-2	sent	sentd
Irl1-HG003-10x-150bp-0-DBC3-PCR-FREE-ILMN-NOVASEQ-sent-sentd-All	All	Irl1-HG003-10x-150bp-0-DBC3-PCR-FREE-ILMN-NOVASEQ	332544085.0	332134913.0	6182.0	402990.0	2611.0	0.9892080370851758	0.9848914392969216	0.9999921387985057	0.006437360854633001	0.993562639145367	0.993562639145367	HG003	giabHC_x_ultima_x_clinvar	-1	-2	sent	sentd
Irl1-HG003-10x-50bp-0-DBC16-PCR-FREE-ILMN-NOVASEQ-sent-sentd-SNPts	SNPts	Irl1-HG003-10x-50bp-0-DBC16-PCR-FREE-ILMN-NOVASEQ	688815815.0	688747705.0	28661.0	39449.0	188209.0	0.26675637661951257	0.5791954191748642	0.9997268120355242	0.8267181473965334	0.17328185260346662	0.1732818526034666	HG003	hg38_m_giabHC	-1	-2	sent	sentd
Irl1-HG003-10x-50bp-0-DBC16-PCR-FREE-ILMN-NOVASEQ-sent-sentd-SNPtv	SNPtv	Irl1-HG003-10x-50bp-0-DBC16-PCR-FREE-ILMN-NOVASEQ	688815815.0	688780585.0	14849.0	20381.0	124252.0	0.22662804467844969	0.578512631280159	0.9998196383690074	0.8590847178721316	0.1409152821278684	0.14091528212786847	HG003	hg38_m_giabHC	-1	-2	sent	sentd
Irl1-HG003-10x-50bp-0-DBC16-PCR-FREE-ILMN-NOVASEQ-sent-sentd-INS_50	INS_50	Irl1-HG003-10x-50bp-0-DBC16-PCR-FREE-ILMN-NOVASEQ	688815815.0	688787910.0	14213.0	13692.0	88134.0	0.2110829331462796	0.49066475542017557	0.9998720611628643	0.8655353249661186	0.13446467503388138	0.13446467503388132	HG003	hg38_m_giabHC	-1	-2	sent	sentd
Irl1-HG003-10x-50bp-0-DBC16-PCR-FREE-ILMN-NOVASEQ-sent-sentd-INS_gt50	INS_gt50	Irl1-HG003-10x-50bp-0-DBC16-PCR-FREE-ILMN-NOVASEQ	688815815.0	688815578.0	234.0	3.0	21.0	0.022988505747126433	0.012658227848101266	0.9999999695128855	0.875	0.125	0.125	HG003	hg38_m_giabHC	-1	-2	sent	sentd
Irl1-HG003-10x-50bp-0-DBC16-PCR-FREE-ILMN-NOVASEQ-sent-sentd-DEL_50	DEL_50	Irl1-HG003-10x-50bp-0-DBC16-PCR-FREE-ILMN-NOVASEQ	688815815.0	688787711.0	13073.0	15031.0	96568.0	0.21518507118673186	0.5348348989467692	0.9998598197071065	0.8653124131936666	0.13468758680633341	0.1346875868063334	HG003	hg38_m_giabHC	-1	-2	sent	sentd
Irl1-HG003-10x-50bp-0-DBC16-PCR-FREE-ILMN-NOVASEQ-sent-sentd-DEL_gt50	DEL_gt50	Irl1-HG003-10x-50bp-0-DBC16-PCR-FREE-ILMN-NOVASEQ	688815815.0	688815677.0	119.0	19.0	257.0	0.09178743961352656	0.13768115942028986	0.9999996268959713	0.9311594202898551	0.0688405797101449	0.06884057971014493	HG003	hg38_m_giabHC	-1	-2	sent	sentd
Irl1-HG003-10x-50bp-0-DBC16-PCR-FREE-ILMN-NOVASEQ-sent-sentd-Indel_50	Indel_50	Irl1-HG003-10x-50bp-0-DBC16-PCR-FREE-ILMN-NOVASEQ	688815815.0	688808625.0	6084.0	1106.0	6288.0	0.1516730663741086	0.15382475660639777	0.9999908712777825	0.850419258858534	0.14958074114146602	0.14958074114146605	HG003	hg38_m_giabHC	-1	-2	sent	sentd
Irl1-HG003-10x-50bp-0-DBC16-PCR-FREE-ILMN-NOVASEQ-sent-sentd-Indel_gt50	Indel_gt50	Irl1-HG003-10x-50bp-0-DBC16-PCR-FREE-ILMN-NOVASEQ	688815815.0	688814680.0	1123.0	12.0	24.0	0.02049530315969257	0.010572687224669603	0.9999999651575382	0.6666666666666666	0.33333333333333337	0.3333333333333333	HG003	hg38_m_giabHC	-1	-2	sent	sentd
Irl1-HG003-10x-50bp-0-DBC16-PCR-FREE-ILMN-NOVASEQ-sent-sentd-All	All	Irl1-HG003-10x-50bp-0-DBC16-PCR-FREE-ILMN-NOVASEQ	688815815.0	688647766.0	78356.0	89693.0	503753.0	0.2355708179305183	0.5337312331522354	0.9992690243203252	0.8488607219527977	0.15113927804720229	0.15113927804720229	HG003	hg38_m_giabHC	-1	-2	sent	sentd
Irl1-HG003-10x-50bp-0-DBC16-PCR-FREE-ILMN-NOVASEQ-sent-sentd-SNPts	SNPts	Irl1-HG003-10x-50bp-0-DBC16-PCR-FREE-ILMN-NOVASEQ	2799325643.0	2797071428.0	775922.0	1478293.0	113941.0	0.7686533735401146	0.6557905967265767	0.9999592658387024	0.07156046159044462	0.9284395384095554	0.9284395384095554	HG003	ultima	-1	-2	sent	sentd
Irl1-HG003-10x-50bp-0-DBC16-PCR-FREE-ILMN-NOVASEQ-sent-sentd-SNPtv	SNPtv	Irl1-HG003-10x-50bp-0-DBC16-PCR-FREE-ILMN-NOVASEQ	2799325643.0	2798266753.0	366490.0	692400.0	65174.0	0.7623602779906457	0.6538922834288736	0.9999767096964548	0.08602987958932065	0.9139701204106794	0.9139701204106794	HG003	ultima	-1	-2	sent	sentd
Irl1-HG003-10x-50bp-0-DBC16-PCR-FREE-ILMN-NOVASEQ-sent-sentd-INS_50	INS_50	Irl1-HG003-10x-50bp-0-DBC16-PCR-FREE-ILMN-NOVASEQ	2799325643.0	2799159978.0	63936.0	101729.0	17183.0	0.7149488539130007	0.614064527812151	0.9999938614103318	0.14450181646932186	0.8554981835306781	0.8554981835306782	HG003	ultima	-1	-2	sent	sentd
Irl1-HG003-10x-50bp-0-DBC16-PCR-FREE-ILMN-NOVASEQ-sent-sentd-INS_gt50	INS_gt50	Irl1-HG003-10x-50bp-0-DBC16-PCR-FREE-ILMN-NOVASEQ	2799325643.0	2799325547.0	95.0	1.0	2.0	0.0202020202020202	0.010416666666666666	0.9999999992855422	0.6666666666666666	0.33333333333333337	0.3333333333333333	HG003	ultima	-1	-2	sent	sentd
Irl1-HG003-10x-50bp-0-DBC16-PCR-FREE-ILMN-NOVASEQ-sent-sentd-DEL_50	DEL_50	Irl1-HG003-10x-50bp-0-DBC16-PCR-FREE-ILMN-NOVASEQ	2799325643.0	2799145940.0	70273.0	109430.0	22518.0	0.7022598996954929	0.6089492106420038	0.9999919554680835	0.17065813805438507	0.829341861945615	0.829341861945615	HG003	ultima	-1	-2	sent	sentd
Irl1-HG003-10x-50bp-0-DBC16-PCR-FREE-ILMN-NOVASEQ-sent-sentd-DEL_gt50	DEL_gt50	Irl1-HG003-10x-50bp-0-DBC16-PCR-FREE-ILMN-NOVASEQ	2799325643.0	2799325554.0	75.0	14.0	113.0	0.12962962962962962	0.15730337078651685	0.9999999596331355	0.889763779527559	0.11023622047244097	0.11023622047244094	HG003	ultima	-1	-2	sent	sentd
Irl1-HG003-10x-50bp-0-DBC16-PCR-FREE-ILMN-NOVASEQ-sent-sentd-Indel_50	Indel_50	Irl1-HG003-10x-50bp-0-DBC16-PCR-FREE-ILMN-NOVASEQ	2799325643.0	2799312901.0	10825.0	1917.0	386.0	0.2548354935194417	0.15044733950714173	0.9999998621090388	0.16760746851932262	0.8323925314806774	0.8323925314806774	HG003	ultima	-1	-2	sent	sentd
Irl1-HG003-10x-50bp-0-DBC16-PCR-FREE-ILMN-NOVASEQ-sent-sentd-Indel_gt50	Indel_gt50	Irl1-HG003-10x-50bp-0-DBC16-PCR-FREE-ILMN-NOVASEQ	2799325643.0	2799324776.0	859.0	8.0	3.0	0.018223234624145785	0.00922722029988466	0.999999998928313	0.2727272727272727	0.7272727272727273	0.7272727272727273	HG003	ultima	-1	-2	sent	sentd
Irl1-HG003-10x-50bp-0-DBC16-PCR-FREE-ILMN-NOVASEQ-sent-sentd-All	All	Irl1-HG003-10x-50bp-0-DBC16-PCR-FREE-ILMN-NOVASEQ	2799325643.0	2795653376.0	1288475.0	2383792.0	219320.0	0.7597284562414476	0.6491336278108318	0.9999215557989054	0.08425300179170163	0.9157469982082984	0.9157469982082984	HG003	ultima	-1	-2	sent	sentd
Irl1-HG003-10x-50bp-0-DBC16-PCR-FREE-ILMN-NOVASEQ-sent-sentd-SNPts	SNPts	Irl1-HG003-10x-50bp-0-DBC16-PCR-FREE-ILMN-NOVASEQ	2505355380.0	2503152269.0	757198.0	1445913.0	8786.0	0.7905894510649816	0.6563051067331606	0.9999964900380731	0.006039737430217523	0.9939602625697824	0.9939602625697824	HG003	giabHC_x_ultima	-1	-2	sent	sentd
Irl1-HG003-10x-50bp-0-DBC16-PCR-FREE-ILMN-NOVASEQ-sent-sentd-SNPtv	SNPtv	Irl1-HG003-10x-50bp-0-DBC16-PCR-FREE-ILMN-NOVASEQ	2505355380.0	2504320795.0	357577.0	677008.0	4909.0	0.7888228501918437	0.6543763924665446	0.9999980397917123	0.007198823317207226	0.9928011766827928	0.9928011766827928	HG003	giabHC_x_ultima	-1	-2	sent	sentd
Irl1-HG003-10x-50bp-0-DBC16-PCR-FREE-ILMN-NOVASEQ-sent-sentd-INS_50	INS_50	Irl1-HG003-10x-50bp-0-DBC16-PCR-FREE-ILMN-NOVASEQ	2505355380.0	2505200153.0	58743.0	96484.0	2034.0	0.7604800094583144	0.6215671242760602	0.9999991880894842	0.020645973324671635	0.9793540266753283	0.9793540266753283	HG003	giabHC_x_ultima	-1	-2	sent	sentd
Irl1-HG003-10x-50bp-0-DBC16-PCR-FREE-ILMN-NOVASEQ-sent-sentd-INS_gt50	INS_gt50	Irl1-HG003-10x-50bp-0-DBC16-PCR-FREE-ILMN-NOVASEQ	2505355380.0	2505355380.0	0.0	0.0	0.0			1.0				HG003	giabHC_x_ultima	-1	-2	sent	sentd
Irl1-HG003-10x-50bp-0-DBC16-PCR-FREE-ILMN-NOVASEQ-sent-sentd-DEL_50	DEL_50	Irl1-HG003-10x-50bp-0-DBC16-PCR-FREE-ILMN-NOVASEQ	2505355380.0	2505187824.0	64249.0	103307.0	2705.0	0.7552564627441806	0.6165520781111986	0.9999989202418065	0.0255159793230955	0.9744840206769045	0.9744840206769045	HG003	giabHC_x_ultima	-1	-2	sent	sentd
Irl1-HG003-10x-50bp-0-DBC16-PCR-FREE-ILMN-NOVASEQ-sent-sentd-DEL_gt50	DEL_gt50	Irl1-HG003-10x-50bp-0-DBC16-PCR-FREE-ILMN-NOVASEQ	2505355380.0	2505355380.0	0.0	0.0	25.0			0.9999999900213759	1.0	0.0	0.0	HG003	giabHC_x_ultima	-1	-2	sent	sentd
Irl1-HG003-10x-50bp-0-DBC16-PCR-FREE-ILMN-NOVASEQ-sent-sentd-Indel_50	Indel_50	Irl1-HG003-10x-50bp-0-DBC16-PCR-FREE-ILMN-NOVASEQ	2505355380.0	2505345496.0	8178.0	1706.0	15.0	0.2940112020680741	0.1726021853500607	0.9999999940128018	0.008715862870424172	0.9912841371295759	0.9912841371295759	HG003	giabHC_x_ultima	-1	-2	sent	sentd
Irl1-HG003-10x-50bp-0-DBC16-PCR-FREE-ILMN-NOVASEQ-sent-sentd-Indel_gt50	Indel_gt50	Irl1-HG003-10x-50bp-0-DBC16-PCR-FREE-ILMN-NOVASEQ	2505355380.0	2505355065.0	312.0	3.0	0.0	0.01886792452830189	0.009523809523809525	1.0	0.0	1.0	1.0	HG003	giabHC_x_ultima	-1	-2	sent	sentd
Irl1-HG003-10x-50bp-0-DBC16-PCR-FREE-ILMN-NOVASEQ-sent-sentd-All	All	Irl1-HG003-10x-50bp-0-DBC16-PCR-FREE-ILMN-NOVASEQ	2505355380.0	2501784702.0	1246257.0	2324421.0	18474.0	0.7861308214171026	0.6509746888406067	0.9999926157260582	0.007885116490495734	0.9921148835095043	0.9921148835095043	HG003	giabHC_x_ultima	-1	-2	sent	sentd
Irl1-HG003-10x-50bp-0-DBC16-PCR-FREE-ILMN-NOVASEQ-sent-sentd-SNPts	SNPts	Irl1-HG003-10x-50bp-0-DBC16-PCR-FREE-ILMN-NOVASEQ	2528531102.0	2526276070.0	790737.0	1464295.0	11296.0	0.7850136558960795	0.64934555252431	0.9999955286163593	0.0076552377996341806	0.9923447622003658	0.9923447622003658	HG003	giabHC	-1	-2	sent	sentd
Irl1-HG003-10x-50bp-0-DBC16-PCR-FREE-ILMN-NOVASEQ-sent-sentd-SNPtv	SNPtv	Irl1-HG003-10x-50bp-0-DBC16-PCR-FREE-ILMN-NOVASEQ	2528531102.0	2527458974.0	378918.0	693210.0	6525.0	0.7824645584901315	0.6465739165472779	0.9999974183623861	0.009324958734378015	0.990675041265622	0.990675041265622	HG003	giabHC	-1	-2	sent	sentd
Irl1-HG003-10x-50bp-0-DBC16-PCR-FREE-ILMN-NOVASEQ-sent-sentd-INS_50	INS_50	Irl1-HG003-10x-50bp-0-DBC16-PCR-FREE-ILMN-NOVASEQ	2528531102.0	2528296536.0	83957.0	150609.0	6855.0	0.7683544626686732	0.6420751515564915	0.999997288695643	0.04353376009754611	0.9564662399024539	0.9564662399024539	HG003	giabHC	-1	-2	sent	sentd
Irl1-HG003-10x-50bp-0-DBC16-PCR-FREE-ILMN-NOVASEQ-sent-sentd-INS_gt50	INS_gt50	Irl1-HG003-10x-50bp-0-DBC16-PCR-FREE-ILMN-NOVASEQ	2528531102.0	2528531101.0	1.0	0.0	0.0		0.0	1.0				HG003	giabHC	-1	-2	sent	sentd
Irl1-HG003-10x-50bp-0-DBC16-PCR-FREE-ILMN-NOVASEQ-sent-sentd-DEL_50	DEL_50	Irl1-HG003-10x-50bp-0-DBC16-PCR-FREE-ILMN-NOVASEQ	2528531102.0	2528282060.0	86115.0	162927.0	6360.0	0.7789419332630537	0.6542149516948949	0.9999974844642131	0.037569334916443674	0.9624306650835563	0.9624306650835563	HG003	giabHC	-1	-2	sent	sentd
Irl1-HG003-10x-50bp-0-DBC16-PCR-FREE-ILMN-NOVASEQ-sent-sentd-DEL_gt50	DEL_gt50	Irl1-HG003-10x-50bp-0-DBC16-PCR-FREE-ILMN-NOVASEQ	2528531102.0	2528531102.0	0.0	0.0	26.0			0.9999999897173503	1.0	0.0	0.0	HG003	giabHC	-1	-2	sent	sentd
Irl1-HG003-10x-50bp-0-DBC16-PCR-FREE-ILMN-NOVASEQ-sent-sentd-Indel_50	Indel_50	Irl1-HG003-10x-50bp-0-DBC16-PCR-FREE-ILMN-NOVASEQ	2528531102.0	2528510968.0	13033.0	7101.0	43.0	0.5206393430603417	0.3526869971193007	0.999999982993944	0.006019036954087346	0.9939809630459127	0.9939809630459127	HG003	giabHC	-1	-2	sent	sentd
Irl1-HG003-10x-50bp-0-DBC16-PCR-FREE-ILMN-NOVASEQ-sent-sentd-Indel_gt50	Indel_gt50	Irl1-HG003-10x-50bp-0-DBC16-PCR-FREE-ILMN-NOVASEQ	2528531102.0	2528530695.0	404.0	3.0	0.0	0.014634146341463415	0.007371007371007371	1.0	0.0	1.0	1.0	HG003	giabHC	-1	-2	sent	sentd
Irl1-HG003-10x-50bp-0-DBC16-PCR-FREE-ILMN-NOVASEQ-sent-sentd-All	All	Irl1-HG003-10x-50bp-0-DBC16-PCR-FREE-ILMN-NOVASEQ	2528531102.0	2524699792.0	1353165.0	2478145.0	31105.0	0.7816801670514907	0.6468140140056534	0.999987679875096	0.012396134303078609	0.9876038656969214	0.9876038656969214	HG003	giabHC	-1	-2	sent	sentd
Irl1-HG003-10x-50bp-0-DBC16-PCR-FREE-ILMN-NOVASEQ-sent-sentd-SNPts	SNPts	Irl1-HG003-10x-50bp-0-DBC16-PCR-FREE-ILMN-NOVASEQ	377862616.0	377589340.0	88794.0	184482.0	24622.0	0.7648824578133422	0.6750757475958372	0.9999347958431686	0.11775001912923713	0.8822499808707629	0.8822499808707629	HG003	clinvar_genes	-1	-2	sent	sentd
Irl1-HG003-10x-50bp-0-DBC16-PCR-FREE-ILMN-NOVASEQ-sent-sentd-SNPtv	SNPtv	Irl1-HG003-10x-50bp-0-DBC16-PCR-FREE-ILMN-NOVASEQ	377862616.0	377738234.0	40840.0	83542.0	14768.0	0.7502918829594237	0.6716566705793443	0.9999609056713731	0.15021869596175363	0.8497813040382464	0.8497813040382464	HG003	clinvar_genes	-1	-2	sent	sentd
Irl1-HG003-10x-50bp-0-DBC16-PCR-FREE-ILMN-NOVASEQ-sent-sentd-INS_50	INS_50	Irl1-HG003-10x-50bp-0-DBC16-PCR-FREE-ILMN-NOVASEQ	377862616.0	377832803.0	10534.0	19279.0	10760.0	0.6442224152910513	0.6466642068896119	0.9999715226060368	0.35820100535969907	0.6417989946403009	0.641798994640301	HG003	clinvar_genes	-1	-2	sent	sentd
Irl1-HG003-10x-50bp-0-DBC16-PCR-FREE-ILMN-NOVASEQ-sent-sentd-INS_gt50	INS_gt50	Irl1-HG003-10x-50bp-0-DBC16-PCR-FREE-ILMN-NOVASEQ	377862616.0	377862586.0	30.0	0.0	4.0		0.0	0.9999999894141413	1.0	0.0	0.0	HG003	clinvar_genes	-1	-2	sent	sentd
Irl1-HG003-10x-50bp-0-DBC16-PCR-FREE-ILMN-NOVASEQ-sent-sentd-DEL_50	DEL_50	Irl1-HG003-10x-50bp-0-DBC16-PCR-FREE-ILMN-NOVASEQ	377862616.0	377831123.0	10850.0	20643.0	11577.0	0.6479996233107842	0.655478995332296	0.9999693602655285	0.3593109869646183	0.6406890130353817	0.6406890130353817	HG003	clinvar_genes	-1	-2	sent	sentd
Irl1-HG003-10x-50bp-0-DBC16-PCR-FREE-ILMN-NOVASEQ-sent-sentd-DEL_gt50	DEL_gt50	Irl1-HG003-10x-50bp-0-DBC16-PCR-FREE-ILMN-NOVASEQ	377862616.0	377862598.0	17.0	1.0	41.0	0.03333333333333333	0.05555555555555555	0.999999891494962	0.9761904761904762	0.023809523809523836	0.023809523809523808	HG003	clinvar_genes	-1	-2	sent	sentd
Irl1-HG003-10x-50bp-0-DBC16-PCR-FREE-ILMN-NOVASEQ-sent-sentd-Indel_50	Indel_50	Irl1-HG003-10x-50bp-0-DBC16-PCR-FREE-ILMN-NOVASEQ	377862616.0	377859971.0	1790.0	855.0	734.0	0.40387340576287195	0.32325141776937616	0.9999980574852312	0.4619257394587791	0.5380742605412209	0.5380742605412209	HG003	clinvar_genes	-1	-2	sent	sentd
Irl1-HG003-10x-50bp-0-DBC16-PCR-FREE-ILMN-NOVASEQ-sent-sentd-Indel_gt50	Indel_gt50	Irl1-HG003-10x-50bp-0-DBC16-PCR-FREE-ILMN-NOVASEQ	377862616.0	377862455.0	160.0	1.0	2.0	0.012195121951219511	0.006211180124223602	0.9999999947070688	0.6666666666666666	0.33333333333333337	0.3333333333333333	HG003	clinvar_genes	-1	-2	sent	sentd
Irl1-HG003-10x-50bp-0-DBC16-PCR-FREE-ILMN-NOVASEQ-sent-sentd-All	All	Irl1-HG003-10x-50bp-0-DBC16-PCR-FREE-ILMN-NOVASEQ	377862616.0	377400798.0	153015.0	308803.0	62508.0	0.7413089689591887	0.6686681766410144	0.9998343997972614	0.16834405659945437	0.8316559434005456	0.8316559434005456	HG003	clinvar_genes	-1	-2	sent	sentd
Irl1-HG003-10x-50bp-0-DBC16-PCR-FREE-ILMN-NOVASEQ-sent-sentd-SNPts	SNPts	Irl1-HG003-10x-50bp-0-DBC16-PCR-FREE-ILMN-NOVASEQ	332544085.0	332287248.0	80468.0	176369.0	1596.0	0.8112612177496883	0.6866962314619778	0.9999951969497959	0.00896805551653415	0.9910319444834659	0.9910319444834659	HG003	giabHC_x_ultima_x_clinvar	-1	-2	sent	sentd
Irl1-HG003-10x-50bp-0-DBC16-PCR-FREE-ILMN-NOVASEQ-sent-sentd-SNPtv	SNPtv	Irl1-HG003-10x-50bp-0-DBC16-PCR-FREE-ILMN-NOVASEQ	332544085.0	332429457.0	36229.0	78399.0	919.0	0.808462149258041	0.6839428411906341	0.9999972355113541	0.011586272977130033	0.98841372702287	0.98841372702287	HG003	giabHC_x_ultima_x_clinvar	-1	-2	sent	sentd
Irl1-HG003-10x-50bp-0-DBC16-PCR-FREE-ILMN-NOVASEQ-sent-sentd-INS_50	INS_50	Irl1-HG003-10x-50bp-0-DBC16-PCR-FREE-ILMN-NOVASEQ	332544085.0	332526448.0	6196.0	11441.0	236.0	0.7805826567510404	0.6486930883937178	0.9999992902825207	0.020210670548942364	0.9797893294510577	0.9797893294510577	HG003	giabHC_x_ultima_x_clinvar	-1	-2	sent	sentd
Irl1-HG003-10x-50bp-0-DBC16-PCR-FREE-ILMN-NOVASEQ-sent-sentd-INS_gt50	INS_gt50	Irl1-HG003-10x-50bp-0-DBC16-PCR-FREE-ILMN-NOVASEQ	332544085.0	332544085.0	0.0	0.0	0.0			1.0				HG003	giabHC_x_ultima_x_clinvar	-1	-2	sent	sentd
Irl1-HG003-10x-50bp-0-DBC16-PCR-FREE-ILMN-NOVASEQ-sent-sentd-DEL_50	DEL_50	Irl1-HG003-10x-50bp-0-DBC16-PCR-FREE-ILMN-NOVASEQ	332544085.0	332524961.0	6955.0	12169.0	325.0	0.7697514074261497	0.6363208533779544	0.999999022630718	0.02601248599327677	0.9739875140067232	0.9739875140067232	HG003	giabHC_x_ultima_x_clinvar	-1	-2	sent	sentd
Irl1-HG003-10x-50bp-0-DBC16-PCR-FREE-ILMN-NOVASEQ-sent-sentd-DEL_gt50	DEL_gt50	Irl1-HG003-10x-50bp-0-DBC16-PCR-FREE-ILMN-NOVASEQ	332544085.0	332544085.0	0.0	0.0	3.0			0.9999999909786398	1.0	0.0	0.0	HG003	giabHC_x_ultima_x_clinvar	-1	-2	sent	sentd
Irl1-HG003-10x-50bp-0-DBC16-PCR-FREE-ILMN-NOVASEQ-sent-sentd-Indel_50	Indel_50	Irl1-HG003-10x-50bp-0-DBC16-PCR-FREE-ILMN-NOVASEQ	332544085.0	332543165.0	734.0	186.0	0.0	0.33634719710669075	0.20217391304347826	1.0	0.0	1.0	1.0	HG003	giabHC_x_ultima_x_clinvar	-1	-2	sent	sentd
Irl1-HG003-10x-50bp-0-DBC16-PCR-FREE-ILMN-NOVASEQ-sent-sentd-Indel_gt50	Indel_gt50	Irl1-HG003-10x-50bp-0-DBC16-PCR-FREE-ILMN-NOVASEQ	332544085.0	332544061.0	24.0	0.0	0.0		0.0	1.0				HG003	giabHC_x_ultima_x_clinvar	-1	-2	sent	sentd
Irl1-HG003-10x-50bp-0-DBC16-PCR-FREE-ILMN-NOVASEQ-sent-sentd-All	All	Irl1-HG003-10x-50bp-0-DBC16-PCR-FREE-ILMN-NOVASEQ	332544085.0	332134915.0	130606.0	278564.0	3079.0	0.8064816383015375	0.6808026003861476	0.9999907297567409	0.010932279516977166	0.9890677204830228	0.9890677204830228	HG003	giabHC_x_ultima_x_clinvar	-1	-2	sent	sentd
Irl1-HG003-10x-50bp-0-DBC16-PCR-FREE-ILMN-NOVASEQ-sent-sentd-SNPts	SNPts	Irl1-HG003-10x-50bp-0-DBC16-PCR-FREE-ILMN-NOVASEQ	337668665.0	337403074.0	85598.0	179993.0	2159.0	0.8040014025903253	0.6777074524362647	0.9999936011662273	0.011852738372348369	0.9881472616276517	0.9881472616276517	HG003	giabHC_x_clinvar_genes	-1	-2	sent	sentd
Irl1-HG003-10x-50bp-0-DBC16-PCR-FREE-ILMN-NOVASEQ-sent-sentd-SNPtv	SNPtv	Irl1-HG003-10x-50bp-0-DBC16-PCR-FREE-ILMN-NOVASEQ	337668665.0	337548360.0	39135.0	81170.0	1222.0	0.8008998653162108	0.6747017995927019	0.9999963797911028	0.014831537042431304	0.9851684629575687	0.9851684629575687	HG003	giabHC_x_clinvar_genes	-1	-2	sent	sentd
Irl1-HG003-10x-50bp-0-DBC16-PCR-FREE-ILMN-NOVASEQ-sent-sentd-INS_50	INS_50	Irl1-HG003-10x-50bp-0-DBC16-PCR-FREE-ILMN-NOVASEQ	337668665.0	337641767.0	9141.0	17757.0	837.0	0.7806647322606171	0.6601606067365603	0.9999975210474328	0.04501452081316554	0.9549854791868344	0.9549854791868344	HG003	giabHC_x_clinvar_genes	-1	-2	sent	sentd
Irl1-HG003-10x-50bp-0-DBC16-PCR-FREE-ILMN-NOVASEQ-sent-sentd-INS_gt50	INS_gt50	Irl1-HG003-10x-50bp-0-DBC16-PCR-FREE-ILMN-NOVASEQ	337668665.0	337668665.0	0.0	0.0	0.0			1.0				HG003	giabHC_x_clinvar_genes	-1	-2	sent	sentd
Irl1-HG003-10x-50bp-0-DBC16-PCR-FREE-ILMN-NOVASEQ-sent-sentd-DEL_50	DEL_50	Irl1-HG003-10x-50bp-0-DBC16-PCR-FREE-ILMN-NOVASEQ	337668665.0	337640123.0	9547.0	18995.0	731.0	0.787063893262617	0.6655104757900637	0.9999978349776357	0.037057690357903274	0.9629423096420967	0.9629423096420967	HG003	giabHC_x_clinvar_genes	-1	-2	sent	sentd
Irl1-HG003-10x-50bp-0-DBC16-PCR-FREE-ILMN-NOVASEQ-sent-sentd-DEL_gt50	DEL_gt50	Irl1-HG003-10x-50bp-0-DBC16-PCR-FREE-ILMN-NOVASEQ	337668665.0	337668665.0	0.0	0.0	3.0			0.9999999911155512	1.0	0.0	0.0	HG003	giabHC_x_clinvar_genes	-1	-2	sent	sentd
Irl1-HG003-10x-50bp-0-DBC16-PCR-FREE-ILMN-NOVASEQ-sent-sentd-Indel_50	Indel_50	Irl1-HG003-10x-50bp-0-DBC16-PCR-FREE-ILMN-NOVASEQ	337668665.0	337666714.0	1205.0	746.0	3.0	0.5525925925925926	0.3823680164018452	0.9999999911154999	0.004005340453938585	0.9959946595460614	0.9959946595460614	HG003	giabHC_x_clinvar_genes	-1	-2	sent	sentd
Irl1-HG003-10x-50bp-0-DBC16-PCR-FREE-ILMN-NOVASEQ-sent-sentd-Indel_gt50	Indel_gt50	Irl1-HG003-10x-50bp-0-DBC16-PCR-FREE-ILMN-NOVASEQ	337668665.0	337668628.0	37.0	0.0	0.0		0.0	1.0				HG003	giabHC_x_clinvar_genes	-1	-2	sent	sentd
Irl1-HG003-10x-50bp-0-DBC16-PCR-FREE-ILMN-NOVASEQ-sent-sentd-All	All	Irl1-HG003-10x-50bp-0-DBC16-PCR-FREE-ILMN-NOVASEQ	337668665.0	337225341.0	144663.0	298661.0	4955.0	0.799692077007524	0.6736856114264059	0.9999853067768265	0.01631995678752108	0.9836800432124789	0.9836800432124789	HG003	giabHC_x_clinvar_genes	-1	-2	sent	sentd
Irl1-HG003-10x-50bp-0-DBC16-PCR-FREE-ILMN-NOVASEQ-sent-sentd-SNPts	SNPts	Irl1-HG003-10x-50bp-0-DBC16-PCR-FREE-ILMN-NOVASEQ	3088286401.0	3085963280.0	819398.0	1503723.0	199505.0	0.7469412115045169	0.6472856988508132	0.9999353549978084	0.11713346657053547	0.8828665334294645	0.8828665334294645	HG003	hg38	-1	-2	sent	sentd
Irl1-HG003-10x-50bp-0-DBC16-PCR-FREE-ILMN-NOVASEQ-sent-sentd-SNPtv	SNPtv	Irl1-HG003-10x-50bp-0-DBC16-PCR-FREE-ILMN-NOVASEQ	3088286401.0	3087179050.0	393767.0	713584.0	130777.0	0.7312390352674984	0.6444063354798976	0.9999576404678091	0.1548828048666388	0.8451171951333611	0.8451171951333613	HG003	hg38	-1	-2	sent	sentd
Irl1-HG003-10x-50bp-0-DBC16-PCR-FREE-ILMN-NOVASEQ-sent-sentd-INS_50	INS_50	Irl1-HG003-10x-50bp-0-DBC16-PCR-FREE-ILMN-NOVASEQ	3088286401.0	3088023851.0	98200.0	164350.0	94991.0	0.6298250017724007	0.625976004570558	0.9999692398496107	0.3662783748038297	0.6337216251961704	0.6337216251961703	HG003	hg38	-1	-2	sent	sentd
Irl1-HG003-10x-50bp-0-DBC16-PCR-FREE-ILMN-NOVASEQ-sent-sentd-INS_gt50	INS_gt50	Irl1-HG003-10x-50bp-0-DBC16-PCR-FREE-ILMN-NOVASEQ	3088286401.0	3088286163.0	235.0	3.0	21.0	0.022900763358778626	0.012605042016806723	0.999999993200112	0.875	0.125	0.125	HG003	hg38	-1	-2	sent	sentd
Irl1-HG003-10x-50bp-0-DBC16-PCR-FREE-ILMN-NOVASEQ-sent-sentd-DEL_50	DEL_50	Irl1-HG003-10x-50bp-0-DBC16-PCR-FREE-ILMN-NOVASEQ	3088286401.0	3088009448.0	99102.0	177851.0	102924.0	0.6377696655000288	0.6421703321502205	0.9999666709019616	0.3665710978541537	0.6334289021458464	0.6334289021458464	HG003	hg38	-1	-2	sent	sentd
Irl1-HG003-10x-50bp-0-DBC16-PCR-FREE-ILMN-NOVASEQ-sent-sentd-DEL_gt50	DEL_gt50	Irl1-HG003-10x-50bp-0-DBC16-PCR-FREE-ILMN-NOVASEQ	3088286401.0	3088286263.0	119.0	19.0	282.0	0.08656036446469248	0.13768115942028986	0.9999999086872297	0.9368770764119602	0.06312292358803984	0.06312292358803986	HG003	hg38	-1	-2	sent	sentd
Irl1-HG003-10x-50bp-0-DBC16-PCR-FREE-ILMN-NOVASEQ-sent-sentd-Indel_50	Indel_50	Irl1-HG003-10x-50bp-0-DBC16-PCR-FREE-ILMN-NOVASEQ	3088286401.0	3088259077.0	19117.0	8207.0	6331.0	0.3920978453012279	0.30035865905431125	0.9999979499818948	0.4354794332095199	0.5645205667904801	0.5645205667904801	HG003	hg38	-1	-2	sent	sentd
Irl1-HG003-10x-50bp-0-DBC16-PCR-FREE-ILMN-NOVASEQ-sent-sentd-Indel_gt50	Indel_gt50	Irl1-HG003-10x-50bp-0-DBC16-PCR-FREE-ILMN-NOVASEQ	3088286401.0	3088284861.0	1525.0	15.0	24.0	0.018999366687777075	0.00974025974025974	0.9999999922286962	0.6153846153846154	0.3846153846153846	0.38461538461538464	HG003	hg38	-1	-2	sent	sentd
Irl1-HG003-10x-50bp-0-DBC16-PCR-FREE-ILMN-NOVASEQ-sent-sentd-All	All	Irl1-HG003-10x-50bp-0-DBC16-PCR-FREE-ILMN-NOVASEQ	3088286401.0	3084287186.0	1431463.0	2567752.0	534855.0	0.7231248544387624	0.6420640050609933	0.9998266172268963	0.17238889746590527	0.8276111025340948	0.8276111025340948	HG003	hg38	-1	-2	sent	sentd
Irl1-HG003-15x-100bp-0-DBC10-PCR-FREE-ILMN-NOVASEQ-sent-sentd-SNPts	SNPts	Irl1-HG003-15x-100bp-0-DBC10-PCR-FREE-ILMN-NOVASEQ	2528531102.0	2526276424.0	55031.0	2199647.0	18273.0	0.9836104206101242	0.9755925236330865	0.9999927668771099	0.008238800317414514	0.9917611996825855	0.9917611996825855	HG003	giabHC	-1	-2	sent	sentd
Irl1-HG003-15x-100bp-0-DBC10-PCR-FREE-ILMN-NOVASEQ-sent-sentd-SNPtv	SNPtv	Irl1-HG003-15x-100bp-0-DBC10-PCR-FREE-ILMN-NOVASEQ	2528531102.0	2527459493.0	28283.0	1043326.0	10043.0	0.9819640485689733	0.9736069779182519	0.9999960264605143	0.009534170836620406	0.9904658291633796	0.9904658291633796	HG003	giabHC	-1	-2	sent	sentd
Irl1-HG003-15x-100bp-0-DBC10-PCR-FREE-ILMN-NOVASEQ-sent-sentd-INS_50	INS_50	Irl1-HG003-15x-100bp-0-DBC10-PCR-FREE-ILMN-NOVASEQ	2528531102.0	2528300107.0	7647.0	223348.0	2732.0	0.9772925668653941	0.9668953873460464	0.9999989194332428	0.01208421797593772	0.9879157820240623	0.9879157820240623	HG003	giabHC	-1	-2	sent	sentd
Irl1-HG003-15x-100bp-0-DBC10-PCR-FREE-ILMN-NOVASEQ-sent-sentd-INS_gt50	INS_gt50	Irl1-HG003-15x-100bp-0-DBC10-PCR-FREE-ILMN-NOVASEQ	2528531102.0	2528531101.0	1.0	0.0	2.0		0.0	0.9999999992090269	1.0	0.0	0.0	HG003	giabHC	-1	-2	sent	sentd
Irl1-HG003-15x-100bp-0-DBC10-PCR-FREE-ILMN-NOVASEQ-sent-sentd-DEL_50	DEL_50	Irl1-HG003-15x-100bp-0-DBC10-PCR-FREE-ILMN-NOVASEQ	2528531102.0	2528285808.0	7519.0	237775.0	2014.0	0.9803476930752056	0.9693469876963969	0.999999203413479	0.008399050832189966	0.99160094916781	0.99160094916781	HG003	giabHC	-1	-2	sent	sentd
Irl1-HG003-15x-100bp-0-DBC10-PCR-FREE-ILMN-NOVASEQ-sent-sentd-DEL_gt50	DEL_gt50	Irl1-HG003-15x-100bp-0-DBC10-PCR-FREE-ILMN-NOVASEQ	2528531102.0	2528531102.0	0.0	0.0	9.0			0.9999999964406212	1.0	0.0	0.0	HG003	giabHC	-1	-2	sent	sentd
Irl1-HG003-15x-100bp-0-DBC10-PCR-FREE-ILMN-NOVASEQ-sent-sentd-Indel_50	Indel_50	Irl1-HG003-15x-100bp-0-DBC10-PCR-FREE-ILMN-NOVASEQ	2528531102.0	2528503241.0	874.0	26987.0	10.0	0.983885668453097	0.9686299845662395	0.9999999960450912	0.0003704115272067267	0.9996295884727933	0.9996295884727933	HG003	giabHC	-1	-2	sent	sentd
Irl1-HG003-15x-100bp-0-DBC10-PCR-FREE-ILMN-NOVASEQ-sent-sentd-Indel_gt50	Indel_gt50	Irl1-HG003-15x-100bp-0-DBC10-PCR-FREE-ILMN-NOVASEQ	2528531102.0	2528530740.0	44.0	318.0	0.0	0.9352941176470587	0.8784530386740331	1.0	0.0	1.0	1.0	HG003	giabHC	-1	-2	sent	sentd
Irl1-HG003-15x-100bp-0-DBC10-PCR-FREE-ILMN-NOVASEQ-sent-sentd-All	All	Irl1-HG003-15x-100bp-0-DBC10-PCR-FREE-ILMN-NOVASEQ	2528531102.0	2524700302.0	99399.0	3731401.0	33083.0	0.9825573342616287	0.9740526782917406	0.9999868964381758	0.008788189828938043	0.991211810171062	0.991211810171062	HG003	giabHC	-1	-2	sent	sentd
Irl1-HG003-15x-100bp-0-DBC10-PCR-FREE-ILMN-NOVASEQ-sent-sentd-SNPts	SNPts	Irl1-HG003-15x-100bp-0-DBC10-PCR-FREE-ILMN-NOVASEQ	337668665.0	337403150.0	5522.0	259993.0	2780.0	0.9842850869222848	0.9792026815810783	0.9999917606664471	0.010579473537996674	0.9894205264620033	0.9894205264620033	HG003	giabHC_x_clinvar_genes	-1	-2	sent	sentd
Irl1-HG003-15x-100bp-0-DBC10-PCR-FREE-ILMN-NOVASEQ-sent-sentd-SNPtv	SNPtv	Irl1-HG003-15x-100bp-0-DBC10-PCR-FREE-ILMN-NOVASEQ	337668665.0	337548449.0	2602.0	117614.0	1421.0	0.9831850232600908	0.9783556265388966	0.9999957902516745	0.011937665392531608	0.9880623346074684	0.9880623346074684	HG003	giabHC_x_clinvar_genes	-1	-2	sent	sentd
Irl1-HG003-15x-100bp-0-DBC10-PCR-FREE-ILMN-NOVASEQ-sent-sentd-INS_50	INS_50	Irl1-HG003-15x-100bp-0-DBC10-PCR-FREE-ILMN-NOVASEQ	337668665.0	337642164.0	811.0	25690.0	337.0	0.978144989339019	0.9693973812308969	0.9999990019029033	0.012948092365620317	0.9870519076343797	0.9870519076343797	HG003	giabHC_x_clinvar_genes	-1	-2	sent	sentd
Irl1-HG003-15x-100bp-0-DBC10-PCR-FREE-ILMN-NOVASEQ-sent-sentd-INS_gt50	INS_gt50	Irl1-HG003-15x-100bp-0-DBC10-PCR-FREE-ILMN-NOVASEQ	337668665.0	337668665.0	0.0	0.0	0.0			1.0				HG003	giabHC_x_clinvar_genes	-1	-2	sent	sentd
Irl1-HG003-15x-100bp-0-DBC10-PCR-FREE-ILMN-NOVASEQ-sent-sentd-DEL_50	DEL_50	Irl1-HG003-15x-100bp-0-DBC10-PCR-FREE-ILMN-NOVASEQ	337668665.0	337640512.0	790.0	27363.0	264.0	0.9811043384725708	0.9719390473484176	0.9999992181039177	0.009555869258334238	0.9904441307416658	0.9904441307416657	HG003	giabHC_x_clinvar_genes	-1	-2	sent	sentd
Irl1-HG003-15x-100bp-0-DBC10-PCR-FREE-ILMN-NOVASEQ-sent-sentd-DEL_gt50	DEL_gt50	Irl1-HG003-15x-100bp-0-DBC10-PCR-FREE-ILMN-NOVASEQ	337668665.0	337668665.0	0.0	0.0	2.0			0.9999999940770341	1.0	0.0	0.0	HG003	giabHC_x_clinvar_genes	-1	-2	sent	sentd
Irl1-HG003-15x-100bp-0-DBC10-PCR-FREE-ILMN-NOVASEQ-sent-sentd-Indel_50	Indel_50	Irl1-HG003-15x-100bp-0-DBC10-PCR-FREE-ILMN-NOVASEQ	337668665.0	337665852.0	92.0	2721.0	0.0	0.9833754969280809	0.967294703163882	1.0	0.0	1.0	1.0	HG003	giabHC_x_clinvar_genes	-1	-2	sent	sentd
Irl1-HG003-15x-100bp-0-DBC10-PCR-FREE-ILMN-NOVASEQ-sent-sentd-Indel_gt50	Indel_gt50	Irl1-HG003-15x-100bp-0-DBC10-PCR-FREE-ILMN-NOVASEQ	337668665.0	337668629.0	5.0	31.0	0.0	0.9253731343283582	0.8611111111111112	1.0	0.0	1.0	1.0	HG003	giabHC_x_clinvar_genes	-1	-2	sent	sentd
Irl1-HG003-15x-100bp-0-DBC10-PCR-FREE-ILMN-NOVASEQ-sent-sentd-All	All	Irl1-HG003-15x-100bp-0-DBC10-PCR-FREE-ILMN-NOVASEQ	337668665.0	337225431.0	9822.0	433412.0	4804.0	0.983406886380396	0.9778401476421033	0.9999857545394766	0.010962630301038757	0.9890373696989613	0.9890373696989613	HG003	giabHC_x_clinvar_genes	-1	-2	sent	sentd
Irl1-HG003-15x-100bp-0-DBC10-PCR-FREE-ILMN-NOVASEQ-sent-sentd-SNPts	SNPts	Irl1-HG003-15x-100bp-0-DBC10-PCR-FREE-ILMN-NOVASEQ	377862616.0	377589425.0	6360.0	266831.0	38692.0	0.9221515290799945	0.9767195844665454	0.999897539409122	0.12664185675055561	0.8733581432494444	0.8733581432494444	HG003	clinvar_genes	-1	-2	sent	sentd
Irl1-HG003-15x-100bp-0-DBC10-PCR-FREE-ILMN-NOVASEQ-sent-sentd-SNPtv	SNPtv	Irl1-HG003-15x-100bp-0-DBC10-PCR-FREE-ILMN-NOVASEQ	377862616.0	377738343.0	3038.0	121235.0	22696.0	0.9040506480141982	0.9755538210230702	0.999939919690871	0.15768666930682063	0.8423133306931794	0.8423133306931794	HG003	clinvar_genes	-1	-2	sent	sentd
Irl1-HG003-15x-100bp-0-DBC10-PCR-FREE-ILMN-NOVASEQ-sent-sentd-INS_50	INS_50	Irl1-HG003-15x-100bp-0-DBC10-PCR-FREE-ILMN-NOVASEQ	377862616.0	377833210.0	1143.0	28263.0	16907.0	0.7579650289637416	0.9611303815547847	0.9999552547445685	0.3742970998450299	0.6257029001549701	0.6257029001549701	HG003	clinvar_genes	-1	-2	sent	sentd
Irl1-HG003-15x-100bp-0-DBC10-PCR-FREE-ILMN-NOVASEQ-sent-sentd-INS_gt50	INS_gt50	Irl1-HG003-15x-100bp-0-DBC10-PCR-FREE-ILMN-NOVASEQ	377862616.0	377862586.0	22.0	8.0	107.0	0.1103448275862069	0.26666666666666666	0.999999716828356	0.9304347826086956	0.06956521739130439	0.06956521739130435	HG003	clinvar_genes	-1	-2	sent	sentd
Irl1-HG003-15x-100bp-0-DBC10-PCR-FREE-ILMN-NOVASEQ-sent-sentd-DEL_50	DEL_50	Irl1-HG003-15x-100bp-0-DBC10-PCR-FREE-ILMN-NOVASEQ	377862616.0	377831505.0	1050.0	30061.0	17461.0	0.7645899304363308	0.9662498794638552	0.9999537884139664	0.3674298219771895	0.6325701780228106	0.6325701780228105	HG003	clinvar_genes	-1	-2	sent	sentd
Irl1-HG003-15x-100bp-0-DBC10-PCR-FREE-ILMN-NOVASEQ-sent-sentd-DEL_gt50	DEL_gt50	Irl1-HG003-15x-100bp-0-DBC10-PCR-FREE-ILMN-NOVASEQ	377862616.0	377862599.0	13.0	4.0	149.0	0.047058823529411764	0.23529411764705882	0.9999996056769269	0.9738562091503268	0.02614379084967322	0.026143790849673203	HG003	clinvar_genes	-1	-2	sent	sentd
Irl1-HG003-15x-100bp-0-DBC10-PCR-FREE-ILMN-NOVASEQ-sent-sentd-Indel_50	Indel_50	Irl1-HG003-15x-100bp-0-DBC10-PCR-FREE-ILMN-NOVASEQ	377862616.0	377859031.0	168.0	3417.0	3008.0	0.6827172827172826	0.9531380753138076	0.9999920394226212	0.4681712062256809	0.5318287937743191	0.531828793774319	HG003	clinvar_genes	-1	-2	sent	sentd
Irl1-HG003-15x-100bp-0-DBC10-PCR-FREE-ILMN-NOVASEQ-sent-sentd-Indel_gt50	Indel_gt50	Irl1-HG003-15x-100bp-0-DBC10-PCR-FREE-ILMN-NOVASEQ	377862616.0	377862487.0	24.0	105.0	93.0	0.6422018348623852	0.813953488372093	0.9999997538787778	0.4696969696969697	0.5303030303030303	0.5303030303030303	HG003	clinvar_genes	-1	-2	sent	sentd
Irl1-HG003-15x-100bp-0-DBC10-PCR-FREE-ILMN-NOVASEQ-sent-sentd-All	All	Irl1-HG003-15x-100bp-0-DBC10-PCR-FREE-ILMN-NOVASEQ	377862616.0	377400874.0	11818.0	449924.0	99113.0	0.89025197397255	0.9744056204547128	0.999737448997581	0.1805215313357752	0.8194784686642248	0.8194784686642248	HG003	clinvar_genes	-1	-2	sent	sentd
Irl1-HG003-15x-100bp-0-DBC10-PCR-FREE-ILMN-NOVASEQ-sent-sentd-SNPts	SNPts	Irl1-HG003-15x-100bp-0-DBC10-PCR-FREE-ILMN-NOVASEQ	332544085.0	332287253.0	3865.0	252967.0	1878.0	0.9887761224366152	0.9849512521804137	0.9999943482954307	0.00736918519099845	0.9926308148090015	0.9926308148090015	HG003	giabHC_x_ultima_x_clinvar	-1	-2	sent	sentd
Irl1-HG003-15x-100bp-0-DBC10-PCR-FREE-ILMN-NOVASEQ-sent-sentd-SNPtv	SNPtv	Irl1-HG003-15x-100bp-0-DBC10-PCR-FREE-ILMN-NOVASEQ	332544085.0	332429484.0	1783.0	112818.0	984.0	0.987885448089561	0.9844416715386428	0.9999970399825084	0.008646596720620025	0.9913534032793799	0.9913534032793799	HG003	giabHC_x_ultima_x_clinvar	-1	-2	sent	sentd
Irl1-HG003-15x-100bp-0-DBC10-PCR-FREE-ILMN-NOVASEQ-sent-sentd-INS_50	INS_50	Irl1-HG003-15x-100bp-0-DBC10-PCR-FREE-ILMN-NOVASEQ	332544085.0	332526505.0	406.0	17174.0	123.0	0.984832411044528	0.9769055745164961	0.9999996301048107	0.00711105972133896	0.992888940278661	0.992888940278661	HG003	giabHC_x_ultima_x_clinvar	-1	-2	sent	sentd
Irl1-HG003-15x-100bp-0-DBC10-PCR-FREE-ILMN-NOVASEQ-sent-sentd-INS_gt50	INS_gt50	Irl1-HG003-15x-100bp-0-DBC10-PCR-FREE-ILMN-NOVASEQ	332544085.0	332544085.0	0.0	0.0	0.0			1.0				HG003	giabHC_x_ultima_x_clinvar	-1	-2	sent	sentd
Irl1-HG003-15x-100bp-0-DBC10-PCR-FREE-ILMN-NOVASEQ-sent-sentd-DEL_50	DEL_50	Irl1-HG003-15x-100bp-0-DBC10-PCR-FREE-ILMN-NOVASEQ	332544085.0	332525041.0	453.0	18591.0	129.0	0.984588496981252	0.9762129804662886	0.999999612059442	0.006891025641025641	0.9931089743589744	0.9931089743589744	HG003	giabHC_x_ultima_x_clinvar	-1	-2	sent	sentd
Irl1-HG003-15x-100bp-0-DBC10-PCR-FREE-ILMN-NOVASEQ-sent-sentd-DEL_gt50	DEL_gt50	Irl1-HG003-15x-100bp-0-DBC10-PCR-FREE-ILMN-NOVASEQ	332544085.0	332544085.0	0.0	0.0	2.0			0.9999999939857599	1.0	0.0	0.0	HG003	giabHC_x_ultima_x_clinvar	-1	-2	sent	sentd
Irl1-HG003-15x-100bp-0-DBC10-PCR-FREE-ILMN-NOVASEQ-sent-sentd-Indel_50	Indel_50	Irl1-HG003-15x-100bp-0-DBC10-PCR-FREE-ILMN-NOVASEQ	332544085.0	332542978.0	48.0	1059.0	0.0	0.9778393351800554	0.9566395663956639	1.0	0.0	1.0	1.0	HG003	giabHC_x_ultima_x_clinvar	-1	-2	sent	sentd
Irl1-HG003-15x-100bp-0-DBC10-PCR-FREE-ILMN-NOVASEQ-sent-sentd-Indel_gt50	Indel_gt50	Irl1-HG003-15x-100bp-0-DBC10-PCR-FREE-ILMN-NOVASEQ	332544085.0	332544061.0	2.0	22.0	0.0	0.9565217391304348	0.9166666666666666	1.0	0.0	1.0	1.0	HG003	giabHC_x_ultima_x_clinvar	-1	-2	sent	sentd
Irl1-HG003-15x-100bp-0-DBC10-PCR-FREE-ILMN-NOVASEQ-sent-sentd-All	All	Irl1-HG003-15x-100bp-0-DBC10-PCR-FREE-ILMN-NOVASEQ	332544085.0	332134897.0	6557.0	402631.0	3116.0	0.9881303416836925	0.983975580906576	0.9999906183577969	0.007679662449753172	0.9923203375502468	0.9923203375502468	HG003	giabHC_x_ultima_x_clinvar	-1	-2	sent	sentd
Irl1-HG003-15x-100bp-0-DBC10-PCR-FREE-ILMN-NOVASEQ-sent-sentd-SNPts	SNPts	Irl1-HG003-15x-100bp-0-DBC10-PCR-FREE-ILMN-NOVASEQ	2505355380.0	2503152317.0	42094.0	2160969.0	14302.0	0.9871193015425502	0.9808929658389252	0.9999942864370708	0.0065748129773255835	0.9934251870226745	0.9934251870226745	HG003	giabHC_x_ultima	-1	-2	sent	sentd
Irl1-HG003-15x-100bp-0-DBC10-PCR-FREE-ILMN-NOVASEQ-sent-sentd-SNPtv	SNPtv	Irl1-HG003-15x-100bp-0-DBC10-PCR-FREE-ILMN-NOVASEQ	2505355380.0	2504320972.0	20956.0	1013452.0	7714.0	0.9860525575824562	0.9797410692879406	0.9999969197334028	0.007554109713797757	0.9924458902862022	0.9924458902862022	HG003	giabHC_x_ultima	-1	-2	sent	sentd
Irl1-HG003-15x-100bp-0-DBC10-PCR-FREE-ILMN-NOVASEQ-sent-sentd-INS_50	INS_50	Irl1-HG003-15x-100bp-0-DBC10-PCR-FREE-ILMN-NOVASEQ	2505355380.0	2505200680.0	4175.0	150525.0	1109.0	0.9827508536434088	0.9730122818358112	0.9999995573210889	0.007313663162615245	0.9926863368373847	0.9926863368373847	HG003	giabHC_x_ultima	-1	-2	sent	sentd
Irl1-HG003-15x-100bp-0-DBC10-PCR-FREE-ILMN-NOVASEQ-sent-sentd-INS_gt50	INS_gt50	Irl1-HG003-15x-100bp-0-DBC10-PCR-FREE-ILMN-NOVASEQ	2505355380.0	2505355380.0	0.0	0.0	0.0			1.0				HG003	giabHC_x_ultima	-1	-2	sent	sentd
Irl1-HG003-15x-100bp-0-DBC10-PCR-FREE-ILMN-NOVASEQ-sent-sentd-DEL_50	DEL_50	Irl1-HG003-15x-100bp-0-DBC10-PCR-FREE-ILMN-NOVASEQ	2505355380.0	2505188702.0	4530.0	162148.0	926.0	0.9834542322715252	0.9728218481143283	0.9999996303673024	0.005678403669499736	0.9943215963305002	0.9943215963305002	HG003	giabHC_x_ultima	-1	-2	sent	sentd
Irl1-HG003-15x-100bp-0-DBC10-PCR-FREE-ILMN-NOVASEQ-sent-sentd-DEL_gt50	DEL_gt50	Irl1-HG003-15x-100bp-0-DBC10-PCR-FREE-ILMN-NOVASEQ	2505355380.0	2505355380.0	0.0	0.0	9.0			0.9999999964076953	1.0	0.0	0.0	HG003	giabHC_x_ultima	-1	-2	sent	sentd
Irl1-HG003-15x-100bp-0-DBC10-PCR-FREE-ILMN-NOVASEQ-sent-sentd-Indel_50	Indel_50	Irl1-HG003-15x-100bp-0-DBC10-PCR-FREE-ILMN-NOVASEQ	2505355380.0	2505343687.0	419.0	11274.0	2.0	0.9816709477992076	0.9641665953989567	0.9999999992017063	0.000177367860943597	0.9998226321390564	0.9998226321390564	HG003	giabHC_x_ultima	-1	-2	sent	sentd
Irl1-HG003-15x-100bp-0-DBC10-PCR-FREE-ILMN-NOVASEQ-sent-sentd-Indel_gt50	Indel_gt50	Irl1-HG003-15x-100bp-0-DBC10-PCR-FREE-ILMN-NOVASEQ	2505355380.0	2505355093.0	26.0	261.0	0.0	0.9525547445255474	0.9094076655052264	1.0	0.0	1.0	1.0	HG003	giabHC_x_ultima	-1	-2	sent	sentd
Irl1-HG003-15x-100bp-0-DBC10-PCR-FREE-ILMN-NOVASEQ-sent-sentd-All	All	Irl1-HG003-15x-100bp-0-DBC10-PCR-FREE-ILMN-NOVASEQ	2505355380.0	2501784551.0	72200.0	3498629.0	24062.0	0.9864295864394547	0.9797806055680628	0.9999903821579816	0.006830573558679998	0.99316942644132	0.99316942644132	HG003	giabHC_x_ultima	-1	-2	sent	sentd
Irl1-HG003-15x-100bp-0-DBC10-PCR-FREE-ILMN-NOVASEQ-sent-sentd-SNPts	SNPts	Irl1-HG003-15x-100bp-0-DBC10-PCR-FREE-ILMN-NOVASEQ	688815815.0	688747965.0	6246.0	61604.0	312715.0	0.2786445906429442	0.9079439941046425	0.9995461720439482	0.8354237962807124	0.1645762037192876	0.16457620371928755	HG003	hg38_m_giabHC	-1	-2	sent	sentd
Irl1-HG003-15x-100bp-0-DBC10-PCR-FREE-ILMN-NOVASEQ-sent-sentd-SNPtv	SNPtv	Irl1-HG003-15x-100bp-0-DBC10-PCR-FREE-ILMN-NOVASEQ	688815815.0	688780813.0	3346.0	31656.0	209226.0	0.22948775572341998	0.9044054625449974	0.9996963294269048	0.8685829576307071	0.13141704236929286	0.13141704236929286	HG003	hg38_m_giabHC	-1	-2	sent	sentd
Irl1-HG003-15x-100bp-0-DBC10-PCR-FREE-ILMN-NOVASEQ-sent-sentd-INS_50	INS_50	Irl1-HG003-15x-100bp-0-DBC10-PCR-FREE-ILMN-NOVASEQ	688815815.0	688787857.0	3166.0	24792.0	150671.0	0.24375064521362103	0.8867587094928107	0.9997812997910897	0.8587052540991548	0.14129474590084523	0.1412947459008452	HG003	hg38_m_giabHC	-1	-2	sent	sentd
Irl1-HG003-15x-100bp-0-DBC10-PCR-FREE-ILMN-NOVASEQ-sent-sentd-INS_gt50	INS_gt50	Irl1-HG003-15x-100bp-0-DBC10-PCR-FREE-ILMN-NOVASEQ	688815815.0	688815579.0	193.0	43.0	791.0	0.08037383177570093	0.18220338983050846	0.9999988516533078	0.9484412470023981	0.05155875299760193	0.05155875299760192	HG003	hg38_m_giabHC	-1	-2	sent	sentd
Irl1-HG003-15x-100bp-0-DBC10-PCR-FREE-ILMN-NOVASEQ-sent-sentd-DEL_50	DEL_50	Irl1-HG003-15x-100bp-0-DBC10-PCR-FREE-ILMN-NOVASEQ	688815815.0	688787507.0	2512.0	25796.0	160017.0	0.24094787526678837	0.9112618341104988	0.9997677370272399	0.8611722538250822	0.13882774617491778	0.1388277461749178	HG003	hg38_m_giabHC	-1	-2	sent	sentd
Irl1-HG003-15x-100bp-0-DBC10-PCR-FREE-ILMN-NOVASEQ-sent-sentd-DEL_gt50	DEL_gt50	Irl1-HG003-15x-100bp-0-DBC10-PCR-FREE-ILMN-NOVASEQ	688815815.0	688815679.0	79.0	57.0	1082.0	0.08941176470588234	0.41911764705882354	0.9999984291903722	0.9499561018437226	0.05004389815627741	0.05004389815627744	HG003	hg38_m_giabHC	-1	-2	sent	sentd
Irl1-HG003-15x-100bp-0-DBC10-PCR-FREE-ILMN-NOVASEQ-sent-sentd-Indel_50	Indel_50	Irl1-HG003-15x-100bp-0-DBC10-PCR-FREE-ILMN-NOVASEQ	688815815.0	688808063.0	702.0	7050.0	27453.0	0.3336883209087682	0.9094427244582043	0.9999601457831916	0.7956699417441961	0.20433005825580386	0.20433005825580383	HG003	hg38_m_giabHC	-1	-2	sent	sentd
Irl1-HG003-15x-100bp-0-DBC10-PCR-FREE-ILMN-NOVASEQ-sent-sentd-Indel_gt50	Indel_gt50	Irl1-HG003-15x-100bp-0-DBC10-PCR-FREE-ILMN-NOVASEQ	688815815.0	688814994.0	180.0	641.0	861.0	0.5518725785622041	0.7807551766138855	0.9999987500287723	0.5732356857523302	0.4267643142476698	0.42676431424766975	HG003	hg38_m_giabHC	-1	-2	sent	sentd
Irl1-HG003-15x-100bp-0-DBC10-PCR-FREE-ILMN-NOVASEQ-sent-sentd-All	All	Irl1-HG003-15x-100bp-0-DBC10-PCR-FREE-ILMN-NOVASEQ	688815815.0	688647752.0	16424.0	151639.0	862816.0	0.2564679776544628	0.9022747422097666	0.9987486544223642	0.850521708700731	0.14947829129926904	0.14947829129926907	HG003	hg38_m_giabHC	-1	-2	sent	sentd
Irl1-HG003-15x-100bp-0-DBC10-PCR-FREE-ILMN-NOVASEQ-sent-sentd-SNPts	SNPts	Irl1-HG003-15x-100bp-0-DBC10-PCR-FREE-ILMN-NOVASEQ	2799325643.0	2797071534.0	44501.0	2209608.0	175097.0	0.9526607447507056	0.9802578313648541	0.9999374038034189	0.07342501483411995	0.92657498516588	0.9265749851658801	HG003	ultima	-1	-2	sent	sentd
Irl1-HG003-15x-100bp-0-DBC10-PCR-FREE-ILMN-NOVASEQ-sent-sentd-SNPtv	SNPtv	Irl1-HG003-15x-100bp-0-DBC10-PCR-FREE-ILMN-NOVASEQ	2799325643.0	2798266949.0	22165.0	1036529.0	96479.0	0.945866728232214	0.9790638276971438	0.9999655230628607	0.08515297332410715	0.9148470266758928	0.9148470266758928	HG003	ultima	-1	-2	sent	sentd
Irl1-HG003-15x-100bp-0-DBC10-PCR-FREE-ILMN-NOVASEQ-sent-sentd-INS_50	INS_50	Irl1-HG003-15x-100bp-0-DBC10-PCR-FREE-ILMN-NOVASEQ	2799325643.0	2799160320.0	4894.0	160429.0	27561.0	0.9081409401861805	0.9703973433823485	0.9999901539299355	0.14660886217351987	0.8533911378264801	0.8533911378264801	HG003	ultima	-1	-2	sent	sentd
Irl1-HG003-15x-100bp-0-DBC10-PCR-FREE-ILMN-NOVASEQ-sent-sentd-INS_gt50	INS_gt50	Irl1-HG003-15x-100bp-0-DBC10-PCR-FREE-ILMN-NOVASEQ	2799325643.0	2799325547.0	78.0	18.0	154.0	0.13432835820895522	0.1875	0.9999999449867516	0.8953488372093024	0.10465116279069764	0.10465116279069768	HG003	ultima	-1	-2	sent	sentd
Irl1-HG003-15x-100bp-0-DBC10-PCR-FREE-ILMN-NOVASEQ-sent-sentd-DEL_50	DEL_50	Irl1-HG003-15x-100bp-0-DBC10-PCR-FREE-ILMN-NOVASEQ	2799325643.0	2799146521.0	5394.0	173728.0	35758.0	0.8941040843214756	0.9698864461093556	0.9999872255550243	0.17069398432353475	0.8293060156764652	0.8293060156764652	HG003	ultima	-1	-2	sent	sentd
Irl1-HG003-15x-100bp-0-DBC10-PCR-FREE-ILMN-NOVASEQ-sent-sentd-DEL_gt50	DEL_gt50	Irl1-HG003-15x-100bp-0-DBC10-PCR-FREE-ILMN-NOVASEQ	2799325643.0	2799325555.0	49.0	39.0	355.0	0.16182572614107887	0.4431818181818182	0.9999998731837552	0.9010152284263959	0.09898477157360408	0.09898477157360407	HG003	ultima	-1	-2	sent	sentd
Irl1-HG003-15x-100bp-0-DBC10-PCR-FREE-ILMN-NOVASEQ-sent-sentd-Indel_50	Indel_50	Irl1-HG003-15x-100bp-0-DBC10-PCR-FREE-ILMN-NOVASEQ	2799325643.0	2799311080.0	599.0	13964.0	2063.0	0.9129780974174567	0.9588683650346769	0.9999992630335034	0.12872028451987272	0.8712797154801273	0.8712797154801273	HG003	ultima	-1	-2	sent	sentd
Irl1-HG003-15x-100bp-0-DBC10-PCR-FREE-ILMN-NOVASEQ-sent-sentd-Indel_gt50	Indel_gt50	Irl1-HG003-15x-100bp-0-DBC10-PCR-FREE-ILMN-NOVASEQ	2799325643.0	2799324919.0	82.0	642.0	227.0	0.8060263653483993	0.8867403314917127	0.999999918909027	0.2612197928653625	0.7387802071346374	0.7387802071346375	HG003	ultima	-1	-2	sent	sentd
Irl1-HG003-15x-100bp-0-DBC10-PCR-FREE-ILMN-NOVASEQ-sent-sentd-All	All	Irl1-HG003-15x-100bp-0-DBC10-PCR-FREE-ILMN-NOVASEQ	2799325643.0	2795652924.0	77762.0	3594957.0	337694.0	0.9453733348936344	0.9788271305264574	0.9998792220553867	0.08586930292059987	0.9141306970794001	0.9141306970794001	HG003	ultima	-1	-2	sent	sentd
Irl1-HG003-15x-100bp-0-DBC10-PCR-FREE-ILMN-NOVASEQ-sent-sentd-SNPts	SNPts	Irl1-HG003-15x-100bp-0-DBC10-PCR-FREE-ILMN-NOVASEQ	3088286401.0	3085963905.0	61277.0	2261219.0	330988.0	0.9201854110004206	0.9736158856678332	0.9998927555494613	0.12768579052521653	0.8723142094747834	0.8723142094747834	HG003	hg38	-1	-2	sent	sentd
Irl1-HG003-15x-100bp-0-DBC10-PCR-FREE-ILMN-NOVASEQ-sent-sentd-SNPtv	SNPtv	Irl1-HG003-15x-100bp-0-DBC10-PCR-FREE-ILMN-NOVASEQ	3088286401.0	3087179804.0	31629.0	1074968.0	219269.0	0.8954954819866763	0.9714177790107871	0.9999289793788184	0.16941951126416568	0.8305804887358343	0.8305804887358343	HG003	hg38	-1	-2	sent	sentd
Irl1-HG003-15x-100bp-0-DBC10-PCR-FREE-ILMN-NOVASEQ-sent-sentd-INS_50	INS_50	Irl1-HG003-15x-100bp-0-DBC10-PCR-FREE-ILMN-NOVASEQ	3088286401.0	3088027377.0	10818.0	248206.0	153403.0	0.7514187150808391	0.9582355302983507	0.99995032577076	0.38197102156575174	0.6180289784342483	0.6180289784342482	HG003	hg38	-1	-2	sent	sentd
Irl1-HG003-15x-100bp-0-DBC10-PCR-FREE-ILMN-NOVASEQ-sent-sentd-INS_gt50	INS_gt50	Irl1-HG003-15x-100bp-0-DBC10-PCR-FREE-ILMN-NOVASEQ	3088286401.0	3088286164.0	194.0	43.0	793.0	0.08014911463187326	0.18143459915611815	0.9999997432233432	0.9485645933014354	0.05143540669856461	0.05143540669856459	HG003	hg38	-1	-2	sent	sentd
Irl1-HG003-15x-100bp-0-DBC10-PCR-FREE-ILMN-NOVASEQ-sent-sentd-DEL_50	DEL_50	Irl1-HG003-15x-100bp-0-DBC10-PCR-FREE-ILMN-NOVASEQ	3088286401.0	3088012997.0	10015.0	263389.0	162024.0	0.7538139455680098	0.9633692264926629	0.9999475340617361	0.3808628321184355	0.6191371678815645	0.6191371678815645	HG003	hg38	-1	-2	sent	sentd
Irl1-HG003-15x-100bp-0-DBC10-PCR-FREE-ILMN-NOVASEQ-sent-sentd-DEL_gt50	DEL_gt50	Irl1-HG003-15x-100bp-0-DBC10-PCR-FREE-ILMN-NOVASEQ	3088286401.0	3088286265.0	79.0	57.0	1091.0	0.08878504672897197	0.41911764705882354	0.999999646729765	0.9503484320557491	0.04965156794425085	0.04965156794425087	HG003	hg38	-1	-2	sent	sentd
Irl1-HG003-15x-100bp-0-DBC10-PCR-FREE-ILMN-NOVASEQ-sent-sentd-Indel_50	Indel_50	Irl1-HG003-15x-100bp-0-DBC10-PCR-FREE-ILMN-NOVASEQ	3088286401.0	3088250789.0	1575.0	34037.0	27463.0	0.7009844303484636	0.9557733348309558	0.999991107342746	0.4465528455284553	0.5534471544715447	0.5534471544715447	HG003	hg38	-1	-2	sent	sentd
Irl1-HG003-15x-100bp-0-DBC10-PCR-FREE-ILMN-NOVASEQ-sent-sentd-Indel_gt50	Indel_gt50	Irl1-HG003-15x-100bp-0-DBC10-PCR-FREE-ILMN-NOVASEQ	3088286401.0	3088285220.0	222.0	959.0	861.0	0.6391202932355882	0.8120237087214225	0.9999997212045849	0.47307692307692306	0.5269230769230769	0.5269230769230769	HG003	hg38	-1	-2	sent	sentd
Irl1-HG003-15x-100bp-0-DBC10-PCR-FREE-ILMN-NOVASEQ-sent-sentd-All	All	Irl1-HG003-15x-100bp-0-DBC10-PCR-FREE-ILMN-NOVASEQ	3088286401.0	3084287714.0	115809.0	3882878.0	895892.0	0.8847387119071047	0.9710382433033643	0.9997096146892983	0.18747334565170534	0.8125266543482946	0.8125266543482946	HG003	hg38	-1	-2	sent	sentd
Irl1-HG003-15x-150bp-0-DBC4-PCR-FREE-ILMN-NOVASEQ-sent-sentd-SNPts	SNPts	Irl1-HG003-15x-150bp-0-DBC4-PCR-FREE-ILMN-NOVASEQ	2799325643.0	2797071543.0	7936.0	2246164.0	164677.0	0.9629978171213741	0.9964793043786877	0.9999411286759329	0.0683068688478419	0.9316931311521581	0.9316931311521581	HG003	ultima	-1	-2	sent	sentd
Irl1-HG003-15x-150bp-0-DBC4-PCR-FREE-ILMN-NOVASEQ-sent-sentd-SNPtv	SNPtv	Irl1-HG003-15x-150bp-0-DBC4-PCR-FREE-ILMN-NOVASEQ	2799325643.0	2798266987.0	4207.0	1054449.0	89414.0	0.9574936697481383	0.9960260934618989	0.9999680476725666	0.07816845199119125	0.9218315480088087	0.9218315480088087	HG003	ultima	-1	-2	sent	sentd
Irl1-HG003-15x-150bp-0-DBC4-PCR-FREE-ILMN-NOVASEQ-sent-sentd-INS_50	INS_50	Irl1-HG003-15x-150bp-0-DBC4-PCR-FREE-ILMN-NOVASEQ	2799325643.0	2799161216.0	1024.0	163403.0	28220.0	0.9178654683330993	0.9937723123331327	0.9999899185101098	0.1472683341770038	0.8527316658229962	0.8527316658229962	HG003	ultima	-1	-2	sent	sentd
Irl1-HG003-15x-150bp-0-DBC4-PCR-FREE-ILMN-NOVASEQ-sent-sentd-INS_gt50	INS_gt50	Irl1-HG003-15x-150bp-0-DBC4-PCR-FREE-ILMN-NOVASEQ	2799325643.0	2799325547.0	65.0	31.0	298.0	0.1458823529411765	0.3229166666666667	0.9999998935457977	0.9057750759878419	0.0942249240121581	0.09422492401215805	HG003	ultima	-1	-2	sent	sentd
Irl1-HG003-15x-150bp-0-DBC4-PCR-FREE-ILMN-NOVASEQ-sent-sentd-DEL_50	DEL_50	Irl1-HG003-15x-150bp-0-DBC4-PCR-FREE-ILMN-NOVASEQ	2799325643.0	2799147821.0	1199.0	176623.0	36517.0	0.9035302663685986	0.9932573022460663	0.999986954414004	0.17132870413812518	0.8286712958618748	0.8286712958618748	HG003	ultima	-1	-2	sent	sentd
Irl1-HG003-15x-150bp-0-DBC4-PCR-FREE-ILMN-NOVASEQ-sent-sentd-DEL_gt50	DEL_gt50	Irl1-HG003-15x-150bp-0-DBC4-PCR-FREE-ILMN-NOVASEQ	2799325643.0	2799325555.0	37.0	51.0	590.0	0.139917695473251	0.5795454545454546	0.999999789234991	0.9204368174726989	0.0795631825273011	0.07956318252730109	HG003	ultima	-1	-2	sent	sentd
Irl1-HG003-15x-150bp-0-DBC4-PCR-FREE-ILMN-NOVASEQ-sent-sentd-Indel_50	Indel_50	Irl1-HG003-15x-150bp-0-DBC4-PCR-FREE-ILMN-NOVASEQ	2799325643.0	2799308868.0	104.0	16671.0	2500.0	0.9275580036721749	0.9938002980625932	0.9999991069232138	0.13040529967137865	0.8695947003286213	0.8695947003286214	HG003	ultima	-1	-2	sent	sentd
Irl1-HG003-15x-150bp-0-DBC4-PCR-FREE-ILMN-NOVASEQ-sent-sentd-Indel_gt50	Indel_gt50	Irl1-HG003-15x-150bp-0-DBC4-PCR-FREE-ILMN-NOVASEQ	2799325643.0	2799324764.0	21.0	858.0	392.0	0.8060122123062471	0.9761092150170648	0.9999998599662496	0.3136	0.6864	0.6864	HG003	ultima	-1	-2	sent	sentd
Irl1-HG003-15x-150bp-0-DBC4-PCR-FREE-ILMN-NOVASEQ-sent-sentd-All	All	Irl1-HG003-15x-150bp-0-DBC4-PCR-FREE-ILMN-NOVASEQ	2799325643.0	2795652800.0	14593.0	3658250.0	322608.0	0.9559427524017465	0.9960267836114965	0.999884617010909	0.08103981603965778	0.9189601839603422	0.9189601839603422	HG003	ultima	-1	-2	sent	sentd
Irl1-HG003-15x-150bp-0-DBC4-PCR-FREE-ILMN-NOVASEQ-sent-sentd-SNPts	SNPts	Irl1-HG003-15x-150bp-0-DBC4-PCR-FREE-ILMN-NOVASEQ	337668665.0	337403169.0	1855.0	263641.0	1933.0	0.9928672303086221	0.9930130774098291	0.9999942709817115	0.007278573956787939	0.992721426043212	0.992721426043212	HG003	giabHC_x_clinvar_genes	-1	-2	sent	sentd
Irl1-HG003-15x-150bp-0-DBC4-PCR-FREE-ILMN-NOVASEQ-sent-sentd-SNPtv	SNPtv	Irl1-HG003-15x-150bp-0-DBC4-PCR-FREE-ILMN-NOVASEQ	337668665.0	337548459.0	921.0	119285.0	895.0	0.9924454835140151	0.9923381528376287	0.9999973485358825	0.00744716258944916	0.9925528374105509	0.9925528374105509	HG003	giabHC_x_clinvar_genes	-1	-2	sent	sentd
Irl1-HG003-15x-150bp-0-DBC4-PCR-FREE-ILMN-NOVASEQ-sent-sentd-INS_50	INS_50	Irl1-HG003-15x-150bp-0-DBC4-PCR-FREE-ILMN-NOVASEQ	337668665.0	337642313.0	280.0	26072.0	149.0	0.9918399178285432	0.9893746205221615	0.9999995587047935	0.005682468250638801	0.9943175317493612	0.9943175317493612	HG003	giabHC_x_clinvar_genes	-1	-2	sent	sentd
Irl1-HG003-15x-150bp-0-DBC4-PCR-FREE-ILMN-NOVASEQ-sent-sentd-INS_gt50	INS_gt50	Irl1-HG003-15x-150bp-0-DBC4-PCR-FREE-ILMN-NOVASEQ	337668665.0	337668665.0	0.0	0.0	0.0			1.0				HG003	giabHC_x_clinvar_genes	-1	-2	sent	sentd
Irl1-HG003-15x-150bp-0-DBC4-PCR-FREE-ILMN-NOVASEQ-sent-sentd-DEL_50	DEL_50	Irl1-HG003-15x-150bp-0-DBC4-PCR-FREE-ILMN-NOVASEQ	337668665.0	337640651.0	235.0	27779.0	104.0	0.993935273807181	0.9916113371885485	0.999999691980312	0.003729871247713661	0.9962701287522864	0.9962701287522864	HG003	giabHC_x_clinvar_genes	-1	-2	sent	sentd
Irl1-HG003-15x-150bp-0-DBC4-PCR-FREE-ILMN-NOVASEQ-sent-sentd-DEL_gt50	DEL_gt50	Irl1-HG003-15x-150bp-0-DBC4-PCR-FREE-ILMN-NOVASEQ	337668665.0	337668665.0	0.0	0.0	0.0			1.0				HG003	giabHC_x_clinvar_genes	-1	-2	sent	sentd
Irl1-HG003-15x-150bp-0-DBC4-PCR-FREE-ILMN-NOVASEQ-sent-sentd-Indel_50	Indel_50	Irl1-HG003-15x-150bp-0-DBC4-PCR-FREE-ILMN-NOVASEQ	337668665.0	337665555.0	23.0	3087.0	1.0	0.9961277831558567	0.9926045016077171	0.9999999970384897	0.0003238341968911917	0.9996761658031088	0.9996761658031088	HG003	giabHC_x_clinvar_genes	-1	-2	sent	sentd
Irl1-HG003-15x-150bp-0-DBC4-PCR-FREE-ILMN-NOVASEQ-sent-sentd-Indel_gt50	Indel_gt50	Irl1-HG003-15x-150bp-0-DBC4-PCR-FREE-ILMN-NOVASEQ	337668665.0	337668626.0	1.0	38.0	0.0	0.9870129870129869	0.9743589743589743	1.0	0.0	1.0	1.0	HG003	giabHC_x_clinvar_genes	-1	-2	sent	sentd
Irl1-HG003-15x-150bp-0-DBC4-PCR-FREE-ILMN-NOVASEQ-sent-sentd-All	All	Irl1-HG003-15x-150bp-0-DBC4-PCR-FREE-ILMN-NOVASEQ	337668665.0	337225448.0	3315.0	439902.0	3082.0	0.9927815473013459	0.9925205937497885	0.9999908607969794	0.0069573618911743995	0.9930426381088256	0.9930426381088256	HG003	giabHC_x_clinvar_genes	-1	-2	sent	sentd
Irl1-HG003-15x-150bp-0-DBC4-PCR-FREE-ILMN-NOVASEQ-sent-sentd-SNPts	SNPts	Irl1-HG003-15x-150bp-0-DBC4-PCR-FREE-ILMN-NOVASEQ	332544085.0	332287267.0	732.0	256086.0	1008.0	0.9966142063232616	0.9971497324953859	0.9999969664894135	0.003920744941538892	0.9960792550584611	0.9960792550584611	HG003	giabHC_x_ultima_x_clinvar	-1	-2	sent	sentd
Irl1-HG003-15x-150bp-0-DBC4-PCR-FREE-ILMN-NOVASEQ-sent-sentd-SNPtv	SNPtv	Irl1-HG003-15x-150bp-0-DBC4-PCR-FREE-ILMN-NOVASEQ	332544085.0	332429490.0	403.0	114192.0	460.0	0.9962355014460386	0.996483267158253	0.9999986162498294	0.004012141087813558	0.9959878589121864	0.9959878589121864	HG003	giabHC_x_ultima_x_clinvar	-1	-2	sent	sentd
Irl1-HG003-15x-150bp-0-DBC4-PCR-FREE-ILMN-NOVASEQ-sent-sentd-INS_50	INS_50	Irl1-HG003-15x-150bp-0-DBC4-PCR-FREE-ILMN-NOVASEQ	332544085.0	332526556.0	88.0	17441.0	55.0	0.9959172019985724	0.994979747846426	0.9999998345997037	0.003143575674439872	0.9968564243255601	0.9968564243255601	HG003	giabHC_x_ultima_x_clinvar	-1	-2	sent	sentd
Irl1-HG003-15x-150bp-0-DBC4-PCR-FREE-ILMN-NOVASEQ-sent-sentd-INS_gt50	INS_gt50	Irl1-HG003-15x-150bp-0-DBC4-PCR-FREE-ILMN-NOVASEQ	332544085.0	332544085.0	0.0	0.0	0.0			1.0				HG003	giabHC_x_ultima_x_clinvar	-1	-2	sent	sentd
Irl1-HG003-15x-150bp-0-DBC4-PCR-FREE-ILMN-NOVASEQ-sent-sentd-DEL_50	DEL_50	Irl1-HG003-15x-150bp-0-DBC4-PCR-FREE-ILMN-NOVASEQ	332544085.0	332525118.0	103.0	18864.0	39.0	0.9962503300765777	0.9945695154742448	0.9999998827156407	0.0020631645770512615	0.9979368354229488	0.9979368354229488	HG003	giabHC_x_ultima_x_clinvar	-1	-2	sent	sentd
Irl1-HG003-15x-150bp-0-DBC4-PCR-FREE-ILMN-NOVASEQ-sent-sentd-DEL_gt50	DEL_gt50	Irl1-HG003-15x-150bp-0-DBC4-PCR-FREE-ILMN-NOVASEQ	332544085.0	332544085.0	0.0	0.0	0.0			1.0				HG003	giabHC_x_ultima_x_clinvar	-1	-2	sent	sentd
Irl1-HG003-15x-150bp-0-DBC4-PCR-FREE-ILMN-NOVASEQ-sent-sentd-Indel_50	Indel_50	Irl1-HG003-15x-150bp-0-DBC4-PCR-FREE-ILMN-NOVASEQ	332544085.0	332542842.0	7.0	1236.0	0.0	0.9971762807583703	0.9943684633950121	1.0	0.0	1.0	1.0	HG003	giabHC_x_ultima_x_clinvar	-1	-2	sent	sentd
Irl1-HG003-15x-150bp-0-DBC4-PCR-FREE-ILMN-NOVASEQ-sent-sentd-Indel_gt50	Indel_gt50	Irl1-HG003-15x-150bp-0-DBC4-PCR-FREE-ILMN-NOVASEQ	332544085.0	332544059.0	1.0	25.0	0.0	0.9803921568627451	0.9615384615384616	1.0	0.0	1.0	1.0	HG003	giabHC_x_ultima_x_clinvar	-1	-2	sent	sentd
Irl1-HG003-15x-150bp-0-DBC4-PCR-FREE-ILMN-NOVASEQ-sent-sentd-All	All	Irl1-HG003-15x-150bp-0-DBC4-PCR-FREE-ILMN-NOVASEQ	332544085.0	332134907.0	1334.0	407844.0	1562.0	0.9964621834778105	0.996739805170366	0.9999952971138499	0.003815283606004797	0.9961847163939952	0.9961847163939952	HG003	giabHC_x_ultima_x_clinvar	-1	-2	sent	sentd
Irl1-HG003-15x-150bp-0-DBC4-PCR-FREE-ILMN-NOVASEQ-sent-sentd-SNPts	SNPts	Irl1-HG003-15x-150bp-0-DBC4-PCR-FREE-ILMN-NOVASEQ	688815815.0	688748071.0	3820.0	63924.0	323053.0	0.2811570171599728	0.9436112423240435	0.9995311761170245	0.8348118880450259	0.16518811195497407	0.16518811195497407	HG003	hg38_m_giabHC	-1	-2	sent	sentd
Irl1-HG003-15x-150bp-0-DBC4-PCR-FREE-ILMN-NOVASEQ-sent-sentd-SNPtv	SNPtv	Irl1-HG003-15x-150bp-0-DBC4-PCR-FREE-ILMN-NOVASEQ	688815815.0	688780873.0	2072.0	32870.0	223114.0	0.22596811560328053	0.9407017343025585	0.9996761789420531	0.8715935370960685	0.12840646290393154	0.12840646290393148	HG003	hg38_m_giabHC	-1	-2	sent	sentd
Irl1-HG003-15x-150bp-0-DBC4-PCR-FREE-ILMN-NOVASEQ-sent-sentd-INS_50	INS_50	Irl1-HG003-15x-150bp-0-DBC4-PCR-FREE-ILMN-NOVASEQ	688815815.0	688788438.0	1588.0	25789.0	163733.0	0.2377973158013638	0.9419951053804289	0.9997623448957823	0.863926087736516	0.13607391226348398	0.13607391226348392	HG003	hg38_m_giabHC	-1	-2	sent	sentd
Irl1-HG003-15x-150bp-0-DBC4-PCR-FREE-ILMN-NOVASEQ-sent-sentd-INS_gt50	INS_gt50	Irl1-HG003-15x-150bp-0-DBC4-PCR-FREE-ILMN-NOVASEQ	688815815.0	688815583.0	160.0	72.0	1376.0	0.08571428571428572	0.3103448275862069	0.9999980023720642	0.9502762430939227	0.04972375690607733	0.049723756906077346	HG003	hg38_m_giabHC	-1	-2	sent	sentd
Irl1-HG003-15x-150bp-0-DBC4-PCR-FREE-ILMN-NOVASEQ-sent-sentd-DEL_50	DEL_50	Irl1-HG003-15x-150bp-0-DBC4-PCR-FREE-ILMN-NOVASEQ	688815815.0	688788222.0	1188.0	26405.0	170717.0	0.23500878891039767	0.9569456021454716	0.999752210196666	0.8660474224084577	0.13395257759154233	0.1339525775915423	HG003	hg38_m_giabHC	-1	-2	sent	sentd
Irl1-HG003-15x-150bp-0-DBC4-PCR-FREE-ILMN-NOVASEQ-sent-sentd-DEL_gt50	DEL_gt50	Irl1-HG003-15x-150bp-0-DBC4-PCR-FREE-ILMN-NOVASEQ	688815815.0	688815678.0	60.0	77.0	1645.0	0.08284023668639054	0.5620437956204379	0.9999976118486787	0.9552845528455285	0.04471544715447151	0.044715447154471545	HG003	hg38_m_giabHC	-1	-2	sent	sentd
Irl1-HG003-15x-150bp-0-DBC4-PCR-FREE-ILMN-NOVASEQ-sent-sentd-Indel_50	Indel_50	Irl1-HG003-15x-150bp-0-DBC4-PCR-FREE-ILMN-NOVASEQ	688815815.0	688806756.0	252.0	8807.0	34871.0	0.33399700400098603	0.9721823600838945	0.9999493773334346	0.7983653097669308	0.20163469023306924	0.2016346902330693	HG003	hg38_m_giabHC	-1	-2	sent	sentd
Irl1-HG003-15x-150bp-0-DBC4-PCR-FREE-ILMN-NOVASEQ-sent-sentd-Indel_gt50	Indel_gt50	Irl1-HG003-15x-150bp-0-DBC4-PCR-FREE-ILMN-NOVASEQ	688815815.0	688814817.0	62.0	936.0	1667.0	0.51985559566787	0.9378757515030061	0.9999975799069292	0.6404149058778332	0.35958509412216677	0.3595850941221667	HG003	hg38_m_giabHC	-1	-2	sent	sentd
Irl1-HG003-15x-150bp-0-DBC4-PCR-FREE-ILMN-NOVASEQ-sent-sentd-All	All	Irl1-HG003-15x-150bp-0-DBC4-PCR-FREE-ILMN-NOVASEQ	688815815.0	688647733.0	9202.0	158880.0	920176.0	0.2547913703214881	0.9452529122690115	0.9986655759527232	0.852760190388636	0.14723980961136396	0.14723980961136401	HG003	hg38_m_giabHC	-1	-2	sent	sentd
Irl1-HG003-15x-150bp-0-DBC4-PCR-FREE-ILMN-NOVASEQ-sent-sentd-SNPts	SNPts	Irl1-HG003-15x-150bp-0-DBC4-PCR-FREE-ILMN-NOVASEQ	377862616.0	377589442.0	2409.0	270765.0	37929.0	0.9306749984532574	0.9911814447934284	0.9998995597170313	0.1228692491593617	0.8771307508406383	0.8771307508406383	HG003	clinvar_genes	-1	-2	sent	sentd
Irl1-HG003-15x-150bp-0-DBC4-PCR-FREE-ILMN-NOVASEQ-sent-sentd-SNPtv	SNPtv	Irl1-HG003-15x-150bp-0-DBC4-PCR-FREE-ILMN-NOVASEQ	377862616.0	377738343.0	1231.0	123042.0	22266.0	0.912838812824346	0.9900943889662276	0.9999410579095079	0.15323313238087374	0.8467668676191262	0.8467668676191262	HG003	clinvar_genes	-1	-2	sent	sentd
Irl1-HG003-15x-150bp-0-DBC4-PCR-FREE-ILMN-NOVASEQ-sent-sentd-INS_50	INS_50	Irl1-HG003-15x-150bp-0-DBC4-PCR-FREE-ILMN-NOVASEQ	377862616.0	377833401.0	447.0	28768.0	17922.0	0.758000131743627	0.9846996405955845	0.999952568645631	0.3838509316770186	0.6161490683229813	0.6161490683229813	HG003	clinvar_genes	-1	-2	sent	sentd
Irl1-HG003-15x-150bp-0-DBC4-PCR-FREE-ILMN-NOVASEQ-sent-sentd-INS_gt50	INS_gt50	Irl1-HG003-15x-150bp-0-DBC4-PCR-FREE-ILMN-NOVASEQ	377862616.0	377862586.0	17.0	13.0	186.0	0.11353711790393013	0.43333333333333335	0.9999995077578058	0.9346733668341709	0.0653266331658291	0.06532663316582915	HG003	clinvar_genes	-1	-2	sent	sentd
Irl1-HG003-15x-150bp-0-DBC4-PCR-FREE-ILMN-NOVASEQ-sent-sentd-DEL_50	DEL_50	Irl1-HG003-15x-150bp-0-DBC4-PCR-FREE-ILMN-NOVASEQ	377862616.0	377831710.0	372.0	30534.0	18219.0	0.7666177079802659	0.9879635022325762	0.9999517824442942	0.3737000799950772	0.6262999200049228	0.6262999200049227	HG003	clinvar_genes	-1	-2	sent	sentd
Irl1-HG003-15x-150bp-0-DBC4-PCR-FREE-ILMN-NOVASEQ-sent-sentd-DEL_gt50	DEL_gt50	Irl1-HG003-15x-150bp-0-DBC4-PCR-FREE-ILMN-NOVASEQ	377862616.0	377862599.0	10.0	7.0	201.0	0.06222222222222222	0.4117647058823529	0.999999468060894	0.9663461538461539	0.033653846153846145	0.03365384615384615	HG003	clinvar_genes	-1	-2	sent	sentd
Irl1-HG003-15x-150bp-0-DBC4-PCR-FREE-ILMN-NOVASEQ-sent-sentd-Indel_50	Indel_50	Irl1-HG003-15x-150bp-0-DBC4-PCR-FREE-ILMN-NOVASEQ	377862616.0	377858624.0	57.0	3935.0	3710.0	0.6762911403282633	0.9857214428857716	0.9999901816093689	0.48528449967298887	0.5147155003270112	0.5147155003270111	HG003	clinvar_genes	-1	-2	sent	sentd
Irl1-HG003-15x-150bp-0-DBC4-PCR-FREE-ILMN-NOVASEQ-sent-sentd-Indel_gt50	Indel_gt50	Irl1-HG003-15x-150bp-0-DBC4-PCR-FREE-ILMN-NOVASEQ	377862616.0	377862466.0	7.0	143.0	180.0	0.6046511627906977	0.9533333333333334	0.9999995236364274	0.5572755417956656	0.44272445820433437	0.44272445820433437	HG003	clinvar_genes	-1	-2	sent	sentd
Irl1-HG003-15x-150bp-0-DBC4-PCR-FREE-ILMN-NOVASEQ-sent-sentd-All	All	Irl1-HG003-15x-150bp-0-DBC4-PCR-FREE-ILMN-NOVASEQ	377862616.0	377400859.0	4550.0	457207.0	100613.0	0.8968562452860352	0.9901463323782855	0.9997334765359538	0.18036821913879028	0.8196317808612097	0.8196317808612097	HG003	clinvar_genes	-1	-2	sent	sentd
Irl1-HG003-15x-150bp-0-DBC4-PCR-FREE-ILMN-NOVASEQ-sent-sentd-SNPts	SNPts	Irl1-HG003-15x-150bp-0-DBC4-PCR-FREE-ILMN-NOVASEQ	2505355380.0	2503152326.0	6772.0	2196282.0	8791.0	0.9964694755845283	0.9969260853342677	0.9999964880406857	0.00398671608604341	0.9960132839139566	0.9960132839139566	HG003	giabHC_x_ultima	-1	-2	sent	sentd
Irl1-HG003-15x-150bp-0-DBC4-PCR-FREE-ILMN-NOVASEQ-sent-sentd-SNPtv	SNPtv	Irl1-HG003-15x-150bp-0-DBC4-PCR-FREE-ILMN-NOVASEQ	2505355380.0	2504321015.0	3565.0	1030800.0	4409.0	0.9961470331575483	0.9965534410000338	0.9999982394460569	0.004259043342938479	0.9957409566570615	0.9957409566570615	HG003	giabHC_x_ultima	-1	-2	sent	sentd
Irl1-HG003-15x-150bp-0-DBC4-PCR-FREE-ILMN-NOVASEQ-sent-sentd-INS_50	INS_50	Irl1-HG003-15x-150bp-0-DBC4-PCR-FREE-ILMN-NOVASEQ	2505355380.0	2505201403.0	752.0	153225.0	496.0	0.9959440750346119	0.9951161537112686	0.9999998020119655	0.0032266248593230593	0.996773375140677	0.996773375140677	HG003	giabHC_x_ultima	-1	-2	sent	sentd
Irl1-HG003-15x-150bp-0-DBC4-PCR-FREE-ILMN-NOVASEQ-sent-sentd-INS_gt50	INS_gt50	Irl1-HG003-15x-150bp-0-DBC4-PCR-FREE-ILMN-NOVASEQ	2505355380.0	2505355380.0	0.0	0.0	0.0			1.0				HG003	giabHC_x_ultima	-1	-2	sent	sentd
Irl1-HG003-15x-150bp-0-DBC4-PCR-FREE-ILMN-NOVASEQ-sent-sentd-DEL_50	DEL_50	Irl1-HG003-15x-150bp-0-DBC4-PCR-FREE-ILMN-NOVASEQ	2505355380.0	2505189643.0	876.0	164861.0	376.0	0.9962172255222465	0.9947145175790559	0.9999998499115846	0.0022755194054600364	0.99772448059454	0.99772448059454	HG003	giabHC_x_ultima	-1	-2	sent	sentd
Irl1-HG003-15x-150bp-0-DBC4-PCR-FREE-ILMN-NOVASEQ-sent-sentd-DEL_gt50	DEL_gt50	Irl1-HG003-15x-150bp-0-DBC4-PCR-FREE-ILMN-NOVASEQ	2505355380.0	2505355380.0	0.0	0.0	7.0			0.9999999972059852	1.0	0.0	0.0	HG003	giabHC_x_ultima	-1	-2	sent	sentd
Irl1-HG003-15x-150bp-0-DBC4-PCR-FREE-ILMN-NOVASEQ-sent-sentd-Indel_50	Indel_50	Irl1-HG003-15x-150bp-0-DBC4-PCR-FREE-ILMN-NOVASEQ	2505355380.0	2505342003.0	78.0	13299.0	0.0	0.9970760233918129	0.9941690962099126	1.0	0.0	1.0	1.0	HG003	giabHC_x_ultima	-1	-2	sent	sentd
Irl1-HG003-15x-150bp-0-DBC4-PCR-FREE-ILMN-NOVASEQ-sent-sentd-Indel_gt50	Indel_gt50	Irl1-HG003-15x-150bp-0-DBC4-PCR-FREE-ILMN-NOVASEQ	2505355380.0	2505355040.0	3.0	337.0	0.0	0.9955686853766618	0.9911764705882353	1.0	0.0	1.0	1.0	HG003	giabHC_x_ultima	-1	-2	sent	sentd
Irl1-HG003-15x-150bp-0-DBC4-PCR-FREE-ILMN-NOVASEQ-sent-sentd-All	All	Irl1-HG003-15x-150bp-0-DBC4-PCR-FREE-ILMN-NOVASEQ	2505355380.0	2501784530.0	12046.0	3558804.0	14079.0	0.9963429484276638	0.9966265735049078	0.9999943724487058	0.0039405152645636595	0.9960594847354364	0.9960594847354364	HG003	giabHC_x_ultima	-1	-2	sent	sentd
Irl1-HG003-15x-150bp-0-DBC4-PCR-FREE-ILMN-NOVASEQ-sent-sentd-SNPts	SNPts	Irl1-HG003-15x-150bp-0-DBC4-PCR-FREE-ILMN-NOVASEQ	3088286401.0	3085964098.0	18482.0	2303821.0	336000.0	0.9285624462427784	0.9920415208523607	0.9998911317793698	0.12728135733445564	0.8727186426655443	0.8727186426655443	HG003	hg38	-1	-2	sent	sentd
Irl1-HG003-15x-150bp-0-DBC4-PCR-FREE-ILMN-NOVASEQ-sent-sentd-SNPtv	SNPtv	Irl1-HG003-15x-150bp-0-DBC4-PCR-FREE-ILMN-NOVASEQ	3088286401.0	3087179974.0	9799.0	1096628.0	229823.0	0.901506775103396	0.9911435639224278	0.9999255612260403	0.17326158297592598	0.826738417024074	0.826738417024074	HG003	hg38	-1	-2	sent	sentd
Irl1-HG003-15x-150bp-0-DBC4-PCR-FREE-ILMN-NOVASEQ-sent-sentd-INS_50	INS_50	Irl1-HG003-15x-150bp-0-DBC4-PCR-FREE-ILMN-NOVASEQ	3088286401.0	3088029664.0	3567.0	253170.0	164925.0	0.750320079664272	0.9861064046086072	0.9999465950103703	0.39446776450328275	0.6055322354967172	0.6055322354967173	HG003	hg38	-1	-2	sent	sentd
Irl1-HG003-15x-150bp-0-DBC4-PCR-FREE-ILMN-NOVASEQ-sent-sentd-INS_gt50	INS_gt50	Irl1-HG003-15x-150bp-0-DBC4-PCR-FREE-ILMN-NOVASEQ	3088286401.0	3088286168.0	160.0	73.0	1377.0	0.0867498514557338	0.3133047210300429	0.9999995541218297	0.9496551724137932	0.05034482758620684	0.0503448275862069	HG003	hg38	-1	-2	sent	sentd
Irl1-HG003-15x-150bp-0-DBC4-PCR-FREE-ILMN-NOVASEQ-sent-sentd-DEL_50	DEL_50	Irl1-HG003-15x-150bp-0-DBC4-PCR-FREE-ILMN-NOVASEQ	3088286401.0	3088015398.0	3145.0	267858.0	171543.0	0.7541004836684478	0.9883949624173902	0.999944451873129	0.3904019335413438	0.6095980664586562	0.6095980664586562	HG003	hg38	-1	-2	sent	sentd
Irl1-HG003-15x-150bp-0-DBC4-PCR-FREE-ILMN-NOVASEQ-sent-sentd-DEL_gt50	DEL_gt50	Irl1-HG003-15x-150bp-0-DBC4-PCR-FREE-ILMN-NOVASEQ	3088286401.0	3088286264.0	60.0	77.0	1652.0	0.08252947481243302	0.5620437956204379	0.9999994650757815	0.9554655870445344	0.04453441295546556	0.044534412955465584	HG003	hg38	-1	-2	sent	sentd
Irl1-HG003-15x-150bp-0-DBC4-PCR-FREE-ILMN-NOVASEQ-sent-sentd-Indel_50	Indel_50	Irl1-HG003-15x-150bp-0-DBC4-PCR-FREE-ILMN-NOVASEQ	3088286401.0	3088246077.0	503.0	39821.0	34881.0	0.6923825917618626	0.9875260390834243	0.999988705367007	0.4669352895504806	0.5330647104495194	0.5330647104495194	HG003	hg38	-1	-2	sent	sentd
Irl1-HG003-15x-150bp-0-DBC4-PCR-FREE-ILMN-NOVASEQ-sent-sentd-Indel_gt50	Indel_gt50	Irl1-HG003-15x-150bp-0-DBC4-PCR-FREE-ILMN-NOVASEQ	3088286401.0	3088284967.0	69.0	1365.0	1667.0	0.6112852664576802	0.9518828451882845	0.9999994602184973	0.549802110817942	0.45019788918205805	0.45019788918205805	HG003	hg38	-1	-2	sent	sentd
Irl1-HG003-15x-150bp-0-DBC4-PCR-FREE-ILMN-NOVASEQ-sent-sentd-All	All	Irl1-HG003-15x-150bp-0-DBC4-PCR-FREE-ILMN-NOVASEQ	3088286401.0	3084287803.0	35785.0	3962813.0	941868.0	0.8901918046149064	0.9910506132399406	0.9996947170549885	0.1920345074429917	0.8079654925570083	0.8079654925570083	HG003	hg38	-1	-2	sent	sentd
Irl1-HG003-15x-150bp-0-DBC4-PCR-FREE-ILMN-NOVASEQ-sent-sentd-SNPts	SNPts	Irl1-HG003-15x-150bp-0-DBC4-PCR-FREE-ILMN-NOVASEQ	2528531102.0	2526276509.0	14662.0	2239931.0	12947.0	0.9938748358003857	0.9934968306918366	0.999994875092413	0.005746871335243187	0.9942531286647568	0.9942531286647568	HG003	giabHC	-1	-2	sent	sentd
Irl1-HG003-15x-150bp-0-DBC4-PCR-FREE-ILMN-NOVASEQ-sent-sentd-SNPtv	SNPtv	Irl1-HG003-15x-150bp-0-DBC4-PCR-FREE-ILMN-NOVASEQ	2528531102.0	2527459602.0	7727.0	1063773.0	6709.0	0.9932604475667862	0.9927886140923938	0.9999973455630364	0.006267270257697	0.993732729742303	0.993732729742303	HG003	giabHC	-1	-2	sent	sentd
Irl1-HG003-15x-150bp-0-DBC4-PCR-FREE-ILMN-NOVASEQ-sent-sentd-INS_50	INS_50	Irl1-HG003-15x-150bp-0-DBC4-PCR-FREE-ILMN-NOVASEQ	2528531102.0	2528301812.0	1975.0	227315.0	1192.0	0.9930820866017034	0.9913864538357539	0.9999995285375217	0.005216470392591912	0.9947835296074081	0.9947835296074081	HG003	giabHC	-1	-2	sent	sentd
Irl1-HG003-15x-150bp-0-DBC4-PCR-FREE-ILMN-NOVASEQ-sent-sentd-INS_gt50	INS_gt50	Irl1-HG003-15x-150bp-0-DBC4-PCR-FREE-ILMN-NOVASEQ	2528531102.0	2528531101.0	0.0	1.0	1.0	0.6666666666666666	1.0	0.9999999996045135	0.5	0.5	0.5	HG003	giabHC	-1	-2	sent	sentd
Irl1-HG003-15x-150bp-0-DBC4-PCR-FREE-ILMN-NOVASEQ-sent-sentd-DEL_50	DEL_50	Irl1-HG003-15x-150bp-0-DBC4-PCR-FREE-ILMN-NOVASEQ	2528531102.0	2528287493.0	1968.0	241641.0	832.0	0.9942396550376273	0.9919214807334704	0.999999670923608	0.0034313098778008273	0.9965686901221992	0.9965686901221992	HG003	giabHC	-1	-2	sent	sentd
Irl1-HG003-15x-150bp-0-DBC4-PCR-FREE-ILMN-NOVASEQ-sent-sentd-DEL_gt50	DEL_gt50	Irl1-HG003-15x-150bp-0-DBC4-PCR-FREE-ILMN-NOVASEQ	2528531102.0	2528531102.0	0.0	0.0	7.0			0.9999999972315943	1.0	0.0	0.0	HG003	giabHC	-1	-2	sent	sentd
Irl1-HG003-15x-150bp-0-DBC4-PCR-FREE-ILMN-NOVASEQ-sent-sentd-Indel_50	Indel_50	Irl1-HG003-15x-150bp-0-DBC4-PCR-FREE-ILMN-NOVASEQ	2528531102.0	2528499836.0	252.0	31014.0	10.0	0.9957938673944453	0.9919401266551525	0.9999999960450858	0.0003223310985043837	0.9996776689014956	0.9996776689014956	HG003	giabHC	-1	-2	sent	sentd
Irl1-HG003-15x-150bp-0-DBC4-PCR-FREE-ILMN-NOVASEQ-sent-sentd-Indel_gt50	Indel_gt50	Irl1-HG003-15x-150bp-0-DBC4-PCR-FREE-ILMN-NOVASEQ	2528531102.0	2528530664.0	9.0	429.0	0.0	0.9896193771626297	0.9794520547945206	1.0	0.0	1.0	1.0	HG003	giabHC	-1	-2	sent	sentd
Irl1-HG003-15x-150bp-0-DBC4-PCR-FREE-ILMN-NOVASEQ-sent-sentd-All	All	Irl1-HG003-15x-150bp-0-DBC4-PCR-FREE-ILMN-NOVASEQ	2528531102.0	2524700405.0	26593.0	3804104.0	21698.0	0.9936928092069234	0.9930579213130143	0.9999914057868095	0.005671490578968802	0.9943285094210312	0.9943285094210312	HG003	giabHC	-1	-2	sent	sentd
Irl1-HG003-15x-50bp-0-DBC17-PCR-FREE-ILMN-NOVASEQ-sent-sentd-SNPts	SNPts	Irl1-HG003-15x-50bp-0-DBC17-PCR-FREE-ILMN-NOVASEQ	332544085.0	332287258.0	40299.0	216528.0	1877.0	0.9112517675577401	0.8430889275660269	0.9999943513049261	0.008594125592362813	0.9914058744076372	0.9914058744076372	HG003	giabHC_x_ultima_x_clinvar	-1	-2	sent	sentd
Irl1-HG003-15x-50bp-0-DBC17-PCR-FREE-ILMN-NOVASEQ-sent-sentd-SNPtv	SNPtv	Irl1-HG003-15x-50bp-0-DBC17-PCR-FREE-ILMN-NOVASEQ	332544085.0	332429457.0	18055.0	96573.0	1015.0	0.9101387265804652	0.8424904909795163	0.9999969467299616	0.010400868959298275	0.9895991310407017	0.9895991310407017	HG003	giabHC_x_ultima_x_clinvar	-1	-2	sent	sentd
Irl1-HG003-15x-50bp-0-DBC17-PCR-FREE-ILMN-NOVASEQ-sent-sentd-INS_50	INS_50	Irl1-HG003-15x-50bp-0-DBC17-PCR-FREE-ILMN-NOVASEQ	332544085.0	332526438.0	3574.0	14073.0	228.0	0.8809941154375861	0.7974726582421942	0.9999993143407031	0.01594294105307321	0.9840570589469267	0.9840570589469267	HG003	giabHC_x_ultima_x_clinvar	-1	-2	sent	sentd
Irl1-HG003-15x-50bp-0-DBC17-PCR-FREE-ILMN-NOVASEQ-sent-sentd-INS_gt50	INS_gt50	Irl1-HG003-15x-50bp-0-DBC17-PCR-FREE-ILMN-NOVASEQ	332544085.0	332544085.0	0.0	0.0	0.0			1.0				HG003	giabHC_x_ultima_x_clinvar	-1	-2	sent	sentd
Irl1-HG003-15x-50bp-0-DBC17-PCR-FREE-ILMN-NOVASEQ-sent-sentd-DEL_50	DEL_50	Irl1-HG003-15x-50bp-0-DBC17-PCR-FREE-ILMN-NOVASEQ	332544085.0	332524961.0	4027.0	15097.0	275.0	0.8752898886827458	0.7894268981384648	0.9999991729950987	0.01788966952901379	0.9821103304709862	0.9821103304709862	HG003	giabHC_x_ultima_x_clinvar	-1	-2	sent	sentd
Irl1-HG003-15x-50bp-0-DBC17-PCR-FREE-ILMN-NOVASEQ-sent-sentd-DEL_gt50	DEL_gt50	Irl1-HG003-15x-50bp-0-DBC17-PCR-FREE-ILMN-NOVASEQ	332544085.0	332544085.0	0.0	0.0	4.0			0.9999999879715198	1.0	0.0	0.0	HG003	giabHC_x_ultima_x_clinvar	-1	-2	sent	sentd
Irl1-HG003-15x-50bp-0-DBC17-PCR-FREE-ILMN-NOVASEQ-sent-sentd-Indel_50	Indel_50	Irl1-HG003-15x-50bp-0-DBC17-PCR-FREE-ILMN-NOVASEQ	332544085.0	332543162.0	648.0	275.0	0.0	0.4590984974958264	0.2979414951245937	1.0	0.0	1.0	1.0	HG003	giabHC_x_ultima_x_clinvar	-1	-2	sent	sentd
Irl1-HG003-15x-50bp-0-DBC17-PCR-FREE-ILMN-NOVASEQ-sent-sentd-Indel_gt50	Indel_gt50	Irl1-HG003-15x-50bp-0-DBC17-PCR-FREE-ILMN-NOVASEQ	332544085.0	332544059.0	23.0	3.0	0.0	0.20689655172413793	0.11538461538461539	1.0	0.0	1.0	1.0	HG003	giabHC_x_ultima_x_clinvar	-1	-2	sent	sentd
Irl1-HG003-15x-50bp-0-DBC17-PCR-FREE-ILMN-NOVASEQ-sent-sentd-All	All	Irl1-HG003-15x-50bp-0-DBC17-PCR-FREE-ILMN-NOVASEQ	332544085.0	332134910.0	66626.0	342549.0	3399.0	0.9072667631630873	0.8371699150730127	0.9999897663114796	0.009825176038017275	0.9901748239619828	0.9901748239619828	HG003	giabHC_x_ultima_x_clinvar	-1	-2	sent	sentd
Irl1-HG003-15x-50bp-0-DBC17-PCR-FREE-ILMN-NOVASEQ-sent-sentd-SNPts	SNPts	Irl1-HG003-15x-50bp-0-DBC17-PCR-FREE-ILMN-NOVASEQ	2528531102.0	2526276121.0	426906.0	1828075.0	13816.0	0.8924247572294179	0.8106831055339269	0.999994531110702	0.007500986757631152	0.9924990132423689	0.9924990132423689	HG003	giabHC	-1	-2	sent	sentd
Irl1-HG003-15x-50bp-0-DBC17-PCR-FREE-ILMN-NOVASEQ-sent-sentd-SNPtv	SNPtv	Irl1-HG003-15x-50bp-0-DBC17-PCR-FREE-ILMN-NOVASEQ	2528531102.0	2527459084.0	207211.0	864807.0	7723.0	0.8894684008828786	0.8067094022674992	0.999996944371345	0.008851271589515547	0.9911487284104844	0.9911487284104844	HG003	giabHC	-1	-2	sent	sentd
Irl1-HG003-15x-50bp-0-DBC17-PCR-FREE-ILMN-NOVASEQ-sent-sentd-INS_50	INS_50	Irl1-HG003-15x-50bp-0-DBC17-PCR-FREE-ILMN-NOVASEQ	2528531102.0	2528297085.0	52262.0	181755.0	6101.0	0.8616574182277607	0.7766743441715773	0.9999975869191504	0.0324770036623797	0.9675229963376203	0.9675229963376203	HG003	giabHC	-1	-2	sent	sentd
Irl1-HG003-15x-50bp-0-DBC17-PCR-FREE-ILMN-NOVASEQ-sent-sentd-INS_gt50	INS_gt50	Irl1-HG003-15x-50bp-0-DBC17-PCR-FREE-ILMN-NOVASEQ	2528531102.0	2528531101.0	1.0	0.0	0.0		0.0	1.0				HG003	giabHC	-1	-2	sent	sentd
Irl1-HG003-15x-50bp-0-DBC17-PCR-FREE-ILMN-NOVASEQ-sent-sentd-DEL_50	DEL_50	Irl1-HG003-15x-50bp-0-DBC17-PCR-FREE-ILMN-NOVASEQ	2528531102.0	2528282656.0	52554.0	195892.0	5191.0	0.8715433264594721	0.7884691240752517	0.9999979468318823	0.025815210634414644	0.9741847893655854	0.9741847893655854	HG003	giabHC	-1	-2	sent	sentd
Irl1-HG003-15x-50bp-0-DBC17-PCR-FREE-ILMN-NOVASEQ-sent-sentd-DEL_gt50	DEL_gt50	Irl1-HG003-15x-50bp-0-DBC17-PCR-FREE-ILMN-NOVASEQ	2528531102.0	2528531102.0	0.0	0.0	22.0			0.9999999912992963	1.0	0.0	0.0	HG003	giabHC	-1	-2	sent	sentd
Irl1-HG003-15x-50bp-0-DBC17-PCR-FREE-ILMN-NOVASEQ-sent-sentd-Indel_50	Indel_50	Irl1-HG003-15x-50bp-0-DBC17-PCR-FREE-ILMN-NOVASEQ	2528531102.0	2528509789.0	10329.0	10984.0	37.0	0.6794086719861446	0.5153662084173979	0.9999999853668752	0.003357227111877325	0.9966427728881226	0.9966427728881226	HG003	giabHC	-1	-2	sent	sentd
Irl1-HG003-15x-50bp-0-DBC17-PCR-FREE-ILMN-NOVASEQ-sent-sentd-Indel_gt50	Indel_gt50	Irl1-HG003-15x-50bp-0-DBC17-PCR-FREE-ILMN-NOVASEQ	2528531102.0	2528530705.0	383.0	14.0	0.0	0.0681265206812652	0.03526448362720403	1.0	0.0	1.0	1.0	HG003	giabHC	-1	-2	sent	sentd
Irl1-HG003-15x-50bp-0-DBC17-PCR-FREE-ILMN-NOVASEQ-sent-sentd-All	All	Irl1-HG003-15x-50bp-0-DBC17-PCR-FREE-ILMN-NOVASEQ	2528531102.0	2524699929.0	749646.0	3081527.0	32890.0	0.8873334014820915	0.8043299010511924	0.9999869728789706	0.010560563983564178	0.9894394360164358	0.9894394360164358	HG003	giabHC	-1	-2	sent	sentd
Irl1-HG003-15x-50bp-0-DBC17-PCR-FREE-ILMN-NOVASEQ-sent-sentd-SNPts	SNPts	Irl1-HG003-15x-50bp-0-DBC17-PCR-FREE-ILMN-NOVASEQ	377862616.0	377589363.0	46428.0	226825.0	29979.0	0.8558513518357459	0.8300915268999791	0.9999206105284724	0.11673883584367845	0.8832611641563215	0.8832611641563215	HG003	clinvar_genes	-1	-2	sent	sentd
Irl1-HG003-15x-50bp-0-DBC17-PCR-FREE-ILMN-NOVASEQ-sent-sentd-SNPtv	SNPtv	Irl1-HG003-15x-50bp-0-DBC17-PCR-FREE-ILMN-NOVASEQ	377862616.0	377738251.0	21343.0	103022.0	17792.0	0.84038192504252	0.8283841916938045	0.9999529008196435	0.1472677007631566	0.8527322992368433	0.8527322992368435	HG003	clinvar_genes	-1	-2	sent	sentd
Irl1-HG003-15x-50bp-0-DBC17-PCR-FREE-ILMN-NOVASEQ-sent-sentd-INS_50	INS_50	Irl1-HG003-15x-50bp-0-DBC17-PCR-FREE-ILMN-NOVASEQ	377862616.0	377832871.0	6518.0	23227.0	12637.0	0.7080431038424606	0.7808707345772399	0.999966555113843	0.35235891144323	0.64764108855677	0.64764108855677	HG003	clinvar_genes	-1	-2	sent	sentd
Irl1-HG003-15x-50bp-0-DBC17-PCR-FREE-ILMN-NOVASEQ-sent-sentd-INS_gt50	INS_gt50	Irl1-HG003-15x-50bp-0-DBC17-PCR-FREE-ILMN-NOVASEQ	377862616.0	377862586.0	29.0	1.0	12.0	0.046511627906976744	0.03333333333333333	0.9999999682424244	0.9230769230769231	0.07692307692307687	0.07692307692307693	HG003	clinvar_genes	-1	-2	sent	sentd
Irl1-HG003-15x-50bp-0-DBC17-PCR-FREE-ILMN-NOVASEQ-sent-sentd-DEL_50	DEL_50	Irl1-HG003-15x-50bp-0-DBC17-PCR-FREE-ILMN-NOVASEQ	377862616.0	377831211.0	6642.0	24763.0	13330.0	0.7126248237359348	0.7885050151249801	0.9999647209406156	0.3499330585671908	0.6500669414328092	0.6500669414328092	HG003	clinvar_genes	-1	-2	sent	sentd
Irl1-HG003-15x-50bp-0-DBC17-PCR-FREE-ILMN-NOVASEQ-sent-sentd-DEL_gt50	DEL_gt50	Irl1-HG003-15x-50bp-0-DBC17-PCR-FREE-ILMN-NOVASEQ	377862616.0	377862598.0	15.0	3.0	59.0	0.07500000000000001	0.16666666666666666	0.9999998438586113	0.9516129032258065	0.048387096774193505	0.04838709677419355	HG003	clinvar_genes	-1	-2	sent	sentd
Irl1-HG003-15x-50bp-0-DBC17-PCR-FREE-ILMN-NOVASEQ-sent-sentd-Indel_50	Indel_50	Irl1-HG003-15x-50bp-0-DBC17-PCR-FREE-ILMN-NOVASEQ	377862616.0	377859794.0	1485.0	1337.0	1220.0	0.4971184234987916	0.47377746279234584	0.9999967712996186	0.4771216269065311	0.522878373093469	0.522878373093469	HG003	clinvar_genes	-1	-2	sent	sentd
Irl1-HG003-15x-50bp-0-DBC17-PCR-FREE-ILMN-NOVASEQ-sent-sentd-Indel_gt50	Indel_gt50	Irl1-HG003-15x-50bp-0-DBC17-PCR-FREE-ILMN-NOVASEQ	377862616.0	377862459.0	150.0	7.0	5.0	0.08284023668639054	0.044585987261146494	0.9999999867676722	0.4166666666666667	0.5833333333333333	0.5833333333333334	HG003	clinvar_genes	-1	-2	sent	sentd
Irl1-HG003-15x-50bp-0-DBC17-PCR-FREE-ILMN-NOVASEQ-sent-sentd-All	All	Irl1-HG003-15x-50bp-0-DBC17-PCR-FREE-ILMN-NOVASEQ	377862616.0	377400821.0	82610.0	379185.0	75034.0	0.8279021936345952	0.821111099080761	0.9998012217231749	0.16519344192999413	0.8348065580700059	0.8348065580700059	HG003	clinvar_genes	-1	-2	sent	sentd
Irl1-HG003-15x-50bp-0-DBC17-PCR-FREE-ILMN-NOVASEQ-sent-sentd-SNPts	SNPts	Irl1-HG003-15x-50bp-0-DBC17-PCR-FREE-ILMN-NOVASEQ	2505355380.0	2503152246.0	399255.0	1803879.0	10809.0	0.8979387339707932	0.8187786126490717	0.9999956818634014	0.005956395810188859	0.9940436041898112	0.9940436041898112	HG003	giabHC_x_ultima	-1	-2	sent	sentd
Irl1-HG003-15x-50bp-0-DBC17-PCR-FREE-ILMN-NOVASEQ-sent-sentd-SNPtv	SNPtv	Irl1-HG003-15x-50bp-0-DBC17-PCR-FREE-ILMN-NOVASEQ	2505355380.0	2504320796.0	190383.0	844201.0	5857.0	0.8958741235736019	0.815981109315435	0.999997661247588	0.0068901180860600104	0.99310988191394	0.99310988191394	HG003	giabHC_x_ultima	-1	-2	sent	sentd
Irl1-HG003-15x-50bp-0-DBC17-PCR-FREE-ILMN-NOVASEQ-sent-sentd-INS_50	INS_50	Irl1-HG003-15x-50bp-0-DBC17-PCR-FREE-ILMN-NOVASEQ	2505355380.0	2505200013.0	35683.0	119684.0	2017.0	0.8639323198637158	0.7703308939478782	0.9999991948753131	0.016573405313021258	0.9834265946869788	0.9834265946869788	HG003	giabHC_x_ultima	-1	-2	sent	sentd
Irl1-HG003-15x-50bp-0-DBC17-PCR-FREE-ILMN-NOVASEQ-sent-sentd-INS_gt50	INS_gt50	Irl1-HG003-15x-50bp-0-DBC17-PCR-FREE-ILMN-NOVASEQ	2505355380.0	2505355380.0	0.0	0.0	0.0			1.0				HG003	giabHC_x_ultima	-1	-2	sent	sentd
Irl1-HG003-15x-50bp-0-DBC17-PCR-FREE-ILMN-NOVASEQ-sent-sentd-DEL_50	DEL_50	Irl1-HG003-15x-50bp-0-DBC17-PCR-FREE-ILMN-NOVASEQ	2505355380.0	2505187655.0	38718.0	129007.0	2363.0	0.8626489911232217	0.7691578476673125	0.9999990567581768	0.017987363933927077	0.9820126360660729	0.9820126360660729	HG003	giabHC_x_ultima	-1	-2	sent	sentd
Irl1-HG003-15x-50bp-0-DBC17-PCR-FREE-ILMN-NOVASEQ-sent-sentd-DEL_gt50	DEL_gt50	Irl1-HG003-15x-50bp-0-DBC17-PCR-FREE-ILMN-NOVASEQ	2505355380.0	2505355380.0	0.0	0.0	20.0			0.9999999920171007	1.0	0.0	0.0	HG003	giabHC_x_ultima	-1	-2	sent	sentd
Irl1-HG003-15x-50bp-0-DBC17-PCR-FREE-ILMN-NOVASEQ-sent-sentd-Indel_50	Indel_50	Irl1-HG003-15x-50bp-0-DBC17-PCR-FREE-ILMN-NOVASEQ	2505355380.0	2505345730.0	6903.0	2747.0	14.0	0.4426718233824833	0.2846632124352332	0.9999999944119489	0.0050706265845708075	0.9949293734154292	0.9949293734154292	HG003	giabHC_x_ultima	-1	-2	sent	sentd
Irl1-HG003-15x-50bp-0-DBC17-PCR-FREE-ILMN-NOVASEQ-sent-sentd-Indel_gt50	Indel_gt50	Irl1-HG003-15x-50bp-0-DBC17-PCR-FREE-ILMN-NOVASEQ	2505355380.0	2505355071.0	297.0	12.0	0.0	0.07476635514018691	0.038834951456310676	1.0	0.0	1.0	1.0	HG003	giabHC_x_ultima	-1	-2	sent	sentd
Irl1-HG003-15x-50bp-0-DBC17-PCR-FREE-ILMN-NOVASEQ-sent-sentd-All	All	Irl1-HG003-15x-50bp-0-DBC17-PCR-FREE-ILMN-NOVASEQ	2505355380.0	2501784611.0	671239.0	2899530.0	21080.0	0.8933479311560764	0.8120183635513807	0.9999915740858389	0.007217670281208378	0.9927823297187917	0.9927823297187917	HG003	giabHC_x_ultima	-1	-2	sent	sentd
Irl1-HG003-15x-50bp-0-DBC17-PCR-FREE-ILMN-NOVASEQ-sent-sentd-SNPts	SNPts	Irl1-HG003-15x-50bp-0-DBC17-PCR-FREE-ILMN-NOVASEQ	688815815.0	688747703.0	18550.0	49562.0	230847.0	0.2844132778225702	0.7276544514916607	0.9996649431248622	0.8232510368782743	0.17674896312172572	0.17674896312172578	HG003	hg38_m_giabHC	-1	-2	sent	sentd
Irl1-HG003-15x-50bp-0-DBC17-PCR-FREE-ILMN-NOVASEQ-sent-sentd-SNPtv	SNPtv	Irl1-HG003-15x-50bp-0-DBC17-PCR-FREE-ILMN-NOVASEQ	688815815.0	688780585.0	9708.0	25522.0	151421.0	0.2405772647792132	0.7244393982401363	0.9997802090791525	0.8557614599051672	0.14423854009483283	0.1442385400948328	HG003	hg38_m_giabHC	-1	-2	sent	sentd
Irl1-HG003-15x-50bp-0-DBC17-PCR-FREE-ILMN-NOVASEQ-sent-sentd-INS_50	INS_50	Irl1-HG003-15x-50bp-0-DBC17-PCR-FREE-ILMN-NOVASEQ	688815815.0	688787863.0	11208.0	16744.0	105665.0	0.22271732696643412	0.5990269032627361	0.9998466163554958	0.8632126722708298	0.13678732772917024	0.13678732772917024	HG003	hg38_m_giabHC	-1	-2	sent	sentd
Irl1-HG003-15x-50bp-0-DBC17-PCR-FREE-ILMN-NOVASEQ-sent-sentd-INS_gt50	INS_gt50	Irl1-HG003-15x-50bp-0-DBC17-PCR-FREE-ILMN-NOVASEQ	688815815.0	688815578.0	233.0	4.0	52.0	0.027303754266211597	0.016877637130801686	0.9999999245081009	0.9285714285714286	0.0714285714285714	0.07142857142857142	HG003	hg38_m_giabHC	-1	-2	sent	sentd
Irl1-HG003-15x-50bp-0-DBC17-PCR-FREE-ILMN-NOVASEQ-sent-sentd-DEL_50	DEL_50	Irl1-HG003-15x-50bp-0-DBC17-PCR-FREE-ILMN-NOVASEQ	688815815.0	688787638.0	10025.0	18152.0	114818.0	0.22528498824055054	0.6442133655108777	0.9998333319920695	0.8634880048131157	0.13651199518688428	0.13651199518688426	HG003	hg38_m_giabHC	-1	-2	sent	sentd
Irl1-HG003-15x-50bp-0-DBC17-PCR-FREE-ILMN-NOVASEQ-sent-sentd-DEL_gt50	DEL_gt50	Irl1-HG003-15x-50bp-0-DBC17-PCR-FREE-ILMN-NOVASEQ	688815815.0	688815677.0	113.0	25.0	345.0	0.0984251968503937	0.18115942028985507	0.9999994991405702	0.9324324324324325	0.06756756756756754	0.06756756756756757	HG003	hg38_m_giabHC	-1	-2	sent	sentd
Irl1-HG003-15x-50bp-0-DBC17-PCR-FREE-ILMN-NOVASEQ-sent-sentd-Indel_50	Indel_50	Irl1-HG003-15x-50bp-0-DBC17-PCR-FREE-ILMN-NOVASEQ	688815815.0	688808676.0	5219.0	1920.0	10677.0	0.19456830158086744	0.2689452304244292	0.9999844995644308	0.8475827577994761	0.15241724220052388	0.15241724220052394	HG003	hg38_m_giabHC	-1	-2	sent	sentd
Irl1-HG003-15x-50bp-0-DBC17-PCR-FREE-ILMN-NOVASEQ-sent-sentd-Indel_gt50	Indel_gt50	Irl1-HG003-15x-50bp-0-DBC17-PCR-FREE-ILMN-NOVASEQ	688815815.0	688814748.0	1043.0	24.0	40.0	0.04244031830238727	0.022492970946579195	0.9999999419292375	0.625	0.375	0.375	HG003	hg38_m_giabHC	-1	-2	sent	sentd
Irl1-HG003-15x-50bp-0-DBC17-PCR-FREE-ILMN-NOVASEQ-sent-sentd-All	All	Irl1-HG003-15x-50bp-0-DBC17-PCR-FREE-ILMN-NOVASEQ	688815815.0	688647763.0	56099.0	111953.0	613865.0	0.25049056350476023	0.6661807059719611	0.9991093875314353	0.8457560986362973	0.1542439013637027	0.15424390136370275	HG003	hg38_m_giabHC	-1	-2	sent	sentd
Irl1-HG003-15x-50bp-0-DBC17-PCR-FREE-ILMN-NOVASEQ-sent-sentd-SNPts	SNPts	Irl1-HG003-15x-50bp-0-DBC17-PCR-FREE-ILMN-NOVASEQ	337668665.0	337403098.0	44278.0	221289.0	2547.0	0.904322204808716	0.8332699469437091	0.9999924512229189	0.011378866670240712	0.9886211333297593	0.9886211333297593	HG003	giabHC_x_clinvar_genes	-1	-2	sent	sentd
Irl1-HG003-15x-50bp-0-DBC17-PCR-FREE-ILMN-NOVASEQ-sent-sentd-SNPtv	SNPtv	Irl1-HG003-15x-50bp-0-DBC17-PCR-FREE-ILMN-NOVASEQ	337668665.0	337548379.0	20203.0	100083.0	1375.0	0.9026895879933617	0.83204196664616	0.9999959265264344	0.013552405921662165	0.9864475940783378	0.9864475940783378	HG003	giabHC_x_clinvar_genes	-1	-2	sent	sentd
Irl1-HG003-15x-50bp-0-DBC17-PCR-FREE-ILMN-NOVASEQ-sent-sentd-INS_50	INS_50	Irl1-HG003-15x-50bp-0-DBC17-PCR-FREE-ILMN-NOVASEQ	337668665.0	337641841.0	5451.0	21373.0	708.0	0.8740619568551272	0.7967864598866686	0.9999979031078811	0.032063765228024094	0.9679362347719759	0.9679362347719759	HG003	giabHC_x_clinvar_genes	-1	-2	sent	sentd
Irl1-HG003-15x-50bp-0-DBC17-PCR-FREE-ILMN-NOVASEQ-sent-sentd-INS_gt50	INS_gt50	Irl1-HG003-15x-50bp-0-DBC17-PCR-FREE-ILMN-NOVASEQ	337668665.0	337668665.0	0.0	0.0	0.0			1.0				HG003	giabHC_x_clinvar_genes	-1	-2	sent	sentd
Irl1-HG003-15x-50bp-0-DBC17-PCR-FREE-ILMN-NOVASEQ-sent-sentd-DEL_50	DEL_50	Irl1-HG003-15x-50bp-0-DBC17-PCR-FREE-ILMN-NOVASEQ	337668665.0	337640202.0	5672.0	22791.0	595.0	0.8791297807093676	0.8007237466184169	0.9999982377721967	0.025442572479261096	0.9745574275207389	0.9745574275207389	HG003	giabHC_x_clinvar_genes	-1	-2	sent	sentd
Irl1-HG003-15x-50bp-0-DBC17-PCR-FREE-ILMN-NOVASEQ-sent-sentd-DEL_gt50	DEL_gt50	Irl1-HG003-15x-50bp-0-DBC17-PCR-FREE-ILMN-NOVASEQ	337668665.0	337668665.0	0.0	0.0	5.0			0.9999999851925854	1.0	0.0	0.0	HG003	giabHC_x_clinvar_genes	-1	-2	sent	sentd
Irl1-HG003-15x-50bp-0-DBC17-PCR-FREE-ILMN-NOVASEQ-sent-sentd-Indel_50	Indel_50	Irl1-HG003-15x-50bp-0-DBC17-PCR-FREE-ILMN-NOVASEQ	337668665.0	337666547.0	979.0	1139.0	1.0	0.6992019643953344	0.5377714825306893	0.9999999970384985	0.0008771929824561404	0.9991228070175439	0.9991228070175439	HG003	giabHC_x_clinvar_genes	-1	-2	sent	sentd
Irl1-HG003-15x-50bp-0-DBC17-PCR-FREE-ILMN-NOVASEQ-sent-sentd-Indel_gt50	Indel_gt50	Irl1-HG003-15x-50bp-0-DBC17-PCR-FREE-ILMN-NOVASEQ	337668665.0	337668626.0	35.0	4.0	0.0	0.18604651162790695	0.10256410256410256	1.0	0.0	1.0	1.0	HG003	giabHC_x_clinvar_genes	-1	-2	sent	sentd
Irl1-HG003-15x-50bp-0-DBC17-PCR-FREE-ILMN-NOVASEQ-sent-sentd-All	All	Irl1-HG003-15x-50bp-0-DBC17-PCR-FREE-ILMN-NOVASEQ	337668665.0	337225368.0	76618.0	366679.0	5231.0	0.8995972801999982	0.827163278795029	0.9999844883589581	0.014065230835417171	0.9859347691645828	0.9859347691645828	HG003	giabHC_x_clinvar_genes	-1	-2	sent	sentd
Irl1-HG003-15x-50bp-0-DBC17-PCR-FREE-ILMN-NOVASEQ-sent-sentd-SNPts	SNPts	Irl1-HG003-15x-50bp-0-DBC17-PCR-FREE-ILMN-NOVASEQ	2799325643.0	2797071389.0	409941.0	1844313.0	141040.0	0.8700396050860375	0.8181478218514862	0.9999495783736202	0.07104026336878128	0.9289597366312188	0.9289597366312188	HG003	ultima	-1	-2	sent	sentd
Irl1-HG003-15x-50bp-0-DBC17-PCR-FREE-ILMN-NOVASEQ-sent-sentd-SNPtv	SNPtv	Irl1-HG003-15x-50bp-0-DBC17-PCR-FREE-ILMN-NOVASEQ	2799325643.0	2798266734.0	195509.0	863400.0	79040.0	0.8628180292392781	0.8153675150555902	0.9999717547414139	0.08386740800475362	0.9161325919952463	0.9161325919952464	HG003	ultima	-1	-2	sent	sentd
Irl1-HG003-15x-50bp-0-DBC17-PCR-FREE-ILMN-NOVASEQ-sent-sentd-INS_50	INS_50	Irl1-HG003-15x-50bp-0-DBC17-PCR-FREE-ILMN-NOVASEQ	2799325643.0	2799159763.0	39562.0	126318.0	20917.0	0.8068473244654519	0.7615022908126357	0.9999925274562841	0.14206540564403844	0.8579345943559615	0.8579345943559615	HG003	ultima	-1	-2	sent	sentd
Irl1-HG003-15x-50bp-0-DBC17-PCR-FREE-ILMN-NOVASEQ-sent-sentd-INS_gt50	INS_gt50	Irl1-HG003-15x-50bp-0-DBC17-PCR-FREE-ILMN-NOVASEQ	2799325643.0	2799325547.0	95.0	1.0	4.0	0.019801980198019802	0.010416666666666666	0.9999999985710843	0.8	0.19999999999999996	0.2	HG003	ultima	-1	-2	sent	sentd
Irl1-HG003-15x-50bp-0-DBC17-PCR-FREE-ILMN-NOVASEQ-sent-sentd-DEL_50	DEL_50	Irl1-HG003-15x-50bp-0-DBC17-PCR-FREE-ILMN-NOVASEQ	2799325643.0	2799145685.0	43261.0	136697.0	26767.0	0.7960876123253607	0.7596050189488659	0.9999904375309278	0.1637485929623648	0.8362514070376352	0.8362514070376352	HG003	ultima	-1	-2	sent	sentd
Irl1-HG003-15x-50bp-0-DBC17-PCR-FREE-ILMN-NOVASEQ-sent-sentd-DEL_gt50	DEL_gt50	Irl1-HG003-15x-50bp-0-DBC17-PCR-FREE-ILMN-NOVASEQ	2799325643.0	2799325554.0	71.0	18.0	117.0	0.1607142857142857	0.20224719101123595	0.9999999582042199	0.8666666666666667	0.1333333333333333	0.13333333333333333	HG003	ultima	-1	-2	sent	sentd
Irl1-HG003-15x-50bp-0-DBC17-PCR-FREE-ILMN-NOVASEQ-sent-sentd-Indel_50	Indel_50	Irl1-HG003-15x-50bp-0-DBC17-PCR-FREE-ILMN-NOVASEQ	2799325643.0	2799313228.0	9269.0	3146.0	594.0	0.3894769421231816	0.2534031413612565	0.9999997878051416	0.1588235294117647	0.8411764705882353	0.8411764705882353	HG003	ultima	-1	-2	sent	sentd
Irl1-HG003-15x-50bp-0-DBC17-PCR-FREE-ILMN-NOVASEQ-sent-sentd-Indel_gt50	Indel_gt50	Irl1-HG003-15x-50bp-0-DBC17-PCR-FREE-ILMN-NOVASEQ	2799325643.0	2799324809.0	816.0	18.0	5.0	0.042007001166861145	0.02158273381294964	0.999999998213855	0.21739130434782608	0.782608695652174	0.782608695652174	HG003	ultima	-1	-2	sent	sentd
Irl1-HG003-15x-50bp-0-DBC17-PCR-FREE-ILMN-NOVASEQ-sent-sentd-All	All	Irl1-HG003-15x-50bp-0-DBC17-PCR-FREE-ILMN-NOVASEQ	2799325643.0	2795653208.0	698524.0	2973911.0	268484.0	0.8601544795750582	0.8097926852347285	0.999903972990099	0.08280422342126731	0.9171957765787326	0.9171957765787327	HG003	ultima	-1	-2	sent	sentd
Irl1-HG003-15x-50bp-0-DBC17-PCR-FREE-ILMN-NOVASEQ-sent-sentd-SNPts	SNPts	Irl1-HG003-15x-50bp-0-DBC17-PCR-FREE-ILMN-NOVASEQ	3088286401.0	3085963329.0	445456.0	1877616.0	244663.0	0.8447548911210835	0.8082470108545925	0.9999207237488095	0.11528314608965173	0.8847168539103483	0.8847168539103483	HG003	hg38	-1	-2	sent	sentd
Irl1-HG003-15x-50bp-0-DBC17-PCR-FREE-ILMN-NOVASEQ-sent-sentd-SNPtv	SNPtv	Irl1-HG003-15x-50bp-0-DBC17-PCR-FREE-ILMN-NOVASEQ	3088286401.0	3087179164.0	216919.0	890318.0	159144.0	0.8256302803497383	0.8040898199753079	0.9999484526850888	0.15164341348233668	0.8483565865176633	0.8483565865176633	HG003	hg38	-1	-2	sent	sentd
Irl1-HG003-15x-50bp-0-DBC17-PCR-FREE-ILMN-NOVASEQ-sent-sentd-INS_50	INS_50	Irl1-HG003-15x-50bp-0-DBC17-PCR-FREE-ILMN-NOVASEQ	3088286401.0	3088024354.0	63493.0	198554.0	111767.0	0.6937983954379	0.757703770697623	0.9999638076186992	0.36016576383809024	0.6398342361619098	0.6398342361619098	HG003	hg38	-1	-2	sent	sentd
Irl1-HG003-15x-50bp-0-DBC17-PCR-FREE-ILMN-NOVASEQ-sent-sentd-INS_gt50	INS_gt50	Irl1-HG003-15x-50bp-0-DBC17-PCR-FREE-ILMN-NOVASEQ	3088286401.0	3088286163.0	234.0	4.0	52.0	0.027210884353741496	0.01680672268907563	0.9999999831621824	0.9285714285714286	0.0714285714285714	0.07142857142857142	HG003	hg38	-1	-2	sent	sentd
Irl1-HG003-15x-50bp-0-DBC17-PCR-FREE-ILMN-NOVASEQ-sent-sentd-DEL_50	DEL_50	Irl1-HG003-15x-50bp-0-DBC17-PCR-FREE-ILMN-NOVASEQ	3088286401.0	3088009972.0	62522.0	213907.0	120004.0	0.7009437362781401	0.7738225728849	0.9999611402366699	0.35938917855356667	0.6406108214464333	0.6406108214464333	HG003	hg38	-1	-2	sent	sentd
Irl1-HG003-15x-50bp-0-DBC17-PCR-FREE-ILMN-NOVASEQ-sent-sentd-DEL_gt50	DEL_gt50	Irl1-HG003-15x-50bp-0-DBC17-PCR-FREE-ILMN-NOVASEQ	3088286401.0	3088286263.0	113.0	25.0	367.0	0.09433962264150943	0.18115942028985507	0.9999998811638802	0.9362244897959183	0.06377551020408168	0.06377551020408163	HG003	hg38	-1	-2	sent	sentd
Irl1-HG003-15x-50bp-0-DBC17-PCR-FREE-ILMN-NOVASEQ-sent-sentd-Indel_50	Indel_50	Irl1-HG003-15x-50bp-0-DBC17-PCR-FREE-ILMN-NOVASEQ	3088286401.0	3088257949.0	15548.0	12904.0	10714.0	0.4956404839638947	0.4535357795585548	0.9999965307422478	0.453637056482344	0.546362943517656	0.546362943517656	HG003	hg38	-1	-2	sent	sentd
Irl1-HG003-15x-50bp-0-DBC17-PCR-FREE-ILMN-NOVASEQ-sent-sentd-Indel_gt50	Indel_gt50	Irl1-HG003-15x-50bp-0-DBC17-PCR-FREE-ILMN-NOVASEQ	3088286401.0	3088284939.0	1424.0	38.0	40.0	0.04935064935064936	0.025991792065663474	0.9999999870478274	0.5128205128205128	0.4871794871794872	0.48717948717948717	HG003	hg38	-1	-2	sent	sentd
Irl1-HG003-15x-50bp-0-DBC17-PCR-FREE-ILMN-NOVASEQ-sent-sentd-All	All	Irl1-HG003-15x-50bp-0-DBC17-PCR-FREE-ILMN-NOVASEQ	3088286401.0	3084287326.0	805709.0	3193366.0	646751.0	0.8147181495235732	0.798526159174309	0.9997903517599219	0.16841960804840062	0.8315803919515994	0.8315803919515994	HG003	hg38	-1	-2	sent	sentd
Irl1-HG003-1x-100bp-0-DBC7-PCR-FREE-ILMN-NOVASEQ-sent-sentd-SNPts	SNPts	Irl1-HG003-1x-100bp-0-DBC7-PCR-FREE-ILMN-NOVASEQ	2799325643.0	2797071811.0	2015472.0	238360.0	25762.0	0.18932831973896266	0.1057576607307022	0.9999907897385316	0.09753825883493235	0.9024617411650676	0.9024617411650676	HG003	ultima	-1	-2	sent	sentd
Irl1-HG003-1x-100bp-0-DBC7-PCR-FREE-ILMN-NOVASEQ-sent-sentd-SNPtv	SNPtv	Irl1-HG003-1x-100bp-0-DBC7-PCR-FREE-ILMN-NOVASEQ	2799325643.0	2798267290.0	946877.0	111476.0	16287.0	0.18796812453419395	0.10532969623556601	0.9999941796463612	0.12747822139430037	0.8725217786056996	0.8725217786056996	HG003	ultima	-1	-2	sent	sentd
Irl1-HG003-1x-100bp-0-DBC7-PCR-FREE-ILMN-NOVASEQ-sent-sentd-INS_50	INS_50	Irl1-HG003-1x-100bp-0-DBC7-PCR-FREE-ILMN-NOVASEQ	2799325643.0	2799160422.0	141095.0	24126.0	4900.0	0.2484053807780815	0.1460226000326835	0.9999982494781707	0.1688141666092469	0.8311858333907531	0.8311858333907531	HG003	ultima	-1	-2	sent	sentd
Irl1-HG003-1x-100bp-0-DBC7-PCR-FREE-ILMN-NOVASEQ-sent-sentd-INS_gt50	INS_gt50	Irl1-HG003-1x-100bp-0-DBC7-PCR-FREE-ILMN-NOVASEQ	2799325643.0	2799325547.0	96.0	0.0	5.0		0.0	0.9999999982138554	1.0	0.0	0.0	HG003	ultima	-1	-2	sent	sentd
Irl1-HG003-1x-100bp-0-DBC7-PCR-FREE-ILMN-NOVASEQ-sent-sentd-DEL_50	DEL_50	Irl1-HG003-1x-100bp-0-DBC7-PCR-FREE-ILMN-NOVASEQ	2799325643.0	2799146318.0	151332.0	27993.0	7540.0	0.2605720987815209	0.1561020493517357	0.9999973063288471	0.21219711254326964	0.7878028874567303	0.7878028874567303	HG003	ultima	-1	-2	sent	sentd
Irl1-HG003-1x-100bp-0-DBC7-PCR-FREE-ILMN-NOVASEQ-sent-sentd-DEL_gt50	DEL_gt50	Irl1-HG003-1x-100bp-0-DBC7-PCR-FREE-ILMN-NOVASEQ	2799325643.0	2799325554.0	86.0	3.0	113.0	0.02926829268292683	0.033707865168539325	0.9999999596331355	0.9741379310344828	0.025862068965517238	0.02586206896551724	HG003	ultima	-1	-2	sent	sentd
Irl1-HG003-1x-100bp-0-DBC7-PCR-FREE-ILMN-NOVASEQ-sent-sentd-Indel_50	Indel_50	Irl1-HG003-1x-100bp-0-DBC7-PCR-FREE-ILMN-NOVASEQ	2799325643.0	2799312203.0	12906.0	534.0	98.0	0.07589539511085844	0.039732142857142855	0.9999999649914016	0.1550632911392405	0.8449367088607596	0.8449367088607594	HG003	ultima	-1	-2	sent	sentd
Irl1-HG003-1x-100bp-0-DBC7-PCR-FREE-ILMN-NOVASEQ-sent-sentd-Indel_gt50	Indel_gt50	Irl1-HG003-1x-100bp-0-DBC7-PCR-FREE-ILMN-NOVASEQ	2799325643.0	2799324848.0	782.0	13.0	6.0	0.03194103194103194	0.016352201257861635	0.9999999978566261	0.3157894736842105	0.6842105263157895	0.6842105263157895	HG003	ultima	-1	-2	sent	sentd
Irl1-HG003-1x-100bp-0-DBC7-PCR-FREE-ILMN-NOVASEQ-sent-sentd-All	All	Irl1-HG003-1x-100bp-0-DBC7-PCR-FREE-ILMN-NOVASEQ	2799325643.0	2795654492.0	3268646.0	402505.0	54711.0	0.19499477638494833	0.10964000118763843	0.9999804303681008	0.11966116671332587	0.8803388332866742	0.8803388332866742	HG003	ultima	-1	-2	sent	sentd
Irl1-HG003-1x-100bp-0-DBC7-PCR-FREE-ILMN-NOVASEQ-sent-sentd-SNPts	SNPts	Irl1-HG003-1x-100bp-0-DBC7-PCR-FREE-ILMN-NOVASEQ	332544085.0	332287300.0	227579.0	29206.0	273.0	0.20404940893720486	0.11373717312148296	0.9999991784224804	0.009260829743207029	0.9907391702567929	0.9907391702567929	HG003	giabHC_x_ultima_x_clinvar	-1	-2	sent	sentd
Irl1-HG003-1x-100bp-0-DBC7-PCR-FREE-ILMN-NOVASEQ-sent-sentd-SNPtv	SNPtv	Irl1-HG003-1x-100bp-0-DBC7-PCR-FREE-ILMN-NOVASEQ	332544085.0	332429516.0	101650.0	12919.0	177.0	0.20238906513139857	0.11276174183243286	0.999999467556588	0.013515577275503971	0.986484422724496	0.986484422724496	HG003	giabHC_x_ultima_x_clinvar	-1	-2	sent	sentd
Irl1-HG003-1x-100bp-0-DBC7-PCR-FREE-ILMN-NOVASEQ-sent-sentd-INS_50	INS_50	Irl1-HG003-1x-100bp-0-DBC7-PCR-FREE-ILMN-NOVASEQ	332544085.0	332526500.0	15034.0	2551.0	84.0	0.252324431256182	0.14506681831106055	0.9999997473886179	0.031878557874762806	0.9681214421252372	0.9681214421252372	HG003	giabHC_x_ultima_x_clinvar	-1	-2	sent	sentd
Irl1-HG003-1x-100bp-0-DBC7-PCR-FREE-ILMN-NOVASEQ-sent-sentd-INS_gt50	INS_gt50	Irl1-HG003-1x-100bp-0-DBC7-PCR-FREE-ILMN-NOVASEQ	332544085.0	332544085.0	0.0	0.0	0.0			1.0				HG003	giabHC_x_ultima_x_clinvar	-1	-2	sent	sentd
Irl1-HG003-1x-100bp-0-DBC7-PCR-FREE-ILMN-NOVASEQ-sent-sentd-DEL_50	DEL_50	Irl1-HG003-1x-100bp-0-DBC7-PCR-FREE-ILMN-NOVASEQ	332544085.0	332524985.0	16220.0	2880.0	147.0	0.26031545171057985	0.15078534031413612	0.9999995579281509	0.048562933597621406	0.9514370664023786	0.9514370664023786	HG003	giabHC_x_ultima_x_clinvar	-1	-2	sent	sentd
Irl1-HG003-1x-100bp-0-DBC7-PCR-FREE-ILMN-NOVASEQ-sent-sentd-DEL_gt50	DEL_gt50	Irl1-HG003-1x-100bp-0-DBC7-PCR-FREE-ILMN-NOVASEQ	332544085.0	332544085.0	0.0	0.0	7.0			0.9999999789501598	1.0	0.0	0.0	HG003	giabHC_x_ultima_x_clinvar	-1	-2	sent	sentd
Irl1-HG003-1x-100bp-0-DBC7-PCR-FREE-ILMN-NOVASEQ-sent-sentd-Indel_50	Indel_50	Irl1-HG003-1x-100bp-0-DBC7-PCR-FREE-ILMN-NOVASEQ	332544085.0	332543101.0	943.0	41.0	0.0	0.07999999999999999	0.041666666666666664	1.0	0.0	1.0	1.0	HG003	giabHC_x_ultima_x_clinvar	-1	-2	sent	sentd
Irl1-HG003-1x-100bp-0-DBC7-PCR-FREE-ILMN-NOVASEQ-sent-sentd-Indel_gt50	Indel_gt50	Irl1-HG003-1x-100bp-0-DBC7-PCR-FREE-ILMN-NOVASEQ	332544085.0	332544061.0	23.0	1.0	0.0	0.07999999999999999	0.041666666666666664	1.0	0.0	1.0	1.0	HG003	giabHC_x_ultima_x_clinvar	-1	-2	sent	sentd
Irl1-HG003-1x-100bp-0-DBC7-PCR-FREE-ILMN-NOVASEQ-sent-sentd-All	All	Irl1-HG003-1x-100bp-0-DBC7-PCR-FREE-ILMN-NOVASEQ	332544085.0	332135038.0	361449.0	47598.0	688.0	0.2081546706666696	0.11636315631211083	0.9999979285576764	0.014248436399784617	0.9857515636002154	0.9857515636002154	HG003	giabHC_x_ultima_x_clinvar	-1	-2	sent	sentd
Irl1-HG003-1x-100bp-0-DBC7-PCR-FREE-ILMN-NOVASEQ-sent-sentd-SNPts	SNPts	Irl1-HG003-1x-100bp-0-DBC7-PCR-FREE-ILMN-NOVASEQ	688815815.0	688747822.0	61645.0	6348.0	53634.0	0.09920687634303575	0.09336255202741459	0.9999221343109356	0.8941682504751426	0.10583174952485741	0.10583174952485745	HG003	hg38_m_giabHC	-1	-2	sent	sentd
Irl1-HG003-1x-100bp-0-DBC7-PCR-FREE-ILMN-NOVASEQ-sent-sentd-SNPtv	SNPtv	Irl1-HG003-1x-100bp-0-DBC7-PCR-FREE-ILMN-NOVASEQ	688815815.0	688780679.0	31774.0	3362.0	38200.0	0.08766851808391353	0.09568533697632059	0.9999445427511287	0.919108801308888	0.08089119869111205	0.08089119869111207	HG003	hg38_m_giabHC	-1	-2	sent	sentd
Irl1-HG003-1x-100bp-0-DBC7-PCR-FREE-ILMN-NOVASEQ-sent-sentd-INS_50	INS_50	Irl1-HG003-1x-100bp-0-DBC7-PCR-FREE-ILMN-NOVASEQ	688815815.0	688788246.0	22691.0	4878.0	32824.0	0.14946913636990394	0.17693786499328956	0.9999523475668362	0.8706169433982283	0.12938305660177174	0.1293830566017718	HG003	hg38_m_giabHC	-1	-2	sent	sentd
Irl1-HG003-1x-100bp-0-DBC7-PCR-FREE-ILMN-NOVASEQ-sent-sentd-INS_gt50	INS_gt50	Irl1-HG003-1x-100bp-0-DBC7-PCR-FREE-ILMN-NOVASEQ	688815815.0	688815578.0	236.0	1.0	21.0	0.007722007722007722	0.004219409282700422	0.9999999695128855	0.9545454545454546	0.045454545454545414	0.045454545454545456	HG003	hg38_m_giabHC	-1	-2	sent	sentd
Irl1-HG003-1x-100bp-0-DBC7-PCR-FREE-ILMN-NOVASEQ-sent-sentd-DEL_50	DEL_50	Irl1-HG003-1x-100bp-0-DBC7-PCR-FREE-ILMN-NOVASEQ	688815815.0	688788018.0	22185.0	5612.0	35922.0	0.16189006360790986	0.2018922905349498	0.9999478502445778	0.8648817835989792	0.13511821640102084	0.13511821640102084	HG003	hg38_m_giabHC	-1	-2	sent	sentd
Irl1-HG003-1x-100bp-0-DBC7-PCR-FREE-ILMN-NOVASEQ-sent-sentd-DEL_gt50	DEL_gt50	Irl1-HG003-1x-100bp-0-DBC7-PCR-FREE-ILMN-NOVASEQ	688815815.0	688815677.0	133.0	5.0	180.0	0.030959752321981428	0.036231884057971016	0.999999738681974	0.972972972972973	0.027027027027026973	0.02702702702702703	HG003	hg38_m_giabHC	-1	-2	sent	sentd
Irl1-HG003-1x-100bp-0-DBC7-PCR-FREE-ILMN-NOVASEQ-sent-sentd-Indel_50	Indel_50	Irl1-HG003-1x-100bp-0-DBC7-PCR-FREE-ILMN-NOVASEQ	688815815.0	688807757.0	7850.0	208.0	924.0	0.04526659412404788	0.025812856788284936	0.9999986585534917	0.8162544169611308	0.18374558303886923	0.18374558303886926	HG003	hg38_m_giabHC	-1	-2	sent	sentd
Irl1-HG003-1x-100bp-0-DBC7-PCR-FREE-ILMN-NOVASEQ-sent-sentd-Indel_gt50	Indel_gt50	Irl1-HG003-1x-100bp-0-DBC7-PCR-FREE-ILMN-NOVASEQ	688815815.0	688814749.0	1058.0	8.0	16.0	0.014678899082568808	0.0075046904315197	0.9999999767716942	0.6666666666666666	0.33333333333333337	0.3333333333333333	HG003	hg38_m_giabHC	-1	-2	sent	sentd
Irl1-HG003-1x-100bp-0-DBC7-PCR-FREE-ILMN-NOVASEQ-sent-sentd-All	All	Irl1-HG003-1x-100bp-0-DBC7-PCR-FREE-ILMN-NOVASEQ	688815815.0	688647821.0	147572.0	20422.0	161721.0	0.11665148213413605	0.12156386537614439	0.9997652166671059	0.8878793036240756	0.11212069637592437	0.11212069637592441	HG003	hg38_m_giabHC	-1	-2	sent	sentd
Irl1-HG003-1x-100bp-0-DBC7-PCR-FREE-ILMN-NOVASEQ-sent-sentd-SNPts	SNPts	Irl1-HG003-1x-100bp-0-DBC7-PCR-FREE-ILMN-NOVASEQ	337668665.0	337403103.0	235663.0	29899.0	400.0	0.20211518246744248	0.11258764431658144	0.9999988144758533	0.013201755833525858	0.9867982441664741	0.9867982441664741	HG003	giabHC_x_clinvar_genes	-1	-2	sent	sentd
Irl1-HG003-1x-100bp-0-DBC7-PCR-FREE-ILMN-NOVASEQ-sent-sentd-SNPtv	SNPtv	Irl1-HG003-1x-100bp-0-DBC7-PCR-FREE-ILMN-NOVASEQ	337668665.0	337548400.0	106789.0	13476.0	232.0	0.20117486359191777	0.1120525506173866	0.9999993126916301	0.016924423694193173	0.9830755763058068	0.9830755763058068	HG003	giabHC_x_clinvar_genes	-1	-2	sent	sentd
Irl1-HG003-1x-100bp-0-DBC7-PCR-FREE-ILMN-NOVASEQ-sent-sentd-INS_50	INS_50	Irl1-HG003-1x-100bp-0-DBC7-PCR-FREE-ILMN-NOVASEQ	337668665.0	337641943.0	21703.0	5019.0	348.0	0.3128174763937798	0.18782276775690443	0.9999989693234251	0.06484069312465064	0.9351593068753493	0.9351593068753493	HG003	giabHC_x_clinvar_genes	-1	-2	sent	sentd
Irl1-HG003-1x-100bp-0-DBC7-PCR-FREE-ILMN-NOVASEQ-sent-sentd-INS_gt50	INS_gt50	Irl1-HG003-1x-100bp-0-DBC7-PCR-FREE-ILMN-NOVASEQ	337668665.0	337668665.0	0.0	0.0	0.0			1.0				HG003	giabHC_x_clinvar_genes	-1	-2	sent	sentd
Irl1-HG003-1x-100bp-0-DBC7-PCR-FREE-ILMN-NOVASEQ-sent-sentd-DEL_50	DEL_50	Irl1-HG003-1x-100bp-0-DBC7-PCR-FREE-ILMN-NOVASEQ	337668665.0	337640262.0	22681.0	5722.0	427.0	0.3312109284556611	0.20145759250783368	0.9999987353419955	0.06944218572125549	0.9305578142787445	0.9305578142787445	HG003	giabHC_x_clinvar_genes	-1	-2	sent	sentd
Irl1-HG003-1x-100bp-0-DBC7-PCR-FREE-ILMN-NOVASEQ-sent-sentd-DEL_gt50	DEL_gt50	Irl1-HG003-1x-100bp-0-DBC7-PCR-FREE-ILMN-NOVASEQ	337668665.0	337668665.0	0.0	0.0	7.0			0.9999999792696197	1.0	0.0	0.0	HG003	giabHC_x_clinvar_genes	-1	-2	sent	sentd
Irl1-HG003-1x-100bp-0-DBC7-PCR-FREE-ILMN-NOVASEQ-sent-sentd-Indel_50	Indel_50	Irl1-HG003-1x-100bp-0-DBC7-PCR-FREE-ILMN-NOVASEQ	337668665.0	337666376.0	2184.0	105.0	3.0	0.08760951188986234	0.045871559633027525	0.999999991115491	0.027777777777777776	0.9722222222222222	0.9722222222222222	HG003	giabHC_x_clinvar_genes	-1	-2	sent	sentd
Irl1-HG003-1x-100bp-0-DBC7-PCR-FREE-ILMN-NOVASEQ-sent-sentd-Indel_gt50	Indel_gt50	Irl1-HG003-1x-100bp-0-DBC7-PCR-FREE-ILMN-NOVASEQ	337668665.0	337668629.0	34.0	2.0	0.0	0.10526315789473684	0.05555555555555555	1.0	0.0	1.0	1.0	HG003	giabHC_x_clinvar_genes	-1	-2	sent	sentd
Irl1-HG003-1x-100bp-0-DBC7-PCR-FREE-ILMN-NOVASEQ-sent-sentd-All	All	Irl1-HG003-1x-100bp-0-DBC7-PCR-FREE-ILMN-NOVASEQ	337668665.0	337225388.0	389054.0	54223.0	1417.0	0.21736280784178533	0.12232306210338005	0.9999957980801675	0.02546728971962617	0.9745327102803738	0.9745327102803738	HG003	giabHC_x_clinvar_genes	-1	-2	sent	sentd
Irl1-HG003-1x-100bp-0-DBC7-PCR-FREE-ILMN-NOVASEQ-sent-sentd-SNPts	SNPts	Irl1-HG003-1x-100bp-0-DBC7-PCR-FREE-ILMN-NOVASEQ	377862616.0	377589374.0	242582.0	30660.0	6105.0	0.19780198511646513	0.11220822567540861	0.9999838319038772	0.1660546715626275	0.8339453284373726	0.8339453284373725	HG003	clinvar_genes	-1	-2	sent	sentd
Irl1-HG003-1x-100bp-0-DBC7-PCR-FREE-ILMN-NOVASEQ-sent-sentd-SNPtv	SNPtv	Irl1-HG003-1x-100bp-0-DBC7-PCR-FREE-ILMN-NOVASEQ	377862616.0	377738273.0	110474.0	13869.0	3697.0	0.19546328985476608	0.11153824501580306	0.9999902128958559	0.21046339519526358	0.7895366048047364	0.7895366048047364	HG003	clinvar_genes	-1	-2	sent	sentd
Irl1-HG003-1x-100bp-0-DBC7-PCR-FREE-ILMN-NOVASEQ-sent-sentd-INS_50	INS_50	Irl1-HG003-1x-100bp-0-DBC7-PCR-FREE-ILMN-NOVASEQ	377862616.0	377833012.0	24087.0	5517.0	3907.0	0.28272009839089884	0.1863599513579246	0.9999896595599754	0.4145797962648557	0.5854202037351444	0.5854202037351444	HG003	clinvar_genes	-1	-2	sent	sentd
Irl1-HG003-1x-100bp-0-DBC7-PCR-FREE-ILMN-NOVASEQ-sent-sentd-INS_gt50	INS_gt50	Irl1-HG003-1x-100bp-0-DBC7-PCR-FREE-ILMN-NOVASEQ	377862616.0	377862586.0	30.0	0.0	3.0		0.0	0.999999992060606	1.0	0.0	0.0	HG003	clinvar_genes	-1	-2	sent	sentd
Irl1-HG003-1x-100bp-0-DBC7-PCR-FREE-ILMN-NOVASEQ-sent-sentd-DEL_50	DEL_50	Irl1-HG003-1x-100bp-0-DBC7-PCR-FREE-ILMN-NOVASEQ	377862616.0	377831305.0	25004.0	6307.0	4349.0	0.3005694950794672	0.2014308070646099	0.999988489704574	0.4081268768768769	0.5918731231231231	0.5918731231231231	HG003	clinvar_genes	-1	-2	sent	sentd
Irl1-HG003-1x-100bp-0-DBC7-PCR-FREE-ILMN-NOVASEQ-sent-sentd-DEL_gt50	DEL_gt50	Irl1-HG003-1x-100bp-0-DBC7-PCR-FREE-ILMN-NOVASEQ	377862616.0	377862598.0	18.0	0.0	30.0		0.0	0.9999999206060675	1.0	0.0	0.0	HG003	clinvar_genes	-1	-2	sent	sentd
Irl1-HG003-1x-100bp-0-DBC7-PCR-FREE-ILMN-NOVASEQ-sent-sentd-Indel_50	Indel_50	Irl1-HG003-1x-100bp-0-DBC7-PCR-FREE-ILMN-NOVASEQ	377862616.0	377859547.0	2950.0	119.0	97.0	0.07245053272450533	0.03877484522645813	0.9999997432909242	0.44907407407407407	0.5509259259259259	0.5509259259259259	HG003	clinvar_genes	-1	-2	sent	sentd
Irl1-HG003-1x-100bp-0-DBC7-PCR-FREE-ILMN-NOVASEQ-sent-sentd-Indel_gt50	Indel_gt50	Irl1-HG003-1x-100bp-0-DBC7-PCR-FREE-ILMN-NOVASEQ	377862616.0	377862456.0	157.0	3.0	3.0	0.03614457831325301	0.01875	0.9999999920606032	0.5	0.5	0.5	HG003	clinvar_genes	-1	-2	sent	sentd
Irl1-HG003-1x-100bp-0-DBC7-PCR-FREE-ILMN-NOVASEQ-sent-sentd-All	All	Irl1-HG003-1x-100bp-0-DBC7-PCR-FREE-ILMN-NOVASEQ	377862616.0	377400839.0	405302.0	56475.0	18191.0	0.21055359096865836	0.12229929164943251	0.999951801582448	0.24363163956821043	0.7563683604317896	0.7563683604317896	HG003	clinvar_genes	-1	-2	sent	sentd
Irl1-HG003-1x-100bp-0-DBC7-PCR-FREE-ILMN-NOVASEQ-sent-sentd-SNPts	SNPts	Irl1-HG003-1x-100bp-0-DBC7-PCR-FREE-ILMN-NOVASEQ	3088286401.0	3085963581.0	2079638.0	243182.0	55949.0	0.18549698297184042	0.10469257195994523	0.9999818701730641	0.18703845472385008	0.8129615452761499	0.8129615452761499	HG003	hg38	-1	-2	sent	sentd
Irl1-HG003-1x-100bp-0-DBC7-PCR-FREE-ILMN-NOVASEQ-sent-sentd-SNPtv	SNPtv	Irl1-HG003-1x-100bp-0-DBC7-PCR-FREE-ILMN-NOVASEQ	3088286401.0	3087179460.0	991418.0	115523.0	39582.0	0.18307256629314622	0.10436238245760163	0.9999871787523135	0.2551948679926501	0.7448051320073499	0.7448051320073499	HG003	hg38	-1	-2	sent	sentd
Irl1-HG003-1x-100bp-0-DBC7-PCR-FREE-ILMN-NOVASEQ-sent-sentd-INS_50	INS_50	Irl1-HG003-1x-100bp-0-DBC7-PCR-FREE-ILMN-NOVASEQ	3088286401.0	3088025685.0	212315.0	48401.0	35782.0	0.2806676737247716	0.18564645054388684	0.9999884127954115	0.4250501882802941	0.5749498117197058	0.5749498117197058	HG003	hg38	-1	-2	sent	sentd
Irl1-HG003-1x-100bp-0-DBC7-PCR-FREE-ILMN-NOVASEQ-sent-sentd-INS_gt50	INS_gt50	Irl1-HG003-1x-100bp-0-DBC7-PCR-FREE-ILMN-NOVASEQ	3088286401.0	3088286163.0	237.0	1.0	21.0	0.007692307692307692	0.004201680672268907	0.999999993200112	0.9545454545454546	0.045454545454545414	0.045454545454545456	HG003	hg38	-1	-2	sent	sentd
Irl1-HG003-1x-100bp-0-DBC7-PCR-FREE-ILMN-NOVASEQ-sent-sentd-DEL_50	DEL_50	Irl1-HG003-1x-100bp-0-DBC7-PCR-FREE-ILMN-NOVASEQ	3088286401.0	3088011290.0	218842.0	56269.0	39096.0	0.30376596594651206	0.204531988906296	0.9999873395848147	0.4099617260001049	0.5900382739998951	0.5900382739998952	HG003	hg38	-1	-2	sent	sentd
Irl1-HG003-1x-100bp-0-DBC7-PCR-FREE-ILMN-NOVASEQ-sent-sentd-DEL_gt50	DEL_gt50	Irl1-HG003-1x-100bp-0-DBC7-PCR-FREE-ILMN-NOVASEQ	3088286401.0	3088286263.0	133.0	5.0	201.0	0.029069767441860468	0.036231884057971016	0.9999999349153641	0.9757281553398058	0.024271844660194164	0.024271844660194174	HG003	hg38	-1	-2	sent	sentd
Irl1-HG003-1x-100bp-0-DBC7-PCR-FREE-ILMN-NOVASEQ-sent-sentd-Indel_50	Indel_50	Irl1-HG003-1x-100bp-0-DBC7-PCR-FREE-ILMN-NOVASEQ	3088286401.0	3088254975.0	30052.0	1374.0	936.0	0.0814560113824994	0.043721759053013426	0.9999996969163091	0.4051948051948052	0.5948051948051948	0.5948051948051948	HG003	hg38	-1	-2	sent	sentd
Irl1-HG003-1x-100bp-0-DBC7-PCR-FREE-ILMN-NOVASEQ-sent-sentd-Indel_gt50	Indel_gt50	Irl1-HG003-1x-100bp-0-DBC7-PCR-FREE-ILMN-NOVASEQ	3088286401.0	3088284950.0	1434.0	17.0	16.0	0.022911051212938006	0.01171605789110958	0.9999999948191309	0.48484848484848486	0.5151515151515151	0.5151515151515151	HG003	hg38	-1	-2	sent	sentd
Irl1-HG003-1x-100bp-0-DBC7-PCR-FREE-ILMN-NOVASEQ-sent-sentd-All	All	Irl1-HG003-1x-100bp-0-DBC7-PCR-FREE-ILMN-NOVASEQ	3088286401.0	3084287560.0	3534069.0	464772.0	171583.0	0.200540387073168	0.1162266766795679	0.9999443717708535	0.2696340878911928	0.7303659121088072	0.7303659121088072	HG003	hg38	-1	-2	sent	sentd
Irl1-HG003-1x-100bp-0-DBC7-PCR-FREE-ILMN-NOVASEQ-sent-sentd-SNPts	SNPts	Irl1-HG003-1x-100bp-0-DBC7-PCR-FREE-ILMN-NOVASEQ	2528531102.0	2526276272.0	2017993.0	236837.0	2315.0	0.18992679177315633	0.10503541286926286	0.9999990836323389	0.009680036127651033	0.990319963872349	0.990319963872349	HG003	giabHC	-1	-2	sent	sentd
Irl1-HG003-1x-100bp-0-DBC7-PCR-FREE-ILMN-NOVASEQ-sent-sentd-SNPtv	SNPtv	Irl1-HG003-1x-100bp-0-DBC7-PCR-FREE-ILMN-NOVASEQ	2528531102.0	2527459296.0	959644.0	112162.0	1382.0	0.1892470578310204	0.10464766944764257	0.9999994532061321	0.012171492989501867	0.9878285070104982	0.9878285070104982	HG003	giabHC	-1	-2	sent	sentd
Irl1-HG003-1x-100bp-0-DBC7-PCR-FREE-ILMN-NOVASEQ-sent-sentd-INS_50	INS_50	Irl1-HG003-1x-100bp-0-DBC7-PCR-FREE-ILMN-NOVASEQ	2528531102.0	2528298035.0	189554.0	43513.0	2958.0	0.3113208222137956	0.18669738744652825	0.9999988300443625	0.06365260054657744	0.9363473994534226	0.9363473994534226	HG003	giabHC	-1	-2	sent	sentd
Irl1-HG003-1x-100bp-0-DBC7-PCR-FREE-ILMN-NOVASEQ-sent-sentd-INS_gt50	INS_gt50	Irl1-HG003-1x-100bp-0-DBC7-PCR-FREE-ILMN-NOVASEQ	2528531102.0	2528531101.0	1.0	0.0	0.0		0.0	1.0				HG003	giabHC	-1	-2	sent	sentd
Irl1-HG003-1x-100bp-0-DBC7-PCR-FREE-ILMN-NOVASEQ-sent-sentd-DEL_50	DEL_50	Irl1-HG003-1x-100bp-0-DBC7-PCR-FREE-ILMN-NOVASEQ	2528531102.0	2528283597.0	196830.0	50675.0	3177.0	0.33631208168385	0.20474333851841378	0.999998743417862	0.058995023397459705	0.9410049766025403	0.9410049766025403	HG003	giabHC	-1	-2	sent	sentd
Irl1-HG003-1x-100bp-0-DBC7-PCR-FREE-ILMN-NOVASEQ-sent-sentd-DEL_gt50	DEL_gt50	Irl1-HG003-1x-100bp-0-DBC7-PCR-FREE-ILMN-NOVASEQ	2528531102.0	2528531102.0	0.0	0.0	21.0			0.9999999916947828	1.0	0.0	0.0	HG003	giabHC	-1	-2	sent	sentd
Irl1-HG003-1x-100bp-0-DBC7-PCR-FREE-ILMN-NOVASEQ-sent-sentd-Indel_50	Indel_50	Irl1-HG003-1x-100bp-0-DBC7-PCR-FREE-ILMN-NOVASEQ	2528531102.0	2528507733.0	22203.0	1166.0	12.0	0.09500142583615107	0.04989516025503873	0.9999999952541178	0.010186757215619695	0.9898132427843803	0.9898132427843803	HG003	giabHC	-1	-2	sent	sentd
Irl1-HG003-1x-100bp-0-DBC7-PCR-FREE-ILMN-NOVASEQ-sent-sentd-Indel_gt50	Indel_gt50	Irl1-HG003-1x-100bp-0-DBC7-PCR-FREE-ILMN-NOVASEQ	2528531102.0	2528530715.0	378.0	9.0	0.0	0.04545454545454545	0.023255813953488372	1.0	0.0	1.0	1.0	HG003	giabHC	-1	-2	sent	sentd
Irl1-HG003-1x-100bp-0-DBC7-PCR-FREE-ILMN-NOVASEQ-sent-sentd-All	All	Irl1-HG003-1x-100bp-0-DBC7-PCR-FREE-ILMN-NOVASEQ	2528531102.0	2524700137.0	3386603.0	444362.0	9865.0	0.20739420777412076	0.11599218473674387	0.9999960926205417	0.021718215781976854	0.9782817842180231	0.9782817842180231	HG003	giabHC	-1	-2	sent	sentd
Irl1-HG003-1x-100bp-0-DBC7-PCR-FREE-ILMN-NOVASEQ-sent-sentd-SNPts	SNPts	Irl1-HG003-1x-100bp-0-DBC7-PCR-FREE-ILMN-NOVASEQ	2505355380.0	2503152586.0	1969362.0	233432.0	1710.0	0.1914996948238182	0.10597087153860052	0.9999993168619279	0.007272201478255693	0.9927277985217443	0.9927277985217443	HG003	giabHC_x_ultima	-1	-2	sent	sentd
Irl1-HG003-1x-100bp-0-DBC7-PCR-FREE-ILMN-NOVASEQ-sent-sentd-SNPtv	SNPtv	Irl1-HG003-1x-100bp-0-DBC7-PCR-FREE-ILMN-NOVASEQ	2505355380.0	2504321267.0	924985.0	109128.0	985.0	0.19074553453600948	0.10552811926743015	0.9999996066800112	0.008945356134153096	0.9910546438658469	0.9910546438658469	HG003	giabHC_x_ultima	-1	-2	sent	sentd
Irl1-HG003-1x-100bp-0-DBC7-PCR-FREE-ILMN-NOVASEQ-sent-sentd-INS_50	INS_50	Irl1-HG003-1x-100bp-0-DBC7-PCR-FREE-ILMN-NOVASEQ	2505355380.0	2505200487.0	132459.0	22434.0	736.0	0.25197823242335576	0.14483546706436057	0.9999997062112244	0.03176521363832542	0.9682347863616746	0.9682347863616746	HG003	giabHC_x_ultima	-1	-2	sent	sentd
Irl1-HG003-1x-100bp-0-DBC7-PCR-FREE-ILMN-NOVASEQ-sent-sentd-INS_gt50	INS_gt50	Irl1-HG003-1x-100bp-0-DBC7-PCR-FREE-ILMN-NOVASEQ	2505355380.0	2505355380.0	0.0	0.0	0.0			1.0				HG003	giabHC_x_ultima	-1	-2	sent	sentd
Irl1-HG003-1x-100bp-0-DBC7-PCR-FREE-ILMN-NOVASEQ-sent-sentd-DEL_50	DEL_50	Irl1-HG003-1x-100bp-0-DBC7-PCR-FREE-ILMN-NOVASEQ	2505355380.0	2505188237.0	141341.0	25802.0	1104.0	0.2659328313982551	0.15437080823007843	0.9999995593147464	0.0410317401323125	0.9589682598676875	0.9589682598676875	HG003	giabHC_x_ultima	-1	-2	sent	sentd
Irl1-HG003-1x-100bp-0-DBC7-PCR-FREE-ILMN-NOVASEQ-sent-sentd-DEL_gt50	DEL_gt50	Irl1-HG003-1x-100bp-0-DBC7-PCR-FREE-ILMN-NOVASEQ	2505355380.0	2505355380.0	0.0	0.0	20.0			0.9999999920171007	1.0	0.0	0.0	HG003	giabHC_x_ultima	-1	-2	sent	sentd
Irl1-HG003-1x-100bp-0-DBC7-PCR-FREE-ILMN-NOVASEQ-sent-sentd-Indel_50	Indel_50	Irl1-HG003-1x-100bp-0-DBC7-PCR-FREE-ILMN-NOVASEQ	2505355380.0	2505344853.0	10070.0	457.0	2.0	0.08319679592208266	0.04341217820841645	0.9999999992017067	0.004357298474945534	0.9956427015250545	0.9956427015250545	HG003	giabHC_x_ultima	-1	-2	sent	sentd
Irl1-HG003-1x-100bp-0-DBC7-PCR-FREE-ILMN-NOVASEQ-sent-sentd-Indel_gt50	Indel_gt50	Irl1-HG003-1x-100bp-0-DBC7-PCR-FREE-ILMN-NOVASEQ	2505355380.0	2505355082.0	291.0	7.0	0.0	0.0459016393442623	0.02348993288590604	1.0	0.0	1.0	1.0	HG003	giabHC_x_ultima	-1	-2	sent	sentd
Irl1-HG003-1x-100bp-0-DBC7-PCR-FREE-ILMN-NOVASEQ-sent-sentd-All	All	Irl1-HG003-1x-100bp-0-DBC7-PCR-FREE-ILMN-NOVASEQ	2505355380.0	2501785612.0	3178508.0	391260.0	4557.0	0.19732775870394909	0.10960376136488421	0.999998178504314	0.011512896111081637	0.9884871038889184	0.9884871038889184	HG003	giabHC_x_ultima	-1	-2	sent	sentd
Irl1-HG003-1x-150bp-0-DBC1-PCR-FREE-ILMN-NOVASEQ-sent-sentd-SNPts	SNPts	Irl1-HG003-1x-150bp-0-DBC1-PCR-FREE-ILMN-NOVASEQ	332544085.0	332287288.0	202708.0	54089.0	553.0	0.3473489190499584	0.21062940766441976	0.9999983357802129	0.010120420189597745	0.9898795798104023	0.9898795798104022	HG003	giabHC_x_ultima_x_clinvar	-1	-2	sent	sentd
Irl1-HG003-1x-150bp-0-DBC1-PCR-FREE-ILMN-NOVASEQ-sent-sentd-SNPtv	SNPtv	Irl1-HG003-1x-150bp-0-DBC1-PCR-FREE-ILMN-NOVASEQ	332544085.0	332429509.0	90606.0	23970.0	280.0	0.3453243628715082	0.20920611646418097	0.9999991577168795	0.01154639175257732	0.9884536082474227	0.9884536082474227	HG003	giabHC_x_ultima_x_clinvar	-1	-2	sent	sentd
Irl1-HG003-1x-150bp-0-DBC1-PCR-FREE-ILMN-NOVASEQ-sent-sentd-INS_50	INS_50	Irl1-HG003-1x-150bp-0-DBC1-PCR-FREE-ILMN-NOVASEQ	332544085.0	332526435.0	13181.0	4469.0	109.0	0.4021054525823286	0.2532011331444759	0.9999996722066193	0.023809523809523808	0.9761904761904762	0.9761904761904762	HG003	giabHC_x_ultima_x_clinvar	-1	-2	sent	sentd
Irl1-HG003-1x-150bp-0-DBC1-PCR-FREE-ILMN-NOVASEQ-sent-sentd-INS_gt50	INS_gt50	Irl1-HG003-1x-150bp-0-DBC1-PCR-FREE-ILMN-NOVASEQ	332544085.0	332544085.0	0.0	0.0	0.0			1.0				HG003	giabHC_x_ultima_x_clinvar	-1	-2	sent	sentd
Irl1-HG003-1x-150bp-0-DBC1-PCR-FREE-ILMN-NOVASEQ-sent-sentd-DEL_50	DEL_50	Irl1-HG003-1x-150bp-0-DBC1-PCR-FREE-ILMN-NOVASEQ	332544085.0	332524896.0	14371.0	4818.0	168.0	0.39859358841778697	0.2510813486893533	0.9999994947749262	0.03369434416365824	0.9663056558363418	0.9663056558363418	HG003	giabHC_x_ultima_x_clinvar	-1	-2	sent	sentd
Irl1-HG003-1x-150bp-0-DBC1-PCR-FREE-ILMN-NOVASEQ-sent-sentd-DEL_gt50	DEL_gt50	Irl1-HG003-1x-150bp-0-DBC1-PCR-FREE-ILMN-NOVASEQ	332544085.0	332544085.0	0.0	0.0	7.0			0.9999999789501598	1.0	0.0	0.0	HG003	giabHC_x_ultima_x_clinvar	-1	-2	sent	sentd
Irl1-HG003-1x-150bp-0-DBC1-PCR-FREE-ILMN-NOVASEQ-sent-sentd-Indel_50	Indel_50	Irl1-HG003-1x-150bp-0-DBC1-PCR-FREE-ILMN-NOVASEQ	332544085.0	332543249.0	740.0	96.0	0.0	0.20600858369098715	0.11483253588516747	1.0	0.0	1.0	1.0	HG003	giabHC_x_ultima_x_clinvar	-1	-2	sent	sentd
Irl1-HG003-1x-150bp-0-DBC1-PCR-FREE-ILMN-NOVASEQ-sent-sentd-Indel_gt50	Indel_gt50	Irl1-HG003-1x-150bp-0-DBC1-PCR-FREE-ILMN-NOVASEQ	332544085.0	332544062.0	20.0	3.0	0.0	0.23076923076923078	0.13043478260869565	1.0	0.0	1.0	1.0	HG003	giabHC_x_ultima_x_clinvar	-1	-2	sent	sentd
Irl1-HG003-1x-150bp-0-DBC1-PCR-FREE-ILMN-NOVASEQ-sent-sentd-All	All	Irl1-HG003-1x-150bp-0-DBC1-PCR-FREE-ILMN-NOVASEQ	332544085.0	332135014.0	321626.0	87445.0	1117.0	0.35144373463978473	0.2137648476670309	0.9999966369211424	0.01261263295770195	0.987387367042298	0.987387367042298	HG003	giabHC_x_ultima_x_clinvar	-1	-2	sent	sentd
Irl1-HG003-1x-150bp-0-DBC1-PCR-FREE-ILMN-NOVASEQ-sent-sentd-SNPts	SNPts	Irl1-HG003-1x-150bp-0-DBC1-PCR-FREE-ILMN-NOVASEQ	3088286401.0	3085963550.0	1869967.0	452884.0	91487.0	0.31590438410419563	0.19496902728586551	0.9999703547088749	0.16806001789220953	0.8319399821077904	0.8319399821077904	HG003	hg38	-1	-2	sent	sentd
Irl1-HG003-1x-150bp-0-DBC1-PCR-FREE-ILMN-NOVASEQ-sent-sentd-SNPtv	SNPtv	Irl1-HG003-1x-150bp-0-DBC1-PCR-FREE-ILMN-NOVASEQ	3088286401.0	3087179386.0	892730.0	214285.0	64281.0	0.30930707046358175	0.19357009615949197	0.9999791785142562	0.2307568044915747	0.7692431955084253	0.7692431955084252	HG003	hg38	-1	-2	sent	sentd
Irl1-HG003-1x-150bp-0-DBC1-PCR-FREE-ILMN-NOVASEQ-sent-sentd-INS_50	INS_50	Irl1-HG003-1x-150bp-0-DBC1-PCR-FREE-ILMN-NOVASEQ	3088286401.0	3088023458.0	186265.0	76678.0	52932.0	0.3906631715972111	0.29161453242718005	0.9999828592323132	0.4083944140112646	0.5916055859887355	0.5916055859887355	HG003	hg38	-1	-2	sent	sentd
Irl1-HG003-1x-150bp-0-DBC1-PCR-FREE-ILMN-NOVASEQ-sent-sentd-INS_gt50	INS_gt50	Irl1-HG003-1x-150bp-0-DBC1-PCR-FREE-ILMN-NOVASEQ	3088286401.0	3088286163.0	237.0	1.0	89.0	0.0060975609756097554	0.004201680672268907	0.9999999711814279	0.9888888888888889	0.011111111111111072	0.011111111111111112	HG003	hg38	-1	-2	sent	sentd
Irl1-HG003-1x-150bp-0-DBC1-PCR-FREE-ILMN-NOVASEQ-sent-sentd-DEL_50	DEL_50	Irl1-HG003-1x-150bp-0-DBC1-PCR-FREE-ILMN-NOVASEQ	3088286401.0	3088008864.0	192011.0	85526.0	55996.0	0.4081811868973105	0.30816071370664094	0.9999818669611752	0.3956699311767782	0.6043300688232218	0.6043300688232218	HG003	hg38	-1	-2	sent	sentd
Irl1-HG003-1x-150bp-0-DBC1-PCR-FREE-ILMN-NOVASEQ-sent-sentd-DEL_gt50	DEL_gt50	Irl1-HG003-1x-150bp-0-DBC1-PCR-FREE-ILMN-NOVASEQ	3088286401.0	3088286263.0	125.0	13.0	369.0	0.049999999999999996	0.09420289855072464	0.999999880516272	0.9659685863874345	0.03403141361256545	0.034031413612565446	HG003	hg38	-1	-2	sent	sentd
Irl1-HG003-1x-150bp-0-DBC1-PCR-FREE-ILMN-NOVASEQ-sent-sentd-Indel_50	Indel_50	Irl1-HG003-1x-150bp-0-DBC1-PCR-FREE-ILMN-NOVASEQ	3088286401.0	3088259444.0	23817.0	3140.0	1939.0	0.19602946684979397	0.11648180435508403	0.9999993721386374	0.3817680645796417	0.6182319354203583	0.6182319354203584	HG003	hg38	-1	-2	sent	sentd
Irl1-HG003-1x-150bp-0-DBC1-PCR-FREE-ILMN-NOVASEQ-sent-sentd-Indel_gt50	Indel_gt50	Irl1-HG003-1x-150bp-0-DBC1-PCR-FREE-ILMN-NOVASEQ	3088286401.0	3088285146.0	1198.0	57.0	54.0	0.08345534407027817	0.04541832669322709	0.9999999825145682	0.4864864864864865	0.5135135135135135	0.5135135135135135	HG003	hg38	-1	-2	sent	sentd
Irl1-HG003-1x-150bp-0-DBC1-PCR-FREE-ILMN-NOVASEQ-sent-sentd-All	All	Irl1-HG003-1x-150bp-0-DBC1-PCR-FREE-ILMN-NOVASEQ	3088286401.0	3084287467.0	3166350.0	832584.0	267147.0	0.3265890188902389	0.20820148569593797	0.9999133920343678	0.24292031414955112	0.7570796858504489	0.7570796858504489	HG003	hg38	-1	-2	sent	sentd
Irl1-HG003-1x-150bp-0-DBC1-PCR-FREE-ILMN-NOVASEQ-sent-sentd-SNPts	SNPts	Irl1-HG003-1x-150bp-0-DBC1-PCR-FREE-ILMN-NOVASEQ	2505355380.0	2503152515.0	1767961.0	434904.0	3178.0	0.3293545837913445	0.19742653317384407	0.9999987304025839	0.007254349642304409	0.9927456503576956	0.9927456503576956	HG003	giabHC_x_ultima	-1	-2	sent	sentd
Irl1-HG003-1x-150bp-0-DBC1-PCR-FREE-ILMN-NOVASEQ-sent-sentd-SNPtv	SNPtv	Irl1-HG003-1x-150bp-0-DBC1-PCR-FREE-ILMN-NOVASEQ	2505355380.0	2504321184.0	831318.0	202878.0	1634.0	0.32756388107608897	0.19616977826253437	0.9999993475282067	0.007989751212642778	0.9920102487873572	0.9920102487873572	HG003	giabHC_x_ultima	-1	-2	sent	sentd
Irl1-HG003-1x-150bp-0-DBC1-PCR-FREE-ILMN-NOVASEQ-sent-sentd-INS_50	INS_50	Irl1-HG003-1x-150bp-0-DBC1-PCR-FREE-ILMN-NOVASEQ	2505355380.0	2505199702.0	116852.0	38826.0	914.0	0.397363600077782	0.24939940132838295	0.9999996351589593	0.022999496728736787	0.9770005032712632	0.9770005032712632	HG003	giabHC_x_ultima	-1	-2	sent	sentd
Irl1-HG003-1x-150bp-0-DBC1-PCR-FREE-ILMN-NOVASEQ-sent-sentd-INS_gt50	INS_gt50	Irl1-HG003-1x-150bp-0-DBC1-PCR-FREE-ILMN-NOVASEQ	2505355380.0	2505355380.0	0.0	0.0	0.0			1.0				HG003	giabHC_x_ultima	-1	-2	sent	sentd
Irl1-HG003-1x-150bp-0-DBC1-PCR-FREE-ILMN-NOVASEQ-sent-sentd-DEL_50	DEL_50	Irl1-HG003-1x-150bp-0-DBC1-PCR-FREE-ILMN-NOVASEQ	2505355380.0	2505187297.0	125376.0	42707.0	1296.0	0.40273285365370654	0.25408280432881375	0.9999994826736783	0.02945253732700043	0.9705474626729995	0.9705474626729995	HG003	giabHC_x_ultima	-1	-2	sent	sentd
Irl1-HG003-1x-150bp-0-DBC1-PCR-FREE-ILMN-NOVASEQ-sent-sentd-DEL_gt50	DEL_gt50	Irl1-HG003-1x-150bp-0-DBC1-PCR-FREE-ILMN-NOVASEQ	2505355380.0	2505355380.0	0.0	0.0	30.0			0.999999988025651	1.0	0.0	0.0	HG003	giabHC_x_ultima	-1	-2	sent	sentd
Irl1-HG003-1x-150bp-0-DBC1-PCR-FREE-ILMN-NOVASEQ-sent-sentd-Indel_50	Indel_50	Irl1-HG003-1x-150bp-0-DBC1-PCR-FREE-ILMN-NOVASEQ	2505355380.0	2505346507.0	7763.0	1110.0	5.0	0.2222667200640769	0.12509861377211767	0.9999999980042681	0.004484304932735426	0.9955156950672646	0.9955156950672646	HG003	giabHC_x_ultima	-1	-2	sent	sentd
Irl1-HG003-1x-150bp-0-DBC1-PCR-FREE-ILMN-NOVASEQ-sent-sentd-Indel_gt50	Indel_gt50	Irl1-HG003-1x-150bp-0-DBC1-PCR-FREE-ILMN-NOVASEQ	2505355380.0	2505355134.0	222.0	24.0	0.0	0.17777777777777776	0.0975609756097561	1.0	0.0	1.0	1.0	HG003	giabHC_x_ultima	-1	-2	sent	sentd
Irl1-HG003-1x-150bp-0-DBC1-PCR-FREE-ILMN-NOVASEQ-sent-sentd-All	All	Irl1-HG003-1x-150bp-0-DBC1-PCR-FREE-ILMN-NOVASEQ	2505355380.0	2501785439.0	2849492.0	720449.0	7057.0	0.33529162779668953	0.20180977780865286	0.999997179222493	0.00970026364043733	0.9902997363595627	0.9902997363595627	HG003	giabHC_x_ultima	-1	-2	sent	sentd
Irl1-HG003-1x-150bp-0-DBC1-PCR-FREE-ILMN-NOVASEQ-sent-sentd-SNPts	SNPts	Irl1-HG003-1x-150bp-0-DBC1-PCR-FREE-ILMN-NOVASEQ	2528531102.0	2526276233.0	1813081.0	441788.0	4294.0	0.32713514610224326	0.19592623784352883	0.9999983002679417	0.009626032881846835	0.9903739671181532	0.9903739671181532	HG003	giabHC	-1	-2	sent	sentd
Irl1-HG003-1x-150bp-0-DBC1-PCR-FREE-ILMN-NOVASEQ-sent-sentd-SNPtv	SNPtv	Irl1-HG003-1x-150bp-0-DBC1-PCR-FREE-ILMN-NOVASEQ	2528531102.0	2527459231.0	863295.0	208576.0	2362.0	0.32518636835257625	0.194590580396335	0.9999990654655222	0.011197603087163053	0.988802396912837	0.988802396912837	HG003	giabHC	-1	-2	sent	sentd
Irl1-HG003-1x-150bp-0-DBC1-PCR-FREE-ILMN-NOVASEQ-sent-sentd-INS_50	INS_50	Irl1-HG003-1x-150bp-0-DBC1-PCR-FREE-ILMN-NOVASEQ	2528531102.0	2528296324.0	165939.0	68839.0	3912.0	0.4476911120577246	0.2932089037303325	0.9999984527154077	0.05377245673598988	0.9462275432640102	0.9462275432640102	HG003	giabHC	-1	-2	sent	sentd
Irl1-HG003-1x-150bp-0-DBC1-PCR-FREE-ILMN-NOVASEQ-sent-sentd-INS_gt50	INS_gt50	Irl1-HG003-1x-150bp-0-DBC1-PCR-FREE-ILMN-NOVASEQ	2528531102.0	2528531101.0	1.0	0.0	0.0		0.0	1.0				HG003	giabHC	-1	-2	sent	sentd
Irl1-HG003-1x-150bp-0-DBC1-PCR-FREE-ILMN-NOVASEQ-sent-sentd-DEL_50	DEL_50	Irl1-HG003-1x-150bp-0-DBC1-PCR-FREE-ILMN-NOVASEQ	2528531102.0	2528281805.0	172443.0	76854.0	3869.0	0.46575359069147326	0.30828289149087235	0.9999984697140676	0.04792933860238098	0.952070661397619	0.952070661397619	HG003	giabHC	-1	-2	sent	sentd
Irl1-HG003-1x-150bp-0-DBC1-PCR-FREE-ILMN-NOVASEQ-sent-sentd-DEL_gt50	DEL_gt50	Irl1-HG003-1x-150bp-0-DBC1-PCR-FREE-ILMN-NOVASEQ	2528531102.0	2528531102.0	0.0	0.0	31.0			0.9999999877399176	1.0	0.0	0.0	HG003	giabHC	-1	-2	sent	sentd
Irl1-HG003-1x-150bp-0-DBC1-PCR-FREE-ILMN-NOVASEQ-sent-sentd-Indel_50	Indel_50	Irl1-HG003-1x-150bp-0-DBC1-PCR-FREE-ILMN-NOVASEQ	2528531102.0	2528511193.0	17302.0	2607.0	28.0	0.23128105039034777	0.130945803405495	0.99999998892629	0.01062618595825427	0.9893738140417457	0.9893738140417457	HG003	giabHC	-1	-2	sent	sentd
Irl1-HG003-1x-150bp-0-DBC1-PCR-FREE-ILMN-NOVASEQ-sent-sentd-Indel_gt50	Indel_gt50	Irl1-HG003-1x-150bp-0-DBC1-PCR-FREE-ILMN-NOVASEQ	2528531102.0	2528530779.0	295.0	28.0	0.0	0.15954415954415954	0.08668730650154799	1.0	0.0	1.0	1.0	HG003	giabHC	-1	-2	sent	sentd
Irl1-HG003-1x-150bp-0-DBC1-PCR-FREE-ILMN-NOVASEQ-sent-sentd-All	All	Irl1-HG003-1x-150bp-0-DBC1-PCR-FREE-ILMN-NOVASEQ	2528531102.0	2524700054.0	3032356.0	798692.0	14496.0	0.34394979066524617	0.2084787243594964	0.9999942583608116	0.01782613614563914	0.9821738638543609	0.9821738638543609	HG003	giabHC	-1	-2	sent	sentd
Irl1-HG003-1x-150bp-0-DBC1-PCR-FREE-ILMN-NOVASEQ-sent-sentd-SNPts	SNPts	Irl1-HG003-1x-150bp-0-DBC1-PCR-FREE-ILMN-NOVASEQ	377862616.0	377589367.0	216449.0	56800.0	10270.0	0.33380445993318036	0.20786901324433027	0.9999728018806332	0.15312360220664978	0.8468763977933502	0.8468763977933502	HG003	clinvar_genes	-1	-2	sent	sentd
Irl1-HG003-1x-150bp-0-DBC1-PCR-FREE-ILMN-NOVASEQ-sent-sentd-SNPtv	SNPtv	Irl1-HG003-1x-150bp-0-DBC1-PCR-FREE-ILMN-NOVASEQ	377862616.0	377738276.0	98733.0	25607.0	6089.0	0.3282191289189674	0.2059433810519543	0.9999838806331366	0.19210625946491672	0.8078937405350832	0.8078937405350833	HG003	clinvar_genes	-1	-2	sent	sentd
Irl1-HG003-1x-150bp-0-DBC1-PCR-FREE-ILMN-NOVASEQ-sent-sentd-INS_50	INS_50	Irl1-HG003-1x-150bp-0-DBC1-PCR-FREE-ILMN-NOVASEQ	377862616.0	377832810.0	21043.0	8763.0	5852.0	0.39454312149658943	0.2940012078105079	0.9999845119078894	0.4004105371193979	0.5995894628806021	0.5995894628806021	HG003	clinvar_genes	-1	-2	sent	sentd
Irl1-HG003-1x-150bp-0-DBC1-PCR-FREE-ILMN-NOVASEQ-sent-sentd-INS_gt50	INS_gt50	Irl1-HG003-1x-150bp-0-DBC1-PCR-FREE-ILMN-NOVASEQ	377862616.0	377862586.0	30.0	0.0	22.0		0.0	0.9999999417777797	1.0	0.0	0.0	HG003	clinvar_genes	-1	-2	sent	sentd
Irl1-HG003-1x-150bp-0-DBC1-PCR-FREE-ILMN-NOVASEQ-sent-sentd-DEL_50	DEL_50	Irl1-HG003-1x-150bp-0-DBC1-PCR-FREE-ILMN-NOVASEQ	377862616.0	377831071.0	21913.0	9632.0	6242.0	0.40625065901853685	0.3053415755270249	0.999983479662317	0.39322162025954394	0.606778379740456	0.6067783797404561	HG003	clinvar_genes	-1	-2	sent	sentd
Irl1-HG003-1x-150bp-0-DBC1-PCR-FREE-ILMN-NOVASEQ-sent-sentd-DEL_gt50	DEL_gt50	Irl1-HG003-1x-150bp-0-DBC1-PCR-FREE-ILMN-NOVASEQ	377862616.0	377862598.0	17.0	1.0	47.0	0.030303030303030304	0.05555555555555555	0.999999875616178	0.9791666666666666	0.02083333333333337	0.020833333333333332	HG003	clinvar_genes	-1	-2	sent	sentd
Irl1-HG003-1x-150bp-0-DBC1-PCR-FREE-ILMN-NOVASEQ-sent-sentd-Indel_50	Indel_50	Irl1-HG003-1x-150bp-0-DBC1-PCR-FREE-ILMN-NOVASEQ	377862616.0	377859954.0	2360.0	302.0	222.0	0.18957940991839298	0.11344853493613824	0.9999994124810867	0.42366412213740456	0.5763358778625954	0.5763358778625954	HG003	clinvar_genes	-1	-2	sent	sentd
Irl1-HG003-1x-150bp-0-DBC1-PCR-FREE-ILMN-NOVASEQ-sent-sentd-Indel_gt50	Indel_gt50	Irl1-HG003-1x-150bp-0-DBC1-PCR-FREE-ILMN-NOVASEQ	377862616.0	377862480.0	128.0	8.0	4.0	0.10810810810810811	0.058823529411764705	0.9999999894141383	0.3333333333333333	0.6666666666666667	0.6666666666666666	HG003	clinvar_genes	-1	-2	sent	sentd
Irl1-HG003-1x-150bp-0-DBC1-PCR-FREE-ILMN-NOVASEQ-sent-sentd-All	All	Irl1-HG003-1x-150bp-0-DBC1-PCR-FREE-ILMN-NOVASEQ	377862616.0	377400830.0	360673.0	101113.0	28748.0	0.3418017838339415	0.21896073072808617	0.9999238321486293	0.22137516267393598	0.778624837326064	0.778624837326064	HG003	clinvar_genes	-1	-2	sent	sentd
Irl1-HG003-1x-150bp-0-DBC1-PCR-FREE-ILMN-NOVASEQ-sent-sentd-SNPts	SNPts	Irl1-HG003-1x-150bp-0-DBC1-PCR-FREE-ILMN-NOVASEQ	688815815.0	688747829.0	56886.0	11100.0	87193.0	0.1335105455289002	0.16326890830465096	0.999873419618319	0.8870723245805907	0.11292767541940929	0.11292767541940932	HG003	hg38_m_giabHC	-1	-2	sent	sentd
Irl1-HG003-1x-150bp-0-DBC1-PCR-FREE-ILMN-NOVASEQ-sent-sentd-SNPtv	SNPtv	Irl1-HG003-1x-150bp-0-DBC1-PCR-FREE-ILMN-NOVASEQ	688815815.0	688780669.0	29435.0	5711.0	61919.0	0.11113489530629718	0.16249359813350026	0.9999101115391548	0.9155552269702795	0.08444477302972053	0.08444477302972053	HG003	hg38_m_giabHC	-1	-2	sent	sentd
Irl1-HG003-1x-150bp-0-DBC1-PCR-FREE-ILMN-NOVASEQ-sent-sentd-INS_50	INS_50	Irl1-HG003-1x-150bp-0-DBC1-PCR-FREE-ILMN-NOVASEQ	688815815.0	688787727.0	20261.0	7827.0	49020.0	0.18430564549361275	0.27865992594702366	0.9999288365491338	0.8623146340176263	0.1376853659823737	0.13768536598237374	HG003	hg38_m_giabHC	-1	-2	sent	sentd
Irl1-HG003-1x-150bp-0-DBC1-PCR-FREE-ILMN-NOVASEQ-sent-sentd-INS_gt50	INS_gt50	Irl1-HG003-1x-150bp-0-DBC1-PCR-FREE-ILMN-NOVASEQ	688815815.0	688815578.0	236.0	1.0	89.0	0.0061162079510703364	0.004219409282700422	0.9999998707927182	0.9888888888888889	0.011111111111111072	0.011111111111111112	HG003	hg38_m_giabHC	-1	-2	sent	sentd
Irl1-HG003-1x-150bp-0-DBC1-PCR-FREE-ILMN-NOVASEQ-sent-sentd-DEL_50	DEL_50	Irl1-HG003-1x-150bp-0-DBC1-PCR-FREE-ILMN-NOVASEQ	688815815.0	688787384.0	19732.0	8699.0	52131.0	0.19491155151746004	0.3059688368330344	0.999924320543661	0.8569949038303468	0.14300509616965318	0.14300509616965312	HG003	hg38_m_giabHC	-1	-2	sent	sentd
Irl1-HG003-1x-150bp-0-DBC1-PCR-FREE-ILMN-NOVASEQ-sent-sentd-DEL_gt50	DEL_gt50	Irl1-HG003-1x-150bp-0-DBC1-PCR-FREE-ILMN-NOVASEQ	688815815.0	688815677.0	125.0	13.0	338.0	0.053169734151329244	0.09420289855072464	0.9999995093029305	0.9629629629629629	0.03703703703703709	0.037037037037037035	HG003	hg38_m_giabHC	-1	-2	sent	sentd
Irl1-HG003-1x-150bp-0-DBC1-PCR-FREE-ILMN-NOVASEQ-sent-sentd-Indel_50	Indel_50	Irl1-HG003-1x-150bp-0-DBC1-PCR-FREE-ILMN-NOVASEQ	688815815.0	688808766.0	6516.0	533.0	1911.0	0.11229326872432319	0.07561356220740531	0.999997225652761	0.7819148936170213	0.21808510638297873	0.21808510638297873	HG003	hg38_m_giabHC	-1	-2	sent	sentd
Irl1-HG003-1x-150bp-0-DBC1-PCR-FREE-ILMN-NOVASEQ-sent-sentd-Indel_gt50	Indel_gt50	Irl1-HG003-1x-150bp-0-DBC1-PCR-FREE-ILMN-NOVASEQ	688815815.0	688814881.0	905.0	29.0	54.0	0.05703048180924287	0.031049250535331904	0.9999999216044873	0.6506024096385542	0.3493975903614458	0.3493975903614458	HG003	hg38_m_giabHC	-1	-2	sent	sentd
Irl1-HG003-1x-150bp-0-DBC1-PCR-FREE-ILMN-NOVASEQ-sent-sentd-All	All	Irl1-HG003-1x-150bp-0-DBC1-PCR-FREE-ILMN-NOVASEQ	688815815.0	688647806.0	134096.0	33913.0	252655.0	0.14920684504495388	0.20185228172300293	0.9996332489027032	0.8816581055805254	0.11834189441947462	0.11834189441947461	HG003	hg38_m_giabHC	-1	-2	sent	sentd
Irl1-HG003-1x-150bp-0-DBC1-PCR-FREE-ILMN-NOVASEQ-sent-sentd-SNPts	SNPts	Irl1-HG003-1x-150bp-0-DBC1-PCR-FREE-ILMN-NOVASEQ	337668665.0	337403095.0	210096.0	55474.0	796.0	0.3447303007705692	0.2088865459200964	0.9999976408096609	0.014146081393282389	0.9858539186067176	0.9858539186067176	HG003	giabHC_x_clinvar_genes	-1	-2	sent	sentd
Irl1-HG003-1x-150bp-0-DBC1-PCR-FREE-ILMN-NOVASEQ-sent-sentd-SNPtv	SNPtv	Irl1-HG003-1x-150bp-0-DBC1-PCR-FREE-ILMN-NOVASEQ	337668665.0	337548400.0	95325.0	24940.0	405.0	0.34255889018611363	0.2073753793705567	0.9999988001735038	0.015979483132767803	0.9840205168672322	0.9840205168672322	HG003	giabHC_x_clinvar_genes	-1	-2	sent	sentd
Irl1-HG003-1x-150bp-0-DBC1-PCR-FREE-ILMN-NOVASEQ-sent-sentd-INS_50	INS_50	Irl1-HG003-1x-150bp-0-DBC1-PCR-FREE-ILMN-NOVASEQ	337668665.0	337641794.0	18917.0	7954.0	465.0	0.45077925758005105	0.29600684753079526	0.9999986228027221	0.055232212851882644	0.9447677871481174	0.9447677871481174	HG003	giabHC_x_clinvar_genes	-1	-2	sent	sentd
Irl1-HG003-1x-150bp-0-DBC1-PCR-FREE-ILMN-NOVASEQ-sent-sentd-INS_gt50	INS_gt50	Irl1-HG003-1x-150bp-0-DBC1-PCR-FREE-ILMN-NOVASEQ	337668665.0	337668665.0	0.0	0.0	0.0			1.0				HG003	giabHC_x_clinvar_genes	-1	-2	sent	sentd
Irl1-HG003-1x-150bp-0-DBC1-PCR-FREE-ILMN-NOVASEQ-sent-sentd-DEL_50	DEL_50	Irl1-HG003-1x-150bp-0-DBC1-PCR-FREE-ILMN-NOVASEQ	337668665.0	337640101.0	19831.0	8733.0	509.0	0.4619901602920172	0.3057344909676516	0.9999984924799182	0.05507465916468297	0.944925340835317	0.944925340835317	HG003	giabHC_x_clinvar_genes	-1	-2	sent	sentd
Irl1-HG003-1x-150bp-0-DBC1-PCR-FREE-ILMN-NOVASEQ-sent-sentd-DEL_gt50	DEL_gt50	Irl1-HG003-1x-150bp-0-DBC1-PCR-FREE-ILMN-NOVASEQ	337668665.0	337668665.0	0.0	0.0	7.0			0.9999999792696197	1.0	0.0	0.0	HG003	giabHC_x_clinvar_genes	-1	-2	sent	sentd
Irl1-HG003-1x-150bp-0-DBC1-PCR-FREE-ILMN-NOVASEQ-sent-sentd-Indel_50	Indel_50	Irl1-HG003-1x-150bp-0-DBC1-PCR-FREE-ILMN-NOVASEQ	337668665.0	337666680.0	1725.0	260.0	6.0	0.2310084406930253	0.1309823677581864	0.9999999822309981	0.022556390977443608	0.9774436090225564	0.9774436090225563	HG003	giabHC_x_clinvar_genes	-1	-2	sent	sentd
Irl1-HG003-1x-150bp-0-DBC1-PCR-FREE-ILMN-NOVASEQ-sent-sentd-Indel_gt50	Indel_gt50	Irl1-HG003-1x-150bp-0-DBC1-PCR-FREE-ILMN-NOVASEQ	337668665.0	337668632.0	28.0	5.0	0.0	0.2631578947368421	0.15151515151515152	1.0	0.0	1.0	1.0	HG003	giabHC_x_clinvar_genes	-1	-2	sent	sentd
Irl1-HG003-1x-150bp-0-DBC1-PCR-FREE-ILMN-NOVASEQ-sent-sentd-All	All	Irl1-HG003-1x-150bp-0-DBC1-PCR-FREE-ILMN-NOVASEQ	337668665.0	337225377.0	345922.0	97366.0	2188.0	0.3587268486963058	0.21964501633249717	0.9999935117996656	0.02197802197802198	0.978021978021978	0.978021978021978	HG003	giabHC_x_clinvar_genes	-1	-2	sent	sentd
Irl1-HG003-1x-150bp-0-DBC1-PCR-FREE-ILMN-NOVASEQ-sent-sentd-SNPts	SNPts	Irl1-HG003-1x-150bp-0-DBC1-PCR-FREE-ILMN-NOVASEQ	2799325643.0	2797071731.0	1810287.0	443625.0	42885.0	0.32376400423000545	0.1968244545483586	0.9999846681291662	0.08814823950175742	0.9118517604982426	0.9118517604982426	HG003	ultima	-1	-2	sent	sentd
Irl1-HG003-1x-150bp-0-DBC1-PCR-FREE-ILMN-NOVASEQ-sent-sentd-SNPtv	SNPtv	Irl1-HG003-1x-150bp-0-DBC1-PCR-FREE-ILMN-NOVASEQ	2799325643.0	2798267202.0	851506.0	206935.0	25738.0	0.3205526390388455	0.19550924425641109	0.9999908022496029	0.110618765391773	0.889381234608227	0.889381234608227	HG003	ultima	-1	-2	sent	sentd
Irl1-HG003-1x-150bp-0-DBC1-PCR-FREE-ILMN-NOVASEQ-sent-sentd-INS_50	INS_50	Irl1-HG003-1x-150bp-0-DBC1-PCR-FREE-ILMN-NOVASEQ	2799325643.0	2799159449.0	124517.0	41677.0	7870.0	0.3863614241150267	0.25077319277470905	0.9999971884495984	0.1588390820836781	0.8411609179163219	0.8411609179163219	HG003	ultima	-1	-2	sent	sentd
Irl1-HG003-1x-150bp-0-DBC1-PCR-FREE-ILMN-NOVASEQ-sent-sentd-INS_gt50	INS_gt50	Irl1-HG003-1x-150bp-0-DBC1-PCR-FREE-ILMN-NOVASEQ	2799325643.0	2799325547.0	96.0	0.0	17.0		0.0	0.9999999939271087	1.0	0.0	0.0	HG003	ultima	-1	-2	sent	sentd
Irl1-HG003-1x-150bp-0-DBC1-PCR-FREE-ILMN-NOVASEQ-sent-sentd-DEL_50	DEL_50	Irl1-HG003-1x-150bp-0-DBC1-PCR-FREE-ILMN-NOVASEQ	2799325643.0	2799145029.0	134232.0	46382.0	11326.0	0.3892380896434236	0.2568017983102085	0.9999959537808669	0.1962639495390587	0.8037360504609413	0.8037360504609413	HG003	ultima	-1	-2	sent	sentd
Irl1-HG003-1x-150bp-0-DBC1-PCR-FREE-ILMN-NOVASEQ-sent-sentd-DEL_gt50	DEL_gt50	Irl1-HG003-1x-150bp-0-DBC1-PCR-FREE-ILMN-NOVASEQ	2799325643.0	2799325554.0	81.0	8.0	175.0	0.058823529411764705	0.0898876404494382	0.9999999374849456	0.9562841530054644	0.04371584699453557	0.04371584699453552	HG003	ultima	-1	-2	sent	sentd
Irl1-HG003-1x-150bp-0-DBC1-PCR-FREE-ILMN-NOVASEQ-sent-sentd-Indel_50	Indel_50	Irl1-HG003-1x-150bp-0-DBC1-PCR-FREE-ILMN-NOVASEQ	2799325643.0	2799314293.0	10023.0	1327.0	212.0	0.20591201799984482	0.11691629955947136	0.9999999242671734	0.13775178687459388	0.8622482131254061	0.8622482131254061	HG003	ultima	-1	-2	sent	sentd
Irl1-HG003-1x-150bp-0-DBC1-PCR-FREE-ILMN-NOVASEQ-sent-sentd-Indel_gt50	Indel_gt50	Irl1-HG003-1x-150bp-0-DBC1-PCR-FREE-ILMN-NOVASEQ	2799325643.0	2799324976.0	623.0	44.0	15.0	0.12121212121212123	0.06596701649175413	0.9999999946415654	0.2542372881355932	0.7457627118644068	0.7457627118644068	HG003	ultima	-1	-2	sent	sentd
Irl1-HG003-1x-150bp-0-DBC1-PCR-FREE-ILMN-NOVASEQ-sent-sentd-All	All	Irl1-HG003-1x-150bp-0-DBC1-PCR-FREE-ILMN-NOVASEQ	2799325643.0	2795654280.0	2931365.0	739998.0	88238.0	0.32891731018697445	0.20155947532292504	0.9999684384382925	0.10653726715573822	0.8934627328442618	0.8934627328442618	HG003	ultima	-1	-2	sent	sentd
Irl1-HG003-1x-50bp-0-DBC13-PCR-FREE-ILMN-NOVASEQ-sent-sentd-SNPts	SNPts	Irl1-HG003-1x-50bp-0-DBC13-PCR-FREE-ILMN-NOVASEQ	688815815.0	688747855.0	65999.0	1961.0	17450.0	0.044889036407961456	0.02885520894643908	0.9999746648098078	0.8989748080985008	0.10102519190149917	0.10102519190149915	HG003	hg38_m_giabHC	-1	-2	sent	sentd
Irl1-HG003-1x-50bp-0-DBC13-PCR-FREE-ILMN-NOVASEQ-sent-sentd-SNPtv	SNPtv	Irl1-HG003-1x-50bp-0-DBC13-PCR-FREE-ILMN-NOVASEQ	688815815.0	688780692.0	34096.0	1027.0	13344.0	0.04149997979553077	0.029240099080374685	0.9999806270099586	0.9285366362814	0.07146336371859996	0.07146336371859996	HG003	hg38_m_giabHC	-1	-2	sent	sentd
Irl1-HG003-1x-50bp-0-DBC13-PCR-FREE-ILMN-NOVASEQ-sent-sentd-INS_50	INS_50	Irl1-HG003-1x-50bp-0-DBC13-PCR-FREE-ILMN-NOVASEQ	688815815.0	688788912.0	25355.0	1548.0	13473.0	0.07384791527526	0.057540051295394565	0.9999804399631979	0.8969442780107849	0.10305572198921509	0.1030557219892151	HG003	hg38_m_giabHC	-1	-2	sent	sentd
Irl1-HG003-1x-50bp-0-DBC13-PCR-FREE-ILMN-NOVASEQ-sent-sentd-INS_gt50	INS_gt50	Irl1-HG003-1x-50bp-0-DBC13-PCR-FREE-ILMN-NOVASEQ	688815815.0	688815578.0	237.0	0.0	0.0		0.0	1.0				HG003	hg38_m_giabHC	-1	-2	sent	sentd
Irl1-HG003-1x-50bp-0-DBC13-PCR-FREE-ILMN-NOVASEQ-sent-sentd-DEL_50	DEL_50	Irl1-HG003-1x-50bp-0-DBC13-PCR-FREE-ILMN-NOVASEQ	688815815.0	688788911.0	24972.0	1932.0	15615.0	0.08692717824120942	0.07181088314005353	0.999977330288332	0.8898957086681484	0.11010429133185162	0.1101042913318516	HG003	hg38_m_giabHC	-1	-2	sent	sentd
Irl1-HG003-1x-50bp-0-DBC13-PCR-FREE-ILMN-NOVASEQ-sent-sentd-DEL_gt50	DEL_gt50	Irl1-HG003-1x-50bp-0-DBC13-PCR-FREE-ILMN-NOVASEQ	688815815.0	688815677.0	137.0	1.0	43.0	0.010989010989010988	0.007246376811594203	0.9999999375740147	0.9772727272727273	0.022727272727272707	0.022727272727272728	HG003	hg38_m_giabHC	-1	-2	sent	sentd
Irl1-HG003-1x-50bp-0-DBC13-PCR-FREE-ILMN-NOVASEQ-sent-sentd-Indel_50	Indel_50	Irl1-HG003-1x-50bp-0-DBC13-PCR-FREE-ILMN-NOVASEQ	688815815.0	688806317.0	9474.0	24.0	146.0	0.004964832436905254	0.002526847757422615	0.9999997880391549	0.8588235294117647	0.14117647058823535	0.1411764705882353	HG003	hg38_m_giabHC	-1	-2	sent	sentd
Irl1-HG003-1x-50bp-0-DBC13-PCR-FREE-ILMN-NOVASEQ-sent-sentd-Indel_gt50	Indel_gt50	Irl1-HG003-1x-50bp-0-DBC13-PCR-FREE-ILMN-NOVASEQ	688815815.0	688814591.0	1224.0	0.0	0.0		0.0	1.0				HG003	hg38_m_giabHC	-1	-2	sent	sentd
Irl1-HG003-1x-50bp-0-DBC13-PCR-FREE-ILMN-NOVASEQ-sent-sentd-All	All	Irl1-HG003-1x-50bp-0-DBC13-PCR-FREE-ILMN-NOVASEQ	688815815.0	688647828.0	161494.0	6493.0	60071.0	0.05536535764076896	0.038651800436938576	0.9999127772454952	0.9024547803617571	0.09754521963824292	0.09754521963824289	HG003	hg38_m_giabHC	-1	-2	sent	sentd
Irl1-HG003-1x-50bp-0-DBC13-PCR-FREE-ILMN-NOVASEQ-sent-sentd-SNPts	SNPts	Irl1-HG003-1x-50bp-0-DBC13-PCR-FREE-ILMN-NOVASEQ	2505355380.0	2503152649.0	2136976.0	65755.0	601.0	0.057957231256448076	0.029851579698111117	0.9999997599028345	0.009057206582675267	0.9909427934173247	0.9909427934173247	HG003	giabHC_x_ultima	-1	-2	sent	sentd
Irl1-HG003-1x-50bp-0-DBC13-PCR-FREE-ILMN-NOVASEQ-sent-sentd-SNPtv	SNPtv	Irl1-HG003-1x-50bp-0-DBC13-PCR-FREE-ILMN-NOVASEQ	2505355380.0	2504321360.0	1002999.0	31021.0	379.0	0.058232434157421485	0.030000386839712966	0.999999848661618	0.012070063694267516	0.9879299363057324	0.9879299363057324	HG003	giabHC_x_ultima	-1	-2	sent	sentd
Irl1-HG003-1x-50bp-0-DBC13-PCR-FREE-ILMN-NOVASEQ-sent-sentd-INS_50	INS_50	Irl1-HG003-1x-50bp-0-DBC13-PCR-FREE-ILMN-NOVASEQ	2505355380.0	2505201661.0	147198.0	6521.0	369.0	0.0812034194845868	0.04242156142051406	0.9999998527064901	0.05355587808417997	0.9464441219158201	0.9464441219158201	HG003	giabHC_x_ultima	-1	-2	sent	sentd
Irl1-HG003-1x-50bp-0-DBC13-PCR-FREE-ILMN-NOVASEQ-sent-sentd-INS_gt50	INS_gt50	Irl1-HG003-1x-50bp-0-DBC13-PCR-FREE-ILMN-NOVASEQ	2505355380.0	2505355380.0	0.0	0.0	0.0			1.0				HG003	giabHC_x_ultima	-1	-2	sent	sentd
Irl1-HG003-1x-50bp-0-DBC13-PCR-FREE-ILMN-NOVASEQ-sent-sentd-DEL_50	DEL_50	Irl1-HG003-1x-50bp-0-DBC13-PCR-FREE-ILMN-NOVASEQ	2505355380.0	2505189737.0	157233.0	8410.0	707.0	0.09624628061341267	0.05077184064524308	0.9999997177859266	0.07754743885049907	0.9224525611495009	0.9224525611495009	HG003	giabHC_x_ultima	-1	-2	sent	sentd
Irl1-HG003-1x-50bp-0-DBC13-PCR-FREE-ILMN-NOVASEQ-sent-sentd-DEL_gt50	DEL_gt50	Irl1-HG003-1x-50bp-0-DBC13-PCR-FREE-ILMN-NOVASEQ	2505355380.0	2505355380.0	0.0	0.0	15.0			0.9999999940128255	1.0	0.0	0.0	HG003	giabHC_x_ultima	-1	-2	sent	sentd
Irl1-HG003-1x-50bp-0-DBC13-PCR-FREE-ILMN-NOVASEQ-sent-sentd-Indel_50	Indel_50	Irl1-HG003-1x-50bp-0-DBC13-PCR-FREE-ILMN-NOVASEQ	2505355380.0	2505342258.0	13093.0	29.0	0.0	0.004410311002965554	0.0022100289590001525	1.0	0.0	1.0	1.0	HG003	giabHC_x_ultima	-1	-2	sent	sentd
Irl1-HG003-1x-50bp-0-DBC13-PCR-FREE-ILMN-NOVASEQ-sent-sentd-Indel_gt50	Indel_gt50	Irl1-HG003-1x-50bp-0-DBC13-PCR-FREE-ILMN-NOVASEQ	2505355380.0	2505355013.0	367.0	0.0	0.0		0.0	1.0				HG003	giabHC_x_ultima	-1	-2	sent	sentd
Irl1-HG003-1x-50bp-0-DBC13-PCR-FREE-ILMN-NOVASEQ-sent-sentd-All	All	Irl1-HG003-1x-50bp-0-DBC13-PCR-FREE-ILMN-NOVASEQ	2505355380.0	2501785778.0	3457866.0	111736.0	2071.0	0.06066988488109792	0.03130208914047	0.9999991721919983	0.018197474672032476	0.9818025253279675	0.9818025253279675	HG003	giabHC_x_ultima	-1	-2	sent	sentd
Irl1-HG003-1x-50bp-0-DBC13-PCR-FREE-ILMN-NOVASEQ-sent-sentd-SNPts	SNPts	Irl1-HG003-1x-50bp-0-DBC13-PCR-FREE-ILMN-NOVASEQ	2799325643.0	2797071892.0	2186462.0	67289.0	8491.0	0.057770426751135744	0.02985644820568022	0.9999969643346499	0.11204803378200053	0.8879519662179994	0.8879519662179994	HG003	ultima	-1	-2	sent	sentd
Irl1-HG003-1x-50bp-0-DBC13-PCR-FREE-ILMN-NOVASEQ-sent-sentd-SNPtv	SNPtv	Irl1-HG003-1x-50bp-0-DBC13-PCR-FREE-ILMN-NOVASEQ	2799325643.0	2798267392.0	1026488.0	31763.0	6044.0	0.05795861167930894	0.030014618460081778	0.9999978400967102	0.1598645753431904	0.8401354246568096	0.8401354246568096	HG003	ultima	-1	-2	sent	sentd
Irl1-HG003-1x-50bp-0-DBC13-PCR-FREE-ILMN-NOVASEQ-sent-sentd-INS_50	INS_50	Irl1-HG003-1x-50bp-0-DBC13-PCR-FREE-ILMN-NOVASEQ	2799325643.0	2799161875.0	156869.0	6899.0	1633.0	0.08008125362739409	0.042126666992330614	0.9999994166114287	0.19139709329582746	0.8086029067041726	0.8086029067041726	HG003	ultima	-1	-2	sent	sentd
Irl1-HG003-1x-50bp-0-DBC13-PCR-FREE-ILMN-NOVASEQ-sent-sentd-INS_gt50	INS_gt50	Irl1-HG003-1x-50bp-0-DBC13-PCR-FREE-ILMN-NOVASEQ	2799325643.0	2799325547.0	96.0	0.0	0.0		0.0	1.0				HG003	ultima	-1	-2	sent	sentd
Irl1-HG003-1x-50bp-0-DBC13-PCR-FREE-ILMN-NOVASEQ-sent-sentd-DEL_50	DEL_50	Irl1-HG003-1x-50bp-0-DBC13-PCR-FREE-ILMN-NOVASEQ	2799325643.0	2799148259.0	168423.0	8961.0	2965.0	0.09467011779620728	0.05051752130970099	0.9999989407503337	0.24861646822069428	0.7513835317793057	0.7513835317793057	HG003	ultima	-1	-2	sent	sentd
Irl1-HG003-1x-50bp-0-DBC13-PCR-FREE-ILMN-NOVASEQ-sent-sentd-DEL_gt50	DEL_gt50	Irl1-HG003-1x-50bp-0-DBC13-PCR-FREE-ILMN-NOVASEQ	2799325643.0	2799325554.0	88.0	1.0	41.0	0.015267175572519083	0.011235955056179775	0.9999999853536151	0.9761904761904762	0.023809523809523836	0.023809523809523808	HG003	ultima	-1	-2	sent	sentd
Irl1-HG003-1x-50bp-0-DBC13-PCR-FREE-ILMN-NOVASEQ-sent-sentd-Indel_50	Indel_50	Irl1-HG003-1x-50bp-0-DBC13-PCR-FREE-ILMN-NOVASEQ	2799325643.0	2799309001.0	16611.0	31.0	8.0	0.003716803548947905	0.0018627568801826704	0.9999999971421519	0.20512820512820512	0.7948717948717949	0.7948717948717948	HG003	ultima	-1	-2	sent	sentd
Irl1-HG003-1x-50bp-0-DBC13-PCR-FREE-ILMN-NOVASEQ-sent-sentd-Indel_gt50	Indel_gt50	Irl1-HG003-1x-50bp-0-DBC13-PCR-FREE-ILMN-NOVASEQ	2799325643.0	2799324689.0	954.0	0.0	0.0		0.0	1.0				HG003	ultima	-1	-2	sent	sentd
Irl1-HG003-1x-50bp-0-DBC13-PCR-FREE-ILMN-NOVASEQ-sent-sentd-All	All	Irl1-HG003-1x-50bp-0-DBC13-PCR-FREE-ILMN-NOVASEQ	2799325643.0	2795654708.0	3555991.0	114944.0	19182.0	0.06041637703048651	0.03131191372225332	0.9999931386847126	0.14301477714984417	0.8569852228501558	0.8569852228501558	HG003	ultima	-1	-2	sent	sentd
Irl1-HG003-1x-50bp-0-DBC13-PCR-FREE-ILMN-NOVASEQ-sent-sentd-SNPts	SNPts	Irl1-HG003-1x-50bp-0-DBC13-PCR-FREE-ILMN-NOVASEQ	337668665.0	337403104.0	257016.0	8545.0	164.0	0.06231086155977686	0.03217716456859253	0.9999995139347613	0.0188310942702951	0.9811689057297049	0.9811689057297049	HG003	giabHC_x_clinvar_genes	-1	-2	sent	sentd
Irl1-HG003-1x-50bp-0-DBC13-PCR-FREE-ILMN-NOVASEQ-sent-sentd-SNPtv	SNPtv	Irl1-HG003-1x-50bp-0-DBC13-PCR-FREE-ILMN-NOVASEQ	337668665.0	337548412.0	116410.0	3843.0	101.0	0.06188555279113021	0.031957622678852084	0.9999997007837508	0.025608519269776878	0.9743914807302231	0.9743914807302231	HG003	giabHC_x_clinvar_genes	-1	-2	sent	sentd
Irl1-HG003-1x-50bp-0-DBC13-PCR-FREE-ILMN-NOVASEQ-sent-sentd-INS_50	INS_50	Irl1-HG003-1x-50bp-0-DBC13-PCR-FREE-ILMN-NOVASEQ	337668665.0	337642209.0	24606.0	1850.0	170.0	0.12993397949150162	0.06992742667069851	0.999999496508701	0.08415841584158416	0.9158415841584159	0.9158415841584159	HG003	giabHC_x_clinvar_genes	-1	-2	sent	sentd
Irl1-HG003-1x-50bp-0-DBC13-PCR-FREE-ILMN-NOVASEQ-sent-sentd-INS_gt50	INS_gt50	Irl1-HG003-1x-50bp-0-DBC13-PCR-FREE-ILMN-NOVASEQ	337668665.0	337668665.0	0.0	0.0	0.0			1.0				HG003	giabHC_x_clinvar_genes	-1	-2	sent	sentd
Irl1-HG003-1x-50bp-0-DBC13-PCR-FREE-ILMN-NOVASEQ-sent-sentd-DEL_50	DEL_50	Irl1-HG003-1x-50bp-0-DBC13-PCR-FREE-ILMN-NOVASEQ	337668665.0	337640548.0	25720.0	2397.0	227.0	0.15594808236557042	0.08525091581605435	0.9999993276878363	0.08650914634146341	0.9134908536585366	0.9134908536585366	HG003	giabHC_x_clinvar_genes	-1	-2	sent	sentd
Irl1-HG003-1x-50bp-0-DBC13-PCR-FREE-ILMN-NOVASEQ-sent-sentd-DEL_gt50	DEL_gt50	Irl1-HG003-1x-50bp-0-DBC13-PCR-FREE-ILMN-NOVASEQ	337668665.0	337668665.0	0.0	0.0	2.0			0.9999999940770341	1.0	0.0	0.0	HG003	giabHC_x_clinvar_genes	-1	-2	sent	sentd
Irl1-HG003-1x-50bp-0-DBC13-PCR-FREE-ILMN-NOVASEQ-sent-sentd-Indel_50	Indel_50	Irl1-HG003-1x-50bp-0-DBC13-PCR-FREE-ILMN-NOVASEQ	337668665.0	337665836.0	2814.0	15.0	1.0	0.01054481546572935	0.005302226935312832	0.9999999970384922	0.0625	0.9375	0.9375	HG003	giabHC_x_clinvar_genes	-1	-2	sent	sentd
Irl1-HG003-1x-50bp-0-DBC13-PCR-FREE-ILMN-NOVASEQ-sent-sentd-Indel_gt50	Indel_gt50	Irl1-HG003-1x-50bp-0-DBC13-PCR-FREE-ILMN-NOVASEQ	337668665.0	337668619.0	46.0	0.0	0.0		0.0	1.0				HG003	giabHC_x_clinvar_genes	-1	-2	sent	sentd
Irl1-HG003-1x-50bp-0-DBC13-PCR-FREE-ILMN-NOVASEQ-sent-sentd-All	All	Irl1-HG003-1x-50bp-0-DBC13-PCR-FREE-ILMN-NOVASEQ	337668665.0	337225403.0	426612.0	16650.0	665.0	0.07230061422954252	0.03756243485793955	0.9999980280290787	0.03840600635287323	0.9615939936471267	0.9615939936471267	HG003	giabHC_x_clinvar_genes	-1	-2	sent	sentd
Irl1-HG003-1x-50bp-0-DBC13-PCR-FREE-ILMN-NOVASEQ-sent-sentd-SNPts	SNPts	Irl1-HG003-1x-50bp-0-DBC13-PCR-FREE-ILMN-NOVASEQ	2528531102.0	2526276305.0	2188224.0	66573.0	824.0	0.057336294900426056	0.029525052587882634	0.9999996738283419	0.01222606347463537	0.9877739365253646	0.9877739365253646	HG003	giabHC	-1	-2	sent	sentd
Irl1-HG003-1x-50bp-0-DBC13-PCR-FREE-ILMN-NOVASEQ-sent-sentd-SNPtv	SNPtv	Irl1-HG003-1x-50bp-0-DBC13-PCR-FREE-ILMN-NOVASEQ	2528531102.0	2527459386.0	1039824.0	31892.0	531.0	0.05776808898155033	0.0297578836184213	0.9999997899076474	0.016377263054004873	0.9836227369459951	0.9836227369459951	HG003	giabHC	-1	-2	sent	sentd
Irl1-HG003-1x-50bp-0-DBC13-PCR-FREE-ILMN-NOVASEQ-sent-sentd-INS_50	INS_50	Irl1-HG003-1x-50bp-0-DBC13-PCR-FREE-ILMN-NOVASEQ	2528531102.0	2528300710.0	214153.0	16239.0	1490.0	0.13089581292998173	0.0704842182020209	0.9999994106717148	0.08404309323706921	0.9159569067629307	0.9159569067629308	HG003	giabHC	-1	-2	sent	sentd
Irl1-HG003-1x-50bp-0-DBC13-PCR-FREE-ILMN-NOVASEQ-sent-sentd-INS_gt50	INS_gt50	Irl1-HG003-1x-50bp-0-DBC13-PCR-FREE-ILMN-NOVASEQ	2528531102.0	2528531101.0	1.0	0.0	0.0		0.0	1.0				HG003	giabHC	-1	-2	sent	sentd
Irl1-HG003-1x-50bp-0-DBC13-PCR-FREE-ILMN-NOVASEQ-sent-sentd-DEL_50	DEL_50	Irl1-HG003-1x-50bp-0-DBC13-PCR-FREE-ILMN-NOVASEQ	2528531102.0	2528286373.0	223785.0	20944.0	1859.0	0.15657192410627513	0.08558037666153173	0.9999992647199095	0.08152436082971538	0.9184756391702846	0.9184756391702846	HG003	giabHC	-1	-2	sent	sentd
Irl1-HG003-1x-50bp-0-DBC13-PCR-FREE-ILMN-NOVASEQ-sent-sentd-DEL_gt50	DEL_gt50	Irl1-HG003-1x-50bp-0-DBC13-PCR-FREE-ILMN-NOVASEQ	2528531102.0	2528531102.0	0.0	0.0	15.0			0.999999994067702	1.0	0.0	0.0	HG003	giabHC	-1	-2	sent	sentd
Irl1-HG003-1x-50bp-0-DBC13-PCR-FREE-ILMN-NOVASEQ-sent-sentd-Indel_50	Indel_50	Irl1-HG003-1x-50bp-0-DBC13-PCR-FREE-ILMN-NOVASEQ	2528531102.0	2528502314.0	28619.0	169.0	3.0	0.011671270718232044	0.005870501597888009	0.9999999988135269	0.01744186046511628	0.9825581395348837	0.9825581395348837	HG003	giabHC	-1	-2	sent	sentd
Irl1-HG003-1x-50bp-0-DBC13-PCR-FREE-ILMN-NOVASEQ-sent-sentd-Indel_gt50	Indel_gt50	Irl1-HG003-1x-50bp-0-DBC13-PCR-FREE-ILMN-NOVASEQ	2528531102.0	2528530634.0	468.0	0.0	0.0		0.0	1.0				HG003	giabHC	-1	-2	sent	sentd
Irl1-HG003-1x-50bp-0-DBC13-PCR-FREE-ILMN-NOVASEQ-sent-sentd-All	All	Irl1-HG003-1x-50bp-0-DBC13-PCR-FREE-ILMN-NOVASEQ	2528531102.0	2524700211.0	3695074.0	135817.0	4722.0	0.06839702575646556	0.03545310999451563	0.9999981296824281	0.033599214452927656	0.9664007855470723	0.9664007855470723	HG003	giabHC	-1	-2	sent	sentd
Irl1-HG003-1x-50bp-0-DBC13-PCR-FREE-ILMN-NOVASEQ-sent-sentd-SNPts	SNPts	Irl1-HG003-1x-50bp-0-DBC13-PCR-FREE-ILMN-NOVASEQ	332544085.0	332287310.0	248394.0	8381.0	120.0	0.06318702031092145	0.032639470353422254	0.9999996388668689	0.014115986354546525	0.9858840136454535	0.9858840136454535	HG003	giabHC_x_ultima_x_clinvar	-1	-2	sent	sentd
Irl1-HG003-1x-50bp-0-DBC13-PCR-FREE-ILMN-NOVASEQ-sent-sentd-SNPtv	SNPtv	Irl1-HG003-1x-50bp-0-DBC13-PCR-FREE-ILMN-NOVASEQ	332544085.0	332429535.0	110846.0	3704.0	81.0	0.06260193518401148	0.032335224792666956	0.9999997563393991	0.021400264200792603	0.9785997357992074	0.9785997357992074	HG003	giabHC_x_ultima_x_clinvar	-1	-2	sent	sentd
Irl1-HG003-1x-50bp-0-DBC13-PCR-FREE-ILMN-NOVASEQ-sent-sentd-INS_50	INS_50	Irl1-HG003-1x-50bp-0-DBC13-PCR-FREE-ILMN-NOVASEQ	332544085.0	332526599.0	16723.0	763.0	38.0	0.08344725761469897	0.043634907926341074	0.9999998857234406	0.04744069912609238	0.9525593008739076	0.9525593008739076	HG003	giabHC_x_ultima_x_clinvar	-1	-2	sent	sentd
Irl1-HG003-1x-50bp-0-DBC13-PCR-FREE-ILMN-NOVASEQ-sent-sentd-INS_gt50	INS_gt50	Irl1-HG003-1x-50bp-0-DBC13-PCR-FREE-ILMN-NOVASEQ	332544085.0	332544085.0	0.0	0.0	0.0			1.0				HG003	giabHC_x_ultima_x_clinvar	-1	-2	sent	sentd
Irl1-HG003-1x-50bp-0-DBC13-PCR-FREE-ILMN-NOVASEQ-sent-sentd-DEL_50	DEL_50	Irl1-HG003-1x-50bp-0-DBC13-PCR-FREE-ILMN-NOVASEQ	332544085.0	332525135.0	17993.0	957.0	88.0	0.09572393098274569	0.05050131926121372	0.9999997353584212	0.08421052631578947	0.9157894736842105	0.9157894736842105	HG003	giabHC_x_ultima_x_clinvar	-1	-2	sent	sentd
Irl1-HG003-1x-50bp-0-DBC13-PCR-FREE-ILMN-NOVASEQ-sent-sentd-DEL_gt50	DEL_gt50	Irl1-HG003-1x-50bp-0-DBC13-PCR-FREE-ILMN-NOVASEQ	332544085.0	332544085.0	0.0	0.0	2.0			0.9999999939857599	1.0	0.0	0.0	HG003	giabHC_x_ultima_x_clinvar	-1	-2	sent	sentd
Irl1-HG003-1x-50bp-0-DBC13-PCR-FREE-ILMN-NOVASEQ-sent-sentd-Indel_50	Indel_50	Irl1-HG003-1x-50bp-0-DBC13-PCR-FREE-ILMN-NOVASEQ	332544085.0	332542862.0	1221.0	2.0	0.0	0.0032653061224489797	0.001635322976287817	1.0	0.0	1.0	1.0	HG003	giabHC_x_ultima_x_clinvar	-1	-2	sent	sentd
Irl1-HG003-1x-50bp-0-DBC13-PCR-FREE-ILMN-NOVASEQ-sent-sentd-Indel_gt50	Indel_gt50	Irl1-HG003-1x-50bp-0-DBC13-PCR-FREE-ILMN-NOVASEQ	332544085.0	332544054.0	31.0	0.0	0.0		0.0	1.0				HG003	giabHC_x_ultima_x_clinvar	-1	-2	sent	sentd
Irl1-HG003-1x-50bp-0-DBC13-PCR-FREE-ILMN-NOVASEQ-sent-sentd-All	All	Irl1-HG003-1x-50bp-0-DBC13-PCR-FREE-ILMN-NOVASEQ	332544085.0	332135070.0	395208.0	13807.0	329.0	0.06525802845792637	0.03375670818918622	0.999999009440123	0.023273910582908886	0.9767260894170912	0.9767260894170912	HG003	giabHC_x_ultima_x_clinvar	-1	-2	sent	sentd
Irl1-HG003-1x-50bp-0-DBC13-PCR-FREE-ILMN-NOVASEQ-sent-sentd-SNPts	SNPts	Irl1-HG003-1x-50bp-0-DBC13-PCR-FREE-ILMN-NOVASEQ	377862616.0	377589384.0	264437.0	8795.0	1946.0	0.06194250861877713	0.03218876266323124	0.9999948462799715	0.1811749371566893	0.8188250628433107	0.8188250628433107	HG003	clinvar_genes	-1	-2	sent	sentd
Irl1-HG003-1x-50bp-0-DBC13-PCR-FREE-ILMN-NOVASEQ-sent-sentd-SNPtv	SNPtv	Irl1-HG003-1x-50bp-0-DBC13-PCR-FREE-ILMN-NOVASEQ	377862616.0	377738286.0	120368.0	3962.0	1199.0	0.0611934420152752	0.031866806080591975	0.9999968258547289	0.23231931796163535	0.7676806820383646	0.7676806820383647	HG003	clinvar_genes	-1	-2	sent	sentd
Irl1-HG003-1x-50bp-0-DBC13-PCR-FREE-ILMN-NOVASEQ-sent-sentd-INS_50	INS_50	Irl1-HG003-1x-50bp-0-DBC13-PCR-FREE-ILMN-NOVASEQ	377862616.0	377833345.0	27255.0	2016.0	1667.0	0.12235236997026157	0.06887362918929998	0.9999955880213663	0.4526201466196036	0.5473798533803964	0.5473798533803964	HG003	clinvar_genes	-1	-2	sent	sentd
Irl1-HG003-1x-50bp-0-DBC13-PCR-FREE-ILMN-NOVASEQ-sent-sentd-INS_gt50	INS_gt50	Irl1-HG003-1x-50bp-0-DBC13-PCR-FREE-ILMN-NOVASEQ	377862616.0	377862586.0	30.0	0.0	0.0		0.0	1.0				HG003	clinvar_genes	-1	-2	sent	sentd
Irl1-HG003-1x-50bp-0-DBC13-PCR-FREE-ILMN-NOVASEQ-sent-sentd-DEL_50	DEL_50	Irl1-HG003-1x-50bp-0-DBC13-PCR-FREE-ILMN-NOVASEQ	377862616.0	377831683.0	28330.0	2603.0	1994.0	0.14652406417112301	0.08414961368118191	0.9999947225456031	0.4337611485751577	0.5662388514248423	0.5662388514248423	HG003	clinvar_genes	-1	-2	sent	sentd
Irl1-HG003-1x-50bp-0-DBC13-PCR-FREE-ILMN-NOVASEQ-sent-sentd-DEL_gt50	DEL_gt50	Irl1-HG003-1x-50bp-0-DBC13-PCR-FREE-ILMN-NOVASEQ	377862616.0	377862598.0	18.0	0.0	9.0		0.0	0.9999999761818189	1.0	0.0	0.0	HG003	clinvar_genes	-1	-2	sent	sentd
Irl1-HG003-1x-50bp-0-DBC13-PCR-FREE-ILMN-NOVASEQ-sent-sentd-Indel_50	Indel_50	Irl1-HG003-1x-50bp-0-DBC13-PCR-FREE-ILMN-NOVASEQ	377862616.0	377858858.0	3742.0	16.0	18.0	0.008438818565400843	0.004257583821181479	0.9999999523631674	0.5294117647058824	0.47058823529411764	0.47058823529411764	HG003	clinvar_genes	-1	-2	sent	sentd
Irl1-HG003-1x-50bp-0-DBC13-PCR-FREE-ILMN-NOVASEQ-sent-sentd-Indel_gt50	Indel_gt50	Irl1-HG003-1x-50bp-0-DBC13-PCR-FREE-ILMN-NOVASEQ	377862616.0	377862434.0	182.0	0.0	0.0		0.0	1.0				HG003	clinvar_genes	-1	-2	sent	sentd
Irl1-HG003-1x-50bp-0-DBC13-PCR-FREE-ILMN-NOVASEQ-sent-sentd-All	All	Irl1-HG003-1x-50bp-0-DBC13-PCR-FREE-ILMN-NOVASEQ	377862616.0	377400862.0	444362.0	17392.0	6833.0	0.07157510921253799	0.03766507707567233	0.9999818949107543	0.2820639834881321	0.7179360165118679	0.7179360165118679	HG003	clinvar_genes	-1	-2	sent	sentd
Irl1-HG003-1x-50bp-0-DBC13-PCR-FREE-ILMN-NOVASEQ-sent-sentd-SNPts	SNPts	Irl1-HG003-1x-50bp-0-DBC13-PCR-FREE-ILMN-NOVASEQ	3088286401.0	3085963645.0	2254223.0	68533.0	18274.0	0.05688417360326333	0.02950503625865136	0.9999940783839699	0.21051297706406166	0.7894870229359383	0.7894870229359383	HG003	hg38	-1	-2	sent	sentd
Irl1-HG003-1x-50bp-0-DBC13-PCR-FREE-ILMN-NOVASEQ-sent-sentd-SNPtv	SNPtv	Irl1-HG003-1x-50bp-0-DBC13-PCR-FREE-ILMN-NOVASEQ	3088286401.0	3087179563.0	1073920.0	32918.0	13875.0	0.05706850804113274	0.029740576308366715	0.9999955056266222	0.296518710063471	0.703481289936529	0.7034812899365289	HG003	hg38	-1	-2	sent	sentd
Irl1-HG003-1x-50bp-0-DBC13-PCR-FREE-ILMN-NOVASEQ-sent-sentd-INS_50	INS_50	Irl1-HG003-1x-50bp-0-DBC13-PCR-FREE-ILMN-NOVASEQ	3088286401.0	3088029026.0	239588.0	17787.0	14963.0	0.12261611374407584	0.06910927634774162	0.9999951545379362	0.4568854961832061	0.5431145038167939	0.5431145038167939	HG003	hg38	-1	-2	sent	sentd
Irl1-HG003-1x-50bp-0-DBC13-PCR-FREE-ILMN-NOVASEQ-sent-sentd-INS_gt50	INS_gt50	Irl1-HG003-1x-50bp-0-DBC13-PCR-FREE-ILMN-NOVASEQ	3088286401.0	3088286163.0	238.0	0.0	0.0		0.0	1.0				HG003	hg38	-1	-2	sent	sentd
Irl1-HG003-1x-50bp-0-DBC13-PCR-FREE-ILMN-NOVASEQ-sent-sentd-DEL_50	DEL_50	Irl1-HG003-1x-50bp-0-DBC13-PCR-FREE-ILMN-NOVASEQ	3088286401.0	3088014959.0	248572.0	22870.0	17473.0	0.14670365796943405	0.0842537263945889	0.9999943417045045	0.43311107255285924	0.5668889274471407	0.5668889274471408	HG003	hg38	-1	-2	sent	sentd
Irl1-HG003-1x-50bp-0-DBC13-PCR-FREE-ILMN-NOVASEQ-sent-sentd-DEL_gt50	DEL_gt50	Irl1-HG003-1x-50bp-0-DBC13-PCR-FREE-ILMN-NOVASEQ	3088286401.0	3088286263.0	137.0	1.0	57.0	0.01020408163265306	0.007246376811594203	0.999999981543162	0.9827586206896551	0.017241379310344862	0.017241379310344827	HG003	hg38	-1	-2	sent	sentd
Irl1-HG003-1x-50bp-0-DBC13-PCR-FREE-ILMN-NOVASEQ-sent-sentd-Indel_50	Indel_50	Irl1-HG003-1x-50bp-0-DBC13-PCR-FREE-ILMN-NOVASEQ	3088286401.0	3088248116.0	38092.0	193.0	149.0	0.009993010070675953	0.005041138827216926	0.9999999517525836	0.43567251461988304	0.564327485380117	0.564327485380117	HG003	hg38	-1	-2	sent	sentd
Irl1-HG003-1x-50bp-0-DBC13-PCR-FREE-ILMN-NOVASEQ-sent-sentd-Indel_gt50	Indel_gt50	Irl1-HG003-1x-50bp-0-DBC13-PCR-FREE-ILMN-NOVASEQ	3088286401.0	3088284711.0	1690.0	0.0	0.0		0.0	1.0				HG003	hg38	-1	-2	sent	sentd
Irl1-HG003-1x-50bp-0-DBC13-PCR-FREE-ILMN-NOVASEQ-sent-sentd-All	All	Irl1-HG003-1x-50bp-0-DBC13-PCR-FREE-ILMN-NOVASEQ	3088286401.0	3084287639.0	3856460.0	142302.0	64791.0	0.06766852399809313	0.03558651402609107	0.9999789936456775	0.3128594399617563	0.6871405600382436	0.6871405600382436	HG003	hg38	-1	-2	sent	sentd
Irl1-HG003-20x-100bp-0-DBC11-PCR-FREE-ILMN-NOVASEQ-sent-sentd-SNPts	SNPts	Irl1-HG003-20x-100bp-0-DBC11-PCR-FREE-ILMN-NOVASEQ	2799325643.0	2797071561.0	14887.0	2239195.0	170757.0	0.9601966881030456	0.9933955375181559	0.9999389552349822	0.0708549381896403	0.9291450618103597	0.9291450618103597	HG003	ultima	-1	-2	sent	sentd
Irl1-HG003-20x-100bp-0-DBC11-PCR-FREE-ILMN-NOVASEQ-sent-sentd-SNPtv	SNPtv	Irl1-HG003-20x-100bp-0-DBC11-PCR-FREE-ILMN-NOVASEQ	2799325643.0	2798266983.0	7973.0	1050687.0	93585.0	0.9538987131695394	0.9924687812895547	0.9999665572045754	0.08178562439699652	0.9182143756030035	0.9182143756030035	HG003	ultima	-1	-2	sent	sentd
Irl1-HG003-20x-100bp-0-DBC11-PCR-FREE-ILMN-NOVASEQ-sent-sentd-INS_50	INS_50	Irl1-HG003-20x-100bp-0-DBC11-PCR-FREE-ILMN-NOVASEQ	2799325643.0	2799160764.0	2237.0	162642.0	27579.0	0.9160349197409181	0.9864324747238884	0.9999901475011251	0.14498399230368886	0.8550160076963111	0.8550160076963111	HG003	ultima	-1	-2	sent	sentd
Irl1-HG003-20x-100bp-0-DBC11-PCR-FREE-ILMN-NOVASEQ-sent-sentd-INS_gt50	INS_gt50	Irl1-HG003-20x-100bp-0-DBC11-PCR-FREE-ILMN-NOVASEQ	2799325643.0	2799325548.0	74.0	21.0	169.0	0.1473684210526316	0.22105263157894736	0.9999999396283187	0.8894736842105263	0.1105263157894737	0.11052631578947368	HG003	ultima	-1	-2	sent	sentd
Irl1-HG003-20x-100bp-0-DBC11-PCR-FREE-ILMN-NOVASEQ-sent-sentd-DEL_50	DEL_50	Irl1-HG003-20x-100bp-0-DBC11-PCR-FREE-ILMN-NOVASEQ	2799325643.0	2799147284.0	2372.0	175987.0	35965.0	0.9017783254891613	0.9867009794851956	0.9999871516093086	0.16968464558013135	0.8303153544198687	0.8303153544198687	HG003	ultima	-1	-2	sent	sentd
Irl1-HG003-20x-100bp-0-DBC11-PCR-FREE-ILMN-NOVASEQ-sent-sentd-DEL_gt50	DEL_gt50	Irl1-HG003-20x-100bp-0-DBC11-PCR-FREE-ILMN-NOVASEQ	2799325643.0	2799325555.0	46.0	42.0	384.0	0.16342412451361868	0.4772727272727273	0.9999998628241197	0.9014084507042254	0.09859154929577463	0.09859154929577464	HG003	ultima	-1	-2	sent	sentd
Irl1-HG003-20x-100bp-0-DBC11-PCR-FREE-ILMN-NOVASEQ-sent-sentd-Indel_50	Indel_50	Irl1-HG003-20x-100bp-0-DBC11-PCR-FREE-ILMN-NOVASEQ	2799325643.0	2799309853.0	316.0	15474.0	2258.0	0.9232146053338107	0.9799873337555415	0.9999991933732608	0.12734040153394993	0.8726595984660501	0.8726595984660501	HG003	ultima	-1	-2	sent	sentd
Irl1-HG003-20x-100bp-0-DBC11-PCR-FREE-ILMN-NOVASEQ-sent-sentd-Indel_gt50	Indel_gt50	Irl1-HG003-20x-100bp-0-DBC11-PCR-FREE-ILMN-NOVASEQ	2799325643.0	2799324861.0	48.0	734.0	290.0	0.8128460686600222	0.9386189258312021	0.9999998964036029	0.283203125	0.716796875	0.716796875	HG003	ultima	-1	-2	sent	sentd
Irl1-HG003-20x-100bp-0-DBC11-PCR-FREE-ILMN-NOVASEQ-sent-sentd-All	All	Irl1-HG003-20x-100bp-0-DBC11-PCR-FREE-ILMN-NOVASEQ	2799325643.0	2795652908.0	27953.0	3644782.0	330987.0	0.9530705612496247	0.9923890506666013	0.999881620562768	0.08325106413375626	0.9167489358662437	0.9167489358662437	HG003	ultima	-1	-2	sent	sentd
Irl1-HG003-20x-100bp-0-DBC11-PCR-FREE-ILMN-NOVASEQ-sent-sentd-SNPts	SNPts	Irl1-HG003-20x-100bp-0-DBC11-PCR-FREE-ILMN-NOVASEQ	3088286401.0	3085963995.0	29400.0	2293006.0	328409.0	0.9276250090769872	0.9873407147587459	0.999893591093451	0.1252792861870402	0.8747207138129598	0.8747207138129598	HG003	hg38	-1	-2	sent	sentd
Irl1-HG003-20x-100bp-0-DBC11-PCR-FREE-ILMN-NOVASEQ-sent-sentd-SNPtv	SNPtv	Irl1-HG003-20x-100bp-0-DBC11-PCR-FREE-ILMN-NOVASEQ	3088286401.0	3087179909.0	15913.0	1090579.0	219327.0	0.9026484875422012	0.9856185132834219	0.9999289605965297	0.16743720541779333	0.8325627945822067	0.8325627945822066	HG003	hg38	-1	-2	sent	sentd
Irl1-HG003-20x-100bp-0-DBC11-PCR-FREE-ILMN-NOVASEQ-sent-sentd-INS_50	INS_50	Irl1-HG003-20x-100bp-0-DBC11-PCR-FREE-ILMN-NOVASEQ	3088286401.0	3088028642.0	6121.0	251638.0	157971.0	0.7541206650603566	0.9762530115340299	0.9999488466793636	0.3856629126801413	0.6143370873198587	0.6143370873198587	HG003	hg38	-1	-2	sent	sentd
Irl1-HG003-20x-100bp-0-DBC11-PCR-FREE-ILMN-NOVASEQ-sent-sentd-INS_gt50	INS_gt50	Irl1-HG003-20x-100bp-0-DBC11-PCR-FREE-ILMN-NOVASEQ	3088286401.0	3088286166.0	185.0	50.0	926.0	0.08257638315441784	0.2127659574468085	0.9999997001574101	0.9487704918032787	0.05122950819672134	0.05122950819672131	HG003	hg38	-1	-2	sent	sentd
Irl1-HG003-20x-100bp-0-DBC11-PCR-FREE-ILMN-NOVASEQ-sent-sentd-DEL_50	DEL_50	Irl1-HG003-20x-100bp-0-DBC11-PCR-FREE-ILMN-NOVASEQ	3088286401.0	3088014452.0	5166.0	266783.0	167001.0	0.756045133216103	0.9810037911520175	0.9999459225429135	0.38498653707836156	0.6150134629216384	0.6150134629216384	HG003	hg38	-1	-2	sent	sentd
Irl1-HG003-20x-100bp-0-DBC11-PCR-FREE-ILMN-NOVASEQ-sent-sentd-DEL_gt50	DEL_gt50	Irl1-HG003-20x-100bp-0-DBC11-PCR-FREE-ILMN-NOVASEQ	3088286401.0	3088286264.0	76.0	61.0	1184.0	0.08827785817655572	0.44525547445255476	0.9999996166159983	0.951004016064257	0.048995983935743004	0.04899598393574297	HG003	hg38	-1	-2	sent	sentd
Irl1-HG003-20x-100bp-0-DBC11-PCR-FREE-ILMN-NOVASEQ-sent-sentd-Indel_50	Indel_50	Irl1-HG003-20x-100bp-0-DBC11-PCR-FREE-ILMN-NOVASEQ	3088286401.0	3088248051.0	978.0	37372.0	31807.0	0.6951055064215236	0.9744980443285528	0.9999897007390967	0.45977825640729125	0.5402217435927088	0.5402217435927088	HG003	hg38	-1	-2	sent	sentd
Irl1-HG003-20x-100bp-0-DBC11-PCR-FREE-ILMN-NOVASEQ-sent-sentd-Indel_gt50	Indel_gt50	Irl1-HG003-20x-100bp-0-DBC11-PCR-FREE-ILMN-NOVASEQ	3088286401.0	3088285134.0	150.0	1117.0	1130.0	0.6357427433124644	0.8816101026045777	0.9999996341012771	0.5028927458834	0.49710725411659995	0.4971072541165999	HG003	hg38	-1	-2	sent	sentd
Irl1-HG003-20x-100bp-0-DBC11-PCR-FREE-ILMN-NOVASEQ-sent-sentd-All	All	Irl1-HG003-20x-100bp-0-DBC11-PCR-FREE-ILMN-NOVASEQ	3088286401.0	3084287806.0	57989.0	3940606.0	907755.0	0.8908388376747889	0.9854976560516882	0.9997057706774005	0.18722925128718756	0.8127707487128124	0.8127707487128124	HG003	hg38	-1	-2	sent	sentd
Irl1-HG003-20x-100bp-0-DBC11-PCR-FREE-ILMN-NOVASEQ-sent-sentd-SNPts	SNPts	Irl1-HG003-20x-100bp-0-DBC11-PCR-FREE-ILMN-NOVASEQ	2505355380.0	2503152329.0	13442.0	2189609.0	11984.0	0.9942274562938571	0.9938984617242179	0.9999952124597103	0.005443331260591763	0.9945566687394083	0.9945566687394083	HG003	giabHC_x_ultima	-1	-2	sent	sentd
Irl1-HG003-20x-100bp-0-DBC11-PCR-FREE-ILMN-NOVASEQ-sent-sentd-SNPtv	SNPtv	Irl1-HG003-20x-100bp-0-DBC11-PCR-FREE-ILMN-NOVASEQ	2505355380.0	2504321000.0	7230.0	1027150.0	6469.0	0.9933757221352622	0.9930103056903652	0.9999974168713637	0.006258592382686464	0.9937414076173136	0.9937414076173136	HG003	giabHC_x_ultima	-1	-2	sent	sentd
Irl1-HG003-20x-100bp-0-DBC11-PCR-FREE-ILMN-NOVASEQ-sent-sentd-INS_50	INS_50	Irl1-HG003-20x-100bp-0-DBC11-PCR-FREE-ILMN-NOVASEQ	2505355380.0	2505201041.0	1780.0	152559.0	722.0	0.9918665886483322	0.9884669461380468	0.99999971179966	0.004710303299169499	0.9952896967008305	0.9952896967008305	HG003	giabHC_x_ultima	-1	-2	sent	sentd
Irl1-HG003-20x-100bp-0-DBC11-PCR-FREE-ILMN-NOVASEQ-sent-sentd-INS_gt50	INS_gt50	Irl1-HG003-20x-100bp-0-DBC11-PCR-FREE-ILMN-NOVASEQ	2505355380.0	2505355380.0	0.0	0.0	0.0			1.0				HG003	giabHC_x_ultima	-1	-2	sent	sentd
Irl1-HG003-20x-100bp-0-DBC11-PCR-FREE-ILMN-NOVASEQ-sent-sentd-DEL_50	DEL_50	Irl1-HG003-20x-100bp-0-DBC11-PCR-FREE-ILMN-NOVASEQ	2505355380.0	2505189271.0	1819.0	164290.0	638.0	0.9925778689391217	0.9890493591557351	0.9999997453286884	0.0038683546759798217	0.9961316453240202	0.9961316453240202	HG003	giabHC_x_ultima	-1	-2	sent	sentd
Irl1-HG003-20x-100bp-0-DBC11-PCR-FREE-ILMN-NOVASEQ-sent-sentd-DEL_gt50	DEL_gt50	Irl1-HG003-20x-100bp-0-DBC11-PCR-FREE-ILMN-NOVASEQ	2505355380.0	2505355380.0	0.0	0.0	7.0			0.9999999972059852	1.0	0.0	0.0	HG003	giabHC_x_ultima	-1	-2	sent	sentd
Irl1-HG003-20x-100bp-0-DBC11-PCR-FREE-ILMN-NOVASEQ-sent-sentd-Indel_50	Indel_50	Irl1-HG003-20x-100bp-0-DBC11-PCR-FREE-ILMN-NOVASEQ	2505355380.0	2505342739.0	209.0	12432.0	2.0	0.9915852442671983	0.9834664979036468	0.999999999201706	0.00016084928422068523	0.9998391507157793	0.9998391507157793	HG003	giabHC_x_ultima	-1	-2	sent	sentd
Irl1-HG003-20x-100bp-0-DBC11-PCR-FREE-ILMN-NOVASEQ-sent-sentd-Indel_gt50	Indel_gt50	Irl1-HG003-20x-100bp-0-DBC11-PCR-FREE-ILMN-NOVASEQ	2505355380.0	2505355068.0	12.0	300.0	0.0	0.9803921568627451	0.9615384615384616	1.0	0.0	1.0	1.0	HG003	giabHC_x_ultima	-1	-2	sent	sentd
Irl1-HG003-20x-100bp-0-DBC11-PCR-FREE-ILMN-NOVASEQ-sent-sentd-All	All	Irl1-HG003-20x-100bp-0-DBC11-PCR-FREE-ILMN-NOVASEQ	2505355380.0	2501784548.0	24492.0	3546340.0	19822.0	0.9937909433579459	0.9931410942883899	0.9999920769184683	0.005558356574939669	0.9944416434250604	0.9944416434250604	HG003	giabHC_x_ultima	-1	-2	sent	sentd
Irl1-HG003-20x-100bp-0-DBC11-PCR-FREE-ILMN-NOVASEQ-sent-sentd-SNPts	SNPts	Irl1-HG003-20x-100bp-0-DBC11-PCR-FREE-ILMN-NOVASEQ	688815815.0	688748014.0	4726.0	63075.0	312800.0	0.284329105022584	0.9302960133331367	0.9995460487758923	0.8321915530428999	0.16780844695710007	0.1678084469571001	HG003	hg38_m_giabHC	-1	-2	sent	sentd
Irl1-HG003-20x-100bp-0-DBC11-PCR-FREE-ILMN-NOVASEQ-sent-sentd-SNPtv	SNPtv	Irl1-HG003-20x-100bp-0-DBC11-PCR-FREE-ILMN-NOVASEQ	688815815.0	688780856.0	2520.0	32439.0	210803.0	0.233205488118303	0.9279155582253497	0.999694041288822	0.8666389850437013	0.1333610149562987	0.13336101495629868	HG003	hg38_m_giabHC	-1	-2	sent	sentd
Irl1-HG003-20x-100bp-0-DBC11-PCR-FREE-ILMN-NOVASEQ-sent-sentd-INS_50	INS_50	Irl1-HG003-20x-100bp-0-DBC11-PCR-FREE-ILMN-NOVASEQ	688815815.0	688788181.0	2351.0	25283.0	156220.0	0.2417840936802192	0.9149236447854093	0.9997732473044657	0.8607020269637417	0.13929797303625835	0.13929797303625835	HG003	hg38_m_giabHC	-1	-2	sent	sentd
Irl1-HG003-20x-100bp-0-DBC11-PCR-FREE-ILMN-NOVASEQ-sent-sentd-INS_gt50	INS_gt50	Irl1-HG003-20x-100bp-0-DBC11-PCR-FREE-ILMN-NOVASEQ	688815815.0	688815581.0	184.0	50.0	926.0	0.08264462809917356	0.21367521367521367	0.9999986556652017	0.9487704918032787	0.05122950819672134	0.05122950819672131	HG003	hg38_m_giabHC	-1	-2	sent	sentd
Irl1-HG003-20x-100bp-0-DBC11-PCR-FREE-ILMN-NOVASEQ-sent-sentd-DEL_50	DEL_50	Irl1-HG003-20x-100bp-0-DBC11-PCR-FREE-ILMN-NOVASEQ	688815815.0	688787903.0	1751.0	26161.0	165665.0	0.23811084109257388	0.9372671252507881	0.9997595411248382	0.8636211983776965	0.13637880162230354	0.13637880162230354	HG003	hg38_m_giabHC	-1	-2	sent	sentd
Irl1-HG003-20x-100bp-0-DBC11-PCR-FREE-ILMN-NOVASEQ-sent-sentd-DEL_gt50	DEL_gt50	Irl1-HG003-20x-100bp-0-DBC11-PCR-FREE-ILMN-NOVASEQ	688815815.0	688815678.0	76.0	61.0	1177.0	0.08872727272727272	0.44525547445255476	0.9999982912729393	0.9507269789983845	0.04927302100161546	0.049273021001615507	HG003	hg38_m_giabHC	-1	-2	sent	sentd
Irl1-HG003-20x-100bp-0-DBC11-PCR-FREE-ILMN-NOVASEQ-sent-sentd-Indel_50	Indel_50	Irl1-HG003-20x-100bp-0-DBC11-PCR-FREE-ILMN-NOVASEQ	688815815.0	688807335.0	480.0	8000.0	31795.0	0.33143448990160546	0.9433962264150944	0.9999538426337656	0.798969719814047	0.20103028018595304	0.201030280185953	HG003	hg38_m_giabHC	-1	-2	sent	sentd
Irl1-HG003-20x-100bp-0-DBC11-PCR-FREE-ILMN-NOVASEQ-sent-sentd-Indel_gt50	Indel_gt50	Irl1-HG003-20x-100bp-0-DBC11-PCR-FREE-ILMN-NOVASEQ	688815815.0	688814934.0	131.0	750.0	1130.0	0.5432814197754436	0.8513053348467651	0.9999983595039967	0.601063829787234	0.39893617021276595	0.39893617021276595	HG003	hg38_m_giabHC	-1	-2	sent	sentd
Irl1-HG003-20x-100bp-0-DBC11-PCR-FREE-ILMN-NOVASEQ-sent-sentd-All	All	Irl1-HG003-20x-100bp-0-DBC11-PCR-FREE-ILMN-NOVASEQ	688815815.0	688647777.0	12219.0	155819.0	880516.0	0.25875538558237354	0.9272843047405944	0.9987230168668365	0.8496441787645886	0.15035582123541136	0.15035582123541133	HG003	hg38_m_giabHC	-1	-2	sent	sentd
Irl1-HG003-20x-100bp-0-DBC11-PCR-FREE-ILMN-NOVASEQ-sent-sentd-SNPts	SNPts	Irl1-HG003-20x-100bp-0-DBC11-PCR-FREE-ILMN-NOVASEQ	377862616.0	377589438.0	3357.0	269821.0	37589.0	0.9294749460891373	0.9877113091098112	0.9999004599848199	0.12227643863244526	0.8777235613675547	0.8777235613675547	HG003	clinvar_genes	-1	-2	sent	sentd
Irl1-HG003-20x-100bp-0-DBC11-PCR-FREE-ILMN-NOVASEQ-sent-sentd-SNPtv	SNPtv	Irl1-HG003-20x-100bp-0-DBC11-PCR-FREE-ILMN-NOVASEQ	377862616.0	377738358.0	1669.0	122589.0	22313.0	0.9109005795809183	0.9865682692462457	0.9999409335017831	0.15398683247988296	0.846013167520117	0.846013167520117	HG003	clinvar_genes	-1	-2	sent	sentd
Irl1-HG003-20x-100bp-0-DBC11-PCR-FREE-ILMN-NOVASEQ-sent-sentd-INS_50	INS_50	Irl1-HG003-20x-100bp-0-DBC11-PCR-FREE-ILMN-NOVASEQ	377862616.0	377833344.0	671.0	28601.0	17296.0	0.760978594899493	0.9770770702377699	0.9999542252991817	0.3768438024271739	0.6231561975728261	0.6231561975728261	HG003	clinvar_genes	-1	-2	sent	sentd
Irl1-HG003-20x-100bp-0-DBC11-PCR-FREE-ILMN-NOVASEQ-sent-sentd-INS_gt50	INS_gt50	Irl1-HG003-20x-100bp-0-DBC11-PCR-FREE-ILMN-NOVASEQ	377862616.0	377862586.0	21.0	9.0	122.0	0.11180124223602485	0.3	0.9999996771314094	0.9312977099236641	0.06870229007633588	0.06870229007633588	HG003	clinvar_genes	-1	-2	sent	sentd
Irl1-HG003-20x-100bp-0-DBC11-PCR-FREE-ILMN-NOVASEQ-sent-sentd-DEL_50	DEL_50	Irl1-HG003-20x-100bp-0-DBC11-PCR-FREE-ILMN-NOVASEQ	377862616.0	377831629.0	581.0	30406.0	17842.0	0.7674891146589259	0.981250201697486	0.9999527801376755	0.3697977118222517	0.6302022881777483	0.6302022881777483	HG003	clinvar_genes	-1	-2	sent	sentd
Irl1-HG003-20x-100bp-0-DBC11-PCR-FREE-ILMN-NOVASEQ-sent-sentd-DEL_gt50	DEL_gt50	Irl1-HG003-20x-100bp-0-DBC11-PCR-FREE-ILMN-NOVASEQ	377862616.0	377862599.0	13.0	4.0	156.0	0.04519774011299434	0.23529411764705882	0.9999995871516895	0.975	0.025000000000000022	0.025	HG003	clinvar_genes	-1	-2	sent	sentd
Irl1-HG003-20x-100bp-0-DBC11-PCR-FREE-ILMN-NOVASEQ-sent-sentd-Indel_50	Indel_50	Irl1-HG003-20x-100bp-0-DBC11-PCR-FREE-ILMN-NOVASEQ	377862616.0	377858773.0	100.0	3743.0	3489.0	0.6759367945823929	0.9739786625032527	0.9999907664767009	0.4824391592920354	0.5175608407079646	0.5175608407079646	HG003	clinvar_genes	-1	-2	sent	sentd
Irl1-HG003-20x-100bp-0-DBC11-PCR-FREE-ILMN-NOVASEQ-sent-sentd-Indel_gt50	Indel_gt50	Irl1-HG003-20x-100bp-0-DBC11-PCR-FREE-ILMN-NOVASEQ	377862616.0	377862476.0	18.0	122.0	120.0	0.6387434554973822	0.8714285714285714	0.9999996824242429	0.49586776859504134	0.5041322314049587	0.5041322314049587	HG003	clinvar_genes	-1	-2	sent	sentd
Irl1-HG003-20x-100bp-0-DBC11-PCR-FREE-ILMN-NOVASEQ-sent-sentd-All	All	Irl1-HG003-20x-100bp-0-DBC11-PCR-FREE-ILMN-NOVASEQ	377862616.0	377400891.0	6430.0	455295.0	98927.0	0.8962967556378433	0.9860739617737831	0.9997379415955109	0.1784970643532736	0.8215029356467264	0.8215029356467264	HG003	clinvar_genes	-1	-2	sent	sentd
Irl1-HG003-20x-100bp-0-DBC11-PCR-FREE-ILMN-NOVASEQ-sent-sentd-SNPts	SNPts	Irl1-HG003-20x-100bp-0-DBC11-PCR-FREE-ILMN-NOVASEQ	332544085.0	332287260.0	1221.0	255604.0	1456.0	0.9947906632806951	0.9952457899347805	0.9999956182683013	0.005664047304131331	0.9943359526958687	0.9943359526958687	HG003	giabHC_x_ultima_x_clinvar	-1	-2	sent	sentd
Irl1-HG003-20x-100bp-0-DBC11-PCR-FREE-ILMN-NOVASEQ-sent-sentd-SNPtv	SNPtv	Irl1-HG003-20x-100bp-0-DBC11-PCR-FREE-ILMN-NOVASEQ	332544085.0	332429488.0	603.0	113994.0	770.0	0.9940138035673022	0.9947380821487474	0.9999976837246867	0.006709421072810289	0.9932905789271897	0.9932905789271897	HG003	giabHC_x_ultima_x_clinvar	-1	-2	sent	sentd
Irl1-HG003-20x-100bp-0-DBC11-PCR-FREE-ILMN-NOVASEQ-sent-sentd-INS_50	INS_50	Irl1-HG003-20x-100bp-0-DBC11-PCR-FREE-ILMN-NOVASEQ	332544085.0	332526534.0	171.0	17380.0	75.0	0.9929726332628691	0.990256965415076	0.99999977445414	0.00429676310512747	0.9957032368948725	0.9957032368948725	HG003	giabHC_x_ultima_x_clinvar	-1	-2	sent	sentd
Irl1-HG003-20x-100bp-0-DBC11-PCR-FREE-ILMN-NOVASEQ-sent-sentd-INS_gt50	INS_gt50	Irl1-HG003-20x-100bp-0-DBC11-PCR-FREE-ILMN-NOVASEQ	332544085.0	332544085.0	0.0	0.0	0.0			1.0				HG003	giabHC_x_ultima_x_clinvar	-1	-2	sent	sentd
Irl1-HG003-20x-100bp-0-DBC11-PCR-FREE-ILMN-NOVASEQ-sent-sentd-DEL_50	DEL_50	Irl1-HG003-20x-100bp-0-DBC11-PCR-FREE-ILMN-NOVASEQ	332544085.0	332525095.0	204.0	18786.0	75.0	0.9926289926289926	0.9892575039494471	0.9999997744531639	0.003976459360585335	0.9960235406394147	0.9960235406394147	HG003	giabHC_x_ultima_x_clinvar	-1	-2	sent	sentd
Irl1-HG003-20x-100bp-0-DBC11-PCR-FREE-ILMN-NOVASEQ-sent-sentd-DEL_gt50	DEL_gt50	Irl1-HG003-20x-100bp-0-DBC11-PCR-FREE-ILMN-NOVASEQ	332544085.0	332544085.0	0.0	0.0	1.0			0.9999999969928799	1.0	0.0	0.0	HG003	giabHC_x_ultima_x_clinvar	-1	-2	sent	sentd
Irl1-HG003-20x-100bp-0-DBC11-PCR-FREE-ILMN-NOVASEQ-sent-sentd-Indel_50	Indel_50	Irl1-HG003-20x-100bp-0-DBC11-PCR-FREE-ILMN-NOVASEQ	332544085.0	332542891.0	26.0	1168.0	0.0	0.9889923793395426	0.9782244556113903	1.0	0.0	1.0	1.0	HG003	giabHC_x_ultima_x_clinvar	-1	-2	sent	sentd
Irl1-HG003-20x-100bp-0-DBC11-PCR-FREE-ILMN-NOVASEQ-sent-sentd-Indel_gt50	Indel_gt50	Irl1-HG003-20x-100bp-0-DBC11-PCR-FREE-ILMN-NOVASEQ	332544085.0	332544061.0	1.0	23.0	0.0	0.9787234042553191	0.9583333333333334	1.0	0.0	1.0	1.0	HG003	giabHC_x_ultima_x_clinvar	-1	-2	sent	sentd
Irl1-HG003-20x-100bp-0-DBC11-PCR-FREE-ILMN-NOVASEQ-sent-sentd-All	All	Irl1-HG003-20x-100bp-0-DBC11-PCR-FREE-ILMN-NOVASEQ	332544085.0	332134904.0	2226.0	406955.0	2377.0	0.9943763874245125	0.9945598647053504	0.9999928433207111	0.00580702217271066	0.9941929778272893	0.9941929778272893	HG003	giabHC_x_ultima_x_clinvar	-1	-2	sent	sentd
Irl1-HG003-20x-100bp-0-DBC11-PCR-FREE-ILMN-NOVASEQ-sent-sentd-SNPts	SNPts	Irl1-HG003-20x-100bp-0-DBC11-PCR-FREE-ILMN-NOVASEQ	337668665.0	337403156.0	2664.0	262845.0	2218.0	0.9907986098022512	0.9899664418155317	0.9999934263050594	0.008367821989489292	0.9916321780105107	0.9916321780105107	HG003	giabHC_x_clinvar_genes	-1	-2	sent	sentd
Irl1-HG003-20x-100bp-0-DBC11-PCR-FREE-ILMN-NOVASEQ-sent-sentd-SNPtv	SNPtv	Irl1-HG003-20x-100bp-0-DBC11-PCR-FREE-ILMN-NOVASEQ	337668665.0	337548457.0	1305.0	118903.0	1166.0	0.98971603607503	0.9891438173832025	0.9999965456930757	0.009711082794060083	0.9902889172059399	0.9902889172059399	HG003	giabHC_x_clinvar_genes	-1	-2	sent	sentd
Irl1-HG003-20x-100bp-0-DBC11-PCR-FREE-ILMN-NOVASEQ-sent-sentd-INS_50	INS_50	Irl1-HG003-20x-100bp-0-DBC11-PCR-FREE-ILMN-NOVASEQ	337668665.0	337642259.0	414.0	25992.0	218.0	0.9879884445795956	0.9843217450579413	0.9999993543466392	0.008317436093094238	0.9916825639069058	0.9916825639069058	HG003	giabHC_x_clinvar_genes	-1	-2	sent	sentd
Irl1-HG003-20x-100bp-0-DBC11-PCR-FREE-ILMN-NOVASEQ-sent-sentd-INS_gt50	INS_gt50	Irl1-HG003-20x-100bp-0-DBC11-PCR-FREE-ILMN-NOVASEQ	337668665.0	337668665.0	0.0	0.0	0.0			1.0				HG003	giabHC_x_clinvar_genes	-1	-2	sent	sentd
Irl1-HG003-20x-100bp-0-DBC11-PCR-FREE-ILMN-NOVASEQ-sent-sentd-DEL_50	DEL_50	Irl1-HG003-20x-100bp-0-DBC11-PCR-FREE-ILMN-NOVASEQ	337668665.0	337640602.0	386.0	27677.0	164.0	0.9901617057813393	0.9862452339379254	0.9999995142766617	0.005890593010308537	0.9941094069896914	0.9941094069896914	HG003	giabHC_x_clinvar_genes	-1	-2	sent	sentd
Irl1-HG003-20x-100bp-0-DBC11-PCR-FREE-ILMN-NOVASEQ-sent-sentd-DEL_gt50	DEL_gt50	Irl1-HG003-20x-100bp-0-DBC11-PCR-FREE-ILMN-NOVASEQ	337668665.0	337668665.0	0.0	0.0	1.0			0.999999997038517	1.0	0.0	0.0	HG003	giabHC_x_clinvar_genes	-1	-2	sent	sentd
Irl1-HG003-20x-100bp-0-DBC11-PCR-FREE-ILMN-NOVASEQ-sent-sentd-Indel_50	Indel_50	Irl1-HG003-20x-100bp-0-DBC11-PCR-FREE-ILMN-NOVASEQ	337668665.0	337665663.0	50.0	2952.0	2.0	0.9912693082605775	0.983344437041972	0.9999999940769815	0.0006770480704129993	0.999322951929587	0.999322951929587	HG003	giabHC_x_clinvar_genes	-1	-2	sent	sentd
Irl1-HG003-20x-100bp-0-DBC11-PCR-FREE-ILMN-NOVASEQ-sent-sentd-Indel_gt50	Indel_gt50	Irl1-HG003-20x-100bp-0-DBC11-PCR-FREE-ILMN-NOVASEQ	337668665.0	337668630.0	1.0	34.0	0.0	0.9855072463768115	0.9714285714285714	1.0	0.0	1.0	1.0	HG003	giabHC_x_clinvar_genes	-1	-2	sent	sentd
Irl1-HG003-20x-100bp-0-DBC11-PCR-FREE-ILMN-NOVASEQ-sent-sentd-All	All	Irl1-HG003-20x-100bp-0-DBC11-PCR-FREE-ILMN-NOVASEQ	337668665.0	337225442.0	4820.0	438403.0	3769.0	0.9902992449697592	0.9891251130920552	0.999988823625365	0.008523832354830247	0.9914761676451698	0.9914761676451698	HG003	giabHC_x_clinvar_genes	-1	-2	sent	sentd
Irl1-HG003-20x-100bp-0-DBC11-PCR-FREE-ILMN-NOVASEQ-sent-sentd-SNPts	SNPts	Irl1-HG003-20x-100bp-0-DBC11-PCR-FREE-ILMN-NOVASEQ	2528531102.0	2526276464.0	24674.0	2229964.0	15609.0	0.9910486419414557	0.9890563363165173	0.9999938213794966	0.0069510098313437145	0.9930489901686563	0.9930489901686563	HG003	giabHC	-1	-2	sent	sentd
Irl1-HG003-20x-100bp-0-DBC11-PCR-FREE-ILMN-NOVASEQ-sent-sentd-SNPtv	SNPtv	Irl1-HG003-20x-100bp-0-DBC11-PCR-FREE-ILMN-NOVASEQ	2528531102.0	2527459555.0	13393.0	1058154.0	8524.0	0.9897499093874592	0.9875012481953661	0.9999966274549337	0.007991165093870878	0.9920088349061291	0.9920088349061291	HG003	giabHC	-1	-2	sent	sentd
Irl1-HG003-20x-100bp-0-DBC11-PCR-FREE-ILMN-NOVASEQ-sent-sentd-INS_50	INS_50	Irl1-HG003-20x-100bp-0-DBC11-PCR-FREE-ILMN-NOVASEQ	2528531102.0	2528301046.0	3766.0	226290.0	1750.0	0.9879588557856869	0.9836300726779567	0.9999993078360698	0.007674092264514997	0.992325907735485	0.992325907735485	HG003	giabHC	-1	-2	sent	sentd
Irl1-HG003-20x-100bp-0-DBC11-PCR-FREE-ILMN-NOVASEQ-sent-sentd-INS_gt50	INS_gt50	Irl1-HG003-20x-100bp-0-DBC11-PCR-FREE-ILMN-NOVASEQ	2528531102.0	2528531101.0	1.0	0.0	0.0		0.0	1.0				HG003	giabHC	-1	-2	sent	sentd
Irl1-HG003-20x-100bp-0-DBC11-PCR-FREE-ILMN-NOVASEQ-sent-sentd-DEL_50	DEL_50	Irl1-HG003-20x-100bp-0-DBC11-PCR-FREE-ILMN-NOVASEQ	2528531102.0	2528286867.0	3428.0	240807.0	1343.0	0.9901908981568099	0.9859643376256474	0.9999994688105593	0.005546149081148049	0.994453850918852	0.994453850918852	HG003	giabHC	-1	-2	sent	sentd
Irl1-HG003-20x-100bp-0-DBC11-PCR-FREE-ILMN-NOVASEQ-sent-sentd-DEL_gt50	DEL_gt50	Irl1-HG003-20x-100bp-0-DBC11-PCR-FREE-ILMN-NOVASEQ	2528531102.0	2528531102.0	0.0	0.0	7.0			0.9999999972315943	1.0	0.0	0.0	HG003	giabHC	-1	-2	sent	sentd
Irl1-HG003-20x-100bp-0-DBC11-PCR-FREE-ILMN-NOVASEQ-sent-sentd-Indel_50	Indel_50	Irl1-HG003-20x-100bp-0-DBC11-PCR-FREE-ILMN-NOVASEQ	2528531102.0	2528501231.0	499.0	29372.0	12.0	0.9913762551683402	0.9832948344548224	0.9999999952541055	0.00040838551592703513	0.999591614484073	0.999591614484073	HG003	giabHC	-1	-2	sent	sentd
Irl1-HG003-20x-100bp-0-DBC11-PCR-FREE-ILMN-NOVASEQ-sent-sentd-Indel_gt50	Indel_gt50	Irl1-HG003-20x-100bp-0-DBC11-PCR-FREE-ILMN-NOVASEQ	2528531102.0	2528530713.0	21.0	368.0	0.0	0.9722589167767504	0.9460154241645244	1.0	0.0	1.0	1.0	HG003	giabHC	-1	-2	sent	sentd
Irl1-HG003-20x-100bp-0-DBC11-PCR-FREE-ILMN-NOVASEQ-sent-sentd-All	All	Irl1-HG003-20x-100bp-0-DBC11-PCR-FREE-ILMN-NOVASEQ	2528531102.0	2524700365.0	45782.0	3784955.0	27245.0	0.9904451652551892	0.9880487749485282	0.9999892087368586	0.00714679187870521	0.9928532081212947	0.9928532081212947	HG003	giabHC	-1	-2	sent	sentd
Irl1-HG003-20x-150bp-0-DBC5-PCR-FREE-ILMN-NOVASEQ-sent-sentd-SNPts	SNPts	Irl1-HG003-20x-150bp-0-DBC5-PCR-FREE-ILMN-NOVASEQ	2799325643.0	2797071544.0	4082.0	2250017.0	158576.0	0.9651150022347605	0.99818907687728	0.9999433096337458	0.06583760726698118	0.9341623927330188	0.9341623927330188	HG003	ultima	-1	-2	sent	sentd
Irl1-HG003-20x-150bp-0-DBC5-PCR-FREE-ILMN-NOVASEQ-sent-sentd-SNPtv	SNPtv	Irl1-HG003-20x-150bp-0-DBC5-PCR-FREE-ILMN-NOVASEQ	2799325643.0	2798266991.0	2335.0	1056317.0	86067.0	0.9598361862323015	0.9977943649093375	0.9999692436950535	0.07533981568369305	0.9246601843163069	0.9246601843163069	HG003	ultima	-1	-2	sent	sentd
Irl1-HG003-20x-150bp-0-DBC5-PCR-FREE-ILMN-NOVASEQ-sent-sentd-INS_50	INS_50	Irl1-HG003-20x-150bp-0-DBC5-PCR-FREE-ILMN-NOVASEQ	2799325643.0	2799161425.0	549.0	163669.0	27915.0	0.9200004496883097	0.9966568829239182	0.9999900274698816	0.14570632203106731	0.8542936779689327	0.8542936779689327	HG003	ultima	-1	-2	sent	sentd
Irl1-HG003-20x-150bp-0-DBC5-PCR-FREE-ILMN-NOVASEQ-sent-sentd-INS_gt50	INS_gt50	Irl1-HG003-20x-150bp-0-DBC5-PCR-FREE-ILMN-NOVASEQ	2799325643.0	2799325547.0	64.0	32.0	325.0	0.141280353200883	0.3333333333333333	0.9999998839006193	0.9103641456582633	0.08963585434173671	0.0896358543417367	HG003	ultima	-1	-2	sent	sentd
Irl1-HG003-20x-150bp-0-DBC5-PCR-FREE-ILMN-NOVASEQ-sent-sentd-DEL_50	DEL_50	Irl1-HG003-20x-150bp-0-DBC5-PCR-FREE-ILMN-NOVASEQ	2799325643.0	2799148135.0	590.0	176918.0	36299.0	0.9055883293876767	0.9966762061428217	0.9999870322942787	0.1702443988987745	0.8297556011012255	0.8297556011012255	HG003	ultima	-1	-2	sent	sentd
Irl1-HG003-20x-150bp-0-DBC5-PCR-FREE-ILMN-NOVASEQ-sent-sentd-DEL_gt50	DEL_gt50	Irl1-HG003-20x-150bp-0-DBC5-PCR-FREE-ILMN-NOVASEQ	2799325643.0	2799325555.0	34.0	54.0	596.0	0.14634146341463417	0.6136363636363636	0.9999997870916185	0.916923076923077	0.08307692307692305	0.08307692307692308	HG003	ultima	-1	-2	sent	sentd
Irl1-HG003-20x-150bp-0-DBC5-PCR-FREE-ILMN-NOVASEQ-sent-sentd-Indel_50	Indel_50	Irl1-HG003-20x-150bp-0-DBC5-PCR-FREE-ILMN-NOVASEQ	2799325643.0	2799308365.0	39.0	17239.0	2595.0	0.9290256520801897	0.9977427943048964	0.9999990729861609	0.13083593828778864	0.8691640617122114	0.8691640617122114	HG003	ultima	-1	-2	sent	sentd
Irl1-HG003-20x-150bp-0-DBC5-PCR-FREE-ILMN-NOVASEQ-sent-sentd-Indel_gt50	Indel_gt50	Irl1-HG003-20x-150bp-0-DBC5-PCR-FREE-ILMN-NOVASEQ	2799325643.0	2799324740.0	9.0	894.0	421.0	0.806131650135257	0.9900332225913622	0.9999998496066103	0.32015209125475286	0.6798479087452471	0.6798479087452471	HG003	ultima	-1	-2	sent	sentd
Irl1-HG003-20x-150bp-0-DBC5-PCR-FREE-ILMN-NOVASEQ-sent-sentd-All	All	Irl1-HG003-20x-150bp-0-DBC5-PCR-FREE-ILMN-NOVASEQ	2799325643.0	2795652801.0	7702.0	3665140.0	312794.0	0.9581093473394072	0.9979029862978043	0.9998881266634471	0.07863227494473261	0.9213677250552674	0.9213677250552674	HG003	ultima	-1	-2	sent	sentd
Irl1-HG003-20x-150bp-0-DBC5-PCR-FREE-ILMN-NOVASEQ-sent-sentd-SNPts	SNPts	Irl1-HG003-20x-150bp-0-DBC5-PCR-FREE-ILMN-NOVASEQ	3088286401.0	3085964129.0	13705.0	2308567.0	328514.0	0.9309952326442582	0.9940984518609361	0.9998935570802902	0.12457486137134202	0.875425138628658	0.875425138628658	HG003	hg38	-1	-2	sent	sentd
Irl1-HG003-20x-150bp-0-DBC5-PCR-FREE-ILMN-NOVASEQ-sent-sentd-SNPtv	SNPtv	Irl1-HG003-20x-150bp-0-DBC5-PCR-FREE-ILMN-NOVASEQ	3088286401.0	3087179996.0	7348.0	1099057.0	226992.0	0.9036610764273446	0.9933586706495361	0.9999264781090144	0.17117919473563947	0.8288208052643605	0.8288208052643605	HG003	hg38	-1	-2	sent	sentd
Irl1-HG003-20x-150bp-0-DBC5-PCR-FREE-ILMN-NOVASEQ-sent-sentd-INS_50	INS_50	Irl1-HG003-20x-150bp-0-DBC5-PCR-FREE-ILMN-NOVASEQ	3088286401.0	3088030169.0	2418.0	253814.0	167478.0	0.7492398793253081	0.990563239564145	0.999945768367461	0.3975342517778643	0.6024657482221357	0.6024657482221357	HG003	hg38	-1	-2	sent	sentd
Irl1-HG003-20x-150bp-0-DBC5-PCR-FREE-ILMN-NOVASEQ-sent-sentd-INS_gt50	INS_gt50	Irl1-HG003-20x-150bp-0-DBC5-PCR-FREE-ILMN-NOVASEQ	3088286401.0	3088286166.0	155.0	80.0	1501.0	0.08810572687224669	0.3404255319148936	0.9999995139701473	0.9493991144845034	0.050600885515496574	0.05060088551549652	HG003	hg38	-1	-2	sent	sentd
Irl1-HG003-20x-150bp-0-DBC5-PCR-FREE-ILMN-NOVASEQ-sent-sentd-DEL_50	DEL_50	Irl1-HG003-20x-150bp-0-DBC5-PCR-FREE-ILMN-NOVASEQ	3088286401.0	3088016007.0	1927.0	268467.0	173836.0	0.7533832750804338	0.9928733625746133	0.9999437094191621	0.39302469121846334	0.6069753087815366	0.6069753087815366	HG003	hg38	-1	-2	sent	sentd
Irl1-HG003-20x-150bp-0-DBC5-PCR-FREE-ILMN-NOVASEQ-sent-sentd-DEL_gt50	DEL_gt50	Irl1-HG003-20x-150bp-0-DBC5-PCR-FREE-ILMN-NOVASEQ	3088286401.0	3088286264.0	56.0	81.0	1700.0	0.08446298227320126	0.5912408759124088	0.9999994495331977	0.9545199326221224	0.045480067377877575	0.045480067377877596	HG003	hg38	-1	-2	sent	sentd
Irl1-HG003-20x-150bp-0-DBC5-PCR-FREE-ILMN-NOVASEQ-sent-sentd-Indel_50	Indel_50	Irl1-HG003-20x-150bp-0-DBC5-PCR-FREE-ILMN-NOVASEQ	3088286401.0	3088244994.0	300.0	41107.0	37897.0	0.6827781514977868	0.9927548482140701	0.9999877287796042	0.47968457293301603	0.520315427066984	0.520315427066984	HG003	hg38	-1	-2	sent	sentd
Irl1-HG003-20x-150bp-0-DBC5-PCR-FREE-ILMN-NOVASEQ-sent-sentd-Indel_gt50	Indel_gt50	Irl1-HG003-20x-150bp-0-DBC5-PCR-FREE-ILMN-NOVASEQ	3088286401.0	3088284901.0	52.0	1448.0	1906.0	0.5966213432220848	0.9653333333333334	0.9999993828293422	0.5682766845557543	0.4317233154442457	0.4317233154442457	HG003	hg38	-1	-2	sent	sentd
Irl1-HG003-20x-150bp-0-DBC5-PCR-FREE-ILMN-NOVASEQ-sent-sentd-All	All	Irl1-HG003-20x-150bp-0-DBC5-PCR-FREE-ILMN-NOVASEQ	3088286401.0	3084287819.0	25961.0	3972621.0	939824.0	0.8916191141604666	0.9935074483904545	0.999695379366209	0.19131491548505886	0.8086850845149411	0.8086850845149411	HG003	hg38	-1	-2	sent	sentd
Irl1-HG003-20x-150bp-0-DBC5-PCR-FREE-ILMN-NOVASEQ-sent-sentd-SNPts	SNPts	Irl1-HG003-20x-150bp-0-DBC5-PCR-FREE-ILMN-NOVASEQ	688815815.0	688748101.0	3273.0	64441.0	319168.0	0.28556488368640637	0.9516643530141478	0.9995368115503974	0.8320138474331937	0.16798615256680627	0.1679861525668063	HG003	hg38_m_giabHC	-1	-2	sent	sentd
Irl1-HG003-20x-150bp-0-DBC5-PCR-FREE-ILMN-NOVASEQ-sent-sentd-SNPtv	SNPtv	Irl1-HG003-20x-150bp-0-DBC5-PCR-FREE-ILMN-NOVASEQ	688815815.0	688780898.0	1761.0	33156.0	222204.0	0.22844386568691286	0.9495661139273134	0.9996774992748871	0.8701597744360903	0.12984022556390973	0.12984022556390978	HG003	hg38_m_giabHC	-1	-2	sent	sentd
Irl1-HG003-20x-150bp-0-DBC5-PCR-FREE-ILMN-NOVASEQ-sent-sentd-INS_50	INS_50	Irl1-HG003-20x-150bp-0-DBC5-PCR-FREE-ILMN-NOVASEQ	688815815.0	688788624.0	1284.0	25907.0	166834.0	0.23559100085480966	0.9527784928836748	0.9997578450129645	0.8655864605870054	0.1344135394129946	0.13441353941299464	HG003	hg38_m_giabHC	-1	-2	sent	sentd
Irl1-HG003-20x-150bp-0-DBC5-PCR-FREE-ILMN-NOVASEQ-sent-sentd-INS_gt50	INS_gt50	Irl1-HG003-20x-150bp-0-DBC5-PCR-FREE-ILMN-NOVASEQ	688815815.0	688815581.0	155.0	79.0	1500.0	0.08714837286265859	0.33760683760683763	0.9999978223536533	0.9499683343888538	0.05003166561114625	0.050031665611146296	HG003	hg38_m_giabHC	-1	-2	sent	sentd
Irl1-HG003-20x-150bp-0-DBC5-PCR-FREE-ILMN-NOVASEQ-sent-sentd-DEL_50	DEL_50	Irl1-HG003-20x-150bp-0-DBC5-PCR-FREE-ILMN-NOVASEQ	688815815.0	688788453.0	877.0	26485.0	173296.0	0.2332011111942697	0.9679482493969739	0.9997484678935347	0.8674298356700587	0.1325701643299413	0.1325701643299413	HG003	hg38_m_giabHC	-1	-2	sent	sentd
Irl1-HG003-20x-150bp-0-DBC5-PCR-FREE-ILMN-NOVASEQ-sent-sentd-DEL_gt50	DEL_gt50	Irl1-HG003-20x-150bp-0-DBC5-PCR-FREE-ILMN-NOVASEQ	688815815.0	688815678.0	56.0	81.0	1697.0	0.08459530026109661	0.5912408759124088	0.9999975363571513	0.954443194600675	0.04555680539932505	0.045556805399325086	HG003	hg38_m_giabHC	-1	-2	sent	sentd
Irl1-HG003-20x-150bp-0-DBC5-PCR-FREE-ILMN-NOVASEQ-sent-sentd-Indel_50	Indel_50	Irl1-HG003-20x-150bp-0-DBC5-PCR-FREE-ILMN-NOVASEQ	688815815.0	688806366.0	181.0	9268.0	37889.0	0.32745645337950036	0.9808445338131019	0.9999449962749563	0.8034650210997307	0.19653497890026927	0.1965349789002693	HG003	hg38_m_giabHC	-1	-2	sent	sentd
Irl1-HG003-20x-150bp-0-DBC5-PCR-FREE-ILMN-NOVASEQ-sent-sentd-Indel_gt50	Indel_gt50	Irl1-HG003-20x-150bp-0-DBC5-PCR-FREE-ILMN-NOVASEQ	688815815.0	688814764.0	50.0	1001.0	1906.0	0.505811015664477	0.9524262607040913	0.9999972329357244	0.6556587547299622	0.34434124527003784	0.34434124527003784	HG003	hg38_m_giabHC	-1	-2	sent	sentd
Irl1-HG003-20x-150bp-0-DBC5-PCR-FREE-ILMN-NOVASEQ-sent-sentd-All	All	Irl1-HG003-20x-150bp-0-DBC5-PCR-FREE-ILMN-NOVASEQ	688815815.0	688647760.0	7637.0	160418.0	924494.0	0.25606101357817085	0.9545565439885751	0.998659322508066	0.8521373162062914	0.1478626837937086	0.14786268379370862	HG003	hg38_m_giabHC	-1	-2	sent	sentd
Irl1-HG003-20x-150bp-0-DBC5-PCR-FREE-ILMN-NOVASEQ-sent-sentd-SNPts	SNPts	Irl1-HG003-20x-150bp-0-DBC5-PCR-FREE-ILMN-NOVASEQ	337668665.0	337403164.0	1511.0	263990.0	1387.0	0.9945411186751004	0.9943088726596133	0.9999958892077896	0.005226526790189052	0.9947734732098109	0.9947734732098109	HG003	giabHC_x_clinvar_genes	-1	-2	sent	sentd
Irl1-HG003-20x-150bp-0-DBC5-PCR-FREE-ILMN-NOVASEQ-sent-sentd-SNPtv	SNPtv	Irl1-HG003-20x-150bp-0-DBC5-PCR-FREE-ILMN-NOVASEQ	337668665.0	337548458.0	743.0	119464.0	663.0	0.9941498081836112	0.993818995565982	0.9999980358414264	0.005519158890174565	0.9944808411098255	0.9944808411098255	HG003	giabHC_x_clinvar_genes	-1	-2	sent	sentd
Irl1-HG003-20x-150bp-0-DBC5-PCR-FREE-ILMN-NOVASEQ-sent-sentd-INS_50	INS_50	Irl1-HG003-20x-150bp-0-DBC5-PCR-FREE-ILMN-NOVASEQ	337668665.0	337642353.0	182.0	26130.0	97.0	0.9946896591103752	0.9930830039525692	0.9999997127138486	0.003698478667022534	0.9963015213329774	0.9963015213329774	HG003	giabHC_x_clinvar_genes	-1	-2	sent	sentd
Irl1-HG003-20x-150bp-0-DBC5-PCR-FREE-ILMN-NOVASEQ-sent-sentd-INS_gt50	INS_gt50	Irl1-HG003-20x-150bp-0-DBC5-PCR-FREE-ILMN-NOVASEQ	337668665.0	337668665.0	0.0	0.0	0.0			1.0				HG003	giabHC_x_clinvar_genes	-1	-2	sent	sentd
Irl1-HG003-20x-150bp-0-DBC5-PCR-FREE-ILMN-NOVASEQ-sent-sentd-DEL_50	DEL_50	Irl1-HG003-20x-150bp-0-DBC5-PCR-FREE-ILMN-NOVASEQ	337668665.0	337640695.0	153.0	27817.0	78.0	0.9958650317730243	0.9945298534143725	0.9999997689852463	0.0027962000358487185	0.9972037999641513	0.9972037999641513	HG003	giabHC_x_clinvar_genes	-1	-2	sent	sentd
Irl1-HG003-20x-150bp-0-DBC5-PCR-FREE-ILMN-NOVASEQ-sent-sentd-DEL_gt50	DEL_gt50	Irl1-HG003-20x-150bp-0-DBC5-PCR-FREE-ILMN-NOVASEQ	337668665.0	337668665.0	0.0	0.0	1.0			0.999999997038517	1.0	0.0	0.0	HG003	giabHC_x_clinvar_genes	-1	-2	sent	sentd
Irl1-HG003-20x-150bp-0-DBC5-PCR-FREE-ILMN-NOVASEQ-sent-sentd-Indel_50	Indel_50	Irl1-HG003-20x-150bp-0-DBC5-PCR-FREE-ILMN-NOVASEQ	337668665.0	337665475.0	8.0	3182.0	0.0	0.9987445072190834	0.9974921630094044	1.0	0.0	1.0	1.0	HG003	giabHC_x_clinvar_genes	-1	-2	sent	sentd
Irl1-HG003-20x-150bp-0-DBC5-PCR-FREE-ILMN-NOVASEQ-sent-sentd-Indel_gt50	Indel_gt50	Irl1-HG003-20x-150bp-0-DBC5-PCR-FREE-ILMN-NOVASEQ	337668665.0	337668625.0	0.0	40.0	0.0	1.0	1.0	1.0	0.0	1.0	1.0	HG003	giabHC_x_clinvar_genes	-1	-2	sent	sentd
Irl1-HG003-20x-150bp-0-DBC5-PCR-FREE-ILMN-NOVASEQ-sent-sentd-All	All	Irl1-HG003-20x-150bp-0-DBC5-PCR-FREE-ILMN-NOVASEQ	337668665.0	337225445.0	2597.0	440623.0	2226.0	0.9945568573102094	0.9941406073733134	0.9999933991181881	0.005026544036454864	0.9949734559635451	0.9949734559635451	HG003	giabHC_x_clinvar_genes	-1	-2	sent	sentd
Irl1-HG003-20x-150bp-0-DBC5-PCR-FREE-ILMN-NOVASEQ-sent-sentd-SNPts	SNPts	Irl1-HG003-20x-150bp-0-DBC5-PCR-FREE-ILMN-NOVASEQ	332544085.0	332287265.0	454.0	256366.0	631.0	0.9978883532463892	0.9982322249046024	0.9999981010442824	0.0024552815791624026	0.9975447184208376	0.9975447184208376	HG003	giabHC_x_ultima_x_clinvar	-1	-2	sent	sentd
Irl1-HG003-20x-150bp-0-DBC5-PCR-FREE-ILMN-NOVASEQ-sent-sentd-SNPtv	SNPtv	Irl1-HG003-20x-150bp-0-DBC5-PCR-FREE-ILMN-NOVASEQ	332544085.0	332429489.0	258.0	114338.0	295.0	0.9975875652731547	0.9977486125170163	0.9999991125945562	0.002573429989619045	0.9974265700103809	0.9974265700103809	HG003	giabHC_x_ultima_x_clinvar	-1	-2	sent	sentd
Irl1-HG003-20x-150bp-0-DBC5-PCR-FREE-ILMN-NOVASEQ-sent-sentd-INS_50	INS_50	Irl1-HG003-20x-150bp-0-DBC5-PCR-FREE-ILMN-NOVASEQ	332544085.0	332526570.0	56.0	17459.0	42.0	0.9972012794151245	0.9968027405081359	0.9999998736943195	0.002399862864979144	0.9976001371350208	0.9976001371350208	HG003	giabHC_x_ultima_x_clinvar	-1	-2	sent	sentd
Irl1-HG003-20x-150bp-0-DBC5-PCR-FREE-ILMN-NOVASEQ-sent-sentd-INS_gt50	INS_gt50	Irl1-HG003-20x-150bp-0-DBC5-PCR-FREE-ILMN-NOVASEQ	332544085.0	332544085.0	0.0	0.0	0.0			1.0				HG003	giabHC_x_ultima_x_clinvar	-1	-2	sent	sentd
Irl1-HG003-20x-150bp-0-DBC5-PCR-FREE-ILMN-NOVASEQ-sent-sentd-DEL_50	DEL_50	Irl1-HG003-20x-150bp-0-DBC5-PCR-FREE-ILMN-NOVASEQ	332544085.0	332525149.0	61.0	18875.0	28.0	0.9976479293850261	0.996778622729193	0.9999999157958497	0.0014812463630111622	0.9985187536369888	0.9985187536369888	HG003	giabHC_x_ultima_x_clinvar	-1	-2	sent	sentd
Irl1-HG003-20x-150bp-0-DBC5-PCR-FREE-ILMN-NOVASEQ-sent-sentd-DEL_gt50	DEL_gt50	Irl1-HG003-20x-150bp-0-DBC5-PCR-FREE-ILMN-NOVASEQ	332544085.0	332544085.0	0.0	0.0	1.0			0.9999999969928799	1.0	0.0	0.0	HG003	giabHC_x_ultima_x_clinvar	-1	-2	sent	sentd
Irl1-HG003-20x-150bp-0-DBC5-PCR-FREE-ILMN-NOVASEQ-sent-sentd-Indel_50	Indel_50	Irl1-HG003-20x-150bp-0-DBC5-PCR-FREE-ILMN-NOVASEQ	332544085.0	332542798.0	3.0	1284.0	0.0	0.9988331388564761	0.9976689976689976	1.0	0.0	1.0	1.0	HG003	giabHC_x_ultima_x_clinvar	-1	-2	sent	sentd
Irl1-HG003-20x-150bp-0-DBC5-PCR-FREE-ILMN-NOVASEQ-sent-sentd-Indel_gt50	Indel_gt50	Irl1-HG003-20x-150bp-0-DBC5-PCR-FREE-ILMN-NOVASEQ	332544085.0	332544058.0	0.0	27.0	0.0	1.0	1.0	1.0	0.0	1.0	1.0	HG003	giabHC_x_ultima_x_clinvar	-1	-2	sent	sentd
Irl1-HG003-20x-150bp-0-DBC5-PCR-FREE-ILMN-NOVASEQ-sent-sentd-All	All	Irl1-HG003-20x-150bp-0-DBC5-PCR-FREE-ILMN-NOVASEQ	332544085.0	332134904.0	832.0	408349.0	997.0	0.9977654982670089	0.9979666700066718	0.9999969982167028	0.002435592383949031	0.9975644076160509	0.9975644076160509	HG003	giabHC_x_ultima_x_clinvar	-1	-2	sent	sentd
Irl1-HG003-20x-150bp-0-DBC5-PCR-FREE-ILMN-NOVASEQ-sent-sentd-SNPts	SNPts	Irl1-HG003-20x-150bp-0-DBC5-PCR-FREE-ILMN-NOVASEQ	377862616.0	377589442.0	2038.0	271136.0	36507.0	0.9336365843286267	0.9925395535446272	0.9999033249698632	0.11866676634930748	0.8813332336506925	0.8813332336506925	HG003	clinvar_genes	-1	-2	sent	sentd
Irl1-HG003-20x-150bp-0-DBC5-PCR-FREE-ILMN-NOVASEQ-sent-sentd-SNPtv	SNPtv	Irl1-HG003-20x-150bp-0-DBC5-PCR-FREE-ILMN-NOVASEQ	377862616.0	377738349.0	1023.0	123244.0	21553.0	0.9160943121339161	0.9917677259449411	0.999942945241446	0.14884976898692653	0.8511502310130734	0.8511502310130735	HG003	clinvar_genes	-1	-2	sent	sentd
Irl1-HG003-20x-150bp-0-DBC5-PCR-FREE-ILMN-NOVASEQ-sent-sentd-INS_50	INS_50	Irl1-HG003-20x-150bp-0-DBC5-PCR-FREE-ILMN-NOVASEQ	377862616.0	377833455.0	323.0	28838.0	18140.0	0.7575092922155532	0.9889235622921024	0.9999519917336858	0.3861381923453531	0.6138618076546469	0.6138618076546468	HG003	clinvar_genes	-1	-2	sent	sentd
Irl1-HG003-20x-150bp-0-DBC5-PCR-FREE-ILMN-NOVASEQ-sent-sentd-INS_gt50	INS_gt50	Irl1-HG003-20x-150bp-0-DBC5-PCR-FREE-ILMN-NOVASEQ	377862616.0	377862586.0	17.0	13.0	193.0	0.11016949152542374	0.43333333333333335	0.9999994892325714	0.9368932038834952	0.06310679611650483	0.06310679611650485	HG003	clinvar_genes	-1	-2	sent	sentd
Irl1-HG003-20x-150bp-0-DBC5-PCR-FREE-ILMN-NOVASEQ-sent-sentd-DEL_50	DEL_50	Irl1-HG003-20x-150bp-0-DBC5-PCR-FREE-ILMN-NOVASEQ	377862616.0	377831774.0	266.0	30576.0	18317.0	0.7669404903743651	0.9913753971856559	0.9999515231028487	0.37463440574315343	0.6253655942568466	0.6253655942568466	HG003	clinvar_genes	-1	-2	sent	sentd
Irl1-HG003-20x-150bp-0-DBC5-PCR-FREE-ILMN-NOVASEQ-sent-sentd-DEL_gt50	DEL_gt50	Irl1-HG003-20x-150bp-0-DBC5-PCR-FREE-ILMN-NOVASEQ	377862616.0	377862599.0	9.0	8.0	213.0	0.06722689075630253	0.47058823529411764	0.9999994363033534	0.9638009049773756	0.03619909502262442	0.03619909502262444	HG003	clinvar_genes	-1	-2	sent	sentd
Irl1-HG003-20x-150bp-0-DBC5-PCR-FREE-ILMN-NOVASEQ-sent-sentd-Indel_50	Indel_50	Irl1-HG003-20x-150bp-0-DBC5-PCR-FREE-ILMN-NOVASEQ	377862616.0	377858510.0	33.0	4073.0	4047.0	0.6662849664649109	0.9919629810034096	0.9999892897564868	0.4983990147783251	0.501600985221675	0.5016009852216748	HG003	clinvar_genes	-1	-2	sent	sentd
Irl1-HG003-20x-150bp-0-DBC5-PCR-FREE-ILMN-NOVASEQ-sent-sentd-Indel_gt50	Indel_gt50	Irl1-HG003-20x-150bp-0-DBC5-PCR-FREE-ILMN-NOVASEQ	377862616.0	377862461.0	4.0	151.0	210.0	0.5852713178294573	0.9741935483870968	0.9999994442425354	0.5817174515235457	0.4182825484764543	0.4182825484764543	HG003	clinvar_genes	-1	-2	sent	sentd
Irl1-HG003-20x-150bp-0-DBC5-PCR-FREE-ILMN-NOVASEQ-sent-sentd-All	All	Irl1-HG003-20x-150bp-0-DBC5-PCR-FREE-ILMN-NOVASEQ	377862616.0	377400864.0	3713.0	458039.0	99180.0	0.8990226414686973	0.9919588870216046	0.9997372715538014	0.1779910591706313	0.8220089408293687	0.8220089408293687	HG003	clinvar_genes	-1	-2	sent	sentd
Irl1-HG003-20x-150bp-0-DBC5-PCR-FREE-ILMN-NOVASEQ-sent-sentd-SNPts	SNPts	Irl1-HG003-20x-150bp-0-DBC5-PCR-FREE-ILMN-NOVASEQ	2505355380.0	2503152324.0	3199.0	2199857.0	5844.0	0.9979488549720478	0.9985479261534886	0.9999976653492877	0.0026494978240477743	0.9973505021759522	0.9973505021759522	HG003	giabHC_x_ultima	-1	-2	sent	sentd
Irl1-HG003-20x-150bp-0-DBC5-PCR-FREE-ILMN-NOVASEQ-sent-sentd-SNPtv	SNPtv	Irl1-HG003-20x-150bp-0-DBC5-PCR-FREE-ILMN-NOVASEQ	2505355380.0	2504321011.0	1859.0	1032510.0	2984.0	0.9976602316191941	0.9982027690311678	0.9999988084608836	0.002881716359534676	0.9971182836404653	0.9971182836404653	HG003	giabHC_x_ultima	-1	-2	sent	sentd
Irl1-HG003-20x-150bp-0-DBC5-PCR-FREE-ILMN-NOVASEQ-sent-sentd-INS_50	INS_50	Irl1-HG003-20x-150bp-0-DBC5-PCR-FREE-ILMN-NOVASEQ	2505355380.0	2505201559.0	356.0	153465.0	294.0	0.9978867286559594	0.9976856215991314	0.999999882644187	0.0019120831951300412	0.99808791680487	0.99808791680487	HG003	giabHC_x_ultima	-1	-2	sent	sentd
Irl1-HG003-20x-150bp-0-DBC5-PCR-FREE-ILMN-NOVASEQ-sent-sentd-INS_gt50	INS_gt50	Irl1-HG003-20x-150bp-0-DBC5-PCR-FREE-ILMN-NOVASEQ	2505355380.0	2505355380.0	0.0	0.0	0.0			1.0				HG003	giabHC_x_ultima	-1	-2	sent	sentd
Irl1-HG003-20x-150bp-0-DBC5-PCR-FREE-ILMN-NOVASEQ-sent-sentd-DEL_50	DEL_50	Irl1-HG003-20x-150bp-0-DBC5-PCR-FREE-ILMN-NOVASEQ	2505355380.0	2505189868.0	368.0	165144.0	239.0	0.9981655812266731	0.9977765962588815	0.9999999045980585	0.0014451303942968744	0.9985548696057032	0.9985548696057032	HG003	giabHC_x_ultima	-1	-2	sent	sentd
Irl1-HG003-20x-150bp-0-DBC5-PCR-FREE-ILMN-NOVASEQ-sent-sentd-DEL_gt50	DEL_gt50	Irl1-HG003-20x-150bp-0-DBC5-PCR-FREE-ILMN-NOVASEQ	2505355380.0	2505355380.0	0.0	0.0	3.0			0.9999999988025651	1.0	0.0	0.0	HG003	giabHC_x_ultima	-1	-2	sent	sentd
Irl1-HG003-20x-150bp-0-DBC5-PCR-FREE-ILMN-NOVASEQ-sent-sentd-Indel_50	Indel_50	Irl1-HG003-20x-150bp-0-DBC5-PCR-FREE-ILMN-NOVASEQ	2505355380.0	2505341624.0	22.0	13734.0	0.0	0.9991997089850855	0.9984006978772899	1.0	0.0	1.0	1.0	HG003	giabHC_x_ultima	-1	-2	sent	sentd
Irl1-HG003-20x-150bp-0-DBC5-PCR-FREE-ILMN-NOVASEQ-sent-sentd-Indel_gt50	Indel_gt50	Irl1-HG003-20x-150bp-0-DBC5-PCR-FREE-ILMN-NOVASEQ	2505355380.0	2505355030.0	0.0	350.0	0.0	1.0	1.0	1.0	0.0	1.0	1.0	HG003	giabHC_x_ultima	-1	-2	sent	sentd
Irl1-HG003-20x-150bp-0-DBC5-PCR-FREE-ILMN-NOVASEQ-sent-sentd-All	All	Irl1-HG003-20x-150bp-0-DBC5-PCR-FREE-ILMN-NOVASEQ	2505355380.0	2501784516.0	5804.0	3565060.0	9364.0	0.9978772024304688	0.9983746230604134	0.9999962570857356	0.002619722786104838	0.9973802772138952	0.9973802772138952	HG003	giabHC_x_ultima	-1	-2	sent	sentd
Irl1-HG003-20x-150bp-0-DBC5-PCR-FREE-ILMN-NOVASEQ-sent-sentd-SNPts	SNPts	Irl1-HG003-20x-150bp-0-DBC5-PCR-FREE-ILMN-NOVASEQ	2528531102.0	2526276509.0	10432.0	2244161.0	9346.0	0.9956127858743152	0.9953730008032492	0.9999963004978311	0.004147313498471494	0.9958526865015285	0.9958526865015285	HG003	giabHC	-1	-2	sent	sentd
Irl1-HG003-20x-150bp-0-DBC5-PCR-FREE-ILMN-NOVASEQ-sent-sentd-SNPtv	SNPtv	Irl1-HG003-20x-150bp-0-DBC5-PCR-FREE-ILMN-NOVASEQ	2528531102.0	2527459599.0	5587.0	1065916.0	4788.0	0.9951568639258485	0.9947858288777539	0.9999981056112899	0.0044718241456088706	0.9955281758543911	0.9955281758543911	HG003	giabHC	-1	-2	sent	sentd
Irl1-HG003-20x-150bp-0-DBC5-PCR-FREE-ILMN-NOVASEQ-sent-sentd-INS_50	INS_50	Irl1-HG003-20x-150bp-0-DBC5-PCR-FREE-ILMN-NOVASEQ	2528531102.0	2528302131.0	1132.0	227839.0	644.0	0.9961176424296213	0.9950561424809256	0.9999997452836715	0.0028185904421773175	0.9971814095578226	0.9971814095578226	HG003	giabHC	-1	-2	sent	sentd
Irl1-HG003-20x-150bp-0-DBC5-PCR-FREE-ILMN-NOVASEQ-sent-sentd-INS_gt50	INS_gt50	Irl1-HG003-20x-150bp-0-DBC5-PCR-FREE-ILMN-NOVASEQ	2528531102.0	2528531101.0	0.0	1.0	1.0	0.6666666666666666	1.0	0.9999999996045135	0.5	0.5	0.5	HG003	giabHC	-1	-2	sent	sentd
Irl1-HG003-20x-150bp-0-DBC5-PCR-FREE-ILMN-NOVASEQ-sent-sentd-DEL_50	DEL_50	Irl1-HG003-20x-150bp-0-DBC5-PCR-FREE-ILMN-NOVASEQ	2528531102.0	2528287871.0	1058.0	242173.0	545.0	0.9967012999306512	0.9956502255057949	0.99999978443915	0.002245404131543602	0.9977545958684564	0.9977545958684564	HG003	giabHC	-1	-2	sent	sentd
Irl1-HG003-20x-150bp-0-DBC5-PCR-FREE-ILMN-NOVASEQ-sent-sentd-DEL_gt50	DEL_gt50	Irl1-HG003-20x-150bp-0-DBC5-PCR-FREE-ILMN-NOVASEQ	2528531102.0	2528531102.0	0.0	0.0	3.0			0.9999999988135404	1.0	0.0	0.0	HG003	giabHC	-1	-2	sent	sentd
Irl1-HG003-20x-150bp-0-DBC5-PCR-FREE-ILMN-NOVASEQ-sent-sentd-Indel_50	Indel_50	Irl1-HG003-20x-150bp-0-DBC5-PCR-FREE-ILMN-NOVASEQ	2528531102.0	2528499143.0	120.0	31839.0	8.0	0.9979939190671724	0.9962451891485966	0.9999999968360678	0.0002512010550444312	0.9997487989449556	0.9997487989449556	HG003	giabHC	-1	-2	sent	sentd
Irl1-HG003-20x-150bp-0-DBC5-PCR-FREE-ILMN-NOVASEQ-sent-sentd-Indel_gt50	Indel_gt50	Irl1-HG003-20x-150bp-0-DBC5-PCR-FREE-ILMN-NOVASEQ	2528531102.0	2528530650.0	4.0	448.0	0.0	0.9955555555555555	0.9911504424778761	1.0	0.0	1.0	1.0	HG003	giabHC	-1	-2	sent	sentd
Irl1-HG003-20x-150bp-0-DBC5-PCR-FREE-ILMN-NOVASEQ-sent-sentd-All	All	Irl1-HG003-20x-150bp-0-DBC5-PCR-FREE-ILMN-NOVASEQ	2528531102.0	2524700392.0	18333.0	3812377.0	15335.0	0.9956037940975307	0.9952142031111726	0.9999939260488474	0.004006309774612092	0.9959936902253879	0.9959936902253879	HG003	giabHC	-1	-2	sent	sentd
Irl1-HG003-20x-50bp-0-DBC18-PCR-FREE-ILMN-NOVASEQ-sent-sentd-SNPts	SNPts	Irl1-HG003-20x-50bp-0-DBC18-PCR-FREE-ILMN-NOVASEQ	337668665.0	337403110.0	24026.0	241529.0	2597.0	0.9477653669648269	0.9095253337350078	0.9999923030347557	0.010637949255712214	0.9893620507442877	0.9893620507442877	HG003	giabHC_x_clinvar_genes	-1	-2	sent	sentd
Irl1-HG003-20x-50bp-0-DBC18-PCR-FREE-ILMN-NOVASEQ-sent-sentd-SNPtv	SNPtv	Irl1-HG003-20x-50bp-0-DBC18-PCR-FREE-ILMN-NOVASEQ	337668665.0	337548402.0	11105.0	109158.0	1442.0	0.94565175017218	0.9076607102766436	0.999995728038316	0.013037974683544304	0.9869620253164557	0.9869620253164557	HG003	giabHC_x_clinvar_genes	-1	-2	sent	sentd
Irl1-HG003-20x-50bp-0-DBC18-PCR-FREE-ILMN-NOVASEQ-sent-sentd-INS_50	INS_50	Irl1-HG003-20x-50bp-0-DBC18-PCR-FREE-ILMN-NOVASEQ	337668665.0	337641935.0	3555.0	23175.0	568.0	0.9183127612783072	0.867003367003367	0.9999983177473365	0.023922840416122648	0.9760771595838773	0.9760771595838773	HG003	giabHC_x_clinvar_genes	-1	-2	sent	sentd
Irl1-HG003-20x-50bp-0-DBC18-PCR-FREE-ILMN-NOVASEQ-sent-sentd-INS_gt50	INS_gt50	Irl1-HG003-20x-50bp-0-DBC18-PCR-FREE-ILMN-NOVASEQ	337668665.0	337668665.0	0.0	0.0	0.0			1.0				HG003	giabHC_x_clinvar_genes	-1	-2	sent	sentd
Irl1-HG003-20x-50bp-0-DBC18-PCR-FREE-ILMN-NOVASEQ-sent-sentd-DEL_50	DEL_50	Irl1-HG003-20x-50bp-0-DBC18-PCR-FREE-ILMN-NOVASEQ	337668665.0	337640273.0	3529.0	24863.0	483.0	0.9253414715843536	0.8757044237813468	0.9999985694854918	0.019056261343012703	0.9809437386569873	0.9809437386569873	HG003	giabHC_x_clinvar_genes	-1	-2	sent	sentd
Irl1-HG003-20x-50bp-0-DBC18-PCR-FREE-ILMN-NOVASEQ-sent-sentd-DEL_gt50	DEL_gt50	Irl1-HG003-20x-50bp-0-DBC18-PCR-FREE-ILMN-NOVASEQ	337668665.0	337668665.0	0.0	0.0	2.0			0.9999999940770341	1.0	0.0	0.0	HG003	giabHC_x_clinvar_genes	-1	-2	sent	sentd
Irl1-HG003-20x-50bp-0-DBC18-PCR-FREE-ILMN-NOVASEQ-sent-sentd-Indel_50	Indel_50	Irl1-HG003-20x-50bp-0-DBC18-PCR-FREE-ILMN-NOVASEQ	337668665.0	337666376.0	817.0	1472.0	1.0	0.782562466772993	0.6430755788553953	0.999999997038497	0.0006788866259334691	0.9993211133740665	0.9993211133740665	HG003	giabHC_x_clinvar_genes	-1	-2	sent	sentd
Irl1-HG003-20x-50bp-0-DBC18-PCR-FREE-ILMN-NOVASEQ-sent-sentd-Indel_gt50	Indel_gt50	Irl1-HG003-20x-50bp-0-DBC18-PCR-FREE-ILMN-NOVASEQ	337668665.0	337668626.0	33.0	6.0	0.0	0.2666666666666667	0.15384615384615385	1.0	0.0	1.0	1.0	HG003	giabHC_x_clinvar_genes	-1	-2	sent	sentd
Irl1-HG003-20x-50bp-0-DBC18-PCR-FREE-ILMN-NOVASEQ-sent-sentd-All	All	Irl1-HG003-20x-50bp-0-DBC18-PCR-FREE-ILMN-NOVASEQ	337668665.0	337225397.0	43065.0	400203.0	5093.0	0.9432476513262406	0.9028465849102575	0.9999848975696118	0.012566124511468161	0.9874338754885318	0.9874338754885318	HG003	giabHC_x_clinvar_genes	-1	-2	sent	sentd
Irl1-HG003-20x-50bp-0-DBC18-PCR-FREE-ILMN-NOVASEQ-sent-sentd-SNPts	SNPts	Irl1-HG003-20x-50bp-0-DBC18-PCR-FREE-ILMN-NOVASEQ	2505355380.0	2503152267.0	217553.0	1985560.0	11522.0	0.9454608655074347	0.9012520011456516	0.9999953970251365	0.005769417580249584	0.9942305824197504	0.9942305824197504	HG003	giabHC_x_ultima	-1	-2	sent	sentd
Irl1-HG003-20x-50bp-0-DBC18-PCR-FREE-ILMN-NOVASEQ-sent-sentd-SNPtv	SNPtv	Irl1-HG003-20x-50bp-0-DBC18-PCR-FREE-ILMN-NOVASEQ	2505355380.0	2504320869.0	105201.0	929310.0	6146.0	0.9434777333833511	0.8983084761786003	0.9999975458476615	0.006570057811377553	0.9934299421886225	0.9934299421886225	HG003	giabHC_x_ultima	-1	-2	sent	sentd
Irl1-HG003-20x-50bp-0-DBC18-PCR-FREE-ILMN-NOVASEQ-sent-sentd-INS_50	INS_50	Irl1-HG003-20x-50bp-0-DBC18-PCR-FREE-ILMN-NOVASEQ	2505355380.0	2505199979.0	23315.0	132086.0	1855.0	0.913009518148074	0.849968790419624	0.9999992595406986	0.013849381444068658	0.9861506185559313	0.9861506185559313	HG003	giabHC_x_ultima	-1	-2	sent	sentd
Irl1-HG003-20x-50bp-0-DBC18-PCR-FREE-ILMN-NOVASEQ-sent-sentd-INS_gt50	INS_gt50	Irl1-HG003-20x-50bp-0-DBC18-PCR-FREE-ILMN-NOVASEQ	2505355380.0	2505355380.0	0.0	0.0	0.0			1.0				HG003	giabHC_x_ultima	-1	-2	sent	sentd
Irl1-HG003-20x-50bp-0-DBC18-PCR-FREE-ILMN-NOVASEQ-sent-sentd-DEL_50	DEL_50	Irl1-HG003-20x-50bp-0-DBC18-PCR-FREE-ILMN-NOVASEQ	2505355380.0	2505187695.0	24795.0	142890.0	1918.0	0.9145164851692678	0.8521334645317112	0.9999992343892893	0.013245124578752555	0.9867548754212474	0.9867548754212474	HG003	giabHC_x_ultima	-1	-2	sent	sentd
Irl1-HG003-20x-50bp-0-DBC18-PCR-FREE-ILMN-NOVASEQ-sent-sentd-DEL_gt50	DEL_gt50	Irl1-HG003-20x-50bp-0-DBC18-PCR-FREE-ILMN-NOVASEQ	2505355380.0	2505355380.0	0.0	0.0	19.0			0.9999999924162456	1.0	0.0	0.0	HG003	giabHC_x_ultima	-1	-2	sent	sentd
Irl1-HG003-20x-50bp-0-DBC18-PCR-FREE-ILMN-NOVASEQ-sent-sentd-Indel_50	Indel_50	Irl1-HG003-20x-50bp-0-DBC18-PCR-FREE-ILMN-NOVASEQ	2505355380.0	2505345638.0	6015.0	3727.0	13.0	0.5528853285862632	0.3825703141038801	0.9999999948110952	0.0034759358288770055	0.996524064171123	0.996524064171123	HG003	giabHC_x_ultima	-1	-2	sent	sentd
Irl1-HG003-20x-50bp-0-DBC18-PCR-FREE-ILMN-NOVASEQ-sent-sentd-Indel_gt50	Indel_gt50	Irl1-HG003-20x-50bp-0-DBC18-PCR-FREE-ILMN-NOVASEQ	2505355380.0	2505355083.0	276.0	21.0	0.0	0.1320754716981132	0.0707070707070707	1.0	0.0	1.0	1.0	HG003	giabHC_x_ultima	-1	-2	sent	sentd
Irl1-HG003-20x-50bp-0-DBC18-PCR-FREE-ILMN-NOVASEQ-sent-sentd-All	All	Irl1-HG003-20x-50bp-0-DBC18-PCR-FREE-ILMN-NOVASEQ	2505355380.0	2501784631.0	377155.0	3193594.0	21473.0	0.9412557015987465	0.8943765019607931	0.9999914170007157	0.006678865479319716	0.9933211345206803	0.9933211345206803	HG003	giabHC_x_ultima	-1	-2	sent	sentd
Irl1-HG003-20x-50bp-0-DBC18-PCR-FREE-ILMN-NOVASEQ-sent-sentd-SNPts	SNPts	Irl1-HG003-20x-50bp-0-DBC18-PCR-FREE-ILMN-NOVASEQ	332544085.0	332287261.0	20710.0	236114.0	1898.0	0.9543121357379011	0.9193611188985453	0.9999942881073649	0.007974387845990959	0.9920256121540091	0.9920256121540091	HG003	giabHC_x_ultima_x_clinvar	-1	-2	sent	sentd
Irl1-HG003-20x-50bp-0-DBC18-PCR-FREE-ILMN-NOVASEQ-sent-sentd-SNPtv	SNPtv	Irl1-HG003-20x-50bp-0-DBC18-PCR-FREE-ILMN-NOVASEQ	332544085.0	332429469.0	9393.0	105223.0	1061.0	0.952675418741512	0.9180480910169609	0.9999968083557187	0.009982687892815475	0.9900173121071846	0.9900173121071846	HG003	giabHC_x_ultima_x_clinvar	-1	-2	sent	sentd
Irl1-HG003-20x-50bp-0-DBC18-PCR-FREE-ILMN-NOVASEQ-sent-sentd-INS_50	INS_50	Irl1-HG003-20x-50bp-0-DBC18-PCR-FREE-ILMN-NOVASEQ	332544085.0	332526434.0	2228.0	15423.0	205.0	0.9268908320562518	0.8737748569486148	0.9999993835080383	0.013117481443562836	0.9868825185564372	0.9868825185564372	HG003	giabHC_x_ultima_x_clinvar	-1	-2	sent	sentd
Irl1-HG003-20x-50bp-0-DBC18-PCR-FREE-ILMN-NOVASEQ-sent-sentd-INS_gt50	INS_gt50	Irl1-HG003-20x-50bp-0-DBC18-PCR-FREE-ILMN-NOVASEQ	332544085.0	332544085.0	0.0	0.0	0.0			1.0				HG003	giabHC_x_ultima_x_clinvar	-1	-2	sent	sentd
Irl1-HG003-20x-50bp-0-DBC18-PCR-FREE-ILMN-NOVASEQ-sent-sentd-DEL_50	DEL_50	Irl1-HG003-20x-50bp-0-DBC18-PCR-FREE-ILMN-NOVASEQ	332544085.0	332524953.0	2423.0	16709.0	237.0	0.9262708575863406	0.8733535438009618	0.9999992872720409	0.013985601321845863	0.9860143986781541	0.9860143986781541	HG003	giabHC_x_ultima_x_clinvar	-1	-2	sent	sentd
Irl1-HG003-20x-50bp-0-DBC18-PCR-FREE-ILMN-NOVASEQ-sent-sentd-DEL_gt50	DEL_gt50	Irl1-HG003-20x-50bp-0-DBC18-PCR-FREE-ILMN-NOVASEQ	332544085.0	332544085.0	0.0	0.0	2.0			0.9999999939857599	1.0	0.0	0.0	HG003	giabHC_x_ultima_x_clinvar	-1	-2	sent	sentd
Irl1-HG003-20x-50bp-0-DBC18-PCR-FREE-ILMN-NOVASEQ-sent-sentd-Indel_50	Indel_50	Irl1-HG003-20x-50bp-0-DBC18-PCR-FREE-ILMN-NOVASEQ	332544085.0	332543168.0	555.0	362.0	0.0	0.5660672400312745	0.39476553980370777	1.0	0.0	1.0	1.0	HG003	giabHC_x_ultima_x_clinvar	-1	-2	sent	sentd
Irl1-HG003-20x-50bp-0-DBC18-PCR-FREE-ILMN-NOVASEQ-sent-sentd-Indel_gt50	Indel_gt50	Irl1-HG003-20x-50bp-0-DBC18-PCR-FREE-ILMN-NOVASEQ	332544085.0	332544059.0	22.0	4.0	0.0	0.2666666666666667	0.15384615384615385	1.0	0.0	1.0	1.0	HG003	giabHC_x_ultima_x_clinvar	-1	-2	sent	sentd
Irl1-HG003-20x-50bp-0-DBC18-PCR-FREE-ILMN-NOVASEQ-sent-sentd-All	All	Irl1-HG003-20x-50bp-0-DBC18-PCR-FREE-ILMN-NOVASEQ	332544085.0	332134919.0	35331.0	373835.0	3403.0	0.9507454183854609	0.9136511831383839	0.999989754268705	0.009020830351131116	0.9909791696488689	0.9909791696488689	HG003	giabHC_x_ultima_x_clinvar	-1	-2	sent	sentd
Irl1-HG003-20x-50bp-0-DBC18-PCR-FREE-ILMN-NOVASEQ-sent-sentd-SNPts	SNPts	Irl1-HG003-20x-50bp-0-DBC18-PCR-FREE-ILMN-NOVASEQ	377862616.0	377589371.0	25605.0	247640.0	32296.0	0.8953308230036823	0.9062928873355414	0.999914475246464	0.1153692272519433	0.8846307727480567	0.8846307727480567	HG003	clinvar_genes	-1	-2	sent	sentd
Irl1-HG003-20x-50bp-0-DBC18-PCR-FREE-ILMN-NOVASEQ-sent-sentd-SNPtv	SNPtv	Irl1-HG003-20x-50bp-0-DBC18-PCR-FREE-ILMN-NOVASEQ	377862616.0	377738277.0	11973.0	112366.0	19197.0	0.8781955592375207	0.9037068015666846	0.9999491816805192	0.14591488488404794	0.8540851151159521	0.8540851151159521	HG003	clinvar_genes	-1	-2	sent	sentd
Irl1-HG003-20x-50bp-0-DBC18-PCR-FREE-ILMN-NOVASEQ-sent-sentd-INS_50	INS_50	Irl1-HG003-20x-50bp-0-DBC18-PCR-FREE-ILMN-NOVASEQ	377862616.0	377832961.0	4452.0	25203.0	13710.0	0.7351242562128106	0.8498735457764289	0.9999637154405417	0.3523244160049341	0.6476755839950659	0.6476755839950659	HG003	clinvar_genes	-1	-2	sent	sentd
Irl1-HG003-20x-50bp-0-DBC18-PCR-FREE-ILMN-NOVASEQ-sent-sentd-INS_gt50	INS_gt50	Irl1-HG003-20x-50bp-0-DBC18-PCR-FREE-ILMN-NOVASEQ	377862616.0	377862586.0	29.0	1.0	16.0	0.0425531914893617	0.03333333333333333	0.9999999576565664	0.9411764705882353	0.05882352941176472	0.058823529411764705	HG003	clinvar_genes	-1	-2	sent	sentd
Irl1-HG003-20x-50bp-0-DBC18-PCR-FREE-ILMN-NOVASEQ-sent-sentd-DEL_50	DEL_50	Irl1-HG003-20x-50bp-0-DBC18-PCR-FREE-ILMN-NOVASEQ	377862616.0	377831283.0	4294.0	27039.0	14320.0	0.7439333076542124	0.8629559888934989	0.9999621009219473	0.3462366111366329	0.6537633888633672	0.6537633888633672	HG003	clinvar_genes	-1	-2	sent	sentd
Irl1-HG003-20x-50bp-0-DBC18-PCR-FREE-ILMN-NOVASEQ-sent-sentd-DEL_gt50	DEL_gt50	Irl1-HG003-20x-50bp-0-DBC18-PCR-FREE-ILMN-NOVASEQ	377862616.0	377862598.0	15.0	3.0	56.0	0.07792207792207792	0.16666666666666666	0.9999998517980028	0.9491525423728814	0.05084745762711862	0.05084745762711865	HG003	clinvar_genes	-1	-2	sent	sentd
Irl1-HG003-20x-50bp-0-DBC18-PCR-FREE-ILMN-NOVASEQ-sent-sentd-Indel_50	Indel_50	Irl1-HG003-20x-50bp-0-DBC18-PCR-FREE-ILMN-NOVASEQ	377862616.0	377859617.0	1271.0	1728.0	1677.0	0.5396627108057465	0.5761920640213405	0.9999955618635022	0.49251101321585905	0.507488986784141	0.507488986784141	HG003	clinvar_genes	-1	-2	sent	sentd
Irl1-HG003-20x-50bp-0-DBC18-PCR-FREE-ILMN-NOVASEQ-sent-sentd-Indel_gt50	Indel_gt50	Irl1-HG003-20x-50bp-0-DBC18-PCR-FREE-ILMN-NOVASEQ	377862616.0	377862464.0	139.0	13.0	11.0	0.14772727272727273	0.08552631578947369	0.9999999708888796	0.4583333333333333	0.5416666666666667	0.5416666666666666	HG003	clinvar_genes	-1	-2	sent	sentd
Irl1-HG003-20x-50bp-0-DBC18-PCR-FREE-ILMN-NOVASEQ-sent-sentd-All	All	Irl1-HG003-20x-50bp-0-DBC18-PCR-FREE-ILMN-NOVASEQ	377862616.0	377400845.0	47778.0	413993.0	81283.0	0.8651466437907438	0.8965331300579724	0.9997846706003523	0.16411657338534474	0.8358834266146553	0.8358834266146553	HG003	clinvar_genes	-1	-2	sent	sentd
Irl1-HG003-20x-50bp-0-DBC18-PCR-FREE-ILMN-NOVASEQ-sent-sentd-SNPts	SNPts	Irl1-HG003-20x-50bp-0-DBC18-PCR-FREE-ILMN-NOVASEQ	2799325643.0	2797071427.0	224036.0	2030180.0	153630.0	0.9149022560931369	0.9006146704663617	0.9999450777120649	0.0703495267445428	0.9296504732554572	0.9296504732554572	HG003	ultima	-1	-2	sent	sentd
Irl1-HG003-20x-50bp-0-DBC18-PCR-FREE-ILMN-NOVASEQ-sent-sentd-SNPtv	SNPtv	Irl1-HG003-20x-50bp-0-DBC18-PCR-FREE-ILMN-NOVASEQ	2799325643.0	2798266815.0	108394.0	950434.0	85394.0	0.9074845702587918	0.8976283211248663	0.9999694841843978	0.082440327930892	0.917559672069108	0.917559672069108	HG003	ultima	-1	-2	sent	sentd
Irl1-HG003-20x-50bp-0-DBC18-PCR-FREE-ILMN-NOVASEQ-sent-sentd-INS_50	INS_50	Irl1-HG003-20x-50bp-0-DBC18-PCR-FREE-ILMN-NOVASEQ	2799325643.0	2799159684.0	26400.0	139559.0	22943.0	0.8497751635658419	0.8409245657059876	0.9999918036787673	0.1411859546344045	0.8588140453655955	0.8588140453655955	HG003	ultima	-1	-2	sent	sentd
Irl1-HG003-20x-50bp-0-DBC18-PCR-FREE-ILMN-NOVASEQ-sent-sentd-INS_gt50	INS_gt50	Irl1-HG003-20x-50bp-0-DBC18-PCR-FREE-ILMN-NOVASEQ	2799325643.0	2799325548.0	94.0	1.0	5.0	0.0198019801980198	0.010526315789473684	0.9999999982138554	0.8333333333333334	0.16666666666666663	0.16666666666666666	HG003	ultima	-1	-2	sent	sentd
Irl1-HG003-20x-50bp-0-DBC18-PCR-FREE-ILMN-NOVASEQ-sent-sentd-DEL_50	DEL_50	Irl1-HG003-20x-50bp-0-DBC18-PCR-FREE-ILMN-NOVASEQ	2799325643.0	2799145668.0	28367.0	151608.0	29087.0	0.8407020267834863	0.8423836643978331	0.9999896087230895	0.16097291015246687	0.8390270898475332	0.8390270898475332	HG003	ultima	-1	-2	sent	sentd
Irl1-HG003-20x-50bp-0-DBC18-PCR-FREE-ILMN-NOVASEQ-sent-sentd-DEL_gt50	DEL_gt50	Irl1-HG003-20x-50bp-0-DBC18-PCR-FREE-ILMN-NOVASEQ	2799325643.0	2799325554.0	65.0	24.0	120.0	0.20600858369098715	0.2696629213483146	0.9999999571325333	0.8333333333333334	0.16666666666666663	0.16666666666666666	HG003	ultima	-1	-2	sent	sentd
Irl1-HG003-20x-50bp-0-DBC18-PCR-FREE-ILMN-NOVASEQ-sent-sentd-Indel_50	Indel_50	Irl1-HG003-20x-50bp-0-DBC18-PCR-FREE-ILMN-NOVASEQ	2799325643.0	2799313195.0	8172.0	4276.0	775.0	0.48871364077947305	0.3435089974293059	0.9999997231464536	0.1534349633735894	0.8465650366264106	0.8465650366264106	HG003	ultima	-1	-2	sent	sentd
Irl1-HG003-20x-50bp-0-DBC18-PCR-FREE-ILMN-NOVASEQ-sent-sentd-Indel_gt50	Indel_gt50	Irl1-HG003-20x-50bp-0-DBC18-PCR-FREE-ILMN-NOVASEQ	2799325643.0	2799324834.0	775.0	34.0	10.0	0.07971864009378665	0.042027194066749075	0.9999999964277101	0.22727272727272727	0.7727272727272727	0.7727272727272727	HG003	ultima	-1	-2	sent	sentd
Irl1-HG003-20x-50bp-0-DBC18-PCR-FREE-ILMN-NOVASEQ-sent-sentd-All	All	Irl1-HG003-20x-50bp-0-DBC18-PCR-FREE-ILMN-NOVASEQ	2799325643.0	2795653224.0	396303.0	3276116.0	291964.0	0.9049420488836475	0.892086660046144	0.9998955759214261	0.0818266406582812	0.9181733593417188	0.9181733593417188	HG003	ultima	-1	-2	sent	sentd
Irl1-HG003-20x-50bp-0-DBC18-PCR-FREE-ILMN-NOVASEQ-sent-sentd-SNPts	SNPts	Irl1-HG003-20x-50bp-0-DBC18-PCR-FREE-ILMN-NOVASEQ	2528531102.0	2526276192.0	241680.0	2013230.0	14777.0	0.9401209502775796	0.8928205560310611	0.9999941507133654	0.007286464001356997	0.992713535998643	0.992713535998643	HG003	giabHC	-1	-2	sent	sentd
Irl1-HG003-20x-50bp-0-DBC18-PCR-FREE-ILMN-NOVASEQ-sent-sentd-SNPtv	SNPtv	Irl1-HG003-20x-50bp-0-DBC18-PCR-FREE-ILMN-NOVASEQ	2528531102.0	2527459218.0	119400.0	952484.0	8089.0	0.9372734576918478	0.888607349302723	0.9999967995629547	0.008421015373115839	0.9915789846268842	0.9915789846268842	HG003	giabHC	-1	-2	sent	sentd
Irl1-HG003-20x-50bp-0-DBC18-PCR-FREE-ILMN-NOVASEQ-sent-sentd-INS_50	INS_50	Irl1-HG003-20x-50bp-0-DBC18-PCR-FREE-ILMN-NOVASEQ	2528531102.0	2528297903.0	35126.0	198073.0	4998.0	0.9080294313154696	0.849373282046664	0.9999980231798975	0.024612081488740393	0.9753879185112596	0.9753879185112596	HG003	giabHC	-1	-2	sent	sentd
Irl1-HG003-20x-50bp-0-DBC18-PCR-FREE-ILMN-NOVASEQ-sent-sentd-INS_gt50	INS_gt50	Irl1-HG003-20x-50bp-0-DBC18-PCR-FREE-ILMN-NOVASEQ	2528531102.0	2528531101.0	1.0	0.0	0.0		0.0	1.0				HG003	giabHC	-1	-2	sent	sentd
Irl1-HG003-20x-50bp-0-DBC18-PCR-FREE-ILMN-NOVASEQ-sent-sentd-DEL_50	DEL_50	Irl1-HG003-20x-50bp-0-DBC18-PCR-FREE-ILMN-NOVASEQ	2528531102.0	2528283516.0	34172.0	213414.0	3936.0	0.9180360307655248	0.8619792718489737	0.9999984432149924	0.01810904071773637	0.9818909592822637	0.9818909592822637	HG003	giabHC	-1	-2	sent	sentd
Irl1-HG003-20x-50bp-0-DBC18-PCR-FREE-ILMN-NOVASEQ-sent-sentd-DEL_gt50	DEL_gt50	Irl1-HG003-20x-50bp-0-DBC18-PCR-FREE-ILMN-NOVASEQ	2528531102.0	2528531102.0	0.0	0.0	20.0			0.9999999920902694	1.0	0.0	0.0	HG003	giabHC	-1	-2	sent	sentd
Irl1-HG003-20x-50bp-0-DBC18-PCR-FREE-ILMN-NOVASEQ-sent-sentd-Indel_50	Indel_50	Irl1-HG003-20x-50bp-0-DBC18-PCR-FREE-ILMN-NOVASEQ	2528531102.0	2528508063.0	8786.0	14253.0	22.0	0.7639491879723428	0.6186466426494206	0.999999991299217	0.0015411558669001751	0.9984588441330998	0.9984588441330998	HG003	giabHC	-1	-2	sent	sentd
Irl1-HG003-20x-50bp-0-DBC18-PCR-FREE-ILMN-NOVASEQ-sent-sentd-Indel_gt50	Indel_gt50	Irl1-HG003-20x-50bp-0-DBC18-PCR-FREE-ILMN-NOVASEQ	2528531102.0	2528530715.0	361.0	26.0	0.0	0.12590799031476999	0.06718346253229975	1.0	0.0	1.0	1.0	HG003	giabHC	-1	-2	sent	sentd
Irl1-HG003-20x-50bp-0-DBC18-PCR-FREE-ILMN-NOVASEQ-sent-sentd-All	All	Irl1-HG003-20x-50bp-0-DBC18-PCR-FREE-ILMN-NOVASEQ	2528531102.0	2524700096.0	439526.0	3391480.0	31842.0	0.9350225134567943	0.8852713882463249	0.9999873879679975	0.009301491358393981	0.990698508641606	0.990698508641606	HG003	giabHC	-1	-2	sent	sentd
Irl1-HG003-20x-50bp-0-DBC18-PCR-FREE-ILMN-NOVASEQ-sent-sentd-SNPts	SNPts	Irl1-HG003-20x-50bp-0-DBC18-PCR-FREE-ILMN-NOVASEQ	3088286401.0	3085963434.0	254905.0	2068062.0	267563.0	0.8878485173202546	0.8902674898093688	0.9999133042859526	0.11455734546427616	0.8854426545357238	0.8854426545357238	HG003	hg38	-1	-2	sent	sentd
Irl1-HG003-20x-50bp-0-DBC18-PCR-FREE-ILMN-NOVASEQ-sent-sentd-SNPtv	SNPtv	Irl1-HG003-20x-50bp-0-DBC18-PCR-FREE-ILMN-NOVASEQ	3088286401.0	3087179327.0	126417.0	980657.0	172904.0	0.8675942821375411	0.8858098013321603	0.9999439960240805	0.14988717545062635	0.8501128245493736	0.8501128245493736	HG003	hg38	-1	-2	sent	sentd
Irl1-HG003-20x-50bp-0-DBC18-PCR-FREE-ILMN-NOVASEQ-sent-sentd-INS_50	INS_50	Irl1-HG003-20x-50bp-0-DBC18-PCR-FREE-ILMN-NOVASEQ	3088286401.0	3088025152.0	44518.0	216731.0	121734.0	0.7227811923683624	0.8295955199828516	0.9999605802429438	0.35966495797202075	0.6403350420279792	0.6403350420279793	HG003	hg38	-1	-2	sent	sentd
Irl1-HG003-20x-50bp-0-DBC18-PCR-FREE-ILMN-NOVASEQ-sent-sentd-INS_gt50	INS_gt50	Irl1-HG003-20x-50bp-0-DBC18-PCR-FREE-ILMN-NOVASEQ	3088286401.0	3088286164.0	232.0	5.0	73.0	0.03174603174603175	0.02109704641350211	0.9999999763622947	0.9358974358974359	0.0641025641025641	0.0641025641025641	HG003	hg38	-1	-2	sent	sentd
Irl1-HG003-20x-50bp-0-DBC18-PCR-FREE-ILMN-NOVASEQ-sent-sentd-DEL_50	DEL_50	Irl1-HG003-20x-50bp-0-DBC18-PCR-FREE-ILMN-NOVASEQ	3088286401.0	3088010886.0	42194.0	233321.0	129672.0	0.7308318768128199	0.8468540732809466	0.9999580096833144	0.35723002922921376	0.6427699707707862	0.6427699707707862	HG003	hg38	-1	-2	sent	sentd
Irl1-HG003-20x-50bp-0-DBC18-PCR-FREE-ILMN-NOVASEQ-sent-sentd-DEL_gt50	DEL_gt50	Irl1-HG003-20x-50bp-0-DBC18-PCR-FREE-ILMN-NOVASEQ	3088286401.0	3088286263.0	106.0	32.0	409.0	0.11053540587219345	0.2318840579710145	0.9999998675641081	0.927437641723356	0.07256235827664403	0.07256235827664399	HG003	hg38	-1	-2	sent	sentd
Irl1-HG003-20x-50bp-0-DBC18-PCR-FREE-ILMN-NOVASEQ-sent-sentd-Indel_50	Indel_50	Irl1-HG003-20x-50bp-0-DBC18-PCR-FREE-ILMN-NOVASEQ	3088286401.0	3088256113.0	13451.0	16837.0	14561.0	0.5458937198067632	0.5558967247754887	0.9999952850635397	0.4637556532263202	0.5362443467736798	0.5362443467736798	HG003	hg38	-1	-2	sent	sentd
Irl1-HG003-20x-50bp-0-DBC18-PCR-FREE-ILMN-NOVASEQ-sent-sentd-Indel_gt50	Indel_gt50	Irl1-HG003-20x-50bp-0-DBC18-PCR-FREE-ILMN-NOVASEQ	3088286401.0	3088284977.0	1350.0	74.0	70.0	0.09438775510204081	0.05196629213483146	0.9999999773336985	0.4861111111111111	0.5138888888888888	0.5138888888888888	HG003	hg38	-1	-2	sent	sentd
Irl1-HG003-20x-50bp-0-DBC18-PCR-FREE-ILMN-NOVASEQ-sent-sentd-All	All	Irl1-HG003-20x-50bp-0-DBC18-PCR-FREE-ILMN-NOVASEQ	3088286401.0	3084287509.0	483173.0	3515719.0	706986.0	0.8552399247980653	0.8791732809988366	0.9997708307093753	0.1674249089150201	0.8325750910849798	0.8325750910849798	HG003	hg38	-1	-2	sent	sentd
Irl1-HG003-20x-50bp-0-DBC18-PCR-FREE-ILMN-NOVASEQ-sent-sentd-SNPts	SNPts	Irl1-HG003-20x-50bp-0-DBC18-PCR-FREE-ILMN-NOVASEQ	688815815.0	688747731.0	13225.0	54859.0	252786.0	0.2920136587806637	0.8057546560131602	0.9996331120314674	0.8216808334281396	0.17831916657186042	0.17831916657186042	HG003	hg38_m_giabHC	-1	-2	sent	sentd
Irl1-HG003-20x-50bp-0-DBC18-PCR-FREE-ILMN-NOVASEQ-sent-sentd-SNPtv	SNPtv	Irl1-HG003-20x-50bp-0-DBC18-PCR-FREE-ILMN-NOVASEQ	688815815.0	688780613.0	7017.0	28185.0	164815.0	0.24701799283091297	0.800664734958241	0.9997607720534869	0.8539637305699482	0.14603626943005177	0.14603626943005182	HG003	hg38_m_giabHC	-1	-2	sent	sentd
Irl1-HG003-20x-50bp-0-DBC18-PCR-FREE-ILMN-NOVASEQ-sent-sentd-INS_50	INS_50	Irl1-HG003-20x-50bp-0-DBC18-PCR-FREE-ILMN-NOVASEQ	688815815.0	688787843.0	9377.0	18595.0	116735.0	0.22773756598204553	0.6647719147719148	0.9998305498268877	0.8625951378112762	0.13740486218872383	0.13740486218872386	HG003	hg38_m_giabHC	-1	-2	sent	sentd
Irl1-HG003-20x-50bp-0-DBC18-PCR-FREE-ILMN-NOVASEQ-sent-sentd-INS_gt50	INS_gt50	Irl1-HG003-20x-50bp-0-DBC18-PCR-FREE-ILMN-NOVASEQ	688815815.0	688815579.0	231.0	5.0	73.0	0.03184713375796178	0.0211864406779661	0.9999998940209913	0.9358974358974359	0.0641025641025641	0.0641025641025641	HG003	hg38_m_giabHC	-1	-2	sent	sentd
Irl1-HG003-20x-50bp-0-DBC18-PCR-FREE-ILMN-NOVASEQ-sent-sentd-DEL_50	DEL_50	Irl1-HG003-20x-50bp-0-DBC18-PCR-FREE-ILMN-NOVASEQ	688815815.0	688787690.0	8063.0	20062.0	125741.0	0.23069316038820661	0.7133155555555556	0.9998174792443552	0.8624033799030199	0.13759662009698015	0.13759662009698018	HG003	hg38_m_giabHC	-1	-2	sent	sentd
Irl1-HG003-20x-50bp-0-DBC18-PCR-FREE-ILMN-NOVASEQ-sent-sentd-DEL_gt50	DEL_gt50	Irl1-HG003-20x-50bp-0-DBC18-PCR-FREE-ILMN-NOVASEQ	688815815.0	688815677.0	106.0	32.0	389.0	0.11449016100178891	0.2318840579710145	0.9999994352628819	0.9239904988123515	0.07600950118764849	0.07600950118764846	HG003	hg38_m_giabHC	-1	-2	sent	sentd
Irl1-HG003-20x-50bp-0-DBC18-PCR-FREE-ILMN-NOVASEQ-sent-sentd-Indel_50	Indel_50	Irl1-HG003-20x-50bp-0-DBC18-PCR-FREE-ILMN-NOVASEQ	688815815.0	688808566.0	4665.0	2584.0	14539.0	0.212046610864927	0.3564629604083322	0.9999788929844332	0.8490918647433277	0.15090813525667235	0.15090813525667232	HG003	hg38_m_giabHC	-1	-2	sent	sentd
Irl1-HG003-20x-50bp-0-DBC18-PCR-FREE-ILMN-NOVASEQ-sent-sentd-Indel_gt50	Indel_gt50	Irl1-HG003-20x-50bp-0-DBC18-PCR-FREE-ILMN-NOVASEQ	688815815.0	688814776.0	991.0	48.0	70.0	0.08297320656871218	0.04619826756496631	0.9999998983761741	0.5932203389830508	0.4067796610169492	0.4067796610169492	HG003	hg38_m_giabHC	-1	-2	sent	sentd
Irl1-HG003-20x-50bp-0-DBC18-PCR-FREE-ILMN-NOVASEQ-sent-sentd-All	All	Irl1-HG003-20x-50bp-0-DBC18-PCR-FREE-ILMN-NOVASEQ	688815815.0	688647770.0	43675.0	124370.0	675148.0	0.2570788672158816	0.7400993781427594	0.9990205635379731	0.844443777375869	0.15555622262413105	0.15555622262413105	HG003	hg38_m_giabHC	-1	-2	sent	sentd
Irl1-HG003-30x-100bp-0-DBC12-PCR-FREE-ILMN-NOVASEQ-sent-sentd-SNPts	SNPts	Irl1-HG003-30x-100bp-0-DBC12-PCR-FREE-ILMN-NOVASEQ	2799325643.0	2797071552.0	5698.0	2248393.0	161699.0	0.9641101131752335	0.9974721517454265	0.9999421932368556	0.06709245954096359	0.9329075404590365	0.9329075404590365	HG003	ultima	-1	-2	sent	sentd
Irl1-HG003-30x-100bp-0-DBC12-PCR-FREE-ILMN-NOVASEQ-sent-sentd-SNPtv	SNPtv	Irl1-HG003-30x-100bp-0-DBC12-PCR-FREE-ILMN-NOVASEQ	2799325643.0	2798266993.0	3305.0	1055345.0	88420.0	0.9583525357391772	0.9968780994663015	0.9999684028699181	0.07730608997477628	0.9226939100252237	0.9226939100252237	HG003	ultima	-1	-2	sent	sentd
Irl1-HG003-30x-100bp-0-DBC12-PCR-FREE-ILMN-NOVASEQ-sent-sentd-INS_50	INS_50	Irl1-HG003-30x-100bp-0-DBC12-PCR-FREE-ILMN-NOVASEQ	2799325643.0	2799161251.0	990.0	163402.0	27266.0	0.9204190840984621	0.9939778091391308	0.9999902593198584	0.14300249648603855	0.8569975035139614	0.8569975035139614	HG003	ultima	-1	-2	sent	sentd
Irl1-HG003-30x-100bp-0-DBC12-PCR-FREE-ILMN-NOVASEQ-sent-sentd-INS_gt50	INS_gt50	Irl1-HG003-30x-100bp-0-DBC12-PCR-FREE-ILMN-NOVASEQ	2799325643.0	2799325548.0	71.0	24.0	191.0	0.15483870967741936	0.25263157894736843	0.9999999317692838	0.8883720930232558	0.11162790697674418	0.11162790697674418	HG003	ultima	-1	-2	sent	sentd
Irl1-HG003-30x-100bp-0-DBC12-PCR-FREE-ILMN-NOVASEQ-sent-sentd-DEL_50	DEL_50	Irl1-HG003-30x-100bp-0-DBC12-PCR-FREE-ILMN-NOVASEQ	2799325643.0	2799147871.0	998.0	176774.0	35683.0	0.906001347926474	0.9943860675471953	0.9999872523543699	0.16795398598304598	0.832046014016954	0.832046014016954	HG003	ultima	-1	-2	sent	sentd
Irl1-HG003-30x-100bp-0-DBC12-PCR-FREE-ILMN-NOVASEQ-sent-sentd-DEL_gt50	DEL_gt50	Irl1-HG003-30x-100bp-0-DBC12-PCR-FREE-ILMN-NOVASEQ	2799325643.0	2799325555.0	42.0	46.0	375.0	0.18074656188605107	0.5227272727272727	0.9999998660391789	0.8907363420427553	0.10926365795724469	0.10926365795724466	HG003	ultima	-1	-2	sent	sentd
Irl1-HG003-30x-100bp-0-DBC12-PCR-FREE-ILMN-NOVASEQ-sent-sentd-Indel_50	Indel_50	Irl1-HG003-30x-100bp-0-DBC12-PCR-FREE-ILMN-NOVASEQ	2799325643.0	2799308781.0	104.0	16758.0	2450.0	0.9291932353756583	0.99383228561262	0.9999991247847068	0.12755102040816327	0.8724489795918368	0.8724489795918368	HG003	ultima	-1	-2	sent	sentd
Irl1-HG003-30x-100bp-0-DBC12-PCR-FREE-ILMN-NOVASEQ-sent-sentd-Indel_gt50	Indel_gt50	Irl1-HG003-30x-100bp-0-DBC12-PCR-FREE-ILMN-NOVASEQ	2799325643.0	2799324794.0	26.0	823.0	337.0	0.8193130910900946	0.9693757361601885	0.9999998796138411	0.29051724137931034	0.7094827586206897	0.7094827586206897	HG003	ultima	-1	-2	sent	sentd
Irl1-HG003-30x-100bp-0-DBC12-PCR-FREE-ILMN-NOVASEQ-sent-sentd-All	All	Irl1-HG003-30x-100bp-0-DBC12-PCR-FREE-ILMN-NOVASEQ	2799325643.0	2795652844.0	11234.0	3661565.0	316421.0	0.957173675642434	0.9969412973593165	0.9998868295857323	0.07954301498295871	0.9204569850170413	0.9204569850170413	HG003	ultima	-1	-2	sent	sentd
Irl1-HG003-30x-100bp-0-DBC12-PCR-FREE-ILMN-NOVASEQ-sent-sentd-SNPts	SNPts	Irl1-HG003-30x-100bp-0-DBC12-PCR-FREE-ILMN-NOVASEQ	3088286401.0	3085964043.0	18419.0	2303939.0	316644.0	0.9322138378750625	0.9920688369321181	0.9998974027212322	0.12082960165734113	0.8791703983426589	0.8791703983426589	HG003	hg38	-1	-2	sent	sentd
Irl1-HG003-30x-100bp-0-DBC12-PCR-FREE-ILMN-NOVASEQ-sent-sentd-SNPtv	SNPtv	Irl1-HG003-30x-100bp-0-DBC12-PCR-FREE-ILMN-NOVASEQ	3088286401.0	3087179962.0	10067.0	1096372.0	214937.0	0.9069365376375039	0.9909014414712424	0.9999303824074887	0.1639102606631999	0.8360897393368001	0.8360897393368001	HG003	hg38	-1	-2	sent	sentd
Irl1-HG003-30x-100bp-0-DBC12-PCR-FREE-ILMN-NOVASEQ-sent-sentd-INS_50	INS_50	Irl1-HG003-30x-100bp-0-DBC12-PCR-FREE-ILMN-NOVASEQ	3088286401.0	3088029789.0	3511.0	253101.0	160914.0	0.7548189977439024	0.9863178651037364	0.9999478937619223	0.3886670772798087	0.6113329227201914	0.6113329227201914	HG003	hg38	-1	-2	sent	sentd
Irl1-HG003-30x-100bp-0-DBC12-PCR-FREE-ILMN-NOVASEQ-sent-sentd-INS_gt50	INS_gt50	Irl1-HG003-30x-100bp-0-DBC12-PCR-FREE-ILMN-NOVASEQ	3088286401.0	3088286167.0	176.0	58.0	1081.0	0.08448652585579024	0.24786324786324787	0.9999996499677934	0.9490781387181738	0.050921861281826186	0.050921861281826165	HG003	hg38	-1	-2	sent	sentd
Irl1-HG003-30x-100bp-0-DBC12-PCR-FREE-ILMN-NOVASEQ-sent-sentd-DEL_50	DEL_50	Irl1-HG003-30x-100bp-0-DBC12-PCR-FREE-ILMN-NOVASEQ	3088286401.0	3088015592.0	2616.0	268193.0	170302.0	0.7562145427066533	0.9903400551680336	0.9999448537083435	0.3883784307688799	0.6116215692311201	0.6116215692311201	HG003	hg38	-1	-2	sent	sentd
Irl1-HG003-30x-100bp-0-DBC12-PCR-FREE-ILMN-NOVASEQ-sent-sentd-DEL_gt50	DEL_gt50	Irl1-HG003-30x-100bp-0-DBC12-PCR-FREE-ILMN-NOVASEQ	3088286401.0	3088286264.0	69.0	68.0	1225.0	0.0951048951048951	0.49635036496350365	0.9999996033400373	0.9474091260634184	0.05259087393658157	0.05259087393658159	HG003	hg38	-1	-2	sent	sentd
Irl1-HG003-30x-100bp-0-DBC12-PCR-FREE-ILMN-NOVASEQ-sent-sentd-Indel_50	Indel_50	Irl1-HG003-30x-100bp-0-DBC12-PCR-FREE-ILMN-NOVASEQ	3088286401.0	3088245796.0	513.0	40092.0	36656.0	0.6832718379589784	0.9873660879202069	0.9999881306193427	0.4776150518580289	0.5223849481419711	0.5223849481419711	HG003	hg38	-1	-2	sent	sentd
Irl1-HG003-30x-100bp-0-DBC12-PCR-FREE-ILMN-NOVASEQ-sent-sentd-Indel_gt50	Indel_gt50	Irl1-HG003-30x-100bp-0-DBC12-PCR-FREE-ILMN-NOVASEQ	3088286401.0	3088285007.0	96.0	1298.0	1430.0	0.6297913634158175	0.9311334289813487	0.9999995369600492	0.5241935483870968	0.47580645161290325	0.47580645161290325	HG003	hg38	-1	-2	sent	sentd
Irl1-HG003-30x-100bp-0-DBC12-PCR-FREE-ILMN-NOVASEQ-sent-sentd-All	All	Irl1-HG003-30x-100bp-0-DBC12-PCR-FREE-ILMN-NOVASEQ	3088286401.0	3084287813.0	35467.0	3963121.0	903189.0	0.8941154201661429	0.991130118931983	0.9997072502158166	0.18560038304177087	0.8143996169582292	0.8143996169582292	HG003	hg38	-1	-2	sent	sentd
Irl1-HG003-30x-100bp-0-DBC12-PCR-FREE-ILMN-NOVASEQ-sent-sentd-SNPts	SNPts	Irl1-HG003-30x-100bp-0-DBC12-PCR-FREE-ILMN-NOVASEQ	332544085.0	332287261.0	522.0	256302.0	899.0	0.9972355430183356	0.9979674796747967	0.9999972945169037	0.0034953207802458	0.9965046792197542	0.9965046792197542	HG003	giabHC_x_ultima_x_clinvar	-1	-2	sent	sentd
Irl1-HG003-30x-100bp-0-DBC12-PCR-FREE-ILMN-NOVASEQ-sent-sentd-SNPtv	SNPtv	Irl1-HG003-30x-100bp-0-DBC12-PCR-FREE-ILMN-NOVASEQ	332544085.0	332429487.0	286.0	114312.0	460.0	0.996747613026987	0.9975043194471108	0.999998616249817	0.00400794618896595	0.9959920538110341	0.9959920538110341	HG003	giabHC_x_ultima_x_clinvar	-1	-2	sent	sentd
Irl1-HG003-30x-100bp-0-DBC12-PCR-FREE-ILMN-NOVASEQ-sent-sentd-INS_50	INS_50	Irl1-HG003-30x-100bp-0-DBC12-PCR-FREE-ILMN-NOVASEQ	332544085.0	332526557.0	86.0	17442.0	67.0	0.9956331877729258	0.9950935645823825	0.9999997985123742	0.0038266034610771604	0.9961733965389228	0.9961733965389229	HG003	giabHC_x_ultima_x_clinvar	-1	-2	sent	sentd
Irl1-HG003-30x-100bp-0-DBC12-PCR-FREE-ILMN-NOVASEQ-sent-sentd-INS_gt50	INS_gt50	Irl1-HG003-30x-100bp-0-DBC12-PCR-FREE-ILMN-NOVASEQ	332544085.0	332544085.0	0.0	0.0	0.0			1.0				HG003	giabHC_x_ultima_x_clinvar	-1	-2	sent	sentd
Irl1-HG003-30x-100bp-0-DBC12-PCR-FREE-ILMN-NOVASEQ-sent-sentd-DEL_50	DEL_50	Irl1-HG003-30x-100bp-0-DBC12-PCR-FREE-ILMN-NOVASEQ	332544085.0	332525130.0	90.0	18865.0	44.0	0.9964610183815761	0.9952519124241624	0.9999998676791911	0.002326934264107039	0.997673065735893	0.997673065735893	HG003	giabHC_x_ultima_x_clinvar	-1	-2	sent	sentd
Irl1-HG003-30x-100bp-0-DBC12-PCR-FREE-ILMN-NOVASEQ-sent-sentd-DEL_gt50	DEL_gt50	Irl1-HG003-30x-100bp-0-DBC12-PCR-FREE-ILMN-NOVASEQ	332544085.0	332544085.0	0.0	0.0	0.0			1.0				HG003	giabHC_x_ultima_x_clinvar	-1	-2	sent	sentd
Irl1-HG003-30x-100bp-0-DBC12-PCR-FREE-ILMN-NOVASEQ-sent-sentd-Indel_50	Indel_50	Irl1-HG003-30x-100bp-0-DBC12-PCR-FREE-ILMN-NOVASEQ	332544085.0	332542835.0	7.0	1243.0	0.0	0.9971921379863617	0.9944	1.0	0.0	1.0	1.0	HG003	giabHC_x_ultima_x_clinvar	-1	-2	sent	sentd
Irl1-HG003-30x-100bp-0-DBC12-PCR-FREE-ILMN-NOVASEQ-sent-sentd-Indel_gt50	Indel_gt50	Irl1-HG003-30x-100bp-0-DBC12-PCR-FREE-ILMN-NOVASEQ	332544085.0	332544057.0	0.0	28.0	0.0	1.0	1.0	1.0	0.0	1.0	1.0	HG003	giabHC_x_ultima_x_clinvar	-1	-2	sent	sentd
Irl1-HG003-30x-100bp-0-DBC12-PCR-FREE-ILMN-NOVASEQ-sent-sentd-All	All	Irl1-HG003-30x-100bp-0-DBC12-PCR-FREE-ILMN-NOVASEQ	332544085.0	332134902.0	991.0	408192.0	1470.0	0.9969945471975772	0.9975781007519863	0.9999955741071321	0.003588324032983289	0.9964116759670167	0.9964116759670167	HG003	giabHC_x_ultima_x_clinvar	-1	-2	sent	sentd
Irl1-HG003-30x-100bp-0-DBC12-PCR-FREE-ILMN-NOVASEQ-sent-sentd-SNPts	SNPts	Irl1-HG003-30x-100bp-0-DBC12-PCR-FREE-ILMN-NOVASEQ	688815815.0	688748039.0	3787.0	63989.0	306112.0	0.29226929023447223	0.9441247639282342	0.9995557504449313	0.8271039527048022	0.1728960472951978	0.1728960472951978	HG003	hg38_m_giabHC	-1	-2	sent	sentd
Irl1-HG003-30x-100bp-0-DBC12-PCR-FREE-ILMN-NOVASEQ-sent-sentd-SNPtv	SNPtv	Irl1-HG003-30x-100bp-0-DBC12-PCR-FREE-ILMN-NOVASEQ	688815815.0	688780879.0	2057.0	32879.0	209110.0	0.23745779543197618	0.9411209068010076	0.9996964977672557	0.8641301877358062	0.1358698122641938	0.13586981226419384	HG003	hg38_m_giabHC	-1	-2	sent	sentd
Irl1-HG003-30x-100bp-0-DBC12-PCR-FREE-ILMN-NOVASEQ-sent-sentd-INS_50	INS_50	Irl1-HG003-30x-100bp-0-DBC12-PCR-FREE-ILMN-NOVASEQ	688815815.0	688788498.0	1710.0	25607.0	160134.0	0.2403758600944344	0.9374016180400483	0.9997675675767943	0.8621359850544575	0.13786401494554246	0.13786401494554246	HG003	hg38_m_giabHC	-1	-2	sent	sentd
Irl1-HG003-30x-100bp-0-DBC12-PCR-FREE-ILMN-NOVASEQ-sent-sentd-INS_gt50	INS_gt50	Irl1-HG003-30x-100bp-0-DBC12-PCR-FREE-ILMN-NOVASEQ	688815815.0	688815582.0	176.0	57.0	1079.0	0.08327246165084003	0.2446351931330472	0.9999984335454395	0.9498239436619719	0.05017605633802813	0.05017605633802817	HG003	hg38_m_giabHC	-1	-2	sent	sentd
Irl1-HG003-30x-100bp-0-DBC12-PCR-FREE-ILMN-NOVASEQ-sent-sentd-DEL_50	DEL_50	Irl1-HG003-30x-100bp-0-DBC12-PCR-FREE-ILMN-NOVASEQ	688815815.0	688788289.0	1177.0	26349.0	169624.0	0.23578628987154304	0.9572404272324347	0.9997537962816024	0.8655478050547779	0.1344521949452221	0.13445219494522204	HG003	hg38_m_giabHC	-1	-2	sent	sentd
Irl1-HG003-30x-100bp-0-DBC12-PCR-FREE-ILMN-NOVASEQ-sent-sentd-DEL_gt50	DEL_gt50	Irl1-HG003-30x-100bp-0-DBC12-PCR-FREE-ILMN-NOVASEQ	688815815.0	688815678.0	69.0	68.0	1224.0	0.09517144856543036	0.49635036496350365	0.9999982230401193	0.9473684210526315	0.052631578947368474	0.05263157894736842	HG003	hg38_m_giabHC	-1	-2	sent	sentd
Irl1-HG003-30x-100bp-0-DBC12-PCR-FREE-ILMN-NOVASEQ-sent-sentd-Indel_50	Indel_50	Irl1-HG003-30x-100bp-0-DBC12-PCR-FREE-ILMN-NOVASEQ	688815815.0	688806651.0	273.0	8891.0	36643.0	0.325094153351128	0.9702095154954169	0.9999468050276178	0.804739315676198	0.19526068432380195	0.195260684323802	HG003	hg38_m_giabHC	-1	-2	sent	sentd
Irl1-HG003-30x-100bp-0-DBC12-PCR-FREE-ILMN-NOVASEQ-sent-sentd-Indel_gt50	Indel_gt50	Irl1-HG003-30x-100bp-0-DBC12-PCR-FREE-ILMN-NOVASEQ	688815815.0	688814854.0	84.0	877.0	1429.0	0.536883991429446	0.9125910509885536	0.9999979254265102	0.6196877710320902	0.38031222896790984	0.3803122289679098	HG003	hg38_m_giabHC	-1	-2	sent	sentd
Irl1-HG003-30x-100bp-0-DBC12-PCR-FREE-ILMN-NOVASEQ-sent-sentd-All	All	Irl1-HG003-30x-100bp-0-DBC12-PCR-FREE-ILMN-NOVASEQ	688815815.0	688647765.0	9333.0	158717.0	885355.0	0.2618828797761281	0.9444629574531389	0.9987160080142343	0.8479827061735206	0.15201729382647944	0.1520172938264794	HG003	hg38_m_giabHC	-1	-2	sent	sentd
Irl1-HG003-30x-100bp-0-DBC12-PCR-FREE-ILMN-NOVASEQ-sent-sentd-SNPts	SNPts	Irl1-HG003-30x-100bp-0-DBC12-PCR-FREE-ILMN-NOVASEQ	377862616.0	377589428.0	2497.0	270691.0	35508.0	0.9344048106015496	0.9908597742214152	0.999905970192604	0.11596380131875023	0.8840361986812497	0.8840361986812498	HG003	clinvar_genes	-1	-2	sent	sentd
Irl1-HG003-30x-100bp-0-DBC12-PCR-FREE-ILMN-NOVASEQ-sent-sentd-SNPtv	SNPtv	Irl1-HG003-30x-100bp-0-DBC12-PCR-FREE-ILMN-NOVASEQ	377862616.0	377738344.0	1249.0	123023.0	21083.0	0.9167890065504624	0.9899494656881679	0.9999441893477883	0.14630202767407324	0.8536979723259268	0.8536979723259267	HG003	clinvar_genes	-1	-2	sent	sentd
Irl1-HG003-30x-100bp-0-DBC12-PCR-FREE-ILMN-NOVASEQ-sent-sentd-INS_50	INS_50	Irl1-HG003-30x-100bp-0-DBC12-PCR-FREE-ILMN-NOVASEQ	377862616.0	377833434.0	433.0	28749.0	17481.0	0.7624515992149791	0.9851620862175313	0.9999537357214022	0.3781310837118754	0.6218689162881246	0.6218689162881246	HG003	clinvar_genes	-1	-2	sent	sentd
Irl1-HG003-30x-100bp-0-DBC12-PCR-FREE-ILMN-NOVASEQ-sent-sentd-INS_gt50	INS_gt50	Irl1-HG003-30x-100bp-0-DBC12-PCR-FREE-ILMN-NOVASEQ	377862616.0	377862586.0	20.0	10.0	146.0	0.1075268817204301	0.3333333333333333	0.9999996136163013	0.9358974358974359	0.0641025641025641	0.0641025641025641	HG003	clinvar_genes	-1	-2	sent	sentd
Irl1-HG003-30x-100bp-0-DBC12-PCR-FREE-ILMN-NOVASEQ-sent-sentd-DEL_50	DEL_50	Irl1-HG003-30x-100bp-0-DBC12-PCR-FREE-ILMN-NOVASEQ	377862616.0	377831726.0	333.0	30557.0	18016.0	0.769087499842694	0.9892198122369699	0.9999523196710295	0.3709056471702386	0.6290943528297614	0.6290943528297613	HG003	clinvar_genes	-1	-2	sent	sentd
Irl1-HG003-30x-100bp-0-DBC12-PCR-FREE-ILMN-NOVASEQ-sent-sentd-DEL_gt50	DEL_gt50	Irl1-HG003-30x-100bp-0-DBC12-PCR-FREE-ILMN-NOVASEQ	377862616.0	377862599.0	11.0	6.0	158.0	0.06629834254143646	0.35294117647058826	0.9999995818587647	0.9634146341463414	0.03658536585365857	0.036585365853658534	HG003	clinvar_genes	-1	-2	sent	sentd
Irl1-HG003-30x-100bp-0-DBC12-PCR-FREE-ILMN-NOVASEQ-sent-sentd-Indel_50	Indel_50	Irl1-HG003-30x-100bp-0-DBC12-PCR-FREE-ILMN-NOVASEQ	377862616.0	377858592.0	44.0	3980.0	3925.0	0.6672814150389806	0.989065606361829	0.9999896126241069	0.4965211891208096	0.5034788108791903	0.5034788108791903	HG003	clinvar_genes	-1	-2	sent	sentd
Irl1-HG003-30x-100bp-0-DBC12-PCR-FREE-ILMN-NOVASEQ-sent-sentd-Indel_gt50	Indel_gt50	Irl1-HG003-30x-100bp-0-DBC12-PCR-FREE-ILMN-NOVASEQ	377862616.0	377862463.0	10.0	143.0	159.0	0.6285714285714284	0.934640522875817	0.9999995792121508	0.5264900662251656	0.4735099337748344	0.4735099337748344	HG003	clinvar_genes	-1	-2	sent	sentd
Irl1-HG003-30x-100bp-0-DBC12-PCR-FREE-ILMN-NOVASEQ-sent-sentd-All	All	Irl1-HG003-30x-100bp-0-DBC12-PCR-FREE-ILMN-NOVASEQ	377862616.0	377400860.0	4597.0	457159.0	96476.0	0.9004590349924314	0.9900445256802294	0.999744432633559	0.17425921410315462	0.8257407858968454	0.8257407858968454	HG003	clinvar_genes	-1	-2	sent	sentd
Irl1-HG003-30x-100bp-0-DBC12-PCR-FREE-ILMN-NOVASEQ-sent-sentd-SNPts	SNPts	Irl1-HG003-30x-100bp-0-DBC12-PCR-FREE-ILMN-NOVASEQ	337668665.0	337403158.0	1908.0	263599.0	1540.0	0.9935022595101066	0.9928137487900507	0.9999954357482005	0.005808274150539906	0.9941917258494601	0.9941917258494601	HG003	giabHC_x_clinvar_genes	-1	-2	sent	sentd
Irl1-HG003-30x-100bp-0-DBC12-PCR-FREE-ILMN-NOVASEQ-sent-sentd-SNPtv	SNPtv	Irl1-HG003-30x-100bp-0-DBC12-PCR-FREE-ILMN-NOVASEQ	337668665.0	337548452.0	931.0	119282.0	755.0	0.9929823100936525	0.9922554133080449	0.9999977632890721	0.006289727334071994	0.993710272665928	0.993710272665928	HG003	giabHC_x_clinvar_genes	-1	-2	sent	sentd
Irl1-HG003-30x-100bp-0-DBC12-PCR-FREE-ILMN-NOVASEQ-sent-sentd-INS_50	INS_50	Irl1-HG003-30x-100bp-0-DBC12-PCR-FREE-ILMN-NOVASEQ	337668665.0	337642327.0	234.0	26104.0	137.0	0.9929439510070561	0.9911154985192497	0.9999995942453495	0.0052208376205175105	0.9947791623794825	0.9947791623794825	HG003	giabHC_x_clinvar_genes	-1	-2	sent	sentd
Irl1-HG003-30x-100bp-0-DBC12-PCR-FREE-ILMN-NOVASEQ-sent-sentd-INS_gt50	INS_gt50	Irl1-HG003-30x-100bp-0-DBC12-PCR-FREE-ILMN-NOVASEQ	337668665.0	337668665.0	0.0	0.0	1.0			0.999999997038517	1.0	0.0	0.0	HG003	giabHC_x_clinvar_genes	-1	-2	sent	sentd
Irl1-HG003-30x-100bp-0-DBC12-PCR-FREE-ILMN-NOVASEQ-sent-sentd-DEL_50	DEL_50	Irl1-HG003-30x-100bp-0-DBC12-PCR-FREE-ILMN-NOVASEQ	337668665.0	337640663.0	196.0	27806.0	101.0	0.994687796240319	0.9930004999642883	0.9999997008655033	0.0036191636506969576	0.9963808363493031	0.9963808363493031	HG003	giabHC_x_clinvar_genes	-1	-2	sent	sentd
Irl1-HG003-30x-100bp-0-DBC12-PCR-FREE-ILMN-NOVASEQ-sent-sentd-DEL_gt50	DEL_gt50	Irl1-HG003-30x-100bp-0-DBC12-PCR-FREE-ILMN-NOVASEQ	337668665.0	337668665.0	0.0	0.0	0.0			1.0				HG003	giabHC_x_clinvar_genes	-1	-2	sent	sentd
Irl1-HG003-30x-100bp-0-DBC12-PCR-FREE-ILMN-NOVASEQ-sent-sentd-Indel_50	Indel_50	Irl1-HG003-30x-100bp-0-DBC12-PCR-FREE-ILMN-NOVASEQ	337668665.0	337665540.0	16.0	3109.0	3.0	0.9969536636203302	0.99488	0.999999991115469	0.0009640102827763496	0.9990359897172236	0.9990359897172236	HG003	giabHC_x_clinvar_genes	-1	-2	sent	sentd
Irl1-HG003-30x-100bp-0-DBC12-PCR-FREE-ILMN-NOVASEQ-sent-sentd-Indel_gt50	Indel_gt50	Irl1-HG003-30x-100bp-0-DBC12-PCR-FREE-ILMN-NOVASEQ	337668665.0	337668626.0	0.0	39.0	0.0	1.0	1.0	1.0	0.0	1.0	1.0	HG003	giabHC_x_clinvar_genes	-1	-2	sent	sentd
Irl1-HG003-30x-100bp-0-DBC12-PCR-FREE-ILMN-NOVASEQ-sent-sentd-All	All	Irl1-HG003-30x-100bp-0-DBC12-PCR-FREE-ILMN-NOVASEQ	337668665.0	337225441.0	3285.0	439939.0	2537.0	0.9934266681720673	0.9925883977401946	0.9999924768994107	0.005733644310651877	0.9942663556893481	0.9942663556893481	HG003	giabHC_x_clinvar_genes	-1	-2	sent	sentd
Irl1-HG003-30x-100bp-0-DBC12-PCR-FREE-ILMN-NOVASEQ-sent-sentd-SNPts	SNPts	Irl1-HG003-30x-100bp-0-DBC12-PCR-FREE-ILMN-NOVASEQ	2505355380.0	2503152333.0	4748.0	2198299.0	7659.0	0.997185986407364	0.9978448031294839	0.9999969402674921	0.00347196093488634	0.9965280390651137	0.9965280390651137	HG003	giabHC_x_ultima	-1	-2	sent	sentd
Irl1-HG003-30x-100bp-0-DBC12-PCR-FREE-ILMN-NOVASEQ-sent-sentd-SNPtv	SNPtv	Irl1-HG003-30x-100bp-0-DBC12-PCR-FREE-ILMN-NOVASEQ	2505355380.0	2504321017.0	2780.0	1031583.0	4328.0	0.9965666380392161	0.9973123555270248	0.9999982717900417	0.004177965095457042	0.9958220349045429	0.9958220349045429	HG003	giabHC_x_ultima	-1	-2	sent	sentd
Irl1-HG003-30x-100bp-0-DBC12-PCR-FREE-ILMN-NOVASEQ-sent-sentd-INS_50	INS_50	Irl1-HG003-30x-100bp-0-DBC12-PCR-FREE-ILMN-NOVASEQ	2505355380.0	2505201400.0	694.0	153286.0	389.0	0.9964798231785604	0.995492921158592	0.9999998447230871	0.0025313160891491785	0.9974686839108509	0.9974686839108509	HG003	giabHC_x_ultima	-1	-2	sent	sentd
Irl1-HG003-30x-100bp-0-DBC12-PCR-FREE-ILMN-NOVASEQ-sent-sentd-INS_gt50	INS_gt50	Irl1-HG003-30x-100bp-0-DBC12-PCR-FREE-ILMN-NOVASEQ	2505355380.0	2505355380.0	0.0	0.0	1.0			0.9999999996008551	1.0	0.0	0.0	HG003	giabHC_x_ultima	-1	-2	sent	sentd
Irl1-HG003-30x-100bp-0-DBC12-PCR-FREE-ILMN-NOVASEQ-sent-sentd-DEL_50	DEL_50	Irl1-HG003-30x-100bp-0-DBC12-PCR-FREE-ILMN-NOVASEQ	2505355380.0	2505189699.0	633.0	165048.0	340.0	0.9970610356149322	0.996179405001177	0.9999998642817532	0.002055771881877766	0.9979442281181222	0.9979442281181222	HG003	giabHC_x_ultima	-1	-2	sent	sentd
Irl1-HG003-30x-100bp-0-DBC12-PCR-FREE-ILMN-NOVASEQ-sent-sentd-DEL_gt50	DEL_gt50	Irl1-HG003-30x-100bp-0-DBC12-PCR-FREE-ILMN-NOVASEQ	2505355380.0	2505355380.0	0.0	0.0	1.0			0.9999999996008551	1.0	0.0	0.0	HG003	giabHC_x_ultima	-1	-2	sent	sentd
Irl1-HG003-30x-100bp-0-DBC12-PCR-FREE-ILMN-NOVASEQ-sent-sentd-Indel_50	Indel_50	Irl1-HG003-30x-100bp-0-DBC12-PCR-FREE-ILMN-NOVASEQ	2505355380.0	2505341952.0	71.0	13357.0	0.0	0.9973492626470039	0.9947125409591897	1.0	0.0	1.0	1.0	HG003	giabHC_x_ultima	-1	-2	sent	sentd
Irl1-HG003-30x-100bp-0-DBC12-PCR-FREE-ILMN-NOVASEQ-sent-sentd-Indel_gt50	Indel_gt50	Irl1-HG003-30x-100bp-0-DBC12-PCR-FREE-ILMN-NOVASEQ	2505355380.0	2505355038.0	4.0	338.0	0.0	0.9941176470588234	0.9883040935672515	1.0	0.0	1.0	1.0	HG003	giabHC_x_ultima	-1	-2	sent	sentd
Irl1-HG003-30x-100bp-0-DBC12-PCR-FREE-ILMN-NOVASEQ-sent-sentd-All	All	Irl1-HG003-30x-100bp-0-DBC12-PCR-FREE-ILMN-NOVASEQ	2505355380.0	2501784539.0	8930.0	3561911.0	12718.0	0.9969703882319847	0.997499188566503	0.9999949164545751	0.0035578517379006324	0.9964421482620993	0.9964421482620993	HG003	giabHC_x_ultima	-1	-2	sent	sentd
Irl1-HG003-30x-100bp-0-DBC12-PCR-FREE-ILMN-NOVASEQ-sent-sentd-SNPts	SNPts	Irl1-HG003-30x-100bp-0-DBC12-PCR-FREE-ILMN-NOVASEQ	2528531102.0	2526276487.0	14632.0	2239983.0	10532.0	0.9944143676209121	0.9935102001893893	0.9999958310358559	0.0046798177306083275	0.9953201822693917	0.9953201822693917	HG003	giabHC	-1	-2	sent	sentd
Irl1-HG003-30x-100bp-0-DBC12-PCR-FREE-ILMN-NOVASEQ-sent-sentd-SNPtv	SNPtv	Irl1-HG003-30x-100bp-0-DBC12-PCR-FREE-ILMN-NOVASEQ	2528531102.0	2527459585.0	8010.0	1063507.0	5827.0	0.9935366823753732	0.9925246169682795	0.9999976945282921	0.005449186128936329	0.9945508138710637	0.9945508138710637	HG003	giabHC	-1	-2	sent	sentd
Irl1-HG003-30x-100bp-0-DBC12-PCR-FREE-ILMN-NOVASEQ-sent-sentd-INS_50	INS_50	Irl1-HG003-30x-100bp-0-DBC12-PCR-FREE-ILMN-NOVASEQ	2528531102.0	2528301878.0	1797.0	227427.0	779.0	0.9943685372625319	0.9921605067532195	0.9999996918881535	0.003413582464965864	0.9965864175350342	0.9965864175350342	HG003	giabHC	-1	-2	sent	sentd
Irl1-HG003-30x-100bp-0-DBC12-PCR-FREE-ILMN-NOVASEQ-sent-sentd-INS_gt50	INS_gt50	Irl1-HG003-30x-100bp-0-DBC12-PCR-FREE-ILMN-NOVASEQ	2528531102.0	2528531101.0	0.0	1.0	2.0	0.5	1.0	0.9999999992090269	0.6666666666666666	0.33333333333333337	0.3333333333333333	HG003	giabHC	-1	-2	sent	sentd
Irl1-HG003-30x-100bp-0-DBC12-PCR-FREE-ILMN-NOVASEQ-sent-sentd-DEL_50	DEL_50	Irl1-HG003-30x-100bp-0-DBC12-PCR-FREE-ILMN-NOVASEQ	2528531102.0	2528287621.0	1450.0	242031.0	684.0	0.9956108236184584	0.994044709854157	0.9999997294612333	0.0028181200173042456	0.9971818799826958	0.9971818799826958	HG003	giabHC	-1	-2	sent	sentd
Irl1-HG003-30x-100bp-0-DBC12-PCR-FREE-ILMN-NOVASEQ-sent-sentd-DEL_gt50	DEL_gt50	Irl1-HG003-30x-100bp-0-DBC12-PCR-FREE-ILMN-NOVASEQ	2528531102.0	2528531102.0	0.0	0.0	1.0			0.9999999996045135	1.0	0.0	0.0	HG003	giabHC	-1	-2	sent	sentd
Irl1-HG003-30x-100bp-0-DBC12-PCR-FREE-ILMN-NOVASEQ-sent-sentd-Indel_50	Indel_50	Irl1-HG003-30x-100bp-0-DBC12-PCR-FREE-ILMN-NOVASEQ	2528531102.0	2528499660.0	241.0	31201.0	13.0	0.9959461184882533	0.9923350931874563	0.9999999948586111	0.0004164797847119882	0.999583520215288	0.999583520215288	HG003	giabHC	-1	-2	sent	sentd
Irl1-HG003-30x-100bp-0-DBC12-PCR-FREE-ILMN-NOVASEQ-sent-sentd-Indel_gt50	Indel_gt50	Irl1-HG003-30x-100bp-0-DBC12-PCR-FREE-ILMN-NOVASEQ	2528531102.0	2528530666.0	14.0	422.0	1.0	0.9825378346915017	0.9678899082568807	0.9999999996045134	0.002364066193853428	0.9976359338061466	0.9976359338061466	HG003	giabHC	-1	-2	sent	sentd
Irl1-HG003-30x-100bp-0-DBC12-PCR-FREE-ILMN-NOVASEQ-sent-sentd-All	All	Irl1-HG003-30x-100bp-0-DBC12-PCR-FREE-ILMN-NOVASEQ	2528531102.0	2524700386.0	26144.0	3804572.0	17839.0	0.9942529373940874	0.9931751662091369	0.9999929342610104	0.004666949734081448	0.9953330502659186	0.9953330502659186	HG003	giabHC	-1	-2	sent	sentd
Irl1-HG003-30x-150bp-0-DBC6-PCR-FREE-ILMN-NOVASEQ-sent-sentd-SNPts	SNPts	Irl1-HG003-30x-150bp-0-DBC6-PCR-FREE-ILMN-NOVASEQ	377862616.0	377589439.0	2066.0	271111.0	33937.0	0.9377353106489689	0.992437137826391	0.9999101300338992	0.11125134405077233	0.8887486559492277	0.8887486559492277	HG003	clinvar_genes	-1	-2	sent	sentd
Irl1-HG003-30x-150bp-0-DBC6-PCR-FREE-ILMN-NOVASEQ-sent-sentd-SNPtv	SNPtv	Irl1-HG003-30x-150bp-0-DBC6-PCR-FREE-ILMN-NOVASEQ	377862616.0	377738349.0	1017.0	123250.0	20317.0	0.9203461845770141	0.9918160090772289	0.9999462169849996	0.14151580795029498	0.858484192049705	0.858484192049705	HG003	clinvar_genes	-1	-2	sent	sentd
Irl1-HG003-30x-150bp-0-DBC6-PCR-FREE-ILMN-NOVASEQ-sent-sentd-INS_50	INS_50	Irl1-HG003-30x-150bp-0-DBC6-PCR-FREE-ILMN-NOVASEQ	377862616.0	377833491.0	268.0	28857.0	18221.0	0.7573717570174403	0.9907982832618025	0.9999517773787405	0.3870385317982922	0.6129614682017078	0.6129614682017078	HG003	clinvar_genes	-1	-2	sent	sentd
Irl1-HG003-30x-150bp-0-DBC6-PCR-FREE-ILMN-NOVASEQ-sent-sentd-INS_gt50	INS_gt50	Irl1-HG003-30x-150bp-0-DBC6-PCR-FREE-ILMN-NOVASEQ	377862616.0	377862586.0	18.0	12.0	208.0	0.096	0.4	0.9999994495356428	0.9454545454545454	0.054545454545454564	0.05454545454545454	HG003	clinvar_genes	-1	-2	sent	sentd
Irl1-HG003-30x-150bp-0-DBC6-PCR-FREE-ILMN-NOVASEQ-sent-sentd-DEL_50	DEL_50	Irl1-HG003-30x-150bp-0-DBC6-PCR-FREE-ILMN-NOVASEQ	377862616.0	377831810.0	199.0	30607.0	18211.0	0.7687883050336582	0.9935402194377718	0.999951803628456	0.37303863329099923	0.6269613667090008	0.6269613667090008	HG003	clinvar_genes	-1	-2	sent	sentd
Irl1-HG003-30x-150bp-0-DBC6-PCR-FREE-ILMN-NOVASEQ-sent-sentd-DEL_gt50	DEL_gt50	Irl1-HG003-30x-150bp-0-DBC6-PCR-FREE-ILMN-NOVASEQ	377862616.0	377862598.0	8.0	10.0	212.0	0.08333333333333334	0.5555555555555556	0.9999994389498136	0.954954954954955	0.04504504504504503	0.04504504504504504	HG003	clinvar_genes	-1	-2	sent	sentd
Irl1-HG003-30x-150bp-0-DBC6-PCR-FREE-ILMN-NOVASEQ-sent-sentd-Indel_50	Indel_50	Irl1-HG003-30x-150bp-0-DBC6-PCR-FREE-ILMN-NOVASEQ	377862616.0	377858446.0	29.0	4141.0	4333.0	0.6550142360012654	0.9930455635491606	0.999988532874258	0.5113287703563842	0.48867122964361576	0.48867122964361576	HG003	clinvar_genes	-1	-2	sent	sentd
Irl1-HG003-30x-150bp-0-DBC6-PCR-FREE-ILMN-NOVASEQ-sent-sentd-Indel_gt50	Indel_gt50	Irl1-HG003-30x-150bp-0-DBC6-PCR-FREE-ILMN-NOVASEQ	377862616.0	377862453.0	4.0	159.0	242.0	0.5638297872340425	0.9754601226993865	0.9999993595557244	0.6034912718204489	0.3965087281795511	0.39650872817955113	HG003	clinvar_genes	-1	-2	sent	sentd
Irl1-HG003-30x-150bp-0-DBC6-PCR-FREE-ILMN-NOVASEQ-sent-sentd-All	All	Irl1-HG003-30x-150bp-0-DBC6-PCR-FREE-ILMN-NOVASEQ	377862616.0	377400860.0	3609.0	458147.0	95681.0	0.9022335917068406	0.9921841838546765	0.9997465380749012	0.17276302389911669	0.8272369761008833	0.8272369761008833	HG003	clinvar_genes	-1	-2	sent	sentd
Irl1-HG003-30x-150bp-0-DBC6-PCR-FREE-ILMN-NOVASEQ-sent-sentd-SNPts	SNPts	Irl1-HG003-30x-150bp-0-DBC6-PCR-FREE-ILMN-NOVASEQ	3088286401.0	3085964128.0	12592.0	2309681.0	314742.0	0.9338277508866524	0.9945777262190966	0.9998980189369602	0.11992807561890748	0.8800719243810925	0.8800719243810925	HG003	hg38	-1	-2	sent	sentd
Irl1-HG003-30x-150bp-0-DBC6-PCR-FREE-ILMN-NOVASEQ-sent-sentd-SNPtv	SNPtv	Irl1-HG003-30x-150bp-0-DBC6-PCR-FREE-ILMN-NOVASEQ	3088286401.0	3087180015.0	6755.0	1099631.0	222695.0	0.9055260566094292	0.9938945359033827	0.9999278697918873	0.16841157173042048	0.8315884282695796	0.8315884282695795	HG003	hg38	-1	-2	sent	sentd
Irl1-HG003-30x-150bp-0-DBC6-PCR-FREE-ILMN-NOVASEQ-sent-sentd-INS_50	INS_50	Irl1-HG003-30x-150bp-0-DBC6-PCR-FREE-ILMN-NOVASEQ	3088286401.0	3088030515.0	1782.0	254104.0	169622.0	0.747791386850144	0.9930359613265283	0.999945074155665	0.40031057806223835	0.5996894219377616	0.5996894219377616	HG003	hg38	-1	-2	sent	sentd
Irl1-HG003-30x-150bp-0-DBC6-PCR-FREE-ILMN-NOVASEQ-sent-sentd-INS_gt50	INS_gt50	Irl1-HG003-30x-150bp-0-DBC6-PCR-FREE-ILMN-NOVASEQ	3088286401.0	3088286166.0	152.0	83.0	1646.0	0.0845213849287169	0.35319148936170214	0.9999994670185876	0.9519953730480046	0.048004626951995366	0.04800462695199537	HG003	hg38	-1	-2	sent	sentd
Irl1-HG003-30x-150bp-0-DBC6-PCR-FREE-ILMN-NOVASEQ-sent-sentd-DEL_50	DEL_50	Irl1-HG003-30x-150bp-0-DBC6-PCR-FREE-ILMN-NOVASEQ	3088286401.0	3088016422.0	1371.0	268608.0	174514.0	0.7533519094770588	0.9949218272532309	0.9999434898930744	0.39382833621440594	0.6061716637855941	0.6061716637855941	HG003	hg38	-1	-2	sent	sentd
Irl1-HG003-30x-150bp-0-DBC6-PCR-FREE-ILMN-NOVASEQ-sent-sentd-DEL_gt50	DEL_gt50	Irl1-HG003-30x-150bp-0-DBC6-PCR-FREE-ILMN-NOVASEQ	3088286401.0	3088286263.0	51.0	87.0	1715.0	0.08969072164948455	0.6304347826086957	0.9999994446761402	0.9517203107658158	0.04827968923418424	0.04827968923418424	HG003	hg38	-1	-2	sent	sentd
Irl1-HG003-30x-150bp-0-DBC6-PCR-FREE-ILMN-NOVASEQ-sent-sentd-Indel_50	Indel_50	Irl1-HG003-30x-150bp-0-DBC6-PCR-FREE-ILMN-NOVASEQ	3088286401.0	3088244267.0	230.0	41904.0	41055.0	0.6699655456340482	0.9945412256135188	0.9999867062153527	0.49488301450113914	0.5051169854988609	0.5051169854988609	HG003	hg38	-1	-2	sent	sentd
Irl1-HG003-30x-150bp-0-DBC6-PCR-FREE-ILMN-NOVASEQ-sent-sentd-Indel_gt50	Indel_gt50	Irl1-HG003-30x-150bp-0-DBC6-PCR-FREE-ILMN-NOVASEQ	3088286401.0	3088284846.0	41.0	1514.0	2240.0	0.5703522320587682	0.9736334405144694	0.9999992746788308	0.5966968566862014	0.4033031433137986	0.40330314331379863	HG003	hg38	-1	-2	sent	sentd
Irl1-HG003-30x-150bp-0-DBC6-PCR-FREE-ILMN-NOVASEQ-sent-sentd-All	All	Irl1-HG003-30x-150bp-0-DBC6-PCR-FREE-ILMN-NOVASEQ	3088286401.0	3084287815.0	22974.0	3975612.0	928229.0	0.8931523954085779	0.9942544689547755	0.9996991364666973	0.18928611266148312	0.8107138873385169	0.8107138873385169	HG003	hg38	-1	-2	sent	sentd
Irl1-HG003-30x-150bp-0-DBC6-PCR-FREE-ILMN-NOVASEQ-sent-sentd-SNPts	SNPts	Irl1-HG003-30x-150bp-0-DBC6-PCR-FREE-ILMN-NOVASEQ	2799325643.0	2797071535.0	3337.0	2250771.0	150005.0	0.9670578257159577	0.9985195917853094	0.9999463735718266	0.06248188085852241	0.9375181191414776	0.9375181191414775	HG003	ultima	-1	-2	sent	sentd
Irl1-HG003-30x-150bp-0-DBC6-PCR-FREE-ILMN-NOVASEQ-sent-sentd-SNPtv	SNPtv	Irl1-HG003-30x-150bp-0-DBC6-PCR-FREE-ILMN-NOVASEQ	2799325643.0	2798266981.0	1996.0	1056666.0	81649.0	0.9619272300074148	0.9981146012608368	0.9999708224346585	0.07172794876637838	0.9282720512336217	0.9282720512336217	HG003	ultima	-1	-2	sent	sentd
Irl1-HG003-30x-150bp-0-DBC6-PCR-FREE-ILMN-NOVASEQ-sent-sentd-INS_50	INS_50	Irl1-HG003-30x-150bp-0-DBC6-PCR-FREE-ILMN-NOVASEQ	2799325643.0	2799161550.0	374.0	163719.0	27455.0	0.9216673656714527	0.9977208046656469	0.9999901918020002	0.14361262514777115	0.8563873748522288	0.8563873748522288	HG003	ultima	-1	-2	sent	sentd
Irl1-HG003-30x-150bp-0-DBC6-PCR-FREE-ILMN-NOVASEQ-sent-sentd-INS_gt50	INS_gt50	Irl1-HG003-30x-150bp-0-DBC6-PCR-FREE-ILMN-NOVASEQ	2799325643.0	2799325547.0	61.0	35.0	357.0	0.1434426229508197	0.3645833333333333	0.9999998724692971	0.9107142857142857	0.0892857142857143	0.08928571428571429	HG003	ultima	-1	-2	sent	sentd
Irl1-HG003-30x-150bp-0-DBC6-PCR-FREE-ILMN-NOVASEQ-sent-sentd-DEL_50	DEL_50	Irl1-HG003-30x-150bp-0-DBC6-PCR-FREE-ILMN-NOVASEQ	2799325643.0	2799148350.0	387.0	176906.0	35886.0	0.90701257418255	0.997817172702814	0.9999871798363471	0.16864355802849731	0.8313564419715027	0.8313564419715027	HG003	ultima	-1	-2	sent	sentd
Irl1-HG003-30x-150bp-0-DBC6-PCR-FREE-ILMN-NOVASEQ-sent-sentd-DEL_gt50	DEL_gt50	Irl1-HG003-30x-150bp-0-DBC6-PCR-FREE-ILMN-NOVASEQ	2799325643.0	2799325554.0	34.0	55.0	598.0	0.14824797843665768	0.6179775280898876	0.9999997863771609	0.9157733537519143	0.08422664624808573	0.08422664624808576	HG003	ultima	-1	-2	sent	sentd
Irl1-HG003-30x-150bp-0-DBC6-PCR-FREE-ILMN-NOVASEQ-sent-sentd-Indel_50	Indel_50	Irl1-HG003-30x-150bp-0-DBC6-PCR-FREE-ILMN-NOVASEQ	2799325643.0	2799308055.0	26.0	17562.0	2631.0	0.9296736454831793	0.998521719354105	0.9999990601257612	0.130292675679691	0.8697073243203091	0.8697073243203091	HG003	ultima	-1	-2	sent	sentd
Irl1-HG003-30x-150bp-0-DBC6-PCR-FREE-ILMN-NOVASEQ-sent-sentd-Indel_gt50	Indel_gt50	Irl1-HG003-30x-150bp-0-DBC6-PCR-FREE-ILMN-NOVASEQ	2799325643.0	2799324713.0	9.0	921.0	459.0	0.7974025974025974	0.9903225806451613	0.9999998360319107	0.33260869565217394	0.6673913043478261	0.6673913043478261	HG003	ultima	-1	-2	sent	sentd
Irl1-HG003-30x-150bp-0-DBC6-PCR-FREE-ILMN-NOVASEQ-sent-sentd-All	All	Irl1-HG003-30x-150bp-0-DBC6-PCR-FREE-ILMN-NOVASEQ	2799325643.0	2795652784.0	6224.0	3666635.0	299040.0	0.9600363106323805	0.9983054073134853	0.999893045367437	0.07540708706588412	0.9245929129341159	0.9245929129341158	HG003	ultima	-1	-2	sent	sentd
Irl1-HG003-30x-150bp-0-DBC6-PCR-FREE-ILMN-NOVASEQ-sent-sentd-SNPts	SNPts	Irl1-HG003-30x-150bp-0-DBC6-PCR-FREE-ILMN-NOVASEQ	2505355380.0	2503152315.0	2589.0	2200476.0	2425.0	0.9988619975732904	0.9988248190589021	0.9999990312224964	0.001100821144481754	0.9988991788555183	0.9988991788555183	HG003	giabHC_x_ultima	-1	-2	sent	sentd
Irl1-HG003-30x-150bp-0-DBC6-PCR-FREE-ILMN-NOVASEQ-sent-sentd-SNPtv	SNPtv	Irl1-HG003-30x-150bp-0-DBC6-PCR-FREE-ILMN-NOVASEQ	2505355380.0	2504321008.0	1566.0	1032806.0	1314.0	0.9986076813446704	0.998486037905125	0.9999994753071566	0.0012706455730476154	0.9987293544269524	0.9987293544269524	HG003	giabHC_x_ultima	-1	-2	sent	sentd
Irl1-HG003-30x-150bp-0-DBC6-PCR-FREE-ILMN-NOVASEQ-sent-sentd-INS_50	INS_50	Irl1-HG003-30x-150bp-0-DBC6-PCR-FREE-ILMN-NOVASEQ	2505355380.0	2505201652.0	207.0	153521.0	119.0	0.9989393821087426	0.9986534658617818	0.9999999524988361	0.0007745378807602187	0.9992254621192398	0.9992254621192398	HG003	giabHC_x_ultima	-1	-2	sent	sentd
Irl1-HG003-30x-150bp-0-DBC6-PCR-FREE-ILMN-NOVASEQ-sent-sentd-INS_gt50	INS_gt50	Irl1-HG003-30x-150bp-0-DBC6-PCR-FREE-ILMN-NOVASEQ	2505355380.0	2505355380.0	0.0	0.0	0.0			1.0				HG003	giabHC_x_ultima	-1	-2	sent	sentd
Irl1-HG003-30x-150bp-0-DBC6-PCR-FREE-ILMN-NOVASEQ-sent-sentd-DEL_50	DEL_50	Irl1-HG003-30x-150bp-0-DBC6-PCR-FREE-ILMN-NOVASEQ	2505355380.0	2505190013.0	204.0	165163.0	111.0	0.9990473050831568	0.9987663802330574	0.9999999556919856	0.0006716119897866573	0.9993283880102134	0.9993283880102134	HG003	giabHC_x_ultima	-1	-2	sent	sentd
Irl1-HG003-30x-150bp-0-DBC6-PCR-FREE-ILMN-NOVASEQ-sent-sentd-DEL_gt50	DEL_gt50	Irl1-HG003-30x-150bp-0-DBC6-PCR-FREE-ILMN-NOVASEQ	2505355380.0	2505355380.0	0.0	0.0	1.0			0.9999999996008551	1.0	0.0	0.0	HG003	giabHC_x_ultima	-1	-2	sent	sentd
Irl1-HG003-30x-150bp-0-DBC6-PCR-FREE-ILMN-NOVASEQ-sent-sentd-Indel_50	Indel_50	Irl1-HG003-30x-150bp-0-DBC6-PCR-FREE-ILMN-NOVASEQ	2505355380.0	2505341398.0	16.0	13966.0	0.0	0.9994275082295692	0.9988556715777428	1.0	0.0	1.0	1.0	HG003	giabHC_x_ultima	-1	-2	sent	sentd
Irl1-HG003-30x-150bp-0-DBC6-PCR-FREE-ILMN-NOVASEQ-sent-sentd-Indel_gt50	Indel_gt50	Irl1-HG003-30x-150bp-0-DBC6-PCR-FREE-ILMN-NOVASEQ	2505355380.0	2505355018.0	0.0	362.0	0.0	1.0	1.0	1.0	0.0	1.0	1.0	HG003	giabHC_x_ultima	-1	-2	sent	sentd
Irl1-HG003-30x-150bp-0-DBC6-PCR-FREE-ILMN-NOVASEQ-sent-sentd-All	All	Irl1-HG003-30x-150bp-0-DBC6-PCR-FREE-ILMN-NOVASEQ	2505355380.0	2501784504.0	4582.0	3566294.0	3970.0	0.998802432104678	0.9987168414697122	0.9999984131352265	0.0011119625887609432	0.9988880374112391	0.9988880374112391	HG003	giabHC_x_ultima	-1	-2	sent	sentd
Irl1-HG003-30x-150bp-0-DBC6-PCR-FREE-ILMN-NOVASEQ-sent-sentd-SNPts	SNPts	Irl1-HG003-30x-150bp-0-DBC6-PCR-FREE-ILMN-NOVASEQ	337668665.0	337403162.0	1538.0	263965.0	714.0	0.9957524020053491	0.9942072217639726	0.9999978838417375	0.0026976072903403744	0.9973023927096596	0.9973023927096596	HG003	giabHC_x_clinvar_genes	-1	-2	sent	sentd
Irl1-HG003-30x-150bp-0-DBC6-PCR-FREE-ILMN-NOVASEQ-sent-sentd-SNPtv	SNPtv	Irl1-HG003-30x-150bp-0-DBC6-PCR-FREE-ILMN-NOVASEQ	337668665.0	337548460.0	749.0	119456.0	337.0	0.9954749622913526	0.9937689779959237	0.9999990016258301	0.0028131860793201608	0.9971868139206799	0.9971868139206799	HG003	giabHC_x_clinvar_genes	-1	-2	sent	sentd
Irl1-HG003-30x-150bp-0-DBC6-PCR-FREE-ILMN-NOVASEQ-sent-sentd-INS_50	INS_50	Irl1-HG003-30x-150bp-0-DBC6-PCR-FREE-ILMN-NOVASEQ	337668665.0	337642373.0	147.0	26145.0	59.0	0.996075891496495	0.994408945686901	0.9999998252589295	0.0022515646466188368	0.9977484353533812	0.9977484353533812	HG003	giabHC_x_clinvar_genes	-1	-2	sent	sentd
Irl1-HG003-30x-150bp-0-DBC6-PCR-FREE-ILMN-NOVASEQ-sent-sentd-INS_gt50	INS_gt50	Irl1-HG003-30x-150bp-0-DBC6-PCR-FREE-ILMN-NOVASEQ	337668665.0	337668665.0	0.0	0.0	0.0			1.0				HG003	giabHC_x_clinvar_genes	-1	-2	sent	sentd
Irl1-HG003-30x-150bp-0-DBC6-PCR-FREE-ILMN-NOVASEQ-sent-sentd-DEL_50	DEL_50	Irl1-HG003-30x-150bp-0-DBC6-PCR-FREE-ILMN-NOVASEQ	337668665.0	337640711.0	114.0	27840.0	57.0	0.9969382822151795	0.995921871646276	0.9999998311815237	0.0020432304548876224	0.9979567695451124	0.9979567695451124	HG003	giabHC_x_clinvar_genes	-1	-2	sent	sentd
Irl1-HG003-30x-150bp-0-DBC6-PCR-FREE-ILMN-NOVASEQ-sent-sentd-DEL_gt50	DEL_gt50	Irl1-HG003-30x-150bp-0-DBC6-PCR-FREE-ILMN-NOVASEQ	337668665.0	337668665.0	0.0	0.0	0.0			1.0				HG003	giabHC_x_clinvar_genes	-1	-2	sent	sentd
Irl1-HG003-30x-150bp-0-DBC6-PCR-FREE-ILMN-NOVASEQ-sent-sentd-Indel_50	Indel_50	Irl1-HG003-30x-150bp-0-DBC6-PCR-FREE-ILMN-NOVASEQ	337668665.0	337665443.0	8.0	3214.0	1.0	0.9986018331520895	0.9975170701427685	0.9999999970384887	0.00031104199066874026	0.9996889580093312	0.9996889580093312	HG003	giabHC_x_clinvar_genes	-1	-2	sent	sentd
Irl1-HG003-30x-150bp-0-DBC6-PCR-FREE-ILMN-NOVASEQ-sent-sentd-Indel_gt50	Indel_gt50	Irl1-HG003-30x-150bp-0-DBC6-PCR-FREE-ILMN-NOVASEQ	337668665.0	337668620.0	0.0	45.0	0.0	1.0	1.0	1.0	0.0	1.0	1.0	HG003	giabHC_x_clinvar_genes	-1	-2	sent	sentd
Irl1-HG003-30x-150bp-0-DBC6-PCR-FREE-ILMN-NOVASEQ-sent-sentd-All	All	Irl1-HG003-30x-150bp-0-DBC6-PCR-FREE-ILMN-NOVASEQ	337668665.0	337225444.0	2556.0	440665.0	1168.0	0.9957923471336213	0.994233125235492	0.9999965364536533	0.0026435327374822615	0.9973564672625177	0.9973564672625177	HG003	giabHC_x_clinvar_genes	-1	-2	sent	sentd
Irl1-HG003-30x-150bp-0-DBC6-PCR-FREE-ILMN-NOVASEQ-sent-sentd-SNPts	SNPts	Irl1-HG003-30x-150bp-0-DBC6-PCR-FREE-ILMN-NOVASEQ	2528531102.0	2526276511.0	9621.0	2244970.0	4741.0	0.9968114926574638	0.9957327071739398	0.9999981233285106	0.002107381792594693	0.9978926182074053	0.9978926182074053	HG003	giabHC	-1	-2	sent	sentd
Irl1-HG003-30x-150bp-0-DBC6-PCR-FREE-ILMN-NOVASEQ-sent-sentd-SNPtv	SNPtv	Irl1-HG003-30x-150bp-0-DBC6-PCR-FREE-ILMN-NOVASEQ	2528531102.0	2527459610.0	5163.0	1066329.0	2477.0	0.9964304036166926	0.9951814852560729	0.9999990199655169	0.0023175393850708172	0.9976824606149292	0.9976824606149292	HG003	giabHC	-1	-2	sent	sentd
Irl1-HG003-30x-150bp-0-DBC6-PCR-FREE-ILMN-NOVASEQ-sent-sentd-INS_50	INS_50	Irl1-HG003-30x-150bp-0-DBC6-PCR-FREE-ILMN-NOVASEQ	2528531102.0	2528302347.0	744.0	228011.0	285.0	0.9977486101113444	0.996747612074053	0.9999998872761526	0.0012483792970529488	0.9987516207029471	0.9987516207029471	HG003	giabHC	-1	-2	sent	sentd
Irl1-HG003-30x-150bp-0-DBC6-PCR-FREE-ILMN-NOVASEQ-sent-sentd-INS_gt50	INS_gt50	Irl1-HG003-30x-150bp-0-DBC6-PCR-FREE-ILMN-NOVASEQ	2528531102.0	2528531101.0	0.0	1.0	1.0	0.6666666666666666	1.0	0.9999999996045135	0.5	0.5	0.5	HG003	giabHC	-1	-2	sent	sentd
Irl1-HG003-30x-150bp-0-DBC6-PCR-FREE-ILMN-NOVASEQ-sent-sentd-DEL_50	DEL_50	Irl1-HG003-30x-150bp-0-DBC6-PCR-FREE-ILMN-NOVASEQ	2528531102.0	2528288094.0	690.0	242318.0	302.0	0.9979572841763655	0.9971605873057677	0.9999998805516015	0.0012447448685186711	0.9987552551314813	0.9987552551314813	HG003	giabHC	-1	-2	sent	sentd
Irl1-HG003-30x-150bp-0-DBC6-PCR-FREE-ILMN-NOVASEQ-sent-sentd-DEL_gt50	DEL_gt50	Irl1-HG003-30x-150bp-0-DBC6-PCR-FREE-ILMN-NOVASEQ	2528531102.0	2528531102.0	0.0	0.0	1.0			0.9999999996045135	1.0	0.0	0.0	HG003	giabHC	-1	-2	sent	sentd
Irl1-HG003-30x-150bp-0-DBC6-PCR-FREE-ILMN-NOVASEQ-sent-sentd-Indel_50	Indel_50	Irl1-HG003-30x-150bp-0-DBC6-PCR-FREE-ILMN-NOVASEQ	2528531102.0	2528498707.0	83.0	32312.0	10.0	0.9985629741798908	0.9974378762154653	0.999999996045084	0.00030938679537157354	0.9996906132046284	0.9996906132046284	HG003	giabHC	-1	-2	sent	sentd
Irl1-HG003-30x-150bp-0-DBC6-PCR-FREE-ILMN-NOVASEQ-sent-sentd-Indel_gt50	Indel_gt50	Irl1-HG003-30x-150bp-0-DBC6-PCR-FREE-ILMN-NOVASEQ	2528531102.0	2528530637.0	3.0	462.0	1.0	0.9956896551724138	0.9935483870967742	0.9999999996045134	0.0021598272138228943	0.9978401727861771	0.9978401727861771	HG003	giabHC	-1	-2	sent	sentd
Irl1-HG003-30x-150bp-0-DBC6-PCR-FREE-ILMN-NOVASEQ-sent-sentd-All	All	Irl1-HG003-30x-150bp-0-DBC6-PCR-FREE-ILMN-NOVASEQ	2528531102.0	2524700395.0	16304.0	3814403.0	7818.0	0.9968480037967167	0.9957438666021703	0.9999969034045361	0.0020454076307989517	0.997954592369201	0.997954592369201	HG003	giabHC	-1	-2	sent	sentd
Irl1-HG003-30x-150bp-0-DBC6-PCR-FREE-ILMN-NOVASEQ-sent-sentd-SNPts	SNPts	Irl1-HG003-30x-150bp-0-DBC6-PCR-FREE-ILMN-NOVASEQ	332544085.0	332287264.0	419.0	256402.0	229.0	0.9987379540833418	0.9983685134782592	0.999999310837739	0.0008923317915606455	0.9991076682084393	0.9991076682084393	HG003	giabHC_x_ultima_x_clinvar	-1	-2	sent	sentd
Irl1-HG003-30x-150bp-0-DBC6-PCR-FREE-ILMN-NOVASEQ-sent-sentd-SNPtv	SNPtv	Irl1-HG003-30x-150bp-0-DBC6-PCR-FREE-ILMN-NOVASEQ	332544085.0	332429490.0	253.0	114342.0	99.0	0.9984631237010775	0.9977922247916575	0.9999997021925747	0.0008650745799145412	0.9991349254200854	0.9991349254200854	HG003	giabHC_x_ultima_x_clinvar	-1	-2	sent	sentd
Irl1-HG003-30x-150bp-0-DBC6-PCR-FREE-ILMN-NOVASEQ-sent-sentd-INS_50	INS_50	Irl1-HG003-30x-150bp-0-DBC6-PCR-FREE-ILMN-NOVASEQ	332544085.0	332526581.0	40.0	17464.0	21.0	0.9982565949298351	0.9977148080438757	0.9999999368471578	0.001201029453817558	0.9987989705461825	0.9987989705461825	HG003	giabHC_x_ultima_x_clinvar	-1	-2	sent	sentd
Irl1-HG003-30x-150bp-0-DBC6-PCR-FREE-ILMN-NOVASEQ-sent-sentd-INS_gt50	INS_gt50	Irl1-HG003-30x-150bp-0-DBC6-PCR-FREE-ILMN-NOVASEQ	332544085.0	332544085.0	0.0	0.0	0.0			1.0				HG003	giabHC_x_ultima_x_clinvar	-1	-2	sent	sentd
Irl1-HG003-30x-150bp-0-DBC6-PCR-FREE-ILMN-NOVASEQ-sent-sentd-DEL_50	DEL_50	Irl1-HG003-30x-150bp-0-DBC6-PCR-FREE-ILMN-NOVASEQ	332544085.0	332525156.0	43.0	18886.0	15.0	0.998466825270949	0.9977283533203022	0.999999954890633	0.0007936088037669964	0.999206391196233	0.999206391196233	HG003	giabHC_x_ultima_x_clinvar	-1	-2	sent	sentd
Irl1-HG003-30x-150bp-0-DBC6-PCR-FREE-ILMN-NOVASEQ-sent-sentd-DEL_gt50	DEL_gt50	Irl1-HG003-30x-150bp-0-DBC6-PCR-FREE-ILMN-NOVASEQ	332544085.0	332544085.0	0.0	0.0	0.0			1.0				HG003	giabHC_x_ultima_x_clinvar	-1	-2	sent	sentd
Irl1-HG003-30x-150bp-0-DBC6-PCR-FREE-ILMN-NOVASEQ-sent-sentd-Indel_50	Indel_50	Irl1-HG003-30x-150bp-0-DBC6-PCR-FREE-ILMN-NOVASEQ	332544085.0	332542783.0	3.0	1299.0	0.0	0.9988465974625144	0.9976958525345622	1.0	0.0	1.0	1.0	HG003	giabHC_x_ultima_x_clinvar	-1	-2	sent	sentd
Irl1-HG003-30x-150bp-0-DBC6-PCR-FREE-ILMN-NOVASEQ-sent-sentd-Indel_gt50	Indel_gt50	Irl1-HG003-30x-150bp-0-DBC6-PCR-FREE-ILMN-NOVASEQ	332544085.0	332544054.0	0.0	31.0	0.0	1.0	1.0	1.0	0.0	1.0	1.0	HG003	giabHC_x_ultima_x_clinvar	-1	-2	sent	sentd
Irl1-HG003-30x-150bp-0-DBC6-PCR-FREE-ILMN-NOVASEQ-sent-sentd-All	All	Irl1-HG003-30x-150bp-0-DBC6-PCR-FREE-ILMN-NOVASEQ	332544085.0	332134903.0	758.0	408424.0	364.0	0.9986283115517685	0.9981475235958571	0.999998904060977	0.0008904370969793633	0.9991095629030207	0.9991095629030207	HG003	giabHC_x_ultima_x_clinvar	-1	-2	sent	sentd
Irl1-HG003-30x-50bp-0-DBC19-PCR-FREE-ILMN-NOVASEQ-sent-sentd-SNPts	SNPts	Irl1-HG003-30x-50bp-0-DBC19-PCR-FREE-ILMN-NOVASEQ	377862616.0	377589389.0	9775.0	263452.0	32921.0	0.9250421348314606	0.9642238870975416	0.9999128202992031	0.11107961926356315	0.8889203807364369	0.8889203807364369	HG003	clinvar_genes	-1	-2	sent	sentd
Irl1-HG003-30x-50bp-0-DBC19-PCR-FREE-ILMN-NOVASEQ-sent-sentd-SNPtv	SNPtv	Irl1-HG003-30x-50bp-0-DBC19-PCR-FREE-ILMN-NOVASEQ	377862616.0	377738317.0	4760.0	119539.0	19455.0	0.9080302172864451	0.9617052430027595	0.9999484987432634	0.13997007065053169	0.8600299293494683	0.8600299293494683	HG003	clinvar_genes	-1	-2	sent	sentd
Irl1-HG003-30x-50bp-0-DBC19-PCR-FREE-ILMN-NOVASEQ-sent-sentd-INS_50	INS_50	Irl1-HG003-30x-50bp-0-DBC19-PCR-FREE-ILMN-NOVASEQ	377862616.0	377833102.0	2581.0	26933.0	14742.0	0.7566618438241862	0.9125499762824423	0.9999609842950434	0.3537372525494901	0.6462627474505098	0.6462627474505099	HG003	clinvar_genes	-1	-2	sent	sentd
Irl1-HG003-30x-50bp-0-DBC19-PCR-FREE-ILMN-NOVASEQ-sent-sentd-INS_gt50	INS_gt50	Irl1-HG003-30x-50bp-0-DBC19-PCR-FREE-ILMN-NOVASEQ	377862616.0	377862586.0	29.0	1.0	24.0	0.03636363636363636	0.03333333333333333	0.999999936484851	0.96	0.040000000000000036	0.04	HG003	clinvar_genes	-1	-2	sent	sentd
Irl1-HG003-30x-50bp-0-DBC19-PCR-FREE-ILMN-NOVASEQ-sent-sentd-DEL_50	DEL_50	Irl1-HG003-30x-50bp-0-DBC19-PCR-FREE-ILMN-NOVASEQ	377862616.0	377831406.0	2396.0	28814.0	15396.0	0.764094404667197	0.9232297340595963	0.9999592533272255	0.3482470029405112	0.6517529970594889	0.6517529970594889	HG003	clinvar_genes	-1	-2	sent	sentd
Irl1-HG003-30x-50bp-0-DBC19-PCR-FREE-ILMN-NOVASEQ-sent-sentd-DEL_gt50	DEL_gt50	Irl1-HG003-30x-50bp-0-DBC19-PCR-FREE-ILMN-NOVASEQ	377862616.0	377862598.0	14.0	4.0	63.0	0.09411764705882353	0.2222222222222222	0.9999998332727562	0.9402985074626866	0.05970149253731338	0.05970149253731343	HG003	clinvar_genes	-1	-2	sent	sentd
Irl1-HG003-30x-50bp-0-DBC19-PCR-FREE-ILMN-NOVASEQ-sent-sentd-Indel_50	Indel_50	Irl1-HG003-30x-50bp-0-DBC19-PCR-FREE-ILMN-NOVASEQ	377862616.0	377859320.0	1030.0	2266.0	2282.0	0.577766445690974	0.6875	0.9999939607517992	0.5017590149516271	0.4982409850483729	0.4982409850483729	HG003	clinvar_genes	-1	-2	sent	sentd
Irl1-HG003-30x-50bp-0-DBC19-PCR-FREE-ILMN-NOVASEQ-sent-sentd-Indel_gt50	Indel_gt50	Irl1-HG003-30x-50bp-0-DBC19-PCR-FREE-ILMN-NOVASEQ	377862616.0	377862462.0	132.0	22.0	21.0	0.2233502538071066	0.14285714285714285	0.9999999444242259	0.4883720930232558	0.5116279069767442	0.5116279069767442	HG003	clinvar_genes	-1	-2	sent	sentd
Irl1-HG003-30x-50bp-0-DBC19-PCR-FREE-ILMN-NOVASEQ-sent-sentd-All	All	Irl1-HG003-30x-50bp-0-DBC19-PCR-FREE-ILMN-NOVASEQ	377862616.0	377400868.0	20717.0	441031.0	84904.0	0.893061842716742	0.9551335360413039	0.9997750802644821	0.16143439778679874	0.8385656022132013	0.8385656022132012	HG003	clinvar_genes	-1	-2	sent	sentd
Irl1-HG003-30x-150bp-0-DBC6-PCR-FREE-ILMN-NOVASEQ-sent-sentd-SNPts	SNPts	Irl1-HG003-30x-150bp-0-DBC6-PCR-FREE-ILMN-NOVASEQ	688815815.0	688748096.0	2971.0	64748.0	310001.0	0.2926674923384289	0.9561275269865178	0.9995501090527059	0.8272230212755738	0.1727769787244262	0.1727769787244262	HG003	hg38_m_giabHC	-1	-2	sent	sentd
Irl1-HG003-30x-150bp-0-DBC6-PCR-FREE-ILMN-NOVASEQ-sent-sentd-SNPtv	SNPtv	Irl1-HG003-30x-150bp-0-DBC6-PCR-FREE-ILMN-NOVASEQ	688815815.0	688780906.0	1592.0	33317.0	220218.0	0.23101191219092784	0.9543957145721733	0.999680380782659	0.8685901354842527	0.13140986451574732	0.13140986451574732	HG003	hg38_m_giabHC	-1	-2	sent	sentd
Irl1-HG003-30x-150bp-0-DBC6-PCR-FREE-ILMN-NOVASEQ-sent-sentd-INS_50	INS_50	Irl1-HG003-30x-150bp-0-DBC6-PCR-FREE-ILMN-NOVASEQ	688815815.0	688788754.0	1036.0	26025.0	169337.0	0.23401356874064286	0.9617161228335982	0.9997542129162686	0.8667857618165252	0.13321423818347478	0.13321423818347478	HG003	hg38_m_giabHC	-1	-2	sent	sentd
Irl1-HG003-30x-150bp-0-DBC6-PCR-FREE-ILMN-NOVASEQ-sent-sentd-INS_gt50	INS_gt50	Irl1-HG003-30x-150bp-0-DBC6-PCR-FREE-ILMN-NOVASEQ	688815815.0	688815581.0	152.0	82.0	1645.0	0.08363080061193269	0.3504273504273504	0.9999976118483425	0.952518818760857	0.04748118123914302	0.04748118123914302	HG003	hg38_m_giabHC	-1	-2	sent	sentd
Irl1-HG003-30x-150bp-0-DBC6-PCR-FREE-ILMN-NOVASEQ-sent-sentd-DEL_50	DEL_50	Irl1-HG003-30x-150bp-0-DBC6-PCR-FREE-ILMN-NOVASEQ	688815815.0	688788645.0	689.0	26481.0	174217.0	0.23242403496761282	0.9746411483253589	0.9997471315079389	0.8680554863526293	0.1319445136473707	0.13194451364737067	HG003	hg38_m_giabHC	-1	-2	sent	sentd
Irl1-HG003-30x-150bp-0-DBC6-PCR-FREE-ILMN-NOVASEQ-sent-sentd-DEL_gt50	DEL_gt50	Irl1-HG003-30x-150bp-0-DBC6-PCR-FREE-ILMN-NOVASEQ	688815815.0	688815677.0	51.0	87.0	1714.0	0.08973697782362042	0.6304347826086957	0.9999975116772277	0.9516935036091061	0.048306496390893905	0.04830649639089395	HG003	hg38_m_giabHC	-1	-2	sent	sentd
Irl1-HG003-30x-150bp-0-DBC6-PCR-FREE-ILMN-NOVASEQ-sent-sentd-Indel_50	Indel_50	Irl1-HG003-30x-150bp-0-DBC6-PCR-FREE-ILMN-NOVASEQ	688815815.0	688806075.0	148.0	9592.0	41045.0	0.317736886562764	0.9848049281314168	0.9999404149356101	0.8105732962063313	0.18942670379366866	0.18942670379366866	HG003	hg38_m_giabHC	-1	-2	sent	sentd
Irl1-HG003-30x-150bp-0-DBC6-PCR-FREE-ILMN-NOVASEQ-sent-sentd-Indel_gt50	Indel_gt50	Irl1-HG003-30x-150bp-0-DBC6-PCR-FREE-ILMN-NOVASEQ	688815815.0	688814722.0	40.0	1053.0	2239.0	0.4802736602052451	0.9634034766697164	0.9999967494993202	0.6801336573511543	0.3198663426488457	0.31986634264884567	HG003	hg38_m_giabHC	-1	-2	sent	sentd
Irl1-HG003-30x-150bp-0-DBC6-PCR-FREE-ILMN-NOVASEQ-sent-sentd-All	All	Irl1-HG003-30x-150bp-0-DBC6-PCR-FREE-ILMN-NOVASEQ	688815815.0	688647751.0	6679.0	161385.0	920416.0	0.25824389034015677	0.9602591869763899	0.9986652284080857	0.8508182188775939	0.1491817811224061	0.14918178112240607	HG003	hg38_m_giabHC	-1	-2	sent	sentd
Irl1-HG003-30x-50bp-0-DBC19-PCR-FREE-ILMN-NOVASEQ-sent-sentd-SNPts	SNPts	Irl1-HG003-30x-50bp-0-DBC19-PCR-FREE-ILMN-NOVASEQ	2799325643.0	2797071465.0	77692.0	2176486.0	160279.0	0.948165115532909	0.9655342213436561	0.9999427008504591	0.06859012352547218	0.9314098764745278	0.9314098764745278	HG003	ultima	-1	-2	sent	sentd
Irl1-HG003-30x-50bp-0-DBC19-PCR-FREE-ILMN-NOVASEQ-sent-sentd-SNPtv	SNPtv	Irl1-HG003-30x-50bp-0-DBC19-PCR-FREE-ILMN-NOVASEQ	2799325643.0	2798266911.0	39700.0	1019032.0	88050.0	0.9410152487702084	0.9625023140889291	0.999968535085353	0.07953340402969247	0.9204665959703076	0.9204665959703076	HG003	ultima	-1	-2	sent	sentd
Irl1-HG003-30x-50bp-0-DBC19-PCR-FREE-ILMN-NOVASEQ-sent-sentd-INS_50	INS_50	Irl1-HG003-30x-50bp-0-DBC19-PCR-FREE-ILMN-NOVASEQ	2799325643.0	2799159785.0	14579.0	151279.0	24513.0	0.8855788087223767	0.9120995068070277	0.9999912428059783	0.13944320560662601	0.860556794393374	0.860556794393374	HG003	ultima	-1	-2	sent	sentd
Irl1-HG003-30x-50bp-0-DBC19-PCR-FREE-ILMN-NOVASEQ-sent-sentd-INS_gt50	INS_gt50	Irl1-HG003-30x-50bp-0-DBC19-PCR-FREE-ILMN-NOVASEQ	2799325643.0	2799325547.0	95.0	1.0	9.0	0.018867924528301886	0.010416666666666666	0.9999999967849399	0.9	0.09999999999999998	0.1	HG003	ultima	-1	-2	sent	sentd
Irl1-HG003-30x-50bp-0-DBC19-PCR-FREE-ILMN-NOVASEQ-sent-sentd-DEL_50	DEL_50	Irl1-HG003-30x-50bp-0-DBC19-PCR-FREE-ILMN-NOVASEQ	2799325643.0	2799145809.0	15105.0	164729.0	31084.0	0.8770414777703535	0.9160058720820312	0.9999888953070176	0.15874329079274613	0.8412567092072538	0.8412567092072538	HG003	ultima	-1	-2	sent	sentd
Irl1-HG003-30x-50bp-0-DBC19-PCR-FREE-ILMN-NOVASEQ-sent-sentd-DEL_gt50	DEL_gt50	Irl1-HG003-30x-50bp-0-DBC19-PCR-FREE-ILMN-NOVASEQ	2799325643.0	2799325554.0	60.0	29.0	123.0	0.2406639004149378	0.3258426966292135	0.9999999560608467	0.8092105263157895	0.1907894736842105	0.19078947368421054	HG003	ultima	-1	-2	sent	sentd
Irl1-HG003-30x-50bp-0-DBC19-PCR-FREE-ILMN-NOVASEQ-sent-sentd-Indel_50	Indel_50	Irl1-HG003-30x-50bp-0-DBC19-PCR-FREE-ILMN-NOVASEQ	2799325643.0	2799312745.0	6825.0	6073.0	1041.0	0.6069358384969018	0.4708481935183749	0.9999996281231475	0.14633117795895417	0.8536688220410458	0.8536688220410458	HG003	ultima	-1	-2	sent	sentd
Irl1-HG003-30x-50bp-0-DBC19-PCR-FREE-ILMN-NOVASEQ-sent-sentd-Indel_gt50	Indel_gt50	Irl1-HG003-30x-50bp-0-DBC19-PCR-FREE-ILMN-NOVASEQ	2799325643.0	2799324869.0	713.0	61.0	19.0	0.14285714285714285	0.07881136950904392	0.9999999932126492	0.2375	0.7625	0.7625	HG003	ultima	-1	-2	sent	sentd
Irl1-HG003-30x-50bp-0-DBC19-PCR-FREE-ILMN-NOVASEQ-sent-sentd-All	All	Irl1-HG003-30x-50bp-0-DBC19-PCR-FREE-ILMN-NOVASEQ	2799325643.0	2795653184.0	154769.0	3517690.0	305118.0	0.9386430129840605	0.9578568474147703	0.9998908717630797	0.07981515158490826	0.9201848484150917	0.9201848484150917	HG003	ultima	-1	-2	sent	sentd
Irl1-HG003-30x-50bp-0-DBC19-PCR-FREE-ILMN-NOVASEQ-sent-sentd-SNPts	SNPts	Irl1-HG003-30x-50bp-0-DBC19-PCR-FREE-ILMN-NOVASEQ	2528531102.0	2526276284.0	94903.0	2159915.0	13464.0	0.975527963186823	0.9579110154345052	0.9999946704450625	0.006194961854329135	0.9938050381456709	0.9938050381456709	HG003	giabHC	-1	-2	sent	sentd
Irl1-HG003-30x-50bp-0-DBC19-PCR-FREE-ILMN-NOVASEQ-sent-sentd-SNPtv	SNPtv	Irl1-HG003-30x-50bp-0-DBC19-PCR-FREE-ILMN-NOVASEQ	2528531102.0	2527459384.0	49708.0	1022010.0	7070.0	0.9729731273544624	0.9536183958839919	0.9999972027324087	0.006870214171881681	0.9931297858281183	0.9931297858281183	HG003	giabHC	-1	-2	sent	sentd
Irl1-HG003-30x-50bp-0-DBC19-PCR-FREE-ILMN-NOVASEQ-sent-sentd-INS_50	INS_50	Irl1-HG003-30x-50bp-0-DBC19-PCR-FREE-ILMN-NOVASEQ	2528531102.0	2528299134.0	19559.0	212409.0	3347.0	0.9488390168943368	0.915682335494551	0.9999986761868783	0.015512894195294684	0.9844871058047053	0.9844871058047053	HG003	giabHC	-1	-2	sent	sentd
Irl1-HG003-30x-50bp-0-DBC19-PCR-FREE-ILMN-NOVASEQ-sent-sentd-INS_gt50	INS_gt50	Irl1-HG003-30x-50bp-0-DBC19-PCR-FREE-ILMN-NOVASEQ	2528531102.0	2528531101.0	1.0	0.0	0.0		0.0	1.0				HG003	giabHC	-1	-2	sent	sentd
Irl1-HG003-30x-50bp-0-DBC19-PCR-FREE-ILMN-NOVASEQ-sent-sentd-DEL_50	DEL_50	Irl1-HG003-30x-50bp-0-DBC19-PCR-FREE-ILMN-NOVASEQ	2528531102.0	2528284868.0	17662.0	228572.0	2644.0	0.9574698921353022	0.9282714815988043	0.9999989542328602	0.011435194796207875	0.9885648052037921	0.9885648052037921	HG003	giabHC	-1	-2	sent	sentd
Irl1-HG003-30x-50bp-0-DBC19-PCR-FREE-ILMN-NOVASEQ-sent-sentd-DEL_gt50	DEL_gt50	Irl1-HG003-30x-50bp-0-DBC19-PCR-FREE-ILMN-NOVASEQ	2528531102.0	2528531102.0	0.0	0.0	12.0			0.9999999952541616	1.0	0.0	0.0	HG003	giabHC	-1	-2	sent	sentd
Irl1-HG003-30x-50bp-0-DBC19-PCR-FREE-ILMN-NOVASEQ-sent-sentd-Indel_50	Indel_50	Irl1-HG003-30x-50bp-0-DBC19-PCR-FREE-ILMN-NOVASEQ	2528531102.0	2528505379.0	7146.0	18577.0	15.0	0.8384068599796908	0.7221941453174202	0.9999999940676417	0.0008067986230636833	0.9991932013769363	0.9991932013769363	HG003	giabHC	-1	-2	sent	sentd
Irl1-HG003-30x-50bp-0-DBC19-PCR-FREE-ILMN-NOVASEQ-sent-sentd-Indel_gt50	Indel_gt50	Irl1-HG003-30x-50bp-0-DBC19-PCR-FREE-ILMN-NOVASEQ	2528531102.0	2528530726.0	331.0	45.0	0.0	0.21377672209026127	0.1196808510638298	1.0	0.0	1.0	1.0	HG003	giabHC	-1	-2	sent	sentd
Irl1-HG003-30x-50bp-0-DBC19-PCR-FREE-ILMN-NOVASEQ-sent-sentd-All	All	Irl1-HG003-30x-50bp-0-DBC19-PCR-FREE-ILMN-NOVASEQ	2528531102.0	2524700264.0	189310.0	3641528.0	26552.0	0.9712142471753925	0.950582614039017	0.9999894832186074	0.007238664369370352	0.9927613356306296	0.9927613356306296	HG003	giabHC	-1	-2	sent	sentd
Irl1-HG003-30x-50bp-0-DBC19-PCR-FREE-ILMN-NOVASEQ-sent-sentd-SNPts	SNPts	Irl1-HG003-30x-50bp-0-DBC19-PCR-FREE-ILMN-NOVASEQ	2505355380.0	2503152292.0	74618.0	2128470.0	10498.0	0.9803973048712407	0.9661302680601047	0.9999958061057627	0.004907974312846195	0.9950920256871538	0.9950920256871538	HG003	giabHC_x_ultima	-1	-2	sent	sentd
Irl1-HG003-30x-50bp-0-DBC19-PCR-FREE-ILMN-NOVASEQ-sent-sentd-SNPtv	SNPtv	Irl1-HG003-30x-50bp-0-DBC19-PCR-FREE-ILMN-NOVASEQ	2505355380.0	2504320946.0	38098.0	996336.0	5407.0	0.9786339792660461	0.9631701974219719	0.9999978409363486	0.0053975919971489695	0.994602408002851	0.994602408002851	HG003	giabHC_x_ultima	-1	-2	sent	sentd
Irl1-HG003-30x-50bp-0-DBC19-PCR-FREE-ILMN-NOVASEQ-sent-sentd-INS_50	INS_50	Irl1-HG003-30x-50bp-0-DBC19-PCR-FREE-ILMN-NOVASEQ	2505355380.0	2505200107.0	12321.0	142952.0	1448.0	0.9540532513773347	0.9206494367984132	0.9999994220025942	0.01002770083102493	0.9899722991689751	0.9899722991689751	HG003	giabHC_x_ultima	-1	-2	sent	sentd
Irl1-HG003-30x-50bp-0-DBC19-PCR-FREE-ILMN-NOVASEQ-sent-sentd-INS_gt50	INS_gt50	Irl1-HG003-30x-50bp-0-DBC19-PCR-FREE-ILMN-NOVASEQ	2505355380.0	2505355380.0	0.0	0.0	0.0			1.0				HG003	giabHC_x_ultima	-1	-2	sent	sentd
Irl1-HG003-30x-50bp-0-DBC19-PCR-FREE-ILMN-NOVASEQ-sent-sentd-DEL_50	DEL_50	Irl1-HG003-30x-50bp-0-DBC19-PCR-FREE-ILMN-NOVASEQ	2505355380.0	2505187930.0	12535.0	154915.0	1367.0	0.9570570718989782	0.9251418333830994	0.999999454332652	0.008747008612636132	0.9912529913873639	0.9912529913873639	HG003	giabHC_x_ultima	-1	-2	sent	sentd
Irl1-HG003-30x-50bp-0-DBC19-PCR-FREE-ILMN-NOVASEQ-sent-sentd-DEL_gt50	DEL_gt50	Irl1-HG003-30x-50bp-0-DBC19-PCR-FREE-ILMN-NOVASEQ	2505355380.0	2505355380.0	0.0	0.0	11.0			0.9999999956094053	1.0	0.0	0.0	HG003	giabHC_x_ultima	-1	-2	sent	sentd
Irl1-HG003-30x-50bp-0-DBC19-PCR-FREE-ILMN-NOVASEQ-sent-sentd-Indel_50	Indel_50	Irl1-HG003-30x-50bp-0-DBC19-PCR-FREE-ILMN-NOVASEQ	2505355380.0	2505345157.0	4973.0	5250.0	10.0	0.6781631466770006	0.5135478822263524	0.9999999960085341	0.0019011406844106464	0.9980988593155894	0.9980988593155894	HG003	giabHC_x_ultima	-1	-2	sent	sentd
Irl1-HG003-30x-50bp-0-DBC19-PCR-FREE-ILMN-NOVASEQ-sent-sentd-Indel_gt50	Indel_gt50	Irl1-HG003-30x-50bp-0-DBC19-PCR-FREE-ILMN-NOVASEQ	2505355380.0	2505355095.0	250.0	35.0	0.0	0.21875	0.12280701754385964	1.0	0.0	1.0	1.0	HG003	giabHC_x_ultima	-1	-2	sent	sentd
Irl1-HG003-30x-50bp-0-DBC19-PCR-FREE-ILMN-NOVASEQ-sent-sentd-All	All	Irl1-HG003-30x-50bp-0-DBC19-PCR-FREE-ILMN-NOVASEQ	2505355380.0	2501784627.0	142795.0	3427958.0	18741.0	0.9769808186789165	0.9600098354604757	0.9999925090036093	0.005437376457880424	0.9945626235421196	0.9945626235421196	HG003	giabHC_x_ultima	-1	-2	sent	sentd
Irl1-HG003-30x-50bp-0-DBC19-PCR-FREE-ILMN-NOVASEQ-sent-sentd-SNPts	SNPts	Irl1-HG003-30x-50bp-0-DBC19-PCR-FREE-ILMN-NOVASEQ	332544085.0	332287261.0	5987.0	250837.0	1655.0	0.9849955626762167	0.976688315733732	0.9999950193945079	0.0065546631180393835	0.9934453368819606	0.9934453368819606	HG003	giabHC_x_ultima_x_clinvar	-1	-2	sent	sentd
Irl1-HG003-30x-50bp-0-DBC19-PCR-FREE-ILMN-NOVASEQ-sent-sentd-SNPtv	SNPtv	Irl1-HG003-30x-50bp-0-DBC19-PCR-FREE-ILMN-NOVASEQ	332544085.0	332429481.0	2843.0	111761.0	833.0	0.9838202801080995	0.9751928379463195	0.999997494211674	0.007398262784873084	0.9926017372151269	0.9926017372151269	HG003	giabHC_x_ultima_x_clinvar	-1	-2	sent	sentd
Irl1-HG003-30x-50bp-0-DBC19-PCR-FREE-ILMN-NOVASEQ-sent-sentd-INS_50	INS_50	Irl1-HG003-30x-50bp-0-DBC19-PCR-FREE-ILMN-NOVASEQ	332544085.0	332526430.0	1116.0	16539.0	160.0	0.9628573091925249	0.9367884451996602	0.9999995188354712	0.009581412060602432	0.9904185879393975	0.9904185879393975	HG003	giabHC_x_ultima_x_clinvar	-1	-2	sent	sentd
Irl1-HG003-30x-50bp-0-DBC19-PCR-FREE-ILMN-NOVASEQ-sent-sentd-INS_gt50	INS_gt50	Irl1-HG003-30x-50bp-0-DBC19-PCR-FREE-ILMN-NOVASEQ	332544085.0	332544085.0	0.0	0.0	0.0			1.0				HG003	giabHC_x_ultima_x_clinvar	-1	-2	sent	sentd
Irl1-HG003-30x-50bp-0-DBC19-PCR-FREE-ILMN-NOVASEQ-sent-sentd-DEL_50	DEL_50	Irl1-HG003-30x-50bp-0-DBC19-PCR-FREE-ILMN-NOVASEQ	332544085.0	332524967.0	1167.0	17951.0	165.0	0.9642262448299941	0.9389580500052307	0.9999995037969039	0.009107970854493266	0.9908920291455068	0.9908920291455068	HG003	giabHC_x_ultima_x_clinvar	-1	-2	sent	sentd
Irl1-HG003-30x-50bp-0-DBC19-PCR-FREE-ILMN-NOVASEQ-sent-sentd-DEL_gt50	DEL_gt50	Irl1-HG003-30x-50bp-0-DBC19-PCR-FREE-ILMN-NOVASEQ	332544085.0	332544085.0	0.0	0.0	0.0			1.0				HG003	giabHC_x_ultima_x_clinvar	-1	-2	sent	sentd
Irl1-HG003-30x-50bp-0-DBC19-PCR-FREE-ILMN-NOVASEQ-sent-sentd-Indel_50	Indel_50	Irl1-HG003-30x-50bp-0-DBC19-PCR-FREE-ILMN-NOVASEQ	332544085.0	332543137.0	450.0	498.0	0.0	0.6887966804979253	0.5253164556962026	1.0	0.0	1.0	1.0	HG003	giabHC_x_ultima_x_clinvar	-1	-2	sent	sentd
Irl1-HG003-30x-50bp-0-DBC19-PCR-FREE-ILMN-NOVASEQ-sent-sentd-Indel_gt50	Indel_gt50	Irl1-HG003-30x-50bp-0-DBC19-PCR-FREE-ILMN-NOVASEQ	332544085.0	332544057.0	20.0	8.0	0.0	0.4444444444444445	0.2857142857142857	1.0	0.0	1.0	1.0	HG003	giabHC_x_ultima_x_clinvar	-1	-2	sent	sentd
Irl1-HG003-30x-50bp-0-DBC19-PCR-FREE-ILMN-NOVASEQ-sent-sentd-All	All	Irl1-HG003-30x-50bp-0-DBC19-PCR-FREE-ILMN-NOVASEQ	332544085.0	332134908.0	11583.0	397594.0	2813.0	0.9822180280242693	0.9716919572703255	0.9999915306217206	0.007025351704640528	0.9929746482953594	0.9929746482953594	HG003	giabHC_x_ultima_x_clinvar	-1	-2	sent	sentd
Irl1-HG003-30x-50bp-0-DBC19-PCR-FREE-ILMN-NOVASEQ-sent-sentd-SNPts	SNPts	Irl1-HG003-30x-50bp-0-DBC19-PCR-FREE-ILMN-NOVASEQ	337668665.0	337403130.0	8678.0	256857.0	2318.0	0.9790436622134131	0.9673188091965278	0.9999931299271729	0.00894376386611363	0.9910562361338864	0.9910562361338864	HG003	giabHC_x_clinvar_genes	-1	-2	sent	sentd
Irl1-HG003-30x-50bp-0-DBC19-PCR-FREE-ILMN-NOVASEQ-sent-sentd-SNPtv	SNPtv	Irl1-HG003-30x-50bp-0-DBC19-PCR-FREE-ILMN-NOVASEQ	337668665.0	337548431.0	4147.0	116087.0	1145.0	0.9777147044208435	0.9655089242643512	0.9999966079056785	0.009766957827214413	0.9902330421727856	0.9902330421727856	HG003	giabHC_x_clinvar_genes	-1	-2	sent	sentd
Irl1-HG003-30x-50bp-0-DBC19-PCR-FREE-ILMN-NOVASEQ-sent-sentd-INS_50	INS_50	Irl1-HG003-30x-50bp-0-DBC19-PCR-FREE-ILMN-NOVASEQ	337668665.0	337642062.0	1888.0	24715.0	373.0	0.9562593101313575	0.9290305604631056	0.9999988952810389	0.014867665816326531	0.9851323341836735	0.9851323341836735	HG003	giabHC_x_clinvar_genes	-1	-2	sent	sentd
Irl1-HG003-30x-50bp-0-DBC19-PCR-FREE-ILMN-NOVASEQ-sent-sentd-INS_gt50	INS_gt50	Irl1-HG003-30x-50bp-0-DBC19-PCR-FREE-ILMN-NOVASEQ	337668665.0	337668665.0	0.0	0.0	0.0			1.0				HG003	giabHC_x_clinvar_genes	-1	-2	sent	sentd
Irl1-HG003-30x-50bp-0-DBC19-PCR-FREE-ILMN-NOVASEQ-sent-sentd-DEL_50	DEL_50	Irl1-HG003-30x-50bp-0-DBC19-PCR-FREE-ILMN-NOVASEQ	337668665.0	337640406.0	1810.0	26449.0	321.0	0.961274964109833	0.9359496089741322	0.9999990492853074	0.011991034740381023	0.988008965259619	0.988008965259619	HG003	giabHC_x_clinvar_genes	-1	-2	sent	sentd
Irl1-HG003-30x-50bp-0-DBC19-PCR-FREE-ILMN-NOVASEQ-sent-sentd-DEL_gt50	DEL_gt50	Irl1-HG003-30x-50bp-0-DBC19-PCR-FREE-ILMN-NOVASEQ	337668665.0	337668665.0	0.0	0.0	0.0			1.0				HG003	giabHC_x_clinvar_genes	-1	-2	sent	sentd
Irl1-HG003-30x-50bp-0-DBC19-PCR-FREE-ILMN-NOVASEQ-sent-sentd-Indel_50	Indel_50	Irl1-HG003-30x-50bp-0-DBC19-PCR-FREE-ILMN-NOVASEQ	337668665.0	337666089.0	649.0	1927.0	0.0	0.8558738618698646	0.7480590062111802	1.0	0.0	1.0	1.0	HG003	giabHC_x_clinvar_genes	-1	-2	sent	sentd
Irl1-HG003-30x-50bp-0-DBC19-PCR-FREE-ILMN-NOVASEQ-sent-sentd-Indel_gt50	Indel_gt50	Irl1-HG003-30x-50bp-0-DBC19-PCR-FREE-ILMN-NOVASEQ	337668665.0	337668625.0	30.0	10.0	0.0	0.4	0.25	1.0	0.0	1.0	1.0	HG003	giabHC_x_clinvar_genes	-1	-2	sent	sentd
Irl1-HG003-30x-50bp-0-DBC19-PCR-FREE-ILMN-NOVASEQ-sent-sentd-All	All	Irl1-HG003-30x-50bp-0-DBC19-PCR-FREE-ILMN-NOVASEQ	337668665.0	337225418.0	17202.0	426045.0	4157.0	0.9755463684771521	0.9611909386865563	0.9999876730859089	0.00966290254345633	0.9903370974565436	0.9903370974565436	HG003	giabHC_x_clinvar_genes	-1	-2	sent	sentd
Irl1-HG003-30x-50bp-0-DBC19-PCR-FREE-ILMN-NOVASEQ-sent-sentd-SNPts	SNPts	Irl1-HG003-30x-50bp-0-DBC19-PCR-FREE-ILMN-NOVASEQ	3088286401.0	3085963587.0	103456.0	2219358.0	281016.0	0.9202867481010485	0.9554609193848496	0.9999089456487905	0.11238958651785692	0.8876104134821431	0.8876104134821431	HG003	hg38	-1	-2	sent	sentd
Irl1-HG003-30x-50bp-0-DBC19-PCR-FREE-ILMN-NOVASEQ-sent-sentd-SNPtv	SNPtv	Irl1-HG003-30x-50bp-0-DBC19-PCR-FREE-ILMN-NOVASEQ	3088286401.0	3087179566.0	54380.0	1052455.0	182002.0	0.899037796225332	0.9508689190349058	0.9999410493406776	0.14743486407383977	0.8525651359261602	0.8525651359261602	HG003	hg38	-1	-2	sent	sentd
Irl1-HG003-30x-50bp-0-DBC19-PCR-FREE-ILMN-NOVASEQ-sent-sentd-INS_50	INS_50	Irl1-HG003-30x-50bp-0-DBC19-PCR-FREE-ILMN-NOVASEQ	3088286401.0	3088026478.0	27001.0	232922.0	131909.0	0.7456438854333066	0.8961192353119962	0.9999572855457948	0.3615619286738243	0.6384380713261757	0.6384380713261757	HG003	hg38	-1	-2	sent	sentd
Irl1-HG003-30x-50bp-0-DBC19-PCR-FREE-ILMN-NOVASEQ-sent-sentd-INS_gt50	INS_gt50	Irl1-HG003-30x-50bp-0-DBC19-PCR-FREE-ILMN-NOVASEQ	3088286401.0	3088286163.0	234.0	4.0	132.0	0.021390374331550797	0.01680672268907563	0.9999999572578487	0.9705882352941176	0.02941176470588236	0.029411764705882353	HG003	hg38	-1	-2	sent	sentd
Irl1-HG003-30x-50bp-0-DBC19-PCR-FREE-ILMN-NOVASEQ-sent-sentd-DEL_50	DEL_50	Irl1-HG003-30x-50bp-0-DBC19-PCR-FREE-ILMN-NOVASEQ	3088286401.0	3088012251.0	23647.0	250503.0	140659.0	0.7530391756048289	0.9137443005653839	0.999954452061119	0.3595927007224628	0.6404072992775371	0.6404072992775371	HG003	hg38	-1	-2	sent	sentd
Irl1-HG003-30x-50bp-0-DBC19-PCR-FREE-ILMN-NOVASEQ-sent-sentd-DEL_gt50	DEL_gt50	Irl1-HG003-30x-50bp-0-DBC19-PCR-FREE-ILMN-NOVASEQ	3088286401.0	3088286263.0	101.0	37.0	452.0	0.11802232854864433	0.26811594202898553	0.9999998536405322	0.9243353783231084	0.07566462167689159	0.07566462167689161	HG003	hg38	-1	-2	sent	sentd
Irl1-HG003-30x-50bp-0-DBC19-PCR-FREE-ILMN-NOVASEQ-sent-sentd-Indel_50	Indel_50	Irl1-HG003-30x-50bp-0-DBC19-PCR-FREE-ILMN-NOVASEQ	3088286401.0	3088253206.0	11069.0	22126.0	20284.0	0.58530520468223	0.6665461665913541	0.9999934319288541	0.47828342372082056	0.5217165762791794	0.5217165762791794	HG003	hg38	-1	-2	sent	sentd
Irl1-HG003-30x-50bp-0-DBC19-PCR-FREE-ILMN-NOVASEQ-sent-sentd-Indel_gt50	Indel_gt50	Irl1-HG003-30x-50bp-0-DBC19-PCR-FREE-ILMN-NOVASEQ	3088286401.0	3088285027.0	1245.0	129.0	142.0	0.15683890577507595	0.09388646288209607	0.9999999540197902	0.5239852398523985	0.47601476014760147	0.47601476014760147	HG003	hg38	-1	-2	sent	sentd
Irl1-HG003-30x-50bp-0-DBC19-PCR-FREE-ILMN-NOVASEQ-sent-sentd-All	All	Irl1-HG003-30x-50bp-0-DBC19-PCR-FREE-ILMN-NOVASEQ	3088286401.0	3084287734.0	221133.0	3777534.0	756596.0	0.8854151809775855	0.9446983207153784	0.9997547536051127	0.1668668520752603	0.8331331479247397	0.8331331479247397	HG003	hg38	-1	-2	sent	sentd
Irl1-HG003-30x-50bp-0-DBC19-PCR-FREE-ILMN-NOVASEQ-sent-sentd-SNPts	SNPts	Irl1-HG003-30x-50bp-0-DBC19-PCR-FREE-ILMN-NOVASEQ	688815815.0	688747788.0	8553.0	59474.0	267552.0	0.301093777290642	0.8742705102385817	0.9996116893420689	0.8181367842312232	0.18186321576877684	0.1818632157687768	HG003	hg38_m_giabHC	-1	-2	sent	sentd
Irl1-HG003-30x-50bp-0-DBC19-PCR-FREE-ILMN-NOVASEQ-sent-sentd-SNPtv	SNPtv	Irl1-HG003-30x-50bp-0-DBC19-PCR-FREE-ILMN-NOVASEQ	688815815.0	688780685.0	4672.0	30458.0	174932.0	0.2532679195077332	0.8670082550526615	0.9997460910460942	0.8517065095671649	0.14829349043283513	0.1482934904328351	HG003	hg38_m_giabHC	-1	-2	sent	sentd
Irl1-HG003-30x-50bp-0-DBC19-PCR-FREE-ILMN-NOVASEQ-sent-sentd-INS_50	INS_50	Irl1-HG003-30x-50bp-0-DBC19-PCR-FREE-ILMN-NOVASEQ	688815815.0	688787936.0	7436.0	20443.0	128561.0	0.23114714246140108	0.7332759424656552	0.9998133866723183	0.862802340876755	0.137197659123245	0.13719765912324502	HG003	hg38_m_giabHC	-1	-2	sent	sentd
Irl1-HG003-30x-50bp-0-DBC19-PCR-FREE-ILMN-NOVASEQ-sent-sentd-INS_gt50	INS_gt50	Irl1-HG003-30x-50bp-0-DBC19-PCR-FREE-ILMN-NOVASEQ	688815815.0	688815578.0	233.0	4.0	132.0	0.021447721179624665	0.016877637130801686	0.9999998083667401	0.9705882352941176	0.02941176470588236	0.029411764705882353	HG003	hg38_m_giabHC	-1	-2	sent	sentd
Irl1-HG003-30x-50bp-0-DBC19-PCR-FREE-ILMN-NOVASEQ-sent-sentd-DEL_50	DEL_50	Irl1-HG003-30x-50bp-0-DBC19-PCR-FREE-ILMN-NOVASEQ	688815815.0	688787701.0	6014.0	22100.0	138019.0	0.2348153618122221	0.7860852244433378	0.9997996605497614	0.8619776541197485	0.13802234588025153	0.13802234588025156	HG003	hg38_m_giabHC	-1	-2	sent	sentd
Irl1-HG003-30x-50bp-0-DBC19-PCR-FREE-ILMN-NOVASEQ-sent-sentd-DEL_gt50	DEL_gt50	Irl1-HG003-30x-50bp-0-DBC19-PCR-FREE-ILMN-NOVASEQ	688815815.0	688815677.0	101.0	37.0	440.0	0.12032520325203254	0.26811594202898553	0.9999993612228443	0.9224318658280922	0.07756813417190778	0.07756813417190776	HG003	hg38_m_giabHC	-1	-2	sent	sentd
Irl1-HG003-30x-50bp-0-DBC19-PCR-FREE-ILMN-NOVASEQ-sent-sentd-Indel_50	Indel_50	Irl1-HG003-30x-50bp-0-DBC19-PCR-FREE-ILMN-NOVASEQ	688815815.0	688808342.0	3924.0	3549.0	20269.0	0.22683838803489823	0.4749096748293858	0.9999705746833446	0.8509950457637081	0.1490049542362919	0.14900495423629187	HG003	hg38_m_giabHC	-1	-2	sent	sentd
Irl1-HG003-30x-50bp-0-DBC19-PCR-FREE-ILMN-NOVASEQ-sent-sentd-Indel_gt50	Indel_gt50	Irl1-HG003-30x-50bp-0-DBC19-PCR-FREE-ILMN-NOVASEQ	688815815.0	688814816.0	915.0	84.0	142.0	0.13714285714285715	0.08408408408408409	0.9999997938488439	0.6283185840707964	0.37168141592920356	0.37168141592920356	HG003	hg38_m_giabHC	-1	-2	sent	sentd
Irl1-HG003-30x-50bp-0-DBC19-PCR-FREE-ILMN-NOVASEQ-sent-sentd-All	All	Irl1-HG003-30x-50bp-0-DBC19-PCR-FREE-ILMN-NOVASEQ	688815815.0	688647818.0	31848.0	136149.0	730047.0	0.26329514897122686	0.8104251861640387	0.9989410060330266	0.8428196389731655	0.15718036102683453	0.15718036102683458	HG003	hg38_m_giabHC	-1	-2	sent	sentd
Irl1-HG003-3x-100bp-0-DBC23-PCR-FREE-ILMN-NOVASEQ-sent-sentd-SNPts	SNPts	Irl1-HG003-3x-100bp-0-DBC23-PCR-FREE-ILMN-NOVASEQ	688815815.0	688747770.0	41534.0	26511.0	161175.0	0.2073350512843574	0.3896098170328459	0.9997660431016758	0.8587481218631118	0.14125187813688822	0.14125187813688822	HG003	hg38_m_giabHC	-1	-2	sent	sentd
Irl1-HG003-3x-100bp-0-DBC23-PCR-FREE-ILMN-NOVASEQ-sent-sentd-SNPtv	SNPtv	Irl1-HG003-3x-100bp-0-DBC23-PCR-FREE-ILMN-NOVASEQ	688815815.0	688780619.0	21247.0	13949.0	109231.0	0.17615042683234833	0.3963234458461189	0.9998414390921858	0.8867592141581425	0.11324078584185748	0.11324078584185744	HG003	hg38_m_giabHC	-1	-2	sent	sentd
Irl1-HG003-3x-100bp-0-DBC23-PCR-FREE-ILMN-NOVASEQ-sent-sentd-INS_50	INS_50	Irl1-HG003-3x-100bp-0-DBC23-PCR-FREE-ILMN-NOVASEQ	688815815.0	688787294.0	15317.0	13204.0	79785.0	0.2173319068389433	0.462957119315592	0.9998841793976919	0.8580047102345438	0.14199528976545617	0.14199528976545614	HG003	hg38_m_giabHC	-1	-2	sent	sentd
Irl1-HG003-3x-100bp-0-DBC23-PCR-FREE-ILMN-NOVASEQ-sent-sentd-INS_gt50	INS_gt50	Irl1-HG003-3x-100bp-0-DBC23-PCR-FREE-ILMN-NOVASEQ	688815815.0	688815578.0	231.0	6.0	175.0	0.028708133971291867	0.02531645569620253	0.9999997459407698	0.9668508287292817	0.03314917127071826	0.03314917127071823	HG003	hg38_m_giabHC	-1	-2	sent	sentd
Irl1-HG003-3x-100bp-0-DBC23-PCR-FREE-ILMN-NOVASEQ-sent-sentd-DEL_50	DEL_50	Irl1-HG003-3x-100bp-0-DBC23-PCR-FREE-ILMN-NOVASEQ	688815815.0	688786908.0	14637.0	14270.0	85599.0	0.22162514754302048	0.4936520565952883	0.9998757404321842	0.8571128177913067	0.14288718220869334	0.1428871822086934	HG003	hg38_m_giabHC	-1	-2	sent	sentd
Irl1-HG003-3x-100bp-0-DBC23-PCR-FREE-ILMN-NOVASEQ-sent-sentd-DEL_gt50	DEL_gt50	Irl1-HG003-3x-100bp-0-DBC23-PCR-FREE-ILMN-NOVASEQ	688815815.0	688815677.0	116.0	22.0	454.0	0.07166123778501629	0.15942028985507245	0.99999934089813	0.9537815126050421	0.04621848739495793	0.046218487394957986	HG003	hg38_m_giabHC	-1	-2	sent	sentd
Irl1-HG003-3x-100bp-0-DBC23-PCR-FREE-ILMN-NOVASEQ-sent-sentd-Indel_50	Indel_50	Irl1-HG003-3x-100bp-0-DBC23-PCR-FREE-ILMN-NOVASEQ	688815815.0	688809663.0	4836.0	1316.0	4752.0	0.21538461538461534	0.21391417425227569	0.9999931011896724	0.7831245880026367	0.21687541199736327	0.2168754119973632	HG003	hg38_m_giabHC	-1	-2	sent	sentd
Irl1-HG003-3x-100bp-0-DBC23-PCR-FREE-ILMN-NOVASEQ-sent-sentd-Indel_gt50	Indel_gt50	Irl1-HG003-3x-100bp-0-DBC23-PCR-FREE-ILMN-NOVASEQ	688815815.0	688814959.0	769.0	87.0	69.0	0.17193675889328067	0.10163551401869159	0.9999998998279694	0.4423076923076923	0.5576923076923077	0.5576923076923077	HG003	hg38_m_giabHC	-1	-2	sent	sentd
Irl1-HG003-3x-100bp-0-DBC23-PCR-FREE-ILMN-NOVASEQ-sent-sentd-All	All	Irl1-HG003-3x-100bp-0-DBC23-PCR-FREE-ILMN-NOVASEQ	688815815.0	688647763.0	98687.0	69365.0	441240.0	0.20441843228611803	0.4127591459786257	0.9993596763290677	0.8641513498692728	0.13584865013072722	0.13584865013072728	HG003	hg38_m_giabHC	-1	-2	sent	sentd
Irl1-HG003-3x-100bp-0-DBC23-PCR-FREE-ILMN-NOVASEQ-sent-sentd-SNPts	SNPts	Irl1-HG003-3x-100bp-0-DBC23-PCR-FREE-ILMN-NOVASEQ	2799325643.0	2797071515.0	1235092.0	1019036.0	88667.0	0.6062386836221095	0.45207548107294704	0.9999683010645688	0.08004582455766573	0.9199541754423343	0.9199541754423343	HG003	ultima	-1	-2	sent	sentd
Irl1-HG003-3x-100bp-0-DBC23-PCR-FREE-ILMN-NOVASEQ-sent-sentd-SNPtv	SNPtv	Irl1-HG003-3x-100bp-0-DBC23-PCR-FREE-ILMN-NOVASEQ	2799325643.0	2798266906.0	581484.0	477253.0	52208.0	0.6009993716148743	0.45077578284314235	0.9999813430856621	0.09860594075862056	0.9013940592413794	0.9013940592413794	HG003	ultima	-1	-2	sent	sentd
Irl1-HG003-3x-100bp-0-DBC23-PCR-FREE-ILMN-NOVASEQ-sent-sentd-INS_50	INS_50	Irl1-HG003-3x-100bp-0-DBC23-PCR-FREE-ILMN-NOVASEQ	2799325643.0	2799158828.0	85789.0	81026.0	14722.0	0.6171928261026878	0.48572370590174746	0.9999947405904861	0.15375778084137529	0.8462422191586247	0.8462422191586247	HG003	ultima	-1	-2	sent	sentd
Irl1-HG003-3x-100bp-0-DBC23-PCR-FREE-ILMN-NOVASEQ-sent-sentd-INS_gt50	INS_gt50	Irl1-HG003-3x-100bp-0-DBC23-PCR-FREE-ILMN-NOVASEQ	2799325643.0	2799325547.0	95.0	1.0	32.0	0.015503875968992248	0.010416666666666666	0.9999999885686752	0.9696969696969697	0.030303030303030276	0.030303030303030304	HG003	ultima	-1	-2	sent	sentd
Irl1-HG003-3x-100bp-0-DBC23-PCR-FREE-ILMN-NOVASEQ-sent-sentd-DEL_50	DEL_50	Irl1-HG003-3x-100bp-0-DBC23-PCR-FREE-ILMN-NOVASEQ	2799325643.0	2799144348.0	94439.0	86856.0	20297.0	0.6022298646549811	0.4790865716098072	0.9999927489081301	0.1894207348371021	0.8105792651628979	0.8105792651628979	HG003	ultima	-1	-2	sent	sentd
Irl1-HG003-3x-100bp-0-DBC23-PCR-FREE-ILMN-NOVASEQ-sent-sentd-DEL_gt50	DEL_gt50	Irl1-HG003-3x-100bp-0-DBC23-PCR-FREE-ILMN-NOVASEQ	2799325643.0	2799325554.0	72.0	17.0	227.0	0.1021021021021021	0.19101123595505617	0.9999999189090454	0.930327868852459	0.069672131147541	0.06967213114754098	HG003	ultima	-1	-2	sent	sentd
Irl1-HG003-3x-100bp-0-DBC23-PCR-FREE-ILMN-NOVASEQ-sent-sentd-Indel_50	Indel_50	Irl1-HG003-3x-100bp-0-DBC23-PCR-FREE-ILMN-NOVASEQ	2799325643.0	2799315417.0	7181.0	3045.0	458.0	0.44358656857746376	0.29777038920398985	0.9999998363885962	0.13074507564944332	0.8692549243505567	0.8692549243505566	HG003	ultima	-1	-2	sent	sentd
Irl1-HG003-3x-100bp-0-DBC23-PCR-FREE-ILMN-NOVASEQ-sent-sentd-Indel_gt50	Indel_gt50	Irl1-HG003-3x-100bp-0-DBC23-PCR-FREE-ILMN-NOVASEQ	2799325643.0	2799325029.0	524.0	90.0	22.0	0.24793388429752067	0.1465798045602606	0.9999999921409627	0.19642857142857142	0.8035714285714286	0.8035714285714286	HG003	ultima	-1	-2	sent	sentd
Irl1-HG003-3x-100bp-0-DBC23-PCR-FREE-ILMN-NOVASEQ-sent-sentd-All	All	Irl1-HG003-3x-100bp-0-DBC23-PCR-FREE-ILMN-NOVASEQ	2799325643.0	2795653643.0	2004676.0	1667324.0	176633.0	0.604545684456931	0.45406427015250544	0.9999368227028957	0.09579019467373696	0.904209805326263	0.904209805326263	HG003	ultima	-1	-2	sent	sentd
Irl1-HG003-3x-100bp-0-DBC23-PCR-FREE-ILMN-NOVASEQ-sent-sentd-SNPts	SNPts	Irl1-HG003-3x-100bp-0-DBC23-PCR-FREE-ILMN-NOVASEQ	3088286401.0	3085963412.0	1283775.0	1039214.0	170264.0	0.5883786033953042	0.44736070640024556	0.9999448293502889	0.14077478052515216	0.8592252194748479	0.8592252194748479	HG003	hg38	-1	-2	sent	sentd
Irl1-HG003-3x-100bp-0-DBC23-PCR-FREE-ILMN-NOVASEQ-sent-sentd-SNPtv	SNPtv	Irl1-HG003-3x-100bp-0-DBC23-PCR-FREE-ILMN-NOVASEQ	3088286401.0	3087179158.0	613913.0	493330.0	114536.0	0.5752753906603021	0.44554808655371947	0.9999629008408812	0.18842310640832025	0.8115768935916797	0.8115768935916797	HG003	hg38	-1	-2	sent	sentd
Irl1-HG003-3x-100bp-0-DBC23-PCR-FREE-ILMN-NOVASEQ-sent-sentd-INS_50	INS_50	Irl1-HG003-3x-100bp-0-DBC23-PCR-FREE-ILMN-NOVASEQ	3088286401.0	3088021776.0	129167.0	135458.0	85884.0	0.5574781826749553	0.5118866320264526	0.9999721887934439	0.38801492712634744	0.6119850728736526	0.6119850728736526	HG003	hg38	-1	-2	sent	sentd
Irl1-HG003-3x-100bp-0-DBC23-PCR-FREE-ILMN-NOVASEQ-sent-sentd-INS_gt50	INS_gt50	Irl1-HG003-3x-100bp-0-DBC23-PCR-FREE-ILMN-NOVASEQ	3088286401.0	3088286163.0	232.0	6.0	176.0	0.028571428571428574	0.025210084033613446	0.9999999430104658	0.967032967032967	0.03296703296703296	0.03296703296703297	HG003	hg38	-1	-2	sent	sentd
Irl1-HG003-3x-100bp-0-DBC23-PCR-FREE-ILMN-NOVASEQ-sent-sentd-DEL_50	DEL_50	Irl1-HG003-3x-100bp-0-DBC23-PCR-FREE-ILMN-NOVASEQ	3088286401.0	3088007168.0	133532.0	145701.0	91157.0	0.5646329813928164	0.5217900463054151	0.9999704811860225	0.3848592827770225	0.6151407172229775	0.6151407172229775	HG003	hg38	-1	-2	sent	sentd
Irl1-HG003-3x-100bp-0-DBC23-PCR-FREE-ILMN-NOVASEQ-sent-sentd-DEL_gt50	DEL_gt50	Irl1-HG003-3x-100bp-0-DBC23-PCR-FREE-ILMN-NOVASEQ	3088286401.0	3088286263.0	116.0	22.0	493.0	0.06738131699846861	0.15942028985507245	0.9999998403645649	0.9572815533980582	0.042718446601941795	0.04271844660194175	HG003	hg38	-1	-2	sent	sentd
Irl1-HG003-3x-100bp-0-DBC23-PCR-FREE-ILMN-NOVASEQ-sent-sentd-Indel_50	Indel_50	Irl1-HG003-3x-100bp-0-DBC23-PCR-FREE-ILMN-NOVASEQ	3088286401.0	3088262835.0	15884.0	7682.0	4776.0	0.4264934488119032	0.32597810404820504	0.9999984535018976	0.38336811687269223	0.6166318831273078	0.6166318831273078	HG003	hg38	-1	-2	sent	sentd
Irl1-HG003-3x-100bp-0-DBC23-PCR-FREE-ILMN-NOVASEQ-sent-sentd-Indel_gt50	Indel_gt50	Irl1-HG003-3x-100bp-0-DBC23-PCR-FREE-ILMN-NOVASEQ	3088286401.0	3088285248.0	1021.0	132.0	70.0	0.1948339483394834	0.11448395490026018	0.9999999773337005	0.3465346534653465	0.6534653465346535	0.6534653465346535	HG003	hg38	-1	-2	sent	sentd
Irl1-HG003-3x-100bp-0-DBC23-PCR-FREE-ILMN-NOVASEQ-sent-sentd-All	All	Irl1-HG003-3x-100bp-0-DBC23-PCR-FREE-ILMN-NOVASEQ	3088286401.0	3084287216.0	2177640.0	1821545.0	467356.0	0.5793638954683508	0.4554790538572234	0.9998484949161783	0.20418357980533017	0.7958164201946698	0.7958164201946698	HG003	hg38	-1	-2	sent	sentd
Irl1-HG003-3x-100bp-0-DBC23-PCR-FREE-ILMN-NOVASEQ-sent-sentd-SNPts	SNPts	Irl1-HG003-3x-100bp-0-DBC23-PCR-FREE-ILMN-NOVASEQ	332544085.0	332287264.0	135096.0	121725.0	1256.0	0.6409918852454699	0.47396825025990863	0.9999962201522942	0.01021295972548605	0.9897870402745139	0.9897870402745139	HG003	giabHC_x_ultima_x_clinvar	-1	-2	sent	sentd
Irl1-HG003-3x-100bp-0-DBC23-PCR-FREE-ILMN-NOVASEQ-sent-sentd-SNPtv	SNPtv	Irl1-HG003-3x-100bp-0-DBC23-PCR-FREE-ILMN-NOVASEQ	332544085.0	332429477.0	60343.0	54265.0	748.0	0.6398382275779532	0.47348352645539576	0.999997749903758	0.01359678621416756	0.9864032137858324	0.9864032137858324	HG003	giabHC_x_ultima_x_clinvar	-1	-2	sent	sentd
Irl1-HG003-3x-100bp-0-DBC23-PCR-FREE-ILMN-NOVASEQ-sent-sentd-INS_50	INS_50	Irl1-HG003-3x-100bp-0-DBC23-PCR-FREE-ILMN-NOVASEQ	332544085.0	332526388.0	8736.0	8961.0	201.0	0.6672623701552552	0.5063570096626547	0.9999993955370589	0.021938441388343156	0.9780615586116569	0.9780615586116569	HG003	giabHC_x_ultima_x_clinvar	-1	-2	sent	sentd
Irl1-HG003-3x-100bp-0-DBC23-PCR-FREE-ILMN-NOVASEQ-sent-sentd-INS_gt50	INS_gt50	Irl1-HG003-3x-100bp-0-DBC23-PCR-FREE-ILMN-NOVASEQ	332544085.0	332544085.0	0.0	0.0	0.0			1.0				HG003	giabHC_x_ultima_x_clinvar	-1	-2	sent	sentd
Irl1-HG003-3x-100bp-0-DBC23-PCR-FREE-ILMN-NOVASEQ-sent-sentd-DEL_50	DEL_50	Irl1-HG003-3x-100bp-0-DBC23-PCR-FREE-ILMN-NOVASEQ	332544085.0	332524851.0	9892.0	9342.0	270.0	0.6477154544824238	0.4857024019964646	0.9999991880312705	0.028089887640449437	0.9719101123595506	0.9719101123595506	HG003	giabHC_x_ultima_x_clinvar	-1	-2	sent	sentd
Irl1-HG003-3x-100bp-0-DBC23-PCR-FREE-ILMN-NOVASEQ-sent-sentd-DEL_gt50	DEL_gt50	Irl1-HG003-3x-100bp-0-DBC23-PCR-FREE-ILMN-NOVASEQ	332544085.0	332544085.0	0.0	0.0	12.0			0.9999999639145601	1.0	0.0	0.0	HG003	giabHC_x_ultima_x_clinvar	-1	-2	sent	sentd
Irl1-HG003-3x-100bp-0-DBC23-PCR-FREE-ILMN-NOVASEQ-sent-sentd-Indel_50	Indel_50	Irl1-HG003-3x-100bp-0-DBC23-PCR-FREE-ILMN-NOVASEQ	332544085.0	332543333.0	523.0	229.0	1.0	0.4663951120162933	0.3045212765957447	0.9999999969928731	0.004347826086956522	0.9956521739130435	0.9956521739130435	HG003	giabHC_x_ultima_x_clinvar	-1	-2	sent	sentd
Irl1-HG003-3x-100bp-0-DBC23-PCR-FREE-ILMN-NOVASEQ-sent-sentd-Indel_gt50	Indel_gt50	Irl1-HG003-3x-100bp-0-DBC23-PCR-FREE-ILMN-NOVASEQ	332544085.0	332544068.0	14.0	3.0	0.0	0.3	0.17647058823529413	1.0	0.0	1.0	1.0	HG003	giabHC_x_ultima_x_clinvar	-1	-2	sent	sentd
Irl1-HG003-3x-100bp-0-DBC23-PCR-FREE-ILMN-NOVASEQ-sent-sentd-All	All	Irl1-HG003-3x-100bp-0-DBC23-PCR-FREE-ILMN-NOVASEQ	332544085.0	332134956.0	214604.0	194525.0	2488.0	0.6418463000419043	0.475461284827035	0.9999925091252283	0.01262860826442925	0.9873713917355708	0.9873713917355708	HG003	giabHC_x_ultima_x_clinvar	-1	-2	sent	sentd
Irl1-HG003-3x-100bp-0-DBC23-PCR-FREE-ILMN-NOVASEQ-sent-sentd-SNPts	SNPts	Irl1-HG003-3x-100bp-0-DBC23-PCR-FREE-ILMN-NOVASEQ	2528531102.0	2526276145.0	1242241.0	1012716.0	9089.0	0.6181199611079473	0.44910656832924084	0.9999964022273187	0.008895043574850388	0.9911049564251496	0.9911049564251496	HG003	giabHC	-1	-2	sent	sentd
Irl1-HG003-3x-100bp-0-DBC23-PCR-FREE-ILMN-NOVASEQ-sent-sentd-SNPtv	SNPtv	Irl1-HG003-3x-100bp-0-DBC23-PCR-FREE-ILMN-NOVASEQ	2528531102.0	2527459051.0	592666.0	479385.0	5305.0	0.6158827961748293	0.44716622623364	0.9999979010584313	0.010945140192700488	0.9890548598072995	0.9890548598072995	HG003	giabHC	-1	-2	sent	sentd
Irl1-HG003-3x-100bp-0-DBC23-PCR-FREE-ILMN-NOVASEQ-sent-sentd-INS_50	INS_50	Irl1-HG003-3x-100bp-0-DBC23-PCR-FREE-ILMN-NOVASEQ	2528531102.0	2528295076.0	113808.0	122218.0	6098.0	0.6708971241306244	0.5178158338488132	0.9999975881037977	0.047523301848561364	0.9524766981514386	0.9524766981514386	HG003	giabHC	-1	-2	sent	sentd
Irl1-HG003-3x-100bp-0-DBC23-PCR-FREE-ILMN-NOVASEQ-sent-sentd-INS_gt50	INS_gt50	Irl1-HG003-3x-100bp-0-DBC23-PCR-FREE-ILMN-NOVASEQ	2528531102.0	2528531101.0	1.0	0.0	1.0		0.0	0.9999999996045135	1.0	0.0	0.0	HG003	giabHC	-1	-2	sent	sentd
Irl1-HG003-3x-100bp-0-DBC23-PCR-FREE-ILMN-NOVASEQ-sent-sentd-DEL_50	DEL_50	Irl1-HG003-3x-100bp-0-DBC23-PCR-FREE-ILMN-NOVASEQ	2528531102.0	2528280583.0	119010.0	131509.0	5563.0	0.6785967682428127	0.5249462116645843	0.9999977996952565	0.04058451033033734	0.9594154896696626	0.9594154896696626	HG003	giabHC	-1	-2	sent	sentd
Irl1-HG003-3x-100bp-0-DBC23-PCR-FREE-ILMN-NOVASEQ-sent-sentd-DEL_gt50	DEL_gt50	Irl1-HG003-3x-100bp-0-DBC23-PCR-FREE-ILMN-NOVASEQ	2528531102.0	2528531102.0	0.0	0.0	39.0			0.9999999845760255	1.0	0.0	0.0	HG003	giabHC	-1	-2	sent	sentd
Irl1-HG003-3x-100bp-0-DBC23-PCR-FREE-ILMN-NOVASEQ-sent-sentd-Indel_50	Indel_50	Irl1-HG003-3x-100bp-0-DBC23-PCR-FREE-ILMN-NOVASEQ	2528531102.0	2528513687.0	11048.0	6367.0	24.0	0.5349071662606065	0.36560436405397645	0.9999999905082579	0.0037552808637145987	0.9962447191362854	0.9962447191362854	HG003	giabHC	-1	-2	sent	sentd
Irl1-HG003-3x-100bp-0-DBC23-PCR-FREE-ILMN-NOVASEQ-sent-sentd-Indel_gt50	Indel_gt50	Irl1-HG003-3x-100bp-0-DBC23-PCR-FREE-ILMN-NOVASEQ	2528531102.0	2528530803.0	254.0	45.0	1.0	0.2608695652173913	0.1505016722408027	0.9999999996045135	0.021739130434782608	0.9782608695652174	0.9782608695652174	HG003	giabHC	-1	-2	sent	sentd
Irl1-HG003-3x-100bp-0-DBC23-PCR-FREE-ILMN-NOVASEQ-sent-sentd-All	All	Irl1-HG003-3x-100bp-0-DBC23-PCR-FREE-ILMN-NOVASEQ	2528531102.0	2524699834.0	2079028.0	1752240.0	26120.0	0.6247259176544326	0.4573525005298507	0.9999896543226965	0.014687689781596527	0.9853123102184035	0.9853123102184035	HG003	giabHC	-1	-2	sent	sentd
Irl1-HG003-3x-100bp-0-DBC23-PCR-FREE-ILMN-NOVASEQ-sent-sentd-SNPts	SNPts	Irl1-HG003-3x-100bp-0-DBC23-PCR-FREE-ILMN-NOVASEQ	337668665.0	337403090.0	140952.0	124623.0	1752.0	0.6359127439724455	0.4692572719570743	0.9999948074248443	0.013863501483679526	0.9861364985163205	0.9861364985163205	HG003	giabHC_x_clinvar_genes	-1	-2	sent	sentd
Irl1-HG003-3x-100bp-0-DBC23-PCR-FREE-ILMN-NOVASEQ-sent-sentd-SNPtv	SNPtv	Irl1-HG003-3x-100bp-0-DBC23-PCR-FREE-ILMN-NOVASEQ	337668665.0	337548384.0	63864.0	56417.0	1004.0	0.6349619025109452	0.46904332355068545	0.9999970256204405	0.01748489228679403	0.9825151077132059	0.9825151077132059	HG003	giabHC_x_clinvar_genes	-1	-2	sent	sentd
Irl1-HG003-3x-100bp-0-DBC23-PCR-FREE-ILMN-NOVASEQ-sent-sentd-INS_50	INS_50	Irl1-HG003-3x-100bp-0-DBC23-PCR-FREE-ILMN-NOVASEQ	337668665.0	337641649.0	12669.0	14347.0	795.0	0.6806300109113335	0.5310556707136511	0.999997645438202	0.05250297186633206	0.947497028133668	0.947497028133668	HG003	giabHC_x_clinvar_genes	-1	-2	sent	sentd
Irl1-HG003-3x-100bp-0-DBC23-PCR-FREE-ILMN-NOVASEQ-sent-sentd-INS_gt50	INS_gt50	Irl1-HG003-3x-100bp-0-DBC23-PCR-FREE-ILMN-NOVASEQ	337668665.0	337668665.0	0.0	0.0	0.0			1.0				HG003	giabHC_x_clinvar_genes	-1	-2	sent	sentd
Irl1-HG003-3x-100bp-0-DBC23-PCR-FREE-ILMN-NOVASEQ-sent-sentd-DEL_50	DEL_50	Irl1-HG003-3x-100bp-0-DBC23-PCR-FREE-ILMN-NOVASEQ	337668665.0	337639961.0	13478.0	15226.0	679.0	0.6826425160841982	0.530448717948718	0.99999798898616	0.04269097767997485	0.9573090223200251	0.9573090223200251	HG003	giabHC_x_clinvar_genes	-1	-2	sent	sentd
Irl1-HG003-3x-100bp-0-DBC23-PCR-FREE-ILMN-NOVASEQ-sent-sentd-DEL_gt50	DEL_gt50	Irl1-HG003-3x-100bp-0-DBC23-PCR-FREE-ILMN-NOVASEQ	337668665.0	337668665.0	0.0	0.0	12.0			0.9999999644622056	1.0	0.0	0.0	HG003	giabHC_x_clinvar_genes	-1	-2	sent	sentd
Irl1-HG003-3x-100bp-0-DBC23-PCR-FREE-ILMN-NOVASEQ-sent-sentd-Indel_50	Indel_50	Irl1-HG003-3x-100bp-0-DBC23-PCR-FREE-ILMN-NOVASEQ	337668665.0	337666959.0	1089.0	617.0	6.0	0.5298411335337054	0.3616647127784291	0.9999999822310127	0.009630818619582664	0.9903691813804173	0.9903691813804173	HG003	giabHC_x_clinvar_genes	-1	-2	sent	sentd
Irl1-HG003-3x-100bp-0-DBC23-PCR-FREE-ILMN-NOVASEQ-sent-sentd-Indel_gt50	Indel_gt50	Irl1-HG003-3x-100bp-0-DBC23-PCR-FREE-ILMN-NOVASEQ	337668665.0	337668639.0	21.0	5.0	0.0	0.32258064516129037	0.19230769230769232	1.0	0.0	1.0	1.0	HG003	giabHC_x_clinvar_genes	-1	-2	sent	sentd
Irl1-HG003-3x-100bp-0-DBC23-PCR-FREE-ILMN-NOVASEQ-sent-sentd-All	All	Irl1-HG003-3x-100bp-0-DBC23-PCR-FREE-ILMN-NOVASEQ	337668665.0	337225357.0	232073.0	211235.0	4248.0	0.6412807703808947	0.47649715322078556	0.9999874032411834	0.019713852136827498	0.9802861478631725	0.9802861478631725	HG003	giabHC_x_clinvar_genes	-1	-2	sent	sentd
Irl1-HG003-3x-100bp-0-DBC23-PCR-FREE-ILMN-NOVASEQ-sent-sentd-SNPts	SNPts	Irl1-HG003-3x-100bp-0-DBC23-PCR-FREE-ILMN-NOVASEQ	2505355380.0	2503152338.0	1205194.0	997848.0	6925.0	0.6221356281456382	0.45294097888283563	0.9999972334960454	0.006892103987666866	0.9931078960123332	0.9931078960123332	HG003	giabHC_x_ultima	-1	-2	sent	sentd
Irl1-HG003-3x-100bp-0-DBC23-PCR-FREE-ILMN-NOVASEQ-sent-sentd-SNPtv	SNPtv	Irl1-HG003-3x-100bp-0-DBC23-PCR-FREE-ILMN-NOVASEQ	2505355380.0	2504320929.0	567374.0	467077.0	3993.0	0.6204855329151835	0.45152162838065796	0.9999984055583343	0.008476447237140977	0.991523552762859	0.991523552762859	HG003	giabHC_x_ultima	-1	-2	sent	sentd
Irl1-HG003-3x-100bp-0-DBC23-PCR-FREE-ILMN-NOVASEQ-sent-sentd-INS_50	INS_50	Irl1-HG003-3x-100bp-0-DBC23-PCR-FREE-ILMN-NOVASEQ	2505355380.0	2505199283.0	80181.0	75916.0	1635.0	0.6498322262548792	0.48633862277942563	0.9999993473577355	0.021082900284973758	0.9789170997150263	0.9789170997150263	HG003	giabHC_x_ultima	-1	-2	sent	sentd
Irl1-HG003-3x-100bp-0-DBC23-PCR-FREE-ILMN-NOVASEQ-sent-sentd-INS_gt50	INS_gt50	Irl1-HG003-3x-100bp-0-DBC23-PCR-FREE-ILMN-NOVASEQ	2505355380.0	2505355380.0	0.0	0.0	0.0			1.0				HG003	giabHC_x_ultima	-1	-2	sent	sentd
Irl1-HG003-3x-100bp-0-DBC23-PCR-FREE-ILMN-NOVASEQ-sent-sentd-DEL_50	DEL_50	Irl1-HG003-3x-100bp-0-DBC23-PCR-FREE-ILMN-NOVASEQ	2505355380.0	2505186759.0	87871.0	80750.0	2153.0	0.642085844690765	0.47888459918989923	0.999999140583774	0.025970109646213043	0.974029890353787	0.974029890353787	HG003	giabHC_x_ultima	-1	-2	sent	sentd
Irl1-HG003-3x-100bp-0-DBC23-PCR-FREE-ILMN-NOVASEQ-sent-sentd-DEL_gt50	DEL_gt50	Irl1-HG003-3x-100bp-0-DBC23-PCR-FREE-ILMN-NOVASEQ	2505355380.0	2505355380.0	0.0	0.0	39.0			0.9999999844333464	1.0	0.0	0.0	HG003	giabHC_x_ultima	-1	-2	sent	sentd
Irl1-HG003-3x-100bp-0-DBC23-PCR-FREE-ILMN-NOVASEQ-sent-sentd-Indel_50	Indel_50	Irl1-HG003-3x-100bp-0-DBC23-PCR-FREE-ILMN-NOVASEQ	2505355380.0	2505347370.0	5443.0	2567.0	5.0	0.4851634851634852	0.3204744069912609	0.9999999980042688	0.0019440124416796269	0.9980559875583204	0.9980559875583204	HG003	giabHC_x_ultima	-1	-2	sent	sentd
Irl1-HG003-3x-100bp-0-DBC23-PCR-FREE-ILMN-NOVASEQ-sent-sentd-Indel_gt50	Indel_gt50	Irl1-HG003-3x-100bp-0-DBC23-PCR-FREE-ILMN-NOVASEQ	2505355380.0	2505355154.0	191.0	35.0	1.0	0.2671755725190839	0.15486725663716813	0.999999999600855	0.027777777777777776	0.9722222222222222	0.9722222222222222	HG003	giabHC_x_ultima	-1	-2	sent	sentd
Irl1-HG003-3x-100bp-0-DBC23-PCR-FREE-ILMN-NOVASEQ-sent-sentd-All	All	Irl1-HG003-3x-100bp-0-DBC23-PCR-FREE-ILMN-NOVASEQ	2505355380.0	2501784933.0	1946254.0	1624193.0	14751.0	0.6235634837162347	0.4548990644588759	0.9999941038444867	0.009000307515082883	0.9909996924849171	0.9909996924849171	HG003	giabHC_x_ultima	-1	-2	sent	sentd
Irl1-HG003-3x-100bp-0-DBC23-PCR-FREE-ILMN-NOVASEQ-sent-sentd-SNPts	SNPts	Irl1-HG003-3x-100bp-0-DBC23-PCR-FREE-ILMN-NOVASEQ	377862616.0	377589359.0	145545.0	127712.0	20762.0	0.6056562121352236	0.4673695458853753	0.9999450173635573	0.13983593087005133	0.8601640691299487	0.8601640691299487	HG003	clinvar_genes	-1	-2	sent	sentd
Irl1-HG003-3x-100bp-0-DBC23-PCR-FREE-ILMN-NOVASEQ-sent-sentd-SNPtv	SNPtv	Irl1-HG003-3x-100bp-0-DBC23-PCR-FREE-ILMN-NOVASEQ	377862616.0	377738251.0	66291.0	58074.0	12336.0	0.5963188294185598	0.46696417802436374	0.9999673435318844	0.1752023860247124	0.8247976139752876	0.8247976139752876	HG003	clinvar_genes	-1	-2	sent	sentd
Irl1-HG003-3x-100bp-0-DBC23-PCR-FREE-ILMN-NOVASEQ-sent-sentd-INS_50	INS_50	Irl1-HG003-3x-100bp-0-DBC23-PCR-FREE-ILMN-NOVASEQ	377862616.0	377832613.0	14261.0	15742.0	9745.0	0.5673815101820147	0.5246808652468087	0.9999742088207061	0.38235178718562407	0.6176482128143759	0.617648212814376	HG003	clinvar_genes	-1	-2	sent	sentd
Irl1-HG003-3x-100bp-0-DBC23-PCR-FREE-ILMN-NOVASEQ-sent-sentd-INS_gt50	INS_gt50	Irl1-HG003-3x-100bp-0-DBC23-PCR-FREE-ILMN-NOVASEQ	377862616.0	377862586.0	29.0	1.0	27.0	0.03448275862068965	0.03333333333333333	0.9999999285454578	0.9642857142857143	0.0357142857142857	0.03571428571428571	HG003	clinvar_genes	-1	-2	sent	sentd
Irl1-HG003-3x-100bp-0-DBC23-PCR-FREE-ILMN-NOVASEQ-sent-sentd-DEL_50	DEL_50	Irl1-HG003-3x-100bp-0-DBC23-PCR-FREE-ILMN-NOVASEQ	377862616.0	377830901.0	14989.0	16726.0	10166.0	0.5707850598051427	0.5273845183667034	0.9999730945074851	0.3780306410828499	0.6219693589171501	0.6219693589171501	HG003	clinvar_genes	-1	-2	sent	sentd
Irl1-HG003-3x-100bp-0-DBC23-PCR-FREE-ILMN-NOVASEQ-sent-sentd-DEL_gt50	DEL_gt50	Irl1-HG003-3x-100bp-0-DBC23-PCR-FREE-ILMN-NOVASEQ	377862616.0	377862598.0	16.0	2.0	76.0	0.041666666666666664	0.1111111111111111	0.9999997988687287	0.9743589743589743	0.02564102564102566	0.02564102564102564	HG003	clinvar_genes	-1	-2	sent	sentd
Irl1-HG003-3x-100bp-0-DBC23-PCR-FREE-ILMN-NOVASEQ-sent-sentd-Indel_50	Indel_50	Irl1-HG003-3x-100bp-0-DBC23-PCR-FREE-ILMN-NOVASEQ	377862616.0	377860323.0	1567.0	726.0	556.0	0.4061538461538462	0.31661578717836897	0.9999985285589726	0.43369734789391573	0.5663026521060843	0.5663026521060842	HG003	clinvar_genes	-1	-2	sent	sentd
Irl1-HG003-3x-100bp-0-DBC23-PCR-FREE-ILMN-NOVASEQ-sent-sentd-Indel_gt50	Indel_gt50	Irl1-HG003-3x-100bp-0-DBC23-PCR-FREE-ILMN-NOVASEQ	377862616.0	377862485.0	115.0	16.0	9.0	0.20512820512820512	0.12213740458015267	0.9999999761818118	0.36	0.64	0.64	HG003	clinvar_genes	-1	-2	sent	sentd
Irl1-HG003-3x-100bp-0-DBC23-PCR-FREE-ILMN-NOVASEQ-sent-sentd-All	All	Irl1-HG003-3x-100bp-0-DBC23-PCR-FREE-ILMN-NOVASEQ	377862616.0	377400804.0	242813.0	218999.0	53677.0	0.5963310496563592	0.4742167808545469	0.9998577921240787	0.19685267496956094	0.8031473250304391	0.8031473250304391	HG003	clinvar_genes	-1	-2	sent	sentd
Irl1-HG003-3x-150bp-0-DBC20-PCR-FREE-ILMN-NOVASEQ-sent-sentd-SNPts	SNPts	Irl1-HG003-3x-150bp-0-DBC20-PCR-FREE-ILMN-NOVASEQ	2505355380.0	2503152241.0	780154.0	1422985.0	9806.0	0.7827350911596207	0.645889796331507	0.9999960825548583	0.006843984921736666	0.9931560150782633	0.9931560150782633	HG003	giabHC_x_ultima	-1	-2	sent	sentd
Irl1-HG003-3x-150bp-0-DBC20-PCR-FREE-ILMN-NOVASEQ-sent-sentd-SNPtv	SNPtv	Irl1-HG003-3x-150bp-0-DBC20-PCR-FREE-ILMN-NOVASEQ	2505355380.0	2504320830.0	368892.0	665658.0	5300.0	0.7805979215576825	0.6434275772074816	0.999997883662221	0.007899153151165945	0.992100846848834	0.992100846848834	HG003	giabHC_x_ultima	-1	-2	sent	sentd
Irl1-HG003-3x-150bp-0-DBC20-PCR-FREE-ILMN-NOVASEQ-sent-sentd-INS_50	INS_50	Irl1-HG003-3x-150bp-0-DBC20-PCR-FREE-ILMN-NOVASEQ	2505355380.0	2505199139.0	51021.0	105220.0	1712.0	0.799626101461776	0.6734467905351348	0.9999993166216595	0.01601017469045749	0.9839898253095425	0.9839898253095425	HG003	giabHC_x_ultima	-1	-2	sent	sentd
Irl1-HG003-3x-150bp-0-DBC20-PCR-FREE-ILMN-NOVASEQ-sent-sentd-INS_gt50	INS_gt50	Irl1-HG003-3x-150bp-0-DBC20-PCR-FREE-ILMN-NOVASEQ	2505355380.0	2505355380.0	0.0	0.0	0.0			1.0				HG003	giabHC_x_ultima	-1	-2	sent	sentd
Irl1-HG003-3x-150bp-0-DBC20-PCR-FREE-ILMN-NOVASEQ-sent-sentd-DEL_50	DEL_50	Irl1-HG003-3x-150bp-0-DBC20-PCR-FREE-ILMN-NOVASEQ	2505355380.0	2505186631.0	57066.0	111683.0	1929.0	0.7910653383434681	0.6618291071354497	0.9999992299980804	0.016978840263352463	0.9830211597366475	0.9830211597366475	HG003	giabHC_x_ultima	-1	-2	sent	sentd
Irl1-HG003-3x-150bp-0-DBC20-PCR-FREE-ILMN-NOVASEQ-sent-sentd-DEL_gt50	DEL_gt50	Irl1-HG003-3x-150bp-0-DBC20-PCR-FREE-ILMN-NOVASEQ	2505355380.0	2505355380.0	0.0	0.0	44.0			0.9999999824376216	1.0	0.0	0.0	HG003	giabHC_x_ultima	-1	-2	sent	sentd
Irl1-HG003-3x-150bp-0-DBC20-PCR-FREE-ILMN-NOVASEQ-sent-sentd-Indel_50	Indel_50	Irl1-HG003-3x-150bp-0-DBC20-PCR-FREE-ILMN-NOVASEQ	2505355380.0	2505347487.0	2617.0	5276.0	7.0	0.8008500303582271	0.6684403902191816	0.9999999972059764	0.0013250047321597578	0.9986749952678402	0.9986749952678402	HG003	giabHC_x_ultima	-1	-2	sent	sentd
Irl1-HG003-3x-150bp-0-DBC20-PCR-FREE-ILMN-NOVASEQ-sent-sentd-Indel_gt50	Indel_gt50	Irl1-HG003-3x-150bp-0-DBC20-PCR-FREE-ILMN-NOVASEQ	2505355380.0	2505355181.0	90.0	109.0	0.0	0.7077922077922079	0.5477386934673367	1.0	0.0	1.0	1.0	HG003	giabHC_x_ultima	-1	-2	sent	sentd
Irl1-HG003-3x-150bp-0-DBC20-PCR-FREE-ILMN-NOVASEQ-sent-sentd-All	All	Irl1-HG003-3x-150bp-0-DBC20-PCR-FREE-ILMN-NOVASEQ	2505355380.0	2501784609.0	1259840.0	2310931.0	18798.0	0.783300059317007	0.647179838751911	0.9999924862201612	0.008068749627102552	0.9919312503728974	0.9919312503728974	HG003	giabHC_x_ultima	-1	-2	sent	sentd
Irl1-HG003-3x-150bp-0-DBC20-PCR-FREE-ILMN-NOVASEQ-sent-sentd-SNPts	SNPts	Irl1-HG003-3x-150bp-0-DBC20-PCR-FREE-ILMN-NOVASEQ	688815815.0	688747854.0	30708.0	37253.0	220948.0	0.22843249673475144	0.5481526169420697	0.999679306233666	0.8557209305928327	0.14427906940716728	0.14427906940716728	HG003	hg38_m_giabHC	-1	-2	sent	sentd
Irl1-HG003-3x-150bp-0-DBC20-PCR-FREE-ILMN-NOVASEQ-sent-sentd-SNPtv	SNPtv	Irl1-HG003-3x-150bp-0-DBC20-PCR-FREE-ILMN-NOVASEQ	688815815.0	688780671.0	15706.0	19438.0	149515.0	0.19047805700230772	0.553095834281812	0.9997829751068564	0.8849502524370683	0.11504974756293174	0.11504974756293171	HG003	hg38_m_giabHC	-1	-2	sent	sentd
Irl1-HG003-3x-150bp-0-DBC20-PCR-FREE-ILMN-NOVASEQ-sent-sentd-INS_50	INS_50	Irl1-HG003-3x-150bp-0-DBC20-PCR-FREE-ILMN-NOVASEQ	688815815.0	688786938.0	10888.0	17989.0	106023.0	0.2353210499120277	0.6229525227689857	0.9998460965549044	0.8549414572783279	0.14505854272167207	0.1450585427216721	HG003	hg38_m_giabHC	-1	-2	sent	sentd
Irl1-HG003-3x-150bp-0-DBC20-PCR-FREE-ILMN-NOVASEQ-sent-sentd-INS_gt50	INS_gt50	Irl1-HG003-3x-150bp-0-DBC20-PCR-FREE-ILMN-NOVASEQ	688815815.0	688815578.0	212.0	25.0	443.0	0.07092198581560284	0.10548523206751055	0.9999993568674559	0.9465811965811965	0.05341880341880345	0.053418803418803416	HG003	hg38_m_giabHC	-1	-2	sent	sentd
Irl1-HG003-3x-150bp-0-DBC20-PCR-FREE-ILMN-NOVASEQ-sent-sentd-DEL_50	DEL_50	Irl1-HG003-3x-150bp-0-DBC20-PCR-FREE-ILMN-NOVASEQ	688815815.0	688786438.0	10297.0	19080.0	111171.0	0.23905580474603452	0.6494876944548457	0.9998386247846593	0.8535136006633346	0.1464863993366654	0.14648639933666535	HG003	hg38_m_giabHC	-1	-2	sent	sentd
Irl1-HG003-3x-150bp-0-DBC20-PCR-FREE-ILMN-NOVASEQ-sent-sentd-DEL_gt50	DEL_gt50	Irl1-HG003-3x-150bp-0-DBC20-PCR-FREE-ILMN-NOVASEQ	688815815.0	688815677.0	95.0	43.0	873.0	0.08159392789373814	0.3115942028985507	0.9999987326088492	0.9530567685589519	0.04694323144104806	0.04694323144104803	HG003	hg38_m_giabHC	-1	-2	sent	sentd
Irl1-HG003-3x-150bp-0-DBC20-PCR-FREE-ILMN-NOVASEQ-sent-sentd-Indel_50	Indel_50	Irl1-HG003-3x-150bp-0-DBC20-PCR-FREE-ILMN-NOVASEQ	688815815.0	688810222.0	2819.0	2774.0	9111.0	0.3174276232978602	0.4959771142499553	0.9999867730193339	0.766596550273454	0.23340344972654603	0.23340344972654606	HG003	hg38_m_giabHC	-1	-2	sent	sentd
Irl1-HG003-3x-150bp-0-DBC20-PCR-FREE-ILMN-NOVASEQ-sent-sentd-Indel_gt50	Indel_gt50	Irl1-HG003-3x-150bp-0-DBC20-PCR-FREE-ILMN-NOVASEQ	688815815.0	688815109.0	467.0	239.0	317.0	0.3787638668779715	0.3385269121813031	0.999999539789633	0.5701438848920863	0.42985611510791366	0.42985611510791366	HG003	hg38_m_giabHC	-1	-2	sent	sentd
Irl1-HG003-3x-150bp-0-DBC20-PCR-FREE-ILMN-NOVASEQ-sent-sentd-All	All	Irl1-HG003-3x-150bp-0-DBC20-PCR-FREE-ILMN-NOVASEQ	688815815.0	688647782.0	71192.0	96841.0	598401.0	0.22435724421534275	0.5763213178363774	0.9991318036794989	0.8607089330046228	0.1392910669953772	0.13929106699537716	HG003	hg38_m_giabHC	-1	-2	sent	sentd
Irl1-HG003-3x-150bp-0-DBC20-PCR-FREE-ILMN-NOVASEQ-sent-sentd-SNPts	SNPts	Irl1-HG003-3x-150bp-0-DBC20-PCR-FREE-ILMN-NOVASEQ	2528531102.0	2526276148.0	807996.0	1446958.0	13288.0	0.7789394918173989	0.6416796085419038	0.9999947401117977	0.009099836602873763	0.9909001633971263	0.9909001633971263	HG003	giabHC	-1	-2	sent	sentd
Irl1-HG003-3x-150bp-0-DBC20-PCR-FREE-ILMN-NOVASEQ-sent-sentd-SNPtv	SNPtv	Irl1-HG003-3x-150bp-0-DBC20-PCR-FREE-ILMN-NOVASEQ	2528531102.0	2527459018.0	387427.0	684657.0	7276.0	0.7762476211963945	0.6386225333089571	0.9999971212276827	0.01051546898326861	0.9894845310167314	0.9894845310167314	HG003	giabHC	-1	-2	sent	sentd
Irl1-HG003-3x-150bp-0-DBC20-PCR-FREE-ILMN-NOVASEQ-sent-sentd-INS_50	INS_50	Irl1-HG003-3x-150bp-0-DBC20-PCR-FREE-ILMN-NOVASEQ	2528531102.0	2528295109.0	73315.0	162678.0	6318.0	0.803369968073207	0.6893340056696597	0.9999975010890978	0.03738550024852659	0.9626144997514734	0.9626144997514734	HG003	giabHC	-1	-2	sent	sentd
Irl1-HG003-3x-150bp-0-DBC20-PCR-FREE-ILMN-NOVASEQ-sent-sentd-INS_gt50	INS_gt50	Irl1-HG003-3x-150bp-0-DBC20-PCR-FREE-ILMN-NOVASEQ	2528531102.0	2528531101.0	1.0	0.0	0.0		0.0	1.0				HG003	giabHC	-1	-2	sent	sentd
Irl1-HG003-3x-150bp-0-DBC20-PCR-FREE-ILMN-NOVASEQ-sent-sentd-DEL_50	DEL_50	Irl1-HG003-3x-150bp-0-DBC20-PCR-FREE-ILMN-NOVASEQ	2528531102.0	2528280708.0	78410.0	171984.0	4778.0	0.8052514772120724	0.6868535188542857	0.9999981101817709	0.02703069664294362	0.9729693033570563	0.9729693033570563	HG003	giabHC	-1	-2	sent	sentd
Irl1-HG003-3x-150bp-0-DBC20-PCR-FREE-ILMN-NOVASEQ-sent-sentd-DEL_gt50	DEL_gt50	Irl1-HG003-3x-150bp-0-DBC20-PCR-FREE-ILMN-NOVASEQ	2528531102.0	2528531102.0	0.0	0.0	45.0			0.9999999822031063	1.0	0.0	0.0	HG003	giabHC	-1	-2	sent	sentd
Irl1-HG003-3x-150bp-0-DBC20-PCR-FREE-ILMN-NOVASEQ-sent-sentd-Indel_50	Indel_50	Irl1-HG003-3x-150bp-0-DBC20-PCR-FREE-ILMN-NOVASEQ	2528531102.0	2528513472.0	5644.0	11986.0	29.0	0.808635520323832	0.6798638684061259	0.9999999885308107	0.0024136496046608404	0.9975863503953392	0.9975863503953392	HG003	giabHC	-1	-2	sent	sentd
Irl1-HG003-3x-150bp-0-DBC20-PCR-FREE-ILMN-NOVASEQ-sent-sentd-Indel_gt50	Indel_gt50	Irl1-HG003-3x-150bp-0-DBC20-PCR-FREE-ILMN-NOVASEQ	2528531102.0	2528530833.0	134.0	135.0	0.0	0.6683168316831682	0.5018587360594795	1.0	0.0	1.0	1.0	HG003	giabHC	-1	-2	sent	sentd
Irl1-HG003-3x-150bp-0-DBC20-PCR-FREE-ILMN-NOVASEQ-sent-sentd-All	All	Irl1-HG003-3x-150bp-0-DBC20-PCR-FREE-ILMN-NOVASEQ	2528531102.0	2524699777.0	1352927.0	2478398.0	31734.0	0.7816493906684222	0.6468775162639557	0.9999874307426901	0.012642363031107528	0.9873576369688924	0.9873576369688924	HG003	giabHC	-1	-2	sent	sentd
Irl1-HG003-3x-150bp-0-DBC20-PCR-FREE-ILMN-NOVASEQ-sent-sentd-SNPts	SNPts	Irl1-HG003-3x-150bp-0-DBC20-PCR-FREE-ILMN-NOVASEQ	3088286401.0	3085963502.0	838704.0	1484195.0	234236.0	0.7345081940846205	0.6389408235140658	0.9999241020764431	0.13630806241274745	0.8636919375872525	0.8636919375872526	HG003	hg38	-1	-2	sent	sentd
Irl1-HG003-3x-150bp-0-DBC20-PCR-FREE-ILMN-NOVASEQ-sent-sentd-SNPtv	SNPtv	Irl1-HG003-3x-150bp-0-DBC20-PCR-FREE-ILMN-NOVASEQ	3088286401.0	3087179178.0	403133.0	704090.0	156791.0	0.7155008068679297	0.6359062266589477	0.99994921479179	0.18212854041383186	0.8178714595861681	0.8178714595861681	HG003	hg38	-1	-2	sent	sentd
Irl1-HG003-3x-150bp-0-DBC20-PCR-FREE-ILMN-NOVASEQ-sent-sentd-INS_50	INS_50	Irl1-HG003-3x-150bp-0-DBC20-PCR-FREE-ILMN-NOVASEQ	3088286401.0	3088021456.0	84233.0	180712.0	112342.0	0.6477144224272804	0.6820736379248523	0.9999636213948785	0.3833491438437967	0.6166508561562033	0.6166508561562033	HG003	hg38	-1	-2	sent	sentd
Irl1-HG003-3x-150bp-0-DBC20-PCR-FREE-ILMN-NOVASEQ-sent-sentd-INS_gt50	INS_gt50	Irl1-HG003-3x-150bp-0-DBC20-PCR-FREE-ILMN-NOVASEQ	3088286401.0	3088286163.0	213.0	25.0	443.0	0.0708215297450425	0.10504201680672269	0.9999998565547643	0.9465811965811965	0.05341880341880345	0.053418803418803416	HG003	hg38	-1	-2	sent	sentd
Irl1-HG003-3x-150bp-0-DBC20-PCR-FREE-ILMN-NOVASEQ-sent-sentd-DEL_50	DEL_50	Irl1-HG003-3x-150bp-0-DBC20-PCR-FREE-ILMN-NOVASEQ	3088286401.0	3088006823.0	88620.0	190958.0	115939.0	0.651205933756767	0.6830222692772678	0.9999624564795718	0.37777821223407204	0.622221787765928	0.622221787765928	HG003	hg38	-1	-2	sent	sentd
Irl1-HG003-3x-150bp-0-DBC20-PCR-FREE-ILMN-NOVASEQ-sent-sentd-DEL_gt50	DEL_gt50	Irl1-HG003-3x-150bp-0-DBC20-PCR-FREE-ILMN-NOVASEQ	3088286401.0	3088286263.0	95.0	43.0	918.0	0.07825295723384894	0.3115942028985507	0.9999997027478514	0.9552549427679501	0.04474505723204991	0.044745057232049947	HG003	hg38	-1	-2	sent	sentd
Irl1-HG003-3x-150bp-0-DBC20-PCR-FREE-ILMN-NOVASEQ-sent-sentd-Indel_50	Indel_50	Irl1-HG003-3x-150bp-0-DBC20-PCR-FREE-ILMN-NOVASEQ	3088286401.0	3088263179.0	8462.0	14760.0	9140.0	0.626458978820933	0.6356041684609423	0.9999970404164349	0.38242677824267785	0.6175732217573222	0.6175732217573222	HG003	hg38	-1	-2	sent	sentd
Irl1-HG003-3x-150bp-0-DBC20-PCR-FREE-ILMN-NOVASEQ-sent-sentd-Indel_gt50	Indel_gt50	Irl1-HG003-3x-150bp-0-DBC20-PCR-FREE-ILMN-NOVASEQ	3088286401.0	3088285428.0	599.0	374.0	317.0	0.4495192307692308	0.38437821171634123	0.9999998973540578	0.45875542691751087	0.5412445730824891	0.5412445730824892	HG003	hg38	-1	-2	sent	sentd
Irl1-HG003-3x-150bp-0-DBC20-PCR-FREE-ILMN-NOVASEQ-sent-sentd-All	All	Irl1-HG003-3x-150bp-0-DBC20-PCR-FREE-ILMN-NOVASEQ	3088286401.0	3084287185.0	1424059.0	2575157.0	630126.0	0.7148746914948562	0.6439154574296562	0.9997957397438975	0.1965898174981741	0.8034101825018258	0.8034101825018259	HG003	hg38	-1	-2	sent	sentd
Irl1-HG003-3x-150bp-0-DBC20-PCR-FREE-ILMN-NOVASEQ-sent-sentd-SNPts	SNPts	Irl1-HG003-3x-150bp-0-DBC20-PCR-FREE-ILMN-NOVASEQ	2799325643.0	2797071414.0	801660.0	1452569.0	119905.0	0.7591751959846376	0.6443750834542542	0.9999571337866003	0.07625245314071966	0.9237475468592804	0.9237475468592804	HG003	ultima	-1	-2	sent	sentd
Irl1-HG003-3x-150bp-0-DBC20-PCR-FREE-ILMN-NOVASEQ-sent-sentd-SNPtv	SNPtv	Irl1-HG003-3x-150bp-0-DBC20-PCR-FREE-ILMN-NOVASEQ	2799325643.0	2798266802.0	379070.0	679771.0	67416.0	0.7527801340843	0.6419953515211444	0.9999759085245907	0.09022640918538465	0.9097735908146154	0.9097735908146154	HG003	ultima	-1	-2	sent	sentd
Irl1-HG003-3x-150bp-0-DBC20-PCR-FREE-ILMN-NOVASEQ-sent-sentd-INS_50	INS_50	Irl1-HG003-3x-150bp-0-DBC20-PCR-FREE-ILMN-NOVASEQ	2799325643.0	2799158559.0	54788.0	112296.0	20250.0	0.7495644628374997	0.6720930789303584	0.9999927657354597	0.15277714906523018	0.8472228509347698	0.8472228509347698	HG003	ultima	-1	-2	sent	sentd
Irl1-HG003-3x-150bp-0-DBC20-PCR-FREE-ILMN-NOVASEQ-sent-sentd-INS_gt50	INS_gt50	Irl1-HG003-3x-150bp-0-DBC20-PCR-FREE-ILMN-NOVASEQ	2799325643.0	2799325546.0	88.0	9.0	86.0	0.09374999999999999	0.09278350515463918	0.9999999692783151	0.9052631578947369	0.09473684210526312	0.09473684210526316	HG003	ultima	-1	-2	sent	sentd
Irl1-HG003-3x-150bp-0-DBC20-PCR-FREE-ILMN-NOVASEQ-sent-sentd-DEL_50	DEL_50	Irl1-HG003-3x-150bp-0-DBC20-PCR-FREE-ILMN-NOVASEQ	2799325643.0	2799143960.0	61561.0	120122.0	26500.0	0.7317707619439241	0.6611625743740471	0.9999905329095249	0.18073686077123488	0.8192631392287651	0.8192631392287651	HG003	ultima	-1	-2	sent	sentd
Irl1-HG003-3x-150bp-0-DBC20-PCR-FREE-ILMN-NOVASEQ-sent-sentd-DEL_gt50	DEL_gt50	Irl1-HG003-3x-150bp-0-DBC20-PCR-FREE-ILMN-NOVASEQ	2799325643.0	2799325554.0	60.0	29.0	365.0	0.12008281573498965	0.3258426966292135	0.999999869611467	0.9263959390862944	0.07360406091370564	0.07360406091370558	HG003	ultima	-1	-2	sent	sentd
Irl1-HG003-3x-150bp-0-DBC20-PCR-FREE-ILMN-NOVASEQ-sent-sentd-Indel_50	Indel_50	Irl1-HG003-3x-150bp-0-DBC20-PCR-FREE-ILMN-NOVASEQ	2799325643.0	2799315752.0	3480.0	6411.0	912.0	0.7448588358313001	0.6481649984834699	0.9999996742062047	0.12453912331011881	0.8754608766898812	0.8754608766898812	HG003	ultima	-1	-2	sent	sentd
Irl1-HG003-3x-150bp-0-DBC20-PCR-FREE-ILMN-NOVASEQ-sent-sentd-Indel_gt50	Indel_gt50	Irl1-HG003-3x-150bp-0-DBC20-PCR-FREE-ILMN-NOVASEQ	2799325643.0	2799325127.0	258.0	258.0	97.0	0.5924225028702641	0.5	0.9999999653487922	0.27323943661971833	0.7267605633802816	0.7267605633802817	HG003	ultima	-1	-2	sent	sentd
Irl1-HG003-3x-150bp-0-DBC20-PCR-FREE-ILMN-NOVASEQ-sent-sentd-All	All	Irl1-HG003-3x-150bp-0-DBC20-PCR-FREE-ILMN-NOVASEQ	2799325643.0	2795653213.0	1300965.0	2371465.0	235531.0	0.7553126671132043	0.6457481830831356	0.9999157580928406	0.09034574659876732	0.9096542534012326	0.9096542534012327	HG003	ultima	-1	-2	sent	sentd
Irl1-HG003-3x-150bp-0-DBC20-PCR-FREE-ILMN-NOVASEQ-sent-sentd-SNPts	SNPts	Irl1-HG003-3x-150bp-0-DBC20-PCR-FREE-ILMN-NOVASEQ	377862616.0	377589370.0	93280.0	179966.0	28510.0	0.7471778328579555	0.6586226330852053	0.999924500397068	0.13675435062069494	0.863245649379305	0.863245649379305	HG003	clinvar_genes	-1	-2	sent	sentd
Irl1-HG003-3x-150bp-0-DBC20-PCR-FREE-ILMN-NOVASEQ-sent-sentd-SNPtv	SNPtv	Irl1-HG003-3x-150bp-0-DBC20-PCR-FREE-ILMN-NOVASEQ	377862616.0	377738267.0	42650.0	81699.0	16697.0	0.733565287660778	0.6570137274927824	0.9999557993895747	0.16969185739257694	0.830308142607423	0.830308142607423	HG003	clinvar_genes	-1	-2	sent	sentd
Irl1-HG003-3x-150bp-0-DBC20-PCR-FREE-ILMN-NOVASEQ-sent-sentd-INS_50	INS_50	Irl1-HG003-3x-150bp-0-DBC20-PCR-FREE-ILMN-NOVASEQ	377862616.0	377832575.0	9168.0	20873.0	12608.0	0.6571896350870565	0.6948170833194633	0.9999666318360872	0.3765717869836624	0.6234282130163376	0.6234282130163377	HG003	clinvar_genes	-1	-2	sent	sentd
Irl1-HG003-3x-150bp-0-DBC20-PCR-FREE-ILMN-NOVASEQ-sent-sentd-INS_gt50	INS_gt50	Irl1-HG003-3x-150bp-0-DBC20-PCR-FREE-ILMN-NOVASEQ	377862616.0	377862586.0	28.0	2.0	61.0	0.04301075268817204	0.06666666666666667	0.9999998385656786	0.9682539682539683	0.031746031746031744	0.031746031746031744	HG003	clinvar_genes	-1	-2	sent	sentd
Irl1-HG003-3x-150bp-0-DBC20-PCR-FREE-ILMN-NOVASEQ-sent-sentd-DEL_50	DEL_50	Irl1-HG003-3x-150bp-0-DBC20-PCR-FREE-ILMN-NOVASEQ	377862616.0	377830874.0	9802.0	21940.0	12708.0	0.6609429130893207	0.691197782118329	0.9999663670349176	0.3667744169937659	0.6332255830062341	0.6332255830062341	HG003	clinvar_genes	-1	-2	sent	sentd
Irl1-HG003-3x-150bp-0-DBC20-PCR-FREE-ILMN-NOVASEQ-sent-sentd-DEL_gt50	DEL_gt50	Irl1-HG003-3x-150bp-0-DBC20-PCR-FREE-ILMN-NOVASEQ	377862616.0	377862598.0	14.0	4.0	133.0	0.051612903225806445	0.2222222222222222	0.9999996480203284	0.9708029197080292	0.029197080291970767	0.029197080291970802	HG003	clinvar_genes	-1	-2	sent	sentd
Irl1-HG003-3x-150bp-0-DBC20-PCR-FREE-ILMN-NOVASEQ-sent-sentd-Indel_50	Indel_50	Irl1-HG003-3x-150bp-0-DBC20-PCR-FREE-ILMN-NOVASEQ	377862616.0	377860348.0	832.0	1436.0	1044.0	0.6048862679022746	0.6331569664902998	0.9999972370821097	0.42096774193548386	0.5790322580645162	0.5790322580645161	HG003	clinvar_genes	-1	-2	sent	sentd
Irl1-HG003-3x-150bp-0-DBC20-PCR-FREE-ILMN-NOVASEQ-sent-sentd-Indel_gt50	Indel_gt50	Irl1-HG003-3x-150bp-0-DBC20-PCR-FREE-ILMN-NOVASEQ	377862616.0	377862499.0	72.0	45.0	38.0	0.44999999999999996	0.38461538461538464	0.9999998994343279	0.4578313253012048	0.5421686746987953	0.5421686746987951	HG003	clinvar_genes	-1	-2	sent	sentd
Irl1-HG003-3x-150bp-0-DBC20-PCR-FREE-ILMN-NOVASEQ-sent-sentd-All	All	Irl1-HG003-3x-150bp-0-DBC20-PCR-FREE-ILMN-NOVASEQ	377862616.0	377400805.0	155846.0	305965.0	71799.0	0.7288568621028496	0.6625329409650268	0.9998097901695668	0.19006310818394553	0.8099368918160544	0.8099368918160544	HG003	clinvar_genes	-1	-2	sent	sentd
Irl1-HG003-3x-150bp-0-DBC20-PCR-FREE-ILMN-NOVASEQ-sent-sentd-SNPts	SNPts	Irl1-HG003-3x-150bp-0-DBC20-PCR-FREE-ILMN-NOVASEQ	332544085.0	332287242.0	85620.0	171223.0	1727.0	0.7967696076948672	0.6666446039019946	0.9999948027164273	0.00998554495518936	0.9900144550448107	0.9900144550448107	HG003	giabHC_x_ultima_x_clinvar	-1	-2	sent	sentd
Irl1-HG003-3x-150bp-0-DBC20-PCR-FREE-ILMN-NOVASEQ-sent-sentd-SNPtv	SNPtv	Irl1-HG003-3x-150bp-0-DBC20-PCR-FREE-ILMN-NOVASEQ	332544085.0	332429475.0	38374.0	76236.0	992.0	0.7947956087949206	0.6651775586772533	0.9999970159173166	0.012845082094577097	0.9871549179054229	0.9871549179054229	HG003	giabHC_x_ultima_x_clinvar	-1	-2	sent	sentd
Irl1-HG003-3x-150bp-0-DBC20-PCR-FREE-ILMN-NOVASEQ-sent-sentd-INS_50	INS_50	Irl1-HG003-3x-150bp-0-DBC20-PCR-FREE-ILMN-NOVASEQ	332544085.0	332526367.0	5426.0	12292.0	208.0	0.8135548348666358	0.6937577604695789	0.9999993744860843	0.01664	0.98336	0.98336	HG003	giabHC_x_ultima_x_clinvar	-1	-2	sent	sentd
Irl1-HG003-3x-150bp-0-DBC20-PCR-FREE-ILMN-NOVASEQ-sent-sentd-INS_gt50	INS_gt50	Irl1-HG003-3x-150bp-0-DBC20-PCR-FREE-ILMN-NOVASEQ	332544085.0	332544085.0	0.0	0.0	0.0			1.0				HG003	giabHC_x_ultima_x_clinvar	-1	-2	sent	sentd
Irl1-HG003-3x-150bp-0-DBC20-PCR-FREE-ILMN-NOVASEQ-sent-sentd-DEL_50	DEL_50	Irl1-HG003-3x-150bp-0-DBC20-PCR-FREE-ILMN-NOVASEQ	332544085.0	332524848.0	6316.0	12921.0	222.0	0.7980852378011118	0.6716743775016895	0.9999993323811646	0.016891120748687514	0.9831088792513125	0.9831088792513125	HG003	giabHC_x_ultima_x_clinvar	-1	-2	sent	sentd
Irl1-HG003-3x-150bp-0-DBC20-PCR-FREE-ILMN-NOVASEQ-sent-sentd-DEL_gt50	DEL_gt50	Irl1-HG003-3x-150bp-0-DBC20-PCR-FREE-ILMN-NOVASEQ	332544085.0	332544085.0	0.0	0.0	9.0			0.9999999729359199	1.0	0.0	0.0	HG003	giabHC_x_ultima_x_clinvar	-1	-2	sent	sentd
Irl1-HG003-3x-150bp-0-DBC20-PCR-FREE-ILMN-NOVASEQ-sent-sentd-Indel_50	Indel_50	Irl1-HG003-3x-150bp-0-DBC20-PCR-FREE-ILMN-NOVASEQ	332544085.0	332543341.0	249.0	495.0	1.0	0.7983870967741936	0.6653225806451613	0.9999999969928732	0.0020161290322580645	0.9979838709677419	0.9979838709677419	HG003	giabHC_x_ultima_x_clinvar	-1	-2	sent	sentd
Irl1-HG003-3x-150bp-0-DBC20-PCR-FREE-ILMN-NOVASEQ-sent-sentd-Indel_gt50	Indel_gt50	Irl1-HG003-3x-150bp-0-DBC20-PCR-FREE-ILMN-NOVASEQ	332544085.0	332544068.0	8.0	9.0	0.0	0.6923076923076924	0.5294117647058824	1.0	0.0	1.0	1.0	HG003	giabHC_x_ultima_x_clinvar	-1	-2	sent	sentd
Irl1-HG003-3x-150bp-0-DBC20-PCR-FREE-ILMN-NOVASEQ-sent-sentd-All	All	Irl1-HG003-3x-150bp-0-DBC20-PCR-FREE-ILMN-NOVASEQ	332544085.0	332134916.0	135993.0	273176.0	3159.0	0.7970077490430398	0.6676361112400988	0.9999904888953186	0.011431776647909241	0.9885682233520907	0.9885682233520907	HG003	giabHC_x_ultima_x_clinvar	-1	-2	sent	sentd
Irl1-HG003-3x-150bp-0-DBC20-PCR-FREE-ILMN-NOVASEQ-sent-sentd-SNPts	SNPts	Irl1-HG003-3x-150bp-0-DBC20-PCR-FREE-ILMN-NOVASEQ	337668665.0	337403089.0	89866.0	175710.0	2517.0	0.7918378199336192	0.6616185197457601	0.9999925401358032	0.014122439361039574	0.9858775606389605	0.9858775606389605	HG003	giabHC_x_clinvar_genes	-1	-2	sent	sentd
Irl1-HG003-3x-150bp-0-DBC20-PCR-FREE-ILMN-NOVASEQ-sent-sentd-SNPtv	SNPtv	Irl1-HG003-3x-150bp-0-DBC20-PCR-FREE-ILMN-NOVASEQ	337668665.0	337548388.0	40868.0	79409.0	1373.0	0.7899074401046459	0.6602176642250804	0.9999959324515711	0.016996360575375704	0.9830036394246243	0.9830036394246243	HG003	giabHC_x_clinvar_genes	-1	-2	sent	sentd
Irl1-HG003-3x-150bp-0-DBC20-PCR-FREE-ILMN-NOVASEQ-sent-sentd-INS_50	INS_50	Irl1-HG003-3x-150bp-0-DBC20-PCR-FREE-ILMN-NOVASEQ	337668665.0	337641636.0	8021.0	19008.0	796.0	0.8117353148420985	0.7032446631395908	0.9999976424764053	0.04019390022217734	0.9598060997778226	0.9598060997778226	HG003	giabHC_x_clinvar_genes	-1	-2	sent	sentd
Irl1-HG003-3x-150bp-0-DBC20-PCR-FREE-ILMN-NOVASEQ-sent-sentd-INS_gt50	INS_gt50	Irl1-HG003-3x-150bp-0-DBC20-PCR-FREE-ILMN-NOVASEQ	337668665.0	337668665.0	0.0	0.0	0.0			1.0				HG003	giabHC_x_clinvar_genes	-1	-2	sent	sentd
Irl1-HG003-3x-150bp-0-DBC20-PCR-FREE-ILMN-NOVASEQ-sent-sentd-DEL_50	DEL_50	Irl1-HG003-3x-150bp-0-DBC20-PCR-FREE-ILMN-NOVASEQ	337668665.0	337639987.0	8749.0	19929.0	603.0	0.8099573257467995	0.6949229374433363	0.9999982140772826	0.029368790181180597	0.9706312098188195	0.9706312098188195	HG003	giabHC_x_clinvar_genes	-1	-2	sent	sentd
Irl1-HG003-3x-150bp-0-DBC20-PCR-FREE-ILMN-NOVASEQ-sent-sentd-DEL_gt50	DEL_gt50	Irl1-HG003-3x-150bp-0-DBC20-PCR-FREE-ILMN-NOVASEQ	337668665.0	337668665.0	0.0	0.0	9.0			0.999999973346654	1.0	0.0	0.0	HG003	giabHC_x_clinvar_genes	-1	-2	sent	sentd
Irl1-HG003-3x-150bp-0-DBC20-PCR-FREE-ILMN-NOVASEQ-sent-sentd-Indel_50	Indel_50	Irl1-HG003-3x-150bp-0-DBC20-PCR-FREE-ILMN-NOVASEQ	337668665.0	337666936.0	550.0	1179.0	3.0	0.8100309172105805	0.681897050318103	0.9999999911155056	0.0025380710659898475	0.9974619289340102	0.9974619289340102	HG003	giabHC_x_clinvar_genes	-1	-2	sent	sentd
Irl1-HG003-3x-150bp-0-DBC20-PCR-FREE-ILMN-NOVASEQ-sent-sentd-Indel_gt50	Indel_gt50	Irl1-HG003-3x-150bp-0-DBC20-PCR-FREE-ILMN-NOVASEQ	337668665.0	337668637.0	13.0	15.0	0.0	0.6976744186046512	0.5357142857142857	1.0	0.0	1.0	1.0	HG003	giabHC_x_clinvar_genes	-1	-2	sent	sentd
Irl1-HG003-3x-150bp-0-DBC20-PCR-FREE-ILMN-NOVASEQ-sent-sentd-All	All	Irl1-HG003-3x-150bp-0-DBC20-PCR-FREE-ILMN-NOVASEQ	337668665.0	337225348.0	148067.0	295250.0	5301.0	0.7938236353761688	0.6660019805240945	0.9999842807881913	0.017637605597718858	0.9823623944022811	0.9823623944022811	HG003	giabHC_x_clinvar_genes	-1	-2	sent	sentd
Irl1-HG003-3x-50bp-0-DBC26-PCR-FREE-ILMN-NOVASEQ-sent-sentd-SNPts	SNPts	Irl1-HG003-3x-50bp-0-DBC26-PCR-FREE-ILMN-NOVASEQ	3088286401.0	3085963510.0	1911181.0	411710.0	67520.0	0.2938559755271096	0.17724034403680586	0.9999781207643916	0.14089268201072555	0.8591073179892744	0.8591073179892744	HG003	hg38	-1	-2	sent	sentd
Irl1-HG003-3x-50bp-0-DBC26-PCR-FREE-ILMN-NOVASEQ-sent-sentd-SNPtv	SNPtv	Irl1-HG003-3x-50bp-0-DBC26-PCR-FREE-ILMN-NOVASEQ	3088286401.0	3087179367.0	910535.0	196499.0	46966.0	0.29100206664351475	0.17750042004129954	0.9999847869916443	0.19290657794754892	0.807093422052451	0.807093422052451	HG003	hg38	-1	-2	sent	sentd
Irl1-HG003-3x-50bp-0-DBC26-PCR-FREE-ILMN-NOVASEQ-sent-sentd-INS_50	INS_50	Irl1-HG003-3x-50bp-0-DBC26-PCR-FREE-ILMN-NOVASEQ	3088286401.0	3088026464.0	199998.0	59939.0	41258.0	0.33194880570646906	0.23059048923392975	0.9999866395417089	0.4076998329990019	0.5923001670009981	0.5923001670009981	HG003	hg38	-1	-2	sent	sentd
Irl1-HG003-3x-50bp-0-DBC26-PCR-FREE-ILMN-NOVASEQ-sent-sentd-INS_gt50	INS_gt50	Irl1-HG003-3x-50bp-0-DBC26-PCR-FREE-ILMN-NOVASEQ	3088286401.0	3088286163.0	238.0	0.0	5.0		0.0	0.9999999983809791	1.0	0.0	0.0	HG003	hg38	-1	-2	sent	sentd
Irl1-HG003-3x-50bp-0-DBC26-PCR-FREE-ILMN-NOVASEQ-sent-sentd-DEL_50	DEL_50	Irl1-HG003-3x-50bp-0-DBC26-PCR-FREE-ILMN-NOVASEQ	3088286401.0	3088012113.0	205347.0	68941.0	46940.0	0.35339045388024165	0.25134530128915594	0.9999847995134826	0.40507071909976616	0.5949292809002338	0.5949292809002339	HG003	hg38	-1	-2	sent	sentd
Irl1-HG003-3x-50bp-0-DBC26-PCR-FREE-ILMN-NOVASEQ-sent-sentd-DEL_gt50	DEL_gt50	Irl1-HG003-3x-50bp-0-DBC26-PCR-FREE-ILMN-NOVASEQ	3088286401.0	3088286263.0	134.0	4.0	135.0	0.02888086642599278	0.028985507246376812	0.9999999562864377	0.9712230215827338	0.02877697841726623	0.02877697841726619	HG003	hg38	-1	-2	sent	sentd
Irl1-HG003-3x-50bp-0-DBC26-PCR-FREE-ILMN-NOVASEQ-sent-sentd-Indel_50	Indel_50	Irl1-HG003-3x-50bp-0-DBC26-PCR-FREE-ILMN-NOVASEQ	3088286401.0	3088253668.0	31308.0	1425.0	998.0	0.08106724314484012	0.043534048208230224	0.9999996768401224	0.4118860916219563	0.5881139083780438	0.5881139083780438	HG003	hg38	-1	-2	sent	sentd
Irl1-HG003-3x-50bp-0-DBC26-PCR-FREE-ILMN-NOVASEQ-sent-sentd-Indel_gt50	Indel_gt50	Irl1-HG003-3x-50bp-0-DBC26-PCR-FREE-ILMN-NOVASEQ	3088286401.0	3088284744.0	1657.0	0.0	2.0		0.0	0.9999999993523914	1.0	0.0	0.0	HG003	hg38	-1	-2	sent	sentd
Irl1-HG003-3x-50bp-0-DBC26-PCR-FREE-ILMN-NOVASEQ-sent-sentd-All	All	Irl1-HG003-3x-50bp-0-DBC26-PCR-FREE-ILMN-NOVASEQ	3088286401.0	3084287485.0	3260398.0	738518.0	203824.0	0.2989190202171188	0.1846795481575507	0.9999339197360014	0.21629514549919243	0.7837048545008076	0.7837048545008075	HG003	hg38	-1	-2	sent	sentd
Irl1-HG003-3x-50bp-0-DBC26-PCR-FREE-ILMN-NOVASEQ-sent-sentd-SNPts	SNPts	Irl1-HG003-3x-50bp-0-DBC26-PCR-FREE-ILMN-NOVASEQ	2528531102.0	2526276220.0	1854225.0	400657.0	3195.0	0.30138930784350754	0.17768424245703324	0.9999987352942905	0.007911314045739528	0.9920886859542605	0.9920886859542605	HG003	giabHC	-1	-2	sent	sentd
Irl1-HG003-3x-50bp-0-DBC26-PCR-FREE-ILMN-NOVASEQ-sent-sentd-SNPtv	SNPtv	Irl1-HG003-3x-50bp-0-DBC26-PCR-FREE-ILMN-NOVASEQ	2528531102.0	2527459227.0	881173.0	190702.0	2063.0	0.30159096659919027	0.17791440233236153	0.9999991837659361	0.010702150286618422	0.9892978497133815	0.9892978497133815	HG003	giabHC	-1	-2	sent	sentd
Irl1-HG003-3x-50bp-0-DBC26-PCR-FREE-ILMN-NOVASEQ-sent-sentd-INS_50	INS_50	Irl1-HG003-3x-50bp-0-DBC26-PCR-FREE-ILMN-NOVASEQ	2528531102.0	2528298513.0	177711.0	54878.0	4026.0	0.37653048272171197	0.2359440902192279	0.9999984076272764	0.06834849925302186	0.9316515007469781	0.9316515007469781	HG003	giabHC	-1	-2	sent	sentd
Irl1-HG003-3x-50bp-0-DBC26-PCR-FREE-ILMN-NOVASEQ-sent-sentd-INS_gt50	INS_gt50	Irl1-HG003-3x-50bp-0-DBC26-PCR-FREE-ILMN-NOVASEQ	2528531102.0	2528531101.0	1.0	0.0	0.0		0.0	1.0				HG003	giabHC	-1	-2	sent	sentd
Irl1-HG003-3x-50bp-0-DBC26-PCR-FREE-ILMN-NOVASEQ-sent-sentd-DEL_50	DEL_50	Irl1-HG003-3x-50bp-0-DBC26-PCR-FREE-ILMN-NOVASEQ	2528531102.0	2528284016.0	183883.0	63203.0	4466.0	0.40160124541309905	0.255793529378435	0.9999982335876496	0.06599772421640633	0.9340022757835936	0.9340022757835936	HG003	giabHC	-1	-2	sent	sentd
Irl1-HG003-3x-50bp-0-DBC26-PCR-FREE-ILMN-NOVASEQ-sent-sentd-DEL_gt50	DEL_gt50	Irl1-HG003-3x-50bp-0-DBC26-PCR-FREE-ILMN-NOVASEQ	2528531102.0	2528531102.0	0.0	0.0	28.0			0.9999999889263772	1.0	0.0	0.0	HG003	giabHC	-1	-2	sent	sentd
Irl1-HG003-3x-50bp-0-DBC26-PCR-FREE-ILMN-NOVASEQ-sent-sentd-Indel_50	Indel_50	Irl1-HG003-3x-50bp-0-DBC26-PCR-FREE-ILMN-NOVASEQ	2528531102.0	2528506958.0	22864.0	1280.0	36.0	0.10054988216810684	0.053015241882041084	0.999999985762349	0.02735562310030395	0.9726443768996961	0.9726443768996961	HG003	giabHC	-1	-2	sent	sentd
Irl1-HG003-3x-50bp-0-DBC26-PCR-FREE-ILMN-NOVASEQ-sent-sentd-Indel_gt50	Indel_gt50	Irl1-HG003-3x-50bp-0-DBC26-PCR-FREE-ILMN-NOVASEQ	2528531102.0	2528530648.0	454.0	0.0	0.0		0.0	1.0				HG003	giabHC	-1	-2	sent	sentd
Irl1-HG003-3x-50bp-0-DBC26-PCR-FREE-ILMN-NOVASEQ-sent-sentd-All	All	Irl1-HG003-3x-50bp-0-DBC26-PCR-FREE-ILMN-NOVASEQ	2528531102.0	2524700071.0	3120311.0	710720.0	13814.0	0.3120227677576766	0.1855166402986559	0.9999945284889182	0.01906604797014357	0.9809339520298564	0.9809339520298564	HG003	giabHC	-1	-2	sent	sentd
Irl1-HG003-3x-50bp-0-DBC26-PCR-FREE-ILMN-NOVASEQ-sent-sentd-SNPts	SNPts	Irl1-HG003-3x-50bp-0-DBC26-PCR-FREE-ILMN-NOVASEQ	688815815.0	688747801.0	56956.0	11058.0	64325.0	0.15422916797422542	0.16258417384656101	0.9999066145940643	0.8533091015215633	0.14669089847843675	0.14669089847843678	HG003	hg38_m_giabHC	-1	-2	sent	sentd
Irl1-HG003-3x-50bp-0-DBC26-PCR-FREE-ILMN-NOVASEQ-sent-sentd-SNPtv	SNPtv	Irl1-HG003-3x-50bp-0-DBC26-PCR-FREE-ILMN-NOVASEQ	688815815.0	688780653.0	29362.0	5800.0	44903.0	0.1350957899027543	0.16495079915818212	0.9999348122327796	0.8856083466461551	0.11439165335384494	0.11439165335384494	HG003	hg38_m_giabHC	-1	-2	sent	sentd
Irl1-HG003-3x-50bp-0-DBC26-PCR-FREE-ILMN-NOVASEQ-sent-sentd-INS_50	INS_50	Irl1-HG003-3x-50bp-0-DBC26-PCR-FREE-ILMN-NOVASEQ	688815815.0	688788547.0	22220.0	5048.0	37230.0	0.14517010324102034	0.18512542173976823	0.9999459515000119	0.8805998391598467	0.11940016084015326	0.11940016084015327	HG003	hg38_m_giabHC	-1	-2	sent	sentd
Irl1-HG003-3x-50bp-0-DBC26-PCR-FREE-ILMN-NOVASEQ-sent-sentd-INS_gt50	INS_gt50	Irl1-HG003-3x-50bp-0-DBC26-PCR-FREE-ILMN-NOVASEQ	688815815.0	688815578.0	237.0	0.0	5.0		0.0	0.999999992741163	1.0	0.0	0.0	HG003	hg38_m_giabHC	-1	-2	sent	sentd
Irl1-HG003-3x-50bp-0-DBC26-PCR-FREE-ILMN-NOVASEQ-sent-sentd-DEL_50	DEL_50	Irl1-HG003-3x-50bp-0-DBC26-PCR-FREE-ILMN-NOVASEQ	688815815.0	688788421.0	21628.0	5766.0	42474.0	0.15247111087606102	0.2104840476016646	0.9999383390026372	0.8804726368159204	0.11952736318407964	0.1195273631840796	HG003	hg38_m_giabHC	-1	-2	sent	sentd
Irl1-HG003-3x-50bp-0-DBC26-PCR-FREE-ILMN-NOVASEQ-sent-sentd-DEL_gt50	DEL_gt50	Irl1-HG003-3x-50bp-0-DBC26-PCR-FREE-ILMN-NOVASEQ	688815815.0	688815677.0	134.0	4.0	108.0	0.031999999999999994	0.028985507246376812	0.999999843209168	0.9642857142857143	0.0357142857142857	0.03571428571428571	HG003	hg38_m_giabHC	-1	-2	sent	sentd
Irl1-HG003-3x-50bp-0-DBC26-PCR-FREE-ILMN-NOVASEQ-sent-sentd-Indel_50	Indel_50	Irl1-HG003-3x-50bp-0-DBC26-PCR-FREE-ILMN-NOVASEQ	688815815.0	688807225.0	8445.0	145.0	962.0	0.029906156543260804	0.016880093131548313	0.9999986033847765	0.8690153568202349	0.1309846431797651	0.13098464317976513	HG003	hg38_m_giabHC	-1	-2	sent	sentd
Irl1-HG003-3x-50bp-0-DBC26-PCR-FREE-ILMN-NOVASEQ-sent-sentd-Indel_gt50	Indel_gt50	Irl1-HG003-3x-50bp-0-DBC26-PCR-FREE-ILMN-NOVASEQ	688815815.0	688814610.0	1205.0	0.0	2.0		0.0	0.9999999970964611	1.0	0.0	0.0	HG003	hg38_m_giabHC	-1	-2	sent	sentd
Irl1-HG003-3x-50bp-0-DBC26-PCR-FREE-ILMN-NOVASEQ-sent-sentd-All	All	Irl1-HG003-3x-50bp-0-DBC26-PCR-FREE-ILMN-NOVASEQ	688815815.0	688647807.0	140187.0	27821.0	190009.0	0.1442107827637506	0.16559330508071043	0.9997241600336297	0.8722811366662075	0.12771886333379245	0.1277188633337924	HG003	hg38_m_giabHC	-1	-2	sent	sentd
Irl1-HG003-3x-50bp-0-DBC26-PCR-FREE-ILMN-NOVASEQ-sent-sentd-SNPts	SNPts	Irl1-HG003-3x-50bp-0-DBC26-PCR-FREE-ILMN-NOVASEQ	332544085.0	332287294.0	207034.0	49757.0	484.0	0.3241160530498449	0.19376457897667754	0.9999985434312303	0.009633566210863637	0.9903664337891364	0.9903664337891364	HG003	giabHC_x_ultima_x_clinvar	-1	-2	sent	sentd
Irl1-HG003-3x-50bp-0-DBC26-PCR-FREE-ILMN-NOVASEQ-sent-sentd-SNPtv	SNPtv	Irl1-HG003-3x-50bp-0-DBC26-PCR-FREE-ILMN-NOVASEQ	332544085.0	332429508.0	92150.0	22427.0	304.0	0.3266670550878317	0.1957373643925046	0.9999990855212468	0.013373806695701904	0.9866261933042981	0.9866261933042981	HG003	giabHC_x_ultima_x_clinvar	-1	-2	sent	sentd
Irl1-HG003-3x-50bp-0-DBC26-PCR-FREE-ILMN-NOVASEQ-sent-sentd-INS_50	INS_50	Irl1-HG003-3x-50bp-0-DBC26-PCR-FREE-ILMN-NOVASEQ	332544085.0	332526555.0	13958.0	3572.0	113.0	0.3367428706104172	0.2037649743297205	0.9999996601776312	0.030664857530529173	0.9693351424694708	0.9693351424694708	HG003	giabHC_x_ultima_x_clinvar	-1	-2	sent	sentd
Irl1-HG003-3x-50bp-0-DBC26-PCR-FREE-ILMN-NOVASEQ-sent-sentd-INS_gt50	INS_gt50	Irl1-HG003-3x-50bp-0-DBC26-PCR-FREE-ILMN-NOVASEQ	332544085.0	332544085.0	0.0	0.0	0.0			1.0				HG003	giabHC_x_ultima_x_clinvar	-1	-2	sent	sentd
Irl1-HG003-3x-50bp-0-DBC26-PCR-FREE-ILMN-NOVASEQ-sent-sentd-DEL_50	DEL_50	Irl1-HG003-3x-50bp-0-DBC26-PCR-FREE-ILMN-NOVASEQ	332544085.0	332525046.0	15189.0	3850.0	221.0	0.3331890956295976	0.20221650296759283	0.9999993353888503	0.05428641611397691	0.9457135838860231	0.9457135838860231	HG003	giabHC_x_ultima_x_clinvar	-1	-2	sent	sentd
Irl1-HG003-3x-50bp-0-DBC26-PCR-FREE-ILMN-NOVASEQ-sent-sentd-DEL_gt50	DEL_gt50	Irl1-HG003-3x-50bp-0-DBC26-PCR-FREE-ILMN-NOVASEQ	332544085.0	332544085.0	0.0	0.0	5.0			0.9999999849643998	1.0	0.0	0.0	HG003	giabHC_x_ultima_x_clinvar	-1	-2	sent	sentd
Irl1-HG003-3x-50bp-0-DBC26-PCR-FREE-ILMN-NOVASEQ-sent-sentd-Indel_50	Indel_50	Irl1-HG003-3x-50bp-0-DBC26-PCR-FREE-ILMN-NOVASEQ	332544085.0	332542989.0	1069.0	27.0	0.0	0.04808548530721283	0.024635036496350366	1.0	0.0	1.0	1.0	HG003	giabHC_x_ultima_x_clinvar	-1	-2	sent	sentd
Irl1-HG003-3x-50bp-0-DBC26-PCR-FREE-ILMN-NOVASEQ-sent-sentd-Indel_gt50	Indel_gt50	Irl1-HG003-3x-50bp-0-DBC26-PCR-FREE-ILMN-NOVASEQ	332544085.0	332544057.0	28.0	0.0	0.0		0.0	1.0				HG003	giabHC_x_ultima_x_clinvar	-1	-2	sent	sentd
Irl1-HG003-3x-50bp-0-DBC26-PCR-FREE-ILMN-NOVASEQ-sent-sentd-All	All	Irl1-HG003-3x-50bp-0-DBC26-PCR-FREE-ILMN-NOVASEQ	332544085.0	332135024.0	329428.0	79633.0	1127.0	0.32515143287037507	0.19467267718017606	0.9999966068132101	0.01395492818226845	0.9860450718177316	0.9860450718177316	HG003	giabHC_x_ultima_x_clinvar	-1	-2	sent	sentd
Irl1-HG003-3x-50bp-0-DBC26-PCR-FREE-ILMN-NOVASEQ-sent-sentd-SNPts	SNPts	Irl1-HG003-3x-50bp-0-DBC26-PCR-FREE-ILMN-NOVASEQ	2505355380.0	2503152528.0	1806952.0	395900.0	2344.0	0.30441014095596625	0.17972156095824868	0.999999063581712	0.005885838832474563	0.9941141611675255	0.9941141611675255	HG003	giabHC_x_ultima	-1	-2	sent	sentd
Irl1-HG003-3x-50bp-0-DBC26-PCR-FREE-ILMN-NOVASEQ-sent-sentd-SNPtv	SNPtv	Irl1-HG003-3x-50bp-0-DBC26-PCR-FREE-ILMN-NOVASEQ	2505355380.0	2504321205.0	847950.0	186225.0	1494.0	0.30481367450859076	0.18007107114366525	0.9999994034315144	0.007958704233455325	0.9920412957665447	0.9920412957665447	HG003	giabHC_x_ultima	-1	-2	sent	sentd
Irl1-HG003-3x-50bp-0-DBC26-PCR-FREE-ILMN-NOVASEQ-sent-sentd-INS_50	INS_50	Irl1-HG003-3x-50bp-0-DBC26-PCR-FREE-ILMN-NOVASEQ	2505355380.0	2505201137.0	124871.0	29372.0	1141.0	0.31795449132910436	0.19042679408465862	0.9999995445477556	0.037393897682954806	0.9626061023170452	0.9626061023170452	HG003	giabHC_x_ultima	-1	-2	sent	sentd
Irl1-HG003-3x-50bp-0-DBC26-PCR-FREE-ILMN-NOVASEQ-sent-sentd-INS_gt50	INS_gt50	Irl1-HG003-3x-50bp-0-DBC26-PCR-FREE-ILMN-NOVASEQ	2505355380.0	2505355380.0	0.0	0.0	0.0			1.0				HG003	giabHC_x_ultima	-1	-2	sent	sentd
Irl1-HG003-3x-50bp-0-DBC26-PCR-FREE-ILMN-NOVASEQ-sent-sentd-DEL_50	DEL_50	Irl1-HG003-3x-50bp-0-DBC26-PCR-FREE-ILMN-NOVASEQ	2505355380.0	2505188974.0	134024.0	32382.0	1731.0	0.3229818620679337	0.19459634868935013	0.999999309034639	0.050743118459238415	0.9492568815407616	0.9492568815407616	HG003	giabHC_x_ultima	-1	-2	sent	sentd
Irl1-HG003-3x-50bp-0-DBC26-PCR-FREE-ILMN-NOVASEQ-sent-sentd-DEL_gt50	DEL_gt50	Irl1-HG003-3x-50bp-0-DBC26-PCR-FREE-ILMN-NOVASEQ	2505355380.0	2505355380.0	0.0	0.0	27.0			0.9999999892230859	1.0	0.0	0.0	HG003	giabHC_x_ultima	-1	-2	sent	sentd
Irl1-HG003-3x-50bp-0-DBC26-PCR-FREE-ILMN-NOVASEQ-sent-sentd-Indel_50	Indel_50	Irl1-HG003-3x-50bp-0-DBC26-PCR-FREE-ILMN-NOVASEQ	2505355380.0	2505343532.0	11576.0	272.0	8.0	0.044854881266490766	0.022957461174881837	0.9999999968068252	0.02857142857142857	0.9714285714285714	0.9714285714285714	HG003	giabHC_x_ultima	-1	-2	sent	sentd
Irl1-HG003-3x-50bp-0-DBC26-PCR-FREE-ILMN-NOVASEQ-sent-sentd-Indel_gt50	Indel_gt50	Irl1-HG003-3x-50bp-0-DBC26-PCR-FREE-ILMN-NOVASEQ	2505355380.0	2505355026.0	354.0	0.0	0.0		0.0	1.0				HG003	giabHC_x_ultima	-1	-2	sent	sentd
Irl1-HG003-3x-50bp-0-DBC26-PCR-FREE-ILMN-NOVASEQ-sent-sentd-All	All	Irl1-HG003-3x-50bp-0-DBC26-PCR-FREE-ILMN-NOVASEQ	2505355380.0	2501785502.0	2925727.0	644151.0	6745.0	0.3052288513907639	0.18044062009962245	0.9999973039328073	0.010362638578206042	0.9896373614217939	0.9896373614217939	HG003	giabHC_x_ultima	-1	-2	sent	sentd
Irl1-HG003-3x-50bp-0-DBC26-PCR-FREE-ILMN-NOVASEQ-sent-sentd-SNPts	SNPts	Irl1-HG003-3x-50bp-0-DBC26-PCR-FREE-ILMN-NOVASEQ	337668665.0	337403099.0	214852.0	50714.0	659.0	0.3200237269632327	0.19096571097203707	0.9999980468504444	0.012827749985400892	0.9871722500145991	0.9871722500145991	HG003	giabHC_x_clinvar_genes	-1	-2	sent	sentd
Irl1-HG003-3x-50bp-0-DBC26-PCR-FREE-ILMN-NOVASEQ-sent-sentd-SNPtv	SNPtv	Irl1-HG003-3x-50bp-0-DBC26-PCR-FREE-ILMN-NOVASEQ	337668665.0	337548394.0	97100.0	23171.0	397.0	0.32217965920230257	0.19265658388140117	0.9999988238737315	0.0168448744059742	0.9831551255940258	0.9831551255940258	HG003	giabHC_x_clinvar_genes	-1	-2	sent	sentd
Irl1-HG003-3x-50bp-0-DBC26-PCR-FREE-ILMN-NOVASEQ-sent-sentd-INS_50	INS_50	Irl1-HG003-3x-50bp-0-DBC26-PCR-FREE-ILMN-NOVASEQ	337668665.0	337641983.0	20205.0	6477.0	488.0	0.38499717656849053	0.24274791994603104	0.9999985546841943	0.07006460875807609	0.9299353912419239	0.9299353912419239	HG003	giabHC_x_clinvar_genes	-1	-2	sent	sentd
Irl1-HG003-3x-50bp-0-DBC26-PCR-FREE-ILMN-NOVASEQ-sent-sentd-INS_gt50	INS_gt50	Irl1-HG003-3x-50bp-0-DBC26-PCR-FREE-ILMN-NOVASEQ	337668665.0	337668665.0	0.0	0.0	0.0			1.0				HG003	giabHC_x_clinvar_genes	-1	-2	sent	sentd
Irl1-HG003-3x-50bp-0-DBC26-PCR-FREE-ILMN-NOVASEQ-sent-sentd-DEL_50	DEL_50	Irl1-HG003-3x-50bp-0-DBC26-PCR-FREE-ILMN-NOVASEQ	337668665.0	337640303.0	20995.0	7367.0	527.0	0.40638790820829657	0.25974895987589025	0.9999984391698125	0.06675956422599442	0.9332404357740056	0.9332404357740056	HG003	giabHC_x_clinvar_genes	-1	-2	sent	sentd
Irl1-HG003-3x-50bp-0-DBC26-PCR-FREE-ILMN-NOVASEQ-sent-sentd-DEL_gt50	DEL_gt50	Irl1-HG003-3x-50bp-0-DBC26-PCR-FREE-ILMN-NOVASEQ	337668665.0	337668665.0	0.0	0.0	5.0			0.9999999851925854	1.0	0.0	0.0	HG003	giabHC_x_clinvar_genes	-1	-2	sent	sentd
Irl1-HG003-3x-50bp-0-DBC26-PCR-FREE-ILMN-NOVASEQ-sent-sentd-Indel_50	Indel_50	Irl1-HG003-3x-50bp-0-DBC26-PCR-FREE-ILMN-NOVASEQ	337668665.0	337666308.0	2226.0	131.0	4.0	0.10513643659711075	0.05557912600763683	0.9999999881539856	0.02962962962962963	0.9703703703703703	0.9703703703703703	HG003	giabHC_x_clinvar_genes	-1	-2	sent	sentd
Irl1-HG003-3x-50bp-0-DBC26-PCR-FREE-ILMN-NOVASEQ-sent-sentd-Indel_gt50	Indel_gt50	Irl1-HG003-3x-50bp-0-DBC26-PCR-FREE-ILMN-NOVASEQ	337668665.0	337668622.0	43.0	0.0	0.0		0.0	1.0				HG003	giabHC_x_clinvar_genes	-1	-2	sent	sentd
Irl1-HG003-3x-50bp-0-DBC26-PCR-FREE-ILMN-NOVASEQ-sent-sentd-All	All	Irl1-HG003-3x-50bp-0-DBC26-PCR-FREE-ILMN-NOVASEQ	337668665.0	337225384.0	355421.0	87860.0	2080.0	0.3295444102914176	0.1982038481234251	0.9999938320563357	0.02312652879697576	0.9768734712030243	0.9768734712030243	HG003	giabHC_x_clinvar_genes	-1	-2	sent	sentd
Irl1-HG003-3x-50bp-0-DBC26-PCR-FREE-ILMN-NOVASEQ-sent-sentd-SNPts	SNPts	Irl1-HG003-3x-50bp-0-DBC26-PCR-FREE-ILMN-NOVASEQ	377862616.0	377589369.0	221228.0	52019.0	7878.0	0.31229138150469465	0.19037354481476465	0.9999791365004311	0.13152578593251749	0.8684742140674825	0.8684742140674825	HG003	clinvar_genes	-1	-2	sent	sentd
Irl1-HG003-3x-50bp-0-DBC26-PCR-FREE-ILMN-NOVASEQ-sent-sentd-SNPtv	SNPtv	Irl1-HG003-3x-50bp-0-DBC26-PCR-FREE-ILMN-NOVASEQ	377862616.0	377738266.0	100501.0	23849.0	4977.0	0.3113934297801223	0.19178930438279052	0.9999868243837786	0.172656629431763	0.827343370568237	0.827343370568237	HG003	clinvar_genes	-1	-2	sent	sentd
Irl1-HG003-3x-50bp-0-DBC26-PCR-FREE-ILMN-NOVASEQ-sent-sentd-INS_50	INS_50	Irl1-HG003-3x-50bp-0-DBC26-PCR-FREE-ILMN-NOVASEQ	377862616.0	377833081.0	22505.0	7030.0	4655.0	0.3410965550703542	0.23802268495005924	0.9999876798965364	0.3983739837398374	0.6016260162601625	0.6016260162601627	HG003	clinvar_genes	-1	-2	sent	sentd
Irl1-HG003-3x-50bp-0-DBC26-PCR-FREE-ILMN-NOVASEQ-sent-sentd-INS_gt50	INS_gt50	Irl1-HG003-3x-50bp-0-DBC26-PCR-FREE-ILMN-NOVASEQ	377862616.0	377862586.0	30.0	0.0	2.0		0.0	0.9999999947070706	1.0	0.0	0.0	HG003	clinvar_genes	-1	-2	sent	sentd
Irl1-HG003-3x-50bp-0-DBC26-PCR-FREE-ILMN-NOVASEQ-sent-sentd-DEL_50	DEL_50	Irl1-HG003-3x-50bp-0-DBC26-PCR-FREE-ILMN-NOVASEQ	377862616.0	377831388.0	23237.0	7991.0	5288.0	0.35908958141415953	0.25589214807224286	0.999986004534933	0.3982227577377815	0.6017772422622185	0.6017772422622185	HG003	clinvar_genes	-1	-2	sent	sentd
Irl1-HG003-3x-50bp-0-DBC26-PCR-FREE-ILMN-NOVASEQ-sent-sentd-DEL_gt50	DEL_gt50	Irl1-HG003-3x-50bp-0-DBC26-PCR-FREE-ILMN-NOVASEQ	377862616.0	377862598.0	18.0	0.0	31.0		0.0	0.9999999179596033	1.0	0.0	0.0	HG003	clinvar_genes	-1	-2	sent	sentd
Irl1-HG003-3x-50bp-0-DBC26-PCR-FREE-ILMN-NOVASEQ-sent-sentd-Indel_50	Indel_50	Irl1-HG003-3x-50bp-0-DBC26-PCR-FREE-ILMN-NOVASEQ	377862616.0	377859424.0	3048.0	144.0	116.0	0.08342989571263036	0.045112781954887216	0.9999996930076187	0.4461538461538462	0.5538461538461539	0.5538461538461539	HG003	clinvar_genes	-1	-2	sent	sentd
Irl1-HG003-3x-50bp-0-DBC26-PCR-FREE-ILMN-NOVASEQ-sent-sentd-Indel_gt50	Indel_gt50	Irl1-HG003-3x-50bp-0-DBC26-PCR-FREE-ILMN-NOVASEQ	377862616.0	377862440.0	176.0	0.0	0.0		0.0	1.0				HG003	clinvar_genes	-1	-2	sent	sentd
Irl1-HG003-3x-50bp-0-DBC26-PCR-FREE-ILMN-NOVASEQ-sent-sentd-All	All	Irl1-HG003-3x-50bp-0-DBC26-PCR-FREE-ILMN-NOVASEQ	377862616.0	377400840.0	370743.0	91033.0	22947.0	0.3162207601831331	0.1971367069748103	0.9999392009703936	0.20132479382347782	0.7986752061765222	0.7986752061765222	HG003	clinvar_genes	-1	-2	sent	sentd
Irl1-HG003-3x-50bp-0-DBC26-PCR-FREE-ILMN-NOVASEQ-sent-sentd-SNPts	SNPts	Irl1-HG003-3x-50bp-0-DBC26-PCR-FREE-ILMN-NOVASEQ	2799325643.0	2797071752.0	1848971.0	404920.0	35124.0	0.30061601337819954	0.17965376320327825	0.9999874427393886	0.0798192907981929	0.9201807092018071	0.9201807092018071	HG003	ultima	-1	-2	sent	sentd
Irl1-HG003-3x-50bp-0-DBC26-PCR-FREE-ILMN-NOVASEQ-sent-sentd-SNPtv	SNPtv	Irl1-HG003-3x-50bp-0-DBC26-PCR-FREE-ILMN-NOVASEQ	2799325643.0	2798267216.0	867847.0	190580.0	21921.0	0.299906839726562	0.18005965456285603	0.9999921662848523	0.10315716161335711	0.8968428383866429	0.8968428383866429	HG003	ultima	-1	-2	sent	sentd
Irl1-HG003-3x-50bp-0-DBC26-PCR-FREE-ILMN-NOVASEQ-sent-sentd-INS_50	INS_50	Irl1-HG003-3x-50bp-0-DBC26-PCR-FREE-ILMN-NOVASEQ	2799325643.0	2799161256.0	133378.0	31009.0	5933.0	0.30804305390678943	0.18863413773595236	0.9999978804410028	0.16060310757403498	0.839396892425965	0.839396892425965	HG003	ultima	-1	-2	sent	sentd
Irl1-HG003-3x-50bp-0-DBC26-PCR-FREE-ILMN-NOVASEQ-sent-sentd-INS_gt50	INS_gt50	Irl1-HG003-3x-50bp-0-DBC26-PCR-FREE-ILMN-NOVASEQ	2799325643.0	2799325547.0	96.0	0.0	0.0		0.0	1.0				HG003	ultima	-1	-2	sent	sentd
Irl1-HG003-3x-50bp-0-DBC26-PCR-FREE-ILMN-NOVASEQ-sent-sentd-DEL_50	DEL_50	Irl1-HG003-3x-50bp-0-DBC26-PCR-FREE-ILMN-NOVASEQ	2799325643.0	2799147379.0	143912.0	34352.0	8879.0	0.3101830741100251	0.1927029574114796	0.999996827972724	0.2053850246350998	0.7946149753649002	0.7946149753649002	HG003	ultima	-1	-2	sent	sentd
Irl1-HG003-3x-50bp-0-DBC26-PCR-FREE-ILMN-NOVASEQ-sent-sentd-DEL_gt50	DEL_gt50	Irl1-HG003-3x-50bp-0-DBC26-PCR-FREE-ILMN-NOVASEQ	2799325643.0	2799325554.0	86.0	3.0	84.0	0.034090909090909095	0.033707865168539325	0.999999969992773	0.9655172413793104	0.03448275862068961	0.034482758620689655	HG003	ultima	-1	-2	sent	sentd
Irl1-HG003-3x-50bp-0-DBC26-PCR-FREE-ILMN-NOVASEQ-sent-sentd-Indel_50	Indel_50	Irl1-HG003-3x-50bp-0-DBC26-PCR-FREE-ILMN-NOVASEQ	2799325643.0	2799310465.0	14883.0	295.0	62.0	0.03797875764402961	0.019436025826854657	0.999999977851689	0.17366946778711484	0.8263305322128851	0.8263305322128851	HG003	ultima	-1	-2	sent	sentd
Irl1-HG003-3x-50bp-0-DBC26-PCR-FREE-ILMN-NOVASEQ-sent-sentd-Indel_gt50	Indel_gt50	Irl1-HG003-3x-50bp-0-DBC26-PCR-FREE-ILMN-NOVASEQ	2799325643.0	2799324714.0	929.0	0.0	2.0		0.0	0.999999999285542	1.0	0.0	0.0	HG003	ultima	-1	-2	sent	sentd
Irl1-HG003-3x-50bp-0-DBC26-PCR-FREE-ILMN-NOVASEQ-sent-sentd-All	All	Irl1-HG003-3x-50bp-0-DBC26-PCR-FREE-ILMN-NOVASEQ	2799325643.0	2795654382.0	3010102.0	661159.0	72005.0	0.3002248874711228	0.18009043759078966	0.9999742446183808	0.09821131424892657	0.9017886857510734	0.9017886857510734	HG003	ultima	-1	-2	sent	sentd
Irl1-HG003-40x-100bp-0-DBC25-PCR-FREE-ILMN-NOVASEQ-sent-sentd-SNPts	SNPts	Irl1-HG003-40x-100bp-0-DBC25-PCR-FREE-ILMN-NOVASEQ	3088286401.0	3085964069.0	17059.0	2305273.0	305727.0	0.9345703877217264	0.9926543663868904	0.9999009396390438	0.11709191880505554	0.8829080811949445	0.8829080811949445	HG003	hg38	-1	-2	sent	sentd
Irl1-HG003-40x-100bp-0-DBC25-PCR-FREE-ILMN-NOVASEQ-sent-sentd-SNPtv	SNPtv	Irl1-HG003-40x-100bp-0-DBC25-PCR-FREE-ILMN-NOVASEQ	3088286401.0	3087179972.0	9272.0	1097157.0	210885.0	0.9088177078954355	0.9916198870420063	0.9999316947514041	0.161221887370589	0.8387781126294109	0.8387781126294109	HG003	hg38	-1	-2	sent	sentd
Irl1-HG003-40x-100bp-0-DBC25-PCR-FREE-ILMN-NOVASEQ-sent-sentd-INS_50	INS_50	Irl1-HG003-40x-100bp-0-DBC25-PCR-FREE-ILMN-NOVASEQ	3088286401.0	3088030144.0	2805.0	253452.0	162732.0	0.7538267297800104	0.9890539575504279	0.9999473051047865	0.3910097456894066	0.6089902543105934	0.6089902543105934	HG003	hg38	-1	-2	sent	sentd
Irl1-HG003-40x-100bp-0-DBC25-PCR-FREE-ILMN-NOVASEQ-sent-sentd-INS_gt50	INS_gt50	Irl1-HG003-40x-100bp-0-DBC25-PCR-FREE-ILMN-NOVASEQ	3088286401.0	3088286167.0	170.0	64.0	1151.0	0.08833678398895789	0.27350427350427353	0.9999996273015165	0.9473251028806584	0.05267489711934159	0.05267489711934156	HG003	hg38	-1	-2	sent	sentd
Irl1-HG003-40x-100bp-0-DBC25-PCR-FREE-ILMN-NOVASEQ-sent-sentd-DEL_50	DEL_50	Irl1-HG003-40x-100bp-0-DBC25-PCR-FREE-ILMN-NOVASEQ	3088286401.0	3088016063.0	2051.0	268287.0	170817.0	0.7563324415526568	0.9924132012517664	0.9999446869614316	0.3890126257105378	0.6109873742894623	0.6109873742894621	HG003	hg38	-1	-2	sent	sentd
Irl1-HG003-40x-100bp-0-DBC25-PCR-FREE-ILMN-NOVASEQ-sent-sentd-DEL_gt50	DEL_gt50	Irl1-HG003-40x-100bp-0-DBC25-PCR-FREE-ILMN-NOVASEQ	3088286401.0	3088286265.0	63.0	73.0	1231.0	0.1013888888888889	0.5367647058823529	0.999999601397214	0.9440184049079755	0.055981595092024494	0.05598159509202454	HG003	hg38	-1	-2	sent	sentd
Irl1-HG003-40x-100bp-0-DBC25-PCR-FREE-ILMN-NOVASEQ-sent-sentd-Indel_50	Indel_50	Irl1-HG003-40x-100bp-0-DBC25-PCR-FREE-ILMN-NOVASEQ	3088286401.0	3088244996.0	355.0	41050.0	38858.0	0.6767617650210612	0.9914261562613211	0.9999874176073713	0.48628422686089	0.51371577313911	0.51371577313911	HG003	hg38	-1	-2	sent	sentd
Irl1-HG003-40x-100bp-0-DBC25-PCR-FREE-ILMN-NOVASEQ-sent-sentd-Indel_gt50	Indel_gt50	Irl1-HG003-40x-100bp-0-DBC25-PCR-FREE-ILMN-NOVASEQ	3088286401.0	3088284933.0	79.0	1389.0	1672.0	0.613380437182601	0.9461852861035422	0.9999994585994715	0.5462267232930414	0.45377327670695855	0.4537732767069585	HG003	hg38	-1	-2	sent	sentd
Irl1-HG003-40x-100bp-0-DBC25-PCR-FREE-ILMN-NOVASEQ-sent-sentd-All	All	Irl1-HG003-40x-100bp-0-DBC25-PCR-FREE-ILMN-NOVASEQ	3088286401.0	3084287802.0	31854.0	3966745.0	893073.0	0.8955877782678328	0.9920337098068599	0.9997105281550146	0.18376675834362521	0.8162332416563748	0.8162332416563748	HG003	hg38	-1	-2	sent	sentd
Irl1-HG003-40x-100bp-0-DBC25-PCR-FREE-ILMN-NOVASEQ-sent-sentd-SNPts	SNPts	Irl1-HG003-40x-100bp-0-DBC25-PCR-FREE-ILMN-NOVASEQ	2528531102.0	2526276494.0	13440.0	2241168.0	6952.0	0.9954711899097615	0.9940388750505631	0.9999972481314355	0.00309236161770724	0.9969076383822928	0.9969076383822928	HG003	giabHC	-1	-2	sent	sentd
Irl1-HG003-40x-100bp-0-DBC25-PCR-FREE-ILMN-NOVASEQ-sent-sentd-SNPtv	SNPtv	Irl1-HG003-40x-100bp-0-DBC25-PCR-FREE-ILMN-NOVASEQ	2528531102.0	2527459595.0	7315.0	1064192.0	3925.0	0.9947467405488067	0.9931731663908868	0.999998447059683	0.0036746910684878156	0.9963253089315122	0.9963253089315122	HG003	giabHC	-1	-2	sent	sentd
Irl1-HG003-40x-100bp-0-DBC25-PCR-FREE-ILMN-NOVASEQ-sent-sentd-INS_50	INS_50	Irl1-HG003-40x-100bp-0-DBC25-PCR-FREE-ILMN-NOVASEQ	2528531102.0	2528302117.0	1306.0	227679.0	427.0	0.9962086324167397	0.9942965696442998	0.9999998311119842	0.0018719367311688425	0.9981280632688312	0.9981280632688312	HG003	giabHC	-1	-2	sent	sentd
Irl1-HG003-40x-100bp-0-DBC25-PCR-FREE-ILMN-NOVASEQ-sent-sentd-INS_gt50	INS_gt50	Irl1-HG003-40x-100bp-0-DBC25-PCR-FREE-ILMN-NOVASEQ	2528531102.0	2528531101.0	0.0	1.0	3.0	0.4	1.0	0.9999999988135404	0.75	0.25	0.25	HG003	giabHC	-1	-2	sent	sentd
Irl1-HG003-40x-100bp-0-DBC25-PCR-FREE-ILMN-NOVASEQ-sent-sentd-DEL_50	DEL_50	Irl1-HG003-40x-100bp-0-DBC25-PCR-FREE-ILMN-NOVASEQ	2528531102.0	2528287889.0	1080.0	242133.0	448.0	0.9968546338571493	0.9955594478913545	0.9999998228050205	0.0018468058091936303	0.9981531941908064	0.9981531941908064	HG003	giabHC	-1	-2	sent	sentd
Irl1-HG003-40x-100bp-0-DBC25-PCR-FREE-ILMN-NOVASEQ-sent-sentd-DEL_gt50	DEL_gt50	Irl1-HG003-40x-100bp-0-DBC25-PCR-FREE-ILMN-NOVASEQ	2528531102.0	2528531102.0	0.0	0.0	1.0			0.9999999996045135	1.0	0.0	0.0	HG003	giabHC	-1	-2	sent	sentd
Irl1-HG003-40x-100bp-0-DBC25-PCR-FREE-ILMN-NOVASEQ-sent-sentd-Indel_50	Indel_50	Irl1-HG003-40x-100bp-0-DBC25-PCR-FREE-ILMN-NOVASEQ	2528531102.0	2528499149.0	148.0	31805.0	11.0	0.9975066254763287	0.9953681970394016	0.9999999956495932	0.00034573799346240884	0.9996542620065376	0.9996542620065376	HG003	giabHC	-1	-2	sent	sentd
Irl1-HG003-40x-100bp-0-DBC25-PCR-FREE-ILMN-NOVASEQ-sent-sentd-Indel_gt50	Indel_gt50	Irl1-HG003-40x-100bp-0-DBC25-PCR-FREE-ILMN-NOVASEQ	2528531102.0	2528530655.0	7.0	440.0	0.0	0.992108229988726	0.9843400447427293	1.0	0.0	1.0	1.0	HG003	giabHC	-1	-2	sent	sentd
Irl1-HG003-40x-100bp-0-DBC25-PCR-FREE-ILMN-NOVASEQ-sent-sentd-All	All	Irl1-HG003-40x-100bp-0-DBC25-PCR-FREE-ILMN-NOVASEQ	2528531102.0	2524700388.0	23296.0	3807418.0	11767.0	0.9954165407935451	0.9939186271802072	0.9999953392706663	0.003081023831000593	0.9969189761689994	0.9969189761689994	HG003	giabHC	-1	-2	sent	sentd
Irl1-HG003-40x-100bp-0-DBC25-PCR-FREE-ILMN-NOVASEQ-sent-sentd-SNPts	SNPts	Irl1-HG003-40x-100bp-0-DBC25-PCR-FREE-ILMN-NOVASEQ	337668665.0	337403160.0	1841.0	263664.0	1003.0	0.9946357031303049	0.9930660439539745	0.999997027304017	0.0037896677711992807	0.9962103322288007	0.9962103322288007	HG003	giabHC_x_clinvar_genes	-1	-2	sent	sentd
Irl1-HG003-40x-100bp-0-DBC25-PCR-FREE-ILMN-NOVASEQ-sent-sentd-SNPtv	SNPtv	Irl1-HG003-40x-100bp-0-DBC25-PCR-FREE-ILMN-NOVASEQ	337668665.0	337548459.0	889.0	119317.0	461.0	0.9943746249749984	0.9926043625110228	0.9999986342720338	0.003848786922473242	0.9961512130775267	0.9961512130775267	HG003	giabHC_x_clinvar_genes	-1	-2	sent	sentd
Irl1-HG003-40x-100bp-0-DBC25-PCR-FREE-ILMN-NOVASEQ-sent-sentd-INS_50	INS_50	Irl1-HG003-40x-100bp-0-DBC25-PCR-FREE-ILMN-NOVASEQ	337668665.0	337642337.0	188.0	26140.0	71.0	0.9950703287081977	0.9928593132786387	0.9999997897183579	0.0027087863873946055	0.9972912136126054	0.9972912136126054	HG003	giabHC_x_clinvar_genes	-1	-2	sent	sentd
Irl1-HG003-40x-100bp-0-DBC25-PCR-FREE-ILMN-NOVASEQ-sent-sentd-INS_gt50	INS_gt50	Irl1-HG003-40x-100bp-0-DBC25-PCR-FREE-ILMN-NOVASEQ	337668665.0	337668665.0	0.0	0.0	1.0			0.999999997038517	1.0	0.0	0.0	HG003	giabHC_x_clinvar_genes	-1	-2	sent	sentd
Irl1-HG003-40x-100bp-0-DBC25-PCR-FREE-ILMN-NOVASEQ-sent-sentd-DEL_50	DEL_50	Irl1-HG003-40x-100bp-0-DBC25-PCR-FREE-ILMN-NOVASEQ	337668665.0	337640687.0	162.0	27816.0	60.0	0.9960253518100762	0.9942097362213167	0.9999998222963297	0.002152389151958674	0.9978476108480413	0.9978476108480413	HG003	giabHC_x_clinvar_genes	-1	-2	sent	sentd
Irl1-HG003-40x-100bp-0-DBC25-PCR-FREE-ILMN-NOVASEQ-sent-sentd-DEL_gt50	DEL_gt50	Irl1-HG003-40x-100bp-0-DBC25-PCR-FREE-ILMN-NOVASEQ	337668665.0	337668665.0	0.0	0.0	0.0			1.0				HG003	giabHC_x_clinvar_genes	-1	-2	sent	sentd
Irl1-HG003-40x-100bp-0-DBC25-PCR-FREE-ILMN-NOVASEQ-sent-sentd-Indel_50	Indel_50	Irl1-HG003-40x-100bp-0-DBC25-PCR-FREE-ILMN-NOVASEQ	337668665.0	337665507.0	8.0	3150.0	3.0	0.9982570115671051	0.9974667511082964	0.9999999911154681	0.0009514747859181732	0.9990485252140818	0.9990485252140818	HG003	giabHC_x_clinvar_genes	-1	-2	sent	sentd
Irl1-HG003-40x-100bp-0-DBC25-PCR-FREE-ILMN-NOVASEQ-sent-sentd-Indel_gt50	Indel_gt50	Irl1-HG003-40x-100bp-0-DBC25-PCR-FREE-ILMN-NOVASEQ	337668665.0	337668620.0	1.0	44.0	0.0	0.9887640449438202	0.9777777777777777	1.0	0.0	1.0	1.0	HG003	giabHC_x_clinvar_genes	-1	-2	sent	sentd
Irl1-HG003-40x-100bp-0-DBC25-PCR-FREE-ILMN-NOVASEQ-sent-sentd-All	All	Irl1-HG003-40x-100bp-0-DBC25-PCR-FREE-ILMN-NOVASEQ	337668665.0	337225445.0	3089.0	440131.0	1599.0	0.9947025255664161	0.9930305491629439	0.9999952583874027	0.0036198582844724153	0.9963801417155276	0.9963801417155276	HG003	giabHC_x_clinvar_genes	-1	-2	sent	sentd
Irl1-HG003-40x-100bp-0-DBC25-PCR-FREE-ILMN-NOVASEQ-sent-sentd-SNPts	SNPts	Irl1-HG003-40x-100bp-0-DBC25-PCR-FREE-ILMN-NOVASEQ	2505355380.0	2503152332.0	3858.0	2199190.0	4765.0	0.9980433414726516	0.9982487898584144	0.999998096403935	0.0021620223643404697	0.9978379776356595	0.9978379776356595	HG003	giabHC_x_ultima	-1	-2	sent	sentd
Irl1-HG003-40x-100bp-0-DBC25-PCR-FREE-ILMN-NOVASEQ-sent-sentd-SNPtv	SNPtv	Irl1-HG003-40x-100bp-0-DBC25-PCR-FREE-ILMN-NOVASEQ	2505355380.0	2504321023.0	2322.0	1032035.0	2798.0	0.9975256018055375	0.9977551270982843	0.9999988827323462	0.0027038179107160285	0.997296182089284	0.997296182089284	HG003	giabHC_x_ultima	-1	-2	sent	sentd
Irl1-HG003-40x-100bp-0-DBC25-PCR-FREE-ILMN-NOVASEQ-sent-sentd-INS_50	INS_50	Irl1-HG003-40x-100bp-0-DBC25-PCR-FREE-ILMN-NOVASEQ	2505355380.0	2505201544.0	448.0	153388.0	213.0	0.9978499660092963	0.9970878077953145	0.9999999149769078	0.0013867097219419145	0.9986132902780581	0.9986132902780581	HG003	giabHC_x_ultima	-1	-2	sent	sentd
Irl1-HG003-40x-100bp-0-DBC25-PCR-FREE-ILMN-NOVASEQ-sent-sentd-INS_gt50	INS_gt50	Irl1-HG003-40x-100bp-0-DBC25-PCR-FREE-ILMN-NOVASEQ	2505355380.0	2505355380.0	0.0	0.0	1.0			0.9999999996008551	1.0	0.0	0.0	HG003	giabHC_x_ultima	-1	-2	sent	sentd
Irl1-HG003-40x-100bp-0-DBC25-PCR-FREE-ILMN-NOVASEQ-sent-sentd-DEL_50	DEL_50	Irl1-HG003-40x-100bp-0-DBC25-PCR-FREE-ILMN-NOVASEQ	2505355380.0	2505189866.0	399.0	165115.0	213.0	0.9981501744034916	0.9975893277910026	0.9999999149765114	0.0012883480112261686	0.9987116519887739	0.9987116519887739	HG003	giabHC_x_ultima	-1	-2	sent	sentd
Irl1-HG003-40x-100bp-0-DBC25-PCR-FREE-ILMN-NOVASEQ-sent-sentd-DEL_gt50	DEL_gt50	Irl1-HG003-40x-100bp-0-DBC25-PCR-FREE-ILMN-NOVASEQ	2505355380.0	2505355380.0	0.0	0.0	1.0			0.9999999996008551	1.0	0.0	0.0	HG003	giabHC_x_ultima	-1	-2	sent	sentd
Irl1-HG003-40x-100bp-0-DBC25-PCR-FREE-ILMN-NOVASEQ-sent-sentd-Indel_50	Indel_50	Irl1-HG003-40x-100bp-0-DBC25-PCR-FREE-ILMN-NOVASEQ	2505355380.0	2505341642.0	44.0	13694.0	1.0	0.9983596398498159	0.996797204833309	0.9999999996008528	7.301935012778386e-05	0.9999269806498722	0.9999269806498722	HG003	giabHC_x_ultima	-1	-2	sent	sentd
Irl1-HG003-40x-100bp-0-DBC25-PCR-FREE-ILMN-NOVASEQ-sent-sentd-Indel_gt50	Indel_gt50	Irl1-HG003-40x-100bp-0-DBC25-PCR-FREE-ILMN-NOVASEQ	2505355380.0	2505355032.0	1.0	347.0	0.0	0.9985611510791367	0.9971264367816092	1.0	0.0	1.0	1.0	HG003	giabHC_x_ultima	-1	-2	sent	sentd
Irl1-HG003-40x-100bp-0-DBC25-PCR-FREE-ILMN-NOVASEQ-sent-sentd-All	All	Irl1-HG003-40x-100bp-0-DBC25-PCR-FREE-ILMN-NOVASEQ	2505355380.0	2501784539.0	7072.0	3563769.0	7992.0	0.9978909646652577	0.9980195141704713	0.999996805490503	0.002237551728685094	0.9977624482713149	0.9977624482713149	HG003	giabHC_x_ultima	-1	-2	sent	sentd
Irl1-HG003-40x-100bp-0-DBC25-PCR-FREE-ILMN-NOVASEQ-sent-sentd-SNPts	SNPts	Irl1-HG003-40x-100bp-0-DBC25-PCR-FREE-ILMN-NOVASEQ	688815815.0	688748057.0	3619.0	64139.0	298775.0	0.297855444514619	0.94658933262493	0.9995663937687185	0.8232666692384422	0.17673333076155784	0.17673333076155784	HG003	hg38_m_giabHC	-1	-2	sent	sentd
Irl1-HG003-40x-100bp-0-DBC25-PCR-FREE-ILMN-NOVASEQ-sent-sentd-SNPtv	SNPtv	Irl1-HG003-40x-100bp-0-DBC25-PCR-FREE-ILMN-NOVASEQ	688815815.0	688780878.0	1957.0	32980.0	206960.0	0.23996187385630666	0.9439848870824628	0.999699617339254	0.8625489705759773	0.13745102942402265	0.13745102942402268	HG003	hg38_m_giabHC	-1	-2	sent	sentd
Irl1-HG003-40x-100bp-0-DBC25-PCR-FREE-ILMN-NOVASEQ-sent-sentd-INS_50	INS_50	Irl1-HG003-40x-100bp-0-DBC25-PCR-FREE-ILMN-NOVASEQ	688815815.0	688788612.0	1496.0	25707.0	162304.0	0.23889709777244975	0.9450060655074808	0.9997644186309493	0.8632686385371069	0.1367313614628931	0.13673136146289314	HG003	hg38_m_giabHC	-1	-2	sent	sentd
Irl1-HG003-40x-100bp-0-DBC25-PCR-FREE-ILMN-NOVASEQ-sent-sentd-INS_gt50	INS_gt50	Irl1-HG003-40x-100bp-0-DBC25-PCR-FREE-ILMN-NOVASEQ	688815815.0	688815582.0	170.0	63.0	1148.0	0.08725761772853186	0.2703862660944206	0.9999983333738134	0.9479768786127167	0.052023121387283267	0.05202312138728324	HG003	hg38_m_giabHC	-1	-2	sent	sentd
Irl1-HG003-40x-100bp-0-DBC25-PCR-FREE-ILMN-NOVASEQ-sent-sentd-DEL_50	DEL_50	Irl1-HG003-40x-100bp-0-DBC25-PCR-FREE-ILMN-NOVASEQ	688815815.0	688788487.0	978.0	26350.0	170375.0	0.23521220425524322	0.9642125292740047	0.9997527065701638	0.8660566781039523	0.13394332189604774	0.1339433218960478	HG003	hg38_m_giabHC	-1	-2	sent	sentd
Irl1-HG003-40x-100bp-0-DBC25-PCR-FREE-ILMN-NOVASEQ-sent-sentd-DEL_gt50	DEL_gt50	Irl1-HG003-40x-100bp-0-DBC25-PCR-FREE-ILMN-NOVASEQ	688815815.0	688815679.0	63.0	73.0	1230.0	0.1014593467685893	0.5367647058823529	0.9999982143295498	0.9439754412893323	0.05602455871066769	0.056024558710667687	HG003	hg38_m_giabHC	-1	-2	sent	sentd
Irl1-HG003-40x-100bp-0-DBC25-PCR-FREE-ILMN-NOVASEQ-sent-sentd-Indel_50	Indel_50	Irl1-HG003-40x-100bp-0-DBC25-PCR-FREE-ILMN-NOVASEQ	688815815.0	688806362.0	208.0	9245.0	38847.0	0.3213137544530367	0.9779964032582249	0.9999436056177898	0.8077642851201863	0.19223571487981372	0.1922357148798137	HG003	hg38_m_giabHC	-1	-2	sent	sentd
Irl1-HG003-40x-100bp-0-DBC25-PCR-FREE-ILMN-NOVASEQ-sent-sentd-Indel_gt50	Indel_gt50	Irl1-HG003-40x-100bp-0-DBC25-PCR-FREE-ILMN-NOVASEQ	688815815.0	688814793.0	73.0	949.0	1672.0	0.5209991765028822	0.9285714285714286	0.9999975726480348	0.6379244563143838	0.36207554368561623	0.3620755436856162	HG003	hg38_m_giabHC	-1	-2	sent	sentd
Irl1-HG003-40x-100bp-0-DBC25-PCR-FREE-ILMN-NOVASEQ-sent-sentd-All	All	Irl1-HG003-40x-100bp-0-DBC25-PCR-FREE-ILMN-NOVASEQ	688815815.0	688647745.0	8564.0	159506.0	881311.0	0.26388901526776287	0.9490450407568275	0.9987218653190446	0.8467492364171607	0.1532507635828393	0.15325076358283926	HG003	hg38_m_giabHC	-1	-2	sent	sentd
Irl1-HG003-40x-100bp-0-DBC25-PCR-FREE-ILMN-NOVASEQ-sent-sentd-SNPts	SNPts	Irl1-HG003-40x-100bp-0-DBC25-PCR-FREE-ILMN-NOVASEQ	377862616.0	377589435.0	2443.0	270738.0	33423.0	0.9378773759747254	0.991057211153045	0.9999114910570377	0.10988588280548789	0.8901141171945122	0.8901141171945122	HG003	clinvar_genes	-1	-2	sent	sentd
Irl1-HG003-40x-100bp-0-DBC25-PCR-FREE-ILMN-NOVASEQ-sent-sentd-SNPtv	SNPtv	Irl1-HG003-40x-100bp-0-DBC25-PCR-FREE-ILMN-NOVASEQ	377862616.0	377738348.0	1194.0	123074.0	20074.0	0.920468483561193	0.9903917339942705	0.9999468602185129	0.140232486657166	0.859767513342834	0.859767513342834	HG003	clinvar_genes	-1	-2	sent	sentd
Irl1-HG003-40x-100bp-0-DBC25-PCR-FREE-ILMN-NOVASEQ-sent-sentd-INS_50	INS_50	Irl1-HG003-40x-100bp-0-DBC25-PCR-FREE-ILMN-NOVASEQ	377862616.0	377833443.0	362.0	28811.0	17639.0	0.7619639527656931	0.9875912658965482	0.9999533175876945	0.3797416576964478	0.6202583423035521	0.6202583423035523	HG003	clinvar_genes	-1	-2	sent	sentd
Irl1-HG003-40x-100bp-0-DBC25-PCR-FREE-ILMN-NOVASEQ-sent-sentd-INS_gt50	INS_gt50	Irl1-HG003-40x-100bp-0-DBC25-PCR-FREE-ILMN-NOVASEQ	377862616.0	377862586.0	20.0	10.0	148.0	0.10638297872340426	0.3333333333333333	0.999999608323376	0.9367088607594937	0.06329113924050633	0.06329113924050633	HG003	clinvar_genes	-1	-2	sent	sentd
Irl1-HG003-40x-100bp-0-DBC25-PCR-FREE-ILMN-NOVASEQ-sent-sentd-DEL_50	DEL_50	Irl1-HG003-40x-100bp-0-DBC25-PCR-FREE-ILMN-NOVASEQ	377862616.0	377831782.0	289.0	30545.0	17929.0	0.7702879911232158	0.9906272296815204	0.9999525499173929	0.36986838305070757	0.6301316169492924	0.6301316169492924	HG003	clinvar_genes	-1	-2	sent	sentd
Irl1-HG003-40x-100bp-0-DBC25-PCR-FREE-ILMN-NOVASEQ-sent-sentd-DEL_gt50	DEL_gt50	Irl1-HG003-40x-100bp-0-DBC25-PCR-FREE-ILMN-NOVASEQ	377862616.0	377862599.0	11.0	6.0	161.0	0.06521739130434782	0.35294117647058826	0.9999995739193775	0.9640718562874252	0.0359281437125748	0.03592814371257485	HG003	clinvar_genes	-1	-2	sent	sentd
Irl1-HG003-40x-100bp-0-DBC25-PCR-FREE-ILMN-NOVASEQ-sent-sentd-Indel_50	Indel_50	Irl1-HG003-40x-100bp-0-DBC25-PCR-FREE-ILMN-NOVASEQ	377862616.0	377858531.0	32.0	4053.0	4146.0	0.6598827743406056	0.9921664626682987	0.9999890277599447	0.5056714233443103	0.49432857665568974	0.49432857665568974	HG003	clinvar_genes	-1	-2	sent	sentd
Irl1-HG003-40x-100bp-0-DBC25-PCR-FREE-ILMN-NOVASEQ-sent-sentd-Indel_gt50	Indel_gt50	Irl1-HG003-40x-100bp-0-DBC25-PCR-FREE-ILMN-NOVASEQ	377862616.0	377862452.0	8.0	156.0	184.0	0.6190476190476191	0.9512195121951219	0.9999995130505573	0.5411764705882353	0.45882352941176474	0.4588235294117647	HG003	clinvar_genes	-1	-2	sent	sentd
Irl1-HG003-40x-100bp-0-DBC25-PCR-FREE-ILMN-NOVASEQ-sent-sentd-All	All	Irl1-HG003-40x-100bp-0-DBC25-PCR-FREE-ILMN-NOVASEQ	377862616.0	377400864.0	4359.0	457393.0	93704.0	0.9031810269842789	0.9905598676345744	0.9997517739116183	0.17003177299096167	0.8299682270090383	0.8299682270090384	HG003	clinvar_genes	-1	-2	sent	sentd
Irl1-HG003-40x-100bp-0-DBC25-PCR-FREE-ILMN-NOVASEQ-sent-sentd-SNPts	SNPts	Irl1-HG003-40x-100bp-0-DBC25-PCR-FREE-ILMN-NOVASEQ	332544085.0	332287263.0	481.0	256341.0	508.0	0.9980746431081373	0.9981271074907913	0.9999984712046475	0.0019778157594539983	0.998022184240546	0.998022184240546	HG003	giabHC_x_ultima_x_clinvar	-1	-2	sent	sentd
Irl1-HG003-40x-100bp-0-DBC25-PCR-FREE-ILMN-NOVASEQ-sent-sentd-SNPtv	SNPtv	Irl1-HG003-40x-100bp-0-DBC25-PCR-FREE-ILMN-NOVASEQ	332544085.0	332429491.0	278.0	114316.0	241.0	0.9977351178916959	0.9975740440162661	0.9999992750347614	0.0021037562086995993	0.9978962437913004	0.9978962437913004	HG003	giabHC_x_ultima_x_clinvar	-1	-2	sent	sentd
Irl1-HG003-40x-100bp-0-DBC25-PCR-FREE-ILMN-NOVASEQ-sent-sentd-INS_50	INS_50	Irl1-HG003-40x-100bp-0-DBC25-PCR-FREE-ILMN-NOVASEQ	332544085.0	332526572.0	60.0	17453.0	31.0	0.9973997771237535	0.9965739736195969	0.9999999067743762	0.0017730496453900709	0.99822695035461	0.99822695035461	HG003	giabHC_x_ultima_x_clinvar	-1	-2	sent	sentd
Irl1-HG003-40x-100bp-0-DBC25-PCR-FREE-ILMN-NOVASEQ-sent-sentd-INS_gt50	INS_gt50	Irl1-HG003-40x-100bp-0-DBC25-PCR-FREE-ILMN-NOVASEQ	332544085.0	332544085.0	0.0	0.0	0.0			1.0				HG003	giabHC_x_ultima_x_clinvar	-1	-2	sent	sentd
Irl1-HG003-40x-100bp-0-DBC25-PCR-FREE-ILMN-NOVASEQ-sent-sentd-DEL_50	DEL_50	Irl1-HG003-40x-100bp-0-DBC25-PCR-FREE-ILMN-NOVASEQ	332544085.0	332525138.0	56.0	18891.0	25.0	0.9978607083432376	0.9970443869741912	0.9999999248177197	0.0013216324804398393	0.9986783675195602	0.9986783675195602	HG003	giabHC_x_ultima_x_clinvar	-1	-2	sent	sentd
Irl1-HG003-40x-100bp-0-DBC25-PCR-FREE-ILMN-NOVASEQ-sent-sentd-DEL_gt50	DEL_gt50	Irl1-HG003-40x-100bp-0-DBC25-PCR-FREE-ILMN-NOVASEQ	332544085.0	332544085.0	0.0	0.0	0.0			1.0				HG003	giabHC_x_ultima_x_clinvar	-1	-2	sent	sentd
Irl1-HG003-40x-100bp-0-DBC25-PCR-FREE-ILMN-NOVASEQ-sent-sentd-Indel_50	Indel_50	Irl1-HG003-40x-100bp-0-DBC25-PCR-FREE-ILMN-NOVASEQ	332544085.0	332542811.0	3.0	1271.0	0.0	0.9988212180746562	0.9976452119309263	1.0	0.0	1.0	1.0	HG003	giabHC_x_ultima_x_clinvar	-1	-2	sent	sentd
Irl1-HG003-40x-100bp-0-DBC25-PCR-FREE-ILMN-NOVASEQ-sent-sentd-Indel_gt50	Indel_gt50	Irl1-HG003-40x-100bp-0-DBC25-PCR-FREE-ILMN-NOVASEQ	332544085.0	332544055.0	0.0	30.0	0.0	1.0	1.0	1.0	0.0	1.0	1.0	HG003	giabHC_x_ultima_x_clinvar	-1	-2	sent	sentd
Irl1-HG003-40x-100bp-0-DBC25-PCR-FREE-ILMN-NOVASEQ-sent-sentd-All	All	Irl1-HG003-40x-100bp-0-DBC25-PCR-FREE-ILMN-NOVASEQ	332544085.0	332134905.0	878.0	408302.0	805.0	0.9979432644047871	0.9978542450755169	0.999997576291932	0.00196770038156277	0.9980322996184372	0.9980322996184372	HG003	giabHC_x_ultima_x_clinvar	-1	-2	sent	sentd
Irl1-HG003-40x-100bp-0-DBC25-PCR-FREE-ILMN-NOVASEQ-sent-sentd-SNPts	SNPts	Irl1-HG003-40x-100bp-0-DBC25-PCR-FREE-ILMN-NOVASEQ	2799325643.0	2797071553.0	4724.0	2249366.0	154445.0	0.9658281702423474	0.9979042540448696	0.9999447863704576	0.06425005959287149	0.9357499404071286	0.9357499404071286	HG003	ultima	-1	-2	sent	sentd
Irl1-HG003-40x-100bp-0-DBC25-PCR-FREE-ILMN-NOVASEQ-sent-sentd-SNPtv	SNPtv	Irl1-HG003-40x-100bp-0-DBC25-PCR-FREE-ILMN-NOVASEQ	2799325643.0	2798267003.0	2785.0	1055855.0	84459.0	0.9603247725964255	0.9973692662283685	0.999969818301544	0.074066441348611	0.925933558651389	0.925933558651389	HG003	ultima	-1	-2	sent	sentd
Irl1-HG003-40x-100bp-0-DBC25-PCR-FREE-ILMN-NOVASEQ-sent-sentd-INS_50	INS_50	Irl1-HG003-40x-100bp-0-DBC25-PCR-FREE-ILMN-NOVASEQ	2799325643.0	2799161402.0	703.0	163538.0	27009.0	0.9218913830231011	0.9957197045804641	0.999990351131816	0.14174455646113557	0.8582554435388644	0.8582554435388644	HG003	ultima	-1	-2	sent	sentd
Irl1-HG003-40x-100bp-0-DBC25-PCR-FREE-ILMN-NOVASEQ-sent-sentd-INS_gt50	INS_gt50	Irl1-HG003-40x-100bp-0-DBC25-PCR-FREE-ILMN-NOVASEQ	2799325643.0	2799325548.0	68.0	27.0	214.0	0.16071428571428573	0.28421052631578947	0.9999999235530201	0.8879668049792531	0.11203319502074693	0.11203319502074689	HG003	ultima	-1	-2	sent	sentd
Irl1-HG003-40x-100bp-0-DBC25-PCR-FREE-ILMN-NOVASEQ-sent-sentd-DEL_50	DEL_50	Irl1-HG003-40x-100bp-0-DBC25-PCR-FREE-ILMN-NOVASEQ	2799325643.0	2799148116.0	687.0	176840.0	35424.0	0.9073580457219381	0.9961301661155768	0.9999873448812864	0.16688651867485774	0.8331134813251423	0.8331134813251423	HG003	ultima	-1	-2	sent	sentd
Irl1-HG003-40x-100bp-0-DBC25-PCR-FREE-ILMN-NOVASEQ-sent-sentd-DEL_gt50	DEL_gt50	Irl1-HG003-40x-100bp-0-DBC25-PCR-FREE-ILMN-NOVASEQ	2799325643.0	2799325556.0	40.0	47.0	387.0	0.18042226487523993	0.5402298850574713	0.9999998617524333	0.8917050691244239	0.10829493087557607	0.10829493087557604	HG003	ultima	-1	-2	sent	sentd
Irl1-HG003-40x-100bp-0-DBC25-PCR-FREE-ILMN-NOVASEQ-sent-sentd-Indel_50	Indel_50	Irl1-HG003-40x-100bp-0-DBC25-PCR-FREE-ILMN-NOVASEQ	2799325643.0	2799308403.0	65.0	17175.0	2562.0	0.9289558374124456	0.99622969837587	0.9999990847747778	0.12980696154430765	0.8701930384556924	0.8701930384556924	HG003	ultima	-1	-2	sent	sentd
Irl1-HG003-40x-100bp-0-DBC25-PCR-FREE-ILMN-NOVASEQ-sent-sentd-Indel_gt50	Indel_gt50	Irl1-HG003-40x-100bp-0-DBC25-PCR-FREE-ILMN-NOVASEQ	2799325643.0	2799324760.0	21.0	862.0	380.0	0.8112941176470588	0.9762174405436014	0.9999998642529964	0.3059581320450886	0.6940418679549114	0.6940418679549114	HG003	ultima	-1	-2	sent	sentd
Irl1-HG003-40x-100bp-0-DBC25-PCR-FREE-ILMN-NOVASEQ-sent-sentd-All	All	Irl1-HG003-40x-100bp-0-DBC25-PCR-FREE-ILMN-NOVASEQ	2799325643.0	2795652840.0	9093.0	3663710.0	304880.0	0.958911549242396	0.9975242342156658	0.9998909568632532	0.0768232546067999	0.9231767453932	0.9231767453932	HG003	ultima	-1	-2	sent	sentd
Irl1-HG003-40x-150bp-0-DBC22-PCR-FREE-ILMN-NOVASEQ-sent-sentd-SNPts	SNPts	Irl1-HG003-40x-150bp-0-DBC22-PCR-FREE-ILMN-NOVASEQ	332544085.0	332287262.0	440.0	256383.0	107.0	0.9989343733745296	0.9982867578059598	0.9999996779895657	0.0004171702600491247	0.9995828297399508	0.9995828297399508	HG003	giabHC_x_ultima_x_clinvar	-1	-2	sent	sentd
Irl1-HG003-40x-150bp-0-DBC22-PCR-FREE-ILMN-NOVASEQ-sent-sentd-SNPtv	SNPtv	Irl1-HG003-40x-150bp-0-DBC22-PCR-FREE-ILMN-NOVASEQ	332544085.0	332429490.0	280.0	114315.0	44.0	0.9985848685762205	0.9975566124176447	0.9999998676411224	0.00038475327696114867	0.9996152467230388	0.9996152467230388	HG003	giabHC_x_ultima_x_clinvar	-1	-2	sent	sentd
Irl1-HG003-40x-150bp-0-DBC22-PCR-FREE-ILMN-NOVASEQ-sent-sentd-INS_50	INS_50	Irl1-HG003-40x-150bp-0-DBC22-PCR-FREE-ILMN-NOVASEQ	332544085.0	332526581.0	37.0	17467.0	12.0	0.9985993196695538	0.997886197440585	0.9999999639126607	0.0006865381314720522	0.999313461868528	0.999313461868528	HG003	giabHC_x_ultima_x_clinvar	-1	-2	sent	sentd
Irl1-HG003-40x-150bp-0-DBC22-PCR-FREE-ILMN-NOVASEQ-sent-sentd-INS_gt50	INS_gt50	Irl1-HG003-40x-150bp-0-DBC22-PCR-FREE-ILMN-NOVASEQ	332544085.0	332544085.0	0.0	0.0	0.0			1.0				HG003	giabHC_x_ultima_x_clinvar	-1	-2	sent	sentd
Irl1-HG003-40x-150bp-0-DBC22-PCR-FREE-ILMN-NOVASEQ-sent-sentd-DEL_50	DEL_50	Irl1-HG003-40x-150bp-0-DBC22-PCR-FREE-ILMN-NOVASEQ	332544085.0	332525159.0	35.0	18891.0	8.0	0.9988631857237276	0.9981506921695023	0.9999999759416706	0.00042330282025503996	0.999576697179745	0.999576697179745	HG003	giabHC_x_ultima_x_clinvar	-1	-2	sent	sentd
Irl1-HG003-40x-150bp-0-DBC22-PCR-FREE-ILMN-NOVASEQ-sent-sentd-DEL_gt50	DEL_gt50	Irl1-HG003-40x-150bp-0-DBC22-PCR-FREE-ILMN-NOVASEQ	332544085.0	332544085.0	0.0	0.0	0.0			1.0				HG003	giabHC_x_ultima_x_clinvar	-1	-2	sent	sentd
Irl1-HG003-40x-150bp-0-DBC22-PCR-FREE-ILMN-NOVASEQ-sent-sentd-Indel_50	Indel_50	Irl1-HG003-40x-150bp-0-DBC22-PCR-FREE-ILMN-NOVASEQ	332544085.0	332542780.0	1.0	1304.0	0.0	0.9996167113836719	0.9992337164750957	1.0	0.0	1.0	1.0	HG003	giabHC_x_ultima_x_clinvar	-1	-2	sent	sentd
Irl1-HG003-40x-150bp-0-DBC22-PCR-FREE-ILMN-NOVASEQ-sent-sentd-Indel_gt50	Indel_gt50	Irl1-HG003-40x-150bp-0-DBC22-PCR-FREE-ILMN-NOVASEQ	332544085.0	332544054.0	0.0	31.0	0.0	1.0	1.0	1.0	0.0	1.0	1.0	HG003	giabHC_x_ultima_x_clinvar	-1	-2	sent	sentd
Irl1-HG003-40x-150bp-0-DBC22-PCR-FREE-ILMN-NOVASEQ-sent-sentd-All	All	Irl1-HG003-40x-150bp-0-DBC22-PCR-FREE-ILMN-NOVASEQ	332544085.0	332134901.0	793.0	408391.0	171.0	0.9988211498435945	0.9980619965590053	0.9999994851492227	0.0004185411271728648	0.9995814588728271	0.9995814588728271	HG003	giabHC_x_ultima_x_clinvar	-1	-2	sent	sentd
Irl1-HG003-40x-150bp-0-DBC22-PCR-FREE-ILMN-NOVASEQ-sent-sentd-SNPts	SNPts	Irl1-HG003-40x-150bp-0-DBC22-PCR-FREE-ILMN-NOVASEQ	688815815.0	688748097.0	3016.0	64702.0	304887.0	0.2959111105013183	0.9554623586048022	0.9995575274948668	0.8249352659305337	0.17506473406946632	0.17506473406946635	HG003	hg38_m_giabHC	-1	-2	sent	sentd
Irl1-HG003-40x-150bp-0-DBC22-PCR-FREE-ILMN-NOVASEQ-sent-sentd-SNPtv	SNPtv	Irl1-HG003-40x-150bp-0-DBC22-PCR-FREE-ILMN-NOVASEQ	688815815.0	688780924.0	1600.0	33291.0	219306.0	0.231599231967943	0.9541429021810782	0.9996817040249755	0.8682050855710876	0.13179491442891245	0.13179491442891245	HG003	hg38_m_giabHC	-1	-2	sent	sentd
Irl1-HG003-40x-150bp-0-DBC22-PCR-FREE-ILMN-NOVASEQ-sent-sentd-INS_50	INS_50	Irl1-HG003-40x-150bp-0-DBC22-PCR-FREE-ILMN-NOVASEQ	688815815.0	688788810.0	955.0	26050.0	170710.0	0.23283355305789555	0.9646361784854657	0.9997522205658759	0.867605204309819	0.13239479569018098	0.13239479569018092	HG003	hg38_m_giabHC	-1	-2	sent	sentd
Irl1-HG003-40x-150bp-0-DBC22-PCR-FREE-ILMN-NOVASEQ-sent-sentd-INS_gt50	INS_gt50	Irl1-HG003-40x-150bp-0-DBC22-PCR-FREE-ILMN-NOVASEQ	688815815.0	688815583.0	144.0	88.0	1678.0	0.08808808808808809	0.3793103448275862	0.9999975639402567	0.9501698754246886	0.04983012457531144	0.04983012457531144	HG003	hg38_m_giabHC	-1	-2	sent	sentd
Irl1-HG003-40x-150bp-0-DBC22-PCR-FREE-ILMN-NOVASEQ-sent-sentd-DEL_50	DEL_50	Irl1-HG003-40x-150bp-0-DBC22-PCR-FREE-ILMN-NOVASEQ	688815815.0	688788661.0	666.0	26488.0	174382.0	0.23232642178016352	0.9754732267805848	0.9997468920840215	0.868133618758401	0.131866381241599	0.13186638124159905	HG003	hg38_m_giabHC	-1	-2	sent	sentd
Irl1-HG003-40x-150bp-0-DBC22-PCR-FREE-ILMN-NOVASEQ-sent-sentd-DEL_gt50	DEL_gt50	Irl1-HG003-40x-150bp-0-DBC22-PCR-FREE-ILMN-NOVASEQ	688815815.0	688815678.0	48.0	89.0	1686.0	0.09309623430962342	0.6496350364963503	0.9999975523265119	0.9498591549295775	0.05014084507042249	0.05014084507042253	HG003	hg38_m_giabHC	-1	-2	sent	sentd
Irl1-HG003-40x-150bp-0-DBC22-PCR-FREE-ILMN-NOVASEQ-sent-sentd-Indel_50	Indel_50	Irl1-HG003-40x-150bp-0-DBC22-PCR-FREE-ILMN-NOVASEQ	688815815.0	688806008.0	116.0	9691.0	42477.0	0.3127390076643808	0.9881717140817783	0.9999383362220794	0.8142347799417268	0.18576522005827323	0.18576522005827328	HG003	hg38_m_giabHC	-1	-2	sent	sentd
Irl1-HG003-40x-150bp-0-DBC22-PCR-FREE-ILMN-NOVASEQ-sent-sentd-Indel_gt50	Indel_gt50	Irl1-HG003-40x-150bp-0-DBC22-PCR-FREE-ILMN-NOVASEQ	688815815.0	688814704.0	41.0	1070.0	2325.0	0.47492232578783844	0.963096309630963	0.9999966246479077	0.6848306332842415	0.31516936671575846	0.31516936671575846	HG003	hg38_m_giabHC	-1	-2	sent	sentd
Irl1-HG003-40x-150bp-0-DBC22-PCR-FREE-ILMN-NOVASEQ-sent-sentd-All	All	Irl1-HG003-40x-150bp-0-DBC22-PCR-FREE-ILMN-NOVASEQ	688815815.0	688647760.0	6586.0	161469.0	917451.0	0.25897712464163275	0.9608104489601619	0.998669522497126	0.850342008675342	0.14965799132465796	0.14965799132465799	HG003	hg38_m_giabHC	-1	-2	sent	sentd
Irl1-HG003-40x-150bp-0-DBC22-PCR-FREE-ILMN-NOVASEQ-sent-sentd-SNPts	SNPts	Irl1-HG003-40x-150bp-0-DBC22-PCR-FREE-ILMN-NOVASEQ	2799325643.0	2797071538.0	3433.0	2250672.0	145979.0	0.9678736102259503	0.9984770008495611	0.9999478127821262	0.06090957757303838	0.9390904224269616	0.9390904224269616	HG003	ultima	-1	-2	sent	sentd
Irl1-HG003-40x-150bp-0-DBC22-PCR-FREE-ILMN-NOVASEQ-sent-sentd-SNPtv	SNPtv	Irl1-HG003-40x-150bp-0-DBC22-PCR-FREE-ILMN-NOVASEQ	2799325643.0	2798266997.0	2124.0	1056522.0	79417.0	0.9628444557854903	0.9979936636042643	0.999971620025454	0.06991308512164826	0.9300869148783517	0.9300869148783517	HG003	ultima	-1	-2	sent	sentd
Irl1-HG003-40x-150bp-0-DBC22-PCR-FREE-ILMN-NOVASEQ-sent-sentd-INS_50	INS_50	Irl1-HG003-40x-150bp-0-DBC22-PCR-FREE-ILMN-NOVASEQ	2799325643.0	2799161584.0	335.0	163724.0	27230.0	0.9223549560156952	0.997958051676531	0.9999902721817607	0.14259978843072155	0.8574002115692785	0.8574002115692785	HG003	ultima	-1	-2	sent	sentd
Irl1-HG003-40x-150bp-0-DBC22-PCR-FREE-ILMN-NOVASEQ-sent-sentd-INS_gt50	INS_gt50	Irl1-HG003-40x-150bp-0-DBC22-PCR-FREE-ILMN-NOVASEQ	2799325643.0	2799325547.0	59.0	37.0	353.0	0.1522633744855967	0.3854166666666667	0.9999998738982124	0.9051282051282051	0.09487179487179487	0.09487179487179487	HG003	ultima	-1	-2	sent	sentd
Irl1-HG003-40x-150bp-0-DBC22-PCR-FREE-ILMN-NOVASEQ-sent-sentd-DEL_50	DEL_50	Irl1-HG003-40x-150bp-0-DBC22-PCR-FREE-ILMN-NOVASEQ	2799325643.0	2799148389.0	352.0	176902.0	35656.0	0.9076272664771736	0.9980141491870423	0.999987262002274	0.16774715607034316	0.8322528439296568	0.8322528439296568	HG003	ultima	-1	-2	sent	sentd
Irl1-HG003-40x-150bp-0-DBC22-PCR-FREE-ILMN-NOVASEQ-sent-sentd-DEL_gt50	DEL_gt50	Irl1-HG003-40x-150bp-0-DBC22-PCR-FREE-ILMN-NOVASEQ	2799325643.0	2799325555.0	33.0	55.0	564.0	0.1555869872701556	0.625	0.9999997985229387	0.9111470113085622	0.08885298869143776	0.0888529886914378	HG003	ultima	-1	-2	sent	sentd
Irl1-HG003-40x-150bp-0-DBC22-PCR-FREE-ILMN-NOVASEQ-sent-sentd-Indel_50	Indel_50	Irl1-HG003-40x-150bp-0-DBC22-PCR-FREE-ILMN-NOVASEQ	2799325643.0	2799307984.0	24.0	17635.0	2671.0	0.9290135651257737	0.998640919644374	0.9999990458365187	0.13153747660789913	0.8684625233921008	0.8684625233921008	HG003	ultima	-1	-2	sent	sentd
Irl1-HG003-40x-150bp-0-DBC22-PCR-FREE-ILMN-NOVASEQ-sent-sentd-Indel_gt50	Indel_gt50	Irl1-HG003-40x-150bp-0-DBC22-PCR-FREE-ILMN-NOVASEQ	2799325643.0	2799324707.0	10.0	926.0	465.0	0.7958745165449076	0.9893162393162394	0.9999998338885369	0.3342918763479511	0.6657081236520489	0.6657081236520489	HG003	ultima	-1	-2	sent	sentd
Irl1-HG003-40x-150bp-0-DBC22-PCR-FREE-ILMN-NOVASEQ-sent-sentd-All	All	Irl1-HG003-40x-150bp-0-DBC22-PCR-FREE-ILMN-NOVASEQ	2799325643.0	2795652800.0	6370.0	3666473.0	292335.0	0.9608597143658693	0.9982656487086434	0.9998954432272864	0.07384419754633213	0.9261558024536679	0.9261558024536679	HG003	ultima	-1	-2	sent	sentd
Irl1-HG003-40x-150bp-0-DBC22-PCR-FREE-ILMN-NOVASEQ-sent-sentd-SNPts	SNPts	Irl1-HG003-40x-150bp-0-DBC22-PCR-FREE-ILMN-NOVASEQ	2505355380.0	2503152321.0	2660.0	2200399.0	972.0	0.9991753757012827	0.9987925879424927	0.9999996116897824	0.00044154302023602566	0.999558456979764	0.999558456979764	HG003	giabHC_x_ultima	-1	-2	sent	sentd
Irl1-HG003-40x-150bp-0-DBC22-PCR-FREE-ILMN-NOVASEQ-sent-sentd-SNPtv	SNPtv	Irl1-HG003-40x-150bp-0-DBC22-PCR-FREE-ILMN-NOVASEQ	2505355380.0	2504321019.0	1712.0	1032649.0	526.0	0.9989175521006648	0.9983448718580844	0.9999997899630736	0.000509110266895734	0.9994908897331043	0.9994908897331043	HG003	giabHC_x_ultima	-1	-2	sent	sentd
Irl1-HG003-40x-150bp-0-DBC22-PCR-FREE-ILMN-NOVASEQ-sent-sentd-INS_50	INS_50	Irl1-HG003-40x-150bp-0-DBC22-PCR-FREE-ILMN-NOVASEQ	2505355380.0	2505201677.0	180.0	153523.0	66.0	0.9991994584955026	0.9988289103010352	0.9999999736548163	0.00042971827409515005	0.9995702817259049	0.9995702817259049	HG003	giabHC_x_ultima	-1	-2	sent	sentd
Irl1-HG003-40x-150bp-0-DBC22-PCR-FREE-ILMN-NOVASEQ-sent-sentd-INS_gt50	INS_gt50	Irl1-HG003-40x-150bp-0-DBC22-PCR-FREE-ILMN-NOVASEQ	2505355380.0	2505355380.0	0.0	0.0	1.0			0.9999999996008551	1.0	0.0	0.0	HG003	giabHC_x_ultima	-1	-2	sent	sentd
Irl1-HG003-40x-150bp-0-DBC22-PCR-FREE-ILMN-NOVASEQ-sent-sentd-DEL_50	DEL_50	Irl1-HG003-40x-150bp-0-DBC22-PCR-FREE-ILMN-NOVASEQ	2505355380.0	2505190046.0	173.0	165161.0	45.0	0.9993404731651236	0.9989536332514788	0.9999999820372912	0.000272387201433362	0.9997276127985666	0.9997276127985666	HG003	giabHC_x_ultima	-1	-2	sent	sentd
Irl1-HG003-40x-150bp-0-DBC22-PCR-FREE-ILMN-NOVASEQ-sent-sentd-DEL_gt50	DEL_gt50	Irl1-HG003-40x-150bp-0-DBC22-PCR-FREE-ILMN-NOVASEQ	2505355380.0	2505355380.0	0.0	0.0	1.0			0.9999999996008551	1.0	0.0	0.0	HG003	giabHC_x_ultima	-1	-2	sent	sentd
Irl1-HG003-40x-150bp-0-DBC22-PCR-FREE-ILMN-NOVASEQ-sent-sentd-Indel_50	Indel_50	Irl1-HG003-40x-150bp-0-DBC22-PCR-FREE-ILMN-NOVASEQ	2505355380.0	2505341346.0	17.0	14017.0	0.0	0.9993939609996078	0.9987886561208493	1.0	0.0	1.0	1.0	HG003	giabHC_x_ultima	-1	-2	sent	sentd
Irl1-HG003-40x-150bp-0-DBC22-PCR-FREE-ILMN-NOVASEQ-sent-sentd-Indel_gt50	Indel_gt50	Irl1-HG003-40x-150bp-0-DBC22-PCR-FREE-ILMN-NOVASEQ	2505355380.0	2505355014.0	0.0	366.0	0.0	1.0	1.0	1.0	0.0	1.0	1.0	HG003	giabHC_x_ultima	-1	-2	sent	sentd
Irl1-HG003-40x-150bp-0-DBC22-PCR-FREE-ILMN-NOVASEQ-sent-sentd-All	All	Irl1-HG003-40x-150bp-0-DBC22-PCR-FREE-ILMN-NOVASEQ	2505355380.0	2501784523.0	4742.0	3566115.0	1611.0	0.9991100474702052	0.9986720274712765	0.9999993560600652	0.0004515481289762723	0.9995484518710237	0.9995484518710237	HG003	giabHC_x_ultima	-1	-2	sent	sentd
Irl1-HG003-40x-150bp-0-DBC22-PCR-FREE-ILMN-NOVASEQ-sent-sentd-SNPts	SNPts	Irl1-HG003-40x-150bp-0-DBC22-PCR-FREE-ILMN-NOVASEQ	337668665.0	337403161.0	1607.0	263897.0	414.0	0.9961854609627889	0.993947360491744	0.99999877298277	0.001566336626171442	0.9984336633738286	0.9984336633738286	HG003	giabHC_x_clinvar_genes	-1	-2	sent	sentd
Irl1-HG003-40x-150bp-0-DBC22-PCR-FREE-ILMN-NOVASEQ-sent-sentd-SNPtv	SNPtv	Irl1-HG003-40x-150bp-0-DBC22-PCR-FREE-ILMN-NOVASEQ	337668665.0	337548459.0	809.0	119397.0	200.0	0.9957923795782372	0.9932698866945078	0.999999407492832	0.0016722827495672969	0.9983277172504327	0.9983277172504327	HG003	giabHC_x_clinvar_genes	-1	-2	sent	sentd
Irl1-HG003-40x-150bp-0-DBC22-PCR-FREE-ILMN-NOVASEQ-sent-sentd-INS_50	INS_50	Irl1-HG003-40x-150bp-0-DBC22-PCR-FREE-ILMN-NOVASEQ	337668665.0	337642368.0	123.0	26174.0	42.0	0.9968579208957782	0.995322660379511	0.9999998756080435	0.00160207506866036	0.9983979249313396	0.9983979249313396	HG003	giabHC_x_clinvar_genes	-1	-2	sent	sentd
Irl1-HG003-40x-150bp-0-DBC22-PCR-FREE-ILMN-NOVASEQ-sent-sentd-INS_gt50	INS_gt50	Irl1-HG003-40x-150bp-0-DBC22-PCR-FREE-ILMN-NOVASEQ	337668665.0	337668665.0	0.0	0.0	0.0			1.0				HG003	giabHC_x_clinvar_genes	-1	-2	sent	sentd
Irl1-HG003-40x-150bp-0-DBC22-PCR-FREE-ILMN-NOVASEQ-sent-sentd-DEL_50	DEL_50	Irl1-HG003-40x-150bp-0-DBC22-PCR-FREE-ILMN-NOVASEQ	337668665.0	337640714.0	103.0	27848.0	30.0	0.9976177255548192	0.9963149797860542	0.999999911148164	0.0010761173685343282	0.9989238826314657	0.9989238826314657	HG003	giabHC_x_clinvar_genes	-1	-2	sent	sentd
Irl1-HG003-40x-150bp-0-DBC22-PCR-FREE-ILMN-NOVASEQ-sent-sentd-DEL_gt50	DEL_gt50	Irl1-HG003-40x-150bp-0-DBC22-PCR-FREE-ILMN-NOVASEQ	337668665.0	337668665.0	0.0	0.0	0.0			1.0				HG003	giabHC_x_clinvar_genes	-1	-2	sent	sentd
Irl1-HG003-40x-150bp-0-DBC22-PCR-FREE-ILMN-NOVASEQ-sent-sentd-Indel_50	Indel_50	Irl1-HG003-40x-150bp-0-DBC22-PCR-FREE-ILMN-NOVASEQ	337668665.0	337665446.0	3.0	3216.0	2.0	0.9992232406400499	0.9990680335507922	0.9999999940769776	0.0006215040397762585	0.9993784959602238	0.9993784959602238	HG003	giabHC_x_clinvar_genes	-1	-2	sent	sentd
Irl1-HG003-40x-150bp-0-DBC22-PCR-FREE-ILMN-NOVASEQ-sent-sentd-Indel_gt50	Indel_gt50	Irl1-HG003-40x-150bp-0-DBC22-PCR-FREE-ILMN-NOVASEQ	337668665.0	337668619.0	0.0	46.0	0.0	1.0	1.0	1.0	0.0	1.0	1.0	HG003	giabHC_x_clinvar_genes	-1	-2	sent	sentd
Irl1-HG003-40x-150bp-0-DBC22-PCR-FREE-ILMN-NOVASEQ-sent-sentd-All	All	Irl1-HG003-40x-150bp-0-DBC22-PCR-FREE-ILMN-NOVASEQ	337668665.0	337225442.0	2645.0	440578.0	688.0	0.9962317224973969	0.9940323494042502	0.9999979598259482	0.0015591502631066068	0.9984408497368934	0.9984408497368934	HG003	giabHC_x_clinvar_genes	-1	-2	sent	sentd
Irl1-HG003-40x-150bp-0-DBC22-PCR-FREE-ILMN-NOVASEQ-sent-sentd-SNPts	SNPts	Irl1-HG003-40x-150bp-0-DBC22-PCR-FREE-ILMN-NOVASEQ	2528531102.0	2526276515.0	9925.0	2244662.0	2451.0	0.9972508163582646	0.9955978633780821	0.9999990297983584	0.0010907328647914013	0.9989092671352086	0.9989092671352086	HG003	giabHC	-1	-2	sent	sentd
Irl1-HG003-40x-150bp-0-DBC22-PCR-FREE-ILMN-NOVASEQ-sent-sentd-SNPtv	SNPtv	Irl1-HG003-40x-150bp-0-DBC22-PCR-FREE-ILMN-NOVASEQ	2528531102.0	2527459617.0	5343.0	1066142.0	1307.0	0.9968909746630797	0.9950134626243018	0.9999994828802347	0.0012244144685132497	0.9987755855314867	0.9987755855314867	HG003	giabHC	-1	-2	sent	sentd
Irl1-HG003-40x-150bp-0-DBC22-PCR-FREE-ILMN-NOVASEQ-sent-sentd-INS_50	INS_50	Irl1-HG003-40x-150bp-0-DBC22-PCR-FREE-ILMN-NOVASEQ	2528531102.0	2528302399.0	645.0	228058.0	209.0	0.9981311683480317	0.997179748407323	0.9999999173358445	0.0009155944573679068	0.9990844055426321	0.9990844055426321	HG003	giabHC	-1	-2	sent	sentd
Irl1-HG003-40x-150bp-0-DBC22-PCR-FREE-ILMN-NOVASEQ-sent-sentd-INS_gt50	INS_gt50	Irl1-HG003-40x-150bp-0-DBC22-PCR-FREE-ILMN-NOVASEQ	2528531102.0	2528531100.0	0.0	2.0	2.0	0.6666666666666666	1.0	0.9999999992090269	0.5	0.5	0.5	HG003	giabHC	-1	-2	sent	sentd
Irl1-HG003-40x-150bp-0-DBC22-PCR-FREE-ILMN-NOVASEQ-sent-sentd-DEL_50	DEL_50	Irl1-HG003-40x-150bp-0-DBC22-PCR-FREE-ILMN-NOVASEQ	2528531102.0	2528288170.0	609.0	242323.0	183.0	0.9983684837198571	0.9974931256483296	0.9999999276190156	0.0007546205042349468	0.9992453794957651	0.9992453794957651	HG003	giabHC	-1	-2	sent	sentd
Irl1-HG003-40x-150bp-0-DBC22-PCR-FREE-ILMN-NOVASEQ-sent-sentd-DEL_gt50	DEL_gt50	Irl1-HG003-40x-150bp-0-DBC22-PCR-FREE-ILMN-NOVASEQ	2528531102.0	2528531102.0	0.0	0.0	1.0			0.9999999996045135	1.0	0.0	0.0	HG003	giabHC	-1	-2	sent	sentd
Irl1-HG003-40x-150bp-0-DBC22-PCR-FREE-ILMN-NOVASEQ-sent-sentd-Indel_50	Indel_50	Irl1-HG003-40x-150bp-0-DBC22-PCR-FREE-ILMN-NOVASEQ	2528531102.0	2528498585.0	64.0	32453.0	9.0	0.9988765601194232	0.9980317987514223	0.9999999964405755	0.0002772472429301953	0.9997227527570698	0.9997227527570698	HG003	giabHC	-1	-2	sent	sentd
Irl1-HG003-40x-150bp-0-DBC22-PCR-FREE-ILMN-NOVASEQ-sent-sentd-Indel_gt50	Indel_gt50	Irl1-HG003-40x-150bp-0-DBC22-PCR-FREE-ILMN-NOVASEQ	2528531102.0	2528530633.0	4.0	465.0	1.0	0.9946524064171122	0.9914712153518124	0.9999999996045134	0.002145922746781116	0.9978540772532188	0.9978540772532188	HG003	giabHC	-1	-2	sent	sentd
Irl1-HG003-40x-150bp-0-DBC22-PCR-FREE-ILMN-NOVASEQ-sent-sentd-All	All	Irl1-HG003-40x-150bp-0-DBC22-PCR-FREE-ILMN-NOVASEQ	2528531102.0	2524700407.0	16590.0	3814105.0	4163.0	0.9972868217560995	0.9956691931881813	0.9999983510942034	0.001090284914521453	0.9989097150854785	0.9989097150854785	HG003	giabHC	-1	-2	sent	sentd
Irl1-HG003-40x-150bp-0-DBC22-PCR-FREE-ILMN-NOVASEQ-sent-sentd-SNPts	SNPts	Irl1-HG003-40x-150bp-0-DBC22-PCR-FREE-ILMN-NOVASEQ	3088286401.0	3085964131.0	12941.0	2309329.0	307338.0	0.9351522402492681	0.9944274352250169	0.9999004177036638	0.11745399777656079	0.8825460022234393	0.8825460022234392	HG003	hg38	-1	-2	sent	sentd
Irl1-HG003-40x-150bp-0-DBC22-PCR-FREE-ILMN-NOVASEQ-sent-sentd-SNPtv	SNPtv	Irl1-HG003-40x-150bp-0-DBC22-PCR-FREE-ILMN-NOVASEQ	3088286401.0	3087180037.0	6943.0	1099421.0	220613.0	0.9062165399081271	0.9937244885046874	0.9999285440974433	0.1671267558259863	0.8328732441740136	0.8328732441740136	HG003	hg38	-1	-2	sent	sentd
Irl1-HG003-40x-150bp-0-DBC22-PCR-FREE-ILMN-NOVASEQ-sent-sentd-INS_50	INS_50	Irl1-HG003-40x-150bp-0-DBC22-PCR-FREE-ILMN-NOVASEQ	3088286401.0	3088030624.0	1601.0	254176.0	170919.0	0.746619041464475	0.9937406412617241	0.9999446541951293	0.402072477916701	0.597927522083299	0.597927522083299	HG003	hg38	-1	-2	sent	sentd
Irl1-HG003-40x-150bp-0-DBC22-PCR-FREE-ILMN-NOVASEQ-sent-sentd-INS_gt50	INS_gt50	Irl1-HG003-40x-150bp-0-DBC22-PCR-FREE-ILMN-NOVASEQ	3088286401.0	3088286168.0	144.0	89.0	1680.0	0.08891108891108891	0.38197424892703863	0.9999994560092573	0.9496890898812889	0.05031091011871114	0.05031091011871114	HG003	hg38	-1	-2	sent	sentd
Irl1-HG003-40x-150bp-0-DBC22-PCR-FREE-ILMN-NOVASEQ-sent-sentd-DEL_50	DEL_50	Irl1-HG003-40x-150bp-0-DBC22-PCR-FREE-ILMN-NOVASEQ	3088286401.0	3088016515.0	1269.0	268617.0	174560.0	0.7534172997336841	0.995298014717325	0.9999434750001666	0.3938832565769433	0.6061167434230568	0.6061167434230567	HG003	hg38	-1	-2	sent	sentd
Irl1-HG003-40x-150bp-0-DBC22-PCR-FREE-ILMN-NOVASEQ-sent-sentd-DEL_gt50	DEL_gt50	Irl1-HG003-40x-150bp-0-DBC22-PCR-FREE-ILMN-NOVASEQ	3088286401.0	3088286264.0	48.0	89.0	1687.0	0.09304756926293781	0.6496350364963503	0.9999994537426474	0.9498873873873874	0.05011261261261257	0.050112612612612614	HG003	hg38	-1	-2	sent	sentd
Irl1-HG003-40x-150bp-0-DBC22-PCR-FREE-ILMN-NOVASEQ-sent-sentd-Indel_50	Indel_50	Irl1-HG003-40x-150bp-0-DBC22-PCR-FREE-ILMN-NOVASEQ	3088286401.0	3088244078.0	179.0	42144.0	42486.0	0.6639307460241192	0.9957706211752475	0.999986242856963	0.5020205600850762	0.49797943991492377	0.49797943991492377	HG003	hg38	-1	-2	sent	sentd
Irl1-HG003-40x-150bp-0-DBC22-PCR-FREE-ILMN-NOVASEQ-sent-sentd-Indel_gt50	Indel_gt50	Irl1-HG003-40x-150bp-0-DBC22-PCR-FREE-ILMN-NOVASEQ	3088286401.0	3088284822.0	44.0	1535.0	2326.0	0.5643382352941175	0.9721342621912603	0.9999992468316939	0.6024346024346025	0.39756539756539755	0.39756539756539755	HG003	hg38	-1	-2	sent	sentd
Irl1-HG003-40x-150bp-0-DBC22-PCR-FREE-ILMN-NOVASEQ-sent-sentd-All	All	Irl1-HG003-40x-150bp-0-DBC22-PCR-FREE-ILMN-NOVASEQ	3088286401.0	3084287832.0	23169.0	3975400.0	921609.0	0.8937923988750366	0.9942056770809757	0.9997012815442113	0.1881983471951961	0.8118016528048039	0.8118016528048039	HG003	hg38	-1	-2	sent	sentd
Irl1-HG003-40x-150bp-0-DBC22-PCR-FREE-ILMN-NOVASEQ-sent-sentd-SNPts	SNPts	Irl1-HG003-40x-150bp-0-DBC22-PCR-FREE-ILMN-NOVASEQ	377862616.0	377589437.0	2134.0	271045.0	32392.0	0.9401230628355786	0.9921882721585481	0.9999142210605627	0.10675033038159486	0.8932496696184051	0.8932496696184051	HG003	clinvar_genes	-1	-2	sent	sentd
Irl1-HG003-40x-150bp-0-DBC22-PCR-FREE-ILMN-NOVASEQ-sent-sentd-SNPtv	SNPtv	Irl1-HG003-40x-150bp-0-DBC22-PCR-FREE-ILMN-NOVASEQ	377862616.0	377738350.0	1081.0	123185.0	19545.0	0.9227479063356756	0.9913009189963465	0.9999482605121992	0.13693687381769776	0.8630631261823023	0.8630631261823023	HG003	clinvar_genes	-1	-2	sent	sentd
Irl1-HG003-40x-150bp-0-DBC22-PCR-FREE-ILMN-NOVASEQ-sent-sentd-INS_50	INS_50	Irl1-HG003-40x-150bp-0-DBC22-PCR-FREE-ILMN-NOVASEQ	377862616.0	377833492.0	237.0	28887.0	18301.0	0.7570762134395638	0.9918623815409972	0.9999515656658535	0.38783165211494447	0.6121683478850555	0.6121683478850555	HG003	clinvar_genes	-1	-2	sent	sentd
Irl1-HG003-40x-150bp-0-DBC22-PCR-FREE-ILMN-NOVASEQ-sent-sentd-INS_gt50	INS_gt50	Irl1-HG003-40x-150bp-0-DBC22-PCR-FREE-ILMN-NOVASEQ	377862616.0	377862586.0	17.0	13.0	219.0	0.09923664122137406	0.43333333333333335	0.9999994204245639	0.9439655172413793	0.05603448275862066	0.05603448275862069	HG003	clinvar_genes	-1	-2	sent	sentd
Irl1-HG003-40x-150bp-0-DBC22-PCR-FREE-ILMN-NOVASEQ-sent-sentd-DEL_50	DEL_50	Irl1-HG003-40x-150bp-0-DBC22-PCR-FREE-ILMN-NOVASEQ	377862616.0	377831818.0	195.0	30603.0	18053.0	0.7703325194452135	0.9936684200272745	0.9999522217648183	0.37103337717855966	0.6289666228214403	0.6289666228214403	HG003	clinvar_genes	-1	-2	sent	sentd
Irl1-HG003-40x-150bp-0-DBC22-PCR-FREE-ILMN-NOVASEQ-sent-sentd-DEL_gt50	DEL_gt50	Irl1-HG003-40x-150bp-0-DBC22-PCR-FREE-ILMN-NOVASEQ	377862616.0	377862599.0	7.0	10.0	210.0	0.08438818565400845	0.5882352941176471	0.9999994442427383	0.9545454545454546	0.045454545454545414	0.045454545454545456	HG003	clinvar_genes	-1	-2	sent	sentd
Irl1-HG003-40x-150bp-0-DBC22-PCR-FREE-ILMN-NOVASEQ-sent-sentd-Indel_50	Indel_50	Irl1-HG003-40x-150bp-0-DBC22-PCR-FREE-ILMN-NOVASEQ	377862616.0	377858442.0	21.0	4153.0	4517.0	0.6466832762379321	0.9949688548155247	0.9999880459306941	0.5209919261822376	0.47900807381776245	0.4790080738177624	HG003	clinvar_genes	-1	-2	sent	sentd
Irl1-HG003-40x-150bp-0-DBC22-PCR-FREE-ILMN-NOVASEQ-sent-sentd-Indel_gt50	Indel_gt50	Irl1-HG003-40x-150bp-0-DBC22-PCR-FREE-ILMN-NOVASEQ	377862616.0	377862448.0	6.0	162.0	242.0	0.5664335664335665	0.9642857142857143	0.9999993595557158	0.599009900990099	0.400990099009901	0.400990099009901	HG003	clinvar_genes	-1	-2	sent	sentd
Irl1-HG003-40x-150bp-0-DBC22-PCR-FREE-ILMN-NOVASEQ-sent-sentd-All	All	Irl1-HG003-40x-150bp-0-DBC22-PCR-FREE-ILMN-NOVASEQ	377862616.0	377400860.0	3698.0	458058.0	93479.0	0.9040978275780056	0.9919914413673022	0.9997523697964646	0.1694881757706192	0.8305118242293807	0.8305118242293809	HG003	clinvar_genes	-1	-2	sent	sentd
Irl1-HG003-40x-50bp-0-DBC28-PCR-FREE-ILMN-NOVASEQ-sent-sentd-SNPts	SNPts	Irl1-HG003-40x-50bp-0-DBC28-PCR-FREE-ILMN-NOVASEQ	3088286401.0	3085963630.0	60608.0	2262163.0	281451.0	0.9297098359459846	0.9739070274254328	0.9999088047149163	0.11065004359938262	0.8893499564006174	0.8893499564006174	HG003	hg38	-1	-2	sent	sentd
Irl1-HG003-40x-50bp-0-DBC28-PCR-FREE-ILMN-NOVASEQ-sent-sentd-SNPtv	SNPtv	Irl1-HG003-40x-50bp-0-DBC28-PCR-FREE-ILMN-NOVASEQ	3088286401.0	3087179673.0	33527.0	1073201.0	183667.0	0.9081086615479126	0.9697061970059491	0.999940510079387	0.146130699484751	0.853869300515249	0.853869300515249	HG003	hg38	-1	-2	sent	sentd
Irl1-HG003-40x-50bp-0-DBC28-PCR-FREE-ILMN-NOVASEQ-sent-sentd-INS_50	INS_50	Irl1-HG003-40x-50bp-0-DBC28-PCR-FREE-ILMN-NOVASEQ	3088286401.0	3088027378.0	20565.0	238458.0	137332.0	0.7512700590567616	0.9206055060747501	0.9999555295740686	0.3654487878868517	0.6345512121131482	0.6345512121131484	HG003	hg38	-1	-2	sent	sentd
Irl1-HG003-40x-50bp-0-DBC28-PCR-FREE-ILMN-NOVASEQ-sent-sentd-INS_gt50	INS_gt50	Irl1-HG003-40x-50bp-0-DBC28-PCR-FREE-ILMN-NOVASEQ	3088286401.0	3088286164.0	228.0	9.0	173.0	0.04295942720763723	0.0379746835443038	0.9999999439818783	0.9505494505494505	0.0494505494505495	0.04945054945054945	HG003	hg38	-1	-2	sent	sentd
Irl1-HG003-40x-50bp-0-DBC28-PCR-FREE-ILMN-NOVASEQ-sent-sentd-DEL_50	DEL_50	Irl1-HG003-40x-50bp-0-DBC28-PCR-FREE-ILMN-NOVASEQ	3088286401.0	3088013087.0	17140.0	256174.0	146274.0	0.758178175156342	0.9372882472174862	0.9999526339210835	0.3634606209994832	0.6365393790005168	0.6365393790005168	HG003	hg38	-1	-2	sent	sentd
Irl1-HG003-40x-50bp-0-DBC28-PCR-FREE-ILMN-NOVASEQ-sent-sentd-DEL_gt50	DEL_gt50	Irl1-HG003-40x-50bp-0-DBC28-PCR-FREE-ILMN-NOVASEQ	3088286401.0	3088286263.0	98.0	40.0	506.0	0.11695906432748537	0.2898550724637681	0.9999998361551119	0.9267399267399268	0.07326007326007322	0.07326007326007326	HG003	hg38	-1	-2	sent	sentd
Irl1-HG003-40x-50bp-0-DBC28-PCR-FREE-ILMN-NOVASEQ-sent-sentd-Indel_50	Indel_50	Irl1-HG003-40x-50bp-0-DBC28-PCR-FREE-ILMN-NOVASEQ	3088286401.0	3088251313.0	9883.0	25205.0	24151.0	0.5969636682298328	0.7183367533059736	0.9999921797779111	0.48932247345814084	0.5106775265418592	0.5106775265418592	HG003	hg38	-1	-2	sent	sentd
Irl1-HG003-40x-50bp-0-DBC28-PCR-FREE-ILMN-NOVASEQ-sent-sentd-Indel_gt50	Indel_gt50	Irl1-HG003-40x-50bp-0-DBC28-PCR-FREE-ILMN-NOVASEQ	3088286401.0	3088285065.0	1147.0	189.0	194.0	0.2198952879581152	0.14146706586826346	0.9999999371819687	0.5065274151436031	0.4934725848563969	0.4934725848563969	HG003	hg38	-1	-2	sent	sentd
Irl1-HG003-40x-50bp-0-DBC28-PCR-FREE-ILMN-NOVASEQ-sent-sentd-All	All	Irl1-HG003-40x-50bp-0-DBC28-PCR-FREE-ILMN-NOVASEQ	3088286401.0	3084287766.0	143196.0	3855439.0	773748.0	0.893722424964261	0.9641887794209774	0.9997491952764997	0.16714554845159635	0.8328544515484037	0.8328544515484037	HG003	hg38	-1	-2	sent	sentd
Irl1-HG003-40x-50bp-0-DBC28-PCR-FREE-ILMN-NOVASEQ-sent-sentd-SNPts	SNPts	Irl1-HG003-40x-50bp-0-DBC28-PCR-FREE-ILMN-NOVASEQ	688815815.0	688747779.0	7110.0	60926.0	269922.0	0.3054822956047372	0.8954965018519607	0.9996082509932499	0.8158489699197214	0.18415103008027855	0.18415103008027855	HG003	hg38_m_giabHC	-1	-2	sent	sentd
Irl1-HG003-40x-50bp-0-DBC28-PCR-FREE-ILMN-NOVASEQ-sent-sentd-SNPtv	SNPtv	Irl1-HG003-40x-50bp-0-DBC28-PCR-FREE-ILMN-NOVASEQ	688815815.0	688780727.0	3841.0	31247.0	177687.0	0.2560998598487022	0.8905323757409941	0.9997420932869252	0.8504455952597471	0.14955440474025294	0.14955440474025292	HG003	hg38_m_giabHC	-1	-2	sent	sentd
Irl1-HG003-40x-50bp-0-DBC28-PCR-FREE-ILMN-NOVASEQ-sent-sentd-INS_50	INS_50	Irl1-HG003-40x-50bp-0-DBC28-PCR-FREE-ILMN-NOVASEQ	688815815.0	688788006.0	6448.0	21361.0	134986.0	0.23198809704815482	0.7681326189363156	0.9998040622804472	0.863374417161826	0.13662558283817405	0.13662558283817405	HG003	hg38_m_giabHC	-1	-2	sent	sentd
Irl1-HG003-40x-50bp-0-DBC28-PCR-FREE-ILMN-NOVASEQ-sent-sentd-INS_gt50	INS_gt50	Irl1-HG003-40x-50bp-0-DBC28-PCR-FREE-ILMN-NOVASEQ	688815815.0	688815579.0	227.0	9.0	173.0	0.0430622009569378	0.038135593220338986	0.9999997488443034	0.9505494505494505	0.0494505494505495	0.04945054945054945	HG003	hg38_m_giabHC	-1	-2	sent	sentd
Irl1-HG003-40x-50bp-0-DBC28-PCR-FREE-ILMN-NOVASEQ-sent-sentd-DEL_50	DEL_50	Irl1-HG003-40x-50bp-0-DBC28-PCR-FREE-ILMN-NOVASEQ	688815815.0	688787795.0	5115.0	22905.0	144398.0	0.23453459142036523	0.8174518201284796	0.9997904031754254	0.8630927120254867	0.13690728797451335	0.13690728797451332	HG003	hg38_m_giabHC	-1	-2	sent	sentd
Irl1-HG003-40x-50bp-0-DBC28-PCR-FREE-ILMN-NOVASEQ-sent-sentd-DEL_gt50	DEL_gt50	Irl1-HG003-40x-50bp-0-DBC28-PCR-FREE-ILMN-NOVASEQ	688815815.0	688815677.0	98.0	40.0	494.0	0.11904761904761905	0.2898550724637681	0.9999992828275224	0.9250936329588015	0.07490636704119846	0.0749063670411985	HG003	hg38_m_giabHC	-1	-2	sent	sentd
Irl1-HG003-40x-50bp-0-DBC28-PCR-FREE-ILMN-NOVASEQ-sent-sentd-Indel_50	Indel_50	Irl1-HG003-40x-50bp-0-DBC28-PCR-FREE-ILMN-NOVASEQ	688815815.0	688808095.0	3444.0	4276.0	24136.0	0.23668770065316064	0.5538860103626942	0.999964960989173	0.8495002111783754	0.15049978882162462	0.15049978882162465	HG003	hg38_m_giabHC	-1	-2	sent	sentd
Irl1-HG003-40x-50bp-0-DBC28-PCR-FREE-ILMN-NOVASEQ-sent-sentd-Indel_gt50	Indel_gt50	Irl1-HG003-40x-50bp-0-DBC28-PCR-FREE-ILMN-NOVASEQ	688815815.0	688814850.0	839.0	126.0	194.0	0.19610894941634244	0.1305699481865285	0.9999997183569063	0.60625	0.39375000000000004	0.39375	HG003	hg38_m_giabHC	-1	-2	sent	sentd
Irl1-HG003-40x-50bp-0-DBC28-PCR-FREE-ILMN-NOVASEQ-sent-sentd-All	All	Irl1-HG003-40x-50bp-0-DBC28-PCR-FREE-ILMN-NOVASEQ	688815815.0	688647803.0	27122.0	140890.0	751990.0	0.2656066781538554	0.8385710544484918	0.9989092105805143	0.8422072394946689	0.1577927605053311	0.15779276050533106	HG003	hg38_m_giabHC	-1	-2	sent	sentd
Irl1-HG003-40x-50bp-0-DBC28-PCR-FREE-ILMN-NOVASEQ-sent-sentd-SNPts	SNPts	Irl1-HG003-40x-50bp-0-DBC28-PCR-FREE-ILMN-NOVASEQ	2528531102.0	2526276337.0	53498.0	2201267.0	11529.0	0.9854446307504251	0.9762733588644493	0.9999954363870582	0.005210150416034736	0.9947898495839652	0.9947898495839652	HG003	giabHC	-1	-2	sent	sentd
Irl1-HG003-40x-50bp-0-DBC28-PCR-FREE-ILMN-NOVASEQ-sent-sentd-SNPtv	SNPtv	Irl1-HG003-40x-50bp-0-DBC28-PCR-FREE-ILMN-NOVASEQ	2528531102.0	2527459449.0	29686.0	1041967.0	5980.0	0.9831732402340065	0.9722988691302129	0.9999976339933551	0.005706395457022158	0.9942936045429779	0.9942936045429779	HG003	giabHC	-1	-2	sent	sentd
Irl1-HG003-40x-50bp-0-DBC28-PCR-FREE-ILMN-NOVASEQ-sent-sentd-INS_50	INS_50	Irl1-HG003-40x-50bp-0-DBC28-PCR-FREE-ILMN-NOVASEQ	2528531102.0	2528299963.0	14110.0	217029.0	2345.0	0.9634749718654066	0.9389544819351127	0.9999990725001545	0.010689507416558025	0.989310492583442	0.989310492583442	HG003	giabHC	-1	-2	sent	sentd
Irl1-HG003-40x-50bp-0-DBC28-PCR-FREE-ILMN-NOVASEQ-sent-sentd-INS_gt50	INS_gt50	Irl1-HG003-40x-50bp-0-DBC28-PCR-FREE-ILMN-NOVASEQ	2528531102.0	2528531101.0	1.0	0.0	0.0		0.0	1.0				HG003	giabHC	-1	-2	sent	sentd
Irl1-HG003-40x-50bp-0-DBC28-PCR-FREE-ILMN-NOVASEQ-sent-sentd-DEL_50	DEL_50	Irl1-HG003-40x-50bp-0-DBC28-PCR-FREE-ILMN-NOVASEQ	2528531102.0	2528285611.0	12046.0	233445.0	1881.0	0.9710347179904205	0.9509309913601721	0.9999992560181522	0.007993166925881543	0.9920068330741184	0.9920068330741184	HG003	giabHC	-1	-2	sent	sentd
Irl1-HG003-40x-50bp-0-DBC28-PCR-FREE-ILMN-NOVASEQ-sent-sentd-DEL_gt50	DEL_gt50	Irl1-HG003-40x-50bp-0-DBC28-PCR-FREE-ILMN-NOVASEQ	2528531102.0	2528531102.0	0.0	0.0	12.0			0.9999999952541616	1.0	0.0	0.0	HG003	giabHC	-1	-2	sent	sentd
Irl1-HG003-40x-50bp-0-DBC28-PCR-FREE-ILMN-NOVASEQ-sent-sentd-Indel_50	Indel_50	Irl1-HG003-40x-50bp-0-DBC28-PCR-FREE-ILMN-NOVASEQ	2528531102.0	2528503732.0	6440.0	20930.0	15.0	0.8663975990893098	0.7647058823529411	0.9999999940676378	0.0007161613750298401	0.9992838386249702	0.9992838386249702	HG003	giabHC	-1	-2	sent	sentd
Irl1-HG003-40x-50bp-0-DBC28-PCR-FREE-ILMN-NOVASEQ-sent-sentd-Indel_gt50	Indel_gt50	Irl1-HG003-40x-50bp-0-DBC28-PCR-FREE-ILMN-NOVASEQ	2528531102.0	2528530730.0	309.0	63.0	0.0	0.28965517241379307	0.1693548387096774	1.0	0.0	1.0	1.0	HG003	giabHC	-1	-2	sent	sentd
Irl1-HG003-40x-50bp-0-DBC28-PCR-FREE-ILMN-NOVASEQ-sent-sentd-All	All	Irl1-HG003-40x-50bp-0-DBC28-PCR-FREE-ILMN-NOVASEQ	2528531102.0	2524700311.0	116090.0	3714701.0	21762.0	0.9817830880263831	0.9696955537381183	0.9999913804373824	0.005824224674511698	0.9941757753254883	0.9941757753254883	HG003	giabHC	-1	-2	sent	sentd
Irl1-HG003-40x-50bp-0-DBC28-PCR-FREE-ILMN-NOVASEQ-sent-sentd-SNPts	SNPts	Irl1-HG003-40x-50bp-0-DBC28-PCR-FREE-ILMN-NOVASEQ	2505355380.0	2503152303.0	34762.0	2168315.0	8917.0	0.990028329051672	0.9842211597688143	0.99999643770448	0.004095567215620568	0.9959044327843795	0.9959044327843795	HG003	giabHC_x_ultima	-1	-2	sent	sentd
Irl1-HG003-40x-50bp-0-DBC28-PCR-FREE-ILMN-NOVASEQ-sent-sentd-SNPtv	SNPtv	Irl1-HG003-40x-50bp-0-DBC28-PCR-FREE-ILMN-NOVASEQ	2505355380.0	2504320970.0	19212.0	1015198.0	4569.0	0.9884231008330832	0.9814270937055907	0.9999981755566802	0.004480435236676614	0.9955195647633234	0.9955195647633234	HG003	giabHC_x_ultima	-1	-2	sent	sentd
Irl1-HG003-40x-50bp-0-DBC28-PCR-FREE-ILMN-NOVASEQ-sent-sentd-INS_50	INS_50	Irl1-HG003-40x-50bp-0-DBC28-PCR-FREE-ILMN-NOVASEQ	2505355380.0	2505200302.0	8723.0	146355.0	1125.0	0.9674508689243053	0.9437508866505887	0.9999995509343129	0.007628152969894223	0.9923718470301057	0.9923718470301057	HG003	giabHC_x_ultima	-1	-2	sent	sentd
Irl1-HG003-40x-50bp-0-DBC28-PCR-FREE-ILMN-NOVASEQ-sent-sentd-INS_gt50	INS_gt50	Irl1-HG003-40x-50bp-0-DBC28-PCR-FREE-ILMN-NOVASEQ	2505355380.0	2505355380.0	0.0	0.0	0.0			1.0				HG003	giabHC_x_ultima	-1	-2	sent	sentd
Irl1-HG003-40x-50bp-0-DBC28-PCR-FREE-ILMN-NOVASEQ-sent-sentd-DEL_50	DEL_50	Irl1-HG003-40x-50bp-0-DBC28-PCR-FREE-ILMN-NOVASEQ	2505355380.0	2505188173.0	8533.0	158674.0	942.0	0.9710087723324246	0.9489674475350912	0.9999996239804834	0.005901663993584603	0.9940983360064154	0.9940983360064154	HG003	giabHC_x_ultima	-1	-2	sent	sentd
Irl1-HG003-40x-50bp-0-DBC28-PCR-FREE-ILMN-NOVASEQ-sent-sentd-DEL_gt50	DEL_gt50	Irl1-HG003-40x-50bp-0-DBC28-PCR-FREE-ILMN-NOVASEQ	2505355380.0	2505355380.0	0.0	0.0	11.0			0.9999999956094053	1.0	0.0	0.0	HG003	giabHC_x_ultima	-1	-2	sent	sentd
Irl1-HG003-40x-50bp-0-DBC28-PCR-FREE-ILMN-NOVASEQ-sent-sentd-Indel_50	Indel_50	Irl1-HG003-40x-50bp-0-DBC28-PCR-FREE-ILMN-NOVASEQ	2505355380.0	2505344663.0	4501.0	6216.0	5.0	0.7339709528869998	0.5800130633572829	0.9999999980042666	0.0008037293039704227	0.9991962706960296	0.9991962706960296	HG003	giabHC_x_ultima	-1	-2	sent	sentd
Irl1-HG003-40x-50bp-0-DBC28-PCR-FREE-ILMN-NOVASEQ-sent-sentd-Indel_gt50	Indel_gt50	Irl1-HG003-40x-50bp-0-DBC28-PCR-FREE-ILMN-NOVASEQ	2505355380.0	2505355100.0	232.0	48.0	0.0	0.2926829268292683	0.17142857142857143	1.0	0.0	1.0	1.0	HG003	giabHC_x_ultima	-1	-2	sent	sentd
Irl1-HG003-40x-50bp-0-DBC28-PCR-FREE-ILMN-NOVASEQ-sent-sentd-All	All	Irl1-HG003-40x-50bp-0-DBC28-PCR-FREE-ILMN-NOVASEQ	2505355380.0	2501784611.0	75963.0	3494806.0	15569.0	0.9870738400461846	0.9787264311973135	0.9999937768810937	0.004435138696008261	0.9955648613039917	0.9955648613039917	HG003	giabHC_x_ultima	-1	-2	sent	sentd
Irl1-HG003-40x-50bp-0-DBC28-PCR-FREE-ILMN-NOVASEQ-sent-sentd-SNPts	SNPts	Irl1-HG003-40x-50bp-0-DBC28-PCR-FREE-ILMN-NOVASEQ	2799325643.0	2797071461.0	36917.0	2217265.0	159209.0	0.9576461736738812	0.983622884043968	0.9999430833496474	0.06699378995941045	0.9330062100405896	0.9330062100405896	HG003	ultima	-1	-2	sent	sentd
Irl1-HG003-40x-50bp-0-DBC28-PCR-FREE-ILMN-NOVASEQ-sent-sentd-SNPtv	SNPtv	Irl1-HG003-40x-50bp-0-DBC28-PCR-FREE-ILMN-NOVASEQ	2799325643.0	2798266940.0	20326.0	1038377.0	86975.0	0.9508707427239699	0.9808010367402378	0.9999689192280027	0.07728692888980515	0.9227130711101948	0.9227130711101948	HG003	ultima	-1	-2	sent	sentd
Irl1-HG003-40x-50bp-0-DBC28-PCR-FREE-ILMN-NOVASEQ-sent-sentd-INS_50	INS_50	Irl1-HG003-40x-50bp-0-DBC28-PCR-FREE-ILMN-NOVASEQ	2799325643.0	2799159945.0	10581.0	155117.0	25099.0	0.8968529750169116	0.9361428623157793	0.9999910334616664	0.13927176277356063	0.8607282372264393	0.8607282372264394	HG003	ultima	-1	-2	sent	sentd
Irl1-HG003-40x-50bp-0-DBC28-PCR-FREE-ILMN-NOVASEQ-sent-sentd-INS_gt50	INS_gt50	Irl1-HG003-40x-50bp-0-DBC28-PCR-FREE-ILMN-NOVASEQ	2799325643.0	2799325547.0	93.0	3.0	26.0	0.04800000000000001	0.03125	0.9999999907120486	0.896551724137931	0.10344827586206895	0.10344827586206896	HG003	ultima	-1	-2	sent	sentd
Irl1-HG003-40x-50bp-0-DBC28-PCR-FREE-ILMN-NOVASEQ-sent-sentd-DEL_50	DEL_50	Irl1-HG003-40x-50bp-0-DBC28-PCR-FREE-ILMN-NOVASEQ	2799325643.0	2799146039.0	10712.0	168892.0	31720.0	0.8884002777368654	0.9403576757755951	0.9999886681008743	0.15811616453651825	0.8418838354634818	0.8418838354634818	HG003	ultima	-1	-2	sent	sentd
Irl1-HG003-40x-50bp-0-DBC28-PCR-FREE-ILMN-NOVASEQ-sent-sentd-DEL_gt50	DEL_gt50	Irl1-HG003-40x-50bp-0-DBC28-PCR-FREE-ILMN-NOVASEQ	2799325643.0	2799325554.0	59.0	30.0	129.0	0.24193548387096775	0.33707865168539325	0.9999999539174735	0.8113207547169812	0.18867924528301883	0.18867924528301888	HG003	ultima	-1	-2	sent	sentd
Irl1-HG003-40x-50bp-0-DBC28-PCR-FREE-ILMN-NOVASEQ-sent-sentd-Indel_50	Indel_50	Irl1-HG003-40x-50bp-0-DBC28-PCR-FREE-ILMN-NOVASEQ	2799325643.0	2799312249.0	6139.0	7255.0	1194.0	0.6642860412946939	0.5416604449753621	0.9999995734668431	0.14131849923067819	0.8586815007693218	0.8586815007693218	HG003	ultima	-1	-2	sent	sentd
Irl1-HG003-40x-50bp-0-DBC28-PCR-FREE-ILMN-NOVASEQ-sent-sentd-Indel_gt50	Indel_gt50	Irl1-HG003-40x-50bp-0-DBC28-PCR-FREE-ILMN-NOVASEQ	2799325643.0	2799324886.0	660.0	97.0	24.0	0.22095671981776768	0.12813738441215325	0.9999999914265043	0.19834710743801653	0.8016528925619835	0.8016528925619835	HG003	ultima	-1	-2	sent	sentd
Irl1-HG003-40x-50bp-0-DBC28-PCR-FREE-ILMN-NOVASEQ-sent-sentd-All	All	Irl1-HG003-40x-50bp-0-DBC28-PCR-FREE-ILMN-NOVASEQ	2799325643.0	2795653120.0	85487.0	3587036.0	304376.0	0.9484576480363727	0.976722541969104	0.9998911371147682	0.07821736685809676	0.9217826331419032	0.9217826331419032	HG003	ultima	-1	-2	sent	sentd
Irl1-HG003-40x-50bp-0-DBC28-PCR-FREE-ILMN-NOVASEQ-sent-sentd-SNPts	SNPts	Irl1-HG003-40x-50bp-0-DBC28-PCR-FREE-ILMN-NOVASEQ	337668665.0	337403141.0	4746.0	260778.0	1920.0	0.9873803060077013	0.982125909522303	0.9999943095103722	0.007308772811365142	0.9926912271886349	0.9926912271886349	HG003	giabHC_x_clinvar_genes	-1	-2	sent	sentd
Irl1-HG003-40x-50bp-0-DBC28-PCR-FREE-ILMN-NOVASEQ-sent-sentd-SNPtv	SNPtv	Irl1-HG003-40x-50bp-0-DBC28-PCR-FREE-ILMN-NOVASEQ	337668665.0	337548441.0	2343.0	117881.0	973.0	0.986130049607241	0.9805113787596487	0.9999971174590752	0.008186514547259664	0.9918134854527403	0.9918134854527403	HG003	giabHC_x_clinvar_genes	-1	-2	sent	sentd
Irl1-HG003-40x-50bp-0-DBC28-PCR-FREE-ILMN-NOVASEQ-sent-sentd-INS_50	INS_50	Irl1-HG003-40x-50bp-0-DBC28-PCR-FREE-ILMN-NOVASEQ	337668665.0	337642151.0	1396.0	25118.0	271.0	0.9678823960079378	0.9473485705664931	0.9999991973757374	0.010673913899720352	0.9893260861002796	0.9893260861002796	HG003	giabHC_x_clinvar_genes	-1	-2	sent	sentd
Irl1-HG003-40x-50bp-0-DBC28-PCR-FREE-ILMN-NOVASEQ-sent-sentd-INS_gt50	INS_gt50	Irl1-HG003-40x-50bp-0-DBC28-PCR-FREE-ILMN-NOVASEQ	337668665.0	337668665.0	0.0	0.0	0.0			1.0				HG003	giabHC_x_clinvar_genes	-1	-2	sent	sentd
Irl1-HG003-40x-50bp-0-DBC28-PCR-FREE-ILMN-NOVASEQ-sent-sentd-DEL_50	DEL_50	Irl1-HG003-40x-50bp-0-DBC28-PCR-FREE-ILMN-NOVASEQ	337668665.0	337640495.0	1199.0	26971.0	233.0	0.9741394878462817	0.9574369897053603	0.9999993099173746	0.008564916923981767	0.9914350830760182	0.9914350830760182	HG003	giabHC_x_clinvar_genes	-1	-2	sent	sentd
Irl1-HG003-40x-50bp-0-DBC28-PCR-FREE-ILMN-NOVASEQ-sent-sentd-DEL_gt50	DEL_gt50	Irl1-HG003-40x-50bp-0-DBC28-PCR-FREE-ILMN-NOVASEQ	337668665.0	337668665.0	0.0	0.0	1.0			0.999999997038517	1.0	0.0	0.0	HG003	giabHC_x_clinvar_genes	-1	-2	sent	sentd
Irl1-HG003-40x-50bp-0-DBC28-PCR-FREE-ILMN-NOVASEQ-sent-sentd-Indel_50	Indel_50	Irl1-HG003-40x-50bp-0-DBC28-PCR-FREE-ILMN-NOVASEQ	337668665.0	337665901.0	579.0	2185.0	2.0	0.8826499697030902	0.790520984081042	0.9999999940769856	0.0009144947416552355	0.9990855052583447	0.9990855052583447	HG003	giabHC_x_clinvar_genes	-1	-2	sent	sentd
Irl1-HG003-40x-50bp-0-DBC28-PCR-FREE-ILMN-NOVASEQ-sent-sentd-Indel_gt50	Indel_gt50	Irl1-HG003-40x-50bp-0-DBC28-PCR-FREE-ILMN-NOVASEQ	337668665.0	337668634.0	24.0	7.0	0.0	0.3684210526315789	0.22580645161290322	1.0	0.0	1.0	1.0	HG003	giabHC_x_clinvar_genes	-1	-2	sent	sentd
Irl1-HG003-40x-50bp-0-DBC28-PCR-FREE-ILMN-NOVASEQ-sent-sentd-All	All	Irl1-HG003-40x-50bp-0-DBC28-PCR-FREE-ILMN-NOVASEQ	337668665.0	337225438.0	10287.0	432940.0	3400.0	0.9844389341573753	0.9767906738533528	0.9999899178254738	0.007792088738139982	0.99220791126186	0.99220791126186	HG003	giabHC_x_clinvar_genes	-1	-2	sent	sentd
Irl1-HG003-40x-50bp-0-DBC28-PCR-FREE-ILMN-NOVASEQ-sent-sentd-SNPts	SNPts	Irl1-HG003-40x-50bp-0-DBC28-PCR-FREE-ILMN-NOVASEQ	377862616.0	377589406.0	5709.0	267501.0	32305.0	0.9336597930947826	0.9791039859448776	0.9999144514230539	0.10775301361547134	0.8922469863845287	0.8922469863845287	HG003	clinvar_genes	-1	-2	sent	sentd
Irl1-HG003-40x-50bp-0-DBC28-PCR-FREE-ILMN-NOVASEQ-sent-sentd-SNPtv	SNPtv	Irl1-HG003-40x-50bp-0-DBC28-PCR-FREE-ILMN-NOVASEQ	377862616.0	377738324.0	2882.0	121410.0	19089.0	0.9170251254763191	0.9768126669455798	0.9999494675700779	0.13586573569918647	0.8641342643008135	0.8641342643008135	HG003	clinvar_genes	-1	-2	sent	sentd
Irl1-HG003-40x-50bp-0-DBC28-PCR-FREE-ILMN-NOVASEQ-sent-sentd-INS_50	INS_50	Irl1-HG003-40x-50bp-0-DBC28-PCR-FREE-ILMN-NOVASEQ	377862616.0	377833201.0	2005.0	27410.0	15190.0	0.7612302992432132	0.9318374978752337	0.9999597986907929	0.35657276995305165	0.6434272300469484	0.6434272300469484	HG003	clinvar_genes	-1	-2	sent	sentd
Irl1-HG003-40x-50bp-0-DBC28-PCR-FREE-ILMN-NOVASEQ-sent-sentd-INS_gt50	INS_gt50	Irl1-HG003-40x-50bp-0-DBC28-PCR-FREE-ILMN-NOVASEQ	377862616.0	377862586.0	27.0	3.0	25.0	0.10344827586206898	0.1	0.9999999338383866	0.8928571428571429	0.1071428571428571	0.10714285714285714	HG003	clinvar_genes	-1	-2	sent	sentd
Irl1-HG003-40x-50bp-0-DBC28-PCR-FREE-ILMN-NOVASEQ-sent-sentd-DEL_50	DEL_50	Irl1-HG003-40x-50bp-0-DBC28-PCR-FREE-ILMN-NOVASEQ	377862616.0	377831497.0	1699.0	29420.0	15825.0	0.7705201403802839	0.9454031299206272	0.9999581180040757	0.3497624046856006	0.6502375953143994	0.6502375953143994	HG003	clinvar_genes	-1	-2	sent	sentd
Irl1-HG003-40x-50bp-0-DBC28-PCR-FREE-ILMN-NOVASEQ-sent-sentd-DEL_gt50	DEL_gt50	Irl1-HG003-40x-50bp-0-DBC28-PCR-FREE-ILMN-NOVASEQ	377862616.0	377862598.0	12.0	6.0	69.0	0.12903225806451613	0.3333333333333333	0.999999817393974	0.92	0.07999999999999996	0.08	HG003	clinvar_genes	-1	-2	sent	sentd
Irl1-HG003-40x-50bp-0-DBC28-PCR-FREE-ILMN-NOVASEQ-sent-sentd-Indel_50	Indel_50	Irl1-HG003-40x-50bp-0-DBC28-PCR-FREE-ILMN-NOVASEQ	377862616.0	377859109.0	896.0	2611.0	2696.0	0.5924665305196279	0.7445109780439122	0.9999928651163883	0.508008290936499	0.491991709063501	0.49199170906350104	HG003	clinvar_genes	-1	-2	sent	sentd
Irl1-HG003-40x-50bp-0-DBC28-PCR-FREE-ILMN-NOVASEQ-sent-sentd-Indel_gt50	Indel_gt50	Irl1-HG003-40x-50bp-0-DBC28-PCR-FREE-ILMN-NOVASEQ	377862616.0	377862479.0	117.0	20.0	23.0	0.22222222222222218	0.145985401459854	0.999999939131298	0.5348837209302325	0.4651162790697675	0.46511627906976744	HG003	clinvar_genes	-1	-2	sent	sentd
Irl1-HG003-40x-50bp-0-DBC28-PCR-FREE-ILMN-NOVASEQ-sent-sentd-All	All	Irl1-HG003-40x-50bp-0-DBC28-PCR-FREE-ILMN-NOVASEQ	377862616.0	377400888.0	13347.0	448381.0	85222.0	0.9009686224984452	0.9710933709889805	0.9997742380507723	0.1597104963802677	0.8402895036197323	0.8402895036197323	HG003	clinvar_genes	-1	-2	sent	sentd
Irl1-HG003-40x-50bp-0-DBC28-PCR-FREE-ILMN-NOVASEQ-sent-sentd-SNPts	SNPts	Irl1-HG003-40x-50bp-0-DBC28-PCR-FREE-ILMN-NOVASEQ	332544085.0	332287263.0	2395.0	254427.0	1367.0	0.9926611732759024	0.9906744749281604	0.9999958861066056	0.005344144115968319	0.9946558558840317	0.9946558558840317	HG003	giabHC_x_ultima_x_clinvar	-1	-2	sent	sentd
Irl1-HG003-40x-50bp-0-DBC28-PCR-FREE-ILMN-NOVASEQ-sent-sentd-SNPtv	SNPtv	Irl1-HG003-40x-50bp-0-DBC28-PCR-FREE-ILMN-NOVASEQ	332544085.0	332429487.0	1214.0	113384.0	704.0	0.9916129540068039	0.9894064468838898	0.9999978822621439	0.0061706752682140105	0.993829324731786	0.993829324731786	HG003	giabHC_x_ultima_x_clinvar	-1	-2	sent	sentd
Irl1-HG003-40x-50bp-0-DBC28-PCR-FREE-ILMN-NOVASEQ-sent-sentd-INS_50	INS_50	Irl1-HG003-40x-50bp-0-DBC28-PCR-FREE-ILMN-NOVASEQ	332544085.0	332526462.0	791.0	16832.0	141.0	0.9730604694184298	0.9551154740963513	0.9999995759737755	0.008307311612561126	0.9916926883874388	0.9916926883874388	HG003	giabHC_x_ultima_x_clinvar	-1	-2	sent	sentd
Irl1-HG003-40x-50bp-0-DBC28-PCR-FREE-ILMN-NOVASEQ-sent-sentd-INS_gt50	INS_gt50	Irl1-HG003-40x-50bp-0-DBC28-PCR-FREE-ILMN-NOVASEQ	332544085.0	332544085.0	0.0	0.0	0.0			1.0				HG003	giabHC_x_ultima_x_clinvar	-1	-2	sent	sentd
Irl1-HG003-40x-50bp-0-DBC28-PCR-FREE-ILMN-NOVASEQ-sent-sentd-DEL_50	DEL_50	Irl1-HG003-40x-50bp-0-DBC28-PCR-FREE-ILMN-NOVASEQ	332544085.0	332524996.0	771.0	18318.0	124.0	0.9761530468146332	0.9596102467389596	0.9999996270958417	0.006723782669992409	0.9932762173300076	0.9932762173300076	HG003	giabHC_x_ultima_x_clinvar	-1	-2	sent	sentd
Irl1-HG003-40x-50bp-0-DBC28-PCR-FREE-ILMN-NOVASEQ-sent-sentd-DEL_gt50	DEL_gt50	Irl1-HG003-40x-50bp-0-DBC28-PCR-FREE-ILMN-NOVASEQ	332544085.0	332544085.0	0.0	0.0	0.0			1.0				HG003	giabHC_x_ultima_x_clinvar	-1	-2	sent	sentd
Irl1-HG003-40x-50bp-0-DBC28-PCR-FREE-ILMN-NOVASEQ-sent-sentd-Indel_50	Indel_50	Irl1-HG003-40x-50bp-0-DBC28-PCR-FREE-ILMN-NOVASEQ	332544085.0	332543072.0	410.0	603.0	0.0	0.7462871287128713	0.5952615992102666	1.0	0.0	1.0	1.0	HG003	giabHC_x_ultima_x_clinvar	-1	-2	sent	sentd
Irl1-HG003-40x-50bp-0-DBC28-PCR-FREE-ILMN-NOVASEQ-sent-sentd-Indel_gt50	Indel_gt50	Irl1-HG003-40x-50bp-0-DBC28-PCR-FREE-ILMN-NOVASEQ	332544085.0	332544064.0	17.0	4.0	0.0	0.32	0.19047619047619047	1.0	0.0	1.0	1.0	HG003	giabHC_x_ultima_x_clinvar	-1	-2	sent	sentd
Irl1-HG003-40x-50bp-0-DBC28-PCR-FREE-ILMN-NOVASEQ-sent-sentd-All	All	Irl1-HG003-40x-50bp-0-DBC28-PCR-FREE-ILMN-NOVASEQ	332544085.0	332134919.0	5598.0	403568.0	2336.0	0.9902658667353725	0.9863185113132568	0.9999929667630931	0.00575505538255351	0.9942449446174465	0.9942449446174465	HG003	giabHC_x_ultima_x_clinvar	-1	-2	sent	sentd
Irl1-HG003-5x-100bp-0-DBC8-PCR-FREE-ILMN-NOVASEQ-sent-sentd-SNPts	SNPts	Irl1-HG003-5x-100bp-0-DBC8-PCR-FREE-ILMN-NOVASEQ	2505355380.0	2503152230.0	683130.0	1520020.0	11236.0	0.814062530962086	0.68993032703175	0.9999955112799653	0.007337767166300083	0.9926622328336999	0.9926622328336999	HG003	giabHC_x_ultima	-1	-2	sent	sentd
Irl1-HG003-5x-100bp-0-DBC8-PCR-FREE-ILMN-NOVASEQ-sent-sentd-SNPtv	SNPtv	Irl1-HG003-5x-100bp-0-DBC8-PCR-FREE-ILMN-NOVASEQ	2505355380.0	2504320777.0	323102.0	711501.0	6242.0	0.8120553817567991	0.6877043658292118	0.9999975075140137	0.008696706202637992	0.991303293797362	0.991303293797362	HG003	giabHC_x_ultima	-1	-2	sent	sentd
Irl1-HG003-5x-100bp-0-DBC8-PCR-FREE-ILMN-NOVASEQ-sent-sentd-INS_50	INS_50	Irl1-HG003-5x-100bp-0-DBC8-PCR-FREE-ILMN-NOVASEQ	2505355380.0	2505199165.0	46513.0	109702.0	1867.0	0.8193319989245063	0.7022501040233012	0.9999992547504267	0.016734039025177245	0.9832659609748228	0.9832659609748228	HG003	giabHC_x_ultima	-1	-2	sent	sentd
Irl1-HG003-5x-100bp-0-DBC8-PCR-FREE-ILMN-NOVASEQ-sent-sentd-INS_gt50	INS_gt50	Irl1-HG003-5x-100bp-0-DBC8-PCR-FREE-ILMN-NOVASEQ	2505355380.0	2505355380.0	0.0	0.0	1.0			0.9999999996008551	1.0	0.0	0.0	HG003	giabHC_x_ultima	-1	-2	sent	sentd
Irl1-HG003-5x-100bp-0-DBC8-PCR-FREE-ILMN-NOVASEQ-sent-sentd-DEL_50	DEL_50	Irl1-HG003-5x-100bp-0-DBC8-PCR-FREE-ILMN-NOVASEQ	2505355380.0	2505186735.0	52006.0	116639.0	2267.0	0.811257829045978	0.6916244181564826	0.9999990950782564	0.01906548029535936	0.9809345197046406	0.9809345197046406	HG003	giabHC_x_ultima	-1	-2	sent	sentd
Irl1-HG003-5x-100bp-0-DBC8-PCR-FREE-ILMN-NOVASEQ-sent-sentd-DEL_gt50	DEL_gt50	Irl1-HG003-5x-100bp-0-DBC8-PCR-FREE-ILMN-NOVASEQ	2505355380.0	2505355380.0	0.0	0.0	26.0			0.9999999896222309	1.0	0.0	0.0	HG003	giabHC_x_ultima	-1	-2	sent	sentd
Irl1-HG003-5x-100bp-0-DBC8-PCR-FREE-ILMN-NOVASEQ-sent-sentd-Indel_50	Indel_50	Irl1-HG003-5x-100bp-0-DBC8-PCR-FREE-ILMN-NOVASEQ	2505355380.0	2505347358.0	3054.0	4968.0	5.0	0.7646017699115044	0.6192969334330591	0.9999999980042688	0.0010054293183189222	0.9989945706816811	0.9989945706816811	HG003	giabHC_x_ultima	-1	-2	sent	sentd
Irl1-HG003-5x-100bp-0-DBC8-PCR-FREE-ILMN-NOVASEQ-sent-sentd-Indel_gt50	Indel_gt50	Irl1-HG003-5x-100bp-0-DBC8-PCR-FREE-ILMN-NOVASEQ	2505355380.0	2505355181.0	126.0	73.0	1.0	0.5347985347985348	0.36683417085427134	0.999999999600855	0.013513513513513514	0.9864864864864865	0.9864864864864865	HG003	giabHC_x_ultima	-1	-2	sent	sentd
Irl1-HG003-5x-100bp-0-DBC8-PCR-FREE-ILMN-NOVASEQ-sent-sentd-All	All	Irl1-HG003-5x-100bp-0-DBC8-PCR-FREE-ILMN-NOVASEQ	2505355380.0	2501784546.0	1107931.0	2462903.0	21645.0	0.8134591673985224	0.6897276658618127	0.9999913482506847	0.008711846178862313	0.9912881538211377	0.9912881538211377	HG003	giabHC_x_ultima	-1	-2	sent	sentd
Irl1-HG003-5x-100bp-0-DBC8-PCR-FREE-ILMN-NOVASEQ-sent-sentd-SNPts	SNPts	Irl1-HG003-5x-100bp-0-DBC8-PCR-FREE-ILMN-NOVASEQ	3088286401.0	3085963436.0	738472.0	1584493.0	244376.0	0.7632737725063189	0.6820993859141227	0.9999208167385716	0.1336213802082052	0.8663786197917949	0.8663786197917949	HG003	hg38	-1	-2	sent	sentd
Irl1-HG003-5x-100bp-0-DBC8-PCR-FREE-ILMN-NOVASEQ-sent-sentd-SNPtv	SNPtv	Irl1-HG003-5x-100bp-0-DBC8-PCR-FREE-ILMN-NOVASEQ	3088286401.0	3087179169.0	355449.0	751783.0	160759.0	0.7444228908778904	0.6789751380017919	0.9999479296080933	0.17616613810652001	0.82383386189348	0.82383386189348	HG003	hg38	-1	-2	sent	sentd
Irl1-HG003-5x-100bp-0-DBC8-PCR-FREE-ILMN-NOVASEQ-sent-sentd-INS_50	INS_50	Irl1-HG003-5x-100bp-0-DBC8-PCR-FREE-ILMN-NOVASEQ	3088286401.0	3088021865.0	77555.0	186981.0	113938.0	0.6613470567949705	0.7068262920736686	0.9999631046018477	0.3786334528560842	0.6213665471439158	0.6213665471439158	HG003	hg38	-1	-2	sent	sentd
Irl1-HG003-5x-100bp-0-DBC8-PCR-FREE-ILMN-NOVASEQ-sent-sentd-INS_gt50	INS_gt50	Irl1-HG003-5x-100bp-0-DBC8-PCR-FREE-ILMN-NOVASEQ	3088286401.0	3088286163.0	223.0	15.0	307.0	0.05357142857142857	0.06302521008403361	0.9999999005921235	0.953416149068323	0.04658385093167705	0.046583850931677016	HG003	hg38	-1	-2	sent	sentd
Irl1-HG003-5x-100bp-0-DBC8-PCR-FREE-ILMN-NOVASEQ-sent-sentd-DEL_50	DEL_50	Irl1-HG003-5x-100bp-0-DBC8-PCR-FREE-ILMN-NOVASEQ	3088286401.0	3088007142.0	80819.0	198440.0	119475.0	0.6645969181511586	0.710594824159651	0.9999613114956679	0.37580799899344164	0.6241920010065584	0.6241920010065584	HG003	hg38	-1	-2	sent	sentd
Irl1-HG003-5x-100bp-0-DBC8-PCR-FREE-ILMN-NOVASEQ-sent-sentd-DEL_gt50	DEL_gt50	Irl1-HG003-5x-100bp-0-DBC8-PCR-FREE-ILMN-NOVASEQ	3088286401.0	3088286263.0	106.0	32.0	690.0	0.07441860465116279	0.2318840579710145	0.9999997765751659	0.9556786703601108	0.04432132963988922	0.0443213296398892	HG003	hg38	-1	-2	sent	sentd
Irl1-HG003-5x-100bp-0-DBC8-PCR-FREE-ILMN-NOVASEQ-sent-sentd-Indel_50	Indel_50	Irl1-HG003-5x-100bp-0-DBC8-PCR-FREE-ILMN-NOVASEQ	3088286401.0	3088262572.0	9123.0	14706.0	9593.0	0.6111203457446809	0.6171471736119853	0.9999968937323243	0.39478990904975514	0.6052100909502449	0.6052100909502449	HG003	hg38	-1	-2	sent	sentd
Irl1-HG003-5x-100bp-0-DBC8-PCR-FREE-ILMN-NOVASEQ-sent-sentd-Indel_gt50	Indel_gt50	Irl1-HG003-5x-100bp-0-DBC8-PCR-FREE-ILMN-NOVASEQ	3088286401.0	3088285380.0	745.0	276.0	194.0	0.3702213279678068	0.2703232125367287	0.9999999371819751	0.4127659574468085	0.5872340425531914	0.5872340425531914	HG003	hg38	-1	-2	sent	sentd
Irl1-HG003-5x-100bp-0-DBC8-PCR-FREE-ILMN-NOVASEQ-sent-sentd-All	All	Irl1-HG003-5x-100bp-0-DBC8-PCR-FREE-ILMN-NOVASEQ	3088286401.0	3084287183.0	1262492.0	2736726.0	649332.0	0.7411303247163681	0.6843152836379512	0.9997895152795389	0.19176635485865864	0.8082336451413413	0.8082336451413413	HG003	hg38	-1	-2	sent	sentd
Irl1-HG003-5x-100bp-0-DBC8-PCR-FREE-ILMN-NOVASEQ-sent-sentd-SNPts	SNPts	Irl1-HG003-5x-100bp-0-DBC8-PCR-FREE-ILMN-NOVASEQ	688815815.0	688747809.0	26969.0	41037.0	229948.0	0.24211262245900336	0.6034320501132253	0.9996662475708922	0.8485635736295367	0.15143642637046328	0.1514364263704633	HG003	hg38_m_giabHC	-1	-2	sent	sentd
Irl1-HG003-5x-100bp-0-DBC8-PCR-FREE-ILMN-NOVASEQ-sent-sentd-SNPtv	SNPtv	Irl1-HG003-5x-100bp-0-DBC8-PCR-FREE-ILMN-NOVASEQ	688815815.0	688780645.0	13869.0	21301.0	152585.0	0.2037827185060462	0.6056582314472562	0.9997785199009779	0.8775002012812992	0.12249979871870076	0.12249979871870076	HG003	hg38_m_giabHC	-1	-2	sent	sentd
Irl1-HG003-5x-100bp-0-DBC8-PCR-FREE-ILMN-NOVASEQ-sent-sentd-INS_50	INS_50	Irl1-HG003-5x-100bp-0-DBC8-PCR-FREE-ILMN-NOVASEQ	688815815.0	688787089.0	10441.0	18285.0	107317.0	0.23696283240889535	0.6365313653136532	0.9998442185056733	0.8544211079441411	0.14557889205585894	0.14557889205585897	HG003	hg38_m_giabHC	-1	-2	sent	sentd
Irl1-HG003-5x-100bp-0-DBC8-PCR-FREE-ILMN-NOVASEQ-sent-sentd-INS_gt50	INS_gt50	Irl1-HG003-5x-100bp-0-DBC8-PCR-FREE-ILMN-NOVASEQ	688815815.0	688815578.0	222.0	15.0	305.0	0.05385996409335727	0.06329113924050633	0.9999995572111394	0.953125	0.046875	0.046875	HG003	hg38_m_giabHC	-1	-2	sent	sentd
Irl1-HG003-5x-100bp-0-DBC8-PCR-FREE-ILMN-NOVASEQ-sent-sentd-DEL_50	DEL_50	Irl1-HG003-5x-100bp-0-DBC8-PCR-FREE-ILMN-NOVASEQ	688815815.0	688786595.0	9742.0	19478.0	114128.0	0.23924925994620025	0.6665982203969884	0.9998343331684963	0.8542131341406823	0.14578686585931766	0.1457868658593177	HG003	hg38_m_giabHC	-1	-2	sent	sentd
Irl1-HG003-5x-100bp-0-DBC8-PCR-FREE-ILMN-NOVASEQ-sent-sentd-DEL_gt50	DEL_gt50	Irl1-HG003-5x-100bp-0-DBC8-PCR-FREE-ILMN-NOVASEQ	688815815.0	688815677.0	106.0	32.0	662.0	0.07692307692307691	0.2318840579710145	0.9999990389310437	0.9538904899135446	0.04610951008645536	0.04610951008645533	HG003	hg38_m_giabHC	-1	-2	sent	sentd
Irl1-HG003-5x-100bp-0-DBC8-PCR-FREE-ILMN-NOVASEQ-sent-sentd-Indel_50	Indel_50	Irl1-HG003-5x-100bp-0-DBC8-PCR-FREE-ILMN-NOVASEQ	688815815.0	688810016.0	3102.0	2697.0	9561.0	0.2987207177271972	0.4650801862390067	0.9999861197324825	0.779980420949584	0.22001957905041603	0.22001957905041605	HG003	hg38_m_giabHC	-1	-2	sent	sentd
Irl1-HG003-5x-100bp-0-DBC8-PCR-FREE-ILMN-NOVASEQ-sent-sentd-Indel_gt50	Indel_gt50	Irl1-HG003-5x-100bp-0-DBC8-PCR-FREE-ILMN-NOVASEQ	688815815.0	688815055.0	573.0	187.0	193.0	0.32807017543859646	0.24605263157894736	0.9999997198087578	0.5078947368421053	0.4921052631578947	0.4921052631578947	HG003	hg38_m_giabHC	-1	-2	sent	sentd
Irl1-HG003-5x-100bp-0-DBC8-PCR-FREE-ILMN-NOVASEQ-sent-sentd-All	All	Irl1-HG003-5x-100bp-0-DBC8-PCR-FREE-ILMN-NOVASEQ	688815815.0	688647759.0	65024.0	103032.0	614699.0	0.23263380474086887	0.6130813538344362	0.9991081786148869	0.8564476105950558	0.1435523894049442	0.1435523894049442	HG003	hg38_m_giabHC	-1	-2	sent	sentd
Irl1-HG003-5x-100bp-0-DBC8-PCR-FREE-ILMN-NOVASEQ-sent-sentd-SNPts	SNPts	Irl1-HG003-5x-100bp-0-DBC8-PCR-FREE-ILMN-NOVASEQ	2528531102.0	2526276121.0	711503.0	1543478.0	14428.0	0.8096111948767429	0.6844749467955605	0.9999942888596065	0.009261149260610075	0.9907388507393899	0.9907388507393899	HG003	giabHC	-1	-2	sent	sentd
Irl1-HG003-5x-100bp-0-DBC8-PCR-FREE-ILMN-NOVASEQ-sent-sentd-SNPtv	SNPtv	Irl1-HG003-5x-100bp-0-DBC8-PCR-FREE-ILMN-NOVASEQ	2528531102.0	2527459033.0	341580.0	730489.0	8174.0	0.806843862040324	0.6813824483312175	0.9999967659323226	0.011065939406738933	0.988934060593261	0.988934060593261	HG003	giabHC	-1	-2	sent	sentd
Irl1-HG003-5x-100bp-0-DBC8-PCR-FREE-ILMN-NOVASEQ-sent-sentd-INS_50	INS_50	Irl1-HG003-5x-100bp-0-DBC8-PCR-FREE-ILMN-NOVASEQ	2528531102.0	2528295367.0	67083.0	168652.0	6621.0	0.8206750233572095	0.7154304621715062	0.9999973812463735	0.03777535615867818	0.9622246438413218	0.9622246438413218	HG003	giabHC	-1	-2	sent	sentd
Irl1-HG003-5x-100bp-0-DBC8-PCR-FREE-ILMN-NOVASEQ-sent-sentd-INS_gt50	INS_gt50	Irl1-HG003-5x-100bp-0-DBC8-PCR-FREE-ILMN-NOVASEQ	2528531102.0	2528531101.0	1.0	0.0	2.0		0.0	0.9999999992090269	1.0	0.0	0.0	HG003	giabHC	-1	-2	sent	sentd
Irl1-HG003-5x-100bp-0-DBC8-PCR-FREE-ILMN-NOVASEQ-sent-sentd-DEL_50	DEL_50	Irl1-HG003-5x-100bp-0-DBC8-PCR-FREE-ILMN-NOVASEQ	2528531102.0	2528280872.0	71154.0	179076.0	5353.0	0.8239838586110032	0.715645606042441	0.9999978827555412	0.029024719539768692	0.9709752804602313	0.9709752804602313	HG003	giabHC	-1	-2	sent	sentd
Irl1-HG003-5x-100bp-0-DBC8-PCR-FREE-ILMN-NOVASEQ-sent-sentd-DEL_gt50	DEL_gt50	Irl1-HG003-5x-100bp-0-DBC8-PCR-FREE-ILMN-NOVASEQ	2528531102.0	2528531102.0	0.0	0.0	28.0			0.9999999889263772	1.0	0.0	0.0	HG003	giabHC	-1	-2	sent	sentd
Irl1-HG003-5x-100bp-0-DBC8-PCR-FREE-ILMN-NOVASEQ-sent-sentd-Indel_50	Indel_50	Irl1-HG003-5x-100bp-0-DBC8-PCR-FREE-ILMN-NOVASEQ	2528531102.0	2528513071.0	6021.0	12010.0	32.0	0.798723107106042	0.6660750928955688	0.9999999873443408	0.0026573658860654377	0.9973426341139345	0.9973426341139345	HG003	giabHC	-1	-2	sent	sentd
Irl1-HG003-5x-100bp-0-DBC8-PCR-FREE-ILMN-NOVASEQ-sent-sentd-Indel_gt50	Indel_gt50	Irl1-HG003-5x-100bp-0-DBC8-PCR-FREE-ILMN-NOVASEQ	2528531102.0	2528530839.0	174.0	89.0	1.0	0.5042492917847026	0.33840304182509506	0.9999999996045135	0.011111111111111112	0.9888888888888889	0.9888888888888889	HG003	giabHC	-1	-2	sent	sentd
Irl1-HG003-5x-100bp-0-DBC8-PCR-FREE-ILMN-NOVASEQ-sent-sentd-All	All	Irl1-HG003-5x-100bp-0-DBC8-PCR-FREE-ILMN-NOVASEQ	2528531102.0	2524699792.0	1197516.0	2633794.0	34639.0	0.8104301970093278	0.687439544176796	0.9999862801411608	0.012981026692444593	0.9870189733075554	0.9870189733075554	HG003	giabHC	-1	-2	sent	sentd
Irl1-HG003-5x-100bp-0-DBC8-PCR-FREE-ILMN-NOVASEQ-sent-sentd-SNPts	SNPts	Irl1-HG003-5x-100bp-0-DBC8-PCR-FREE-ILMN-NOVASEQ	337668665.0	337403082.0	78310.0	187273.0	2808.0	0.821978475367815	0.7051392596664696	0.9999916776793671	0.014772649554663538	0.9852273504453365	0.9852273504453365	HG003	giabHC_x_clinvar_genes	-1	-2	sent	sentd
Irl1-HG003-5x-100bp-0-DBC8-PCR-FREE-ILMN-NOVASEQ-sent-sentd-SNPtv	SNPtv	Irl1-HG003-5x-100bp-0-DBC8-PCR-FREE-ILMN-NOVASEQ	337668665.0	337548386.0	35663.0	84616.0	1514.0	0.8198867297453115	0.7034977011780943	0.9999955147372285	0.017578079647045164	0.9824219203529548	0.9824219203529548	HG003	giabHC_x_clinvar_genes	-1	-2	sent	sentd
Irl1-HG003-5x-100bp-0-DBC8-PCR-FREE-ILMN-NOVASEQ-sent-sentd-INS_50	INS_50	Irl1-HG003-5x-100bp-0-DBC8-PCR-FREE-ILMN-NOVASEQ	337668665.0	337641689.0	7377.0	19599.0	856.0	0.8264215386561531	0.7265346975088968	0.9999974647744703	0.04184795893424591	0.9581520410657541	0.9581520410657541	HG003	giabHC_x_clinvar_genes	-1	-2	sent	sentd
Irl1-HG003-5x-100bp-0-DBC8-PCR-FREE-ILMN-NOVASEQ-sent-sentd-INS_gt50	INS_gt50	Irl1-HG003-5x-100bp-0-DBC8-PCR-FREE-ILMN-NOVASEQ	337668665.0	337668665.0	0.0	0.0	0.0			1.0				HG003	giabHC_x_clinvar_genes	-1	-2	sent	sentd
Irl1-HG003-5x-100bp-0-DBC8-PCR-FREE-ILMN-NOVASEQ-sent-sentd-DEL_50	DEL_50	Irl1-HG003-5x-100bp-0-DBC8-PCR-FREE-ILMN-NOVASEQ	337668665.0	337639971.0	7935.0	20759.0	680.0	0.8281571021083917	0.7234613508050464	0.9999979860244967	0.03171789728998554	0.9682821027100145	0.9682821027100145	HG003	giabHC_x_clinvar_genes	-1	-2	sent	sentd
Irl1-HG003-5x-100bp-0-DBC8-PCR-FREE-ILMN-NOVASEQ-sent-sentd-DEL_gt50	DEL_gt50	Irl1-HG003-5x-100bp-0-DBC8-PCR-FREE-ILMN-NOVASEQ	337668665.0	337668665.0	0.0	0.0	10.0			0.9999999703851712	1.0	0.0	0.0	HG003	giabHC_x_clinvar_genes	-1	-2	sent	sentd
Irl1-HG003-5x-100bp-0-DBC8-PCR-FREE-ILMN-NOVASEQ-sent-sentd-Indel_50	Indel_50	Irl1-HG003-5x-100bp-0-DBC8-PCR-FREE-ILMN-NOVASEQ	337668665.0	337666902.0	597.0	1166.0	5.0	0.7948193592365372	0.6613726602382303	0.9999999851925081	0.004269854824935952	0.9957301451750641	0.9957301451750641	HG003	giabHC_x_clinvar_genes	-1	-2	sent	sentd
Irl1-HG003-5x-100bp-0-DBC8-PCR-FREE-ILMN-NOVASEQ-sent-sentd-Indel_gt50	Indel_gt50	Irl1-HG003-5x-100bp-0-DBC8-PCR-FREE-ILMN-NOVASEQ	337668665.0	337668641.0	15.0	9.0	0.0	0.5454545454545454	0.375	1.0	0.0	1.0	1.0	HG003	giabHC_x_clinvar_genes	-1	-2	sent	sentd
Irl1-HG003-5x-100bp-0-DBC8-PCR-FREE-ILMN-NOVASEQ-sent-sentd-All	All	Irl1-HG003-5x-100bp-0-DBC8-PCR-FREE-ILMN-NOVASEQ	337668665.0	337225346.0	129897.0	313422.0	5873.0	0.8219676009095034	0.7069897748573826	0.9999825846491395	0.01839364850686669	0.9816063514931334	0.9816063514931334	HG003	giabHC_x_clinvar_genes	-1	-2	sent	sentd
Irl1-HG003-5x-100bp-0-DBC8-PCR-FREE-ILMN-NOVASEQ-sent-sentd-SNPts	SNPts	Irl1-HG003-5x-100bp-0-DBC8-PCR-FREE-ILMN-NOVASEQ	332544085.0	332287232.0	74088.0	182765.0	2066.0	0.827582615625651	0.7115548582263006	0.9999937825262131	0.01117777861938744	0.9888222213806126	0.9888222213806126	HG003	giabHC_x_ultima_x_clinvar	-1	-2	sent	sentd
Irl1-HG003-5x-100bp-0-DBC8-PCR-FREE-ILMN-NOVASEQ-sent-sentd-SNPtv	SNPtv	Irl1-HG003-5x-100bp-0-DBC8-PCR-FREE-ILMN-NOVASEQ	332544085.0	332429466.0	33258.0	81361.0	1130.0	0.8255390391152148	0.7098386829408737	0.9999966007942301	0.013698464074868773	0.9863015359251313	0.9863015359251313	HG003	giabHC_x_ultima_x_clinvar	-1	-2	sent	sentd
Irl1-HG003-5x-100bp-0-DBC8-PCR-FREE-ILMN-NOVASEQ-sent-sentd-INS_50	INS_50	Irl1-HG003-5x-100bp-0-DBC8-PCR-FREE-ILMN-NOVASEQ	332544085.0	332526374.0	4970.0	12741.0	257.0	0.829789312579374	0.7193834340240528	0.9999992271295709	0.019772272657331898	0.980227727342668	0.980227727342668	HG003	giabHC_x_ultima_x_clinvar	-1	-2	sent	sentd
Irl1-HG003-5x-100bp-0-DBC8-PCR-FREE-ILMN-NOVASEQ-sent-sentd-INS_gt50	INS_gt50	Irl1-HG003-5x-100bp-0-DBC8-PCR-FREE-ILMN-NOVASEQ	332544085.0	332544085.0	0.0	0.0	0.0			1.0				HG003	giabHC_x_ultima_x_clinvar	-1	-2	sent	sentd
Irl1-HG003-5x-100bp-0-DBC8-PCR-FREE-ILMN-NOVASEQ-sent-sentd-DEL_50	DEL_50	Irl1-HG003-5x-100bp-0-DBC8-PCR-FREE-ILMN-NOVASEQ	332544085.0	332524839.0	5698.0	13548.0	305.0	0.8186350040786731	0.7039384807232671	0.9999990827761284	0.02201689164801848	0.9779831083519815	0.9779831083519815	HG003	giabHC_x_ultima_x_clinvar	-1	-2	sent	sentd
Irl1-HG003-5x-100bp-0-DBC8-PCR-FREE-ILMN-NOVASEQ-sent-sentd-DEL_gt50	DEL_gt50	Irl1-HG003-5x-100bp-0-DBC8-PCR-FREE-ILMN-NOVASEQ	332544085.0	332544085.0	0.0	0.0	10.0			0.9999999699287999	1.0	0.0	0.0	HG003	giabHC_x_ultima_x_clinvar	-1	-2	sent	sentd
Irl1-HG003-5x-100bp-0-DBC8-PCR-FREE-ILMN-NOVASEQ-sent-sentd-Indel_50	Indel_50	Irl1-HG003-5x-100bp-0-DBC8-PCR-FREE-ILMN-NOVASEQ	332544085.0	332543339.0	304.0	442.0	1.0	0.7434819175777964	0.5924932975871313	0.9999999969928731	0.002257336343115124	0.9977426636568849	0.9977426636568849	HG003	giabHC_x_ultima_x_clinvar	-1	-2	sent	sentd
Irl1-HG003-5x-100bp-0-DBC8-PCR-FREE-ILMN-NOVASEQ-sent-sentd-Indel_gt50	Indel_gt50	Irl1-HG003-5x-100bp-0-DBC8-PCR-FREE-ILMN-NOVASEQ	332544085.0	332544070.0	9.0	6.0	0.0	0.5714285714285715	0.4	1.0	0.0	1.0	1.0	HG003	giabHC_x_ultima_x_clinvar	-1	-2	sent	sentd
Irl1-HG003-5x-100bp-0-DBC8-PCR-FREE-ILMN-NOVASEQ-sent-sentd-All	All	Irl1-HG003-5x-100bp-0-DBC8-PCR-FREE-ILMN-NOVASEQ	332544085.0	332134895.0	118327.0	290863.0	3769.0	0.826524320069563	0.7108262665265525	0.9999886523298595	0.01279222895001222	0.9872077710499878	0.9872077710499878	HG003	giabHC_x_ultima_x_clinvar	-1	-2	sent	sentd
Irl1-HG003-5x-100bp-0-DBC8-PCR-FREE-ILMN-NOVASEQ-sent-sentd-SNPts	SNPts	Irl1-HG003-5x-100bp-0-DBC8-PCR-FREE-ILMN-NOVASEQ	2799325643.0	2797071398.0	701459.0	1552786.0	130576.0	0.788695265931821	0.6888275231840373	0.9999533190662621	0.07756858002022143	0.9224314199797785	0.9224314199797785	HG003	ultima	-1	-2	sent	sentd
Irl1-HG003-5x-100bp-0-DBC8-PCR-FREE-ILMN-NOVASEQ-sent-sentd-SNPtv	SNPtv	Irl1-HG003-5x-100bp-0-DBC8-PCR-FREE-ILMN-NOVASEQ	2799325643.0	2798266735.0	331757.0	727151.0	74333.0	0.7817180465192282	0.6866989389068738	0.9999734367619265	0.09274420949139346	0.9072557905086065	0.9072557905086065	HG003	ultima	-1	-2	sent	sentd
Irl1-HG003-5x-100bp-0-DBC8-PCR-FREE-ILMN-NOVASEQ-sent-sentd-INS_50	INS_50	Irl1-HG003-5x-100bp-0-DBC8-PCR-FREE-ILMN-NOVASEQ	2799325643.0	2799158584.0	50120.0	116939.0	20788.0	0.7673515187705472	0.6999862324089094	0.9999925735377275	0.1509362724810676	0.8490637275189323	0.8490637275189323	HG003	ultima	-1	-2	sent	sentd
Irl1-HG003-5x-100bp-0-DBC8-PCR-FREE-ILMN-NOVASEQ-sent-sentd-INS_gt50	INS_gt50	Irl1-HG003-5x-100bp-0-DBC8-PCR-FREE-ILMN-NOVASEQ	2799325643.0	2799325547.0	90.0	6.0	54.0	0.07692307692307693	0.0625	0.9999999807096395	0.9	0.09999999999999998	0.1	HG003	ultima	-1	-2	sent	sentd
Irl1-HG003-5x-100bp-0-DBC8-PCR-FREE-ILMN-NOVASEQ-sent-sentd-DEL_50	DEL_50	Irl1-HG003-5x-100bp-0-DBC8-PCR-FREE-ILMN-NOVASEQ	2799325643.0	2799144141.0	56269.0	125233.0	27402.0	0.749590736733735	0.6899813776156737	0.9999902106749876	0.17952632096177154	0.8204736790382284	0.8204736790382284	HG003	ultima	-1	-2	sent	sentd
Irl1-HG003-5x-100bp-0-DBC8-PCR-FREE-ILMN-NOVASEQ-sent-sentd-DEL_gt50	DEL_gt50	Irl1-HG003-5x-100bp-0-DBC8-PCR-FREE-ILMN-NOVASEQ	2799325643.0	2799325554.0	64.0	25.0	280.0	0.12690355329949238	0.2808988764044944	0.9999998999759169	0.9180327868852459	0.08196721311475408	0.08196721311475409	HG003	ultima	-1	-2	sent	sentd
Irl1-HG003-5x-100bp-0-DBC8-PCR-FREE-ILMN-NOVASEQ-sent-sentd-Indel_50	Indel_50	Irl1-HG003-5x-100bp-0-DBC8-PCR-FREE-ILMN-NOVASEQ	2799325643.0	2799315566.0	4124.0	5953.0	902.0	0.7031656035908339	0.5907512156395752	0.9999996777784826	0.1315827862873815	0.8684172137126185	0.8684172137126185	HG003	ultima	-1	-2	sent	sentd
Irl1-HG003-5x-100bp-0-DBC8-PCR-FREE-ILMN-NOVASEQ-sent-sentd-Indel_gt50	Indel_gt50	Irl1-HG003-5x-100bp-0-DBC8-PCR-FREE-ILMN-NOVASEQ	2799325643.0	2799325101.0	355.0	187.0	59.0	0.47461928934010156	0.34501845018450183	0.9999999789234917	0.23983739837398374	0.7601626016260162	0.7601626016260162	HG003	ultima	-1	-2	sent	sentd
Irl1-HG003-5x-100bp-0-DBC8-PCR-FREE-ILMN-NOVASEQ-sent-sentd-All	All	Irl1-HG003-5x-100bp-0-DBC8-PCR-FREE-ILMN-NOVASEQ	2799325643.0	2795653125.0	1144238.0	2528280.0	254394.0	0.7833322386073103	0.688432296315498	0.9999090120119242	0.09142069822048864	0.9085793017795114	0.9085793017795114	HG003	ultima	-1	-2	sent	sentd
Irl1-HG003-5x-100bp-0-DBC8-PCR-FREE-ILMN-NOVASEQ-sent-sentd-SNPts	SNPts	Irl1-HG003-5x-100bp-0-DBC8-PCR-FREE-ILMN-NOVASEQ	377862616.0	377589354.0	81247.0	192015.0	30311.0	0.7748976972808057	0.7026772840716967	0.999919731404878	0.13633583116684508	0.8636641688331549	0.8636641688331549	HG003	clinvar_genes	-1	-2	sent	sentd
Irl1-HG003-5x-100bp-0-DBC8-PCR-FREE-ILMN-NOVASEQ-sent-sentd-SNPtv	SNPtv	Irl1-HG003-5x-100bp-0-DBC8-PCR-FREE-ILMN-NOVASEQ	377862616.0	377738255.0	37229.0	87132.0	17734.0	0.7602245808739808	0.7006376597164706	0.999953054351178	0.16911105601434212	0.8308889439856579	0.8308889439856579	HG003	clinvar_genes	-1	-2	sent	sentd
Irl1-HG003-5x-100bp-0-DBC8-PCR-FREE-ILMN-NOVASEQ-sent-sentd-INS_50	INS_50	Irl1-HG003-5x-100bp-0-DBC8-PCR-FREE-ILMN-NOVASEQ	377862616.0	377832630.0	8429.0	21557.0	12868.0	0.6693577184021363	0.7189021543386914	0.9999659437519618	0.37379811183732753	0.6262018881626725	0.6262018881626725	HG003	clinvar_genes	-1	-2	sent	sentd
Irl1-HG003-5x-100bp-0-DBC8-PCR-FREE-ILMN-NOVASEQ-sent-sentd-INS_gt50	INS_gt50	Irl1-HG003-5x-100bp-0-DBC8-PCR-FREE-ILMN-NOVASEQ	377862616.0	377862586.0	27.0	3.0	43.0	0.07894736842105264	0.1	0.9999998862020303	0.9347826086956522	0.06521739130434778	0.06521739130434782	HG003	clinvar_genes	-1	-2	sent	sentd
Irl1-HG003-5x-100bp-0-DBC8-PCR-FREE-ILMN-NOVASEQ-sent-sentd-DEL_50	DEL_50	Irl1-HG003-5x-100bp-0-DBC8-PCR-FREE-ILMN-NOVASEQ	377862616.0	377830871.0	8938.0	22807.0	13266.0	0.6725942964994545	0.7184438494251063	0.999964890284906	0.3677542760513403	0.6322457239486596	0.6322457239486596	HG003	clinvar_genes	-1	-2	sent	sentd
Irl1-HG003-5x-100bp-0-DBC8-PCR-FREE-ILMN-NOVASEQ-sent-sentd-DEL_gt50	DEL_gt50	Irl1-HG003-5x-100bp-0-DBC8-PCR-FREE-ILMN-NOVASEQ	377862616.0	377862598.0	16.0	2.0	114.0	0.029850746268656716	0.1111111111111111	0.9999996983031234	0.9827586206896551	0.017241379310344862	0.017241379310344827	HG003	clinvar_genes	-1	-2	sent	sentd
Irl1-HG003-5x-100bp-0-DBC8-PCR-FREE-ILMN-NOVASEQ-sent-sentd-Indel_50	Indel_50	Irl1-HG003-5x-100bp-0-DBC8-PCR-FREE-ILMN-NOVASEQ	377862616.0	377860314.0	889.0	1413.0	1104.0	0.5864287196513799	0.6138140747176368	0.9999970782939263	0.43861740166865315	0.5613825983313468	0.5613825983313468	HG003	clinvar_genes	-1	-2	sent	sentd
Irl1-HG003-5x-100bp-0-DBC8-PCR-FREE-ILMN-NOVASEQ-sent-sentd-Indel_gt50	Indel_gt50	Irl1-HG003-5x-100bp-0-DBC8-PCR-FREE-ILMN-NOVASEQ	377862616.0	377862497.0	88.0	31.0	27.0	0.3502824858757062	0.2605042016806723	0.9999999285454411	0.46551724137931033	0.5344827586206897	0.5344827586206896	HG003	clinvar_genes	-1	-2	sent	sentd
Irl1-HG003-5x-100bp-0-DBC8-PCR-FREE-ILMN-NOVASEQ-sent-sentd-All	All	Irl1-HG003-5x-100bp-0-DBC8-PCR-FREE-ILMN-NOVASEQ	377862616.0	377400793.0	136863.0	324960.0	75467.0	0.7537489127283271	0.7036462021163953	0.9998000748444419	0.188466312211714	0.8115336877882859	0.811533687788286	HG003	clinvar_genes	-1	-2	sent	sentd
Irl1-HG003-5x-150bp-0-DBC2-PCR-FREE-ILMN-NOVASEQ-sent-sentd-SNPts	SNPts	Irl1-HG003-5x-150bp-0-DBC2-PCR-FREE-ILMN-NOVASEQ	2799325643.0	2797071431.0	335538.0	1918674.0	155610.0	0.8865314880734556	0.8511506459907054	0.9999443699071547	0.07501865704021243	0.9249813429597875	0.9249813429597876	HG003	ultima	-1	-2	sent	sentd
Irl1-HG003-5x-150bp-0-DBC2-PCR-FREE-ILMN-NOVASEQ-sent-sentd-SNPtv	SNPtv	Irl1-HG003-5x-150bp-0-DBC2-PCR-FREE-ILMN-NOVASEQ	2799325643.0	2798266829.0	159916.0	898898.0	85694.0	0.8798036219919095	0.8489668629239885	0.9999693769818864	0.08703503583210101	0.912964964167899	0.912964964167899	HG003	ultima	-1	-2	sent	sentd
Irl1-HG003-5x-150bp-0-DBC2-PCR-FREE-ILMN-NOVASEQ-sent-sentd-INS_50	INS_50	Irl1-HG003-5x-150bp-0-DBC2-PCR-FREE-ILMN-NOVASEQ	2799325643.0	2799159260.0	24148.0	142235.0	25605.0	0.8511383118456838	0.8548649801962941	0.9999908526941824	0.15255600571973307	0.847443994280267	0.847443994280267	HG003	ultima	-1	-2	sent	sentd
Irl1-HG003-5x-150bp-0-DBC2-PCR-FREE-ILMN-NOVASEQ-sent-sentd-INS_gt50	INS_gt50	Irl1-HG003-5x-150bp-0-DBC2-PCR-FREE-ILMN-NOVASEQ	2799325643.0	2799325548.0	82.0	13.0	149.0	0.10116731517509728	0.1368421052631579	0.999999946772896	0.9197530864197531	0.08024691358024694	0.08024691358024691	HG003	ultima	-1	-2	sent	sentd
Irl1-HG003-5x-150bp-0-DBC2-PCR-FREE-ILMN-NOVASEQ-sent-sentd-DEL_50	DEL_50	Irl1-HG003-5x-150bp-0-DBC2-PCR-FREE-ILMN-NOVASEQ	2799325643.0	2799145017.0	27590.0	153036.0	32620.0	0.8356184579094796	0.8472534408114003	0.9999883465773773	0.17570129702245013	0.8242987029775499	0.8242987029775499	HG003	ultima	-1	-2	sent	sentd
Irl1-HG003-5x-150bp-0-DBC2-PCR-FREE-ILMN-NOVASEQ-sent-sentd-DEL_gt50	DEL_gt50	Irl1-HG003-5x-150bp-0-DBC2-PCR-FREE-ILMN-NOVASEQ	2799325643.0	2799325555.0	47.0	41.0	470.0	0.1368948247078464	0.4659090909090909	0.9999998321024433	0.9197651663405088	0.08023483365949124	0.08023483365949119	HG003	ultima	-1	-2	sent	sentd
Irl1-HG003-5x-150bp-0-DBC2-PCR-FREE-ILMN-NOVASEQ-sent-sentd-Indel_50	Indel_50	Irl1-HG003-5x-150bp-0-DBC2-PCR-FREE-ILMN-NOVASEQ	2799325643.0	2799313728.0	1450.0	10465.0	1494.0	0.8766859344894027	0.878304657994125	0.9999994662980474	0.12492683334726984	0.8750731666527302	0.8750731666527302	HG003	ultima	-1	-2	sent	sentd
Irl1-HG003-5x-150bp-0-DBC2-PCR-FREE-ILMN-NOVASEQ-sent-sentd-Indel_gt50	Indel_gt50	Irl1-HG003-5x-150bp-0-DBC2-PCR-FREE-ILMN-NOVASEQ	2799325643.0	2799325046.0	127.0	470.0	188.0	0.749003984063745	0.7872696817420436	0.9999999328409583	0.2857142857142857	0.7142857142857143	0.7142857142857143	HG003	ultima	-1	-2	sent	sentd
Irl1-HG003-5x-150bp-0-DBC2-PCR-FREE-ILMN-NOVASEQ-sent-sentd-All	All	Irl1-HG003-5x-150bp-0-DBC2-PCR-FREE-ILMN-NOVASEQ	2799325643.0	2795652913.0	548898.0	3123832.0	301830.0	0.8801520118922709	0.8505476852368674	0.9998920476088693	0.08810851741940681	0.9118914825805932	0.9118914825805932	HG003	ultima	-1	-2	sent	sentd
Irl1-HG003-5x-150bp-0-DBC2-PCR-FREE-ILMN-NOVASEQ-sent-sentd-SNPts	SNPts	Irl1-HG003-5x-150bp-0-DBC2-PCR-FREE-ILMN-NOVASEQ	2505355380.0	2503152252.0	324870.0	1878258.0	13553.0	0.9173557896711038	0.8525414773903287	0.9999945856563025	0.0071640348850915865	0.9928359651149085	0.9928359651149085	HG003	giabHC_x_ultima	-1	-2	sent	sentd
Irl1-HG003-5x-150bp-0-DBC2-PCR-FREE-ILMN-NOVASEQ-sent-sentd-SNPtv	SNPtv	Irl1-HG003-5x-150bp-0-DBC2-PCR-FREE-ILMN-NOVASEQ	2505355380.0	2504320857.0	154942.0	879581.0	6970.0	0.9157179785890601	0.8502285594423711	0.999997216818052	0.007861927852994357	0.9921380721470057	0.9921380721470057	HG003	giabHC_x_ultima	-1	-2	sent	sentd
Irl1-HG003-5x-150bp-0-DBC2-PCR-FREE-ILMN-NOVASEQ-sent-sentd-INS_50	INS_50	Irl1-HG003-5x-150bp-0-DBC2-PCR-FREE-ILMN-NOVASEQ	2505355380.0	2505199759.0	22195.0	133426.0	1700.0	0.917815145126175	0.8573778603144819	0.9999993214118593	0.012580850465491468	0.9874191495345085	0.9874191495345085	HG003	giabHC_x_ultima	-1	-2	sent	sentd
Irl1-HG003-5x-150bp-0-DBC2-PCR-FREE-ILMN-NOVASEQ-sent-sentd-INS_gt50	INS_gt50	Irl1-HG003-5x-150bp-0-DBC2-PCR-FREE-ILMN-NOVASEQ	2505355380.0	2505355380.0	0.0	0.0	1.0			0.9999999996008551	1.0	0.0	0.0	HG003	giabHC_x_ultima	-1	-2	sent	sentd
Irl1-HG003-5x-150bp-0-DBC2-PCR-FREE-ILMN-NOVASEQ-sent-sentd-DEL_50	DEL_50	Irl1-HG003-5x-150bp-0-DBC2-PCR-FREE-ILMN-NOVASEQ	2505355380.0	2505187543.0	25218.0	142619.0	1612.0	0.9140251483650998	0.8497470760321025	0.9999993565356146	0.011176515450908612	0.9888234845490914	0.9888234845490914	HG003	giabHC_x_ultima	-1	-2	sent	sentd
Irl1-HG003-5x-150bp-0-DBC2-PCR-FREE-ILMN-NOVASEQ-sent-sentd-DEL_gt50	DEL_gt50	Irl1-HG003-5x-150bp-0-DBC2-PCR-FREE-ILMN-NOVASEQ	2505355380.0	2505355380.0	0.0	0.0	29.0			0.999999988424796	1.0	0.0	0.0	HG003	giabHC_x_ultima	-1	-2	sent	sentd
Irl1-HG003-5x-150bp-0-DBC2-PCR-FREE-ILMN-NOVASEQ-sent-sentd-Indel_50	Indel_50	Irl1-HG003-5x-150bp-0-DBC2-PCR-FREE-ILMN-NOVASEQ	2505355380.0	2505345813.0	1064.0	8503.0	4.0	0.9409095938917783	0.8887843629141842	0.999999998403414	0.0004702010109321735	0.9995297989890678	0.9995297989890678	HG003	giabHC_x_ultima	-1	-2	sent	sentd
Irl1-HG003-5x-150bp-0-DBC2-PCR-FREE-ILMN-NOVASEQ-sent-sentd-Indel_gt50	Indel_gt50	Irl1-HG003-5x-150bp-0-DBC2-PCR-FREE-ILMN-NOVASEQ	2505355380.0	2505355152.0	38.0	190.0	0.0	0.9090909090909091	0.8333333333333334	1.0	0.0	1.0	1.0	HG003	giabHC_x_ultima	-1	-2	sent	sentd
Irl1-HG003-5x-150bp-0-DBC2-PCR-FREE-ILMN-NOVASEQ-sent-sentd-All	All	Irl1-HG003-5x-150bp-0-DBC2-PCR-FREE-ILMN-NOVASEQ	2505355380.0	2501784476.0	528327.0	3042577.0	23869.0	0.916804748883214	0.8520467086205622	0.99999045930115	0.007783929669721887	0.9922160703302781	0.9922160703302781	HG003	giabHC_x_ultima	-1	-2	sent	sentd
Irl1-HG003-5x-150bp-0-DBC2-PCR-FREE-ILMN-NOVASEQ-sent-sentd-SNPts	SNPts	Irl1-HG003-5x-150bp-0-DBC2-PCR-FREE-ILMN-NOVASEQ	337668665.0	337403108.0	36804.0	228753.0	3202.0	0.919587869237325	0.8614082852269005	0.999990509958157	0.013804401715850057	0.9861955982841499	0.9861955982841499	HG003	giabHC_x_clinvar_genes	-1	-2	sent	sentd
Irl1-HG003-5x-150bp-0-DBC2-PCR-FREE-ILMN-NOVASEQ-sent-sentd-SNPtv	SNPtv	Irl1-HG003-5x-150bp-0-DBC2-PCR-FREE-ILMN-NOVASEQ	337668665.0	337548408.0	16896.0	103361.0	1583.0	0.9179444141011808	0.8595009022343814	0.9999953103242714	0.01508423540173807	0.9849157645982619	0.9849157645982619	HG003	giabHC_x_clinvar_genes	-1	-2	sent	sentd
Irl1-HG003-5x-150bp-0-DBC2-PCR-FREE-ILMN-NOVASEQ-sent-sentd-INS_50	INS_50	Irl1-HG003-5x-150bp-0-DBC2-PCR-FREE-ILMN-NOVASEQ	337668665.0	337641846.0	3614.0	23205.0	649.0	0.9158723580605056	0.8652447891420262	0.9999980778485836	0.027207176993376374	0.9727928230066236	0.9727928230066236	HG003	giabHC_x_clinvar_genes	-1	-2	sent	sentd
Irl1-HG003-5x-150bp-0-DBC2-PCR-FREE-ILMN-NOVASEQ-sent-sentd-INS_gt50	INS_gt50	Irl1-HG003-5x-150bp-0-DBC2-PCR-FREE-ILMN-NOVASEQ	337668665.0	337668665.0	0.0	0.0	0.0			1.0				HG003	giabHC_x_clinvar_genes	-1	-2	sent	sentd
Irl1-HG003-5x-150bp-0-DBC2-PCR-FREE-ILMN-NOVASEQ-sent-sentd-DEL_50	DEL_50	Irl1-HG003-5x-150bp-0-DBC2-PCR-FREE-ILMN-NOVASEQ	337668665.0	337640176.0	3957.0	24532.0	488.0	0.9169298622661609	0.8611042858647198	0.9999985546764593	0.019504396482813748	0.9804956035171862	0.9804956035171862	HG003	giabHC_x_clinvar_genes	-1	-2	sent	sentd
Irl1-HG003-5x-150bp-0-DBC2-PCR-FREE-ILMN-NOVASEQ-sent-sentd-DEL_gt50	DEL_gt50	Irl1-HG003-5x-150bp-0-DBC2-PCR-FREE-ILMN-NOVASEQ	337668665.0	337668665.0	0.0	0.0	4.0			0.9999999881540683	1.0	0.0	0.0	HG003	giabHC_x_clinvar_genes	-1	-2	sent	sentd
Irl1-HG003-5x-150bp-0-DBC2-PCR-FREE-ILMN-NOVASEQ-sent-sentd-Indel_50	Indel_50	Irl1-HG003-5x-150bp-0-DBC2-PCR-FREE-ILMN-NOVASEQ	337668665.0	337666524.0	234.0	1907.0	3.0	0.9414959269316218	0.8907052779075199	0.9999999911154949	0.0015706806282722514	0.9984293193717277	0.9984293193717277	HG003	giabHC_x_clinvar_genes	-1	-2	sent	sentd
Irl1-HG003-5x-150bp-0-DBC2-PCR-FREE-ILMN-NOVASEQ-sent-sentd-Indel_gt50	Indel_gt50	Irl1-HG003-5x-150bp-0-DBC2-PCR-FREE-ILMN-NOVASEQ	337668665.0	337668637.0	8.0	20.0	0.0	0.8333333333333333	0.7142857142857143	1.0	0.0	1.0	1.0	HG003	giabHC_x_clinvar_genes	-1	-2	sent	sentd
Irl1-HG003-5x-150bp-0-DBC2-PCR-FREE-ILMN-NOVASEQ-sent-sentd-All	All	Irl1-HG003-5x-150bp-0-DBC2-PCR-FREE-ILMN-NOVASEQ	337668665.0	337225374.0	61513.0	381778.0	5929.0	0.9188421632783714	0.8612356217473398	0.9999824185953461	0.015292476019261968	0.984707523980738	0.984707523980738	HG003	giabHC_x_clinvar_genes	-1	-2	sent	sentd
Irl1-HG003-5x-150bp-0-DBC2-PCR-FREE-ILMN-NOVASEQ-sent-sentd-SNPts	SNPts	Irl1-HG003-5x-150bp-0-DBC2-PCR-FREE-ILMN-NOVASEQ	688815815.0	688747910.0	16844.0	51061.0	283844.0	0.25352399394255354	0.7519475738163611	0.9995880538184891	0.8475358683805856	0.1524641316194144	0.15246413161941447	HG003	hg38_m_giabHC	-1	-2	sent	sentd
Irl1-HG003-5x-150bp-0-DBC2-PCR-FREE-ILMN-NOVASEQ-sent-sentd-SNPtv	SNPtv	Irl1-HG003-5x-150bp-0-DBC2-PCR-FREE-ILMN-NOVASEQ	688815815.0	688780735.0	8543.0	26537.0	190567.0	0.2104574437712147	0.7564709236031927	0.9997234035736368	0.8777682585304739	0.12223174146952609	0.12223174146952613	HG003	hg38_m_giabHC	-1	-2	sent	sentd
Irl1-HG003-5x-150bp-0-DBC2-PCR-FREE-ILMN-NOVASEQ-sent-sentd-INS_50	INS_50	Irl1-HG003-5x-150bp-0-DBC2-PCR-FREE-ILMN-NOVASEQ	688815815.0	688787286.0	6360.0	22169.0	132272.0	0.24232387823140406	0.7770689473868695	0.9998080008058067	0.8564565109006028	0.14354348909939718	0.14354348909939718	HG003	hg38_m_giabHC	-1	-2	sent	sentd
Irl1-HG003-5x-150bp-0-DBC2-PCR-FREE-ILMN-NOVASEQ-sent-sentd-INS_gt50	INS_gt50	Irl1-HG003-5x-150bp-0-DBC2-PCR-FREE-ILMN-NOVASEQ	688815815.0	688815582.0	196.0	37.0	737.0	0.07348560079443892	0.15879828326180256	0.999998930048578	0.9521963824289406	0.04780361757105944	0.04780361757105943	HG003	hg38_m_giabHC	-1	-2	sent	sentd
Irl1-HG003-5x-150bp-0-DBC2-PCR-FREE-ILMN-NOVASEQ-sent-sentd-DEL_50	DEL_50	Irl1-HG003-5x-150bp-0-DBC2-PCR-FREE-ILMN-NOVASEQ	688815815.0	688786707.0	5760.0	23348.0	138026.0	0.24514652303104756	0.8021162566991892	0.99979965010198	0.855317461301077	0.144682538698923	0.144682538698923	HG003	hg38_m_giabHC	-1	-2	sent	sentd
Irl1-HG003-5x-150bp-0-DBC2-PCR-FREE-ILMN-NOVASEQ-sent-sentd-DEL_gt50	DEL_gt50	Irl1-HG003-5x-150bp-0-DBC2-PCR-FREE-ILMN-NOVASEQ	688815815.0	688815678.0	79.0	58.0	1190.0	0.08375451263537907	0.4233576642335766	0.9999982724000307	0.9535256410256411	0.04647435897435892	0.046474358974358976	HG003	hg38_m_giabHC	-1	-2	sent	sentd
Irl1-HG003-5x-150bp-0-DBC2-PCR-FREE-ILMN-NOVASEQ-sent-sentd-Indel_50	Indel_50	Irl1-HG003-5x-150bp-0-DBC2-PCR-FREE-ILMN-NOVASEQ	688815815.0	688809500.0	1412.0	4903.0	16480.0	0.3540327821503358	0.7764053840063341	0.9999760752345607	0.7707057007903475	0.2292942992096525	0.22929429920965252	HG003	hg38_m_giabHC	-1	-2	sent	sentd
Irl1-HG003-5x-150bp-0-DBC2-PCR-FREE-ILMN-NOVASEQ-sent-sentd-Indel_gt50	Indel_gt50	Irl1-HG003-5x-150bp-0-DBC2-PCR-FREE-ILMN-NOVASEQ	688815815.0	688815069.0	290.0	456.0	652.0	0.49190938511326854	0.6112600536193029	0.9999990534478524	0.5884476534296029	0.4115523465703971	0.41155234657039713	HG003	hg38_m_giabHC	-1	-2	sent	sentd
Irl1-HG003-5x-150bp-0-DBC2-PCR-FREE-ILMN-NOVASEQ-sent-sentd-All	All	Irl1-HG003-5x-150bp-0-DBC2-PCR-FREE-ILMN-NOVASEQ	688815815.0	688647762.0	39484.0	128569.0	763768.0	0.24249379945114533	0.7650503115088693	0.9988921450153292	0.8559187840468343	0.1440812159531657	0.14408121595316567	HG003	hg38_m_giabHC	-1	-2	sent	sentd
Irl1-HG003-5x-150bp-0-DBC2-PCR-FREE-ILMN-NOVASEQ-sent-sentd-SNPts	SNPts	Irl1-HG003-5x-150bp-0-DBC2-PCR-FREE-ILMN-NOVASEQ	3088286401.0	3085963689.0	360194.0	1962518.0	301924.0	0.8556582142217156	0.8449252425612818	0.9999021717383209	0.133332626757497	0.866667373242503	0.866667373242503	HG003	hg38	-1	-2	sent	sentd
Irl1-HG003-5x-150bp-0-DBC2-PCR-FREE-ILMN-NOVASEQ-sent-sentd-SNPtv	SNPtv	Irl1-HG003-5x-150bp-0-DBC2-PCR-FREE-ILMN-NOVASEQ	3088286401.0	3087179465.0	175020.0	931916.0	200204.0	0.8324186621504778	0.8418878778899593	0.9999351540719108	0.1768399109635021	0.8231600890364978	0.8231600890364978	HG003	hg38	-1	-2	sent	sentd
Irl1-HG003-5x-150bp-0-DBC2-PCR-FREE-ILMN-NOVASEQ-sent-sentd-INS_50	INS_50	Irl1-HG003-5x-150bp-0-DBC2-PCR-FREE-ILMN-NOVASEQ	3088286401.0	3088023768.0	39902.0	222731.0	137750.0	0.7148964715926781	0.8480693591437481	0.9999553941724884	0.3821283229906708	0.6178716770093292	0.6178716770093292	HG003	hg38	-1	-2	sent	sentd
Irl1-HG003-5x-150bp-0-DBC2-PCR-FREE-ILMN-NOVASEQ-sent-sentd-INS_gt50	INS_gt50	Irl1-HG003-5x-150bp-0-DBC2-PCR-FREE-ILMN-NOVASEQ	3088286401.0	3088286167.0	196.0	38.0	739.0	0.07517309594460929	0.1623931623931624	0.9999997607087611	0.9510939510939511	0.04890604890604888	0.0489060489060489	HG003	hg38	-1	-2	sent	sentd
Irl1-HG003-5x-150bp-0-DBC2-PCR-FREE-ILMN-NOVASEQ-sent-sentd-DEL_50	DEL_50	Irl1-HG003-5x-150bp-0-DBC2-PCR-FREE-ILMN-NOVASEQ	3088286401.0	3088009179.0	41911.0	235311.0	141625.0	0.7194316969294879	0.8488179148841001	0.999954139221499	0.37572691385274953	0.6242730861472505	0.6242730861472504	HG003	hg38	-1	-2	sent	sentd
Irl1-HG003-5x-150bp-0-DBC2-PCR-FREE-ILMN-NOVASEQ-sent-sentd-DEL_gt50	DEL_gt50	Irl1-HG003-5x-150bp-0-DBC2-PCR-FREE-ILMN-NOVASEQ	3088286401.0	3088286264.0	79.0	58.0	1220.0	0.08197879858657245	0.4233576642335766	0.9999996049590569	0.9546165884194053	0.04538341158059467	0.04538341158059468	HG003	hg38	-1	-2	sent	sentd
Irl1-HG003-5x-150bp-0-DBC2-PCR-FREE-ILMN-NOVASEQ-sent-sentd-Indel_50	Indel_50	Irl1-HG003-5x-150bp-0-DBC2-PCR-FREE-ILMN-NOVASEQ	3088286401.0	3088258329.0	3737.0	24335.0	16498.0	0.7063348087947173	0.8668780279281847	0.9999946578588615	0.40403595131388825	0.5959640486861117	0.5959640486861117	HG003	hg38	-1	-2	sent	sentd
Irl1-HG003-5x-150bp-0-DBC2-PCR-FREE-ILMN-NOVASEQ-sent-sentd-Indel_gt50	Indel_gt50	Irl1-HG003-5x-150bp-0-DBC2-PCR-FREE-ILMN-NOVASEQ	3088286401.0	3088285365.0	349.0	687.0	652.0	0.5785263157894736	0.6631274131274131	0.999999788879658	0.48693054518297235	0.5130694548170276	0.5130694548170276	HG003	hg38	-1	-2	sent	sentd
Irl1-HG003-5x-150bp-0-DBC2-PCR-FREE-ILMN-NOVASEQ-sent-sentd-All	All	Irl1-HG003-5x-150bp-0-DBC2-PCR-FREE-ILMN-NOVASEQ	3088286401.0	3084287419.0	621388.0	3377594.0	800612.0	0.8261015889569862	0.8446134541240746	0.9997404897390431	0.19161621040226356	0.8083837895977364	0.8083837895977365	HG003	hg38	-1	-2	sent	sentd
Irl1-HG003-5x-150bp-0-DBC2-PCR-FREE-ILMN-NOVASEQ-sent-sentd-SNPts	SNPts	Irl1-HG003-5x-150bp-0-DBC2-PCR-FREE-ILMN-NOVASEQ	377862616.0	377589392.0	38671.0	234553.0	36472.0	0.8619326815483354	0.8584641173542588	0.9999034176324321	0.1345706115671986	0.8654293884328014	0.8654293884328014	HG003	clinvar_genes	-1	-2	sent	sentd
Irl1-HG003-5x-150bp-0-DBC2-PCR-FREE-ILMN-NOVASEQ-sent-sentd-SNPtv	SNPtv	Irl1-HG003-5x-150bp-0-DBC2-PCR-FREE-ILMN-NOVASEQ	377862616.0	377738289.0	17862.0	106465.0	21078.0	0.8453964346686783	0.8563304833222067	0.9999442025748629	0.16526191166900575	0.8347380883309943	0.8347380883309943	HG003	clinvar_genes	-1	-2	sent	sentd
Irl1-HG003-5x-150bp-0-DBC2-PCR-FREE-ILMN-NOVASEQ-sent-sentd-INS_50	INS_50	Irl1-HG003-5x-150bp-0-DBC2-PCR-FREE-ILMN-NOVASEQ	377862616.0	377832807.0	4243.0	25566.0	15297.0	0.7235114330993887	0.8576604381227146	0.9999595154776799	0.3743484325673592	0.6256515674326408	0.6256515674326407	HG003	clinvar_genes	-1	-2	sent	sentd
Irl1-HG003-5x-150bp-0-DBC2-PCR-FREE-ILMN-NOVASEQ-sent-sentd-INS_gt50	INS_gt50	Irl1-HG003-5x-150bp-0-DBC2-PCR-FREE-ILMN-NOVASEQ	377862616.0	377862586.0	25.0	5.0	106.0	0.07092198581560283	0.16666666666666666	0.9999997194748191	0.954954954954955	0.04504504504504503	0.04504504504504504	HG003	clinvar_genes	-1	-2	sent	sentd
Irl1-HG003-5x-150bp-0-DBC2-PCR-FREE-ILMN-NOVASEQ-sent-sentd-DEL_50	DEL_50	Irl1-HG003-5x-150bp-0-DBC2-PCR-FREE-ILMN-NOVASEQ	377862616.0	377831081.0	4536.0	26999.0	15435.0	0.7300085170814801	0.8561598224195338	0.99995915007987	0.36374133949191684	0.6362586605080831	0.6362586605080831	HG003	clinvar_genes	-1	-2	sent	sentd
Irl1-HG003-5x-150bp-0-DBC2-PCR-FREE-ILMN-NOVASEQ-sent-sentd-DEL_gt50	DEL_gt50	Irl1-HG003-5x-150bp-0-DBC2-PCR-FREE-ILMN-NOVASEQ	377862616.0	377862598.0	11.0	7.0	181.0	0.06796116504854369	0.3888888888888889	0.9999995209901317	0.9627659574468085	0.037234042553191515	0.03723404255319149	HG003	clinvar_genes	-1	-2	sent	sentd
Irl1-HG003-5x-150bp-0-DBC2-PCR-FREE-ILMN-NOVASEQ-sent-sentd-Indel_50	Indel_50	Irl1-HG003-5x-150bp-0-DBC2-PCR-FREE-ILMN-NOVASEQ	377862616.0	377859882.0	366.0	2368.0	1830.0	0.683208309290248	0.8661302121433797	0.9999951569583743	0.43592186755597906	0.5640781324440209	0.5640781324440209	HG003	clinvar_genes	-1	-2	sent	sentd
Irl1-HG003-5x-150bp-0-DBC2-PCR-FREE-ILMN-NOVASEQ-sent-sentd-Indel_gt50	Indel_gt50	Irl1-HG003-5x-150bp-0-DBC2-PCR-FREE-ILMN-NOVASEQ	377862616.0	377862496.0	47.0	73.0	77.0	0.5407407407407407	0.6083333333333333	0.9999997962222101	0.5133333333333333	0.4866666666666667	0.4866666666666667	HG003	clinvar_genes	-1	-2	sent	sentd
Irl1-HG003-5x-150bp-0-DBC2-PCR-FREE-ILMN-NOVASEQ-sent-sentd-All	All	Irl1-HG003-5x-150bp-0-DBC2-PCR-FREE-ILMN-NOVASEQ	377862616.0	377400819.0	65761.0	396036.0	90476.0	0.8352467391957685	0.8575976024097168	0.9997603229499636	0.18596869141973887	0.8140313085802611	0.8140313085802611	HG003	clinvar_genes	-1	-2	sent	sentd
Irl1-HG003-5x-150bp-0-DBC2-PCR-FREE-ILMN-NOVASEQ-sent-sentd-SNPts	SNPts	Irl1-HG003-5x-150bp-0-DBC2-PCR-FREE-ILMN-NOVASEQ	332544085.0	332287239.0	34163.0	222683.0	2142.0	0.9246269756742673	0.8669903366219447	0.9999935538114593	0.009527410207939508	0.9904725897920605	0.9904725897920605	HG003	giabHC_x_ultima_x_clinvar	-1	-2	sent	sentd
Irl1-HG003-5x-150bp-0-DBC2-PCR-FREE-ILMN-NOVASEQ-sent-sentd-SNPtv	SNPtv	Irl1-HG003-5x-150bp-0-DBC2-PCR-FREE-ILMN-NOVASEQ	332544085.0	332429474.0	15437.0	99174.0	1075.0	0.9231499581122591	0.8653096125153781	0.9999967662418414	0.01072329898552604	0.989276701014474	0.989276701014474	HG003	giabHC_x_ultima_x_clinvar	-1	-2	sent	sentd
Irl1-HG003-5x-150bp-0-DBC2-PCR-FREE-ILMN-NOVASEQ-sent-sentd-INS_50	INS_50	Irl1-HG003-5x-150bp-0-DBC2-PCR-FREE-ILMN-NOVASEQ	332544085.0	332526413.0	2281.0	15391.0	207.0	0.9252179140366698	0.8709257582616569	0.999999377493447	0.013270932170791127	0.9867290678292089	0.9867290678292089	HG003	giabHC_x_ultima_x_clinvar	-1	-2	sent	sentd
Irl1-HG003-5x-150bp-0-DBC2-PCR-FREE-ILMN-NOVASEQ-sent-sentd-INS_gt50	INS_gt50	Irl1-HG003-5x-150bp-0-DBC2-PCR-FREE-ILMN-NOVASEQ	332544085.0	332544085.0	0.0	0.0	0.0			1.0				HG003	giabHC_x_ultima_x_clinvar	-1	-2	sent	sentd
Irl1-HG003-5x-150bp-0-DBC2-PCR-FREE-ILMN-NOVASEQ-sent-sentd-DEL_50	DEL_50	Irl1-HG003-5x-150bp-0-DBC2-PCR-FREE-ILMN-NOVASEQ	332544085.0	332524918.0	2685.0	16482.0	226.0	0.9188571428571429	0.8599154797307873	0.9999993203521476	0.013526454393105099	0.9864735456068949	0.9864735456068949	HG003	giabHC_x_ultima_x_clinvar	-1	-2	sent	sentd
Irl1-HG003-5x-150bp-0-DBC2-PCR-FREE-ILMN-NOVASEQ-sent-sentd-DEL_gt50	DEL_gt50	Irl1-HG003-5x-150bp-0-DBC2-PCR-FREE-ILMN-NOVASEQ	332544085.0	332544085.0	0.0	0.0	4.0			0.9999999879715198	1.0	0.0	0.0	HG003	giabHC_x_ultima_x_clinvar	-1	-2	sent	sentd
Irl1-HG003-5x-150bp-0-DBC2-PCR-FREE-ILMN-NOVASEQ-sent-sentd-Indel_50	Indel_50	Irl1-HG003-5x-150bp-0-DBC2-PCR-FREE-ILMN-NOVASEQ	332544085.0	332543204.0	116.0	765.0	1.0	0.9289617486338798	0.8683314415437003	0.9999999969928719	0.0013054830287206266	0.9986945169712794	0.9986945169712794	HG003	giabHC_x_ultima_x_clinvar	-1	-2	sent	sentd
Irl1-HG003-5x-150bp-0-DBC2-PCR-FREE-ILMN-NOVASEQ-sent-sentd-Indel_gt50	Indel_gt50	Irl1-HG003-5x-150bp-0-DBC2-PCR-FREE-ILMN-NOVASEQ	332544085.0	332544066.0	5.0	14.0	0.0	0.8484848484848484	0.7368421052631579	1.0	0.0	1.0	1.0	HG003	giabHC_x_ultima_x_clinvar	-1	-2	sent	sentd
Irl1-HG003-5x-150bp-0-DBC2-PCR-FREE-ILMN-NOVASEQ-sent-sentd-All	All	Irl1-HG003-5x-150bp-0-DBC2-PCR-FREE-ILMN-NOVASEQ	332544085.0	332134889.0	54687.0	354509.0	3655.0	0.9239704962468723	0.8663549985825864	0.9999889955560232	0.010204822371874337	0.9897951776281256	0.9897951776281256	HG003	giabHC_x_ultima_x_clinvar	-1	-2	sent	sentd
Irl1-HG003-5x-150bp-0-DBC2-PCR-FREE-ILMN-NOVASEQ-sent-sentd-SNPts	SNPts	Irl1-HG003-5x-150bp-0-DBC2-PCR-FREE-ILMN-NOVASEQ	2528531102.0	2526276269.0	343350.0	1911483.0	18080.0	0.9136243319226957	0.8477270822273756	0.9999928432725952	0.00936999724808156	0.9906300027519185	0.9906300027519185	HG003	giabHC	-1	-2	sent	sentd
Irl1-HG003-5x-150bp-0-DBC2-PCR-FREE-ILMN-NOVASEQ-sent-sentd-SNPtv	SNPtv	Irl1-HG003-5x-150bp-0-DBC2-PCR-FREE-ILMN-NOVASEQ	2528531102.0	2527459234.0	166477.0	905391.0	9637.0	0.9113622454320709	0.8446851664570637	0.9999961870944839	0.010531918148952818	0.9894680818510472	0.9894680818510472	HG003	giabHC	-1	-2	sent	sentd
Irl1-HG003-5x-150bp-0-DBC2-PCR-FREE-ILMN-NOVASEQ-sent-sentd-INS_50	INS_50	Irl1-HG003-5x-150bp-0-DBC2-PCR-FREE-ILMN-NOVASEQ	2528531102.0	2528297071.0	33526.0	200505.0	5477.0	0.91135943710754	0.8567454738902112	0.9999978337244472	0.026589702012797235	0.9734102979872028	0.9734102979872028	HG003	giabHC	-1	-2	sent	sentd
Irl1-HG003-5x-150bp-0-DBC2-PCR-FREE-ILMN-NOVASEQ-sent-sentd-INS_gt50	INS_gt50	Irl1-HG003-5x-150bp-0-DBC2-PCR-FREE-ILMN-NOVASEQ	2528531102.0	2528531101.0	0.0	1.0	2.0	0.5	1.0	0.9999999992090269	0.6666666666666666	0.33333333333333337	0.3333333333333333	HG003	giabHC	-1	-2	sent	sentd
Irl1-HG003-5x-150bp-0-DBC2-PCR-FREE-ILMN-NOVASEQ-sent-sentd-DEL_50	DEL_50	Irl1-HG003-5x-150bp-0-DBC2-PCR-FREE-ILMN-NOVASEQ	2528531102.0	2528282791.0	36194.0	212117.0	3608.0	0.9142264824280875	0.8542392403075176	0.9999985729464821	0.016724997102792908	0.983275002897207	0.983275002897207	HG003	giabHC	-1	-2	sent	sentd
Irl1-HG003-5x-150bp-0-DBC2-PCR-FREE-ILMN-NOVASEQ-sent-sentd-DEL_gt50	DEL_gt50	Irl1-HG003-5x-150bp-0-DBC2-PCR-FREE-ILMN-NOVASEQ	2528531102.0	2528531102.0	0.0	0.0	30.0			0.9999999881354041	1.0	0.0	0.0	HG003	giabHC	-1	-2	sent	sentd
Irl1-HG003-5x-150bp-0-DBC2-PCR-FREE-ILMN-NOVASEQ-sent-sentd-Indel_50	Indel_50	Irl1-HG003-5x-150bp-0-DBC2-PCR-FREE-ILMN-NOVASEQ	2528531102.0	2528509344.0	2326.0	19432.0	18.0	0.9431178411958844	0.8930967919845574	0.9999999928811812	0.0009254498714652956	0.9990745501285347	0.9990745501285347	HG003	giabHC	-1	-2	sent	sentd
Irl1-HG003-5x-150bp-0-DBC2-PCR-FREE-ILMN-NOVASEQ-sent-sentd-Indel_gt50	Indel_gt50	Irl1-HG003-5x-150bp-0-DBC2-PCR-FREE-ILMN-NOVASEQ	2528531102.0	2528530810.0	61.0	231.0	0.0	0.8833652007648183	0.791095890410959	1.0	0.0	1.0	1.0	HG003	giabHC	-1	-2	sent	sentd
Irl1-HG003-5x-150bp-0-DBC2-PCR-FREE-ILMN-NOVASEQ-sent-sentd-All	All	Irl1-HG003-5x-150bp-0-DBC2-PCR-FREE-ILMN-NOVASEQ	2528531102.0	2524700008.0	581934.0	3249160.0	36852.0	0.9130565148249865	0.8481023958169651	0.9999854036273705	0.01121480992765699	0.988785190072343	0.988785190072343	HG003	giabHC	-1	-2	sent	sentd
Irl1-HG003-5x-50bp-0-DBC14-PCR-FREE-ILMN-NOVASEQ-sent-sentd-SNPts	SNPts	Irl1-HG003-5x-50bp-0-DBC14-PCR-FREE-ILMN-NOVASEQ	688815815.0	688747759.0	47162.0	20894.0	109228.0	0.21086094319248352	0.30701187257552603	0.99984143588283	0.8394276140852431	0.16057238591475687	0.16057238591475692	HG003	hg38_m_giabHC	-1	-2	sent	sentd
Irl1-HG003-5x-50bp-0-DBC14-PCR-FREE-ILMN-NOVASEQ-sent-sentd-SNPtv	SNPtv	Irl1-HG003-5x-50bp-0-DBC14-PCR-FREE-ILMN-NOVASEQ	688815815.0	688780605.0	24200.0	11010.0	73639.0	0.18371586614271768	0.31269525702925305	0.9998930993012798	0.8699334900589493	0.13006650994105073	0.13006650994105068	HG003	hg38_m_giabHC	-1	-2	sent	sentd
Irl1-HG003-5x-50bp-0-DBC14-PCR-FREE-ILMN-NOVASEQ-sent-sentd-INS_50	INS_50	Irl1-HG003-5x-50bp-0-DBC14-PCR-FREE-ILMN-NOVASEQ	688815815.0	688788254.0	19364.0	8197.0	56769.0	0.17718071481837733	0.2974130111389282	0.9999175881394152	0.8738263091463226	0.12617369085367736	0.1261736908536773	HG003	hg38_m_giabHC	-1	-2	sent	sentd
Irl1-HG003-5x-50bp-0-DBC14-PCR-FREE-ILMN-NOVASEQ-sent-sentd-INS_gt50	INS_gt50	Irl1-HG003-5x-50bp-0-DBC14-PCR-FREE-ILMN-NOVASEQ	688815815.0	688815578.0	237.0	0.0	11.0		0.0	0.9999999840305589	1.0	0.0	0.0	HG003	hg38_m_giabHC	-1	-2	sent	sentd
Irl1-HG003-5x-50bp-0-DBC14-PCR-FREE-ILMN-NOVASEQ-sent-sentd-DEL_50	DEL_50	Irl1-HG003-5x-50bp-0-DBC14-PCR-FREE-ILMN-NOVASEQ	688815815.0	688788153.0	18498.0	9164.0	63226.0	0.18318474393315476	0.331284795025667	0.9999082153249199	0.8734079292719988	0.12659207072800116	0.1265920707280011	HG003	hg38_m_giabHC	-1	-2	sent	sentd
Irl1-HG003-5x-50bp-0-DBC14-PCR-FREE-ILMN-NOVASEQ-sent-sentd-DEL_gt50	DEL_gt50	Irl1-HG003-5x-50bp-0-DBC14-PCR-FREE-ILMN-NOVASEQ	688815815.0	688815677.0	130.0	8.0	152.0	0.05369127516778524	0.057971014492753624	0.9999997793314358	0.95	0.050000000000000044	0.05	HG003	hg38_m_giabHC	-1	-2	sent	sentd
Irl1-HG003-5x-50bp-0-DBC14-PCR-FREE-ILMN-NOVASEQ-sent-sentd-Indel_50	Indel_50	Irl1-HG003-5x-50bp-0-DBC14-PCR-FREE-ILMN-NOVASEQ	688815815.0	688807838.0	7604.0	373.0	2244.0	0.07041721729280725	0.046759433370941454	0.9999967422079632	0.8574703859380971	0.1425296140619029	0.14252961406190295	HG003	hg38_m_giabHC	-1	-2	sent	sentd
Irl1-HG003-5x-50bp-0-DBC14-PCR-FREE-ILMN-NOVASEQ-sent-sentd-Indel_gt50	Indel_gt50	Irl1-HG003-5x-50bp-0-DBC14-PCR-FREE-ILMN-NOVASEQ	688815815.0	688814634.0	1180.0	1.0	3.0	0.0016877637130801686	0.000846740050804403	0.9999999956446919	0.75	0.25	0.25	HG003	hg38_m_giabHC	-1	-2	sent	sentd
Irl1-HG003-5x-50bp-0-DBC14-PCR-FREE-ILMN-NOVASEQ-sent-sentd-All	All	Irl1-HG003-5x-50bp-0-DBC14-PCR-FREE-ILMN-NOVASEQ	688815815.0	688647793.0	118375.0	49647.0	305272.0	0.18987610457011406	0.2954791634428825	0.9995569045040826	0.8601173788949028	0.1398826211050972	0.13988262110509722	HG003	hg38_m_giabHC	-1	-2	sent	sentd
Irl1-HG003-5x-50bp-0-DBC14-PCR-FREE-ILMN-NOVASEQ-sent-sentd-SNPts	SNPts	Irl1-HG003-5x-50bp-0-DBC14-PCR-FREE-ILMN-NOVASEQ	2505355380.0	2503152419.0	1436309.0	766652.0	4492.0	0.5155514011778334	0.3480097922750335	0.9999982054660735	0.0058251117819758695	0.9941748882180241	0.9941748882180241	HG003	giabHC_x_ultima	-1	-2	sent	sentd
Irl1-HG003-5x-50bp-0-DBC14-PCR-FREE-ILMN-NOVASEQ-sent-sentd-SNPtv	SNPtv	Irl1-HG003-5x-50bp-0-DBC14-PCR-FREE-ILMN-NOVASEQ	2505355380.0	2504321034.0	674979.0	359367.0	2814.0	0.5146581483924049	0.347434030778869	0.9999988763434081	0.0077695958650509	0.9922304041349491	0.9922304041349491	HG003	giabHC_x_ultima	-1	-2	sent	sentd
Irl1-HG003-5x-50bp-0-DBC14-PCR-FREE-ILMN-NOVASEQ-sent-sentd-INS_50	INS_50	Irl1-HG003-5x-50bp-0-DBC14-PCR-FREE-ILMN-NOVASEQ	2505355380.0	2505200695.0	101828.0	52857.0	1650.0	0.5053443726337528	0.3417073407246986	0.999999341370567	0.03027134129561341	0.9697286587043866	0.9697286587043866	HG003	giabHC_x_ultima	-1	-2	sent	sentd
Irl1-HG003-5x-50bp-0-DBC14-PCR-FREE-ILMN-NOVASEQ-sent-sentd-INS_gt50	INS_gt50	Irl1-HG003-5x-50bp-0-DBC14-PCR-FREE-ILMN-NOVASEQ	2505355380.0	2505355380.0	0.0	0.0	0.0			1.0				HG003	giabHC_x_ultima	-1	-2	sent	sentd
Irl1-HG003-5x-50bp-0-DBC14-PCR-FREE-ILMN-NOVASEQ-sent-sentd-DEL_50	DEL_50	Irl1-HG003-5x-50bp-0-DBC14-PCR-FREE-ILMN-NOVASEQ	2505355380.0	2505188412.0	109927.0	57041.0	2368.0	0.5039469557419702	0.34162833596856884	0.9999990547626078	0.03985928058038345	0.9601407194196165	0.9601407194196165	HG003	giabHC_x_ultima	-1	-2	sent	sentd
Irl1-HG003-5x-50bp-0-DBC14-PCR-FREE-ILMN-NOVASEQ-sent-sentd-DEL_gt50	DEL_gt50	Irl1-HG003-5x-50bp-0-DBC14-PCR-FREE-ILMN-NOVASEQ	2505355380.0	2505355380.0	0.0	0.0	20.0			0.9999999920171007	1.0	0.0	0.0	HG003	giabHC_x_ultima	-1	-2	sent	sentd
Irl1-HG003-5x-50bp-0-DBC14-PCR-FREE-ILMN-NOVASEQ-sent-sentd-Indel_50	Indel_50	Irl1-HG003-5x-50bp-0-DBC14-PCR-FREE-ILMN-NOVASEQ	2505355380.0	2505344508.0	10291.0	581.0	12.0	0.10135194068905365	0.053440029433406915	0.9999999952102396	0.02023608768971332	0.9797639123102867	0.9797639123102867	HG003	giabHC_x_ultima	-1	-2	sent	sentd
Irl1-HG003-5x-50bp-0-DBC14-PCR-FREE-ILMN-NOVASEQ-sent-sentd-Indel_gt50	Indel_gt50	Irl1-HG003-5x-50bp-0-DBC14-PCR-FREE-ILMN-NOVASEQ	2505355380.0	2505355036.0	343.0	1.0	0.0	0.005797101449275362	0.0029069767441860465	1.0	0.0	1.0	1.0	HG003	giabHC_x_ultima	-1	-2	sent	sentd
Irl1-HG003-5x-50bp-0-DBC14-PCR-FREE-ILMN-NOVASEQ-sent-sentd-All	All	Irl1-HG003-5x-50bp-0-DBC14-PCR-FREE-ILMN-NOVASEQ	2505355380.0	2501785204.0	2333677.0	1236499.0	11356.0	0.5132798024753266	0.34634118878172954	0.9999954608619336	0.009100416314395503	0.9908995836856045	0.9908995836856045	HG003	giabHC_x_ultima	-1	-2	sent	sentd
Irl1-HG003-5x-50bp-0-DBC14-PCR-FREE-ILMN-NOVASEQ-sent-sentd-SNPts	SNPts	Irl1-HG003-5x-50bp-0-DBC14-PCR-FREE-ILMN-NOVASEQ	332544085.0	332287278.0	161544.0	95263.0	907.0	0.5397688801253339	0.37095172639375096	0.9999972704416198	0.009431215555786628	0.9905687844442134	0.9905687844442134	HG003	giabHC_x_ultima_x_clinvar	-1	-2	sent	sentd
Irl1-HG003-5x-50bp-0-DBC14-PCR-FREE-ILMN-NOVASEQ-sent-sentd-SNPtv	SNPtv	Irl1-HG003-5x-50bp-0-DBC14-PCR-FREE-ILMN-NOVASEQ	332544085.0	332429487.0	71907.0	42691.0	517.0	0.5410567405548585	0.37252831637550393	0.999998444785387	0.011965376782077392	0.9880346232179226	0.9880346232179226	HG003	giabHC_x_ultima_x_clinvar	-1	-2	sent	sentd
Irl1-HG003-5x-50bp-0-DBC14-PCR-FREE-ILMN-NOVASEQ-sent-sentd-INS_50	INS_50	Irl1-HG003-5x-50bp-0-DBC14-PCR-FREE-ILMN-NOVASEQ	332544085.0	332526517.0	11190.0	6378.0	181.0	0.5287022837484976	0.3630464480874317	0.9999994556828036	0.027595670071657266	0.9724043299283427	0.9724043299283427	HG003	giabHC_x_ultima_x_clinvar	-1	-2	sent	sentd
Irl1-HG003-5x-50bp-0-DBC14-PCR-FREE-ILMN-NOVASEQ-sent-sentd-INS_gt50	INS_gt50	Irl1-HG003-5x-50bp-0-DBC14-PCR-FREE-ILMN-NOVASEQ	332544085.0	332544085.0	0.0	0.0	0.0			1.0				HG003	giabHC_x_ultima_x_clinvar	-1	-2	sent	sentd
Irl1-HG003-5x-50bp-0-DBC14-PCR-FREE-ILMN-NOVASEQ-sent-sentd-DEL_50	DEL_50	Irl1-HG003-5x-50bp-0-DBC14-PCR-FREE-ILMN-NOVASEQ	332544085.0	332525004.0	12275.0	6806.0	301.0	0.5197800519321827	0.3566899009485876	0.9999990948057321	0.042352610102715633	0.9576473898972844	0.9576473898972844	HG003	giabHC_x_ultima_x_clinvar	-1	-2	sent	sentd
Irl1-HG003-5x-50bp-0-DBC14-PCR-FREE-ILMN-NOVASEQ-sent-sentd-DEL_gt50	DEL_gt50	Irl1-HG003-5x-50bp-0-DBC14-PCR-FREE-ILMN-NOVASEQ	332544085.0	332544085.0	0.0	0.0	4.0			0.9999999879715198	1.0	0.0	0.0	HG003	giabHC_x_ultima_x_clinvar	-1	-2	sent	sentd
Irl1-HG003-5x-50bp-0-DBC14-PCR-FREE-ILMN-NOVASEQ-sent-sentd-Indel_50	Indel_50	Irl1-HG003-5x-50bp-0-DBC14-PCR-FREE-ILMN-NOVASEQ	332544085.0	332543066.0	963.0	56.0	0.0	0.1041860465116279	0.0549558390578999	1.0	0.0	1.0	1.0	HG003	giabHC_x_ultima_x_clinvar	-1	-2	sent	sentd
Irl1-HG003-5x-50bp-0-DBC14-PCR-FREE-ILMN-NOVASEQ-sent-sentd-Indel_gt50	Indel_gt50	Irl1-HG003-5x-50bp-0-DBC14-PCR-FREE-ILMN-NOVASEQ	332544085.0	332544058.0	27.0	0.0	0.0		0.0	1.0				HG003	giabHC_x_ultima_x_clinvar	-1	-2	sent	sentd
Irl1-HG003-5x-50bp-0-DBC14-PCR-FREE-ILMN-NOVASEQ-sent-sentd-All	All	Irl1-HG003-5x-50bp-0-DBC14-PCR-FREE-ILMN-NOVASEQ	332544085.0	332134985.0	257906.0	151194.0	1910.0	0.5378617014464501	0.36957712050843317	0.9999942493591385	0.01247518026962065	0.9875248197303793	0.9875248197303793	HG003	giabHC_x_ultima_x_clinvar	-1	-2	sent	sentd
Irl1-HG003-5x-50bp-0-DBC14-PCR-FREE-ILMN-NOVASEQ-sent-sentd-SNPts	SNPts	Irl1-HG003-5x-50bp-0-DBC14-PCR-FREE-ILMN-NOVASEQ	2528531102.0	2526276124.0	1479097.0	775881.0	5945.0	0.510985233159598	0.3440747537226527	0.9999976467394227	0.007603993727504585	0.9923960062724955	0.9923960062724955	HG003	giabHC	-1	-2	sent	sentd
Irl1-HG003-5x-50bp-0-DBC14-PCR-FREE-ILMN-NOVASEQ-sent-sentd-SNPtv	SNPtv	Irl1-HG003-5x-50bp-0-DBC14-PCR-FREE-ILMN-NOVASEQ	2528531102.0	2527459097.0	704132.0	367873.0	3803.0	0.509631975484889	0.3431635113642194	0.9999984953290512	0.010232030047675932	0.9897679699523241	0.9897679699523241	HG003	giabHC	-1	-2	sent	sentd
Irl1-HG003-5x-50bp-0-DBC14-PCR-FREE-ILMN-NOVASEQ-sent-sentd-INS_50	INS_50	Irl1-HG003-5x-50bp-0-DBC14-PCR-FREE-ILMN-NOVASEQ	2528531102.0	2528297326.0	143847.0	89929.0	5699.0	0.5460103702444415	0.38468020669358705	0.9999977459189252	0.0595955159576693	0.9404044840423307	0.9404044840423307	HG003	giabHC	-1	-2	sent	sentd
Irl1-HG003-5x-50bp-0-DBC14-PCR-FREE-ILMN-NOVASEQ-sent-sentd-INS_gt50	INS_gt50	Irl1-HG003-5x-50bp-0-DBC14-PCR-FREE-ILMN-NOVASEQ	2528531102.0	2528531101.0	1.0	0.0	0.0		0.0	1.0				HG003	giabHC	-1	-2	sent	sentd
Irl1-HG003-5x-50bp-0-DBC14-PCR-FREE-ILMN-NOVASEQ-sent-sentd-DEL_50	DEL_50	Irl1-HG003-5x-50bp-0-DBC14-PCR-FREE-ILMN-NOVASEQ	2528531102.0	2528282616.0	148260.0	100226.0	5876.0	0.5653095987455864	0.4033466674178827	0.9999976758981348	0.055380671429379275	0.9446193285706207	0.9446193285706207	HG003	giabHC	-1	-2	sent	sentd
Irl1-HG003-5x-50bp-0-DBC14-PCR-FREE-ILMN-NOVASEQ-sent-sentd-DEL_gt50	DEL_gt50	Irl1-HG003-5x-50bp-0-DBC14-PCR-FREE-ILMN-NOVASEQ	2528531102.0	2528531102.0	0.0	0.0	21.0			0.9999999916947828	1.0	0.0	0.0	HG003	giabHC	-1	-2	sent	sentd
Irl1-HG003-5x-50bp-0-DBC14-PCR-FREE-ILMN-NOVASEQ-sent-sentd-Indel_50	Indel_50	Irl1-HG003-5x-50bp-0-DBC14-PCR-FREE-ILMN-NOVASEQ	2528531102.0	2528509618.0	18773.0	2711.0	46.0	0.2236706406501382	0.12618692980822938	0.9999999818074652	0.016684802321363802	0.9833151976786362	0.9833151976786362	HG003	giabHC	-1	-2	sent	sentd
Irl1-HG003-5x-50bp-0-DBC14-PCR-FREE-ILMN-NOVASEQ-sent-sentd-Indel_gt50	Indel_gt50	Irl1-HG003-5x-50bp-0-DBC14-PCR-FREE-ILMN-NOVASEQ	2528531102.0	2528530658.0	443.0	1.0	0.0	0.00449438202247191	0.0022522522522522522	1.0	0.0	1.0	1.0	HG003	giabHC	-1	-2	sent	sentd
Irl1-HG003-5x-50bp-0-DBC14-PCR-FREE-ILMN-NOVASEQ-sent-sentd-All	All	Irl1-HG003-5x-50bp-0-DBC14-PCR-FREE-ILMN-NOVASEQ	2528531102.0	2524699928.0	2494553.0	1336621.0	21390.0	0.5151564262981567	0.348880264900524	0.9999915277777996	0.015750976980304282	0.9842490230196957	0.9842490230196957	HG003	giabHC	-1	-2	sent	sentd
Irl1-HG003-5x-50bp-0-DBC14-PCR-FREE-ILMN-NOVASEQ-sent-sentd-SNPts	SNPts	Irl1-HG003-5x-50bp-0-DBC14-PCR-FREE-ILMN-NOVASEQ	3088286401.0	3085963380.0	1526259.0	796762.0	115173.0	0.4925952625012519	0.34298527649986804	0.9999626798222981	0.12629518551212532	0.8737048144878747	0.8737048144878747	HG003	hg38	-1	-2	sent	sentd
Irl1-HG003-5x-50bp-0-DBC14-PCR-FREE-ILMN-NOVASEQ-sent-sentd-SNPtv	SNPtv	Irl1-HG003-5x-50bp-0-DBC14-PCR-FREE-ILMN-NOVASEQ	3088286401.0	3087179191.0	728332.0	378878.0	77442.0	0.48464436243628195	0.34219163482988774	0.9999749155936141	0.16970985273492287	0.8302901472650771	0.8302901472650771	HG003	hg38	-1	-2	sent	sentd
Irl1-HG003-5x-50bp-0-DBC14-PCR-FREE-ILMN-NOVASEQ-sent-sentd-INS_50	INS_50	Irl1-HG003-5x-50bp-0-DBC14-PCR-FREE-ILMN-NOVASEQ	3088286401.0	3088024984.0	163264.0	98153.0	62471.0	0.465134903954829	0.3754652528335954	0.999979770326809	0.38892693495368064	0.6110730650463194	0.6110730650463193	HG003	hg38	-1	-2	sent	sentd
Irl1-HG003-5x-50bp-0-DBC14-PCR-FREE-ILMN-NOVASEQ-sent-sentd-INS_gt50	INS_gt50	Irl1-HG003-5x-50bp-0-DBC14-PCR-FREE-ILMN-NOVASEQ	3088286401.0	3088286163.0	238.0	0.0	11.0		0.0	0.999999996438154	1.0	0.0	0.0	HG003	hg38	-1	-2	sent	sentd
Irl1-HG003-5x-50bp-0-DBC14-PCR-FREE-ILMN-NOVASEQ-sent-sentd-DEL_50	DEL_50	Irl1-HG003-5x-50bp-0-DBC14-PCR-FREE-ILMN-NOVASEQ	3088286401.0	3088010449.0	166621.0	109331.0	69098.0	0.48123050919822785	0.3961957151968458	0.9999776242810626	0.38725767672295425	0.6127423232770457	0.6127423232770458	HG003	hg38	-1	-2	sent	sentd
Irl1-HG003-5x-50bp-0-DBC14-PCR-FREE-ILMN-NOVASEQ-sent-sentd-DEL_gt50	DEL_gt50	Irl1-HG003-5x-50bp-0-DBC14-PCR-FREE-ILMN-NOVASEQ	3088286401.0	3088286263.0	130.0	8.0	173.0	0.05015673981191222	0.057971014492753624	0.9999999439818801	0.9558011049723757	0.04419889502762431	0.04419889502762431	HG003	hg38	-1	-2	sent	sentd
Irl1-HG003-5x-50bp-0-DBC14-PCR-FREE-ILMN-NOVASEQ-sent-sentd-Indel_50	Indel_50	Irl1-HG003-5x-50bp-0-DBC14-PCR-FREE-ILMN-NOVASEQ	3088286401.0	3088256940.0	26377.0	3084.0	2290.0	0.1770632984067748	0.10468076440039374	0.9999992584819377	0.42612579084480834	0.5738742091551916	0.5738742091551917	HG003	hg38	-1	-2	sent	sentd
Irl1-HG003-5x-50bp-0-DBC14-PCR-FREE-ILMN-NOVASEQ-sent-sentd-Indel_gt50	Indel_gt50	Irl1-HG003-5x-50bp-0-DBC14-PCR-FREE-ILMN-NOVASEQ	3088286401.0	3088284778.0	1621.0	2.0	3.0	0.0024570024570024574	0.0012322858903265558	0.999999999028587	0.6	0.4	0.4	HG003	hg38	-1	-2	sent	sentd
Irl1-HG003-5x-50bp-0-DBC14-PCR-FREE-ILMN-NOVASEQ-sent-sentd-All	All	Irl1-HG003-5x-50bp-0-DBC14-PCR-FREE-ILMN-NOVASEQ	3088286401.0	3084287341.0	2612842.0	1386218.0	326661.0	0.4853756316375228	0.3466359594504709	0.9998940998777195	0.19070874241554717	0.8092912575844529	0.8092912575844529	HG003	hg38	-1	-2	sent	sentd
Irl1-HG003-5x-50bp-0-DBC14-PCR-FREE-ILMN-NOVASEQ-sent-sentd-SNPts	SNPts	Irl1-HG003-5x-50bp-0-DBC14-PCR-FREE-ILMN-NOVASEQ	2799325643.0	2797071619.0	1470212.0	783812.0	63031.0	0.5055437721127671	0.3477389770472719	0.9999774658685094	0.07443056150904005	0.92556943849096	0.92556943849096	HG003	ultima	-1	-2	sent	sentd
Irl1-HG003-5x-50bp-0-DBC14-PCR-FREE-ILMN-NOVASEQ-sent-sentd-SNPtv	SNPtv	Irl1-HG003-5x-50bp-0-DBC14-PCR-FREE-ILMN-NOVASEQ	2799325643.0	2798267029.0	690969.0	367645.0	37497.0	0.5023309895911614	0.34728900241258853	0.9999866001002923	0.09255273459675867	0.9074472654032413	0.9074472654032414	HG003	ultima	-1	-2	sent	sentd
Irl1-HG003-5x-50bp-0-DBC14-PCR-FREE-ILMN-NOVASEQ-sent-sentd-INS_50	INS_50	Irl1-HG003-5x-50bp-0-DBC14-PCR-FREE-ILMN-NOVASEQ	2799325643.0	2799160698.0	109199.0	55746.0	10094.0	0.4830989882358039	0.3379672011882749	0.9999963939320784	0.15331105710814094	0.846688942891859	0.846688942891859	HG003	ultima	-1	-2	sent	sentd
Irl1-HG003-5x-50bp-0-DBC14-PCR-FREE-ILMN-NOVASEQ-sent-sentd-INS_gt50	INS_gt50	Irl1-HG003-5x-50bp-0-DBC14-PCR-FREE-ILMN-NOVASEQ	2799325643.0	2799325547.0	96.0	0.0	2.0		0.0	0.9999999992855422	1.0	0.0	0.0	HG003	ultima	-1	-2	sent	sentd
Irl1-HG003-5x-50bp-0-DBC14-PCR-FREE-ILMN-NOVASEQ-sent-sentd-DEL_50	DEL_50	Irl1-HG003-5x-50bp-0-DBC14-PCR-FREE-ILMN-NOVASEQ	2799325643.0	2799146715.0	118434.0	60494.0	14055.0	0.477313523514954	0.3380912992935706	0.9999949788521794	0.1885337160793572	0.8114662839206428	0.8114662839206428	HG003	ultima	-1	-2	sent	sentd
Irl1-HG003-5x-50bp-0-DBC14-PCR-FREE-ILMN-NOVASEQ-sent-sentd-DEL_gt50	DEL_gt50	Irl1-HG003-5x-50bp-0-DBC14-PCR-FREE-ILMN-NOVASEQ	2799325643.0	2799325554.0	84.0	5.0	85.0	0.055865921787709494	0.056179775280898875	0.999999969635544	0.9444444444444444	0.05555555555555558	0.05555555555555555	HG003	ultima	-1	-2	sent	sentd
Irl1-HG003-5x-50bp-0-DBC14-PCR-FREE-ILMN-NOVASEQ-sent-sentd-Indel_50	Indel_50	Irl1-HG003-5x-50bp-0-DBC14-PCR-FREE-ILMN-NOVASEQ	2799325643.0	2799311624.0	13377.0	642.0	160.0	0.0866338303758181	0.04579499251016478	0.9999999428430941	0.19950124688279303	0.800498753117207	0.800498753117207	HG003	ultima	-1	-2	sent	sentd
Irl1-HG003-5x-50bp-0-DBC14-PCR-FREE-ILMN-NOVASEQ-sent-sentd-Indel_gt50	Indel_gt50	Irl1-HG003-5x-50bp-0-DBC14-PCR-FREE-ILMN-NOVASEQ	2799325643.0	2799324735.0	907.0	1.0	3.0	0.002192982456140351	0.0011013215859030838	0.9999999989283129	0.75	0.25	0.25	HG003	ultima	-1	-2	sent	sentd
Irl1-HG003-5x-50bp-0-DBC14-PCR-FREE-ILMN-NOVASEQ-sent-sentd-All	All	Irl1-HG003-5x-50bp-0-DBC14-PCR-FREE-ILMN-NOVASEQ	2799325643.0	2795654020.0	2403278.0	1268345.0	124927.0	0.5008376284207274	0.3454453248604228	0.999955315852087	0.08966447326867977	0.9103355267313202	0.9103355267313202	HG003	ultima	-1	-2	sent	sentd
Irl1-HG003-5x-50bp-0-DBC14-PCR-FREE-ILMN-NOVASEQ-sent-sentd-SNPts	SNPts	Irl1-HG003-5x-50bp-0-DBC14-PCR-FREE-ILMN-NOVASEQ	337668665.0	337403085.0	168444.0	97136.0	1253.0	0.5337597432748394	0.36575043301453425	0.9999962863548008	0.012735163483722774	0.9872648365162773	0.9872648365162773	HG003	giabHC_x_clinvar_genes	-1	-2	sent	sentd
Irl1-HG003-5x-50bp-0-DBC14-PCR-FREE-ILMN-NOVASEQ-sent-sentd-SNPtv	SNPtv	Irl1-HG003-5x-50bp-0-DBC14-PCR-FREE-ILMN-NOVASEQ	337668665.0	337548371.0	76140.0	44154.0	704.0	0.5347074210424336	0.36705072572198116	0.9999979143773391	0.01569396763119176	0.9843060323688082	0.9843060323688082	HG003	giabHC_x_clinvar_genes	-1	-2	sent	sentd
Irl1-HG003-5x-50bp-0-DBC14-PCR-FREE-ILMN-NOVASEQ-sent-sentd-INS_50	INS_50	Irl1-HG003-5x-50bp-0-DBC14-PCR-FREE-ILMN-NOVASEQ	337668665.0	337641870.0	16137.0	10658.0	686.0	0.5589029602244422	0.3977607762642284	0.999997968265588	0.060472496473906914	0.939527503526093	0.939527503526093	HG003	giabHC_x_clinvar_genes	-1	-2	sent	sentd
Irl1-HG003-5x-50bp-0-DBC14-PCR-FREE-ILMN-NOVASEQ-sent-sentd-INS_gt50	INS_gt50	Irl1-HG003-5x-50bp-0-DBC14-PCR-FREE-ILMN-NOVASEQ	337668665.0	337668665.0	0.0	0.0	0.0			1.0				HG003	giabHC_x_clinvar_genes	-1	-2	sent	sentd
Irl1-HG003-5x-50bp-0-DBC14-PCR-FREE-ILMN-NOVASEQ-sent-sentd-DEL_50	DEL_50	Irl1-HG003-5x-50bp-0-DBC14-PCR-FREE-ILMN-NOVASEQ	337668665.0	337640139.0	16696.0	11830.0	716.0	0.5760615504479937	0.4147093879268036	0.9999978794035456	0.05706998246453053	0.9429300175354695	0.9429300175354695	HG003	giabHC_x_clinvar_genes	-1	-2	sent	sentd
Irl1-HG003-5x-50bp-0-DBC14-PCR-FREE-ILMN-NOVASEQ-sent-sentd-DEL_gt50	DEL_gt50	Irl1-HG003-5x-50bp-0-DBC14-PCR-FREE-ILMN-NOVASEQ	337668665.0	337668665.0	0.0	0.0	4.0			0.9999999881540683	1.0	0.0	0.0	HG003	giabHC_x_clinvar_genes	-1	-2	sent	sentd
Irl1-HG003-5x-50bp-0-DBC14-PCR-FREE-ILMN-NOVASEQ-sent-sentd-Indel_50	Indel_50	Irl1-HG003-5x-50bp-0-DBC14-PCR-FREE-ILMN-NOVASEQ	337668665.0	337666597.0	1802.0	266.0	6.0	0.22735042735042735	0.1286266924564797	0.9999999822309937	0.022058823529411766	0.9779411764705882	0.9779411764705882	HG003	giabHC_x_clinvar_genes	-1	-2	sent	sentd
Irl1-HG003-5x-50bp-0-DBC14-PCR-FREE-ILMN-NOVASEQ-sent-sentd-Indel_gt50	Indel_gt50	Irl1-HG003-5x-50bp-0-DBC14-PCR-FREE-ILMN-NOVASEQ	337668665.0	337668623.0	42.0	0.0	0.0		0.0	1.0				HG003	giabHC_x_clinvar_genes	-1	-2	sent	sentd
Irl1-HG003-5x-50bp-0-DBC14-PCR-FREE-ILMN-NOVASEQ-sent-sentd-All	All	Irl1-HG003-5x-50bp-0-DBC14-PCR-FREE-ILMN-NOVASEQ	337668665.0	337225360.0	279261.0	164044.0	3369.0	0.5372168496753003	0.37004770981604085	0.9999900097479536	0.02012388524188683	0.9798761147581132	0.9798761147581132	HG003	giabHC_x_clinvar_genes	-1	-2	sent	sentd
Irl1-HG003-5x-50bp-0-DBC14-PCR-FREE-ILMN-NOVASEQ-sent-sentd-SNPts	SNPts	Irl1-HG003-5x-50bp-0-DBC14-PCR-FREE-ILMN-NOVASEQ	377862616.0	377589354.0	173693.0	99569.0	14160.0	0.5145804424392298	0.3643719214526718	0.9999625003489772	0.12450650229932558	0.8754934977006744	0.8754934977006744	HG003	clinvar_genes	-1	-2	sent	sentd
Irl1-HG003-5x-50bp-0-DBC14-PCR-FREE-ILMN-NOVASEQ-sent-sentd-SNPtv	SNPtv	Irl1-HG003-5x-50bp-0-DBC14-PCR-FREE-ILMN-NOVASEQ	377862616.0	377738238.0	78919.0	45459.0	8498.0	0.509815796114055	0.3654906816317998	0.999977503445589	0.1574957836795967	0.8425042163204033	0.8425042163204033	HG003	clinvar_genes	-1	-2	sent	sentd
Irl1-HG003-5x-50bp-0-DBC14-PCR-FREE-ILMN-NOVASEQ-sent-sentd-INS_50	INS_50	Irl1-HG003-5x-50bp-0-DBC14-PCR-FREE-ILMN-NOVASEQ	377862616.0	377832932.0	18112.0	11572.0	7071.0	0.4789041322656072	0.3898396442527961	0.9999812857295579	0.37928444992758675	0.6207155500724133	0.6207155500724132	HG003	clinvar_genes	-1	-2	sent	sentd
Irl1-HG003-5x-50bp-0-DBC14-PCR-FREE-ILMN-NOVASEQ-sent-sentd-INS_gt50	INS_gt50	Irl1-HG003-5x-50bp-0-DBC14-PCR-FREE-ILMN-NOVASEQ	377862616.0	377862586.0	30.0	0.0	2.0		0.0	0.9999999947070706	1.0	0.0	0.0	HG003	clinvar_genes	-1	-2	sent	sentd
Irl1-HG003-5x-50bp-0-DBC14-PCR-FREE-ILMN-NOVASEQ-sent-sentd-DEL_50	DEL_50	Irl1-HG003-5x-50bp-0-DBC14-PCR-FREE-ILMN-NOVASEQ	377862616.0	377831196.0	18593.0	12827.0	7820.0	0.49271131426815445	0.4082431572246977	0.9999793033549506	0.378747517799196	0.621252482200804	0.621252482200804	HG003	clinvar_genes	-1	-2	sent	sentd
Irl1-HG003-5x-50bp-0-DBC14-PCR-FREE-ILMN-NOVASEQ-sent-sentd-DEL_gt50	DEL_gt50	Irl1-HG003-5x-50bp-0-DBC14-PCR-FREE-ILMN-NOVASEQ	377862616.0	377862598.0	18.0	0.0	35.0		0.0	0.9999999073737466	1.0	0.0	0.0	HG003	clinvar_genes	-1	-2	sent	sentd
Irl1-HG003-5x-50bp-0-DBC14-PCR-FREE-ILMN-NOVASEQ-sent-sentd-Indel_50	Indel_50	Irl1-HG003-5x-50bp-0-DBC14-PCR-FREE-ILMN-NOVASEQ	377862616.0	377859780.0	2534.0	302.0	287.0	0.17635036496350365	0.10648801128349789	0.9999992404595641	0.4872665534804754	0.5127334465195246	0.5127334465195246	HG003	clinvar_genes	-1	-2	sent	sentd
Irl1-HG003-5x-50bp-0-DBC14-PCR-FREE-ILMN-NOVASEQ-sent-sentd-Indel_gt50	Indel_gt50	Irl1-HG003-5x-50bp-0-DBC14-PCR-FREE-ILMN-NOVASEQ	377862616.0	377862446.0	170.0	0.0	0.0		0.0	1.0				HG003	clinvar_genes	-1	-2	sent	sentd
Irl1-HG003-5x-50bp-0-DBC14-PCR-FREE-ILMN-NOVASEQ-sent-sentd-All	All	Irl1-HG003-5x-50bp-0-DBC14-PCR-FREE-ILMN-NOVASEQ	377862616.0	377400818.0	292069.0	169729.0	37873.0	0.5071078577830894	0.3675394869618318	0.999899657875827	0.18243080509821677	0.8175691949017833	0.8175691949017833	HG003	clinvar_genes	-1	-2	sent	sentd
Irl1-HG003-7x-100bp-0-DBC24-PCR-FREE-ILMN-NOVASEQ-sent-sentd-SNPts	SNPts	Irl1-HG003-7x-100bp-0-DBC24-PCR-FREE-ILMN-NOVASEQ	2505355380.0	2503152225.0	383562.0	1819593.0	13675.0	0.9015868753101446	0.8259033068485876	0.9999945369182283	0.007459356733439955	0.99254064326656	0.99254064326656	HG003	giabHC_x_ultima	-1	-2	sent	sentd
Irl1-HG003-7x-100bp-0-DBC24-PCR-FREE-ILMN-NOVASEQ-sent-sentd-SNPtv	SNPtv	Irl1-HG003-7x-100bp-0-DBC24-PCR-FREE-ILMN-NOVASEQ	2505355380.0	2504320786.0	182836.0	851758.0	7568.0	0.8994656585283434	0.8232775368888665	0.9999969780320588	0.008806902153548245	0.9911930978464517	0.9911930978464517	HG003	giabHC_x_ultima	-1	-2	sent	sentd
Irl1-HG003-7x-100bp-0-DBC24-PCR-FREE-ILMN-NOVASEQ-sent-sentd-INS_50	INS_50	Irl1-HG003-7x-100bp-0-DBC24-PCR-FREE-ILMN-NOVASEQ	2505355380.0	2505199508.0	27053.0	128819.0	1838.0	0.8991690195407795	0.8264409258879081	0.999999266326436	0.014067367228698042	0.9859326327713019	0.9859326327713019	HG003	giabHC_x_ultima	-1	-2	sent	sentd
Irl1-HG003-7x-100bp-0-DBC24-PCR-FREE-ILMN-NOVASEQ-sent-sentd-INS_gt50	INS_gt50	Irl1-HG003-7x-100bp-0-DBC24-PCR-FREE-ILMN-NOVASEQ	2505355380.0	2505355380.0	0.0	0.0	1.0			0.9999999996008551	1.0	0.0	0.0	HG003	giabHC_x_ultima	-1	-2	sent	sentd
Irl1-HG003-7x-100bp-0-DBC24-PCR-FREE-ILMN-NOVASEQ-sent-sentd-DEL_50	DEL_50	Irl1-HG003-7x-100bp-0-DBC24-PCR-FREE-ILMN-NOVASEQ	2505355380.0	2505187150.0	30901.0	137329.0	1920.0	0.8932577509358364	0.8163169470367949	0.9999992335907805	0.013788249825851532	0.9862117501741484	0.9862117501741484	HG003	giabHC_x_ultima	-1	-2	sent	sentd
Irl1-HG003-7x-100bp-0-DBC24-PCR-FREE-ILMN-NOVASEQ-sent-sentd-DEL_gt50	DEL_gt50	Irl1-HG003-7x-100bp-0-DBC24-PCR-FREE-ILMN-NOVASEQ	2505355380.0	2505355380.0	0.0	0.0	26.0			0.9999999896222309	1.0	0.0	0.0	HG003	giabHC_x_ultima	-1	-2	sent	sentd
Irl1-HG003-7x-100bp-0-DBC24-PCR-FREE-ILMN-NOVASEQ-sent-sentd-Indel_50	Indel_50	Irl1-HG003-7x-100bp-0-DBC24-PCR-FREE-ILMN-NOVASEQ	2505355380.0	2505346503.0	1926.0	6951.0	7.0	0.8779286390906221	0.7830348090571139	0.9999999972059753	0.001006036217303823	0.9989939637826962	0.9989939637826962	HG003	giabHC_x_ultima	-1	-2	sent	sentd
Irl1-HG003-7x-100bp-0-DBC24-PCR-FREE-ILMN-NOVASEQ-sent-sentd-Indel_gt50	Indel_gt50	Irl1-HG003-7x-100bp-0-DBC24-PCR-FREE-ILMN-NOVASEQ	2505355380.0	2505355174.0	71.0	135.0	0.0	0.7917888563049854	0.6553398058252428	1.0	0.0	1.0	1.0	HG003	giabHC_x_ultima	-1	-2	sent	sentd
Irl1-HG003-7x-100bp-0-DBC24-PCR-FREE-ILMN-NOVASEQ-sent-sentd-All	All	Irl1-HG003-7x-100bp-0-DBC24-PCR-FREE-ILMN-NOVASEQ	2505355380.0	2501784446.0	626349.0	2944585.0	25035.0	0.9004084363495813	0.8245979903297008	0.9999899932428148	0.008430371562691523	0.9915696284373084	0.9915696284373084	HG003	giabHC_x_ultima	-1	-2	sent	sentd
Irl1-HG003-7x-100bp-0-DBC24-PCR-FREE-ILMN-NOVASEQ-sent-sentd-SNPts	SNPts	Irl1-HG003-7x-100bp-0-DBC24-PCR-FREE-ILMN-NOVASEQ	3088286401.0	3085963536.0	424003.0	1898862.0	287706.0	0.8421732843131275	0.8174655005779501	0.9999067781663123	0.1315788029459866	0.8684211970540134	0.8684211970540134	HG003	hg38	-1	-2	sent	sentd
Irl1-HG003-7x-100bp-0-DBC24-PCR-FREE-ILMN-NOVASEQ-sent-sentd-SNPtv	SNPtv	Irl1-HG003-7x-100bp-0-DBC24-PCR-FREE-ILMN-NOVASEQ	3088286401.0	3087179333.0	206175.0	900893.0	188801.0	0.8202008228474454	0.8137648274541401	0.9999388472667315	0.1732605667279071	0.8267394332720929	0.8267394332720929	HG003	hg38	-1	-2	sent	sentd
Irl1-HG003-7x-100bp-0-DBC24-PCR-FREE-ILMN-NOVASEQ-sent-sentd-INS_50	INS_50	Irl1-HG003-7x-100bp-0-DBC24-PCR-FREE-ILMN-NOVASEQ	3088286401.0	3088022976.0	47946.0	215479.0	129953.0	0.7078148070893495	0.8179899402106862	0.9999579188586227	0.3762042891220269	0.623795710877973	0.6237957108779731	HG003	hg38	-1	-2	sent	sentd
Irl1-HG003-7x-100bp-0-DBC24-PCR-FREE-ILMN-NOVASEQ-sent-sentd-INS_gt50	INS_gt50	Irl1-HG003-7x-100bp-0-DBC24-PCR-FREE-ILMN-NOVASEQ	3088286401.0	3088286164.0	215.0	22.0	461.0	0.06111111111111112	0.09282700421940929	0.9999998507262907	0.9544513457556936	0.04554865424430643	0.045548654244306416	HG003	hg38	-1	-2	sent	sentd
Irl1-HG003-7x-100bp-0-DBC24-PCR-FREE-ILMN-NOVASEQ-sent-sentd-DEL_50	DEL_50	Irl1-HG003-7x-100bp-0-DBC24-PCR-FREE-ILMN-NOVASEQ	3088286401.0	3088008409.0	49895.0	228097.0	136126.0	0.7103446665057651	0.8205164177386399	0.9999559198093039	0.3737435582047262	0.6262564417952738	0.6262564417952737	HG003	hg38	-1	-2	sent	sentd
Irl1-HG003-7x-100bp-0-DBC24-PCR-FREE-ILMN-NOVASEQ-sent-sentd-DEL_gt50	DEL_gt50	Irl1-HG003-7x-100bp-0-DBC24-PCR-FREE-ILMN-NOVASEQ	3088286401.0	3088286264.0	97.0	40.0	814.0	0.08072653884964683	0.291970802919708	0.9999997364234673	0.9531615925058547	0.04683840749414525	0.0468384074941452	HG003	hg38	-1	-2	sent	sentd
Irl1-HG003-7x-100bp-0-DBC24-PCR-FREE-ILMN-NOVASEQ-sent-sentd-Indel_50	Indel_50	Irl1-HG003-7x-100bp-0-DBC24-PCR-FREE-ILMN-NOVASEQ	3088286401.0	3088259991.0	5748.0	20662.0	14494.0	0.6712146314524251	0.7823551684967816	0.9999953067643208	0.4122767095232677	0.5877232904767322	0.5877232904767323	HG003	hg38	-1	-2	sent	sentd
Irl1-HG003-7x-100bp-0-DBC24-PCR-FREE-ILMN-NOVASEQ-sent-sentd-Indel_gt50	Indel_gt50	Irl1-HG003-7x-100bp-0-DBC24-PCR-FREE-ILMN-NOVASEQ	3088286401.0	3088285414.0	535.0	452.0	342.0	0.5075800112296461	0.4579533941236069	0.9999998892589523	0.43073047858942065	0.5692695214105794	0.5692695214105793	HG003	hg38	-1	-2	sent	sentd
Irl1-HG003-7x-100bp-0-DBC24-PCR-FREE-ILMN-NOVASEQ-sent-sentd-All	All	Irl1-HG003-7x-100bp-0-DBC24-PCR-FREE-ILMN-NOVASEQ	3088286401.0	3084287280.0	734614.0	3264507.0	758697.0	0.813855584260174	0.8163061332727867	0.9997540727089138	0.1885802957046175	0.8114197042953825	0.8114197042953825	HG003	hg38	-1	-2	sent	sentd
Irl1-HG003-7x-100bp-0-DBC24-PCR-FREE-ILMN-NOVASEQ-sent-sentd-SNPts	SNPts	Irl1-HG003-7x-100bp-0-DBC24-PCR-FREE-ILMN-NOVASEQ	332544085.0	332287241.0	39936.0	216908.0	2281.0	0.9113149718611945	0.8445126224478672	0.9999931355042847	0.010406544124020822	0.9895934558759791	0.9895934558759791	HG003	giabHC_x_ultima_x_clinvar	-1	-2	sent	sentd
Irl1-HG003-7x-100bp-0-DBC24-PCR-FREE-ILMN-NOVASEQ-sent-sentd-SNPtv	SNPtv	Irl1-HG003-7x-100bp-0-DBC24-PCR-FREE-ILMN-NOVASEQ	332544085.0	332429458.0	18039.0	96588.0	1251.0	0.909209002852221	0.8426287000444921	0.9999962368097588	0.012786312206788704	0.9872136877932113	0.9872136877932113	HG003	giabHC_x_ultima_x_clinvar	-1	-2	sent	sentd
Irl1-HG003-7x-100bp-0-DBC24-PCR-FREE-ILMN-NOVASEQ-sent-sentd-INS_50	INS_50	Irl1-HG003-7x-100bp-0-DBC24-PCR-FREE-ILMN-NOVASEQ	332544085.0	332526419.0	2846.0	14820.0	237.0	0.9057849219203619	0.8388995811162685	0.9999992872751832	0.015740187288304442	0.9842598127116956	0.9842598127116956	HG003	giabHC_x_ultima_x_clinvar	-1	-2	sent	sentd
Irl1-HG003-7x-100bp-0-DBC24-PCR-FREE-ILMN-NOVASEQ-sent-sentd-INS_gt50	INS_gt50	Irl1-HG003-7x-100bp-0-DBC24-PCR-FREE-ILMN-NOVASEQ	332544085.0	332544085.0	0.0	0.0	0.0			1.0				HG003	giabHC_x_ultima_x_clinvar	-1	-2	sent	sentd
Irl1-HG003-7x-100bp-0-DBC24-PCR-FREE-ILMN-NOVASEQ-sent-sentd-DEL_50	DEL_50	Irl1-HG003-7x-100bp-0-DBC24-PCR-FREE-ILMN-NOVASEQ	332544085.0	332524876.0	3296.0	15913.0	244.0	0.8999038624667759	0.8284137643812796	0.9999992662208497	0.015101813455468217	0.9848981865445318	0.9848981865445318	HG003	giabHC_x_ultima_x_clinvar	-1	-2	sent	sentd
Irl1-HG003-7x-100bp-0-DBC24-PCR-FREE-ILMN-NOVASEQ-sent-sentd-DEL_gt50	DEL_gt50	Irl1-HG003-7x-100bp-0-DBC24-PCR-FREE-ILMN-NOVASEQ	332544085.0	332544085.0	0.0	0.0	7.0			0.9999999789501598	1.0	0.0	0.0	HG003	giabHC_x_ultima_x_clinvar	-1	-2	sent	sentd
Irl1-HG003-7x-100bp-0-DBC24-PCR-FREE-ILMN-NOVASEQ-sent-sentd-Indel_50	Indel_50	Irl1-HG003-7x-100bp-0-DBC24-PCR-FREE-ILMN-NOVASEQ	332544085.0	332543248.0	183.0	654.0	0.0	0.8772635814889337	0.7813620071684588	1.0	0.0	1.0	1.0	HG003	giabHC_x_ultima_x_clinvar	-1	-2	sent	sentd
Irl1-HG003-7x-100bp-0-DBC24-PCR-FREE-ILMN-NOVASEQ-sent-sentd-Indel_gt50	Indel_gt50	Irl1-HG003-7x-100bp-0-DBC24-PCR-FREE-ILMN-NOVASEQ	332544085.0	332544065.0	7.0	13.0	0.0	0.787878787878788	0.65	1.0	0.0	1.0	1.0	HG003	giabHC_x_ultima_x_clinvar	-1	-2	sent	sentd
Irl1-HG003-7x-100bp-0-DBC24-PCR-FREE-ILMN-NOVASEQ-sent-sentd-All	All	Irl1-HG003-7x-100bp-0-DBC24-PCR-FREE-ILMN-NOVASEQ	332544085.0	332134882.0	64307.0	344896.0	4020.0	0.9098729882775659	0.842848170712336	0.9999878966300672	0.01152139770030609	0.9884786022996939	0.9884786022996939	HG003	giabHC_x_ultima_x_clinvar	-1	-2	sent	sentd
Irl1-HG003-7x-100bp-0-DBC24-PCR-FREE-ILMN-NOVASEQ-sent-sentd-SNPts	SNPts	Irl1-HG003-7x-100bp-0-DBC24-PCR-FREE-ILMN-NOVASEQ	2528531102.0	2526276194.0	405907.0	1849001.0	17653.0	0.8972331363691727	0.8199895516801572	0.9999930122934745	0.009457028458407396	0.9905429715415927	0.9905429715415927	HG003	giabHC	-1	-2	sent	sentd
Irl1-HG003-7x-100bp-0-DBC24-PCR-FREE-ILMN-NOVASEQ-sent-sentd-SNPtv	SNPtv	Irl1-HG003-7x-100bp-0-DBC24-PCR-FREE-ILMN-NOVASEQ	2528531102.0	2527459127.0	196847.0	875128.0	9839.0	0.8943831753828166	0.8163697847431144	0.9999961071727754	0.011117928691126336	0.9888820713088736	0.9888820713088736	HG003	giabHC	-1	-2	sent	sentd
Irl1-HG003-7x-100bp-0-DBC24-PCR-FREE-ILMN-NOVASEQ-sent-sentd-INS_50	INS_50	Irl1-HG003-7x-100bp-0-DBC24-PCR-FREE-ILMN-NOVASEQ	2528531102.0	2528296411.0	40453.0	194238.0	5997.0	0.8932002225665975	0.8276329301080996	0.9999976280527277	0.029949808974455015	0.970050191025545	0.970050191025545	HG003	giabHC	-1	-2	sent	sentd
Irl1-HG003-7x-100bp-0-DBC24-PCR-FREE-ILMN-NOVASEQ-sent-sentd-INS_gt50	INS_gt50	Irl1-HG003-7x-100bp-0-DBC24-PCR-FREE-ILMN-NOVASEQ	2528531102.0	2528531101.0	1.0	0.0	1.0		0.0	0.9999999996045135	1.0	0.0	0.0	HG003	giabHC	-1	-2	sent	sentd
Irl1-HG003-7x-100bp-0-DBC24-PCR-FREE-ILMN-NOVASEQ-sent-sentd-DEL_50	DEL_50	Irl1-HG003-7x-100bp-0-DBC24-PCR-FREE-ILMN-NOVASEQ	2528531102.0	2528282128.0	43209.0	205765.0	4295.0	0.8965131123184775	0.8264517580148931	0.9999983012209531	0.02044653908407122	0.9795534609159288	0.9795534609159288	HG003	giabHC	-1	-2	sent	sentd
Irl1-HG003-7x-100bp-0-DBC24-PCR-FREE-ILMN-NOVASEQ-sent-sentd-DEL_gt50	DEL_gt50	Irl1-HG003-7x-100bp-0-DBC24-PCR-FREE-ILMN-NOVASEQ	2528531102.0	2528531102.0	0.0	0.0	26.0			0.9999999897173503	1.0	0.0	0.0	HG003	giabHC	-1	-2	sent	sentd
Irl1-HG003-7x-100bp-0-DBC24-PCR-FREE-ILMN-NOVASEQ-sent-sentd-Indel_50	Indel_50	Irl1-HG003-7x-100bp-0-DBC24-PCR-FREE-ILMN-NOVASEQ	2528531102.0	2528510705.0	3659.0	16738.0	22.0	0.9009338751782975	0.820610874148159	0.9999999912992261	0.0013126491646778043	0.9986873508353222	0.9986873508353222	HG003	giabHC	-1	-2	sent	sentd
Irl1-HG003-7x-100bp-0-DBC24-PCR-FREE-ILMN-NOVASEQ-sent-sentd-Indel_gt50	Indel_gt50	Irl1-HG003-7x-100bp-0-DBC24-PCR-FREE-ILMN-NOVASEQ	2528531102.0	2528530836.0	104.0	162.0	0.0	0.7570093457943925	0.6090225563909775	1.0	0.0	1.0	1.0	HG003	giabHC	-1	-2	sent	sentd
Irl1-HG003-7x-100bp-0-DBC24-PCR-FREE-ILMN-NOVASEQ-sent-sentd-All	All	Irl1-HG003-7x-100bp-0-DBC24-PCR-FREE-ILMN-NOVASEQ	2528531102.0	2524699890.0	690180.0	3141032.0	37833.0	0.8961476457391268	0.8198533518896892	0.9999850150771483	0.011901417644347904	0.9880985823556521	0.9880985823556521	HG003	giabHC	-1	-2	sent	sentd
Irl1-HG003-7x-100bp-0-DBC24-PCR-FREE-ILMN-NOVASEQ-sent-sentd-SNPts	SNPts	Irl1-HG003-7x-100bp-0-DBC24-PCR-FREE-ILMN-NOVASEQ	377862616.0	377589375.0	45147.0	228094.0	35161.0	0.8503101607467717	0.8347722340351558	0.9999068889951579	0.13356251543180567	0.8664374845681944	0.8664374845681944	HG003	clinvar_genes	-1	-2	sent	sentd
Irl1-HG003-7x-100bp-0-DBC24-PCR-FREE-ILMN-NOVASEQ-sent-sentd-SNPtv	SNPtv	Irl1-HG003-7x-100bp-0-DBC24-PCR-FREE-ILMN-NOVASEQ	377862616.0	377738280.0	20851.0	103485.0	20572.0	0.8332360412733048	0.8323011838888174	0.9999455419776636	0.1658269988795473	0.8341730011204527	0.8341730011204527	HG003	clinvar_genes	-1	-2	sent	sentd
Irl1-HG003-7x-100bp-0-DBC24-PCR-FREE-ILMN-NOVASEQ-sent-sentd-INS_50	INS_50	Irl1-HG003-7x-100bp-0-DBC24-PCR-FREE-ILMN-NOVASEQ	377862616.0	377832761.0	5119.0	24736.0	14545.0	0.715575098356862	0.8285379333444984	0.9999615056141223	0.3702807973320435	0.6297192026679566	0.6297192026679566	HG003	clinvar_genes	-1	-2	sent	sentd
Irl1-HG003-7x-100bp-0-DBC24-PCR-FREE-ILMN-NOVASEQ-sent-sentd-INS_gt50	INS_gt50	Irl1-HG003-7x-100bp-0-DBC24-PCR-FREE-ILMN-NOVASEQ	377862616.0	377862586.0	27.0	3.0	61.0	0.06382978723404256	0.1	0.9999998385656786	0.953125	0.046875	0.046875	HG003	clinvar_genes	-1	-2	sent	sentd
Irl1-HG003-7x-100bp-0-DBC24-PCR-FREE-ILMN-NOVASEQ-sent-sentd-DEL_50	DEL_50	Irl1-HG003-7x-100bp-0-DBC24-PCR-FREE-ILMN-NOVASEQ	377862616.0	377831008.0	5425.0	26183.0	14818.0	0.721205360217053	0.8283662363958492	0.9999607829464285	0.3614058193702593	0.6385941806297407	0.6385941806297407	HG003	clinvar_genes	-1	-2	sent	sentd
Irl1-HG003-7x-100bp-0-DBC24-PCR-FREE-ILMN-NOVASEQ-sent-sentd-DEL_gt50	DEL_gt50	Irl1-HG003-7x-100bp-0-DBC24-PCR-FREE-ILMN-NOVASEQ	377862616.0	377862599.0	14.0	3.0	122.0	0.04225352112676057	0.17647058823529413	0.9999996771314205	0.976	0.02400000000000002	0.024	HG003	clinvar_genes	-1	-2	sent	sentd
Irl1-HG003-7x-100bp-0-DBC24-PCR-FREE-ILMN-NOVASEQ-sent-sentd-Indel_50	Indel_50	Irl1-HG003-7x-100bp-0-DBC24-PCR-FREE-ILMN-NOVASEQ	377862616.0	377860007.0	553.0	2056.0	1712.0	0.6448173122157754	0.7880413951705635	0.9999954692420165	0.4543524416135881	0.5456475583864119	0.5456475583864119	HG003	clinvar_genes	-1	-2	sent	sentd
Irl1-HG003-7x-100bp-0-DBC24-PCR-FREE-ILMN-NOVASEQ-sent-sentd-Indel_gt50	Indel_gt50	Irl1-HG003-7x-100bp-0-DBC24-PCR-FREE-ILMN-NOVASEQ	377862616.0	377862502.0	64.0	50.0	38.0	0.4950495049504951	0.43859649122807015	0.9999998994343287	0.4318181818181818	0.5681818181818181	0.5681818181818182	HG003	clinvar_genes	-1	-2	sent	sentd
Irl1-HG003-7x-100bp-0-DBC24-PCR-FREE-ILMN-NOVASEQ-sent-sentd-All	All	Irl1-HG003-7x-100bp-0-DBC24-PCR-FREE-ILMN-NOVASEQ	377862616.0	377400806.0	77200.0	384610.0	87029.0	0.824062160867921	0.8328316840258981	0.9997694521732071	0.1845246046234514	0.8154753953765486	0.8154753953765486	HG003	clinvar_genes	-1	-2	sent	sentd
Irl1-HG003-7x-100bp-0-DBC24-PCR-FREE-ILMN-NOVASEQ-sent-sentd-SNPts	SNPts	Irl1-HG003-7x-100bp-0-DBC24-PCR-FREE-ILMN-NOVASEQ	688815815.0	688747832.0	18096.0	49887.0	270053.0	0.2572005269086906	0.7338158068928997	0.9996080609721764	0.8440738888541601	0.15592611114583987	0.15592611114583985	HG003	hg38_m_giabHC	-1	-2	sent	sentd
Irl1-HG003-7x-100bp-0-DBC24-PCR-FREE-ILMN-NOVASEQ-sent-sentd-SNPtv	SNPtv	Irl1-HG003-7x-100bp-0-DBC24-PCR-FREE-ILMN-NOVASEQ	688815815.0	688780711.0	9328.0	25776.0	178962.0	0.21494150315624452	0.7342752962625342	0.9997402431419233	0.8741025115025056	0.12589748849749438	0.12589748849749435	HG003	hg38_m_giabHC	-1	-2	sent	sentd
Irl1-HG003-7x-100bp-0-DBC24-PCR-FREE-ILMN-NOVASEQ-sent-sentd-INS_50	INS_50	Irl1-HG003-7x-100bp-0-DBC24-PCR-FREE-ILMN-NOVASEQ	688815815.0	688787154.0	7472.0	21189.0	123955.0	0.24382497626650554	0.7392973029552353	0.9998200711261864	0.8540139447720884	0.14598605522791164	0.14598605522791158	HG003	hg38_m_giabHC	-1	-2	sent	sentd
Irl1-HG003-7x-100bp-0-DBC24-PCR-FREE-ILMN-NOVASEQ-sent-sentd-INS_gt50	INS_gt50	Irl1-HG003-7x-100bp-0-DBC24-PCR-FREE-ILMN-NOVASEQ	688815815.0	688815579.0	214.0	22.0	460.0	0.06128133704735376	0.09322033898305085	0.9999993321874434	0.9543568464730291	0.0456431535269709	0.04564315352697095	HG003	hg38_m_giabHC	-1	-2	sent	sentd
Irl1-HG003-7x-100bp-0-DBC24-PCR-FREE-ILMN-NOVASEQ-sent-sentd-DEL_50	DEL_50	Irl1-HG003-7x-100bp-0-DBC24-PCR-FREE-ILMN-NOVASEQ	688815815.0	688786599.0	6743.0	22473.0	131835.0	0.24490529848957082	0.7692018072289156	0.9998086348201854	0.8543627031650983	0.14563729683490167	0.14563729683490162	HG003	hg38_m_giabHC	-1	-2	sent	sentd
Irl1-HG003-7x-100bp-0-DBC24-PCR-FREE-ILMN-NOVASEQ-sent-sentd-DEL_gt50	DEL_gt50	Irl1-HG003-7x-100bp-0-DBC24-PCR-FREE-ILMN-NOVASEQ	688815815.0	688815678.0	97.0	40.0	788.0	0.08290155440414507	0.291970802919708	0.9999988560087645	0.9516908212560387	0.048309178743961345	0.04830917874396135	HG003	hg38_m_giabHC	-1	-2	sent	sentd
Irl1-HG003-7x-100bp-0-DBC24-PCR-FREE-ILMN-NOVASEQ-sent-sentd-Indel_50	Indel_50	Irl1-HG003-7x-100bp-0-DBC24-PCR-FREE-ILMN-NOVASEQ	688815815.0	688809801.0	2090.0	3924.0	14472.0	0.32150757886112247	0.6524775523777852	0.9999789902874111	0.786692759295499	0.21330724070450102	0.21330724070450097	HG003	hg38_m_giabHC	-1	-2	sent	sentd
Irl1-HG003-7x-100bp-0-DBC24-PCR-FREE-ILMN-NOVASEQ-sent-sentd-Indel_gt50	Indel_gt50	Irl1-HG003-7x-100bp-0-DBC24-PCR-FREE-ILMN-NOVASEQ	688815815.0	688815093.0	432.0	290.0	342.0	0.4283604135893649	0.40166204986149584	0.9999995034954465	0.5411392405063291	0.4588607594936709	0.4588607594936709	HG003	hg38_m_giabHC	-1	-2	sent	sentd
Irl1-HG003-7x-100bp-0-DBC24-PCR-FREE-ILMN-NOVASEQ-sent-sentd-All	All	Irl1-HG003-7x-100bp-0-DBC24-PCR-FREE-ILMN-NOVASEQ	688815815.0	688647742.0	44472.0	123601.0	720867.0	0.24414023728421863	0.7354006889863334	0.9989543083473938	0.8536344775645732	0.14636552243542678	0.1463655224354268	HG003	hg38_m_giabHC	-1	-2	sent	sentd
Irl1-HG003-7x-100bp-0-DBC24-PCR-FREE-ILMN-NOVASEQ-sent-sentd-SNPts	SNPts	Irl1-HG003-7x-100bp-0-DBC24-PCR-FREE-ILMN-NOVASEQ	2799325643.0	2797071413.0	394929.0	1859301.0	154785.0	0.87121056641542	0.8248053659120853	0.9999446648254222	0.0768512367396427	0.9231487632603573	0.9231487632603573	HG003	ultima	-1	-2	sent	sentd
Irl1-HG003-7x-100bp-0-DBC24-PCR-FREE-ILMN-NOVASEQ-sent-sentd-SNPtv	SNPtv	Irl1-HG003-7x-100bp-0-DBC24-PCR-FREE-ILMN-NOVASEQ	2799325643.0	2798266759.0	188232.0	870652.0	87182.0	0.8634345505916048	0.8222354856622633	0.9999688452562334	0.09101994708895278	0.9089800529110472	0.9089800529110472	HG003	ultima	-1	-2	sent	sentd
Irl1-HG003-7x-100bp-0-DBC24-PCR-FREE-ILMN-NOVASEQ-sent-sentd-INS_50	INS_50	Irl1-HG003-7x-100bp-0-DBC24-PCR-FREE-ILMN-NOVASEQ	2799325643.0	2799158941.0	29439.0	137263.0	24168.0	0.8366302688239221	0.8234034384710441	0.9999913660525022	0.14971102204657097	0.8502889779534291	0.8502889779534291	HG003	ultima	-1	-2	sent	sentd
Irl1-HG003-7x-100bp-0-DBC24-PCR-FREE-ILMN-NOVASEQ-sent-sentd-INS_gt50	INS_gt50	Irl1-HG003-7x-100bp-0-DBC24-PCR-FREE-ILMN-NOVASEQ	2799325643.0	2799325547.0	88.0	8.0	77.0	0.08839779005524863	0.08333333333333333	0.999999972493375	0.9058823529411765	0.09411764705882353	0.09411764705882353	HG003	ultima	-1	-2	sent	sentd
Irl1-HG003-7x-100bp-0-DBC24-PCR-FREE-ILMN-NOVASEQ-sent-sentd-DEL_50	DEL_50	Irl1-HG003-7x-100bp-0-DBC24-PCR-FREE-ILMN-NOVASEQ	2799325643.0	2799144533.0	33741.0	147369.0	31206.0	0.8194336711289045	0.8136988570482028	0.9999888517181807	0.17475010499790003	0.8252498950021	0.8252498950021	HG003	ultima	-1	-2	sent	sentd
Irl1-HG003-7x-100bp-0-DBC24-PCR-FREE-ILMN-NOVASEQ-sent-sentd-DEL_gt50	DEL_gt50	Irl1-HG003-7x-100bp-0-DBC24-PCR-FREE-ILMN-NOVASEQ	2799325643.0	2799325554.0	61.0	28.0	302.0	0.1336515513126492	0.3146067415730337	0.9999998921168826	0.9151515151515152	0.08484848484848484	0.08484848484848485	HG003	ultima	-1	-2	sent	sentd
Irl1-HG003-7x-100bp-0-DBC24-PCR-FREE-ILMN-NOVASEQ-sent-sentd-Indel_50	Indel_50	Irl1-HG003-7x-100bp-0-DBC24-PCR-FREE-ILMN-NOVASEQ	2799325643.0	2799314619.0	2615.0	8409.0	1274.0	0.8121891147920992	0.7627902757619739	0.9999995448888055	0.13157079417535888	0.8684292058246411	0.8684292058246411	HG003	ultima	-1	-2	sent	sentd
Irl1-HG003-7x-100bp-0-DBC24-PCR-FREE-ILMN-NOVASEQ-sent-sentd-Indel_gt50	Indel_gt50	Irl1-HG003-7x-100bp-0-DBC24-PCR-FREE-ILMN-NOVASEQ	2799325643.0	2799325083.0	247.0	313.0	92.0	0.6487046632124353	0.5589285714285714	0.9999999671349363	0.2271604938271605	0.7728395061728395	0.7728395061728395	HG003	ultima	-1	-2	sent	sentd
Irl1-HG003-7x-100bp-0-DBC24-PCR-FREE-ILMN-NOVASEQ-sent-sentd-All	All	Irl1-HG003-7x-100bp-0-DBC24-PCR-FREE-ILMN-NOVASEQ	2799325643.0	2795652948.0	649352.0	3023343.0	299086.0	0.8644144120961972	0.8231946840126937	0.9998930289231135	0.09002028335293245	0.9099797166470676	0.9099797166470676	HG003	ultima	-1	-2	sent	sentd
Irl1-HG003-7x-100bp-0-DBC24-PCR-FREE-ILMN-NOVASEQ-sent-sentd-SNPts	SNPts	Irl1-HG003-7x-100bp-0-DBC24-PCR-FREE-ILMN-NOVASEQ	337668665.0	337403103.0	43075.0	222487.0	3189.0	0.9058216180344354	0.8377968233406888	0.999990548486867	0.014130877895744342	0.9858691221042557	0.9858691221042557	HG003	giabHC_x_clinvar_genes	-1	-2	sent	sentd
Irl1-HG003-7x-100bp-0-DBC24-PCR-FREE-ILMN-NOVASEQ-sent-sentd-SNPtv	SNPtv	Irl1-HG003-7x-100bp-0-DBC24-PCR-FREE-ILMN-NOVASEQ	337668665.0	337548400.0	19771.0	100494.0	1699.0	0.9034873998687393	0.8356047062736457	0.9999949666730804	0.01662540487117513	0.9833745951288249	0.9833745951288249	HG003	giabHC_x_clinvar_genes	-1	-2	sent	sentd
Irl1-HG003-7x-100bp-0-DBC24-PCR-FREE-ILMN-NOVASEQ-sent-sentd-INS_50	INS_50	Irl1-HG003-7x-100bp-0-DBC24-PCR-FREE-ILMN-NOVASEQ	337668665.0	337641796.0	4374.0	22495.0	784.0	0.8971444524208344	0.8372101678514273	0.9999976780179799	0.03367842261265518	0.9663215773873448	0.9663215773873448	HG003	giabHC_x_clinvar_genes	-1	-2	sent	sentd
Irl1-HG003-7x-100bp-0-DBC24-PCR-FREE-ILMN-NOVASEQ-sent-sentd-INS_gt50	INS_gt50	Irl1-HG003-7x-100bp-0-DBC24-PCR-FREE-ILMN-NOVASEQ	337668665.0	337668665.0	0.0	0.0	0.0			1.0				HG003	giabHC_x_clinvar_genes	-1	-2	sent	sentd
Irl1-HG003-7x-100bp-0-DBC24-PCR-FREE-ILMN-NOVASEQ-sent-sentd-DEL_50	DEL_50	Irl1-HG003-7x-100bp-0-DBC24-PCR-FREE-ILMN-NOVASEQ	337668665.0	337640115.0	4757.0	23793.0	541.0	0.8998184706149307	0.8333800350262697	0.9999983977048073	0.0222322676091066	0.9777677323908934	0.9777677323908934	HG003	giabHC_x_clinvar_genes	-1	-2	sent	sentd
Irl1-HG003-7x-100bp-0-DBC24-PCR-FREE-ILMN-NOVASEQ-sent-sentd-DEL_gt50	DEL_gt50	Irl1-HG003-7x-100bp-0-DBC24-PCR-FREE-ILMN-NOVASEQ	337668665.0	337668665.0	0.0	0.0	7.0			0.9999999792696197	1.0	0.0	0.0	HG003	giabHC_x_clinvar_genes	-1	-2	sent	sentd
Irl1-HG003-7x-100bp-0-DBC24-PCR-FREE-ILMN-NOVASEQ-sent-sentd-Indel_50	Indel_50	Irl1-HG003-7x-100bp-0-DBC24-PCR-FREE-ILMN-NOVASEQ	337668665.0	337666642.0	351.0	1672.0	2.0	0.9045171760887206	0.8264953040039545	0.9999999940769986	0.0011947431302270011	0.998805256869773	0.998805256869773	HG003	giabHC_x_clinvar_genes	-1	-2	sent	sentd
Irl1-HG003-7x-100bp-0-DBC24-PCR-FREE-ILMN-NOVASEQ-sent-sentd-Indel_gt50	Indel_gt50	Irl1-HG003-7x-100bp-0-DBC24-PCR-FREE-ILMN-NOVASEQ	337668665.0	337668638.0	12.0	15.0	0.0	0.7142857142857143	0.5555555555555556	1.0	0.0	1.0	1.0	HG003	giabHC_x_clinvar_genes	-1	-2	sent	sentd
Irl1-HG003-7x-100bp-0-DBC24-PCR-FREE-ILMN-NOVASEQ-sent-sentd-All	All	Irl1-HG003-7x-100bp-0-DBC24-PCR-FREE-ILMN-NOVASEQ	337668665.0	337225369.0	72340.0	370956.0	6222.0	0.9042480322350251	0.8368133256334368	0.9999815497712372	0.0164961901277381	0.9835038098722619	0.9835038098722619	HG003	giabHC_x_clinvar_genes	-1	-2	sent	sentd
Irl1-HG003-7x-150bp-0-DBC21-PCR-FREE-ILMN-NOVASEQ-sent-sentd-SNPts	SNPts	Irl1-HG003-7x-150bp-0-DBC21-PCR-FREE-ILMN-NOVASEQ	688815815.0	688747975.0	10034.0	57806.0	310184.0	0.26526856801964066	0.8520931603773585	0.9995498435132817	0.8429142096252615	0.15708579037473847	0.15708579037473844	HG003	hg38_m_giabHC	-1	-2	sent	sentd
Irl1-HG003-7x-150bp-0-DBC21-PCR-FREE-ILMN-NOVASEQ-sent-sentd-SNPtv	SNPtv	Irl1-HG003-7x-150bp-0-DBC21-PCR-FREE-ILMN-NOVASEQ	688815815.0	688780809.0	5235.0	29771.0	208783.0	0.2176560900716479	0.8504542078500829	0.9996969722004161	0.8752022602848831	0.12479773971511687	0.12479773971511691	HG003	hg38_m_giabHC	-1	-2	sent	sentd
Irl1-HG003-7x-150bp-0-DBC21-PCR-FREE-ILMN-NOVASEQ-sent-sentd-INS_50	INS_50	Irl1-HG003-7x-150bp-0-DBC21-PCR-FREE-ILMN-NOVASEQ	688815815.0	688787665.0	4022.0	24128.0	145921.0	0.24347246958864574	0.8571225577264654	0.9997881929362056	0.8581114855129992	0.1418885144870008	0.1418885144870008	HG003	hg38_m_giabHC	-1	-2	sent	sentd
Irl1-HG003-7x-150bp-0-DBC21-PCR-FREE-ILMN-NOVASEQ-sent-sentd-INS_gt50	INS_gt50	Irl1-HG003-7x-150bp-0-DBC21-PCR-FREE-ILMN-NOVASEQ	688815815.0	688815580.0	184.0	51.0	961.0	0.0817963111467522	0.2170212765957447	0.9999986048534801	0.9496047430830039	0.05039525691699609	0.05039525691699605	HG003	hg38_m_giabHC	-1	-2	sent	sentd
Irl1-HG003-7x-150bp-0-DBC21-PCR-FREE-ILMN-NOVASEQ-sent-sentd-DEL_50	DEL_50	Irl1-HG003-7x-150bp-0-DBC21-PCR-FREE-ILMN-NOVASEQ	688815815.0	688787157.0	3407.0	25251.0	152372.0	0.24482138442222015	0.8811152208807314	0.9997788310968001	0.8578393563896567	0.1421606436103433	0.14216064361034325	HG003	hg38_m_giabHC	-1	-2	sent	sentd
Irl1-HG003-7x-150bp-0-DBC21-PCR-FREE-ILMN-NOVASEQ-sent-sentd-DEL_gt50	DEL_gt50	Irl1-HG003-7x-150bp-0-DBC21-PCR-FREE-ILMN-NOVASEQ	688815815.0	688815679.0	67.0	69.0	1369.0	0.08767471410419314	0.5073529411764706	0.9999980125346724	0.9520166898470097	0.04798331015299029	0.04798331015299027	HG003	hg38_m_giabHC	-1	-2	sent	sentd
Irl1-HG003-7x-150bp-0-DBC21-PCR-FREE-ILMN-NOVASEQ-sent-sentd-Indel_50	Indel_50	Irl1-HG003-7x-150bp-0-DBC21-PCR-FREE-ILMN-NOVASEQ	688815815.0	688808556.0	782.0	6477.0	22523.0	0.3572630243525745	0.892271662763466	0.9999673025786922	0.7766551724137931	0.22334482758620688	0.22334482758620688	HG003	hg38_m_giabHC	-1	-2	sent	sentd
Irl1-HG003-7x-150bp-0-DBC21-PCR-FREE-ILMN-NOVASEQ-sent-sentd-Indel_gt50	Indel_gt50	Irl1-HG003-7x-150bp-0-DBC21-PCR-FREE-ILMN-NOVASEQ	688815815.0	688815026.0	172.0	617.0	992.0	0.5145954962468724	0.7820025348542459	0.9999985598476602	0.6165320074580485	0.3834679925419515	0.3834679925419515	HG003	hg38_m_giabHC	-1	-2	sent	sentd
Irl1-HG003-7x-150bp-0-DBC21-PCR-FREE-ILMN-NOVASEQ-sent-sentd-All	All	Irl1-HG003-7x-150bp-0-DBC21-PCR-FREE-ILMN-NOVASEQ	688815815.0	688647742.0	23903.0	144170.0	843105.0	0.24956982658038965	0.8577820351870913	0.9987772063927051	0.8539717910409966	0.14602820895900337	0.14602820895900331	HG003	hg38_m_giabHC	-1	-2	sent	sentd
Irl1-HG003-7x-150bp-0-DBC21-PCR-FREE-ILMN-NOVASEQ-sent-sentd-SNPts	SNPts	Irl1-HG003-7x-150bp-0-DBC21-PCR-FREE-ILMN-NOVASEQ	3088286401.0	3085963869.0	159859.0	2162673.0	329338.0	0.8983918099807189	0.9311703778462471	0.9998932901127952	0.13215752257915395	0.8678424774208461	0.8678424774208461	HG003	hg38	-1	-2	sent	sentd
Irl1-HG003-7x-150bp-0-DBC21-PCR-FREE-ILMN-NOVASEQ-sent-sentd-SNPtv	SNPtv	Irl1-HG003-7x-150bp-0-DBC21-PCR-FREE-ILMN-NOVASEQ	3088286401.0	3087179727.0	78692.0	1027982.0	219047.0	0.8735018819281787	0.9288932422736957	0.9999290512771318	0.17565509703463192	0.8243449029653681	0.8243449029653681	HG003	hg38	-1	-2	sent	sentd
Irl1-HG003-7x-150bp-0-DBC21-PCR-FREE-ILMN-NOVASEQ-sent-sentd-INS_50	INS_50	Irl1-HG003-7x-150bp-0-DBC21-PCR-FREE-ILMN-NOVASEQ	3088286401.0	3088025978.0	20235.0	240188.0	149990.0	0.7383573034778613	0.9222994896764111	0.9999514308764934	0.38441429296372426	0.6155857070362758	0.6155857070362758	HG003	hg38	-1	-2	sent	sentd
Irl1-HG003-7x-150bp-0-DBC21-PCR-FREE-ILMN-NOVASEQ-sent-sentd-INS_gt50	INS_gt50	Irl1-HG003-7x-150bp-0-DBC21-PCR-FREE-ILMN-NOVASEQ	3088286401.0	3088286165.0	184.0	52.0	961.0	0.08326661329063251	0.22033898305084745	0.9999996888242703	0.9486673247778875	0.05133267522211249	0.05133267522211254	HG003	hg38	-1	-2	sent	sentd
Irl1-HG003-7x-150bp-0-DBC21-PCR-FREE-ILMN-NOVASEQ-sent-sentd-DEL_50	DEL_50	Irl1-HG003-7x-150bp-0-DBC21-PCR-FREE-ILMN-NOVASEQ	3088286401.0	3088011390.0	21049.0	253962.0	154868.0	0.7427516045396518	0.923461243368447	0.9999498511456115	0.37880781743022773	0.6211921825697723	0.6211921825697723	HG003	hg38	-1	-2	sent	sentd
Irl1-HG003-7x-150bp-0-DBC21-PCR-FREE-ILMN-NOVASEQ-sent-sentd-DEL_gt50	DEL_gt50	Irl1-HG003-7x-150bp-0-DBC21-PCR-FREE-ILMN-NOVASEQ	3088286401.0	3088286265.0	67.0	69.0	1393.0	0.08635794743429286	0.5073529411764706	0.9999995489409814	0.9528043775649795	0.04719562243502051	0.04719562243502052	HG003	hg38	-1	-2	sent	sentd
Irl1-HG003-7x-150bp-0-DBC21-PCR-FREE-ILMN-NOVASEQ-sent-sentd-Indel_50	Indel_50	Irl1-HG003-7x-150bp-0-DBC21-PCR-FREE-ILMN-NOVASEQ	3088286401.0	3088253758.0	1917.0	30726.0	22536.0	0.7153483499214248	0.9412737799834574	0.9999927027254512	0.42311591753970934	0.5768840824602907	0.5768840824602907	HG003	hg38	-1	-2	sent	sentd
Irl1-HG003-7x-150bp-0-DBC21-PCR-FREE-ILMN-NOVASEQ-sent-sentd-Indel_gt50	Indel_gt50	Irl1-HG003-7x-150bp-0-DBC21-PCR-FREE-ILMN-NOVASEQ	3088286401.0	3088285261.0	198.0	942.0	992.0	0.61288223812622	0.8263157894736842	0.9999996787862527	0.5129265770423992	0.4870734229576008	0.4870734229576008	HG003	hg38	-1	-2	sent	sentd
Irl1-HG003-7x-150bp-0-DBC21-PCR-FREE-ILMN-NOVASEQ-sent-sentd-All	All	Irl1-HG003-7x-150bp-0-DBC21-PCR-FREE-ILMN-NOVASEQ	3088286401.0	3084287606.0	282201.0	3716594.0	879125.0	0.8648758964148525	0.9294284903327127	0.9997150478153526	0.1912921568964508	0.8087078431035493	0.8087078431035492	HG003	hg38	-1	-2	sent	sentd
Irl1-HG003-7x-150bp-0-DBC21-PCR-FREE-ILMN-NOVASEQ-sent-sentd-SNPts	SNPts	Irl1-HG003-7x-150bp-0-DBC21-PCR-FREE-ILMN-NOVASEQ	2528531102.0	2526276377.0	149825.0	2104900.0	19154.0	0.9614095618892846	0.9335506547361652	0.9999924181475346	0.009017661509547309	0.9909823384904527	0.9909823384904527	HG003	giabHC	-1	-2	sent	sentd
Irl1-HG003-7x-150bp-0-DBC21-PCR-FREE-ILMN-NOVASEQ-sent-sentd-SNPtv	SNPtv	Irl1-HG003-7x-150bp-0-DBC21-PCR-FREE-ILMN-NOVASEQ	2528531102.0	2527459424.0	73457.0	998221.0	10264.0	0.9597526732280115	0.9314560903554986	0.9999959390215247	0.010177642701676277	0.9898223572983237	0.9898223572983237	HG003	giabHC	-1	-2	sent	sentd
Irl1-HG003-7x-150bp-0-DBC21-PCR-FREE-ILMN-NOVASEQ-sent-sentd-INS_50	INS_50	Irl1-HG003-7x-150bp-0-DBC21-PCR-FREE-ILMN-NOVASEQ	2528531102.0	2528298904.0	16203.0	215995.0	4068.0	0.9551785362876746	0.9302190372010095	0.9999983910156159	0.018485615482839005	0.981514384517161	0.981514384517161	HG003	giabHC	-1	-2	sent	sentd
Irl1-HG003-7x-150bp-0-DBC21-PCR-FREE-ILMN-NOVASEQ-sent-sentd-INS_gt50	INS_gt50	Irl1-HG003-7x-150bp-0-DBC21-PCR-FREE-ILMN-NOVASEQ	2528531102.0	2528531101.0	0.0	1.0	0.0	1.0	1.0	1.0	0.0	1.0	1.0	HG003	giabHC	-1	-2	sent	sentd
Irl1-HG003-7x-150bp-0-DBC21-PCR-FREE-ILMN-NOVASEQ-sent-sentd-DEL_50	DEL_50	Irl1-HG003-7x-150bp-0-DBC21-PCR-FREE-ILMN-NOVASEQ	2528531102.0	2528284551.0	17673.0	228878.0	2501.0	0.9577887975226498	0.9283190901679571	0.9999990107927033	0.010809105407145851	0.9891908945928541	0.9891908945928541	HG003	giabHC	-1	-2	sent	sentd
Irl1-HG003-7x-150bp-0-DBC21-PCR-FREE-ILMN-NOVASEQ-sent-sentd-DEL_gt50	DEL_gt50	Irl1-HG003-7x-150bp-0-DBC21-PCR-FREE-ILMN-NOVASEQ	2528531102.0	2528531102.0	0.0	0.0	24.0			0.9999999905083233	1.0	0.0	0.0	HG003	giabHC	-1	-2	sent	sentd
Irl1-HG003-7x-150bp-0-DBC21-PCR-FREE-ILMN-NOVASEQ-sent-sentd-Indel_50	Indel_50	Irl1-HG003-7x-150bp-0-DBC21-PCR-FREE-ILMN-NOVASEQ	2528531102.0	2528505717.0	1136.0	24249.0	13.0	0.9768566076500091	0.9552491628914713	0.9999999948586235	0.0005358173275080372	0.9994641826724919	0.9994641826724919	HG003	giabHC	-1	-2	sent	sentd
Irl1-HG003-7x-150bp-0-DBC21-PCR-FREE-ILMN-NOVASEQ-sent-sentd-Indel_gt50	Indel_gt50	Irl1-HG003-7x-150bp-0-DBC21-PCR-FREE-ILMN-NOVASEQ	2528531102.0	2528530749.0	28.0	325.0	0.0	0.9587020648967552	0.9206798866855525	1.0	0.0	1.0	1.0	HG003	giabHC	-1	-2	sent	sentd
Irl1-HG003-7x-150bp-0-DBC21-PCR-FREE-ILMN-NOVASEQ-sent-sentd-All	All	Irl1-HG003-7x-150bp-0-DBC21-PCR-FREE-ILMN-NOVASEQ	2528531102.0	2524700211.0	258322.0	3572569.0	36024.0	0.9604346215409563	0.9325686896338214	0.9999857315788079	0.009982838186517571	0.9900171618134824	0.9900171618134824	HG003	giabHC	-1	-2	sent	sentd
Irl1-HG003-7x-150bp-0-DBC21-PCR-FREE-ILMN-NOVASEQ-sent-sentd-SNPts	SNPts	Irl1-HG003-7x-150bp-0-DBC21-PCR-FREE-ILMN-NOVASEQ	332544085.0	332287250.0	13749.0	243086.0	1865.0	0.9688831493903775	0.9464675764595947	0.9999943874177161	0.007613767651489482	0.9923862323485105	0.9923862323485105	HG003	giabHC_x_ultima_x_clinvar	-1	-2	sent	sentd
Irl1-HG003-7x-150bp-0-DBC21-PCR-FREE-ILMN-NOVASEQ-sent-sentd-SNPtv	SNPtv	Irl1-HG003-7x-150bp-0-DBC21-PCR-FREE-ILMN-NOVASEQ	332544085.0	332429472.0	6280.0	108333.0	968.0	0.9676304295399126	0.945206913700889	0.9999970881126289	0.008856277618686013	0.991143722381314	0.991143722381314	HG003	giabHC_x_ultima_x_clinvar	-1	-2	sent	sentd
Irl1-HG003-7x-150bp-0-DBC21-PCR-FREE-ILMN-NOVASEQ-sent-sentd-INS_50	INS_50	Irl1-HG003-7x-150bp-0-DBC21-PCR-FREE-ILMN-NOVASEQ	332544085.0	332526469.0	996.0	16620.0	164.0	0.9662790697674419	0.9434604904632152	0.9999995068064217	0.009771210676835082	0.9902287893231649	0.9902287893231649	HG003	giabHC_x_ultima_x_clinvar	-1	-2	sent	sentd
Irl1-HG003-7x-150bp-0-DBC21-PCR-FREE-ILMN-NOVASEQ-sent-sentd-INS_gt50	INS_gt50	Irl1-HG003-7x-150bp-0-DBC21-PCR-FREE-ILMN-NOVASEQ	332544085.0	332544085.0	0.0	0.0	0.0			1.0				HG003	giabHC_x_ultima_x_clinvar	-1	-2	sent	sentd
Irl1-HG003-7x-150bp-0-DBC21-PCR-FREE-ILMN-NOVASEQ-sent-sentd-DEL_50	DEL_50	Irl1-HG003-7x-150bp-0-DBC21-PCR-FREE-ILMN-NOVASEQ	332544085.0	332525001.0	1274.0	17810.0	145.0	0.9616890304813844	0.9332425068119891	0.9999995639427521	0.00807574491785018	0.9919242550821499	0.9919242550821498	HG003	giabHC_x_ultima_x_clinvar	-1	-2	sent	sentd
Irl1-HG003-7x-150bp-0-DBC21-PCR-FREE-ILMN-NOVASEQ-sent-sentd-DEL_gt50	DEL_gt50	Irl1-HG003-7x-150bp-0-DBC21-PCR-FREE-ILMN-NOVASEQ	332544085.0	332544085.0	0.0	0.0	2.0			0.9999999939857599	1.0	0.0	0.0	HG003	giabHC_x_ultima_x_clinvar	-1	-2	sent	sentd
Irl1-HG003-7x-150bp-0-DBC21-PCR-FREE-ILMN-NOVASEQ-sent-sentd-Indel_50	Indel_50	Irl1-HG003-7x-150bp-0-DBC21-PCR-FREE-ILMN-NOVASEQ	332544085.0	332543063.0	41.0	981.0	0.0	0.9795307039440839	0.9598825831702544	1.0	0.0	1.0	1.0	HG003	giabHC_x_ultima_x_clinvar	-1	-2	sent	sentd
Irl1-HG003-7x-150bp-0-DBC21-PCR-FREE-ILMN-NOVASEQ-sent-sentd-Indel_gt50	Indel_gt50	Irl1-HG003-7x-150bp-0-DBC21-PCR-FREE-ILMN-NOVASEQ	332544085.0	332544060.0	2.0	23.0	0.0	0.9583333333333334	0.92	1.0	0.0	1.0	1.0	HG003	giabHC_x_ultima_x_clinvar	-1	-2	sent	sentd
Irl1-HG003-7x-150bp-0-DBC21-PCR-FREE-ILMN-NOVASEQ-sent-sentd-All	All	Irl1-HG003-7x-150bp-0-DBC21-PCR-FREE-ILMN-NOVASEQ	332544085.0	332134890.0	22342.0	386853.0	3144.0	0.9681102913943083	0.9454001148596635	0.9999905340560906	0.008061600473849798	0.9919383995261501	0.9919383995261501	HG003	giabHC_x_ultima_x_clinvar	-1	-2	sent	sentd
Irl1-HG003-7x-150bp-0-DBC21-PCR-FREE-ILMN-NOVASEQ-sent-sentd-SNPts	SNPts	Irl1-HG003-7x-150bp-0-DBC21-PCR-FREE-ILMN-NOVASEQ	2799325643.0	2797071480.0	141771.0	2112392.0	168160.0	0.9316536981927198	0.9371070326325115	0.9999398835918113	0.07373653396195307	0.9262634660380469	0.9262634660380469	HG003	ultima	-1	-2	sent	sentd
Irl1-HG003-7x-150bp-0-DBC21-PCR-FREE-ILMN-NOVASEQ-sent-sentd-SNPtv	SNPtv	Irl1-HG003-7x-150bp-0-DBC21-PCR-FREE-ILMN-NOVASEQ	2799325643.0	2798266895.0	68164.0	990584.0	92215.0	0.9251106793360128	0.9356182963273603	0.9999670467597706	0.08516354374172862	0.9148364562582714	0.9148364562582714	HG003	ultima	-1	-2	sent	sentd
Irl1-HG003-7x-150bp-0-DBC21-PCR-FREE-ILMN-NOVASEQ-sent-sentd-INS_50	INS_50	Irl1-HG003-7x-150bp-0-DBC21-PCR-FREE-ILMN-NOVASEQ	2799325643.0	2799159981.0	11074.0	154588.0	27417.0	0.8892877379791583	0.933153046564692	0.9999902053717377	0.15063871871651877	0.8493612812834812	0.8493612812834812	HG003	ultima	-1	-2	sent	sentd
Irl1-HG003-7x-150bp-0-DBC21-PCR-FREE-ILMN-NOVASEQ-sent-sentd-INS_gt50	INS_gt50	Irl1-HG003-7x-150bp-0-DBC21-PCR-FREE-ILMN-NOVASEQ	2799325643.0	2799325546.0	76.0	21.0	186.0	0.13815789473684212	0.21649484536082475	0.999999933555428	0.8985507246376812	0.10144927536231885	0.10144927536231885	HG003	ultima	-1	-2	sent	sentd
Irl1-HG003-7x-150bp-0-DBC21-PCR-FREE-ILMN-NOVASEQ-sent-sentd-DEL_50	DEL_50	Irl1-HG003-7x-150bp-0-DBC21-PCR-FREE-ILMN-NOVASEQ	2799325643.0	2799145941.0	12870.0	166832.0	35129.0	0.8742372197462158	0.9283814314810075	0.9999874502580857	0.17393952297720847	0.8260604770227915	0.8260604770227915	HG003	ultima	-1	-2	sent	sentd
Irl1-HG003-7x-150bp-0-DBC21-PCR-FREE-ILMN-NOVASEQ-sent-sentd-DEL_gt50	DEL_gt50	Irl1-HG003-7x-150bp-0-DBC21-PCR-FREE-ILMN-NOVASEQ	2799325643.0	2799325556.0	40.0	47.0	529.0	0.14177978883861236	0.5402298850574713	0.9999998110259456	0.9184027777777778	0.08159722222222221	0.08159722222222222	HG003	ultima	-1	-2	sent	sentd
Irl1-HG003-7x-150bp-0-DBC21-PCR-FREE-ILMN-NOVASEQ-sent-sentd-Indel_50	Indel_50	Irl1-HG003-7x-150bp-0-DBC21-PCR-FREE-ILMN-NOVASEQ	2799325643.0	2799311972.0	710.0	12961.0	1910.0	0.9082054516151636	0.9480652476044181	0.9999993176899481	0.12843789926702978	0.8715621007329702	0.8715621007329702	HG003	ultima	-1	-2	sent	sentd
Irl1-HG003-7x-150bp-0-DBC21-PCR-FREE-ILMN-NOVASEQ-sent-sentd-Indel_gt50	Indel_gt50	Irl1-HG003-7x-150bp-0-DBC21-PCR-FREE-ILMN-NOVASEQ	2799325643.0	2799324958.0	68.0	617.0	254.0	0.7930591259640103	0.9007299270072993	0.9999999092638473	0.29161882893226176	0.7083811710677382	0.7083811710677382	HG003	ultima	-1	-2	sent	sentd
Irl1-HG003-7x-150bp-0-DBC21-PCR-FREE-ILMN-NOVASEQ-sent-sentd-All	All	Irl1-HG003-7x-150bp-0-DBC21-PCR-FREE-ILMN-NOVASEQ	2799325643.0	2795652828.0	234773.0	3438042.0	325800.0	0.9246202964584759	0.9360781852611689	0.9998834755041626	0.086560487926964	0.913439512073036	0.913439512073036	HG003	ultima	-1	-2	sent	sentd
Irl1-HG003-7x-150bp-0-DBC21-PCR-FREE-ILMN-NOVASEQ-sent-sentd-SNPts	SNPts	Irl1-HG003-7x-150bp-0-DBC21-PCR-FREE-ILMN-NOVASEQ	337668665.0	337403128.0	15642.0	249895.0	2974.0	0.9640899217987446	0.941092955030749	0.9999911856958651	0.011761030414957943	0.9882389695850421	0.9882389695850421	HG003	giabHC_x_clinvar_genes	-1	-2	sent	sentd
Irl1-HG003-7x-150bp-0-DBC21-PCR-FREE-ILMN-NOVASEQ-sent-sentd-SNPtv	SNPtv	Irl1-HG003-7x-150bp-0-DBC21-PCR-FREE-ILMN-NOVASEQ	337668665.0	337548429.0	7241.0	112995.0	1512.0	0.9627124131496999	0.9397767723477162	0.9999955206628225	0.013204432916764914	0.9867955670832351	0.9867955670832351	HG003	giabHC_x_clinvar_genes	-1	-2	sent	sentd
Irl1-HG003-7x-150bp-0-DBC21-PCR-FREE-ILMN-NOVASEQ-sent-sentd-INS_50	INS_50	Irl1-HG003-7x-150bp-0-DBC21-PCR-FREE-ILMN-NOVASEQ	337668665.0	337642033.0	1699.0	24933.0	511.0	0.9575620247330825	0.9362045659357164	0.999998486565129	0.02008332023266782	0.9799166797673322	0.9799166797673322	HG003	giabHC_x_clinvar_genes	-1	-2	sent	sentd
Irl1-HG003-7x-150bp-0-DBC21-PCR-FREE-ILMN-NOVASEQ-sent-sentd-INS_gt50	INS_gt50	Irl1-HG003-7x-150bp-0-DBC21-PCR-FREE-ILMN-NOVASEQ	337668665.0	337668665.0	0.0	0.0	0.0			1.0				HG003	giabHC_x_clinvar_genes	-1	-2	sent	sentd
Irl1-HG003-7x-150bp-0-DBC21-PCR-FREE-ILMN-NOVASEQ-sent-sentd-DEL_50	DEL_50	Irl1-HG003-7x-150bp-0-DBC21-PCR-FREE-ILMN-NOVASEQ	337668665.0	337640403.0	1975.0	26287.0	298.0	0.9585574416102977	0.9301181798881891	0.9999991174049837	0.011209328568741772	0.9887906714312582	0.9887906714312582	HG003	giabHC_x_clinvar_genes	-1	-2	sent	sentd
Irl1-HG003-7x-150bp-0-DBC21-PCR-FREE-ILMN-NOVASEQ-sent-sentd-DEL_gt50	DEL_gt50	Irl1-HG003-7x-150bp-0-DBC21-PCR-FREE-ILMN-NOVASEQ	337668665.0	337668665.0	0.0	0.0	2.0			0.9999999940770341	1.0	0.0	0.0	HG003	giabHC_x_clinvar_genes	-1	-2	sent	sentd
Irl1-HG003-7x-150bp-0-DBC21-PCR-FREE-ILMN-NOVASEQ-sent-sentd-Indel_50	Indel_50	Irl1-HG003-7x-150bp-0-DBC21-PCR-FREE-ILMN-NOVASEQ	337668665.0	337666105.0	89.0	2471.0	0.0	0.9823096799840986	0.965234375	1.0	0.0	1.0	1.0	HG003	giabHC_x_clinvar_genes	-1	-2	sent	sentd
Irl1-HG003-7x-150bp-0-DBC21-PCR-FREE-ILMN-NOVASEQ-sent-sentd-Indel_gt50	Indel_gt50	Irl1-HG003-7x-150bp-0-DBC21-PCR-FREE-ILMN-NOVASEQ	337668665.0	337668631.0	4.0	30.0	0.0	0.9375	0.8823529411764706	1.0	0.0	1.0	1.0	HG003	giabHC_x_clinvar_genes	-1	-2	sent	sentd
Irl1-HG003-7x-150bp-0-DBC21-PCR-FREE-ILMN-NOVASEQ-sent-sentd-All	All	Irl1-HG003-7x-150bp-0-DBC21-PCR-FREE-ILMN-NOVASEQ	337668665.0	337225404.0	26650.0	416611.0	5297.0	0.9630742664150009	0.9398774085696688	0.9999842926519315	0.01255486978203779	0.9874451302179622	0.9874451302179622	HG003	giabHC_x_clinvar_genes	-1	-2	sent	sentd
Irl1-HG003-7x-150bp-0-DBC21-PCR-FREE-ILMN-NOVASEQ-sent-sentd-SNPts	SNPts	Irl1-HG003-7x-150bp-0-DBC21-PCR-FREE-ILMN-NOVASEQ	377862616.0	377589403.0	16809.0	256404.0	38746.0	0.9022543691267729	0.9384765732230896	0.9998973964199899	0.13127562256479755	0.8687243774352025	0.8687243774352025	HG003	clinvar_genes	-1	-2	sent	sentd
Irl1-HG003-7x-150bp-0-DBC21-PCR-FREE-ILMN-NOVASEQ-sent-sentd-SNPtv	SNPtv	Irl1-HG003-7x-150bp-0-DBC21-PCR-FREE-ILMN-NOVASEQ	377862616.0	377738315.0	7868.0	116433.0	22552.0	0.8844602447528542	0.9367020377953517	0.9999403008570499	0.16226211461668524	0.8377378853833147	0.8377378853833147	HG003	clinvar_genes	-1	-2	sent	sentd
Irl1-HG003-7x-150bp-0-DBC21-PCR-FREE-ILMN-NOVASEQ-sent-sentd-INS_50	INS_50	Irl1-HG003-7x-150bp-0-DBC21-PCR-FREE-ILMN-NOVASEQ	377862616.0	377833054.0	2111.0	27451.0	16501.0	0.7468237342546997	0.9285907584060619	0.9999563291797445	0.3754322897706589	0.6245677102293411	0.6245677102293411	HG003	clinvar_genes	-1	-2	sent	sentd
Irl1-HG003-7x-150bp-0-DBC21-PCR-FREE-ILMN-NOVASEQ-sent-sentd-INS_gt50	INS_gt50	Irl1-HG003-7x-150bp-0-DBC21-PCR-FREE-ILMN-NOVASEQ	377862616.0	377862586.0	20.0	10.0	128.0	0.11904761904761905	0.3333333333333333	0.9999996612526315	0.927536231884058	0.07246376811594202	0.07246376811594203	HG003	clinvar_genes	-1	-2	sent	sentd
Irl1-HG003-7x-150bp-0-DBC21-PCR-FREE-ILMN-NOVASEQ-sent-sentd-DEL_50	DEL_50	Irl1-HG003-7x-150bp-0-DBC21-PCR-FREE-ILMN-NOVASEQ	377862616.0	377831327.0	2321.0	28968.0	16666.0	0.7531687531687531	0.9258205759212503	0.99995589231567	0.36521015032651094	0.6347898496734891	0.6347898496734891	HG003	clinvar_genes	-1	-2	sent	sentd
Irl1-HG003-7x-150bp-0-DBC21-PCR-FREE-ILMN-NOVASEQ-sent-sentd-DEL_gt50	DEL_gt50	Irl1-HG003-7x-150bp-0-DBC21-PCR-FREE-ILMN-NOVASEQ	377862616.0	377862599.0	10.0	7.0	194.0	0.06422018348623854	0.4117647058823529	0.999999486586127	0.9651741293532339	0.03482587064676612	0.03482587064676617	HG003	clinvar_genes	-1	-2	sent	sentd
Irl1-HG003-7x-150bp-0-DBC21-PCR-FREE-ILMN-NOVASEQ-sent-sentd-Indel_50	Indel_50	Irl1-HG003-7x-150bp-0-DBC21-PCR-FREE-ILMN-NOVASEQ	377862616.0	377859357.0	163.0	3096.0	2461.0	0.7023593466424682	0.9499846578705125	0.9999934870371052	0.4428648551376642	0.5571351448623358	0.5571351448623358	HG003	clinvar_genes	-1	-2	sent	sentd
Irl1-HG003-7x-150bp-0-DBC21-PCR-FREE-ILMN-NOVASEQ-sent-sentd-Indel_gt50	Indel_gt50	Irl1-HG003-7x-150bp-0-DBC21-PCR-FREE-ILMN-NOVASEQ	377862616.0	377862501.0	21.0	94.0	119.0	0.573170731707317	0.8173913043478261	0.9999996850707276	0.5586854460093896	0.44131455399061037	0.4413145539906103	HG003	clinvar_genes	-1	-2	sent	sentd
Irl1-HG003-7x-150bp-0-DBC21-PCR-FREE-ILMN-NOVASEQ-sent-sentd-All	All	Irl1-HG003-7x-150bp-0-DBC21-PCR-FREE-ILMN-NOVASEQ	377862616.0	377400830.0	29323.0	432463.0	97367.0	0.8722388505227829	0.9365008900226511	0.9997420729402848	0.1837702659343563	0.8162297340656437	0.8162297340656437	HG003	clinvar_genes	-1	-2	sent	sentd
Irl1-HG003-7x-150bp-0-DBC21-PCR-FREE-ILMN-NOVASEQ-sent-sentd-SNPts	SNPts	Irl1-HG003-7x-150bp-0-DBC21-PCR-FREE-ILMN-NOVASEQ	2505355380.0	2503152288.0	136228.0	2066864.0	14076.0	0.9649152947503661	0.9381650879763532	0.9999943767221379	0.0067642507712860536	0.9932357492287139	0.9932357492287139	HG003	giabHC_x_ultima	-1	-2	sent	sentd
Irl1-HG003-7x-150bp-0-DBC21-PCR-FREE-ILMN-NOVASEQ-sent-sentd-SNPtv	SNPtv	Irl1-HG003-7x-150bp-0-DBC21-PCR-FREE-ILMN-NOVASEQ	2505355380.0	2504320923.0	65486.0	968971.0	7371.0	0.9637671393311812	0.9366952903793971	0.9999970566957944	0.007549608641234322	0.9924503913587657	0.9924503913587657	HG003	giabHC_x_ultima	-1	-2	sent	sentd
Irl1-HG003-7x-150bp-0-DBC21-PCR-FREE-ILMN-NOVASEQ-sent-sentd-INS_50	INS_50	Irl1-HG003-7x-150bp-0-DBC21-PCR-FREE-ILMN-NOVASEQ	2505355380.0	2505200372.0	9955.0	145053.0	1410.0	0.962301514905248	0.9357775082576383	0.9999994371710853	0.009627004772536408	0.9903729952274636	0.9903729952274636	HG003	giabHC_x_ultima	-1	-2	sent	sentd
Irl1-HG003-7x-150bp-0-DBC21-PCR-FREE-ILMN-NOVASEQ-sent-sentd-INS_gt50	INS_gt50	Irl1-HG003-7x-150bp-0-DBC21-PCR-FREE-ILMN-NOVASEQ	2505355380.0	2505355380.0	0.0	0.0	0.0			1.0				HG003	giabHC_x_ultima	-1	-2	sent	sentd
Irl1-HG003-7x-150bp-0-DBC21-PCR-FREE-ILMN-NOVASEQ-sent-sentd-DEL_50	DEL_50	Irl1-HG003-7x-150bp-0-DBC21-PCR-FREE-ILMN-NOVASEQ	2505355380.0	2505188256.0	11610.0	155514.0	1165.0	0.9605469992557202	0.9305306239678323	0.9999995349653044	0.00743558485821329	0.9925644151417867	0.9925644151417867	HG003	giabHC_x_ultima	-1	-2	sent	sentd
Irl1-HG003-7x-150bp-0-DBC21-PCR-FREE-ILMN-NOVASEQ-sent-sentd-DEL_gt50	DEL_gt50	Irl1-HG003-7x-150bp-0-DBC21-PCR-FREE-ILMN-NOVASEQ	2505355380.0	2505355380.0	0.0	0.0	22.0			0.9999999912188107	1.0	0.0	0.0	HG003	giabHC_x_ultima	-1	-2	sent	sentd
Irl1-HG003-7x-150bp-0-DBC21-PCR-FREE-ILMN-NOVASEQ-sent-sentd-Indel_50	Indel_50	Irl1-HG003-7x-150bp-0-DBC21-PCR-FREE-ILMN-NOVASEQ	2505355380.0	2505344444.0	526.0	10410.0	4.0	0.975175644028103	0.9519019751280176	0.9999999984034131	0.0003840983291722681	0.9996159016708277	0.9996159016708277	HG003	giabHC_x_ultima	-1	-2	sent	sentd
Irl1-HG003-7x-150bp-0-DBC21-PCR-FREE-ILMN-NOVASEQ-sent-sentd-Indel_gt50	Indel_gt50	Irl1-HG003-7x-150bp-0-DBC21-PCR-FREE-ILMN-NOVASEQ	2505355380.0	2505355109.0	13.0	258.0	0.0	0.9754253308128544	0.9520295202952029	1.0	0.0	1.0	1.0	HG003	giabHC_x_ultima	-1	-2	sent	sentd
Irl1-HG003-7x-150bp-0-DBC21-PCR-FREE-ILMN-NOVASEQ-sent-sentd-All	All	Irl1-HG003-7x-150bp-0-DBC21-PCR-FREE-ILMN-NOVASEQ	2505355380.0	2501784492.0	223818.0	3347070.0	24048.0	0.9642947586043573	0.9373214729781499	0.9999903877536528	0.007133538487825108	0.992866461512175	0.992866461512175	HG003	giabHC_x_ultima	-1	-2	sent	sentd
Irl1-HG003-7x-50bp-0-DBC27-PCR-FREE-ILMN-NOVASEQ-sent-sentd-SNPts	SNPts	Irl1-HG003-7x-50bp-0-DBC27-PCR-FREE-ILMN-NOVASEQ	2528531102.0	2526276104.0	1154437.0	1100561.0	8405.0	0.6543238869381479	0.4880540914005245	0.9999966729796387	0.007579132272765802	0.9924208677272341	0.9924208677272341	HG003	giabHC	-1	-2	sent	sentd
Irl1-HG003-7x-50bp-0-DBC27-PCR-FREE-ILMN-NOVASEQ-sent-sentd-SNPtv	SNPtv	Irl1-HG003-7x-50bp-0-DBC27-PCR-FREE-ILMN-NOVASEQ	2528531102.0	2527459008.0	551296.0	520798.0	5074.0	0.651826133972813	0.4857764337828586	0.9999979924541614	0.009648735814038398	0.9903512641859616	0.9903512641859616	HG003	giabHC	-1	-2	sent	sentd
Irl1-HG003-7x-50bp-0-DBC27-PCR-FREE-ILMN-NOVASEQ-sent-sentd-INS_50	INS_50	Irl1-HG003-7x-50bp-0-DBC27-PCR-FREE-ILMN-NOVASEQ	2528531102.0	2528296792.0	115324.0	118986.0	6553.0	0.6613107164393954	0.5078144338696599	0.9999974081432859	0.05219891826444372	0.9478010817355563	0.9478010817355563	HG003	giabHC	-1	-2	sent	sentd
Irl1-HG003-7x-50bp-0-DBC27-PCR-FREE-ILMN-NOVASEQ-sent-sentd-INS_gt50	INS_gt50	Irl1-HG003-7x-50bp-0-DBC27-PCR-FREE-ILMN-NOVASEQ	2528531102.0	2528531101.0	1.0	0.0	0.0		0.0	1.0				HG003	giabHC	-1	-2	sent	sentd
Irl1-HG003-7x-50bp-0-DBC27-PCR-FREE-ILMN-NOVASEQ-sent-sentd-DEL_50	DEL_50	Irl1-HG003-7x-50bp-0-DBC27-PCR-FREE-ILMN-NOVASEQ	2528531102.0	2528282139.0	118844.0	130119.0	6558.0	0.6748210766517996	0.5226439270092343	0.9999974061506474	0.04798173796615378	0.9520182620338462	0.9520182620338462	HG003	giabHC	-1	-2	sent	sentd
Irl1-HG003-7x-50bp-0-DBC27-PCR-FREE-ILMN-NOVASEQ-sent-sentd-DEL_gt50	DEL_gt50	Irl1-HG003-7x-50bp-0-DBC27-PCR-FREE-ILMN-NOVASEQ	2528531102.0	2528531102.0	0.0	0.0	35.0			0.9999999861579715	1.0	0.0	0.0	HG003	giabHC	-1	-2	sent	sentd
Irl1-HG003-7x-50bp-0-DBC27-PCR-FREE-ILMN-NOVASEQ-sent-sentd-Indel_50	Indel_50	Irl1-HG003-7x-50bp-0-DBC27-PCR-FREE-ILMN-NOVASEQ	2528531102.0	2528510646.0	16063.0	4393.0	66.0	0.3526389725065222	0.21475361752053188	0.9999999738976784	0.014801525005606638	0.9851984749943934	0.9851984749943934	HG003	giabHC	-1	-2	sent	sentd
Irl1-HG003-7x-50bp-0-DBC27-PCR-FREE-ILMN-NOVASEQ-sent-sentd-Indel_gt50	Indel_gt50	Irl1-HG003-7x-50bp-0-DBC27-PCR-FREE-ILMN-NOVASEQ	2528531102.0	2528530674.0	427.0	1.0	0.0	0.004662004662004662	0.002336448598130841	1.0	0.0	1.0	1.0	HG003	giabHC	-1	-2	sent	sentd
Irl1-HG003-7x-50bp-0-DBC27-PCR-FREE-ILMN-NOVASEQ-sent-sentd-All	All	Irl1-HG003-7x-50bp-0-DBC27-PCR-FREE-ILMN-NOVASEQ	2528531102.0	2524699852.0	1956392.0	1874858.0	26691.0	0.6540811914040593	0.4893593474714519	0.9999894281620028	0.014036451335200933	0.9859635486647991	0.9859635486647991	HG003	giabHC	-1	-2	sent	sentd
Irl1-HG003-7x-50bp-0-DBC27-PCR-FREE-ILMN-NOVASEQ-sent-sentd-SNPts	SNPts	Irl1-HG003-7x-50bp-0-DBC27-PCR-FREE-ILMN-NOVASEQ	688815815.0	688747720.0	38373.0	29722.0	146550.0	0.2432570682620812	0.43647844922534695	0.9997872677907453	0.8313855859126804	0.1686144140873196	0.1686144140873196	HG003	hg38_m_giabHC	-1	-2	sent	sentd
Irl1-HG003-7x-50bp-0-DBC27-PCR-FREE-ILMN-NOVASEQ-sent-sentd-SNPtv	SNPtv	Irl1-HG003-7x-50bp-0-DBC27-PCR-FREE-ILMN-NOVASEQ	688815815.0	688780595.0	19856.0	15364.0	97630.0	0.20732184543970206	0.4362294151050539	0.9998582768384063	0.8640281784873534	0.13597182151264664	0.1359718215126467	HG003	hg38_m_giabHC	-1	-2	sent	sentd
Irl1-HG003-7x-50bp-0-DBC27-PCR-FREE-ILMN-NOVASEQ-sent-sentd-INS_50	INS_50	Irl1-HG003-7x-50bp-0-DBC27-PCR-FREE-ILMN-NOVASEQ	688815815.0	688788114.0	16882.0	10819.0	71953.0	0.19586686339648604	0.3905635175625429	0.9998955477266764	0.8692915478664283	0.13070845213357174	0.13070845213357174	HG003	hg38_m_giabHC	-1	-2	sent	sentd
Irl1-HG003-7x-50bp-0-DBC27-PCR-FREE-ILMN-NOVASEQ-sent-sentd-INS_gt50	INS_gt50	Irl1-HG003-7x-50bp-0-DBC27-PCR-FREE-ILMN-NOVASEQ	688815815.0	688815578.0	236.0	1.0	12.0	0.007999999999999998	0.004219409282700422	0.9999999825787915	0.9230769230769231	0.07692307692307687	0.07692307692307693	HG003	hg38_m_giabHC	-1	-2	sent	sentd
Irl1-HG003-7x-50bp-0-DBC27-PCR-FREE-ILMN-NOVASEQ-sent-sentd-DEL_50	DEL_50	Irl1-HG003-7x-50bp-0-DBC27-PCR-FREE-ILMN-NOVASEQ	688815815.0	688787834.0	16044.0	11937.0	79292.0	0.20026843385622012	0.42661091454915834	0.9998848950733643	0.8691534490129236	0.13084655098707643	0.13084655098707648	HG003	hg38_m_giabHC	-1	-2	sent	sentd
Irl1-HG003-7x-50bp-0-DBC27-PCR-FREE-ILMN-NOVASEQ-sent-sentd-DEL_gt50	DEL_gt50	Irl1-HG003-7x-50bp-0-DBC27-PCR-FREE-ILMN-NOVASEQ	688815815.0	688815677.0	126.0	12.0	213.0	0.06611570247933883	0.08695652173913043	0.9999996907736841	0.9466666666666667	0.053333333333333344	0.05333333333333334	HG003	hg38_m_giabHC	-1	-2	sent	sentd
Irl1-HG003-7x-50bp-0-DBC27-PCR-FREE-ILMN-NOVASEQ-sent-sentd-Indel_50	Indel_50	Irl1-HG003-7x-50bp-0-DBC27-PCR-FREE-ILMN-NOVASEQ	688815815.0	688808296.0	6891.0	628.0	3907.0	0.10419777667164427	0.08352174491288736	0.9999943279169808	0.8615214994487321	0.13847850055126787	0.13847850055126792	HG003	hg38_m_giabHC	-1	-2	sent	sentd
Irl1-HG003-7x-50bp-0-DBC27-PCR-FREE-ILMN-NOVASEQ-sent-sentd-Indel_gt50	Indel_gt50	Irl1-HG003-7x-50bp-0-DBC27-PCR-FREE-ILMN-NOVASEQ	688815815.0	688814659.0	1147.0	9.0	9.0	0.015332197614991482	0.007785467128027681	0.9999999869340761	0.5	0.5	0.5	HG003	hg38_m_giabHC	-1	-2	sent	sentd
Irl1-HG003-7x-50bp-0-DBC27-PCR-FREE-ILMN-NOVASEQ-sent-sentd-All	All	Irl1-HG003-7x-50bp-0-DBC27-PCR-FREE-ILMN-NOVASEQ	688815815.0	688647768.0	99555.0	68492.0	399566.0	0.21534809504720134	0.40757645182597724	0.9994201182120821	0.8536677078481727	0.1463322921518273	0.14633229215182733	HG003	hg38_m_giabHC	-1	-2	sent	sentd
Irl1-HG003-7x-50bp-0-DBC27-PCR-FREE-ILMN-NOVASEQ-sent-sentd-SNPts	SNPts	Irl1-HG003-7x-50bp-0-DBC27-PCR-FREE-ILMN-NOVASEQ	3088286401.0	3085963320.0	1192810.0	1130271.0	154955.0	0.6264827244466726	0.4865396428277791	0.9999497896755107	0.1205663439737447	0.8794336560262553	0.8794336560262553	HG003	hg38	-1	-2	sent	sentd
Irl1-HG003-7x-50bp-0-DBC27-PCR-FREE-ILMN-NOVASEQ-sent-sentd-SNPtv	SNPtv	Irl1-HG003-7x-50bp-0-DBC27-PCR-FREE-ILMN-NOVASEQ	3088286401.0	3087179091.0	571152.0	536158.0	102704.0	0.6140952895820114	0.48419864355961745	0.999966733195471	0.1607608528915478	0.8392391471084522	0.8392391471084523	HG003	hg38	-1	-2	sent	sentd
Irl1-HG003-7x-50bp-0-DBC27-PCR-FREE-ILMN-NOVASEQ-sent-sentd-INS_50	INS_50	Irl1-HG003-7x-50bp-0-DBC27-PCR-FREE-ILMN-NOVASEQ	3088286401.0	3088024311.0	132247.0	129843.0	78506.0	0.5520078054753114	0.49541378915639667	0.9999745779189838	0.3768004646050617	0.6231995353949382	0.6231995353949383	HG003	hg38	-1	-2	sent	sentd
Irl1-HG003-7x-50bp-0-DBC27-PCR-FREE-ILMN-NOVASEQ-sent-sentd-INS_gt50	INS_gt50	Irl1-HG003-7x-50bp-0-DBC27-PCR-FREE-ILMN-NOVASEQ	3088286401.0	3088286163.0	237.0	1.0	12.0	0.00796812749003984	0.004201680672268907	0.9999999961143498	0.9230769230769231	0.07692307692307687	0.07692307692307693	HG003	hg38	-1	-2	sent	sentd
Irl1-HG003-7x-50bp-0-DBC27-PCR-FREE-ILMN-NOVASEQ-sent-sentd-DEL_50	DEL_50	Irl1-HG003-7x-50bp-0-DBC27-PCR-FREE-ILMN-NOVASEQ	3088286401.0	3088009650.0	134773.0	141978.0	85843.0	0.5627660670825967	0.5130171164693171	0.9999722019606601	0.37680020718019847	0.6231997928198015	0.6231997928198015	HG003	hg38	-1	-2	sent	sentd
Irl1-HG003-7x-50bp-0-DBC27-PCR-FREE-ILMN-NOVASEQ-sent-sentd-DEL_gt50	DEL_gt50	Irl1-HG003-7x-50bp-0-DBC27-PCR-FREE-ILMN-NOVASEQ	3088286401.0	3088286263.0	126.0	12.0	248.0	0.06030150753768845	0.08695652173913043	0.9999999196965699	0.9538461538461539	0.0461538461538461	0.046153846153846156	HG003	hg38	-1	-2	sent	sentd
Irl1-HG003-7x-50bp-0-DBC27-PCR-FREE-ILMN-NOVASEQ-sent-sentd-Indel_50	Indel_50	Irl1-HG003-7x-50bp-0-DBC27-PCR-FREE-ILMN-NOVASEQ	3088286401.0	3088258427.0	22953.0	5021.0	3973.0	0.27164033758926637	0.1794880960892257	0.9999987135160535	0.44173893706915723	0.5582610629308428	0.5582610629308428	HG003	hg38	-1	-2	sent	sentd
Irl1-HG003-7x-50bp-0-DBC27-PCR-FREE-ILMN-NOVASEQ-sent-sentd-Indel_gt50	Indel_gt50	Irl1-HG003-7x-50bp-0-DBC27-PCR-FREE-ILMN-NOVASEQ	3088286401.0	3088284819.0	1572.0	10.0	9.0	0.012492192379762646	0.006321112515802781	0.999999997085761	0.47368421052631576	0.5263157894736843	0.5263157894736842	HG003	hg38	-1	-2	sent	sentd
Irl1-HG003-7x-50bp-0-DBC27-PCR-FREE-ILMN-NOVASEQ-sent-sentd-All	All	Irl1-HG003-7x-50bp-0-DBC27-PCR-FREE-ILMN-NOVASEQ	3088286401.0	3084287237.0	2055870.0	1943294.0	426250.0	0.6102631805383446	0.48592505833719246	0.9998618186091524	0.1798869318316098	0.8201130681683901	0.8201130681683902	HG003	hg38	-1	-2	sent	sentd
Irl1-HG003-7x-50bp-0-DBC27-PCR-FREE-ILMN-NOVASEQ-sent-sentd-SNPts	SNPts	Irl1-HG003-7x-50bp-0-DBC27-PCR-FREE-ILMN-NOVASEQ	337668665.0	337403081.0	129218.0	136366.0	1685.0	0.6756896701227595	0.5134571359720466	0.9999950059982259	0.0122056341496983	0.9877943658503017	0.9877943658503017	HG003	giabHC_x_clinvar_genes	-1	-2	sent	sentd
Irl1-HG003-7x-50bp-0-DBC27-PCR-FREE-ILMN-NOVASEQ-sent-sentd-SNPtv	SNPtv	Irl1-HG003-7x-50bp-0-DBC27-PCR-FREE-ILMN-NOVASEQ	337668665.0	337548381.0	58351.0	61933.0	903.0	0.6764198339886414	0.5148897608992052	0.9999973248350899	0.014370742886243555	0.9856292571137565	0.9856292571137565	HG003	giabHC_x_clinvar_genes	-1	-2	sent	sentd
Irl1-HG003-7x-50bp-0-DBC27-PCR-FREE-ILMN-NOVASEQ-sent-sentd-INS_50	INS_50	Irl1-HG003-7x-50bp-0-DBC27-PCR-FREE-ILMN-NOVASEQ	337668665.0	337641831.0	12806.0	14028.0	798.0	0.6734517522803649	0.5227696206305433	0.9999976365543581	0.053824362606232294	0.9461756373937678	0.9461756373937678	HG003	giabHC_x_clinvar_genes	-1	-2	sent	sentd
Irl1-HG003-7x-50bp-0-DBC27-PCR-FREE-ILMN-NOVASEQ-sent-sentd-INS_gt50	INS_gt50	Irl1-HG003-7x-50bp-0-DBC27-PCR-FREE-ILMN-NOVASEQ	337668665.0	337668665.0	0.0	0.0	0.0			1.0				HG003	giabHC_x_clinvar_genes	-1	-2	sent	sentd
Irl1-HG003-7x-50bp-0-DBC27-PCR-FREE-ILMN-NOVASEQ-sent-sentd-DEL_50	DEL_50	Irl1-HG003-7x-50bp-0-DBC27-PCR-FREE-ILMN-NOVASEQ	337668665.0	337640081.0	13353.0	15231.0	778.0	0.6831116991456059	0.5328505457598657	0.9999976957765055	0.04859766381410457	0.9514023361858954	0.9514023361858954	HG003	giabHC_x_clinvar_genes	-1	-2	sent	sentd
Irl1-HG003-7x-50bp-0-DBC27-PCR-FREE-ILMN-NOVASEQ-sent-sentd-DEL_gt50	DEL_gt50	Irl1-HG003-7x-50bp-0-DBC27-PCR-FREE-ILMN-NOVASEQ	337668665.0	337668665.0	0.0	0.0	10.0			0.9999999703851712	1.0	0.0	0.0	HG003	giabHC_x_clinvar_genes	-1	-2	sent	sentd
Irl1-HG003-7x-50bp-0-DBC27-PCR-FREE-ILMN-NOVASEQ-sent-sentd-Indel_50	Indel_50	Irl1-HG003-7x-50bp-0-DBC27-PCR-FREE-ILMN-NOVASEQ	337668665.0	337666686.0	1514.0	465.0	8.0	0.3792822185970636	0.23496715512885297	0.999999976307998	0.016913319238900635	0.9830866807610994	0.9830866807610994	HG003	giabHC_x_clinvar_genes	-1	-2	sent	sentd
Irl1-HG003-7x-50bp-0-DBC27-PCR-FREE-ILMN-NOVASEQ-sent-sentd-Indel_gt50	Indel_gt50	Irl1-HG003-7x-50bp-0-DBC27-PCR-FREE-ILMN-NOVASEQ	337668665.0	337668625.0	40.0	0.0	0.0		0.0	1.0				HG003	giabHC_x_clinvar_genes	-1	-2	sent	sentd
Irl1-HG003-7x-50bp-0-DBC27-PCR-FREE-ILMN-NOVASEQ-sent-sentd-All	All	Irl1-HG003-7x-50bp-0-DBC27-PCR-FREE-ILMN-NOVASEQ	337668665.0	337225360.0	215282.0	228023.0	4182.0	0.675113617859099	0.5143704672855032	0.9999875989512211	0.018009948106199263	0.9819900518938007	0.9819900518938007	HG003	giabHC_x_clinvar_genes	-1	-2	sent	sentd
Irl1-HG003-7x-50bp-0-DBC27-PCR-FREE-ILMN-NOVASEQ-sent-sentd-SNPts	SNPts	Irl1-HG003-7x-50bp-0-DBC27-PCR-FREE-ILMN-NOVASEQ	332544085.0	332287261.0	123164.0	133660.0	1205.0	0.6824802330420308	0.520434227330779	0.999996373632782	0.008934860786712639	0.9910651392132873	0.9910651392132873	HG003	giabHC_x_ultima_x_clinvar	-1	-2	sent	sentd
Irl1-HG003-7x-50bp-0-DBC27-PCR-FREE-ILMN-NOVASEQ-sent-sentd-SNPtv	SNPtv	Irl1-HG003-7x-50bp-0-DBC27-PCR-FREE-ILMN-NOVASEQ	332544085.0	332429476.0	54794.0	59815.0	680.0	0.6831939875730993	0.5219049114816463	0.9999979544575373	0.0112405983965617	0.9887594016034383	0.9887594016034383	HG003	giabHC_x_ultima_x_clinvar	-1	-2	sent	sentd
Irl1-HG003-7x-50bp-0-DBC27-PCR-FREE-ILMN-NOVASEQ-sent-sentd-INS_50	INS_50	Irl1-HG003-7x-50bp-0-DBC27-PCR-FREE-ILMN-NOVASEQ	332544085.0	332526492.0	8892.0	8701.0	232.0	0.6560355877252507	0.4945717046552606	0.9999993023117143	0.025971118325310644	0.9740288816746894	0.9740288816746894	HG003	giabHC_x_ultima_x_clinvar	-1	-2	sent	sentd
Irl1-HG003-7x-50bp-0-DBC27-PCR-FREE-ILMN-NOVASEQ-sent-sentd-INS_gt50	INS_gt50	Irl1-HG003-7x-50bp-0-DBC27-PCR-FREE-ILMN-NOVASEQ	332544085.0	332544085.0	0.0	0.0	0.0			1.0				HG003	giabHC_x_ultima_x_clinvar	-1	-2	sent	sentd
Irl1-HG003-7x-50bp-0-DBC27-PCR-FREE-ILMN-NOVASEQ-sent-sentd-DEL_50	DEL_50	Irl1-HG003-7x-50bp-0-DBC27-PCR-FREE-ILMN-NOVASEQ	332544085.0	332524946.0	9768.0	9371.0	320.0	0.650086715227194	0.48962850723653273	0.9999990376671107	0.033020328139510884	0.9669796718604892	0.9669796718604892	HG003	giabHC_x_ultima_x_clinvar	-1	-2	sent	sentd
Irl1-HG003-7x-50bp-0-DBC27-PCR-FREE-ILMN-NOVASEQ-sent-sentd-DEL_gt50	DEL_gt50	Irl1-HG003-7x-50bp-0-DBC27-PCR-FREE-ILMN-NOVASEQ	332544085.0	332544085.0	0.0	0.0	9.0			0.9999999729359199	1.0	0.0	0.0	HG003	giabHC_x_ultima_x_clinvar	-1	-2	sent	sentd
Irl1-HG003-7x-50bp-0-DBC27-PCR-FREE-ILMN-NOVASEQ-sent-sentd-Indel_50	Indel_50	Irl1-HG003-7x-50bp-0-DBC27-PCR-FREE-ILMN-NOVASEQ	332544085.0	332543150.0	851.0	84.0	4.0	0.16422287390029328	0.08983957219251337	0.9999999879714859	0.045454545454545456	0.9545454545454546	0.9545454545454546	HG003	giabHC_x_ultima_x_clinvar	-1	-2	sent	sentd
Irl1-HG003-7x-50bp-0-DBC27-PCR-FREE-ILMN-NOVASEQ-sent-sentd-Indel_gt50	Indel_gt50	Irl1-HG003-7x-50bp-0-DBC27-PCR-FREE-ILMN-NOVASEQ	332544085.0	332544058.0	27.0	0.0	0.0		0.0	1.0				HG003	giabHC_x_ultima_x_clinvar	-1	-2	sent	sentd
Irl1-HG003-7x-50bp-0-DBC27-PCR-FREE-ILMN-NOVASEQ-sent-sentd-All	All	Irl1-HG003-7x-50bp-0-DBC27-PCR-FREE-ILMN-NOVASEQ	332544085.0	332134958.0	197496.0	211631.0	2450.0	0.6791665062065955	0.5172745871086484	0.9999926235348955	0.011444266422522316	0.9885557335774777	0.9885557335774777	HG003	giabHC_x_ultima_x_clinvar	-1	-2	sent	sentd
Irl1-HG003-7x-50bp-0-DBC27-PCR-FREE-ILMN-NOVASEQ-sent-sentd-SNPts	SNPts	Irl1-HG003-7x-50bp-0-DBC27-PCR-FREE-ILMN-NOVASEQ	377862616.0	377589342.0	133583.0	139691.0	19197.0	0.6464751644059403	0.5111755966539078	0.9999491616369406	0.12082095564170989	0.8791790443582901	0.8791790443582901	HG003	clinvar_genes	-1	-2	sent	sentd
Irl1-HG003-7x-50bp-0-DBC27-PCR-FREE-ILMN-NOVASEQ-sent-sentd-SNPtv	SNPtv	Irl1-HG003-7x-50bp-0-DBC27-PCR-FREE-ILMN-NOVASEQ	377862616.0	377738245.0	60646.0	63725.0	11429.0	0.6387670717955143	0.5123782875429159	0.9999697445139291	0.1520744072171807	0.8479255927828193	0.8479255927828193	HG003	clinvar_genes	-1	-2	sent	sentd
Irl1-HG003-7x-50bp-0-DBC27-PCR-FREE-ILMN-NOVASEQ-sent-sentd-INS_50	INS_50	Irl1-HG003-7x-50bp-0-DBC27-PCR-FREE-ILMN-NOVASEQ	377862616.0	377832870.0	14499.0	15247.0	8961.0	0.5651851577269525	0.5125731190748336	0.9999762837270392	0.3701668869795109	0.629833113020489	0.629833113020489	HG003	clinvar_genes	-1	-2	sent	sentd
Irl1-HG003-7x-50bp-0-DBC27-PCR-FREE-ILMN-NOVASEQ-sent-sentd-INS_gt50	INS_gt50	Irl1-HG003-7x-50bp-0-DBC27-PCR-FREE-ILMN-NOVASEQ	377862616.0	377862586.0	30.0	0.0	4.0		0.0	0.9999999894141413	1.0	0.0	0.0	HG003	clinvar_genes	-1	-2	sent	sentd
Irl1-HG003-7x-50bp-0-DBC27-PCR-FREE-ILMN-NOVASEQ-sent-sentd-DEL_50	DEL_50	Irl1-HG003-7x-50bp-0-DBC27-PCR-FREE-ILMN-NOVASEQ	377862616.0	377831104.0	14997.0	16515.0	9657.0	0.5726024547534845	0.5240860624523991	0.9999744416140428	0.3689821182943604	0.6310178817056395	0.6310178817056397	HG003	clinvar_genes	-1	-2	sent	sentd
Irl1-HG003-7x-50bp-0-DBC27-PCR-FREE-ILMN-NOVASEQ-sent-sentd-DEL_gt50	DEL_gt50	Irl1-HG003-7x-50bp-0-DBC27-PCR-FREE-ILMN-NOVASEQ	377862616.0	377862598.0	18.0	0.0	44.0		0.0	0.9999998835555699	1.0	0.0	0.0	HG003	clinvar_genes	-1	-2	sent	sentd
Irl1-HG003-7x-50bp-0-DBC27-PCR-FREE-ILMN-NOVASEQ-sent-sentd-Indel_50	Indel_50	Irl1-HG003-7x-50bp-0-DBC27-PCR-FREE-ILMN-NOVASEQ	377862616.0	377859924.0	2170.0	522.0	469.0	0.2834645669291339	0.19390787518573552	0.9999987588008463	0.47325933400605447	0.5267406659939455	0.5267406659939455	HG003	clinvar_genes	-1	-2	sent	sentd
Irl1-HG003-7x-50bp-0-DBC27-PCR-FREE-ILMN-NOVASEQ-sent-sentd-Indel_gt50	Indel_gt50	Irl1-HG003-7x-50bp-0-DBC27-PCR-FREE-ILMN-NOVASEQ	377862616.0	377862450.0	165.0	1.0	0.0	0.011976047904191616	0.006024096385542169	1.0	0.0	1.0	1.0	HG003	clinvar_genes	-1	-2	sent	sentd
Irl1-HG003-7x-50bp-0-DBC27-PCR-FREE-ILMN-NOVASEQ-sent-sentd-All	All	Irl1-HG003-7x-50bp-0-DBC27-PCR-FREE-ILMN-NOVASEQ	377862616.0	377400807.0	226108.0	235701.0	49761.0	0.6308313851333719	0.5103863285470833	0.999868165518299	0.17431742228387667	0.8256825777161233	0.8256825777161233	HG003	clinvar_genes	-1	-2	sent	sentd
Irl1-HG003-7x-50bp-0-DBC27-PCR-FREE-ILMN-NOVASEQ-sent-sentd-SNPts	SNPts	Irl1-HG003-7x-50bp-0-DBC27-PCR-FREE-ILMN-NOVASEQ	2799325643.0	2797071549.0	1142593.0	1111501.0	86743.0	0.6439120387401234	0.4931032157487665	0.9999689888840942	0.07239176661848505	0.927608233381515	0.927608233381515	HG003	ultima	-1	-2	sent	sentd
Irl1-HG003-7x-50bp-0-DBC27-PCR-FREE-ILMN-NOVASEQ-sent-sentd-SNPtv	SNPtv	Irl1-HG003-7x-50bp-0-DBC27-PCR-FREE-ILMN-NOVASEQ	2799325643.0	2798266856.0	538593.0	520194.0	50531.0	0.6384659947272557	0.4913112835726166	0.9999819423628518	0.08853826273599369	0.9114617372640064	0.9114617372640063	HG003	ultima	-1	-2	sent	sentd
Irl1-HG003-7x-50bp-0-DBC27-PCR-FREE-ILMN-NOVASEQ-sent-sentd-INS_50	INS_50	Irl1-HG003-7x-50bp-0-DBC27-PCR-FREE-ILMN-NOVASEQ	2799325643.0	2799160366.0	87723.0	77554.0	13608.0	0.6048533959343158	0.4692364938860216	0.9999951385658318	0.1492727232838244	0.8507272767161755	0.8507272767161757	HG003	ultima	-1	-2	sent	sentd
Irl1-HG003-7x-50bp-0-DBC27-PCR-FREE-ILMN-NOVASEQ-sent-sentd-INS_gt50	INS_gt50	Irl1-HG003-7x-50bp-0-DBC27-PCR-FREE-ILMN-NOVASEQ	2799325643.0	2799325547.0	96.0	0.0	1.0		0.0	0.9999999996427711	1.0	0.0	0.0	HG003	ultima	-1	-2	sent	sentd
Irl1-HG003-7x-50bp-0-DBC27-PCR-FREE-ILMN-NOVASEQ-sent-sentd-DEL_50	DEL_50	Irl1-HG003-7x-50bp-0-DBC27-PCR-FREE-ILMN-NOVASEQ	2799325643.0	2799146336.0	96093.0	83214.0	18112.0	0.5930450089618826	0.4640867339256136	0.9999935294976996	0.1787497779444565	0.8212502220555435	0.8212502220555435	HG003	ultima	-1	-2	sent	sentd
Irl1-HG003-7x-50bp-0-DBC27-PCR-FREE-ILMN-NOVASEQ-sent-sentd-DEL_gt50	DEL_gt50	Irl1-HG003-7x-50bp-0-DBC27-PCR-FREE-ILMN-NOVASEQ	2799325643.0	2799325554.0	82.0	7.0	116.0	0.06603773584905659	0.07865168539325842	0.9999999585614489	0.943089430894309	0.05691056910569103	0.056910569105691054	HG003	ultima	-1	-2	sent	sentd
Irl1-HG003-7x-50bp-0-DBC27-PCR-FREE-ILMN-NOVASEQ-sent-sentd-Indel_50	Indel_50	Irl1-HG003-7x-50bp-0-DBC27-PCR-FREE-ILMN-NOVASEQ	2799325643.0	2799312278.0	12285.0	1080.0	265.0	0.1468388851121686	0.08080808080808081	0.9999999053339004	0.1970260223048327	0.8029739776951673	0.8029739776951673	HG003	ultima	-1	-2	sent	sentd
Irl1-HG003-7x-50bp-0-DBC27-PCR-FREE-ILMN-NOVASEQ-sent-sentd-Indel_gt50	Indel_gt50	Irl1-HG003-7x-50bp-0-DBC27-PCR-FREE-ILMN-NOVASEQ	2799325643.0	2799324747.0	894.0	2.0	2.0	0.004444444444444444	0.002232142857142857	0.999999999285542	0.5	0.5	0.5	HG003	ultima	-1	-2	sent	sentd
Irl1-HG003-7x-50bp-0-DBC27-PCR-FREE-ILMN-NOVASEQ-sent-sentd-All	All	Irl1-HG003-7x-50bp-0-DBC27-PCR-FREE-ILMN-NOVASEQ	2799325643.0	2795653732.0	1878359.0	1793552.0	169378.0	0.6365936501136412	0.4884519259862235	0.9999394174833901	0.08628835465350267	0.9137116453464973	0.9137116453464973	HG003	ultima	-1	-2	sent	sentd
Irl1-HG003-7x-50bp-0-DBC27-PCR-FREE-ILMN-NOVASEQ-sent-sentd-SNPts	SNPts	Irl1-HG003-7x-50bp-0-DBC27-PCR-FREE-ILMN-NOVASEQ	2505355380.0	2503152369.0	1115876.0	1087135.0	6417.0	0.6595566351985387	0.4934768823215136	0.9999974364390961	0.005868033710331105	0.9941319662896689	0.9941319662896689	HG003	giabHC_x_ultima	-1	-2	sent	sentd
Irl1-HG003-7x-50bp-0-DBC27-PCR-FREE-ILMN-NOVASEQ-sent-sentd-SNPtv	SNPtv	Irl1-HG003-7x-50bp-0-DBC27-PCR-FREE-ILMN-NOVASEQ	2505355380.0	2504320888.0	525980.0	508512.0	3797.0	0.6575015144158816	0.49155720875560177	0.9999984838227955	0.007411542643209469	0.9925884573567906	0.9925884573567906	HG003	giabHC_x_ultima	-1	-2	sent	sentd
Irl1-HG003-7x-50bp-0-DBC27-PCR-FREE-ILMN-NOVASEQ-sent-sentd-INS_50	INS_50	Irl1-HG003-7x-50bp-0-DBC27-PCR-FREE-ILMN-NOVASEQ	2505355380.0	2505200422.0	81429.0	73529.0	1990.0	0.6380593291304555	0.47450922185366357	0.9999992056530081	0.026350984520451808	0.9736490154795482	0.9736490154795482	HG003	giabHC_x_ultima	-1	-2	sent	sentd
Irl1-HG003-7x-50bp-0-DBC27-PCR-FREE-ILMN-NOVASEQ-sent-sentd-INS_gt50	INS_gt50	Irl1-HG003-7x-50bp-0-DBC27-PCR-FREE-ILMN-NOVASEQ	2505355380.0	2505355380.0	0.0	0.0	0.0			1.0				HG003	giabHC_x_ultima	-1	-2	sent	sentd
Irl1-HG003-7x-50bp-0-DBC27-PCR-FREE-ILMN-NOVASEQ-sent-sentd-DEL_50	DEL_50	Irl1-HG003-7x-50bp-0-DBC27-PCR-FREE-ILMN-NOVASEQ	2505355380.0	2505188109.0	88665.0	78606.0	2719.0	0.6323995559059679	0.4699320264720125	0.9999989146535387	0.03343375345834614	0.9665662465416539	0.9665662465416539	HG003	giabHC_x_ultima	-1	-2	sent	sentd
Irl1-HG003-7x-50bp-0-DBC27-PCR-FREE-ILMN-NOVASEQ-sent-sentd-DEL_gt50	DEL_gt50	Irl1-HG003-7x-50bp-0-DBC27-PCR-FREE-ILMN-NOVASEQ	2505355380.0	2505355380.0	0.0	0.0	33.0			0.9999999868282161	1.0	0.0	0.0	HG003	giabHC_x_ultima	-1	-2	sent	sentd
Irl1-HG003-7x-50bp-0-DBC27-PCR-FREE-ILMN-NOVASEQ-sent-sentd-Indel_50	Indel_50	Irl1-HG003-7x-50bp-0-DBC27-PCR-FREE-ILMN-NOVASEQ	2505355380.0	2505345029.0	9387.0	964.0	19.0	0.17010764072701606	0.09313109844459473	0.9999999924162143	0.019328585961342827	0.9806714140386572	0.9806714140386572	HG003	giabHC_x_ultima	-1	-2	sent	sentd
Irl1-HG003-7x-50bp-0-DBC27-PCR-FREE-ILMN-NOVASEQ-sent-sentd-Indel_gt50	Indel_gt50	Irl1-HG003-7x-50bp-0-DBC27-PCR-FREE-ILMN-NOVASEQ	2505355380.0	2505355048.0	331.0	1.0	0.0	0.006006006006006006	0.0030120481927710845	1.0	0.0	1.0	1.0	HG003	giabHC_x_ultima	-1	-2	sent	sentd
Irl1-HG003-7x-50bp-0-DBC27-PCR-FREE-ILMN-NOVASEQ-sent-sentd-All	All	Irl1-HG003-7x-50bp-0-DBC27-PCR-FREE-ILMN-NOVASEQ	2505355380.0	2501784965.0	1821668.0	1748747.0	14975.0	0.655681322020788	0.48978816188034163	0.9999940143095535	0.008490567107514677	0.9915094328924853	0.9915094328924853	HG003	giabHC_x_ultima	-1	-2	sent	sentd
