I2-HG003-10x-5-D0-PF-ILMN-NOVASEQ-bwa2a-clair3-SNPts	SNPts	I2-HG003-10x-5-D0-PF-ILMN-NOVASEQ	2799325643.0	2797071163.0	35302.0	2219178.0	0.0	0.9921089184734282	0.9843414002342004	1.0	0.0	1.0	1.0	HG003	ultima	-1	-2	bwa2a	clair3	ilmn_all_downsamples_a	ILMN		10	0	11.356877	10	0.0		11.0	0.0
I2-HG003-10x-5-D0-PF-ILMN-NOVASEQ-bwa2a-clair3-SNPtv	SNPtv	I2-HG003-10x-5-D0-PF-ILMN-NOVASEQ	2799325643.0	2798266439.0	20614.0	1038590.0	0.0	0.9901734870058738	0.9805382154901228	1.0	0.0	1.0	1.0	HG003	ultima	-1	-2	bwa2a	clair3	ilmn_all_downsamples_a	ILMN		10	0	11.356877	10	0.0		11.0	0.0
I2-HG003-10x-5-D0-PF-ILMN-NOVASEQ-bwa2a-clair3-INS_50	INS_50	I2-HG003-10x-5-D0-PF-ILMN-NOVASEQ	2799325643.0	2799161591.0	6351.0	157701.0	0.0	0.9802612563053025	0.9612866652037159	1.0	0.0	1.0	1.0	HG003	ultima	-1	-2	bwa2a	clair3	ilmn_all_downsamples_a	ILMN		10	0	11.356877	10	0.0		11.0	0.0
I2-HG003-10x-5-D0-PF-ILMN-NOVASEQ-bwa2a-clair3-INS_gt50	INS_gt50	I2-HG003-10x-5-D0-PF-ILMN-NOVASEQ	2799325643.0	2799325547.0	96.0	0.0	0.0		0.0	1.0				HG003	ultima	-1	-2	bwa2a	clair3	ilmn_all_downsamples_a	ILMN		10	0	11.356877	10	0.0		11.0	0.0
I2-HG003-10x-5-D0-PF-ILMN-NOVASEQ-bwa2a-clair3-DEL_50	DEL_50	I2-HG003-10x-5-D0-PF-ILMN-NOVASEQ	2799325643.0	2799147805.0	6021.0	171817.0	0.0	0.982780169023752	0.9661433439422396	1.0	0.0	1.0	1.0	HG003	ultima	-1	-2	bwa2a	clair3	ilmn_all_downsamples_a	ILMN		10	0	11.356877	10	0.0		11.0	0.0
I2-HG003-10x-5-D0-PF-ILMN-NOVASEQ-bwa2a-clair3-DEL_gt50	DEL_gt50	I2-HG003-10x-5-D0-PF-ILMN-NOVASEQ	2799325643.0	2799325554.0	88.0	1.0	0.0	0.02222222222222222	0.011235955056179775	1.0	0.0	1.0	1.0	HG003	ultima	-1	-2	bwa2a	clair3	ilmn_all_downsamples_a	ILMN		10	0	11.356877	10	0.0		11.0	0.0
I2-HG003-10x-5-D0-PF-ILMN-NOVASEQ-bwa2a-clair3-Indel_50	Indel_50	I2-HG003-10x-5-D0-PF-ILMN-NOVASEQ	2799325643.0	2799308647.0	738.0	16258.0	0.0	0.9778071810909966	0.9565780183572605	1.0	0.0	1.0	1.0	HG003	ultima	-1	-2	bwa2a	clair3	ilmn_all_downsamples_a	ILMN		10	0	11.356877	10	0.0		11.0	0.0
I2-HG003-10x-5-D0-PF-ILMN-NOVASEQ-bwa2a-clair3-Indel_gt50	Indel_gt50	I2-HG003-10x-5-D0-PF-ILMN-NOVASEQ	2799325643.0	2799324834.0	99.0	710.0	0.0	0.9348255431204741	0.8776266996291718	1.0	0.0	1.0	1.0	HG003	ultima	-1	-2	bwa2a	clair3	ilmn_all_downsamples_a	ILMN		10	0	11.356877	10	0.0		11.0	0.0
I2-HG003-10x-5-D0-PF-ILMN-NOVASEQ-bwa2a-clair3-All	All	I2-HG003-10x-5-D0-PF-ILMN-NOVASEQ	2799325643.0	2795652079.0	69309.0	3604255.0	0.0	0.9904766798954466	0.9811330359291413	1.0	0.0	1.0	1.0	HG003	ultima	-1	-2	bwa2a	clair3	ilmn_all_downsamples_a	ILMN		10	0	11.356877	10	0.0		11.0	0.0
I2-HG003-10x-5-D0-PF-ILMN-NOVASEQ-bwa2a-clair3-SNPts	SNPts	I2-HG003-10x-5-D0-PF-ILMN-NOVASEQ	2505355380.0	2503152156.0	33234.0	2169990.0	0.0	0.9924005548322127	0.9849157416585876	1.0	0.0	1.0	1.0	HG003	giabHC_x_ultima	-1	-2	bwa2a	clair3	ilmn_all_downsamples_a	ILMN		10	0	11.356877	10	0.0		11.0	0.0
I2-HG003-10x-5-D0-PF-ILMN-NOVASEQ-bwa2a-clair3-SNPtv	SNPtv	I2-HG003-10x-5-D0-PF-ILMN-NOVASEQ	2505355380.0	2504320659.0	19441.0	1015280.0	0.0	0.9905165899919074	0.9812113603570431	1.0	0.0	1.0	1.0	HG003	giabHC_x_ultima	-1	-2	bwa2a	clair3	ilmn_all_downsamples_a	ILMN		10	0	11.356877	10	0.0		11.0	0.0
I2-HG003-10x-5-D0-PF-ILMN-NOVASEQ-bwa2a-clair3-INS_50	INS_50	I2-HG003-10x-5-D0-PF-ILMN-NOVASEQ	2505355380.0	2505201651.0	5191.0	148538.0	0.0	0.9828264415235537	0.9662327862667421	1.0	0.0	1.0	1.0	HG003	giabHC_x_ultima	-1	-2	bwa2a	clair3	ilmn_all_downsamples_a	ILMN		10	0	11.356877	10	0.0		11.0	0.0
I2-HG003-10x-5-D0-PF-ILMN-NOVASEQ-bwa2a-clair3-INS_gt50	INS_gt50	I2-HG003-10x-5-D0-PF-ILMN-NOVASEQ	2505355380.0	2505355380.0	0.0	0.0	0.0			1.0				HG003	giabHC_x_ultima	-1	-2	bwa2a	clair3	ilmn_all_downsamples_a	ILMN		10	0	11.356877	10	0.0		11.0	0.0
I2-HG003-10x-5-D0-PF-ILMN-NOVASEQ-bwa2a-clair3-DEL_50	DEL_50	I2-HG003-10x-5-D0-PF-ILMN-NOVASEQ	2505355380.0	2505189657.0	4718.0	161005.0	0.0	0.9855598540682158	0.9715308074316782	1.0	0.0	1.0	1.0	HG003	giabHC_x_ultima	-1	-2	bwa2a	clair3	ilmn_all_downsamples_a	ILMN		10	0	11.356877	10	0.0		11.0	0.0
I2-HG003-10x-5-D0-PF-ILMN-NOVASEQ-bwa2a-clair3-DEL_gt50	DEL_gt50	I2-HG003-10x-5-D0-PF-ILMN-NOVASEQ	2505355380.0	2505355380.0	0.0	0.0	0.0			1.0				HG003	giabHC_x_ultima	-1	-2	bwa2a	clair3	ilmn_all_downsamples_a	ILMN		10	0	11.356877	10	0.0		11.0	0.0
I2-HG003-10x-5-D0-PF-ILMN-NOVASEQ-bwa2a-clair3-Indel_50	Indel_50	I2-HG003-10x-5-D0-PF-ILMN-NOVASEQ	2505355380.0	2505341761.0	519.0	13100.0	0.0	0.9805756203450727	0.9618914751450179	1.0	0.0	1.0	1.0	HG003	giabHC_x_ultima	-1	-2	bwa2a	clair3	ilmn_all_downsamples_a	ILMN		10	0	11.356877	10	0.0		11.0	0.0
I2-HG003-10x-5-D0-PF-ILMN-NOVASEQ-bwa2a-clair3-Indel_gt50	Indel_gt50	I2-HG003-10x-5-D0-PF-ILMN-NOVASEQ	2505355380.0	2505355063.0	30.0	287.0	0.0	0.9503311258278145	0.9053627760252366	1.0	0.0	1.0	1.0	HG003	giabHC_x_ultima	-1	-2	bwa2a	clair3	ilmn_all_downsamples_a	ILMN		10	0	11.356877	10	0.0		11.0	0.0
I2-HG003-10x-5-D0-PF-ILMN-NOVASEQ-bwa2a-clair3-All	All	I2-HG003-10x-5-D0-PF-ILMN-NOVASEQ	2505355380.0	2501784047.0	63133.0	3508200.0	0.0	0.9910823213904081	0.9823222869443986	1.0	0.0	1.0	1.0	HG003	giabHC_x_ultima	-1	-2	bwa2a	clair3	ilmn_all_downsamples_a	ILMN		10	0	11.356877	10	0.0		11.0	0.0
I2-HG003-10x-5-D0-PF-ILMN-NOVASEQ-bwa2a-clair3-SNPts	SNPts	I2-HG003-10x-5-D0-PF-ILMN-NOVASEQ	377862616.0	377589328.0	5757.0	267531.0	0.0	0.9893550337543614	0.9789343110564679	1.0	0.0	1.0	1.0	HG003	clinvar_genes	-1	-2	bwa2a	clair3	ilmn_all_downsamples_a	ILMN		10	0	11.356877	10	0.0		11.0	0.0
I2-HG003-10x-5-D0-PF-ILMN-NOVASEQ-bwa2a-clair3-SNPtv	SNPtv	I2-HG003-10x-5-D0-PF-ILMN-NOVASEQ	377862616.0	377738197.0	3090.0	121329.0	0.0	0.9874261438546804	0.9751645648976442	1.0	0.0	1.0	1.0	HG003	clinvar_genes	-1	-2	bwa2a	clair3	ilmn_all_downsamples_a	ILMN		10	0	11.356877	10	0.0		11.0	0.0
I2-HG003-10x-5-D0-PF-ILMN-NOVASEQ-bwa2a-clair3-INS_50	INS_50	I2-HG003-10x-5-D0-PF-ILMN-NOVASEQ	377862616.0	377833528.0	1547.0	27541.0	0.0	0.9726818414593229	0.9468165566556656	1.0	0.0	1.0	1.0	HG003	clinvar_genes	-1	-2	bwa2a	clair3	ilmn_all_downsamples_a	ILMN		10	0	11.356877	10	0.0		11.0	0.0
I2-HG003-10x-5-D0-PF-ILMN-NOVASEQ-bwa2a-clair3-INS_gt50	INS_gt50	I2-HG003-10x-5-D0-PF-ILMN-NOVASEQ	377862616.0	377862586.0	30.0	0.0	0.0		0.0	1.0				HG003	clinvar_genes	-1	-2	bwa2a	clair3	ilmn_all_downsamples_a	ILMN		10	0	11.356877	10	0.0		11.0	0.0
I2-HG003-10x-5-D0-PF-ILMN-NOVASEQ-bwa2a-clair3-DEL_50	DEL_50	I2-HG003-10x-5-D0-PF-ILMN-NOVASEQ	377862616.0	377831764.0	1223.0	29629.0	0.0	0.9797787734991155	0.960359133929729	1.0	0.0	1.0	1.0	HG003	clinvar_genes	-1	-2	bwa2a	clair3	ilmn_all_downsamples_a	ILMN		10	0	11.356877	10	0.0		11.0	0.0
I2-HG003-10x-5-D0-PF-ILMN-NOVASEQ-bwa2a-clair3-DEL_gt50	DEL_gt50	I2-HG003-10x-5-D0-PF-ILMN-NOVASEQ	377862616.0	377862598.0	18.0	0.0	0.0		0.0	1.0				HG003	clinvar_genes	-1	-2	bwa2a	clair3	ilmn_all_downsamples_a	ILMN		10	0	11.356877	10	0.0		11.0	0.0
I2-HG003-10x-5-D0-PF-ILMN-NOVASEQ-bwa2a-clair3-Indel_50	Indel_50	I2-HG003-10x-5-D0-PF-ILMN-NOVASEQ	377862616.0	377858529.0	202.0	3885.0	0.0	0.9746613146011038	0.9505749938830438	1.0	0.0	1.0	1.0	HG003	clinvar_genes	-1	-2	bwa2a	clair3	ilmn_all_downsamples_a	ILMN		10	0	11.356877	10	0.0		11.0	0.0
I2-HG003-10x-5-D0-PF-ILMN-NOVASEQ-bwa2a-clair3-Indel_gt50	Indel_gt50	I2-HG003-10x-5-D0-PF-ILMN-NOVASEQ	377862616.0	377862475.0	32.0	109.0	0.0	0.872	0.7730496453900709	1.0	0.0	1.0	1.0	HG003	clinvar_genes	-1	-2	bwa2a	clair3	ilmn_all_downsamples_a	ILMN		10	0	11.356877	10	0.0		11.0	0.0
I2-HG003-10x-5-D0-PF-ILMN-NOVASEQ-bwa2a-clair3-All	All	I2-HG003-10x-5-D0-PF-ILMN-NOVASEQ	377862616.0	377400693.0	11899.0	450024.0	0.0	0.9869520926106452	0.9742402954604988	1.0	0.0	1.0	1.0	HG003	clinvar_genes	-1	-2	bwa2a	clair3	ilmn_all_downsamples_a	ILMN		10	0	11.356877	10	0.0		11.0	0.0
I2-HG003-10x-5-D0-PF-ILMN-NOVASEQ-bwa2a-clair3-SNPts	SNPts	I2-HG003-10x-5-D0-PF-ILMN-NOVASEQ			5682.0	0.0	0.0		0.0					HG003	hg38_m_giabHC	-1	-2	bwa2a	clair3	ilmn_all_downsamples_a	ILMN		10	0	11.356877	10	0.0		11.0	0.0
I2-HG003-10x-5-D0-PF-ILMN-NOVASEQ-bwa2a-clair3-SNPtv	SNPtv	I2-HG003-10x-5-D0-PF-ILMN-NOVASEQ			3284.0	0.0	0.0		0.0					HG003	hg38_m_giabHC	-1	-2	bwa2a	clair3	ilmn_all_downsamples_a	ILMN		10	0	11.356877	10	0.0		11.0	0.0
I2-HG003-10x-5-D0-PF-ILMN-NOVASEQ-bwa2a-clair3-INS_50	INS_50	I2-HG003-10x-5-D0-PF-ILMN-NOVASEQ			4666.0	0.0	0.0		0.0					HG003	hg38_m_giabHC	-1	-2	bwa2a	clair3	ilmn_all_downsamples_a	ILMN		10	0	11.356877	10	0.0		11.0	0.0
I2-HG003-10x-5-D0-PF-ILMN-NOVASEQ-bwa2a-clair3-INS_gt50	INS_gt50	I2-HG003-10x-5-D0-PF-ILMN-NOVASEQ			237.0	0.0	0.0		0.0					HG003	hg38_m_giabHC	-1	-2	bwa2a	clair3	ilmn_all_downsamples_a	ILMN		10	0	11.356877	10	0.0		11.0	0.0
I2-HG003-10x-5-D0-PF-ILMN-NOVASEQ-bwa2a-clair3-DEL_50	DEL_50	I2-HG003-10x-5-D0-PF-ILMN-NOVASEQ			3514.0	0.0	0.0		0.0					HG003	hg38_m_giabHC	-1	-2	bwa2a	clair3	ilmn_all_downsamples_a	ILMN		10	0	11.356877	10	0.0		11.0	0.0
I2-HG003-10x-5-D0-PF-ILMN-NOVASEQ-bwa2a-clair3-DEL_gt50	DEL_gt50	I2-HG003-10x-5-D0-PF-ILMN-NOVASEQ			137.0	0.0	0.0		0.0					HG003	hg38_m_giabHC	-1	-2	bwa2a	clair3	ilmn_all_downsamples_a	ILMN		10	0	11.356877	10	0.0		11.0	0.0
I2-HG003-10x-5-D0-PF-ILMN-NOVASEQ-bwa2a-clair3-Indel_50	Indel_50	I2-HG003-10x-5-D0-PF-ILMN-NOVASEQ			947.0	0.0	0.0		0.0					HG003	hg38_m_giabHC	-1	-2	bwa2a	clair3	ilmn_all_downsamples_a	ILMN		10	0	11.356877	10	0.0		11.0	0.0
I2-HG003-10x-5-D0-PF-ILMN-NOVASEQ-bwa2a-clair3-Indel_gt50	Indel_gt50	I2-HG003-10x-5-D0-PF-ILMN-NOVASEQ			228.0	0.0	0.0		0.0					HG003	hg38_m_giabHC	-1	-2	bwa2a	clair3	ilmn_all_downsamples_a	ILMN		10	0	11.356877	10	0.0		11.0	0.0
I2-HG003-10x-5-D0-PF-ILMN-NOVASEQ-bwa2a-clair3-All	All	I2-HG003-10x-5-D0-PF-ILMN-NOVASEQ	688815815.0	688797120.0	18695.0	0.0	0.0		0.0	1.0				HG003	hg38_m_giabHC	-1	-2	bwa2a	clair3	ilmn_all_downsamples_a	ILMN		10	0	11.356877	10	0.0		11.0	0.0
I2-HG003-10x-5-D0-PF-ILMN-NOVASEQ-bwa2a-clair3-SNPts	SNPts	I2-HG003-10x-5-D0-PF-ILMN-NOVASEQ			45545.0	0.0	0.0		0.0					HG003	giabHC	-1	-2	bwa2a	clair3	ilmn_all_downsamples_a	ILMN		10	0	11.356877	10	0.0		11.0	0.0
I2-HG003-10x-5-D0-PF-ILMN-NOVASEQ-bwa2a-clair3-SNPtv	SNPtv	I2-HG003-10x-5-D0-PF-ILMN-NOVASEQ			26361.0	0.0	0.0		0.0					HG003	giabHC	-1	-2	bwa2a	clair3	ilmn_all_downsamples_a	ILMN		10	0	11.356877	10	0.0		11.0	0.0
I2-HG003-10x-5-D0-PF-ILMN-NOVASEQ-bwa2a-clair3-INS_50	INS_50	I2-HG003-10x-5-D0-PF-ILMN-NOVASEQ			9828.0	0.0	0.0		0.0					HG003	giabHC	-1	-2	bwa2a	clair3	ilmn_all_downsamples_a	ILMN		10	0	11.356877	10	0.0		11.0	0.0
I2-HG003-10x-5-D0-PF-ILMN-NOVASEQ-bwa2a-clair3-INS_gt50	INS_gt50	I2-HG003-10x-5-D0-PF-ILMN-NOVASEQ			1.0	0.0	0.0		0.0					HG003	giabHC	-1	-2	bwa2a	clair3	ilmn_all_downsamples_a	ILMN		10	0	11.356877	10	0.0		11.0	0.0
I2-HG003-10x-5-D0-PF-ILMN-NOVASEQ-bwa2a-clair3-DEL_50	DEL_50	I2-HG003-10x-5-D0-PF-ILMN-NOVASEQ			8138.0	0.0	0.0		0.0					HG003	giabHC	-1	-2	bwa2a	clair3	ilmn_all_downsamples_a	ILMN		10	0	11.356877	10	0.0		11.0	0.0
I2-HG003-10x-5-D0-PF-ILMN-NOVASEQ-bwa2a-clair3-DEL_gt50	DEL_gt50	I2-HG003-10x-5-D0-PF-ILMN-NOVASEQ			0.0	0.0	0.0							HG003	giabHC	-1	-2	bwa2a	clair3	ilmn_all_downsamples_a	ILMN		10	0	11.356877	10	0.0		11.0	0.0
I2-HG003-10x-5-D0-PF-ILMN-NOVASEQ-bwa2a-clair3-Indel_50	Indel_50	I2-HG003-10x-5-D0-PF-ILMN-NOVASEQ			1106.0	0.0	0.0		0.0					HG003	giabHC	-1	-2	bwa2a	clair3	ilmn_all_downsamples_a	ILMN		10	0	11.356877	10	0.0		11.0	0.0
I2-HG003-10x-5-D0-PF-ILMN-NOVASEQ-bwa2a-clair3-Indel_gt50	Indel_gt50	I2-HG003-10x-5-D0-PF-ILMN-NOVASEQ			49.0	0.0	0.0		0.0					HG003	giabHC	-1	-2	bwa2a	clair3	ilmn_all_downsamples_a	ILMN		10	0	11.356877	10	0.0		11.0	0.0
I2-HG003-10x-5-D0-PF-ILMN-NOVASEQ-bwa2a-clair3-All	All	I2-HG003-10x-5-D0-PF-ILMN-NOVASEQ	2528531102.0	2528440074.0	91028.0	0.0	0.0		0.0	1.0				HG003	giabHC	-1	-2	bwa2a	clair3	ilmn_all_downsamples_a	ILMN		10	0	11.356877	10	0.0		11.0	0.0
I2-HG003-10x-5-D0-PF-ILMN-NOVASEQ-bwa2a-clair3-SNPts	SNPts	I2-HG003-10x-5-D0-PF-ILMN-NOVASEQ	332544085.0	332287236.0	3238.0	253611.0	20663.0	0.9549991244965855	0.9873933712025353	0.9999378197146015	0.07533707168743665	0.9246629283125634	0.9246629283125634	HG003	giabHC_x_ultima_x_clinvar	-1	-2	bwa2a	clair3	ilmn_all_downsamples_a	ILMN		10	0	11.356877	10	0.0		11.0	0.0
I2-HG003-10x-5-D0-PF-ILMN-NOVASEQ-bwa2a-clair3-SNPtv	SNPtv	I2-HG003-10x-5-D0-PF-ILMN-NOVASEQ	332544085.0	332429441.0	1826.0	112818.0	4560.0	0.9724767478945961	0.984072432922787	0.9999862829915523	0.038848847313806674	0.9611511526861933	0.9611511526861933	HG003	giabHC_x_ultima_x_clinvar	-1	-2	bwa2a	clair3	ilmn_all_downsamples_a	ILMN		10	0	11.356877	10	0.0		11.0	0.0
I2-HG003-10x-5-D0-PF-ILMN-NOVASEQ-bwa2a-clair3-INS_50	INS_50	I2-HG003-10x-5-D0-PF-ILMN-NOVASEQ	332544085.0	332526598.0	503.0	16984.0	223.0	0.9790741915028536	0.9712357751472522	0.9999993293774038	0.012959841924798047	0.987040158075202	0.987040158075202	HG003	giabHC_x_ultima_x_clinvar	-1	-2	bwa2a	clair3	ilmn_all_downsamples_a	ILMN		10	0	11.356877	10	0.0		11.0	0.0
I2-HG003-10x-5-D0-PF-ILMN-NOVASEQ-bwa2a-clair3-INS_gt50	INS_gt50	I2-HG003-10x-5-D0-PF-ILMN-NOVASEQ	332544085.0	332544085.0	0.0	0.0	0.0			1.0				HG003	giabHC_x_ultima_x_clinvar	-1	-2	bwa2a	clair3	ilmn_all_downsamples_a	ILMN		10	0	11.356877	10	0.0		11.0	0.0
I2-HG003-10x-5-D0-PF-ILMN-NOVASEQ-bwa2a-clair3-DEL_50	DEL_50	I2-HG003-10x-5-D0-PF-ILMN-NOVASEQ	332544085.0	332525127.0	470.0	18488.0	289.0	0.9798860474360672	0.9752083553117418	0.9999991308935013	0.015391170048463547	0.9846088299515364	0.9846088299515364	HG003	giabHC_x_ultima_x_clinvar	-1	-2	bwa2a	clair3	ilmn_all_downsamples_a	ILMN		10	0	11.356877	10	0.0		11.0	0.0
I2-HG003-10x-5-D0-PF-ILMN-NOVASEQ-bwa2a-clair3-DEL_gt50	DEL_gt50	I2-HG003-10x-5-D0-PF-ILMN-NOVASEQ	332544085.0	332544085.0	0.0	0.0	0.0			1.0				HG003	giabHC_x_ultima_x_clinvar	-1	-2	bwa2a	clair3	ilmn_all_downsamples_a	ILMN		10	0	11.356877	10	0.0		11.0	0.0
I2-HG003-10x-5-D0-PF-ILMN-NOVASEQ-bwa2a-clair3-Indel_50	Indel_50	I2-HG003-10x-5-D0-PF-ILMN-NOVASEQ	332544085.0	332542802.0	52.0	1231.0	0.0	0.9793158313444711	0.9594699922057678	1.0	0.0	1.0	1.0	HG003	giabHC_x_ultima_x_clinvar	-1	-2	bwa2a	clair3	ilmn_all_downsamples_a	ILMN		10	0	11.356877	10	0.0		11.0	0.0
I2-HG003-10x-5-D0-PF-ILMN-NOVASEQ-bwa2a-clair3-Indel_gt50	Indel_gt50	I2-HG003-10x-5-D0-PF-ILMN-NOVASEQ	332544085.0	332544061.0	2.0	22.0	0.0	0.9565217391304348	0.9166666666666666	1.0	0.0	1.0	1.0	HG003	giabHC_x_ultima_x_clinvar	-1	-2	bwa2a	clair3	ilmn_all_downsamples_a	ILMN		10	0	11.356877	10	0.0		11.0	0.0
I2-HG003-10x-5-D0-PF-ILMN-NOVASEQ-bwa2a-clair3-All	All	I2-HG003-10x-5-D0-PF-ILMN-NOVASEQ	332544085.0	332134840.0	6091.0	403154.0	25735.0	0.9620275516802802	0.9851164950091021	0.999922522412541	0.060003870465318535	0.9399961295346815	0.9399961295346815	HG003	giabHC_x_ultima_x_clinvar	-1	-2	bwa2a	clair3	ilmn_all_downsamples_a	ILMN		10	0	11.356877	10	0.0		11.0	0.0
I2-HG003-10x-5-D0-PF-ILMN-NOVASEQ-bwa2a-clair3-SNPts	SNPts	I2-HG003-10x-5-D0-PF-ILMN-NOVASEQ	337668665.0	337403094.0	5003.0	260568.0	23550.0	0.948056082621264	0.9811613466831846	0.9999302070526476	0.08288809579118535	0.9171119042088146	0.9171119042088146	HG003	giabHC_x_clinvar_genes	-1	-2	bwa2a	clair3	ilmn_all_downsamples_a	ILMN		10	0	11.356877	10	0.0		11.0	0.0
I2-HG003-10x-5-D0-PF-ILMN-NOVASEQ-bwa2a-clair3-SNPtv	SNPtv	I2-HG003-10x-5-D0-PF-ILMN-NOVASEQ	337668665.0	337548354.0	2678.0	117633.0	5197.0	0.9676113859859093	0.9777410211867577	0.999984603924371	0.04231051046161361	0.9576894895383864	0.9576894895383864	HG003	giabHC_x_clinvar_genes	-1	-2	bwa2a	clair3	ilmn_all_downsamples_a	ILMN		10	0	11.356877	10	0.0		11.0	0.0
I2-HG003-10x-5-D0-PF-ILMN-NOVASEQ-bwa2a-clair3-INS_50	INS_50	I2-HG003-10x-5-D0-PF-ILMN-NOVASEQ	337668665.0	337642405.0	1088.0	25172.0	584.0	0.9678560442940634	0.9585681645087586	0.999998270362427	0.022674328311849665	0.9773256716881503	0.9773256716881503	HG003	giabHC_x_clinvar_genes	-1	-2	bwa2a	clair3	ilmn_all_downsamples_a	ILMN		10	0	11.356877	10	0.0		11.0	0.0
I2-HG003-10x-5-D0-PF-ILMN-NOVASEQ-bwa2a-clair3-INS_gt50	INS_gt50	I2-HG003-10x-5-D0-PF-ILMN-NOVASEQ	337668665.0	337668665.0	0.0	0.0	0.0			1.0				HG003	giabHC_x_clinvar_genes	-1	-2	bwa2a	clair3	ilmn_all_downsamples_a	ILMN		10	0	11.356877	10	0.0		11.0	0.0
I2-HG003-10x-5-D0-PF-ILMN-NOVASEQ-bwa2a-clair3-DEL_50	DEL_50	I2-HG003-10x-5-D0-PF-ILMN-NOVASEQ	337668665.0	337640696.0	863.0	27106.0	642.0	0.9729884954322738	0.9691444098823697	0.9999980985740555	0.02313680265244342	0.9768631973475566	0.9768631973475566	HG003	giabHC_x_clinvar_genes	-1	-2	bwa2a	clair3	ilmn_all_downsamples_a	ILMN		10	0	11.356877	10	0.0		11.0	0.0
I2-HG003-10x-5-D0-PF-ILMN-NOVASEQ-bwa2a-clair3-DEL_gt50	DEL_gt50	I2-HG003-10x-5-D0-PF-ILMN-NOVASEQ	337668665.0	337668665.0	0.0	0.0	0.0			1.0				HG003	giabHC_x_clinvar_genes	-1	-2	bwa2a	clair3	ilmn_all_downsamples_a	ILMN		10	0	11.356877	10	0.0		11.0	0.0
I2-HG003-10x-5-D0-PF-ILMN-NOVASEQ-bwa2a-clair3-Indel_50	Indel_50	I2-HG003-10x-5-D0-PF-ILMN-NOVASEQ	337668665.0	337665478.0	109.0	3078.0	2.0	0.9822881761608424	0.9657985566363351	0.9999999940769781	0.0006493506493506494	0.9993506493506493	0.9993506493506493	HG003	giabHC_x_clinvar_genes	-1	-2	bwa2a	clair3	ilmn_all_downsamples_a	ILMN		10	0	11.356877	10	0.0		11.0	0.0
I2-HG003-10x-5-D0-PF-ILMN-NOVASEQ-bwa2a-clair3-Indel_gt50	Indel_gt50	I2-HG003-10x-5-D0-PF-ILMN-NOVASEQ	337668665.0	337668629.0	5.0	31.0	0.0	0.9253731343283582	0.8611111111111112	1.0	0.0	1.0	1.0	HG003	giabHC_x_clinvar_genes	-1	-2	bwa2a	clair3	ilmn_all_downsamples_a	ILMN		10	0	11.356877	10	0.0		11.0	0.0
I2-HG003-10x-5-D0-PF-ILMN-NOVASEQ-bwa2a-clair3-All	All	I2-HG003-10x-5-D0-PF-ILMN-NOVASEQ	337668665.0	337225331.0	9746.0	433588.0	29975.0	0.9562012003568211	0.9780165744111663	0.9999111207460143	0.0646621926253821	0.9353378073746179	0.9353378073746179	HG003	giabHC_x_clinvar_genes	-1	-2	bwa2a	clair3	ilmn_all_downsamples_a	ILMN		10	0	11.356877	10	0.0		11.0	0.0
I2-HG003-10x-5-D0-PF-ILMN-NOVASEQ-bwa2a-clair3-SNPts	SNPts	I2-HG003-10x-5-D0-PF-ILMN-NOVASEQ			51227.0	0.0	0.0		0.0					HG003	hg38	-1	-2	bwa2a	clair3	ilmn_all_downsamples_a	ILMN		10	0	11.356877	10	0.0		11.0	0.0
I2-HG003-10x-5-D0-PF-ILMN-NOVASEQ-bwa2a-clair3-SNPtv	SNPtv	I2-HG003-10x-5-D0-PF-ILMN-NOVASEQ			29645.0	0.0	0.0		0.0					HG003	hg38	-1	-2	bwa2a	clair3	ilmn_all_downsamples_a	ILMN		10	0	11.356877	10	0.0		11.0	0.0
I2-HG003-10x-5-D0-PF-ILMN-NOVASEQ-bwa2a-clair3-INS_50	INS_50	I2-HG003-10x-5-D0-PF-ILMN-NOVASEQ			14501.0	0.0	0.0		0.0					HG003	hg38	-1	-2	bwa2a	clair3	ilmn_all_downsamples_a	ILMN		10	0	11.356877	10	0.0		11.0	0.0
I2-HG003-10x-5-D0-PF-ILMN-NOVASEQ-bwa2a-clair3-INS_gt50	INS_gt50	I2-HG003-10x-5-D0-PF-ILMN-NOVASEQ			238.0	0.0	0.0		0.0					HG003	hg38	-1	-2	bwa2a	clair3	ilmn_all_downsamples_a	ILMN		10	0	11.356877	10	0.0		11.0	0.0
I2-HG003-10x-5-D0-PF-ILMN-NOVASEQ-bwa2a-clair3-DEL_50	DEL_50	I2-HG003-10x-5-D0-PF-ILMN-NOVASEQ			11639.0	0.0	0.0		0.0					HG003	hg38	-1	-2	bwa2a	clair3	ilmn_all_downsamples_a	ILMN		10	0	11.356877	10	0.0		11.0	0.0
I2-HG003-10x-5-D0-PF-ILMN-NOVASEQ-bwa2a-clair3-DEL_gt50	DEL_gt50	I2-HG003-10x-5-D0-PF-ILMN-NOVASEQ			137.0	0.0	0.0		0.0					HG003	hg38	-1	-2	bwa2a	clair3	ilmn_all_downsamples_a	ILMN		10	0	11.356877	10	0.0		11.0	0.0
I2-HG003-10x-5-D0-PF-ILMN-NOVASEQ-bwa2a-clair3-Indel_50	Indel_50	I2-HG003-10x-5-D0-PF-ILMN-NOVASEQ			2052.0	0.0	0.0		0.0					HG003	hg38	-1	-2	bwa2a	clair3	ilmn_all_downsamples_a	ILMN		10	0	11.356877	10	0.0		11.0	0.0
I2-HG003-10x-5-D0-PF-ILMN-NOVASEQ-bwa2a-clair3-Indel_gt50	Indel_gt50	I2-HG003-10x-5-D0-PF-ILMN-NOVASEQ			275.0	0.0	0.0		0.0					HG003	hg38	-1	-2	bwa2a	clair3	ilmn_all_downsamples_a	ILMN		10	0	11.356877	10	0.0		11.0	0.0
I2-HG003-10x-5-D0-PF-ILMN-NOVASEQ-bwa2a-clair3-All	All	I2-HG003-10x-5-D0-PF-ILMN-NOVASEQ	3088286401.0	3088176687.0	109714.0	0.0	0.0		0.0	1.0				HG003	hg38	-1	-2	bwa2a	clair3	ilmn_all_downsamples_a	ILMN		10	0	11.356877	10	0.0		11.0	0.0
I2-HG003-10x-5-D0-PF-ILMN-NOVASEQ-sent-clair3-SNPts	SNPts	I2-HG003-10x-5-D0-PF-ILMN-NOVASEQ	332544085.0	332287237.0	3245.0	253603.0	20643.0	0.955021145032706	0.9873660686476048	0.9999378798961974	0.07527183623462147	0.9247281637653786	0.9247281637653785	HG003	giabHC_x_ultima_x_clinvar	-1	-2	sent	clair3	ilmn_all_downsamples_a	ILMN		10	0	11.355239	10	0.0		11.0	0.0
I2-HG003-10x-5-D0-PF-ILMN-NOVASEQ-sent-clair3-SNPtv	SNPtv	I2-HG003-10x-5-D0-PF-ILMN-NOVASEQ	332544085.0	332429440.0	1828.0	112817.0	4556.0	0.9724848934134421	0.9840551266954511	0.9999862950238098	0.038816422857045486	0.9611835771429545	0.9611835771429545	HG003	giabHC_x_ultima_x_clinvar	-1	-2	sent	clair3	ilmn_all_downsamples_a	ILMN		10	0	11.355239	10	0.0		11.0	0.0
I2-HG003-10x-5-D0-PF-ILMN-NOVASEQ-sent-clair3-INS_50	INS_50	I2-HG003-10x-5-D0-PF-ILMN-NOVASEQ	332544085.0	332526598.0	500.0	16987.0	228.0	0.9790213820529076	0.9714073311602905	0.9999993143410331	0.01324426372349695	0.986755736276503	0.986755736276503	HG003	giabHC_x_ultima_x_clinvar	-1	-2	sent	clair3	ilmn_all_downsamples_a	ILMN		10	0	11.355239	10	0.0		11.0	0.0
I2-HG003-10x-5-D0-PF-ILMN-NOVASEQ-sent-clair3-INS_gt50	INS_gt50	I2-HG003-10x-5-D0-PF-ILMN-NOVASEQ	332544085.0	332544085.0	0.0	0.0	0.0			1.0				HG003	giabHC_x_ultima_x_clinvar	-1	-2	sent	clair3	ilmn_all_downsamples_a	ILMN		10	0	11.355239	10	0.0		11.0	0.0
I2-HG003-10x-5-D0-PF-ILMN-NOVASEQ-sent-clair3-DEL_50	DEL_50	I2-HG003-10x-5-D0-PF-ILMN-NOVASEQ	332544085.0	332525127.0	470.0	18488.0	289.0	0.9798860474360672	0.9752083553117418	0.9999991308935013	0.015391170048463547	0.9846088299515364	0.9846088299515364	HG003	giabHC_x_ultima_x_clinvar	-1	-2	sent	clair3	ilmn_all_downsamples_a	ILMN		10	0	11.355239	10	0.0		11.0	0.0
I2-HG003-10x-5-D0-PF-ILMN-NOVASEQ-sent-clair3-DEL_gt50	DEL_gt50	I2-HG003-10x-5-D0-PF-ILMN-NOVASEQ	332544085.0	332544085.0	0.0	0.0	0.0			1.0				HG003	giabHC_x_ultima_x_clinvar	-1	-2	sent	clair3	ilmn_all_downsamples_a	ILMN		10	0	11.355239	10	0.0		11.0	0.0
I2-HG003-10x-5-D0-PF-ILMN-NOVASEQ-sent-clair3-Indel_50	Indel_50	I2-HG003-10x-5-D0-PF-ILMN-NOVASEQ	332544085.0	332542802.0	53.0	1230.0	0.0	0.9789096697174692	0.9586905689789555	1.0	0.0	1.0	1.0	HG003	giabHC_x_ultima_x_clinvar	-1	-2	sent	clair3	ilmn_all_downsamples_a	ILMN		10	0	11.355239	10	0.0		11.0	0.0
I2-HG003-10x-5-D0-PF-ILMN-NOVASEQ-sent-clair3-Indel_gt50	Indel_gt50	I2-HG003-10x-5-D0-PF-ILMN-NOVASEQ	332544085.0	332544061.0	2.0	22.0	0.0	0.9565217391304348	0.9166666666666666	1.0	0.0	1.0	1.0	HG003	giabHC_x_ultima_x_clinvar	-1	-2	sent	clair3	ilmn_all_downsamples_a	ILMN		10	0	11.355239	10	0.0		11.0	0.0
I2-HG003-10x-5-D0-PF-ILMN-NOVASEQ-sent-clair3-All	All	I2-HG003-10x-5-D0-PF-ILMN-NOVASEQ	332544085.0	332134840.0	6098.0	403147.0	25716.0	0.9620406916531044	0.9850993903407494	0.9999225796093621	0.05996320503284266	0.9400367949671573	0.9400367949671573	HG003	giabHC_x_ultima_x_clinvar	-1	-2	sent	clair3	ilmn_all_downsamples_a	ILMN		10	0	11.355239	10	0.0		11.0	0.0
I2-HG003-10x-5-D0-PF-ILMN-NOVASEQ-sent-clair3-SNPts	SNPts	I2-HG003-10x-5-D0-PF-ILMN-NOVASEQ			44951.0	0.0	0.0		0.0					HG003	giabHC	-1	-2	sent	clair3	ilmn_all_downsamples_a	ILMN		10	0	11.355239	10	0.0		11.0	0.0
I2-HG003-10x-5-D0-PF-ILMN-NOVASEQ-sent-clair3-SNPtv	SNPtv	I2-HG003-10x-5-D0-PF-ILMN-NOVASEQ			25931.0	0.0	0.0		0.0					HG003	giabHC	-1	-2	sent	clair3	ilmn_all_downsamples_a	ILMN		10	0	11.355239	10	0.0		11.0	0.0
I2-HG003-10x-5-D0-PF-ILMN-NOVASEQ-sent-clair3-INS_50	INS_50	I2-HG003-10x-5-D0-PF-ILMN-NOVASEQ			9801.0	0.0	0.0		0.0					HG003	giabHC	-1	-2	sent	clair3	ilmn_all_downsamples_a	ILMN		10	0	11.355239	10	0.0		11.0	0.0
I2-HG003-10x-5-D0-PF-ILMN-NOVASEQ-sent-clair3-INS_gt50	INS_gt50	I2-HG003-10x-5-D0-PF-ILMN-NOVASEQ			1.0	0.0	0.0		0.0					HG003	giabHC	-1	-2	sent	clair3	ilmn_all_downsamples_a	ILMN		10	0	11.355239	10	0.0		11.0	0.0
I2-HG003-10x-5-D0-PF-ILMN-NOVASEQ-sent-clair3-DEL_50	DEL_50	I2-HG003-10x-5-D0-PF-ILMN-NOVASEQ			8131.0	0.0	0.0		0.0					HG003	giabHC	-1	-2	sent	clair3	ilmn_all_downsamples_a	ILMN		10	0	11.355239	10	0.0		11.0	0.0
I2-HG003-10x-5-D0-PF-ILMN-NOVASEQ-sent-clair3-DEL_gt50	DEL_gt50	I2-HG003-10x-5-D0-PF-ILMN-NOVASEQ			0.0	0.0	0.0							HG003	giabHC	-1	-2	sent	clair3	ilmn_all_downsamples_a	ILMN		10	0	11.355239	10	0.0		11.0	0.0
I2-HG003-10x-5-D0-PF-ILMN-NOVASEQ-sent-clair3-Indel_50	Indel_50	I2-HG003-10x-5-D0-PF-ILMN-NOVASEQ			1088.0	0.0	0.0		0.0					HG003	giabHC	-1	-2	sent	clair3	ilmn_all_downsamples_a	ILMN		10	0	11.355239	10	0.0		11.0	0.0
I2-HG003-10x-5-D0-PF-ILMN-NOVASEQ-sent-clair3-Indel_gt50	Indel_gt50	I2-HG003-10x-5-D0-PF-ILMN-NOVASEQ			47.0	0.0	0.0		0.0					HG003	giabHC	-1	-2	sent	clair3	ilmn_all_downsamples_a	ILMN		10	0	11.355239	10	0.0		11.0	0.0
I2-HG003-10x-5-D0-PF-ILMN-NOVASEQ-sent-clair3-All	All	I2-HG003-10x-5-D0-PF-ILMN-NOVASEQ	2528531102.0	2528441152.0	89950.0	0.0	0.0		0.0	1.0				HG003	giabHC	-1	-2	sent	clair3	ilmn_all_downsamples_a	ILMN		10	0	11.355239	10	0.0		11.0	0.0
I2-HG003-10x-5-D0-PF-ILMN-NOVASEQ-sent-clair3-SNPts	SNPts	I2-HG003-10x-5-D0-PF-ILMN-NOVASEQ			5646.0	0.0	0.0		0.0					HG003	hg38_m_giabHC	-1	-2	sent	clair3	ilmn_all_downsamples_a	ILMN		10	0	11.355239	10	0.0		11.0	0.0
I2-HG003-10x-5-D0-PF-ILMN-NOVASEQ-sent-clair3-SNPtv	SNPtv	I2-HG003-10x-5-D0-PF-ILMN-NOVASEQ			3276.0	0.0	0.0		0.0					HG003	hg38_m_giabHC	-1	-2	sent	clair3	ilmn_all_downsamples_a	ILMN		10	0	11.355239	10	0.0		11.0	0.0
I2-HG003-10x-5-D0-PF-ILMN-NOVASEQ-sent-clair3-INS_50	INS_50	I2-HG003-10x-5-D0-PF-ILMN-NOVASEQ			4670.0	0.0	0.0		0.0					HG003	hg38_m_giabHC	-1	-2	sent	clair3	ilmn_all_downsamples_a	ILMN		10	0	11.355239	10	0.0		11.0	0.0
I2-HG003-10x-5-D0-PF-ILMN-NOVASEQ-sent-clair3-INS_gt50	INS_gt50	I2-HG003-10x-5-D0-PF-ILMN-NOVASEQ			237.0	0.0	0.0		0.0					HG003	hg38_m_giabHC	-1	-2	sent	clair3	ilmn_all_downsamples_a	ILMN		10	0	11.355239	10	0.0		11.0	0.0
I2-HG003-10x-5-D0-PF-ILMN-NOVASEQ-sent-clair3-DEL_50	DEL_50	I2-HG003-10x-5-D0-PF-ILMN-NOVASEQ			3475.0	0.0	0.0		0.0					HG003	hg38_m_giabHC	-1	-2	sent	clair3	ilmn_all_downsamples_a	ILMN		10	0	11.355239	10	0.0		11.0	0.0
I2-HG003-10x-5-D0-PF-ILMN-NOVASEQ-sent-clair3-DEL_gt50	DEL_gt50	I2-HG003-10x-5-D0-PF-ILMN-NOVASEQ			137.0	0.0	0.0		0.0					HG003	hg38_m_giabHC	-1	-2	sent	clair3	ilmn_all_downsamples_a	ILMN		10	0	11.355239	10	0.0		11.0	0.0
I2-HG003-10x-5-D0-PF-ILMN-NOVASEQ-sent-clair3-Indel_50	Indel_50	I2-HG003-10x-5-D0-PF-ILMN-NOVASEQ			942.0	0.0	0.0		0.0					HG003	hg38_m_giabHC	-1	-2	sent	clair3	ilmn_all_downsamples_a	ILMN		10	0	11.355239	10	0.0		11.0	0.0
I2-HG003-10x-5-D0-PF-ILMN-NOVASEQ-sent-clair3-Indel_gt50	Indel_gt50	I2-HG003-10x-5-D0-PF-ILMN-NOVASEQ			224.0	0.0	0.0		0.0					HG003	hg38_m_giabHC	-1	-2	sent	clair3	ilmn_all_downsamples_a	ILMN		10	0	11.355239	10	0.0		11.0	0.0
I2-HG003-10x-5-D0-PF-ILMN-NOVASEQ-sent-clair3-All	All	I2-HG003-10x-5-D0-PF-ILMN-NOVASEQ	688815815.0	688797208.0	18607.0	0.0	0.0		0.0	1.0				HG003	hg38_m_giabHC	-1	-2	sent	clair3	ilmn_all_downsamples_a	ILMN		10	0	11.355239	10	0.0		11.0	0.0
I2-HG003-10x-5-D0-PF-ILMN-NOVASEQ-sent-clair3-SNPts	SNPts	I2-HG003-10x-5-D0-PF-ILMN-NOVASEQ	377862616.0	377589327.0	5779.0	267510.0	0.0	0.9893139595302506	0.9788538872768388	1.0	0.0	1.0	1.0	HG003	clinvar_genes	-1	-2	sent	clair3	ilmn_all_downsamples_a	ILMN		10	0	11.355239	10	0.0		11.0	0.0
I2-HG003-10x-5-D0-PF-ILMN-NOVASEQ-sent-clair3-SNPtv	SNPtv	I2-HG003-10x-5-D0-PF-ILMN-NOVASEQ	377862616.0	377738197.0	3094.0	121325.0	0.0	0.9874096620873755	0.9751324154670911	1.0	0.0	1.0	1.0	HG003	clinvar_genes	-1	-2	sent	clair3	ilmn_all_downsamples_a	ILMN		10	0	11.355239	10	0.0		11.0	0.0
I2-HG003-10x-5-D0-PF-ILMN-NOVASEQ-sent-clair3-INS_50	INS_50	I2-HG003-10x-5-D0-PF-ILMN-NOVASEQ	377862616.0	377833518.0	1544.0	27554.0	0.0	0.9727458871707971	0.9469379338786171	1.0	0.0	1.0	1.0	HG003	clinvar_genes	-1	-2	sent	clair3	ilmn_all_downsamples_a	ILMN		10	0	11.355239	10	0.0		11.0	0.0
I2-HG003-10x-5-D0-PF-ILMN-NOVASEQ-sent-clair3-INS_gt50	INS_gt50	I2-HG003-10x-5-D0-PF-ILMN-NOVASEQ	377862616.0	377862586.0	30.0	0.0	0.0		0.0	1.0				HG003	clinvar_genes	-1	-2	sent	clair3	ilmn_all_downsamples_a	ILMN		10	0	11.355239	10	0.0		11.0	0.0
I2-HG003-10x-5-D0-PF-ILMN-NOVASEQ-sent-clair3-DEL_50	DEL_50	I2-HG003-10x-5-D0-PF-ILMN-NOVASEQ	377862616.0	377831767.0	1210.0	29639.0	0.0	0.9799960322708636	0.9607766864404033	1.0	0.0	1.0	1.0	HG003	clinvar_genes	-1	-2	sent	clair3	ilmn_all_downsamples_a	ILMN		10	0	11.355239	10	0.0		11.0	0.0
I2-HG003-10x-5-D0-PF-ILMN-NOVASEQ-sent-clair3-DEL_gt50	DEL_gt50	I2-HG003-10x-5-D0-PF-ILMN-NOVASEQ	377862616.0	377862598.0	18.0	0.0	0.0		0.0	1.0				HG003	clinvar_genes	-1	-2	sent	clair3	ilmn_all_downsamples_a	ILMN		10	0	11.355239	10	0.0		11.0	0.0
I2-HG003-10x-5-D0-PF-ILMN-NOVASEQ-sent-clair3-Indel_50	Indel_50	I2-HG003-10x-5-D0-PF-ILMN-NOVASEQ	377862616.0	377858540.0	189.0	3887.0	0.0	0.9762652266733642	0.953631010794897	1.0	0.0	1.0	1.0	HG003	clinvar_genes	-1	-2	sent	clair3	ilmn_all_downsamples_a	ILMN		10	0	11.355239	10	0.0		11.0	0.0
I2-HG003-10x-5-D0-PF-ILMN-NOVASEQ-sent-clair3-Indel_gt50	Indel_gt50	I2-HG003-10x-5-D0-PF-ILMN-NOVASEQ	377862616.0	377862473.0	33.0	110.0	0.0	0.8695652173913044	0.7692307692307693	1.0	0.0	1.0	1.0	HG003	clinvar_genes	-1	-2	sent	clair3	ilmn_all_downsamples_a	ILMN		10	0	11.355239	10	0.0		11.0	0.0
I2-HG003-10x-5-D0-PF-ILMN-NOVASEQ-sent-clair3-All	All	I2-HG003-10x-5-D0-PF-ILMN-NOVASEQ	377862616.0	377400694.0	11897.0	450025.0	0.0	0.9869542857205518	0.9742445694294708	1.0	0.0	1.0	1.0	HG003	clinvar_genes	-1	-2	sent	clair3	ilmn_all_downsamples_a	ILMN		10	0	11.355239	10	0.0		11.0	0.0
I2-HG003-10x-5-D0-PF-ILMN-NOVASEQ-sent-clair3-SNPts	SNPts	I2-HG003-10x-5-D0-PF-ILMN-NOVASEQ			50597.0	0.0	0.0		0.0					HG003	hg38	-1	-2	sent	clair3	ilmn_all_downsamples_a	ILMN		10	0	11.355239	10	0.0		11.0	0.0
I2-HG003-10x-5-D0-PF-ILMN-NOVASEQ-sent-clair3-SNPtv	SNPtv	I2-HG003-10x-5-D0-PF-ILMN-NOVASEQ			29207.0	0.0	0.0		0.0					HG003	hg38	-1	-2	sent	clair3	ilmn_all_downsamples_a	ILMN		10	0	11.355239	10	0.0		11.0	0.0
I2-HG003-10x-5-D0-PF-ILMN-NOVASEQ-sent-clair3-INS_50	INS_50	I2-HG003-10x-5-D0-PF-ILMN-NOVASEQ			14477.0	0.0	0.0		0.0					HG003	hg38	-1	-2	sent	clair3	ilmn_all_downsamples_a	ILMN		10	0	11.355239	10	0.0		11.0	0.0
I2-HG003-10x-5-D0-PF-ILMN-NOVASEQ-sent-clair3-INS_gt50	INS_gt50	I2-HG003-10x-5-D0-PF-ILMN-NOVASEQ			238.0	0.0	0.0		0.0					HG003	hg38	-1	-2	sent	clair3	ilmn_all_downsamples_a	ILMN		10	0	11.355239	10	0.0		11.0	0.0
I2-HG003-10x-5-D0-PF-ILMN-NOVASEQ-sent-clair3-DEL_50	DEL_50	I2-HG003-10x-5-D0-PF-ILMN-NOVASEQ			11594.0	0.0	0.0		0.0					HG003	hg38	-1	-2	sent	clair3	ilmn_all_downsamples_a	ILMN		10	0	11.355239	10	0.0		11.0	0.0
I2-HG003-10x-5-D0-PF-ILMN-NOVASEQ-sent-clair3-DEL_gt50	DEL_gt50	I2-HG003-10x-5-D0-PF-ILMN-NOVASEQ			137.0	0.0	0.0		0.0					HG003	hg38	-1	-2	sent	clair3	ilmn_all_downsamples_a	ILMN		10	0	11.355239	10	0.0		11.0	0.0
I2-HG003-10x-5-D0-PF-ILMN-NOVASEQ-sent-clair3-Indel_50	Indel_50	I2-HG003-10x-5-D0-PF-ILMN-NOVASEQ			2029.0	0.0	0.0		0.0					HG003	hg38	-1	-2	sent	clair3	ilmn_all_downsamples_a	ILMN		10	0	11.355239	10	0.0		11.0	0.0
I2-HG003-10x-5-D0-PF-ILMN-NOVASEQ-sent-clair3-Indel_gt50	Indel_gt50	I2-HG003-10x-5-D0-PF-ILMN-NOVASEQ			269.0	0.0	0.0		0.0					HG003	hg38	-1	-2	sent	clair3	ilmn_all_downsamples_a	ILMN		10	0	11.355239	10	0.0		11.0	0.0
I2-HG003-10x-5-D0-PF-ILMN-NOVASEQ-sent-clair3-All	All	I2-HG003-10x-5-D0-PF-ILMN-NOVASEQ	3088286401.0	3088177853.0	108548.0	0.0	0.0		0.0	1.0				HG003	hg38	-1	-2	sent	clair3	ilmn_all_downsamples_a	ILMN		10	0	11.355239	10	0.0		11.0	0.0
I2-HG003-10x-5-D0-PF-ILMN-NOVASEQ-sent-clair3-SNPts	SNPts	I2-HG003-10x-5-D0-PF-ILMN-NOVASEQ	337668665.0	337403094.0	5017.0	260554.0	23562.0	0.9480085939816659	0.9811086300838571	0.9999301714918456	0.08293091554153938	0.9170690844584606	0.9170690844584606	HG003	giabHC_x_clinvar_genes	-1	-2	sent	clair3	ilmn_all_downsamples_a	ILMN		10	0	11.355239	10	0.0		11.0	0.0
I2-HG003-10x-5-D0-PF-ILMN-NOVASEQ-sent-clair3-SNPtv	SNPtv	I2-HG003-10x-5-D0-PF-ILMN-NOVASEQ	337668665.0	337548353.0	2682.0	117630.0	5199.0	0.9675867089466607	0.9777079593058049	0.999984597999431	0.04232713772806096	0.957672862271939	0.957672862271939	HG003	giabHC_x_clinvar_genes	-1	-2	sent	clair3	ilmn_all_downsamples_a	ILMN		10	0	11.355239	10	0.0		11.0	0.0
I2-HG003-10x-5-D0-PF-ILMN-NOVASEQ-sent-clair3-INS_50	INS_50	I2-HG003-10x-5-D0-PF-ILMN-NOVASEQ	337668665.0	337642398.0	1082.0	25185.0	578.0	0.9680953296175283	0.9588076293448052	0.9999982881326103	0.02243527539494624	0.9775647246050537	0.9775647246050537	HG003	giabHC_x_clinvar_genes	-1	-2	sent	clair3	ilmn_all_downsamples_a	ILMN		10	0	11.355239	10	0.0		11.0	0.0
I2-HG003-10x-5-D0-PF-ILMN-NOVASEQ-sent-clair3-INS_gt50	INS_gt50	I2-HG003-10x-5-D0-PF-ILMN-NOVASEQ	337668665.0	337668665.0	0.0	0.0	0.0			1.0				HG003	giabHC_x_clinvar_genes	-1	-2	sent	clair3	ilmn_all_downsamples_a	ILMN		10	0	11.355239	10	0.0		11.0	0.0
I2-HG003-10x-5-D0-PF-ILMN-NOVASEQ-sent-clair3-DEL_50	DEL_50	I2-HG003-10x-5-D0-PF-ILMN-NOVASEQ	337668665.0	337640695.0	854.0	27116.0	649.0	0.973033103077061	0.9694672863782624	0.9999980778420311	0.023374752386097604	0.9766252476139023	0.9766252476139023	HG003	giabHC_x_clinvar_genes	-1	-2	sent	clair3	ilmn_all_downsamples_a	ILMN		10	0	11.355239	10	0.0		11.0	0.0
I2-HG003-10x-5-D0-PF-ILMN-NOVASEQ-sent-clair3-DEL_gt50	DEL_gt50	I2-HG003-10x-5-D0-PF-ILMN-NOVASEQ	337668665.0	337668665.0	0.0	0.0	0.0			1.0				HG003	giabHC_x_clinvar_genes	-1	-2	sent	clair3	ilmn_all_downsamples_a	ILMN		10	0	11.355239	10	0.0		11.0	0.0
I2-HG003-10x-5-D0-PF-ILMN-NOVASEQ-sent-clair3-Indel_50	Indel_50	I2-HG003-10x-5-D0-PF-ILMN-NOVASEQ	337668665.0	337665487.0	102.0	3076.0	2.0	0.9833759590792839	0.9679043423536816	0.9999999940769784	0.000649772579597141	0.9993502274204029	0.9993502274204028	HG003	giabHC_x_clinvar_genes	-1	-2	sent	clair3	ilmn_all_downsamples_a	ILMN		10	0	11.355239	10	0.0		11.0	0.0
I2-HG003-10x-5-D0-PF-ILMN-NOVASEQ-sent-clair3-Indel_gt50	Indel_gt50	I2-HG003-10x-5-D0-PF-ILMN-NOVASEQ	337668665.0	337668629.0	5.0	31.0	0.0	0.9253731343283582	0.8611111111111112	1.0	0.0	1.0	1.0	HG003	giabHC_x_clinvar_genes	-1	-2	sent	clair3	ilmn_all_downsamples_a	ILMN		10	0	11.355239	10	0.0		11.0	0.0
I2-HG003-10x-5-D0-PF-ILMN-NOVASEQ-sent-clair3-All	All	I2-HG003-10x-5-D0-PF-ILMN-NOVASEQ	337668665.0	337225331.0	9742.0	433592.0	29990.0	0.9561899889295149	0.9780255969539895	0.9999110762732785	0.06469189916778477	0.9353081008322153	0.9353081008322153	HG003	giabHC_x_clinvar_genes	-1	-2	sent	clair3	ilmn_all_downsamples_a	ILMN		10	0	11.355239	10	0.0		11.0	0.0
I2-HG003-10x-5-D0-PF-ILMN-NOVASEQ-sent-clair3-SNPts	SNPts	I2-HG003-10x-5-D0-PF-ILMN-NOVASEQ	2799325643.0	2797071173.0	35182.0	2219288.0	0.0	0.9921359179463887	0.9843945583662679	1.0	0.0	1.0	1.0	HG003	ultima	-1	-2	sent	clair3	ilmn_all_downsamples_a	ILMN		10	0	11.355239	10	0.0		11.0	0.0
I2-HG003-10x-5-D0-PF-ILMN-NOVASEQ-sent-clair3-SNPtv	SNPtv	I2-HG003-10x-5-D0-PF-ILMN-NOVASEQ	2799325643.0	2798266444.0	20490.0	1038709.0	0.0	0.9902331274774681	0.980655193216761	1.0	0.0	1.0	1.0	HG003	ultima	-1	-2	sent	clair3	ilmn_all_downsamples_a	ILMN		10	0	11.355239	10	0.0		11.0	0.0
I2-HG003-10x-5-D0-PF-ILMN-NOVASEQ-sent-clair3-INS_50	INS_50	I2-HG003-10x-5-D0-PF-ILMN-NOVASEQ	2799325643.0	2799161595.0	6350.0	157698.0	0.0	0.9802639349051736	0.9612918170291622	1.0	0.0	1.0	1.0	HG003	ultima	-1	-2	sent	clair3	ilmn_all_downsamples_a	ILMN		10	0	11.355239	10	0.0		11.0	0.0
I2-HG003-10x-5-D0-PF-ILMN-NOVASEQ-sent-clair3-INS_gt50	INS_gt50	I2-HG003-10x-5-D0-PF-ILMN-NOVASEQ	2799325643.0	2799325547.0	96.0	0.0	0.0		0.0	1.0				HG003	ultima	-1	-2	sent	clair3	ilmn_all_downsamples_a	ILMN		10	0	11.355239	10	0.0		11.0	0.0
I2-HG003-10x-5-D0-PF-ILMN-NOVASEQ-sent-clair3-DEL_50	DEL_50	I2-HG003-10x-5-D0-PF-ILMN-NOVASEQ	2799325643.0	2799147794.0	6040.0	171809.0	0.0	0.9827259779556023	0.9660386057835579	1.0	0.0	1.0	1.0	HG003	ultima	-1	-2	sent	clair3	ilmn_all_downsamples_a	ILMN		10	0	11.355239	10	0.0		11.0	0.0
I2-HG003-10x-5-D0-PF-ILMN-NOVASEQ-sent-clair3-DEL_gt50	DEL_gt50	I2-HG003-10x-5-D0-PF-ILMN-NOVASEQ	2799325643.0	2799325554.0	88.0	1.0	0.0	0.02222222222222222	0.011235955056179775	1.0	0.0	1.0	1.0	HG003	ultima	-1	-2	sent	clair3	ilmn_all_downsamples_a	ILMN		10	0	11.355239	10	0.0		11.0	0.0
I2-HG003-10x-5-D0-PF-ILMN-NOVASEQ-sent-clair3-Indel_50	Indel_50	I2-HG003-10x-5-D0-PF-ILMN-NOVASEQ	2799325643.0	2799308643.0	733.0	16267.0	0.0	0.9779661526437611	0.9568823529411765	1.0	0.0	1.0	1.0	HG003	ultima	-1	-2	sent	clair3	ilmn_all_downsamples_a	ILMN		10	0	11.355239	10	0.0		11.0	0.0
I2-HG003-10x-5-D0-PF-ILMN-NOVASEQ-sent-clair3-Indel_gt50	Indel_gt50	I2-HG003-10x-5-D0-PF-ILMN-NOVASEQ	2799325643.0	2799324835.0	97.0	711.0	0.0	0.9361421988150099	0.879950495049505	1.0	0.0	1.0	1.0	HG003	ultima	-1	-2	sent	clair3	ilmn_all_downsamples_a	ILMN		10	0	11.355239	10	0.0		11.0	0.0
I2-HG003-10x-5-D0-PF-ILMN-NOVASEQ-sent-clair3-All	All	I2-HG003-10x-5-D0-PF-ILMN-NOVASEQ	2799325643.0	2795652084.0	69076.0	3604483.0	0.0	0.990508985795905	0.9811964364802634	1.0	0.0	1.0	1.0	HG003	ultima	-1	-2	sent	clair3	ilmn_all_downsamples_a	ILMN		10	0	11.355239	10	0.0		11.0	0.0
I2-HG003-10x-5-D0-PF-ILMN-NOVASEQ-sent-clair3-SNPts	SNPts	I2-HG003-10x-5-D0-PF-ILMN-NOVASEQ	2505355380.0	2503152161.0	33130.0	2170089.0	0.0	0.9924244988004504	0.9849629110860064	1.0	0.0	1.0	1.0	HG003	giabHC_x_ultima	-1	-2	sent	clair3	ilmn_all_downsamples_a	ILMN		10	0	11.355239	10	0.0		11.0	0.0
I2-HG003-10x-5-D0-PF-ILMN-NOVASEQ-sent-clair3-SNPtv	SNPtv	I2-HG003-10x-5-D0-PF-ILMN-NOVASEQ	2505355380.0	2504320663.0	19318.0	1015399.0	0.0	0.9905771185630472	0.9813301608072545	1.0	0.0	1.0	1.0	HG003	giabHC_x_ultima	-1	-2	sent	clair3	ilmn_all_downsamples_a	ILMN		10	0	11.355239	10	0.0		11.0	0.0
I2-HG003-10x-5-D0-PF-ILMN-NOVASEQ-sent-clair3-INS_50	INS_50	I2-HG003-10x-5-D0-PF-ILMN-NOVASEQ	2505355380.0	2505201653.0	5192.0	148535.0	0.0	0.9828228490514851	0.9662258419145628	1.0	0.0	1.0	1.0	HG003	giabHC_x_ultima	-1	-2	sent	clair3	ilmn_all_downsamples_a	ILMN		10	0	11.355239	10	0.0		11.0	0.0
I2-HG003-10x-5-D0-PF-ILMN-NOVASEQ-sent-clair3-INS_gt50	INS_gt50	I2-HG003-10x-5-D0-PF-ILMN-NOVASEQ	2505355380.0	2505355380.0	0.0	0.0	0.0			1.0				HG003	giabHC_x_ultima	-1	-2	sent	clair3	ilmn_all_downsamples_a	ILMN		10	0	11.355239	10	0.0		11.0	0.0
I2-HG003-10x-5-D0-PF-ILMN-NOVASEQ-sent-clair3-DEL_50	DEL_50	I2-HG003-10x-5-D0-PF-ILMN-NOVASEQ	2505355380.0	2505189649.0	4742.0	160989.0	0.0	0.9854860430950049	0.9713873686878134	1.0	0.0	1.0	1.0	HG003	giabHC_x_ultima	-1	-2	sent	clair3	ilmn_all_downsamples_a	ILMN		10	0	11.355239	10	0.0		11.0	0.0
I2-HG003-10x-5-D0-PF-ILMN-NOVASEQ-sent-clair3-DEL_gt50	DEL_gt50	I2-HG003-10x-5-D0-PF-ILMN-NOVASEQ	2505355380.0	2505355380.0	0.0	0.0	0.0			1.0				HG003	giabHC_x_ultima	-1	-2	sent	clair3	ilmn_all_downsamples_a	ILMN		10	0	11.355239	10	0.0		11.0	0.0
I2-HG003-10x-5-D0-PF-ILMN-NOVASEQ-sent-clair3-Indel_50	Indel_50	I2-HG003-10x-5-D0-PF-ILMN-NOVASEQ	2505355380.0	2505341758.0	512.0	13110.0	0.0	0.9808469250336674	0.9624137424754075	1.0	0.0	1.0	1.0	HG003	giabHC_x_ultima	-1	-2	sent	clair3	ilmn_all_downsamples_a	ILMN		10	0	11.355239	10	0.0		11.0	0.0
I2-HG003-10x-5-D0-PF-ILMN-NOVASEQ-sent-clair3-Indel_gt50	Indel_gt50	I2-HG003-10x-5-D0-PF-ILMN-NOVASEQ	2505355380.0	2505355062.0	29.0	289.0	0.0	0.9522240527182866	0.9088050314465409	1.0	0.0	1.0	1.0	HG003	giabHC_x_ultima	-1	-2	sent	clair3	ilmn_all_downsamples_a	ILMN		10	0	11.355239	10	0.0		11.0	0.0
I2-HG003-10x-5-D0-PF-ILMN-NOVASEQ-sent-clair3-All	All	I2-HG003-10x-5-D0-PF-ILMN-NOVASEQ	2505355380.0	2501784046.0	62923.0	3508411.0	0.0	0.9911122505118476	0.9823810934513546	1.0	0.0	1.0	1.0	HG003	giabHC_x_ultima	-1	-2	sent	clair3	ilmn_all_downsamples_a	ILMN		10	0	11.355239	10	0.0		11.0	0.0
I2-HG003-15x-6-D0-PF-ILMN-NOVASEQ-bwa2a-clair3-SNPts	SNPts	I2-HG003-15x-6-D0-PF-ILMN-NOVASEQ	377862616.0	377589318.0	3106.0	270192.0	50963.0	0.9090441128230491	0.9886351162467343	0.9998650488240687	0.15868661549718982	0.8413133845028102	0.8413133845028101	HG003	clinvar_genes	-1	-2	bwa2a	clair3	ilmn_all_downsamples_a	ILMN		15	0	16.939829	15	0.0		17.0	0.0
I2-HG003-15x-6-D0-PF-ILMN-NOVASEQ-bwa2a-clair3-SNPtv	SNPtv	I2-HG003-15x-6-D0-PF-ILMN-NOVASEQ	377862616.0	377738176.0	1635.0	122805.0	26460.0	0.8973529895325258	0.9868611378977821	0.9999299563869182	0.17726861621947543	0.8227313837805246	0.8227313837805246	HG003	clinvar_genes	-1	-2	bwa2a	clair3	ilmn_all_downsamples_a	ILMN		15	0	16.939829	15	0.0		17.0	0.0
I2-HG003-15x-6-D0-PF-ILMN-NOVASEQ-bwa2a-clair3-INS_50	INS_50	I2-HG003-15x-6-D0-PF-ILMN-NOVASEQ	377862616.0	377833580.0	910.0	28126.0	16929.0	0.7592285162840291	0.9686595949855352	0.9999551965669047	0.37574076129175454	0.6242592387082455	0.6242592387082455	HG003	clinvar_genes	-1	-2	bwa2a	clair3	ilmn_all_downsamples_a	ILMN		15	0	16.939829	15	0.0		17.0	0.0
I2-HG003-15x-6-D0-PF-ILMN-NOVASEQ-bwa2a-clair3-INS_gt50	INS_gt50	I2-HG003-15x-6-D0-PF-ILMN-NOVASEQ	377862616.0	377862586.0	30.0	0.0	0.0		0.0	1.0				HG003	clinvar_genes	-1	-2	bwa2a	clair3	ilmn_all_downsamples_a	ILMN		15	0	16.939829	15	0.0		17.0	0.0
I2-HG003-15x-6-D0-PF-ILMN-NOVASEQ-bwa2a-clair3-DEL_50	DEL_50	I2-HG003-15x-6-D0-PF-ILMN-NOVASEQ	377862616.0	377831832.0	602.0	30182.0	17608.0	0.7682439483798712	0.9804443866943867	0.9999533994280897	0.36844528143963173	0.6315547185603683	0.6315547185603683	HG003	clinvar_genes	-1	-2	bwa2a	clair3	ilmn_all_downsamples_a	ILMN		15	0	16.939829	15	0.0		17.0	0.0
I2-HG003-15x-6-D0-PF-ILMN-NOVASEQ-bwa2a-clair3-DEL_gt50	DEL_gt50	I2-HG003-15x-6-D0-PF-ILMN-NOVASEQ	377862616.0	377862598.0	18.0	0.0	5.0		0.0	0.999999986767677	1.0	0.0	0.0	HG003	clinvar_genes	-1	-2	bwa2a	clair3	ilmn_all_downsamples_a	ILMN		15	0	16.939829	15	0.0		17.0	0.0
I2-HG003-15x-6-D0-PF-ILMN-NOVASEQ-bwa2a-clair3-Indel_50	Indel_50	I2-HG003-15x-6-D0-PF-ILMN-NOVASEQ	377862616.0	377858444.0	81.0	4091.0	4374.0	0.6474637967872122	0.9805848513902206	0.999988424370455	0.5167158889545186	0.4832841110454814	0.4832841110454814	HG003	clinvar_genes	-1	-2	bwa2a	clair3	ilmn_all_downsamples_a	ILMN		15	0	16.939829	15	0.0		17.0	0.0
I2-HG003-15x-6-D0-PF-ILMN-NOVASEQ-bwa2a-clair3-Indel_gt50	Indel_gt50	I2-HG003-15x-6-D0-PF-ILMN-NOVASEQ	377862616.0	377862464.0	19.0	133.0	124.0	0.6503667481662593	0.875	0.9999996718383773	0.48249027237354086	0.5175097276264591	0.5175097276264592	HG003	clinvar_genes	-1	-2	bwa2a	clair3	ilmn_all_downsamples_a	ILMN		15	0	16.939829	15	0.0		17.0	0.0
I2-HG003-15x-6-D0-PF-ILMN-NOVASEQ-bwa2a-clair3-All	All	I2-HG003-15x-6-D0-PF-ILMN-NOVASEQ	377862616.0	377400686.0	6401.0	455529.0	116463.0	0.8811670512862672	0.9861429220877622	0.9996915027560774	0.20360949104183276	0.7963905089581672	0.7963905089581672	HG003	clinvar_genes	-1	-2	bwa2a	clair3	ilmn_all_downsamples_a	ILMN		15	0	16.939829	15	0.0		17.0	0.0
I2-HG003-15x-6-D0-PF-ILMN-NOVASEQ-bwa2a-clair3-SNPts	SNPts	I2-HG003-15x-6-D0-PF-ILMN-NOVASEQ	2799325643.0	2797071140.0	11238.0	2243265.0	260507.0	0.9428900179161567	0.9950153093608658	0.999906873037282	0.1040458156733121	0.8959541843266879	0.8959541843266879	HG003	ultima	-1	-2	bwa2a	clair3	ilmn_all_downsamples_a	ILMN		15	0	16.939829	15	0.0		17.0	0.0
I2-HG003-15x-6-D0-PF-ILMN-NOVASEQ-bwa2a-clair3-SNPtv	SNPtv	I2-HG003-15x-6-D0-PF-ILMN-NOVASEQ	2799325643.0	2798266371.0	6653.0	1052619.0	123403.0	0.9418170495693184	0.9937192713486244	0.9999559021401713	0.10493256078542748	0.8950674392145725	0.8950674392145725	HG003	ultima	-1	-2	bwa2a	clair3	ilmn_all_downsamples_a	ILMN		15	0	16.939829	15	0.0		17.0	0.0
I2-HG003-15x-6-D0-PF-ILMN-NOVASEQ-bwa2a-clair3-INS_50	INS_50	I2-HG003-15x-6-D0-PF-ILMN-NOVASEQ	2799325643.0	2799161662.0	2830.0	161151.0	27396.0	0.9142592928788635	0.9827419030253505	0.999990212879719	0.1453006412194307	0.8546993587805694	0.8546993587805694	HG003	ultima	-1	-2	bwa2a	clair3	ilmn_all_downsamples_a	ILMN		15	0	16.939829	15	0.0		17.0	0.0
I2-HG003-15x-6-D0-PF-ILMN-NOVASEQ-bwa2a-clair3-INS_gt50	INS_gt50	I2-HG003-15x-6-D0-PF-ILMN-NOVASEQ	2799325643.0	2799325547.0	96.0	0.0	0.0		0.0	1.0				HG003	ultima	-1	-2	bwa2a	clair3	ilmn_all_downsamples_a	ILMN		15	0	16.939829	15	0.0		17.0	0.0
I2-HG003-15x-6-D0-PF-ILMN-NOVASEQ-bwa2a-clair3-DEL_50	DEL_50	I2-HG003-15x-6-D0-PF-ILMN-NOVASEQ	2799325643.0	2799148243.0	2525.0	174875.0	36802.0	0.8989223212885882	0.9857666290868095	0.9999868526019507	0.17385922891953307	0.8261407710804669	0.8261407710804669	HG003	ultima	-1	-2	bwa2a	clair3	ilmn_all_downsamples_a	ILMN		15	0	16.939829	15	0.0		17.0	0.0
I2-HG003-15x-6-D0-PF-ILMN-NOVASEQ-bwa2a-clair3-DEL_gt50	DEL_gt50	I2-HG003-15x-6-D0-PF-ILMN-NOVASEQ	2799325643.0	2799325554.0	88.0	1.0	25.0	0.017391304347826087	0.011235955056179775	0.9999999910692775	0.9615384615384616	0.038461538461538436	0.038461538461538464	HG003	ultima	-1	-2	bwa2a	clair3	ilmn_all_downsamples_a	ILMN		15	0	16.939829	15	0.0		17.0	0.0
I2-HG003-15x-6-D0-PF-ILMN-NOVASEQ-bwa2a-clair3-Indel_50	Indel_50	I2-HG003-15x-6-D0-PF-ILMN-NOVASEQ	2799325643.0	2799308250.0	266.0	17127.0	2834.0	0.9170102264817691	0.9847064911171161	0.9999989876080525	0.14197685486699063	0.8580231451330094	0.8580231451330094	HG003	ultima	-1	-2	bwa2a	clair3	ilmn_all_downsamples_a	ILMN		15	0	16.939829	15	0.0		17.0	0.0
I2-HG003-15x-6-D0-PF-ILMN-NOVASEQ-bwa2a-clair3-Indel_gt50	Indel_gt50	I2-HG003-15x-6-D0-PF-ILMN-NOVASEQ	2799325643.0	2799324773.0	44.0	826.0	348.0	0.8082191780821918	0.9494252873563218	0.9999998756843221	0.29642248722316866	0.7035775127768313	0.7035775127768313	HG003	ultima	-1	-2	bwa2a	clair3	ilmn_all_downsamples_a	ILMN		15	0	16.939829	15	0.0		17.0	0.0
I2-HG003-15x-6-D0-PF-ILMN-NOVASEQ-bwa2a-clair3-All	All	I2-HG003-15x-6-D0-PF-ILMN-NOVASEQ	2799325643.0	2795652039.0	23740.0	3649864.0	451315.0	0.9388979731009857	0.9935376812525247	0.9998385914457152	0.11004518456765724	0.8899548154323428	0.8899548154323428	HG003	ultima	-1	-2	bwa2a	clair3	ilmn_all_downsamples_a	ILMN		15	0	16.939829	15	0.0		17.0	0.0
I2-HG003-15x-6-D0-PF-ILMN-NOVASEQ-bwa2a-clair3-SNPts	SNPts	I2-HG003-15x-6-D0-PF-ILMN-NOVASEQ	3088286401.0	3085963133.0	24761.0	2298507.0	0.0	0.9946425345240736	0.9893421680150547	1.0	0.0	1.0	1.0	HG003	hg38	-1	-2	bwa2a	clair3	ilmn_all_downsamples_a	ILMN		15	0	16.939829	15	0.0		17.0	0.0
I2-HG003-15x-6-D0-PF-ILMN-NOVASEQ-bwa2a-clair3-SNPtv	SNPtv	I2-HG003-15x-6-D0-PF-ILMN-NOVASEQ	3088286401.0	3087178596.0	14163.0	1093642.0	0.0	0.9935665042129109	0.9872152590031639	1.0	0.0	1.0	1.0	HG003	hg38	-1	-2	bwa2a	clair3	ilmn_all_downsamples_a	ILMN		15	0	16.939829	15	0.0		17.0	0.0
I2-HG003-15x-6-D0-PF-ILMN-NOVASEQ-bwa2a-clair3-INS_50	INS_50	I2-HG003-15x-6-D0-PF-ILMN-NOVASEQ	3088286401.0	3088031030.0	7894.0	247477.0	0.0	0.9843014191167112	0.9690881110227865	1.0	0.0	1.0	1.0	HG003	hg38	-1	-2	bwa2a	clair3	ilmn_all_downsamples_a	ILMN		15	0	16.939829	15	0.0		17.0	0.0
I2-HG003-15x-6-D0-PF-ILMN-NOVASEQ-bwa2a-clair3-INS_gt50	INS_gt50	I2-HG003-15x-6-D0-PF-ILMN-NOVASEQ	3088286401.0	3088286164.0	237.0	0.0	0.0		0.0	1.0				HG003	hg38	-1	-2	bwa2a	clair3	ilmn_all_downsamples_a	ILMN		15	0	16.939829	15	0.0		17.0	0.0
I2-HG003-15x-6-D0-PF-ILMN-NOVASEQ-bwa2a-clair3-DEL_50	DEL_50	I2-HG003-15x-6-D0-PF-ILMN-NOVASEQ	3088286401.0	3088016620.0	5602.0	264179.0	0.0	0.9895085774215296	0.9792350091370408	1.0	0.0	1.0	1.0	HG003	hg38	-1	-2	bwa2a	clair3	ilmn_all_downsamples_a	ILMN		15	0	16.939829	15	0.0		17.0	0.0
I2-HG003-15x-6-D0-PF-ILMN-NOVASEQ-bwa2a-clair3-DEL_gt50	DEL_gt50	I2-HG003-15x-6-D0-PF-ILMN-NOVASEQ	3088286401.0	3088286263.0	137.0	1.0	0.0	0.014388489208633093	0.007246376811594203	1.0	0.0	1.0	1.0	HG003	hg38	-1	-2	bwa2a	clair3	ilmn_all_downsamples_a	ILMN		15	0	16.939829	15	0.0		17.0	0.0
I2-HG003-15x-6-D0-PF-ILMN-NOVASEQ-bwa2a-clair3-Indel_50	Indel_50	I2-HG003-15x-6-D0-PF-ILMN-NOVASEQ	3088286401.0	3088244418.0	951.0	41032.0	0.0	0.9885442389929531	0.9773479741800253	1.0	0.0	1.0	1.0	HG003	hg38	-1	-2	bwa2a	clair3	ilmn_all_downsamples_a	ILMN		15	0	16.939829	15	0.0		17.0	0.0
I2-HG003-15x-6-D0-PF-ILMN-NOVASEQ-bwa2a-clair3-Indel_gt50	Indel_gt50	I2-HG003-15x-6-D0-PF-ILMN-NOVASEQ	3088286401.0	3088284965.0	170.0	1266.0	0.0	0.9370836417468542	0.8816155988857939	1.0	0.0	1.0	1.0	HG003	hg38	-1	-2	bwa2a	clair3	ilmn_all_downsamples_a	ILMN		15	0	16.939829	15	0.0		17.0	0.0
I2-HG003-15x-6-D0-PF-ILMN-NOVASEQ-bwa2a-clair3-All	All	I2-HG003-15x-6-D0-PF-ILMN-NOVASEQ	3088286401.0	3084286382.0	53915.0	3946104.0	0.0	0.9932149300986155	0.9865213140237584	1.0	0.0	1.0	1.0	HG003	hg38	-1	-2	bwa2a	clair3	ilmn_all_downsamples_a	ILMN		15	0	16.939829	15	0.0		17.0	0.0
I2-HG003-15x-6-D0-PF-ILMN-NOVASEQ-bwa2a-clair3-SNPts	SNPts	I2-HG003-15x-6-D0-PF-ILMN-NOVASEQ	337668665.0	337403099.0	2510.0	263056.0	6137.0	0.9838300991661665	0.9905484888878847	0.9999818114048307	0.02279776962996809	0.977202230370032	0.977202230370032	HG003	giabHC_x_clinvar_genes	-1	-2	bwa2a	clair3	ilmn_all_downsamples_a	ILMN		15	0	16.939829	15	0.0		17.0	0.0
I2-HG003-15x-6-D0-PF-ILMN-NOVASEQ-bwa2a-clair3-SNPtv	SNPtv	I2-HG003-15x-6-D0-PF-ILMN-NOVASEQ	337668665.0	337548352.0	1308.0	119005.0	1692.0	0.987552383718518	0.9891283568691662	0.9999949874099261	0.014018575440980306	0.9859814245590197	0.9859814245590197	HG003	giabHC_x_clinvar_genes	-1	-2	bwa2a	clair3	ilmn_all_downsamples_a	ILMN		15	0	16.939829	15	0.0		17.0	0.0
I2-HG003-15x-6-D0-PF-ILMN-NOVASEQ-bwa2a-clair3-INS_50	INS_50	I2-HG003-15x-6-D0-PF-ILMN-NOVASEQ	337668665.0	337642428.0	550.0	25687.0	227.0	0.9851009568368775	0.9790372374890421	0.9999993276915797	0.008759743767847496	0.9912402562321525	0.9912402562321525	HG003	giabHC_x_clinvar_genes	-1	-2	bwa2a	clair3	ilmn_all_downsamples_a	ILMN		15	0	16.939829	15	0.0		17.0	0.0
I2-HG003-15x-6-D0-PF-ILMN-NOVASEQ-bwa2a-clair3-INS_gt50	INS_gt50	I2-HG003-15x-6-D0-PF-ILMN-NOVASEQ	337668665.0	337668665.0	0.0	0.0	0.0			1.0				HG003	giabHC_x_clinvar_genes	-1	-2	bwa2a	clair3	ilmn_all_downsamples_a	ILMN		15	0	16.939829	15	0.0		17.0	0.0
I2-HG003-15x-6-D0-PF-ILMN-NOVASEQ-bwa2a-clair3-DEL_50	DEL_50	I2-HG003-15x-6-D0-PF-ILMN-NOVASEQ	337668665.0	337640721.0	336.0	27608.0	252.0	0.9894631209232313	0.9879759519038076	0.9999992536450841	0.009045226130653266	0.9909547738693467	0.9909547738693467	HG003	giabHC_x_clinvar_genes	-1	-2	bwa2a	clair3	ilmn_all_downsamples_a	ILMN		15	0	16.939829	15	0.0		17.0	0.0
I2-HG003-15x-6-D0-PF-ILMN-NOVASEQ-bwa2a-clair3-DEL_gt50	DEL_gt50	I2-HG003-15x-6-D0-PF-ILMN-NOVASEQ	337668665.0	337668665.0	0.0	0.0	0.0			1.0				HG003	giabHC_x_clinvar_genes	-1	-2	bwa2a	clair3	ilmn_all_downsamples_a	ILMN		15	0	16.939829	15	0.0		17.0	0.0
I2-HG003-15x-6-D0-PF-ILMN-NOVASEQ-bwa2a-clair3-Indel_50	Indel_50	I2-HG003-15x-6-D0-PF-ILMN-NOVASEQ	337668665.0	337665438.0	33.0	3194.0	4.0	0.9942412451361867	0.989773783700031	0.9999999881539551	0.0012507817385866166	0.9987492182614134	0.9987492182614134	HG003	giabHC_x_clinvar_genes	-1	-2	bwa2a	clair3	ilmn_all_downsamples_a	ILMN		15	0	16.939829	15	0.0		17.0	0.0
I2-HG003-15x-6-D0-PF-ILMN-NOVASEQ-bwa2a-clair3-Indel_gt50	Indel_gt50	I2-HG003-15x-6-D0-PF-ILMN-NOVASEQ	337668665.0	337668625.0	3.0	37.0	0.0	0.961038961038961	0.925	1.0	0.0	1.0	1.0	HG003	giabHC_x_clinvar_genes	-1	-2	bwa2a	clair3	ilmn_all_downsamples_a	ILMN		15	0	16.939829	15	0.0		17.0	0.0
I2-HG003-15x-6-D0-PF-ILMN-NOVASEQ-bwa2a-clair3-All	All	I2-HG003-15x-6-D0-PF-ILMN-NOVASEQ	337668665.0	337225338.0	4740.0	438587.0	8312.0	0.9853385544794244	0.9893081179355194	0.9999753524003313	0.018599280821841178	0.9814007191781589	0.9814007191781589	HG003	giabHC_x_clinvar_genes	-1	-2	bwa2a	clair3	ilmn_all_downsamples_a	ILMN		15	0	16.939829	15	0.0		17.0	0.0
I2-HG003-15x-6-D0-PF-ILMN-NOVASEQ-bwa2a-clair3-SNPts	SNPts	I2-HG003-15x-6-D0-PF-ILMN-NOVASEQ	2505355380.0	2503152128.0	10005.0	2193247.0	36122.0	0.989593741490644	0.9954589851728264	0.9999855696030852	0.016202791013959557	0.9837972089860404	0.9837972089860404	HG003	giabHC_x_ultima	-1	-2	bwa2a	clair3	ilmn_all_downsamples_a	ILMN		15	0	16.939829	15	0.0		17.0	0.0
I2-HG003-15x-6-D0-PF-ILMN-NOVASEQ-bwa2a-clair3-SNPtv	SNPtv	I2-HG003-15x-6-D0-PF-ILMN-NOVASEQ	2505355380.0	2504320622.0	5947.0	1028811.0	8186.0	0.9931782474279054	0.9942527624816624	0.9999967312598993	0.007893947619906326	0.9921060523800936	0.9921060523800936	HG003	giabHC_x_ultima	-1	-2	bwa2a	clair3	ilmn_all_downsamples_a	ILMN		15	0	16.939829	15	0.0		17.0	0.0
I2-HG003-15x-6-D0-PF-ILMN-NOVASEQ-bwa2a-clair3-INS_50	INS_50	I2-HG003-15x-6-D0-PF-ILMN-NOVASEQ	2505355380.0	2505201678.0	2082.0	151620.0	645.0	0.991087274117797	0.986454307686302	0.9999997425357648	0.004236035858536105	0.9957639641414638	0.9957639641414638	HG003	giabHC_x_ultima	-1	-2	bwa2a	clair3	ilmn_all_downsamples_a	ILMN		15	0	16.939829	15	0.0		17.0	0.0
I2-HG003-15x-6-D0-PF-ILMN-NOVASEQ-bwa2a-clair3-INS_gt50	INS_gt50	I2-HG003-15x-6-D0-PF-ILMN-NOVASEQ	2505355380.0	2505355380.0	0.0	0.0	0.0			1.0				HG003	giabHC_x_ultima	-1	-2	bwa2a	clair3	ilmn_all_downsamples_a	ILMN		15	0	16.939829	15	0.0		17.0	0.0
I2-HG003-15x-6-D0-PF-ILMN-NOVASEQ-bwa2a-clair3-DEL_50	DEL_50	I2-HG003-15x-6-D0-PF-ILMN-NOVASEQ	2505355380.0	2505189929.0	1647.0	163804.0	859.0	0.9924086830610032	0.9900453910825562	0.9999996571119437	0.005216715351961278	0.9947832846480387	0.9947832846480387	HG003	giabHC_x_ultima	-1	-2	bwa2a	clair3	ilmn_all_downsamples_a	ILMN		15	0	16.939829	15	0.0		17.0	0.0
I2-HG003-15x-6-D0-PF-ILMN-NOVASEQ-bwa2a-clair3-DEL_gt50	DEL_gt50	I2-HG003-15x-6-D0-PF-ILMN-NOVASEQ	2505355380.0	2505355380.0	0.0	0.0	1.0			0.9999999996008551	1.0	0.0	0.0	HG003	giabHC_x_ultima	-1	-2	bwa2a	clair3	ilmn_all_downsamples_a	ILMN		15	0	16.939829	15	0.0		17.0	0.0
I2-HG003-15x-6-D0-PF-ILMN-NOVASEQ-bwa2a-clair3-Indel_50	Indel_50	I2-HG003-15x-6-D0-PF-ILMN-NOVASEQ	2505355380.0	2505341535.0	176.0	13669.0	8.0	0.9933144393576049	0.9872878295413506	0.9999999968068226	0.0005849235943554873	0.9994150764056445	0.9994150764056445	HG003	giabHC_x_ultima	-1	-2	bwa2a	clair3	ilmn_all_downsamples_a	ILMN		15	0	16.939829	15	0.0		17.0	0.0
I2-HG003-15x-6-D0-PF-ILMN-NOVASEQ-bwa2a-clair3-Indel_gt50	Indel_gt50	I2-HG003-15x-6-D0-PF-ILMN-NOVASEQ	2505355380.0	2505355036.0	11.0	333.0	0.0	0.983751846381093	0.9680232558139535	1.0	0.0	1.0	1.0	HG003	giabHC_x_ultima	-1	-2	bwa2a	clair3	ilmn_all_downsamples_a	ILMN		15	0	16.939829	15	0.0		17.0	0.0
I2-HG003-15x-6-D0-PF-ILMN-NOVASEQ-bwa2a-clair3-All	All	I2-HG003-15x-6-D0-PF-ILMN-NOVASEQ	2505355380.0	2501784028.0	19868.0	3551484.0	45821.0	0.9908366378807076	0.9944368407258651	0.9999816850054698	0.012737591057750177	0.9872624089422498	0.9872624089422498	HG003	giabHC_x_ultima	-1	-2	bwa2a	clair3	ilmn_all_downsamples_a	ILMN		15	0	16.939829	15	0.0		17.0	0.0
I2-HG003-15x-6-D0-PF-ILMN-NOVASEQ-bwa2a-clair3-SNPts	SNPts	I2-HG003-15x-6-D0-PF-ILMN-NOVASEQ	332544085.0	332287235.0	1027.0	255823.0	4602.0	0.9891179739983568	0.9960015573291805	0.9999861507281023	0.017671114524335223	0.9823288854756648	0.9823288854756648	HG003	giabHC_x_ultima_x_clinvar	-1	-2	bwa2a	clair3	ilmn_all_downsamples_a	ILMN		15	0	16.939829	15	0.0		17.0	0.0
I2-HG003-15x-6-D0-PF-ILMN-NOVASEQ-bwa2a-clair3-SNPtv	SNPtv	I2-HG003-15x-6-D0-PF-ILMN-NOVASEQ	332544085.0	332429430.0	579.0	114076.0	1249.0	0.9920514827376293	0.9949500675940867	0.9999962428257111	0.010830262302189465	0.9891697376978106	0.9891697376978106	HG003	giabHC_x_ultima_x_clinvar	-1	-2	bwa2a	clair3	ilmn_all_downsamples_a	ILMN		15	0	16.939829	15	0.0		17.0	0.0
I2-HG003-15x-6-D0-PF-ILMN-NOVASEQ-bwa2a-clair3-INS_50	INS_50	I2-HG003-15x-6-D0-PF-ILMN-NOVASEQ	332544085.0	332526601.0	240.0	17244.0	76.0	0.990920583840938	0.9862731640356898	0.9999997714469087	0.004387990762124711	0.9956120092378753	0.9956120092378753	HG003	giabHC_x_ultima_x_clinvar	-1	-2	bwa2a	clair3	ilmn_all_downsamples_a	ILMN		15	0	16.939829	15	0.0		17.0	0.0
I2-HG003-15x-6-D0-PF-ILMN-NOVASEQ-bwa2a-clair3-INS_gt50	INS_gt50	I2-HG003-15x-6-D0-PF-ILMN-NOVASEQ	332544085.0	332544085.0	0.0	0.0	0.0			1.0				HG003	giabHC_x_ultima_x_clinvar	-1	-2	bwa2a	clair3	ilmn_all_downsamples_a	ILMN		15	0	16.939829	15	0.0		17.0	0.0
I2-HG003-15x-6-D0-PF-ILMN-NOVASEQ-bwa2a-clair3-DEL_50	DEL_50	I2-HG003-15x-6-D0-PF-ILMN-NOVASEQ	332544085.0	332525149.0	172.0	18764.0	115.0	0.9924104191458416	0.9909167722855936	0.9999996541616158	0.006091424333915991	0.993908575666084	0.993908575666084	HG003	giabHC_x_ultima_x_clinvar	-1	-2	bwa2a	clair3	ilmn_all_downsamples_a	ILMN		15	0	16.939829	15	0.0		17.0	0.0
I2-HG003-15x-6-D0-PF-ILMN-NOVASEQ-bwa2a-clair3-DEL_gt50	DEL_gt50	I2-HG003-15x-6-D0-PF-ILMN-NOVASEQ	332544085.0	332544085.0	0.0	0.0	0.0			1.0				HG003	giabHC_x_ultima_x_clinvar	-1	-2	bwa2a	clair3	ilmn_all_downsamples_a	ILMN		15	0	16.939829	15	0.0		17.0	0.0
I2-HG003-15x-6-D0-PF-ILMN-NOVASEQ-bwa2a-clair3-Indel_50	Indel_50	I2-HG003-15x-6-D0-PF-ILMN-NOVASEQ	332544085.0	332542789.0	14.0	1282.0	1.0	0.9941837921675067	0.9891975308641975	0.9999999969928682	0.000779423226812159	0.9992205767731879	0.9992205767731879	HG003	giabHC_x_ultima_x_clinvar	-1	-2	bwa2a	clair3	ilmn_all_downsamples_a	ILMN		15	0	16.939829	15	0.0		17.0	0.0
I2-HG003-15x-6-D0-PF-ILMN-NOVASEQ-bwa2a-clair3-Indel_gt50	Indel_gt50	I2-HG003-15x-6-D0-PF-ILMN-NOVASEQ	332544085.0	332544057.0	1.0	27.0	0.0	0.9818181818181818	0.9642857142857143	1.0	0.0	1.0	1.0	HG003	giabHC_x_ultima_x_clinvar	-1	-2	bwa2a	clair3	ilmn_all_downsamples_a	ILMN		15	0	16.939829	15	0.0		17.0	0.0
I2-HG003-15x-6-D0-PF-ILMN-NOVASEQ-bwa2a-clair3-All	All	I2-HG003-15x-6-D0-PF-ILMN-NOVASEQ	332544085.0	332134836.0	2033.0	407216.0	6043.0	0.9901812505167124	0.995032364159717	0.9999818059131469	0.014622791034194053	0.9853772089658059	0.9853772089658059	HG003	giabHC_x_ultima_x_clinvar	-1	-2	bwa2a	clair3	ilmn_all_downsamples_a	ILMN		15	0	16.939829	15	0.0		17.0	0.0
I2-HG003-15x-6-D0-PF-ILMN-NOVASEQ-bwa2a-clair3-SNPts	SNPts	I2-HG003-15x-6-D0-PF-ILMN-NOVASEQ	688815815.0	688747497.0	4286.0	64032.0	0.0	0.9676161692482056	0.937263971427735	1.0	0.0	1.0	1.0	HG003	hg38_m_giabHC	-1	-2	bwa2a	clair3	ilmn_all_downsamples_a	ILMN		15	0	16.939829	15	0.0		17.0	0.0
I2-HG003-15x-6-D0-PF-ILMN-NOVASEQ-bwa2a-clair3-SNPtv	SNPtv	I2-HG003-15x-6-D0-PF-ILMN-NOVASEQ	688815815.0	688780231.0	2466.0	33118.0	0.0	0.9641058484469156	0.930699190647482	1.0	0.0	1.0	1.0	HG003	hg38_m_giabHC	-1	-2	bwa2a	clair3	ilmn_all_downsamples_a	ILMN		15	0	16.939829	15	0.0		17.0	0.0
I2-HG003-15x-6-D0-PF-ILMN-NOVASEQ-bwa2a-clair3-INS_50	INS_50	I2-HG003-15x-6-D0-PF-ILMN-NOVASEQ	688815815.0	688788992.0	3441.0	23382.0	0.0	0.9314610098595758	0.871714573313947	1.0	0.0	1.0	1.0	HG003	hg38_m_giabHC	-1	-2	bwa2a	clair3	ilmn_all_downsamples_a	ILMN		15	0	16.939829	15	0.0		17.0	0.0
I2-HG003-15x-6-D0-PF-ILMN-NOVASEQ-bwa2a-clair3-INS_gt50	INS_gt50	I2-HG003-15x-6-D0-PF-ILMN-NOVASEQ	688815815.0	688815579.0	236.0	0.0	0.0		0.0	1.0				HG003	hg38_m_giabHC	-1	-2	bwa2a	clair3	ilmn_all_downsamples_a	ILMN		15	0	16.939829	15	0.0		17.0	0.0
I2-HG003-15x-6-D0-PF-ILMN-NOVASEQ-bwa2a-clair3-DEL_50	DEL_50	I2-HG003-15x-6-D0-PF-ILMN-NOVASEQ	688815815.0	688788690.0	2462.0	24663.0	0.0	0.9524600293504286	0.9092350230414746	1.0	0.0	1.0	1.0	HG003	hg38_m_giabHC	-1	-2	bwa2a	clair3	ilmn_all_downsamples_a	ILMN		15	0	16.939829	15	0.0		17.0	0.0
I2-HG003-15x-6-D0-PF-ILMN-NOVASEQ-bwa2a-clair3-DEL_gt50	DEL_gt50	I2-HG003-15x-6-D0-PF-ILMN-NOVASEQ	688815815.0	688815677.0	137.0	1.0	0.0	0.014388489208633093	0.007246376811594203	1.0	0.0	1.0	1.0	HG003	hg38_m_giabHC	-1	-2	bwa2a	clair3	ilmn_all_downsamples_a	ILMN		15	0	16.939829	15	0.0		17.0	0.0
I2-HG003-15x-6-D0-PF-ILMN-NOVASEQ-bwa2a-clair3-Indel_50	Indel_50	I2-HG003-15x-6-D0-PF-ILMN-NOVASEQ	688815815.0	688806268.0	531.0	9016.0	0.0	0.9713947099068039	0.9443804336440766	1.0	0.0	1.0	1.0	HG003	hg38_m_giabHC	-1	-2	bwa2a	clair3	ilmn_all_downsamples_a	ILMN		15	0	16.939829	15	0.0		17.0	0.0
I2-HG003-15x-6-D0-PF-ILMN-NOVASEQ-bwa2a-clair3-Indel_gt50	Indel_gt50	I2-HG003-15x-6-D0-PF-ILMN-NOVASEQ	688815815.0	688814815.0	146.0	854.0	0.0	0.9212513484358144	0.854	1.0	0.0	1.0	1.0	HG003	hg38_m_giabHC	-1	-2	bwa2a	clair3	ilmn_all_downsamples_a	ILMN		15	0	16.939829	15	0.0		17.0	0.0
I2-HG003-15x-6-D0-PF-ILMN-NOVASEQ-bwa2a-clair3-All	All	I2-HG003-15x-6-D0-PF-ILMN-NOVASEQ	688815815.0	688647044.0	13705.0	155066.0	0.0	0.9576793263277513	0.9187952906601252	1.0	0.0	1.0	1.0	HG003	hg38_m_giabHC	-1	-2	bwa2a	clair3	ilmn_all_downsamples_a	ILMN		15	0	16.939829	15	0.0		17.0	0.0
I2-HG003-15x-6-D0-PF-ILMN-NOVASEQ-bwa2a-clair3-SNPts	SNPts	I2-HG003-15x-6-D0-PF-ILMN-NOVASEQ	2528531102.0	2526276120.0	20475.0	2234507.0	41786.0	0.9862597171877673	0.9909201049054936	0.9999834597221906	0.018357039273942326	0.9816429607260577	0.9816429607260577	HG003	giabHC	-1	-2	bwa2a	clair3	ilmn_all_downsamples_a	ILMN		15	0	16.939829	15	0.0		17.0	0.0
I2-HG003-15x-6-D0-PF-ILMN-NOVASEQ-bwa2a-clair3-SNPtv	SNPtv	I2-HG003-15x-6-D0-PF-ILMN-NOVASEQ	2528531102.0	2527458865.0	11697.0	1060540.0	10452.0	0.9896655933640316	0.9890910311806065	0.9999958646382254	0.009759176539133812	0.9902408234608662	0.9902408234608662	HG003	giabHC	-1	-2	bwa2a	clair3	ilmn_all_downsamples_a	ILMN		15	0	16.939829	15	0.0		17.0	0.0
I2-HG003-15x-6-D0-PF-ILMN-NOVASEQ-bwa2a-clair3-INS_50	INS_50	I2-HG003-15x-6-D0-PF-ILMN-NOVASEQ	2528531102.0	2528302626.0	4449.0	224027.0	1835.0	0.9861688874802461	0.9805274952292582	0.9999992742171568	0.008124429961658004	0.991875570038342	0.991875570038342	HG003	giabHC	-1	-2	bwa2a	clair3	ilmn_all_downsamples_a	ILMN		15	0	16.939829	15	0.0		17.0	0.0
I2-HG003-15x-6-D0-PF-ILMN-NOVASEQ-bwa2a-clair3-INS_gt50	INS_gt50	I2-HG003-15x-6-D0-PF-ILMN-NOVASEQ	2528531102.0	2528531101.0	1.0	0.0	0.0		0.0	1.0				HG003	giabHC	-1	-2	bwa2a	clair3	ilmn_all_downsamples_a	ILMN		15	0	16.939829	15	0.0		17.0	0.0
I2-HG003-15x-6-D0-PF-ILMN-NOVASEQ-bwa2a-clair3-DEL_50	DEL_50	I2-HG003-15x-6-D0-PF-ILMN-NOVASEQ	2528531102.0	2528288249.0	3152.0	239701.0	1968.0	0.9894328843685116	0.9870209550633511	0.9999992216083475	0.008143369650224067	0.9918566303497759	0.9918566303497759	HG003	giabHC	-1	-2	bwa2a	clair3	ilmn_all_downsamples_a	ILMN		15	0	16.939829	15	0.0		17.0	0.0
I2-HG003-15x-6-D0-PF-ILMN-NOVASEQ-bwa2a-clair3-DEL_gt50	DEL_gt50	I2-HG003-15x-6-D0-PF-ILMN-NOVASEQ	2528531102.0	2528531102.0	0.0	0.0	1.0			0.9999999996045135	1.0	0.0	0.0	HG003	giabHC	-1	-2	bwa2a	clair3	ilmn_all_downsamples_a	ILMN		15	0	16.939829	15	0.0		17.0	0.0
I2-HG003-15x-6-D0-PF-ILMN-NOVASEQ-bwa2a-clair3-Indel_50	Indel_50	I2-HG003-15x-6-D0-PF-ILMN-NOVASEQ	2528531102.0	2528498665.0	421.0	32016.0	32.0	0.9929751104908119	0.9870209945432685	0.9999999873442688	0.000998502246630055	0.99900149775337	0.99900149775337	HG003	giabHC	-1	-2	bwa2a	clair3	ilmn_all_downsamples_a	ILMN		15	0	16.939829	15	0.0		17.0	0.0
I2-HG003-15x-6-D0-PF-ILMN-NOVASEQ-bwa2a-clair3-Indel_gt50	Indel_gt50	I2-HG003-15x-6-D0-PF-ILMN-NOVASEQ	2528531102.0	2528530664.0	26.0	412.0	0.0	0.9694117647058823	0.9406392694063926	1.0	0.0	1.0	1.0	HG003	giabHC	-1	-2	bwa2a	clair3	ilmn_all_downsamples_a	ILMN		15	0	16.939829	15	0.0		17.0	0.0
I2-HG003-15x-6-D0-PF-ILMN-NOVASEQ-bwa2a-clair3-All	All	I2-HG003-15x-6-D0-PF-ILMN-NOVASEQ	2528531102.0	2524699678.0	40221.0	3791203.0	56074.0	0.9874594674281496	0.9895023364681121	0.9999777903268641	0.014574983813226862	0.9854250161867731	0.9854250161867731	HG003	giabHC	-1	-2	bwa2a	clair3	ilmn_all_downsamples_a	ILMN		15	0	16.939829	15	0.0		17.0	0.0
I2-HG003-15x-6-D0-PF-ILMN-NOVASEQ-sent-clair3-SNPts	SNPts	I2-HG003-15x-6-D0-PF-ILMN-NOVASEQ	2528531102.0	2526276120.0	19921.0	2235061.0	42835.0	0.9861553741353727	0.9911657831415063	0.9999830445004123	0.01880463374974099	0.981195366250259	0.981195366250259	HG003	giabHC	-1	-2	sent	clair3	ilmn_all_downsamples_a	ILMN		15	0	16.938101	15	0.0		17.0	0.0
I2-HG003-15x-6-D0-PF-ILMN-NOVASEQ-sent-clair3-SNPtv	SNPtv	I2-HG003-15x-6-D0-PF-ILMN-NOVASEQ	2528531102.0	2527458871.0	11325.0	1060906.0	11254.0	0.9894706702275844	0.9894379103010452	0.9999955473262023	0.010496567676466199	0.9895034323235338	0.9895034323235338	HG003	giabHC	-1	-2	sent	clair3	ilmn_all_downsamples_a	ILMN		15	0	16.938101	15	0.0		17.0	0.0
I2-HG003-15x-6-D0-PF-ILMN-NOVASEQ-sent-clair3-INS_50	INS_50	I2-HG003-15x-6-D0-PF-ILMN-NOVASEQ	2528531102.0	2528302638.0	4431.0	224033.0	1826.0	0.9862278599146422	0.9806052594719518	0.9999992777768556	0.008084690005711529	0.9919153099942885	0.9919153099942885	HG003	giabHC	-1	-2	sent	clair3	ilmn_all_downsamples_a	ILMN		15	0	16.938101	15	0.0		17.0	0.0
I2-HG003-15x-6-D0-PF-ILMN-NOVASEQ-sent-clair3-INS_gt50	INS_gt50	I2-HG003-15x-6-D0-PF-ILMN-NOVASEQ	2528531102.0	2528531101.0	1.0	0.0	0.0		0.0	1.0				HG003	giabHC	-1	-2	sent	clair3	ilmn_all_downsamples_a	ILMN		15	0	16.938101	15	0.0		17.0	0.0
I2-HG003-15x-6-D0-PF-ILMN-NOVASEQ-sent-clair3-DEL_50	DEL_50	I2-HG003-15x-6-D0-PF-ILMN-NOVASEQ	2528531102.0	2528288235.0	3128.0	239739.0	1979.0	0.9894610852585202	0.9871205227552529	0.9999992172575802	0.00818722643741881	0.9918127735625812	0.9918127735625812	HG003	giabHC	-1	-2	sent	clair3	ilmn_all_downsamples_a	ILMN		15	0	16.938101	15	0.0		17.0	0.0
I2-HG003-15x-6-D0-PF-ILMN-NOVASEQ-sent-clair3-DEL_gt50	DEL_gt50	I2-HG003-15x-6-D0-PF-ILMN-NOVASEQ	2528531102.0	2528531102.0	0.0	0.0	1.0			0.9999999996045135	1.0	0.0	0.0	HG003	giabHC	-1	-2	sent	clair3	ilmn_all_downsamples_a	ILMN		15	0	16.938101	15	0.0		17.0	0.0
I2-HG003-15x-6-D0-PF-ILMN-NOVASEQ-sent-clair3-Indel_50	Indel_50	I2-HG003-15x-6-D0-PF-ILMN-NOVASEQ	2528531102.0	2528498668.0	429.0	32005.0	30.0	0.9928802990584623	0.9867731392982673	0.9999999881352519	0.0009364757296706727	0.9990635242703293	0.9990635242703293	HG003	giabHC	-1	-2	sent	clair3	ilmn_all_downsamples_a	ILMN		15	0	16.938101	15	0.0		17.0	0.0
I2-HG003-15x-6-D0-PF-ILMN-NOVASEQ-sent-clair3-Indel_gt50	Indel_gt50	I2-HG003-15x-6-D0-PF-ILMN-NOVASEQ	2528531102.0	2528530666.0	23.0	413.0	0.0	0.9729093050647821	0.9472477064220184	1.0	0.0	1.0	1.0	HG003	giabHC	-1	-2	sent	clair3	ilmn_all_downsamples_a	ILMN		15	0	16.938101	15	0.0		17.0	0.0
I2-HG003-15x-6-D0-PF-ILMN-NOVASEQ-sent-clair3-All	All	I2-HG003-15x-6-D0-PF-ILMN-NOVASEQ	2528531102.0	2524699687.0	39258.0	3792157.0	57925.0	0.9873484296094889	0.9897536549812537	0.9999770572035411	0.015045134103637272	0.9849548658963627	0.9849548658963627	HG003	giabHC	-1	-2	sent	clair3	ilmn_all_downsamples_a	ILMN		15	0	16.938101	15	0.0		17.0	0.0
I2-HG003-15x-6-D0-PF-ILMN-NOVASEQ-sent-clair3-SNPts	SNPts	I2-HG003-15x-6-D0-PF-ILMN-NOVASEQ	377862616.0	377589319.0	3114.0	270183.0	51203.0	0.9086622620791245	0.9886058024786222	0.9998644133851716	0.15931932318147027	0.8406806768185298	0.8406806768185298	HG003	clinvar_genes	-1	-2	sent	clair3	ilmn_all_downsamples_a	ILMN		15	0	16.938101	15	0.0		17.0	0.0
I2-HG003-15x-6-D0-PF-ILMN-NOVASEQ-sent-clair3-SNPtv	SNPtv	I2-HG003-15x-6-D0-PF-ILMN-NOVASEQ	377862616.0	377738179.0	1633.0	122804.0	26595.0	0.8969164025182956	0.9868768935284522	0.9999295990472632	0.17801323971378658	0.8219867602862134	0.8219867602862134	HG003	clinvar_genes	-1	-2	sent	clair3	ilmn_all_downsamples_a	ILMN		15	0	16.938101	15	0.0		17.0	0.0
I2-HG003-15x-6-D0-PF-ILMN-NOVASEQ-sent-clair3-INS_50	INS_50	I2-HG003-15x-6-D0-PF-ILMN-NOVASEQ	377862616.0	377833578.0	902.0	28136.0	16945.0	0.7592115382020805	0.9689372546318616	0.9999551542237776	0.3758789734034294	0.6241210265965706	0.6241210265965706	HG003	clinvar_genes	-1	-2	sent	clair3	ilmn_all_downsamples_a	ILMN		15	0	16.938101	15	0.0		17.0	0.0
I2-HG003-15x-6-D0-PF-ILMN-NOVASEQ-sent-clair3-INS_gt50	INS_gt50	I2-HG003-15x-6-D0-PF-ILMN-NOVASEQ	377862616.0	377862586.0	30.0	0.0	0.0		0.0	1.0				HG003	clinvar_genes	-1	-2	sent	clair3	ilmn_all_downsamples_a	ILMN		15	0	16.938101	15	0.0		17.0	0.0
I2-HG003-15x-6-D0-PF-ILMN-NOVASEQ-sent-clair3-DEL_50	DEL_50	I2-HG003-15x-6-D0-PF-ILMN-NOVASEQ	377862616.0	377831827.0	597.0	30192.0	17564.0	0.7687822267489973	0.9806099581019195	0.9999535158705601	0.3677862467543345	0.6322137532456655	0.6322137532456654	HG003	clinvar_genes	-1	-2	sent	clair3	ilmn_all_downsamples_a	ILMN		15	0	16.938101	15	0.0		17.0	0.0
I2-HG003-15x-6-D0-PF-ILMN-NOVASEQ-sent-clair3-DEL_gt50	DEL_gt50	I2-HG003-15x-6-D0-PF-ILMN-NOVASEQ	377862616.0	377862598.0	18.0	0.0	5.0		0.0	0.999999986767677	1.0	0.0	0.0	HG003	clinvar_genes	-1	-2	sent	clair3	ilmn_all_downsamples_a	ILMN		15	0	16.938101	15	0.0		17.0	0.0
I2-HG003-15x-6-D0-PF-ILMN-NOVASEQ-sent-clair3-Indel_50	Indel_50	I2-HG003-15x-6-D0-PF-ILMN-NOVASEQ	377862616.0	377858452.0	82.0	4082.0	4382.0	0.6464998416217929	0.9803073967339097	0.9999884031992413	0.5177221172022685	0.48227788279773154	0.4822778827977316	HG003	clinvar_genes	-1	-2	sent	clair3	ilmn_all_downsamples_a	ILMN		15	0	16.938101	15	0.0		17.0	0.0
I2-HG003-15x-6-D0-PF-ILMN-NOVASEQ-sent-clair3-Indel_gt50	Indel_gt50	I2-HG003-15x-6-D0-PF-ILMN-NOVASEQ	377862616.0	377862463.0	19.0	134.0	129.0	0.6442307692307692	0.8758169934640523	0.9999996586060576	0.49049429657794674	0.5095057034220533	0.5095057034220533	HG003	clinvar_genes	-1	-2	sent	clair3	ilmn_all_downsamples_a	ILMN		15	0	16.938101	15	0.0		17.0	0.0
I2-HG003-15x-6-D0-PF-ILMN-NOVASEQ-sent-clair3-All	All	I2-HG003-15x-6-D0-PF-ILMN-NOVASEQ	377862616.0	377400690.0	6395.0	455531.0	116823.0	0.8808659163862784	0.986155791187333	0.9996905494553838	0.20410969435000018	0.7958903056499999	0.7958903056499999	HG003	clinvar_genes	-1	-2	sent	clair3	ilmn_all_downsamples_a	ILMN		15	0	16.938101	15	0.0		17.0	0.0
I2-HG003-15x-6-D0-PF-ILMN-NOVASEQ-sent-clair3-SNPts	SNPts	I2-HG003-15x-6-D0-PF-ILMN-NOVASEQ	2505355380.0	2503152124.0	9906.0	2193350.0	36940.0	0.9894337399454071	0.9955039269154379	0.9999852428246306	0.01656286850588937	0.9834371314941106	0.9834371314941106	HG003	giabHC_x_ultima	-1	-2	sent	clair3	ilmn_all_downsamples_a	ILMN		15	0	16.938101	15	0.0		17.0	0.0
I2-HG003-15x-6-D0-PF-ILMN-NOVASEQ-sent-clair3-SNPtv	SNPtv	I2-HG003-15x-6-D0-PF-ILMN-NOVASEQ	2505355380.0	2504320623.0	5879.0	1028878.0	8871.0	0.9928830121601578	0.9943184728395169	0.9999964577344869	0.008548309851418792	0.9914516901485813	0.9914516901485813	HG003	giabHC_x_ultima	-1	-2	sent	clair3	ilmn_all_downsamples_a	ILMN		15	0	16.938101	15	0.0		17.0	0.0
I2-HG003-15x-6-D0-PF-ILMN-NOVASEQ-sent-clair3-INS_50	INS_50	I2-HG003-15x-6-D0-PF-ILMN-NOVASEQ	2505355380.0	2505201683.0	2086.0	151611.0	637.0	0.9910997074637597	0.9864278417926179	0.9999997457291194	0.004183963007724239	0.9958160369922757	0.9958160369922757	HG003	giabHC_x_ultima	-1	-2	sent	clair3	ilmn_all_downsamples_a	ILMN		15	0	16.938101	15	0.0		17.0	0.0
I2-HG003-15x-6-D0-PF-ILMN-NOVASEQ-sent-clair3-INS_gt50	INS_gt50	I2-HG003-15x-6-D0-PF-ILMN-NOVASEQ	2505355380.0	2505355380.0	0.0	0.0	0.0			1.0				HG003	giabHC_x_ultima	-1	-2	sent	clair3	ilmn_all_downsamples_a	ILMN		15	0	16.938101	15	0.0		17.0	0.0
I2-HG003-15x-6-D0-PF-ILMN-NOVASEQ-sent-clair3-DEL_50	DEL_50	I2-HG003-15x-6-D0-PF-ILMN-NOVASEQ	2505355380.0	2505189931.0	1645.0	163804.0	876.0	0.9923635912022271	0.9900573590653313	0.999999650326036	0.005319407335438426	0.9946805926645615	0.9946805926645615	HG003	giabHC_x_ultima	-1	-2	sent	clair3	ilmn_all_downsamples_a	ILMN		15	0	16.938101	15	0.0		17.0	0.0
I2-HG003-15x-6-D0-PF-ILMN-NOVASEQ-sent-clair3-DEL_gt50	DEL_gt50	I2-HG003-15x-6-D0-PF-ILMN-NOVASEQ	2505355380.0	2505355380.0	0.0	0.0	1.0			0.9999999996008551	1.0	0.0	0.0	HG003	giabHC_x_ultima	-1	-2	sent	clair3	ilmn_all_downsamples_a	ILMN		15	0	16.938101	15	0.0		17.0	0.0
I2-HG003-15x-6-D0-PF-ILMN-NOVASEQ-sent-clair3-Indel_50	Indel_50	I2-HG003-15x-6-D0-PF-ILMN-NOVASEQ	2505355380.0	2505341530.0	177.0	13673.0	6.0	0.9933524646736168	0.9872202166064982	0.9999999976051169	0.0004386285547189122	0.9995613714452811	0.9995613714452811	HG003	giabHC_x_ultima	-1	-2	sent	clair3	ilmn_all_downsamples_a	ILMN		15	0	16.938101	15	0.0		17.0	0.0
I2-HG003-15x-6-D0-PF-ILMN-NOVASEQ-sent-clair3-Indel_gt50	Indel_gt50	I2-HG003-15x-6-D0-PF-ILMN-NOVASEQ	2505355380.0	2505355036.0	10.0	334.0	0.0	0.9852507374631269	0.9709302325581395	1.0	0.0	1.0	1.0	HG003	giabHC_x_ultima	-1	-2	sent	clair3	ilmn_all_downsamples_a	ILMN		15	0	16.938101	15	0.0		17.0	0.0
I2-HG003-15x-6-D0-PF-ILMN-NOVASEQ-sent-clair3-All	All	I2-HG003-15x-6-D0-PF-ILMN-NOVASEQ	2505355380.0	2501784027.0	19703.0	3551650.0	47331.0	0.9906512025799635	0.9944830432611954	0.9999810814586488	0.013151222526598502	0.9868487774734015	0.9868487774734015	HG003	giabHC_x_ultima	-1	-2	sent	clair3	ilmn_all_downsamples_a	ILMN		15	0	16.938101	15	0.0		17.0	0.0
I2-HG003-15x-6-D0-PF-ILMN-NOVASEQ-sent-clair3-SNPts	SNPts	I2-HG003-15x-6-D0-PF-ILMN-NOVASEQ	332544085.0	332287235.0	1027.0	255823.0	4572.0	0.9891753424392696	0.9960015573291805	0.9999862410089455	0.01755794082067628	0.9824420591793237	0.9824420591793237	HG003	giabHC_x_ultima_x_clinvar	-1	-2	sent	clair3	ilmn_all_downsamples_a	ILMN		15	0	16.938101	15	0.0		17.0	0.0
I2-HG003-15x-6-D0-PF-ILMN-NOVASEQ-sent-clair3-SNPtv	SNPtv	I2-HG003-15x-6-D0-PF-ILMN-NOVASEQ	332544085.0	332429430.0	587.0	114068.0	1226.0	0.9921156430338901	0.9948802930530722	0.9999963120128127	0.01063368432008604	0.989366315679914	0.989366315679914	HG003	giabHC_x_ultima_x_clinvar	-1	-2	sent	clair3	ilmn_all_downsamples_a	ILMN		15	0	16.938101	15	0.0		17.0	0.0
I2-HG003-15x-6-D0-PF-ILMN-NOVASEQ-sent-clair3-INS_50	INS_50	I2-HG003-15x-6-D0-PF-ILMN-NOVASEQ	332544085.0	332526600.0	236.0	17249.0	75.0	0.9910655290298486	0.9865027166142408	0.9999997744541848	0.004329254213807435	0.9956707457861925	0.9956707457861925	HG003	giabHC_x_ultima_x_clinvar	-1	-2	sent	clair3	ilmn_all_downsamples_a	ILMN		15	0	16.938101	15	0.0		17.0	0.0
I2-HG003-15x-6-D0-PF-ILMN-NOVASEQ-sent-clair3-INS_gt50	INS_gt50	I2-HG003-15x-6-D0-PF-ILMN-NOVASEQ	332544085.0	332544085.0	0.0	0.0	0.0			1.0				HG003	giabHC_x_ultima_x_clinvar	-1	-2	sent	clair3	ilmn_all_downsamples_a	ILMN		15	0	16.938101	15	0.0		17.0	0.0
I2-HG003-15x-6-D0-PF-ILMN-NOVASEQ-sent-clair3-DEL_50	DEL_50	I2-HG003-15x-6-D0-PF-ILMN-NOVASEQ	332544085.0	332525150.0	172.0	18763.0	119.0	0.9923050479942883	0.9909162925798786	0.9999996421324601	0.006302298485329944	0.9936977015146701	0.9936977015146701	HG003	giabHC_x_ultima_x_clinvar	-1	-2	sent	clair3	ilmn_all_downsamples_a	ILMN		15	0	16.938101	15	0.0		17.0	0.0
I2-HG003-15x-6-D0-PF-ILMN-NOVASEQ-sent-clair3-DEL_gt50	DEL_gt50	I2-HG003-15x-6-D0-PF-ILMN-NOVASEQ	332544085.0	332544085.0	0.0	0.0	0.0			1.0				HG003	giabHC_x_ultima_x_clinvar	-1	-2	sent	clair3	ilmn_all_downsamples_a	ILMN		15	0	16.938101	15	0.0		17.0	0.0
I2-HG003-15x-6-D0-PF-ILMN-NOVASEQ-sent-clair3-Indel_50	Indel_50	I2-HG003-15x-6-D0-PF-ILMN-NOVASEQ	332544085.0	332542791.0	12.0	1282.0	1.0	0.9949553744664338	0.990726429675425	0.9999999969928682	0.000779423226812159	0.9992205767731879	0.9992205767731879	HG003	giabHC_x_ultima_x_clinvar	-1	-2	sent	clair3	ilmn_all_downsamples_a	ILMN		15	0	16.938101	15	0.0		17.0	0.0
I2-HG003-15x-6-D0-PF-ILMN-NOVASEQ-sent-clair3-Indel_gt50	Indel_gt50	I2-HG003-15x-6-D0-PF-ILMN-NOVASEQ	332544085.0	332544056.0	1.0	28.0	0.0	0.9824561403508771	0.9655172413793104	1.0	0.0	1.0	1.0	HG003	giabHC_x_ultima_x_clinvar	-1	-2	sent	clair3	ilmn_all_downsamples_a	ILMN		15	0	16.938101	15	0.0		17.0	0.0
I2-HG003-15x-6-D0-PF-ILMN-NOVASEQ-sent-clair3-All	All	I2-HG003-15x-6-D0-PF-ILMN-NOVASEQ	332544085.0	332134837.0	2035.0	407213.0	5993.0	0.9902389677720577	0.9950274650089921	0.9999819564490159	0.014503661611883661	0.9854963383881163	0.9854963383881163	HG003	giabHC_x_ultima_x_clinvar	-1	-2	sent	clair3	ilmn_all_downsamples_a	ILMN		15	0	16.938101	15	0.0		17.0	0.0
I2-HG003-15x-6-D0-PF-ILMN-NOVASEQ-sent-clair3-SNPts	SNPts	I2-HG003-15x-6-D0-PF-ILMN-NOVASEQ	688815815.0	688747509.0	4233.0	64073.0	0.0	0.9680236291254656	0.9380288700846192	1.0	0.0	1.0	1.0	HG003	hg38_m_giabHC	-1	-2	sent	clair3	ilmn_all_downsamples_a	ILMN		15	0	16.938101	15	0.0		17.0	0.0
I2-HG003-15x-6-D0-PF-ILMN-NOVASEQ-sent-clair3-SNPtv	SNPtv	I2-HG003-15x-6-D0-PF-ILMN-NOVASEQ	688815815.0	688780234.0	2438.0	33143.0	0.0	0.964524765729585	0.9314802844214609	1.0	0.0	1.0	1.0	HG003	hg38_m_giabHC	-1	-2	sent	clair3	ilmn_all_downsamples_a	ILMN		15	0	16.938101	15	0.0		17.0	0.0
I2-HG003-15x-6-D0-PF-ILMN-NOVASEQ-sent-clair3-INS_50	INS_50	I2-HG003-15x-6-D0-PF-ILMN-NOVASEQ	688815815.0	688788997.0	3442.0	23376.0	0.0	0.9314260668605809	0.8716533671414721	1.0	0.0	1.0	1.0	HG003	hg38_m_giabHC	-1	-2	sent	clair3	ilmn_all_downsamples_a	ILMN		15	0	16.938101	15	0.0		17.0	0.0
I2-HG003-15x-6-D0-PF-ILMN-NOVASEQ-sent-clair3-INS_gt50	INS_gt50	I2-HG003-15x-6-D0-PF-ILMN-NOVASEQ	688815815.0	688815579.0	236.0	0.0	0.0		0.0	1.0				HG003	hg38_m_giabHC	-1	-2	sent	clair3	ilmn_all_downsamples_a	ILMN		15	0	16.938101	15	0.0		17.0	0.0
I2-HG003-15x-6-D0-PF-ILMN-NOVASEQ-sent-clair3-DEL_50	DEL_50	I2-HG003-15x-6-D0-PF-ILMN-NOVASEQ	688815815.0	688788685.0	2425.0	24705.0	0.0	0.9532169383621105	0.9106155547364541	1.0	0.0	1.0	1.0	HG003	hg38_m_giabHC	-1	-2	sent	clair3	ilmn_all_downsamples_a	ILMN		15	0	16.938101	15	0.0		17.0	0.0
I2-HG003-15x-6-D0-PF-ILMN-NOVASEQ-sent-clair3-DEL_gt50	DEL_gt50	I2-HG003-15x-6-D0-PF-ILMN-NOVASEQ	688815815.0	688815677.0	136.0	2.0	0.0	0.02857142857142857	0.014492753623188406	1.0	0.0	1.0	1.0	HG003	hg38_m_giabHC	-1	-2	sent	clair3	ilmn_all_downsamples_a	ILMN		15	0	16.938101	15	0.0		17.0	0.0
I2-HG003-15x-6-D0-PF-ILMN-NOVASEQ-sent-clair3-Indel_50	Indel_50	I2-HG003-15x-6-D0-PF-ILMN-NOVASEQ	688815815.0	688806277.0	526.0	9012.0	0.0	0.971644204851752	0.9448521702663032	1.0	0.0	1.0	1.0	HG003	hg38_m_giabHC	-1	-2	sent	clair3	ilmn_all_downsamples_a	ILMN		15	0	16.938101	15	0.0		17.0	0.0
I2-HG003-15x-6-D0-PF-ILMN-NOVASEQ-sent-clair3-Indel_gt50	Indel_gt50	I2-HG003-15x-6-D0-PF-ILMN-NOVASEQ	688815815.0	688814809.0	150.0	856.0	0.0	0.9194414607948442	0.8508946322067594	1.0	0.0	1.0	1.0	HG003	hg38_m_giabHC	-1	-2	sent	clair3	ilmn_all_downsamples_a	ILMN		15	0	16.938101	15	0.0		17.0	0.0
I2-HG003-15x-6-D0-PF-ILMN-NOVASEQ-sent-clair3-All	All	I2-HG003-15x-6-D0-PF-ILMN-NOVASEQ	688815815.0	688647062.0	13586.0	155167.0	0.0	0.9580575450728576	0.9194918016272303	1.0	0.0	1.0	1.0	HG003	hg38_m_giabHC	-1	-2	sent	clair3	ilmn_all_downsamples_a	ILMN		15	0	16.938101	15	0.0		17.0	0.0
I2-HG003-15x-6-D0-PF-ILMN-NOVASEQ-sent-clair3-SNPts	SNPts	I2-HG003-15x-6-D0-PF-ILMN-NOVASEQ	2799325643.0	2797071138.0	11120.0	2243385.0	263304.0	0.9423623570054067	0.9950676534316846	0.9999058732498887	0.10504055349506859	0.8949594465049314	0.8949594465049314	HG003	ultima	-1	-2	sent	clair3	ilmn_all_downsamples_a	ILMN		15	0	16.938101	15	0.0		17.0	0.0
I2-HG003-15x-6-D0-PF-ILMN-NOVASEQ-sent-clair3-SNPtv	SNPtv	I2-HG003-15x-6-D0-PF-ILMN-NOVASEQ	2799325643.0	2798266373.0	6595.0	1052675.0	125621.0	0.9409107932458751	0.9937740141795764	0.9999551095771181	0.10661243015337403	0.8933875698466259	0.8933875698466259	HG003	ultima	-1	-2	sent	clair3	ilmn_all_downsamples_a	ILMN		15	0	16.938101	15	0.0		17.0	0.0
I2-HG003-15x-6-D0-PF-ILMN-NOVASEQ-sent-clair3-INS_50	INS_50	I2-HG003-15x-6-D0-PF-ILMN-NOVASEQ	2799325643.0	2799161663.0	2838.0	161142.0	27457.0	0.9140759943161675	0.9826930113428467	0.9999901910879105	0.14558401688238007	0.8544159831176199	0.8544159831176199	HG003	ultima	-1	-2	sent	clair3	ilmn_all_downsamples_a	ILMN		15	0	16.938101	15	0.0		17.0	0.0
I2-HG003-15x-6-D0-PF-ILMN-NOVASEQ-sent-clair3-INS_gt50	INS_gt50	I2-HG003-15x-6-D0-PF-ILMN-NOVASEQ	2799325643.0	2799325547.0	96.0	0.0	0.0		0.0	1.0				HG003	ultima	-1	-2	sent	clair3	ilmn_all_downsamples_a	ILMN		15	0	16.938101	15	0.0		17.0	0.0
I2-HG003-15x-6-D0-PF-ILMN-NOVASEQ-sent-clair3-DEL_50	DEL_50	I2-HG003-15x-6-D0-PF-ILMN-NOVASEQ	2799325643.0	2799148253.0	2516.0	174874.0	36825.0	0.8988894571678971	0.9858165623766841	0.9999868443854286	0.17394980609261262	0.8260501939073874	0.8260501939073873	HG003	ultima	-1	-2	sent	clair3	ilmn_all_downsamples_a	ILMN		15	0	16.938101	15	0.0		17.0	0.0
I2-HG003-15x-6-D0-PF-ILMN-NOVASEQ-sent-clair3-DEL_gt50	DEL_gt50	I2-HG003-15x-6-D0-PF-ILMN-NOVASEQ	2799325643.0	2799325554.0	88.0	1.0	24.0	0.017543859649122806	0.011235955056179775	0.9999999914265064	0.96	0.040000000000000036	0.04	HG003	ultima	-1	-2	sent	clair3	ilmn_all_downsamples_a	ILMN		15	0	16.938101	15	0.0		17.0	0.0
I2-HG003-15x-6-D0-PF-ILMN-NOVASEQ-sent-clair3-Indel_50	Indel_50	I2-HG003-15x-6-D0-PF-ILMN-NOVASEQ	2799325643.0	2799308247.0	265.0	17131.0	2848.0	0.9167090301003346	0.9847666130144861	0.999998982606826	0.14254967716101907	0.8574503228389809	0.8574503228389809	HG003	ultima	-1	-2	sent	clair3	ilmn_all_downsamples_a	ILMN		15	0	16.938101	15	0.0		17.0	0.0
I2-HG003-15x-6-D0-PF-ILMN-NOVASEQ-sent-clair3-Indel_gt50	Indel_gt50	I2-HG003-15x-6-D0-PF-ILMN-NOVASEQ	2799325643.0	2799324773.0	43.0	827.0	345.0	0.8099902056807052	0.9505747126436782	0.9999998767560089	0.29436860068259385	0.7056313993174061	0.7056313993174061	HG003	ultima	-1	-2	sent	clair3	ilmn_all_downsamples_a	ILMN		15	0	16.938101	15	0.0		17.0	0.0
I2-HG003-15x-6-D0-PF-ILMN-NOVASEQ-sent-clair3-All	All	I2-HG003-15x-6-D0-PF-ILMN-NOVASEQ	2799325643.0	2795652047.0	23561.0	3650035.0	456424.0	0.93830570606506	0.9935863932778672	0.9998367645587667	0.11114782833579977	0.8888521716642003	0.8888521716642003	HG003	ultima	-1	-2	sent	clair3	ilmn_all_downsamples_a	ILMN		15	0	16.938101	15	0.0		17.0	0.0
I2-HG003-15x-6-D0-PF-ILMN-NOVASEQ-sent-clair3-SNPts	SNPts	I2-HG003-15x-6-D0-PF-ILMN-NOVASEQ	3088286401.0	3085963145.0	24154.0	2299102.0	0.0	0.9947745284982255	0.9896033842159452	1.0	0.0	1.0	1.0	HG003	hg38	-1	-2	sent	clair3	ilmn_all_downsamples_a	ILMN		15	0	16.938101	15	0.0		17.0	0.0
I2-HG003-15x-6-D0-PF-ILMN-NOVASEQ-sent-clair3-SNPtv	SNPtv	I2-HG003-15x-6-D0-PF-ILMN-NOVASEQ	3088286401.0	3087178607.0	13763.0	1094031.0	0.0	0.9937492761686328	0.9875762100173859	1.0	0.0	1.0	1.0	HG003	hg38	-1	-2	sent	clair3	ilmn_all_downsamples_a	ILMN		15	0	16.938101	15	0.0		17.0	0.0
I2-HG003-15x-6-D0-PF-ILMN-NOVASEQ-sent-clair3-INS_50	INS_50	I2-HG003-15x-6-D0-PF-ILMN-NOVASEQ	3088286401.0	3088031047.0	7877.0	247477.0	0.0	0.9843346969458924	0.9691526273330358	1.0	0.0	1.0	1.0	HG003	hg38	-1	-2	sent	clair3	ilmn_all_downsamples_a	ILMN		15	0	16.938101	15	0.0		17.0	0.0
I2-HG003-15x-6-D0-PF-ILMN-NOVASEQ-sent-clair3-INS_gt50	INS_gt50	I2-HG003-15x-6-D0-PF-ILMN-NOVASEQ	3088286401.0	3088286164.0	237.0	0.0	0.0		0.0	1.0				HG003	hg38	-1	-2	sent	clair3	ilmn_all_downsamples_a	ILMN		15	0	16.938101	15	0.0		17.0	0.0
I2-HG003-15x-6-D0-PF-ILMN-NOVASEQ-sent-clair3-DEL_50	DEL_50	I2-HG003-15x-6-D0-PF-ILMN-NOVASEQ	3088286401.0	3088016601.0	5540.0	264260.0	0.0	0.989626633711568	0.979466271312083	1.0	0.0	1.0	1.0	HG003	hg38	-1	-2	sent	clair3	ilmn_all_downsamples_a	ILMN		15	0	16.938101	15	0.0		17.0	0.0
I2-HG003-15x-6-D0-PF-ILMN-NOVASEQ-sent-clair3-DEL_gt50	DEL_gt50	I2-HG003-15x-6-D0-PF-ILMN-NOVASEQ	3088286401.0	3088286263.0	136.0	2.0	0.0	0.02857142857142857	0.014492753623188406	1.0	0.0	1.0	1.0	HG003	hg38	-1	-2	sent	clair3	ilmn_all_downsamples_a	ILMN		15	0	16.938101	15	0.0		17.0	0.0
I2-HG003-15x-6-D0-PF-ILMN-NOVASEQ-sent-clair3-Indel_50	Indel_50	I2-HG003-15x-6-D0-PF-ILMN-NOVASEQ	3088286401.0	3088244430.0	954.0	41017.0	0.0	0.9885043620764448	0.9772700197755593	1.0	0.0	1.0	1.0	HG003	hg38	-1	-2	sent	clair3	ilmn_all_downsamples_a	ILMN		15	0	16.938101	15	0.0		17.0	0.0
I2-HG003-15x-6-D0-PF-ILMN-NOVASEQ-sent-clair3-Indel_gt50	Indel_gt50	I2-HG003-15x-6-D0-PF-ILMN-NOVASEQ	3088286401.0	3088284961.0	171.0	1269.0	0.0	0.93687707641196	0.88125	1.0	0.0	1.0	1.0	HG003	hg38	-1	-2	sent	clair3	ilmn_all_downsamples_a	ILMN		15	0	16.938101	15	0.0		17.0	0.0
I2-HG003-15x-6-D0-PF-ILMN-NOVASEQ-sent-clair3-All	All	I2-HG003-15x-6-D0-PF-ILMN-NOVASEQ	3088286401.0	3084286411.0	52832.0	3947158.0	0.0	0.993352080519955	0.9867919669799174	1.0	0.0	1.0	1.0	HG003	hg38	-1	-2	sent	clair3	ilmn_all_downsamples_a	ILMN		15	0	16.938101	15	0.0		17.0	0.0
I2-HG003-15x-6-D0-PF-ILMN-NOVASEQ-sent-clair3-SNPts	SNPts	I2-HG003-15x-6-D0-PF-ILMN-NOVASEQ	337668665.0	337403099.0	2510.0	263056.0	6122.0	0.9838576963930404	0.9905484888878847	0.9999818558604242	0.022743314832564327	0.9772566851674357	0.9772566851674357	HG003	giabHC_x_clinvar_genes	-1	-2	sent	clair3	ilmn_all_downsamples_a	ILMN		15	0	16.938101	15	0.0		17.0	0.0
I2-HG003-15x-6-D0-PF-ILMN-NOVASEQ-sent-clair3-SNPtv	SNPtv	I2-HG003-15x-6-D0-PF-ILMN-NOVASEQ	337668665.0	337548352.0	1315.0	118998.0	1682.0	0.9875639541397467	0.989070175292778	0.9999950170350154	0.013937686443486908	0.9860623135565131	0.9860623135565131	HG003	giabHC_x_clinvar_genes	-1	-2	sent	clair3	ilmn_all_downsamples_a	ILMN		15	0	16.938101	15	0.0		17.0	0.0
I2-HG003-15x-6-D0-PF-ILMN-NOVASEQ-sent-clair3-INS_50	INS_50	I2-HG003-15x-6-D0-PF-ILMN-NOVASEQ	337668665.0	337642425.0	543.0	25697.0	225.0	0.9852766381657144	0.9793064024390243	0.999999333614992	0.008679885811279995	0.99132011418872	0.99132011418872	HG003	giabHC_x_clinvar_genes	-1	-2	sent	clair3	ilmn_all_downsamples_a	ILMN		15	0	16.938101	15	0.0		17.0	0.0
I2-HG003-15x-6-D0-PF-ILMN-NOVASEQ-sent-clair3-INS_gt50	INS_gt50	I2-HG003-15x-6-D0-PF-ILMN-NOVASEQ	337668665.0	337668665.0	0.0	0.0	0.0			1.0				HG003	giabHC_x_clinvar_genes	-1	-2	sent	clair3	ilmn_all_downsamples_a	ILMN		15	0	16.938101	15	0.0		17.0	0.0
I2-HG003-15x-6-D0-PF-ILMN-NOVASEQ-sent-clair3-DEL_50	DEL_50	I2-HG003-15x-6-D0-PF-ILMN-NOVASEQ	337668665.0	337640719.0	333.0	27613.0	252.0	0.9895181953378366	0.9880841623130323	0.9999992536450797	0.00904360308630899	0.990956396913691	0.990956396913691	HG003	giabHC_x_clinvar_genes	-1	-2	sent	clair3	ilmn_all_downsamples_a	ILMN		15	0	16.938101	15	0.0		17.0	0.0
I2-HG003-15x-6-D0-PF-ILMN-NOVASEQ-sent-clair3-DEL_gt50	DEL_gt50	I2-HG003-15x-6-D0-PF-ILMN-NOVASEQ	337668665.0	337668665.0	0.0	0.0	0.0			1.0				HG003	giabHC_x_clinvar_genes	-1	-2	sent	clair3	ilmn_all_downsamples_a	ILMN		15	0	16.938101	15	0.0		17.0	0.0
I2-HG003-15x-6-D0-PF-ILMN-NOVASEQ-sent-clair3-Indel_50	Indel_50	I2-HG003-15x-6-D0-PF-ILMN-NOVASEQ	337668665.0	337665445.0	31.0	3189.0	4.0	0.9945423358802433	0.9903726708074534	0.9999999881539553	0.001252740369558409	0.9987472596304416	0.9987472596304416	HG003	giabHC_x_clinvar_genes	-1	-2	sent	clair3	ilmn_all_downsamples_a	ILMN		15	0	16.938101	15	0.0		17.0	0.0
I2-HG003-15x-6-D0-PF-ILMN-NOVASEQ-sent-clair3-Indel_gt50	Indel_gt50	I2-HG003-15x-6-D0-PF-ILMN-NOVASEQ	337668665.0	337668624.0	3.0	38.0	0.0	0.9620253164556963	0.926829268292683	1.0	0.0	1.0	1.0	HG003	giabHC_x_clinvar_genes	-1	-2	sent	clair3	ilmn_all_downsamples_a	ILMN		15	0	16.938101	15	0.0		17.0	0.0
I2-HG003-15x-6-D0-PF-ILMN-NOVASEQ-sent-clair3-All	All	I2-HG003-15x-6-D0-PF-ILMN-NOVASEQ	337668665.0	337225339.0	4735.0	438591.0	8285.0	0.9853741061017611	0.9893193722001417	0.9999754324616219	0.018539818652154066	0.981460181347846	0.981460181347846	HG003	giabHC_x_clinvar_genes	-1	-2	sent	clair3	ilmn_all_downsamples_a	ILMN		15	0	16.938101	15	0.0		17.0	0.0
I2-HG003-1x-1-D0-PF-ILMN-NOVASEQ-bwa2a-clair3-SNPts	SNPts	I2-HG003-1x-1-D0-PF-ILMN-NOVASEQ	377862616.0	377589348.0	192827.0	80441.0	73857.0	0.3762740723069655	0.2943667022849364	0.9998044368659107	0.47866466188803486	0.5213353381119652	0.5213353381119652	HG003	clinvar_genes	-1	-2	bwa2a	clair3	ilmn_all_downsamples_a	ILMN		1	0	1.148202	1	0.0		1.0	0.0
I2-HG003-1x-1-D0-PF-ILMN-NOVASEQ-bwa2a-clair3-SNPtv	SNPtv	I2-HG003-1x-1-D0-PF-ILMN-NOVASEQ	377862616.0	377738227.0	91186.0	33203.0	15351.0	0.3839762233799575	0.2669287477188497	0.9999593623968268	0.31616344688388187	0.6838365531161181	0.6838365531161181	HG003	clinvar_genes	-1	-2	bwa2a	clair3	ilmn_all_downsamples_a	ILMN		1	0	1.148202	1	0.0		1.0	0.0
I2-HG003-1x-1-D0-PF-ILMN-NOVASEQ-bwa2a-clair3-INS_50	INS_50	I2-HG003-1x-1-D0-PF-ILMN-NOVASEQ	377862616.0	377833364.0	22078.0	7174.0	4284.0	0.35244411692458855	0.24524818815807467	0.9999886617968784	0.37388724035608306	0.6261127596439169	0.6261127596439169	HG003	clinvar_genes	-1	-2	bwa2a	clair3	ilmn_all_downsamples_a	ILMN		1	0	1.148202	1	0.0		1.0	0.0
I2-HG003-1x-1-D0-PF-ILMN-NOVASEQ-bwa2a-clair3-INS_gt50	INS_gt50	I2-HG003-1x-1-D0-PF-ILMN-NOVASEQ	377862616.0	377862586.0	30.0	0.0	0.0		0.0	1.0				HG003	clinvar_genes	-1	-2	bwa2a	clair3	ilmn_all_downsamples_a	ILMN		1	0	1.148202	1	0.0		1.0	0.0
I2-HG003-1x-1-D0-PF-ILMN-NOVASEQ-bwa2a-clair3-DEL_50	DEL_50	I2-HG003-1x-1-D0-PF-ILMN-NOVASEQ	377862616.0	377831729.0	23512.0	7375.0	4582.0	0.344272243488003	0.23877359406870205	0.9999878730554301	0.3832064899222213	0.6167935100777787	0.6167935100777787	HG003	clinvar_genes	-1	-2	bwa2a	clair3	ilmn_all_downsamples_a	ILMN		1	0	1.148202	1	0.0		1.0	0.0
I2-HG003-1x-1-D0-PF-ILMN-NOVASEQ-bwa2a-clair3-DEL_gt50	DEL_gt50	I2-HG003-1x-1-D0-PF-ILMN-NOVASEQ	377862616.0	377862598.0	18.0	0.0	0.0		0.0	1.0				HG003	clinvar_genes	-1	-2	bwa2a	clair3	ilmn_all_downsamples_a	ILMN		1	0	1.148202	1	0.0		1.0	0.0
I2-HG003-1x-1-D0-PF-ILMN-NOVASEQ-bwa2a-clair3-Indel_50	Indel_50	I2-HG003-1x-1-D0-PF-ILMN-NOVASEQ	377862616.0	377858834.0	3375.0	407.0	376.0	0.1783132530120482	0.10761501850872554	0.9999990049203776	0.48020434227330777	0.5197956577266922	0.5197956577266922	HG003	clinvar_genes	-1	-2	bwa2a	clair3	ilmn_all_downsamples_a	ILMN		1	0	1.148202	1	0.0		1.0	0.0
I2-HG003-1x-1-D0-PF-ILMN-NOVASEQ-bwa2a-clair3-Indel_gt50	Indel_gt50	I2-HG003-1x-1-D0-PF-ILMN-NOVASEQ	377862616.0	377862448.0	157.0	11.0	1.0	0.12222222222222223	0.06547619047619048	0.9999999973535343	0.08333333333333333	0.9166666666666666	0.9166666666666666	HG003	clinvar_genes	-1	-2	bwa2a	clair3	ilmn_all_downsamples_a	ILMN		1	0	1.148202	1	0.0		1.0	0.0
I2-HG003-1x-1-D0-PF-ILMN-NOVASEQ-bwa2a-clair3-All	All	I2-HG003-1x-1-D0-PF-ILMN-NOVASEQ	377862616.0	377400822.0	333183.0	128611.0	98451.0	0.37340460125193076	0.27850296885624326	0.9997392021467548	0.43358642132985703	0.566413578670143	0.566413578670143	HG003	clinvar_genes	-1	-2	bwa2a	clair3	ilmn_all_downsamples_a	ILMN		1	0	1.148202	1	0.0		1.0	0.0
I2-HG003-1x-1-D0-PF-ILMN-NOVASEQ-bwa2a-clair3-SNPts	SNPts	I2-HG003-1x-1-D0-PF-ILMN-NOVASEQ	2528531102.0	2526276098.0	1626637.0	628367.0	0.0	0.4358558090512806	0.2786544946261736	1.0	0.0	1.0	1.0	HG003	giabHC	-1	-2	bwa2a	clair3	ilmn_all_downsamples_a	ILMN		1	0	1.148202	1	0.0		1.0	0.0
I2-HG003-1x-1-D0-PF-ILMN-NOVASEQ-bwa2a-clair3-SNPtv	SNPtv	I2-HG003-1x-1-D0-PF-ILMN-NOVASEQ	2528531102.0	2527459036.0	801227.0	270839.0	0.0	0.4033628588768379	0.2526327670124787	1.0	0.0	1.0	1.0	HG003	giabHC	-1	-2	bwa2a	clair3	ilmn_all_downsamples_a	ILMN		1	0	1.148202	1	0.0		1.0	0.0
I2-HG003-1x-1-D0-PF-ILMN-NOVASEQ-bwa2a-clair3-INS_50	INS_50	I2-HG003-1x-1-D0-PF-ILMN-NOVASEQ	2528531102.0	2528300914.0	174866.0	55322.0	0.0	0.3875310847255788	0.2403339878707839	1.0	0.0	1.0	1.0	HG003	giabHC	-1	-2	bwa2a	clair3	ilmn_all_downsamples_a	ILMN		1	0	1.148202	1	0.0		1.0	0.0
I2-HG003-1x-1-D0-PF-ILMN-NOVASEQ-bwa2a-clair3-INS_gt50	INS_gt50	I2-HG003-1x-1-D0-PF-ILMN-NOVASEQ	2528531102.0	2528531101.0	1.0	0.0	0.0		0.0	1.0				HG003	giabHC	-1	-2	bwa2a	clair3	ilmn_all_downsamples_a	ILMN		1	0	1.148202	1	0.0		1.0	0.0
I2-HG003-1x-1-D0-PF-ILMN-NOVASEQ-bwa2a-clair3-DEL_50	DEL_50	I2-HG003-1x-1-D0-PF-ILMN-NOVASEQ	2528531102.0	2528286821.0	186512.0	57769.0	0.0	0.38251282900182093	0.23648585031173117	1.0	0.0	1.0	1.0	HG003	giabHC	-1	-2	bwa2a	clair3	ilmn_all_downsamples_a	ILMN		1	0	1.148202	1	0.0		1.0	0.0
I2-HG003-1x-1-D0-PF-ILMN-NOVASEQ-bwa2a-clair3-DEL_gt50	DEL_gt50	I2-HG003-1x-1-D0-PF-ILMN-NOVASEQ	2528531102.0	2528531102.0	0.0	0.0	0.0			1.0				HG003	giabHC	-1	-2	bwa2a	clair3	ilmn_all_downsamples_a	ILMN		1	0	1.148202	1	0.0		1.0	0.0
I2-HG003-1x-1-D0-PF-ILMN-NOVASEQ-bwa2a-clair3-Indel_50	Indel_50	I2-HG003-1x-1-D0-PF-ILMN-NOVASEQ	2528531102.0	2528501936.0	25778.0	3388.0	0.0	0.20814646433617986	0.11616265514640335	1.0	0.0	1.0	1.0	HG003	giabHC	-1	-2	bwa2a	clair3	ilmn_all_downsamples_a	ILMN		1	0	1.148202	1	0.0		1.0	0.0
I2-HG003-1x-1-D0-PF-ILMN-NOVASEQ-bwa2a-clair3-Indel_gt50	Indel_gt50	I2-HG003-1x-1-D0-PF-ILMN-NOVASEQ	2528531102.0	2528530685.0	395.0	22.0	0.0	0.10022779043280183	0.05275779376498801	1.0	0.0	1.0	1.0	HG003	giabHC	-1	-2	bwa2a	clair3	ilmn_all_downsamples_a	ILMN		1	0	1.148202	1	0.0		1.0	0.0
I2-HG003-1x-1-D0-PF-ILMN-NOVASEQ-bwa2a-clair3-All	All	I2-HG003-1x-1-D0-PF-ILMN-NOVASEQ	2528531102.0	2524699979.0	2815416.0	1015707.0	0.0	0.41912218914218163	0.2651199139260212	1.0	0.0	1.0	1.0	HG003	giabHC	-1	-2	bwa2a	clair3	ilmn_all_downsamples_a	ILMN		1	0	1.148202	1	0.0		1.0	0.0
I2-HG003-1x-1-D0-PF-ILMN-NOVASEQ-bwa2a-clair3-SNPts	SNPts	I2-HG003-1x-1-D0-PF-ILMN-NOVASEQ	337668665.0	337403080.0	186985.0	78600.0	53777.0	0.3950125891416768	0.2959504490087919	0.9998406403696222	0.40624126547663114	0.5937587345233688	0.5937587345233689	HG003	giabHC_x_clinvar_genes	-1	-2	bwa2a	clair3	ilmn_all_downsamples_a	ILMN		1	0	1.148202	1	0.0		1.0	0.0
I2-HG003-1x-1-D0-PF-ILMN-NOVASEQ-bwa2a-clair3-SNPtv	SNPtv	I2-HG003-1x-1-D0-PF-ILMN-NOVASEQ	337668665.0	337548363.0	88012.0	32290.0	6972.0	0.40472788348248984	0.2684078402686572	0.9999793456086244	0.17757628241047324	0.8224237175895268	0.8224237175895268	HG003	giabHC_x_clinvar_genes	-1	-2	bwa2a	clair3	ilmn_all_downsamples_a	ILMN		1	0	1.148202	1	0.0		1.0	0.0
I2-HG003-1x-1-D0-PF-ILMN-NOVASEQ-bwa2a-clair3-INS_50	INS_50	I2-HG003-1x-1-D0-PF-ILMN-NOVASEQ	337668665.0	337642243.0	19777.0	6645.0	794.0	0.39248693186852124	0.2514949663159488	0.9999976484040451	0.10673477617959404	0.893265223820406	0.893265223820406	HG003	giabHC_x_clinvar_genes	-1	-2	bwa2a	clair3	ilmn_all_downsamples_a	ILMN		1	0	1.148202	1	0.0		1.0	0.0
I2-HG003-1x-1-D0-PF-ILMN-NOVASEQ-bwa2a-clair3-INS_gt50	INS_gt50	I2-HG003-1x-1-D0-PF-ILMN-NOVASEQ	337668665.0	337668665.0	0.0	0.0	0.0			1.0				HG003	giabHC_x_clinvar_genes	-1	-2	bwa2a	clair3	ilmn_all_downsamples_a	ILMN		1	0	1.148202	1	0.0		1.0	0.0
I2-HG003-1x-1-D0-PF-ILMN-NOVASEQ-bwa2a-clair3-DEL_50	DEL_50	I2-HG003-1x-1-D0-PF-ILMN-NOVASEQ	337668665.0	337640618.0	21188.0	6859.0	884.0	0.3832914221849678	0.24455378471850822	0.9999973818384448	0.11416763528348185	0.8858323647165182	0.8858323647165182	HG003	giabHC_x_clinvar_genes	-1	-2	bwa2a	clair3	ilmn_all_downsamples_a	ILMN		1	0	1.148202	1	0.0		1.0	0.0
I2-HG003-1x-1-D0-PF-ILMN-NOVASEQ-bwa2a-clair3-DEL_gt50	DEL_gt50	I2-HG003-1x-1-D0-PF-ILMN-NOVASEQ	337668665.0	337668665.0	0.0	0.0	0.0			1.0				HG003	giabHC_x_clinvar_genes	-1	-2	bwa2a	clair3	ilmn_all_downsamples_a	ILMN		1	0	1.148202	1	0.0		1.0	0.0
I2-HG003-1x-1-D0-PF-ILMN-NOVASEQ-bwa2a-clair3-Indel_50	Indel_50	I2-HG003-1x-1-D0-PF-ILMN-NOVASEQ	337668665.0	337665767.0	2544.0	354.0	5.0	0.21737795517347253	0.12215320910973085	0.9999999851924583	0.013927576601671309	0.9860724233983287	0.9860724233983287	HG003	giabHC_x_clinvar_genes	-1	-2	bwa2a	clair3	ilmn_all_downsamples_a	ILMN		1	0	1.148202	1	0.0		1.0	0.0
I2-HG003-1x-1-D0-PF-ILMN-NOVASEQ-bwa2a-clair3-Indel_gt50	Indel_gt50	I2-HG003-1x-1-D0-PF-ILMN-NOVASEQ	337668665.0	337668623.0	37.0	5.0	0.0	0.21276595744680848	0.11904761904761904	1.0	0.0	1.0	1.0	HG003	giabHC_x_clinvar_genes	-1	-2	bwa2a	clair3	ilmn_all_downsamples_a	ILMN		1	0	1.148202	1	0.0		1.0	0.0
I2-HG003-1x-1-D0-PF-ILMN-NOVASEQ-bwa2a-clair3-All	All	I2-HG003-1x-1-D0-PF-ILMN-NOVASEQ	337668665.0	337225369.0	318543.0	124753.0	62432.0	0.39573912615923396	0.28142144300873456	0.9998148999168813	0.33353099874455755	0.6664690012554424	0.6664690012554425	HG003	giabHC_x_clinvar_genes	-1	-2	bwa2a	clair3	ilmn_all_downsamples_a	ILMN		1	0	1.148202	1	0.0		1.0	0.0
I2-HG003-1x-1-D0-PF-ILMN-NOVASEQ-bwa2a-clair3-SNPts	SNPts	I2-HG003-1x-1-D0-PF-ILMN-NOVASEQ	2505355380.0	2503152406.0	1582781.0	620193.0	0.0	0.43935976865697285	0.2815253380203307	1.0	0.0	1.0	1.0	HG003	giabHC_x_ultima	-1	-2	bwa2a	clair3	ilmn_all_downsamples_a	ILMN		1	0	1.148202	1	0.0		1.0	0.0
I2-HG003-1x-1-D0-PF-ILMN-NOVASEQ-bwa2a-clair3-SNPtv	SNPtv	I2-HG003-1x-1-D0-PF-ILMN-NOVASEQ	2505355380.0	2504321044.0	770247.0	264089.0	0.0	0.4067836032115833	0.2553222550505832	1.0	0.0	1.0	1.0	HG003	giabHC_x_ultima	-1	-2	bwa2a	clair3	ilmn_all_downsamples_a	ILMN		1	0	1.148202	1	0.0		1.0	0.0
I2-HG003-1x-1-D0-PF-ILMN-NOVASEQ-bwa2a-clair3-INS_50	INS_50	I2-HG003-1x-1-D0-PF-ILMN-NOVASEQ	2505355380.0	2505201448.0	115868.0	38064.0	0.0	0.39650826058876226	0.24727801886547307	1.0	0.0	1.0	1.0	HG003	giabHC_x_ultima	-1	-2	bwa2a	clair3	ilmn_all_downsamples_a	ILMN		1	0	1.148202	1	0.0		1.0	0.0
I2-HG003-1x-1-D0-PF-ILMN-NOVASEQ-bwa2a-clair3-INS_gt50	INS_gt50	I2-HG003-1x-1-D0-PF-ILMN-NOVASEQ	2505355380.0	2505355380.0	0.0	0.0	0.0			1.0				HG003	giabHC_x_ultima	-1	-2	bwa2a	clair3	ilmn_all_downsamples_a	ILMN		1	0	1.148202	1	0.0		1.0	0.0
I2-HG003-1x-1-D0-PF-ILMN-NOVASEQ-bwa2a-clair3-DEL_50	DEL_50	I2-HG003-1x-1-D0-PF-ILMN-NOVASEQ	2505355380.0	2505189483.0	126027.0	39870.0	0.0	0.3875256965402616	0.24032984321597137	1.0	0.0	1.0	1.0	HG003	giabHC_x_ultima	-1	-2	bwa2a	clair3	ilmn_all_downsamples_a	ILMN		1	0	1.148202	1	0.0		1.0	0.0
I2-HG003-1x-1-D0-PF-ILMN-NOVASEQ-bwa2a-clair3-DEL_gt50	DEL_gt50	I2-HG003-1x-1-D0-PF-ILMN-NOVASEQ	2505355380.0	2505355380.0	0.0	0.0	0.0			1.0				HG003	giabHC_x_ultima	-1	-2	bwa2a	clair3	ilmn_all_downsamples_a	ILMN		1	0	1.148202	1	0.0		1.0	0.0
I2-HG003-1x-1-D0-PF-ILMN-NOVASEQ-bwa2a-clair3-Indel_50	Indel_50	I2-HG003-1x-1-D0-PF-ILMN-NOVASEQ	2505355380.0	2505342757.0	11431.0	1192.0	0.0	0.17256605139341297	0.09443080091895746	1.0	0.0	1.0	1.0	HG003	giabHC_x_ultima	-1	-2	bwa2a	clair3	ilmn_all_downsamples_a	ILMN		1	0	1.148202	1	0.0		1.0	0.0
I2-HG003-1x-1-D0-PF-ILMN-NOVASEQ-bwa2a-clair3-Indel_gt50	Indel_gt50	I2-HG003-1x-1-D0-PF-ILMN-NOVASEQ	2505355380.0	2505355055.0	307.0	18.0	0.0	0.10495626822157435	0.055384615384615386	1.0	0.0	1.0	1.0	HG003	giabHC_x_ultima	-1	-2	bwa2a	clair3	ilmn_all_downsamples_a	ILMN		1	0	1.148202	1	0.0		1.0	0.0
I2-HG003-1x-1-D0-PF-ILMN-NOVASEQ-bwa2a-clair3-All	All	I2-HG003-1x-1-D0-PF-ILMN-NOVASEQ	2505355380.0	2501785293.0	2606661.0	963426.0	0.0	0.4250240376502726	0.26986065045473684	1.0	0.0	1.0	1.0	HG003	giabHC_x_ultima	-1	-2	bwa2a	clair3	ilmn_all_downsamples_a	ILMN		1	0	1.148202	1	0.0		1.0	0.0
I2-HG003-1x-1-D0-PF-ILMN-NOVASEQ-bwa2a-clair3-SNPts	SNPts	I2-HG003-1x-1-D0-PF-ILMN-NOVASEQ	332544085.0	332287277.0	179851.0	76957.0	52042.0	0.39894040284390897	0.2996674558424971	0.999843407033039	0.40342948394948797	0.596570516050512	0.596570516050512	HG003	giabHC_x_ultima_x_clinvar	-1	-2	bwa2a	clair3	ilmn_all_downsamples_a	ILMN		1	0	1.148202	1	0.0		1.0	0.0
I2-HG003-1x-1-D0-PF-ILMN-NOVASEQ-bwa2a-clair3-SNPtv	SNPtv	I2-HG003-1x-1-D0-PF-ILMN-NOVASEQ	332544085.0	332429482.0	83506.0	31097.0	6633.0	0.40827660454399245	0.27134542725757616	0.9999800472941996	0.17580174927113704	0.824198250728863	0.824198250728863	HG003	giabHC_x_ultima_x_clinvar	-1	-2	bwa2a	clair3	ilmn_all_downsamples_a	ILMN		1	0	1.148202	1	0.0		1.0	0.0
I2-HG003-1x-1-D0-PF-ILMN-NOVASEQ-bwa2a-clair3-INS_50	INS_50	I2-HG003-1x-1-D0-PF-ILMN-NOVASEQ	332544085.0	332526586.0	12942.0	4557.0	374.0	0.40633080695497104	0.2604148808503343	0.9999988752791653	0.07584668424254715	0.9241533157574529	0.9241533157574529	HG003	giabHC_x_ultima_x_clinvar	-1	-2	bwa2a	clair3	ilmn_all_downsamples_a	ILMN		1	0	1.148202	1	0.0		1.0	0.0
I2-HG003-1x-1-D0-PF-ILMN-NOVASEQ-bwa2a-clair3-INS_gt50	INS_gt50	I2-HG003-1x-1-D0-PF-ILMN-NOVASEQ	332544085.0	332544085.0	0.0	0.0	0.0			1.0				HG003	giabHC_x_ultima_x_clinvar	-1	-2	bwa2a	clair3	ilmn_all_downsamples_a	ILMN		1	0	1.148202	1	0.0		1.0	0.0
I2-HG003-1x-1-D0-PF-ILMN-NOVASEQ-bwa2a-clair3-DEL_50	DEL_50	I2-HG003-1x-1-D0-PF-ILMN-NOVASEQ	332544085.0	332525120.0	14249.0	4716.0	514.0	0.3898326100433974	0.2486686000527287	0.9999984542545072	0.0982791586998088	0.9017208413001911	0.9017208413001913	HG003	giabHC_x_ultima_x_clinvar	-1	-2	bwa2a	clair3	ilmn_all_downsamples_a	ILMN		1	0	1.148202	1	0.0		1.0	0.0
I2-HG003-1x-1-D0-PF-ILMN-NOVASEQ-bwa2a-clair3-DEL_gt50	DEL_gt50	I2-HG003-1x-1-D0-PF-ILMN-NOVASEQ	332544085.0	332544085.0	0.0	0.0	0.0			1.0				HG003	giabHC_x_ultima_x_clinvar	-1	-2	bwa2a	clair3	ilmn_all_downsamples_a	ILMN		1	0	1.148202	1	0.0		1.0	0.0
I2-HG003-1x-1-D0-PF-ILMN-NOVASEQ-bwa2a-clair3-Indel_50	Indel_50	I2-HG003-1x-1-D0-PF-ILMN-NOVASEQ	332544085.0	332542901.0	1076.0	108.0	0.0	0.16718266253869968	0.09121621621621621	1.0	0.0	1.0	1.0	HG003	giabHC_x_ultima_x_clinvar	-1	-2	bwa2a	clair3	ilmn_all_downsamples_a	ILMN		1	0	1.148202	1	0.0		1.0	0.0
I2-HG003-1x-1-D0-PF-ILMN-NOVASEQ-bwa2a-clair3-Indel_gt50	Indel_gt50	I2-HG003-1x-1-D0-PF-ILMN-NOVASEQ	332544085.0	332544057.0	25.0	3.0	0.0	0.19354838709677416	0.10714285714285714	1.0	0.0	1.0	1.0	HG003	giabHC_x_ultima_x_clinvar	-1	-2	bwa2a	clair3	ilmn_all_downsamples_a	ILMN		1	0	1.148202	1	0.0		1.0	0.0
I2-HG003-1x-1-D0-PF-ILMN-NOVASEQ-bwa2a-clair3-All	All	I2-HG003-1x-1-D0-PF-ILMN-NOVASEQ	332544085.0	332134998.0	291649.0	117438.0	59563.0	0.40075210548586565	0.28707340981258267	0.9998206984490634	0.3365122230947848	0.6634877769052152	0.6634877769052152	HG003	giabHC_x_ultima_x_clinvar	-1	-2	bwa2a	clair3	ilmn_all_downsamples_a	ILMN		1	0	1.148202	1	0.0		1.0	0.0
I2-HG003-1x-1-D0-PF-ILMN-NOVASEQ-bwa2a-clair3-SNPts	SNPts	I2-HG003-1x-1-D0-PF-ILMN-NOVASEQ	2799325643.0	2797071570.0	1620815.0	633258.0	0.0	0.4386459328701835	0.2809394371877042	1.0	0.0	1.0	1.0	HG003	ultima	-1	-2	bwa2a	clair3	ilmn_all_downsamples_a	ILMN		1	0	1.148202	1	0.0		1.0	0.0
I2-HG003-1x-1-D0-PF-ILMN-NOVASEQ-bwa2a-clair3-SNPtv	SNPtv	I2-HG003-1x-1-D0-PF-ILMN-NOVASEQ	2799325643.0	2798266993.0	788864.0	269786.0	0.0	0.4061708655893095	0.2548396542766731	1.0	0.0	1.0	1.0	HG003	ultima	-1	-2	bwa2a	clair3	ilmn_all_downsamples_a	ILMN		1	0	1.148202	1	0.0		1.0	0.0
I2-HG003-1x-1-D0-PF-ILMN-NOVASEQ-bwa2a-clair3-INS_50	INS_50	I2-HG003-1x-1-D0-PF-ILMN-NOVASEQ	2799325643.0	2799161561.0	124134.0	39948.0	0.0	0.39158947213645046	0.2434636340366402	1.0	0.0	1.0	1.0	HG003	ultima	-1	-2	bwa2a	clair3	ilmn_all_downsamples_a	ILMN		1	0	1.148202	1	0.0		1.0	0.0
I2-HG003-1x-1-D0-PF-ILMN-NOVASEQ-bwa2a-clair3-INS_gt50	INS_gt50	I2-HG003-1x-1-D0-PF-ILMN-NOVASEQ	2799325643.0	2799325547.0	96.0	0.0	0.0		0.0	1.0				HG003	ultima	-1	-2	bwa2a	clair3	ilmn_all_downsamples_a	ILMN		1	0	1.148202	1	0.0		1.0	0.0
I2-HG003-1x-1-D0-PF-ILMN-NOVASEQ-bwa2a-clair3-DEL_50	DEL_50	I2-HG003-1x-1-D0-PF-ILMN-NOVASEQ	2799325643.0	2799147836.0	135683.0	42124.0	0.0	0.3830655978465974	0.23690855815575315	1.0	0.0	1.0	1.0	HG003	ultima	-1	-2	bwa2a	clair3	ilmn_all_downsamples_a	ILMN		1	0	1.148202	1	0.0		1.0	0.0
I2-HG003-1x-1-D0-PF-ILMN-NOVASEQ-bwa2a-clair3-DEL_gt50	DEL_gt50	I2-HG003-1x-1-D0-PF-ILMN-NOVASEQ	2799325643.0	2799325554.0	89.0	0.0	0.0		0.0	1.0				HG003	ultima	-1	-2	bwa2a	clair3	ilmn_all_downsamples_a	ILMN		1	0	1.148202	1	0.0		1.0	0.0
I2-HG003-1x-1-D0-PF-ILMN-NOVASEQ-bwa2a-clair3-Indel_50	Indel_50	I2-HG003-1x-1-D0-PF-ILMN-NOVASEQ	2799325643.0	2799309754.0	14465.0	1424.0	0.0	0.16450066424074394	0.08962175089684687	1.0	0.0	1.0	1.0	HG003	ultima	-1	-2	bwa2a	clair3	ilmn_all_downsamples_a	ILMN		1	0	1.148202	1	0.0		1.0	0.0
I2-HG003-1x-1-D0-PF-ILMN-NOVASEQ-bwa2a-clair3-Indel_gt50	Indel_gt50	I2-HG003-1x-1-D0-PF-ILMN-NOVASEQ	2799325643.0	2799324785.0	818.0	40.0	0.0	0.089086859688196	0.046620046620046623	1.0	0.0	1.0	1.0	HG003	ultima	-1	-2	bwa2a	clair3	ilmn_all_downsamples_a	ILMN		1	0	1.148202	1	0.0		1.0	0.0
I2-HG003-1x-1-D0-PF-ILMN-NOVASEQ-bwa2a-clair3-All	All	I2-HG003-1x-1-D0-PF-ILMN-NOVASEQ	2799325643.0	2795654099.0	2684964.0	986580.0	0.0	0.4235954216761941	0.26870983978402546	1.0	0.0	1.0	1.0	HG003	ultima	-1	-2	bwa2a	clair3	ilmn_all_downsamples_a	ILMN		1	0	1.148202	1	0.0		1.0	0.0
I2-HG003-1x-1-D0-PF-ILMN-NOVASEQ-bwa2a-clair3-SNPts	SNPts	I2-HG003-1x-1-D0-PF-ILMN-NOVASEQ	688815815.0	688747667.0	52241.0	15907.0	0.0	0.3784902742252097	0.23341844221400482	1.0	0.0	1.0	1.0	HG003	hg38_m_giabHC	-1	-2	bwa2a	clair3	ilmn_all_downsamples_a	ILMN		1	0	1.148202	1	0.0		1.0	0.0
I2-HG003-1x-1-D0-PF-ILMN-NOVASEQ-bwa2a-clair3-SNPtv	SNPtv	I2-HG003-1x-1-D0-PF-ILMN-NOVASEQ	688815815.0	688780492.0	27725.0	7598.0	0.0	0.35404580508375855	0.2151006426407723	1.0	0.0	1.0	1.0	HG003	hg38_m_giabHC	-1	-2	bwa2a	clair3	ilmn_all_downsamples_a	ILMN		1	0	1.148202	1	0.0		1.0	0.0
I2-HG003-1x-1-D0-PF-ILMN-NOVASEQ-bwa2a-clair3-INS_50	INS_50	I2-HG003-1x-1-D0-PF-ILMN-NOVASEQ	688815815.0	688788876.0	22502.0	4437.0	0.0	0.28282763895971447	0.16470544563643788	1.0	0.0	1.0	1.0	HG003	hg38_m_giabHC	-1	-2	bwa2a	clair3	ilmn_all_downsamples_a	ILMN		1	0	1.148202	1	0.0		1.0	0.0
I2-HG003-1x-1-D0-PF-ILMN-NOVASEQ-bwa2a-clair3-INS_gt50	INS_gt50	I2-HG003-1x-1-D0-PF-ILMN-NOVASEQ	688815815.0	688815578.0	237.0	0.0	0.0		0.0	1.0				HG003	hg38_m_giabHC	-1	-2	bwa2a	clair3	ilmn_all_downsamples_a	ILMN		1	0	1.148202	1	0.0		1.0	0.0
I2-HG003-1x-1-D0-PF-ILMN-NOVASEQ-bwa2a-clair3-DEL_50	DEL_50	I2-HG003-1x-1-D0-PF-ILMN-NOVASEQ	688815815.0	688788791.0	22224.0	4800.0	0.0	0.30165912518853694	0.17761989342806395	1.0	0.0	1.0	1.0	HG003	hg38_m_giabHC	-1	-2	bwa2a	clair3	ilmn_all_downsamples_a	ILMN		1	0	1.148202	1	0.0		1.0	0.0
I2-HG003-1x-1-D0-PF-ILMN-NOVASEQ-bwa2a-clair3-DEL_gt50	DEL_gt50	I2-HG003-1x-1-D0-PF-ILMN-NOVASEQ	688815815.0	688815677.0	138.0	0.0	0.0		0.0	1.0				HG003	hg38_m_giabHC	-1	-2	bwa2a	clair3	ilmn_all_downsamples_a	ILMN		1	0	1.148202	1	0.0		1.0	0.0
I2-HG003-1x-1-D0-PF-ILMN-NOVASEQ-bwa2a-clair3-Indel_50	Indel_50	I2-HG003-1x-1-D0-PF-ILMN-NOVASEQ	688815815.0	688806671.0	8499.0	645.0	0.0	0.131780570027582	0.07053805774278216	1.0	0.0	1.0	1.0	HG003	hg38_m_giabHC	-1	-2	bwa2a	clair3	ilmn_all_downsamples_a	ILMN		1	0	1.148202	1	0.0		1.0	0.0
I2-HG003-1x-1-D0-PF-ILMN-NOVASEQ-bwa2a-clair3-Indel_gt50	Indel_gt50	I2-HG003-1x-1-D0-PF-ILMN-NOVASEQ	688815815.0	688814694.0	1092.0	29.0	0.0	0.05043478260869566	0.025869759143621766	1.0	0.0	1.0	1.0	HG003	hg38_m_giabHC	-1	-2	bwa2a	clair3	ilmn_all_downsamples_a	ILMN		1	0	1.148202	1	0.0		1.0	0.0
I2-HG003-1x-1-D0-PF-ILMN-NOVASEQ-bwa2a-clair3-All	All	I2-HG003-1x-1-D0-PF-ILMN-NOVASEQ	688815815.0	688647741.0	134658.0	33416.0	0.0	0.3316889175641471	0.198817187667337	1.0	0.0	1.0	1.0	HG003	hg38_m_giabHC	-1	-2	bwa2a	clair3	ilmn_all_downsamples_a	ILMN		1	0	1.148202	1	0.0		1.0	0.0
I2-HG003-1x-1-D0-PF-ILMN-NOVASEQ-bwa2a-clair3-SNPts	SNPts	I2-HG003-1x-1-D0-PF-ILMN-NOVASEQ	3088286401.0	3085963262.0	1678878.0	644261.0	0.0	0.43422592168228075	0.2773234834420153	1.0	0.0	1.0	1.0	HG003	hg38	-1	-2	bwa2a	clair3	ilmn_all_downsamples_a	ILMN		1	0	1.148202	1	0.0		1.0	0.0
I2-HG003-1x-1-D0-PF-ILMN-NOVASEQ-bwa2a-clair3-SNPtv	SNPtv	I2-HG003-1x-1-D0-PF-ILMN-NOVASEQ	3088286401.0	3087179015.0	828952.0	278434.0	0.0	0.40183284986506185	0.25143355614031604	1.0	0.0	1.0	1.0	HG003	hg38	-1	-2	bwa2a	clair3	ilmn_all_downsamples_a	ILMN		1	0	1.148202	1	0.0		1.0	0.0
I2-HG003-1x-1-D0-PF-ILMN-NOVASEQ-bwa2a-clair3-INS_50	INS_50	I2-HG003-1x-1-D0-PF-ILMN-NOVASEQ	3088286401.0	3088029194.0	197426.0	59781.0	0.0	0.3771814705919467	0.2324236898684717	1.0	0.0	1.0	1.0	HG003	hg38	-1	-2	bwa2a	clair3	ilmn_all_downsamples_a	ILMN		1	0	1.148202	1	0.0		1.0	0.0
I2-HG003-1x-1-D0-PF-ILMN-NOVASEQ-bwa2a-clair3-INS_gt50	INS_gt50	I2-HG003-1x-1-D0-PF-ILMN-NOVASEQ	3088286401.0	3088286163.0	238.0	0.0	0.0		0.0	1.0				HG003	hg38	-1	-2	bwa2a	clair3	ilmn_all_downsamples_a	ILMN		1	0	1.148202	1	0.0		1.0	0.0
I2-HG003-1x-1-D0-PF-ILMN-NOVASEQ-bwa2a-clair3-DEL_50	DEL_50	I2-HG003-1x-1-D0-PF-ILMN-NOVASEQ	3088286401.0	3088015287.0	208579.0	62535.0	0.0	0.3748550123033487	0.2306594273995441	1.0	0.0	1.0	1.0	HG003	hg38	-1	-2	bwa2a	clair3	ilmn_all_downsamples_a	ILMN		1	0	1.148202	1	0.0		1.0	0.0
I2-HG003-1x-1-D0-PF-ILMN-NOVASEQ-bwa2a-clair3-DEL_gt50	DEL_gt50	I2-HG003-1x-1-D0-PF-ILMN-NOVASEQ	3088286401.0	3088286263.0	138.0	0.0	0.0		0.0	1.0				HG003	hg38	-1	-2	bwa2a	clair3	ilmn_all_downsamples_a	ILMN		1	0	1.148202	1	0.0		1.0	0.0
I2-HG003-1x-1-D0-PF-ILMN-NOVASEQ-bwa2a-clair3-Indel_50	Indel_50	I2-HG003-1x-1-D0-PF-ILMN-NOVASEQ	3088286401.0	3088248093.0	34276.0	4032.0	0.0	0.19045819555975438	0.10525216664926386	1.0	0.0	1.0	1.0	HG003	hg38	-1	-2	bwa2a	clair3	ilmn_all_downsamples_a	ILMN		1	0	1.148202	1	0.0		1.0	0.0
I2-HG003-1x-1-D0-PF-ILMN-NOVASEQ-bwa2a-clair3-Indel_gt50	Indel_gt50	I2-HG003-1x-1-D0-PF-ILMN-NOVASEQ	3088286401.0	3088284865.0	1485.0	51.0	0.0	0.06427221172022685	0.033203125	1.0	0.0	1.0	1.0	HG003	hg38	-1	-2	bwa2a	clair3	ilmn_all_downsamples_a	ILMN		1	0	1.148202	1	0.0		1.0	0.0
I2-HG003-1x-1-D0-PF-ILMN-NOVASEQ-bwa2a-clair3-All	All	I2-HG003-1x-1-D0-PF-ILMN-NOVASEQ	3088286401.0	3084287335.0	2949972.0	1049094.0	0.0	0.4156342112769801	0.2623347551653311	1.0	0.0	1.0	1.0	HG003	hg38	-1	-2	bwa2a	clair3	ilmn_all_downsamples_a	ILMN		1	0	1.148202	1	0.0		1.0	0.0
I2-HG003-20x-7-D0-PF-ILMN-NOVASEQ-bwa2a-clair3-SNPts	SNPts	I2-HG003-20x-7-D0-PF-ILMN-NOVASEQ	377862616.0	377589308.0	2480.0	270828.0	44429.0	0.9202993722018808	0.9909259882623268	0.9998823489650237	0.14092946389770886	0.8590705361022911	0.8590705361022911	HG003	clinvar_genes	-1	-2	bwa2a	clair3	ilmn_all_downsamples_a	ILMN		20	0	22.460535	25	0.0		22.0	0.0
I2-HG003-20x-7-D0-PF-ILMN-NOVASEQ-bwa2a-clair3-SNPtv	SNPtv	I2-HG003-20x-7-D0-PF-ILMN-NOVASEQ	377862616.0	377738190.0	1271.0	123155.0	24928.0	0.9038600559981507	0.9897850931477344	0.9999340115569462	0.16833802664721811	0.8316619733527819	0.8316619733527819	HG003	clinvar_genes	-1	-2	bwa2a	clair3	ilmn_all_downsamples_a	ILMN		20	0	22.460535	25	0.0		22.0	0.0
I2-HG003-20x-7-D0-PF-ILMN-NOVASEQ-bwa2a-clair3-INS_50	INS_50	I2-HG003-20x-7-D0-PF-ILMN-NOVASEQ	377862616.0	377833574.0	640.0	28402.0	17147.0	0.7615395959298039	0.9779629502100406	0.9999546196446188	0.3764517332982063	0.6235482667017938	0.6235482667017936	HG003	clinvar_genes	-1	-2	bwa2a	clair3	ilmn_all_downsamples_a	ILMN		20	0	22.460535	25	0.0		22.0	0.0
I2-HG003-20x-7-D0-PF-ILMN-NOVASEQ-bwa2a-clair3-INS_gt50	INS_gt50	I2-HG003-20x-7-D0-PF-ILMN-NOVASEQ	377862616.0	377862586.0	30.0	0.0	0.0		0.0	1.0				HG003	clinvar_genes	-1	-2	bwa2a	clair3	ilmn_all_downsamples_a	ILMN		20	0	22.460535	25	0.0		22.0	0.0
I2-HG003-20x-7-D0-PF-ILMN-NOVASEQ-bwa2a-clair3-DEL_50	DEL_50	I2-HG003-20x-7-D0-PF-ILMN-NOVASEQ	377862616.0	377831849.0	436.0	30331.0	17539.0	0.7714180347673487	0.9858289726005135	0.9999535820341199	0.36638813453102154	0.6336118654689784	0.6336118654689785	HG003	clinvar_genes	-1	-2	bwa2a	clair3	ilmn_all_downsamples_a	ILMN		20	0	22.460535	25	0.0		22.0	0.0
I2-HG003-20x-7-D0-PF-ILMN-NOVASEQ-bwa2a-clair3-DEL_gt50	DEL_gt50	I2-HG003-20x-7-D0-PF-ILMN-NOVASEQ	377862616.0	377862598.0	18.0	0.0	4.0		0.0	0.9999999894141416	1.0	0.0	0.0	HG003	clinvar_genes	-1	-2	bwa2a	clair3	ilmn_all_downsamples_a	ILMN		20	0	22.460535	25	0.0		22.0	0.0
I2-HG003-20x-7-D0-PF-ILMN-NOVASEQ-bwa2a-clair3-Indel_50	Indel_50	I2-HG003-20x-7-D0-PF-ILMN-NOVASEQ	377862616.0	377858457.0	56.0	4103.0	4507.0	0.6426501683765369	0.9865352248136571	0.9999880723954729	0.5234610917537746	0.47653890824622536	0.4765389082462253	HG003	clinvar_genes	-1	-2	bwa2a	clair3	ilmn_all_downsamples_a	ILMN		20	0	22.460535	25	0.0		22.0	0.0
I2-HG003-20x-7-D0-PF-ILMN-NOVASEQ-bwa2a-clair3-Indel_gt50	Indel_gt50	I2-HG003-20x-7-D0-PF-ILMN-NOVASEQ	377862616.0	377862457.0	18.0	141.0	144.0	0.6351351351351352	0.8867924528301887	0.9999996189090965	0.5052631578947369	0.49473684210526314	0.49473684210526314	HG003	clinvar_genes	-1	-2	bwa2a	clair3	ilmn_all_downsamples_a	ILMN		20	0	22.460535	25	0.0		22.0	0.0
I2-HG003-20x-7-D0-PF-ILMN-NOVASEQ-bwa2a-clair3-All	All	I2-HG003-20x-7-D0-PF-ILMN-NOVASEQ	377862616.0	377400707.0	4949.0	456960.0	108698.0	0.8894018589542092	0.989285768408929	0.9997120654517203	0.1921620484462343	0.8078379515537657	0.8078379515537657	HG003	clinvar_genes	-1	-2	bwa2a	clair3	ilmn_all_downsamples_a	ILMN		20	0	22.460535	25	0.0		22.0	0.0
I2-HG003-20x-7-D0-PF-ILMN-NOVASEQ-bwa2a-clair3-SNPts	SNPts	I2-HG003-20x-7-D0-PF-ILMN-NOVASEQ	2505355380.0	2503152103.0	4637.0	2198640.0	15729.0	0.9953898524236664	0.997895407613296	0.9999937163622036	0.0071031521846629895	0.992896847815337	0.992896847815337	HG003	giabHC_x_ultima	-1	-2	bwa2a	clair3	ilmn_all_downsamples_a	ILMN		20	0	22.460535	25	0.0		22.0	0.0
I2-HG003-20x-7-D0-PF-ILMN-NOVASEQ-bwa2a-clair3-SNPtv	SNPtv	I2-HG003-20x-7-D0-PF-ILMN-NOVASEQ	2505355380.0	2504320618.0	2719.0	1032043.0	4187.0	0.9966653661626892	0.9973723426256472	0.99999832809227	0.004040608745162754	0.9959593912548372	0.9959593912548372	HG003	giabHC_x_ultima	-1	-2	bwa2a	clair3	ilmn_all_downsamples_a	ILMN		20	0	22.460535	25	0.0		22.0	0.0
I2-HG003-20x-7-D0-PF-ILMN-NOVASEQ-bwa2a-clair3-INS_50	INS_50	I2-HG003-20x-7-D0-PF-ILMN-NOVASEQ	2505355380.0	2505201711.0	1201.0	152468.0	367.0	0.9948842429462584	0.9921845004522708	0.9999998535048317	0.0024012824287630453	0.997598717571237	0.997598717571237	HG003	giabHC_x_ultima	-1	-2	bwa2a	clair3	ilmn_all_downsamples_a	ILMN		20	0	22.460535	25	0.0		22.0	0.0
I2-HG003-20x-7-D0-PF-ILMN-NOVASEQ-bwa2a-clair3-INS_gt50	INS_gt50	I2-HG003-20x-7-D0-PF-ILMN-NOVASEQ	2505355380.0	2505355380.0	0.0	0.0	0.0			1.0				HG003	giabHC_x_ultima	-1	-2	bwa2a	clair3	ilmn_all_downsamples_a	ILMN		20	0	22.460535	25	0.0		22.0	0.0
I2-HG003-20x-7-D0-PF-ILMN-NOVASEQ-bwa2a-clair3-DEL_50	DEL_50	I2-HG003-20x-7-D0-PF-ILMN-NOVASEQ	2505355380.0	2505190084.0	755.0	164541.0	452.0	0.9963456245893748	0.9954324363565966	0.9999998195746018	0.0027395101610371347	0.9972604898389629	0.9972604898389629	HG003	giabHC_x_ultima	-1	-2	bwa2a	clair3	ilmn_all_downsamples_a	ILMN		20	0	22.460535	25	0.0		22.0	0.0
I2-HG003-20x-7-D0-PF-ILMN-NOVASEQ-bwa2a-clair3-DEL_gt50	DEL_gt50	I2-HG003-20x-7-D0-PF-ILMN-NOVASEQ	2505355380.0	2505355380.0	0.0	0.0	0.0			1.0				HG003	giabHC_x_ultima	-1	-2	bwa2a	clair3	ilmn_all_downsamples_a	ILMN		20	0	22.460535	25	0.0		22.0	0.0
I2-HG003-20x-7-D0-PF-ILMN-NOVASEQ-bwa2a-clair3-Indel_50	Indel_50	I2-HG003-20x-7-D0-PF-ILMN-NOVASEQ	2505355380.0	2505341382.0	83.0	13915.0	2.0	0.9969550420920653	0.9940705815116445	0.9999999992017056	0.00014370913271538407	0.9998562908672847	0.9998562908672847	HG003	giabHC_x_ultima	-1	-2	bwa2a	clair3	ilmn_all_downsamples_a	ILMN		20	0	22.460535	25	0.0		22.0	0.0
I2-HG003-20x-7-D0-PF-ILMN-NOVASEQ-bwa2a-clair3-Indel_gt50	Indel_gt50	I2-HG003-20x-7-D0-PF-ILMN-NOVASEQ	2505355380.0	2505355027.0	5.0	348.0	0.0	0.992867332382311	0.9858356940509915	1.0	0.0	1.0	1.0	HG003	giabHC_x_ultima	-1	-2	bwa2a	clair3	ilmn_all_downsamples_a	ILMN		20	0	22.460535	25	0.0		22.0	0.0
I2-HG003-20x-7-D0-PF-ILMN-NOVASEQ-bwa2a-clair3-All	All	I2-HG003-20x-7-D0-PF-ILMN-NOVASEQ	2505355380.0	2501784025.0	9400.0	3561955.0	20737.0	0.9957874193446031	0.997367945779683	0.9999917111837362	0.005788105703755723	0.9942118942962442	0.9942118942962442	HG003	giabHC_x_ultima	-1	-2	bwa2a	clair3	ilmn_all_downsamples_a	ILMN		20	0	22.460535	25	0.0		22.0	0.0
I2-HG003-20x-7-D0-PF-ILMN-NOVASEQ-bwa2a-clair3-SNPts	SNPts	I2-HG003-20x-7-D0-PF-ILMN-NOVASEQ	337668665.0	337403091.0	1955.0	263619.0	3109.0	0.9904866034694589	0.9926385866086288	0.999990785587224	0.011656069104106055	0.9883439308958939	0.9883439308958939	HG003	giabHC_x_clinvar_genes	-1	-2	bwa2a	clair3	ilmn_all_downsamples_a	ILMN		20	0	22.460535	25	0.0		22.0	0.0
I2-HG003-20x-7-D0-PF-ILMN-NOVASEQ-bwa2a-clair3-SNPtv	SNPtv	I2-HG003-20x-7-D0-PF-ILMN-NOVASEQ	337668665.0	337548357.0	975.0	119333.0	1126.0	0.9912737210664251	0.9918958007780031	0.9999966641927874	0.009347578844254061	0.9906524211557459	0.9906524211557459	HG003	giabHC_x_clinvar_genes	-1	-2	bwa2a	clair3	ilmn_all_downsamples_a	ILMN		20	0	22.460535	25	0.0		22.0	0.0
I2-HG003-20x-7-D0-PF-ILMN-NOVASEQ-bwa2a-clair3-INS_50	INS_50	I2-HG003-20x-7-D0-PF-ILMN-NOVASEQ	337668665.0	337642405.0	351.0	25909.0	135.0	0.9907081676353625	0.9866336633663366	0.999999600168865	0.005183535555214253	0.9948164644447858	0.9948164644447858	HG003	giabHC_x_clinvar_genes	-1	-2	bwa2a	clair3	ilmn_all_downsamples_a	ILMN		20	0	22.460535	25	0.0		22.0	0.0
I2-HG003-20x-7-D0-PF-ILMN-NOVASEQ-bwa2a-clair3-INS_gt50	INS_gt50	I2-HG003-20x-7-D0-PF-ILMN-NOVASEQ	337668665.0	337668665.0	0.0	0.0	0.0			1.0				HG003	giabHC_x_clinvar_genes	-1	-2	bwa2a	clair3	ilmn_all_downsamples_a	ILMN		20	0	22.460535	25	0.0		22.0	0.0
I2-HG003-20x-7-D0-PF-ILMN-NOVASEQ-bwa2a-clair3-DEL_50	DEL_50	I2-HG003-20x-7-D0-PF-ILMN-NOVASEQ	337668665.0	337640734.0	214.0	27717.0	142.0	0.9936189281233195	0.9923382621460026	0.9999995794348076	0.005097096091029828	0.9949029039089702	0.9949029039089702	HG003	giabHC_x_clinvar_genes	-1	-2	bwa2a	clair3	ilmn_all_downsamples_a	ILMN		20	0	22.460535	25	0.0		22.0	0.0
I2-HG003-20x-7-D0-PF-ILMN-NOVASEQ-bwa2a-clair3-DEL_gt50	DEL_gt50	I2-HG003-20x-7-D0-PF-ILMN-NOVASEQ	337668665.0	337668665.0	0.0	0.0	0.0			1.0				HG003	giabHC_x_clinvar_genes	-1	-2	bwa2a	clair3	ilmn_all_downsamples_a	ILMN		20	0	22.460535	25	0.0		22.0	0.0
I2-HG003-20x-7-D0-PF-ILMN-NOVASEQ-bwa2a-clair3-Indel_50	Indel_50	I2-HG003-20x-7-D0-PF-ILMN-NOVASEQ	337668665.0	337665459.0	15.0	3191.0	3.0	0.9971875	0.9953212726138491	0.9999999911154668	0.000939261114589856	0.9990607388854101	0.9990607388854101	HG003	giabHC_x_clinvar_genes	-1	-2	bwa2a	clair3	ilmn_all_downsamples_a	ILMN		20	0	22.460535	25	0.0		22.0	0.0
I2-HG003-20x-7-D0-PF-ILMN-NOVASEQ-bwa2a-clair3-Indel_gt50	Indel_gt50	I2-HG003-20x-7-D0-PF-ILMN-NOVASEQ	337668665.0	337668622.0	1.0	42.0	0.0	0.988235294117647	0.9767441860465116	1.0	0.0	1.0	1.0	HG003	giabHC_x_clinvar_genes	-1	-2	bwa2a	clair3	ilmn_all_downsamples_a	ILMN		20	0	22.460535	25	0.0		22.0	0.0
I2-HG003-20x-7-D0-PF-ILMN-NOVASEQ-bwa2a-clair3-All	All	I2-HG003-20x-7-D0-PF-ILMN-NOVASEQ	337668665.0	337225343.0	3511.0	439811.0	4515.0	0.9909581275460543	0.992080248668011	0.9999866115057938	0.010161458028564612	0.9898385419714354	0.9898385419714354	HG003	giabHC_x_clinvar_genes	-1	-2	bwa2a	clair3	ilmn_all_downsamples_a	ILMN		20	0	22.460535	25	0.0		22.0	0.0
I2-HG003-20x-7-D0-PF-ILMN-NOVASEQ-bwa2a-clair3-SNPts	SNPts	I2-HG003-20x-7-D0-PF-ILMN-NOVASEQ	3088286401.0	3085963125.0	18030.0	2305246.0	0.0	0.9961045880304771	0.9922394067687179	1.0	0.0	1.0	1.0	HG003	hg38	-1	-2	bwa2a	clair3	ilmn_all_downsamples_a	ILMN		20	0	22.460535	25	0.0		22.0	0.0
I2-HG003-20x-7-D0-PF-ILMN-NOVASEQ-bwa2a-clair3-SNPtv	SNPtv	I2-HG003-20x-7-D0-PF-ILMN-NOVASEQ	3088286401.0	3087178607.0	10080.0	1097714.0	0.0	0.9954296243767875	0.9909008353538654	1.0	0.0	1.0	1.0	HG003	hg38	-1	-2	bwa2a	clair3	ilmn_all_downsamples_a	ILMN		20	0	22.460535	25	0.0		22.0	0.0
I2-HG003-20x-7-D0-PF-ILMN-NOVASEQ-bwa2a-clair3-INS_50	INS_50	I2-HG003-20x-7-D0-PF-ILMN-NOVASEQ	3088286401.0	3088031118.0	5633.0	249650.0	0.0	0.9888440644600373	0.9779342925302508	1.0	0.0	1.0	1.0	HG003	hg38	-1	-2	bwa2a	clair3	ilmn_all_downsamples_a	ILMN		20	0	22.460535	25	0.0		22.0	0.0
I2-HG003-20x-7-D0-PF-ILMN-NOVASEQ-bwa2a-clair3-INS_gt50	INS_gt50	I2-HG003-20x-7-D0-PF-ILMN-NOVASEQ	3088286401.0	3088286164.0	237.0	0.0	0.0		0.0	1.0				HG003	hg38	-1	-2	bwa2a	clair3	ilmn_all_downsamples_a	ILMN		20	0	22.460535	25	0.0		22.0	0.0
I2-HG003-20x-7-D0-PF-ILMN-NOVASEQ-bwa2a-clair3-DEL_50	DEL_50	I2-HG003-20x-7-D0-PF-ILMN-NOVASEQ	3088286401.0	3088016944.0	3685.0	265772.0	0.0	0.9931150965287755	0.9863243485973643	1.0	0.0	1.0	1.0	HG003	hg38	-1	-2	bwa2a	clair3	ilmn_all_downsamples_a	ILMN		20	0	22.460535	25	0.0		22.0	0.0
I2-HG003-20x-7-D0-PF-ILMN-NOVASEQ-bwa2a-clair3-DEL_gt50	DEL_gt50	I2-HG003-20x-7-D0-PF-ILMN-NOVASEQ	3088286401.0	3088286263.0	136.0	2.0	0.0	0.02857142857142857	0.014492753623188406	1.0	0.0	1.0	1.0	HG003	hg38	-1	-2	bwa2a	clair3	ilmn_all_downsamples_a	ILMN		20	0	22.460535	25	0.0		22.0	0.0
I2-HG003-20x-7-D0-PF-ILMN-NOVASEQ-bwa2a-clair3-Indel_50	Indel_50	I2-HG003-20x-7-D0-PF-ILMN-NOVASEQ	3088286401.0	3088244153.0	592.0	41656.0	0.0	0.9929443173150267	0.985987502366976	1.0	0.0	1.0	1.0	HG003	hg38	-1	-2	bwa2a	clair3	ilmn_all_downsamples_a	ILMN		20	0	22.460535	25	0.0		22.0	0.0
I2-HG003-20x-7-D0-PF-ILMN-NOVASEQ-bwa2a-clair3-Indel_gt50	Indel_gt50	I2-HG003-20x-7-D0-PF-ILMN-NOVASEQ	3088286401.0	3088284891.0	140.0	1370.0	0.0	0.9513888888888888	0.9072847682119205	1.0	0.0	1.0	1.0	HG003	hg38	-1	-2	bwa2a	clair3	ilmn_all_downsamples_a	ILMN		20	0	22.460535	25	0.0		22.0	0.0
I2-HG003-20x-7-D0-PF-ILMN-NOVASEQ-bwa2a-clair3-All	All	I2-HG003-20x-7-D0-PF-ILMN-NOVASEQ	3088286401.0	3084286458.0	38533.0	3961410.0	0.0	0.9951599935337625	0.9903666127242313	1.0	0.0	1.0	1.0	HG003	hg38	-1	-2	bwa2a	clair3	ilmn_all_downsamples_a	ILMN		20	0	22.460535	25	0.0		22.0	0.0
I2-HG003-20x-7-D0-PF-ILMN-NOVASEQ-bwa2a-clair3-SNPts	SNPts	I2-HG003-20x-7-D0-PF-ILMN-NOVASEQ	332544085.0	332287235.0	572.0	256278.0	2032.0	0.9949452597251339	0.9977730192719486	0.9999938848461212	0.00786651697572684	0.9921334830242732	0.9921334830242732	HG003	giabHC_x_ultima_x_clinvar	-1	-2	bwa2a	clair3	ilmn_all_downsamples_a	ILMN		20	0	22.460535	25	0.0		22.0	0.0
I2-HG003-20x-7-D0-PF-ILMN-NOVASEQ-bwa2a-clair3-SNPtv	SNPtv	I2-HG003-20x-7-D0-PF-ILMN-NOVASEQ	332544085.0	332429435.0	323.0	114327.0	737.0	0.9953855663999582	0.9971827300479721	0.9999977829930552	0.006405131057498435	0.9935948689425016	0.9935948689425016	HG003	giabHC_x_ultima_x_clinvar	-1	-2	bwa2a	clair3	ilmn_all_downsamples_a	ILMN		20	0	22.460535	25	0.0		22.0	0.0
I2-HG003-20x-7-D0-PF-ILMN-NOVASEQ-bwa2a-clair3-INS_50	INS_50	I2-HG003-20x-7-D0-PF-ILMN-NOVASEQ	332544085.0	332526592.0	134.0	17359.0	52.0	0.9946710978684391	0.9923397930600811	0.9999998436215535	0.0029866176555051406	0.9970133823444949	0.9970133823444949	HG003	giabHC_x_ultima_x_clinvar	-1	-2	bwa2a	clair3	ilmn_all_downsamples_a	ILMN		20	0	22.460535	25	0.0		22.0	0.0
I2-HG003-20x-7-D0-PF-ILMN-NOVASEQ-bwa2a-clair3-INS_gt50	INS_gt50	I2-HG003-20x-7-D0-PF-ILMN-NOVASEQ	332544085.0	332544085.0	0.0	0.0	0.0			1.0				HG003	giabHC_x_ultima_x_clinvar	-1	-2	bwa2a	clair3	ilmn_all_downsamples_a	ILMN		20	0	22.460535	25	0.0		22.0	0.0
I2-HG003-20x-7-D0-PF-ILMN-NOVASEQ-bwa2a-clair3-DEL_50	DEL_50	I2-HG003-20x-7-D0-PF-ILMN-NOVASEQ	332544085.0	332525164.0	96.0	18825.0	65.0	0.9957419798471345	0.9949262723957507	0.9999998045261101	0.003440974060349391	0.9965590259396506	0.9965590259396506	HG003	giabHC_x_ultima_x_clinvar	-1	-2	bwa2a	clair3	ilmn_all_downsamples_a	ILMN		20	0	22.460535	25	0.0		22.0	0.0
I2-HG003-20x-7-D0-PF-ILMN-NOVASEQ-bwa2a-clair3-DEL_gt50	DEL_gt50	I2-HG003-20x-7-D0-PF-ILMN-NOVASEQ	332544085.0	332544085.0	0.0	0.0	0.0			1.0				HG003	giabHC_x_ultima_x_clinvar	-1	-2	bwa2a	clair3	ilmn_all_downsamples_a	ILMN		20	0	22.460535	25	0.0		22.0	0.0
I2-HG003-20x-7-D0-PF-ILMN-NOVASEQ-bwa2a-clair3-Indel_50	Indel_50	I2-HG003-20x-7-D0-PF-ILMN-NOVASEQ	332544085.0	332542783.0	7.0	1295.0	0.0	0.9973045822102425	0.9946236559139785	1.0	0.0	1.0	1.0	HG003	giabHC_x_ultima_x_clinvar	-1	-2	bwa2a	clair3	ilmn_all_downsamples_a	ILMN		20	0	22.460535	25	0.0		22.0	0.0
I2-HG003-20x-7-D0-PF-ILMN-NOVASEQ-bwa2a-clair3-Indel_gt50	Indel_gt50	I2-HG003-20x-7-D0-PF-ILMN-NOVASEQ	332544085.0	332544056.0	0.0	29.0	0.0	1.0	1.0	1.0	0.0	1.0	1.0	HG003	giabHC_x_ultima_x_clinvar	-1	-2	bwa2a	clair3	ilmn_all_downsamples_a	ILMN		20	0	22.460535	25	0.0		22.0	0.0
I2-HG003-20x-7-D0-PF-ILMN-NOVASEQ-bwa2a-clair3-All	All	I2-HG003-20x-7-D0-PF-ILMN-NOVASEQ	332544085.0	332134840.0	1132.0	408113.0	2886.0	0.9951014576150512	0.9972339307749637	0.9999913108335065	0.007021914895170061	0.99297808510483	0.99297808510483	HG003	giabHC_x_ultima_x_clinvar	-1	-2	bwa2a	clair3	ilmn_all_downsamples_a	ILMN		20	0	22.460535	25	0.0		22.0	0.0
I2-HG003-20x-7-D0-PF-ILMN-NOVASEQ-bwa2a-clair3-SNPts	SNPts	I2-HG003-20x-7-D0-PF-ILMN-NOVASEQ	2528531102.0	2526276098.0	14230.0	2240774.0	20018.0	0.9924159550165684	0.993689589907601	0.999992076146627	0.008854419159303465	0.9911455808406965	0.9911455808406965	HG003	giabHC	-1	-2	bwa2a	clair3	ilmn_all_downsamples_a	ILMN		20	0	22.460535	25	0.0		22.0	0.0
I2-HG003-20x-7-D0-PF-ILMN-NOVASEQ-bwa2a-clair3-SNPtv	SNPtv	I2-HG003-20x-7-D0-PF-ILMN-NOVASEQ	2528531102.0	2527458867.0	7874.0	1064361.0	6074.0	0.9934903648251948	0.9926564605706771	0.9999975968014821	0.005674328660778095	0.9943256713392219	0.9943256713392219	HG003	giabHC	-1	-2	bwa2a	clair3	ilmn_all_downsamples_a	ILMN		20	0	22.460535	25	0.0		22.0	0.0
I2-HG003-20x-7-D0-PF-ILMN-NOVASEQ-bwa2a-clair3-INS_50	INS_50	I2-HG003-20x-7-D0-PF-ILMN-NOVASEQ	2528531102.0	2528302613.0	2779.0	225710.0	1005.0	0.9916872435215859	0.9878374888944326	0.9999996025002722	0.004432878283307236	0.9955671217166928	0.9955671217166928	HG003	giabHC	-1	-2	bwa2a	clair3	ilmn_all_downsamples_a	ILMN		20	0	22.460535	25	0.0		22.0	0.0
I2-HG003-20x-7-D0-PF-ILMN-NOVASEQ-bwa2a-clair3-INS_gt50	INS_gt50	I2-HG003-20x-7-D0-PF-ILMN-NOVASEQ	2528531102.0	2528531101.0	1.0	0.0	0.0		0.0	1.0				HG003	giabHC	-1	-2	bwa2a	clair3	ilmn_all_downsamples_a	ILMN		20	0	22.460535	25	0.0		22.0	0.0
I2-HG003-20x-7-D0-PF-ILMN-NOVASEQ-bwa2a-clair3-DEL_50	DEL_50	I2-HG003-20x-7-D0-PF-ILMN-NOVASEQ	2528531102.0	2528288403.0	1686.0	241013.0	1066.0	0.9943231747315265	0.9930531234162481	0.9999995783710635	0.004403521164578505	0.9955964788354215	0.9955964788354215	HG003	giabHC	-1	-2	bwa2a	clair3	ilmn_all_downsamples_a	ILMN		20	0	22.460535	25	0.0		22.0	0.0
I2-HG003-20x-7-D0-PF-ILMN-NOVASEQ-bwa2a-clair3-DEL_gt50	DEL_gt50	I2-HG003-20x-7-D0-PF-ILMN-NOVASEQ	2528531102.0	2528531102.0	0.0	0.0	0.0			1.0				HG003	giabHC	-1	-2	bwa2a	clair3	ilmn_all_downsamples_a	ILMN		20	0	22.460535	25	0.0		22.0	0.0
I2-HG003-20x-7-D0-PF-ILMN-NOVASEQ-bwa2a-clair3-Indel_50	Indel_50	I2-HG003-20x-7-D0-PF-ILMN-NOVASEQ	2528531102.0	2528498600.0	223.0	32279.0	23.0	0.9962039380285168	0.9931388837609993	0.9999999909036928	0.0007120302148473778	0.9992879697851527	0.9992879697851527	HG003	giabHC	-1	-2	bwa2a	clair3	ilmn_all_downsamples_a	ILMN		20	0	22.460535	25	0.0		22.0	0.0
I2-HG003-20x-7-D0-PF-ILMN-NOVASEQ-bwa2a-clair3-Indel_gt50	Indel_gt50	I2-HG003-20x-7-D0-PF-ILMN-NOVASEQ	2528531102.0	2528530650.0	16.0	436.0	2.0	0.9797752808988764	0.9646017699115044	0.9999999992090268	0.0045662100456621	0.995433789954338	0.9954337899543378	HG003	giabHC	-1	-2	bwa2a	clair3	ilmn_all_downsamples_a	ILMN		20	0	22.460535	25	0.0		22.0	0.0
I2-HG003-20x-7-D0-PF-ILMN-NOVASEQ-bwa2a-clair3-All	All	I2-HG003-20x-7-D0-PF-ILMN-NOVASEQ	2528531102.0	2524699720.0	26809.0	3804573.0	28188.0	0.9928241161471022	0.9930027859399037	0.9999888352325371	0.007354489361585552	0.9926455106384144	0.9926455106384144	HG003	giabHC	-1	-2	bwa2a	clair3	ilmn_all_downsamples_a	ILMN		20	0	22.460535	25	0.0		22.0	0.0
I2-HG003-20x-7-D0-PF-ILMN-NOVASEQ-bwa2a-clair3-SNPts	SNPts	I2-HG003-20x-7-D0-PF-ILMN-NOVASEQ	2799325643.0	2797071106.0	5628.0	2248909.0	211414.0	0.9539663956087773	0.9975037003162955	0.999924421649051	0.08592936781064925	0.9140706321893508	0.9140706321893507	HG003	ultima	-1	-2	bwa2a	clair3	ilmn_all_downsamples_a	ILMN		20	0	22.460535	25	0.0		22.0	0.0
I2-HG003-20x-7-D0-PF-ILMN-NOVASEQ-bwa2a-clair3-SNPtv	SNPtv	I2-HG003-20x-7-D0-PF-ILMN-NOVASEQ	2799325643.0	2798266390.0	3273.0	1055980.0	110752.0	0.9487754859084855	0.9969100866365259	0.9999604227756375	0.09492496991597042	0.9050750300840296	0.9050750300840296	HG003	ultima	-1	-2	bwa2a	clair3	ilmn_all_downsamples_a	ILMN		20	0	22.460535	25	0.0		22.0	0.0
I2-HG003-20x-7-D0-PF-ILMN-NOVASEQ-bwa2a-clair3-INS_50	INS_50	I2-HG003-20x-7-D0-PF-ILMN-NOVASEQ	2799325643.0	2799161717.0	1762.0	162164.0	26867.0	0.918888136515213	0.9892512475141222	0.9999904018613989	0.1421301268045982	0.8578698731954018	0.8578698731954019	HG003	ultima	-1	-2	bwa2a	clair3	ilmn_all_downsamples_a	ILMN		20	0	22.460535	25	0.0		22.0	0.0
I2-HG003-20x-7-D0-PF-ILMN-NOVASEQ-bwa2a-clair3-INS_gt50	INS_gt50	I2-HG003-20x-7-D0-PF-ILMN-NOVASEQ	2799325643.0	2799325547.0	96.0	0.0	0.0		0.0	1.0				HG003	ultima	-1	-2	bwa2a	clair3	ilmn_all_downsamples_a	ILMN		20	0	22.460535	25	0.0		22.0	0.0
I2-HG003-20x-7-D0-PF-ILMN-NOVASEQ-bwa2a-clair3-DEL_50	DEL_50	I2-HG003-20x-7-D0-PF-ILMN-NOVASEQ	2799325643.0	2799148502.0	1444.0	175697.0	35844.0	0.9040655342928152	0.9918483016354204	0.9999871948412218	0.1694423303283997	0.8305576696716003	0.8305576696716003	HG003	ultima	-1	-2	bwa2a	clair3	ilmn_all_downsamples_a	ILMN		20	0	22.460535	25	0.0		22.0	0.0
I2-HG003-20x-7-D0-PF-ILMN-NOVASEQ-bwa2a-clair3-DEL_gt50	DEL_gt50	I2-HG003-20x-7-D0-PF-ILMN-NOVASEQ	2799325643.0	2799325554.0	87.0	2.0	24.0	0.034782608695652174	0.02247191011235955	0.9999999914265064	0.9230769230769231	0.07692307692307687	0.07692307692307693	HG003	ultima	-1	-2	bwa2a	clair3	ilmn_all_downsamples_a	ILMN		20	0	22.460535	25	0.0		22.0	0.0
I2-HG003-20x-7-D0-PF-ILMN-NOVASEQ-bwa2a-clair3-Indel_50	Indel_50	I2-HG003-20x-7-D0-PF-ILMN-NOVASEQ	2799325643.0	2799308020.0	132.0	17491.0	2874.0	0.9208697483415816	0.9925097883447768	0.9999989733187528	0.1411244782715443	0.8588755217284557	0.8588755217284557	HG003	ultima	-1	-2	bwa2a	clair3	ilmn_all_downsamples_a	ILMN		20	0	22.460535	25	0.0		22.0	0.0
I2-HG003-20x-7-D0-PF-ILMN-NOVASEQ-bwa2a-clair3-Indel_gt50	Indel_gt50	I2-HG003-20x-7-D0-PF-ILMN-NOVASEQ	2799325643.0	2799324728.0	34.0	881.0	363.0	0.8161185734136174	0.9628415300546448	0.9999998703258863	0.29180064308681675	0.7081993569131833	0.7081993569131833	HG003	ultima	-1	-2	bwa2a	clair3	ilmn_all_downsamples_a	ILMN		20	0	22.460535	25	0.0		22.0	0.0
I2-HG003-20x-7-D0-PF-ILMN-NOVASEQ-bwa2a-clair3-All	All	I2-HG003-20x-7-D0-PF-ILMN-NOVASEQ	2799325643.0	2795652063.0	12456.0	3661124.0	388138.0	0.9481286811254199	0.9966093020976813	0.9998611829687352	0.09585400994057683	0.9041459900594232	0.9041459900594232	HG003	ultima	-1	-2	bwa2a	clair3	ilmn_all_downsamples_a	ILMN		20	0	22.460535	25	0.0		22.0	0.0
I2-HG003-20x-7-D0-PF-ILMN-NOVASEQ-bwa2a-clair3-SNPts	SNPts	I2-HG003-20x-7-D0-PF-ILMN-NOVASEQ	688815815.0	688747510.0	3800.0	64505.0	0.0	0.9713876967095851	0.9443671766342142	1.0	0.0	1.0	1.0	HG003	hg38_m_giabHC	-1	-2	bwa2a	clair3	ilmn_all_downsamples_a	ILMN		20	0	22.460535	25	0.0		22.0	0.0
I2-HG003-20x-7-D0-PF-ILMN-NOVASEQ-bwa2a-clair3-SNPtv	SNPtv	I2-HG003-20x-7-D0-PF-ILMN-NOVASEQ	688815815.0	688780238.0	2206.0	33371.0	0.0	0.9680048732378025	0.9379936475813025	1.0	0.0	1.0	1.0	HG003	hg38_m_giabHC	-1	-2	bwa2a	clair3	ilmn_all_downsamples_a	ILMN		20	0	22.460535	25	0.0		22.0	0.0
I2-HG003-20x-7-D0-PF-ILMN-NOVASEQ-bwa2a-clair3-INS_50	INS_50	I2-HG003-20x-7-D0-PF-ILMN-NOVASEQ	688815815.0	688789094.0	2851.0	23870.0	0.0	0.9436461030618093	0.8933048912840088	1.0	0.0	1.0	1.0	HG003	hg38_m_giabHC	-1	-2	bwa2a	clair3	ilmn_all_downsamples_a	ILMN		20	0	22.460535	25	0.0		22.0	0.0
I2-HG003-20x-7-D0-PF-ILMN-NOVASEQ-bwa2a-clair3-INS_gt50	INS_gt50	I2-HG003-20x-7-D0-PF-ILMN-NOVASEQ	688815815.0	688815579.0	236.0	0.0	0.0		0.0	1.0				HG003	hg38_m_giabHC	-1	-2	bwa2a	clair3	ilmn_all_downsamples_a	ILMN		20	0	22.460535	25	0.0		22.0	0.0
I2-HG003-20x-7-D0-PF-ILMN-NOVASEQ-bwa2a-clair3-DEL_50	DEL_50	I2-HG003-20x-7-D0-PF-ILMN-NOVASEQ	688815815.0	688788860.0	2010.0	24945.0	0.0	0.961271676300578	0.9254312743461325	1.0	0.0	1.0	1.0	HG003	hg38_m_giabHC	-1	-2	bwa2a	clair3	ilmn_all_downsamples_a	ILMN		20	0	22.460535	25	0.0		22.0	0.0
I2-HG003-20x-7-D0-PF-ILMN-NOVASEQ-bwa2a-clair3-DEL_gt50	DEL_gt50	I2-HG003-20x-7-D0-PF-ILMN-NOVASEQ	688815815.0	688815677.0	136.0	2.0	0.0	0.02857142857142857	0.014492753623188406	1.0	0.0	1.0	1.0	HG003	hg38_m_giabHC	-1	-2	bwa2a	clair3	ilmn_all_downsamples_a	ILMN		20	0	22.460535	25	0.0		22.0	0.0
I2-HG003-20x-7-D0-PF-ILMN-NOVASEQ-bwa2a-clair3-Indel_50	Indel_50	I2-HG003-20x-7-D0-PF-ILMN-NOVASEQ	688815815.0	688806068.0	370.0	9377.0	0.0	0.9806525831416021	0.9620396019287986	1.0	0.0	1.0	1.0	HG003	hg38_m_giabHC	-1	-2	bwa2a	clair3	ilmn_all_downsamples_a	ILMN		20	0	22.460535	25	0.0		22.0	0.0
I2-HG003-20x-7-D0-PF-ILMN-NOVASEQ-bwa2a-clair3-Indel_gt50	Indel_gt50	I2-HG003-20x-7-D0-PF-ILMN-NOVASEQ	688815815.0	688814755.0	126.0	934.0	0.0	0.9368104312938816	0.8811320754716981	1.0	0.0	1.0	1.0	HG003	hg38_m_giabHC	-1	-2	bwa2a	clair3	ilmn_all_downsamples_a	ILMN		20	0	22.460535	25	0.0		22.0	0.0
I2-HG003-20x-7-D0-PF-ILMN-NOVASEQ-bwa2a-clair3-All	All	I2-HG003-20x-7-D0-PF-ILMN-NOVASEQ	688815815.0	688647076.0	11735.0	157004.0	0.0	0.9639746671455718	0.9304547259376907	1.0	0.0	1.0	1.0	HG003	hg38_m_giabHC	-1	-2	bwa2a	clair3	ilmn_all_downsamples_a	ILMN		20	0	22.460535	25	0.0		22.0	0.0
I2-HG003-20x-7-D0-PF-ILMN-NOVASEQ-sent-clair3-SNPts	SNPts	I2-HG003-20x-7-D0-PF-ILMN-NOVASEQ	332544085.0	332287236.0	573.0	256276.0	2026.0	0.9949548773078185	0.9977691172634505	0.9999939029025862	0.007843531989686492	0.9921564680103135	0.9921564680103135	HG003	giabHC_x_ultima_x_clinvar	-1	-2	sent	clair3	ilmn_all_downsamples_a	ILMN		20	0	22.458891	25	0.0		22.0	0.0
I2-HG003-20x-7-D0-PF-ILMN-NOVASEQ-sent-clair3-SNPtv	SNPtv	I2-HG003-20x-7-D0-PF-ILMN-NOVASEQ	332544085.0	332429435.0	318.0	114332.0	731.0	0.9954334321522944	0.9972263410379416	0.9999978010419187	0.006353041377332418	0.9936469586226676	0.9936469586226676	HG003	giabHC_x_ultima_x_clinvar	-1	-2	sent	clair3	ilmn_all_downsamples_a	ILMN		20	0	22.458891	25	0.0		22.0	0.0
I2-HG003-20x-7-D0-PF-ILMN-NOVASEQ-sent-clair3-INS_50	INS_50	I2-HG003-20x-7-D0-PF-ILMN-NOVASEQ	332544085.0	332526588.0	133.0	17364.0	56.0	0.9945871638456912	0.9923986969194719	0.9999998315924422	0.003214695752009185	0.9967853042479908	0.9967853042479908	HG003	giabHC_x_ultima_x_clinvar	-1	-2	sent	clair3	ilmn_all_downsamples_a	ILMN		20	0	22.458891	25	0.0		22.0	0.0
I2-HG003-20x-7-D0-PF-ILMN-NOVASEQ-sent-clair3-INS_gt50	INS_gt50	I2-HG003-20x-7-D0-PF-ILMN-NOVASEQ	332544085.0	332544085.0	0.0	0.0	0.0			1.0				HG003	giabHC_x_ultima_x_clinvar	-1	-2	sent	clair3	ilmn_all_downsamples_a	ILMN		20	0	22.458891	25	0.0		22.0	0.0
I2-HG003-20x-7-D0-PF-ILMN-NOVASEQ-sent-clair3-DEL_50	DEL_50	I2-HG003-20x-7-D0-PF-ILMN-NOVASEQ	332544085.0	332525162.0	98.0	18825.0	64.0	0.9957156458267217	0.9948211171590129	0.999999807533399	0.0033882153634390384	0.996611784636561	0.996611784636561	HG003	giabHC_x_ultima_x_clinvar	-1	-2	sent	clair3	ilmn_all_downsamples_a	ILMN		20	0	22.458891	25	0.0		22.0	0.0
I2-HG003-20x-7-D0-PF-ILMN-NOVASEQ-sent-clair3-DEL_gt50	DEL_gt50	I2-HG003-20x-7-D0-PF-ILMN-NOVASEQ	332544085.0	332544085.0	0.0	0.0	0.0			1.0				HG003	giabHC_x_ultima_x_clinvar	-1	-2	sent	clair3	ilmn_all_downsamples_a	ILMN		20	0	22.458891	25	0.0		22.0	0.0
I2-HG003-20x-7-D0-PF-ILMN-NOVASEQ-sent-clair3-Indel_50	Indel_50	I2-HG003-20x-7-D0-PF-ILMN-NOVASEQ	332544085.0	332542788.0	8.0	1289.0	0.0	0.996906419180201	0.9938319198149576	1.0	0.0	1.0	1.0	HG003	giabHC_x_ultima_x_clinvar	-1	-2	sent	clair3	ilmn_all_downsamples_a	ILMN		20	0	22.458891	25	0.0		22.0	0.0
I2-HG003-20x-7-D0-PF-ILMN-NOVASEQ-sent-clair3-Indel_gt50	Indel_gt50	I2-HG003-20x-7-D0-PF-ILMN-NOVASEQ	332544085.0	332544056.0	0.0	29.0	0.0	1.0	1.0	1.0	0.0	1.0	1.0	HG003	giabHC_x_ultima_x_clinvar	-1	-2	sent	clair3	ilmn_all_downsamples_a	ILMN		20	0	22.458891	25	0.0		22.0	0.0
I2-HG003-20x-7-D0-PF-ILMN-NOVASEQ-sent-clair3-All	All	I2-HG003-20x-7-D0-PF-ILMN-NOVASEQ	332544085.0	332134840.0	1130.0	408115.0	2877.0	0.9951148265684187	0.9972388178230644	0.9999913379304646	0.0070001362556935415	0.9929998637443065	0.9929998637443065	HG003	giabHC_x_ultima_x_clinvar	-1	-2	sent	clair3	ilmn_all_downsamples_a	ILMN		20	0	22.458891	25	0.0		22.0	0.0
I2-HG003-20x-7-D0-PF-ILMN-NOVASEQ-sent-clair3-SNPts	SNPts	I2-HG003-20x-7-D0-PF-ILMN-NOVASEQ	2799325643.0	2797071106.0	5567.0	2248970.0	213187.0	0.9536213288375289	0.9975307568693705	0.9999237878679212	0.08658546144701576	0.9134145385529843	0.9134145385529843	HG003	ultima	-1	-2	sent	clair3	ilmn_all_downsamples_a	ILMN		20	0	22.458891	25	0.0		22.0	0.0
I2-HG003-20x-7-D0-PF-ILMN-NOVASEQ-sent-clair3-SNPtv	SNPtv	I2-HG003-20x-7-D0-PF-ILMN-NOVASEQ	2799325643.0	2798266390.0	3173.0	1056080.0	112740.0	0.9479761210696419	0.9970044927887861	0.9999597123925091	0.09645625502643691	0.903543744973563	0.903543744973563	HG003	ultima	-1	-2	sent	clair3	ilmn_all_downsamples_a	ILMN		20	0	22.458891	25	0.0		22.0	0.0
I2-HG003-20x-7-D0-PF-ILMN-NOVASEQ-sent-clair3-INS_50	INS_50	I2-HG003-20x-7-D0-PF-ILMN-NOVASEQ	2799325643.0	2799161715.0	1758.0	162170.0	26769.0	0.9191565093930574	0.9892757796105607	0.9999904368712028	0.14168064825155208	0.858319351748448	0.8583193517484479	HG003	ultima	-1	-2	sent	clair3	ilmn_all_downsamples_a	ILMN		20	0	22.458891	25	0.0		22.0	0.0
I2-HG003-20x-7-D0-PF-ILMN-NOVASEQ-sent-clair3-INS_gt50	INS_gt50	I2-HG003-20x-7-D0-PF-ILMN-NOVASEQ	2799325643.0	2799325547.0	96.0	0.0	0.0		0.0	1.0				HG003	ultima	-1	-2	sent	clair3	ilmn_all_downsamples_a	ILMN		20	0	22.458891	25	0.0		22.0	0.0
I2-HG003-20x-7-D0-PF-ILMN-NOVASEQ-sent-clair3-DEL_50	DEL_50	I2-HG003-20x-7-D0-PF-ILMN-NOVASEQ	2799325643.0	2799148500.0	1452.0	175691.0	35827.0	0.9040835072209459	0.9918032324167481	0.9999872009143327	0.16938038370256905	0.830619616297431	0.830619616297431	HG003	ultima	-1	-2	sent	clair3	ilmn_all_downsamples_a	ILMN		20	0	22.458891	25	0.0		22.0	0.0
I2-HG003-20x-7-D0-PF-ILMN-NOVASEQ-sent-clair3-DEL_gt50	DEL_gt50	I2-HG003-20x-7-D0-PF-ILMN-NOVASEQ	2799325643.0	2799325554.0	87.0	2.0	23.0	0.03508771929824561	0.02247191011235955	0.9999999917837352	0.92	0.07999999999999996	0.08	HG003	ultima	-1	-2	sent	clair3	ilmn_all_downsamples_a	ILMN		20	0	22.458891	25	0.0		22.0	0.0
I2-HG003-20x-7-D0-PF-ILMN-NOVASEQ-sent-clair3-Indel_50	Indel_50	I2-HG003-20x-7-D0-PF-ILMN-NOVASEQ	2799325643.0	2799308023.0	127.0	17493.0	2878.0	0.9209023189702825	0.9927922814982973	0.9999989718898322	0.1412792695498503	0.8587207304501497	0.8587207304501497	HG003	ultima	-1	-2	sent	clair3	ilmn_all_downsamples_a	ILMN		20	0	22.458891	25	0.0		22.0	0.0
I2-HG003-20x-7-D0-PF-ILMN-NOVASEQ-sent-clair3-Indel_gt50	Indel_gt50	I2-HG003-20x-7-D0-PF-ILMN-NOVASEQ	2799325643.0	2799324729.0	31.0	883.0	368.0	0.8157043879907621	0.9660831509846827	0.9999998685397418	0.2941646682653877	0.7058353317346123	0.7058353317346123	HG003	ultima	-1	-2	sent	clair3	ilmn_all_downsamples_a	ILMN		20	0	22.458891	25	0.0		22.0	0.0
I2-HG003-20x-7-D0-PF-ILMN-NOVASEQ-sent-clair3-All	All	I2-HG003-20x-7-D0-PF-ILMN-NOVASEQ	2799325643.0	2795652063.0	12291.0	3661289.0	391792.0	0.9477027657871882	0.996654217411898	0.9998598763036927	0.09666522825475238	0.9033347717452476	0.9033347717452477	HG003	ultima	-1	-2	sent	clair3	ilmn_all_downsamples_a	ILMN		20	0	22.458891	25	0.0		22.0	0.0
I2-HG003-20x-7-D0-PF-ILMN-NOVASEQ-sent-clair3-SNPts	SNPts	I2-HG003-20x-7-D0-PF-ILMN-NOVASEQ	2505355380.0	2503152103.0	4574.0	2198703.0	16278.0	0.9952804929001431	0.9979240013852094	0.9999934970415401	0.007349047237876984	0.992650952762123	0.992650952762123	HG003	giabHC_x_ultima	-1	-2	sent	clair3	ilmn_all_downsamples_a	ILMN		20	0	22.458891	25	0.0		22.0	0.0
I2-HG003-20x-7-D0-PF-ILMN-NOVASEQ-sent-clair3-SNPtv	SNPtv	I2-HG003-20x-7-D0-PF-ILMN-NOVASEQ	2505355380.0	2504320621.0	2627.0	1032132.0	4621.0	0.9965011064381959	0.9974612445989839	0.9999981547923877	0.004457185076869804	0.9955428149231302	0.9955428149231302	HG003	giabHC_x_ultima	-1	-2	sent	clair3	ilmn_all_downsamples_a	ILMN		20	0	22.458891	25	0.0		22.0	0.0
I2-HG003-20x-7-D0-PF-ILMN-NOVASEQ-sent-clair3-INS_50	INS_50	I2-HG003-20x-7-D0-PF-ILMN-NOVASEQ	2505355380.0	2505201712.0	1204.0	152464.0	374.0	0.9948516505386518	0.9921649269854491	0.9999998507106465	0.002447035423127756	0.9975529645768723	0.9975529645768723	HG003	giabHC_x_ultima	-1	-2	sent	clair3	ilmn_all_downsamples_a	ILMN		20	0	22.458891	25	0.0		22.0	0.0
I2-HG003-20x-7-D0-PF-ILMN-NOVASEQ-sent-clair3-INS_gt50	INS_gt50	I2-HG003-20x-7-D0-PF-ILMN-NOVASEQ	2505355380.0	2505355380.0	0.0	0.0	0.0			1.0				HG003	giabHC_x_ultima	-1	-2	sent	clair3	ilmn_all_downsamples_a	ILMN		20	0	22.458891	25	0.0		22.0	0.0
I2-HG003-20x-7-D0-PF-ILMN-NOVASEQ-sent-clair3-DEL_50	DEL_50	I2-HG003-20x-7-D0-PF-ILMN-NOVASEQ	2505355380.0	2505190087.0	757.0	164536.0	469.0	0.9962882003524091	0.995420253731253	0.9999998127886923	0.0028423381109663345	0.9971576618890337	0.9971576618890337	HG003	giabHC_x_ultima	-1	-2	sent	clair3	ilmn_all_downsamples_a	ILMN		20	0	22.458891	25	0.0		22.0	0.0
I2-HG003-20x-7-D0-PF-ILMN-NOVASEQ-sent-clair3-DEL_gt50	DEL_gt50	I2-HG003-20x-7-D0-PF-ILMN-NOVASEQ	2505355380.0	2505355380.0	0.0	0.0	0.0			1.0				HG003	giabHC_x_ultima	-1	-2	sent	clair3	ilmn_all_downsamples_a	ILMN		20	0	22.458891	25	0.0		22.0	0.0
I2-HG003-20x-7-D0-PF-ILMN-NOVASEQ-sent-clair3-Indel_50	Indel_50	I2-HG003-20x-7-D0-PF-ILMN-NOVASEQ	2505355380.0	2505341384.0	79.0	13917.0	2.0	0.9970983342289091	0.9943555301514718	0.9999999992017056	0.00014368848336805806	0.9998563115166319	0.9998563115166319	HG003	giabHC_x_ultima	-1	-2	sent	clair3	ilmn_all_downsamples_a	ILMN		20	0	22.458891	25	0.0		22.0	0.0
I2-HG003-20x-7-D0-PF-ILMN-NOVASEQ-sent-clair3-Indel_gt50	Indel_gt50	I2-HG003-20x-7-D0-PF-ILMN-NOVASEQ	2505355380.0	2505355027.0	4.0	349.0	0.0	0.9943019943019943	0.9886685552407932	1.0	0.0	1.0	1.0	HG003	giabHC_x_ultima	-1	-2	sent	clair3	ilmn_all_downsamples_a	ILMN		20	0	22.458891	25	0.0		22.0	0.0
I2-HG003-20x-7-D0-PF-ILMN-NOVASEQ-sent-clair3-All	All	I2-HG003-20x-7-D0-PF-ILMN-NOVASEQ	2505355380.0	2501784034.0	9245.0	3562101.0	21744.0	0.9956690184790316	0.9974113401501843	0.9999913086778394	0.006067226679725267	0.9939327733202747	0.9939327733202747	HG003	giabHC_x_ultima	-1	-2	sent	clair3	ilmn_all_downsamples_a	ILMN		20	0	22.458891	25	0.0		22.0	0.0
I2-HG003-20x-7-D0-PF-ILMN-NOVASEQ-sent-clair3-SNPts	SNPts	I2-HG003-20x-7-D0-PF-ILMN-NOVASEQ	337668665.0	337403091.0	1951.0	263623.0	3115.0	0.9904830249928613	0.9926536483240076	0.9999907678046681	0.011678126101267911	0.988321873898732	0.988321873898732	HG003	giabHC_x_clinvar_genes	-1	-2	sent	clair3	ilmn_all_downsamples_a	ILMN		20	0	22.458891	25	0.0		22.0	0.0
I2-HG003-20x-7-D0-PF-ILMN-NOVASEQ-sent-clair3-SNPtv	SNPtv	I2-HG003-20x-7-D0-PF-ILMN-NOVASEQ	337668665.0	337548354.0	974.0	119337.0	1141.0	0.9912163761633629	0.9919043146511957	0.9999966197549784	0.009470608741844985	0.990529391258155	0.990529391258155	HG003	giabHC_x_clinvar_genes	-1	-2	sent	clair3	ilmn_all_downsamples_a	ILMN		20	0	22.458891	25	0.0		22.0	0.0
I2-HG003-20x-7-D0-PF-ILMN-NOVASEQ-sent-clair3-INS_50	INS_50	I2-HG003-20x-7-D0-PF-ILMN-NOVASEQ	337668665.0	337642403.0	348.0	25914.0	135.0	0.9907667603372139	0.986748914781814	0.9999996001688626	0.005182540596568006	0.994817459403432	0.994817459403432	HG003	giabHC_x_clinvar_genes	-1	-2	sent	clair3	ilmn_all_downsamples_a	ILMN		20	0	22.458891	25	0.0		22.0	0.0
I2-HG003-20x-7-D0-PF-ILMN-NOVASEQ-sent-clair3-INS_gt50	INS_gt50	I2-HG003-20x-7-D0-PF-ILMN-NOVASEQ	337668665.0	337668665.0	0.0	0.0	0.0			1.0				HG003	giabHC_x_clinvar_genes	-1	-2	sent	clair3	ilmn_all_downsamples_a	ILMN		20	0	22.458891	25	0.0		22.0	0.0
I2-HG003-20x-7-D0-PF-ILMN-NOVASEQ-sent-clair3-DEL_50	DEL_50	I2-HG003-20x-7-D0-PF-ILMN-NOVASEQ	337668665.0	337640737.0	212.0	27716.0	138.0	0.9937255745581011	0.9924090518476081	0.9999995912817131	0.004954405112371652	0.9950455948876283	0.9950455948876283	HG003	giabHC_x_clinvar_genes	-1	-2	sent	clair3	ilmn_all_downsamples_a	ILMN		20	0	22.458891	25	0.0		22.0	0.0
I2-HG003-20x-7-D0-PF-ILMN-NOVASEQ-sent-clair3-DEL_gt50	DEL_gt50	I2-HG003-20x-7-D0-PF-ILMN-NOVASEQ	337668665.0	337668665.0	0.0	0.0	0.0			1.0				HG003	giabHC_x_clinvar_genes	-1	-2	sent	clair3	ilmn_all_downsamples_a	ILMN		20	0	22.458891	25	0.0		22.0	0.0
I2-HG003-20x-7-D0-PF-ILMN-NOVASEQ-sent-clair3-Indel_50	Indel_50	I2-HG003-20x-7-D0-PF-ILMN-NOVASEQ	337668665.0	337665463.0	15.0	3187.0	3.0	0.9971839799749687	0.995315427857589	0.9999999911154669	0.0009404388714733542	0.9990595611285267	0.9990595611285267	HG003	giabHC_x_clinvar_genes	-1	-2	sent	clair3	ilmn_all_downsamples_a	ILMN		20	0	22.458891	25	0.0		22.0	0.0
I2-HG003-20x-7-D0-PF-ILMN-NOVASEQ-sent-clair3-Indel_gt50	Indel_gt50	I2-HG003-20x-7-D0-PF-ILMN-NOVASEQ	337668665.0	337668622.0	1.0	42.0	0.0	0.988235294117647	0.9767441860465116	1.0	0.0	1.0	1.0	HG003	giabHC_x_clinvar_genes	-1	-2	sent	clair3	ilmn_all_downsamples_a	ILMN		20	0	22.458891	25	0.0		22.0	0.0
I2-HG003-20x-7-D0-PF-ILMN-NOVASEQ-sent-clair3-All	All	I2-HG003-20x-7-D0-PF-ILMN-NOVASEQ	337668665.0	337225345.0	3501.0	439819.0	4532.0	0.9909504760209582	0.9921027700081205	0.9999865610958307	0.010199144370103814	0.9898008556298962	0.9898008556298962	HG003	giabHC_x_clinvar_genes	-1	-2	sent	clair3	ilmn_all_downsamples_a	ILMN		20	0	22.458891	25	0.0		22.0	0.0
I2-HG003-20x-7-D0-PF-ILMN-NOVASEQ-sent-clair3-SNPts	SNPts	I2-HG003-20x-7-D0-PF-ILMN-NOVASEQ	688815815.0	688747514.0	3798.0	64503.0	0.0	0.971401463811331	0.9443932006852023	1.0	0.0	1.0	1.0	HG003	hg38_m_giabHC	-1	-2	sent	clair3	ilmn_all_downsamples_a	ILMN		20	0	22.458891	25	0.0		22.0	0.0
I2-HG003-20x-7-D0-PF-ILMN-NOVASEQ-sent-clair3-SNPtv	SNPtv	I2-HG003-20x-7-D0-PF-ILMN-NOVASEQ	688815815.0	688780251.0	2162.0	33402.0	0.0	0.9686512194414639	0.9392081880553369	1.0	0.0	1.0	1.0	HG003	hg38_m_giabHC	-1	-2	sent	clair3	ilmn_all_downsamples_a	ILMN		20	0	22.458891	25	0.0		22.0	0.0
I2-HG003-20x-7-D0-PF-ILMN-NOVASEQ-sent-clair3-INS_50	INS_50	I2-HG003-20x-7-D0-PF-ILMN-NOVASEQ	688815815.0	688789092.0	2861.0	23862.0	0.0	0.9434417317386578	0.8929386670658235	1.0	0.0	1.0	1.0	HG003	hg38_m_giabHC	-1	-2	sent	clair3	ilmn_all_downsamples_a	ILMN		20	0	22.458891	25	0.0		22.0	0.0
I2-HG003-20x-7-D0-PF-ILMN-NOVASEQ-sent-clair3-INS_gt50	INS_gt50	I2-HG003-20x-7-D0-PF-ILMN-NOVASEQ	688815815.0	688815579.0	236.0	0.0	0.0		0.0	1.0				HG003	hg38_m_giabHC	-1	-2	sent	clair3	ilmn_all_downsamples_a	ILMN		20	0	22.458891	25	0.0		22.0	0.0
I2-HG003-20x-7-D0-PF-ILMN-NOVASEQ-sent-clair3-DEL_50	DEL_50	I2-HG003-20x-7-D0-PF-ILMN-NOVASEQ	688815815.0	688788861.0	2017.0	24937.0	0.0	0.9611300610895916	0.9251688061141203	1.0	0.0	1.0	1.0	HG003	hg38_m_giabHC	-1	-2	sent	clair3	ilmn_all_downsamples_a	ILMN		20	0	22.458891	25	0.0		22.0	0.0
I2-HG003-20x-7-D0-PF-ILMN-NOVASEQ-sent-clair3-DEL_gt50	DEL_gt50	I2-HG003-20x-7-D0-PF-ILMN-NOVASEQ	688815815.0	688815677.0	135.0	3.0	0.0	0.042553191489361694	0.021739130434782608	1.0	0.0	1.0	1.0	HG003	hg38_m_giabHC	-1	-2	sent	clair3	ilmn_all_downsamples_a	ILMN		20	0	22.458891	25	0.0		22.0	0.0
I2-HG003-20x-7-D0-PF-ILMN-NOVASEQ-sent-clair3-Indel_50	Indel_50	I2-HG003-20x-7-D0-PF-ILMN-NOVASEQ	688815815.0	688806073.0	382.0	9360.0	0.0	0.9800020940215683	0.9607883391500719	1.0	0.0	1.0	1.0	HG003	hg38_m_giabHC	-1	-2	sent	clair3	ilmn_all_downsamples_a	ILMN		20	0	22.458891	25	0.0		22.0	0.0
I2-HG003-20x-7-D0-PF-ILMN-NOVASEQ-sent-clair3-Indel_gt50	Indel_gt50	I2-HG003-20x-7-D0-PF-ILMN-NOVASEQ	688815815.0	688814757.0	126.0	932.0	0.0	0.9366834170854271	0.8809073724007561	1.0	0.0	1.0	1.0	HG003	hg38_m_giabHC	-1	-2	sent	clair3	ilmn_all_downsamples_a	ILMN		20	0	22.458891	25	0.0		22.0	0.0
I2-HG003-20x-7-D0-PF-ILMN-NOVASEQ-sent-clair3-All	All	I2-HG003-20x-7-D0-PF-ILMN-NOVASEQ	688815815.0	688647099.0	11717.0	156999.0	0.0	0.9640268332744885	0.9305519334265867	1.0	0.0	1.0	1.0	HG003	hg38_m_giabHC	-1	-2	sent	clair3	ilmn_all_downsamples_a	ILMN		20	0	22.458891	25	0.0		22.0	0.0
I2-HG003-20x-7-D0-PF-ILMN-NOVASEQ-sent-clair3-SNPts	SNPts	I2-HG003-20x-7-D0-PF-ILMN-NOVASEQ	377862616.0	377589311.0	2476.0	270829.0	44706.0	0.9198729705862374	0.9909405243226432	0.9998816155378291	0.14168317302359484	0.8583168269764052	0.8583168269764051	HG003	clinvar_genes	-1	-2	sent	clair3	ilmn_all_downsamples_a	ILMN		20	0	22.458891	25	0.0		22.0	0.0
I2-HG003-20x-7-D0-PF-ILMN-NOVASEQ-sent-clair3-SNPtv	SNPtv	I2-HG003-20x-7-D0-PF-ILMN-NOVASEQ	377862616.0	377738188.0	1256.0	123172.0	25060.0	0.9034841927675493	0.9899058089819012	0.9999336621544508	0.16905931242916508	0.830940687570835	0.830940687570835	HG003	clinvar_genes	-1	-2	sent	clair3	ilmn_all_downsamples_a	ILMN		20	0	22.458891	25	0.0		22.0	0.0
I2-HG003-20x-7-D0-PF-ILMN-NOVASEQ-sent-clair3-INS_50	INS_50	I2-HG003-20x-7-D0-PF-ILMN-NOVASEQ	377862616.0	377833572.0	644.0	28400.0	17145.0	0.7615063883414445	0.9778267456273241	0.9999546249372342	0.37644088264353937	0.6235591173564606	0.6235591173564606	HG003	clinvar_genes	-1	-2	sent	clair3	ilmn_all_downsamples_a	ILMN		20	0	22.458891	25	0.0		22.0	0.0
I2-HG003-20x-7-D0-PF-ILMN-NOVASEQ-sent-clair3-INS_gt50	INS_gt50	I2-HG003-20x-7-D0-PF-ILMN-NOVASEQ	377862616.0	377862586.0	30.0	0.0	0.0		0.0	1.0				HG003	clinvar_genes	-1	-2	sent	clair3	ilmn_all_downsamples_a	ILMN		20	0	22.458891	25	0.0		22.0	0.0
I2-HG003-20x-7-D0-PF-ILMN-NOVASEQ-sent-clair3-DEL_50	DEL_50	I2-HG003-20x-7-D0-PF-ILMN-NOVASEQ	377862616.0	377831852.0	440.0	30324.0	17500.0	0.7717208734157888	0.9856975685866597	0.9999536852454362	0.3659250585480094	0.6340749414519906	0.6340749414519906	HG003	clinvar_genes	-1	-2	sent	clair3	ilmn_all_downsamples_a	ILMN		20	0	22.458891	25	0.0		22.0	0.0
I2-HG003-20x-7-D0-PF-ILMN-NOVASEQ-sent-clair3-DEL_gt50	DEL_gt50	I2-HG003-20x-7-D0-PF-ILMN-NOVASEQ	377862616.0	377862598.0	18.0	0.0	4.0		0.0	0.9999999894141416	1.0	0.0	0.0	HG003	clinvar_genes	-1	-2	sent	clair3	ilmn_all_downsamples_a	ILMN		20	0	22.458891	25	0.0		22.0	0.0
I2-HG003-20x-7-D0-PF-ILMN-NOVASEQ-sent-clair3-Indel_50	Indel_50	I2-HG003-20x-7-D0-PF-ILMN-NOVASEQ	377862616.0	377858460.0	57.0	4099.0	4530.0	0.6412201798983184	0.9862848893166506	0.9999880115276704	0.5249739251361687	0.4750260748638313	0.47502607486383125	HG003	clinvar_genes	-1	-2	sent	clair3	ilmn_all_downsamples_a	ILMN		20	0	22.458891	25	0.0		22.0	0.0
I2-HG003-20x-7-D0-PF-ILMN-NOVASEQ-sent-clair3-Indel_gt50	Indel_gt50	I2-HG003-20x-7-D0-PF-ILMN-NOVASEQ	377862616.0	377862455.0	18.0	143.0	141.0	0.6426966292134831	0.8881987577639752	0.9999996268484854	0.4964788732394366	0.5035211267605634	0.5035211267605634	HG003	clinvar_genes	-1	-2	sent	clair3	ilmn_all_downsamples_a	ILMN		20	0	22.458891	25	0.0		22.0	0.0
I2-HG003-20x-7-D0-PF-ILMN-NOVASEQ-sent-clair3-All	All	I2-HG003-20x-7-D0-PF-ILMN-NOVASEQ	377862616.0	377400710.0	4939.0	456967.0	109086.0	0.8890763153005129	0.9893073482483449	0.9997110379620454	0.19271340316189473	0.8072865968381053	0.8072865968381052	HG003	clinvar_genes	-1	-2	sent	clair3	ilmn_all_downsamples_a	ILMN		20	0	22.458891	25	0.0		22.0	0.0
I2-HG003-20x-7-D0-PF-ILMN-NOVASEQ-sent-clair3-SNPts	SNPts	I2-HG003-20x-7-D0-PF-ILMN-NOVASEQ	3088286401.0	3085963124.0	17562.0	2305715.0	0.0	0.9962060854717399	0.9924408497135727	1.0	0.0	1.0	1.0	HG003	hg38	-1	-2	sent	clair3	ilmn_all_downsamples_a	ILMN		20	0	22.458891	25	0.0		22.0	0.0
I2-HG003-20x-7-D0-PF-ILMN-NOVASEQ-sent-clair3-SNPtv	SNPtv	I2-HG003-20x-7-D0-PF-ILMN-NOVASEQ	3088286401.0	3087178617.0	9666.0	1098118.0	0.0	0.9956181190279532	0.9912744722797946	1.0	0.0	1.0	1.0	HG003	hg38	-1	-2	sent	clair3	ilmn_all_downsamples_a	ILMN		20	0	22.458891	25	0.0		22.0	0.0
I2-HG003-20x-7-D0-PF-ILMN-NOVASEQ-sent-clair3-INS_50	INS_50	I2-HG003-20x-7-D0-PF-ILMN-NOVASEQ	3088286401.0	3088031119.0	5617.0	249665.0	0.0	0.9888760602597897	0.9779968818796468	1.0	0.0	1.0	1.0	HG003	hg38	-1	-2	sent	clair3	ilmn_all_downsamples_a	ILMN		20	0	22.458891	25	0.0		22.0	0.0
I2-HG003-20x-7-D0-PF-ILMN-NOVASEQ-sent-clair3-INS_gt50	INS_gt50	I2-HG003-20x-7-D0-PF-ILMN-NOVASEQ	3088286401.0	3088286164.0	237.0	0.0	0.0		0.0	1.0				HG003	hg38	-1	-2	sent	clair3	ilmn_all_downsamples_a	ILMN		20	0	22.458891	25	0.0		22.0	0.0
I2-HG003-20x-7-D0-PF-ILMN-NOVASEQ-sent-clair3-DEL_50	DEL_50	I2-HG003-20x-7-D0-PF-ILMN-NOVASEQ	3088286401.0	3088016956.0	3681.0	265764.0	0.0	0.9931223129655891	0.9863385848688971	1.0	0.0	1.0	1.0	HG003	hg38	-1	-2	sent	clair3	ilmn_all_downsamples_a	ILMN		20	0	22.458891	25	0.0		22.0	0.0
I2-HG003-20x-7-D0-PF-ILMN-NOVASEQ-sent-clair3-DEL_gt50	DEL_gt50	I2-HG003-20x-7-D0-PF-ILMN-NOVASEQ	3088286401.0	3088286263.0	135.0	3.0	0.0	0.042553191489361694	0.021739130434782608	1.0	0.0	1.0	1.0	HG003	hg38	-1	-2	sent	clair3	ilmn_all_downsamples_a	ILMN		20	0	22.458891	25	0.0		22.0	0.0
I2-HG003-20x-7-D0-PF-ILMN-NOVASEQ-sent-clair3-Indel_50	Indel_50	I2-HG003-20x-7-D0-PF-ILMN-NOVASEQ	3088286401.0	3088244159.0	596.0	41646.0	0.0	0.9928952889567042	0.9858908195634677	1.0	0.0	1.0	1.0	HG003	hg38	-1	-2	sent	clair3	ilmn_all_downsamples_a	ILMN		20	0	22.458891	25	0.0		22.0	0.0
I2-HG003-20x-7-D0-PF-ILMN-NOVASEQ-sent-clair3-Indel_gt50	Indel_gt50	I2-HG003-20x-7-D0-PF-ILMN-NOVASEQ	3088286401.0	3088284893.0	139.0	1369.0	0.0	0.9516857838025722	0.9078249336870027	1.0	0.0	1.0	1.0	HG003	hg38	-1	-2	sent	clair3	ilmn_all_downsamples_a	ILMN		20	0	22.458891	25	0.0		22.0	0.0
I2-HG003-20x-7-D0-PF-ILMN-NOVASEQ-sent-clair3-All	All	I2-HG003-20x-7-D0-PF-ILMN-NOVASEQ	3088286401.0	3084286488.0	37633.0	3962280.0	0.0	0.9952735383329694	0.9905915453661117	1.0	0.0	1.0	1.0	HG003	hg38	-1	-2	sent	clair3	ilmn_all_downsamples_a	ILMN		20	0	22.458891	25	0.0		22.0	0.0
I2-HG003-20x-7-D0-PF-ILMN-NOVASEQ-sent-clair3-SNPts	SNPts	I2-HG003-20x-7-D0-PF-ILMN-NOVASEQ	2528531102.0	2526276092.0	13764.0	2241246.0	20836.0	0.9923402047157774	0.9938962576662631	0.9999917523550897	0.009210983509881605	0.9907890164901184	0.9907890164901184	HG003	giabHC	-1	-2	sent	clair3	ilmn_all_downsamples_a	ILMN		20	0	22.458891	25	0.0		22.0	0.0
I2-HG003-20x-7-D0-PF-ILMN-NOVASEQ-sent-clair3-SNPtv	SNPtv	I2-HG003-20x-7-D0-PF-ILMN-NOVASEQ	2528531102.0	2527458868.0	7504.0	1064730.0	6641.0	0.9934013029452722	0.9930015276516133	0.9999973724666167	0.006198599738092594	0.9938014002619074	0.9938014002619074	HG003	giabHC	-1	-2	sent	clair3	ilmn_all_downsamples_a	ILMN		20	0	22.458891	25	0.0		22.0	0.0
I2-HG003-20x-7-D0-PF-ILMN-NOVASEQ-sent-clair3-INS_50	INS_50	I2-HG003-20x-7-D0-PF-ILMN-NOVASEQ	2528531102.0	2528302618.0	2753.0	225731.0	1007.0	0.9917402937467873	0.9879510162637208	0.9999996017092291	0.004441249371521315	0.9955587506284787	0.9955587506284787	HG003	giabHC	-1	-2	sent	clair3	ilmn_all_downsamples_a	ILMN		20	0	22.458891	25	0.0		22.0	0.0
I2-HG003-20x-7-D0-PF-ILMN-NOVASEQ-sent-clair3-INS_gt50	INS_gt50	I2-HG003-20x-7-D0-PF-ILMN-NOVASEQ	2528531102.0	2528531101.0	1.0	0.0	0.0		0.0	1.0				HG003	giabHC	-1	-2	sent	clair3	ilmn_all_downsamples_a	ILMN		20	0	22.458891	25	0.0		22.0	0.0
I2-HG003-20x-7-D0-PF-ILMN-NOVASEQ-sent-clair3-DEL_50	DEL_50	I2-HG003-20x-7-D0-PF-ILMN-NOVASEQ	2528531102.0	2528288413.0	1677.0	241012.0	1093.0	0.994286232915424	0.9930899216692969	0.9999995676919129	0.004514570124532744	0.9954854298754673	0.9954854298754673	HG003	giabHC	-1	-2	sent	clair3	ilmn_all_downsamples_a	ILMN		20	0	22.458891	25	0.0		22.0	0.0
I2-HG003-20x-7-D0-PF-ILMN-NOVASEQ-sent-clair3-DEL_gt50	DEL_gt50	I2-HG003-20x-7-D0-PF-ILMN-NOVASEQ	2528531102.0	2528531102.0	0.0	0.0	0.0			1.0				HG003	giabHC	-1	-2	sent	clair3	ilmn_all_downsamples_a	ILMN		20	0	22.458891	25	0.0		22.0	0.0
I2-HG003-20x-7-D0-PF-ILMN-NOVASEQ-sent-clair3-Indel_50	Indel_50	I2-HG003-20x-7-D0-PF-ILMN-NOVASEQ	2528531102.0	2528498601.0	215.0	32286.0	21.0	0.9963584742624368	0.9933848189286484	0.9999999916946761	0.0006500139288699043	0.9993499860711301	0.9993499860711301	HG003	giabHC	-1	-2	sent	clair3	ilmn_all_downsamples_a	ILMN		20	0	22.458891	25	0.0		22.0	0.0
I2-HG003-20x-7-D0-PF-ILMN-NOVASEQ-sent-clair3-Indel_gt50	Indel_gt50	I2-HG003-20x-7-D0-PF-ILMN-NOVASEQ	2528531102.0	2528530650.0	15.0	437.0	1.0	0.9820224719101124	0.9668141592920354	0.9999999996045134	0.00228310502283105	0.997716894977169	0.997716894977169	HG003	giabHC	-1	-2	sent	clair3	ilmn_all_downsamples_a	ILMN		20	0	22.458891	25	0.0		22.0	0.0
I2-HG003-20x-7-D0-PF-ILMN-NOVASEQ-sent-clair3-All	All	I2-HG003-20x-7-D0-PF-ILMN-NOVASEQ	2528531102.0	2524699731.0	25929.0	3805442.0	29599.0	0.9927569767969684	0.9932324486456676	0.9999882763670354	0.007718040041814416	0.9922819599581856	0.9922819599581856	HG003	giabHC	-1	-2	sent	clair3	ilmn_all_downsamples_a	ILMN		20	0	22.458891	25	0.0		22.0	0.0
I2-HG003-30x-8-D0-PF-ILMN-NOVASEQ-bwa2a-clair3-SNPts	SNPts	I2-HG003-30x-8-D0-PF-ILMN-NOVASEQ	377862616.0	377589307.0	2288.0	271021.0	38968.0	0.929271144423605	0.99162852302705	0.9998968085745168	0.12570768640177554	0.8742923135982245	0.8742923135982245	HG003	clinvar_genes	-1	-2	bwa2a	clair3	ilmn_all_downsamples_a	ILMN		30	0	33.319843	35	0.0		33.0	0.0
I2-HG003-30x-8-D0-PF-ILMN-NOVASEQ-bwa2a-clair3-SNPtv	SNPtv	I2-HG003-30x-8-D0-PF-ILMN-NOVASEQ	377862616.0	377738160.0	1145.0	123311.0	22864.0	0.9112851077666638	0.9907999614321528	0.9999394749628803	0.15641525568667694	0.8435847443133231	0.8435847443133231	HG003	clinvar_genes	-1	-2	bwa2a	clair3	ilmn_all_downsamples_a	ILMN		30	0	33.319843	35	0.0		33.0	0.0
I2-HG003-30x-8-D0-PF-ILMN-NOVASEQ-bwa2a-clair3-INS_50	INS_50	I2-HG003-30x-8-D0-PF-ILMN-NOVASEQ	377862616.0	377833576.0	522.0	28518.0	17327.0	0.7616478600520799	0.9820247933884297	0.9999541432881001	0.3779474315628749	0.6220525684371251	0.6220525684371251	HG003	clinvar_genes	-1	-2	bwa2a	clair3	ilmn_all_downsamples_a	ILMN		30	0	33.319843	35	0.0		33.0	0.0
I2-HG003-30x-8-D0-PF-ILMN-NOVASEQ-bwa2a-clair3-INS_gt50	INS_gt50	I2-HG003-30x-8-D0-PF-ILMN-NOVASEQ	377862616.0	377862586.0	30.0	0.0	0.0		0.0	1.0				HG003	clinvar_genes	-1	-2	bwa2a	clair3	ilmn_all_downsamples_a	ILMN		30	0	33.319843	35	0.0		33.0	0.0
I2-HG003-30x-8-D0-PF-ILMN-NOVASEQ-bwa2a-clair3-DEL_50	DEL_50	I2-HG003-30x-8-D0-PF-ILMN-NOVASEQ	377862616.0	377831888.0	325.0	30403.0	17463.0	0.7736722905056366	0.9894233272585264	0.9999537831679377	0.3648309865039903	0.6351690134960097	0.6351690134960097	HG003	clinvar_genes	-1	-2	bwa2a	clair3	ilmn_all_downsamples_a	ILMN		30	0	33.319843	35	0.0		33.0	0.0
I2-HG003-30x-8-D0-PF-ILMN-NOVASEQ-bwa2a-clair3-DEL_gt50	DEL_gt50	I2-HG003-30x-8-D0-PF-ILMN-NOVASEQ	377862616.0	377862598.0	18.0	0.0	4.0		0.0	0.9999999894141416	1.0	0.0	0.0	HG003	clinvar_genes	-1	-2	bwa2a	clair3	ilmn_all_downsamples_a	ILMN		30	0	33.319843	35	0.0		33.0	0.0
I2-HG003-30x-8-D0-PF-ILMN-NOVASEQ-bwa2a-clair3-Indel_50	Indel_50	I2-HG003-30x-8-D0-PF-ILMN-NOVASEQ	377862616.0	377858449.0	44.0	4123.0	4667.0	0.6364127498649379	0.9894408447324214	0.9999876489665109	0.5309442548350398	0.4690557451649602	0.4690557451649602	HG003	clinvar_genes	-1	-2	bwa2a	clair3	ilmn_all_downsamples_a	ILMN		30	0	33.319843	35	0.0		33.0	0.0
I2-HG003-30x-8-D0-PF-ILMN-NOVASEQ-bwa2a-clair3-Indel_gt50	Indel_gt50	I2-HG003-30x-8-D0-PF-ILMN-NOVASEQ	377862616.0	377862453.0	12.0	151.0	167.0	0.6278586278586279	0.9263803680981595	0.9999995580404328	0.5251572327044025	0.4748427672955975	0.4748427672955975	HG003	clinvar_genes	-1	-2	bwa2a	clair3	ilmn_all_downsamples_a	ILMN		30	0	33.319843	35	0.0		33.0	0.0
I2-HG003-30x-8-D0-PF-ILMN-NOVASEQ-bwa2a-clair3-All	All	I2-HG003-30x-8-D0-PF-ILMN-NOVASEQ	377862616.0	377400705.0	4384.0	457527.0	101460.0	0.8963226492754418	0.990508994156883	0.999731233329483	0.18150690445394974	0.8184930955460503	0.8184930955460503	HG003	clinvar_genes	-1	-2	bwa2a	clair3	ilmn_all_downsamples_a	ILMN		30	0	33.319843	35	0.0		33.0	0.0
I2-HG003-30x-8-D0-PF-ILMN-NOVASEQ-bwa2a-clair3-SNPts	SNPts	I2-HG003-30x-8-D0-PF-ILMN-NOVASEQ	3088286401.0	3085963155.0	15230.0	2308016.0	0.0	0.9967114795060181	0.9934445168527138	1.0	0.0	1.0	1.0	HG003	hg38	-1	-2	bwa2a	clair3	ilmn_all_downsamples_a	ILMN		30	0	33.319843	35	0.0		33.0	0.0
I2-HG003-30x-8-D0-PF-ILMN-NOVASEQ-bwa2a-clair3-SNPtv	SNPtv	I2-HG003-30x-8-D0-PF-ILMN-NOVASEQ	3088286401.0	3087178577.0	8364.0	1099460.0	0.0	0.9962107277541087	0.9924500642701368	1.0	0.0	1.0	1.0	HG003	hg38	-1	-2	bwa2a	clair3	ilmn_all_downsamples_a	ILMN		30	0	33.319843	35	0.0		33.0	0.0
I2-HG003-30x-8-D0-PF-ILMN-NOVASEQ-bwa2a-clair3-INS_50	INS_50	I2-HG003-30x-8-D0-PF-ILMN-NOVASEQ	3088286401.0	3088031086.0	4105.0	251210.0	0.0	0.9918957603277233	0.9839218220629419	1.0	0.0	1.0	1.0	HG003	hg38	-1	-2	bwa2a	clair3	ilmn_all_downsamples_a	ILMN		30	0	33.319843	35	0.0		33.0	0.0
I2-HG003-30x-8-D0-PF-ILMN-NOVASEQ-bwa2a-clair3-INS_gt50	INS_gt50	I2-HG003-30x-8-D0-PF-ILMN-NOVASEQ	3088286401.0	3088286166.0	235.0	0.0	0.0		0.0	1.0				HG003	hg38	-1	-2	bwa2a	clair3	ilmn_all_downsamples_a	ILMN		30	0	33.319843	35	0.0		33.0	0.0
I2-HG003-30x-8-D0-PF-ILMN-NOVASEQ-bwa2a-clair3-DEL_50	DEL_50	I2-HG003-30x-8-D0-PF-ILMN-NOVASEQ	3088286401.0	3088017126.0	2653.0	266622.0	0.0	0.9950494218105346	0.9901476186055148	1.0	0.0	1.0	1.0	HG003	hg38	-1	-2	bwa2a	clair3	ilmn_all_downsamples_a	ILMN		30	0	33.319843	35	0.0		33.0	0.0
I2-HG003-30x-8-D0-PF-ILMN-NOVASEQ-bwa2a-clair3-DEL_gt50	DEL_gt50	I2-HG003-30x-8-D0-PF-ILMN-NOVASEQ	3088286401.0	3088286263.0	135.0	3.0	0.0	0.042553191489361694	0.021739130434782608	1.0	0.0	1.0	1.0	HG003	hg38	-1	-2	bwa2a	clair3	ilmn_all_downsamples_a	ILMN		30	0	33.319843	35	0.0		33.0	0.0
I2-HG003-30x-8-D0-PF-ILMN-NOVASEQ-bwa2a-clair3-Indel_50	Indel_50	I2-HG003-30x-8-D0-PF-ILMN-NOVASEQ	3088286401.0	3088244151.0	346.0	41904.0	0.0	0.9958884901490125	0.9918106508875739	1.0	0.0	1.0	1.0	HG003	hg38	-1	-2	bwa2a	clair3	ilmn_all_downsamples_a	ILMN		30	0	33.319843	35	0.0		33.0	0.0
I2-HG003-30x-8-D0-PF-ILMN-NOVASEQ-bwa2a-clair3-Indel_gt50	Indel_gt50	I2-HG003-30x-8-D0-PF-ILMN-NOVASEQ	3088286401.0	3088284848.0	89.0	1464.0	0.0	0.9705004971826318	0.9426915647134578	1.0	0.0	1.0	1.0	HG003	hg38	-1	-2	bwa2a	clair3	ilmn_all_downsamples_a	ILMN		30	0	33.319843	35	0.0		33.0	0.0
I2-HG003-30x-8-D0-PF-ILMN-NOVASEQ-bwa2a-clair3-All	All	I2-HG003-30x-8-D0-PF-ILMN-NOVASEQ	3088286401.0	3084286565.0	31157.0	3968679.0	0.0	0.996089986653724	0.9922104306276557	1.0	0.0	1.0	1.0	HG003	hg38	-1	-2	bwa2a	clair3	ilmn_all_downsamples_a	ILMN		30	0	33.319843	35	0.0		33.0	0.0
I2-HG003-30x-8-D0-PF-ILMN-NOVASEQ-bwa2a-clair3-SNPts	SNPts	I2-HG003-30x-8-D0-PF-ILMN-NOVASEQ	337668665.0	337403092.0	1758.0	263815.0	1460.0	0.9939380010850564	0.9933803511652164	0.9999956728503177	0.005503722552068608	0.9944962774479313	0.9944962774479313	HG003	giabHC_x_clinvar_genes	-1	-2	bwa2a	clair3	ilmn_all_downsamples_a	ILMN		30	0	33.319843	35	0.0		33.0	0.0
I2-HG003-30x-8-D0-PF-ILMN-NOVASEQ-bwa2a-clair3-SNPtv	SNPtv	I2-HG003-30x-8-D0-PF-ILMN-NOVASEQ	337668665.0	337548343.0	877.0	119445.0	562.0	0.9940123747030113	0.9927112248799056	0.9999983350560714	0.004683060154824302	0.9953169398451757	0.9953169398451757	HG003	giabHC_x_clinvar_genes	-1	-2	bwa2a	clair3	ilmn_all_downsamples_a	ILMN		30	0	33.319843	35	0.0		33.0	0.0
I2-HG003-30x-8-D0-PF-ILMN-NOVASEQ-bwa2a-clair3-INS_50	INS_50	I2-HG003-30x-8-D0-PF-ILMN-NOVASEQ	337668665.0	337642407.0	271.0	25987.0	71.0	0.9934628029665877	0.989679335821464	0.9999997897184015	0.0027246910737585388	0.9972753089262415	0.9972753089262415	HG003	giabHC_x_clinvar_genes	-1	-2	bwa2a	clair3	ilmn_all_downsamples_a	ILMN		30	0	33.319843	35	0.0		33.0	0.0
I2-HG003-30x-8-D0-PF-ILMN-NOVASEQ-bwa2a-clair3-INS_gt50	INS_gt50	I2-HG003-30x-8-D0-PF-ILMN-NOVASEQ	337668665.0	337668665.0	0.0	0.0	0.0			1.0				HG003	giabHC_x_clinvar_genes	-1	-2	bwa2a	clair3	ilmn_all_downsamples_a	ILMN		30	0	33.319843	35	0.0		33.0	0.0
I2-HG003-30x-8-D0-PF-ILMN-NOVASEQ-bwa2a-clair3-DEL_50	DEL_50	I2-HG003-30x-8-D0-PF-ILMN-NOVASEQ	337668665.0	337640749.0	144.0	27772.0	86.0	0.9958762147237065	0.994841667860725	0.9999997452914722	0.0030870844999641035	0.9969129155000359	0.9969129155000359	HG003	giabHC_x_clinvar_genes	-1	-2	bwa2a	clair3	ilmn_all_downsamples_a	ILMN		30	0	33.319843	35	0.0		33.0	0.0
I2-HG003-30x-8-D0-PF-ILMN-NOVASEQ-bwa2a-clair3-DEL_gt50	DEL_gt50	I2-HG003-30x-8-D0-PF-ILMN-NOVASEQ	337668665.0	337668665.0	0.0	0.0	0.0			1.0				HG003	giabHC_x_clinvar_genes	-1	-2	bwa2a	clair3	ilmn_all_downsamples_a	ILMN		30	0	33.319843	35	0.0		33.0	0.0
I2-HG003-30x-8-D0-PF-ILMN-NOVASEQ-bwa2a-clair3-Indel_50	Indel_50	I2-HG003-30x-8-D0-PF-ILMN-NOVASEQ	337668665.0	337665459.0	8.0	3198.0	1.0	0.9985948477751756	0.9975046787273861	0.999999997038489	0.00031259768677711783	0.9996874023132228	0.9996874023132228	HG003	giabHC_x_clinvar_genes	-1	-2	bwa2a	clair3	ilmn_all_downsamples_a	ILMN		30	0	33.319843	35	0.0		33.0	0.0
I2-HG003-30x-8-D0-PF-ILMN-NOVASEQ-bwa2a-clair3-Indel_gt50	Indel_gt50	I2-HG003-30x-8-D0-PF-ILMN-NOVASEQ	337668665.0	337668620.0	1.0	44.0	0.0	0.9887640449438202	0.9777777777777777	1.0	0.0	1.0	1.0	HG003	giabHC_x_clinvar_genes	-1	-2	bwa2a	clair3	ilmn_all_downsamples_a	ILMN		30	0	33.319843	35	0.0		33.0	0.0
I2-HG003-30x-8-D0-PF-ILMN-NOVASEQ-bwa2a-clair3-All	All	I2-HG003-30x-8-D0-PF-ILMN-NOVASEQ	337668665.0	337225345.0	3059.0	440261.0	2180.0	0.9940853119520955	0.9930997924749616	0.999993535521752	0.004927210633734216	0.9950727893662658	0.9950727893662658	HG003	giabHC_x_clinvar_genes	-1	-2	bwa2a	clair3	ilmn_all_downsamples_a	ILMN		30	0	33.319843	35	0.0		33.0	0.0
I2-HG003-30x-8-D0-PF-ILMN-NOVASEQ-bwa2a-clair3-SNPts	SNPts	I2-HG003-30x-8-D0-PF-ILMN-NOVASEQ	2505355380.0	2503152095.0	3107.0	2200178.0	6210.0	0.997887144919816	0.9985898329085887	0.9999975191341325	0.0028145548289784028	0.9971854451710216	0.9971854451710216	HG003	giabHC_x_ultima	-1	-2	bwa2a	clair3	ilmn_all_downsamples_a	ILMN		30	0	33.319843	35	0.0		33.0	0.0
I2-HG003-30x-8-D0-PF-ILMN-NOVASEQ-bwa2a-clair3-SNPtv	SNPtv	I2-HG003-30x-8-D0-PF-ILMN-NOVASEQ	2505355380.0	2504320606.0	1768.0	1033006.0	1936.0	0.9982103824872591	0.9982914143571446	0.9999992269366396	0.0018706362288901214	0.9981293637711098	0.9981293637711098	HG003	giabHC_x_ultima	-1	-2	bwa2a	clair3	ilmn_all_downsamples_a	ILMN		30	0	33.319843	35	0.0		33.0	0.0
I2-HG003-30x-8-D0-PF-ILMN-NOVASEQ-bwa2a-clair3-INS_50	INS_50	I2-HG003-30x-8-D0-PF-ILMN-NOVASEQ	2505355380.0	2505201731.0	646.0	153003.0	207.0	0.9972202216653252	0.9957956120768765	0.9999999173719304	0.001351086743685138	0.9986489132563149	0.9986489132563149	HG003	giabHC_x_ultima	-1	-2	bwa2a	clair3	ilmn_all_downsamples_a	ILMN		30	0	33.319843	35	0.0		33.0	0.0
I2-HG003-30x-8-D0-PF-ILMN-NOVASEQ-bwa2a-clair3-INS_gt50	INS_gt50	I2-HG003-30x-8-D0-PF-ILMN-NOVASEQ	2505355380.0	2505355380.0	0.0	0.0	0.0			1.0				HG003	giabHC_x_ultima	-1	-2	bwa2a	clair3	ilmn_all_downsamples_a	ILMN		30	0	33.319843	35	0.0		33.0	0.0
I2-HG003-30x-8-D0-PF-ILMN-NOVASEQ-bwa2a-clair3-DEL_50	DEL_50	I2-HG003-30x-8-D0-PF-ILMN-NOVASEQ	2505355380.0	2505190143.0	372.0	164865.0	250.0	0.9981171598779484	0.9977486882477895	0.9999999002071855	0.0015140962359567573	0.9984859037640432	0.9984859037640432	HG003	giabHC_x_ultima	-1	-2	bwa2a	clair3	ilmn_all_downsamples_a	ILMN		30	0	33.319843	35	0.0		33.0	0.0
I2-HG003-30x-8-D0-PF-ILMN-NOVASEQ-bwa2a-clair3-DEL_gt50	DEL_gt50	I2-HG003-30x-8-D0-PF-ILMN-NOVASEQ	2505355380.0	2505355380.0	0.0	0.0	0.0			1.0				HG003	giabHC_x_ultima	-1	-2	bwa2a	clair3	ilmn_all_downsamples_a	ILMN		30	0	33.319843	35	0.0		33.0	0.0
I2-HG003-30x-8-D0-PF-ILMN-NOVASEQ-bwa2a-clair3-Indel_50	Indel_50	I2-HG003-30x-8-D0-PF-ILMN-NOVASEQ	2505355380.0	2505341347.0	21.0	14012.0	4.0	0.9991087026275446	0.9985035273997007	0.9999999984034111	0.00028538812785388126	0.9997146118721462	0.9997146118721462	HG003	giabHC_x_ultima	-1	-2	bwa2a	clair3	ilmn_all_downsamples_a	ILMN		30	0	33.319843	35	0.0		33.0	0.0
I2-HG003-30x-8-D0-PF-ILMN-NOVASEQ-bwa2a-clair3-Indel_gt50	Indel_gt50	I2-HG003-30x-8-D0-PF-ILMN-NOVASEQ	2505355380.0	2505355018.0	2.0	360.0	0.0	0.9972299168975068	0.994475138121547	1.0	0.0	1.0	1.0	HG003	giabHC_x_ultima	-1	-2	bwa2a	clair3	ilmn_all_downsamples_a	ILMN		30	0	33.319843	35	0.0		33.0	0.0
I2-HG003-30x-8-D0-PF-ILMN-NOVASEQ-bwa2a-clair3-All	All	I2-HG003-30x-8-D0-PF-ILMN-NOVASEQ	2505355380.0	2501784040.0	5916.0	3565424.0	8607.0	0.9979674953196972	0.9983434789182771	0.9999965596669211	0.0024082051890428483	0.9975917948109572	0.9975917948109572	HG003	giabHC_x_ultima	-1	-2	bwa2a	clair3	ilmn_all_downsamples_a	ILMN		30	0	33.319843	35	0.0		33.0	0.0
I2-HG003-30x-8-D0-PF-ILMN-NOVASEQ-bwa2a-clair3-SNPts	SNPts	I2-HG003-30x-8-D0-PF-ILMN-NOVASEQ	2799325643.0	2797071095.0	3933.0	2250615.0	176955.0	0.9613662022187395	0.9982555261631156	0.9999367396109187	0.07289388153585684	0.9271061184641431	0.9271061184641431	HG003	ultima	-1	-2	bwa2a	clair3	ilmn_all_downsamples_a	ILMN		30	0	33.319843	35	0.0		33.0	0.0
I2-HG003-30x-8-D0-PF-ILMN-NOVASEQ-bwa2a-clair3-SNPtv	SNPtv	I2-HG003-30x-8-D0-PF-ILMN-NOVASEQ	2799325643.0	2798266349.0	2251.0	1057043.0	98356.0	0.9545729362941048	0.9978749997639937	0.9999648523297109	0.08512730234317323	0.9148726976568268	0.9148726976568268	HG003	ultima	-1	-2	bwa2a	clair3	ilmn_all_downsamples_a	ILMN		30	0	33.319843	35	0.0		33.0	0.0
I2-HG003-30x-8-D0-PF-ILMN-NOVASEQ-bwa2a-clair3-INS_50	INS_50	I2-HG003-30x-8-D0-PF-ILMN-NOVASEQ	2799325643.0	2799161709.0	1093.0	162841.0	26503.0	0.9218858802416228	0.9933326826649749	0.9999905318978244	0.13997274801419637	0.8600272519858037	0.8600272519858037	HG003	ultima	-1	-2	bwa2a	clair3	ilmn_all_downsamples_a	ILMN		30	0	33.319843	35	0.0		33.0	0.0
I2-HG003-30x-8-D0-PF-ILMN-NOVASEQ-bwa2a-clair3-INS_gt50	INS_gt50	I2-HG003-30x-8-D0-PF-ILMN-NOVASEQ	2799325643.0	2799325548.0	95.0	0.0	0.0		0.0	1.0				HG003	ultima	-1	-2	bwa2a	clair3	ilmn_all_downsamples_a	ILMN		30	0	33.319843	35	0.0		33.0	0.0
I2-HG003-30x-8-D0-PF-ILMN-NOVASEQ-bwa2a-clair3-DEL_50	DEL_50	I2-HG003-30x-8-D0-PF-ILMN-NOVASEQ	2799325643.0	2799148570.0	941.0	176132.0	35040.0	0.9073239835670776	0.9946858075482993	0.9999874820644581	0.16593108934896672	0.8340689106510333	0.8340689106510333	HG003	ultima	-1	-2	bwa2a	clair3	ilmn_all_downsamples_a	ILMN		30	0	33.319843	35	0.0		33.0	0.0
I2-HG003-30x-8-D0-PF-ILMN-NOVASEQ-bwa2a-clair3-DEL_gt50	DEL_gt50	I2-HG003-30x-8-D0-PF-ILMN-NOVASEQ	2799325643.0	2799325554.0	87.0	2.0	22.0	0.035398230088495575	0.02247191011235955	0.9999999921409641	0.9166666666666666	0.08333333333333337	0.08333333333333333	HG003	ultima	-1	-2	bwa2a	clair3	ilmn_all_downsamples_a	ILMN		30	0	33.319843	35	0.0		33.0	0.0
I2-HG003-30x-8-D0-PF-ILMN-NOVASEQ-bwa2a-clair3-Indel_50	Indel_50	I2-HG003-30x-8-D0-PF-ILMN-NOVASEQ	2799325643.0	2799307986.0	42.0	17615.0	2807.0	0.9251818587672996	0.9976213399784788	0.9999989972531785	0.137449809029478	0.862550190970522	0.862550190970522	HG003	ultima	-1	-2	bwa2a	clair3	ilmn_all_downsamples_a	ILMN		30	0	33.319843	35	0.0		33.0	0.0
I2-HG003-30x-8-D0-PF-ILMN-NOVASEQ-bwa2a-clair3-Indel_gt50	Indel_gt50	I2-HG003-30x-8-D0-PF-ILMN-NOVASEQ	2799325643.0	2799324712.0	19.0	912.0	401.0	0.8128342245989305	0.9795918367346939	0.9999998567511869	0.3054074638233054	0.6945925361766946	0.6945925361766946	HG003	ultima	-1	-2	bwa2a	clair3	ilmn_all_downsamples_a	ILMN		30	0	33.319843	35	0.0		33.0	0.0
I2-HG003-30x-8-D0-PF-ILMN-NOVASEQ-bwa2a-clair3-All	All	I2-HG003-30x-8-D0-PF-ILMN-NOVASEQ	2799325643.0	2795652022.0	8461.0	3665160.0	340084.0	0.9546098284056302	0.9976968228350176	0.9998783673246895	0.08490968340505597	0.915090316594944	0.915090316594944	HG003	ultima	-1	-2	bwa2a	clair3	ilmn_all_downsamples_a	ILMN		30	0	33.319843	35	0.0		33.0	0.0
I2-HG003-30x-8-D0-PF-ILMN-NOVASEQ-bwa2a-clair3-SNPts	SNPts	I2-HG003-30x-8-D0-PF-ILMN-NOVASEQ	332544085.0	332287236.0	457.0	256392.0	815.0	0.9975255614174331	0.9982207444841132	0.9999975473087355	0.003168654041297476	0.9968313459587025	0.9968313459587025	HG003	giabHC_x_ultima_x_clinvar	-1	-2	bwa2a	clair3	ilmn_all_downsamples_a	ILMN		30	0	33.319843	35	0.0		33.0	0.0
I2-HG003-30x-8-D0-PF-ILMN-NOVASEQ-bwa2a-clair3-SNPtv	SNPtv	I2-HG003-30x-8-D0-PF-ILMN-NOVASEQ	332544085.0	332429428.0	260.0	114397.0	302.0	0.9975496607893406	0.9977323669727971	0.9999990915373304	0.0026329784915300044	0.99736702150847	0.99736702150847	HG003	giabHC_x_ultima_x_clinvar	-1	-2	bwa2a	clair3	ilmn_all_downsamples_a	ILMN		30	0	33.319843	35	0.0		33.0	0.0
I2-HG003-30x-8-D0-PF-ILMN-NOVASEQ-bwa2a-clair3-INS_50	INS_50	I2-HG003-30x-8-D0-PF-ILMN-NOVASEQ	332544085.0	332526595.0	93.0	17397.0	31.0	0.9964488229566413	0.9946826758147513	0.9999999067743827	0.001778746844158825	0.9982212531558412	0.9982212531558412	HG003	giabHC_x_ultima_x_clinvar	-1	-2	bwa2a	clair3	ilmn_all_downsamples_a	ILMN		30	0	33.319843	35	0.0		33.0	0.0
I2-HG003-30x-8-D0-PF-ILMN-NOVASEQ-bwa2a-clair3-INS_gt50	INS_gt50	I2-HG003-30x-8-D0-PF-ILMN-NOVASEQ	332544085.0	332544085.0	0.0	0.0	0.0			1.0				HG003	giabHC_x_ultima_x_clinvar	-1	-2	bwa2a	clair3	ilmn_all_downsamples_a	ILMN		30	0	33.319843	35	0.0		33.0	0.0
I2-HG003-30x-8-D0-PF-ILMN-NOVASEQ-bwa2a-clair3-DEL_50	DEL_50	I2-HG003-30x-8-D0-PF-ILMN-NOVASEQ	332544085.0	332525169.0	57.0	18859.0	33.0	0.9976195514176894	0.9969866779445972	0.9999999007594017	0.0017467711200508153	0.9982532288799492	0.9982532288799492	HG003	giabHC_x_ultima_x_clinvar	-1	-2	bwa2a	clair3	ilmn_all_downsamples_a	ILMN		30	0	33.319843	35	0.0		33.0	0.0
I2-HG003-30x-8-D0-PF-ILMN-NOVASEQ-bwa2a-clair3-DEL_gt50	DEL_gt50	I2-HG003-30x-8-D0-PF-ILMN-NOVASEQ	332544085.0	332544085.0	0.0	0.0	0.0			1.0				HG003	giabHC_x_ultima_x_clinvar	-1	-2	bwa2a	clair3	ilmn_all_downsamples_a	ILMN		30	0	33.319843	35	0.0		33.0	0.0
I2-HG003-30x-8-D0-PF-ILMN-NOVASEQ-bwa2a-clair3-Indel_50	Indel_50	I2-HG003-30x-8-D0-PF-ILMN-NOVASEQ	332544085.0	332542785.0	3.0	1297.0	0.0	0.9988448209472468	0.9976923076923077	1.0	0.0	1.0	1.0	HG003	giabHC_x_ultima_x_clinvar	-1	-2	bwa2a	clair3	ilmn_all_downsamples_a	ILMN		30	0	33.319843	35	0.0		33.0	0.0
I2-HG003-30x-8-D0-PF-ILMN-NOVASEQ-bwa2a-clair3-Indel_gt50	Indel_gt50	I2-HG003-30x-8-D0-PF-ILMN-NOVASEQ	332544085.0	332544054.0	0.0	31.0	0.0	1.0	1.0	1.0	0.0	1.0	1.0	HG003	giabHC_x_ultima_x_clinvar	-1	-2	bwa2a	clair3	ilmn_all_downsamples_a	ILMN		30	0	33.319843	35	0.0		33.0	0.0
I2-HG003-30x-8-D0-PF-ILMN-NOVASEQ-bwa2a-clair3-All	All	I2-HG003-30x-8-D0-PF-ILMN-NOVASEQ	332544085.0	332134842.0	870.0	408373.0	1181.0	0.997495105624471	0.9978741236869049	0.999996444227912	0.002883624625812469	0.9971163753741875	0.9971163753741875	HG003	giabHC_x_ultima_x_clinvar	-1	-2	bwa2a	clair3	ilmn_all_downsamples_a	ILMN		30	0	33.319843	35	0.0		33.0	0.0
I2-HG003-30x-8-D0-PF-ILMN-NOVASEQ-bwa2a-clair3-SNPts	SNPts	I2-HG003-30x-8-D0-PF-ILMN-NOVASEQ	2528531102.0	2526276094.0	11827.0	2243181.0	9089.0	0.9953595052268798	0.994755229249741	0.9999964022272461	0.004035484200384501	0.9959645157996155	0.9959645157996155	HG003	giabHC	-1	-2	bwa2a	clair3	ilmn_all_downsamples_a	ILMN		30	0	33.319843	35	0.0		33.0	0.0
I2-HG003-30x-8-D0-PF-ILMN-NOVASEQ-bwa2a-clair3-SNPtv	SNPtv	I2-HG003-30x-8-D0-PF-ILMN-NOVASEQ	2528531102.0	2527458830.0	6418.0	1065854.0	3247.0	0.9954865406447172	0.9940145783905576	0.9999987153120794	0.0030371311971460133	0.996962868802854	0.996962868802854	HG003	giabHC	-1	-2	bwa2a	clair3	ilmn_all_downsamples_a	ILMN		30	0	33.319843	35	0.0		33.0	0.0
I2-HG003-30x-8-D0-PF-ILMN-NOVASEQ-bwa2a-clair3-INS_50	INS_50	I2-HG003-30x-8-D0-PF-ILMN-NOVASEQ	2528531102.0	2528302579.0	1717.0	226806.0	510.0	0.9951145031469444	0.9924865330841972	0.999999798283678	0.0022435728237343608	0.9977564271762657	0.9977564271762657	HG003	giabHC	-1	-2	bwa2a	clair3	ilmn_all_downsamples_a	ILMN		30	0	33.319843	35	0.0		33.0	0.0
I2-HG003-30x-8-D0-PF-ILMN-NOVASEQ-bwa2a-clair3-INS_gt50	INS_gt50	I2-HG003-30x-8-D0-PF-ILMN-NOVASEQ	2528531102.0	2528531101.0	1.0	0.0	0.0		0.0	1.0				HG003	giabHC	-1	-2	bwa2a	clair3	ilmn_all_downsamples_a	ILMN		30	0	33.319843	35	0.0		33.0	0.0
I2-HG003-30x-8-D0-PF-ILMN-NOVASEQ-bwa2a-clair3-DEL_50	DEL_50	I2-HG003-30x-8-D0-PF-ILMN-NOVASEQ	2528531102.0	2528288471.0	997.0	241634.0	527.0	0.9968563837687091	0.9958908795660901	0.9999997915586389	0.002176238122571347	0.9978237618774286	0.9978237618774286	HG003	giabHC	-1	-2	bwa2a	clair3	ilmn_all_downsamples_a	ILMN		30	0	33.319843	35	0.0		33.0	0.0
I2-HG003-30x-8-D0-PF-ILMN-NOVASEQ-bwa2a-clair3-DEL_gt50	DEL_gt50	I2-HG003-30x-8-D0-PF-ILMN-NOVASEQ	2528531102.0	2528531102.0	0.0	0.0	0.0			1.0				HG003	giabHC	-1	-2	bwa2a	clair3	ilmn_all_downsamples_a	ILMN		30	0	33.319843	35	0.0		33.0	0.0
I2-HG003-30x-8-D0-PF-ILMN-NOVASEQ-bwa2a-clair3-Indel_50	Indel_50	I2-HG003-30x-8-D0-PF-ILMN-NOVASEQ	2528531102.0	2528498630.0	97.0	32375.0	17.0	0.9982424765663542	0.9970128110372013	0.9999999932766427	0.0005248209434428254	0.9994751790565571	0.9994751790565571	HG003	giabHC	-1	-2	bwa2a	clair3	ilmn_all_downsamples_a	ILMN		30	0	33.319843	35	0.0		33.0	0.0
I2-HG003-30x-8-D0-PF-ILMN-NOVASEQ-bwa2a-clair3-Indel_gt50	Indel_gt50	I2-HG003-30x-8-D0-PF-ILMN-NOVASEQ	2528531102.0	2528530646.0	7.0	449.0	0.0	0.9922651933701657	0.9846491228070176	1.0	0.0	1.0	1.0	HG003	giabHC	-1	-2	bwa2a	clair3	ilmn_all_downsamples_a	ILMN		30	0	33.319843	35	0.0		33.0	0.0
I2-HG003-30x-8-D0-PF-ILMN-NOVASEQ-bwa2a-clair3-All	All	I2-HG003-30x-8-D0-PF-ILMN-NOVASEQ	2528531102.0	2524699739.0	21064.0	3810299.0	13390.0	0.995499181455593	0.9945022176181166	0.999994696427152	0.0035018538380082688	0.9964981461619917	0.9964981461619917	HG003	giabHC	-1	-2	bwa2a	clair3	ilmn_all_downsamples_a	ILMN		30	0	33.319843	35	0.0		33.0	0.0
I2-HG003-30x-8-D0-PF-ILMN-NOVASEQ-bwa2a-clair3-SNPts	SNPts	I2-HG003-30x-8-D0-PF-ILMN-NOVASEQ	688815815.0	688747542.0	3403.0	64870.0	0.0	0.9744410145482676	0.9501559913875177	1.0	0.0	1.0	1.0	HG003	hg38_m_giabHC	-1	-2	bwa2a	clair3	ilmn_all_downsamples_a	ILMN		30	0	33.319843	35	0.0		33.0	0.0
I2-HG003-30x-8-D0-PF-ILMN-NOVASEQ-bwa2a-clair3-SNPtv	SNPtv	I2-HG003-30x-8-D0-PF-ILMN-NOVASEQ	688815815.0	688780244.0	1946.0	33625.0	0.0	0.9718769871090814	0.9452925135644205	1.0	0.0	1.0	1.0	HG003	hg38_m_giabHC	-1	-2	bwa2a	clair3	ilmn_all_downsamples_a	ILMN		30	0	33.319843	35	0.0		33.0	0.0
I2-HG003-30x-8-D0-PF-ILMN-NOVASEQ-bwa2a-clair3-INS_50	INS_50	I2-HG003-30x-8-D0-PF-ILMN-NOVASEQ	688815815.0	688789093.0	2385.0	24337.0	0.0	0.9532893319493136	0.9107476985255595	1.0	0.0	1.0	1.0	HG003	hg38_m_giabHC	-1	-2	bwa2a	clair3	ilmn_all_downsamples_a	ILMN		30	0	33.319843	35	0.0		33.0	0.0
I2-HG003-30x-8-D0-PF-ILMN-NOVASEQ-bwa2a-clair3-INS_gt50	INS_gt50	I2-HG003-30x-8-D0-PF-ILMN-NOVASEQ	688815815.0	688815581.0	234.0	0.0	0.0		0.0	1.0				HG003	hg38_m_giabHC	-1	-2	bwa2a	clair3	ilmn_all_downsamples_a	ILMN		30	0	33.319843	35	0.0		33.0	0.0
I2-HG003-30x-8-D0-PF-ILMN-NOVASEQ-bwa2a-clair3-DEL_50	DEL_50	I2-HG003-30x-8-D0-PF-ILMN-NOVASEQ	688815815.0	688788973.0	1667.0	25175.0	0.0	0.9679527846665513	0.937895834885627	1.0	0.0	1.0	1.0	HG003	hg38_m_giabHC	-1	-2	bwa2a	clair3	ilmn_all_downsamples_a	ILMN		30	0	33.319843	35	0.0		33.0	0.0
I2-HG003-30x-8-D0-PF-ILMN-NOVASEQ-bwa2a-clair3-DEL_gt50	DEL_gt50	I2-HG003-30x-8-D0-PF-ILMN-NOVASEQ	688815815.0	688815677.0	135.0	3.0	0.0	0.042553191489361694	0.021739130434782608	1.0	0.0	1.0	1.0	HG003	hg38_m_giabHC	-1	-2	bwa2a	clair3	ilmn_all_downsamples_a	ILMN		30	0	33.319843	35	0.0		33.0	0.0
I2-HG003-30x-8-D0-PF-ILMN-NOVASEQ-bwa2a-clair3-Indel_50	Indel_50	I2-HG003-30x-8-D0-PF-ILMN-NOVASEQ	688815815.0	688806036.0	250.0	9529.0	0.0	0.9870519991713279	0.9744350138050926	1.0	0.0	1.0	1.0	HG003	hg38_m_giabHC	-1	-2	bwa2a	clair3	ilmn_all_downsamples_a	ILMN		30	0	33.319843	35	0.0		33.0	0.0
I2-HG003-30x-8-D0-PF-ILMN-NOVASEQ-bwa2a-clair3-Indel_gt50	Indel_gt50	I2-HG003-30x-8-D0-PF-ILMN-NOVASEQ	688815815.0	688814717.0	83.0	1015.0	0.0	0.9607193563653572	0.924408014571949	1.0	0.0	1.0	1.0	HG003	hg38_m_giabHC	-1	-2	bwa2a	clair3	ilmn_all_downsamples_a	ILMN		30	0	33.319843	35	0.0		33.0	0.0
I2-HG003-30x-8-D0-PF-ILMN-NOVASEQ-bwa2a-clair3-All	All	I2-HG003-30x-8-D0-PF-ILMN-NOVASEQ	688815815.0	688647158.0	10103.0	158554.0	0.0	0.9691238986464391	0.9400973573584257	1.0	0.0	1.0	1.0	HG003	hg38_m_giabHC	-1	-2	bwa2a	clair3	ilmn_all_downsamples_a	ILMN		30	0	33.319843	35	0.0		33.0	0.0
I2-HG003-30x-8-D0-PF-ILMN-NOVASEQ-sent-clair3-SNPts	SNPts	I2-HG003-30x-8-D0-PF-ILMN-NOVASEQ	337668665.0	337403090.0	1745.0	263830.0	1475.0	0.9939345991561181	0.9934293514073237	0.9999956283934688	0.005559638906164603	0.9944403610938354	0.9944403610938354	HG003	giabHC_x_clinvar_genes	-1	-2	sent	clair3	ilmn_all_downsamples_a	ILMN		30	0	33.318499	35	0.0		33.0	0.0
I2-HG003-30x-8-D0-PF-ILMN-NOVASEQ-sent-clair3-SNPtv	SNPtv	I2-HG003-30x-8-D0-PF-ILMN-NOVASEQ	337668665.0	337548343.0	878.0	119444.0	564.0	0.9939999167810926	0.9927029138478416	0.9999983291310139	0.004699686687554163	0.9953003133124458	0.9953003133124458	HG003	giabHC_x_clinvar_genes	-1	-2	sent	clair3	ilmn_all_downsamples_a	ILMN		30	0	33.318499	35	0.0		33.0	0.0
I2-HG003-30x-8-D0-PF-ILMN-NOVASEQ-sent-clair3-INS_50	INS_50	I2-HG003-30x-8-D0-PF-ILMN-NOVASEQ	337668665.0	337642414.0	271.0	25980.0	73.0	0.9934230651575404	0.9896765837491905	0.9999997837949819	0.002801980578052432	0.9971980194219475	0.9971980194219475	HG003	giabHC_x_clinvar_genes	-1	-2	sent	clair3	ilmn_all_downsamples_a	ILMN		30	0	33.318499	35	0.0		33.0	0.0
I2-HG003-30x-8-D0-PF-ILMN-NOVASEQ-sent-clair3-INS_gt50	INS_gt50	I2-HG003-30x-8-D0-PF-ILMN-NOVASEQ	337668665.0	337668665.0	0.0	0.0	0.0			1.0				HG003	giabHC_x_clinvar_genes	-1	-2	sent	clair3	ilmn_all_downsamples_a	ILMN		30	0	33.318499	35	0.0		33.0	0.0
I2-HG003-30x-8-D0-PF-ILMN-NOVASEQ-sent-clair3-DEL_50	DEL_50	I2-HG003-30x-8-D0-PF-ILMN-NOVASEQ	337668665.0	337640748.0	138.0	27779.0	89.0	0.995930805772161	0.9950567754414873	0.9999997364062926	0.0031936270991818573	0.9968063729008182	0.9968063729008182	HG003	giabHC_x_clinvar_genes	-1	-2	sent	clair3	ilmn_all_downsamples_a	ILMN		30	0	33.318499	35	0.0		33.0	0.0
I2-HG003-30x-8-D0-PF-ILMN-NOVASEQ-sent-clair3-DEL_gt50	DEL_gt50	I2-HG003-30x-8-D0-PF-ILMN-NOVASEQ	337668665.0	337668665.0	0.0	0.0	0.0			1.0				HG003	giabHC_x_clinvar_genes	-1	-2	sent	clair3	ilmn_all_downsamples_a	ILMN		30	0	33.318499	35	0.0		33.0	0.0
I2-HG003-30x-8-D0-PF-ILMN-NOVASEQ-sent-clair3-Indel_50	Indel_50	I2-HG003-30x-8-D0-PF-ILMN-NOVASEQ	337668665.0	337665455.0	8.0	3202.0	1.0	0.9985966006549197	0.9975077881619938	0.9999999970384889	0.00031220730565095225	0.999687792694349	0.999687792694349	HG003	giabHC_x_clinvar_genes	-1	-2	sent	clair3	ilmn_all_downsamples_a	ILMN		30	0	33.318499	35	0.0		33.0	0.0
I2-HG003-30x-8-D0-PF-ILMN-NOVASEQ-sent-clair3-Indel_gt50	Indel_gt50	I2-HG003-30x-8-D0-PF-ILMN-NOVASEQ	337668665.0	337668620.0	1.0	44.0	0.0	0.9887640449438202	0.9777777777777777	1.0	0.0	1.0	1.0	HG003	giabHC_x_clinvar_genes	-1	-2	sent	clair3	ilmn_all_downsamples_a	ILMN		30	0	33.318499	35	0.0		33.0	0.0
I2-HG003-30x-8-D0-PF-ILMN-NOVASEQ-sent-clair3-All	All	I2-HG003-30x-8-D0-PF-ILMN-NOVASEQ	337668665.0	337225345.0	3041.0	440279.0	2202.0	0.9940810633539587	0.9931403951998556	0.9999934702843241	0.004976484866016846	0.9950235151339831	0.9950235151339831	HG003	giabHC_x_clinvar_genes	-1	-2	sent	clair3	ilmn_all_downsamples_a	ILMN		30	0	33.318499	35	0.0		33.0	0.0
I2-HG003-30x-8-D0-PF-ILMN-NOVASEQ-sent-clair3-SNPts	SNPts	I2-HG003-30x-8-D0-PF-ILMN-NOVASEQ	2799325643.0	2797071088.0	3847.0	2250708.0	0.0	0.999146109783158	0.9982936765791919	1.0	0.0	1.0	1.0	HG003	ultima	-1	-2	sent	clair3	ilmn_all_downsamples_a	ILMN		30	0	33.318499	35	0.0		33.0	0.0
I2-HG003-30x-8-D0-PF-ILMN-NOVASEQ-sent-clair3-SNPtv	SNPtv	I2-HG003-30x-8-D0-PF-ILMN-NOVASEQ	2799325643.0	2798266344.0	2193.0	1057106.0	0.0	0.9989638089118104	0.9979297629847663	1.0	0.0	1.0	1.0	HG003	ultima	-1	-2	sent	clair3	ilmn_all_downsamples_a	ILMN		30	0	33.318499	35	0.0		33.0	0.0
I2-HG003-30x-8-D0-PF-ILMN-NOVASEQ-sent-clair3-INS_50	INS_50	I2-HG003-30x-8-D0-PF-ILMN-NOVASEQ	2799325643.0	2799161719.0	1089.0	162835.0	0.0	0.9966672685373624	0.993356677484688	1.0	0.0	1.0	1.0	HG003	ultima	-1	-2	sent	clair3	ilmn_all_downsamples_a	ILMN		30	0	33.318499	35	0.0		33.0	0.0
I2-HG003-30x-8-D0-PF-ILMN-NOVASEQ-sent-clair3-INS_gt50	INS_gt50	I2-HG003-30x-8-D0-PF-ILMN-NOVASEQ	2799325643.0	2799325547.0	96.0	0.0	0.0		0.0	1.0				HG003	ultima	-1	-2	sent	clair3	ilmn_all_downsamples_a	ILMN		30	0	33.318499	35	0.0		33.0	0.0
I2-HG003-30x-8-D0-PF-ILMN-NOVASEQ-sent-clair3-DEL_50	DEL_50	I2-HG003-30x-8-D0-PF-ILMN-NOVASEQ	2799325643.0	2799148578.0	940.0	176125.0	0.0	0.9973385429938559	0.9946912150905035	1.0	0.0	1.0	1.0	HG003	ultima	-1	-2	sent	clair3	ilmn_all_downsamples_a	ILMN		30	0	33.318499	35	0.0		33.0	0.0
I2-HG003-30x-8-D0-PF-ILMN-NOVASEQ-sent-clair3-DEL_gt50	DEL_gt50	I2-HG003-30x-8-D0-PF-ILMN-NOVASEQ	2799325643.0	2799325554.0	87.0	2.0	0.0	0.04395604395604395	0.02247191011235955	1.0	0.0	1.0	1.0	HG003	ultima	-1	-2	sent	clair3	ilmn_all_downsamples_a	ILMN		30	0	33.318499	35	0.0		33.0	0.0
I2-HG003-30x-8-D0-PF-ILMN-NOVASEQ-sent-clair3-Indel_50	Indel_50	I2-HG003-30x-8-D0-PF-ILMN-NOVASEQ	2799325643.0	2799307988.0	43.0	17612.0	0.0	0.9987807298607764	0.9975644293401302	1.0	0.0	1.0	1.0	HG003	ultima	-1	-2	sent	clair3	ilmn_all_downsamples_a	ILMN		30	0	33.318499	35	0.0		33.0	0.0
I2-HG003-30x-8-D0-PF-ILMN-NOVASEQ-sent-clair3-Indel_gt50	Indel_gt50	I2-HG003-30x-8-D0-PF-ILMN-NOVASEQ	2799325643.0	2799324711.0	18.0	914.0	0.0	0.9902491874322861	0.98068669527897	1.0	0.0	1.0	1.0	HG003	ultima	-1	-2	sent	clair3	ilmn_all_downsamples_a	ILMN		30	0	33.318499	35	0.0		33.0	0.0
I2-HG003-30x-8-D0-PF-ILMN-NOVASEQ-sent-clair3-All	All	I2-HG003-30x-8-D0-PF-ILMN-NOVASEQ	2799325643.0	2795652028.0	8313.0	3665302.0	0.0	0.9988672715606404	0.997737106365256	1.0	0.0	1.0	1.0	HG003	ultima	-1	-2	sent	clair3	ilmn_all_downsamples_a	ILMN		30	0	33.318499	35	0.0		33.0	0.0
I2-HG003-30x-8-D0-PF-ILMN-NOVASEQ-sent-clair3-SNPts	SNPts	I2-HG003-30x-8-D0-PF-ILMN-NOVASEQ	332544085.0	332287235.0	452.0	256398.0	808.0	0.997548905177646	0.9982402180260853	0.9999975683747369	0.003141450821520493	0.9968585491784795	0.9968585491784795	HG003	giabHC_x_ultima_x_clinvar	-1	-2	sent	clair3	ilmn_all_downsamples_a	ILMN		30	0	33.318499	35	0.0		33.0	0.0
I2-HG003-30x-8-D0-PF-ILMN-NOVASEQ-sent-clair3-SNPtv	SNPtv	I2-HG003-30x-8-D0-PF-ILMN-NOVASEQ	332544085.0	332429428.0	261.0	114396.0	288.0	0.9976061846769657	0.9977236453073078	0.9999991336514573	0.0025112482996756304	0.9974887517003244	0.9974887517003244	HG003	giabHC_x_ultima_x_clinvar	-1	-2	sent	clair3	ilmn_all_downsamples_a	ILMN		30	0	33.318499	35	0.0		33.0	0.0
I2-HG003-30x-8-D0-PF-ILMN-NOVASEQ-sent-clair3-INS_50	INS_50	I2-HG003-30x-8-D0-PF-ILMN-NOVASEQ	332544085.0	332526597.0	95.0	17393.0	31.0	0.996390925756187	0.994567703568161	0.9999999067743832	0.0017791551882460972	0.9982208448117539	0.9982208448117539	HG003	giabHC_x_ultima_x_clinvar	-1	-2	sent	clair3	ilmn_all_downsamples_a	ILMN		30	0	33.318499	35	0.0		33.0	0.0
I2-HG003-30x-8-D0-PF-ILMN-NOVASEQ-sent-clair3-INS_gt50	INS_gt50	I2-HG003-30x-8-D0-PF-ILMN-NOVASEQ	332544085.0	332544085.0	0.0	0.0	0.0			1.0				HG003	giabHC_x_ultima_x_clinvar	-1	-2	sent	clair3	ilmn_all_downsamples_a	ILMN		30	0	33.318499	35	0.0		33.0	0.0
I2-HG003-30x-8-D0-PF-ILMN-NOVASEQ-sent-clair3-DEL_50	DEL_50	I2-HG003-30x-8-D0-PF-ILMN-NOVASEQ	332544085.0	332525171.0	55.0	18859.0	41.0	0.9974612577352303	0.9970921010891404	0.9999998767010785	0.0021693121693121694	0.9978306878306878	0.9978306878306878	HG003	giabHC_x_ultima_x_clinvar	-1	-2	sent	clair3	ilmn_all_downsamples_a	ILMN		30	0	33.318499	35	0.0		33.0	0.0
I2-HG003-30x-8-D0-PF-ILMN-NOVASEQ-sent-clair3-DEL_gt50	DEL_gt50	I2-HG003-30x-8-D0-PF-ILMN-NOVASEQ	332544085.0	332544085.0	0.0	0.0	0.0			1.0				HG003	giabHC_x_ultima_x_clinvar	-1	-2	sent	clair3	ilmn_all_downsamples_a	ILMN		30	0	33.318499	35	0.0		33.0	0.0
I2-HG003-30x-8-D0-PF-ILMN-NOVASEQ-sent-clair3-Indel_50	Indel_50	I2-HG003-30x-8-D0-PF-ILMN-NOVASEQ	332544085.0	332542783.0	3.0	1299.0	0.0	0.9988465974625144	0.9976958525345622	1.0	0.0	1.0	1.0	HG003	giabHC_x_ultima_x_clinvar	-1	-2	sent	clair3	ilmn_all_downsamples_a	ILMN		30	0	33.318499	35	0.0		33.0	0.0
I2-HG003-30x-8-D0-PF-ILMN-NOVASEQ-sent-clair3-Indel_gt50	Indel_gt50	I2-HG003-30x-8-D0-PF-ILMN-NOVASEQ	332544085.0	332544054.0	0.0	31.0	0.0	1.0	1.0	1.0	0.0	1.0	1.0	HG003	giabHC_x_ultima_x_clinvar	-1	-2	sent	clair3	ilmn_all_downsamples_a	ILMN		30	0	33.318499	35	0.0		33.0	0.0
I2-HG003-30x-8-D0-PF-ILMN-NOVASEQ-sent-clair3-All	All	I2-HG003-30x-8-D0-PF-ILMN-NOVASEQ	332544085.0	332134843.0	866.0	408376.0	1168.0	0.997515834418273	0.9978838926600887	0.9999964833683752	0.002851952415369289	0.9971480475846307	0.9971480475846307	HG003	giabHC_x_ultima_x_clinvar	-1	-2	sent	clair3	ilmn_all_downsamples_a	ILMN		30	0	33.318499	35	0.0		33.0	0.0
I2-HG003-30x-8-D0-PF-ILMN-NOVASEQ-sent-clair3-SNPts	SNPts	I2-HG003-30x-8-D0-PF-ILMN-NOVASEQ	2505355380.0	2503152094.0	3018.0	2200268.0	6487.0	0.997844691239832	0.9986302277598097	0.9999974084742176	0.0029396104234498165	0.9970603895765502	0.9970603895765502	HG003	giabHC_x_ultima	-1	-2	sent	clair3	ilmn_all_downsamples_a	ILMN		30	0	33.318499	35	0.0		33.0	0.0
I2-HG003-30x-8-D0-PF-ILMN-NOVASEQ-sent-clair3-SNPtv	SNPtv	I2-HG003-30x-8-D0-PF-ILMN-NOVASEQ	2505355380.0	2504320602.0	1712.0	1033066.0	2147.0	0.9981357406867952	0.9983455388498789	0.9999991426823875	0.002073969318391481	0.9979260306816086	0.9979260306816086	HG003	giabHC_x_ultima	-1	-2	sent	clair3	ilmn_all_downsamples_a	ILMN		30	0	33.318499	35	0.0		33.0	0.0
I2-HG003-30x-8-D0-PF-ILMN-NOVASEQ-sent-clair3-INS_50	INS_50	I2-HG003-30x-8-D0-PF-ILMN-NOVASEQ	2505355380.0	2505201734.0	639.0	153007.0	205.0	0.9972495421334949	0.9958410892571236	0.9999999181702693	0.0013380152990627365	0.9986619847009373	0.9986619847009373	HG003	giabHC_x_ultima	-1	-2	sent	clair3	ilmn_all_downsamples_a	ILMN		30	0	33.318499	35	0.0		33.0	0.0
I2-HG003-30x-8-D0-PF-ILMN-NOVASEQ-sent-clair3-INS_gt50	INS_gt50	I2-HG003-30x-8-D0-PF-ILMN-NOVASEQ	2505355380.0	2505355380.0	0.0	0.0	0.0			1.0				HG003	giabHC_x_ultima	-1	-2	sent	clair3	ilmn_all_downsamples_a	ILMN		30	0	33.318499	35	0.0		33.0	0.0
I2-HG003-30x-8-D0-PF-ILMN-NOVASEQ-sent-clair3-DEL_50	DEL_50	I2-HG003-30x-8-D0-PF-ILMN-NOVASEQ	2505355380.0	2505190150.0	368.0	164862.0	271.0	0.9980657640232108	0.9977728015493554	0.9999998918245904	0.0016411014152228809	0.9983588985847771	0.9983588985847771	HG003	giabHC_x_ultima	-1	-2	sent	clair3	ilmn_all_downsamples_a	ILMN		30	0	33.318499	35	0.0		33.0	0.0
I2-HG003-30x-8-D0-PF-ILMN-NOVASEQ-sent-clair3-DEL_gt50	DEL_gt50	I2-HG003-30x-8-D0-PF-ILMN-NOVASEQ	2505355380.0	2505355380.0	0.0	0.0	0.0			1.0				HG003	giabHC_x_ultima	-1	-2	sent	clair3	ilmn_all_downsamples_a	ILMN		30	0	33.318499	35	0.0		33.0	0.0
I2-HG003-30x-8-D0-PF-ILMN-NOVASEQ-sent-clair3-Indel_50	Indel_50	I2-HG003-30x-8-D0-PF-ILMN-NOVASEQ	2505355380.0	2505341343.0	23.0	14014.0	4.0	0.9990376047050437	0.9983614732492698	0.9999999984034111	0.00028534741047224997	0.9997146525895277	0.9997146525895277	HG003	giabHC_x_ultima	-1	-2	sent	clair3	ilmn_all_downsamples_a	ILMN		30	0	33.318499	35	0.0		33.0	0.0
I2-HG003-30x-8-D0-PF-ILMN-NOVASEQ-sent-clair3-Indel_gt50	Indel_gt50	I2-HG003-30x-8-D0-PF-ILMN-NOVASEQ	2505355380.0	2505355018.0	2.0	360.0	0.0	0.9972299168975068	0.994475138121547	1.0	0.0	1.0	1.0	HG003	giabHC_x_ultima	-1	-2	sent	clair3	ilmn_all_downsamples_a	ILMN		30	0	33.318499	35	0.0		33.0	0.0
I2-HG003-30x-8-D0-PF-ILMN-NOVASEQ-sent-clair3-All	All	I2-HG003-30x-8-D0-PF-ILMN-NOVASEQ	2505355380.0	2501784041.0	5762.0	3565577.0	9114.0	0.9979182846979372	0.9983865995359164	0.9999963570129762	0.002549590999613673	0.9974504090003863	0.9974504090003863	HG003	giabHC_x_ultima	-1	-2	sent	clair3	ilmn_all_downsamples_a	ILMN		30	0	33.318499	35	0.0		33.0	0.0
I2-HG003-30x-8-D0-PF-ILMN-NOVASEQ-sent-clair3-SNPts	SNPts	I2-HG003-30x-8-D0-PF-ILMN-NOVASEQ	3088286401.0	3085963136.0	14709.0	2308556.0	0.0	0.9968243591451398	0.9936688238319779	1.0	0.0	1.0	1.0	HG003	hg38	-1	-2	sent	clair3	ilmn_all_downsamples_a	ILMN		30	0	33.318499	35	0.0		33.0	0.0
I2-HG003-30x-8-D0-PF-ILMN-NOVASEQ-sent-clair3-SNPtv	SNPtv	I2-HG003-30x-8-D0-PF-ILMN-NOVASEQ	3088286401.0	3087178563.0	8014.0	1099824.0	0.0	0.9963699153221824	0.9927660903489499	1.0	0.0	1.0	1.0	HG003	hg38	-1	-2	sent	clair3	ilmn_all_downsamples_a	ILMN		30	0	33.318499	35	0.0		33.0	0.0
I2-HG003-30x-8-D0-PF-ILMN-NOVASEQ-sent-clair3-INS_50	INS_50	I2-HG003-30x-8-D0-PF-ILMN-NOVASEQ	3088286401.0	3088031099.0	4061.0	251241.0	0.0	0.9919829116185596	0.9840933482698921	1.0	0.0	1.0	1.0	HG003	hg38	-1	-2	sent	clair3	ilmn_all_downsamples_a	ILMN		30	0	33.318499	35	0.0		33.0	0.0
I2-HG003-30x-8-D0-PF-ILMN-NOVASEQ-sent-clair3-INS_gt50	INS_gt50	I2-HG003-30x-8-D0-PF-ILMN-NOVASEQ	3088286401.0	3088286165.0	236.0	0.0	0.0		0.0	1.0				HG003	hg38	-1	-2	sent	clair3	ilmn_all_downsamples_a	ILMN		30	0	33.318499	35	0.0		33.0	0.0
I2-HG003-30x-8-D0-PF-ILMN-NOVASEQ-sent-clair3-DEL_50	DEL_50	I2-HG003-30x-8-D0-PF-ILMN-NOVASEQ	3088286401.0	3088017142.0	2623.0	266636.0	0.0	0.9951053844503122	0.9902584500425241	1.0	0.0	1.0	1.0	HG003	hg38	-1	-2	sent	clair3	ilmn_all_downsamples_a	ILMN		30	0	33.318499	35	0.0		33.0	0.0
I2-HG003-30x-8-D0-PF-ILMN-NOVASEQ-sent-clair3-DEL_gt50	DEL_gt50	I2-HG003-30x-8-D0-PF-ILMN-NOVASEQ	3088286401.0	3088286263.0	136.0	2.0	0.0	0.02857142857142857	0.014492753623188406	1.0	0.0	1.0	1.0	HG003	hg38	-1	-2	sent	clair3	ilmn_all_downsamples_a	ILMN		30	0	33.318499	35	0.0		33.0	0.0
I2-HG003-30x-8-D0-PF-ILMN-NOVASEQ-sent-clair3-Indel_50	Indel_50	I2-HG003-30x-8-D0-PF-ILMN-NOVASEQ	3088286401.0	3088244164.0	351.0	41886.0	0.0	0.9958275382475661	0.9916897506925207	1.0	0.0	1.0	1.0	HG003	hg38	-1	-2	sent	clair3	ilmn_all_downsamples_a	ILMN		30	0	33.318499	35	0.0		33.0	0.0
I2-HG003-30x-8-D0-PF-ILMN-NOVASEQ-sent-clair3-Indel_gt50	Indel_gt50	I2-HG003-30x-8-D0-PF-ILMN-NOVASEQ	3088286401.0	3088284846.0	89.0	1466.0	0.0	0.9705395564382654	0.9427652733118971	1.0	0.0	1.0	1.0	HG003	hg38	-1	-2	sent	clair3	ilmn_all_downsamples_a	ILMN		30	0	33.318499	35	0.0		33.0	0.0
I2-HG003-30x-8-D0-PF-ILMN-NOVASEQ-sent-clair3-All	All	I2-HG003-30x-8-D0-PF-ILMN-NOVASEQ	3088286401.0	3084286571.0	30219.0	3969611.0	0.0	0.9962081405709635	0.9924449289094787	1.0	0.0	1.0	1.0	HG003	hg38	-1	-2	sent	clair3	ilmn_all_downsamples_a	ILMN		30	0	33.318499	35	0.0		33.0	0.0
I2-HG003-30x-8-D0-PF-ILMN-NOVASEQ-sent-clair3-SNPts	SNPts	I2-HG003-30x-8-D0-PF-ILMN-NOVASEQ	377862616.0	377589306.0	2271.0	271039.0	0.0	0.9958280441407995	0.9916907540887637	1.0	0.0	1.0	1.0	HG003	clinvar_genes	-1	-2	sent	clair3	ilmn_all_downsamples_a	ILMN		30	0	33.318499	35	0.0		33.0	0.0
I2-HG003-30x-8-D0-PF-ILMN-NOVASEQ-sent-clair3-SNPtv	SNPtv	I2-HG003-30x-8-D0-PF-ILMN-NOVASEQ	377862616.0	377738158.0	1134.0	123324.0	0.0	0.9954233963726178	0.9908884925034952	1.0	0.0	1.0	1.0	HG003	clinvar_genes	-1	-2	sent	clair3	ilmn_all_downsamples_a	ILMN		30	0	33.318499	35	0.0		33.0	0.0
I2-HG003-30x-8-D0-PF-ILMN-NOVASEQ-sent-clair3-INS_50	INS_50	I2-HG003-30x-8-D0-PF-ILMN-NOVASEQ	377862616.0	377833578.0	527.0	28511.0	0.0	0.9908425863177466	0.9818513671740478	1.0	0.0	1.0	1.0	HG003	clinvar_genes	-1	-2	sent	clair3	ilmn_all_downsamples_a	ILMN		30	0	33.318499	35	0.0		33.0	0.0
I2-HG003-30x-8-D0-PF-ILMN-NOVASEQ-sent-clair3-INS_gt50	INS_gt50	I2-HG003-30x-8-D0-PF-ILMN-NOVASEQ	377862616.0	377862586.0	30.0	0.0	0.0		0.0	1.0				HG003	clinvar_genes	-1	-2	sent	clair3	ilmn_all_downsamples_a	ILMN		30	0	33.318499	35	0.0		33.0	0.0
I2-HG003-30x-8-D0-PF-ILMN-NOVASEQ-sent-clair3-DEL_50	DEL_50	I2-HG003-30x-8-D0-PF-ILMN-NOVASEQ	377862616.0	377831892.0	318.0	30406.0	0.0	0.9947979715360706	0.9896497851842208	1.0	0.0	1.0	1.0	HG003	clinvar_genes	-1	-2	sent	clair3	ilmn_all_downsamples_a	ILMN		30	0	33.318499	35	0.0		33.0	0.0
I2-HG003-30x-8-D0-PF-ILMN-NOVASEQ-sent-clair3-DEL_gt50	DEL_gt50	I2-HG003-30x-8-D0-PF-ILMN-NOVASEQ	377862616.0	377862598.0	18.0	0.0	0.0		0.0	1.0				HG003	clinvar_genes	-1	-2	sent	clair3	ilmn_all_downsamples_a	ILMN		30	0	33.318499	35	0.0		33.0	0.0
I2-HG003-30x-8-D0-PF-ILMN-NOVASEQ-sent-clair3-Indel_50	Indel_50	I2-HG003-30x-8-D0-PF-ILMN-NOVASEQ	377862616.0	377858446.0	43.0	4127.0	0.0	0.9948174038809209	0.9896882494004796	1.0	0.0	1.0	1.0	HG003	clinvar_genes	-1	-2	sent	clair3	ilmn_all_downsamples_a	ILMN		30	0	33.318499	35	0.0		33.0	0.0
I2-HG003-30x-8-D0-PF-ILMN-NOVASEQ-sent-clair3-Indel_gt50	Indel_gt50	I2-HG003-30x-8-D0-PF-ILMN-NOVASEQ	377862616.0	377862453.0	11.0	152.0	0.0	0.9650793650793651	0.9325153374233128	1.0	0.0	1.0	1.0	HG003	clinvar_genes	-1	-2	sent	clair3	ilmn_all_downsamples_a	ILMN		30	0	33.318499	35	0.0		33.0	0.0
I2-HG003-30x-8-D0-PF-ILMN-NOVASEQ-sent-clair3-All	All	I2-HG003-30x-8-D0-PF-ILMN-NOVASEQ	377862616.0	377400705.0	4352.0	457559.0	0.0	0.9952668385047908	0.9905782715717963	1.0	0.0	1.0	1.0	HG003	clinvar_genes	-1	-2	sent	clair3	ilmn_all_downsamples_a	ILMN		30	0	33.318499	35	0.0		33.0	0.0
I2-HG003-30x-8-D0-PF-ILMN-NOVASEQ-sent-clair3-SNPts	SNPts	I2-HG003-30x-8-D0-PF-ILMN-NOVASEQ	688815815.0	688747526.0	3403.0	64886.0	0.0	0.9744471559977473	0.9501676697564762	1.0	0.0	1.0	1.0	HG003	hg38_m_giabHC	-1	-2	sent	clair3	ilmn_all_downsamples_a	ILMN		30	0	33.318499	35	0.0		33.0	0.0
I2-HG003-30x-8-D0-PF-ILMN-NOVASEQ-sent-clair3-SNPtv	SNPtv	I2-HG003-30x-8-D0-PF-ILMN-NOVASEQ	688815815.0	688780236.0	1897.0	33682.0	0.0	0.9726108488182382	0.9466820315354563	1.0	0.0	1.0	1.0	HG003	hg38_m_giabHC	-1	-2	sent	clair3	ilmn_all_downsamples_a	ILMN		30	0	33.318499	35	0.0		33.0	0.0
I2-HG003-30x-8-D0-PF-ILMN-NOVASEQ-sent-clair3-INS_50	INS_50	I2-HG003-30x-8-D0-PF-ILMN-NOVASEQ	688815815.0	688789097.0	2373.0	24345.0	0.0	0.953527994829916	0.9111834718167527	1.0	0.0	1.0	1.0	HG003	hg38_m_giabHC	-1	-2	sent	clair3	ilmn_all_downsamples_a	ILMN		30	0	33.318499	35	0.0		33.0	0.0
I2-HG003-30x-8-D0-PF-ILMN-NOVASEQ-sent-clair3-INS_gt50	INS_gt50	I2-HG003-30x-8-D0-PF-ILMN-NOVASEQ	688815815.0	688815580.0	235.0	0.0	0.0		0.0	1.0				HG003	hg38_m_giabHC	-1	-2	sent	clair3	ilmn_all_downsamples_a	ILMN		30	0	33.318499	35	0.0		33.0	0.0
I2-HG003-30x-8-D0-PF-ILMN-NOVASEQ-sent-clair3-DEL_50	DEL_50	I2-HG003-30x-8-D0-PF-ILMN-NOVASEQ	688815815.0	688788985.0	1659.0	25171.0	0.0	0.9680967673698583	0.938166231830041	1.0	0.0	1.0	1.0	HG003	hg38_m_giabHC	-1	-2	sent	clair3	ilmn_all_downsamples_a	ILMN		30	0	33.318499	35	0.0		33.0	0.0
I2-HG003-30x-8-D0-PF-ILMN-NOVASEQ-sent-clair3-DEL_gt50	DEL_gt50	I2-HG003-30x-8-D0-PF-ILMN-NOVASEQ	688815815.0	688815677.0	136.0	2.0	0.0	0.02857142857142857	0.014492753623188406	1.0	0.0	1.0	1.0	HG003	hg38_m_giabHC	-1	-2	sent	clair3	ilmn_all_downsamples_a	ILMN		30	0	33.318499	35	0.0		33.0	0.0
I2-HG003-30x-8-D0-PF-ILMN-NOVASEQ-sent-clair3-Indel_50	Indel_50	I2-HG003-30x-8-D0-PF-ILMN-NOVASEQ	688815815.0	688806053.0	251.0	9511.0	0.0	0.9869765993877445	0.9742880557262856	1.0	0.0	1.0	1.0	HG003	hg38_m_giabHC	-1	-2	sent	clair3	ilmn_all_downsamples_a	ILMN		30	0	33.318499	35	0.0		33.0	0.0
I2-HG003-30x-8-D0-PF-ILMN-NOVASEQ-sent-clair3-Indel_gt50	Indel_gt50	I2-HG003-30x-8-D0-PF-ILMN-NOVASEQ	688815815.0	688814715.0	83.0	1017.0	0.0	0.9607935758148323	0.9245454545454546	1.0	0.0	1.0	1.0	HG003	hg38_m_giabHC	-1	-2	sent	clair3	ilmn_all_downsamples_a	ILMN		30	0	33.318499	35	0.0		33.0	0.0
I2-HG003-30x-8-D0-PF-ILMN-NOVASEQ-sent-clair3-All	All	I2-HG003-30x-8-D0-PF-ILMN-NOVASEQ	688815815.0	688647164.0	10037.0	158614.0	0.0	0.9693306647518067	0.9404865669340828	1.0	0.0	1.0	1.0	HG003	hg38_m_giabHC	-1	-2	sent	clair3	ilmn_all_downsamples_a	ILMN		30	0	33.318499	35	0.0		33.0	0.0
I2-HG003-30x-8-D0-PF-ILMN-NOVASEQ-sent-clair3-SNPts	SNPts	I2-HG003-30x-8-D0-PF-ILMN-NOVASEQ	2528531102.0	2526276091.0	11306.0	2243705.0	9642.0	0.9953535189530202	0.9949862772288028	0.9999961833295917	0.004278968130518735	0.9957210318694812	0.9957210318694812	HG003	giabHC	-1	-2	sent	clair3	ilmn_all_downsamples_a	ILMN		30	0	33.318499	35	0.0		33.0	0.0
I2-HG003-30x-8-D0-PF-ILMN-NOVASEQ-sent-clair3-SNPtv	SNPtv	I2-HG003-30x-8-D0-PF-ILMN-NOVASEQ	2528531102.0	2527458824.0	6117.0	1066161.0	3592.0	0.9954673858594951	0.9942953226681887	0.9999985788117056	0.0033577844605249996	0.996642215539475	0.996642215539475	HG003	giabHC	-1	-2	sent	clair3	ilmn_all_downsamples_a	ILMN		30	0	33.318499	35	0.0		33.0	0.0
I2-HG003-30x-8-D0-PF-ILMN-NOVASEQ-sent-clair3-INS_50	INS_50	I2-HG003-30x-8-D0-PF-ILMN-NOVASEQ	2528531102.0	2528302588.0	1685.0	226829.0	513.0	0.9951783019199045	0.9926262723509282	0.9999997970971124	0.0022565122150768444	0.9977434877849232	0.9977434877849232	HG003	giabHC	-1	-2	sent	clair3	ilmn_all_downsamples_a	ILMN		30	0	33.318499	35	0.0		33.0	0.0
I2-HG003-30x-8-D0-PF-ILMN-NOVASEQ-sent-clair3-INS_gt50	INS_gt50	I2-HG003-30x-8-D0-PF-ILMN-NOVASEQ	2528531102.0	2528531101.0	1.0	0.0	0.0		0.0	1.0				HG003	giabHC	-1	-2	sent	clair3	ilmn_all_downsamples_a	ILMN		30	0	33.318499	35	0.0		33.0	0.0
I2-HG003-30x-8-D0-PF-ILMN-NOVASEQ-sent-clair3-DEL_50	DEL_50	I2-HG003-30x-8-D0-PF-ILMN-NOVASEQ	2528531102.0	2528288475.0	975.0	241652.0	546.0	0.9968627855411747	0.9959814859846596	0.9999997840436772	0.002254353875754548	0.9977456461242454	0.9977456461242454	HG003	giabHC	-1	-2	sent	clair3	ilmn_all_downsamples_a	ILMN		30	0	33.318499	35	0.0		33.0	0.0
I2-HG003-30x-8-D0-PF-ILMN-NOVASEQ-sent-clair3-DEL_gt50	DEL_gt50	I2-HG003-30x-8-D0-PF-ILMN-NOVASEQ	2528531102.0	2528531102.0	0.0	0.0	0.0			1.0				HG003	giabHC	-1	-2	sent	clair3	ilmn_all_downsamples_a	ILMN		30	0	33.318499	35	0.0		33.0	0.0
I2-HG003-30x-8-D0-PF-ILMN-NOVASEQ-sent-clair3-Indel_50	Indel_50	I2-HG003-30x-8-D0-PF-ILMN-NOVASEQ	2528531102.0	2528498626.0	101.0	32375.0	18.0	0.9981655336138987	0.996890011085109	0.999999992881151	0.0005556756089278548	0.9994443243910721	0.9994443243910721	HG003	giabHC	-1	-2	sent	clair3	ilmn_all_downsamples_a	ILMN		30	0	33.318499	35	0.0		33.0	0.0
I2-HG003-30x-8-D0-PF-ILMN-NOVASEQ-sent-clair3-Indel_gt50	Indel_gt50	I2-HG003-30x-8-D0-PF-ILMN-NOVASEQ	2528531102.0	2528530646.0	7.0	449.0	0.0	0.9922651933701657	0.9846491228070176	1.0	0.0	1.0	1.0	HG003	giabHC	-1	-2	sent	clair3	ilmn_all_downsamples_a	ILMN		30	0	33.318499	35	0.0		33.0	0.0
I2-HG003-30x-8-D0-PF-ILMN-NOVASEQ-sent-clair3-All	All	I2-HG003-30x-8-D0-PF-ILMN-NOVASEQ	2528531102.0	2524699739.0	20192.0	3811171.0	14311.0	0.9954938359076095	0.994729812862942	0.9999943316352995	0.0037409664978164843	0.9962590335021835	0.9962590335021835	HG003	giabHC	-1	-2	sent	clair3	ilmn_all_downsamples_a	ILMN		30	0	33.318499	35	0.0		33.0	0.0
I2-HG003-3x-2-D0-PF-ILMN-NOVASEQ-bwa2a-clair3-SNPts	SNPts	I2-HG003-3x-2-D0-PF-ILMN-NOVASEQ			519147.0	0.0	0.0		0.0					HG003	hg38	-1	-2	bwa2a	clair3	ilmn_all_downsamples_a	ILMN		3	0	3.435401	3	0.0		3.0	0.0
I2-HG003-3x-2-D0-PF-ILMN-NOVASEQ-bwa2a-clair3-SNPtv	SNPtv	I2-HG003-3x-2-D0-PF-ILMN-NOVASEQ			274754.0	0.0	0.0		0.0					HG003	hg38	-1	-2	bwa2a	clair3	ilmn_all_downsamples_a	ILMN		3	0	3.435401	3	0.0		3.0	0.0
I2-HG003-3x-2-D0-PF-ILMN-NOVASEQ-bwa2a-clair3-INS_50	INS_50	I2-HG003-3x-2-D0-PF-ILMN-NOVASEQ			83247.0	0.0	0.0		0.0					HG003	hg38	-1	-2	bwa2a	clair3	ilmn_all_downsamples_a	ILMN		3	0	3.435401	3	0.0		3.0	0.0
I2-HG003-3x-2-D0-PF-ILMN-NOVASEQ-bwa2a-clair3-INS_gt50	INS_gt50	I2-HG003-3x-2-D0-PF-ILMN-NOVASEQ			238.0	0.0	0.0		0.0					HG003	hg38	-1	-2	bwa2a	clair3	ilmn_all_downsamples_a	ILMN		3	0	3.435401	3	0.0		3.0	0.0
I2-HG003-3x-2-D0-PF-ILMN-NOVASEQ-bwa2a-clair3-DEL_50	DEL_50	I2-HG003-3x-2-D0-PF-ILMN-NOVASEQ			84480.0	0.0	0.0		0.0					HG003	hg38	-1	-2	bwa2a	clair3	ilmn_all_downsamples_a	ILMN		3	0	3.435401	3	0.0		3.0	0.0
I2-HG003-3x-2-D0-PF-ILMN-NOVASEQ-bwa2a-clair3-DEL_gt50	DEL_gt50	I2-HG003-3x-2-D0-PF-ILMN-NOVASEQ			138.0	0.0	0.0		0.0					HG003	hg38	-1	-2	bwa2a	clair3	ilmn_all_downsamples_a	ILMN		3	0	3.435401	3	0.0		3.0	0.0
I2-HG003-3x-2-D0-PF-ILMN-NOVASEQ-bwa2a-clair3-Indel_50	Indel_50	I2-HG003-3x-2-D0-PF-ILMN-NOVASEQ			15890.0	0.0	0.0		0.0					HG003	hg38	-1	-2	bwa2a	clair3	ilmn_all_downsamples_a	ILMN		3	0	3.435401	3	0.0		3.0	0.0
I2-HG003-3x-2-D0-PF-ILMN-NOVASEQ-bwa2a-clair3-Indel_gt50	Indel_gt50	I2-HG003-3x-2-D0-PF-ILMN-NOVASEQ			924.0	0.0	0.0		0.0					HG003	hg38	-1	-2	bwa2a	clair3	ilmn_all_downsamples_a	ILMN		3	0	3.435401	3	0.0		3.0	0.0
I2-HG003-3x-2-D0-PF-ILMN-NOVASEQ-bwa2a-clair3-All	All	I2-HG003-3x-2-D0-PF-ILMN-NOVASEQ	3088286401.0	3087307583.0	978818.0	0.0	0.0		0.0	1.0				HG003	hg38	-1	-2	bwa2a	clair3	ilmn_all_downsamples_a	ILMN		3	0	3.435401	3	0.0		3.0	0.0
I2-HG003-3x-2-D0-PF-ILMN-NOVASEQ-bwa2a-clair3-SNPts	SNPts	I2-HG003-3x-2-D0-PF-ILMN-NOVASEQ	332544085.0	332287219.0	50104.0	206762.0	124886.0	0.7026578806961261	0.8049410976929605	0.9996243036937539	0.3765618969509842	0.6234381030490158	0.6234381030490158	HG003	giabHC_x_ultima_x_clinvar	-1	-2	bwa2a	clair3	ilmn_all_downsamples_a	ILMN		3	0	3.435401	3	0.0		3.0	0.0
I2-HG003-3x-2-D0-PF-ILMN-NOVASEQ-bwa2a-clair3-SNPtv	SNPtv	I2-HG003-3x-2-D0-PF-ILMN-NOVASEQ	332544085.0	332429443.0	24918.0	89724.0	21111.0	0.7958594446440214	0.7826451038886272	0.9999364988274316	0.19047232372445527	0.8095276762755448	0.8095276762755448	HG003	giabHC_x_ultima_x_clinvar	-1	-2	bwa2a	clair3	ilmn_all_downsamples_a	ILMN		3	0	3.435401	3	0.0		3.0	0.0
I2-HG003-3x-2-D0-PF-ILMN-NOVASEQ-bwa2a-clair3-INS_50	INS_50	I2-HG003-3x-2-D0-PF-ILMN-NOVASEQ	332544085.0	332526554.0	4580.0	12951.0	1014.0	0.8223901447802895	0.7387485026524443	0.9999969506287671	0.07261009667024705	0.9273899033297529	0.9273899033297529	HG003	giabHC_x_ultima_x_clinvar	-1	-2	bwa2a	clair3	ilmn_all_downsamples_a	ILMN		3	0	3.435401	3	0.0		3.0	0.0
I2-HG003-3x-2-D0-PF-ILMN-NOVASEQ-bwa2a-clair3-INS_gt50	INS_gt50	I2-HG003-3x-2-D0-PF-ILMN-NOVASEQ	332544085.0	332544085.0	0.0	0.0	0.0			1.0				HG003	giabHC_x_ultima_x_clinvar	-1	-2	bwa2a	clair3	ilmn_all_downsamples_a	ILMN		3	0	3.435401	3	0.0		3.0	0.0
I2-HG003-3x-2-D0-PF-ILMN-NOVASEQ-bwa2a-clair3-DEL_50	DEL_50	I2-HG003-3x-2-D0-PF-ILMN-NOVASEQ	332544085.0	332525033.0	5060.0	13992.0	1454.0	0.8111774595628732	0.7344110854503464	0.9999956274159899	0.09413440372912081	0.9058655962708791	0.9058655962708791	HG003	giabHC_x_ultima_x_clinvar	-1	-2	bwa2a	clair3	ilmn_all_downsamples_a	ILMN		3	0	3.435401	3	0.0		3.0	0.0
I2-HG003-3x-2-D0-PF-ILMN-NOVASEQ-bwa2a-clair3-DEL_gt50	DEL_gt50	I2-HG003-3x-2-D0-PF-ILMN-NOVASEQ	332544085.0	332544085.0	0.0	0.0	0.0			1.0				HG003	giabHC_x_ultima_x_clinvar	-1	-2	bwa2a	clair3	ilmn_all_downsamples_a	ILMN		3	0	3.435401	3	0.0		3.0	0.0
I2-HG003-3x-2-D0-PF-ILMN-NOVASEQ-bwa2a-clair3-Indel_50	Indel_50	I2-HG003-3x-2-D0-PF-ILMN-NOVASEQ	332544085.0	332543000.0	514.0	571.0	4.0	0.6879518072289156	0.5262672811059907	0.9999999879714805	0.006956521739130435	0.9930434782608696	0.9930434782608696	HG003	giabHC_x_ultima_x_clinvar	-1	-2	bwa2a	clair3	ilmn_all_downsamples_a	ILMN		3	0	3.435401	3	0.0		3.0	0.0
I2-HG003-3x-2-D0-PF-ILMN-NOVASEQ-bwa2a-clair3-Indel_gt50	Indel_gt50	I2-HG003-3x-2-D0-PF-ILMN-NOVASEQ	332544085.0	332544058.0	18.0	9.0	0.0	0.5	0.3333333333333333	1.0	0.0	1.0	1.0	HG003	giabHC_x_ultima_x_clinvar	-1	-2	bwa2a	clair3	ilmn_all_downsamples_a	ILMN		3	0	3.435401	3	0.0		3.0	0.0
I2-HG003-3x-2-D0-PF-ILMN-NOVASEQ-bwa2a-clair3-All	All	I2-HG003-3x-2-D0-PF-ILMN-NOVASEQ	332544085.0	332134882.0	85194.0	324009.0	148469.0	0.7349801118545143	0.7918050454175556	0.9995531855581895	0.31423473685547265	0.6857652631445273	0.6857652631445273	HG003	giabHC_x_ultima_x_clinvar	-1	-2	bwa2a	clair3	ilmn_all_downsamples_a	ILMN		3	0	3.435401	3	0.0		3.0	0.0
I2-HG003-3x-2-D0-PF-ILMN-NOVASEQ-bwa2a-clair3-SNPts	SNPts	I2-HG003-3x-2-D0-PF-ILMN-NOVASEQ	337668665.0	337403052.0	53956.0	211657.0	129969.0	0.6971126689820646	0.7968623523698012	0.9996149443405123	0.38044235509006924	0.6195576449099307	0.6195576449099307	HG003	giabHC_x_clinvar_genes	-1	-2	bwa2a	clair3	ilmn_all_downsamples_a	ILMN		3	0	3.435401	3	0.0		3.0	0.0
I2-HG003-3x-2-D0-PF-ILMN-NOVASEQ-bwa2a-clair3-SNPtv	SNPtv	I2-HG003-3x-2-D0-PF-ILMN-NOVASEQ	337668665.0	337548351.0	27093.0	93221.0	22077.0	0.7913094409452829	0.7748142360822514	0.9999346003139825	0.1914777359537893	0.8085222640462106	0.8085222640462106	HG003	giabHC_x_clinvar_genes	-1	-2	bwa2a	clair3	ilmn_all_downsamples_a	ILMN		3	0	3.435401	3	0.0		3.0	0.0
I2-HG003-3x-2-D0-PF-ILMN-NOVASEQ-bwa2a-clair3-INS_50	INS_50	I2-HG003-3x-2-D0-PF-ILMN-NOVASEQ	337668665.0	337642150.0	7549.0	18966.0	2364.0	0.792810115999582	0.71529323024703	0.9999929985535023	0.11082981715893109	0.889170182841069	0.889170182841069	HG003	giabHC_x_clinvar_genes	-1	-2	bwa2a	clair3	ilmn_all_downsamples_a	ILMN		3	0	3.435401	3	0.0		3.0	0.0
I2-HG003-3x-2-D0-PF-ILMN-NOVASEQ-bwa2a-clair3-INS_gt50	INS_gt50	I2-HG003-3x-2-D0-PF-ILMN-NOVASEQ	337668665.0	337668665.0	0.0	0.0	0.0			1.0				HG003	giabHC_x_clinvar_genes	-1	-2	bwa2a	clair3	ilmn_all_downsamples_a	ILMN		3	0	3.435401	3	0.0		3.0	0.0
I2-HG003-3x-2-D0-PF-ILMN-NOVASEQ-bwa2a-clair3-DEL_50	DEL_50	I2-HG003-3x-2-D0-PF-ILMN-NOVASEQ	337668665.0	337640492.0	7922.0	20251.0	2605.0	0.7937055399870663	0.7188087885564193	0.9999922847526778	0.11397444872243612	0.8860255512775639	0.8860255512775639	HG003	giabHC_x_clinvar_genes	-1	-2	bwa2a	clair3	ilmn_all_downsamples_a	ILMN		3	0	3.435401	3	0.0		3.0	0.0
I2-HG003-3x-2-D0-PF-ILMN-NOVASEQ-bwa2a-clair3-DEL_gt50	DEL_gt50	I2-HG003-3x-2-D0-PF-ILMN-NOVASEQ	337668665.0	337668665.0	0.0	0.0	0.0			1.0				HG003	giabHC_x_clinvar_genes	-1	-2	bwa2a	clair3	ilmn_all_downsamples_a	ILMN		3	0	3.435401	3	0.0		3.0	0.0
I2-HG003-3x-2-D0-PF-ILMN-NOVASEQ-bwa2a-clair3-Indel_50	Indel_50	I2-HG003-3x-2-D0-PF-ILMN-NOVASEQ	337668665.0	337665978.0	1078.0	1609.0	15.0	0.7464625376942705	0.598809080759211	0.999999955577404	0.009236453201970444	0.9907635467980296	0.9907635467980296	HG003	giabHC_x_clinvar_genes	-1	-2	bwa2a	clair3	ilmn_all_downsamples_a	ILMN		3	0	3.435401	3	0.0		3.0	0.0
I2-HG003-3x-2-D0-PF-ILMN-NOVASEQ-bwa2a-clair3-Indel_gt50	Indel_gt50	I2-HG003-3x-2-D0-PF-ILMN-NOVASEQ	337668665.0	337668625.0	27.0	13.0	0.0	0.4905660377358491	0.325	1.0	0.0	1.0	1.0	HG003	giabHC_x_clinvar_genes	-1	-2	bwa2a	clair3	ilmn_all_downsamples_a	ILMN		3	0	3.435401	3	0.0		3.0	0.0
I2-HG003-3x-2-D0-PF-ILMN-NOVASEQ-bwa2a-clair3-All	All	I2-HG003-3x-2-D0-PF-ILMN-NOVASEQ	337668665.0	337225323.0	97625.0	345717.0	157030.0	0.7308339913052578	0.7797975377924943	0.9995345636824104	0.312343982162002	0.687656017837998	0.687656017837998	HG003	giabHC_x_clinvar_genes	-1	-2	bwa2a	clair3	ilmn_all_downsamples_a	ILMN		3	0	3.435401	3	0.0		3.0	0.0
I2-HG003-3x-2-D0-PF-ILMN-NOVASEQ-bwa2a-clair3-SNPts	SNPts	I2-HG003-3x-2-D0-PF-ILMN-NOVASEQ			497414.0	0.0	0.0		0.0					HG003	giabHC	-1	-2	bwa2a	clair3	ilmn_all_downsamples_a	ILMN		3	0	3.435401	3	0.0		3.0	0.0
I2-HG003-3x-2-D0-PF-ILMN-NOVASEQ-bwa2a-clair3-SNPtv	SNPtv	I2-HG003-3x-2-D0-PF-ILMN-NOVASEQ			262645.0	0.0	0.0		0.0					HG003	giabHC	-1	-2	bwa2a	clair3	ilmn_all_downsamples_a	ILMN		3	0	3.435401	3	0.0		3.0	0.0
I2-HG003-3x-2-D0-PF-ILMN-NOVASEQ-bwa2a-clair3-INS_50	INS_50	I2-HG003-3x-2-D0-PF-ILMN-NOVASEQ			70240.0	0.0	0.0		0.0					HG003	giabHC	-1	-2	bwa2a	clair3	ilmn_all_downsamples_a	ILMN		3	0	3.435401	3	0.0		3.0	0.0
I2-HG003-3x-2-D0-PF-ILMN-NOVASEQ-bwa2a-clair3-INS_gt50	INS_gt50	I2-HG003-3x-2-D0-PF-ILMN-NOVASEQ			1.0	0.0	0.0		0.0					HG003	giabHC	-1	-2	bwa2a	clair3	ilmn_all_downsamples_a	ILMN		3	0	3.435401	3	0.0		3.0	0.0
I2-HG003-3x-2-D0-PF-ILMN-NOVASEQ-bwa2a-clair3-DEL_50	DEL_50	I2-HG003-3x-2-D0-PF-ILMN-NOVASEQ			72634.0	0.0	0.0		0.0					HG003	giabHC	-1	-2	bwa2a	clair3	ilmn_all_downsamples_a	ILMN		3	0	3.435401	3	0.0		3.0	0.0
I2-HG003-3x-2-D0-PF-ILMN-NOVASEQ-bwa2a-clair3-DEL_gt50	DEL_gt50	I2-HG003-3x-2-D0-PF-ILMN-NOVASEQ			0.0	0.0	0.0							HG003	giabHC	-1	-2	bwa2a	clair3	ilmn_all_downsamples_a	ILMN		3	0	3.435401	3	0.0		3.0	0.0
I2-HG003-3x-2-D0-PF-ILMN-NOVASEQ-bwa2a-clair3-Indel_50	Indel_50	I2-HG003-3x-2-D0-PF-ILMN-NOVASEQ			11280.0	0.0	0.0		0.0					HG003	giabHC	-1	-2	bwa2a	clair3	ilmn_all_downsamples_a	ILMN		3	0	3.435401	3	0.0		3.0	0.0
I2-HG003-3x-2-D0-PF-ILMN-NOVASEQ-bwa2a-clair3-Indel_gt50	Indel_gt50	I2-HG003-3x-2-D0-PF-ILMN-NOVASEQ			231.0	0.0	0.0		0.0					HG003	giabHC	-1	-2	bwa2a	clair3	ilmn_all_downsamples_a	ILMN		3	0	3.435401	3	0.0		3.0	0.0
I2-HG003-3x-2-D0-PF-ILMN-NOVASEQ-bwa2a-clair3-All	All	I2-HG003-3x-2-D0-PF-ILMN-NOVASEQ	2528531102.0	2527616657.0	914445.0	0.0	0.0		0.0	1.0				HG003	giabHC	-1	-2	bwa2a	clair3	ilmn_all_downsamples_a	ILMN		3	0	3.435401	3	0.0		3.0	0.0
I2-HG003-3x-2-D0-PF-ILMN-NOVASEQ-bwa2a-clair3-SNPts	SNPts	I2-HG003-3x-2-D0-PF-ILMN-NOVASEQ	377862616.0	377589287.0	56391.0	216938.0	0.0	0.8849790012381008	0.7936881926176879	1.0	0.0	1.0	1.0	HG003	clinvar_genes	-1	-2	bwa2a	clair3	ilmn_all_downsamples_a	ILMN		3	0	3.435401	3	0.0		3.0	0.0
I2-HG003-3x-2-D0-PF-ILMN-NOVASEQ-bwa2a-clair3-SNPtv	SNPtv	I2-HG003-3x-2-D0-PF-ILMN-NOVASEQ	377862616.0	377738177.0	28413.0	96026.0	0.0	0.8711224003810129	0.771671260617652	1.0	0.0	1.0	1.0	HG003	clinvar_genes	-1	-2	bwa2a	clair3	ilmn_all_downsamples_a	ILMN		3	0	3.435401	3	0.0		3.0	0.0
I2-HG003-3x-2-D0-PF-ILMN-NOVASEQ-bwa2a-clair3-INS_50	INS_50	I2-HG003-3x-2-D0-PF-ILMN-NOVASEQ	377862616.0	377833238.0	8857.0	20521.0	0.0	0.8225014529349286	0.6985158962488938	1.0	0.0	1.0	1.0	HG003	clinvar_genes	-1	-2	bwa2a	clair3	ilmn_all_downsamples_a	ILMN		3	0	3.435401	3	0.0		3.0	0.0
I2-HG003-3x-2-D0-PF-ILMN-NOVASEQ-bwa2a-clair3-INS_gt50	INS_gt50	I2-HG003-3x-2-D0-PF-ILMN-NOVASEQ	377862616.0	377862586.0	30.0	0.0	0.0		0.0	1.0				HG003	clinvar_genes	-1	-2	bwa2a	clair3	ilmn_all_downsamples_a	ILMN		3	0	3.435401	3	0.0		3.0	0.0
I2-HG003-3x-2-D0-PF-ILMN-NOVASEQ-bwa2a-clair3-DEL_50	DEL_50	I2-HG003-3x-2-D0-PF-ILMN-NOVASEQ	377862616.0	377831520.0	9148.0	21948.0	0.0	0.827539401251791	0.7058142526369952	1.0	0.0	1.0	1.0	HG003	clinvar_genes	-1	-2	bwa2a	clair3	ilmn_all_downsamples_a	ILMN		3	0	3.435401	3	0.0		3.0	0.0
I2-HG003-3x-2-D0-PF-ILMN-NOVASEQ-bwa2a-clair3-DEL_gt50	DEL_gt50	I2-HG003-3x-2-D0-PF-ILMN-NOVASEQ	377862616.0	377862598.0	18.0	0.0	0.0		0.0	1.0				HG003	clinvar_genes	-1	-2	bwa2a	clair3	ilmn_all_downsamples_a	ILMN		3	0	3.435401	3	0.0		3.0	0.0
I2-HG003-3x-2-D0-PF-ILMN-NOVASEQ-bwa2a-clair3-Indel_50	Indel_50	I2-HG003-3x-2-D0-PF-ILMN-NOVASEQ	377862616.0	377859184.0	1515.0	1917.0	0.0	0.7167694896242288	0.5585664335664335	1.0	0.0	1.0	1.0	HG003	clinvar_genes	-1	-2	bwa2a	clair3	ilmn_all_downsamples_a	ILMN		3	0	3.435401	3	0.0		3.0	0.0
I2-HG003-3x-2-D0-PF-ILMN-NOVASEQ-bwa2a-clair3-Indel_gt50	Indel_gt50	I2-HG003-3x-2-D0-PF-ILMN-NOVASEQ	377862616.0	377862470.0	108.0	38.0	0.0	0.41304347826086957	0.2602739726027397	1.0	0.0	1.0	1.0	HG003	clinvar_genes	-1	-2	bwa2a	clair3	ilmn_all_downsamples_a	ILMN		3	0	3.435401	3	0.0		3.0	0.0
I2-HG003-3x-2-D0-PF-ILMN-NOVASEQ-bwa2a-clair3-All	All	I2-HG003-3x-2-D0-PF-ILMN-NOVASEQ	377862616.0	377400748.0	104480.0	357388.0	0.0	0.8724696553946508	0.7737881819047866	1.0	0.0	1.0	1.0	HG003	clinvar_genes	-1	-2	bwa2a	clair3	ilmn_all_downsamples_a	ILMN		3	0	3.435401	3	0.0		3.0	0.0
I2-HG003-3x-2-D0-PF-ILMN-NOVASEQ-bwa2a-clair3-SNPts	SNPts	I2-HG003-3x-2-D0-PF-ILMN-NOVASEQ			21733.0	0.0	0.0		0.0					HG003	hg38_m_giabHC	-1	-2	bwa2a	clair3	ilmn_all_downsamples_a	ILMN		3	0	3.435401	3	0.0		3.0	0.0
I2-HG003-3x-2-D0-PF-ILMN-NOVASEQ-bwa2a-clair3-SNPtv	SNPtv	I2-HG003-3x-2-D0-PF-ILMN-NOVASEQ			12109.0	0.0	0.0		0.0					HG003	hg38_m_giabHC	-1	-2	bwa2a	clair3	ilmn_all_downsamples_a	ILMN		3	0	3.435401	3	0.0		3.0	0.0
I2-HG003-3x-2-D0-PF-ILMN-NOVASEQ-bwa2a-clair3-INS_50	INS_50	I2-HG003-3x-2-D0-PF-ILMN-NOVASEQ			12980.0	0.0	0.0		0.0					HG003	hg38_m_giabHC	-1	-2	bwa2a	clair3	ilmn_all_downsamples_a	ILMN		3	0	3.435401	3	0.0		3.0	0.0
I2-HG003-3x-2-D0-PF-ILMN-NOVASEQ-bwa2a-clair3-INS_gt50	INS_gt50	I2-HG003-3x-2-D0-PF-ILMN-NOVASEQ			237.0	0.0	0.0		0.0					HG003	hg38_m_giabHC	-1	-2	bwa2a	clair3	ilmn_all_downsamples_a	ILMN		3	0	3.435401	3	0.0		3.0	0.0
I2-HG003-3x-2-D0-PF-ILMN-NOVASEQ-bwa2a-clair3-DEL_50	DEL_50	I2-HG003-3x-2-D0-PF-ILMN-NOVASEQ			11926.0	0.0	0.0		0.0					HG003	hg38_m_giabHC	-1	-2	bwa2a	clair3	ilmn_all_downsamples_a	ILMN		3	0	3.435401	3	0.0		3.0	0.0
I2-HG003-3x-2-D0-PF-ILMN-NOVASEQ-bwa2a-clair3-DEL_gt50	DEL_gt50	I2-HG003-3x-2-D0-PF-ILMN-NOVASEQ			138.0	0.0	0.0		0.0					HG003	hg38_m_giabHC	-1	-2	bwa2a	clair3	ilmn_all_downsamples_a	ILMN		3	0	3.435401	3	0.0		3.0	0.0
I2-HG003-3x-2-D0-PF-ILMN-NOVASEQ-bwa2a-clair3-Indel_50	Indel_50	I2-HG003-3x-2-D0-PF-ILMN-NOVASEQ			4610.0	0.0	0.0		0.0					HG003	hg38_m_giabHC	-1	-2	bwa2a	clair3	ilmn_all_downsamples_a	ILMN		3	0	3.435401	3	0.0		3.0	0.0
I2-HG003-3x-2-D0-PF-ILMN-NOVASEQ-bwa2a-clair3-Indel_gt50	Indel_gt50	I2-HG003-3x-2-D0-PF-ILMN-NOVASEQ			695.0	0.0	0.0		0.0					HG003	hg38_m_giabHC	-1	-2	bwa2a	clair3	ilmn_all_downsamples_a	ILMN		3	0	3.435401	3	0.0		3.0	0.0
I2-HG003-3x-2-D0-PF-ILMN-NOVASEQ-bwa2a-clair3-All	All	I2-HG003-3x-2-D0-PF-ILMN-NOVASEQ	688815815.0	688751387.0	64428.0	0.0	0.0		0.0	1.0				HG003	hg38_m_giabHC	-1	-2	bwa2a	clair3	ilmn_all_downsamples_a	ILMN		3	0	3.435401	3	0.0		3.0	0.0
I2-HG003-3x-2-D0-PF-ILMN-NOVASEQ-bwa2a-clair3-SNPts	SNPts	I2-HG003-3x-2-D0-PF-ILMN-NOVASEQ			485373.0	0.0	0.0		0.0					HG003	ultima	-1	-2	bwa2a	clair3	ilmn_all_downsamples_a	ILMN		3	0	3.435401	3	0.0		3.0	0.0
I2-HG003-3x-2-D0-PF-ILMN-NOVASEQ-bwa2a-clair3-SNPtv	SNPtv	I2-HG003-3x-2-D0-PF-ILMN-NOVASEQ			253188.0	0.0	0.0		0.0					HG003	ultima	-1	-2	bwa2a	clair3	ilmn_all_downsamples_a	ILMN		3	0	3.435401	3	0.0		3.0	0.0
I2-HG003-3x-2-D0-PF-ILMN-NOVASEQ-bwa2a-clair3-INS_50	INS_50	I2-HG003-3x-2-D0-PF-ILMN-NOVASEQ			48403.0	0.0	0.0		0.0					HG003	ultima	-1	-2	bwa2a	clair3	ilmn_all_downsamples_a	ILMN		3	0	3.435401	3	0.0		3.0	0.0
I2-HG003-3x-2-D0-PF-ILMN-NOVASEQ-bwa2a-clair3-INS_gt50	INS_gt50	I2-HG003-3x-2-D0-PF-ILMN-NOVASEQ			96.0	0.0	0.0		0.0					HG003	ultima	-1	-2	bwa2a	clair3	ilmn_all_downsamples_a	ILMN		3	0	3.435401	3	0.0		3.0	0.0
I2-HG003-3x-2-D0-PF-ILMN-NOVASEQ-bwa2a-clair3-DEL_50	DEL_50	I2-HG003-3x-2-D0-PF-ILMN-NOVASEQ			52236.0	0.0	0.0		0.0					HG003	ultima	-1	-2	bwa2a	clair3	ilmn_all_downsamples_a	ILMN		3	0	3.435401	3	0.0		3.0	0.0
I2-HG003-3x-2-D0-PF-ILMN-NOVASEQ-bwa2a-clair3-DEL_gt50	DEL_gt50	I2-HG003-3x-2-D0-PF-ILMN-NOVASEQ			89.0	0.0	0.0		0.0					HG003	ultima	-1	-2	bwa2a	clair3	ilmn_all_downsamples_a	ILMN		3	0	3.435401	3	0.0		3.0	0.0
I2-HG003-3x-2-D0-PF-ILMN-NOVASEQ-bwa2a-clair3-Indel_50	Indel_50	I2-HG003-3x-2-D0-PF-ILMN-NOVASEQ			7063.0	0.0	0.0		0.0					HG003	ultima	-1	-2	bwa2a	clair3	ilmn_all_downsamples_a	ILMN		3	0	3.435401	3	0.0		3.0	0.0
I2-HG003-3x-2-D0-PF-ILMN-NOVASEQ-bwa2a-clair3-Indel_gt50	Indel_gt50	I2-HG003-3x-2-D0-PF-ILMN-NOVASEQ			456.0	0.0	0.0		0.0					HG003	ultima	-1	-2	bwa2a	clair3	ilmn_all_downsamples_a	ILMN		3	0	3.435401	3	0.0		3.0	0.0
I2-HG003-3x-2-D0-PF-ILMN-NOVASEQ-bwa2a-clair3-All	All	I2-HG003-3x-2-D0-PF-ILMN-NOVASEQ	2799325643.0	2798478739.0	846904.0	0.0	0.0		0.0	1.0				HG003	ultima	-1	-2	bwa2a	clair3	ilmn_all_downsamples_a	ILMN		3	0	3.435401	3	0.0		3.0	0.0
I2-HG003-3x-2-D0-PF-ILMN-NOVASEQ-bwa2a-clair3-SNPts	SNPts	I2-HG003-3x-2-D0-PF-ILMN-NOVASEQ			471721.0	0.0	0.0		0.0					HG003	giabHC_x_ultima	-1	-2	bwa2a	clair3	ilmn_all_downsamples_a	ILMN		3	0	3.435401	3	0.0		3.0	0.0
I2-HG003-3x-2-D0-PF-ILMN-NOVASEQ-bwa2a-clair3-SNPtv	SNPtv	I2-HG003-3x-2-D0-PF-ILMN-NOVASEQ			246111.0	0.0	0.0		0.0					HG003	giabHC_x_ultima	-1	-2	bwa2a	clair3	ilmn_all_downsamples_a	ILMN		3	0	3.435401	3	0.0		3.0	0.0
I2-HG003-3x-2-D0-PF-ILMN-NOVASEQ-bwa2a-clair3-INS_50	INS_50	I2-HG003-3x-2-D0-PF-ILMN-NOVASEQ			44076.0	0.0	0.0		0.0					HG003	giabHC_x_ultima	-1	-2	bwa2a	clair3	ilmn_all_downsamples_a	ILMN		3	0	3.435401	3	0.0		3.0	0.0
I2-HG003-3x-2-D0-PF-ILMN-NOVASEQ-bwa2a-clair3-INS_gt50	INS_gt50	I2-HG003-3x-2-D0-PF-ILMN-NOVASEQ			0.0	0.0	0.0							HG003	giabHC_x_ultima	-1	-2	bwa2a	clair3	ilmn_all_downsamples_a	ILMN		3	0	3.435401	3	0.0		3.0	0.0
I2-HG003-3x-2-D0-PF-ILMN-NOVASEQ-bwa2a-clair3-DEL_50	DEL_50	I2-HG003-3x-2-D0-PF-ILMN-NOVASEQ			47271.0	0.0	0.0		0.0					HG003	giabHC_x_ultima	-1	-2	bwa2a	clair3	ilmn_all_downsamples_a	ILMN		3	0	3.435401	3	0.0		3.0	0.0
I2-HG003-3x-2-D0-PF-ILMN-NOVASEQ-bwa2a-clair3-DEL_gt50	DEL_gt50	I2-HG003-3x-2-D0-PF-ILMN-NOVASEQ			0.0	0.0	0.0							HG003	giabHC_x_ultima	-1	-2	bwa2a	clair3	ilmn_all_downsamples_a	ILMN		3	0	3.435401	3	0.0		3.0	0.0
I2-HG003-3x-2-D0-PF-ILMN-NOVASEQ-bwa2a-clair3-Indel_50	Indel_50	I2-HG003-3x-2-D0-PF-ILMN-NOVASEQ			5453.0	0.0	0.0		0.0					HG003	giabHC_x_ultima	-1	-2	bwa2a	clair3	ilmn_all_downsamples_a	ILMN		3	0	3.435401	3	0.0		3.0	0.0
I2-HG003-3x-2-D0-PF-ILMN-NOVASEQ-bwa2a-clair3-Indel_gt50	Indel_gt50	I2-HG003-3x-2-D0-PF-ILMN-NOVASEQ			167.0	0.0	0.0		0.0					HG003	giabHC_x_ultima	-1	-2	bwa2a	clair3	ilmn_all_downsamples_a	ILMN		3	0	3.435401	3	0.0		3.0	0.0
I2-HG003-3x-2-D0-PF-ILMN-NOVASEQ-bwa2a-clair3-All	All	I2-HG003-3x-2-D0-PF-ILMN-NOVASEQ	2505355380.0	2504540581.0	814799.0	0.0	0.0		0.0	1.0				HG003	giabHC_x_ultima	-1	-2	bwa2a	clair3	ilmn_all_downsamples_a	ILMN		3	0	3.435401	3	0.0		3.0	0.0
I2-HG003-40x-9-D0-PF-ILMN-NOVASEQ-bwa2a-clair3-SNPts	SNPts	I2-HG003-40x-9-D0-PF-ILMN-NOVASEQ	3088286401.0	3085963142.0	15023.0	2308236.0	0.0	0.996756338935916	0.9935336525114075	1.0	0.0	1.0	1.0	HG003	hg38	-1	-2	bwa2a	clair3	ilmn_all_downsamples_a	ILMN		40	0	43.946189	45	0.0		44.0	0.0
I2-HG003-40x-9-D0-PF-ILMN-NOVASEQ-bwa2a-clair3-SNPtv	SNPtv	I2-HG003-40x-9-D0-PF-ILMN-NOVASEQ	3088286401.0	3087178608.0	8212.0	1099581.0	0.0	0.99627974235449	0.9925870627454768	1.0	0.0	1.0	1.0	HG003	hg38	-1	-2	bwa2a	clair3	ilmn_all_downsamples_a	ILMN		40	0	43.946189	45	0.0		44.0	0.0
I2-HG003-40x-9-D0-PF-ILMN-NOVASEQ-bwa2a-clair3-INS_50	INS_50	I2-HG003-40x-9-D0-PF-ILMN-NOVASEQ	3088286401.0	3088031059.0	3527.0	251815.0	0.0	0.9930455460537861	0.9861871529164806	1.0	0.0	1.0	1.0	HG003	hg38	-1	-2	bwa2a	clair3	ilmn_all_downsamples_a	ILMN		40	0	43.946189	45	0.0		44.0	0.0
I2-HG003-40x-9-D0-PF-ILMN-NOVASEQ-bwa2a-clair3-INS_gt50	INS_gt50	I2-HG003-40x-9-D0-PF-ILMN-NOVASEQ	3088286401.0	3088286166.0	235.0	0.0	0.0		0.0	1.0				HG003	hg38	-1	-2	bwa2a	clair3	ilmn_all_downsamples_a	ILMN		40	0	43.946189	45	0.0		44.0	0.0
I2-HG003-40x-9-D0-PF-ILMN-NOVASEQ-bwa2a-clair3-DEL_50	DEL_50	I2-HG003-40x-9-D0-PF-ILMN-NOVASEQ	3088286401.0	3088017168.0	2365.0	266868.0	0.0	0.9955885178352587	0.9912157870691929	1.0	0.0	1.0	1.0	HG003	hg38	-1	-2	bwa2a	clair3	ilmn_all_downsamples_a	ILMN		40	0	43.946189	45	0.0		44.0	0.0
I2-HG003-40x-9-D0-PF-ILMN-NOVASEQ-bwa2a-clair3-DEL_gt50	DEL_gt50	I2-HG003-40x-9-D0-PF-ILMN-NOVASEQ	3088286401.0	3088286263.0	136.0	2.0	0.0	0.02857142857142857	0.014492753623188406	1.0	0.0	1.0	1.0	HG003	hg38	-1	-2	bwa2a	clair3	ilmn_all_downsamples_a	ILMN		40	0	43.946189	45	0.0		44.0	0.0
I2-HG003-40x-9-D0-PF-ILMN-NOVASEQ-bwa2a-clair3-Indel_50	Indel_50	I2-HG003-40x-9-D0-PF-ILMN-NOVASEQ	3088286401.0	3088244172.0	262.0	41967.0	0.0	0.9968882132167798	0.9937957327902626	1.0	0.0	1.0	1.0	HG003	hg38	-1	-2	bwa2a	clair3	ilmn_all_downsamples_a	ILMN		40	0	43.946189	45	0.0		44.0	0.0
I2-HG003-40x-9-D0-PF-ILMN-NOVASEQ-bwa2a-clair3-Indel_gt50	Indel_gt50	I2-HG003-40x-9-D0-PF-ILMN-NOVASEQ	3088286401.0	3088284833.0	84.0	1484.0	0.0	0.9724770642201834	0.9464285714285714	1.0	0.0	1.0	1.0	HG003	hg38	-1	-2	bwa2a	clair3	ilmn_all_downsamples_a	ILMN		40	0	43.946189	45	0.0		44.0	0.0
I2-HG003-40x-9-D0-PF-ILMN-NOVASEQ-bwa2a-clair3-All	All	I2-HG003-40x-9-D0-PF-ILMN-NOVASEQ	3088286401.0	3084286604.0	29844.0	3969953.0	0.0	0.9962553405062894	0.9925386213350328	1.0	0.0	1.0	1.0	HG003	hg38	-1	-2	bwa2a	clair3	ilmn_all_downsamples_a	ILMN		40	0	43.946189	45	0.0		44.0	0.0
I2-HG003-40x-9-D0-PF-ILMN-NOVASEQ-bwa2a-clair3-SNPts	SNPts	I2-HG003-40x-9-D0-PF-ILMN-NOVASEQ	337668665.0	337403088.0	1827.0	263750.0	919.0	0.994821271636184	0.9931206392119799	0.9999972762623415	0.003472261579557863	0.9965277384204422	0.9965277384204422	HG003	giabHC_x_clinvar_genes	-1	-2	bwa2a	clair3	ilmn_all_downsamples_a	ILMN		40	0	43.946189	45	0.0		44.0	0.0
I2-HG003-40x-9-D0-PF-ILMN-NOVASEQ-bwa2a-clair3-SNPtv	SNPtv	I2-HG003-40x-9-D0-PF-ILMN-NOVASEQ	337668665.0	337548349.0	901.0	119415.0	391.0	0.9946194018040829	0.9925113866817381	0.9999988416487645	0.003263609502028279	0.9967363904979717	0.9967363904979717	HG003	giabHC_x_clinvar_genes	-1	-2	bwa2a	clair3	ilmn_all_downsamples_a	ILMN		40	0	43.946189	45	0.0		44.0	0.0
I2-HG003-40x-9-D0-PF-ILMN-NOVASEQ-bwa2a-clair3-INS_50	INS_50	I2-HG003-40x-9-D0-PF-ILMN-NOVASEQ	337668665.0	337642409.0	213.0	26043.0	41.0	0.9951471150171953	0.9918875685557587	0.999999878569771	0.0015718448090783622	0.9984281551909217	0.9984281551909217	HG003	giabHC_x_clinvar_genes	-1	-2	bwa2a	clair3	ilmn_all_downsamples_a	ILMN		40	0	43.946189	45	0.0		44.0	0.0
I2-HG003-40x-9-D0-PF-ILMN-NOVASEQ-bwa2a-clair3-INS_gt50	INS_gt50	I2-HG003-40x-9-D0-PF-ILMN-NOVASEQ	337668665.0	337668665.0	0.0	0.0	0.0			1.0				HG003	giabHC_x_clinvar_genes	-1	-2	bwa2a	clair3	ilmn_all_downsamples_a	ILMN		40	0	43.946189	45	0.0		44.0	0.0
I2-HG003-40x-9-D0-PF-ILMN-NOVASEQ-bwa2a-clair3-DEL_50	DEL_50	I2-HG003-40x-9-D0-PF-ILMN-NOVASEQ	337668665.0	337640753.0	136.0	27776.0	60.0	0.9964841788046208	0.9951275437087991	0.9999998222963644	0.0021554821094984912	0.9978445178905015	0.9978445178905015	HG003	giabHC_x_clinvar_genes	-1	-2	bwa2a	clair3	ilmn_all_downsamples_a	ILMN		40	0	43.946189	45	0.0		44.0	0.0
I2-HG003-40x-9-D0-PF-ILMN-NOVASEQ-bwa2a-clair3-DEL_gt50	DEL_gt50	I2-HG003-40x-9-D0-PF-ILMN-NOVASEQ	337668665.0	337668665.0	0.0	0.0	0.0			1.0				HG003	giabHC_x_clinvar_genes	-1	-2	bwa2a	clair3	ilmn_all_downsamples_a	ILMN		40	0	43.946189	45	0.0		44.0	0.0
I2-HG003-40x-9-D0-PF-ILMN-NOVASEQ-bwa2a-clair3-Indel_50	Indel_50	I2-HG003-40x-9-D0-PF-ILMN-NOVASEQ	337668665.0	337665452.0	6.0	3207.0	2.0	0.9987542821550919	0.9981325863678805	0.9999999940769777	0.0006232471174820816	0.9993767528825179	0.9993767528825179	HG003	giabHC_x_clinvar_genes	-1	-2	bwa2a	clair3	ilmn_all_downsamples_a	ILMN		40	0	43.946189	45	0.0		44.0	0.0
I2-HG003-40x-9-D0-PF-ILMN-NOVASEQ-bwa2a-clair3-Indel_gt50	Indel_gt50	I2-HG003-40x-9-D0-PF-ILMN-NOVASEQ	337668665.0	337668621.0	0.0	44.0	0.0	1.0	1.0	1.0	0.0	1.0	1.0	HG003	giabHC_x_clinvar_genes	-1	-2	bwa2a	clair3	ilmn_all_downsamples_a	ILMN		40	0	43.946189	45	0.0		44.0	0.0
I2-HG003-40x-9-D0-PF-ILMN-NOVASEQ-bwa2a-clair3-All	All	I2-HG003-40x-9-D0-PF-ILMN-NOVASEQ	337668665.0	337225347.0	3083.0	440235.0	1413.0	0.9949195788312771	0.9930456241343686	0.9999958099410616	0.0031993805021193348	0.9968006194978807	0.9968006194978807	HG003	giabHC_x_clinvar_genes	-1	-2	bwa2a	clair3	ilmn_all_downsamples_a	ILMN		40	0	43.946189	45	0.0		44.0	0.0
I2-HG003-40x-9-D0-PF-ILMN-NOVASEQ-bwa2a-clair3-SNPts	SNPts	I2-HG003-40x-9-D0-PF-ILMN-NOVASEQ	2799325643.0	2797071099.0	3971.0	2250573.0	165375.0	0.9637412932085099	0.9982386682184956	0.9999408791492829	0.06845139051006065	0.9315486094899393	0.9315486094899393	HG003	ultima	-1	-2	bwa2a	clair3	ilmn_all_downsamples_a	ILMN		40	0	43.946189	45	0.0		44.0	0.0
I2-HG003-40x-9-D0-PF-ILMN-NOVASEQ-bwa2a-clair3-SNPtv	SNPtv	I2-HG003-40x-9-D0-PF-ILMN-NOVASEQ	2799325643.0	2798266356.0	2225.0	1057062.0	92991.0	0.9569029664967817	0.9978995305332738	0.999966769457218	0.08085801263072223	0.9191419873692778	0.9191419873692778	HG003	ultima	-1	-2	bwa2a	clair3	ilmn_all_downsamples_a	ILMN		40	0	43.946189	45	0.0		44.0	0.0
I2-HG003-40x-9-D0-PF-ILMN-NOVASEQ-bwa2a-clair3-INS_50	INS_50	I2-HG003-40x-9-D0-PF-ILMN-NOVASEQ	2799325643.0	2799161713.0	889.0	163041.0	26421.0	0.9227203785031919	0.9945769535777466	0.9999905611917688	0.139452766253919	0.860547233746081	0.860547233746081	HG003	ultima	-1	-2	bwa2a	clair3	ilmn_all_downsamples_a	ILMN		40	0	43.946189	45	0.0		44.0	0.0
I2-HG003-40x-9-D0-PF-ILMN-NOVASEQ-bwa2a-clair3-INS_gt50	INS_gt50	I2-HG003-40x-9-D0-PF-ILMN-NOVASEQ	2799325643.0	2799325547.0	96.0	0.0	0.0		0.0	1.0				HG003	ultima	-1	-2	bwa2a	clair3	ilmn_all_downsamples_a	ILMN		40	0	43.946189	45	0.0		44.0	0.0
I2-HG003-40x-9-D0-PF-ILMN-NOVASEQ-bwa2a-clair3-DEL_50	DEL_50	I2-HG003-40x-9-D0-PF-ILMN-NOVASEQ	2799325643.0	2799148603.0	800.0	176240.0	34884.0	0.9080697849362639	0.9954812471757795	0.9999875377944454	0.1652299122790398	0.8347700877209602	0.8347700877209602	HG003	ultima	-1	-2	bwa2a	clair3	ilmn_all_downsamples_a	ILMN		40	0	43.946189	45	0.0		44.0	0.0
I2-HG003-40x-9-D0-PF-ILMN-NOVASEQ-bwa2a-clair3-DEL_gt50	DEL_gt50	I2-HG003-40x-9-D0-PF-ILMN-NOVASEQ	2799325643.0	2799325554.0	88.0	1.0	25.0	0.017391304347826087	0.011235955056179775	0.9999999910692775	0.9615384615384616	0.038461538461538436	0.038461538461538464	HG003	ultima	-1	-2	bwa2a	clair3	ilmn_all_downsamples_a	ILMN		40	0	43.946189	45	0.0		44.0	0.0
I2-HG003-40x-9-D0-PF-ILMN-NOVASEQ-bwa2a-clair3-Indel_50	Indel_50	I2-HG003-40x-9-D0-PF-ILMN-NOVASEQ	2799325643.0	2799307994.0	25.0	17624.0	2798.0	0.9258490714717239	0.9985834891495269	0.9999990004682553	0.13700910782489473	0.8629908921751053	0.8629908921751053	HG003	ultima	-1	-2	bwa2a	clair3	ilmn_all_downsamples_a	ILMN		40	0	43.946189	45	0.0		44.0	0.0
I2-HG003-40x-9-D0-PF-ILMN-NOVASEQ-bwa2a-clair3-Indel_gt50	Indel_gt50	I2-HG003-40x-9-D0-PF-ILMN-NOVASEQ	2799325643.0	2799324697.0	20.0	926.0	414.0	0.8101487314085739	0.9788583509513742	0.9999998521072103	0.30895522388059704	0.691044776119403	0.691044776119403	HG003	ultima	-1	-2	bwa2a	clair3	ilmn_all_downsamples_a	ILMN		40	0	43.946189	45	0.0		44.0	0.0
I2-HG003-40x-9-D0-PF-ILMN-NOVASEQ-bwa2a-clair3-All	All	I2-HG003-40x-9-D0-PF-ILMN-NOVASEQ	2799325643.0	2795652062.0	8114.0	3665467.0	322908.0	0.9567966717637115	0.9977912559978942	0.999884509695736	0.08096229667471087	0.9190377033252891	0.9190377033252891	HG003	ultima	-1	-2	bwa2a	clair3	ilmn_all_downsamples_a	ILMN		40	0	43.946189	45	0.0		44.0	0.0
I2-HG003-40x-9-D0-PF-ILMN-NOVASEQ-bwa2a-clair3-SNPts	SNPts	I2-HG003-40x-9-D0-PF-ILMN-NOVASEQ	377862616.0	377589309.0	2365.0	270942.0	36699.0	0.9327581814551389	0.9913467273066552	0.9999028165454112	0.1192916418812837	0.8807083581187163	0.8807083581187163	HG003	clinvar_genes	-1	-2	bwa2a	clair3	ilmn_all_downsamples_a	ILMN		40	0	43.946189	45	0.0		44.0	0.0
I2-HG003-40x-9-D0-PF-ILMN-NOVASEQ-bwa2a-clair3-SNPtv	SNPtv	I2-HG003-40x-9-D0-PF-ILMN-NOVASEQ	377862616.0	377738175.0	1172.0	123269.0	21913.0	0.9143804497390801	0.990581882177096	0.9999419922837375	0.1509346888732763	0.8490653111267237	0.8490653111267237	HG003	clinvar_genes	-1	-2	bwa2a	clair3	ilmn_all_downsamples_a	ILMN		40	0	43.946189	45	0.0		44.0	0.0
I2-HG003-40x-9-D0-PF-ILMN-NOVASEQ-bwa2a-clair3-INS_50	INS_50	I2-HG003-40x-9-D0-PF-ILMN-NOVASEQ	377862616.0	377833566.0	446.0	28604.0	17461.0	0.7616055381747987	0.9846471600688468	0.9999537886660289	0.37905134049712363	0.6209486595028764	0.6209486595028764	HG003	clinvar_genes	-1	-2	bwa2a	clair3	ilmn_all_downsamples_a	ILMN		40	0	43.946189	45	0.0		44.0	0.0
I2-HG003-40x-9-D0-PF-ILMN-NOVASEQ-bwa2a-clair3-INS_gt50	INS_gt50	I2-HG003-40x-9-D0-PF-ILMN-NOVASEQ	377862616.0	377862586.0	30.0	0.0	0.0		0.0	1.0				HG003	clinvar_genes	-1	-2	bwa2a	clair3	ilmn_all_downsamples_a	ILMN		40	0	43.946189	45	0.0		44.0	0.0
I2-HG003-40x-9-D0-PF-ILMN-NOVASEQ-bwa2a-clair3-DEL_50	DEL_50	I2-HG003-40x-9-D0-PF-ILMN-NOVASEQ	377862616.0	377831898.0	311.0	30407.0	17437.0	0.7740892543468852	0.9898756429455042	0.9999538519764762	0.3644553131009113	0.6355446868990887	0.6355446868990887	HG003	clinvar_genes	-1	-2	bwa2a	clair3	ilmn_all_downsamples_a	ILMN		40	0	43.946189	45	0.0		44.0	0.0
I2-HG003-40x-9-D0-PF-ILMN-NOVASEQ-bwa2a-clair3-DEL_gt50	DEL_gt50	I2-HG003-40x-9-D0-PF-ILMN-NOVASEQ	377862616.0	377862598.0	18.0	0.0	6.0		0.0	0.9999999841212125	1.0	0.0	0.0	HG003	clinvar_genes	-1	-2	bwa2a	clair3	ilmn_all_downsamples_a	ILMN		40	0	43.946189	45	0.0		44.0	0.0
I2-HG003-40x-9-D0-PF-ILMN-NOVASEQ-bwa2a-clair3-Indel_50	Indel_50	I2-HG003-40x-9-D0-PF-ILMN-NOVASEQ	377862616.0	377858459.0	30.0	4127.0	4713.0	0.6350696314534122	0.9927832571566033	0.9999875272311534	0.5331447963800905	0.4668552036199095	0.4668552036199095	HG003	clinvar_genes	-1	-2	bwa2a	clair3	ilmn_all_downsamples_a	ILMN		40	0	43.946189	45	0.0		44.0	0.0
I2-HG003-40x-9-D0-PF-ILMN-NOVASEQ-bwa2a-clair3-Indel_gt50	Indel_gt50	I2-HG003-40x-9-D0-PF-ILMN-NOVASEQ	377862616.0	377862444.0	12.0	160.0	192.0	0.6106870229007634	0.9302325581395349	0.9999994918788424	0.5454545454545454	0.4545454545454546	0.45454545454545453	HG003	clinvar_genes	-1	-2	bwa2a	clair3	ilmn_all_downsamples_a	ILMN		40	0	43.946189	45	0.0		44.0	0.0
I2-HG003-40x-9-D0-PF-ILMN-NOVASEQ-bwa2a-clair3-All	All	I2-HG003-40x-9-D0-PF-ILMN-NOVASEQ	377862616.0	377400723.0	4384.0	457509.0	98421.0	0.8989952084006747	0.9905086242917732	0.9997392815280132	0.17703847606713075	0.8229615239328693	0.8229615239328693	HG003	clinvar_genes	-1	-2	bwa2a	clair3	ilmn_all_downsamples_a	ILMN		40	0	43.946189	45	0.0		44.0	0.0
I2-HG003-40x-9-D0-PF-ILMN-NOVASEQ-bwa2a-clair3-SNPts	SNPts	I2-HG003-40x-9-D0-PF-ILMN-NOVASEQ	2505355380.0	2503152095.0	3126.0	2200159.0	3306.0	0.998540420945141	0.9985812094213867	0.9999986792669769	0.0015003641991136686	0.9984996358008863	0.9984996358008863	HG003	giabHC_x_ultima	-1	-2	bwa2a	clair3	ilmn_all_downsamples_a	ILMN		40	0	43.946189	45	0.0		44.0	0.0
I2-HG003-40x-9-D0-PF-ILMN-NOVASEQ-bwa2a-clair3-SNPtv	SNPtv	I2-HG003-40x-9-D0-PF-ILMN-NOVASEQ	2505355380.0	2504320612.0	1748.0	1033020.0	1059.0	0.9986432056116281	0.998310732454038	0.9999995771310003	0.0010240997061152968	0.9989759002938847	0.9989759002938847	HG003	giabHC_x_ultima	-1	-2	bwa2a	clair3	ilmn_all_downsamples_a	ILMN		40	0	43.946189	45	0.0		44.0	0.0
I2-HG003-40x-9-D0-PF-ILMN-NOVASEQ-bwa2a-clair3-INS_50	INS_50	I2-HG003-40x-9-D0-PF-ILMN-NOVASEQ	2505355380.0	2505201731.0	508.0	153141.0	148.0	0.9978627605575067	0.996693763057358	0.9999999409229248	0.0009654965457403989	0.9990345034542596	0.9990345034542596	HG003	giabHC_x_ultima	-1	-2	bwa2a	clair3	ilmn_all_downsamples_a	ILMN		40	0	43.946189	45	0.0		44.0	0.0
I2-HG003-40x-9-D0-PF-ILMN-NOVASEQ-bwa2a-clair3-INS_gt50	INS_gt50	I2-HG003-40x-9-D0-PF-ILMN-NOVASEQ	2505355380.0	2505355380.0	0.0	0.0	0.0			1.0				HG003	giabHC_x_ultima	-1	-2	bwa2a	clair3	ilmn_all_downsamples_a	ILMN		40	0	43.946189	45	0.0		44.0	0.0
I2-HG003-40x-9-D0-PF-ILMN-NOVASEQ-bwa2a-clair3-DEL_50	DEL_50	I2-HG003-40x-9-D0-PF-ILMN-NOVASEQ	2505355380.0	2505190143.0	282.0	164955.0	235.0	0.9984353578854028	0.998293360445905	0.9999999061947539	0.001422604273866457	0.9985773957261336	0.9985773957261336	HG003	giabHC_x_ultima	-1	-2	bwa2a	clair3	ilmn_all_downsamples_a	ILMN		40	0	43.946189	45	0.0		44.0	0.0
I2-HG003-40x-9-D0-PF-ILMN-NOVASEQ-bwa2a-clair3-DEL_gt50	DEL_gt50	I2-HG003-40x-9-D0-PF-ILMN-NOVASEQ	2505355380.0	2505355380.0	0.0	0.0	0.0			1.0				HG003	giabHC_x_ultima	-1	-2	bwa2a	clair3	ilmn_all_downsamples_a	ILMN		40	0	43.946189	45	0.0		44.0	0.0
I2-HG003-40x-9-D0-PF-ILMN-NOVASEQ-bwa2a-clair3-Indel_50	Indel_50	I2-HG003-40x-9-D0-PF-ILMN-NOVASEQ	2505355380.0	2505341352.0	11.0	14017.0	1.0	0.9995721314982529	0.9992158540062732	0.9999999996008528	7.133685261806249e-05	0.9999286631473819	0.9999286631473819	HG003	giabHC_x_ultima	-1	-2	bwa2a	clair3	ilmn_all_downsamples_a	ILMN		40	0	43.946189	45	0.0		44.0	0.0
I2-HG003-40x-9-D0-PF-ILMN-NOVASEQ-bwa2a-clair3-Indel_gt50	Indel_gt50	I2-HG003-40x-9-D0-PF-ILMN-NOVASEQ	2505355380.0	2505355011.0	2.0	367.0	0.0	0.9972826086956521	0.994579945799458	1.0	0.0	1.0	1.0	HG003	giabHC_x_ultima	-1	-2	bwa2a	clair3	ilmn_all_downsamples_a	ILMN		40	0	43.946189	45	0.0		44.0	0.0
I2-HG003-40x-9-D0-PF-ILMN-NOVASEQ-bwa2a-clair3-All	All	I2-HG003-40x-9-D0-PF-ILMN-NOVASEQ	2505355380.0	2501784044.0	5677.0	3565659.0	4749.0	0.998540132494248	0.9984103987975368	0.9999981017582247	0.0013301000894015474	0.9986698999105984	0.9986698999105984	HG003	giabHC_x_ultima	-1	-2	bwa2a	clair3	ilmn_all_downsamples_a	ILMN		40	0	43.946189	45	0.0		44.0	0.0
I2-HG003-40x-9-D0-PF-ILMN-NOVASEQ-bwa2a-clair3-SNPts	SNPts	I2-HG003-40x-9-D0-PF-ILMN-NOVASEQ	332544085.0	332287234.0	488.0	256363.0	448.0	0.9981777900642834	0.9981000657969017	0.9999986517706666	0.001744473562269529	0.9982555264377305	0.9982555264377305	HG003	giabHC_x_ultima_x_clinvar	-1	-2	bwa2a	clair3	ilmn_all_downsamples_a	ILMN		40	0	43.946189	45	0.0		44.0	0.0
I2-HG003-40x-9-D0-PF-ILMN-NOVASEQ-bwa2a-clair3-SNPtv	SNPtv	I2-HG003-40x-9-D0-PF-ILMN-NOVASEQ	332544085.0	332429427.0	278.0	114380.0	185.0	0.9979801328836985	0.9975753981405572	0.9999994434912134	0.0016148038231571598	0.9983851961768428	0.9983851961768428	HG003	giabHC_x_ultima_x_clinvar	-1	-2	bwa2a	clair3	ilmn_all_downsamples_a	ILMN		40	0	43.946189	45	0.0		44.0	0.0
I2-HG003-40x-9-D0-PF-ILMN-NOVASEQ-bwa2a-clair3-INS_50	INS_50	I2-HG003-40x-9-D0-PF-ILMN-NOVASEQ	332544085.0	332526589.0	75.0	17421.0	14.0	0.9974521198935045	0.995713305898491	0.9999999578981054	0.000802982506452538	0.9991970174935475	0.9991970174935475	HG003	giabHC_x_ultima_x_clinvar	-1	-2	bwa2a	clair3	ilmn_all_downsamples_a	ILMN		40	0	43.946189	45	0.0		44.0	0.0
I2-HG003-40x-9-D0-PF-ILMN-NOVASEQ-bwa2a-clair3-INS_gt50	INS_gt50	I2-HG003-40x-9-D0-PF-ILMN-NOVASEQ	332544085.0	332544085.0	0.0	0.0	0.0			1.0				HG003	giabHC_x_ultima_x_clinvar	-1	-2	bwa2a	clair3	ilmn_all_downsamples_a	ILMN		40	0	43.946189	45	0.0		44.0	0.0
I2-HG003-40x-9-D0-PF-ILMN-NOVASEQ-bwa2a-clair3-DEL_50	DEL_50	I2-HG003-40x-9-D0-PF-ILMN-NOVASEQ	332544085.0	332525171.0	47.0	18867.0	27.0	0.9980427422767668	0.9975150682034472	0.9999999188031459	0.0014290250873293109	0.9985709749126707	0.9985709749126707	HG003	giabHC_x_ultima_x_clinvar	-1	-2	bwa2a	clair3	ilmn_all_downsamples_a	ILMN		40	0	43.946189	45	0.0		44.0	0.0
I2-HG003-40x-9-D0-PF-ILMN-NOVASEQ-bwa2a-clair3-DEL_gt50	DEL_gt50	I2-HG003-40x-9-D0-PF-ILMN-NOVASEQ	332544085.0	332544085.0	0.0	0.0	0.0			1.0				HG003	giabHC_x_ultima_x_clinvar	-1	-2	bwa2a	clair3	ilmn_all_downsamples_a	ILMN		40	0	43.946189	45	0.0		44.0	0.0
I2-HG003-40x-9-D0-PF-ILMN-NOVASEQ-bwa2a-clair3-Indel_50	Indel_50	I2-HG003-40x-9-D0-PF-ILMN-NOVASEQ	332544085.0	332542785.0	1.0	1299.0	0.0	0.9996152366294729	0.9992307692307693	1.0	0.0	1.0	1.0	HG003	giabHC_x_ultima_x_clinvar	-1	-2	bwa2a	clair3	ilmn_all_downsamples_a	ILMN		40	0	43.946189	45	0.0		44.0	0.0
I2-HG003-40x-9-D0-PF-ILMN-NOVASEQ-bwa2a-clair3-Indel_gt50	Indel_gt50	I2-HG003-40x-9-D0-PF-ILMN-NOVASEQ	332544085.0	332544054.0	0.0	31.0	0.0	1.0	1.0	1.0	0.0	1.0	1.0	HG003	giabHC_x_ultima_x_clinvar	-1	-2	bwa2a	clair3	ilmn_all_downsamples_a	ILMN		40	0	43.946189	45	0.0		44.0	0.0
I2-HG003-40x-9-D0-PF-ILMN-NOVASEQ-bwa2a-clair3-All	All	I2-HG003-40x-9-D0-PF-ILMN-NOVASEQ	332544085.0	332134835.0	889.0	408361.0	674.0	0.9980899075505478	0.9978277336591326	0.9999979707077933	0.0016477807522583643	0.9983522192477416	0.9983522192477416	HG003	giabHC_x_ultima_x_clinvar	-1	-2	bwa2a	clair3	ilmn_all_downsamples_a	ILMN		40	0	43.946189	45	0.0		44.0	0.0
I2-HG003-40x-9-D0-PF-ILMN-NOVASEQ-bwa2a-clair3-SNPts	SNPts	I2-HG003-40x-9-D0-PF-ILMN-NOVASEQ	2528531102.0	2526276106.0	11665.0	2243331.0	5572.0	0.9961728715497395	0.9948270418218037	0.9999977943868855	0.002477652437655159	0.9975223475623448	0.9975223475623448	HG003	giabHC	-1	-2	bwa2a	clair3	ilmn_all_downsamples_a	ILMN		40	0	43.946189	45	0.0		44.0	0.0
I2-HG003-40x-9-D0-PF-ILMN-NOVASEQ-bwa2a-clair3-SNPtv	SNPtv	I2-HG003-40x-9-D0-PF-ILMN-NOVASEQ	2528531102.0	2527458840.0	6320.0	1065942.0	2066.0	0.9960818027632028	0.9941059181431404	0.9999991825788501	0.0019344424386334184	0.9980655575613666	0.9980655575613666	HG003	giabHC	-1	-2	bwa2a	clair3	ilmn_all_downsamples_a	ILMN		40	0	43.946189	45	0.0		44.0	0.0
I2-HG003-40x-9-D0-PF-ILMN-NOVASEQ-bwa2a-clair3-INS_50	INS_50	I2-HG003-40x-9-D0-PF-ILMN-NOVASEQ	2528531102.0	2528302578.0	1391.0	227133.0	373.0	0.9961318334320111	0.993913111970734	0.9999998524702114	0.0016395171995463855	0.9983604828004536	0.9983604828004536	HG003	giabHC	-1	-2	bwa2a	clair3	ilmn_all_downsamples_a	ILMN		40	0	43.946189	45	0.0		44.0	0.0
I2-HG003-40x-9-D0-PF-ILMN-NOVASEQ-bwa2a-clair3-INS_gt50	INS_gt50	I2-HG003-40x-9-D0-PF-ILMN-NOVASEQ	2528531102.0	2528531101.0	1.0	0.0	0.0		0.0	1.0				HG003	giabHC	-1	-2	bwa2a	clair3	ilmn_all_downsamples_a	ILMN		40	0	43.946189	45	0.0		44.0	0.0
I2-HG003-40x-9-D0-PF-ILMN-NOVASEQ-bwa2a-clair3-DEL_50	DEL_50	I2-HG003-40x-9-D0-PF-ILMN-NOVASEQ	2528531102.0	2528288470.0	860.0	241772.0	451.0	0.9972960988336719	0.9964555376042732	0.9999998216184882	0.0018619206268603724	0.9981380793731396	0.9981380793731396	HG003	giabHC	-1	-2	bwa2a	clair3	ilmn_all_downsamples_a	ILMN		40	0	43.946189	45	0.0		44.0	0.0
I2-HG003-40x-9-D0-PF-ILMN-NOVASEQ-bwa2a-clair3-DEL_gt50	DEL_gt50	I2-HG003-40x-9-D0-PF-ILMN-NOVASEQ	2528531102.0	2528531102.0	0.0	0.0	0.0			1.0				HG003	giabHC	-1	-2	bwa2a	clair3	ilmn_all_downsamples_a	ILMN		40	0	43.946189	45	0.0		44.0	0.0
I2-HG003-40x-9-D0-PF-ILMN-NOVASEQ-bwa2a-clair3-Indel_50	Indel_50	I2-HG003-40x-9-D0-PF-ILMN-NOVASEQ	2528531102.0	2528498649.0	73.0	32380.0	12.0	0.9986891818952887	0.9977505931655009	0.9999999952541007	0.0003704618424302297	0.9996295381575697	0.9996295381575697	HG003	giabHC	-1	-2	bwa2a	clair3	ilmn_all_downsamples_a	ILMN		40	0	43.946189	45	0.0		44.0	0.0
I2-HG003-40x-9-D0-PF-ILMN-NOVASEQ-bwa2a-clair3-Indel_gt50	Indel_gt50	I2-HG003-40x-9-D0-PF-ILMN-NOVASEQ	2528531102.0	2528530634.0	8.0	460.0	1.0	0.9903121636167922	0.9829059829059829	0.9999999996045134	0.0021691973969631237	0.9978308026030369	0.9978308026030369	HG003	giabHC	-1	-2	bwa2a	clair3	ilmn_all_downsamples_a	ILMN		40	0	43.946189	45	0.0		44.0	0.0
I2-HG003-40x-9-D0-PF-ILMN-NOVASEQ-bwa2a-clair3-All	All	I2-HG003-40x-9-D0-PF-ILMN-NOVASEQ	2528531102.0	2524699766.0	20318.0	3811018.0	8475.0	0.9962366169731411	0.9946968890225237	0.9999966431764818	0.0022188808828815763	0.9977811191171184	0.9977811191171184	HG003	giabHC	-1	-2	bwa2a	clair3	ilmn_all_downsamples_a	ILMN		40	0	43.946189	45	0.0		44.0	0.0
I2-HG003-40x-9-D0-PF-ILMN-NOVASEQ-bwa2a-clair3-SNPts	SNPts	I2-HG003-40x-9-D0-PF-ILMN-NOVASEQ	688815815.0	688747517.0	3358.0	64940.0	0.0	0.974796979840586	0.9508331137075756	1.0	0.0	1.0	1.0	HG003	hg38_m_giabHC	-1	-2	bwa2a	clair3	ilmn_all_downsamples_a	ILMN		40	0	43.946189	45	0.0		44.0	0.0
I2-HG003-40x-9-D0-PF-ILMN-NOVASEQ-bwa2a-clair3-SNPtv	SNPtv	I2-HG003-40x-9-D0-PF-ILMN-NOVASEQ	688815815.0	688780266.0	1892.0	33657.0	0.0	0.9726613299424904	0.9467776871360657	1.0	0.0	1.0	1.0	HG003	hg38_m_giabHC	-1	-2	bwa2a	clair3	ilmn_all_downsamples_a	ILMN		40	0	43.946189	45	0.0		44.0	0.0
I2-HG003-40x-9-D0-PF-ILMN-NOVASEQ-bwa2a-clair3-INS_50	INS_50	I2-HG003-40x-9-D0-PF-ILMN-NOVASEQ	688815815.0	688789067.0	2132.0	24616.0	0.0	0.958492329257846	0.9202931060266188	1.0	0.0	1.0	1.0	HG003	hg38_m_giabHC	-1	-2	bwa2a	clair3	ilmn_all_downsamples_a	ILMN		40	0	43.946189	45	0.0		44.0	0.0
I2-HG003-40x-9-D0-PF-ILMN-NOVASEQ-bwa2a-clair3-INS_gt50	INS_gt50	I2-HG003-40x-9-D0-PF-ILMN-NOVASEQ	688815815.0	688815581.0	234.0	0.0	0.0		0.0	1.0				HG003	hg38_m_giabHC	-1	-2	bwa2a	clair3	ilmn_all_downsamples_a	ILMN		40	0	43.946189	45	0.0		44.0	0.0
I2-HG003-40x-9-D0-PF-ILMN-NOVASEQ-bwa2a-clair3-DEL_50	DEL_50	I2-HG003-40x-9-D0-PF-ILMN-NOVASEQ	688815815.0	688789017.0	1512.0	25286.0	0.0	0.9709699715843638	0.94357787894619	1.0	0.0	1.0	1.0	HG003	hg38_m_giabHC	-1	-2	bwa2a	clair3	ilmn_all_downsamples_a	ILMN		40	0	43.946189	45	0.0		44.0	0.0
I2-HG003-40x-9-D0-PF-ILMN-NOVASEQ-bwa2a-clair3-DEL_gt50	DEL_gt50	I2-HG003-40x-9-D0-PF-ILMN-NOVASEQ	688815815.0	688815677.0	136.0	2.0	0.0	0.02857142857142857	0.014492753623188406	1.0	0.0	1.0	1.0	HG003	hg38_m_giabHC	-1	-2	bwa2a	clair3	ilmn_all_downsamples_a	ILMN		40	0	43.946189	45	0.0		44.0	0.0
I2-HG003-40x-9-D0-PF-ILMN-NOVASEQ-bwa2a-clair3-Indel_50	Indel_50	I2-HG003-40x-9-D0-PF-ILMN-NOVASEQ	688815815.0	688806038.0	190.0	9587.0	0.0	0.9901879776905598	0.9805666359824077	1.0	0.0	1.0	1.0	HG003	hg38_m_giabHC	-1	-2	bwa2a	clair3	ilmn_all_downsamples_a	ILMN		40	0	43.946189	45	0.0		44.0	0.0
I2-HG003-40x-9-D0-PF-ILMN-NOVASEQ-bwa2a-clair3-Indel_gt50	Indel_gt50	I2-HG003-40x-9-D0-PF-ILMN-NOVASEQ	688815815.0	688814713.0	78.0	1024.0	0.0	0.9633113828786454	0.9292196007259528	1.0	0.0	1.0	1.0	HG003	hg38_m_giabHC	-1	-2	bwa2a	clair3	ilmn_all_downsamples_a	ILMN		40	0	43.946189	45	0.0		44.0	0.0
I2-HG003-40x-9-D0-PF-ILMN-NOVASEQ-bwa2a-clair3-All	All	I2-HG003-40x-9-D0-PF-ILMN-NOVASEQ	688815815.0	688647171.0	9532.0	159112.0	0.0	0.9709173897655572	0.9434785702426413	1.0	0.0	1.0	1.0	HG003	hg38_m_giabHC	-1	-2	bwa2a	clair3	ilmn_all_downsamples_a	ILMN		40	0	43.946189	45	0.0		44.0	0.0
I2-HG003-40x-9-D0-PF-ILMN-NOVASEQ-sent-clair3-SNPts	SNPts	I2-HG003-40x-9-D0-PF-ILMN-NOVASEQ	332544085.0	332287236.0	481.0	256368.0	449.0	0.9981894849960868	0.9981273043694934	0.9999986487612383	0.0017483266294676754	0.9982516733705323	0.9982516733705323	HG003	giabHC_x_ultima_x_clinvar	-1	-2	sent	clair3	ilmn_all_downsamples_a	ILMN		40	0	43.94579	45	0.0		44.0	0.0
I2-HG003-40x-9-D0-PF-ILMN-NOVASEQ-sent-clair3-SNPtv	SNPtv	I2-HG003-40x-9-D0-PF-ILMN-NOVASEQ	332544085.0	332429426.0	280.0	114379.0	190.0	0.9979496396600764	0.9975579762600406	0.9999994284504423	0.0016583892676029293	0.998341610732397	0.998341610732397	HG003	giabHC_x_ultima_x_clinvar	-1	-2	sent	clair3	ilmn_all_downsamples_a	ILMN		40	0	43.94579	45	0.0		44.0	0.0
I2-HG003-40x-9-D0-PF-ILMN-NOVASEQ-sent-clair3-INS_50	INS_50	I2-HG003-40x-9-D0-PF-ILMN-NOVASEQ	332544085.0	332526588.0	75.0	17422.0	21.0	0.997252432741843	0.995713550894439	0.9999999368471592	0.001203921343805538	0.9987960786561945	0.9987960786561945	HG003	giabHC_x_ultima_x_clinvar	-1	-2	sent	clair3	ilmn_all_downsamples_a	ILMN		40	0	43.94579	45	0.0		44.0	0.0
I2-HG003-40x-9-D0-PF-ILMN-NOVASEQ-sent-clair3-INS_gt50	INS_gt50	I2-HG003-40x-9-D0-PF-ILMN-NOVASEQ	332544085.0	332544085.0	0.0	0.0	0.0			1.0				HG003	giabHC_x_ultima_x_clinvar	-1	-2	sent	clair3	ilmn_all_downsamples_a	ILMN		40	0	43.94579	45	0.0		44.0	0.0
I2-HG003-40x-9-D0-PF-ILMN-NOVASEQ-sent-clair3-DEL_50	DEL_50	I2-HG003-40x-9-D0-PF-ILMN-NOVASEQ	332544085.0	332525171.0	48.0	18866.0	24.0	0.9980954396360174	0.9974621973141589	0.9999999278250179	0.001270513499205929	0.9987294865007941	0.9987294865007941	HG003	giabHC_x_ultima_x_clinvar	-1	-2	sent	clair3	ilmn_all_downsamples_a	ILMN		40	0	43.94579	45	0.0		44.0	0.0
I2-HG003-40x-9-D0-PF-ILMN-NOVASEQ-sent-clair3-DEL_gt50	DEL_gt50	I2-HG003-40x-9-D0-PF-ILMN-NOVASEQ	332544085.0	332544085.0	0.0	0.0	0.0			1.0				HG003	giabHC_x_ultima_x_clinvar	-1	-2	sent	clair3	ilmn_all_downsamples_a	ILMN		40	0	43.94579	45	0.0		44.0	0.0
I2-HG003-40x-9-D0-PF-ILMN-NOVASEQ-sent-clair3-Indel_50	Indel_50	I2-HG003-40x-9-D0-PF-ILMN-NOVASEQ	332544085.0	332542785.0	1.0	1299.0	0.0	0.9996152366294729	0.9992307692307693	1.0	0.0	1.0	1.0	HG003	giabHC_x_ultima_x_clinvar	-1	-2	sent	clair3	ilmn_all_downsamples_a	ILMN		40	0	43.94579	45	0.0		44.0	0.0
I2-HG003-40x-9-D0-PF-ILMN-NOVASEQ-sent-clair3-Indel_gt50	Indel_gt50	I2-HG003-40x-9-D0-PF-ILMN-NOVASEQ	332544085.0	332544054.0	0.0	31.0	0.0	1.0	1.0	1.0	0.0	1.0	1.0	HG003	giabHC_x_ultima_x_clinvar	-1	-2	sent	clair3	ilmn_all_downsamples_a	ILMN		40	0	43.94579	45	0.0		44.0	0.0
I2-HG003-40x-9-D0-PF-ILMN-NOVASEQ-sent-clair3-All	All	I2-HG003-40x-9-D0-PF-ILMN-NOVASEQ	332544085.0	332134835.0	885.0	408365.0	684.0	0.9980826079464841	0.9978375076359194	0.9999979405996623	0.0016721713046603218	0.9983278286953396	0.9983278286953396	HG003	giabHC_x_ultima_x_clinvar	-1	-2	sent	clair3	ilmn_all_downsamples_a	ILMN		40	0	43.94579	45	0.0		44.0	0.0
I2-HG003-40x-9-D0-PF-ILMN-NOVASEQ-sent-clair3-SNPts	SNPts	I2-HG003-40x-9-D0-PF-ILMN-NOVASEQ	2799325643.0	2797071103.0	3954.0	2250586.0	165990.0	0.9636181160990221	0.998246205434368	0.9999406593025613	0.0686880942291904	0.9313119057708096	0.9313119057708096	HG003	ultima	-1	-2	sent	clair3	ilmn_all_downsamples_a	ILMN		40	0	43.94579	45	0.0		44.0	0.0
I2-HG003-40x-9-D0-PF-ILMN-NOVASEQ-sent-clair3-SNPtv	SNPtv	I2-HG003-40x-9-D0-PF-ILMN-NOVASEQ	2799325643.0	2798266357.0	2187.0	1057099.0	93360.0	0.956761074241598	0.9979354017706267	0.9999666375986501	0.0811502191733908	0.9188497808266092	0.9188497808266092	HG003	ultima	-1	-2	sent	clair3	ilmn_all_downsamples_a	ILMN		40	0	43.94579	45	0.0		44.0	0.0
I2-HG003-40x-9-D0-PF-ILMN-NOVASEQ-sent-clair3-INS_50	INS_50	I2-HG003-40x-9-D0-PF-ILMN-NOVASEQ	2799325643.0	2799161714.0	893.0	163036.0	26455.0	0.9226189802501273	0.9945525196884016	0.9999905490455079	0.13961085223044895	0.8603891477695511	0.8603891477695511	HG003	ultima	-1	-2	sent	clair3	ilmn_all_downsamples_a	ILMN		40	0	43.94579	45	0.0		44.0	0.0
I2-HG003-40x-9-D0-PF-ILMN-NOVASEQ-sent-clair3-INS_gt50	INS_gt50	I2-HG003-40x-9-D0-PF-ILMN-NOVASEQ	2799325643.0	2799325547.0	96.0	0.0	0.0		0.0	1.0				HG003	ultima	-1	-2	sent	clair3	ilmn_all_downsamples_a	ILMN		40	0	43.94579	45	0.0		44.0	0.0
I2-HG003-40x-9-D0-PF-ILMN-NOVASEQ-sent-clair3-DEL_50	DEL_50	I2-HG003-40x-9-D0-PF-ILMN-NOVASEQ	2799325643.0	2799148605.0	809.0	176229.0	34815.0	0.908204966991512	0.9954303595838182	0.9999875624441931	0.1649655995906067	0.8350344004093933	0.8350344004093933	HG003	ultima	-1	-2	sent	clair3	ilmn_all_downsamples_a	ILMN		40	0	43.94579	45	0.0		44.0	0.0
I2-HG003-40x-9-D0-PF-ILMN-NOVASEQ-sent-clair3-DEL_gt50	DEL_gt50	I2-HG003-40x-9-D0-PF-ILMN-NOVASEQ	2799325643.0	2799325554.0	88.0	1.0	24.0	0.017543859649122806	0.011235955056179775	0.9999999914265064	0.96	0.040000000000000036	0.04	HG003	ultima	-1	-2	sent	clair3	ilmn_all_downsamples_a	ILMN		40	0	43.94579	45	0.0		44.0	0.0
I2-HG003-40x-9-D0-PF-ILMN-NOVASEQ-sent-clair3-Indel_50	Indel_50	I2-HG003-40x-9-D0-PF-ILMN-NOVASEQ	2799325643.0	2799307983.0	26.0	17634.0	2784.0	0.9262041073585797	0.9985277463193658	0.9999990054694774	0.13635027916544226	0.8636497208345577	0.8636497208345577	HG003	ultima	-1	-2	sent	clair3	ilmn_all_downsamples_a	ILMN		40	0	43.94579	45	0.0		44.0	0.0
I2-HG003-40x-9-D0-PF-ILMN-NOVASEQ-sent-clair3-Indel_gt50	Indel_gt50	I2-HG003-40x-9-D0-PF-ILMN-NOVASEQ	2799325643.0	2799324701.0	17.0	925.0	417.0	0.8099824868651488	0.9819532908704883	0.9999998510355238	0.3107302533532042	0.6892697466467959	0.6892697466467959	HG003	ultima	-1	-2	sent	clair3	ilmn_all_downsamples_a	ILMN		40	0	43.94579	45	0.0		44.0	0.0
I2-HG003-40x-9-D0-PF-ILMN-NOVASEQ-sent-clair3-All	All	I2-HG003-40x-9-D0-PF-ILMN-NOVASEQ	2799325643.0	2795652063.0	8070.0	3665510.0	323845.0	0.9566856563444686	0.9978032328137675	0.9998841746099909	0.08117728304450218	0.9188227169554978	0.9188227169554978	HG003	ultima	-1	-2	sent	clair3	ilmn_all_downsamples_a	ILMN		40	0	43.94579	45	0.0		44.0	0.0
I2-HG003-40x-9-D0-PF-ILMN-NOVASEQ-sent-clair3-SNPts	SNPts	I2-HG003-40x-9-D0-PF-ILMN-NOVASEQ	377862616.0	377589309.0	2357.0	270950.0	36958.0	0.9323572172087782	0.9913759984193599	0.9999021307487596	0.12002935941904724	0.8799706405809528	0.8799706405809528	HG003	clinvar_genes	-1	-2	sent	clair3	ilmn_all_downsamples_a	ILMN		40	0	43.94579	45	0.0		44.0	0.0
I2-HG003-40x-9-D0-PF-ILMN-NOVASEQ-sent-clair3-SNPtv	SNPtv	I2-HG003-40x-9-D0-PF-ILMN-NOVASEQ	377862616.0	377738172.0	1174.0	123270.0	22205.0	0.9133851266491058	0.9905660377358491	0.999941219351335	0.15263791029386492	0.8473620897061351	0.847362089706135	HG003	clinvar_genes	-1	-2	sent	clair3	ilmn_all_downsamples_a	ILMN		40	0	43.94579	45	0.0		44.0	0.0
I2-HG003-40x-9-D0-PF-ILMN-NOVASEQ-sent-clair3-INS_50	INS_50	I2-HG003-40x-9-D0-PF-ILMN-NOVASEQ	377862616.0	377833561.0	451.0	28604.0	17482.0	0.761342010353868	0.984477714679057	0.999953733090529	0.37933428807012975	0.6206657119298702	0.6206657119298702	HG003	clinvar_genes	-1	-2	sent	clair3	ilmn_all_downsamples_a	ILMN		40	0	43.94579	45	0.0		44.0	0.0
I2-HG003-40x-9-D0-PF-ILMN-NOVASEQ-sent-clair3-INS_gt50	INS_gt50	I2-HG003-40x-9-D0-PF-ILMN-NOVASEQ	377862616.0	377862586.0	30.0	0.0	0.0		0.0	1.0				HG003	clinvar_genes	-1	-2	sent	clair3	ilmn_all_downsamples_a	ILMN		40	0	43.94579	45	0.0		44.0	0.0
I2-HG003-40x-9-D0-PF-ILMN-NOVASEQ-sent-clair3-DEL_50	DEL_50	I2-HG003-40x-9-D0-PF-ILMN-NOVASEQ	377862616.0	377831895.0	312.0	30409.0	17446.0	0.7740022398696803	0.9898440805963348	0.9999538281581918	0.36455960714658864	0.6354403928534114	0.6354403928534114	HG003	clinvar_genes	-1	-2	sent	clair3	ilmn_all_downsamples_a	ILMN		40	0	43.94579	45	0.0		44.0	0.0
I2-HG003-40x-9-D0-PF-ILMN-NOVASEQ-sent-clair3-DEL_gt50	DEL_gt50	I2-HG003-40x-9-D0-PF-ILMN-NOVASEQ	377862616.0	377862598.0	18.0	0.0	6.0		0.0	0.9999999841212125	1.0	0.0	0.0	HG003	clinvar_genes	-1	-2	sent	clair3	ilmn_all_downsamples_a	ILMN		40	0	43.94579	45	0.0		44.0	0.0
I2-HG003-40x-9-D0-PF-ILMN-NOVASEQ-sent-clair3-Indel_50	Indel_50	I2-HG003-40x-9-D0-PF-ILMN-NOVASEQ	377862616.0	377858460.0	29.0	4127.0	4671.0	0.6371777057279606	0.9930221366698749	0.9999876383811577	0.5309161172993863	0.46908388270061374	0.4690838827006138	HG003	clinvar_genes	-1	-2	sent	clair3	ilmn_all_downsamples_a	ILMN		40	0	43.94579	45	0.0		44.0	0.0
I2-HG003-40x-9-D0-PF-ILMN-NOVASEQ-sent-clair3-Indel_gt50	Indel_gt50	I2-HG003-40x-9-D0-PF-ILMN-NOVASEQ	377862616.0	377862446.0	11.0	159.0	197.0	0.6045627376425856	0.9352941176470588	0.9999994786465303	0.5533707865168539	0.4466292134831461	0.44662921348314605	HG003	clinvar_genes	-1	-2	sent	clair3	ilmn_all_downsamples_a	ILMN		40	0	43.94579	45	0.0		44.0	0.0
I2-HG003-40x-9-D0-PF-ILMN-NOVASEQ-sent-clair3-All	All	I2-HG003-40x-9-D0-PF-ILMN-NOVASEQ	377862616.0	377400715.0	4382.0	457519.0	98965.0	0.8985187330921017	0.990513118611997	0.999737840837375	0.17783979413603984	0.8221602058639601	0.8221602058639601	HG003	clinvar_genes	-1	-2	sent	clair3	ilmn_all_downsamples_a	ILMN		40	0	43.94579	45	0.0		44.0	0.0
I2-HG003-40x-9-D0-PF-ILMN-NOVASEQ-sent-clair3-SNPts	SNPts	I2-HG003-40x-9-D0-PF-ILMN-NOVASEQ	3088286401.0	3085963154.0	14592.0	2308655.0	376436.0	0.9219245985394756	0.9937191353308538	0.9998780315681335	0.1401948760768257	0.8598051239231743	0.8598051239231743	HG003	hg38	-1	-2	sent	clair3	ilmn_all_downsamples_a	ILMN		40	0	43.94579	45	0.0		44.0	0.0
I2-HG003-40x-9-D0-PF-ILMN-NOVASEQ-sent-clair3-SNPtv	SNPtv	I2-HG003-40x-9-D0-PF-ILMN-NOVASEQ	3088286401.0	3087178594.0	7891.0	1099916.0	277981.0	0.8849935470997351	0.9928769180913282	0.9999099644016856	0.20174294595314454	0.7982570540468554	0.7982570540468554	HG003	hg38	-1	-2	sent	clair3	ilmn_all_downsamples_a	ILMN		40	0	43.94579	45	0.0		44.0	0.0
I2-HG003-40x-9-D0-PF-ILMN-NOVASEQ-sent-clair3-INS_50	INS_50	I2-HG003-40x-9-D0-PF-ILMN-NOVASEQ	3088286401.0	3088031065.0	3527.0	251809.0	162545.0	0.7520166046976959	0.9861868283359965	0.9999473656705092	0.3922853405542121	0.6077146594457878	0.607714659445788	HG003	hg38	-1	-2	sent	clair3	ilmn_all_downsamples_a	ILMN		40	0	43.94579	45	0.0		44.0	0.0
I2-HG003-40x-9-D0-PF-ILMN-NOVASEQ-sent-clair3-INS_gt50	INS_gt50	I2-HG003-40x-9-D0-PF-ILMN-NOVASEQ	3088286401.0	3088286166.0	235.0	0.0	0.0		0.0	1.0				HG003	hg38	-1	-2	sent	clair3	ilmn_all_downsamples_a	ILMN		40	0	43.94579	45	0.0		44.0	0.0
I2-HG003-40x-9-D0-PF-ILMN-NOVASEQ-sent-clair3-DEL_50	DEL_50	I2-HG003-40x-9-D0-PF-ILMN-NOVASEQ	3088286401.0	3088017169.0	2359.0	266873.0	168882.0	0.7571004855408681	0.9912380400546741	0.9999453135280029	0.3875618179940563	0.6124381820059437	0.6124381820059437	HG003	hg38	-1	-2	sent	clair3	ilmn_all_downsamples_a	ILMN		40	0	43.94579	45	0.0		44.0	0.0
I2-HG003-40x-9-D0-PF-ILMN-NOVASEQ-sent-clair3-DEL_gt50	DEL_gt50	I2-HG003-40x-9-D0-PF-ILMN-NOVASEQ	3088286401.0	3088286263.0	136.0	2.0	83.0	0.017937219730941704	0.014492753623188406	0.9999999731242538	0.9764705882352941	0.02352941176470591	0.023529411764705882	HG003	hg38	-1	-2	sent	clair3	ilmn_all_downsamples_a	ILMN		40	0	43.94579	45	0.0		44.0	0.0
I2-HG003-40x-9-D0-PF-ILMN-NOVASEQ-sent-clair3-Indel_50	Indel_50	I2-HG003-40x-9-D0-PF-ILMN-NOVASEQ	3088286401.0	3088244159.0	268.0	41974.0	45283.0	0.6482521100549039	0.993655603427868	0.9999853371904251	0.518961229471561	0.481038770528439	0.48103877052843896	HG003	hg38	-1	-2	sent	clair3	ilmn_all_downsamples_a	ILMN		40	0	43.94579	45	0.0		44.0	0.0
I2-HG003-40x-9-D0-PF-ILMN-NOVASEQ-sent-clair3-Indel_gt50	Indel_gt50	I2-HG003-40x-9-D0-PF-ILMN-NOVASEQ	3088286401.0	3088284836.0	80.0	1485.0	1806.0	0.6116144975288302	0.9488817891373802	0.9999994152097232	0.5487693710118505	0.4512306289881495	0.4512306289881495	HG003	hg38	-1	-2	sent	clair3	ilmn_all_downsamples_a	ILMN		40	0	43.94579	45	0.0		44.0	0.0
I2-HG003-40x-9-D0-PF-ILMN-NOVASEQ-sent-clair3-All	All	I2-HG003-40x-9-D0-PF-ILMN-NOVASEQ	3088286401.0	3084286599.0	29088.0	3970714.0	1033016.0	0.8820347392556611	0.9927276400181809	0.9996651834724098	0.20644918890507682	0.7935508110949232	0.7935508110949232	HG003	hg38	-1	-2	sent	clair3	ilmn_all_downsamples_a	ILMN		40	0	43.94579	45	0.0		44.0	0.0
I2-HG003-40x-9-D0-PF-ILMN-NOVASEQ-sent-clair3-SNPts	SNPts	I2-HG003-40x-9-D0-PF-ILMN-NOVASEQ	2505355380.0	2503152102.0	3118.0	2200160.0	3467.0	0.9985057540382649	0.998584835867285	0.9999986149482506	0.001573315266149852	0.9984266847338501	0.9984266847338501	HG003	giabHC_x_ultima	-1	-2	sent	clair3	ilmn_all_downsamples_a	ILMN		40	0	43.94579	45	0.0		44.0	0.0
I2-HG003-40x-9-D0-PF-ILMN-NOVASEQ-sent-clair3-SNPtv	SNPtv	I2-HG003-40x-9-D0-PF-ILMN-NOVASEQ	2505355380.0	2504320613.0	1707.0	1033060.0	1124.0	0.998631673732244	0.9983503532679338	0.9999995511758799	0.0010868472148089703	0.998913152785191	0.998913152785191	HG003	giabHC_x_ultima	-1	-2	sent	clair3	ilmn_all_downsamples_a	ILMN		40	0	43.94579	45	0.0		44.0	0.0
I2-HG003-40x-9-D0-PF-ILMN-NOVASEQ-sent-clair3-INS_50	INS_50	I2-HG003-40x-9-D0-PF-ILMN-NOVASEQ	2505355380.0	2505201734.0	505.0	153141.0	160.0	0.9978335022007057	0.9967132239042995	0.999999936132892	0.0010436983450858115	0.9989563016549142	0.9989563016549142	HG003	giabHC_x_ultima	-1	-2	sent	clair3	ilmn_all_downsamples_a	ILMN		40	0	43.94579	45	0.0		44.0	0.0
I2-HG003-40x-9-D0-PF-ILMN-NOVASEQ-sent-clair3-INS_gt50	INS_gt50	I2-HG003-40x-9-D0-PF-ILMN-NOVASEQ	2505355380.0	2505355380.0	0.0	0.0	0.0			1.0				HG003	giabHC_x_ultima	-1	-2	sent	clair3	ilmn_all_downsamples_a	ILMN		40	0	43.94579	45	0.0		44.0	0.0
I2-HG003-40x-9-D0-PF-ILMN-NOVASEQ-sent-clair3-DEL_50	DEL_50	I2-HG003-40x-9-D0-PF-ILMN-NOVASEQ	2505355380.0	2505190138.0	288.0	164954.0	235.0	0.9984172187234248	0.9982571017053775	0.9999999061947537	0.0014226128858459098	0.9985773871141541	0.9985773871141541	HG003	giabHC_x_ultima	-1	-2	sent	clair3	ilmn_all_downsamples_a	ILMN		40	0	43.94579	45	0.0		44.0	0.0
I2-HG003-40x-9-D0-PF-ILMN-NOVASEQ-sent-clair3-DEL_gt50	DEL_gt50	I2-HG003-40x-9-D0-PF-ILMN-NOVASEQ	2505355380.0	2505355380.0	0.0	0.0	0.0			1.0				HG003	giabHC_x_ultima	-1	-2	sent	clair3	ilmn_all_downsamples_a	ILMN		40	0	43.94579	45	0.0		44.0	0.0
I2-HG003-40x-9-D0-PF-ILMN-NOVASEQ-sent-clair3-Indel_50	Indel_50	I2-HG003-40x-9-D0-PF-ILMN-NOVASEQ	2505355380.0	2505341346.0	11.0	14023.0	1.0	0.9995723144914106	0.9992161892546673	0.9999999996008528	7.13063320022818e-05	0.9999286936679977	0.9999286936679977	HG003	giabHC_x_ultima	-1	-2	sent	clair3	ilmn_all_downsamples_a	ILMN		40	0	43.94579	45	0.0		44.0	0.0
I2-HG003-40x-9-D0-PF-ILMN-NOVASEQ-sent-clair3-Indel_gt50	Indel_gt50	I2-HG003-40x-9-D0-PF-ILMN-NOVASEQ	2505355380.0	2505355013.0	1.0	366.0	0.0	0.9986357435197818	0.997275204359673	1.0	0.0	1.0	1.0	HG003	giabHC_x_ultima	-1	-2	sent	clair3	ilmn_all_downsamples_a	ILMN		40	0	43.94579	45	0.0		44.0	0.0
I2-HG003-40x-9-D0-PF-ILMN-NOVASEQ-sent-clair3-All	All	I2-HG003-40x-9-D0-PF-ILMN-NOVASEQ	2505355380.0	2501784046.0	5630.0	3565704.0	4987.0	0.9985134468165541	0.9984235582558226	0.9999980066264844	0.0013966484358349687	0.998603351564165	0.998603351564165	HG003	giabHC_x_ultima	-1	-2	sent	clair3	ilmn_all_downsamples_a	ILMN		40	0	43.94579	45	0.0		44.0	0.0
I2-HG003-40x-9-D0-PF-ILMN-NOVASEQ-sent-clair3-SNPts	SNPts	I2-HG003-40x-9-D0-PF-ILMN-NOVASEQ	688815815.0	688747515.0	3332.0	64968.0	370478.0	0.2579395171376051	0.9512152269399707	0.9994623881486723	0.8508012474566307	0.14919875254336934	0.14919875254336934	HG003	hg38_m_giabHC	-1	-2	sent	clair3	ilmn_all_downsamples_a	ILMN		40	0	43.94579	45	0.0		44.0	0.0
I2-HG003-40x-9-D0-PF-ILMN-NOVASEQ-sent-clair3-SNPtv	SNPtv	I2-HG003-40x-9-D0-PF-ILMN-NOVASEQ	688815815.0	688780260.0	1891.0	33664.0	275714.0	0.1951915299492945	0.946814793981156	0.9995998670494075	0.8911881258525169	0.10881187414748306	0.10881187414748301	HG003	hg38_m_giabHC	-1	-2	sent	clair3	ilmn_all_downsamples_a	ILMN		40	0	43.94579	45	0.0		44.0	0.0
I2-HG003-40x-9-D0-PF-ILMN-NOVASEQ-sent-clair3-INS_50	INS_50	I2-HG003-40x-9-D0-PF-ILMN-NOVASEQ	688815815.0	688789073.0	2134.0	24608.0	162158.0	0.23051126889858928	0.9202004337745868	0.9997646306549672	0.8682415428932461	0.13175845710675393	0.1317584571067539	HG003	hg38_m_giabHC	-1	-2	sent	clair3	ilmn_all_downsamples_a	ILMN		40	0	43.94579	45	0.0		44.0	0.0
I2-HG003-40x-9-D0-PF-ILMN-NOVASEQ-sent-clair3-INS_gt50	INS_gt50	I2-HG003-40x-9-D0-PF-ILMN-NOVASEQ	688815815.0	688815581.0	234.0	0.0	0.0		0.0	1.0				HG003	hg38_m_giabHC	-1	-2	sent	clair3	ilmn_all_downsamples_a	ILMN		40	0	43.94579	45	0.0		44.0	0.0
I2-HG003-40x-9-D0-PF-ILMN-NOVASEQ-sent-clair3-DEL_50	DEL_50	I2-HG003-40x-9-D0-PF-ILMN-NOVASEQ	688815815.0	688789019.0	1504.0	25292.0	168435.0	0.2293819692276996	0.9438722197342887	0.9997555219135491	0.8694451470368095	0.13055485296319047	0.13055485296319047	HG003	hg38_m_giabHC	-1	-2	sent	clair3	ilmn_all_downsamples_a	ILMN		40	0	43.94579	45	0.0		44.0	0.0
I2-HG003-40x-9-D0-PF-ILMN-NOVASEQ-sent-clair3-DEL_gt50	DEL_gt50	I2-HG003-40x-9-D0-PF-ILMN-NOVASEQ	688815815.0	688815677.0	136.0	2.0	83.0	0.017937219730941704	0.014492753623188406	0.9999998795033377	0.9764705882352941	0.02352941176470591	0.023529411764705882	HG003	hg38_m_giabHC	-1	-2	sent	clair3	ilmn_all_downsamples_a	ILMN		40	0	43.94579	45	0.0		44.0	0.0
I2-HG003-40x-9-D0-PF-ILMN-NOVASEQ-sent-clair3-Indel_50	Indel_50	I2-HG003-40x-9-D0-PF-ILMN-NOVASEQ	688815815.0	688806030.0	192.0	9593.0	45271.0	0.29677179848102836	0.9803781297904957	0.9999342804463979	0.8251494604841062	0.1748505395158938	0.17485053951589385	HG003	hg38_m_giabHC	-1	-2	sent	clair3	ilmn_all_downsamples_a	ILMN		40	0	43.94579	45	0.0		44.0	0.0
I2-HG003-40x-9-D0-PF-ILMN-NOVASEQ-sent-clair3-Indel_gt50	Indel_gt50	I2-HG003-40x-9-D0-PF-ILMN-NOVASEQ	688815815.0	688814713.0	75.0	1027.0	1805.0	0.5221148957803762	0.9319419237749547	0.9999973795634209	0.6373587570621468	0.36264124293785316	0.3626412429378531	HG003	hg38_m_giabHC	-1	-2	sent	clair3	ilmn_all_downsamples_a	ILMN		40	0	43.94579	45	0.0		44.0	0.0
I2-HG003-40x-9-D0-PF-ILMN-NOVASEQ-sent-clair3-All	All	I2-HG003-40x-9-D0-PF-ILMN-NOVASEQ	688815815.0	688647163.0	9498.0	159154.0	1023944.0	0.23547845385611246	0.9436828498920855	0.998515315503858	0.8654769089289307	0.1345230910710693	0.13452309107106936	HG003	hg38_m_giabHC	-1	-2	sent	clair3	ilmn_all_downsamples_a	ILMN		40	0	43.94579	45	0.0		44.0	0.0
I2-HG003-40x-9-D0-PF-ILMN-NOVASEQ-sent-clair3-SNPts	SNPts	I2-HG003-40x-9-D0-PF-ILMN-NOVASEQ	2528531102.0	2526276120.0	11260.0	2243722.0	5958.0	0.9961777376415812	0.9950066120261714	0.9999976415935291	0.002648376658013584	0.9973516233419865	0.9973516233419865	HG003	giabHC	-1	-2	sent	clair3	ilmn_all_downsamples_a	ILMN		40	0	43.94579	45	0.0		44.0	0.0
I2-HG003-40x-9-D0-PF-ILMN-NOVASEQ-sent-clair3-SNPtv	SNPtv	I2-HG003-40x-9-D0-PF-ILMN-NOVASEQ	2528531102.0	2527458832.0	6000.0	1066270.0	2267.0	0.9961383721185516	0.9944043944155856	0.999999103052466	0.002121592420290547	0.9978784075797095	0.9978784075797095	HG003	giabHC	-1	-2	sent	clair3	ilmn_all_downsamples_a	ILMN		40	0	43.94579	45	0.0		44.0	0.0
I2-HG003-40x-9-D0-PF-ILMN-NOVASEQ-sent-clair3-INS_50	INS_50	I2-HG003-40x-9-D0-PF-ILMN-NOVASEQ	2528531102.0	2528302578.0	1389.0	227135.0	387.0	0.9961056560083851	0.9939218637867357	0.9999998469329011	0.0017009344151334815	0.9982990655848665	0.9982990655848665	HG003	giabHC	-1	-2	sent	clair3	ilmn_all_downsamples_a	ILMN		40	0	43.94579	45	0.0		44.0	0.0
I2-HG003-40x-9-D0-PF-ILMN-NOVASEQ-sent-clair3-INS_gt50	INS_gt50	I2-HG003-40x-9-D0-PF-ILMN-NOVASEQ	2528531102.0	2528531101.0	1.0	0.0	0.0		0.0	1.0				HG003	giabHC	-1	-2	sent	clair3	ilmn_all_downsamples_a	ILMN		40	0	43.94579	45	0.0		44.0	0.0
I2-HG003-40x-9-D0-PF-ILMN-NOVASEQ-sent-clair3-DEL_50	DEL_50	I2-HG003-40x-9-D0-PF-ILMN-NOVASEQ	2528531102.0	2528288469.0	862.0	241771.0	454.0	0.9972858032661109	0.9964473093107697	0.999999820431915	0.0018742904324491692	0.9981257095675509	0.9981257095675509	HG003	giabHC	-1	-2	sent	clair3	ilmn_all_downsamples_a	ILMN		40	0	43.94579	45	0.0		44.0	0.0
I2-HG003-40x-9-D0-PF-ILMN-NOVASEQ-sent-clair3-DEL_gt50	DEL_gt50	I2-HG003-40x-9-D0-PF-ILMN-NOVASEQ	2528531102.0	2528531102.0	0.0	0.0	0.0			1.0				HG003	giabHC	-1	-2	sent	clair3	ilmn_all_downsamples_a	ILMN		40	0	43.94579	45	0.0		44.0	0.0
I2-HG003-40x-9-D0-PF-ILMN-NOVASEQ-sent-clair3-Indel_50	Indel_50	I2-HG003-40x-9-D0-PF-ILMN-NOVASEQ	2528531102.0	2528498644.0	77.0	32381.0	12.0	0.9986276233211515	0.9976277034937457	0.9999999952541007	0.0003704504059519032	0.9996295495940482	0.9996295495940482	HG003	giabHC	-1	-2	sent	clair3	ilmn_all_downsamples_a	ILMN		40	0	43.94579	45	0.0		44.0	0.0
I2-HG003-40x-9-D0-PF-ILMN-NOVASEQ-sent-clair3-Indel_gt50	Indel_gt50	I2-HG003-40x-9-D0-PF-ILMN-NOVASEQ	2528531102.0	2528530637.0	7.0	458.0	1.0	0.9913419913419913	0.9849462365591398	0.9999999996045134	0.002178649237472767	0.9978213507625272	0.9978213507625272	HG003	giabHC	-1	-2	sent	clair3	ilmn_all_downsamples_a	ILMN		40	0	43.94579	45	0.0		44.0	0.0
I2-HG003-40x-9-D0-PF-ILMN-NOVASEQ-sent-clair3-All	All	I2-HG003-40x-9-D0-PF-ILMN-NOVASEQ	2528531102.0	2524699769.0	19596.0	3811737.0	9079.0	0.9962526866635765	0.9948853310323065	0.9999964039417824	0.0023761939857873293	0.9976238060142126	0.9976238060142126	HG003	giabHC	-1	-2	sent	clair3	ilmn_all_downsamples_a	ILMN		40	0	43.94579	45	0.0		44.0	0.0
I2-HG003-40x-9-D0-PF-ILMN-NOVASEQ-sent-clair3-SNPts	SNPts	I2-HG003-40x-9-D0-PF-ILMN-NOVASEQ	337668665.0	337403091.0	1816.0	263758.0	928.0	0.9948251801003282	0.9931619812180409	0.9999972495881858	0.003506041120421934	0.996493958879578	0.996493958879578	HG003	giabHC_x_clinvar_genes	-1	-2	sent	clair3	ilmn_all_downsamples_a	ILMN		40	0	43.94579	45	0.0		44.0	0.0
I2-HG003-40x-9-D0-PF-ILMN-NOVASEQ-sent-clair3-SNPtv	SNPtv	I2-HG003-40x-9-D0-PF-ILMN-NOVASEQ	337668665.0	337548348.0	899.0	119418.0	416.0	0.9945242784747929	0.992528071677319	0.999998767585474	0.003471468865263615	0.9965285311347364	0.9965285311347364	HG003	giabHC_x_clinvar_genes	-1	-2	sent	clair3	ilmn_all_downsamples_a	ILMN		40	0	43.94579	45	0.0		44.0	0.0
I2-HG003-40x-9-D0-PF-ILMN-NOVASEQ-sent-clair3-INS_50	INS_50	I2-HG003-40x-9-D0-PF-ILMN-NOVASEQ	337668665.0	337642406.0	218.0	26041.0	50.0	0.9948806112702961	0.9916980844662783	0.9999998519143576	0.0019163696293741136	0.9980836303706259	0.9980836303706259	HG003	giabHC_x_clinvar_genes	-1	-2	sent	clair3	ilmn_all_downsamples_a	ILMN		40	0	43.94579	45	0.0		44.0	0.0
I2-HG003-40x-9-D0-PF-ILMN-NOVASEQ-sent-clair3-INS_gt50	INS_gt50	I2-HG003-40x-9-D0-PF-ILMN-NOVASEQ	337668665.0	337668665.0	0.0	0.0	0.0			1.0				HG003	giabHC_x_clinvar_genes	-1	-2	sent	clair3	ilmn_all_downsamples_a	ILMN		40	0	43.94579	45	0.0		44.0	0.0
I2-HG003-40x-9-D0-PF-ILMN-NOVASEQ-sent-clair3-DEL_50	DEL_50	I2-HG003-40x-9-D0-PF-ILMN-NOVASEQ	337668665.0	337640753.0	137.0	27775.0	58.0	0.9965019284240738	0.995091716824305	0.9999998282198179	0.0020838572917040925	0.9979161427082959	0.9979161427082959	HG003	giabHC_x_clinvar_genes	-1	-2	sent	clair3	ilmn_all_downsamples_a	ILMN		40	0	43.94579	45	0.0		44.0	0.0
I2-HG003-40x-9-D0-PF-ILMN-NOVASEQ-sent-clair3-DEL_gt50	DEL_gt50	I2-HG003-40x-9-D0-PF-ILMN-NOVASEQ	337668665.0	337668665.0	0.0	0.0	0.0			1.0				HG003	giabHC_x_clinvar_genes	-1	-2	sent	clair3	ilmn_all_downsamples_a	ILMN		40	0	43.94579	45	0.0		44.0	0.0
I2-HG003-40x-9-D0-PF-ILMN-NOVASEQ-sent-clair3-Indel_50	Indel_50	I2-HG003-40x-9-D0-PF-ILMN-NOVASEQ	337668665.0	337665452.0	6.0	3207.0	2.0	0.9987542821550919	0.9981325863678805	0.9999999940769777	0.0006232471174820816	0.9993767528825179	0.9993767528825179	HG003	giabHC_x_clinvar_genes	-1	-2	sent	clair3	ilmn_all_downsamples_a	ILMN		40	0	43.94579	45	0.0		44.0	0.0
I2-HG003-40x-9-D0-PF-ILMN-NOVASEQ-sent-clair3-Indel_gt50	Indel_gt50	I2-HG003-40x-9-D0-PF-ILMN-NOVASEQ	337668665.0	337668621.0	0.0	44.0	0.0	1.0	1.0	1.0	0.0	1.0	1.0	HG003	giabHC_x_clinvar_genes	-1	-2	sent	clair3	ilmn_all_downsamples_a	ILMN		40	0	43.94579	45	0.0		44.0	0.0
I2-HG003-40x-9-D0-PF-ILMN-NOVASEQ-sent-clair3-All	All	I2-HG003-40x-9-D0-PF-ILMN-NOVASEQ	337668665.0	337225346.0	3076.0	440243.0	1454.0	0.994881448470988	0.9930614298056253	0.9999956883616604	0.003291849389966425	0.9967081506100336	0.9967081506100336	HG003	giabHC_x_clinvar_genes	-1	-2	sent	clair3	ilmn_all_downsamples_a	ILMN		40	0	43.94579	45	0.0		44.0	0.0
I2-HG003-5x-3-D0-PF-ILMN-NOVASEQ-bwa2a-clair3-SNPts	SNPts	I2-HG003-5x-3-D0-PF-ILMN-NOVASEQ	377862616.0	377589280.0	20196.0	253140.0	0.0	0.96163927700408	0.9261129159715515	1.0	0.0	1.0	1.0	HG003	clinvar_genes	-1	-2	bwa2a	clair3	ilmn_all_downsamples_a	ILMN		5	0	5.713558	5	0.0		5.0	0.0
I2-HG003-5x-3-D0-PF-ILMN-NOVASEQ-bwa2a-clair3-SNPtv	SNPtv	I2-HG003-5x-3-D0-PF-ILMN-NOVASEQ	377862616.0	377738180.0	10795.0	113641.0	0.0	0.9546575267665504	0.9132485775820502	1.0	0.0	1.0	1.0	HG003	clinvar_genes	-1	-2	bwa2a	clair3	ilmn_all_downsamples_a	ILMN		5	0	5.713558	5	0.0		5.0	0.0
I2-HG003-5x-3-D0-PF-ILMN-NOVASEQ-bwa2a-clair3-INS_50	INS_50	I2-HG003-5x-3-D0-PF-ILMN-NOVASEQ	377862616.0	377833405.0	4275.0	24936.0	0.0	0.9210482575211923	0.8536510218753209	1.0	0.0	1.0	1.0	HG003	clinvar_genes	-1	-2	bwa2a	clair3	ilmn_all_downsamples_a	ILMN		5	0	5.713558	5	0.0		5.0	0.0
I2-HG003-5x-3-D0-PF-ILMN-NOVASEQ-bwa2a-clair3-INS_gt50	INS_gt50	I2-HG003-5x-3-D0-PF-ILMN-NOVASEQ	377862616.0	377862586.0	30.0	0.0	0.0		0.0	1.0				HG003	clinvar_genes	-1	-2	bwa2a	clair3	ilmn_all_downsamples_a	ILMN		5	0	5.713558	5	0.0		5.0	0.0
I2-HG003-5x-3-D0-PF-ILMN-NOVASEQ-bwa2a-clair3-DEL_50	DEL_50	I2-HG003-5x-3-D0-PF-ILMN-NOVASEQ	377862616.0	377831592.0	4037.0	26987.0	0.0	0.9304097498750237	0.8698749355337803	1.0	0.0	1.0	1.0	HG003	clinvar_genes	-1	-2	bwa2a	clair3	ilmn_all_downsamples_a	ILMN		5	0	5.713558	5	0.0		5.0	0.0
I2-HG003-5x-3-D0-PF-ILMN-NOVASEQ-bwa2a-clair3-DEL_gt50	DEL_gt50	I2-HG003-5x-3-D0-PF-ILMN-NOVASEQ	377862616.0	377862598.0	18.0	0.0	0.0		0.0	1.0				HG003	clinvar_genes	-1	-2	bwa2a	clair3	ilmn_all_downsamples_a	ILMN		5	0	5.713558	5	0.0		5.0	0.0
I2-HG003-5x-3-D0-PF-ILMN-NOVASEQ-bwa2a-clair3-Indel_50	Indel_50	I2-HG003-5x-3-D0-PF-ILMN-NOVASEQ	377862616.0	377858909.0	713.0	2994.0	0.0	0.8935979704521713	0.8076611815484219	1.0	0.0	1.0	1.0	HG003	clinvar_genes	-1	-2	bwa2a	clair3	ilmn_all_downsamples_a	ILMN		5	0	5.713558	5	0.0		5.0	0.0
I2-HG003-5x-3-D0-PF-ILMN-NOVASEQ-bwa2a-clair3-Indel_gt50	Indel_gt50	I2-HG003-5x-3-D0-PF-ILMN-NOVASEQ	377862616.0	377862479.0	73.0	64.0	0.0	0.6368159203980099	0.46715328467153283	1.0	0.0	1.0	1.0	HG003	clinvar_genes	-1	-2	bwa2a	clair3	ilmn_all_downsamples_a	ILMN		5	0	5.713558	5	0.0		5.0	0.0
I2-HG003-5x-3-D0-PF-ILMN-NOVASEQ-bwa2a-clair3-All	All	I2-HG003-5x-3-D0-PF-ILMN-NOVASEQ	377862616.0	377400717.0	40137.0	421762.0	0.0	0.9545787355105634	0.9131043799618531	1.0	0.0	1.0	1.0	HG003	clinvar_genes	-1	-2	bwa2a	clair3	ilmn_all_downsamples_a	ILMN		5	0	5.713558	5	0.0		5.0	0.0
I2-HG003-5x-3-D0-PF-ILMN-NOVASEQ-bwa2a-clair3-SNPts	SNPts	I2-HG003-5x-3-D0-PF-ILMN-NOVASEQ	332544085.0	332287201.0	16277.0	240607.0	100802.0	0.8043115998348636	0.9366367699039255	0.9996967339401838	0.29525290780266483	0.7047470921973351	0.7047470921973351	HG003	giabHC_x_ultima_x_clinvar	-1	-2	bwa2a	clair3	ilmn_all_downsamples_a	ILMN		5	0	5.713558	5	0.0		5.0	0.0
I2-HG003-5x-3-D0-PF-ILMN-NOVASEQ-bwa2a-clair3-SNPtv	SNPtv	I2-HG003-5x-3-D0-PF-ILMN-NOVASEQ	332544085.0	332429437.0	8700.0	105948.0	19457.0	0.8827050692971968	0.9241155536947875	0.9999414737111443	0.1551533032973167	0.8448466967026833	0.8448466967026833	HG003	giabHC_x_ultima_x_clinvar	-1	-2	bwa2a	clair3	ilmn_all_downsamples_a	ILMN		5	0	5.713558	5	0.0		5.0	0.0
I2-HG003-5x-3-D0-PF-ILMN-NOVASEQ-bwa2a-clair3-INS_50	INS_50	I2-HG003-5x-3-D0-PF-ILMN-NOVASEQ	332544085.0	332526570.0	1925.0	15590.0	867.0	0.9178146709054515	0.890094204967171	0.9999973926963507	0.05268274898219603	0.947317251017804	0.947317251017804	HG003	giabHC_x_ultima_x_clinvar	-1	-2	bwa2a	clair3	ilmn_all_downsamples_a	ILMN		5	0	5.713558	5	0.0		5.0	0.0
I2-HG003-5x-3-D0-PF-ILMN-NOVASEQ-bwa2a-clair3-INS_gt50	INS_gt50	I2-HG003-5x-3-D0-PF-ILMN-NOVASEQ	332544085.0	332544085.0	0.0	0.0	0.0			1.0				HG003	giabHC_x_ultima_x_clinvar	-1	-2	bwa2a	clair3	ilmn_all_downsamples_a	ILMN		5	0	5.713558	5	0.0		5.0	0.0
I2-HG003-5x-3-D0-PF-ILMN-NOVASEQ-bwa2a-clair3-DEL_50	DEL_50	I2-HG003-5x-3-D0-PF-ILMN-NOVASEQ	332544085.0	332525019.0	1980.0	17086.0	1253.0	0.9135677048522926	0.896150215042484	0.9999962318766801	0.06832433611429195	0.931675663885708	0.9316756638857081	HG003	giabHC_x_ultima_x_clinvar	-1	-2	bwa2a	clair3	ilmn_all_downsamples_a	ILMN		5	0	5.713558	5	0.0		5.0	0.0
I2-HG003-5x-3-D0-PF-ILMN-NOVASEQ-bwa2a-clair3-DEL_gt50	DEL_gt50	I2-HG003-5x-3-D0-PF-ILMN-NOVASEQ	332544085.0	332544085.0	0.0	0.0	0.0			1.0				HG003	giabHC_x_ultima_x_clinvar	-1	-2	bwa2a	clair3	ilmn_all_downsamples_a	ILMN		5	0	5.713558	5	0.0		5.0	0.0
I2-HG003-5x-3-D0-PF-ILMN-NOVASEQ-bwa2a-clair3-Indel_50	Indel_50	I2-HG003-5x-3-D0-PF-ILMN-NOVASEQ	332544085.0	332542976.0	231.0	878.0	6.0	0.8810837932764677	0.7917042380522994	0.9999999819572196	0.006787330316742082	0.9932126696832579	0.9932126696832579	HG003	giabHC_x_ultima_x_clinvar	-1	-2	bwa2a	clair3	ilmn_all_downsamples_a	ILMN		5	0	5.713558	5	0.0		5.0	0.0
I2-HG003-5x-3-D0-PF-ILMN-NOVASEQ-bwa2a-clair3-Indel_gt50	Indel_gt50	I2-HG003-5x-3-D0-PF-ILMN-NOVASEQ	332544085.0	332544059.0	12.0	14.0	0.0	0.7000000000000001	0.5384615384615384	1.0	0.0	1.0	1.0	HG003	giabHC_x_ultima_x_clinvar	-1	-2	bwa2a	clair3	ilmn_all_downsamples_a	ILMN		5	0	5.713558	5	0.0		5.0	0.0
I2-HG003-5x-3-D0-PF-ILMN-NOVASEQ-bwa2a-clair3-All	All	I2-HG003-5x-3-D0-PF-ILMN-NOVASEQ	332544085.0	332134837.0	29125.0	380123.0	122385.0	0.8338261552432887	0.9288328837282039	0.9996316558620959	0.24354836141912167	0.7564516385808784	0.7564516385808783	HG003	giabHC_x_ultima_x_clinvar	-1	-2	bwa2a	clair3	ilmn_all_downsamples_a	ILMN		5	0	5.713558	5	0.0		5.0	0.0
I2-HG003-5x-3-D0-PF-ILMN-NOVASEQ-bwa2a-clair3-SNPts	SNPts	I2-HG003-5x-3-D0-PF-ILMN-NOVASEQ			177298.0	0.0	0.0		0.0					HG003	giabHC	-1	-2	bwa2a	clair3	ilmn_all_downsamples_a	ILMN		5	0	5.713558	5	0.0		5.0	0.0
I2-HG003-5x-3-D0-PF-ILMN-NOVASEQ-bwa2a-clair3-SNPtv	SNPtv	I2-HG003-5x-3-D0-PF-ILMN-NOVASEQ			98911.0	0.0	0.0		0.0					HG003	giabHC	-1	-2	bwa2a	clair3	ilmn_all_downsamples_a	ILMN		5	0	5.713558	5	0.0		5.0	0.0
I2-HG003-5x-3-D0-PF-ILMN-NOVASEQ-bwa2a-clair3-INS_50	INS_50	I2-HG003-5x-3-D0-PF-ILMN-NOVASEQ			32363.0	0.0	0.0		0.0					HG003	giabHC	-1	-2	bwa2a	clair3	ilmn_all_downsamples_a	ILMN		5	0	5.713558	5	0.0		5.0	0.0
I2-HG003-5x-3-D0-PF-ILMN-NOVASEQ-bwa2a-clair3-INS_gt50	INS_gt50	I2-HG003-5x-3-D0-PF-ILMN-NOVASEQ			1.0	0.0	0.0		0.0					HG003	giabHC	-1	-2	bwa2a	clair3	ilmn_all_downsamples_a	ILMN		5	0	5.713558	5	0.0		5.0	0.0
I2-HG003-5x-3-D0-PF-ILMN-NOVASEQ-bwa2a-clair3-DEL_50	DEL_50	I2-HG003-5x-3-D0-PF-ILMN-NOVASEQ			30964.0	0.0	0.0		0.0					HG003	giabHC	-1	-2	bwa2a	clair3	ilmn_all_downsamples_a	ILMN		5	0	5.713558	5	0.0		5.0	0.0
I2-HG003-5x-3-D0-PF-ILMN-NOVASEQ-bwa2a-clair3-DEL_gt50	DEL_gt50	I2-HG003-5x-3-D0-PF-ILMN-NOVASEQ			0.0	0.0	0.0							HG003	giabHC	-1	-2	bwa2a	clair3	ilmn_all_downsamples_a	ILMN		5	0	5.713558	5	0.0		5.0	0.0
I2-HG003-5x-3-D0-PF-ILMN-NOVASEQ-bwa2a-clair3-Indel_50	Indel_50	I2-HG003-5x-3-D0-PF-ILMN-NOVASEQ			5122.0	0.0	0.0		0.0					HG003	giabHC	-1	-2	bwa2a	clair3	ilmn_all_downsamples_a	ILMN		5	0	5.713558	5	0.0		5.0	0.0
I2-HG003-5x-3-D0-PF-ILMN-NOVASEQ-bwa2a-clair3-Indel_gt50	Indel_gt50	I2-HG003-5x-3-D0-PF-ILMN-NOVASEQ			149.0	0.0	0.0		0.0					HG003	giabHC	-1	-2	bwa2a	clair3	ilmn_all_downsamples_a	ILMN		5	0	5.713558	5	0.0		5.0	0.0
I2-HG003-5x-3-D0-PF-ILMN-NOVASEQ-bwa2a-clair3-All	All	I2-HG003-5x-3-D0-PF-ILMN-NOVASEQ	2528531102.0	2528186294.0	344808.0	0.0	0.0		0.0	1.0				HG003	giabHC	-1	-2	bwa2a	clair3	ilmn_all_downsamples_a	ILMN		5	0	5.713558	5	0.0		5.0	0.0
I2-HG003-5x-3-D0-PF-ILMN-NOVASEQ-bwa2a-clair3-SNPts	SNPts	I2-HG003-5x-3-D0-PF-ILMN-NOVASEQ			188656.0	0.0	0.0		0.0					HG003	hg38	-1	-2	bwa2a	clair3	ilmn_all_downsamples_a	ILMN		5	0	5.713558	5	0.0		5.0	0.0
I2-HG003-5x-3-D0-PF-ILMN-NOVASEQ-bwa2a-clair3-SNPtv	SNPtv	I2-HG003-5x-3-D0-PF-ILMN-NOVASEQ			105457.0	0.0	0.0		0.0					HG003	hg38	-1	-2	bwa2a	clair3	ilmn_all_downsamples_a	ILMN		5	0	5.713558	5	0.0		5.0	0.0
I2-HG003-5x-3-D0-PF-ILMN-NOVASEQ-bwa2a-clair3-INS_50	INS_50	I2-HG003-5x-3-D0-PF-ILMN-NOVASEQ			40828.0	0.0	0.0		0.0					HG003	hg38	-1	-2	bwa2a	clair3	ilmn_all_downsamples_a	ILMN		5	0	5.713558	5	0.0		5.0	0.0
I2-HG003-5x-3-D0-PF-ILMN-NOVASEQ-bwa2a-clair3-INS_gt50	INS_gt50	I2-HG003-5x-3-D0-PF-ILMN-NOVASEQ			238.0	0.0	0.0		0.0					HG003	hg38	-1	-2	bwa2a	clair3	ilmn_all_downsamples_a	ILMN		5	0	5.713558	5	0.0		5.0	0.0
I2-HG003-5x-3-D0-PF-ILMN-NOVASEQ-bwa2a-clair3-DEL_50	DEL_50	I2-HG003-5x-3-D0-PF-ILMN-NOVASEQ			38141.0	0.0	0.0		0.0					HG003	hg38	-1	-2	bwa2a	clair3	ilmn_all_downsamples_a	ILMN		5	0	5.713558	5	0.0		5.0	0.0
I2-HG003-5x-3-D0-PF-ILMN-NOVASEQ-bwa2a-clair3-DEL_gt50	DEL_gt50	I2-HG003-5x-3-D0-PF-ILMN-NOVASEQ			138.0	0.0	0.0		0.0					HG003	hg38	-1	-2	bwa2a	clair3	ilmn_all_downsamples_a	ILMN		5	0	5.713558	5	0.0		5.0	0.0
I2-HG003-5x-3-D0-PF-ILMN-NOVASEQ-bwa2a-clair3-Indel_50	Indel_50	I2-HG003-5x-3-D0-PF-ILMN-NOVASEQ			7708.0	0.0	0.0		0.0					HG003	hg38	-1	-2	bwa2a	clair3	ilmn_all_downsamples_a	ILMN		5	0	5.713558	5	0.0		5.0	0.0
I2-HG003-5x-3-D0-PF-ILMN-NOVASEQ-bwa2a-clair3-Indel_gt50	Indel_gt50	I2-HG003-5x-3-D0-PF-ILMN-NOVASEQ			605.0	0.0	0.0		0.0					HG003	hg38	-1	-2	bwa2a	clair3	ilmn_all_downsamples_a	ILMN		5	0	5.713558	5	0.0		5.0	0.0
I2-HG003-5x-3-D0-PF-ILMN-NOVASEQ-bwa2a-clair3-All	All	I2-HG003-5x-3-D0-PF-ILMN-NOVASEQ	3088286401.0	3087904630.0	381771.0	0.0	0.0		0.0	1.0				HG003	hg38	-1	-2	bwa2a	clair3	ilmn_all_downsamples_a	ILMN		5	0	5.713558	5	0.0		5.0	0.0
I2-HG003-5x-3-D0-PF-ILMN-NOVASEQ-bwa2a-clair3-SNPts	SNPts	I2-HG003-5x-3-D0-PF-ILMN-NOVASEQ	337668665.0	337403054.0	18870.0	246741.0	106007.0	0.7980509703909866	0.9289562555767645	0.9996859136175903	0.30051764999376324	0.6994823500062368	0.6994823500062367	HG003	giabHC_x_clinvar_genes	-1	-2	bwa2a	clair3	ilmn_all_downsamples_a	ILMN		5	0	5.713558	5	0.0		5.0	0.0
I2-HG003-5x-3-D0-PF-ILMN-NOVASEQ-bwa2a-clair3-SNPtv	SNPtv	I2-HG003-5x-3-D0-PF-ILMN-NOVASEQ	337668665.0	337548357.0	10054.0	110254.0	20448.0	0.8784829289669733	0.9164311600226086	0.9999394256824176	0.15644749123961377	0.8435525087603862	0.8435525087603862	HG003	giabHC_x_clinvar_genes	-1	-2	bwa2a	clair3	ilmn_all_downsamples_a	ILMN		5	0	5.713558	5	0.0		5.0	0.0
I2-HG003-5x-3-D0-PF-ILMN-NOVASEQ-bwa2a-clair3-INS_50	INS_50	I2-HG003-5x-3-D0-PF-ILMN-NOVASEQ	337668665.0	337642289.0	3460.0	22916.0	2035.0	0.8929413369181911	0.8688201395207764	0.9999939729476987	0.08155985732034789	0.9184401426796521	0.9184401426796521	HG003	giabHC_x_clinvar_genes	-1	-2	bwa2a	clair3	ilmn_all_downsamples_a	ILMN		5	0	5.713558	5	0.0		5.0	0.0
I2-HG003-5x-3-D0-PF-ILMN-NOVASEQ-bwa2a-clair3-INS_gt50	INS_gt50	I2-HG003-5x-3-D0-PF-ILMN-NOVASEQ	337668665.0	337668665.0	0.0	0.0	0.0			1.0				HG003	giabHC_x_clinvar_genes	-1	-2	bwa2a	clair3	ilmn_all_downsamples_a	ILMN		5	0	5.713558	5	0.0		5.0	0.0
I2-HG003-5x-3-D0-PF-ILMN-NOVASEQ-bwa2a-clair3-DEL_50	DEL_50	I2-HG003-5x-3-D0-PF-ILMN-NOVASEQ	337668665.0	337640555.0	3293.0	24817.0	2367.0	0.8976380800810214	0.8828530771967271	0.999992989635364	0.08707327839905828	0.9129267216009417	0.9129267216009417	HG003	giabHC_x_clinvar_genes	-1	-2	bwa2a	clair3	ilmn_all_downsamples_a	ILMN		5	0	5.713558	5	0.0		5.0	0.0
I2-HG003-5x-3-D0-PF-ILMN-NOVASEQ-bwa2a-clair3-DEL_gt50	DEL_gt50	I2-HG003-5x-3-D0-PF-ILMN-NOVASEQ	337668665.0	337668665.0	0.0	0.0	0.0			1.0				HG003	giabHC_x_clinvar_genes	-1	-2	bwa2a	clair3	ilmn_all_downsamples_a	ILMN		5	0	5.713558	5	0.0		5.0	0.0
I2-HG003-5x-3-D0-PF-ILMN-NOVASEQ-bwa2a-clair3-Indel_50	Indel_50	I2-HG003-5x-3-D0-PF-ILMN-NOVASEQ	337668665.0	337665763.0	459.0	2443.0	17.0	0.9112271540469974	0.8418332184700207	0.9999999496543595	0.006910569105691057	0.9930894308943089	0.9930894308943089	HG003	giabHC_x_clinvar_genes	-1	-2	bwa2a	clair3	ilmn_all_downsamples_a	ILMN		5	0	5.713558	5	0.0		5.0	0.0
I2-HG003-5x-3-D0-PF-ILMN-NOVASEQ-bwa2a-clair3-Indel_gt50	Indel_gt50	I2-HG003-5x-3-D0-PF-ILMN-NOVASEQ	337668665.0	337668625.0	18.0	22.0	0.0	0.7096774193548387	0.55	1.0	0.0	1.0	1.0	HG003	giabHC_x_clinvar_genes	-1	-2	bwa2a	clair3	ilmn_all_downsamples_a	ILMN		5	0	5.713558	5	0.0		5.0	0.0
I2-HG003-5x-3-D0-PF-ILMN-NOVASEQ-bwa2a-clair3-All	All	I2-HG003-5x-3-D0-PF-ILMN-NOVASEQ	337668665.0	337225318.0	36154.0	407193.0	130874.0	0.8298088268559446	0.9184521379416123	0.9996120598847642	0.24322993233184714	0.7567700676681528	0.7567700676681528	HG003	giabHC_x_clinvar_genes	-1	-2	bwa2a	clair3	ilmn_all_downsamples_a	ILMN		5	0	5.713558	5	0.0		5.0	0.0
I2-HG003-5x-3-D0-PF-ILMN-NOVASEQ-bwa2a-clair3-SNPts	SNPts	I2-HG003-5x-3-D0-PF-ILMN-NOVASEQ	2799325643.0	2797071013.0	165061.0	2089569.0	0.0	0.9620042728245185	0.9267902050447302	1.0	0.0	1.0	1.0	HG003	ultima	-1	-2	bwa2a	clair3	ilmn_all_downsamples_a	ILMN		5	0	5.713558	5	0.0		5.0	0.0
I2-HG003-5x-3-D0-PF-ILMN-NOVASEQ-bwa2a-clair3-SNPtv	SNPtv	I2-HG003-5x-3-D0-PF-ILMN-NOVASEQ	2799325643.0	2798266394.0	91212.0	968037.0	0.0	0.9550078281998692	0.9138899352276943	1.0	0.0	1.0	1.0	HG003	ultima	-1	-2	bwa2a	clair3	ilmn_all_downsamples_a	ILMN		5	0	5.713558	5	0.0		5.0	0.0
I2-HG003-5x-3-D0-PF-ILMN-NOVASEQ-bwa2a-clair3-INS_50	INS_50	I2-HG003-5x-3-D0-PF-ILMN-NOVASEQ	2799325643.0	2799161108.0	21714.0	142821.0	0.0	0.9293522820442744	0.8680280791320996	1.0	0.0	1.0	1.0	HG003	ultima	-1	-2	bwa2a	clair3	ilmn_all_downsamples_a	ILMN		5	0	5.713558	5	0.0		5.0	0.0
I2-HG003-5x-3-D0-PF-ILMN-NOVASEQ-bwa2a-clair3-INS_gt50	INS_gt50	I2-HG003-5x-3-D0-PF-ILMN-NOVASEQ	2799325643.0	2799325547.0	96.0	0.0	0.0		0.0	1.0				HG003	ultima	-1	-2	bwa2a	clair3	ilmn_all_downsamples_a	ILMN		5	0	5.713558	5	0.0		5.0	0.0
I2-HG003-5x-3-D0-PF-ILMN-NOVASEQ-bwa2a-clair3-DEL_50	DEL_50	I2-HG003-5x-3-D0-PF-ILMN-NOVASEQ	2799325643.0	2799146785.0	22111.0	156747.0	0.0	0.9341159994636552	0.8763767905265629	1.0	0.0	1.0	1.0	HG003	ultima	-1	-2	bwa2a	clair3	ilmn_all_downsamples_a	ILMN		5	0	5.713558	5	0.0		5.0	0.0
I2-HG003-5x-3-D0-PF-ILMN-NOVASEQ-bwa2a-clair3-DEL_gt50	DEL_gt50	I2-HG003-5x-3-D0-PF-ILMN-NOVASEQ	2799325643.0	2799325554.0	89.0	0.0	0.0		0.0	1.0				HG003	ultima	-1	-2	bwa2a	clair3	ilmn_all_downsamples_a	ILMN		5	0	5.713558	5	0.0		5.0	0.0
I2-HG003-5x-3-D0-PF-ILMN-NOVASEQ-bwa2a-clair3-Indel_50	Indel_50	I2-HG003-5x-3-D0-PF-ILMN-NOVASEQ	2799325643.0	2799310451.0	3349.0	11843.0	0.0	0.8761235435546514	0.7795550289626119	1.0	0.0	1.0	1.0	HG003	ultima	-1	-2	bwa2a	clair3	ilmn_all_downsamples_a	ILMN		5	0	5.713558	5	0.0		5.0	0.0
I2-HG003-5x-3-D0-PF-ILMN-NOVASEQ-bwa2a-clair3-Indel_gt50	Indel_gt50	I2-HG003-5x-3-D0-PF-ILMN-NOVASEQ	2799325643.0	2799324958.0	276.0	409.0	0.0	0.7477148080438757	0.5970802919708029	1.0	0.0	1.0	1.0	HG003	ultima	-1	-2	bwa2a	clair3	ilmn_all_downsamples_a	ILMN		5	0	5.713558	5	0.0		5.0	0.0
I2-HG003-5x-3-D0-PF-ILMN-NOVASEQ-bwa2a-clair3-All	All	I2-HG003-5x-3-D0-PF-ILMN-NOVASEQ	2799325643.0	2795652309.0	303908.0	3369426.0	0.0	0.9568481674797948	0.9172664396975608	1.0	0.0	1.0	1.0	HG003	ultima	-1	-2	bwa2a	clair3	ilmn_all_downsamples_a	ILMN		5	0	5.713558	5	0.0		5.0	0.0
I2-HG003-5x-3-D0-PF-ILMN-NOVASEQ-bwa2a-clair3-SNPts	SNPts	I2-HG003-5x-3-D0-PF-ILMN-NOVASEQ	2505355380.0	2503152039.0	159233.0	2044108.0	0.0	0.9625109094894371	0.9277311137949141	1.0	0.0	1.0	1.0	HG003	giabHC_x_ultima	-1	-2	bwa2a	clair3	ilmn_all_downsamples_a	ILMN		5	0	5.713558	5	0.0		5.0	0.0
I2-HG003-5x-3-D0-PF-ILMN-NOVASEQ-bwa2a-clair3-SNPtv	SNPtv	I2-HG003-5x-3-D0-PF-ILMN-NOVASEQ	2505355380.0	2504320642.0	88028.0	946710.0	0.0	0.9555739035291363	0.9149272569481357	1.0	0.0	1.0	1.0	HG003	giabHC_x_ultima	-1	-2	bwa2a	clair3	ilmn_all_downsamples_a	ILMN		5	0	5.713558	5	0.0		5.0	0.0
I2-HG003-5x-3-D0-PF-ILMN-NOVASEQ-bwa2a-clair3-INS_50	INS_50	I2-HG003-5x-3-D0-PF-ILMN-NOVASEQ	2505355380.0	2505201207.0	19147.0	135026.0	0.0	0.9337929937517073	0.8758083451706848	1.0	0.0	1.0	1.0	HG003	giabHC_x_ultima	-1	-2	bwa2a	clair3	ilmn_all_downsamples_a	ILMN		5	0	5.713558	5	0.0		5.0	0.0
I2-HG003-5x-3-D0-PF-ILMN-NOVASEQ-bwa2a-clair3-INS_gt50	INS_gt50	I2-HG003-5x-3-D0-PF-ILMN-NOVASEQ	2505355380.0	2505355380.0	0.0	0.0	0.0			1.0				HG003	giabHC_x_ultima	-1	-2	bwa2a	clair3	ilmn_all_downsamples_a	ILMN		5	0	5.713558	5	0.0		5.0	0.0
I2-HG003-5x-3-D0-PF-ILMN-NOVASEQ-bwa2a-clair3-DEL_50	DEL_50	I2-HG003-5x-3-D0-PF-ILMN-NOVASEQ	2505355380.0	2505188856.0	19216.0	147308.0	0.0	0.9387697876570904	0.884605222070092	1.0	0.0	1.0	1.0	HG003	giabHC_x_ultima	-1	-2	bwa2a	clair3	ilmn_all_downsamples_a	ILMN		5	0	5.713558	5	0.0		5.0	0.0
I2-HG003-5x-3-D0-PF-ILMN-NOVASEQ-bwa2a-clair3-DEL_gt50	DEL_gt50	I2-HG003-5x-3-D0-PF-ILMN-NOVASEQ	2505355380.0	2505355380.0	0.0	0.0	0.0			1.0				HG003	giabHC_x_ultima	-1	-2	bwa2a	clair3	ilmn_all_downsamples_a	ILMN		5	0	5.713558	5	0.0		5.0	0.0
I2-HG003-5x-3-D0-PF-ILMN-NOVASEQ-bwa2a-clair3-Indel_50	Indel_50	I2-HG003-5x-3-D0-PF-ILMN-NOVASEQ	2505355380.0	2505343160.0	2525.0	9695.0	0.0	0.8847821127081906	0.7933715220949263	1.0	0.0	1.0	1.0	HG003	giabHC_x_ultima	-1	-2	bwa2a	clair3	ilmn_all_downsamples_a	ILMN		5	0	5.713558	5	0.0		5.0	0.0
I2-HG003-5x-3-D0-PF-ILMN-NOVASEQ-bwa2a-clair3-Indel_gt50	Indel_gt50	I2-HG003-5x-3-D0-PF-ILMN-NOVASEQ	2505355380.0	2505355101.0	105.0	174.0	0.0	0.7682119205298014	0.6236559139784946	1.0	0.0	1.0	1.0	HG003	giabHC_x_ultima	-1	-2	bwa2a	clair3	ilmn_all_downsamples_a	ILMN		5	0	5.713558	5	0.0		5.0	0.0
I2-HG003-5x-3-D0-PF-ILMN-NOVASEQ-bwa2a-clair3-All	All	I2-HG003-5x-3-D0-PF-ILMN-NOVASEQ	2505355380.0	2501784105.0	288254.0	3283021.0	0.0	0.9579454987062128	0.9192854092725987	1.0	0.0	1.0	1.0	HG003	giabHC_x_ultima	-1	-2	bwa2a	clair3	ilmn_all_downsamples_a	ILMN		5	0	5.713558	5	0.0		5.0	0.0
I2-HG003-5x-3-D0-PF-ILMN-NOVASEQ-bwa2a-clair3-SNPts	SNPts	I2-HG003-5x-3-D0-PF-ILMN-NOVASEQ	688815815.0	688747360.0	11358.0	57097.0	0.0	0.9095354912705492	0.8340807829961289	1.0	0.0	1.0	1.0	HG003	hg38_m_giabHC	-1	-2	bwa2a	clair3	ilmn_all_downsamples_a	ILMN		5	0	5.713558	5	0.0		5.0	0.0
I2-HG003-5x-3-D0-PF-ILMN-NOVASEQ-bwa2a-clair3-SNPtv	SNPtv	I2-HG003-5x-3-D0-PF-ILMN-NOVASEQ	688815815.0	688780110.0	6546.0	29159.0	0.0	0.8990811544153922	0.8166643327265088	1.0	0.0	1.0	1.0	HG003	hg38_m_giabHC	-1	-2	bwa2a	clair3	ilmn_all_downsamples_a	ILMN		5	0	5.713558	5	0.0		5.0	0.0
I2-HG003-5x-3-D0-PF-ILMN-NOVASEQ-bwa2a-clair3-INS_50	INS_50	I2-HG003-5x-3-D0-PF-ILMN-NOVASEQ	688815815.0	688788630.0	8454.0	18731.0	0.0	0.8158811743183204	0.689019679970572	1.0	0.0	1.0	1.0	HG003	hg38_m_giabHC	-1	-2	bwa2a	clair3	ilmn_all_downsamples_a	ILMN		5	0	5.713558	5	0.0		5.0	0.0
I2-HG003-5x-3-D0-PF-ILMN-NOVASEQ-bwa2a-clair3-INS_gt50	INS_gt50	I2-HG003-5x-3-D0-PF-ILMN-NOVASEQ	688815815.0	688815578.0	237.0	0.0	0.0		0.0	1.0				HG003	hg38_m_giabHC	-1	-2	bwa2a	clair3	ilmn_all_downsamples_a	ILMN		5	0	5.713558	5	0.0		5.0	0.0
I2-HG003-5x-3-D0-PF-ILMN-NOVASEQ-bwa2a-clair3-DEL_50	DEL_50	I2-HG003-5x-3-D0-PF-ILMN-NOVASEQ	688815815.0	688788017.0	7220.0	20578.0	0.0	0.8507524392260625	0.7402690841067703	1.0	0.0	1.0	1.0	HG003	hg38_m_giabHC	-1	-2	bwa2a	clair3	ilmn_all_downsamples_a	ILMN		5	0	5.713558	5	0.0		5.0	0.0
I2-HG003-5x-3-D0-PF-ILMN-NOVASEQ-bwa2a-clair3-DEL_gt50	DEL_gt50	I2-HG003-5x-3-D0-PF-ILMN-NOVASEQ	688815815.0	688815677.0	138.0	0.0	0.0		0.0	1.0				HG003	hg38_m_giabHC	-1	-2	bwa2a	clair3	ilmn_all_downsamples_a	ILMN		5	0	5.713558	5	0.0		5.0	0.0
I2-HG003-5x-3-D0-PF-ILMN-NOVASEQ-bwa2a-clair3-Indel_50	Indel_50	I2-HG003-5x-3-D0-PF-ILMN-NOVASEQ	688815815.0	688807551.0	2586.0	5678.0	0.0	0.8145172858987234	0.6870764762826719	1.0	0.0	1.0	1.0	HG003	hg38_m_giabHC	-1	-2	bwa2a	clair3	ilmn_all_downsamples_a	ILMN		5	0	5.713558	5	0.0		5.0	0.0
I2-HG003-5x-3-D0-PF-ILMN-NOVASEQ-bwa2a-clair3-Indel_gt50	Indel_gt50	I2-HG003-5x-3-D0-PF-ILMN-NOVASEQ	688815815.0	688814988.0	458.0	369.0	0.0	0.6170568561872909	0.44619105199516323	1.0	0.0	1.0	1.0	HG003	hg38_m_giabHC	-1	-2	bwa2a	clair3	ilmn_all_downsamples_a	ILMN		5	0	5.713558	5	0.0		5.0	0.0
I2-HG003-5x-3-D0-PF-ILMN-NOVASEQ-bwa2a-clair3-All	All	I2-HG003-5x-3-D0-PF-ILMN-NOVASEQ	688815815.0	688647206.0	36997.0	131612.0	0.0	0.8767674479799881	0.780575176888541	1.0	0.0	1.0	1.0	HG003	hg38_m_giabHC	-1	-2	bwa2a	clair3	ilmn_all_downsamples_a	ILMN		5	0	5.713558	5	0.0		5.0	0.0
I2-HG003-5x-3-D0-PF-ILMN-NOVASEQ-sent-clair3-SNPts	SNPts	I2-HG003-5x-3-D0-PF-ILMN-NOVASEQ	2505355380.0	2503152039.0	159057.0	2044284.0	0.0	0.9625538977663989	0.9278109924882258	1.0	0.0	1.0	1.0	HG003	giabHC_x_ultima	-1	-2	sent	clair3	ilmn_all_downsamples_a	ILMN		5	0	5.712389	5	0.0		5.0	0.0
I2-HG003-5x-3-D0-PF-ILMN-NOVASEQ-sent-clair3-SNPtv	SNPtv	I2-HG003-5x-3-D0-PF-ILMN-NOVASEQ	2505355380.0	2504320629.0	87863.0	946888.0	0.0	0.9556614499411851	0.9150877844041707	1.0	0.0	1.0	1.0	HG003	giabHC_x_ultima	-1	-2	sent	clair3	ilmn_all_downsamples_a	ILMN		5	0	5.712389	5	0.0		5.0	0.0
I2-HG003-5x-3-D0-PF-ILMN-NOVASEQ-sent-clair3-INS_50	INS_50	I2-HG003-5x-3-D0-PF-ILMN-NOVASEQ	2505355380.0	2505201209.0	19134.0	135037.0	0.0	0.9338400044258803	0.8758910560351817	1.0	0.0	1.0	1.0	HG003	giabHC_x_ultima	-1	-2	sent	clair3	ilmn_all_downsamples_a	ILMN		5	0	5.712389	5	0.0		5.0	0.0
I2-HG003-5x-3-D0-PF-ILMN-NOVASEQ-sent-clair3-INS_gt50	INS_gt50	I2-HG003-5x-3-D0-PF-ILMN-NOVASEQ	2505355380.0	2505355380.0	0.0	0.0	0.0			1.0				HG003	giabHC_x_ultima	-1	-2	sent	clair3	ilmn_all_downsamples_a	ILMN		5	0	5.712389	5	0.0		5.0	0.0
I2-HG003-5x-3-D0-PF-ILMN-NOVASEQ-sent-clair3-DEL_50	DEL_50	I2-HG003-5x-3-D0-PF-ILMN-NOVASEQ	2505355380.0	2505188867.0	19218.0	147295.0	0.0	0.9387587314536276	0.8845855879120549	1.0	0.0	1.0	1.0	HG003	giabHC_x_ultima	-1	-2	sent	clair3	ilmn_all_downsamples_a	ILMN		5	0	5.712389	5	0.0		5.0	0.0
I2-HG003-5x-3-D0-PF-ILMN-NOVASEQ-sent-clair3-DEL_gt50	DEL_gt50	I2-HG003-5x-3-D0-PF-ILMN-NOVASEQ	2505355380.0	2505355380.0	0.0	0.0	0.0			1.0				HG003	giabHC_x_ultima	-1	-2	sent	clair3	ilmn_all_downsamples_a	ILMN		5	0	5.712389	5	0.0		5.0	0.0
I2-HG003-5x-3-D0-PF-ILMN-NOVASEQ-sent-clair3-Indel_50	Indel_50	I2-HG003-5x-3-D0-PF-ILMN-NOVASEQ	2505355380.0	2505343151.0	2534.0	9695.0	0.0	0.8844189016602809	0.7927876359473383	1.0	0.0	1.0	1.0	HG003	giabHC_x_ultima	-1	-2	sent	clair3	ilmn_all_downsamples_a	ILMN		5	0	5.712389	5	0.0		5.0	0.0
I2-HG003-5x-3-D0-PF-ILMN-NOVASEQ-sent-clair3-Indel_gt50	Indel_gt50	I2-HG003-5x-3-D0-PF-ILMN-NOVASEQ	2505355380.0	2505355101.0	105.0	174.0	0.0	0.7682119205298014	0.6236559139784946	1.0	0.0	1.0	1.0	HG003	giabHC_x_ultima	-1	-2	sent	clair3	ilmn_all_downsamples_a	ILMN		5	0	5.712389	5	0.0		5.0	0.0
I2-HG003-5x-3-D0-PF-ILMN-NOVASEQ-sent-clair3-All	All	I2-HG003-5x-3-D0-PF-ILMN-NOVASEQ	2505355380.0	2501784096.0	287911.0	3283373.0	0.0	0.9579977524768927	0.9193816565694579	1.0	0.0	1.0	1.0	HG003	giabHC_x_ultima	-1	-2	sent	clair3	ilmn_all_downsamples_a	ILMN		5	0	5.712389	5	0.0		5.0	0.0
I2-HG003-5x-3-D0-PF-ILMN-NOVASEQ-sent-clair3-SNPts	SNPts	I2-HG003-5x-3-D0-PF-ILMN-NOVASEQ			176700.0	0.0	0.0		0.0					HG003	giabHC	-1	-2	sent	clair3	ilmn_all_downsamples_a	ILMN		5	0	5.712389	5	0.0		5.0	0.0
I2-HG003-5x-3-D0-PF-ILMN-NOVASEQ-sent-clair3-SNPtv	SNPtv	I2-HG003-5x-3-D0-PF-ILMN-NOVASEQ			98423.0	0.0	0.0		0.0					HG003	giabHC	-1	-2	sent	clair3	ilmn_all_downsamples_a	ILMN		5	0	5.712389	5	0.0		5.0	0.0
I2-HG003-5x-3-D0-PF-ILMN-NOVASEQ-sent-clair3-INS_50	INS_50	I2-HG003-5x-3-D0-PF-ILMN-NOVASEQ			32320.0	0.0	0.0		0.0					HG003	giabHC	-1	-2	sent	clair3	ilmn_all_downsamples_a	ILMN		5	0	5.712389	5	0.0		5.0	0.0
I2-HG003-5x-3-D0-PF-ILMN-NOVASEQ-sent-clair3-INS_gt50	INS_gt50	I2-HG003-5x-3-D0-PF-ILMN-NOVASEQ			1.0	0.0	0.0		0.0					HG003	giabHC	-1	-2	sent	clair3	ilmn_all_downsamples_a	ILMN		5	0	5.712389	5	0.0		5.0	0.0
I2-HG003-5x-3-D0-PF-ILMN-NOVASEQ-sent-clair3-DEL_50	DEL_50	I2-HG003-5x-3-D0-PF-ILMN-NOVASEQ			30972.0	0.0	0.0		0.0					HG003	giabHC	-1	-2	sent	clair3	ilmn_all_downsamples_a	ILMN		5	0	5.712389	5	0.0		5.0	0.0
I2-HG003-5x-3-D0-PF-ILMN-NOVASEQ-sent-clair3-DEL_gt50	DEL_gt50	I2-HG003-5x-3-D0-PF-ILMN-NOVASEQ			0.0	0.0	0.0							HG003	giabHC	-1	-2	sent	clair3	ilmn_all_downsamples_a	ILMN		5	0	5.712389	5	0.0		5.0	0.0
I2-HG003-5x-3-D0-PF-ILMN-NOVASEQ-sent-clair3-Indel_50	Indel_50	I2-HG003-5x-3-D0-PF-ILMN-NOVASEQ			5124.0	0.0	0.0		0.0					HG003	giabHC	-1	-2	sent	clair3	ilmn_all_downsamples_a	ILMN		5	0	5.712389	5	0.0		5.0	0.0
I2-HG003-5x-3-D0-PF-ILMN-NOVASEQ-sent-clair3-Indel_gt50	Indel_gt50	I2-HG003-5x-3-D0-PF-ILMN-NOVASEQ			149.0	0.0	0.0		0.0					HG003	giabHC	-1	-2	sent	clair3	ilmn_all_downsamples_a	ILMN		5	0	5.712389	5	0.0		5.0	0.0
I2-HG003-5x-3-D0-PF-ILMN-NOVASEQ-sent-clair3-All	All	I2-HG003-5x-3-D0-PF-ILMN-NOVASEQ	2528531102.0	2528187413.0	343689.0	0.0	0.0		0.0	1.0				HG003	giabHC	-1	-2	sent	clair3	ilmn_all_downsamples_a	ILMN		5	0	5.712389	5	0.0		5.0	0.0
I2-HG003-5x-3-D0-PF-ILMN-NOVASEQ-sent-clair3-SNPts	SNPts	I2-HG003-5x-3-D0-PF-ILMN-NOVASEQ	332544085.0	332287201.0	16273.0	240611.0	100750.0	0.8043895059716338	0.9366523411345199	0.999696890336437	0.2951420929748858	0.7048579070251142	0.7048579070251142	HG003	giabHC_x_ultima_x_clinvar	-1	-2	sent	clair3	ilmn_all_downsamples_a	ILMN		5	0	5.712389	5	0.0		5.0	0.0
I2-HG003-5x-3-D0-PF-ILMN-NOVASEQ-sent-clair3-SNPtv	SNPtv	I2-HG003-5x-3-D0-PF-ILMN-NOVASEQ	332544085.0	332429437.0	8698.0	105950.0	19505.0	0.882537910813276	0.9241329983950876	0.9999413293365211	0.15547407436929575	0.8445259256307043	0.8445259256307043	HG003	giabHC_x_ultima_x_clinvar	-1	-2	sent	clair3	ilmn_all_downsamples_a	ILMN		5	0	5.712389	5	0.0		5.0	0.0
I2-HG003-5x-3-D0-PF-ILMN-NOVASEQ-sent-clair3-INS_50	INS_50	I2-HG003-5x-3-D0-PF-ILMN-NOVASEQ	332544085.0	332526573.0	1929.0	15583.0	875.0	0.917456579334707	0.889846962083143	0.9999973686382725	0.053165633734354116	0.9468343662656459	0.9468343662656459	HG003	giabHC_x_ultima_x_clinvar	-1	-2	sent	clair3	ilmn_all_downsamples_a	ILMN		5	0	5.712389	5	0.0		5.0	0.0
I2-HG003-5x-3-D0-PF-ILMN-NOVASEQ-sent-clair3-INS_gt50	INS_gt50	I2-HG003-5x-3-D0-PF-ILMN-NOVASEQ	332544085.0	332544085.0	0.0	0.0	0.0			1.0				HG003	giabHC_x_ultima_x_clinvar	-1	-2	sent	clair3	ilmn_all_downsamples_a	ILMN		5	0	5.712389	5	0.0		5.0	0.0
I2-HG003-5x-3-D0-PF-ILMN-NOVASEQ-sent-clair3-DEL_50	DEL_50	I2-HG003-5x-3-D0-PF-ILMN-NOVASEQ	332544085.0	332525019.0	1974.0	17092.0	1249.0	0.9138396556794184	0.8964649113605371	0.9999962439057597	0.068098795049343	0.931901204950657	0.931901204950657	HG003	giabHC_x_ultima_x_clinvar	-1	-2	sent	clair3	ilmn_all_downsamples_a	ILMN		5	0	5.712389	5	0.0		5.0	0.0
I2-HG003-5x-3-D0-PF-ILMN-NOVASEQ-sent-clair3-DEL_gt50	DEL_gt50	I2-HG003-5x-3-D0-PF-ILMN-NOVASEQ	332544085.0	332544085.0	0.0	0.0	0.0			1.0				HG003	giabHC_x_ultima_x_clinvar	-1	-2	sent	clair3	ilmn_all_downsamples_a	ILMN		5	0	5.712389	5	0.0		5.0	0.0
I2-HG003-5x-3-D0-PF-ILMN-NOVASEQ-sent-clair3-Indel_50	Indel_50	I2-HG003-5x-3-D0-PF-ILMN-NOVASEQ	332544085.0	332542972.0	233.0	880.0	6.0	0.8804402201100551	0.7906558849955077	0.9999999819572194	0.006772009029345372	0.9932279909706546	0.9932279909706546	HG003	giabHC_x_ultima_x_clinvar	-1	-2	sent	clair3	ilmn_all_downsamples_a	ILMN		5	0	5.712389	5	0.0		5.0	0.0
I2-HG003-5x-3-D0-PF-ILMN-NOVASEQ-sent-clair3-Indel_gt50	Indel_gt50	I2-HG003-5x-3-D0-PF-ILMN-NOVASEQ	332544085.0	332544059.0	12.0	14.0	0.0	0.7000000000000001	0.5384615384615384	1.0	0.0	1.0	1.0	HG003	giabHC_x_ultima_x_clinvar	-1	-2	sent	clair3	ilmn_all_downsamples_a	ILMN		5	0	5.712389	5	0.0		5.0	0.0
I2-HG003-5x-3-D0-PF-ILMN-NOVASEQ-sent-clair3-All	All	I2-HG003-5x-3-D0-PF-ILMN-NOVASEQ	332544085.0	332134836.0	29119.0	380130.0	122385.0	0.8338341939361502	0.9288477186260687	0.9996316558609873	0.2435449688069013	0.7564550311930986	0.7564550311930988	HG003	giabHC_x_ultima_x_clinvar	-1	-2	sent	clair3	ilmn_all_downsamples_a	ILMN		5	0	5.712389	5	0.0		5.0	0.0
I2-HG003-5x-3-D0-PF-ILMN-NOVASEQ-sent-clair3-SNPts	SNPts	I2-HG003-5x-3-D0-PF-ILMN-NOVASEQ	377862616.0	377589277.0	20188.0	253151.0	0.0	0.9616554920321373	0.9261429945964534	1.0	0.0	1.0	1.0	HG003	clinvar_genes	-1	-2	sent	clair3	ilmn_all_downsamples_a	ILMN		5	0	5.712389	5	0.0		5.0	0.0
I2-HG003-5x-3-D0-PF-ILMN-NOVASEQ-sent-clair3-SNPtv	SNPtv	I2-HG003-5x-3-D0-PF-ILMN-NOVASEQ	377862616.0	377738179.0	10792.0	113645.0	0.0	0.9546710797120319	0.9132733833184664	1.0	0.0	1.0	1.0	HG003	clinvar_genes	-1	-2	sent	clair3	ilmn_all_downsamples_a	ILMN		5	0	5.712389	5	0.0		5.0	0.0
I2-HG003-5x-3-D0-PF-ILMN-NOVASEQ-sent-clair3-INS_50	INS_50	I2-HG003-5x-3-D0-PF-ILMN-NOVASEQ	377862616.0	377833412.0	4278.0	24926.0	0.0	0.9209680399039349	0.8535132173674839	1.0	0.0	1.0	1.0	HG003	clinvar_genes	-1	-2	sent	clair3	ilmn_all_downsamples_a	ILMN		5	0	5.712389	5	0.0		5.0	0.0
I2-HG003-5x-3-D0-PF-ILMN-NOVASEQ-sent-clair3-INS_gt50	INS_gt50	I2-HG003-5x-3-D0-PF-ILMN-NOVASEQ	377862616.0	377862586.0	30.0	0.0	0.0		0.0	1.0				HG003	clinvar_genes	-1	-2	sent	clair3	ilmn_all_downsamples_a	ILMN		5	0	5.712389	5	0.0		5.0	0.0
I2-HG003-5x-3-D0-PF-ILMN-NOVASEQ-sent-clair3-DEL_50	DEL_50	I2-HG003-5x-3-D0-PF-ILMN-NOVASEQ	377862616.0	377831593.0	4049.0	26974.0	0.0	0.9301860441057297	0.8694839312767947	1.0	0.0	1.0	1.0	HG003	clinvar_genes	-1	-2	sent	clair3	ilmn_all_downsamples_a	ILMN		5	0	5.712389	5	0.0		5.0	0.0
I2-HG003-5x-3-D0-PF-ILMN-NOVASEQ-sent-clair3-DEL_gt50	DEL_gt50	I2-HG003-5x-3-D0-PF-ILMN-NOVASEQ	377862616.0	377862598.0	18.0	0.0	0.0		0.0	1.0				HG003	clinvar_genes	-1	-2	sent	clair3	ilmn_all_downsamples_a	ILMN		5	0	5.712389	5	0.0		5.0	0.0
I2-HG003-5x-3-D0-PF-ILMN-NOVASEQ-sent-clair3-Indel_50	Indel_50	I2-HG003-5x-3-D0-PF-ILMN-NOVASEQ	377862616.0	377858905.0	726.0	2985.0	0.0	0.8915770609318997	0.8043654001616815	1.0	0.0	1.0	1.0	HG003	clinvar_genes	-1	-2	sent	clair3	ilmn_all_downsamples_a	ILMN		5	0	5.712389	5	0.0		5.0	0.0
I2-HG003-5x-3-D0-PF-ILMN-NOVASEQ-sent-clair3-Indel_gt50	Indel_gt50	I2-HG003-5x-3-D0-PF-ILMN-NOVASEQ	377862616.0	377862479.0	72.0	65.0	0.0	0.6435643564356436	0.4744525547445255	1.0	0.0	1.0	1.0	HG003	clinvar_genes	-1	-2	sent	clair3	ilmn_all_downsamples_a	ILMN		5	0	5.712389	5	0.0		5.0	0.0
I2-HG003-5x-3-D0-PF-ILMN-NOVASEQ-sent-clair3-All	All	I2-HG003-5x-3-D0-PF-ILMN-NOVASEQ	377862616.0	377400717.0	40153.0	421746.0	0.0	0.9545598062570376	0.9130697403544931	1.0	0.0	1.0	1.0	HG003	clinvar_genes	-1	-2	sent	clair3	ilmn_all_downsamples_a	ILMN		5	0	5.712389	5	0.0		5.0	0.0
I2-HG003-5x-3-D0-PF-ILMN-NOVASEQ-sent-clair3-SNPts	SNPts	I2-HG003-5x-3-D0-PF-ILMN-NOVASEQ			188042.0	0.0	0.0		0.0					HG003	hg38	-1	-2	sent	clair3	ilmn_all_downsamples_a	ILMN		5	0	5.712389	5	0.0		5.0	0.0
I2-HG003-5x-3-D0-PF-ILMN-NOVASEQ-sent-clair3-SNPtv	SNPtv	I2-HG003-5x-3-D0-PF-ILMN-NOVASEQ			104945.0	0.0	0.0		0.0					HG003	hg38	-1	-2	sent	clair3	ilmn_all_downsamples_a	ILMN		5	0	5.712389	5	0.0		5.0	0.0
I2-HG003-5x-3-D0-PF-ILMN-NOVASEQ-sent-clair3-INS_50	INS_50	I2-HG003-5x-3-D0-PF-ILMN-NOVASEQ			40783.0	0.0	0.0		0.0					HG003	hg38	-1	-2	sent	clair3	ilmn_all_downsamples_a	ILMN		5	0	5.712389	5	0.0		5.0	0.0
I2-HG003-5x-3-D0-PF-ILMN-NOVASEQ-sent-clair3-INS_gt50	INS_gt50	I2-HG003-5x-3-D0-PF-ILMN-NOVASEQ			238.0	0.0	0.0		0.0					HG003	hg38	-1	-2	sent	clair3	ilmn_all_downsamples_a	ILMN		5	0	5.712389	5	0.0		5.0	0.0
I2-HG003-5x-3-D0-PF-ILMN-NOVASEQ-sent-clair3-DEL_50	DEL_50	I2-HG003-5x-3-D0-PF-ILMN-NOVASEQ			38154.0	0.0	0.0		0.0					HG003	hg38	-1	-2	sent	clair3	ilmn_all_downsamples_a	ILMN		5	0	5.712389	5	0.0		5.0	0.0
I2-HG003-5x-3-D0-PF-ILMN-NOVASEQ-sent-clair3-DEL_gt50	DEL_gt50	I2-HG003-5x-3-D0-PF-ILMN-NOVASEQ			138.0	0.0	0.0		0.0					HG003	hg38	-1	-2	sent	clair3	ilmn_all_downsamples_a	ILMN		5	0	5.712389	5	0.0		5.0	0.0
I2-HG003-5x-3-D0-PF-ILMN-NOVASEQ-sent-clair3-Indel_50	Indel_50	I2-HG003-5x-3-D0-PF-ILMN-NOVASEQ			7716.0	0.0	0.0		0.0					HG003	hg38	-1	-2	sent	clair3	ilmn_all_downsamples_a	ILMN		5	0	5.712389	5	0.0		5.0	0.0
I2-HG003-5x-3-D0-PF-ILMN-NOVASEQ-sent-clair3-Indel_gt50	Indel_gt50	I2-HG003-5x-3-D0-PF-ILMN-NOVASEQ			604.0	0.0	0.0		0.0					HG003	hg38	-1	-2	sent	clair3	ilmn_all_downsamples_a	ILMN		5	0	5.712389	5	0.0		5.0	0.0
I2-HG003-5x-3-D0-PF-ILMN-NOVASEQ-sent-clair3-All	All	I2-HG003-5x-3-D0-PF-ILMN-NOVASEQ	3088286401.0	3087905781.0	380620.0	0.0	0.0		0.0	1.0				HG003	hg38	-1	-2	sent	clair3	ilmn_all_downsamples_a	ILMN		5	0	5.712389	5	0.0		5.0	0.0
I2-HG003-5x-3-D0-PF-ILMN-NOVASEQ-sent-clair3-SNPts	SNPts	I2-HG003-5x-3-D0-PF-ILMN-NOVASEQ	688815815.0	688747365.0	11342.0	57108.0	0.0	0.9096672454164609	0.8343024105186267	1.0	0.0	1.0	1.0	HG003	hg38_m_giabHC	-1	-2	sent	clair3	ilmn_all_downsamples_a	ILMN		5	0	5.712389	5	0.0		5.0	0.0
I2-HG003-5x-3-D0-PF-ILMN-NOVASEQ-sent-clair3-SNPtv	SNPtv	I2-HG003-5x-3-D0-PF-ILMN-NOVASEQ	688815815.0	688780124.0	6522.0	29169.0	0.0	0.8994449583718779	0.8172648566865597	1.0	0.0	1.0	1.0	HG003	hg38_m_giabHC	-1	-2	sent	clair3	ilmn_all_downsamples_a	ILMN		5	0	5.712389	5	0.0		5.0	0.0
I2-HG003-5x-3-D0-PF-ILMN-NOVASEQ-sent-clair3-INS_50	INS_50	I2-HG003-5x-3-D0-PF-ILMN-NOVASEQ	688815815.0	688788616.0	8453.0	18746.0	0.0	0.8160191533355098	0.6892165153130629	1.0	0.0	1.0	1.0	HG003	hg38_m_giabHC	-1	-2	sent	clair3	ilmn_all_downsamples_a	ILMN		5	0	5.712389	5	0.0		5.0	0.0
I2-HG003-5x-3-D0-PF-ILMN-NOVASEQ-sent-clair3-INS_gt50	INS_gt50	I2-HG003-5x-3-D0-PF-ILMN-NOVASEQ	688815815.0	688815578.0	237.0	0.0	0.0		0.0	1.0				HG003	hg38_m_giabHC	-1	-2	sent	clair3	ilmn_all_downsamples_a	ILMN		5	0	5.712389	5	0.0		5.0	0.0
I2-HG003-5x-3-D0-PF-ILMN-NOVASEQ-sent-clair3-DEL_50	DEL_50	I2-HG003-5x-3-D0-PF-ILMN-NOVASEQ	688815815.0	688788010.0	7226.0	20579.0	0.0	0.8506531084656085	0.7401186836899838	1.0	0.0	1.0	1.0	HG003	hg38_m_giabHC	-1	-2	sent	clair3	ilmn_all_downsamples_a	ILMN		5	0	5.712389	5	0.0		5.0	0.0
I2-HG003-5x-3-D0-PF-ILMN-NOVASEQ-sent-clair3-DEL_gt50	DEL_gt50	I2-HG003-5x-3-D0-PF-ILMN-NOVASEQ	688815815.0	688815677.0	138.0	0.0	0.0		0.0	1.0				HG003	hg38_m_giabHC	-1	-2	sent	clair3	ilmn_all_downsamples_a	ILMN		5	0	5.712389	5	0.0		5.0	0.0
I2-HG003-5x-3-D0-PF-ILMN-NOVASEQ-sent-clair3-Indel_50	Indel_50	I2-HG003-5x-3-D0-PF-ILMN-NOVASEQ	688815815.0	688807557.0	2592.0	5666.0	0.0	0.8138465958058029	0.6861225478324049	1.0	0.0	1.0	1.0	HG003	hg38_m_giabHC	-1	-2	sent	clair3	ilmn_all_downsamples_a	ILMN		5	0	5.712389	5	0.0		5.0	0.0
I2-HG003-5x-3-D0-PF-ILMN-NOVASEQ-sent-clair3-Indel_gt50	Indel_gt50	I2-HG003-5x-3-D0-PF-ILMN-NOVASEQ	688815815.0	688814985.0	457.0	373.0	0.0	0.6201163757273482	0.4493975903614458	1.0	0.0	1.0	1.0	HG003	hg38_m_giabHC	-1	-2	sent	clair3	ilmn_all_downsamples_a	ILMN		5	0	5.712389	5	0.0		5.0	0.0
I2-HG003-5x-3-D0-PF-ILMN-NOVASEQ-sent-clair3-All	All	I2-HG003-5x-3-D0-PF-ILMN-NOVASEQ	688815815.0	688647207.0	36967.0	131641.0	0.0	0.8768788572151781	0.7807518029986715	1.0	0.0	1.0	1.0	HG003	hg38_m_giabHC	-1	-2	sent	clair3	ilmn_all_downsamples_a	ILMN		5	0	5.712389	5	0.0		5.0	0.0
I2-HG003-5x-3-D0-PF-ILMN-NOVASEQ-sent-clair3-SNPts	SNPts	I2-HG003-5x-3-D0-PF-ILMN-NOVASEQ	2799325643.0	2797071016.0	164902.0	2089725.0	0.0	0.9620422102076442	0.9268606292748202	1.0	0.0	1.0	1.0	HG003	ultima	-1	-2	sent	clair3	ilmn_all_downsamples_a	ILMN		5	0	5.712389	5	0.0		5.0	0.0
I2-HG003-5x-3-D0-PF-ILMN-NOVASEQ-sent-clair3-SNPtv	SNPtv	I2-HG003-5x-3-D0-PF-ILMN-NOVASEQ	2799325643.0	2798266386.0	91042.0	968215.0	0.0	0.9550958040357648	0.9140510754236224	1.0	0.0	1.0	1.0	HG003	ultima	-1	-2	sent	clair3	ilmn_all_downsamples_a	ILMN		5	0	5.712389	5	0.0		5.0	0.0
I2-HG003-5x-3-D0-PF-ILMN-NOVASEQ-sent-clair3-INS_50	INS_50	I2-HG003-5x-3-D0-PF-ILMN-NOVASEQ	2799325643.0	2799161102.0	21702.0	142839.0	0.0	0.9293968377903572	0.8681058216493154	1.0	0.0	1.0	1.0	HG003	ultima	-1	-2	sent	clair3	ilmn_all_downsamples_a	ILMN		5	0	5.712389	5	0.0		5.0	0.0
I2-HG003-5x-3-D0-PF-ILMN-NOVASEQ-sent-clair3-INS_gt50	INS_gt50	I2-HG003-5x-3-D0-PF-ILMN-NOVASEQ	2799325643.0	2799325547.0	96.0	0.0	0.0		0.0	1.0				HG003	ultima	-1	-2	sent	clair3	ilmn_all_downsamples_a	ILMN		5	0	5.712389	5	0.0		5.0	0.0
I2-HG003-5x-3-D0-PF-ILMN-NOVASEQ-sent-clair3-DEL_50	DEL_50	I2-HG003-5x-3-D0-PF-ILMN-NOVASEQ	2799325643.0	2799146793.0	22122.0	156728.0	0.0	0.9340779192914912	0.8763097567794241	1.0	0.0	1.0	1.0	HG003	ultima	-1	-2	sent	clair3	ilmn_all_downsamples_a	ILMN		5	0	5.712389	5	0.0		5.0	0.0
I2-HG003-5x-3-D0-PF-ILMN-NOVASEQ-sent-clair3-DEL_gt50	DEL_gt50	I2-HG003-5x-3-D0-PF-ILMN-NOVASEQ	2799325643.0	2799325554.0	89.0	0.0	0.0		0.0	1.0				HG003	ultima	-1	-2	sent	clair3	ilmn_all_downsamples_a	ILMN		5	0	5.712389	5	0.0		5.0	0.0
I2-HG003-5x-3-D0-PF-ILMN-NOVASEQ-sent-clair3-Indel_50	Indel_50	I2-HG003-5x-3-D0-PF-ILMN-NOVASEQ	2799325643.0	2799310449.0	3356.0	11838.0	0.0	0.8758508434448061	0.7791233381598	1.0	0.0	1.0	1.0	HG003	ultima	-1	-2	sent	clair3	ilmn_all_downsamples_a	ILMN		5	0	5.712389	5	0.0		5.0	0.0
I2-HG003-5x-3-D0-PF-ILMN-NOVASEQ-sent-clair3-Indel_gt50	Indel_gt50	I2-HG003-5x-3-D0-PF-ILMN-NOVASEQ	2799325643.0	2799324956.0	277.0	410.0	0.0	0.747493163172288	0.5967976710334789	1.0	0.0	1.0	1.0	HG003	ultima	-1	-2	sent	clair3	ilmn_all_downsamples_a	ILMN		5	0	5.712389	5	0.0		5.0	0.0
I2-HG003-5x-3-D0-PF-ILMN-NOVASEQ-sent-clair3-All	All	I2-HG003-5x-3-D0-PF-ILMN-NOVASEQ	2799325643.0	2795652302.0	303586.0	3369755.0	0.0	0.9568959446243527	0.9173542559756908	1.0	0.0	1.0	1.0	HG003	ultima	-1	-2	sent	clair3	ilmn_all_downsamples_a	ILMN		5	0	5.712389	5	0.0		5.0	0.0
I2-HG003-5x-3-D0-PF-ILMN-NOVASEQ-sent-clair3-SNPts	SNPts	I2-HG003-5x-3-D0-PF-ILMN-NOVASEQ	337668665.0	337403053.0	18863.0	246749.0	105996.0	0.7980794266095476	0.928982877279641	0.9996859461981418	0.3004890218146253	0.6995109781853748	0.6995109781853747	HG003	giabHC_x_clinvar_genes	-1	-2	sent	clair3	ilmn_all_downsamples_a	ILMN		5	0	5.712389	5	0.0		5.0	0.0
I2-HG003-5x-3-D0-PF-ILMN-NOVASEQ-sent-clair3-SNPtv	SNPtv	I2-HG003-5x-3-D0-PF-ILMN-NOVASEQ	337668665.0	337548357.0	10048.0	110260.0	20514.0	0.878278809313292	0.9164810320178209	0.9999392301786025	0.15686604370899415	0.8431339562910058	0.8431339562910058	HG003	giabHC_x_clinvar_genes	-1	-2	sent	clair3	ilmn_all_downsamples_a	ILMN		5	0	5.712389	5	0.0		5.0	0.0
I2-HG003-5x-3-D0-PF-ILMN-NOVASEQ-sent-clair3-INS_50	INS_50	I2-HG003-5x-3-D0-PF-ILMN-NOVASEQ	337668665.0	337642300.0	3463.0	22902.0	2037.0	0.8927958833619211	0.8686516214678551	0.999993967024538	0.08167929748586551	0.9183207025141344	0.9183207025141344	HG003	giabHC_x_clinvar_genes	-1	-2	sent	clair3	ilmn_all_downsamples_a	ILMN		5	0	5.712389	5	0.0		5.0	0.0
I2-HG003-5x-3-D0-PF-ILMN-NOVASEQ-sent-clair3-INS_gt50	INS_gt50	I2-HG003-5x-3-D0-PF-ILMN-NOVASEQ	337668665.0	337668665.0	0.0	0.0	0.0			1.0				HG003	giabHC_x_clinvar_genes	-1	-2	sent	clair3	ilmn_all_downsamples_a	ILMN		5	0	5.712389	5	0.0		5.0	0.0
I2-HG003-5x-3-D0-PF-ILMN-NOVASEQ-sent-clair3-DEL_50	DEL_50	I2-HG003-5x-3-D0-PF-ILMN-NOVASEQ	337668665.0	337640557.0	3300.0	24808.0	2359.0	0.8976209859791949	0.8825957022911627	0.9999930133289099	0.08683329038907497	0.913166709610925	0.913166709610925	HG003	giabHC_x_clinvar_genes	-1	-2	sent	clair3	ilmn_all_downsamples_a	ILMN		5	0	5.712389	5	0.0		5.0	0.0
I2-HG003-5x-3-D0-PF-ILMN-NOVASEQ-sent-clair3-DEL_gt50	DEL_gt50	I2-HG003-5x-3-D0-PF-ILMN-NOVASEQ	337668665.0	337668665.0	0.0	0.0	0.0			1.0				HG003	giabHC_x_clinvar_genes	-1	-2	sent	clair3	ilmn_all_downsamples_a	ILMN		5	0	5.712389	5	0.0		5.0	0.0
I2-HG003-5x-3-D0-PF-ILMN-NOVASEQ-sent-clair3-Indel_50	Indel_50	I2-HG003-5x-3-D0-PF-ILMN-NOVASEQ	337668665.0	337665752.0	466.0	2447.0	17.0	0.9101729588990144	0.8400274630964641	0.9999999496543578	0.006899350649350649	0.9931006493506493	0.9931006493506493	HG003	giabHC_x_clinvar_genes	-1	-2	sent	clair3	ilmn_all_downsamples_a	ILMN		5	0	5.712389	5	0.0		5.0	0.0
I2-HG003-5x-3-D0-PF-ILMN-NOVASEQ-sent-clair3-Indel_gt50	Indel_gt50	I2-HG003-5x-3-D0-PF-ILMN-NOVASEQ	337668665.0	337668625.0	18.0	22.0	0.0	0.7096774193548387	0.55	1.0	0.0	1.0	1.0	HG003	giabHC_x_clinvar_genes	-1	-2	sent	clair3	ilmn_all_downsamples_a	ILMN		5	0	5.712389	5	0.0		5.0	0.0
I2-HG003-5x-3-D0-PF-ILMN-NOVASEQ-sent-clair3-All	All	I2-HG003-5x-3-D0-PF-ILMN-NOVASEQ	337668665.0	337225319.0	36158.0	407188.0	130923.0	0.829762281995034	0.9184429317057107	0.9996119146952082	0.24330110330396518	0.7566988966960349	0.7566988966960349	HG003	giabHC_x_clinvar_genes	-1	-2	sent	clair3	ilmn_all_downsamples_a	ILMN		5	0	5.712389	5	0.0		5.0	0.0
I2-HG003-7x-4-D0-PF-ILMN-NOVASEQ-bwa2a-clair3-SNPts	SNPts	I2-HG003-7x-4-D0-PF-ILMN-NOVASEQ			78896.0	0.0	0.0		0.0					HG003	ultima	-1	-2	bwa2a	clair3	ilmn_all_downsamples_a	ILMN		7	0	7.979116	7	0.0		8.0	0.0
I2-HG003-7x-4-D0-PF-ILMN-NOVASEQ-bwa2a-clair3-SNPtv	SNPtv	I2-HG003-7x-4-D0-PF-ILMN-NOVASEQ			45428.0	0.0	0.0		0.0					HG003	ultima	-1	-2	bwa2a	clair3	ilmn_all_downsamples_a	ILMN		7	0	7.979116	7	0.0		8.0	0.0
I2-HG003-7x-4-D0-PF-ILMN-NOVASEQ-bwa2a-clair3-INS_50	INS_50	I2-HG003-7x-4-D0-PF-ILMN-NOVASEQ			12293.0	0.0	0.0		0.0					HG003	ultima	-1	-2	bwa2a	clair3	ilmn_all_downsamples_a	ILMN		7	0	7.979116	7	0.0		8.0	0.0
I2-HG003-7x-4-D0-PF-ILMN-NOVASEQ-bwa2a-clair3-INS_gt50	INS_gt50	I2-HG003-7x-4-D0-PF-ILMN-NOVASEQ			96.0	0.0	0.0		0.0					HG003	ultima	-1	-2	bwa2a	clair3	ilmn_all_downsamples_a	ILMN		7	0	7.979116	7	0.0		8.0	0.0
I2-HG003-7x-4-D0-PF-ILMN-NOVASEQ-bwa2a-clair3-DEL_50	DEL_50	I2-HG003-7x-4-D0-PF-ILMN-NOVASEQ			12024.0	0.0	0.0		0.0					HG003	ultima	-1	-2	bwa2a	clair3	ilmn_all_downsamples_a	ILMN		7	0	7.979116	7	0.0		8.0	0.0
I2-HG003-7x-4-D0-PF-ILMN-NOVASEQ-bwa2a-clair3-DEL_gt50	DEL_gt50	I2-HG003-7x-4-D0-PF-ILMN-NOVASEQ			87.0	0.0	0.0		0.0					HG003	ultima	-1	-2	bwa2a	clair3	ilmn_all_downsamples_a	ILMN		7	0	7.979116	7	0.0		8.0	0.0
I2-HG003-7x-4-D0-PF-ILMN-NOVASEQ-bwa2a-clair3-Indel_50	Indel_50	I2-HG003-7x-4-D0-PF-ILMN-NOVASEQ			1687.0	0.0	0.0		0.0					HG003	ultima	-1	-2	bwa2a	clair3	ilmn_all_downsamples_a	ILMN		7	0	7.979116	7	0.0		8.0	0.0
I2-HG003-7x-4-D0-PF-ILMN-NOVASEQ-bwa2a-clair3-Indel_gt50	Indel_gt50	I2-HG003-7x-4-D0-PF-ILMN-NOVASEQ			177.0	0.0	0.0		0.0					HG003	ultima	-1	-2	bwa2a	clair3	ilmn_all_downsamples_a	ILMN		7	0	7.979116	7	0.0		8.0	0.0
I2-HG003-7x-4-D0-PF-ILMN-NOVASEQ-bwa2a-clair3-All	All	I2-HG003-7x-4-D0-PF-ILMN-NOVASEQ	2799325643.0	2799174955.0	150688.0	0.0	0.0		0.0	1.0				HG003	ultima	-1	-2	bwa2a	clair3	ilmn_all_downsamples_a	ILMN		7	0	7.979116	7	0.0		8.0	0.0
I2-HG003-7x-4-D0-PF-ILMN-NOVASEQ-bwa2a-clair3-SNPts	SNPts	I2-HG003-7x-4-D0-PF-ILMN-NOVASEQ	377862616.0	377589310.0	10742.0	262564.0	0.0	0.9799540933435349	0.9606960696069607	1.0	0.0	1.0	1.0	HG003	clinvar_genes	-1	-2	bwa2a	clair3	ilmn_all_downsamples_a	ILMN		7	0	7.979116	7	0.0		8.0	0.0
I2-HG003-7x-4-D0-PF-ILMN-NOVASEQ-bwa2a-clair3-SNPtv	SNPtv	I2-HG003-7x-4-D0-PF-ILMN-NOVASEQ	377862616.0	377738182.0	5795.0	118639.0	0.0	0.9761594253578143	0.953429127087452	1.0	0.0	1.0	1.0	HG003	clinvar_genes	-1	-2	bwa2a	clair3	ilmn_all_downsamples_a	ILMN		7	0	7.979116	7	0.0		8.0	0.0
I2-HG003-7x-4-D0-PF-ILMN-NOVASEQ-bwa2a-clair3-INS_50	INS_50	I2-HG003-7x-4-D0-PF-ILMN-NOVASEQ	377862616.0	377833468.0	2615.0	26533.0	0.0	0.9530360446112678	0.9102854398243447	1.0	0.0	1.0	1.0	HG003	clinvar_genes	-1	-2	bwa2a	clair3	ilmn_all_downsamples_a	ILMN		7	0	7.979116	7	0.0		8.0	0.0
I2-HG003-7x-4-D0-PF-ILMN-NOVASEQ-bwa2a-clair3-INS_gt50	INS_gt50	I2-HG003-7x-4-D0-PF-ILMN-NOVASEQ	377862616.0	377862586.0	30.0	0.0	0.0		0.0	1.0				HG003	clinvar_genes	-1	-2	bwa2a	clair3	ilmn_all_downsamples_a	ILMN		7	0	7.979116	7	0.0		8.0	0.0
I2-HG003-7x-4-D0-PF-ILMN-NOVASEQ-bwa2a-clair3-DEL_50	DEL_50	I2-HG003-7x-4-D0-PF-ILMN-NOVASEQ	377862616.0	377831700.0	2326.0	28590.0	0.0	0.9609115047222129	0.9247638763100013	1.0	0.0	1.0	1.0	HG003	clinvar_genes	-1	-2	bwa2a	clair3	ilmn_all_downsamples_a	ILMN		7	0	7.979116	7	0.0		8.0	0.0
I2-HG003-7x-4-D0-PF-ILMN-NOVASEQ-bwa2a-clair3-DEL_gt50	DEL_gt50	I2-HG003-7x-4-D0-PF-ILMN-NOVASEQ	377862616.0	377862598.0	18.0	0.0	0.0		0.0	1.0				HG003	clinvar_genes	-1	-2	bwa2a	clair3	ilmn_all_downsamples_a	ILMN		7	0	7.979116	7	0.0		8.0	0.0
I2-HG003-7x-4-D0-PF-ILMN-NOVASEQ-bwa2a-clair3-Indel_50	Indel_50	I2-HG003-7x-4-D0-PF-ILMN-NOVASEQ	377862616.0	377858688.0	383.0	3545.0	0.0	0.9487488291181587	0.9024949083503055	1.0	0.0	1.0	1.0	HG003	clinvar_genes	-1	-2	bwa2a	clair3	ilmn_all_downsamples_a	ILMN		7	0	7.979116	7	0.0		8.0	0.0
I2-HG003-7x-4-D0-PF-ILMN-NOVASEQ-bwa2a-clair3-Indel_gt50	Indel_gt50	I2-HG003-7x-4-D0-PF-ILMN-NOVASEQ	377862616.0	377862488.0	45.0	83.0	0.0	0.7867298578199052	0.6484375	1.0	0.0	1.0	1.0	HG003	clinvar_genes	-1	-2	bwa2a	clair3	ilmn_all_downsamples_a	ILMN		7	0	7.979116	7	0.0		8.0	0.0
I2-HG003-7x-4-D0-PF-ILMN-NOVASEQ-bwa2a-clair3-All	All	I2-HG003-7x-4-D0-PF-ILMN-NOVASEQ	377862616.0	377400708.0	21954.0	439954.0	0.0	0.9756570295677166	0.9524710548420897	1.0	0.0	1.0	1.0	HG003	clinvar_genes	-1	-2	bwa2a	clair3	ilmn_all_downsamples_a	ILMN		7	0	7.979116	7	0.0		8.0	0.0
I2-HG003-7x-4-D0-PF-ILMN-NOVASEQ-bwa2a-clair3-SNPts	SNPts	I2-HG003-7x-4-D0-PF-ILMN-NOVASEQ			97976.0	0.0	0.0		0.0					HG003	hg38	-1	-2	bwa2a	clair3	ilmn_all_downsamples_a	ILMN		7	0	7.979116	7	0.0		8.0	0.0
I2-HG003-7x-4-D0-PF-ILMN-NOVASEQ-bwa2a-clair3-SNPtv	SNPtv	I2-HG003-7x-4-D0-PF-ILMN-NOVASEQ			56684.0	0.0	0.0		0.0					HG003	hg38	-1	-2	bwa2a	clair3	ilmn_all_downsamples_a	ILMN		7	0	7.979116	7	0.0		8.0	0.0
I2-HG003-7x-4-D0-PF-ILMN-NOVASEQ-bwa2a-clair3-INS_50	INS_50	I2-HG003-7x-4-D0-PF-ILMN-NOVASEQ			24954.0	0.0	0.0		0.0					HG003	hg38	-1	-2	bwa2a	clair3	ilmn_all_downsamples_a	ILMN		7	0	7.979116	7	0.0		8.0	0.0
I2-HG003-7x-4-D0-PF-ILMN-NOVASEQ-bwa2a-clair3-INS_gt50	INS_gt50	I2-HG003-7x-4-D0-PF-ILMN-NOVASEQ			237.0	0.0	0.0		0.0					HG003	hg38	-1	-2	bwa2a	clair3	ilmn_all_downsamples_a	ILMN		7	0	7.979116	7	0.0		8.0	0.0
I2-HG003-7x-4-D0-PF-ILMN-NOVASEQ-bwa2a-clair3-DEL_50	DEL_50	I2-HG003-7x-4-D0-PF-ILMN-NOVASEQ			21776.0	0.0	0.0		0.0					HG003	hg38	-1	-2	bwa2a	clair3	ilmn_all_downsamples_a	ILMN		7	0	7.979116	7	0.0		8.0	0.0
I2-HG003-7x-4-D0-PF-ILMN-NOVASEQ-bwa2a-clair3-DEL_gt50	DEL_gt50	I2-HG003-7x-4-D0-PF-ILMN-NOVASEQ			136.0	0.0	0.0		0.0					HG003	hg38	-1	-2	bwa2a	clair3	ilmn_all_downsamples_a	ILMN		7	0	7.979116	7	0.0		8.0	0.0
I2-HG003-7x-4-D0-PF-ILMN-NOVASEQ-bwa2a-clair3-Indel_50	Indel_50	I2-HG003-7x-4-D0-PF-ILMN-NOVASEQ			4052.0	0.0	0.0		0.0					HG003	hg38	-1	-2	bwa2a	clair3	ilmn_all_downsamples_a	ILMN		7	0	7.979116	7	0.0		8.0	0.0
I2-HG003-7x-4-D0-PF-ILMN-NOVASEQ-bwa2a-clair3-Indel_gt50	Indel_gt50	I2-HG003-7x-4-D0-PF-ILMN-NOVASEQ			412.0	0.0	0.0		0.0					HG003	hg38	-1	-2	bwa2a	clair3	ilmn_all_downsamples_a	ILMN		7	0	7.979116	7	0.0		8.0	0.0
I2-HG003-7x-4-D0-PF-ILMN-NOVASEQ-bwa2a-clair3-All	All	I2-HG003-7x-4-D0-PF-ILMN-NOVASEQ	3088286401.0	3088080174.0	206227.0	0.0	0.0		0.0	1.0				HG003	hg38	-1	-2	bwa2a	clair3	ilmn_all_downsamples_a	ILMN		7	0	7.979116	7	0.0		8.0	0.0
I2-HG003-7x-4-D0-PF-ILMN-NOVASEQ-bwa2a-clair3-SNPts	SNPts	I2-HG003-7x-4-D0-PF-ILMN-NOVASEQ			75491.0	0.0	0.0		0.0					HG003	giabHC_x_ultima	-1	-2	bwa2a	clair3	ilmn_all_downsamples_a	ILMN		7	0	7.979116	7	0.0		8.0	0.0
I2-HG003-7x-4-D0-PF-ILMN-NOVASEQ-bwa2a-clair3-SNPtv	SNPtv	I2-HG003-7x-4-D0-PF-ILMN-NOVASEQ			43384.0	0.0	0.0		0.0					HG003	giabHC_x_ultima	-1	-2	bwa2a	clair3	ilmn_all_downsamples_a	ILMN		7	0	7.979116	7	0.0		8.0	0.0
I2-HG003-7x-4-D0-PF-ILMN-NOVASEQ-bwa2a-clair3-INS_50	INS_50	I2-HG003-7x-4-D0-PF-ILMN-NOVASEQ			10493.0	0.0	0.0		0.0					HG003	giabHC_x_ultima	-1	-2	bwa2a	clair3	ilmn_all_downsamples_a	ILMN		7	0	7.979116	7	0.0		8.0	0.0
I2-HG003-7x-4-D0-PF-ILMN-NOVASEQ-bwa2a-clair3-INS_gt50	INS_gt50	I2-HG003-7x-4-D0-PF-ILMN-NOVASEQ			0.0	0.0	0.0							HG003	giabHC_x_ultima	-1	-2	bwa2a	clair3	ilmn_all_downsamples_a	ILMN		7	0	7.979116	7	0.0		8.0	0.0
I2-HG003-7x-4-D0-PF-ILMN-NOVASEQ-bwa2a-clair3-DEL_50	DEL_50	I2-HG003-7x-4-D0-PF-ILMN-NOVASEQ			10171.0	0.0	0.0		0.0					HG003	giabHC_x_ultima	-1	-2	bwa2a	clair3	ilmn_all_downsamples_a	ILMN		7	0	7.979116	7	0.0		8.0	0.0
I2-HG003-7x-4-D0-PF-ILMN-NOVASEQ-bwa2a-clair3-DEL_gt50	DEL_gt50	I2-HG003-7x-4-D0-PF-ILMN-NOVASEQ			0.0	0.0	0.0							HG003	giabHC_x_ultima	-1	-2	bwa2a	clair3	ilmn_all_downsamples_a	ILMN		7	0	7.979116	7	0.0		8.0	0.0
I2-HG003-7x-4-D0-PF-ILMN-NOVASEQ-bwa2a-clair3-Indel_50	Indel_50	I2-HG003-7x-4-D0-PF-ILMN-NOVASEQ			1255.0	0.0	0.0		0.0					HG003	giabHC_x_ultima	-1	-2	bwa2a	clair3	ilmn_all_downsamples_a	ILMN		7	0	7.979116	7	0.0		8.0	0.0
I2-HG003-7x-4-D0-PF-ILMN-NOVASEQ-bwa2a-clair3-Indel_gt50	Indel_gt50	I2-HG003-7x-4-D0-PF-ILMN-NOVASEQ			58.0	0.0	0.0		0.0					HG003	giabHC_x_ultima	-1	-2	bwa2a	clair3	ilmn_all_downsamples_a	ILMN		7	0	7.979116	7	0.0		8.0	0.0
I2-HG003-7x-4-D0-PF-ILMN-NOVASEQ-bwa2a-clair3-All	All	I2-HG003-7x-4-D0-PF-ILMN-NOVASEQ	2505355380.0	2505214528.0	140852.0	0.0	0.0		0.0	1.0				HG003	giabHC_x_ultima	-1	-2	bwa2a	clair3	ilmn_all_downsamples_a	ILMN		7	0	7.979116	7	0.0		8.0	0.0
I2-HG003-7x-4-D0-PF-ILMN-NOVASEQ-bwa2a-clair3-SNPts	SNPts	I2-HG003-7x-4-D0-PF-ILMN-NOVASEQ	332544085.0	332287222.0	7657.0	249206.0	59057.0	0.8819484504340624	0.9701903349256218	0.9998223028096548	0.1915799171486685	0.8084200828513315	0.8084200828513315	HG003	giabHC_x_ultima_x_clinvar	-1	-2	bwa2a	clair3	ilmn_all_downsamples_a	ILMN		7	0	7.979116	7	0.0		8.0	0.0
I2-HG003-7x-4-D0-PF-ILMN-NOVASEQ-bwa2a-clair3-SNPtv	SNPtv	I2-HG003-7x-4-D0-PF-ILMN-NOVASEQ	332544085.0	332429443.0	4153.0	110489.0	12168.0	0.9312217919165273	0.9637741839814379	0.9999633980837616	0.09920346983865576	0.9007965301613442	0.9007965301613442	HG003	giabHC_x_ultima_x_clinvar	-1	-2	bwa2a	clair3	ilmn_all_downsamples_a	ILMN		7	0	7.979116	7	0.0		8.0	0.0
I2-HG003-7x-4-D0-PF-ILMN-NOVASEQ-bwa2a-clair3-INS_50	INS_50	I2-HG003-7x-4-D0-PF-ILMN-NOVASEQ	332544085.0	332526585.0	1050.0	16450.0	543.0	0.9538167164352187	0.94	0.9999983670505223	0.03195433413758606	0.9680456658624139	0.9680456658624139	HG003	giabHC_x_ultima_x_clinvar	-1	-2	bwa2a	clair3	ilmn_all_downsamples_a	ILMN		7	0	7.979116	7	0.0		8.0	0.0
I2-HG003-7x-4-D0-PF-ILMN-NOVASEQ-bwa2a-clair3-INS_gt50	INS_gt50	I2-HG003-7x-4-D0-PF-ILMN-NOVASEQ	332544085.0	332544085.0	0.0	0.0	0.0			1.0				HG003	giabHC_x_ultima_x_clinvar	-1	-2	bwa2a	clair3	ilmn_all_downsamples_a	ILMN		7	0	7.979116	7	0.0		8.0	0.0
I2-HG003-7x-4-D0-PF-ILMN-NOVASEQ-bwa2a-clair3-DEL_50	DEL_50	I2-HG003-7x-4-D0-PF-ILMN-NOVASEQ	332544085.0	332525075.0	1078.0	17932.0	660.0	0.9537790543056222	0.9432930036822725	0.9999980151912152	0.03549913941480207	0.9645008605851979	0.9645008605851979	HG003	giabHC_x_ultima_x_clinvar	-1	-2	bwa2a	clair3	ilmn_all_downsamples_a	ILMN		7	0	7.979116	7	0.0		8.0	0.0
I2-HG003-7x-4-D0-PF-ILMN-NOVASEQ-bwa2a-clair3-DEL_gt50	DEL_gt50	I2-HG003-7x-4-D0-PF-ILMN-NOVASEQ	332544085.0	332544085.0	0.0	0.0	0.0			1.0				HG003	giabHC_x_ultima_x_clinvar	-1	-2	bwa2a	clair3	ilmn_all_downsamples_a	ILMN		7	0	7.979116	7	0.0		8.0	0.0
I2-HG003-7x-4-D0-PF-ILMN-NOVASEQ-bwa2a-clair3-Indel_50	Indel_50	I2-HG003-7x-4-D0-PF-ILMN-NOVASEQ	332544085.0	332542899.0	109.0	1077.0	0.0	0.9518338488731771	0.9080944350758853	1.0	0.0	1.0	1.0	HG003	giabHC_x_ultima_x_clinvar	-1	-2	bwa2a	clair3	ilmn_all_downsamples_a	ILMN		7	0	7.979116	7	0.0		8.0	0.0
I2-HG003-7x-4-D0-PF-ILMN-NOVASEQ-bwa2a-clair3-Indel_gt50	Indel_gt50	I2-HG003-7x-4-D0-PF-ILMN-NOVASEQ	332544085.0	332544060.0	3.0	22.0	0.0	0.9361702127659575	0.88	1.0	0.0	1.0	1.0	HG003	giabHC_x_ultima_x_clinvar	-1	-2	bwa2a	clair3	ilmn_all_downsamples_a	ILMN		7	0	7.979116	7	0.0		8.0	0.0
I2-HG003-7x-4-D0-PF-ILMN-NOVASEQ-bwa2a-clair3-All	All	I2-HG003-7x-4-D0-PF-ILMN-NOVASEQ	332544085.0	332134859.0	14050.0	395176.0	72428.0	0.9013742686723766	0.9656668931104084	0.9997819794964341	0.15489174600730532	0.8451082539926946	0.8451082539926946	HG003	giabHC_x_ultima_x_clinvar	-1	-2	bwa2a	clair3	ilmn_all_downsamples_a	ILMN		7	0	7.979116	7	0.0		8.0	0.0
I2-HG003-7x-4-D0-PF-ILMN-NOVASEQ-bwa2a-clair3-SNPts	SNPts	I2-HG003-7x-4-D0-PF-ILMN-NOVASEQ	688815815.0	688747397.0	7737.0	60681.0	0.0	0.9400692491808612	0.8869157239322986	1.0	0.0	1.0	1.0	HG003	hg38_m_giabHC	-1	-2	bwa2a	clair3	ilmn_all_downsamples_a	ILMN		7	0	7.979116	7	0.0		8.0	0.0
I2-HG003-7x-4-D0-PF-ILMN-NOVASEQ-bwa2a-clair3-SNPtv	SNPtv	I2-HG003-7x-4-D0-PF-ILMN-NOVASEQ	688815815.0	688780182.0	4656.0	30977.0	0.0	0.930100585497673	0.8693346055622597	1.0	0.0	1.0	1.0	HG003	hg38_m_giabHC	-1	-2	bwa2a	clair3	ilmn_all_downsamples_a	ILMN		7	0	7.979116	7	0.0		8.0	0.0
I2-HG003-7x-4-D0-PF-ILMN-NOVASEQ-bwa2a-clair3-INS_50	INS_50	I2-HG003-7x-4-D0-PF-ILMN-NOVASEQ	688815815.0	688788774.0	6337.0	20704.0	0.0	0.8672740601110065	0.7656521578343997	1.0	0.0	1.0	1.0	HG003	hg38_m_giabHC	-1	-2	bwa2a	clair3	ilmn_all_downsamples_a	ILMN		7	0	7.979116	7	0.0		8.0	0.0
I2-HG003-7x-4-D0-PF-ILMN-NOVASEQ-bwa2a-clair3-INS_gt50	INS_gt50	I2-HG003-7x-4-D0-PF-ILMN-NOVASEQ	688815815.0	688815579.0	236.0	0.0	0.0		0.0	1.0				HG003	hg38_m_giabHC	-1	-2	bwa2a	clair3	ilmn_all_downsamples_a	ILMN		7	0	7.979116	7	0.0		8.0	0.0
I2-HG003-7x-4-D0-PF-ILMN-NOVASEQ-bwa2a-clair3-DEL_50	DEL_50	I2-HG003-7x-4-D0-PF-ILMN-NOVASEQ	688815815.0	688788128.0	5022.0	22665.0	0.0	0.9002621544327931	0.8186152345866291	1.0	0.0	1.0	1.0	HG003	hg38_m_giabHC	-1	-2	bwa2a	clair3	ilmn_all_downsamples_a	ILMN		7	0	7.979116	7	0.0		8.0	0.0
I2-HG003-7x-4-D0-PF-ILMN-NOVASEQ-bwa2a-clair3-DEL_gt50	DEL_gt50	I2-HG003-7x-4-D0-PF-ILMN-NOVASEQ	688815815.0	688815677.0	136.0	2.0	0.0	0.02857142857142857	0.014492753623188406	1.0	0.0	1.0	1.0	HG003	hg38_m_giabHC	-1	-2	bwa2a	clair3	ilmn_all_downsamples_a	ILMN		7	0	7.979116	7	0.0		8.0	0.0
I2-HG003-7x-4-D0-PF-ILMN-NOVASEQ-bwa2a-clair3-Indel_50	Indel_50	I2-HG003-7x-4-D0-PF-ILMN-NOVASEQ	688815815.0	688807115.0	1584.0	7116.0	0.0	0.8998482549317147	0.8179310344827586	1.0	0.0	1.0	1.0	HG003	hg38_m_giabHC	-1	-2	bwa2a	clair3	ilmn_all_downsamples_a	ILMN		7	0	7.979116	7	0.0		8.0	0.0
I2-HG003-7x-4-D0-PF-ILMN-NOVASEQ-bwa2a-clair3-Indel_gt50	Indel_gt50	I2-HG003-7x-4-D0-PF-ILMN-NOVASEQ	688815815.0	688814939.0	326.0	550.0	0.0	0.7713884992987378	0.6278538812785388	1.0	0.0	1.0	1.0	HG003	hg38_m_giabHC	-1	-2	bwa2a	clair3	ilmn_all_downsamples_a	ILMN		7	0	7.979116	7	0.0		8.0	0.0
I2-HG003-7x-4-D0-PF-ILMN-NOVASEQ-bwa2a-clair3-All	All	I2-HG003-7x-4-D0-PF-ILMN-NOVASEQ	688815815.0	688647086.0	26034.0	142695.0	0.0	0.9164033600493219	0.8457052433191686	1.0	0.0	1.0	1.0	HG003	hg38_m_giabHC	-1	-2	bwa2a	clair3	ilmn_all_downsamples_a	ILMN		7	0	7.979116	7	0.0		8.0	0.0
I2-HG003-7x-4-D0-PF-ILMN-NOVASEQ-bwa2a-clair3-SNPts	SNPts	I2-HG003-7x-4-D0-PF-ILMN-NOVASEQ			90239.0	0.0	0.0		0.0					HG003	giabHC	-1	-2	bwa2a	clair3	ilmn_all_downsamples_a	ILMN		7	0	7.979116	7	0.0		8.0	0.0
I2-HG003-7x-4-D0-PF-ILMN-NOVASEQ-bwa2a-clair3-SNPtv	SNPtv	I2-HG003-7x-4-D0-PF-ILMN-NOVASEQ			52028.0	0.0	0.0		0.0					HG003	giabHC	-1	-2	bwa2a	clair3	ilmn_all_downsamples_a	ILMN		7	0	7.979116	7	0.0		8.0	0.0
I2-HG003-7x-4-D0-PF-ILMN-NOVASEQ-bwa2a-clair3-INS_50	INS_50	I2-HG003-7x-4-D0-PF-ILMN-NOVASEQ			18610.0	0.0	0.0		0.0					HG003	giabHC	-1	-2	bwa2a	clair3	ilmn_all_downsamples_a	ILMN		7	0	7.979116	7	0.0		8.0	0.0
I2-HG003-7x-4-D0-PF-ILMN-NOVASEQ-bwa2a-clair3-INS_gt50	INS_gt50	I2-HG003-7x-4-D0-PF-ILMN-NOVASEQ			1.0	0.0	0.0		0.0					HG003	giabHC	-1	-2	bwa2a	clair3	ilmn_all_downsamples_a	ILMN		7	0	7.979116	7	0.0		8.0	0.0
I2-HG003-7x-4-D0-PF-ILMN-NOVASEQ-bwa2a-clair3-DEL_50	DEL_50	I2-HG003-7x-4-D0-PF-ILMN-NOVASEQ			16781.0	0.0	0.0		0.0					HG003	giabHC	-1	-2	bwa2a	clair3	ilmn_all_downsamples_a	ILMN		7	0	7.979116	7	0.0		8.0	0.0
I2-HG003-7x-4-D0-PF-ILMN-NOVASEQ-bwa2a-clair3-DEL_gt50	DEL_gt50	I2-HG003-7x-4-D0-PF-ILMN-NOVASEQ			0.0	0.0	0.0							HG003	giabHC	-1	-2	bwa2a	clair3	ilmn_all_downsamples_a	ILMN		7	0	7.979116	7	0.0		8.0	0.0
I2-HG003-7x-4-D0-PF-ILMN-NOVASEQ-bwa2a-clair3-Indel_50	Indel_50	I2-HG003-7x-4-D0-PF-ILMN-NOVASEQ			2468.0	0.0	0.0		0.0					HG003	giabHC	-1	-2	bwa2a	clair3	ilmn_all_downsamples_a	ILMN		7	0	7.979116	7	0.0		8.0	0.0
I2-HG003-7x-4-D0-PF-ILMN-NOVASEQ-bwa2a-clair3-Indel_gt50	Indel_gt50	I2-HG003-7x-4-D0-PF-ILMN-NOVASEQ			88.0	0.0	0.0		0.0					HG003	giabHC	-1	-2	bwa2a	clair3	ilmn_all_downsamples_a	ILMN		7	0	7.979116	7	0.0		8.0	0.0
I2-HG003-7x-4-D0-PF-ILMN-NOVASEQ-bwa2a-clair3-All	All	I2-HG003-7x-4-D0-PF-ILMN-NOVASEQ	2528531102.0	2528350887.0	180215.0	0.0	0.0		0.0	1.0				HG003	giabHC	-1	-2	bwa2a	clair3	ilmn_all_downsamples_a	ILMN		7	0	7.979116	7	0.0		8.0	0.0
I2-HG003-7x-4-D0-PF-ILMN-NOVASEQ-bwa2a-clair3-SNPts	SNPts	I2-HG003-7x-4-D0-PF-ILMN-NOVASEQ	337668665.0	337403080.0	9760.0	255825.0	63489.0	0.874766412662699	0.963250936611631	0.999811865808847	0.19882936545218813	0.8011706345478119	0.8011706345478119	HG003	giabHC_x_clinvar_genes	-1	-2	bwa2a	clair3	ilmn_all_downsamples_a	ILMN		7	0	7.979116	7	0.0		8.0	0.0
I2-HG003-7x-4-D0-PF-ILMN-NOVASEQ-bwa2a-clair3-SNPtv	SNPtv	I2-HG003-7x-4-D0-PF-ILMN-NOVASEQ	337668665.0	337548362.0	5208.0	115095.0	13048.0	0.9265192436183316	0.9567093089947881	0.9999613462925161	0.1018237437862388	0.8981762562137612	0.8981762562137612	HG003	giabHC_x_clinvar_genes	-1	-2	bwa2a	clair3	ilmn_all_downsamples_a	ILMN		7	0	7.979116	7	0.0		8.0	0.0
I2-HG003-7x-4-D0-PF-ILMN-NOVASEQ-bwa2a-clair3-INS_50	INS_50	I2-HG003-7x-4-D0-PF-ILMN-NOVASEQ	337668665.0	337642344.0	1995.0	24326.0	1305.0	0.9364798275331074	0.9242050074085331	0.9999961349783896	0.05091490772892201	0.949085092271078	0.949085092271078	HG003	giabHC_x_clinvar_genes	-1	-2	bwa2a	clair3	ilmn_all_downsamples_a	ILMN		7	0	7.979116	7	0.0		8.0	0.0
I2-HG003-7x-4-D0-PF-ILMN-NOVASEQ-bwa2a-clair3-INS_gt50	INS_gt50	I2-HG003-7x-4-D0-PF-ILMN-NOVASEQ	337668665.0	337668665.0	0.0	0.0	0.0			1.0				HG003	giabHC_x_clinvar_genes	-1	-2	bwa2a	clair3	ilmn_all_downsamples_a	ILMN		7	0	7.979116	7	0.0		8.0	0.0
I2-HG003-7x-4-D0-PF-ILMN-NOVASEQ-bwa2a-clair3-DEL_50	DEL_50	I2-HG003-7x-4-D0-PF-ILMN-NOVASEQ	337668665.0	337640662.0	1819.0	26184.0	1394.0	0.9421924758460625	0.9350426739992144	0.9999958713673986	0.050547537892523024	0.949452462107477	0.949452462107477	HG003	giabHC_x_clinvar_genes	-1	-2	bwa2a	clair3	ilmn_all_downsamples_a	ILMN		7	0	7.979116	7	0.0		8.0	0.0
I2-HG003-7x-4-D0-PF-ILMN-NOVASEQ-bwa2a-clair3-DEL_gt50	DEL_gt50	I2-HG003-7x-4-D0-PF-ILMN-NOVASEQ	337668665.0	337668665.0	0.0	0.0	0.0			1.0				HG003	giabHC_x_clinvar_genes	-1	-2	bwa2a	clair3	ilmn_all_downsamples_a	ILMN		7	0	7.979116	7	0.0		8.0	0.0
I2-HG003-7x-4-D0-PF-ILMN-NOVASEQ-bwa2a-clair3-Indel_50	Indel_50	I2-HG003-7x-4-D0-PF-ILMN-NOVASEQ	337668665.0	337665587.0	228.0	2850.0	4.0	0.9608900876601483	0.9259259259259259	0.9999999881539603	0.001401541695865452	0.9985984583041345	0.9985984583041345	HG003	giabHC_x_clinvar_genes	-1	-2	bwa2a	clair3	ilmn_all_downsamples_a	ILMN		7	0	7.979116	7	0.0		8.0	0.0
I2-HG003-7x-4-D0-PF-ILMN-NOVASEQ-bwa2a-clair3-Indel_gt50	Indel_gt50	I2-HG003-7x-4-D0-PF-ILMN-NOVASEQ	337668665.0	337668628.0	8.0	29.0	0.0	0.8787878787878788	0.7837837837837838	1.0	0.0	1.0	1.0	HG003	giabHC_x_clinvar_genes	-1	-2	bwa2a	clair3	ilmn_all_downsamples_a	ILMN		7	0	7.979116	7	0.0		8.0	0.0
I2-HG003-7x-4-D0-PF-ILMN-NOVASEQ-bwa2a-clair3-All	All	I2-HG003-7x-4-D0-PF-ILMN-NOVASEQ	337668665.0	337225338.0	19018.0	424309.0	79240.0	0.8962292845103266	0.9571016428054235	0.9997650787888209	0.15736303716222255	0.8426369628377774	0.8426369628377774	HG003	giabHC_x_clinvar_genes	-1	-2	bwa2a	clair3	ilmn_all_downsamples_a	ILMN		7	0	7.979116	7	0.0		8.0	0.0
I2-HG003-7x-4-D0-PF-ILMN-NOVASEQ-sent-clair3-SNPts	SNPts	I2-HG003-7x-4-D0-PF-ILMN-NOVASEQ			97319.0	0.0	0.0		0.0					HG003	hg38	-1	-2	sent	clair3	ilmn_all_downsamples_a	ILMN		7	0	7.977727	7	0.0		8.0	0.0
I2-HG003-7x-4-D0-PF-ILMN-NOVASEQ-sent-clair3-SNPtv	SNPtv	I2-HG003-7x-4-D0-PF-ILMN-NOVASEQ			56179.0	0.0	0.0		0.0					HG003	hg38	-1	-2	sent	clair3	ilmn_all_downsamples_a	ILMN		7	0	7.977727	7	0.0		8.0	0.0
I2-HG003-7x-4-D0-PF-ILMN-NOVASEQ-sent-clair3-INS_50	INS_50	I2-HG003-7x-4-D0-PF-ILMN-NOVASEQ			24897.0	0.0	0.0		0.0					HG003	hg38	-1	-2	sent	clair3	ilmn_all_downsamples_a	ILMN		7	0	7.977727	7	0.0		8.0	0.0
I2-HG003-7x-4-D0-PF-ILMN-NOVASEQ-sent-clair3-INS_gt50	INS_gt50	I2-HG003-7x-4-D0-PF-ILMN-NOVASEQ			237.0	0.0	0.0		0.0					HG003	hg38	-1	-2	sent	clair3	ilmn_all_downsamples_a	ILMN		7	0	7.977727	7	0.0		8.0	0.0
I2-HG003-7x-4-D0-PF-ILMN-NOVASEQ-sent-clair3-DEL_50	DEL_50	I2-HG003-7x-4-D0-PF-ILMN-NOVASEQ			21850.0	0.0	0.0		0.0					HG003	hg38	-1	-2	sent	clair3	ilmn_all_downsamples_a	ILMN		7	0	7.977727	7	0.0		8.0	0.0
I2-HG003-7x-4-D0-PF-ILMN-NOVASEQ-sent-clair3-DEL_gt50	DEL_gt50	I2-HG003-7x-4-D0-PF-ILMN-NOVASEQ			136.0	0.0	0.0		0.0					HG003	hg38	-1	-2	sent	clair3	ilmn_all_downsamples_a	ILMN		7	0	7.977727	7	0.0		8.0	0.0
I2-HG003-7x-4-D0-PF-ILMN-NOVASEQ-sent-clair3-Indel_50	Indel_50	I2-HG003-7x-4-D0-PF-ILMN-NOVASEQ			4064.0	0.0	0.0		0.0					HG003	hg38	-1	-2	sent	clair3	ilmn_all_downsamples_a	ILMN		7	0	7.977727	7	0.0		8.0	0.0
I2-HG003-7x-4-D0-PF-ILMN-NOVASEQ-sent-clair3-Indel_gt50	Indel_gt50	I2-HG003-7x-4-D0-PF-ILMN-NOVASEQ			413.0	0.0	0.0		0.0					HG003	hg38	-1	-2	sent	clair3	ilmn_all_downsamples_a	ILMN		7	0	7.977727	7	0.0		8.0	0.0
I2-HG003-7x-4-D0-PF-ILMN-NOVASEQ-sent-clair3-All	All	I2-HG003-7x-4-D0-PF-ILMN-NOVASEQ	3088286401.0	3088081306.0	205095.0	0.0	0.0		0.0	1.0				HG003	hg38	-1	-2	sent	clair3	ilmn_all_downsamples_a	ILMN		7	0	7.977727	7	0.0		8.0	0.0
I2-HG003-7x-4-D0-PF-ILMN-NOVASEQ-sent-clair3-SNPts	SNPts	I2-HG003-7x-4-D0-PF-ILMN-NOVASEQ	377862616.0	377589316.0	10718.0	262582.0	0.0	0.979999328210315	0.9607830223197951	1.0	0.0	1.0	1.0	HG003	clinvar_genes	-1	-2	sent	clair3	ilmn_all_downsamples_a	ILMN		7	0	7.977727	7	0.0		8.0	0.0
I2-HG003-7x-4-D0-PF-ILMN-NOVASEQ-sent-clair3-SNPtv	SNPtv	I2-HG003-7x-4-D0-PF-ILMN-NOVASEQ	377862616.0	377738183.0	5796.0	118637.0	0.0	0.9761550170732711	0.9534207163694518	1.0	0.0	1.0	1.0	HG003	clinvar_genes	-1	-2	sent	clair3	ilmn_all_downsamples_a	ILMN		7	0	7.977727	7	0.0		8.0	0.0
I2-HG003-7x-4-D0-PF-ILMN-NOVASEQ-sent-clair3-INS_50	INS_50	I2-HG003-7x-4-D0-PF-ILMN-NOVASEQ	377862616.0	377833466.0	2627.0	26523.0	0.0	0.9528137517288453	0.9098799313893654	1.0	0.0	1.0	1.0	HG003	clinvar_genes	-1	-2	sent	clair3	ilmn_all_downsamples_a	ILMN		7	0	7.977727	7	0.0		8.0	0.0
I2-HG003-7x-4-D0-PF-ILMN-NOVASEQ-sent-clair3-INS_gt50	INS_gt50	I2-HG003-7x-4-D0-PF-ILMN-NOVASEQ	377862616.0	377862586.0	30.0	0.0	0.0		0.0	1.0				HG003	clinvar_genes	-1	-2	sent	clair3	ilmn_all_downsamples_a	ILMN		7	0	7.977727	7	0.0		8.0	0.0
I2-HG003-7x-4-D0-PF-ILMN-NOVASEQ-sent-clair3-DEL_50	DEL_50	I2-HG003-7x-4-D0-PF-ILMN-NOVASEQ	377862616.0	377831703.0	2333.0	28580.0	0.0	0.9607853024725598	0.9245301329537735	1.0	0.0	1.0	1.0	HG003	clinvar_genes	-1	-2	sent	clair3	ilmn_all_downsamples_a	ILMN		7	0	7.977727	7	0.0		8.0	0.0
I2-HG003-7x-4-D0-PF-ILMN-NOVASEQ-sent-clair3-DEL_gt50	DEL_gt50	I2-HG003-7x-4-D0-PF-ILMN-NOVASEQ	377862616.0	377862598.0	18.0	0.0	0.0		0.0	1.0				HG003	clinvar_genes	-1	-2	sent	clair3	ilmn_all_downsamples_a	ILMN		7	0	7.977727	7	0.0		8.0	0.0
I2-HG003-7x-4-D0-PF-ILMN-NOVASEQ-sent-clair3-Indel_50	Indel_50	I2-HG003-7x-4-D0-PF-ILMN-NOVASEQ	377862616.0	377858687.0	385.0	3544.0	0.0	0.9484811989830055	0.9020106897429372	1.0	0.0	1.0	1.0	HG003	clinvar_genes	-1	-2	sent	clair3	ilmn_all_downsamples_a	ILMN		7	0	7.977727	7	0.0		8.0	0.0
I2-HG003-7x-4-D0-PF-ILMN-NOVASEQ-sent-clair3-Indel_gt50	Indel_gt50	I2-HG003-7x-4-D0-PF-ILMN-NOVASEQ	377862616.0	377862488.0	46.0	82.0	0.0	0.780952380952381	0.640625	1.0	0.0	1.0	1.0	HG003	clinvar_genes	-1	-2	sent	clair3	ilmn_all_downsamples_a	ILMN		7	0	7.977727	7	0.0		8.0	0.0
I2-HG003-7x-4-D0-PF-ILMN-NOVASEQ-sent-clair3-All	All	I2-HG003-7x-4-D0-PF-ILMN-NOVASEQ	377862616.0	377400715.0	21953.0	439948.0	0.0	0.9756577875010118	0.952472499518295	1.0	0.0	1.0	1.0	HG003	clinvar_genes	-1	-2	sent	clair3	ilmn_all_downsamples_a	ILMN		7	0	7.977727	7	0.0		8.0	0.0
I2-HG003-7x-4-D0-PF-ILMN-NOVASEQ-sent-clair3-SNPts	SNPts	I2-HG003-7x-4-D0-PF-ILMN-NOVASEQ	332544085.0	332287225.0	7647.0	249213.0	59003.0	0.8820512639007849	0.9702289184769913	0.9998224652635443	0.19143392945207258	0.8085660705479274	0.8085660705479274	HG003	giabHC_x_ultima_x_clinvar	-1	-2	sent	clair3	ilmn_all_downsamples_a	ILMN		7	0	7.977727	7	0.0		8.0	0.0
I2-HG003-7x-4-D0-PF-ILMN-NOVASEQ-sent-clair3-SNPtv	SNPtv	I2-HG003-7x-4-D0-PF-ILMN-NOVASEQ	332544085.0	332429444.0	4165.0	110476.0	12189.0	0.9310847597616579	0.9636691933950332	0.9999633349172004	0.09936819793747198	0.900631802062528	0.900631802062528	HG003	giabHC_x_ultima_x_clinvar	-1	-2	sent	clair3	ilmn_all_downsamples_a	ILMN		7	0	7.977727	7	0.0		8.0	0.0
I2-HG003-7x-4-D0-PF-ILMN-NOVASEQ-sent-clair3-INS_50	INS_50	I2-HG003-7x-4-D0-PF-ILMN-NOVASEQ	332544085.0	332526584.0	1057.0	16444.0	538.0	0.9537453237827335	0.9396034512313582	0.9999983820868603	0.031680602991402664	0.9683193970085974	0.9683193970085974	HG003	giabHC_x_ultima_x_clinvar	-1	-2	sent	clair3	ilmn_all_downsamples_a	ILMN		7	0	7.977727	7	0.0		8.0	0.0
I2-HG003-7x-4-D0-PF-ILMN-NOVASEQ-sent-clair3-INS_gt50	INS_gt50	I2-HG003-7x-4-D0-PF-ILMN-NOVASEQ	332544085.0	332544085.0	0.0	0.0	0.0			1.0				HG003	giabHC_x_ultima_x_clinvar	-1	-2	sent	clair3	ilmn_all_downsamples_a	ILMN		7	0	7.977727	7	0.0		8.0	0.0
I2-HG003-7x-4-D0-PF-ILMN-NOVASEQ-sent-clair3-DEL_50	DEL_50	I2-HG003-7x-4-D0-PF-ILMN-NOVASEQ	332544085.0	332525074.0	1081.0	17930.0	658.0	0.9537487699140934	0.9431381831571196	0.9999980212057694	0.03539918226812998	0.96460081773187	0.96460081773187	HG003	giabHC_x_ultima_x_clinvar	-1	-2	sent	clair3	ilmn_all_downsamples_a	ILMN		7	0	7.977727	7	0.0		8.0	0.0
I2-HG003-7x-4-D0-PF-ILMN-NOVASEQ-sent-clair3-DEL_gt50	DEL_gt50	I2-HG003-7x-4-D0-PF-ILMN-NOVASEQ	332544085.0	332544085.0	0.0	0.0	0.0			1.0				HG003	giabHC_x_ultima_x_clinvar	-1	-2	sent	clair3	ilmn_all_downsamples_a	ILMN		7	0	7.977727	7	0.0		8.0	0.0
I2-HG003-7x-4-D0-PF-ILMN-NOVASEQ-sent-clair3-Indel_50	Indel_50	I2-HG003-7x-4-D0-PF-ILMN-NOVASEQ	332544085.0	332542897.0	109.0	1079.0	0.0	0.9519188354653727	0.9082491582491582	1.0	0.0	1.0	1.0	HG003	giabHC_x_ultima_x_clinvar	-1	-2	sent	clair3	ilmn_all_downsamples_a	ILMN		7	0	7.977727	7	0.0		8.0	0.0
I2-HG003-7x-4-D0-PF-ILMN-NOVASEQ-sent-clair3-Indel_gt50	Indel_gt50	I2-HG003-7x-4-D0-PF-ILMN-NOVASEQ	332544085.0	332544061.0	3.0	21.0	0.0	0.9333333333333333	0.875	1.0	0.0	1.0	1.0	HG003	giabHC_x_ultima_x_clinvar	-1	-2	sent	clair3	ilmn_all_downsamples_a	ILMN		7	0	7.977727	7	0.0		8.0	0.0
I2-HG003-7x-4-D0-PF-ILMN-NOVASEQ-sent-clair3-All	All	I2-HG003-7x-4-D0-PF-ILMN-NOVASEQ	332544085.0	332134860.0	14062.0	395163.0	72388.0	0.9014001295655903	0.9656374854908669	0.9997820998776041	0.15482375184739205	0.845176248152608	0.845176248152608	HG003	giabHC_x_ultima_x_clinvar	-1	-2	sent	clair3	ilmn_all_downsamples_a	ILMN		7	0	7.977727	7	0.0		8.0	0.0
I2-HG003-7x-4-D0-PF-ILMN-NOVASEQ-sent-clair3-SNPts	SNPts	I2-HG003-7x-4-D0-PF-ILMN-NOVASEQ			89627.0	0.0	0.0		0.0					HG003	giabHC	-1	-2	sent	clair3	ilmn_all_downsamples_a	ILMN		7	0	7.977727	7	0.0		8.0	0.0
I2-HG003-7x-4-D0-PF-ILMN-NOVASEQ-sent-clair3-SNPtv	SNPtv	I2-HG003-7x-4-D0-PF-ILMN-NOVASEQ			51575.0	0.0	0.0		0.0					HG003	giabHC	-1	-2	sent	clair3	ilmn_all_downsamples_a	ILMN		7	0	7.977727	7	0.0		8.0	0.0
I2-HG003-7x-4-D0-PF-ILMN-NOVASEQ-sent-clair3-INS_50	INS_50	I2-HG003-7x-4-D0-PF-ILMN-NOVASEQ			18571.0	0.0	0.0		0.0					HG003	giabHC	-1	-2	sent	clair3	ilmn_all_downsamples_a	ILMN		7	0	7.977727	7	0.0		8.0	0.0
I2-HG003-7x-4-D0-PF-ILMN-NOVASEQ-sent-clair3-INS_gt50	INS_gt50	I2-HG003-7x-4-D0-PF-ILMN-NOVASEQ			1.0	0.0	0.0		0.0					HG003	giabHC	-1	-2	sent	clair3	ilmn_all_downsamples_a	ILMN		7	0	7.977727	7	0.0		8.0	0.0
I2-HG003-7x-4-D0-PF-ILMN-NOVASEQ-sent-clair3-DEL_50	DEL_50	I2-HG003-7x-4-D0-PF-ILMN-NOVASEQ			16850.0	0.0	0.0		0.0					HG003	giabHC	-1	-2	sent	clair3	ilmn_all_downsamples_a	ILMN		7	0	7.977727	7	0.0		8.0	0.0
I2-HG003-7x-4-D0-PF-ILMN-NOVASEQ-sent-clair3-DEL_gt50	DEL_gt50	I2-HG003-7x-4-D0-PF-ILMN-NOVASEQ			0.0	0.0	0.0							HG003	giabHC	-1	-2	sent	clair3	ilmn_all_downsamples_a	ILMN		7	0	7.977727	7	0.0		8.0	0.0
I2-HG003-7x-4-D0-PF-ILMN-NOVASEQ-sent-clair3-Indel_50	Indel_50	I2-HG003-7x-4-D0-PF-ILMN-NOVASEQ			2487.0	0.0	0.0		0.0					HG003	giabHC	-1	-2	sent	clair3	ilmn_all_downsamples_a	ILMN		7	0	7.977727	7	0.0		8.0	0.0
I2-HG003-7x-4-D0-PF-ILMN-NOVASEQ-sent-clair3-Indel_gt50	Indel_gt50	I2-HG003-7x-4-D0-PF-ILMN-NOVASEQ			86.0	0.0	0.0		0.0					HG003	giabHC	-1	-2	sent	clair3	ilmn_all_downsamples_a	ILMN		7	0	7.977727	7	0.0		8.0	0.0
I2-HG003-7x-4-D0-PF-ILMN-NOVASEQ-sent-clair3-All	All	I2-HG003-7x-4-D0-PF-ILMN-NOVASEQ	2528531102.0	2528351905.0	179197.0	0.0	0.0		0.0	1.0				HG003	giabHC	-1	-2	sent	clair3	ilmn_all_downsamples_a	ILMN		7	0	7.977727	7	0.0		8.0	0.0
I2-HG003-7x-4-D0-PF-ILMN-NOVASEQ-sent-clair3-SNPts	SNPts	I2-HG003-7x-4-D0-PF-ILMN-NOVASEQ			75358.0	0.0	0.0		0.0					HG003	giabHC_x_ultima	-1	-2	sent	clair3	ilmn_all_downsamples_a	ILMN		7	0	7.977727	7	0.0		8.0	0.0
I2-HG003-7x-4-D0-PF-ILMN-NOVASEQ-sent-clair3-SNPtv	SNPtv	I2-HG003-7x-4-D0-PF-ILMN-NOVASEQ			43293.0	0.0	0.0		0.0					HG003	giabHC_x_ultima	-1	-2	sent	clair3	ilmn_all_downsamples_a	ILMN		7	0	7.977727	7	0.0		8.0	0.0
I2-HG003-7x-4-D0-PF-ILMN-NOVASEQ-sent-clair3-INS_50	INS_50	I2-HG003-7x-4-D0-PF-ILMN-NOVASEQ			10485.0	0.0	0.0		0.0					HG003	giabHC_x_ultima	-1	-2	sent	clair3	ilmn_all_downsamples_a	ILMN		7	0	7.977727	7	0.0		8.0	0.0
I2-HG003-7x-4-D0-PF-ILMN-NOVASEQ-sent-clair3-INS_gt50	INS_gt50	I2-HG003-7x-4-D0-PF-ILMN-NOVASEQ			0.0	0.0	0.0							HG003	giabHC_x_ultima	-1	-2	sent	clair3	ilmn_all_downsamples_a	ILMN		7	0	7.977727	7	0.0		8.0	0.0
I2-HG003-7x-4-D0-PF-ILMN-NOVASEQ-sent-clair3-DEL_50	DEL_50	I2-HG003-7x-4-D0-PF-ILMN-NOVASEQ			10217.0	0.0	0.0		0.0					HG003	giabHC_x_ultima	-1	-2	sent	clair3	ilmn_all_downsamples_a	ILMN		7	0	7.977727	7	0.0		8.0	0.0
I2-HG003-7x-4-D0-PF-ILMN-NOVASEQ-sent-clair3-DEL_gt50	DEL_gt50	I2-HG003-7x-4-D0-PF-ILMN-NOVASEQ			0.0	0.0	0.0							HG003	giabHC_x_ultima	-1	-2	sent	clair3	ilmn_all_downsamples_a	ILMN		7	0	7.977727	7	0.0		8.0	0.0
I2-HG003-7x-4-D0-PF-ILMN-NOVASEQ-sent-clair3-Indel_50	Indel_50	I2-HG003-7x-4-D0-PF-ILMN-NOVASEQ			1268.0	0.0	0.0		0.0					HG003	giabHC_x_ultima	-1	-2	sent	clair3	ilmn_all_downsamples_a	ILMN		7	0	7.977727	7	0.0		8.0	0.0
I2-HG003-7x-4-D0-PF-ILMN-NOVASEQ-sent-clair3-Indel_gt50	Indel_gt50	I2-HG003-7x-4-D0-PF-ILMN-NOVASEQ			57.0	0.0	0.0		0.0					HG003	giabHC_x_ultima	-1	-2	sent	clair3	ilmn_all_downsamples_a	ILMN		7	0	7.977727	7	0.0		8.0	0.0
I2-HG003-7x-4-D0-PF-ILMN-NOVASEQ-sent-clair3-All	All	I2-HG003-7x-4-D0-PF-ILMN-NOVASEQ	2505355380.0	2505214702.0	140678.0	0.0	0.0		0.0	1.0				HG003	giabHC_x_ultima	-1	-2	sent	clair3	ilmn_all_downsamples_a	ILMN		7	0	7.977727	7	0.0		8.0	0.0
I2-HG003-7x-4-D0-PF-ILMN-NOVASEQ-sent-clair3-SNPts	SNPts	I2-HG003-7x-4-D0-PF-ILMN-NOVASEQ			78765.0	0.0	0.0		0.0					HG003	ultima	-1	-2	sent	clair3	ilmn_all_downsamples_a	ILMN		7	0	7.977727	7	0.0		8.0	0.0
I2-HG003-7x-4-D0-PF-ILMN-NOVASEQ-sent-clair3-SNPtv	SNPtv	I2-HG003-7x-4-D0-PF-ILMN-NOVASEQ			45313.0	0.0	0.0		0.0					HG003	ultima	-1	-2	sent	clair3	ilmn_all_downsamples_a	ILMN		7	0	7.977727	7	0.0		8.0	0.0
I2-HG003-7x-4-D0-PF-ILMN-NOVASEQ-sent-clair3-INS_50	INS_50	I2-HG003-7x-4-D0-PF-ILMN-NOVASEQ			12279.0	0.0	0.0		0.0					HG003	ultima	-1	-2	sent	clair3	ilmn_all_downsamples_a	ILMN		7	0	7.977727	7	0.0		8.0	0.0
I2-HG003-7x-4-D0-PF-ILMN-NOVASEQ-sent-clair3-INS_gt50	INS_gt50	I2-HG003-7x-4-D0-PF-ILMN-NOVASEQ			96.0	0.0	0.0		0.0					HG003	ultima	-1	-2	sent	clair3	ilmn_all_downsamples_a	ILMN		7	0	7.977727	7	0.0		8.0	0.0
I2-HG003-7x-4-D0-PF-ILMN-NOVASEQ-sent-clair3-DEL_50	DEL_50	I2-HG003-7x-4-D0-PF-ILMN-NOVASEQ			12088.0	0.0	0.0		0.0					HG003	ultima	-1	-2	sent	clair3	ilmn_all_downsamples_a	ILMN		7	0	7.977727	7	0.0		8.0	0.0
I2-HG003-7x-4-D0-PF-ILMN-NOVASEQ-sent-clair3-DEL_gt50	DEL_gt50	I2-HG003-7x-4-D0-PF-ILMN-NOVASEQ			87.0	0.0	0.0		0.0					HG003	ultima	-1	-2	sent	clair3	ilmn_all_downsamples_a	ILMN		7	0	7.977727	7	0.0		8.0	0.0
I2-HG003-7x-4-D0-PF-ILMN-NOVASEQ-sent-clair3-Indel_50	Indel_50	I2-HG003-7x-4-D0-PF-ILMN-NOVASEQ			1705.0	0.0	0.0		0.0					HG003	ultima	-1	-2	sent	clair3	ilmn_all_downsamples_a	ILMN		7	0	7.977727	7	0.0		8.0	0.0
I2-HG003-7x-4-D0-PF-ILMN-NOVASEQ-sent-clair3-Indel_gt50	Indel_gt50	I2-HG003-7x-4-D0-PF-ILMN-NOVASEQ			176.0	0.0	0.0		0.0					HG003	ultima	-1	-2	sent	clair3	ilmn_all_downsamples_a	ILMN		7	0	7.977727	7	0.0		8.0	0.0
I2-HG003-7x-4-D0-PF-ILMN-NOVASEQ-sent-clair3-All	All	I2-HG003-7x-4-D0-PF-ILMN-NOVASEQ	2799325643.0	2799175134.0	150509.0	0.0	0.0		0.0	1.0				HG003	ultima	-1	-2	sent	clair3	ilmn_all_downsamples_a	ILMN		7	0	7.977727	7	0.0		8.0	0.0
I2-HG003-7x-4-D0-PF-ILMN-NOVASEQ-sent-clair3-SNPts	SNPts	I2-HG003-7x-4-D0-PF-ILMN-NOVASEQ	337668665.0	337403083.0	9745.0	255837.0	63451.0	0.874850821550088	0.9633070012274928	0.999811978393093	0.19872654155495978	0.8012734584450403	0.8012734584450402	HG003	giabHC_x_clinvar_genes	-1	-2	sent	clair3	ilmn_all_downsamples_a	ILMN		7	0	7.977727	7	0.0		8.0	0.0
I2-HG003-7x-4-D0-PF-ILMN-NOVASEQ-sent-clair3-SNPtv	SNPtv	I2-HG003-7x-4-D0-PF-ILMN-NOVASEQ	337668665.0	337548363.0	5218.0	115084.0	13071.0	0.9263896770869807	0.9566258250070655	0.9999612781595186	0.10199367952869572	0.8980063204713042	0.8980063204713042	HG003	giabHC_x_clinvar_genes	-1	-2	sent	clair3	ilmn_all_downsamples_a	ILMN		7	0	7.977727	7	0.0		8.0	0.0
I2-HG003-7x-4-D0-PF-ILMN-NOVASEQ-sent-clair3-INS_50	INS_50	I2-HG003-7x-4-D0-PF-ILMN-NOVASEQ	337668665.0	337642343.0	2008.0	24314.0	1301.0	0.936288195313553	0.9237140034951752	0.999996146825142	0.050790552410696854	0.9492094475893031	0.9492094475893031	HG003	giabHC_x_clinvar_genes	-1	-2	sent	clair3	ilmn_all_downsamples_a	ILMN		7	0	7.977727	7	0.0		8.0	0.0
I2-HG003-7x-4-D0-PF-ILMN-NOVASEQ-sent-clair3-INS_gt50	INS_gt50	I2-HG003-7x-4-D0-PF-ILMN-NOVASEQ	337668665.0	337668665.0	0.0	0.0	0.0			1.0				HG003	giabHC_x_clinvar_genes	-1	-2	sent	clair3	ilmn_all_downsamples_a	ILMN		7	0	7.977727	7	0.0		8.0	0.0
I2-HG003-7x-4-D0-PF-ILMN-NOVASEQ-sent-clair3-DEL_50	DEL_50	I2-HG003-7x-4-D0-PF-ILMN-NOVASEQ	337668665.0	337640660.0	1823.0	26182.0	1385.0	0.9422730871661988	0.9349044813426174	0.9999958980227122	0.050241230456705484	0.9497587695432945	0.9497587695432945	HG003	giabHC_x_clinvar_genes	-1	-2	sent	clair3	ilmn_all_downsamples_a	ILMN		7	0	7.977727	7	0.0		8.0	0.0
I2-HG003-7x-4-D0-PF-ILMN-NOVASEQ-sent-clair3-DEL_gt50	DEL_gt50	I2-HG003-7x-4-D0-PF-ILMN-NOVASEQ	337668665.0	337668665.0	0.0	0.0	0.0			1.0				HG003	giabHC_x_clinvar_genes	-1	-2	sent	clair3	ilmn_all_downsamples_a	ILMN		7	0	7.977727	7	0.0		8.0	0.0
I2-HG003-7x-4-D0-PF-ILMN-NOVASEQ-sent-clair3-Indel_50	Indel_50	I2-HG003-7x-4-D0-PF-ILMN-NOVASEQ	337668665.0	337665585.0	230.0	2850.0	6.0	0.9602425876010782	0.9253246753246753	0.9999999822309404	0.0021008403361344537	0.9978991596638656	0.9978991596638656	HG003	giabHC_x_clinvar_genes	-1	-2	sent	clair3	ilmn_all_downsamples_a	ILMN		7	0	7.977727	7	0.0		8.0	0.0
I2-HG003-7x-4-D0-PF-ILMN-NOVASEQ-sent-clair3-Indel_gt50	Indel_gt50	I2-HG003-7x-4-D0-PF-ILMN-NOVASEQ	337668665.0	337668629.0	8.0	28.0	0.0	0.8750000000000001	0.7777777777777778	1.0	0.0	1.0	1.0	HG003	giabHC_x_clinvar_genes	-1	-2	sent	clair3	ilmn_all_downsamples_a	ILMN		7	0	7.977727	7	0.0		8.0	0.0
I2-HG003-7x-4-D0-PF-ILMN-NOVASEQ-sent-clair3-All	All	I2-HG003-7x-4-D0-PF-ILMN-NOVASEQ	337668665.0	337225338.0	19032.0	424295.0	79214.0	0.8962375744057048	0.9570700634069208	0.9997651558523882	0.1573239008637383	0.8426760991362617	0.8426760991362617	HG003	giabHC_x_clinvar_genes	-1	-2	sent	clair3	ilmn_all_downsamples_a	ILMN		7	0	7.977727	7	0.0		8.0	0.0
I2-HG003-7x-4-D0-PF-ILMN-NOVASEQ-sent-clair3-SNPts	SNPts	I2-HG003-7x-4-D0-PF-ILMN-NOVASEQ	688815815.0	688747404.0	7692.0	60719.0	0.0	0.9404321226670797	0.8875619417929865	1.0	0.0	1.0	1.0	HG003	hg38_m_giabHC	-1	-2	sent	clair3	ilmn_all_downsamples_a	ILMN		7	0	7.977727	7	0.0		8.0	0.0
I2-HG003-7x-4-D0-PF-ILMN-NOVASEQ-sent-clair3-SNPtv	SNPtv	I2-HG003-7x-4-D0-PF-ILMN-NOVASEQ	688815815.0	688780182.0	4604.0	31029.0	0.0	0.9309351654615823	0.8707939269778014	1.0	0.0	1.0	1.0	HG003	hg38_m_giabHC	-1	-2	sent	clair3	ilmn_all_downsamples_a	ILMN		7	0	7.977727	7	0.0		8.0	0.0
I2-HG003-7x-4-D0-PF-ILMN-NOVASEQ-sent-clair3-INS_50	INS_50	I2-HG003-7x-4-D0-PF-ILMN-NOVASEQ	688815815.0	688788782.0	6319.0	20714.0	0.0	0.867656606697803	0.7662486590463508	1.0	0.0	1.0	1.0	HG003	hg38_m_giabHC	-1	-2	sent	clair3	ilmn_all_downsamples_a	ILMN		7	0	7.977727	7	0.0		8.0	0.0
I2-HG003-7x-4-D0-PF-ILMN-NOVASEQ-sent-clair3-INS_gt50	INS_gt50	I2-HG003-7x-4-D0-PF-ILMN-NOVASEQ	688815815.0	688815579.0	236.0	0.0	0.0		0.0	1.0				HG003	hg38_m_giabHC	-1	-2	sent	clair3	ilmn_all_downsamples_a	ILMN		7	0	7.977727	7	0.0		8.0	0.0
I2-HG003-7x-4-D0-PF-ILMN-NOVASEQ-sent-clair3-DEL_50	DEL_50	I2-HG003-7x-4-D0-PF-ILMN-NOVASEQ	688815815.0	688788134.0	5027.0	22654.0	0.0	0.9001291347968611	0.8183952891875294	1.0	0.0	1.0	1.0	HG003	hg38_m_giabHC	-1	-2	sent	clair3	ilmn_all_downsamples_a	ILMN		7	0	7.977727	7	0.0		8.0	0.0
I2-HG003-7x-4-D0-PF-ILMN-NOVASEQ-sent-clair3-DEL_gt50	DEL_gt50	I2-HG003-7x-4-D0-PF-ILMN-NOVASEQ	688815815.0	688815677.0	136.0	2.0	0.0	0.02857142857142857	0.014492753623188406	1.0	0.0	1.0	1.0	HG003	hg38_m_giabHC	-1	-2	sent	clair3	ilmn_all_downsamples_a	ILMN		7	0	7.977727	7	0.0		8.0	0.0
I2-HG003-7x-4-D0-PF-ILMN-NOVASEQ-sent-clair3-Indel_50	Indel_50	I2-HG003-7x-4-D0-PF-ILMN-NOVASEQ	688815815.0	688807111.0	1577.0	7127.0	0.0	0.9003853199418862	0.8188189338235294	1.0	0.0	1.0	1.0	HG003	hg38_m_giabHC	-1	-2	sent	clair3	ilmn_all_downsamples_a	ILMN		7	0	7.977727	7	0.0		8.0	0.0
I2-HG003-7x-4-D0-PF-ILMN-NOVASEQ-sent-clair3-Indel_gt50	Indel_gt50	I2-HG003-7x-4-D0-PF-ILMN-NOVASEQ	688815815.0	688814936.0	329.0	550.0	0.0	0.7697690692792162	0.6257110352673493	1.0	0.0	1.0	1.0	HG003	hg38_m_giabHC	-1	-2	sent	clair3	ilmn_all_downsamples_a	ILMN		7	0	7.977727	7	0.0		8.0	0.0
I2-HG003-7x-4-D0-PF-ILMN-NOVASEQ-sent-clair3-All	All	I2-HG003-7x-4-D0-PF-ILMN-NOVASEQ	688815815.0	688647100.0	25920.0	142795.0	0.0	0.916792398317871	0.8463681356133124	1.0	0.0	1.0	1.0	HG003	hg38_m_giabHC	-1	-2	sent	clair3	ilmn_all_downsamples_a	ILMN		7	0	7.977727	7	0.0		8.0	0.0
