mqc_id	VariantClass	Sample	TgtRegionSize	TN	FN	TP	FP	Fscore	Sensitivity-Recall	Specificity	FDR	PPV	Precision	AltId	ROI	AllVarMeanDP	CovBin	Aligner	SNVCaller
HIOa-HG003-SR10x-ONT15bx-27-D0-PF-ILMN-NOVASEQ-ont-sentdhiomr-SNPts	SNPts	HIOa-HG003-SR10x-ONT15bx-27-D0-PF-ILMN-NOVASEQ	3088286401.0	3085963909.0	27767.0	2294725.0	360992.0	0.9219078588303544	0.9880443075799615	0.9998830349974227	0.13593014617144825	0.8640698538285517	0.8640698538285517	HG003	hg38	-1	-2	ont	sentdhiomr
HIOa-HG003-SR10x-ONT15bx-27-D0-PF-ILMN-NOVASEQ-ont-sentdhiomr-SNPtv	SNPtv	HIOa-HG003-SR10x-ONT15bx-27-D0-PF-ILMN-NOVASEQ	3088286401.0	3087179766.0	13396.0	1093239.0	303164.0	0.8735296867246922	0.9878948343401392	0.9999018086878945	0.21710351524595695	0.782896484754043	0.782896484754043	HG003	hg38	-1	-2	ont	sentdhiomr
HIOa-HG003-SR10x-ONT15bx-27-D0-PF-ILMN-NOVASEQ-ont-sentdhiomr-INS_50	INS_50	HIOa-HG003-SR10x-ONT15bx-27-D0-PF-ILMN-NOVASEQ	3088286401.0	3088028952.0	7490.0	249959.0	161132.0	0.7477757501421006	0.9709068592226033	0.9999478231599684	0.3919618770539856	0.6080381229460143	0.6080381229460143	HG003	hg38	-1	-2	ont	sentdhiomr
HIOa-HG003-SR10x-ONT15bx-27-D0-PF-ILMN-NOVASEQ-ont-sentdhiomr-INS_gt50	INS_gt50	HIOa-HG003-SR10x-ONT15bx-27-D0-PF-ILMN-NOVASEQ	3088286401.0	3088286168.0	144.0	89.0	2241.0	0.06944986344127974	0.38197424892703863	0.9999992743553375	0.9618025751072962	0.038197424892703835	0.03819742489270386	HG003	hg38	-1	-2	ont	sentdhiomr
HIOa-HG003-SR10x-ONT15bx-27-D0-PF-ILMN-NOVASEQ-ont-sentdhiomr-DEL_50	DEL_50	HIOa-HG003-SR10x-ONT15bx-27-D0-PF-ILMN-NOVASEQ	3088286401.0	3088014517.0	6863.0	265021.0	165650.0	0.7544491178626583	0.9747576172191081	0.99994635999487	0.3846323527704443	0.6153676472295557	0.6153676472295557	HG003	hg38	-1	-2	ont	sentdhiomr
HIOa-HG003-SR10x-ONT15bx-27-D0-PF-ILMN-NOVASEQ-ont-sentdhiomr-DEL_gt50	DEL_gt50	HIOa-HG003-SR10x-ONT15bx-27-D0-PF-ILMN-NOVASEQ	3088286401.0	3088286263.0	50.0	88.0	2905.0	0.05621207282018525	0.6376811594202898	0.9999990593497429	0.970598062145005	0.02940193785499501	0.029401937854994988	HG003	hg38	-1	-2	ont	sentdhiomr
HIOa-HG003-SR10x-ONT15bx-27-D0-PF-ILMN-NOVASEQ-ont-sentdhiomr-Indel_50	Indel_50	HIOa-HG003-SR10x-ONT15bx-27-D0-PF-ILMN-NOVASEQ	3088286401.0	3088247779.0	801.0	37821.0	32726.0	0.6928890069525232	0.9792605250893274	0.9999894031646585	0.4638893220122755	0.5361106779877245	0.5361106779877245	HG003	hg38	-1	-2	ont	sentdhiomr
HIOa-HG003-SR10x-ONT15bx-27-D0-PF-ILMN-NOVASEQ-ont-sentdhiomr-Indel_gt50	Indel_gt50	HIOa-HG003-SR10x-ONT15bx-27-D0-PF-ILMN-NOVASEQ	3088286401.0	3088285079.0	103.0	1219.0	1586.0	0.5907438817543009	0.9220877458396369	0.9999994864466378	0.5654188948306595	0.43458110516934045	0.43458110516934045	HG003	hg38	-1	-2	ont	sentdhiomr
HIOa-HG003-SR10x-ONT15bx-27-D0-PF-ILMN-NOVASEQ-ont-sentdhiomr-All	All	HIOa-HG003-SR10x-ONT15bx-27-D0-PF-ILMN-NOVASEQ	3088286401.0	3084287626.0	56614.0	3942161.0	1030396.0	0.8788351607096916	0.9858421641627748	0.9996660324826638	0.2072165286390885	0.7927834713609115	0.7927834713609115	HG003	hg38	-1	-2	ont	sentdhiomr
HIOa-HG003-SR10x-ONT15bx-27-D0-PF-ILMN-NOVASEQ-ont-sentdhiomr-SNPts	SNPts	HIOa-HG003-SR10x-ONT15bx-27-D0-PF-ILMN-NOVASEQ	2528531102.0	2526276378.0	23850.0	2230874.0	5776.0	0.9934038002624587	0.9894222086605722	0.9999977136362259	0.0025824335501754858	0.9974175664498245	0.9974175664498245	HG003	giabHC	-1	-2	ont	sentdhiomr
HIOa-HG003-SR10x-ONT15bx-27-D0-PF-ILMN-NOVASEQ-ont-sentdhiomr-SNPtv	SNPtv	HIOa-HG003-SR10x-ONT15bx-27-D0-PF-ILMN-NOVASEQ	2528531102.0	2527459455.0	11327.0	1060320.0	3404.0	0.9931014329594249	0.9894302881452568	0.999998653194848	0.003200078215777777	0.9967999217842223	0.9967999217842223	HG003	giabHC	-1	-2	ont	sentdhiomr
HIOa-HG003-SR10x-ONT15bx-27-D0-PF-ILMN-NOVASEQ-ont-sentdhiomr-INS_50	INS_50	HIOa-HG003-SR10x-ONT15bx-27-D0-PF-ILMN-NOVASEQ	2528531102.0	2528301274.0	5076.0	224752.0	2525.0	0.9833714354469979	0.9779139182345058	0.9999990013067255	0.011109791135926644	0.9888902088640733	0.9888902088640733	HG003	giabHC	-1	-2	ont	sentdhiomr
HIOa-HG003-SR10x-ONT15bx-27-D0-PF-ILMN-NOVASEQ-ont-sentdhiomr-INS_gt50	INS_gt50	HIOa-HG003-SR10x-ONT15bx-27-D0-PF-ILMN-NOVASEQ	2528531102.0	2528531101.0	0.0	1.0	4.0	0.33333333333333337	1.0	0.9999999984180539	0.8	0.19999999999999996	0.2	HG003	giabHC	-1	-2	ont	sentdhiomr
HIOa-HG003-SR10x-ONT15bx-27-D0-PF-ILMN-NOVASEQ-ont-sentdhiomr-DEL_50	DEL_50	HIOa-HG003-SR10x-ONT15bx-27-D0-PF-ILMN-NOVASEQ	2528531102.0	2528286944.0	5039.0	239119.0	1547.0	0.9864156889922943	0.9793617247847706	0.9999993881236238	0.0064279956454173	0.9935720043545827	0.9935720043545827	HG003	giabHC	-1	-2	ont	sentdhiomr
HIOa-HG003-SR10x-ONT15bx-27-D0-PF-ILMN-NOVASEQ-ont-sentdhiomr-DEL_gt50	DEL_gt50	HIOa-HG003-SR10x-ONT15bx-27-D0-PF-ILMN-NOVASEQ	2528531102.0	2528531102.0	0.0	0.0	15.0			0.999999994067702	1.0	0.0	0.0	HG003	giabHC	-1	-2	ont	sentdhiomr
HIOa-HG003-SR10x-ONT15bx-27-D0-PF-ILMN-NOVASEQ-ont-sentdhiomr-Indel_50	Indel_50	HIOa-HG003-SR10x-ONT15bx-27-D0-PF-ILMN-NOVASEQ	2528531102.0	2528500984.0	335.0	29783.0	14.0	0.9941750813652674	0.988877083471678	0.9999999944631226	0.000469845957646743	0.9995301540423532	0.9995301540423532	HG003	giabHC	-1	-2	ont	sentdhiomr
HIOa-HG003-SR10x-ONT15bx-27-D0-PF-ILMN-NOVASEQ-ont-sentdhiomr-Indel_gt50	Indel_gt50	HIOa-HG003-SR10x-ONT15bx-27-D0-PF-ILMN-NOVASEQ	2528531102.0	2528530705.0	16.0	381.0	0.0	0.9794344473007711	0.9596977329974811	1.0	0.0	1.0	1.0	HG003	giabHC	-1	-2	ont	sentdhiomr
HIOa-HG003-SR10x-ONT15bx-27-D0-PF-ILMN-NOVASEQ-ont-sentdhiomr-All	All	HIOa-HG003-SR10x-ONT15bx-27-D0-PF-ILMN-NOVASEQ	2528531102.0	2524700229.0	45643.0	3785230.0	13285.0	0.992276182571918	0.988085483387207	0.9999947380168378	0.003497419386260157	0.9965025806137399	0.9965025806137399	HG003	giabHC	-1	-2	ont	sentdhiomr
HIOa-HG003-SR10x-ONT15bx-27-D0-PF-ILMN-NOVASEQ-ont-sentdhiomr-SNPts	SNPts	HIOa-HG003-SR10x-ONT15bx-27-D0-PF-ILMN-NOVASEQ	688815815.0	688748016.0	3917.0	63882.0	355216.0	0.26240457427340896	0.9422262865234	0.999484524257753	0.8475726441071062	0.1524273558928938	0.15242735589289377	HG003	hg38_m_giabHC	-1	-2	ont	sentdhiomr
HIOa-HG003-SR10x-ONT15bx-27-D0-PF-ILMN-NOVASEQ-ont-sentdhiomr-SNPtv	SNPtv	HIOa-HG003-SR10x-ONT15bx-27-D0-PF-ILMN-NOVASEQ	688815815.0	688780813.0	2069.0	32933.0	299760.0	0.17913216116618394	0.9408890920518828	0.9995649855593883	0.90101084182715	0.09898915817285003	0.09898915817285005	HG003	hg38_m_giabHC	-1	-2	ont	sentdhiomr
HIOa-HG003-SR10x-ONT15bx-27-D0-PF-ILMN-NOVASEQ-ont-sentdhiomr-INS_50	INS_50	HIOa-HG003-SR10x-ONT15bx-27-D0-PF-ILMN-NOVASEQ	688815815.0	688788271.0	2409.0	25135.0	158607.0	0.23792395142129627	0.9125399361022364	0.9997697834113707	0.8632049286499548	0.1367950713500452	0.13679507135004518	HG003	hg38_m_giabHC	-1	-2	ont	sentdhiomr
HIOa-HG003-SR10x-ONT15bx-27-D0-PF-ILMN-NOVASEQ-ont-sentdhiomr-INS_gt50	INS_gt50	HIOa-HG003-SR10x-ONT15bx-27-D0-PF-ILMN-NOVASEQ	688815815.0	688815583.0	144.0	88.0	2237.0	0.06883066093077826	0.3793103448275862	0.9999967524068991	0.9621505376344086	0.03784946236559139	0.0378494623655914	HG003	hg38_m_giabHC	-1	-2	ont	sentdhiomr
HIOa-HG003-SR10x-ONT15bx-27-D0-PF-ILMN-NOVASEQ-ont-sentdhiomr-DEL_50	DEL_50	HIOa-HG003-SR10x-ONT15bx-27-D0-PF-ILMN-NOVASEQ	688815815.0	688787895.0	1834.0	26086.0	164105.0	0.23919930677499077	0.9343123209169054	0.999761804886262	0.8628431418942011	0.13715685810579892	0.13715685810579892	HG003	hg38_m_giabHC	-1	-2	ont	sentdhiomr
HIOa-HG003-SR10x-ONT15bx-27-D0-PF-ILMN-NOVASEQ-ont-sentdhiomr-DEL_gt50	DEL_gt50	HIOa-HG003-SR10x-ONT15bx-27-D0-PF-ILMN-NOVASEQ	688815815.0	688815677.0	50.0	88.0	2891.0	0.056464549246069945	0.6376811594202898	0.9999958029586682	0.9704598858677409	0.0295401141322591	0.029540114132259147	HG003	hg38_m_giabHC	-1	-2	ont	sentdhiomr
HIOa-HG003-SR10x-ONT15bx-27-D0-PF-ILMN-NOVASEQ-ont-sentdhiomr-Indel_50	Indel_50	HIOa-HG003-SR10x-ONT15bx-27-D0-PF-ILMN-NOVASEQ	688815815.0	688807311.0	466.0	8038.0	32712.0	0.32638973484387057	0.9452022577610536	0.9999525114701414	0.8027484662576687	0.1972515337423313	0.1972515337423313	HG003	hg38_m_giabHC	-1	-2	ont	sentdhiomr
HIOa-HG003-SR10x-ONT15bx-27-D0-PF-ILMN-NOVASEQ-ont-sentdhiomr-Indel_gt50	Indel_gt50	HIOa-HG003-SR10x-ONT15bx-27-D0-PF-ILMN-NOVASEQ	688815815.0	688814888.0	89.0	838.0	1586.0	0.5001492091912861	0.9039913700107874	0.9999976974999004	0.6542904290429042	0.34570957095709576	0.3457095709570957	HG003	hg38_m_giabHC	-1	-2	ont	sentdhiomr
HIOa-HG003-SR10x-ONT15bx-27-D0-PF-ILMN-NOVASEQ-ont-sentdhiomr-All	All	HIOa-HG003-SR10x-ONT15bx-27-D0-PF-ILMN-NOVASEQ	688815815.0	688647749.0	10978.0	157088.0	1017114.0	0.23406354021700584	0.9346804231670891	0.9985252054228548	0.8662172266782036	0.13378277332179644	0.13378277332179642	HG003	hg38_m_giabHC	-1	-2	ont	sentdhiomr
HIOa-HG003-SR10x-ONT15bx-27-D0-PF-ILMN-NOVASEQ-ont-sentdhiomr-SNPts	SNPts	HIOa-HG003-SR10x-ONT15bx-27-D0-PF-ILMN-NOVASEQ	377862616.0	377589395.0	4713.0	268508.0	34938.0	0.9312410802074681	0.9827502278375381	0.9999074794790832	0.1151374544399992	0.8848625455600008	0.8848625455600008	HG003	clinvar_genes	-1	-2	ont	sentdhiomr
HIOa-HG003-SR10x-ONT15bx-27-D0-PF-ILMN-NOVASEQ-ont-sentdhiomr-SNPtv	SNPtv	HIOa-HG003-SR10x-ONT15bx-27-D0-PF-ILMN-NOVASEQ	377862616.0	377738295.0	2242.0	122079.0	21272.0	0.9121536806240473	0.9819660395267091	0.9999436890502366	0.1483910122705806	0.8516089877294194	0.8516089877294194	HG003	clinvar_genes	-1	-2	ont	sentdhiomr
HIOa-HG003-SR10x-ONT15bx-27-D0-PF-ILMN-NOVASEQ-ont-sentdhiomr-INS_50	INS_50	HIOa-HG003-SR10x-ONT15bx-27-D0-PF-ILMN-NOVASEQ	377862616.0	377833334.0	957.0	28325.0	17368.0	0.7555851950650216	0.9673178061607813	0.9999540347552405	0.38010198498675946	0.6198980150132405	0.6198980150132405	HG003	clinvar_genes	-1	-2	ont	sentdhiomr
HIOa-HG003-SR10x-ONT15bx-27-D0-PF-ILMN-NOVASEQ-ont-sentdhiomr-INS_gt50	INS_gt50	HIOa-HG003-SR10x-ONT15bx-27-D0-PF-ILMN-NOVASEQ	377862616.0	377862587.0	17.0	12.0	268.0	0.07766990291262137	0.41379310344827586	0.999999290747962	0.9571428571428572	0.042857142857142816	0.04285714285714286	HG003	clinvar_genes	-1	-2	ont	sentdhiomr
HIOa-HG003-SR10x-ONT15bx-27-D0-PF-ILMN-NOVASEQ-ont-sentdhiomr-DEL_50	DEL_50	HIOa-HG003-SR10x-ONT15bx-27-D0-PF-ILMN-NOVASEQ	377862616.0	377831628.0	846.0	30142.0	17157.0	0.7700384482736599	0.9726991093326449	0.9999545929464878	0.3627349415421045	0.6372650584578955	0.6372650584578955	HG003	clinvar_genes	-1	-2	ont	sentdhiomr
HIOa-HG003-SR10x-ONT15bx-27-D0-PF-ILMN-NOVASEQ-ont-sentdhiomr-DEL_gt50	DEL_gt50	HIOa-HG003-SR10x-ONT15bx-27-D0-PF-ILMN-NOVASEQ	377862616.0	377862598.0	5.0	13.0	362.0	0.06615776081424936	0.7222222222222222	0.9999990419807223	0.9653333333333334	0.03466666666666662	0.034666666666666665	HG003	clinvar_genes	-1	-2	ont	sentdhiomr
HIOa-HG003-SR10x-ONT15bx-27-D0-PF-ILMN-NOVASEQ-ont-sentdhiomr-Indel_50	Indel_50	HIOa-HG003-SR10x-ONT15bx-27-D0-PF-ILMN-NOVASEQ	377862616.0	377858827.0	101.0	3688.0	3497.0	0.6721341352287225	0.9733438902084983	0.9999907453064837	0.48670842032011136	0.5132915796798887	0.5132915796798887	HG003	clinvar_genes	-1	-2	ont	sentdhiomr
HIOa-HG003-SR10x-ONT15bx-27-D0-PF-ILMN-NOVASEQ-ont-sentdhiomr-Indel_gt50	Indel_gt50	HIOa-HG003-SR10x-ONT15bx-27-D0-PF-ILMN-NOVASEQ	377862616.0	377862474.0	15.0	127.0	185.0	0.5594713656387665	0.8943661971830986	0.9999995104041228	0.592948717948718	0.40705128205128205	0.40705128205128205	HG003	clinvar_genes	-1	-2	ont	sentdhiomr
HIOa-HG003-SR10x-ONT15bx-27-D0-PF-ILMN-NOVASEQ-ont-sentdhiomr-All	All	HIOa-HG003-SR10x-ONT15bx-27-D0-PF-ILMN-NOVASEQ	377862616.0	377400826.0	8896.0	452894.0	95047.0	0.8970587215803021	0.9807358323047273	0.9997482171149458	0.17346210632166603	0.826537893678334	0.826537893678334	HG003	clinvar_genes	-1	-2	ont	sentdhiomr
HIOa-HG003-SR10x-ONT1bx-21-D0-PF-ILMN-NOVASEQ-ont-sentdhiomr-SNPts	SNPts	HIOa-HG003-SR10x-ONT1bx-21-D0-PF-ILMN-NOVASEQ	2799325643.0	2797071534.0	42031.0	2212078.0	114399.0	0.9658493476598845	0.9813536080109702	0.9999591021109285	0.049172633127256365	0.9508273668727436	0.9508273668727436	HG003	ultima	-1	-2	ont	sentdhiomr
HIOa-HG003-SR10x-ONT1bx-21-D0-PF-ILMN-NOVASEQ-ont-sentdhiomr-SNPtv	SNPtv	HIOa-HG003-SR10x-ONT1bx-21-D0-PF-ILMN-NOVASEQ	2799325643.0	2798266925.0	20216.0	1038502.0	65792.0	0.9602369288751056	0.9809052079968414	0.9999764888572398	0.059578336928390443	0.9404216630716096	0.9404216630716096	HG003	ultima	-1	-2	ont	sentdhiomr
HIOa-HG003-SR10x-ONT1bx-21-D0-PF-ILMN-NOVASEQ-ont-sentdhiomr-INS_50	INS_50	HIOa-HG003-SR10x-ONT1bx-21-D0-PF-ILMN-NOVASEQ	2799325643.0	2799160998.0	4034.0	160611.0	23658.0	0.920633737826513	0.9754988004494518	0.9999915482531854	0.12838838871432526	0.8716116112856748	0.8716116112856748	HG003	ultima	-1	-2	ont	sentdhiomr
HIOa-HG003-SR10x-ONT1bx-21-D0-PF-ILMN-NOVASEQ-ont-sentdhiomr-INS_gt50	INS_gt50	HIOa-HG003-SR10x-ONT1bx-21-D0-PF-ILMN-NOVASEQ	2799325643.0	2799325546.0	68.0	29.0	409.0	0.10841121495327101	0.29896907216494845	0.9999998538933992	0.9337899543378996	0.06621004566210043	0.06621004566210045	HG003	ultima	-1	-2	ont	sentdhiomr
HIOa-HG003-SR10x-ONT1bx-21-D0-PF-ILMN-NOVASEQ-ont-sentdhiomr-DEL_50	DEL_50	HIOa-HG003-SR10x-ONT1bx-21-D0-PF-ILMN-NOVASEQ	2799325643.0	2799147329.0	4414.0	173900.0	31617.0	0.9061279573562323	0.9752459145103581	0.9999887049021838	0.15384128806862693	0.846158711931373	0.846158711931373	HG003	ultima	-1	-2	ont	sentdhiomr
HIOa-HG003-SR10x-ONT1bx-21-D0-PF-ILMN-NOVASEQ-ont-sentdhiomr-DEL_gt50	DEL_gt50	HIOa-HG003-SR10x-ONT1bx-21-D0-PF-ILMN-NOVASEQ	2799325643.0	2799325554.0	35.0	54.0	1036.0	0.09160305343511452	0.6067415730337079	0.9999996299109922	0.9504587155963303	0.04954128440366967	0.04954128440366973	HG003	ultima	-1	-2	ont	sentdhiomr
HIOa-HG003-SR10x-ONT1bx-21-D0-PF-ILMN-NOVASEQ-ont-sentdhiomr-Indel_50	Indel_50	HIOa-HG003-SR10x-ONT1bx-21-D0-PF-ILMN-NOVASEQ	2799325643.0	2799309696.0	210.0	15737.0	2251.0	0.9274790039781936	0.9868313789427479	0.999999195873828	0.12513898154325107	0.8748610184567489	0.8748610184567489	HG003	ultima	-1	-2	ont	sentdhiomr
HIOa-HG003-SR10x-ONT1bx-21-D0-PF-ILMN-NOVASEQ-ont-sentdhiomr-Indel_gt50	Indel_gt50	HIOa-HG003-SR10x-ONT1bx-21-D0-PF-ILMN-NOVASEQ	2799325643.0	2799324839.0	28.0	776.0	375.0	0.7938618925831203	0.9651741293532339	0.9999998660391447	0.32580364900086883	0.6741963509991311	0.6741963509991312	HG003	ultima	-1	-2	ont	sentdhiomr
HIOa-HG003-SR10x-ONT1bx-21-D0-PF-ILMN-NOVASEQ-ont-sentdhiomr-All	All	HIOa-HG003-SR10x-ONT1bx-21-D0-PF-ILMN-NOVASEQ	2799325643.0	2795652920.0	71036.0	3601687.0	239537.0	0.9586671292730704	0.9806584923502263	0.9999143253885177	0.062359549976778235	0.9376404500232217	0.9376404500232217	HG003	ultima	-1	-2	ont	sentdhiomr
HIOa-HG003-SR10x-ONT1bx-21-D0-PF-ILMN-NOVASEQ-ont-sentdhiomr-SNPts	SNPts	HIOa-HG003-SR10x-ONT1bx-21-D0-PF-ILMN-NOVASEQ	377862616.0	377589406.0	8644.0	264566.0	33804.0	0.9257356800447882	0.968361333772556	0.9999104821973205	0.11329557261118745	0.8867044273888125	0.8867044273888125	HG003	clinvar_genes	-1	-2	ont	sentdhiomr
HIOa-HG003-SR10x-ONT1bx-21-D0-PF-ILMN-NOVASEQ-ont-sentdhiomr-SNPtv	SNPtv	HIOa-HG003-SR10x-ONT1bx-21-D0-PF-ILMN-NOVASEQ	377862616.0	377738302.0	4186.0	120128.0	20291.0	0.9075408052641718	0.9663272036938719	0.999946285801631	0.14450323674146662	0.8554967632585334	0.8554967632585334	HG003	clinvar_genes	-1	-2	ont	sentdhiomr
HIOa-HG003-SR10x-ONT1bx-21-D0-PF-ILMN-NOVASEQ-ont-sentdhiomr-INS_50	INS_50	HIOa-HG003-SR10x-ONT1bx-21-D0-PF-ILMN-NOVASEQ	377862616.0	377833354.0	1235.0	28027.0	17246.0	0.7520493727778896	0.9577950926115781	0.999954357621769	0.38093344819207914	0.6190665518079208	0.6190665518079208	HG003	clinvar_genes	-1	-2	ont	sentdhiomr
HIOa-HG003-SR10x-ONT1bx-21-D0-PF-ILMN-NOVASEQ-ont-sentdhiomr-INS_gt50	INS_gt50	HIOa-HG003-SR10x-ONT1bx-21-D0-PF-ILMN-NOVASEQ	377862616.0	377862586.0	17.0	13.0	261.0	0.08552631578947369	0.43333333333333335	0.9999993092731871	0.9525547445255474	0.04744525547445255	0.04744525547445255	HG003	clinvar_genes	-1	-2	ont	sentdhiomr
HIOa-HG003-SR10x-ONT1bx-21-D0-PF-ILMN-NOVASEQ-ont-sentdhiomr-DEL_50	DEL_50	HIOa-HG003-SR10x-ONT1bx-21-D0-PF-ILMN-NOVASEQ	377862616.0	377831628.0	1135.0	29853.0	16891.0	0.7681006535275048	0.9633729185491158	0.9999552969003432	0.36135118945747047	0.6386488105425295	0.6386488105425295	HG003	clinvar_genes	-1	-2	ont	sentdhiomr
HIOa-HG003-SR10x-ONT1bx-21-D0-PF-ILMN-NOVASEQ-ont-sentdhiomr-DEL_gt50	DEL_gt50	HIOa-HG003-SR10x-ONT1bx-21-D0-PF-ILMN-NOVASEQ	377862616.0	377862598.0	11.0	7.0	318.0	0.04081632653061224	0.3888888888888889	0.9999991584249565	0.9784615384615385	0.021538461538461506	0.021538461538461538	HG003	clinvar_genes	-1	-2	ont	sentdhiomr
HIOa-HG003-SR10x-ONT1bx-21-D0-PF-ILMN-NOVASEQ-ont-sentdhiomr-Indel_50	Indel_50	HIOa-HG003-SR10x-ONT1bx-21-D0-PF-ILMN-NOVASEQ	377862616.0	377858826.0	133.0	3657.0	3437.0	0.6719955898566703	0.9649076517150396	0.9999909040930081	0.4844939385396109	0.515506061460389	0.515506061460389	HG003	clinvar_genes	-1	-2	ont	sentdhiomr
HIOa-HG003-SR10x-ONT1bx-21-D0-PF-ILMN-NOVASEQ-ont-sentdhiomr-Indel_gt50	Indel_gt50	HIOa-HG003-SR10x-ONT1bx-21-D0-PF-ILMN-NOVASEQ	377862616.0	377862474.0	17.0	125.0	154.0	0.5938242280285035	0.8802816901408451	0.9999995924444796	0.5519713261648745	0.44802867383512546	0.44802867383512546	HG003	clinvar_genes	-1	-2	ont	sentdhiomr
HIOa-HG003-SR10x-ONT1bx-21-D0-PF-ILMN-NOVASEQ-ont-sentdhiomr-All	All	HIOa-HG003-SR10x-ONT1bx-21-D0-PF-ILMN-NOVASEQ	377862616.0	377400862.0	15378.0	446376.0	92402.0	0.892277308471893	0.9666965527098845	0.9997552221223212	0.17150291956984137	0.8284970804301586	0.8284970804301586	HG003	clinvar_genes	-1	-2	ont	sentdhiomr
HIOa-HG003-SR10x-ONT1bx-21-D0-PF-ILMN-NOVASEQ-ont-sentdhiomr-SNPts	SNPts	HIOa-HG003-SR10x-ONT1bx-21-D0-PF-ILMN-NOVASEQ	337668665.0	337403109.0	7566.0	257990.0	1688.0	0.9823811862903011	0.971508834294838	0.9999949971072877	0.006500358135845162	0.9934996418641548	0.9934996418641548	HG003	giabHC_x_clinvar_genes	-1	-2	ont	sentdhiomr
HIOa-HG003-SR10x-ONT1bx-21-D0-PF-ILMN-NOVASEQ-ont-sentdhiomr-SNPtv	SNPtv	HIOa-HG003-SR10x-ONT1bx-21-D0-PF-ILMN-NOVASEQ	337668665.0	337548415.0	3605.0	116645.0	834.0	0.9813274779265466	0.97002079002079	0.9999975292494281	0.00709914112309434	0.9929008588769057	0.9929008588769057	HG003	giabHC_x_clinvar_genes	-1	-2	ont	sentdhiomr
HIOa-HG003-SR10x-ONT1bx-21-D0-PF-ILMN-NOVASEQ-ont-sentdhiomr-INS_50	INS_50	HIOa-HG003-SR10x-ONT1bx-21-D0-PF-ILMN-NOVASEQ	337668665.0	337642274.0	899.0	25492.0	324.0	0.9765740226406421	0.9659353567504073	0.9999990404054407	0.012550356368143787	0.9874496436318562	0.9874496436318562	HG003	giabHC_x_clinvar_genes	-1	-2	ont	sentdhiomr
HIOa-HG003-SR10x-ONT1bx-21-D0-PF-ILMN-NOVASEQ-ont-sentdhiomr-INS_gt50	INS_gt50	HIOa-HG003-SR10x-ONT1bx-21-D0-PF-ILMN-NOVASEQ	337668665.0	337668665.0	0.0	0.0	1.0			0.999999997038517	1.0	0.0	0.0	HG003	giabHC_x_clinvar_genes	-1	-2	ont	sentdhiomr
HIOa-HG003-SR10x-ONT1bx-21-D0-PF-ILMN-NOVASEQ-ont-sentdhiomr-DEL_50	DEL_50	HIOa-HG003-SR10x-ONT1bx-21-D0-PF-ILMN-NOVASEQ	337668665.0	337640592.0	835.0	27238.0	195.0	0.9814434475552192	0.9702561179781285	0.9999994224631398	0.007108227317464368	0.9928917726825356	0.9928917726825356	HG003	giabHC_x_clinvar_genes	-1	-2	ont	sentdhiomr
HIOa-HG003-SR10x-ONT1bx-21-D0-PF-ILMN-NOVASEQ-ont-sentdhiomr-DEL_gt50	DEL_gt50	HIOa-HG003-SR10x-ONT1bx-21-D0-PF-ILMN-NOVASEQ	337668665.0	337668665.0	0.0	0.0	6.0			0.9999999822311025	1.0	0.0	0.0	HG003	giabHC_x_clinvar_genes	-1	-2	ont	sentdhiomr
HIOa-HG003-SR10x-ONT1bx-21-D0-PF-ILMN-NOVASEQ-ont-sentdhiomr-Indel_50	Indel_50	HIOa-HG003-SR10x-ONT1bx-21-D0-PF-ILMN-NOVASEQ	337668665.0	337665707.0	48.0	2910.0	2.0	0.9914821124361157	0.9837728194726166	0.9999999940769823	0.0006868131868131869	0.9993131868131868	0.9993131868131868	HG003	giabHC_x_clinvar_genes	-1	-2	ont	sentdhiomr
HIOa-HG003-SR10x-ONT1bx-21-D0-PF-ILMN-NOVASEQ-ont-sentdhiomr-Indel_gt50	Indel_gt50	HIOa-HG003-SR10x-ONT1bx-21-D0-PF-ILMN-NOVASEQ	337668665.0	337668627.0	2.0	36.0	0.0	0.972972972972973	0.9473684210526315	1.0	0.0	1.0	1.0	HG003	giabHC_x_clinvar_genes	-1	-2	ont	sentdhiomr
HIOa-HG003-SR10x-ONT1bx-21-D0-PF-ILMN-NOVASEQ-ont-sentdhiomr-All	All	HIOa-HG003-SR10x-ONT1bx-21-D0-PF-ILMN-NOVASEQ	337668665.0	337225399.0	12955.0	430311.0	3050.0	0.9817425199086954	0.9707737566156664	0.9999909556859481	0.007038012188452583	0.9929619878115474	0.9929619878115474	HG003	giabHC_x_clinvar_genes	-1	-2	ont	sentdhiomr
HIOa-HG003-SR10x-ONT1bx-21-D0-PF-ILMN-NOVASEQ-ont-sentdhiomr-SNPts	SNPts	HIOa-HG003-SR10x-ONT1bx-21-D0-PF-ILMN-NOVASEQ	3088286401.0	3085963879.0	54378.0	2268144.0	316690.0	0.924385351297114	0.976586658813135	0.9998973878126374	0.12251850602398452	0.8774814939760155	0.8774814939760155	HG003	hg38	-1	-2	ont	sentdhiomr
HIOa-HG003-SR10x-ONT1bx-21-D0-PF-ILMN-NOVASEQ-ont-sentdhiomr-SNPtv	SNPtv	HIOa-HG003-SR10x-ONT1bx-21-D0-PF-ILMN-NOVASEQ	3088286401.0	3087179738.0	26820.0	1079843.0	245821.0	0.8879093970506432	0.9757649799442106	0.9999203799426731	0.1854323569169865	0.8145676430830135	0.8145676430830135	HG003	hg38	-1	-2	ont	sentdhiomr
HIOa-HG003-SR10x-ONT1bx-21-D0-PF-ILMN-NOVASEQ-ont-sentdhiomr-INS_50	INS_50	HIOa-HG003-SR10x-ONT1bx-21-D0-PF-ILMN-NOVASEQ	3088286401.0	3088028917.0	9096.0	248388.0	157116.0	0.7492986298394541	0.9646735331127371	0.9999491235313155	0.38745857007575757	0.6125414299242424	0.6125414299242424	HG003	hg38	-1	-2	ont	sentdhiomr
HIOa-HG003-SR10x-ONT1bx-21-D0-PF-ILMN-NOVASEQ-ont-sentdhiomr-INS_gt50	INS_gt50	HIOa-HG003-SR10x-ONT1bx-21-D0-PF-ILMN-NOVASEQ	3088286401.0	3088286168.0	153.0	80.0	1889.0	0.07266121707538602	0.34334763948497854	0.9999993883342599	0.9593702386998476	0.04062976130015239	0.04062976130015236	HG003	hg38	-1	-2	ont	sentdhiomr
HIOa-HG003-SR10x-ONT1bx-21-D0-PF-ILMN-NOVASEQ-ont-sentdhiomr-DEL_50	DEL_50	HIOa-HG003-SR10x-ONT1bx-21-D0-PF-ILMN-NOVASEQ	3088286401.0	3088014490.0	8746.0	263165.0	160225.0	0.7569815087278746	0.9678350636789244	0.9999481166012979	0.3784335955029642	0.6215664044970358	0.6215664044970358	HG003	hg38	-1	-2	ont	sentdhiomr
HIOa-HG003-SR10x-ONT1bx-21-D0-PF-ILMN-NOVASEQ-ont-sentdhiomr-DEL_gt50	DEL_gt50	HIOa-HG003-SR10x-ONT1bx-21-D0-PF-ILMN-NOVASEQ	3088286401.0	3088286263.0	60.0	78.0	2345.0	0.06091370558375634	0.5652173913043478	0.9999992406797752	0.9678085018572018	0.0321914981427982	0.03219149814279818	HG003	hg38	-1	-2	ont	sentdhiomr
HIOa-HG003-SR10x-ONT1bx-21-D0-PF-ILMN-NOVASEQ-ont-sentdhiomr-Indel_50	Indel_50	HIOa-HG003-SR10x-ONT1bx-21-D0-PF-ILMN-NOVASEQ	3088286401.0	3088247918.0	915.0	37568.0	32387.0	0.6928936350725761	0.9762232674167814	0.9999895129338009	0.46296905153312845	0.5370309484668716	0.5370309484668716	HG003	hg38	-1	-2	ont	sentdhiomr
HIOa-HG003-SR10x-ONT1bx-21-D0-PF-ILMN-NOVASEQ-ont-sentdhiomr-Indel_gt50	Indel_gt50	HIOa-HG003-SR10x-ONT1bx-21-D0-PF-ILMN-NOVASEQ	3088286401.0	3088285088.0	110.0	1203.0	1373.0	0.6186680380560554	0.9162223914699162	0.9999995554168898	0.5329968944099379	0.4670031055900621	0.4670031055900621	HG003	hg38	-1	-2	ont	sentdhiomr
HIOa-HG003-SR10x-ONT1bx-21-D0-PF-ILMN-NOVASEQ-ont-sentdhiomr-All	All	HIOa-HG003-SR10x-ONT1bx-21-D0-PF-ILMN-NOVASEQ	3088286401.0	3084287654.0	100278.0	3898469.0	917846.0	0.8845017766182472	0.9749226445183954	0.9997025008544812	0.19057017657690578	0.8094298234230942	0.8094298234230942	HG003	hg38	-1	-2	ont	sentdhiomr
HIOa-HG003-SR10x-ONT1bx-21-D0-PF-ILMN-NOVASEQ-ont-sentdhiomr-SNPts	SNPts	HIOa-HG003-SR10x-ONT1bx-21-D0-PF-ILMN-NOVASEQ	332544085.0	332287253.0	5975.0	250857.0	891.0	0.9864996657359708	0.9767357650137054	0.9999973185922637	0.0035392535392535394	0.9964607464607464	0.9964607464607464	HG003	giabHC_x_ultima_x_clinvar	-1	-2	ont	sentdhiomr
HIOa-HG003-SR10x-ONT1bx-21-D0-PF-ILMN-NOVASEQ-ont-sentdhiomr-SNPtv	SNPtv	HIOa-HG003-SR10x-ONT1bx-21-D0-PF-ILMN-NOVASEQ	332544085.0	332429472.0	2782.0	111831.0	443.0	0.9857858757883882	0.9757270117700435	0.9999986673882825	0.0039457042592229725	0.996054295740777	0.996054295740777	HG003	giabHC_x_ultima_x_clinvar	-1	-2	ont	sentdhiomr
HIOa-HG003-SR10x-ONT1bx-21-D0-PF-ILMN-NOVASEQ-ont-sentdhiomr-INS_50	INS_50	HIOa-HG003-SR10x-ONT1bx-21-D0-PF-ILMN-NOVASEQ	332544085.0	332526553.0	466.0	17066.0	103.0	0.9836027780179245	0.9734200319415925	0.999999690250396	0.005999184576853631	0.9940008154231463	0.9940008154231463	HG003	giabHC_x_ultima_x_clinvar	-1	-2	ont	sentdhiomr
HIOa-HG003-SR10x-ONT1bx-21-D0-PF-ILMN-NOVASEQ-ont-sentdhiomr-INS_gt50	INS_gt50	HIOa-HG003-SR10x-ONT1bx-21-D0-PF-ILMN-NOVASEQ	332544085.0	332544085.0	0.0	0.0	1.0			0.9999999969928799	1.0	0.0	0.0	HG003	giabHC_x_ultima_x_clinvar	-1	-2	ont	sentdhiomr
HIOa-HG003-SR10x-ONT1bx-21-D0-PF-ILMN-NOVASEQ-ont-sentdhiomr-DEL_50	DEL_50	HIOa-HG003-SR10x-ONT1bx-21-D0-PF-ILMN-NOVASEQ	332544085.0	332525079.0	485.0	18521.0	83.0	0.9848976336080829	0.9744817426075976	0.9999997503948288	0.004461406149215223	0.9955385938507848	0.9955385938507848	HG003	giabHC_x_ultima_x_clinvar	-1	-2	ont	sentdhiomr
HIOa-HG003-SR10x-ONT1bx-21-D0-PF-ILMN-NOVASEQ-ont-sentdhiomr-DEL_gt50	DEL_gt50	HIOa-HG003-SR10x-ONT1bx-21-D0-PF-ILMN-NOVASEQ	332544085.0	332544085.0	0.0	0.0	6.0			0.9999999819572798	1.0	0.0	0.0	HG003	giabHC_x_ultima_x_clinvar	-1	-2	ont	sentdhiomr
HIOa-HG003-SR10x-ONT1bx-21-D0-PF-ILMN-NOVASEQ-ont-sentdhiomr-Indel_50	Indel_50	HIOa-HG003-SR10x-ONT1bx-21-D0-PF-ILMN-NOVASEQ	332544085.0	332542909.0	23.0	1153.0	1.0	0.9896995708154507	0.9804421768707483	0.9999999969928692	0.0008665511265164644	0.9991334488734835	0.9991334488734835	HG003	giabHC_x_ultima_x_clinvar	-1	-2	ont	sentdhiomr
HIOa-HG003-SR10x-ONT1bx-21-D0-PF-ILMN-NOVASEQ-ont-sentdhiomr-Indel_gt50	Indel_gt50	HIOa-HG003-SR10x-ONT1bx-21-D0-PF-ILMN-NOVASEQ	332544085.0	332544058.0	1.0	26.0	0.0	0.9811320754716981	0.9629629629629629	1.0	0.0	1.0	1.0	HG003	giabHC_x_ultima_x_clinvar	-1	-2	ont	sentdhiomr
HIOa-HG003-SR10x-ONT1bx-21-D0-PF-ILMN-NOVASEQ-ont-sentdhiomr-All	All	HIOa-HG003-SR10x-ONT1bx-21-D0-PF-ILMN-NOVASEQ	332544085.0	332134899.0	9732.0	399454.0	1528.0	0.9861016480532433	0.976216195079988	0.9999953994808284	0.0038106448668518787	0.9961893551331481	0.9961893551331481	HG003	giabHC_x_ultima_x_clinvar	-1	-2	ont	sentdhiomr
HIOa-HG003-SR10x-ONT1bx-21-D0-PF-ILMN-NOVASEQ-ont-sentdhiomr-SNPts	SNPts	HIOa-HG003-SR10x-ONT1bx-21-D0-PF-ILMN-NOVASEQ	688815815.0	688748053.0	6132.0	61630.0	306239.0	0.2829458876893518	0.9095068032230453	0.9995555662252518	0.8324675359978688	0.16753246400213118	0.1675324640021312	HG003	hg38_m_giabHC	-1	-2	ont	sentdhiomr
HIOa-HG003-SR10x-ONT1bx-21-D0-PF-ILMN-NOVASEQ-ont-sentdhiomr-SNPtv	SNPtv	HIOa-HG003-SR10x-ONT1bx-21-D0-PF-ILMN-NOVASEQ	688815815.0	688780817.0	3227.0	31771.0	240324.0	0.20691451775195135	0.907794731127493	0.9996512095410437	0.8832356346129109	0.11676436538708912	0.11676436538708906	HG003	hg38_m_giabHC	-1	-2	ont	sentdhiomr
HIOa-HG003-SR10x-ONT1bx-21-D0-PF-ILMN-NOVASEQ-ont-sentdhiomr-INS_50	INS_50	HIOa-HG003-SR10x-ONT1bx-21-D0-PF-ILMN-NOVASEQ	688815815.0	688788253.0	2705.0	24857.0	154351.0	0.2404313972046235	0.9018576300703868	0.9997759595660018	0.8612952546761306	0.13870474532386945	0.13870474532386948	HG003	hg38_m_giabHC	-1	-2	ont	sentdhiomr
HIOa-HG003-SR10x-ONT1bx-21-D0-PF-ILMN-NOVASEQ-ont-sentdhiomr-INS_gt50	INS_gt50	HIOa-HG003-SR10x-ONT1bx-21-D0-PF-ILMN-NOVASEQ	688815815.0	688815583.0	153.0	79.0	1880.0	0.07211319032405294	0.34051724137931033	0.9999972706847591	0.9596733027054619	0.04032669729453808	0.04032669729453803	HG003	hg38_m_giabHC	-1	-2	ont	sentdhiomr
HIOa-HG003-SR10x-ONT1bx-21-D0-PF-ILMN-NOVASEQ-ont-sentdhiomr-DEL_50	DEL_50	HIOa-HG003-SR10x-ONT1bx-21-D0-PF-ILMN-NOVASEQ	688815815.0	688787915.0	2203.0	25697.0	158489.0	0.24232622615354155	0.9210394265232975	0.9997699545290029	0.8604834243645011	0.1395165756354989	0.1395165756354989	HG003	hg38_m_giabHC	-1	-2	ont	sentdhiomr
HIOa-HG003-SR10x-ONT1bx-21-D0-PF-ILMN-NOVASEQ-ont-sentdhiomr-DEL_gt50	DEL_gt50	HIOa-HG003-SR10x-ONT1bx-21-D0-PF-ILMN-NOVASEQ	688815815.0	688815677.0	60.0	78.0	2321.0	0.061489948758376024	0.5652173913043478	0.9999966304597052	0.9674864526886202	0.03251354731137979	0.03251354731137974	HG003	hg38_m_giabHC	-1	-2	ont	sentdhiomr
HIOa-HG003-SR10x-ONT1bx-21-D0-PF-ILMN-NOVASEQ-ont-sentdhiomr-Indel_50	Indel_50	HIOa-HG003-SR10x-ONT1bx-21-D0-PF-ILMN-NOVASEQ	688815815.0	688807320.0	544.0	7951.0	32370.0	0.3257538511963291	0.9359623307828134	0.9999530079342553	0.802807470052826	0.19719252994717396	0.19719252994717393	HG003	hg38_m_giabHC	-1	-2	ont	sentdhiomr
HIOa-HG003-SR10x-ONT1bx-21-D0-PF-ILMN-NOVASEQ-ont-sentdhiomr-Indel_gt50	Indel_gt50	HIOa-HG003-SR10x-ONT1bx-21-D0-PF-ILMN-NOVASEQ	688815815.0	688814899.0	94.0	822.0	1373.0	0.5284474445515912	0.8973799126637555	0.9999980067253695	0.6255125284738041	0.3744874715261959	0.3744874715261959	HG003	hg38_m_giabHC	-1	-2	ont	sentdhiomr
HIOa-HG003-SR10x-ONT1bx-21-D0-PF-ILMN-NOVASEQ-ont-sentdhiomr-All	All	HIOa-HG003-SR10x-ONT1bx-21-D0-PF-ILMN-NOVASEQ	688815815.0	688647812.0	15118.0	152885.0	897347.0	0.25099426629509086	0.9100135116634822	0.9986986392576501	0.8544274027072114	0.1455725972927886	0.14557259729278865	HG003	hg38_m_giabHC	-1	-2	ont	sentdhiomr
HIOa-HG003-SR10x-ONT1bx-21-D0-PF-ILMN-NOVASEQ-ont-sentdhiomr-SNPts	SNPts	HIOa-HG003-SR10x-ONT1bx-21-D0-PF-ILMN-NOVASEQ	2528531102.0	2526276316.0	48246.0	2206540.0	10451.0	0.9868738982288249	0.9786028474542595	0.9999958630983083	0.004714047102581833	0.9952859528974182	0.9952859528974182	HG003	giabHC	-1	-2	ont	sentdhiomr
HIOa-HG003-SR10x-ONT1bx-21-D0-PF-ILMN-NOVASEQ-ont-sentdhiomr-SNPtv	SNPtv	HIOa-HG003-SR10x-ONT1bx-21-D0-PF-ILMN-NOVASEQ	2528531102.0	2527459423.0	23593.0	1048086.0	5497.0	0.9863122758511658	0.9779850123031244	0.9999978250934537	0.005217434222078375	0.9947825657779217	0.9947825657779217	HG003	giabHC	-1	-2	ont	sentdhiomr
HIOa-HG003-SR10x-ONT1bx-21-D0-PF-ILMN-NOVASEQ-ont-sentdhiomr-INS_50	INS_50	HIOa-HG003-SR10x-ONT1bx-21-D0-PF-ILMN-NOVASEQ	2528531102.0	2528301258.0	6384.0	223460.0	2765.0	0.9799394389883987	0.9722246393205827	0.999998906381521	0.012222345010498398	0.9877776549895017	0.9877776549895017	HG003	giabHC	-1	-2	ont	sentdhiomr
HIOa-HG003-SR10x-ONT1bx-21-D0-PF-ILMN-NOVASEQ-ont-sentdhiomr-INS_gt50	INS_gt50	HIOa-HG003-SR10x-ONT1bx-21-D0-PF-ILMN-NOVASEQ	2528531102.0	2528531101.0	0.0	1.0	9.0	0.18181818181818182	1.0	0.9999999964406212	0.9	0.09999999999999998	0.1	HG003	giabHC	-1	-2	ont	sentdhiomr
HIOa-HG003-SR10x-ONT1bx-21-D0-PF-ILMN-NOVASEQ-ont-sentdhiomr-DEL_50	DEL_50	HIOa-HG003-SR10x-ONT1bx-21-D0-PF-ILMN-NOVASEQ	2528531102.0	2528286899.0	6555.0	237648.0	1737.0	0.9828531725352986	0.9731575779167332	0.9999993129740112	0.007256093740209286	0.9927439062597907	0.9927439062597907	HG003	giabHC	-1	-2	ont	sentdhiomr
HIOa-HG003-SR10x-ONT1bx-21-D0-PF-ILMN-NOVASEQ-ont-sentdhiomr-DEL_gt50	DEL_gt50	HIOa-HG003-SR10x-ONT1bx-21-D0-PF-ILMN-NOVASEQ	2528531102.0	2528531102.0	0.0	0.0	25.0			0.9999999901128368	1.0	0.0	0.0	HG003	giabHC	-1	-2	ont	sentdhiomr
HIOa-HG003-SR10x-ONT1bx-21-D0-PF-ILMN-NOVASEQ-ont-sentdhiomr-Indel_50	Indel_50	HIOa-HG003-SR10x-ONT1bx-21-D0-PF-ILMN-NOVASEQ	2528531102.0	2528501114.0	371.0	29617.0	17.0	0.9934923350441113	0.9876283846872083	0.9999999932766492	0.0005736653843558075	0.9994263346156442	0.9994263346156442	HG003	giabHC	-1	-2	ont	sentdhiomr
HIOa-HG003-SR10x-ONT1bx-21-D0-PF-ILMN-NOVASEQ-ont-sentdhiomr-Indel_gt50	Indel_gt50	HIOa-HG003-SR10x-ONT1bx-21-D0-PF-ILMN-NOVASEQ	2528531102.0	2528530703.0	18.0	381.0	0.0	0.9769230769230769	0.9548872180451128	1.0	0.0	1.0	1.0	HG003	giabHC	-1	-2	ont	sentdhiomr
HIOa-HG003-SR10x-ONT1bx-21-D0-PF-ILMN-NOVASEQ-ont-sentdhiomr-All	All	HIOa-HG003-SR10x-ONT1bx-21-D0-PF-ILMN-NOVASEQ	2528531102.0	2524700202.0	85167.0	3745733.0	20501.0	0.9860910706590142	0.9777684095121251	0.9999918798938926	0.005443368627652981	0.9945566313723471	0.9945566313723471	HG003	giabHC	-1	-2	ont	sentdhiomr
HIOa-HG003-SR10x-ONT2x-22-D0-PF-ILMN-NOVASEQ-ont-sentdhiomr-SNPts	SNPts	HIOa-HG003-SR10x-ONT2x-22-D0-PF-ILMN-NOVASEQ	332544085.0	332287249.0	4145.0	252691.0	633.0	0.9906343108044535	0.9838612967029544	0.9999980950253251	0.0024987762707047102	0.9975012237292953	0.9975012237292953	HG003	giabHC_x_ultima_x_clinvar	-1	-2	ont	sentdhiomr
HIOa-HG003-SR10x-ONT2x-22-D0-PF-ILMN-NOVASEQ-ont-sentdhiomr-SNPtv	SNPtv	HIOa-HG003-SR10x-ONT2x-22-D0-PF-ILMN-NOVASEQ	332544085.0	332429471.0	1963.0	112651.0	337.0	0.989894640644634	0.9828729474584257	0.9999989862521594	0.0029826176231104186	0.9970173823768895	0.9970173823768895	HG003	giabHC_x_ultima_x_clinvar	-1	-2	ont	sentdhiomr
HIOa-HG003-SR10x-ONT2x-22-D0-PF-ILMN-NOVASEQ-ont-sentdhiomr-INS_50	INS_50	HIOa-HG003-SR10x-ONT2x-22-D0-PF-ILMN-NOVASEQ	332544085.0	332526547.0	353.0	17185.0	81.0	0.9875301689460981	0.9798722773406318	0.9999997564104851	0.004691300822425576	0.9953086991775745	0.9953086991775745	HG003	giabHC_x_ultima_x_clinvar	-1	-2	ont	sentdhiomr
HIOa-HG003-SR10x-ONT2x-22-D0-PF-ILMN-NOVASEQ-ont-sentdhiomr-INS_gt50	INS_gt50	HIOa-HG003-SR10x-ONT2x-22-D0-PF-ILMN-NOVASEQ	332544085.0	332544085.0	0.0	0.0	1.0			0.9999999969928799	1.0	0.0	0.0	HG003	giabHC_x_ultima_x_clinvar	-1	-2	ont	sentdhiomr
HIOa-HG003-SR10x-ONT2x-22-D0-PF-ILMN-NOVASEQ-ont-sentdhiomr-DEL_50	DEL_50	HIOa-HG003-SR10x-ONT2x-22-D0-PF-ILMN-NOVASEQ	332544085.0	332525074.0	392.0	18619.0	61.0	0.9879812156748294	0.979380358739677	0.9999998165552207	0.003265524625267666	0.9967344753747324	0.9967344753747324	HG003	giabHC_x_ultima_x_clinvar	-1	-2	ont	sentdhiomr
HIOa-HG003-SR10x-ONT2x-22-D0-PF-ILMN-NOVASEQ-ont-sentdhiomr-DEL_gt50	DEL_gt50	HIOa-HG003-SR10x-ONT2x-22-D0-PF-ILMN-NOVASEQ	332544085.0	332544085.0	0.0	0.0	3.0			0.9999999909786398	1.0	0.0	0.0	HG003	giabHC_x_ultima_x_clinvar	-1	-2	ont	sentdhiomr
HIOa-HG003-SR10x-ONT2x-22-D0-PF-ILMN-NOVASEQ-ont-sentdhiomr-Indel_50	Indel_50	HIOa-HG003-SR10x-ONT2x-22-D0-PF-ILMN-NOVASEQ	332544085.0	332542913.0	18.0	1154.0	1.0	0.9918349806617962	0.984641638225256	0.9999999969928693	0.0008658008658008658	0.9991341991341991	0.9991341991341991	HG003	giabHC_x_ultima_x_clinvar	-1	-2	ont	sentdhiomr
HIOa-HG003-SR10x-ONT2x-22-D0-PF-ILMN-NOVASEQ-ont-sentdhiomr-Indel_gt50	Indel_gt50	HIOa-HG003-SR10x-ONT2x-22-D0-PF-ILMN-NOVASEQ	332544085.0	332544059.0	1.0	25.0	0.0	0.9803921568627451	0.9615384615384616	1.0	0.0	1.0	1.0	HG003	giabHC_x_ultima_x_clinvar	-1	-2	ont	sentdhiomr
HIOa-HG003-SR10x-ONT2x-22-D0-PF-ILMN-NOVASEQ-ont-sentdhiomr-All	All	HIOa-HG003-SR10x-ONT2x-22-D0-PF-ILMN-NOVASEQ	332544085.0	332134888.0	6872.0	402325.0	1117.0	0.9901690664612454	0.9832061329872898	0.9999966369198666	0.002768675546918764	0.9972313244530813	0.9972313244530813	HG003	giabHC_x_ultima_x_clinvar	-1	-2	ont	sentdhiomr
HIOa-HG003-SR10x-ONT2x-22-D0-PF-ILMN-NOVASEQ-ont-sentdhiomr-SNPts	SNPts	HIOa-HG003-SR10x-ONT2x-22-D0-PF-ILMN-NOVASEQ	2505355380.0	2503152263.0	26801.0	2176316.0	5801.0	0.9925655050562866	0.9878349629184469	0.9999976825274906	0.0026584275728570007	0.997341572427143	0.997341572427143	HG003	giabHC_x_ultima	-1	-2	ont	sentdhiomr
HIOa-HG003-SR10x-ONT2x-22-D0-PF-ILMN-NOVASEQ-ont-sentdhiomr-SNPtv	SNPtv	HIOa-HG003-SR10x-ONT2x-22-D0-PF-ILMN-NOVASEQ	2505355380.0	2504320925.0	13019.0	1021436.0	2999.0	0.9922200797517109	0.9874146289592104	0.9999988024712094	0.002927467335653311	0.9970725326643467	0.9970725326643467	HG003	giabHC_x_ultima	-1	-2	ont	sentdhiomr
HIOa-HG003-SR10x-ONT2x-22-D0-PF-ILMN-NOVASEQ-ont-sentdhiomr-INS_50	INS_50	HIOa-HG003-SR10x-ONT2x-22-D0-PF-ILMN-NOVASEQ	2505355380.0	2505201211.0	2807.0	151362.0	874.0	0.9879864884711411	0.9817927080022573	0.999999651125949	0.005741086208255603	0.9942589137917444	0.9942589137917444	HG003	giabHC_x_ultima	-1	-2	ont	sentdhiomr
HIOa-HG003-SR10x-ONT2x-22-D0-PF-ILMN-NOVASEQ-ont-sentdhiomr-INS_gt50	INS_gt50	HIOa-HG003-SR10x-ONT2x-22-D0-PF-ILMN-NOVASEQ	2505355380.0	2505355380.0	0.0	0.0	6.0			0.9999999976051301	1.0	0.0	0.0	HG003	giabHC_x_ultima	-1	-2	ont	sentdhiomr
HIOa-HG003-SR10x-ONT2x-22-D0-PF-ILMN-NOVASEQ-ont-sentdhiomr-DEL_50	DEL_50	HIOa-HG003-SR10x-ONT2x-22-D0-PF-ILMN-NOVASEQ	2505355380.0	2505189304.0	3058.0	163018.0	669.0	0.9886979436746997	0.9815867434186758	0.9999997329543838	0.004087068612657083	0.9959129313873429	0.9959129313873429	HG003	giabHC_x_ultima	-1	-2	ont	sentdhiomr
HIOa-HG003-SR10x-ONT2x-22-D0-PF-ILMN-NOVASEQ-ont-sentdhiomr-DEL_gt50	DEL_gt50	HIOa-HG003-SR10x-ONT2x-22-D0-PF-ILMN-NOVASEQ	2505355380.0	2505355380.0	0.0	0.0	18.0			0.9999999928153905	1.0	0.0	0.0	HG003	giabHC_x_ultima	-1	-2	ont	sentdhiomr
HIOa-HG003-SR10x-ONT2x-22-D0-PF-ILMN-NOVASEQ-ont-sentdhiomr-Indel_50	Indel_50	HIOa-HG003-SR10x-ONT2x-22-D0-PF-ILMN-NOVASEQ	2505355380.0	2505342596.0	135.0	12649.0	6.0	0.9944573292975352	0.9894399249061326	0.9999999976051179	0.0004741209008297116	0.9995258790991702	0.9995258790991702	HG003	giabHC_x_ultima	-1	-2	ont	sentdhiomr
HIOa-HG003-SR10x-ONT2x-22-D0-PF-ILMN-NOVASEQ-ont-sentdhiomr-Indel_gt50	Indel_gt50	HIOa-HG003-SR10x-ONT2x-22-D0-PF-ILMN-NOVASEQ	2505355380.0	2505355068.0	6.0	306.0	0.0	0.9902912621359222	0.9807692307692307	1.0	0.0	1.0	1.0	HG003	giabHC_x_ultima	-1	-2	ont	sentdhiomr
HIOa-HG003-SR10x-ONT2x-22-D0-PF-ILMN-NOVASEQ-ont-sentdhiomr-All	All	HIOa-HG003-SR10x-ONT2x-22-D0-PF-ILMN-NOVASEQ	2505355380.0	2501784467.0	45826.0	3525087.0	10373.0	0.9920917463803266	0.9871668674089792	0.999995853776723	0.002933988787880502	0.9970660112121195	0.9970660112121195	HG003	giabHC_x_ultima	-1	-2	ont	sentdhiomr
HIOa-HG003-SR10x-ONT2x-22-D0-PF-ILMN-NOVASEQ-ont-sentdhiomr-SNPts	SNPts	HIOa-HG003-SR10x-ONT2x-22-D0-PF-ILMN-NOVASEQ	337668665.0	337403122.0	5216.0	260327.0	1265.0	0.9877052367989225	0.9803572302790885	0.9999962507897089	0.0048357747943362185	0.9951642252056638	0.9951642252056638	HG003	giabHC_x_clinvar_genes	-1	-2	ont	sentdhiomr
HIOa-HG003-SR10x-ONT2x-22-D0-PF-ILMN-NOVASEQ-ont-sentdhiomr-SNPtv	SNPtv	HIOa-HG003-SR10x-ONT2x-22-D0-PF-ILMN-NOVASEQ	337668665.0	337548408.0	2518.0	117739.0	652.0	0.9867168381884617	0.9790615099328938	0.999998068428927	0.0055071753765066605	0.9944928246234933	0.9944928246234933	HG003	giabHC_x_clinvar_genes	-1	-2	ont	sentdhiomr
HIOa-HG003-SR10x-ONT2x-22-D0-PF-ILMN-NOVASEQ-ont-sentdhiomr-INS_50	INS_50	HIOa-HG003-SR10x-ONT2x-22-D0-PF-ILMN-NOVASEQ	337668665.0	337642263.0	728.0	25674.0	288.0	0.9805973569627988	0.972426331338535	0.9999991470269397	0.011093136122024498	0.9889068638779756	0.9889068638779756	HG003	giabHC_x_clinvar_genes	-1	-2	ont	sentdhiomr
HIOa-HG003-SR10x-ONT2x-22-D0-PF-ILMN-NOVASEQ-ont-sentdhiomr-INS_gt50	INS_gt50	HIOa-HG003-SR10x-ONT2x-22-D0-PF-ILMN-NOVASEQ	337668665.0	337668665.0	0.0	0.0	1.0			0.999999997038517	1.0	0.0	0.0	HG003	giabHC_x_clinvar_genes	-1	-2	ont	sentdhiomr
HIOa-HG003-SR10x-ONT2x-22-D0-PF-ILMN-NOVASEQ-ont-sentdhiomr-DEL_50	DEL_50	HIOa-HG003-SR10x-ONT2x-22-D0-PF-ILMN-NOVASEQ	337668665.0	337640590.0	700.0	27375.0	166.0	0.9844289413118528	0.97506678539626	0.9999995083531918	0.006027377364656331	0.9939726226353437	0.9939726226353437	HG003	giabHC_x_clinvar_genes	-1	-2	ont	sentdhiomr
HIOa-HG003-SR10x-ONT2x-22-D0-PF-ILMN-NOVASEQ-ont-sentdhiomr-DEL_gt50	DEL_gt50	HIOa-HG003-SR10x-ONT2x-22-D0-PF-ILMN-NOVASEQ	337668665.0	337668665.0	0.0	0.0	3.0			0.9999999911155512	1.0	0.0	0.0	HG003	giabHC_x_clinvar_genes	-1	-2	ont	sentdhiomr
HIOa-HG003-SR10x-ONT2x-22-D0-PF-ILMN-NOVASEQ-ont-sentdhiomr-Indel_50	Indel_50	HIOa-HG003-SR10x-ONT2x-22-D0-PF-ILMN-NOVASEQ	337668665.0	337665706.0	44.0	2915.0	2.0	0.9921715452688904	0.9851301115241635	0.9999999940769821	0.0006856359273225917	0.9993143640726774	0.9993143640726774	HG003	giabHC_x_clinvar_genes	-1	-2	ont	sentdhiomr
HIOa-HG003-SR10x-ONT2x-22-D0-PF-ILMN-NOVASEQ-ont-sentdhiomr-Indel_gt50	Indel_gt50	HIOa-HG003-SR10x-ONT2x-22-D0-PF-ILMN-NOVASEQ	337668665.0	337668628.0	2.0	35.0	0.0	0.9722222222222222	0.9459459459459459	1.0	0.0	1.0	1.0	HG003	giabHC_x_clinvar_genes	-1	-2	ont	sentdhiomr
HIOa-HG003-SR10x-ONT2x-22-D0-PF-ILMN-NOVASEQ-ont-sentdhiomr-All	All	HIOa-HG003-SR10x-ONT2x-22-D0-PF-ILMN-NOVASEQ	337668665.0	337225392.0	9208.0	434065.0	2377.0	0.9868309623002905	0.9792272482194946	0.9999929513515241	0.005446313599516087	0.9945536864004839	0.9945536864004839	HG003	giabHC_x_clinvar_genes	-1	-2	ont	sentdhiomr
HIOa-HG003-SR10x-ONT2x-22-D0-PF-ILMN-NOVASEQ-ont-sentdhiomr-SNPts	SNPts	HIOa-HG003-SR10x-ONT2x-22-D0-PF-ILMN-NOVASEQ	3088286401.0	3085963877.0	38008.0	2284516.0	340933.0	0.9234149014151856	0.9836350453213831	0.9998895335940587	0.1298570263600626	0.8701429736399374	0.8701429736399374	HG003	hg38	-1	-2	ont	sentdhiomr
HIOa-HG003-SR10x-ONT2x-22-D0-PF-ILMN-NOVASEQ-ont-sentdhiomr-SNPtv	SNPtv	HIOa-HG003-SR10x-ONT2x-22-D0-PF-ILMN-NOVASEQ	3088286401.0	3087179723.0	18980.0	1087698.0	272133.0	0.881973672100933	0.9828495732272622	0.9999118583826753	0.20012266230141834	0.7998773376985817	0.7998773376985817	HG003	hg38	-1	-2	ont	sentdhiomr
HIOa-HG003-SR10x-ONT2x-22-D0-PF-ILMN-NOVASEQ-ont-sentdhiomr-INS_50	INS_50	HIOa-HG003-SR10x-ONT2x-22-D0-PF-ILMN-NOVASEQ	3088286401.0	3088028873.0	8090.0	249438.0	160021.0	0.7479546078109468	0.9685859401696126	0.9999481828976489	0.39081080156987635	0.6091891984301236	0.6091891984301236	HG003	hg38	-1	-2	ont	sentdhiomr
HIOa-HG003-SR10x-ONT2x-22-D0-PF-ILMN-NOVASEQ-ont-sentdhiomr-INS_gt50	INS_gt50	HIOa-HG003-SR10x-ONT2x-22-D0-PF-ILMN-NOVASEQ	3088286401.0	3088286166.0	141.0	94.0	2194.0	0.07451446690447878	0.4	0.9999992895741122	0.958916083916084	0.04108391608391604	0.04108391608391608	HG003	hg38	-1	-2	ont	sentdhiomr
HIOa-HG003-SR10x-ONT2x-22-D0-PF-ILMN-NOVASEQ-ont-sentdhiomr-DEL_50	DEL_50	HIOa-HG003-SR10x-ONT2x-22-D0-PF-ILMN-NOVASEQ	3088286401.0	3088014508.0	7792.0	264101.0	162795.0	0.7558819615076939	0.971341667494198	0.9999472844386746	0.38134580787826544	0.6186541921217346	0.6186541921217346	HG003	hg38	-1	-2	ont	sentdhiomr
HIOa-HG003-SR10x-ONT2x-22-D0-PF-ILMN-NOVASEQ-ont-sentdhiomr-DEL_gt50	DEL_gt50	HIOa-HG003-SR10x-ONT2x-22-D0-PF-ILMN-NOVASEQ	3088286401.0	3088286264.0	54.0	83.0	2699.0	0.05686879068174032	0.6058394160583942	0.9999991260532831	0.9701653486700216	0.029834651329978423	0.029834651329978434	HG003	hg38	-1	-2	ont	sentdhiomr
HIOa-HG003-SR10x-ONT2x-22-D0-PF-ILMN-NOVASEQ-ont-sentdhiomr-Indel_50	Indel_50	HIOa-HG003-SR10x-ONT2x-22-D0-PF-ILMN-NOVASEQ	3088286401.0	3088247890.0	861.0	37650.0	32418.0	0.693504268781256	0.9776427514216718	0.9999895028958621	0.46266483986984075	0.5373351601301593	0.5373351601301593	HG003	hg38	-1	-2	ont	sentdhiomr
HIOa-HG003-SR10x-ONT2x-22-D0-PF-ILMN-NOVASEQ-ont-sentdhiomr-Indel_gt50	Indel_gt50	HIOa-HG003-SR10x-ONT2x-22-D0-PF-ILMN-NOVASEQ	3088286401.0	3088285087.0	102.0	1212.0	1423.0	0.6138262851354773	0.9223744292237442	0.9999995392266892	0.5400379506641366	0.4599620493358634	0.4599620493358634	HG003	hg38	-1	-2	ont	sentdhiomr
HIOa-HG003-SR10x-ONT2x-22-D0-PF-ILMN-NOVASEQ-ont-sentdhiomr-All	All	HIOa-HG003-SR10x-ONT2x-22-D0-PF-ILMN-NOVASEQ	3088286401.0	3084287581.0	74028.0	3924792.0	974616.0	0.8821513676655621	0.9814875388239531	0.9996841059405105	0.1989252579087106	0.8010747420912894	0.8010747420912894	HG003	hg38	-1	-2	ont	sentdhiomr
HIOa-HG003-SR10x-ONT2x-22-D0-PF-ILMN-NOVASEQ-ont-sentdhiomr-SNPts	SNPts	HIOa-HG003-SR10x-ONT2x-22-D0-PF-ILMN-NOVASEQ	377862616.0	377589386.0	6032.0	267198.0	35743.0	0.9274954831117844	0.9779233612707243	0.999905347930381	0.117986670671847	0.882013329328153	0.882013329328153	HG003	clinvar_genes	-1	-2	ont	sentdhiomr
HIOa-HG003-SR10x-ONT2x-22-D0-PF-ILMN-NOVASEQ-ont-sentdhiomr-SNPtv	SNPtv	HIOa-HG003-SR10x-ONT2x-22-D0-PF-ILMN-NOVASEQ	377862616.0	377738279.0	2979.0	121358.0	21622.0	0.9079706864883267	0.9760409210452239	0.9999427625855927	0.1512239474052315	0.8487760525947685	0.8487760525947685	HG003	clinvar_genes	-1	-2	ont	sentdhiomr
HIOa-HG003-SR10x-ONT2x-22-D0-PF-ILMN-NOVASEQ-ont-sentdhiomr-INS_50	INS_50	HIOa-HG003-SR10x-ONT2x-22-D0-PF-ILMN-NOVASEQ	377862616.0	377833334.0	1024.0	28258.0	17493.0	0.7532152519558062	0.9650297110853083	0.9999537039520625	0.38235229831041945	0.6176477016895805	0.6176477016895806	HG003	clinvar_genes	-1	-2	ont	sentdhiomr
HIOa-HG003-SR10x-ONT2x-22-D0-PF-ILMN-NOVASEQ-ont-sentdhiomr-INS_gt50	INS_gt50	HIOa-HG003-SR10x-ONT2x-22-D0-PF-ILMN-NOVASEQ	377862616.0	377862588.0	15.0	13.0	297.0	0.07692307692307693	0.4642857142857143	0.9999992140006023	0.9580645161290322	0.041935483870967794	0.041935483870967745	HG003	clinvar_genes	-1	-2	ont	sentdhiomr
HIOa-HG003-SR10x-ONT2x-22-D0-PF-ILMN-NOVASEQ-ont-sentdhiomr-DEL_50	DEL_50	HIOa-HG003-SR10x-ONT2x-22-D0-PF-ILMN-NOVASEQ	377862616.0	377831624.0	970.0	30022.0	17151.0	0.7681698970127294	0.9687016004130098	0.9999546088246548	0.36357662222033793	0.6364233777796621	0.6364233777796621	HG003	clinvar_genes	-1	-2	ont	sentdhiomr
HIOa-HG003-SR10x-ONT2x-22-D0-PF-ILMN-NOVASEQ-ont-sentdhiomr-DEL_gt50	DEL_gt50	HIOa-HG003-SR10x-ONT2x-22-D0-PF-ILMN-NOVASEQ	377862616.0	377862599.0	6.0	11.0	382.0	0.05365853658536585	0.6470588235294118	0.9999989890515366	0.9720101781170484	0.027989821882951627	0.027989821882951654	HG003	clinvar_genes	-1	-2	ont	sentdhiomr
HIOa-HG003-SR10x-ONT2x-22-D0-PF-ILMN-NOVASEQ-ont-sentdhiomr-Indel_50	Indel_50	HIOa-HG003-SR10x-ONT2x-22-D0-PF-ILMN-NOVASEQ	377862616.0	377858825.0	120.0	3671.0	3445.0	0.6731456862565325	0.9683460828277499	0.9999908829214412	0.4841202922990444	0.5158797077009556	0.5158797077009556	HG003	clinvar_genes	-1	-2	ont	sentdhiomr
HIOa-HG003-SR10x-ONT2x-22-D0-PF-ILMN-NOVASEQ-ont-sentdhiomr-Indel_gt50	Indel_gt50	HIOa-HG003-SR10x-ONT2x-22-D0-PF-ILMN-NOVASEQ	377862616.0	377862474.0	16.0	126.0	160.0	0.588785046728972	0.8873239436619719	0.9999995765656998	0.5594405594405595	0.4405594405594405	0.4405594405594406	HG003	clinvar_genes	-1	-2	ont	sentdhiomr
HIOa-HG003-SR10x-ONT2x-22-D0-PF-ILMN-NOVASEQ-ont-sentdhiomr-All	All	HIOa-HG003-SR10x-ONT2x-22-D0-PF-ILMN-NOVASEQ	377862616.0	377400797.0	11162.0	450657.0	96293.0	0.893479081930551	0.9758303577808622	0.9997449172389646	0.17605448395648596	0.8239455160435141	0.8239455160435141	HG003	clinvar_genes	-1	-2	ont	sentdhiomr
HIOa-HG003-SR10x-ONT2x-22-D0-PF-ILMN-NOVASEQ-ont-sentdhiomr-SNPts	SNPts	HIOa-HG003-SR10x-ONT2x-22-D0-PF-ILMN-NOVASEQ	2799325643.0	2797071483.0	28900.0	2225260.0	116083.0	0.9684511140565026	0.9871792596798807	0.9999585001015266	0.049579664320862	0.950420335679138	0.950420335679138	HG003	ultima	-1	-2	ont	sentdhiomr
HIOa-HG003-SR10x-ONT2x-22-D0-PF-ILMN-NOVASEQ-ont-sentdhiomr-SNPtv	SNPtv	HIOa-HG003-SR10x-ONT2x-22-D0-PF-ILMN-NOVASEQ	2799325643.0	2798266891.0	14072.0	1044680.0	67390.0	0.9624741227055926	0.9867088798887748	0.9999759178163747	0.06059870331903567	0.9394012966809643	0.9394012966809643	HG003	ultima	-1	-2	ont	sentdhiomr
HIOa-HG003-SR10x-ONT2x-22-D0-PF-ILMN-NOVASEQ-ont-sentdhiomr-INS_50	INS_50	HIOa-HG003-SR10x-ONT2x-22-D0-PF-ILMN-NOVASEQ	2799325643.0	2799160988.0	3348.0	161307.0	23940.0	0.9220124492000616	0.9796665755670948	0.9999914475103947	0.12923286207064083	0.8707671379293591	0.8707671379293592	HG003	ultima	-1	-2	ont	sentdhiomr
HIOa-HG003-SR10x-ONT2x-22-D0-PF-ILMN-NOVASEQ-ont-sentdhiomr-INS_gt50	INS_gt50	HIOa-HG003-SR10x-ONT2x-22-D0-PF-ILMN-NOVASEQ	2799325643.0	2799325545.0	60.0	38.0	445.0	0.13080895008605853	0.3877551020408163	0.9999998410331624	0.9213250517598344	0.07867494824016563	0.07867494824016563	HG003	ultima	-1	-2	ont	sentdhiomr
HIOa-HG003-SR10x-ONT2x-22-D0-PF-ILMN-NOVASEQ-ont-sentdhiomr-DEL_50	DEL_50	HIOa-HG003-SR10x-ONT2x-22-D0-PF-ILMN-NOVASEQ	2799325643.0	2799147354.0	3690.0	174599.0	31929.0	0.9074391204130796	0.9793032660455777	0.9999885934423015	0.15459889215990083	0.8454011078400991	0.8454011078400991	HG003	ultima	-1	-2	ont	sentdhiomr
HIOa-HG003-SR10x-ONT2x-22-D0-PF-ILMN-NOVASEQ-ont-sentdhiomr-DEL_gt50	DEL_gt50	HIOa-HG003-SR10x-ONT2x-22-D0-PF-ILMN-NOVASEQ	2799325643.0	2799325555.0	32.0	56.0	1245.0	0.08063354931605472	0.6363636363636364	0.9999995552502123	0.95695618754804	0.043043812451959984	0.04304381245196003	HG003	ultima	-1	-2	ont	sentdhiomr
HIOa-HG003-SR10x-ONT2x-22-D0-PF-ILMN-NOVASEQ-ont-sentdhiomr-Indel_50	Indel_50	HIOa-HG003-SR10x-ONT2x-22-D0-PF-ILMN-NOVASEQ	2799325643.0	2799309649.0	194.0	15800.0	2249.0	0.9282378168786535	0.9878704514192822	0.9999991965882753	0.12460524128760596	0.875394758712394	0.875394758712394	HG003	ultima	-1	-2	ont	sentdhiomr
HIOa-HG003-SR10x-ONT2x-22-D0-PF-ILMN-NOVASEQ-ont-sentdhiomr-Indel_gt50	Indel_gt50	HIOa-HG003-SR10x-ONT2x-22-D0-PF-ILMN-NOVASEQ	2799325643.0	2799324835.0	25.0	783.0	386.0	0.7921092564491654	0.969059405940594	0.9999998621096265	0.330196749358426	0.669803250641574	0.669803250641574	HG003	ultima	-1	-2	ont	sentdhiomr
HIOa-HG003-SR10x-ONT2x-22-D0-PF-ILMN-NOVASEQ-ont-sentdhiomr-All	All	HIOa-HG003-SR10x-ONT2x-22-D0-PF-ILMN-NOVASEQ	2799325643.0	2795652799.0	50321.0	3622523.0	243667.0	0.9610045531032224	0.9862991730658858	0.9999128483465095	0.06302509705937887	0.9369749029406211	0.9369749029406211	HG003	ultima	-1	-2	ont	sentdhiomr
HIOa-HG003-SR10x-ONT2x-22-D0-PF-ILMN-NOVASEQ-ont-sentdhiomr-SNPts	SNPts	HIOa-HG003-SR10x-ONT2x-22-D0-PF-ILMN-NOVASEQ	2528531102.0	2526276349.0	33096.0	2221657.0	8628.0	0.9906970687873771	0.9853216738152694	0.9999965847083451	0.0038685638830911746	0.9961314361169088	0.9961314361169088	HG003	giabHC	-1	-2	ont	sentdhiomr
HIOa-HG003-SR10x-ONT2x-22-D0-PF-ILMN-NOVASEQ-ont-sentdhiomr-SNPtv	SNPtv	HIOa-HG003-SR10x-ONT2x-22-D0-PF-ILMN-NOVASEQ	2528531102.0	2527459421.0	16382.0	1055299.0	4663.0	0.9901273337045651	0.9847137347774197	0.9999981550677497	0.0043992143114564486	0.9956007856885436	0.9956007856885436	HG003	giabHC	-1	-2	ont	sentdhiomr
HIOa-HG003-SR10x-ONT2x-22-D0-PF-ILMN-NOVASEQ-ont-sentdhiomr-INS_50	INS_50	HIOa-HG003-SR10x-ONT2x-22-D0-PF-ILMN-NOVASEQ	2528531102.0	2528301216.0	5564.0	224322.0	2606.0	0.9821152591645614	0.9757966992335332	0.9999989692694456	0.01148381865613763	0.9885161813438623	0.9885161813438623	HG003	giabHC	-1	-2	ont	sentdhiomr
HIOa-HG003-SR10x-ONT2x-22-D0-PF-ILMN-NOVASEQ-ont-sentdhiomr-INS_gt50	INS_gt50	HIOa-HG003-SR10x-ONT2x-22-D0-PF-ILMN-NOVASEQ	2528531102.0	2528531101.0	0.0	1.0	7.0	0.2222222222222222	1.0	0.9999999972315943	0.875	0.125	0.125	HG003	giabHC	-1	-2	ont	sentdhiomr
HIOa-HG003-SR10x-ONT2x-22-D0-PF-ILMN-NOVASEQ-ont-sentdhiomr-DEL_50	DEL_50	HIOa-HG003-SR10x-ONT2x-22-D0-PF-ILMN-NOVASEQ	2528531102.0	2528286913.0	5761.0	238428.0	1580.0	0.9848388156060447	0.9764076186888025	0.9999993750713163	0.00658311389620346	0.9934168861037965	0.9934168861037965	HG003	giabHC	-1	-2	ont	sentdhiomr
HIOa-HG003-SR10x-ONT2x-22-D0-PF-ILMN-NOVASEQ-ont-sentdhiomr-DEL_gt50	DEL_gt50	HIOa-HG003-SR10x-ONT2x-22-D0-PF-ILMN-NOVASEQ	2528531102.0	2528531102.0	0.0	0.0	18.0			0.9999999928812424	1.0	0.0	0.0	HG003	giabHC	-1	-2	ont	sentdhiomr
HIOa-HG003-SR10x-ONT2x-22-D0-PF-ILMN-NOVASEQ-ont-sentdhiomr-Indel_50	Indel_50	HIOa-HG003-SR10x-ONT2x-22-D0-PF-ILMN-NOVASEQ	2528531102.0	2528501105.0	349.0	29648.0	16.0	0.9938821005346876	0.9883655032169884	0.9999999936721404	0.0005393743257820927	0.9994606256742179	0.9994606256742179	HG003	giabHC	-1	-2	ont	sentdhiomr
HIOa-HG003-SR10x-ONT2x-22-D0-PF-ILMN-NOVASEQ-ont-sentdhiomr-Indel_gt50	Indel_gt50	HIOa-HG003-SR10x-ONT2x-22-D0-PF-ILMN-NOVASEQ	2528531102.0	2528530707.0	15.0	380.0	0.0	0.9806451612903226	0.9620253164556962	1.0	0.0	1.0	1.0	HG003	giabHC	-1	-2	ont	sentdhiomr
HIOa-HG003-SR10x-ONT2x-22-D0-PF-ILMN-NOVASEQ-ont-sentdhiomr-All	All	HIOa-HG003-SR10x-ONT2x-22-D0-PF-ILMN-NOVASEQ	2528531102.0	2524700200.0	61167.0	3769735.0	17518.0	0.9896713836880452	0.9840332642286334	0.9999930614025183	0.00462551617227579	0.9953744838277242	0.9953744838277242	HG003	giabHC	-1	-2	ont	sentdhiomr
HIOa-HG003-SR10x-ONT2x-22-D0-PF-ILMN-NOVASEQ-ont-sentdhiomr-SNPts	SNPts	HIOa-HG003-SR10x-ONT2x-22-D0-PF-ILMN-NOVASEQ	688815815.0	688748016.0	4912.0	62887.0	332305.0	0.2716553885496694	0.927550553842977	0.9995177557827835	0.8408697544484706	0.15913024555152944	0.15913024555152938	HG003	hg38_m_giabHC	-1	-2	ont	sentdhiomr
HIOa-HG003-SR10x-ONT2x-22-D0-PF-ILMN-NOVASEQ-ont-sentdhiomr-SNPtv	SNPtv	HIOa-HG003-SR10x-ONT2x-22-D0-PF-ILMN-NOVASEQ	688815815.0	688780805.0	2598.0	32412.0	267470.0	0.19356688126321323	0.9257926306769494	0.9996118269071931	0.891917487545101	0.10808251245489897	0.10808251245489893	HG003	hg38_m_giabHC	-1	-2	ont	sentdhiomr
HIOa-HG003-SR10x-ONT2x-22-D0-PF-ILMN-NOVASEQ-ont-sentdhiomr-INS_50	INS_50	HIOa-HG003-SR10x-ONT2x-22-D0-PF-ILMN-NOVASEQ	688815815.0	688788253.0	2521.0	25041.0	157415.0	0.238465274405051	0.9085334881358392	0.9997715131870166	0.8627559521199631	0.13724404788003686	0.13724404788003683	HG003	hg38_m_giabHC	-1	-2	ont	sentdhiomr
HIOa-HG003-SR10x-ONT2x-22-D0-PF-ILMN-NOVASEQ-ont-sentdhiomr-INS_gt50	INS_gt50	HIOa-HG003-SR10x-ONT2x-22-D0-PF-ILMN-NOVASEQ	688815815.0	688815581.0	141.0	93.0	2187.0	0.0739856801909308	0.3974358974358974	0.9999968249947931	0.9592105263157895	0.04078947368421049	0.04078947368421053	HG003	hg38_m_giabHC	-1	-2	ont	sentdhiomr
HIOa-HG003-SR10x-ONT2x-22-D0-PF-ILMN-NOVASEQ-ont-sentdhiomr-DEL_50	DEL_50	HIOa-HG003-SR10x-ONT2x-22-D0-PF-ILMN-NOVASEQ	688815815.0	688787915.0	2045.0	25855.0	161218.0	0.24054183548631683	0.9267025089605735	0.9997659943350273	0.8617919208009708	0.13820807919902922	0.13820807919902925	HG003	hg38_m_giabHC	-1	-2	ont	sentdhiomr
HIOa-HG003-SR10x-ONT2x-22-D0-PF-ILMN-NOVASEQ-ont-sentdhiomr-DEL_gt50	DEL_gt50	HIOa-HG003-SR10x-ONT2x-22-D0-PF-ILMN-NOVASEQ	688815815.0	688815678.0	54.0	83.0	2682.0	0.05720192970365265	0.6058394160583942	0.9999961063755618	0.9699819168173599	0.0300180831826401	0.030018083182640144	HG003	hg38_m_giabHC	-1	-2	ont	sentdhiomr
HIOa-HG003-SR10x-ONT2x-22-D0-PF-ILMN-NOVASEQ-ont-sentdhiomr-Indel_50	Indel_50	HIOa-HG003-SR10x-ONT2x-22-D0-PF-ILMN-NOVASEQ	688815815.0	688807301.0	512.0	8002.0	32402.0	0.32715973670223636	0.9398637538172422	0.9999529614802125	0.8019503019503019	0.19804969804969808	0.19804969804969805	HG003	hg38_m_giabHC	-1	-2	ont	sentdhiomr
HIOa-HG003-SR10x-ONT2x-22-D0-PF-ILMN-NOVASEQ-ont-sentdhiomr-Indel_gt50	Indel_gt50	HIOa-HG003-SR10x-ONT2x-22-D0-PF-ILMN-NOVASEQ	688815815.0	688814894.0	89.0	832.0	1423.0	0.5239294710327457	0.9033659066232356	0.9999979341372077	0.6310421286031042	0.36895787139689584	0.3689578713968958	HG003	hg38_m_giabHC	-1	-2	ont	sentdhiomr
HIOa-HG003-SR10x-ONT2x-22-D0-PF-ILMN-NOVASEQ-ont-sentdhiomr-All	All	HIOa-HG003-SR10x-ONT2x-22-D0-PF-ILMN-NOVASEQ	688815815.0	688647738.0	12872.0	155205.0	957102.0	0.24243508197540733	0.9234160533564973	0.9986121008083412	0.8604656807877681	0.13953431921223192	0.13953431921223186	HG003	hg38_m_giabHC	-1	-2	ont	sentdhiomr
HIOa-HG003-SR10x-ONT3x-23-D0-PF-ILMN-NOVASEQ-ont-sentdhiomr-SNPts	SNPts	HIOa-HG003-SR10x-ONT3x-23-D0-PF-ILMN-NOVASEQ	2528531102.0	2526276364.0	23145.0	2231593.0	7240.0	0.9932381173013624	0.9897349492490923	0.9999971341301552	0.0032338276235878245	0.9967661723764122	0.9967661723764122	HG003	giabHC	-1	-2	ont	sentdhiomr
HIOa-HG003-SR10x-ONT3x-23-D0-PF-ILMN-NOVASEQ-ont-sentdhiomr-SNPtv	SNPtv	HIOa-HG003-SR10x-ONT3x-23-D0-PF-ILMN-NOVASEQ	2528531102.0	2527459443.0	11381.0	1060278.0	3873.0	0.9928579789400743	0.9893800173376046	0.9999984676335457	0.003639521083004198	0.9963604789169958	0.9963604789169958	HG003	giabHC	-1	-2	ont	sentdhiomr
HIOa-HG003-SR10x-ONT3x-23-D0-PF-ILMN-NOVASEQ-ont-sentdhiomr-INS_50	INS_50	HIOa-HG003-SR10x-ONT3x-23-D0-PF-ILMN-NOVASEQ	2528531102.0	2528301225.0	4977.0	224900.0	2477.0	0.9836983383414908	0.9783492911426546	0.9999990202917481	0.010893801923677417	0.9891061980763226	0.9891061980763226	HG003	giabHC	-1	-2	ont	sentdhiomr
HIOa-HG003-SR10x-ONT3x-23-D0-PF-ILMN-NOVASEQ-ont-sentdhiomr-INS_gt50	INS_gt50	HIOa-HG003-SR10x-ONT3x-23-D0-PF-ILMN-NOVASEQ	2528531102.0	2528531101.0	0.0	1.0	8.0	0.19999999999999998	1.0	0.9999999968361077	0.8888888888888888	0.11111111111111116	0.1111111111111111	HG003	giabHC	-1	-2	ont	sentdhiomr
HIOa-HG003-SR10x-ONT3x-23-D0-PF-ILMN-NOVASEQ-ont-sentdhiomr-DEL_50	DEL_50	HIOa-HG003-SR10x-ONT3x-23-D0-PF-ILMN-NOVASEQ	2528531102.0	2528286910.0	5160.0	239032.0	1470.0	0.9863212666135748	0.9788690866203643	0.9999994185789834	0.006112215283032989	0.993887784716967	0.993887784716967	HG003	giabHC	-1	-2	ont	sentdhiomr
HIOa-HG003-SR10x-ONT3x-23-D0-PF-ILMN-NOVASEQ-ont-sentdhiomr-DEL_gt50	DEL_gt50	HIOa-HG003-SR10x-ONT3x-23-D0-PF-ILMN-NOVASEQ	2528531102.0	2528531102.0	0.0	0.0	14.0			0.9999999944631885	1.0	0.0	0.0	HG003	giabHC	-1	-2	ont	sentdhiomr
HIOa-HG003-SR10x-ONT3x-23-D0-PF-ILMN-NOVASEQ-ont-sentdhiomr-Indel_50	Indel_50	HIOa-HG003-SR10x-ONT3x-23-D0-PF-ILMN-NOVASEQ	2528531102.0	2528501079.0	346.0	29677.0	15.0	0.9939546177677301	0.9884755021150451	0.9999999940676316	0.0005051865822443756	0.9994948134177556	0.9994948134177556	HG003	giabHC	-1	-2	ont	sentdhiomr
HIOa-HG003-SR10x-ONT3x-23-D0-PF-ILMN-NOVASEQ-ont-sentdhiomr-Indel_gt50	Indel_gt50	HIOa-HG003-SR10x-ONT3x-23-D0-PF-ILMN-NOVASEQ	2528531102.0	2528530705.0	15.0	382.0	0.0	0.9807445442875482	0.9622166246851386	1.0	0.0	1.0	1.0	HG003	giabHC	-1	-2	ont	sentdhiomr
HIOa-HG003-SR10x-ONT3x-23-D0-PF-ILMN-NOVASEQ-ont-sentdhiomr-All	All	HIOa-HG003-SR10x-ONT3x-23-D0-PF-ILMN-NOVASEQ	2528531102.0	2524700215.0	45024.0	3785863.0	15097.0	0.9921223525576444	0.9882471083067708	0.9999940203159032	0.003971891311668631	0.9960281086883314	0.9960281086883314	HG003	giabHC	-1	-2	ont	sentdhiomr
HIOa-HG003-SR10x-ONT3x-23-D0-PF-ILMN-NOVASEQ-ont-sentdhiomr-SNPts	SNPts	HIOa-HG003-SR10x-ONT3x-23-D0-PF-ILMN-NOVASEQ	688815815.0	688748038.0	3716.0	64061.0	348259.0	0.26686690397982077	0.9451731413311301	0.9994946149014061	0.844632809468374	0.15536719053162595	0.15536719053162593	HG003	hg38_m_giabHC	-1	-2	ont	sentdhiomr
HIOa-HG003-SR10x-ONT3x-23-D0-PF-ILMN-NOVASEQ-ont-sentdhiomr-SNPtv	SNPtv	HIOa-HG003-SR10x-ONT3x-23-D0-PF-ILMN-NOVASEQ	688815815.0	688780812.0	2001.0	33002.0	284463.0	0.18726238977722798	0.9428334714167357	0.9995871755400821	0.8960452333328084	0.10395476666719161	0.10395476666719165	HG003	hg38_m_giabHC	-1	-2	ont	sentdhiomr
HIOa-HG003-SR10x-ONT3x-23-D0-PF-ILMN-NOVASEQ-ont-sentdhiomr-INS_50	INS_50	HIOa-HG003-SR10x-ONT3x-23-D0-PF-ILMN-NOVASEQ	688815815.0	688788241.0	2306.0	25268.0	159824.0	0.23763083896814724	0.9163704939435701	0.9997680173468518	0.8634841052017375	0.13651589479826254	0.13651589479826248	HG003	hg38_m_giabHC	-1	-2	ont	sentdhiomr
HIOa-HG003-SR10x-ONT3x-23-D0-PF-ILMN-NOVASEQ-ont-sentdhiomr-INS_gt50	INS_gt50	HIOa-HG003-SR10x-ONT3x-23-D0-PF-ILMN-NOVASEQ	688815815.0	688815584.0	132.0	99.0	2382.0	0.07300884955752213	0.42857142857142855	0.9999965419020445	0.9600967351874244	0.039903264812575556	0.03990326481257558	HG003	hg38_m_giabHC	-1	-2	ont	sentdhiomr
HIOa-HG003-SR10x-ONT3x-23-D0-PF-ILMN-NOVASEQ-ont-sentdhiomr-DEL_50	DEL_50	HIOa-HG003-SR10x-ONT3x-23-D0-PF-ILMN-NOVASEQ	688815815.0	688787914.0	1838.0	26063.0	163863.0	0.23929999495012097	0.9341242249381743	0.9997621560674195	0.8627728694333583	0.1372271305666417	0.13722713056664174	HG003	hg38_m_giabHC	-1	-2	ont	sentdhiomr
HIOa-HG003-SR10x-ONT3x-23-D0-PF-ILMN-NOVASEQ-ont-sentdhiomr-DEL_gt50	DEL_gt50	HIOa-HG003-SR10x-ONT3x-23-D0-PF-ILMN-NOVASEQ	688815815.0	688815678.0	52.0	85.0	2908.0	0.054313099041533544	0.6204379562043796	0.9999957782788399	0.9716004009355163	0.02839959906448375	0.028399599064483794	HG003	hg38_m_giabHC	-1	-2	ont	sentdhiomr
HIOa-HG003-SR10x-ONT3x-23-D0-PF-ILMN-NOVASEQ-ont-sentdhiomr-Indel_50	Indel_50	HIOa-HG003-SR10x-ONT3x-23-D0-PF-ILMN-NOVASEQ	688815815.0	688807314.0	494.0	8007.0	32467.0	0.3269831546707504	0.9418891895071169	0.9999528671239735	0.8021692938676681	0.1978307061323319	0.19783070613233186	HG003	hg38_m_giabHC	-1	-2	ont	sentdhiomr
HIOa-HG003-SR10x-ONT3x-23-D0-PF-ILMN-NOVASEQ-ont-sentdhiomr-Indel_gt50	Indel_gt50	HIOa-HG003-SR10x-ONT3x-23-D0-PF-ILMN-NOVASEQ	688815815.0	688814883.0	90.0	842.0	1476.0	0.5181538461538462	0.9034334763948498	0.9999978571937488	0.636755823986195	0.363244176013805	0.363244176013805	HG003	hg38_m_giabHC	-1	-2	ont	sentdhiomr
HIOa-HG003-SR10x-ONT3x-23-D0-PF-ILMN-NOVASEQ-ont-sentdhiomr-All	All	HIOa-HG003-SR10x-ONT3x-23-D0-PF-ILMN-NOVASEQ	688815815.0	688647759.0	10629.0	157427.0	995642.0	0.23832264168795536	0.9367532251154377	0.9985562944580397	0.8634713100430244	0.13652868995697565	0.1365286899569757	HG003	hg38_m_giabHC	-1	-2	ont	sentdhiomr
HIOa-HG003-SR10x-ONT3x-23-D0-PF-ILMN-NOVASEQ-ont-sentdhiomr-SNPts	SNPts	HIOa-HG003-SR10x-ONT3x-23-D0-PF-ILMN-NOVASEQ	3088286401.0	3085963912.0	26861.0	2295628.0	355499.0	0.9231223319210812	0.9884343908625617	0.9998848145792256	0.13409353833294294	0.8659064616670571	0.8659064616670571	HG003	hg38	-1	-2	ont	sentdhiomr
HIOa-HG003-SR10x-ONT3x-23-D0-PF-ILMN-NOVASEQ-ont-sentdhiomr-SNPtv	SNPtv	HIOa-HG003-SR10x-ONT3x-23-D0-PF-ILMN-NOVASEQ	3088286401.0	3087179752.0	13382.0	1093267.0	288336.0	0.8787429890541634	0.987907638284587	0.9999066108566043	0.20869670954680902	0.7913032904531909	0.7913032904531909	HG003	hg38	-1	-2	ont	sentdhiomr
HIOa-HG003-SR10x-ONT3x-23-D0-PF-ILMN-NOVASEQ-ont-sentdhiomr-INS_50	INS_50	HIOa-HG003-SR10x-ONT3x-23-D0-PF-ILMN-NOVASEQ	3088286401.0	3088028871.0	7288.0	250242.0	162301.0	0.7469096650663434	0.9717003844212325	0.9999474446396093	0.3934159590636612	0.6065840409363388	0.6065840409363388	HG003	hg38	-1	-2	ont	sentdhiomr
HIOa-HG003-SR10x-ONT3x-23-D0-PF-ILMN-NOVASEQ-ont-sentdhiomr-INS_gt50	INS_gt50	HIOa-HG003-SR10x-ONT3x-23-D0-PF-ILMN-NOVASEQ	3088286401.0	3088286169.0	132.0	100.0	2390.0	0.07347538574577517	0.43103448275862066	0.9999992261085859	0.9598393574297188	0.04016064257028118	0.040160642570281124	HG003	hg38	-1	-2	ont	sentdhiomr
HIOa-HG003-SR10x-ONT3x-23-D0-PF-ILMN-NOVASEQ-ont-sentdhiomr-DEL_50	DEL_50	HIOa-HG003-SR10x-ONT3x-23-D0-PF-ILMN-NOVASEQ	3088286401.0	3088014500.0	6988.0	264913.0	165331.0	0.7545820307771187	0.9742994692921321	0.9999464632861272	0.3842726452896496	0.6157273547103503	0.6157273547103504	HG003	hg38	-1	-2	ont	sentdhiomr
HIOa-HG003-SR10x-ONT3x-23-D0-PF-ILMN-NOVASEQ-ont-sentdhiomr-DEL_gt50	DEL_gt50	HIOa-HG003-SR10x-ONT3x-23-D0-PF-ILMN-NOVASEQ	3088286401.0	3088286264.0	52.0	85.0	2921.0	0.054088450524976135	0.6204379562043796	0.999999054168886	0.9717232202262143	0.028276779773785732	0.028276779773785763	HG003	hg38	-1	-2	ont	sentdhiomr
HIOa-HG003-SR10x-ONT3x-23-D0-PF-ILMN-NOVASEQ-ont-sentdhiomr-Indel_50	Indel_50	HIOa-HG003-SR10x-ONT3x-23-D0-PF-ILMN-NOVASEQ	3088286401.0	3088247877.0	840.0	37684.0	32482.0	0.6934216579262122	0.9781954106530993	0.9999894821725284	0.4629307641877833	0.5370692358122167	0.5370692358122168	HG003	hg38	-1	-2	ont	sentdhiomr
HIOa-HG003-SR10x-ONT3x-23-D0-PF-ILMN-NOVASEQ-ont-sentdhiomr-Indel_gt50	Indel_gt50	HIOa-HG003-SR10x-ONT3x-23-D0-PF-ILMN-NOVASEQ	3088286401.0	3088285074.0	103.0	1224.0	1476.0	0.6078966972932703	0.9223813112283346	0.9999995220650753	0.5466666666666666	0.45333333333333337	0.4533333333333333	HG003	hg38	-1	-2	ont	sentdhiomr
HIOa-HG003-SR10x-ONT3x-23-D0-PF-ILMN-NOVASEQ-ont-sentdhiomr-All	All	HIOa-HG003-SR10x-ONT3x-23-D0-PF-ILMN-NOVASEQ	3088286401.0	3084287612.0	55646.0	3943143.0	1010736.0	0.8808866809313157	0.9860842870178946	0.9996724025082842	0.2040292062038657	0.7959707937961343	0.7959707937961343	HG003	hg38	-1	-2	ont	sentdhiomr
HIOa-HG003-SR10x-ONT3x-23-D0-PF-ILMN-NOVASEQ-ont-sentdhiomr-SNPts	SNPts	HIOa-HG003-SR10x-ONT3x-23-D0-PF-ILMN-NOVASEQ	377862616.0	377589391.0	4426.0	268799.0	37061.0	0.928357667699906	0.9838008966968615	0.9999018580403896	0.12116981625580331	0.8788301837441967	0.8788301837441967	HG003	clinvar_genes	-1	-2	ont	sentdhiomr
HIOa-HG003-SR10x-ONT3x-23-D0-PF-ILMN-NOVASEQ-ont-sentdhiomr-SNPtv	SNPtv	HIOa-HG003-SR10x-ONT3x-23-D0-PF-ILMN-NOVASEQ	377862616.0	377738290.0	2128.0	122198.0	22307.0	0.9091064646562338	0.9828837089587054	0.9999409493732878	0.1543683609563683	0.8456316390436317	0.8456316390436317	HG003	clinvar_genes	-1	-2	ont	sentdhiomr
HIOa-HG003-SR10x-ONT3x-23-D0-PF-ILMN-NOVASEQ-ont-sentdhiomr-INS_50	INS_50	HIOa-HG003-SR10x-ONT3x-23-D0-PF-ILMN-NOVASEQ	377862616.0	377833331.0	936.0	28349.0	17678.0	0.7528415126407478	0.9680382448352399	0.9999532143633895	0.3840789102048797	0.6159210897951203	0.6159210897951203	HG003	clinvar_genes	-1	-2	ont	sentdhiomr
HIOa-HG003-SR10x-ONT3x-23-D0-PF-ILMN-NOVASEQ-ont-sentdhiomr-INS_gt50	INS_gt50	HIOa-HG003-SR10x-ONT3x-23-D0-PF-ILMN-NOVASEQ	377862616.0	377862588.0	13.0	15.0	332.0	0.08	0.5357142857142857	0.9999991213744921	0.9567723342939481	0.043227665706051854	0.043227665706051875	HG003	clinvar_genes	-1	-2	ont	sentdhiomr
HIOa-HG003-SR10x-ONT3x-23-D0-PF-ILMN-NOVASEQ-ont-sentdhiomr-DEL_50	DEL_50	HIOa-HG003-SR10x-ONT3x-23-D0-PF-ILMN-NOVASEQ	377862616.0	377831633.0	868.0	30115.0	17346.0	0.7678088827698741	0.9719846367362748	0.9999540927699583	0.36547902488358863	0.6345209751164114	0.6345209751164114	HG003	clinvar_genes	-1	-2	ont	sentdhiomr
HIOa-HG003-SR10x-ONT3x-23-D0-PF-ILMN-NOVASEQ-ont-sentdhiomr-DEL_gt50	DEL_gt50	HIOa-HG003-SR10x-ONT3x-23-D0-PF-ILMN-NOVASEQ	377862616.0	377862599.0	9.0	8.0	407.0	0.03703703703703704	0.47058823529411764	0.9999989228900593	0.980722891566265	0.01927710843373498	0.01927710843373494	HG003	clinvar_genes	-1	-2	ont	sentdhiomr
HIOa-HG003-SR10x-ONT3x-23-D0-PF-ILMN-NOVASEQ-ont-sentdhiomr-Indel_50	Indel_50	HIOa-HG003-SR10x-ONT3x-23-D0-PF-ILMN-NOVASEQ	377862616.0	377858823.0	114.0	3679.0	3463.0	0.6728852309099222	0.9699446348536779	0.9999908352854245	0.48487818538224586	0.5151218146177541	0.5151218146177541	HG003	clinvar_genes	-1	-2	ont	sentdhiomr
HIOa-HG003-SR10x-ONT3x-23-D0-PF-ILMN-NOVASEQ-ont-sentdhiomr-Indel_gt50	Indel_gt50	HIOa-HG003-SR10x-ONT3x-23-D0-PF-ILMN-NOVASEQ	377862616.0	377862471.0	18.0	127.0	172.0	0.5720720720720721	0.8758620689655172	0.9999995448081381	0.5752508361204013	0.4247491638795987	0.42474916387959866	HG003	clinvar_genes	-1	-2	ont	sentdhiomr
HIOa-HG003-SR10x-ONT3x-23-D0-PF-ILMN-NOVASEQ-ont-sentdhiomr-All	All	HIOa-HG003-SR10x-ONT3x-23-D0-PF-ILMN-NOVASEQ	377862616.0	377400814.0	8512.0	453290.0	98766.0	0.894188338011832	0.981567858086366	0.9997383679208331	0.17890576318344517	0.8210942368165548	0.8210942368165548	HG003	clinvar_genes	-1	-2	ont	sentdhiomr
HIOa-HG003-SR10x-ONT5x-24-D0-PF-ILMN-NOVASEQ-ont-sentdhiomr-SNPts	SNPts	HIOa-HG003-SR10x-ONT5x-24-D0-PF-ILMN-NOVASEQ	3088286401.0	3085963907.0	17430.0	2305064.0	373707.0	0.9217923865262089	0.9924951366935717	0.999878915709576	0.13950688580696147	0.8604931141930385	0.8604931141930385	HG003	hg38	-1	-2	ont	sentdhiomr
HIOa-HG003-SR10x-ONT5x-24-D0-PF-ILMN-NOVASEQ-ont-sentdhiomr-SNPtv	SNPtv	HIOa-HG003-SR10x-ONT5x-24-D0-PF-ILMN-NOVASEQ	3088286401.0	3087179758.0	8935.0	1097708.0	311204.0	0.8727362351449284	0.9919260321530973	0.9998992048871299	0.2208824965647251	0.7791175034352749	0.7791175034352749	HG003	hg38	-1	-2	ont	sentdhiomr
HIOa-HG003-SR10x-ONT5x-24-D0-PF-ILMN-NOVASEQ-ont-sentdhiomr-INS_50	INS_50	HIOa-HG003-SR10x-ONT5x-24-D0-PF-ILMN-NOVASEQ	3088286401.0	3088028860.0	6728.0	250813.0	164250.0	0.7457969325189858	0.9738760042090385	0.9999468135592078	0.39572305890912945	0.6042769410908706	0.6042769410908705	HG003	hg38	-1	-2	ont	sentdhiomr
HIOa-HG003-SR10x-ONT5x-24-D0-PF-ILMN-NOVASEQ-ont-sentdhiomr-INS_gt50	INS_gt50	HIOa-HG003-SR10x-ONT5x-24-D0-PF-ILMN-NOVASEQ	3088286401.0	3088286171.0	125.0	105.0	2587.0	0.07186858316221766	0.45652173913043476	0.9999991623192639	0.9609955423476969	0.03900445765230309	0.03900445765230312	HG003	hg38	-1	-2	ont	sentdhiomr
HIOa-HG003-SR10x-ONT5x-24-D0-PF-ILMN-NOVASEQ-ont-sentdhiomr-DEL_50	DEL_50	HIOa-HG003-SR10x-ONT5x-24-D0-PF-ILMN-NOVASEQ	3088286401.0	3088014507.0	6342.0	265552.0	167519.0	0.7533764087578815	0.9766747335358632	0.9999457548167208	0.3868164804385424	0.6131835195614577	0.6131835195614576	HG003	hg38	-1	-2	ont	sentdhiomr
HIOa-HG003-SR10x-ONT5x-24-D0-PF-ILMN-NOVASEQ-ont-sentdhiomr-DEL_gt50	DEL_gt50	HIOa-HG003-SR10x-ONT5x-24-D0-PF-ILMN-NOVASEQ	3088286401.0	3088286265.0	47.0	89.0	3188.0	0.05215353061822444	0.6544117647058824	0.9999989677133415	0.9728410131217577	0.027158986878242253	0.027158986878242294	HG003	hg38	-1	-2	ont	sentdhiomr
HIOa-HG003-SR10x-ONT5x-24-D0-PF-ILMN-NOVASEQ-ont-sentdhiomr-Indel_50	Indel_50	HIOa-HG003-SR10x-ONT5x-24-D0-PF-ILMN-NOVASEQ	3088286401.0	3088247860.0	808.0	37733.0	32614.0	0.6930607596796708	0.9790353130432526	0.9999894394306882	0.4636160746016177	0.5363839253983823	0.5363839253983823	HG003	hg38	-1	-2	ont	sentdhiomr
HIOa-HG003-SR10x-ONT5x-24-D0-PF-ILMN-NOVASEQ-ont-sentdhiomr-Indel_gt50	Indel_gt50	HIOa-HG003-SR10x-ONT5x-24-D0-PF-ILMN-NOVASEQ	3088286401.0	3088285073.0	99.0	1229.0	1544.0	0.5993660082906608	0.9254518072289156	0.9999995000464039	0.5567976920302921	0.44320230796970794	0.4432023079697079	HG003	hg38	-1	-2	ont	sentdhiomr
HIOa-HG003-SR10x-ONT5x-24-D0-PF-ILMN-NOVASEQ-ont-sentdhiomr-All	All	HIOa-HG003-SR10x-ONT5x-24-D0-PF-ILMN-NOVASEQ	3088286401.0	3084287594.0	40514.0	3958293.0	1056613.0	0.878282456963074	0.9898684782736451	0.9996575380479096	0.2106944776233094	0.7893055223766906	0.7893055223766906	HG003	hg38	-1	-2	ont	sentdhiomr
HIOa-HG003-SR10x-ONT5x-24-D0-PF-ILMN-NOVASEQ-ont-sentdhiomr-SNPts	SNPts	HIOa-HG003-SR10x-ONT5x-24-D0-PF-ILMN-NOVASEQ	688815815.0	688748024.0	2950.0	64841.0	368027.0	0.2590226082023892	0.9564838990426457	0.9994659433640155	0.8502060674385725	0.14979393256142748	0.1497939325614275	HG003	hg38_m_giabHC	-1	-2	ont	sentdhiomr
HIOa-HG003-SR10x-ONT5x-24-D0-PF-ILMN-NOVASEQ-ont-sentdhiomr-SNPtv	SNPtv	HIOa-HG003-SR10x-ONT5x-24-D0-PF-ILMN-NOVASEQ	688815815.0	688780811.0	1658.0	33346.0	308041.0	0.177188083668313	0.9526339846874643	0.9995529734676364	0.9023219982014546	0.09767800179854536	0.09767800179854534	HG003	hg38_m_giabHC	-1	-2	ont	sentdhiomr
HIOa-HG003-SR10x-ONT5x-24-D0-PF-ILMN-NOVASEQ-ont-sentdhiomr-INS_50	INS_50	HIOa-HG003-SR10x-ONT5x-24-D0-PF-ILMN-NOVASEQ	688815815.0	688788235.0	2234.0	25346.0	161857.0	0.23601495462862518	0.9189992748368383	0.9997650671625137	0.8646068706163897	0.13539312938361026	0.1353931293836103	HG003	hg38_m_giabHC	-1	-2	ont	sentdhiomr
HIOa-HG003-SR10x-ONT5x-24-D0-PF-ILMN-NOVASEQ-ont-sentdhiomr-INS_gt50	INS_gt50	HIOa-HG003-SR10x-ONT5x-24-D0-PF-ILMN-NOVASEQ	688815815.0	688815586.0	125.0	104.0	2583.0	0.07133058984910837	0.45414847161572053	0.999996250098914	0.9612951246743581	0.03870487532564193	0.03870487532564198	HG003	hg38_m_giabHC	-1	-2	ont	sentdhiomr
HIOa-HG003-SR10x-ONT5x-24-D0-PF-ILMN-NOVASEQ-ont-sentdhiomr-DEL_50	DEL_50	HIOa-HG003-SR10x-ONT5x-24-D0-PF-ILMN-NOVASEQ	688815815.0	688787905.0	1727.0	26183.0	166091.0	0.23782836173382263	0.9381225367251881	0.9997589229455605	0.8638245420597689	0.13617545794023111	0.13617545794023111	HG003	hg38_m_giabHC	-1	-2	ont	sentdhiomr
HIOa-HG003-SR10x-ONT5x-24-D0-PF-ILMN-NOVASEQ-ont-sentdhiomr-DEL_gt50	DEL_gt50	HIOa-HG003-SR10x-ONT5x-24-D0-PF-ILMN-NOVASEQ	688815815.0	688815679.0	47.0	89.0	3173.0	0.052383755150088286	0.6544117647058824	0.9999953935639381	0.9727161250766401	0.02728387492335993	0.027283874923359902	HG003	hg38_m_giabHC	-1	-2	ont	sentdhiomr
HIOa-HG003-SR10x-ONT5x-24-D0-PF-ILMN-NOVASEQ-ont-sentdhiomr-Indel_50	Indel_50	HIOa-HG003-SR10x-ONT5x-24-D0-PF-ILMN-NOVASEQ	688815815.0	688807310.0	472.0	8033.0	32601.0	0.3269500803842162	0.9445032333921223	0.999952672602909	0.802308411674952	0.19769158832504796	0.197691588325048	HG003	hg38_m_giabHC	-1	-2	ont	sentdhiomr
HIOa-HG003-SR10x-ONT5x-24-D0-PF-ILMN-NOVASEQ-ont-sentdhiomr-Indel_gt50	Indel_gt50	HIOa-HG003-SR10x-ONT5x-24-D0-PF-ILMN-NOVASEQ	688815815.0	688814884.0	87.0	844.0	1544.0	0.5085869237722206	0.9065520945220193	0.9999977584739022	0.6465661641541038	0.35343383584589616	0.35343383584589616	HG003	hg38_m_giabHC	-1	-2	ont	sentdhiomr
HIOa-HG003-SR10x-ONT5x-24-D0-PF-ILMN-NOVASEQ-ont-sentdhiomr-All	All	HIOa-HG003-SR10x-ONT5x-24-D0-PF-ILMN-NOVASEQ	688815815.0	688647729.0	9300.0	158786.0	1043917.0	0.23167095738293786	0.9446711802291684	0.998486400399288	0.8679757180284742	0.13202428197152583	0.1320242819715258	HG003	hg38_m_giabHC	-1	-2	ont	sentdhiomr
HIOa-HG003-SR10x-ONT5x-24-D0-PF-ILMN-NOVASEQ-ont-sentdhiomr-SNPts	SNPts	HIOa-HG003-SR10x-ONT5x-24-D0-PF-ILMN-NOVASEQ	377862616.0	377589388.0	2814.0	270414.0	38044.0	0.9297593547033967	0.9897009091308357	0.9998992552002949	0.12333607816947526	0.8766639218305248	0.8766639218305248	HG003	clinvar_genes	-1	-2	ont	sentdhiomr
HIOa-HG003-SR10x-ONT5x-24-D0-PF-ILMN-NOVASEQ-ont-sentdhiomr-SNPtv	SNPtv	HIOa-HG003-SR10x-ONT5x-24-D0-PF-ILMN-NOVASEQ	377862616.0	377738281.0	1431.0	122904.0	23035.0	0.9094770492167207	0.9884907709011943	0.9999390223428807	0.15783991941838713	0.8421600805816128	0.8421600805816128	HG003	clinvar_genes	-1	-2	ont	sentdhiomr
HIOa-HG003-SR10x-ONT5x-24-D0-PF-ILMN-NOVASEQ-ont-sentdhiomr-INS_50	INS_50	HIOa-HG003-SR10x-ONT5x-24-D0-PF-ILMN-NOVASEQ	377862616.0	377833319.0	808.0	28489.0	17936.0	0.7524629566044213	0.9724203843396935	0.999952531585478	0.3863435648896069	0.613656435110393	0.6136564351103931	HG003	clinvar_genes	-1	-2	ont	sentdhiomr
HIOa-HG003-SR10x-ONT5x-24-D0-PF-ILMN-NOVASEQ-ont-sentdhiomr-INS_gt50	INS_gt50	HIOa-HG003-SR10x-ONT5x-24-D0-PF-ILMN-NOVASEQ	377862616.0	377862588.0	12.0	16.0	357.0	0.0798004987531172	0.5714285714285714	0.9999990552129953	0.9571045576407506	0.04289544235924936	0.04289544235924933	HG003	clinvar_genes	-1	-2	ont	sentdhiomr
HIOa-HG003-SR10x-ONT5x-24-D0-PF-ILMN-NOVASEQ-ont-sentdhiomr-DEL_50	DEL_50	HIOa-HG003-SR10x-ONT5x-24-D0-PF-ILMN-NOVASEQ	377862616.0	377831625.0	763.0	30228.0	17506.0	0.7679390282629407	0.9753799490174567	0.9999536693389934	0.36674068797921816	0.6332593120207819	0.6332593120207818	HG003	clinvar_genes	-1	-2	ont	sentdhiomr
HIOa-HG003-SR10x-ONT5x-24-D0-PF-ILMN-NOVASEQ-ont-sentdhiomr-DEL_gt50	DEL_gt50	HIOa-HG003-SR10x-ONT5x-24-D0-PF-ILMN-NOVASEQ	377862616.0	377862599.0	5.0	12.0	450.0	0.05010438413361169	0.7058823529411765	0.9999988090923386	0.974025974025974	0.025974025974025983	0.025974025974025976	HG003	clinvar_genes	-1	-2	ont	sentdhiomr
HIOa-HG003-SR10x-ONT5x-24-D0-PF-ILMN-NOVASEQ-ont-sentdhiomr-Indel_50	Indel_50	HIOa-HG003-SR10x-ONT5x-24-D0-PF-ILMN-NOVASEQ	377862616.0	377858829.0	112.0	3675.0	3480.0	0.6717236337049899	0.9704251386321626	0.9999907902960493	0.4863731656184486	0.5136268343815513	0.5136268343815513	HG003	clinvar_genes	-1	-2	ont	sentdhiomr
HIOa-HG003-SR10x-ONT5x-24-D0-PF-ILMN-NOVASEQ-ont-sentdhiomr-Indel_gt50	Indel_gt50	HIOa-HG003-SR10x-ONT5x-24-D0-PF-ILMN-NOVASEQ	377862616.0	377862475.0	15.0	126.0	182.0	0.5612472160356348	0.8936170212765957	0.9999995183435129	0.5909090909090909	0.40909090909090906	0.4090909090909091	HG003	clinvar_genes	-1	-2	ont	sentdhiomr
HIOa-HG003-SR10x-ONT5x-24-D0-PF-ILMN-NOVASEQ-ont-sentdhiomr-All	All	HIOa-HG003-SR10x-ONT5x-24-D0-PF-ILMN-NOVASEQ	377862616.0	377400792.0	5960.0	455864.0	100990.0	0.8950109848254307	0.9870946507760532	0.9997324780840372	0.18135812977908033	0.8186418702209197	0.8186418702209197	HG003	clinvar_genes	-1	-2	ont	sentdhiomr
HIOa-HG003-SR10x-ONT5x-24-D0-PF-ILMN-NOVASEQ-ont-sentdhiomr-SNPts	SNPts	HIOa-HG003-SR10x-ONT5x-24-D0-PF-ILMN-NOVASEQ	2528531102.0	2526276367.0	14480.0	2240255.0	5680.0	0.9955206669229248	0.9935779592723757	0.9999977516366366	0.002529013528886633	0.9974709864711133	0.9974709864711133	HG003	giabHC	-1	-2	ont	sentdhiomr
HIOa-HG003-SR10x-ONT5x-24-D0-PF-ILMN-NOVASEQ-ont-sentdhiomr-SNPtv	SNPtv	HIOa-HG003-SR10x-ONT5x-24-D0-PF-ILMN-NOVASEQ	2528531102.0	2527459449.0	7277.0	1064376.0	3163.0	0.9951196526538992	0.993209555705065	0.9999987485472643	0.0029628894120027464	0.9970371105879973	0.9970371105879973	HG003	giabHC	-1	-2	ont	sentdhiomr
HIOa-HG003-SR10x-ONT5x-24-D0-PF-ILMN-NOVASEQ-ont-sentdhiomr-INS_50	INS_50	HIOa-HG003-SR10x-ONT5x-24-D0-PF-ILMN-NOVASEQ	2528531102.0	2528301219.0	4489.0	225394.0	2393.0	0.9849629645814671	0.9804726752304433	0.9999990535155712	0.010505428316804734	0.9894945716831952	0.9894945716831952	HG003	giabHC	-1	-2	ont	sentdhiomr
HIOa-HG003-SR10x-ONT5x-24-D0-PF-ILMN-NOVASEQ-ont-sentdhiomr-INS_gt50	INS_gt50	HIOa-HG003-SR10x-ONT5x-24-D0-PF-ILMN-NOVASEQ	2528531102.0	2528531101.0	0.0	1.0	4.0	0.33333333333333337	1.0	0.9999999984180539	0.8	0.19999999999999996	0.2	HG003	giabHC	-1	-2	ont	sentdhiomr
HIOa-HG003-SR10x-ONT5x-24-D0-PF-ILMN-NOVASEQ-ont-sentdhiomr-DEL_50	DEL_50	HIOa-HG003-SR10x-ONT5x-24-D0-PF-ILMN-NOVASEQ	2528531102.0	2528286922.0	4625.0	239555.0	1430.0	0.9875197097894531	0.9810590547956426	0.9999994343999572	0.005933979293317011	0.994066020706683	0.994066020706683	HG003	giabHC	-1	-2	ont	sentdhiomr
HIOa-HG003-SR10x-ONT5x-24-D0-PF-ILMN-NOVASEQ-ont-sentdhiomr-DEL_gt50	DEL_gt50	HIOa-HG003-SR10x-ONT5x-24-D0-PF-ILMN-NOVASEQ	2528531102.0	2528531102.0	0.0	0.0	15.0			0.999999994067702	1.0	0.0	0.0	HG003	giabHC	-1	-2	ont	sentdhiomr
HIOa-HG003-SR10x-ONT5x-24-D0-PF-ILMN-NOVASEQ-ont-sentdhiomr-Indel_50	Indel_50	HIOa-HG003-SR10x-ONT5x-24-D0-PF-ILMN-NOVASEQ	2528531102.0	2528501066.0	336.0	29700.0	13.0	0.9941588980568713	0.9888134238913304	0.999999994858614	0.000437518931107596	0.9995624810688924	0.9995624810688924	HG003	giabHC	-1	-2	ont	sentdhiomr
HIOa-HG003-SR10x-ONT5x-24-D0-PF-ILMN-NOVASEQ-ont-sentdhiomr-Indel_gt50	Indel_gt50	HIOa-HG003-SR10x-ONT5x-24-D0-PF-ILMN-NOVASEQ	2528531102.0	2528530703.0	14.0	385.0	0.0	0.9821428571428572	0.9649122807017544	1.0	0.0	1.0	1.0	HG003	giabHC	-1	-2	ont	sentdhiomr
HIOa-HG003-SR10x-ONT5x-24-D0-PF-ILMN-NOVASEQ-ont-sentdhiomr-All	All	HIOa-HG003-SR10x-ONT5x-24-D0-PF-ILMN-NOVASEQ	2528531102.0	2524700215.0	31221.0	3799666.0	12698.0	0.9942538848979314	0.9918501903084064	0.9999949705172677	0.0033307417654767487	0.9966692582345232	0.9966692582345232	HG003	giabHC	-1	-2	ont	sentdhiomr
HIOa-HG003-SR10x-ONT7x-25-D0-PF-ILMN-NOVASEQ-ont-sentdhiomr-SNPts	SNPts	HIOa-HG003-SR10x-ONT7x-25-D0-PF-ILMN-NOVASEQ	377862616.0	377589400.0	1641.0	271575.0	39410.0	0.9297313767008273	0.9939937631763879	0.9998956382591678	0.12672636943904048	0.8732736305609595	0.8732736305609595	HG003	clinvar_genes	-1	-2	ont	sentdhiomr
HIOa-HG003-SR10x-ONT7x-25-D0-PF-ILMN-NOVASEQ-ont-sentdhiomr-SNPtv	SNPtv	HIOa-HG003-SR10x-ONT7x-25-D0-PF-ILMN-NOVASEQ	377862616.0	377738294.0	889.0	123433.0	23801.0	0.9090795268747514	0.9928492141374817	0.9999369947373888	0.16165423747232296	0.838345762527677	0.838345762527677	HG003	clinvar_genes	-1	-2	ont	sentdhiomr
HIOa-HG003-SR10x-ONT7x-25-D0-PF-ILMN-NOVASEQ-ont-sentdhiomr-INS_50	INS_50	HIOa-HG003-SR10x-ONT7x-25-D0-PF-ILMN-NOVASEQ	377862616.0	377833334.0	717.0	28565.0	18068.0	0.752552196535599	0.9755139676251622	0.9999521822602633	0.3874509467544443	0.6125490532455558	0.6125490532455558	HG003	clinvar_genes	-1	-2	ont	sentdhiomr
HIOa-HG003-SR10x-ONT7x-25-D0-PF-ILMN-NOVASEQ-ont-sentdhiomr-INS_gt50	INS_gt50	HIOa-HG003-SR10x-ONT7x-25-D0-PF-ILMN-NOVASEQ	377862616.0	377862587.0	12.0	17.0	364.0	0.08292682926829269	0.5862068965517241	0.9999990366877752	0.9553805774278216	0.044619422572178435	0.04461942257217848	HG003	clinvar_genes	-1	-2	ont	sentdhiomr
HIOa-HG003-SR10x-ONT7x-25-D0-PF-ILMN-NOVASEQ-ont-sentdhiomr-DEL_50	DEL_50	HIOa-HG003-SR10x-ONT7x-25-D0-PF-ILMN-NOVASEQ	377862616.0	377831635.0	669.0	30312.0	17664.0	0.7678103271400889	0.9784061198799264	0.9999532512034646	0.36818409204602304	0.6318159079539769	0.631815907953977	HG003	clinvar_genes	-1	-2	ont	sentdhiomr
HIOa-HG003-SR10x-ONT7x-25-D0-PF-ILMN-NOVASEQ-ont-sentdhiomr-DEL_gt50	DEL_gt50	HIOa-HG003-SR10x-ONT7x-25-D0-PF-ILMN-NOVASEQ	377862616.0	377862598.0	5.0	13.0	487.0	0.05019305019305018	0.7222222222222222	0.999998711173387	0.974	0.026000000000000023	0.026	HG003	clinvar_genes	-1	-2	ont	sentdhiomr
HIOa-HG003-SR10x-ONT7x-25-D0-PF-ILMN-NOVASEQ-ont-sentdhiomr-Indel_50	Indel_50	HIOa-HG003-SR10x-ONT7x-25-D0-PF-ILMN-NOVASEQ	377862616.0	377858817.0	108.0	3691.0	3499.0	0.6717626717626718	0.9715714661753093	0.9999907400133545	0.4866481223922114	0.5133518776077886	0.5133518776077886	HG003	clinvar_genes	-1	-2	ont	sentdhiomr
HIOa-HG003-SR10x-ONT7x-25-D0-PF-ILMN-NOVASEQ-ont-sentdhiomr-Indel_gt50	Indel_gt50	HIOa-HG003-SR10x-ONT7x-25-D0-PF-ILMN-NOVASEQ	377862616.0	377862475.0	15.0	126.0	197.0	0.5431034482758621	0.8936170212765957	0.9999994786465704	0.6099071207430341	0.3900928792569659	0.39009287925696595	HG003	clinvar_genes	-1	-2	ont	sentdhiomr
HIOa-HG003-SR10x-ONT7x-25-D0-PF-ILMN-NOVASEQ-ont-sentdhiomr-All	All	HIOa-HG003-SR10x-ONT7x-25-D0-PF-ILMN-NOVASEQ	377862616.0	377400828.0	4056.0	457732.0	103490.0	0.8948729728937155	0.9912167488111427	0.9997258574403909	0.18440118170706066	0.8155988182929393	0.8155988182929393	HG003	clinvar_genes	-1	-2	ont	sentdhiomr
HIOa-HG003-SR10x-ONT7x-25-D0-PF-ILMN-NOVASEQ-ont-sentdhiomr-SNPts	SNPts	HIOa-HG003-SR10x-ONT7x-25-D0-PF-ILMN-NOVASEQ	3088286401.0	3085963929.0	9679.0	2312793.0	393482.0	0.9198287366614387	0.9958324578294162	0.9998725092568354	0.1453961626220543	0.8546038373779457	0.8546038373779457	HG003	hg38	-1	-2	ont	sentdhiomr
HIOa-HG003-SR10x-ONT7x-25-D0-PF-ILMN-NOVASEQ-ont-sentdhiomr-SNPtv	SNPtv	HIOa-HG003-SR10x-ONT7x-25-D0-PF-ILMN-NOVASEQ	3088286401.0	3087179777.0	5200.0	1101424.0	335391.0	0.8660903603349638	0.995301023653924	0.9998913718696911	0.23342671116323258	0.7665732888367675	0.7665732888367675	HG003	hg38	-1	-2	ont	sentdhiomr
HIOa-HG003-SR10x-ONT7x-25-D0-PF-ILMN-NOVASEQ-ont-sentdhiomr-INS_50	INS_50	HIOa-HG003-SR10x-ONT7x-25-D0-PF-ILMN-NOVASEQ	3088286401.0	3088028907.0	6154.0	251340.0	166005.0	0.7448887808795875	0.9761004139902288	0.9999462452970974	0.39776443949250617	0.6022355605074938	0.6022355605074938	HG003	hg38	-1	-2	ont	sentdhiomr
HIOa-HG003-SR10x-ONT7x-25-D0-PF-ILMN-NOVASEQ-ont-sentdhiomr-INS_gt50	INS_gt50	HIOa-HG003-SR10x-ONT7x-25-D0-PF-ILMN-NOVASEQ	3088286401.0	3088286167.0	127.0	107.0	2714.0	0.07004909983633388	0.45726495726495725	0.9999991211962014	0.9620701878766394	0.03792981212336055	0.03792981212336051	HG003	hg38	-1	-2	ont	sentdhiomr
HIOa-HG003-SR10x-ONT7x-25-D0-PF-ILMN-NOVASEQ-ont-sentdhiomr-DEL_50	DEL_50	HIOa-HG003-SR10x-ONT7x-25-D0-PF-ILMN-NOVASEQ	3088286401.0	3088014547.0	5735.0	266119.0	169672.0	0.7521257127514501	0.9789041176513864	0.9999450576818066	0.38934259771312396	0.610657402286876	0.610657402286876	HG003	hg38	-1	-2	ont	sentdhiomr
HIOa-HG003-SR10x-ONT7x-25-D0-PF-ILMN-NOVASEQ-ont-sentdhiomr-DEL_gt50	DEL_gt50	HIOa-HG003-SR10x-ONT7x-25-D0-PF-ILMN-NOVASEQ	3088286401.0	3088286264.0	47.0	90.0	3428.0	0.04924760601915185	0.656934306569343	0.9999988900005046	0.9744172825469016	0.02558271745309837	0.025582717453098352	HG003	hg38	-1	-2	ont	sentdhiomr
HIOa-HG003-SR10x-ONT7x-25-D0-PF-ILMN-NOVASEQ-ont-sentdhiomr-Indel_50	Indel_50	HIOa-HG003-SR10x-ONT7x-25-D0-PF-ILMN-NOVASEQ	3088286401.0	3088247788.0	787.0	37826.0	32763.0	0.6927711946667644	0.9796182632792065	0.9999893911840395	0.464137471844055	0.535862528155945	0.5358625281559449	HG003	hg38	-1	-2	ont	sentdhiomr
HIOa-HG003-SR10x-ONT7x-25-D0-PF-ILMN-NOVASEQ-ont-sentdhiomr-Indel_gt50	Indel_gt50	HIOa-HG003-SR10x-ONT7x-25-D0-PF-ILMN-NOVASEQ	3088286401.0	3088285071.0	95.0	1235.0	1615.0	0.5909090909090909	0.9285714285714286	0.9999994770563214	0.5666666666666667	0.43333333333333335	0.43333333333333335	HG003	hg38	-1	-2	ont	sentdhiomr
HIOa-HG003-SR10x-ONT7x-25-D0-PF-ILMN-NOVASEQ-ont-sentdhiomr-All	All	HIOa-HG003-SR10x-ONT7x-25-D0-PF-ILMN-NOVASEQ	3088286401.0	3084287643.0	27824.0	3970934.0	1105070.0	0.8751599215494577	0.993041839491162	0.9996418381377048	0.2177047141806823	0.7822952858193177	0.7822952858193177	HG003	hg38	-1	-2	ont	sentdhiomr
HIOa-HG003-SR10x-ONT7x-25-D0-PF-ILMN-NOVASEQ-ont-sentdhiomr-SNPts	SNPts	HIOa-HG003-SR10x-ONT7x-25-D0-PF-ILMN-NOVASEQ	688815815.0	688748043.0	2282.0	65490.0	389136.0	0.2507283718544098	0.9663282771646108	0.9994353286807647	0.8559475260983753	0.14405247390162468	0.14405247390162462	HG003	hg38_m_giabHC	-1	-2	ont	sentdhiomr
HIOa-HG003-SR10x-ONT7x-25-D0-PF-ILMN-NOVASEQ-ont-sentdhiomr-SNPtv	SNPtv	HIOa-HG003-SR10x-ONT7x-25-D0-PF-ILMN-NOVASEQ	688815815.0	688780828.0	1285.0	33702.0	332916.0	0.16783655581977316	0.9632720724840655	0.9995168925262359	0.9080732533590822	0.09192674664091782	0.0919267466409178	HG003	hg38_m_giabHC	-1	-2	ont	sentdhiomr
HIOa-HG003-SR10x-ONT7x-25-D0-PF-ILMN-NOVASEQ-ont-sentdhiomr-INS_50	INS_50	HIOa-HG003-SR10x-ONT7x-25-D0-PF-ILMN-NOVASEQ	688815815.0	688788260.0	2094.0	25461.0	163703.0	0.23496786160881145	0.9240065323897659	0.9997623883684326	0.865402507876763	0.13459749212323702	0.134597492123237	HG003	hg38_m_giabHC	-1	-2	ont	sentdhiomr
HIOa-HG003-SR10x-ONT7x-25-D0-PF-ILMN-NOVASEQ-ont-sentdhiomr-INS_gt50	INS_gt50	HIOa-HG003-SR10x-ONT7x-25-D0-PF-ILMN-NOVASEQ	688815815.0	688815582.0	127.0	106.0	2713.0	0.06946264744429884	0.45493562231759654	0.9999960613705825	0.9623980134799575	0.03760198652004254	0.03760198652004257	HG003	hg38_m_giabHC	-1	-2	ont	sentdhiomr
HIOa-HG003-SR10x-ONT7x-25-D0-PF-ILMN-NOVASEQ-ont-sentdhiomr-DEL_50	DEL_50	HIOa-HG003-SR10x-ONT7x-25-D0-PF-ILMN-NOVASEQ	688815815.0	688787912.0	1596.0	26307.0	168324.0	0.236431286904473	0.9428018492635201	0.9997556825946199	0.8648365368312345	0.13516346316876549	0.1351634631687655	HG003	hg38_m_giabHC	-1	-2	ont	sentdhiomr
HIOa-HG003-SR10x-ONT7x-25-D0-PF-ILMN-NOVASEQ-ont-sentdhiomr-DEL_gt50	DEL_gt50	HIOa-HG003-SR10x-ONT7x-25-D0-PF-ILMN-NOVASEQ	688815815.0	688815678.0	47.0	90.0	3419.0	0.04936917169500823	0.656934306569343	0.9999950364326209	0.9743516671416358	0.02564833285836421	0.025648332858364205	HG003	hg38_m_giabHC	-1	-2	ont	sentdhiomr
HIOa-HG003-SR10x-ONT7x-25-D0-PF-ILMN-NOVASEQ-ont-sentdhiomr-Indel_50	Indel_50	HIOa-HG003-SR10x-ONT7x-25-D0-PF-ILMN-NOVASEQ	688815815.0	688807284.0	464.0	8067.0	32750.0	0.3269433411688417	0.945610127769312	0.9999524563056973	0.802361761030943	0.19763823896905697	0.19763823896905702	HG003	hg38_m_giabHC	-1	-2	ont	sentdhiomr
HIOa-HG003-SR10x-ONT7x-25-D0-PF-ILMN-NOVASEQ-ont-sentdhiomr-Indel_gt50	Indel_gt50	HIOa-HG003-SR10x-ONT7x-25-D0-PF-ILMN-NOVASEQ	688815815.0	688814885.0	83.0	847.0	1615.0	0.4994103773584906	0.910752688172043	0.999997655398789	0.6559707554833468	0.3440292445166532	0.3440292445166531	HG003	hg38_m_giabHC	-1	-2	ont	sentdhiomr
HIOa-HG003-SR10x-ONT7x-25-D0-PF-ILMN-NOVASEQ-ont-sentdhiomr-All	All	HIOa-HG003-SR10x-ONT7x-25-D0-PF-ILMN-NOVASEQ	688815815.0	688647767.0	7978.0	160070.0	1094576.0	0.22502379288870275	0.9525254689136438	0.9984130653843301	0.8724181960489253	0.12758180395107466	0.12758180395107466	HG003	hg38_m_giabHC	-1	-2	ont	sentdhiomr
HIOa-HG003-SR10x-ONT7x-25-D0-PF-ILMN-NOVASEQ-ont-sentdhiomr-SNPts	SNPts	HIOa-HG003-SR10x-ONT7x-25-D0-PF-ILMN-NOVASEQ	2528531102.0	2526276370.0	7397.0	2247335.0	4346.0	0.9973941580587486	0.99671934402847	0.9999982796844498	0.001930113546279424	0.9980698864537205	0.9980698864537205	HG003	giabHC	-1	-2	ont	sentdhiomr
HIOa-HG003-SR10x-ONT7x-25-D0-PF-ILMN-NOVASEQ-ont-sentdhiomr-SNPtv	SNPtv	HIOa-HG003-SR10x-ONT7x-25-D0-PF-ILMN-NOVASEQ	2528531102.0	2527459451.0	3915.0	1067736.0	2475.0	0.9970166145157812	0.9963467584129535	0.9999990207567622	0.002312628070539361	0.9976873719294607	0.9976873719294607	HG003	giabHC	-1	-2	ont	sentdhiomr
HIOa-HG003-SR10x-ONT7x-25-D0-PF-ILMN-NOVASEQ-ont-sentdhiomr-INS_50	INS_50	HIOa-HG003-SR10x-ONT7x-25-D0-PF-ILMN-NOVASEQ	2528531102.0	2528301241.0	4057.0	225804.0	2302.0	0.9861147200562486	0.9823502029487385	0.9999990895080592	0.010091799426582379	0.9899082005734177	0.9899082005734177	HG003	giabHC	-1	-2	ont	sentdhiomr
HIOa-HG003-SR10x-ONT7x-25-D0-PF-ILMN-NOVASEQ-ont-sentdhiomr-INS_gt50	INS_gt50	HIOa-HG003-SR10x-ONT7x-25-D0-PF-ILMN-NOVASEQ	2528531102.0	2528531101.0	0.0	1.0	1.0	0.6666666666666666	1.0	0.9999999996045135	0.5	0.5	0.5	HG003	giabHC	-1	-2	ont	sentdhiomr
HIOa-HG003-SR10x-ONT7x-25-D0-PF-ILMN-NOVASEQ-ont-sentdhiomr-DEL_50	DEL_50	HIOa-HG003-SR10x-ONT7x-25-D0-PF-ILMN-NOVASEQ	2528531102.0	2528286954.0	4150.0	239998.0	1350.0	0.9886713793728477	0.9830021134721563	0.9999994660419076	0.005593582710443011	0.994406417289557	0.994406417289557	HG003	giabHC	-1	-2	ont	sentdhiomr
HIOa-HG003-SR10x-ONT7x-25-D0-PF-ILMN-NOVASEQ-ont-sentdhiomr-DEL_gt50	DEL_gt50	HIOa-HG003-SR10x-ONT7x-25-D0-PF-ILMN-NOVASEQ	2528531102.0	2528531102.0	0.0	0.0	9.0			0.9999999964406212	1.0	0.0	0.0	HG003	giabHC	-1	-2	ont	sentdhiomr
HIOa-HG003-SR10x-ONT7x-25-D0-PF-ILMN-NOVASEQ-ont-sentdhiomr-Indel_50	Indel_50	HIOa-HG003-SR10x-ONT7x-25-D0-PF-ILMN-NOVASEQ	2528531102.0	2528501020.0	323.0	29759.0	13.0	0.9943863400942293	0.9892626820025264	0.9999999948586139	0.00043665188767969904	0.9995633481123203	0.9995633481123203	HG003	giabHC	-1	-2	ont	sentdhiomr
HIOa-HG003-SR10x-ONT7x-25-D0-PF-ILMN-NOVASEQ-ont-sentdhiomr-Indel_gt50	Indel_gt50	HIOa-HG003-SR10x-ONT7x-25-D0-PF-ILMN-NOVASEQ	2528531102.0	2528530701.0	13.0	388.0	0.0	0.9835234474017743	0.9675810473815462	1.0	0.0	1.0	1.0	HG003	giabHC	-1	-2	ont	sentdhiomr
HIOa-HG003-SR10x-ONT7x-25-D0-PF-ILMN-NOVASEQ-ont-sentdhiomr-All	All	HIOa-HG003-SR10x-ONT7x-25-D0-PF-ILMN-NOVASEQ	2528531102.0	2524700226.0	19855.0	3811021.0	10496.0	0.9960337896916691	0.9948171123262669	0.9999958426920326	0.0027465532666739413	0.997253446733326	0.997253446733326	HG003	giabHC	-1	-2	ont	sentdhiomr
HIOa-HG003-SR15x-ONT15bx-34-D0-PF-ILMN-NOVASEQ-ont-sentdhiomr-SNPts	SNPts	HIOa-HG003-SR15x-ONT15bx-34-D0-PF-ILMN-NOVASEQ	688815815.0	688748046.0	3023.0	64746.0	349924.0	0.2684111359156287	0.9553925836296832	0.9994921999262311	0.8438613837509344	0.15613861624906555	0.15613861624906553	HG003	hg38_m_giabHC	-1	-2	ont	sentdhiomr
HIOa-HG003-SR15x-ONT15bx-34-D0-PF-ILMN-NOVASEQ-ont-sentdhiomr-SNPtv	SNPtv	HIOa-HG003-SR15x-ONT15bx-34-D0-PF-ILMN-NOVASEQ	688815815.0	688780847.0	1671.0	33297.0	295679.0	0.18297870001978328	0.952213452299245	0.9995709054236452	0.8987859296726813	0.10121407032731866	0.10121407032731872	HG003	hg38_m_giabHC	-1	-2	ont	sentdhiomr
HIOa-HG003-SR15x-ONT15bx-34-D0-PF-ILMN-NOVASEQ-ont-sentdhiomr-INS_50	INS_50	HIOa-HG003-SR15x-ONT15bx-34-D0-PF-ILMN-NOVASEQ	688815815.0	688788485.0	1635.0	25695.0	164814.0	0.23590817071323317	0.9401756311745335	0.9997607762380423	0.8651244823079225	0.1348755176920775	0.13487551769207753	HG003	hg38_m_giabHC	-1	-2	ont	sentdhiomr
HIOa-HG003-SR15x-ONT15bx-34-D0-PF-ILMN-NOVASEQ-ont-sentdhiomr-INS_gt50	INS_gt50	HIOa-HG003-SR15x-ONT15bx-34-D0-PF-ILMN-NOVASEQ	688815815.0	688815579.0	132.0	104.0	2369.0	0.07678110003691399	0.4406779661016949	0.9999965607748653	0.9579458147998382	0.0420541852001618	0.04205418520016175	HG003	hg38_m_giabHC	-1	-2	ont	sentdhiomr
HIOa-HG003-SR15x-ONT15bx-34-D0-PF-ILMN-NOVASEQ-ont-sentdhiomr-DEL_50	DEL_50	HIOa-HG003-SR15x-ONT15bx-34-D0-PF-ILMN-NOVASEQ	688815815.0	688788315.0	1306.0	26194.0	168965.0	0.23528355018211705	0.9525090909090909	0.9997547525733381	0.8657812347880446	0.13421876521195542	0.1342187652119554	HG003	hg38_m_giabHC	-1	-2	ont	sentdhiomr
HIOa-HG003-SR15x-ONT15bx-34-D0-PF-ILMN-NOVASEQ-ont-sentdhiomr-DEL_gt50	DEL_gt50	HIOa-HG003-SR15x-ONT15bx-34-D0-PF-ILMN-NOVASEQ	688815815.0	688815677.0	46.0	92.0	2906.0	0.0586734693877551	0.6666666666666666	0.9999957811823437	0.9693128752501667	0.03068712474983326	0.030687124749833223	HG003	hg38_m_giabHC	-1	-2	ont	sentdhiomr
HIOa-HG003-SR15x-ONT15bx-34-D0-PF-ILMN-NOVASEQ-ont-sentdhiomr-Indel_50	Indel_50	HIOa-HG003-SR15x-ONT15bx-34-D0-PF-ILMN-NOVASEQ	688815815.0	688806705.0	326.0	8784.0	36679.0	0.32191743169699305	0.9642151481888035	0.9999467527730512	0.8067879374436355	0.19321206255636447	0.19321206255636453	HG003	hg38_m_giabHC	-1	-2	ont	sentdhiomr
HIOa-HG003-SR15x-ONT15bx-34-D0-PF-ILMN-NOVASEQ-ont-sentdhiomr-Indel_gt50	Indel_gt50	HIOa-HG003-SR15x-ONT15bx-34-D0-PF-ILMN-NOVASEQ	688815815.0	688814807.0	61.0	947.0	1826.0	0.5009256810367627	0.939484126984127	0.9999973490767898	0.6584926072845294	0.3415073927154706	0.3415073927154706	HG003	hg38_m_giabHC	-1	-2	ont	sentdhiomr
HIOa-HG003-SR15x-ONT15bx-34-D0-PF-ILMN-NOVASEQ-ont-sentdhiomr-All	All	HIOa-HG003-SR15x-ONT15bx-34-D0-PF-ILMN-NOVASEQ	688815815.0	688647756.0	8200.0	159859.0	1023162.0	0.23663883707848532	0.9512076116125885	0.9985164489711019	0.8648722212031739	0.13512777879682614	0.13512777879682608	HG003	hg38_m_giabHC	-1	-2	ont	sentdhiomr
HIOa-HG003-SR15x-ONT15bx-34-D0-PF-ILMN-NOVASEQ-ont-sentdhiomr-SNPts	SNPts	HIOa-HG003-SR15x-ONT15bx-34-D0-PF-ILMN-NOVASEQ	2528531102.0	2526276393.0	14002.0	2240707.0	4522.0	0.9958834988393174	0.9937898859675461	0.9999982100169569	0.0020140484556363737	0.9979859515443636	0.9979859515443636	HG003	giabHC	-1	-2	ont	sentdhiomr
HIOa-HG003-SR15x-ONT15bx-34-D0-PF-ILMN-NOVASEQ-ont-sentdhiomr-SNPtv	SNPtv	HIOa-HG003-SR15x-ONT15bx-34-D0-PF-ILMN-NOVASEQ	2528531102.0	2527459472.0	6594.0	1065036.0	2530.0	0.995734846175853	0.9938467568097198	0.9999989989958314	0.002369876897540761	0.9976301231024592	0.9976301231024592	HG003	giabHC	-1	-2	ont	sentdhiomr
HIOa-HG003-SR15x-ONT15bx-34-D0-PF-ILMN-NOVASEQ-ont-sentdhiomr-INS_50	INS_50	HIOa-HG003-SR15x-ONT15bx-34-D0-PF-ILMN-NOVASEQ	2528531102.0	2528301805.0	2333.0	226964.0	1039.0	0.9926262847146294	0.9898254229231085	0.9999995890523944	0.00455695758389144	0.9954430424161086	0.9954430424161086	HG003	giabHC	-1	-2	ont	sentdhiomr
HIOa-HG003-SR15x-ONT15bx-34-D0-PF-ILMN-NOVASEQ-ont-sentdhiomr-INS_gt50	INS_gt50	HIOa-HG003-SR15x-ONT15bx-34-D0-PF-ILMN-NOVASEQ	2528531102.0	2528531101.0	0.0	1.0	4.0	0.33333333333333337	1.0	0.9999999984180539	0.8	0.19999999999999996	0.2	HG003	giabHC	-1	-2	ont	sentdhiomr
HIOa-HG003-SR15x-ONT15bx-34-D0-PF-ILMN-NOVASEQ-ont-sentdhiomr-DEL_50	DEL_50	HIOa-HG003-SR15x-ONT15bx-34-D0-PF-ILMN-NOVASEQ	2528531102.0	2528287662.0	2179.0	241261.0	689.0	0.994091349224335	0.9910491291488662	0.9999997274836157	0.0028476958049183715	0.9971523041950816	0.9971523041950816	HG003	giabHC	-1	-2	ont	sentdhiomr
HIOa-HG003-SR15x-ONT15bx-34-D0-PF-ILMN-NOVASEQ-ont-sentdhiomr-DEL_gt50	DEL_gt50	HIOa-HG003-SR15x-ONT15bx-34-D0-PF-ILMN-NOVASEQ	2528531102.0	2528531102.0	0.0	0.0	6.0			0.9999999976270808	1.0	0.0	0.0	HG003	giabHC	-1	-2	ont	sentdhiomr
HIOa-HG003-SR15x-ONT15bx-34-D0-PF-ILMN-NOVASEQ-ont-sentdhiomr-Indel_50	Indel_50	HIOa-HG003-SR15x-ONT15bx-34-D0-PF-ILMN-NOVASEQ	2528531102.0	2528499757.0	151.0	31194.0	12.0	0.9973941263928634	0.9951826447599298	0.9999999952541028	0.0003845414343395501	0.9996154585656605	0.9996154585656605	HG003	giabHC	-1	-2	ont	sentdhiomr
HIOa-HG003-SR15x-ONT15bx-34-D0-PF-ILMN-NOVASEQ-ont-sentdhiomr-Indel_gt50	Indel_gt50	HIOa-HG003-SR15x-ONT15bx-34-D0-PF-ILMN-NOVASEQ	2528531102.0	2528530663.0	8.0	431.0	0.0	0.9908045977011495	0.9817767653758542	1.0	0.0	1.0	1.0	HG003	giabHC	-1	-2	ont	sentdhiomr
HIOa-HG003-SR15x-ONT15bx-34-D0-PF-ILMN-NOVASEQ-ont-sentdhiomr-All	All	HIOa-HG003-SR15x-ONT15bx-34-D0-PF-ILMN-NOVASEQ	2528531102.0	2524700241.0	25267.0	3805594.0	8802.0	0.9955437730870264	0.9934043547912598	0.999996513657673	0.002307573728579833	0.9976924262714202	0.9976924262714202	HG003	giabHC	-1	-2	ont	sentdhiomr
HIOa-HG003-SR15x-ONT15bx-34-D0-PF-ILMN-NOVASEQ-ont-sentdhiomr-SNPts	SNPts	HIOa-HG003-SR15x-ONT15bx-34-D0-PF-ILMN-NOVASEQ	377862616.0	377589398.0	3366.0	269852.0	34637.0	0.9342175185691016	0.9876801674853047	0.9999082764951653	0.11375451986771279	0.8862454801322872	0.8862454801322872	HG003	clinvar_genes	-1	-2	ont	sentdhiomr
HIOa-HG003-SR15x-ONT15bx-34-D0-PF-ILMN-NOVASEQ-ont-sentdhiomr-SNPtv	SNPtv	HIOa-HG003-SR15x-ONT15bx-34-D0-PF-ILMN-NOVASEQ	377862616.0	377738309.0	1689.0	122618.0	21087.0	0.9150187305046041	0.9864126718527516	0.9999441787544577	0.1467381093211788	0.8532618906788212	0.8532618906788212	HG003	clinvar_genes	-1	-2	ont	sentdhiomr
HIOa-HG003-SR15x-ONT15bx-34-D0-PF-ILMN-NOVASEQ-ont-sentdhiomr-INS_50	INS_50	HIOa-HG003-SR15x-ONT15bx-34-D0-PF-ILMN-NOVASEQ	377862616.0	377833402.0	570.0	28644.0	17844.0	0.7567567567567568	0.9804888067364962	0.999952775066408	0.38384099122354154	0.6161590087764585	0.6161590087764585	HG003	clinvar_genes	-1	-2	ont	sentdhiomr
HIOa-HG003-SR15x-ONT15bx-34-D0-PF-ILMN-NOVASEQ-ont-sentdhiomr-INS_gt50	INS_gt50	HIOa-HG003-SR15x-ONT15bx-34-D0-PF-ILMN-NOVASEQ	377862616.0	377862586.0	15.0	15.0	287.0	0.09036144578313252	0.5	0.9999992404652044	0.9503311258278145	0.04966887417218546	0.04966887417218543	HG003	clinvar_genes	-1	-2	ont	sentdhiomr
HIOa-HG003-SR15x-ONT15bx-34-D0-PF-ILMN-NOVASEQ-ont-sentdhiomr-DEL_50	DEL_50	HIOa-HG003-SR15x-ONT15bx-34-D0-PF-ILMN-NOVASEQ	377862616.0	377831749.0	496.0	30371.0	17557.0	0.7708864775683737	0.9839310590598374	0.9999535343860073	0.3663203138040394	0.6336796861959606	0.6336796861959606	HG003	clinvar_genes	-1	-2	ont	sentdhiomr
HIOa-HG003-SR15x-ONT15bx-34-D0-PF-ILMN-NOVASEQ-ont-sentdhiomr-DEL_gt50	DEL_gt50	HIOa-HG003-SR15x-ONT15bx-34-D0-PF-ILMN-NOVASEQ	377862616.0	377862598.0	5.0	13.0	356.0	0.06718346253229973	0.7222222222222222	0.99999905785948	0.964769647696477	0.035230352303523005	0.03523035230352303	HG003	clinvar_genes	-1	-2	ont	sentdhiomr
HIOa-HG003-SR15x-ONT15bx-34-D0-PF-ILMN-NOVASEQ-ont-sentdhiomr-Indel_50	Indel_50	HIOa-HG003-SR15x-ONT15bx-34-D0-PF-ILMN-NOVASEQ	377862616.0	377858642.0	80.0	3894.0	3885.0	0.6626393261294989	0.9798691494715652	0.9999897184829868	0.499421519475511	0.5005784805244891	0.5005784805244891	HG003	clinvar_genes	-1	-2	ont	sentdhiomr
HIOa-HG003-SR15x-ONT15bx-34-D0-PF-ILMN-NOVASEQ-ont-sentdhiomr-Indel_gt50	Indel_gt50	HIOa-HG003-SR15x-ONT15bx-34-D0-PF-ILMN-NOVASEQ	377862616.0	377862459.0	10.0	147.0	219.0	0.5621414913957936	0.9363057324840764	0.9999994204243691	0.5983606557377049	0.4016393442622951	0.4016393442622951	HG003	clinvar_genes	-1	-2	ont	sentdhiomr
HIOa-HG003-SR15x-ONT15bx-34-D0-PF-ILMN-NOVASEQ-ont-sentdhiomr-All	All	HIOa-HG003-SR15x-ONT15bx-34-D0-PF-ILMN-NOVASEQ	377862616.0	377400831.0	6231.0	455554.0	95872.0	0.8992282949948234	0.9865067076669879	0.9997460322189887	0.17386195065158336	0.8261380493484166	0.8261380493484166	HG003	clinvar_genes	-1	-2	ont	sentdhiomr
HIOa-HG003-SR15x-ONT15bx-34-D0-PF-ILMN-NOVASEQ-ont-sentdhiomr-SNPts	SNPts	HIOa-HG003-SR15x-ONT15bx-34-D0-PF-ILMN-NOVASEQ	3088286401.0	3085963954.0	17025.0	2305422.0	354446.0	0.9254420886676173	0.9926693698499901	0.9998851557246977	0.13325698869267197	0.866743011307328	0.866743011307328	HG003	hg38	-1	-2	ont	sentdhiomr
HIOa-HG003-SR15x-ONT15bx-34-D0-PF-ILMN-NOVASEQ-ont-sentdhiomr-SNPtv	SNPtv	HIOa-HG003-SR15x-ONT15bx-34-D0-PF-ILMN-NOVASEQ	3088286401.0	3087179817.0	8265.0	1098319.0	298209.0	0.8775628098143431	0.9925310685858462	0.9999034134016538	0.21353599784608687	0.7864640021539131	0.7864640021539131	HG003	hg38	-1	-2	ont	sentdhiomr
HIOa-HG003-SR15x-ONT15bx-34-D0-PF-ILMN-NOVASEQ-ont-sentdhiomr-INS_50	INS_50	HIOa-HG003-SR15x-ONT15bx-34-D0-PF-ILMN-NOVASEQ	3088286401.0	3088029700.0	3973.0	252728.0	165853.0	0.7485109924446379	0.9845228495409055	0.9999462945279359	0.39622677570171605	0.603773224298284	0.603773224298284	HG003	hg38	-1	-2	ont	sentdhiomr
HIOa-HG003-SR15x-ONT15bx-34-D0-PF-ILMN-NOVASEQ-ont-sentdhiomr-INS_gt50	INS_gt50	HIOa-HG003-SR15x-ONT15bx-34-D0-PF-ILMN-NOVASEQ	3088286401.0	3088286164.0	132.0	105.0	2373.0	0.07734806629834254	0.4430379746835443	0.9999992316132474	0.9576271186440678	0.0423728813559322	0.0423728813559322	HG003	hg38	-1	-2	ont	sentdhiomr
HIOa-HG003-SR15x-ONT15bx-34-D0-PF-ILMN-NOVASEQ-ont-sentdhiomr-DEL_50	DEL_50	HIOa-HG003-SR15x-ONT15bx-34-D0-PF-ILMN-NOVASEQ	3088286401.0	3088015659.0	3475.0	267267.0	169650.0	0.755355333571678	0.987164902379387	0.9999450648251238	0.38828885120057127	0.6117111487994287	0.6117111487994287	HG003	hg38	-1	-2	ont	sentdhiomr
HIOa-HG003-SR15x-ONT15bx-34-D0-PF-ILMN-NOVASEQ-ont-sentdhiomr-DEL_gt50	DEL_gt50	HIOa-HG003-SR15x-ONT15bx-34-D0-PF-ILMN-NOVASEQ	3088286401.0	3088286263.0	46.0	92.0	2912.0	0.058561425843411834	0.6666666666666666	0.9999990570831179	0.9693741677762983	0.030625832223701743	0.03062583222370173	HG003	hg38	-1	-2	ont	sentdhiomr
HIOa-HG003-SR15x-ONT15bx-34-D0-PF-ILMN-NOVASEQ-ont-sentdhiomr-Indel_50	Indel_50	HIOa-HG003-SR15x-ONT15bx-34-D0-PF-ILMN-NOVASEQ	3088286401.0	3088245946.0	477.0	39978.0	36691.0	0.6826611113008436	0.9882091212458287	0.9999881192868941	0.47856369588751646	0.5214363041124835	0.5214363041124835	HG003	hg38	-1	-2	ont	sentdhiomr
HIOa-HG003-SR15x-ONT15bx-34-D0-PF-ILMN-NOVASEQ-ont-sentdhiomr-Indel_gt50	Indel_gt50	HIOa-HG003-SR15x-ONT15bx-34-D0-PF-ILMN-NOVASEQ	3088286401.0	3088284956.0	67.0	1378.0	1826.0	0.5928156592815659	0.9536332179930795	0.9999994087336673	0.5699126092384519	0.4300873907615481	0.43008739076154806	HG003	hg38	-1	-2	ont	sentdhiomr
HIOa-HG003-SR15x-ONT15bx-34-D0-PF-ILMN-NOVASEQ-ont-sentdhiomr-All	All	HIOa-HG003-SR15x-ONT15bx-34-D0-PF-ILMN-NOVASEQ	3088286401.0	3084287652.0	33460.0	3965289.0	1031960.0	0.8815673369424938	0.991632383027792	0.9996655257380835	0.20650561939178935	0.7934943806082106	0.7934943806082106	HG003	hg38	-1	-2	ont	sentdhiomr
HIOa-HG003-SR15x-ONT1bx-28-D0-PF-ILMN-NOVASEQ-ont-sentdhiomr-SNPts	SNPts	HIOa-HG003-SR15x-ONT1bx-28-D0-PF-ILMN-NOVASEQ	332544085.0	332287253.0	4186.0	252646.0	559.0	0.9906967533727945	0.9837014079242462	0.9999983177234318	0.0022076973203530737	0.9977923026796469	0.9977923026796469	HG003	giabHC_x_ultima_x_clinvar	-1	-2	ont	sentdhiomr
HIOa-HG003-SR15x-ONT1bx-28-D0-PF-ILMN-NOVASEQ-ont-sentdhiomr-SNPtv	SNPtv	HIOa-HG003-SR15x-ONT1bx-28-D0-PF-ILMN-NOVASEQ	332544085.0	332429474.0	1982.0	112629.0	280.0	0.9900580168776371	0.9827067209953669	0.9999991577167909	0.002479873172200622	0.9975201268277993	0.9975201268277993	HG003	giabHC_x_ultima_x_clinvar	-1	-2	ont	sentdhiomr
HIOa-HG003-SR15x-ONT1bx-28-D0-PF-ILMN-NOVASEQ-ont-sentdhiomr-INS_50	INS_50	HIOa-HG003-SR15x-ONT1bx-28-D0-PF-ILMN-NOVASEQ	332544085.0	332526566.0	293.0	17226.0	42.0	0.9903699657918188	0.9832753011016611	0.999999873694318	0.002432244614315497	0.9975677553856845	0.9975677553856845	HG003	giabHC_x_ultima_x_clinvar	-1	-2	ont	sentdhiomr
HIOa-HG003-SR15x-ONT1bx-28-D0-PF-ILMN-NOVASEQ-ont-sentdhiomr-INS_gt50	INS_gt50	HIOa-HG003-SR15x-ONT1bx-28-D0-PF-ILMN-NOVASEQ	332544085.0	332544085.0	0.0	0.0	0.0			1.0				HG003	giabHC_x_ultima_x_clinvar	-1	-2	ont	sentdhiomr
HIOa-HG003-SR15x-ONT1bx-28-D0-PF-ILMN-NOVASEQ-ont-sentdhiomr-DEL_50	DEL_50	HIOa-HG003-SR15x-ONT1bx-28-D0-PF-ILMN-NOVASEQ	332544085.0	332525124.0	278.0	18683.0	30.0	0.9918246005202527	0.9853383260376563	0.9999999097812612	0.0016031635761235505	0.9983968364238764	0.9983968364238764	HG003	giabHC_x_ultima_x_clinvar	-1	-2	ont	sentdhiomr
HIOa-HG003-SR15x-ONT1bx-28-D0-PF-ILMN-NOVASEQ-ont-sentdhiomr-DEL_gt50	DEL_gt50	HIOa-HG003-SR15x-ONT1bx-28-D0-PF-ILMN-NOVASEQ	332544085.0	332544085.0	0.0	0.0	2.0			0.9999999939857599	1.0	0.0	0.0	HG003	giabHC_x_ultima_x_clinvar	-1	-2	ont	sentdhiomr
HIOa-HG003-SR15x-ONT1bx-28-D0-PF-ILMN-NOVASEQ-ont-sentdhiomr-Indel_50	Indel_50	HIOa-HG003-SR15x-ONT1bx-28-D0-PF-ILMN-NOVASEQ	332544085.0	332542851.0	12.0	1222.0	0.0	0.9951140065146581	0.9902755267423015	1.0	0.0	1.0	1.0	HG003	giabHC_x_ultima_x_clinvar	-1	-2	ont	sentdhiomr
HIOa-HG003-SR15x-ONT1bx-28-D0-PF-ILMN-NOVASEQ-ont-sentdhiomr-Indel_gt50	Indel_gt50	HIOa-HG003-SR15x-ONT1bx-28-D0-PF-ILMN-NOVASEQ	332544085.0	332544058.0	0.0	27.0	0.0	1.0	1.0	1.0	0.0	1.0	1.0	HG003	giabHC_x_ultima_x_clinvar	-1	-2	ont	sentdhiomr
HIOa-HG003-SR15x-ONT1bx-28-D0-PF-ILMN-NOVASEQ-ont-sentdhiomr-All	All	HIOa-HG003-SR15x-ONT1bx-28-D0-PF-ILMN-NOVASEQ	332544085.0	332134901.0	6751.0	402433.0	913.0	0.9905677328837089	0.9835013099241418	0.9999972511245053	0.002263565276462392	0.9977364347235376	0.9977364347235376	HG003	giabHC_x_ultima_x_clinvar	-1	-2	ont	sentdhiomr
HIOa-HG003-SR15x-ONT1bx-28-D0-PF-ILMN-NOVASEQ-ont-sentdhiomr-SNPts	SNPts	HIOa-HG003-SR15x-ONT1bx-28-D0-PF-ILMN-NOVASEQ	2528531102.0	2526276333.0	28892.0	2225877.0	7837.0	0.9918170571215265	0.9871862705226123	0.9999968978153396	0.0035085064605406063	0.9964914935394594	0.9964914935394594	HG003	giabHC	-1	-2	ont	sentdhiomr
HIOa-HG003-SR15x-ONT1bx-28-D0-PF-ILMN-NOVASEQ-ont-sentdhiomr-SNPtv	SNPtv	HIOa-HG003-SR15x-ONT1bx-28-D0-PF-ILMN-NOVASEQ	2528531102.0	2527459449.0	14028.0	1057625.0	3925.0	0.9915840170860438	0.9869099419308303	0.9999984470595933	0.003697423578729217	0.9963025764212707	0.9963025764212707	HG003	giabHC	-1	-2	ont	sentdhiomr
HIOa-HG003-SR15x-ONT1bx-28-D0-PF-ILMN-NOVASEQ-ont-sentdhiomr-INS_50	INS_50	HIOa-HG003-SR15x-ONT1bx-28-D0-PF-ILMN-NOVASEQ	2528531102.0	2528301833.0	3201.0	226068.0	1166.0	0.9904337978063671	0.9860382345628934	0.9999995388210984	0.005131274369152504	0.9948687256308475	0.9948687256308475	HG003	giabHC	-1	-2	ont	sentdhiomr
HIOa-HG003-SR15x-ONT1bx-28-D0-PF-ILMN-NOVASEQ-ont-sentdhiomr-INS_gt50	INS_gt50	HIOa-HG003-SR15x-ONT1bx-28-D0-PF-ILMN-NOVASEQ	2528531102.0	2528531101.0	0.0	1.0	3.0	0.4	1.0	0.9999999988135404	0.75	0.25	0.25	HG003	giabHC	-1	-2	ont	sentdhiomr
HIOa-HG003-SR15x-ONT1bx-28-D0-PF-ILMN-NOVASEQ-ont-sentdhiomr-DEL_50	DEL_50	HIOa-HG003-SR15x-ONT1bx-28-D0-PF-ILMN-NOVASEQ	2528531102.0	2528287677.0	3108.0	240317.0	792.0	0.9919510292363384	0.9872322070452911	0.9999996867446062	0.003284821387837036	0.996715178612163	0.996715178612163	HG003	giabHC	-1	-2	ont	sentdhiomr
HIOa-HG003-SR15x-ONT1bx-28-D0-PF-ILMN-NOVASEQ-ont-sentdhiomr-DEL_gt50	DEL_gt50	HIOa-HG003-SR15x-ONT1bx-28-D0-PF-ILMN-NOVASEQ	2528531102.0	2528531102.0	0.0	0.0	10.0			0.9999999960451347	1.0	0.0	0.0	HG003	giabHC	-1	-2	ont	sentdhiomr
HIOa-HG003-SR15x-ONT1bx-28-D0-PF-ILMN-NOVASEQ-ont-sentdhiomr-Indel_50	Indel_50	HIOa-HG003-SR15x-ONT1bx-28-D0-PF-ILMN-NOVASEQ	2528531102.0	2528499799.0	184.0	31119.0	11.0	0.9968766517706983	0.994121969140338	0.9999999956495943	0.00035335689045936394	0.9996466431095407	0.9996466431095407	HG003	giabHC	-1	-2	ont	sentdhiomr
HIOa-HG003-SR15x-ONT1bx-28-D0-PF-ILMN-NOVASEQ-ont-sentdhiomr-Indel_gt50	Indel_gt50	HIOa-HG003-SR15x-ONT1bx-28-D0-PF-ILMN-NOVASEQ	2528531102.0	2528530663.0	9.0	430.0	0.0	0.9896432681242807	0.979498861047836	1.0	0.0	1.0	1.0	HG003	giabHC	-1	-2	ont	sentdhiomr
HIOa-HG003-SR15x-ONT1bx-28-D0-PF-ILMN-NOVASEQ-ont-sentdhiomr-All	All	HIOa-HG003-SR15x-ONT1bx-28-D0-PF-ILMN-NOVASEQ	2528531102.0	2524700243.0	49422.0	3781437.0	13744.0	0.9917170641643631	0.9870989770179482	0.9999945562150522	0.0036214346562127076	0.9963785653437873	0.9963785653437873	HG003	giabHC	-1	-2	ont	sentdhiomr
HIOa-HG003-SR15x-ONT1bx-28-D0-PF-ILMN-NOVASEQ-ont-sentdhiomr-SNPts	SNPts	HIOa-HG003-SR15x-ONT1bx-28-D0-PF-ILMN-NOVASEQ	688815815.0	688748073.0	4819.0	62923.0	304506.0	0.28918746883409047	0.9288624487024298	0.9995580801679287	0.8287478669348364	0.17125213306516363	0.1712521330651636	HG003	hg38_m_giabHC	-1	-2	ont	sentdhiomr
HIOa-HG003-SR15x-ONT1bx-28-D0-PF-ILMN-NOVASEQ-ont-sentdhiomr-SNPtv	SNPtv	HIOa-HG003-SR15x-ONT1bx-28-D0-PF-ILMN-NOVASEQ	688815815.0	688780840.0	2606.0	32369.0	241183.0	0.20982928560547373	0.9254896354538956	0.999649963292973	0.881671492074633	0.11832850792536698	0.11832850792536702	HG003	hg38_m_giabHC	-1	-2	ont	sentdhiomr
HIOa-HG003-SR15x-ONT1bx-28-D0-PF-ILMN-NOVASEQ-ont-sentdhiomr-INS_50	INS_50	HIOa-HG003-SR15x-ONT1bx-28-D0-PF-ILMN-NOVASEQ	688815815.0	688788495.0	1892.0	25428.0	160333.0	0.23866980162473428	0.9307467057101025	0.9997672787970836	0.8631144319851852	0.13688556801481477	0.13688556801481475	HG003	hg38_m_giabHC	-1	-2	ont	sentdhiomr
HIOa-HG003-SR15x-ONT1bx-28-D0-PF-ILMN-NOVASEQ-ont-sentdhiomr-INS_gt50	INS_gt50	HIOa-HG003-SR15x-ONT1bx-28-D0-PF-ILMN-NOVASEQ	688815815.0	688815584.0	143.0	88.0	2048.0	0.07435572454583861	0.38095238095238093	0.999997026789233	0.9588014981273408	0.041198501872659166	0.04119850187265917	HG003	hg38_m_giabHC	-1	-2	ont	sentdhiomr
HIOa-HG003-SR15x-ONT1bx-28-D0-PF-ILMN-NOVASEQ-ont-sentdhiomr-DEL_50	DEL_50	HIOa-HG003-SR15x-ONT1bx-28-D0-PF-ILMN-NOVASEQ	688815815.0	688788356.0	1603.0	25856.0	163279.0	0.2387508425902841	0.9416220546997341	0.999763003683125	0.8632934147566553	0.13670658524334467	0.1367065852433447	HG003	hg38_m_giabHC	-1	-2	ont	sentdhiomr
HIOa-HG003-SR15x-ONT1bx-28-D0-PF-ILMN-NOVASEQ-ont-sentdhiomr-DEL_gt50	DEL_gt50	HIOa-HG003-SR15x-ONT1bx-28-D0-PF-ILMN-NOVASEQ	688815815.0	688815678.0	55.0	82.0	2344.0	0.06398751463129145	0.5985401459854015	0.999996597069291	0.966199505358615	0.033800494641385015	0.033800494641384994	HG003	hg38_m_giabHC	-1	-2	ont	sentdhiomr
HIOa-HG003-SR15x-ONT1bx-28-D0-PF-ILMN-NOVASEQ-ont-sentdhiomr-Indel_50	Indel_50	HIOa-HG003-SR15x-ONT1bx-28-D0-PF-ILMN-NOVASEQ	688815815.0	688806664.0	399.0	8752.0	36396.0	0.3223632111088602	0.956398207846137	0.9999471635817888	0.8061486666076016	0.19385133339239835	0.19385133339239832	HG003	hg38_m_giabHC	-1	-2	ont	sentdhiomr
HIOa-HG003-SR15x-ONT1bx-28-D0-PF-ILMN-NOVASEQ-ont-sentdhiomr-Indel_gt50	Indel_gt50	HIOa-HG003-SR15x-ONT1bx-28-D0-PF-ILMN-NOVASEQ	688815815.0	688814802.0	70.0	943.0	1669.0	0.5202758620689656	0.930898321816387	0.9999975770033525	0.6389739663093414	0.36102603369065855	0.3610260336906585	HG003	hg38_m_giabHC	-1	-2	ont	sentdhiomr
HIOa-HG003-SR15x-ONT1bx-28-D0-PF-ILMN-NOVASEQ-ont-sentdhiomr-All	All	HIOa-HG003-SR15x-ONT1bx-28-D0-PF-ILMN-NOVASEQ	688815815.0	688647787.0	11587.0	156441.0	911758.0	0.2530942941708925	0.9310412550289238	0.9986777675595804	0.8535469514575468	0.14645304854245322	0.14645304854245322	HG003	hg38_m_giabHC	-1	-2	ont	sentdhiomr
HIOa-HG003-SR15x-ONT1bx-28-D0-PF-ILMN-NOVASEQ-ont-sentdhiomr-SNPts	SNPts	HIOa-HG003-SR15x-ONT1bx-28-D0-PF-ILMN-NOVASEQ	377862616.0	377589408.0	6505.0	266703.0	33197.0	0.9307250989342323	0.9761903018945273	0.9999120894788595	0.11069356452150717	0.8893064354784929	0.8893064354784929	HG003	clinvar_genes	-1	-2	ont	sentdhiomr
HIOa-HG003-SR15x-ONT1bx-28-D0-PF-ILMN-NOVASEQ-ont-sentdhiomr-SNPtv	SNPtv	HIOa-HG003-SR15x-ONT1bx-28-D0-PF-ILMN-NOVASEQ	377862616.0	377738314.0	3225.0	121077.0	20039.0	0.9123495768938052	0.9740551238113626	0.9999469528606294	0.14200374160265314	0.8579962583973468	0.8579962583973468	HG003	clinvar_genes	-1	-2	ont	sentdhiomr
HIOa-HG003-SR15x-ONT1bx-28-D0-PF-ILMN-NOVASEQ-ont-sentdhiomr-INS_50	INS_50	HIOa-HG003-SR15x-ONT1bx-28-D0-PF-ILMN-NOVASEQ	377862616.0	377833427.0	787.0	28402.0	17630.0	0.7551614575716888	0.9730377882078866	0.999953341403515	0.38299443865137295	0.617005561348627	0.617005561348627	HG003	clinvar_genes	-1	-2	ont	sentdhiomr
HIOa-HG003-SR15x-ONT1bx-28-D0-PF-ILMN-NOVASEQ-ont-sentdhiomr-INS_gt50	INS_gt50	HIOa-HG003-SR15x-ONT1bx-28-D0-PF-ILMN-NOVASEQ	377862616.0	377862586.0	16.0	14.0	275.0	0.08777429467084641	0.4666666666666667	0.9999992722227338	0.9515570934256056	0.04844290657439443	0.04844290657439446	HG003	clinvar_genes	-1	-2	ont	sentdhiomr
HIOa-HG003-SR15x-ONT1bx-28-D0-PF-ILMN-NOVASEQ-ont-sentdhiomr-DEL_50	DEL_50	HIOa-HG003-SR15x-ONT1bx-28-D0-PF-ILMN-NOVASEQ	377862616.0	377831760.0	733.0	30123.0	17246.0	0.770162991371045	0.9762444905366865	0.9999543574292213	0.364077772382782	0.6359222276172181	0.6359222276172181	HG003	clinvar_genes	-1	-2	ont	sentdhiomr
HIOa-HG003-SR15x-ONT1bx-28-D0-PF-ILMN-NOVASEQ-ont-sentdhiomr-DEL_gt50	DEL_gt50	HIOa-HG003-SR15x-ONT1bx-28-D0-PF-ILMN-NOVASEQ	377862616.0	377862598.0	10.0	8.0	300.0	0.049079754601226995	0.4444444444444444	0.9999992060612418	0.974025974025974	0.025974025974025983	0.025974025974025976	HG003	clinvar_genes	-1	-2	ont	sentdhiomr
HIOa-HG003-SR15x-ONT1bx-28-D0-PF-ILMN-NOVASEQ-ont-sentdhiomr-Indel_50	Indel_50	HIOa-HG003-SR15x-ONT1bx-28-D0-PF-ILMN-NOVASEQ	377862616.0	377858629.0	103.0	3884.0	3844.0	0.6630815194195476	0.9741660396287936	0.9999898269866031	0.4974120082815735	0.5025879917184265	0.5025879917184265	HG003	clinvar_genes	-1	-2	ont	sentdhiomr
HIOa-HG003-SR15x-ONT1bx-28-D0-PF-ILMN-NOVASEQ-ont-sentdhiomr-Indel_gt50	Indel_gt50	HIOa-HG003-SR15x-ONT1bx-28-D0-PF-ILMN-NOVASEQ	377862616.0	377862458.0	12.0	146.0	196.0	0.5840000000000001	0.9240506329113924	0.9999994812930098	0.5730994152046783	0.42690058479532167	0.4269005847953216	HG003	clinvar_genes	-1	-2	ont	sentdhiomr
HIOa-HG003-SR15x-ONT1bx-28-D0-PF-ILMN-NOVASEQ-ont-sentdhiomr-All	All	HIOa-HG003-SR15x-ONT1bx-28-D0-PF-ILMN-NOVASEQ	377862616.0	377400868.0	11391.0	450357.0	92727.0	0.8963826788955765	0.9753306998622625	0.9997543613951914	0.17074154274476877	0.8292584572552313	0.8292584572552313	HG003	clinvar_genes	-1	-2	ont	sentdhiomr
HIOa-HG003-SR15x-ONT1bx-28-D0-PF-ILMN-NOVASEQ-ont-sentdhiomr-SNPts	SNPts	HIOa-HG003-SR15x-ONT1bx-28-D0-PF-ILMN-NOVASEQ	3088286401.0	3085963916.0	33711.0	2288774.0	312343.0	0.9297152775549282	0.9854849439285938	0.9998987961628227	0.12008033471773857	0.8799196652822614	0.8799196652822614	HG003	hg38	-1	-2	ont	sentdhiomr
HIOa-HG003-SR15x-ONT1bx-28-D0-PF-ILMN-NOVASEQ-ont-sentdhiomr-SNPtv	SNPtv	HIOa-HG003-SR15x-ONT1bx-28-D0-PF-ILMN-NOVASEQ	3088286401.0	3087179787.0	16634.0	1089980.0	245108.0	0.8928034625027952	0.9849685617568547	0.9999206108623413	0.1835893963543976	0.8164106036456024	0.8164106036456024	HG003	hg38	-1	-2	ont	sentdhiomr
HIOa-HG003-SR15x-ONT1bx-28-D0-PF-ILMN-NOVASEQ-ont-sentdhiomr-INS_50	INS_50	HIOa-HG003-SR15x-ONT1bx-28-D0-PF-ILMN-NOVASEQ	3088286401.0	3088029734.0	5100.0	251567.0	161499.0	0.7512456456528198	0.9801298959352001	0.9999477043395907	0.3909762604523248	0.6090237395476752	0.6090237395476752	HG003	hg38	-1	-2	ont	sentdhiomr
HIOa-HG003-SR15x-ONT1bx-28-D0-PF-ILMN-NOVASEQ-ont-sentdhiomr-INS_gt50	INS_gt50	HIOa-HG003-SR15x-ONT1bx-28-D0-PF-ILMN-NOVASEQ	3088286401.0	3088286169.0	143.0	89.0	2051.0	0.07504215851602024	0.38362068965517243	0.9999993358780483	0.958411214953271	0.04158878504672903	0.04158878504672897	HG003	hg38	-1	-2	ont	sentdhiomr
HIOa-HG003-SR15x-ONT1bx-28-D0-PF-ILMN-NOVASEQ-ont-sentdhiomr-DEL_50	DEL_50	HIOa-HG003-SR15x-ONT1bx-28-D0-PF-ILMN-NOVASEQ	3088286401.0	3088015709.0	4699.0	265993.0	164068.0	0.7591633571315426	0.9826407873154729	0.9999468722639718	0.3814993686942085	0.6185006313057915	0.6185006313057915	HG003	hg38	-1	-2	ont	sentdhiomr
HIOa-HG003-SR15x-ONT1bx-28-D0-PF-ILMN-NOVASEQ-ont-sentdhiomr-DEL_gt50	DEL_gt50	HIOa-HG003-SR15x-ONT1bx-28-D0-PF-ILMN-NOVASEQ	3088286401.0	3088286264.0	55.0	82.0	2354.0	0.06373882627283327	0.5985401459854015	0.9999992377655423	0.9663382594417077	0.0336617405582923	0.03366174055829228	HG003	hg38	-1	-2	ont	sentdhiomr
HIOa-HG003-SR15x-ONT1bx-28-D0-PF-ILMN-NOVASEQ-ont-sentdhiomr-Indel_50	Indel_50	HIOa-HG003-SR15x-ONT1bx-28-D0-PF-ILMN-NOVASEQ	3088286401.0	3088245947.0	583.0	39871.0	36407.0	0.6831203097693863	0.9855885697335245	0.9999882112463089	0.4772935839953853	0.5227064160046146	0.5227064160046146	HG003	hg38	-1	-2	ont	sentdhiomr
HIOa-HG003-SR15x-ONT1bx-28-D0-PF-ILMN-NOVASEQ-ont-sentdhiomr-Indel_gt50	Indel_gt50	HIOa-HG003-SR15x-ONT1bx-28-D0-PF-ILMN-NOVASEQ	3088286401.0	3088284951.0	77.0	1373.0	1669.0	0.6113089937666963	0.9468965517241379	0.9999994595708865	0.5486522024983563	0.45134779750164367	0.45134779750164367	HG003	hg38	-1	-2	ont	sentdhiomr
HIOa-HG003-SR15x-ONT1bx-28-D0-PF-ILMN-NOVASEQ-ont-sentdhiomr-All	All	HIOa-HG003-SR15x-ONT1bx-28-D0-PF-ILMN-NOVASEQ	3088286401.0	3084287670.0	61002.0	3937729.0	925499.0	0.8886813852332199	0.9847446602434622	0.9997000210522569	0.1903054925658431	0.8096945074341569	0.8096945074341569	HG003	hg38	-1	-2	ont	sentdhiomr
HIOa-HG003-SR15x-ONT1bx-28-D0-PF-ILMN-NOVASEQ-ont-sentdhiomr-SNPts	SNPts	HIOa-HG003-SR15x-ONT1bx-28-D0-PF-ILMN-NOVASEQ	2505355380.0	2503152279.0	21287.0	2181814.0	4784.0	0.9940608684103397	0.9903377103455538	0.9999980888134945	0.0021878735826155516	0.9978121264173845	0.9978121264173845	HG003	giabHC_x_ultima	-1	-2	ont	sentdhiomr
HIOa-HG003-SR15x-ONT1bx-28-D0-PF-ILMN-NOVASEQ-ont-sentdhiomr-SNPtv	SNPtv	HIOa-HG003-SR15x-ONT1bx-28-D0-PF-ILMN-NOVASEQ	2505355380.0	2504320943.0	10072.0	1024365.0	2243.0	0.9940248757305153	0.9902633026467538	0.9999991043488267	0.00218486510917507	0.997815134890825	0.997815134890825	HG003	giabHC_x_ultima	-1	-2	ont	sentdhiomr
HIOa-HG003-SR15x-ONT1bx-28-D0-PF-ILMN-NOVASEQ-ont-sentdhiomr-INS_50	INS_50	HIOa-HG003-SR15x-ONT1bx-28-D0-PF-ILMN-NOVASEQ	2505355380.0	2505201475.0	1730.0	152175.0	395.0	0.9930663186230525	0.9887592995679153	0.9999998423280756	0.002588975552205545	0.9974110244477945	0.9974110244477945	HG003	giabHC_x_ultima	-1	-2	ont	sentdhiomr
HIOa-HG003-SR15x-ONT1bx-28-D0-PF-ILMN-NOVASEQ-ont-sentdhiomr-INS_gt50	INS_gt50	HIOa-HG003-SR15x-ONT1bx-28-D0-PF-ILMN-NOVASEQ	2505355380.0	2505355380.0	0.0	0.0	2.0			0.99999999920171	1.0	0.0	0.0	HG003	giabHC_x_ultima	-1	-2	ont	sentdhiomr
HIOa-HG003-SR15x-ONT1bx-28-D0-PF-ILMN-NOVASEQ-ont-sentdhiomr-DEL_50	DEL_50	HIOa-HG003-SR15x-ONT1bx-28-D0-PF-ILMN-NOVASEQ	2505355380.0	2505189742.0	1782.0	163856.0	295.0	0.9937020337245936	0.9892415991499535	0.9999998822444622	0.0017971258170830515	0.998202874182917	0.998202874182917	HG003	giabHC_x_ultima	-1	-2	ont	sentdhiomr
HIOa-HG003-SR15x-ONT1bx-28-D0-PF-ILMN-NOVASEQ-ont-sentdhiomr-DEL_gt50	DEL_gt50	HIOa-HG003-SR15x-ONT1bx-28-D0-PF-ILMN-NOVASEQ	2505355380.0	2505355380.0	0.0	0.0	10.0			0.9999999960085503	1.0	0.0	0.0	HG003	giabHC_x_ultima	-1	-2	ont	sentdhiomr
HIOa-HG003-SR15x-ONT1bx-28-D0-PF-ILMN-NOVASEQ-ont-sentdhiomr-Indel_50	Indel_50	HIOa-HG003-SR15x-ONT1bx-28-D0-PF-ILMN-NOVASEQ	2505355380.0	2505341935.0	63.0	13382.0	0.0	0.9976516196369329	0.9953142432130904	1.0	0.0	1.0	1.0	HG003	giabHC_x_ultima	-1	-2	ont	sentdhiomr
HIOa-HG003-SR15x-ONT1bx-28-D0-PF-ILMN-NOVASEQ-ont-sentdhiomr-Indel_gt50	Indel_gt50	HIOa-HG003-SR15x-ONT1bx-28-D0-PF-ILMN-NOVASEQ	2505355380.0	2505355037.0	1.0	342.0	0.0	0.9985401459854015	0.9970845481049563	1.0	0.0	1.0	1.0	HG003	giabHC_x_ultima	-1	-2	ont	sentdhiomr
HIOa-HG003-SR15x-ONT1bx-28-D0-PF-ILMN-NOVASEQ-ont-sentdhiomr-All	All	HIOa-HG003-SR15x-ONT1bx-28-D0-PF-ILMN-NOVASEQ	2505355380.0	2501784511.0	34935.0	3535934.0	7729.0	0.9940032598068292	0.9902166671474086	0.9999969106147679	0.0021810764736940277	0.997818923526306	0.997818923526306	HG003	giabHC_x_ultima	-1	-2	ont	sentdhiomr
HIOa-HG003-SR15x-ONT1bx-28-D0-PF-ILMN-NOVASEQ-ont-sentdhiomr-SNPts	SNPts	HIOa-HG003-SR15x-ONT1bx-28-D0-PF-ILMN-NOVASEQ	2799325643.0	2797071536.0	23239.0	2230868.0	108135.0	0.9713975933517812	0.989690374059439	0.9999613414178856	0.04623123612923968	0.9537687638707604	0.9537687638707604	HG003	ultima	-1	-2	ont	sentdhiomr
HIOa-HG003-SR15x-ONT1bx-28-D0-PF-ILMN-NOVASEQ-ont-sentdhiomr-SNPtv	SNPtv	HIOa-HG003-SR15x-ONT1bx-28-D0-PF-ILMN-NOVASEQ	2799325643.0	2798266927.0	11088.0	1047628.0	61997.0	0.9662945081055057	0.989526936402208	0.999977844991892	0.05587202883857159	0.9441279711614284	0.9441279711614284	HG003	ultima	-1	-2	ont	sentdhiomr
HIOa-HG003-SR15x-ONT1bx-28-D0-PF-ILMN-NOVASEQ-ont-sentdhiomr-INS_50	INS_50	HIOa-HG003-SR15x-ONT1bx-28-D0-PF-ILMN-NOVASEQ	2799325643.0	2799161327.0	2098.0	162218.0	23270.0	0.9274793884575363	0.9872319189853697	0.9999916868648017	0.12545285948417148	0.8745471405158285	0.8745471405158285	HG003	ultima	-1	-2	ont	sentdhiomr
HIOa-HG003-SR15x-ONT1bx-28-D0-PF-ILMN-NOVASEQ-ont-sentdhiomr-INS_gt50	INS_gt50	HIOa-HG003-SR15x-ONT1bx-28-D0-PF-ILMN-NOVASEQ	2799325643.0	2799325546.0	60.0	37.0	427.0	0.1319073083778966	0.38144329896907214	0.9999998474632807	0.9202586206896551	0.07974137931034486	0.07974137931034483	HG003	ultima	-1	-2	ont	sentdhiomr
HIOa-HG003-SR15x-ONT1bx-28-D0-PF-ILMN-NOVASEQ-ont-sentdhiomr-DEL_50	DEL_50	HIOa-HG003-SR15x-ONT1bx-28-D0-PF-ILMN-NOVASEQ	2799325643.0	2799148001.0	2235.0	175407.0	31366.0	0.9125918603592472	0.9874185158915122	0.9999887945730203	0.15169291928830167	0.8483070807116984	0.8483070807116984	HG003	ultima	-1	-2	ont	sentdhiomr
HIOa-HG003-SR15x-ONT1bx-28-D0-PF-ILMN-NOVASEQ-ont-sentdhiomr-DEL_gt50	DEL_gt50	HIOa-HG003-SR15x-ONT1bx-28-D0-PF-ILMN-NOVASEQ	2799325643.0	2799325554.0	34.0	55.0	1004.0	0.09581881533101046	0.6179775280898876	0.9999996413423089	0.9480642115203022	0.05193578847969782	0.05193578847969783	HG003	ultima	-1	-2	ont	sentdhiomr
HIOa-HG003-SR15x-ONT1bx-28-D0-PF-ILMN-NOVASEQ-ont-sentdhiomr-Indel_50	Indel_50	HIOa-HG003-SR15x-ONT1bx-28-D0-PF-ILMN-NOVASEQ	2799325643.0	2799308753.0	86.0	16804.0	2433.0	0.9302737564702301	0.9949082297217289	0.9999991308576152	0.12647502209284192	0.8735249779071581	0.8735249779071581	HG003	ultima	-1	-2	ont	sentdhiomr
HIOa-HG003-SR15x-ONT1bx-28-D0-PF-ILMN-NOVASEQ-ont-sentdhiomr-Indel_gt50	Indel_gt50	HIOa-HG003-SR15x-ONT1bx-28-D0-PF-ILMN-NOVASEQ	2799325643.0	2799324748.0	20.0	875.0	427.0	0.7965407373691397	0.9776536312849162	0.9999998474632372	0.3279569892473118	0.6720430107526882	0.6720430107526881	HG003	ultima	-1	-2	ont	sentdhiomr
HIOa-HG003-SR15x-ONT1bx-28-D0-PF-ILMN-NOVASEQ-ont-sentdhiomr-All	All	HIOa-HG003-SR15x-ONT1bx-28-D0-PF-ILMN-NOVASEQ	2799325643.0	2795652891.0	38860.0	3633892.0	229059.0	0.9644467145268332	0.9894193781665629	0.9999180727212034	0.05929637730325857	0.9407036226967415	0.9407036226967415	HG003	ultima	-1	-2	ont	sentdhiomr
HIOa-HG003-SR15x-ONT1bx-28-D0-PF-ILMN-NOVASEQ-ont-sentdhiomr-SNPts	SNPts	HIOa-HG003-SR15x-ONT1bx-28-D0-PF-ILMN-NOVASEQ	337668665.0	337403111.0	5575.0	259979.0	1295.0	0.9869596908288853	0.979006153174119	0.999996161875847	0.004956482466682487	0.9950435175333175	0.9950435175333175	HG003	giabHC_x_clinvar_genes	-1	-2	ont	sentdhiomr
HIOa-HG003-SR15x-ONT1bx-28-D0-PF-ILMN-NOVASEQ-ont-sentdhiomr-SNPtv	SNPtv	HIOa-HG003-SR15x-ONT1bx-28-D0-PF-ILMN-NOVASEQ	337668665.0	337548424.0	2698.0	117543.0	620.0	0.9860824482810692	0.9775617301918647	0.9999981632298742	0.005246989328300737	0.9947530106716993	0.9947530106716993	HG003	giabHC_x_clinvar_genes	-1	-2	ont	sentdhiomr
HIOa-HG003-SR15x-ONT1bx-28-D0-PF-ILMN-NOVASEQ-ont-sentdhiomr-INS_50	INS_50	HIOa-HG003-SR15x-ONT1bx-28-D0-PF-ILMN-NOVASEQ	337668665.0	337642326.0	537.0	25802.0	139.0	0.9870696250956389	0.9796119822316717	0.999999588321925	0.0053583130951004206	0.9946416869048996	0.9946416869048996	HG003	giabHC_x_clinvar_genes	-1	-2	ont	sentdhiomr
HIOa-HG003-SR15x-ONT1bx-28-D0-PF-ILMN-NOVASEQ-ont-sentdhiomr-INS_gt50	INS_gt50	HIOa-HG003-SR15x-ONT1bx-28-D0-PF-ILMN-NOVASEQ	337668665.0	337668665.0	0.0	0.0	0.0			1.0				HG003	giabHC_x_clinvar_genes	-1	-2	ont	sentdhiomr
HIOa-HG003-SR15x-ONT1bx-28-D0-PF-ILMN-NOVASEQ-ont-sentdhiomr-DEL_50	DEL_50	HIOa-HG003-SR15x-ONT1bx-28-D0-PF-ILMN-NOVASEQ	337668665.0	337640677.0	478.0	27510.0	94.0	0.9897107497481651	0.9829212519651279	0.9999997215976029	0.0034053035791914215	0.9965946964208086	0.9965946964208086	HG003	giabHC_x_clinvar_genes	-1	-2	ont	sentdhiomr
HIOa-HG003-SR15x-ONT1bx-28-D0-PF-ILMN-NOVASEQ-ont-sentdhiomr-DEL_gt50	DEL_gt50	HIOa-HG003-SR15x-ONT1bx-28-D0-PF-ILMN-NOVASEQ	337668665.0	337668665.0	0.0	0.0	2.0			0.9999999940770341	1.0	0.0	0.0	HG003	giabHC_x_clinvar_genes	-1	-2	ont	sentdhiomr
HIOa-HG003-SR15x-ONT1bx-28-D0-PF-ILMN-NOVASEQ-ont-sentdhiomr-Indel_50	Indel_50	HIOa-HG003-SR15x-ONT1bx-28-D0-PF-ILMN-NOVASEQ	337668665.0	337665570.0	28.0	3067.0	1.0	0.9952944994320948	0.9909531502423263	0.9999999970384899	0.0003259452411994785	0.9996740547588006	0.9996740547588006	HG003	giabHC_x_clinvar_genes	-1	-2	ont	sentdhiomr
HIOa-HG003-SR15x-ONT1bx-28-D0-PF-ILMN-NOVASEQ-ont-sentdhiomr-Indel_gt50	Indel_gt50	HIOa-HG003-SR15x-ONT1bx-28-D0-PF-ILMN-NOVASEQ	337668665.0	337668624.0	1.0	40.0	0.0	0.9876543209876543	0.975609756097561	1.0	0.0	1.0	1.0	HG003	giabHC_x_clinvar_genes	-1	-2	ont	sentdhiomr
HIOa-HG003-SR15x-ONT1bx-28-D0-PF-ILMN-NOVASEQ-ont-sentdhiomr-All	All	HIOa-HG003-SR15x-ONT1bx-28-D0-PF-ILMN-NOVASEQ	337668665.0	337225407.0	9317.0	433941.0	2151.0	0.9869585489281856	0.9789806388153175	0.999993621517729	0.004932445447290938	0.995067554552709	0.995067554552709	HG003	giabHC_x_clinvar_genes	-1	-2	ont	sentdhiomr
HIOa-HG003-SR15x-ONT2x-29-D0-PF-ILMN-NOVASEQ-ont-sentdhiomr-SNPts	SNPts	HIOa-HG003-SR15x-ONT2x-29-D0-PF-ILMN-NOVASEQ	2505355380.0	2503152273.0	15183.0	2187924.0	3937.0	0.9956495701447656	0.9931083692258251	0.9999984271856529	0.0017961905431046951	0.9982038094568954	0.9982038094568954	HG003	giabHC_x_ultima	-1	-2	ont	sentdhiomr
HIOa-HG003-SR15x-ONT2x-29-D0-PF-ILMN-NOVASEQ-ont-sentdhiomr-SNPtv	SNPtv	HIOa-HG003-SR15x-ONT2x-29-D0-PF-ILMN-NOVASEQ	2505355380.0	2504320928.0	7296.0	1027156.0	2013.0	0.995488997252887	0.9929469902905113	0.9999991961899294	0.0019559469824683797	0.9980440530175316	0.9980440530175316	HG003	giabHC_x_ultima	-1	-2	ont	sentdhiomr
HIOa-HG003-SR15x-ONT2x-29-D0-PF-ILMN-NOVASEQ-ont-sentdhiomr-INS_50	INS_50	HIOa-HG003-SR15x-ONT2x-29-D0-PF-ILMN-NOVASEQ	2505355380.0	2505201462.0	1404.0	152514.0	370.0	0.994217769114934	0.9908782598526488	0.999999852307309	0.002420135527589545	0.9975798644724104	0.9975798644724104	HG003	giabHC_x_ultima	-1	-2	ont	sentdhiomr
HIOa-HG003-SR15x-ONT2x-29-D0-PF-ILMN-NOVASEQ-ont-sentdhiomr-INS_gt50	INS_gt50	HIOa-HG003-SR15x-ONT2x-29-D0-PF-ILMN-NOVASEQ	2505355380.0	2505355380.0	0.0	0.0	2.0			0.99999999920171	1.0	0.0	0.0	HG003	giabHC_x_ultima	-1	-2	ont	sentdhiomr
HIOa-HG003-SR15x-ONT2x-29-D0-PF-ILMN-NOVASEQ-ont-sentdhiomr-DEL_50	DEL_50	HIOa-HG003-SR15x-ONT2x-29-D0-PF-ILMN-NOVASEQ	2505355380.0	2505189741.0	1464.0	164175.0	270.0	0.9947467917257425	0.9911615018202234	0.999999892223744	0.0016418863449785643	0.9983581136550215	0.9983581136550215	HG003	giabHC_x_ultima	-1	-2	ont	sentdhiomr
HIOa-HG003-SR15x-ONT2x-29-D0-PF-ILMN-NOVASEQ-ont-sentdhiomr-DEL_gt50	DEL_gt50	HIOa-HG003-SR15x-ONT2x-29-D0-PF-ILMN-NOVASEQ	2505355380.0	2505355380.0	0.0	0.0	9.0			0.9999999964076953	1.0	0.0	0.0	HG003	giabHC_x_ultima	-1	-2	ont	sentdhiomr
HIOa-HG003-SR15x-ONT2x-29-D0-PF-ILMN-NOVASEQ-ont-sentdhiomr-Indel_50	Indel_50	HIOa-HG003-SR15x-ONT2x-29-D0-PF-ILMN-NOVASEQ	2505355380.0	2505341920.0	58.0	13402.0	0.0	0.9978408160226342	0.9956909361069837	1.0	0.0	1.0	1.0	HG003	giabHC_x_ultima	-1	-2	ont	sentdhiomr
HIOa-HG003-SR15x-ONT2x-29-D0-PF-ILMN-NOVASEQ-ont-sentdhiomr-Indel_gt50	Indel_gt50	HIOa-HG003-SR15x-ONT2x-29-D0-PF-ILMN-NOVASEQ	2505355380.0	2505355040.0	1.0	339.0	0.0	0.9985272459499264	0.9970588235294118	1.0	0.0	1.0	1.0	HG003	giabHC_x_ultima	-1	-2	ont	sentdhiomr
HIOa-HG003-SR15x-ONT2x-29-D0-PF-ILMN-NOVASEQ-ont-sentdhiomr-All	All	HIOa-HG003-SR15x-ONT2x-29-D0-PF-ILMN-NOVASEQ	2505355380.0	2501784464.0	25406.0	3545510.0	6601.0	0.995506545180862	0.9928852988980978	0.9999973614902969	0.0018583315667781777	0.9981416684332218	0.9981416684332218	HG003	giabHC_x_ultima	-1	-2	ont	sentdhiomr
HIOa-HG003-SR15x-ONT2x-29-D0-PF-ILMN-NOVASEQ-ont-sentdhiomr-SNPts	SNPts	HIOa-HG003-SR15x-ONT2x-29-D0-PF-ILMN-NOVASEQ	377862616.0	377589386.0	4670.0	268560.0	35093.0	0.931072678515401	0.9829081726018373	0.9999070690541754	0.11556941640622684	0.8844305835937731	0.8844305835937731	HG003	clinvar_genes	-1	-2	ont	sentdhiomr
HIOa-HG003-SR15x-ONT2x-29-D0-PF-ILMN-NOVASEQ-ont-sentdhiomr-SNPtv	SNPtv	HIOa-HG003-SR15x-ONT2x-29-D0-PF-ILMN-NOVASEQ	377862616.0	377738285.0	2344.0	121987.0	21227.0	0.9118989328897942	0.9811470992753215	0.9999438081654447	0.14821874956359016	0.8517812504364098	0.8517812504364098	HG003	clinvar_genes	-1	-2	ont	sentdhiomr
HIOa-HG003-SR15x-ONT2x-29-D0-PF-ILMN-NOVASEQ-ont-sentdhiomr-INS_50	INS_50	HIOa-HG003-SR15x-ONT2x-29-D0-PF-ILMN-NOVASEQ	377862616.0	377833409.0	654.0	28553.0	17901.0	0.7547613697942136	0.9776081076454275	0.9999526242214166	0.3853489473457614	0.6146510526542386	0.6146510526542386	HG003	clinvar_genes	-1	-2	ont	sentdhiomr
HIOa-HG003-SR15x-ONT2x-29-D0-PF-ILMN-NOVASEQ-ont-sentdhiomr-INS_gt50	INS_gt50	HIOa-HG003-SR15x-ONT2x-29-D0-PF-ILMN-NOVASEQ	377862616.0	377862588.0	14.0	14.0	297.0	0.08259587020648967	0.5	0.9999992140006023	0.954983922829582	0.045016077170418	0.04501607717041801	HG003	clinvar_genes	-1	-2	ont	sentdhiomr
HIOa-HG003-SR15x-ONT2x-29-D0-PF-ILMN-NOVASEQ-ont-sentdhiomr-DEL_50	DEL_50	HIOa-HG003-SR15x-ONT2x-29-D0-PF-ILMN-NOVASEQ	377862616.0	377831748.0	625.0	30243.0	17487.0	0.7695615664520725	0.9797524944926785	0.9999537196363518	0.36637335009428035	0.6336266499057197	0.6336266499057197	HG003	clinvar_genes	-1	-2	ont	sentdhiomr
HIOa-HG003-SR15x-ONT2x-29-D0-PF-ILMN-NOVASEQ-ont-sentdhiomr-DEL_gt50	DEL_gt50	HIOa-HG003-SR15x-ONT2x-29-D0-PF-ILMN-NOVASEQ	377862616.0	377862599.0	5.0	12.0	374.0	0.059553349875930514	0.7058823529411765	0.9999990102232112	0.9689119170984456	0.031088082901554404	0.031088082901554404	HG003	clinvar_genes	-1	-2	ont	sentdhiomr
HIOa-HG003-SR15x-ONT2x-29-D0-PF-ILMN-NOVASEQ-ont-sentdhiomr-Indel_50	Indel_50	HIOa-HG003-SR15x-ONT2x-29-D0-PF-ILMN-NOVASEQ	377862616.0	377858634.0	98.0	3884.0	3845.0	0.6633080010246776	0.9753892516323456	0.9999898243402993	0.4974770345452193	0.5025229654547807	0.5025229654547807	HG003	clinvar_genes	-1	-2	ont	sentdhiomr
HIOa-HG003-SR15x-ONT2x-29-D0-PF-ILMN-NOVASEQ-ont-sentdhiomr-Indel_gt50	Indel_gt50	HIOa-HG003-SR15x-ONT2x-29-D0-PF-ILMN-NOVASEQ	377862616.0	377862459.0	10.0	147.0	196.0	0.588	0.9363057324840764	0.9999994812930111	0.5714285714285714	0.4285714285714286	0.42857142857142855	HG003	clinvar_genes	-1	-2	ont	sentdhiomr
HIOa-HG003-SR15x-ONT2x-29-D0-PF-ILMN-NOVASEQ-ont-sentdhiomr-All	All	HIOa-HG003-SR15x-ONT2x-29-D0-PF-ILMN-NOVASEQ	377862616.0	377400796.0	8420.0	453400.0	96420.0	0.8963662963109407	0.981767788315794	0.9997445808977834	0.1753664835764432	0.8246335164235568	0.8246335164235568	HG003	clinvar_genes	-1	-2	ont	sentdhiomr
HIOa-HG003-SR15x-ONT2x-29-D0-PF-ILMN-NOVASEQ-ont-sentdhiomr-SNPts	SNPts	HIOa-HG003-SR15x-ONT2x-29-D0-PF-ILMN-NOVASEQ	2528531102.0	2526276370.0	20599.0	2234133.0	6460.0	0.9939806354379273	0.9908641026960189	0.9999974428833054	0.002883165304899194	0.9971168346951008	0.9971168346951008	HG003	giabHC	-1	-2	ont	sentdhiomr
HIOa-HG003-SR15x-ONT2x-29-D0-PF-ILMN-NOVASEQ-ont-sentdhiomr-SNPtv	SNPtv	HIOa-HG003-SR15x-ONT2x-29-D0-PF-ILMN-NOVASEQ	2528531102.0	2527459441.0	10081.0	1061580.0	3363.0	0.9937077717724014	0.9905931073352487	0.9999986694166202	0.003157915494068697	0.9968420845059313	0.9968420845059313	HG003	giabHC	-1	-2	ont	sentdhiomr
HIOa-HG003-SR15x-ONT2x-29-D0-PF-ILMN-NOVASEQ-ont-sentdhiomr-INS_50	INS_50	HIOa-HG003-SR15x-ONT2x-29-D0-PF-ILMN-NOVASEQ	2528531102.0	2528301802.0	2750.0	226550.0	1089.0	0.9915984409297521	0.9880069777583951	0.9999995692762905	0.0047838902824208504	0.9952161097175791	0.9952161097175791	HG003	giabHC	-1	-2	ont	sentdhiomr
HIOa-HG003-SR15x-ONT2x-29-D0-PF-ILMN-NOVASEQ-ont-sentdhiomr-INS_gt50	INS_gt50	HIOa-HG003-SR15x-ONT2x-29-D0-PF-ILMN-NOVASEQ	2528531102.0	2528531101.0	0.0	1.0	2.0	0.5	1.0	0.9999999992090269	0.6666666666666666	0.33333333333333337	0.3333333333333333	HG003	giabHC	-1	-2	ont	sentdhiomr
HIOa-HG003-SR15x-ONT2x-29-D0-PF-ILMN-NOVASEQ-ont-sentdhiomr-DEL_50	DEL_50	HIOa-HG003-SR15x-ONT2x-29-D0-PF-ILMN-NOVASEQ	2528531102.0	2528287664.0	2685.0	240753.0	696.0	0.9930272413985114	0.988970497621571	0.9999997247149451	0.002882596324689686	0.9971174036753103	0.9971174036753103	HG003	giabHC	-1	-2	ont	sentdhiomr
HIOa-HG003-SR15x-ONT2x-29-D0-PF-ILMN-NOVASEQ-ont-sentdhiomr-DEL_gt50	DEL_gt50	HIOa-HG003-SR15x-ONT2x-29-D0-PF-ILMN-NOVASEQ	2528531102.0	2528531102.0	0.0	0.0	9.0			0.9999999964406212	1.0	0.0	0.0	HG003	giabHC	-1	-2	ont	sentdhiomr
HIOa-HG003-SR15x-ONT2x-29-D0-PF-ILMN-NOVASEQ-ont-sentdhiomr-Indel_50	Indel_50	HIOa-HG003-SR15x-ONT2x-29-D0-PF-ILMN-NOVASEQ	2528531102.0	2528499790.0	175.0	31137.0	11.0	0.9970220941402499	0.9944110884006132	0.9999999956495943	0.0003531526903814049	0.9996468473096186	0.9996468473096186	HG003	giabHC	-1	-2	ont	sentdhiomr
HIOa-HG003-SR15x-ONT2x-29-D0-PF-ILMN-NOVASEQ-ont-sentdhiomr-Indel_gt50	Indel_gt50	HIOa-HG003-SR15x-ONT2x-29-D0-PF-ILMN-NOVASEQ	2528531102.0	2528530667.0	8.0	427.0	0.0	0.9907192575406032	0.9816091954022989	1.0	0.0	1.0	1.0	HG003	giabHC	-1	-2	ont	sentdhiomr
HIOa-HG003-SR15x-ONT2x-29-D0-PF-ILMN-NOVASEQ-ont-sentdhiomr-All	All	HIOa-HG003-SR15x-ONT2x-29-D0-PF-ILMN-NOVASEQ	2528531102.0	2524700223.0	36298.0	3794581.0	11630.0	0.993724311223254	0.9905248899795582	0.9999953935337269	0.003055532128933472	0.9969444678710665	0.9969444678710665	HG003	giabHC	-1	-2	ont	sentdhiomr
HIOa-HG003-SR15x-ONT2x-29-D0-PF-ILMN-NOVASEQ-ont-sentdhiomr-SNPts	SNPts	HIOa-HG003-SR15x-ONT2x-29-D0-PF-ILMN-NOVASEQ	332544085.0	332287249.0	2965.0	253871.0	413.0	0.9933909845046173	0.9884556682085066	0.9999987571010085	0.001624168252819682	0.9983758317471804	0.9983758317471804	HG003	giabHC_x_ultima_x_clinvar	-1	-2	ont	sentdhiomr
HIOa-HG003-SR15x-ONT2x-29-D0-PF-ILMN-NOVASEQ-ont-sentdhiomr-SNPtv	SNPtv	HIOa-HG003-SR15x-ONT2x-29-D0-PF-ILMN-NOVASEQ	332544085.0	332429471.0	1421.0	113193.0	214.0	0.9928296077992816	0.9876018636466749	0.9999993562548423	0.0018870087384376625	0.9981129912615624	0.9981129912615624	HG003	giabHC_x_ultima_x_clinvar	-1	-2	ont	sentdhiomr
HIOa-HG003-SR15x-ONT2x-29-D0-PF-ILMN-NOVASEQ-ont-sentdhiomr-INS_50	INS_50	HIOa-HG003-SR15x-ONT2x-29-D0-PF-ILMN-NOVASEQ	332544085.0	332526562.0	220.0	17303.0	33.0	0.9927421899652887	0.9874450721908349	0.9999999007598174	0.0019035532994923859	0.9980964467005076	0.9980964467005076	HG003	giabHC_x_ultima_x_clinvar	-1	-2	ont	sentdhiomr
HIOa-HG003-SR15x-ONT2x-29-D0-PF-ILMN-NOVASEQ-ont-sentdhiomr-INS_gt50	INS_gt50	HIOa-HG003-SR15x-ONT2x-29-D0-PF-ILMN-NOVASEQ	332544085.0	332544085.0	0.0	0.0	0.0			1.0				HG003	giabHC_x_ultima_x_clinvar	-1	-2	ont	sentdhiomr
HIOa-HG003-SR15x-ONT2x-29-D0-PF-ILMN-NOVASEQ-ont-sentdhiomr-DEL_50	DEL_50	HIOa-HG003-SR15x-ONT2x-29-D0-PF-ILMN-NOVASEQ	332544085.0	332525123.0	230.0	18732.0	19.0	0.9933975021875746	0.9878704777977007	0.9999999428614634	0.0010132792917711055	0.9989867207082289	0.9989867207082289	HG003	giabHC_x_ultima_x_clinvar	-1	-2	ont	sentdhiomr
HIOa-HG003-SR15x-ONT2x-29-D0-PF-ILMN-NOVASEQ-ont-sentdhiomr-DEL_gt50	DEL_gt50	HIOa-HG003-SR15x-ONT2x-29-D0-PF-ILMN-NOVASEQ	332544085.0	332544085.0	0.0	0.0	3.0			0.9999999909786398	1.0	0.0	0.0	HG003	giabHC_x_ultima_x_clinvar	-1	-2	ont	sentdhiomr
HIOa-HG003-SR15x-ONT2x-29-D0-PF-ILMN-NOVASEQ-ont-sentdhiomr-Indel_50	Indel_50	HIOa-HG003-SR15x-ONT2x-29-D0-PF-ILMN-NOVASEQ	332544085.0	332542849.0	10.0	1226.0	0.0	0.9959382615759546	0.9919093851132686	1.0	0.0	1.0	1.0	HG003	giabHC_x_ultima_x_clinvar	-1	-2	ont	sentdhiomr
HIOa-HG003-SR15x-ONT2x-29-D0-PF-ILMN-NOVASEQ-ont-sentdhiomr-Indel_gt50	Indel_gt50	HIOa-HG003-SR15x-ONT2x-29-D0-PF-ILMN-NOVASEQ	332544085.0	332544058.0	0.0	27.0	0.0	1.0	1.0	1.0	0.0	1.0	1.0	HG003	giabHC_x_ultima_x_clinvar	-1	-2	ont	sentdhiomr
HIOa-HG003-SR15x-ONT2x-29-D0-PF-ILMN-NOVASEQ-ont-sentdhiomr-All	All	HIOa-HG003-SR15x-ONT2x-29-D0-PF-ILMN-NOVASEQ	332544085.0	332134887.0	4846.0	404352.0	682.0	0.9932107802198882	0.9881573223720546	0.9999979466216098	0.0016838092604571468	0.9983161907395428	0.9983161907395428	HG003	giabHC_x_ultima_x_clinvar	-1	-2	ont	sentdhiomr
HIOa-HG003-SR15x-ONT2x-29-D0-PF-ILMN-NOVASEQ-ont-sentdhiomr-SNPts	SNPts	HIOa-HG003-SR15x-ONT2x-29-D0-PF-ILMN-NOVASEQ	3088286401.0	3085963931.0	24554.0	2297916.0	333928.0	0.9276424546365046	0.9894276352331784	0.999891803054904	0.12687986066043427	0.8731201393395658	0.8731201393395657	HG003	hg38	-1	-2	ont	sentdhiomr
HIOa-HG003-SR15x-ONT2x-29-D0-PF-ILMN-NOVASEQ-ont-sentdhiomr-SNPtv	SNPtv	HIOa-HG003-SR15x-ONT2x-29-D0-PF-ILMN-NOVASEQ	3088286401.0	3087179757.0	12235.0	1094409.0	269325.0	0.8860255394113775	0.9889440506612786	0.9999127677921653	0.19749085965444874	0.8025091403455513	0.8025091403455512	HG003	hg38	-1	-2	ont	sentdhiomr
HIOa-HG003-SR15x-ONT2x-29-D0-PF-ILMN-NOVASEQ-ont-sentdhiomr-INS_50	INS_50	HIOa-HG003-SR15x-ONT2x-29-D0-PF-ILMN-NOVASEQ	3088286401.0	3088029698.0	4512.0	252191.0	164136.0	0.749419788122372	0.98242326735566	0.9999468504864581	0.3942477907990594	0.6057522092009406	0.6057522092009406	HG003	hg38	-1	-2	ont	sentdhiomr
HIOa-HG003-SR15x-ONT2x-29-D0-PF-ILMN-NOVASEQ-ont-sentdhiomr-INS_gt50	INS_gt50	HIOa-HG003-SR15x-ONT2x-29-D0-PF-ILMN-NOVASEQ	3088286401.0	3088286169.0	131.0	101.0	2272.0	0.07754318618042226	0.4353448275862069	0.9999992643174226	0.9574378423935946	0.04256215760640536	0.042562157606405394	HG003	hg38	-1	-2	ont	sentdhiomr
HIOa-HG003-SR15x-ONT2x-29-D0-PF-ILMN-NOVASEQ-ont-sentdhiomr-DEL_50	DEL_50	HIOa-HG003-SR15x-ONT2x-29-D0-PF-ILMN-NOVASEQ	3088286401.0	3088015697.0	4166.0	266538.0	166460.0	0.7575308866537256	0.9846104970742952	0.999946097739208	0.3844359558242763	0.6155640441757237	0.6155640441757236	HG003	hg38	-1	-2	ont	sentdhiomr
HIOa-HG003-SR15x-ONT2x-29-D0-PF-ILMN-NOVASEQ-ont-sentdhiomr-DEL_gt50	DEL_gt50	HIOa-HG003-SR15x-ONT2x-29-D0-PF-ILMN-NOVASEQ	3088286401.0	3088286264.0	50.0	87.0	2702.0	0.059466848940533154	0.635036496350365	0.9999991250818723	0.9688060236643958	0.031193976335604168	0.03119397633560416	HG003	hg38	-1	-2	ont	sentdhiomr
HIOa-HG003-SR15x-ONT2x-29-D0-PF-ILMN-NOVASEQ-ont-sentdhiomr-Indel_50	Indel_50	HIOa-HG003-SR15x-ONT2x-29-D0-PF-ILMN-NOVASEQ	3088286401.0	3088245940.0	555.0	39906.0	36363.0	0.6837316885119507	0.9862830874175131	0.9999882254935164	0.4767730008260237	0.5232269991739763	0.5232269991739763	HG003	hg38	-1	-2	ont	sentdhiomr
HIOa-HG003-SR15x-ONT2x-29-D0-PF-ILMN-NOVASEQ-ont-sentdhiomr-Indel_gt50	Indel_gt50	HIOa-HG003-SR15x-ONT2x-29-D0-PF-ILMN-NOVASEQ	3088286401.0	3088284957.0	69.0	1375.0	1718.0	0.6061273969583426	0.9522160664819944	0.9999994437044936	0.5554477853216941	0.44455221467830586	0.44455221467830586	HG003	hg38	-1	-2	ont	sentdhiomr
HIOa-HG003-SR15x-ONT2x-29-D0-PF-ILMN-NOVASEQ-ont-sentdhiomr-All	All	HIOa-HG003-SR15x-ONT2x-29-D0-PF-ILMN-NOVASEQ	3088286401.0	3084287606.0	46272.0	3952523.0	976904.0	0.8853998030066904	0.9884285140898695	0.9996833645877579	0.19817800324459617	0.8018219967554039	0.8018219967554038	HG003	hg38	-1	-2	ont	sentdhiomr
HIOa-HG003-SR15x-ONT2x-29-D0-PF-ILMN-NOVASEQ-ont-sentdhiomr-SNPts	SNPts	HIOa-HG003-SR15x-ONT2x-29-D0-PF-ILMN-NOVASEQ	688815815.0	688748049.0	3955.0	63811.0	327468.0	0.27801631648313346	0.9416373992857775	0.999524771970675	0.8369168802823561	0.1630831197176439	0.16308311971764394	HG003	hg38_m_giabHC	-1	-2	ont	sentdhiomr
HIOa-HG003-SR15x-ONT2x-29-D0-PF-ILMN-NOVASEQ-ont-sentdhiomr-SNPtv	SNPtv	HIOa-HG003-SR15x-ONT2x-29-D0-PF-ILMN-NOVASEQ	688815815.0	688780819.0	2154.0	32842.0	265962.0	0.19677651288196524	0.9384501085838381	0.999614014596202	0.8900884860979104	0.10991151390208964	0.10991151390208967	HG003	hg38_m_giabHC	-1	-2	ont	sentdhiomr
HIOa-HG003-SR15x-ONT2x-29-D0-PF-ILMN-NOVASEQ-ont-sentdhiomr-INS_50	INS_50	HIOa-HG003-SR15x-ONT2x-29-D0-PF-ILMN-NOVASEQ	688815815.0	688788492.0	1758.0	25565.0	163047.0	0.23678421747285058	0.9356586026424624	0.9997633403936703	0.8644571925434225	0.13554280745657754	0.1355428074565775	HG003	hg38_m_giabHC	-1	-2	ont	sentdhiomr
HIOa-HG003-SR15x-ONT2x-29-D0-PF-ILMN-NOVASEQ-ont-sentdhiomr-INS_gt50	INS_gt50	HIOa-HG003-SR15x-ONT2x-29-D0-PF-ILMN-NOVASEQ	688815815.0	688815584.0	131.0	100.0	2270.0	0.07689350249903883	0.4329004329004329	0.9999967044988936	0.9578059071729957	0.04219409282700426	0.04219409282700422	HG003	hg38_m_giabHC	-1	-2	ont	sentdhiomr
HIOa-HG003-SR15x-ONT2x-29-D0-PF-ILMN-NOVASEQ-ont-sentdhiomr-DEL_50	DEL_50	HIOa-HG003-SR15x-ONT2x-29-D0-PF-ILMN-NOVASEQ	688815815.0	688788353.0	1494.0	25968.0	165767.0	0.23693754932777358	0.9455975529823029	0.9997593932670001	0.8645630688189428	0.13543693118105715	0.13543693118105718	HG003	hg38_m_giabHC	-1	-2	ont	sentdhiomr
HIOa-HG003-SR15x-ONT2x-29-D0-PF-ILMN-NOVASEQ-ont-sentdhiomr-DEL_gt50	DEL_gt50	HIOa-HG003-SR15x-ONT2x-29-D0-PF-ILMN-NOVASEQ	688815815.0	688815678.0	50.0	87.0	2693.0	0.05965032567706548	0.635036496350365	0.9999960904062473	0.968705035971223	0.03129496402877696	0.031294964028776975	HG003	hg38_m_giabHC	-1	-2	ont	sentdhiomr
HIOa-HG003-SR15x-ONT2x-29-D0-PF-ILMN-NOVASEQ-ont-sentdhiomr-Indel_50	Indel_50	HIOa-HG003-SR15x-ONT2x-29-D0-PF-ILMN-NOVASEQ	688815815.0	688806666.0	380.0	8769.0	36352.0	0.3231619679380874	0.9584654060553066	0.9999472274537883	0.8056559030163338	0.19434409698366617	0.19434409698366614	HG003	hg38_m_giabHC	-1	-2	ont	sentdhiomr
HIOa-HG003-SR15x-ONT2x-29-D0-PF-ILMN-NOVASEQ-ont-sentdhiomr-Indel_gt50	Indel_gt50	HIOa-HG003-SR15x-ONT2x-29-D0-PF-ILMN-NOVASEQ	688815815.0	688814804.0	63.0	948.0	1718.0	0.5156377481642644	0.9376854599406528	0.9999975058670268	0.6444111027756939	0.3555888972243061	0.3555888972243061	HG003	hg38_m_giabHC	-1	-2	ont	sentdhiomr
HIOa-HG003-SR15x-ONT2x-29-D0-PF-ILMN-NOVASEQ-ont-sentdhiomr-All	All	HIOa-HG003-SR15x-ONT2x-29-D0-PF-ILMN-NOVASEQ	688815815.0	688647740.0	9985.0	158090.0	965277.0	0.24482710024917884	0.94059199762011	0.9986002627905731	0.8592712800002137	0.1407287199997863	0.14072871999978637	HG003	hg38_m_giabHC	-1	-2	ont	sentdhiomr
HIOa-HG003-SR15x-ONT2x-29-D0-PF-ILMN-NOVASEQ-ont-sentdhiomr-SNPts	SNPts	HIOa-HG003-SR15x-ONT2x-29-D0-PF-ILMN-NOVASEQ	2799325643.0	2797071502.0	16687.0	2237454.0	109989.0	0.9724712186064625	0.9925971800344344	0.9999606786329904	0.04685481181012702	0.9531451881898729	0.9531451881898729	HG003	ultima	-1	-2	ont	sentdhiomr
HIOa-HG003-SR15x-ONT2x-29-D0-PF-ILMN-NOVASEQ-ont-sentdhiomr-SNPtv	SNPtv	HIOa-HG003-SR15x-ONT2x-29-D0-PF-ILMN-NOVASEQ	2799325643.0	2798266897.0	8083.0	1050663.0	63644.0	0.966992521581388	0.9923654965402466	0.9999772564394851	0.05711531920736386	0.9428846807926361	0.9428846807926361	HG003	ultima	-1	-2	ont	sentdhiomr
HIOa-HG003-SR15x-ONT2x-29-D0-PF-ILMN-NOVASEQ-ont-sentdhiomr-INS_50	INS_50	HIOa-HG003-SR15x-ONT2x-29-D0-PF-ILMN-NOVASEQ	2799325643.0	2799161299.0	1718.0	162626.0	23504.0	0.9280346045641047	0.989546317480407	0.9999916032696466	0.12627733304679525	0.8737226669532048	0.8737226669532048	HG003	ultima	-1	-2	ont	sentdhiomr
HIOa-HG003-SR15x-ONT2x-29-D0-PF-ILMN-NOVASEQ-ont-sentdhiomr-INS_gt50	INS_gt50	HIOa-HG003-SR15x-ONT2x-29-D0-PF-ILMN-NOVASEQ	2799325643.0	2799325545.0	54.0	44.0	464.0	0.1452145214521452	0.4489795918367347	0.9999998342458154	0.9133858267716536	0.08661417322834641	0.08661417322834646	HG003	ultima	-1	-2	ont	sentdhiomr
HIOa-HG003-SR15x-ONT2x-29-D0-PF-ILMN-NOVASEQ-ont-sentdhiomr-DEL_50	DEL_50	HIOa-HG003-SR15x-ONT2x-29-D0-PF-ILMN-NOVASEQ	2799325643.0	2799148002.0	1878.0	175763.0	31660.0	0.9129027901855277	0.9894281162569452	0.9999886895434296	0.15263495369365981	0.8473650463063402	0.8473650463063401	HG003	ultima	-1	-2	ont	sentdhiomr
HIOa-HG003-SR15x-ONT2x-29-D0-PF-ILMN-NOVASEQ-ont-sentdhiomr-DEL_gt50	DEL_gt50	HIOa-HG003-SR15x-ONT2x-29-D0-PF-ILMN-NOVASEQ	2799325643.0	2799325555.0	28.0	60.0	1229.0	0.08714596949891067	0.6818181818181818	0.9999995609658697	0.9534522885958107	0.04654771140418934	0.04654771140418929	HG003	ultima	-1	-2	ont	sentdhiomr
HIOa-HG003-SR15x-ONT2x-29-D0-PF-ILMN-NOVASEQ-ont-sentdhiomr-Indel_50	Indel_50	HIOa-HG003-SR15x-ONT2x-29-D0-PF-ILMN-NOVASEQ	2799325643.0	2799308735.0	81.0	16827.0	2430.0	0.930568228950643	0.9952093683463449	0.9999991319293009	0.12618787973204548	0.8738121202679545	0.8738121202679545	HG003	ultima	-1	-2	ont	sentdhiomr
HIOa-HG003-SR15x-ONT2x-29-D0-PF-ILMN-NOVASEQ-ont-sentdhiomr-Indel_gt50	Indel_gt50	HIOa-HG003-SR15x-ONT2x-29-D0-PF-ILMN-NOVASEQ	2799325643.0	2799324752.0	18.0	873.0	440.0	0.7921960072595281	0.9797979797979798	0.9999998428192618	0.3351104341203351	0.664889565879665	0.6648895658796649	HG003	ultima	-1	-2	ont	sentdhiomr
HIOa-HG003-SR15x-ONT2x-29-D0-PF-ILMN-NOVASEQ-ont-sentdhiomr-All	All	HIOa-HG003-SR15x-ONT2x-29-D0-PF-ILMN-NOVASEQ	2799325643.0	2795652786.0	28547.0	3644310.0	233360.0	0.9653127523416577	0.9922275765160473	0.9999165345125609	0.0601804691992872	0.9398195308007128	0.9398195308007128	HG003	ultima	-1	-2	ont	sentdhiomr
HIOa-HG003-SR15x-ONT2x-29-D0-PF-ILMN-NOVASEQ-ont-sentdhiomr-SNPts	SNPts	HIOa-HG003-SR15x-ONT2x-29-D0-PF-ILMN-NOVASEQ	337668665.0	337403121.0	3931.0	261613.0	986.0	0.9906900214525232	0.985196426957491	0.9999970776882097	0.003754774389849162	0.9962452256101508	0.9962452256101508	HG003	giabHC_x_clinvar_genes	-1	-2	ont	sentdhiomr
HIOa-HG003-SR15x-ONT2x-29-D0-PF-ILMN-NOVASEQ-ont-sentdhiomr-SNPtv	SNPtv	HIOa-HG003-SR15x-ONT2x-29-D0-PF-ILMN-NOVASEQ	337668665.0	337548413.0	1930.0	118322.0	464.0	0.9899848559643236	0.9839503708878022	0.9999986253842581	0.0039061842304648695	0.9960938157695352	0.9960938157695352	HG003	giabHC_x_clinvar_genes	-1	-2	ont	sentdhiomr
HIOa-HG003-SR15x-ONT2x-29-D0-PF-ILMN-NOVASEQ-ont-sentdhiomr-INS_50	INS_50	HIOa-HG003-SR15x-ONT2x-29-D0-PF-ILMN-NOVASEQ	337668665.0	337642319.0	433.0	25913.0	124.0	0.9893667792986274	0.9835648675320732	0.9999996327475927	0.004762453431654953	0.9952375465683451	0.9952375465683451	HG003	giabHC_x_clinvar_genes	-1	-2	ont	sentdhiomr
HIOa-HG003-SR15x-ONT2x-29-D0-PF-ILMN-NOVASEQ-ont-sentdhiomr-INS_gt50	INS_gt50	HIOa-HG003-SR15x-ONT2x-29-D0-PF-ILMN-NOVASEQ	337668665.0	337668665.0	0.0	0.0	0.0			1.0				HG003	giabHC_x_clinvar_genes	-1	-2	ont	sentdhiomr
HIOa-HG003-SR15x-ONT2x-29-D0-PF-ILMN-NOVASEQ-ont-sentdhiomr-DEL_50	DEL_50	HIOa-HG003-SR15x-ONT2x-29-D0-PF-ILMN-NOVASEQ	337668665.0	337640671.0	399.0	27595.0	75.0	0.9914846220178212	0.9857469457740945	0.9999997778704114	0.0027105168052041924	0.9972894831947958	0.9972894831947958	HG003	giabHC_x_clinvar_genes	-1	-2	ont	sentdhiomr
HIOa-HG003-SR15x-ONT2x-29-D0-PF-ILMN-NOVASEQ-ont-sentdhiomr-DEL_gt50	DEL_gt50	HIOa-HG003-SR15x-ONT2x-29-D0-PF-ILMN-NOVASEQ	337668665.0	337668665.0	0.0	0.0	3.0			0.9999999911155512	1.0	0.0	0.0	HG003	giabHC_x_clinvar_genes	-1	-2	ont	sentdhiomr
HIOa-HG003-SR15x-ONT2x-29-D0-PF-ILMN-NOVASEQ-ont-sentdhiomr-Indel_50	Indel_50	HIOa-HG003-SR15x-ONT2x-29-D0-PF-ILMN-NOVASEQ	337668665.0	337665570.0	29.0	3066.0	1.0	0.9951314508276533	0.9906300484652666	0.9999999970384899	0.00032605151613955004	0.9996739484838605	0.9996739484838605	HG003	giabHC_x_clinvar_genes	-1	-2	ont	sentdhiomr
HIOa-HG003-SR15x-ONT2x-29-D0-PF-ILMN-NOVASEQ-ont-sentdhiomr-Indel_gt50	Indel_gt50	HIOa-HG003-SR15x-ONT2x-29-D0-PF-ILMN-NOVASEQ	337668665.0	337668624.0	1.0	40.0	0.0	0.9876543209876543	0.975609756097561	1.0	0.0	1.0	1.0	HG003	giabHC_x_clinvar_genes	-1	-2	ont	sentdhiomr
HIOa-HG003-SR15x-ONT2x-29-D0-PF-ILMN-NOVASEQ-ont-sentdhiomr-All	All	HIOa-HG003-SR15x-ONT2x-29-D0-PF-ILMN-NOVASEQ	337668665.0	337225393.0	6723.0	436549.0	1653.0	0.99049773447657	0.9848332400873504	0.9999950982579257	0.0037722328971570187	0.996227767102843	0.996227767102843	HG003	giabHC_x_clinvar_genes	-1	-2	ont	sentdhiomr
HIOa-HG003-SR15x-ONT3x-30-D0-PF-ILMN-NOVASEQ-ont-sentdhiomr-SNPts	SNPts	HIOa-HG003-SR15x-ONT3x-30-D0-PF-ILMN-NOVASEQ	377862616.0	377589391.0	3481.0	269744.0	36257.0	0.9313946542454931	0.9872595845914539	0.9999039869241085	0.1184865408936572	0.8815134591063428	0.8815134591063428	HG003	clinvar_genes	-1	-2	ont	sentdhiomr
HIOa-HG003-SR15x-ONT3x-30-D0-PF-ILMN-NOVASEQ-ont-sentdhiomr-SNPtv	SNPtv	HIOa-HG003-SR15x-ONT3x-30-D0-PF-ILMN-NOVASEQ	377862616.0	377738295.0	1724.0	122597.0	21980.0	0.9118476150808112	0.9861326726779869	0.9999418149512942	0.1520297142699046	0.8479702857300954	0.8479702857300954	HG003	clinvar_genes	-1	-2	ont	sentdhiomr
HIOa-HG003-SR15x-ONT3x-30-D0-PF-ILMN-NOVASEQ-ont-sentdhiomr-INS_50	INS_50	HIOa-HG003-SR15x-ONT3x-30-D0-PF-ILMN-NOVASEQ	377862616.0	377833398.0	587.0	28631.0	18045.0	0.75449969694574	0.9799096447395441	0.9999522431359353	0.38660125117833577	0.6133987488216642	0.6133987488216642	HG003	clinvar_genes	-1	-2	ont	sentdhiomr
HIOa-HG003-SR15x-ONT3x-30-D0-PF-ILMN-NOVASEQ-ont-sentdhiomr-INS_gt50	INS_gt50	HIOa-HG003-SR15x-ONT3x-30-D0-PF-ILMN-NOVASEQ	377862616.0	377862588.0	13.0	15.0	332.0	0.08	0.5357142857142857	0.9999991213744921	0.9567723342939481	0.043227665706051854	0.043227665706051875	HG003	clinvar_genes	-1	-2	ont	sentdhiomr
HIOa-HG003-SR15x-ONT3x-30-D0-PF-ILMN-NOVASEQ-ont-sentdhiomr-DEL_50	DEL_50	HIOa-HG003-SR15x-ONT3x-30-D0-PF-ILMN-NOVASEQ	377862616.0	377831750.0	545.0	30321.0	17691.0	0.7688075255457796	0.9823430311669799	0.9999531797640002	0.3684703824043989	0.6315296175956011	0.6315296175956011	HG003	clinvar_genes	-1	-2	ont	sentdhiomr
HIOa-HG003-SR15x-ONT3x-30-D0-PF-ILMN-NOVASEQ-ont-sentdhiomr-DEL_gt50	DEL_gt50	HIOa-HG003-SR15x-ONT3x-30-D0-PF-ILMN-NOVASEQ	377862616.0	377862599.0	7.0	10.0	386.0	0.04842615012106537	0.5882352941176471	0.9999989784656996	0.9747474747474747	0.025252525252525304	0.025252525252525252	HG003	clinvar_genes	-1	-2	ont	sentdhiomr
HIOa-HG003-SR15x-ONT3x-30-D0-PF-ILMN-NOVASEQ-ont-sentdhiomr-Indel_50	Indel_50	HIOa-HG003-SR15x-ONT3x-30-D0-PF-ILMN-NOVASEQ	377862616.0	377858645.0	86.0	3885.0	3868.0	0.6627430910951893	0.9783429866532359	0.9999897634725147	0.4989036501999226	0.5010963498000773	0.5010963498000773	HG003	clinvar_genes	-1	-2	ont	sentdhiomr
HIOa-HG003-SR15x-ONT3x-30-D0-PF-ILMN-NOVASEQ-ont-sentdhiomr-Indel_gt50	Indel_gt50	HIOa-HG003-SR15x-ONT3x-30-D0-PF-ILMN-NOVASEQ	377862616.0	377862458.0	11.0	147.0	204.0	0.5776031434184676	0.930379746835443	0.9999994601213072	0.5811965811965812	0.41880341880341876	0.4188034188034188	HG003	clinvar_genes	-1	-2	ont	sentdhiomr
HIOa-HG003-SR15x-ONT3x-30-D0-PF-ILMN-NOVASEQ-ont-sentdhiomr-All	All	HIOa-HG003-SR15x-ONT3x-30-D0-PF-ILMN-NOVASEQ	377862616.0	377400812.0	6454.0	455350.0	98763.0	0.8964314998174062	0.9860243739768386	0.9997383758643966	0.17823620813805127	0.8217637918619487	0.8217637918619487	HG003	clinvar_genes	-1	-2	ont	sentdhiomr
HIOa-HG003-SR15x-ONT3x-30-D0-PF-ILMN-NOVASEQ-ont-sentdhiomr-SNPts	SNPts	HIOa-HG003-SR15x-ONT3x-30-D0-PF-ILMN-NOVASEQ	2528531102.0	2526276383.0	15007.0	2239712.0	5512.0	0.9954401644643055	0.9933441816918206	0.9999978181373935	0.0024549889008847223	0.9975450110991153	0.9975450110991153	HG003	giabHC	-1	-2	ont	sentdhiomr
HIOa-HG003-SR15x-ONT3x-30-D0-PF-ILMN-NOVASEQ-ont-sentdhiomr-SNPtv	SNPtv	HIOa-HG003-SR15x-ONT3x-30-D0-PF-ILMN-NOVASEQ	2528531102.0	2527459453.0	7309.0	1064340.0	2932.0	0.9952120718811027	0.9931796698359258	0.999998839943171	0.0027471909691250216	0.997252809030875	0.997252809030875	HG003	giabHC	-1	-2	ont	sentdhiomr
HIOa-HG003-SR15x-ONT3x-30-D0-PF-ILMN-NOVASEQ-ont-sentdhiomr-INS_50	INS_50	HIOa-HG003-SR15x-ONT3x-30-D0-PF-ILMN-NOVASEQ	2528531102.0	2528301778.0	2395.0	226929.0	1037.0	0.9924949156990093	0.9895562610106226	0.9999995898434342	0.004548923962345262	0.9954510760376547	0.9954510760376547	HG003	giabHC	-1	-2	ont	sentdhiomr
HIOa-HG003-SR15x-ONT3x-30-D0-PF-ILMN-NOVASEQ-ont-sentdhiomr-INS_gt50	INS_gt50	HIOa-HG003-SR15x-ONT3x-30-D0-PF-ILMN-NOVASEQ	2528531102.0	2528531101.0	0.0	1.0	2.0	0.5	1.0	0.9999999992090269	0.6666666666666666	0.33333333333333337	0.3333333333333333	HG003	giabHC	-1	-2	ont	sentdhiomr
HIOa-HG003-SR15x-ONT3x-30-D0-PF-ILMN-NOVASEQ-ont-sentdhiomr-DEL_50	DEL_50	HIOa-HG003-SR15x-ONT3x-30-D0-PF-ILMN-NOVASEQ	2528531102.0	2528287668.0	2348.0	241086.0	647.0	0.9938268678619938	0.9903546751891683	0.9999997440956413	0.002676506724361175	0.9973234932756389	0.9973234932756389	HG003	giabHC	-1	-2	ont	sentdhiomr
HIOa-HG003-SR15x-ONT3x-30-D0-PF-ILMN-NOVASEQ-ont-sentdhiomr-DEL_gt50	DEL_gt50	HIOa-HG003-SR15x-ONT3x-30-D0-PF-ILMN-NOVASEQ	2528531102.0	2528531102.0	0.0	0.0	7.0			0.9999999972315943	1.0	0.0	0.0	HG003	giabHC	-1	-2	ont	sentdhiomr
HIOa-HG003-SR15x-ONT3x-30-D0-PF-ILMN-NOVASEQ-ont-sentdhiomr-Indel_50	Indel_50	HIOa-HG003-SR15x-ONT3x-30-D0-PF-ILMN-NOVASEQ	2528531102.0	2528499795.0	156.0	31151.0	11.0	0.9973266740303189	0.9950170888299741	0.9999999956495943	0.0003529940311918362	0.9996470059688082	0.9996470059688082	HG003	giabHC	-1	-2	ont	sentdhiomr
HIOa-HG003-SR15x-ONT3x-30-D0-PF-ILMN-NOVASEQ-ont-sentdhiomr-Indel_gt50	Indel_gt50	HIOa-HG003-SR15x-ONT3x-30-D0-PF-ILMN-NOVASEQ	2528531102.0	2528530661.0	7.0	434.0	0.0	0.9919999999999999	0.9841269841269841	1.0	0.0	1.0	1.0	HG003	giabHC	-1	-2	ont	sentdhiomr
HIOa-HG003-SR15x-ONT3x-30-D0-PF-ILMN-NOVASEQ-ont-sentdhiomr-All	All	HIOa-HG003-SR15x-ONT3x-30-D0-PF-ILMN-NOVASEQ	2528531102.0	2524700227.0	27222.0	3803653.0	10148.0	0.9951116306302583	0.9928940516200607	0.9999959805290538	0.0026608624833859974	0.997339137516614	0.997339137516614	HG003	giabHC	-1	-2	ont	sentdhiomr
HIOa-HG003-SR15x-ONT3x-30-D0-PF-ILMN-NOVASEQ-ont-sentdhiomr-SNPts	SNPts	HIOa-HG003-SR15x-ONT3x-30-D0-PF-ILMN-NOVASEQ	3088286401.0	3085963960.0	18024.0	2304417.0	348178.0	0.9263920904290944	0.9922392000485696	0.9998871863944955	0.13125938939038942	0.8687406106096106	0.8687406106096106	HG003	hg38	-1	-2	ont	sentdhiomr
HIOa-HG003-SR15x-ONT3x-30-D0-PF-ILMN-NOVASEQ-ont-sentdhiomr-SNPtv	SNPtv	HIOa-HG003-SR15x-ONT3x-30-D0-PF-ILMN-NOVASEQ	3088286401.0	3087179784.0	8921.0	1097696.0	285157.0	0.8818712416699137	0.9919384936251657	0.9999076404087336	0.20620919215563766	0.7937908078443623	0.7937908078443623	HG003	hg38	-1	-2	ont	sentdhiomr
HIOa-HG003-SR15x-ONT3x-30-D0-PF-ILMN-NOVASEQ-ont-sentdhiomr-INS_50	INS_50	HIOa-HG003-SR15x-ONT3x-30-D0-PF-ILMN-NOVASEQ	3088286401.0	3088029651.0	4021.0	252729.0	166054.0	0.7482358374794421	0.9843388510223954	0.9999462294440307	0.39651561787369594	0.6034843821263041	0.6034843821263041	HG003	hg38	-1	-2	ont	sentdhiomr
HIOa-HG003-SR15x-ONT3x-30-D0-PF-ILMN-NOVASEQ-ont-sentdhiomr-INS_gt50	INS_gt50	HIOa-HG003-SR15x-ONT3x-30-D0-PF-ILMN-NOVASEQ	3088286401.0	3088286171.0	129.0	101.0	2500.0	0.07135287884139879	0.4391304347826087	0.999999190490182	0.9611687812379854	0.03883121876201456	0.03883121876201461	HG003	hg38	-1	-2	ont	sentdhiomr
HIOa-HG003-SR15x-ONT3x-30-D0-PF-ILMN-NOVASEQ-ont-sentdhiomr-DEL_50	DEL_50	HIOa-HG003-SR15x-ONT3x-30-D0-PF-ILMN-NOVASEQ	3088286401.0	3088015688.0	3679.0	267034.0	168759.0	0.7559284705296204	0.9864099618415074	0.999945353328826	0.38724577953294337	0.6127542204670566	0.6127542204670566	HG003	hg38	-1	-2	ont	sentdhiomr
HIOa-HG003-SR15x-ONT3x-30-D0-PF-ILMN-NOVASEQ-ont-sentdhiomr-DEL_gt50	DEL_gt50	HIOa-HG003-SR15x-ONT3x-30-D0-PF-ILMN-NOVASEQ	3088286401.0	3088286264.0	49.0	88.0	2892.0	0.05646454924606993	0.6423357664233577	0.9999990635591895	0.9704697986577181	0.029530201342281903	0.02953020134228188	HG003	hg38	-1	-2	ont	sentdhiomr
HIOa-HG003-SR15x-ONT3x-30-D0-PF-ILMN-NOVASEQ-ont-sentdhiomr-Indel_50	Indel_50	HIOa-HG003-SR15x-ONT3x-30-D0-PF-ILMN-NOVASEQ	3088286401.0	3088245975.0	513.0	39913.0	36544.0	0.6829564607342385	0.9873101469351407	0.9999881668857123	0.47796800816145024	0.5220319918385498	0.5220319918385498	HG003	hg38	-1	-2	ont	sentdhiomr
HIOa-HG003-SR15x-ONT3x-30-D0-PF-ILMN-NOVASEQ-ont-sentdhiomr-Indel_gt50	Indel_gt50	HIOa-HG003-SR15x-ONT3x-30-D0-PF-ILMN-NOVASEQ	3088286401.0	3088284940.0	68.0	1393.0	1744.0	0.6059156154849934	0.9534565366187543	0.9999994352855877	0.5559451705451068	0.44405482945489316	0.4440548294548932	HG003	hg38	-1	-2	ont	sentdhiomr
HIOa-HG003-SR15x-ONT3x-30-D0-PF-ILMN-NOVASEQ-ont-sentdhiomr-All	All	HIOa-HG003-SR15x-ONT3x-30-D0-PF-ILMN-NOVASEQ	3088286401.0	3084287626.0	35404.0	3963371.0	1011828.0	0.8833034283362088	0.9911462885508687	0.9996720486892485	0.20337437758771057	0.7966256224122894	0.7966256224122894	HG003	hg38	-1	-2	ont	sentdhiomr
HIOa-HG003-SR15x-ONT3x-30-D0-PF-ILMN-NOVASEQ-ont-sentdhiomr-SNPts	SNPts	HIOa-HG003-SR15x-ONT3x-30-D0-PF-ILMN-NOVASEQ	688815815.0	688748067.0	3017.0	64731.0	342666.0	0.2724684043818203	0.9554673200684891	0.9995027273135597	0.8411107592839417	0.15888924071605826	0.15888924071605828	HG003	hg38_m_giabHC	-1	-2	ont	sentdhiomr
HIOa-HG003-SR15x-ONT3x-30-D0-PF-ILMN-NOVASEQ-ont-sentdhiomr-SNPtv	SNPtv	HIOa-HG003-SR15x-ONT3x-30-D0-PF-ILMN-NOVASEQ	688815815.0	688780834.0	1612.0	33369.0	282225.0	0.19036725379733296	0.9539178411137474	0.9995904221009764	0.8942660506853742	0.10573394931462576	0.10573394931462575	HG003	hg38_m_giabHC	-1	-2	ont	sentdhiomr
HIOa-HG003-SR15x-ONT3x-30-D0-PF-ILMN-NOVASEQ-ont-sentdhiomr-INS_50	INS_50	HIOa-HG003-SR15x-ONT3x-30-D0-PF-ILMN-NOVASEQ	688815815.0	688788466.0	1621.0	25728.0	165017.0	0.23593496382293871	0.9407290942996087	0.9997604816521408	0.8651183517261265	0.1348816482738735	0.1348816482738735	HG003	hg38_m_giabHC	-1	-2	ont	sentdhiomr
HIOa-HG003-SR15x-ONT3x-30-D0-PF-ILMN-NOVASEQ-ont-sentdhiomr-INS_gt50	INS_gt50	HIOa-HG003-SR15x-ONT3x-30-D0-PF-ILMN-NOVASEQ	688815815.0	688815586.0	129.0	100.0	2498.0	0.07074637424831977	0.4366812227074236	0.9999963734982312	0.9615088529638183	0.03849114703618173	0.03849114703618168	HG003	hg38_m_giabHC	-1	-2	ont	sentdhiomr
HIOa-HG003-SR15x-ONT3x-30-D0-PF-ILMN-NOVASEQ-ont-sentdhiomr-DEL_50	DEL_50	HIOa-HG003-SR15x-ONT3x-30-D0-PF-ILMN-NOVASEQ	688815815.0	688788340.0	1340.0	26135.0	168116.0	0.23574141056980236	0.9512283894449499	0.9997559845785087	0.8654575780819661	0.1345424219180339	0.1345424219180339	HG003	hg38_m_giabHC	-1	-2	ont	sentdhiomr
HIOa-HG003-SR15x-ONT3x-30-D0-PF-ILMN-NOVASEQ-ont-sentdhiomr-DEL_gt50	DEL_gt50	HIOa-HG003-SR15x-ONT3x-30-D0-PF-ILMN-NOVASEQ	688815815.0	688815678.0	49.0	88.0	2885.0	0.05659163987138264	0.6423357664233577	0.9999958116692044	0.9704002690884629	0.029599730911537114	0.029599730911537166	HG003	hg38_m_giabHC	-1	-2	ont	sentdhiomr
HIOa-HG003-SR15x-ONT3x-30-D0-PF-ILMN-NOVASEQ-ont-sentdhiomr-Indel_50	Indel_50	HIOa-HG003-SR15x-ONT3x-30-D0-PF-ILMN-NOVASEQ	688815815.0	688806696.0	357.0	8762.0	36533.0	0.3220494725622083	0.9608509705011514	0.9999469647106018	0.806557015123082	0.19344298487691802	0.193442984876918	HG003	hg38_m_giabHC	-1	-2	ont	sentdhiomr
HIOa-HG003-SR15x-ONT3x-30-D0-PF-ILMN-NOVASEQ-ont-sentdhiomr-Indel_gt50	Indel_gt50	HIOa-HG003-SR15x-ONT3x-30-D0-PF-ILMN-NOVASEQ	688815815.0	688814793.0	63.0	959.0	1744.0	0.5148993288590604	0.9383561643835616	0.9999974681211813	0.6452090270070292	0.3547909729929708	0.3547909729929708	HG003	hg38_m_giabHC	-1	-2	ont	sentdhiomr
HIOa-HG003-SR15x-ONT3x-30-D0-PF-ILMN-NOVASEQ-ont-sentdhiomr-All	All	HIOa-HG003-SR15x-ONT3x-30-D0-PF-ILMN-NOVASEQ	688815815.0	688647755.0	8188.0	159872.0	1001684.0	0.24047845392955558	0.9512793050101155	0.9985475461250973	0.8623639325181051	0.13763606748189494	0.13763606748189497	HG003	hg38_m_giabHC	-1	-2	ont	sentdhiomr
HIOa-HG003-SR15x-ONT5x-31-D0-PF-ILMN-NOVASEQ-ont-sentdhiomr-SNPts	SNPts	HIOa-HG003-SR15x-ONT5x-31-D0-PF-ILMN-NOVASEQ	2528531102.0	2526276389.0	10120.0	2244593.0	4260.0	0.996806974739573	0.9955116238740807	0.9999983137265444	0.0018942990048704828	0.9981057009951295	0.9981057009951295	HG003	giabHC	-1	-2	ont	sentdhiomr
HIOa-HG003-SR15x-ONT5x-31-D0-PF-ILMN-NOVASEQ-ont-sentdhiomr-SNPtv	SNPtv	HIOa-HG003-SR15x-ONT5x-31-D0-PF-ILMN-NOVASEQ	2528531102.0	2527459459.0	5009.0	1066634.0	2306.0	0.9965827066738362	0.9953258687827943	0.9999990876222019	0.002157277302748517	0.9978427226972515	0.9978427226972515	HG003	giabHC	-1	-2	ont	sentdhiomr
HIOa-HG003-SR15x-ONT5x-31-D0-PF-ILMN-NOVASEQ-ont-sentdhiomr-INS_50	INS_50	HIOa-HG003-SR15x-ONT5x-31-D0-PF-ILMN-NOVASEQ	2528531102.0	2528301785.0	2071.0	227246.0	979.0	0.9933339452990108	0.9909688335361094	0.9999996127837164	0.004289626465111184	0.9957103735348888	0.9957103735348888	HG003	giabHC	-1	-2	ont	sentdhiomr
HIOa-HG003-SR15x-ONT5x-31-D0-PF-ILMN-NOVASEQ-ont-sentdhiomr-INS_gt50	INS_gt50	HIOa-HG003-SR15x-ONT5x-31-D0-PF-ILMN-NOVASEQ	2528531102.0	2528531101.0	0.0	1.0	1.0	0.6666666666666666	1.0	0.9999999996045135	0.5	0.5	0.5	HG003	giabHC	-1	-2	ont	sentdhiomr
HIOa-HG003-SR15x-ONT5x-31-D0-PF-ILMN-NOVASEQ-ont-sentdhiomr-DEL_50	DEL_50	HIOa-HG003-SR15x-ONT5x-31-D0-PF-ILMN-NOVASEQ	2528531102.0	2528287670.0	2067.0	241365.0	602.0	0.9945014307816868	0.9915089224095436	0.9999997618942402	0.002487942570681126	0.9975120574293189	0.9975120574293189	HG003	giabHC	-1	-2	ont	sentdhiomr
HIOa-HG003-SR15x-ONT5x-31-D0-PF-ILMN-NOVASEQ-ont-sentdhiomr-DEL_gt50	DEL_gt50	HIOa-HG003-SR15x-ONT5x-31-D0-PF-ILMN-NOVASEQ	2528531102.0	2528531102.0	0.0	0.0	6.0			0.9999999976270808	1.0	0.0	0.0	HG003	giabHC	-1	-2	ont	sentdhiomr
HIOa-HG003-SR15x-ONT5x-31-D0-PF-ILMN-NOVASEQ-ont-sentdhiomr-Indel_50	Indel_50	HIOa-HG003-SR15x-ONT5x-31-D0-PF-ILMN-NOVASEQ	2528531102.0	2528499771.0	147.0	31184.0	11.0	0.9974730512106963	0.9953081612460503	0.9999999956495943	0.0003526206122776086	0.9996473793877224	0.9996473793877224	HG003	giabHC	-1	-2	ont	sentdhiomr
HIOa-HG003-SR15x-ONT5x-31-D0-PF-ILMN-NOVASEQ-ont-sentdhiomr-Indel_gt50	Indel_gt50	HIOa-HG003-SR15x-ONT5x-31-D0-PF-ILMN-NOVASEQ	2528531102.0	2528530663.0	7.0	432.0	0.0	0.9919632606199771	0.9840546697038725	1.0	0.0	1.0	1.0	HG003	giabHC	-1	-2	ont	sentdhiomr
HIOa-HG003-SR15x-ONT5x-31-D0-PF-ILMN-NOVASEQ-ont-sentdhiomr-All	All	HIOa-HG003-SR15x-ONT5x-31-D0-PF-ILMN-NOVASEQ	2528531102.0	2524700226.0	19421.0	3811455.0	8165.0	0.9963942207145785	0.9949304023413966	0.9999967659631389	0.0021376472005068567	0.9978623527994931	0.9978623527994931	HG003	giabHC	-1	-2	ont	sentdhiomr
HIOa-HG003-SR15x-ONT5x-31-D0-PF-ILMN-NOVASEQ-ont-sentdhiomr-SNPts	SNPts	HIOa-HG003-SR15x-ONT5x-31-D0-PF-ILMN-NOVASEQ	377862616.0	377589390.0	2324.0	270902.0	37177.0	0.9320477202157216	0.9914942209013784	0.9999015508884999	0.12067359346141736	0.8793264065385826	0.8793264065385826	HG003	clinvar_genes	-1	-2	ont	sentdhiomr
HIOa-HG003-SR15x-ONT5x-31-D0-PF-ILMN-NOVASEQ-ont-sentdhiomr-SNPtv	SNPtv	HIOa-HG003-SR15x-ONT5x-31-D0-PF-ILMN-NOVASEQ	377862616.0	377738287.0	1187.0	123142.0	22580.0	0.9119906980533308	0.9904527503639537	0.9999402267360848	0.1549525809417933	0.8450474190582067	0.8450474190582067	HG003	clinvar_genes	-1	-2	ont	sentdhiomr
HIOa-HG003-SR15x-ONT5x-31-D0-PF-ILMN-NOVASEQ-ont-sentdhiomr-INS_50	INS_50	HIOa-HG003-SR15x-ONT5x-31-D0-PF-ILMN-NOVASEQ	377862616.0	377833394.0	481.0	28741.0	18295.0	0.753783209630465	0.9835397987817398	0.9999515815317687	0.3889573943362531	0.6110426056637469	0.6110426056637469	HG003	clinvar_genes	-1	-2	ont	sentdhiomr
HIOa-HG003-SR15x-ONT5x-31-D0-PF-ILMN-NOVASEQ-ont-sentdhiomr-INS_gt50	INS_gt50	HIOa-HG003-SR15x-ONT5x-31-D0-PF-ILMN-NOVASEQ	377862616.0	377862588.0	13.0	15.0	351.0	0.07614213197969541	0.5357142857142857	0.9999990710917537	0.9590163934426229	0.040983606557377095	0.040983606557377046	HG003	clinvar_genes	-1	-2	ont	sentdhiomr
HIOa-HG003-SR15x-ONT5x-31-D0-PF-ILMN-NOVASEQ-ont-sentdhiomr-DEL_50	DEL_50	HIOa-HG003-SR15x-ONT5x-31-D0-PF-ILMN-NOVASEQ	377862616.0	377831745.0	478.0	30393.0	17804.0	0.7687813021702838	0.984516212626737	0.9999528807165521	0.3694005850986576	0.6305994149013424	0.6305994149013424	HG003	clinvar_genes	-1	-2	ont	sentdhiomr
HIOa-HG003-SR15x-ONT5x-31-D0-PF-ILMN-NOVASEQ-ont-sentdhiomr-DEL_gt50	DEL_gt50	HIOa-HG003-SR15x-ONT5x-31-D0-PF-ILMN-NOVASEQ	377862616.0	377862599.0	4.0	13.0	436.0	0.055793991416309	0.7647058823529411	0.9999988461427565	0.9710467706013363	0.028953229398663738	0.028953229398663696	HG003	clinvar_genes	-1	-2	ont	sentdhiomr
HIOa-HG003-SR15x-ONT5x-31-D0-PF-ILMN-NOVASEQ-ont-sentdhiomr-Indel_50	Indel_50	HIOa-HG003-SR15x-ONT5x-31-D0-PF-ILMN-NOVASEQ	377862616.0	377858642.0	88.0	3886.0	3866.0	0.6628006140201261	0.9778560644187216	0.9999897687653098	0.49871001031991746	0.5012899896800825	0.5012899896800825	HG003	clinvar_genes	-1	-2	ont	sentdhiomr
HIOa-HG003-SR15x-ONT5x-31-D0-PF-ILMN-NOVASEQ-ont-sentdhiomr-Indel_gt50	Indel_gt50	HIOa-HG003-SR15x-ONT5x-31-D0-PF-ILMN-NOVASEQ	377862616.0	377862458.0	10.0	148.0	212.0	0.5714285714285714	0.9367088607594937	0.9999994389496056	0.5888888888888889	0.4111111111111111	0.4111111111111111	HG003	clinvar_genes	-1	-2	ont	sentdhiomr
HIOa-HG003-SR15x-ONT5x-31-D0-PF-ILMN-NOVASEQ-ont-sentdhiomr-All	All	HIOa-HG003-SR15x-ONT5x-31-D0-PF-ILMN-NOVASEQ	377862616.0	377400791.0	4585.0	457240.0	100721.0	0.8967371585803297	0.9900719969685486	0.9997331904726252	0.18051620095311322	0.8194837990468868	0.8194837990468868	HG003	clinvar_genes	-1	-2	ont	sentdhiomr
HIOa-HG003-SR15x-ONT5x-31-D0-PF-ILMN-NOVASEQ-ont-sentdhiomr-SNPts	SNPts	HIOa-HG003-SR15x-ONT5x-31-D0-PF-ILMN-NOVASEQ	688815815.0	688748052.0	2464.0	65299.0	361264.0	0.26419407435578945	0.9636379735253752	0.9994757522622144	0.8469182746745498	0.15308172532545017	0.15308172532545017	HG003	hg38_m_giabHC	-1	-2	ont	sentdhiomr
HIOa-HG003-SR15x-ONT5x-31-D0-PF-ILMN-NOVASEQ-ont-sentdhiomr-SNPtv	SNPtv	HIOa-HG003-SR15x-ONT5x-31-D0-PF-ILMN-NOVASEQ	688815815.0	688780829.0	1407.0	33579.0	303429.0	0.18053516992209553	0.9597839135654261	0.999559663427981	0.9003614157527418	0.09963858424725824	0.09963858424725823	HG003	hg38_m_giabHC	-1	-2	ont	sentdhiomr
HIOa-HG003-SR15x-ONT5x-31-D0-PF-ILMN-NOVASEQ-ont-sentdhiomr-INS_50	INS_50	HIOa-HG003-SR15x-ONT5x-31-D0-PF-ILMN-NOVASEQ	688815815.0	688788461.0	1554.0	25800.0	167101.0	0.234273909786384	0.9431892958982233	0.9997574575063812	0.866252637363207	0.133747362636793	0.13374736263679296	HG003	hg38_m_giabHC	-1	-2	ont	sentdhiomr
HIOa-HG003-SR15x-ONT5x-31-D0-PF-ILMN-NOVASEQ-ont-sentdhiomr-INS_gt50	INS_gt50	HIOa-HG003-SR15x-ONT5x-31-D0-PF-ILMN-NOVASEQ	688815815.0	688815587.0	123.0	105.0	2644.0	0.0705408128988915	0.4605263157894737	0.9999961615417813	0.9618042924699891	0.03819570753001089	0.03819570753001091	HG003	hg38_m_giabHC	-1	-2	ont	sentdhiomr
HIOa-HG003-SR15x-ONT5x-31-D0-PF-ILMN-NOVASEQ-ont-sentdhiomr-DEL_50	DEL_50	HIOa-HG003-SR15x-ONT5x-31-D0-PF-ILMN-NOVASEQ	688815815.0	688788342.0	1261.0	26212.0	169963.0	0.2344040635284018	0.9541003894733011	0.9997533043744933	0.866384605581751	0.133615394418249	0.13361539441824902	HG003	hg38_m_giabHC	-1	-2	ont	sentdhiomr
HIOa-HG003-SR15x-ONT5x-31-D0-PF-ILMN-NOVASEQ-ont-sentdhiomr-DEL_gt50	DEL_gt50	HIOa-HG003-SR15x-ONT5x-31-D0-PF-ILMN-NOVASEQ	688815815.0	688815679.0	47.0	89.0	3136.0	0.0529604284439155	0.6544117647058824	0.9999954472788319	0.9724031007751938	0.027596899224806237	0.027596899224806203	HG003	hg38_m_giabHC	-1	-2	ont	sentdhiomr
HIOa-HG003-SR15x-ONT5x-31-D0-PF-ILMN-NOVASEQ-ont-sentdhiomr-Indel_50	Indel_50	HIOa-HG003-SR15x-ONT5x-31-D0-PF-ILMN-NOVASEQ	688815815.0	688806682.0	348.0	8785.0	36585.0	0.3223675760967286	0.9618964195773568	0.9999468892246572	0.8063698479171258	0.19363015208287415	0.19363015208287415	HG003	hg38_m_giabHC	-1	-2	ont	sentdhiomr
HIOa-HG003-SR15x-ONT5x-31-D0-PF-ILMN-NOVASEQ-ont-sentdhiomr-Indel_gt50	Indel_gt50	HIOa-HG003-SR15x-ONT5x-31-D0-PF-ILMN-NOVASEQ	688815815.0	688814806.0	60.0	949.0	1800.0	0.5050558807876531	0.9405351833498513	0.9999973868225819	0.65478355765733	0.34521644234267	0.34521644234267007	HG003	hg38_m_giabHC	-1	-2	ont	sentdhiomr
HIOa-HG003-SR15x-ONT5x-31-D0-PF-ILMN-NOVASEQ-ont-sentdhiomr-All	All	HIOa-HG003-SR15x-ONT5x-31-D0-PF-ILMN-NOVASEQ	688815815.0	688647733.0	7264.0	160818.0	1045922.0	0.23394737646037086	0.9567829987744078	0.9984834977204481	0.8667335134328853	0.1332664865671147	0.1332664865671147	HG003	hg38_m_giabHC	-1	-2	ont	sentdhiomr
HIOa-HG003-SR15x-ONT5x-31-D0-PF-ILMN-NOVASEQ-ont-sentdhiomr-SNPts	SNPts	HIOa-HG003-SR15x-ONT5x-31-D0-PF-ILMN-NOVASEQ	3088286401.0	3085963955.0	12584.0	2309862.0	365524.0	0.9243455962505341	0.9945815747707374	0.9998815667599694	0.13662477115451752	0.8633752288454825	0.8633752288454825	HG003	hg38	-1	-2	ont	sentdhiomr
HIOa-HG003-SR15x-ONT5x-31-D0-PF-ILMN-NOVASEQ-ont-sentdhiomr-SNPtv	SNPtv	HIOa-HG003-SR15x-ONT5x-31-D0-PF-ILMN-NOVASEQ	3088286401.0	3087179786.0	6416.0	1100199.0	305735.0	0.8757632189461777	0.9942021389552825	0.9999009760538404	0.21746042132845497	0.782539578671545	0.782539578671545	HG003	hg38	-1	-2	ont	sentdhiomr
HIOa-HG003-SR15x-ONT5x-31-D0-PF-ILMN-NOVASEQ-ont-sentdhiomr-INS_50	INS_50	HIOa-HG003-SR15x-ONT5x-31-D0-PF-ILMN-NOVASEQ	3088286401.0	3088029653.0	3628.0	253120.0	168080.0	0.746723937529132	0.9858694128094474	0.999945573433267	0.3990503323836657	0.6009496676163343	0.6009496676163343	HG003	hg38	-1	-2	ont	sentdhiomr
HIOa-HG003-SR15x-ONT5x-31-D0-PF-ILMN-NOVASEQ-ont-sentdhiomr-INS_gt50	INS_gt50	HIOa-HG003-SR15x-ONT5x-31-D0-PF-ILMN-NOVASEQ	3088286401.0	3088286172.0	123.0	106.0	2645.0	0.07114093959731543	0.462882096069869	0.999999143538653	0.9614685568884043	0.03853144311159573	0.03853144311159579	HG003	hg38	-1	-2	ont	sentdhiomr
HIOa-HG003-SR15x-ONT5x-31-D0-PF-ILMN-NOVASEQ-ont-sentdhiomr-DEL_50	DEL_50	HIOa-HG003-SR15x-ONT5x-31-D0-PF-ILMN-NOVASEQ	3088286401.0	3088015693.0	3319.0	267389.0	170563.0	0.7546326870431519	0.987739557013461	0.9999447691991801	0.3894559221101856	0.6105440778898144	0.6105440778898145	HG003	hg38	-1	-2	ont	sentdhiomr
HIOa-HG003-SR15x-ONT5x-31-D0-PF-ILMN-NOVASEQ-ont-sentdhiomr-DEL_gt50	DEL_gt50	HIOa-HG003-SR15x-ONT5x-31-D0-PF-ILMN-NOVASEQ	3088286401.0	3088286265.0	47.0	89.0	3142.0	0.05286605286605287	0.6544117647058824	0.9999989826083032	0.9724543484989168	0.027545651501083235	0.027545651501083256	HG003	hg38	-1	-2	ont	sentdhiomr
HIOa-HG003-SR15x-ONT5x-31-D0-PF-ILMN-NOVASEQ-ont-sentdhiomr-Indel_50	Indel_50	HIOa-HG003-SR15x-ONT5x-31-D0-PF-ILMN-NOVASEQ	3088286401.0	3088245937.0	495.0	39969.0	36596.0	0.6830614633979613	0.9877669039145908	0.9999881500479283	0.47797296414810947	0.5220270358518906	0.5220270358518906	HG003	hg38	-1	-2	ont	sentdhiomr
HIOa-HG003-SR15x-ONT5x-31-D0-PF-ILMN-NOVASEQ-ont-sentdhiomr-Indel_gt50	Indel_gt50	HIOa-HG003-SR15x-ONT5x-31-D0-PF-ILMN-NOVASEQ	3088286401.0	3088284955.0	65.0	1381.0	1800.0	0.5969310568402854	0.9550484094052559	0.9999994171525695	0.565859792518076	0.43414020748192395	0.43414020748192395	HG003	hg38	-1	-2	ont	sentdhiomr
HIOa-HG003-SR15x-ONT5x-31-D0-PF-ILMN-NOVASEQ-ont-sentdhiomr-All	All	HIOa-HG003-SR15x-ONT5x-31-D0-PF-ILMN-NOVASEQ	3088286401.0	3084287609.0	26677.0	3972115.0	1054085.0	0.8802478716878641	0.993328735278054	0.9996583571271701	0.2097180772750786	0.7902819227249214	0.7902819227249214	HG003	hg38	-1	-2	ont	sentdhiomr
HIOa-HG003-SR15x-ONT7x-32-D0-PF-ILMN-NOVASEQ-ont-sentdhiomr-SNPts	SNPts	HIOa-HG003-SR15x-ONT7x-32-D0-PF-ILMN-NOVASEQ	688815815.0	688748070.0	1973.0	65772.0	381585.0	0.25537466365884814	0.9708760794154551	0.9994462798150806	0.8529764818701843	0.14702351812981573	0.1470235181298158	HG003	hg38_m_giabHC	-1	-2	ont	sentdhiomr
HIOa-HG003-SR15x-ONT7x-32-D0-PF-ILMN-NOVASEQ-ont-sentdhiomr-SNPtv	SNPtv	HIOa-HG003-SR15x-ONT7x-32-D0-PF-ILMN-NOVASEQ	688815815.0	688780855.0	1141.0	33819.0	327425.0	0.1707150861677318	0.967362700228833	0.9995248569644236	0.9063818360996999	0.09361816390030009	0.09361816390030007	HG003	hg38_m_giabHC	-1	-2	ont	sentdhiomr
HIOa-HG003-SR15x-ONT7x-32-D0-PF-ILMN-NOVASEQ-ont-sentdhiomr-INS_50	INS_50	HIOa-HG003-SR15x-ONT7x-32-D0-PF-ILMN-NOVASEQ	688815815.0	688788476.0	1440.0	25899.0	169074.0	0.23299686926481697	0.9473279929770657	0.999754594459412	0.8671662230154945	0.1328337769845055	0.13283377698450555	HG003	hg38_m_giabHC	-1	-2	ont	sentdhiomr
HIOa-HG003-SR15x-ONT7x-32-D0-PF-ILMN-NOVASEQ-ont-sentdhiomr-INS_gt50	INS_gt50	HIOa-HG003-SR15x-ONT7x-32-D0-PF-ILMN-NOVASEQ	688815815.0	688815582.0	120.0	113.0	2803.0	0.07176881549698315	0.48497854077253216	0.9999959307125637	0.9612482853223594	0.0387517146776406	0.0387517146776406	HG003	hg38_m_giabHC	-1	-2	ont	sentdhiomr
HIOa-HG003-SR15x-ONT7x-32-D0-PF-ILMN-NOVASEQ-ont-sentdhiomr-DEL_50	DEL_50	HIOa-HG003-SR15x-ONT7x-32-D0-PF-ILMN-NOVASEQ	688815815.0	688788338.0	1159.0	26318.0	172311.0	0.23279346855014907	0.9578192670233286	0.9997498971817185	0.8675017243202151	0.1324982756797849	0.13249827567978492	HG003	hg38_m_giabHC	-1	-2	ont	sentdhiomr
HIOa-HG003-SR15x-ONT7x-32-D0-PF-ILMN-NOVASEQ-ont-sentdhiomr-DEL_gt50	DEL_gt50	HIOa-HG003-SR15x-ONT7x-32-D0-PF-ILMN-NOVASEQ	688815815.0	688815678.0	48.0	89.0	3382.0	0.04933481152993348	0.6496350364963503	0.9999950901474765	0.9743589743589743	0.02564102564102566	0.02564102564102564	HG003	hg38_m_giabHC	-1	-2	ont	sentdhiomr
HIOa-HG003-SR15x-ONT7x-32-D0-PF-ILMN-NOVASEQ-ont-sentdhiomr-Indel_50	Indel_50	HIOa-HG003-SR15x-ONT7x-32-D0-PF-ILMN-NOVASEQ	688815815.0	688806677.0	332.0	8806.0	36699.0	0.3223102684698863	0.9636681987305756	0.9999467237382565	0.8064828040874629	0.19351719591253713	0.19351719591253708	HG003	hg38_m_giabHC	-1	-2	ont	sentdhiomr
HIOa-HG003-SR15x-ONT7x-32-D0-PF-ILMN-NOVASEQ-ont-sentdhiomr-Indel_gt50	Indel_gt50	HIOa-HG003-SR15x-ONT7x-32-D0-PF-ILMN-NOVASEQ	688815815.0	688814804.0	57.0	954.0	1839.0	0.501577287066246	0.9436201780415431	0.9999973302038813	0.6584317937701396	0.3415682062298604	0.34156820622986034	HG003	hg38_m_giabHC	-1	-2	ont	sentdhiomr
HIOa-HG003-SR15x-ONT7x-32-D0-PF-ILMN-NOVASEQ-ont-sentdhiomr-All	All	HIOa-HG003-SR15x-ONT7x-32-D0-PF-ILMN-NOVASEQ	688815815.0	688647775.0	6270.0	161770.0	1095118.0	0.22705708639313707	0.9626874553677696	0.9984122808496991	0.8712932258085048	0.12870677419149523	0.12870677419149518	HG003	hg38_m_giabHC	-1	-2	ont	sentdhiomr
HIOa-HG003-SR15x-ONT7x-32-D0-PF-ILMN-NOVASEQ-ont-sentdhiomr-SNPts	SNPts	HIOa-HG003-SR15x-ONT7x-32-D0-PF-ILMN-NOVASEQ	2528531102.0	2526276382.0	5711.0	2249009.0	3394.0	0.9979798643169934	0.997467091257451	0.999998656522515	0.0015068351445101076	0.9984931648554899	0.9984931648554899	HG003	giabHC	-1	-2	ont	sentdhiomr
HIOa-HG003-SR15x-ONT7x-32-D0-PF-ILMN-NOVASEQ-ont-sentdhiomr-SNPtv	SNPtv	HIOa-HG003-SR15x-ONT7x-32-D0-PF-ILMN-NOVASEQ	2528531102.0	2527459467.0	2909.0	1068726.0	1942.0	0.9977356144298917	0.9972854563354127	0.9999992316400982	0.0018138209043326223	0.9981861790956674	0.9981861790956674	HG003	giabHC	-1	-2	ont	sentdhiomr
HIOa-HG003-SR15x-ONT7x-32-D0-PF-ILMN-NOVASEQ-ont-sentdhiomr-INS_50	INS_50	HIOa-HG003-SR15x-ONT7x-32-D0-PF-ILMN-NOVASEQ	2528531102.0	2528301800.0	1803.0	227499.0	949.0	0.9939879847078099	0.9921370070910851	0.9999996246493817	0.004154118223840874	0.9958458817761592	0.9958458817761592	HG003	giabHC	-1	-2	ont	sentdhiomr
HIOa-HG003-SR15x-ONT7x-32-D0-PF-ILMN-NOVASEQ-ont-sentdhiomr-INS_gt50	INS_gt50	HIOa-HG003-SR15x-ONT7x-32-D0-PF-ILMN-NOVASEQ	2528531102.0	2528531101.0	0.0	1.0	1.0	0.6666666666666666	1.0	0.9999999996045135	0.5	0.5	0.5	HG003	giabHC	-1	-2	ont	sentdhiomr
HIOa-HG003-SR15x-ONT7x-32-D0-PF-ILMN-NOVASEQ-ont-sentdhiomr-DEL_50	DEL_50	HIOa-HG003-SR15x-ONT7x-32-D0-PF-ILMN-NOVASEQ	2528531102.0	2528287668.0	1758.0	241676.0	585.0	0.9951759849288134	0.9927783300607146	0.9999997686181553	0.0024147510329768306	0.9975852489670232	0.9975852489670232	HG003	giabHC	-1	-2	ont	sentdhiomr
HIOa-HG003-SR15x-ONT7x-32-D0-PF-ILMN-NOVASEQ-ont-sentdhiomr-DEL_gt50	DEL_gt50	HIOa-HG003-SR15x-ONT7x-32-D0-PF-ILMN-NOVASEQ	2528531102.0	2528531102.0	0.0	0.0	5.0			0.9999999980225673	1.0	0.0	0.0	HG003	giabHC	-1	-2	ont	sentdhiomr
HIOa-HG003-SR15x-ONT7x-32-D0-PF-ILMN-NOVASEQ-ont-sentdhiomr-Indel_50	Indel_50	HIOa-HG003-SR15x-ONT7x-32-D0-PF-ILMN-NOVASEQ	2528531102.0	2528499767.0	139.0	31196.0	12.0	0.9975856610651872	0.995564065741184	0.9999999952541028	0.00038451679056652143	0.9996154832094335	0.9996154832094335	HG003	giabHC	-1	-2	ont	sentdhiomr
HIOa-HG003-SR15x-ONT7x-32-D0-PF-ILMN-NOVASEQ-ont-sentdhiomr-Indel_gt50	Indel_gt50	HIOa-HG003-SR15x-ONT7x-32-D0-PF-ILMN-NOVASEQ	2528531102.0	2528530662.0	7.0	433.0	0.0	0.9919816723940436	0.9840909090909091	1.0	0.0	1.0	1.0	HG003	giabHC	-1	-2	ont	sentdhiomr
HIOa-HG003-SR15x-ONT7x-32-D0-PF-ILMN-NOVASEQ-ont-sentdhiomr-All	All	HIOa-HG003-SR15x-ONT7x-32-D0-PF-ILMN-NOVASEQ	2528531102.0	2524700235.0	12327.0	3818540.0	6888.0	0.9974903004651728	0.9967821905589518	0.9999972717627572	0.0018005828367440191	0.998199417163256	0.998199417163256	HG003	giabHC	-1	-2	ont	sentdhiomr
HIOa-HG003-SR15x-ONT7x-32-D0-PF-ILMN-NOVASEQ-ont-sentdhiomr-SNPts	SNPts	HIOa-HG003-SR15x-ONT7x-32-D0-PF-ILMN-NOVASEQ	3088286401.0	3085963966.0	7684.0	2314751.0	384979.0	0.9218139985444525	0.9966914036345473	0.9998752639423278	0.14259907472228706	0.8574009252777129	0.8574009252777129	HG003	hg38	-1	-2	ont	sentdhiomr
HIOa-HG003-SR15x-ONT7x-32-D0-PF-ILMN-NOVASEQ-ont-sentdhiomr-SNPtv	SNPtv	HIOa-HG003-SR15x-ONT7x-32-D0-PF-ILMN-NOVASEQ	3088286401.0	3087179820.0	4050.0	1102531.0	329367.0	0.8686548125865922	0.9963400781325542	0.9998933227465729	0.23002127246493814	0.7699787275350618	0.7699787275350618	HG003	hg38	-1	-2	ont	sentdhiomr
HIOa-HG003-SR15x-ONT7x-32-D0-PF-ILMN-NOVASEQ-ont-sentdhiomr-INS_50	INS_50	HIOa-HG003-SR15x-ONT7x-32-D0-PF-ILMN-NOVASEQ	3088286401.0	3088029683.0	3245.0	253473.0	170023.0	0.7452742813291111	0.9873596709229583	0.999944944298884	0.40147486635056767	0.5985251336494324	0.5985251336494324	HG003	hg38	-1	-2	ont	sentdhiomr
HIOa-HG003-SR15x-ONT7x-32-D0-PF-ILMN-NOVASEQ-ont-sentdhiomr-INS_gt50	INS_gt50	HIOa-HG003-SR15x-ONT7x-32-D0-PF-ILMN-NOVASEQ	3088286401.0	3088286167.0	120.0	114.0	2804.0	0.07233502538071067	0.48717948717948717	0.9999990920538764	0.9609321453050035	0.03906785469499652	0.03906785469499657	HG003	hg38	-1	-2	ont	sentdhiomr
HIOa-HG003-SR15x-ONT7x-32-D0-PF-ILMN-NOVASEQ-ont-sentdhiomr-DEL_50	DEL_50	HIOa-HG003-SR15x-ONT7x-32-D0-PF-ILMN-NOVASEQ	3088286401.0	3088015687.0	2908.0	267806.0	172894.0	0.7528836936017564	0.9892580361562386	0.9999440144293442	0.39231676877694577	0.6076832312230542	0.6076832312230542	HG003	hg38	-1	-2	ont	sentdhiomr
HIOa-HG003-SR15x-ONT7x-32-D0-PF-ILMN-NOVASEQ-ont-sentdhiomr-DEL_gt50	DEL_gt50	HIOa-HG003-SR15x-ONT7x-32-D0-PF-ILMN-NOVASEQ	3088286401.0	3088286264.0	48.0	89.0	3387.0	0.04926653750345973	0.6496350364963503	0.9999989032764466	0.9743958573072498	0.025604142692750242	0.025604142692750288	HG003	hg38	-1	-2	ont	sentdhiomr
HIOa-HG003-SR15x-ONT7x-32-D0-PF-ILMN-NOVASEQ-ont-sentdhiomr-Indel_50	Indel_50	HIOa-HG003-SR15x-ONT7x-32-D0-PF-ILMN-NOVASEQ	3088286401.0	3088245928.0	471.0	40002.0	36711.0	0.6827095386820952	0.9883626121117782	0.9999881128108107	0.4785499198310586	0.5214500801689415	0.5214500801689413	HG003	hg38	-1	-2	ont	sentdhiomr
HIOa-HG003-SR15x-ONT7x-32-D0-PF-ILMN-NOVASEQ-ont-sentdhiomr-Indel_gt50	Indel_gt50	HIOa-HG003-SR15x-ONT7x-32-D0-PF-ILMN-NOVASEQ	3088286401.0	3088284952.0	62.0	1387.0	1839.0	0.5933689839572193	0.9572118702553485	0.9999994045242154	0.5700557966522009	0.42994420334779915	0.42994420334779915	HG003	hg38	-1	-2	ont	sentdhiomr
HIOa-HG003-SR15x-ONT7x-32-D0-PF-ILMN-NOVASEQ-ont-sentdhiomr-All	All	HIOa-HG003-SR15x-ONT7x-32-D0-PF-ILMN-NOVASEQ	3088286401.0	3084287660.0	18588.0	3980153.0	1102004.0	0.8765989883379375	0.9953515368962381	0.9996428314994187	0.2168378505425944	0.7831621494574056	0.7831621494574056	HG003	hg38	-1	-2	ont	sentdhiomr
HIOa-HG003-SR15x-ONT7x-32-D0-PF-ILMN-NOVASEQ-ont-sentdhiomr-SNPts	SNPts	HIOa-HG003-SR15x-ONT7x-32-D0-PF-ILMN-NOVASEQ	377862616.0	377589401.0	1503.0	271712.0	38575.0	0.9313147170018269	0.9944988379115348	0.9998978491996049	0.12432038725438062	0.8756796127456193	0.8756796127456193	HG003	clinvar_genes	-1	-2	ont	sentdhiomr
HIOa-HG003-SR15x-ONT7x-32-D0-PF-ILMN-NOVASEQ-ont-sentdhiomr-SNPtv	SNPtv	HIOa-HG003-SR15x-ONT7x-32-D0-PF-ILMN-NOVASEQ	377862616.0	377738301.0	812.0	123503.0	23398.0	0.9107353548463217	0.9934682057676065	0.9999380614814526	0.1592773364374647	0.8407226635625353	0.8407226635625353	HG003	clinvar_genes	-1	-2	ont	sentdhiomr
HIOa-HG003-SR15x-ONT7x-32-D0-PF-ILMN-NOVASEQ-ont-sentdhiomr-INS_50	INS_50	HIOa-HG003-SR15x-ONT7x-32-D0-PF-ILMN-NOVASEQ	377862616.0	377833403.0	421.0	28792.0	18397.0	0.7536975471846287	0.9855886078115907	0.9999513115988862	0.3898578058445824	0.6101421941554176	0.6101421941554176	HG003	clinvar_genes	-1	-2	ont	sentdhiomr
HIOa-HG003-SR15x-ONT7x-32-D0-PF-ILMN-NOVASEQ-ont-sentdhiomr-INS_gt50	INS_gt50	HIOa-HG003-SR15x-ONT7x-32-D0-PF-ILMN-NOVASEQ	377862616.0	377862587.0	13.0	16.0	362.0	0.07862407862407862	0.5517241379310345	0.9999990419806944	0.9576719576719577	0.042328042328042326	0.042328042328042326	HG003	clinvar_genes	-1	-2	ont	sentdhiomr
HIOa-HG003-SR15x-ONT7x-32-D0-PF-ILMN-NOVASEQ-ont-sentdhiomr-DEL_50	DEL_50	HIOa-HG003-SR15x-ONT7x-32-D0-PF-ILMN-NOVASEQ	377862616.0	377831749.0	396.0	30471.0	17965.0	0.7684702974666785	0.9871707648945476	0.9999524546417944	0.37090180857213645	0.6290981914278635	0.6290981914278636	HG003	clinvar_genes	-1	-2	ont	sentdhiomr
HIOa-HG003-SR15x-ONT7x-32-D0-PF-ILMN-NOVASEQ-ont-sentdhiomr-DEL_gt50	DEL_gt50	HIOa-HG003-SR15x-ONT7x-32-D0-PF-ILMN-NOVASEQ	377862616.0	377862598.0	5.0	13.0	463.0	0.05263157894736842	0.7222222222222222	0.9999987746883784	0.9726890756302521	0.027310924369747913	0.0273109243697479	HG003	clinvar_genes	-1	-2	ont	sentdhiomr
HIOa-HG003-SR15x-ONT7x-32-D0-PF-ILMN-NOVASEQ-ont-sentdhiomr-Indel_50	Indel_50	HIOa-HG003-SR15x-ONT7x-32-D0-PF-ILMN-NOVASEQ	377862616.0	377858643.0	84.0	3889.0	3890.0	0.6618447923757658	0.9788572866851246	0.9999897052508246	0.5000642756138322	0.49993572438616785	0.4999357243861679	HG003	clinvar_genes	-1	-2	ont	sentdhiomr
HIOa-HG003-SR15x-ONT7x-32-D0-PF-ILMN-NOVASEQ-ont-sentdhiomr-Indel_gt50	Indel_gt50	HIOa-HG003-SR15x-ONT7x-32-D0-PF-ILMN-NOVASEQ	377862616.0	377862458.0	10.0	148.0	223.0	0.5595463137996219	0.9367088607594937	0.9999994098385175	0.601078167115903	0.398921832884097	0.39892183288409705	HG003	clinvar_genes	-1	-2	ont	sentdhiomr
HIOa-HG003-SR15x-ONT7x-32-D0-PF-ILMN-NOVASEQ-ont-sentdhiomr-All	All	HIOa-HG003-SR15x-ONT7x-32-D0-PF-ILMN-NOVASEQ	377862616.0	377400828.0	3244.0	458544.0	103273.0	0.8959393516053555	0.9929751314455985	0.9997264321109984	0.18381964233905346	0.8161803576609465	0.8161803576609465	HG003	clinvar_genes	-1	-2	ont	sentdhiomr
HIOa-HG003-SR3x-ONT15bx-6-D0-PF-ILMN-NOVASEQ-ont-sentdhiomr-SNPts	SNPts	HIOa-HG003-SR3x-ONT15bx-6-D0-PF-ILMN-NOVASEQ	688815815.0	688747860.0	13073.0	54882.0	335843.0	0.2393040899973838	0.8076226914870135	0.9995126237951386	0.8595380382622049	0.14046196173779513	0.14046196173779513	HG003	hg38_m_giabHC	-1	-2	ont	sentdhiomr
HIOa-HG003-SR3x-ONT15bx-6-D0-PF-ILMN-NOVASEQ-ont-sentdhiomr-SNPtv	SNPtv	HIOa-HG003-SR3x-ONT15bx-6-D0-PF-ILMN-NOVASEQ	688815815.0	688780689.0	6979.0	28147.0	291010.0	0.15889557218381914	0.801315265045835	0.9995776782003639	0.9118082949770803	0.08819170502291973	0.08819170502291976	HG003	hg38_m_giabHC	-1	-2	ont	sentdhiomr
HIOa-HG003-SR3x-ONT15bx-6-D0-PF-ILMN-NOVASEQ-ont-sentdhiomr-INS_50	INS_50	HIOa-HG003-SR3x-ONT15bx-6-D0-PF-ILMN-NOVASEQ	688815815.0	688787211.0	8245.0	20359.0	119871.0	0.24117180188824527	0.7117536008949797	0.9998259983049499	0.8548170862155031	0.14518291378449688	0.1451829137844969	HG003	hg38_m_giabHC	-1	-2	ont	sentdhiomr
HIOa-HG003-SR3x-ONT15bx-6-D0-PF-ILMN-NOVASEQ-ont-sentdhiomr-INS_gt50	INS_gt50	HIOa-HG003-SR3x-ONT15bx-6-D0-PF-ILMN-NOVASEQ	688815815.0	688815582.0	165.0	68.0	1859.0	0.06296296296296296	0.2918454935622318	0.9999973011717048	0.9647119875454073	0.03528801245459268	0.03528801245459263	HG003	hg38_m_giabHC	-1	-2	ont	sentdhiomr
HIOa-HG003-SR3x-ONT15bx-6-D0-PF-ILMN-NOVASEQ-ont-sentdhiomr-DEL_50	DEL_50	HIOa-HG003-SR3x-ONT15bx-6-D0-PF-ILMN-NOVASEQ	688815815.0	688786600.0	7347.0	21868.0	128781.0	0.24316149979984877	0.7485195960978949	0.9998130670274583	0.854841386268744	0.14515861373125605	0.1451586137312561	HG003	hg38_m_giabHC	-1	-2	ont	sentdhiomr
HIOa-HG003-SR3x-ONT15bx-6-D0-PF-ILMN-NOVASEQ-ont-sentdhiomr-DEL_gt50	DEL_gt50	HIOa-HG003-SR3x-ONT15bx-6-D0-PF-ILMN-NOVASEQ	688815815.0	688815679.0	56.0	80.0	2615.0	0.05651713175556341	0.5882352941176471	0.9999962036432208	0.9703153988868275	0.029684601113172504	0.029684601113172542	HG003	hg38_m_giabHC	-1	-2	ont	sentdhiomr
HIOa-HG003-SR3x-ONT15bx-6-D0-PF-ILMN-NOVASEQ-ont-sentdhiomr-Indel_50	Indel_50	HIOa-HG003-SR3x-ONT15bx-6-D0-PF-ILMN-NOVASEQ	688815815.0	688809761.0	2438.0	3616.0	14852.0	0.29491884838104554	0.5972910472414932	0.9999784386334059	0.8042018626813948	0.19579813731860518	0.19579813731860515	HG003	hg38_m_giabHC	-1	-2	ont	sentdhiomr
HIOa-HG003-SR3x-ONT15bx-6-D0-PF-ILMN-NOVASEQ-ont-sentdhiomr-Indel_gt50	Indel_gt50	HIOa-HG003-SR3x-ONT15bx-6-D0-PF-ILMN-NOVASEQ	688815815.0	688815068.0	392.0	355.0	696.0	0.39488320355951056	0.47523427041499333	0.9999989895701632	0.6622264509990485	0.33777354900095147	0.33777354900095147	HG003	hg38_m_giabHC	-1	-2	ont	sentdhiomr
HIOa-HG003-SR3x-ONT15bx-6-D0-PF-ILMN-NOVASEQ-ont-sentdhiomr-All	All	HIOa-HG003-SR3x-ONT15bx-6-D0-PF-ILMN-NOVASEQ	688815815.0	688647745.0	38695.0	129375.0	895527.0	0.21689528337630723	0.7697685488189445	0.9987012751246162	0.873768418834191	0.12623158116580901	0.12623158116580901	HG003	hg38_m_giabHC	-1	-2	ont	sentdhiomr
HIOa-HG003-SR3x-ONT15bx-6-D0-PF-ILMN-NOVASEQ-ont-sentdhiomr-SNPts	SNPts	HIOa-HG003-SR3x-ONT15bx-6-D0-PF-ILMN-NOVASEQ	3088286401.0	3085963592.0	238341.0	2084468.0	341901.0	0.8778226463611177	0.8973910467886081	0.9998892199748938	0.1409105540006487	0.8590894459993513	0.8590894459993513	HG003	hg38	-1	-2	ont	sentdhiomr
HIOa-HG003-SR3x-ONT15bx-6-D0-PF-ILMN-NOVASEQ-ont-sentdhiomr-SNPtv	SNPtv	HIOa-HG003-SR3x-ONT15bx-6-D0-PF-ILMN-NOVASEQ	3088286401.0	3087179431.0	113899.0	993071.0	295028.0	0.8292629565160752	0.8971074193519246	0.9999044435819898	0.2290414013208612	0.7709585986791387	0.7709585986791387	HG003	hg38	-1	-2	ont	sentdhiomr
HIOa-HG003-SR3x-ONT15bx-6-D0-PF-ILMN-NOVASEQ-ont-sentdhiomr-INS_50	INS_50	HIOa-HG003-SR3x-ONT15bx-6-D0-PF-ILMN-NOVASEQ	3088286401.0	3088023697.0	51890.0	210814.0	127883.0	0.7010763201258394	0.8024773128692368	0.9999585891441248	0.3775734653687514	0.6224265346312485	0.6224265346312485	HG003	hg38	-1	-2	ont	sentdhiomr
HIOa-HG003-SR3x-ONT15bx-6-D0-PF-ILMN-NOVASEQ-ont-sentdhiomr-INS_gt50	INS_gt50	HIOa-HG003-SR3x-ONT15bx-6-D0-PF-ILMN-NOVASEQ	3088286401.0	3088286167.0	166.0	68.0	1860.0	0.06290471785383904	0.2905982905982906	0.9999993977245698	0.9647302904564315	0.03526970954356845	0.035269709543568464	HG003	hg38	-1	-2	ont	sentdhiomr
HIOa-HG003-SR3x-ONT15bx-6-D0-PF-ILMN-NOVASEQ-ont-sentdhiomr-DEL_50	DEL_50	HIOa-HG003-SR3x-ONT15bx-6-D0-PF-ILMN-NOVASEQ	3088286401.0	3088008559.0	50650.0	227192.0	135048.0	0.7098840461065925	0.8177021472635526	0.9999562688730881	0.3728136042402827	0.6271863957597172	0.6271863957597174	HG003	hg38	-1	-2	ont	sentdhiomr
HIOa-HG003-SR3x-ONT15bx-6-D0-PF-ILMN-NOVASEQ-ont-sentdhiomr-DEL_gt50	DEL_gt50	HIOa-HG003-SR3x-ONT15bx-6-D0-PF-ILMN-NOVASEQ	3088286401.0	3088286265.0	56.0	80.0	2642.0	0.055983205038488464	0.5882352941176471	0.9999991445100898	0.97060984570169	0.029390154298310045	0.029390154298310066	HG003	hg38	-1	-2	ont	sentdhiomr
HIOa-HG003-SR3x-ONT15bx-6-D0-PF-ILMN-NOVASEQ-ont-sentdhiomr-Indel_50	Indel_50	HIOa-HG003-SR3x-ONT15bx-6-D0-PF-ILMN-NOVASEQ	3088286401.0	3088259235.0	7235.0	19931.0	14907.0	0.6428940068382685	0.7336744459986748	0.9999951730321485	0.42789482748722657	0.5721051725127735	0.5721051725127734	HG003	hg38	-1	-2	ont	sentdhiomr
HIOa-HG003-SR3x-ONT15bx-6-D0-PF-ILMN-NOVASEQ-ont-sentdhiomr-Indel_gt50	Indel_gt50	HIOa-HG003-SR3x-ONT15bx-6-D0-PF-ILMN-NOVASEQ	3088286401.0	3088285352.0	501.0	548.0	696.0	0.47797645006541645	0.5224022878932316	0.9999997746322753	0.5594855305466238	0.44051446945337625	0.4405144694533762	HG003	hg38	-1	-2	ont	sentdhiomr
HIOa-HG003-SR3x-ONT15bx-6-D0-PF-ILMN-NOVASEQ-ont-sentdhiomr-All	All	HIOa-HG003-SR3x-ONT15bx-6-D0-PF-ILMN-NOVASEQ	3088286401.0	3084287491.0	462738.0	3536172.0	919965.0	0.8364641852375274	0.8842839673811114	0.9997018142173192	0.2064489938258182	0.7935510061741818	0.7935510061741818	HG003	hg38	-1	-2	ont	sentdhiomr
HIOa-HG003-SR3x-ONT15bx-6-D0-PF-ILMN-NOVASEQ-ont-sentdhiomr-SNPts	SNPts	HIOa-HG003-SR3x-ONT15bx-6-D0-PF-ILMN-NOVASEQ	2528531102.0	2526276221.0	225268.0	2029613.0	6058.0	0.9460847928191991	0.9000976104725704	0.9999976020098583	0.002975922926641879	0.9970240770733582	0.9970240770733582	HG003	giabHC	-1	-2	ont	sentdhiomr
HIOa-HG003-SR3x-ONT15bx-6-D0-PF-ILMN-NOVASEQ-ont-sentdhiomr-SNPtv	SNPtv	HIOa-HG003-SR3x-ONT15bx-6-D0-PF-ILMN-NOVASEQ	2528531102.0	2527459249.0	106920.0	964933.0	4018.0	0.945640051665912	0.9002475152842787	0.9999984102637406	0.004146752518961227	0.9958532474810388	0.9958532474810388	HG003	giabHC	-1	-2	ont	sentdhiomr
HIOa-HG003-SR3x-ONT15bx-6-D0-PF-ILMN-NOVASEQ-ont-sentdhiomr-INS_50	INS_50	HIOa-HG003-SR3x-ONT15bx-6-D0-PF-ILMN-NOVASEQ	2528531102.0	2528297079.0	43632.0	190391.0	8012.0	0.8805714735006682	0.8135567871533994	0.9999968310786429	0.04038245389434635	0.9596175461056536	0.9596175461056536	HG003	giabHC	-1	-2	ont	sentdhiomr
HIOa-HG003-SR3x-ONT15bx-6-D0-PF-ILMN-NOVASEQ-ont-sentdhiomr-INS_gt50	INS_gt50	HIOa-HG003-SR3x-ONT15bx-6-D0-PF-ILMN-NOVASEQ	2528531102.0	2528531101.0	1.0	0.0	1.0		0.0	0.9999999996045135	1.0	0.0	0.0	HG003	giabHC	-1	-2	ont	sentdhiomr
HIOa-HG003-SR3x-ONT15bx-6-D0-PF-ILMN-NOVASEQ-ont-sentdhiomr-DEL_50	DEL_50	HIOa-HG003-SR3x-ONT15bx-6-D0-PF-ILMN-NOVASEQ	2528531102.0	2528282278.0	43338.0	205486.0	6273.0	0.8922865151340802	0.8258286981963154	0.9999975188749728	0.02962329818331216	0.9703767018166879	0.9703767018166879	HG003	giabHC	-1	-2	ont	sentdhiomr
HIOa-HG003-SR3x-ONT15bx-6-D0-PF-ILMN-NOVASEQ-ont-sentdhiomr-DEL_gt50	DEL_gt50	HIOa-HG003-SR3x-ONT15bx-6-D0-PF-ILMN-NOVASEQ	2528531102.0	2528531102.0	0.0	0.0	27.0			0.9999999893218637	1.0	0.0	0.0	HG003	giabHC	-1	-2	ont	sentdhiomr
HIOa-HG003-SR3x-ONT15bx-6-D0-PF-ILMN-NOVASEQ-ont-sentdhiomr-Indel_50	Indel_50	HIOa-HG003-SR3x-ONT15bx-6-D0-PF-ILMN-NOVASEQ	2528531102.0	2528509989.0	4798.0	16315.0	55.0	0.8705279726809486	0.7727466489840382	0.9999999782480595	0.003359804520464264	0.9966401954795358	0.9966401954795358	HG003	giabHC	-1	-2	ont	sentdhiomr
HIOa-HG003-SR3x-ONT15bx-6-D0-PF-ILMN-NOVASEQ-ont-sentdhiomr-Indel_gt50	Indel_gt50	HIOa-HG003-SR3x-ONT15bx-6-D0-PF-ILMN-NOVASEQ	2528531102.0	2528530798.0	111.0	193.0	0.0	0.7766599597585513	0.6348684210526315	1.0	0.0	1.0	1.0	HG003	giabHC	-1	-2	ont	sentdhiomr
HIOa-HG003-SR3x-ONT15bx-6-D0-PF-ILMN-NOVASEQ-ont-sentdhiomr-All	All	HIOa-HG003-SR3x-ONT15bx-6-D0-PF-ILMN-NOVASEQ	2528531102.0	2524700103.0	424068.0	3406931.0	24444.0	0.938241682403027	0.8893061574800725	0.9999903181517251	0.007123674911660777	0.9928763250883392	0.9928763250883392	HG003	giabHC	-1	-2	ont	sentdhiomr
HIOa-HG003-SR3x-ONT15bx-6-D0-PF-ILMN-NOVASEQ-ont-sentdhiomr-SNPts	SNPts	HIOa-HG003-SR3x-ONT15bx-6-D0-PF-ILMN-NOVASEQ	377862616.0	377589364.0	33523.0	239729.0	30602.0	0.882032734651378	0.8773183727840967	0.9999189608528274	0.11320196351879733	0.8867980364812027	0.8867980364812027	HG003	clinvar_genes	-1	-2	ont	sentdhiomr
HIOa-HG003-SR3x-ONT15bx-6-D0-PF-ILMN-NOVASEQ-ont-sentdhiomr-SNPtv	SNPtv	HIOa-HG003-SR3x-ONT15bx-6-D0-PF-ILMN-NOVASEQ	377862616.0	377738266.0	15388.0	108962.0	18798.0	0.8644004601166159	0.8762525130679534	0.9999502378597479	0.14713525360050095	0.852864746399499	0.852864746399499	HG003	clinvar_genes	-1	-2	ont	sentdhiomr
HIOa-HG003-SR3x-ONT15bx-6-D0-PF-ILMN-NOVASEQ-ont-sentdhiomr-INS_50	INS_50	HIOa-HG003-SR3x-ONT15bx-6-D0-PF-ILMN-NOVASEQ	377862616.0	377832810.0	5803.0	24003.0	13732.0	0.7107682740853704	0.8053076561766087	0.999963657203458	0.3639061878892275	0.6360938121107724	0.6360938121107725	HG003	clinvar_genes	-1	-2	ont	sentdhiomr
HIOa-HG003-SR3x-ONT15bx-6-D0-PF-ILMN-NOVASEQ-ont-sentdhiomr-INS_gt50	INS_gt50	HIOa-HG003-SR3x-ONT15bx-6-D0-PF-ILMN-NOVASEQ	377862616.0	377862587.0	20.0	9.0	221.0	0.06949806949806951	0.3103448275862069	0.9999994151316421	0.9608695652173913	0.03913043478260869	0.0391304347826087	HG003	clinvar_genes	-1	-2	ont	sentdhiomr
HIOa-HG003-SR3x-ONT15bx-6-D0-PF-ILMN-NOVASEQ-ont-sentdhiomr-DEL_50	DEL_50	HIOa-HG003-SR3x-ONT15bx-6-D0-PF-ILMN-NOVASEQ	377862616.0	377831060.0	5740.0	25816.0	14040.0	0.7230157396515992	0.8181011535048802	0.9999628419159068	0.35226816539542355	0.6477318346045764	0.6477318346045765	HG003	clinvar_genes	-1	-2	ont	sentdhiomr
HIOa-HG003-SR3x-ONT15bx-6-D0-PF-ILMN-NOVASEQ-ont-sentdhiomr-DEL_gt50	DEL_gt50	HIOa-HG003-SR3x-ONT15bx-6-D0-PF-ILMN-NOVASEQ	377862616.0	377862598.0	5.0	13.0	331.0	0.0718232044198895	0.7222222222222222	0.9999991240209753	0.9622093023255814	0.03779069767441856	0.0377906976744186	HG003	clinvar_genes	-1	-2	ont	sentdhiomr
HIOa-HG003-SR3x-ONT15bx-6-D0-PF-ILMN-NOVASEQ-ont-sentdhiomr-Indel_50	Indel_50	HIOa-HG003-SR3x-ONT15bx-6-D0-PF-ILMN-NOVASEQ	377862616.0	377859944.0	727.0	1945.0	1660.0	0.6197227975147364	0.7279191616766467	0.9999956068571604	0.4604715672676838	0.5395284327323162	0.5395284327323162	HG003	clinvar_genes	-1	-2	ont	sentdhiomr
HIOa-HG003-SR3x-ONT15bx-6-D0-PF-ILMN-NOVASEQ-ont-sentdhiomr-Indel_gt50	Indel_gt50	HIOa-HG003-SR3x-ONT15bx-6-D0-PF-ILMN-NOVASEQ	377862616.0	377862493.0	64.0	59.0	91.0	0.4322344322344322	0.4796747967479675	0.9999997591717099	0.6066666666666667	0.3933333333333333	0.3933333333333333	HG003	clinvar_genes	-1	-2	ont	sentdhiomr
HIOa-HG003-SR3x-ONT15bx-6-D0-PF-ILMN-NOVASEQ-ont-sentdhiomr-All	All	HIOa-HG003-SR3x-ONT15bx-6-D0-PF-ILMN-NOVASEQ	377862616.0	377400810.0	61270.0	400536.0	79475.0	0.8505601406642692	0.8673252404689415	0.9997894592031475	0.16556912237427893	0.8344308776257211	0.8344308776257211	HG003	clinvar_genes	-1	-2	ont	sentdhiomr
HIOa-HG003-SR3x-ONT1bx-0-D0-PF-ILMN-NOVASEQ-ont-sentdhiomr-SNPts	SNPts	HIOa-HG003-SR3x-ONT1bx-0-D0-PF-ILMN-NOVASEQ	2528531102.0	2526276118.0	459571.0	1795413.0	7686.0	0.884857702516188	0.7961976670344446	0.9999969575864802	0.004262661118441084	0.9957373388815589	0.9957373388815589	HG003	giabHC	-1	-2	ont	sentdhiomr
HIOa-HG003-SR3x-ONT1bx-0-D0-PF-ILMN-NOVASEQ-ont-sentdhiomr-SNPtv	SNPtv	HIOa-HG003-SR3x-ONT1bx-0-D0-PF-ILMN-NOVASEQ	2528531102.0	2527459035.0	221758.0	850309.0	4489.0	0.882582848305408	0.7931491222097127	0.9999982239110644	0.005251533110746632	0.9947484668892533	0.9947484668892533	HG003	giabHC	-1	-2	ont	sentdhiomr
HIOa-HG003-SR3x-ONT1bx-0-D0-PF-ILMN-NOVASEQ-ont-sentdhiomr-INS_50	INS_50	HIOa-HG003-SR3x-ONT1bx-0-D0-PF-ILMN-NOVASEQ	2528531102.0	2528296890.0	54389.0	179823.0	6881.0	0.8544365146490035	0.7677787645381108	0.999997278412476	0.03685512897420516	0.9631448710257948	0.9631448710257948	HG003	giabHC	-1	-2	ont	sentdhiomr
HIOa-HG003-SR3x-ONT1bx-0-D0-PF-ILMN-NOVASEQ-ont-sentdhiomr-INS_gt50	INS_gt50	HIOa-HG003-SR3x-ONT1bx-0-D0-PF-ILMN-NOVASEQ	2528531102.0	2528531101.0	1.0	0.0	3.0		0.0	0.9999999988135404	1.0	0.0	0.0	HG003	giabHC	-1	-2	ont	sentdhiomr
HIOa-HG003-SR3x-ONT1bx-0-D0-PF-ILMN-NOVASEQ-ont-sentdhiomr-DEL_50	DEL_50	HIOa-HG003-SR3x-ONT1bx-0-D0-PF-ILMN-NOVASEQ	2528531102.0	2528282163.0	57765.0	191174.0	6064.0	0.8569424241948823	0.767955201876765	0.9999976015392805	0.030744582686906174	0.9692554173130938	0.9692554173130938	HG003	giabHC	-1	-2	ont	sentdhiomr
HIOa-HG003-SR3x-ONT1bx-0-D0-PF-ILMN-NOVASEQ-ont-sentdhiomr-DEL_gt50	DEL_gt50	HIOa-HG003-SR3x-ONT1bx-0-D0-PF-ILMN-NOVASEQ	2528531102.0	2528531102.0	0.0	0.0	61.0			0.9999999758753221	1.0	0.0	0.0	HG003	giabHC	-1	-2	ont	sentdhiomr
HIOa-HG003-SR3x-ONT1bx-0-D0-PF-ILMN-NOVASEQ-ont-sentdhiomr-Indel_50	Indel_50	HIOa-HG003-SR3x-ONT1bx-0-D0-PF-ILMN-NOVASEQ	2528531102.0	2528510335.0	4904.0	15863.0	54.0	0.8648457093010579	0.7638561178793278	0.9999999786435523	0.0033925991078720863	0.996607400892128	0.996607400892128	HG003	giabHC	-1	-2	ont	sentdhiomr
HIOa-HG003-SR3x-ONT1bx-0-D0-PF-ILMN-NOVASEQ-ont-sentdhiomr-Indel_gt50	Indel_gt50	HIOa-HG003-SR3x-ONT1bx-0-D0-PF-ILMN-NOVASEQ	2528531102.0	2528530813.0	117.0	172.0	0.0	0.7462039045553145	0.5951557093425606	1.0	0.0	1.0	1.0	HG003	giabHC	-1	-2	ont	sentdhiomr
HIOa-HG003-SR3x-ONT1bx-0-D0-PF-ILMN-NOVASEQ-ont-sentdhiomr-All	All	HIOa-HG003-SR3x-ONT1bx-0-D0-PF-ILMN-NOVASEQ	2528531102.0	2524699843.0	798505.0	3032754.0	25238.0	0.8804306883288183	0.7915815662684251	0.9999900036640861	0.008253128196542045	0.991746871803458	0.991746871803458	HG003	giabHC	-1	-2	ont	sentdhiomr
HIOa-HG003-SR3x-ONT1bx-0-D0-PF-ILMN-NOVASEQ-ont-sentdhiomr-SNPts	SNPts	HIOa-HG003-SR3x-ONT1bx-0-D0-PF-ILMN-NOVASEQ	688815815.0	688747895.0	20063.0	47857.0	261513.0	0.25368814439820825	0.7046083627797409	0.999620450755877	0.8453082070013253	0.15469179299867475	0.15469179299867472	HG003	hg38_m_giabHC	-1	-2	ont	sentdhiomr
HIOa-HG003-SR3x-ONT1bx-0-D0-PF-ILMN-NOVASEQ-ont-sentdhiomr-SNPtv	SNPtv	HIOa-HG003-SR3x-ONT1bx-0-D0-PF-ILMN-NOVASEQ	688815815.0	688780682.0	10491.0	24642.0	206427.0	0.1851376022719589	0.7013918538126548	0.9997003906208062	0.8933565298677019	0.10664347013229813	0.10664347013229815	HG003	hg38_m_giabHC	-1	-2	ont	sentdhiomr
HIOa-HG003-SR3x-ONT1bx-0-D0-PF-ILMN-NOVASEQ-ont-sentdhiomr-INS_50	INS_50	HIOa-HG003-SR3x-ONT1bx-0-D0-PF-ILMN-NOVASEQ	688815815.0	688787089.0	8996.0	19730.0	112935.0	0.24449938348482878	0.6868342268328343	0.9998360647466025	0.8512795386876719	0.14872046131232808	0.14872046131232805	HG003	hg38_m_giabHC	-1	-2	ont	sentdhiomr
HIOa-HG003-SR3x-ONT1bx-0-D0-PF-ILMN-NOVASEQ-ont-sentdhiomr-INS_gt50	INS_gt50	HIOa-HG003-SR3x-ONT1bx-0-D0-PF-ILMN-NOVASEQ	688815815.0	688815580.0	184.0	51.0	1322.0	0.06343283582089551	0.2170212765957447	0.9999980807671877	0.9628550619082301	0.037144938091769886	0.037144938091769844	HG003	hg38_m_giabHC	-1	-2	ont	sentdhiomr
HIOa-HG003-SR3x-ONT1bx-0-D0-PF-ILMN-NOVASEQ-ont-sentdhiomr-DEL_50	DEL_50	HIOa-HG003-SR3x-ONT1bx-0-D0-PF-ILMN-NOVASEQ	688815815.0	688786596.0	8523.0	20696.0	119176.0	0.24479126624125472	0.7083062390910024	0.9998270068203173	0.852036147334706	0.147963852665294	0.147963852665294	HG003	hg38_m_giabHC	-1	-2	ont	sentdhiomr
HIOa-HG003-SR3x-ONT1bx-0-D0-PF-ILMN-NOVASEQ-ont-sentdhiomr-DEL_gt50	DEL_gt50	HIOa-HG003-SR3x-ONT1bx-0-D0-PF-ILMN-NOVASEQ	688815815.0	688815677.0	83.0	55.0	1933.0	0.05174035747883349	0.39855072463768115	0.9999971937418963	0.9723340040241448	0.027665995975855173	0.02766599597585513	HG003	hg38_m_giabHC	-1	-2	ont	sentdhiomr
HIOa-HG003-SR3x-ONT1bx-0-D0-PF-ILMN-NOVASEQ-ont-sentdhiomr-Indel_50	Indel_50	HIOa-HG003-SR3x-ONT1bx-0-D0-PF-ILMN-NOVASEQ	688815815.0	688809888.0	2503.0	3424.0	14489.0	0.287248322147651	0.577695292728193	0.9999789656108526	0.8088539049852063	0.19114609501479374	0.19114609501479374	HG003	hg38_m_giabHC	-1	-2	ont	sentdhiomr
HIOa-HG003-SR3x-ONT1bx-0-D0-PF-ILMN-NOVASEQ-ont-sentdhiomr-Indel_gt50	Indel_gt50	HIOa-HG003-SR3x-ONT1bx-0-D0-PF-ILMN-NOVASEQ	688815815.0	688815110.0	407.0	298.0	435.0	0.4144645340751043	0.4226950354609929	0.9999993684811512	0.5934515688949522	0.4065484311050478	0.40654843110504774	HG003	hg38_m_giabHC	-1	-2	ont	sentdhiomr
HIOa-HG003-SR3x-ONT1bx-0-D0-PF-ILMN-NOVASEQ-ont-sentdhiomr-All	All	HIOa-HG003-SR3x-ONT1bx-0-D0-PF-ILMN-NOVASEQ	688815815.0	688647812.0	51250.0	116753.0	718230.0	0.23281082687096333	0.6949459235846979	0.9989581297072362	0.860173201131041	0.139826798868959	0.13982679886895902	HG003	hg38_m_giabHC	-1	-2	ont	sentdhiomr
HIOa-HG003-SR3x-ONT1bx-0-D0-PF-ILMN-NOVASEQ-ont-sentdhiomr-SNPts	SNPts	HIOa-HG003-SR3x-ONT1bx-0-D0-PF-ILMN-NOVASEQ	3088286401.0	3085963516.0	479634.0	1843251.0	269199.0	0.8311665296984332	0.7935179744154359	0.9999127742380892	0.12743449549101754	0.8725655045089824	0.8725655045089825	HG003	hg38	-1	-2	ont	sentdhiomr
HIOa-HG003-SR3x-ONT1bx-0-D0-PF-ILMN-NOVASEQ-ont-sentdhiomr-SNPtv	SNPtv	HIOa-HG003-SR3x-ONT1bx-0-D0-PF-ILMN-NOVASEQ	3088286401.0	3087179212.0	232249.0	874940.0	210916.0	0.7979225232496369	0.7902354521224471	0.9999316846944326	0.19423938349099695	0.805760616509003	0.805760616509003	HG003	hg38	-1	-2	ont	sentdhiomr
HIOa-HG003-SR3x-ONT1bx-0-D0-PF-ILMN-NOVASEQ-ont-sentdhiomr-INS_50	INS_50	HIOa-HG003-SR3x-ONT1bx-0-D0-PF-ILMN-NOVASEQ	3088286401.0	3088023383.0	63404.0	199614.0	119817.0	0.6854299689758245	0.7589366507235247	0.9999612009572613	0.37509509095861077	0.6249049090413892	0.6249049090413892	HG003	hg38	-1	-2	ont	sentdhiomr
HIOa-HG003-SR3x-ONT1bx-0-D0-PF-ILMN-NOVASEQ-ont-sentdhiomr-INS_gt50	INS_gt50	HIOa-HG003-SR3x-ONT1bx-0-D0-PF-ILMN-NOVASEQ	3088286401.0	3088286165.0	185.0	51.0	1325.0	0.06327543424317619	0.21610169491525424	0.9999995709596324	0.9629360465116279	0.0370639534883721	0.037063953488372096	HG003	hg38	-1	-2	ont	sentdhiomr
HIOa-HG003-SR3x-ONT1bx-0-D0-PF-ILMN-NOVASEQ-ont-sentdhiomr-DEL_50	DEL_50	HIOa-HG003-SR3x-ONT1bx-0-D0-PF-ILMN-NOVASEQ	3088286401.0	3088008434.0	66238.0	211729.0	125233.0	0.6886290937652965	0.7617055261955555	0.9999594470273945	0.3716531834450175	0.6283468165549825	0.6283468165549825	HG003	hg38	-1	-2	ont	sentdhiomr
HIOa-HG003-SR3x-ONT1bx-0-D0-PF-ILMN-NOVASEQ-ont-sentdhiomr-DEL_gt50	DEL_gt50	HIOa-HG003-SR3x-ONT1bx-0-D0-PF-ILMN-NOVASEQ	3088286401.0	3088286263.0	83.0	55.0	1994.0	0.05029721079103795	0.39855072463768115	0.9999993543348826	0.9731576378721327	0.02684236212786728	0.026842362127867253	HG003	hg38	-1	-2	ont	sentdhiomr
HIOa-HG003-SR3x-ONT1bx-0-D0-PF-ILMN-NOVASEQ-ont-sentdhiomr-Indel_50	Indel_50	HIOa-HG003-SR3x-ONT1bx-0-D0-PF-ILMN-NOVASEQ	3088286401.0	3088259708.0	7406.0	19287.0	14543.0	0.6373444806106769	0.7225489828794066	0.9999952908974987	0.4298847177061779	0.570115282293822	0.570115282293822	HG003	hg38	-1	-2	ont	sentdhiomr
HIOa-HG003-SR3x-ONT1bx-0-D0-PF-ILMN-NOVASEQ-ont-sentdhiomr-Indel_gt50	Indel_gt50	HIOa-HG003-SR3x-ONT1bx-0-D0-PF-ILMN-NOVASEQ	3088286401.0	3088285409.0	522.0	470.0	435.0	0.4955192409066948	0.4737903225806452	0.9999998591451628	0.48066298342541436	0.5193370165745856	0.5193370165745856	HG003	hg38	-1	-2	ont	sentdhiomr
HIOa-HG003-SR3x-ONT1bx-0-D0-PF-ILMN-NOVASEQ-ont-sentdhiomr-All	All	HIOa-HG003-SR3x-ONT1bx-0-D0-PF-ILMN-NOVASEQ	3088286401.0	3084287283.0	849721.0	3149397.0	743462.0	0.7981262489741163	0.7875228987991852	0.9997590098571286	0.19098097310999448	0.8090190268900055	0.8090190268900055	HG003	hg38	-1	-2	ont	sentdhiomr
HIOa-HG003-SR3x-ONT1bx-0-D0-PF-ILMN-NOVASEQ-ont-sentdhiomr-SNPts	SNPts	HIOa-HG003-SR3x-ONT1bx-0-D0-PF-ILMN-NOVASEQ	332544085.0	332287242.0	50608.0	206235.0	802.0	0.8891739242907648	0.8029613421428655	0.9999975864313674	0.003873703734115158	0.9961262962658849	0.9961262962658849	HG003	giabHC_x_ultima_x_clinvar	-1	-2	ont	sentdhiomr
HIOa-HG003-SR3x-ONT1bx-0-D0-PF-ILMN-NOVASEQ-ont-sentdhiomr-SNPtv	SNPtv	HIOa-HG003-SR3x-ONT1bx-0-D0-PF-ILMN-NOVASEQ	332544085.0	332429456.0	22874.0	91755.0	460.0	0.8871903463479723	0.80045189262752	0.999998616249688	0.00498834246055414	0.9950116575394459	0.9950116575394459	HG003	giabHC_x_ultima_x_clinvar	-1	-2	ont	sentdhiomr
HIOa-HG003-SR3x-ONT1bx-0-D0-PF-ILMN-NOVASEQ-ont-sentdhiomr-INS_50	INS_50	HIOa-HG003-SR3x-ONT1bx-0-D0-PF-ILMN-NOVASEQ	332544085.0	332526396.0	3755.0	13934.0	220.0	0.875168796909839	0.7877211826558879	0.9999993383988246	0.015543309311855305	0.9844566906881447	0.9844566906881447	HG003	giabHC_x_ultima_x_clinvar	-1	-2	ont	sentdhiomr
HIOa-HG003-SR3x-ONT1bx-0-D0-PF-ILMN-NOVASEQ-ont-sentdhiomr-INS_gt50	INS_gt50	HIOa-HG003-SR3x-ONT1bx-0-D0-PF-ILMN-NOVASEQ	332544085.0	332544085.0	0.0	0.0	1.0			0.9999999969928799	1.0	0.0	0.0	HG003	giabHC_x_ultima_x_clinvar	-1	-2	ont	sentdhiomr
HIOa-HG003-SR3x-ONT1bx-0-D0-PF-ILMN-NOVASEQ-ont-sentdhiomr-DEL_50	DEL_50	HIOa-HG003-SR3x-ONT1bx-0-D0-PF-ILMN-NOVASEQ	332544085.0	332524853.0	4359.0	14873.0	288.0	0.8648852964265985	0.7733465058236273	0.999999133900074	0.01899610843611899	0.981003891563881	0.981003891563881	HG003	giabHC_x_ultima_x_clinvar	-1	-2	ont	sentdhiomr
HIOa-HG003-SR3x-ONT1bx-0-D0-PF-ILMN-NOVASEQ-ont-sentdhiomr-DEL_gt50	DEL_gt50	HIOa-HG003-SR3x-ONT1bx-0-D0-PF-ILMN-NOVASEQ	332544085.0	332544085.0	0.0	0.0	18.0			0.9999999458718413	1.0	0.0	0.0	HG003	giabHC_x_ultima_x_clinvar	-1	-2	ont	sentdhiomr
HIOa-HG003-SR3x-ONT1bx-0-D0-PF-ILMN-NOVASEQ-ont-sentdhiomr-Indel_50	Indel_50	HIOa-HG003-SR3x-ONT1bx-0-D0-PF-ILMN-NOVASEQ	332544085.0	332543313.0	225.0	547.0	1.0	0.8287878787878787	0.7085492227979274	0.9999999969928729	0.0018248175182481751	0.9981751824817519	0.9981751824817519	HG003	giabHC_x_ultima_x_clinvar	-1	-2	ont	sentdhiomr
HIOa-HG003-SR3x-ONT1bx-0-D0-PF-ILMN-NOVASEQ-ont-sentdhiomr-Indel_gt50	Indel_gt50	HIOa-HG003-SR3x-ONT1bx-0-D0-PF-ILMN-NOVASEQ	332544085.0	332544069.0	7.0	9.0	0.0	0.72	0.5625	1.0	0.0	1.0	1.0	HG003	giabHC_x_ultima_x_clinvar	-1	-2	ont	sentdhiomr
HIOa-HG003-SR3x-ONT1bx-0-D0-PF-ILMN-NOVASEQ-ont-sentdhiomr-All	All	HIOa-HG003-SR3x-ONT1bx-0-D0-PF-ILMN-NOVASEQ	332544085.0	332134904.0	81828.0	327353.0	1790.0	0.8867461981460714	0.8000200400311842	0.999994610652685	0.005438365695153778	0.9945616343048462	0.9945616343048462	HG003	giabHC_x_ultima_x_clinvar	-1	-2	ont	sentdhiomr
HIOa-HG003-SR3x-ONT1bx-0-D0-PF-ILMN-NOVASEQ-ont-sentdhiomr-SNPts	SNPts	HIOa-HG003-SR3x-ONT1bx-0-D0-PF-ILMN-NOVASEQ	337668665.0	337403076.0	53757.0	211832.0	1329.0	0.884937859007833	0.7975932738178162	0.9999960611065525	0.006234723987971533	0.9937652760120285	0.9937652760120285	HG003	giabHC_x_clinvar_genes	-1	-2	ont	sentdhiomr
HIOa-HG003-SR3x-ONT1bx-0-D0-PF-ILMN-NOVASEQ-ont-sentdhiomr-SNPtv	SNPtv	HIOa-HG003-SR3x-ONT1bx-0-D0-PF-ILMN-NOVASEQ	337668665.0	337548379.0	24718.0	95568.0	742.0	0.8824539696023934	0.7945064263505313	0.9999978018014154	0.00770428823590489	0.9922957117640951	0.9922957117640951	HG003	giabHC_x_clinvar_genes	-1	-2	ont	sentdhiomr
HIOa-HG003-SR3x-ONT1bx-0-D0-PF-ILMN-NOVASEQ-ont-sentdhiomr-INS_50	INS_50	HIOa-HG003-SR3x-ONT1bx-0-D0-PF-ILMN-NOVASEQ	337668665.0	337641838.0	6045.0	20782.0	840.0	0.8578918037523994	0.7746673127818988	0.9999975121628434	0.038849320136897604	0.9611506798631024	0.9611506798631024	HG003	giabHC_x_clinvar_genes	-1	-2	ont	sentdhiomr
HIOa-HG003-SR3x-ONT1bx-0-D0-PF-ILMN-NOVASEQ-ont-sentdhiomr-INS_gt50	INS_gt50	HIOa-HG003-SR3x-ONT1bx-0-D0-PF-ILMN-NOVASEQ	337668665.0	337668665.0	0.0	0.0	1.0			0.999999997038517	1.0	0.0	0.0	HG003	giabHC_x_clinvar_genes	-1	-2	ont	sentdhiomr
HIOa-HG003-SR3x-ONT1bx-0-D0-PF-ILMN-NOVASEQ-ont-sentdhiomr-DEL_50	DEL_50	HIOa-HG003-SR3x-ONT1bx-0-D0-PF-ILMN-NOVASEQ	337668665.0	337640129.0	6460.0	22076.0	750.0	0.8596238464234257	0.7736192879170171	0.9999977787049891	0.03285726802768772	0.9671427319723123	0.9671427319723123	HG003	giabHC_x_clinvar_genes	-1	-2	ont	sentdhiomr
HIOa-HG003-SR3x-ONT1bx-0-D0-PF-ILMN-NOVASEQ-ont-sentdhiomr-DEL_gt50	DEL_gt50	HIOa-HG003-SR3x-ONT1bx-0-D0-PF-ILMN-NOVASEQ	337668665.0	337668665.0	0.0	0.0	20.0			0.9999999407703442	1.0	0.0	0.0	HG003	giabHC_x_clinvar_genes	-1	-2	ont	sentdhiomr
HIOa-HG003-SR3x-ONT1bx-0-D0-PF-ILMN-NOVASEQ-ont-sentdhiomr-Indel_50	Indel_50	HIOa-HG003-SR3x-ONT1bx-0-D0-PF-ILMN-NOVASEQ	337668665.0	337666624.0	471.0	1570.0	7.0	0.8678828081813157	0.7692307692307693	0.9999999792694944	0.004438807863031071	0.9955611921369689	0.9955611921369689	HG003	giabHC_x_clinvar_genes	-1	-2	ont	sentdhiomr
HIOa-HG003-SR3x-ONT1bx-0-D0-PF-ILMN-NOVASEQ-ont-sentdhiomr-Indel_gt50	Indel_gt50	HIOa-HG003-SR3x-ONT1bx-0-D0-PF-ILMN-NOVASEQ	337668665.0	337668638.0	11.0	16.0	0.0	0.7441860465116279	0.5925925925925926	1.0	0.0	1.0	1.0	HG003	giabHC_x_clinvar_genes	-1	-2	ont	sentdhiomr
HIOa-HG003-SR3x-ONT1bx-0-D0-PF-ILMN-NOVASEQ-ont-sentdhiomr-All	All	HIOa-HG003-SR3x-ONT1bx-0-D0-PF-ILMN-NOVASEQ	337668665.0	337225359.0	91462.0	351844.0	3689.0	0.8808883892749352	0.793682016485227	0.9999890608474511	0.010375970725642909	0.9896240292743571	0.9896240292743571	HG003	giabHC_x_clinvar_genes	-1	-2	ont	sentdhiomr
HIOa-HG003-SR3x-ONT1bx-0-D0-PF-ILMN-NOVASEQ-ont-sentdhiomr-SNPts	SNPts	HIOa-HG003-SR3x-ONT1bx-0-D0-PF-ILMN-NOVASEQ	2505355380.0	2503152210.0	440788.0	1762382.0	5301.0	0.8876591503135473	0.7999301007185101	0.9999978822746963	0.002998840855515384	0.9970011591444846	0.9970011591444846	HG003	giabHC_x_ultima	-1	-2	ont	sentdhiomr
HIOa-HG003-SR3x-ONT1bx-0-D0-PF-ILMN-NOVASEQ-ont-sentdhiomr-SNPtv	SNPtv	HIOa-HG003-SR3x-ONT1bx-0-D0-PF-ILMN-NOVASEQ	2505355380.0	2504320802.0	209261.0	825317.0	3015.0	0.8860513927135503	0.7977329887161722	0.9999987960822081	0.003639844893110492	0.9963601551068895	0.9963601551068895	HG003	giabHC_x_ultima	-1	-2	ont	sentdhiomr
HIOa-HG003-SR3x-ONT1bx-0-D0-PF-ILMN-NOVASEQ-ont-sentdhiomr-INS_50	INS_50	HIOa-HG003-SR3x-ONT1bx-0-D0-PF-ILMN-NOVASEQ	2505355380.0	2505199337.0	34268.0	121775.0	1985.0	0.8704338409523842	0.7803938657934031	0.9999992076485101	0.016039107950872655	0.9839608920491274	0.9839608920491273	HG003	giabHC_x_ultima	-1	-2	ont	sentdhiomr
HIOa-HG003-SR3x-ONT1bx-0-D0-PF-ILMN-NOVASEQ-ont-sentdhiomr-INS_gt50	INS_gt50	HIOa-HG003-SR3x-ONT1bx-0-D0-PF-ILMN-NOVASEQ	2505355380.0	2505355380.0	0.0	0.0	3.0			0.9999999988025651	1.0	0.0	0.0	HG003	giabHC_x_ultima	-1	-2	ont	sentdhiomr
HIOa-HG003-SR3x-ONT1bx-0-D0-PF-ILMN-NOVASEQ-ont-sentdhiomr-DEL_50	DEL_50	HIOa-HG003-SR3x-ONT1bx-0-D0-PF-ILMN-NOVASEQ	2505355380.0	2505186819.0	38955.0	129606.0	2297.0	0.8627056818786942	0.7688967198818232	0.9999990831031537	0.017414312032326785	0.9825856879676732	0.9825856879676732	HG003	giabHC_x_ultima	-1	-2	ont	sentdhiomr
HIOa-HG003-SR3x-ONT1bx-0-D0-PF-ILMN-NOVASEQ-ont-sentdhiomr-DEL_gt50	DEL_gt50	HIOa-HG003-SR3x-ONT1bx-0-D0-PF-ILMN-NOVASEQ	2505355380.0	2505355380.0	0.0	0.0	59.0			0.9999999764504472	1.0	0.0	0.0	HG003	giabHC_x_ultima	-1	-2	ont	sentdhiomr
HIOa-HG003-SR3x-ONT1bx-0-D0-PF-ILMN-NOVASEQ-ont-sentdhiomr-Indel_50	Indel_50	HIOa-HG003-SR3x-ONT1bx-0-D0-PF-ILMN-NOVASEQ	2505355380.0	2505347118.0	2286.0	5976.0	12.0	0.8387368421052632	0.7233115468409586	0.9999999952102446	0.002004008016032064	0.9979959919839679	0.9979959919839679	HG003	giabHC_x_ultima	-1	-2	ont	sentdhiomr
HIOa-HG003-SR3x-ONT1bx-0-D0-PF-ILMN-NOVASEQ-ont-sentdhiomr-Indel_gt50	Indel_gt50	HIOa-HG003-SR3x-ONT1bx-0-D0-PF-ILMN-NOVASEQ	2505355380.0	2505355159.0	82.0	139.0	0.0	0.7722222222222223	0.6289592760180995	1.0	0.0	1.0	1.0	HG003	giabHC_x_ultima	-1	-2	ont	sentdhiomr
HIOa-HG003-SR3x-ONT1bx-0-D0-PF-ILMN-NOVASEQ-ont-sentdhiomr-All	All	HIOa-HG003-SR3x-ONT1bx-0-D0-PF-ILMN-NOVASEQ	2505355380.0	2501784545.0	725640.0	2845195.0	12672.0	0.8851537993206093	0.7967870260037219	0.9999949348412758	0.00443407618339132	0.9955659238166087	0.9955659238166087	HG003	giabHC_x_ultima	-1	-2	ont	sentdhiomr
HIOa-HG003-SR3x-ONT1bx-0-D0-PF-ILMN-NOVASEQ-ont-sentdhiomr-SNPts	SNPts	HIOa-HG003-SR3x-ONT1bx-0-D0-PF-ILMN-NOVASEQ	377862616.0	377589357.0	56277.0	216982.0	28204.0	0.8370492530548082	0.79405252891945	0.9999253106769577	0.11503103766120415	0.8849689623387959	0.8849689623387959	HG003	clinvar_genes	-1	-2	ont	sentdhiomr
HIOa-HG003-SR3x-ONT1bx-0-D0-PF-ILMN-NOVASEQ-ont-sentdhiomr-SNPtv	SNPtv	HIOa-HG003-SR3x-ONT1bx-0-D0-PF-ILMN-NOVASEQ	377862616.0	377738253.0	26085.0	98278.0	16870.0	0.8206554187490346	0.7902511197060219	0.9999553414395389	0.14650710390106644	0.8534928960989335	0.8534928960989335	HG003	clinvar_genes	-1	-2	ont	sentdhiomr
HIOa-HG003-SR3x-ONT1bx-0-D0-PF-ILMN-NOVASEQ-ont-sentdhiomr-INS_50	INS_50	HIOa-HG003-SR3x-ONT1bx-0-D0-PF-ILMN-NOVASEQ	377862616.0	377832812.0	7024.0	22780.0	13347.0	0.6910254660175033	0.7643269359817474	0.9999646760998303	0.36944667423256844	0.6305533257674316	0.6305533257674316	HG003	clinvar_genes	-1	-2	ont	sentdhiomr
HIOa-HG003-SR3x-ONT1bx-0-D0-PF-ILMN-NOVASEQ-ont-sentdhiomr-INS_gt50	INS_gt50	HIOa-HG003-SR3x-ONT1bx-0-D0-PF-ILMN-NOVASEQ	377862616.0	377862586.0	23.0	7.0	192.0	0.061135371179039305	0.23333333333333334	0.9999994918790334	0.964824120603015	0.035175879396984966	0.035175879396984924	HG003	clinvar_genes	-1	-2	ont	sentdhiomr
HIOa-HG003-SR3x-ONT1bx-0-D0-PF-ILMN-NOVASEQ-ont-sentdhiomr-DEL_50	DEL_50	HIOa-HG003-SR3x-ONT1bx-0-D0-PF-ILMN-NOVASEQ	377862616.0	377831042.0	7375.0	24199.0	13494.0	0.6987165605555314	0.7664217394058402	0.9999642868992024	0.35799750616825404	0.6420024938317459	0.6420024938317459	HG003	clinvar_genes	-1	-2	ont	sentdhiomr
HIOa-HG003-SR3x-ONT1bx-0-D0-PF-ILMN-NOVASEQ-ont-sentdhiomr-DEL_gt50	DEL_gt50	HIOa-HG003-SR3x-ONT1bx-0-D0-PF-ILMN-NOVASEQ	377862616.0	377862598.0	12.0	6.0	284.0	0.03896103896103897	0.3333333333333333	0.9999992484046104	0.9793103448275862	0.020689655172413834	0.020689655172413793	HG003	clinvar_genes	-1	-2	ont	sentdhiomr
HIOa-HG003-SR3x-ONT1bx-0-D0-PF-ILMN-NOVASEQ-ont-sentdhiomr-Indel_50	Indel_50	HIOa-HG003-SR3x-ONT1bx-0-D0-PF-ILMN-NOVASEQ	377862616.0	377859985.0	748.0	1883.0	1605.0	0.615460042490603	0.7156974534397568	0.9999957524129404	0.4601490825688073	0.5398509174311927	0.5398509174311926	HG003	clinvar_genes	-1	-2	ont	sentdhiomr
HIOa-HG003-SR3x-ONT1bx-0-D0-PF-ILMN-NOVASEQ-ont-sentdhiomr-Indel_gt50	Indel_gt50	HIOa-HG003-SR3x-ONT1bx-0-D0-PF-ILMN-NOVASEQ	377862616.0	377862502.0	65.0	49.0	56.0	0.4474885844748858	0.4298245614035088	0.9999998517979651	0.5333333333333333	0.4666666666666667	0.4666666666666667	HG003	clinvar_genes	-1	-2	ont	sentdhiomr
HIOa-HG003-SR3x-ONT1bx-0-D0-PF-ILMN-NOVASEQ-ont-sentdhiomr-All	All	HIOa-HG003-SR3x-ONT1bx-0-D0-PF-ILMN-NOVASEQ	377862616.0	377400823.0	97609.0	364184.0	74052.0	0.809271701245182	0.7886304036657117	0.9998038227047562	0.16897744594236896	0.831022554057631	0.831022554057631	HG003	clinvar_genes	-1	-2	ont	sentdhiomr
HIOa-HG003-SR3x-ONT1bx-0-D0-PF-ILMN-NOVASEQ-ont-sentdhiomr-SNPts	SNPts	HIOa-HG003-SR3x-ONT1bx-0-D0-PF-ILMN-NOVASEQ	2799325643.0	2797071403.0	454200.0	1800040.0	100582.0	0.8664740248893946	0.7985130243452339	0.9999640415389045	0.05292057021333016	0.9470794297866698	0.9470794297866698	HG003	ultima	-1	-2	ont	sentdhiomr
HIOa-HG003-SR3x-ONT1bx-0-D0-PF-ILMN-NOVASEQ-ont-sentdhiomr-SNPtv	SNPtv	HIOa-HG003-SR3x-ONT1bx-0-D0-PF-ILMN-NOVASEQ	2799325643.0	2798266781.0	215706.0	843156.0	60350.0	0.8593250603352685	0.7962850683091848	0.9999784335436227	0.06679535055660947	0.9332046494433905	0.9332046494433905	HG003	ultima	-1	-2	ont	sentdhiomr
HIOa-HG003-SR3x-ONT1bx-0-D0-PF-ILMN-NOVASEQ-ont-sentdhiomr-INS_50	INS_50	HIOa-HG003-SR3x-ONT1bx-0-D0-PF-ILMN-NOVASEQ	2799325643.0	2799158728.0	37110.0	129805.0	20592.0	0.8181537414279951	0.7776712698079861	0.9999926435581126	0.13691762468666263	0.8630823753133374	0.8630823753133373	HG003	ultima	-1	-2	ont	sentdhiomr
HIOa-HG003-SR3x-ONT1bx-0-D0-PF-ILMN-NOVASEQ-ont-sentdhiomr-INS_gt50	INS_gt50	HIOa-HG003-SR3x-ONT1bx-0-D0-PF-ILMN-NOVASEQ	2799325643.0	2799325547.0	80.0	16.0	263.0	0.08533333333333333	0.16666666666666666	0.9999999060488068	0.942652329749104	0.05734767025089604	0.05734767025089606	HG003	ultima	-1	-2	ont	sentdhiomr
HIOa-HG003-SR3x-ONT1bx-0-D0-PF-ILMN-NOVASEQ-ont-sentdhiomr-DEL_50	DEL_50	HIOa-HG003-SR3x-ONT1bx-0-D0-PF-ILMN-NOVASEQ	2799325643.0	2799144168.0	42414.0	139061.0	27017.0	0.8002290298170351	0.7662818570050971	0.9999903482144483	0.16267657365816063	0.8373234263418394	0.8373234263418394	HG003	ultima	-1	-2	ont	sentdhiomr
HIOa-HG003-SR3x-ONT1bx-0-D0-PF-ILMN-NOVASEQ-ont-sentdhiomr-DEL_gt50	DEL_gt50	HIOa-HG003-SR3x-ONT1bx-0-D0-PF-ILMN-NOVASEQ	2799325643.0	2799325554.0	50.0	39.0	953.0	0.0721554116558742	0.43820224719101125	0.9999996595609703	0.9606854838709677	0.03931451612903225	0.03931451612903226	HG003	ultima	-1	-2	ont	sentdhiomr
HIOa-HG003-SR3x-ONT1bx-0-D0-PF-ILMN-NOVASEQ-ont-sentdhiomr-Indel_50	Indel_50	HIOa-HG003-SR3x-ONT1bx-0-D0-PF-ILMN-NOVASEQ	2799325643.0	2799315341.0	3022.0	7280.0	1098.0	0.779443254817987	0.706658901184236	0.9999996077613861	0.13105753163046074	0.8689424683695393	0.8689424683695393	HG003	ultima	-1	-2	ont	sentdhiomr
HIOa-HG003-SR3x-ONT1bx-0-D0-PF-ILMN-NOVASEQ-ont-sentdhiomr-Indel_gt50	Indel_gt50	HIOa-HG003-SR3x-ONT1bx-0-D0-PF-ILMN-NOVASEQ	2799325643.0	2799325093.0	225.0	325.0	143.0	0.6385068762278978	0.5909090909090909	0.9999999489162609	0.3055555555555556	0.6944444444444444	0.6944444444444444	HG003	ultima	-1	-2	ont	sentdhiomr
HIOa-HG003-SR3x-ONT1bx-0-D0-PF-ILMN-NOVASEQ-ont-sentdhiomr-All	All	HIOa-HG003-SR3x-ONT1bx-0-D0-PF-ILMN-NOVASEQ	2799325643.0	2795653114.0	752807.0	2919722.0	210998.0	0.8583316588882752	0.7950167309774817	0.9999245320975743	0.06739599836459345	0.9326040016354066	0.9326040016354066	HG003	ultima	-1	-2	ont	sentdhiomr
HIOa-HG003-SR3x-ONT2x-1-D0-PF-ILMN-NOVASEQ-ont-sentdhiomr-SNPts	SNPts	HIOa-HG003-SR3x-ONT2x-1-D0-PF-ILMN-NOVASEQ	3088286401.0	3085963544.0	320791.0	2002066.0	312273.0	0.8634812934368097	0.8618980849875821	0.9998988188293866	0.1349296710637465	0.8650703289362535	0.8650703289362535	HG003	hg38	-1	-2	ont	sentdhiomr
HIOa-HG003-SR3x-ONT2x-1-D0-PF-ILMN-NOVASEQ-ont-sentdhiomr-SNPtv	SNPtv	HIOa-HG003-SR3x-ONT2x-1-D0-PF-ILMN-NOVASEQ	3088286401.0	3087179251.0	157241.0	949909.0	251177.0	0.8230605536002384	0.8579767872465339	0.9999186452923046	0.20912490862436162	0.7908750913756384	0.7908750913756384	HG003	hg38	-1	-2	ont	sentdhiomr
HIOa-HG003-SR3x-ONT2x-1-D0-PF-ILMN-NOVASEQ-ont-sentdhiomr-INS_50	INS_50	HIOa-HG003-SR3x-ONT2x-1-D0-PF-ILMN-NOVASEQ	3088286401.0	3088023385.0	54807.0	208209.0	125750.0	0.697546798442146	0.7916210420658819	0.9999592798163227	0.3765432283603676	0.6234567716396324	0.6234567716396324	HG003	hg38	-1	-2	ont	sentdhiomr
HIOa-HG003-SR3x-ONT2x-1-D0-PF-ILMN-NOVASEQ-ont-sentdhiomr-INS_gt50	INS_gt50	HIOa-HG003-SR3x-ONT2x-1-D0-PF-ILMN-NOVASEQ	3088286401.0	3088286164.0	168.0	69.0	1735.0	0.0676139147476727	0.2911392405063291	0.9999994382000459	0.9617516629711752	0.0382483370288248	0.03824833702882483	HG003	hg38	-1	-2	ont	sentdhiomr
HIOa-HG003-SR3x-ONT2x-1-D0-PF-ILMN-NOVASEQ-ont-sentdhiomr-DEL_50	DEL_50	HIOa-HG003-SR3x-ONT2x-1-D0-PF-ILMN-NOVASEQ	3088286401.0	3088008430.0	57029.0	220942.0	131247.0	0.7012250856925225	0.7948383104712362	0.9999574996555443	0.37266070206622015	0.6273392979337798	0.6273392979337798	HG003	hg38	-1	-2	ont	sentdhiomr
HIOa-HG003-SR3x-ONT2x-1-D0-PF-ILMN-NOVASEQ-ont-sentdhiomr-DEL_gt50	DEL_gt50	HIOa-HG003-SR3x-ONT2x-1-D0-PF-ILMN-NOVASEQ	3088286401.0	3088286264.0	70.0	67.0	2433.0	0.05081532043989382	0.48905109489051096	0.9999992121850517	0.9732	0.026800000000000046	0.0268	HG003	hg38	-1	-2	ont	sentdhiomr
HIOa-HG003-SR3x-ONT2x-1-D0-PF-ILMN-NOVASEQ-ont-sentdhiomr-Indel_50	Indel_50	HIOa-HG003-SR3x-ONT2x-1-D0-PF-ILMN-NOVASEQ	3088286401.0	3088259673.0	7190.0	19538.0	14652.0	0.6414524442693458	0.7309937144567494	0.9999952556028195	0.4285463585843814	0.5714536414156186	0.5714536414156186	HG003	hg38	-1	-2	ont	sentdhiomr
HIOa-HG003-SR3x-ONT2x-1-D0-PF-ILMN-NOVASEQ-ont-sentdhiomr-Indel_gt50	Indel_gt50	HIOa-HG003-SR3x-ONT2x-1-D0-PF-ILMN-NOVASEQ	3088286401.0	3088285408.0	497.0	496.0	510.0	0.496248124062031	0.499496475327291	0.9999998348598499	0.5069582504970179	0.4930417495029821	0.49304174950298213	HG003	hg38	-1	-2	ont	sentdhiomr
HIOa-HG003-SR3x-ONT2x-1-D0-PF-ILMN-NOVASEQ-ont-sentdhiomr-All	All	HIOa-HG003-SR3x-ONT2x-1-D0-PF-ILMN-NOVASEQ	3088286401.0	3084287312.0	597793.0	3401296.0	839777.0	0.825541051256031	0.8505177054074066	0.9997277982476008	0.19801050347400292	0.801989496525997	0.801989496525997	HG003	hg38	-1	-2	ont	sentdhiomr
HIOa-HG003-SR3x-ONT2x-1-D0-PF-ILMN-NOVASEQ-ont-sentdhiomr-SNPts	SNPts	HIOa-HG003-SR3x-ONT2x-1-D0-PF-ILMN-NOVASEQ	688815815.0	688747874.0	14882.0	53059.0	304964.0	0.24912433914603113	0.7809570068147363	0.9995574156535149	0.8518000240208031	0.14819997597919687	0.14819997597919687	HG003	hg38_m_giabHC	-1	-2	ont	sentdhiomr
HIOa-HG003-SR3x-ONT2x-1-D0-PF-ILMN-NOVASEQ-ont-sentdhiomr-SNPtv	SNPtv	HIOa-HG003-SR3x-ONT2x-1-D0-PF-ILMN-NOVASEQ	688815815.0	688780666.0	7904.0	27245.0	246925.0	0.17616117988225746	0.7751287376596774	0.9996416326381914	0.900627347995769	0.09937265200423095	0.09937265200423095	HG003	hg38_m_giabHC	-1	-2	ont	sentdhiomr
HIOa-HG003-SR3x-ONT2x-1-D0-PF-ILMN-NOVASEQ-ont-sentdhiomr-INS_50	INS_50	HIOa-HG003-SR3x-ONT2x-1-D0-PF-ILMN-NOVASEQ	688815815.0	688787086.0	8221.0	20508.0	118699.0	0.2442358993902439	0.713843155000174	0.9998276992259544	0.8526798221353811	0.14732017786461893	0.14732017786461887	HG003	hg38_m_giabHC	-1	-2	ont	sentdhiomr
HIOa-HG003-SR3x-ONT2x-1-D0-PF-ILMN-NOVASEQ-ont-sentdhiomr-INS_gt50	INS_gt50	HIOa-HG003-SR3x-ONT2x-1-D0-PF-ILMN-NOVASEQ	688815815.0	688815579.0	167.0	69.0	1730.0	0.06781326781326782	0.2923728813559322	0.9999974884487114	0.9616453585325181	0.03835464146748191	0.03835464146748194	HG003	hg38_m_giabHC	-1	-2	ont	sentdhiomr
HIOa-HG003-SR3x-ONT2x-1-D0-PF-ILMN-NOVASEQ-ont-sentdhiomr-DEL_50	DEL_50	HIOa-HG003-SR3x-ONT2x-1-D0-PF-ILMN-NOVASEQ	688815815.0	688786595.0	7647.0	21573.0	125106.0	0.24528848941722237	0.7382956878850103	0.9998184005296783	0.8529237314134948	0.14707626858650524	0.14707626858650522	HG003	hg38_m_giabHC	-1	-2	ont	sentdhiomr
HIOa-HG003-SR3x-ONT2x-1-D0-PF-ILMN-NOVASEQ-ont-sentdhiomr-DEL_gt50	DEL_gt50	HIOa-HG003-SR3x-ONT2x-1-D0-PF-ILMN-NOVASEQ	688815815.0	688815678.0	70.0	67.0	2374.0	0.051978277734678044	0.48905109489051096	0.9999965535165737	0.9725522326915199	0.027447767308480087	0.02744776730848013	HG003	hg38_m_giabHC	-1	-2	ont	sentdhiomr
HIOa-HG003-SR3x-ONT2x-1-D0-PF-ILMN-NOVASEQ-ont-sentdhiomr-Indel_50	Indel_50	HIOa-HG003-SR3x-ONT2x-1-D0-PF-ILMN-NOVASEQ	688815815.0	688809876.0	2433.0	3506.0	14598.0	0.2916441375868236	0.590335073244654	0.9999788073732119	0.8063411400795404	0.19365885992045961	0.19365885992045956	HG003	hg38_m_giabHC	-1	-2	ont	sentdhiomr
HIOa-HG003-SR3x-ONT2x-1-D0-PF-ILMN-NOVASEQ-ont-sentdhiomr-Indel_gt50	Indel_gt50	HIOa-HG003-SR3x-ONT2x-1-D0-PF-ILMN-NOVASEQ	688815815.0	688815108.0	390.0	317.0	510.0	0.4132985658409387	0.44837340876944837	0.9999992595986695	0.6166868198307134	0.3833131801692866	0.38331318016928656	HG003	hg38_m_giabHC	-1	-2	ont	sentdhiomr
HIOa-HG003-SR3x-ONT2x-1-D0-PF-ILMN-NOVASEQ-ont-sentdhiomr-All	All	HIOa-HG003-SR3x-ONT2x-1-D0-PF-ILMN-NOVASEQ	688815815.0	688647757.0	41714.0	126344.0	814906.0	0.22778885575511942	0.7517880731652168	0.9988180563738518	0.8657699867197876	0.13423001328021245	0.13423001328021247	HG003	hg38_m_giabHC	-1	-2	ont	sentdhiomr
HIOa-HG003-SR3x-ONT2x-1-D0-PF-ILMN-NOVASEQ-ont-sentdhiomr-SNPts	SNPts	HIOa-HG003-SR3x-ONT2x-1-D0-PF-ILMN-NOVASEQ	2528531102.0	2526276163.0	305909.0	1949030.0	7309.0	0.9256240029748688	0.8643382370875664	0.9999971068171561	0.003736060059120633	0.9962639399408794	0.9962639399408794	HG003	giabHC	-1	-2	ont	sentdhiomr
HIOa-HG003-SR3x-ONT2x-1-D0-PF-ILMN-NOVASEQ-ont-sentdhiomr-SNPtv	SNPtv	HIOa-HG003-SR3x-ONT2x-1-D0-PF-ILMN-NOVASEQ	2528531102.0	2527459089.0	149337.0	922676.0	4252.0	0.9231648157699501	0.8606947863505386	0.9999983176808419	0.004587195553484197	0.9954128044465158	0.9954128044465158	HG003	giabHC	-1	-2	ont	sentdhiomr
HIOa-HG003-SR3x-ONT2x-1-D0-PF-ILMN-NOVASEQ-ont-sentdhiomr-INS_50	INS_50	HIOa-HG003-SR3x-ONT2x-1-D0-PF-ILMN-NOVASEQ	2528531102.0	2528296895.0	46568.0	187639.0	7049.0	0.8749880506883969	0.801167343418429	0.9999972119649551	0.03620664858645628	0.9637933514135437	0.9637933514135437	HG003	giabHC	-1	-2	ont	sentdhiomr
HIOa-HG003-SR3x-ONT2x-1-D0-PF-ILMN-NOVASEQ-ont-sentdhiomr-INS_gt50	INS_gt50	HIOa-HG003-SR3x-ONT2x-1-D0-PF-ILMN-NOVASEQ	2528531102.0	2528531101.0	1.0	0.0	5.0		0.0	0.9999999980225673	1.0	0.0	0.0	HG003	giabHC	-1	-2	ont	sentdhiomr
HIOa-HG003-SR3x-ONT2x-1-D0-PF-ILMN-NOVASEQ-ont-sentdhiomr-DEL_50	DEL_50	HIOa-HG003-SR3x-ONT2x-1-D0-PF-ILMN-NOVASEQ	2528531102.0	2528282156.0	49423.0	199523.0	6149.0	0.8777611093269513	0.80147100174335	0.9999975679197709	0.029897117740868957	0.970102882259131	0.970102882259131	HG003	giabHC	-1	-2	ont	sentdhiomr
HIOa-HG003-SR3x-ONT2x-1-D0-PF-ILMN-NOVASEQ-ont-sentdhiomr-DEL_gt50	DEL_gt50	HIOa-HG003-SR3x-ONT2x-1-D0-PF-ILMN-NOVASEQ	2528531102.0	2528531102.0	0.0	0.0	59.0			0.999999976666295	1.0	0.0	0.0	HG003	giabHC	-1	-2	ont	sentdhiomr
HIOa-HG003-SR3x-ONT2x-1-D0-PF-ILMN-NOVASEQ-ont-sentdhiomr-Indel_50	Indel_50	HIOa-HG003-SR3x-ONT2x-1-D0-PF-ILMN-NOVASEQ	2528531102.0	2528510312.0	4758.0	16032.0	54.0	0.8695086234949562	0.7711399711399711	0.9999999786435521	0.0033569563595673255	0.9966430436404327	0.9966430436404327	HG003	giabHC	-1	-2	ont	sentdhiomr
HIOa-HG003-SR3x-ONT2x-1-D0-PF-ILMN-NOVASEQ-ont-sentdhiomr-Indel_gt50	Indel_gt50	HIOa-HG003-SR3x-ONT2x-1-D0-PF-ILMN-NOVASEQ	2528531102.0	2528530814.0	109.0	179.0	0.0	0.7665952890792291	0.6215277777777778	1.0	0.0	1.0	1.0	HG003	giabHC	-1	-2	ont	sentdhiomr
HIOa-HG003-SR3x-ONT2x-1-D0-PF-ILMN-NOVASEQ-ont-sentdhiomr-All	All	HIOa-HG003-SR3x-ONT2x-1-D0-PF-ILMN-NOVASEQ	2528531102.0	2524699918.0	556105.0	3275079.0	24877.0	0.9185288747661664	0.8548477441960501	0.999990146648835	0.007538585362956355	0.9924614146370436	0.9924614146370436	HG003	giabHC	-1	-2	ont	sentdhiomr
HIOa-HG003-SR3x-ONT2x-1-D0-PF-ILMN-NOVASEQ-ont-sentdhiomr-SNPts	SNPts	HIOa-HG003-SR3x-ONT2x-1-D0-PF-ILMN-NOVASEQ	332544085.0	332287240.0	33501.0	223344.0	688.0	0.9289028171445088	0.8695672487297786	0.9999979295064851	0.0030709898585916297	0.9969290101414083	0.9969290101414083	HG003	giabHC_x_ultima_x_clinvar	-1	-2	ont	sentdhiomr
HIOa-HG003-SR3x-ONT2x-1-D0-PF-ILMN-NOVASEQ-ont-sentdhiomr-SNPtv	SNPtv	HIOa-HG003-SR3x-ONT2x-1-D0-PF-ILMN-NOVASEQ	332544085.0	332429467.0	15197.0	99421.0	364.0	0.9274217245094519	0.8674117503358983	0.9999989050320818	0.0036478428621536303	0.9963521571378464	0.9963521571378464	HG003	giabHC_x_ultima_x_clinvar	-1	-2	ont	sentdhiomr
HIOa-HG003-SR3x-ONT2x-1-D0-PF-ILMN-NOVASEQ-ont-sentdhiomr-INS_50	INS_50	HIOa-HG003-SR3x-ONT2x-1-D0-PF-ILMN-NOVASEQ	332544085.0	332526402.0	2893.0	14790.0	244.0	0.9041171256533301	0.836396539048804	0.9999992662242171	0.016229878941066915	0.9837701210589331	0.9837701210589331	HG003	giabHC_x_ultima_x_clinvar	-1	-2	ont	sentdhiomr
HIOa-HG003-SR3x-ONT2x-1-D0-PF-ILMN-NOVASEQ-ont-sentdhiomr-INS_gt50	INS_gt50	HIOa-HG003-SR3x-ONT2x-1-D0-PF-ILMN-NOVASEQ	332544085.0	332544085.0	0.0	0.0	1.0			0.9999999969928799	1.0	0.0	0.0	HG003	giabHC_x_ultima_x_clinvar	-1	-2	ont	sentdhiomr
HIOa-HG003-SR3x-ONT2x-1-D0-PF-ILMN-NOVASEQ-ont-sentdhiomr-DEL_50	DEL_50	HIOa-HG003-SR3x-ONT2x-1-D0-PF-ILMN-NOVASEQ	332544085.0	332524856.0	3391.0	15838.0	284.0	0.8960425447653533	0.8236517759633887	0.9999991459292371	0.01761568043667039	0.9823843195633296	0.9823843195633296	HG003	giabHC_x_ultima_x_clinvar	-1	-2	ont	sentdhiomr
HIOa-HG003-SR3x-ONT2x-1-D0-PF-ILMN-NOVASEQ-ont-sentdhiomr-DEL_gt50	DEL_gt50	HIOa-HG003-SR3x-ONT2x-1-D0-PF-ILMN-NOVASEQ	332544085.0	332544085.0	0.0	0.0	16.0			0.9999999518860808	1.0	0.0	0.0	HG003	giabHC_x_ultima_x_clinvar	-1	-2	ont	sentdhiomr
HIOa-HG003-SR3x-ONT2x-1-D0-PF-ILMN-NOVASEQ-ont-sentdhiomr-Indel_50	Indel_50	HIOa-HG003-SR3x-ONT2x-1-D0-PF-ILMN-NOVASEQ	332544085.0	332543301.0	222.0	562.0	1.0	0.8344469190794358	0.7168367346938775	0.9999999969928728	0.0017761989342806395	0.9982238010657194	0.9982238010657194	HG003	giabHC_x_ultima_x_clinvar	-1	-2	ont	sentdhiomr
HIOa-HG003-SR3x-ONT2x-1-D0-PF-ILMN-NOVASEQ-ont-sentdhiomr-Indel_gt50	Indel_gt50	HIOa-HG003-SR3x-ONT2x-1-D0-PF-ILMN-NOVASEQ	332544085.0	332544065.0	7.0	13.0	0.0	0.787878787878788	0.65	1.0	0.0	1.0	1.0	HG003	giabHC_x_ultima_x_clinvar	-1	-2	ont	sentdhiomr
HIOa-HG003-SR3x-ONT2x-1-D0-PF-ILMN-NOVASEQ-ont-sentdhiomr-All	All	HIOa-HG003-SR3x-ONT2x-1-D0-PF-ILMN-NOVASEQ	332544085.0	332134906.0	55211.0	353968.0	1598.0	0.9257151076502625	0.865068832955748	0.9999951887251755	0.004494242981612415	0.9955057570183876	0.9955057570183876	HG003	giabHC_x_ultima_x_clinvar	-1	-2	ont	sentdhiomr
HIOa-HG003-SR3x-ONT2x-1-D0-PF-ILMN-NOVASEQ-ont-sentdhiomr-SNPts	SNPts	HIOa-HG003-SR3x-ONT2x-1-D0-PF-ILMN-NOVASEQ	2799325643.0	2797071360.0	302302.0	1951981.0	110756.0	0.9043187198576796	0.865898824593008	0.999960404437249	0.0536937088926024	0.9463062911073976	0.9463062911073976	HG003	ultima	-1	-2	ont	sentdhiomr
HIOa-HG003-SR3x-ONT2x-1-D0-PF-ILMN-NOVASEQ-ont-sentdhiomr-SNPtv	SNPtv	HIOa-HG003-SR3x-ONT2x-1-D0-PF-ILMN-NOVASEQ	2799325643.0	2798266782.0	144934.0	913927.0	66646.0	0.8962555297205008	0.8631227328232884	0.999976183681568	0.06796638292100639	0.9320336170789936	0.9320336170789936	HG003	ultima	-1	-2	ont	sentdhiomr
HIOa-HG003-SR3x-ONT2x-1-D0-PF-ILMN-NOVASEQ-ont-sentdhiomr-INS_50	INS_50	HIOa-HG003-SR3x-ONT2x-1-D0-PF-ILMN-NOVASEQ	2799325643.0	2799158742.0	29911.0	136990.0	22147.0	0.8403314951017979	0.8207859749192635	0.9999920880425817	0.13916939492387062	0.8608306050761294	0.8608306050761294	HG003	ultima	-1	-2	ont	sentdhiomr
HIOa-HG003-SR3x-ONT2x-1-D0-PF-ILMN-NOVASEQ-ont-sentdhiomr-INS_gt50	INS_gt50	HIOa-HG003-SR3x-ONT2x-1-D0-PF-ILMN-NOVASEQ	2799325643.0	2799325546.0	69.0	28.0	340.0	0.12043010752688173	0.28865979381443296	0.999999878542187	0.9239130434782609	0.07608695652173914	0.07608695652173914	HG003	ultima	-1	-2	ont	sentdhiomr
HIOa-HG003-SR3x-ONT2x-1-D0-PF-ILMN-NOVASEQ-ont-sentdhiomr-DEL_50	DEL_50	HIOa-HG003-SR3x-ONT2x-1-D0-PF-ILMN-NOVASEQ	2799325643.0	2799144156.0	34244.0	147243.0	28807.0	0.8236518178538165	0.8113143090138688	0.9999897087459829	0.16362965066742402	0.836370349332576	0.8363703493325759	HG003	ultima	-1	-2	ont	sentdhiomr
HIOa-HG003-SR3x-ONT2x-1-D0-PF-ILMN-NOVASEQ-ont-sentdhiomr-DEL_gt50	DEL_gt50	HIOa-HG003-SR3x-ONT2x-1-D0-PF-ILMN-NOVASEQ	2799325643.0	2799325555.0	40.0	48.0	1192.0	0.07228915662650603	0.5454545454545454	0.9999995741833277	0.9612903225806452	0.03870967741935483	0.03870967741935484	HG003	ultima	-1	-2	ont	sentdhiomr
HIOa-HG003-SR3x-ONT2x-1-D0-PF-ILMN-NOVASEQ-ont-sentdhiomr-Indel_50	Indel_50	HIOa-HG003-SR3x-ONT2x-1-D0-PF-ILMN-NOVASEQ	2799325643.0	2799315285.0	2936.0	7422.0	1116.0	0.7855630821337849	0.7165475960610156	0.9999996013312394	0.13070976809557272	0.8692902319044273	0.8692902319044272	HG003	ultima	-1	-2	ont	sentdhiomr
HIOa-HG003-SR3x-ONT2x-1-D0-PF-ILMN-NOVASEQ-ont-sentdhiomr-Indel_gt50	Indel_gt50	HIOa-HG003-SR3x-ONT2x-1-D0-PF-ILMN-NOVASEQ	2799325643.0	2799325097.0	210.0	336.0	168.0	0.64	0.6153846153846154	0.9999999399855379	0.3333333333333333	0.6666666666666667	0.6666666666666666	HG003	ultima	-1	-2	ont	sentdhiomr
HIOa-HG003-SR3x-ONT2x-1-D0-PF-ILMN-NOVASEQ-ont-sentdhiomr-All	All	HIOa-HG003-SR3x-ONT2x-1-D0-PF-ILMN-NOVASEQ	2799325643.0	2795653022.0	514646.0	3157975.0	231172.0	0.8943865049092522	0.8598695590968957	0.9999173170331961	0.06820949342120598	0.931790506578794	0.931790506578794	HG003	ultima	-1	-2	ont	sentdhiomr
HIOa-HG003-SR3x-ONT2x-1-D0-PF-ILMN-NOVASEQ-ont-sentdhiomr-SNPts	SNPts	HIOa-HG003-SR3x-ONT2x-1-D0-PF-ILMN-NOVASEQ	2505355380.0	2503152186.0	292762.0	1910432.0	5140.0	0.9276720260388669	0.867119282278365	0.9999979465933098	0.0026832716285266228	0.9973167283714733	0.9973167283714733	HG003	giabHC_x_ultima	-1	-2	ont	sentdhiomr
HIOa-HG003-SR3x-ONT2x-1-D0-PF-ILMN-NOVASEQ-ont-sentdhiomr-SNPtv	SNPtv	HIOa-HG003-SR3x-ONT2x-1-D0-PF-ILMN-NOVASEQ	2505355380.0	2504320826.0	140310.0	894244.0	2873.0	0.9258760938068645	0.8643763399493888	0.9999988527840865	0.003202480835833007	0.996797519164167	0.996797519164167	HG003	giabHC_x_ultima	-1	-2	ont	sentdhiomr
HIOa-HG003-SR3x-ONT2x-1-D0-PF-ILMN-NOVASEQ-ont-sentdhiomr-INS_50	INS_50	HIOa-HG003-SR3x-ONT2x-1-D0-PF-ILMN-NOVASEQ	2505355380.0	2505199363.0	27432.0	128585.0	2197.0	0.8966907137054174	0.8241730067877219	0.999999123024656	0.016798947867443532	0.9832010521325565	0.9832010521325565	HG003	giabHC_x_ultima	-1	-2	ont	sentdhiomr
HIOa-HG003-SR3x-ONT2x-1-D0-PF-ILMN-NOVASEQ-ont-sentdhiomr-INS_gt50	INS_gt50	HIOa-HG003-SR3x-ONT2x-1-D0-PF-ILMN-NOVASEQ	2505355380.0	2505355380.0	0.0	0.0	4.0			0.9999999984034201	1.0	0.0	0.0	HG003	giabHC_x_ultima	-1	-2	ont	sentdhiomr
HIOa-HG003-SR3x-ONT2x-1-D0-PF-ILMN-NOVASEQ-ont-sentdhiomr-DEL_50	DEL_50	HIOa-HG003-SR3x-ONT2x-1-D0-PF-ILMN-NOVASEQ	2505355380.0	2505186815.0	31287.0	137278.0	2365.0	0.8908139957431345	0.8143920742740189	0.9999990559595184	0.0169360440551979	0.9830639559448021	0.9830639559448021	HG003	giabHC_x_ultima	-1	-2	ont	sentdhiomr
HIOa-HG003-SR3x-ONT2x-1-D0-PF-ILMN-NOVASEQ-ont-sentdhiomr-DEL_gt50	DEL_gt50	HIOa-HG003-SR3x-ONT2x-1-D0-PF-ILMN-NOVASEQ	2505355380.0	2505355380.0	0.0	0.0	57.0			0.9999999772487372	1.0	0.0	0.0	HG003	giabHC_x_ultima	-1	-2	ont	sentdhiomr
HIOa-HG003-SR3x-ONT2x-1-D0-PF-ILMN-NOVASEQ-ont-sentdhiomr-Indel_50	Indel_50	HIOa-HG003-SR3x-ONT2x-1-D0-PF-ILMN-NOVASEQ	2505355380.0	2505347076.0	2224.0	6080.0	12.0	0.8446790775215338	0.7321772639691715	0.9999999952102445	0.001969796454366382	0.9980302035456337	0.9980302035456337	HG003	giabHC_x_ultima	-1	-2	ont	sentdhiomr
HIOa-HG003-SR3x-ONT2x-1-D0-PF-ILMN-NOVASEQ-ont-sentdhiomr-Indel_gt50	Indel_gt50	HIOa-HG003-SR3x-ONT2x-1-D0-PF-ILMN-NOVASEQ	2505355380.0	2505355161.0	76.0	143.0	0.0	0.7900552486187845	0.6529680365296804	1.0	0.0	1.0	1.0	HG003	giabHC_x_ultima	-1	-2	ont	sentdhiomr
HIOa-HG003-SR3x-ONT2x-1-D0-PF-ILMN-NOVASEQ-ont-sentdhiomr-All	All	HIOa-HG003-SR3x-ONT2x-1-D0-PF-ILMN-NOVASEQ	2505355380.0	2501784527.0	494091.0	3076762.0	12648.0	0.9239160675787127	0.8616322206486797	0.9999949444342945	0.004093985583007759	0.9959060144169922	0.9959060144169922	HG003	giabHC_x_ultima	-1	-2	ont	sentdhiomr
HIOa-HG003-SR3x-ONT2x-1-D0-PF-ILMN-NOVASEQ-ont-sentdhiomr-SNPts	SNPts	HIOa-HG003-SR3x-ONT2x-1-D0-PF-ILMN-NOVASEQ	377862616.0	377589344.0	37519.0	235753.0	32611.0	0.8705219003168179	0.862704558095963	0.9999136411440908	0.12151778927128826	0.8784822107287118	0.8784822107287118	HG003	clinvar_genes	-1	-2	ont	sentdhiomr
HIOa-HG003-SR3x-ONT2x-1-D0-PF-ILMN-NOVASEQ-ont-sentdhiomr-SNPtv	SNPtv	HIOa-HG003-SR3x-ONT2x-1-D0-PF-ILMN-NOVASEQ	377862616.0	377738228.0	17485.0	106903.0	19463.0	0.8526524003605127	0.8594317779850146	0.9999484775546238	0.15402086004146684	0.8459791399585331	0.8459791399585331	HG003	clinvar_genes	-1	-2	ont	sentdhiomr
HIOa-HG003-SR3x-ONT2x-1-D0-PF-ILMN-NOVASEQ-ont-sentdhiomr-INS_50	INS_50	HIOa-HG003-SR3x-ONT2x-1-D0-PF-ILMN-NOVASEQ	377862616.0	377832797.0	5884.0	23935.0	13953.0	0.707016999719379	0.8026761460813575	0.9999630723302503	0.36826963682432434	0.6317303631756757	0.6317303631756757	HG003	clinvar_genes	-1	-2	ont	sentdhiomr
HIOa-HG003-SR3x-ONT2x-1-D0-PF-ILMN-NOVASEQ-ont-sentdhiomr-INS_gt50	INS_gt50	HIOa-HG003-SR3x-ONT2x-1-D0-PF-ILMN-NOVASEQ	377862616.0	377862588.0	19.0	9.0	237.0	0.06569343065693431	0.32142857142857145	0.9999993727882599	0.9634146341463414	0.03658536585365857	0.036585365853658534	HG003	clinvar_genes	-1	-2	ont	sentdhiomr
HIOa-HG003-SR3x-ONT2x-1-D0-PF-ILMN-NOVASEQ-ont-sentdhiomr-DEL_50	DEL_50	HIOa-HG003-SR3x-ONT2x-1-D0-PF-ILMN-NOVASEQ	377862616.0	377831043.0	6185.0	25388.0	14154.0	0.7139984532095902	0.804104773065594	0.9999625402145842	0.3579485104445906	0.6420514895554095	0.6420514895554095	HG003	clinvar_genes	-1	-2	ont	sentdhiomr
HIOa-HG003-SR3x-ONT2x-1-D0-PF-ILMN-NOVASEQ-ont-sentdhiomr-DEL_gt50	DEL_gt50	HIOa-HG003-SR3x-ONT2x-1-D0-PF-ILMN-NOVASEQ	377862616.0	377862599.0	7.0	10.0	359.0	0.05181347150259067	0.5882352941176471	0.9999990499201036	0.9728997289972899	0.027100271002710064	0.02710027100271003	HG003	clinvar_genes	-1	-2	ont	sentdhiomr
HIOa-HG003-SR3x-ONT2x-1-D0-PF-ILMN-NOVASEQ-ont-sentdhiomr-Indel_50	Indel_50	HIOa-HG003-SR3x-ONT2x-1-D0-PF-ILMN-NOVASEQ	377862616.0	377859970.0	719.0	1927.0	1610.0	0.6233220119683003	0.7282690854119426	0.9999957391804692	0.45518801243992085	0.5448119875600792	0.5448119875600792	HG003	clinvar_genes	-1	-2	ont	sentdhiomr
HIOa-HG003-SR3x-ONT2x-1-D0-PF-ILMN-NOVASEQ-ont-sentdhiomr-Indel_gt50	Indel_gt50	HIOa-HG003-SR3x-ONT2x-1-D0-PF-ILMN-NOVASEQ	377862616.0	377862501.0	61.0	54.0	64.0	0.46351931330472096	0.46956521739130436	0.999999830626249	0.5423728813559322	0.4576271186440678	0.4576271186440678	HG003	clinvar_genes	-1	-2	ont	sentdhiomr
HIOa-HG003-SR3x-ONT2x-1-D0-PF-ILMN-NOVASEQ-ont-sentdhiomr-All	All	HIOa-HG003-SR3x-ONT2x-1-D0-PF-ILMN-NOVASEQ	377862616.0	377400758.0	67879.0	393979.0	82451.0	0.8397826680081169	0.8530305851582088	0.9997815770396293	0.1730600507944504	0.8269399492055496	0.8269399492055496	HG003	clinvar_genes	-1	-2	ont	sentdhiomr
HIOa-HG003-SR3x-ONT3x-2-D0-PF-ILMN-NOVASEQ-ont-sentdhiomr-SNPts	SNPts	HIOa-HG003-SR3x-ONT3x-2-D0-PF-ILMN-NOVASEQ	688815815.0	688747877.0	11020.0	56918.0	332049.0	0.24914588371762186	0.8377932821101592	0.9995181270162266	0.8536688202341073	0.14633117976589272	0.14633117976589274	HG003	hg38_m_giabHC	-1	-2	ont	sentdhiomr
HIOa-HG003-SR3x-ONT3x-2-D0-PF-ILMN-NOVASEQ-ont-sentdhiomr-SNPtv	SNPtv	HIOa-HG003-SR3x-ONT3x-2-D0-PF-ILMN-NOVASEQ	688815815.0	688780683.0	6020.0	29112.0	272255.0	0.17302874599924517	0.8286462484344757	0.999604885220009	0.9034001732107364	0.0965998267892636	0.09659982678926358	HG003	hg38_m_giabHC	-1	-2	ont	sentdhiomr
HIOa-HG003-SR3x-ONT3x-2-D0-PF-ILMN-NOVASEQ-ont-sentdhiomr-INS_50	INS_50	HIOa-HG003-SR3x-ONT3x-2-D0-PF-ILMN-NOVASEQ	688815815.0	688787094.0	7682.0	21039.0	122675.0	0.24402238524661465	0.7325302043800703	0.9998219287844066	0.8536050767496556	0.14639492325034442	0.14639492325034442	HG003	hg38_m_giabHC	-1	-2	ont	sentdhiomr
HIOa-HG003-SR3x-ONT3x-2-D0-PF-ILMN-NOVASEQ-ont-sentdhiomr-INS_gt50	INS_gt50	HIOa-HG003-SR3x-ONT3x-2-D0-PF-ILMN-NOVASEQ	688815815.0	688815583.0	160.0	72.0	2002.0	0.0624457935819601	0.3103448275862069	0.9999970935701359	0.9652844744455159	0.034715525554484095	0.03471552555448409	HG003	hg38_m_giabHC	-1	-2	ont	sentdhiomr
HIOa-HG003-SR3x-ONT3x-2-D0-PF-ILMN-NOVASEQ-ont-sentdhiomr-DEL_50	DEL_50	HIOa-HG003-SR3x-ONT3x-2-D0-PF-ILMN-NOVASEQ	688815815.0	688786606.0	7117.0	22092.0	129391.0	0.24452659774644142	0.7563422232873429	0.999812181745578	0.8541618531452374	0.1458381468547626	0.14583814685476257	HG003	hg38_m_giabHC	-1	-2	ont	sentdhiomr
HIOa-HG003-SR3x-ONT3x-2-D0-PF-ILMN-NOVASEQ-ont-sentdhiomr-DEL_gt50	DEL_gt50	HIOa-HG003-SR3x-ONT3x-2-D0-PF-ILMN-NOVASEQ	688815815.0	688815678.0	64.0	73.0	2666.0	0.05076495132127956	0.5328467153284672	0.9999961296036565	0.9733479372033589	0.02665206279664112	0.02665206279664111	HG003	hg38_m_giabHC	-1	-2	ont	sentdhiomr
HIOa-HG003-SR3x-ONT3x-2-D0-PF-ILMN-NOVASEQ-ont-sentdhiomr-Indel_50	Indel_50	HIOa-HG003-SR3x-ONT3x-2-D0-PF-ILMN-NOVASEQ	688815815.0	688809851.0	2376.0	3588.0	14771.0	0.29502939604489575	0.6016096579476862	0.9999785562253029	0.8045645187646386	0.19543548123536136	0.1954354812353614	HG003	hg38_m_giabHC	-1	-2	ont	sentdhiomr
HIOa-HG003-SR3x-ONT3x-2-D0-PF-ILMN-NOVASEQ-ont-sentdhiomr-Indel_gt50	Indel_gt50	HIOa-HG003-SR3x-ONT3x-2-D0-PF-ILMN-NOVASEQ	688815815.0	688815086.0	387.0	342.0	576.0	0.41530054644808745	0.4691358024691358	0.9999991637820802	0.6274509803921569	0.37254901960784315	0.37254901960784315	HG003	hg38_m_giabHC	-1	-2	ont	sentdhiomr
HIOa-HG003-SR3x-ONT3x-2-D0-PF-ILMN-NOVASEQ-ont-sentdhiomr-All	All	HIOa-HG003-SR3x-ONT3x-2-D0-PF-ILMN-NOVASEQ	688815815.0	688647753.0	34826.0	133236.0	876385.0	0.226268019492512	0.7927788554224037	0.9987290002601765	0.8680336482699944	0.1319663517300056	0.13196635173000562	HG003	hg38_m_giabHC	-1	-2	ont	sentdhiomr
HIOa-HG003-SR3x-ONT3x-2-D0-PF-ILMN-NOVASEQ-ont-sentdhiomr-SNPts	SNPts	HIOa-HG003-SR3x-ONT3x-2-D0-PF-ILMN-NOVASEQ	3088286401.0	3085963578.0	216773.0	2106050.0	339452.0	0.883350023331044	0.9066769185598731	0.9998900133924957	0.13880667445784137	0.8611933255421587	0.8611933255421587	HG003	hg38	-1	-2	ont	sentdhiomr
HIOa-HG003-SR3x-ONT3x-2-D0-PF-ILMN-NOVASEQ-ont-sentdhiomr-SNPtv	SNPtv	HIOa-HG003-SR3x-ONT3x-2-D0-PF-ILMN-NOVASEQ	3088286401.0	3087179317.0	107560.0	999524.0	276370.0	0.838886468947678	0.9028438673126881	0.9999104861646554	0.21660890324744844	0.7833910967525516	0.7833910967525516	HG003	hg38	-1	-2	ont	sentdhiomr
HIOa-HG003-SR3x-ONT3x-2-D0-PF-ILMN-NOVASEQ-ont-sentdhiomr-INS_50	INS_50	HIOa-HG003-SR3x-ONT3x-2-D0-PF-ILMN-NOVASEQ	3088286401.0	3088023377.0	49451.0	213573.0	129792.0	0.7044092158663828	0.8119905407871525	0.9999579709966129	0.3780000873705823	0.6219999126294177	0.6219999126294177	HG003	hg38	-1	-2	ont	sentdhiomr
HIOa-HG003-SR3x-ONT3x-2-D0-PF-ILMN-NOVASEQ-ont-sentdhiomr-INS_gt50	INS_gt50	HIOa-HG003-SR3x-ONT3x-2-D0-PF-ILMN-NOVASEQ	3088286401.0	3088286168.0	161.0	72.0	2005.0	0.06233766233766234	0.3090128755364807	0.9999993507730213	0.9653346172363987	0.034665382763601316	0.03466538276360135	HG003	hg38	-1	-2	ont	sentdhiomr
HIOa-HG003-SR3x-ONT3x-2-D0-PF-ILMN-NOVASEQ-ont-sentdhiomr-DEL_50	DEL_50	HIOa-HG003-SR3x-ONT3x-2-D0-PF-ILMN-NOVASEQ	3088286401.0	3088008513.0	51062.0	226826.0	135528.0	0.7085633244929261	0.816249712114233	0.9999561134460697	0.37402098500361525	0.6259790149963848	0.6259790149963848	HG003	hg38	-1	-2	ont	sentdhiomr
HIOa-HG003-SR3x-ONT3x-2-D0-PF-ILMN-NOVASEQ-ont-sentdhiomr-DEL_gt50	DEL_gt50	HIOa-HG003-SR3x-ONT3x-2-D0-PF-ILMN-NOVASEQ	3088286401.0	3088286264.0	64.0	73.0	2703.0	0.050120151047030555	0.5328467153284672	0.9999991247580686	0.9737031700288185	0.026296829971181546	0.026296829971181556	HG003	hg38	-1	-2	ont	sentdhiomr
HIOa-HG003-SR3x-ONT3x-2-D0-PF-ILMN-NOVASEQ-ont-sentdhiomr-Indel_50	Indel_50	HIOa-HG003-SR3x-ONT3x-2-D0-PF-ILMN-NOVASEQ	3088286401.0	3088259583.0	7074.0	19744.0	14823.0	0.6432841899486845	0.7362219404877322	0.9999952002322167	0.4288193942199207	0.5711806057800792	0.5711806057800792	HG003	hg38	-1	-2	ont	sentdhiomr
HIOa-HG003-SR3x-ONT3x-2-D0-PF-ILMN-NOVASEQ-ont-sentdhiomr-Indel_gt50	Indel_gt50	HIOa-HG003-SR3x-ONT3x-2-D0-PF-ILMN-NOVASEQ	3088286401.0	3088285379.0	492.0	530.0	576.0	0.49812030075187974	0.5185909980430529	0.9999998134887739	0.5207956600361664	0.4792043399638336	0.47920433996383366	HG003	hg38	-1	-2	ont	sentdhiomr
HIOa-HG003-SR3x-ONT3x-2-D0-PF-ILMN-NOVASEQ-ont-sentdhiomr-All	All	HIOa-HG003-SR3x-ONT3x-2-D0-PF-ILMN-NOVASEQ	3088286401.0	3084287372.0	432637.0	3566392.0	901249.0	0.8424544714746175	0.891814487966954	0.9997078788007108	0.20172816034233726	0.7982718396576627	0.7982718396576627	HG003	hg38	-1	-2	ont	sentdhiomr
HIOa-HG003-SR3x-ONT3x-2-D0-PF-ILMN-NOVASEQ-ont-sentdhiomr-SNPts	SNPts	HIOa-HG003-SR3x-ONT3x-2-D0-PF-ILMN-NOVASEQ	2528531102.0	2526276194.0	205753.0	2049155.0	7403.0	0.9505606677635866	0.9087532617738728	0.9999970696084918	0.003599703971392978	0.996400296028607	0.996400296028607	HG003	giabHC	-1	-2	ont	sentdhiomr
HIOa-HG003-SR3x-ONT3x-2-D0-PF-ILMN-NOVASEQ-ont-sentdhiomr-SNPtv	SNPtv	HIOa-HG003-SR3x-ONT3x-2-D0-PF-ILMN-NOVASEQ	2528531102.0	2527459138.0	101540.0	970424.0	4115.0	0.9483729073448708	0.9052766697389092	0.99999837188533	0.004222509309529942	0.9957774906904701	0.9957774906904701	HG003	giabHC	-1	-2	ont	sentdhiomr
HIOa-HG003-SR3x-ONT3x-2-D0-PF-ILMN-NOVASEQ-ont-sentdhiomr-INS_50	INS_50	HIOa-HG003-SR3x-ONT3x-2-D0-PF-ILMN-NOVASEQ	2528531102.0	2528296877.0	41757.0	192468.0	7115.0	0.8873418655257626	0.821722702529619	0.9999971858605522	0.03564932885065361	0.9643506711493464	0.9643506711493464	HG003	giabHC	-1	-2	ont	sentdhiomr
HIOa-HG003-SR3x-ONT3x-2-D0-PF-ILMN-NOVASEQ-ont-sentdhiomr-INS_gt50	INS_gt50	HIOa-HG003-SR3x-ONT3x-2-D0-PF-ILMN-NOVASEQ	2528531102.0	2528531101.0	1.0	0.0	3.0		0.0	0.9999999988135404	1.0	0.0	0.0	HG003	giabHC	-1	-2	ont	sentdhiomr
HIOa-HG003-SR3x-ONT3x-2-D0-PF-ILMN-NOVASEQ-ont-sentdhiomr-DEL_50	DEL_50	HIOa-HG003-SR3x-ONT3x-2-D0-PF-ILMN-NOVASEQ	2528531102.0	2528282232.0	43978.0	204892.0	6143.0	0.8910187973603244	0.8232892674890505	0.9999975702929853	0.029108915582723244	0.9708910844172768	0.9708910844172768	HG003	giabHC	-1	-2	ont	sentdhiomr
HIOa-HG003-SR3x-ONT3x-2-D0-PF-ILMN-NOVASEQ-ont-sentdhiomr-DEL_gt50	DEL_gt50	HIOa-HG003-SR3x-ONT3x-2-D0-PF-ILMN-NOVASEQ	2528531102.0	2528531102.0	0.0	0.0	38.0			0.999999984971512	1.0	0.0	0.0	HG003	giabHC	-1	-2	ont	sentdhiomr
HIOa-HG003-SR3x-ONT3x-2-D0-PF-ILMN-NOVASEQ-ont-sentdhiomr-Indel_50	Indel_50	HIOa-HG003-SR3x-ONT3x-2-D0-PF-ILMN-NOVASEQ	2528531102.0	2528510247.0	4699.0	16156.0	52.0	0.8718128591857108	0.7746823303764085	0.9999999794345311	0.0032082922013820336	0.9967917077986179	0.9967917077986179	HG003	giabHC	-1	-2	ont	sentdhiomr
HIOa-HG003-SR3x-ONT3x-2-D0-PF-ILMN-NOVASEQ-ont-sentdhiomr-Indel_gt50	Indel_gt50	HIOa-HG003-SR3x-ONT3x-2-D0-PF-ILMN-NOVASEQ	2528531102.0	2528530807.0	107.0	188.0	0.0	0.7784679089026915	0.6372881355932203	1.0	0.0	1.0	1.0	HG003	giabHC	-1	-2	ont	sentdhiomr
HIOa-HG003-SR3x-ONT3x-2-D0-PF-ILMN-NOVASEQ-ont-sentdhiomr-All	All	HIOa-HG003-SR3x-ONT3x-2-D0-PF-ILMN-NOVASEQ	2528531102.0	2524699984.0	397835.0	3433283.0	24869.0	0.9420101052643132	0.8961569442653554	0.9999901498177235	0.007191413217232788	0.9928085867827672	0.9928085867827672	HG003	giabHC	-1	-2	ont	sentdhiomr
HIOa-HG003-SR3x-ONT3x-2-D0-PF-ILMN-NOVASEQ-ont-sentdhiomr-SNPts	SNPts	HIOa-HG003-SR3x-ONT3x-2-D0-PF-ILMN-NOVASEQ	377862616.0	377589349.0	25934.0	247333.0	35114.0	0.890144930665774	0.9050964807312994	0.9999070134394339	0.12432066901046922	0.8756793309895308	0.8756793309895308	HG003	clinvar_genes	-1	-2	ont	sentdhiomr
HIOa-HG003-SR3x-ONT3x-2-D0-PF-ILMN-NOVASEQ-ont-sentdhiomr-SNPtv	SNPtv	HIOa-HG003-SR3x-ONT3x-2-D0-PF-ILMN-NOVASEQ	377862616.0	377738244.0	12335.0	112037.0	20942.0	0.8706941103784325	0.9008217283632972	0.9999445625658459	0.15748351243429415	0.8425164875657059	0.8425164875657059	HG003	clinvar_genes	-1	-2	ont	sentdhiomr
HIOa-HG003-SR3x-ONT3x-2-D0-PF-ILMN-NOVASEQ-ont-sentdhiomr-INS_50	INS_50	HIOa-HG003-SR3x-ONT3x-2-D0-PF-ILMN-NOVASEQ	377862616.0	377832789.0	5297.0	24530.0	14381.0	0.7137245773807791	0.8224092265397124	0.9999619396381876	0.36958700624502067	0.6304129937549794	0.6304129937549793	HG003	clinvar_genes	-1	-2	ont	sentdhiomr
HIOa-HG003-SR3x-ONT3x-2-D0-PF-ILMN-NOVASEQ-ont-sentdhiomr-INS_gt50	INS_gt50	HIOa-HG003-SR3x-ONT3x-2-D0-PF-ILMN-NOVASEQ	377862616.0	377862588.0	18.0	10.0	279.0	0.06309148264984227	0.35714285714285715	0.9999992616368943	0.9653979238754326	0.03460207612456745	0.03460207612456748	HG003	clinvar_genes	-1	-2	ont	sentdhiomr
HIOa-HG003-SR3x-ONT3x-2-D0-PF-ILMN-NOVASEQ-ont-sentdhiomr-DEL_50	DEL_50	HIOa-HG003-SR3x-ONT3x-2-D0-PF-ILMN-NOVASEQ	377862616.0	377831048.0	5528.0	26040.0	14551.0	0.7217394919552654	0.824885960466295	0.9999614895607134	0.35847848045133157	0.6415215195486684	0.6415215195486684	HG003	clinvar_genes	-1	-2	ont	sentdhiomr
HIOa-HG003-SR3x-ONT3x-2-D0-PF-ILMN-NOVASEQ-ont-sentdhiomr-DEL_gt50	DEL_gt50	HIOa-HG003-SR3x-ONT3x-2-D0-PF-ILMN-NOVASEQ	377862616.0	377862599.0	9.0	8.0	393.0	0.03827751196172249	0.47058823529411764	0.9999989599404855	0.9800498753117207	0.01995012468827928	0.0199501246882793	HG003	clinvar_genes	-1	-2	ont	sentdhiomr
HIOa-HG003-SR3x-ONT3x-2-D0-PF-ILMN-NOVASEQ-ont-sentdhiomr-Indel_50	Indel_50	HIOa-HG003-SR3x-ONT3x-2-D0-PF-ILMN-NOVASEQ	377862616.0	377859974.0	709.0	1933.0	1630.0	0.6230459307010475	0.7316426949280848	0.9999956862513081	0.4574796519786697	0.5425203480213303	0.5425203480213303	HG003	clinvar_genes	-1	-2	ont	sentdhiomr
HIOa-HG003-SR3x-ONT3x-2-D0-PF-ILMN-NOVASEQ-ont-sentdhiomr-Indel_gt50	Indel_gt50	HIOa-HG003-SR3x-ONT3x-2-D0-PF-ILMN-NOVASEQ	377862616.0	377862502.0	63.0	51.0	79.0	0.4180327868852459	0.4473684210526316	0.9999997909292849	0.6076923076923076	0.39230769230769236	0.3923076923076923	HG003	clinvar_genes	-1	-2	ont	sentdhiomr
HIOa-HG003-SR3x-ONT3x-2-D0-PF-ILMN-NOVASEQ-ont-sentdhiomr-All	All	HIOa-HG003-SR3x-ONT3x-2-D0-PF-ILMN-NOVASEQ	377862616.0	377400781.0	49893.0	411942.0	87369.0	0.8571892303562622	0.8919679106174283	0.9997685516750658	0.17497912122905362	0.8250208787709463	0.8250208787709463	HG003	clinvar_genes	-1	-2	ont	sentdhiomr
HIOa-HG003-SR3x-ONT5x-3-D0-PF-ILMN-NOVASEQ-ont-sentdhiomr-SNPts	SNPts	HIOa-HG003-SR3x-ONT5x-3-D0-PF-ILMN-NOVASEQ	688815815.0	688747868.0	8132.0	59815.0	361632.0	0.2444451709665423	0.8803184835239231	0.9994752183796625	0.8580723080244965	0.14192769197550348	0.14192769197550345	HG003	hg38_m_giabHC	-1	-2	ont	sentdhiomr
HIOa-HG003-SR3x-ONT5x-3-D0-PF-ILMN-NOVASEQ-ont-sentdhiomr-SNPtv	SNPtv	HIOa-HG003-SR3x-ONT5x-3-D0-PF-ILMN-NOVASEQ	688815815.0	688780676.0	4554.0	30585.0	303150.0	0.165828982254103	0.8704004098010757	0.9995600680373538	0.9083554317047957	0.09164456829520429	0.09164456829520427	HG003	hg38_m_giabHC	-1	-2	ont	sentdhiomr
HIOa-HG003-SR3x-ONT5x-3-D0-PF-ILMN-NOVASEQ-ont-sentdhiomr-INS_50	INS_50	HIOa-HG003-SR3x-ONT5x-3-D0-PF-ILMN-NOVASEQ	688815815.0	688787095.0	7313.0	21407.0	126163.0	0.24286119462249703	0.7453690807799442	0.9998168666395444	0.8549366402385309	0.1450633597614691	0.14506335976146914	HG003	hg38_m_giabHC	-1	-2	ont	sentdhiomr
HIOa-HG003-SR3x-ONT5x-3-D0-PF-ILMN-NOVASEQ-ont-sentdhiomr-INS_gt50	INS_gt50	HIOa-HG003-SR3x-ONT5x-3-D0-PF-ILMN-NOVASEQ	688815815.0	688815582.0	149.0	84.0	2249.0	0.06547155105222137	0.3605150214592275	0.9999967349857992	0.9639948564080583	0.036005143591941735	0.03600514359194171	HG003	hg38_m_giabHC	-1	-2	ont	sentdhiomr
HIOa-HG003-SR3x-ONT5x-3-D0-PF-ILMN-NOVASEQ-ont-sentdhiomr-DEL_50	DEL_50	HIOa-HG003-SR3x-ONT5x-3-D0-PF-ILMN-NOVASEQ	688815815.0	688786628.0	6614.0	22573.0	133462.0	0.2437399444990336	0.7733922636790352	0.9998062736129527	0.8553337392251739	0.14466626077482614	0.14466626077482617	HG003	hg38_m_giabHC	-1	-2	ont	sentdhiomr
HIOa-HG003-SR3x-ONT5x-3-D0-PF-ILMN-NOVASEQ-ont-sentdhiomr-DEL_gt50	DEL_gt50	HIOa-HG003-SR3x-ONT5x-3-D0-PF-ILMN-NOVASEQ	688815815.0	688815679.0	55.0	81.0	3006.0	0.050263729444616816	0.5955882352941176	0.9999956360068832	0.9737609329446064	0.026239067055393583	0.026239067055393587	HG003	hg38_m_giabHC	-1	-2	ont	sentdhiomr
HIOa-HG003-SR3x-ONT5x-3-D0-PF-ILMN-NOVASEQ-ont-sentdhiomr-Indel_50	Indel_50	HIOa-HG003-SR3x-ONT5x-3-D0-PF-ILMN-NOVASEQ	688815815.0	688809824.0	2344.0	3647.0	14898.0	0.29727746984023473	0.6087464530128526	0.9999783718564038	0.8033432191965489	0.19665678080345106	0.19665678080345106	HG003	hg38_m_giabHC	-1	-2	ont	sentdhiomr
HIOa-HG003-SR3x-ONT5x-3-D0-PF-ILMN-NOVASEQ-ont-sentdhiomr-Indel_gt50	Indel_gt50	HIOa-HG003-SR3x-ONT5x-3-D0-PF-ILMN-NOVASEQ	688815815.0	688815078.0	380.0	357.0	638.0	0.4122401847575058	0.4843962008141113	0.999999073772585	0.6412060301507537	0.3587939698492463	0.3587939698492462	HG003	hg38_m_giabHC	-1	-2	ont	sentdhiomr
HIOa-HG003-SR3x-ONT5x-3-D0-PF-ILMN-NOVASEQ-ont-sentdhiomr-All	All	HIOa-HG003-SR3x-ONT5x-3-D0-PF-ILMN-NOVASEQ	688815815.0	688647725.0	29541.0	138549.0	945198.0	0.22135309948499685	0.8242548634660004	0.998629339181893	0.8721574315776652	0.12784256842233477	0.12784256842233474	HG003	hg38_m_giabHC	-1	-2	ont	sentdhiomr
HIOa-HG003-SR3x-ONT5x-3-D0-PF-ILMN-NOVASEQ-ont-sentdhiomr-SNPts	SNPts	HIOa-HG003-SR3x-ONT5x-3-D0-PF-ILMN-NOVASEQ	3088286401.0	3085963584.0	124113.0	2198704.0	368605.0	0.8992422690131093	0.946567895792049	0.9998805685916397	0.14357640626819757	0.8564235937318024	0.8564235937318024	HG003	hg38	-1	-2	ont	sentdhiomr
HIOa-HG003-SR3x-ONT5x-3-D0-PF-ILMN-NOVASEQ-ont-sentdhiomr-SNPtv	SNPtv	HIOa-HG003-SR3x-ONT5x-3-D0-PF-ILMN-NOVASEQ	3088286401.0	3087179351.0	63513.0	1043537.0	307049.0	0.8492201448872007	0.9426286075606342	0.9999005504931131	0.22734501912503166	0.7726549808749683	0.7726549808749683	HG003	hg38	-1	-2	ont	sentdhiomr
HIOa-HG003-SR3x-ONT5x-3-D0-PF-ILMN-NOVASEQ-ont-sentdhiomr-INS_50	INS_50	HIOa-HG003-SR3x-ONT5x-3-D0-PF-ILMN-NOVASEQ	3088286401.0	3088023481.0	44982.0	217938.0	133522.0	0.7094566880432307	0.8289137380191693	0.9999567632086483	0.37990667501280373	0.6200933249871963	0.6200933249871963	HG003	hg38	-1	-2	ont	sentdhiomr
HIOa-HG003-SR3x-ONT5x-3-D0-PF-ILMN-NOVASEQ-ont-sentdhiomr-INS_gt50	INS_gt50	HIOa-HG003-SR3x-ONT5x-3-D0-PF-ILMN-NOVASEQ	3088286401.0	3088286167.0	150.0	84.0	2255.0	0.06529343179168286	0.358974358974359	0.9999992698220853	0.9640872167592989	0.03591278324070113	0.03591278324070116	HG003	hg38	-1	-2	ont	sentdhiomr
HIOa-HG003-SR3x-ONT5x-3-D0-PF-ILMN-NOVASEQ-ont-sentdhiomr-DEL_50	DEL_50	HIOa-HG003-SR3x-ONT5x-3-D0-PF-ILMN-NOVASEQ	3088286401.0	3088008566.0	45318.0	232517.0	139700.0	0.7153796927015069	0.8368888009070131	0.9999547625347079	0.37531869850114313	0.6246813014988568	0.6246813014988568	HG003	hg38	-1	-2	ont	sentdhiomr
HIOa-HG003-SR3x-ONT5x-3-D0-PF-ILMN-NOVASEQ-ont-sentdhiomr-DEL_gt50	DEL_gt50	HIOa-HG003-SR3x-ONT5x-3-D0-PF-ILMN-NOVASEQ	3088286401.0	3088286265.0	55.0	81.0	3035.0	0.04981549815498155	0.5955882352941176	0.9999990172552811	0.97400513478819	0.025994865211810048	0.025994865211810013	HG003	hg38	-1	-2	ont	sentdhiomr
HIOa-HG003-SR3x-ONT5x-3-D0-PF-ILMN-NOVASEQ-ont-sentdhiomr-Indel_50	Indel_50	HIOa-HG003-SR3x-ONT5x-3-D0-PF-ILMN-NOVASEQ	3088286401.0	3088259445.0	7004.0	19952.0	14949.0	0.6451007969995312	0.7401691645644755	0.9999951594327146	0.42832583593593304	0.571674164064067	0.5716741640640669	HG003	hg38	-1	-2	ont	sentdhiomr
HIOa-HG003-SR3x-ONT5x-3-D0-PF-ILMN-NOVASEQ-ont-sentdhiomr-Indel_gt50	Indel_gt50	HIOa-HG003-SR3x-ONT5x-3-D0-PF-ILMN-NOVASEQ	3088286401.0	3088285363.0	483.0	555.0	638.0	0.4975347377857463	0.5346820809248555	0.9999997934129159	0.5347862531433362	0.46521374685666383	0.4652137468566639	HG003	hg38	-1	-2	ont	sentdhiomr
HIOa-HG003-SR3x-ONT5x-3-D0-PF-ILMN-NOVASEQ-ont-sentdhiomr-All	All	HIOa-HG003-SR3x-ONT5x-3-D0-PF-ILMN-NOVASEQ	3088286401.0	3084287415.0	285618.0	3713368.0	969753.0	0.8554071033678806	0.9285773943694726	0.9996856816313213	0.20707408585001327	0.7929259141499867	0.7929259141499867	HG003	hg38	-1	-2	ont	sentdhiomr
HIOa-HG003-SR3x-ONT5x-3-D0-PF-ILMN-NOVASEQ-ont-sentdhiomr-SNPts	SNPts	HIOa-HG003-SR3x-ONT5x-3-D0-PF-ILMN-NOVASEQ	377862616.0	377589350.0	14790.0	258476.0	37170.0	0.9086677728717271	0.9458769111415251	0.9999015694130804	0.12572468425075936	0.8742753157492407	0.8742753157492407	HG003	clinvar_genes	-1	-2	ont	sentdhiomr
HIOa-HG003-SR3x-ONT5x-3-D0-PF-ILMN-NOVASEQ-ont-sentdhiomr-SNPtv	SNPtv	HIOa-HG003-SR3x-ONT5x-3-D0-PF-ILMN-NOVASEQ	377862616.0	377738247.0	7184.0	117185.0	22274.0	0.8883439210394651	0.942236409394624	0.9999410367183393	0.15971719286672068	0.8402828071332793	0.8402828071332793	HG003	clinvar_genes	-1	-2	ont	sentdhiomr
HIOa-HG003-SR3x-ONT5x-3-D0-PF-ILMN-NOVASEQ-ont-sentdhiomr-INS_50	INS_50	HIOa-HG003-SR3x-ONT5x-3-D0-PF-ILMN-NOVASEQ	377862616.0	377832791.0	4646.0	25179.0	14830.0	0.7211100610018043	0.8442246437552389	0.9999607513738984	0.37066660001499663	0.6293333999850034	0.6293333999850034	HG003	clinvar_genes	-1	-2	ont	sentdhiomr
HIOa-HG003-SR3x-ONT5x-3-D0-PF-ILMN-NOVASEQ-ont-sentdhiomr-INS_gt50	INS_gt50	HIOa-HG003-SR3x-ONT5x-3-D0-PF-ILMN-NOVASEQ	377862616.0	377862588.0	14.0	14.0	307.0	0.08022922636103151	0.5	0.9999991875359977	0.956386292834891	0.04361370716510904	0.04361370716510903	HG003	clinvar_genes	-1	-2	ont	sentdhiomr
HIOa-HG003-SR3x-ONT5x-3-D0-PF-ILMN-NOVASEQ-ont-sentdhiomr-DEL_50	DEL_50	HIOa-HG003-SR3x-ONT5x-3-D0-PF-ILMN-NOVASEQ	377862616.0	377831059.0	4792.0	26765.0	15016.0	0.7299080967574791	0.8481477960515892	0.9999602589493618	0.3593978124027668	0.6406021875972332	0.6406021875972332	HG003	clinvar_genes	-1	-2	ont	sentdhiomr
HIOa-HG003-SR3x-ONT5x-3-D0-PF-ILMN-NOVASEQ-ont-sentdhiomr-DEL_gt50	DEL_gt50	HIOa-HG003-SR3x-ONT5x-3-D0-PF-ILMN-NOVASEQ	377862616.0	377862599.0	5.0	12.0	440.0	0.05117270788912579	0.7058823529411765	0.9999988355569225	0.9734513274336283	0.026548672566371723	0.02654867256637168	HG003	clinvar_genes	-1	-2	ont	sentdhiomr
HIOa-HG003-SR3x-ONT5x-3-D0-PF-ILMN-NOVASEQ-ont-sentdhiomr-Indel_50	Indel_50	HIOa-HG003-SR3x-ONT5x-3-D0-PF-ILMN-NOVASEQ	377862616.0	377859951.0	703.0	1962.0	1641.0	0.6260370134014039	0.7362101313320826	0.9999956571399826	0.45545378850957535	0.5445462114904247	0.5445462114904246	HG003	clinvar_genes	-1	-2	ont	sentdhiomr
HIOa-HG003-SR3x-ONT5x-3-D0-PF-ILMN-NOVASEQ-ont-sentdhiomr-Indel_gt50	Indel_gt50	HIOa-HG003-SR3x-ONT5x-3-D0-PF-ILMN-NOVASEQ	377862616.0	377862498.0	60.0	58.0	88.0	0.43939393939393934	0.4915254237288136	0.9999997671111053	0.6027397260273972	0.3972602739726028	0.3972602739726027	HG003	clinvar_genes	-1	-2	ont	sentdhiomr
HIOa-HG003-SR3x-ONT5x-3-D0-PF-ILMN-NOVASEQ-ont-sentdhiomr-All	All	HIOa-HG003-SR3x-ONT5x-3-D0-PF-ILMN-NOVASEQ	377862616.0	377400771.0	32194.0	429651.0	91766.0	0.873929837622119	0.9302926306444803	0.9997569064524314	0.17599349465015526	0.8240065053498448	0.8240065053498448	HG003	clinvar_genes	-1	-2	ont	sentdhiomr
HIOa-HG003-SR3x-ONT5x-3-D0-PF-ILMN-NOVASEQ-ont-sentdhiomr-SNPts	SNPts	HIOa-HG003-SR3x-ONT5x-3-D0-PF-ILMN-NOVASEQ	2528531102.0	2526276203.0	115981.0	2138918.0	6973.0	0.9720609254247532	0.9485648802895384	0.9999972398185341	0.0032494660726010783	0.9967505339273989	0.9967505339273989	HG003	giabHC	-1	-2	ont	sentdhiomr
HIOa-HG003-SR3x-ONT5x-3-D0-PF-ILMN-NOVASEQ-ont-sentdhiomr-SNPtv	SNPtv	HIOa-HG003-SR3x-ONT5x-3-D0-PF-ILMN-NOVASEQ	2528531102.0	2527459178.0	58959.0	1012965.0	3899.0	0.9699069508250717	0.9449970333717689	0.9999984573464058	0.0038343377285458037	0.9961656622714542	0.9961656622714542	HG003	giabHC	-1	-2	ont	sentdhiomr
HIOa-HG003-SR3x-ONT5x-3-D0-PF-ILMN-NOVASEQ-ont-sentdhiomr-INS_50	INS_50	HIOa-HG003-SR3x-ONT5x-3-D0-PF-ILMN-NOVASEQ	2528531102.0	2528296980.0	37660.0	196462.0	7356.0	0.8972096634242134	0.8391436943132213	0.9999970905401319	0.03609102238271399	0.963908977617286	0.963908977617286	HG003	giabHC	-1	-2	ont	sentdhiomr
HIOa-HG003-SR3x-ONT5x-3-D0-PF-ILMN-NOVASEQ-ont-sentdhiomr-INS_gt50	INS_gt50	HIOa-HG003-SR3x-ONT5x-3-D0-PF-ILMN-NOVASEQ	2528531102.0	2528531101.0	1.0	0.0	6.0		0.0	0.9999999976270808	1.0	0.0	0.0	HG003	giabHC	-1	-2	ont	sentdhiomr
HIOa-HG003-SR3x-ONT5x-3-D0-PF-ILMN-NOVASEQ-ont-sentdhiomr-DEL_50	DEL_50	HIOa-HG003-SR3x-ONT5x-3-D0-PF-ILMN-NOVASEQ	2528531102.0	2528282259.0	38733.0	210110.0	6242.0	0.9033201130708628	0.8443476408820019	0.9999975311361826	0.028851131489424642	0.9711488685105754	0.9711488685105754	HG003	giabHC	-1	-2	ont	sentdhiomr
HIOa-HG003-SR3x-ONT5x-3-D0-PF-ILMN-NOVASEQ-ont-sentdhiomr-DEL_gt50	DEL_gt50	HIOa-HG003-SR3x-ONT5x-3-D0-PF-ILMN-NOVASEQ	2528531102.0	2528531102.0	0.0	0.0	30.0			0.9999999881354041	1.0	0.0	0.0	HG003	giabHC	-1	-2	ont	sentdhiomr
HIOa-HG003-SR3x-ONT5x-3-D0-PF-ILMN-NOVASEQ-ont-sentdhiomr-Indel_50	Indel_50	HIOa-HG003-SR3x-ONT5x-3-D0-PF-ILMN-NOVASEQ	2528531102.0	2528510136.0	4661.0	16305.0	51.0	0.873747387599807	0.7776876848230468	0.99999997983002	0.0031181217901687453	0.9968818782098312	0.9968818782098312	HG003	giabHC	-1	-2	ont	sentdhiomr
HIOa-HG003-SR3x-ONT5x-3-D0-PF-ILMN-NOVASEQ-ont-sentdhiomr-Indel_gt50	Indel_gt50	HIOa-HG003-SR3x-ONT5x-3-D0-PF-ILMN-NOVASEQ	2528531102.0	2528530799.0	105.0	198.0	0.0	0.7904191616766467	0.6534653465346535	1.0	0.0	1.0	1.0	HG003	giabHC	-1	-2	ont	sentdhiomr
HIOa-HG003-SR3x-ONT5x-3-D0-PF-ILMN-NOVASEQ-ont-sentdhiomr-All	All	HIOa-HG003-SR3x-ONT5x-3-D0-PF-ILMN-NOVASEQ	2528531102.0	2524700044.0	256100.0	3574958.0	24557.0	0.9622294269903545	0.9331516254778706	0.9999902733945752	0.006822308005384059	0.9931776919946159	0.9931776919946159	HG003	giabHC	-1	-2	ont	sentdhiomr
HIOa-HG003-SR3x-ONT7x-4-D0-PF-ILMN-NOVASEQ-ont-sentdhiomr-SNPts	SNPts	HIOa-HG003-SR3x-ONT7x-4-D0-PF-ILMN-NOVASEQ	3088286401.0	3085963627.0	54845.0	2267929.0	399086.0	0.9090280170163507	0.9763881462423809	0.9998706937462927	0.14963770357497053	0.8503622964250295	0.8503622964250295	HG003	hg38	-1	-2	ont	sentdhiomr
HIOa-HG003-SR3x-ONT7x-4-D0-PF-ILMN-NOVASEQ-ont-sentdhiomr-SNPtv	SNPtv	HIOa-HG003-SR3x-ONT7x-4-D0-PF-ILMN-NOVASEQ	3088286401.0	3087179426.0	30460.0	1076515.0	340967.0	0.8528685574759246	0.9724835700896588	0.9998895660735478	0.24054414800329035	0.7594558519967096	0.7594558519967096	HG003	hg38	-1	-2	ont	sentdhiomr
HIOa-HG003-SR3x-ONT7x-4-D0-PF-ILMN-NOVASEQ-ont-sentdhiomr-INS_50	INS_50	HIOa-HG003-SR3x-ONT7x-4-D0-PF-ILMN-NOVASEQ	3088286401.0	3088023579.0	41424.0	221398.0	136819.0	0.7129922597453622	0.8423876235627155	0.999955695630289	0.3819444638305831	0.6180555361694169	0.6180555361694169	HG003	hg38	-1	-2	ont	sentdhiomr
HIOa-HG003-SR3x-ONT7x-4-D0-PF-ILMN-NOVASEQ-ont-sentdhiomr-INS_gt50	INS_gt50	HIOa-HG003-SR3x-ONT7x-4-D0-PF-ILMN-NOVASEQ	3088286401.0	3088286165.0	141.0	95.0	2412.0	0.06926722566532992	0.4025423728813559	0.9999992189849038	0.9621061029118468	0.03789389708815316	0.03789389708815317	HG003	hg38	-1	-2	ont	sentdhiomr
HIOa-HG003-SR3x-ONT7x-4-D0-PF-ILMN-NOVASEQ-ont-sentdhiomr-DEL_50	DEL_50	HIOa-HG003-SR3x-ONT7x-4-D0-PF-ILMN-NOVASEQ	3088286401.0	3088008626.0	40567.0	237208.0	143659.0	0.7202941810573879	0.8539573395733957	0.9999534805972173	0.3771894125770938	0.6228105874229062	0.6228105874229062	HG003	hg38	-1	-2	ont	sentdhiomr
HIOa-HG003-SR3x-ONT7x-4-D0-PF-ILMN-NOVASEQ-ont-sentdhiomr-DEL_gt50	DEL_gt50	HIOa-HG003-SR3x-ONT7x-4-D0-PF-ILMN-NOVASEQ	3088286401.0	3088286264.0	51.0	86.0	3295.0	0.0488914155770324	0.6277372262773723	0.9999989330663667	0.9745637385388938	0.025436261461106224	0.025436261461106183	HG003	hg38	-1	-2	ont	sentdhiomr
HIOa-HG003-SR3x-ONT7x-4-D0-PF-ILMN-NOVASEQ-ont-sentdhiomr-Indel_50	Indel_50	HIOa-HG003-SR3x-ONT7x-4-D0-PF-ILMN-NOVASEQ	3088286401.0	3088259294.0	6956.0	20151.0	15073.0	0.6465803532752563	0.7433873169292065	0.9999951192807993	0.4279184646831706	0.5720815353168294	0.5720815353168295	HG003	hg38	-1	-2	ont	sentdhiomr
HIOa-HG003-SR3x-ONT7x-4-D0-PF-ILMN-NOVASEQ-ont-sentdhiomr-Indel_gt50	Indel_gt50	HIOa-HG003-SR3x-ONT7x-4-D0-PF-ILMN-NOVASEQ	3088286401.0	3088285345.0	477.0	579.0	721.0	0.4915110356536503	0.5482954545454546	0.9999997665371716	0.5546153846153846	0.4453846153846154	0.4453846153846154	HG003	hg38	-1	-2	ont	sentdhiomr
HIOa-HG003-SR3x-ONT7x-4-D0-PF-ILMN-NOVASEQ-ont-sentdhiomr-All	All	HIOa-HG003-SR3x-ONT7x-4-D0-PF-ILMN-NOVASEQ	3088286401.0	3084287519.0	174921.0	3823961.0	1042032.0	0.8627219221929243	0.9562575239779518	0.9996622623344523	0.2141458074436194	0.7858541925563806	0.7858541925563806	HG003	hg38	-1	-2	ont	sentdhiomr
HIOa-HG003-SR3x-ONT7x-4-D0-PF-ILMN-NOVASEQ-ont-sentdhiomr-SNPts	SNPts	HIOa-HG003-SR3x-ONT7x-4-D0-PF-ILMN-NOVASEQ	688815815.0	688747894.0	5626.0	62295.0	392771.0	0.23822771885343233	0.9171684751402365	0.9994300568520361	0.8631077689829607	0.1368922310170393	0.1368922310170393	HG003	hg38_m_giabHC	-1	-2	ont	sentdhiomr
HIOa-HG003-SR3x-ONT7x-4-D0-PF-ILMN-NOVASEQ-ont-sentdhiomr-SNPtv	SNPtv	HIOa-HG003-SR3x-ONT7x-4-D0-PF-ILMN-NOVASEQ	688815815.0	688780702.0	3418.0	31695.0	337381.0	0.1568325709012368	0.9026571355338479	0.9995104162721558	0.9141233783827721	0.08587662161722787	0.0858766216172279	HG003	hg38_m_giabHC	-1	-2	ont	sentdhiomr
HIOa-HG003-SR3x-ONT7x-4-D0-PF-ILMN-NOVASEQ-ont-sentdhiomr-INS_50	INS_50	HIOa-HG003-SR3x-ONT7x-4-D0-PF-ILMN-NOVASEQ	688815815.0	688787125.0	6970.0	21720.0	129127.0	0.241955697154347	0.7570582084349947	0.9998125650256833	0.8560130463317136	0.1439869536682864	0.1439869536682864	HG003	hg38_m_giabHC	-1	-2	ont	sentdhiomr
HIOa-HG003-SR3x-ONT7x-4-D0-PF-ILMN-NOVASEQ-ont-sentdhiomr-INS_gt50	INS_gt50	HIOa-HG003-SR3x-ONT7x-4-D0-PF-ILMN-NOVASEQ	688815815.0	688815580.0	140.0	95.0	2407.0	0.06941907197661673	0.40425531914893614	0.9999965056080918	0.9620303756994405	0.0379696243005595	0.03796962430055955	HG003	hg38_m_giabHC	-1	-2	ont	sentdhiomr
HIOa-HG003-SR3x-ONT7x-4-D0-PF-ILMN-NOVASEQ-ont-sentdhiomr-DEL_50	DEL_50	HIOa-HG003-SR3x-ONT7x-4-D0-PF-ILMN-NOVASEQ	688815815.0	688786634.0	6189.0	22992.0	137406.0	0.24255851122750938	0.7879099414002262	0.9998005498545238	0.8566565667901096	0.1433434332098904	0.1433434332098904	HG003	hg38_m_giabHC	-1	-2	ont	sentdhiomr
HIOa-HG003-SR3x-ONT7x-4-D0-PF-ILMN-NOVASEQ-ont-sentdhiomr-DEL_gt50	DEL_gt50	HIOa-HG003-SR3x-ONT7x-4-D0-PF-ILMN-NOVASEQ	688815815.0	688815678.0	51.0	86.0	3278.0	0.04912882033704656	0.6277372262773723	0.9999952411298042	0.974435196195006	0.02556480380499404	0.025564803804994055	HG003	hg38_m_giabHC	-1	-2	ont	sentdhiomr
HIOa-HG003-SR3x-ONT7x-4-D0-PF-ILMN-NOVASEQ-ont-sentdhiomr-Indel_50	Indel_50	HIOa-HG003-SR3x-ONT7x-4-D0-PF-ILMN-NOVASEQ	688815815.0	688809779.0	2328.0	3708.0	15021.0	0.2994548758328286	0.614314115308151	0.9999781932938535	0.8020182604517059	0.19798173954829412	0.1979817395482941	HG003	hg38_m_giabHC	-1	-2	ont	sentdhiomr
HIOa-HG003-SR3x-ONT7x-4-D0-PF-ILMN-NOVASEQ-ont-sentdhiomr-Indel_gt50	Indel_gt50	HIOa-HG003-SR3x-ONT7x-4-D0-PF-ILMN-NOVASEQ	688815815.0	688815067.0	375.0	373.0	721.0	0.40499457111834963	0.49866310160427807	0.9999989532760245	0.6590493601462523	0.34095063985374774	0.34095063985374774	HG003	hg38_m_giabHC	-1	-2	ont	sentdhiomr
HIOa-HG003-SR3x-ONT7x-4-D0-PF-ILMN-NOVASEQ-ont-sentdhiomr-All	All	HIOa-HG003-SR3x-ONT7x-4-D0-PF-ILMN-NOVASEQ	688815815.0	688647754.0	25097.0	142964.0	1018112.0	0.2151230460065441	0.8506673172241032	0.9985237604901269	0.8768693866723626	0.12313061332763742	0.12313061332763747	HG003	hg38_m_giabHC	-1	-2	ont	sentdhiomr
HIOa-HG003-SR3x-ONT7x-4-D0-PF-ILMN-NOVASEQ-ont-sentdhiomr-SNPts	SNPts	HIOa-HG003-SR3x-ONT7x-4-D0-PF-ILMN-NOVASEQ	2528531102.0	2526276220.0	49219.0	2205663.0	6315.0	0.9875675530462115	0.978172250255224	0.9999975002795956	0.0028549108535437513	0.9971450891464563	0.9971450891464563	HG003	giabHC	-1	-2	ont	sentdhiomr
HIOa-HG003-SR3x-ONT7x-4-D0-PF-ILMN-NOVASEQ-ont-sentdhiomr-SNPtv	SNPtv	HIOa-HG003-SR3x-ONT7x-4-D0-PF-ILMN-NOVASEQ	2528531102.0	2527459228.0	27042.0	1044832.0	3586.0	0.9855548198078379	0.9747712884163624	0.9999985811858516	0.003420391485075609	0.9965796085149244	0.9965796085149244	HG003	giabHC	-1	-2	ont	sentdhiomr
HIOa-HG003-SR3x-ONT7x-4-D0-PF-ILMN-NOVASEQ-ont-sentdhiomr-INS_50	INS_50	HIOa-HG003-SR3x-ONT7x-4-D0-PF-ILMN-NOVASEQ	2528531102.0	2528297048.0	34448.0	199606.0	7690.0	0.9045247535969186	0.8528202893349398	0.9999969584362658	0.03709671194813214	0.9629032880518679	0.9629032880518679	HG003	giabHC	-1	-2	ont	sentdhiomr
HIOa-HG003-SR3x-ONT7x-4-D0-PF-ILMN-NOVASEQ-ont-sentdhiomr-INS_gt50	INS_gt50	HIOa-HG003-SR3x-ONT7x-4-D0-PF-ILMN-NOVASEQ	2528531102.0	2528531101.0	1.0	0.0	5.0		0.0	0.9999999980225673	1.0	0.0	0.0	HG003	giabHC	-1	-2	ont	sentdhiomr
HIOa-HG003-SR3x-ONT7x-4-D0-PF-ILMN-NOVASEQ-ont-sentdhiomr-DEL_50	DEL_50	HIOa-HG003-SR3x-ONT7x-4-D0-PF-ILMN-NOVASEQ	2528531102.0	2528282313.0	34398.0	214391.0	6256.0	0.9133982055061818	0.8617382601320798	0.9999975255989064	0.028352980099434846	0.9716470199005651	0.9716470199005651	HG003	giabHC	-1	-2	ont	sentdhiomr
HIOa-HG003-SR3x-ONT7x-4-D0-PF-ILMN-NOVASEQ-ont-sentdhiomr-DEL_gt50	DEL_gt50	HIOa-HG003-SR3x-ONT7x-4-D0-PF-ILMN-NOVASEQ	2528531102.0	2528531102.0	0.0	0.0	17.0			0.999999993276729	1.0	0.0	0.0	HG003	giabHC	-1	-2	ont	sentdhiomr
HIOa-HG003-SR3x-ONT7x-4-D0-PF-ILMN-NOVASEQ-ont-sentdhiomr-Indel_50	Indel_50	HIOa-HG003-SR3x-ONT7x-4-D0-PF-ILMN-NOVASEQ	2528531102.0	2528510030.0	4629.0	16443.0	52.0	0.8753959592195277	0.7803246013667426	0.9999999794345293	0.0031524704455895727	0.9968475295544105	0.9968475295544105	HG003	giabHC	-1	-2	ont	sentdhiomr
HIOa-HG003-SR3x-ONT7x-4-D0-PF-ILMN-NOVASEQ-ont-sentdhiomr-Indel_gt50	Indel_gt50	HIOa-HG003-SR3x-ONT7x-4-D0-PF-ILMN-NOVASEQ	2528531102.0	2528530792.0	104.0	206.0	0.0	0.7984496124031008	0.6645161290322581	1.0	0.0	1.0	1.0	HG003	giabHC	-1	-2	ont	sentdhiomr
HIOa-HG003-SR3x-ONT7x-4-D0-PF-ILMN-NOVASEQ-ont-sentdhiomr-All	All	HIOa-HG003-SR3x-ONT7x-4-D0-PF-ILMN-NOVASEQ	2528531102.0	2524700120.0	149841.0	3681141.0	23921.0	0.9769425443906644	0.9608870519360311	0.9999905253011373	0.006456302215725405	0.9935436977842746	0.9935436977842746	HG003	giabHC	-1	-2	ont	sentdhiomr
HIOa-HG003-SR3x-ONT7x-4-D0-PF-ILMN-NOVASEQ-ont-sentdhiomr-SNPts	SNPts	HIOa-HG003-SR3x-ONT7x-4-D0-PF-ILMN-NOVASEQ	377862616.0	377589373.0	6577.0	266666.0	39207.0	0.9209415730181864	0.9759298499870079	0.9998961757608494	0.12818065013911004	0.8718193498608899	0.8718193498608899	HG003	clinvar_genes	-1	-2	ont	sentdhiomr
HIOa-HG003-SR3x-ONT7x-4-D0-PF-ILMN-NOVASEQ-ont-sentdhiomr-SNPtv	SNPtv	HIOa-HG003-SR3x-ONT7x-4-D0-PF-ILMN-NOVASEQ	377862616.0	377738258.0	3454.0	120904.0	23437.0	0.8999214734703144	0.9722253493944901	0.9999379582411075	0.16237243749177296	0.837627562508227	0.837627562508227	HG003	clinvar_genes	-1	-2	ont	sentdhiomr
HIOa-HG003-SR3x-ONT7x-4-D0-PF-ILMN-NOVASEQ-ont-sentdhiomr-INS_50	INS_50	HIOa-HG003-SR3x-ONT7x-4-D0-PF-ILMN-NOVASEQ	377862616.0	377832817.0	4223.0	25576.0	15124.0	0.7255705754691556	0.8582838350280211	0.9999599733163559	0.3715970515970516	0.6284029484029484	0.6284029484029484	HG003	clinvar_genes	-1	-2	ont	sentdhiomr
HIOa-HG003-SR3x-ONT7x-4-D0-PF-ILMN-NOVASEQ-ont-sentdhiomr-INS_gt50	INS_gt50	HIOa-HG003-SR3x-ONT7x-4-D0-PF-ILMN-NOVASEQ	377862616.0	377862587.0	14.0	15.0	335.0	0.079155672823219	0.5172413793103449	0.9999991134351097	0.9571428571428572	0.042857142857142816	0.04285714285714286	HG003	clinvar_genes	-1	-2	ont	sentdhiomr
HIOa-HG003-SR3x-ONT7x-4-D0-PF-ILMN-NOVASEQ-ont-sentdhiomr-DEL_50	DEL_50	HIOa-HG003-SR3x-ONT7x-4-D0-PF-ILMN-NOVASEQ	377862616.0	377831069.0	4217.0	27330.0	15325.0	0.73663782647368	0.8663264335753004	0.9999594411902737	0.3592779275583167	0.6407220724416833	0.6407220724416832	HG003	clinvar_genes	-1	-2	ont	sentdhiomr
HIOa-HG003-SR3x-ONT7x-4-D0-PF-ILMN-NOVASEQ-ont-sentdhiomr-DEL_gt50	DEL_gt50	HIOa-HG003-SR3x-ONT7x-4-D0-PF-ILMN-NOVASEQ	377862616.0	377862598.0	5.0	13.0	475.0	0.05138339920948617	0.7222222222222222	0.9999987429308818	0.9733606557377049	0.026639344262295084	0.02663934426229508	HG003	clinvar_genes	-1	-2	ont	sentdhiomr
HIOa-HG003-SR3x-ONT7x-4-D0-PF-ILMN-NOVASEQ-ont-sentdhiomr-Indel_50	Indel_50	HIOa-HG003-SR3x-ONT7x-4-D0-PF-ILMN-NOVASEQ	377862616.0	377859923.0	702.0	1991.0	1645.0	0.6291673250118502	0.7393241737838842	0.9999956465538195	0.45242024202420245	0.5475797579757975	0.5475797579757976	HG003	clinvar_genes	-1	-2	ont	sentdhiomr
HIOa-HG003-SR3x-ONT7x-4-D0-PF-ILMN-NOVASEQ-ont-sentdhiomr-Indel_gt50	Indel_gt50	HIOa-HG003-SR3x-ONT7x-4-D0-PF-ILMN-NOVASEQ	377862616.0	377862497.0	60.0	59.0	101.0	0.4229390681003584	0.4957983193277311	0.9999997327070725	0.63125	0.36875	0.36875	HG003	clinvar_genes	-1	-2	ont	sentdhiomr
HIOa-HG003-SR3x-ONT7x-4-D0-PF-ILMN-NOVASEQ-ont-sentdhiomr-All	All	HIOa-HG003-SR3x-ONT7x-4-D0-PF-ILMN-NOVASEQ	377862616.0	377400810.0	19252.0	442554.0	95649.0	0.885100034099693	0.9583114987678809	0.9997466227888511	0.17771918774142842	0.8222808122585716	0.8222808122585715	HG003	clinvar_genes	-1	-2	ont	sentdhiomr
HIOa-HG003-SR5x-ONT15bx-13-D0-PF-ILMN-NOVASEQ-ont-sentdhiomr-SNPts	SNPts	HIOa-HG003-SR5x-ONT15bx-13-D0-PF-ILMN-NOVASEQ	2528531102.0	2526276275.0	102571.0	2152256.0	6509.0	0.9752854364426979	0.9545104790744479	0.999997423487172	0.00301514986577974	0.9969848501342202	0.9969848501342202	HG003	giabHC	-1	-2	ont	sentdhiomr
HIOa-HG003-SR5x-ONT15bx-13-D0-PF-ILMN-NOVASEQ-ont-sentdhiomr-SNPtv	SNPtv	HIOa-HG003-SR5x-ONT15bx-13-D0-PF-ILMN-NOVASEQ	2528531102.0	2527459352.0	48907.0	1022843.0	4094.0	0.9747456385825994	0.9543671565197107	0.9999983801941799	0.003986612615963784	0.9960133873840362	0.9960133873840362	HG003	giabHC	-1	-2	ont	sentdhiomr
HIOa-HG003-SR5x-ONT15bx-13-D0-PF-ILMN-NOVASEQ-ont-sentdhiomr-INS_50	INS_50	HIOa-HG003-SR5x-ONT15bx-13-D0-PF-ILMN-NOVASEQ	2528531102.0	2528299019.0	20913.0	211170.0	6296.0	0.9394748959512756	0.9098899962513411	0.9999975097944214	0.028951652212299853	0.9710483477877001	0.9710483477877001	HG003	giabHC	-1	-2	ont	sentdhiomr
HIOa-HG003-SR5x-ONT15bx-13-D0-PF-ILMN-NOVASEQ-ont-sentdhiomr-INS_gt50	INS_gt50	HIOa-HG003-SR5x-ONT15bx-13-D0-PF-ILMN-NOVASEQ	2528531102.0	2528531101.0	1.0	0.0	1.0		0.0	0.9999999996045135	1.0	0.0	0.0	HG003	giabHC	-1	-2	ont	sentdhiomr
HIOa-HG003-SR5x-ONT15bx-13-D0-PF-ILMN-NOVASEQ-ont-sentdhiomr-DEL_50	DEL_50	HIOa-HG003-SR5x-ONT15bx-13-D0-PF-ILMN-NOVASEQ	2528531102.0	2528284433.0	20689.0	225980.0	4410.0	0.9473880589193371	0.9161264690739412	0.9999982557372699	0.0191414557923521	0.980858544207648	0.980858544207648	HG003	giabHC	-1	-2	ont	sentdhiomr
HIOa-HG003-SR5x-ONT15bx-13-D0-PF-ILMN-NOVASEQ-ont-sentdhiomr-DEL_gt50	DEL_gt50	HIOa-HG003-SR5x-ONT15bx-13-D0-PF-ILMN-NOVASEQ	2528531102.0	2528531102.0	0.0	0.0	31.0			0.9999999877399176	1.0	0.0	0.0	HG003	giabHC	-1	-2	ont	sentdhiomr
HIOa-HG003-SR5x-ONT15bx-13-D0-PF-ILMN-NOVASEQ-ont-sentdhiomr-Indel_50	Indel_50	HIOa-HG003-SR5x-ONT15bx-13-D0-PF-ILMN-NOVASEQ	2528531102.0	2528505802.0	1737.0	23563.0	37.0	0.9637218813905931	0.9313438735177866	0.9999999853668521	0.0015677966101694915	0.9984322033898305	0.9984322033898305	HG003	giabHC	-1	-2	ont	sentdhiomr
HIOa-HG003-SR5x-ONT15bx-13-D0-PF-ILMN-NOVASEQ-ont-sentdhiomr-Indel_gt50	Indel_gt50	HIOa-HG003-SR5x-ONT15bx-13-D0-PF-ILMN-NOVASEQ	2528531102.0	2528530772.0	49.0	281.0	0.0	0.9198036006546645	0.8515151515151516	1.0	0.0	1.0	1.0	HG003	giabHC	-1	-2	ont	sentdhiomr
HIOa-HG003-SR5x-ONT15bx-13-D0-PF-ILMN-NOVASEQ-ont-sentdhiomr-All	All	HIOa-HG003-SR5x-ONT15bx-13-D0-PF-ILMN-NOVASEQ	2528531102.0	2524700142.0	194867.0	3636093.0	21378.0	0.9711227892732136	0.9491336375216656	0.999991532531477	0.005845022421230407	0.9941549775787696	0.9941549775787696	HG003	giabHC	-1	-2	ont	sentdhiomr
HIOa-HG003-SR5x-ONT15bx-13-D0-PF-ILMN-NOVASEQ-ont-sentdhiomr-SNPts	SNPts	HIOa-HG003-SR5x-ONT15bx-13-D0-PF-ILMN-NOVASEQ	3088286401.0	3085963718.0	110603.0	2212080.0	357082.0	0.9043949675429209	0.9523813624157924	0.9998843017226207	0.13898773218660404	0.861012267813396	0.861012267813396	HG003	hg38	-1	-2	ont	sentdhiomr
HIOa-HG003-SR5x-ONT15bx-13-D0-PF-ILMN-NOVASEQ-ont-sentdhiomr-SNPtv	SNPtv	HIOa-HG003-SR5x-ONT15bx-13-D0-PF-ILMN-NOVASEQ	3088286401.0	3087179584.0	53116.0	1053701.0	301964.0	0.8558040221207708	0.9520101335631816	0.9999021973102331	0.22274234416319666	0.7772576558368034	0.7772576558368033	HG003	hg38	-1	-2	ont	sentdhiomr
HIOa-HG003-SR5x-ONT15bx-13-D0-PF-ILMN-NOVASEQ-ont-sentdhiomr-INS_50	INS_50	HIOa-HG003-SR5x-ONT15bx-13-D0-PF-ILMN-NOVASEQ	3088286401.0	3088026062.0	25986.0	234353.0	145495.0	0.7321392030766011	0.9001839908734381	0.9999528863609698	0.38303479286451425	0.6169652071354857	0.6169652071354857	HG003	hg38	-1	-2	ont	sentdhiomr
HIOa-HG003-SR5x-ONT15bx-13-D0-PF-ILMN-NOVASEQ-ont-sentdhiomr-INS_gt50	INS_gt50	HIOa-HG003-SR5x-ONT15bx-13-D0-PF-ILMN-NOVASEQ	3088286401.0	3088286168.0	157.0	76.0	2022.0	0.06520806520806521	0.3261802575107296	0.9999993452683572	0.9637750238322211	0.036224976167778866	0.03622497616777884	HG003	hg38	-1	-2	ont	sentdhiomr
HIOa-HG003-SR5x-ONT15bx-13-D0-PF-ILMN-NOVASEQ-ont-sentdhiomr-DEL_50	DEL_50	HIOa-HG003-SR5x-ONT15bx-13-D0-PF-ILMN-NOVASEQ	3088286401.0	3088011046.0	25098.0	250257.0	151732.0	0.7389361978551519	0.9088522089666068	0.9999508665796114	0.37745311438870216	0.6225468856112979	0.6225468856112978	HG003	hg38	-1	-2	ont	sentdhiomr
HIOa-HG003-SR5x-ONT15bx-13-D0-PF-ILMN-NOVASEQ-ont-sentdhiomr-DEL_gt50	DEL_gt50	HIOa-HG003-SR5x-ONT15bx-13-D0-PF-ILMN-NOVASEQ	3088286401.0	3088286265.0	53.0	83.0	2776.0	0.05542570951585976	0.6102941176470589	0.9999991011204058	0.9709688702343476	0.029031129765652364	0.029031129765652326	HG003	hg38	-1	-2	ont	sentdhiomr
HIOa-HG003-SR5x-ONT15bx-13-D0-PF-ILMN-NOVASEQ-ont-sentdhiomr-Indel_50	Indel_50	HIOa-HG003-SR5x-ONT15bx-13-D0-PF-ILMN-NOVASEQ	3088286401.0	3088254210.0	2964.0	29227.0	23111.0	0.6915259851648545	0.9079245751918238	0.9999925165399355	0.4415720891130727	0.5584279108869272	0.5584279108869272	HG003	hg38	-1	-2	ont	sentdhiomr
HIOa-HG003-SR5x-ONT15bx-13-D0-PF-ILMN-NOVASEQ-ont-sentdhiomr-Indel_gt50	Indel_gt50	HIOa-HG003-SR5x-ONT15bx-13-D0-PF-ILMN-NOVASEQ	3088286401.0	3088285284.0	288.0	829.0	993.0	0.564137461721674	0.7421665174574754	0.9999996784624511	0.5450054884742042	0.45499451152579584	0.45499451152579584	HG003	hg38	-1	-2	ont	sentdhiomr
HIOa-HG003-SR5x-ONT15bx-13-D0-PF-ILMN-NOVASEQ-ont-sentdhiomr-All	All	HIOa-HG003-SR5x-ONT15bx-13-D0-PF-ILMN-NOVASEQ	3088286401.0	3084287530.0	218265.0	3780606.0	985175.0	0.8626939209908163	0.9454183443276865	0.9996806846284921	0.20671847909083527	0.7932815209091647	0.7932815209091647	HG003	hg38	-1	-2	ont	sentdhiomr
HIOa-HG003-SR5x-ONT15bx-13-D0-PF-ILMN-NOVASEQ-ont-sentdhiomr-SNPts	SNPts	HIOa-HG003-SR5x-ONT15bx-13-D0-PF-ILMN-NOVASEQ	377862616.0	377589374.0	15673.0	257569.0	33470.0	0.9129104116566038	0.9426405896604475	0.999911366590947	0.1150017695222977	0.8849982304777023	0.8849982304777023	HG003	clinvar_genes	-1	-2	ont	sentdhiomr
HIOa-HG003-SR5x-ONT15bx-13-D0-PF-ILMN-NOVASEQ-ont-sentdhiomr-SNPtv	SNPtv	HIOa-HG003-SR5x-ONT15bx-13-D0-PF-ILMN-NOVASEQ	377862616.0	377738276.0	7346.0	116994.0	20394.0	0.894012104169214	0.9409200579057423	0.9999460131517299	0.1484409118700323	0.8515590881299677	0.8515590881299677	HG003	clinvar_genes	-1	-2	ont	sentdhiomr
HIOa-HG003-SR5x-ONT15bx-13-D0-PF-ILMN-NOVASEQ-ont-sentdhiomr-INS_50	INS_50	HIOa-HG003-SR5x-ONT15bx-13-D0-PF-ILMN-NOVASEQ	377862616.0	377833070.0	2947.0	26599.0	15693.0	0.7405272975305548	0.9002572260204427	0.9999584675099228	0.3710630852170623	0.6289369147829377	0.6289369147829377	HG003	clinvar_genes	-1	-2	ont	sentdhiomr
HIOa-HG003-SR5x-ONT15bx-13-D0-PF-ILMN-NOVASEQ-ont-sentdhiomr-INS_gt50	INS_gt50	HIOa-HG003-SR5x-ONT15bx-13-D0-PF-ILMN-NOVASEQ	377862616.0	377862586.0	21.0	9.0	240.0	0.06451612903225806	0.3	0.9999993648488724	0.963855421686747	0.03614457831325302	0.03614457831325301	HG003	clinvar_genes	-1	-2	ont	sentdhiomr
HIOa-HG003-SR5x-ONT15bx-13-D0-PF-ILMN-NOVASEQ-ont-sentdhiomr-DEL_50	DEL_50	HIOa-HG003-SR5x-ONT15bx-13-D0-PF-ILMN-NOVASEQ	377862616.0	377831281.0	2883.0	28452.0	15744.0	0.7533860269293402	0.9079942556247008	0.9999583323436251	0.35623133315232147	0.6437686668476785	0.6437686668476785	HG003	clinvar_genes	-1	-2	ont	sentdhiomr
HIOa-HG003-SR5x-ONT15bx-13-D0-PF-ILMN-NOVASEQ-ont-sentdhiomr-DEL_gt50	DEL_gt50	HIOa-HG003-SR5x-ONT15bx-13-D0-PF-ILMN-NOVASEQ	377862616.0	377862598.0	5.0	13.0	356.0	0.06718346253229973	0.7222222222222222	0.99999905785948	0.964769647696477	0.035230352303523005	0.03523035230352303	HG003	clinvar_genes	-1	-2	ont	sentdhiomr
HIOa-HG003-SR5x-ONT15bx-13-D0-PF-ILMN-NOVASEQ-ont-sentdhiomr-Indel_50	Indel_50	HIOa-HG003-SR5x-ONT15bx-13-D0-PF-ILMN-NOVASEQ	377862616.0	377859450.0	321.0	2845.0	2524.0	0.6666666666666667	0.8986102337334175	0.9999933203122472	0.4701061650214193	0.5298938349785807	0.5298938349785808	HG003	clinvar_genes	-1	-2	ont	sentdhiomr
HIOa-HG003-SR5x-ONT15bx-13-D0-PF-ILMN-NOVASEQ-ont-sentdhiomr-Indel_gt50	Indel_gt50	HIOa-HG003-SR5x-ONT15bx-13-D0-PF-ILMN-NOVASEQ	377862616.0	377862488.0	44.0	84.0	120.0	0.5060240963855422	0.65625	0.999999682424253	0.5882352941176471	0.4117647058823529	0.4117647058823529	HG003	clinvar_genes	-1	-2	ont	sentdhiomr
HIOa-HG003-SR5x-ONT15bx-13-D0-PF-ILMN-NOVASEQ-ont-sentdhiomr-All	All	HIOa-HG003-SR5x-ONT15bx-13-D0-PF-ILMN-NOVASEQ	377862616.0	377400811.0	29240.0	432565.0	88541.0	0.8801712464302465	0.9366832321001288	0.9997654476887072	0.16990976883781803	0.830090231162182	0.830090231162182	HG003	clinvar_genes	-1	-2	ont	sentdhiomr
HIOa-HG003-SR5x-ONT15bx-13-D0-PF-ILMN-NOVASEQ-ont-sentdhiomr-SNPts	SNPts	HIOa-HG003-SR5x-ONT15bx-13-D0-PF-ILMN-NOVASEQ	688815815.0	688747932.0	8032.0	59851.0	350573.0	0.2502618611059424	0.8816787708262747	0.9994912585102764	0.8541727579283862	0.1458272420716138	0.14582724207161374	HG003	hg38_m_giabHC	-1	-2	ont	sentdhiomr
HIOa-HG003-SR5x-ONT15bx-13-D0-PF-ILMN-NOVASEQ-ont-sentdhiomr-SNPtv	SNPtv	HIOa-HG003-SR5x-ONT15bx-13-D0-PF-ILMN-NOVASEQ	688815815.0	688780736.0	4209.0	30870.0	297870.0	0.16969976829137565	0.8800136834003249	0.9995677271106571	0.906096002920241	0.09390399707975905	0.09390399707975908	HG003	hg38_m_giabHC	-1	-2	ont	sentdhiomr
HIOa-HG003-SR5x-ONT15bx-13-D0-PF-ILMN-NOVASEQ-ont-sentdhiomr-INS_50	INS_50	HIOa-HG003-SR5x-ONT15bx-13-D0-PF-ILMN-NOVASEQ	688815815.0	688787636.0	5065.0	23114.0	139199.0	0.2426768578208009	0.8202562191703041	0.9997979480651237	0.8575961260034625	0.14240387399653753	0.14240387399653756	HG003	hg38_m_giabHC	-1	-2	ont	sentdhiomr
HIOa-HG003-SR5x-ONT15bx-13-D0-PF-ILMN-NOVASEQ-ont-sentdhiomr-INS_gt50	INS_gt50	HIOa-HG003-SR5x-ONT15bx-13-D0-PF-ILMN-NOVASEQ	688815815.0	688815583.0	156.0	76.0	2021.0	0.06526406182911121	0.3275862068965517	0.9999970659867166	0.9637577491654745	0.03624225083452548	0.036242250834525515	HG003	hg38_m_giabHC	-1	-2	ont	sentdhiomr
HIOa-HG003-SR5x-ONT15bx-13-D0-PF-ILMN-NOVASEQ-ont-sentdhiomr-DEL_50	DEL_50	HIOa-HG003-SR5x-ONT15bx-13-D0-PF-ILMN-NOVASEQ	688815815.0	688786931.0	4421.0	24463.0	147325.0	0.24381079572635941	0.8469394820661958	0.9997861552118843	0.8575977367452907	0.14240226325470928	0.14240226325470928	HG003	hg38_m_giabHC	-1	-2	ont	sentdhiomr
HIOa-HG003-SR5x-ONT15bx-13-D0-PF-ILMN-NOVASEQ-ont-sentdhiomr-DEL_gt50	DEL_gt50	HIOa-HG003-SR5x-ONT15bx-13-D0-PF-ILMN-NOVASEQ	688815815.0	688815679.0	53.0	83.0	2746.0	0.055986509274873524	0.6102941176470589	0.9999960134631997	0.9706610109579357	0.029338989042064334	0.029338989042064334	HG003	hg38_m_giabHC	-1	-2	ont	sentdhiomr
HIOa-HG003-SR5x-ONT15bx-13-D0-PF-ILMN-NOVASEQ-ont-sentdhiomr-Indel_50	Indel_50	HIOa-HG003-SR5x-ONT15bx-13-D0-PF-ILMN-NOVASEQ	688815815.0	688808924.0	1227.0	5664.0	23074.0	0.31794324847736394	0.8219416630387462	0.9999665027175465	0.8029090402950797	0.1970909597049203	0.19709095970492033	HG003	hg38_m_giabHC	-1	-2	ont	sentdhiomr
HIOa-HG003-SR5x-ONT15bx-13-D0-PF-ILMN-NOVASEQ-ont-sentdhiomr-Indel_gt50	Indel_gt50	HIOa-HG003-SR5x-ONT15bx-13-D0-PF-ILMN-NOVASEQ	688815815.0	688815026.0	241.0	548.0	993.0	0.4703862660944206	0.6945500633713562	0.9999985583958958	0.6443867618429591	0.35561323815704093	0.3556132381570409	HG003	hg38_m_giabHC	-1	-2	ont	sentdhiomr
HIOa-HG003-SR5x-ONT15bx-13-D0-PF-ILMN-NOVASEQ-ont-sentdhiomr-All	All	HIOa-HG003-SR5x-ONT15bx-13-D0-PF-ILMN-NOVASEQ	688815815.0	688647742.0	23404.0	144669.0	963801.0	0.22665746473091777	0.860750983203727	0.9986024001341288	0.8694876721968118	0.13051232780318822	0.13051232780318817	HG003	hg38_m_giabHC	-1	-2	ont	sentdhiomr
HIOa-HG003-SR5x-ONT1bx-7-D0-PF-ILMN-NOVASEQ-ont-sentdhiomr-SNPts	SNPts	HIOa-HG003-SR5x-ONT1bx-7-D0-PF-ILMN-NOVASEQ	2505355380.0	2503152233.0	193921.0	2009226.0	7099.0	0.9523589681362977	0.9119799995188701	0.9999971639839664	0.003520761781954794	0.9964792382180452	0.9964792382180452	HG003	giabHC_x_ultima	-1	-2	ont	sentdhiomr
HIOa-HG003-SR5x-ONT1bx-7-D0-PF-ILMN-NOVASEQ-ont-sentdhiomr-SNPtv	SNPtv	HIOa-HG003-SR5x-ONT1bx-7-D0-PF-ILMN-NOVASEQ	2505355380.0	2504320859.0	92492.0	942029.0	3812.0	0.9513705070083146	0.9105943716947263	0.9999984778331483	0.004030275701729995	0.99596972429827	0.99596972429827	HG003	giabHC_x_ultima	-1	-2	ont	sentdhiomr
HIOa-HG003-SR5x-ONT1bx-7-D0-PF-ILMN-NOVASEQ-ont-sentdhiomr-INS_50	INS_50	HIOa-HG003-SR5x-ONT1bx-7-D0-PF-ILMN-NOVASEQ	2505355380.0	2505200046.0	15820.0	139514.0	1682.0	0.9409773041513506	0.8981549435410149	0.9999993285969824	0.011912518768237061	0.9880874812317629	0.9880874812317629	HG003	giabHC_x_ultima	-1	-2	ont	sentdhiomr
HIOa-HG003-SR5x-ONT1bx-7-D0-PF-ILMN-NOVASEQ-ont-sentdhiomr-INS_gt50	INS_gt50	HIOa-HG003-SR5x-ONT1bx-7-D0-PF-ILMN-NOVASEQ	2505355380.0	2505355380.0	0.0	0.0	6.0			0.9999999976051301	1.0	0.0	0.0	HG003	giabHC_x_ultima	-1	-2	ont	sentdhiomr
HIOa-HG003-SR5x-ONT1bx-7-D0-PF-ILMN-NOVASEQ-ont-sentdhiomr-DEL_50	DEL_50	HIOa-HG003-SR5x-ONT1bx-7-D0-PF-ILMN-NOVASEQ	2505355380.0	2505187829.0	17789.0	149762.0	1699.0	0.9389113889132696	0.8938293415139271	0.9999993218077989	0.011217409102013059	0.9887825908979869	0.9887825908979869	HG003	giabHC_x_ultima	-1	-2	ont	sentdhiomr
HIOa-HG003-SR5x-ONT1bx-7-D0-PF-ILMN-NOVASEQ-ont-sentdhiomr-DEL_gt50	DEL_gt50	HIOa-HG003-SR5x-ONT1bx-7-D0-PF-ILMN-NOVASEQ	2505355380.0	2505355380.0	0.0	0.0	52.0			0.9999999792444619	1.0	0.0	0.0	HG003	giabHC_x_ultima	-1	-2	ont	sentdhiomr
HIOa-HG003-SR5x-ONT1bx-7-D0-PF-ILMN-NOVASEQ-ont-sentdhiomr-Indel_50	Indel_50	HIOa-HG003-SR5x-ONT1bx-7-D0-PF-ILMN-NOVASEQ	2505355380.0	2505345292.0	833.0	9255.0	10.0	0.9564408618818788	0.917426645519429	0.9999999960085343	0.0010793308148947653	0.9989206691851052	0.9989206691851052	HG003	giabHC_x_ultima	-1	-2	ont	sentdhiomr
HIOa-HG003-SR5x-ONT1bx-7-D0-PF-ILMN-NOVASEQ-ont-sentdhiomr-Indel_gt50	Indel_gt50	HIOa-HG003-SR5x-ONT1bx-7-D0-PF-ILMN-NOVASEQ	2505355380.0	2505355135.0	33.0	212.0	0.0	0.9277899343544858	0.8653061224489796	1.0	0.0	1.0	1.0	HG003	giabHC_x_ultima	-1	-2	ont	sentdhiomr
HIOa-HG003-SR5x-ONT1bx-7-D0-PF-ILMN-NOVASEQ-ont-sentdhiomr-All	All	HIOa-HG003-SR5x-ONT1bx-7-D0-PF-ILMN-NOVASEQ	2505355380.0	2501784494.0	320888.0	3249998.0	14360.0	0.9509530310841866	0.9101377081206177	0.9999942601300752	0.004399027312568046	0.995600972687432	0.995600972687432	HG003	giabHC_x_ultima	-1	-2	ont	sentdhiomr
HIOa-HG003-SR5x-ONT1bx-7-D0-PF-ILMN-NOVASEQ-ont-sentdhiomr-SNPts	SNPts	HIOa-HG003-SR5x-ONT1bx-7-D0-PF-ILMN-NOVASEQ	2799325643.0	2797071437.0	201317.0	2052889.0	111661.0	0.9291705629367178	0.9106927228478675	0.9999600809113712	0.051586241944053035	0.948413758055947	0.948413758055947	HG003	ultima	-1	-2	ont	sentdhiomr
HIOa-HG003-SR5x-ONT1bx-7-D0-PF-ILMN-NOVASEQ-ont-sentdhiomr-SNPtv	SNPtv	HIOa-HG003-SR5x-ONT1bx-7-D0-PF-ILMN-NOVASEQ	2799325643.0	2798266830.0	96027.0	962786.0	65622.0	0.9225530022934803	0.9093069314411516	0.9999765496054791	0.0638093052562796	0.9361906947437204	0.9361906947437204	HG003	ultima	-1	-2	ont	sentdhiomr
HIOa-HG003-SR5x-ONT1bx-7-D0-PF-ILMN-NOVASEQ-ont-sentdhiomr-INS_50	INS_50	HIOa-HG003-SR5x-ONT1bx-7-D0-PF-ILMN-NOVASEQ	2799325643.0	2799159595.0	17431.0	148617.0	22806.0	0.8807690142264076	0.895024330314126	0.9999918526209682	0.13303932377802277	0.8669606762219773	0.8669606762219773	HG003	ultima	-1	-2	ont	sentdhiomr
HIOa-HG003-SR5x-ONT1bx-7-D0-PF-ILMN-NOVASEQ-ont-sentdhiomr-INS_gt50	INS_gt50	HIOa-HG003-SR5x-ONT1bx-7-D0-PF-ILMN-NOVASEQ	2799325643.0	2799325547.0	76.0	20.0	323.0	0.09111617312072894	0.20833333333333334	0.9999998846150769	0.9416909620991254	0.058309037900874605	0.05830903790087463	HG003	ultima	-1	-2	ont	sentdhiomr
HIOa-HG003-SR5x-ONT1bx-7-D0-PF-ILMN-NOVASEQ-ont-sentdhiomr-DEL_50	DEL_50	HIOa-HG003-SR5x-ONT1bx-7-D0-PF-ILMN-NOVASEQ	2799325643.0	2799145372.0	19711.0	160560.0	30030.0	0.865876972774166	0.890659063299144	0.9999892718405647	0.15756335589485282	0.8424366441051472	0.8424366441051472	HG003	ultima	-1	-2	ont	sentdhiomr
HIOa-HG003-SR5x-ONT1bx-7-D0-PF-ILMN-NOVASEQ-ont-sentdhiomr-DEL_gt50	DEL_gt50	HIOa-HG003-SR5x-ONT1bx-7-D0-PF-ILMN-NOVASEQ	2799325643.0	2799325554.0	41.0	48.0	1027.0	0.08247422680412371	0.5393258426966292	0.99999963312605	0.9553488372093023	0.044651162790697696	0.044651162790697675	HG003	ultima	-1	-2	ont	sentdhiomr
HIOa-HG003-SR5x-ONT1bx-7-D0-PF-ILMN-NOVASEQ-ont-sentdhiomr-Indel_50	Indel_50	HIOa-HG003-SR5x-ONT1bx-7-D0-PF-ILMN-NOVASEQ	2799325643.0	2799313107.0	1152.0	11384.0	1684.0	0.8892360568661146	0.9081046585832802	0.9999993984242125	0.1288644015916743	0.8711355984083257	0.8711355984083257	HG003	ultima	-1	-2	ont	sentdhiomr
HIOa-HG003-SR5x-ONT1bx-7-D0-PF-ILMN-NOVASEQ-ont-sentdhiomr-Indel_gt50	Indel_gt50	HIOa-HG003-SR5x-ONT1bx-7-D0-PF-ILMN-NOVASEQ	2799325643.0	2799325009.0	110.0	524.0	236.0	0.7517934002869441	0.8264984227129337	0.9999999156939693	0.3105263157894737	0.6894736842105262	0.6894736842105263	HG003	ultima	-1	-2	ont	sentdhiomr
HIOa-HG003-SR5x-ONT1bx-7-D0-PF-ILMN-NOVASEQ-ont-sentdhiomr-All	All	HIOa-HG003-SR5x-ONT1bx-7-D0-PF-ILMN-NOVASEQ	2799325643.0	2795652950.0	335865.0	3336828.0	233389.0	0.9214053467459903	0.9085507555355158	0.999916524145941	0.06537109649077354	0.9346289035092264	0.9346289035092264	HG003	ultima	-1	-2	ont	sentdhiomr
HIOa-HG003-SR5x-ONT1bx-7-D0-PF-ILMN-NOVASEQ-ont-sentdhiomr-SNPts	SNPts	HIOa-HG003-SR5x-ONT1bx-7-D0-PF-ILMN-NOVASEQ	332544085.0	332287244.0	22630.0	234211.0	1005.0	0.9519669469187513	0.9118910142851024	0.9999969755174821	0.004272668525950616	0.9957273314740493	0.9957273314740493	HG003	giabHC_x_ultima_x_clinvar	-1	-2	ont	sentdhiomr
HIOa-HG003-SR5x-ONT1bx-7-D0-PF-ILMN-NOVASEQ-ont-sentdhiomr-SNPtv	SNPtv	HIOa-HG003-SR5x-ONT1bx-7-D0-PF-ILMN-NOVASEQ	332544085.0	332429463.0	10159.0	104463.0	537.0	0.9512981395306481	0.9113695451135035	0.9999983846223265	0.0051142857142857144	0.9948857142857143	0.9948857142857143	HG003	giabHC_x_ultima_x_clinvar	-1	-2	ont	sentdhiomr
HIOa-HG003-SR5x-ONT1bx-7-D0-PF-ILMN-NOVASEQ-ont-sentdhiomr-INS_50	INS_50	HIOa-HG003-SR5x-ONT1bx-7-D0-PF-ILMN-NOVASEQ	332544085.0	332526442.0	1725.0	15918.0	169.0	0.9438482063445004	0.9022275123278354	0.9999994917699985	0.01050537701249456	0.9894946229875055	0.9894946229875055	HG003	giabHC_x_ultima_x_clinvar	-1	-2	ont	sentdhiomr
HIOa-HG003-SR5x-ONT1bx-7-D0-PF-ILMN-NOVASEQ-ont-sentdhiomr-INS_gt50	INS_gt50	HIOa-HG003-SR5x-ONT1bx-7-D0-PF-ILMN-NOVASEQ	332544085.0	332544085.0	0.0	0.0	1.0			0.9999999969928799	1.0	0.0	0.0	HG003	giabHC_x_ultima_x_clinvar	-1	-2	ont	sentdhiomr
HIOa-HG003-SR5x-ONT1bx-7-D0-PF-ILMN-NOVASEQ-ont-sentdhiomr-DEL_50	DEL_50	HIOa-HG003-SR5x-ONT1bx-7-D0-PF-ILMN-NOVASEQ	332544085.0	332524946.0	1971.0	17168.0	212.0	0.9402228976697061	0.8970165630388213	0.9999993624542538	0.012197928653624856	0.9878020713463751	0.9878020713463751	HG003	giabHC_x_ultima_x_clinvar	-1	-2	ont	sentdhiomr
HIOa-HG003-SR5x-ONT1bx-7-D0-PF-ILMN-NOVASEQ-ont-sentdhiomr-DEL_gt50	DEL_gt50	HIOa-HG003-SR5x-ONT1bx-7-D0-PF-ILMN-NOVASEQ	332544085.0	332544085.0	0.0	0.0	15.0			0.9999999548932006	1.0	0.0	0.0	HG003	giabHC_x_ultima_x_clinvar	-1	-2	ont	sentdhiomr
HIOa-HG003-SR5x-ONT1bx-7-D0-PF-ILMN-NOVASEQ-ont-sentdhiomr-Indel_50	Indel_50	HIOa-HG003-SR5x-ONT1bx-7-D0-PF-ILMN-NOVASEQ	332544085.0	332543163.0	97.0	825.0	2.0	0.9433962264150944	0.8947939262472885	0.9999999939857431	0.0024183796856106408	0.9975816203143894	0.9975816203143894	HG003	giabHC_x_ultima_x_clinvar	-1	-2	ont	sentdhiomr
HIOa-HG003-SR5x-ONT1bx-7-D0-PF-ILMN-NOVASEQ-ont-sentdhiomr-Indel_gt50	Indel_gt50	HIOa-HG003-SR5x-ONT1bx-7-D0-PF-ILMN-NOVASEQ	332544085.0	332544065.0	4.0	16.0	0.0	0.888888888888889	0.8	1.0	0.0	1.0	1.0	HG003	giabHC_x_ultima_x_clinvar	-1	-2	ont	sentdhiomr
HIOa-HG003-SR5x-ONT1bx-7-D0-PF-ILMN-NOVASEQ-ont-sentdhiomr-All	All	HIOa-HG003-SR5x-ONT1bx-7-D0-PF-ILMN-NOVASEQ	332544085.0	332134898.0	36586.0	372601.0	1941.0	0.9508414260541591	0.910588557309983	0.9999941560231445	0.005182329351581398	0.9948176706484186	0.9948176706484186	HG003	giabHC_x_ultima_x_clinvar	-1	-2	ont	sentdhiomr
HIOa-HG003-SR5x-ONT1bx-7-D0-PF-ILMN-NOVASEQ-ont-sentdhiomr-SNPts	SNPts	HIOa-HG003-SR5x-ONT1bx-7-D0-PF-ILMN-NOVASEQ	688815815.0	688747949.0	12343.0	55523.0	288057.0	0.2698920392955576	0.8181268971207969	0.9995819420211838	0.8383986262296991	0.16160137377030093	0.16160137377030095	HG003	hg38_m_giabHC	-1	-2	ont	sentdhiomr
HIOa-HG003-SR5x-ONT1bx-7-D0-PF-ILMN-NOVASEQ-ont-sentdhiomr-SNPtv	SNPtv	HIOa-HG003-SR5x-ONT1bx-7-D0-PF-ILMN-NOVASEQ	688815815.0	688780735.0	6444.0	28636.0	225477.0	0.19804075479005373	0.8163055872291904	0.999672750410558	0.8873099762703994	0.11269002372960057	0.11269002372960062	HG003	hg38_m_giabHC	-1	-2	ont	sentdhiomr
HIOa-HG003-SR5x-ONT1bx-7-D0-PF-ILMN-NOVASEQ-ont-sentdhiomr-INS_50	INS_50	HIOa-HG003-SR5x-ONT1bx-7-D0-PF-ILMN-NOVASEQ	688815815.0	688787585.0	5645.0	22585.0	133923.0	0.24450843897844513	0.800035423308537	0.9998056048498344	0.8556942776088123	0.14430572239118766	0.14430572239118766	HG003	hg38_m_giabHC	-1	-2	ont	sentdhiomr
HIOa-HG003-SR5x-ONT1bx-7-D0-PF-ILMN-NOVASEQ-ont-sentdhiomr-INS_gt50	INS_gt50	HIOa-HG003-SR5x-ONT1bx-7-D0-PF-ILMN-NOVASEQ	688815815.0	688815582.0	173.0	60.0	1558.0	0.06482982171799027	0.2575107296137339	0.9999977381515216	0.9629171817058096	0.037082818294190356	0.037082818294190356	HG003	hg38_m_giabHC	-1	-2	ont	sentdhiomr
HIOa-HG003-SR5x-ONT1bx-7-D0-PF-ILMN-NOVASEQ-ont-sentdhiomr-DEL_50	DEL_50	HIOa-HG003-SR5x-ONT1bx-7-D0-PF-ILMN-NOVASEQ	688815815.0	688786960.0	5136.0	23719.0	139622.0	0.24682095360985662	0.8220065846473749	0.9997973339922599	0.8547884487054689	0.14521155129453112	0.14521155129453106	HG003	hg38_m_giabHC	-1	-2	ont	sentdhiomr
HIOa-HG003-SR5x-ONT1bx-7-D0-PF-ILMN-NOVASEQ-ont-sentdhiomr-DEL_gt50	DEL_gt50	HIOa-HG003-SR5x-ONT1bx-7-D0-PF-ILMN-NOVASEQ	688815815.0	688815677.0	73.0	65.0	2140.0	0.055484421681604786	0.47101449275362317	0.9999968932278649	0.9705215419501134	0.02947845804988658	0.02947845804988662	HG003	hg38_m_giabHC	-1	-2	ont	sentdhiomr
HIOa-HG003-SR5x-ONT1bx-7-D0-PF-ILMN-NOVASEQ-ont-sentdhiomr-Indel_50	Indel_50	HIOa-HG003-SR5x-ONT1bx-7-D0-PF-ILMN-NOVASEQ	688815815.0	688808966.0	1304.0	5545.0	22770.0	0.31537936525992494	0.8096072419331289	0.9999669440317425	0.8041674024368709	0.1958325975631291	0.1958325975631291	HG003	hg38_m_giabHC	-1	-2	ont	sentdhiomr
HIOa-HG003-SR5x-ONT1bx-7-D0-PF-ILMN-NOVASEQ-ont-sentdhiomr-Indel_gt50	Indel_gt50	HIOa-HG003-SR5x-ONT1bx-7-D0-PF-ILMN-NOVASEQ	688815815.0	688815055.0	254.0	506.0	747.0	0.5027322404371584	0.6657894736842105	0.9999989155301057	0.596169193934557	0.40383080606544297	0.4038308060654429	HG003	hg38_m_giabHC	-1	-2	ont	sentdhiomr
HIOa-HG003-SR5x-ONT1bx-7-D0-PF-ILMN-NOVASEQ-ont-sentdhiomr-All	All	HIOa-HG003-SR5x-ONT1bx-7-D0-PF-ILMN-NOVASEQ	688815815.0	688647804.0	31372.0	136639.0	814294.0	0.2442284868590385	0.8132741308604794	0.9988189430537776	0.8563105918082556	0.14368940819174436	0.1436894081917443	HG003	hg38_m_giabHC	-1	-2	ont	sentdhiomr
HIOa-HG003-SR5x-ONT1bx-7-D0-PF-ILMN-NOVASEQ-ont-sentdhiomr-SNPts	SNPts	HIOa-HG003-SR5x-ONT1bx-7-D0-PF-ILMN-NOVASEQ	377862616.0	377589374.0	26601.0	246641.0	31647.0	0.8943883378963973	0.902646738056375	0.9999161937544785	0.1137203185189444	0.8862796814810556	0.8862796814810556	HG003	clinvar_genes	-1	-2	ont	sentdhiomr
HIOa-HG003-SR5x-ONT1bx-7-D0-PF-ILMN-NOVASEQ-ont-sentdhiomr-SNPtv	SNPtv	HIOa-HG003-SR5x-ONT1bx-7-D0-PF-ILMN-NOVASEQ	377862616.0	377738267.0	12354.0	111995.0	18820.0	0.8778275932341552	0.9006505882636773	0.9999501796242939	0.1438672935060964	0.8561327064939036	0.8561327064939036	HG003	clinvar_genes	-1	-2	ont	sentdhiomr
HIOa-HG003-SR5x-ONT1bx-7-D0-PF-ILMN-NOVASEQ-ont-sentdhiomr-INS_50	INS_50	HIOa-HG003-SR5x-ONT1bx-7-D0-PF-ILMN-NOVASEQ	377862616.0	377833072.0	3562.0	25982.0	15488.0	0.7317430365843355	0.8794340644462496	0.9999590100330142	0.37347480106100794	0.6265251989389921	0.6265251989389921	HG003	clinvar_genes	-1	-2	ont	sentdhiomr
HIOa-HG003-SR5x-ONT1bx-7-D0-PF-ILMN-NOVASEQ-ont-sentdhiomr-INS_gt50	INS_gt50	HIOa-HG003-SR5x-ONT1bx-7-D0-PF-ILMN-NOVASEQ	377862616.0	377862586.0	22.0	8.0	222.0	0.061538461538461535	0.26666666666666666	0.999999412485179	0.9652173913043478	0.034782608695652195	0.034782608695652174	HG003	clinvar_genes	-1	-2	ont	sentdhiomr
HIOa-HG003-SR5x-ONT1bx-7-D0-PF-ILMN-NOVASEQ-ont-sentdhiomr-DEL_50	DEL_50	HIOa-HG003-SR5x-ONT1bx-7-D0-PF-ILMN-NOVASEQ	377862616.0	377831283.0	3654.0	27679.0	15414.0	0.7437992099535109	0.8833817381035969	0.9999592056775344	0.35769150442067155	0.6423084955793285	0.6423084955793285	HG003	clinvar_genes	-1	-2	ont	sentdhiomr
HIOa-HG003-SR5x-ONT1bx-7-D0-PF-ILMN-NOVASEQ-ont-sentdhiomr-DEL_gt50	DEL_gt50	HIOa-HG003-SR5x-ONT1bx-7-D0-PF-ILMN-NOVASEQ	377862616.0	377862598.0	12.0	6.0	309.0	0.036036036036036036	0.3333333333333333	0.9999991822430986	0.9809523809523809	0.01904761904761909	0.01904761904761905	HG003	clinvar_genes	-1	-2	ont	sentdhiomr
HIOa-HG003-SR5x-ONT1bx-7-D0-PF-ILMN-NOVASEQ-ont-sentdhiomr-Indel_50	Indel_50	HIOa-HG003-SR5x-ONT1bx-7-D0-PF-ILMN-NOVASEQ	377862616.0	377859474.0	338.0	2804.0	2475.0	0.6659541622135138	0.8924252068746021	0.9999934499887947	0.4688387952263686	0.5311612047736314	0.5311612047736314	HG003	clinvar_genes	-1	-2	ont	sentdhiomr
HIOa-HG003-SR5x-ONT1bx-7-D0-PF-ILMN-NOVASEQ-ont-sentdhiomr-Indel_gt50	Indel_gt50	HIOa-HG003-SR5x-ONT1bx-7-D0-PF-ILMN-NOVASEQ	377862616.0	377862491.0	45.0	80.0	87.0	0.5479452054794521	0.64	0.9999997697575651	0.5209580838323353	0.47904191616766467	0.47904191616766467	HG003	clinvar_genes	-1	-2	ont	sentdhiomr
HIOa-HG003-SR5x-ONT1bx-7-D0-PF-ILMN-NOVASEQ-ont-sentdhiomr-All	All	HIOa-HG003-SR5x-ONT1bx-7-D0-PF-ILMN-NOVASEQ	377862616.0	377400833.0	46588.0	415195.0	84462.0	0.8636940422699284	0.8991127867418246	0.9997762508868061	0.16903996141352967	0.8309600385864704	0.8309600385864703	HG003	clinvar_genes	-1	-2	ont	sentdhiomr
HIOa-HG003-SR5x-ONT1bx-7-D0-PF-ILMN-NOVASEQ-ont-sentdhiomr-SNPts	SNPts	HIOa-HG003-SR5x-ONT1bx-7-D0-PF-ILMN-NOVASEQ	337668665.0	337403087.0	24920.0	240658.0	1694.0	0.9476030161636446	0.9061669264773438	0.9999949793242556	0.006989832970225127	0.9930101670297748	0.9930101670297748	HG003	giabHC_x_clinvar_genes	-1	-2	ont	sentdhiomr
HIOa-HG003-SR5x-ONT1bx-7-D0-PF-ILMN-NOVASEQ-ont-sentdhiomr-SNPtv	SNPtv	HIOa-HG003-SR5x-ONT1bx-7-D0-PF-ILMN-NOVASEQ	337668665.0	337548393.0	11411.0	108861.0	859.0	0.9466503182719399	0.9051233869894905	0.9999974551861842	0.007829019321910317	0.9921709806780897	0.9921709806780897	HG003	giabHC_x_clinvar_genes	-1	-2	ont	sentdhiomr
HIOa-HG003-SR5x-ONT1bx-7-D0-PF-ILMN-NOVASEQ-ont-sentdhiomr-INS_50	INS_50	HIOa-HG003-SR5x-ONT1bx-7-D0-PF-ILMN-NOVASEQ	337668665.0	337642058.0	2935.0	23672.0	673.0	0.9291882556131261	0.8896906829029955	0.9999980067688766	0.02764428013965907	0.972355719860341	0.972355719860341	HG003	giabHC_x_clinvar_genes	-1	-2	ont	sentdhiomr
HIOa-HG003-SR5x-ONT1bx-7-D0-PF-ILMN-NOVASEQ-ont-sentdhiomr-INS_gt50	INS_gt50	HIOa-HG003-SR5x-ONT1bx-7-D0-PF-ILMN-NOVASEQ	337668665.0	337668665.0	0.0	0.0	1.0			0.999999997038517	1.0	0.0	0.0	HG003	giabHC_x_clinvar_genes	-1	-2	ont	sentdhiomr
HIOa-HG003-SR5x-ONT1bx-7-D0-PF-ILMN-NOVASEQ-ont-sentdhiomr-DEL_50	DEL_50	HIOa-HG003-SR5x-ONT1bx-7-D0-PF-ILMN-NOVASEQ	337668665.0	337640347.0	3081.0	25237.0	557.0	0.9327690715552927	0.8911999434988347	0.9999983503183607	0.02159416918663255	0.9784058308133674	0.9784058308133674	HG003	giabHC_x_clinvar_genes	-1	-2	ont	sentdhiomr
HIOa-HG003-SR5x-ONT1bx-7-D0-PF-ILMN-NOVASEQ-ont-sentdhiomr-DEL_gt50	DEL_gt50	HIOa-HG003-SR5x-ONT1bx-7-D0-PF-ILMN-NOVASEQ	337668665.0	337668665.0	0.0	0.0	16.0			0.9999999526162747	1.0	0.0	0.0	HG003	giabHC_x_clinvar_genes	-1	-2	ont	sentdhiomr
HIOa-HG003-SR5x-ONT1bx-7-D0-PF-ILMN-NOVASEQ-ont-sentdhiomr-Indel_50	Indel_50	HIOa-HG003-SR5x-ONT1bx-7-D0-PF-ILMN-NOVASEQ	337668665.0	337666179.0	186.0	2300.0	4.0	0.9603340292275574	0.9251810136765889	0.9999999881539811	0.001736111111111111	0.9982638888888888	0.9982638888888888	HG003	giabHC_x_clinvar_genes	-1	-2	ont	sentdhiomr
HIOa-HG003-SR5x-ONT1bx-7-D0-PF-ILMN-NOVASEQ-ont-sentdhiomr-Indel_gt50	Indel_gt50	HIOa-HG003-SR5x-ONT1bx-7-D0-PF-ILMN-NOVASEQ	337668665.0	337668635.0	6.0	24.0	0.0	0.888888888888889	0.8	1.0	0.0	1.0	1.0	HG003	giabHC_x_clinvar_genes	-1	-2	ont	sentdhiomr
HIOa-HG003-SR5x-ONT1bx-7-D0-PF-ILMN-NOVASEQ-ont-sentdhiomr-All	All	HIOa-HG003-SR5x-ONT1bx-7-D0-PF-ILMN-NOVASEQ	337668665.0	337225374.0	42539.0	400752.0	3804.0	0.9453403739118025	0.9040382051519206	0.9999887198372852	0.009402900958087384	0.9905970990419126	0.9905970990419126	HG003	giabHC_x_clinvar_genes	-1	-2	ont	sentdhiomr
HIOa-HG003-SR5x-ONT1bx-7-D0-PF-ILMN-NOVASEQ-ont-sentdhiomr-SNPts	SNPts	HIOa-HG003-SR5x-ONT1bx-7-D0-PF-ILMN-NOVASEQ	3088286401.0	3085963658.0	219807.0	2102936.0	298090.0	0.8903636058410138	0.9053674900753118	0.9999034138954049	0.12415109207480468	0.8758489079251953	0.8758489079251953	HG003	hg38	-1	-2	ont	sentdhiomr
HIOa-HG003-SR5x-ONT1bx-7-D0-PF-ILMN-NOVASEQ-ont-sentdhiomr-SNPtv	SNPtv	HIOa-HG003-SR5x-ONT1bx-7-D0-PF-ILMN-NOVASEQ	3088286401.0	3087179461.0	107183.0	999757.0	231080.0	0.8553057028108327	0.9031718069633404	0.9999251541066757	0.18774216244718026	0.8122578375528198	0.8122578375528198	HG003	hg38	-1	-2	ont	sentdhiomr
HIOa-HG003-SR5x-ONT1bx-7-D0-PF-ILMN-NOVASEQ-ont-sentdhiomr-INS_50	INS_50	HIOa-HG003-SR5x-ONT1bx-7-D0-PF-ILMN-NOVASEQ	3088286401.0	3088025911.0	31759.0	228731.0	139856.0	0.7271955579364688	0.8780797727359976	0.999954712275651	0.37943823303589114	0.6205617669641088	0.6205617669641089	HG003	hg38	-1	-2	ont	sentdhiomr
HIOa-HG003-SR5x-ONT1bx-7-D0-PF-ILMN-NOVASEQ-ont-sentdhiomr-INS_gt50	INS_gt50	HIOa-HG003-SR5x-ONT1bx-7-D0-PF-ILMN-NOVASEQ	3088286401.0	3088286167.0	174.0	60.0	1565.0	0.064550833781603	0.2564102564102564	0.9999994932466999	0.963076923076923	0.03692307692307695	0.036923076923076927	HG003	hg38	-1	-2	ont	sentdhiomr
HIOa-HG003-SR5x-ONT1bx-7-D0-PF-ILMN-NOVASEQ-ont-sentdhiomr-DEL_50	DEL_50	HIOa-HG003-SR5x-ONT1bx-7-D0-PF-ILMN-NOVASEQ	3088286401.0	3088010985.0	32485.0	242931.0	144010.0	0.7335349365976354	0.8820511517123188	0.9999533669779421	0.3721756029989068	0.6278243970010933	0.6278243970010932	HG003	hg38	-1	-2	ont	sentdhiomr
HIOa-HG003-SR5x-ONT1bx-7-D0-PF-ILMN-NOVASEQ-ont-sentdhiomr-DEL_gt50	DEL_gt50	HIOa-HG003-SR5x-ONT1bx-7-D0-PF-ILMN-NOVASEQ	3088286401.0	3088286263.0	73.0	65.0	2192.0	0.05427974947807933	0.47101449275362317	0.9999992902217419	0.9712007089056269	0.02879929109437307	0.028799291094373063	HG003	hg38	-1	-2	ont	sentdhiomr
HIOa-HG003-SR5x-ONT1bx-7-D0-PF-ILMN-NOVASEQ-ont-sentdhiomr-Indel_50	Indel_50	HIOa-HG003-SR5x-ONT1bx-7-D0-PF-ILMN-NOVASEQ	3088286401.0	3088254496.0	3093.0	28812.0	22813.0	0.6898599305638693	0.9030559473436766	0.9999926130338317	0.44189830508474576	0.5581016949152542	0.5581016949152542	HG003	hg38	-1	-2	ont	sentdhiomr
HIOa-HG003-SR5x-ONT1bx-7-D0-PF-ILMN-NOVASEQ-ont-sentdhiomr-Indel_gt50	Indel_gt50	HIOa-HG003-SR5x-ONT1bx-7-D0-PF-ILMN-NOVASEQ	3088286401.0	3088285327.0	306.0	768.0	747.0	0.5932792584009269	0.7150837988826816	0.999999758118263	0.49306930693069306	0.5069306930693069	0.5069306930693069	HG003	hg38	-1	-2	ont	sentdhiomr
HIOa-HG003-SR5x-ONT1bx-7-D0-PF-ILMN-NOVASEQ-ont-sentdhiomr-All	All	HIOa-HG003-SR5x-ONT1bx-7-D0-PF-ILMN-NOVASEQ	3088286401.0	3084287461.0	394880.0	3604060.0	840353.0	0.853703499071992	0.9012538322655503	0.9997276116094165	0.18908076274639643	0.8109192372536036	0.8109192372536036	HG003	hg38	-1	-2	ont	sentdhiomr
HIOa-HG003-SR5x-ONT1bx-7-D0-PF-ILMN-NOVASEQ-ont-sentdhiomr-SNPts	SNPts	HIOa-HG003-SR5x-ONT1bx-7-D0-PF-ILMN-NOVASEQ	2528531102.0	2526276203.0	207464.0	2047435.0	10033.0	0.949564357579028	0.9079941052792165	0.9999960285577078	0.004876382038505581	0.9951236179614944	0.9951236179614944	HG003	giabHC	-1	-2	ont	sentdhiomr
HIOa-HG003-SR5x-ONT1bx-7-D0-PF-ILMN-NOVASEQ-ont-sentdhiomr-SNPtv	SNPtv	HIOa-HG003-SR5x-ONT1bx-7-D0-PF-ILMN-NOVASEQ	2528531102.0	2527459229.0	100739.0	971134.0	5603.0	0.9480906565915426	0.9060159179305757	0.9999977831541199	0.005736446965764581	0.9942635530342354	0.9942635530342354	HG003	giabHC	-1	-2	ont	sentdhiomr
HIOa-HG003-SR5x-ONT1bx-7-D0-PF-ILMN-NOVASEQ-ont-sentdhiomr-INS_50	INS_50	HIOa-HG003-SR5x-ONT1bx-7-D0-PF-ILMN-NOVASEQ	2528531102.0	2528298922.0	26100.0	206080.0	5933.0	0.9278849509109779	0.8875872168145404	0.9999976533684266	0.02798413304844514	0.9720158669515548	0.9720158669515548	HG003	giabHC	-1	-2	ont	sentdhiomr
HIOa-HG003-SR5x-ONT1bx-7-D0-PF-ILMN-NOVASEQ-ont-sentdhiomr-INS_gt50	INS_gt50	HIOa-HG003-SR5x-ONT1bx-7-D0-PF-ILMN-NOVASEQ	2528531102.0	2528531101.0	1.0	0.0	7.0		0.0	0.9999999972315943	1.0	0.0	0.0	HG003	giabHC	-1	-2	ont	sentdhiomr
HIOa-HG003-SR5x-ONT1bx-7-D0-PF-ILMN-NOVASEQ-ont-sentdhiomr-DEL_50	DEL_50	HIOa-HG003-SR5x-ONT1bx-7-D0-PF-ILMN-NOVASEQ	2528531102.0	2528284349.0	27376.0	219377.0	4392.0	0.9324834970522101	0.8890550469497838	0.9999982628566394	0.019627383596476724	0.9803726164035232	0.9803726164035232	HG003	giabHC	-1	-2	ont	sentdhiomr
HIOa-HG003-SR5x-ONT1bx-7-D0-PF-ILMN-NOVASEQ-ont-sentdhiomr-DEL_gt50	DEL_gt50	HIOa-HG003-SR5x-ONT1bx-7-D0-PF-ILMN-NOVASEQ	2528531102.0	2528531102.0	0.0	0.0	53.0			0.9999999790392142	1.0	0.0	0.0	HG003	giabHC	-1	-2	ont	sentdhiomr
HIOa-HG003-SR5x-ONT1bx-7-D0-PF-ILMN-NOVASEQ-ont-sentdhiomr-Indel_50	Indel_50	HIOa-HG003-SR5x-ONT1bx-7-D0-PF-ILMN-NOVASEQ	2528531102.0	2528506046.0	1789.0	23267.0	43.0	0.962122151924906	0.9285999361430396	0.9999999829939108	0.0018447018447018447	0.9981552981552981	0.9981552981552981	HG003	giabHC	-1	-2	ont	sentdhiomr
HIOa-HG003-SR5x-ONT1bx-7-D0-PF-ILMN-NOVASEQ-ont-sentdhiomr-Indel_gt50	Indel_gt50	HIOa-HG003-SR5x-ONT1bx-7-D0-PF-ILMN-NOVASEQ	2528531102.0	2528530786.0	54.0	262.0	0.0	0.9065743944636678	0.8291139240506329	1.0	0.0	1.0	1.0	HG003	giabHC	-1	-2	ont	sentdhiomr
HIOa-HG003-SR5x-ONT1bx-7-D0-PF-ILMN-NOVASEQ-ont-sentdhiomr-All	All	HIOa-HG003-SR5x-ONT1bx-7-D0-PF-ILMN-NOVASEQ	2528531102.0	2524700024.0	363523.0	3467555.0	26064.0	0.9468118612961055	0.9051120859455224	0.9999896765038695	0.007460458624709792	0.9925395413752902	0.9925395413752902	HG003	giabHC	-1	-2	ont	sentdhiomr
HIOa-HG003-SR5x-ONT2x-8-D0-PF-ILMN-NOVASEQ-ont-sentdhiomr-SNPts	SNPts	HIOa-HG003-SR5x-ONT2x-8-D0-PF-ILMN-NOVASEQ	332544085.0	332287239.0	14872.0	241974.0	785.0	0.9686612423814813	0.9420975993396822	0.9999976375916575	0.00323365972013396	0.996766340279866	0.996766340279866	HG003	giabHC_x_ultima_x_clinvar	-1	-2	ont	sentdhiomr
HIOa-HG003-SR5x-ONT2x-8-D0-PF-ILMN-NOVASEQ-ont-sentdhiomr-SNPtv	SNPtv	HIOa-HG003-SR5x-ONT2x-8-D0-PF-ILMN-NOVASEQ	332544085.0	332429465.0	6838.0	107782.0	416.0	0.967444281880279	0.9403419996510207	0.9999987486082818	0.0038448030462670288	0.996155196953733	0.996155196953733	HG003	giabHC_x_ultima_x_clinvar	-1	-2	ont	sentdhiomr
HIOa-HG003-SR5x-ONT2x-8-D0-PF-ILMN-NOVASEQ-ont-sentdhiomr-INS_50	INS_50	HIOa-HG003-SR5x-ONT2x-8-D0-PF-ILMN-NOVASEQ	332544085.0	332526448.0	1330.0	16307.0	169.0	0.9560578078738312	0.924590349832738	0.9999994917700077	0.010257344015537751	0.9897426559844622	0.9897426559844622	HG003	giabHC_x_ultima_x_clinvar	-1	-2	ont	sentdhiomr
HIOa-HG003-SR5x-ONT2x-8-D0-PF-ILMN-NOVASEQ-ont-sentdhiomr-INS_gt50	INS_gt50	HIOa-HG003-SR5x-ONT2x-8-D0-PF-ILMN-NOVASEQ	332544085.0	332544085.0	0.0	0.0	1.0			0.9999999969928799	1.0	0.0	0.0	HG003	giabHC_x_ultima_x_clinvar	-1	-2	ont	sentdhiomr
HIOa-HG003-SR5x-ONT2x-8-D0-PF-ILMN-NOVASEQ-ont-sentdhiomr-DEL_50	DEL_50	HIOa-HG003-SR5x-ONT2x-8-D0-PF-ILMN-NOVASEQ	332544085.0	332524945.0	1532.0	17608.0	198.0	0.9531749039138202	0.9199582027168234	0.9999994045563045	0.011119847242502527	0.9888801527574975	0.9888801527574975	HG003	giabHC_x_ultima_x_clinvar	-1	-2	ont	sentdhiomr
HIOa-HG003-SR5x-ONT2x-8-D0-PF-ILMN-NOVASEQ-ont-sentdhiomr-DEL_gt50	DEL_gt50	HIOa-HG003-SR5x-ONT2x-8-D0-PF-ILMN-NOVASEQ	332544085.0	332544085.0	0.0	0.0	15.0			0.9999999548932006	1.0	0.0	0.0	HG003	giabHC_x_ultima_x_clinvar	-1	-2	ont	sentdhiomr
HIOa-HG003-SR5x-ONT2x-8-D0-PF-ILMN-NOVASEQ-ont-sentdhiomr-Indel_50	Indel_50	HIOa-HG003-SR5x-ONT2x-8-D0-PF-ILMN-NOVASEQ	332544085.0	332543153.0	94.0	838.0	2.0	0.945823927765237	0.8991416309012875	0.999999993985743	0.002380952380952381	0.9976190476190476	0.9976190476190476	HG003	giabHC_x_ultima_x_clinvar	-1	-2	ont	sentdhiomr
HIOa-HG003-SR5x-ONT2x-8-D0-PF-ILMN-NOVASEQ-ont-sentdhiomr-Indel_gt50	Indel_gt50	HIOa-HG003-SR5x-ONT2x-8-D0-PF-ILMN-NOVASEQ	332544085.0	332544063.0	4.0	18.0	0.0	0.9	0.8181818181818182	1.0	0.0	1.0	1.0	HG003	giabHC_x_ultima_x_clinvar	-1	-2	ont	sentdhiomr
HIOa-HG003-SR5x-ONT2x-8-D0-PF-ILMN-NOVASEQ-ont-sentdhiomr-All	All	HIOa-HG003-SR5x-ONT2x-8-D0-PF-ILMN-NOVASEQ	332544085.0	332134888.0	24670.0	384527.0	1586.0	0.9669864581106739	0.9397111904534979	0.9999952248544675	0.004107605804518366	0.9958923941954816	0.9958923941954816	HG003	giabHC_x_ultima_x_clinvar	-1	-2	ont	sentdhiomr
HIOa-HG003-SR5x-ONT2x-8-D0-PF-ILMN-NOVASEQ-ont-sentdhiomr-SNPts	SNPts	HIOa-HG003-SR5x-ONT2x-8-D0-PF-ILMN-NOVASEQ	2528531102.0	2526276241.0	137890.0	2116971.0	8701.0	0.9665358074006062	0.9388476717633593	0.9999965558121116	0.004093293791328107	0.9959067062086719	0.9959067062086719	HG003	giabHC	-1	-2	ont	sentdhiomr
HIOa-HG003-SR5x-ONT2x-8-D0-PF-ILMN-NOVASEQ-ont-sentdhiomr-SNPtv	SNPtv	HIOa-HG003-SR5x-ONT2x-8-D0-PF-ILMN-NOVASEQ	2528531102.0	2527459263.0	67905.0	1003934.0	4919.0	0.9650001057340539	0.936646268702669	0.9999980537805303	0.004875834239477902	0.9951241657605221	0.9951241657605221	HG003	giabHC	-1	-2	ont	sentdhiomr
HIOa-HG003-SR5x-ONT2x-8-D0-PF-ILMN-NOVASEQ-ont-sentdhiomr-INS_50	INS_50	HIOa-HG003-SR5x-ONT2x-8-D0-PF-ILMN-NOVASEQ	2528531102.0	2528298922.0	22362.0	209818.0	5852.0	0.9370012280897623	0.9036867947282281	0.9999976854056283	0.027134047387211944	0.9728659526127881	0.9728659526127881	HG003	giabHC	-1	-2	ont	sentdhiomr
HIOa-HG003-SR5x-ONT2x-8-D0-PF-ILMN-NOVASEQ-ont-sentdhiomr-INS_gt50	INS_gt50	HIOa-HG003-SR5x-ONT2x-8-D0-PF-ILMN-NOVASEQ	2528531102.0	2528531101.0	1.0	0.0	8.0		0.0	0.9999999968361077	1.0	0.0	0.0	HG003	giabHC	-1	-2	ont	sentdhiomr
HIOa-HG003-SR5x-ONT2x-8-D0-PF-ILMN-NOVASEQ-ont-sentdhiomr-DEL_50	DEL_50	HIOa-HG003-SR5x-ONT2x-8-D0-PF-ILMN-NOVASEQ	2528531102.0	2528284360.0	23301.0	223441.0	4288.0	0.9418531374941779	0.9055653273459727	0.9999983039911193	0.01882939810037369	0.9811706018996263	0.9811706018996263	HG003	giabHC	-1	-2	ont	sentdhiomr
HIOa-HG003-SR5x-ONT2x-8-D0-PF-ILMN-NOVASEQ-ont-sentdhiomr-DEL_gt50	DEL_gt50	HIOa-HG003-SR5x-ONT2x-8-D0-PF-ILMN-NOVASEQ	2528531102.0	2528531102.0	0.0	0.0	46.0			0.9999999818076198	1.0	0.0	0.0	HG003	giabHC	-1	-2	ont	sentdhiomr
HIOa-HG003-SR5x-ONT2x-8-D0-PF-ILMN-NOVASEQ-ont-sentdhiomr-Indel_50	Indel_50	HIOa-HG003-SR5x-ONT2x-8-D0-PF-ILMN-NOVASEQ	2528531102.0	2528506012.0	1733.0	23357.0	39.0	0.9634533679825105	0.9309286568353926	0.9999999845758724	0.0016669516156607967	0.9983330483843392	0.9983330483843392	HG003	giabHC	-1	-2	ont	sentdhiomr
HIOa-HG003-SR5x-ONT2x-8-D0-PF-ILMN-NOVASEQ-ont-sentdhiomr-Indel_gt50	Indel_gt50	HIOa-HG003-SR5x-ONT2x-8-D0-PF-ILMN-NOVASEQ	2528531102.0	2528530782.0	49.0	271.0	0.0	0.9170896785109983	0.846875	1.0	0.0	1.0	1.0	HG003	giabHC	-1	-2	ont	sentdhiomr
HIOa-HG003-SR5x-ONT2x-8-D0-PF-ILMN-NOVASEQ-ont-sentdhiomr-All	All	HIOa-HG003-SR5x-ONT2x-8-D0-PF-ILMN-NOVASEQ	2528531102.0	2524700069.0	253241.0	3577792.0	23853.0	0.9627194935661144	0.9338974631646347	0.9999905522343286	0.006622807078432216	0.9933771929215678	0.9933771929215678	HG003	giabHC	-1	-2	ont	sentdhiomr
HIOa-HG003-SR5x-ONT2x-8-D0-PF-ILMN-NOVASEQ-ont-sentdhiomr-SNPts	SNPts	HIOa-HG003-SR5x-ONT2x-8-D0-PF-ILMN-NOVASEQ	688815815.0	688747928.0	9224.0	58663.0	322926.0	0.2610283975117693	0.8641271524739641	0.9995313602394799	0.8462665328403073	0.15373346715969272	0.15373346715969277	HG003	hg38_m_giabHC	-1	-2	ont	sentdhiomr
HIOa-HG003-SR5x-ONT2x-8-D0-PF-ILMN-NOVASEQ-ont-sentdhiomr-SNPtv	SNPtv	HIOa-HG003-SR5x-ONT2x-8-D0-PF-ILMN-NOVASEQ	688815815.0	688780730.0	4919.0	30166.0	259114.0	0.18600033912413486	0.8597976343166596	0.9996239491776038	0.8957204092920354	0.10427959070796455	0.1042795907079646	HG003	hg38_m_giabHC	-1	-2	ont	sentdhiomr
HIOa-HG003-SR5x-ONT2x-8-D0-PF-ILMN-NOVASEQ-ont-sentdhiomr-INS_50	INS_50	HIOa-HG003-SR5x-ONT2x-8-D0-PF-ILMN-NOVASEQ	688815815.0	688787585.0	5143.0	23087.0	138190.0	0.24365326874469018	0.8178179241941197	0.9997994123532393	0.8568487757088735	0.14315122429112648	0.14315122429112645	HG003	hg38_m_giabHC	-1	-2	ont	sentdhiomr
HIOa-HG003-SR5x-ONT2x-8-D0-PF-ILMN-NOVASEQ-ont-sentdhiomr-INS_gt50	INS_gt50	HIOa-HG003-SR5x-ONT2x-8-D0-PF-ILMN-NOVASEQ	688815815.0	688815583.0	152.0	80.0	1901.0	0.07230004518752825	0.3448275862068966	0.9999972401978112	0.9596163553760727	0.040383644623927295	0.04038364462392731	HG003	hg38_m_giabHC	-1	-2	ont	sentdhiomr
HIOa-HG003-SR5x-ONT2x-8-D0-PF-ILMN-NOVASEQ-ont-sentdhiomr-DEL_50	DEL_50	HIOa-HG003-SR5x-ONT2x-8-D0-PF-ILMN-NOVASEQ	688815815.0	688786949.0	4660.0	24206.0	144187.0	0.2454235294714056	0.8385644010254278	0.9997907091253893	0.8562529321290078	0.14374706787099223	0.14374706787099226	HG003	hg38_m_giabHC	-1	-2	ont	sentdhiomr
HIOa-HG003-SR5x-ONT2x-8-D0-PF-ILMN-NOVASEQ-ont-sentdhiomr-DEL_gt50	DEL_gt50	HIOa-HG003-SR5x-ONT2x-8-D0-PF-ILMN-NOVASEQ	688815815.0	688815678.0	61.0	76.0	2555.0	0.05491329479768787	0.5547445255474452	0.9999962907485929	0.9711136450019004	0.02888635499809955	0.02888635499809958	HG003	hg38_m_giabHC	-1	-2	ont	sentdhiomr
HIOa-HG003-SR5x-ONT2x-8-D0-PF-ILMN-NOVASEQ-ont-sentdhiomr-Indel_50	Indel_50	HIOa-HG003-SR5x-ONT2x-8-D0-PF-ILMN-NOVASEQ	688815815.0	688808941.0	1258.0	5616.0	22785.0	0.3184124734231042	0.8169915624090777	0.9999669222552621	0.8022604837857822	0.19773951621421781	0.19773951621421781	HG003	hg38_m_giabHC	-1	-2	ont	sentdhiomr
HIOa-HG003-SR5x-ONT2x-8-D0-PF-ILMN-NOVASEQ-ont-sentdhiomr-Indel_gt50	Indel_gt50	HIOa-HG003-SR5x-ONT2x-8-D0-PF-ILMN-NOVASEQ	688815815.0	688815051.0	245.0	519.0	827.0	0.49194312796208534	0.6793193717277487	0.999998799388884	0.6144130757800892	0.3855869242199108	0.38558692421991086	HG003	hg38_m_giabHC	-1	-2	ont	sentdhiomr
HIOa-HG003-SR5x-ONT2x-8-D0-PF-ILMN-NOVASEQ-ont-sentdhiomr-All	All	HIOa-HG003-SR5x-ONT2x-8-D0-PF-ILMN-NOVASEQ	688815815.0	688647740.0	25662.0	142413.0	892485.0	0.2367684062734575	0.847318161535029	0.9987056810210021	0.8623893369201603	0.1376106630798397	0.13761066307983974	HG003	hg38_m_giabHC	-1	-2	ont	sentdhiomr
HIOa-HG003-SR5x-ONT2x-8-D0-PF-ILMN-NOVASEQ-ont-sentdhiomr-SNPts	SNPts	HIOa-HG003-SR5x-ONT2x-8-D0-PF-ILMN-NOVASEQ	2505355380.0	2503152213.0	128303.0	2074864.0	6182.0	0.9686091704590786	0.9417642875006752	0.9999975303200899	0.002970621504762509	0.9970293784952375	0.9970293784952375	HG003	giabHC_x_ultima	-1	-2	ont	sentdhiomr
HIOa-HG003-SR5x-ONT2x-8-D0-PF-ILMN-NOVASEQ-ont-sentdhiomr-SNPtv	SNPtv	HIOa-HG003-SR5x-ONT2x-8-D0-PF-ILMN-NOVASEQ	2505355380.0	2504320879.0	62073.0	972428.0	3347.0	0.9674572048813199	0.9399971580501131	0.999998663511711	0.003430094027824037	0.996569905972176	0.996569905972176	HG003	giabHC_x_ultima	-1	-2	ont	sentdhiomr
HIOa-HG003-SR5x-ONT2x-8-D0-PF-ILMN-NOVASEQ-ont-sentdhiomr-INS_50	INS_50	HIOa-HG003-SR5x-ONT2x-8-D0-PF-ILMN-NOVASEQ	2505355380.0	2505200068.0	12631.0	142681.0	1748.0	0.9520285846781055	0.9186733800350263	0.9999993022518231	0.012102832533632443	0.9878971674663676	0.9878971674663676	HG003	giabHC_x_ultima	-1	-2	ont	sentdhiomr
HIOa-HG003-SR5x-ONT2x-8-D0-PF-ILMN-NOVASEQ-ont-sentdhiomr-INS_gt50	INS_gt50	HIOa-HG003-SR5x-ONT2x-8-D0-PF-ILMN-NOVASEQ	2505355380.0	2505355380.0	0.0	0.0	7.0			0.9999999972059852	1.0	0.0	0.0	HG003	giabHC_x_ultima	-1	-2	ont	sentdhiomr
HIOa-HG003-SR5x-ONT2x-8-D0-PF-ILMN-NOVASEQ-ont-sentdhiomr-DEL_50	DEL_50	HIOa-HG003-SR5x-ONT2x-8-D0-PF-ILMN-NOVASEQ	2505355380.0	2505187834.0	14119.0	153427.0	1658.0	0.9510989334564873	0.9157306053262985	0.9999993381738167	0.010690911435664313	0.9893090885643356	0.9893090885643356	HG003	giabHC_x_ultima	-1	-2	ont	sentdhiomr
HIOa-HG003-SR5x-ONT2x-8-D0-PF-ILMN-NOVASEQ-ont-sentdhiomr-DEL_gt50	DEL_gt50	HIOa-HG003-SR5x-ONT2x-8-D0-PF-ILMN-NOVASEQ	2505355380.0	2505355380.0	0.0	0.0	45.0			0.9999999820384766	1.0	0.0	0.0	HG003	giabHC_x_ultima	-1	-2	ont	sentdhiomr
HIOa-HG003-SR5x-ONT2x-8-D0-PF-ILMN-NOVASEQ-ont-sentdhiomr-Indel_50	Indel_50	HIOa-HG003-SR5x-ONT2x-8-D0-PF-ILMN-NOVASEQ	2505355380.0	2505345248.0	812.0	9320.0	7.0	0.9579115062438974	0.9198578760363205	0.9999999972059739	0.0007505092741503163	0.9992494907258497	0.9992494907258497	HG003	giabHC_x_ultima	-1	-2	ont	sentdhiomr
HIOa-HG003-SR5x-ONT2x-8-D0-PF-ILMN-NOVASEQ-ont-sentdhiomr-Indel_gt50	Indel_gt50	HIOa-HG003-SR5x-ONT2x-8-D0-PF-ILMN-NOVASEQ	2505355380.0	2505355130.0	31.0	219.0	0.0	0.933901918976546	0.876	1.0	0.0	1.0	1.0	HG003	giabHC_x_ultima	-1	-2	ont	sentdhiomr
HIOa-HG003-SR5x-ONT2x-8-D0-PF-ILMN-NOVASEQ-ont-sentdhiomr-All	All	HIOa-HG003-SR5x-ONT2x-8-D0-PF-ILMN-NOVASEQ	2505355380.0	2501784472.0	217969.0	3352939.0	12994.0	0.9667048732989555	0.9389597827779377	0.9999948061343188	0.0038604452316787054	0.9961395547683213	0.9961395547683213	HG003	giabHC_x_ultima	-1	-2	ont	sentdhiomr
HIOa-HG003-SR5x-ONT2x-8-D0-PF-ILMN-NOVASEQ-ont-sentdhiomr-SNPts	SNPts	HIOa-HG003-SR5x-ONT2x-8-D0-PF-ILMN-NOVASEQ	3088286401.0	3085963679.0	147114.0	2175608.0	331627.0	0.9008808981115153	0.936663104753819	0.9998925485194643	0.13226801636065227	0.8677319836393478	0.8677319836393478	HG003	hg38	-1	-2	ont	sentdhiomr
HIOa-HG003-SR5x-ONT2x-8-D0-PF-ILMN-NOVASEQ-ont-sentdhiomr-SNPtv	SNPtv	HIOa-HG003-SR5x-ONT2x-8-D0-PF-ILMN-NOVASEQ	3088286401.0	3087179490.0	72824.0	1034087.0	264033.0	0.8599365247267082	0.9342097061100667	0.9999144816745528	0.2033964502511324	0.7966035497488676	0.7966035497488676	HG003	hg38	-1	-2	ont	sentdhiomr
HIOa-HG003-SR5x-ONT2x-8-D0-PF-ILMN-NOVASEQ-ont-sentdhiomr-INS_50	INS_50	HIOa-HG003-SR5x-ONT2x-8-D0-PF-ILMN-NOVASEQ	3088286401.0	3088025911.0	27514.0	232976.0	144042.0	0.730895926011909	0.8943759837229837	0.999953356841692	0.38205602915510667	0.6179439708448933	0.6179439708448934	HG003	hg38	-1	-2	ont	sentdhiomr
HIOa-HG003-SR5x-ONT2x-8-D0-PF-ILMN-NOVASEQ-ont-sentdhiomr-INS_gt50	INS_gt50	HIOa-HG003-SR5x-ONT2x-8-D0-PF-ILMN-NOVASEQ	3088286401.0	3088286168.0	153.0	80.0	1909.0	0.07200720072007201	0.34334763948497854	0.999999381858184	0.9597787833081951	0.040221216691804895	0.04022121669180493	HG003	hg38	-1	-2	ont	sentdhiomr
HIOa-HG003-SR5x-ONT2x-8-D0-PF-ILMN-NOVASEQ-ont-sentdhiomr-DEL_50	DEL_50	HIOa-HG003-SR5x-ONT2x-8-D0-PF-ILMN-NOVASEQ	3088286401.0	3088010989.0	27939.0	247473.0	148471.0	0.73723330096104	0.898555618491569	0.9999519224956084	0.3749797951225426	0.6250202048774574	0.6250202048774575	HG003	hg38	-1	-2	ont	sentdhiomr
HIOa-HG003-SR5x-ONT2x-8-D0-PF-ILMN-NOVASEQ-ont-sentdhiomr-DEL_gt50	DEL_gt50	HIOa-HG003-SR5x-ONT2x-8-D0-PF-ILMN-NOVASEQ	3088286401.0	3088286264.0	61.0	76.0	2600.0	0.054034838250977595	0.5547445255474452	0.9999991581098419	0.9715994020926756	0.02840059790732441	0.028400597907324365	HG003	hg38	-1	-2	ont	sentdhiomr
HIOa-HG003-SR5x-ONT2x-8-D0-PF-ILMN-NOVASEQ-ont-sentdhiomr-Indel_50	Indel_50	HIOa-HG003-SR5x-ONT2x-8-D0-PF-ILMN-NOVASEQ	3088286401.0	3088254437.0	2991.0	28973.0	22824.0	0.6918016738100071	0.9064259792266299	0.9999926094718605	0.4406432804988706	0.5593567195011294	0.5593567195011294	HG003	hg38	-1	-2	ont	sentdhiomr
HIOa-HG003-SR5x-ONT2x-8-D0-PF-ILMN-NOVASEQ-ont-sentdhiomr-Indel_gt50	Indel_gt50	HIOa-HG003-SR5x-ONT2x-8-D0-PF-ILMN-NOVASEQ	3088286401.0	3088285319.0	292.0	790.0	827.0	0.5854020007410152	0.7301293900184843	0.9999997322139332	0.5114409400123686	0.4885590599876314	0.48855905998763144	HG003	hg38	-1	-2	ont	sentdhiomr
HIOa-HG003-SR5x-ONT2x-8-D0-PF-ILMN-NOVASEQ-ont-sentdhiomr-All	All	HIOa-HG003-SR5x-ONT2x-8-D0-PF-ILMN-NOVASEQ	3088286401.0	3084287450.0	278888.0	3720063.0	916333.0	0.8615896963955242	0.9302597106091073	0.9997029910941219	0.19763907138216838	0.8023609286178316	0.8023609286178316	HG003	hg38	-1	-2	ont	sentdhiomr
HIOa-HG003-SR5x-ONT2x-8-D0-PF-ILMN-NOVASEQ-ont-sentdhiomr-SNPts	SNPts	HIOa-HG003-SR5x-ONT2x-8-D0-PF-ILMN-NOVASEQ	337668665.0	337403100.0	16400.0	249165.0	1367.0	0.9655743009550529	0.9382448741362754	0.9999959484828042	0.00545638880462376	0.9945436111953763	0.9945436111953763	HG003	giabHC_x_clinvar_genes	-1	-2	ont	sentdhiomr
HIOa-HG003-SR5x-ONT2x-8-D0-PF-ILMN-NOVASEQ-ont-sentdhiomr-SNPtv	SNPtv	HIOa-HG003-SR5x-ONT2x-8-D0-PF-ILMN-NOVASEQ	337668665.0	337548387.0	7688.0	112590.0	693.0	0.9641164406728864	0.9360814113969305	0.9999979469652236	0.006117422737745293	0.9938825772622547	0.9938825772622547	HG003	giabHC_x_clinvar_genes	-1	-2	ont	sentdhiomr
HIOa-HG003-SR5x-ONT2x-8-D0-PF-ILMN-NOVASEQ-ont-sentdhiomr-INS_50	INS_50	HIOa-HG003-SR5x-ONT2x-8-D0-PF-ILMN-NOVASEQ	337668665.0	337642054.0	2423.0	24188.0	654.0	0.9401978504654734	0.9089474277554395	0.999998063041243	0.02632638273890991	0.9736736172610901	0.9736736172610901	HG003	giabHC_x_clinvar_genes	-1	-2	ont	sentdhiomr
HIOa-HG003-SR5x-ONT2x-8-D0-PF-ILMN-NOVASEQ-ont-sentdhiomr-INS_gt50	INS_gt50	HIOa-HG003-SR5x-ONT2x-8-D0-PF-ILMN-NOVASEQ	337668665.0	337668665.0	0.0	0.0	1.0			0.999999997038517	1.0	0.0	0.0	HG003	giabHC_x_clinvar_genes	-1	-2	ont	sentdhiomr
HIOa-HG003-SR5x-ONT2x-8-D0-PF-ILMN-NOVASEQ-ont-sentdhiomr-DEL_50	DEL_50	HIOa-HG003-SR5x-ONT2x-8-D0-PF-ILMN-NOVASEQ	337668665.0	337640345.0	2576.0	25744.0	551.0	0.9427446672159664	0.9090395480225989	0.9999983680886808	0.02095455409773721	0.9790454459022628	0.9790454459022628	HG003	giabHC_x_clinvar_genes	-1	-2	ont	sentdhiomr
HIOa-HG003-SR5x-ONT2x-8-D0-PF-ILMN-NOVASEQ-ont-sentdhiomr-DEL_gt50	DEL_gt50	HIOa-HG003-SR5x-ONT2x-8-D0-PF-ILMN-NOVASEQ	337668665.0	337668665.0	0.0	0.0	16.0			0.9999999526162747	1.0	0.0	0.0	HG003	giabHC_x_clinvar_genes	-1	-2	ont	sentdhiomr
HIOa-HG003-SR5x-ONT2x-8-D0-PF-ILMN-NOVASEQ-ont-sentdhiomr-Indel_50	Indel_50	HIOa-HG003-SR5x-ONT2x-8-D0-PF-ILMN-NOVASEQ	337668665.0	337666172.0	173.0	2320.0	3.0	0.9634551495016612	0.9306056959486563	0.9999999911154855	0.0012914334911752045	0.9987085665088248	0.9987085665088248	HG003	giabHC_x_clinvar_genes	-1	-2	ont	sentdhiomr
HIOa-HG003-SR5x-ONT2x-8-D0-PF-ILMN-NOVASEQ-ont-sentdhiomr-Indel_gt50	Indel_gt50	HIOa-HG003-SR5x-ONT2x-8-D0-PF-ILMN-NOVASEQ	337668665.0	337668633.0	6.0	26.0	0.0	0.896551724137931	0.8125	1.0	0.0	1.0	1.0	HG003	giabHC_x_clinvar_genes	-1	-2	ont	sentdhiomr
HIOa-HG003-SR5x-ONT2x-8-D0-PF-ILMN-NOVASEQ-ont-sentdhiomr-All	All	HIOa-HG003-SR5x-ONT2x-8-D0-PF-ILMN-NOVASEQ	337668665.0	337225366.0	29266.0	414033.0	3285.0	0.9621771357061271	0.9339813534431614	0.9999902588347988	0.00787169496642848	0.9921283050335715	0.9921283050335715	HG003	giabHC_x_clinvar_genes	-1	-2	ont	sentdhiomr
HIOa-HG003-SR5x-ONT2x-8-D0-PF-ILMN-NOVASEQ-ont-sentdhiomr-SNPts	SNPts	HIOa-HG003-SR5x-ONT2x-8-D0-PF-ILMN-NOVASEQ	377862616.0	377589358.0	17657.0	255601.0	34949.0	0.9066951870140191	0.9353834105497368	0.9999074503432323	0.12028566511787989	0.8797143348821201	0.8797143348821201	HG003	clinvar_genes	-1	-2	ont	sentdhiomr
HIOa-HG003-SR5x-ONT2x-8-D0-PF-ILMN-NOVASEQ-ont-sentdhiomr-SNPtv	SNPtv	HIOa-HG003-SR5x-ONT2x-8-D0-PF-ILMN-NOVASEQ	377862616.0	377738242.0	8379.0	115995.0	20823.0	0.8881971882752918	0.9326306141154904	0.9999448775636927	0.1521948866377231	0.8478051133622769	0.8478051133622769	HG003	clinvar_genes	-1	-2	ont	sentdhiomr
HIOa-HG003-SR5x-ONT2x-8-D0-PF-ILMN-NOVASEQ-ont-sentdhiomr-INS_50	INS_50	HIOa-HG003-SR5x-ONT2x-8-D0-PF-ILMN-NOVASEQ	377862616.0	377833050.0	2990.0	26576.0	15876.0	0.7380377127940237	0.8988703240208348	0.9999579832072885	0.37397531329501554	0.6260246867049845	0.6260246867049845	HG003	clinvar_genes	-1	-2	ont	sentdhiomr
HIOa-HG003-SR5x-ONT2x-8-D0-PF-ILMN-NOVASEQ-ont-sentdhiomr-INS_gt50	INS_gt50	HIOa-HG003-SR5x-ONT2x-8-D0-PF-ILMN-NOVASEQ	377862616.0	377862588.0	16.0	12.0	259.0	0.08026755852842808	0.42857142857142855	0.9999993145661129	0.955719557195572	0.044280442804428	0.04428044280442804	HG003	clinvar_genes	-1	-2	ont	sentdhiomr
HIOa-HG003-SR5x-ONT2x-8-D0-PF-ILMN-NOVASEQ-ont-sentdhiomr-DEL_50	DEL_50	HIOa-HG003-SR5x-ONT2x-8-D0-PF-ILMN-NOVASEQ	377862616.0	377831276.0	3098.0	28242.0	15839.0	0.7489160843796822	0.901148691767709	0.9999580809291081	0.3593158049953495	0.6406841950046505	0.6406841950046506	HG003	clinvar_genes	-1	-2	ont	sentdhiomr
HIOa-HG003-SR5x-ONT2x-8-D0-PF-ILMN-NOVASEQ-ont-sentdhiomr-DEL_gt50	DEL_gt50	HIOa-HG003-SR5x-ONT2x-8-D0-PF-ILMN-NOVASEQ	377862616.0	377862599.0	8.0	9.0	387.0	0.04358353510895884	0.5294117647058824	0.9999989758192405	0.9772727272727273	0.022727272727272707	0.022727272727272728	HG003	clinvar_genes	-1	-2	ont	sentdhiomr
HIOa-HG003-SR5x-ONT2x-8-D0-PF-ILMN-NOVASEQ-ont-sentdhiomr-Indel_50	Indel_50	HIOa-HG003-SR5x-ONT2x-8-D0-PF-ILMN-NOVASEQ	377862616.0	377859470.0	316.0	2830.0	2491.0	0.6684776189913783	0.8995549904640814	0.9999934076454973	0.4681450855102424	0.5318549144897575	0.5318549144897575	HG003	clinvar_genes	-1	-2	ont	sentdhiomr
HIOa-HG003-SR5x-ONT2x-8-D0-PF-ILMN-NOVASEQ-ont-sentdhiomr-Indel_gt50	Indel_gt50	HIOa-HG003-SR5x-ONT2x-8-D0-PF-ILMN-NOVASEQ	377862616.0	377862492.0	41.0	83.0	98.0	0.5442622950819672	0.6693548387096774	0.9999997406464609	0.5414364640883977	0.45856353591160226	0.4585635359116022	HG003	clinvar_genes	-1	-2	ont	sentdhiomr
HIOa-HG003-SR5x-ONT2x-8-D0-PF-ILMN-NOVASEQ-ont-sentdhiomr-All	All	HIOa-HG003-SR5x-ONT2x-8-D0-PF-ILMN-NOVASEQ	377862616.0	377400763.0	32505.0	429348.0	90722.0	0.8745044163340709	0.9296204636540197	0.9997596714002701	0.1744419020516469	0.8255580979483531	0.8255580979483531	HG003	clinvar_genes	-1	-2	ont	sentdhiomr
HIOa-HG003-SR5x-ONT2x-8-D0-PF-ILMN-NOVASEQ-ont-sentdhiomr-SNPts	SNPts	HIOa-HG003-SR5x-ONT2x-8-D0-PF-ILMN-NOVASEQ	2799325643.0	2797071398.0	133557.0	2120688.0	116892.0	0.9442433754654289	0.9407531124611567	0.9999582108932681	0.0522403668248733	0.9477596331751267	0.9477596331751267	HG003	ultima	-1	-2	ont	sentdhiomr
HIOa-HG003-SR5x-ONT2x-8-D0-PF-ILMN-NOVASEQ-ont-sentdhiomr-SNPtv	SNPtv	HIOa-HG003-SR5x-ONT2x-8-D0-PF-ILMN-NOVASEQ	2799325643.0	2798266834.0	64653.0	994156.0	69007.0	0.937011421451367	0.9389379954269372	0.999975339986363	0.06490726257403616	0.9350927374259639	0.9350927374259639	HG003	ultima	-1	-2	ont	sentdhiomr
HIOa-HG003-SR5x-ONT2x-8-D0-PF-ILMN-NOVASEQ-ont-sentdhiomr-INS_50	INS_50	HIOa-HG003-SR5x-ONT2x-8-D0-PF-ILMN-NOVASEQ	2799325643.0	2799159609.0	14033.0	152001.0	23636.0	0.8897506665769118	0.9154811665080647	0.9999915561083604	0.13457301138142874	0.8654269886185713	0.8654269886185713	HG003	ultima	-1	-2	ont	sentdhiomr
HIOa-HG003-SR5x-ONT2x-8-D0-PF-ILMN-NOVASEQ-ont-sentdhiomr-INS_gt50	INS_gt50	HIOa-HG003-SR5x-ONT2x-8-D0-PF-ILMN-NOVASEQ	2799325643.0	2799325546.0	64.0	33.0	384.0	0.12840466926070038	0.3402061855670103	0.9999998628241192	0.920863309352518	0.07913669064748197	0.07913669064748201	HG003	ultima	-1	-2	ont	sentdhiomr
HIOa-HG003-SR5x-ONT2x-8-D0-PF-ILMN-NOVASEQ-ont-sentdhiomr-DEL_50	DEL_50	HIOa-HG003-SR5x-ONT2x-8-D0-PF-ILMN-NOVASEQ	2799325643.0	2799145383.0	15806.0	164454.0	31106.0	0.8751742855622373	0.9123155442139133	0.9999888874459606	0.15906115770096135	0.8409388422990387	0.8409388422990387	HG003	ultima	-1	-2	ont	sentdhiomr
HIOa-HG003-SR5x-ONT2x-8-D0-PF-ILMN-NOVASEQ-ont-sentdhiomr-DEL_gt50	DEL_gt50	HIOa-HG003-SR5x-ONT2x-8-D0-PF-ILMN-NOVASEQ	2799325643.0	2799325555.0	33.0	55.0	1264.0	0.07818052594171998	0.625	0.9999995484628692	0.9583017437452616	0.04169825625473844	0.04169825625473844	HG003	ultima	-1	-2	ont	sentdhiomr
HIOa-HG003-SR5x-ONT2x-8-D0-PF-ILMN-NOVASEQ-ont-sentdhiomr-Indel_50	Indel_50	HIOa-HG003-SR5x-ONT2x-8-D0-PF-ILMN-NOVASEQ	2799325643.0	2799313049.0	1114.0	11480.0	1688.0	0.8912351525502679	0.9115451802445609	0.9999993969952797	0.12818955042527339	0.8718104495747266	0.8718104495747266	HG003	ultima	-1	-2	ont	sentdhiomr
HIOa-HG003-SR5x-ONT2x-8-D0-PF-ILMN-NOVASEQ-ont-sentdhiomr-Indel_gt50	Indel_gt50	HIOa-HG003-SR5x-ONT2x-8-D0-PF-ILMN-NOVASEQ	2799325643.0	2799324998.0	105.0	540.0	259.0	0.7479224376731303	0.8372093023255814	0.9999999074777041	0.3241551939924906	0.6758448060075094	0.6758448060075094	HG003	ultima	-1	-2	ont	sentdhiomr
HIOa-HG003-SR5x-ONT2x-8-D0-PF-ILMN-NOVASEQ-ont-sentdhiomr-All	All	HIOa-HG003-SR5x-ONT2x-8-D0-PF-ILMN-NOVASEQ	2799325643.0	2795652871.0	229365.0	3443407.0	244236.0	0.9356556661546938	0.9375498941943579	0.9999126448539939	0.06623092311267657	0.9337690768873235	0.9337690768873235	HG003	ultima	-1	-2	ont	sentdhiomr
HIOa-HG003-SR5x-ONT3x-9-D0-PF-ILMN-NOVASEQ-ont-sentdhiomr-SNPts	SNPts	HIOa-HG003-SR5x-ONT3x-9-D0-PF-ILMN-NOVASEQ	688815815.0	688747935.0	6879.0	61001.0	342679.0	0.25871999321401307	0.8986593989393047	0.9995027083622416	0.8488877328577091	0.15111226714229087	0.15111226714229092	HG003	hg38_m_giabHC	-1	-2	ont	sentdhiomr
HIOa-HG003-SR5x-ONT3x-9-D0-PF-ILMN-NOVASEQ-ont-sentdhiomr-SNPtv	SNPtv	HIOa-HG003-SR5x-ONT3x-9-D0-PF-ILMN-NOVASEQ	688815815.0	688780724.0	3786.0	31305.0	279773.0	0.18086541544736817	0.8921090878002906	0.9995939790465161	0.8993660753894521	0.10063392461054788	0.10063392461054783	HG003	hg38_m_giabHC	-1	-2	ont	sentdhiomr
HIOa-HG003-SR5x-ONT3x-9-D0-PF-ILMN-NOVASEQ-ont-sentdhiomr-INS_50	INS_50	HIOa-HG003-SR5x-ONT3x-9-D0-PF-ILMN-NOVASEQ	688815815.0	688787578.0	4797.0	23440.0	141343.0	0.24287638586674956	0.8301165137939582	0.9997948365996961	0.857752316683153	0.142247683316847	0.142247683316847	HG003	hg38_m_giabHC	-1	-2	ont	sentdhiomr
HIOa-HG003-SR5x-ONT3x-9-D0-PF-ILMN-NOVASEQ-ont-sentdhiomr-INS_gt50	INS_gt50	HIOa-HG003-SR5x-ONT3x-9-D0-PF-ILMN-NOVASEQ	688815815.0	688815586.0	148.0	81.0	2164.0	0.06548100242522231	0.3537117903930131	0.999996858385255	0.9639198218262807	0.036080178173719335	0.03608017817371938	HG003	hg38_m_giabHC	-1	-2	ont	sentdhiomr
HIOa-HG003-SR5x-ONT3x-9-D0-PF-ILMN-NOVASEQ-ont-sentdhiomr-DEL_50	DEL_50	HIOa-HG003-SR5x-ONT3x-9-D0-PF-ILMN-NOVASEQ	688815815.0	688786972.0	4302.0	24541.0	147354.0	0.24450776634219729	0.8508476926810664	0.9997861131396144	0.8572326129323133	0.14276738706768666	0.14276738706768666	HG003	hg38_m_giabHC	-1	-2	ont	sentdhiomr
HIOa-HG003-SR5x-ONT3x-9-D0-PF-ILMN-NOVASEQ-ont-sentdhiomr-DEL_gt50	DEL_gt50	HIOa-HG003-SR5x-ONT3x-9-D0-PF-ILMN-NOVASEQ	688815815.0	688815678.0	58.0	79.0	2838.0	0.051735428945645055	0.5766423357664233	0.9999958799016954	0.9729173808707576	0.02708261912924237	0.027082619129242372	HG003	hg38_m_giabHC	-1	-2	ont	sentdhiomr
HIOa-HG003-SR5x-ONT3x-9-D0-PF-ILMN-NOVASEQ-ont-sentdhiomr-Indel_50	Indel_50	HIOa-HG003-SR5x-ONT3x-9-D0-PF-ILMN-NOVASEQ	688815815.0	688808934.0	1223.0	5658.0	22950.0	0.3188593648736228	0.822264205784043	0.9999666827268988	0.8022231543624161	0.1977768456375839	0.19777684563758388	HG003	hg38_m_giabHC	-1	-2	ont	sentdhiomr
HIOa-HG003-SR5x-ONT3x-9-D0-PF-ILMN-NOVASEQ-ont-sentdhiomr-Indel_gt50	Indel_gt50	HIOa-HG003-SR5x-ONT3x-9-D0-PF-ILMN-NOVASEQ	688815815.0	688815037.0	241.0	537.0	888.0	0.4875170222423967	0.6902313624678663	0.9999987108311992	0.6231578947368421	0.37684210526315787	0.37684210526315787	HG003	hg38_m_giabHC	-1	-2	ont	sentdhiomr
HIOa-HG003-SR5x-ONT3x-9-D0-PF-ILMN-NOVASEQ-ont-sentdhiomr-All	All	HIOa-HG003-SR5x-ONT3x-9-D0-PF-ILMN-NOVASEQ	688815815.0	688647739.0	21434.0	146642.0	939989.0	0.2337470022881836	0.872474356838573	0.9986368826447561	0.8650489448580061	0.1349510551419939	0.13495105514199393	HG003	hg38_m_giabHC	-1	-2	ont	sentdhiomr
HIOa-HG003-SR5x-ONT3x-9-D0-PF-ILMN-NOVASEQ-ont-sentdhiomr-SNPts	SNPts	HIOa-HG003-SR5x-ONT3x-9-D0-PF-ILMN-NOVASEQ	2528531102.0	2526276267.0	92720.0	2162115.0	8049.0	0.9772273394864044	0.958879474551353	0.9999968138978067	0.0037089362831564804	0.9962910637168435	0.9962910637168435	HG003	giabHC	-1	-2	ont	sentdhiomr
HIOa-HG003-SR5x-ONT3x-9-D0-PF-ILMN-NOVASEQ-ont-sentdhiomr-SNPtv	SNPtv	HIOa-HG003-SR5x-ONT3x-9-D0-PF-ILMN-NOVASEQ	2528531102.0	2527459299.0	45751.0	1026052.0	4385.0	0.9761511530557881	0.9573139840063892	0.9999982650591469	0.004255476074713932	0.9957445239252861	0.9957445239252861	HG003	giabHC	-1	-2	ont	sentdhiomr
HIOa-HG003-SR5x-ONT3x-9-D0-PF-ILMN-NOVASEQ-ont-sentdhiomr-INS_50	INS_50	HIOa-HG003-SR5x-ONT3x-9-D0-PF-ILMN-NOVASEQ	2528531102.0	2528298907.0	20012.0	212183.0	5851.0	0.9425558993312293	0.9138138202803678	0.9999976858011356	0.026835264224845667	0.9731647357751543	0.9731647357751544	HG003	giabHC	-1	-2	ont	sentdhiomr
HIOa-HG003-SR5x-ONT3x-9-D0-PF-ILMN-NOVASEQ-ont-sentdhiomr-INS_gt50	INS_gt50	HIOa-HG003-SR5x-ONT3x-9-D0-PF-ILMN-NOVASEQ	2528531102.0	2528531101.0	1.0	0.0	6.0		0.0	0.9999999976270808	1.0	0.0	0.0	HG003	giabHC	-1	-2	ont	sentdhiomr
HIOa-HG003-SR5x-ONT3x-9-D0-PF-ILMN-NOVASEQ-ont-sentdhiomr-DEL_50	DEL_50	HIOa-HG003-SR5x-ONT3x-9-D0-PF-ILMN-NOVASEQ	2528531102.0	2528284394.0	20950.0	225758.0	4236.0	0.9471661541172472	0.9150817971042691	0.9999983245583792	0.018417871770567928	0.981582128229432	0.981582128229432	HG003	giabHC	-1	-2	ont	sentdhiomr
HIOa-HG003-SR5x-ONT3x-9-D0-PF-ILMN-NOVASEQ-ont-sentdhiomr-DEL_gt50	DEL_gt50	HIOa-HG003-SR5x-ONT3x-9-D0-PF-ILMN-NOVASEQ	2528531102.0	2528531102.0	0.0	0.0	34.0			0.999999986553458	1.0	0.0	0.0	HG003	giabHC	-1	-2	ont	sentdhiomr
HIOa-HG003-SR5x-ONT3x-9-D0-PF-ILMN-NOVASEQ-ont-sentdhiomr-Indel_50	Indel_50	HIOa-HG003-SR5x-ONT3x-9-D0-PF-ILMN-NOVASEQ	2528531102.0	2528505983.0	1692.0	23427.0	38.0	0.9643915692409024	0.9326406305983519	0.9999999849713627	0.0016194331983805667	0.9983805668016195	0.9983805668016195	HG003	giabHC	-1	-2	ont	sentdhiomr
HIOa-HG003-SR5x-ONT3x-9-D0-PF-ILMN-NOVASEQ-ont-sentdhiomr-Indel_gt50	Indel_gt50	HIOa-HG003-SR5x-ONT3x-9-D0-PF-ILMN-NOVASEQ	2528531102.0	2528530775.0	49.0	278.0	0.0	0.9190082644628098	0.8501529051987767	1.0	0.0	1.0	1.0	HG003	giabHC	-1	-2	ont	sentdhiomr
HIOa-HG003-SR5x-ONT3x-9-D0-PF-ILMN-NOVASEQ-ont-sentdhiomr-All	All	HIOa-HG003-SR5x-ONT3x-9-D0-PF-ILMN-NOVASEQ	2528531102.0	2524700114.0	181175.0	3649813.0	22599.0	0.9728424447583762	0.9527080220559292	0.9999910489180124	0.006153721314493036	0.993846278685507	0.993846278685507	HG003	giabHC	-1	-2	ont	sentdhiomr
HIOa-HG003-SR5x-ONT3x-9-D0-PF-ILMN-NOVASEQ-ont-sentdhiomr-SNPts	SNPts	HIOa-HG003-SR5x-ONT3x-9-D0-PF-ILMN-NOVASEQ	3088286401.0	3085963710.0	99599.0	2223092.0	350728.0	0.9080310449624233	0.9571191346588935	0.9998863602503745	0.13626749345331066	0.8637325065466893	0.8637325065466893	HG003	hg38	-1	-2	ont	sentdhiomr
HIOa-HG003-SR5x-ONT3x-9-D0-PF-ILMN-NOVASEQ-ont-sentdhiomr-SNPtv	SNPtv	HIOa-HG003-SR5x-ONT3x-9-D0-PF-ILMN-NOVASEQ	3088286401.0	3087179521.0	49537.0	1057343.0	284158.0	0.8637078951356019	0.9552462778259613	0.9999079639375411	0.21182093788972203	0.788179062110278	0.788179062110278	HG003	hg38	-1	-2	ont	sentdhiomr
HIOa-HG003-SR5x-ONT3x-9-D0-PF-ILMN-NOVASEQ-ont-sentdhiomr-INS_50	INS_50	HIOa-HG003-SR5x-ONT3x-9-D0-PF-ILMN-NOVASEQ	3088286401.0	3088025892.0	24818.0	235691.0	147194.0	0.7326490455304215	0.9047326579887836	0.9999523362208332	0.3844339684239393	0.6155660315760607	0.6155660315760607	HG003	hg38	-1	-2	ont	sentdhiomr
HIOa-HG003-SR5x-ONT3x-9-D0-PF-ILMN-NOVASEQ-ont-sentdhiomr-INS_gt50	INS_gt50	HIOa-HG003-SR5x-ONT3x-9-D0-PF-ILMN-NOVASEQ	3088286401.0	3088286171.0	149.0	81.0	2170.0	0.06529625151148731	0.3521739130434783	0.9999992973454029	0.964015992892048	0.03598400710795202	0.03598400710795202	HG003	hg38	-1	-2	ont	sentdhiomr
HIOa-HG003-SR5x-ONT3x-9-D0-PF-ILMN-NOVASEQ-ont-sentdhiomr-DEL_50	DEL_50	HIOa-HG003-SR5x-ONT3x-9-D0-PF-ILMN-NOVASEQ	3088286401.0	3088011042.0	25235.0	250124.0	151588.0	0.7388412736625848	0.908356000711798	0.9999509132069252	0.37735492093838374	0.6226450790616163	0.6226450790616163	HG003	hg38	-1	-2	ont	sentdhiomr
HIOa-HG003-SR5x-ONT3x-9-D0-PF-ILMN-NOVASEQ-ont-sentdhiomr-DEL_gt50	DEL_gt50	HIOa-HG003-SR5x-ONT3x-9-D0-PF-ILMN-NOVASEQ	3088286401.0	3088286264.0	58.0	79.0	2870.0	0.05119896305897601	0.5766423357664233	0.9999990706828683	0.9732112580535774	0.026788741946422556	0.026788741946422515	HG003	hg38	-1	-2	ont	sentdhiomr
HIOa-HG003-SR5x-ONT3x-9-D0-PF-ILMN-NOVASEQ-ont-sentdhiomr-Indel_50	Indel_50	HIOa-HG003-SR5x-ONT3x-9-D0-PF-ILMN-NOVASEQ	3088286401.0	3088254401.0	2915.0	29085.0	22988.0	0.6918987070759935	0.90890625	0.9999925563681288	0.44145718510552495	0.5585428148944751	0.5585428148944751	HG003	hg38	-1	-2	ont	sentdhiomr
HIOa-HG003-SR5x-ONT3x-9-D0-PF-ILMN-NOVASEQ-ont-sentdhiomr-Indel_gt50	Indel_gt50	HIOa-HG003-SR5x-ONT3x-9-D0-PF-ILMN-NOVASEQ	3088286401.0	3088285298.0	288.0	815.0	888.0	0.5808980755523877	0.7388939256572983	0.9999997124618812	0.5214327657075749	0.4785672342924251	0.47856723429242515	HG003	hg38	-1	-2	ont	sentdhiomr
HIOa-HG003-SR5x-ONT3x-9-D0-PF-ILMN-NOVASEQ-ont-sentdhiomr-All	All	HIOa-HG003-SR5x-ONT3x-9-D0-PF-ILMN-NOVASEQ	3088286401.0	3084287492.0	202599.0	3796310.0	962584.0	0.8669548744131376	0.9493364315116948	0.9996880045454053	0.20227052756375746	0.7977294724362425	0.7977294724362426	HG003	hg38	-1	-2	ont	sentdhiomr
HIOa-HG003-SR5x-ONT3x-9-D0-PF-ILMN-NOVASEQ-ont-sentdhiomr-SNPts	SNPts	HIOa-HG003-SR5x-ONT3x-9-D0-PF-ILMN-NOVASEQ	377862616.0	377589360.0	12445.0	260811.0	36612.0	0.9140374886757705	0.954456626752935	0.9999030469228425	0.12309740672375707	0.8769025932762429	0.876902593276243	HG003	clinvar_genes	-1	-2	ont	sentdhiomr
HIOa-HG003-SR5x-ONT3x-9-D0-PF-ILMN-NOVASEQ-ont-sentdhiomr-SNPtv	SNPtv	HIOa-HG003-SR5x-ONT3x-9-D0-PF-ILMN-NOVASEQ	377862616.0	377738256.0	5872.0	118488.0	21963.0	0.8948872969778446	0.9527822450948858	0.9999418599447604	0.15637482111198925	0.8436251788880107	0.8436251788880108	HG003	clinvar_genes	-1	-2	ont	sentdhiomr
HIOa-HG003-SR5x-ONT3x-9-D0-PF-ILMN-NOVASEQ-ont-sentdhiomr-INS_50	INS_50	HIOa-HG003-SR5x-ONT3x-9-D0-PF-ILMN-NOVASEQ	377862616.0	377833049.0	2695.0	26872.0	16266.0	0.7392063819544735	0.9088510839787601	0.9999569510930567	0.37706894153646436	0.6229310584635357	0.6229310584635356	HG003	clinvar_genes	-1	-2	ont	sentdhiomr
HIOa-HG003-SR5x-ONT3x-9-D0-PF-ILMN-NOVASEQ-ont-sentdhiomr-INS_gt50	INS_gt50	HIOa-HG003-SR5x-ONT3x-9-D0-PF-ILMN-NOVASEQ	377862616.0	377862588.0	16.0	12.0	298.0	0.07100591715976332	0.42857142857142855	0.9999992113541418	0.9612903225806452	0.03870967741935483	0.03870967741935484	HG003	clinvar_genes	-1	-2	ont	sentdhiomr
HIOa-HG003-SR5x-ONT3x-9-D0-PF-ILMN-NOVASEQ-ont-sentdhiomr-DEL_50	DEL_50	HIOa-HG003-SR5x-ONT3x-9-D0-PF-ILMN-NOVASEQ	377862616.0	377831282.0	2779.0	28555.0	16148.0	0.7510817102200245	0.9113103976511138	0.9999572631736572	0.36122855289354183	0.6387714471064582	0.6387714471064582	HG003	clinvar_genes	-1	-2	ont	sentdhiomr
HIOa-HG003-SR5x-ONT3x-9-D0-PF-ILMN-NOVASEQ-ont-sentdhiomr-DEL_gt50	DEL_gt50	HIOa-HG003-SR5x-ONT3x-9-D0-PF-ILMN-NOVASEQ	377862616.0	377862599.0	9.0	8.0	408.0	0.03695150115473442	0.47058823529411764	0.9999989202436004	0.9807692307692307	0.019230769230769273	0.019230769230769232	HG003	clinvar_genes	-1	-2	ont	sentdhiomr
HIOa-HG003-SR5x-ONT3x-9-D0-PF-ILMN-NOVASEQ-ont-sentdhiomr-Indel_50	Indel_50	HIOa-HG003-SR5x-ONT3x-9-D0-PF-ILMN-NOVASEQ	377862616.0	377859471.0	315.0	2830.0	2487.0	0.668872606948712	0.8998410174880763	0.9999934182313214	0.46774496896746287	0.5322550310325371	0.5322550310325371	HG003	clinvar_genes	-1	-2	ont	sentdhiomr
HIOa-HG003-SR5x-ONT3x-9-D0-PF-ILMN-NOVASEQ-ont-sentdhiomr-Indel_gt50	Indel_gt50	HIOa-HG003-SR5x-ONT3x-9-D0-PF-ILMN-NOVASEQ	377862616.0	377862491.0	43.0	82.0	109.0	0.518987341772152	0.656	0.999999711535357	0.5706806282722513	0.4293193717277487	0.4293193717277487	HG003	clinvar_genes	-1	-2	ont	sentdhiomr
HIOa-HG003-SR5x-ONT3x-9-D0-PF-ILMN-NOVASEQ-ont-sentdhiomr-All	All	HIOa-HG003-SR5x-ONT3x-9-D0-PF-ILMN-NOVASEQ	377862616.0	377400784.0	24174.0	437658.0	94291.0	0.8807936557450786	0.9476562905991789	0.9997502192578274	0.177255714363595	0.822744285636405	0.822744285636405	HG003	clinvar_genes	-1	-2	ont	sentdhiomr
HIOa-HG003-SR5x-ONT5x-10-D0-PF-ILMN-NOVASEQ-ont-sentdhiomr-SNPts	SNPts	HIOa-HG003-SR5x-ONT5x-10-D0-PF-ILMN-NOVASEQ	688815815.0	688747934.0	5157.0	62724.0	368090.0	0.2515525521611406	0.924028815132364	0.9994658519216206	0.8544058456781813	0.14559415432181866	0.1455941543218187	HG003	hg38_m_giabHC	-1	-2	ont	sentdhiomr
HIOa-HG003-SR5x-ONT5x-10-D0-PF-ILMN-NOVASEQ-ont-sentdhiomr-SNPtv	SNPtv	HIOa-HG003-SR5x-ONT5x-10-D0-PF-ILMN-NOVASEQ	688815815.0	688780737.0	2901.0	32177.0	307653.0	0.1716527788150693	0.9172985917099037	0.9995535362306713	0.9053144219168408	0.09468557808315925	0.09468557808315922	HG003	hg38_m_giabHC	-1	-2	ont	sentdhiomr
HIOa-HG003-SR5x-ONT5x-10-D0-PF-ILMN-NOVASEQ-ont-sentdhiomr-INS_50	INS_50	HIOa-HG003-SR5x-ONT5x-10-D0-PF-ILMN-NOVASEQ	688815815.0	688787575.0	4540.0	23700.0	144024.0	0.24188116184605335	0.8392351274787535	0.9997909458642787	0.8586964298490377	0.1413035701509623	0.1413035701509623	HG003	hg38_m_giabHC	-1	-2	ont	sentdhiomr
HIOa-HG003-SR5x-ONT5x-10-D0-PF-ILMN-NOVASEQ-ont-sentdhiomr-INS_gt50	INS_gt50	HIOa-HG003-SR5x-ONT5x-10-D0-PF-ILMN-NOVASEQ	688815815.0	688815585.0	137.0	93.0	2368.0	0.06911928651059086	0.4043478260869565	0.9999965622266527	0.9622104835432751	0.0377895164567249	0.03778951645672491	HG003	hg38_m_giabHC	-1	-2	ont	sentdhiomr
HIOa-HG003-SR5x-ONT5x-10-D0-PF-ILMN-NOVASEQ-ont-sentdhiomr-DEL_50	DEL_50	HIOa-HG003-SR5x-ONT5x-10-D0-PF-ILMN-NOVASEQ	688815815.0	688786960.0	4016.0	24839.0	150460.0	0.24333591308521996	0.8608213481199098	0.9997816057081063	0.8583049532513021	0.14169504674869793	0.14169504674869793	HG003	hg38_m_giabHC	-1	-2	ont	sentdhiomr
HIOa-HG003-SR5x-ONT5x-10-D0-PF-ILMN-NOVASEQ-ont-sentdhiomr-DEL_gt50	DEL_gt50	HIOa-HG003-SR5x-ONT5x-10-D0-PF-ILMN-NOVASEQ	688815815.0	688815679.0	52.0	84.0	3097.0	0.05064817606270725	0.6176470588235294	0.9999955038972399	0.9735932096824897	0.026406790317510254	0.026406790317510215	HG003	hg38_m_giabHC	-1	-2	ont	sentdhiomr
HIOa-HG003-SR5x-ONT5x-10-D0-PF-ILMN-NOVASEQ-ont-sentdhiomr-Indel_50	Indel_50	HIOa-HG003-SR5x-ONT5x-10-D0-PF-ILMN-NOVASEQ	688815815.0	688808915.0	1199.0	5701.0	23065.0	0.3196882184713733	0.826231884057971	0.9999665157822667	0.8018146422860322	0.19818535771396784	0.1981853577139679	HG003	hg38_m_giabHC	-1	-2	ont	sentdhiomr
HIOa-HG003-SR5x-ONT5x-10-D0-PF-ILMN-NOVASEQ-ont-sentdhiomr-Indel_gt50	Indel_gt50	HIOa-HG003-SR5x-ONT5x-10-D0-PF-ILMN-NOVASEQ	688815815.0	688815040.0	233.0	542.0	949.0	0.47837599293909966	0.6993548387096774	0.9999986222735605	0.636485580147552	0.36351441985244803	0.36351441985244803	HG003	hg38_m_giabHC	-1	-2	ont	sentdhiomr
HIOa-HG003-SR5x-ONT5x-10-D0-PF-ILMN-NOVASEQ-ont-sentdhiomr-All	All	HIOa-HG003-SR5x-ONT5x-10-D0-PF-ILMN-NOVASEQ	688815815.0	688647720.0	18235.0	149860.0	999706.0	0.22746366478176097	0.8915196763734793	0.9985504100177705	0.8696377589455498	0.13036224105445016	0.1303622410544501	HG003	hg38_m_giabHC	-1	-2	ont	sentdhiomr
HIOa-HG003-SR5x-ONT5x-10-D0-PF-ILMN-NOVASEQ-ont-sentdhiomr-SNPts	SNPts	HIOa-HG003-SR5x-ONT5x-10-D0-PF-ILMN-NOVASEQ	3088286401.0	3085963721.0	57988.0	2264692.0	374785.0	0.9127853068736036	0.9750340124339125	0.9998785664633768	0.14199214465592994	0.8580078553440701	0.8580078553440701	HG003	hg38	-1	-2	ont	sentdhiomr
HIOa-HG003-SR5x-ONT5x-10-D0-PF-ILMN-NOVASEQ-ont-sentdhiomr-SNPtv	SNPtv	HIOa-HG003-SR5x-ONT5x-10-D0-PF-ILMN-NOVASEQ	3088286401.0	3087179564.0	29879.0	1076958.0	311373.0	0.8632348603380614	0.973005058558758	0.9998991501493111	0.22427864824742802	0.775721351752572	0.775721351752572	HG003	hg38	-1	-2	ont	sentdhiomr
HIOa-HG003-SR5x-ONT5x-10-D0-PF-ILMN-NOVASEQ-ont-sentdhiomr-INS_50	INS_50	HIOa-HG003-SR5x-ONT5x-10-D0-PF-ILMN-NOVASEQ	3088286401.0	3088025964.0	22516.0	237921.0	149905.0	0.7340261591360298	0.9135453103821654	0.9999514583992755	0.3865264319565991	0.6134735680434009	0.6134735680434009	HG003	hg38	-1	-2	ont	sentdhiomr
HIOa-HG003-SR5x-ONT5x-10-D0-PF-ILMN-NOVASEQ-ont-sentdhiomr-INS_gt50	INS_gt50	HIOa-HG003-SR5x-ONT5x-10-D0-PF-ILMN-NOVASEQ	3088286401.0	3088286170.0	138.0	93.0	2377.0	0.06886338393187709	0.4025974025974026	0.9999992303180342	0.9623481781376518	0.03765182186234817	0.03765182186234818	HG003	hg38	-1	-2	ont	sentdhiomr
HIOa-HG003-SR5x-ONT5x-10-D0-PF-ILMN-NOVASEQ-ont-sentdhiomr-DEL_50	DEL_50	HIOa-HG003-SR5x-ONT5x-10-D0-PF-ILMN-NOVASEQ	3088286401.0	3088011077.0	22431.0	252893.0	154723.0	0.7406009312677541	0.918528715259113	0.9999498980916115	0.37958029125451404	0.6204197087454859	0.6204197087454859	HG003	hg38	-1	-2	ont	sentdhiomr
HIOa-HG003-SR5x-ONT5x-10-D0-PF-ILMN-NOVASEQ-ont-sentdhiomr-DEL_gt50	DEL_gt50	HIOa-HG003-SR5x-ONT5x-10-D0-PF-ILMN-NOVASEQ	3088286401.0	3088286265.0	52.0	84.0	3122.0	0.05026929982046679	0.6176470588235294	0.9999989890843737	0.9737991266375546	0.026200873362445365	0.026200873362445413	HG003	hg38	-1	-2	ont	sentdhiomr
HIOa-HG003-SR5x-ONT5x-10-D0-PF-ILMN-NOVASEQ-ont-sentdhiomr-Indel_50	Indel_50	HIOa-HG003-SR5x-ONT5x-10-D0-PF-ILMN-NOVASEQ	3088286401.0	3088254262.0	2875.0	29264.0	23102.0	0.692598071120052	0.9105448209340676	0.9999925194542857	0.44116411411984874	0.5588358858801512	0.5588358858801512	HG003	hg38	-1	-2	ont	sentdhiomr
HIOa-HG003-SR5x-ONT5x-10-D0-PF-ILMN-NOVASEQ-ont-sentdhiomr-Indel_gt50	Indel_gt50	HIOa-HG003-SR5x-ONT5x-10-D0-PF-ILMN-NOVASEQ	3088286401.0	3088285292.0	279.0	830.0	949.0	0.5747922437673131	0.7484220018034266	0.9999996927098312	0.5334457560427206	0.4665542439572794	0.46655424395727935	HG003	hg38	-1	-2	ont	sentdhiomr
HIOa-HG003-SR5x-ONT5x-10-D0-PF-ILMN-NOVASEQ-ont-sentdhiomr-All	All	HIOa-HG003-SR5x-ONT5x-10-D0-PF-ILMN-NOVASEQ	3088286401.0	3084287508.0	136158.0	3862735.0	1020336.0	0.869792987226699	0.9659510769605488	0.9996692919956158	0.2089537506212791	0.7910462493787209	0.7910462493787209	HG003	hg38	-1	-2	ont	sentdhiomr
HIOa-HG003-SR5x-ONT5x-10-D0-PF-ILMN-NOVASEQ-ont-sentdhiomr-SNPts	SNPts	HIOa-HG003-SR5x-ONT5x-10-D0-PF-ILMN-NOVASEQ	377862616.0	377589363.0	7140.0	266113.0	38107.0	0.9216465531721829	0.9738703692182702	0.999899088379349	0.12526132404181184	0.8747386759581881	0.8747386759581881	HG003	clinvar_genes	-1	-2	ont	sentdhiomr
HIOa-HG003-SR5x-ONT5x-10-D0-PF-ILMN-NOVASEQ-ont-sentdhiomr-SNPtv	SNPtv	HIOa-HG003-SR5x-ONT5x-10-D0-PF-ILMN-NOVASEQ	377862616.0	377738253.0	3500.0	120863.0	22859.0	0.9016767070145661	0.9718565811374765	0.9999394882128576	0.1590501106302445	0.8409498893697556	0.8409498893697555	HG003	clinvar_genes	-1	-2	ont	sentdhiomr
HIOa-HG003-SR5x-ONT5x-10-D0-PF-ILMN-NOVASEQ-ont-sentdhiomr-INS_50	INS_50	HIOa-HG003-SR5x-ONT5x-10-D0-PF-ILMN-NOVASEQ	377862616.0	377833058.0	2341.0	27217.0	16585.0	0.7420119956379497	0.9207997834765546	0.9999561068792646	0.37863567873613074	0.6213643212638693	0.6213643212638692	HG003	clinvar_genes	-1	-2	ont	sentdhiomr
HIOa-HG003-SR5x-ONT5x-10-D0-PF-ILMN-NOVASEQ-ont-sentdhiomr-INS_gt50	INS_gt50	HIOa-HG003-SR5x-ONT5x-10-D0-PF-ILMN-NOVASEQ	377862616.0	377862588.0	13.0	15.0	322.0	0.08219178082191782	0.5357142857142857	0.9999991478390933	0.9554896142433235	0.04451038575667654	0.04451038575667656	HG003	clinvar_genes	-1	-2	ont	sentdhiomr
HIOa-HG003-SR5x-ONT5x-10-D0-PF-ILMN-NOVASEQ-ont-sentdhiomr-DEL_50	DEL_50	HIOa-HG003-SR5x-ONT5x-10-D0-PF-ILMN-NOVASEQ	377862616.0	377831284.0	2408.0	28924.0	16365.0	0.7549888411793111	0.9231456657730116	0.9999566888928824	0.36134602221289935	0.6386539777871006	0.6386539777871006	HG003	clinvar_genes	-1	-2	ont	sentdhiomr
HIOa-HG003-SR5x-ONT5x-10-D0-PF-ILMN-NOVASEQ-ont-sentdhiomr-DEL_gt50	DEL_gt50	HIOa-HG003-SR5x-ONT5x-10-D0-PF-ILMN-NOVASEQ	377862616.0	377862599.0	5.0	12.0	442.0	0.050955414012738856	0.7058823529411765	0.9999988302640056	0.973568281938326	0.026431718061673992	0.02643171806167401	HG003	clinvar_genes	-1	-2	ont	sentdhiomr
HIOa-HG003-SR5x-ONT5x-10-D0-PF-ILMN-NOVASEQ-ont-sentdhiomr-Indel_50	Indel_50	HIOa-HG003-SR5x-ONT5x-10-D0-PF-ILMN-NOVASEQ	377862616.0	377859444.0	310.0	2862.0	2508.0	0.6701006789978928	0.9022698612862547	0.9999933626553646	0.4670391061452514	0.5329608938547485	0.5329608938547487	HG003	clinvar_genes	-1	-2	ont	sentdhiomr
HIOa-HG003-SR5x-ONT5x-10-D0-PF-ILMN-NOVASEQ-ont-sentdhiomr-Indel_gt50	Indel_gt50	HIOa-HG003-SR5x-ONT5x-10-D0-PF-ILMN-NOVASEQ	377862616.0	377862492.0	41.0	83.0	119.0	0.50920245398773	0.6693548387096774	0.99999968507072	0.5891089108910891	0.4108910891089109	0.41089108910891087	HG003	clinvar_genes	-1	-2	ont	sentdhiomr
HIOa-HG003-SR5x-ONT5x-10-D0-PF-ILMN-NOVASEQ-ont-sentdhiomr-All	All	HIOa-HG003-SR5x-ONT5x-10-D0-PF-ILMN-NOVASEQ	377862616.0	377400769.0	15758.0	446089.0	97307.0	0.8875247079561857	0.965880475568749	0.9997422317988185	0.17907198433554902	0.820928015664451	0.820928015664451	HG003	clinvar_genes	-1	-2	ont	sentdhiomr
HIOa-HG003-SR5x-ONT5x-10-D0-PF-ILMN-NOVASEQ-ont-sentdhiomr-SNPts	SNPts	HIOa-HG003-SR5x-ONT5x-10-D0-PF-ILMN-NOVASEQ	2528531102.0	2526276273.0	52831.0	2201998.0	6695.0	0.9866638945657712	0.9765698418815795	0.9999973498614032	0.0030312044272336625	0.9969687955727663	0.9969687955727663	HG003	giabHC	-1	-2	ont	sentdhiomr
HIOa-HG003-SR5x-ONT5x-10-D0-PF-ILMN-NOVASEQ-ont-sentdhiomr-SNPtv	SNPtv	HIOa-HG003-SR5x-ONT5x-10-D0-PF-ILMN-NOVASEQ	2528531102.0	2527459329.0	26978.0	1044795.0	3720.0	0.9855217781735311	0.9748286250913206	0.9999985281683934	0.0035478748515758002	0.9964521251484242	0.9964521251484242	HG003	giabHC	-1	-2	ont	sentdhiomr
HIOa-HG003-SR5x-ONT5x-10-D0-PF-ILMN-NOVASEQ-ont-sentdhiomr-INS_50	INS_50	HIOa-HG003-SR5x-ONT5x-10-D0-PF-ILMN-NOVASEQ	2528531102.0	2528298983.0	17970.0	214149.0	5881.0	0.9472496898146407	0.9225828131260259	0.9999976739355749	0.026728173430895785	0.9732718265691043	0.9732718265691042	HG003	giabHC	-1	-2	ont	sentdhiomr
HIOa-HG003-SR5x-ONT5x-10-D0-PF-ILMN-NOVASEQ-ont-sentdhiomr-INS_gt50	INS_gt50	HIOa-HG003-SR5x-ONT5x-10-D0-PF-ILMN-NOVASEQ	2528531102.0	2528531101.0	1.0	0.0	9.0		0.0	0.9999999964406212	1.0	0.0	0.0	HG003	giabHC	-1	-2	ont	sentdhiomr
HIOa-HG003-SR5x-ONT5x-10-D0-PF-ILMN-NOVASEQ-ont-sentdhiomr-DEL_50	DEL_50	HIOa-HG003-SR5x-ONT5x-10-D0-PF-ILMN-NOVASEQ	2528531102.0	2528284437.0	18431.0	228234.0	4266.0	0.9526321830684628	0.9252792248596274	0.9999983126926941	0.018348387096774194	0.9816516129032258	0.9816516129032258	HG003	giabHC	-1	-2	ont	sentdhiomr
HIOa-HG003-SR5x-ONT5x-10-D0-PF-ILMN-NOVASEQ-ont-sentdhiomr-DEL_gt50	DEL_gt50	HIOa-HG003-SR5x-ONT5x-10-D0-PF-ILMN-NOVASEQ	2528531102.0	2528531102.0	0.0	0.0	25.0			0.9999999901128368	1.0	0.0	0.0	HG003	giabHC	-1	-2	ont	sentdhiomr
HIOa-HG003-SR5x-ONT5x-10-D0-PF-ILMN-NOVASEQ-ont-sentdhiomr-Indel_50	Indel_50	HIOa-HG003-SR5x-ONT5x-10-D0-PF-ILMN-NOVASEQ	2528531102.0	2528505863.0	1676.0	23563.0	37.0	0.9649255717766538	0.9335948333927652	0.9999999853668524	0.0015677966101694915	0.9984322033898305	0.9984322033898305	HG003	giabHC	-1	-2	ont	sentdhiomr
HIOa-HG003-SR5x-ONT5x-10-D0-PF-ILMN-NOVASEQ-ont-sentdhiomr-Indel_gt50	Indel_gt50	HIOa-HG003-SR5x-ONT5x-10-D0-PF-ILMN-NOVASEQ	2528531102.0	2528530766.0	48.0	288.0	0.0	0.923076923076923	0.8571428571428571	1.0	0.0	1.0	1.0	HG003	giabHC	-1	-2	ont	sentdhiomr
HIOa-HG003-SR5x-ONT5x-10-D0-PF-ILMN-NOVASEQ-ont-sentdhiomr-All	All	HIOa-HG003-SR5x-ONT5x-10-D0-PF-ILMN-NOVASEQ	2528531102.0	2524700140.0	117935.0	3713027.0	20633.0	0.981682098589989	0.9692153041455384	0.9999918276111083	0.005526212884943996	0.994473787115056	0.994473787115056	HG003	giabHC	-1	-2	ont	sentdhiomr
HIOa-HG003-SR5x-ONT7x-11-D0-PF-ILMN-NOVASEQ-ont-sentdhiomr-SNPts	SNPts	HIOa-HG003-SR5x-ONT7x-11-D0-PF-ILMN-NOVASEQ	2528531102.0	2526276283.0	23010.0	2231809.0	5487.0	0.9936562176168687	0.9897951897691123	0.9999978280332522	0.0024525141063140507	0.9975474858936859	0.9975474858936859	HG003	giabHC	-1	-2	ont	sentdhiomr
HIOa-HG003-SR5x-ONT7x-11-D0-PF-ILMN-NOVASEQ-ont-sentdhiomr-SNPtv	SNPtv	HIOa-HG003-SR5x-ONT7x-11-D0-PF-ILMN-NOVASEQ	2528531102.0	2527459359.0	12529.0	1059214.0	3128.0	0.9926633662670418	0.9883096973808086	0.9999987623950836	0.002944437855229295	0.9970555621447708	0.9970555621447708	HG003	giabHC	-1	-2	ont	sentdhiomr
HIOa-HG003-SR5x-ONT7x-11-D0-PF-ILMN-NOVASEQ-ont-sentdhiomr-INS_50	INS_50	HIOa-HG003-SR5x-ONT7x-11-D0-PF-ILMN-NOVASEQ	2528531102.0	2528299033.0	16481.0	215588.0	5959.0	0.9505308454728227	0.9289823285316006	0.9999976430849843	0.026897227224922927	0.9731027727750771	0.9731027727750771	HG003	giabHC	-1	-2	ont	sentdhiomr
HIOa-HG003-SR5x-ONT7x-11-D0-PF-ILMN-NOVASEQ-ont-sentdhiomr-INS_gt50	INS_gt50	HIOa-HG003-SR5x-ONT7x-11-D0-PF-ILMN-NOVASEQ	2528531102.0	2528531101.0	1.0	0.0	3.0		0.0	0.9999999988135404	1.0	0.0	0.0	HG003	giabHC	-1	-2	ont	sentdhiomr
HIOa-HG003-SR5x-ONT7x-11-D0-PF-ILMN-NOVASEQ-ont-sentdhiomr-DEL_50	DEL_50	HIOa-HG003-SR5x-ONT7x-11-D0-PF-ILMN-NOVASEQ	2528531102.0	2528284476.0	16492.0	230134.0	4182.0	0.9570135276187149	0.9331295159472237	0.9999983459167185	0.01784769285921576	0.9821523071407843	0.9821523071407843	HG003	giabHC	-1	-2	ont	sentdhiomr
HIOa-HG003-SR5x-ONT7x-11-D0-PF-ILMN-NOVASEQ-ont-sentdhiomr-DEL_gt50	DEL_gt50	HIOa-HG003-SR5x-ONT7x-11-D0-PF-ILMN-NOVASEQ	2528531102.0	2528531102.0	0.0	0.0	10.0			0.9999999960451347	1.0	0.0	0.0	HG003	giabHC	-1	-2	ont	sentdhiomr
HIOa-HG003-SR5x-ONT7x-11-D0-PF-ILMN-NOVASEQ-ont-sentdhiomr-Indel_50	Indel_50	HIOa-HG003-SR5x-ONT7x-11-D0-PF-ILMN-NOVASEQ	2528531102.0	2528505780.0	1657.0	23665.0	35.0	0.9654848843376442	0.934562830740068	0.9999999861578329	0.0014767932489451476	0.9985232067510549	0.9985232067510549	HG003	giabHC	-1	-2	ont	sentdhiomr
HIOa-HG003-SR5x-ONT7x-11-D0-PF-ILMN-NOVASEQ-ont-sentdhiomr-Indel_gt50	Indel_gt50	HIOa-HG003-SR5x-ONT7x-11-D0-PF-ILMN-NOVASEQ	2528531102.0	2528530760.0	48.0	294.0	0.0	0.9245283018867925	0.8596491228070176	1.0	0.0	1.0	1.0	HG003	giabHC	-1	-2	ont	sentdhiomr
HIOa-HG003-SR5x-ONT7x-11-D0-PF-ILMN-NOVASEQ-ont-sentdhiomr-All	All	HIOa-HG003-SR5x-ONT7x-11-D0-PF-ILMN-NOVASEQ	2528531102.0	2524700180.0	70218.0	3760704.0	18804.0	0.9883026320457583	0.9816707309624159	0.9999925520423781	0.004975250746922615	0.9950247492530774	0.9950247492530774	HG003	giabHC	-1	-2	ont	sentdhiomr
HIOa-HG003-SR5x-ONT7x-11-D0-PF-ILMN-NOVASEQ-ont-sentdhiomr-SNPts	SNPts	HIOa-HG003-SR5x-ONT7x-11-D0-PF-ILMN-NOVASEQ	377862616.0	377589379.0	3388.0	269849.0	39721.0	0.9260321169786911	0.9876005079839114	0.9998948147798992	0.12831023678004974	0.8716897632199503	0.8716897632199503	HG003	clinvar_genes	-1	-2	ont	sentdhiomr
HIOa-HG003-SR5x-ONT7x-11-D0-PF-ILMN-NOVASEQ-ont-sentdhiomr-SNPtv	SNPtv	HIOa-HG003-SR5x-ONT7x-11-D0-PF-ILMN-NOVASEQ	377862616.0	377738268.0	1787.0	122561.0	23884.0	0.9052006514200884	0.9856290410782642	0.9999367750319254	0.16309194578169278	0.8369080542183072	0.8369080542183072	HG003	clinvar_genes	-1	-2	ont	sentdhiomr
HIOa-HG003-SR5x-ONT7x-11-D0-PF-ILMN-NOVASEQ-ont-sentdhiomr-INS_50	INS_50	HIOa-HG003-SR5x-ONT7x-11-D0-PF-ILMN-NOVASEQ	377862616.0	377833078.0	2116.0	27422.0	16723.0	0.7443236567457894	0.9283634640124585	0.9999557416731312	0.37881979839166385	0.6211802016083361	0.6211802016083362	HG003	clinvar_genes	-1	-2	ont	sentdhiomr
HIOa-HG003-SR5x-ONT7x-11-D0-PF-ILMN-NOVASEQ-ont-sentdhiomr-INS_gt50	INS_gt50	HIOa-HG003-SR5x-ONT7x-11-D0-PF-ILMN-NOVASEQ	377862616.0	377862587.0	13.0	16.0	340.0	0.0831168831168831	0.5517241379310345	0.9999991002028098	0.9550561797752809	0.0449438202247191	0.0449438202247191	HG003	clinvar_genes	-1	-2	ont	sentdhiomr
HIOa-HG003-SR5x-ONT7x-11-D0-PF-ILMN-NOVASEQ-ont-sentdhiomr-DEL_50	DEL_50	HIOa-HG003-SR5x-ONT7x-11-D0-PF-ILMN-NOVASEQ	377862616.0	377831287.0	2122.0	29207.0	16613.0	0.757158226289388	0.9322672284464872	0.9999560325728951	0.3625709297250109	0.6374290702749891	0.6374290702749891	HG003	clinvar_genes	-1	-2	ont	sentdhiomr
HIOa-HG003-SR5x-ONT7x-11-D0-PF-ILMN-NOVASEQ-ont-sentdhiomr-DEL_gt50	DEL_gt50	HIOa-HG003-SR5x-ONT7x-11-D0-PF-ILMN-NOVASEQ	377862616.0	377862598.0	5.0	13.0	475.0	0.05138339920948617	0.7222222222222222	0.9999987429308818	0.9733606557377049	0.026639344262295084	0.02663934426229508	HG003	clinvar_genes	-1	-2	ont	sentdhiomr
HIOa-HG003-SR5x-ONT7x-11-D0-PF-ILMN-NOVASEQ-ont-sentdhiomr-Indel_50	Indel_50	HIOa-HG003-SR5x-ONT7x-11-D0-PF-ILMN-NOVASEQ	377862616.0	377859433.0	310.0	2873.0	2524.0	0.6696969696969697	0.902607602890355	0.9999933203119467	0.46766722253103576	0.5323327774689642	0.5323327774689642	HG003	clinvar_genes	-1	-2	ont	sentdhiomr
HIOa-HG003-SR5x-ONT7x-11-D0-PF-ILMN-NOVASEQ-ont-sentdhiomr-Indel_gt50	Indel_gt50	HIOa-HG003-SR5x-ONT7x-11-D0-PF-ILMN-NOVASEQ	377862616.0	377862492.0	41.0	83.0	131.0	0.4911242603550295	0.6693548387096774	0.9999996533131567	0.6121495327102804	0.3878504672897196	0.3878504672897196	HG003	clinvar_genes	-1	-2	ont	sentdhiomr
HIOa-HG003-SR5x-ONT7x-11-D0-PF-ILMN-NOVASEQ-ont-sentdhiomr-All	All	HIOa-HG003-SR5x-ONT7x-11-D0-PF-ILMN-NOVASEQ	377862616.0	377400810.0	9782.0	452024.0	100411.0	0.8913542244890513	0.978817945197767	0.9997340114563497	0.18176075013349988	0.8182392498665001	0.8182392498665001	HG003	clinvar_genes	-1	-2	ont	sentdhiomr
HIOa-HG003-SR5x-ONT7x-11-D0-PF-ILMN-NOVASEQ-ont-sentdhiomr-SNPts	SNPts	HIOa-HG003-SR5x-ONT7x-11-D0-PF-ILMN-NOVASEQ	688815815.0	688747952.0	3685.0	64178.0	394331.0	0.2438503567818957	0.9456994238392055	0.9994277945066969	0.8600289198249107	0.1399710801750893	0.13997108017508925	HG003	hg38_m_giabHC	-1	-2	ont	sentdhiomr
HIOa-HG003-SR5x-ONT7x-11-D0-PF-ILMN-NOVASEQ-ont-sentdhiomr-SNPtv	SNPtv	HIOa-HG003-SR5x-ONT7x-11-D0-PF-ILMN-NOVASEQ	688815815.0	688780760.0	2191.0	32864.0	337641.0	0.1620672650162738	0.9374982170874341	0.999510039204424	0.9112994426525958	0.08870055734740423	0.08870055734740422	HG003	hg38_m_giabHC	-1	-2	ont	sentdhiomr
HIOa-HG003-SR5x-ONT7x-11-D0-PF-ILMN-NOVASEQ-ont-sentdhiomr-INS_50	INS_50	HIOa-HG003-SR5x-ONT7x-11-D0-PF-ILMN-NOVASEQ	688815815.0	688787603.0	4309.0	23903.0	146359.0	0.2408678214778762	0.8472635757833546	0.9997875572869493	0.8596104826678883	0.1403895173321117	0.1403895173321117	HG003	hg38_m_giabHC	-1	-2	ont	sentdhiomr
HIOa-HG003-SR5x-ONT7x-11-D0-PF-ILMN-NOVASEQ-ont-sentdhiomr-INS_gt50	INS_gt50	HIOa-HG003-SR5x-ONT7x-11-D0-PF-ILMN-NOVASEQ	688815815.0	688815583.0	132.0	100.0	2519.0	0.0701508242721852	0.43103448275862066	0.9999963430113223	0.9618174875906834	0.03818251240931658	0.038182512409316534	HG003	hg38_m_giabHC	-1	-2	ont	sentdhiomr
HIOa-HG003-SR5x-ONT7x-11-D0-PF-ILMN-NOVASEQ-ont-sentdhiomr-DEL_50	DEL_50	HIOa-HG003-SR5x-ONT7x-11-D0-PF-ILMN-NOVASEQ	688815815.0	688786963.0	3775.0	25077.0	153583.0	0.24169204672500869	0.8691598502703453	0.9997770736518677	0.8596384193440054	0.14036158065599458	0.14036158065599463	HG003	hg38_m_giabHC	-1	-2	ont	sentdhiomr
HIOa-HG003-SR5x-ONT7x-11-D0-PF-ILMN-NOVASEQ-ont-sentdhiomr-DEL_gt50	DEL_gt50	HIOa-HG003-SR5x-ONT7x-11-D0-PF-ILMN-NOVASEQ	688815815.0	688815678.0	46.0	91.0	3363.0	0.050682261208576995	0.6642335766423357	0.999995117730783	0.9736537348002317	0.02634626519976835	0.026346265199768383	HG003	hg38_m_giabHC	-1	-2	ont	sentdhiomr
HIOa-HG003-SR5x-ONT7x-11-D0-PF-ILMN-NOVASEQ-ont-sentdhiomr-Indel_50	Indel_50	HIOa-HG003-SR5x-ONT7x-11-D0-PF-ILMN-NOVASEQ	688815815.0	688808889.0	1189.0	5737.0	23234.0	0.31963673844610974	0.8283280392723072	0.9999662704464205	0.8019743881812847	0.19802561181871525	0.19802561181871528	HG003	hg38_m_giabHC	-1	-2	ont	sentdhiomr
HIOa-HG003-SR5x-ONT7x-11-D0-PF-ILMN-NOVASEQ-ont-sentdhiomr-Indel_gt50	Indel_gt50	HIOa-HG003-SR5x-ONT7x-11-D0-PF-ILMN-NOVASEQ	688815815.0	688815035.0	231.0	549.0	1020.0	0.46743295019157083	0.7038461538461539	0.9999985191982785	0.6500956022944551	0.34990439770554493	0.34990439770554493	HG003	hg38_m_giabHC	-1	-2	ont	sentdhiomr
HIOa-HG003-SR5x-ONT7x-11-D0-PF-ILMN-NOVASEQ-ont-sentdhiomr-All	All	HIOa-HG003-SR5x-ONT7x-11-D0-PF-ILMN-NOVASEQ	688815815.0	688647758.0	15558.0	152499.0	1062050.0	0.22059646782959136	0.9074242667666328	0.9984601494894212	0.8744398126382715	0.12556018736172847	0.1255601873617285	HG003	hg38_m_giabHC	-1	-2	ont	sentdhiomr
HIOa-HG003-SR5x-ONT7x-11-D0-PF-ILMN-NOVASEQ-ont-sentdhiomr-SNPts	SNPts	HIOa-HG003-SR5x-ONT7x-11-D0-PF-ILMN-NOVASEQ	3088286401.0	3085963747.0	26695.0	2295959.0	399818.0	0.9150106876033565	0.988506682441724	0.9998704566096703	0.14831271280970199	0.8516872871902981	0.851687287190298	HG003	hg38	-1	-2	ont	sentdhiomr
HIOa-HG003-SR5x-ONT7x-11-D0-PF-ILMN-NOVASEQ-ont-sentdhiomr-SNPtv	SNPtv	HIOa-HG003-SR5x-ONT7x-11-D0-PF-ILMN-NOVASEQ	3088286401.0	3087179617.0	14720.0	1092064.0	340769.0	0.8600225939580652	0.9867002052794402	0.9998896302024287	0.23782883280884792	0.7621711671911521	0.7621711671911521	HG003	hg38	-1	-2	ont	sentdhiomr
HIOa-HG003-SR5x-ONT7x-11-D0-PF-ILMN-NOVASEQ-ont-sentdhiomr-INS_50	INS_50	HIOa-HG003-SR5x-ONT7x-11-D0-PF-ILMN-NOVASEQ	3088286401.0	3088026042.0	20794.0	239565.0	152318.0	0.7345893088761534	0.9201333543299828	0.9999506770716443	0.3886823363095618	0.6113176636904383	0.6113176636904382	HG003	hg38	-1	-2	ont	sentdhiomr
HIOa-HG003-SR5x-ONT7x-11-D0-PF-ILMN-NOVASEQ-ont-sentdhiomr-INS_gt50	INS_gt50	HIOa-HG003-SR5x-ONT7x-11-D0-PF-ILMN-NOVASEQ	3088286401.0	3088286168.0	133.0	100.0	2522.0	0.07005253940455342	0.4291845493562232	0.9999991833665006	0.96186117467582	0.038138825324180003	0.03813882532418002	HG003	hg38	-1	-2	ont	sentdhiomr
HIOa-HG003-SR5x-ONT7x-11-D0-PF-ILMN-NOVASEQ-ont-sentdhiomr-DEL_50	DEL_50	HIOa-HG003-SR5x-ONT7x-11-D0-PF-ILMN-NOVASEQ	3088286401.0	3088011119.0	20254.0	255028.0	157763.0	0.7412818116682387	0.9264245391998024	0.9999489137394916	0.38218614262423356	0.6178138573757664	0.6178138573757664	HG003	hg38	-1	-2	ont	sentdhiomr
HIOa-HG003-SR5x-ONT7x-11-D0-PF-ILMN-NOVASEQ-ont-sentdhiomr-DEL_gt50	DEL_gt50	HIOa-HG003-SR5x-ONT7x-11-D0-PF-ILMN-NOVASEQ	3088286401.0	3088286264.0	46.0	91.0	3373.0	0.05054151624548736	0.6642335766423357	0.9999989078096951	0.973729792147806	0.026270207852194027	0.026270207852193996	HG003	hg38	-1	-2	ont	sentdhiomr
HIOa-HG003-SR5x-ONT7x-11-D0-PF-ILMN-NOVASEQ-ont-sentdhiomr-Indel_50	Indel_50	HIOa-HG003-SR5x-ONT7x-11-D0-PF-ILMN-NOVASEQ	3088286401.0	3088254153.0	2846.0	29402.0	23269.0	0.6924716494541858	0.9117464648970479	0.9999924653789733	0.44178010670008167	0.5582198932999183	0.5582198932999184	HG003	hg38	-1	-2	ont	sentdhiomr
HIOa-HG003-SR5x-ONT7x-11-D0-PF-ILMN-NOVASEQ-ont-sentdhiomr-Indel_gt50	Indel_gt50	HIOa-HG003-SR5x-ONT7x-11-D0-PF-ILMN-NOVASEQ	3088286401.0	3088285281.0	277.0	843.0	1020.0	0.5652028159570902	0.7526785714285714	0.9999996697197407	0.5475040257648953	0.4524959742351047	0.4524959742351047	HG003	hg38	-1	-2	ont	sentdhiomr
HIOa-HG003-SR5x-ONT7x-11-D0-PF-ILMN-NOVASEQ-ont-sentdhiomr-All	All	HIOa-HG003-SR5x-ONT7x-11-D0-PF-ILMN-NOVASEQ	3088286401.0	3084287584.0	85765.0	3913052.0	1080852.0	0.8702709669298092	0.9785524068743331	0.9996496846252173	0.2164342766701162	0.7835657233298838	0.7835657233298838	HG003	hg38	-1	-2	ont	sentdhiomr
HIOa-HG003-SR7x-ONT15bx-20-D0-PF-ILMN-NOVASEQ-ont-sentdhiomr-SNPts	SNPts	HIOa-HG003-SR7x-ONT15bx-20-D0-PF-ILMN-NOVASEQ	3088286401.0	3085963821.0	56897.0	2265683.0	362074.0	0.9153651559479689	0.9755026737507427	0.999882684456432	0.1377882353657511	0.8622117646342489	0.8622117646342489	HG003	hg38	-1	-2	ont	sentdhiomr
HIOa-HG003-SR7x-ONT15bx-20-D0-PF-ILMN-NOVASEQ-ont-sentdhiomr-SNPtv	SNPtv	HIOa-HG003-SR7x-ONT15bx-20-D0-PF-ILMN-NOVASEQ	3088286401.0	3087179716.0	27444.0	1079241.0	304030.0	0.86687555924683	0.9752016156358856	0.9999015282265392	0.2197906267101674	0.7802093732898325	0.7802093732898325	HG003	hg38	-1	-2	ont	sentdhiomr
HIOa-HG003-SR7x-ONT15bx-20-D0-PF-ILMN-NOVASEQ-ont-sentdhiomr-INS_50	INS_50	HIOa-HG003-SR7x-ONT15bx-20-D0-PF-ILMN-NOVASEQ	3088286401.0	3088027625.0	14681.0	244095.0	154670.0	0.742447999440339	0.9432675364021393	0.9999499155214217	0.3878725565182501	0.6121274434817499	0.6121274434817499	HG003	hg38	-1	-2	ont	sentdhiomr
HIOa-HG003-SR7x-ONT15bx-20-D0-PF-ILMN-NOVASEQ-ont-sentdhiomr-INS_gt50	INS_gt50	HIOa-HG003-SR7x-ONT15bx-20-D0-PF-ILMN-NOVASEQ	3088286401.0	3088286165.0	150.0	86.0	2134.0	0.07003257328990228	0.3644067796610169	0.9999993090023361	0.9612612612612612	0.03873873873873879	0.03873873873873874	HG003	hg38	-1	-2	ont	sentdhiomr
HIOa-HG003-SR7x-ONT15bx-20-D0-PF-ILMN-NOVASEQ-ont-sentdhiomr-DEL_50	DEL_50	HIOa-HG003-SR7x-ONT15bx-20-D0-PF-ILMN-NOVASEQ	3088286401.0	3088012883.0	13700.0	259818.0	159686.0	0.7498116942896474	0.949911888797081	0.999948291102122	0.38065429650253635	0.6193457034974637	0.6193457034974637	HG003	hg38	-1	-2	ont	sentdhiomr
HIOa-HG003-SR7x-ONT15bx-20-D0-PF-ILMN-NOVASEQ-ont-sentdhiomr-DEL_gt50	DEL_gt50	HIOa-HG003-SR7x-ONT15bx-20-D0-PF-ILMN-NOVASEQ	3088286401.0	3088286263.0	47.0	91.0	2880.0	0.05853972338372467	0.6594202898550725	0.9999990674448321	0.9693705822955234	0.03062941770447658	0.030629417704476608	HG003	hg38	-1	-2	ont	sentdhiomr
HIOa-HG003-SR7x-ONT15bx-20-D0-PF-ILMN-NOVASEQ-ont-sentdhiomr-Indel_50	Indel_50	HIOa-HG003-SR7x-ONT15bx-20-D0-PF-ILMN-NOVASEQ	3088286401.0	3088250731.0	1510.0	34160.0	28425.0	0.6953335708106457	0.9576675077095599	0.9999907958450114	0.4541823120556044	0.5458176879443957	0.5458176879443957	HG003	hg38	-1	-2	ont	sentdhiomr
HIOa-HG003-SR7x-ONT15bx-20-D0-PF-ILMN-NOVASEQ-ont-sentdhiomr-Indel_gt50	Indel_gt50	HIOa-HG003-SR7x-ONT15bx-20-D0-PF-ILMN-NOVASEQ	3088286401.0	3088285208.0	167.0	1026.0	1262.0	0.5894857799482907	0.8600167644593462	0.9999995913591526	0.5515734265734266	0.44842657342657344	0.44842657342657344	HG003	hg38	-1	-2	ont	sentdhiomr
HIOa-HG003-SR7x-ONT15bx-20-D0-PF-ILMN-NOVASEQ-ont-sentdhiomr-All	All	HIOa-HG003-SR7x-ONT15bx-20-D0-PF-ILMN-NOVASEQ	3088286401.0	3084287605.0	114596.0	3884200.0	1015161.0	0.8730347194368452	0.9713423740545905	0.999670968758338	0.20720273521383706	0.792797264786163	0.792797264786163	HG003	hg38	-1	-2	ont	sentdhiomr
HIOa-HG003-SR7x-ONT15bx-20-D0-PF-ILMN-NOVASEQ-ont-sentdhiomr-SNPts	SNPts	HIOa-HG003-SR7x-ONT15bx-20-D0-PF-ILMN-NOVASEQ	377862616.0	377589384.0	8436.0	264796.0	34652.0	0.9247607739051477	0.9691251390759501	0.9999082367733605	0.11571959071357965	0.8842804092864204	0.8842804092864204	HG003	clinvar_genes	-1	-2	ont	sentdhiomr
HIOa-HG003-SR7x-ONT15bx-20-D0-PF-ILMN-NOVASEQ-ont-sentdhiomr-SNPtv	SNPtv	HIOa-HG003-SR7x-ONT15bx-20-D0-PF-ILMN-NOVASEQ	377862616.0	377738294.0	3952.0	120370.0	20970.0	0.9061890673110945	0.9682115796077927	0.9999444884560131	0.14836564313004102	0.8516343568699589	0.8516343568699589	HG003	clinvar_genes	-1	-2	ont	sentdhiomr
HIOa-HG003-SR7x-ONT15bx-20-D0-PF-ILMN-NOVASEQ-ont-sentdhiomr-INS_50	INS_50	HIOa-HG003-SR7x-ONT15bx-20-D0-PF-ILMN-NOVASEQ	377862616.0	377833213.0	1694.0	27709.0	16681.0	0.7509926415784696	0.9423868312757202	0.9999558528392759	0.3757828339716152	0.6242171660283848	0.6242171660283847	HG003	clinvar_genes	-1	-2	ont	sentdhiomr
HIOa-HG003-SR7x-ONT15bx-20-D0-PF-ILMN-NOVASEQ-ont-sentdhiomr-INS_gt50	INS_gt50	HIOa-HG003-SR7x-ONT15bx-20-D0-PF-ILMN-NOVASEQ	377862616.0	377862587.0	16.0	13.0	264.0	0.08496732026143791	0.4482758620689655	0.9999993013338059	0.9530685920577617	0.04693140794223827	0.04693140794223827	HG003	clinvar_genes	-1	-2	ont	sentdhiomr
HIOa-HG003-SR7x-ONT15bx-20-D0-PF-ILMN-NOVASEQ-ont-sentdhiomr-DEL_50	DEL_50	HIOa-HG003-SR7x-ONT15bx-20-D0-PF-ILMN-NOVASEQ	377862616.0	377831507.0	1634.0	29475.0	16593.0	0.7638286017855062	0.9474750072326337	0.999956085527491	0.36018494399583223	0.6398150560041678	0.6398150560041678	HG003	clinvar_genes	-1	-2	ont	sentdhiomr
HIOa-HG003-SR7x-ONT15bx-20-D0-PF-ILMN-NOVASEQ-ont-sentdhiomr-DEL_gt50	DEL_gt50	HIOa-HG003-SR7x-ONT15bx-20-D0-PF-ILMN-NOVASEQ	377862616.0	377862598.0	6.0	12.0	378.0	0.05882352941176471	0.6666666666666666	0.9999989996373712	0.9692307692307692	0.03076923076923077	0.03076923076923077	HG003	clinvar_genes	-1	-2	ont	sentdhiomr
HIOa-HG003-SR7x-ONT15bx-20-D0-PF-ILMN-NOVASEQ-ont-sentdhiomr-Indel_50	Indel_50	HIOa-HG003-SR7x-ONT15bx-20-D0-PF-ILMN-NOVASEQ	377862616.0	377859055.0	167.0	3394.0	3026.0	0.6800921751327522	0.9531030609379387	0.9999919917870774	0.47133956386292836	0.5286604361370717	0.5286604361370717	HG003	clinvar_genes	-1	-2	ont	sentdhiomr
HIOa-HG003-SR7x-ONT15bx-20-D0-PF-ILMN-NOVASEQ-ont-sentdhiomr-Indel_gt50	Indel_gt50	HIOa-HG003-SR7x-ONT15bx-20-D0-PF-ILMN-NOVASEQ	377862616.0	377862491.0	22.0	103.0	160.0	0.5309278350515464	0.824	0.9999995765657188	0.6083650190114068	0.3916349809885932	0.3916349809885932	HG003	clinvar_genes	-1	-2	ont	sentdhiomr
HIOa-HG003-SR7x-ONT15bx-20-D0-PF-ILMN-NOVASEQ-ont-sentdhiomr-All	All	HIOa-HG003-SR7x-ONT15bx-20-D0-PF-ILMN-NOVASEQ	377862616.0	377400817.0	15927.0	445872.0	92724.0	0.8913919001994213	0.9655109690579667	0.9997543693072088	0.17215872379297284	0.8278412762070272	0.8278412762070272	HG003	clinvar_genes	-1	-2	ont	sentdhiomr
HIOa-HG003-SR7x-ONT15bx-20-D0-PF-ILMN-NOVASEQ-ont-sentdhiomr-SNPts	SNPts	HIOa-HG003-SR7x-ONT15bx-20-D0-PF-ILMN-NOVASEQ	688815815.0	688747969.0	5399.0	62447.0	355690.0	0.2569925285452372	0.9204227220469887	0.9994838367270954	0.8506542114187455	0.14934578858125447	0.14934578858125447	HG003	hg38_m_giabHC	-1	-2	ont	sentdhiomr
HIOa-HG003-SR7x-ONT15bx-20-D0-PF-ILMN-NOVASEQ-ont-sentdhiomr-SNPtv	SNPtv	HIOa-HG003-SR7x-ONT15bx-20-D0-PF-ILMN-NOVASEQ	688815815.0	688780787.0	2997.0	32031.0	300208.0	0.17442895767929056	0.9144398766700925	0.9995643356845155	0.9035904875706946	0.0964095124293054	0.09640951242930541	HG003	hg38_m_giabHC	-1	-2	ont	sentdhiomr
HIOa-HG003-SR7x-ONT15bx-20-D0-PF-ILMN-NOVASEQ-ont-sentdhiomr-INS_50	INS_50	HIOa-HG003-SR7x-ONT15bx-20-D0-PF-ILMN-NOVASEQ	688815815.0	688787953.0	3433.0	24429.0	150203.0	0.2412812231473525	0.8767855861029359	0.9997819789792569	0.860111548857025	0.139888451142975	0.13988845114297493	HG003	hg38_m_giabHC	-1	-2	ont	sentdhiomr
HIOa-HG003-SR7x-ONT15bx-20-D0-PF-ILMN-NOVASEQ-ont-sentdhiomr-INS_gt50	INS_gt50	HIOa-HG003-SR7x-ONT15bx-20-D0-PF-ILMN-NOVASEQ	688815815.0	688815580.0	149.0	86.0	2126.0	0.07029015120555783	0.3659574468085106	0.9999969135520451	0.961121157323689	0.03887884267631103	0.03887884267631103	HG003	hg38_m_giabHC	-1	-2	ont	sentdhiomr
HIOa-HG003-SR7x-ONT15bx-20-D0-PF-ILMN-NOVASEQ-ont-sentdhiomr-DEL_50	DEL_50	HIOa-HG003-SR7x-ONT15bx-20-D0-PF-ILMN-NOVASEQ	688815815.0	688787439.0	2794.0	25582.0	156923.0	0.24262024554132425	0.9015365097265294	0.999772226889927	0.859828497849374	0.14017150215062602	0.14017150215062602	HG003	hg38_m_giabHC	-1	-2	ont	sentdhiomr
HIOa-HG003-SR7x-ONT15bx-20-D0-PF-ILMN-NOVASEQ-ont-sentdhiomr-DEL_gt50	DEL_gt50	HIOa-HG003-SR7x-ONT15bx-20-D0-PF-ILMN-NOVASEQ	688815815.0	688815677.0	47.0	91.0	2850.0	0.05911010068203962	0.6594202898550725	0.9999958624806269	0.9690581434886093	0.030941856511390697	0.030941856511390683	HG003	hg38_m_giabHC	-1	-2	ont	sentdhiomr
HIOa-HG003-SR7x-ONT15bx-20-D0-PF-ILMN-NOVASEQ-ont-sentdhiomr-Indel_50	Indel_50	HIOa-HG003-SR7x-ONT15bx-20-D0-PF-ILMN-NOVASEQ	688815815.0	688808055.0	737.0	7023.0	28406.0	0.32522169996989975	0.9050257731958763	0.9999587623454793	0.8017725592029129	0.1982274407970871	0.19822744079708712	HG003	hg38_m_giabHC	-1	-2	ont	sentdhiomr
HIOa-HG003-SR7x-ONT15bx-20-D0-PF-ILMN-NOVASEQ-ont-sentdhiomr-Indel_gt50	Indel_gt50	HIOa-HG003-SR7x-ONT15bx-20-D0-PF-ILMN-NOVASEQ	688815815.0	688815000.0	146.0	669.0	1262.0	0.4872541879096868	0.8208588957055215	0.9999981678713619	0.6535473847747281	0.34645261522527193	0.3464526152252719	HG003	hg38_m_giabHC	-1	-2	ont	sentdhiomr
HIOa-HG003-SR7x-ONT15bx-20-D0-PF-ILMN-NOVASEQ-ont-sentdhiomr-All	All	HIOa-HG003-SR7x-ONT15bx-20-D0-PF-ILMN-NOVASEQ	688815815.0	688647755.0	15702.0	152358.0	997668.0	0.2311806665118968	0.9065690824705462	0.9985533609493701	0.8675177778589354	0.13248222214106464	0.13248222214106464	HG003	hg38_m_giabHC	-1	-2	ont	sentdhiomr
HIOa-HG003-SR7x-ONT15bx-20-D0-PF-ILMN-NOVASEQ-ont-sentdhiomr-SNPts	SNPts	HIOa-HG003-SR7x-ONT15bx-20-D0-PF-ILMN-NOVASEQ	2528531102.0	2526276337.0	51498.0	2203267.0	6384.0	0.987034810376094	0.9771603692624287	0.9999974729669221	0.0028891440322476266	0.9971108559677524	0.9971108559677524	HG003	giabHC	-1	-2	ont	sentdhiomr
HIOa-HG003-SR7x-ONT15bx-20-D0-PF-ILMN-NOVASEQ-ont-sentdhiomr-SNPtv	SNPtv	HIOa-HG003-SR7x-ONT15bx-20-D0-PF-ILMN-NOVASEQ	2528531102.0	2527459434.0	24447.0	1047221.0	3822.0	0.9866825959822132	0.9771878977444507	0.9999984878118442	0.003636387854730967	0.996363612145269	0.996363612145269	HG003	giabHC	-1	-2	ont	sentdhiomr
HIOa-HG003-SR7x-ONT15bx-20-D0-PF-ILMN-NOVASEQ-ont-sentdhiomr-INS_50	INS_50	HIOa-HG003-SR7x-ONT15bx-20-D0-PF-ILMN-NOVASEQ	2528531102.0	2528300267.0	11241.0	219594.0	4467.0	0.9654690302838451	0.9513028786795763	0.9999982332034821	0.0199365351399842	0.9800634648600158	0.9800634648600158	HG003	giabHC	-1	-2	ont	sentdhiomr
HIOa-HG003-SR7x-ONT15bx-20-D0-PF-ILMN-NOVASEQ-ont-sentdhiomr-INS_gt50	INS_gt50	HIOa-HG003-SR7x-ONT15bx-20-D0-PF-ILMN-NOVASEQ	2528531102.0	2528531101.0	1.0	0.0	8.0		0.0	0.9999999968361077	1.0	0.0	0.0	HG003	giabHC	-1	-2	ont	sentdhiomr
HIOa-HG003-SR7x-ONT15bx-20-D0-PF-ILMN-NOVASEQ-ont-sentdhiomr-DEL_50	DEL_50	HIOa-HG003-SR7x-ONT15bx-20-D0-PF-ILMN-NOVASEQ	2528531102.0	2528285767.0	10925.0	234410.0	2765.0	0.9716275310356264	0.9554690525200237	0.9999989063748204	0.011658058395699378	0.9883419416043007	0.9883419416043007	HG003	giabHC	-1	-2	ont	sentdhiomr
HIOa-HG003-SR7x-ONT15bx-20-D0-PF-ILMN-NOVASEQ-ont-sentdhiomr-DEL_gt50	DEL_gt50	HIOa-HG003-SR7x-ONT15bx-20-D0-PF-ILMN-NOVASEQ	2528531102.0	2528531102.0	0.0	0.0	31.0			0.9999999877399176	1.0	0.0	0.0	HG003	giabHC	-1	-2	ont	sentdhiomr
HIOa-HG003-SR7x-ONT15bx-20-D0-PF-ILMN-NOVASEQ-ont-sentdhiomr-Indel_50	Indel_50	HIOa-HG003-SR7x-ONT15bx-20-D0-PF-ILMN-NOVASEQ	2528531102.0	2528503191.0	774.0	27137.0	19.0	0.9855993607786878	0.9722689978861381	0.999999992485673	0.0006996612166740315	0.9993003387833259	0.9993003387833259	HG003	giabHC	-1	-2	ont	sentdhiomr
HIOa-HG003-SR7x-ONT15bx-20-D0-PF-ILMN-NOVASEQ-ont-sentdhiomr-Indel_gt50	Indel_gt50	HIOa-HG003-SR7x-ONT15bx-20-D0-PF-ILMN-NOVASEQ	2528531102.0	2528530722.0	23.0	357.0	0.0	0.9687924016282224	0.9394736842105263	1.0	0.0	1.0	1.0	HG003	giabHC	-1	-2	ont	sentdhiomr
HIOa-HG003-SR7x-ONT15bx-20-D0-PF-ILMN-NOVASEQ-ont-sentdhiomr-All	All	HIOa-HG003-SR7x-ONT15bx-20-D0-PF-ILMN-NOVASEQ	2528531102.0	2524700207.0	98909.0	3731986.0	17496.0	0.9846439035947684	0.9741812291905677	0.9999930701163227	0.004666244563915762	0.9953337554360843	0.9953337554360843	HG003	giabHC	-1	-2	ont	sentdhiomr
HIOa-HG003-SR7x-ONT1bx-14-D0-PF-ILMN-NOVASEQ-ont-sentdhiomr-SNPts	SNPts	HIOa-HG003-SR7x-ONT1bx-14-D0-PF-ILMN-NOVASEQ	2799325643.0	2797071504.0	97183.0	2156956.0	114965.0	0.9531274441788221	0.9568868645633655	0.9999588997725843	0.050602551761262826	0.9493974482387372	0.9493974482387372	HG003	ultima	-1	-2	ont	sentdhiomr
HIOa-HG003-SR7x-ONT1bx-14-D0-PF-ILMN-NOVASEQ-ont-sentdhiomr-SNPtv	SNPtv	HIOa-HG003-SR7x-ONT1bx-14-D0-PF-ILMN-NOVASEQ	2799325643.0	2798266886.0	46205.0	1012552.0	67147.0	0.9469935317818089	0.9563592023476586	0.999976004651622	0.062190480865500476	0.9378095191344995	0.9378095191344995	HG003	ultima	-1	-2	ont	sentdhiomr
HIOa-HG003-SR7x-ONT1bx-14-D0-PF-ILMN-NOVASEQ-ont-sentdhiomr-INS_50	INS_50	HIOa-HG003-SR7x-ONT1bx-14-D0-PF-ILMN-NOVASEQ	2799325643.0	2799160360.0	8979.0	156304.0	23512.0	0.9058502053034058	0.9456749937985153	0.999991600408878	0.13075588379232103	0.8692441162076789	0.8692441162076789	HG003	ultima	-1	-2	ont	sentdhiomr
HIOa-HG003-SR7x-ONT1bx-14-D0-PF-ILMN-NOVASEQ-ont-sentdhiomr-INS_gt50	INS_gt50	HIOa-HG003-SR7x-ONT1bx-14-D0-PF-ILMN-NOVASEQ	2799325643.0	2799325546.0	68.0	29.0	369.0	0.11717171717171718	0.29896907216494845	0.9999998681825514	0.9271356783919598	0.07286432160804024	0.0728643216080402	HG003	ultima	-1	-2	ont	sentdhiomr
HIOa-HG003-SR7x-ONT1bx-14-D0-PF-ILMN-NOVASEQ-ont-sentdhiomr-DEL_50	DEL_50	HIOa-HG003-SR7x-ONT1bx-14-D0-PF-ILMN-NOVASEQ	2799325643.0	2799146352.0	9986.0	169305.0	31237.0	0.8914707252924311	0.9443028372868688	0.9999888406508673	0.15576288258818602	0.844237117411814	0.844237117411814	HG003	ultima	-1	-2	ont	sentdhiomr
HIOa-HG003-SR7x-ONT1bx-14-D0-PF-ILMN-NOVASEQ-ont-sentdhiomr-DEL_gt50	DEL_gt50	HIOa-HG003-SR7x-ONT1bx-14-D0-PF-ILMN-NOVASEQ	2799325643.0	2799325554.0	35.0	54.0	1064.0	0.08947804473902238	0.6067415730337079	0.9999996199085904	0.9516994633273703	0.04830053667262968	0.04830053667262969	HG003	ultima	-1	-2	ont	sentdhiomr
HIOa-HG003-SR7x-ONT1bx-14-D0-PF-ILMN-NOVASEQ-ont-sentdhiomr-Indel_50	Indel_50	HIOa-HG003-SR7x-ONT1bx-14-D0-PF-ILMN-NOVASEQ	2799325643.0	2799311326.0	525.0	13792.0	1973.0	0.9169603084901271	0.9633303066284836	0.9999992951842865	0.12515065017443705	0.874849349825563	0.874849349825563	HG003	ultima	-1	-2	ont	sentdhiomr
HIOa-HG003-SR7x-ONT1bx-14-D0-PF-ILMN-NOVASEQ-ont-sentdhiomr-Indel_gt50	Indel_gt50	HIOa-HG003-SR7x-ONT1bx-14-D0-PF-ILMN-NOVASEQ	2799325643.0	2799324926.0	59.0	658.0	307.0	0.7824019024970273	0.9177126917712691	0.9999998903307139	0.31813471502590673	0.6818652849740933	0.6818652849740933	HG003	ultima	-1	-2	ont	sentdhiomr
HIOa-HG003-SR7x-ONT1bx-14-D0-PF-ILMN-NOVASEQ-ont-sentdhiomr-All	All	HIOa-HG003-SR7x-ONT1bx-14-D0-PF-ILMN-NOVASEQ	2799325643.0	2795652953.0	163040.0	3509650.0	240574.0	0.9456259361215825	0.955607470273832	0.9999139545202002	0.06414923481904014	0.9358507651809599	0.9358507651809599	HG003	ultima	-1	-2	ont	sentdhiomr
HIOa-HG003-SR7x-ONT1bx-14-D0-PF-ILMN-NOVASEQ-ont-sentdhiomr-SNPts	SNPts	HIOa-HG003-SR7x-ONT1bx-14-D0-PF-ILMN-NOVASEQ	688815815.0	688747999.0	8435.0	59381.0	300167.0	0.2778942540784905	0.8756193228736582	0.9995643744301034	0.8348454170235963	0.16515458297640373	0.1651545829764037	HG003	hg38_m_giabHC	-1	-2	ont	sentdhiomr
HIOa-HG003-SR7x-ONT1bx-14-D0-PF-ILMN-NOVASEQ-ont-sentdhiomr-SNPtv	SNPtv	HIOa-HG003-SR7x-ONT1bx-14-D0-PF-ILMN-NOVASEQ	688815815.0	688780781.0	4531.0	30503.0	234538.0	0.20330250770640673	0.8706684934634926	0.999659604084942	0.8849121456680287	0.11508785433197133	0.11508785433197127	HG003	hg38_m_giabHC	-1	-2	ont	sentdhiomr
HIOa-HG003-SR7x-ONT1bx-14-D0-PF-ILMN-NOVASEQ-ont-sentdhiomr-INS_50	INS_50	HIOa-HG003-SR7x-ONT1bx-14-D0-PF-ILMN-NOVASEQ	688815815.0	688787958.0	3828.0	24029.0	145406.0	0.2435881840115159	0.8625839106867215	0.9997889404003375	0.8581816035647889	0.1418183964352111	0.14181839643521113	HG003	hg38_m_giabHC	-1	-2	ont	sentdhiomr
HIOa-HG003-SR7x-ONT1bx-14-D0-PF-ILMN-NOVASEQ-ont-sentdhiomr-INS_gt50	INS_gt50	HIOa-HG003-SR7x-ONT1bx-14-D0-PF-ILMN-NOVASEQ	688815815.0	688815581.0	157.0	77.0	1793.0	0.07319391634980989	0.32905982905982906	0.9999973969878407	0.9588235294117647	0.04117647058823526	0.041176470588235294	HG003	hg38_m_giabHC	-1	-2	ont	sentdhiomr
HIOa-HG003-SR7x-ONT1bx-14-D0-PF-ILMN-NOVASEQ-ont-sentdhiomr-DEL_50	DEL_50	HIOa-HG003-SR7x-ONT1bx-14-D0-PF-ILMN-NOVASEQ	688815815.0	688787454.0	3301.0	25060.0	150090.0	0.2462766140405187	0.8836077712351469	0.9997821428062571	0.8569226377390808	0.14307736226091916	0.14307736226091922	HG003	hg38_m_giabHC	-1	-2	ont	sentdhiomr
HIOa-HG003-SR7x-ONT1bx-14-D0-PF-ILMN-NOVASEQ-ont-sentdhiomr-DEL_gt50	DEL_gt50	HIOa-HG003-SR7x-ONT1bx-14-D0-PF-ILMN-NOVASEQ	688815815.0	688815678.0	60.0	77.0	2305.0	0.06113537117903929	0.5620437956204379	0.9999966536878292	0.9676742233417296	0.03232577665827041	0.03232577665827036	HG003	hg38_m_giabHC	-1	-2	ont	sentdhiomr
HIOa-HG003-SR7x-ONT1bx-14-D0-PF-ILMN-NOVASEQ-ont-sentdhiomr-Indel_50	Indel_50	HIOa-HG003-SR7x-ONT1bx-14-D0-PF-ILMN-NOVASEQ	688815815.0	688808054.0	809.0	6952.0	28183.0	0.3241327862737784	0.8957608555598505	0.9999590860664899	0.8021346235947061	0.1978653764052939	0.19786537640529386	HG003	hg38_m_giabHC	-1	-2	ont	sentdhiomr
HIOa-HG003-SR7x-ONT1bx-14-D0-PF-ILMN-NOVASEQ-ont-sentdhiomr-Indel_gt50	Indel_gt50	HIOa-HG003-SR7x-ONT1bx-14-D0-PF-ILMN-NOVASEQ	688815815.0	688815009.0	160.0	646.0	1058.0	0.5147410358565736	0.8014888337468983	0.9999984640311823	0.6208920187793427	0.37910798122065725	0.37910798122065725	HG003	hg38_m_giabHC	-1	-2	ont	sentdhiomr
HIOa-HG003-SR7x-ONT1bx-14-D0-PF-ILMN-NOVASEQ-ont-sentdhiomr-All	All	HIOa-HG003-SR7x-ONT1bx-14-D0-PF-ILMN-NOVASEQ	688815815.0	688647809.0	21281.0	146725.0	863540.0	0.24905136424472804	0.8733319048129233	0.9987476058207709	0.8547658287676996	0.14523417123230042	0.14523417123230042	HG003	hg38_m_giabHC	-1	-2	ont	sentdhiomr
HIOa-HG003-SR7x-ONT1bx-14-D0-PF-ILMN-NOVASEQ-ont-sentdhiomr-SNPts	SNPts	HIOa-HG003-SR7x-ONT1bx-14-D0-PF-ILMN-NOVASEQ	3088286401.0	3085963779.0	112148.0	2210474.0	310975.0	0.9126513628722618	0.9517149152983138	0.9998992393662952	0.12333186195715241	0.8766681380428476	0.8766681380428476	HG003	hg38	-1	-2	ont	sentdhiomr
HIOa-HG003-SR7x-ONT1bx-14-D0-PF-ILMN-NOVASEQ-ont-sentdhiomr-SNPtv	SNPtv	HIOa-HG003-SR7x-ONT1bx-14-D0-PF-ILMN-NOVASEQ	3088286401.0	3087179632.0	54688.0	1052081.0	240460.0	0.8769863002279822	0.9505877016793929	0.9999221162029025	0.18603665183541568	0.8139633481645843	0.8139633481645844	HG003	hg38	-1	-2	ont	sentdhiomr
HIOa-HG003-SR7x-ONT1bx-14-D0-PF-ILMN-NOVASEQ-ont-sentdhiomr-INS_50	INS_50	HIOa-HG003-SR7x-ONT1bx-14-D0-PF-ILMN-NOVASEQ	3088286401.0	3088027604.0	17612.0	241185.0	150012.0	0.7421145425957777	0.9319466608963782	0.9999514237784696	0.3834691983834232	0.6165308016165768	0.6165308016165768	HG003	hg38	-1	-2	ont	sentdhiomr
HIOa-HG003-SR7x-ONT1bx-14-D0-PF-ILMN-NOVASEQ-ont-sentdhiomr-INS_gt50	INS_gt50	HIOa-HG003-SR7x-ONT1bx-14-D0-PF-ILMN-NOVASEQ	3088286401.0	3088286166.0	158.0	77.0	1810.0	0.07257304429783223	0.3276595744680851	0.9999994139147599	0.9591944886062533	0.04080551139374666	0.04080551139374669	HG003	hg38	-1	-2	ont	sentdhiomr
HIOa-HG003-SR7x-ONT1bx-14-D0-PF-ILMN-NOVASEQ-ont-sentdhiomr-DEL_50	DEL_50	HIOa-HG003-SR7x-ONT1bx-14-D0-PF-ILMN-NOVASEQ	3088286401.0	3088012880.0	17547.0	255974.0	153021.0	0.7500893751941347	0.9358477045638177	0.9999504492294438	0.3741390481546229	0.625860951845377	0.625860951845377	HG003	hg38	-1	-2	ont	sentdhiomr
HIOa-HG003-SR7x-ONT1bx-14-D0-PF-ILMN-NOVASEQ-ont-sentdhiomr-DEL_gt50	DEL_gt50	HIOa-HG003-SR7x-ONT1bx-14-D0-PF-ILMN-NOVASEQ	3088286401.0	3088286264.0	60.0	77.0	2343.0	0.060226828314430964	0.5620437956204379	0.9999992413273828	0.9681818181818181	0.03181818181818186	0.031818181818181815	HG003	hg38	-1	-2	ont	sentdhiomr
HIOa-HG003-SR7x-ONT1bx-14-D0-PF-ILMN-NOVASEQ-ont-sentdhiomr-Indel_50	Indel_50	HIOa-HG003-SR7x-ONT1bx-14-D0-PF-ILMN-NOVASEQ	3088286401.0	3088250844.0	1622.0	33935.0	28202.0	0.6947202489405695	0.954383103186433	0.9999908680531844	0.45386806572573507	0.546131934274265	0.546131934274265	HG003	hg38	-1	-2	ont	sentdhiomr
HIOa-HG003-SR7x-ONT1bx-14-D0-PF-ILMN-NOVASEQ-ont-sentdhiomr-Indel_gt50	Indel_gt50	HIOa-HG003-SR7x-ONT1bx-14-D0-PF-ILMN-NOVASEQ	3088286401.0	3088285224.0	182.0	995.0	1058.0	0.6160990712074303	0.8453695836873407	0.99999965741518	0.5153433999025816	0.4846566000974184	0.4846566000974184	HG003	hg38	-1	-2	ont	sentdhiomr
HIOa-HG003-SR7x-ONT1bx-14-D0-PF-ILMN-NOVASEQ-ont-sentdhiomr-All	All	HIOa-HG003-SR7x-ONT1bx-14-D0-PF-ILMN-NOVASEQ	3088286401.0	3084287586.0	204017.0	3794798.0	887881.0	0.8742269475737701	0.9489806355132708	0.9997122105340532	0.1896096230384359	0.8103903769615641	0.8103903769615641	HG003	hg38	-1	-2	ont	sentdhiomr
HIOa-HG003-SR7x-ONT1bx-14-D0-PF-ILMN-NOVASEQ-ont-sentdhiomr-SNPts	SNPts	HIOa-HG003-SR7x-ONT1bx-14-D0-PF-ILMN-NOVASEQ	332544085.0	332287250.0	11644.0	245191.0	996.0	0.9748718743911796	0.9546634999123951	0.9999970026023731	0.004045705094095139	0.9959542949059048	0.9959542949059048	HG003	giabHC_x_ultima_x_clinvar	-1	-2	ont	sentdhiomr
HIOa-HG003-SR7x-ONT1bx-14-D0-PF-ILMN-NOVASEQ-ont-sentdhiomr-SNPtv	SNPtv	HIOa-HG003-SR7x-ONT1bx-14-D0-PF-ILMN-NOVASEQ	332544085.0	332429465.0	5304.0	109316.0	518.0	0.9740615003519653	0.9537253533414762	0.9999984417771366	0.004716208095853743	0.9952837919041463	0.9952837919041463	HG003	giabHC_x_ultima_x_clinvar	-1	-2	ont	sentdhiomr
HIOa-HG003-SR7x-ONT1bx-14-D0-PF-ILMN-NOVASEQ-ont-sentdhiomr-INS_50	INS_50	HIOa-HG003-SR7x-ONT1bx-14-D0-PF-ILMN-NOVASEQ	332544085.0	332526503.0	929.0	16653.0	125.0	0.9693247962747381	0.9471618700944148	0.9999996240902548	0.007450232447252354	0.9925497675527476	0.9925497675527476	HG003	giabHC_x_ultima_x_clinvar	-1	-2	ont	sentdhiomr
HIOa-HG003-SR7x-ONT1bx-14-D0-PF-ILMN-NOVASEQ-ont-sentdhiomr-INS_gt50	INS_gt50	HIOa-HG003-SR7x-ONT1bx-14-D0-PF-ILMN-NOVASEQ	332544085.0	332544085.0	0.0	0.0	1.0			0.9999999969928799	1.0	0.0	0.0	HG003	giabHC_x_ultima_x_clinvar	-1	-2	ont	sentdhiomr
HIOa-HG003-SR7x-ONT1bx-14-D0-PF-ILMN-NOVASEQ-ont-sentdhiomr-DEL_50	DEL_50	HIOa-HG003-SR7x-ONT1bx-14-D0-PF-ILMN-NOVASEQ	332544085.0	332525033.0	1055.0	17997.0	139.0	0.9678928686673122	0.944625236195675	0.999999581986533	0.007664314071460079	0.9923356859285399	0.9923356859285399	HG003	giabHC_x_ultima_x_clinvar	-1	-2	ont	sentdhiomr
HIOa-HG003-SR7x-ONT1bx-14-D0-PF-ILMN-NOVASEQ-ont-sentdhiomr-DEL_gt50	DEL_gt50	HIOa-HG003-SR7x-ONT1bx-14-D0-PF-ILMN-NOVASEQ	332544085.0	332544085.0	0.0	0.0	9.0			0.9999999729359199	1.0	0.0	0.0	HG003	giabHC_x_ultima_x_clinvar	-1	-2	ont	sentdhiomr
HIOa-HG003-SR7x-ONT1bx-14-D0-PF-ILMN-NOVASEQ-ont-sentdhiomr-Indel_50	Indel_50	HIOa-HG003-SR7x-ONT1bx-14-D0-PF-ILMN-NOVASEQ	332544085.0	332543010.0	43.0	1032.0	0.0	0.9795918367346939	0.96	1.0	0.0	1.0	1.0	HG003	giabHC_x_ultima_x_clinvar	-1	-2	ont	sentdhiomr
HIOa-HG003-SR7x-ONT1bx-14-D0-PF-ILMN-NOVASEQ-ont-sentdhiomr-Indel_gt50	Indel_gt50	HIOa-HG003-SR7x-ONT1bx-14-D0-PF-ILMN-NOVASEQ	332544085.0	332544060.0	2.0	23.0	0.0	0.9583333333333334	0.92	1.0	0.0	1.0	1.0	HG003	giabHC_x_ultima_x_clinvar	-1	-2	ont	sentdhiomr
HIOa-HG003-SR7x-ONT1bx-14-D0-PF-ILMN-NOVASEQ-ont-sentdhiomr-All	All	HIOa-HG003-SR7x-ONT1bx-14-D0-PF-ILMN-NOVASEQ	332544085.0	332134896.0	18977.0	390212.0	1788.0	0.9740822702258769	0.9536228979762408	0.9999946166741401	0.004561224489795918	0.9954387755102041	0.9954387755102041	HG003	giabHC_x_ultima_x_clinvar	-1	-2	ont	sentdhiomr
HIOa-HG003-SR7x-ONT1bx-14-D0-PF-ILMN-NOVASEQ-ont-sentdhiomr-SNPts	SNPts	HIOa-HG003-SR7x-ONT1bx-14-D0-PF-ILMN-NOVASEQ	337668665.0	337403097.0	13507.0	252061.0	1750.0	0.9706245342996156	0.9491392035184962	0.9999948133525183	0.006894894232322476	0.9931051057676775	0.9931051057676775	HG003	giabHC_x_clinvar_genes	-1	-2	ont	sentdhiomr
HIOa-HG003-SR7x-ONT1bx-14-D0-PF-ILMN-NOVASEQ-ont-sentdhiomr-SNPtv	SNPtv	HIOa-HG003-SR7x-ONT1bx-14-D0-PF-ILMN-NOVASEQ	337668665.0	337548409.0	6285.0	113971.0	868.0	0.9695740019991917	0.9477364954763172	0.999997428523599	0.007558407857957663	0.9924415921420423	0.9924415921420423	HG003	giabHC_x_clinvar_genes	-1	-2	ont	sentdhiomr
HIOa-HG003-SR7x-ONT1bx-14-D0-PF-ILMN-NOVASEQ-ont-sentdhiomr-INS_50	INS_50	HIOa-HG003-SR7x-ONT1bx-14-D0-PF-ILMN-NOVASEQ	337668665.0	337642167.0	1610.0	24888.0	514.0	0.9590751445086706	0.9392406974111254	0.9999984776806106	0.020234627194709077	0.979765372805291	0.979765372805291	HG003	giabHC_x_clinvar_genes	-1	-2	ont	sentdhiomr
HIOa-HG003-SR7x-ONT1bx-14-D0-PF-ILMN-NOVASEQ-ont-sentdhiomr-INS_gt50	INS_gt50	HIOa-HG003-SR7x-ONT1bx-14-D0-PF-ILMN-NOVASEQ	337668665.0	337668665.0	0.0	0.0	1.0			0.999999997038517	1.0	0.0	0.0	HG003	giabHC_x_clinvar_genes	-1	-2	ont	sentdhiomr
HIOa-HG003-SR7x-ONT1bx-14-D0-PF-ILMN-NOVASEQ-ont-sentdhiomr-DEL_50	DEL_50	HIOa-HG003-SR7x-ONT1bx-14-D0-PF-ILMN-NOVASEQ	337668665.0	337640548.0	1694.0	26423.0	342.0	0.9629022265952406	0.9397517516093467	0.9999989870895081	0.01277788156174108	0.9872221184382589	0.9872221184382589	HG003	giabHC_x_clinvar_genes	-1	-2	ont	sentdhiomr
HIOa-HG003-SR7x-ONT1bx-14-D0-PF-ILMN-NOVASEQ-ont-sentdhiomr-DEL_gt50	DEL_gt50	HIOa-HG003-SR7x-ONT1bx-14-D0-PF-ILMN-NOVASEQ	337668665.0	337668665.0	0.0	0.0	9.0			0.999999973346654	1.0	0.0	0.0	HG003	giabHC_x_clinvar_genes	-1	-2	ont	sentdhiomr
HIOa-HG003-SR7x-ONT1bx-14-D0-PF-ILMN-NOVASEQ-ont-sentdhiomr-Indel_50	Indel_50	HIOa-HG003-SR7x-ONT1bx-14-D0-PF-ILMN-NOVASEQ	337668665.0	337665867.0	89.0	2709.0	1.0	0.9836601307189542	0.9681915654038599	0.9999999970384925	0.00036900369003690036	0.9996309963099631	0.9996309963099631	HG003	giabHC_x_clinvar_genes	-1	-2	ont	sentdhiomr
HIOa-HG003-SR7x-ONT1bx-14-D0-PF-ILMN-NOVASEQ-ont-sentdhiomr-Indel_gt50	Indel_gt50	HIOa-HG003-SR7x-ONT1bx-14-D0-PF-ILMN-NOVASEQ	337668665.0	337668629.0	3.0	33.0	0.0	0.9565217391304348	0.9166666666666666	1.0	0.0	1.0	1.0	HG003	giabHC_x_clinvar_genes	-1	-2	ont	sentdhiomr
HIOa-HG003-SR7x-ONT1bx-14-D0-PF-ILMN-NOVASEQ-ont-sentdhiomr-All	All	HIOa-HG003-SR7x-ONT1bx-14-D0-PF-ILMN-NOVASEQ	337668665.0	337225392.0	23188.0	420085.0	3485.0	0.9692297221065406	0.9476891216022632	0.9999896657723057	0.008227683735864202	0.9917723162641358	0.9917723162641358	HG003	giabHC_x_clinvar_genes	-1	-2	ont	sentdhiomr
HIOa-HG003-SR7x-ONT1bx-14-D0-PF-ILMN-NOVASEQ-ont-sentdhiomr-SNPts	SNPts	HIOa-HG003-SR7x-ONT1bx-14-D0-PF-ILMN-NOVASEQ	2505355380.0	2503152260.0	92727.0	2110393.0	7491.0	0.9768067791652125	0.9579110534151567	0.9999970073823706	0.003537020913326698	0.9964629790866733	0.9964629790866733	HG003	giabHC_x_ultima	-1	-2	ont	sentdhiomr
HIOa-HG003-SR7x-ONT1bx-14-D0-PF-ILMN-NOVASEQ-ont-sentdhiomr-SNPtv	SNPtv	HIOa-HG003-SR7x-ONT1bx-14-D0-PF-ILMN-NOVASEQ	2505355380.0	2504320903.0	44004.0	990473.0	4029.0	0.9763265169329007	0.9574625632082685	0.9999983911832093	0.004051273903923773	0.9959487260960762	0.9959487260960762	HG003	giabHC_x_ultima	-1	-2	ont	sentdhiomr
HIOa-HG003-SR7x-ONT1bx-14-D0-PF-ILMN-NOVASEQ-ont-sentdhiomr-INS_50	INS_50	HIOa-HG003-SR7x-ONT1bx-14-D0-PF-ILMN-NOVASEQ	2505355380.0	2505200694.0	7953.0	146733.0	1401.0	0.9691103625916385	0.9485861681082968	0.9999994407636802	0.009457653205881161	0.9905423467941188	0.9905423467941188	HG003	giabHC_x_ultima	-1	-2	ont	sentdhiomr
HIOa-HG003-SR7x-ONT1bx-14-D0-PF-ILMN-NOVASEQ-ont-sentdhiomr-INS_gt50	INS_gt50	HIOa-HG003-SR7x-ONT1bx-14-D0-PF-ILMN-NOVASEQ	2505355380.0	2505355380.0	0.0	0.0	16.0			0.9999999936136805	1.0	0.0	0.0	HG003	giabHC_x_ultima	-1	-2	ont	sentdhiomr
HIOa-HG003-SR7x-ONT1bx-14-D0-PF-ILMN-NOVASEQ-ont-sentdhiomr-DEL_50	DEL_50	HIOa-HG003-SR7x-ONT1bx-14-D0-PF-ILMN-NOVASEQ	2505355380.0	2505188564.0	8842.0	157974.0	1213.0	0.9691567255516054	0.9469954920391329	0.9999995158051453	0.00761996896731517	0.9923800310326848	0.9923800310326848	HG003	giabHC_x_ultima	-1	-2	ont	sentdhiomr
HIOa-HG003-SR7x-ONT1bx-14-D0-PF-ILMN-NOVASEQ-ont-sentdhiomr-DEL_gt50	DEL_gt50	HIOa-HG003-SR7x-ONT1bx-14-D0-PF-ILMN-NOVASEQ	2505355380.0	2505355380.0	0.0	0.0	40.0			0.9999999840342014	1.0	0.0	0.0	HG003	giabHC_x_ultima	-1	-2	ont	sentdhiomr
HIOa-HG003-SR7x-ONT1bx-14-D0-PF-ILMN-NOVASEQ-ont-sentdhiomr-Indel_50	Indel_50	HIOa-HG003-SR7x-ONT1bx-14-D0-PF-ILMN-NOVASEQ	2505355380.0	2505343899.0	377.0	11104.0	8.0	0.9829593236843269	0.9671631390993816	0.9999999968068256	0.0007199424046076314	0.9992800575953924	0.9992800575953924	HG003	giabHC_x_ultima	-1	-2	ont	sentdhiomr
HIOa-HG003-SR7x-ONT1bx-14-D0-PF-ILMN-NOVASEQ-ont-sentdhiomr-Indel_gt50	Indel_gt50	HIOa-HG003-SR7x-ONT1bx-14-D0-PF-ILMN-NOVASEQ	2505355380.0	2505355090.0	10.0	280.0	0.0	0.9824561403508771	0.9655172413793104	1.0	0.0	1.0	1.0	HG003	giabHC_x_ultima	-1	-2	ont	sentdhiomr
HIOa-HG003-SR7x-ONT1bx-14-D0-PF-ILMN-NOVASEQ-ont-sentdhiomr-All	All	HIOa-HG003-SR7x-ONT1bx-14-D0-PF-ILMN-NOVASEQ	2505355380.0	2501784510.0	153913.0	3416957.0	14198.0	0.9759910882923155	0.9568976187875784	0.9999943248831512	0.004137965204136799	0.9958620347958632	0.9958620347958632	HG003	giabHC_x_ultima	-1	-2	ont	sentdhiomr
HIOa-HG003-SR7x-ONT1bx-14-D0-PF-ILMN-NOVASEQ-ont-sentdhiomr-SNPts	SNPts	HIOa-HG003-SR7x-ONT1bx-14-D0-PF-ILMN-NOVASEQ	377862616.0	377589394.0	14795.0	258427.0	33126.0	0.915150281085388	0.9458498949572143	0.9999122774775191	0.11361913614334272	0.8863808638566573	0.8863808638566573	HG003	clinvar_genes	-1	-2	ont	sentdhiomr
HIOa-HG003-SR7x-ONT1bx-14-D0-PF-ILMN-NOVASEQ-ont-sentdhiomr-SNPtv	SNPtv	HIOa-HG003-SR7x-ONT1bx-14-D0-PF-ILMN-NOVASEQ	377862616.0	377738290.0	6996.0	117330.0	19764.0	0.8976359880651824	0.9437285845277738	0.9999476807978263	0.14416385837454593	0.8558361416254541	0.8558361416254541	HG003	clinvar_genes	-1	-2	ont	sentdhiomr
HIOa-HG003-SR7x-ONT1bx-14-D0-PF-ILMN-NOVASEQ-ont-sentdhiomr-INS_50	INS_50	HIOa-HG003-SR7x-ONT1bx-14-D0-PF-ILMN-NOVASEQ	377862616.0	377833230.0	2051.0	27335.0	16453.0	0.7471232951594831	0.9302048594568842	0.9999564562291825	0.3757422124783046	0.6242577875216955	0.6242577875216955	HG003	clinvar_genes	-1	-2	ont	sentdhiomr
HIOa-HG003-SR7x-ONT1bx-14-D0-PF-ILMN-NOVASEQ-ont-sentdhiomr-INS_gt50	INS_gt50	HIOa-HG003-SR7x-ONT1bx-14-D0-PF-ILMN-NOVASEQ	377862616.0	377862586.0	18.0	12.0	245.0	0.08362369337979093	0.4	0.9999993516165658	0.953307392996109	0.046692607003890996	0.04669260700389105	HG003	clinvar_genes	-1	-2	ont	sentdhiomr
HIOa-HG003-SR7x-ONT1bx-14-D0-PF-ILMN-NOVASEQ-ont-sentdhiomr-DEL_50	DEL_50	HIOa-HG003-SR7x-ONT1bx-14-D0-PF-ILMN-NOVASEQ	377862616.0	377831528.0	2104.0	28984.0	16263.0	0.7593895329796292	0.9323211528564076	0.9999569588591296	0.35942714434106127	0.6405728556589387	0.6405728556589387	HG003	clinvar_genes	-1	-2	ont	sentdhiomr
HIOa-HG003-SR7x-ONT1bx-14-D0-PF-ILMN-NOVASEQ-ont-sentdhiomr-DEL_gt50	DEL_gt50	HIOa-HG003-SR7x-ONT1bx-14-D0-PF-ILMN-NOVASEQ	377862616.0	377862598.0	10.0	8.0	330.0	0.0449438202247191	0.4444444444444444	0.9999991266674353	0.9763313609467456	0.023668639053254448	0.023668639053254437	HG003	clinvar_genes	-1	-2	ont	sentdhiomr
HIOa-HG003-SR7x-ONT1bx-14-D0-PF-ILMN-NOVASEQ-ont-sentdhiomr-Indel_50	Indel_50	HIOa-HG003-SR7x-ONT1bx-14-D0-PF-ILMN-NOVASEQ	377862616.0	377859046.0	197.0	3373.0	3004.0	0.6781944304815521	0.9448179271708683	0.9999920500087267	0.471067900266583	0.528932099733417	0.5289320997334169	HG003	clinvar_genes	-1	-2	ont	sentdhiomr
HIOa-HG003-SR7x-ONT1bx-14-D0-PF-ILMN-NOVASEQ-ont-sentdhiomr-Indel_gt50	Indel_gt50	HIOa-HG003-SR7x-ONT1bx-14-D0-PF-ILMN-NOVASEQ	377862616.0	377862493.0	23.0	100.0	127.0	0.5714285714285714	0.8130081300813008	0.9999996638990117	0.5594713656387665	0.44052863436123346	0.44052863436123346	HG003	clinvar_genes	-1	-2	ont	sentdhiomr
HIOa-HG003-SR7x-ONT1bx-14-D0-PF-ILMN-NOVASEQ-ont-sentdhiomr-All	All	HIOa-HG003-SR7x-ONT1bx-14-D0-PF-ILMN-NOVASEQ	377862616.0	377400853.0	26194.0	435569.0	89312.0	0.8829304186717802	0.943273930566113	0.9997634057565447	0.17015666408195382	0.8298433359180462	0.8298433359180462	HG003	clinvar_genes	-1	-2	ont	sentdhiomr
HIOa-HG003-SR7x-ONT1bx-14-D0-PF-ILMN-NOVASEQ-ont-sentdhiomr-SNPts	SNPts	HIOa-HG003-SR7x-ONT1bx-14-D0-PF-ILMN-NOVASEQ	2528531102.0	2526276271.0	103713.0	2151118.0	10808.0	0.9740712472975082	0.9540040916591975	0.9999957217847133	0.004999246042649008	0.995000753957351	0.995000753957351	HG003	giabHC	-1	-2	ont	sentdhiomr
HIOa-HG003-SR7x-ONT1bx-14-D0-PF-ILMN-NOVASEQ-ont-sentdhiomr-SNPtv	SNPtv	HIOa-HG003-SR7x-ONT1bx-14-D0-PF-ILMN-NOVASEQ	2528531102.0	2527459355.0	50157.0	1021590.0	5922.0	0.97328628816168	0.9532007087493597	0.9999976569411047	0.005763436339429612	0.9942365636605703	0.9942365636605703	HG003	giabHC	-1	-2	ont	sentdhiomr
HIOa-HG003-SR7x-ONT1bx-14-D0-PF-ILMN-NOVASEQ-ont-sentdhiomr-INS_50	INS_50	HIOa-HG003-SR7x-ONT1bx-14-D0-PF-ILMN-NOVASEQ	2528531102.0	2528300240.0	13773.0	217089.0	4606.0	0.9593885411119484	0.9403409829248642	0.9999981782260129	0.02077629175218205	0.9792237082478179	0.9792237082478179	HG003	giabHC	-1	-2	ont	sentdhiomr
HIOa-HG003-SR7x-ONT1bx-14-D0-PF-ILMN-NOVASEQ-ont-sentdhiomr-INS_gt50	INS_gt50	HIOa-HG003-SR7x-ONT1bx-14-D0-PF-ILMN-NOVASEQ	2528531102.0	2528531101.0	1.0	0.0	17.0		0.0	0.999999993276729	1.0	0.0	0.0	HG003	giabHC	-1	-2	ont	sentdhiomr
HIOa-HG003-SR7x-ONT1bx-14-D0-PF-ILMN-NOVASEQ-ont-sentdhiomr-DEL_50	DEL_50	HIOa-HG003-SR7x-ONT1bx-14-D0-PF-ILMN-NOVASEQ	2528531102.0	2528285751.0	14268.0	231083.0	2934.0	0.9641152517481352	0.9418465789827635	0.9999988395312539	0.012537550690761783	0.9874624493092382	0.9874624493092382	HG003	giabHC	-1	-2	ont	sentdhiomr
HIOa-HG003-SR7x-ONT1bx-14-D0-PF-ILMN-NOVASEQ-ont-sentdhiomr-DEL_gt50	DEL_gt50	HIOa-HG003-SR7x-ONT1bx-14-D0-PF-ILMN-NOVASEQ	2528531102.0	2528531102.0	0.0	0.0	40.0			0.9999999841805389	1.0	0.0	0.0	HG003	giabHC	-1	-2	ont	sentdhiomr
HIOa-HG003-SR7x-ONT1bx-14-D0-PF-ILMN-NOVASEQ-ont-sentdhiomr-Indel_50	Indel_50	HIOa-HG003-SR7x-ONT1bx-14-D0-PF-ILMN-NOVASEQ	2528531102.0	2528503305.0	814.0	26983.0	19.0	0.9847989926823483	0.9707162643450732	0.9999999924856733	0.0007036515813643434	0.9992963484186357	0.9992963484186357	HG003	giabHC	-1	-2	ont	sentdhiomr
HIOa-HG003-SR7x-ONT1bx-14-D0-PF-ILMN-NOVASEQ-ont-sentdhiomr-Indel_gt50	Indel_gt50	HIOa-HG003-SR7x-ONT1bx-14-D0-PF-ILMN-NOVASEQ	2528531102.0	2528530729.0	24.0	349.0	0.0	0.9667590027700831	0.935656836461126	1.0	0.0	1.0	1.0	HG003	giabHC	-1	-2	ont	sentdhiomr
HIOa-HG003-SR7x-ONT1bx-14-D0-PF-ILMN-NOVASEQ-ont-sentdhiomr-All	All	HIOa-HG003-SR7x-ONT1bx-14-D0-PF-ILMN-NOVASEQ	2528531102.0	2524700140.0	182750.0	3648212.0	24346.0	0.9724001535279442	0.952296577204368	0.9999903569676077	0.006629166918534711	0.9933708330814653	0.9933708330814653	HG003	giabHC	-1	-2	ont	sentdhiomr
HIOa-HG003-SR7x-ONT2x-15-D0-PF-ILMN-NOVASEQ-ont-sentdhiomr-SNPts	SNPts	HIOa-HG003-SR7x-ONT2x-15-D0-PF-ILMN-NOVASEQ	688815815.0	688747970.0	6611.0	61234.0	329962.0	0.26679098381190347	0.9025572997273196	0.9995211543068252	0.8434697696295463	0.15653023037045366	0.1565302303704537	HG003	hg38_m_giabHC	-1	-2	ont	sentdhiomr
HIOa-HG003-SR7x-ONT2x-15-D0-PF-ILMN-NOVASEQ-ont-sentdhiomr-SNPtv	SNPtv	HIOa-HG003-SR7x-ONT2x-15-D0-PF-ILMN-NOVASEQ	688815815.0	688780767.0	3532.0	31516.0	265167.0	0.19000937506594198	0.8992239214791143	0.9996151678909697	0.8937721406349538	0.1062278593650462	0.1062278593650462	HG003	hg38_m_giabHC	-1	-2	ont	sentdhiomr
HIOa-HG003-SR7x-ONT2x-15-D0-PF-ILMN-NOVASEQ-ont-sentdhiomr-INS_50	INS_50	HIOa-HG003-SR7x-ONT2x-15-D0-PF-ILMN-NOVASEQ	688815815.0	688787928.0	3466.0	24421.0	149088.0	0.24251722973643966	0.8757126976727507	0.9997835970538126	0.8592522578079523	0.14074774219204766	0.14074774219204766	HG003	hg38_m_giabHC	-1	-2	ont	sentdhiomr
HIOa-HG003-SR7x-ONT2x-15-D0-PF-ILMN-NOVASEQ-ont-sentdhiomr-INS_gt50	INS_gt50	HIOa-HG003-SR7x-ONT2x-15-D0-PF-ILMN-NOVASEQ	688815815.0	688815580.0	144.0	91.0	2088.0	0.07539353769676885	0.3872340425531915	0.9999969687188686	0.9582377237264801	0.041762276273519916	0.041762276273519965	HG003	hg38_m_giabHC	-1	-2	ont	sentdhiomr
HIOa-HG003-SR7x-ONT2x-15-D0-PF-ILMN-NOVASEQ-ont-sentdhiomr-DEL_50	DEL_50	HIOa-HG003-SR7x-ONT2x-15-D0-PF-ILMN-NOVASEQ	688815815.0	688787433.0	2962.0	25420.0	153629.0	0.24509354918020934	0.8956380804735395	0.9997770070496974	0.8580276907438745	0.14197230925612547	0.14197230925612542	HG003	hg38_m_giabHC	-1	-2	ont	sentdhiomr
HIOa-HG003-SR7x-ONT2x-15-D0-PF-ILMN-NOVASEQ-ont-sentdhiomr-DEL_gt50	DEL_gt50	HIOa-HG003-SR7x-ONT2x-15-D0-PF-ILMN-NOVASEQ	688815815.0	688815678.0	53.0	84.0	2666.0	0.05819189470038102	0.6131386861313869	0.9999961296036565	0.9694545454545455	0.030545454545454542	0.030545454545454546	HG003	hg38_m_giabHC	-1	-2	ont	sentdhiomr
HIOa-HG003-SR7x-ONT2x-15-D0-PF-ILMN-NOVASEQ-ont-sentdhiomr-Indel_50	Indel_50	HIOa-HG003-SR7x-ONT2x-15-D0-PF-ILMN-NOVASEQ	688815815.0	688808087.0	760.0	6968.0	28172.0	0.3250909769525054	0.901656314699793	0.9999591020367585	0.8017074558907228	0.1982925441092772	0.19829254410927719	HG003	hg38_m_giabHC	-1	-2	ont	sentdhiomr
HIOa-HG003-SR7x-ONT2x-15-D0-PF-ILMN-NOVASEQ-ont-sentdhiomr-Indel_gt50	Indel_gt50	HIOa-HG003-SR7x-ONT2x-15-D0-PF-ILMN-NOVASEQ	688815815.0	688815003.0	148.0	664.0	1114.0	0.5127413127413128	0.8177339901477833	0.9999983827323832	0.6265466816647919	0.3734533183352081	0.3734533183352081	HG003	hg38_m_giabHC	-1	-2	ont	sentdhiomr
HIOa-HG003-SR7x-ONT2x-15-D0-PF-ILMN-NOVASEQ-ont-sentdhiomr-All	All	HIOa-HG003-SR7x-ONT2x-15-D0-PF-ILMN-NOVASEQ	688815815.0	688647741.0	17676.0	150398.0	931886.0	0.2405679013530525	0.8948320382688577	0.9986486172683869	0.8610364747145851	0.1389635252854149	0.13896352528541492	HG003	hg38_m_giabHC	-1	-2	ont	sentdhiomr
HIOa-HG003-SR7x-ONT2x-15-D0-PF-ILMN-NOVASEQ-ont-sentdhiomr-SNPts	SNPts	HIOa-HG003-SR7x-ONT2x-15-D0-PF-ILMN-NOVASEQ	332544085.0	332287245.0	7795.0	249045.0	802.0	0.9830329177579058	0.9696503659866065	0.9999975864313891	0.003209964498272943	0.9967900355017271	0.9967900355017271	HG003	giabHC_x_ultima_x_clinvar	-1	-2	ont	sentdhiomr
HIOa-HG003-SR7x-ONT2x-15-D0-PF-ILMN-NOVASEQ-ont-sentdhiomr-SNPtv	SNPtv	HIOa-HG003-SR7x-ONT2x-15-D0-PF-ILMN-NOVASEQ	332544085.0	332429467.0	3578.0	111040.0	394.0	0.9824288216870455	0.968783262663805	0.9999988147875801	0.003535725182619308	0.9964642748173806	0.9964642748173806	HG003	giabHC_x_ultima_x_clinvar	-1	-2	ont	sentdhiomr
HIOa-HG003-SR7x-ONT2x-15-D0-PF-ILMN-NOVASEQ-ont-sentdhiomr-INS_50	INS_50	HIOa-HG003-SR7x-ONT2x-15-D0-PF-ILMN-NOVASEQ	332544085.0	332526499.0	721.0	16865.0	129.0	0.9754193175245807	0.959001478448766	0.999999612061143	0.007590914440390726	0.9924090855596093	0.9924090855596093	HG003	giabHC_x_ultima_x_clinvar	-1	-2	ont	sentdhiomr
HIOa-HG003-SR7x-ONT2x-15-D0-PF-ILMN-NOVASEQ-ont-sentdhiomr-INS_gt50	INS_gt50	HIOa-HG003-SR7x-ONT2x-15-D0-PF-ILMN-NOVASEQ	332544085.0	332544085.0	0.0	0.0	0.0			1.0				HG003	giabHC_x_ultima_x_clinvar	-1	-2	ont	sentdhiomr
HIOa-HG003-SR7x-ONT2x-15-D0-PF-ILMN-NOVASEQ-ont-sentdhiomr-DEL_50	DEL_50	HIOa-HG003-SR7x-ONT2x-15-D0-PF-ILMN-NOVASEQ	332544085.0	332525028.0	833.0	18224.0	119.0	0.9745454545454545	0.9562890276538805	0.9999996421323287	0.006487488415199258	0.9935125115848007	0.9935125115848007	HG003	giabHC_x_ultima_x_clinvar	-1	-2	ont	sentdhiomr
HIOa-HG003-SR7x-ONT2x-15-D0-PF-ILMN-NOVASEQ-ont-sentdhiomr-DEL_gt50	DEL_gt50	HIOa-HG003-SR7x-ONT2x-15-D0-PF-ILMN-NOVASEQ	332544085.0	332544085.0	0.0	0.0	8.0			0.9999999759430398	1.0	0.0	0.0	HG003	giabHC_x_ultima_x_clinvar	-1	-2	ont	sentdhiomr
HIOa-HG003-SR7x-ONT2x-15-D0-PF-ILMN-NOVASEQ-ont-sentdhiomr-Indel_50	Indel_50	HIOa-HG003-SR7x-ONT2x-15-D0-PF-ILMN-NOVASEQ	332544085.0	332543011.0	39.0	1035.0	0.0	0.9815078236130867	0.9636871508379888	1.0	0.0	1.0	1.0	HG003	giabHC_x_ultima_x_clinvar	-1	-2	ont	sentdhiomr
HIOa-HG003-SR7x-ONT2x-15-D0-PF-ILMN-NOVASEQ-ont-sentdhiomr-Indel_gt50	Indel_gt50	HIOa-HG003-SR7x-ONT2x-15-D0-PF-ILMN-NOVASEQ	332544085.0	332544060.0	2.0	23.0	0.0	0.9583333333333334	0.92	1.0	0.0	1.0	1.0	HG003	giabHC_x_ultima_x_clinvar	-1	-2	ont	sentdhiomr
HIOa-HG003-SR7x-ONT2x-15-D0-PF-ILMN-NOVASEQ-ont-sentdhiomr-All	All	HIOa-HG003-SR7x-ONT2x-15-D0-PF-ILMN-NOVASEQ	332544085.0	332134885.0	12968.0	396232.0	1452.0	0.9821287818323328	0.9683088954056696	0.999995628301278	0.0036511401011858663	0.9963488598988142	0.9963488598988142	HG003	giabHC_x_ultima_x_clinvar	-1	-2	ont	sentdhiomr
HIOa-HG003-SR7x-ONT2x-15-D0-PF-ILMN-NOVASEQ-ont-sentdhiomr-SNPts	SNPts	HIOa-HG003-SR7x-ONT2x-15-D0-PF-ILMN-NOVASEQ	337668665.0	337403108.0	9073.0	256484.0	1413.0	0.9799676762428026	0.9658340770531374	0.999995812148587	0.005478931511417349	0.9945210684885827	0.9945210684885827	HG003	giabHC_x_clinvar_genes	-1	-2	ont	sentdhiomr
HIOa-HG003-SR7x-ONT2x-15-D0-PF-ILMN-NOVASEQ-ont-sentdhiomr-SNPtv	SNPtv	HIOa-HG003-SR7x-ONT2x-15-D0-PF-ILMN-NOVASEQ	337668665.0	337548405.0	4250.0	116010.0	678.0	0.9792021878218007	0.964659903542325	0.9999979914032235	0.0058103661044837515	0.9941896338955163	0.9941896338955163	HG003	giabHC_x_clinvar_genes	-1	-2	ont	sentdhiomr
HIOa-HG003-SR7x-ONT2x-15-D0-PF-ILMN-NOVASEQ-ont-sentdhiomr-INS_50	INS_50	HIOa-HG003-SR7x-ONT2x-15-D0-PF-ILMN-NOVASEQ	337668665.0	337642152.0	1343.0	25170.0	504.0	0.964608044148926	0.9493456040432995	0.9999985072976088	0.019630754849263847	0.9803692451507362	0.9803692451507362	HG003	giabHC_x_clinvar_genes	-1	-2	ont	sentdhiomr
HIOa-HG003-SR7x-ONT2x-15-D0-PF-ILMN-NOVASEQ-ont-sentdhiomr-INS_gt50	INS_gt50	HIOa-HG003-SR7x-ONT2x-15-D0-PF-ILMN-NOVASEQ	337668665.0	337668665.0	0.0	0.0	0.0			1.0				HG003	giabHC_x_clinvar_genes	-1	-2	ont	sentdhiomr
HIOa-HG003-SR7x-ONT2x-15-D0-PF-ILMN-NOVASEQ-ont-sentdhiomr-DEL_50	DEL_50	HIOa-HG003-SR7x-ONT2x-15-D0-PF-ILMN-NOVASEQ	337668665.0	337640547.0	1426.0	26692.0	322.0	0.9682942755568454	0.9492851554164592	0.9999990463239804	0.011919745317242911	0.9880802546827571	0.9880802546827571	HG003	giabHC_x_clinvar_genes	-1	-2	ont	sentdhiomr
HIOa-HG003-SR7x-ONT2x-15-D0-PF-ILMN-NOVASEQ-ont-sentdhiomr-DEL_gt50	DEL_gt50	HIOa-HG003-SR7x-ONT2x-15-D0-PF-ILMN-NOVASEQ	337668665.0	337668665.0	0.0	0.0	8.0			0.9999999763081369	1.0	0.0	0.0	HG003	giabHC_x_clinvar_genes	-1	-2	ont	sentdhiomr
HIOa-HG003-SR7x-ONT2x-15-D0-PF-ILMN-NOVASEQ-ont-sentdhiomr-Indel_50	Indel_50	HIOa-HG003-SR7x-ONT2x-15-D0-PF-ILMN-NOVASEQ	337668665.0	337665870.0	85.0	2710.0	2.0	0.9842019248229527	0.9695885509838998	0.999999994076985	0.0007374631268436578	0.9992625368731564	0.9992625368731564	HG003	giabHC_x_clinvar_genes	-1	-2	ont	sentdhiomr
HIOa-HG003-SR7x-ONT2x-15-D0-PF-ILMN-NOVASEQ-ont-sentdhiomr-Indel_gt50	Indel_gt50	HIOa-HG003-SR7x-ONT2x-15-D0-PF-ILMN-NOVASEQ	337668665.0	337668628.0	3.0	34.0	0.0	0.9577464788732395	0.918918918918919	1.0	0.0	1.0	1.0	HG003	giabHC_x_clinvar_genes	-1	-2	ont	sentdhiomr
HIOa-HG003-SR7x-ONT2x-15-D0-PF-ILMN-NOVASEQ-ont-sentdhiomr-All	All	HIOa-HG003-SR7x-ONT2x-15-D0-PF-ILMN-NOVASEQ	337668665.0	337225385.0	16180.0	427100.0	2927.0	0.9781210960177806	0.9634993683450641	0.9999913204203329	0.006806549356203215	0.9931934506437968	0.9931934506437968	HG003	giabHC_x_clinvar_genes	-1	-2	ont	sentdhiomr
HIOa-HG003-SR7x-ONT2x-15-D0-PF-ILMN-NOVASEQ-ont-sentdhiomr-SNPts	SNPts	HIOa-HG003-SR7x-ONT2x-15-D0-PF-ILMN-NOVASEQ	2528531102.0	2526276294.0	69320.0	2185488.0	9143.0	0.9823656420506046	0.9692568059009903	0.999996380852351	0.004166076210533798	0.9958339237894662	0.9958339237894662	HG003	giabHC	-1	-2	ont	sentdhiomr
HIOa-HG003-SR7x-ONT2x-15-D0-PF-ILMN-NOVASEQ-ont-sentdhiomr-SNPtv	SNPtv	HIOa-HG003-SR7x-ONT2x-15-D0-PF-ILMN-NOVASEQ	2528531102.0	2527459370.0	33967.0	1037765.0	4988.0	0.9815770743230622	0.9683064422822123	0.9999980264805776	0.004783491392496593	0.9952165086075034	0.9952165086075034	HG003	giabHC	-1	-2	ont	sentdhiomr
HIOa-HG003-SR7x-ONT2x-15-D0-PF-ILMN-NOVASEQ-ont-sentdhiomr-INS_50	INS_50	HIOa-HG003-SR7x-ONT2x-15-D0-PF-ILMN-NOVASEQ	2528531102.0	2528300263.0	11919.0	218920.0	4462.0	0.9639360575578848	0.9483666104947605	0.9999982351810857	0.01997475177050971	0.9800252482294903	0.9800252482294903	HG003	giabHC	-1	-2	ont	sentdhiomr
HIOa-HG003-SR7x-ONT2x-15-D0-PF-ILMN-NOVASEQ-ont-sentdhiomr-INS_gt50	INS_gt50	HIOa-HG003-SR7x-ONT2x-15-D0-PF-ILMN-NOVASEQ	2528531102.0	2528531101.0	1.0	0.0	13.0		0.0	0.9999999948586751	1.0	0.0	0.0	HG003	giabHC	-1	-2	ont	sentdhiomr
HIOa-HG003-SR7x-ONT2x-15-D0-PF-ILMN-NOVASEQ-ont-sentdhiomr-DEL_50	DEL_50	HIOa-HG003-SR7x-ONT2x-15-D0-PF-ILMN-NOVASEQ	2528531102.0	2528285739.0	12319.0	233044.0	2827.0	0.9685267458242768	0.9497927560390116	0.9999988818523178	0.011985364881651412	0.9880146351183486	0.9880146351183486	HG003	giabHC	-1	-2	ont	sentdhiomr
HIOa-HG003-SR7x-ONT2x-15-D0-PF-ILMN-NOVASEQ-ont-sentdhiomr-DEL_gt50	DEL_gt50	HIOa-HG003-SR7x-ONT2x-15-D0-PF-ILMN-NOVASEQ	2528531102.0	2528531102.0	0.0	0.0	33.0			0.9999999869489445	1.0	0.0	0.0	HG003	giabHC	-1	-2	ont	sentdhiomr
HIOa-HG003-SR7x-ONT2x-15-D0-PF-ILMN-NOVASEQ-ont-sentdhiomr-Indel_50	Indel_50	HIOa-HG003-SR7x-ONT2x-15-D0-PF-ILMN-NOVASEQ	2528531102.0	2528503258.0	788.0	27056.0	18.0	0.9853235733275064	0.9716994684671743	0.999999992881164	0.0006648445002585507	0.9993351554997415	0.9993351554997415	HG003	giabHC	-1	-2	ont	sentdhiomr
HIOa-HG003-SR7x-ONT2x-15-D0-PF-ILMN-NOVASEQ-ont-sentdhiomr-Indel_gt50	Indel_gt50	HIOa-HG003-SR7x-ONT2x-15-D0-PF-ILMN-NOVASEQ	2528531102.0	2528530733.0	22.0	347.0	0.0	0.9692737430167598	0.940379403794038	1.0	0.0	1.0	1.0	HG003	giabHC	-1	-2	ont	sentdhiomr
HIOa-HG003-SR7x-ONT2x-15-D0-PF-ILMN-NOVASEQ-ont-sentdhiomr-All	All	HIOa-HG003-SR7x-ONT2x-15-D0-PF-ILMN-NOVASEQ	2528531102.0	2524700146.0	128336.0	3702620.0	21484.0	0.9801695817108005	0.9665002678182678	0.9999914905470192	0.005768904412980948	0.994231095587019	0.994231095587019	HG003	giabHC	-1	-2	ont	sentdhiomr
HIOa-HG003-SR7x-ONT2x-15-D0-PF-ILMN-NOVASEQ-ont-sentdhiomr-SNPts	SNPts	HIOa-HG003-SR7x-ONT2x-15-D0-PF-ILMN-NOVASEQ	2799325643.0	2797071434.0	64887.0	2189322.0	117969.0	0.9599131864518251	0.9712151801363582	0.9999578258805523	0.05112879129680652	0.9488712087031935	0.9488712087031935	HG003	ultima	-1	-2	ont	sentdhiomr
HIOa-HG003-SR7x-ONT2x-15-D0-PF-ILMN-NOVASEQ-ont-sentdhiomr-SNPtv	SNPtv	HIOa-HG003-SR7x-ONT2x-15-D0-PF-ILMN-NOVASEQ	2799325643.0	2798266868.0	31170.0	1027605.0	69274.0	0.9534043960672723	0.9705603173478784	0.9999752445751744	0.06315555316493433	0.9368444468350656	0.9368444468350656	HG003	ultima	-1	-2	ont	sentdhiomr
HIOa-HG003-SR7x-ONT2x-15-D0-PF-ILMN-NOVASEQ-ont-sentdhiomr-INS_50	INS_50	HIOa-HG003-SR7x-ONT2x-15-D0-PF-ILMN-NOVASEQ	2799325643.0	2799160388.0	7316.0	157939.0	24005.0	0.909789486720872	0.9557290248403981	0.9999914242877104	0.13193620014949656	0.8680637998505034	0.8680637998505034	HG003	ultima	-1	-2	ont	sentdhiomr
HIOa-HG003-SR7x-ONT2x-15-D0-PF-ILMN-NOVASEQ-ont-sentdhiomr-INS_gt50	INS_gt50	HIOa-HG003-SR7x-ONT2x-15-D0-PF-ILMN-NOVASEQ	2799325643.0	2799325546.0	60.0	37.0	422.0	0.13309352517985612	0.38144329896907214	0.9999998492494248	0.9193899782135077	0.08061002178649235	0.08061002178649238	HG003	ultima	-1	-2	ont	sentdhiomr
HIOa-HG003-SR7x-ONT2x-15-D0-PF-ILMN-NOVASEQ-ont-sentdhiomr-DEL_50	DEL_50	HIOa-HG003-SR7x-ONT2x-15-D0-PF-ILMN-NOVASEQ	2799325643.0	2799146348.0	8052.0	171243.0	31793.0	0.8957840196060481	0.9550907721910817	0.9999886420233374	0.15658799424732558	0.8434120057526744	0.8434120057526744	HG003	ultima	-1	-2	ont	sentdhiomr
HIOa-HG003-SR7x-ONT2x-15-D0-PF-ILMN-NOVASEQ-ont-sentdhiomr-DEL_gt50	DEL_gt50	HIOa-HG003-SR7x-ONT2x-15-D0-PF-ILMN-NOVASEQ	2799325643.0	2799325555.0	30.0	58.0	1295.0	0.08049965301873699	0.6590909090909091	0.9999995373887833	0.9571322985957132	0.04286770140428675	0.04286770140428677	HG003	ultima	-1	-2	ont	sentdhiomr
HIOa-HG003-SR7x-ONT2x-15-D0-PF-ILMN-NOVASEQ-ont-sentdhiomr-Indel_50	Indel_50	HIOa-HG003-SR7x-ONT2x-15-D0-PF-ILMN-NOVASEQ	2799325643.0	2799311267.0	495.0	13881.0	1997.0	0.9176307265155021	0.965567612687813	0.9999992866107464	0.1257715077465676	0.8742284922534325	0.8742284922534325	HG003	ultima	-1	-2	ont	sentdhiomr
HIOa-HG003-SR7x-ONT2x-15-D0-PF-ILMN-NOVASEQ-ont-sentdhiomr-Indel_gt50	Indel_gt50	HIOa-HG003-SR7x-ONT2x-15-D0-PF-ILMN-NOVASEQ	2799325643.0	2799324925.0	53.0	665.0	318.0	0.7818930041152263	0.9261838440111421	0.9999998864011959	0.323499491353001	0.6765005086469991	0.676500508646999	HG003	ultima	-1	-2	ont	sentdhiomr
HIOa-HG003-SR7x-ONT2x-15-D0-PF-ILMN-NOVASEQ-ont-sentdhiomr-All	All	HIOa-HG003-SR7x-ONT2x-15-D0-PF-ILMN-NOVASEQ	2799325643.0	2795652830.0	112063.0	3560750.0	247073.0	0.9519912478029943	0.9694885092162329	0.9999116302412204	0.06488563150125413	0.9351143684987459	0.9351143684987459	HG003	ultima	-1	-2	ont	sentdhiomr
HIOa-HG003-SR7x-ONT2x-15-D0-PF-ILMN-NOVASEQ-ont-sentdhiomr-SNPts	SNPts	HIOa-HG003-SR7x-ONT2x-15-D0-PF-ILMN-NOVASEQ	2505355380.0	2503152228.0	61624.0	2141528.0	6383.0	0.984370026359076	0.9720291654865393	0.9999974500217558	0.0029717246198748457	0.9970282753801252	0.9970282753801252	HG003	giabHC_x_ultima	-1	-2	ont	sentdhiomr
HIOa-HG003-SR7x-ONT2x-15-D0-PF-ILMN-NOVASEQ-ont-sentdhiomr-SNPtv	SNPtv	HIOa-HG003-SR7x-ONT2x-15-D0-PF-ILMN-NOVASEQ	2505355380.0	2504320904.0	29567.0	1004909.0	3407.0	0.9838583663926626	0.9714183799334155	0.999998639553198	0.00337890105879506	0.996621098941205	0.996621098941205	HG003	giabHC_x_ultima	-1	-2	ont	sentdhiomr
HIOa-HG003-SR7x-ONT2x-15-D0-PF-ILMN-NOVASEQ-ont-sentdhiomr-INS_50	INS_50	HIOa-HG003-SR7x-ONT2x-15-D0-PF-ILMN-NOVASEQ	2505355380.0	2505200729.0	6461.0	148190.0	1387.0	0.9742035578579223	0.9582220612863803	0.9999994463520563	0.009272816007808687	0.9907271839921913	0.9907271839921913	HG003	giabHC_x_ultima	-1	-2	ont	sentdhiomr
HIOa-HG003-SR7x-ONT2x-15-D0-PF-ILMN-NOVASEQ-ont-sentdhiomr-INS_gt50	INS_gt50	HIOa-HG003-SR7x-ONT2x-15-D0-PF-ILMN-NOVASEQ	2505355380.0	2505355380.0	0.0	0.0	12.0			0.9999999952102604	1.0	0.0	0.0	HG003	giabHC_x_ultima	-1	-2	ont	sentdhiomr
HIOa-HG003-SR7x-ONT2x-15-D0-PF-ILMN-NOVASEQ-ont-sentdhiomr-DEL_50	DEL_50	HIOa-HG003-SR7x-ONT2x-15-D0-PF-ILMN-NOVASEQ	2505355380.0	2505188563.0	7076.0	159741.0	1178.0	0.974815095076525	0.9575822608007577	0.999999529776136	0.007320453147235566	0.9926795468527644	0.9926795468527644	HG003	giabHC_x_ultima	-1	-2	ont	sentdhiomr
HIOa-HG003-SR7x-ONT2x-15-D0-PF-ILMN-NOVASEQ-ont-sentdhiomr-DEL_gt50	DEL_gt50	HIOa-HG003-SR7x-ONT2x-15-D0-PF-ILMN-NOVASEQ	2505355380.0	2505355380.0	0.0	0.0	32.0			0.999999987227361	1.0	0.0	0.0	HG003	giabHC_x_ultima	-1	-2	ont	sentdhiomr
HIOa-HG003-SR7x-ONT2x-15-D0-PF-ILMN-NOVASEQ-ont-sentdhiomr-Indel_50	Indel_50	HIOa-HG003-SR7x-ONT2x-15-D0-PF-ILMN-NOVASEQ	2505355380.0	2505343835.0	361.0	11184.0	7.0	0.983814215341309	0.968731052403638	0.9999999972059723	0.0006255026360468234	0.9993744973639532	0.9993744973639532	HG003	giabHC_x_ultima	-1	-2	ont	sentdhiomr
HIOa-HG003-SR7x-ONT2x-15-D0-PF-ILMN-NOVASEQ-ont-sentdhiomr-Indel_gt50	Indel_gt50	HIOa-HG003-SR7x-ONT2x-15-D0-PF-ILMN-NOVASEQ	2505355380.0	2505355092.0	9.0	279.0	0.0	0.9841269841269841	0.96875	1.0	0.0	1.0	1.0	HG003	giabHC_x_ultima	-1	-2	ont	sentdhiomr
HIOa-HG003-SR7x-ONT2x-15-D0-PF-ILMN-NOVASEQ-ont-sentdhiomr-All	All	HIOa-HG003-SR7x-ONT2x-15-D0-PF-ILMN-NOVASEQ	2505355380.0	2501784451.0	105098.0	3465831.0	12406.0	0.9833307940258464	0.9705684431138227	0.9999950411641276	0.0035667494768182846	0.9964332505231818	0.9964332505231818	HG003	giabHC_x_ultima	-1	-2	ont	sentdhiomr
HIOa-HG003-SR7x-ONT2x-15-D0-PF-ILMN-NOVASEQ-ont-sentdhiomr-SNPts	SNPts	HIOa-HG003-SR7x-ONT2x-15-D0-PF-ILMN-NOVASEQ	3088286401.0	3085963773.0	75931.0	2246697.0	339105.0	0.9154442459197748	0.9673081526615541	0.9998901258193363	0.13114113145554068	0.8688588685444594	0.8688588685444594	HG003	hg38	-1	-2	ont	sentdhiomr
HIOa-HG003-SR7x-ONT2x-15-D0-PF-ILMN-NOVASEQ-ont-sentdhiomr-SNPtv	SNPtv	HIOa-HG003-SR7x-ONT2x-15-D0-PF-ILMN-NOVASEQ	3088286401.0	3087179632.0	37499.0	1069270.0	270155.0	0.8742315613561313	0.9661184944645179	0.9999124989818012	0.20169475707859716	0.7983052429214028	0.7983052429214028	HG003	hg38	-1	-2	ont	sentdhiomr
HIOa-HG003-SR7x-ONT2x-15-D0-PF-ILMN-NOVASEQ-ont-sentdhiomr-INS_50	INS_50	HIOa-HG003-SR7x-ONT2x-15-D0-PF-ILMN-NOVASEQ	3088286401.0	3088027595.0	15395.0	243411.0	153550.0	0.7423703846030679	0.9405152894446033	0.9999502781757966	0.38681381798211917	0.6131861820178808	0.6131861820178809	HG003	hg38	-1	-2	ont	sentdhiomr
HIOa-HG003-SR7x-ONT2x-15-D0-PF-ILMN-NOVASEQ-ont-sentdhiomr-INS_gt50	INS_gt50	HIOa-HG003-SR7x-ONT2x-15-D0-PF-ILMN-NOVASEQ	3088286401.0	3088286165.0	145.0	91.0	2101.0	0.07495881383855024	0.3855932203389831	0.9999993196878597	0.9584854014598541	0.04151459854014594	0.04151459854014598	HG003	hg38	-1	-2	ont	sentdhiomr
HIOa-HG003-SR7x-ONT2x-15-D0-PF-ILMN-NOVASEQ-ont-sentdhiomr-DEL_50	DEL_50	HIOa-HG003-SR7x-ONT2x-15-D0-PF-ILMN-NOVASEQ	3088286401.0	3088012851.0	15263.0	258287.0	156453.0	0.7505179502825843	0.9442039846463169	0.999949337946013	0.377231518541737	0.622768481458263	0.622768481458263	HG003	hg38	-1	-2	ont	sentdhiomr
HIOa-HG003-SR7x-ONT2x-15-D0-PF-ILMN-NOVASEQ-ont-sentdhiomr-DEL_gt50	DEL_gt50	HIOa-HG003-SR7x-ONT2x-15-D0-PF-ILMN-NOVASEQ	3088286401.0	3088286264.0	53.0	84.0	2699.0	0.057534246575342465	0.6131386861313869	0.9999991260532831	0.9698167445203019	0.030183255479698134	0.030183255479698166	HG003	hg38	-1	-2	ont	sentdhiomr
HIOa-HG003-SR7x-ONT2x-15-D0-PF-ILMN-NOVASEQ-ont-sentdhiomr-Indel_50	Indel_50	HIOa-HG003-SR7x-ONT2x-15-D0-PF-ILMN-NOVASEQ	3088286401.0	3088250830.0	1547.0	34024.0	28190.0	0.6958940532801555	0.9565095161789098	0.9999908719387667	0.4531134471340856	0.5468865528659144	0.5468865528659145	HG003	hg38	-1	-2	ont	sentdhiomr
HIOa-HG003-SR7x-ONT2x-15-D0-PF-ILMN-NOVASEQ-ont-sentdhiomr-Indel_gt50	Indel_gt50	HIOa-HG003-SR7x-ONT2x-15-D0-PF-ILMN-NOVASEQ	3088286401.0	3088285222.0	168.0	1011.0	1114.0	0.6119854721549637	0.8575063613231552	0.9999996392821524	0.524235294117647	0.475764705882353	0.4757647058823529	HG003	hg38	-1	-2	ont	sentdhiomr
HIOa-HG003-SR7x-ONT2x-15-D0-PF-ILMN-NOVASEQ-ont-sentdhiomr-All	All	HIOa-HG003-SR7x-ONT2x-15-D0-PF-ILMN-NOVASEQ	3088286401.0	3084287525.0	146001.0	3852875.0	953367.0	0.875144433044509	0.9634894905468436	0.999690991065731	0.19836017412356682	0.8016398258764332	0.8016398258764332	HG003	hg38	-1	-2	ont	sentdhiomr
HIOa-HG003-SR7x-ONT2x-15-D0-PF-ILMN-NOVASEQ-ont-sentdhiomr-SNPts	SNPts	HIOa-HG003-SR7x-ONT2x-15-D0-PF-ILMN-NOVASEQ	377862616.0	377589372.0	10054.0	263190.0	35665.0	0.9200855096757729	0.9632050475033304	0.999905554461422	0.11933880979070118	0.8806611902092988	0.8806611902092988	HG003	clinvar_genes	-1	-2	ont	sentdhiomr
HIOa-HG003-SR7x-ONT2x-15-D0-PF-ILMN-NOVASEQ-ont-sentdhiomr-SNPtv	SNPtv	HIOa-HG003-SR7x-ONT2x-15-D0-PF-ILMN-NOVASEQ	377862616.0	377738269.0	4799.0	119548.0	21350.0	0.9014156723029654	0.9614063869655078	0.9999434825774748	0.15152805575664666	0.8484719442433534	0.8484719442433534	HG003	clinvar_genes	-1	-2	ont	sentdhiomr
HIOa-HG003-SR7x-ONT2x-15-D0-PF-ILMN-NOVASEQ-ont-sentdhiomr-INS_50	INS_50	HIOa-HG003-SR7x-ONT2x-15-D0-PF-ILMN-NOVASEQ	377862616.0	377833201.0	1734.0	27681.0	16778.0	0.7494111595419227	0.9410504844467109	0.999955596133565	0.3773814075890146	0.6226185924109854	0.6226185924109854	HG003	clinvar_genes	-1	-2	ont	sentdhiomr
HIOa-HG003-SR7x-ONT2x-15-D0-PF-ILMN-NOVASEQ-ont-sentdhiomr-INS_gt50	INS_gt50	HIOa-HG003-SR7x-ONT2x-15-D0-PF-ILMN-NOVASEQ	377862616.0	377862588.0	14.0	14.0	270.0	0.08974358974358973	0.5	0.999999285455042	0.9507042253521126	0.04929577464788737	0.04929577464788732	HG003	clinvar_genes	-1	-2	ont	sentdhiomr
HIOa-HG003-SR7x-ONT2x-15-D0-PF-ILMN-NOVASEQ-ont-sentdhiomr-DEL_50	DEL_50	HIOa-HG003-SR7x-ONT2x-15-D0-PF-ILMN-NOVASEQ	377862616.0	377831523.0	1778.0	29315.0	16553.0	0.7618144254882343	0.9428167111568521	0.9999561913873554	0.36088340455219325	0.6391165954478067	0.6391165954478067	HG003	clinvar_genes	-1	-2	ont	sentdhiomr
HIOa-HG003-SR7x-ONT2x-15-D0-PF-ILMN-NOVASEQ-ont-sentdhiomr-DEL_gt50	DEL_gt50	HIOa-HG003-SR7x-ONT2x-15-D0-PF-ILMN-NOVASEQ	377862616.0	377862599.0	6.0	11.0	394.0	0.05213270142180095	0.6470588235294118	0.9999989572940264	0.9728395061728395	0.02716049382716046	0.027160493827160494	HG003	clinvar_genes	-1	-2	ont	sentdhiomr
HIOa-HG003-SR7x-ONT2x-15-D0-PF-ILMN-NOVASEQ-ont-sentdhiomr-Indel_50	Indel_50	HIOa-HG003-SR7x-ONT2x-15-D0-PF-ILMN-NOVASEQ	377862616.0	377859054.0	186.0	3376.0	3016.0	0.678320273256982	0.9477821448624368	0.9999920182515276	0.4718397997496871	0.528160200250313	0.5281602002503129	HG003	clinvar_genes	-1	-2	ont	sentdhiomr
HIOa-HG003-SR7x-ONT2x-15-D0-PF-ILMN-NOVASEQ-ont-sentdhiomr-Indel_gt50	Indel_gt50	HIOa-HG003-SR7x-ONT2x-15-D0-PF-ILMN-NOVASEQ	377862616.0	377862491.0	22.0	103.0	141.0	0.5582655826558266	0.824	0.999999626848521	0.5778688524590164	0.4221311475409836	0.42213114754098363	HG003	clinvar_genes	-1	-2	ont	sentdhiomr
HIOa-HG003-SR7x-ONT2x-15-D0-PF-ILMN-NOVASEQ-ont-sentdhiomr-All	All	HIOa-HG003-SR7x-ONT2x-15-D0-PF-ILMN-NOVASEQ	377862616.0	377400785.0	18593.0	443238.0	94167.0	0.8871537854921159	0.9597406843628946	0.9997505476576545	0.17522538867334692	0.8247746113266531	0.8247746113266531	HG003	clinvar_genes	-1	-2	ont	sentdhiomr
HIOa-HG003-SR7x-ONT3x-16-D0-PF-ILMN-NOVASEQ-ont-sentdhiomr-SNPts	SNPts	HIOa-HG003-SR7x-ONT3x-16-D0-PF-ILMN-NOVASEQ	377862616.0	377589378.0	7188.0	266050.0	37179.0	0.9230363576752875	0.9736932637480877	0.9999015455896552	0.12261030442338958	0.8773896955766104	0.8773896955766104	HG003	clinvar_genes	-1	-2	ont	sentdhiomr
HIOa-HG003-SR7x-ONT3x-16-D0-PF-ILMN-NOVASEQ-ont-sentdhiomr-SNPtv	SNPtv	HIOa-HG003-SR7x-ONT3x-16-D0-PF-ILMN-NOVASEQ	377862616.0	377738277.0	3383.0	120956.0	22235.0	0.9042425148581467	0.9727921247557082	0.9999411399569471	0.15528210571893486	0.8447178942810651	0.8447178942810651	HG003	clinvar_genes	-1	-2	ont	sentdhiomr
HIOa-HG003-SR7x-ONT3x-16-D0-PF-ILMN-NOVASEQ-ont-sentdhiomr-INS_50	INS_50	HIOa-HG003-SR7x-ONT3x-16-D0-PF-ILMN-NOVASEQ	377862616.0	377833201.0	1555.0	27860.0	17108.0	0.7490958955675355	0.9471358150603434	0.9999547228106144	0.3804483188044832	0.6195516811955168	0.6195516811955168	HG003	clinvar_genes	-1	-2	ont	sentdhiomr
HIOa-HG003-SR7x-ONT3x-16-D0-PF-ILMN-NOVASEQ-ont-sentdhiomr-INS_gt50	INS_gt50	HIOa-HG003-SR7x-ONT3x-16-D0-PF-ILMN-NOVASEQ	377862616.0	377862588.0	13.0	15.0	316.0	0.08356545961002786	0.5357142857142857	0.9999991637178547	0.9546827794561934	0.0453172205438066	0.045317220543806644	HG003	clinvar_genes	-1	-2	ont	sentdhiomr
HIOa-HG003-SR7x-ONT3x-16-D0-PF-ILMN-NOVASEQ-ont-sentdhiomr-DEL_50	DEL_50	HIOa-HG003-SR7x-ONT3x-16-D0-PF-ILMN-NOVASEQ	377862616.0	377831512.0	1576.0	29528.0	16802.0	0.7626623963633546	0.9493312757201646	0.9999555324203458	0.362659184113965	0.637340815886035	0.637340815886035	HG003	clinvar_genes	-1	-2	ont	sentdhiomr
HIOa-HG003-SR7x-ONT3x-16-D0-PF-ILMN-NOVASEQ-ont-sentdhiomr-DEL_gt50	DEL_gt50	HIOa-HG003-SR7x-ONT3x-16-D0-PF-ILMN-NOVASEQ	377862616.0	377862599.0	8.0	9.0	408.0	0.041474654377880185	0.5294117647058824	0.9999989202436004	0.9784172661870504	0.021582733812949617	0.02158273381294964	HG003	clinvar_genes	-1	-2	ont	sentdhiomr
HIOa-HG003-SR7x-ONT3x-16-D0-PF-ILMN-NOVASEQ-ont-sentdhiomr-Indel_50	Indel_50	HIOa-HG003-SR7x-ONT3x-16-D0-PF-ILMN-NOVASEQ	377862616.0	377859063.0	175.0	3378.0	2999.0	0.6803625377643505	0.950745848578666	0.9999920632413211	0.47028383252313	0.52971616747687	0.52971616747687	HG003	clinvar_genes	-1	-2	ont	sentdhiomr
HIOa-HG003-SR7x-ONT3x-16-D0-PF-ILMN-NOVASEQ-ont-sentdhiomr-Indel_gt50	Indel_gt50	HIOa-HG003-SR7x-ONT3x-16-D0-PF-ILMN-NOVASEQ	377862616.0	377862494.0	22.0	100.0	145.0	0.5449591280653951	0.819672131147541	0.9999996162626705	0.5918367346938775	0.40816326530612246	0.40816326530612246	HG003	clinvar_genes	-1	-2	ont	sentdhiomr
HIOa-HG003-SR7x-ONT3x-16-D0-PF-ILMN-NOVASEQ-ont-sentdhiomr-All	All	HIOa-HG003-SR7x-ONT3x-16-D0-PF-ILMN-NOVASEQ	377862616.0	377400800.0	13920.0	447896.0	97192.0	0.8896498573846165	0.9698581253139779	0.9997425363788425	0.1783051543970882	0.8216948456029118	0.8216948456029118	HG003	clinvar_genes	-1	-2	ont	sentdhiomr
HIOa-HG003-SR7x-ONT3x-16-D0-PF-ILMN-NOVASEQ-ont-sentdhiomr-SNPts	SNPts	HIOa-HG003-SR7x-ONT3x-16-D0-PF-ILMN-NOVASEQ	688815815.0	688747987.0	4902.0	62926.0	347324.0	0.2632457465099837	0.9277289614908297	0.9994959710297607	0.8466154783668495	0.15338452163315053	0.15338452163315053	HG003	hg38_m_giabHC	-1	-2	ont	sentdhiomr
HIOa-HG003-SR7x-ONT3x-16-D0-PF-ILMN-NOVASEQ-ont-sentdhiomr-SNPtv	SNPtv	HIOa-HG003-SR7x-ONT3x-16-D0-PF-ILMN-NOVASEQ	688815815.0	688780768.0	2724.0	32323.0	283077.0	0.18446726609159161	0.9222758010671385	0.9995891861080014	0.8975174381737476	0.10248256182625237	0.10248256182625237	HG003	hg38_m_giabHC	-1	-2	ont	sentdhiomr
HIOa-HG003-SR7x-ONT3x-16-D0-PF-ILMN-NOVASEQ-ont-sentdhiomr-INS_50	INS_50	HIOa-HG003-SR7x-ONT3x-16-D0-PF-ILMN-NOVASEQ	688815815.0	688787930.0	3246.0	24639.0	151656.0	0.24134587129003818	0.8835933297471759	0.9997798703934542	0.8602399387390454	0.13976006126095464	0.13976006126095464	HG003	hg38_m_giabHC	-1	-2	ont	sentdhiomr
HIOa-HG003-SR7x-ONT3x-16-D0-PF-ILMN-NOVASEQ-ont-sentdhiomr-INS_gt50	INS_gt50	HIOa-HG003-SR7x-ONT3x-16-D0-PF-ILMN-NOVASEQ	688815815.0	688815585.0	141.0	89.0	2303.0	0.06788710907704043	0.3869565217391304	0.9999966565908928	0.9627926421404682	0.037207357859531776	0.037207357859531776	HG003	hg38_m_giabHC	-1	-2	ont	sentdhiomr
HIOa-HG003-SR7x-ONT3x-16-D0-PF-ILMN-NOVASEQ-ont-sentdhiomr-DEL_50	DEL_50	HIOa-HG003-SR7x-ONT3x-16-D0-PF-ILMN-NOVASEQ	688815815.0	688787447.0	2736.0	25632.0	156480.0	0.24355758266818703	0.9035532994923858	0.9997728697592541	0.8592514496573537	0.14074855034264633	0.14074855034264627	HG003	hg38_m_giabHC	-1	-2	ont	sentdhiomr
HIOa-HG003-SR7x-ONT3x-16-D0-PF-ILMN-NOVASEQ-ont-sentdhiomr-DEL_gt50	DEL_gt50	HIOa-HG003-SR7x-ONT3x-16-D0-PF-ILMN-NOVASEQ	688815815.0	688815678.0	53.0	84.0	2929.0	0.05333333333333333	0.6131386861313869	0.9999957477919873	0.9721208098240955	0.027879190175904456	0.027879190175904414	HG003	hg38_m_giabHC	-1	-2	ont	sentdhiomr
HIOa-HG003-SR7x-ONT3x-16-D0-PF-ILMN-NOVASEQ-ont-sentdhiomr-Indel_50	Indel_50	HIOa-HG003-SR7x-ONT3x-16-D0-PF-ILMN-NOVASEQ	688815815.0	688808073.0	746.0	6996.0	28208.0	0.3258044986727518	0.9036424696460863	0.9999590497760091	0.8012725826610613	0.19872741733893873	0.19872741733893876	HG003	hg38_m_giabHC	-1	-2	ont	sentdhiomr
HIOa-HG003-SR7x-ONT3x-16-D0-PF-ILMN-NOVASEQ-ont-sentdhiomr-Indel_gt50	Indel_gt50	HIOa-HG003-SR7x-ONT3x-16-D0-PF-ILMN-NOVASEQ	688815815.0	688814997.0	146.0	672.0	1170.0	0.5052631578947369	0.8215158924205379	0.9999983014335957	0.6351791530944625	0.3648208469055375	0.36482084690553745	HG003	hg38_m_giabHC	-1	-2	ont	sentdhiomr
HIOa-HG003-SR7x-ONT3x-16-D0-PF-ILMN-NOVASEQ-ont-sentdhiomr-All	All	HIOa-HG003-SR7x-ONT3x-16-D0-PF-ILMN-NOVASEQ	688815815.0	688647760.0	14694.0	153361.0	973147.0	0.2369309180009007	0.9125643390556663	0.9985888667380556	0.8638615970769848	0.13613840292301516	0.13613840292301518	HG003	hg38_m_giabHC	-1	-2	ont	sentdhiomr
HIOa-HG003-SR7x-ONT3x-16-D0-PF-ILMN-NOVASEQ-ont-sentdhiomr-SNPts	SNPts	HIOa-HG003-SR7x-ONT3x-16-D0-PF-ILMN-NOVASEQ	2528531102.0	2526276328.0	46931.0	2207843.0	8039.0	0.9877042653248204	0.9791859405865067	0.9999968178562536	0.0036279007636688234	0.9963720992363312	0.9963720992363312	HG003	giabHC	-1	-2	ont	sentdhiomr
HIOa-HG003-SR7x-ONT3x-16-D0-PF-ILMN-NOVASEQ-ont-sentdhiomr-SNPtv	SNPtv	HIOa-HG003-SR7x-ONT3x-16-D0-PF-ILMN-NOVASEQ	2528531102.0	2527459395.0	23114.0	1048593.0	4391.0	0.9870545881730566	0.9784325379977923	0.9999982626852957	0.004170053865965675	0.9958299461340343	0.9958299461340343	HG003	giabHC	-1	-2	ont	sentdhiomr
HIOa-HG003-SR7x-ONT3x-16-D0-PF-ILMN-NOVASEQ-ont-sentdhiomr-INS_50	INS_50	HIOa-HG003-SR7x-ONT3x-16-D0-PF-ILMN-NOVASEQ	2528531102.0	2528300217.0	10712.0	220173.0	4349.0	0.9669284837518966	0.9536046083548086	0.9999982798749572	0.01937003946161178	0.9806299605383882	0.9806299605383882	HG003	giabHC	-1	-2	ont	sentdhiomr
HIOa-HG003-SR7x-ONT3x-16-D0-PF-ILMN-NOVASEQ-ont-sentdhiomr-INS_gt50	INS_gt50	HIOa-HG003-SR7x-ONT3x-16-D0-PF-ILMN-NOVASEQ	2528531102.0	2528531101.0	1.0	0.0	12.0		0.0	0.9999999952541616	1.0	0.0	0.0	HG003	giabHC	-1	-2	ont	sentdhiomr
HIOa-HG003-SR7x-ONT3x-16-D0-PF-ILMN-NOVASEQ-ont-sentdhiomr-DEL_50	DEL_50	HIOa-HG003-SR7x-ONT3x-16-D0-PF-ILMN-NOVASEQ	2528531102.0	2528285761.0	10987.0	234354.0	2730.0	0.9715665647509975	0.9552174320639436	0.9999989202181595	0.01151490610922711	0.9884850938907729	0.9884850938907729	HG003	giabHC	-1	-2	ont	sentdhiomr
HIOa-HG003-SR7x-ONT3x-16-D0-PF-ILMN-NOVASEQ-ont-sentdhiomr-DEL_gt50	DEL_gt50	HIOa-HG003-SR7x-ONT3x-16-D0-PF-ILMN-NOVASEQ	2528531102.0	2528531102.0	0.0	0.0	24.0			0.9999999905083233	1.0	0.0	0.0	HG003	giabHC	-1	-2	ont	sentdhiomr
HIOa-HG003-SR7x-ONT3x-16-D0-PF-ILMN-NOVASEQ-ont-sentdhiomr-Indel_50	Indel_50	HIOa-HG003-SR7x-ONT3x-16-D0-PF-ILMN-NOVASEQ	2528531102.0	2528503266.0	775.0	27061.0	18.0	0.9855595010470728	0.9721583560856445	0.999999992881164	0.0006647217400937997	0.9993352782599062	0.9993352782599062	HG003	giabHC	-1	-2	ont	sentdhiomr
HIOa-HG003-SR7x-ONT3x-16-D0-PF-ILMN-NOVASEQ-ont-sentdhiomr-Indel_gt50	Indel_gt50	HIOa-HG003-SR7x-ONT3x-16-D0-PF-ILMN-NOVASEQ	2528531102.0	2528530728.0	22.0	352.0	0.0	0.9696969696969697	0.9411764705882353	1.0	0.0	1.0	1.0	HG003	giabHC	-1	-2	ont	sentdhiomr
HIOa-HG003-SR7x-ONT3x-16-D0-PF-ILMN-NOVASEQ-ont-sentdhiomr-All	All	HIOa-HG003-SR7x-ONT3x-16-D0-PF-ILMN-NOVASEQ	2528531102.0	2524700184.0	92542.0	3738376.0	19563.0	0.9852276831675705	0.9758433879294728	0.9999922514172025	0.005205779018765339	0.9947942209812347	0.9947942209812347	HG003	giabHC	-1	-2	ont	sentdhiomr
HIOa-HG003-SR7x-ONT3x-16-D0-PF-ILMN-NOVASEQ-ont-sentdhiomr-SNPts	SNPts	HIOa-HG003-SR7x-ONT3x-16-D0-PF-ILMN-NOVASEQ	3088286401.0	3085963824.0	51833.0	2270744.0	355363.0	0.9177163059916535	0.977682978863564	0.9998848586363015	0.13531931486416968	0.8646806851358303	0.8646806851358303	HG003	hg38	-1	-2	ont	sentdhiomr
HIOa-HG003-SR7x-ONT3x-16-D0-PF-ILMN-NOVASEQ-ont-sentdhiomr-SNPtv	SNPtv	HIOa-HG003-SR7x-ONT3x-16-D0-PF-ILMN-NOVASEQ	3088286401.0	3087179658.0	25838.0	1080905.0	287468.0	0.8734176499202461	0.976654019948624	0.9999068919641025	0.21008014627590577	0.7899198537240942	0.7899198537240942	HG003	hg38	-1	-2	ont	sentdhiomr
HIOa-HG003-SR7x-ONT3x-16-D0-PF-ILMN-NOVASEQ-ont-sentdhiomr-INS_50	INS_50	HIOa-HG003-SR7x-ONT3x-16-D0-PF-ILMN-NOVASEQ	3088286401.0	3088027551.0	13965.0	244885.0	156005.0	0.7423682056567739	0.9460498358122464	0.9999494832489161	0.38914664870662774	0.6108533512933723	0.6108533512933723	HG003	hg38	-1	-2	ont	sentdhiomr
HIOa-HG003-SR7x-ONT3x-16-D0-PF-ILMN-NOVASEQ-ont-sentdhiomr-INS_gt50	INS_gt50	HIOa-HG003-SR7x-ONT3x-16-D0-PF-ILMN-NOVASEQ	3088286401.0	3088286170.0	142.0	89.0	2315.0	0.06755218216318785	0.3852813852813853	0.9999992503938634	0.9629783693843594	0.037021630615640566	0.0370216306156406	HG003	hg38	-1	-2	ont	sentdhiomr
HIOa-HG003-SR7x-ONT3x-16-D0-PF-ILMN-NOVASEQ-ont-sentdhiomr-DEL_50	DEL_50	HIOa-HG003-SR7x-ONT3x-16-D0-PF-ILMN-NOVASEQ	3088286401.0	3088012883.0	13706.0	259812.0	159206.0	0.750320560952788	0.949889952398014	0.9999484465258374	0.3799502646664344	0.6200497353335657	0.6200497353335657	HG003	hg38	-1	-2	ont	sentdhiomr
HIOa-HG003-SR7x-ONT3x-16-D0-PF-ILMN-NOVASEQ-ont-sentdhiomr-DEL_gt50	DEL_gt50	HIOa-HG003-SR7x-ONT3x-16-D0-PF-ILMN-NOVASEQ	3088286401.0	3088286264.0	53.0	84.0	2952.0	0.05294673810274189	0.6131386861313869	0.9999990441309756	0.9723320158102767	0.02766798418972327	0.02766798418972332	HG003	hg38	-1	-2	ont	sentdhiomr
HIOa-HG003-SR7x-ONT3x-16-D0-PF-ILMN-NOVASEQ-ont-sentdhiomr-Indel_50	Indel_50	HIOa-HG003-SR7x-ONT3x-16-D0-PF-ILMN-NOVASEQ	3088286401.0	3088250824.0	1520.0	34057.0	28226.0	0.6960351522583282	0.9572757680523934	0.9999908602818777	0.4531894738532184	0.5468105261467816	0.5468105261467816	HG003	hg38	-1	-2	ont	sentdhiomr
HIOa-HG003-SR7x-ONT3x-16-D0-PF-ILMN-NOVASEQ-ont-sentdhiomr-Indel_gt50	Indel_gt50	HIOa-HG003-SR7x-ONT3x-16-D0-PF-ILMN-NOVASEQ	3088286401.0	3088285211.0	166.0	1024.0	1170.0	0.6052009456264776	0.8605042016806723	0.9999996211491242	0.5332725615314494	0.4667274384685506	0.4667274384685506	HG003	hg38	-1	-2	ont	sentdhiomr
HIOa-HG003-SR7x-ONT3x-16-D0-PF-ILMN-NOVASEQ-ont-sentdhiomr-All	All	HIOa-HG003-SR7x-ONT3x-16-D0-PF-ILMN-NOVASEQ	3088286401.0	3084287578.0	107223.0	3891600.0	992705.0	0.8761778508651458	0.9731863600864554	0.9996782447917391	0.20324385966887817	0.7967561403311219	0.7967561403311219	HG003	hg38	-1	-2	ont	sentdhiomr
HIOa-HG003-SR7x-ONT5x-17-D0-PF-ILMN-NOVASEQ-ont-sentdhiomr-SNPts	SNPts	HIOa-HG003-SR7x-ONT5x-17-D0-PF-ILMN-NOVASEQ	688815815.0	688747985.0	3789.0	64041.0	369311.0	0.25555985649923585	0.944139761167625	0.9994640810756839	0.8522194428547694	0.14778055714523064	0.14778055714523067	HG003	hg38_m_giabHC	-1	-2	ont	sentdhiomr
HIOa-HG003-SR7x-ONT5x-17-D0-PF-ILMN-NOVASEQ-ont-sentdhiomr-SNPtv	SNPtv	HIOa-HG003-SR7x-ONT5x-17-D0-PF-ILMN-NOVASEQ	688815815.0	688780782.0	2167.0	32866.0	307685.0	0.17501278009712876	0.938144035623555	0.9995534898424008	0.903491694342404	0.09650830565759605	0.09650830565759608	HG003	hg38_m_giabHC	-1	-2	ont	sentdhiomr
HIOa-HG003-SR7x-ONT5x-17-D0-PF-ILMN-NOVASEQ-ont-sentdhiomr-INS_50	INS_50	HIOa-HG003-SR7x-ONT5x-17-D0-PF-ILMN-NOVASEQ	688815815.0	688787937.0	3074.0	24804.0	153907.0	0.24012895168668225	0.8897338403041825	0.9997766037854423	0.861206081326835	0.13879391867316504	0.13879391867316507	HG003	hg38_m_giabHC	-1	-2	ont	sentdhiomr
HIOa-HG003-SR7x-ONT5x-17-D0-PF-ILMN-NOVASEQ-ont-sentdhiomr-INS_gt50	INS_gt50	HIOa-HG003-SR7x-ONT5x-17-D0-PF-ILMN-NOVASEQ	688815815.0	688815581.0	135.0	99.0	2497.0	0.06996466431095406	0.4230769230769231	0.9999963749499617	0.961864406779661	0.03813559322033899	0.038135593220338986	HG003	hg38_m_giabHC	-1	-2	ont	sentdhiomr
HIOa-HG003-SR7x-ONT5x-17-D0-PF-ILMN-NOVASEQ-ont-sentdhiomr-DEL_50	DEL_50	HIOa-HG003-SR7x-ONT5x-17-D0-PF-ILMN-NOVASEQ	688815815.0	688787445.0	2533.0	25837.0	159161.0	0.2421825203404447	0.910715544589355	0.9997689791943035	0.8603390306922237	0.13966096930777627	0.1396609693077763	HG003	hg38_m_giabHC	-1	-2	ont	sentdhiomr
HIOa-HG003-SR7x-ONT5x-17-D0-PF-ILMN-NOVASEQ-ont-sentdhiomr-DEL_gt50	DEL_gt50	HIOa-HG003-SR7x-ONT5x-17-D0-PF-ILMN-NOVASEQ	688815815.0	688815679.0	47.0	89.0	3175.0	0.052352941176470595	0.6544117647058824	0.9999953906604304	0.9727328431372549	0.027267156862745057	0.0272671568627451	HG003	hg38_m_giabHC	-1	-2	ont	sentdhiomr
HIOa-HG003-SR7x-ONT5x-17-D0-PF-ILMN-NOVASEQ-ont-sentdhiomr-Indel_50	Indel_50	HIOa-HG003-SR7x-ONT5x-17-D0-PF-ILMN-NOVASEQ	688815815.0	688808053.0	737.0	7025.0	28332.0	0.3258424360490735	0.9050502447822726	0.9999588697684719	0.8013123285346607	0.19868767146533928	0.19868767146533925	HG003	hg38_m_giabHC	-1	-2	ont	sentdhiomr
HIOa-HG003-SR7x-ONT5x-17-D0-PF-ILMN-NOVASEQ-ont-sentdhiomr-Indel_gt50	Indel_gt50	HIOa-HG003-SR7x-ONT5x-17-D0-PF-ILMN-NOVASEQ	688815815.0	688814994.0	143.0	678.0	1240.0	0.4950711938663746	0.8258221680876979	0.9999981998101398	0.6465067778936392	0.3534932221063608	0.3534932221063608	HG003	hg38_m_giabHC	-1	-2	ont	sentdhiomr
HIOa-HG003-SR7x-ONT5x-17-D0-PF-ILMN-NOVASEQ-ont-sentdhiomr-All	All	HIOa-HG003-SR7x-ONT5x-17-D0-PF-ILMN-NOVASEQ	688815815.0	688647751.0	12625.0	155439.0	1025308.0	0.2304829957644177	0.9248798076923077	0.998513341957294	0.8683553716418505	0.1316446283581495	0.13164462835814955	HG003	hg38_m_giabHC	-1	-2	ont	sentdhiomr
HIOa-HG003-SR7x-ONT5x-17-D0-PF-ILMN-NOVASEQ-ont-sentdhiomr-SNPts	SNPts	HIOa-HG003-SR7x-ONT5x-17-D0-PF-ILMN-NOVASEQ	3088286401.0	3085963829.0	31522.0	2291050.0	375913.0	0.9183420899943582	0.9864279772596931	0.9998782010305333	0.14095171174103277	0.8590482882589672	0.8590482882589672	HG003	hg38	-1	-2	ont	sentdhiomr
HIOa-HG003-SR7x-ONT5x-17-D0-PF-ILMN-NOVASEQ-ont-sentdhiomr-SNPtv	SNPtv	HIOa-HG003-SR7x-ONT5x-17-D0-PF-ILMN-NOVASEQ	3088286401.0	3087179689.0	16086.0	1090626.0	311225.0	0.869522511493632	0.985465053238783	0.9998991980839235	0.2220100424367497	0.7779899575632503	0.7779899575632503	HG003	hg38	-1	-2	ont	sentdhiomr
HIOa-HG003-SR7x-ONT5x-17-D0-PF-ILMN-NOVASEQ-ont-sentdhiomr-INS_50	INS_50	HIOa-HG003-SR7x-ONT5x-17-D0-PF-ILMN-NOVASEQ	3088286401.0	3088027594.0	12823.0	245984.0	158230.0	0.742009679934723	0.9504534266847496	0.9999487627982843	0.3914510630507602	0.6085489369492398	0.6085489369492397	HG003	hg38	-1	-2	ont	sentdhiomr
HIOa-HG003-SR7x-ONT5x-17-D0-PF-ILMN-NOVASEQ-ont-sentdhiomr-INS_gt50	INS_gt50	HIOa-HG003-SR7x-ONT5x-17-D0-PF-ILMN-NOVASEQ	3088286401.0	3088286166.0	136.0	99.0	2506.0	0.06971830985915493	0.42127659574468085	0.9999991885473587	0.9619961612284069	0.03800383877159308	0.03800383877159309	HG003	hg38	-1	-2	ont	sentdhiomr
HIOa-HG003-SR7x-ONT5x-17-D0-PF-ILMN-NOVASEQ-ont-sentdhiomr-DEL_50	DEL_50	HIOa-HG003-SR7x-ONT5x-17-D0-PF-ILMN-NOVASEQ	3088286401.0	3088012907.0	12381.0	261113.0	161864.0	0.7498172931823437	0.9547302683057032	0.9999475858680279	0.3826780179536949	0.6173219820463052	0.6173219820463052	HG003	hg38	-1	-2	ont	sentdhiomr
HIOa-HG003-SR7x-ONT5x-17-D0-PF-ILMN-NOVASEQ-ont-sentdhiomr-DEL_gt50	DEL_gt50	HIOa-HG003-SR7x-ONT5x-17-D0-PF-ILMN-NOVASEQ	3088286401.0	3088286265.0	47.0	89.0	3190.0	0.05212298682284041	0.6544117647058824	0.9999989670657344	0.9728575785300396	0.027142421469960376	0.027142421469960355	HG003	hg38	-1	-2	ont	sentdhiomr
HIOa-HG003-SR7x-ONT5x-17-D0-PF-ILMN-NOVASEQ-ont-sentdhiomr-Indel_50	Indel_50	HIOa-HG003-SR7x-ONT5x-17-D0-PF-ILMN-NOVASEQ	3088286401.0	3088250741.0	1506.0	34154.0	28350.0	0.6958559145919074	0.9577678070667415	0.9999908201301875	0.4535709714578267	0.5464290285421733	0.5464290285421733	HG003	hg38	-1	-2	ont	sentdhiomr
HIOa-HG003-SR7x-ONT5x-17-D0-PF-ILMN-NOVASEQ-ont-sentdhiomr-Indel_gt50	Indel_gt50	HIOa-HG003-SR7x-ONT5x-17-D0-PF-ILMN-NOVASEQ	3088286401.0	3088285203.0	162.0	1036.0	1240.0	0.5964306275187105	0.8647746243739566	0.9999995984828406	0.5448154657293497	0.4551845342706503	0.45518453427065025	HG003	hg38	-1	-2	ont	sentdhiomr
HIOa-HG003-SR7x-ONT5x-17-D0-PF-ILMN-NOVASEQ-ont-sentdhiomr-All	All	HIOa-HG003-SR7x-ONT5x-17-D0-PF-ILMN-NOVASEQ	3088286401.0	3084287587.0	74663.0	3924151.0	1042518.0	0.8753908740889922	0.9813287139636903	0.9996621048754847	0.20990285440805498	0.790097145591945	0.790097145591945	HG003	hg38	-1	-2	ont	sentdhiomr
HIOa-HG003-SR7x-ONT5x-17-D0-PF-ILMN-NOVASEQ-ont-sentdhiomr-SNPts	SNPts	HIOa-HG003-SR7x-ONT5x-17-D0-PF-ILMN-NOVASEQ	2528531102.0	2526276331.0	27733.0	2227038.0	6602.0	0.9923502994712382	0.9877003030462961	0.9999973866743452	0.0029557135438118944	0.9970442864561881	0.9970442864561881	HG003	giabHC	-1	-2	ont	sentdhiomr
HIOa-HG003-SR7x-ONT5x-17-D0-PF-ILMN-NOVASEQ-ont-sentdhiomr-SNPtv	SNPtv	HIOa-HG003-SR7x-ONT5x-17-D0-PF-ILMN-NOVASEQ	2528531102.0	2527459412.0	13919.0	1057771.0	3540.0	0.9918148186522181	0.9870121023803525	0.999998599385998	0.0033354973235931785	0.9966645026764068	0.9966645026764068	HG003	giabHC	-1	-2	ont	sentdhiomr
HIOa-HG003-SR7x-ONT5x-17-D0-PF-ILMN-NOVASEQ-ont-sentdhiomr-INS_50	INS_50	HIOa-HG003-SR7x-ONT5x-17-D0-PF-ILMN-NOVASEQ	2528531102.0	2528300252.0	9740.0	221110.0	4323.0	0.9691792155307123	0.957808100498159	0.9999982901585344	0.019176429360386455	0.9808235706396136	0.9808235706396136	HG003	giabHC	-1	-2	ont	sentdhiomr
HIOa-HG003-SR7x-ONT5x-17-D0-PF-ILMN-NOVASEQ-ont-sentdhiomr-INS_gt50	INS_gt50	HIOa-HG003-SR7x-ONT5x-17-D0-PF-ILMN-NOVASEQ	2528531102.0	2528531101.0	1.0	0.0	9.0		0.0	0.9999999964406212	1.0	0.0	0.0	HG003	giabHC	-1	-2	ont	sentdhiomr
HIOa-HG003-SR7x-ONT5x-17-D0-PF-ILMN-NOVASEQ-ont-sentdhiomr-DEL_50	DEL_50	HIOa-HG003-SR7x-ONT5x-17-D0-PF-ILMN-NOVASEQ	2528531102.0	2528285786.0	9860.0	235456.0	2705.0	0.9740111732305777	0.959806942881834	0.9999989301062716	0.011357862958250932	0.9886421370417491	0.9886421370417491	HG003	giabHC	-1	-2	ont	sentdhiomr
HIOa-HG003-SR7x-ONT5x-17-D0-PF-ILMN-NOVASEQ-ont-sentdhiomr-DEL_gt50	DEL_gt50	HIOa-HG003-SR7x-ONT5x-17-D0-PF-ILMN-NOVASEQ	2528531102.0	2528531102.0	0.0	0.0	15.0			0.999999994067702	1.0	0.0	0.0	HG003	giabHC	-1	-2	ont	sentdhiomr
HIOa-HG003-SR7x-ONT5x-17-D0-PF-ILMN-NOVASEQ-ont-sentdhiomr-Indel_50	Indel_50	HIOa-HG003-SR7x-ONT5x-17-D0-PF-ILMN-NOVASEQ	2528531102.0	2528503203.0	770.0	27129.0	18.0	0.9856847000690332	0.9724004444603749	0.9999999928811639	0.0006630566913471102	0.9993369433086529	0.9993369433086529	HG003	giabHC	-1	-2	ont	sentdhiomr
HIOa-HG003-SR7x-ONT5x-17-D0-PF-ILMN-NOVASEQ-ont-sentdhiomr-Indel_gt50	Indel_gt50	HIOa-HG003-SR7x-ONT5x-17-D0-PF-ILMN-NOVASEQ	2528531102.0	2528530723.0	21.0	358.0	0.0	0.9715061058344641	0.9445910290237467	1.0	0.0	1.0	1.0	HG003	giabHC	-1	-2	ont	sentdhiomr
HIOa-HG003-SR7x-ONT5x-17-D0-PF-ILMN-NOVASEQ-ont-sentdhiomr-All	All	HIOa-HG003-SR7x-ONT5x-17-D0-PF-ILMN-NOVASEQ	2528531102.0	2524700196.0	62044.0	3768862.0	17212.0	0.989594826295986	0.9838043533305176	0.9999931826033498	0.004546134069223159	0.9954538659307769	0.9954538659307769	HG003	giabHC	-1	-2	ont	sentdhiomr
HIOa-HG003-SR7x-ONT5x-17-D0-PF-ILMN-NOVASEQ-ont-sentdhiomr-SNPts	SNPts	HIOa-HG003-SR7x-ONT5x-17-D0-PF-ILMN-NOVASEQ	377862616.0	377589382.0	4283.0	268951.0	38414.0	0.9264604313820726	0.9843247912046085	0.999898275496648	0.12497844582174288	0.8750215541782571	0.8750215541782571	HG003	clinvar_genes	-1	-2	ont	sentdhiomr
HIOa-HG003-SR7x-ONT5x-17-D0-PF-ILMN-NOVASEQ-ont-sentdhiomr-SNPtv	SNPtv	HIOa-HG003-SR7x-ONT5x-17-D0-PF-ILMN-NOVASEQ	377862616.0	377738270.0	2118.0	122228.0	23029.0	0.9067258153655561	0.9829668827304457	0.9999390382231823	0.15853969171881563	0.8414603082811843	0.8414603082811843	HG003	clinvar_genes	-1	-2	ont	sentdhiomr
HIOa-HG003-SR7x-ONT5x-17-D0-PF-ILMN-NOVASEQ-ont-sentdhiomr-INS_50	INS_50	HIOa-HG003-SR7x-ONT5x-17-D0-PF-ILMN-NOVASEQ	377862616.0	377833195.0	1353.0	28068.0	17335.0	0.7502405645247514	0.9540124400938106	0.9999541220704388	0.3818029645618131	0.6181970354381869	0.6181970354381869	HG003	clinvar_genes	-1	-2	ont	sentdhiomr
HIOa-HG003-SR7x-ONT5x-17-D0-PF-ILMN-NOVASEQ-ont-sentdhiomr-INS_gt50	INS_gt50	HIOa-HG003-SR7x-ONT5x-17-D0-PF-ILMN-NOVASEQ	377862616.0	377862588.0	13.0	15.0	340.0	0.07832898172323759	0.5357142857142857	0.9999991002028121	0.9577464788732394	0.04225352112676062	0.04225352112676056	HG003	clinvar_genes	-1	-2	ont	sentdhiomr
HIOa-HG003-SR7x-ONT5x-17-D0-PF-ILMN-NOVASEQ-ont-sentdhiomr-DEL_50	DEL_50	HIOa-HG003-SR7x-ONT5x-17-D0-PF-ILMN-NOVASEQ	377862616.0	377831517.0	1419.0	29680.0	17022.0	0.762972198300793	0.9543715232001029	0.9999549502029437	0.3644811785362511	0.6355188214637488	0.6355188214637488	HG003	clinvar_genes	-1	-2	ont	sentdhiomr
HIOa-HG003-SR7x-ONT5x-17-D0-PF-ILMN-NOVASEQ-ont-sentdhiomr-DEL_gt50	DEL_gt50	HIOa-HG003-SR7x-ONT5x-17-D0-PF-ILMN-NOVASEQ	377862616.0	377862599.0	5.0	12.0	456.0	0.049484536082474224	0.7058823529411765	0.999998793213589	0.9743589743589743	0.02564102564102566	0.02564102564102564	HG003	clinvar_genes	-1	-2	ont	sentdhiomr
HIOa-HG003-SR7x-ONT5x-17-D0-PF-ILMN-NOVASEQ-ont-sentdhiomr-Indel_50	Indel_50	HIOa-HG003-SR7x-ONT5x-17-D0-PF-ILMN-NOVASEQ	377862616.0	377859055.0	174.0	3387.0	3021.0	0.6795064700571773	0.9511373209772536	0.999992005019313	0.4714419475655431	0.5285580524344569	0.528558052434457	HG003	clinvar_genes	-1	-2	ont	sentdhiomr
HIOa-HG003-SR7x-ONT5x-17-D0-PF-ILMN-NOVASEQ-ont-sentdhiomr-Indel_gt50	Indel_gt50	HIOa-HG003-SR7x-ONT5x-17-D0-PF-ILMN-NOVASEQ	377862616.0	377862489.0	22.0	105.0	159.0	0.537084398976982	0.8267716535433071	0.9999995792121797	0.6022727272727273	0.3977272727272727	0.3977272727272727	HG003	clinvar_genes	-1	-2	ont	sentdhiomr
HIOa-HG003-SR7x-ONT5x-17-D0-PF-ILMN-NOVASEQ-ont-sentdhiomr-All	All	HIOa-HG003-SR7x-ONT5x-17-D0-PF-ILMN-NOVASEQ	377862616.0	377400783.0	9387.0	452446.0	99776.0	0.892350020462401	0.9796744710750422	0.999735693106616	0.18068095802050624	0.8193190419794938	0.8193190419794938	HG003	clinvar_genes	-1	-2	ont	sentdhiomr
HIOa-HG003-SR7x-ONT7x-18-D0-PF-ILMN-NOVASEQ-ont-sentdhiomr-SNPts	SNPts	HIOa-HG003-SR7x-ONT7x-18-D0-PF-ILMN-NOVASEQ	377862616.0	377589395.0	2222.0	270999.0	39608.0	0.9283521859177702	0.9918673894027179	0.9998951139883713	0.12751805336003375	0.8724819466399663	0.8724819466399663	HG003	clinvar_genes	-1	-2	ont	sentdhiomr
HIOa-HG003-SR7x-ONT7x-18-D0-PF-ILMN-NOVASEQ-ont-sentdhiomr-SNPtv	SNPtv	HIOa-HG003-SR7x-ONT7x-18-D0-PF-ILMN-NOVASEQ	377862616.0	377738287.0	1166.0	123163.0	23819.0	0.9079101105373539	0.9906216570550717	0.999936947090188	0.16205385693486277	0.8379461430651373	0.8379461430651373	HG003	clinvar_genes	-1	-2	ont	sentdhiomr
HIOa-HG003-SR7x-ONT7x-18-D0-PF-ILMN-NOVASEQ-ont-sentdhiomr-INS_50	INS_50	HIOa-HG003-SR7x-ONT7x-18-D0-PF-ILMN-NOVASEQ	377862616.0	377833210.0	1235.0	28171.0	17498.0	0.7504761904761904	0.9580017683465959	0.9999536907047426	0.38314830629091945	0.6168516937090806	0.6168516937090806	HG003	clinvar_genes	-1	-2	ont	sentdhiomr
HIOa-HG003-SR7x-ONT7x-18-D0-PF-ILMN-NOVASEQ-ont-sentdhiomr-INS_gt50	INS_gt50	HIOa-HG003-SR7x-ONT7x-18-D0-PF-ILMN-NOVASEQ	377862616.0	377862587.0	13.0	16.0	365.0	0.07804878048780488	0.5517241379310345	0.9999990340413156	0.958005249343832	0.04199475065616798	0.04199475065616798	HG003	clinvar_genes	-1	-2	ont	sentdhiomr
HIOa-HG003-SR7x-ONT7x-18-D0-PF-ILMN-NOVASEQ-ont-sentdhiomr-DEL_50	DEL_50	HIOa-HG003-SR7x-ONT7x-18-D0-PF-ILMN-NOVASEQ	377862616.0	377831517.0	1231.0	29868.0	17204.0	0.7641708561998695	0.9604167336570307	0.999954468550391	0.3654826648538409	0.634517335146159	0.634517335146159	HG003	clinvar_genes	-1	-2	ont	sentdhiomr
HIOa-HG003-SR7x-ONT7x-18-D0-PF-ILMN-NOVASEQ-ont-sentdhiomr-DEL_gt50	DEL_gt50	HIOa-HG003-SR7x-ONT7x-18-D0-PF-ILMN-NOVASEQ	377862616.0	377862598.0	6.0	12.0	493.0	0.045889101338432124	0.6666666666666666	0.9999986952946405	0.9762376237623762	0.023762376237623783	0.023762376237623763	HG003	clinvar_genes	-1	-2	ont	sentdhiomr
HIOa-HG003-SR7x-ONT7x-18-D0-PF-ILMN-NOVASEQ-ont-sentdhiomr-Indel_50	Indel_50	HIOa-HG003-SR7x-ONT7x-18-D0-PF-ILMN-NOVASEQ	377862616.0	377859050.0	169.0	3397.0	3041.0	0.6791283486605357	0.9526079641054402	0.9999919520902667	0.4723516620068344	0.5276483379931656	0.5276483379931656	HG003	clinvar_genes	-1	-2	ont	sentdhiomr
HIOa-HG003-SR7x-ONT7x-18-D0-PF-ILMN-NOVASEQ-ont-sentdhiomr-Indel_gt50	Indel_gt50	HIOa-HG003-SR7x-ONT7x-18-D0-PF-ILMN-NOVASEQ	377862616.0	377862490.0	21.0	105.0	169.0	0.5249999999999999	0.8333333333333334	0.99999955274755	0.6167883211678832	0.3832116788321168	0.38321167883211676	HG003	clinvar_genes	-1	-2	ont	sentdhiomr
HIOa-HG003-SR7x-ONT7x-18-D0-PF-ILMN-NOVASEQ-ont-sentdhiomr-All	All	HIOa-HG003-SR7x-ONT7x-18-D0-PF-ILMN-NOVASEQ	377862616.0	377400822.0	6063.0	455731.0	102197.0	0.8938338096069322	0.9868707692174433	0.9997292816352285	0.1831723806656056	0.8168276193343944	0.8168276193343944	HG003	clinvar_genes	-1	-2	ont	sentdhiomr
HIOa-HG003-SR7x-ONT7x-18-D0-PF-ILMN-NOVASEQ-ont-sentdhiomr-SNPts	SNPts	HIOa-HG003-SR7x-ONT7x-18-D0-PF-ILMN-NOVASEQ	2528531102.0	2526276330.0	12606.0	2242166.0	5063.0	0.9960753007384938	0.9944091908184065	0.9999979958685465	0.002252996913087184	0.9977470030869128	0.9977470030869128	HG003	giabHC	-1	-2	ont	sentdhiomr
HIOa-HG003-SR7x-ONT7x-18-D0-PF-ILMN-NOVASEQ-ont-sentdhiomr-SNPtv	SNPtv	HIOa-HG003-SR7x-ONT7x-18-D0-PF-ILMN-NOVASEQ	2528531102.0	2527459434.0	6842.0	1064826.0	2795.0	0.9954952322944678	0.9936155600428491	0.999998894147668	0.002617970234755592	0.9973820297652444	0.9973820297652444	HG003	giabHC	-1	-2	ont	sentdhiomr
HIOa-HG003-SR7x-ONT7x-18-D0-PF-ILMN-NOVASEQ-ont-sentdhiomr-INS_50	INS_50	HIOa-HG003-SR7x-ONT7x-18-D0-PF-ILMN-NOVASEQ	2528531102.0	2528300280.0	8968.0	221854.0	4207.0	0.971163295635863	0.9611475509266881	0.9999983360390248	0.018610021188971117	0.9813899788110289	0.9813899788110289	HG003	giabHC	-1	-2	ont	sentdhiomr
HIOa-HG003-SR7x-ONT7x-18-D0-PF-ILMN-NOVASEQ-ont-sentdhiomr-INS_gt50	INS_gt50	HIOa-HG003-SR7x-ONT7x-18-D0-PF-ILMN-NOVASEQ	2528531102.0	2528531101.0	1.0	0.0	6.0		0.0	0.9999999976270808	1.0	0.0	0.0	HG003	giabHC	-1	-2	ont	sentdhiomr
HIOa-HG003-SR7x-ONT7x-18-D0-PF-ILMN-NOVASEQ-ont-sentdhiomr-DEL_50	DEL_50	HIOa-HG003-SR7x-ONT7x-18-D0-PF-ILMN-NOVASEQ	2528531102.0	2528285803.0	8818.0	236481.0	2619.0	0.9763892989044155	0.9640520344559089	0.9999989641213489	0.01095357590966123	0.9890464240903387	0.9890464240903387	HG003	giabHC	-1	-2	ont	sentdhiomr
HIOa-HG003-SR7x-ONT7x-18-D0-PF-ILMN-NOVASEQ-ont-sentdhiomr-DEL_gt50	DEL_gt50	HIOa-HG003-SR7x-ONT7x-18-D0-PF-ILMN-NOVASEQ	2528531102.0	2528531102.0	0.0	0.0	9.0			0.9999999964406212	1.0	0.0	0.0	HG003	giabHC	-1	-2	ont	sentdhiomr
HIOa-HG003-SR7x-ONT7x-18-D0-PF-ILMN-NOVASEQ-ont-sentdhiomr-Indel_50	Indel_50	HIOa-HG003-SR7x-ONT7x-18-D0-PF-ILMN-NOVASEQ	2528531102.0	2528503165.0	744.0	27193.0	18.0	0.9861826358163487	0.9733686508930809	0.9999999928811638	0.0006614971886369483	0.999338502811363	0.999338502811363	HG003	giabHC	-1	-2	ont	sentdhiomr
HIOa-HG003-SR7x-ONT7x-18-D0-PF-ILMN-NOVASEQ-ont-sentdhiomr-Indel_gt50	Indel_gt50	HIOa-HG003-SR7x-ONT7x-18-D0-PF-ILMN-NOVASEQ	2528531102.0	2528530721.0	20.0	361.0	0.0	0.9730458221024259	0.94750656167979	1.0	0.0	1.0	1.0	HG003	giabHC	-1	-2	ont	sentdhiomr
HIOa-HG003-SR7x-ONT7x-18-D0-PF-ILMN-NOVASEQ-ont-sentdhiomr-All	All	HIOa-HG003-SR7x-ONT7x-18-D0-PF-ILMN-NOVASEQ	2528531102.0	2524700222.0	37999.0	3792881.0	14717.0	0.9930986251449568	0.9900808691475588	0.9999941708270614	0.0038651664382637033	0.9961348335617363	0.9961348335617363	HG003	giabHC	-1	-2	ont	sentdhiomr
HIOa-HG003-SR7x-ONT7x-18-D0-PF-ILMN-NOVASEQ-ont-sentdhiomr-SNPts	SNPts	HIOa-HG003-SR7x-ONT7x-18-D0-PF-ILMN-NOVASEQ	688815815.0	688748002.0	2739.0	65074.0	393379.0	0.24730459501468838	0.9596095143998938	0.9994291751869128	0.858057423552687	0.141942576447313	0.14194257644731303	HG003	hg38_m_giabHC	-1	-2	ont	sentdhiomr
HIOa-HG003-SR7x-ONT7x-18-D0-PF-ILMN-NOVASEQ-ont-sentdhiomr-SNPtv	SNPtv	HIOa-HG003-SR7x-ONT7x-18-D0-PF-ILMN-NOVASEQ	688815815.0	688780796.0	1675.0	33344.0	336256.0	0.16481677825312208	0.9521688226391387	0.9995120480634979	0.9097835497835498	0.0902164502164502	0.09021645021645022	HG003	hg38_m_giabHC	-1	-2	ont	sentdhiomr
HIOa-HG003-SR7x-ONT7x-18-D0-PF-ILMN-NOVASEQ-ont-sentdhiomr-INS_50	INS_50	HIOa-HG003-SR7x-ONT7x-18-D0-PF-ILMN-NOVASEQ	688815815.0	688787938.0	2922.0	24955.0	156154.0	0.23881982525145226	0.8951824084370628	0.9997733430015392	0.8622100503011998	0.1377899496988002	0.13778994969880018	HG003	hg38_m_giabHC	-1	-2	ont	sentdhiomr
HIOa-HG003-SR7x-ONT7x-18-D0-PF-ILMN-NOVASEQ-ont-sentdhiomr-INS_gt50	INS_gt50	HIOa-HG003-SR7x-ONT7x-18-D0-PF-ILMN-NOVASEQ	688815815.0	688815583.0	133.0	99.0	2640.0	0.06664422753281724	0.4267241379310345	0.9999961673487839	0.963855421686747	0.03614457831325302	0.03614457831325301	HG003	hg38_m_giabHC	-1	-2	ont	sentdhiomr
HIOa-HG003-SR7x-ONT7x-18-D0-PF-ILMN-NOVASEQ-ont-sentdhiomr-DEL_50	DEL_50	HIOa-HG003-SR7x-ONT7x-18-D0-PF-ILMN-NOVASEQ	688815815.0	688787462.0	2380.0	25973.0	161868.0	0.2402749382499052	0.9160582654392834	0.9997650509363294	0.8617288025510937	0.13827119744890626	0.13827119744890626	HG003	hg38_m_giabHC	-1	-2	ont	sentdhiomr
HIOa-HG003-SR7x-ONT7x-18-D0-PF-ILMN-NOVASEQ-ont-sentdhiomr-DEL_gt50	DEL_gt50	HIOa-HG003-SR7x-ONT7x-18-D0-PF-ILMN-NOVASEQ	688815815.0	688815678.0	46.0	91.0	3444.0	0.049564270152505446	0.6642335766423357	0.9999950001388027	0.9742574257425742	0.025742574257425765	0.02574257425742574	HG003	hg38_m_giabHC	-1	-2	ont	sentdhiomr
HIOa-HG003-SR7x-ONT7x-18-D0-PF-ILMN-NOVASEQ-ont-sentdhiomr-Indel_50	Indel_50	HIOa-HG003-SR7x-ONT7x-18-D0-PF-ILMN-NOVASEQ	688815815.0	688808042.0	720.0	7053.0	28402.0	0.3263162764874618	0.9073716711694326	0.9999587681513552	0.8010717811310112	0.19892821886898882	0.19892821886898887	HG003	hg38_m_giabHC	-1	-2	ont	sentdhiomr
HIOa-HG003-SR7x-ONT7x-18-D0-PF-ILMN-NOVASEQ-ont-sentdhiomr-Indel_gt50	Indel_gt50	HIOa-HG003-SR7x-ONT7x-18-D0-PF-ILMN-NOVASEQ	688815815.0	688814986.0	141.0	688.0	1301.0	0.4882895670688432	0.8299155609167672	0.9999981112525581	0.6540975364504776	0.34590246354952237	0.34590246354952237	HG003	hg38_m_giabHC	-1	-2	ont	sentdhiomr
HIOa-HG003-SR7x-ONT7x-18-D0-PF-ILMN-NOVASEQ-ont-sentdhiomr-All	All	HIOa-HG003-SR7x-ONT7x-18-D0-PF-ILMN-NOVASEQ	688815815.0	688647782.0	10756.0	157277.0	1083444.0	0.22328525775259556	0.9359887641118114	0.9984291794264799	0.8732374159863499	0.12676258401365015	0.12676258401365012	HG003	hg38_m_giabHC	-1	-2	ont	sentdhiomr
HIOa-HG003-SR7x-ONT7x-18-D0-PF-ILMN-NOVASEQ-ont-sentdhiomr-SNPts	SNPts	HIOa-HG003-SR7x-ONT7x-18-D0-PF-ILMN-NOVASEQ	3088286401.0	3085963846.0	15345.0	2307210.0	398442.0	0.917706848584396	0.993393052048283	0.9998709023883718	0.14726284089749903	0.852737159102501	0.852737159102501	HG003	hg38	-1	-2	ont	sentdhiomr
HIOa-HG003-SR7x-ONT7x-18-D0-PF-ILMN-NOVASEQ-ont-sentdhiomr-SNPtv	SNPtv	HIOa-HG003-SR7x-ONT7x-18-D0-PF-ILMN-NOVASEQ	3088286401.0	3087179727.0	8517.0	1098157.0	339051.0	0.8633710211401314	0.9923039666604618	0.9998901865788101	0.23590948561377337	0.7640905143862267	0.7640905143862267	HG003	hg38	-1	-2	ont	sentdhiomr
HIOa-HG003-SR7x-ONT7x-18-D0-PF-ILMN-NOVASEQ-ont-sentdhiomr-INS_50	INS_50	HIOa-HG003-SR7x-ONT7x-18-D0-PF-ILMN-NOVASEQ	3088286401.0	3088027623.0	11894.0	246884.0	160361.0	0.7413677906018262	0.9540378239262998	0.9999480727854552	0.3937703348107405	0.6062296651892596	0.6062296651892596	HG003	hg38	-1	-2	ont	sentdhiomr
HIOa-HG003-SR7x-ONT7x-18-D0-PF-ILMN-NOVASEQ-ont-sentdhiomr-INS_gt50	INS_gt50	HIOa-HG003-SR7x-ONT7x-18-D0-PF-ILMN-NOVASEQ	3088286401.0	3088286168.0	134.0	99.0	2646.0	0.06648757555406314	0.4248927038626609	0.9999991432148483	0.9639344262295082	0.0360655737704918	0.036065573770491806	HG003	hg38	-1	-2	ont	sentdhiomr
HIOa-HG003-SR7x-ONT7x-18-D0-PF-ILMN-NOVASEQ-ont-sentdhiomr-DEL_50	DEL_50	HIOa-HG003-SR7x-ONT7x-18-D0-PF-ILMN-NOVASEQ	3088286401.0	3088012942.0	11187.0	262272.0	164485.0	0.7491174151975961	0.9590907594922822	0.9999467371924418	0.385430115967635	0.614569884032365	0.614569884032365	HG003	hg38	-1	-2	ont	sentdhiomr
HIOa-HG003-SR7x-ONT7x-18-D0-PF-ILMN-NOVASEQ-ont-sentdhiomr-DEL_gt50	DEL_gt50	HIOa-HG003-SR7x-ONT7x-18-D0-PF-ILMN-NOVASEQ	3088286401.0	3088286264.0	46.0	91.0	3453.0	0.04944308611790274	0.6642335766423357	0.9999988819054181	0.9743227990970654	0.02567720090293457	0.025677200902934537	HG003	hg38	-1	-2	ont	sentdhiomr
HIOa-HG003-SR7x-ONT7x-18-D0-PF-ILMN-NOVASEQ-ont-sentdhiomr-Indel_50	Indel_50	HIOa-HG003-SR7x-ONT7x-18-D0-PF-ILMN-NOVASEQ	3088286401.0	3088250692.0	1463.0	34246.0	28420.0	0.6962337992376112	0.9590299364305918	0.9999907974639048	0.4535154629304567	0.5464845370695433	0.5464845370695433	HG003	hg38	-1	-2	ont	sentdhiomr
HIOa-HG003-SR7x-ONT7x-18-D0-PF-ILMN-NOVASEQ-ont-sentdhiomr-Indel_gt50	Indel_gt50	HIOa-HG003-SR7x-ONT7x-18-D0-PF-ILMN-NOVASEQ	3088286401.0	3088285192.0	160.0	1049.0	1301.0	0.589491430177016	0.8676592224979321	0.9999995787307936	0.5536170212765957	0.44638297872340427	0.44638297872340427	HG003	hg38	-1	-2	ont	sentdhiomr
HIOa-HG003-SR7x-ONT7x-18-D0-PF-ILMN-NOVASEQ-ont-sentdhiomr-All	All	HIOa-HG003-SR7x-ONT7x-18-D0-PF-ILMN-NOVASEQ	3088286401.0	3084287647.0	48746.0	3950008.0	1098159.0	0.8732270349216048	0.987809702722398	0.999644077250286	0.21753618689714505	0.782463813102855	0.782463813102855	HG003	hg38	-1	-2	ont	sentdhiomr
