mqc_id	VariantClass	Sample	TgtRegionSize	TN	FN	TP	FP	Fscore	Sensitivity-Recall	Specificity	FDR	PPV	Precision	AltId	ROI	AllVarMeanDP	CovBin	Aligner	SNVCaller
HUOv1_HG001_Z0025-sup-PAW79146_0-ont-sentdhuo-SNPts	SNPts	HUOv1_HG001_Z0025-sup-PAW79146_0	330063947.0	329811376.0	157.0	252414.0	92.0	0.9995070058624724	0.9993783926103947	0.9999997210527561	0.00036434777787458517	0.9996356522221255	0.9996356522221255	HG001	giabHC_x_ultima_x_clinvar	-1	-2	ont	sentdhuo
HUOv1_HG001_Z0025-sup-PAW79146_0-ont-sentdhuo-SNPtv	SNPtv	HUOv1_HG001_Z0025-sup-PAW79146_0	330063947.0	329951553.0	131.0	112263.0	60.0	0.9991500420528932	0.9988344573553748	0.9999998181551548	0.0005341737667263161	0.9994658262332737	0.9994658262332737	HG001	giabHC_x_ultima_x_clinvar	-1	-2	ont	sentdhuo
HUOv1_HG001_Z0025-sup-PAW79146_0-ont-sentdhuo-INS_50	INS_50	HUOv1_HG001_Z0025-sup-PAW79146_0	330063947.0	330047188.0	239.0	16520.0	17.0	0.992311388755406	0.9857390059072737	0.9999999484922164	0.0010279978230634335	0.9989720021769366	0.9989720021769366	HG001	giabHC_x_ultima_x_clinvar	-1	-2	ont	sentdhuo
HUOv1_HG001_Z0025-sup-PAW79146_0-ont-sentdhuo-INS_gt50	INS_gt50	HUOv1_HG001_Z0025-sup-PAW79146_0	330063947.0	330063947.0	0.0	0.0	0.0			1.0				HG001	giabHC_x_ultima_x_clinvar	-1	-2	ont	sentdhuo
HUOv1_HG001_Z0025-sup-PAW79146_0-ont-sentdhuo-DEL_50	DEL_50	HUOv1_HG001_Z0025-sup-PAW79146_0	330063947.0	330045862.0	465.0	17620.0	9.0	0.9867278938231506	0.9742880840475532	0.9999999727310632	0.000510522434624766	0.9994894775653752	0.9994894775653752	HG001	giabHC_x_ultima_x_clinvar	-1	-2	ont	sentdhuo
HUOv1_HG001_Z0025-sup-PAW79146_0-ont-sentdhuo-DEL_gt50	DEL_gt50	HUOv1_HG001_Z0025-sup-PAW79146_0	330063947.0	330063947.0	0.0	0.0	0.0			1.0				HG001	giabHC_x_ultima_x_clinvar	-1	-2	ont	sentdhuo
HUOv1_HG001_Z0025-sup-PAW79146_0-ont-sentdhuo-Indel_50	Indel_50	HUOv1_HG001_Z0025-sup-PAW79146_0	330063947.0	330062844.0	6.0	1097.0	0.0	0.9972727272727273	0.9945602901178604	1.0	0.0	1.0	1.0	HG001	giabHC_x_ultima_x_clinvar	-1	-2	ont	sentdhuo
HUOv1_HG001_Z0025-sup-PAW79146_0-ont-sentdhuo-Indel_gt50	Indel_gt50	HUOv1_HG001_Z0025-sup-PAW79146_0	330063947.0	330063930.0	0.0	17.0	0.0	1.0	1.0	1.0	0.0	1.0	1.0	HG001	giabHC_x_ultima_x_clinvar	-1	-2	ont	sentdhuo
HUOv1_HG001_Z0025-sup-PAW79146_0-ont-sentdhuo-All	All	HUOv1_HG001_Z0025-sup-PAW79146_0	330063947.0	329663018.0	998.0	399931.0	178.0	0.9985319048534527	0.9975107812106383	0.9999994600549829	0.0004448787705350292	0.999555121229465	0.999555121229465	HG001	giabHC_x_ultima_x_clinvar	-1	-2	ont	sentdhuo
HUOv1_HG001_Z0025-sup-PAW79146_0-ont-sentdhuo-SNPts	SNPts	HUOv1_HG001_Z0025-sup-PAW79146_0	2512291789.0	2510083913.0	2791.0	2205085.0	1081.0	0.9991227994658863	0.9987358891531952	0.9999995693372923	0.0004899903271104712	0.9995100096728895	0.9995100096728895	HG001	giabHC	-1	-2	ont	sentdhuo
HUOv1_HG001_Z0025-sup-PAW79146_0-ont-sentdhuo-SNPtv	SNPtv	HUOv1_HG001_Z0025-sup-PAW79146_0	2512291789.0	2511246394.0	2766.0	1042629.0	831.0	0.998278003978256	0.9973541101688835	0.9999996690887334	0.0007963889368063942	0.9992036110631936	0.9992036110631936	HG001	giabHC	-1	-2	ont	sentdhuo
HUOv1_HG001_Z0025-sup-PAW79146_0-ont-sentdhuo-INS_50	INS_50	HUOv1_HG001_Z0025-sup-PAW79146_0	2512291789.0	2512078598.0	22764.0	190427.0	3449.0	0.9356051952135644	0.8932225093929856	0.9999986270352896	0.01778972126513854	0.9822102787348614	0.9822102787348614	HG001	giabHC	-1	-2	ont	sentdhuo
HUOv1_HG001_Z0025-sup-PAW79146_0-ont-sentdhuo-INS_gt50	INS_gt50	HUOv1_HG001_Z0025-sup-PAW79146_0	2512291789.0	2512291789.0	0.0	0.0	0.0			1.0				HG001	giabHC	-1	-2	ont	sentdhuo
HUOv1_HG001_Z0025-sup-PAW79146_0-ont-sentdhuo-DEL_50	DEL_50	HUOv1_HG001_Z0025-sup-PAW79146_0	2512291789.0	2512063196.0	36922.0	191671.0	1356.0	0.909212086713154	0.838481493309069	0.9999994602049541	0.00702492397436628	0.9929750760256337	0.9929750760256337	HG001	giabHC	-1	-2	ont	sentdhuo
HUOv1_HG001_Z0025-sup-PAW79146_0-ont-sentdhuo-DEL_gt50	DEL_gt50	HUOv1_HG001_Z0025-sup-PAW79146_0	2512291789.0	2512291789.0	0.0	0.0	0.0			1.0				HG001	giabHC	-1	-2	ont	sentdhuo
HUOv1_HG001_Z0025-sup-PAW79146_0-ont-sentdhuo-Indel_50	Indel_50	HUOv1_HG001_Z0025-sup-PAW79146_0	2512291789.0	2512266142.0	6594.0	19053.0	449.0	0.8440054043278921	0.7428939057199673	0.9999998212769291	0.023023279663624243	0.9769767203363757	0.9769767203363757	HG001	giabHC	-1	-2	ont	sentdhuo
HUOv1_HG001_Z0025-sup-PAW79146_0-ont-sentdhuo-Indel_gt50	Indel_gt50	HUOv1_HG001_Z0025-sup-PAW79146_0	2512291789.0	2512291524.0	62.0	203.0	0.0	0.8675213675213675	0.7660377358490567	1.0	0.0	1.0	1.0	HG001	giabHC	-1	-2	ont	sentdhuo
HUOv1_HG001_Z0025-sup-PAW79146_0-ont-sentdhuo-All	All	HUOv1_HG001_Z0025-sup-PAW79146_0	2512291789.0	2508570822.0	71899.0	3649068.0	7166.0	0.9892825205657266	0.9806773346820866	0.9999971434015469	0.0019599402007639557	0.998040059799236	0.998040059799236	HG001	giabHC	-1	-2	ont	sentdhuo
HUOv1_HG001_Z0025-sup-PAW79146_0-ont-sentdhuo-SNPts	SNPts	HUOv1_HG001_Z0025-sup-PAW79146_0	377862616.0	377595273.0	680.0	266663.0	42945.0	0.9243869930028721	0.9974564510759586	0.9998862800480645	0.13870765613291647	0.8612923438670835	0.8612923438670835	HG001	clinvar_genes	-1	-2	ont	sentdhuo
HUOv1_HG001_Z0025-sup-PAW79146_0-ont-sentdhuo-SNPtv	SNPtv	HUOv1_HG001_Z0025-sup-PAW79146_0	377862616.0	377741516.0	643.0	120457.0	24588.0	0.9051982941629563	0.9946903385631709	0.9999349121063545	0.16951980419869694	0.8304801958013031	0.8304801958013031	HG001	clinvar_genes	-1	-2	ont	sentdhuo
HUOv1_HG001_Z0025-sup-PAW79146_0-ont-sentdhuo-INS_50	INS_50	HUOv1_HG001_Z0025-sup-PAW79146_0	377862616.0	377835135.0	3347.0	24134.0	11588.0	0.7636979257313735	0.8782067610348968	0.9999693314794211	0.3243939309109232	0.6756060690890768	0.6756060690890767	HG001	clinvar_genes	-1	-2	ont	sentdhuo
HUOv1_HG001_Z0025-sup-PAW79146_0-ont-sentdhuo-INS_gt50	INS_gt50	HUOv1_HG001_Z0025-sup-PAW79146_0	377862616.0	377862612.0	4.0	0.0	358.0		0.0	0.9999990525665957	1.0	0.0	0.0	HG001	clinvar_genes	-1	-2	ont	sentdhuo
HUOv1_HG001_Z0025-sup-PAW79146_0-ont-sentdhuo-DEL_50	DEL_50	HUOv1_HG001_Z0025-sup-PAW79146_0	377862616.0	377833394.0	4879.0	24343.0	10703.0	0.7575465239310388	0.8330367531312025	0.9999716735021534	0.305398618957941	0.694601381042059	0.694601381042059	HG001	clinvar_genes	-1	-2	ont	sentdhuo
HUOv1_HG001_Z0025-sup-PAW79146_0-ont-sentdhuo-DEL_gt50	DEL_gt50	HUOv1_HG001_Z0025-sup-PAW79146_0	377862616.0	377862605.0	5.0	6.0	438.0	0.026373626373626377	0.5454545454545454	0.9999988408498579	0.9864864864864865	0.013513513513513487	0.013513513513513514	HG001	clinvar_genes	-1	-2	ont	sentdhuo
HUOv1_HG001_Z0025-sup-PAW79146_0-ont-sentdhuo-Indel_50	Indel_50	HUOv1_HG001_Z0025-sup-PAW79146_0	377862616.0	377859097.0	928.0	2591.0	1544.0	0.6770316174549256	0.736288718385905	0.999995913837451	0.37339782345828293	0.6266021765417171	0.626602176541717	HG001	clinvar_genes	-1	-2	ont	sentdhuo
HUOv1_HG001_Z0025-sup-PAW79146_0-ont-sentdhuo-Indel_gt50	Indel_gt50	HUOv1_HG001_Z0025-sup-PAW79146_0	377862616.0	377862475.0	23.0	118.0	212.0	0.5010615711252654	0.8368794326241135	0.999999438949631	0.6424242424242425	0.35757575757575755	0.3575757575757576	HG001	clinvar_genes	-1	-2	ont	sentdhuo
HUOv1_HG001_Z0025-sup-PAW79146_0-ont-sentdhuo-All	All	HUOv1_HG001_Z0025-sup-PAW79146_0	377862616.0	377413795.0	10509.0	438312.0	92376.0	0.8949626802816514	0.9765853202056054	0.9997552993643646	0.17406837916063675	0.8259316208393632	0.8259316208393632	HG001	clinvar_genes	-1	-2	ont	sentdhuo
HUOv1_HG001_Z0025-sup-PAW79146_0-ont-sentdhuo-SNPts	SNPts	HUOv1_HG001_Z0025-sup-PAW79146_0	2490378273.0	2488213064.0	1071.0	2164138.0	593.0	0.9996156990628047	0.999505359528803	0.9999997616764146	0.00027393703882838097	0.9997260629611716	0.9997260629611716	HG001	giabHC_x_ultima	-1	-2	ont	sentdhuo
HUOv1_HG001_Z0025-sup-PAW79146_0-ont-sentdhuo-SNPtv	SNPtv	HUOv1_HG001_Z0025-sup-PAW79146_0	2490378273.0	2489363452.0	807.0	1014014.0	530.0	0.9993411732241366	0.9992047858686409	0.9999997870942121	0.000522402182655459	0.9994775978173446	0.9994775978173446	HG001	giabHC_x_ultima	-1	-2	ont	sentdhuo
HUOv1_HG001_Z0025-sup-PAW79146_0-ont-sentdhuo-INS_50	INS_50	HUOv1_HG001_Z0025-sup-PAW79146_0	2490378273.0	2490230748.0	1825.0	145700.0	159.0	0.9932375316990701	0.9876292153872225	0.9999999361504993	0.0010900938577667473	0.9989099061422333	0.9989099061422333	HG001	giabHC_x_ultima	-1	-2	ont	sentdhuo
HUOv1_HG001_Z0025-sup-PAW79146_0-ont-sentdhuo-INS_gt50	INS_gt50	HUOv1_HG001_Z0025-sup-PAW79146_0	2490378273.0	2490378273.0	0.0	0.0	0.0			1.0				HG001	giabHC_x_ultima	-1	-2	ont	sentdhuo
HUOv1_HG001_Z0025-sup-PAW79146_0-ont-sentdhuo-DEL_50	DEL_50	HUOv1_HG001_Z0025-sup-PAW79146_0	2490378273.0	2490220724.0	3972.0	153577.0	58.0	0.9870494626973109	0.9747887958666828	0.9999999767088925	0.00037751814365216257	0.9996224818563478	0.9996224818563478	HG001	giabHC_x_ultima	-1	-2	ont	sentdhuo
HUOv1_HG001_Z0025-sup-PAW79146_0-ont-sentdhuo-DEL_gt50	DEL_gt50	HUOv1_HG001_Z0025-sup-PAW79146_0	2490378273.0	2490378273.0	0.0	0.0	0.0			1.0				HG001	giabHC_x_ultima	-1	-2	ont	sentdhuo
HUOv1_HG001_Z0025-sup-PAW79146_0-ont-sentdhuo-Indel_50	Indel_50	HUOv1_HG001_Z0025-sup-PAW79146_0	2490378273.0	2490366425.0	103.0	11745.0	8.0	0.9952968094572263	0.9913065496286293	0.9999999967876213	0.0006806772738875181	0.9993193227261125	0.9993193227261125	HG001	giabHC_x_ultima	-1	-2	ont	sentdhuo
HUOv1_HG001_Z0025-sup-PAW79146_0-ont-sentdhuo-Indel_gt50	Indel_gt50	HUOv1_HG001_Z0025-sup-PAW79146_0	2490378273.0	2490378109.0	2.0	162.0	0.0	0.9938650306748467	0.9878048780487805	1.0	0.0	1.0	1.0	HG001	giabHC_x_ultima	-1	-2	ont	sentdhuo
HUOv1_HG001_Z0025-sup-PAW79146_0-ont-sentdhuo-All	All	HUOv1_HG001_Z0025-sup-PAW79146_0	2490378273.0	2486881157.0	7780.0	3489336.0	1348.0	0.9986937233464038	0.9977753097123458	0.9999994579558956	0.0003861707333004076	0.9996138292666996	0.9996138292666996	HG001	giabHC_x_ultima	-1	-2	ont	sentdhuo
HUOv1_HG001_Z0025-sup-PAW79146_0-ont-sentdhuo-SNPts	SNPts	HUOv1_HG001_Z0025-sup-PAW79146_0	3088286401.0	3086011466.0	5084.0	2269851.0	542647.0	0.8923364690994456	0.9977652108741568	0.9998241900254674	0.19294129275825264	0.8070587072417473	0.8070587072417473	HG001	hg38	-1	-2	ont	sentdhuo
HUOv1_HG001_Z0025-sup-PAW79146_0-ont-sentdhuo-SNPtv	SNPtv	HUOv1_HG001_Z0025-sup-PAW79146_0	3088286401.0	3087206714.0	4689.0	1074998.0	480262.0	0.8159541728922822	0.9956570746892386	0.9998444589740693	0.3087985288633412	0.6912014711366588	0.6912014711366589	HG001	hg38	-1	-2	ont	sentdhuo
HUOv1_HG001_Z0025-sup-PAW79146_0-ont-sentdhuo-INS_50	INS_50	HUOv1_HG001_Z0025-sup-PAW79146_0	3088286401.0	3088043749.0	28764.0	213888.0	109879.0	0.7552289029852459	0.8814598684535878	0.999964419192425	0.33937677403812	0.6606232259618801	0.66062322596188	HG001	hg38	-1	-2	ont	sentdhuo
HUOv1_HG001_Z0025-sup-PAW79146_0-ont-sentdhuo-INS_gt50	INS_gt50	HUOv1_HG001_Z0025-sup-PAW79146_0	3088286401.0	3088286368.0	28.0	5.0	2726.0	0.0036179450072358903	0.15151515151515152	0.9999991173106153	0.9981691688026364	0.0018308311973636027	0.001830831197363603	HG001	hg38	-1	-2	ont	sentdhuo
HUOv1_HG001_Z0025-sup-PAW79146_0-ont-sentdhuo-DEL_50	DEL_50	HUOv1_HG001_Z0025-sup-PAW79146_0	3088286401.0	3088029242.0	43356.0	213803.0	105710.0	0.7415064369346873	0.8314039174207397	0.999965768983013	0.33084725817102906	0.6691527418289709	0.669152741828971	HG001	hg38	-1	-2	ont	sentdhuo
HUOv1_HG001_Z0025-sup-PAW79146_0-ont-sentdhuo-DEL_gt50	DEL_gt50	HUOv1_HG001_Z0025-sup-PAW79146_0	3088286401.0	3088286358.0	36.0	7.0	3160.0	0.004361370716510903	0.16279069767441862	0.9999989767798707	0.9977897063467004	0.002210293653299611	0.0022102936532996525	HG001	hg38	-1	-2	ont	sentdhuo
HUOv1_HG001_Z0025-sup-PAW79146_0-ont-sentdhuo-Indel_50	Indel_50	HUOv1_HG001_Z0025-sup-PAW79146_0	3088286401.0	3088250541.0	8732.0	27128.0	15017.0	0.6955451573617074	0.7564974902398215	0.9999951374000331	0.35631747538260766	0.6436825246173923	0.6436825246173923	HG001	hg38	-1	-2	ont	sentdhuo
HUOv1_HG001_Z0025-sup-PAW79146_0-ont-sentdhuo-Indel_gt50	Indel_gt50	HUOv1_HG001_Z0025-sup-PAW79146_0	3088286401.0	3088284993.0	270.0	1138.0	1650.0	0.5424213536701621	0.8082386363636364	0.9999994657231692	0.5918220946915351	0.4081779053084649	0.4081779053084649	HG001	hg38	-1	-2	ont	sentdhuo
HUOv1_HG001_Z0025-sup-PAW79146_0-ont-sentdhuo-All	All	HUOv1_HG001_Z0025-sup-PAW79146_0	3088286401.0	3084394624.0	90959.0	3800818.0	1261051.0	0.8489989441172904	0.9766279003139183	0.9995913183022276	0.24912754557654496	0.7508724544234551	0.7508724544234551	HG001	hg38	-1	-2	ont	sentdhuo
HUOv1_HG001_Z0025-sup-PAW79146_0-ont-sentdhuo-SNPts	SNPts	HUOv1_HG001_Z0025-sup-PAW79146_0	2799325643.0	2797105999.0	1590.0	2218054.0	201784.0	0.9561645028475162	0.9992836689126725	0.999927864927404	0.08338740031357471	0.9166125996864253	0.9166125996864253	HG001	ultima	-1	-2	ont	sentdhuo
HUOv1_HG001_Z0025-sup-PAW79146_0-ont-sentdhuo-SNPtv	SNPtv	HUOv1_HG001_Z0025-sup-PAW79146_0	2799325643.0	2798285126.0	1213.0	1039304.0	116301.0	0.9464902223100538	0.9988342333666821	0.9999584402012957	0.10064078988927877	0.8993592101107213	0.8993592101107212	HG001	ultima	-1	-2	ont	sentdhuo
HUOv1_HG001_Z0025-sup-PAW79146_0-ont-sentdhuo-INS_50	INS_50	HUOv1_HG001_Z0025-sup-PAW79146_0	2799325643.0	2799164727.0	2318.0	158598.0	30493.0	0.9062561605910738	0.9855949688035994	0.9999891065118353	0.16126098016299031	0.8387390198370097	0.8387390198370097	HG001	ultima	-1	-2	ont	sentdhuo
HUOv1_HG001_Z0025-sup-PAW79146_0-ont-sentdhuo-INS_gt50	INS_gt50	HUOv1_HG001_Z0025-sup-PAW79146_0	2799325643.0	2799325624.0	16.0	3.0	837.0	0.006984866123399301	0.15789473684210525	0.9999997009995041	0.9964285714285714	0.0035714285714285587	0.0035714285714285713	HG001	ultima	-1	-2	ont	sentdhuo
HUOv1_HG001_Z0025-sup-PAW79146_0-ont-sentdhuo-DEL_50	DEL_50	HUOv1_HG001_Z0025-sup-PAW79146_0	2799325643.0	2799153415.0	4841.0	167387.0	39762.0	0.8824309328188056	0.9718919107229951	0.9999857951925838	0.19194879048414426	0.8080512095158557	0.8080512095158557	HG001	ultima	-1	-2	ont	sentdhuo
HUOv1_HG001_Z0025-sup-PAW79146_0-ont-sentdhuo-DEL_gt50	DEL_gt50	HUOv1_HG001_Z0025-sup-PAW79146_0	2799325643.0	2799325615.0	24.0	4.0	1508.0	0.005194805194805195	0.14285714285714285	0.9999994612991144	0.9973544973544973	0.002645502645502673	0.0026455026455026454	HG001	ultima	-1	-2	ont	sentdhuo
HUOv1_HG001_Z0025-sup-PAW79146_0-ont-sentdhuo-Indel_50	Indel_50	HUOv1_HG001_Z0025-sup-PAW79146_0	2799325643.0	2799308305.0	142.0	17196.0	3795.0	0.8972840408046127	0.9918098973353328	0.9999986443097931	0.1807917679005288	0.8192082320994711	0.8192082320994712	HG001	ultima	-1	-2	ont	sentdhuo
HUOv1_HG001_Z0025-sup-PAW79146_0-ont-sentdhuo-Indel_gt50	Indel_gt50	HUOv1_HG001_Z0025-sup-PAW79146_0	2799325643.0	2799324705.0	15.0	923.0	581.0	0.755937755937756	0.9840085287846482	0.9999997924499868	0.3863031914893617	0.6136968085106382	0.6136968085106383	HG001	ultima	-1	-2	ont	sentdhuo
HUOv1_HG001_Z0025-sup-PAW79146_0-ont-sentdhuo-All	All	HUOv1_HG001_Z0025-sup-PAW79146_0	2799325643.0	2795714015.0	10159.0	3601469.0	395061.0	0.9467387506936632	0.9971871410898354	0.9998587104475319	0.09885100324531532	0.9011489967546846	0.9011489967546847	HG001	ultima	-1	-2	ont	sentdhuo
HUOv1_HG001_Z0025-sup-PAW79146_0-ont-sentdhuo-SNPts	SNPts	HUOv1_HG001_Z0025-sup-PAW79146_0	334933992.0	334674283.0	465.0	259244.0	190.0	0.9987383052453755	0.9982095345174792	0.9999994322841587	0.000732363529838032	0.9992676364701619	0.9992676364701619	HG001	giabHC_x_clinvar_genes	-1	-2	ont	sentdhuo
HUOv1_HG001_Z0025-sup-PAW79146_0-ont-sentdhuo-SNPtv	SNPtv	HUOv1_HG001_Z0025-sup-PAW79146_0	334933992.0	334816911.0	400.0	116681.0	108.0	0.9978278530807714	0.9965835618076374	0.9999996774357518	0.0009247446249218676	0.9990752553750781	0.9990752553750781	HG001	giabHC_x_clinvar_genes	-1	-2	ont	sentdhuo
HUOv1_HG001_Z0025-sup-PAW79146_0-ont-sentdhuo-INS_50	INS_50	HUOv1_HG001_Z0025-sup-PAW79146_0	334933992.0	334909645.0	2709.0	21638.0	385.0	0.9332758248867802	0.8887337248942375	0.9999988504375339	0.017481723652545068	0.9825182763474549	0.9825182763474549	HG001	giabHC_x_clinvar_genes	-1	-2	ont	sentdhuo
HUOv1_HG001_Z0025-sup-PAW79146_0-ont-sentdhuo-INS_gt50	INS_gt50	HUOv1_HG001_Z0025-sup-PAW79146_0	334933992.0	334933992.0	0.0	0.0	0.0			1.0				HG001	giabHC_x_clinvar_genes	-1	-2	ont	sentdhuo
HUOv1_HG001_Z0025-sup-PAW79146_0-ont-sentdhuo-DEL_50	DEL_50	HUOv1_HG001_Z0025-sup-PAW79146_0	334933992.0	334907783.0	4222.0	21987.0	156.0	0.9094556585043017	0.8389102979892403	0.9999995342003523	0.007045115837962336	0.9929548841620377	0.9929548841620377	HG001	giabHC_x_clinvar_genes	-1	-2	ont	sentdhuo
HUOv1_HG001_Z0025-sup-PAW79146_0-ont-sentdhuo-DEL_gt50	DEL_gt50	HUOv1_HG001_Z0025-sup-PAW79146_0	334933992.0	334933992.0	0.0	0.0	0.0			1.0				HG001	giabHC_x_clinvar_genes	-1	-2	ont	sentdhuo
HUOv1_HG001_Z0025-sup-PAW79146_0-ont-sentdhuo-Indel_50	Indel_50	HUOv1_HG001_Z0025-sup-PAW79146_0	334933992.0	334931425.0	702.0	1865.0	45.0	0.8331471967835604	0.7265290222049084	0.999999865644157	0.02356020942408377	0.9764397905759162	0.9764397905759162	HG001	giabHC_x_clinvar_genes	-1	-2	ont	sentdhuo
HUOv1_HG001_Z0025-sup-PAW79146_0-ont-sentdhuo-Indel_gt50	Indel_gt50	HUOv1_HG001_Z0025-sup-PAW79146_0	334933992.0	334933962.0	6.0	24.0	0.0	0.888888888888889	0.8	1.0	0.0	1.0	1.0	HG001	giabHC_x_clinvar_genes	-1	-2	ont	sentdhuo
HUOv1_HG001_Z0025-sup-PAW79146_0-ont-sentdhuo-All	All	HUOv1_HG001_Z0025-sup-PAW79146_0	334933992.0	334504049.0	8504.0	421439.0	884.0	0.9889846597189141	0.9802206338979819	0.9999973572885994	0.0020931846004124807	0.9979068153995875	0.9979068153995875	HG001	giabHC_x_clinvar_genes	-1	-2	ont	sentdhuo
HUOv1_HG001_Z0025-sup-PAW81754_0-ont-sentdhuo-SNPts	SNPts	HUOv1_HG001_Z0025-sup-PAW81754_0	330063947.0	329811377.0	133.0	252437.0	88.0	0.999562458547402	0.9994734133111612	0.9999997331808947	0.0003484803484803485	0.9996515196515197	0.9996515196515197	HG001	giabHC_x_ultima_x_clinvar	-1	-2	ont	sentdhuo
HUOv1_HG001_Z0025-sup-PAW81754_0-ont-sentdhuo-SNPtv	SNPtv	HUOv1_HG001_Z0025-sup-PAW81754_0	330063947.0	329951553.0	136.0	112258.0	54.0	0.9991544507044761	0.998789970994893	0.9999998363396363	0.00048080347603105634	0.9995191965239689	0.9995191965239689	HG001	giabHC_x_ultima_x_clinvar	-1	-2	ont	sentdhuo
HUOv1_HG001_Z0025-sup-PAW81754_0-ont-sentdhuo-INS_50	INS_50	HUOv1_HG001_Z0025-sup-PAW81754_0	330063947.0	330047195.0	240.0	16512.0	17.0	0.9922778762657372	0.9856733524355301	0.9999999484922175	0.001028495371770827	0.9989715046282291	0.9989715046282291	HG001	giabHC_x_ultima_x_clinvar	-1	-2	ont	sentdhuo
HUOv1_HG001_Z0025-sup-PAW81754_0-ont-sentdhuo-INS_gt50	INS_gt50	HUOv1_HG001_Z0025-sup-PAW81754_0	330063947.0	330063947.0	0.0	0.0	0.0			1.0				HG001	giabHC_x_ultima_x_clinvar	-1	-2	ont	sentdhuo
HUOv1_HG001_Z0025-sup-PAW81754_0-ont-sentdhuo-DEL_50	DEL_50	HUOv1_HG001_Z0025-sup-PAW81754_0	330063947.0	330045862.0	471.0	17614.0	12.0	0.9864747556775223	0.9739563173901022	0.999999963641418	0.0006808124361738341	0.9993191875638262	0.9993191875638262	HG001	giabHC_x_ultima_x_clinvar	-1	-2	ont	sentdhuo
HUOv1_HG001_Z0025-sup-PAW81754_0-ont-sentdhuo-DEL_gt50	DEL_gt50	HUOv1_HG001_Z0025-sup-PAW81754_0	330063947.0	330063947.0	0.0	0.0	0.0			1.0				HG001	giabHC_x_ultima_x_clinvar	-1	-2	ont	sentdhuo
HUOv1_HG001_Z0025-sup-PAW81754_0-ont-sentdhuo-Indel_50	Indel_50	HUOv1_HG001_Z0025-sup-PAW81754_0	330063947.0	330062842.0	5.0	1100.0	0.0	0.9977324263038548	0.995475113122172	1.0	0.0	1.0	1.0	HG001	giabHC_x_ultima_x_clinvar	-1	-2	ont	sentdhuo
HUOv1_HG001_Z0025-sup-PAW81754_0-ont-sentdhuo-Indel_gt50	Indel_gt50	HUOv1_HG001_Z0025-sup-PAW81754_0	330063947.0	330063930.0	0.0	17.0	0.0	1.0	1.0	1.0	0.0	1.0	1.0	HG001	giabHC_x_ultima_x_clinvar	-1	-2	ont	sentdhuo
HUOv1_HG001_Z0025-sup-PAW81754_0-ont-sentdhuo-All	All	HUOv1_HG001_Z0025-sup-PAW81754_0	330063947.0	329663024.0	985.0	399938.0	171.0	0.9985568616484735	0.9975431691372159	0.9999994812887741	0.00042738353798589887	0.9995726164620141	0.9995726164620141	HG001	giabHC_x_ultima_x_clinvar	-1	-2	ont	sentdhuo
HUOv1_HG001_Z0025-sup-PAW81754_0-ont-sentdhuo-SNPts	SNPts	HUOv1_HG001_Z0025-sup-PAW81754_0	2512291789.0	2510083907.0	2711.0	2205171.0	1046.0	0.9991488636752369	0.9987721264089294	0.9999995832810364	0.0004741147402997983	0.9995258852597002	0.9995258852597002	HG001	giabHC	-1	-2	ont	sentdhuo
HUOv1_HG001_Z0025-sup-PAW81754_0-ont-sentdhuo-SNPtv	SNPtv	HUOv1_HG001_Z0025-sup-PAW81754_0	2512291789.0	2511246383.0	2702.0	1042704.0	827.0	0.9983106240159468	0.9974153582435915	0.9999996706815655	0.0007925016123143442	0.9992074983876856	0.9992074983876856	HG001	giabHC	-1	-2	ont	sentdhuo
HUOv1_HG001_Z0025-sup-PAW81754_0-ont-sentdhuo-INS_50	INS_50	HUOv1_HG001_Z0025-sup-PAW81754_0	2512291789.0	2512078639.0	22867.0	190283.0	3404.0	0.9354262272113892	0.8927187426694816	0.9999986449487152	0.017574746885438877	0.9824252531145611	0.9824252531145611	HG001	giabHC	-1	-2	ont	sentdhuo
HUOv1_HG001_Z0025-sup-PAW81754_0-ont-sentdhuo-INS_gt50	INS_gt50	HUOv1_HG001_Z0025-sup-PAW81754_0	2512291789.0	2512291789.0	0.0	0.0	0.0			1.0				HG001	giabHC	-1	-2	ont	sentdhuo
HUOv1_HG001_Z0025-sup-PAW81754_0-ont-sentdhuo-DEL_50	DEL_50	HUOv1_HG001_Z0025-sup-PAW81754_0	2512291789.0	2512063171.0	36918.0	191700.0	1373.0	0.909196544389138	0.8385166522321077	0.9999994534376104	0.007111299871033236	0.9928887001289668	0.9928887001289668	HG001	giabHC	-1	-2	ont	sentdhuo
HUOv1_HG001_Z0025-sup-PAW81754_0-ont-sentdhuo-DEL_gt50	DEL_gt50	HUOv1_HG001_Z0025-sup-PAW81754_0	2512291789.0	2512291789.0	0.0	0.0	1.0			0.9999999996019571	1.0	0.0	0.0	HG001	giabHC	-1	-2	ont	sentdhuo
HUOv1_HG001_Z0025-sup-PAW81754_0-ont-sentdhuo-Indel_50	Indel_50	HUOv1_HG001_Z0025-sup-PAW81754_0	2512291789.0	2512266139.0	6557.0	19093.0	423.0	0.8454589735641854	0.7443664717348928	0.9999998316261474	0.021674523467923756	0.9783254765320762	0.9783254765320762	HG001	giabHC	-1	-2	ont	sentdhuo
HUOv1_HG001_Z0025-sup-PAW81754_0-ont-sentdhuo-Indel_gt50	Indel_gt50	HUOv1_HG001_Z0025-sup-PAW81754_0	2512291789.0	2512291528.0	62.0	199.0	0.0	0.8652173913043478	0.7624521072796935	1.0	0.0	1.0	1.0	HG001	giabHC	-1	-2	ont	sentdhuo
HUOv1_HG001_Z0025-sup-PAW81754_0-ont-sentdhuo-All	All	HUOv1_HG001_Z0025-sup-PAW81754_0	2512291789.0	2508570822.0	71817.0	3649150.0	7074.0	0.9893060922511021	0.9806993719643308	0.9999971800756072	0.001934782989226043	0.998065217010774	0.998065217010774	HG001	giabHC	-1	-2	ont	sentdhuo
HUOv1_HG001_Z0025-sup-PAW81754_0-ont-sentdhuo-SNPts	SNPts	HUOv1_HG001_Z0025-sup-PAW81754_0	377862616.0	377595274.0	597.0	266745.0	42629.0	0.925048030573107	0.9977669053122966	0.9998871167336187	0.13779115245625037	0.8622088475437496	0.8622088475437496	HG001	clinvar_genes	-1	-2	ont	sentdhuo
HUOv1_HG001_Z0025-sup-PAW81754_0-ont-sentdhuo-SNPtv	SNPtv	HUOv1_HG001_Z0025-sup-PAW81754_0	377862616.0	377741512.0	611.0	120493.0	24486.0	0.9056798066768641	0.994954749636676	0.9999351820965104	0.16889342594444712	0.8311065740555529	0.8311065740555529	HG001	clinvar_genes	-1	-2	ont	sentdhuo
HUOv1_HG001_Z0025-sup-PAW81754_0-ont-sentdhuo-INS_50	INS_50	HUOv1_HG001_Z0025-sup-PAW81754_0	377862616.0	377835119.0	3372.0	24125.0	11520.0	0.7641506445788857	0.8773684401934757	0.9999695114397987	0.32318698274652824	0.6768130172534718	0.6768130172534718	HG001	clinvar_genes	-1	-2	ont	sentdhuo
HUOv1_HG001_Z0025-sup-PAW81754_0-ont-sentdhuo-INS_gt50	INS_gt50	HUOv1_HG001_Z0025-sup-PAW81754_0	377862616.0	377862612.0	3.0	1.0	353.0	0.00558659217877095	0.25	0.9999990657988935	0.9971751412429378	0.0028248587570621764	0.002824858757062147	HG001	clinvar_genes	-1	-2	ont	sentdhuo
HUOv1_HG001_Z0025-sup-PAW81754_0-ont-sentdhuo-DEL_50	DEL_50	HUOv1_HG001_Z0025-sup-PAW81754_0	377862616.0	377833393.0	4888.0	24335.0	10711.0	0.757285783192519	0.8327344899565411	0.9999716523299249	0.30562689037265306	0.6943731096273469	0.6943731096273469	HG001	clinvar_genes	-1	-2	ont	sentdhuo
HUOv1_HG001_Z0025-sup-PAW81754_0-ont-sentdhuo-DEL_gt50	DEL_gt50	HUOv1_HG001_Z0025-sup-PAW81754_0	377862616.0	377862605.0	4.0	7.0	433.0	0.031042128603104215	0.6363636363636364	0.9999988540821503	0.9840909090909091	0.015909090909090873	0.015909090909090907	HG001	clinvar_genes	-1	-2	ont	sentdhuo
HUOv1_HG001_Z0025-sup-PAW81754_0-ont-sentdhuo-Indel_50	Indel_50	HUOv1_HG001_Z0025-sup-PAW81754_0	377862616.0	377859123.0	910.0	2583.0	1581.0	0.6746767663575813	0.7394789579158316	0.9999958159184502	0.3796829971181556	0.6203170028818443	0.6203170028818443	HG001	clinvar_genes	-1	-2	ont	sentdhuo
HUOv1_HG001_Z0025-sup-PAW81754_0-ont-sentdhuo-Indel_gt50	Indel_gt50	HUOv1_HG001_Z0025-sup-PAW81754_0	377862616.0	377862474.0	25.0	117.0	213.0	0.49576271186440685	0.823943661971831	0.9999994363031669	0.6454545454545455	0.3545454545454545	0.35454545454545455	HG001	clinvar_genes	-1	-2	ont	sentdhuo
HUOv1_HG001_Z0025-sup-PAW81754_0-ont-sentdhuo-All	All	HUOv1_HG001_Z0025-sup-PAW81754_0	377862616.0	377413800.0	10410.0	438406.0	91926.0	0.8954846458349504	0.9768056397276389	0.999756491110813	0.17333670229214906	0.826663297707851	0.826663297707851	HG001	clinvar_genes	-1	-2	ont	sentdhuo
HUOv1_HG001_Z0025-sup-PAW81754_0-ont-sentdhuo-SNPts	SNPts	HUOv1_HG001_Z0025-sup-PAW81754_0	2490378273.0	2488213067.0	1041.0	2164165.0	586.0	0.9996242456911234	0.9995192143380353	0.9999997644896774	0.0002707008796854696	0.9997292991203145	0.9997292991203145	HG001	giabHC_x_ultima	-1	-2	ont	sentdhuo
HUOv1_HG001_Z0025-sup-PAW81754_0-ont-sentdhuo-SNPtv	SNPtv	HUOv1_HG001_Z0025-sup-PAW81754_0	2490378273.0	2489363453.0	800.0	1014020.0	542.0	0.9993387149388336	0.9992116828600146	0.9999997822737048	0.0005342206784799746	0.99946577932152	0.99946577932152	HG001	giabHC_x_ultima	-1	-2	ont	sentdhuo
HUOv1_HG001_Z0025-sup-PAW81754_0-ont-sentdhuo-INS_50	INS_50	HUOv1_HG001_Z0025-sup-PAW81754_0	2490378273.0	2490230766.0	1819.0	145688.0	167.0	0.9932302070479475	0.9876683818395059	0.9999999329379465	0.001144972746906174	0.9988550272530938	0.9988550272530938	HG001	giabHC_x_ultima	-1	-2	ont	sentdhuo
HUOv1_HG001_Z0025-sup-PAW81754_0-ont-sentdhuo-INS_gt50	INS_gt50	HUOv1_HG001_Z0025-sup-PAW81754_0	2490378273.0	2490378273.0	0.0	0.0	0.0			1.0				HG001	giabHC_x_ultima	-1	-2	ont	sentdhuo
HUOv1_HG001_Z0025-sup-PAW81754_0-ont-sentdhuo-DEL_50	DEL_50	HUOv1_HG001_Z0025-sup-PAW81754_0	2490378273.0	2490220730.0	4030.0	153513.0	72.0	0.9868157157182894	0.9744196822454821	0.9999999710869012	0.00046879578083797245	0.999531204219162	0.999531204219162	HG001	giabHC_x_ultima	-1	-2	ont	sentdhuo
HUOv1_HG001_Z0025-sup-PAW81754_0-ont-sentdhuo-DEL_gt50	DEL_gt50	HUOv1_HG001_Z0025-sup-PAW81754_0	2490378273.0	2490378273.0	0.0	0.0	0.0			1.0				HG001	giabHC_x_ultima	-1	-2	ont	sentdhuo
HUOv1_HG001_Z0025-sup-PAW81754_0-ont-sentdhuo-Indel_50	Indel_50	HUOv1_HG001_Z0025-sup-PAW81754_0	2490378273.0	2490366401.0	106.0	11766.0	8.0	0.9951788886069526	0.9910714285714286	0.9999999967876213	0.0006794632240529981	0.999320536775947	0.999320536775947	HG001	giabHC_x_ultima	-1	-2	ont	sentdhuo
HUOv1_HG001_Z0025-sup-PAW81754_0-ont-sentdhuo-Indel_gt50	Indel_gt50	HUOv1_HG001_Z0025-sup-PAW81754_0	2490378273.0	2490378110.0	2.0	161.0	0.0	0.9938271604938271	0.9877300613496932	1.0	0.0	1.0	1.0	HG001	giabHC_x_ultima	-1	-2	ont	sentdhuo
HUOv1_HG001_Z0025-sup-PAW81754_0-ont-sentdhuo-All	All	HUOv1_HG001_Z0025-sup-PAW81754_0	2490378273.0	2486881162.0	7798.0	3489313.0	1375.0	0.998687283363474	0.9977701594258804	0.9999994470989363	0.00039390515565985843	0.9996060948443402	0.9996060948443402	HG001	giabHC_x_ultima	-1	-2	ont	sentdhuo
HUOv1_HG001_Z0025-sup-PAW81754_0-ont-sentdhuo-SNPts	SNPts	HUOv1_HG001_Z0025-sup-PAW81754_0	334933992.0	334674281.0	383.0	259328.0	173.0	0.9989291464758134	0.9985252838732284	0.9999994830797573	0.0006666640976335351	0.9993333359023665	0.9993333359023665	HG001	giabHC_x_clinvar_genes	-1	-2	ont	sentdhuo
HUOv1_HG001_Z0025-sup-PAW81754_0-ont-sentdhuo-SNPtv	SNPtv	HUOv1_HG001_Z0025-sup-PAW81754_0	334933992.0	334816908.0	367.0	116717.0	103.0	0.9979906286339695	0.9968654982747429	0.9999996923692746	0.000881698339325458	0.9991183016606745	0.9991183016606745	HG001	giabHC_x_clinvar_genes	-1	-2	ont	sentdhuo
HUOv1_HG001_Z0025-sup-PAW81754_0-ont-sentdhuo-INS_50	INS_50	HUOv1_HG001_Z0025-sup-PAW81754_0	334933992.0	334909630.0	2714.0	21648.0	389.0	0.9331235586973857	0.8885969953205812	0.9999988384939896	0.017652130507782367	0.9823478694922176	0.9823478694922176	HG001	giabHC_x_clinvar_genes	-1	-2	ont	sentdhuo
HUOv1_HG001_Z0025-sup-PAW81754_0-ont-sentdhuo-INS_gt50	INS_gt50	HUOv1_HG001_Z0025-sup-PAW81754_0	334933992.0	334933992.0	0.0	0.0	0.0			1.0				HG001	giabHC_x_clinvar_genes	-1	-2	ont	sentdhuo
HUOv1_HG001_Z0025-sup-PAW81754_0-ont-sentdhuo-DEL_50	DEL_50	HUOv1_HG001_Z0025-sup-PAW81754_0	334933992.0	334907766.0	4225.0	22001.0	147.0	0.9096208707156737	0.8389003279188592	0.9999995610733748	0.00663716814159292	0.9933628318584071	0.9933628318584071	HG001	giabHC_x_clinvar_genes	-1	-2	ont	sentdhuo
HUOv1_HG001_Z0025-sup-PAW81754_0-ont-sentdhuo-DEL_gt50	DEL_gt50	HUOv1_HG001_Z0025-sup-PAW81754_0	334933992.0	334933992.0	0.0	0.0	0.0			1.0				HG001	giabHC_x_clinvar_genes	-1	-2	ont	sentdhuo
HUOv1_HG001_Z0025-sup-PAW81754_0-ont-sentdhuo-Indel_50	Indel_50	HUOv1_HG001_Z0025-sup-PAW81754_0	334933992.0	334931463.0	683.0	1846.0	50.0	0.8343502824858758	0.7299327797548438	0.9999998507157492	0.026371308016877638	0.9736286919831224	0.9736286919831224	HG001	giabHC_x_clinvar_genes	-1	-2	ont	sentdhuo
HUOv1_HG001_Z0025-sup-PAW81754_0-ont-sentdhuo-Indel_gt50	Indel_gt50	HUOv1_HG001_Z0025-sup-PAW81754_0	334933992.0	334933963.0	6.0	23.0	0.0	0.8846153846153846	0.7931034482758621	1.0	0.0	1.0	1.0	HG001	giabHC_x_clinvar_genes	-1	-2	ont	sentdhuo
HUOv1_HG001_Z0025-sup-PAW81754_0-ont-sentdhuo-All	All	HUOv1_HG001_Z0025-sup-PAW81754_0	334933992.0	334504051.0	8378.0	421563.0	862.0	0.9891595863748671	0.9805136053551534	0.9999974230572811	0.0020405989228857195	0.9979594010771142	0.9979594010771142	HG001	giabHC_x_clinvar_genes	-1	-2	ont	sentdhuo
HUOv1_HG001_Z0025-sup-PAW81754_0-ont-sentdhuo-SNPts	SNPts	HUOv1_HG001_Z0025-sup-PAW81754_0	3088286401.0	3086011467.0	4980.0	2269954.0	543497.0	0.8922100037634731	0.9978109255037728	0.9998239146860046	0.19317805783715444	0.8068219421628455	0.8068219421628455	HG001	hg38	-1	-2	ont	sentdhuo
HUOv1_HG001_Z0025-sup-PAW81754_0-ont-sentdhuo-SNPtv	SNPtv	HUOv1_HG001_Z0025-sup-PAW81754_0	3088286401.0	3087206696.0	4682.0	1075023.0	481236.0	0.8156583322078753	0.9956636303434735	0.9998441435758412	0.3092261635113435	0.6907738364886564	0.6907738364886564	HG001	hg38	-1	-2	ont	sentdhuo
HUOv1_HG001_Z0025-sup-PAW81754_0-ont-sentdhuo-INS_50	INS_50	HUOv1_HG001_Z0025-sup-PAW81754_0	3088286401.0	3088043789.0	28923.0	213689.0	109322.0	0.7555880860573208	0.8807849570507642	0.9999645995531729	0.338446678286498	0.661553321713502	0.661553321713502	HG001	hg38	-1	-2	ont	sentdhuo
HUOv1_HG001_Z0025-sup-PAW81754_0-ont-sentdhuo-INS_gt50	INS_gt50	HUOv1_HG001_Z0025-sup-PAW81754_0	3088286401.0	3088286368.0	26.0	7.0	2718.0	0.005076142131979695	0.21212121212121213	0.9999991199010442	0.9974311926605505	0.0025688073394495303	0.002568807339449541	HG001	hg38	-1	-2	ont	sentdhuo
HUOv1_HG001_Z0025-sup-PAW81754_0-ont-sentdhuo-DEL_50	DEL_50	HUOv1_HG001_Z0025-sup-PAW81754_0	3088286401.0	3088029228.0	43365.0	213808.0	105805.0	0.7413772178936381	0.8313780995672174	0.9999657382210074	0.3310409776823846	0.6689590223176154	0.6689590223176154	HG001	hg38	-1	-2	ont	sentdhuo
HUOv1_HG001_Z0025-sup-PAW81754_0-ont-sentdhuo-DEL_gt50	DEL_gt50	HUOv1_HG001_Z0025-sup-PAW81754_0	3088286401.0	3088286358.0	35.0	8.0	3186.0	0.0049428483163422915	0.18604651162790697	0.9999989683609796	0.9974953036944271	0.0025046963055729288	0.002504696305572949	HG001	hg38	-1	-2	ont	sentdhuo
HUOv1_HG001_Z0025-sup-PAW81754_0-ont-sentdhuo-Indel_50	Indel_50	HUOv1_HG001_Z0025-sup-PAW81754_0	3088286401.0	3088250527.0	8720.0	27154.0	15137.0	0.6947866692253566	0.7569270223560238	0.9999950985434393	0.3579248539878461	0.6420751460121539	0.6420751460121539	HG001	hg38	-1	-2	ont	sentdhuo
HUOv1_HG001_Z0025-sup-PAW81754_0-ont-sentdhuo-Indel_gt50	Indel_gt50	HUOv1_HG001_Z0025-sup-PAW81754_0	3088286401.0	3088284997.0	277.0	1127.0	1667.0	0.5369223439733205	0.8027065527065527	0.9999994602185026	0.5966356478167502	0.40336435218324984	0.40336435218324984	HG001	hg38	-1	-2	ont	sentdhuo
HUOv1_HG001_Z0025-sup-PAW81754_0-ont-sentdhuo-All	All	HUOv1_HG001_Z0025-sup-PAW81754_0	3088286401.0	3084394623.0	91008.0	3800770.0	1262568.0	0.8488488591325898	0.9766153156731961	0.9995908268735482	0.2493548722206576	0.7506451277793424	0.7506451277793424	HG001	hg38	-1	-2	ont	sentdhuo
HUOv1_HG001_Z0025-sup-PAW81754_0-ont-sentdhuo-SNPts	SNPts	HUOv1_HG001_Z0025-sup-PAW81754_0	2799325643.0	2797106008.0	1572.0	2218063.0	202024.0	0.956118922642348	0.9992917754495672	0.9999277791370529	0.08347799066727767	0.9165220093327223	0.9165220093327223	HG001	ultima	-1	-2	ont	sentdhuo
HUOv1_HG001_Z0025-sup-PAW81754_0-ont-sentdhuo-SNPtv	SNPtv	HUOv1_HG001_Z0025-sup-PAW81754_0	2799325643.0	2798285131.0	1209.0	1039303.0	116380.0	0.9464578509649644	0.9988380720260794	0.9999584119721411	0.10070235523062986	0.8992976447693701	0.8992976447693701	HG001	ultima	-1	-2	ont	sentdhuo
HUOv1_HG001_Z0025-sup-PAW81754_0-ont-sentdhuo-INS_50	INS_50	HUOv1_HG001_Z0025-sup-PAW81754_0	2799325643.0	2799164746.0	2320.0	158577.0	30548.0	0.906097331024907	0.9855808374301572	0.9999890868636192	0.16152280237937872	0.8384771976206213	0.8384771976206212	HG001	ultima	-1	-2	ont	sentdhuo
HUOv1_HG001_Z0025-sup-PAW81754_0-ont-sentdhuo-INS_gt50	INS_gt50	HUOv1_HG001_Z0025-sup-PAW81754_0	2799325643.0	2799325624.0	15.0	4.0	813.0	0.009569377990430622	0.21052631578947367	0.9999997095729926	0.9951040391676866	0.004895960832313362	0.004895960832313341	HG001	ultima	-1	-2	ont	sentdhuo
HUOv1_HG001_Z0025-sup-PAW81754_0-ont-sentdhuo-DEL_50	DEL_50	HUOv1_HG001_Z0025-sup-PAW81754_0	2799325643.0	2799153426.0	4920.0	167297.0	39748.0	0.8822238979913622	0.9714313917905898	0.9999858001940097	0.19197758941292956	0.8080224105870705	0.8080224105870705	HG001	ultima	-1	-2	ont	sentdhuo
HUOv1_HG001_Z0025-sup-PAW81754_0-ont-sentdhuo-DEL_gt50	DEL_gt50	HUOv1_HG001_Z0025-sup-PAW81754_0	2799325643.0	2799325615.0	23.0	5.0	1514.0	0.006464124111182934	0.17857142857142858	0.9999994591557434	0.9967083607636603	0.003291639236339683	0.0032916392363396972	HG001	ultima	-1	-2	ont	sentdhuo
HUOv1_HG001_Z0025-sup-PAW81754_0-ont-sentdhuo-Indel_50	Indel_50	HUOv1_HG001_Z0025-sup-PAW81754_0	2799325643.0	2799308267.0	145.0	17231.0	3816.0	0.8969107045259351	0.9916551565377533	0.9999986368079418	0.18130850002375634	0.8186914999762437	0.8186914999762437	HG001	ultima	-1	-2	ont	sentdhuo
HUOv1_HG001_Z0025-sup-PAW81754_0-ont-sentdhuo-Indel_gt50	Indel_gt50	HUOv1_HG001_Z0025-sup-PAW81754_0	2799325643.0	2799324711.0	17.0	915.0	575.0	0.7555739058629233	0.9817596566523605	0.9999997945933604	0.3859060402684564	0.6140939597315436	0.6140939597315436	HG001	ultima	-1	-2	ont	sentdhuo
HUOv1_HG001_Z0025-sup-PAW81754_0-ont-sentdhuo-All	All	HUOv1_HG001_Z0025-sup-PAW81754_0	2799325643.0	2795714027.0	10221.0	3601395.0	395418.0	0.9466855772722594	0.9971699649132134	0.999858582788772	0.09893332512679477	0.9010666748732052	0.9010666748732052	HG001	ultima	-1	-2	ont	sentdhuo
HUOv1_HG002_Z0032-sup-PAW70337_0-ont-sentdhuo-SNPts	SNPts	HUOv1_HG002_Z0032-sup-PAW70337_0	2799325643.0	2797057683.0	2414.0	2265546.0	141012.0	0.9693174782940188	0.9989356073299352	0.9999495881360692	0.05859488946453815	0.9414051105354618	0.9414051105354618	HG002	ultima	-1	-2	ont	sentdhuo
HUOv1_HG002_Z0032-sup-PAW70337_0-ont-sentdhuo-SNPtv	SNPtv	HUOv1_HG002_Z0032-sup-PAW70337_0	2799325643.0	2798260418.0	1642.0	1063583.0	78872.0	0.9635300405855921	0.9984585416226619	0.9999718147115749	0.06903729249729748	0.9309627075027025	0.9309627075027025	HG002	ultima	-1	-2	ont	sentdhuo
HUOv1_HG002_Z0032-sup-PAW70337_0-ont-sentdhuo-INS_50	INS_50	HUOv1_HG002_Z0032-sup-PAW70337_0	2799325643.0	2799158939.0	2077.0	164627.0	22418.0	0.930755988002793	0.9875407908628467	0.9999919912298845	0.11985351118714747	0.8801464888128525	0.8801464888128525	HG002	ultima	-1	-2	ont	sentdhuo
HUOv1_HG002_Z0032-sup-PAW70337_0-ont-sentdhuo-INS_gt50	INS_gt50	HUOv1_HG002_Z0032-sup-PAW70337_0	2799325643.0	2799325609.0	27.0	7.0	616.0	0.0213089802130898	0.20588235294117646	0.9999997799470478	0.9887640449438202	0.011235955056179803	0.011235955056179775	HG002	ultima	-1	-2	ont	sentdhuo
HUOv1_HG002_Z0032-sup-PAW70337_0-ont-sentdhuo-DEL_50	DEL_50	HUOv1_HG002_Z0032-sup-PAW70337_0	2799325643.0	2799143668.0	4340.0	177635.0	26791.0	0.919433438319259	0.97615057013326	0.9999904289501507	0.13105475820101162	0.8689452417989884	0.8689452417989884	HG002	ultima	-1	-2	ont	sentdhuo
HUOv1_HG002_Z0032-sup-PAW70337_0-ont-sentdhuo-DEL_gt50	DEL_gt50	HUOv1_HG002_Z0032-sup-PAW70337_0	2799325643.0	2799325612.0	27.0	4.0	1360.0	0.005734767025089606	0.12903225806451613	0.9999995141689365	0.9970674486803519	0.0029325513196480912	0.002932551319648094	HG002	ultima	-1	-2	ont	sentdhuo
HUOv1_HG002_Z0032-sup-PAW70337_0-ont-sentdhuo-Indel_50	Indel_50	HUOv1_HG002_Z0032-sup-PAW70337_0	2799325643.0	2799307983.0	59.0	17601.0	1669.0	0.9532087733549959	0.9966591166477916	0.999999403781572	0.08661131292163986	0.9133886870783602	0.9133886870783602	HG002	ultima	-1	-2	ont	sentdhuo
HUOv1_HG002_Z0032-sup-PAW70337_0-ont-sentdhuo-Indel_gt50	Indel_gt50	HUOv1_HG002_Z0032-sup-PAW70337_0	2799325643.0	2799324768.0	9.0	866.0	415.0	0.8033395176252319	0.9897142857142858	0.9999998517499852	0.3239656518345043	0.6760343481654957	0.6760343481654957	HG002	ultima	-1	-2	ont	sentdhuo
HUOv1_HG002_Z0032-sup-PAW70337_0-ont-sentdhuo-All	All	HUOv1_HG002_Z0032-sup-PAW70337_0	2799325643.0	2795625179.0	10595.0	3689869.0	273153.0	0.9629740303564199	0.997136845541532	0.9999023022415109	0.06892543114824999	0.93107456885175	0.93107456885175	HG002	ultima	-1	-2	ont	sentdhuo
HUOv1_HG002_Z0032-sup-PAW70337_0-ont-sentdhuo-SNPts	SNPts	HUOv1_HG002_Z0032-sup-PAW70337_0	377862616.0	377586761.0	1464.0	274391.0	35097.0	0.9375391864257367	0.9946928640046401	0.9999070578165525	0.11340342759654655	0.8865965724034535	0.8865965724034535	HG002	clinvar_genes	-1	-2	ont	sentdhuo
HUOv1_HG002_Z0032-sup-PAW70337_0-ont-sentdhuo-SNPtv	SNPtv	HUOv1_HG002_Z0032-sup-PAW70337_0	377862616.0	377736797.0	1171.0	124648.0	20300.0	0.9207030398829991	0.990692979597676	0.9999462617640774	0.14005022490824295	0.8599497750917571	0.8599497750917571	HG002	clinvar_genes	-1	-2	ont	sentdhuo
HUOv1_HG002_Z0032-sup-PAW70337_0-ont-sentdhuo-INS_50	INS_50	HUOv1_HG002_Z0032-sup-PAW70337_0	377862616.0	377832342.0	4462.0	25812.0	9953.0	0.7817198927906238	0.8526128030653366	0.9999736583221844	0.27828882986159653	0.7217111701384035	0.7217111701384035	HG002	clinvar_genes	-1	-2	ont	sentdhuo
HUOv1_HG002_Z0032-sup-PAW70337_0-ont-sentdhuo-INS_gt50	INS_gt50	HUOv1_HG002_Z0032-sup-PAW70337_0	377862616.0	377862598.0	15.0	3.0	338.0	0.016713091922005572	0.16666666666666666	0.9999991054957558	0.9912023460410557	0.008797653958944274	0.008797653958944282	HG002	clinvar_genes	-1	-2	ont	sentdhuo
HUOv1_HG002_Z0032-sup-PAW70337_0-ont-sentdhuo-DEL_50	DEL_50	HUOv1_HG002_Z0032-sup-PAW70337_0	377862616.0	377830367.0	5910.0	26339.0	9077.0	0.7785117860045814	0.816738503519489	0.9999759765685025	0.25629658911226566	0.7437034108877343	0.7437034108877344	HG002	clinvar_genes	-1	-2	ont	sentdhuo
HUOv1_HG002_Z0032-sup-PAW70337_0-ont-sentdhuo-DEL_gt50	DEL_gt50	HUOv1_HG002_Z0032-sup-PAW70337_0	377862616.0	377862609.0	2.0	5.0	456.0	0.021367521367521368	0.7142857142857143	0.999998793213621	0.9891540130151844	0.010845986984815648	0.010845986984815618	HG002	clinvar_genes	-1	-2	ont	sentdhuo
HUOv1_HG002_Z0032-sup-PAW70337_0-ont-sentdhuo-Indel_50	Indel_50	HUOv1_HG002_Z0032-sup-PAW70337_0	377862616.0	377858580.0	1045.0	2991.0	1369.0	0.7124821343496904	0.7410802775024777	0.9999963769645245	0.3139908256880734	0.6860091743119265	0.6860091743119267	HG002	clinvar_genes	-1	-2	ont	sentdhuo
HUOv1_HG002_Z0032-sup-PAW70337_0-ont-sentdhuo-Indel_gt50	Indel_gt50	HUOv1_HG002_Z0032-sup-PAW70337_0	377862616.0	377862472.0	25.0	119.0	179.0	0.5384615384615383	0.8263888888888888	0.999999526282898	0.6006711409395973	0.3993288590604027	0.39932885906040266	HG002	clinvar_genes	-1	-2	ont	sentdhuo
HUOv1_HG002_Z0032-sup-PAW70337_0-ont-sentdhuo-All	All	HUOv1_HG002_Z0032-sup-PAW70337_0	377862616.0	377394214.0	14094.0	454308.0	76769.0	0.9090896357001998	0.9699104615266374	0.9997966227777567	0.14455342633930673	0.8554465736606933	0.8554465736606933	HG002	clinvar_genes	-1	-2	ont	sentdhuo
HUOv1_HG002_Z0032-sup-PAW70337_0-ont-sentdhuo-SNPts	SNPts	HUOv1_HG002_Z0032-sup-PAW70337_0	339556068.0	339287209.0	1046.0	267813.0	118.0	0.9978315542390879	0.9961094848972881	0.9999996522121795	0.00044041189709290824	0.9995595881029071	0.9995595881029071	HG002	giabHC_x_clinvar_genes	-1	-2	ont	sentdhuo
HUOv1_HG002_Z0032-sup-PAW70337_0-ont-sentdhuo-SNPtv	SNPtv	HUOv1_HG002_Z0032-sup-PAW70337_0	339556068.0	339433868.0	854.0	121346.0	74.0	0.9961907889335851	0.9930114566284779	0.9999997819899814	0.0006094547850436501	0.9993905452149564	0.9993905452149564	HG002	giabHC_x_clinvar_genes	-1	-2	ont	sentdhuo
HUOv1_HG002_Z0032-sup-PAW70337_0-ont-sentdhuo-INS_50	INS_50	HUOv1_HG002_Z0032-sup-PAW70337_0	339556068.0	339528575.0	3698.0	23795.0	504.0	0.9188677788075379	0.8654930345906231	0.9999985155910608	0.020741594304292357	0.9792584056957077	0.9792584056957077	HG002	giabHC_x_clinvar_genes	-1	-2	ont	sentdhuo
HUOv1_HG002_Z0032-sup-PAW70337_0-ont-sentdhuo-INS_gt50	INS_gt50	HUOv1_HG002_Z0032-sup-PAW70337_0	339556068.0	339556066.0	0.0	2.0	0.0	1.0	1.0	1.0	0.0	1.0	1.0	HG002	giabHC_x_clinvar_genes	-1	-2	ont	sentdhuo
HUOv1_HG002_Z0032-sup-PAW70337_0-ont-sentdhuo-DEL_50	DEL_50	HUOv1_HG002_Z0032-sup-PAW70337_0	339556068.0	339526655.0	5114.0	24299.0	213.0	0.9012146499768197	0.8261313024852956	0.9999993726564226	0.008689621409921671	0.9913103785900783	0.9913103785900783	HG002	giabHC_x_clinvar_genes	-1	-2	ont	sentdhuo
HUOv1_HG002_Z0032-sup-PAW70337_0-ont-sentdhuo-DEL_gt50	DEL_gt50	HUOv1_HG002_Z0032-sup-PAW70337_0	339556068.0	339556068.0	0.0	0.0	1.0			0.9999999970549783	1.0	0.0	0.0	HG002	giabHC_x_clinvar_genes	-1	-2	ont	sentdhuo
HUOv1_HG002_Z0032-sup-PAW70337_0-ont-sentdhuo-Indel_50	Indel_50	HUOv1_HG002_Z0032-sup-PAW70337_0	339556068.0	339552900.0	788.0	2380.0	58.0	0.8490902604352479	0.7512626262626263	0.999999829187175	0.02378999179655455	0.9762100082034455	0.9762100082034455	HG002	giabHC_x_clinvar_genes	-1	-2	ont	sentdhuo
HUOv1_HG002_Z0032-sup-PAW70337_0-ont-sentdhuo-Indel_gt50	Indel_gt50	HUOv1_HG002_Z0032-sup-PAW70337_0	339556068.0	339556032.0	0.0	36.0	0.0	1.0	1.0	1.0	0.0	1.0	1.0	HG002	giabHC_x_clinvar_genes	-1	-2	ont	sentdhuo
HUOv1_HG002_Z0032-sup-PAW70337_0-ont-sentdhuo-All	All	HUOv1_HG002_Z0032-sup-PAW70337_0	339556068.0	339104897.0	11500.0	439671.0	968.0	0.9860194436034582	0.9745107730771703	0.9999971454342141	0.0021968096332825736	0.9978031903667174	0.9978031903667174	HG002	giabHC_x_clinvar_genes	-1	-2	ont	sentdhuo
HUOv1_HG002_Z0032-sup-PAW70337_0-ont-sentdhuo-SNPts	SNPts	HUOv1_HG002_Z0032-sup-PAW70337_0	334331262.0	334071962.0	296.0	259004.0	34.0	0.9993633497833461	0.9988584650983416	0.999999898225531	0.0001312548738022993	0.9998687451261977	0.9998687451261977	HG002	giabHC_x_ultima_x_clinvar	-1	-2	ont	sentdhuo
HUOv1_HG002_Z0032-sup-PAW70337_0-ont-sentdhuo-SNPtv	SNPtv	HUOv1_HG002_Z0032-sup-PAW70337_0	334331262.0	334215397.0	210.0	115655.0	15.0	0.9990282246744553	0.9981875458507746	0.9999999551187664	0.00012967925996368982	0.9998703207400363	0.9998703207400363	HG002	giabHC_x_ultima_x_clinvar	-1	-2	ont	sentdhuo
HUOv1_HG002_Z0032-sup-PAW70337_0-ont-sentdhuo-INS_50	INS_50	HUOv1_HG002_Z0032-sup-PAW70337_0	334331262.0	334313377.0	232.0	17653.0	27.0	0.9927175593982848	0.987028235951915	0.999999919237459	0.0015271493212669683	0.998472850678733	0.998472850678733	HG002	giabHC_x_ultima_x_clinvar	-1	-2	ont	sentdhuo
HUOv1_HG002_Z0032-sup-PAW70337_0-ont-sentdhuo-INS_gt50	INS_gt50	HUOv1_HG002_Z0032-sup-PAW70337_0	334331262.0	334331261.0	0.0	1.0	0.0	1.0	1.0	1.0	0.0	1.0	1.0	HG002	giabHC_x_ultima_x_clinvar	-1	-2	ont	sentdhuo
HUOv1_HG002_Z0032-sup-PAW70337_0-ont-sentdhuo-DEL_50	DEL_50	HUOv1_HG002_Z0032-sup-PAW70337_0	334331262.0	334311530.0	459.0	19273.0	8.0	0.9880296311485914	0.976738293127914	0.9999999760702246	0.00041491623878429543	0.9995850837612157	0.9995850837612157	HG002	giabHC_x_ultima_x_clinvar	-1	-2	ont	sentdhuo
HUOv1_HG002_Z0032-sup-PAW70337_0-ont-sentdhuo-DEL_gt50	DEL_gt50	HUOv1_HG002_Z0032-sup-PAW70337_0	334331262.0	334331262.0	0.0	0.0	0.0			1.0				HG002	giabHC_x_ultima_x_clinvar	-1	-2	ont	sentdhuo
HUOv1_HG002_Z0032-sup-PAW70337_0-ont-sentdhuo-Indel_50	Indel_50	HUOv1_HG002_Z0032-sup-PAW70337_0	334331262.0	334329906.0	4.0	1352.0	0.0	0.9985228951255538	0.9970501474926253	1.0	0.0	1.0	1.0	HG002	giabHC_x_ultima_x_clinvar	-1	-2	ont	sentdhuo
HUOv1_HG002_Z0032-sup-PAW70337_0-ont-sentdhuo-Indel_gt50	Indel_gt50	HUOv1_HG002_Z0032-sup-PAW70337_0	334331262.0	334331233.0	0.0	29.0	0.0	1.0	1.0	1.0	0.0	1.0	1.0	HG002	giabHC_x_ultima_x_clinvar	-1	-2	ont	sentdhuo
HUOv1_HG002_Z0032-sup-PAW70337_0-ont-sentdhuo-All	All	HUOv1_HG002_Z0032-sup-PAW70337_0	334331262.0	333917094.0	1201.0	412967.0	84.0	0.9984466024112115	0.9971002105425818	0.9999997484406148	0.00020336471767408868	0.9997966352823259	0.9997966352823259	HG002	giabHC_x_ultima_x_clinvar	-1	-2	ont	sentdhuo
HUOv1_HG002_Z0032-sup-PAW70337_0-ont-sentdhuo-SNPts	SNPts	HUOv1_HG002_Z0032-sup-PAW70337_0	2518602953.0	2516379980.0	1764.0	2221209.0	177.0	0.9995632666038005	0.9992064680947542	0.9999999296608664	7.967998357782034e-05	0.9999203200164222	0.9999203200164222	HG002	giabHC_x_ultima	-1	-2	ont	sentdhuo
HUOv1_HG002_Z0032-sup-PAW70337_0-ont-sentdhuo-SNPtv	SNPtv	HUOv1_HG002_Z0032-sup-PAW70337_0	2518602953.0	2517558818.0	1204.0	1042931.0	90.0	0.9993800175933183	0.99884689240376	0.9999999642510847	8.628781203830029e-05	0.9999137121879617	0.9999137121879617	HG002	giabHC_x_ultima	-1	-2	ont	sentdhuo
HUOv1_HG002_Z0032-sup-PAW70337_0-ont-sentdhuo-INS_50	INS_50	HUOv1_HG002_Z0032-sup-PAW70337_0	2518602953.0	2518444844.0	1728.0	156381.0	203.0	0.993863860969262	0.9890708308824925	0.9999999193947073	0.0012964287538956725	0.9987035712461043	0.9987035712461043	HG002	giabHC_x_ultima	-1	-2	ont	sentdhuo
HUOv1_HG002_Z0032-sup-PAW70337_0-ont-sentdhuo-INS_gt50	INS_gt50	HUOv1_HG002_Z0032-sup-PAW70337_0	2518602953.0	2518602950.0	2.0	1.0	1.0	0.4	0.3333333333333333	0.9999999996029545	0.5	0.5	0.5	HG002	giabHC_x_ultima	-1	-2	ont	sentdhuo
HUOv1_HG002_Z0032-sup-PAW70337_0-ont-sentdhuo-DEL_50	DEL_50	HUOv1_HG002_Z0032-sup-PAW70337_0	2518602953.0	2518431197.0	3723.0	168033.0	74.0	0.9888278512224044	0.9783239013484245	0.9999999706166292	0.0004401958276573849	0.9995598041723426	0.9995598041723426	HG002	giabHC_x_ultima	-1	-2	ont	sentdhuo
HUOv1_HG002_Z0032-sup-PAW70337_0-ont-sentdhuo-DEL_gt50	DEL_gt50	HUOv1_HG002_Z0032-sup-PAW70337_0	2518602953.0	2518602953.0	0.0	0.0	1.0			0.9999999996029545	1.0	0.0	0.0	HG002	giabHC_x_ultima	-1	-2	ont	sentdhuo
HUOv1_HG002_Z0032-sup-PAW70337_0-ont-sentdhuo-Indel_50	Indel_50	HUOv1_HG002_Z0032-sup-PAW70337_0	2518602953.0	2518588695.0	40.0	14218.0	3.0	0.9984901155237191	0.9971945574414364	0.9999999988088567	0.00021095562899936713	0.9997890443710006	0.9997890443710006	HG002	giabHC_x_ultima	-1	-2	ont	sentdhuo
HUOv1_HG002_Z0032-sup-PAW70337_0-ont-sentdhuo-Indel_gt50	Indel_gt50	HUOv1_HG002_Z0032-sup-PAW70337_0	2518602953.0	2518602598.0	0.0	355.0	0.0	1.0	1.0	1.0	0.0	1.0	1.0	HG002	giabHC_x_ultima	-1	-2	ont	sentdhuo
HUOv1_HG002_Z0032-sup-PAW70337_0-ont-sentdhuo-All	All	HUOv1_HG002_Z0032-sup-PAW70337_0	2518602953.0	2514991364.0	8461.0	3603128.0	549.0	0.9987512587893503	0.9976572638802478	0.9999997817090396	0.00015234439712549154	0.9998476556028745	0.9998476556028745	HG002	giabHC_x_ultima	-1	-2	ont	sentdhuo
HUOv1_HG002_Z0032-sup-PAW70337_0-ont-sentdhuo-SNPts	SNPts	HUOv1_HG002_Z0032-sup-PAW70337_0	3088286401.0	3085944660.0	8833.0	2332908.0	474692.0	0.9060996348853183	0.9962280200927429	0.9998461997720134	0.16907394215700242	0.8309260578429976	0.8309260578429976	HG002	hg38	-1	-2	ont	sentdhuo
HUOv1_HG002_Z0032-sup-PAW70337_0-ont-sentdhuo-SNPtv	SNPtv	HUOv1_HG002_Z0032-sup-PAW70337_0	3088286401.0	3087169701.0	7809.0	1108891.0	438964.0	0.8323273492196633	0.9930070744156891	0.9998578304287794	0.2835950395870414	0.7164049604129585	0.7164049604129585	HG002	hg38	-1	-2	ont	sentdhuo
HUOv1_HG002_Z0032-sup-PAW70337_0-ont-sentdhuo-INS_50	INS_50	HUOv1_HG002_Z0032-sup-PAW70337_0	3088286401.0	3088021767.0	37575.0	227059.0	96657.0	0.7718500892325997	0.858011442218309	0.9999687003583643	0.2985857974273746	0.7014142025726253	0.7014142025726254	HG002	hg38	-1	-2	ont	sentdhuo
HUOv1_HG002_Z0032-sup-PAW70337_0-ont-sentdhuo-INS_gt50	INS_gt50	HUOv1_HG002_Z0032-sup-PAW70337_0	3088286401.0	3088286284.0	96.0	21.0	2575.0	0.015481017323995575	0.1794871794871795	0.9999991662049382	0.9919106317411402	0.008089368258859753	0.008089368258859784	HG002	hg38	-1	-2	ont	sentdhuo
HUOv1_HG002_Z0032-sup-PAW70337_0-ont-sentdhuo-DEL_50	DEL_50	HUOv1_HG002_Z0032-sup-PAW70337_0	3088286401.0	3088005743.0	51591.0	229067.0	90204.0	0.7636470315654019	0.8161784093095511	0.9999707897676924	0.28253114125617423	0.7174688587438258	0.7174688587438258	HG002	hg38	-1	-2	ont	sentdhuo
HUOv1_HG002_Z0032-sup-PAW70337_0-ont-sentdhuo-DEL_gt50	DEL_gt50	HUOv1_HG002_Z0032-sup-PAW70337_0	3088286401.0	3088286348.0	41.0	12.0	3198.0	0.007355194606190623	0.22641509433962265	0.9999989644753342	0.9962616822429906	0.0037383177570093906	0.003738317757009346	HG002	hg38	-1	-2	ont	sentdhuo
HUOv1_HG002_Z0032-sup-PAW70337_0-ont-sentdhuo-Indel_50	Indel_50	HUOv1_HG002_Z0032-sup-PAW70337_0	3088286401.0	3088244916.0	10415.0	31070.0	12638.0	0.7294026504525019	0.7489454019525129	0.999995907724735	0.2891461517342363	0.7108538482657637	0.7108538482657637	HG002	hg38	-1	-2	ont	sentdhuo
HUOv1_HG002_Z0032-sup-PAW70337_0-ont-sentdhuo-Indel_gt50	Indel_gt50	HUOv1_HG002_Z0032-sup-PAW70337_0	3088286401.0	3088284920.0	270.0	1211.0	1507.0	0.5768040009526078	0.8176907494935854	0.9999995120271271	0.5544518027961737	0.4455481972038263	0.4455481972038263	HG002	hg38	-1	-2	ont	sentdhuo
HUOv1_HG002_Z0032-sup-PAW70337_0-ont-sentdhuo-All	All	HUOv1_HG002_Z0032-sup-PAW70337_0	3088286401.0	3084239532.0	116630.0	3930239.0	1120435.0	0.8640220771696269	0.9711801889312454	0.9996368543664325	0.2218387090515048	0.7781612909484952	0.7781612909484952	HG002	hg38	-1	-2	ont	sentdhuo
HUOv1_HG002_Z0032-sup-PAW70337_0-ont-sentdhuo-SNPts	SNPts	HUOv1_HG002_Z0032-sup-PAW70337_0	2542242843.0	2539963493.0	5514.0	2273836.0	599.0	0.998657600216084	0.997580889288613	0.9999997641698944	0.0002633621097107633	0.9997366378902892	0.9997366378902892	HG002	giabHC	-1	-2	ont	sentdhuo
HUOv1_HG002_Z0032-sup-PAW70337_0-ont-sentdhuo-SNPtv	SNPtv	HUOv1_HG002_Z0032-sup-PAW70337_0	2542242843.0	2541158249.0	5109.0	1079485.0	392.0	0.9974585014075033	0.9952894815940343	0.9999998457396584	0.00036300430511993496	0.9996369956948801	0.9996369956948801	HG002	giabHC	-1	-2	ont	sentdhuo
HUOv1_HG002_Z0032-sup-PAW70337_0-ont-sentdhuo-INS_50	INS_50	HUOv1_HG002_Z0032-sup-PAW70337_0	2542242843.0	2542004651.0	30292.0	207900.0	4407.0	0.9229765215905029	0.8728252838046617	0.9999982663319054	0.020757676383727337	0.9792423236162726	0.9792423236162726	HG002	giabHC	-1	-2	ont	sentdhuo
HUOv1_HG002_Z0032-sup-PAW70337_0-ont-sentdhuo-INS_gt50	INS_gt50	HUOv1_HG002_Z0032-sup-PAW70337_0	2542242843.0	2542242828.0	10.0	5.0	1.0	0.47619047619047616	0.3333333333333333	0.9999999996066465	0.16666666666666666	0.8333333333333334	0.8333333333333334	HG002	giabHC	-1	-2	ont	sentdhuo
HUOv1_HG002_Z0032-sup-PAW70337_0-ont-sentdhuo-DEL_50	DEL_50	HUOv1_HG002_Z0032-sup-PAW70337_0	2542242843.0	2541988388.0	44271.0	210184.0	1841.0	0.9011490310409878	0.8260163879664381	0.9999992757643287	0.00868293833274378	0.9913170616672562	0.9913170616672562	HG002	giabHC	-1	-2	ont	sentdhuo
HUOv1_HG002_Z0032-sup-PAW70337_0-ont-sentdhuo-DEL_gt50	DEL_gt50	HUOv1_HG002_Z0032-sup-PAW70337_0	2542242843.0	2542242839.0	1.0	3.0	3.0	0.6	0.75	0.9999999988199396	0.5	0.5	0.5	HG002	giabHC	-1	-2	ont	sentdhuo
HUOv1_HG002_Z0032-sup-PAW70337_0-ont-sentdhuo-Indel_50	Indel_50	HUOv1_HG002_Z0032-sup-PAW70337_0	2542242843.0	2542210559.0	7867.0	24417.0	590.0	0.852385191391318	0.7563189195886507	0.9999997679185695	0.023593393849722078	0.976406606150278	0.976406606150278	HG002	giabHC	-1	-2	ont	sentdhuo
HUOv1_HG002_Z0032-sup-PAW70337_0-ont-sentdhuo-Indel_gt50	Indel_gt50	HUOv1_HG002_Z0032-sup-PAW70337_0	2542242843.0	2542242377.0	17.0	449.0	1.0	0.980349344978166	0.9635193133047211	0.9999999996066464	0.0022222222222222222	0.9977777777777778	0.9977777777777778	HG002	giabHC	-1	-2	ont	sentdhuo
HUOv1_HG002_Z0032-sup-PAW70337_0-ont-sentdhuo-All	All	HUOv1_HG002_Z0032-sup-PAW70337_0	2542242843.0	2538353483.0	93081.0	3796279.0	7834.0	0.9868830370887115	0.976067784931197	0.9999969137569393	0.0020593499719908427	0.9979406500280091	0.9979406500280091	HG002	giabHC	-1	-2	ont	sentdhuo
HUOv1_HG002_Z0032-sup-PAW71238_0-ont-sentdhuo-SNPts	SNPts	HUOv1_HG002_Z0032-sup-PAW71238_0	3088286401.0	3085944644.0	7387.0	2334370.0	468690.0	0.9074647358691281	0.996845530941084	0.9998481441241726	0.16720655283868344	0.8327934471613165	0.8327934471613165	HG002	hg38	-1	-2	ont	sentdhuo
HUOv1_HG002_Z0032-sup-PAW71238_0-ont-sentdhuo-SNPtv	SNPtv	HUOv1_HG002_Z0032-sup-PAW71238_0	3088286401.0	3087169726.0	6692.0	1109983.0	426809.0	0.8366284562800291	0.9940072089014261	0.9998617665892672	0.27772723960041434	0.7222727603995857	0.7222727603995857	HG002	hg38	-1	-2	ont	sentdhuo
HUOv1_HG002_Z0032-sup-PAW71238_0-ont-sentdhuo-INS_50	INS_50	HUOv1_HG002_Z0032-sup-PAW71238_0	3088286401.0	3088021260.0	38727.0	226414.0	95392.0	0.7714972561406737	0.8539380933163864	0.9999691099751888	0.2964270398936005	0.7035729601063996	0.7035729601063995	HG002	hg38	-1	-2	ont	sentdhuo
HUOv1_HG002_Z0032-sup-PAW71238_0-ont-sentdhuo-INS_gt50	INS_gt50	HUOv1_HG002_Z0032-sup-PAW71238_0	3088286401.0	3088286284.0	93.0	24.0	2582.0	0.017627616599338963	0.20512820512820512	0.9999991639383128	0.9907904834996163	0.009209516500383708	0.00920951650038373	HG002	hg38	-1	-2	ont	sentdhuo
HUOv1_HG002_Z0032-sup-PAW71238_0-ont-sentdhuo-DEL_50	DEL_50	HUOv1_HG002_Z0032-sup-PAW71238_0	3088286401.0	3088005413.0	53110.0	227878.0	89337.0	0.7618751494058037	0.8109883696100901	0.9999710705120042	0.2816291789480321	0.7183708210519679	0.7183708210519679	HG002	hg38	-1	-2	ont	sentdhuo
HUOv1_HG002_Z0032-sup-PAW71238_0-ont-sentdhuo-DEL_gt50	DEL_gt50	HUOv1_HG002_Z0032-sup-PAW71238_0	3088286401.0	3088286348.0	42.0	11.0	3147.0	0.006851448146994706	0.20754716981132076	0.999998980989313	0.9965167827739075	0.003483217226092461	0.0034832172260924636	HG002	hg38	-1	-2	ont	sentdhuo
HUOv1_HG002_Z0032-sup-PAW71238_0-ont-sentdhuo-Indel_50	Indel_50	HUOv1_HG002_Z0032-sup-PAW71238_0	3088286401.0	3088245724.0	10526.0	30151.0	12013.0	0.7279245784092419	0.7412296875384123	0.9999961101044592	0.28491129873826015	0.7150887012617398	0.7150887012617398	HG002	hg38	-1	-2	ont	sentdhuo
HUOv1_HG002_Z0032-sup-PAW71238_0-ont-sentdhuo-Indel_gt50	Indel_gt50	HUOv1_HG002_Z0032-sup-PAW71238_0	3088286401.0	3088284928.0	274.0	1199.0	1473.0	0.5785283474065138	0.8139850644942295	0.9999995230364647	0.5512724550898204	0.44872754491017963	0.44872754491017963	HG002	hg38	-1	-2	ont	sentdhuo
HUOv1_HG002_Z0032-sup-PAW71238_0-ont-sentdhuo-All	All	HUOv1_HG002_Z0032-sup-PAW71238_0	3088286401.0	3084239520.0	116851.0	3930030.0	1099443.0	0.8659931069237714	0.9711256644314473	0.9996436556847773	0.2186000402030193	0.7813999597969807	0.7813999597969807	HG002	hg38	-1	-2	ont	sentdhuo
HUOv1_HG002_Z0032-sup-PAW71238_0-ont-sentdhuo-SNPts	SNPts	HUOv1_HG002_Z0032-sup-PAW71238_0	2542242843.0	2539963487.0	4466.0	2274890.0	685.0	0.9988691376444562	0.9980406746466984	0.9999997303111565	0.0003010228184085341	0.9996989771815915	0.9996989771815915	HG002	giabHC	-1	-2	ont	sentdhuo
HUOv1_HG002_Z0032-sup-PAW71238_0-ont-sentdhuo-SNPtv	SNPtv	HUOv1_HG002_Z0032-sup-PAW71238_0	2542242843.0	2541158251.0	4344.0	1080248.0	443.0	0.9977892035359812	0.9959948072639296	0.9999998256700768	0.0004099229104341574	0.9995900770895658	0.9995900770895658	HG002	giabHC	-1	-2	ont	sentdhuo
HUOv1_HG002_Z0032-sup-PAW71238_0-ont-sentdhuo-INS_50	INS_50	HUOv1_HG002_Z0032-sup-PAW71238_0	2542242843.0	2542004228.0	31485.0	207130.0	4433.0	0.9202137821039679	0.8680510445697044	0.9999982561035027	0.02095356938595123	0.9790464306140487	0.9790464306140487	HG002	giabHC	-1	-2	ont	sentdhuo
HUOv1_HG002_Z0032-sup-PAW71238_0-ont-sentdhuo-INS_gt50	INS_gt50	HUOv1_HG002_Z0032-sup-PAW71238_0	2542242843.0	2542242828.0	10.0	5.0	1.0	0.47619047619047616	0.3333333333333333	0.9999999996066465	0.16666666666666666	0.8333333333333334	0.8333333333333334	HG002	giabHC	-1	-2	ont	sentdhuo
HUOv1_HG002_Z0032-sup-PAW71238_0-ont-sentdhuo-DEL_50	DEL_50	HUOv1_HG002_Z0032-sup-PAW71238_0	2542242843.0	2541988102.0	45767.0	208974.0	1713.0	0.8979863695351376	0.8203390895065968	0.9999993261184644	0.008130544362015692	0.9918694556379843	0.9918694556379843	HG002	giabHC	-1	-2	ont	sentdhuo
HUOv1_HG002_Z0032-sup-PAW71238_0-ont-sentdhuo-DEL_gt50	DEL_gt50	HUOv1_HG002_Z0032-sup-PAW71238_0	2542242843.0	2542242839.0	1.0	3.0	3.0	0.6	0.75	0.9999999988199396	0.5	0.5	0.5	HG002	giabHC	-1	-2	ont	sentdhuo
HUOv1_HG002_Z0032-sup-PAW71238_0-ont-sentdhuo-Indel_50	Indel_50	HUOv1_HG002_Z0032-sup-PAW71238_0	2542242843.0	2542211267.0	7966.0	23610.0	509.0	0.8478319418260166	0.7477197871801368	0.9999997997806458	0.021103694183009246	0.9788963058169907	0.9788963058169907	HG002	giabHC	-1	-2	ont	sentdhuo
HUOv1_HG002_Z0032-sup-PAW71238_0-ont-sentdhuo-Indel_gt50	Indel_gt50	HUOv1_HG002_Z0032-sup-PAW71238_0	2542242843.0	2542242378.0	17.0	448.0	1.0	0.9803063457330418	0.9634408602150538	0.9999999996066464	0.0022271714922048997	0.9977728285077951	0.9977728285077951	HG002	giabHC	-1	-2	ont	sentdhuo
HUOv1_HG002_Z0032-sup-PAW71238_0-ont-sentdhuo-All	All	HUOv1_HG002_Z0032-sup-PAW71238_0	2542242843.0	2538353479.0	94056.0	3795308.0	7788.0	0.9867605421412656	0.975817125884849	0.9999969318788066	0.002047805261818266	0.9979521947381818	0.9979521947381818	HG002	giabHC	-1	-2	ont	sentdhuo
HUOv1_HG002_Z0032-sup-PAW71238_0-ont-sentdhuo-SNPts	SNPts	HUOv1_HG002_Z0032-sup-PAW71238_0	377862616.0	377586757.0	1235.0	274624.0	35860.0	0.9367349827660603	0.9955230751942116	0.9999050374676048	0.11549709485835019	0.8845029051416498	0.8845029051416499	HG002	clinvar_genes	-1	-2	ont	sentdhuo
HUOv1_HG002_Z0032-sup-PAW71238_0-ont-sentdhuo-SNPtv	SNPtv	HUOv1_HG002_Z0032-sup-PAW71238_0	377862616.0	377736798.0	976.0	124842.0	20827.0	0.9196904455830297	0.9922427633565944	0.9999448667647675	0.14297482649019352	0.8570251735098064	0.8570251735098064	HG002	clinvar_genes	-1	-2	ont	sentdhuo
HUOv1_HG002_Z0032-sup-PAW71238_0-ont-sentdhuo-INS_50	INS_50	HUOv1_HG002_Z0032-sup-PAW71238_0	377862616.0	377832305.0	4584.0	25727.0	9942.0	0.7798423764777206	0.8487677740754181	0.9999736874315169	0.27872942891586533	0.7212705710841347	0.7212705710841347	HG002	clinvar_genes	-1	-2	ont	sentdhuo
HUOv1_HG002_Z0032-sup-PAW71238_0-ont-sentdhuo-INS_gt50	INS_gt50	HUOv1_HG002_Z0032-sup-PAW71238_0	377862616.0	377862598.0	13.0	5.0	335.0	0.02793296089385475	0.2777777777777778	0.9999991134351355	0.9852941176470589	0.014705882352941124	0.014705882352941176	HG002	clinvar_genes	-1	-2	ont	sentdhuo
HUOv1_HG002_Z0032-sup-PAW71238_0-ont-sentdhuo-DEL_50	DEL_50	HUOv1_HG002_Z0032-sup-PAW71238_0	377862616.0	377830308.0	6040.0	26268.0	8986.0	0.7775968739824161	0.8130493995295283	0.9999762174021001	0.25489306178022353	0.7451069382197765	0.7451069382197765	HG002	clinvar_genes	-1	-2	ont	sentdhuo
HUOv1_HG002_Z0032-sup-PAW71238_0-ont-sentdhuo-DEL_gt50	DEL_gt50	HUOv1_HG002_Z0032-sup-PAW71238_0	377862616.0	377862609.0	2.0	5.0	440.0	0.02212389380530973	0.7142857142857143	0.9999988355569533	0.9887640449438202	0.011235955056179803	0.011235955056179775	HG002	clinvar_genes	-1	-2	ont	sentdhuo
HUOv1_HG002_Z0032-sup-PAW71238_0-ont-sentdhuo-Indel_50	Indel_50	HUOv1_HG002_Z0032-sup-PAW71238_0	377862616.0	377858669.0	1058.0	2889.0	1276.0	0.7122781065088757	0.731948315176083	0.9999966230874247	0.3063625450180072	0.6936374549819928	0.6936374549819928	HG002	clinvar_genes	-1	-2	ont	sentdhuo
HUOv1_HG002_Z0032-sup-PAW71238_0-ont-sentdhuo-Indel_gt50	Indel_gt50	HUOv1_HG002_Z0032-sup-PAW71238_0	377862616.0	377862471.0	26.0	119.0	168.0	0.5509259259259258	0.8206896551724138	0.9999995553939907	0.5853658536585366	0.41463414634146345	0.4146341463414634	HG002	clinvar_genes	-1	-2	ont	sentdhuo
HUOv1_HG002_Z0032-sup-PAW71238_0-ont-sentdhuo-All	All	HUOv1_HG002_Z0032-sup-PAW71238_0	377862616.0	377394203.0	13934.0	454479.0	77834.0	0.9082985752343797	0.9702527470416065	0.9997938019445928	0.14621848423765718	0.8537815157623428	0.8537815157623428	HG002	clinvar_genes	-1	-2	ont	sentdhuo
HUOv1_HG002_Z0032-sup-PAW71238_0-ont-sentdhuo-SNPts	SNPts	HUOv1_HG002_Z0032-sup-PAW71238_0	2799325643.0	2797057664.0	1855.0	2266124.0	141666.0	0.9693053698760568	0.9991820911922024	0.9999493543422234	0.05883652644125941	0.9411634735587406	0.9411634735587406	HG002	ultima	-1	-2	ont	sentdhuo
HUOv1_HG002_Z0032-sup-PAW71238_0-ont-sentdhuo-SNPtv	SNPtv	HUOv1_HG002_Z0032-sup-PAW71238_0	2799325643.0	2798260408.0	1322.0	1063913.0	78950.0	0.9636465410502614	0.9987589592906729	0.9999717868385855	0.0690808959604082	0.9309191040395918	0.9309191040395918	HG002	ultima	-1	-2	ont	sentdhuo
HUOv1_HG002_Z0032-sup-PAW71238_0-ont-sentdhuo-INS_50	INS_50	HUOv1_HG002_Z0032-sup-PAW71238_0	2799325643.0	2799158935.0	2185.0	164523.0	22446.0	0.9303573599640349	0.9868932504738824	0.9999919812270286	0.12005198722782921	0.8799480127721708	0.8799480127721708	HG002	ultima	-1	-2	ont	sentdhuo
HUOv1_HG002_Z0032-sup-PAW71238_0-ont-sentdhuo-INS_gt50	INS_gt50	HUOv1_HG002_Z0032-sup-PAW71238_0	2799325643.0	2799325609.0	27.0	7.0	606.0	0.021638330757341576	0.20588235294117646	0.9999997835193352	0.9885807504078303	0.011419249592169667	0.011419249592169658	HG002	ultima	-1	-2	ont	sentdhuo
HUOv1_HG002_Z0032-sup-PAW71238_0-ont-sentdhuo-DEL_50	DEL_50	HUOv1_HG002_Z0032-sup-PAW71238_0	2799325643.0	2799143666.0	4959.0	177018.0	26853.0	0.9175530260620762	0.9727493034834073	0.999990406800937	0.13171564371587915	0.8682843562841208	0.8682843562841208	HG002	ultima	-1	-2	ont	sentdhuo
HUOv1_HG002_Z0032-sup-PAW71238_0-ont-sentdhuo-DEL_gt50	DEL_gt50	HUOv1_HG002_Z0032-sup-PAW71238_0	2799325643.0	2799325612.0	27.0	4.0	1354.0	0.005759539236861052	0.12903225806451613	0.9999995163123078	0.9970544918998527	0.002945508100147265	0.0029455081001472753	HG002	ultima	-1	-2	ont	sentdhuo
HUOv1_HG002_Z0032-sup-PAW71238_0-ont-sentdhuo-Indel_50	Indel_50	HUOv1_HG002_Z0032-sup-PAW71238_0	2799325643.0	2799308005.0	56.0	17582.0	1660.0	0.953470715835141	0.9968250368522508	0.9999994069966532	0.08626961854277101	0.913730381457229	0.913730381457229	HG002	ultima	-1	-2	ont	sentdhuo
HUOv1_HG002_Z0032-sup-PAW71238_0-ont-sentdhuo-Indel_gt50	Indel_gt50	HUOv1_HG002_Z0032-sup-PAW71238_0	2799325643.0	2799324770.0	11.0	862.0	413.0	0.8026070763500931	0.9873997709049256	0.999999852464443	0.323921568627451	0.676078431372549	0.676078431372549	HG002	ultima	-1	-2	ont	sentdhuo
HUOv1_HG002_Z0032-sup-PAW71238_0-ont-sentdhuo-All	All	HUOv1_HG002_Z0032-sup-PAW71238_0	2799325643.0	2795625168.0	10442.0	3690033.0	273948.0	0.9628949530142779	0.9971782000959336	0.9999020179238828	0.06910931207793378	0.9308906879220662	0.9308906879220662	HG002	ultima	-1	-2	ont	sentdhuo
HUOv1_HG002_Z0032-sup-PAW71238_0-ont-sentdhuo-SNPts	SNPts	HUOv1_HG002_Z0032-sup-PAW71238_0	339556068.0	339287208.0	899.0	267961.0	133.0	0.9980780476539891	0.99665625232463	0.9999996080018795	0.0004960946533678486	0.9995039053466321	0.9995039053466321	HG002	giabHC_x_clinvar_genes	-1	-2	ont	sentdhuo
HUOv1_HG002_Z0032-sup-PAW71238_0-ont-sentdhuo-SNPtv	SNPtv	HUOv1_HG002_Z0032-sup-PAW71238_0	339556068.0	339433872.0	726.0	121470.0	87.0	0.9966646564349977	0.9940587253265246	0.9999997436909369	0.0007157136158345468	0.9992842863841654	0.9992842863841654	HG002	giabHC_x_clinvar_genes	-1	-2	ont	sentdhuo
HUOv1_HG002_Z0032-sup-PAW71238_0-ont-sentdhuo-INS_50	INS_50	HUOv1_HG002_Z0032-sup-PAW71238_0	339556068.0	339528539.0	3823.0	23706.0	511.0	0.9162447338924748	0.8611282647390025	0.9999984949741414	0.02110087954742536	0.9788991204525747	0.9788991204525747	HG002	giabHC_x_clinvar_genes	-1	-2	ont	sentdhuo
HUOv1_HG002_Z0032-sup-PAW71238_0-ont-sentdhuo-INS_gt50	INS_gt50	HUOv1_HG002_Z0032-sup-PAW71238_0	339556068.0	339556066.0	0.0	2.0	0.0	1.0	1.0	1.0	0.0	1.0	1.0	HG002	giabHC_x_clinvar_genes	-1	-2	ont	sentdhuo
HUOv1_HG002_Z0032-sup-PAW71238_0-ont-sentdhuo-DEL_50	DEL_50	HUOv1_HG002_Z0032-sup-PAW71238_0	339556068.0	339526604.0	5262.0	24202.0	190.0	0.8987670825906121	0.8214091773011132	0.9999994403976259	0.007789439160380452	0.9922105608396196	0.9922105608396196	HG002	giabHC_x_clinvar_genes	-1	-2	ont	sentdhuo
HUOv1_HG002_Z0032-sup-PAW71238_0-ont-sentdhuo-DEL_gt50	DEL_gt50	HUOv1_HG002_Z0032-sup-PAW71238_0	339556068.0	339556068.0	0.0	0.0	1.0			0.9999999970549783	1.0	0.0	0.0	HG002	giabHC_x_clinvar_genes	-1	-2	ont	sentdhuo
HUOv1_HG002_Z0032-sup-PAW71238_0-ont-sentdhuo-Indel_50	Indel_50	HUOv1_HG002_Z0032-sup-PAW71238_0	339556068.0	339552980.0	802.0	2286.0	54.0	0.8422991893883566	0.7402849740932642	0.9999998409674054	0.023076923076923078	0.9769230769230769	0.9769230769230769	HG002	giabHC_x_clinvar_genes	-1	-2	ont	sentdhuo
HUOv1_HG002_Z0032-sup-PAW71238_0-ont-sentdhuo-Indel_gt50	Indel_gt50	HUOv1_HG002_Z0032-sup-PAW71238_0	339556068.0	339556032.0	0.0	36.0	0.0	1.0	1.0	1.0	0.0	1.0	1.0	HG002	giabHC_x_clinvar_genes	-1	-2	ont	sentdhuo
HUOv1_HG002_Z0032-sup-PAW71238_0-ont-sentdhuo-All	All	HUOv1_HG002_Z0032-sup-PAW71238_0	339556068.0	339104893.0	11512.0	439663.0	976.0	0.9859970801086324	0.9744844018396409	0.9999971218427953	0.0022149650847973056	0.9977850349152027	0.9977850349152027	HG002	giabHC_x_clinvar_genes	-1	-2	ont	sentdhuo
HUOv1_HG002_Z0032-sup-PAW71238_0-ont-sentdhuo-SNPts	SNPts	HUOv1_HG002_Z0032-sup-PAW71238_0	334331262.0	334071962.0	223.0	259077.0	37.0	0.9994984703345202	0.9991399922869263	0.9999998892454318	0.0001427942913157915	0.9998572057086842	0.9998572057086842	HG002	giabHC_x_ultima_x_clinvar	-1	-2	ont	sentdhuo
HUOv1_HG002_Z0032-sup-PAW71238_0-ont-sentdhuo-SNPtv	SNPtv	HUOv1_HG002_Z0032-sup-PAW71238_0	334331262.0	334215397.0	170.0	115695.0	15.0	0.9992011227464105	0.9985327752125318	0.9999999551187664	0.00012963443090484831	0.9998703655690951	0.9998703655690951	HG002	giabHC_x_ultima_x_clinvar	-1	-2	ont	sentdhuo
HUOv1_HG002_Z0032-sup-PAW71238_0-ont-sentdhuo-INS_50	INS_50	HUOv1_HG002_Z0032-sup-PAW71238_0	334331262.0	334313376.0	251.0	17635.0	17.0	0.9924587765209072	0.9859666778485967	0.9999999491495095	0.0009630636755041922	0.9990369363244959	0.9990369363244959	HG002	giabHC_x_ultima_x_clinvar	-1	-2	ont	sentdhuo
HUOv1_HG002_Z0032-sup-PAW71238_0-ont-sentdhuo-INS_gt50	INS_gt50	HUOv1_HG002_Z0032-sup-PAW71238_0	334331262.0	334331261.0	0.0	1.0	0.0	1.0	1.0	1.0	0.0	1.0	1.0	HG002	giabHC_x_ultima_x_clinvar	-1	-2	ont	sentdhuo
HUOv1_HG002_Z0032-sup-PAW71238_0-ont-sentdhuo-DEL_50	DEL_50	HUOv1_HG002_Z0032-sup-PAW71238_0	334331262.0	334311526.0	530.0	19206.0	9.0	0.9861621011013838	0.9731455208755574	0.9999999730790025	0.000468384074941452	0.9995316159250586	0.9995316159250586	HG002	giabHC_x_ultima_x_clinvar	-1	-2	ont	sentdhuo
HUOv1_HG002_Z0032-sup-PAW71238_0-ont-sentdhuo-DEL_gt50	DEL_gt50	HUOv1_HG002_Z0032-sup-PAW71238_0	334331262.0	334331262.0	0.0	0.0	0.0			1.0				HG002	giabHC_x_ultima_x_clinvar	-1	-2	ont	sentdhuo
HUOv1_HG002_Z0032-sup-PAW71238_0-ont-sentdhuo-Indel_50	Indel_50	HUOv1_HG002_Z0032-sup-PAW71238_0	334331262.0	334329910.0	4.0	1348.0	0.0	0.9985185185185186	0.9970414201183432	1.0	0.0	1.0	1.0	HG002	giabHC_x_ultima_x_clinvar	-1	-2	ont	sentdhuo
HUOv1_HG002_Z0032-sup-PAW71238_0-ont-sentdhuo-Indel_gt50	Indel_gt50	HUOv1_HG002_Z0032-sup-PAW71238_0	334331262.0	334331233.0	0.0	29.0	0.0	1.0	1.0	1.0	0.0	1.0	1.0	HG002	giabHC_x_ultima_x_clinvar	-1	-2	ont	sentdhuo
HUOv1_HG002_Z0032-sup-PAW71238_0-ont-sentdhuo-All	All	HUOv1_HG002_Z0032-sup-PAW71238_0	334331262.0	333917093.0	1178.0	412991.0	78.0	0.9984816945062969	0.9971557504303799	0.9999997664091375	0.00018883043752980738	0.9998111695624702	0.9998111695624702	HG002	giabHC_x_ultima_x_clinvar	-1	-2	ont	sentdhuo
HUOv1_HG002_Z0032-sup-PAW71238_0-ont-sentdhuo-SNPts	SNPts	HUOv1_HG002_Z0032-sup-PAW71238_0	2518602953.0	2516379972.0	1307.0	2221674.0	212.0	0.9996582574911691	0.9994120507552696	0.9999999157519991	9.54144362041977e-05	0.9999045855637958	0.9999045855637958	HG002	giabHC_x_ultima	-1	-2	ont	sentdhuo
HUOv1_HG002_Z0032-sup-PAW71238_0-ont-sentdhuo-SNPtv	SNPtv	HUOv1_HG002_Z0032-sup-PAW71238_0	2518602953.0	2517558807.0	960.0	1043186.0	96.0	0.9994941142880138	0.9990805883468404	0.9999999618678237	9.201730692181022e-05	0.9999079826930782	0.9999079826930782	HG002	giabHC_x_ultima	-1	-2	ont	sentdhuo
HUOv1_HG002_Z0032-sup-PAW71238_0-ont-sentdhuo-INS_50	INS_50	HUOv1_HG002_Z0032-sup-PAW71238_0	2518602953.0	2518444832.0	1844.0	156277.0	188.0	0.9935407170058426	0.9883380449149701	0.9999999253507627	0.0012015466717796312	0.9987984533282204	0.9987984533282204	HG002	giabHC_x_ultima	-1	-2	ont	sentdhuo
HUOv1_HG002_Z0032-sup-PAW71238_0-ont-sentdhuo-INS_gt50	INS_gt50	HUOv1_HG002_Z0032-sup-PAW71238_0	2518602953.0	2518602950.0	2.0	1.0	0.0	0.5	0.3333333333333333	1.0	0.0	1.0	1.0	HG002	giabHC_x_ultima	-1	-2	ont	sentdhuo
HUOv1_HG002_Z0032-sup-PAW71238_0-ont-sentdhuo-DEL_50	DEL_50	HUOv1_HG002_Z0032-sup-PAW71238_0	2518602953.0	2518431187.0	4354.0	167412.0	87.0	0.9869099376593518	0.9746515608444046	0.9999999654546856	0.0005194060860064837	0.9994805939139935	0.9994805939139935	HG002	giabHC_x_ultima	-1	-2	ont	sentdhuo
HUOv1_HG002_Z0032-sup-PAW71238_0-ont-sentdhuo-DEL_gt50	DEL_gt50	HUOv1_HG002_Z0032-sup-PAW71238_0	2518602953.0	2518602953.0	0.0	0.0	2.0			0.999999999205909	1.0	0.0	0.0	HG002	giabHC_x_ultima	-1	-2	ont	sentdhuo
HUOv1_HG002_Z0032-sup-PAW71238_0-ont-sentdhuo-Indel_50	Indel_50	HUOv1_HG002_Z0032-sup-PAW71238_0	2518602953.0	2518588734.0	36.0	14183.0	0.0	0.9987324836279134	0.9974681763837119	1.0	0.0	1.0	1.0	HG002	giabHC_x_ultima	-1	-2	ont	sentdhuo
HUOv1_HG002_Z0032-sup-PAW71238_0-ont-sentdhuo-Indel_gt50	Indel_gt50	HUOv1_HG002_Z0032-sup-PAW71238_0	2518602953.0	2518602598.0	0.0	355.0	0.0	1.0	1.0	1.0	0.0	1.0	1.0	HG002	giabHC_x_ultima	-1	-2	ont	sentdhuo
HUOv1_HG002_Z0032-sup-PAW71238_0-ont-sentdhuo-All	All	HUOv1_HG002_Z0032-sup-PAW71238_0	2518602953.0	2514991362.0	8503.0	3603088.0	585.0	0.9987404480279585	0.9976456359537943	0.9999997673948814	0.00016233437384579566	0.9998376656261542	0.9998376656261542	HG002	giabHC_x_ultima	-1	-2	ont	sentdhuo
HUOv1_HG003_Z0008-sup-PAY87794_0-ont-sentdhuo-SNPts	SNPts	HUOv1_HG003_Z0008-sup-PAY87794_0	377862616.0	377589401.0	944.0	272271.0	37434.0	0.9341624922802443	0.9965448456343905	0.9999008703923279	0.12086986002809125	0.8791301399719087	0.8791301399719087	HG003	clinvar_genes	-1	-2	ont	sentdhuo
HUOv1_HG003_Z0008-sup-PAY87794_0-ont-sentdhuo-SNPtv	SNPtv	HUOv1_HG003_Z0008-sup-PAY87794_0	377862616.0	377738321.0	816.0	123479.0	21545.0	0.9169720665827514	0.9934349732491251	0.9999429664134835	0.1485616173874669	0.8514383826125331	0.8514383826125331	HG003	clinvar_genes	-1	-2	ont	sentdhuo
HUOv1_HG003_Z0008-sup-PAY87794_0-ont-sentdhuo-INS_50	INS_50	HUOv1_HG003_Z0008-sup-PAY87794_0	377862616.0	377833371.0	3856.0	25389.0	10801.0	0.7760067242301519	0.8681484014361429	0.9999714141415948	0.29845261121856864	0.7015473887814314	0.7015473887814313	HG003	clinvar_genes	-1	-2	ont	sentdhuo
HUOv1_HG003_Z0008-sup-PAY87794_0-ont-sentdhuo-INS_gt50	INS_gt50	HUOv1_HG003_Z0008-sup-PAY87794_0	377862616.0	377862587.0	14.0	15.0	322.0	0.0819672131147541	0.5172413793103449	0.999999147839091	0.9554896142433235	0.04451038575667654	0.04451038575667656	HG003	clinvar_genes	-1	-2	ont	sentdhuo
HUOv1_HG003_Z0008-sup-PAY87794_0-ont-sentdhuo-DEL_50	DEL_50	HUOv1_HG003_Z0008-sup-PAY87794_0	377862616.0	377831638.0	5464.0	25514.0	9880.0	0.7688181763394202	0.8236167602814901	0.999973851470711	0.27914335763123693	0.720856642368763	0.720856642368763	HG003	clinvar_genes	-1	-2	ont	sentdhuo
HUOv1_HG003_Z0008-sup-PAY87794_0-ont-sentdhuo-DEL_gt50	DEL_gt50	HUOv1_HG003_Z0008-sup-PAY87794_0	377862616.0	377862598.0	6.0	12.0	427.0	0.052516411378555804	0.6666666666666666	0.9999988699608807	0.9726651480637813	0.02733485193621865	0.02733485193621868	HG003	clinvar_genes	-1	-2	ont	sentdhuo
HUOv1_HG003_Z0008-sup-PAY87794_0-ont-sentdhuo-Indel_50	Indel_50	HUOv1_HG003_Z0008-sup-PAY87794_0	377862616.0	377858786.0	976.0	2854.0	1472.0	0.6998528690534576	0.7451697127937337	0.9999961043799425	0.3402681460933888	0.6597318539066113	0.6597318539066112	HG003	clinvar_genes	-1	-2	ont	sentdhuo
HUOv1_HG003_Z0008-sup-PAY87794_0-ont-sentdhuo-Indel_gt50	Indel_gt50	HUOv1_HG003_Z0008-sup-PAY87794_0	377862616.0	377862460.0	25.0	131.0	189.0	0.5504201680672269	0.8397435897435898	0.9999994998182528	0.590625	0.40937500000000004	0.409375	HG003	clinvar_genes	-1	-2	ont	sentdhuo
HUOv1_HG003_Z0008-sup-PAY87794_0-ont-sentdhuo-All	All	HUOv1_HG003_Z0008-sup-PAY87794_0	377862616.0	377400850.0	12101.0	449665.0	82070.0	0.9052129791515056	0.9737940861821789	0.999782586189595	0.15434379907284643	0.8456562009271535	0.8456562009271535	HG003	clinvar_genes	-1	-2	ont	sentdhuo
HUOv1_HG003_Z0008-sup-PAY87794_0-ont-sentdhuo-SNPts	SNPts	HUOv1_HG003_Z0008-sup-PAY87794_0	337668665.0	337403126.0	599.0	264940.0	173.0	0.9985451859222241	0.997744210831554	0.9999994872604965	0.0006525519306861602	0.9993474480693139	0.9993474480693139	HG003	giabHC_x_clinvar_genes	-1	-2	ont	sentdhuo
HUOv1_HG003_Z0008-sup-PAY87794_0-ont-sentdhuo-SNPtv	SNPtv	HUOv1_HG003_Z0008-sup-PAY87794_0	337668665.0	337548432.0	551.0	119682.0	134.0	0.9971464159400789	0.9954172315420892	0.9999996030200881	0.001118381518328103	0.9988816184816719	0.9988816184816719	HG003	giabHC_x_clinvar_genes	-1	-2	ont	sentdhuo
HUOv1_HG003_Z0008-sup-PAY87794_0-ont-sentdhuo-INS_50	INS_50	HUOv1_HG003_Z0008-sup-PAY87794_0	337668665.0	337642272.0	3207.0	23186.0	478.0	0.9263839223285456	0.8784905088470428	0.9999985843024913	0.020199459093982422	0.9798005409060175	0.9798005409060175	HG003	giabHC_x_clinvar_genes	-1	-2	ont	sentdhuo
HUOv1_HG003_Z0008-sup-PAY87794_0-ont-sentdhuo-INS_gt50	INS_gt50	HUOv1_HG003_Z0008-sup-PAY87794_0	337668665.0	337668665.0	0.0	0.0	0.0			1.0				HG003	giabHC_x_clinvar_genes	-1	-2	ont	sentdhuo
HUOv1_HG003_Z0008-sup-PAY87794_0-ont-sentdhuo-DEL_50	DEL_50	HUOv1_HG003_Z0008-sup-PAY87794_0	337668665.0	337640586.0	4748.0	23331.0	178.0	0.9045126773668295	0.8309056590334414	0.9999994728124711	0.007571568335531073	0.9924284316644689	0.9924284316644689	HG003	giabHC_x_clinvar_genes	-1	-2	ont	sentdhuo
HUOv1_HG003_Z0008-sup-PAY87794_0-ont-sentdhuo-DEL_gt50	DEL_gt50	HUOv1_HG003_Z0008-sup-PAY87794_0	337668665.0	337668665.0	0.0	0.0	0.0			1.0				HG003	giabHC_x_clinvar_genes	-1	-2	ont	sentdhuo
HUOv1_HG003_Z0008-sup-PAY87794_0-ont-sentdhuo-Indel_50	Indel_50	HUOv1_HG003_Z0008-sup-PAY87794_0	337668665.0	337665699.0	738.0	2228.0	50.0	0.8497330282227308	0.75118004045853	0.9999998519245729	0.021949078138718173	0.9780509218612818	0.9780509218612818	HG003	giabHC_x_clinvar_genes	-1	-2	ont	sentdhuo
HUOv1_HG003_Z0008-sup-PAY87794_0-ont-sentdhuo-Indel_gt50	Indel_gt50	HUOv1_HG003_Z0008-sup-PAY87794_0	337668665.0	337668621.0	0.0	44.0	0.0	1.0	1.0	1.0	0.0	1.0	1.0	HG003	giabHC_x_clinvar_genes	-1	-2	ont	sentdhuo
HUOv1_HG003_Z0008-sup-PAY87794_0-ont-sentdhuo-All	All	HUOv1_HG003_Z0008-sup-PAY87794_0	337668665.0	337225411.0	9843.0	433411.0	1013.0	0.9876309990679952	0.9777937706145912	0.9999969960835572	0.002331823287847817	0.9976681767121521	0.9976681767121521	HG003	giabHC_x_clinvar_genes	-1	-2	ont	sentdhuo
HUOv1_HG003_Z0008-sup-PAY87794_0-ont-sentdhuo-SNPts	SNPts	HUOv1_HG003_Z0008-sup-PAY87794_0	2799325643.0	2797071497.0	2502.0	2251644.0	150598.0	0.9671204375580384	0.9988900452765703	0.9999461615864292	0.06269060319484882	0.9373093968051511	0.9373093968051512	HG003	ultima	-1	-2	ont	sentdhuo
HUOv1_HG003_Z0008-sup-PAY87794_0-ont-sentdhuo-SNPtv	SNPtv	HUOv1_HG003_Z0008-sup-PAY87794_0	2799325643.0	2798266963.0	1903.0	1056777.0	85144.0	0.9604439878015143	0.9982024785582045	0.9999695735215783	0.07456207566022519	0.9254379243397748	0.9254379243397748	HG003	ultima	-1	-2	ont	sentdhuo
HUOv1_HG003_Z0008-sup-PAY87794_0-ont-sentdhuo-INS_50	INS_50	HUOv1_HG003_Z0008-sup-PAY87794_0	2799325643.0	2799161560.0	1916.0	162167.0	25657.0	0.9216469123944678	0.9883229828806153	0.9999908341250474	0.13660128631058863	0.8633987136894113	0.8633987136894113	HG003	ultima	-1	-2	ont	sentdhuo
HUOv1_HG003_Z0008-sup-PAY87794_0-ont-sentdhuo-INS_gt50	INS_gt50	HUOv1_HG003_Z0008-sup-PAY87794_0	2799325643.0	2799325545.0	50.0	48.0	664.0	0.1185185185185185	0.4897959183673469	0.9999997628000632	0.9325842696629213	0.0674157303370787	0.06741573033707865	HG003	ultima	-1	-2	ont	sentdhuo
HUOv1_HG003_Z0008-sup-PAY87794_0-ont-sentdhuo-DEL_50	DEL_50	HUOv1_HG003_Z0008-sup-PAY87794_0	2799325643.0	2799148340.0	4308.0	172995.0	32753.0	0.9032478703880161	0.9757026107849275	0.9999882990778689	0.15918988276921284	0.8408101172307871	0.8408101172307871	HG003	ultima	-1	-2	ont	sentdhuo
HUOv1_HG003_Z0008-sup-PAY87794_0-ont-sentdhuo-DEL_gt50	DEL_gt50	HUOv1_HG003_Z0008-sup-PAY87794_0	2799325643.0	2799325554.0	29.0	60.0	1349.0	0.0801068090787717	0.6741573033707865	0.9999995180984406	0.957416607523066	0.04258339247693399	0.042583392476934	HG003	ultima	-1	-2	ont	sentdhuo
HUOv1_HG003_Z0008-sup-PAY87794_0-ont-sentdhuo-Indel_50	Indel_50	HUOv1_HG003_Z0008-sup-PAY87794_0	2799325643.0	2799308251.0	98.0	17294.0	2399.0	0.9326681946878792	0.9943652253909844	0.9999991430032962	0.12181993601787437	0.8781800639821257	0.8781800639821257	HG003	ultima	-1	-2	ont	sentdhuo
HUOv1_HG003_Z0008-sup-PAY87794_0-ont-sentdhuo-Indel_gt50	Indel_gt50	HUOv1_HG003_Z0008-sup-PAY87794_0	2799325643.0	2799324705.0	12.0	926.0	471.0	0.7931477516059958	0.9872068230277186	0.9999998317451634	0.33715103793843954	0.6628489620615605	0.6628489620615605	HG003	ultima	-1	-2	ont	sentdhuo
HUOv1_HG003_Z0008-sup-PAY87794_0-ont-sentdhuo-All	All	HUOv1_HG003_Z0008-sup-PAY87794_0	2799325643.0	2795652914.0	10818.0	3661911.0	299035.0	0.9594097207439405	0.997054506335752	0.9998930471605183	0.07549585376826647	0.9245041462317335	0.9245041462317335	HG003	ultima	-1	-2	ont	sentdhuo
HUOv1_HG003_Z0008-sup-PAY87794_0-ont-sentdhuo-SNPts	SNPts	HUOv1_HG003_Z0008-sup-PAY87794_0	3088286401.0	3085963948.0	6659.0	2315794.0	487778.0	0.9035437790490682	0.9971327729775371	0.9998419615651556	0.1739844740923365	0.8260155259076635	0.8260155259076635	HG003	hg38	-1	-2	ont	sentdhuo
HUOv1_HG003_Z0008-sup-PAY87794_0-ont-sentdhuo-SNPtv	SNPtv	HUOv1_HG003_Z0008-sup-PAY87794_0	3088286401.0	3087179823.0	6006.0	1100572.0	448088.0	0.828981808787009	0.994572456708881	0.999854876295682	0.28933917063784176	0.7106608293621582	0.7106608293621582	HG003	hg38	-1	-2	ont	sentdhuo
HUOv1_HG003_Z0008-sup-PAY87794_0-ont-sentdhuo-INS_50	INS_50	HUOv1_HG003_Z0008-sup-PAY87794_0	3088286401.0	3088029433.0	33477.0	223491.0	103032.0	0.7660478053646073	0.8697230783599514	0.999966636146225	0.31554285609283267	0.6844571439071674	0.6844571439071674	HG003	hg38	-1	-2	ont	sentdhuo
HUOv1_HG003_Z0008-sup-PAY87794_0-ont-sentdhuo-INS_gt50	INS_gt50	HUOv1_HG003_Z0008-sup-PAY87794_0	3088286401.0	3088286167.0	121.0	113.0	2583.0	0.07713310580204778	0.4829059829059829	0.9999991636144774	0.9580860534124629	0.04191394658753711	0.04191394658753709	HG003	hg38	-1	-2	ont	sentdhuo
HUOv1_HG003_Z0008-sup-PAY87794_0-ont-sentdhuo-DEL_50	DEL_50	HUOv1_HG003_Z0008-sup-PAY87794_0	3088286401.0	3088014509.0	48174.0	223718.0	99181.0	0.7522575156651664	0.8228193547437953	0.999967882982961	0.3071579658035485	0.6928420341964515	0.6928420341964515	HG003	hg38	-1	-2	ont	sentdhuo
HUOv1_HG003_Z0008-sup-PAY87794_0-ont-sentdhuo-DEL_gt50	DEL_gt50	HUOv1_HG003_Z0008-sup-PAY87794_0	3088286401.0	3088286263.0	51.0	87.0	3061.0	0.05295191722458916	0.6304347826086957	0.9999990088363884	0.9723634053367217	0.02763659466327828	0.027636594663278273	HG003	hg38	-1	-2	ont	sentdhuo
HUOv1_HG003_Z0008-sup-PAY87794_0-ont-sentdhuo-Indel_50	Indel_50	HUOv1_HG003_Z0008-sup-PAY87794_0	3088286401.0	3088247442.0	9688.0	29271.0	13416.0	0.7170222668593685	0.7513283195153879	0.999995655807389	0.31428772225736173	0.6857122777426383	0.6857122777426383	HG003	hg38	-1	-2	ont	sentdhuo
HUOv1_HG003_Z0008-sup-PAY87794_0-ont-sentdhuo-Indel_gt50	Indel_gt50	HUOv1_HG003_Z0008-sup-PAY87794_0	3088286401.0	3088284936.0	251.0	1214.0	1531.0	0.5767220902612826	0.8286689419795222	0.9999995042558336	0.5577413479052823	0.4422586520947177	0.44225865209471765	HG003	hg38	-1	-2	ont	sentdhuo
HUOv1_HG003_Z0008-sup-PAY87794_0-ont-sentdhuo-All	All	HUOv1_HG003_Z0008-sup-PAY87794_0	3088286401.0	3084287714.0	104427.0	3894260.0	1158670.0	0.8604562035711409	0.9738846776454371	0.9996244724892941	0.2293065607479225	0.7706934392520775	0.7706934392520776	HG003	hg38	-1	-2	ont	sentdhuo
HUOv1_HG003_Z0008-sup-PAY87794_0-ont-sentdhuo-SNPts	SNPts	HUOv1_HG003_Z0008-sup-PAY87794_0	332544085.0	332287249.0	247.0	256589.0	90.0	0.9993437387418088	0.9990382968119734	0.9999997291500775	0.0003506325020745756	0.9996493674979254	0.9996493674979254	HG003	giabHC_x_ultima_x_clinvar	-1	-2	ont	sentdhuo
HUOv1_HG003_Z0008-sup-PAY87794_0-ont-sentdhuo-SNPtv	SNPtv	HUOv1_HG003_Z0008-sup-PAY87794_0	332544085.0	332429481.0	215.0	114389.0	83.0	0.9986991216888718	0.998123974730376	0.9999997503230489	0.0007250681389335383	0.9992749318610664	0.9992749318610664	HG003	giabHC_x_ultima_x_clinvar	-1	-2	ont	sentdhuo
HUOv1_HG003_Z0008-sup-PAY87794_0-ont-sentdhuo-INS_50	INS_50	HUOv1_HG003_Z0008-sup-PAY87794_0	332544085.0	332526577.0	206.0	17302.0	22.0	0.9934542949012403	0.9882339501941969	0.9999999338398791	0.001269914569383514	0.9987300854306165	0.9987300854306165	HG003	giabHC_x_ultima_x_clinvar	-1	-2	ont	sentdhuo
HUOv1_HG003_Z0008-sup-PAY87794_0-ont-sentdhuo-INS_gt50	INS_gt50	HUOv1_HG003_Z0008-sup-PAY87794_0	332544085.0	332544085.0	0.0	0.0	0.0			1.0				HG003	giabHC_x_ultima_x_clinvar	-1	-2	ont	sentdhuo
HUOv1_HG003_Z0008-sup-PAY87794_0-ont-sentdhuo-DEL_50	DEL_50	HUOv1_HG003_Z0008-sup-PAY87794_0	332544085.0	332525150.0	444.0	18491.0	8.0	0.9879254153977667	0.9765513599155003	0.99999997594167	0.0004324558084220769	0.9995675441915779	0.9995675441915779	HG003	giabHC_x_ultima_x_clinvar	-1	-2	ont	sentdhuo
HUOv1_HG003_Z0008-sup-PAY87794_0-ont-sentdhuo-DEL_gt50	DEL_gt50	HUOv1_HG003_Z0008-sup-PAY87794_0	332544085.0	332544085.0	0.0	0.0	0.0			1.0				HG003	giabHC_x_ultima_x_clinvar	-1	-2	ont	sentdhuo
HUOv1_HG003_Z0008-sup-PAY87794_0-ont-sentdhuo-Indel_50	Indel_50	HUOv1_HG003_Z0008-sup-PAY87794_0	332544085.0	332542809.0	5.0	1271.0	0.0	0.9980369061641146	0.9960815047021944	1.0	0.0	1.0	1.0	HG003	giabHC_x_ultima_x_clinvar	-1	-2	ont	sentdhuo
HUOv1_HG003_Z0008-sup-PAY87794_0-ont-sentdhuo-Indel_gt50	Indel_gt50	HUOv1_HG003_Z0008-sup-PAY87794_0	332544085.0	332544055.0	0.0	30.0	0.0	1.0	1.0	1.0	0.0	1.0	1.0	HG003	giabHC_x_ultima_x_clinvar	-1	-2	ont	sentdhuo
HUOv1_HG003_Z0008-sup-PAY87794_0-ont-sentdhuo-All	All	HUOv1_HG003_Z0008-sup-PAY87794_0	332544085.0	332134896.0	1117.0	408072.0	203.0	0.9983852499926602	0.9972702100985119	0.999999388802928	0.0004972138876982426	0.9995027861123018	0.9995027861123018	HG003	giabHC_x_ultima_x_clinvar	-1	-2	ont	sentdhuo
HUOv1_HG003_Z0008-sup-PAY87794_0-ont-sentdhuo-SNPts	SNPts	HUOv1_HG003_Z0008-sup-PAY87794_0	2505355380.0	2503152257.0	1787.0	2201336.0	874.0	0.9993959593973941	0.999188878696287	0.9999996508403785	0.0003968740492505256	0.9996031259507495	0.9996031259507495	HG003	giabHC_x_ultima	-1	-2	ont	sentdhuo
HUOv1_HG003_Z0008-sup-PAY87794_0-ont-sentdhuo-SNPtv	SNPtv	HUOv1_HG003_Z0008-sup-PAY87794_0	2505355380.0	2504320979.0	1450.0	1032951.0	742.0	0.9989400868625894	0.9985982225461886	0.9999997037121893	0.0007178146703131394	0.9992821853296868	0.9992821853296868	HG003	giabHC_x_ultima	-1	-2	ont	sentdhuo
HUOv1_HG003_Z0008-sup-PAY87794_0-ont-sentdhuo-INS_50	INS_50	HUOv1_HG003_Z0008-sup-PAY87794_0	2505355380.0	2505201644.0	1503.0	152233.0	170.0	0.994535162132234	0.9902235000260187	0.9999999321411955	0.001115463606359455	0.9988845363936405	0.9988845363936405	HG003	giabHC_x_ultima	-1	-2	ont	sentdhuo
HUOv1_HG003_Z0008-sup-PAY87794_0-ont-sentdhuo-INS_gt50	INS_gt50	HUOv1_HG003_Z0008-sup-PAY87794_0	2505355380.0	2505355380.0	0.0	0.0	0.0			1.0				HG003	giabHC_x_ultima	-1	-2	ont	sentdhuo
HUOv1_HG003_Z0008-sup-PAY87794_0-ont-sentdhuo-DEL_50	DEL_50	HUOv1_HG003_Z0008-sup-PAY87794_0	2505355380.0	2505189988.0	3614.0	161778.0	71.0	0.9887391861044307	0.9781488826545419	0.9999999716588369	0.00043868049848933265	0.9995613195015106	0.9995613195015106	HG003	giabHC_x_ultima	-1	-2	ont	sentdhuo
HUOv1_HG003_Z0008-sup-PAY87794_0-ont-sentdhuo-DEL_gt50	DEL_gt50	HUOv1_HG003_Z0008-sup-PAY87794_0	2505355380.0	2505355380.0	0.0	0.0	0.0			1.0				HG003	giabHC_x_ultima	-1	-2	ont	sentdhuo
HUOv1_HG003_Z0008-sup-PAY87794_0-ont-sentdhuo-Indel_50	Indel_50	HUOv1_HG003_Z0008-sup-PAY87794_0	2505355380.0	2505341549.0	67.0	13764.0	1.0	0.9975358747644586	0.995155809413636	0.9999999996008528	7.264802034144569e-05	0.9999273519796585	0.9999273519796585	HG003	giabHC_x_ultima	-1	-2	ont	sentdhuo
HUOv1_HG003_Z0008-sup-PAY87794_0-ont-sentdhuo-Indel_gt50	Indel_gt50	HUOv1_HG003_Z0008-sup-PAY87794_0	2505355380.0	2505355015.0	1.0	364.0	0.0	0.9986282578875172	0.9972602739726028	1.0	0.0	1.0	1.0	HG003	giabHC_x_ultima	-1	-2	ont	sentdhuo
HUOv1_HG003_Z0008-sup-PAY87794_0-ont-sentdhuo-All	All	HUOv1_HG003_Z0008-sup-PAY87794_0	2505355380.0	2501784532.0	8422.0	3562426.0	1858.0	0.998559241791182	0.9976414565951841	0.9999992573306788	0.0005212828158474465	0.9994787171841526	0.9994787171841526	HG003	giabHC_x_ultima	-1	-2	ont	sentdhuo
HUOv1_HG003_Z0008-sup-PAY87794_0-ont-sentdhuo-SNPts	SNPts	HUOv1_HG003_Z0008-sup-PAY87794_0	2528531102.0	2526276390.0	4005.0	2250707.0	1418.0	0.9987967170767436	0.9982237199252055	0.9999994386998946	0.0006296275739579286	0.9993703724260421	0.9993703724260421	HG003	giabHC	-1	-2	ont	sentdhuo
HUOv1_HG003_Z0008-sup-PAY87794_0-ont-sentdhuo-SNPtv	SNPtv	HUOv1_HG003_Z0008-sup-PAY87794_0	2528531102.0	2527459483.0	3916.0	1067703.0	1036.0	0.9976863683552004	0.9963457161547155	0.9999995901024004	0.0009693667022537776	0.9990306332977462	0.9990306332977462	HG003	giabHC	-1	-2	ont	sentdhuo
HUOv1_HG003_Z0008-sup-PAY87794_0-ont-sentdhuo-INS_50	INS_50	HUOv1_HG003_Z0008-sup-PAY87794_0	2528531102.0	2528301420.0	26960.0	202722.0	4162.0	0.9287118098981598	0.8826203185273552	0.9999983538382268	0.02011755379826376	0.9798824462017363	0.9798824462017363	HG003	giabHC	-1	-2	ont	sentdhuo
HUOv1_HG003_Z0008-sup-PAY87794_0-ont-sentdhuo-INS_gt50	INS_gt50	HUOv1_HG003_Z0008-sup-PAY87794_0	2528531102.0	2528531101.0	0.0	1.0	0.0	1.0	1.0	1.0	0.0	1.0	1.0	HG003	giabHC	-1	-2	ont	sentdhuo
HUOv1_HG003_Z0008-sup-PAY87794_0-ont-sentdhuo-DEL_50	DEL_50	HUOv1_HG003_Z0008-sup-PAY87794_0	2528531102.0	2528286679.0	41251.0	203172.0	1537.0	0.9047317937710962	0.8312311034558941	0.9999993920788025	0.00750821898402122	0.9924917810159788	0.9924917810159788	HG003	giabHC	-1	-2	ont	sentdhuo
HUOv1_HG003_Z0008-sup-PAY87794_0-ont-sentdhuo-DEL_gt50	DEL_gt50	HUOv1_HG003_Z0008-sup-PAY87794_0	2528531102.0	2528531102.0	0.0	0.0	0.0			1.0				HG003	giabHC	-1	-2	ont	sentdhuo
HUOv1_HG003_Z0008-sup-PAY87794_0-ont-sentdhuo-Indel_50	Indel_50	HUOv1_HG003_Z0008-sup-PAY87794_0	2528531102.0	2528501166.0	7223.0	22713.0	559.0	0.8537437979251239	0.7587185996793159	0.9999997789204593	0.024020281883808867	0.9759797181161911	0.9759797181161911	HG003	giabHC	-1	-2	ont	sentdhuo
HUOv1_HG003_Z0008-sup-PAY87794_0-ont-sentdhuo-Indel_gt50	Indel_gt50	HUOv1_HG003_Z0008-sup-PAY87794_0	2528531102.0	2528530650.0	17.0	435.0	0.0	0.9808342728297633	0.9623893805309734	1.0	0.0	1.0	1.0	HG003	giabHC	-1	-2	ont	sentdhuo
HUOv1_HG003_Z0008-sup-PAY87794_0-ont-sentdhuo-All	All	HUOv1_HG003_Z0008-sup-PAY87794_0	2528531102.0	2524700277.0	83372.0	3747453.0	8712.0	0.9878629074244198	0.9782365417370932	0.9999965493052713	0.002319386927890548	0.9976806130721094	0.9976806130721094	HG003	giabHC	-1	-2	ont	sentdhuo
HUOv1_HG003_Z0008-sup-PAY87954_0-ont-sentdhuo-SNPts	SNPts	HUOv1_HG003_Z0008-sup-PAY87954_0	377862616.0	377589404.0	1027.0	272185.0	37471.0	0.9339507401332721	0.9962410143039105	0.9999007724225136	0.1210084739194461	0.8789915260805539	0.8789915260805539	HG003	clinvar_genes	-1	-2	ont	sentdhuo
HUOv1_HG003_Z0008-sup-PAY87954_0-ont-sentdhuo-SNPtv	SNPtv	HUOv1_HG003_Z0008-sup-PAY87954_0	377862616.0	377738322.0	816.0	123478.0	21741.0	0.9163045938414844	0.993434920430592	0.9999424475953669	0.14971181456971883	0.8502881854302812	0.8502881854302812	HG003	clinvar_genes	-1	-2	ont	sentdhuo
HUOv1_HG003_Z0008-sup-PAY87954_0-ont-sentdhuo-INS_50	INS_50	HUOv1_HG003_Z0008-sup-PAY87954_0	377862616.0	377833386.0	3848.0	25382.0	10984.0	0.7738886517470578	0.8683544303797468	0.9999709298301838	0.30204036737612056	0.6979596326238795	0.6979596326238795	HG003	clinvar_genes	-1	-2	ont	sentdhuo
HUOv1_HG003_Z0008-sup-PAY87954_0-ont-sentdhuo-INS_gt50	INS_gt50	HUOv1_HG003_Z0008-sup-PAY87954_0	377862616.0	377862587.0	14.0	15.0	326.0	0.08108108108108109	0.5172413793103449	0.9999991372532504	0.9560117302052786	0.04398826979472137	0.04398826979472141	HG003	clinvar_genes	-1	-2	ont	sentdhuo
HUOv1_HG003_Z0008-sup-PAY87954_0-ont-sentdhuo-DEL_50	DEL_50	HUOv1_HG003_Z0008-sup-PAY87954_0	377862616.0	377831624.0	5493.0	25499.0	9859.0	0.7686209495101733	0.8227607124419205	0.9999739070471518	0.27883364443690256	0.7211663555630974	0.7211663555630975	HG003	clinvar_genes	-1	-2	ont	sentdhuo
HUOv1_HG003_Z0008-sup-PAY87954_0-ont-sentdhuo-DEL_gt50	DEL_gt50	HUOv1_HG003_Z0008-sup-PAY87954_0	377862616.0	377862598.0	7.0	11.0	414.0	0.04966139954853273	0.6111111111111112	0.9999989043648443	0.9741176470588235	0.025882352941176467	0.02588235294117647	HG003	clinvar_genes	-1	-2	ont	sentdhuo
HUOv1_HG003_Z0008-sup-PAY87954_0-ont-sentdhuo-Indel_50	Indel_50	HUOv1_HG003_Z0008-sup-PAY87954_0	377862616.0	377858778.0	988.0	2850.0	1468.0	0.6988719960765081	0.7425742574257426	0.9999961149657431	0.33997220935618344	0.6600277906438166	0.6600277906438166	HG003	clinvar_genes	-1	-2	ont	sentdhuo
HUOv1_HG003_Z0008-sup-PAY87954_0-ont-sentdhuo-Indel_gt50	Indel_gt50	HUOv1_HG003_Z0008-sup-PAY87954_0	377862616.0	377862462.0	27.0	127.0	192.0	0.5369978858350952	0.8246753246753247	0.9999994918788666	0.6018808777429467	0.39811912225705326	0.3981191222570533	HG003	clinvar_genes	-1	-2	ont	sentdhuo
HUOv1_HG003_Z0008-sup-PAY87954_0-ont-sentdhuo-All	All	HUOv1_HG003_Z0008-sup-PAY87954_0	377862616.0	377400849.0	12220.0	449547.0	82455.0	0.9047313812364846	0.9735364372075094	0.999781566498104	0.15499001883451566	0.8450099811654843	0.8450099811654843	HG003	clinvar_genes	-1	-2	ont	sentdhuo
HUOv1_HG003_Z0008-sup-PAY87954_0-ont-sentdhuo-SNPts	SNPts	HUOv1_HG003_Z0008-sup-PAY87954_0	2799325643.0	2797071494.0	2529.0	2251620.0	150712.0	0.9670908138570737	0.9988780688410571	0.9999461208338484	0.06273570846993672	0.9372642915300633	0.9372642915300633	HG003	ultima	-1	-2	ont	sentdhuo
HUOv1_HG003_Z0008-sup-PAY87954_0-ont-sentdhuo-SNPtv	SNPtv	HUOv1_HG003_Z0008-sup-PAY87954_0	2799325643.0	2798266976.0	1887.0	1056780.0	85727.0	0.960196695036376	0.99821756983074	0.999969365191204	0.07503411357654702	0.924965886423453	0.924965886423453	HG003	ultima	-1	-2	ont	sentdhuo
HUOv1_HG003_Z0008-sup-PAY87954_0-ont-sentdhuo-INS_50	INS_50	HUOv1_HG003_Z0008-sup-PAY87954_0	2799325643.0	2799161585.0	1904.0	162154.0	25691.0	0.9215835045452867	0.9883943483402211	0.9999908219788578	0.13676701535840718	0.8632329846415928	0.8632329846415928	HG003	ultima	-1	-2	ont	sentdhuo
HUOv1_HG003_Z0008-sup-PAY87954_0-ont-sentdhuo-INS_gt50	INS_gt50	HUOv1_HG003_Z0008-sup-PAY87954_0	2799325643.0	2799325545.0	51.0	47.0	675.0	0.1146341463414634	0.47959183673469385	0.999999758870547	0.9349030470914127	0.0650969529085873	0.06509695290858726	HG003	ultima	-1	-2	ont	sentdhuo
HUOv1_HG003_Z0008-sup-PAY87954_0-ont-sentdhuo-DEL_50	DEL_50	HUOv1_HG003_Z0008-sup-PAY87954_0	2799325643.0	2799148326.0	4362.0	172955.0	32708.0	0.9032064337563318	0.975399989848689	0.999988315153753	0.1590368709977001	0.8409631290022999	0.8409631290022999	HG003	ultima	-1	-2	ont	sentdhuo
HUOv1_HG003_Z0008-sup-PAY87954_0-ont-sentdhuo-DEL_gt50	DEL_gt50	HUOv1_HG003_Z0008-sup-PAY87954_0	2799325643.0	2799325554.0	30.0	59.0	1388.0	0.07682291666666667	0.6629213483146067	0.9999995041665269	0.95922598479613	0.04077401520387003	0.04077401520387008	HG003	ultima	-1	-2	ont	sentdhuo
HUOv1_HG003_Z0008-sup-PAY87954_0-ont-sentdhuo-Indel_50	Indel_50	HUOv1_HG003_Z0008-sup-PAY87954_0	2799325643.0	2799308258.0	95.0	17290.0	2404.0	0.9326033603926751	0.994535519125683	0.9999991412171458	0.12206763481263329	0.8779323651873667	0.8779323651873667	HG003	ultima	-1	-2	ont	sentdhuo
HUOv1_HG003_Z0008-sup-PAY87954_0-ont-sentdhuo-Indel_gt50	Indel_gt50	HUOv1_HG003_Z0008-sup-PAY87954_0	2799325643.0	2799324709.0	14.0	920.0	480.0	0.7883461868037704	0.9850107066381156	0.9999998285301036	0.34285714285714286	0.6571428571428571	0.6571428571428571	HG003	ultima	-1	-2	ont	sentdhuo
HUOv1_HG003_Z0008-sup-PAY87954_0-ont-sentdhuo-All	All	HUOv1_HG003_Z0008-sup-PAY87954_0	2799325643.0	2795652946.0	10872.0	3661825.0	299785.0	0.959307766900126	0.9970397775803449	0.9998927789455536	0.07567251698173218	0.9243274830182678	0.9243274830182678	HG003	ultima	-1	-2	ont	sentdhuo
HUOv1_HG003_Z0008-sup-PAY87954_0-ont-sentdhuo-SNPts	SNPts	HUOv1_HG003_Z0008-sup-PAY87954_0	332544085.0	332287250.0	282.0	256553.0	102.0	0.9992521762838613	0.9989020188058481	0.9999996930367666	0.00039742066197814184	0.9996025793380219	0.9996025793380219	HG003	giabHC_x_ultima_x_clinvar	-1	-2	ont	sentdhuo
HUOv1_HG003_Z0008-sup-PAY87954_0-ont-sentdhuo-SNPtv	SNPtv	HUOv1_HG003_Z0008-sup-PAY87954_0	332544085.0	332429484.0	206.0	114395.0	82.0	0.9987427862998629	0.9982024589663266	0.9999997533312064	0.000716301091048857	0.9992836989089512	0.9992836989089512	HG003	giabHC_x_ultima_x_clinvar	-1	-2	ont	sentdhuo
HUOv1_HG003_Z0008-sup-PAY87954_0-ont-sentdhuo-INS_50	INS_50	HUOv1_HG003_Z0008-sup-PAY87954_0	332544085.0	332526584.0	194.0	17307.0	15.0	0.9939982195675271	0.9889149191474773	0.9999999548908266	0.0008659508139937652	0.9991340491860062	0.9991340491860062	HG003	giabHC_x_ultima_x_clinvar	-1	-2	ont	sentdhuo
HUOv1_HG003_Z0008-sup-PAY87954_0-ont-sentdhuo-INS_gt50	INS_gt50	HUOv1_HG003_Z0008-sup-PAY87954_0	332544085.0	332544085.0	0.0	0.0	0.0			1.0				HG003	giabHC_x_ultima_x_clinvar	-1	-2	ont	sentdhuo
HUOv1_HG003_Z0008-sup-PAY87954_0-ont-sentdhuo-DEL_50	DEL_50	HUOv1_HG003_Z0008-sup-PAY87954_0	332544085.0	332525153.0	423.0	18509.0	6.0	0.988543808582797	0.9776568772448764	0.9999999819562525	0.00032406157169862274	0.9996759384283014	0.9996759384283014	HG003	giabHC_x_ultima_x_clinvar	-1	-2	ont	sentdhuo
HUOv1_HG003_Z0008-sup-PAY87954_0-ont-sentdhuo-DEL_gt50	DEL_gt50	HUOv1_HG003_Z0008-sup-PAY87954_0	332544085.0	332544085.0	0.0	0.0	0.0			1.0				HG003	giabHC_x_ultima_x_clinvar	-1	-2	ont	sentdhuo
HUOv1_HG003_Z0008-sup-PAY87954_0-ont-sentdhuo-Indel_50	Indel_50	HUOv1_HG003_Z0008-sup-PAY87954_0	332544085.0	332542803.0	6.0	1276.0	0.0	0.9976544175136826	0.9953198127925117	1.0	0.0	1.0	1.0	HG003	giabHC_x_ultima_x_clinvar	-1	-2	ont	sentdhuo
HUOv1_HG003_Z0008-sup-PAY87954_0-ont-sentdhuo-Indel_gt50	Indel_gt50	HUOv1_HG003_Z0008-sup-PAY87954_0	332544085.0	332544055.0	0.0	30.0	0.0	1.0	1.0	1.0	0.0	1.0	1.0	HG003	giabHC_x_ultima_x_clinvar	-1	-2	ont	sentdhuo
HUOv1_HG003_Z0008-sup-PAY87954_0-ont-sentdhuo-All	All	HUOv1_HG003_Z0008-sup-PAY87954_0	332544085.0	332134904.0	1111.0	408070.0	205.0	0.9983901274197022	0.9972848201651592	0.9999993827813006	0.0005021125466903435	0.9994978874533097	0.9994978874533097	HG003	giabHC_x_ultima_x_clinvar	-1	-2	ont	sentdhuo
HUOv1_HG003_Z0008-sup-PAY87954_0-ont-sentdhuo-SNPts	SNPts	HUOv1_HG003_Z0008-sup-PAY87954_0	3088286401.0	3085963952.0	6712.0	2315737.0	489243.0	0.9032741360241165	0.9971099473013185	0.999841486985517	0.17441942545044883	0.8255805745495511	0.8255805745495511	HG003	hg38	-1	-2	ont	sentdhuo
HUOv1_HG003_Z0008-sup-PAY87954_0-ont-sentdhuo-SNPtv	SNPtv	HUOv1_HG003_Z0008-sup-PAY87954_0	3088286401.0	3087179814.0	6026.0	1100561.0	451655.0	0.8278620115894256	0.9945544272614806	0.999853721208462	0.2909743231612095	0.7090256768387905	0.7090256768387905	HG003	hg38	-1	-2	ont	sentdhuo
HUOv1_HG003_Z0008-sup-PAY87954_0-ont-sentdhuo-INS_50	INS_50	HUOv1_HG003_Z0008-sup-PAY87954_0	3088286401.0	3088029539.0	33329.0	223533.0	104511.0	0.7643382013520121	0.8702455014755005	0.9999661572333624	0.31858836009803565	0.6814116399019643	0.6814116399019644	HG003	hg38	-1	-2	ont	sentdhuo
HUOv1_HG003_Z0008-sup-PAY87954_0-ont-sentdhuo-INS_gt50	INS_gt50	HUOv1_HG003_Z0008-sup-PAY87954_0	3088286401.0	3088286167.0	129.0	105.0	2594.0	0.07159904534606205	0.44871794871794873	0.9999991600526373	0.9610967024824009	0.038903297517599134	0.03890329751759911	HG003	hg38	-1	-2	ont	sentdhuo
HUOv1_HG003_Z0008-sup-PAY87954_0-ont-sentdhuo-DEL_50	DEL_50	HUOv1_HG003_Z0008-sup-PAY87954_0	3088286401.0	3088014555.0	48594.0	223252.0	98520.0	0.7521739569891748	0.8212443810098364	0.9999680970231312	0.3061795308479296	0.6938204691520704	0.6938204691520704	HG003	hg38	-1	-2	ont	sentdhuo
HUOv1_HG003_Z0008-sup-PAY87954_0-ont-sentdhuo-DEL_gt50	DEL_gt50	HUOv1_HG003_Z0008-sup-PAY87954_0	3088286401.0	3088286263.0	51.0	87.0	3072.0	0.052775250227479524	0.6304347826086957	0.9999990052745495	0.9724596391263058	0.02754036087369416	0.027540360873694207	HG003	hg38	-1	-2	ont	sentdhuo
HUOv1_HG003_Z0008-sup-PAY87954_0-ont-sentdhuo-Indel_50	Indel_50	HUOv1_HG003_Z0008-sup-PAY87954_0	3088286401.0	3088247294.0	9670.0	29437.0	13431.0	0.7181945715157061	0.7527296903367684	0.9999956509500991	0.3133106279742465	0.6866893720257534	0.6866893720257535	HG003	hg38	-1	-2	ont	sentdhuo
HUOv1_HG003_Z0008-sup-PAY87954_0-ont-sentdhuo-Indel_gt50	Indel_gt50	HUOv1_HG003_Z0008-sup-PAY87954_0	3088286401.0	3088284945.0	259.0	1197.0	1531.0	0.5721797323135756	0.8221153846153846	0.9999995042558351	0.5612170087976539	0.4387829912023461	0.43878299120234604	HG003	hg38	-1	-2	ont	sentdhuo
HUOv1_HG003_Z0008-sup-PAY87954_0-ont-sentdhuo-All	All	HUOv1_HG003_Z0008-sup-PAY87954_0	3088286401.0	3084287722.0	104770.0	3893909.0	1164557.0	0.8598535189621012	0.9737988470692446	0.9996225652206887	0.2302193985291193	0.7697806014708807	0.7697806014708807	HG003	hg38	-1	-2	ont	sentdhuo
HUOv1_HG003_Z0008-sup-PAY87954_0-ont-sentdhuo-SNPts	SNPts	HUOv1_HG003_Z0008-sup-PAY87954_0	2505355380.0	2503152258.0	1768.0	2201354.0	941.0	0.9993850752380535	0.9991975024533367	0.9999996240741477	0.0004272815403930899	0.9995727184596069	0.9995727184596069	HG003	giabHC_x_ultima	-1	-2	ont	sentdhuo
HUOv1_HG003_Z0008-sup-PAY87954_0-ont-sentdhuo-SNPtv	SNPtv	HUOv1_HG003_Z0008-sup-PAY87954_0	2505355380.0	2504320986.0	1429.0	1032965.0	808.0	0.9989183658766434	0.9986185148019033	0.9999996773577573	0.0007816029244331203	0.9992183970755669	0.9992183970755669	HG003	giabHC_x_ultima	-1	-2	ont	sentdhuo
HUOv1_HG003_Z0008-sup-PAY87954_0-ont-sentdhuo-INS_50	INS_50	HUOv1_HG003_Z0008-sup-PAY87954_0	2505355380.0	2505201654.0	1491.0	152235.0	177.0	0.9945514767849793	0.9903009250224425	0.99999992934701	0.00116132587985198	0.998838674120148	0.998838674120148	HG003	giabHC_x_ultima	-1	-2	ont	sentdhuo
HUOv1_HG003_Z0008-sup-PAY87954_0-ont-sentdhuo-INS_gt50	INS_gt50	HUOv1_HG003_Z0008-sup-PAY87954_0	2505355380.0	2505355380.0	0.0	0.0	0.0			1.0				HG003	giabHC_x_ultima	-1	-2	ont	sentdhuo
HUOv1_HG003_Z0008-sup-PAY87954_0-ont-sentdhuo-DEL_50	DEL_50	HUOv1_HG003_Z0008-sup-PAY87954_0	2505355380.0	2505189987.0	3669.0	161724.0	79.0	0.9885450922382915	0.9778164734904138	0.9999999684654666	0.000488248054733225	0.9995117519452668	0.9995117519452668	HG003	giabHC_x_ultima	-1	-2	ont	sentdhuo
HUOv1_HG003_Z0008-sup-PAY87954_0-ont-sentdhuo-DEL_gt50	DEL_gt50	HUOv1_HG003_Z0008-sup-PAY87954_0	2505355380.0	2505355380.0	0.0	0.0	0.0			1.0				HG003	giabHC_x_ultima	-1	-2	ont	sentdhuo
HUOv1_HG003_Z0008-sup-PAY87954_0-ont-sentdhuo-Indel_50	Indel_50	HUOv1_HG003_Z0008-sup-PAY87954_0	2505355380.0	2505341542.0	69.0	13769.0	1.0	0.9974645030425964	0.995013730307848	0.9999999996008528	7.262164124909223e-05	0.9999273783587509	0.9999273783587509	HG003	giabHC_x_ultima	-1	-2	ont	sentdhuo
HUOv1_HG003_Z0008-sup-PAY87954_0-ont-sentdhuo-Indel_gt50	Indel_gt50	HUOv1_HG003_Z0008-sup-PAY87954_0	2505355380.0	2505355015.0	1.0	364.0	0.0	0.9986282578875172	0.9972602739726028	1.0	0.0	1.0	1.0	HG003	giabHC_x_ultima	-1	-2	ont	sentdhuo
HUOv1_HG003_Z0008-sup-PAY87954_0-ont-sentdhuo-All	All	HUOv1_HG003_Z0008-sup-PAY87954_0	2505355380.0	2501784542.0	8427.0	3562411.0	2006.0	0.9985378238058765	0.9976400497586281	0.999999198173001	0.000562784881791328	0.9994372151182087	0.9994372151182087	HG003	giabHC_x_ultima	-1	-2	ont	sentdhuo
HUOv1_HG003_Z0008-sup-PAY87954_0-ont-sentdhuo-SNPts	SNPts	HUOv1_HG003_Z0008-sup-PAY87954_0	2528531102.0	2526276394.0	3973.0	2250735.0	1546.0	0.9987754574062638	0.9982379092991199	0.9999993880324981	0.0006864152385958946	0.9993135847614041	0.9993135847614041	HG003	giabHC	-1	-2	ont	sentdhuo
HUOv1_HG003_Z0008-sup-PAY87954_0-ont-sentdhuo-SNPtv	SNPtv	HUOv1_HG003_Z0008-sup-PAY87954_0	2528531102.0	2527459474.0	3890.0	1067738.0	1121.0	0.997658943969293	0.996370008995659	0.9999995564718192	0.0010487819253989534	0.9989512180746011	0.9989512180746011	HG003	giabHC	-1	-2	ont	sentdhuo
HUOv1_HG003_Z0008-sup-PAY87954_0-ont-sentdhuo-INS_50	INS_50	HUOv1_HG003_Z0008-sup-PAY87954_0	2528531102.0	2528301534.0	26819.0	202749.0	4415.0	0.9284824560600093	0.8831762266517982	0.9999982537714623	0.021311617848660966	0.978688382151339	0.978688382151339	HG003	giabHC	-1	-2	ont	sentdhuo
HUOv1_HG003_Z0008-sup-PAY87954_0-ont-sentdhuo-INS_gt50	INS_gt50	HUOv1_HG003_Z0008-sup-PAY87954_0	2528531102.0	2528531101.0	0.0	1.0	1.0	0.6666666666666666	1.0	0.9999999996045135	0.5	0.5	0.5	HG003	giabHC	-1	-2	ont	sentdhuo
HUOv1_HG003_Z0008-sup-PAY87954_0-ont-sentdhuo-DEL_50	DEL_50	HUOv1_HG003_Z0008-sup-PAY87954_0	2528531102.0	2528286755.0	41664.0	202683.0	1504.0	0.9037575746766131	0.8294883915087969	0.999999405131122	0.00736579703898877	0.9926342029610112	0.9926342029610112	HG003	giabHC	-1	-2	ont	sentdhuo
HUOv1_HG003_Z0008-sup-PAY87954_0-ont-sentdhuo-DEL_gt50	DEL_gt50	HUOv1_HG003_Z0008-sup-PAY87954_0	2528531102.0	2528531102.0	0.0	0.0	0.0			1.0				HG003	giabHC	-1	-2	ont	sentdhuo
HUOv1_HG003_Z0008-sup-PAY87954_0-ont-sentdhuo-Indel_50	Indel_50	HUOv1_HG003_Z0008-sup-PAY87954_0	2528531102.0	2528500980.0	7231.0	22891.0	561.0	0.8545563146302312	0.7599428988778966	0.999999778129461	0.023921200750469045	0.976078799249531	0.976078799249531	HG003	giabHC	-1	-2	ont	sentdhuo
HUOv1_HG003_Z0008-sup-PAY87954_0-ont-sentdhuo-Indel_gt50	Indel_gt50	HUOv1_HG003_Z0008-sup-PAY87954_0	2528531102.0	2528530656.0	15.0	431.0	0.0	0.9828962371721779	0.9663677130044843	1.0	0.0	1.0	1.0	HG003	giabHC	-1	-2	ont	sentdhuo
HUOv1_HG003_Z0008-sup-PAY87954_0-ont-sentdhuo-All	All	HUOv1_HG003_Z0008-sup-PAY87954_0	2528531102.0	2524700282.0	83592.0	3747228.0	9148.0	0.9877767755044157	0.9781790843735806	0.9999963766127337	0.0024353259631091245	0.9975646740368909	0.9975646740368909	HG003	giabHC	-1	-2	ont	sentdhuo
HUOv1_HG003_Z0008-sup-PAY87954_0-ont-sentdhuo-SNPts	SNPts	HUOv1_HG003_Z0008-sup-PAY87954_0	337668665.0	337403127.0	627.0	264911.0	182.0	0.9984754000425907	0.9976387560349178	0.999999460586203	0.0006865515121108442	0.9993134484878892	0.9993134484878892	HG003	giabHC_x_clinvar_genes	-1	-2	ont	sentdhuo
HUOv1_HG003_Z0008-sup-PAY87954_0-ont-sentdhuo-SNPtv	SNPtv	HUOv1_HG003_Z0008-sup-PAY87954_0	337668665.0	337548433.0	529.0	119703.0	114.0	0.9973213802182056	0.9956001729988688	0.9999996622708022	0.0009514509627181452	0.9990485490372819	0.9990485490372819	HG003	giabHC_x_clinvar_genes	-1	-2	ont	sentdhuo
HUOv1_HG003_Z0008-sup-PAY87954_0-ont-sentdhuo-INS_50	INS_50	HUOv1_HG003_Z0008-sup-PAY87954_0	337668665.0	337642283.0	3213.0	23169.0	516.0	0.9255198034633592	0.8782124175574255	0.9999984717577228	0.021785940468651045	0.978214059531349	0.978214059531349	HG003	giabHC_x_clinvar_genes	-1	-2	ont	sentdhuo
HUOv1_HG003_Z0008-sup-PAY87954_0-ont-sentdhuo-INS_gt50	INS_gt50	HUOv1_HG003_Z0008-sup-PAY87954_0	337668665.0	337668665.0	0.0	0.0	0.0			1.0				HG003	giabHC_x_clinvar_genes	-1	-2	ont	sentdhuo
HUOv1_HG003_Z0008-sup-PAY87954_0-ont-sentdhuo-DEL_50	DEL_50	HUOv1_HG003_Z0008-sup-PAY87954_0	337668665.0	337640567.0	4778.0	23320.0	194.0	0.9036658141517476	0.8299523097729375	0.999999425424823	0.008250404014629582	0.9917495959853704	0.9917495959853704	HG003	giabHC_x_clinvar_genes	-1	-2	ont	sentdhuo
HUOv1_HG003_Z0008-sup-PAY87954_0-ont-sentdhuo-DEL_gt50	DEL_gt50	HUOv1_HG003_Z0008-sup-PAY87954_0	337668665.0	337668665.0	0.0	0.0	0.0			1.0				HG003	giabHC_x_clinvar_genes	-1	-2	ont	sentdhuo
HUOv1_HG003_Z0008-sup-PAY87954_0-ont-sentdhuo-Indel_50	Indel_50	HUOv1_HG003_Z0008-sup-PAY87954_0	337668665.0	337665705.0	745.0	2215.0	47.0	0.8483339716583683	0.7483108108108109	0.9999998608090997	0.020778072502210435	0.9792219274977896	0.9792219274977896	HG003	giabHC_x_clinvar_genes	-1	-2	ont	sentdhuo
HUOv1_HG003_Z0008-sup-PAY87954_0-ont-sentdhuo-Indel_gt50	Indel_gt50	HUOv1_HG003_Z0008-sup-PAY87954_0	337668665.0	337668622.0	0.0	43.0	0.0	1.0	1.0	1.0	0.0	1.0	1.0	HG003	giabHC_x_clinvar_genes	-1	-2	ont	sentdhuo
HUOv1_HG003_Z0008-sup-PAY87954_0-ont-sentdhuo-All	All	HUOv1_HG003_Z0008-sup-PAY87954_0	337668665.0	337225412.0	9892.0	433361.0	1053.0	0.9875294388418387	0.977683174169154	0.9999968774692698	0.0024239550290736486	0.9975760449709263	0.9975760449709263	HG003	giabHC_x_clinvar_genes	-1	-2	ont	sentdhuo
HUOv1_HG004_Z0022-sup-PAY87778_0-ont-sentdhuo-SNPts	SNPts	HUOv1_HG004_Z0022-sup-PAY87778_0	2524487531.0	2522220450.0	3747.0	2263334.0	648.0	0.9990300289358148	0.9983472138842856	0.999999743083586	0.00028622135688357946	0.9997137786431164	0.9997137786431164	HG004	ultima	-1	-2	ont	sentdhuo
HUOv1_HG004_Z0022-sup-PAY87778_0-ont-sentdhuo-SNPtv	SNPtv	HUOv1_HG004_Z0022-sup-PAY87778_0	2524487531.0	2523409077.0	3564.0	1074890.0	365.0	0.9981757052600886	0.9966952693392579	0.9999998553544288	0.00033945436198855154	0.9996605456380114	0.9996605456380114	HG004	ultima	-1	-2	ont	sentdhuo
HUOv1_HG004_Z0022-sup-PAY87778_0-ont-sentdhuo-INS_50	INS_50	HUOv1_HG004_Z0022-sup-PAY87778_0	2524487531.0	2524255642.0	28919.0	202970.0	4395.0	0.9241577765939525	0.8752894703931623	0.9999982588957019	0.021194512092204566	0.9788054879077954	0.9788054879077954	HG004	ultima	-1	-2	ont	sentdhuo
HUOv1_HG004_Z0022-sup-PAY87778_0-ont-sentdhuo-INS_gt50	INS_gt50	HUOv1_HG004_Z0022-sup-PAY87778_0	2524487531.0	2524487531.0	0.0	0.0	0.0			1.0				HG004	ultima	-1	-2	ont	sentdhuo
HUOv1_HG004_Z0022-sup-PAY87778_0-ont-sentdhuo-DEL_50	DEL_50	HUOv1_HG004_Z0022-sup-PAY87778_0	2524487531.0	2524240289.0	43470.0	203772.0	1774.0	0.9000768571605255	0.824180357706215	0.9999992972147854	0.008630671479863388	0.9913693285201366	0.9913693285201366	HG004	ultima	-1	-2	ont	sentdhuo
HUOv1_HG004_Z0022-sup-PAY87778_0-ont-sentdhuo-DEL_gt50	DEL_gt50	HUOv1_HG004_Z0022-sup-PAY87778_0	2524487531.0	2524487531.0	0.0	0.0	0.0			1.0				HG004	ultima	-1	-2	ont	sentdhuo
HUOv1_HG004_Z0022-sup-PAY87778_0-ont-sentdhuo-Indel_50	Indel_50	HUOv1_HG004_Z0022-sup-PAY87778_0	2524487531.0	2524456636.0	8082.0	22813.0	571.0	0.840582914202546	0.738404272536009	0.9999997738127633	0.024418405747519672	0.9755815942524804	0.9755815942524804	HG004	ultima	-1	-2	ont	sentdhuo
HUOv1_HG004_Z0022-sup-PAY87778_0-ont-sentdhuo-Indel_gt50	Indel_gt50	HUOv1_HG004_Z0022-sup-PAY87778_0	2524487531.0	2524487107.0	16.0	408.0	0.0	0.9807692307692307	0.9622641509433962	1.0	0.0	1.0	1.0	HG004	ultima	-1	-2	ont	sentdhuo
HUOv1_HG004_Z0022-sup-PAY87778_0-ont-sentdhuo-All	All	HUOv1_HG004_Z0022-sup-PAY87778_0	2524487531.0	2520631546.0	87798.0	3768187.0	7753.0	0.9874800918510075	0.9772307205551889	0.9999969241930001	0.002053263558213319	0.9979467364417867	0.9979467364417867	HG004	ultima	-1	-2	ont	sentdhuo
HUOv1_HG004_Z0022-sup-PAY87778_0-ont-sentdhuo-SNPts	SNPts	HUOv1_HG004_Z0022-sup-PAY87778_0	3088286401.0	3085948035.0	6930.0	2331436.0	506997.0	0.9007249460525704	0.9970363920789133	0.9998357348496111	0.17861862513577034	0.8213813748642297	0.8213813748642297	HG004	hg38	-1	-2	ont	sentdhuo
HUOv1_HG004_Z0022-sup-PAY87778_0-ont-sentdhuo-SNPtv	SNPtv	HUOv1_HG004_Z0022-sup-PAY87778_0	3088286401.0	3087171478.0	5963.0	1108960.0	449511.0	0.8296270583385763	0.9946516485891851	0.9998544150977074	0.28843077606192224	0.7115692239380778	0.7115692239380778	HG004	hg38	-1	-2	ont	sentdhuo
HUOv1_HG004_Z0022-sup-PAY87778_0-ont-sentdhuo-INS_50	INS_50	HUOv1_HG004_Z0022-sup-PAY87778_0	3088286401.0	3088026868.0	35752.0	223781.0	102711.0	0.7637250970521736	0.86224487830064	0.9999667400614604	0.3145896377246609	0.6854103622753391	0.685410362275339	HG004	hg38	-1	-2	ont	sentdhuo
HUOv1_HG004_Z0022-sup-PAY87778_0-ont-sentdhuo-INS_gt50	INS_gt50	HUOv1_HG004_Z0022-sup-PAY87778_0	3088286401.0	3088286180.0	122.0	99.0	2517.0	0.06979203383856186	0.4479638009049774	0.9999991849855221	0.9621559633027523	0.037844036697247674	0.03784403669724771	HG004	hg38	-1	-2	ont	sentdhuo
HUOv1_HG004_Z0022-sup-PAY87778_0-ont-sentdhuo-DEL_50	DEL_50	HUOv1_HG004_Z0022-sup-PAY87778_0	3088286401.0	3088011409.0	50648.0	224344.0	98996.0	0.7498980499120889	0.815820096584628	0.9999679428559809	0.3061668831570483	0.6938331168429517	0.6938331168429517	HG004	hg38	-1	-2	ont	sentdhuo
HUOv1_HG004_Z0022-sup-PAY87778_0-ont-sentdhuo-DEL_gt50	DEL_gt50	HUOv1_HG004_Z0022-sup-PAY87778_0	3088286401.0	3088286245.0	55.0	101.0	3141.0	0.0594467333725721	0.6474358974358975	0.9999989829321001	0.9688463911165947	0.031153608883405348	0.031153608883405307	HG004	hg38	-1	-2	ont	sentdhuo
HUOv1_HG004_Z0022-sup-PAY87778_0-ont-sentdhuo-Indel_50	Indel_50	HUOv1_HG004_Z0022-sup-PAY87778_0	3088286401.0	3088246054.0	10788.0	29559.0	14323.0	0.7018722767692839	0.7326195256152874	0.9999953621138598	0.3263980675447792	0.6736019324552208	0.6736019324552208	HG004	hg38	-1	-2	ont	sentdhuo
HUOv1_HG004_Z0022-sup-PAY87778_0-ont-sentdhuo-Indel_gt50	Indel_gt50	HUOv1_HG004_Z0022-sup-PAY87778_0	3088286401.0	3088284971.0	274.0	1156.0	1688.0	0.5409452503509592	0.8083916083916084	0.9999994534186147	0.5935302390998594	0.40646976090014064	0.40646976090014064	HG004	hg38	-1	-2	ont	sentdhuo
HUOv1_HG004_Z0022-sup-PAY87778_0-ont-sentdhuo-All	All	HUOv1_HG004_Z0022-sup-PAY87778_0	3088286401.0	3084256433.0	110532.0	3919436.0	1179884.0	0.8586509703714024	0.9725724869279359	0.9996175957372709	0.23138065467552538	0.7686193453244746	0.7686193453244746	HG004	hg38	-1	-2	ont	sentdhuo
HUOv1_HG004_Z0022-sup-PAY87778_0-ont-sentdhuo-SNPts	SNPts	HUOv1_HG004_Z0022-sup-PAY87778_0	336900298.0	336634206.0	632.0	265460.0	118.0	0.9985893505369873	0.9976248816198908	0.9999996494712762	0.00044431391154387787	0.9995556860884561	0.9995556860884561	HG004	giabHC_x_ultima_x_clinvar	-1	-2	ont	sentdhuo
HUOv1_HG004_Z0022-sup-PAY87778_0-ont-sentdhuo-SNPtv	SNPtv	HUOv1_HG004_Z0022-sup-PAY87778_0	336900298.0	336779643.0	565.0	120090.0	71.0	0.9973589794698027	0.9953172268036965	0.999999789179701	0.0005908739108362946	0.9994091260891637	0.9994091260891637	HG004	giabHC_x_ultima_x_clinvar	-1	-2	ont	sentdhuo
HUOv1_HG004_Z0022-sup-PAY87778_0-ont-sentdhuo-INS_50	INS_50	HUOv1_HG004_Z0022-sup-PAY87778_0	336900298.0	336873708.0	3400.0	23190.0	488.0	0.9226545714967772	0.8721323805942084	0.9999985513880083	0.020609848804797704	0.9793901511952023	0.9793901511952023	HG004	giabHC_x_ultima_x_clinvar	-1	-2	ont	sentdhuo
HUOv1_HG004_Z0022-sup-PAY87778_0-ont-sentdhuo-INS_gt50	INS_gt50	HUOv1_HG004_Z0022-sup-PAY87778_0	336900298.0	336900298.0	0.0	0.0	0.0			1.0				HG004	giabHC_x_ultima_x_clinvar	-1	-2	ont	sentdhuo
HUOv1_HG004_Z0022-sup-PAY87778_0-ont-sentdhuo-DEL_50	DEL_50	HUOv1_HG004_Z0022-sup-PAY87778_0	336900298.0	336871963.0	4939.0	23396.0	204.0	0.9009723693077887	0.8256926063172755	0.9999993944290446	0.00864406779661017	0.9913559322033898	0.9913559322033898	HG004	giabHC_x_ultima_x_clinvar	-1	-2	ont	sentdhuo
HUOv1_HG004_Z0022-sup-PAY87778_0-ont-sentdhuo-DEL_gt50	DEL_gt50	HUOv1_HG004_Z0022-sup-PAY87778_0	336900298.0	336900298.0	0.0	0.0	0.0			1.0				HG004	giabHC_x_ultima_x_clinvar	-1	-2	ont	sentdhuo
HUOv1_HG004_Z0022-sup-PAY87778_0-ont-sentdhuo-Indel_50	Indel_50	HUOv1_HG004_Z0022-sup-PAY87778_0	336900298.0	336897248.0	842.0	2208.0	62.0	0.8300751879699247	0.7239344262295082	0.9999998159676609	0.027312775330396475	0.9726872246696036	0.9726872246696036	HG004	giabHC_x_ultima_x_clinvar	-1	-2	ont	sentdhuo
HUOv1_HG004_Z0022-sup-PAY87778_0-ont-sentdhuo-Indel_gt50	Indel_gt50	HUOv1_HG004_Z0022-sup-PAY87778_0	336900298.0	336900259.0	0.0	39.0	0.0	1.0	1.0	1.0	0.0	1.0	1.0	HG004	giabHC_x_ultima_x_clinvar	-1	-2	ont	sentdhuo
HUOv1_HG004_Z0022-sup-PAY87778_0-ont-sentdhuo-All	All	HUOv1_HG004_Z0022-sup-PAY87778_0	336900298.0	336455537.0	10378.0	434383.0	943.0	0.9871364990052119	0.976666119556346	0.9999971972601033	0.002166192692373072	0.9978338073076269	0.9978338073076269	HG004	giabHC_x_ultima_x_clinvar	-1	-2	ont	sentdhuo
HUOv1_HG004_Z0022-sup-PAY87778_0-ont-sentdhuo-SNPts	SNPts	HUOv1_HG004_Z0022-sup-PAY87778_0	336900298.0	336634206.0	632.0	265460.0	118.0	0.9985893505369873	0.9976248816198908	0.9999996494712762	0.00044431391154387787	0.9995556860884561	0.9995556860884561	HG004	giabHC_x_clinvar_genes	-1	-2	ont	sentdhuo
HUOv1_HG004_Z0022-sup-PAY87778_0-ont-sentdhuo-SNPtv	SNPtv	HUOv1_HG004_Z0022-sup-PAY87778_0	336900298.0	336779643.0	565.0	120090.0	71.0	0.9973589794698027	0.9953172268036965	0.999999789179701	0.0005908739108362946	0.9994091260891637	0.9994091260891637	HG004	giabHC_x_clinvar_genes	-1	-2	ont	sentdhuo
HUOv1_HG004_Z0022-sup-PAY87778_0-ont-sentdhuo-INS_50	INS_50	HUOv1_HG004_Z0022-sup-PAY87778_0	336900298.0	336873708.0	3400.0	23190.0	488.0	0.9226545714967772	0.8721323805942084	0.9999985513880083	0.020609848804797704	0.9793901511952023	0.9793901511952023	HG004	giabHC_x_clinvar_genes	-1	-2	ont	sentdhuo
HUOv1_HG004_Z0022-sup-PAY87778_0-ont-sentdhuo-INS_gt50	INS_gt50	HUOv1_HG004_Z0022-sup-PAY87778_0	336900298.0	336900298.0	0.0	0.0	0.0			1.0				HG004	giabHC_x_clinvar_genes	-1	-2	ont	sentdhuo
HUOv1_HG004_Z0022-sup-PAY87778_0-ont-sentdhuo-DEL_50	DEL_50	HUOv1_HG004_Z0022-sup-PAY87778_0	336900298.0	336871963.0	4939.0	23396.0	204.0	0.9009723693077887	0.8256926063172755	0.9999993944290446	0.00864406779661017	0.9913559322033898	0.9913559322033898	HG004	giabHC_x_clinvar_genes	-1	-2	ont	sentdhuo
HUOv1_HG004_Z0022-sup-PAY87778_0-ont-sentdhuo-DEL_gt50	DEL_gt50	HUOv1_HG004_Z0022-sup-PAY87778_0	336900298.0	336900298.0	0.0	0.0	0.0			1.0				HG004	giabHC_x_clinvar_genes	-1	-2	ont	sentdhuo
HUOv1_HG004_Z0022-sup-PAY87778_0-ont-sentdhuo-Indel_50	Indel_50	HUOv1_HG004_Z0022-sup-PAY87778_0	336900298.0	336897248.0	842.0	2208.0	62.0	0.8300751879699247	0.7239344262295082	0.9999998159676609	0.027312775330396475	0.9726872246696036	0.9726872246696036	HG004	giabHC_x_clinvar_genes	-1	-2	ont	sentdhuo
HUOv1_HG004_Z0022-sup-PAY87778_0-ont-sentdhuo-Indel_gt50	Indel_gt50	HUOv1_HG004_Z0022-sup-PAY87778_0	336900298.0	336900259.0	0.0	39.0	0.0	1.0	1.0	1.0	0.0	1.0	1.0	HG004	giabHC_x_clinvar_genes	-1	-2	ont	sentdhuo
HUOv1_HG004_Z0022-sup-PAY87778_0-ont-sentdhuo-All	All	HUOv1_HG004_Z0022-sup-PAY87778_0	336900298.0	336455537.0	10378.0	434383.0	943.0	0.9871364990052119	0.976666119556346	0.9999971972601033	0.002166192692373072	0.9978338073076269	0.9978338073076269	HG004	giabHC_x_clinvar_genes	-1	-2	ont	sentdhuo
HUOv1_HG004_Z0022-sup-PAY87778_0-ont-sentdhuo-SNPts	SNPts	HUOv1_HG004_Z0022-sup-PAY87778_0	377862616.0	377588262.0	1091.0	273263.0	39528.0	0.9308194738948642	0.9960233858445657	0.9998953255002764	0.12637192246579984	0.8736280775342001	0.8736280775342001	HG004	clinvar_genes	-1	-2	ont	sentdhuo
HUOv1_HG004_Z0022-sup-PAY87778_0-ont-sentdhuo-SNPtv	SNPtv	HUOv1_HG004_Z0022-sup-PAY87778_0	377862616.0	377737635.0	921.0	124060.0	22741.0	0.9129375749681731	0.9926308798937439	0.9999398004622909	0.15491038889380862	0.8450896111061914	0.8450896111061914	HG004	clinvar_genes	-1	-2	ont	sentdhuo
HUOv1_HG004_Z0022-sup-PAY87778_0-ont-sentdhuo-INS_50	INS_50	HUOv1_HG004_Z0022-sup-PAY87778_0	377862616.0	377833126.0	4117.0	25373.0	10601.0	0.7751741415128925	0.8603933536792133	0.9999719434272889	0.29468505031411574	0.7053149496858843	0.7053149496858843	HG004	clinvar_genes	-1	-2	ont	sentdhuo
HUOv1_HG004_Z0022-sup-PAY87778_0-ont-sentdhuo-INS_gt50	INS_gt50	HUOv1_HG004_Z0022-sup-PAY87778_0	377862616.0	377862583.0	21.0	12.0	341.0	0.06217616580310882	0.36363636363636365	0.9999990975563403	0.9660056657223796	0.03399433427762044	0.0339943342776204	HG004	clinvar_genes	-1	-2	ont	sentdhuo
HUOv1_HG004_Z0022-sup-PAY87778_0-ont-sentdhuo-DEL_50	DEL_50	HUOv1_HG004_Z0022-sup-PAY87778_0	377862616.0	377831326.0	5751.0	25539.0	9905.0	0.7653969490814279	0.8162032598274209	0.9999737852854921	0.2794549147951699	0.7205450852048301	0.7205450852048302	HG004	clinvar_genes	-1	-2	ont	sentdhuo
HUOv1_HG004_Z0022-sup-PAY87778_0-ont-sentdhuo-DEL_gt50	DEL_gt50	HUOv1_HG004_Z0022-sup-PAY87778_0	377862616.0	377862589.0	7.0	20.0	462.0	0.07858546168958742	0.7407407407407407	0.9999987773348075	0.9585062240663901	0.04149377593360992	0.04149377593360996	HG004	clinvar_genes	-1	-2	ont	sentdhuo
HUOv1_HG004_Z0022-sup-PAY87778_0-ont-sentdhuo-Indel_50	Indel_50	HUOv1_HG004_Z0022-sup-PAY87778_0	377862616.0	377858659.0	1113.0	2844.0	1489.0	0.6861278648974668	0.7187263078089462	0.999996059388618	0.3436418186014309	0.656358181398569	0.6563581813985692	HG004	clinvar_genes	-1	-2	ont	sentdhuo
HUOv1_HG004_Z0022-sup-PAY87778_0-ont-sentdhuo-Indel_gt50	Indel_gt50	HUOv1_HG004_Z0022-sup-PAY87778_0	377862616.0	377862466.0	22.0	128.0	187.0	0.5505376344086022	0.8533333333333334	0.9999995051111865	0.5936507936507937	0.40634920634920635	0.40634920634920635	HG004	clinvar_genes	-1	-2	ont	sentdhuo
HUOv1_HG004_Z0022-sup-PAY87778_0-ont-sentdhuo-All	All	HUOv1_HG004_Z0022-sup-PAY87778_0	377862616.0	377398334.0	13043.0	451239.0	85254.0	0.9017791211810847	0.9719071598726636	0.9997741517705401	0.15890980870207067	0.8410901912979294	0.8410901912979293	HG004	clinvar_genes	-1	-2	ont	sentdhuo
HUOv1_HG004_Z0022-sup-PAY87778_0-ont-sentdhuo-SNPts	SNPts	HUOv1_HG004_Z0022-sup-PAY87778_0	2524487531.0	2522220450.0	3747.0	2263334.0	648.0	0.9990300289358148	0.9983472138842856	0.999999743083586	0.00028622135688357946	0.9997137786431164	0.9997137786431164	HG004	giabHC_x_ultima	-1	-2	ont	sentdhuo
HUOv1_HG004_Z0022-sup-PAY87778_0-ont-sentdhuo-SNPtv	SNPtv	HUOv1_HG004_Z0022-sup-PAY87778_0	2524487531.0	2523409077.0	3564.0	1074890.0	365.0	0.9981757052600886	0.9966952693392579	0.9999998553544288	0.00033945436198855154	0.9996605456380114	0.9996605456380114	HG004	giabHC_x_ultima	-1	-2	ont	sentdhuo
HUOv1_HG004_Z0022-sup-PAY87778_0-ont-sentdhuo-INS_50	INS_50	HUOv1_HG004_Z0022-sup-PAY87778_0	2524487531.0	2524255642.0	28919.0	202970.0	4395.0	0.9241577765939525	0.8752894703931623	0.9999982588957019	0.021194512092204566	0.9788054879077954	0.9788054879077954	HG004	giabHC_x_ultima	-1	-2	ont	sentdhuo
HUOv1_HG004_Z0022-sup-PAY87778_0-ont-sentdhuo-INS_gt50	INS_gt50	HUOv1_HG004_Z0022-sup-PAY87778_0	2524487531.0	2524487531.0	0.0	0.0	0.0			1.0				HG004	giabHC_x_ultima	-1	-2	ont	sentdhuo
HUOv1_HG004_Z0022-sup-PAY87778_0-ont-sentdhuo-DEL_50	DEL_50	HUOv1_HG004_Z0022-sup-PAY87778_0	2524487531.0	2524240289.0	43470.0	203772.0	1774.0	0.9000768571605255	0.824180357706215	0.9999992972147854	0.008630671479863388	0.9913693285201366	0.9913693285201366	HG004	giabHC_x_ultima	-1	-2	ont	sentdhuo
HUOv1_HG004_Z0022-sup-PAY87778_0-ont-sentdhuo-DEL_gt50	DEL_gt50	HUOv1_HG004_Z0022-sup-PAY87778_0	2524487531.0	2524487531.0	0.0	0.0	0.0			1.0				HG004	giabHC_x_ultima	-1	-2	ont	sentdhuo
HUOv1_HG004_Z0022-sup-PAY87778_0-ont-sentdhuo-Indel_50	Indel_50	HUOv1_HG004_Z0022-sup-PAY87778_0	2524487531.0	2524456636.0	8082.0	22813.0	571.0	0.840582914202546	0.738404272536009	0.9999997738127633	0.024418405747519672	0.9755815942524804	0.9755815942524804	HG004	giabHC_x_ultima	-1	-2	ont	sentdhuo
HUOv1_HG004_Z0022-sup-PAY87778_0-ont-sentdhuo-Indel_gt50	Indel_gt50	HUOv1_HG004_Z0022-sup-PAY87778_0	2524487531.0	2524487107.0	16.0	408.0	0.0	0.9807692307692307	0.9622641509433962	1.0	0.0	1.0	1.0	HG004	giabHC_x_ultima	-1	-2	ont	sentdhuo
HUOv1_HG004_Z0022-sup-PAY87778_0-ont-sentdhuo-All	All	HUOv1_HG004_Z0022-sup-PAY87778_0	2524487531.0	2520631546.0	87798.0	3768187.0	7753.0	0.9874800918510075	0.9772307205551889	0.9999969241930001	0.002053263558213319	0.9979467364417867	0.9979467364417867	HG004	giabHC_x_ultima	-1	-2	ont	sentdhuo
HUOv1_HG004_Z0022-sup-PAY87778_0-ont-sentdhuo-SNPts	SNPts	HUOv1_HG004_Z0022-sup-PAY87778_0	2524487531.0	2522220450.0	3747.0	2263334.0	648.0	0.9990300289358148	0.9983472138842856	0.999999743083586	0.00028622135688357946	0.9997137786431164	0.9997137786431164	HG004	giabHC	-1	-2	ont	sentdhuo
HUOv1_HG004_Z0022-sup-PAY87778_0-ont-sentdhuo-SNPtv	SNPtv	HUOv1_HG004_Z0022-sup-PAY87778_0	2524487531.0	2523409077.0	3564.0	1074890.0	365.0	0.9981757052600886	0.9966952693392579	0.9999998553544288	0.00033945436198855154	0.9996605456380114	0.9996605456380114	HG004	giabHC	-1	-2	ont	sentdhuo
HUOv1_HG004_Z0022-sup-PAY87778_0-ont-sentdhuo-INS_50	INS_50	HUOv1_HG004_Z0022-sup-PAY87778_0	2524487531.0	2524255642.0	28919.0	202970.0	4395.0	0.9241577765939525	0.8752894703931623	0.9999982588957019	0.021194512092204566	0.9788054879077954	0.9788054879077954	HG004	giabHC	-1	-2	ont	sentdhuo
HUOv1_HG004_Z0022-sup-PAY87778_0-ont-sentdhuo-INS_gt50	INS_gt50	HUOv1_HG004_Z0022-sup-PAY87778_0	2524487531.0	2524487531.0	0.0	0.0	0.0			1.0				HG004	giabHC	-1	-2	ont	sentdhuo
HUOv1_HG004_Z0022-sup-PAY87778_0-ont-sentdhuo-DEL_50	DEL_50	HUOv1_HG004_Z0022-sup-PAY87778_0	2524487531.0	2524240289.0	43470.0	203772.0	1774.0	0.9000768571605255	0.824180357706215	0.9999992972147854	0.008630671479863388	0.9913693285201366	0.9913693285201366	HG004	giabHC	-1	-2	ont	sentdhuo
HUOv1_HG004_Z0022-sup-PAY87778_0-ont-sentdhuo-DEL_gt50	DEL_gt50	HUOv1_HG004_Z0022-sup-PAY87778_0	2524487531.0	2524487531.0	0.0	0.0	0.0			1.0				HG004	giabHC	-1	-2	ont	sentdhuo
HUOv1_HG004_Z0022-sup-PAY87778_0-ont-sentdhuo-Indel_50	Indel_50	HUOv1_HG004_Z0022-sup-PAY87778_0	2524487531.0	2524456636.0	8082.0	22813.0	571.0	0.840582914202546	0.738404272536009	0.9999997738127633	0.024418405747519672	0.9755815942524804	0.9755815942524804	HG004	giabHC	-1	-2	ont	sentdhuo
HUOv1_HG004_Z0022-sup-PAY87778_0-ont-sentdhuo-Indel_gt50	Indel_gt50	HUOv1_HG004_Z0022-sup-PAY87778_0	2524487531.0	2524487107.0	16.0	408.0	0.0	0.9807692307692307	0.9622641509433962	1.0	0.0	1.0	1.0	HG004	giabHC	-1	-2	ont	sentdhuo
HUOv1_HG004_Z0022-sup-PAY87778_0-ont-sentdhuo-All	All	HUOv1_HG004_Z0022-sup-PAY87778_0	2524487531.0	2520631546.0	87798.0	3768187.0	7753.0	0.9874800918510075	0.9772307205551889	0.9999969241930001	0.002053263558213319	0.9979467364417867	0.9979467364417867	HG004	giabHC	-1	-2	ont	sentdhuo
HUOv1_HG004_Z0022-sup-PAY88428_0-ont-sentdhuo-SNPts	SNPts	HUOv1_HG004_Z0022-sup-PAY88428_0	2524487531.0	2522220458.0	3838.0	2263235.0	555.0	0.9990304275366526	0.9983070681888055	0.9999997799558417	0.0002451640832409367	0.9997548359167591	0.9997548359167591	HG004	giabHC	-1	-2	ont	sentdhuo
HUOv1_HG004_Z0022-sup-PAY88428_0-ont-sentdhuo-SNPtv	SNPtv	HUOv1_HG004_Z0022-sup-PAY88428_0	2524487531.0	2523409073.0	3695.0	1074763.0	342.0	0.9981254321327029	0.996573811868427	0.9999998644690798	0.00031810846382446364	0.9996818915361755	0.9996818915361755	HG004	giabHC	-1	-2	ont	sentdhuo
HUOv1_HG004_Z0022-sup-PAY88428_0-ont-sentdhuo-INS_50	INS_50	HUOv1_HG004_Z0022-sup-PAY88428_0	2524487531.0	2524255665.0	29025.0	202841.0	4406.0	0.9238669772928608	0.8748199391027577	0.9999982545380127	0.0212596563520823	0.9787403436479177	0.9787403436479177	HG004	giabHC	-1	-2	ont	sentdhuo
HUOv1_HG004_Z0022-sup-PAY88428_0-ont-sentdhuo-INS_gt50	INS_gt50	HUOv1_HG004_Z0022-sup-PAY88428_0	2524487531.0	2524487531.0	0.0	0.0	0.0			1.0				HG004	giabHC	-1	-2	ont	sentdhuo
HUOv1_HG004_Z0022-sup-PAY88428_0-ont-sentdhuo-DEL_50	DEL_50	HUOv1_HG004_Z0022-sup-PAY88428_0	2524487531.0	2524240352.0	43722.0	203457.0	1763.0	0.899458221614106	0.8231160414112849	0.9999993015725435	0.008590780625670013	0.99140921937433	0.99140921937433	HG004	giabHC	-1	-2	ont	sentdhuo
HUOv1_HG004_Z0022-sup-PAY88428_0-ont-sentdhuo-DEL_gt50	DEL_gt50	HUOv1_HG004_Z0022-sup-PAY88428_0	2524487531.0	2524487531.0	0.0	0.0	0.0			1.0				HG004	giabHC	-1	-2	ont	sentdhuo
HUOv1_HG004_Z0022-sup-PAY88428_0-ont-sentdhuo-Indel_50	Indel_50	HUOv1_HG004_Z0022-sup-PAY88428_0	2524487531.0	2524456550.0	8136.0	22845.0	594.0	0.8395810363836825	0.7373874310061005	0.9999997647018879	0.025342378087802382	0.9746576219121976	0.9746576219121976	HG004	giabHC	-1	-2	ont	sentdhuo
HUOv1_HG004_Z0022-sup-PAY88428_0-ont-sentdhuo-Indel_gt50	Indel_gt50	HUOv1_HG004_Z0022-sup-PAY88428_0	2524487531.0	2524487108.0	16.0	407.0	0.0	0.980722891566265	0.9621749408983451	1.0	0.0	1.0	1.0	HG004	giabHC	-1	-2	ont	sentdhuo
HUOv1_HG004_Z0022-sup-PAY88428_0-ont-sentdhuo-All	All	HUOv1_HG004_Z0022-sup-PAY88428_0	2524487531.0	2520631551.0	88432.0	3767548.0	7660.0	0.9874079894244513	0.9770662710906177	0.9999969610882959	0.002029027274788568	0.9979709727252114	0.9979709727252114	HG004	giabHC	-1	-2	ont	sentdhuo
HUOv1_HG004_Z0022-sup-PAY88428_0-ont-sentdhuo-SNPts	SNPts	HUOv1_HG004_Z0022-sup-PAY88428_0	2524487531.0	2522220458.0	3838.0	2263235.0	555.0	0.9990304275366526	0.9983070681888055	0.9999997799558417	0.0002451640832409367	0.9997548359167591	0.9997548359167591	HG004	giabHC_x_ultima	-1	-2	ont	sentdhuo
HUOv1_HG004_Z0022-sup-PAY88428_0-ont-sentdhuo-SNPtv	SNPtv	HUOv1_HG004_Z0022-sup-PAY88428_0	2524487531.0	2523409073.0	3695.0	1074763.0	342.0	0.9981254321327029	0.996573811868427	0.9999998644690798	0.00031810846382446364	0.9996818915361755	0.9996818915361755	HG004	giabHC_x_ultima	-1	-2	ont	sentdhuo
HUOv1_HG004_Z0022-sup-PAY88428_0-ont-sentdhuo-INS_50	INS_50	HUOv1_HG004_Z0022-sup-PAY88428_0	2524487531.0	2524255665.0	29025.0	202841.0	4406.0	0.9238669772928608	0.8748199391027577	0.9999982545380127	0.0212596563520823	0.9787403436479177	0.9787403436479177	HG004	giabHC_x_ultima	-1	-2	ont	sentdhuo
HUOv1_HG004_Z0022-sup-PAY88428_0-ont-sentdhuo-INS_gt50	INS_gt50	HUOv1_HG004_Z0022-sup-PAY88428_0	2524487531.0	2524487531.0	0.0	0.0	0.0			1.0				HG004	giabHC_x_ultima	-1	-2	ont	sentdhuo
HUOv1_HG004_Z0022-sup-PAY88428_0-ont-sentdhuo-DEL_50	DEL_50	HUOv1_HG004_Z0022-sup-PAY88428_0	2524487531.0	2524240352.0	43722.0	203457.0	1763.0	0.899458221614106	0.8231160414112849	0.9999993015725435	0.008590780625670013	0.99140921937433	0.99140921937433	HG004	giabHC_x_ultima	-1	-2	ont	sentdhuo
HUOv1_HG004_Z0022-sup-PAY88428_0-ont-sentdhuo-DEL_gt50	DEL_gt50	HUOv1_HG004_Z0022-sup-PAY88428_0	2524487531.0	2524487531.0	0.0	0.0	0.0			1.0				HG004	giabHC_x_ultima	-1	-2	ont	sentdhuo
HUOv1_HG004_Z0022-sup-PAY88428_0-ont-sentdhuo-Indel_50	Indel_50	HUOv1_HG004_Z0022-sup-PAY88428_0	2524487531.0	2524456550.0	8136.0	22845.0	594.0	0.8395810363836825	0.7373874310061005	0.9999997647018879	0.025342378087802382	0.9746576219121976	0.9746576219121976	HG004	giabHC_x_ultima	-1	-2	ont	sentdhuo
HUOv1_HG004_Z0022-sup-PAY88428_0-ont-sentdhuo-Indel_gt50	Indel_gt50	HUOv1_HG004_Z0022-sup-PAY88428_0	2524487531.0	2524487108.0	16.0	407.0	0.0	0.980722891566265	0.9621749408983451	1.0	0.0	1.0	1.0	HG004	giabHC_x_ultima	-1	-2	ont	sentdhuo
HUOv1_HG004_Z0022-sup-PAY88428_0-ont-sentdhuo-All	All	HUOv1_HG004_Z0022-sup-PAY88428_0	2524487531.0	2520631551.0	88432.0	3767548.0	7660.0	0.9874079894244513	0.9770662710906177	0.9999969610882959	0.002029027274788568	0.9979709727252114	0.9979709727252114	HG004	giabHC_x_ultima	-1	-2	ont	sentdhuo
HUOv1_HG004_Z0022-sup-PAY88428_0-ont-sentdhuo-SNPts	SNPts	HUOv1_HG004_Z0022-sup-PAY88428_0	336900298.0	336634206.0	740.0	265352.0	110.0	0.998400915052845	0.9972190069599988	0.9999996732359276	0.00041437192517196434	0.999585628074828	0.999585628074828	HG004	giabHC_x_clinvar_genes	-1	-2	ont	sentdhuo
HUOv1_HG004_Z0022-sup-PAY88428_0-ont-sentdhuo-SNPtv	SNPtv	HUOv1_HG004_Z0022-sup-PAY88428_0	336900298.0	336779640.0	602.0	120056.0	59.0	0.997254675565782	0.9950106913756237	0.999999824811293	0.0004911959372268243	0.9995088040627732	0.9995088040627732	HG004	giabHC_x_clinvar_genes	-1	-2	ont	sentdhuo
HUOv1_HG004_Z0022-sup-PAY88428_0-ont-sentdhuo-INS_50	INS_50	HUOv1_HG004_Z0022-sup-PAY88428_0	336900298.0	336873731.0	3412.0	23155.0	488.0	0.9223262298346943	0.8715699928482704	0.9999985513881072	0.020640358668527682	0.9793596413314724	0.9793596413314724	HG004	giabHC_x_clinvar_genes	-1	-2	ont	sentdhuo
HUOv1_HG004_Z0022-sup-PAY88428_0-ont-sentdhuo-INS_gt50	INS_gt50	HUOv1_HG004_Z0022-sup-PAY88428_0	336900298.0	336900298.0	0.0	0.0	0.0			1.0				HG004	giabHC_x_clinvar_genes	-1	-2	ont	sentdhuo
HUOv1_HG004_Z0022-sup-PAY88428_0-ont-sentdhuo-DEL_50	DEL_50	HUOv1_HG004_Z0022-sup-PAY88428_0	336900298.0	336871966.0	4946.0	23386.0	209.0	0.9007260192192885	0.825427078921361	0.999999379586634	0.008857808857808859	0.9911421911421912	0.9911421911421912	HG004	giabHC_x_clinvar_genes	-1	-2	ont	sentdhuo
HUOv1_HG004_Z0022-sup-PAY88428_0-ont-sentdhuo-DEL_gt50	DEL_gt50	HUOv1_HG004_Z0022-sup-PAY88428_0	336900298.0	336900298.0	0.0	0.0	0.0			1.0				HG004	giabHC_x_clinvar_genes	-1	-2	ont	sentdhuo
HUOv1_HG004_Z0022-sup-PAY88428_0-ont-sentdhuo-Indel_50	Indel_50	HUOv1_HG004_Z0022-sup-PAY88428_0	336900298.0	336897220.0	832.0	2246.0	65.0	0.833549823714975	0.7296946068875894	0.999999807062856	0.028126352228472522	0.9718736477715275	0.9718736477715275	HG004	giabHC_x_clinvar_genes	-1	-2	ont	sentdhuo
HUOv1_HG004_Z0022-sup-PAY88428_0-ont-sentdhuo-Indel_gt50	Indel_gt50	HUOv1_HG004_Z0022-sup-PAY88428_0	336900298.0	336900261.0	0.0	37.0	0.0	1.0	1.0	1.0	0.0	1.0	1.0	HG004	giabHC_x_clinvar_genes	-1	-2	ont	sentdhuo
HUOv1_HG004_Z0022-sup-PAY88428_0-ont-sentdhuo-All	All	HUOv1_HG004_Z0022-sup-PAY88428_0	336900298.0	336455534.0	10532.0	434232.0	931.0	0.9869727829694963	0.9763200259013769	0.9999972329258111	0.002139428214255348	0.9978605717857446	0.9978605717857446	HG004	giabHC_x_clinvar_genes	-1	-2	ont	sentdhuo
HUOv1_HG004_Z0022-sup-PAY88428_0-ont-sentdhuo-SNPts	SNPts	HUOv1_HG004_Z0022-sup-PAY88428_0	336900298.0	336634206.0	740.0	265352.0	110.0	0.998400915052845	0.9972190069599988	0.9999996732359276	0.00041437192517196434	0.999585628074828	0.999585628074828	HG004	giabHC_x_ultima_x_clinvar	-1	-2	ont	sentdhuo
HUOv1_HG004_Z0022-sup-PAY88428_0-ont-sentdhuo-SNPtv	SNPtv	HUOv1_HG004_Z0022-sup-PAY88428_0	336900298.0	336779640.0	602.0	120056.0	59.0	0.997254675565782	0.9950106913756237	0.999999824811293	0.0004911959372268243	0.9995088040627732	0.9995088040627732	HG004	giabHC_x_ultima_x_clinvar	-1	-2	ont	sentdhuo
HUOv1_HG004_Z0022-sup-PAY88428_0-ont-sentdhuo-INS_50	INS_50	HUOv1_HG004_Z0022-sup-PAY88428_0	336900298.0	336873731.0	3412.0	23155.0	488.0	0.9223262298346943	0.8715699928482704	0.9999985513881072	0.020640358668527682	0.9793596413314724	0.9793596413314724	HG004	giabHC_x_ultima_x_clinvar	-1	-2	ont	sentdhuo
HUOv1_HG004_Z0022-sup-PAY88428_0-ont-sentdhuo-INS_gt50	INS_gt50	HUOv1_HG004_Z0022-sup-PAY88428_0	336900298.0	336900298.0	0.0	0.0	0.0			1.0				HG004	giabHC_x_ultima_x_clinvar	-1	-2	ont	sentdhuo
HUOv1_HG004_Z0022-sup-PAY88428_0-ont-sentdhuo-DEL_50	DEL_50	HUOv1_HG004_Z0022-sup-PAY88428_0	336900298.0	336871966.0	4946.0	23386.0	209.0	0.9007260192192885	0.825427078921361	0.999999379586634	0.008857808857808859	0.9911421911421912	0.9911421911421912	HG004	giabHC_x_ultima_x_clinvar	-1	-2	ont	sentdhuo
HUOv1_HG004_Z0022-sup-PAY88428_0-ont-sentdhuo-DEL_gt50	DEL_gt50	HUOv1_HG004_Z0022-sup-PAY88428_0	336900298.0	336900298.0	0.0	0.0	0.0			1.0				HG004	giabHC_x_ultima_x_clinvar	-1	-2	ont	sentdhuo
HUOv1_HG004_Z0022-sup-PAY88428_0-ont-sentdhuo-Indel_50	Indel_50	HUOv1_HG004_Z0022-sup-PAY88428_0	336900298.0	336897220.0	832.0	2246.0	65.0	0.833549823714975	0.7296946068875894	0.999999807062856	0.028126352228472522	0.9718736477715275	0.9718736477715275	HG004	giabHC_x_ultima_x_clinvar	-1	-2	ont	sentdhuo
HUOv1_HG004_Z0022-sup-PAY88428_0-ont-sentdhuo-Indel_gt50	Indel_gt50	HUOv1_HG004_Z0022-sup-PAY88428_0	336900298.0	336900261.0	0.0	37.0	0.0	1.0	1.0	1.0	0.0	1.0	1.0	HG004	giabHC_x_ultima_x_clinvar	-1	-2	ont	sentdhuo
HUOv1_HG004_Z0022-sup-PAY88428_0-ont-sentdhuo-All	All	HUOv1_HG004_Z0022-sup-PAY88428_0	336900298.0	336455534.0	10532.0	434232.0	931.0	0.9869727829694963	0.9763200259013769	0.9999972329258111	0.002139428214255348	0.9978605717857446	0.9978605717857446	HG004	giabHC_x_ultima_x_clinvar	-1	-2	ont	sentdhuo
HUOv1_HG004_Z0022-sup-PAY88428_0-ont-sentdhuo-SNPts	SNPts	HUOv1_HG004_Z0022-sup-PAY88428_0	3088286401.0	3085948010.0	7012.0	2331379.0	505649.0	0.9009430927235068	0.9970013569159306	0.9998361715237404	0.1782319384933811	0.821768061506619	0.8217680615066189	HG004	hg38	-1	-2	ont	sentdhuo
HUOv1_HG004_Z0022-sup-PAY88428_0-ont-sentdhuo-SNPtv	SNPtv	HUOv1_HG004_Z0022-sup-PAY88428_0	3088286401.0	3087171473.0	6096.0	1108832.0	447576.0	0.8301703716791898	0.9945323823601165	0.9998550417027176	0.2875698402989447	0.7124301597010553	0.7124301597010553	HG004	hg38	-1	-2	ont	sentdhuo
HUOv1_HG004_Z0022-sup-PAY88428_0-ont-sentdhuo-INS_50	INS_50	HUOv1_HG004_Z0022-sup-PAY88428_0	3088286401.0	3088026908.0	35895.0	223598.0	102663.0	0.7634535999754163	0.8616725692022521	0.9999667556047634	0.3146652526658105	0.6853347473341895	0.6853347473341895	HG004	hg38	-1	-2	ont	sentdhuo
HUOv1_HG004_Z0022-sup-PAY88428_0-ont-sentdhuo-INS_gt50	INS_gt50	HUOv1_HG004_Z0022-sup-PAY88428_0	3088286401.0	3088286180.0	127.0	94.0	2558.0	0.06543682561782109	0.4253393665158371	0.9999991717095722	0.9645550527903469	0.03544494720965308	0.03544494720965309	HG004	hg38	-1	-2	ont	sentdhuo
HUOv1_HG004_Z0022-sup-PAY88428_0-ont-sentdhuo-DEL_50	DEL_50	HUOv1_HG004_Z0022-sup-PAY88428_0	3088286401.0	3088011467.0	50918.0	224016.0	98773.0	0.7495645976480744	0.8147991881687969	0.9999680150667161	0.3059986554684329	0.6940013445315671	0.694001344531567	HG004	hg38	-1	-2	ont	sentdhuo
HUOv1_HG004_Z0022-sup-PAY88428_0-ont-sentdhuo-DEL_gt50	DEL_gt50	HUOv1_HG004_Z0022-sup-PAY88428_0	3088286401.0	3088286245.0	54.0	102.0	3156.0	0.059753954305799654	0.6538461538461539	0.9999989780750473	0.9686924493554327	0.03130755064456725	0.03130755064456722	HG004	hg38	-1	-2	ont	sentdhuo
HUOv1_HG004_Z0022-sup-PAY88428_0-ont-sentdhuo-Indel_50	Indel_50	HUOv1_HG004_Z0022-sup-PAY88428_0	3088286401.0	3088245967.0	10826.0	29608.0	14316.0	0.7019606913392921	0.7322550328931098	0.9999953643803668	0.3259266004917585	0.6740733995082415	0.6740733995082415	HG004	hg38	-1	-2	ont	sentdhuo
HUOv1_HG004_Z0022-sup-PAY88428_0-ont-sentdhuo-Indel_gt50	Indel_gt50	HUOv1_HG004_Z0022-sup-PAY88428_0	3088286401.0	3088284970.0	269.0	1162.0	1684.0	0.5433715220949263	0.8120195667365478	0.9999994547138304	0.5917076598735067	0.4082923401264933	0.40829234012649335	HG004	hg38	-1	-2	ont	sentdhuo
HUOv1_HG004_Z0022-sup-PAY88428_0-ont-sentdhuo-All	All	HUOv1_HG004_Z0022-sup-PAY88428_0	3088286401.0	3084256413.0	111197.0	3918791.0	1176375.0	0.8588986005058106	0.9724076101467299	0.999618732579567	0.2308806033012467	0.7691193966987533	0.7691193966987533	HG004	hg38	-1	-2	ont	sentdhuo
HUOv1_HG004_Z0022-sup-PAY88428_0-ont-sentdhuo-SNPts	SNPts	HUOv1_HG004_Z0022-sup-PAY88428_0	377862616.0	377588254.0	1223.0	273139.0	39078.0	0.9312948469004176	0.9955423856073363	0.9998965170243557	0.12516294756531515	0.8748370524346849	0.8748370524346849	HG004	clinvar_genes	-1	-2	ont	sentdhuo
HUOv1_HG004_Z0022-sup-PAY88428_0-ont-sentdhuo-SNPtv	SNPtv	HUOv1_HG004_Z0022-sup-PAY88428_0	377862616.0	377737632.0	952.0	124032.0	22385.0	0.9140128444626218	0.9923830250272034	0.9999407428023278	0.15288525239555517	0.8471147476044448	0.8471147476044448	HG004	clinvar_genes	-1	-2	ont	sentdhuo
HUOv1_HG004_Z0022-sup-PAY88428_0-ont-sentdhuo-INS_50	INS_50	HUOv1_HG004_Z0022-sup-PAY88428_0	377862616.0	377833153.0	4128.0	25335.0	10598.0	0.774818031683895	0.8598920680175135	0.999971951368861	0.29493780090724403	0.7050621990927559	0.7050621990927559	HG004	clinvar_genes	-1	-2	ont	sentdhuo
HUOv1_HG004_Z0022-sup-PAY88428_0-ont-sentdhuo-INS_gt50	INS_gt50	HUOv1_HG004_Z0022-sup-PAY88428_0	377862616.0	377862583.0	21.0	12.0	339.0	0.06250000000000001	0.36363636363636365	0.9999991028492602	0.9658119658119658	0.03418803418803418	0.03418803418803419	HG004	clinvar_genes	-1	-2	ont	sentdhuo
HUOv1_HG004_Z0022-sup-PAY88428_0-ont-sentdhuo-DEL_50	DEL_50	HUOv1_HG004_Z0022-sup-PAY88428_0	377862616.0	377831321.0	5759.0	25536.0	9942.0	0.7648600482230841	0.8159769931298929	0.9999736873629919	0.2802300016911889	0.719769998308811	0.719769998308811	HG004	clinvar_genes	-1	-2	ont	sentdhuo
HUOv1_HG004_Z0022-sup-PAY88428_0-ont-sentdhuo-DEL_gt50	DEL_gt50	HUOv1_HG004_Z0022-sup-PAY88428_0	377862616.0	377862589.0	6.0	21.0	463.0	0.0821917808219178	0.7777777777777778	0.9999987746883493	0.9566115702479339	0.04338842975206614	0.04338842975206612	HG004	clinvar_genes	-1	-2	ont	sentdhuo
HUOv1_HG004_Z0022-sup-PAY88428_0-ont-sentdhuo-Indel_50	Indel_50	HUOv1_HG004_Z0022-sup-PAY88428_0	377862616.0	377858634.0	1100.0	2882.0	1479.0	0.6908785808462184	0.7237569060773481	0.9999960858530733	0.3391423985324467	0.6608576014675533	0.6608576014675533	HG004	clinvar_genes	-1	-2	ont	sentdhuo
HUOv1_HG004_Z0022-sup-PAY88428_0-ont-sentdhuo-Indel_gt50	Indel_gt50	HUOv1_HG004_Z0022-sup-PAY88428_0	377862616.0	377862467.0	23.0	126.0	188.0	0.5442764578833694	0.8456375838926175	0.9999995024647249	0.5987261146496815	0.4012738853503185	0.4012738853503185	HG004	clinvar_genes	-1	-2	ont	sentdhuo
HUOv1_HG004_Z0022-sup-PAY88428_0-ont-sentdhuo-All	All	HUOv1_HG004_Z0022-sup-PAY88428_0	377862616.0	377398321.0	13212.0	451083.0	84472.0	0.9023013452017803	0.9715439537363099	0.9997762229124971	0.1577279644480959	0.8422720355519041	0.8422720355519041	HG004	clinvar_genes	-1	-2	ont	sentdhuo
HUOv1_HG004_Z0022-sup-PAY88428_0-ont-sentdhuo-SNPts	SNPts	HUOv1_HG004_Z0022-sup-PAY88428_0	2524487531.0	2522220458.0	3838.0	2263235.0	555.0	0.9990304275366526	0.9983070681888055	0.9999997799558417	0.0002451640832409367	0.9997548359167591	0.9997548359167591	HG004	ultima	-1	-2	ont	sentdhuo
HUOv1_HG004_Z0022-sup-PAY88428_0-ont-sentdhuo-SNPtv	SNPtv	HUOv1_HG004_Z0022-sup-PAY88428_0	2524487531.0	2523409073.0	3695.0	1074763.0	342.0	0.9981254321327029	0.996573811868427	0.9999998644690798	0.00031810846382446364	0.9996818915361755	0.9996818915361755	HG004	ultima	-1	-2	ont	sentdhuo
HUOv1_HG004_Z0022-sup-PAY88428_0-ont-sentdhuo-INS_50	INS_50	HUOv1_HG004_Z0022-sup-PAY88428_0	2524487531.0	2524255665.0	29025.0	202841.0	4406.0	0.9238669772928608	0.8748199391027577	0.9999982545380127	0.0212596563520823	0.9787403436479177	0.9787403436479177	HG004	ultima	-1	-2	ont	sentdhuo
HUOv1_HG004_Z0022-sup-PAY88428_0-ont-sentdhuo-INS_gt50	INS_gt50	HUOv1_HG004_Z0022-sup-PAY88428_0	2524487531.0	2524487531.0	0.0	0.0	0.0			1.0				HG004	ultima	-1	-2	ont	sentdhuo
HUOv1_HG004_Z0022-sup-PAY88428_0-ont-sentdhuo-DEL_50	DEL_50	HUOv1_HG004_Z0022-sup-PAY88428_0	2524487531.0	2524240352.0	43722.0	203457.0	1763.0	0.899458221614106	0.8231160414112849	0.9999993015725435	0.008590780625670013	0.99140921937433	0.99140921937433	HG004	ultima	-1	-2	ont	sentdhuo
HUOv1_HG004_Z0022-sup-PAY88428_0-ont-sentdhuo-DEL_gt50	DEL_gt50	HUOv1_HG004_Z0022-sup-PAY88428_0	2524487531.0	2524487531.0	0.0	0.0	0.0			1.0				HG004	ultima	-1	-2	ont	sentdhuo
HUOv1_HG004_Z0022-sup-PAY88428_0-ont-sentdhuo-Indel_50	Indel_50	HUOv1_HG004_Z0022-sup-PAY88428_0	2524487531.0	2524456550.0	8136.0	22845.0	594.0	0.8395810363836825	0.7373874310061005	0.9999997647018879	0.025342378087802382	0.9746576219121976	0.9746576219121976	HG004	ultima	-1	-2	ont	sentdhuo
HUOv1_HG004_Z0022-sup-PAY88428_0-ont-sentdhuo-Indel_gt50	Indel_gt50	HUOv1_HG004_Z0022-sup-PAY88428_0	2524487531.0	2524487108.0	16.0	407.0	0.0	0.980722891566265	0.9621749408983451	1.0	0.0	1.0	1.0	HG004	ultima	-1	-2	ont	sentdhuo
HUOv1_HG004_Z0022-sup-PAY88428_0-ont-sentdhuo-All	All	HUOv1_HG004_Z0022-sup-PAY88428_0	2524487531.0	2520631551.0	88432.0	3767548.0	7660.0	0.9874079894244513	0.9770662710906177	0.9999969610882959	0.002029027274788568	0.9979709727252114	0.9979709727252114	HG004	ultima	-1	-2	ont	sentdhuo
HUOv1_HG004_Z0113-sup-PAY87778_0-ont-sentdhuo-SNPts	SNPts	HUOv1_HG004_Z0113-sup-PAY87778_0	336900298.0	336634207.0	539.0	265552.0	141.0	0.9987212853338949	0.9979743771867519	0.9999995811479107	0.0005306876733673826	0.9994693123266326	0.9994693123266326	HG004	giabHC_x_ultima_x_clinvar	-1	-2	ont	sentdhuo
HUOv1_HG004_Z0113-sup-PAY87778_0-ont-sentdhuo-SNPtv	SNPtv	HUOv1_HG004_Z0113-sup-PAY87778_0	336900298.0	336779643.0	492.0	120163.0	76.0	0.9976421164495587	0.9959222576768472	0.9999997743332044	0.000632074451716997	0.999367925548283	0.999367925548283	HG004	giabHC_x_ultima_x_clinvar	-1	-2	ont	sentdhuo
HUOv1_HG004_Z0113-sup-PAY87778_0-ont-sentdhuo-INS_50	INS_50	HUOv1_HG004_Z0113-sup-PAY87778_0	336900298.0	336873738.0	3259.0	23301.0	460.0	0.9260944734802568	0.8772966867469879	0.999998634505098	0.01935945456841042	0.9806405454315896	0.9806405454315896	HG004	giabHC_x_ultima_x_clinvar	-1	-2	ont	sentdhuo
HUOv1_HG004_Z0113-sup-PAY87778_0-ont-sentdhuo-INS_gt50	INS_gt50	HUOv1_HG004_Z0113-sup-PAY87778_0	336900298.0	336900298.0	0.0	0.0	0.0			1.0				HG004	giabHC_x_ultima_x_clinvar	-1	-2	ont	sentdhuo
HUOv1_HG004_Z0113-sup-PAY87778_0-ont-sentdhuo-DEL_50	DEL_50	HUOv1_HG004_Z0113-sup-PAY87778_0	336900298.0	336871972.0	4896.0	23430.0	204.0	0.9018475750577368	0.8271552637153146	0.9999993944290608	0.008631632394008631	0.9913683676059913	0.9913683676059913	HG004	giabHC_x_ultima_x_clinvar	-1	-2	ont	sentdhuo
HUOv1_HG004_Z0113-sup-PAY87778_0-ont-sentdhuo-DEL_gt50	DEL_gt50	HUOv1_HG004_Z0113-sup-PAY87778_0	336900298.0	336900298.0	0.0	0.0	0.0			1.0				HG004	giabHC_x_ultima_x_clinvar	-1	-2	ont	sentdhuo
HUOv1_HG004_Z0113-sup-PAY87778_0-ont-sentdhuo-Indel_50	Indel_50	HUOv1_HG004_Z0113-sup-PAY87778_0	336900298.0	336897209.0	835.0	2254.0	66.0	0.8334257718617119	0.7296859825186144	0.9999998040945864	0.028448275862068967	0.971551724137931	0.971551724137931	HG004	giabHC_x_ultima_x_clinvar	-1	-2	ont	sentdhuo
HUOv1_HG004_Z0113-sup-PAY87778_0-ont-sentdhuo-Indel_gt50	Indel_gt50	HUOv1_HG004_Z0113-sup-PAY87778_0	336900298.0	336900256.0	1.0	41.0	0.0	0.9879518072289156	0.9761904761904762	1.0	0.0	1.0	1.0	HG004	giabHC_x_ultima_x_clinvar	-1	-2	ont	sentdhuo
HUOv1_HG004_Z0113-sup-PAY87778_0-ont-sentdhuo-All	All	HUOv1_HG004_Z0113-sup-PAY87778_0	336900298.0	336455535.0	10022.0	434741.0	947.0	0.9875416121964766	0.9774666507780548	0.9999971853715096	0.002173573750022952	0.9978264262499771	0.9978264262499771	HG004	giabHC_x_ultima_x_clinvar	-1	-2	ont	sentdhuo
HUOv1_HG004_Z0113-sup-PAY87778_0-ont-sentdhuo-SNPts	SNPts	HUOv1_HG004_Z0113-sup-PAY87778_0	336900298.0	336634207.0	539.0	265552.0	141.0	0.9987212853338949	0.9979743771867519	0.9999995811479107	0.0005306876733673826	0.9994693123266326	0.9994693123266326	HG004	giabHC_x_clinvar_genes	-1	-2	ont	sentdhuo
HUOv1_HG004_Z0113-sup-PAY87778_0-ont-sentdhuo-SNPtv	SNPtv	HUOv1_HG004_Z0113-sup-PAY87778_0	336900298.0	336779643.0	492.0	120163.0	76.0	0.9976421164495587	0.9959222576768472	0.9999997743332044	0.000632074451716997	0.999367925548283	0.999367925548283	HG004	giabHC_x_clinvar_genes	-1	-2	ont	sentdhuo
HUOv1_HG004_Z0113-sup-PAY87778_0-ont-sentdhuo-INS_50	INS_50	HUOv1_HG004_Z0113-sup-PAY87778_0	336900298.0	336873738.0	3259.0	23301.0	460.0	0.9260944734802568	0.8772966867469879	0.999998634505098	0.01935945456841042	0.9806405454315896	0.9806405454315896	HG004	giabHC_x_clinvar_genes	-1	-2	ont	sentdhuo
HUOv1_HG004_Z0113-sup-PAY87778_0-ont-sentdhuo-INS_gt50	INS_gt50	HUOv1_HG004_Z0113-sup-PAY87778_0	336900298.0	336900298.0	0.0	0.0	0.0			1.0				HG004	giabHC_x_clinvar_genes	-1	-2	ont	sentdhuo
HUOv1_HG004_Z0113-sup-PAY87778_0-ont-sentdhuo-DEL_50	DEL_50	HUOv1_HG004_Z0113-sup-PAY87778_0	336900298.0	336871972.0	4896.0	23430.0	204.0	0.9018475750577368	0.8271552637153146	0.9999993944290608	0.008631632394008631	0.9913683676059913	0.9913683676059913	HG004	giabHC_x_clinvar_genes	-1	-2	ont	sentdhuo
HUOv1_HG004_Z0113-sup-PAY87778_0-ont-sentdhuo-DEL_gt50	DEL_gt50	HUOv1_HG004_Z0113-sup-PAY87778_0	336900298.0	336900298.0	0.0	0.0	0.0			1.0				HG004	giabHC_x_clinvar_genes	-1	-2	ont	sentdhuo
HUOv1_HG004_Z0113-sup-PAY87778_0-ont-sentdhuo-Indel_50	Indel_50	HUOv1_HG004_Z0113-sup-PAY87778_0	336900298.0	336897209.0	835.0	2254.0	66.0	0.8334257718617119	0.7296859825186144	0.9999998040945864	0.028448275862068967	0.971551724137931	0.971551724137931	HG004	giabHC_x_clinvar_genes	-1	-2	ont	sentdhuo
HUOv1_HG004_Z0113-sup-PAY87778_0-ont-sentdhuo-Indel_gt50	Indel_gt50	HUOv1_HG004_Z0113-sup-PAY87778_0	336900298.0	336900256.0	1.0	41.0	0.0	0.9879518072289156	0.9761904761904762	1.0	0.0	1.0	1.0	HG004	giabHC_x_clinvar_genes	-1	-2	ont	sentdhuo
HUOv1_HG004_Z0113-sup-PAY87778_0-ont-sentdhuo-All	All	HUOv1_HG004_Z0113-sup-PAY87778_0	336900298.0	336455535.0	10022.0	434741.0	947.0	0.9875416121964766	0.9774666507780548	0.9999971853715096	0.002173573750022952	0.9978264262499771	0.9978264262499771	HG004	giabHC_x_clinvar_genes	-1	-2	ont	sentdhuo
HUOv1_HG004_Z0113-sup-PAY87778_0-ont-sentdhuo-SNPts	SNPts	HUOv1_HG004_Z0113-sup-PAY87778_0	2524487531.0	2522220451.0	3363.0	2263717.0	667.0	0.9991106626909095	0.9985165940328529	0.999999735550545	0.00029456134648540177	0.9997054386535146	0.9997054386535146	HG004	ultima	-1	-2	ont	sentdhuo
HUOv1_HG004_Z0113-sup-PAY87778_0-ont-sentdhuo-SNPtv	SNPtv	HUOv1_HG004_Z0113-sup-PAY87778_0	2524487531.0	2523409088.0	3336.0	1075107.0	379.0	0.9982752449129011	0.9969066515337389	0.999999849806381	0.0003523988224858343	0.9996476011775142	0.9996476011775142	HG004	ultima	-1	-2	ont	sentdhuo
HUOv1_HG004_Z0113-sup-PAY87778_0-ont-sentdhuo-INS_50	INS_50	HUOv1_HG004_Z0113-sup-PAY87778_0	2524487531.0	2524255767.0	27663.0	204101.0	4461.0	0.9270449621416859	0.880641514644207	0.9999982327495595	0.0213893230789885	0.9786106769210114	0.9786106769210114	HG004	ultima	-1	-2	ont	sentdhuo
HUOv1_HG004_Z0113-sup-PAY87778_0-ont-sentdhuo-INS_gt50	INS_gt50	HUOv1_HG004_Z0113-sup-PAY87778_0	2524487531.0	2524487531.0	0.0	0.0	0.0			1.0				HG004	ultima	-1	-2	ont	sentdhuo
HUOv1_HG004_Z0113-sup-PAY87778_0-ont-sentdhuo-DEL_50	DEL_50	HUOv1_HG004_Z0113-sup-PAY87778_0	2524487531.0	2524240229.0	43125.0	204177.0	1642.0	0.9012029899298422	0.8256180702137468	0.9999993495076606	0.007977883480145177	0.9920221165198548	0.9920221165198548	HG004	ultima	-1	-2	ont	sentdhuo
HUOv1_HG004_Z0113-sup-PAY87778_0-ont-sentdhuo-DEL_gt50	DEL_gt50	HUOv1_HG004_Z0113-sup-PAY87778_0	2524487531.0	2524487531.0	0.0	0.0	0.0			1.0				HG004	ultima	-1	-2	ont	sentdhuo
HUOv1_HG004_Z0113-sup-PAY87778_0-ont-sentdhuo-Indel_50	Indel_50	HUOv1_HG004_Z0113-sup-PAY87778_0	2524487531.0	2524456565.0	7997.0	22969.0	569.0	0.8428372229561133	0.7417490150487631	0.9999997746050062	0.024173676608038066	0.975826323391962	0.975826323391962	HG004	ultima	-1	-2	ont	sentdhuo
HUOv1_HG004_Z0113-sup-PAY87778_0-ont-sentdhuo-Indel_gt50	Indel_gt50	HUOv1_HG004_Z0113-sup-PAY87778_0	2524487531.0	2524487106.0	16.0	409.0	0.0	0.9808153477218226	0.9623529411764706	1.0	0.0	1.0	1.0	HG004	ultima	-1	-2	ont	sentdhuo
HUOv1_HG004_Z0113-sup-PAY87778_0-ont-sentdhuo-All	All	HUOv1_HG004_Z0113-sup-PAY87778_0	2524487531.0	2520631551.0	85500.0	3770480.0	7718.0	0.9877893861002455	0.9778266484784672	0.99999693807833	0.002042772771569939	0.99795722722843	0.99795722722843	HG004	ultima	-1	-2	ont	sentdhuo
HUOv1_HG004_Z0113-sup-PAY87778_0-ont-sentdhuo-SNPts	SNPts	HUOv1_HG004_Z0113-sup-PAY87778_0	377862616.0	377588261.0	980.0	273375.0	39749.0	0.9306715644303881	0.9964279856390443	0.9998947403292462	0.12694331957946373	0.8730566804205363	0.8730566804205363	HG004	clinvar_genes	-1	-2	ont	sentdhuo
HUOv1_HG004_Z0113-sup-PAY87778_0-ont-sentdhuo-SNPtv	SNPtv	HUOv1_HG004_Z0113-sup-PAY87778_0	377862616.0	377737638.0	829.0	124149.0	22842.0	0.9129643452011075	0.993366832562531	0.9999395331136809	0.15539726922056452	0.8446027307794355	0.8446027307794355	HG004	clinvar_genes	-1	-2	ont	sentdhuo
HUOv1_HG004_Z0113-sup-PAY87778_0-ont-sentdhuo-INS_50	INS_50	HUOv1_HG004_Z0113-sup-PAY87778_0	377862616.0	377833161.0	3951.0	25504.0	10805.0	0.7756219208077367	0.865863181123748	0.9999714035396293	0.29758462089289156	0.7024153791071084	0.7024153791071084	HG004	clinvar_genes	-1	-2	ont	sentdhuo
HUOv1_HG004_Z0113-sup-PAY87778_0-ont-sentdhuo-INS_gt50	INS_gt50	HUOv1_HG004_Z0113-sup-PAY87778_0	377862616.0	377862583.0	20.0	13.0	351.0	0.0654911838790932	0.3939393939393939	0.9999990710917415	0.9642857142857143	0.0357142857142857	0.03571428571428571	HG004	clinvar_genes	-1	-2	ont	sentdhuo
HUOv1_HG004_Z0113-sup-PAY87778_0-ont-sentdhuo-DEL_50	DEL_50	HUOv1_HG004_Z0113-sup-PAY87778_0	377862616.0	377831315.0	5696.0	25605.0	9960.0	0.7658600783656867	0.8180249832273729	0.9999736397247759	0.28005061155630534	0.7199493884436947	0.7199493884436946	HG004	clinvar_genes	-1	-2	ont	sentdhuo
HUOv1_HG004_Z0113-sup-PAY87778_0-ont-sentdhuo-DEL_gt50	DEL_gt50	HUOv1_HG004_Z0113-sup-PAY87778_0	377862616.0	377862590.0	5.0	21.0	457.0	0.08333333333333333	0.8076923076923077	0.999998790567102	0.9560669456066946	0.043933054393305415	0.043933054393305436	HG004	clinvar_genes	-1	-2	ont	sentdhuo
HUOv1_HG004_Z0113-sup-PAY87778_0-ont-sentdhuo-Indel_50	Indel_50	HUOv1_HG004_Z0113-sup-PAY87778_0	377862616.0	377858630.0	1092.0	2894.0	1518.0	0.6892117170754942	0.7260411440040141	0.9999959826406462	0.3440616500453309	0.6559383499546692	0.655938349954669	HG004	clinvar_genes	-1	-2	ont	sentdhuo
HUOv1_HG004_Z0113-sup-PAY87778_0-ont-sentdhuo-Indel_gt50	Indel_gt50	HUOv1_HG004_Z0113-sup-PAY87778_0	377862616.0	377862465.0	22.0	129.0	193.0	0.5454545454545455	0.8543046357615894	0.9999994892324078	0.5993788819875776	0.4006211180124224	0.40062111801242234	HG004	clinvar_genes	-1	-2	ont	sentdhuo
HUOv1_HG004_Z0113-sup-PAY87778_0-ont-sentdhuo-All	All	HUOv1_HG004_Z0113-sup-PAY87778_0	377862616.0	377398331.0	12595.0	451690.0	85875.0	0.9017118331087489	0.9728722659573322	0.9997725070383474	0.15974812348274162	0.8402518765172584	0.8402518765172584	HG004	clinvar_genes	-1	-2	ont	sentdhuo
HUOv1_HG004_Z0113-sup-PAY87778_0-ont-sentdhuo-SNPts	SNPts	HUOv1_HG004_Z0113-sup-PAY87778_0	2524487531.0	2522220451.0	3363.0	2263717.0	667.0	0.9991106626909095	0.9985165940328529	0.999999735550545	0.00029456134648540177	0.9997054386535146	0.9997054386535146	HG004	giabHC_x_ultima	-1	-2	ont	sentdhuo
HUOv1_HG004_Z0113-sup-PAY87778_0-ont-sentdhuo-SNPtv	SNPtv	HUOv1_HG004_Z0113-sup-PAY87778_0	2524487531.0	2523409088.0	3336.0	1075107.0	379.0	0.9982752449129011	0.9969066515337389	0.999999849806381	0.0003523988224858343	0.9996476011775142	0.9996476011775142	HG004	giabHC_x_ultima	-1	-2	ont	sentdhuo
HUOv1_HG004_Z0113-sup-PAY87778_0-ont-sentdhuo-INS_50	INS_50	HUOv1_HG004_Z0113-sup-PAY87778_0	2524487531.0	2524255767.0	27663.0	204101.0	4461.0	0.9270449621416859	0.880641514644207	0.9999982327495595	0.0213893230789885	0.9786106769210114	0.9786106769210114	HG004	giabHC_x_ultima	-1	-2	ont	sentdhuo
HUOv1_HG004_Z0113-sup-PAY87778_0-ont-sentdhuo-INS_gt50	INS_gt50	HUOv1_HG004_Z0113-sup-PAY87778_0	2524487531.0	2524487531.0	0.0	0.0	0.0			1.0				HG004	giabHC_x_ultima	-1	-2	ont	sentdhuo
HUOv1_HG004_Z0113-sup-PAY87778_0-ont-sentdhuo-DEL_50	DEL_50	HUOv1_HG004_Z0113-sup-PAY87778_0	2524487531.0	2524240229.0	43125.0	204177.0	1642.0	0.9012029899298422	0.8256180702137468	0.9999993495076606	0.007977883480145177	0.9920221165198548	0.9920221165198548	HG004	giabHC_x_ultima	-1	-2	ont	sentdhuo
HUOv1_HG004_Z0113-sup-PAY87778_0-ont-sentdhuo-DEL_gt50	DEL_gt50	HUOv1_HG004_Z0113-sup-PAY87778_0	2524487531.0	2524487531.0	0.0	0.0	0.0			1.0				HG004	giabHC_x_ultima	-1	-2	ont	sentdhuo
HUOv1_HG004_Z0113-sup-PAY87778_0-ont-sentdhuo-Indel_50	Indel_50	HUOv1_HG004_Z0113-sup-PAY87778_0	2524487531.0	2524456565.0	7997.0	22969.0	569.0	0.8428372229561133	0.7417490150487631	0.9999997746050062	0.024173676608038066	0.975826323391962	0.975826323391962	HG004	giabHC_x_ultima	-1	-2	ont	sentdhuo
HUOv1_HG004_Z0113-sup-PAY87778_0-ont-sentdhuo-Indel_gt50	Indel_gt50	HUOv1_HG004_Z0113-sup-PAY87778_0	2524487531.0	2524487106.0	16.0	409.0	0.0	0.9808153477218226	0.9623529411764706	1.0	0.0	1.0	1.0	HG004	giabHC_x_ultima	-1	-2	ont	sentdhuo
HUOv1_HG004_Z0113-sup-PAY87778_0-ont-sentdhuo-All	All	HUOv1_HG004_Z0113-sup-PAY87778_0	2524487531.0	2520631551.0	85500.0	3770480.0	7718.0	0.9877893861002455	0.9778266484784672	0.99999693807833	0.002042772771569939	0.99795722722843	0.99795722722843	HG004	giabHC_x_ultima	-1	-2	ont	sentdhuo
HUOv1_HG004_Z0113-sup-PAY87778_0-ont-sentdhuo-SNPts	SNPts	HUOv1_HG004_Z0113-sup-PAY87778_0	3088286401.0	3085948019.0	6463.0	2331919.0	515456.0	0.8993552918117836	0.9972361230970817	0.9998329946217814	0.1810284911541332	0.8189715088458668	0.8189715088458668	HG004	hg38	-1	-2	ont	sentdhuo
HUOv1_HG004_Z0113-sup-PAY87778_0-ont-sentdhuo-SNPtv	SNPtv	HUOv1_HG004_Z0113-sup-PAY87778_0	3088286401.0	3087171489.0	5655.0	1109257.0	460390.0	0.8263979297903304	0.9949278508079561	0.9998508921989272	0.2933079858082741	0.7066920141917259	0.7066920141917259	HG004	hg38	-1	-2	ont	sentdhuo
HUOv1_HG004_Z0113-sup-PAY87778_0-ont-sentdhuo-INS_50	INS_50	HUOv1_HG004_Z0113-sup-PAY87778_0	3088286401.0	3088027070.0	34377.0	224954.0	104595.0	0.7640062491509304	0.8674396813338937	0.9999661300063124	0.317388309477498	0.6826116905225019	0.6826116905225019	HG004	hg38	-1	-2	ont	sentdhuo
HUOv1_HG004_Z0113-sup-PAY87778_0-ont-sentdhuo-INS_gt50	INS_gt50	HUOv1_HG004_Z0113-sup-PAY87778_0	3088286401.0	3088286181.0	119.0	101.0	2579.0	0.0696551724137931	0.4590909090909091	0.9999991649096959	0.9623134328358209	0.03768656716417906	0.037686567164179105	HG004	hg38	-1	-2	ont	sentdhuo
HUOv1_HG004_Z0113-sup-PAY87778_0-ont-sentdhuo-DEL_50	DEL_50	HUOv1_HG004_Z0113-sup-PAY87778_0	3088286401.0	3088011359.0	50193.0	224849.0	99912.0	0.7497428322299154	0.8175078715250762	0.9999676462435346	0.3076477779043666	0.6923522220956334	0.6923522220956334	HG004	hg38	-1	-2	ont	sentdhuo
HUOv1_HG004_Z0113-sup-PAY87778_0-ont-sentdhuo-DEL_gt50	DEL_gt50	HUOv1_HG004_Z0113-sup-PAY87778_0	3088286401.0	3088286246.0	54.0	101.0	3159.0	0.05915080527086383	0.6516129032258065	0.999998977103637	0.9690184049079754	0.030981595092024583	0.03098159509202454	HG004	hg38	-1	-2	ont	sentdhuo
HUOv1_HG004_Z0113-sup-PAY87778_0-ont-sentdhuo-Indel_50	Indel_50	HUOv1_HG004_Z0113-sup-PAY87778_0	3088286401.0	3088245923.0	10678.0	29800.0	14399.0	0.7038511047864238	0.7362023815405899	0.9999953375044528	0.32577660128057195	0.674223398719428	0.674223398719428	HG004	hg38	-1	-2	ont	sentdhuo
HUOv1_HG004_Z0113-sup-PAY87778_0-ont-sentdhuo-Indel_gt50	Indel_gt50	HUOv1_HG004_Z0113-sup-PAY87778_0	3088286401.0	3088284958.0	267.0	1176.0	1713.0	0.5429362880886427	0.814968814968815	0.9999994453235135	0.592938733125649	0.40706126687435096	0.407061266874351	HG004	hg38	-1	-2	ont	sentdhuo
HUOv1_HG004_Z0113-sup-PAY87778_0-ont-sentdhuo-All	All	HUOv1_HG004_Z0113-sup-PAY87778_0	3088286401.0	3084256438.0	107806.0	3922157.0	1202203.0	0.8568972276813916	0.9732488859078855	0.9996103648955054	0.2346054921980501	0.76539450780195	0.76539450780195	HG004	hg38	-1	-2	ont	sentdhuo
HUOv1_HG004_Z0113-sup-PAY87778_0-ont-sentdhuo-SNPts	SNPts	HUOv1_HG004_Z0113-sup-PAY87778_0	2524487531.0	2522220451.0	3363.0	2263717.0	667.0	0.9991106626909095	0.9985165940328529	0.999999735550545	0.00029456134648540177	0.9997054386535146	0.9997054386535146	HG004	giabHC	-1	-2	ont	sentdhuo
HUOv1_HG004_Z0113-sup-PAY87778_0-ont-sentdhuo-SNPtv	SNPtv	HUOv1_HG004_Z0113-sup-PAY87778_0	2524487531.0	2523409088.0	3336.0	1075107.0	379.0	0.9982752449129011	0.9969066515337389	0.999999849806381	0.0003523988224858343	0.9996476011775142	0.9996476011775142	HG004	giabHC	-1	-2	ont	sentdhuo
HUOv1_HG004_Z0113-sup-PAY87778_0-ont-sentdhuo-INS_50	INS_50	HUOv1_HG004_Z0113-sup-PAY87778_0	2524487531.0	2524255767.0	27663.0	204101.0	4461.0	0.9270449621416859	0.880641514644207	0.9999982327495595	0.0213893230789885	0.9786106769210114	0.9786106769210114	HG004	giabHC	-1	-2	ont	sentdhuo
HUOv1_HG004_Z0113-sup-PAY87778_0-ont-sentdhuo-INS_gt50	INS_gt50	HUOv1_HG004_Z0113-sup-PAY87778_0	2524487531.0	2524487531.0	0.0	0.0	0.0			1.0				HG004	giabHC	-1	-2	ont	sentdhuo
HUOv1_HG004_Z0113-sup-PAY87778_0-ont-sentdhuo-DEL_50	DEL_50	HUOv1_HG004_Z0113-sup-PAY87778_0	2524487531.0	2524240229.0	43125.0	204177.0	1642.0	0.9012029899298422	0.8256180702137468	0.9999993495076606	0.007977883480145177	0.9920221165198548	0.9920221165198548	HG004	giabHC	-1	-2	ont	sentdhuo
HUOv1_HG004_Z0113-sup-PAY87778_0-ont-sentdhuo-DEL_gt50	DEL_gt50	HUOv1_HG004_Z0113-sup-PAY87778_0	2524487531.0	2524487531.0	0.0	0.0	0.0			1.0				HG004	giabHC	-1	-2	ont	sentdhuo
HUOv1_HG004_Z0113-sup-PAY87778_0-ont-sentdhuo-Indel_50	Indel_50	HUOv1_HG004_Z0113-sup-PAY87778_0	2524487531.0	2524456565.0	7997.0	22969.0	569.0	0.8428372229561133	0.7417490150487631	0.9999997746050062	0.024173676608038066	0.975826323391962	0.975826323391962	HG004	giabHC	-1	-2	ont	sentdhuo
HUOv1_HG004_Z0113-sup-PAY87778_0-ont-sentdhuo-Indel_gt50	Indel_gt50	HUOv1_HG004_Z0113-sup-PAY87778_0	2524487531.0	2524487106.0	16.0	409.0	0.0	0.9808153477218226	0.9623529411764706	1.0	0.0	1.0	1.0	HG004	giabHC	-1	-2	ont	sentdhuo
HUOv1_HG004_Z0113-sup-PAY87778_0-ont-sentdhuo-All	All	HUOv1_HG004_Z0113-sup-PAY87778_0	2524487531.0	2520631551.0	85500.0	3770480.0	7718.0	0.9877893861002455	0.9778266484784672	0.99999693807833	0.002042772771569939	0.99795722722843	0.99795722722843	HG004	giabHC	-1	-2	ont	sentdhuo
HUOv1_HG004_Z0113-sup-PAY88428_0-ont-sentdhuo-SNPts	SNPts	HUOv1_HG004_Z0113-sup-PAY88428_0	336900298.0	336634207.0	683.0	265408.0	98.0	0.9985308419723964	0.9974332089397988	0.9999997088829078	0.0003691065361988053	0.9996308934638012	0.9996308934638012	HG004	giabHC_x_clinvar_genes	-1	-2	ont	sentdhuo
HUOv1_HG004_Z0113-sup-PAY88428_0-ont-sentdhuo-SNPtv	SNPtv	HUOv1_HG004_Z0113-sup-PAY88428_0	336900298.0	336779646.0	531.0	120121.0	56.0	0.9975625859011996	0.9955989125750091	0.9999998337191949	0.00046597934712965043	0.9995340206528703	0.9995340206528703	HG004	giabHC_x_clinvar_genes	-1	-2	ont	sentdhuo
HUOv1_HG004_Z0113-sup-PAY88428_0-ont-sentdhuo-INS_50	INS_50	HUOv1_HG004_Z0113-sup-PAY88428_0	336900298.0	336873736.0	3263.0	23299.0	465.0	0.9259229821563406	0.8771553346886529	0.9999986196627744	0.01956741289345228	0.9804325871065477	0.9804325871065477	HG004	giabHC_x_clinvar_genes	-1	-2	ont	sentdhuo
HUOv1_HG004_Z0113-sup-PAY88428_0-ont-sentdhuo-INS_gt50	INS_gt50	HUOv1_HG004_Z0113-sup-PAY88428_0	336900298.0	336900298.0	0.0	0.0	0.0			1.0				HG004	giabHC_x_clinvar_genes	-1	-2	ont	sentdhuo
HUOv1_HG004_Z0113-sup-PAY88428_0-ont-sentdhuo-DEL_50	DEL_50	HUOv1_HG004_Z0113-sup-PAY88428_0	336900298.0	336871965.0	4882.0	23451.0	193.0	0.9023606595224811	0.8276920904951823	0.9999994270823652	0.008162747420064287	0.9918372525799357	0.9918372525799357	HG004	giabHC_x_clinvar_genes	-1	-2	ont	sentdhuo
HUOv1_HG004_Z0113-sup-PAY88428_0-ont-sentdhuo-DEL_gt50	DEL_gt50	HUOv1_HG004_Z0113-sup-PAY88428_0	336900298.0	336900298.0	0.0	0.0	0.0			1.0				HG004	giabHC_x_clinvar_genes	-1	-2	ont	sentdhuo
HUOv1_HG004_Z0113-sup-PAY88428_0-ont-sentdhuo-Indel_50	Indel_50	HUOv1_HG004_Z0113-sup-PAY88428_0	336900298.0	336897217.0	829.0	2252.0	64.0	0.8345377061330368	0.7309315157416423	0.9999998100311175	0.027633851468048358	0.9723661485319517	0.9723661485319517	HG004	giabHC_x_clinvar_genes	-1	-2	ont	sentdhuo
HUOv1_HG004_Z0113-sup-PAY88428_0-ont-sentdhuo-Indel_gt50	Indel_gt50	HUOv1_HG004_Z0113-sup-PAY88428_0	336900298.0	336900256.0	1.0	41.0	0.0	0.9879518072289156	0.9761904761904762	1.0	0.0	1.0	1.0	HG004	giabHC_x_clinvar_genes	-1	-2	ont	sentdhuo
HUOv1_HG004_Z0113-sup-PAY88428_0-ont-sentdhuo-All	All	HUOv1_HG004_Z0113-sup-PAY88428_0	336900298.0	336455537.0	10189.0	434572.0	876.0	0.9874291219471738	0.9770910668876093	0.9999973963938087	0.0020117212617809703	0.997988278738219	0.997988278738219	HG004	giabHC_x_clinvar_genes	-1	-2	ont	sentdhuo
HUOv1_HG004_Z0113-sup-PAY88428_0-ont-sentdhuo-SNPts	SNPts	HUOv1_HG004_Z0113-sup-PAY88428_0	377862616.0	377588256.0	1135.0	273225.0	39152.0	0.9313372090050569	0.9958630995771979	0.9998963210848297	0.12533573214417196	0.8746642678558281	0.8746642678558281	HG004	clinvar_genes	-1	-2	ont	sentdhuo
HUOv1_HG004_Z0113-sup-PAY88428_0-ont-sentdhuo-SNPtv	SNPtv	HUOv1_HG004_Z0113-sup-PAY88428_0	377862616.0	377737637.0	880.0	124099.0	22412.0	0.9142067847802866	0.9929588170812697	0.999940671333405	0.15297144924271897	0.847028550757281	0.847028550757281	HG004	clinvar_genes	-1	-2	ont	sentdhuo
HUOv1_HG004_Z0113-sup-PAY88428_0-ont-sentdhuo-INS_50	INS_50	HUOv1_HG004_Z0113-sup-PAY88428_0	377862616.0	377833169.0	3960.0	25487.0	10794.0	0.7755294547224927	0.865521105715353	0.999971432651949	0.29751109396102643	0.7024889060389736	0.7024889060389735	HG004	clinvar_genes	-1	-2	ont	sentdhuo
HUOv1_HG004_Z0113-sup-PAY88428_0-ont-sentdhuo-INS_gt50	INS_gt50	HUOv1_HG004_Z0113-sup-PAY88428_0	377862616.0	377862583.0	19.0	14.0	357.0	0.06930693069306931	0.42424242424242425	0.9999990552129828	0.9622641509433962	0.037735849056603765	0.03773584905660377	HG004	clinvar_genes	-1	-2	ont	sentdhuo
HUOv1_HG004_Z0113-sup-PAY88428_0-ont-sentdhuo-DEL_50	DEL_50	HUOv1_HG004_Z0113-sup-PAY88428_0	377862616.0	377831313.0	5690.0	25613.0	9920.0	0.7664432341851698	0.8182282848289302	0.9999737455864167	0.27917710297469955	0.7208228970253004	0.7208228970253004	HG004	clinvar_genes	-1	-2	ont	sentdhuo
HUOv1_HG004_Z0113-sup-PAY88428_0-ont-sentdhuo-DEL_gt50	DEL_gt50	HUOv1_HG004_Z0113-sup-PAY88428_0	377862616.0	377862590.0	5.0	21.0	439.0	0.08641975308641975	0.8076923076923077	0.9999988382033533	0.9543478260869566	0.04565217391304344	0.04565217391304348	HG004	clinvar_genes	-1	-2	ont	sentdhuo
HUOv1_HG004_Z0113-sup-PAY88428_0-ont-sentdhuo-Indel_50	Indel_50	HUOv1_HG004_Z0113-sup-PAY88428_0	377862616.0	377858628.0	1085.0	2903.0	1564.0	0.6866942637492608	0.7279338014042126	0.9999958609029659	0.35012312513991495	0.649876874860085	0.649876874860085	HG004	clinvar_genes	-1	-2	ont	sentdhuo
HUOv1_HG004_Z0113-sup-PAY88428_0-ont-sentdhuo-Indel_gt50	Indel_gt50	HUOv1_HG004_Z0113-sup-PAY88428_0	377862616.0	377862462.0	24.0	130.0	191.0	0.5473684210526315	0.8441558441558441	0.9999994945253295	0.5950155763239875	0.4049844236760125	0.40498442367601245	HG004	clinvar_genes	-1	-2	ont	sentdhuo
HUOv1_HG004_Z0113-sup-PAY88428_0-ont-sentdhuo-All	All	HUOv1_HG004_Z0113-sup-PAY88428_0	377862616.0	377398326.0	12798.0	451492.0	84829.0	0.9024326136730457	0.972435331366172	0.9997752773895301	0.15816833575414724	0.8418316642458528	0.8418316642458528	HG004	clinvar_genes	-1	-2	ont	sentdhuo
HUOv1_HG004_Z0113-sup-PAY88428_0-ont-sentdhuo-SNPts	SNPts	HUOv1_HG004_Z0113-sup-PAY88428_0	2524487531.0	2522220456.0	3575.0	2263500.0	538.0	0.9990922760037104	0.9984230781954722	0.9999997866959314	0.00023762852036935775	0.9997623714796307	0.9997623714796307	HG004	giabHC_x_ultima	-1	-2	ont	sentdhuo
HUOv1_HG004_Z0113-sup-PAY88428_0-ont-sentdhuo-SNPtv	SNPtv	HUOv1_HG004_Z0113-sup-PAY88428_0	2524487531.0	2523409080.0	3433.0	1075018.0	347.0	0.9982449754296561	0.9968167306627747	0.9999998624876343	0.0003226811361723694	0.9996773188638276	0.9996773188638276	HG004	giabHC_x_ultima	-1	-2	ont	sentdhuo
HUOv1_HG004_Z0113-sup-PAY88428_0-ont-sentdhuo-INS_50	INS_50	HUOv1_HG004_Z0113-sup-PAY88428_0	2524487531.0	2524255782.0	27743.0	204006.0	4522.0	0.9267165897832501	0.8802885880845225	0.9999982085841176	0.02168533722090079	0.9783146627790992	0.9783146627790992	HG004	giabHC_x_ultima	-1	-2	ont	sentdhuo
HUOv1_HG004_Z0113-sup-PAY88428_0-ont-sentdhuo-INS_gt50	INS_gt50	HUOv1_HG004_Z0113-sup-PAY88428_0	2524487531.0	2524487531.0	0.0	0.0	0.0			1.0				HG004	giabHC_x_ultima	-1	-2	ont	sentdhuo
HUOv1_HG004_Z0113-sup-PAY88428_0-ont-sentdhuo-DEL_50	DEL_50	HUOv1_HG004_Z0113-sup-PAY88428_0	2524487531.0	2524240279.0	43171.0	204081.0	1624.0	0.9011054029411181	0.8253967611991005	0.9999993566385226	0.007894800806980871	0.9921051991930191	0.9921051991930191	HG004	giabHC_x_ultima	-1	-2	ont	sentdhuo
HUOv1_HG004_Z0113-sup-PAY88428_0-ont-sentdhuo-DEL_gt50	DEL_gt50	HUOv1_HG004_Z0113-sup-PAY88428_0	2524487531.0	2524487531.0	0.0	0.0	0.0			1.0				HG004	giabHC_x_ultima	-1	-2	ont	sentdhuo
HUOv1_HG004_Z0113-sup-PAY88428_0-ont-sentdhuo-Indel_50	Indel_50	HUOv1_HG004_Z0113-sup-PAY88428_0	2524487531.0	2524456504.0	8022.0	23005.0	585.0	0.8424117033158174	0.7414509942952912	0.9999997682670058	0.02479864349300551	0.9752013565069945	0.9752013565069945	HG004	giabHC_x_ultima	-1	-2	ont	sentdhuo
HUOv1_HG004_Z0113-sup-PAY88428_0-ont-sentdhuo-Indel_gt50	Indel_gt50	HUOv1_HG004_Z0113-sup-PAY88428_0	2524487531.0	2524487107.0	16.0	408.0	0.0	0.9807692307692307	0.9622641509433962	1.0	0.0	1.0	1.0	HG004	giabHC_x_ultima	-1	-2	ont	sentdhuo
HUOv1_HG004_Z0113-sup-PAY88428_0-ont-sentdhuo-All	All	HUOv1_HG004_Z0113-sup-PAY88428_0	2524487531.0	2520631553.0	85960.0	3770018.0	7616.0	0.9877415828836991	0.9777073416912648	0.9999969785441353	0.00201607672950847	0.9979839232704916	0.9979839232704916	HG004	giabHC_x_ultima	-1	-2	ont	sentdhuo
HUOv1_HG004_Z0113-sup-PAY88428_0-ont-sentdhuo-SNPts	SNPts	HUOv1_HG004_Z0113-sup-PAY88428_0	2524487531.0	2522220456.0	3575.0	2263500.0	538.0	0.9990922760037104	0.9984230781954722	0.9999997866959314	0.00023762852036935775	0.9997623714796307	0.9997623714796307	HG004	ultima	-1	-2	ont	sentdhuo
HUOv1_HG004_Z0113-sup-PAY88428_0-ont-sentdhuo-SNPtv	SNPtv	HUOv1_HG004_Z0113-sup-PAY88428_0	2524487531.0	2523409080.0	3433.0	1075018.0	347.0	0.9982449754296561	0.9968167306627747	0.9999998624876343	0.0003226811361723694	0.9996773188638276	0.9996773188638276	HG004	ultima	-1	-2	ont	sentdhuo
HUOv1_HG004_Z0113-sup-PAY88428_0-ont-sentdhuo-INS_50	INS_50	HUOv1_HG004_Z0113-sup-PAY88428_0	2524487531.0	2524255782.0	27743.0	204006.0	4522.0	0.9267165897832501	0.8802885880845225	0.9999982085841176	0.02168533722090079	0.9783146627790992	0.9783146627790992	HG004	ultima	-1	-2	ont	sentdhuo
HUOv1_HG004_Z0113-sup-PAY88428_0-ont-sentdhuo-INS_gt50	INS_gt50	HUOv1_HG004_Z0113-sup-PAY88428_0	2524487531.0	2524487531.0	0.0	0.0	0.0			1.0				HG004	ultima	-1	-2	ont	sentdhuo
HUOv1_HG004_Z0113-sup-PAY88428_0-ont-sentdhuo-DEL_50	DEL_50	HUOv1_HG004_Z0113-sup-PAY88428_0	2524487531.0	2524240279.0	43171.0	204081.0	1624.0	0.9011054029411181	0.8253967611991005	0.9999993566385226	0.007894800806980871	0.9921051991930191	0.9921051991930191	HG004	ultima	-1	-2	ont	sentdhuo
HUOv1_HG004_Z0113-sup-PAY88428_0-ont-sentdhuo-DEL_gt50	DEL_gt50	HUOv1_HG004_Z0113-sup-PAY88428_0	2524487531.0	2524487531.0	0.0	0.0	0.0			1.0				HG004	ultima	-1	-2	ont	sentdhuo
HUOv1_HG004_Z0113-sup-PAY88428_0-ont-sentdhuo-Indel_50	Indel_50	HUOv1_HG004_Z0113-sup-PAY88428_0	2524487531.0	2524456504.0	8022.0	23005.0	585.0	0.8424117033158174	0.7414509942952912	0.9999997682670058	0.02479864349300551	0.9752013565069945	0.9752013565069945	HG004	ultima	-1	-2	ont	sentdhuo
HUOv1_HG004_Z0113-sup-PAY88428_0-ont-sentdhuo-Indel_gt50	Indel_gt50	HUOv1_HG004_Z0113-sup-PAY88428_0	2524487531.0	2524487107.0	16.0	408.0	0.0	0.9807692307692307	0.9622641509433962	1.0	0.0	1.0	1.0	HG004	ultima	-1	-2	ont	sentdhuo
HUOv1_HG004_Z0113-sup-PAY88428_0-ont-sentdhuo-All	All	HUOv1_HG004_Z0113-sup-PAY88428_0	2524487531.0	2520631553.0	85960.0	3770018.0	7616.0	0.9877415828836991	0.9777073416912648	0.9999969785441353	0.00201607672950847	0.9979839232704916	0.9979839232704916	HG004	ultima	-1	-2	ont	sentdhuo
HUOv1_HG004_Z0113-sup-PAY88428_0-ont-sentdhuo-SNPts	SNPts	HUOv1_HG004_Z0113-sup-PAY88428_0	336900298.0	336634207.0	683.0	265408.0	98.0	0.9985308419723964	0.9974332089397988	0.9999997088829078	0.0003691065361988053	0.9996308934638012	0.9996308934638012	HG004	giabHC_x_ultima_x_clinvar	-1	-2	ont	sentdhuo
HUOv1_HG004_Z0113-sup-PAY88428_0-ont-sentdhuo-SNPtv	SNPtv	HUOv1_HG004_Z0113-sup-PAY88428_0	336900298.0	336779646.0	531.0	120121.0	56.0	0.9975625859011996	0.9955989125750091	0.9999998337191949	0.00046597934712965043	0.9995340206528703	0.9995340206528703	HG004	giabHC_x_ultima_x_clinvar	-1	-2	ont	sentdhuo
HUOv1_HG004_Z0113-sup-PAY88428_0-ont-sentdhuo-INS_50	INS_50	HUOv1_HG004_Z0113-sup-PAY88428_0	336900298.0	336873736.0	3263.0	23299.0	465.0	0.9259229821563406	0.8771553346886529	0.9999986196627744	0.01956741289345228	0.9804325871065477	0.9804325871065477	HG004	giabHC_x_ultima_x_clinvar	-1	-2	ont	sentdhuo
HUOv1_HG004_Z0113-sup-PAY88428_0-ont-sentdhuo-INS_gt50	INS_gt50	HUOv1_HG004_Z0113-sup-PAY88428_0	336900298.0	336900298.0	0.0	0.0	0.0			1.0				HG004	giabHC_x_ultima_x_clinvar	-1	-2	ont	sentdhuo
HUOv1_HG004_Z0113-sup-PAY88428_0-ont-sentdhuo-DEL_50	DEL_50	HUOv1_HG004_Z0113-sup-PAY88428_0	336900298.0	336871965.0	4882.0	23451.0	193.0	0.9023606595224811	0.8276920904951823	0.9999994270823652	0.008162747420064287	0.9918372525799357	0.9918372525799357	HG004	giabHC_x_ultima_x_clinvar	-1	-2	ont	sentdhuo
HUOv1_HG004_Z0113-sup-PAY88428_0-ont-sentdhuo-DEL_gt50	DEL_gt50	HUOv1_HG004_Z0113-sup-PAY88428_0	336900298.0	336900298.0	0.0	0.0	0.0			1.0				HG004	giabHC_x_ultima_x_clinvar	-1	-2	ont	sentdhuo
HUOv1_HG004_Z0113-sup-PAY88428_0-ont-sentdhuo-Indel_50	Indel_50	HUOv1_HG004_Z0113-sup-PAY88428_0	336900298.0	336897217.0	829.0	2252.0	64.0	0.8345377061330368	0.7309315157416423	0.9999998100311175	0.027633851468048358	0.9723661485319517	0.9723661485319517	HG004	giabHC_x_ultima_x_clinvar	-1	-2	ont	sentdhuo
HUOv1_HG004_Z0113-sup-PAY88428_0-ont-sentdhuo-Indel_gt50	Indel_gt50	HUOv1_HG004_Z0113-sup-PAY88428_0	336900298.0	336900256.0	1.0	41.0	0.0	0.9879518072289156	0.9761904761904762	1.0	0.0	1.0	1.0	HG004	giabHC_x_ultima_x_clinvar	-1	-2	ont	sentdhuo
HUOv1_HG004_Z0113-sup-PAY88428_0-ont-sentdhuo-All	All	HUOv1_HG004_Z0113-sup-PAY88428_0	336900298.0	336455537.0	10189.0	434572.0	876.0	0.9874291219471738	0.9770910668876093	0.9999973963938087	0.0020117212617809703	0.997988278738219	0.997988278738219	HG004	giabHC_x_ultima_x_clinvar	-1	-2	ont	sentdhuo
HUOv1_HG004_Z0113-sup-PAY88428_0-ont-sentdhuo-SNPts	SNPts	HUOv1_HG004_Z0113-sup-PAY88428_0	2524487531.0	2522220456.0	3575.0	2263500.0	538.0	0.9990922760037104	0.9984230781954722	0.9999997866959314	0.00023762852036935775	0.9997623714796307	0.9997623714796307	HG004	giabHC	-1	-2	ont	sentdhuo
HUOv1_HG004_Z0113-sup-PAY88428_0-ont-sentdhuo-SNPtv	SNPtv	HUOv1_HG004_Z0113-sup-PAY88428_0	2524487531.0	2523409080.0	3433.0	1075018.0	347.0	0.9982449754296561	0.9968167306627747	0.9999998624876343	0.0003226811361723694	0.9996773188638276	0.9996773188638276	HG004	giabHC	-1	-2	ont	sentdhuo
HUOv1_HG004_Z0113-sup-PAY88428_0-ont-sentdhuo-INS_50	INS_50	HUOv1_HG004_Z0113-sup-PAY88428_0	2524487531.0	2524255782.0	27743.0	204006.0	4522.0	0.9267165897832501	0.8802885880845225	0.9999982085841176	0.02168533722090079	0.9783146627790992	0.9783146627790992	HG004	giabHC	-1	-2	ont	sentdhuo
HUOv1_HG004_Z0113-sup-PAY88428_0-ont-sentdhuo-INS_gt50	INS_gt50	HUOv1_HG004_Z0113-sup-PAY88428_0	2524487531.0	2524487531.0	0.0	0.0	0.0			1.0				HG004	giabHC	-1	-2	ont	sentdhuo
HUOv1_HG004_Z0113-sup-PAY88428_0-ont-sentdhuo-DEL_50	DEL_50	HUOv1_HG004_Z0113-sup-PAY88428_0	2524487531.0	2524240279.0	43171.0	204081.0	1624.0	0.9011054029411181	0.8253967611991005	0.9999993566385226	0.007894800806980871	0.9921051991930191	0.9921051991930191	HG004	giabHC	-1	-2	ont	sentdhuo
HUOv1_HG004_Z0113-sup-PAY88428_0-ont-sentdhuo-DEL_gt50	DEL_gt50	HUOv1_HG004_Z0113-sup-PAY88428_0	2524487531.0	2524487531.0	0.0	0.0	0.0			1.0				HG004	giabHC	-1	-2	ont	sentdhuo
HUOv1_HG004_Z0113-sup-PAY88428_0-ont-sentdhuo-Indel_50	Indel_50	HUOv1_HG004_Z0113-sup-PAY88428_0	2524487531.0	2524456504.0	8022.0	23005.0	585.0	0.8424117033158174	0.7414509942952912	0.9999997682670058	0.02479864349300551	0.9752013565069945	0.9752013565069945	HG004	giabHC	-1	-2	ont	sentdhuo
HUOv1_HG004_Z0113-sup-PAY88428_0-ont-sentdhuo-Indel_gt50	Indel_gt50	HUOv1_HG004_Z0113-sup-PAY88428_0	2524487531.0	2524487107.0	16.0	408.0	0.0	0.9807692307692307	0.9622641509433962	1.0	0.0	1.0	1.0	HG004	giabHC	-1	-2	ont	sentdhuo
HUOv1_HG004_Z0113-sup-PAY88428_0-ont-sentdhuo-All	All	HUOv1_HG004_Z0113-sup-PAY88428_0	2524487531.0	2520631553.0	85960.0	3770018.0	7616.0	0.9877415828836991	0.9777073416912648	0.9999969785441353	0.00201607672950847	0.9979839232704916	0.9979839232704916	HG004	giabHC	-1	-2	ont	sentdhuo
HUOv1_HG004_Z0113-sup-PAY88428_0-ont-sentdhuo-SNPts	SNPts	HUOv1_HG004_Z0113-sup-PAY88428_0	3088286401.0	3085948017.0	6645.0	2331739.0	511236.0	0.9000491955874897	0.9971582939329041	0.9998343616558348	0.17982430376630115	0.8201756962336988	0.8201756962336989	HG004	hg38	-1	-2	ont	sentdhuo
HUOv1_HG004_Z0113-sup-PAY88428_0-ont-sentdhuo-SNPtv	SNPtv	HUOv1_HG004_Z0113-sup-PAY88428_0	3088286401.0	3087171479.0	5785.0	1109137.0	456484.0	0.8275465083007436	0.9948112962162375	0.9998521570585996	0.2915673716691332	0.7084326283308668	0.7084326283308668	HG004	hg38	-1	-2	ont	sentdhuo
HUOv1_HG004_Z0113-sup-PAY88428_0-ont-sentdhuo-INS_50	INS_50	HUOv1_HG004_Z0113-sup-PAY88428_0	3088286401.0	3088027066.0	34416.0	224919.0	104516.0	0.7640300966421523	0.8672913413152872	0.9999661555872136	0.31725833624235433	0.6827416637576457	0.6827416637576457	HG004	hg38	-1	-2	ont	sentdhuo
HUOv1_HG004_Z0113-sup-PAY88428_0-ont-sentdhuo-INS_gt50	INS_gt50	HUOv1_HG004_Z0113-sup-PAY88428_0	3088286401.0	3088286182.0	119.0	100.0	2614.0	0.06818956699624958	0.45662100456621	0.9999991535765685	0.9631540162122328	0.036845983787767156	0.036845983787767135	HG004	hg38	-1	-2	ont	sentdhuo
HUOv1_HG004_Z0113-sup-PAY88428_0-ont-sentdhuo-DEL_50	DEL_50	HUOv1_HG004_Z0113-sup-PAY88428_0	3088286401.0	3088011386.0	50291.0	224724.0	99845.0	0.7495997224742488	0.8171336108939512	0.9999676679392252	0.30762334049154416	0.6923766595084558	0.6923766595084558	HG004	hg38	-1	-2	ont	sentdhuo
HUOv1_HG004_Z0113-sup-PAY88428_0-ont-sentdhuo-DEL_gt50	DEL_gt50	HUOv1_HG004_Z0113-sup-PAY88428_0	3088286401.0	3088286246.0	54.0	101.0	3152.0	0.05927230046948357	0.6516129032258065	0.9999989793702617	0.9689517368582846	0.031048263141715382	0.03104826314171534	HG004	hg38	-1	-2	ont	sentdhuo
HUOv1_HG004_Z0113-sup-PAY88428_0-ont-sentdhuo-Indel_50	Indel_50	HUOv1_HG004_Z0113-sup-PAY88428_0	3088286401.0	3088245897.0	10683.0	29821.0	14434.0	0.7036656874196251	0.7362482717756271	0.9999953261712249	0.3261552366964185	0.6738447633035816	0.6738447633035816	HG004	hg38	-1	-2	ont	sentdhuo
HUOv1_HG004_Z0113-sup-PAY88428_0-ont-sentdhuo-Indel_gt50	Indel_gt50	HUOv1_HG004_Z0113-sup-PAY88428_0	3088286401.0	3088284956.0	270.0	1175.0	1729.0	0.5403541043918142	0.8131487889273357	0.9999994401426499	0.5953856749311295	0.4046143250688705	0.4046143250688705	HG004	hg38	-1	-2	ont	sentdhuo
HUOv1_HG004_Z0113-sup-PAY88428_0-ont-sentdhuo-All	All	HUOv1_HG004_Z0113-sup-PAY88428_0	3088286401.0	3084256422.0	108263.0	3921716.0	1194010.0	0.8576082434322997	0.9731355920216954	0.9996130192248054	0.23339991234870672	0.7666000876512933	0.7666000876512933	HG004	hg38	-1	-2	ont	sentdhuo
HUOv1_HG005_Z0016-sup-PAW87816_0-ont-sentdhuo-SNPts	SNPts	HUOv1_HG005_Z0016-sup-PAW87816_0	329898164.0	329645938.0	175.0	252051.0	53.0	0.9995479150556184	0.9993061777929317	0.9999998392214635	0.00021023069844191286	0.999789769301558	0.999789769301558	HG005	giabHC_x_ultima_x_clinvar	-1	-2	ont	sentdhuo
HUOv1_HG005_Z0016-sup-PAW87816_0-ont-sentdhuo-SNPtv	SNPtv	HUOv1_HG005_Z0016-sup-PAW87816_0	329898164.0	329785962.0	107.0	112095.0	22.0	0.999424926109692	0.9990463628099321	0.9999999332900698	0.00019622358785911147	0.9998037764121409	0.9998037764121409	HG005	giabHC_x_ultima_x_clinvar	-1	-2	ont	sentdhuo
HUOv1_HG005_Z0016-sup-PAW87816_0-ont-sentdhuo-INS_50	INS_50	HUOv1_HG005_Z0016-sup-PAW87816_0	329898164.0	329881119.0	219.0	16826.0	17.0	0.9930358829084042	0.9871516573775301	0.9999999484662864	0.001009321379801698	0.9989906786201983	0.9989906786201983	HG005	giabHC_x_ultima_x_clinvar	-1	-2	ont	sentdhuo
HUOv1_HG005_Z0016-sup-PAW87816_0-ont-sentdhuo-INS_gt50	INS_gt50	HUOv1_HG005_Z0016-sup-PAW87816_0	329898164.0	329898164.0	0.0	0.0	0.0			1.0				HG005	giabHC_x_ultima_x_clinvar	-1	-2	ont	sentdhuo
HUOv1_HG005_Z0016-sup-PAW87816_0-ont-sentdhuo-DEL_50	DEL_50	HUOv1_HG005_Z0016-sup-PAW87816_0	329898164.0	329879694.0	387.0	18083.0	4.0	0.9893043739913013	0.9790471034109367	0.9999999878743675	0.0002211533145353016	0.9997788466854647	0.9997788466854647	HG005	giabHC_x_ultima_x_clinvar	-1	-2	ont	sentdhuo
HUOv1_HG005_Z0016-sup-PAW87816_0-ont-sentdhuo-DEL_gt50	DEL_gt50	HUOv1_HG005_Z0016-sup-PAW87816_0	329898164.0	329898164.0	0.0	0.0	0.0			1.0				HG005	giabHC_x_ultima_x_clinvar	-1	-2	ont	sentdhuo
HUOv1_HG005_Z0016-sup-PAW87816_0-ont-sentdhuo-Indel_50	Indel_50	HUOv1_HG005_Z0016-sup-PAW87816_0	329898164.0	329897045.0	5.0	1114.0	1.0	0.9973142345568488	0.9955317247542449	0.9999999969687513	0.0008968609865470852	0.9991031390134529	0.9991031390134529	HG005	giabHC_x_ultima_x_clinvar	-1	-2	ont	sentdhuo
HUOv1_HG005_Z0016-sup-PAW87816_0-ont-sentdhuo-Indel_gt50	Indel_gt50	HUOv1_HG005_Z0016-sup-PAW87816_0	329898164.0	329898134.0	1.0	29.0	0.0	0.983050847457627	0.9666666666666667	1.0	0.0	1.0	1.0	HG005	giabHC_x_ultima_x_clinvar	-1	-2	ont	sentdhuo
HUOv1_HG005_Z0016-sup-PAW87816_0-ont-sentdhuo-All	All	HUOv1_HG005_Z0016-sup-PAW87816_0	329898164.0	329497072.0	894.0	400198.0	97.0	0.998763393965712	0.997771084938119	0.9999997056120382	0.0002423212880500631	0.99975767871195	0.99975767871195	HG005	giabHC_x_ultima_x_clinvar	-1	-2	ont	sentdhuo
HUOv1_HG005_Z0016-sup-PAW87816_0-ont-sentdhuo-SNPts	SNPts	HUOv1_HG005_Z0016-sup-PAW87816_0	334484186.0	334222874.0	453.0	260859.0	142.0	0.9988608363184527	0.9982664401175606	0.9999995751339877	0.000544059218163915	0.9994559407818361	0.9994559407818361	HG005	giabHC_x_clinvar_genes	-1	-2	ont	sentdhuo
HUOv1_HG005_Z0016-sup-PAW87816_0-ont-sentdhuo-SNPtv	SNPtv	HUOv1_HG005_Z0016-sup-PAW87816_0	334484186.0	334366418.0	332.0	117436.0	76.0	0.9982658959537573	0.9971808980368182	0.9999997727044984	0.0006467424603444755	0.9993532575396555	0.9993532575396555	HG005	giabHC_x_clinvar_genes	-1	-2	ont	sentdhuo
HUOv1_HG005_Z0016-sup-PAW87816_0-ont-sentdhuo-INS_50	INS_50	HUOv1_HG005_Z0016-sup-PAW87816_0	334484186.0	334461705.0	1495.0	20986.0	119.0	0.9629697609324096	0.9334993994929052	0.9999996442045356	0.005638474295190713	0.9943615257048093	0.9943615257048093	HG005	giabHC_x_clinvar_genes	-1	-2	ont	sentdhuo
HUOv1_HG005_Z0016-sup-PAW87816_0-ont-sentdhuo-INS_gt50	INS_gt50	HUOv1_HG005_Z0016-sup-PAW87816_0	334484186.0	334484186.0	0.0	0.0	0.0			1.0				HG005	giabHC_x_clinvar_genes	-1	-2	ont	sentdhuo
HUOv1_HG005_Z0016-sup-PAW87816_0-ont-sentdhuo-DEL_50	DEL_50	HUOv1_HG005_Z0016-sup-PAW87816_0	334484186.0	334460481.0	2132.0	21573.0	69.0	0.9514631618409155	0.910061168529846	0.9999997936976424	0.00318824507901303	0.996811754920987	0.996811754920987	HG005	giabHC_x_clinvar_genes	-1	-2	ont	sentdhuo
HUOv1_HG005_Z0016-sup-PAW87816_0-ont-sentdhuo-DEL_gt50	DEL_gt50	HUOv1_HG005_Z0016-sup-PAW87816_0	334484186.0	334484186.0	0.0	0.0	0.0			1.0				HG005	giabHC_x_clinvar_genes	-1	-2	ont	sentdhuo
HUOv1_HG005_Z0016-sup-PAW87816_0-ont-sentdhuo-Indel_50	Indel_50	HUOv1_HG005_Z0016-sup-PAW87816_0	334484186.0	334482328.0	180.0	1678.0	9.0	0.9466854724964741	0.9031216361679225	0.9999999730927496	0.005334914048606995	0.994665085951393	0.994665085951393	HG005	giabHC_x_clinvar_genes	-1	-2	ont	sentdhuo
HUOv1_HG005_Z0016-sup-PAW87816_0-ont-sentdhuo-Indel_gt50	Indel_gt50	HUOv1_HG005_Z0016-sup-PAW87816_0	334484186.0	334484148.0	3.0	35.0	1.0	0.9459459459459458	0.9210526315789473	0.9999999970103217	0.027777777777777776	0.9722222222222222	0.9722222222222222	HG005	giabHC_x_clinvar_genes	-1	-2	ont	sentdhuo
HUOv1_HG005_Z0016-sup-PAW87816_0-ont-sentdhuo-All	All	HUOv1_HG005_Z0016-sup-PAW87816_0	334484186.0	334057024.0	4595.0	422567.0	416.0	0.9941057113786472	0.9892429570046025	0.9999987547051788	0.0009834910622885554	0.9990165089377114	0.9990165089377114	HG005	giabHC_x_clinvar_genes	-1	-2	ont	sentdhuo
HUOv1_HG005_Z0016-sup-PAW87816_0-ont-sentdhuo-SNPts	SNPts	HUOv1_HG005_Z0016-sup-PAW87816_0	3088286401.0	3085990792.0	4620.0	2290989.0	505159.0	0.8998815143770608	0.9979874621505666	0.9998363325246429	0.18066246851025053	0.8193375314897495	0.8193375314897494	HG005	hg38	-1	-2	ont	sentdhuo
HUOv1_HG005_Z0016-sup-PAW87816_0-ont-sentdhuo-SNPtv	SNPtv	HUOv1_HG005_Z0016-sup-PAW87816_0	3088286401.0	3087196897.0	3671.0	1085833.0	458548.0	0.8245105613950495	0.9966305768496491	0.9998514899061219	0.2969137796955544	0.7030862203044457	0.7030862203044456	HG005	hg38	-1	-2	ont	sentdhuo
HUOv1_HG005_Z0016-sup-PAW87816_0-ont-sentdhuo-INS_50	INS_50	HUOv1_HG005_Z0016-sup-PAW87816_0	3088286401.0	3088069821.0	15243.0	201337.0	122982.0	0.7444532158499092	0.9296195401237418	0.9999601767092131	0.37920072521190556	0.6207992747880944	0.6207992747880945	HG005	hg38	-1	-2	ont	sentdhuo
HUOv1_HG005_Z0016-sup-PAW87816_0-ont-sentdhuo-INS_gt50	INS_gt50	HUOv1_HG005_Z0016-sup-PAW87816_0	3088286401.0	3088286371.0	27.0	3.0	2715.0	0.002183406113537118	0.1	0.9999991208724558	0.9988962472406181	0.001103752759381904	0.0011037527593818985	HG005	hg38	-1	-2	ont	sentdhuo
HUOv1_HG005_Z0016-sup-PAW87816_0-ont-sentdhuo-DEL_50	DEL_50	HUOv1_HG005_Z0016-sup-PAW87816_0	3088286401.0	3088060050.0	22230.0	204121.0	116575.0	0.7462649461563631	0.9017896983004272	0.9999622511876244	0.36350624890862376	0.6364937510913762	0.6364937510913763	HG005	hg38	-1	-2	ont	sentdhuo
HUOv1_HG005_Z0016-sup-PAW87816_0-ont-sentdhuo-DEL_gt50	DEL_gt50	HUOv1_HG005_Z0016-sup-PAW87816_0	3088286401.0	3088286358.0	39.0	4.0	3153.0	0.0024999999999999996	0.09302325581395349	0.9999989790464953	0.9987329743427305	0.0012670256572695493	0.0012670256572695597	HG005	hg38	-1	-2	ont	sentdhuo
HUOv1_HG005_Z0016-sup-PAW87816_0-ont-sentdhuo-Indel_50	Indel_50	HUOv1_HG005_Z0016-sup-PAW87816_0	3088286401.0	3088260236.0	2334.0	23831.0	17656.0	0.7045172352628155	0.910796866042423	0.999994282897907	0.42557909706655095	0.574420902933449	0.574420902933449	HG005	hg38	-1	-2	ont	sentdhuo
HUOv1_HG005_Z0016-sup-PAW87816_0-ont-sentdhuo-Indel_gt50	Indel_gt50	HUOv1_HG005_Z0016-sup-PAW87816_0	3088286401.0	3088285153.0	147.0	1101.0	1607.0	0.5566228513650152	0.8822115384615384	0.999999479646767	0.593426883308715	0.40657311669128504	0.4065731166912851	HG005	hg38	-1	-2	ont	sentdhuo
HUOv1_HG005_Z0016-sup-PAW87816_0-ont-sentdhuo-All	All	HUOv1_HG005_Z0016-sup-PAW87816_0	3088286401.0	3084430871.0	48311.0	3807219.0	1228395.0	0.8564070045429474	0.9874696863984977	0.9996019019295048	0.24394145381278232	0.7560585461872177	0.7560585461872177	HG005	hg38	-1	-2	ont	sentdhuo
HUOv1_HG005_Z0016-sup-PAW87816_0-ont-sentdhuo-SNPts	SNPts	HUOv1_HG005_Z0016-sup-PAW87816_0	377862616.0	377593030.0	670.0	268916.0	39971.0	0.9297443441612661	0.9975147077370486	0.9998941538480637	0.12940330930081226	0.8705966906991878	0.8705966906991878	HG005	clinvar_genes	-1	-2	ont	sentdhuo
HUOv1_HG005_Z0016-sup-PAW87816_0-ont-sentdhuo-SNPtv	SNPtv	HUOv1_HG005_Z0016-sup-PAW87816_0	377862616.0	377740663.0	483.0	121470.0	23562.0	0.9099387606045284	0.9960394578239158	0.999937627762396	0.1624606983286447	0.8375393016713553	0.8375393016713553	HG005	clinvar_genes	-1	-2	ont	sentdhuo
HUOv1_HG005_Z0016-sup-PAW87816_0-ont-sentdhuo-INS_50	INS_50	HUOv1_HG005_Z0016-sup-PAW87816_0	377862616.0	377837716.0	1859.0	23041.0	12901.0	0.757404424575129	0.9253413654618474	0.9999658568772432	0.35893940237048577	0.6410605976295143	0.6410605976295142	HG005	clinvar_genes	-1	-2	ont	sentdhuo
HUOv1_HG005_Z0016-sup-PAW87816_0-ont-sentdhuo-INS_gt50	INS_gt50	HUOv1_HG005_Z0016-sup-PAW87816_0	377862616.0	377862610.0	5.0	1.0	367.0	0.0053475935828877	0.16666666666666666	0.9999990287484556	0.9972826086956522	0.0027173913043477826	0.002717391304347826	HG005	clinvar_genes	-1	-2	ont	sentdhuo
HUOv1_HG005_Z0016-sup-PAW87816_0-ont-sentdhuo-DEL_50	DEL_50	HUOv1_HG005_Z0016-sup-PAW87816_0	377862616.0	377836468.0	2561.0	23587.0	11961.0	0.7646200726141078	0.9020575187394829	0.9999683444495676	0.3364746258579948	0.6635253741420052	0.6635253741420052	HG005	clinvar_genes	-1	-2	ont	sentdhuo
HUOv1_HG005_Z0016-sup-PAW87816_0-ont-sentdhuo-DEL_gt50	DEL_gt50	HUOv1_HG005_Z0016-sup-PAW87816_0	377862616.0	377862611.0	3.0	2.0	494.0	0.007984031936127744	0.4	0.9999986926482277	0.9959677419354839	0.0040322580645161255	0.004032258064516129	HG005	clinvar_genes	-1	-2	ont	sentdhuo
HUOv1_HG005_Z0016-sup-PAW87816_0-ont-sentdhuo-Indel_50	Indel_50	HUOv1_HG005_Z0016-sup-PAW87816_0	377862616.0	377860104.0	259.0	2253.0	1861.0	0.6800482945970421	0.8968949044585988	0.999995074921076	0.4523578026251823	0.5476421973748177	0.5476421973748177	HG005	clinvar_genes	-1	-2	ont	sentdhuo
HUOv1_HG005_Z0016-sup-PAW87816_0-ont-sentdhuo-Indel_gt50	Indel_gt50	HUOv1_HG005_Z0016-sup-PAW87816_0	377862616.0	377862481.0	10.0	125.0	190.0	0.5555555555555555	0.9259259259259259	0.9999994971718178	0.6031746031746031	0.39682539682539686	0.3968253968253968	HG005	clinvar_genes	-1	-2	ont	sentdhuo
HUOv1_HG005_Z0016-sup-PAW87816_0-ont-sentdhuo-All	All	HUOv1_HG005_Z0016-sup-PAW87816_0	377862616.0	377417371.0	5850.0	439395.0	91307.0	0.9004484874690942	0.9868611663241587	0.9997581327123823	0.17204947409280538	0.8279505259071946	0.8279505259071946	HG005	clinvar_genes	-1	-2	ont	sentdhuo
HUOv1_HG005_Z0016-sup-PAW87816_0-ont-sentdhuo-SNPts	SNPts	HUOv1_HG005_Z0016-sup-PAW87816_0	2799325643.0	2797094832.0	1487.0	2229324.0	160597.0	0.9649224408600195	0.9993334262741218	0.9999425876527631	0.06719761866605632	0.9328023813339437	0.9328023813339437	HG005	ultima	-1	-2	ont	sentdhuo
HUOv1_HG005_Z0016-sup-PAW87816_0-ont-sentdhuo-SNPtv	SNPtv	HUOv1_HG005_Z0016-sup-PAW87816_0	2799325643.0	2798278318.0	909.0	1046416.0	92085.0	0.95745589996642	0.9991320745709307	0.999967093348364	0.08088266940476996	0.91911733059523	0.91911733059523	HG005	ultima	-1	-2	ont	sentdhuo
HUOv1_HG005_Z0016-sup-PAW87816_0-ont-sentdhuo-INS_50	INS_50	HUOv1_HG005_Z0016-sup-PAW87816_0	2799325643.0	2799164955.0	1795.0	158893.0	27553.0	0.9154562791314017	0.9888292840784626	0.9999901568041779	0.1477800542784506	0.8522199457215494	0.8522199457215494	HG005	ultima	-1	-2	ont	sentdhuo
HUOv1_HG005_Z0016-sup-PAW87816_0-ont-sentdhuo-INS_gt50	INS_gt50	HUOv1_HG005_Z0016-sup-PAW87816_0	2799325643.0	2799325629.0	13.0	1.0	716.0	0.002735978112175102	0.07142857142857142	0.9999997442241769	0.99860529986053	0.001394700139469962	0.001394700139470014	HG005	ultima	-1	-2	ont	sentdhuo
HUOv1_HG005_Z0016-sup-PAW87816_0-ont-sentdhuo-DEL_50	DEL_50	HUOv1_HG005_Z0016-sup-PAW87816_0	2799325643.0	2799153975.0	3844.0	167824.0	35213.0	0.8957660025887032	0.9776079409091968	0.9999874202857917	0.173431443529997	0.8265685564700029	0.826568556470003	HG005	ultima	-1	-2	ont	sentdhuo
HUOv1_HG005_Z0016-sup-PAW87816_0-ont-sentdhuo-DEL_gt50	DEL_gt50	HUOv1_HG005_Z0016-sup-PAW87816_0	2799325643.0	2799325610.0	30.0	3.0	1401.0	0.004175365344467641	0.09090909090909091	0.9999994995225658	0.9978632478632479	0.002136752136752129	0.002136752136752137	HG005	ultima	-1	-2	ont	sentdhuo
HUOv1_HG005_Z0016-sup-PAW87816_0-ont-sentdhuo-Indel_50	Indel_50	HUOv1_HG005_Z0016-sup-PAW87816_0	2799325643.0	2799309478.0	46.0	16119.0	2926.0	0.9155921613178075	0.9971543458088463	0.9999989547433163	0.15363612496718299	0.8463638750328171	0.846363875032817	HG005	ultima	-1	-2	ont	sentdhuo
HUOv1_HG005_Z0016-sup-PAW87816_0-ont-sentdhuo-Indel_gt50	Indel_gt50	HUOv1_HG005_Z0016-sup-PAW87816_0	2799325643.0	2799324793.0	9.0	841.0	461.0	0.7815985130111525	0.9894117647058823	0.9999998353174575	0.35407066052227343	0.6459293394777266	0.6459293394777266	HG005	ultima	-1	-2	ont	sentdhuo
HUOv1_HG005_Z0016-sup-PAW87816_0-ont-sentdhuo-All	All	HUOv1_HG005_Z0016-sup-PAW87816_0	2799325643.0	2795698089.0	8133.0	3619421.0	320952.0	0.9565158331997653	0.9977579934027171	0.9998852110821516	0.0814521873944421	0.918547812605558	0.9185478126055578	HG005	ultima	-1	-2	ont	sentdhuo
HUOv1_HG005_Z0016-sup-PAW87816_0-ont-sentdhuo-SNPts	SNPts	HUOv1_HG005_Z0016-sup-PAW87816_0	2503728811.0	2501507212.0	2786.0	2218813.0	769.0	0.9991995372402072	0.9987459483012011	0.9999996925854301	0.00034646163106386696	0.9996535383689361	0.9996535383689361	HG005	giabHC	-1	-2	ont	sentdhuo
HUOv1_HG005_Z0016-sup-PAW87816_0-ont-sentdhuo-SNPtv	SNPtv	HUOv1_HG005_Z0016-sup-PAW87816_0	2503728811.0	2502675939.0	2309.0	1050563.0	465.0	0.9986814962688341	0.9978069508924162	0.9999998141989115	0.0004424239887043923	0.9995575760112956	0.9995575760112956	HG005	giabHC	-1	-2	ont	sentdhuo
HUOv1_HG005_Z0016-sup-PAW87816_0-ont-sentdhuo-INS_50	INS_50	HUOv1_HG005_Z0016-sup-PAW87816_0	2503728811.0	2503535212.0	11753.0	181846.0	938.0	0.9662816864736186	0.9392920417977365	0.9999996253299558	0.005131740196078431	0.9948682598039216	0.9948682598039216	HG005	giabHC	-1	-2	ont	sentdhuo
HUOv1_HG005_Z0016-sup-PAW87816_0-ont-sentdhuo-INS_gt50	INS_gt50	HUOv1_HG005_Z0016-sup-PAW87816_0	2503728811.0	2503728811.0	0.0	0.0	0.0			1.0				HG005	giabHC	-1	-2	ont	sentdhuo
HUOv1_HG005_Z0016-sup-PAW87816_0-ont-sentdhuo-DEL_50	DEL_50	HUOv1_HG005_Z0016-sup-PAW87816_0	2503728811.0	2503525341.0	18338.0	185132.0	476.0	0.9516446573694735	0.9098736914532854	0.9999998098681481	0.00256454463169691	0.9974354553683031	0.9974354553683031	HG005	giabHC	-1	-2	ont	sentdhuo
HUOv1_HG005_Z0016-sup-PAW87816_0-ont-sentdhuo-DEL_gt50	DEL_gt50	HUOv1_HG005_Z0016-sup-PAW87816_0	2503728811.0	2503728811.0	0.0	0.0	0.0			1.0				HG005	giabHC	-1	-2	ont	sentdhuo
HUOv1_HG005_Z0016-sup-PAW87816_0-ont-sentdhuo-Indel_50	Indel_50	HUOv1_HG005_Z0016-sup-PAW87816_0	2503728811.0	2503709431.0	1559.0	17821.0	75.0	0.9561648245519905	0.9195562435500516	0.9999999700444481	0.004190880643719267	0.9958091193562807	0.9958091193562807	HG005	giabHC	-1	-2	ont	sentdhuo
HUOv1_HG005_Z0016-sup-PAW87816_0-ont-sentdhuo-Indel_gt50	Indel_gt50	HUOv1_HG005_Z0016-sup-PAW87816_0	2503728811.0	2503728476.0	17.0	318.0	1.0	0.9724770642201835	0.9492537313432836	0.9999999996005957	0.003134796238244514	0.9968652037617555	0.9968652037617555	HG005	giabHC	-1	-2	ont	sentdhuo
HUOv1_HG005_Z0016-sup-PAW87816_0-ont-sentdhuo-All	All	HUOv1_HG005_Z0016-sup-PAW87816_0	2503728811.0	2500037556.0	36762.0	3654493.0	2724.0	0.9946266380276064	0.990040785586474	0.9999989104175554	0.0007448286497629208	0.9992551713502371	0.9992551713502371	HG005	giabHC	-1	-2	ont	sentdhuo
HUOv1_HG005_Z0016-sup-PAW87816_0-ont-sentdhuo-SNPts	SNPts	HUOv1_HG005_Z0016-sup-PAW87816_0	2484521656.0	2482350839.0	1099.0	2169718.0	306.0	0.9996763300014905	0.9994937389931994	0.9999998767297686	0.0001410122653021349	0.9998589877346978	0.9998589877346978	HG005	giabHC_x_ultima	-1	-2	ont	sentdhuo
HUOv1_HG005_Z0016-sup-PAW87816_0-ont-sentdhuo-SNPtv	SNPtv	HUOv1_HG005_Z0016-sup-PAW87816_0	2484521656.0	2483502298.0	666.0	1018692.0	194.0	0.9995780681802571	0.9993466475958397	0.9999999218845157	0.00019040402949888408	0.9998095959705011	0.9998095959705011	HG005	giabHC_x_ultima	-1	-2	ont	sentdhuo
HUOv1_HG005_Z0016-sup-PAW87816_0-ont-sentdhuo-INS_50	INS_50	HUOv1_HG005_Z0016-sup-PAW87816_0	2484521656.0	2484371743.0	1491.0	148422.0	134.0	0.994555548482422	0.9900542314542434	0.9999999460628253	0.0009020167478930504	0.999097983252107	0.999097983252107	HG005	giabHC_x_ultima	-1	-2	ont	sentdhuo
HUOv1_HG005_Z0016-sup-PAW87816_0-ont-sentdhuo-INS_gt50	INS_gt50	HUOv1_HG005_Z0016-sup-PAW87816_0	2484521656.0	2484521656.0	0.0	0.0	0.0			1.0				HG005	giabHC_x_ultima	-1	-2	ont	sentdhuo
HUOv1_HG005_Z0016-sup-PAW87816_0-ont-sentdhuo-DEL_50	DEL_50	HUOv1_HG005_Z0016-sup-PAW87816_0	2484521656.0	2484362039.0	3341.0	156276.0	48.0	0.9892733136883153	0.979068645570334	0.9999999806791449	0.0003070545789514086	0.9996929454210486	0.9996929454210486	HG005	giabHC_x_ultima	-1	-2	ont	sentdhuo
HUOv1_HG005_Z0016-sup-PAW87816_0-ont-sentdhuo-DEL_gt50	DEL_gt50	HUOv1_HG005_Z0016-sup-PAW87816_0	2484521656.0	2484521656.0	0.0	0.0	0.0			1.0				HG005	giabHC_x_ultima	-1	-2	ont	sentdhuo
HUOv1_HG005_Z0016-sup-PAW87816_0-ont-sentdhuo-Indel_50	Indel_50	HUOv1_HG005_Z0016-sup-PAW87816_0	2484521656.0	2484509017.0	35.0	12604.0	9.0	0.9982575637573261	0.9972307935754411	0.9999999963775539	0.0007135495124078332	0.9992864504875921	0.9992864504875921	HG005	giabHC_x_ultima	-1	-2	ont	sentdhuo
HUOv1_HG005_Z0016-sup-PAW87816_0-ont-sentdhuo-Indel_gt50	Indel_gt50	HUOv1_HG005_Z0016-sup-PAW87816_0	2484521656.0	2484521374.0	2.0	280.0	0.0	0.9964412811387899	0.9929078014184397	1.0	0.0	1.0	1.0	HG005	giabHC_x_ultima	-1	-2	ont	sentdhuo
HUOv1_HG005_Z0016-sup-PAW87816_0-ont-sentdhuo-All	All	HUOv1_HG005_Z0016-sup-PAW87816_0	2484521656.0	2481009030.0	6634.0	3505992.0	691.0	0.9989564499867437	0.9981113844741797	0.9999997214843641	0.00019705231410994378	0.9998029476858901	0.9998029476858901	HG005	giabHC_x_ultima	-1	-2	ont	sentdhuo
HUOv1_HG005_Z0016-sup-PAW88001_0-ont-sentdhuo-SNPts	SNPts	HUOv1_HG005_Z0016-sup-PAW88001_0	377862616.0	377593030.0	628.0	268958.0	39807.0	0.930085709197356	0.9976705021774128	0.9998945880863639	0.12892329117613718	0.8710767088238628	0.8710767088238628	HG005	clinvar_genes	-1	-2	ont	sentdhuo
HUOv1_HG005_Z0016-sup-PAW88001_0-ont-sentdhuo-SNPtv	SNPtv	HUOv1_HG005_Z0016-sup-PAW88001_0	377862616.0	377740663.0	490.0	121463.0	23474.0	0.9102101989583724	0.9959820586619436	0.9999378606974542	0.1619600240104321	0.8380399759895679	0.8380399759895679	HG005	clinvar_genes	-1	-2	ont	sentdhuo
HUOv1_HG005_Z0016-sup-PAW88001_0-ont-sentdhuo-INS_50	INS_50	HUOv1_HG005_Z0016-sup-PAW88001_0	377862616.0	377837726.0	1811.0	23079.0	13058.0	0.7563537450636604	0.9272398553635999	0.9999654413843958	0.36134709577441404	0.638652904225586	0.638652904225586	HG005	clinvar_genes	-1	-2	ont	sentdhuo
HUOv1_HG005_Z0016-sup-PAW88001_0-ont-sentdhuo-INS_gt50	INS_gt50	HUOv1_HG005_Z0016-sup-PAW88001_0	377862616.0	377862610.0	5.0	1.0	370.0	0.005305039787798409	0.16666666666666666	0.9999990208090774	0.9973045822102425	0.0026954177897574594	0.0026954177897574125	HG005	clinvar_genes	-1	-2	ont	sentdhuo
HUOv1_HG005_Z0016-sup-PAW88001_0-ont-sentdhuo-DEL_50	DEL_50	HUOv1_HG005_Z0016-sup-PAW88001_0	377862616.0	377836466.0	2544.0	23606.0	11964.0	0.7649384316267013	0.9027151051625238	0.9999683365099599	0.33635085746415516	0.6636491425358448	0.6636491425358448	HG005	clinvar_genes	-1	-2	ont	sentdhuo
HUOv1_HG005_Z0016-sup-PAW88001_0-ont-sentdhuo-DEL_gt50	DEL_gt50	HUOv1_HG005_Z0016-sup-PAW88001_0	377862616.0	377862612.0	3.0	1.0	464.0	0.0042643923240938165	0.25	0.9999987720419659	0.9978494623655914	0.0021505376344086446	0.002150537634408602	HG005	clinvar_genes	-1	-2	ont	sentdhuo
HUOv1_HG005_Z0016-sup-PAW88001_0-ont-sentdhuo-Indel_50	Indel_50	HUOv1_HG005_Z0016-sup-PAW88001_0	377862616.0	377860092.0	226.0	2298.0	1854.0	0.6884361893349311	0.910459587955626	0.9999950934461127	0.44653179190751446	0.5534682080924855	0.5534682080924855	HG005	clinvar_genes	-1	-2	ont	sentdhuo
HUOv1_HG005_Z0016-sup-PAW88001_0-ont-sentdhuo-Indel_gt50	Indel_gt50	HUOv1_HG005_Z0016-sup-PAW88001_0	377862616.0	377862483.0	11.0	122.0	187.0	0.5520361990950226	0.9172932330827067	0.9999995051112088	0.6051779935275081	0.3948220064724919	0.3948220064724919	HG005	clinvar_genes	-1	-2	ont	sentdhuo
HUOv1_HG005_Z0016-sup-PAW88001_0-ont-sentdhuo-All	All	HUOv1_HG005_Z0016-sup-PAW88001_0	377862616.0	377417370.0	5718.0	439528.0	91178.0	0.9007164286768201	0.9871576611581013	0.9997584743432087	0.1718051048980038	0.8281948951019962	0.8281948951019962	HG005	clinvar_genes	-1	-2	ont	sentdhuo
HUOv1_HG005_Z0016-sup-PAW88001_0-ont-sentdhuo-SNPts	SNPts	HUOv1_HG005_Z0016-sup-PAW88001_0	2799325643.0	2797094802.0	1466.0	2229375.0	160604.0	0.9649261386507157	0.9993428487283496	0.9999425851498381	0.06719891681056611	0.9328010831894339	0.9328010831894339	HG005	ultima	-1	-2	ont	sentdhuo
HUOv1_HG005_Z0016-sup-PAW88001_0-ont-sentdhuo-SNPtv	SNPtv	HUOv1_HG005_Z0016-sup-PAW88001_0	2799325643.0	2798278310.0	927.0	1046406.0	92107.0	0.9574379896845432	0.9991148946896545	0.9999670854868103	0.08090114034710187	0.9190988596528982	0.9190988596528982	HG005	ultima	-1	-2	ont	sentdhuo
HUOv1_HG005_Z0016-sup-PAW88001_0-ont-sentdhuo-INS_50	INS_50	HUOv1_HG005_Z0016-sup-PAW88001_0	2799325643.0	2799164939.0	1750.0	158954.0	27616.0	0.9154385298064353	0.9891104141776185	0.9999901342978529	0.14801951010344644	0.8519804898965535	0.8519804898965536	HG005	ultima	-1	-2	ont	sentdhuo
HUOv1_HG005_Z0016-sup-PAW88001_0-ont-sentdhuo-INS_gt50	INS_gt50	HUOv1_HG005_Z0016-sup-PAW88001_0	2799325643.0	2799325629.0	13.0	1.0	719.0	0.002724795640326976	0.07142857142857142	0.9999997431524907	0.9986111111111111	0.001388888888888884	0.001388888888888889	HG005	ultima	-1	-2	ont	sentdhuo
HUOv1_HG005_Z0016-sup-PAW88001_0-ont-sentdhuo-DEL_50	DEL_50	HUOv1_HG005_Z0016-sup-PAW88001_0	2799325643.0	2799153983.0	3768.0	167892.0	35311.0	0.8957512477891924	0.9780496329954561	0.9999873852761313	0.17377204076711467	0.8262279592328854	0.8262279592328854	HG005	ultima	-1	-2	ont	sentdhuo
HUOv1_HG005_Z0016-sup-PAW88001_0-ont-sentdhuo-DEL_gt50	DEL_gt50	HUOv1_HG005_Z0016-sup-PAW88001_0	2799325643.0	2799325612.0	30.0	1.0	1384.0	0.0014124293785310732	0.03225806451612903	0.9999995055954514	0.9992779783393502	0.0007220216606498298	0.0007220216606498195	HG005	ultima	-1	-2	ont	sentdhuo
HUOv1_HG005_Z0016-sup-PAW88001_0-ont-sentdhuo-Indel_50	Indel_50	HUOv1_HG005_Z0016-sup-PAW88001_0	2799325643.0	2799309470.0	47.0	16126.0	2921.0	0.9157296990346394	0.9970939219687133	0.9999989565294644	0.15335748411823386	0.8466425158817661	0.8466425158817662	HG005	ultima	-1	-2	ont	sentdhuo
HUOv1_HG005_Z0016-sup-PAW88001_0-ont-sentdhuo-Indel_gt50	Indel_gt50	HUOv1_HG005_Z0016-sup-PAW88001_0	2799325643.0	2799324793.0	9.0	841.0	456.0	0.7834187238006521	0.9894117647058823	0.999999837103602	0.3515805705474171	0.6484194294525829	0.6484194294525829	HG005	ultima	-1	-2	ont	sentdhuo
HUOv1_HG005_Z0016-sup-PAW88001_0-ont-sentdhuo-All	All	HUOv1_HG005_Z0016-sup-PAW88001_0	2799325643.0	2795698037.0	8010.0	3619596.0	321118.0	0.9565124096232718	0.9977919321999137	0.9998851517167092	0.08148726347560366	0.9185127365243964	0.9185127365243964	HG005	ultima	-1	-2	ont	sentdhuo
HUOv1_HG005_Z0016-sup-PAW88001_0-ont-sentdhuo-SNPts	SNPts	HUOv1_HG005_Z0016-sup-PAW88001_0	2484521656.0	2482350837.0	1060.0	2169759.0	283.0	0.9996906143735079	0.9995117050293	0.999999885995177	0.00013041222243624778	0.9998695877775637	0.9998695877775637	HG005	giabHC_x_ultima	-1	-2	ont	sentdhuo
HUOv1_HG005_Z0016-sup-PAW88001_0-ont-sentdhuo-SNPtv	SNPtv	HUOv1_HG005_Z0016-sup-PAW88001_0	2484521656.0	2483502300.0	663.0	1018693.0	206.0	0.9995736549156018	0.9993495893485691	0.9999999170526305	0.00020217901872511407	0.9997978209812749	0.9997978209812749	HG005	giabHC_x_ultima	-1	-2	ont	sentdhuo
HUOv1_HG005_Z0016-sup-PAW88001_0-ont-sentdhuo-INS_50	INS_50	HUOv1_HG005_Z0016-sup-PAW88001_0	2484521656.0	2484371734.0	1438.0	148484.0	146.0	0.9946943915967739	0.9904083456730833	0.9999999412326306	0.0009823050528157168	0.9990176949471843	0.9990176949471843	HG005	giabHC_x_ultima	-1	-2	ont	sentdhuo
HUOv1_HG005_Z0016-sup-PAW88001_0-ont-sentdhuo-INS_gt50	INS_gt50	HUOv1_HG005_Z0016-sup-PAW88001_0	2484521656.0	2484521656.0	0.0	0.0	0.0			1.0				HG005	giabHC_x_ultima	-1	-2	ont	sentdhuo
HUOv1_HG005_Z0016-sup-PAW88001_0-ont-sentdhuo-DEL_50	DEL_50	HUOv1_HG005_Z0016-sup-PAW88001_0	2484521656.0	2484362041.0	3269.0	156346.0	40.0	0.9895285141502717	0.9795194687216113	0.9999999838992873	0.00025577737137595435	0.9997442226286241	0.9997442226286241	HG005	giabHC_x_ultima	-1	-2	ont	sentdhuo
HUOv1_HG005_Z0016-sup-PAW88001_0-ont-sentdhuo-DEL_gt50	DEL_gt50	HUOv1_HG005_Z0016-sup-PAW88001_0	2484521656.0	2484521656.0	0.0	0.0	0.0			1.0				HG005	giabHC_x_ultima	-1	-2	ont	sentdhuo
HUOv1_HG005_Z0016-sup-PAW88001_0-ont-sentdhuo-Indel_50	Indel_50	HUOv1_HG005_Z0016-sup-PAW88001_0	2484521656.0	2484509016.0	37.0	12603.0	10.0	0.9981388349899022	0.9970727848101266	0.99999999597506	0.0007928327915642591	0.9992071672084357	0.9992071672084357	HG005	giabHC_x_ultima	-1	-2	ont	sentdhuo
HUOv1_HG005_Z0016-sup-PAW88001_0-ont-sentdhuo-Indel_gt50	Indel_gt50	HUOv1_HG005_Z0016-sup-PAW88001_0	2484521656.0	2484521373.0	2.0	281.0	0.0	0.9964539007092198	0.9929328621908127	1.0	0.0	1.0	1.0	HG005	giabHC_x_ultima	-1	-2	ont	sentdhuo
HUOv1_HG005_Z0016-sup-PAW88001_0-ont-sentdhuo-All	All	HUOv1_HG005_Z0016-sup-PAW88001_0	2484521656.0	2481009021.0	6469.0	3506166.0	685.0	0.9989808370584399	0.9981583625967401	0.9999997239027327	0.0001953319373991082	0.9998046680626009	0.9998046680626009	HG005	giabHC_x_ultima	-1	-2	ont	sentdhuo
HUOv1_HG005_Z0016-sup-PAW88001_0-ont-sentdhuo-SNPts	SNPts	HUOv1_HG005_Z0016-sup-PAW88001_0	329898164.0	329645941.0	187.0	252036.0	57.0	0.999516176365612	0.9992585925946483	0.999999827087238	0.00022610703192869297	0.9997738929680713	0.9997738929680713	HG005	giabHC_x_ultima_x_clinvar	-1	-2	ont	sentdhuo
HUOv1_HG005_Z0016-sup-PAW88001_0-ont-sentdhuo-SNPtv	SNPtv	HUOv1_HG005_Z0016-sup-PAW88001_0	329898164.0	329785963.0	112.0	112089.0	20.0	0.9994115286879766	0.9990017914278839	0.9999999393546086	0.00017839780927490212	0.9998216021907251	0.9998216021907251	HG005	giabHC_x_ultima_x_clinvar	-1	-2	ont	sentdhuo
HUOv1_HG005_Z0016-sup-PAW88001_0-ont-sentdhuo-INS_50	INS_50	HUOv1_HG005_Z0016-sup-PAW88001_0	329898164.0	329881114.0	196.0	16854.0	17.0	0.9937207039886795	0.9885043988269795	0.9999999484662856	0.0010076462568905222	0.9989923537431095	0.9989923537431095	HG005	giabHC_x_ultima_x_clinvar	-1	-2	ont	sentdhuo
HUOv1_HG005_Z0016-sup-PAW88001_0-ont-sentdhuo-INS_gt50	INS_gt50	HUOv1_HG005_Z0016-sup-PAW88001_0	329898164.0	329898164.0	0.0	0.0	0.0			1.0				HG005	giabHC_x_ultima_x_clinvar	-1	-2	ont	sentdhuo
HUOv1_HG005_Z0016-sup-PAW88001_0-ont-sentdhuo-DEL_50	DEL_50	HUOv1_HG005_Z0016-sup-PAW88001_0	329898164.0	329879691.0	376.0	18097.0	6.0	0.9895559930008749	0.9796459697937531	0.9999999818115511	0.00033143677843451363	0.9996685632215655	0.9996685632215655	HG005	giabHC_x_ultima_x_clinvar	-1	-2	ont	sentdhuo
HUOv1_HG005_Z0016-sup-PAW88001_0-ont-sentdhuo-DEL_gt50	DEL_gt50	HUOv1_HG005_Z0016-sup-PAW88001_0	329898164.0	329898164.0	0.0	0.0	0.0			1.0				HG005	giabHC_x_ultima_x_clinvar	-1	-2	ont	sentdhuo
HUOv1_HG005_Z0016-sup-PAW88001_0-ont-sentdhuo-Indel_50	Indel_50	HUOv1_HG005_Z0016-sup-PAW88001_0	329898164.0	329897047.0	1.0	1116.0	1.0	0.999104744852283	0.999104744852283	0.9999999969687513	0.0008952551477170994	0.999104744852283	0.999104744852283	HG005	giabHC_x_ultima_x_clinvar	-1	-2	ont	sentdhuo
HUOv1_HG005_Z0016-sup-PAW88001_0-ont-sentdhuo-Indel_gt50	Indel_gt50	HUOv1_HG005_Z0016-sup-PAW88001_0	329898164.0	329898134.0	1.0	29.0	0.0	0.983050847457627	0.9666666666666667	1.0	0.0	1.0	1.0	HG005	giabHC_x_ultima_x_clinvar	-1	-2	ont	sentdhuo
HUOv1_HG005_Z0016-sup-PAW88001_0-ont-sentdhuo-All	All	HUOv1_HG005_Z0016-sup-PAW88001_0	329898164.0	329497070.0	873.0	400221.0	101.0	0.9987846511674336	0.9978234528564377	0.9999996934723303	0.00025229690099469926	0.9997477030990053	0.9997477030990053	HG005	giabHC_x_ultima_x_clinvar	-1	-2	ont	sentdhuo
HUOv1_HG005_Z0016-sup-PAW88001_0-ont-sentdhuo-SNPts	SNPts	HUOv1_HG005_Z0016-sup-PAW88001_0	334484186.0	334222873.0	422.0	260891.0	132.0	0.9989393800159284	0.9983850784308473	0.9999996050541164	0.0005057025626094252	0.9994942974373906	0.9994942974373906	HG005	giabHC_x_clinvar_genes	-1	-2	ont	sentdhuo
HUOv1_HG005_Z0016-sup-PAW88001_0-ont-sentdhuo-SNPtv	SNPtv	HUOv1_HG005_Z0016-sup-PAW88001_0	334484186.0	334366416.0	337.0	117433.0	59.0	0.9983167702391377	0.9971384902776599	0.9999998235469031	0.0005021618493174004	0.9994978381506826	0.9994978381506826	HG005	giabHC_x_clinvar_genes	-1	-2	ont	sentdhuo
HUOv1_HG005_Z0016-sup-PAW88001_0-ont-sentdhuo-INS_50	INS_50	HUOv1_HG005_Z0016-sup-PAW88001_0	334484186.0	334461714.0	1430.0	21042.0	105.0	0.9648089135468488	0.9363652545389819	0.9999996860628209	0.004965243296921549	0.9950347567030785	0.9950347567030785	HG005	giabHC_x_clinvar_genes	-1	-2	ont	sentdhuo
HUOv1_HG005_Z0016-sup-PAW88001_0-ont-sentdhuo-INS_gt50	INS_gt50	HUOv1_HG005_Z0016-sup-PAW88001_0	334484186.0	334484186.0	0.0	0.0	0.0			1.0				HG005	giabHC_x_clinvar_genes	-1	-2	ont	sentdhuo
HUOv1_HG005_Z0016-sup-PAW88001_0-ont-sentdhuo-DEL_50	DEL_50	HUOv1_HG005_Z0016-sup-PAW88001_0	334484186.0	334460479.0	2135.0	21572.0	68.0	0.9514190574900213	0.9099422111612604	0.9999997966875298	0.003142329020332717	0.9968576709796673	0.9968576709796673	HG005	giabHC_x_clinvar_genes	-1	-2	ont	sentdhuo
HUOv1_HG005_Z0016-sup-PAW88001_0-ont-sentdhuo-DEL_gt50	DEL_gt50	HUOv1_HG005_Z0016-sup-PAW88001_0	334484186.0	334484186.0	0.0	0.0	0.0			1.0				HG005	giabHC_x_clinvar_genes	-1	-2	ont	sentdhuo
HUOv1_HG005_Z0016-sup-PAW88001_0-ont-sentdhuo-Indel_50	Indel_50	HUOv1_HG005_Z0016-sup-PAW88001_0	334484186.0	334482323.0	146.0	1717.0	8.0	0.9570791527313266	0.9216317767042405	0.9999999760824436	0.00463768115942029	0.9953623188405797	0.9953623188405797	HG005	giabHC_x_clinvar_genes	-1	-2	ont	sentdhuo
HUOv1_HG005_Z0016-sup-PAW88001_0-ont-sentdhuo-Indel_gt50	Indel_gt50	HUOv1_HG005_Z0016-sup-PAW88001_0	334484186.0	334484148.0	3.0	35.0	1.0	0.9459459459459458	0.9210526315789473	0.9999999970103217	0.027777777777777776	0.9722222222222222	0.9722222222222222	HG005	giabHC_x_clinvar_genes	-1	-2	ont	sentdhuo
HUOv1_HG005_Z0016-sup-PAW88001_0-ont-sentdhuo-All	All	HUOv1_HG005_Z0016-sup-PAW88001_0	334484186.0	334057023.0	4473.0	422690.0	373.0	0.9943003389686977	0.9895285874478829	0.9999988834254099	0.0008816653784424542	0.9991183346215575	0.9991183346215575	HG005	giabHC_x_clinvar_genes	-1	-2	ont	sentdhuo
HUOv1_HG005_Z0016-sup-PAW88001_0-ont-sentdhuo-SNPts	SNPts	HUOv1_HG005_Z0016-sup-PAW88001_0	2503728811.0	2501507204.0	2696.0	2218911.0	705.0	0.9992342199434705	0.9987864640325674	0.9999997181699896	0.0003176225076770036	0.999682377492323	0.999682377492323	HG005	giabHC	-1	-2	ont	sentdhuo
HUOv1_HG005_Z0016-sup-PAW88001_0-ont-sentdhuo-SNPtv	SNPtv	HUOv1_HG005_Z0016-sup-PAW88001_0	2503728811.0	2502675940.0	2257.0	1050614.0	463.0	0.9987071923830817	0.9978563375760183	0.9999998149980559	0.00044050055324205555	0.9995594994467579	0.9995594994467579	HG005	giabHC	-1	-2	ont	sentdhuo
HUOv1_HG005_Z0016-sup-PAW88001_0-ont-sentdhuo-INS_50	INS_50	HUOv1_HG005_Z0016-sup-PAW88001_0	2503728811.0	2503535268.0	11395.0	182148.0	902.0	0.9673467111709458	0.941124194623417	0.9999996397096192	0.004927615405626878	0.9950723845943731	0.9950723845943731	HG005	giabHC	-1	-2	ont	sentdhuo
HUOv1_HG005_Z0016-sup-PAW88001_0-ont-sentdhuo-INS_gt50	INS_gt50	HUOv1_HG005_Z0016-sup-PAW88001_0	2503728811.0	2503728811.0	0.0	0.0	0.0			1.0				HG005	giabHC	-1	-2	ont	sentdhuo
HUOv1_HG005_Z0016-sup-PAW88001_0-ont-sentdhuo-DEL_50	DEL_50	HUOv1_HG005_Z0016-sup-PAW88001_0	2503728811.0	2503525360.0	18009.0	185442.0	432.0	0.9526334039684068	0.9114823716767182	0.9999998274433596	0.0023241550727912457	0.9976758449272087	0.9976758449272087	HG005	giabHC	-1	-2	ont	sentdhuo
HUOv1_HG005_Z0016-sup-PAW88001_0-ont-sentdhuo-DEL_gt50	DEL_gt50	HUOv1_HG005_Z0016-sup-PAW88001_0	2503728811.0	2503728811.0	0.0	0.0	0.0			1.0				HG005	giabHC	-1	-2	ont	sentdhuo
HUOv1_HG005_Z0016-sup-PAW88001_0-ont-sentdhuo-Indel_50	Indel_50	HUOv1_HG005_Z0016-sup-PAW88001_0	2503728811.0	2503709360.0	1493.0	17958.0	85.0	0.9579132661225797	0.923243020924374	0.9999999660503737	0.004710968242531729	0.9952890317574683	0.9952890317574683	HG005	giabHC	-1	-2	ont	sentdhuo
HUOv1_HG005_Z0016-sup-PAW88001_0-ont-sentdhuo-Indel_gt50	Indel_gt50	HUOv1_HG005_Z0016-sup-PAW88001_0	2503728811.0	2503728476.0	17.0	318.0	1.0	0.9724770642201835	0.9492537313432836	0.9999999996005957	0.003134796238244514	0.9968652037617555	0.9968652037617555	HG005	giabHC	-1	-2	ont	sentdhuo
HUOv1_HG005_Z0016-sup-PAW88001_0-ont-sentdhuo-All	All	HUOv1_HG005_Z0016-sup-PAW88001_0	2503728811.0	2500037553.0	35867.0	3655391.0	2588.0	0.9947674840258928	0.990283258444682	0.9999989648166213	0.0007074944935441127	0.9992925055064559	0.9992925055064559	HG005	giabHC	-1	-2	ont	sentdhuo
HUOv1_HG005_Z0016-sup-PAW88001_0-ont-sentdhuo-SNPts	SNPts	HUOv1_HG005_Z0016-sup-PAW88001_0	3088286401.0	3085990758.0	4535.0	2291108.0	506593.0	0.8996478541406195	0.9980245186207088	0.9998358679945616	0.18107474672954688	0.8189252532704532	0.8189252532704532	HG005	hg38	-1	-2	ont	sentdhuo
HUOv1_HG005_Z0016-sup-PAW88001_0-ont-sentdhuo-SNPtv	SNPtv	HUOv1_HG005_Z0016-sup-PAW88001_0	3088286401.0	3087196878.0	3630.0	1085893.0	460469.0	0.8239304825514011	0.9966682667552681	0.9998508678430761	0.29777568253746534	0.7022243174625347	0.7022243174625347	HG005	hg38	-1	-2	ont	sentdhuo
HUOv1_HG005_Z0016-sup-PAW88001_0-ont-sentdhuo-INS_50	INS_50	HUOv1_HG005_Z0016-sup-PAW88001_0	3088286401.0	3088069907.0	14889.0	201605.0	124511.0	0.7430935662814913	0.9312267314567609	0.9999596816187238	0.38179972770425247	0.6182002722957476	0.6182002722957475	HG005	hg38	-1	-2	ont	sentdhuo
HUOv1_HG005_Z0016-sup-PAW88001_0-ont-sentdhuo-INS_gt50	INS_gt50	HUOv1_HG005_Z0016-sup-PAW88001_0	3088286401.0	3088286371.0	27.0	3.0	2681.0	0.0022107590272660276	0.1	0.9999991318817782	0.9988822652757079	0.0011177347242921076	0.0011177347242921013	HG005	hg38	-1	-2	ont	sentdhuo
HUOv1_HG005_Z0016-sup-PAW88001_0-ont-sentdhuo-DEL_50	DEL_50	HUOv1_HG005_Z0016-sup-PAW88001_0	3088286401.0	3088060077.0	21835.0	204489.0	116983.0	0.7465881459521428	0.9035232675279687	0.9999621190761646	0.36389794445550466	0.6361020555444954	0.6361020555444953	HG005	hg38	-1	-2	ont	sentdhuo
HUOv1_HG005_Z0016-sup-PAW88001_0-ont-sentdhuo-DEL_gt50	DEL_gt50	HUOv1_HG005_Z0016-sup-PAW88001_0	3088286401.0	3088286360.0	40.0	1.0	3179.0	0.0006209251785159888	0.024390243902439025	0.9999989706276048	0.9996855345911949	0.0003144654088050869	0.00031446540880503143	HG005	hg38	-1	-2	ont	sentdhuo
HUOv1_HG005_Z0016-sup-PAW88001_0-ont-sentdhuo-Indel_50	Indel_50	HUOv1_HG005_Z0016-sup-PAW88001_0	3088286401.0	3088260126.0	2273.0	24002.0	18020.0	0.7028712827796244	0.9134919124643197	0.999994165033346	0.4288229974775118	0.5711770025224883	0.5711770025224883	HG005	hg38	-1	-2	ont	sentdhuo
HUOv1_HG005_Z0016-sup-PAW88001_0-ont-sentdhuo-Indel_gt50	Indel_gt50	HUOv1_HG005_Z0016-sup-PAW88001_0	3088286401.0	3088285148.0	146.0	1107.0	1597.0	0.5595147839272175	0.8834796488427773	0.9999994828848058	0.5906065088757396	0.4093934911242604	0.4093934911242604	HG005	hg38	-1	-2	ont	sentdhuo
HUOv1_HG005_Z0016-sup-PAW88001_0-ont-sentdhuo-All	All	HUOv1_HG005_Z0016-sup-PAW88001_0	3088286401.0	3084430818.0	47375.0	3808208.0	1234033.0	0.8559863625084065	0.9877126234865129	0.9996000754911538	0.24473899601387558	0.7552610039861244	0.7552610039861244	HG005	hg38	-1	-2	ont	sentdhuo
HUOv1_HG005_Z0115-sup-PAW87816_0-ont-sentdhuo-SNPts	SNPts	HUOv1_HG005_Z0115-sup-PAW87816_0	2799325643.0	2797094824.0	1517.0	2229302.0	160624.0	0.9649102038740506	0.9993199806887068	0.9999425780008347	0.06720877550183563	0.9327912244981644	0.9327912244981644	HG005	ultima	-1	-2	ont	sentdhuo
HUOv1_HG005_Z0115-sup-PAW87816_0-ont-sentdhuo-SNPtv	SNPtv	HUOv1_HG005_Z0115-sup-PAW87816_0	2799325643.0	2798278315.0	933.0	1046395.0	92101.0	0.9574375613041123	0.9991091615998045	0.9999670876309036	0.08089707825060431	0.9191029217493957	0.9191029217493957	HG005	ultima	-1	-2	ont	sentdhuo
HUOv1_HG005_Z0115-sup-PAW87816_0-ont-sentdhuo-INS_50	INS_50	HUOv1_HG005_Z0115-sup-PAW87816_0	2799325643.0	2799164941.0	1742.0	158960.0	27571.0	0.9155811803601616	0.9891600602357158	0.999990150373766	0.14780921133752567	0.8521907886624743	0.8521907886624743	HG005	ultima	-1	-2	ont	sentdhuo
HUOv1_HG005_Z0115-sup-PAW87816_0-ont-sentdhuo-INS_gt50	INS_gt50	HUOv1_HG005_Z0115-sup-PAW87816_0	2799325643.0	2799325629.0	13.0	1.0	693.0	0.002824858757062147	0.07142857142857142	0.9999997524404374	0.9985590778097982	0.0014409221902017544	0.001440922190201729	HG005	ultima	-1	-2	ont	sentdhuo
HUOv1_HG005_Z0115-sup-PAW87816_0-ont-sentdhuo-DEL_50	DEL_50	HUOv1_HG005_Z0115-sup-PAW87816_0	2799325643.0	2799153962.0	3995.0	167686.0	35266.0	0.8952014371398141	0.9767300982636401	0.9999874013519174	0.17376522527494187	0.8262347747250581	0.8262347747250581	HG005	ultima	-1	-2	ont	sentdhuo
HUOv1_HG005_Z0115-sup-PAW87816_0-ont-sentdhuo-DEL_gt50	DEL_gt50	HUOv1_HG005_Z0115-sup-PAW87816_0	2799325643.0	2799325610.0	30.0	3.0	1387.0	0.004216444132115249	0.09090909090909091	0.9999995045237654	0.9978417266187051	0.0021582733812949284	0.002158273381294964	HG005	ultima	-1	-2	ont	sentdhuo
HUOv1_HG005_Z0115-sup-PAW87816_0-ont-sentdhuo-Indel_50	Indel_50	HUOv1_HG005_Z0115-sup-PAW87816_0	2799325643.0	2799309510.0	54.0	16079.0	2927.0	0.9151654856427331	0.9966528234054423	0.9999989543860981	0.15400399873724088	0.8459960012627591	0.8459960012627591	HG005	ultima	-1	-2	ont	sentdhuo
HUOv1_HG005_Z0115-sup-PAW87816_0-ont-sentdhuo-Indel_gt50	Indel_gt50	HUOv1_HG005_Z0115-sup-PAW87816_0	2799325643.0	2799324788.0	9.0	846.0	468.0	0.7800829875518673	0.9894736842105263	0.9999998328168551	0.3561643835616438	0.6438356164383562	0.6438356164383562	HG005	ultima	-1	-2	ont	sentdhuo
HUOv1_HG005_Z0115-sup-PAW87816_0-ont-sentdhuo-All	All	HUOv1_HG005_Z0115-sup-PAW87816_0	2799325643.0	2795698078.0	8293.0	3619272.0	321037.0	0.9564831549785316	0.9977138934795103	0.9998851806848252	0.08147508228415588	0.9185249177158441	0.9185249177158441	HG005	ultima	-1	-2	ont	sentdhuo
HUOv1_HG005_Z0115-sup-PAW87816_0-ont-sentdhuo-SNPts	SNPts	HUOv1_HG005_Z0115-sup-PAW87816_0	329898164.0	329645933.0	160.0	252071.0	58.0	0.9995677690538504	0.9993656608426402	0.999999824053677	0.0002300409710901959	0.9997699590289097	0.9997699590289097	HG005	giabHC_x_ultima_x_clinvar	-1	-2	ont	sentdhuo
HUOv1_HG005_Z0115-sup-PAW87816_0-ont-sentdhuo-SNPtv	SNPtv	HUOv1_HG005_Z0115-sup-PAW87816_0	329898164.0	329785956.0	125.0	112083.0	28.0	0.9993179356184719	0.9988859974333381	0.9999999150964524	0.00024975247745537906	0.9997502475225446	0.9997502475225446	HG005	giabHC_x_ultima_x_clinvar	-1	-2	ont	sentdhuo
HUOv1_HG005_Z0115-sup-PAW87816_0-ont-sentdhuo-INS_50	INS_50	HUOv1_HG005_Z0115-sup-PAW87816_0	329898164.0	329881114.0	208.0	16842.0	17.0	0.99336459347076	0.9878005865102639	0.9999999484662856	0.0010083634853787294	0.9989916365146213	0.9989916365146213	HG005	giabHC_x_ultima_x_clinvar	-1	-2	ont	sentdhuo
HUOv1_HG005_Z0115-sup-PAW87816_0-ont-sentdhuo-INS_gt50	INS_gt50	HUOv1_HG005_Z0115-sup-PAW87816_0	329898164.0	329898164.0	0.0	0.0	0.0			1.0				HG005	giabHC_x_ultima_x_clinvar	-1	-2	ont	sentdhuo
HUOv1_HG005_Z0115-sup-PAW87816_0-ont-sentdhuo-DEL_50	DEL_50	HUOv1_HG005_Z0115-sup-PAW87816_0	329898164.0	329879685.0	404.0	18075.0	5.0	0.988812604283487	0.9781373450944315	0.9999999848429589	0.0002765486725663717	0.9997234513274337	0.9997234513274337	HG005	giabHC_x_ultima_x_clinvar	-1	-2	ont	sentdhuo
HUOv1_HG005_Z0115-sup-PAW87816_0-ont-sentdhuo-DEL_gt50	DEL_gt50	HUOv1_HG005_Z0115-sup-PAW87816_0	329898164.0	329898164.0	0.0	0.0	0.0			1.0				HG005	giabHC_x_ultima_x_clinvar	-1	-2	ont	sentdhuo
HUOv1_HG005_Z0115-sup-PAW87816_0-ont-sentdhuo-Indel_50	Indel_50	HUOv1_HG005_Z0115-sup-PAW87816_0	329898164.0	329897058.0	5.0	1101.0	1.0	0.9972826086956522	0.9954792043399638	0.9999999969687514	0.0009074410163339383	0.9990925589836661	0.9990925589836661	HG005	giabHC_x_ultima_x_clinvar	-1	-2	ont	sentdhuo
HUOv1_HG005_Z0115-sup-PAW87816_0-ont-sentdhuo-Indel_gt50	Indel_gt50	HUOv1_HG005_Z0115-sup-PAW87816_0	329898164.0	329898134.0	1.0	29.0	0.0	0.983050847457627	0.9666666666666667	1.0	0.0	1.0	1.0	HG005	giabHC_x_ultima_x_clinvar	-1	-2	ont	sentdhuo
HUOv1_HG005_Z0115-sup-PAW87816_0-ont-sentdhuo-All	All	HUOv1_HG005_Z0115-sup-PAW87816_0	329898164.0	329497060.0	903.0	400201.0	109.0	0.9987372319425416	0.9977487135506004	0.999999669192909	0.00027228897604356626	0.9997277110239564	0.9997277110239564	HG005	giabHC_x_ultima_x_clinvar	-1	-2	ont	sentdhuo
HUOv1_HG005_Z0115-sup-PAW87816_0-ont-sentdhuo-SNPts	SNPts	HUOv1_HG005_Z0115-sup-PAW87816_0	2484521656.0	2482350835.0	1078.0	2169743.0	324.0	0.9996770246087897	0.9995034136854213	0.9999998694785793	0.00014930414590885903	0.9998506958540911	0.9998506958540911	HG005	giabHC_x_ultima	-1	-2	ont	sentdhuo
HUOv1_HG005_Z0115-sup-PAW87816_0-ont-sentdhuo-SNPtv	SNPtv	HUOv1_HG005_Z0115-sup-PAW87816_0	2484521656.0	2483502292.0	698.0	1018666.0	204.0	0.9995574600364826	0.9993152593185555	0.9999999178579444	0.00020022181436297074	0.999799778185637	0.999799778185637	HG005	giabHC_x_ultima	-1	-2	ont	sentdhuo
HUOv1_HG005_Z0115-sup-PAW87816_0-ont-sentdhuo-INS_50	INS_50	HUOv1_HG005_Z0115-sup-PAW87816_0	2484521656.0	2484371719.0	1455.0	148482.0	145.0	0.9946410149917605	0.990295924288201	0.9999999416351465	0.0009755966277997942	0.9990244033722002	0.9990244033722002	HG005	giabHC_x_ultima	-1	-2	ont	sentdhuo
HUOv1_HG005_Z0115-sup-PAW87816_0-ont-sentdhuo-INS_gt50	INS_gt50	HUOv1_HG005_Z0115-sup-PAW87816_0	2484521656.0	2484521656.0	0.0	0.0	0.0			1.0				HG005	giabHC_x_ultima	-1	-2	ont	sentdhuo
HUOv1_HG005_Z0115-sup-PAW87816_0-ont-sentdhuo-DEL_50	DEL_50	HUOv1_HG005_Z0115-sup-PAW87816_0	2484521656.0	2484362020.0	3486.0	156150.0	47.0	0.9888137085105103	0.9781628204164474	0.9999999810816625	0.0003009020659807807	0.9996990979340192	0.9996990979340192	HG005	giabHC_x_ultima	-1	-2	ont	sentdhuo
HUOv1_HG005_Z0115-sup-PAW87816_0-ont-sentdhuo-DEL_gt50	DEL_gt50	HUOv1_HG005_Z0115-sup-PAW87816_0	2484521656.0	2484521656.0	0.0	0.0	0.0			1.0				HG005	giabHC_x_ultima	-1	-2	ont	sentdhuo
HUOv1_HG005_Z0115-sup-PAW87816_0-ont-sentdhuo-Indel_50	Indel_50	HUOv1_HG005_Z0115-sup-PAW87816_0	2484521656.0	2484509063.0	36.0	12557.0	9.0	0.9982113756508605	0.9971412689589454	0.999999996377554	0.0007162183670221232	0.9992837816329779	0.9992837816329779	HG005	giabHC_x_ultima	-1	-2	ont	sentdhuo
HUOv1_HG005_Z0115-sup-PAW87816_0-ont-sentdhuo-Indel_gt50	Indel_gt50	HUOv1_HG005_Z0115-sup-PAW87816_0	2484521656.0	2484521370.0	2.0	284.0	0.0	0.9964912280701755	0.993006993006993	1.0	0.0	1.0	1.0	HG005	giabHC_x_ultima	-1	-2	ont	sentdhuo
HUOv1_HG005_Z0115-sup-PAW87816_0-ont-sentdhuo-All	All	HUOv1_HG005_Z0115-sup-PAW87816_0	2484521656.0	2481009019.0	6755.0	3505882.0	729.0	0.998933788918699	0.9980769433334558	0.9999997061680227	0.00020789303404341114	0.9997921069659566	0.9997921069659566	HG005	giabHC_x_ultima	-1	-2	ont	sentdhuo
HUOv1_HG005_Z0115-sup-PAW87816_0-ont-sentdhuo-SNPts	SNPts	HUOv1_HG005_Z0115-sup-PAW87816_0	3088286401.0	3085990793.0	4627.0	2290981.0	504912.0	0.899923617809365	0.9979844119727759	0.999836412537629	0.1805906020008634	0.8194093979991366	0.8194093979991366	HG005	hg38	-1	-2	ont	sentdhuo
HUOv1_HG005_Z0115-sup-PAW87816_0-ont-sentdhuo-SNPtv	SNPtv	HUOv1_HG005_Z0115-sup-PAW87816_0	3088286401.0	3087196891.0	3699.0	1085811.0	458973.0	0.824365845270118	0.9966048957788364	0.9998513522814018	0.29711144082279467	0.7028885591772054	0.7028885591772054	HG005	hg38	-1	-2	ont	sentdhuo
HUOv1_HG005_Z0115-sup-PAW87816_0-ont-sentdhuo-INS_50	INS_50	HUOv1_HG005_Z0115-sup-PAW87816_0	3088286401.0	3088069836.0	15094.0	201471.0	123382.0	0.7442345839997931	0.9303026804885369	0.9999600471889903	0.3798087134796354	0.6201912865203646	0.6201912865203646	HG005	hg38	-1	-2	ont	sentdhuo
HUOv1_HG005_Z0115-sup-PAW87816_0-ont-sentdhuo-INS_gt50	INS_gt50	HUOv1_HG005_Z0115-sup-PAW87816_0	3088286401.0	3088286370.0	26.0	5.0	2720.0	0.00362844702467344	0.16129032258064516	0.9999991192534375	0.998165137614679	0.0018348623853210455	0.001834862385321101	HG005	hg38	-1	-2	ont	sentdhuo
HUOv1_HG005_Z0115-sup-PAW87816_0-ont-sentdhuo-DEL_50	DEL_50	HUOv1_HG005_Z0115-sup-PAW87816_0	3088286401.0	3088059996.0	22434.0	203971.0	116097.0	0.7464998270728836	0.9009120823303373	0.9999624059650409	0.3627260457152855	0.6372739542847146	0.6372739542847145	HG005	hg38	-1	-2	ont	sentdhuo
HUOv1_HG005_Z0115-sup-PAW87816_0-ont-sentdhuo-DEL_gt50	DEL_gt50	HUOv1_HG005_Z0115-sup-PAW87816_0	3088286401.0	3088286358.0	40.0	3.0	3144.0	0.0018808777429467087	0.06976744186046512	0.9999989819607268	0.9990467111534795	0.0009532888465204614	0.0009532888465204957	HG005	hg38	-1	-2	ont	sentdhuo
HUOv1_HG005_Z0115-sup-PAW87816_0-ont-sentdhuo-Indel_50	Indel_50	HUOv1_HG005_Z0115-sup-PAW87816_0	3088286401.0	3088260280.0	2334.0	23787.0	17522.0	0.7055316624647783	0.9106466061789364	0.9999943262876194	0.42416906727347553	0.5758309327265245	0.5758309327265245	HG005	hg38	-1	-2	ont	sentdhuo
HUOv1_HG005_Z0115-sup-PAW87816_0-ont-sentdhuo-Indel_gt50	Indel_gt50	HUOv1_HG005_Z0115-sup-PAW87816_0	3088286401.0	3088285146.0	149.0	1106.0	1613.0	0.5566180171112229	0.8812749003984064	0.999999477703942	0.5932328061787422	0.4067671938212578	0.4067671938212578	HG005	hg38	-1	-2	ont	sentdhuo
HUOv1_HG005_Z0115-sup-PAW87816_0-ont-sentdhuo-All	All	HUOv1_HG005_Z0115-sup-PAW87816_0	3088286401.0	3084430863.0	48403.0	3807135.0	1228363.0	0.8563985119394409	0.9874458506179942	0.9996019122948997	0.2439407184751141	0.7560592815248859	0.7560592815248859	HG005	hg38	-1	-2	ont	sentdhuo
HUOv1_HG005_Z0115-sup-PAW87816_0-ont-sentdhuo-SNPts	SNPts	HUOv1_HG005_Z0115-sup-PAW87816_0	334484186.0	334222864.0	416.0	260906.0	156.0	0.9989050200618702	0.9984080942285762	0.9999995332457949	0.0005975592004964338	0.9994024407995036	0.9994024407995036	HG005	giabHC_x_clinvar_genes	-1	-2	ont	sentdhuo
HUOv1_HG005_Z0115-sup-PAW87816_0-ont-sentdhuo-SNPtv	SNPtv	HUOv1_HG005_Z0115-sup-PAW87816_0	334484186.0	334366415.0	355.0	117416.0	76.0	0.9981680077190208	0.9969856755907651	0.9999997727044962	0.000646852551663092	0.9993531474483369	0.9993531474483369	HG005	giabHC_x_clinvar_genes	-1	-2	ont	sentdhuo
HUOv1_HG005_Z0115-sup-PAW87816_0-ont-sentdhuo-INS_50	INS_50	HUOv1_HG005_Z0115-sup-PAW87816_0	334484186.0	334461700.0	1442.0	21044.0	114.0	0.9643479057831545	0.9358712087521124	0.9999996591539146	0.00538803289535873	0.9946119671046413	0.9946119671046413	HG005	giabHC_x_clinvar_genes	-1	-2	ont	sentdhuo
HUOv1_HG005_Z0115-sup-PAW87816_0-ont-sentdhuo-INS_gt50	INS_gt50	HUOv1_HG005_Z0115-sup-PAW87816_0	334484186.0	334484186.0	0.0	0.0	0.0			1.0				HG005	giabHC_x_clinvar_genes	-1	-2	ont	sentdhuo
HUOv1_HG005_Z0115-sup-PAW87816_0-ont-sentdhuo-DEL_50	DEL_50	HUOv1_HG005_Z0115-sup-PAW87816_0	334484186.0	334460480.0	2156.0	21550.0	66.0	0.9509730373769913	0.9090525605331984	0.9999998026673077	0.003053293856402665	0.9969467061435974	0.9969467061435974	HG005	giabHC_x_clinvar_genes	-1	-2	ont	sentdhuo
HUOv1_HG005_Z0115-sup-PAW87816_0-ont-sentdhuo-DEL_gt50	DEL_gt50	HUOv1_HG005_Z0115-sup-PAW87816_0	334484186.0	334484186.0	0.0	0.0	0.0			1.0				HG005	giabHC_x_clinvar_genes	-1	-2	ont	sentdhuo
HUOv1_HG005_Z0115-sup-PAW87816_0-ont-sentdhuo-Indel_50	Indel_50	HUOv1_HG005_Z0115-sup-PAW87816_0	334484186.0	334482333.0	173.0	1680.0	11.0	0.9480812641083523	0.9066378845116028	0.9999999671133613	0.006505026611472502	0.9934949733885275	0.9934949733885275	HG005	giabHC_x_clinvar_genes	-1	-2	ont	sentdhuo
HUOv1_HG005_Z0115-sup-PAW87816_0-ont-sentdhuo-Indel_gt50	Indel_gt50	HUOv1_HG005_Z0115-sup-PAW87816_0	334484186.0	334484149.0	2.0	35.0	1.0	0.9589041095890412	0.9459459459459459	0.9999999970103217	0.027777777777777776	0.9722222222222222	0.9722222222222222	HG005	giabHC_x_clinvar_genes	-1	-2	ont	sentdhuo
HUOv1_HG005_Z0115-sup-PAW87816_0-ont-sentdhuo-All	All	HUOv1_HG005_Z0115-sup-PAW87816_0	334484186.0	334057011.0	4544.0	422631.0	424.0	0.9941568751984757	0.9893626733774215	0.9999987307571825	0.0010022337521126095	0.9989977662478874	0.9989977662478874	HG005	giabHC_x_clinvar_genes	-1	-2	ont	sentdhuo
HUOv1_HG005_Z0115-sup-PAW87816_0-ont-sentdhuo-SNPts	SNPts	HUOv1_HG005_Z0115-sup-PAW87816_0	377862616.0	377593027.0	622.0	268967.0	40163.0	0.9295253827850821	0.9976927842011358	0.9998936454711516	0.12992268624850387	0.8700773137514961	0.8700773137514961	HG005	clinvar_genes	-1	-2	ont	sentdhuo
HUOv1_HG005_Z0115-sup-PAW87816_0-ont-sentdhuo-SNPtv	SNPtv	HUOv1_HG005_Z0115-sup-PAW87816_0	377862616.0	377740661.0	507.0	121448.0	23518.0	0.9099920950393562	0.9958427288754048	0.9999377442295819	0.16223114385442103	0.8377688561455789	0.8377688561455789	HG005	clinvar_genes	-1	-2	ont	sentdhuo
HUOv1_HG005_Z0115-sup-PAW87816_0-ont-sentdhuo-INS_50	INS_50	HUOv1_HG005_Z0115-sup-PAW87816_0	377862616.0	377837719.0	1810.0	23087.0	12857.0	0.7589290116861985	0.9273004779692332	0.9999659733216868	0.3576953038059203	0.6423046961940797	0.6423046961940797	HG005	clinvar_genes	-1	-2	ont	sentdhuo
HUOv1_HG005_Z0115-sup-PAW87816_0-ont-sentdhuo-INS_gt50	INS_gt50	HUOv1_HG005_Z0115-sup-PAW87816_0	377862616.0	377862610.0	5.0	1.0	369.0	0.0053191489361702135	0.16666666666666666	0.9999990234555368	0.9972972972972973	0.002702702702702675	0.002702702702702703	HG005	clinvar_genes	-1	-2	ont	sentdhuo
HUOv1_HG005_Z0115-sup-PAW87816_0-ont-sentdhuo-DEL_50	DEL_50	HUOv1_HG005_Z0115-sup-PAW87816_0	377862616.0	377836476.0	2557.0	23583.0	12037.0	0.7636981865284974	0.9021805661820964	0.9999681433177957	0.3379281302638967	0.6620718697361033	0.6620718697361033	HG005	clinvar_genes	-1	-2	ont	sentdhuo
HUOv1_HG005_Z0115-sup-PAW87816_0-ont-sentdhuo-DEL_gt50	DEL_gt50	HUOv1_HG005_Z0115-sup-PAW87816_0	377862616.0	377862611.0	3.0	2.0	482.0	0.0081799591002045	0.4	0.9999987244057201	0.9958677685950413	0.004132231404958664	0.004132231404958678	HG005	clinvar_genes	-1	-2	ont	sentdhuo
HUOv1_HG005_Z0115-sup-PAW87816_0-ont-sentdhuo-Indel_50	Indel_50	HUOv1_HG005_Z0115-sup-PAW87816_0	377862616.0	377860082.0	255.0	2279.0	1821.0	0.6870666264697016	0.8993685872138911	0.9999951807790477	0.44414634146341464	0.5558536585365854	0.5558536585365854	HG005	clinvar_genes	-1	-2	ont	sentdhuo
HUOv1_HG005_Z0115-sup-PAW87816_0-ont-sentdhuo-Indel_gt50	Indel_gt50	HUOv1_HG005_Z0115-sup-PAW87816_0	377862616.0	377862485.0	10.0	121.0	188.0	0.55	0.9236641221374046	0.9999995024647487	0.6084142394822006	0.39158576051779936	0.39158576051779936	HG005	clinvar_genes	-1	-2	ont	sentdhuo
HUOv1_HG005_Z0115-sup-PAW87816_0-ont-sentdhuo-All	All	HUOv1_HG005_Z0115-sup-PAW87816_0	377862616.0	377417359.0	5769.0	439488.0	91435.0	0.9004241021123154	0.9870434378347785	0.9997577937217537	0.17221894700361445	0.8277810529963856	0.8277810529963855	HG005	clinvar_genes	-1	-2	ont	sentdhuo
HUOv1_HG005_Z0115-sup-PAW87816_0-ont-sentdhuo-SNPts	SNPts	HUOv1_HG005_Z0115-sup-PAW87816_0	2503728811.0	2501507210.0	2763.0	2218838.0	780.0	0.9992022460500146	0.9987563023243148	0.9999996881880837	0.00035141181951128526	0.9996485881804887	0.9996485881804887	HG005	giabHC	-1	-2	ont	sentdhuo
HUOv1_HG005_Z0115-sup-PAW87816_0-ont-sentdhuo-SNPtv	SNPtv	HUOv1_HG005_Z0115-sup-PAW87816_0	2503728811.0	2502675931.0	2320.0	1050560.0	454.0	0.998681492508653	0.997796520021275	0.9999998185942047	0.0004319637987695692	0.9995680362012305	0.9995680362012305	HG005	giabHC	-1	-2	ont	sentdhuo
HUOv1_HG005_Z0115-sup-PAW87816_0-ont-sentdhuo-INS_50	INS_50	HUOv1_HG005_Z0115-sup-PAW87816_0	2503728811.0	2503535197.0	11646.0	181968.0	959.0	0.9665242297651517	0.9398493910564318	0.9999996169418214	0.005242528440306789	0.9947574715596932	0.9947574715596932	HG005	giabHC	-1	-2	ont	sentdhuo
HUOv1_HG005_Z0115-sup-PAW87816_0-ont-sentdhuo-INS_gt50	INS_gt50	HUOv1_HG005_Z0115-sup-PAW87816_0	2503728811.0	2503728810.0	0.0	1.0	0.0	1.0	1.0	1.0	0.0	1.0	1.0	HG005	giabHC	-1	-2	ont	sentdhuo
HUOv1_HG005_Z0115-sup-PAW87816_0-ont-sentdhuo-DEL_50	DEL_50	HUOv1_HG005_Z0115-sup-PAW87816_0	2503728811.0	2503525295.0	18577.0	184939.0	429.0	0.9511268141656638	0.9087197075414218	0.9999998286416649	0.0023143153079280133	0.997685684692072	0.997685684692072	HG005	giabHC	-1	-2	ont	sentdhuo
HUOv1_HG005_Z0115-sup-PAW87816_0-ont-sentdhuo-DEL_gt50	DEL_gt50	HUOv1_HG005_Z0115-sup-PAW87816_0	2503728811.0	2503728811.0	0.0	0.0	0.0			1.0				HG005	giabHC	-1	-2	ont	sentdhuo
HUOv1_HG005_Z0115-sup-PAW87816_0-ont-sentdhuo-Indel_50	Indel_50	HUOv1_HG005_Z0115-sup-PAW87816_0	2503728811.0	2503709488.0	1553.0	17770.0	73.0	0.9562503363289028	0.9196294571236351	0.9999999708432635	0.004091240262287732	0.9959087597377123	0.9959087597377123	HG005	giabHC	-1	-2	ont	sentdhuo
HUOv1_HG005_Z0115-sup-PAW87816_0-ont-sentdhuo-Indel_gt50	Indel_gt50	HUOv1_HG005_Z0115-sup-PAW87816_0	2503728811.0	2503728478.0	15.0	318.0	1.0	0.9754601226993864	0.954954954954955	0.9999999996005957	0.003134796238244514	0.9968652037617555	0.9968652037617555	HG005	giabHC	-1	-2	ont	sentdhuo
HUOv1_HG005_Z0115-sup-PAW87816_0-ont-sentdhuo-All	All	HUOv1_HG005_Z0115-sup-PAW87816_0	2503728811.0	2500037543.0	36874.0	3654394.0	2696.0	0.9946151235418851	0.9900104787839843	0.9999989216173573	0.0007371981548170814	0.9992628018451829	0.9992628018451829	HG005	giabHC	-1	-2	ont	sentdhuo
HUOv1_HG005_Z0115-sup-PAW88001_0-ont-sentdhuo-SNPts	SNPts	HUOv1_HG005_Z0115-sup-PAW88001_0	2484521656.0	2482350835.0	1014.0	2169807.0	314.0	0.9996940756176885	0.9995328956187544	0.9999998735070177	0.00014469239272833174	0.9998553076072717	0.9998553076072717	HG005	giabHC_x_ultima	-1	-2	ont	sentdhuo
HUOv1_HG005_Z0115-sup-PAW88001_0-ont-sentdhuo-SNPtv	SNPtv	HUOv1_HG005_Z0115-sup-PAW88001_0	2484521656.0	2483502290.0	650.0	1018716.0	209.0	0.9995785685164681	0.9993623487540295	0.9999999158446589	0.00020511813921534952	0.9997948818607847	0.9997948818607847	HG005	giabHC_x_ultima	-1	-2	ont	sentdhuo
HUOv1_HG005_Z0115-sup-PAW88001_0-ont-sentdhuo-INS_50	INS_50	HUOv1_HG005_Z0115-sup-PAW88001_0	2484521656.0	2484371749.0	1375.0	148532.0	122.0	0.9949859492699984	0.9908276464741473	0.99999995089302	0.0008206977276090788	0.9991793022723909	0.9991793022723909	HG005	giabHC_x_ultima	-1	-2	ont	sentdhuo
HUOv1_HG005_Z0115-sup-PAW88001_0-ont-sentdhuo-INS_gt50	INS_gt50	HUOv1_HG005_Z0115-sup-PAW88001_0	2484521656.0	2484521656.0	0.0	0.0	0.0			1.0				HG005	giabHC_x_ultima	-1	-2	ont	sentdhuo
HUOv1_HG005_Z0115-sup-PAW88001_0-ont-sentdhuo-DEL_50	DEL_50	HUOv1_HG005_Z0115-sup-PAW88001_0	2484521656.0	2484362034.0	3325.0	156297.0	34.0	0.9893686719227227	0.9791695380336044	0.9999999863143941	0.00021748725460721163	0.9997825127453928	0.9997825127453928	HG005	giabHC_x_ultima	-1	-2	ont	sentdhuo
HUOv1_HG005_Z0115-sup-PAW88001_0-ont-sentdhuo-DEL_gt50	DEL_gt50	HUOv1_HG005_Z0115-sup-PAW88001_0	2484521656.0	2484521656.0	0.0	0.0	0.0			1.0				HG005	giabHC_x_ultima	-1	-2	ont	sentdhuo
HUOv1_HG005_Z0115-sup-PAW88001_0-ont-sentdhuo-Indel_50	Indel_50	HUOv1_HG005_Z0115-sup-PAW88001_0	2484521656.0	2484509016.0	31.0	12609.0	9.0	0.9984163433367647	0.9975474683544304	0.9999999963775539	0.0007132667617689016	0.9992867332382311	0.9992867332382311	HG005	giabHC_x_ultima	-1	-2	ont	sentdhuo
HUOv1_HG005_Z0115-sup-PAW88001_0-ont-sentdhuo-Indel_gt50	Indel_gt50	HUOv1_HG005_Z0115-sup-PAW88001_0	2484521656.0	2484521368.0	2.0	286.0	0.0	0.9965156794425087	0.9930555555555556	1.0	0.0	1.0	1.0	HG005	giabHC_x_ultima	-1	-2	ont	sentdhuo
HUOv1_HG005_Z0115-sup-PAW88001_0-ont-sentdhuo-All	All	HUOv1_HG005_Z0115-sup-PAW88001_0	2484521656.0	2481009012.0	6397.0	3506247.0	688.0	0.9989906802103089	0.9981788646956538	0.9999997226935469	0.00019618270655144735	0.9998038172934486	0.9998038172934486	HG005	giabHC_x_ultima	-1	-2	ont	sentdhuo
HUOv1_HG005_Z0115-sup-PAW88001_0-ont-sentdhuo-SNPts	SNPts	HUOv1_HG005_Z0115-sup-PAW88001_0	2799325643.0	2797094796.0	1447.0	2229400.0	160692.0	0.9649121098547286	0.9993513674402592	0.9999425536921138	0.06723255841197745	0.9327674415880225	0.9327674415880226	HG005	ultima	-1	-2	ont	sentdhuo
HUOv1_HG005_Z0115-sup-PAW88001_0-ont-sentdhuo-SNPtv	SNPtv	HUOv1_HG005_Z0115-sup-PAW88001_0	2799325643.0	2798278304.0	921.0	1046418.0	92139.0	0.9574270688083971	0.9991206285643903	0.9999670740518896	0.0809261196409139	0.9190738803590861	0.9190738803590861	HG005	ultima	-1	-2	ont	sentdhuo
HUOv1_HG005_Z0115-sup-PAW88001_0-ont-sentdhuo-INS_50	INS_50	HUOv1_HG005_Z0115-sup-PAW88001_0	2799325643.0	2799164955.0	1677.0	159011.0	27521.0	0.9159092218190197	0.9895636264064522	0.9999901682359338	0.14754036840863766	0.8524596315913624	0.8524596315913623	HG005	ultima	-1	-2	ont	sentdhuo
HUOv1_HG005_Z0115-sup-PAW88001_0-ont-sentdhuo-INS_gt50	INS_gt50	HUOv1_HG005_Z0115-sup-PAW88001_0	2799325643.0	2799325629.0	13.0	1.0	719.0	0.002724795640326976	0.07142857142857142	0.9999997431524907	0.9986111111111111	0.001388888888888884	0.001388888888888889	HG005	ultima	-1	-2	ont	sentdhuo
HUOv1_HG005_Z0115-sup-PAW88001_0-ont-sentdhuo-DEL_50	DEL_50	HUOv1_HG005_Z0115-sup-PAW88001_0	2799325643.0	2799153988.0	3813.0	167842.0	35241.0	0.8957831871867811	0.9777868398823221	0.9999874102830795	0.17353003451790647	0.8264699654820935	0.8264699654820935	HG005	ultima	-1	-2	ont	sentdhuo
HUOv1_HG005_Z0115-sup-PAW88001_0-ont-sentdhuo-DEL_gt50	DEL_gt50	HUOv1_HG005_Z0115-sup-PAW88001_0	2799325643.0	2799325612.0	30.0	1.0	1417.0	0.0013802622498274672	0.03225806451612903	0.9999994938069096	0.9992947813822285	0.0007052186177715081	0.0007052186177715092	HG005	ultima	-1	-2	ont	sentdhuo
HUOv1_HG005_Z0115-sup-PAW88001_0-ont-sentdhuo-Indel_50	Indel_50	HUOv1_HG005_Z0115-sup-PAW88001_0	2799325643.0	2799309456.0	48.0	16139.0	2915.0	0.9159217956357651	0.9970346574411565	0.9999989586728405	0.15298624960638185	0.8470137503936181	0.8470137503936181	HG005	ultima	-1	-2	ont	sentdhuo
HUOv1_HG005_Z0115-sup-PAW88001_0-ont-sentdhuo-Indel_gt50	Indel_gt50	HUOv1_HG005_Z0115-sup-PAW88001_0	2799325643.0	2799324787.0	9.0	847.0	470.0	0.7795674183156927	0.9894859813084113	0.9999998321023973	0.3568716780561883	0.6431283219438118	0.6431283219438116	HG005	ultima	-1	-2	ont	sentdhuo
HUOv1_HG005_Z0115-sup-PAW88001_0-ont-sentdhuo-All	All	HUOv1_HG005_Z0115-sup-PAW88001_0	2799325643.0	2795698026.0	7958.0	3619659.0	321114.0	0.9565202110356363	0.9978062733745046	0.9998851531466985	0.08148502844492692	0.9185149715550731	0.9185149715550731	HG005	ultima	-1	-2	ont	sentdhuo
HUOv1_HG005_Z0115-sup-PAW88001_0-ont-sentdhuo-SNPts	SNPts	HUOv1_HG005_Z0115-sup-PAW88001_0	3088286401.0	3085990751.0	4509.0	2291141.0	506673.0	0.8996396165752816	0.9980358504127371	0.9998358420790958	0.18109602711259576	0.8189039728874042	0.8189039728874042	HG005	hg38	-1	-2	ont	sentdhuo
HUOv1_HG005_Z0115-sup-PAW88001_0-ont-sentdhuo-SNPtv	SNPtv	HUOv1_HG005_Z0115-sup-PAW88001_0	3088286401.0	3087196892.0	3649.0	1085860.0	462050.0	0.8234262360284809	0.9966507848948472	0.9998503558816957	0.298499266753235	0.701500733246765	0.701500733246765	HG005	hg38	-1	-2	ont	sentdhuo
HUOv1_HG005_Z0115-sup-PAW88001_0-ont-sentdhuo-INS_50	INS_50	HUOv1_HG005_Z0115-sup-PAW88001_0	3088286401.0	3088069900.0	14759.0	201742.0	124613.0	0.7432615647611889	0.9318294141828444	0.9999596485909565	0.381832666881157	0.618167333118843	0.618167333118843	HG005	hg38	-1	-2	ont	sentdhuo
HUOv1_HG005_Z0115-sup-PAW88001_0-ont-sentdhuo-INS_gt50	INS_gt50	HUOv1_HG005_Z0115-sup-PAW88001_0	3088286401.0	3088286370.0	26.0	5.0	2702.0	0.003652300949598247	0.16129032258064516	0.9999991250819024	0.9981529368304396	0.0018470631695604034	0.001847063169560399	HG005	hg38	-1	-2	ont	sentdhuo
HUOv1_HG005_Z0115-sup-PAW88001_0-ont-sentdhuo-DEL_50	DEL_50	HUOv1_HG005_Z0115-sup-PAW88001_0	3088286401.0	3088060071.0	22019.0	204311.0	116518.0	0.7468066869045378	0.9027128529138868	0.999962269644678	0.3631778922728307	0.6368221077271693	0.6368221077271693	HG005	hg38	-1	-2	ont	sentdhuo
HUOv1_HG005_Z0115-sup-PAW88001_0-ont-sentdhuo-DEL_gt50	DEL_gt50	HUOv1_HG005_Z0115-sup-PAW88001_0	3088286401.0	3088286360.0	39.0	2.0	3204.0	0.0012319063751154912	0.04878048780487805	0.9999989625325172	0.9993761696818465	0.0006238303181534954	0.0006238303181534623	HG005	hg38	-1	-2	ont	sentdhuo
HUOv1_HG005_Z0115-sup-PAW88001_0-ont-sentdhuo-Indel_50	Indel_50	HUOv1_HG005_Z0115-sup-PAW88001_0	3088286401.0	3088260138.0	2302.0	23961.0	17827.0	0.7042071387635743	0.9123481704298824	0.9999942275273787	0.4266057241313296	0.5733942758686704	0.5733942758686704	HG005	hg38	-1	-2	ont	sentdhuo
HUOv1_HG005_Z0115-sup-PAW88001_0-ont-sentdhuo-Indel_gt50	Indel_gt50	HUOv1_HG005_Z0115-sup-PAW88001_0	3088286401.0	3088285145.0	148.0	1108.0	1620.0	0.5562248995983935	0.8821656050955414	0.9999994754373142	0.593841642228739	0.40615835777126097	0.40615835777126097	HG005	hg38	-1	-2	ont	sentdhuo
HUOv1_HG005_Z0115-sup-PAW88001_0-ont-sentdhuo-All	All	HUOv1_HG005_Z0115-sup-PAW88001_0	3088286401.0	3084430820.0	47451.0	3808130.0	1235207.0	0.8558636004961503	0.9876929054272235	0.9995996951746586	0.2449185925905804	0.7550814074094196	0.7550814074094196	HG005	hg38	-1	-2	ont	sentdhuo
HUOv1_HG005_Z0115-sup-PAW88001_0-ont-sentdhuo-SNPts	SNPts	HUOv1_HG005_Z0115-sup-PAW88001_0	329898164.0	329645937.0	202.0	252025.0	66.0	0.9994685892631237	0.9991991341133185	0.999999799785226	0.000261810219325561	0.9997381897806744	0.9997381897806744	HG005	giabHC_x_ultima_x_clinvar	-1	-2	ont	sentdhuo
HUOv1_HG005_Z0115-sup-PAW88001_0-ont-sentdhuo-SNPtv	SNPtv	HUOv1_HG005_Z0115-sup-PAW88001_0	329898164.0	329785960.0	122.0	112082.0	25.0	0.999344659869556	0.9989126947345905	0.9999999241932612	0.00022300123988689378	0.9997769987601131	0.9997769987601131	HG005	giabHC_x_ultima_x_clinvar	-1	-2	ont	sentdhuo
HUOv1_HG005_Z0115-sup-PAW88001_0-ont-sentdhuo-INS_50	INS_50	HUOv1_HG005_Z0115-sup-PAW88001_0	329898164.0	329881115.0	189.0	16860.0	13.0	0.9940451624314605	0.9889143058243886	0.9999999605918651	0.0007704616843477746	0.9992295383156522	0.9992295383156522	HG005	giabHC_x_ultima_x_clinvar	-1	-2	ont	sentdhuo
HUOv1_HG005_Z0115-sup-PAW88001_0-ont-sentdhuo-INS_gt50	INS_gt50	HUOv1_HG005_Z0115-sup-PAW88001_0	329898164.0	329898164.0	0.0	0.0	0.0			1.0				HG005	giabHC_x_ultima_x_clinvar	-1	-2	ont	sentdhuo
HUOv1_HG005_Z0115-sup-PAW88001_0-ont-sentdhuo-DEL_50	DEL_50	HUOv1_HG005_Z0115-sup-PAW88001_0	329898164.0	329879692.0	387.0	18085.0	4.0	0.9893055441590767	0.9790493720225206	0.9999999878743674	0.00022112886284482281	0.9997788711371551	0.9997788711371551	HG005	giabHC_x_ultima_x_clinvar	-1	-2	ont	sentdhuo
HUOv1_HG005_Z0115-sup-PAW88001_0-ont-sentdhuo-DEL_gt50	DEL_gt50	HUOv1_HG005_Z0115-sup-PAW88001_0	329898164.0	329898164.0	0.0	0.0	0.0			1.0				HG005	giabHC_x_ultima_x_clinvar	-1	-2	ont	sentdhuo
HUOv1_HG005_Z0115-sup-PAW88001_0-ont-sentdhuo-Indel_50	Indel_50	HUOv1_HG005_Z0115-sup-PAW88001_0	329898164.0	329897046.0	3.0	1115.0	1.0	0.9982094897045658	0.9973166368515206	0.9999999969687513	0.0008960573476702509	0.9991039426523297	0.9991039426523297	HG005	giabHC_x_ultima_x_clinvar	-1	-2	ont	sentdhuo
HUOv1_HG005_Z0115-sup-PAW88001_0-ont-sentdhuo-Indel_gt50	Indel_gt50	HUOv1_HG005_Z0115-sup-PAW88001_0	329898164.0	329898134.0	1.0	29.0	0.0	0.983050847457627	0.9666666666666667	1.0	0.0	1.0	1.0	HG005	giabHC_x_ultima_x_clinvar	-1	-2	ont	sentdhuo
HUOv1_HG005_Z0115-sup-PAW88001_0-ont-sentdhuo-All	All	HUOv1_HG005_Z0115-sup-PAW88001_0	329898164.0	329497064.0	904.0	400196.0	109.0	0.9987359699527705	0.997746197955622	0.9999996691929129	0.00027229237706248983	0.9997277076229375	0.9997277076229375	HG005	giabHC_x_ultima_x_clinvar	-1	-2	ont	sentdhuo
HUOv1_HG005_Z0115-sup-PAW88001_0-ont-sentdhuo-SNPts	SNPts	HUOv1_HG005_Z0115-sup-PAW88001_0	334484186.0	334222871.0	423.0	260892.0	144.0	0.9989145229931597	0.9983812639917341	0.9999995691499581	0.0005516480485450283	0.999448351951455	0.999448351951455	HG005	giabHC_x_clinvar_genes	-1	-2	ont	sentdhuo
HUOv1_HG005_Z0115-sup-PAW88001_0-ont-sentdhuo-SNPtv	SNPtv	HUOv1_HG005_Z0115-sup-PAW88001_0	334484186.0	334366416.0	335.0	117435.0	62.0	0.9983125555220239	0.9971554725312048	0.9999998145747134	0.000527673046971412	0.9994723269530286	0.9994723269530286	HG005	giabHC_x_clinvar_genes	-1	-2	ont	sentdhuo
HUOv1_HG005_Z0115-sup-PAW88001_0-ont-sentdhuo-INS_50	INS_50	HUOv1_HG005_Z0115-sup-PAW88001_0	334484186.0	334461711.0	1398.0	21077.0	112.0	0.965417735434225	0.937797552836485	0.9999996651336795	0.005285761480013214	0.9947142385199867	0.9947142385199867	HG005	giabHC_x_clinvar_genes	-1	-2	ont	sentdhuo
HUOv1_HG005_Z0115-sup-PAW88001_0-ont-sentdhuo-INS_gt50	INS_gt50	HUOv1_HG005_Z0115-sup-PAW88001_0	334484186.0	334484186.0	0.0	0.0	0.0			1.0				HG005	giabHC_x_clinvar_genes	-1	-2	ont	sentdhuo
HUOv1_HG005_Z0115-sup-PAW88001_0-ont-sentdhuo-DEL_50	DEL_50	HUOv1_HG005_Z0115-sup-PAW88001_0	334484186.0	334460477.0	2139.0	21570.0	56.0	0.9515826624021175	0.9097810957864102	0.999999832566194	0.002589475631184685	0.9974105243688153	0.9974105243688153	HG005	giabHC_x_clinvar_genes	-1	-2	ont	sentdhuo
HUOv1_HG005_Z0115-sup-PAW88001_0-ont-sentdhuo-DEL_gt50	DEL_gt50	HUOv1_HG005_Z0115-sup-PAW88001_0	334484186.0	334484186.0	0.0	0.0	0.0			1.0				HG005	giabHC_x_clinvar_genes	-1	-2	ont	sentdhuo
HUOv1_HG005_Z0115-sup-PAW88001_0-ont-sentdhuo-Indel_50	Indel_50	HUOv1_HG005_Z0115-sup-PAW88001_0	334484186.0	334482323.0	159.0	1704.0	12.0	0.9522212908633697	0.9146537842190016	0.9999999641236659	0.006993006993006993	0.993006993006993	0.993006993006993	HG005	giabHC_x_clinvar_genes	-1	-2	ont	sentdhuo
HUOv1_HG005_Z0115-sup-PAW88001_0-ont-sentdhuo-Indel_gt50	Indel_gt50	HUOv1_HG005_Z0115-sup-PAW88001_0	334484186.0	334484149.0	2.0	35.0	1.0	0.9589041095890412	0.9459459459459459	0.9999999970103217	0.027777777777777776	0.9722222222222222	0.9722222222222222	HG005	giabHC_x_clinvar_genes	-1	-2	ont	sentdhuo
HUOv1_HG005_Z0115-sup-PAW88001_0-ont-sentdhuo-All	All	HUOv1_HG005_Z0115-sup-PAW88001_0	334484186.0	334057017.0	4456.0	422713.0	387.0	0.9943041555084332	0.9895685314243309	0.9999988415164718	0.0009146773812337509	0.9990853226187663	0.9990853226187663	HG005	giabHC_x_clinvar_genes	-1	-2	ont	sentdhuo
HUOv1_HG005_Z0115-sup-PAW88001_0-ont-sentdhuo-SNPts	SNPts	HUOv1_HG005_Z0115-sup-PAW88001_0	377862616.0	377593035.0	627.0	268954.0	39833.0	0.9300445391169635	0.9976741684317515	0.999894519245078	0.1289983062758471	0.8710016937241529	0.8710016937241529	HG005	clinvar_genes	-1	-2	ont	sentdhuo
HUOv1_HG005_Z0115-sup-PAW88001_0-ont-sentdhuo-SNPtv	SNPtv	HUOv1_HG005_Z0115-sup-PAW88001_0	377862616.0	377740663.0	492.0	121461.0	23546.0	0.9099565477974229	0.99596565890138	0.9999376701142166	0.16237836794085803	0.837621632059142	0.837621632059142	HG005	clinvar_genes	-1	-2	ont	sentdhuo
HUOv1_HG005_Z0115-sup-PAW88001_0-ont-sentdhuo-INS_50	INS_50	HUOv1_HG005_Z0115-sup-PAW88001_0	377862616.0	377837729.0	1767.0	23120.0	13178.0	0.755740786140394	0.9289990758227187	0.9999651238100641	0.36305030580197256	0.6369496941980275	0.6369496941980275	HG005	clinvar_genes	-1	-2	ont	sentdhuo
HUOv1_HG005_Z0115-sup-PAW88001_0-ont-sentdhuo-INS_gt50	INS_gt50	HUOv1_HG005_Z0115-sup-PAW88001_0	377862616.0	377862610.0	5.0	1.0	376.0	0.005221932114882507	0.16666666666666666	0.9999990049303215	0.9973474801061007	0.0026525198938992522	0.002652519893899204	HG005	clinvar_genes	-1	-2	ont	sentdhuo
HUOv1_HG005_Z0115-sup-PAW88001_0-ont-sentdhuo-DEL_50	DEL_50	HUOv1_HG005_Z0115-sup-PAW88001_0	377862616.0	377836479.0	2534.0	23603.0	11915.0	0.765647554942827	0.9030493170601064	0.9999684661885846	0.33546370854214763	0.6645362914578523	0.6645362914578523	HG005	clinvar_genes	-1	-2	ont	sentdhuo
HUOv1_HG005_Z0115-sup-PAW88001_0-ont-sentdhuo-DEL_gt50	DEL_gt50	HUOv1_HG005_Z0115-sup-PAW88001_0	377862616.0	377862612.0	3.0	1.0	475.0	0.004166666666666667	0.25	0.9999987429309283	0.9978991596638656	0.0021008403361344463	0.0021008403361344537	HG005	clinvar_genes	-1	-2	ont	sentdhuo
HUOv1_HG005_Z0115-sup-PAW88001_0-ont-sentdhuo-Indel_50	Indel_50	HUOv1_HG005_Z0115-sup-PAW88001_0	377862616.0	377860066.0	244.0	2306.0	1860.0	0.6867182846932697	0.9043137254901961	0.999995077567037	0.4464714354296688	0.5535285645703312	0.5535285645703313	HG005	clinvar_genes	-1	-2	ont	sentdhuo
HUOv1_HG005_Z0115-sup-PAW88001_0-ont-sentdhuo-Indel_gt50	Indel_gt50	HUOv1_HG005_Z0115-sup-PAW88001_0	377862616.0	377862484.0	10.0	122.0	191.0	0.5483146067415731	0.9242424242424242	0.999999494525359	0.610223642172524	0.389776357827476	0.38977635782747605	HG005	clinvar_genes	-1	-2	ont	sentdhuo
HUOv1_HG005_Z0115-sup-PAW88001_0-ont-sentdhuo-All	All	HUOv1_HG005_Z0115-sup-PAW88001_0	377862616.0	377417366.0	5682.0	439568.0	91374.0	0.9005769356847834	0.9872386299831555	0.9997579552727707	0.17209789393191724	0.8279021060680828	0.8279021060680828	HG005	clinvar_genes	-1	-2	ont	sentdhuo
HUOv1_HG005_Z0115-sup-PAW88001_0-ont-sentdhuo-SNPts	SNPts	HUOv1_HG005_Z0115-sup-PAW88001_0	2503728811.0	2501507205.0	2652.0	2218954.0	722.0	0.9992403094421837	0.9988062689783878	0.9999997113740907	0.00032527269745674593	0.9996747273025433	0.9996747273025433	HG005	giabHC	-1	-2	ont	sentdhuo
HUOv1_HG005_Z0115-sup-PAW88001_0-ont-sentdhuo-SNPtv	SNPtv	HUOv1_HG005_Z0115-sup-PAW88001_0	2503728811.0	2502675942.0	2216.0	1050653.0	442.0	0.9987366703993035	0.9978952747207868	0.9999998233890715	0.00042051384508536336	0.9995794861549147	0.9995794861549147	HG005	giabHC	-1	-2	ont	sentdhuo
HUOv1_HG005_Z0115-sup-PAW88001_0-ont-sentdhuo-INS_50	INS_50	HUOv1_HG005_Z0115-sup-PAW88001_0	2503728811.0	2503535266.0	11343.0	182202.0	965.0	0.9673278260315574	0.9413934743858018	0.9999996145452229	0.005268416254019556	0.9947315837459805	0.9947315837459805	HG005	giabHC	-1	-2	ont	sentdhuo
HUOv1_HG005_Z0115-sup-PAW88001_0-ont-sentdhuo-INS_gt50	INS_gt50	HUOv1_HG005_Z0115-sup-PAW88001_0	2503728811.0	2503728810.0	0.0	1.0	0.0	1.0	1.0	1.0	0.0	1.0	1.0	HG005	giabHC	-1	-2	ont	sentdhuo
HUOv1_HG005_Z0115-sup-PAW88001_0-ont-sentdhuo-DEL_50	DEL_50	HUOv1_HG005_Z0115-sup-PAW88001_0	2503728811.0	2503525341.0	18255.0	185215.0	414.0	0.9520199229502004	0.9102816139971495	0.9999998346332171	0.002230254970936653	0.9977697450290633	0.9977697450290633	HG005	giabHC	-1	-2	ont	sentdhuo
HUOv1_HG005_Z0115-sup-PAW88001_0-ont-sentdhuo-DEL_gt50	DEL_gt50	HUOv1_HG005_Z0115-sup-PAW88001_0	2503728811.0	2503728811.0	0.0	0.0	0.0			1.0				HG005	giabHC	-1	-2	ont	sentdhuo
HUOv1_HG005_Z0115-sup-PAW88001_0-ont-sentdhuo-Indel_50	Indel_50	HUOv1_HG005_Z0115-sup-PAW88001_0	2503728811.0	2503709374.0	1507.0	17930.0	83.0	0.957543391188251	0.9224674589700057	0.9999999668491886	0.004607783267640038	0.99539221673236	0.99539221673236	HG005	giabHC	-1	-2	ont	sentdhuo
HUOv1_HG005_Z0115-sup-PAW88001_0-ont-sentdhuo-Indel_gt50	Indel_gt50	HUOv1_HG005_Z0115-sup-PAW88001_0	2503728811.0	2503728479.0	14.0	318.0	1.0	0.9769585253456221	0.9578313253012049	0.9999999996005957	0.003134796238244514	0.9968652037617555	0.9968652037617555	HG005	giabHC	-1	-2	ont	sentdhuo
HUOv1_HG005_Z0115-sup-PAW88001_0-ont-sentdhuo-All	All	HUOv1_HG005_Z0115-sup-PAW88001_0	2503728811.0	2500037551.0	35987.0	3655273.0	2627.0	0.9947457940771463	0.9902507544849184	0.9999989492168874	0.0007181716285300308	0.99928182837147	0.99928182837147	HG005	giabHC	-1	-2	ont	sentdhuo
HUOv1_HG006_Z0116-sup-PAY77227_0-ont-sentdhuo-SNPts	SNPts	HUOv1_HG006_Z0116-sup-PAY77227_0	2518942743.0	2516724658.0	3270.0	2214815.0	815.0	0.9990786507477363	0.9985257553249762	0.9999996761665073	0.0003678412009225367	0.9996321587990774	0.9996321587990774	HG006	giabHC	-1	-2	ont	sentdhuo
HUOv1_HG006_Z0116-sup-PAY77227_0-ont-sentdhuo-SNPtv	SNPtv	HUOv1_HG006_Z0116-sup-PAY77227_0	2518942743.0	2517892157.0	3079.0	1047507.0	433.0	0.9983264443709537	0.9970692546826248	0.9999998280307898	0.0004131915949386415	0.9995868084050613	0.9995868084050613	HG006	giabHC	-1	-2	ont	sentdhuo
HUOv1_HG006_Z0116-sup-PAY77227_0-ont-sentdhuo-INS_50	INS_50	HUOv1_HG006_Z0116-sup-PAY77227_0	2518942743.0	2518740103.0	21353.0	181287.0	2768.0	0.9376226742005973	0.8946259376233715	0.9999989010390732	0.015038982912716308	0.9849610170872837	0.9849610170872837	HG006	giabHC	-1	-2	ont	sentdhuo
HUOv1_HG006_Z0116-sup-PAY77227_0-ont-sentdhuo-INS_gt50	INS_gt50	HUOv1_HG006_Z0116-sup-PAY77227_0	2518942743.0	2518942733.0	2.0	8.0	2.0	0.8000000000000002	0.8	0.9999999992060161	0.2	0.8	0.8	HG006	giabHC	-1	-2	ont	sentdhuo
HUOv1_HG006_Z0116-sup-PAY77227_0-ont-sentdhuo-DEL_50	DEL_50	HUOv1_HG006_Z0116-sup-PAY77227_0	2518942743.0	2518738092.0	30915.0	173736.0	1000.0	0.9158774549470593	0.8489379480188223	0.9999996029759481	0.005722919146598297	0.9942770808534017	0.9942770808534017	HG006	giabHC	-1	-2	ont	sentdhuo
HUOv1_HG006_Z0116-sup-PAY77227_0-ont-sentdhuo-DEL_gt50	DEL_gt50	HUOv1_HG006_Z0116-sup-PAY77227_0	2518942743.0	2518942742.0	0.0	1.0	0.0	1.0	1.0	1.0	0.0	1.0	1.0	HG006	giabHC	-1	-2	ont	sentdhuo
HUOv1_HG006_Z0116-sup-PAY77227_0-ont-sentdhuo-Indel_50	Indel_50	HUOv1_HG006_Z0116-sup-PAY77227_0	2518942743.0	2518922154.0	3893.0	16696.0	301.0	0.8884158995370617	0.8109184516003691	0.9999998805044596	0.017709007471906808	0.9822909925280932	0.9822909925280932	HG006	giabHC	-1	-2	ont	sentdhuo
HUOv1_HG006_Z0116-sup-PAY77227_0-ont-sentdhuo-Indel_gt50	Indel_gt50	HUOv1_HG006_Z0116-sup-PAY77227_0	2518942743.0	2518942395.0	15.0	333.0	0.0	0.9779735682819383	0.9568965517241379	1.0	0.0	1.0	1.0	HG006	giabHC	-1	-2	ont	sentdhuo
HUOv1_HG006_Z0116-sup-PAY77227_0-ont-sentdhuo-All	All	HUOv1_HG006_Z0116-sup-PAY77227_0	2518942743.0	2515245833.0	62527.0	3634383.0	5319.0	0.9907524072419259	0.983086685907961	0.9999978853006406	0.0014613833769907536	0.9985386166230092	0.9985386166230092	HG006	giabHC	-1	-2	ont	sentdhuo
HUOv1_HG006_Z0116-sup-PAY77227_0-ont-sentdhuo-SNPts	SNPts	HUOv1_HG006_Z0116-sup-PAY77227_0	336562667.0	336302189.0	521.0	259957.0	172.0	0.998668861540471	0.9979998310797841	0.9999994885554788	0.0006612103994556547	0.9993387896005443	0.9993387896005443	HG006	giabHC_x_clinvar_genes	-1	-2	ont	sentdhuo
HUOv1_HG006_Z0116-sup-PAY77227_0-ont-sentdhuo-SNPtv	SNPtv	HUOv1_HG006_Z0116-sup-PAY77227_0	336562667.0	336444933.0	436.0	117298.0	95.0	0.9977416460040744	0.9962967367115702	0.9999997176358927	0.0008092475701276907	0.9991907524298723	0.9991907524298723	HG006	giabHC_x_clinvar_genes	-1	-2	ont	sentdhuo
HUOv1_HG006_Z0116-sup-PAY77227_0-ont-sentdhuo-INS_50	INS_50	HUOv1_HG006_Z0116-sup-PAY77227_0	336562667.0	336539235.0	2546.0	20886.0	317.0	0.9358575109219222	0.8913451689996585	0.999999058060195	0.014950714521529972	0.98504928547847	0.98504928547847	HG006	giabHC_x_clinvar_genes	-1	-2	ont	sentdhuo
HUOv1_HG006_Z0116-sup-PAY77227_0-ont-sentdhuo-INS_gt50	INS_gt50	HUOv1_HG006_Z0116-sup-PAY77227_0	336562667.0	336562664.0	0.0	3.0	1.0	0.8571428571428571	1.0	0.9999999970287852	0.25	0.75	0.75	HG006	giabHC_x_clinvar_genes	-1	-2	ont	sentdhuo
HUOv1_HG006_Z0116-sup-PAY77227_0-ont-sentdhuo-DEL_50	DEL_50	HUOv1_HG006_Z0116-sup-PAY77227_0	336562667.0	336538934.0	3605.0	20128.0	124.0	0.9152210981016254	0.8481017991825728	0.9999996315435101	0.00612285206399368	0.9938771479360063	0.9938771479360063	HG006	giabHC_x_clinvar_genes	-1	-2	ont	sentdhuo
HUOv1_HG006_Z0116-sup-PAY77227_0-ont-sentdhuo-DEL_gt50	DEL_gt50	HUOv1_HG006_Z0116-sup-PAY77227_0	336562667.0	336562667.0	0.0	0.0	0.0			1.0				HG006	giabHC_x_clinvar_genes	-1	-2	ont	sentdhuo
HUOv1_HG006_Z0116-sup-PAY77227_0-ont-sentdhuo-Indel_50	Indel_50	HUOv1_HG006_Z0116-sup-PAY77227_0	336562667.0	336560779.0	382.0	1506.0	30.0	0.8796728971962616	0.7976694915254238	0.999999910863062	0.01953125	0.98046875	0.98046875	HG006	giabHC_x_clinvar_genes	-1	-2	ont	sentdhuo
HUOv1_HG006_Z0116-sup-PAY77227_0-ont-sentdhuo-Indel_gt50	Indel_gt50	HUOv1_HG006_Z0116-sup-PAY77227_0	336562667.0	336562638.0	2.0	27.0	0.0	0.9642857142857143	0.9310344827586207	1.0	0.0	1.0	1.0	HG006	giabHC_x_clinvar_genes	-1	-2	ont	sentdhuo
HUOv1_HG006_Z0116-sup-PAY77227_0-ont-sentdhuo-All	All	HUOv1_HG006_Z0116-sup-PAY77227_0	336562667.0	336135370.0	7492.0	419805.0	739.0	0.9902918117901823	0.9824665279653262	0.9999978014858261	0.0017572477552883884	0.9982427522447116	0.9982427522447116	HG006	giabHC_x_clinvar_genes	-1	-2	ont	sentdhuo
HUOv1_HG006_Z0116-sup-PAY77227_0-ont-sentdhuo-SNPts	SNPts	HUOv1_HG006_Z0116-sup-PAY77227_0	331588110.0	331336498.0	200.0	251412.0	74.0	0.9994553744996004	0.999205125351732	0.9999997766621428	0.00029425097222111765	0.9997057490277789	0.9997057490277789	HG006	giabHC_x_ultima_x_clinvar	-1	-2	ont	sentdhuo
HUOv1_HG006_Z0116-sup-PAY77227_0-ont-sentdhuo-SNPtv	SNPtv	HUOv1_HG006_Z0116-sup-PAY77227_0	331588110.0	331475838.0	120.0	112152.0	38.0	0.9992960946619026	0.9989311671654553	0.9999998853611899	0.0003387111150726446	0.9996612888849273	0.9996612888849273	HG006	giabHC_x_ultima_x_clinvar	-1	-2	ont	sentdhuo
HUOv1_HG006_Z0116-sup-PAY77227_0-ont-sentdhuo-INS_50	INS_50	HUOv1_HG006_Z0116-sup-PAY77227_0	331588110.0	331571549.0	218.0	16343.0	21.0	0.9927410782080485	0.9868365436869754	0.9999999366652575	0.0012833048154485456	0.9987166951845514	0.9987166951845514	HG006	giabHC_x_ultima_x_clinvar	-1	-2	ont	sentdhuo
HUOv1_HG006_Z0116-sup-PAY77227_0-ont-sentdhuo-INS_gt50	INS_gt50	HUOv1_HG006_Z0116-sup-PAY77227_0	331588110.0	331588109.0	0.0	1.0	0.0	1.0	1.0	1.0	0.0	1.0	1.0	HG006	giabHC_x_ultima_x_clinvar	-1	-2	ont	sentdhuo
HUOv1_HG006_Z0116-sup-PAY77227_0-ont-sentdhuo-DEL_50	DEL_50	HUOv1_HG006_Z0116-sup-PAY77227_0	331588110.0	331570486.0	499.0	17125.0	10.0	0.985356310595817	0.9716863368134362	0.9999999698405011	0.0005836008170411438	0.9994163991829589	0.9994163991829589	HG006	giabHC_x_ultima_x_clinvar	-1	-2	ont	sentdhuo
HUOv1_HG006_Z0116-sup-PAY77227_0-ont-sentdhuo-DEL_gt50	DEL_gt50	HUOv1_HG006_Z0116-sup-PAY77227_0	331588110.0	331588110.0	0.0	0.0	0.0			1.0				HG006	giabHC_x_ultima_x_clinvar	-1	-2	ont	sentdhuo
HUOv1_HG006_Z0116-sup-PAY77227_0-ont-sentdhuo-Indel_50	Indel_50	HUOv1_HG006_Z0116-sup-PAY77227_0	331588110.0	331587088.0	2.0	1020.0	0.0	0.999020568070519	0.9980430528375733	1.0	0.0	1.0	1.0	HG006	giabHC_x_ultima_x_clinvar	-1	-2	ont	sentdhuo
HUOv1_HG006_Z0116-sup-PAY77227_0-ont-sentdhuo-Indel_gt50	Indel_gt50	HUOv1_HG006_Z0116-sup-PAY77227_0	331588110.0	331588089.0	0.0	21.0	0.0	1.0	1.0	1.0	0.0	1.0	1.0	HG006	giabHC_x_ultima_x_clinvar	-1	-2	ont	sentdhuo
HUOv1_HG006_Z0116-sup-PAY77227_0-ont-sentdhuo-All	All	HUOv1_HG006_Z0116-sup-PAY77227_0	331588110.0	331188997.0	1039.0	398074.0	143.0	0.9985175523309044	0.9973967272426606	0.9999995682225571	0.00035910069133161067	0.9996408993086684	0.9996408993086684	HG006	giabHC_x_ultima_x_clinvar	-1	-2	ont	sentdhuo
HUOv1_HG006_Z0116-sup-PAY77227_0-ont-sentdhuo-SNPts	SNPts	HUOv1_HG006_Z0116-sup-PAY77227_0	377862616.0	377594726.0	770.0	267120.0	40564.0	0.9281864712443579	0.997125685915861	0.9998925841914827	0.13183655958710885	0.8681634404128912	0.8681634404128912	HG006	clinvar_genes	-1	-2	ont	sentdhuo
HUOv1_HG006_Z0116-sup-PAY77227_0-ont-sentdhuo-SNPtv	SNPtv	HUOv1_HG006_Z0116-sup-PAY77227_0	377862616.0	377741187.0	572.0	120857.0	23708.0	0.9087197455581705	0.9952894283902527	0.9999372413892509	0.16399543457960086	0.8360045654203991	0.8360045654203991	HG006	clinvar_genes	-1	-2	ont	sentdhuo
HUOv1_HG006_Z0116-sup-PAY77227_0-ont-sentdhuo-INS_50	INS_50	HUOv1_HG006_Z0116-sup-PAY77227_0	377862616.0	377837093.0	2890.0	22633.0	13401.0	0.735350975518625	0.8867687967715394	0.9999645335914262	0.37189876228006885	0.6281012377199311	0.6281012377199312	HG006	clinvar_genes	-1	-2	ont	sentdhuo
HUOv1_HG006_Z0116-sup-PAY77227_0-ont-sentdhuo-INS_gt50	INS_gt50	HUOv1_HG006_Z0116-sup-PAY77227_0	377862616.0	377862607.0	4.0	5.0	340.0	0.028248587570621472	0.5555555555555556	0.9999991002028574	0.9855072463768116	0.01449275362318836	0.014492753623188406	HG006	clinvar_genes	-1	-2	ont	sentdhuo
HUOv1_HG006_Z0116-sup-PAY77227_0-ont-sentdhuo-DEL_50	DEL_50	HUOv1_HG006_Z0116-sup-PAY77227_0	377862616.0	377837016.0	3982.0	21618.0	13482.0	0.7122899505766063	0.844453125	0.9999643192213021	0.3841025641025641	0.6158974358974358	0.615897435897436	HG006	clinvar_genes	-1	-2	ont	sentdhuo
HUOv1_HG006_Z0116-sup-PAY77227_0-ont-sentdhuo-DEL_gt50	DEL_gt50	HUOv1_HG006_Z0116-sup-PAY77227_0	377862616.0	377862610.0	4.0	2.0	457.0	0.008602150537634409	0.3333333333333333	0.999998790567166	0.9956427015250545	0.004357298474945481	0.004357298474945534	HG006	clinvar_genes	-1	-2	ont	sentdhuo
HUOv1_HG006_Z0116-sup-PAY77227_0-ont-sentdhuo-Indel_50	Indel_50	HUOv1_HG006_Z0116-sup-PAY77227_0	377862616.0	377860192.0	468.0	1956.0	2098.0	0.6038900895338067	0.806930693069307	0.9999944477126839	0.517513566847558	0.482486433152442	0.48248643315244205	HG006	clinvar_genes	-1	-2	ont	sentdhuo
HUOv1_HG006_Z0116-sup-PAY77227_0-ont-sentdhuo-Indel_gt50	Indel_gt50	HUOv1_HG006_Z0116-sup-PAY77227_0	377862616.0	377862510.0	11.0	95.0	203.0	0.47029702970297027	0.8962264150943396	0.9999994627678439	0.6812080536912751	0.31879194630872487	0.3187919463087248	HG006	clinvar_genes	-1	-2	ont	sentdhuo
HUOv1_HG006_Z0116-sup-PAY77227_0-ont-sentdhuo-All	All	HUOv1_HG006_Z0116-sup-PAY77227_0	377862616.0	377419629.0	8701.0	434286.0	94253.0	0.8940285694875896	0.9803583400867294	0.9997503323599634	0.178327427115123	0.821672572884877	0.8216725728848769	HG006	clinvar_genes	-1	-2	ont	sentdhuo
HUOv1_HG006_Z0116-sup-PAY77227_0-ont-sentdhuo-SNPts	SNPts	HUOv1_HG006_Z0116-sup-PAY77227_0	2497573920.0	2495406085.0	1266.0	2166569.0	341.0	0.9996292746170766	0.9994160072145712	0.9999998633489132	0.00015736694186652885	0.9998426330581335	0.9998426330581335	HG006	giabHC_x_ultima	-1	-2	ont	sentdhuo
HUOv1_HG006_Z0116-sup-PAY77227_0-ont-sentdhuo-SNPtv	SNPtv	HUOv1_HG006_Z0116-sup-PAY77227_0	2497573920.0	2496557118.0	895.0	1015907.0	163.0	0.9994795540496402	0.9991197893001784	0.9999999347100901	0.0001604220181680396	0.999839577981832	0.999839577981832	HG006	giabHC_x_ultima	-1	-2	ont	sentdhuo
HUOv1_HG006_Z0116-sup-PAY77227_0-ont-sentdhuo-INS_50	INS_50	HUOv1_HG006_Z0116-sup-PAY77227_0	2497573920.0	2497428295.0	1636.0	143989.0	183.0	0.9937231924416057	0.9887656652360515	0.9999999267246283	0.00126931720445024	0.9987306827955498	0.9987306827955498	HG006	giabHC_x_ultima	-1	-2	ont	sentdhuo
HUOv1_HG006_Z0116-sup-PAY77227_0-ont-sentdhuo-INS_gt50	INS_gt50	HUOv1_HG006_Z0116-sup-PAY77227_0	2497573920.0	2497573916.0	0.0	4.0	0.0	1.0	1.0	1.0	0.0	1.0	1.0	HG006	giabHC_x_ultima	-1	-2	ont	sentdhuo
HUOv1_HG006_Z0116-sup-PAY77227_0-ont-sentdhuo-DEL_50	DEL_50	HUOv1_HG006_Z0116-sup-PAY77227_0	2497573920.0	2497422506.0	3902.0	147512.0	71.0	0.9867122412599458	0.9742295956780747	0.9999999715706902	0.00048108521984239377	0.9995189147801576	0.9995189147801576	HG006	giabHC_x_ultima	-1	-2	ont	sentdhuo
HUOv1_HG006_Z0116-sup-PAY77227_0-ont-sentdhuo-DEL_gt50	DEL_gt50	HUOv1_HG006_Z0116-sup-PAY77227_0	2497573920.0	2497573919.0	0.0	1.0	0.0	1.0	1.0	1.0	0.0	1.0	1.0	HG006	giabHC_x_ultima	-1	-2	ont	sentdhuo
HUOv1_HG006_Z0116-sup-PAY77227_0-ont-sentdhuo-Indel_50	Indel_50	HUOv1_HG006_Z0116-sup-PAY77227_0	2497573920.0	2497562182.0	51.0	11687.0	3.0	0.9976950657333106	0.9956551371613562	0.9999999987988287	0.00025662959794696324	0.9997433704020531	0.9997433704020531	HG006	giabHC_x_ultima	-1	-2	ont	sentdhuo
HUOv1_HG006_Z0116-sup-PAY77227_0-ont-sentdhuo-Indel_gt50	Indel_gt50	HUOv1_HG006_Z0116-sup-PAY77227_0	2497573920.0	2497573638.0	0.0	282.0	0.0	1.0	1.0	1.0	0.0	1.0	1.0	HG006	giabHC_x_ultima	-1	-2	ont	sentdhuo
HUOv1_HG006_Z0116-sup-PAY77227_0-ont-sentdhuo-All	All	HUOv1_HG006_Z0116-sup-PAY77227_0	2497573920.0	2494080219.0	7750.0	3485951.0	761.0	0.9987807311687718	0.9977817220191425	0.9999996948775898	0.00021825720047999377	0.99978174279952	0.99978174279952	HG006	giabHC_x_ultima	-1	-2	ont	sentdhuo
HUOv1_HG006_Z0116-sup-PAY77227_0-ont-sentdhuo-SNPts	SNPts	HUOv1_HG006_Z0116-sup-PAY77227_0	3088286401.0	3086002098.0	5122.0	2279181.0	492625.0	0.9015553264377806	0.9977577405449277	0.9998403933768851	0.1777270847959778	0.8222729152040222	0.8222729152040222	HG006	hg38	-1	-2	ont	sentdhuo
HUOv1_HG006_Z0116-sup-PAY77227_0-ont-sentdhuo-SNPtv	SNPtv	HUOv1_HG006_Z0116-sup-PAY77227_0	3088286401.0	3087203278.0	4370.0	1078753.0	442115.0	0.8285381938724059	0.99596537050732	0.999856811601163	0.2906991270774321	0.7093008729225678	0.7093008729225679	HG006	hg38	-1	-2	ont	sentdhuo
HUOv1_HG006_Z0116-sup-PAY77227_0-ont-sentdhuo-INS_50	INS_50	HUOv1_HG006_Z0116-sup-PAY77227_0	3088286401.0	3088065081.0	24336.0	196984.0	126704.0	0.7228664533364648	0.8900415687692029	0.9999589714600579	0.3914386693359037	0.6085613306640962	0.6085613306640963	HG006	hg38	-1	-2	ont	sentdhuo
HUOv1_HG006_Z0116-sup-PAY77227_0-ont-sentdhuo-INS_gt50	INS_gt50	HUOv1_HG006_Z0116-sup-PAY77227_0	3088286401.0	3088286359.0	24.0	18.0	2577.0	0.013651877133105802	0.42857142857142855	0.9999991655573512	0.9930635838150289	0.006936416184971095	0.006936416184971098	HG006	hg38	-1	-2	ont	sentdhuo
HUOv1_HG006_Z0116-sup-PAY77227_0-ont-sentdhuo-DEL_50	DEL_50	HUOv1_HG006_Z0116-sup-PAY77227_0	3088286401.0	3088064073.0	34306.0	188022.0	127614.0	0.6990133168762223	0.8456964484905185	0.9999586767879283	0.4043074934418127	0.5956925065581873	0.5956925065581873	HG006	hg38	-1	-2	ont	sentdhuo
HUOv1_HG006_Z0116-sup-PAY77227_0-ont-sentdhuo-DEL_gt50	DEL_gt50	HUOv1_HG006_Z0116-sup-PAY77227_0	3088286401.0	3088286362.0	33.0	6.0	3115.0	0.0037974683544303796	0.15384615384615385	0.99999899135103	0.9980775392502403	0.001922460749759658	0.0019224607497596924	HG006	hg38	-1	-2	ont	sentdhuo
HUOv1_HG006_Z0116-sup-PAY77227_0-ont-sentdhuo-Indel_50	Indel_50	HUOv1_HG006_Z0116-sup-PAY77227_0	3088286401.0	3088260610.0	4648.0	21143.0	20082.0	0.6309836456965501	0.8197820945290993	0.9999934973527335	0.48713159490600366	0.5128684050939963	0.5128684050939963	HG006	hg38	-1	-2	ont	sentdhuo
HUOv1_HG006_Z0116-sup-PAY77227_0-ont-sentdhuo-Indel_gt50	Indel_gt50	HUOv1_HG006_Z0116-sup-PAY77227_0	3088286401.0	3088285317.0	150.0	934.0	1705.0	0.5017459038409884	0.8616236162361623	0.9999994479140093	0.6460780598711633	0.3539219401288367	0.35392194012883665	HG006	hg38	-1	-2	ont	sentdhuo
HUOv1_HG006_Z0116-sup-PAY77227_0-ont-sentdhuo-All	All	HUOv1_HG006_Z0116-sup-PAY77227_0	3088286401.0	3084448371.0	72989.0	3765041.0	1216537.0	0.8537887398170078	0.9809826916412847	0.9996057455892745	0.24420715684869332	0.7557928431513067	0.7557928431513067	HG006	hg38	-1	-2	ont	sentdhuo
HUOv1_HG006_Z0116-sup-PAY77227_0-ont-sentdhuo-SNPts	SNPts	HUOv1_HG006_Z0116-sup-PAY77227_0	2799325643.0	2797104447.0	1804.0	2219392.0	163170.0	0.964165362297497	0.9991878249375562	0.9999416680767301	0.06848510133209545	0.9315148986679045	0.9315148986679046	HG006	ultima	-1	-2	ont	sentdhuo
HUOv1_HG006_Z0116-sup-PAY77227_0-ont-sentdhuo-SNPtv	SNPtv	HUOv1_HG006_Z0116-sup-PAY77227_0	2799325643.0	2798283997.0	1177.0	1040469.0	94496.0	0.9560449708285035	0.9988700575819425	0.9999662318731235	0.08325895512196411	0.9167410448780359	0.9167410448780359	HG006	ultima	-1	-2	ont	sentdhuo
HUOv1_HG006_Z0116-sup-PAY77227_0-ont-sentdhuo-INS_50	INS_50	HUOv1_HG006_Z0116-sup-PAY77227_0	2799325643.0	2799170510.0	1917.0	153216.0	33741.0	0.8957642725598527	0.9876428612867668	0.9999879462172194	0.18047465459972079	0.8195253454002792	0.8195253454002792	HG006	ultima	-1	-2	ont	sentdhuo
HUOv1_HG006_Z0116-sup-PAY77227_0-ont-sentdhuo-INS_gt50	INS_gt50	HUOv1_HG006_Z0116-sup-PAY77227_0	2799325643.0	2799325622.0	11.0	10.0	686.0	0.02789400278940028	0.47619047619047616	0.9999997549410378	0.985632183908046	0.014367816091954033	0.014367816091954023	HG006	ultima	-1	-2	ont	sentdhuo
HUOv1_HG006_Z0116-sup-PAY77227_0-ont-sentdhuo-DEL_50	DEL_50	HUOv1_HG006_Z0116-sup-PAY77227_0	2799325643.0	2799164511.0	4339.0	156793.0	46106.0	0.8614266367424751	0.9730717672467294	0.9999835289278627	0.22723621111981823	0.7727637888801817	0.7727637888801817	HG006	ultima	-1	-2	ont	sentdhuo
HUOv1_HG006_Z0116-sup-PAY77227_0-ont-sentdhuo-DEL_gt50	DEL_gt50	HUOv1_HG006_Z0116-sup-PAY77227_0	2799325643.0	2799325618.0	23.0	2.0	1393.0	0.002816901408450704	0.08	0.9999995023803955	0.9985663082437276	0.0014336917562723928	0.0014336917562724014	HG006	ultima	-1	-2	ont	sentdhuo
HUOv1_HG006_Z0116-sup-PAY77227_0-ont-sentdhuo-Indel_50	Indel_50	HUOv1_HG006_Z0116-sup-PAY77227_0	2799325643.0	2799310944.0	63.0	14636.0	4903.0	0.8549564811028681	0.9957139941492619	0.9999982485006095	0.25093402937714315	0.7490659706228568	0.7490659706228568	HG006	ultima	-1	-2	ont	sentdhuo
HUOv1_HG006_Z0116-sup-PAY77227_0-ont-sentdhuo-Indel_gt50	Indel_gt50	HUOv1_HG006_Z0116-sup-PAY77227_0	2799325643.0	2799324882.0	9.0	752.0	595.0	0.7134724857685011	0.988173455978975	0.9999997874487961	0.4417223459539718	0.5582776540460281	0.5582776540460282	HG006	ultima	-1	-2	ont	sentdhuo
HUOv1_HG006_Z0116-sup-PAY77227_0-ont-sentdhuo-All	All	HUOv1_HG006_Z0116-sup-PAY77227_0	2799325643.0	2795731030.0	9343.0	3585270.0	345090.0	0.9528991001030835	0.9974008328573897	0.9998765806132631	0.08780111745488962	0.9121988825451104	0.9121988825451104	HG006	ultima	-1	-2	ont	sentdhuo
HUOv1_HG006_Z0116-sup-PBA16846_0-ont-sentdhuo-SNPts	SNPts	HUOv1_HG006_Z0116-sup-PBA16846_0	2497573920.0	2495406087.0	1241.0	2166592.0	296.0	0.9996454212393371	0.9994275389294286	0.9999998813820459	0.00013660143025389407	0.9998633985697462	0.9998633985697462	HG006	giabHC_x_ultima	-1	-2	ont	sentdhuo
HUOv1_HG006_Z0116-sup-PBA16846_0-ont-sentdhuo-SNPtv	SNPtv	HUOv1_HG006_Z0116-sup-PBA16846_0	2497573920.0	2496557115.0	835.0	1015970.0	141.0	0.9995199014617427	0.9991788002616038	0.9999999435222245	0.0001387643672787717	0.9998612356327212	0.9998612356327212	HG006	giabHC_x_ultima	-1	-2	ont	sentdhuo
HUOv1_HG006_Z0116-sup-PBA16846_0-ont-sentdhuo-INS_50	INS_50	HUOv1_HG006_Z0116-sup-PBA16846_0	2497573920.0	2497428335.0	1542.0	144043.0	188.0	0.9940306953377315	0.989408249476251	0.9999999247225704	0.0013034645811233368	0.9986965354188767	0.9986965354188767	HG006	giabHC_x_ultima	-1	-2	ont	sentdhuo
HUOv1_HG006_Z0116-sup-PBA16846_0-ont-sentdhuo-INS_gt50	INS_gt50	HUOv1_HG006_Z0116-sup-PBA16846_0	2497573920.0	2497573916.0	0.0	4.0	0.0	1.0	1.0	1.0	0.0	1.0	1.0	HG006	giabHC_x_ultima	-1	-2	ont	sentdhuo
HUOv1_HG006_Z0116-sup-PBA16846_0-ont-sentdhuo-DEL_50	DEL_50	HUOv1_HG006_Z0116-sup-PBA16846_0	2497573920.0	2497422492.0	3533.0	147895.0	68.0	0.9879722503348464	0.9766687798821883	0.9999999727719285	0.0004595743530477214	0.9995404256469522	0.9995404256469522	HG006	giabHC_x_ultima	-1	-2	ont	sentdhuo
HUOv1_HG006_Z0116-sup-PBA16846_0-ont-sentdhuo-DEL_gt50	DEL_gt50	HUOv1_HG006_Z0116-sup-PBA16846_0	2497573920.0	2497573919.0	0.0	1.0	0.0	1.0	1.0	1.0	0.0	1.0	1.0	HG006	giabHC_x_ultima	-1	-2	ont	sentdhuo
HUOv1_HG006_Z0116-sup-PBA16846_0-ont-sentdhuo-Indel_50	Indel_50	HUOv1_HG006_Z0116-sup-PBA16846_0	2497573920.0	2497562161.0	45.0	11714.0	4.0	0.9979128508753249	0.9961731439748278	0.9999999983984382	0.0003413551800648575	0.9996586448199352	0.9996586448199352	HG006	giabHC_x_ultima	-1	-2	ont	sentdhuo
HUOv1_HG006_Z0116-sup-PBA16846_0-ont-sentdhuo-Indel_gt50	Indel_gt50	HUOv1_HG006_Z0116-sup-PBA16846_0	2497573920.0	2497573638.0	0.0	282.0	0.0	1.0	1.0	1.0	0.0	1.0	1.0	HG006	giabHC_x_ultima	-1	-2	ont	sentdhuo
HUOv1_HG006_Z0116-sup-PBA16846_0-ont-sentdhuo-All	All	HUOv1_HG006_Z0116-sup-PBA16846_0	2497573920.0	2494080223.0	7196.0	3486501.0	697.0	0.9988693426845697	0.9979402907578991	0.9999997205383376	0.00019987393890453023	0.9998001260610955	0.9998001260610955	HG006	giabHC_x_ultima	-1	-2	ont	sentdhuo
HUOv1_HG006_Z0116-sup-PBA16846_0-ont-sentdhuo-SNPts	SNPts	HUOv1_HG006_Z0116-sup-PBA16846_0	2518942743.0	2516724645.0	3218.0	2214880.0	823.0	0.9990885923838261	0.9985492074741513	0.999999672987773	0.000371439673999629	0.9996285603260003	0.9996285603260003	HG006	giabHC	-1	-2	ont	sentdhuo
HUOv1_HG006_Z0116-sup-PBA16846_0-ont-sentdhuo-SNPtv	SNPtv	HUOv1_HG006_Z0116-sup-PBA16846_0	2518942743.0	2517892156.0	2989.0	1047598.0	410.0	0.9983803449450704	0.9971549238663718	0.9999998371654114	0.00039121838764589583	0.9996087816123541	0.9996087816123541	HG006	giabHC	-1	-2	ont	sentdhuo
HUOv1_HG006_Z0116-sup-PBA16846_0-ont-sentdhuo-INS_50	INS_50	HUOv1_HG006_Z0116-sup-PBA16846_0	2518942743.0	2518740276.0	20878.0	181589.0	2832.0	0.9387161142242717	0.8968819610109302	0.9999988756296777	0.0153561687660299	0.9846438312339701	0.9846438312339701	HG006	giabHC	-1	-2	ont	sentdhuo
HUOv1_HG006_Z0116-sup-PBA16846_0-ont-sentdhuo-INS_gt50	INS_gt50	HUOv1_HG006_Z0116-sup-PBA16846_0	2518942743.0	2518942733.0	2.0	8.0	2.0	0.8000000000000002	0.8	0.9999999992060161	0.2	0.8	0.8	HG006	giabHC	-1	-2	ont	sentdhuo
HUOv1_HG006_Z0116-sup-PBA16846_0-ont-sentdhuo-DEL_50	DEL_50	HUOv1_HG006_Z0116-sup-PBA16846_0	2518942743.0	2518738126.0	30077.0	174540.0	1037.0	0.9181628326591161	0.8530083033179061	0.9999995882860698	0.005906240566816838	0.9940937594331831	0.9940937594331831	HG006	giabHC	-1	-2	ont	sentdhuo
HUOv1_HG006_Z0116-sup-PBA16846_0-ont-sentdhuo-DEL_gt50	DEL_gt50	HUOv1_HG006_Z0116-sup-PBA16846_0	2518942743.0	2518942742.0	0.0	1.0	0.0	1.0	1.0	1.0	0.0	1.0	1.0	HG006	giabHC	-1	-2	ont	sentdhuo
HUOv1_HG006_Z0116-sup-PBA16846_0-ont-sentdhuo-Indel_50	Indel_50	HUOv1_HG006_Z0116-sup-PBA16846_0	2518942743.0	2518921955.0	3880.0	16908.0	294.0	0.8901289813108713	0.8133538579949972	0.9999998832834162	0.01709103592605511	0.9829089640739449	0.9829089640739449	HG006	giabHC	-1	-2	ont	sentdhuo
HUOv1_HG006_Z0116-sup-PBA16846_0-ont-sentdhuo-Indel_gt50	Indel_gt50	HUOv1_HG006_Z0116-sup-PBA16846_0	2518942743.0	2518942395.0	15.0	333.0	0.0	0.9779735682819383	0.9568965517241379	1.0	0.0	1.0	1.0	HG006	giabHC	-1	-2	ont	sentdhuo
HUOv1_HG006_Z0116-sup-PBA16846_0-ont-sentdhuo-All	All	HUOv1_HG006_Z0116-sup-PBA16846_0	2518942743.0	2515245827.0	61059.0	3635857.0	5398.0	0.9909436561235763	0.9834838010925864	0.9999978538923086	0.0014824559114920543	0.9985175440885079	0.9985175440885079	HG006	giabHC	-1	-2	ont	sentdhuo
HUOv1_HG006_Z0116-sup-PBA16846_0-ont-sentdhuo-SNPts	SNPts	HUOv1_HG006_Z0116-sup-PBA16846_0	377862616.0	377594725.0	733.0	267158.0	40100.0	0.929004484055436	0.997263812520764	0.9998938127594562	0.1305092137552155	0.8694907862447845	0.8694907862447845	HG006	clinvar_genes	-1	-2	ont	sentdhuo
HUOv1_HG006_Z0116-sup-PBA16846_0-ont-sentdhuo-SNPtv	SNPtv	HUOv1_HG006_Z0116-sup-PBA16846_0	377862616.0	377741191.0	566.0	120859.0	23582.0	0.909172289800125	0.9953386864319539	0.9999375749098766	0.16326389321591514	0.8367361067840848	0.8367361067840848	HG006	clinvar_genes	-1	-2	ont	sentdhuo
HUOv1_HG006_Z0116-sup-PBA16846_0-ont-sentdhuo-INS_50	INS_50	HUOv1_HG006_Z0116-sup-PBA16846_0	377862616.0	377837110.0	2876.0	22630.0	13537.0	0.7338705754544128	0.8872422175174469	0.9999641736752141	0.3742914811845052	0.6257085188154947	0.6257085188154948	HG006	clinvar_genes	-1	-2	ont	sentdhuo
HUOv1_HG006_Z0116-sup-PBA16846_0-ont-sentdhuo-INS_gt50	INS_gt50	HUOv1_HG006_Z0116-sup-PBA16846_0	377862616.0	377862607.0	4.0	5.0	331.0	0.028985507246376812	0.5555555555555556	0.9999991240209962	0.9851190476190477	0.014880952380952328	0.01488095238095238	HG006	clinvar_genes	-1	-2	ont	sentdhuo
HUOv1_HG006_Z0116-sup-PBA16846_0-ont-sentdhuo-DEL_50	DEL_50	HUOv1_HG006_Z0116-sup-PBA16846_0	377862616.0	377837011.0	3773.0	21832.0	13361.0	0.7181815191289187	0.8526459675844562	0.9999646394419852	0.3796493620890518	0.6203506379109482	0.6203506379109482	HG006	clinvar_genes	-1	-2	ont	sentdhuo
HUOv1_HG006_Z0116-sup-PBA16846_0-ont-sentdhuo-DEL_gt50	DEL_gt50	HUOv1_HG006_Z0116-sup-PBA16846_0	377862616.0	377862610.0	3.0	3.0	477.0	0.01234567901234568	0.5	0.999998737638006	0.99375	0.006249999999999978	0.00625	HG006	clinvar_genes	-1	-2	ont	sentdhuo
HUOv1_HG006_Z0116-sup-PBA16846_0-ont-sentdhuo-Indel_50	Indel_50	HUOv1_HG006_Z0116-sup-PBA16846_0	377862616.0	377860177.0	454.0	1985.0	2147.0	0.6041698371632932	0.8138581385813858	0.9999943180363227	0.5196030977734754	0.48039690222652465	0.4803969022265247	HG006	clinvar_genes	-1	-2	ont	sentdhuo
HUOv1_HG006_Z0116-sup-PBA16846_0-ont-sentdhuo-Indel_gt50	Indel_gt50	HUOv1_HG006_Z0116-sup-PBA16846_0	377862616.0	377862511.0	10.0	95.0	206.0	0.46798029556650245	0.9047619047619048	0.9999994548284582	0.6843853820598007	0.3156146179401993	0.31561461794019935	HG006	clinvar_genes	-1	-2	ont	sentdhuo
HUOv1_HG006_Z0116-sup-PBA16846_0-ont-sentdhuo-All	All	HUOv1_HG006_Z0116-sup-PBA16846_0	377862616.0	377419630.0	8419.0	434567.0	93741.0	0.8948207236943706	0.9809948847141896	0.9997516882653674	0.17743626823746753	0.8225637317625325	0.8225637317625325	HG006	clinvar_genes	-1	-2	ont	sentdhuo
HUOv1_HG006_Z0116-sup-PBA16846_0-ont-sentdhuo-SNPts	SNPts	HUOv1_HG006_Z0116-sup-PBA16846_0	331588110.0	331336498.0	183.0	251429.0	61.0	0.9995150088848783	0.9992726896968348	0.9999998158971646	0.00024255437591951966	0.9997574456240805	0.9997574456240805	HG006	giabHC_x_ultima_x_clinvar	-1	-2	ont	sentdhuo
HUOv1_HG006_Z0116-sup-PBA16846_0-ont-sentdhuo-SNPtv	SNPtv	HUOv1_HG006_Z0116-sup-PBA16846_0	331588110.0	331475839.0	122.0	112149.0	31.0	0.9993183367416495	0.998913343606096	0.9999999064788637	0.00027634159386699946	0.999723658406133	0.999723658406133	HG006	giabHC_x_ultima_x_clinvar	-1	-2	ont	sentdhuo
HUOv1_HG006_Z0116-sup-PBA16846_0-ont-sentdhuo-INS_50	INS_50	HUOv1_HG006_Z0116-sup-PBA16846_0	331588110.0	331571556.0	216.0	16338.0	25.0	0.9926785551538719	0.9869517941283074	0.9999999246014996	0.0015278371936686427	0.9984721628063313	0.9984721628063313	HG006	giabHC_x_ultima_x_clinvar	-1	-2	ont	sentdhuo
HUOv1_HG006_Z0116-sup-PBA16846_0-ont-sentdhuo-INS_gt50	INS_gt50	HUOv1_HG006_Z0116-sup-PBA16846_0	331588110.0	331588109.0	0.0	1.0	0.0	1.0	1.0	1.0	0.0	1.0	1.0	HG006	giabHC_x_ultima_x_clinvar	-1	-2	ont	sentdhuo
HUOv1_HG006_Z0116-sup-PBA16846_0-ont-sentdhuo-DEL_50	DEL_50	HUOv1_HG006_Z0116-sup-PBA16846_0	331588110.0	331570487.0	426.0	17197.0	7.0	0.9875671174663335	0.9758270442035976	0.9999999788883507	0.00040688212043710767	0.9995931178795628	0.9995931178795628	HG006	giabHC_x_ultima_x_clinvar	-1	-2	ont	sentdhuo
HUOv1_HG006_Z0116-sup-PBA16846_0-ont-sentdhuo-DEL_gt50	DEL_gt50	HUOv1_HG006_Z0116-sup-PBA16846_0	331588110.0	331588110.0	0.0	0.0	0.0			1.0				HG006	giabHC_x_ultima_x_clinvar	-1	-2	ont	sentdhuo
HUOv1_HG006_Z0116-sup-PBA16846_0-ont-sentdhuo-Indel_50	Indel_50	HUOv1_HG006_Z0116-sup-PBA16846_0	331588110.0	331587082.0	1.0	1027.0	0.0	0.9995133819951338	0.9990272373540856	1.0	0.0	1.0	1.0	HG006	giabHC_x_ultima_x_clinvar	-1	-2	ont	sentdhuo
HUOv1_HG006_Z0116-sup-PBA16846_0-ont-sentdhuo-Indel_gt50	Indel_gt50	HUOv1_HG006_Z0116-sup-PBA16846_0	331588110.0	331588089.0	0.0	21.0	0.0	1.0	1.0	1.0	0.0	1.0	1.0	HG006	giabHC_x_ultima_x_clinvar	-1	-2	ont	sentdhuo
HUOv1_HG006_Z0116-sup-PBA16846_0-ont-sentdhuo-All	All	HUOv1_HG006_Z0116-sup-PBA16846_0	331588110.0	331189000.0	948.0	398162.0	124.0	0.9986556240563034	0.9976247149908547	0.9999996255915699	0.0003113340664748447	0.9996886659335251	0.9996886659335251	HG006	giabHC_x_ultima_x_clinvar	-1	-2	ont	sentdhuo
HUOv1_HG006_Z0116-sup-PBA16846_0-ont-sentdhuo-SNPts	SNPts	HUOv1_HG006_Z0116-sup-PBA16846_0	336562667.0	336302190.0	468.0	260009.0	184.0	0.9987477672998253	0.9982032962603224	0.999999452873324	0.0007071673719123881	0.9992928326280877	0.9992928326280877	HG006	giabHC_x_clinvar_genes	-1	-2	ont	sentdhuo
HUOv1_HG006_Z0116-sup-PBA16846_0-ont-sentdhuo-SNPtv	SNPtv	HUOv1_HG006_Z0116-sup-PBA16846_0	336562667.0	336444934.0	430.0	117303.0	98.0	0.9977544719181404	0.9963476680285052	0.9999997087191348	0.0008347458709891738	0.9991652541290108	0.9991652541290108	HG006	giabHC_x_clinvar_genes	-1	-2	ont	sentdhuo
HUOv1_HG006_Z0116-sup-PBA16846_0-ont-sentdhuo-INS_50	INS_50	HUOv1_HG006_Z0116-sup-PBA16846_0	336562667.0	336539256.0	2540.0	20871.0	354.0	0.9351644412581773	0.8915039938490453	0.9999989481178754	0.01667844522968198	0.983321554770318	0.983321554770318	HG006	giabHC_x_clinvar_genes	-1	-2	ont	sentdhuo
HUOv1_HG006_Z0116-sup-PBA16846_0-ont-sentdhuo-INS_gt50	INS_gt50	HUOv1_HG006_Z0116-sup-PBA16846_0	336562667.0	336562664.0	0.0	3.0	1.0	0.8571428571428571	1.0	0.9999999970287852	0.25	0.75	0.75	HG006	giabHC_x_clinvar_genes	-1	-2	ont	sentdhuo
HUOv1_HG006_Z0116-sup-PBA16846_0-ont-sentdhuo-DEL_50	DEL_50	HUOv1_HG006_Z0116-sup-PBA16846_0	336562667.0	336538931.0	3409.0	20327.0	130.0	0.9199194442558777	0.8563784967981126	0.9999996137149738	0.0063547929803979076	0.9936452070196021	0.9936452070196021	HG006	giabHC_x_clinvar_genes	-1	-2	ont	sentdhuo
HUOv1_HG006_Z0116-sup-PBA16846_0-ont-sentdhuo-DEL_gt50	DEL_gt50	HUOv1_HG006_Z0116-sup-PBA16846_0	336562667.0	336562667.0	0.0	0.0	0.0			1.0				HG006	giabHC_x_clinvar_genes	-1	-2	ont	sentdhuo
HUOv1_HG006_Z0116-sup-PBA16846_0-ont-sentdhuo-Indel_50	Indel_50	HUOv1_HG006_Z0116-sup-PBA16846_0	336562667.0	336560760.0	368.0	1539.0	35.0	0.8842286699224362	0.8070267435762979	0.9999998960069012	0.022236340533672173	0.9777636594663278	0.9777636594663278	HG006	giabHC_x_clinvar_genes	-1	-2	ont	sentdhuo
HUOv1_HG006_Z0116-sup-PBA16846_0-ont-sentdhuo-Indel_gt50	Indel_gt50	HUOv1_HG006_Z0116-sup-PBA16846_0	336562667.0	336562639.0	2.0	26.0	0.0	0.962962962962963	0.9285714285714286	1.0	0.0	1.0	1.0	HG006	giabHC_x_clinvar_genes	-1	-2	ont	sentdhuo
HUOv1_HG006_Z0116-sup-PBA16846_0-ont-sentdhuo-All	All	HUOv1_HG006_Z0116-sup-PBA16846_0	336562667.0	336135372.0	7217.0	420078.0	802.0	0.9905455831638519	0.9831100293708094	0.9999976140622104	0.001905531267819806	0.9980944687321802	0.9980944687321802	HG006	giabHC_x_clinvar_genes	-1	-2	ont	sentdhuo
HUOv1_HG006_Z0116-sup-PBA16846_0-ont-sentdhuo-SNPts	SNPts	HUOv1_HG006_Z0116-sup-PBA16846_0	3088286401.0	3086002088.0	5091.0	2279222.0	497066.0	0.9007712720287571	0.9977713211805913	0.9998389547590332	0.17903978261621273	0.8209602173837873	0.8209602173837873	HG006	hg38	-1	-2	ont	sentdhuo
HUOv1_HG006_Z0116-sup-PBA16846_0-ont-sentdhuo-SNPtv	SNPtv	HUOv1_HG006_Z0116-sup-PBA16846_0	3088286401.0	3087203280.0	4263.0	1078858.0	451455.0	0.8256248292476489	0.9960641516506467	0.9998537870847791	0.2950082760846964	0.7049917239153036	0.7049917239153036	HG006	hg38	-1	-2	ont	sentdhuo
HUOv1_HG006_Z0116-sup-PBA16846_0-ont-sentdhuo-INS_50	INS_50	HUOv1_HG006_Z0116-sup-PBA16846_0	3088286401.0	3088065257.0	23898.0	197246.0	127353.0	0.7228530645377037	0.8919346670043049	0.9999587613157328	0.392339471162881	0.6076605288371191	0.6076605288371191	HG006	hg38	-1	-2	ont	sentdhuo
HUOv1_HG006_Z0116-sup-PBA16846_0-ont-sentdhuo-INS_gt50	INS_gt50	HUOv1_HG006_Z0116-sup-PBA16846_0	3088286401.0	3088286360.0	23.0	18.0	2606.0	0.013508442776735461	0.43902439024390244	0.9999991561670463	0.993140243902439	0.006859756097560954	0.006859756097560976	HG006	hg38	-1	-2	ont	sentdhuo
HUOv1_HG006_Z0116-sup-PBA16846_0-ont-sentdhuo-DEL_50	DEL_50	HUOv1_HG006_Z0116-sup-PBA16846_0	3088286401.0	3088064114.0	33405.0	188882.0	128289.0	0.7002658223624453	0.8497213062392313	0.9999584582230449	0.40447897191105114	0.5955210280889489	0.5955210280889489	HG006	hg38	-1	-2	ont	sentdhuo
HUOv1_HG006_Z0116-sup-PBA16846_0-ont-sentdhuo-DEL_gt50	DEL_gt50	HUOv1_HG006_Z0116-sup-PBA16846_0	3088286401.0	3088286362.0	32.0	7.0	3151.0	0.004379105411323116	0.1794871794871795	0.9999989796941036	0.9977834072197593	0.002216592780240667	0.002216592780240659	HG006	hg38	-1	-2	ont	sentdhuo
HUOv1_HG006_Z0116-sup-PBA16846_0-ont-sentdhuo-Indel_50	Indel_50	HUOv1_HG006_Z0116-sup-PBA16846_0	3088286401.0	3088260390.0	4643.0	21368.0	20486.0	0.6297207691740956	0.8214985967475299	0.9999933665360041	0.4894633726764467	0.5105366273235533	0.5105366273235533	HG006	hg38	-1	-2	ont	sentdhuo
HUOv1_HG006_Z0116-sup-PBA16846_0-ont-sentdhuo-Indel_gt50	Indel_gt50	HUOv1_HG006_Z0116-sup-PBA16846_0	3088286401.0	3088285313.0	150.0	938.0	1705.0	0.50281425891182	0.8621323529411765	0.9999994479140086	0.6451002648505486	0.3548997351494514	0.3548997351494514	HG006	hg38	-1	-2	ont	sentdhuo
HUOv1_HG006_Z0116-sup-PBA16846_0-ont-sentdhuo-All	All	HUOv1_HG006_Z0116-sup-PBA16846_0	3088286401.0	3084448357.0	71505.0	3766539.0	1232111.0	0.8524769557483828	0.981369416296426	0.9996007003924167	0.24648875196303002	0.75351124803697	0.75351124803697	HG006	hg38	-1	-2	ont	sentdhuo
HUOv1_HG006_Z0116-sup-PBA16846_0-ont-sentdhuo-SNPts	SNPts	HUOv1_HG006_Z0116-sup-PBA16846_0	2799325643.0	2797104448.0	1794.0	2219401.0	163398.0	0.9641198489832958	0.9991923266529954	0.999941586573401	0.06857397539616225	0.9314260246038377	0.9314260246038377	HG006	ultima	-1	-2	ont	sentdhuo
HUOv1_HG006_Z0116-sup-PBA16846_0-ont-sentdhuo-SNPtv	SNPtv	HUOv1_HG006_Z0116-sup-PBA16846_0	2799325643.0	2798283994.0	1100.0	1040549.0	95057.0	0.9558356738186387	0.9989439820899363	0.9999660314066581	0.0837059684432805	0.9162940315567195	0.9162940315567195	HG006	ultima	-1	-2	ont	sentdhuo
HUOv1_HG006_Z0116-sup-PBA16846_0-ont-sentdhuo-INS_50	INS_50	HUOv1_HG006_Z0116-sup-PBA16846_0	2799325643.0	2799170560.0	1834.0	153249.0	33716.0	0.8960672186359809	0.9881740745278335	0.9999879551484366	0.18033321744711578	0.8196667825528843	0.8196667825528843	HG006	ultima	-1	-2	ont	sentdhuo
HUOv1_HG006_Z0116-sup-PBA16846_0-ont-sentdhuo-INS_gt50	INS_gt50	HUOv1_HG006_Z0116-sup-PBA16846_0	2799325643.0	2799325622.0	10.0	11.0	696.0	0.030219780219780223	0.5238095238095238	0.9999997513687505	0.9844413012729845	0.01555869872701554	0.015558698727015558	HG006	ultima	-1	-2	ont	sentdhuo
HUOv1_HG006_Z0116-sup-PBA16846_0-ont-sentdhuo-DEL_50	DEL_50	HUOv1_HG006_Z0116-sup-PBA16846_0	2799325643.0	2799164487.0	3956.0	157200.0	46132.0	0.8625798380193586	0.9754523567226786	0.9999835196395417	0.22688017626345092	0.7731198237365491	0.7731198237365491	HG006	ultima	-1	-2	ont	sentdhuo
HUOv1_HG006_Z0116-sup-PBA16846_0-ont-sentdhuo-DEL_gt50	DEL_gt50	HUOv1_HG006_Z0116-sup-PBA16846_0	2799325643.0	2799325618.0	21.0	4.0	1409.0	0.005563282336578582	0.16	0.9999994966647389	0.997169143665959	0.0028308563340410098	0.0028308563340410475	HG006	ultima	-1	-2	ont	sentdhuo
HUOv1_HG006_Z0116-sup-PBA16846_0-ont-sentdhuo-Indel_50	Indel_50	HUOv1_HG006_Z0116-sup-PBA16846_0	2799325643.0	2799310927.0	58.0	14658.0	4931.0	0.854569304766069	0.9960587116064148	0.9999982384981724	0.2517229057123896	0.7482770942876105	0.7482770942876104	HG006	ultima	-1	-2	ont	sentdhuo
HUOv1_HG006_Z0116-sup-PBA16846_0-ont-sentdhuo-Indel_gt50	Indel_gt50	HUOv1_HG006_Z0116-sup-PBA16846_0	2799325643.0	2799324881.0	10.0	752.0	596.0	0.7127962085308057	0.9868766404199475	0.9999997870915672	0.4421364985163205	0.5578635014836795	0.5578635014836796	HG006	ultima	-1	-2	ont	sentdhuo
HUOv1_HG006_Z0116-sup-PBA16846_0-ont-sentdhuo-All	All	HUOv1_HG006_Z0116-sup-PBA16846_0	2799325643.0	2795731036.0	8783.0	3585824.0	345935.0	0.9528699507836851	0.9975566174549819	0.9998762784416925	0.08798479255722438	0.9120152074427756	0.9120152074427756	HG006	ultima	-1	-2	ont	sentdhuo
HUOv1_HG007_Z0120-sup-PAY12990_0-ont-sentdhuo-SNPts	SNPts	HUOv1_HG007_Z0120-sup-PAY12990_0	377862616.0	377593002.0	922.0	268692.0	40695.0	0.9281227493562186	0.996580296275416	0.9998922368413538	0.13153429200321926	0.8684657079967808	0.8684657079967807	HG007	clinvar_genes	-1	-2	ont	sentdhuo
HUOv1_HG007_Z0120-sup-PAY12990_0-ont-sentdhuo-SNPtv	SNPtv	HUOv1_HG007_Z0120-sup-PAY12990_0	377862616.0	377740796.0	690.0	121130.0	24253.0	0.9066514971763042	0.9943359054342472	0.9999357987191663	0.1668214302910244	0.8331785697089756	0.8331785697089756	HG007	clinvar_genes	-1	-2	ont	sentdhuo
HUOv1_HG007_Z0120-sup-PAY12990_0-ont-sentdhuo-INS_50	INS_50	HUOv1_HG007_Z0120-sup-PAY12990_0	377862616.0	377836908.0	2850.0	22858.0	13623.0	0.7351139269002557	0.889139567449821	0.9999639460609888	0.37342726350703104	0.626572736492969	0.626572736492969	HG007	clinvar_genes	-1	-2	ont	sentdhuo
HUOv1_HG007_Z0120-sup-PAY12990_0-ont-sentdhuo-INS_gt50	INS_gt50	HUOv1_HG007_Z0120-sup-PAY12990_0	377862616.0	377862609.0	3.0	4.0	362.0	0.021447721179624665	0.5714285714285714	0.9999990419807502	0.9890710382513661	0.010928961748633892	0.01092896174863388	HG007	clinvar_genes	-1	-2	ont	sentdhuo
HUOv1_HG007_Z0120-sup-PAY12990_0-ont-sentdhuo-DEL_50	DEL_50	HUOv1_HG007_Z0120-sup-PAY12990_0	377862616.0	377836952.0	3922.0	21742.0	13549.0	0.7133787220080389	0.847178927680798	0.9999641419027786	0.3839222464651044	0.6160777535348956	0.6160777535348956	HG007	clinvar_genes	-1	-2	ont	sentdhuo
HUOv1_HG007_Z0120-sup-PAY12990_0-ont-sentdhuo-DEL_gt50	DEL_gt50	HUOv1_HG007_Z0120-sup-PAY12990_0	377862616.0	377862610.0	4.0	2.0	463.0	0.008492569002123144	0.3333333333333333	0.9999987746884174	0.9956989247311828	0.004301075268817178	0.004301075268817204	HG007	clinvar_genes	-1	-2	ont	sentdhuo
HUOv1_HG007_Z0120-sup-PAY12990_0-ont-sentdhuo-Indel_50	Indel_50	HUOv1_HG007_Z0120-sup-PAY12990_0	377862616.0	377860120.0	545.0	1951.0	2286.0	0.5795336402792218	0.7816506410256411	0.9999939501787855	0.5395326882227991	0.4604673117772009	0.46046731177720085	HG007	clinvar_genes	-1	-2	ont	sentdhuo
HUOv1_HG007_Z0120-sup-PAY12990_0-ont-sentdhuo-Indel_gt50	Indel_gt50	HUOv1_HG007_Z0120-sup-PAY12990_0	377862616.0	377862496.0	11.0	109.0	204.0	0.5034642032332564	0.9083333333333333	0.9999994601213615	0.6517571884984026	0.3482428115015974	0.34824281150159747	HG007	clinvar_genes	-1	-2	ont	sentdhuo
HUOv1_HG007_Z0120-sup-PAY12990_0-ont-sentdhuo-All	All	HUOv1_HG007_Z0120-sup-PAY12990_0	377862616.0	377417181.0	8947.0	436488.0	95435.0	0.8931998305636215	0.9799140166354238	0.9997472005015059	0.17941506571439853	0.8205849342856015	0.8205849342856015	HG007	clinvar_genes	-1	-2	ont	sentdhuo
HUOv1_HG007_Z0120-sup-PAY12990_0-ont-sentdhuo-SNPts	SNPts	HUOv1_HG007_Z0120-sup-PAY12990_0	336298106.0	336036077.0	680.0	261349.0	213.0	0.9982944703022016	0.9974048674001733	0.9999993661398893	0.0008143384742432004	0.9991856615257568	0.9991856615257568	HG007	giabHC_x_clinvar_genes	-1	-2	ont	sentdhuo
HUOv1_HG007_Z0120-sup-PAY12990_0-ont-sentdhuo-SNPtv	SNPtv	HUOv1_HG007_Z0120-sup-PAY12990_0	336298106.0	336180086.0	498.0	117522.0	107.0	0.9974326222474952	0.9957803762074224	0.9999996817183099	0.0009096396296831564	0.9990903603703168	0.9990903603703168	HG007	giabHC_x_clinvar_genes	-1	-2	ont	sentdhuo
HUOv1_HG007_Z0120-sup-PAY12990_0-ont-sentdhuo-INS_50	INS_50	HUOv1_HG007_Z0120-sup-PAY12990_0	336298106.0	336274470.0	2547.0	21089.0	341.0	0.9359162117782807	0.8922406498561516	0.9999989859484302	0.015912272515165655	0.9840877274848343	0.9840877274848343	HG007	giabHC_x_clinvar_genes	-1	-2	ont	sentdhuo
HUOv1_HG007_Z0120-sup-PAY12990_0-ont-sentdhuo-INS_gt50	INS_gt50	HUOv1_HG007_Z0120-sup-PAY12990_0	336298106.0	336298102.0	0.0	4.0	0.0	1.0	1.0	1.0	0.0	1.0	1.0	HG007	giabHC_x_clinvar_genes	-1	-2	ont	sentdhuo
HUOv1_HG007_Z0120-sup-PAY12990_0-ont-sentdhuo-DEL_50	DEL_50	HUOv1_HG007_Z0120-sup-PAY12990_0	336298106.0	336274443.0	3540.0	20123.0	135.0	0.9163270417340225	0.8503993576469594	0.9999995985423554	0.006664033961891598	0.9933359660381084	0.9933359660381084	HG007	giabHC_x_clinvar_genes	-1	-2	ont	sentdhuo
HUOv1_HG007_Z0120-sup-PAY12990_0-ont-sentdhuo-DEL_gt50	DEL_gt50	HUOv1_HG007_Z0120-sup-PAY12990_0	336298106.0	336298105.0	0.0	1.0	0.0	1.0	1.0	1.0	0.0	1.0	1.0	HG007	giabHC_x_clinvar_genes	-1	-2	ont	sentdhuo
HUOv1_HG007_Z0120-sup-PAY12990_0-ont-sentdhuo-Indel_50	Indel_50	HUOv1_HG007_Z0120-sup-PAY12990_0	336298106.0	336296145.0	446.0	1515.0	30.0	0.8642327438676555	0.7725650178480367	0.9999999107929194	0.019417475728155338	0.9805825242718447	0.9805825242718447	HG007	giabHC_x_clinvar_genes	-1	-2	ont	sentdhuo
HUOv1_HG007_Z0120-sup-PAY12990_0-ont-sentdhuo-Indel_gt50	Indel_gt50	HUOv1_HG007_Z0120-sup-PAY12990_0	336298106.0	336298069.0	2.0	35.0	0.0	0.9722222222222222	0.9459459459459459	1.0	0.0	1.0	1.0	HG007	giabHC_x_clinvar_genes	-1	-2	ont	sentdhuo
HUOv1_HG007_Z0120-sup-PAY12990_0-ont-sentdhuo-All	All	HUOv1_HG007_Z0120-sup-PAY12990_0	336298106.0	335868755.0	7713.0	421638.0	826.0	0.9899755228541408	0.982035677103349	0.9999975407120897	0.0019551961823966067	0.9980448038176034	0.9980448038176034	HG007	giabHC_x_clinvar_genes	-1	-2	ont	sentdhuo
HUOv1_HG007_Z0120-sup-PAY12990_0-ont-sentdhuo-SNPts	SNPts	HUOv1_HG007_Z0120-sup-PAY12990_0	3088286401.0	3085990852.0	6113.0	2289436.0	517513.0	0.8973784997073982	0.997337020468742	0.999832330601832	0.184368508298512	0.815631491701488	0.815631491701488	HG007	hg38	-1	-2	ont	sentdhuo
HUOv1_HG007_Z0120-sup-PAY12990_0-ont-sentdhuo-SNPtv	SNPtv	HUOv1_HG007_Z0120-sup-PAY12990_0	3088286401.0	3087197483.0	5075.0	1083843.0	461853.0	0.8227717608727502	0.9953394103137243	0.9998504197031663	0.29879937581516675	0.7012006241848332	0.7012006241848332	HG007	hg38	-1	-2	ont	sentdhuo
HUOv1_HG007_Z0120-sup-PAY12990_0-ont-sentdhuo-INS_50	INS_50	HUOv1_HG007_Z0120-sup-PAY12990_0	3088286401.0	3088063552.0	24139.0	198710.0	130279.0	0.7201751238588137	0.8916800165134239	0.9999578138526499	0.39599804248774273	0.6040019575122573	0.6040019575122573	HG007	hg38	-1	-2	ont	sentdhuo
HUOv1_HG007_Z0120-sup-PAY12990_0-ont-sentdhuo-INS_gt50	INS_gt50	HUOv1_HG007_Z0120-sup-PAY12990_0	3088286401.0	3088286349.0	29.0	23.0	2673.0	0.016739446870451237	0.4423076923076923	0.999999134472201	0.9914688427299704	0.008531157270029621	0.008531157270029673	HG007	hg38	-1	-2	ont	sentdhuo
HUOv1_HG007_Z0120-sup-PAY12990_0-ont-sentdhuo-DEL_50	DEL_50	HUOv1_HG007_Z0120-sup-PAY12990_0	3088286401.0	3088062843.0	33904.0	189654.0	132269.0	0.6953642748326706	0.8483436065808425	0.9999571694808123	0.41087154381637847	0.5891284561836215	0.5891284561836215	HG007	hg38	-1	-2	ont	sentdhuo
HUOv1_HG007_Z0120-sup-PAY12990_0-ont-sentdhuo-DEL_gt50	DEL_gt50	HUOv1_HG007_Z0120-sup-PAY12990_0	3088286401.0	3088286362.0	32.0	7.0	3184.0	0.0043343653250774	0.1794871794871795	0.9999989690085879	0.9978063303039799	0.002193669696020084	0.0021936696960200563	HG007	hg38	-1	-2	ont	sentdhuo
HUOv1_HG007_Z0120-sup-PAY12990_0-ont-sentdhuo-Indel_50	Indel_50	HUOv1_HG007_Z0120-sup-PAY12990_0	3088286401.0	3088260028.0	4949.0	21424.0	22237.0	0.6118171174001199	0.8123459598832139	0.999992799557135	0.5093103685211058	0.4906896314788942	0.4906896314788942	HG007	hg38	-1	-2	ont	sentdhuo
HUOv1_HG007_Z0120-sup-PAY12990_0-ont-sentdhuo-Indel_gt50	Indel_gt50	HUOv1_HG007_Z0120-sup-PAY12990_0	3088286401.0	3088285316.0	140.0	945.0	1780.0	0.49606299212598426	0.8709677419354839	0.9999994236287156	0.653211009174312	0.34678899082568804	0.3467889908256881	HG007	hg38	-1	-2	ont	sentdhuo
HUOv1_HG007_Z0120-sup-PAY12990_0-ont-sentdhuo-All	All	HUOv1_HG007_Z0120-sup-PAY12990_0	3088286401.0	3084427978.0	74381.0	3784042.0	1271788.0	0.8489868977243522	0.9807224350466499	0.9995878445420993	0.25154880603184837	0.7484511939681516	0.7484511939681516	HG007	hg38	-1	-2	ont	sentdhuo
HUOv1_HG007_Z0120-sup-PAY12990_0-ont-sentdhuo-SNPts	SNPts	HUOv1_HG007_Z0120-sup-PAY12990_0	2495800245.0	2493623107.0	2104.0	2175034.0	590.0	0.9993810826321311	0.9990335936445003	0.9999997633965378	0.00027118656532562613	0.9997288134346743	0.9997288134346743	HG007	giabHC_x_ultima	-1	-2	ont	sentdhuo
HUOv1_HG007_Z0120-sup-PAY12990_0-ont-sentdhuo-SNPtv	SNPtv	HUOv1_HG007_Z0120-sup-PAY12990_0	2495800245.0	2494778649.0	1388.0	1020208.0	293.0	0.999176826566025	0.9986413415870853	0.9999998825547246	0.00028711387837934504	0.9997128861216207	0.9997128861216207	HG007	giabHC_x_ultima	-1	-2	ont	sentdhuo
HUOv1_HG007_Z0120-sup-PAY12990_0-ont-sentdhuo-INS_50	INS_50	HUOv1_HG007_Z0120-sup-PAY12990_0	2495800245.0	2495654765.0	1423.0	144057.0	164.0	0.9945219381362163	0.9902185867473192	0.9999999342857868	0.001137143689199215	0.9988628563108007	0.9988628563108007	HG007	giabHC_x_ultima	-1	-2	ont	sentdhuo
HUOv1_HG007_Z0120-sup-PAY12990_0-ont-sentdhuo-INS_gt50	INS_gt50	HUOv1_HG007_Z0120-sup-PAY12990_0	2495800245.0	2495800243.0	0.0	2.0	0.0	1.0	1.0	1.0	0.0	1.0	1.0	HG007	giabHC_x_ultima	-1	-2	ont	sentdhuo
HUOv1_HG007_Z0120-sup-PAY12990_0-ont-sentdhuo-DEL_50	DEL_50	HUOv1_HG007_Z0120-sup-PAY12990_0	2495800245.0	2495649208.0	3401.0	147636.0	63.0	0.9884044775320016	0.9774823387646736	0.9999999747560682	0.00042654317226250687	0.9995734568277375	0.9995734568277375	HG007	giabHC_x_ultima	-1	-2	ont	sentdhuo
HUOv1_HG007_Z0120-sup-PAY12990_0-ont-sentdhuo-DEL_gt50	DEL_gt50	HUOv1_HG007_Z0120-sup-PAY12990_0	2495800245.0	2495800244.0	0.0	1.0	0.0	1.0	1.0	1.0	0.0	1.0	1.0	HG007	giabHC_x_ultima	-1	-2	ont	sentdhuo
HUOv1_HG007_Z0120-sup-PAY12990_0-ont-sentdhuo-Indel_50	Indel_50	HUOv1_HG007_Z0120-sup-PAY12990_0	2495800245.0	2495788665.0	44.0	11536.0	3.0	0.99796704009689	0.9962003454231434	0.9999999987979752	0.00025998786723286244	0.9997400121327671	0.9997400121327671	HG007	giabHC_x_ultima	-1	-2	ont	sentdhuo
HUOv1_HG007_Z0120-sup-PAY12990_0-ont-sentdhuo-Indel_gt50	Indel_gt50	HUOv1_HG007_Z0120-sup-PAY12990_0	2495800245.0	2495799951.0	0.0	294.0	0.0	1.0	1.0	1.0	0.0	1.0	1.0	HG007	giabHC_x_ultima	-1	-2	ont	sentdhuo
HUOv1_HG007_Z0120-sup-PAY12990_0-ont-sentdhuo-All	All	HUOv1_HG007_Z0120-sup-PAY12990_0	2495800245.0	2492293117.0	8360.0	3498768.0	1113.0	0.9986480679559566	0.9976162831809959	0.9999995534235138	0.0003180108123676205	0.9996819891876324	0.9996819891876324	HG007	giabHC_x_ultima	-1	-2	ont	sentdhuo
HUOv1_HG007_Z0120-sup-PAY12990_0-ont-sentdhuo-SNPts	SNPts	HUOv1_HG007_Z0120-sup-PAY12990_0	2517124728.0	2514897220.0	4273.0	2223235.0	1089.0	0.99879555203341	0.9980817128378439	0.9999995669805033	0.0004895869486639537	0.999510413051336	0.999510413051336	HG007	giabHC	-1	-2	ont	sentdhuo
HUOv1_HG007_Z0120-sup-PAY12990_0-ont-sentdhuo-SNPtv	SNPtv	HUOv1_HG007_Z0120-sup-PAY12990_0	2517124728.0	2516068994.0	3637.0	1052097.0	546.0	0.998016009470792	0.9965550034383661	0.999999782994869	0.000518694372166062	0.999481305627834	0.9994813056278339	HG007	giabHC	-1	-2	ont	sentdhuo
HUOv1_HG007_Z0120-sup-PAY12990_0-ont-sentdhuo-INS_50	INS_50	HUOv1_HG007_Z0120-sup-PAY12990_0	2517124728.0	2516921206.0	21067.0	182455.0	2948.0	0.938252876518609	0.8964878489794715	0.9999988287291076	0.015900497834447122	0.9840995021655529	0.9840995021655529	HG007	giabHC	-1	-2	ont	sentdhuo
HUOv1_HG007_Z0120-sup-PAY12990_0-ont-sentdhuo-INS_gt50	INS_gt50	HUOv1_HG007_Z0120-sup-PAY12990_0	2517124728.0	2517124719.0	1.0	8.0	0.0	0.9411764705882353	0.8888888888888888	1.0	0.0	1.0	1.0	HG007	giabHC	-1	-2	ont	sentdhuo
HUOv1_HG007_Z0120-sup-PAY12990_0-ont-sentdhuo-DEL_50	DEL_50	HUOv1_HG007_Z0120-sup-PAY12990_0	2517124728.0	2516919397.0	30560.0	174771.0	1064.0	0.9170335234517245	0.8511671398863299	0.9999995772611743	0.006051127477464668	0.9939488725225354	0.9939488725225353	HG007	giabHC	-1	-2	ont	sentdhuo
HUOv1_HG007_Z0120-sup-PAY12990_0-ont-sentdhuo-DEL_gt50	DEL_gt50	HUOv1_HG007_Z0120-sup-PAY12990_0	2517124728.0	2517124727.0	0.0	1.0	0.0	1.0	1.0	1.0	0.0	1.0	1.0	HG007	giabHC	-1	-2	ont	sentdhuo
HUOv1_HG007_Z0120-sup-PAY12990_0-ont-sentdhuo-Indel_50	Indel_50	HUOv1_HG007_Z0120-sup-PAY12990_0	2517124728.0	2517103600.0	4171.0	16957.0	349.0	0.882395795389499	0.802584248390761	0.9999998613485946	0.020166416271813245	0.9798335837281867	0.9798335837281867	HG007	giabHC	-1	-2	ont	sentdhuo
HUOv1_HG007_Z0120-sup-PAY12990_0-ont-sentdhuo-Indel_gt50	Indel_gt50	HUOv1_HG007_Z0120-sup-PAY12990_0	2517124728.0	2517124370.0	12.0	346.0	0.0	0.9829545454545454	0.9664804469273743	1.0	0.0	1.0	1.0	HG007	giabHC	-1	-2	ont	sentdhuo
HUOv1_HG007_Z0120-sup-PAY12990_0-ont-sentdhuo-All	All	HUOv1_HG007_Z0120-sup-PAY12990_0	2517124728.0	2513411137.0	63721.0	3649870.0	5996.0	0.9905397371882351	0.9828411367864689	0.999997614403148	0.0016401038768926433	0.9983598961231074	0.9983598961231074	HG007	giabHC	-1	-2	ont	sentdhuo
HUOv1_HG007_Z0120-sup-PAY12990_0-ont-sentdhuo-SNPts	SNPts	HUOv1_HG007_Z0120-sup-PAY12990_0	2799325643.0	2797093197.0	2655.0	2229791.0	180721.0	0.9605044887332601	0.9988107215135327	0.9999353938851547	0.07497203913525426	0.9250279608647457	0.9250279608647457	HG007	ultima	-1	-2	ont	sentdhuo
HUOv1_HG007_Z0120-sup-PAY12990_0-ont-sentdhuo-SNPtv	SNPtv	HUOv1_HG007_Z0120-sup-PAY12990_0	2799325643.0	2798278479.0	1740.0	1045424.0	103229.0	0.952195925252423	0.9983383691570756	0.9999631111796847	0.08986961249393856	0.9101303875060615	0.9101303875060615	HG007	ultima	-1	-2	ont	sentdhuo
HUOv1_HG007_Z0120-sup-PAY12990_0-ont-sentdhuo-INS_50	INS_50	HUOv1_HG007_Z0120-sup-PAY12990_0	2799325643.0	2799170538.0	1681.0	153424.0	35286.0	0.8924799674243415	0.9891621804583991	0.999987394281729	0.186985321392613	0.813014678607387	0.813014678607387	HG007	ultima	-1	-2	ont	sentdhuo
HUOv1_HG007_Z0120-sup-PAY12990_0-ont-sentdhuo-INS_gt50	INS_gt50	HUOv1_HG007_Z0120-sup-PAY12990_0	2799325643.0	2799325624.0	13.0	6.0	724.0	0.016021361815754337	0.3157894736842105	0.9999997413663467	0.9917808219178083	0.008219178082191747	0.00821917808219178	HG007	ultima	-1	-2	ont	sentdhuo
HUOv1_HG007_Z0120-sup-PAY12990_0-ont-sentdhuo-DEL_50	DEL_50	HUOv1_HG007_Z0120-sup-PAY12990_0	2799325643.0	2799164325.0	3857.0	157461.0	48300.0	0.8579134191822468	0.9760907028353935	0.9999827451478431	0.2347383614970767	0.7652616385029233	0.7652616385029233	HG007	ultima	-1	-2	ont	sentdhuo
HUOv1_HG007_Z0120-sup-PAY12990_0-ont-sentdhuo-DEL_gt50	DEL_gt50	HUOv1_HG007_Z0120-sup-PAY12990_0	2799325643.0	2799325613.0	26.0	4.0	1483.0	0.005273566249176005	0.13333333333333333	0.9999994702298269	0.9973100201748487	0.0026899798251512896	0.0026899798251513113	HG007	ultima	-1	-2	ont	sentdhuo
HUOv1_HG007_Z0120-sup-PAY12990_0-ont-sentdhuo-Indel_50	Indel_50	HUOv1_HG007_Z0120-sup-PAY12990_0	2799325643.0	2799311151.0	48.0	14444.0	5548.0	0.8377218420136875	0.9966878277670439	0.9999980180877704	0.2775110044017607	0.7224889955982393	0.7224889955982393	HG007	ultima	-1	-2	ont	sentdhuo
HUOv1_HG007_Z0120-sup-PAY12990_0-ont-sentdhuo-Indel_gt50	Indel_gt50	HUOv1_HG007_Z0120-sup-PAY12990_0	2799325643.0	2799324863.0	5.0	775.0	597.0	0.7202602230483272	0.9935897435897436	0.9999997867343371	0.43513119533527694	0.564868804664723	0.564868804664723	HG007	ultima	-1	-2	ont	sentdhuo
HUOv1_HG007_Z0120-sup-PAY12990_0-ont-sentdhuo-All	All	HUOv1_HG007_Z0120-sup-PAY12990_0	2799325643.0	2795714289.0	10025.0	3601329.0	375888.0	0.949145497880958	0.9972240328696661	0.9998655665675263	0.09451030708155979	0.9054896929184402	0.9054896929184402	HG007	ultima	-1	-2	ont	sentdhuo
HUOv1_HG007_Z0120-sup-PAY12990_0-ont-sentdhuo-SNPts	SNPts	HUOv1_HG007_Z0120-sup-PAY12990_0	331415837.0	331162880.0	324.0	252633.0	87.0	0.9991872282108936	0.9987191498950414	0.9999997372894657	0.0003442545109211776	0.9996557454890789	0.9996557454890789	HG007	giabHC_x_ultima_x_clinvar	-1	-2	ont	sentdhuo
HUOv1_HG007_Z0120-sup-PAY12990_0-ont-sentdhuo-SNPtv	SNPtv	HUOv1_HG007_Z0120-sup-PAY12990_0	331415837.0	331303385.0	181.0	112271.0	47.0	0.9989856297548604	0.9983904243588375	0.9999998581360908	0.00041845474456454	0.9995815452554354	0.9995815452554354	HG007	giabHC_x_ultima_x_clinvar	-1	-2	ont	sentdhuo
HUOv1_HG007_Z0120-sup-PAY12990_0-ont-sentdhuo-INS_50	INS_50	HUOv1_HG007_Z0120-sup-PAY12990_0	331415837.0	331399151.0	190.0	16496.0	25.0	0.9935254614990815	0.9886132086779336	0.9999999245622747	0.0015132255916712064	0.9984867744083288	0.9984867744083288	HG007	giabHC_x_ultima_x_clinvar	-1	-2	ont	sentdhuo
HUOv1_HG007_Z0120-sup-PAY12990_0-ont-sentdhuo-INS_gt50	INS_gt50	HUOv1_HG007_Z0120-sup-PAY12990_0	331415837.0	331415836.0	0.0	1.0	0.0	1.0	1.0	1.0	0.0	1.0	1.0	HG007	giabHC_x_ultima_x_clinvar	-1	-2	ont	sentdhuo
HUOv1_HG007_Z0120-sup-PAY12990_0-ont-sentdhuo-DEL_50	DEL_50	HUOv1_HG007_Z0120-sup-PAY12990_0	331415837.0	331398444.0	403.0	16990.0	10.0	0.9879917425057425	0.9768297590984879	0.9999999698248442	0.000588235294117647	0.9994117647058823	0.9994117647058823	HG007	giabHC_x_ultima_x_clinvar	-1	-2	ont	sentdhuo
HUOv1_HG007_Z0120-sup-PAY12990_0-ont-sentdhuo-DEL_gt50	DEL_gt50	HUOv1_HG007_Z0120-sup-PAY12990_0	331415837.0	331415836.0	0.0	1.0	0.0	1.0	1.0	1.0	0.0	1.0	1.0	HG007	giabHC_x_ultima_x_clinvar	-1	-2	ont	sentdhuo
HUOv1_HG007_Z0120-sup-PAY12990_0-ont-sentdhuo-Indel_50	Indel_50	HUOv1_HG007_Z0120-sup-PAY12990_0	331415837.0	331414831.0	6.0	1000.0	1.0	0.9965122072745392	0.9940357852882704	0.9999999969826335	0.000999000999000999	0.999000999000999	0.999000999000999	HG007	giabHC_x_ultima_x_clinvar	-1	-2	ont	sentdhuo
HUOv1_HG007_Z0120-sup-PAY12990_0-ont-sentdhuo-Indel_gt50	Indel_gt50	HUOv1_HG007_Z0120-sup-PAY12990_0	331415837.0	331415811.0	0.0	26.0	0.0	1.0	1.0	1.0	0.0	1.0	1.0	HG007	giabHC_x_ultima_x_clinvar	-1	-2	ont	sentdhuo
HUOv1_HG007_Z0120-sup-PAY12990_0-ont-sentdhuo-All	All	HUOv1_HG007_Z0120-sup-PAY12990_0	331415837.0	331015315.0	1104.0	399418.0	170.0	0.998407718938646	0.9972435971057769	0.9999994864288599	0.0004254382013473878	0.9995745617986526	0.9995745617986526	HG007	giabHC_x_ultima_x_clinvar	-1	-2	ont	sentdhuo
HUOv1_HG007_Z0120-sup-PBA20413_0-ont-sentdhuo-SNPts	SNPts	HUOv1_HG007_Z0120-sup-PBA20413_0	3088286401.0	3085990894.0	6027.0	2289480.0	516139.0	0.897637109924358	0.9973744362356551	0.9998327756928846	0.18396617644804944	0.8160338235519505	0.8160338235519505	HG007	hg38	-1	-2	ont	sentdhuo
HUOv1_HG007_Z0120-sup-PBA20413_0-ont-sentdhuo-SNPtv	SNPtv	HUOv1_HG007_Z0120-sup-PBA20413_0	3088286401.0	3087197493.0	5020.0	1083888.0	460384.0	0.8232540122589417	0.9953898768307332	0.9998508953976315	0.2981236466114778	0.7018763533885222	0.7018763533885223	HG007	hg38	-1	-2	ont	sentdhuo
HUOv1_HG007_Z0120-sup-PBA20413_0-ont-sentdhuo-INS_50	INS_50	HUOv1_HG007_Z0120-sup-PBA20413_0	3088286401.0	3088063497.0	24117.0	198787.0	129768.0	0.720949336215385	0.8918054409072964	0.9999579793138368	0.39496583524828416	0.6050341647517159	0.6050341647517159	HG007	hg38	-1	-2	ont	sentdhuo
HUOv1_HG007_Z0120-sup-PBA20413_0-ont-sentdhuo-INS_gt50	INS_gt50	HUOv1_HG007_Z0120-sup-PBA20413_0	3088286401.0	3088286347.0	32.0	22.0	2613.0	0.016362960208255856	0.4074074074074074	0.9999991539004174	0.9916508538899431	0.008349146110056882	0.008349146110056925	HG007	hg38	-1	-2	ont	sentdhuo
HUOv1_HG007_Z0120-sup-PBA20413_0-ont-sentdhuo-DEL_50	DEL_50	HUOv1_HG007_Z0120-sup-PBA20413_0	3088286401.0	3088062842.0	33233.0	190326.0	133040.0	0.6959857384467706	0.851345729762613	0.9999569198311624	0.4114223511439051	0.588577648856095	0.588577648856095	HG007	hg38	-1	-2	ont	sentdhuo
HUOv1_HG007_Z0120-sup-PBA20413_0-ont-sentdhuo-DEL_gt50	DEL_gt50	HUOv1_HG007_Z0120-sup-PBA20413_0	3088286401.0	3088286359.0	33.0	9.0	3219.0	0.005504587155963302	0.21428571428571427	0.9999989576754644	0.9972118959107806	0.0027881040892193676	0.0027881040892193307	HG007	hg38	-1	-2	ont	sentdhuo
HUOv1_HG007_Z0120-sup-PBA20413_0-ont-sentdhuo-Indel_50	Indel_50	HUOv1_HG007_Z0120-sup-PBA20413_0	3088286401.0	3088260106.0	4929.0	21366.0	22353.0	0.6103350758419744	0.8125499144324015	0.9999927619962562	0.5112879983531188	0.4887120016468812	0.4887120016468812	HG007	hg38	-1	-2	ont	sentdhuo
HUOv1_HG007_Z0120-sup-PBA20413_0-ont-sentdhuo-Indel_gt50	Indel_gt50	HUOv1_HG007_Z0120-sup-PBA20413_0	3088286401.0	3088285315.0	139.0	947.0	1823.0	0.49118257261410786	0.8720073664825047	0.9999994097051477	0.6581227436823105	0.3418772563176895	0.3418772563176895	HG007	hg38	-1	-2	ont	sentdhuo
HUOv1_HG007_Z0120-sup-PBA20413_0-ont-sentdhuo-All	All	HUOv1_HG007_Z0120-sup-PBA20413_0	3088286401.0	3084428046.0	73530.0	3784825.0	1269339.0	0.8493277826392291	0.980942655613597	0.9995886378858243	0.25114717290535093	0.7488528270946491	0.7488528270946491	HG007	hg38	-1	-2	ont	sentdhuo
HUOv1_HG007_Z0120-sup-PBA20413_0-ont-sentdhuo-SNPts	SNPts	HUOv1_HG007_Z0120-sup-PBA20413_0	377862616.0	377593021.0	914.0	268681.0	40345.0	0.9286942575537356	0.9966097294089282	0.9998931635717804	0.13055535780160893	0.869444642198391	0.8694446421983911	HG007	clinvar_genes	-1	-2	ont	sentdhuo
HUOv1_HG007_Z0120-sup-PBA20413_0-ont-sentdhuo-SNPtv	SNPtv	HUOv1_HG007_Z0120-sup-PBA20413_0	377862616.0	377740808.0	694.0	121114.0	24011.0	0.9074486856252317	0.9943025088664127	0.9999364392902876	0.1654504737295435	0.8345495262704565	0.8345495262704565	HG007	clinvar_genes	-1	-2	ont	sentdhuo
HUOv1_HG007_Z0120-sup-PBA20413_0-ont-sentdhuo-INS_50	INS_50	HUOv1_HG007_Z0120-sup-PBA20413_0	377862616.0	377836910.0	2811.0	22895.0	13522.0	0.7370861033755615	0.8906480977203766	0.9999642133530762	0.37131010242469176	0.6286898975753082	0.6286898975753082	HG007	clinvar_genes	-1	-2	ont	sentdhuo
HUOv1_HG007_Z0120-sup-PBA20413_0-ont-sentdhuo-INS_gt50	INS_gt50	HUOv1_HG007_Z0120-sup-PBA20413_0	377862616.0	377862608.0	4.0	4.0	363.0	0.02133333333333333	0.5	0.9999990393342882	0.989100817438692	0.010899182561307952	0.010899182561307902	HG007	clinvar_genes	-1	-2	ont	sentdhuo
HUOv1_HG007_Z0120-sup-PBA20413_0-ont-sentdhuo-DEL_50	DEL_50	HUOv1_HG007_Z0120-sup-PBA20413_0	377862616.0	377836957.0	3748.0	21911.0	13620.0	0.7161627716947214	0.85393039479325	0.9999639540050246	0.38332723537192875	0.6166727646280712	0.6166727646280713	HG007	clinvar_genes	-1	-2	ont	sentdhuo
HUOv1_HG007_Z0120-sup-PBA20413_0-ont-sentdhuo-DEL_gt50	DEL_gt50	HUOv1_HG007_Z0120-sup-PBA20413_0	377862616.0	377862608.0	4.0	4.0	480.0	0.016260162601626018	0.5	0.9999987296986257	0.9917355371900827	0.008264462809917328	0.008264462809917356	HG007	clinvar_genes	-1	-2	ont	sentdhuo
HUOv1_HG007_Z0120-sup-PBA20413_0-ont-sentdhuo-Indel_50	Indel_50	HUOv1_HG007_Z0120-sup-PBA20413_0	377862616.0	377860113.0	545.0	1958.0	2299.0	0.5792899408284023	0.7822612864562525	0.9999939157748244	0.5400516795865633	0.4599483204134367	0.4599483204134367	HG007	clinvar_genes	-1	-2	ont	sentdhuo
HUOv1_HG007_Z0120-sup-PBA20413_0-ont-sentdhuo-Indel_gt50	Indel_gt50	HUOv1_HG007_Z0120-sup-PBA20413_0	377862616.0	377862501.0	9.0	106.0	214.0	0.48735632183908045	0.9217391304347826	0.9999994336567449	0.66875	0.33125000000000004	0.33125	HG007	clinvar_genes	-1	-2	ont	sentdhuo
HUOv1_HG007_Z0120-sup-PBA20413_0-ont-sentdhuo-All	All	HUOv1_HG007_Z0120-sup-PBA20413_0	377862616.0	377417214.0	8729.0	436673.0	94854.0	0.8939708003345176	0.9804019739471309	0.9997487391581876	0.1784556570033131	0.8215443429966869	0.8215443429966869	HG007	clinvar_genes	-1	-2	ont	sentdhuo
HUOv1_HG007_Z0120-sup-PBA20413_0-ont-sentdhuo-SNPts	SNPts	HUOv1_HG007_Z0120-sup-PBA20413_0	2517124728.0	2514897223.0	4175.0	2223330.0	1149.0	0.9988041286761138	0.9981257056662051	0.9999995431226912	0.000516525442586781	0.9994834745574133	0.9994834745574133	HG007	giabHC	-1	-2	ont	sentdhuo
HUOv1_HG007_Z0120-sup-PBA20413_0-ont-sentdhuo-SNPtv	SNPtv	HUOv1_HG007_Z0120-sup-PBA20413_0	2517124728.0	2516068989.0	3601.0	1052138.0	582.0	0.9980160866300934	0.9965891190909875	0.9999997686868413	0.0005528535603009347	0.9994471464396991	0.9994471464396991	HG007	giabHC	-1	-2	ont	sentdhuo
HUOv1_HG007_Z0120-sup-PBA20413_0-ont-sentdhuo-INS_50	INS_50	HUOv1_HG007_Z0120-sup-PBA20413_0	2517124728.0	2516921131.0	21063.0	182534.0	2825.0	0.9385843128785776	0.8965456269001999	0.9999988775981915	0.015240695083594538	0.9847593049164055	0.9847593049164055	HG007	giabHC	-1	-2	ont	sentdhuo
HUOv1_HG007_Z0120-sup-PBA20413_0-ont-sentdhuo-INS_gt50	INS_gt50	HUOv1_HG007_Z0120-sup-PBA20413_0	2517124728.0	2517124719.0	1.0	8.0	0.0	0.9411764705882353	0.8888888888888888	1.0	0.0	1.0	1.0	HG007	giabHC	-1	-2	ont	sentdhuo
HUOv1_HG007_Z0120-sup-PBA20413_0-ont-sentdhuo-DEL_50	DEL_50	HUOv1_HG007_Z0120-sup-PBA20413_0	2517124728.0	2516919400.0	29874.0	175454.0	1067.0	0.9189705878501712	0.8545059611937973	0.9999995760692425	0.006044606590717252	0.9939553934092827	0.9939553934092827	HG007	giabHC	-1	-2	ont	sentdhuo
HUOv1_HG007_Z0120-sup-PBA20413_0-ont-sentdhuo-DEL_gt50	DEL_gt50	HUOv1_HG007_Z0120-sup-PBA20413_0	2517124728.0	2517124727.0	0.0	1.0	1.0	0.6666666666666666	1.0	0.9999999996027213	0.5	0.5	0.5	HG007	giabHC	-1	-2	ont	sentdhuo
HUOv1_HG007_Z0120-sup-PBA20413_0-ont-sentdhuo-Indel_50	Indel_50	HUOv1_HG007_Z0120-sup-PBA20413_0	2517124728.0	2517103671.0	4153.0	16904.0	320.0	0.8831535226352498	0.8027734245144132	0.9999998728697737	0.018578727357176035	0.981421272642824	0.981421272642824	HG007	giabHC	-1	-2	ont	sentdhuo
HUOv1_HG007_Z0120-sup-PBA20413_0-ont-sentdhuo-Indel_gt50	Indel_gt50	HUOv1_HG007_Z0120-sup-PBA20413_0	2517124728.0	2517124369.0	13.0	346.0	0.0	0.9815602836879432	0.9637883008356546	1.0	0.0	1.0	1.0	HG007	giabHC	-1	-2	ont	sentdhuo
HUOv1_HG007_Z0120-sup-PBA20413_0-ont-sentdhuo-All	All	HUOv1_HG007_Z0120-sup-PBA20413_0	2517124728.0	2513411133.0	62880.0	3650715.0	5944.0	0.9906619229133758	0.9830676204594201	0.9999976350920607	0.0016255275649164989	0.9983744724350835	0.9983744724350835	HG007	giabHC	-1	-2	ont	sentdhuo
HUOv1_HG007_Z0120-sup-PBA20413_0-ont-sentdhuo-SNPts	SNPts	HUOv1_HG007_Z0120-sup-PBA20413_0	2495800245.0	2493623108.0	2042.0	2175095.0	644.0	0.9993829367066738	0.9990620709675138	0.9999997417413115	0.0002959913849960864	0.9997040086150039	0.9997040086150039	HG007	giabHC_x_ultima	-1	-2	ont	sentdhuo
HUOv1_HG007_Z0120-sup-PBA20413_0-ont-sentdhuo-SNPtv	SNPtv	HUOv1_HG007_Z0120-sup-PBA20413_0	2495800245.0	2494778642.0	1348.0	1020255.0	325.0	0.9991807786079897	0.9986805050494174	0.9999998697279381	0.0003184463736306806	0.9996815536263693	0.9996815536263693	HG007	giabHC_x_ultima	-1	-2	ont	sentdhuo
HUOv1_HG007_Z0120-sup-PBA20413_0-ont-sentdhuo-INS_50	INS_50	HUOv1_HG007_Z0120-sup-PBA20413_0	2495800245.0	2495654757.0	1396.0	144092.0	178.0	0.9945678807832743	0.990404706917409	0.9999999286760372	0.0012337977403479587	0.9987662022596521	0.9987662022596521	HG007	giabHC_x_ultima	-1	-2	ont	sentdhuo
HUOv1_HG007_Z0120-sup-PBA20413_0-ont-sentdhuo-INS_gt50	INS_gt50	HUOv1_HG007_Z0120-sup-PBA20413_0	2495800245.0	2495800243.0	0.0	2.0	0.0	1.0	1.0	1.0	0.0	1.0	1.0	HG007	giabHC_x_ultima	-1	-2	ont	sentdhuo
HUOv1_HG007_Z0120-sup-PBA20413_0-ont-sentdhuo-DEL_50	DEL_50	HUOv1_HG007_Z0120-sup-PBA20413_0	2495800245.0	2495649210.0	3247.0	147788.0	57.0	0.9889453961456103	0.9785016717979277	0.9999999771602521	0.00038553890899252594	0.9996144610910075	0.9996144610910075	HG007	giabHC_x_ultima	-1	-2	ont	sentdhuo
HUOv1_HG007_Z0120-sup-PBA20413_0-ont-sentdhuo-DEL_gt50	DEL_gt50	HUOv1_HG007_Z0120-sup-PBA20413_0	2495800245.0	2495800244.0	0.0	1.0	1.0	0.6666666666666666	1.0	0.999999999599327	0.5	0.5	0.5	HG007	giabHC_x_ultima	-1	-2	ont	sentdhuo
HUOv1_HG007_Z0120-sup-PBA20413_0-ont-sentdhuo-Indel_50	Indel_50	HUOv1_HG007_Z0120-sup-PBA20413_0	2495800245.0	2495788669.0	37.0	11539.0	4.0	0.9982265668930317	0.9968037318590186	0.9999999983973002	0.0003465303647232089	0.9996534696352768	0.9996534696352768	HG007	giabHC_x_ultima	-1	-2	ont	sentdhuo
HUOv1_HG007_Z0120-sup-PBA20413_0-ont-sentdhuo-Indel_gt50	Indel_gt50	HUOv1_HG007_Z0120-sup-PBA20413_0	2495800245.0	2495799950.0	0.0	295.0	0.0	1.0	1.0	1.0	0.0	1.0	1.0	HG007	giabHC_x_ultima	-1	-2	ont	sentdhuo
HUOv1_HG007_Z0120-sup-PBA20413_0-ont-sentdhuo-All	All	HUOv1_HG007_Z0120-sup-PBA20413_0	2495800245.0	2492293108.0	8070.0	3499067.0	1209.0	0.9986758308665409	0.9976989778272135	0.9999995149048041	0.0003454013340662279	0.9996545986659338	0.9996545986659338	HG007	giabHC_x_ultima	-1	-2	ont	sentdhuo
HUOv1_HG007_Z0120-sup-PBA20413_0-ont-sentdhuo-SNPts	SNPts	HUOv1_HG007_Z0120-sup-PBA20413_0	2799325643.0	2797093243.0	2571.0	2229829.0	180593.0	0.9605489936939215	0.9988483246729977	0.9999354396420987	0.07492173569607313	0.9250782643039268	0.9250782643039268	HG007	ultima	-1	-2	ont	sentdhuo
HUOv1_HG007_Z0120-sup-PBA20413_0-ont-sentdhuo-SNPtv	SNPtv	HUOv1_HG007_Z0120-sup-PBA20413_0	2799325643.0	2798278500.0	1684.0	1045459.0	103207.0	0.9522312733029149	0.9983918146805164	0.9999631190413582	0.08984944274488842	0.9101505572551116	0.9101505572551116	HG007	ultima	-1	-2	ont	sentdhuo
HUOv1_HG007_Z0120-sup-PBA20413_0-ont-sentdhuo-INS_50	INS_50	HUOv1_HG007_Z0120-sup-PBA20413_0	2799325643.0	2799170539.0	1649.0	153455.0	35308.0	0.8925253077497985	0.9893684237672787	0.9999873864224605	0.18704936878519626	0.8129506312148037	0.8129506312148037	HG007	ultima	-1	-2	ont	sentdhuo
HUOv1_HG007_Z0120-sup-PBA20413_0-ont-sentdhuo-INS_gt50	INS_gt50	HUOv1_HG007_Z0120-sup-PBA20413_0	2799325643.0	2799325623.0	15.0	5.0	719.0	0.013440860215053762	0.25	0.9999997431524902	0.9930939226519337	0.006906077348066253	0.006906077348066298	HG007	ultima	-1	-2	ont	sentdhuo
HUOv1_HG007_Z0120-sup-PBA20413_0-ont-sentdhuo-DEL_50	DEL_50	HUOv1_HG007_Z0120-sup-PBA20413_0	2799325643.0	2799164320.0	3689.0	157634.0	48319.0	0.8583953212298108	0.9771328328880569	0.9999827383603065	0.23461178035765443	0.7653882196423456	0.7653882196423456	HG007	ultima	-1	-2	ont	sentdhuo
HUOv1_HG007_Z0120-sup-PBA20413_0-ont-sentdhuo-DEL_gt50	DEL_gt50	HUOv1_HG007_Z0120-sup-PBA20413_0	2799325643.0	2799325610.0	27.0	6.0	1475.0	0.007926023778071334	0.18181818181818182	0.9999994730876546	0.9959486833220796	0.004051316677920358	0.004051316677920324	HG007	ultima	-1	-2	ont	sentdhuo
HUOv1_HG007_Z0120-sup-PBA20413_0-ont-sentdhuo-Indel_50	Indel_50	HUOv1_HG007_Z0120-sup-PBA20413_0	2799325643.0	2799311161.0	42.0	14440.0	5569.0	0.837319880548549	0.9970998480872808	0.9999980105859618	0.27832475386076266	0.7216752461392373	0.7216752461392374	HG007	ultima	-1	-2	ont	sentdhuo
HUOv1_HG007_Z0120-sup-PBA20413_0-ont-sentdhuo-Indel_gt50	Indel_gt50	HUOv1_HG007_Z0120-sup-PBA20413_0	2799325643.0	2799324863.0	3.0	777.0	598.0	0.7211136890951276	0.9961538461538462	0.9999997863771082	0.4349090909090909	0.5650909090909091	0.5650909090909091	HG007	ultima	-1	-2	ont	sentdhuo
HUOv1_HG007_Z0120-sup-PBA20413_0-ont-sentdhuo-All	All	HUOv1_HG007_Z0120-sup-PBA20413_0	2799325643.0	2795714358.0	9680.0	3601605.0	375788.0	0.9492048549167589	0.9973195136911099	0.9998656023302619	0.09448098289507725	0.9055190171049228	0.9055190171049228	HG007	ultima	-1	-2	ont	sentdhuo
HUOv1_HG007_Z0120-sup-PBA20413_0-ont-sentdhuo-SNPts	SNPts	HUOv1_HG007_Z0120-sup-PBA20413_0	336298106.0	336036077.0	671.0	261358.0	180.0	0.9983746110812942	0.9974392147434062	0.9999994643435157	0.0006882365086526624	0.9993117634913473	0.9993117634913473	HG007	giabHC_x_clinvar_genes	-1	-2	ont	sentdhuo
HUOv1_HG007_Z0120-sup-PBA20413_0-ont-sentdhuo-SNPtv	SNPtv	HUOv1_HG007_Z0120-sup-PBA20413_0	336298106.0	336180085.0	507.0	117514.0	106.0	0.9973985851358635	0.9957041543454132	0.9999996846929032	0.000901207277673865	0.9990987927223262	0.9990987927223262	HG007	giabHC_x_clinvar_genes	-1	-2	ont	sentdhuo
HUOv1_HG007_Z0120-sup-PBA20413_0-ont-sentdhuo-INS_50	INS_50	HUOv1_HG007_Z0120-sup-PBA20413_0	336298106.0	336274466.0	2522.0	21118.0	320.0	0.9369537246550425	0.8933164128595601	0.999999048397283	0.014926765556488478	0.9850732344435115	0.9850732344435115	HG007	giabHC_x_clinvar_genes	-1	-2	ont	sentdhuo
HUOv1_HG007_Z0120-sup-PBA20413_0-ont-sentdhuo-INS_gt50	INS_gt50	HUOv1_HG007_Z0120-sup-PBA20413_0	336298106.0	336298102.0	0.0	4.0	0.0	1.0	1.0	1.0	0.0	1.0	1.0	HG007	giabHC_x_clinvar_genes	-1	-2	ont	sentdhuo
HUOv1_HG007_Z0120-sup-PBA20413_0-ont-sentdhuo-DEL_50	DEL_50	HUOv1_HG007_Z0120-sup-PBA20413_0	336298106.0	336274453.0	3375.0	20278.0	124.0	0.9205765520372263	0.8573119688834397	0.999999631253718	0.006077835506322909	0.9939221644936771	0.9939221644936771	HG007	giabHC_x_clinvar_genes	-1	-2	ont	sentdhuo
HUOv1_HG007_Z0120-sup-PBA20413_0-ont-sentdhuo-DEL_gt50	DEL_gt50	HUOv1_HG007_Z0120-sup-PBA20413_0	336298106.0	336298105.0	0.0	1.0	1.0	0.6666666666666666	1.0	0.9999999970264477	0.5	0.5	0.5	HG007	giabHC_x_clinvar_genes	-1	-2	ont	sentdhuo
HUOv1_HG007_Z0120-sup-PBA20413_0-ont-sentdhuo-Indel_50	Indel_50	HUOv1_HG007_Z0120-sup-PBA20413_0	336298106.0	336296138.0	449.0	1519.0	32.0	0.8633134413185565	0.771849593495935	0.9999999048457793	0.020631850419084462	0.9793681495809156	0.9793681495809156	HG007	giabHC_x_clinvar_genes	-1	-2	ont	sentdhuo
HUOv1_HG007_Z0120-sup-PBA20413_0-ont-sentdhuo-Indel_gt50	Indel_gt50	HUOv1_HG007_Z0120-sup-PBA20413_0	336298106.0	336298069.0	2.0	35.0	0.0	0.9722222222222222	0.9459459459459459	1.0	0.0	1.0	1.0	HG007	giabHC_x_clinvar_genes	-1	-2	ont	sentdhuo
HUOv1_HG007_Z0120-sup-PBA20413_0-ont-sentdhuo-All	All	HUOv1_HG007_Z0120-sup-PBA20413_0	336298106.0	335868753.0	7526.0	421827.0	763.0	0.9902704758416937	0.982471299839526	0.9999977282844568	0.0018055325492794434	0.9981944674507206	0.9981944674507206	HG007	giabHC_x_clinvar_genes	-1	-2	ont	sentdhuo
HUOv1_HG007_Z0120-sup-PBA20413_0-ont-sentdhuo-SNPts	SNPts	HUOv1_HG007_Z0120-sup-PBA20413_0	331415837.0	331162879.0	314.0	252644.0	73.0	0.9992346863103772	0.998758687212897	0.9999997795647141	0.00028886066232188575	0.9997111393376781	0.9997111393376781	HG007	giabHC_x_ultima_x_clinvar	-1	-2	ont	sentdhuo
HUOv1_HG007_Z0120-sup-PBA20413_0-ont-sentdhuo-SNPtv	SNPtv	HUOv1_HG007_Z0120-sup-PBA20413_0	331415837.0	331303387.0	182.0	112268.0	48.0	0.9989767135598799	0.9983815028901734	0.9999998551177111	0.000427365646924748	0.9995726343530753	0.9995726343530753	HG007	giabHC_x_ultima_x_clinvar	-1	-2	ont	sentdhuo
HUOv1_HG007_Z0120-sup-PBA20413_0-ont-sentdhuo-INS_50	INS_50	HUOv1_HG007_Z0120-sup-PBA20413_0	331415837.0	331399147.0	177.0	16513.0	29.0	0.9938011555127588	0.9893948472139006	0.9999999124922386	0.0017531132873896747	0.9982468867126103	0.9982468867126103	HG007	giabHC_x_ultima_x_clinvar	-1	-2	ont	sentdhuo
HUOv1_HG007_Z0120-sup-PBA20413_0-ont-sentdhuo-INS_gt50	INS_gt50	HUOv1_HG007_Z0120-sup-PBA20413_0	331415837.0	331415836.0	0.0	1.0	0.0	1.0	1.0	1.0	0.0	1.0	1.0	HG007	giabHC_x_ultima_x_clinvar	-1	-2	ont	sentdhuo
HUOv1_HG007_Z0120-sup-PBA20413_0-ont-sentdhuo-DEL_50	DEL_50	HUOv1_HG007_Z0120-sup-PBA20413_0	331415837.0	331398446.0	381.0	17010.0	11.0	0.9886086248982913	0.9780921166120408	0.9999999668073288	0.0006462605017331531	0.9993537394982669	0.9993537394982669	HG007	giabHC_x_ultima_x_clinvar	-1	-2	ont	sentdhuo
HUOv1_HG007_Z0120-sup-PBA20413_0-ont-sentdhuo-DEL_gt50	DEL_gt50	HUOv1_HG007_Z0120-sup-PBA20413_0	331415837.0	331415836.0	0.0	1.0	1.0	0.6666666666666666	1.0	0.9999999969826426	0.5	0.5	0.5	HG007	giabHC_x_ultima_x_clinvar	-1	-2	ont	sentdhuo
HUOv1_HG007_Z0120-sup-PBA20413_0-ont-sentdhuo-Indel_50	Indel_50	HUOv1_HG007_Z0120-sup-PBA20413_0	331415837.0	331414833.0	6.0	998.0	1.0	0.9965052421367948	0.9940239043824701	0.9999999969826335	0.001001001001001001	0.998998998998999	0.998998998998999	HG007	giabHC_x_ultima_x_clinvar	-1	-2	ont	sentdhuo
HUOv1_HG007_Z0120-sup-PBA20413_0-ont-sentdhuo-Indel_gt50	Indel_gt50	HUOv1_HG007_Z0120-sup-PBA20413_0	331415837.0	331415811.0	0.0	26.0	0.0	1.0	1.0	1.0	0.0	1.0	1.0	HG007	giabHC_x_ultima_x_clinvar	-1	-2	ont	sentdhuo
HUOv1_HG007_Z0120-sup-PBA20413_0-ont-sentdhuo-All	All	HUOv1_HG007_Z0120-sup-PBA20413_0	331415837.0	331015316.0	1060.0	399461.0	163.0	0.9984715270357247	0.9973534471351065	0.999999507575898	0.00040788341040578146	0.9995921165895942	0.9995921165895942	HG007	giabHC_x_ultima_x_clinvar	-1	-2	ont	sentdhuo
