mqc_id	VariantClass	Sample	TgtRegionSize	TN	FN	TP	FP	Fscore	Sensitivity-Recall	Specificity	FDR	PPV	Precision	AltId	ROI	AllVarMeanDP	CovBin	Aligner	SNVCaller
I30x_HG001_grapev1_0-dragen-dragen-SNPts	SNPts	I30x_HG001_grapev1_0	334933992.0	334674314.0	719.0	258959.0	468.0	0.9977133720538234	0.9972311863153598	0.9999986016275346	0.0018039756848747433	0.9981960243151252	0.9981960243151252	HG001	giabHC_x_clinvar_genes	-1	-2	dragen	dragen
I30x_HG001_grapev1_0-dragen-dragen-SNPtv	SNPtv	I30x_HG001_grapev1_0	334933992.0	334816943.0	383.0	116666.0	202.0	0.9974991129332199	0.9967278661073568	0.9999993966856148	0.0017284457678748673	0.9982715542321251	0.9982715542321251	HG001	giabHC_x_clinvar_genes	-1	-2	dragen	dragen
I30x_HG001_grapev1_0-dragen-dragen-INS_50	INS_50	I30x_HG001_grapev1_0	334933992.0	334909705.0	111.0	24176.0	28.0	0.9971334886886227	0.9954296537242145	0.9999999163953829	0.0011568335812262437	0.9988431664187738	0.9988431664187738	HG001	giabHC_x_clinvar_genes	-1	-2	dragen	dragen
I30x_HG001_grapev1_0-dragen-dragen-INS_gt50	INS_gt50	I30x_HG001_grapev1_0	334933992.0	334933992.0	0.0	0.0	0.0			1.0				HG001	giabHC_x_clinvar_genes	-1	-2	dragen	dragen
I30x_HG001_grapev1_0-dragen-dragen-DEL_50	DEL_50	I30x_HG001_grapev1_0	334933992.0	334907902.0	59.0	26031.0	33.0	0.9982359934041493	0.9977385971636642	0.9999999014654579	0.0012661141804788214	0.9987338858195212	0.9987338858195212	HG001	giabHC_x_clinvar_genes	-1	-2	dragen	dragen
I30x_HG001_grapev1_0-dragen-dragen-DEL_gt50	DEL_gt50	I30x_HG001_grapev1_0	334933992.0	334933992.0	0.0	0.0	0.0			1.0				HG001	giabHC_x_clinvar_genes	-1	-2	dragen	dragen
I30x_HG001_grapev1_0-dragen-dragen-Indel_50	Indel_50	I30x_HG001_grapev1_0	334933992.0	334931203.0	9.0	2780.0	5.0	0.9974883387154646	0.9967730369307995	0.9999999850715613	0.0017953321364452424	0.9982046678635548	0.9982046678635548	HG001	giabHC_x_clinvar_genes	-1	-2	dragen	dragen
I30x_HG001_grapev1_0-dragen-dragen-Indel_gt50	Indel_gt50	I30x_HG001_grapev1_0	334933992.0	334933961.0	1.0	30.0	0.0	0.9836065573770492	0.967741935483871	1.0	0.0	1.0	1.0	HG001	giabHC_x_clinvar_genes	-1	-2	dragen	dragen
I30x_HG001_grapev1_0-dragen-dragen-All	All	I30x_HG001_grapev1_0	334933992.0	334504068.0	1282.0	428642.0	736.0	0.9976515823307753	0.9970180776137177	0.999997799732646	0.0017141073832380792	0.9982858926167619	0.9982858926167619	HG001	giabHC_x_clinvar_genes	-1	-2	dragen	dragen
I30x_HG001_grapev1_0-dragen-dragen-SNPts	SNPts	I30x_HG001_grapev1_0	2799325643.0	2797106007.0	2419.0	2217217.0	194643.0	0.9574517607269877	0.9989101816694269	0.9999304175616589	0.08070244541557138	0.9192975545844286	0.9192975545844286	HG001	ultima	-1	-2	dragen	dragen
I30x_HG001_grapev1_0-dragen-dragen-SNPtv	SNPtv	I30x_HG001_grapev1_0	2799325643.0	2798285109.0	1428.0	1039106.0	109569.0	0.9492981254873335	0.9986276277372964	0.9999608457660167	0.09538729405619518	0.9046127059438048	0.9046127059438048	HG001	ultima	-1	-2	dragen	dragen
I30x_HG001_grapev1_0-dragen-dragen-INS_50	INS_50	I30x_HG001_grapev1_0	2799325643.0	2799164692.0	413.0	160538.0	32188.0	0.9078226743610694	0.9974340016526769	0.9999885009874689	0.1670143104718616	0.8329856895281385	0.8329856895281383	HG001	ultima	-1	-2	dragen	dragen
I30x_HG001_grapev1_0-dragen-dragen-INS_gt50	INS_gt50	I30x_HG001_grapev1_0	2799325643.0	2799325624.0	15.0	4.0	343.0	0.021857923497267756	0.21052631578947367	0.999999877470504	0.9884726224783862	0.011527377521613813	0.011527377521613832	HG001	ultima	-1	-2	dragen	dragen
I30x_HG001_grapev1_0-dragen-dragen-DEL_50	DEL_50	I30x_HG001_grapev1_0	2799325643.0	2799153558.0	378.0	171707.0	43672.0	0.8863120186649598	0.9978034111049772	0.9999843983841039	0.20276814359802953	0.7972318564019705	0.7972318564019705	HG001	ultima	-1	-2	dragen	dragen
I30x_HG001_grapev1_0-dragen-dragen-DEL_gt50	DEL_gt50	I30x_HG001_grapev1_0	2799325643.0	2799325619.0	24.0	0.0	168.0		0.0	0.9999999399855491	1.0	0.0	0.0	HG001	ultima	-1	-2	dragen	dragen
I30x_HG001_grapev1_0-dragen-dragen-Indel_50	Indel_50	I30x_HG001_grapev1_0	2799325643.0	2799307997.0	8.0	17638.0	4098.0	0.8957391701792697	0.9995466394650345	0.9999985360689123	0.18853514906146485	0.8114648509385352	0.8114648509385352	HG001	ultima	-1	-2	dragen	dragen
I30x_HG001_grapev1_0-dragen-dragen-Indel_gt50	Indel_gt50	I30x_HG001_grapev1_0	2799325643.0	2799324678.0	4.0	961.0	611.0	0.7575877020102484	0.9958549222797928	0.9999997817331189	0.388676844783715	0.611323155216285	0.611323155216285	HG001	ultima	-1	-2	dragen	dragen
I30x_HG001_grapev1_0-dragen-dragen-All	All	I30x_HG001_grapev1_0	2799325643.0	2795713783.0	4689.0	3607171.0	385292.0	0.9487158817425297	0.998701776923801	0.9998622037382563	0.09650483924334427	0.9034951607566557	0.9034951607566557	HG001	ultima	-1	-2	dragen	dragen
I30x_HG001_grapev1_0-dragen-dragen-SNPts	SNPts	I30x_HG001_grapev1_0	2512291789.0	2510084005.0	5719.0	2202065.0	2398.0	0.9981603477774477	0.9974096197816453	0.9999990446544003	0.0010877932630304976	0.9989122067369695	0.9989122067369695	HG001	giabHC	-1	-2	dragen	dragen
I30x_HG001_grapev1_0-dragen-dragen-SNPtv	SNPtv	I30x_HG001_grapev1_0	2512291789.0	2511246511.0	3160.0	1042118.0	1439.0	0.9977982942645064	0.9969768807915215	0.9999994269781285	0.0013789376143325185	0.9986210623856675	0.9986210623856675	HG001	giabHC	-1	-2	dragen	dragen
I30x_HG001_grapev1_0-dragen-dragen-INS_50	INS_50	I30x_HG001_grapev1_0	2512291789.0	2512079491.0	689.0	211609.0	166.0	0.9979838376883226	0.9967545619836268	0.9999999339192929	0.0007838507850312832	0.9992161492149687	0.9992161492149687	HG001	giabHC	-1	-2	dragen	dragen
I30x_HG001_grapev1_0-dragen-dragen-INS_gt50	INS_gt50	I30x_HG001_grapev1_0	2512291789.0	2512291788.0	0.0	1.0	0.0	1.0	1.0	1.0	0.0	1.0	1.0	HG001	giabHC	-1	-2	dragen	dragen
I30x_HG001_grapev1_0-dragen-dragen-DEL_50	DEL_50	I30x_HG001_grapev1_0	2512291789.0	2512064622.0	423.0	226744.0	217.0	0.9985907057041186	0.9981379337667883	0.9999999136168793	0.0009561114023995312	0.9990438885976005	0.9990438885976005	HG001	giabHC	-1	-2	dragen	dragen
I30x_HG001_grapev1_0-dragen-dragen-DEL_gt50	DEL_gt50	I30x_HG001_grapev1_0	2512291789.0	2512291789.0	0.0	0.0	0.0			1.0				HG001	giabHC	-1	-2	dragen	dragen
I30x_HG001_grapev1_0-dragen-dragen-Indel_50	Indel_50	I30x_HG001_grapev1_0	2512291789.0	2512263657.0	84.0	28048.0	23.0	0.9980961870362792	0.9970140764965164	0.9999999908449101	0.0008193509315663853	0.9991806490684336	0.9991806490684336	HG001	giabHC	-1	-2	dragen	dragen
I30x_HG001_grapev1_0-dragen-dragen-Indel_gt50	Indel_gt50	I30x_HG001_grapev1_0	2512291789.0	2512291528.0	2.0	259.0	0.0	0.9961538461538463	0.9923371647509579	1.0	0.0	1.0	1.0	HG001	giabHC	-1	-2	dragen	dragen
I30x_HG001_grapev1_0-dragen-dragen-All	All	I30x_HG001_grapev1_0	2512291789.0	2508570868.0	10077.0	3710844.0	4243.0	0.9980742355306773	0.9972917995302776	0.9999983086015717	0.0011420997677847114	0.9988579002322153	0.9988579002322153	HG001	giabHC	-1	-2	dragen	dragen
I30x_HG001_grapev1_0-dragen-dragen-SNPts	SNPts	I30x_HG001_grapev1_0	377862616.0	377595314.0	955.0	266347.0	36757.0	0.9338856884394623	0.9964272620481702	0.9999026645170717	0.12126860747466216	0.8787313925253378	0.8787313925253378	HG001	clinvar_genes	-1	-2	dragen	dragen
I30x_HG001_grapev1_0-dragen-dragen-SNPtv	SNPtv	I30x_HG001_grapev1_0	377862616.0	377741561.0	563.0	120492.0	21815.0	0.9150295031173822	0.9953492214282764	0.9999422522102831	0.15329534035570982	0.8467046596442902	0.8467046596442902	HG001	clinvar_genes	-1	-2	dragen	dragen
I30x_HG001_grapev1_0-dragen-dragen-INS_50	INS_50	I30x_HG001_grapev1_0	377862616.0	377835185.0	239.0	27192.0	19946.0	0.7293111078330137	0.9912872297765302	0.9999472125733817	0.42314056599770883	0.5768594340022912	0.5768594340022911	HG001	clinvar_genes	-1	-2	dragen	dragen
I30x_HG001_grapev1_0-dragen-dragen-INS_gt50	INS_gt50	I30x_HG001_grapev1_0	377862616.0	377862612.0	4.0	0.0	174.0		0.0	0.9999995395153838	1.0	0.0	0.0	HG001	clinvar_genes	-1	-2	dragen	dragen
I30x_HG001_grapev1_0-dragen-dragen-DEL_50	DEL_50	I30x_HG001_grapev1_0	377862616.0	377833602.0	125.0	28889.0	19132.0	0.7500227169468424	0.995691735024471	0.9999493665169563	0.3984090293829783	0.6015909706170217	0.6015909706170217	HG001	clinvar_genes	-1	-2	dragen	dragen
I30x_HG001_grapev1_0-dragen-dragen-DEL_gt50	DEL_gt50	I30x_HG001_grapev1_0	377862616.0	377862606.0	10.0	0.0	54.0		0.0	0.9999998570909335	1.0	0.0	0.0	HG001	clinvar_genes	-1	-2	dragen	dragen
I30x_HG001_grapev1_0-dragen-dragen-Indel_50	Indel_50	I30x_HG001_grapev1_0	377862616.0	377858786.0	23.0	3807.0	5109.0	0.5973638788639574	0.9939947780678852	0.999986479258623	0.573014804845222	0.42698519515477795	0.42698519515477795	HG001	clinvar_genes	-1	-2	dragen	dragen
I30x_HG001_grapev1_0-dragen-dragen-Indel_gt50	Indel_gt50	I30x_HG001_grapev1_0	377862616.0	377862461.0	5.0	150.0	301.0	0.49504950495049505	0.967741935483871	0.9999992034144926	0.6674057649667405	0.33259423503325947	0.3325942350332594	HG001	clinvar_genes	-1	-2	dragen	dragen
I30x_HG001_grapev1_0-dragen-dragen-All	All	I30x_HG001_grapev1_0	377862616.0	377413815.0	1924.0	446877.0	103288.0	0.8946790981875258	0.9957130220298083	0.9997264017996027	0.18774004162387647	0.8122599583761235	0.8122599583761235	HG001	clinvar_genes	-1	-2	dragen	dragen
I30x_HG001_grapev1_0-dragen-dragen-SNPts	SNPts	I30x_HG001_grapev1_0	3088286401.0	3086011627.0	7397.0	2267377.0	377247.0	0.9218107581456105	0.9967482483974233	0.9998777707491179	0.1426467429774516	0.8573532570225484	0.8573532570225484	HG001	hg38	-1	-2	dragen	dragen
I30x_HG001_grapev1_0-dragen-dragen-SNPtv	SNPtv	I30x_HG001_grapev1_0	3088286401.0	3087206890.0	4271.0	1075240.0	283969.0	0.8818068494948169	0.9960435789908579	0.999908025962515	0.208922248160511	0.791077751839489	0.791077751839489	HG001	hg38	-1	-2	dragen	dragen
I30x_HG001_grapev1_0-dragen-dragen-INS_50	INS_50	I30x_HG001_grapev1_0	3088286401.0	3088044682.0	1669.0	240050.0	185438.0	0.7195667911158006	0.993095288330665	0.9999399533089198	0.4358242770653932	0.5641757229346068	0.5641757229346068	HG001	hg38	-1	-2	dragen	dragen
I30x_HG001_grapev1_0-dragen-dragen-INS_gt50	INS_gt50	I30x_HG001_grapev1_0	3088286401.0	3088286368.0	27.0	6.0	1516.0	0.007717041800643086	0.18181818181818182	0.9999995091131213	0.9960578186596584	0.003942181340341633	0.003942181340341655	HG001	hg38	-1	-2	dragen	dragen
I30x_HG001_grapev1_0-dragen-dragen-DEL_50	DEL_50	I30x_HG001_grapev1_0	3088286401.0	3088031401.0	1074.0	253926.0	184667.0	0.732204621442258	0.9957882352941176	0.9999402026943925	0.42104411151112764	0.5789558884888724	0.5789558884888724	HG001	hg38	-1	-2	dragen	dragen
I30x_HG001_grapev1_0-dragen-dragen-DEL_gt50	DEL_gt50	I30x_HG001_grapev1_0	3088286401.0	3088286362.0	37.0	2.0	495.0	0.00746268656716418	0.05128205128205128	0.9999998397169619	0.9959758551307847	0.004024144869215318	0.004024144869215292	HG001	hg38	-1	-2	dragen	dragen
I30x_HG001_grapev1_0-dragen-dragen-Indel_50	Indel_50	I30x_HG001_grapev1_0	3088286401.0	3088247268.0	222.0	38911.0	49654.0	0.6094222305752636	0.9943270385608055	0.9999839218827548	0.5606503697849038	0.4393496302150962	0.43934963021509627	HG001	hg38	-1	-2	dragen	dragen
I30x_HG001_grapev1_0-dragen-dragen-Indel_gt50	Indel_gt50	I30x_HG001_grapev1_0	3088286401.0	3088284868.0	33.0	1500.0	2879.0	0.5074424898511501	0.9784735812133072	0.9999990677682147	0.6574560401918246	0.3425439598081754	0.34254395980817537	HG001	hg38	-1	-2	dragen	dragen
I30x_HG001_grapev1_0-dragen-dragen-All	All	I30x_HG001_grapev1_0	3088286401.0	3084394659.0	14730.0	3877012.0	1085865.0	0.8757038558067829	0.9962150625606734	0.9996480726449077	0.21879748379820818	0.7812025162017918	0.7812025162017918	HG001	hg38	-1	-2	dragen	dragen
I30x_HG001_grapev1_0-dragen-dragen-SNPts	SNPts	I30x_HG001_grapev1_0	2490378273.0	2488213078.0	1960.0	2163235.0	1159.0	0.9992796082953832	0.9990947697551491	0.9999995342040959	0.000535484759244389	0.9994645152407556	0.9994645152407556	HG001	giabHC_x_ultima	-1	-2	dragen	dragen
I30x_HG001_grapev1_0-dragen-dragen-SNPtv	SNPtv	I30x_HG001_grapev1_0	2490378273.0	2489363443.0	1091.0	1013739.0	850.0	0.9990435686272771	0.9989249430939172	0.999999658547364	0.0008377776616935528	0.9991622223383064	0.9991622223383064	HG001	giabHC_x_ultima	-1	-2	dragen	dragen
I30x_HG001_grapev1_0-dragen-dragen-INS_50	INS_50	I30x_HG001_grapev1_0	2490378273.0	2490230750.0	220.0	147303.0	57.0	0.9990606443911653	0.9985087071168564	0.9999999771105554	0.0003868078175895765	0.9996131921824104	0.9996131921824104	HG001	giabHC_x_ultima	-1	-2	dragen	dragen
I30x_HG001_grapev1_0-dragen-dragen-INS_gt50	INS_gt50	I30x_HG001_grapev1_0	2490378273.0	2490378273.0	0.0	0.0	0.0			1.0				HG001	giabHC_x_ultima	-1	-2	dragen	dragen
I30x_HG001_grapev1_0-dragen-dragen-DEL_50	DEL_50	I30x_HG001_grapev1_0	2490378273.0	2490220807.0	142.0	157324.0	86.0	0.9992759054357906	0.9990982180280188	0.9999999654649111	0.0005463439425703576	0.9994536560574296	0.9994536560574296	HG001	giabHC_x_ultima	-1	-2	dragen	dragen
I30x_HG001_grapev1_0-dragen-dragen-DEL_gt50	DEL_gt50	I30x_HG001_grapev1_0	2490378273.0	2490378273.0	0.0	0.0	0.0			1.0				HG001	giabHC_x_ultima	-1	-2	dragen	dragen
I30x_HG001_grapev1_0-dragen-dragen-Indel_50	Indel_50	I30x_HG001_grapev1_0	2490378273.0	2490366228.0	4.0	12041.0	6.0	0.999584924456251	0.9996679119966791	0.9999999975907158	0.0004980493068813813	0.9995019506931186	0.9995019506931186	HG001	giabHC_x_ultima	-1	-2	dragen	dragen
I30x_HG001_grapev1_0-dragen-dragen-Indel_gt50	Indel_gt50	I30x_HG001_grapev1_0	2490378273.0	2490378106.0	1.0	166.0	0.0	0.996996996996997	0.9940119760479041	1.0	0.0	1.0	1.0	HG001	giabHC_x_ultima	-1	-2	dragen	dragen
I30x_HG001_grapev1_0-dragen-dragen-All	All	I30x_HG001_grapev1_0	2490378273.0	2486881047.0	3418.0	3493808.0	2158.0	0.9992026530946098	0.9990226539548773	0.9999991322471454	0.0006172828911951661	0.9993827171088049	0.9993827171088049	HG001	giabHC_x_ultima	-1	-2	dragen	dragen
I30x_HG001_grapev1_0-dragen-dragen-SNPts	SNPts	I30x_HG001_grapev1_0	330063947.0	329811382.0	252.0	252313.0	211.0	0.9990833298685975	0.9990022370478887	0.9999993602408027	0.0008355641443981562	0.9991644358556019	0.9991644358556019	HG001	giabHC_x_ultima_x_clinvar	-1	-2	dragen	dragen
I30x_HG001_grapev1_0-dragen-dragen-SNPtv	SNPtv	I30x_HG001_grapev1_0	330063947.0	329951563.0	125.0	112259.0	103.0	0.9989855214330845	0.9988877420273349	0.9999996878330658	0.000916680016375643	0.9990833199836243	0.9990833199836243	HG001	giabHC_x_ultima_x_clinvar	-1	-2	dragen	dragen
I30x_HG001_grapev1_0-dragen-dragen-INS_50	INS_50	I30x_HG001_grapev1_0	330063947.0	330047187.0	32.0	16728.0	11.0	0.9987163795934209	0.9980906921241051	0.9999999666714334	0.0006571479777764502	0.9993428520222235	0.9993428520222235	HG001	giabHC_x_ultima_x_clinvar	-1	-2	dragen	dragen
I30x_HG001_grapev1_0-dragen-dragen-INS_gt50	INS_gt50	I30x_HG001_grapev1_0	330063947.0	330063947.0	0.0	0.0	0.0			1.0				HG001	giabHC_x_ultima_x_clinvar	-1	-2	dragen	dragen
I30x_HG001_grapev1_0-dragen-dragen-DEL_50	DEL_50	I30x_HG001_grapev1_0	330063947.0	330045862.0	23.0	18062.0	17.0	0.9988939276628691	0.9987282278131048	0.9999999484920095	0.0009403174954366945	0.9990596825045633	0.9990596825045633	HG001	giabHC_x_ultima_x_clinvar	-1	-2	dragen	dragen
I30x_HG001_grapev1_0-dragen-dragen-DEL_gt50	DEL_gt50	I30x_HG001_grapev1_0	330063947.0	330063947.0	0.0	0.0	0.0			1.0				HG001	giabHC_x_ultima_x_clinvar	-1	-2	dragen	dragen
I30x_HG001_grapev1_0-dragen-dragen-Indel_50	Indel_50	I30x_HG001_grapev1_0	330063947.0	330062826.0	0.0	1121.0	1.0	0.9995541685242979	1.0	0.9999999969702738	0.00089126559714795	0.9991087344028521	0.9991087344028521	HG001	giabHC_x_ultima_x_clinvar	-1	-2	dragen	dragen
I30x_HG001_grapev1_0-dragen-dragen-Indel_gt50	Indel_gt50	I30x_HG001_grapev1_0	330063947.0	330063930.0	0.0	17.0	0.0	1.0	1.0	1.0	0.0	1.0	1.0	HG001	giabHC_x_ultima_x_clinvar	-1	-2	dragen	dragen
I30x_HG001_grapev1_0-dragen-dragen-All	All	I30x_HG001_grapev1_0	330063947.0	329663015.0	432.0	400500.0	343.0	0.9990333946556079	0.9989225105504175	0.9999989595446638	0.0008556966193746678	0.9991443033806253	0.9991443033806253	HG001	giabHC_x_ultima_x_clinvar	-1	-2	dragen	dragen
I30x_HG002_grapev1_0-dragen-dragen-SNPts	SNPts	I30x_HG002_grapev1_0	334331262.0	334071965.0	359.0	258938.0	68.0	0.9991761575757809	0.9986154872597832	0.9999997964510845	0.00026254218049002727	0.99973745781951	0.99973745781951	HG002	giabHC_x_ultima_x_clinvar	-1	-2	dragen	dragen
I30x_HG002_grapev1_0-dragen-dragen-SNPtv	SNPtv	I30x_HG002_grapev1_0	334331262.0	334215396.0	180.0	115686.0	42.0	0.9990414259436774	0.9984464812800994	0.9999998743325555	0.00036291995022812114	0.9996370800497719	0.9996370800497719	HG002	giabHC_x_ultima_x_clinvar	-1	-2	dragen	dragen
I30x_HG002_grapev1_0-dragen-dragen-INS_50	INS_50	I30x_HG002_grapev1_0	334331262.0	334313367.0	35.0	17860.0	8.0	0.998797640019014	0.9980441464096116	0.9999999760703562	0.00044772778150884264	0.9995522722184912	0.9995522722184912	HG002	giabHC_x_ultima_x_clinvar	-1	-2	dragen	dragen
I30x_HG002_grapev1_0-dragen-dragen-INS_gt50	INS_gt50	I30x_HG002_grapev1_0	334331262.0	334331261.0	1.0	0.0	0.0		0.0	1.0				HG002	giabHC_x_ultima_x_clinvar	-1	-2	dragen	dragen
I30x_HG002_grapev1_0-dragen-dragen-DEL_50	DEL_50	I30x_HG002_grapev1_0	334331262.0	334311539.0	32.0	19691.0	9.0	0.9989599979707278	0.9983775287735132	0.9999999730790036	0.00045685279187817257	0.9995431472081219	0.9995431472081219	HG002	giabHC_x_ultima_x_clinvar	-1	-2	dragen	dragen
I30x_HG002_grapev1_0-dragen-dragen-DEL_gt50	DEL_gt50	I30x_HG002_grapev1_0	334331262.0	334331262.0	0.0	0.0	0.0			1.0				HG002	giabHC_x_ultima_x_clinvar	-1	-2	dragen	dragen
I30x_HG002_grapev1_0-dragen-dragen-Indel_50	Indel_50	I30x_HG002_grapev1_0	334331262.0	334329887.0	0.0	1375.0	0.0	1.0	1.0	1.0	0.0	1.0	1.0	HG002	giabHC_x_ultima_x_clinvar	-1	-2	dragen	dragen
I30x_HG002_grapev1_0-dragen-dragen-Indel_gt50	Indel_gt50	I30x_HG002_grapev1_0	334331262.0	334331233.0	0.0	29.0	0.0	1.0	1.0	1.0	0.0	1.0	1.0	HG002	giabHC_x_ultima_x_clinvar	-1	-2	dragen	dragen
I30x_HG002_grapev1_0-dragen-dragen-All	All	I30x_HG002_grapev1_0	334331262.0	333917076.0	607.0	413579.0	127.0	0.9991134109279953	0.9985344748494638	0.9999996196661961	0.00030698128622741753	0.9996930187137726	0.9996930187137726	HG002	giabHC_x_ultima_x_clinvar	-1	-2	dragen	dragen
I30x_HG002_grapev1_0-dragen-dragen-SNPts	SNPts	I30x_HG002_grapev1_0	3088286401.0	3085944893.0	10725.0	2330783.0	320991.0	0.9335675413485559	0.9954196184680983	0.9998959937309148	0.12104764584010554	0.8789523541598945	0.8789523541598945	HG002	hg38	-1	-2	dragen	dragen
I30x_HG002_grapev1_0-dragen-dragen-SNPtv	SNPtv	I30x_HG002_grapev1_0	3088286401.0	3087169931.0	5742.0	1110728.0	252004.0	0.8960367085860693	0.9948570046664935	0.9999183772074872	0.18492557597532017	0.8150744240246799	0.8150744240246799	HG002	hg38	-1	-2	dragen	dragen
I30x_HG002_grapev1_0-dragen-dragen-INS_50	INS_50	I30x_HG002_grapev1_0	3088286401.0	3088022241.0	1763.0	262397.0	164693.0	0.7591956600361663	0.9933260145366445	0.9999466700029759	0.38561661476503784	0.6143833852349622	0.6143833852349622	HG002	hg38	-1	-2	dragen	dragen
I30x_HG002_grapev1_0-dragen-dragen-INS_gt50	INS_gt50	I30x_HG002_grapev1_0	3088286401.0	3088286279.0	111.0	11.0	1405.0	0.014304291287386217	0.09016393442622951	0.9999995450553368	0.992231638418079	0.007768361581920957	0.007768361581920904	HG002	hg38	-1	-2	dragen	dragen
I30x_HG002_grapev1_0-dragen-dragen-DEL_50	DEL_50	I30x_HG002_grapev1_0	3088286401.0	3088007664.0	1313.0	277424.0	162940.0	0.7715856326162807	0.9952894664145772	0.9999472373709571	0.3700120809148795	0.6299879190851205	0.6299879190851205	HG002	hg38	-1	-2	dragen	dragen
I30x_HG002_grapev1_0-dragen-dragen-DEL_gt50	DEL_gt50	I30x_HG002_grapev1_0	3088286401.0	3088286348.0	49.0	4.0	438.0	0.016161616161616165	0.07547169811320754	0.9999998581737933	0.9909502262443439	0.009049773755656076	0.00904977375565611	HG002	hg38	-1	-2	dragen	dragen
I30x_HG002_grapev1_0-dragen-dragen-Indel_50	Indel_50	I30x_HG002_grapev1_0	3088286401.0	3088242298.0	169.0	43934.0	44163.0	0.664659606656581	0.9961680611296284	0.9999856998369298	0.501299703735655	0.498700296264345	0.498700296264345	HG002	hg38	-1	-2	dragen	dragen
I30x_HG002_grapev1_0-dragen-dragen-Indel_gt50	Indel_gt50	I30x_HG002_grapev1_0	3088286401.0	3088284755.0	33.0	1613.0	2660.0	0.5450244973813144	0.979951397326853	0.9999991386812034	0.6225134565878774	0.3774865434121226	0.3774865434121226	HG002	hg38	-1	-2	dragen	dragen
I30x_HG002_grapev1_0-dragen-dragen-All	All	I30x_HG002_grapev1_0	3088286401.0	3084239602.0	19905.0	4026894.0	949294.0	0.8925855706098212	0.9950812975885385	0.9996923060363562	0.19076731023827878	0.8092326897617212	0.8092326897617212	HG002	hg38	-1	-2	dragen	dragen
I30x_HG002_grapev1_0-dragen-dragen-SNPts	SNPts	I30x_HG002_grapev1_0	339556068.0	339287256.0	1304.0	267508.0	295.0	0.9970202100202195	0.995149026085145	0.9999991305310226	0.0011015559945183587	0.9988984440054817	0.9988984440054817	HG002	giabHC_x_clinvar_genes	-1	-2	dragen	dragen
I30x_HG002_grapev1_0-dragen-dragen-SNPtv	SNPtv	I30x_HG002_grapev1_0	339556068.0	339433910.0	631.0	121527.0	134.0	0.9968624266361521	0.9948345585225691	0.9999996052252201	0.0011014211620815216	0.9988985788379184	0.9988985788379184	HG002	giabHC_x_clinvar_genes	-1	-2	dragen	dragen
I30x_HG002_grapev1_0-dragen-dragen-INS_50	INS_50	I30x_HG002_grapev1_0	339556068.0	339528603.0	113.0	27352.0	23.0	0.9975200583515682	0.9958856726743127	0.9999999322590255	0.0008401826484018265	0.9991598173515982	0.9991598173515982	HG002	giabHC_x_clinvar_genes	-1	-2	dragen	dragen
I30x_HG002_grapev1_0-dragen-dragen-INS_gt50	INS_gt50	I30x_HG002_grapev1_0	339556068.0	339556066.0	2.0	0.0	0.0		0.0	1.0				HG002	giabHC_x_clinvar_genes	-1	-2	dragen	dragen
I30x_HG002_grapev1_0-dragen-dragen-DEL_50	DEL_50	I30x_HG002_grapev1_0	339556068.0	339526746.0	91.0	29231.0	26.0	0.9980026972123115	0.9968965282040788	0.9999999234228281	0.0008886762142393274	0.9991113237857606	0.9991113237857606	HG002	giabHC_x_clinvar_genes	-1	-2	dragen	dragen
I30x_HG002_grapev1_0-dragen-dragen-DEL_gt50	DEL_gt50	I30x_HG002_grapev1_0	339556068.0	339556068.0	0.0	0.0	0.0			1.0				HG002	giabHC_x_clinvar_genes	-1	-2	dragen	dragen
I30x_HG002_grapev1_0-dragen-dragen-Indel_50	Indel_50	I30x_HG002_grapev1_0	339556068.0	339552720.0	1.0	3347.0	0.0	0.9998506348020911	0.9997013142174432	1.0	0.0	1.0	1.0	HG002	giabHC_x_clinvar_genes	-1	-2	dragen	dragen
I30x_HG002_grapev1_0-dragen-dragen-Indel_gt50	Indel_gt50	I30x_HG002_grapev1_0	339556068.0	339556031.0	0.0	37.0	0.0	1.0	1.0	1.0	0.0	1.0	1.0	HG002	giabHC_x_clinvar_genes	-1	-2	dragen	dragen
I30x_HG002_grapev1_0-dragen-dragen-All	All	I30x_HG002_grapev1_0	339556068.0	339104924.0	2142.0	449002.0	478.0	0.9970909058608253	0.9952520702924121	0.999998590408772	0.0010634510990477886	0.9989365489009522	0.9989365489009522	HG002	giabHC_x_clinvar_genes	-1	-2	dragen	dragen
I30x_HG002_grapev1_0-dragen-dragen-SNPts	SNPts	I30x_HG002_grapev1_0	2542242843.0	2539963628.0	8027.0	2271188.0	1724.0	0.9978579244383999	0.9964781734061947	0.9999993212505838	0.0007584983492541726	0.9992415016507459	0.9992415016507459	HG002	giabHC	-1	-2	dragen	dragen
I30x_HG002_grapev1_0-dragen-dragen-SNPtv	SNPtv	I30x_HG002_grapev1_0	2542242843.0	2541158381.0	4216.0	1080246.0	879.0	0.9976472891645545	0.996112358017155	0.9999996540948796	0.0008130419701699619	0.99918695802983	0.99918695802983	HG002	giabHC	-1	-2	dragen	dragen
I30x_HG002_grapev1_0-dragen-dragen-INS_50	INS_50	I30x_HG002_grapev1_0	2542242843.0	2542005047.0	650.0	237146.0	174.0	0.9982656866954597	0.9972665646184125	0.9999999315501013	0.0007331872577111074	0.9992668127422889	0.9992668127422889	HG002	giabHC	-1	-2	dragen	dragen
I30x_HG002_grapev1_0-dragen-dragen-INS_gt50	INS_gt50	I30x_HG002_grapev1_0	2542242843.0	2542242828.0	14.0	1.0	1.0	0.11764705882352941	0.06666666666666667	0.9999999996066465	0.5	0.5	0.5	HG002	giabHC	-1	-2	dragen	dragen
I30x_HG002_grapev1_0-dragen-dragen-DEL_50	DEL_50	I30x_HG002_grapev1_0	2542242843.0	2541989658.0	540.0	252645.0	187.0	0.9985632893756533	0.9978671722258428	0.9999999264355833	0.000739621566890267	0.9992603784331098	0.9992603784331098	HG002	giabHC	-1	-2	dragen	dragen
I30x_HG002_grapev1_0-dragen-dragen-DEL_gt50	DEL_gt50	I30x_HG002_grapev1_0	2542242843.0	2542242839.0	1.0	3.0	0.0	0.8571428571428571	0.75	1.0	0.0	1.0	1.0	HG002	giabHC	-1	-2	dragen	dragen
I30x_HG002_grapev1_0-dragen-dragen-Indel_50	Indel_50	I30x_HG002_grapev1_0	2542242843.0	2542208714.0	37.0	34092.0	2.0	0.9994283452794512	0.9989158779923233	0.9999999992132825	5.8661348037777905e-05	0.9999413386519622	0.9999413386519622	HG002	giabHC	-1	-2	dragen	dragen
I30x_HG002_grapev1_0-dragen-dragen-Indel_gt50	Indel_gt50	I30x_HG002_grapev1_0	2542242843.0	2542242347.0	1.0	495.0	0.0	0.9989909182643794	0.9979838709677419	1.0	0.0	1.0	1.0	HG002	giabHC	-1	-2	dragen	dragen
I30x_HG002_grapev1_0-dragen-dragen-All	All	I30x_HG002_grapev1_0	2542242843.0	2538353541.0	13486.0	3875816.0	2967.0	0.9978819747724181	0.9965325397719179	0.9999988311334556	0.0007649306496393327	0.9992350693503607	0.9992350693503607	HG002	giabHC	-1	-2	dragen	dragen
I30x_HG002_grapev1_0-dragen-dragen-SNPts	SNPts	I30x_HG002_grapev1_0	2799325643.0	2797057670.0	2615.0	2265358.0	139376.0	0.9696126891756749	0.9988469880373355	0.999950172977553	0.057959009187710575	0.9420409908122894	0.9420409908122894	HG002	ultima	-1	-2	dragen	dragen
I30x_HG002_grapev1_0-dragen-dragen-SNPtv	SNPtv	I30x_HG002_grapev1_0	2799325643.0	2798260374.0	1497.0	1063772.0	76232.0	0.9647531167343	0.998594721145551	0.9999727581021395	0.06686994080722523	0.9331300591927748	0.9331300591927748	HG002	ultima	-1	-2	dragen	dragen
I30x_HG002_grapev1_0-dragen-dragen-INS_50	INS_50	I30x_HG002_grapev1_0	2799325643.0	2799158839.0	313.0	166491.0	23467.0	0.9333449190216446	0.9981235461979329	0.9999916164803022	0.12353783467924488	0.8764621653207552	0.8764621653207552	HG002	ultima	-1	-2	dragen	dragen
I30x_HG002_grapev1_0-dragen-dragen-INS_gt50	INS_gt50	I30x_HG002_grapev1_0	2799325643.0	2799325607.0	32.0	4.0	207.0	0.03238866396761134	0.1111111111111111	0.9999999260536238	0.981042654028436	0.018957345971563955	0.018957345971563982	HG002	ultima	-1	-2	dragen	dragen
I30x_HG002_grapev1_0-dragen-dragen-DEL_50	DEL_50	I30x_HG002_grapev1_0	2799325643.0	2799143742.0	368.0	181533.0	28924.0	0.925343691220773	0.9979769215122511	0.9999896669468263	0.1374342502268872	0.8625657497731127	0.8625657497731128	HG002	ultima	-1	-2	dragen	dragen
I30x_HG002_grapev1_0-dragen-dragen-DEL_gt50	DEL_gt50	I30x_HG002_grapev1_0	2799325643.0	2799325612.0	31.0	0.0	90.0		0.0	0.9999999678494004	1.0	0.0	0.0	HG002	ultima	-1	-2	dragen	dragen
I30x_HG002_grapev1_0-dragen-dragen-Indel_50	Indel_50	I30x_HG002_grapev1_0	2799325643.0	2799307825.0	7.0	17811.0	1862.0	0.9501480355285269	0.9996071388483556	0.9999993348360102	0.09464748640268388	0.9053525135973162	0.9053525135973162	HG002	ultima	-1	-2	dragen	dragen
I30x_HG002_grapev1_0-dragen-dragen-Indel_gt50	Indel_gt50	I30x_HG002_grapev1_0	2799325643.0	2799324749.0	5.0	889.0	394.0	0.8167202572347267	0.9944071588366891	0.9999998592517911	0.30709275136399067	0.6929072486360093	0.6929072486360094	HG002	ultima	-1	-2	dragen	dragen
I30x_HG002_grapev1_0-dragen-dragen-All	All	I30x_HG002_grapev1_0	2799325643.0	2795624917.0	4868.0	3695858.0	270552.0	0.9640778512341506	0.9986845824305826	0.9999032324337588	0.06821080019463445	0.9317891998053656	0.9317891998053656	HG002	ultima	-1	-2	dragen	dragen
I30x_HG002_grapev1_0-dragen-dragen-SNPts	SNPts	I30x_HG002_grapev1_0	377862616.0	377586818.0	1750.0	274048.0	30173.0	0.9449621477917104	0.9936547763218008	0.9999200962861334	0.09918118736050437	0.9008188126394956	0.9008188126394956	HG002	clinvar_genes	-1	-2	dragen	dragen
I30x_HG002_grapev1_0-dragen-dragen-SNPtv	SNPtv	I30x_HG002_grapev1_0	377862616.0	377736847.0	858.0	124911.0	18197.0	0.9291311640638656	0.9931779691338883	0.999951828571745	0.12715571456522345	0.8728442854347765	0.8728442854347765	HG002	clinvar_genes	-1	-2	dragen	dragen
I30x_HG002_grapev1_0-dragen-dragen-INS_50	INS_50	I30x_HG002_grapev1_0	377862616.0	377832389.0	239.0	29988.0	17360.0	0.7731356751530776	0.9920931617428127	0.9999540558117455	0.3666469544648137	0.6333530455351863	0.6333530455351862	HG002	clinvar_genes	-1	-2	dragen	dragen
I30x_HG002_grapev1_0-dragen-dragen-INS_gt50	INS_gt50	I30x_HG002_grapev1_0	377862616.0	377862597.0	18.0	1.0	183.0	0.009852216748768475	0.05263157894736842	0.9999995156972062	0.9945652173913043	0.005434782608695676	0.005434782608695652	HG002	clinvar_genes	-1	-2	dragen	dragen
I30x_HG002_grapev1_0-dragen-dragen-DEL_50	DEL_50	I30x_HG002_grapev1_0	377862616.0	377830521.0	181.0	31914.0	16922.0	0.7886718315602178	0.9943604922885184	0.9999552147293478	0.3465066754033909	0.653493324596609	0.653493324596609	HG002	clinvar_genes	-1	-2	dragen	dragen
I30x_HG002_grapev1_0-dragen-dragen-DEL_gt50	DEL_gt50	I30x_HG002_grapev1_0	377862616.0	377862609.0	7.0	0.0	39.0		0.0	0.9999998967878931	1.0	0.0	0.0	HG002	clinvar_genes	-1	-2	dragen	dragen
I30x_HG002_grapev1_0-dragen-dragen-Indel_50	Indel_50	I30x_HG002_grapev1_0	377862616.0	377858310.0	15.0	4291.0	4577.0	0.6514346439957491	0.9965164886205294	0.9999878871406601	0.5161253946774921	0.4838746053225079	0.48387460532250787	HG002	clinvar_genes	-1	-2	dragen	dragen
I30x_HG002_grapev1_0-dragen-dragen-Indel_gt50	Indel_gt50	I30x_HG002_grapev1_0	377862616.0	377862454.0	4.0	158.0	272.0	0.5337837837837838	0.9753086419753086	0.9999992801618649	0.6325581395348837	0.3674418604651163	0.3674418604651163	HG002	clinvar_genes	-1	-2	dragen	dragen
I30x_HG002_grapev1_0-dragen-dragen-All	All	I30x_HG002_grapev1_0	377862616.0	377394233.0	3072.0	465311.0	87723.0	0.9111087831904109	0.993441264947703	0.9997676100841228	0.1586213505860399	0.8413786494139601	0.8413786494139601	HG002	clinvar_genes	-1	-2	dragen	dragen
I30x_HG002_grapev1_0-dragen-dragen-SNPts	SNPts	I30x_HG002_grapev1_0	2518602953.0	2516379983.0	2033.0	2220937.0	538.0	0.9994215250723093	0.9990854577434694	0.9999997862008565	0.00024218143350701675	0.9997578185664929	0.9997578185664929	HG002	giabHC_x_ultima	-1	-2	dragen	dragen
I30x_HG002_grapev1_0-dragen-dragen-SNPtv	SNPtv	I30x_HG002_grapev1_0	2518602953.0	2517558785.0	1109.0	1043059.0	303.0	0.9993236025350534	0.9989379103745757	0.9999998796453273	0.0002904073562196055	0.9997095926437803	0.9997095926437803	HG002	giabHC_x_ultima	-1	-2	dragen	dragen
I30x_HG002_grapev1_0-dragen-dragen-INS_50	INS_50	I30x_HG002_grapev1_0	2518602953.0	2518444800.0	177.0	157976.0	48.0	0.9992883732845842	0.9988808305881014	0.9999999809406189	0.000303751328912064	0.999696248671088	0.999696248671088	HG002	giabHC_x_ultima	-1	-2	dragen	dragen
I30x_HG002_grapev1_0-dragen-dragen-INS_gt50	INS_gt50	I30x_HG002_grapev1_0	2518602953.0	2518602950.0	3.0	0.0	0.0		0.0	1.0				HG002	giabHC_x_ultima	-1	-2	dragen	dragen
I30x_HG002_grapev1_0-dragen-dragen-DEL_50	DEL_50	I30x_HG002_grapev1_0	2518602953.0	2518431243.0	160.0	171550.0	65.0	0.9993446442874827	0.9990681963776135	0.9999999741902827	0.00037875477085336364	0.9996212452291466	0.9996212452291466	HG002	giabHC_x_ultima	-1	-2	dragen	dragen
I30x_HG002_grapev1_0-dragen-dragen-DEL_gt50	DEL_gt50	I30x_HG002_grapev1_0	2518602953.0	2518602953.0	0.0	0.0	0.0			1.0				HG002	giabHC_x_ultima	-1	-2	dragen	dragen
I30x_HG002_grapev1_0-dragen-dragen-Indel_50	Indel_50	I30x_HG002_grapev1_0	2518602953.0	2518588587.0	1.0	14365.0	0.0	0.9999651943893356	0.9999303912014479	1.0	0.0	1.0	1.0	HG002	giabHC_x_ultima	-1	-2	dragen	dragen
I30x_HG002_grapev1_0-dragen-dragen-Indel_gt50	Indel_gt50	I30x_HG002_grapev1_0	2518602953.0	2518602594.0	0.0	359.0	0.0	1.0	1.0	1.0	0.0	1.0	1.0	HG002	giabHC_x_ultima	-1	-2	dragen	dragen
I30x_HG002_grapev1_0-dragen-dragen-All	All	I30x_HG002_grapev1_0	2518602953.0	2514991224.0	3483.0	3608246.0	954.0	0.9993855361269997	0.9990356419321604	0.9999996206747646	0.00026432450404521775	0.9997356754959548	0.9997356754959548	HG002	giabHC_x_ultima	-1	-2	dragen	dragen
I30x_HG003_grapev1_0-dragen-dragen-SNPts	SNPts	I30x_HG003_grapev1_0	2528531102.0	2526276466.0	8532.0	2246104.0	2018.0	0.9976569915593954	0.99621579713976	0.9999992011965376	0.0008976381175042991	0.9991023618824957	0.9991023618824957	HG003	giabHC	-1	-2	dragen	dragen
I30x_HG003_grapev1_0-dragen-dragen-SNPtv	SNPtv	I30x_HG003_grapev1_0	2528531102.0	2527459552.0	4549.0	1067001.0	1031.0	0.9973920139541275	0.9957547477952499	0.9999995920806809	0.0009653268815915628	0.9990346731184084	0.9990346731184084	HG003	giabHC	-1	-2	dragen	dragen
I30x_HG003_grapev1_0-dragen-dragen-INS_50	INS_50	I30x_HG003_grapev1_0	2528531102.0	2528302215.0	616.0	228271.0	160.0	0.9983031501056158	0.9973087156544496	0.9999999367164302	0.0007004303268820782	0.999299569673118	0.999299569673118	HG003	giabHC	-1	-2	dragen	dragen
I30x_HG003_grapev1_0-dragen-dragen-INS_gt50	INS_gt50	I30x_HG003_grapev1_0	2528531102.0	2528531101.0	0.0	1.0	1.0	0.6666666666666666	1.0	0.9999999996045135	0.5	0.5	0.5	HG003	giabHC	-1	-2	dragen	dragen
I30x_HG003_grapev1_0-dragen-dragen-DEL_50	DEL_50	I30x_HG003_grapev1_0	2528531102.0	2528288210.0	496.0	242396.0	213.0	0.9985396528534441	0.9979579401544719	0.9999999157532827	0.0008779558878689579	0.999122044112131	0.999122044112131	HG003	giabHC	-1	-2	dragen	dragen
I30x_HG003_grapev1_0-dragen-dragen-DEL_gt50	DEL_gt50	I30x_HG003_grapev1_0	2528531102.0	2528531102.0	0.0	0.0	0.0			1.0				HG003	giabHC	-1	-2	dragen	dragen
I30x_HG003_grapev1_0-dragen-dragen-Indel_50	Indel_50	I30x_HG003_grapev1_0	2528531102.0	2528498745.0	36.0	32321.0	9.0	0.9993043424490238	0.9988874123064561	0.9999999964405757	0.00027837921435199507	0.999721620785648	0.999721620785648	HG003	giabHC	-1	-2	dragen	dragen
I30x_HG003_grapev1_0-dragen-dragen-Indel_gt50	Indel_gt50	I30x_HG003_grapev1_0	2528531102.0	2528530632.0	3.0	467.0	1.0	0.9957356076759062	0.9936170212765958	0.9999999996045134	0.002136752136752137	0.9978632478632479	0.9978632478632479	HG003	giabHC	-1	-2	dragen	dragen
I30x_HG003_grapev1_0-dragen-dragen-All	All	I30x_HG003_grapev1_0	2528531102.0	2524700309.0	14232.0	3816561.0	3433.0	0.9976910872044928	0.9962848423289904	0.9999986402364986	0.0008986925110353577	0.9991013074889646	0.9991013074889646	HG003	giabHC	-1	-2	dragen	dragen
I30x_HG003_grapev1_0-dragen-dragen-SNPts	SNPts	I30x_HG003_grapev1_0	377862616.0	377589452.0	1917.0	271247.0	31735.0	0.9415911938987688	0.9929822377765738	0.9999159607535475	0.10474219590602742	0.8952578040939726	0.8952578040939726	HG003	clinvar_genes	-1	-2	dragen	dragen
I30x_HG003_grapev1_0-dragen-dragen-SNPtv	SNPtv	I30x_HG003_grapev1_0	377862616.0	377738356.0	939.0	123321.0	19094.0	0.9248785975438268	0.9924432641236118	0.9999494543390209	0.13407295579819542	0.8659270442018046	0.8659270442018046	HG003	clinvar_genes	-1	-2	dragen	dragen
I30x_HG003_grapev1_0-dragen-dragen-INS_50	INS_50	I30x_HG003_grapev1_0	377862616.0	377833468.0	247.0	28901.0	18262.0	0.7574530539502824	0.991526005214766	0.9999516688728671	0.3872103131692216	0.6127896868307784	0.6127896868307784	HG003	clinvar_genes	-1	-2	dragen	dragen
I30x_HG003_grapev1_0-dragen-dragen-INS_gt50	INS_gt50	I30x_HG003_grapev1_0	377862616.0	377862586.0	22.0	8.0	171.0	0.07655502392344497	0.26666666666666666	0.999999547454739	0.9553072625698324	0.04469273743016755	0.0446927374301676	HG003	clinvar_genes	-1	-2	dragen	dragen
I30x_HG003_grapev1_0-dragen-dragen-DEL_50	DEL_50	I30x_HG003_grapev1_0	377862616.0	377831842.0	168.0	30606.0	17820.0	0.7728787878787879	0.9945408461688439	0.9999528383857599	0.36798414075083635	0.6320158592491636	0.6320158592491637	HG003	clinvar_genes	-1	-2	dragen	dragen
I30x_HG003_grapev1_0-dragen-dragen-DEL_gt50	DEL_gt50	I30x_HG003_grapev1_0	377862616.0	377862599.0	17.0	0.0	40.0		0.0	0.9999998941414263	1.0	0.0	0.0	HG003	clinvar_genes	-1	-2	dragen	dragen
I30x_HG003_grapev1_0-dragen-dragen-Indel_50	Indel_50	I30x_HG003_grapev1_0	377862616.0	377858445.0	16.0	4155.0	4801.0	0.633046392930601	0.996163989450971	0.9999872943451081	0.5360652076820009	0.46393479231799906	0.4639347923179991	HG003	clinvar_genes	-1	-2	dragen	dragen
I30x_HG003_grapev1_0-dragen-dragen-Indel_gt50	Indel_gt50	I30x_HG003_grapev1_0	377862616.0	377862445.0	7.0	164.0	279.0	0.5342019543973942	0.9590643274853801	0.9999992616366149	0.6297968397291196	0.3702031602708804	0.37020316027088035	HG003	clinvar_genes	-1	-2	dragen	dragen
I30x_HG003_grapev1_0-dragen-dragen-All	All	I30x_HG003_grapev1_0	377862616.0	377400881.0	3333.0	458402.0	92202.0	0.905629438360075	0.9927815738464704	0.9997557518159875	0.1674561027526135	0.8325438972473865	0.8325438972473865	HG003	clinvar_genes	-1	-2	dragen	dragen
I30x_HG003_grapev1_0-dragen-dragen-SNPts	SNPts	I30x_HG003_grapev1_0	332544085.0	332287257.0	424.0	256404.0	68.0	0.999041496201052	0.9983490896631209	0.9999997953578278	0.0002651361552138245	0.9997348638447862	0.9997348638447862	HG003	giabHC_x_ultima_x_clinvar	-1	-2	dragen	dragen
I30x_HG003_grapev1_0-dragen-dragen-SNPtv	SNPtv	I30x_HG003_grapev1_0	332544085.0	332429482.0	233.0	114370.0	43.0	0.9987948440283647	0.9979668944093959	0.9999998706492752	0.0003758314177584715	0.9996241685822416	0.9996241685822416	HG003	giabHC_x_ultima_x_clinvar	-1	-2	dragen	dragen
I30x_HG003_grapev1_0-dragen-dragen-INS_50	INS_50	I30x_HG003_grapev1_0	332544085.0	332526576.0	31.0	17478.0	5.0	0.9989711934156379	0.9982294819806956	0.9999999849636081	0.00028599210661785733	0.9997140078933822	0.9997140078933822	HG003	giabHC_x_ultima_x_clinvar	-1	-2	dragen	dragen
I30x_HG003_grapev1_0-dragen-dragen-INS_gt50	INS_gt50	I30x_HG003_grapev1_0	332544085.0	332544085.0	0.0	0.0	0.0			1.0				HG003	giabHC_x_ultima_x_clinvar	-1	-2	dragen	dragen
I30x_HG003_grapev1_0-dragen-dragen-DEL_50	DEL_50	I30x_HG003_grapev1_0	332544085.0	332525162.0	30.0	18893.0	5.0	0.9990745881917453	0.9984146277017386	0.9999999849635441	0.00026457826224997354	0.99973542173775	0.99973542173775	HG003	giabHC_x_ultima_x_clinvar	-1	-2	dragen	dragen
I30x_HG003_grapev1_0-dragen-dragen-DEL_gt50	DEL_gt50	I30x_HG003_grapev1_0	332544085.0	332544085.0	0.0	0.0	0.0			1.0				HG003	giabHC_x_ultima_x_clinvar	-1	-2	dragen	dragen
I30x_HG003_grapev1_0-dragen-dragen-Indel_50	Indel_50	I30x_HG003_grapev1_0	332544085.0	332542783.0	0.0	1302.0	0.0	1.0	1.0	1.0	0.0	1.0	1.0	HG003	giabHC_x_ultima_x_clinvar	-1	-2	dragen	dragen
I30x_HG003_grapev1_0-dragen-dragen-Indel_gt50	Indel_gt50	I30x_HG003_grapev1_0	332544085.0	332544054.0	0.0	31.0	0.0	1.0	1.0	1.0	0.0	1.0	1.0	HG003	giabHC_x_ultima_x_clinvar	-1	-2	dragen	dragen
I30x_HG003_grapev1_0-dragen-dragen-All	All	I30x_HG003_grapev1_0	332544085.0	332134889.0	718.0	408478.0	121.0	0.9989740705188953	0.9982453396416388	0.9999996356903176	0.00029613386229530663	0.9997038661377047	0.9997038661377047	HG003	giabHC_x_ultima_x_clinvar	-1	-2	dragen	dragen
I30x_HG003_grapev1_0-dragen-dragen-SNPts	SNPts	I30x_HG003_grapev1_0	2505355380.0	2503152275.0	2329.0	2200776.0	779.0	0.9992943836754711	0.9989428556514556	0.9999996887925017	0.0003538408079743636	0.9996461591920256	0.9996461591920256	HG003	giabHC_x_ultima	-1	-2	dragen	dragen
I30x_HG003_grapev1_0-dragen-dragen-SNPtv	SNPtv	I30x_HG003_grapev1_0	2505355380.0	2504320963.0	1311.0	1033106.0	451.0	0.9991479583399018	0.9987326194368422	0.9999998199112952	0.00043635716269155934	0.9995636428373085	0.9995636428373085	HG003	giabHC_x_ultima	-1	-2	dragen	dragen
I30x_HG003_grapev1_0-dragen-dragen-INS_50	INS_50	I30x_HG003_grapev1_0	2505355380.0	2505201622.0	168.0	153590.0	49.0	0.9992940724860685	0.9989073739252592	0.9999999804406964	0.0003189294384889253	0.9996810705615111	0.9996810705615111	HG003	giabHC_x_ultima	-1	-2	dragen	dragen
I30x_HG003_grapev1_0-dragen-dragen-INS_gt50	INS_gt50	I30x_HG003_grapev1_0	2505355380.0	2505355380.0	0.0	0.0	0.0			1.0				HG003	giabHC_x_ultima	-1	-2	dragen	dragen
I30x_HG003_grapev1_0-dragen-dragen-DEL_50	DEL_50	I30x_HG003_grapev1_0	2505355380.0	2505190071.0	150.0	165159.0	73.0	0.9993253484439146	0.999092608387928	0.9999999708604953	0.00044180304057325455	0.9995581969594267	0.9995581969594267	HG003	giabHC_x_ultima	-1	-2	dragen	dragen
I30x_HG003_grapev1_0-dragen-dragen-DEL_gt50	DEL_gt50	I30x_HG003_grapev1_0	2505355380.0	2505355380.0	0.0	0.0	0.0			1.0				HG003	giabHC_x_ultima	-1	-2	dragen	dragen
I30x_HG003_grapev1_0-dragen-dragen-Indel_50	Indel_50	I30x_HG003_grapev1_0	2505355380.0	2505341379.0	0.0	14001.0	0.0	1.0	1.0	1.0	0.0	1.0	1.0	HG003	giabHC_x_ultima	-1	-2	dragen	dragen
I30x_HG003_grapev1_0-dragen-dragen-Indel_gt50	Indel_gt50	I30x_HG003_grapev1_0	2505355380.0	2505355013.0	0.0	367.0	0.0	1.0	1.0	1.0	0.0	1.0	1.0	HG003	giabHC_x_ultima	-1	-2	dragen	dragen
I30x_HG003_grapev1_0-dragen-dragen-All	All	I30x_HG003_grapev1_0	2505355380.0	2501784423.0	3958.0	3566999.0	1352.0	0.9992562304357789	0.9988916136486662	0.9999994595860231	0.0003788864940696697	0.9996211135059303	0.9996211135059303	HG003	giabHC_x_ultima	-1	-2	dragen	dragen
I30x_HG003_grapev1_0-dragen-dragen-SNPts	SNPts	I30x_HG003_grapev1_0	337668665.0	337403156.0	1444.0	264065.0	327.0	0.9966578662806826	0.9945613896327431	0.9999990308339526	0.0012367999031740748	0.998763200096826	0.998763200096826	HG003	giabHC_x_clinvar_genes	-1	-2	dragen	dragen
I30x_HG003_grapev1_0-dragen-dragen-SNPtv	SNPtv	I30x_HG003_grapev1_0	337668665.0	337548452.0	707.0	119506.0	144.0	0.9964521414307332	0.9941187725121243	0.9999995733947594	0.0012035102381947346	0.9987964897618052	0.9987964897618052	HG003	giabHC_x_clinvar_genes	-1	-2	dragen	dragen
I30x_HG003_grapev1_0-dragen-dragen-INS_50	INS_50	I30x_HG003_grapev1_0	337668665.0	337642353.0	123.0	26189.0	28.0	0.9971253973995317	0.995325326847066	0.9999999170720218	0.0010680093069382463	0.9989319906930617	0.9989319906930617	HG003	giabHC_x_clinvar_genes	-1	-2	dragen	dragen
I30x_HG003_grapev1_0-dragen-dragen-INS_gt50	INS_gt50	I30x_HG003_grapev1_0	337668665.0	337668665.0	0.0	0.0	0.0			1.0				HG003	giabHC_x_clinvar_genes	-1	-2	dragen	dragen
I30x_HG003_grapev1_0-dragen-dragen-DEL_50	DEL_50	I30x_HG003_grapev1_0	337668665.0	337640724.0	84.0	27857.0	29.0	0.9979758898024252	0.9969936652231488	0.9999999141098942	0.001039948361184824	0.9989600516388152	0.9989600516388152	HG003	giabHC_x_clinvar_genes	-1	-2	dragen	dragen
I30x_HG003_grapev1_0-dragen-dragen-DEL_gt50	DEL_gt50	I30x_HG003_grapev1_0	337668665.0	337668665.0	0.0	0.0	0.0			1.0				HG003	giabHC_x_clinvar_genes	-1	-2	dragen	dragen
I30x_HG003_grapev1_0-dragen-dragen-Indel_50	Indel_50	I30x_HG003_grapev1_0	337668665.0	337665452.0	2.0	3211.0	1.0	0.9995330739299612	0.9993775287892935	0.9999999970384889	0.00031133250311332503	0.9996886674968867	0.9996886674968867	HG003	giabHC_x_clinvar_genes	-1	-2	dragen	dragen
I30x_HG003_grapev1_0-dragen-dragen-Indel_gt50	Indel_gt50	I30x_HG003_grapev1_0	337668665.0	337668619.0	0.0	46.0	0.0	1.0	1.0	1.0	0.0	1.0	1.0	HG003	giabHC_x_clinvar_genes	-1	-2	dragen	dragen
I30x_HG003_grapev1_0-dragen-dragen-All	All	I30x_HG003_grapev1_0	337668665.0	337225431.0	2360.0	440874.0	529.0	0.996734253710844	0.994675498720766	0.99999843131887	0.0011984513018715324	0.9988015486981284	0.9988015486981284	HG003	giabHC_x_clinvar_genes	-1	-2	dragen	dragen
I30x_HG003_grapev1_0-dragen-dragen-SNPts	SNPts	I30x_HG003_grapev1_0	3088286401.0	3085964058.0	11267.0	2311076.0	326265.0	0.9319448577772294	0.9951484341460327	0.9998942857068344	0.12370982743604259	0.8762901725639574	0.8762901725639574	HG003	hg38	-1	-2	dragen	dragen
I30x_HG003_grapev1_0-dragen-dragen-SNPtv	SNPtv	I30x_HG003_grapev1_0	3088286401.0	3087179931.0	6048.0	1100422.0	253521.0	0.8945018580213973	0.9945339683859481	0.9999178861653404	0.18724643504194785	0.8127535649580522	0.8127535649580522	HG003	hg38	-1	-2	dragen	dragen
I30x_HG003_grapev1_0-dragen-dragen-INS_50	INS_50	I30x_HG003_grapev1_0	3088286401.0	3088030367.0	1661.0	254373.0	170850.0	0.7467754459770689	0.9935125803604209	0.9999446765323906	0.40178917885438936	0.5982108211456106	0.5982108211456106	HG003	hg38	-1	-2	dragen	dragen
I30x_HG003_grapev1_0-dragen-dragen-INS_gt50	INS_gt50	I30x_HG003_grapev1_0	3088286401.0	3088286172.0	171.0	58.0	1321.0	0.07213930348258707	0.25327510917030566	0.999999572254849	0.9579405366207396	0.042059463379260364	0.04205946337926034	HG003	hg38	-1	-2	dragen	dragen
I30x_HG003_grapev1_0-dragen-dragen-DEL_50	DEL_50	I30x_HG003_grapev1_0	3088286401.0	3088016718.0	1192.0	268491.0	171542.0	0.756615322185212	0.9955799957728148	0.9999444522206687	0.3898389438973895	0.6101610561026105	0.6101610561026105	HG003	hg38	-1	-2	dragen	dragen
I30x_HG003_grapev1_0-dragen-dragen-DEL_gt50	DEL_gt50	I30x_HG003_grapev1_0	3088286401.0	3088286265.0	129.0	7.0	456.0	0.02337228714524207	0.051470588235294115	0.999999852345316	0.9848812095032398	0.015118790496760237	0.01511879049676026	HG003	hg38	-1	-2	dragen	dragen
I30x_HG003_grapev1_0-dragen-dragen-Indel_50	Indel_50	I30x_HG003_grapev1_0	3088286401.0	3088244240.0	141.0	42020.0	45536.0	0.6478719057640864	0.9966556770475083	0.9999852552696467	0.5200785782813285	0.47992142171867147	0.47992142171867147	HG003	hg38	-1	-2	dragen	dragen
I30x_HG003_grapev1_0-dragen-dragen-Indel_gt50	Indel_gt50	I30x_HG003_grapev1_0	3088286401.0	3088284785.0	46.0	1570.0	2696.0	0.5338320299217952	0.9715346534653465	0.9999991270242758	0.6319737458977965	0.36802625410220347	0.36802625410220347	HG003	hg38	-1	-2	dragen	dragen
I30x_HG003_grapev1_0-dragen-dragen-All	All	I30x_HG003_grapev1_0	3088286401.0	3084287729.0	20655.0	3978017.0	972187.0	0.8890539996307917	0.9948345350656418	0.9996848929988172	0.19639332035609036	0.8036066796439096	0.8036066796439096	HG003	hg38	-1	-2	dragen	dragen
I30x_HG003_grapev1_0-dragen-dragen-SNPts	SNPts	I30x_HG003_grapev1_0	2799325643.0	2797071492.0	2986.0	2251165.0	146265.0	0.9679139200198814	0.9986753327527748	0.9999477105421507	0.06100908055709656	0.9389909194429035	0.9389909194429035	HG003	ultima	-1	-2	dragen	dragen
I30x_HG003_grapev1_0-dragen-dragen-SNPtv	SNPtv	I30x_HG003_grapev1_0	2799325643.0	2798266953.0	1684.0	1057006.0	80915.0	0.9623970744023406	0.9984093549575419	0.9999710847243385	0.071107748253174	0.928892251746826	0.928892251746826	HG003	ultima	-1	-2	dragen	dragen
I30x_HG003_grapev1_0-dragen-dragen-INS_50	INS_50	I30x_HG003_grapev1_0	2799325643.0	2799161510.0	327.0	163806.0	26914.0	0.9232330007073352	0.9980077132569318	0.9999903850702692	0.14111786912751678	0.8588821308724832	0.8588821308724832	HG003	ultima	-1	-2	dragen	dragen
I30x_HG003_grapev1_0-dragen-dragen-INS_gt50	INS_gt50	I30x_HG003_grapev1_0	2799325643.0	2799325548.0	66.0	29.0	223.0	0.1671469740634006	0.30526315789473685	0.9999999203379606	0.8849206349206349	0.11507936507936511	0.11507936507936507	HG003	ultima	-1	-2	dragen	dragen
I30x_HG003_grapev1_0-dragen-dragen-DEL_50	DEL_50	I30x_HG003_grapev1_0	2799325643.0	2799148443.0	356.0	176844.0	35214.0	0.9086210174228917	0.9979909706546275	0.999987419903688	0.16605834252893076	0.8339416574710692	0.8339416574710692	HG003	ultima	-1	-2	dragen	dragen
I30x_HG003_grapev1_0-dragen-dragen-DEL_gt50	DEL_gt50	I30x_HG003_grapev1_0	2799325643.0	2799325556.0	82.0	5.0	108.0	0.05	0.05747126436781609	0.9999999614192798	0.9557522123893806	0.04424778761061943	0.04424778761061947	HG003	ultima	-1	-2	dragen	dragen
I30x_HG003_grapev1_0-dragen-dragen-Indel_50	Indel_50	I30x_HG003_grapev1_0	2799325643.0	2799308017.0	6.0	17620.0	2672.0	0.9293739121261669	0.999659593781913	0.9999990454792994	0.1316775083776858	0.8683224916223142	0.8683224916223142	HG003	ultima	-1	-2	dragen	dragen
I30x_HG003_grapev1_0-dragen-dragen-Indel_gt50	Indel_gt50	I30x_HG003_grapev1_0	2799325643.0	2799324696.0	9.0	938.0	475.0	0.794915254237288	0.9904963041182682	0.9999998303162473	0.3361641896673744	0.6638358103326256	0.6638358103326256	HG003	ultima	-1	-2	dragen	dragen
I30x_HG003_grapev1_0-dragen-dragen-All	All	I30x_HG003_grapev1_0	2799325643.0	2795652714.0	5516.0	3667413.0	292786.0	0.9609200841385079	0.99849820129929	0.9998952819359319	0.07393214330895997	0.9260678566910401	0.92606785669104	HG003	ultima	-1	-2	dragen	dragen
I30x_HG004_grapev1_0-dragen-dragen-SNPts	SNPts	I30x_HG004_grapev1_0	2524487531.0	2522220566.0	8932.0	2258033.0	1842.0	0.9976199733147184	0.9960599303474028	0.9999992696916837	0.0008150893301620665	0.999184910669838	0.999184910669838	HG004	giabHC_x_ultima	-1	-2	dragen	dragen
I30x_HG004_grapev1_0-dragen-dragen-SNPtv	SNPtv	I30x_HG004_grapev1_0	2524487531.0	2523409181.0	4487.0	1073863.0	926.0	0.9974859960271957	0.9958390133073678	0.9999996330362642	0.0008615644559071595	0.9991384355440929	0.9991384355440929	HG004	giabHC_x_ultima	-1	-2	dragen	dragen
I30x_HG004_grapev1_0-dragen-dragen-INS_50	INS_50	I30x_HG004_grapev1_0	2524487531.0	2524256415.0	631.0	230485.0	132.0	0.9983475298495017	0.9972697692933419	0.9999999477073754	0.0005723775784092239	0.9994276224215908	0.9994276224215908	HG004	giabHC_x_ultima	-1	-2	dragen	dragen
I30x_HG004_grapev1_0-dragen-dragen-INS_gt50	INS_gt50	I30x_HG004_grapev1_0	2524487531.0	2524487531.0	0.0	0.0	0.0			1.0				HG004	giabHC_x_ultima	-1	-2	dragen	dragen
I30x_HG004_grapev1_0-dragen-dragen-DEL_50	DEL_50	I30x_HG004_grapev1_0	2524487531.0	2524241854.0	528.0	245149.0	165.0	0.9985885688332372	0.9978508366676572	0.9999999346338431	0.0006726073522098209	0.9993273926477901	0.9993273926477901	HG004	giabHC_x_ultima	-1	-2	dragen	dragen
I30x_HG004_grapev1_0-dragen-dragen-DEL_gt50	DEL_gt50	I30x_HG004_grapev1_0	2524487531.0	2524487531.0	0.0	0.0	0.0			1.0				HG004	giabHC_x_ultima	-1	-2	dragen	dragen
I30x_HG004_grapev1_0-dragen-dragen-Indel_50	Indel_50	I30x_HG004_grapev1_0	2524487531.0	2524454158.0	30.0	33343.0	3.0	0.999505388270208	0.9991010697270248	0.9999999988116243	8.99658129910634e-05	0.999910034187009	0.999910034187009	HG004	giabHC_x_ultima	-1	-2	dragen	dragen
I30x_HG004_grapev1_0-dragen-dragen-Indel_gt50	Indel_gt50	I30x_HG004_grapev1_0	2524487531.0	2524487083.0	0.0	448.0	0.0	1.0	1.0	1.0	0.0	1.0	1.0	HG004	giabHC_x_ultima	-1	-2	dragen	dragen
I30x_HG004_grapev1_0-dragen-dragen-All	All	I30x_HG004_grapev1_0	2524487531.0	2520631602.0	14608.0	3841321.0	3068.0	0.9977045103851555	0.9962115485010227	0.9999987828462266	0.0007980461914754204	0.9992019538085246	0.9992019538085246	HG004	giabHC_x_ultima	-1	-2	dragen	dragen
I30x_HG004_grapev1_0-dragen-dragen-SNPts	SNPts	I30x_HG004_grapev1_0	336900298.0	336634239.0	1472.0	264587.0	308.0	0.9966475438550232	0.9944673925708207	0.9999990850612251	0.001162724853243738	0.9988372751467562	0.9988372751467562	HG004	giabHC_x_ultima_x_clinvar	-1	-2	dragen	dragen
I30x_HG004_grapev1_0-dragen-dragen-SNPtv	SNPtv	I30x_HG004_grapev1_0	336900298.0	336779669.0	700.0	119929.0	153.0	0.9964563314514086	0.994197083620025	0.9999995456972478	0.0012741293449476192	0.9987258706550524	0.9987258706550524	HG004	giabHC_x_ultima_x_clinvar	-1	-2	dragen	dragen
I30x_HG004_grapev1_0-dragen-dragen-INS_50	INS_50	I30x_HG004_grapev1_0	336900298.0	336873788.0	107.0	26403.0	23.0	0.9975442043222005	0.9959637872500943	0.9999999317251764	0.0008703549534549307	0.9991296450465451	0.9991296450465451	HG004	giabHC_x_ultima_x_clinvar	-1	-2	dragen	dragen
I30x_HG004_grapev1_0-dragen-dragen-INS_gt50	INS_gt50	I30x_HG004_grapev1_0	336900298.0	336900298.0	0.0	0.0	0.0			1.0				HG004	giabHC_x_ultima_x_clinvar	-1	-2	dragen	dragen
I30x_HG004_grapev1_0-dragen-dragen-DEL_50	DEL_50	I30x_HG004_grapev1_0	336900298.0	336872120.0	86.0	28092.0	26.0	0.9980105158448203	0.9969479735964227	0.9999999228193832	0.0009246745856746568	0.9990753254143253	0.9990753254143253	HG004	giabHC_x_ultima_x_clinvar	-1	-2	dragen	dragen
I30x_HG004_grapev1_0-dragen-dragen-DEL_gt50	DEL_gt50	I30x_HG004_grapev1_0	336900298.0	336900298.0	0.0	0.0	0.0			1.0				HG004	giabHC_x_ultima_x_clinvar	-1	-2	dragen	dragen
I30x_HG004_grapev1_0-dragen-dragen-Indel_50	Indel_50	I30x_HG004_grapev1_0	336900298.0	336896976.0	2.0	3320.0	1.0	0.9995483968086708	0.9993979530403372	0.9999999970317335	0.00030111412225233364	0.9996988858777477	0.9996988858777477	HG004	giabHC_x_ultima_x_clinvar	-1	-2	dragen	dragen
I30x_HG004_grapev1_0-dragen-dragen-Indel_gt50	Indel_gt50	I30x_HG004_grapev1_0	336900298.0	336900255.0	0.0	43.0	0.0	1.0	1.0	1.0	0.0	1.0	1.0	HG004	giabHC_x_ultima_x_clinvar	-1	-2	dragen	dragen
I30x_HG004_grapev1_0-dragen-dragen-All	All	I30x_HG004_grapev1_0	336900298.0	336455557.0	2367.0	442374.0	511.0	0.9967576434218918	0.9946778012371246	0.9999984812281644	0.0011537983901012678	0.9988462016098988	0.9988462016098988	HG004	giabHC_x_ultima_x_clinvar	-1	-2	dragen	dragen
I30x_HG004_grapev1_0-dragen-dragen-SNPts	SNPts	I30x_HG004_grapev1_0	2524487531.0	2522220566.0	8932.0	2258033.0	1842.0	0.9976199733147184	0.9960599303474028	0.9999992696916837	0.0008150893301620665	0.999184910669838	0.999184910669838	HG004	ultima	-1	-2	dragen	dragen
I30x_HG004_grapev1_0-dragen-dragen-SNPtv	SNPtv	I30x_HG004_grapev1_0	2524487531.0	2523409181.0	4487.0	1073863.0	926.0	0.9974859960271957	0.9958390133073678	0.9999996330362642	0.0008615644559071595	0.9991384355440929	0.9991384355440929	HG004	ultima	-1	-2	dragen	dragen
I30x_HG004_grapev1_0-dragen-dragen-INS_50	INS_50	I30x_HG004_grapev1_0	2524487531.0	2524256415.0	631.0	230485.0	132.0	0.9983475298495017	0.9972697692933419	0.9999999477073754	0.0005723775784092239	0.9994276224215908	0.9994276224215908	HG004	ultima	-1	-2	dragen	dragen
I30x_HG004_grapev1_0-dragen-dragen-INS_gt50	INS_gt50	I30x_HG004_grapev1_0	2524487531.0	2524487531.0	0.0	0.0	0.0			1.0				HG004	ultima	-1	-2	dragen	dragen
I30x_HG004_grapev1_0-dragen-dragen-DEL_50	DEL_50	I30x_HG004_grapev1_0	2524487531.0	2524241854.0	528.0	245149.0	165.0	0.9985885688332372	0.9978508366676572	0.9999999346338431	0.0006726073522098209	0.9993273926477901	0.9993273926477901	HG004	ultima	-1	-2	dragen	dragen
I30x_HG004_grapev1_0-dragen-dragen-DEL_gt50	DEL_gt50	I30x_HG004_grapev1_0	2524487531.0	2524487531.0	0.0	0.0	0.0			1.0				HG004	ultima	-1	-2	dragen	dragen
I30x_HG004_grapev1_0-dragen-dragen-Indel_50	Indel_50	I30x_HG004_grapev1_0	2524487531.0	2524454158.0	30.0	33343.0	3.0	0.999505388270208	0.9991010697270248	0.9999999988116243	8.99658129910634e-05	0.999910034187009	0.999910034187009	HG004	ultima	-1	-2	dragen	dragen
I30x_HG004_grapev1_0-dragen-dragen-Indel_gt50	Indel_gt50	I30x_HG004_grapev1_0	2524487531.0	2524487083.0	0.0	448.0	0.0	1.0	1.0	1.0	0.0	1.0	1.0	HG004	ultima	-1	-2	dragen	dragen
I30x_HG004_grapev1_0-dragen-dragen-All	All	I30x_HG004_grapev1_0	2524487531.0	2520631602.0	14608.0	3841321.0	3068.0	0.9977045103851555	0.9962115485010227	0.9999987828462266	0.0007980461914754204	0.9992019538085246	0.9992019538085246	HG004	ultima	-1	-2	dragen	dragen
I30x_HG004_grapev1_0-dragen-dragen-SNPts	SNPts	I30x_HG004_grapev1_0	2524487531.0	2522220566.0	8932.0	2258033.0	1842.0	0.9976199733147184	0.9960599303474028	0.9999992696916837	0.0008150893301620665	0.999184910669838	0.999184910669838	HG004	giabHC	-1	-2	dragen	dragen
I30x_HG004_grapev1_0-dragen-dragen-SNPtv	SNPtv	I30x_HG004_grapev1_0	2524487531.0	2523409181.0	4487.0	1073863.0	926.0	0.9974859960271957	0.9958390133073678	0.9999996330362642	0.0008615644559071595	0.9991384355440929	0.9991384355440929	HG004	giabHC	-1	-2	dragen	dragen
I30x_HG004_grapev1_0-dragen-dragen-INS_50	INS_50	I30x_HG004_grapev1_0	2524487531.0	2524256415.0	631.0	230485.0	132.0	0.9983475298495017	0.9972697692933419	0.9999999477073754	0.0005723775784092239	0.9994276224215908	0.9994276224215908	HG004	giabHC	-1	-2	dragen	dragen
I30x_HG004_grapev1_0-dragen-dragen-INS_gt50	INS_gt50	I30x_HG004_grapev1_0	2524487531.0	2524487531.0	0.0	0.0	0.0			1.0				HG004	giabHC	-1	-2	dragen	dragen
I30x_HG004_grapev1_0-dragen-dragen-DEL_50	DEL_50	I30x_HG004_grapev1_0	2524487531.0	2524241854.0	528.0	245149.0	165.0	0.9985885688332372	0.9978508366676572	0.9999999346338431	0.0006726073522098209	0.9993273926477901	0.9993273926477901	HG004	giabHC	-1	-2	dragen	dragen
I30x_HG004_grapev1_0-dragen-dragen-DEL_gt50	DEL_gt50	I30x_HG004_grapev1_0	2524487531.0	2524487531.0	0.0	0.0	0.0			1.0				HG004	giabHC	-1	-2	dragen	dragen
I30x_HG004_grapev1_0-dragen-dragen-Indel_50	Indel_50	I30x_HG004_grapev1_0	2524487531.0	2524454158.0	30.0	33343.0	3.0	0.999505388270208	0.9991010697270248	0.9999999988116243	8.99658129910634e-05	0.999910034187009	0.999910034187009	HG004	giabHC	-1	-2	dragen	dragen
I30x_HG004_grapev1_0-dragen-dragen-Indel_gt50	Indel_gt50	I30x_HG004_grapev1_0	2524487531.0	2524487083.0	0.0	448.0	0.0	1.0	1.0	1.0	0.0	1.0	1.0	HG004	giabHC	-1	-2	dragen	dragen
I30x_HG004_grapev1_0-dragen-dragen-All	All	I30x_HG004_grapev1_0	2524487531.0	2520631602.0	14608.0	3841321.0	3068.0	0.9977045103851555	0.9962115485010227	0.9999987828462266	0.0007980461914754204	0.9992019538085246	0.9992019538085246	HG004	giabHC	-1	-2	dragen	dragen
I30x_HG004_grapev1_0-dragen-dragen-SNPts	SNPts	I30x_HG004_grapev1_0	336900298.0	336634239.0	1472.0	264587.0	308.0	0.9966475438550232	0.9944673925708207	0.9999990850612251	0.001162724853243738	0.9988372751467562	0.9988372751467562	HG004	giabHC_x_clinvar_genes	-1	-2	dragen	dragen
I30x_HG004_grapev1_0-dragen-dragen-SNPtv	SNPtv	I30x_HG004_grapev1_0	336900298.0	336779669.0	700.0	119929.0	153.0	0.9964563314514086	0.994197083620025	0.9999995456972478	0.0012741293449476192	0.9987258706550524	0.9987258706550524	HG004	giabHC_x_clinvar_genes	-1	-2	dragen	dragen
I30x_HG004_grapev1_0-dragen-dragen-INS_50	INS_50	I30x_HG004_grapev1_0	336900298.0	336873788.0	107.0	26403.0	23.0	0.9975442043222005	0.9959637872500943	0.9999999317251764	0.0008703549534549307	0.9991296450465451	0.9991296450465451	HG004	giabHC_x_clinvar_genes	-1	-2	dragen	dragen
I30x_HG004_grapev1_0-dragen-dragen-INS_gt50	INS_gt50	I30x_HG004_grapev1_0	336900298.0	336900298.0	0.0	0.0	0.0			1.0				HG004	giabHC_x_clinvar_genes	-1	-2	dragen	dragen
I30x_HG004_grapev1_0-dragen-dragen-DEL_50	DEL_50	I30x_HG004_grapev1_0	336900298.0	336872120.0	86.0	28092.0	26.0	0.9980105158448203	0.9969479735964227	0.9999999228193832	0.0009246745856746568	0.9990753254143253	0.9990753254143253	HG004	giabHC_x_clinvar_genes	-1	-2	dragen	dragen
I30x_HG004_grapev1_0-dragen-dragen-DEL_gt50	DEL_gt50	I30x_HG004_grapev1_0	336900298.0	336900298.0	0.0	0.0	0.0			1.0				HG004	giabHC_x_clinvar_genes	-1	-2	dragen	dragen
I30x_HG004_grapev1_0-dragen-dragen-Indel_50	Indel_50	I30x_HG004_grapev1_0	336900298.0	336896976.0	2.0	3320.0	1.0	0.9995483968086708	0.9993979530403372	0.9999999970317335	0.00030111412225233364	0.9996988858777477	0.9996988858777477	HG004	giabHC_x_clinvar_genes	-1	-2	dragen	dragen
I30x_HG004_grapev1_0-dragen-dragen-Indel_gt50	Indel_gt50	I30x_HG004_grapev1_0	336900298.0	336900255.0	0.0	43.0	0.0	1.0	1.0	1.0	0.0	1.0	1.0	HG004	giabHC_x_clinvar_genes	-1	-2	dragen	dragen
I30x_HG004_grapev1_0-dragen-dragen-All	All	I30x_HG004_grapev1_0	336900298.0	336455557.0	2367.0	442374.0	511.0	0.9967576434218918	0.9946778012371246	0.9999984812281644	0.0011537983901012678	0.9988462016098988	0.9988462016098988	HG004	giabHC_x_clinvar_genes	-1	-2	dragen	dragen
I30x_HG004_grapev1_0-dragen-dragen-SNPts	SNPts	I30x_HG004_grapev1_0	377862616.0	377588307.0	2012.0	272297.0	32628.0	0.9401968807079695	0.99266520602678	0.9999135958921346	0.10700336148233172	0.8929966385176683	0.8929966385176683	HG004	clinvar_genes	-1	-2	dragen	dragen
I30x_HG004_grapev1_0-dragen-dragen-SNPtv	SNPtv	I30x_HG004_grapev1_0	377862616.0	377737677.0	1024.0	123915.0	19498.0	0.9235258168375864	0.9918040003521719	0.9999483848321346	0.1359569913466701	0.86404300865333	0.86404300865333	HG004	clinvar_genes	-1	-2	dragen	dragen
I30x_HG004_grapev1_0-dragen-dragen-INS_50	INS_50	I30x_HG004_grapev1_0	377862616.0	377833222.0	212.0	29182.0	18023.0	0.7619420619068134	0.992787643736817	0.9999523013348811	0.3818027751297532	0.6181972248702468	0.6181972248702468	HG004	clinvar_genes	-1	-2	dragen	dragen
I30x_HG004_grapev1_0-dragen-dragen-INS_gt50	INS_gt50	I30x_HG004_grapev1_0	377862616.0	377862584.0	23.0	9.0	151.0	0.09374999999999999	0.28125	0.999999600383986	0.94375	0.05625000000000002	0.05625	HG004	clinvar_genes	-1	-2	dragen	dragen
I30x_HG004_grapev1_0-dragen-dragen-DEL_50	DEL_50	I30x_HG004_grapev1_0	377862616.0	377831518.0	189.0	30909.0	17509.0	0.7774284420745511	0.9939224387420413	0.9999536613865622	0.3616217109339502	0.6383782890660499	0.6383782890660498	HG004	clinvar_genes	-1	-2	dragen	dragen
I30x_HG004_grapev1_0-dragen-dragen-DEL_gt50	DEL_gt50	I30x_HG004_grapev1_0	377862616.0	377862590.0	22.0	4.0	43.0	0.1095890410958904	0.15384615384615385	0.9999998862020315	0.9148936170212766	0.08510638297872342	0.0851063829787234	HG004	clinvar_genes	-1	-2	dragen	dragen
I30x_HG004_grapev1_0-dragen-dragen-Indel_50	Indel_50	I30x_HG004_grapev1_0	377862616.0	377858316.0	13.0	4287.0	4855.0	0.6378515101919358	0.9969767441860465	0.999987151433713	0.5310654123824109	0.4689345876175891	0.46893458761758916	HG004	clinvar_genes	-1	-2	dragen	dragen
I30x_HG004_grapev1_0-dragen-dragen-Indel_gt50	Indel_gt50	I30x_HG004_grapev1_0	377862616.0	377862453.0	2.0	161.0	299.0	0.5168539325842696	0.9877300613496932	0.9999992087073986	0.65	0.35	0.35	HG004	clinvar_genes	-1	-2	dragen	dragen
I30x_HG004_grapev1_0-dragen-dragen-All	All	I30x_HG004_grapev1_0	377862616.0	377398355.0	3497.0	460764.0	93006.0	0.9052062265294476	0.992467599044503	0.9997536208517366	0.1679505932065659	0.8320494067934341	0.8320494067934341	HG004	clinvar_genes	-1	-2	dragen	dragen
I30x_HG004_grapev1_0-dragen-dragen-SNPts	SNPts	I30x_HG004_grapev1_0	3088286401.0	3085948226.0	11796.0	2326379.0	351307.0	0.9276090386077285	0.9949550397211501	0.9998861720982544	0.13119798213830897	0.8688020178616911	0.868802017861691	HG004	hg38	-1	-2	dragen	dragen
I30x_HG004_grapev1_0-dragen-dragen-SNPtv	SNPtv	I30x_HG004_grapev1_0	3088286401.0	3087171664.0	6141.0	1108596.0	267259.0	0.890226901877144	0.9944910772675528	0.9999134366681689	0.19424939401317726	0.8057506059868227	0.8057506059868227	HG004	hg38	-1	-2	dragen	dragen
I30x_HG004_grapev1_0-dragen-dragen-INS_50	INS_50	I30x_HG004_grapev1_0	3088286401.0	3088027774.0	1561.0	257066.0	171575.0	0.7480808069050211	0.9939642806048866	0.9999444417342891	0.40027668841758024	0.5997233115824198	0.5997233115824198	HG004	hg38	-1	-2	dragen	dragen
I30x_HG004_grapev1_0-dragen-dragen-INS_gt50	INS_gt50	I30x_HG004_grapev1_0	3088286401.0	3088286183.0	145.0	73.0	1352.0	0.08886183810103469	0.3348623853211009	0.9999995622169294	0.9487719298245614	0.05122807017543862	0.051228070175438595	HG004	hg38	-1	-2	dragen	dragen
I30x_HG004_grapev1_0-dragen-dragen-DEL_50	DEL_50	I30x_HG004_grapev1_0	3088286401.0	3088013647.0	1201.0	271553.0	171479.0	0.7587547116037474	0.995596764850378	0.9999444725646283	0.3870578197511692	0.6129421802488308	0.6129421802488307	HG004	hg38	-1	-2	dragen	dragen
I30x_HG004_grapev1_0-dragen-dragen-DEL_gt50	DEL_gt50	I30x_HG004_grapev1_0	3088286401.0	3088286246.0	135.0	20.0	447.0	0.06430868167202573	0.12903225806451613	0.9999998552595518	0.9571734475374732	0.04282655246252676	0.042826552462526764	HG004	hg38	-1	-2	dragen	dragen
I30x_HG004_grapev1_0-dragen-dragen-Indel_50	Indel_50	I30x_HG004_grapev1_0	3088286401.0	3088242749.0	143.0	43509.0	47367.0	0.6468393196955281	0.9967240905342253	0.9999846623865567	0.5212267265284564	0.47877327347154364	0.47877327347154364	HG004	hg38	-1	-2	dragen	dragen
I30x_HG004_grapev1_0-dragen-dragen-Indel_gt50	Indel_gt50	I30x_HG004_grapev1_0	3088286401.0	3088284800.0	32.0	1569.0	2889.0	0.5179072454200363	0.9800124921923797	0.9999990645301569	0.6480484522207268	0.3519515477792732	0.35195154777927323	HG004	hg38	-1	-2	dragen	dragen
I30x_HG004_grapev1_0-dragen-dragen-All	All	I30x_HG004_grapev1_0	3088286401.0	3084256482.0	21154.0	4008765.0	1013675.0	0.8856840520796845	0.9947507629805958	0.999671446924121	0.20182919059262033	0.7981708094073796	0.7981708094073797	HG004	hg38	-1	-2	dragen	dragen
I30x_HG005_grapev1_0-dragen-dragen-SNPts	SNPts	I30x_HG005_grapev1_0	334484186.0	334222883.0	1620.0	259683.0	344.0	0.996232712485374	0.9938003008002204	0.9999989707477751	0.0013229395408938303	0.9986770604591062	0.9986770604591062	HG005	giabHC_x_clinvar_genes	-1	-2	dragen	dragen
I30x_HG005_grapev1_0-dragen-dragen-SNPtv	SNPtv	I30x_HG005_grapev1_0	334484186.0	334366440.0	827.0	116919.0	174.0	0.9957375052695676	0.992976406841846	0.9999994796131171	0.001485998309036407	0.9985140016909636	0.9985140016909636	HG005	giabHC_x_clinvar_genes	-1	-2	dragen	dragen
I30x_HG005_grapev1_0-dragen-dragen-INS_50	INS_50	I30x_HG005_grapev1_0	334484186.0	334461746.0	126.0	22314.0	26.0	0.9966056275122823	0.9943850267379679	0.9999999222631638	0.0011638316920322292	0.9988361683079677	0.9988361683079677	HG005	giabHC_x_clinvar_genes	-1	-2	dragen	dragen
I30x_HG005_grapev1_0-dragen-dragen-INS_gt50	INS_gt50	I30x_HG005_grapev1_0	334484186.0	334484186.0	0.0	0.0	0.0			1.0				HG005	giabHC_x_clinvar_genes	-1	-2	dragen	dragen
I30x_HG005_grapev1_0-dragen-dragen-DEL_50	DEL_50	I30x_HG005_grapev1_0	334484186.0	334460539.0	92.0	23555.0	35.0	0.9973114295996782	0.9961094430583161	0.9999998953538841	0.001483679525222552	0.9985163204747775	0.9985163204747775	HG005	giabHC_x_clinvar_genes	-1	-2	dragen	dragen
I30x_HG005_grapev1_0-dragen-dragen-DEL_gt50	DEL_gt50	I30x_HG005_grapev1_0	334484186.0	334484186.0	0.0	0.0	0.0			1.0				HG005	giabHC_x_clinvar_genes	-1	-2	dragen	dragen
I30x_HG005_grapev1_0-dragen-dragen-Indel_50	Indel_50	I30x_HG005_grapev1_0	334484186.0	334482213.0	1.0	1972.0	3.0	0.9989868287740628	0.9994931576279777	0.9999999910309133	0.0015189873417721519	0.9984810126582279	0.9984810126582279	HG005	giabHC_x_clinvar_genes	-1	-2	dragen	dragen
I30x_HG005_grapev1_0-dragen-dragen-Indel_gt50	Indel_gt50	I30x_HG005_grapev1_0	334484186.0	334484150.0	0.0	36.0	0.0	1.0	1.0	1.0	0.0	1.0	1.0	HG005	giabHC_x_clinvar_genes	-1	-2	dragen	dragen
I30x_HG005_grapev1_0-dragen-dragen-All	All	I30x_HG005_grapev1_0	334484186.0	334057041.0	2666.0	424479.0	582.0	0.9961887149351213	0.9937585597396669	0.9999982577856037	0.001369215242047612	0.9986307847579524	0.9986307847579524	HG005	giabHC_x_clinvar_genes	-1	-2	dragen	dragen
I30x_HG005_grapev1_0-dragen-dragen-SNPts	SNPts	I30x_HG005_grapev1_0	2484521656.0	2482350854.0	2320.0	2168482.0	785.0	0.9992845735862724	0.9989312705626768	0.9999996837676066	0.000361873388568581	0.9996381266114314	0.9996381266114314	HG005	giabHC_x_ultima	-1	-2	dragen	dragen
I30x_HG005_grapev1_0-dragen-dragen-SNPtv	SNPtv	I30x_HG005_grapev1_0	2484521656.0	2483502305.0	1303.0	1018048.0	507.0	0.9991118334211686	0.9987217356926122	0.9999997958528585	0.0004977639891807511	0.9995022360108192	0.9995022360108192	HG005	giabHC_x_ultima	-1	-2	dragen	dragen
I30x_HG005_grapev1_0-dragen-dragen-INS_50	INS_50	I30x_HG005_grapev1_0	2484521656.0	2484371722.0	202.0	149732.0	70.0	0.9990925347639256	0.9986527405391705	0.999999971823863	0.00046728348086140373	0.9995327165191386	0.9995327165191386	HG005	giabHC_x_ultima	-1	-2	dragen	dragen
I30x_HG005_grapev1_0-dragen-dragen-INS_gt50	INS_gt50	I30x_HG005_grapev1_0	2484521656.0	2484521656.0	0.0	0.0	0.0			1.0				HG005	giabHC_x_ultima	-1	-2	dragen	dragen
I30x_HG005_grapev1_0-dragen-dragen-DEL_50	DEL_50	I30x_HG005_grapev1_0	2484521656.0	2484362089.0	150.0	159417.0	56.0	0.9993543129388164	0.9990599560059411	0.9999999774590028	0.0003511566221241213	0.9996488433778759	0.9996488433778759	HG005	giabHC_x_ultima	-1	-2	dragen	dragen
I30x_HG005_grapev1_0-dragen-dragen-DEL_gt50	DEL_gt50	I30x_HG005_grapev1_0	2484521656.0	2484521656.0	0.0	0.0	0.0			1.0				HG005	giabHC_x_ultima	-1	-2	dragen	dragen
I30x_HG005_grapev1_0-dragen-dragen-Indel_50	Indel_50	I30x_HG005_grapev1_0	2484521656.0	2484508910.0	1.0	12745.0	9.0	0.9996078431372549	0.9999215440138083	0.9999999963775538	0.0007056609691077309	0.9992943390308923	0.9992943390308923	HG005	giabHC_x_ultima	-1	-2	dragen	dragen
I30x_HG005_grapev1_0-dragen-dragen-Indel_gt50	Indel_gt50	I30x_HG005_grapev1_0	2484521656.0	2484521372.0	0.0	284.0	0.0	1.0	1.0	1.0	0.0	1.0	1.0	HG005	giabHC_x_ultima	-1	-2	dragen	dragen
I30x_HG005_grapev1_0-dragen-dragen-All	All	I30x_HG005_grapev1_0	2484521656.0	2481008972.0	3976.0	3508708.0	1427.0	0.9992306508255445	0.998868101998358	0.9999994248311089	0.00040653707051153303	0.9995934629294885	0.9995934629294885	HG005	giabHC_x_ultima	-1	-2	dragen	dragen
I30x_HG005_grapev1_0-dragen-dragen-SNPts	SNPts	I30x_HG005_grapev1_0	3088286401.0	3085990913.0	10832.0	2284656.0	344585.0	0.9278301405011321	0.9952811776842223	0.9998883514121445	0.13105873520152775	0.8689412647984722	0.8689412647984722	HG005	hg38	-1	-2	dragen	dragen
I30x_HG005_grapev1_0-dragen-dragen-SNPtv	SNPtv	I30x_HG005_grapev1_0	3088286401.0	3087197055.0	5829.0	1083517.0	268776.0	0.8875325140202953	0.9946490830277983	0.9999129460811189	0.1987557430231466	0.8012442569768534	0.8012442569768534	HG005	hg38	-1	-2	dragen	dragen
I30x_HG005_grapev1_0-dragen-dragen-INS_50	INS_50	I30x_HG005_grapev1_0	3088286401.0	3088070261.0	1532.0	214608.0	211328.0	0.668481612768582	0.9929120014805218	0.9999315710067526	0.49614965628639046	0.5038503437136095	0.5038503437136096	HG005	hg38	-1	-2	dragen	dragen
I30x_HG005_grapev1_0-dragen-dragen-INS_gt50	INS_gt50	I30x_HG005_grapev1_0	3088286401.0	3088286371.0	27.0	3.0	1399.0	0.004189944134078212	0.1	0.9999995469981737	0.9978601997146933	0.002139800285306692	0.0021398002853067048	HG005	hg38	-1	-2	dragen	dragen
I30x_HG005_grapev1_0-dragen-dragen-DEL_50	DEL_50	I30x_HG005_grapev1_0	3088286401.0	3088061111.0	1013.0	224277.0	214260.0	0.6757091832661221	0.9955035731723556	0.9999306214717729	0.48857907086517216	0.5114209291348278	0.5114209291348278	HG005	hg38	-1	-2	dragen	dragen
I30x_HG005_grapev1_0-dragen-dragen-DEL_gt50	DEL_gt50	I30x_HG005_grapev1_0	3088286401.0	3088286359.0	42.0	0.0	486.0		0.0	0.9999998426311983	1.0	0.0	0.0	HG005	hg38	-1	-2	dragen	dragen
I30x_HG005_grapev1_0-dragen-dragen-Indel_50	Indel_50	I30x_HG005_grapev1_0	3088286401.0	3088258671.0	74.0	27656.0	58704.0	0.4848102375317731	0.9973314100252434	0.9999809915909307	0.6797591477535896	0.3202408522464104	0.32024085224641036	HG005	hg38	-1	-2	dragen	dragen
I30x_HG005_grapev1_0-dragen-dragen-Indel_gt50	Indel_gt50	I30x_HG005_grapev1_0	3088286401.0	3088284999.0	22.0	1380.0	2839.0	0.49101583348158695	0.9843081312410842	0.9999990807204027	0.6729082721023939	0.3270917278976061	0.32709172789760604	HG005	hg38	-1	-2	dragen	dragen
I30x_HG005_grapev1_0-dragen-dragen-All	All	I30x_HG005_grapev1_0	3088286401.0	3084430933.0	19371.0	3836097.0	1102377.0	0.8724408234668821	0.9949757072293169	0.9996427272405625	0.22322219373838964	0.7767778062616104	0.7767778062616104	HG005	hg38	-1	-2	dragen	dragen
I30x_HG005_grapev1_0-dragen-dragen-SNPts	SNPts	I30x_HG005_grapev1_0	2503728811.0	2501507290.0	8656.0	2212865.0	2115.0	0.9975721858284264	0.9961035704816655	0.9999991545104745	0.0009548618949155297	0.9990451381050844	0.9990451381050844	HG005	giabHC	-1	-2	dragen	dragen
I30x_HG005_grapev1_0-dragen-dragen-SNPtv	SNPtv	I30x_HG005_grapev1_0	2503728811.0	2502676038.0	4591.0	1048182.0	1157.0	0.9972656071607984	0.9956391358820943	0.9999995376950722	0.0011025988741483925	0.9988974011258516	0.9988974011258516	HG005	giabHC	-1	-2	dragen	dragen
I30x_HG005_grapev1_0-dragen-dragen-INS_50	INS_50	I30x_HG005_grapev1_0	2503728811.0	2503535541.0	614.0	192656.0	170.0	0.9979694169325765	0.9968230972215036	0.9999999320960355	0.0008816238474064701	0.9991183761525936	0.9991183761525936	HG005	giabHC	-1	-2	dragen	dragen
I30x_HG005_grapev1_0-dragen-dragen-INS_gt50	INS_gt50	I30x_HG005_grapev1_0	2503728811.0	2503728811.0	0.0	0.0	0.0			1.0				HG005	giabHC	-1	-2	dragen	dragen
I30x_HG005_grapev1_0-dragen-dragen-DEL_50	DEL_50	I30x_HG005_grapev1_0	2503728811.0	2503526018.0	438.0	202355.0	187.0	0.9984580655507173	0.9978401621357739	0.9999999253053554	0.0009232652980616366	0.9990767347019384	0.9990767347019384	HG005	giabHC	-1	-2	dragen	dragen
I30x_HG005_grapev1_0-dragen-dragen-DEL_gt50	DEL_gt50	I30x_HG005_grapev1_0	2503728811.0	2503728811.0	0.0	0.0	0.0			1.0				HG005	giabHC	-1	-2	dragen	dragen
I30x_HG005_grapev1_0-dragen-dragen-Indel_50	Indel_50	I30x_HG005_grapev1_0	2503728811.0	2503708326.0	9.0	20476.0	47.0	0.998634412797503	0.9995606541371735	0.9999999812278456	0.0022901135311601617	0.9977098864688398	0.9977098864688398	HG005	giabHC	-1	-2	dragen	dragen
I30x_HG005_grapev1_0-dragen-dragen-Indel_gt50	Indel_gt50	I30x_HG005_grapev1_0	2503728811.0	2503728466.0	0.0	345.0	0.0	1.0	1.0	1.0	0.0	1.0	1.0	HG005	giabHC	-1	-2	dragen	dragen
I30x_HG005_grapev1_0-dragen-dragen-All	All	I30x_HG005_grapev1_0	2503728811.0	2500037624.0	14308.0	3676879.0	3676.0	0.9975604138072115	0.9961237401410441	0.9999985296242906	0.0009987624149075344	0.9990012375850925	0.9990012375850925	HG005	giabHC	-1	-2	dragen	dragen
I30x_HG005_grapev1_0-dragen-dragen-SNPts	SNPts	I30x_HG005_grapev1_0	377862616.0	377593046.0	1978.0	267592.0	33516.0	0.9378038052982591	0.9926623882479504	0.9999112456501404	0.11130889913253716	0.8886911008674628	0.8886911008674628	HG005	clinvar_genes	-1	-2	dragen	dragen
I30x_HG005_grapev1_0-dragen-dragen-SNPtv	SNPtv	I30x_HG005_grapev1_0	377862616.0	377740688.0	1036.0	120892.0	20584.0	0.9179207605047759	0.991503182205892	0.9999455105604367	0.1454946422007973	0.8545053577992027	0.8545053577992027	HG005	clinvar_genes	-1	-2	dragen	dragen
I30x_HG005_grapev1_0-dragen-dragen-INS_50	INS_50	I30x_HG005_grapev1_0	377862616.0	377837773.0	238.0	24605.0	22707.0	0.6820040191254937	0.9904198365736827	0.9999399063908456	0.47994166384849507	0.520058336151505	0.5200583361515049	HG005	clinvar_genes	-1	-2	dragen	dragen
I30x_HG005_grapev1_0-dragen-dragen-INS_gt50	INS_gt50	I30x_HG005_grapev1_0	377862616.0	377862610.0	6.0	0.0	177.0		0.0	0.9999995315759951	1.0	0.0	0.0	HG005	clinvar_genes	-1	-2	dragen	dragen
I30x_HG005_grapev1_0-dragen-dragen-DEL_50	DEL_50	I30x_HG005_grapev1_0	377862616.0	377836581.0	153.0	25882.0	22526.0	0.6953508053141328	0.9941232955636643	0.999940385187011	0.4653363080482565	0.5346636919517436	0.5346636919517435	HG005	clinvar_genes	-1	-2	dragen	dragen
I30x_HG005_grapev1_0-dragen-dragen-DEL_gt50	DEL_gt50	I30x_HG005_grapev1_0	377862616.0	377862612.0	4.0	0.0	64.0		0.0	0.9999998306262987	1.0	0.0	0.0	HG005	clinvar_genes	-1	-2	dragen	dragen
I30x_HG005_grapev1_0-dragen-dragen-Indel_50	Indel_50	I30x_HG005_grapev1_0	377862616.0	377859918.0	6.0	2692.0	5958.0	0.47444483609446597	0.9977761304670126	0.9999842325005288	0.6887861271676301	0.3112138728323699	0.31121387283236995	HG005	clinvar_genes	-1	-2	dragen	dragen
I30x_HG005_grapev1_0-dragen-dragen-Indel_gt50	Indel_gt50	I30x_HG005_grapev1_0	377862616.0	377862469.0	2.0	145.0	300.0	0.4898648648648648	0.9863945578231292	0.9999992060609708	0.6741573033707865	0.3258426966292135	0.3258426966292135	HG005	clinvar_genes	-1	-2	dragen	dragen
I30x_HG005_grapev1_0-dragen-dragen-All	All	I30x_HG005_grapev1_0	377862616.0	377417385.0	3423.0	441808.0	105832.0	0.8899605286084497	0.99231185609268	0.999719667572127	0.19325104082974218	0.8067489591702578	0.8067489591702578	HG005	clinvar_genes	-1	-2	dragen	dragen
I30x_HG005_grapev1_0-dragen-dragen-SNPts	SNPts	I30x_HG005_grapev1_0	329898164.0	329645938.0	509.0	251717.0	92.0	0.9988076224865337	0.9979819685520129	0.9999997209127621	0.0003653562819438543	0.9996346437180561	0.9996346437180561	HG005	giabHC_x_ultima_x_clinvar	-1	-2	dragen	dragen
I30x_HG005_grapev1_0-dragen-dragen-SNPtv	SNPtv	I30x_HG005_grapev1_0	329898164.0	329785966.0	319.0	111879.0	57.0	0.9983224321165018	0.9971568120643862	0.9999998271606556	0.0005092195540308748	0.9994907804459692	0.9994907804459692	HG005	giabHC_x_ultima_x_clinvar	-1	-2	dragen	dragen
I30x_HG005_grapev1_0-dragen-dragen-INS_50	INS_50	I30x_HG005_grapev1_0	329898164.0	329881120.0	40.0	17004.0	10.0	0.9985319161430501	0.997653133067355	0.9999999696860502	0.0005877512636652169	0.9994122487363348	0.9994122487363348	HG005	giabHC_x_ultima_x_clinvar	-1	-2	dragen	dragen
I30x_HG005_grapev1_0-dragen-dragen-INS_gt50	INS_gt50	I30x_HG005_grapev1_0	329898164.0	329898164.0	0.0	0.0	0.0			1.0				HG005	giabHC_x_ultima_x_clinvar	-1	-2	dragen	dragen
I30x_HG005_grapev1_0-dragen-dragen-DEL_50	DEL_50	I30x_HG005_grapev1_0	329898164.0	329879705.0	33.0	18426.0	7.0	0.9989157540930282	0.9982122541849504	0.9999999787801439	0.0003797537025986003	0.9996202462974014	0.9996202462974014	HG005	giabHC_x_ultima_x_clinvar	-1	-2	dragen	dragen
I30x_HG005_grapev1_0-dragen-dragen-DEL_gt50	DEL_gt50	I30x_HG005_grapev1_0	329898164.0	329898164.0	0.0	0.0	0.0			1.0				HG005	giabHC_x_ultima_x_clinvar	-1	-2	dragen	dragen
I30x_HG005_grapev1_0-dragen-dragen-Indel_50	Indel_50	I30x_HG005_grapev1_0	329898164.0	329897033.0	0.0	1131.0	1.0	0.9995581087052585	1.0	0.9999999969687512	0.0008833922261484099	0.9991166077738516	0.9991166077738516	HG005	giabHC_x_ultima_x_clinvar	-1	-2	dragen	dragen
I30x_HG005_grapev1_0-dragen-dragen-Indel_gt50	Indel_gt50	I30x_HG005_grapev1_0	329898164.0	329898135.0	0.0	29.0	0.0	1.0	1.0	1.0	0.0	1.0	1.0	HG005	giabHC_x_ultima_x_clinvar	-1	-2	dragen	dragen
I30x_HG005_grapev1_0-dragen-dragen-All	All	I30x_HG005_grapev1_0	329898164.0	329497077.0	901.0	400186.0	167.0	0.9986673986823716	0.9977536045795551	0.9999994931672327	0.0004171318811149161	0.9995828681188851	0.9995828681188851	HG005	giabHC_x_ultima_x_clinvar	-1	-2	dragen	dragen
I30x_HG005_grapev1_0-dragen-dragen-SNPts	SNPts	I30x_HG005_grapev1_0	2799325643.0	2797094833.0	2903.0	2227907.0	156705.0	0.9654185467764379	0.9986986789551777	0.9999439789386577	0.06571509327303561	0.9342849067269644	0.9342849067269644	HG005	ultima	-1	-2	dragen	dragen
I30x_HG005_grapev1_0-dragen-dragen-SNPtv	SNPtv	I30x_HG005_grapev1_0	2799325643.0	2798278323.0	1648.0	1045672.0	87422.0	0.9591499595948292	0.9984264599167398	0.9999687596233064	0.07715335179605576	0.9228466482039442	0.9228466482039442	HG005	ultima	-1	-2	dragen	dragen
I30x_HG005_grapev1_0-dragen-dragen-INS_50	INS_50	I30x_HG005_grapev1_0	2799325643.0	2799164912.0	348.0	160383.0	28791.0	0.9167231105585801	0.9978348918379155	0.9999897145381653	0.15219321894129215	0.8478067810587079	0.8478067810587079	HG005	ultima	-1	-2	dragen	dragen
I30x_HG005_grapev1_0-dragen-dragen-INS_gt50	INS_gt50	I30x_HG005_grapev1_0	2799325643.0	2799325629.0	13.0	1.0	214.0	0.008733624454148471	0.07142857142857142	0.9999999235530224	0.9953488372093023	0.0046511627906976605	0.004651162790697674	HG005	ultima	-1	-2	dragen	dragen
I30x_HG005_grapev1_0-dragen-dragen-DEL_50	DEL_50	I30x_HG005_grapev1_0	2799325643.0	2799154057.0	335.0	171251.0	37859.0	0.8996732300838465	0.998047626263215	0.9999864750252444	0.18104825211611114	0.8189517478838888	0.8189517478838889	HG005	ultima	-1	-2	dragen	dragen
I30x_HG005_grapev1_0-dragen-dragen-DEL_gt50	DEL_gt50	I30x_HG005_grapev1_0	2799325643.0	2799325611.0	32.0	0.0	116.0		0.0	0.9999999585614496	1.0	0.0	0.0	HG005	ultima	-1	-2	dragen	dragen
I30x_HG005_grapev1_0-dragen-dragen-Indel_50	Indel_50	I30x_HG005_grapev1_0	2799325643.0	2799309303.0	8.0	16332.0	3224.0	0.9099621127702251	0.9995104039167687	0.9999988482886534	0.16485988954796482	0.8351401104520352	0.8351401104520352	HG005	ultima	-1	-2	dragen	dragen
I30x_HG005_grapev1_0-dragen-dragen-Indel_gt50	Indel_gt50	I30x_HG005_grapev1_0	2799325643.0	2799324779.0	7.0	857.0	465.0	0.7840805123513267	0.9918981481481481	0.9999998338885412	0.3517397881996974	0.6482602118003026	0.6482602118003026	HG005	ultima	-1	-2	dragen	dragen
I30x_HG005_grapev1_0-dragen-dragen-All	All	I30x_HG005_grapev1_0	2799325643.0	2795697946.0	5294.0	3622403.0	314796.0	0.9576874553199409	0.998540671946968	0.9998874125302538	0.07995430253842897	0.920045697461571	0.920045697461571	HG005	ultima	-1	-2	dragen	dragen
I30x_HG006_grapev1_0-dragen-dragen-SNPts	SNPts	I30x_HG006_grapev1_0	331588110.0	331336496.0	341.0	251273.0	133.0	0.9990576915430798	0.9986447494972458	0.9999995985955419	0.0005290247647231968	0.9994709752352768	0.9994709752352768	HG006	giabHC_x_ultima_x_clinvar	-1	-2	dragen	dragen
I30x_HG006_grapev1_0-dragen-dragen-SNPtv	SNPtv	I30x_HG006_grapev1_0	331588110.0	331475834.0	168.0	112108.0	74.0	0.9989218472943712	0.9985036873419074	0.9999997767560229	0.000659642366868125	0.9993403576331319	0.9993403576331319	HG006	giabHC_x_ultima_x_clinvar	-1	-2	dragen	dragen
I30x_HG006_grapev1_0-dragen-dragen-INS_50	INS_50	I30x_HG006_grapev1_0	331588110.0	331571559.0	35.0	16516.0	10.0	0.9986395380475859	0.9978853241495982	0.9999999698405987	0.0006051071039574004	0.9993948928960426	0.9993948928960426	HG006	giabHC_x_ultima_x_clinvar	-1	-2	dragen	dragen
I30x_HG006_grapev1_0-dragen-dragen-INS_gt50	INS_gt50	I30x_HG006_grapev1_0	331588110.0	331588109.0	0.0	1.0	0.0	1.0	1.0	1.0	0.0	1.0	1.0	HG006	giabHC_x_ultima_x_clinvar	-1	-2	dragen	dragen
I30x_HG006_grapev1_0-dragen-dragen-DEL_50	DEL_50	I30x_HG006_grapev1_0	331588110.0	331570494.0	29.0	17587.0	8.0	0.9989491920138592	0.9983537693006358	0.9999999758724013	0.00045467462347257746	0.9995453253765274	0.9995453253765274	HG006	giabHC_x_ultima_x_clinvar	-1	-2	dragen	dragen
I30x_HG006_grapev1_0-dragen-dragen-DEL_gt50	DEL_gt50	I30x_HG006_grapev1_0	331588110.0	331588110.0	0.0	0.0	1.0			0.9999999969842104	1.0	0.0	0.0	HG006	giabHC_x_ultima_x_clinvar	-1	-2	dragen	dragen
I30x_HG006_grapev1_0-dragen-dragen-Indel_50	Indel_50	I30x_HG006_grapev1_0	331588110.0	331587066.0	0.0	1044.0	1.0	0.9995213020584012	1.0	0.9999999969842008	0.0009569377990430622	0.999043062200957	0.999043062200957	HG006	giabHC_x_ultima_x_clinvar	-1	-2	dragen	dragen
I30x_HG006_grapev1_0-dragen-dragen-Indel_gt50	Indel_gt50	I30x_HG006_grapev1_0	331588110.0	331588088.0	0.0	22.0	0.0	1.0	1.0	1.0	0.0	1.0	1.0	HG006	giabHC_x_ultima_x_clinvar	-1	-2	dragen	dragen
I30x_HG006_grapev1_0-dragen-dragen-All	All	I30x_HG006_grapev1_0	331588110.0	331188986.0	573.0	398551.0	227.0	0.9989973706044101	0.9985643559395075	0.9999993145912032	0.0005692390252220534	0.9994307609747779	0.9994307609747779	HG006	giabHC_x_ultima_x_clinvar	-1	-2	dragen	dragen
I30x_HG006_grapev1_0-dragen-dragen-SNPts	SNPts	I30x_HG006_grapev1_0	2799325643.0	2797104437.0	2690.0	2218516.0	160140.0	0.9646011119464017	0.9987889461850904	0.9999427512144126	0.06732373239341881	0.9326762676065812	0.9326762676065812	HG006	ultima	-1	-2	dragen	dragen
I30x_HG006_grapev1_0-dragen-dragen-SNPtv	SNPtv	I30x_HG006_grapev1_0	2799325643.0	2798283984.0	1454.0	1040205.0	90870.0	0.9575079139922328	0.998604149726542	0.999967527581278	0.0803395000331543	0.9196604999668457	0.9196604999668457	HG006	ultima	-1	-2	dragen	dragen
I30x_HG006_grapev1_0-dragen-dragen-INS_50	INS_50	I30x_HG006_grapev1_0	2799325643.0	2799170593.0	323.0	154727.0	35375.0	0.8965731040237346	0.9979168010319251	0.9999873624876467	0.18608431263216588	0.8139156873678342	0.8139156873678342	HG006	ultima	-1	-2	dragen	dragen
I30x_HG006_grapev1_0-dragen-dragen-INS_gt50	INS_gt50	I30x_HG006_grapev1_0	2799325643.0	2799325623.0	12.0	8.0	256.0	0.05633802816901409	0.4	0.9999999085494111	0.9696969696969697	0.030303030303030276	0.030303030303030304	HG006	ultima	-1	-2	dragen	dragen
I30x_HG006_grapev1_0-dragen-dragen-DEL_50	DEL_50	I30x_HG006_grapev1_0	2799325643.0	2799164625.0	271.0	160747.0	49264.0	0.8664929156481032	0.9983169583524824	0.9999824007732336	0.23457818876154107	0.765421811238459	0.765421811238459	HG006	ultima	-1	-2	dragen	dragen
I30x_HG006_grapev1_0-dragen-dragen-DEL_gt50	DEL_gt50	I30x_HG006_grapev1_0	2799325643.0	2799325619.0	24.0	0.0	116.0		0.0	0.9999999585614499	1.0	0.0	0.0	HG006	ultima	-1	-2	dragen	dragen
I30x_HG006_grapev1_0-dragen-dragen-Indel_50	Indel_50	I30x_HG006_grapev1_0	2799325643.0	2799310705.0	8.0	14930.0	5337.0	0.8481749751455759	0.9994644530727005	0.9999980934628603	0.263334484630187	0.736665515369813	0.736665515369813	HG006	ultima	-1	-2	dragen	dragen
I30x_HG006_grapev1_0-dragen-dragen-Indel_gt50	Indel_gt50	I30x_HG006_grapev1_0	2799325643.0	2799324858.0	8.0	777.0	588.0	0.7227906976744185	0.9898089171974522	0.9999997899493963	0.4307692307692308	0.5692307692307692	0.5692307692307692	HG006	ultima	-1	-2	dragen	dragen
I30x_HG006_grapev1_0-dragen-dragen-All	All	I30x_HG006_grapev1_0	2799325643.0	2795730943.0	4790.0	3589910.0	341946.0	0.9539316521394381	0.9986674826828387	0.9998777049048524	0.08696808835318486	0.9130319116468152	0.9130319116468152	HG006	ultima	-1	-2	dragen	dragen
I30x_HG006_grapev1_0-dragen-dragen-SNPts	SNPts	I30x_HG006_grapev1_0	252834.0	252636.0	0.0	198.0	5.0	0.9875311720698255	1.0	0.9999802090713701	0.024630541871921183	0.9753694581280788	0.9753694581280788	HG006	ilmnCancerRegions	-1	-2	dragen	dragen
I30x_HG006_grapev1_0-dragen-dragen-SNPtv	SNPtv	I30x_HG006_grapev1_0	252834.0	252756.0	0.0	78.0	1.0	0.9936305732484078	1.0	0.9999960436308392	0.012658227848101266	0.9873417721518988	0.9873417721518988	HG006	ilmnCancerRegions	-1	-2	dragen	dragen
I30x_HG006_grapev1_0-dragen-dragen-INS_50	INS_50	I30x_HG006_grapev1_0	252834.0	252833.0	0.0	1.0	0.0	1.0	1.0	1.0	0.0	1.0	1.0	HG006	ilmnCancerRegions	-1	-2	dragen	dragen
I30x_HG006_grapev1_0-dragen-dragen-INS_gt50	INS_gt50	I30x_HG006_grapev1_0	252834.0	252834.0	0.0	0.0	0.0			1.0				HG006	ilmnCancerRegions	-1	-2	dragen	dragen
I30x_HG006_grapev1_0-dragen-dragen-DEL_50	DEL_50	I30x_HG006_grapev1_0	252834.0	252834.0	0.0	0.0	0.0			1.0				HG006	ilmnCancerRegions	-1	-2	dragen	dragen
I30x_HG006_grapev1_0-dragen-dragen-DEL_gt50	DEL_gt50	I30x_HG006_grapev1_0	252834.0	252834.0	0.0	0.0	0.0			1.0				HG006	ilmnCancerRegions	-1	-2	dragen	dragen
I30x_HG006_grapev1_0-dragen-dragen-Indel_50	Indel_50	I30x_HG006_grapev1_0	252834.0	252834.0	0.0	0.0	0.0			1.0				HG006	ilmnCancerRegions	-1	-2	dragen	dragen
I30x_HG006_grapev1_0-dragen-dragen-Indel_gt50	Indel_gt50	I30x_HG006_grapev1_0	252834.0	252834.0	0.0	0.0	0.0			1.0				HG006	ilmnCancerRegions	-1	-2	dragen	dragen
I30x_HG006_grapev1_0-dragen-dragen-All	All	I30x_HG006_grapev1_0	252834.0	252557.0	0.0	277.0	6.0	0.9892857142857143	1.0	0.999976243551114	0.02120141342756184	0.9787985865724381	0.9787985865724381	HG006	ilmnCancerRegions	-1	-2	dragen	dragen
I30x_HG006_grapev1_0-dragen-dragen-SNPts	SNPts	I30x_HG006_grapev1_0	45287068.0	45264388.0	210.0	22470.0	2789.0	0.9374413316923591	0.9907407407407407	0.9999383880289243	0.1104160893146997	0.8895839106853003	0.8895839106853003	HG006	ilmnExomev1-2	-1	-2	dragen	dragen
I30x_HG006_grapev1_0-dragen-dragen-SNPtv	SNPtv	I30x_HG006_grapev1_0	45287068.0	45278919.0	87.0	8062.0	1410.0	0.9150445491175303	0.9893238434163701	0.9999688606502837	0.14885979729729729	0.8511402027027027	0.8511402027027027	HG006	ilmnExomev1-2	-1	-2	dragen	dragen
I30x_HG006_grapev1_0-dragen-dragen-INS_50	INS_50	I30x_HG006_grapev1_0	45287068.0	45286229.0	14.0	825.0	565.0	0.7402422611036339	0.9833134684147795	0.9999875239567632	0.4064748201438849	0.5935251798561151	0.5935251798561151	HG006	ilmnExomev1-2	-1	-2	dragen	dragen
I30x_HG006_grapev1_0-dragen-dragen-INS_gt50	INS_gt50	I30x_HG006_grapev1_0	45287068.0	45287064.0	4.0	0.0	10.0		0.0	0.9999997791864407	1.0	0.0	0.0	HG006	ilmnExomev1-2	-1	-2	dragen	dragen
I30x_HG006_grapev1_0-dragen-dragen-DEL_50	DEL_50	I30x_HG006_grapev1_0	45287068.0	45286193.0	8.0	867.0	582.0	0.7461273666092944	0.9908571428571429	0.9999871485659997	0.40165631469979296	0.5983436853002071	0.598343685300207	HG006	ilmnExomev1-2	-1	-2	dragen	dragen
I30x_HG006_grapev1_0-dragen-dragen-DEL_gt50	DEL_gt50	I30x_HG006_grapev1_0	45287068.0	45287067.0	1.0	0.0	3.0		0.0	0.9999999337559263	1.0	0.0	0.0	HG006	ilmnExomev1-2	-1	-2	dragen	dragen
I30x_HG006_grapev1_0-dragen-dragen-Indel_50	Indel_50	I30x_HG006_grapev1_0	45287068.0	45287013.0	0.0	55.0	106.0	0.5092592592592593	1.0	0.9999976593785973	0.6583850931677019	0.3416149068322981	0.3416149068322981	HG006	ilmnExomev1-2	-1	-2	dragen	dragen
I30x_HG006_grapev1_0-dragen-dragen-Indel_gt50	Indel_gt50	I30x_HG006_grapev1_0	45287068.0	45287065.0	0.0	3.0	9.0	0.4	1.0	0.9999998012677966	0.75	0.25	0.25	HG006	ilmnExomev1-2	-1	-2	dragen	dragen
I30x_HG006_grapev1_0-dragen-dragen-All	All	I30x_HG006_grapev1_0	45287068.0	45254462.0	324.0	32282.0	5474.0	0.9175975668684802	0.9900631785560939	0.9998790541816056	0.1449835787689374	0.8550164212310626	0.8550164212310626	HG006	ilmnExomev1-2	-1	-2	dragen	dragen
I30x_HG006_grapev1_0-dragen-dragen-SNPts	SNPts	I30x_HG006_grapev1_0	3088286401.0	3086002189.0	10329.0	2273883.0	346699.0	0.927208359821024	0.9954780904749647	0.9998876669448007	0.13229847415574097	0.8677015258442591	0.867701525844259	HG006	hg38	-1	-2	dragen	dragen
I30x_HG006_grapev1_0-dragen-dragen-SNPtv	SNPtv	I30x_HG006_grapev1_0	3088286401.0	3087203408.0	5522.0	1077471.0	271239.0	0.8861863475926132	0.9949011674129011	0.9999121485903493	0.20110994950730698	0.798890050492693	0.798890050492693	HG006	hg38	-1	-2	dragen	dragen
I30x_HG006_grapev1_0-dragen-dragen-INS_50	INS_50	I30x_HG006_grapev1_0	3088286401.0	3088065774.0	1270.0	219357.0	205060.0	0.6801303476972114	0.9942436782442765	0.9999336003831846	0.4831568952233299	0.5168431047766702	0.5168431047766701	HG006	hg38	-1	-2	dragen	dragen
I30x_HG006_grapev1_0-dragen-dragen-INS_gt50	INS_gt50	I30x_HG006_grapev1_0	3088286401.0	3088286360.0	27.0	14.0	1414.0	0.019060585432266845	0.34146341463414637	0.999999542141114	0.9901960784313726	0.009803921568627416	0.00980392156862745	HG006	hg38	-1	-2	dragen	dragen
I30x_HG006_grapev1_0-dragen-dragen-DEL_50	DEL_50	I30x_HG006_grapev1_0	3088286401.0	3088065306.0	916.0	220179.0	216626.0	0.6693388052895577	0.995856984554151	0.9999298554974028	0.495932967800277	0.5040670321997229	0.504067032199723	HG006	hg38	-1	-2	dragen	dragen
I30x_HG006_grapev1_0-dragen-dragen-DEL_gt50	DEL_gt50	I30x_HG006_grapev1_0	3088286401.0	3088286363.0	37.0	1.0	498.0	0.0037243947858473	0.02631578947368421	0.9999998387455498	0.9979959919839679	0.002004008016032066	0.002004008016032064	HG006	hg38	-1	-2	dragen	dragen
I30x_HG006_grapev1_0-dragen-dragen-Indel_50	Indel_50	I30x_HG006_grapev1_0	3088286401.0	3088258642.0	88.0	27671.0	58368.0	0.4863178614738396	0.9968298569833207	0.9999811003858052	0.6783900324271551	0.3216099675728449	0.3216099675728449	HG006	hg38	-1	-2	dragen	dragen
I30x_HG006_grapev1_0-dragen-dragen-Indel_gt50	Indel_gt50	I30x_HG006_grapev1_0	3088286401.0	3088285200.0	26.0	1175.0	2900.0	0.44541319181197875	0.9783513738551207	0.9999990609684375	0.7116564417177914	0.2883435582822086	0.2883435582822086	HG006	hg38	-1	-2	dragen	dragen
I30x_HG006_grapev1_0-dragen-dragen-All	All	I30x_HG006_grapev1_0	3088286401.0	3084448435.0	18215.0	3819751.0	1102804.0	0.8720374050812731	0.9952539965179472	0.9996425909296008	0.22403081326668772	0.7759691867333123	0.7759691867333123	HG006	hg38	-1	-2	dragen	dragen
I30x_HG006_grapev1_0-dragen-dragen-SNPts	SNPts	I30x_HG006_grapev1_0	336562667.0	336302210.0	1413.0	259044.0	410.0	0.9964936306406288	0.9945749202363537	0.9999987808599291	0.001580241584250002	0.99841975841575	0.99841975841575	HG006	giabHC_x_clinvar_genes	-1	-2	dragen	dragen
I30x_HG006_grapev1_0-dragen-dragen-SNPtv	SNPtv	I30x_HG006_grapev1_0	336562667.0	336444956.0	684.0	117027.0	211.0	0.9961906626544484	0.9941891581925224	0.9999993728547154	0.001799757757723605	0.9982002422422764	0.9982002422422764	HG006	giabHC_x_clinvar_genes	-1	-2	dragen	dragen
I30x_HG006_grapev1_0-dragen-dragen-INS_50	INS_50	I30x_HG006_grapev1_0	336562667.0	336539288.0	104.0	23275.0	28.0	0.9971723576539137	0.9955515633688353	0.9999999168002113	0.0012015620306398318	0.9987984379693602	0.9987984379693602	HG006	giabHC_x_clinvar_genes	-1	-2	dragen	dragen
I30x_HG006_grapev1_0-dragen-dragen-INS_gt50	INS_gt50	I30x_HG006_grapev1_0	336562667.0	336562664.0	0.0	3.0	0.0	1.0	1.0	1.0	0.0	1.0	1.0	HG006	giabHC_x_clinvar_genes	-1	-2	dragen	dragen
I30x_HG006_grapev1_0-dragen-dragen-DEL_50	DEL_50	I30x_HG006_grapev1_0	336562667.0	336539001.0	94.0	23572.0	32.0	0.9973344616035541	0.9960280571283698	0.9999999049144471	0.0013557024233180816	0.9986442975766819	0.9986442975766819	HG006	giabHC_x_clinvar_genes	-1	-2	dragen	dragen
I30x_HG006_grapev1_0-dragen-dragen-DEL_gt50	DEL_gt50	I30x_HG006_grapev1_0	336562667.0	336562667.0	0.0	0.0	1.0			0.9999999970287852	1.0	0.0	0.0	HG006	giabHC_x_clinvar_genes	-1	-2	dragen	dragen
I30x_HG006_grapev1_0-dragen-dragen-Indel_50	Indel_50	I30x_HG006_grapev1_0	336562667.0	336560626.0	2.0	2039.0	4.0	0.9985308521057786	0.9990200881920627	0.9999999881150686	0.0019579050416054823	0.9980420949583945	0.9980420949583945	HG006	giabHC_x_clinvar_genes	-1	-2	dragen	dragen
I30x_HG006_grapev1_0-dragen-dragen-Indel_gt50	Indel_gt50	I30x_HG006_grapev1_0	336562667.0	336562639.0	0.0	28.0	0.0	1.0	1.0	1.0	0.0	1.0	1.0	HG006	giabHC_x_clinvar_genes	-1	-2	dragen	dragen
I30x_HG006_grapev1_0-dragen-dragen-All	All	I30x_HG006_grapev1_0	336562667.0	336135382.0	2297.0	424988.0	686.0	0.9965027627353717	0.9946241969645553	0.9999979591598007	0.001611561899481763	0.9983884381005182	0.9983884381005182	HG006	giabHC_x_clinvar_genes	-1	-2	dragen	dragen
I30x_HG006_grapev1_0-dragen-dragen-SNPts	SNPts	I30x_HG006_grapev1_0	2497573920.0	2495406092.0	2153.0	2165675.0	1002.0	0.9992721198845083	0.9990068400260538	0.99999959846231	0.00046245933288625857	0.9995375406671138	0.9995375406671138	HG006	giabHC_x_ultima	-1	-2	dragen	dragen
I30x_HG006_grapev1_0-dragen-dragen-SNPtv	SNPtv	I30x_HG006_grapev1_0	2497573920.0	2496557113.0	1191.0	1015616.0	505.0	0.9991657353334698	0.9988286862698624	0.999999797721472	0.0004969880555563757	0.9995030119444436	0.9995030119444436	HG006	giabHC_x_ultima	-1	-2	dragen	dragen
I30x_HG006_grapev1_0-dragen-dragen-INS_50	INS_50	I30x_HG006_grapev1_0	2497573920.0	2497428362.0	186.0	145372.0	69.0	0.9991237083288946	0.9987221588645077	0.9999999723715807	0.00047441918028616416	0.9995255808197139	0.9995255808197139	HG006	giabHC_x_ultima	-1	-2	dragen	dragen
I30x_HG006_grapev1_0-dragen-dragen-INS_gt50	INS_gt50	I30x_HG006_grapev1_0	2497573920.0	2497573916.0	1.0	3.0	0.0	0.8571428571428571	0.75	1.0	0.0	1.0	1.0	HG006	giabHC_x_ultima	-1	-2	dragen	dragen
I30x_HG006_grapev1_0-dragen-dragen-DEL_50	DEL_50	I30x_HG006_grapev1_0	2497573920.0	2497422582.0	129.0	151209.0	82.0	0.9993027766671403	0.9991476033778695	0.9999999671661505	0.0005420018375184248	0.9994579981624816	0.9994579981624816	HG006	giabHC_x_ultima	-1	-2	dragen	dragen
I30x_HG006_grapev1_0-dragen-dragen-DEL_gt50	DEL_gt50	I30x_HG006_grapev1_0	2497573920.0	2497573919.0	1.0	0.0	1.0		0.0	0.9999999995996115	1.0	0.0	0.0	HG006	giabHC_x_ultima	-1	-2	dragen	dragen
I30x_HG006_grapev1_0-dragen-dragen-Indel_50	Indel_50	I30x_HG006_grapev1_0	2497573920.0	2497562005.0	1.0	11914.0	4.0	0.9997902068560399	0.999916072177927	0.9999999983984381	0.0003356267830172848	0.9996643732169828	0.9996643732169828	HG006	giabHC_x_ultima	-1	-2	dragen	dragen
I30x_HG006_grapev1_0-dragen-dragen-Indel_gt50	Indel_gt50	I30x_HG006_grapev1_0	2497573920.0	2497573636.0	0.0	284.0	0.0	1.0	1.0	1.0	0.0	1.0	1.0	HG006	giabHC_x_ultima	-1	-2	dragen	dragen
I30x_HG006_grapev1_0-dragen-dragen-All	All	I30x_HG006_grapev1_0	2497573920.0	2494080185.0	3662.0	3490073.0	1663.0	0.9992377035134782	0.9989518380758701	0.9999993332215615	0.00047626739249473615	0.9995237326075053	0.9995237326075053	HG006	giabHC_x_ultima	-1	-2	dragen	dragen
I30x_HG006_grapev1_0-dragen-dragen-SNPts	SNPts	I30x_HG006_grapev1_0	377862616.0	377594751.0	1766.0	266099.0	33848.0	0.9372785358534164	0.9934071267242828	0.9999103669581975	0.11284660289984563	0.8871533971001544	0.8871533971001544	HG006	clinvar_genes	-1	-2	dragen	dragen
I30x_HG006_grapev1_0-dragen-dragen-SNPtv	SNPtv	I30x_HG006_grapev1_0	377862616.0	377741213.0	847.0	120556.0	20601.0	0.9183120048750761	0.9930232366580727	0.9999454656367147	0.145943878093187	0.854056121906813	0.854056121906813	HG006	clinvar_genes	-1	-2	dragen	dragen
I30x_HG006_grapev1_0-dragen-dragen-INS_50	INS_50	I30x_HG006_grapev1_0	377862616.0	377837159.0	183.0	25274.0	21924.0	0.6957263780882251	0.9928114074714224	0.9999419783697512	0.4645112081020382	0.5354887918979618	0.5354887918979617	HG006	clinvar_genes	-1	-2	dragen	dragen
I30x_HG006_grapev1_0-dragen-dragen-INS_gt50	INS_gt50	I30x_HG006_grapev1_0	377862616.0	377862606.0	6.0	4.0	161.0	0.045714285714285714	0.4	0.9999995739193854	0.9757575757575757	0.024242424242424288	0.024242424242424242	HG006	clinvar_genes	-1	-2	dragen	dragen
I30x_HG006_grapev1_0-dragen-dragen-DEL_50	DEL_50	I30x_HG006_grapev1_0	377862616.0	377837099.0	145.0	25372.0	22889.0	0.6877931090569004	0.9943175138143199	0.9999394246527102	0.47427529475145563	0.5257247052485443	0.5257247052485444	HG006	clinvar_genes	-1	-2	dragen	dragen
I30x_HG006_grapev1_0-dragen-dragen-DEL_gt50	DEL_gt50	I30x_HG006_grapev1_0	377862616.0	377862610.0	6.0	0.0	62.0		0.0	0.9999998359192251	1.0	0.0	0.0	HG006	clinvar_genes	-1	-2	dragen	dragen
I30x_HG006_grapev1_0-dragen-dragen-Indel_50	Indel_50	I30x_HG006_grapev1_0	377862616.0	377860004.0	13.0	2599.0	6037.0	0.462126600284495	0.9950229709035222	0.9999840234386133	0.6990504863362668	0.30094951366373324	0.30094951366373324	HG006	clinvar_genes	-1	-2	dragen	dragen
I30x_HG006_grapev1_0-dragen-dragen-Indel_gt50	Indel_gt50	I30x_HG006_grapev1_0	377862616.0	377862504.0	2.0	110.0	293.0	0.4271844660194175	0.9821428571428571	0.9999992245862722	0.7270471464019851	0.2729528535980149	0.2729528535980149	HG006	clinvar_genes	-1	-2	dragen	dragen
I30x_HG006_grapev1_0-dragen-dragen-All	All	I30x_HG006_grapev1_0	377862616.0	377419634.0	2968.0	440014.0	105815.0	0.8899860539577331	0.9932999534969819	0.999719714259581	0.19386108103453645	0.8061389189654635	0.8061389189654635	HG006	clinvar_genes	-1	-2	dragen	dragen
I30x_HG006_grapev1_0-dragen-dragen-SNPts	SNPts	I30x_HG006_grapev1_0	2518942743.0	2516724724.0	8336.0	2209683.0	2470.0	0.9975608170517984	0.9962416913470985	0.9999990185666504	0.0011165592976615994	0.9988834407023384	0.9988834407023384	HG006	giabHC	-1	-2	dragen	dragen
I30x_HG006_grapev1_0-dragen-dragen-SNPtv	SNPtv	I30x_HG006_grapev1_0	2518942743.0	2517892250.0	4446.0	1046047.0	1159.0	0.9973280246594007	0.9957677014506522	0.9999995396945733	0.001106754544951041	0.998893245455049	0.998893245455049	HG006	giabHC	-1	-2	dragen	dragen
I30x_HG006_grapev1_0-dragen-dragen-INS_50	INS_50	I30x_HG006_grapev1_0	2518942743.0	2518740666.0	606.0	201471.0	184.0	0.9980432564176235	0.9970011431286094	0.9999999269476254	0.0009124494805484614	0.9990875505194515	0.9990875505194515	HG006	giabHC	-1	-2	dragen	dragen
I30x_HG006_grapev1_0-dragen-dragen-INS_gt50	INS_gt50	I30x_HG006_grapev1_0	2518942743.0	2518942733.0	3.0	7.0	1.0	0.7777777777777777	0.7	0.999999999603008	0.125	0.875	0.875	HG006	giabHC	-1	-2	dragen	dragen
I30x_HG006_grapev1_0-dragen-dragen-DEL_50	DEL_50	I30x_HG006_grapev1_0	2518942743.0	2518738943.0	471.0	203329.0	223.0	0.9982963137532159	0.9976889106967616	0.999999911463639	0.0010955431535922026	0.9989044568464078	0.9989044568464078	HG006	giabHC	-1	-2	dragen	dragen
I30x_HG006_grapev1_0-dragen-dragen-DEL_gt50	DEL_gt50	I30x_HG006_grapev1_0	2518942743.0	2518942742.0	1.0	0.0	1.0		0.0	0.999999999603008	1.0	0.0	0.0	HG006	giabHC	-1	-2	dragen	dragen
I30x_HG006_grapev1_0-dragen-dragen-Indel_50	Indel_50	I30x_HG006_grapev1_0	2518942743.0	2518920653.0	27.0	22063.0	19.0	0.9989586163180295	0.998777727478497	0.9999999924570868	0.0008604293089394077	0.9991395706910606	0.9991395706910606	HG006	giabHC	-1	-2	dragen	dragen
I30x_HG006_grapev1_0-dragen-dragen-Indel_gt50	Indel_gt50	I30x_HG006_grapev1_0	2518942743.0	2518942387.0	1.0	355.0	0.0	0.9985935302390998	0.9971910112359551	1.0	0.0	1.0	1.0	HG006	giabHC	-1	-2	dragen	dragen
I30x_HG006_grapev1_0-dragen-dragen-All	All	I30x_HG006_grapev1_0	2518942743.0	2515245897.0	13891.0	3682955.0	4057.0	0.997569292367215	0.9962424726374861	0.9999983870390322	0.0011003490088993472	0.9988996509911007	0.9988996509911007	HG006	giabHC	-1	-2	dragen	dragen
I30x_HG007_grapev1_0-dragen-dragen-SNPts	SNPts	I30x_HG007_grapev1_0	2495800245.0	2493623131.0	2486.0	2174628.0	923.0	0.9992168016605919	0.9988581213478026	0.9999996298559927	0.00042426033680662966	0.9995757396631934	0.9995757396631934	HG007	giabHC_x_ultima	-1	-2	dragen	dragen
I30x_HG007_grapev1_0-dragen-dragen-SNPtv	SNPtv	I30x_HG007_grapev1_0	2495800245.0	2494778635.0	1267.0	1020343.0	449.0	0.999159812808644	0.9987598007067277	0.9999998200241444	0.00043985454431461063	0.9995601454556854	0.9995601454556854	HG007	giabHC_x_ultima	-1	-2	dragen	dragen
I30x_HG007_grapev1_0-dragen-dragen-INS_50	INS_50	I30x_HG007_grapev1_0	2495800245.0	2495654782.0	207.0	145256.0	67.0	0.9990577263004409	0.9985769577143329	0.9999999731533389	0.0004610419548178884	0.9995389580451821	0.9995389580451821	HG007	giabHC_x_ultima	-1	-2	dragen	dragen
I30x_HG007_grapev1_0-dragen-dragen-INS_gt50	INS_gt50	I30x_HG007_grapev1_0	2495800245.0	2495800243.0	0.0	2.0	0.0	1.0	1.0	1.0	0.0	1.0	1.0	HG007	giabHC_x_ultima	-1	-2	dragen	dragen
I30x_HG007_grapev1_0-dragen-dragen-DEL_50	DEL_50	I30x_HG007_grapev1_0	2495800245.0	2495649282.0	155.0	150808.0	75.0	0.9992380220377278	0.998973258348072	0.9999999699477012	0.0004970738916909128	0.999502926108309	0.999502926108309	HG007	giabHC_x_ultima	-1	-2	dragen	dragen
I30x_HG007_grapev1_0-dragen-dragen-DEL_gt50	DEL_gt50	I30x_HG007_grapev1_0	2495800245.0	2495800244.0	1.0	0.0	0.0		0.0	1.0				HG007	giabHC_x_ultima	-1	-2	dragen	dragen
I30x_HG007_grapev1_0-dragen-dragen-Indel_50	Indel_50	I30x_HG007_grapev1_0	2495800245.0	2495788524.0	4.0	11717.0	4.0	0.9996587321900862	0.9996587321900862	0.9999999983973001	0.0003412678099138299	0.9996587321900862	0.9996587321900862	HG007	giabHC_x_ultima	-1	-2	dragen	dragen
I30x_HG007_grapev1_0-dragen-dragen-Indel_gt50	Indel_gt50	I30x_HG007_grapev1_0	2495800245.0	2495799954.0	0.0	291.0	0.0	1.0	1.0	1.0	0.0	1.0	1.0	HG007	giabHC_x_ultima	-1	-2	dragen	dragen
I30x_HG007_grapev1_0-dragen-dragen-All	All	I30x_HG007_grapev1_0	2495800245.0	2492293080.0	4120.0	3503045.0	1518.0	0.9991959186095069	0.9988252619993642	0.9999993909227259	0.000433149582415839	0.9995668504175842	0.9995668504175842	HG007	giabHC_x_ultima	-1	-2	dragen	dragen
I30x_HG007_grapev1_0-dragen-dragen-SNPts	SNPts	I30x_HG007_grapev1_0	2799325643.0	2797093241.0	3098.0	2229304.0	175540.0	0.961477566641925	0.9986122571113984	0.9999372459303187	0.07299433975758926	0.9270056602424107	0.9270056602424107	HG007	ultima	-1	-2	dragen	dragen
I30x_HG007_grapev1_0-dragen-dragen-SNPtv	SNPtv	I30x_HG007_grapev1_0	2799325643.0	2798278485.0	1624.0	1045534.0	98444.0	0.954330539044587	0.9984491356605212	0.9999648210364445	0.08605410243903291	0.9139458975609671	0.9139458975609671	HG007	ultima	-1	-2	dragen	dragen
I30x_HG007_grapev1_0-dragen-dragen-INS_50	INS_50	I30x_HG007_grapev1_0	2799325643.0	2799170555.0	349.0	154739.0	36647.0	0.89322142498427	0.9977496647064892	0.9999869080788397	0.19148213557940497	0.808517864420595	0.808517864420595	HG007	ultima	-1	-2	dragen	dragen
I30x_HG007_grapev1_0-dragen-dragen-INS_gt50	INS_gt50	I30x_HG007_grapev1_0	2799325643.0	2799325623.0	15.0	5.0	263.0	0.03472222222222222	0.25	0.9999999060488094	0.9813432835820896	0.018656716417910446	0.018656716417910446	HG007	ultima	-1	-2	dragen	dragen
I30x_HG007_grapev1_0-dragen-dragen-DEL_50	DEL_50	I30x_HG007_grapev1_0	2799325643.0	2799164439.0	329.0	160875.0	51090.0	0.8622098834576292	0.9979591077144487	0.9999817484579266	0.24103035878564857	0.7589696412143514	0.7589696412143514	HG007	ultima	-1	-2	dragen	dragen
I30x_HG007_grapev1_0-dragen-dragen-DEL_gt50	DEL_gt50	I30x_HG007_grapev1_0	2799325643.0	2799325614.0	29.0	0.0	117.0		0.0	0.9999999582042208	1.0	0.0	0.0	HG007	ultima	-1	-2	dragen	dragen
I30x_HG007_grapev1_0-dragen-dragen-Indel_50	Indel_50	I30x_HG007_grapev1_0	2799325643.0	2799310954.0	6.0	14683.0	5976.0	0.8307683603032704	0.9995915310776772	0.9999978651934921	0.2892685996418026	0.7107314003581974	0.7107314003581974	HG007	ultima	-1	-2	dragen	dragen
I30x_HG007_grapev1_0-dragen-dragen-Indel_gt50	Indel_gt50	I30x_HG007_grapev1_0	2799325643.0	2799324857.0	3.0	783.0	589.0	0.7256719184430029	0.9961832061068703	0.9999997895921673	0.4293002915451895	0.5706997084548104	0.5706997084548106	HG007	ultima	-1	-2	dragen	dragen
I30x_HG007_grapev1_0-dragen-dragen-All	All	I30x_HG007_grapev1_0	2799325643.0	2795714267.0	5453.0	3605923.0	368666.0	0.9506827410883124	0.9984900492222355	0.999868149118308	0.09275575411696656	0.9072442458830334	0.9072442458830334	HG007	ultima	-1	-2	dragen	dragen
I30x_HG007_grapev1_0-dragen-dragen-SNPts	SNPts	I30x_HG007_grapev1_0	336298106.0	336036101.0	1574.0	260431.0	389.0	0.9962453975995791	0.9939924810595218	0.9999988423876228	0.0014914500421746798	0.9985085499578253	0.9985085499578253	HG007	giabHC_x_clinvar_genes	-1	-2	dragen	dragen
I30x_HG007_grapev1_0-dragen-dragen-SNPtv	SNPtv	I30x_HG007_grapev1_0	336298106.0	336180108.0	704.0	117294.0	154.0	0.996355852297342	0.9940337971830031	0.9999995419124279	0.001311218581840474	0.9986887814181595	0.9986887814181595	HG007	giabHC_x_clinvar_genes	-1	-2	dragen	dragen
I30x_HG007_grapev1_0-dragen-dragen-INS_50	INS_50	I30x_HG007_grapev1_0	336298106.0	336274495.0	128.0	23483.0	32.0	0.9966048465815049	0.9945787980178731	0.9999999048396551	0.0013608335105251966	0.9986391664894748	0.9986391664894748	HG007	giabHC_x_clinvar_genes	-1	-2	dragen	dragen
I30x_HG007_grapev1_0-dragen-dragen-INS_gt50	INS_gt50	I30x_HG007_grapev1_0	336298106.0	336298102.0	0.0	4.0	0.0	1.0	1.0	1.0	0.0	1.0	1.0	HG007	giabHC_x_clinvar_genes	-1	-2	dragen	dragen
I30x_HG007_grapev1_0-dragen-dragen-DEL_50	DEL_50	I30x_HG007_grapev1_0	336298106.0	336274523.0	81.0	23502.0	28.0	0.9976864135164392	0.9965653224780562	0.9999999167347041	0.0011899702507437314	0.9988100297492563	0.9988100297492563	HG007	giabHC_x_clinvar_genes	-1	-2	dragen	dragen
I30x_HG007_grapev1_0-dragen-dragen-DEL_gt50	DEL_gt50	I30x_HG007_grapev1_0	336298106.0	336298105.0	1.0	0.0	0.0		0.0	1.0				HG007	giabHC_x_clinvar_genes	-1	-2	dragen	dragen
I30x_HG007_grapev1_0-dragen-dragen-Indel_50	Indel_50	I30x_HG007_grapev1_0	336298106.0	336296012.0	2.0	2092.0	3.0	0.9988063977082835	0.9990448901623686	0.9999999910792877	0.001431980906921241	0.9985680190930788	0.9985680190930788	HG007	giabHC_x_clinvar_genes	-1	-2	dragen	dragen
I30x_HG007_grapev1_0-dragen-dragen-Indel_gt50	Indel_gt50	I30x_HG007_grapev1_0	336298106.0	336298068.0	1.0	37.0	0.0	0.9866666666666666	0.9736842105263158	1.0	0.0	1.0	1.0	HG007	giabHC_x_clinvar_genes	-1	-2	dragen	dragen
I30x_HG007_grapev1_0-dragen-dragen-All	All	I30x_HG007_grapev1_0	336298106.0	335868772.0	2491.0	426843.0	606.0	0.9963853157684034	0.9941979903757914	0.9999981957271497	0.0014177129903216524	0.9985822870096783	0.9985822870096783	HG007	giabHC_x_clinvar_genes	-1	-2	dragen	dragen
I30x_HG007_grapev1_0-dragen-dragen-SNPts	SNPts	I30x_HG007_grapev1_0	377862616.0	377593031.0	1965.0	267620.0	34538.0	0.9361548807768525	0.9927110187881373	0.9999085395166156	0.11430443675163325	0.8856955632483667	0.8856955632483667	HG007	clinvar_genes	-1	-2	dragen	dragen
I30x_HG007_grapev1_0-dragen-dragen-SNPtv	SNPtv	I30x_HG007_grapev1_0	377862616.0	377740821.0	912.0	120883.0	21322.0	0.9157803030303029	0.9925120078820969	0.9999435570758078	0.14993846911149397	0.850061530888506	0.850061530888506	HG007	clinvar_genes	-1	-2	dragen	dragen
I30x_HG007_grapev1_0-dragen-dragen-INS_50	INS_50	I30x_HG007_grapev1_0	377862616.0	377836937.0	224.0	25455.0	21831.0	0.6977317892140066	0.9912769188831341	0.9999422244450868	0.46167998984900394	0.5383200101509961	0.5383200101509961	HG007	clinvar_genes	-1	-2	dragen	dragen
I30x_HG007_grapev1_0-dragen-dragen-INS_gt50	INS_gt50	I30x_HG007_grapev1_0	377862616.0	377862609.0	3.0	4.0	176.0	0.0427807486631016	0.5714285714285714	0.9999995342224559	0.9777777777777777	0.022222222222222254	0.022222222222222223	HG007	clinvar_genes	-1	-2	dragen	dragen
I30x_HG007_grapev1_0-dragen-dragen-DEL_50	DEL_50	I30x_HG007_grapev1_0	377862616.0	377837055.0	150.0	25411.0	22911.0	0.6878713641839124	0.9941316849888502	0.999939366426556	0.47413186540292207	0.5258681345970779	0.5258681345970779	HG007	clinvar_genes	-1	-2	dragen	dragen
I30x_HG007_grapev1_0-dragen-dragen-DEL_gt50	DEL_gt50	I30x_HG007_grapev1_0	377862616.0	377862610.0	6.0	0.0	45.0		0.0	0.9999998809091097	1.0	0.0	0.0	HG007	clinvar_genes	-1	-2	dragen	dragen
I30x_HG007_grapev1_0-dragen-dragen-Indel_50	Indel_50	I30x_HG007_grapev1_0	377862616.0	377859962.0	9.0	2645.0	6092.0	0.46440172065665875	0.9966088922381311	0.9999838778849396	0.697264507267941	0.302735492732059	0.3027354927320591	HG007	clinvar_genes	-1	-2	dragen	dragen
I30x_HG007_grapev1_0-dragen-dragen-Indel_gt50	Indel_gt50	I30x_HG007_grapev1_0	377862616.0	377862490.0	3.0	123.0	334.0	0.42195540308747853	0.9761904761904762	0.9999991160813428	0.7308533916849015	0.2691466083150985	0.26914660831509846	HG007	clinvar_genes	-1	-2	dragen	dragen
I30x_HG007_grapev1_0-dragen-dragen-All	All	I30x_HG007_grapev1_0	377862616.0	377417203.0	3272.0	442141.0	107249.0	0.888901621728121	0.9926540087514284	0.9997159150899184	0.19521469265913102	0.804785307340869	0.804785307340869	HG007	clinvar_genes	-1	-2	dragen	dragen
I30x_HG007_grapev1_0-dragen-dragen-SNPts	SNPts	I30x_HG007_grapev1_0	2517124728.0	2514897275.0	9123.0	2218330.0	2284.0	0.9974355152474098	0.9959042906853702	0.9999990918126365	0.0010285443575515601	0.9989714556424485	0.9989714556424485	HG007	giabHC	-1	-2	dragen	dragen
I30x_HG007_grapev1_0-dragen-dragen-SNPtv	SNPtv	I30x_HG007_grapev1_0	2517124728.0	2516069077.0	4679.0	1050972.0	1096.0	0.9972600711954488	0.9955676639343874	0.9999995644000665	0.001041757757103153	0.9989582422428969	0.9989582422428969	HG007	giabHC	-1	-2	dragen	dragen
I30x_HG007_grapev1_0-dragen-dragen-INS_50	INS_50	I30x_HG007_grapev1_0	2517124728.0	2516921552.0	670.0	202506.0	194.0	0.99787127102859	0.9967023664212309	0.9999999229217197	0.0009570794277257031	0.9990429205722743	0.9990429205722743	HG007	giabHC	-1	-2	dragen	dragen
I30x_HG007_grapev1_0-dragen-dragen-INS_gt50	INS_gt50	I30x_HG007_grapev1_0	2517124728.0	2517124719.0	0.0	9.0	0.0	1.0	1.0	1.0	0.0	1.0	1.0	HG007	giabHC	-1	-2	dragen	dragen
I30x_HG007_grapev1_0-dragen-dragen-DEL_50	DEL_50	I30x_HG007_grapev1_0	2517124728.0	2516920191.0	500.0	204037.0	204.0	0.9982777938147356	0.9975554545143421	0.9999999189485689	0.0009988200214452534	0.9990011799785548	0.9990011799785548	HG007	giabHC	-1	-2	dragen	dragen
I30x_HG007_grapev1_0-dragen-dragen-DEL_gt50	DEL_gt50	I30x_HG007_grapev1_0	2517124728.0	2517124727.0	1.0	0.0	0.0		0.0	1.0				HG007	giabHC	-1	-2	dragen	dragen
I30x_HG007_grapev1_0-dragen-dragen-Indel_50	Indel_50	I30x_HG007_grapev1_0	2517124728.0	2517102368.0	38.0	22322.0	22.0	0.9986578382247673	0.9983005366726297	0.9999999912597913	0.0009846043680630148	0.999015395631937	0.999015395631937	HG007	giabHC	-1	-2	dragen	dragen
I30x_HG007_grapev1_0-dragen-dragen-Indel_gt50	Indel_gt50	I30x_HG007_grapev1_0	2517124728.0	2517124368.0	2.0	358.0	0.0	0.9972144846796658	0.9944444444444445	1.0	0.0	1.0	1.0	HG007	giabHC	-1	-2	dragen	dragen
I30x_HG007_grapev1_0-dragen-dragen-All	All	I30x_HG007_grapev1_0	2517124728.0	2513411181.0	15013.0	3698534.0	3800.0	0.9974631469949422	0.9959572344176605	0.9999984881127754	0.0010263795756946833	0.9989736204243053	0.9989736204243053	HG007	giabHC	-1	-2	dragen	dragen
I30x_HG007_grapev1_0-dragen-dragen-SNPts	SNPts	I30x_HG007_grapev1_0	3088286401.0	3085990999.0	11324.0	2284078.0	361287.0	0.9245843813318864	0.9950666593476872	0.9998829404531561	0.1365735919239878	0.8634264080760122	0.8634264080760122	HG007	hg38	-1	-2	dragen	dragen
I30x_HG007_grapev1_0-dragen-dragen-SNPtv	SNPtv	I30x_HG007_grapev1_0	3088286401.0	3087197628.0	5875.0	1082898.0	278248.0	0.8840275943816918	0.9946040175500311	0.9999098784861242	0.2044218621661453	0.7955781378338547	0.7955781378338547	HG007	hg38	-1	-2	dragen	dragen
I30x_HG007_grapev1_0-dragen-dragen-INS_50	INS_50	I30x_HG007_grapev1_0	3088286401.0	3088063985.0	1459.0	220957.0	205624.0	0.6809184017799774	0.9934402201280483	0.9999334177303041	0.48202803219083834	0.5179719678091617	0.5179719678091617	HG007	hg38	-1	-2	dragen	dragen
I30x_HG007_grapev1_0-dragen-dragen-INS_gt50	INS_gt50	I30x_HG007_grapev1_0	3088286401.0	3088286348.0	35.0	18.0	1363.0	0.02510460251046025	0.33962264150943394	0.99999955865511	0.9869659666908037	0.01303403330919628	0.013034033309196235	HG007	hg38	-1	-2	dragen	dragen
I30x_HG007_grapev1_0-dragen-dragen-DEL_50	DEL_50	I30x_HG007_grapev1_0	3088286401.0	3088064010.0	988.0	221403.0	217872.0	0.6692288858729328	0.9955573741743146	0.999929452035687	0.4959808775823801	0.5040191224176199	0.5040191224176199	HG007	hg38	-1	-2	dragen	dragen
I30x_HG007_grapev1_0-dragen-dragen-DEL_gt50	DEL_gt50	I30x_HG007_grapev1_0	3088286401.0	3088286361.0	40.0	0.0	469.0		0.0	0.9999998481358676	1.0	0.0	0.0	HG007	hg38	-1	-2	dragen	dragen
I30x_HG007_grapev1_0-dragen-dragen-Indel_50	Indel_50	I30x_HG007_grapev1_0	3088286401.0	3088258397.0	91.0	27913.0	60833.0	0.47816702355460394	0.9967504642193973	0.9999803022306084	0.6854731480855475	0.3145268519144525	0.3145268519144525	HG007	hg38	-1	-2	dragen	dragen
I30x_HG007_grapev1_0-dragen-dragen-Indel_gt50	Indel_gt50	I30x_HG007_grapev1_0	3088286401.0	3088285208.0	17.0	1176.0	3125.0	0.4281033855114671	0.9857502095557418	0.9999989881126168	0.7265752150662637	0.27342478493373634	0.27342478493373634	HG007	hg38	-1	-2	dragen	dragen
I30x_HG007_grapev1_0-dragen-dragen-All	All	I30x_HG007_grapev1_0	3088286401.0	3084428129.0	19829.0	3838443.0	1128821.0	0.8698492646792217	0.9948606526445	0.9996341597260099	0.22725206471812248	0.7727479352818776	0.7727479352818775	HG007	hg38	-1	-2	dragen	dragen
I30x_HG007_grapev1_0-dragen-dragen-SNPts	SNPts	I30x_HG007_grapev1_0	331415837.0	331162886.0	411.0	252540.0	103.0	0.9989833740115586	0.9983751793825681	0.9999996889749053	0.0004076899023523312	0.9995923100976477	0.9995923100976477	HG007	giabHC_x_ultima_x_clinvar	-1	-2	dragen	dragen
I30x_HG007_grapev1_0-dragen-dragen-SNPtv	SNPtv	I30x_HG007_grapev1_0	331415837.0	331303389.0	193.0	112255.0	50.0	0.9989188130970443	0.9982836511098463	0.9999998490809509	0.0004452161524420106	0.999554783847558	0.999554783847558	HG007	giabHC_x_ultima_x_clinvar	-1	-2	dragen	dragen
I30x_HG007_grapev1_0-dragen-dragen-INS_50	INS_50	I30x_HG007_grapev1_0	331415837.0	331399150.0	39.0	16648.0	12.0	0.9984706270429123	0.9976628513213879	0.9999999637898903	0.0007202881152460984	0.999279711884754	0.999279711884754	HG007	giabHC_x_ultima_x_clinvar	-1	-2	dragen	dragen
I30x_HG007_grapev1_0-dragen-dragen-INS_gt50	INS_gt50	I30x_HG007_grapev1_0	331415837.0	331415836.0	0.0	1.0	0.0	1.0	1.0	1.0	0.0	1.0	1.0	HG007	giabHC_x_ultima_x_clinvar	-1	-2	dragen	dragen
I30x_HG007_grapev1_0-dragen-dragen-DEL_50	DEL_50	I30x_HG007_grapev1_0	331415837.0	331398458.0	24.0	17355.0	9.0	0.9990501683792419	0.9986190229587433	0.9999999728423608	0.0005183137525915688	0.9994816862474084	0.9994816862474084	HG007	giabHC_x_ultima_x_clinvar	-1	-2	dragen	dragen
I30x_HG007_grapev1_0-dragen-dragen-DEL_gt50	DEL_gt50	I30x_HG007_grapev1_0	331415837.0	331415836.0	1.0	0.0	0.0		0.0	1.0				HG007	giabHC_x_ultima_x_clinvar	-1	-2	dragen	dragen
I30x_HG007_grapev1_0-dragen-dragen-Indel_50	Indel_50	I30x_HG007_grapev1_0	331415837.0	331414809.0	0.0	1028.0	1.0	0.9995138551288284	1.0	0.9999999969826333	0.0009718172983479105	0.9990281827016521	0.9990281827016521	HG007	giabHC_x_ultima_x_clinvar	-1	-2	dragen	dragen
I30x_HG007_grapev1_0-dragen-dragen-Indel_gt50	Indel_gt50	I30x_HG007_grapev1_0	331415837.0	331415811.0	0.0	26.0	0.0	1.0	1.0	1.0	0.0	1.0	1.0	HG007	giabHC_x_ultima_x_clinvar	-1	-2	dragen	dragen
I30x_HG007_grapev1_0-dragen-dragen-All	All	I30x_HG007_grapev1_0	331415837.0	331015316.0	668.0	399853.0	175.0	0.9989469726400256	0.99833217234552	0.999999471323836	0.00043746937714359994	0.9995625306228564	0.9995625306228564	HG007	giabHC_x_ultima_x_clinvar	-1	-2	dragen	dragen
