mqc_id	VariantClass	Sample	TgtRegionSize	TN	FN	TP	FP	Fscore	Sensitivity-Recall	Specificity	FDR	PPV	Precision	AltId	ROI	AllVarMeanDP	CovBin	Aligner	SNVCaller
Ug1-HG003-10x-5-D0-PF-UG-ULTIMA-pangenome_ug-sentpg-SNPts	SNPts	Ug1-HG003-10x-5-D0-PF-UG-ULTIMA	3088286401.0	3085972778.0	116467.0	2197156.0	240775.0	0.9248157550140439	0.949660337920223	0.9999219836878216	0.0987620240277514	0.9012379759722486	0.9012379759722486	HG003	hg38	-1	-2	pangenome_ug	sentpg
Ug1-HG003-10x-5-D0-PF-UG-ULTIMA-pangenome_ug-sentpg-SNPtv	SNPtv	Ug1-HG003-10x-5-D0-PF-UG-ULTIMA	3088286401.0	3087187123.0	60927.0	1038351.0	147262.0	0.9088844938336228	0.9445754395157548	0.9999523012470838	0.12420747748211262	0.8757925225178874	0.8757925225178874	HG003	hg38	-1	-2	pangenome_ug	sentpg
Ug1-HG003-10x-5-D0-PF-UG-ULTIMA-pangenome_ug-sentpg-INS_50	INS_50	Ug1-HG003-10x-5-D0-PF-UG-ULTIMA	3088286401.0	3088071832.0	47113.0	167456.0	53293.0	0.7693502221364612	0.7804296053950012	0.9999827426034106	0.24141898717547985	0.7585810128245202	0.7585810128245202	HG003	hg38	-1	-2	pangenome_ug	sentpg
Ug1-HG003-10x-5-D0-PF-UG-ULTIMA-pangenome_ug-sentpg-INS_gt50	INS_gt50	Ug1-HG003-10x-5-D0-PF-UG-ULTIMA	3088286401.0	3088286169.0	190.0	42.0	675.0	0.08851422550052687	0.1810344827586207	0.9999997814322198	0.9414225941422594	0.05857740585774063	0.058577405857740586	HG003	hg38	-1	-2	pangenome_ug	sentpg
Ug1-HG003-10x-5-D0-PF-UG-ULTIMA-pangenome_ug-sentpg-DEL_50	DEL_50	Ug1-HG003-10x-5-D0-PF-UG-ULTIMA	3088286401.0	3088069712.0	39827.0	176862.0	66339.0	0.769149144360608	0.8162020222530908	0.9999785181096609	0.27277437181590536	0.7272256281840946	0.7272256281840946	HG003	hg38	-1	-2	pangenome_ug	sentpg
Ug1-HG003-10x-5-D0-PF-UG-ULTIMA-pangenome_ug-sentpg-DEL_gt50	DEL_gt50	Ug1-HG003-10x-5-D0-PF-UG-ULTIMA	3088286401.0	3088286263.0	77.0	61.0	1179.0	0.08853410740203194	0.4420289855072464	0.9999996182350179	0.9508064516129032	0.049193548387096775	0.049193548387096775	HG003	hg38	-1	-2	pangenome_ug	sentpg
Ug1-HG003-10x-5-D0-PF-UG-ULTIMA-pangenome_ug-sentpg-Indel_50	Indel_50	Ug1-HG003-10x-5-D0-PF-UG-ULTIMA	3088286401.0	3088141091.0	6666.0	138644.0	94243.0	0.7331840284296279	0.9541256623769871	0.9999694832194417	0.404672652402238	0.5953273475977621	0.595327347597762	HG003	hg38	-1	-2	pangenome_ug	sentpg
Ug1-HG003-10x-5-D0-PF-UG-ULTIMA-pangenome_ug-sentpg-Indel_gt50	Indel_gt50	Ug1-HG003-10x-5-D0-PF-UG-ULTIMA	3088286401.0	3088283403.0	233.0	2765.0	4201.0	0.5549979927739863	0.9222815210140093	0.9999986396992319	0.6030720643123744	0.39692793568762563	0.39692793568762563	HG003	hg38	-1	-2	pangenome_ug	sentpg
Ug1-HG003-10x-5-D0-PF-UG-ULTIMA-pangenome_ug-sentpg-All	All	Ug1-HG003-10x-5-D0-PF-UG-ULTIMA	3088286401.0	3084293564.0	271500.0	3721337.0	607967.0	0.894322026026716	0.9320032347927051	0.9998029217484284	0.14043065582828093	0.859569344171719	0.859569344171719	HG003	hg38	-1	-2	pangenome_ug	sentpg
Ug1-HG003-10x-5-D0-PF-UG-ULTIMA-pangenome_ug-sentpg-SNPts	SNPts	Ug1-HG003-10x-5-D0-PF-UG-ULTIMA	688815815.0	688748540.0	7494.0	59781.0	237843.0	0.32765779023784664	0.8886064659977704	0.9996547928872492	0.7991391823240062	0.20086081767599384	0.20086081767599387	HG003	hg38_m_giabHC	-1	-2	pangenome_ug	sentpg
Ug1-HG003-10x-5-D0-PF-UG-ULTIMA-pangenome_ug-sentpg-SNPtv	SNPtv	Ug1-HG003-10x-5-D0-PF-UG-ULTIMA	688815815.0	688781297.0	4558.0	29960.0	145513.0	0.28534556242886605	0.8679529520829712	0.9997887830784231	0.8292614818234144	0.17073851817658559	0.17073851817658559	HG003	hg38_m_giabHC	-1	-2	pangenome_ug	sentpg
Ug1-HG003-10x-5-D0-PF-UG-ULTIMA-pangenome_ug-sentpg-INS_50	INS_50	Ug1-HG003-10x-5-D0-PF-UG-ULTIMA	688815815.0	688792627.0	7552.0	15636.0	51954.0	0.3444887527815109	0.6743143005002588	0.9999245780522442	0.7686640035508211	0.2313359964491789	0.23133599644917888	HG003	hg38_m_giabHC	-1	-2	pangenome_ug	sentpg
Ug1-HG003-10x-5-D0-PF-UG-ULTIMA-pangenome_ug-sentpg-INS_gt50	INS_gt50	Ug1-HG003-10x-5-D0-PF-UG-ULTIMA	688815815.0	688815584.0	190.0	41.0	674.0	0.08668076109936575	0.1774891774891775	0.9999990215097391	0.9426573426573427	0.05734265734265731	0.057342657342657345	HG003	hg38_m_giabHC	-1	-2	pangenome_ug	sentpg
Ug1-HG003-10x-5-D0-PF-UG-ULTIMA-pangenome_ug-sentpg-DEL_50	DEL_50	Ug1-HG003-10x-5-D0-PF-UG-ULTIMA	688815815.0	688792580.0	6145.0	17090.0	64592.0	0.325781331909986	0.7355282978265547	0.9999062331022663	0.7907739771308244	0.20922602286917558	0.20922602286917558	HG003	hg38_m_giabHC	-1	-2	pangenome_ug	sentpg
Ug1-HG003-10x-5-D0-PF-UG-ULTIMA-pangenome_ug-sentpg-DEL_gt50	DEL_gt50	Ug1-HG003-10x-5-D0-PF-UG-ULTIMA	688815815.0	688815677.0	77.0	61.0	1178.0	0.08859840232389252	0.4420289855072464	0.9999982898211746	0.9507667473769169	0.04923325262308309	0.04923325262308313	HG003	hg38_m_giabHC	-1	-2	pangenome_ug	sentpg
Ug1-HG003-10x-5-D0-PF-UG-ULTIMA-pangenome_ug-sentpg-Indel_50	Indel_50	Ug1-HG003-10x-5-D0-PF-UG-ULTIMA	688815815.0	688798351.0	1929.0	15535.0	82415.0	0.26920477585041674	0.8895442052221714	0.9998803639119168	0.8413986727922409	0.1586013272077591	0.15860132720775907	HG003	hg38_m_giabHC	-1	-2	pangenome_ug	sentpg
Ug1-HG003-10x-5-D0-PF-UG-ULTIMA-pangenome_ug-sentpg-Indel_gt50	Indel_gt50	Ug1-HG003-10x-5-D0-PF-UG-ULTIMA	688815815.0	688814186.0	217.0	1412.0	4082.0	0.39646216481819463	0.8667894413750767	0.9999940739086206	0.7429923552966873	0.2570076447033127	0.2570076447033127	HG003	hg38_m_giabHC	-1	-2	pangenome_ug	sentpg
Ug1-HG003-10x-5-D0-PF-UG-ULTIMA-pangenome_ug-sentpg-All	All	Ug1-HG003-10x-5-D0-PF-UG-ULTIMA	688815815.0	688648137.0	28162.0	139516.0	588251.0	0.3116126618608625	0.8320471379668174	0.999146517783678	0.8082957869757766	0.19170421302422336	0.1917042130242234	HG003	hg38_m_giabHC	-1	-2	pangenome_ug	sentpg
Ug1-HG003-10x-5-D0-PF-UG-ULTIMA-pangenome_ug-sentpg-SNPts	SNPts	Ug1-HG003-10x-5-D0-PF-UG-ULTIMA	377862616.0	377590471.0	17513.0	254632.0	28754.0	0.9167157188347725	0.9356482757353617	0.999923854512439	0.10146584517230915	0.8985341548276908	0.8985341548276908	HG003	clinvar_genes	-1	-2	pangenome_ug	sentpg
Ug1-HG003-10x-5-D0-PF-UG-ULTIMA-pangenome_ug-sentpg-SNPtv	SNPtv	Ug1-HG003-10x-5-D0-PF-UG-ULTIMA	377862616.0	377739055.0	9015.0	114546.0	16218.0	0.9007844293718668	0.92704008546386	0.9999570674424444	0.12402496099843993	0.87597503900156	0.87597503900156	HG003	clinvar_genes	-1	-2	pangenome_ug	sentpg
Ug1-HG003-10x-5-D0-PF-UG-ULTIMA-pangenome_ug-sentpg-INS_50	INS_50	Ug1-HG003-10x-5-D0-PF-UG-ULTIMA	377862616.0	377837814.0	5647.0	19155.0	5961.0	0.767458632156737	0.7723167486493024	0.9999842236384601	0.23733874820831344	0.7626612517916865	0.7626612517916865	HG003	clinvar_genes	-1	-2	pangenome_ug	sentpg
Ug1-HG003-10x-5-D0-PF-UG-ULTIMA-pangenome_ug-sentpg-INS_gt50	INS_gt50	Ug1-HG003-10x-5-D0-PF-UG-ULTIMA	377862616.0	377862587.0	22.0	7.0	77.0	0.1238938053097345	0.2413793103448276	0.9999997962222592	0.9166666666666666	0.08333333333333337	0.08333333333333333	HG003	clinvar_genes	-1	-2	pangenome_ug	sentpg
Ug1-HG003-10x-5-D0-PF-UG-ULTIMA-pangenome_ug-sentpg-DEL_50	DEL_50	Ug1-HG003-10x-5-D0-PF-UG-ULTIMA	377862616.0	377837585.0	4862.0	20169.0	7090.0	0.7714285714285714	0.805760856537893	0.9999812356757443	0.2600975824498331	0.739902417550167	0.739902417550167	HG003	clinvar_genes	-1	-2	pangenome_ug	sentpg
Ug1-HG003-10x-5-D0-PF-UG-ULTIMA-pangenome_ug-sentpg-DEL_gt50	DEL_gt50	Ug1-HG003-10x-5-D0-PF-UG-ULTIMA	377862616.0	377862598.0	14.0	4.0	149.0	0.046783625730994156	0.2222222222222222	0.9999996056769258	0.9738562091503268	0.02614379084967322	0.026143790849673203	HG003	clinvar_genes	-1	-2	pangenome_ug	sentpg
Ug1-HG003-10x-5-D0-PF-UG-ULTIMA-pangenome_ug-sentpg-Indel_50	Indel_50	Ug1-HG003-10x-5-D0-PF-UG-ULTIMA	377862616.0	377847468.0	723.0	14425.0	10309.0	0.7233839827491099	0.9522709268550303	0.999972717248056	0.41679469556076654	0.5832053044392335	0.5832053044392335	HG003	clinvar_genes	-1	-2	pangenome_ug	sentpg
Ug1-HG003-10x-5-D0-PF-UG-ULTIMA-pangenome_ug-sentpg-Indel_gt50	Indel_gt50	Ug1-HG003-10x-5-D0-PF-UG-ULTIMA	377862616.0	377862296.0	32.0	288.0	419.0	0.560856864654333	0.9	0.9999988911316641	0.5926449787835927	0.4073550212164073	0.4073550212164074	HG003	clinvar_genes	-1	-2	pangenome_ug	sentpg
Ug1-HG003-10x-5-D0-PF-UG-ULTIMA-pangenome_ug-sentpg-All	All	Ug1-HG003-10x-5-D0-PF-UG-ULTIMA	377862616.0	377401562.0	37828.0	423226.0	68977.0	0.8879578120066257	0.9179532115543949	0.9998172652091399	0.14013933275498117	0.8598606672450189	0.8598606672450189	HG003	clinvar_genes	-1	-2	pangenome_ug	sentpg
Ug1-HG003-10x-5-D0-PF-UG-ULTIMA-pangenome_ug-sentpg-SNPts	SNPts	Ug1-HG003-10x-5-D0-PF-UG-ULTIMA	2528531102.0	2526284724.0	108973.0	2137405.0	2932.0	0.974490022716315	0.9514894643733156	0.9999988394037421	0.0013698777342072766	0.9986301222657927	0.9986301222657927	HG003	giabHC	-1	-2	pangenome_ug	sentpg
Ug1-HG003-10x-5-D0-PF-UG-ULTIMA-pangenome_ug-sentpg-SNPtv	SNPtv	Ug1-HG003-10x-5-D0-PF-UG-ULTIMA	2528531102.0	2527466330.0	56369.0	1008403.0	1749.0	0.9719902994037372	0.9470600278745122	0.9999993080031299	0.0017314225977872637	0.9982685774022128	0.9982685774022128	HG003	giabHC	-1	-2	pangenome_ug	sentpg
Ug1-HG003-10x-5-D0-PF-UG-ULTIMA-pangenome_ug-sentpg-INS_50	INS_50	Ug1-HG003-10x-5-D0-PF-UG-ULTIMA	2528531102.0	2528339797.0	39557.0	151748.0	1339.0	0.8812515970173523	0.7932254776404172	0.9999994704037438	0.008746660395722694	0.9912533396042773	0.9912533396042773	HG003	giabHC	-1	-2	pangenome_ug	sentpg
Ug1-HG003-10x-5-D0-PF-UG-ULTIMA-pangenome_ug-sentpg-INS_gt50	INS_gt50	Ug1-HG003-10x-5-D0-PF-UG-ULTIMA	2528531102.0	2528531101.0	0.0	1.0	1.0	0.6666666666666666	1.0	0.9999999996045135	0.5	0.5	0.5	HG003	giabHC	-1	-2	pangenome_ug	sentpg
Ug1-HG003-10x-5-D0-PF-UG-ULTIMA-pangenome_ug-sentpg-DEL_50	DEL_50	Ug1-HG003-10x-5-D0-PF-UG-ULTIMA	2528531102.0	2528337456.0	33708.0	159938.0	1750.0	0.9002121947238373	0.8259297894095411	0.9999993078460375	0.010823314036910593	0.9891766859630894	0.9891766859630894	HG003	giabHC	-1	-2	pangenome_ug	sentpg
Ug1-HG003-10x-5-D0-PF-UG-ULTIMA-pangenome_ug-sentpg-DEL_gt50	DEL_gt50	Ug1-HG003-10x-5-D0-PF-UG-ULTIMA	2528531102.0	2528531102.0	0.0	0.0	1.0			0.9999999996045135	1.0	0.0	0.0	HG003	giabHC	-1	-2	pangenome_ug	sentpg
Ug1-HG003-10x-5-D0-PF-UG-ULTIMA-pangenome_ug-sentpg-Indel_50	Indel_50	Ug1-HG003-10x-5-D0-PF-UG-ULTIMA	2528531102.0	2528403252.0	4738.0	123112.0	11829.0	0.9369575061550814	0.9629409464215878	0.9999953215751287	0.08766053312188289	0.9123394668781171	0.9123394668781171	HG003	giabHC	-1	-2	pangenome_ug	sentpg
Ug1-HG003-10x-5-D0-PF-UG-ULTIMA-pangenome_ug-sentpg-Indel_gt50	Indel_gt50	Ug1-HG003-10x-5-D0-PF-UG-ULTIMA	2528531102.0	2528529731.0	17.0	1354.0	120.0	0.9518453427065027	0.987600291757841	0.9999999525415925	0.0814111261872456	0.9185888738127544	0.9185888738127544	HG003	giabHC	-1	-2	pangenome_ug	sentpg
Ug1-HG003-10x-5-D0-PF-UG-ULTIMA-pangenome_ug-sentpg-All	All	Ug1-HG003-10x-5-D0-PF-UG-ULTIMA	2528531102.0	2524705779.0	243362.0	3581961.0	19721.0	0.9645775113925464	0.9363813199565109	0.9999921888537981	0.005475497281547899	0.994524502718452	0.994524502718452	HG003	giabHC	-1	-2	pangenome_ug	sentpg
Ug1-HG003-15x-6-D0-PF-UG-ULTIMA-pangenome_ug-sentpg-SNPts	SNPts	Ug1-HG003-15x-6-D0-PF-UG-ULTIMA	2528531102.0	2526287489.0	29100.0	2214513.0	2150.0	0.9929937071158825	0.9870298487305966	0.9999991489495239	0.0009699264164196362	0.9990300735835803	0.9990300735835803	HG003	giabHC	-1	-2	pangenome_ug	sentpg
Ug1-HG003-15x-6-D0-PF-UG-ULTIMA-pangenome_ug-sentpg-SNPtv	SNPtv	Ug1-HG003-15x-6-D0-PF-UG-ULTIMA	2528531102.0	2527468407.0	17747.0	1044948.0	1240.0	0.9909966555754871	0.9833000061165245	0.9999995093907452	0.0011852554225435582	0.9988147445774564	0.9988147445774564	HG003	giabHC	-1	-2	pangenome_ug	sentpg
Ug1-HG003-15x-6-D0-PF-UG-ULTIMA-pangenome_ug-sentpg-INS_50	INS_50	Ug1-HG003-15x-6-D0-PF-UG-ULTIMA	2528531102.0	2528351504.0	27359.0	152239.0	914.0	0.9150325618856142	0.8476653414848717	0.9999996384997624	0.005967888320829498	0.9940321116791705	0.9940321116791705	HG003	giabHC	-1	-2	pangenome_ug	sentpg
Ug1-HG003-15x-6-D0-PF-UG-ULTIMA-pangenome_ug-sentpg-INS_gt50	INS_gt50	Ug1-HG003-15x-6-D0-PF-UG-ULTIMA	2528531102.0	2528531101.0	0.0	1.0	0.0	1.0	1.0	1.0	0.0	1.0	1.0	HG003	giabHC	-1	-2	pangenome_ug	sentpg
Ug1-HG003-15x-6-D0-PF-UG-ULTIMA-pangenome_ug-sentpg-DEL_50	DEL_50	Ug1-HG003-15x-6-D0-PF-UG-ULTIMA	2528531102.0	2528349519.0	20314.0	161269.0	1291.0	0.9372208645824555	0.888128293948222	0.9999994893904774	0.007941683070866143	0.9920583169291338	0.9920583169291338	HG003	giabHC	-1	-2	pangenome_ug	sentpg
Ug1-HG003-15x-6-D0-PF-UG-ULTIMA-pangenome_ug-sentpg-DEL_gt50	DEL_gt50	Ug1-HG003-15x-6-D0-PF-UG-ULTIMA	2528531102.0	2528531102.0	0.0	0.0	1.0			0.9999999996045135	1.0	0.0	0.0	HG003	giabHC	-1	-2	pangenome_ug	sentpg
Ug1-HG003-15x-6-D0-PF-UG-ULTIMA-pangenome_ug-sentpg-Indel_50	Indel_50	Ug1-HG003-15x-6-D0-PF-UG-ULTIMA	2528531102.0	2528377143.0	3783.0	150176.0	13599.0	0.9452938621614307	0.9754285231782488	0.9999946214800687	0.08303465119829034	0.9169653488017097	0.9169653488017097	HG003	giabHC	-1	-2	pangenome_ug	sentpg
Ug1-HG003-15x-6-D0-PF-UG-ULTIMA-pangenome_ug-sentpg-Indel_gt50	Indel_gt50	Ug1-HG003-15x-6-D0-PF-UG-ULTIMA	2528531102.0	2528529393.0	13.0	1696.0	176.0	0.9472214465233175	0.9923932124049152	0.9999999303943279	0.09401709401709402	0.905982905982906	0.905982905982906	HG003	giabHC	-1	-2	pangenome_ug	sentpg
Ug1-HG003-15x-6-D0-PF-UG-ULTIMA-pangenome_ug-sentpg-All	All	Ug1-HG003-15x-6-D0-PF-UG-ULTIMA	2528531102.0	2524707944.0	98316.0	3724842.0	19371.0	0.984448099610816	0.974284086611121	0.999992327488246	0.005173583874635337	0.9948264161253647	0.9948264161253647	HG003	giabHC	-1	-2	pangenome_ug	sentpg
Ug1-HG003-15x-6-D0-PF-UG-ULTIMA-pangenome_ug-sentpg-SNPts	SNPts	Ug1-HG003-15x-6-D0-PF-UG-ULTIMA	3088286401.0	3085975706.0	33421.0	2277274.0	254618.0	0.9405196024356404	0.9855363862387723	0.999917498704481	0.10056432106898715	0.8994356789310128	0.8994356789310128	HG003	hg38	-1	-2	pangenome_ug	sentpg
Ug1-HG003-15x-6-D0-PF-UG-ULTIMA-pangenome_ug-sentpg-SNPtv	SNPtv	Ug1-HG003-15x-6-D0-PF-UG-ULTIMA	3088286401.0	3087189349.0	20522.0	1076530.0	155811.0	0.924300880100524	0.9812935029515465	0.999949532367803	0.12643497213839353	0.8735650278616065	0.8735650278616065	HG003	hg38	-1	-2	pangenome_ug	sentpg
Ug1-HG003-15x-6-D0-PF-UG-ULTIMA-pangenome_ug-sentpg-INS_50	INS_50	Ug1-HG003-15x-6-D0-PF-UG-ULTIMA	3088286401.0	3088084747.0	33458.0	168196.0	55219.0	0.7913821050229493	0.8340821406964405	0.9999821190099516	0.24715887473983394	0.7528411252601661	0.7528411252601661	HG003	hg38	-1	-2	pangenome_ug	sentpg
Ug1-HG003-15x-6-D0-PF-UG-ULTIMA-pangenome_ug-sentpg-INS_gt50	INS_gt50	Ug1-HG003-15x-6-D0-PF-UG-ULTIMA	3088286401.0	3088286171.0	178.0	52.0	763.0	0.09952153110047848	0.22608695652173913	0.9999997529374646	0.9361963190184049	0.06380368098159506	0.0638036809815951	HG003	hg38	-1	-2	pangenome_ug	sentpg
Ug1-HG003-15x-6-D0-PF-UG-ULTIMA-pangenome_ug-sentpg-DEL_50	DEL_50	Ug1-HG003-15x-6-D0-PF-UG-ULTIMA	3088286401.0	3088082747.0	24959.0	178695.0	68763.0	0.7922422812959974	0.8774440963595117	0.9999777332816161	0.2778774579928715	0.7221225420071284	0.7221225420071284	HG003	hg38	-1	-2	pangenome_ug	sentpg
Ug1-HG003-15x-6-D0-PF-UG-ULTIMA-pangenome_ug-sentpg-DEL_gt50	DEL_gt50	Ug1-HG003-15x-6-D0-PF-UG-ULTIMA	3088286401.0	3088286263.0	69.0	69.0	1286.0	0.09243134628265237	0.5	0.9999995835879983	0.9490774907749078	0.05092250922509223	0.05092250922509225	HG003	hg38	-1	-2	pangenome_ug	sentpg
Ug1-HG003-15x-6-D0-PF-UG-ULTIMA-pangenome_ug-sentpg-Indel_50	Indel_50	Ug1-HG003-15x-6-D0-PF-UG-ULTIMA	3088286401.0	3088112872.0	5425.0	168104.0	109837.0	0.7446962145879018	0.9687372139527111	0.9999644335883938	0.39518099164930687	0.6048190083506931	0.6048190083506931	HG003	hg38	-1	-2	pangenome_ug	sentpg
Ug1-HG003-15x-6-D0-PF-UG-ULTIMA-pangenome_ug-sentpg-Indel_gt50	Indel_gt50	Ug1-HG003-15x-6-D0-PF-UG-ULTIMA	3088286401.0	3088282790.0	169.0	3442.0	5722.0	0.5388649706457925	0.9531985599556909	0.9999981471938332	0.6243998254037538	0.3756001745962462	0.3756001745962462	HG003	hg38	-1	-2	pangenome_ug	sentpg
Ug1-HG003-15x-6-D0-PF-UG-ULTIMA-pangenome_ug-sentpg-All	All	Ug1-HG003-15x-6-D0-PF-UG-ULTIMA	3088286401.0	3084295838.0	118201.0	3872362.0	652019.0	0.909544913037596	0.9703798687052428	0.9997886450500223	0.14411231061221413	0.8558876893877858	0.8558876893877858	HG003	hg38	-1	-2	pangenome_ug	sentpg
Ug1-HG003-15x-6-D0-PF-UG-ULTIMA-pangenome_ug-sentpg-SNPts	SNPts	Ug1-HG003-15x-6-D0-PF-UG-ULTIMA	688815815.0	688748700.0	4321.0	62794.0	252468.0	0.32844025660539206	0.9356179691574164	0.9996335739157992	0.8008196357315502	0.19918036426844976	0.19918036426844973	HG003	hg38_m_giabHC	-1	-2	pangenome_ug	sentpg
Ug1-HG003-15x-6-D0-PF-UG-ULTIMA-pangenome_ug-sentpg-SNPtv	SNPtv	Ug1-HG003-15x-6-D0-PF-UG-ULTIMA	688815815.0	688781445.0	2775.0	31595.0	154571.0	0.2865291834439728	0.9192609834157696	0.9997756380906061	0.8302858738974893	0.1697141261025107	0.16971412610251066	HG003	hg38_m_giabHC	-1	-2	pangenome_ug	sentpg
Ug1-HG003-15x-6-D0-PF-UG-ULTIMA-pangenome_ug-sentpg-INS_50	INS_50	Ug1-HG003-15x-6-D0-PF-UG-ULTIMA	688815815.0	688793831.0	6097.0	15887.0	54304.0	0.34471385950637373	0.7226619359534207	0.999921166949229	0.7736604407972532	0.22633955920274684	0.2263395592027468	HG003	hg38_m_giabHC	-1	-2	pangenome_ug	sentpg
Ug1-HG003-15x-6-D0-PF-UG-ULTIMA-pangenome_ug-sentpg-INS_gt50	INS_gt50	Ug1-HG003-15x-6-D0-PF-UG-ULTIMA	688815815.0	688815586.0	178.0	51.0	763.0	0.0977948226270374	0.22270742358078602	0.9999988923027145	0.9373464373464373	0.0626535626535627	0.06265356265356266	HG003	hg38_m_giabHC	-1	-2	pangenome_ug	sentpg
Ug1-HG003-15x-6-D0-PF-UG-ULTIMA-pangenome_ug-sentpg-DEL_50	DEL_50	Ug1-HG003-15x-6-D0-PF-UG-ULTIMA	688815815.0	688793553.0	4658.0	17604.0	67474.0	0.32800447177193964	0.7907645314886353	0.9999020499094079	0.7930839935118362	0.20691600648816377	0.2069160064881638	HG003	hg38_m_giabHC	-1	-2	pangenome_ug	sentpg
Ug1-HG003-15x-6-D0-PF-UG-ULTIMA-pangenome_ug-sentpg-DEL_gt50	DEL_gt50	Ug1-HG003-15x-6-D0-PF-UG-ULTIMA	688815815.0	688815677.0	69.0	69.0	1285.0	0.09249329758713136	0.5	0.9999981344826406	0.94903988183161	0.05096011816838997	0.05096011816838995	HG003	hg38_m_giabHC	-1	-2	pangenome_ug	sentpg
Ug1-HG003-15x-6-D0-PF-UG-ULTIMA-pangenome_ug-sentpg-Indel_50	Indel_50	Ug1-HG003-15x-6-D0-PF-UG-ULTIMA	688815815.0	688796239.0	1643.0	17933.0	96238.0	0.26816302421736565	0.9160706988148754	0.9998603004050515	0.8429285895717826	0.15707141042821737	0.15707141042821732	HG003	hg38_m_giabHC	-1	-2	pangenome_ug	sentpg
Ug1-HG003-15x-6-D0-PF-UG-ULTIMA-pangenome_ug-sentpg-Indel_gt50	Indel_gt50	Ug1-HG003-15x-6-D0-PF-UG-ULTIMA	688815815.0	688813911.0	158.0	1746.0	5546.0	0.3797303175293606	0.917016806722689	0.9999919485433467	0.7605595172792101	0.23944048272078988	0.2394404827207899	HG003	hg38_m_giabHC	-1	-2	pangenome_ug	sentpg
Ug1-HG003-15x-6-D0-PF-UG-ULTIMA-pangenome_ug-sentpg-All	All	Ug1-HG003-15x-6-D0-PF-UG-ULTIMA	688815815.0	688648237.0	19899.0	147679.0	632649.0	0.31158996778161546	0.8812552960412464	0.9990821608246366	0.8107475318071375	0.18925246819286246	0.18925246819286248	HG003	hg38_m_giabHC	-1	-2	pangenome_ug	sentpg
Ug1-HG003-15x-6-D0-PF-UG-ULTIMA-pangenome_ug-sentpg-SNPts	SNPts	Ug1-HG003-15x-6-D0-PF-UG-ULTIMA	377862616.0	377590846.0	5782.0	265988.0	30560.0	0.9360534067194775	0.9787246568789786	0.9999190723843658	0.10305245693783131	0.8969475430621687	0.8969475430621687	HG003	clinvar_genes	-1	-2	pangenome_ug	sentpg
Ug1-HG003-15x-6-D0-PF-UG-ULTIMA-pangenome_ug-sentpg-SNPtv	SNPtv	Ug1-HG003-15x-6-D0-PF-UG-ULTIMA	377862616.0	377739318.0	3484.0	119814.0	17173.0	0.9206369940641989	0.9717432561760937	0.9999545394972446	0.12536226065247066	0.8746377393475293	0.8746377393475293	HG003	clinvar_genes	-1	-2	pangenome_ug	sentpg
Ug1-HG003-15x-6-D0-PF-UG-ULTIMA-pangenome_ug-sentpg-INS_50	INS_50	Ug1-HG003-15x-6-D0-PF-UG-ULTIMA	377862616.0	377839195.0	4012.0	19409.0	6157.0	0.792414314001674	0.8287007386533453	0.9999837049735628	0.2408276617382461	0.7591723382617539	0.7591723382617539	HG003	clinvar_genes	-1	-2	pangenome_ug	sentpg
Ug1-HG003-15x-6-D0-PF-UG-ULTIMA-pangenome_ug-sentpg-INS_gt50	INS_gt50	Ug1-HG003-15x-6-D0-PF-UG-ULTIMA	377862616.0	377862587.0	21.0	8.0	83.0	0.13333333333333333	0.27586206896551724	0.9999997803434777	0.9120879120879121	0.08791208791208793	0.08791208791208792	HG003	clinvar_genes	-1	-2	pangenome_ug	sentpg
Ug1-HG003-15x-6-D0-PF-UG-ULTIMA-pangenome_ug-sentpg-DEL_50	DEL_50	Ug1-HG003-15x-6-D0-PF-UG-ULTIMA	377862616.0	377839004.0	2988.0	20624.0	7389.0	0.7989927360774818	0.8734541758427918	0.9999804444342016	0.26377039231785243	0.7362296076821475	0.7362296076821476	HG003	clinvar_genes	-1	-2	pangenome_ug	sentpg
Ug1-HG003-15x-6-D0-PF-UG-ULTIMA-pangenome_ug-sentpg-DEL_gt50	DEL_gt50	Ug1-HG003-15x-6-D0-PF-UG-ULTIMA	377862616.0	377862598.0	14.0	4.0	157.0	0.04469273743016759	0.2222222222222222	0.999999584505226	0.9751552795031055	0.024844720496894457	0.024844720496894408	HG003	clinvar_genes	-1	-2	pangenome_ug	sentpg
Ug1-HG003-15x-6-D0-PF-UG-ULTIMA-pangenome_ug-sentpg-Indel_50	Indel_50	Ug1-HG003-15x-6-D0-PF-UG-ULTIMA	377862616.0	377844359.0	588.0	17669.0	12051.0	0.7365612689413676	0.9677931752204634	0.9999681069324721	0.40548452220726783	0.5945154777927322	0.5945154777927322	HG003	clinvar_genes	-1	-2	pangenome_ug	sentpg
Ug1-HG003-15x-6-D0-PF-UG-ULTIMA-pangenome_ug-sentpg-Indel_gt50	Indel_gt50	Ug1-HG003-15x-6-D0-PF-UG-ULTIMA	377862616.0	377862228.0	22.0	366.0	599.0	0.541019955654102	0.9432989690721649	0.9999984147686483	0.6207253886010363	0.3792746113989637	0.37927461139896373	HG003	clinvar_genes	-1	-2	pangenome_ug	sentpg
Ug1-HG003-15x-6-D0-PF-UG-ULTIMA-pangenome_ug-sentpg-All	All	Ug1-HG003-15x-6-D0-PF-UG-ULTIMA	377862616.0	377401823.0	16911.0	443882.0	74169.0	0.9069514651977232	0.9633002237447184	0.999803513331783	0.14316930186410218	0.8568306981358979	0.8568306981358979	HG003	clinvar_genes	-1	-2	pangenome_ug	sentpg
Ug1-HG003-1x-1-D0-PF-UG-ULTIMA-pangenome_ug-sentpg-SNPts	SNPts	Ug1-HG003-1x-1-D0-PF-UG-ULTIMA	377862616.0	377589402.0	233761.0	39453.0	8049.0	0.24603075618304046	0.1444032882648766	0.9999786836484762	0.16944549703170392	0.8305545029682961	0.830554502968296	HG003	clinvar_genes	-1	-2	pangenome_ug	sentpg
Ug1-HG003-1x-1-D0-PF-UG-ULTIMA-pangenome_ug-sentpg-SNPtv	SNPtv	Ug1-HG003-1x-1-D0-PF-UG-ULTIMA	377862616.0	377738299.0	106619.0	17698.0	4513.0	0.24156475212928588	0.1423618652316256	0.9999880527177312	0.20318760974292016	0.7968123902570798	0.7968123902570798	HG003	clinvar_genes	-1	-2	pangenome_ug	sentpg
Ug1-HG003-1x-1-D0-PF-UG-ULTIMA-pangenome_ug-sentpg-INS_50	INS_50	Ug1-HG003-1x-1-D0-PF-UG-ULTIMA	377862616.0	377833438.0	25139.0	4039.0	1565.0	0.23224656431487548	0.13842621152923434	0.9999958579803683	0.2792648108493933	0.7207351891506066	0.7207351891506067	HG003	clinvar_genes	-1	-2	pangenome_ug	sentpg
Ug1-HG003-1x-1-D0-PF-UG-ULTIMA-pangenome_ug-sentpg-INS_gt50	INS_gt50	Ug1-HG003-1x-1-D0-PF-UG-ULTIMA	377862616.0	377862586.0	30.0	0.0	16.0		0.0	0.9999999576565664	1.0	0.0	0.0	HG003	clinvar_genes	-1	-2	pangenome_ug	sentpg
Ug1-HG003-1x-1-D0-PF-UG-ULTIMA-pangenome_ug-sentpg-DEL_50	DEL_50	Ug1-HG003-1x-1-D0-PF-UG-ULTIMA	377862616.0	377831890.0	26424.0	4302.0	1904.0	0.23296869923101915	0.14001171646162858	0.9999949607472115	0.3067998710924911	0.6932001289075089	0.6932001289075088	HG003	clinvar_genes	-1	-2	pangenome_ug	sentpg
Ug1-HG003-1x-1-D0-PF-UG-ULTIMA-pangenome_ug-sentpg-DEL_gt50	DEL_gt50	Ug1-HG003-1x-1-D0-PF-UG-ULTIMA	377862616.0	377862598.0	18.0	0.0	29.0		0.0	0.9999999232525316	1.0	0.0	0.0	HG003	clinvar_genes	-1	-2	pangenome_ug	sentpg
Ug1-HG003-1x-1-D0-PF-UG-ULTIMA-pangenome_ug-sentpg-Indel_50	Indel_50	Ug1-HG003-1x-1-D0-PF-UG-ULTIMA	377862616.0	377858490.0	3220.0	906.0	744.0	0.3137119113573407	0.21958313136209404	0.9999980310127872	0.4509090909090909	0.5490909090909091	0.5490909090909091	HG003	clinvar_genes	-1	-2	pangenome_ug	sentpg
Ug1-HG003-1x-1-D0-PF-UG-ULTIMA-pangenome_ug-sentpg-Indel_gt50	Indel_gt50	Ug1-HG003-1x-1-D0-PF-UG-ULTIMA	377862616.0	377862474.0	128.0	14.0	10.0	0.1686746987951807	0.09859154929577464	0.9999999735353458	0.4166666666666667	0.5833333333333333	0.5833333333333334	HG003	clinvar_genes	-1	-2	pangenome_ug	sentpg
Ug1-HG003-1x-1-D0-PF-UG-ULTIMA-pangenome_ug-sentpg-All	All	Ug1-HG003-1x-1-D0-PF-UG-ULTIMA	377862616.0	377400865.0	395339.0	66412.0	16830.0	0.24371689177659162	0.14382643459353633	0.9999554074961959	0.20218159102376204	0.7978184089762379	0.7978184089762379	HG003	clinvar_genes	-1	-2	pangenome_ug	sentpg
Ug1-HG003-1x-1-D0-PF-UG-ULTIMA-pangenome_ug-sentpg-SNPts	SNPts	Ug1-HG003-1x-1-D0-PF-UG-ULTIMA	3088286401.0	3085963838.0	1951752.0	370811.0	65233.0	0.26883930911507153	0.15965594905283517	0.9999788618323097	0.14960187504013356	0.8503981249598664	0.8503981249598664	HG003	hg38	-1	-2	pangenome_ug	sentpg
Ug1-HG003-1x-1-D0-PF-UG-ULTIMA-pangenome_ug-sentpg-SNPtv	SNPtv	Ug1-HG003-1x-1-D0-PF-UG-ULTIMA	3088286401.0	3087179728.0	931238.0	175435.0	40991.0	0.26518801692088045	0.1585246951899974	0.9999867223617191	0.18939961002836997	0.8106003899716301	0.81060038997163	HG003	hg38	-1	-2	pangenome_ug	sentpg
Ug1-HG003-1x-1-D0-PF-UG-ULTIMA-pangenome_ug-sentpg-INS_50	INS_50	Ug1-HG003-1x-1-D0-PF-UG-ULTIMA	3088286401.0	3088029229.0	218343.0	38829.0	14461.0	0.2501368927598224	0.15098455508375716	0.999995317099934	0.27136423343966976	0.7286357665603302	0.7286357665603302	HG003	hg38	-1	-2	pangenome_ug	sentpg
Ug1-HG003-1x-1-D0-PF-UG-ULTIMA-pangenome_ug-sentpg-INS_gt50	INS_gt50	Ug1-HG003-1x-1-D0-PF-UG-ULTIMA	3088286401.0	3088286162.0	236.0	3.0	107.0	0.017191977077363897	0.012552301255230125	0.9999999653529529	0.9727272727272728	0.027272727272727226	0.02727272727272727	HG003	hg38	-1	-2	pangenome_ug	sentpg
Ug1-HG003-1x-1-D0-PF-UG-ULTIMA-pangenome_ug-sentpg-DEL_50	DEL_50	Ug1-HG003-1x-1-D0-PF-UG-ULTIMA	3088286401.0	3088016525.0	229334.0	40542.0	17586.0	0.24720430238655627	0.15022454756999512	0.999994305114721	0.3025392237819983	0.6974607762180016	0.6974607762180016	HG003	hg38	-1	-2	pangenome_ug	sentpg
Ug1-HG003-1x-1-D0-PF-UG-ULTIMA-pangenome_ug-sentpg-DEL_gt50	DEL_gt50	Ug1-HG003-1x-1-D0-PF-UG-ULTIMA	3088286401.0	3088286263.0	132.0	6.0	209.0	0.03399433427762039	0.043478260869565216	0.999999932324931	0.9720930232558139	0.027906976744186074	0.027906976744186046	HG003	hg38	-1	-2	pangenome_ug	sentpg
Ug1-HG003-1x-1-D0-PF-UG-ULTIMA-pangenome_ug-sentpg-Indel_50	Indel_50	Ug1-HG003-1x-1-D0-PF-UG-ULTIMA	3088286401.0	3088245688.0	32062.0	8651.0	6973.0	0.30711610486891383	0.21248741188318226	0.999997742088888	0.4463005632360471	0.553699436763953	0.553699436763953	HG003	hg38	-1	-2	pangenome_ug	sentpg
Ug1-HG003-1x-1-D0-PF-UG-ULTIMA-pangenome_ug-sentpg-Indel_gt50	Indel_gt50	Ug1-HG003-1x-1-D0-PF-UG-ULTIMA	3088286401.0	3088285075.0	1258.0	68.0	119.0	0.0898876404494382	0.05128205128205128	0.9999999614672893	0.6363636363636364	0.36363636363636365	0.36363636363636365	HG003	hg38	-1	-2	pangenome_ug	sentpg
Ug1-HG003-1x-1-D0-PF-UG-ULTIMA-pangenome_ug-sentpg-All	All	Ug1-HG003-1x-1-D0-PF-UG-ULTIMA	3088286401.0	3084287701.0	3364355.0	634345.0	145679.0	0.2654871886302703	0.1586378072873684	0.9999527696072333	0.1867622021886506	0.8132377978113494	0.8132377978113494	HG003	hg38	-1	-2	pangenome_ug	sentpg
Ug1-HG003-1x-1-D0-PF-UG-ULTIMA-pangenome_ug-sentpg-SNPts	SNPts	Ug1-HG003-1x-1-D0-PF-UG-ULTIMA	688815815.0	688747865.0	56644.0	11306.0	59537.0	0.16291887919419565	0.16638704930095657	0.9999135650984192	0.8404076620131841	0.15959233798681594	0.1595923379868159	HG003	hg38_m_giabHC	-1	-2	pangenome_ug	sentpg
Ug1-HG003-1x-1-D0-PF-UG-ULTIMA-pangenome_ug-sentpg-SNPtv	SNPtv	Ug1-HG003-1x-1-D0-PF-UG-ULTIMA	688815815.0	688780716.0	29588.0	5511.0	38207.0	0.13984292728726033	0.15701302031396905	0.9999445325923486	0.8739420833523949	0.12605791664760513	0.1260579166476051	HG003	hg38_m_giabHC	-1	-2	pangenome_ug	sentpg
Ug1-HG003-1x-1-D0-PF-UG-ULTIMA-pangenome_ug-sentpg-INS_50	INS_50	Ug1-HG003-1x-1-D0-PF-UG-ULTIMA	688815815.0	688788471.0	23021.0	4323.0	13110.0	0.19309020255934967	0.1580968402574605	0.9999809669426412	0.7520220271898124	0.24797797281018763	0.24797797281018757	HG003	hg38_m_giabHC	-1	-2	pangenome_ug	sentpg
Ug1-HG003-1x-1-D0-PF-UG-ULTIMA-pangenome_ug-sentpg-INS_gt50	INS_gt50	Ug1-HG003-1x-1-D0-PF-UG-ULTIMA	688815815.0	688815577.0	235.0	3.0	107.0	0.017241379310344827	0.012605042016806723	0.9999998446609122	0.9727272727272728	0.027272727272727226	0.02727272727272727	HG003	hg38_m_giabHC	-1	-2	pangenome_ug	sentpg
Ug1-HG003-1x-1-D0-PF-UG-ULTIMA-pangenome_ug-sentpg-DEL_50	DEL_50	Ug1-HG003-1x-1-D0-PF-UG-ULTIMA	688815815.0	688788421.0	22552.0	4842.0	16348.0	0.19932488061913387	0.17675403373001386	0.9999762661341272	0.7714959886739028	0.2285040113260972	0.2285040113260972	HG003	hg38_m_giabHC	-1	-2	pangenome_ug	sentpg
Ug1-HG003-1x-1-D0-PF-UG-ULTIMA-pangenome_ug-sentpg-DEL_gt50	DEL_gt50	Ug1-HG003-1x-1-D0-PF-UG-ULTIMA	688815815.0	688815677.0	132.0	6.0	207.0	0.034188034188034185	0.043478260869565216	0.9999996994842819	0.971830985915493	0.028169014084507005	0.028169014084507043	HG003	hg38_m_giabHC	-1	-2	pangenome_ug	sentpg
Ug1-HG003-1x-1-D0-PF-UG-ULTIMA-pangenome_ug-sentpg-Indel_50	Indel_50	Ug1-HG003-1x-1-D0-PF-UG-ULTIMA	688815815.0	688806986.0	7783.0	1046.0	6067.0	0.1312256931376239	0.11847321327443652	0.9999911920949036	0.852945311401659	0.14705468859834103	0.14705468859834106	HG003	hg38_m_giabHC	-1	-2	pangenome_ug	sentpg
Ug1-HG003-1x-1-D0-PF-UG-ULTIMA-pangenome_ug-sentpg-Indel_gt50	Indel_gt50	Ug1-HG003-1x-1-D0-PF-UG-ULTIMA	688815815.0	688814827.0	949.0	39.0	118.0	0.06812227074235808	0.039473684210526314	0.9999998286912894	0.7515923566878981	0.24840764331210186	0.2484076433121019	HG003	hg38_m_giabHC	-1	-2	pangenome_ug	sentpg
Ug1-HG003-1x-1-D0-PF-UG-ULTIMA-pangenome_ug-sentpg-All	All	Ug1-HG003-1x-1-D0-PF-UG-ULTIMA	688815815.0	688647835.0	140904.0	27076.0	133701.0	0.1647174052567702	0.1611858554589832	0.9998058876537597	0.8315928273322677	0.1684071726677323	0.16840717266773234	HG003	hg38_m_giabHC	-1	-2	pangenome_ug	sentpg
Ug1-HG003-1x-1-D0-PF-UG-ULTIMA-pangenome_ug-sentpg-SNPts	SNPts	Ug1-HG003-1x-1-D0-PF-UG-ULTIMA	2528531102.0	2526276485.0	1895108.0	359509.0	5696.0	0.2744529971883586	0.1594545769858029	0.9999977453033383	0.015596719650607193	0.9844032803493928	0.9844032803493928	HG003	giabHC	-1	-2	pangenome_ug	sentpg
Ug1-HG003-1x-1-D0-PF-UG-ULTIMA-pangenome_ug-sentpg-SNPtv	SNPtv	Ug1-HG003-1x-1-D0-PF-UG-ULTIMA	2528531102.0	2527459526.0	901650.0	169926.0	2784.0	0.2731301324615081	0.15857577997267577	0.999998898499895	0.016119506687510856	0.9838804933124892	0.9838804933124892	HG003	giabHC	-1	-2	pangenome_ug	sentpg
Ug1-HG003-1x-1-D0-PF-UG-ULTIMA-pangenome_ug-sentpg-INS_50	INS_50	Ug1-HG003-1x-1-D0-PF-UG-ULTIMA	2528531102.0	2528301354.0	195255.0	34493.0	1351.0	0.259744269405705	0.1501340599265282	0.9999994656494267	0.037691105903359	0.962308894096641	0.962308894096641	HG003	giabHC	-1	-2	pangenome_ug	sentpg
Ug1-HG003-1x-1-D0-PF-UG-ULTIMA-pangenome_ug-sentpg-INS_gt50	INS_gt50	Ug1-HG003-1x-1-D0-PF-UG-ULTIMA	2528531102.0	2528531101.0	1.0	0.0	0.0		0.0	1.0				HG003	giabHC	-1	-2	pangenome_ug	sentpg
Ug1-HG003-1x-1-D0-PF-UG-ULTIMA-pangenome_ug-sentpg-DEL_50	DEL_50	Ug1-HG003-1x-1-D0-PF-UG-ULTIMA	2528531102.0	2528288430.0	206934.0	35738.0	1240.0	0.255590917217951	0.14726874134634405	0.9999995095498689	0.033533452323002866	0.9664665476769971	0.9664665476769971	HG003	giabHC	-1	-2	pangenome_ug	sentpg
Ug1-HG003-1x-1-D0-PF-UG-ULTIMA-pangenome_ug-sentpg-DEL_gt50	DEL_gt50	Ug1-HG003-1x-1-D0-PF-UG-ULTIMA	2528531102.0	2528531102.0	0.0	0.0	2.0			0.9999999992090269	1.0	0.0	0.0	HG003	giabHC	-1	-2	pangenome_ug	sentpg
Ug1-HG003-1x-1-D0-PF-UG-ULTIMA-pangenome_ug-sentpg-Indel_50	Indel_50	Ug1-HG003-1x-1-D0-PF-UG-ULTIMA	2528531102.0	2528499216.0	24280.0	7606.0	905.0	0.37656261603584423	0.23853728909239164	0.9999996420803019	0.10633298084831394	0.893667019151686	0.893667019151686	HG003	giabHC	-1	-2	pangenome_ug	sentpg
Ug1-HG003-1x-1-D0-PF-UG-ULTIMA-pangenome_ug-sentpg-Indel_gt50	Indel_gt50	Ug1-HG003-1x-1-D0-PF-UG-ULTIMA	2528531102.0	2528530762.0	311.0	29.0	1.0	0.15675675675675677	0.08529411764705883	0.9999999996045135	0.03333333333333333	0.9666666666666667	0.9666666666666667	HG003	giabHC	-1	-2	pangenome_ug	sentpg
Ug1-HG003-1x-1-D0-PF-UG-ULTIMA-pangenome_ug-sentpg-All	All	Ug1-HG003-1x-1-D0-PF-UG-ULTIMA	2528531102.0	2524700262.0	3223539.0	607301.0	11979.0	0.2729369095664836	0.1585294609015255	0.9999952553008594	0.019343431081255653	0.9806565689187443	0.9806565689187443	HG003	giabHC	-1	-2	pangenome_ug	sentpg
Ug1-HG003-20x-7-D0-PF-UG-ULTIMA-pangenome_ug-sentpg-SNPts	SNPts	Ug1-HG003-20x-7-D0-PF-UG-ULTIMA	377862616.0	377591057.0	2941.0	268618.0	31208.0	0.9402346928953333	0.9891699409704705	0.999917356567945	0.10408703714821263	0.8959129628517873	0.8959129628517873	HG003	clinvar_genes	-1	-2	pangenome_ug	sentpg
Ug1-HG003-20x-7-D0-PF-UG-ULTIMA-pangenome_ug-sentpg-SNPtv	SNPtv	Ug1-HG003-20x-7-D0-PF-UG-ULTIMA	377862616.0	377739467.0	1958.0	121191.0	17552.0	0.9255036427229546	0.9841005611089007	0.9999535362703611	0.12650728325032615	0.8734927167496739	0.8734927167496739	HG003	clinvar_genes	-1	-2	pangenome_ug	sentpg
Ug1-HG003-20x-7-D0-PF-UG-ULTIMA-pangenome_ug-sentpg-INS_50	INS_50	Ug1-HG003-20x-7-D0-PF-UG-ULTIMA	377862616.0	377840035.0	3310.0	19271.0	6227.0	0.8016389691965309	0.8534165891678845	0.9999835197522743	0.2442152325672602	0.7557847674327398	0.7557847674327398	HG003	clinvar_genes	-1	-2	pangenome_ug	sentpg
Ug1-HG003-20x-7-D0-PF-UG-ULTIMA-pangenome_ug-sentpg-INS_gt50	INS_gt50	Ug1-HG003-20x-7-D0-PF-UG-ULTIMA	377862616.0	377862587.0	20.0	9.0	87.0	0.14400000000000002	0.3103448275862069	0.9999997697576236	0.90625	0.09375	0.09375	HG003	clinvar_genes	-1	-2	pangenome_ug	sentpg
Ug1-HG003-20x-7-D0-PF-UG-ULTIMA-pangenome_ug-sentpg-DEL_50	DEL_50	Ug1-HG003-20x-7-D0-PF-UG-ULTIMA	377862616.0	377839774.0	2313.0	20529.0	7498.0	0.8071320450569108	0.8987391646966115	0.9999801560033494	0.2675277411067899	0.7324722588932101	0.7324722588932101	HG003	clinvar_genes	-1	-2	pangenome_ug	sentpg
Ug1-HG003-20x-7-D0-PF-UG-ULTIMA-pangenome_ug-sentpg-DEL_gt50	DEL_gt50	Ug1-HG003-20x-7-D0-PF-UG-ULTIMA	377862616.0	377862598.0	14.0	4.0	172.0	0.041237113402061855	0.2222222222222222	0.9999995448082911	0.9772727272727273	0.022727272727272707	0.022727272727272728	HG003	clinvar_genes	-1	-2	pangenome_ug	sentpg
Ug1-HG003-20x-7-D0-PF-UG-ULTIMA-pangenome_ug-sentpg-Indel_50	Indel_50	Ug1-HG003-20x-7-D0-PF-UG-ULTIMA	377862616.0	377842626.0	541.0	19449.0	12829.0	0.7442029540062753	0.9729364682341171	0.9999660478634614	0.39745337381498236	0.6025466261850176	0.6025466261850176	HG003	clinvar_genes	-1	-2	pangenome_ug	sentpg
Ug1-HG003-20x-7-D0-PF-UG-ULTIMA-pangenome_ug-sentpg-Indel_gt50	Indel_gt50	Ug1-HG003-20x-7-D0-PF-UG-ULTIMA	377862616.0	377862200.0	16.0	400.0	674.0	0.5369127516778524	0.9615384615384616	0.9999982162841433	0.62756052141527	0.37243947858473003	0.37243947858473	HG003	clinvar_genes	-1	-2	pangenome_ug	sentpg
Ug1-HG003-20x-7-D0-PF-UG-ULTIMA-pangenome_ug-sentpg-All	All	Ug1-HG003-20x-7-D0-PF-UG-ULTIMA	377862616.0	377402032.0	11113.0	449471.0	76247.0	0.9114267232551491	0.9758719364980112	0.9997980095697109	0.14503402965087747	0.8549659703491226	0.8549659703491226	HG003	clinvar_genes	-1	-2	pangenome_ug	sentpg
Ug1-HG003-20x-7-D0-PF-UG-ULTIMA-pangenome_ug-sentpg-SNPts	SNPts	Ug1-HG003-20x-7-D0-PF-UG-ULTIMA	2528531102.0	2526289216.0	12449.0	2229437.0	1750.0	0.9968256721944847	0.9944470860694968	0.9999993072848601	0.0007843358714442133	0.9992156641285558	0.9992156641285558	HG003	giabHC	-1	-2	pangenome_ug	sentpg
Ug1-HG003-20x-7-D0-PF-UG-ULTIMA-pangenome_ug-sentpg-SNPtv	SNPtv	Ug1-HG003-20x-7-D0-PF-UG-ULTIMA	2528531102.0	2527469546.0	8982.0	1052574.0	1026.0	0.9952684341013145	0.9915388354453274	0.9999995940605555	0.0009738041002277905	0.9990261958997723	0.9990261958997723	HG003	giabHC	-1	-2	pangenome_ug	sentpg
Ug1-HG003-20x-7-D0-PF-UG-ULTIMA-pangenome_ug-sentpg-INS_50	INS_50	Ug1-HG003-20x-7-D0-PF-UG-ULTIMA	2528531102.0	2528357653.0	22532.0	150917.0	650.0	0.9286742806507987	0.870094379327641	0.9999997429161843	0.004288532464190754	0.9957114675358092	0.9957114675358092	HG003	giabHC	-1	-2	pangenome_ug	sentpg
Ug1-HG003-20x-7-D0-PF-UG-ULTIMA-pangenome_ug-sentpg-INS_gt50	INS_gt50	Ug1-HG003-20x-7-D0-PF-UG-ULTIMA	2528531102.0	2528531101.0	0.0	1.0	0.0	1.0	1.0	1.0	0.0	1.0	1.0	HG003	giabHC	-1	-2	pangenome_ug	sentpg
Ug1-HG003-20x-7-D0-PF-UG-ULTIMA-pangenome_ug-sentpg-DEL_50	DEL_50	Ug1-HG003-20x-7-D0-PF-UG-ULTIMA	2528531102.0	2528355506.0	15626.0	159970.0	1038.0	0.9504937552732589	0.9110116403562724	0.9999995894566364	0.006446884626850839	0.9935531153731492	0.9935531153731492	HG003	giabHC	-1	-2	pangenome_ug	sentpg
Ug1-HG003-20x-7-D0-PF-UG-ULTIMA-pangenome_ug-sentpg-DEL_gt50	DEL_gt50	Ug1-HG003-20x-7-D0-PF-UG-ULTIMA	2528531102.0	2528531102.0	0.0	0.0	1.0			0.9999999996045135	1.0	0.0	0.0	HG003	giabHC	-1	-2	pangenome_ug	sentpg
Ug1-HG003-20x-7-D0-PF-UG-ULTIMA-pangenome_ug-sentpg-Indel_50	Indel_50	Ug1-HG003-20x-7-D0-PF-UG-ULTIMA	2528531102.0	2528364060.0	3479.0	163563.0	14071.0	0.9490826167183094	0.9791729026232924	0.9999944347723042	0.07921343886868505	0.920786561131315	0.920786561131315	HG003	giabHC	-1	-2	pangenome_ug	sentpg
Ug1-HG003-20x-7-D0-PF-UG-ULTIMA-pangenome_ug-sentpg-Indel_gt50	Indel_gt50	Ug1-HG003-20x-7-D0-PF-UG-ULTIMA	2528531102.0	2528529348.0	9.0	1745.0	204.0	0.9424790710234944	0.9948688711516533	0.9999999193206978	0.10466906105695228	0.8953309389430477	0.8953309389430477	HG003	giabHC	-1	-2	pangenome_ug	sentpg
Ug1-HG003-20x-7-D0-PF-UG-ULTIMA-pangenome_ug-sentpg-All	All	Ug1-HG003-20x-7-D0-PF-UG-ULTIMA	2528531102.0	2524709818.0	63077.0	3758207.0	18740.0	0.9892320988924922	0.9834932446790137	0.9999925774198812	0.00496167936695961	0.9950383206330404	0.9950383206330404	HG003	giabHC	-1	-2	pangenome_ug	sentpg
Ug1-HG003-20x-7-D0-PF-UG-ULTIMA-pangenome_ug-sentpg-SNPts	SNPts	Ug1-HG003-20x-7-D0-PF-UG-ULTIMA	3088286401.0	3085977542.0	15722.0	2293137.0	260082.0	0.9432744600148332	0.9931905759511517	0.9999157284591512	0.10186435241160277	0.8981356475883973	0.8981356475883973	HG003	hg38	-1	-2	pangenome_ug	sentpg
Ug1-HG003-20x-7-D0-PF-UG-ULTIMA-pangenome_ug-sentpg-SNPtv	SNPtv	Ug1-HG003-20x-7-D0-PF-UG-ULTIMA	3088286401.0	3087190585.0	11200.0	1084616.0	160079.0	0.9268198269523193	0.9897793060148784	0.999948150042732	0.1286090166667336	0.8713909833332664	0.8713909833332664	HG003	hg38	-1	-2	pangenome_ug	sentpg
Ug1-HG003-20x-7-D0-PF-UG-ULTIMA-pangenome_ug-sentpg-INS_50	INS_50	Ug1-HG003-20x-7-D0-PF-UG-ULTIMA	3088286401.0	3088091380.0	27992.0	167029.0	55804.0	0.7994610557754622	0.8564667394793382	0.9999819296177691	0.2504296939860793	0.7495703060139207	0.7495703060139207	HG003	hg38	-1	-2	pangenome_ug	sentpg
Ug1-HG003-20x-7-D0-PF-UG-ULTIMA-pangenome_ug-sentpg-INS_gt50	INS_gt50	Ug1-HG003-20x-7-D0-PF-UG-ULTIMA	3088286401.0	3088286171.0	174.0	56.0	815.0	0.10172570390554042	0.24347826086956523	0.9999997360996553	0.9357060849598163	0.06429391504018367	0.0642939150401837	HG003	hg38	-1	-2	pangenome_ug	sentpg
Ug1-HG003-20x-7-D0-PF-UG-ULTIMA-pangenome_ug-sentpg-DEL_50	DEL_50	Ug1-HG003-20x-7-D0-PF-UG-ULTIMA	3088286401.0	3088089111.0	19595.0	177695.0	69584.0	0.7994034671783233	0.9006792032034061	0.9999774674792093	0.2813987439289224	0.7186012560710776	0.7186012560710776	HG003	hg38	-1	-2	pangenome_ug	sentpg
Ug1-HG003-20x-7-D0-PF-UG-ULTIMA-pangenome_ug-sentpg-DEL_gt50	DEL_gt50	Ug1-HG003-20x-7-D0-PF-UG-ULTIMA	3088286401.0	3088286263.0	64.0	74.0	1338.0	0.09548387096774194	0.5362318840579711	0.9999995667501953	0.9475920679886686	0.052407932011331426	0.05240793201133145	HG003	hg38	-1	-2	pangenome_ug	sentpg
Ug1-HG003-20x-7-D0-PF-UG-ULTIMA-pangenome_ug-sentpg-Indel_50	Indel_50	Ug1-HG003-20x-7-D0-PF-UG-ULTIMA	3088286401.0	3088098840.0	5012.0	182549.0	116436.0	0.7503874248272516	0.9732780268819211	0.9999622966698906	0.3894375972038731	0.610562402796127	0.610562402796127	HG003	hg38	-1	-2	pangenome_ug	sentpg
Ug1-HG003-20x-7-D0-PF-UG-ULTIMA-pangenome_ug-sentpg-Indel_gt50	Indel_gt50	Ug1-HG003-20x-7-D0-PF-UG-ULTIMA	3088286401.0	3088282706.0	136.0	3559.0	6438.0	0.5198656149576395	0.9631935047361299	0.999997915350636	0.6439931979593878	0.3560068020406122	0.3560068020406122	HG003	hg38	-1	-2	pangenome_ug	sentpg
Ug1-HG003-20x-7-D0-PF-UG-ULTIMA-pangenome_ug-sentpg-All	All	Ug1-HG003-20x-7-D0-PF-UG-ULTIMA	3088286401.0	3084297791.0	79895.0	3908715.0	670576.0	0.9124090019247422	0.9799692123321156	0.9997826311584996	0.14643664270298612	0.8535633572970138	0.8535633572970139	HG003	hg38	-1	-2	pangenome_ug	sentpg
Ug1-HG003-20x-7-D0-PF-UG-ULTIMA-pangenome_ug-sentpg-SNPts	SNPts	Ug1-HG003-20x-7-D0-PF-UG-ULTIMA	688815815.0	688748808.0	3273.0	63734.0	258332.0	0.327619752591416	0.9511543570074769	0.9996250662946686	0.8021088845143542	0.19789111548564575	0.1978911154856458	HG003	hg38_m_giabHC	-1	-2	pangenome_ug	sentpg
Ug1-HG003-20x-7-D0-PF-UG-ULTIMA-pangenome_ug-sentpg-SNPtv	SNPtv	Ug1-HG003-20x-7-D0-PF-UG-ULTIMA	688815815.0	688781542.0	2218.0	32055.0	159053.0	0.28445166185259624	0.9352843346074169	0.9997691339410766	0.8322676183100655	0.16773238168993454	0.16773238168993448	HG003	hg38_m_giabHC	-1	-2	pangenome_ug	sentpg
Ug1-HG003-20x-7-D0-PF-UG-ULTIMA-pangenome_ug-sentpg-INS_50	INS_50	Ug1-HG003-20x-7-D0-PF-UG-ULTIMA	688815815.0	688794316.0	5459.0	16040.0	55153.0	0.3460924351616105	0.7460812130796781	0.9999199346120132	0.7746969505428905	0.22530304945710955	0.22530304945710955	HG003	hg38_m_giabHC	-1	-2	pangenome_ug	sentpg
Ug1-HG003-20x-7-D0-PF-UG-ULTIMA-pangenome_ug-sentpg-INS_gt50	INS_gt50	Ug1-HG003-20x-7-D0-PF-UG-ULTIMA	688815815.0	688815586.0	174.0	55.0	815.0	0.10009099181073705	0.24017467248908297	0.9999988168109836	0.9367816091954023	0.06321839080459768	0.06321839080459771	HG003	hg38_m_giabHC	-1	-2	pangenome_ug	sentpg
Ug1-HG003-20x-7-D0-PF-UG-ULTIMA-pangenome_ug-sentpg-DEL_50	DEL_50	Ug1-HG003-20x-7-D0-PF-UG-ULTIMA	688815815.0	688793930.0	3980.0	17905.0	68548.0	0.33053960752459893	0.8181402787297235	0.999900491023696	0.7928932483545973	0.2071067516454027	0.2071067516454027	HG003	hg38_m_giabHC	-1	-2	pangenome_ug	sentpg
Ug1-HG003-20x-7-D0-PF-UG-ULTIMA-pangenome_ug-sentpg-DEL_gt50	DEL_gt50	Ug1-HG003-20x-7-D0-PF-UG-ULTIMA	688815815.0	688815677.0	64.0	74.0	1337.0	0.09554551323434472	0.5362318840579711	0.9999980589910341	0.9475549255846917	0.052445074415308324	0.05244507441530829	HG003	hg38_m_giabHC	-1	-2	pangenome_ug	sentpg
Ug1-HG003-20x-7-D0-PF-UG-ULTIMA-pangenome_ug-sentpg-Indel_50	Indel_50	Ug1-HG003-20x-7-D0-PF-UG-ULTIMA	688815815.0	688795292.0	1534.0	18989.0	102368.0	0.26767691006484357	0.9252545924085173	0.9998514031822956	0.8435277734288092	0.15647222657119075	0.15647222657119078	HG003	hg38_m_giabHC	-1	-2	pangenome_ug	sentpg
Ug1-HG003-20x-7-D0-PF-UG-ULTIMA-pangenome_ug-sentpg-Indel_gt50	Indel_gt50	Ug1-HG003-20x-7-D0-PF-UG-ULTIMA	688815815.0	688813872.0	129.0	1814.0	6234.0	0.36312681413271947	0.9336078229541945	0.999990949741528	0.7746023856858847	0.2253976143141153	0.2253976143141153	HG003	hg38_m_giabHC	-1	-2	pangenome_ug	sentpg
Ug1-HG003-20x-7-D0-PF-UG-ULTIMA-pangenome_ug-sentpg-All	All	Ug1-HG003-20x-7-D0-PF-UG-ULTIMA	688815815.0	688648318.0	16831.0	150666.0	651840.0	0.3106505856167455	0.8995146181722657	0.9990543452044298	0.8122556093038557	0.18774439069614435	0.18774439069614432	HG003	hg38_m_giabHC	-1	-2	pangenome_ug	sentpg
Ug1-HG003-30x-8-D0-PF-UG-ULTIMA-pangenome_ug-sentpg-SNPts	SNPts	Ug1-HG003-30x-8-D0-PF-UG-ULTIMA	2528531102.0	2526291551.0	6415.0	2233136.0	1486.0	0.9982340870592176	0.9971355865528403	0.9999994117863691	0.0006649894255046267	0.9993350105744954	0.9993350105744954	HG003	giabHC	-1	-2	pangenome_ug	sentpg
Ug1-HG003-30x-8-D0-PF-UG-ULTIMA-pangenome_ug-sentpg-SNPtv	SNPtv	Ug1-HG003-30x-8-D0-PF-UG-ULTIMA	2528531102.0	2527470035.0	5329.0	1055738.0	854.0	0.997080266464053	0.9949776969786074	0.9999996621128244	0.0008082590063146418	0.9991917409936854	0.9991917409936854	HG003	giabHC	-1	-2	pangenome_ug	sentpg
Ug1-HG003-30x-8-D0-PF-UG-ULTIMA-pangenome_ug-sentpg-INS_50	INS_50	Ug1-HG003-30x-8-D0-PF-UG-ULTIMA	2528531102.0	2528361255.0	18881.0	150966.0	557.0	0.9395152005476552	0.888835245838902	0.9999997796992514	0.003676009582703616	0.9963239904172964	0.9963239904172964	HG003	giabHC	-1	-2	pangenome_ug	sentpg
Ug1-HG003-30x-8-D0-PF-UG-ULTIMA-pangenome_ug-sentpg-INS_gt50	INS_gt50	Ug1-HG003-30x-8-D0-PF-UG-ULTIMA	2528531102.0	2528531101.0	0.0	1.0	0.0	1.0	1.0	1.0	0.0	1.0	1.0	HG003	giabHC	-1	-2	pangenome_ug	sentpg
Ug1-HG003-30x-8-D0-PF-UG-ULTIMA-pangenome_ug-sentpg-DEL_50	DEL_50	Ug1-HG003-30x-8-D0-PF-UG-ULTIMA	2528531102.0	2528358491.0	12125.0	160486.0	1003.0	0.9607063753367255	0.9297553458354334	0.9999996033000835	0.006210949352587483	0.9937890506474125	0.9937890506474125	HG003	giabHC	-1	-2	pangenome_ug	sentpg
Ug1-HG003-30x-8-D0-PF-UG-ULTIMA-pangenome_ug-sentpg-DEL_gt50	DEL_gt50	Ug1-HG003-30x-8-D0-PF-UG-ULTIMA	2528531102.0	2528531102.0	0.0	0.0	0.0			1.0				HG003	giabHC	-1	-2	pangenome_ug	sentpg
Ug1-HG003-30x-8-D0-PF-UG-ULTIMA-pangenome_ug-sentpg-Indel_50	Indel_50	Ug1-HG003-30x-8-D0-PF-UG-ULTIMA	2528531102.0	2528357268.0	3193.0	170641.0	13084.0	0.9544774428835522	0.9816319016993224	0.9999948251252078	0.07121513131038236	0.9287848686896176	0.9287848686896176	HG003	giabHC	-1	-2	pangenome_ug	sentpg
Ug1-HG003-30x-8-D0-PF-UG-ULTIMA-pangenome_ug-sentpg-Indel_gt50	Indel_gt50	Ug1-HG003-30x-8-D0-PF-UG-ULTIMA	2528531102.0	2528529443.0	7.0	1652.0	137.0	0.9582366589327146	0.9957805907172996	0.9999999458183123	0.07657909446618222	0.9234209055338178	0.9234209055338177	HG003	giabHC	-1	-2	pangenome_ug	sentpg
Ug1-HG003-30x-8-D0-PF-UG-ULTIMA-pangenome_ug-sentpg-All	All	Ug1-HG003-30x-8-D0-PF-UG-ULTIMA	2528531102.0	2524712532.0	45950.0	3772620.0	17121.0	0.9917102494890129	0.9879666995760193	0.9999932186798774	0.004517722978958192	0.9954822770210419	0.9954822770210419	HG003	giabHC	-1	-2	pangenome_ug	sentpg
Ug1-HG003-30x-8-D0-PF-UG-ULTIMA-pangenome_ug-sentpg-SNPts	SNPts	Ug1-HG003-30x-8-D0-PF-UG-ULTIMA	688815815.0	688748900.0	2513.0	64402.0	262302.0	0.327230138789032	0.9624448927744153	0.999619306624858	0.8028735491454038	0.19712645085459624	0.1971264508545962	HG003	hg38_m_giabHC	-1	-2	pangenome_ug	sentpg
Ug1-HG003-30x-8-D0-PF-UG-ULTIMA-pangenome_ug-sentpg-SNPtv	SNPtv	Ug1-HG003-30x-8-D0-PF-UG-ULTIMA	688815815.0	688781568.0	1751.0	32496.0	162635.0	0.2833401633984079	0.9488714339942185	0.9997639358901754	0.8334657230270947	0.16653427697290535	0.16653427697290538	HG003	hg38_m_giabHC	-1	-2	pangenome_ug	sentpg
Ug1-HG003-30x-8-D0-PF-UG-ULTIMA-pangenome_ug-sentpg-INS_50	INS_50	Ug1-HG003-30x-8-D0-PF-UG-ULTIMA	688815815.0	688794503.0	4996.0	16316.0	56802.0	0.34556814571640365	0.7655780780780781	0.9999175409851332	0.7768538526764955	0.22314614732350446	0.22314614732350446	HG003	hg38_m_giabHC	-1	-2	pangenome_ug	sentpg
Ug1-HG003-30x-8-D0-PF-UG-ULTIMA-pangenome_ug-sentpg-INS_gt50	INS_gt50	Ug1-HG003-30x-8-D0-PF-UG-ULTIMA	688815815.0	688815586.0	170.0	59.0	898.0	0.09949409780775717	0.2576419213973799	0.9999986963145905	0.9383490073145245	0.06165099268547547	0.06165099268547544	HG003	hg38_m_giabHC	-1	-2	pangenome_ug	sentpg
Ug1-HG003-30x-8-D0-PF-UG-ULTIMA-pangenome_ug-sentpg-DEL_50	DEL_50	Ug1-HG003-30x-8-D0-PF-UG-ULTIMA	688815815.0	688794065.0	3549.0	18201.0	70240.0	0.3303536586472579	0.8368275862068966	0.9998980350709273	0.794201784240341	0.20579821575965895	0.20579821575965898	HG003	hg38_m_giabHC	-1	-2	pangenome_ug	sentpg
Ug1-HG003-30x-8-D0-PF-UG-ULTIMA-pangenome_ug-sentpg-DEL_gt50	DEL_gt50	Ug1-HG003-30x-8-D0-PF-UG-ULTIMA	688815815.0	688815677.0	65.0	73.0	1397.0	0.09079601990049753	0.5289855072463768	0.9999979718853484	0.9503401360544218	0.0496598639455782	0.04965986394557823	HG003	hg38_m_giabHC	-1	-2	pangenome_ug	sentpg
Ug1-HG003-30x-8-D0-PF-UG-ULTIMA-pangenome_ug-sentpg-Indel_50	Indel_50	Ug1-HG003-30x-8-D0-PF-UG-ULTIMA	688815815.0	688794874.0	1430.0	19511.0	105052.0	0.26818506707719375	0.9317129076930424	0.9998475076044645	0.8433644019492145	0.15663559805078553	0.15663559805078556	HG003	hg38_m_giabHC	-1	-2	pangenome_ug	sentpg
Ug1-HG003-30x-8-D0-PF-UG-ULTIMA-pangenome_ug-sentpg-Indel_gt50	Indel_gt50	Ug1-HG003-30x-8-D0-PF-UG-ULTIMA	688815815.0	688813940.0	107.0	1768.0	6410.0	0.3517358002586292	0.9429333333333333	0.9999906942354418	0.7838102225483004	0.21618977745169965	0.21618977745169968	HG003	hg38_m_giabHC	-1	-2	pangenome_ug	sentpg
Ug1-HG003-30x-8-D0-PF-UG-ULTIMA-pangenome_ug-sentpg-All	All	Ug1-HG003-30x-8-D0-PF-UG-ULTIMA	688815815.0	688648408.0	14581.0	152826.0	665736.0	0.3100016329113796	0.9129008942278399	0.9990342052229818	0.8132994202027458	0.18670057979725418	0.1867005797972542	HG003	hg38_m_giabHC	-1	-2	pangenome_ug	sentpg
Ug1-HG003-30x-8-D0-PF-UG-ULTIMA-pangenome_ug-sentpg-SNPts	SNPts	Ug1-HG003-30x-8-D0-PF-UG-ULTIMA	3088286401.0	3085979969.0	8928.0	2297504.0	263788.0	0.9439746378389571	0.9961290859648149	0.9999145278141425	0.10299020962857808	0.8970097903714219	0.8970097903714219	HG003	hg38	-1	-2	pangenome_ug	sentpg
Ug1-HG003-30x-8-D0-PF-UG-ULTIMA-pangenome_ug-sentpg-SNPtv	SNPtv	Ug1-HG003-30x-8-D0-PF-UG-ULTIMA	3088286401.0	3087191100.0	7080.0	1088221.0	163489.0	0.9273250104068537	0.9935360234310021	0.9999470456031897	0.1306125220698085	0.8693874779301916	0.8693874779301914	HG003	hg38	-1	-2	pangenome_ug	sentpg
Ug1-HG003-30x-8-D0-PF-UG-ULTIMA-pangenome_ug-sentpg-INS_50	INS_50	Ug1-HG003-30x-8-D0-PF-UG-ULTIMA	3088286401.0	3088095170.0	23878.0	167353.0	57360.0	0.8046900544304042	0.8751353075599667	0.9999814257879289	0.2552589302799571	0.744741069720043	0.744741069720043	HG003	hg38	-1	-2	pangenome_ug	sentpg
Ug1-HG003-30x-8-D0-PF-UG-ULTIMA-pangenome_ug-sentpg-INS_gt50	INS_gt50	Ug1-HG003-30x-8-D0-PF-UG-ULTIMA	3088286401.0	3088286171.0	170.0	60.0	898.0	0.10101010101010102	0.2608695652173913	0.9999997092239226	0.9373695198329853	0.06263048016701467	0.06263048016701461	HG003	hg38	-1	-2	pangenome_ug	sentpg
Ug1-HG003-30x-8-D0-PF-UG-ULTIMA-pangenome_ug-sentpg-DEL_50	DEL_50	Ug1-HG003-30x-8-D0-PF-UG-ULTIMA	3088286401.0	3088092227.0	15664.0	178510.0	71242.0	0.8042331379554251	0.919330085387333	0.9999769306253652	0.2852509689612095	0.7147490310387905	0.7147490310387905	HG003	hg38	-1	-2	pangenome_ug	sentpg
Ug1-HG003-30x-8-D0-PF-UG-ULTIMA-pangenome_ug-sentpg-DEL_gt50	DEL_gt50	Ug1-HG003-30x-8-D0-PF-UG-ULTIMA	3088286401.0	3088286263.0	65.0	73.0	1397.0	0.09079601990049753	0.5289855072463768	0.9999995476457656	0.9503401360544218	0.0496598639455782	0.04965986394557823	HG003	hg38	-1	-2	pangenome_ug	sentpg
Ug1-HG003-30x-8-D0-PF-UG-ULTIMA-pangenome_ug-sentpg-Indel_50	Indel_50	Ug1-HG003-30x-8-D0-PF-UG-ULTIMA	3088286401.0	3088091630.0	4622.0	190149.0	118134.0	0.7559784834232508	0.9762695678514769	0.9999617467694788	0.3831998520839618	0.6168001479160382	0.6168001479160382	HG003	hg38	-1	-2	pangenome_ug	sentpg
Ug1-HG003-30x-8-D0-PF-UG-ULTIMA-pangenome_ug-sentpg-Indel_gt50	Indel_gt50	Ug1-HG003-30x-8-D0-PF-UG-ULTIMA	3088286401.0	3088282870.0	112.0	3419.0	6547.0	0.5066311032081203	0.968280940243557	0.9999978800562007	0.6569335741521172	0.3430664258478828	0.3430664258478828	HG003	hg38	-1	-2	pangenome_ug	sentpg
Ug1-HG003-30x-8-D0-PF-UG-ULTIMA-pangenome_ug-sentpg-All	All	Ug1-HG003-30x-8-D0-PF-UG-ULTIMA	3088286401.0	3084300593.0	60519.0	3925289.0	682855.0	0.9135003313958469	0.9848163785109568	0.9997786519728517	0.14818438833508676	0.8518156116649133	0.8518156116649133	HG003	hg38	-1	-2	pangenome_ug	sentpg
Ug1-HG003-30x-8-D0-PF-UG-ULTIMA-pangenome_ug-sentpg-SNPts	SNPts	Ug1-HG003-30x-8-D0-PF-UG-ULTIMA	377862616.0	377591435.0	1588.0	269593.0	31545.0	0.9421074610488207	0.9941441325166586	0.9999164642999215	0.10475263832528608	0.8952473616747139	0.895247361674714	HG003	clinvar_genes	-1	-2	pangenome_ug	sentpg
Ug1-HG003-30x-8-D0-PF-UG-ULTIMA-pangenome_ug-sentpg-SNPtv	SNPtv	Ug1-HG003-30x-8-D0-PF-UG-ULTIMA	377862616.0	377739527.0	1181.0	121908.0	17781.0	0.9278402301562536	0.9904053164783205	0.9999529300965899	0.12728990829628675	0.8727100917037133	0.8727100917037133	HG003	clinvar_genes	-1	-2	pangenome_ug	sentpg
Ug1-HG003-30x-8-D0-PF-UG-ULTIMA-pangenome_ug-sentpg-INS_50	INS_50	Ug1-HG003-30x-8-D0-PF-UG-ULTIMA	377862616.0	377840464.0	2829.0	19323.0	6361.0	0.8078852746885191	0.8722914409534128	0.9999831651357663	0.24766391527799408	0.752336084722006	0.752336084722006	HG003	clinvar_genes	-1	-2	pangenome_ug	sentpg
Ug1-HG003-30x-8-D0-PF-UG-ULTIMA-pangenome_ug-sentpg-INS_gt50	INS_gt50	Ug1-HG003-30x-8-D0-PF-UG-ULTIMA	377862616.0	377862586.0	20.0	10.0	92.0	0.1515151515151515	0.3333333333333333	0.9999997565253057	0.9019607843137255	0.0980392156862745	0.09803921568627451	HG003	clinvar_genes	-1	-2	pangenome_ug	sentpg
Ug1-HG003-30x-8-D0-PF-UG-ULTIMA-pangenome_ug-sentpg-DEL_50	DEL_50	Ug1-HG003-30x-8-D0-PF-UG-ULTIMA	377862616.0	377840183.0	1797.0	20636.0	7546.0	0.8154104514471995	0.9198947978424642	0.9999800289920493	0.2677595628415301	0.7322404371584699	0.73224043715847	HG003	clinvar_genes	-1	-2	pangenome_ug	sentpg
Ug1-HG003-30x-8-D0-PF-UG-ULTIMA-pangenome_ug-sentpg-DEL_gt50	DEL_gt50	Ug1-HG003-30x-8-D0-PF-UG-ULTIMA	377862616.0	377862598.0	15.0	3.0	173.0	0.030927835051546386	0.16666666666666666	0.999999542161829	0.9829545454545454	0.017045454545454586	0.017045454545454544	HG003	clinvar_genes	-1	-2	pangenome_ug	sentpg
Ug1-HG003-30x-8-D0-PF-UG-ULTIMA-pangenome_ug-sentpg-Indel_50	Indel_50	Ug1-HG003-30x-8-D0-PF-UG-ULTIMA	377862616.0	377841698.0	485.0	20433.0	13146.0	0.7498761399710075	0.976814226981547	0.9999652088620571	0.391494684177611	0.608505315822389	0.608505315822389	HG003	clinvar_genes	-1	-2	pangenome_ug	sentpg
Ug1-HG003-30x-8-D0-PF-UG-ULTIMA-pangenome_ug-sentpg-Indel_gt50	Indel_gt50	Ug1-HG003-30x-8-D0-PF-UG-ULTIMA	377862616.0	377862216.0	12.0	388.0	713.0	0.5169886742171885	0.97	0.9999981130723729	0.6475930971843779	0.35240690281562215	0.35240690281562215	HG003	clinvar_genes	-1	-2	pangenome_ug	sentpg
Ug1-HG003-30x-8-D0-PF-UG-ULTIMA-pangenome_ug-sentpg-All	All	Ug1-HG003-30x-8-D0-PF-UG-ULTIMA	377862616.0	377402395.0	7927.0	452294.0	77357.0	0.9138434060161313	0.9827756664732813	0.9997950698028434	0.14605277815014037	0.8539472218498596	0.8539472218498596	HG003	clinvar_genes	-1	-2	pangenome_ug	sentpg
Ug1-HG003-3x-2-D0-PF-UG-ULTIMA-pangenome_ug-sentpg-SNPts	SNPts	Ug1-HG003-3x-2-D0-PF-UG-ULTIMA	688815815.0	688747998.0	33489.0	34328.0	142613.0	0.2805056423079123	0.5061857646312872	0.9997929816465447	0.8059918277844027	0.1940081722155973	0.1940081722155973	HG003	hg38_m_giabHC	-1	-2	pangenome_ug	sentpg
Ug1-HG003-3x-2-D0-PF-UG-ULTIMA-pangenome_ug-sentpg-SNPtv	SNPtv	Ug1-HG003-3x-2-D0-PF-UG-ULTIMA	688815815.0	688780838.0	17967.0	17010.0	88140.0	0.24277976407116403	0.4863195814392315	0.9998720511406162	0.8382310984308131	0.16176890156918688	0.16176890156918688	HG003	hg38_m_giabHC	-1	-2	pangenome_ug	sentpg
Ug1-HG003-3x-2-D0-PF-UG-ULTIMA-pangenome_ug-sentpg-INS_50	INS_50	Ug1-HG003-3x-2-D0-PF-UG-ULTIMA	688815815.0	688788992.0	16165.0	10658.0	32667.0	0.3038718138792268	0.397345561644857	0.9999525755330525	0.75399884593191	0.24600115406808998	0.24600115406809	HG003	hg38_m_giabHC	-1	-2	pangenome_ug	sentpg
Ug1-HG003-3x-2-D0-PF-UG-ULTIMA-pangenome_ug-sentpg-INS_gt50	INS_gt50	Ug1-HG003-3x-2-D0-PF-UG-ULTIMA	688815815.0	688815577.0	227.0	11.0	352.0	0.036605657237936774	0.046218487394957986	0.999999488978136	0.9696969696969697	0.030303030303030276	0.030303030303030304	HG003	hg38_m_giabHC	-1	-2	pangenome_ug	sentpg
Ug1-HG003-3x-2-D0-PF-UG-ULTIMA-pangenome_ug-sentpg-DEL_50	DEL_50	Ug1-HG003-3x-2-D0-PF-UG-ULTIMA	688815815.0	688788899.0	15288.0	11628.0	40707.0	0.2934474012946209	0.43201069995541685	0.9999409041080037	0.7778159931212382	0.22218400687876183	0.22218400687876183	HG003	hg38_m_giabHC	-1	-2	pangenome_ug	sentpg
Ug1-HG003-3x-2-D0-PF-UG-ULTIMA-pangenome_ug-sentpg-DEL_gt50	DEL_gt50	Ug1-HG003-3x-2-D0-PF-UG-ULTIMA	688815815.0	688815678.0	114.0	23.0	602.0	0.06036745406824147	0.1678832116788321	0.9999991260369165	0.9632	0.036800000000000055	0.0368	HG003	hg38_m_giabHC	-1	-2	pangenome_ug	sentpg
Ug1-HG003-3x-2-D0-PF-UG-ULTIMA-pangenome_ug-sentpg-Indel_50	Indel_50	Ug1-HG003-3x-2-D0-PF-UG-ULTIMA	688815815.0	688805719.0	4580.0	5516.0	28848.0	0.24813315339631128	0.5463549920760697	0.9999581205685922	0.8394831800721686	0.1605168199278314	0.16051681992783146	HG003	hg38_m_giabHC	-1	-2	pangenome_ug	sentpg
Ug1-HG003-3x-2-D0-PF-UG-ULTIMA-pangenome_ug-sentpg-Indel_gt50	Indel_gt50	Ug1-HG003-3x-2-D0-PF-UG-ULTIMA	688815815.0	688814893.0	589.0	333.0	783.0	0.3267909715407262	0.3611713665943601	0.9999988632662884	0.7016129032258065	0.2983870967741935	0.29838709677419356	HG003	hg38_m_giabHC	-1	-2	pangenome_ug	sentpg
Ug1-HG003-3x-2-D0-PF-UG-ULTIMA-pangenome_ug-sentpg-All	All	Ug1-HG003-3x-2-D0-PF-UG-ULTIMA	688815815.0	688647889.0	88419.0	79507.0	334712.0	0.2731518779685474	0.4734645022212165	0.9995141938279513	0.8080556420637393	0.19194435793626075	0.19194435793626077	HG003	hg38_m_giabHC	-1	-2	pangenome_ug	sentpg
Ug1-HG003-3x-2-D0-PF-UG-ULTIMA-pangenome_ug-sentpg-SNPts	SNPts	Ug1-HG003-3x-2-D0-PF-UG-ULTIMA	2528531102.0	2526278138.0	1024768.0	1228196.0	5486.0	0.7045143097406503	0.545146748904998	0.9999978284306845	0.00444685097132	0.99555314902868	0.99555314902868	HG003	giabHC	-1	-2	pangenome_ug	sentpg
Ug1-HG003-3x-2-D0-PF-UG-ULTIMA-pangenome_ug-sentpg-SNPtv	SNPtv	Ug1-HG003-3x-2-D0-PF-UG-ULTIMA	2528531102.0	2527460834.0	490790.0	579478.0	2867.0	0.7012869921754216	0.5414326131398864	0.9999988656612561	0.004923198447655599	0.9950768015523443	0.9950768015523443	HG003	giabHC	-1	-2	pangenome_ug	sentpg
Ug1-HG003-3x-2-D0-PF-UG-ULTIMA-pangenome_ug-sentpg-INS_50	INS_50	Ug1-HG003-3x-2-D0-PF-UG-ULTIMA	2528531102.0	2528309011.0	123724.0	98367.0	2319.0	0.6095043946749614	0.4429130401502087	0.9999990827870079	0.023032000476729635	0.9769679995232704	0.9769679995232704	HG003	giabHC	-1	-2	pangenome_ug	sentpg
Ug1-HG003-3x-2-D0-PF-UG-ULTIMA-pangenome_ug-sentpg-INS_gt50	INS_gt50	Ug1-HG003-3x-2-D0-PF-UG-ULTIMA	2528531102.0	2528531101.0	1.0	0.0	0.0		0.0	1.0				HG003	giabHC	-1	-2	pangenome_ug	sentpg
Ug1-HG003-3x-2-D0-PF-UG-ULTIMA-pangenome_ug-sentpg-DEL_50	DEL_50	Ug1-HG003-3x-2-D0-PF-UG-ULTIMA	2528531102.0	2528300486.0	129663.0	100953.0	2377.0	0.6046067328250675	0.4377536684358414	0.9999990598436466	0.023003967869931287	0.9769960321300687	0.9769960321300687	HG003	giabHC	-1	-2	pangenome_ug	sentpg
Ug1-HG003-3x-2-D0-PF-UG-ULTIMA-pangenome_ug-sentpg-DEL_gt50	DEL_gt50	Ug1-HG003-3x-2-D0-PF-UG-ULTIMA	2528531102.0	2528531102.0	0.0	0.0	3.0			0.9999999988135404	1.0	0.0	0.0	HG003	giabHC	-1	-2	pangenome_ug	sentpg
Ug1-HG003-3x-2-D0-PF-UG-ULTIMA-pangenome_ug-sentpg-Indel_50	Indel_50	Ug1-HG003-3x-2-D0-PF-UG-ULTIMA	2528531102.0	2528477589.0	13729.0	39784.0	4375.0	0.814644934065034	0.7434455179115356	0.9999982697127912	0.09907380149006997	0.90092619850993	0.90092619850993	HG003	giabHC	-1	-2	pangenome_ug	sentpg
Ug1-HG003-3x-2-D0-PF-UG-ULTIMA-pangenome_ug-sentpg-Indel_gt50	Indel_gt50	Ug1-HG003-3x-2-D0-PF-UG-ULTIMA	2528531102.0	2528530701.0	143.0	258.0	15.0	0.7655786350148368	0.6433915211970075	0.9999999940677011	0.054945054945054944	0.945054945054945	0.945054945054945	HG003	giabHC	-1	-2	pangenome_ug	sentpg
Ug1-HG003-3x-2-D0-PF-UG-ULTIMA-pangenome_ug-sentpg-All	All	Ug1-HG003-3x-2-D0-PF-UG-ULTIMA	2528531102.0	2524701248.0	1782818.0	2047036.0	17442.0	0.6945777740378384	0.5344945264232005	0.9999930915075532	0.008448624785539007	0.991551375214461	0.991551375214461	HG003	giabHC	-1	-2	pangenome_ug	sentpg
Ug1-HG003-3x-2-D0-PF-UG-ULTIMA-pangenome_ug-sentpg-SNPts	SNPts	Ug1-HG003-3x-2-D0-PF-UG-ULTIMA	3088286401.0	3085965640.0	1058257.0	1262504.0	148099.0	0.6766983869705556	0.5440043158257141	0.999952011165976	0.10498985185768073	0.8950101481423193	0.8950101481423193	HG003	hg38	-1	-2	pangenome_ug	sentpg
Ug1-HG003-3x-2-D0-PF-UG-ULTIMA-pangenome_ug-sentpg-SNPtv	SNPtv	Ug1-HG003-3x-2-D0-PF-UG-ULTIMA	3088286401.0	3087181159.0	508757.0	596485.0	91007.0	0.6654473000456286	0.5396872359175637	0.9999705218733216	0.13237535854962676	0.8676246414503732	0.8676246414503732	HG003	hg38	-1	-2	pangenome_ug	sentpg
Ug1-HG003-3x-2-D0-PF-UG-ULTIMA-pangenome_ug-sentpg-INS_50	INS_50	Ug1-HG003-3x-2-D0-PF-UG-ULTIMA	3088286401.0	3088037408.0	139919.0	109074.0	34986.0	0.5550091209073585	0.4380605077251168	0.99998867060239	0.24285714285714285	0.7571428571428571	0.7571428571428571	HG003	hg38	-1	-2	pangenome_ug	sentpg
Ug1-HG003-3x-2-D0-PF-UG-ULTIMA-pangenome_ug-sentpg-INS_gt50	INS_gt50	Ug1-HG003-3x-2-D0-PF-UG-ULTIMA	3088286401.0	3088286162.0	228.0	11.0	352.0	0.03654485049833887	0.04602510460251046	0.999999886020938	0.9696969696969697	0.030303030303030276	0.030303030303030304	HG003	hg38	-1	-2	pangenome_ug	sentpg
Ug1-HG003-3x-2-D0-PF-UG-ULTIMA-pangenome_ug-sentpg-DEL_50	DEL_50	Ug1-HG003-3x-2-D0-PF-UG-ULTIMA	3088286401.0	3088029059.0	144864.0	112478.0	43083.0	0.5448156104460369	0.4370759534005331	0.9999860485772292	0.2769524495214096	0.7230475504785904	0.7230475504785904	HG003	hg38	-1	-2	pangenome_ug	sentpg
Ug1-HG003-3x-2-D0-PF-UG-ULTIMA-pangenome_ug-sentpg-DEL_gt50	DEL_gt50	Ug1-HG003-3x-2-D0-PF-UG-ULTIMA	3088286401.0	3088286264.0	114.0	23.0	605.0	0.06013071895424837	0.1678832116788321	0.9999998040985097	0.9633757961783439	0.0366242038216561	0.03662420382165605	HG003	hg38	-1	-2	pangenome_ug	sentpg
Ug1-HG003-3x-2-D0-PF-UG-ULTIMA-pangenome_ug-sentpg-Indel_50	Indel_50	Ug1-HG003-3x-2-D0-PF-UG-ULTIMA	3088286401.0	3088222794.0	18308.0	45299.0	33223.0	0.6374350062267378	0.7121700441775276	0.9999892421483785	0.4231043529202007	0.5768956470797992	0.5768956470797993	HG003	hg38	-1	-2	pangenome_ug	sentpg
Ug1-HG003-3x-2-D0-PF-UG-ULTIMA-pangenome_ug-sentpg-Indel_gt50	Indel_gt50	Ug1-HG003-3x-2-D0-PF-UG-ULTIMA	3088286401.0	3088285080.0	730.0	591.0	798.0	0.43616236162361627	0.4473883421650265	0.9999997416042324	0.5745140388768899	0.4254859611231101	0.42548596112311016	HG003	hg38	-1	-2	pangenome_ug	sentpg
Ug1-HG003-3x-2-D0-PF-UG-ULTIMA-pangenome_ug-sentpg-All	All	Ug1-HG003-3x-2-D0-PF-UG-ULTIMA	3088286401.0	3084288759.0	1871177.0	2126465.0	352153.0	0.656695376652574	0.5319298226304406	0.9998858366305685	0.1420763506115101	0.8579236493884899	0.8579236493884899	HG003	hg38	-1	-2	pangenome_ug	sentpg
Ug1-HG003-3x-2-D0-PF-UG-ULTIMA-pangenome_ug-sentpg-SNPts	SNPts	Ug1-HG003-3x-2-D0-PF-UG-ULTIMA	377862616.0	377589587.0	132082.0	140947.0	18138.0	0.6523602567840895	0.5162345391881449	0.9999519660250594	0.11401452053933432	0.8859854794606656	0.8859854794606656	HG003	clinvar_genes	-1	-2	pangenome_ug	sentpg
Ug1-HG003-3x-2-D0-PF-UG-ULTIMA-pangenome_ug-sentpg-SNPtv	SNPtv	Ug1-HG003-3x-2-D0-PF-UG-ULTIMA	377862616.0	377738416.0	61254.0	62946.0	10220.0	0.6378606244236595	0.5068115942028986	0.9999729449717987	0.13968236612634283	0.8603176338736571	0.8603176338736571	HG003	clinvar_genes	-1	-2	pangenome_ug	sentpg
Ug1-HG003-3x-2-D0-PF-UG-ULTIMA-pangenome_ug-sentpg-INS_50	INS_50	Ug1-HG003-3x-2-D0-PF-UG-ULTIMA	377862616.0	377834242.0	16492.0	11882.0	3878.0	0.5384510807993838	0.41876365686896455	0.9999897363452899	0.24606598984771574	0.7539340101522842	0.7539340101522842	HG003	clinvar_genes	-1	-2	pangenome_ug	sentpg
Ug1-HG003-3x-2-D0-PF-UG-ULTIMA-pangenome_ug-sentpg-INS_gt50	INS_gt50	Ug1-HG003-3x-2-D0-PF-UG-ULTIMA	377862616.0	377862586.0	28.0	2.0	37.0	0.057971014492753624	0.06666666666666667	0.9999999020808152	0.9487179487179487	0.05128205128205132	0.05128205128205128	HG003	clinvar_genes	-1	-2	pangenome_ug	sentpg
Ug1-HG003-3x-2-D0-PF-UG-ULTIMA-pangenome_ug-sentpg-DEL_50	DEL_50	Ug1-HG003-3x-2-D0-PF-UG-ULTIMA	377862616.0	377833266.0	17117.0	12233.0	4641.0	0.5292921426098997	0.41679727427597957	0.9999877169550381	0.27503852080123264	0.7249614791987673	0.7249614791987673	HG003	clinvar_genes	-1	-2	pangenome_ug	sentpg
Ug1-HG003-3x-2-D0-PF-UG-ULTIMA-pangenome_ug-sentpg-DEL_gt50	DEL_gt50	Ug1-HG003-3x-2-D0-PF-UG-ULTIMA	377862616.0	377862598.0	16.0	2.0	76.0	0.041666666666666664	0.1111111111111111	0.9999997988687287	0.9743589743589743	0.02564102564102566	0.02564102564102564	HG003	clinvar_genes	-1	-2	pangenome_ug	sentpg
Ug1-HG003-3x-2-D0-PF-UG-ULTIMA-pangenome_ug-sentpg-Indel_50	Indel_50	Ug1-HG003-3x-2-D0-PF-UG-ULTIMA	377862616.0	377856097.0	1891.0	4628.0	3655.0	0.6253209025807323	0.7099248350974076	0.9999903270989285	0.4412652420620548	0.5587347579379451	0.5587347579379451	HG003	clinvar_genes	-1	-2	pangenome_ug	sentpg
Ug1-HG003-3x-2-D0-PF-UG-ULTIMA-pangenome_ug-sentpg-Indel_gt50	Indel_gt50	Ug1-HG003-3x-2-D0-PF-UG-ULTIMA	377862616.0	377862476.0	74.0	66.0	73.0	0.47311827956989244	0.4714285714285714	0.9999998068080571	0.5251798561151079	0.47482014388489213	0.4748201438848921	HG003	clinvar_genes	-1	-2	pangenome_ug	sentpg
Ug1-HG003-3x-2-D0-PF-UG-ULTIMA-pangenome_ug-sentpg-All	All	Ug1-HG003-3x-2-D0-PF-UG-ULTIMA	377862616.0	377400956.0	228954.0	232706.0	40718.0	0.6331412464425834	0.5040635965862323	0.9998921210804083	0.14891889519573995	0.85108110480426	0.85108110480426	HG003	clinvar_genes	-1	-2	pangenome_ug	sentpg
Ug1-HG003-40x-9-D0-PF-UG-ULTIMA-pangenome_ug-sentpg-SNPts	SNPts	Ug1-HG003-40x-9-D0-PF-UG-ULTIMA	688815815.0	688748821.0	2297.0	64697.0	263639.0	0.32730630106493314	0.965713347463952	0.9996173668615513	0.8029548998586814	0.1970451001413186	0.19704510014131865	HG003	hg38_m_giabHC	-1	-2	pangenome_ug	sentpg
Ug1-HG003-40x-9-D0-PF-UG-ULTIMA-pangenome_ug-sentpg-SNPtv	SNPtv	Ug1-HG003-40x-9-D0-PF-UG-ULTIMA	688815815.0	688781522.0	1623.0	32670.0	164164.0	0.2827017181030343	0.9526725570816201	0.9997617170651679	0.8340225774002459	0.16597742259975412	0.16597742259975412	HG003	hg38_m_giabHC	-1	-2	pangenome_ug	sentpg
Ug1-HG003-40x-9-D0-PF-UG-ULTIMA-pangenome_ug-sentpg-INS_50	INS_50	Ug1-HG003-40x-9-D0-PF-UG-ULTIMA	688815815.0	688794396.0	4746.0	16673.0	58937.0	0.3436704490410084	0.7784210280591998	0.999914441874378	0.7794868403650311	0.22051315963496887	0.22051315963496892	HG003	hg38_m_giabHC	-1	-2	pangenome_ug	sentpg
Ug1-HG003-40x-9-D0-PF-UG-ULTIMA-pangenome_ug-sentpg-INS_gt50	INS_gt50	Ug1-HG003-40x-9-D0-PF-UG-ULTIMA	688815815.0	688815589.0	168.0	58.0	971.0	0.09243027888446215	0.25663716814159293	0.9999985903358654	0.9436345966958212	0.05636540330417883	0.056365403304178816	HG003	hg38_m_giabHC	-1	-2	pangenome_ug	sentpg
Ug1-HG003-40x-9-D0-PF-UG-ULTIMA-pangenome_ug-sentpg-DEL_50	DEL_50	Ug1-HG003-40x-9-D0-PF-UG-ULTIMA	688815815.0	688793924.0	3354.0	18537.0	71990.0	0.32978704477930576	0.8467863505550226	0.9998954949017843	0.7952323616158715	0.20476763838412848	0.20476763838412848	HG003	hg38_m_giabHC	-1	-2	pangenome_ug	sentpg
Ug1-HG003-40x-9-D0-PF-UG-ULTIMA-pangenome_ug-sentpg-DEL_gt50	DEL_gt50	Ug1-HG003-40x-9-D0-PF-UG-ULTIMA	688815815.0	688815677.0	59.0	79.0	1453.0	0.09461077844311377	0.572463768115942	0.9999978905867222	0.9484334203655352	0.05156657963446476	0.05156657963446475	HG003	hg38_m_giabHC	-1	-2	pangenome_ug	sentpg
Ug1-HG003-40x-9-D0-PF-UG-ULTIMA-pangenome_ug-sentpg-Indel_50	Indel_50	Ug1-HG003-40x-9-D0-PF-UG-ULTIMA	688815815.0	688795134.0	1376.0	19305.0	102780.0	0.2704425423420142	0.9334654997340555	0.9998508051804029	0.8418724659049023	0.15812753409509772	0.15812753409509767	HG003	hg38_m_giabHC	-1	-2	pangenome_ug	sentpg
Ug1-HG003-40x-9-D0-PF-UG-ULTIMA-pangenome_ug-sentpg-Indel_gt50	Indel_gt50	Ug1-HG003-40x-9-D0-PF-UG-ULTIMA	688815815.0	688814008.0	111.0	1696.0	6000.0	0.35693991371145956	0.9385722191477587	0.999991289451627	0.7796257796257796	0.2203742203742204	0.2203742203742204	HG003	hg38_m_giabHC	-1	-2	pangenome_ug	sentpg
Ug1-HG003-40x-9-D0-PF-UG-ULTIMA-pangenome_ug-sentpg-All	All	Ug1-HG003-40x-9-D0-PF-UG-ULTIMA	688815815.0	688648366.0	13734.0	153715.0	669934.0	0.3101913231587593	0.9179809971991472	0.9990281209711102	0.8133731723100496	0.18662682768995043	0.18662682768995045	HG003	hg38_m_giabHC	-1	-2	pangenome_ug	sentpg
Ug1-HG003-40x-9-D0-PF-UG-ULTIMA-pangenome_ug-sentpg-SNPts	SNPts	Ug1-HG003-40x-9-D0-PF-UG-ULTIMA	2528531102.0	2526292403.0	5356.0	2233343.0	1261.0	0.9985207798353923	0.9976075390215478	0.9999995008497952	0.0005643058009383318	0.9994356941990616	0.9994356941990616	HG003	giabHC	-1	-2	pangenome_ug	sentpg
Ug1-HG003-40x-9-D0-PF-UG-ULTIMA-pangenome_ug-sentpg-SNPtv	SNPtv	Ug1-HG003-40x-9-D0-PF-UG-ULTIMA	2528531102.0	2527469689.0	4404.0	1057009.0	690.0	0.9975961629210726	0.9958508139621429	0.9999997269997679	0.0006523595087071086	0.9993476404912929	0.9993476404912929	HG003	giabHC	-1	-2	pangenome_ug	sentpg
Ug1-HG003-40x-9-D0-PF-UG-ULTIMA-pangenome_ug-sentpg-INS_50	INS_50	Ug1-HG003-40x-9-D0-PF-UG-ULTIMA	2528531102.0	2528358388.0	17427.0	155287.0	584.0	0.9451861770926853	0.8990990886668133	0.9999997690201405	0.0037466879663311326	0.9962533120336688	0.9962533120336688	HG003	giabHC	-1	-2	pangenome_ug	sentpg
Ug1-HG003-40x-9-D0-PF-UG-ULTIMA-pangenome_ug-sentpg-INS_gt50	INS_gt50	Ug1-HG003-40x-9-D0-PF-UG-ULTIMA	2528531102.0	2528531101.0	0.0	1.0	0.0	1.0	1.0	1.0	0.0	1.0	1.0	HG003	giabHC	-1	-2	pangenome_ug	sentpg
Ug1-HG003-40x-9-D0-PF-UG-ULTIMA-pangenome_ug-sentpg-DEL_50	DEL_50	Ug1-HG003-40x-9-D0-PF-UG-ULTIMA	2528531102.0	2528355498.0	11042.0	164562.0	1378.0	0.963635724826084	0.937119883373955	0.9999994549820032	0.008304206339640834	0.9916957936603592	0.9916957936603592	HG003	giabHC	-1	-2	pangenome_ug	sentpg
Ug1-HG003-40x-9-D0-PF-UG-ULTIMA-pangenome_ug-sentpg-DEL_gt50	DEL_gt50	Ug1-HG003-40x-9-D0-PF-UG-ULTIMA	2528531102.0	2528531102.0	0.0	0.0	0.0			1.0				HG003	giabHC	-1	-2	pangenome_ug	sentpg
Ug1-HG003-40x-9-D0-PF-UG-ULTIMA-pangenome_ug-sentpg-Indel_50	Indel_50	Ug1-HG003-40x-9-D0-PF-UG-ULTIMA	2528531102.0	2528363654.0	3047.0	164401.0	11343.0	0.9580701181845731	0.9818033061009985	0.9999955137192807	0.06454274399126002	0.93545725600874	0.93545725600874	HG003	giabHC	-1	-2	pangenome_ug	sentpg
Ug1-HG003-40x-9-D0-PF-UG-ULTIMA-pangenome_ug-sentpg-Indel_gt50	Indel_gt50	Ug1-HG003-40x-9-D0-PF-UG-ULTIMA	2528531102.0	2528529590.0	6.0	1506.0	97.0	0.9669341894060994	0.996031746031746	0.9999999616377848	0.06051154086088584	0.9394884591391142	0.9394884591391142	HG003	giabHC	-1	-2	pangenome_ug	sentpg
Ug1-HG003-40x-9-D0-PF-UG-ULTIMA-pangenome_ug-sentpg-All	All	Ug1-HG003-40x-9-D0-PF-UG-ULTIMA	2528531102.0	2524713711.0	41282.0	3776109.0	15353.0	0.9925566967846533	0.9891858077938571	0.9999939189514555	0.00404936143366332	0.9959506385663367	0.9959506385663367	HG003	giabHC	-1	-2	pangenome_ug	sentpg
Ug1-HG003-40x-9-D0-PF-UG-ULTIMA-pangenome_ug-sentpg-SNPts	SNPts	Ug1-HG003-40x-9-D0-PF-UG-ULTIMA	3088286401.0	3085980743.0	7653.0	2298005.0	264900.0	0.9440177728007216	0.9966807739916328	0.9999141675580487	0.10335927394889784	0.8966407260511021	0.8966407260511021	HG003	hg38	-1	-2	pangenome_ug	sentpg
Ug1-HG003-40x-9-D0-PF-UG-ULTIMA-pangenome_ug-sentpg-SNPtv	SNPtv	Ug1-HG003-40x-9-D0-PF-UG-ULTIMA	3088286401.0	3087190708.0	6027.0	1089666.0	164854.0	0.9272912710464967	0.9944993716305571	0.9999466034939322	0.1314080285686956	0.8685919714313044	0.8685919714313044	HG003	hg38	-1	-2	pangenome_ug	sentpg
Ug1-HG003-40x-9-D0-PF-UG-ULTIMA-pangenome_ug-sentpg-INS_50	INS_50	Ug1-HG003-40x-9-D0-PF-UG-ULTIMA	3088286401.0	3088092199.0	22174.0	172028.0	59522.0	0.808113643623518	0.885819919465299	0.9999807256879267	0.257058950550637	0.742941049449363	0.742941049449363	HG003	hg38	-1	-2	pangenome_ug	sentpg
Ug1-HG003-40x-9-D0-PF-UG-ULTIMA-pangenome_ug-sentpg-INS_gt50	INS_gt50	Ug1-HG003-40x-9-D0-PF-UG-ULTIMA	3088286401.0	3088286174.0	168.0	59.0	971.0	0.09387430389817025	0.2599118942731278	0.9999996855862313	0.9427184466019417	0.057281553398058294	0.05728155339805825	HG003	hg38	-1	-2	pangenome_ug	sentpg
Ug1-HG003-40x-9-D0-PF-UG-ULTIMA-pangenome_ug-sentpg-DEL_50	DEL_50	Ug1-HG003-40x-9-D0-PF-UG-ULTIMA	3088286401.0	3088089096.0	14386.0	182919.0	73365.0	0.8065407229893141	0.9270875041179899	0.9999762431540029	0.2862644566184389	0.7137355433815611	0.7137355433815611	HG003	hg38	-1	-2	pangenome_ug	sentpg
Ug1-HG003-40x-9-D0-PF-UG-ULTIMA-pangenome_ug-sentpg-DEL_gt50	DEL_gt50	Ug1-HG003-40x-9-D0-PF-UG-ULTIMA	3088286401.0	3088286263.0	59.0	79.0	1453.0	0.09461077844311377	0.572463768115942	0.9999995295127483	0.9484334203655352	0.05156657963446476	0.05156657963446475	HG003	hg38	-1	-2	pangenome_ug	sentpg
Ug1-HG003-40x-9-D0-PF-UG-ULTIMA-pangenome_ug-sentpg-Indel_50	Indel_50	Ug1-HG003-40x-9-D0-PF-UG-ULTIMA	3088286401.0	3088098274.0	4422.0	183705.0	114122.0	0.7560592154813006	0.9764946020507423	0.9999630459355231	0.38318218294513257	0.6168178170548675	0.6168178170548674	HG003	hg38	-1	-2	pangenome_ug	sentpg
Ug1-HG003-40x-9-D0-PF-UG-ULTIMA-pangenome_ug-sentpg-Indel_gt50	Indel_gt50	Ug1-HG003-40x-9-D0-PF-UG-ULTIMA	3088286401.0	3088283084.0	115.0	3202.0	6097.0	0.5076093849080533	0.965330117576123	0.9999980257677819	0.6556618991289386	0.3443381008710614	0.3443381008710614	HG003	hg38	-1	-2	pangenome_ug	sentpg
Ug1-HG003-40x-9-D0-PF-UG-ULTIMA-pangenome_ug-sentpg-All	All	Ug1-HG003-40x-9-D0-PF-UG-ULTIMA	3088286401.0	3084301734.0	55004.0	3929663.0	685284.0	0.9139161362358823	0.9861960861472239	0.9997778648675014	0.148492279542972	0.851507720457028	0.851507720457028	HG003	hg38	-1	-2	pangenome_ug	sentpg
Ug1-HG003-40x-9-D0-PF-UG-ULTIMA-pangenome_ug-sentpg-SNPts	SNPts	Ug1-HG003-40x-9-D0-PF-UG-ULTIMA	377862616.0	377591575.0	1311.0	269730.0	31600.0	0.9425005809169228	0.9951630934065326	0.9999163186952178	0.10486841668602528	0.8951315833139747	0.8951315833139747	HG003	clinvar_genes	-1	-2	pangenome_ug	sentpg
Ug1-HG003-40x-9-D0-PF-UG-ULTIMA-pangenome_ug-sentpg-SNPtv	SNPtv	Ug1-HG003-40x-9-D0-PF-UG-ULTIMA	377862616.0	377739548.0	963.0	122105.0	17864.0	0.928424518223672	0.9921750576916827	0.9999527103918215	0.12762826054340604	0.872371739456594	0.872371739456594	HG003	clinvar_genes	-1	-2	pangenome_ug	sentpg
Ug1-HG003-40x-9-D0-PF-UG-ULTIMA-pangenome_ug-sentpg-INS_50	INS_50	Ug1-HG003-40x-9-D0-PF-UG-ULTIMA	377862616.0	377840226.0	2607.0	19783.0	6579.0	0.8115769609451919	0.8835640911121037	0.9999825881814721	0.24956376602685684	0.7504362339731432	0.7504362339731432	HG003	clinvar_genes	-1	-2	pangenome_ug	sentpg
Ug1-HG003-40x-9-D0-PF-UG-ULTIMA-pangenome_ug-sentpg-INS_gt50	INS_gt50	Ug1-HG003-40x-9-D0-PF-UG-ULTIMA	377862616.0	377862587.0	19.0	10.0	111.0	0.13333333333333333	0.3448275862068966	0.999999706242504	0.9173553719008265	0.0826446280991735	0.08264462809917356	HG003	clinvar_genes	-1	-2	pangenome_ug	sentpg
Ug1-HG003-40x-9-D0-PF-UG-ULTIMA-pangenome_ug-sentpg-DEL_50	DEL_50	Ug1-HG003-40x-9-D0-PF-UG-ULTIMA	377862616.0	377839895.0	1638.0	21083.0	7799.0	0.8171230354824333	0.9279081026363276	0.9999793594082382	0.270029776331279	0.729970223668721	0.729970223668721	HG003	clinvar_genes	-1	-2	pangenome_ug	sentpg
Ug1-HG003-40x-9-D0-PF-UG-ULTIMA-pangenome_ug-sentpg-DEL_gt50	DEL_gt50	Ug1-HG003-40x-9-D0-PF-UG-ULTIMA	377862616.0	377862598.0	14.0	4.0	184.0	0.03883495145631068	0.2222222222222222	0.9999995130507455	0.9787234042553191	0.021276595744680882	0.02127659574468085	HG003	clinvar_genes	-1	-2	pangenome_ug	sentpg
Ug1-HG003-40x-9-D0-PF-UG-ULTIMA-pangenome_ug-sentpg-Indel_50	Indel_50	Ug1-HG003-40x-9-D0-PF-UG-ULTIMA	377862616.0	377842254.0	472.0	19890.0	12668.0	0.7517006802721089	0.9768195658579707	0.9999664739050296	0.38909023895816697	0.610909761041833	0.610909761041833	HG003	clinvar_genes	-1	-2	pangenome_ug	sentpg
Ug1-HG003-40x-9-D0-PF-UG-ULTIMA-pangenome_ug-sentpg-Indel_gt50	Indel_gt50	Ug1-HG003-40x-9-D0-PF-UG-ULTIMA	377862616.0	377862232.0	14.0	370.0	663.0	0.5222300635144672	0.9635416666666666	0.9999982453953304	0.6418199419167473	0.3581800580832527	0.35818005808325265	HG003	clinvar_genes	-1	-2	pangenome_ug	sentpg
Ug1-HG003-40x-9-D0-PF-UG-ULTIMA-pangenome_ug-sentpg-All	All	Ug1-HG003-40x-9-D0-PF-UG-ULTIMA	377862616.0	377402603.0	7038.0	452975.0	77468.0	0.9146797030862551	0.9847004323790849	0.9997947759207664	0.14604396702378955	0.8539560329762105	0.8539560329762105	HG003	clinvar_genes	-1	-2	pangenome_ug	sentpg
Ug1-HG003-50x-10-D0-PF-UG-ULTIMA-pangenome_ug-sentpg-SNPts	SNPts	Ug1-HG003-50x-10-D0-PF-UG-ULTIMA	377862616.0	377591350.0	1217.0	270049.0	31564.0	0.9427784924914336	0.9955136286891834	0.9999164139705781	0.10465066160941339	0.8953493383905866	0.8953493383905866	HG003	clinvar_genes	-1	-2	pangenome_ug	sentpg
Ug1-HG003-50x-10-D0-PF-UG-ULTIMA-pangenome_ug-sentpg-SNPtv	SNPtv	Ug1-HG003-50x-10-D0-PF-UG-ULTIMA	377862616.0	377739383.0	904.0	122329.0	17925.0	0.9285391689153545	0.9926643025812891	0.9999525488994643	0.12780384160166555	0.8721961583983344	0.8721961583983344	HG003	clinvar_genes	-1	-2	pangenome_ug	sentpg
Ug1-HG003-50x-10-D0-PF-UG-ULTIMA-pangenome_ug-sentpg-INS_50	INS_50	Ug1-HG003-50x-10-D0-PF-UG-ULTIMA	377862616.0	377839414.0	2500.0	20702.0	6917.0	0.8147025835776549	0.8922506680458581	0.9999816936160748	0.2504435352474746	0.7495564647525255	0.7495564647525255	HG003	clinvar_genes	-1	-2	pangenome_ug	sentpg
Ug1-HG003-50x-10-D0-PF-UG-ULTIMA-pangenome_ug-sentpg-INS_gt50	INS_gt50	Ug1-HG003-50x-10-D0-PF-UG-ULTIMA	377862616.0	377862586.0	19.0	11.0	114.0	0.14193548387096774	0.36666666666666664	0.9999996983031137	0.912	0.08799999999999997	0.088	HG003	clinvar_genes	-1	-2	pangenome_ug	sentpg
Ug1-HG003-50x-10-D0-PF-UG-ULTIMA-pangenome_ug-sentpg-DEL_50	DEL_50	Ug1-HG003-50x-10-D0-PF-UG-ULTIMA	377862616.0	377839166.0	1549.0	21901.0	8098.0	0.8195101872813335	0.9339445628997868	0.9999785680597121	0.269942331411047	0.730057668588953	0.7300576685889529	HG003	clinvar_genes	-1	-2	pangenome_ug	sentpg
Ug1-HG003-50x-10-D0-PF-UG-ULTIMA-pangenome_ug-sentpg-DEL_gt50	DEL_gt50	Ug1-HG003-50x-10-D0-PF-UG-ULTIMA	377862616.0	377862599.0	13.0	4.0	185.0	0.038834951456310676	0.23529411764705882	0.9999995104042847	0.9788359788359788	0.021164021164021163	0.021164021164021163	HG003	clinvar_genes	-1	-2	pangenome_ug	sentpg
Ug1-HG003-50x-10-D0-PF-UG-ULTIMA-pangenome_ug-sentpg-Indel_50	Indel_50	Ug1-HG003-50x-10-D0-PF-UG-ULTIMA	377862616.0	377844031.0	462.0	18123.0	11827.0	0.7468012774286599	0.9751412429378531	0.9999686997045313	0.3948914858096828	0.6051085141903172	0.6051085141903172	HG003	clinvar_genes	-1	-2	pangenome_ug	sentpg
Ug1-HG003-50x-10-D0-PF-UG-ULTIMA-pangenome_ug-sentpg-Indel_gt50	Indel_gt50	Ug1-HG003-50x-10-D0-PF-UG-ULTIMA	377862616.0	377862287.0	17.0	312.0	620.0	0.49484536082474223	0.9483282674772037	0.9999983591932722	0.6652360515021459	0.33476394849785407	0.33476394849785407	HG003	clinvar_genes	-1	-2	pangenome_ug	sentpg
Ug1-HG003-50x-10-D0-PF-UG-ULTIMA-pangenome_ug-sentpg-All	All	Ug1-HG003-50x-10-D0-PF-UG-ULTIMA	377862616.0	377402504.0	6681.0	453431.0	77250.0	0.915289066434664	0.9854796223528185	0.9997953532628402	0.14556767624995054	0.8544323237500495	0.8544323237500495	HG003	clinvar_genes	-1	-2	pangenome_ug	sentpg
Ug1-HG003-50x-10-D0-PF-UG-ULTIMA-pangenome_ug-sentpg-SNPts	SNPts	Ug1-HG003-50x-10-D0-PF-UG-ULTIMA	2528531102.0	2526290467.0	4993.0	2235642.0	1148.0	0.9986284527379018	0.9977716138505379	0.999999545578985	0.0005132354847795278	0.9994867645152204	0.9994867645152204	HG003	giabHC	-1	-2	pangenome_ug	sentpg
Ug1-HG003-50x-10-D0-PF-UG-ULTIMA-pangenome_ug-sentpg-SNPtv	SNPtv	Ug1-HG003-50x-10-D0-PF-UG-ULTIMA	2528531102.0	2527468004.0	4128.0	1058970.0	612.0	0.9977669738255412	0.996117008968129	0.9999997578604949	0.0005775862557121582	0.9994224137442879	0.9994224137442879	HG003	giabHC	-1	-2	pangenome_ug	sentpg
Ug1-HG003-50x-10-D0-PF-UG-ULTIMA-pangenome_ug-sentpg-INS_50	INS_50	Ug1-HG003-50x-10-D0-PF-UG-ULTIMA	2528531102.0	2528351330.0	16542.0	163230.0	764.0	0.9496576159364218	0.907983445697884	0.9999996978268961	0.0046587070258668	0.9953412929741332	0.9953412929741332	HG003	giabHC	-1	-2	pangenome_ug	sentpg
Ug1-HG003-50x-10-D0-PF-UG-ULTIMA-pangenome_ug-sentpg-INS_gt50	INS_gt50	Ug1-HG003-50x-10-D0-PF-UG-ULTIMA	2528531102.0	2528531101.0	0.0	1.0	0.0	1.0	1.0	1.0	0.0	1.0	1.0	HG003	giabHC	-1	-2	pangenome_ug	sentpg
Ug1-HG003-50x-10-D0-PF-UG-ULTIMA-pangenome_ug-sentpg-DEL_50	DEL_50	Ug1-HG003-50x-10-D0-PF-UG-ULTIMA	2528531102.0	2528349027.0	10471.0	171604.0	1904.0	0.9651979987794692	0.9424907318412742	0.9999992469399811	0.010973557415220048	0.9890264425847799	0.98902644258478	HG003	giabHC	-1	-2	pangenome_ug	sentpg
Ug1-HG003-50x-10-D0-PF-UG-ULTIMA-pangenome_ug-sentpg-DEL_gt50	DEL_gt50	Ug1-HG003-50x-10-D0-PF-UG-ULTIMA	2528531102.0	2528531102.0	0.0	0.0	0.0			1.0				HG003	giabHC	-1	-2	pangenome_ug	sentpg
Ug1-HG003-50x-10-D0-PF-UG-ULTIMA-pangenome_ug-sentpg-Indel_50	Indel_50	Ug1-HG003-50x-10-D0-PF-UG-ULTIMA	2528531102.0	2528379243.0	2995.0	148864.0	9491.0	0.9597503658764596	0.9802777576567737	0.9999962462259572	0.059934956269142116	0.9400650437308579	0.9400650437308579	HG003	giabHC	-1	-2	pangenome_ug	sentpg
Ug1-HG003-50x-10-D0-PF-UG-ULTIMA-pangenome_ug-sentpg-Indel_gt50	Indel_gt50	Ug1-HG003-50x-10-D0-PF-UG-ULTIMA	2528531102.0	2528529806.0	5.0	1291.0	70.0	0.97177267595032	0.996141975308642	0.9999999723159293	0.05143277002204261	0.9485672299779574	0.9485672299779574	HG003	giabHC	-1	-2	pangenome_ug	sentpg
Ug1-HG003-50x-10-D0-PF-UG-ULTIMA-pangenome_ug-sentpg-All	All	Ug1-HG003-50x-10-D0-PF-UG-ULTIMA	2528531102.0	2524712366.0	39134.0	3779602.0	13989.0	0.9930214506024243	0.9897521064561677	0.9999944592015003	0.003687535108555456	0.9963124648914445	0.9963124648914445	HG003	giabHC	-1	-2	pangenome_ug	sentpg
Ug1-HG003-50x-10-D0-PF-UG-ULTIMA-pangenome_ug-sentpg-SNPts	SNPts	Ug1-HG003-50x-10-D0-PF-UG-ULTIMA	688815815.0	688748691.0	2225.0	64899.0	264412.0	0.32741306897725986	0.9668523925868542	0.9996162453241474	0.802924894704398	0.19707510529560202	0.19707510529560204	HG003	hg38_m_giabHC	-1	-2	pangenome_ug	sentpg
Ug1-HG003-50x-10-D0-PF-UG-ULTIMA-pangenome_ug-sentpg-SNPtv	SNPtv	Ug1-HG003-50x-10-D0-PF-UG-ULTIMA	688815815.0	688781404.0	1562.0	32849.0	164909.0	0.2829749019033549	0.9546075382871756	0.9997606359205525	0.8338929398557833	0.16610706014421672	0.16610706014421667	HG003	hg38_m_giabHC	-1	-2	pangenome_ug	sentpg
Ug1-HG003-50x-10-D0-PF-UG-ULTIMA-pangenome_ug-sentpg-INS_50	INS_50	Ug1-HG003-50x-10-D0-PF-UG-ULTIMA	688815815.0	688793886.0	4597.0	17332.0	61774.0	0.34308902855446133	0.7903689178713119	0.9999103237389383	0.7809015751017622	0.21909842489823783	0.2190984248982378	HG003	hg38_m_giabHC	-1	-2	pangenome_ug	sentpg
Ug1-HG003-50x-10-D0-PF-UG-ULTIMA-pangenome_ug-sentpg-INS_gt50	INS_gt50	Ug1-HG003-50x-10-D0-PF-UG-ULTIMA	688815815.0	688815583.0	168.0	64.0	1016.0	0.09756097560975611	0.27586206896551724	0.999998525006509	0.9407407407407408	0.059259259259259234	0.05925925925925926	HG003	hg38_m_giabHC	-1	-2	pangenome_ug	sentpg
Ug1-HG003-50x-10-D0-PF-UG-ULTIMA-pangenome_ug-sentpg-DEL_50	DEL_50	Ug1-HG003-50x-10-D0-PF-UG-ULTIMA	688815815.0	688793586.0	3222.0	19007.0	74104.0	0.3295821050806311	0.8550542084664178	0.9998924263671011	0.7958672981710002	0.20413270182899979	0.20413270182899979	HG003	hg38_m_giabHC	-1	-2	pangenome_ug	sentpg
Ug1-HG003-50x-10-D0-PF-UG-ULTIMA-pangenome_ug-sentpg-DEL_gt50	DEL_gt50	Ug1-HG003-50x-10-D0-PF-UG-ULTIMA	688815815.0	688815678.0	62.0	75.0	1482.0	0.0885478158205431	0.5474452554744526	0.9999978484856562	0.9518304431599229	0.048169556840077066	0.04816955684007707	HG003	hg38_m_giabHC	-1	-2	pangenome_ug	sentpg
Ug1-HG003-50x-10-D0-PF-UG-ULTIMA-pangenome_ug-sentpg-Indel_50	Indel_50	Ug1-HG003-50x-10-D0-PF-UG-ULTIMA	688815815.0	688795979.0	1361.0	18475.0	97971.0	0.27112898255088713	0.931387376487195	0.999857785077079	0.8413427683217972	0.15865723167820278	0.15865723167820278	HG003	hg38_m_giabHC	-1	-2	pangenome_ug	sentpg
Ug1-HG003-50x-10-D0-PF-UG-ULTIMA-pangenome_ug-sentpg-Indel_gt50	Indel_gt50	Ug1-HG003-50x-10-D0-PF-UG-ULTIMA	688815815.0	688814163.0	106.0	1546.0	5556.0	0.3532099611606123	0.9358353510895884	0.9999919340288225	0.7823148408898901	0.21768515911010988	0.21768515911010983	HG003	hg38_m_giabHC	-1	-2	pangenome_ug	sentpg
Ug1-HG003-50x-10-D0-PF-UG-ULTIMA-pangenome_ug-sentpg-All	All	Ug1-HG003-50x-10-D0-PF-UG-ULTIMA	688815815.0	688648265.0	13303.0	154247.0	671224.0	0.31066211087177414	0.9206028051327961	0.9990262512366018	0.8131406191132093	0.18685938088679066	0.1868593808867907	HG003	hg38_m_giabHC	-1	-2	pangenome_ug	sentpg
Ug1-HG003-50x-10-D0-PF-UG-ULTIMA-pangenome_ug-sentpg-SNPts	SNPts	Ug1-HG003-50x-10-D0-PF-UG-ULTIMA	3088286401.0	3085978677.0	7218.0	2300506.0	265560.0	0.9440316468292642	0.9968722429545301	0.9999139536667849	0.10348915421505137	0.8965108457849487	0.8965108457849487	HG003	hg38	-1	-2	pangenome_ug	sentpg
Ug1-HG003-50x-10-D0-PF-UG-ULTIMA-pangenome_ug-sentpg-SNPtv	SNPtv	Ug1-HG003-50x-10-D0-PF-UG-ULTIMA	3088286401.0	3087188905.0	5690.0	1091806.0	165521.0	0.927293473861942	0.9948154708536523	0.9999463874317098	0.13164514879581843	0.8683548512041815	0.8683548512041815	HG003	hg38	-1	-2	pangenome_ug	sentpg
Ug1-HG003-50x-10-D0-PF-UG-ULTIMA-pangenome_ug-sentpg-INS_50	INS_50	Ug1-HG003-50x-10-D0-PF-UG-ULTIMA	3088286401.0	3088084627.0	21140.0	180634.0	62539.0	0.8119349046066161	0.8952293159673694	0.9999797486982847	0.257179045370991	0.742820954629009	0.742820954629009	HG003	hg38	-1	-2	pangenome_ug	sentpg
Ug1-HG003-50x-10-D0-PF-UG-ULTIMA-pangenome_ug-sentpg-INS_gt50	INS_gt50	Ug1-HG003-50x-10-D0-PF-UG-ULTIMA	3088286401.0	3088286168.0	168.0	65.0	1016.0	0.0989345509893455	0.27896995708154504	0.9999996710150516	0.9398704902867715	0.0601295097132285	0.060129509713228495	HG003	hg38	-1	-2	pangenome_ug	sentpg
Ug1-HG003-50x-10-D0-PF-UG-ULTIMA-pangenome_ug-sentpg-DEL_50	DEL_50	Ug1-HG003-50x-10-D0-PF-UG-ULTIMA	3088286401.0	3088082291.0	13683.0	190427.0	76005.0	0.8093942729873209	0.9329626181960707	0.9999753882435047	0.28526978741292336	0.7147302125870767	0.7147302125870766	HG003	hg38	-1	-2	pangenome_ug	sentpg
Ug1-HG003-50x-10-D0-PF-UG-ULTIMA-pangenome_ug-sentpg-DEL_gt50	DEL_gt50	Ug1-HG003-50x-10-D0-PF-UG-ULTIMA	3088286401.0	3088286264.0	62.0	75.0	1482.0	0.0885478158205431	0.5474452554744526	0.9999995201224362	0.9518304431599229	0.048169556840077066	0.04816955684007707	HG003	hg38	-1	-2	pangenome_ug	sentpg
Ug1-HG003-50x-10-D0-PF-UG-ULTIMA-pangenome_ug-sentpg-Indel_50	Indel_50	Ug1-HG003-50x-10-D0-PF-UG-ULTIMA	3088286401.0	3088114709.0	4355.0	167337.0	107462.0	0.7495649408386732	0.9746348111734967	0.9999652026330847	0.39105673601432317	0.6089432639856769	0.6089432639856768	HG003	hg38	-1	-2	pangenome_ug	sentpg
Ug1-HG003-50x-10-D0-PF-UG-ULTIMA-pangenome_ug-sentpg-Indel_gt50	Indel_gt50	Ug1-HG003-50x-10-D0-PF-UG-ULTIMA	3088286401.0	3088283454.0	109.0	2838.0	5626.0	0.497414775216896	0.9630132337970818	0.9999981782793468	0.6646975425330813	0.33530245746691867	0.3353024574669187	HG003	hg38	-1	-2	pangenome_ug	sentpg
Ug1-HG003-50x-10-D0-PF-UG-ULTIMA-pangenome_ug-sentpg-All	All	Ug1-HG003-50x-10-D0-PF-UG-ULTIMA	3088286401.0	3084300288.0	52425.0	3933688.0	685211.0	0.9142783298849555	0.9868480898559574	0.9997778884211216	0.14834942266544474	0.8516505773345553	0.8516505773345553	HG003	hg38	-1	-2	pangenome_ug	sentpg
Ug1-HG003-5x-3-D0-PF-UG-ULTIMA-pangenome_ug-sentpg-SNPts	SNPts	Ug1-HG003-5x-3-D0-PF-UG-ULTIMA	688815815.0	688748163.0	20025.0	47627.0	190175.0	0.3118440092452546	0.703999881747768	0.9997239593305954	0.7997199350720348	0.20028006492796524	0.2002800649279653	HG003	hg38_m_giabHC	-1	-2	pangenome_ug	sentpg
Ug1-HG003-5x-3-D0-PF-UG-ULTIMA-pangenome_ug-sentpg-SNPtv	SNPtv	Ug1-HG003-5x-3-D0-PF-UG-ULTIMA	688815815.0	688780981.0	10965.0	23869.0	116218.0	0.2729117715997507	0.685221335476833	0.9998312984866702	0.8296130261908671	0.17038697380913292	0.1703869738091329	HG003	hg38_m_giabHC	-1	-2	pangenome_ug	sentpg
Ug1-HG003-5x-3-D0-PF-UG-ULTIMA-pangenome_ug-sentpg-INS_50	INS_50	Ug1-HG003-5x-3-D0-PF-UG-ULTIMA	688815815.0	688790264.0	11923.0	13628.0	42965.0	0.33180755746007007	0.5333646432624947	0.9999376264120383	0.7591928330358878	0.2408071669641122	0.24080716696411217	HG003	hg38_m_giabHC	-1	-2	pangenome_ug	sentpg
Ug1-HG003-5x-3-D0-PF-UG-ULTIMA-pangenome_ug-sentpg-INS_gt50	INS_gt50	Ug1-HG003-5x-3-D0-PF-UG-ULTIMA	688815815.0	688815579.0	218.0	18.0	457.0	0.05063291139240506	0.07627118644067797	0.9999993365427399	0.9621052631578947	0.037894736842105314	0.037894736842105266	HG003	hg38_m_giabHC	-1	-2	pangenome_ug	sentpg
Ug1-HG003-5x-3-D0-PF-UG-ULTIMA-pangenome_ug-sentpg-DEL_50	DEL_50	Ug1-HG003-5x-3-D0-PF-UG-ULTIMA	688815815.0	688790247.0	10740.0	14828.0	53329.0	0.3164150440117365	0.5799436795994993	0.9999225818431673	0.7824434760919642	0.21755652390803581	0.21755652390803587	HG003	hg38_m_giabHC	-1	-2	pangenome_ug	sentpg
Ug1-HG003-5x-3-D0-PF-UG-ULTIMA-pangenome_ug-sentpg-DEL_gt50	DEL_gt50	Ug1-HG003-5x-3-D0-PF-UG-ULTIMA	688815815.0	688815678.0	93.0	44.0	853.0	0.0851063829787234	0.32116788321167883	0.999998761644122	0.9509476031215162	0.04905239687848384	0.04905239687848383	HG003	hg38_m_giabHC	-1	-2	pangenome_ug	sentpg
Ug1-HG003-5x-3-D0-PF-UG-ULTIMA-pangenome_ug-sentpg-Indel_50	Indel_50	Ug1-HG003-5x-3-D0-PF-UG-ULTIMA	688815815.0	688803023.0	3119.0	9673.0	49790.0	0.26774617673517404	0.7561757348342715	0.9999277204083944	0.8373274136858214	0.16267258631417858	0.16267258631417855	HG003	hg38_m_giabHC	-1	-2	pangenome_ug	sentpg
Ug1-HG003-5x-3-D0-PF-UG-ULTIMA-pangenome_ug-sentpg-Indel_gt50	Indel_gt50	Ug1-HG003-5x-3-D0-PF-UG-ULTIMA	688815815.0	688814725.0	382.0	708.0	1721.0	0.40238704177323104	0.6495412844036698	0.999997501511455	0.7085220255249074	0.2914779744750926	0.2914779744750926	HG003	hg38_m_giabHC	-1	-2	pangenome_ug	sentpg
Ug1-HG003-5x-3-D0-PF-UG-ULTIMA-pangenome_ug-sentpg-All	All	Ug1-HG003-5x-3-D0-PF-UG-ULTIMA	688815815.0	688647955.0	57465.0	110395.0	455508.0	0.3009009721122488	0.6576611461932563	0.9993389846017942	0.8049223983615567	0.19507760163844334	0.19507760163844334	HG003	hg38_m_giabHC	-1	-2	pangenome_ug	sentpg
Ug1-HG003-5x-3-D0-PF-UG-ULTIMA-pangenome_ug-sentpg-SNPts	SNPts	Ug1-HG003-5x-3-D0-PF-UG-ULTIMA	2528531102.0	2526280380.0	527136.0	1723586.0	4652.0	0.8663500010052878	0.7657924879216536	0.9999981585609141	0.0026917588896899617	0.99730824111031	0.99730824111031	HG003	giabHC	-1	-2	pangenome_ug	sentpg
Ug1-HG003-5x-3-D0-PF-UG-ULTIMA-pangenome_ug-sentpg-SNPtv	SNPtv	Ug1-HG003-5x-3-D0-PF-UG-ULTIMA	2528531102.0	2527462679.0	255578.0	812845.0	2509.0	0.8629949298669641	0.7607895000388423	0.999999007305813	0.0030771910115115642	0.9969228089884884	0.9969228089884884	HG003	giabHC	-1	-2	pangenome_ug	sentpg
Ug1-HG003-5x-3-D0-PF-UG-ULTIMA-pangenome_ug-sentpg-INS_50	INS_50	Ug1-HG003-5x-3-D0-PF-UG-ULTIMA	2528531102.0	2528319229.0	81373.0	130500.0	2297.0	0.7572460614500827	0.615935017675683	0.9999990914921317	0.017297077494220502	0.9827029225057795	0.9827029225057795	HG003	giabHC	-1	-2	pangenome_ug	sentpg
Ug1-HG003-5x-3-D0-PF-UG-ULTIMA-pangenome_ug-sentpg-INS_gt50	INS_gt50	Ug1-HG003-5x-3-D0-PF-UG-ULTIMA	2528531102.0	2528531101.0	0.0	1.0	0.0	1.0	1.0	1.0	0.0	1.0	1.0	HG003	giabHC	-1	-2	pangenome_ug	sentpg
Ug1-HG003-5x-3-D0-PF-UG-ULTIMA-pangenome_ug-sentpg-DEL_50	DEL_50	Ug1-HG003-5x-3-D0-PF-UG-ULTIMA	2528531102.0	2528314174.0	81348.0	135580.0	2455.0	0.7639106047672575	0.625	0.9999990289981991	0.017785344296736335	0.9822146557032637	0.9822146557032637	HG003	giabHC	-1	-2	pangenome_ug	sentpg
Ug1-HG003-5x-3-D0-PF-UG-ULTIMA-pangenome_ug-sentpg-DEL_gt50	DEL_gt50	Ug1-HG003-5x-3-D0-PF-UG-ULTIMA	2528531102.0	2528531102.0	0.0	0.0	2.0			0.9999999992090269	1.0	0.0	0.0	HG003	giabHC	-1	-2	pangenome_ug	sentpg
Ug1-HG003-5x-3-D0-PF-UG-ULTIMA-pangenome_ug-sentpg-Indel_50	Indel_50	Ug1-HG003-5x-3-D0-PF-UG-ULTIMA	2528531102.0	2528451334.0	8721.0	71047.0	7470.0	0.8977098272104116	0.8906704442884364	0.9999970456311219	0.0951386323980794	0.9048613676019206	0.9048613676019206	HG003	giabHC	-1	-2	pangenome_ug	sentpg
Ug1-HG003-5x-3-D0-PF-UG-ULTIMA-pangenome_ug-sentpg-Indel_gt50	Indel_gt50	Ug1-HG003-5x-3-D0-PF-UG-ULTIMA	2528531102.0	2528530444.0	75.0	583.0	33.0	0.9152276295133437	0.8860182370820668	0.9999999869489412	0.05357142857142857	0.9464285714285714	0.9464285714285714	HG003	giabHC	-1	-2	pangenome_ug	sentpg
Ug1-HG003-5x-3-D0-PF-UG-ULTIMA-pangenome_ug-sentpg-All	All	Ug1-HG003-5x-3-D0-PF-UG-ULTIMA	2528531102.0	2524702729.0	954231.0	2874142.0	19418.0	0.8551534208984232	0.7507476413609646	0.9999923088566308	0.006710764594478774	0.9932892354055213	0.9932892354055213	HG003	giabHC	-1	-2	pangenome_ug	sentpg
Ug1-HG003-5x-3-D0-PF-UG-ULTIMA-pangenome_ug-sentpg-SNPts	SNPts	Ug1-HG003-5x-3-D0-PF-UG-ULTIMA	377862616.0	377589868.0	71169.0	201579.0	23416.0	0.8099722145765988	0.73906683092085	0.9999379894696713	0.10407342385386342	0.8959265761461366	0.8959265761461366	HG003	clinvar_genes	-1	-2	pangenome_ug	sentpg
Ug1-HG003-5x-3-D0-PF-UG-ULTIMA-pangenome_ug-sentpg-SNPtv	SNPtv	Ug1-HG003-5x-3-D0-PF-UG-ULTIMA	377862616.0	377738621.0	33816.0	90179.0	13235.0	0.7930996574453957	0.7272793257792652	0.9999649637724083	0.12798073761773068	0.8720192623822693	0.8720192623822693	HG003	clinvar_genes	-1	-2	pangenome_ug	sentpg
Ug1-HG003-5x-3-D0-PF-UG-ULTIMA-pangenome_ug-sentpg-INS_50	INS_50	Ug1-HG003-5x-3-D0-PF-UG-ULTIMA	377862616.0	377835408.0	11050.0	16158.0	4978.0	0.6684593744828727	0.5938694501617171	0.9999868251246176	0.2355223315669947	0.7644776684330052	0.7644776684330054	HG003	clinvar_genes	-1	-2	pangenome_ug	sentpg
Ug1-HG003-5x-3-D0-PF-UG-ULTIMA-pangenome_ug-sentpg-INS_gt50	INS_gt50	Ug1-HG003-5x-3-D0-PF-UG-ULTIMA	377862616.0	377862587.0	26.0	3.0	50.0	0.07317073170731707	0.10344827586206896	0.9999998676767823	0.9433962264150944	0.05660377358490565	0.05660377358490566	HG003	clinvar_genes	-1	-2	pangenome_ug	sentpg
Ug1-HG003-5x-3-D0-PF-UG-ULTIMA-pangenome_ug-sentpg-DEL_50	DEL_50	Ug1-HG003-5x-3-D0-PF-UG-ULTIMA	377862616.0	377834834.0	10997.0	16785.0	6076.0	0.662875422072152	0.6041681664387013	0.9999839191579334	0.26578014959975504	0.734219850400245	0.734219850400245	HG003	clinvar_genes	-1	-2	pangenome_ug	sentpg
Ug1-HG003-5x-3-D0-PF-UG-ULTIMA-pangenome_ug-sentpg-DEL_gt50	DEL_gt50	Ug1-HG003-5x-3-D0-PF-UG-ULTIMA	377862616.0	377862598.0	16.0	2.0	106.0	0.031746031746031744	0.1111111111111111	0.9999997194748281	0.9814814814814815	0.01851851851851849	0.018518518518518517	HG003	clinvar_genes	-1	-2	pangenome_ug	sentpg
Ug1-HG003-5x-3-D0-PF-UG-ULTIMA-pangenome_ug-sentpg-Indel_50	Indel_50	Ug1-HG003-5x-3-D0-PF-UG-ULTIMA	377862616.0	377853098.0	1248.0	8270.0	6305.0	0.686506454156809	0.8688800168102543	0.9999833138994294	0.43259005145797597	0.5674099485420241	0.567409948542024	HG003	clinvar_genes	-1	-2	pangenome_ug	sentpg
Ug1-HG003-5x-3-D0-PF-UG-ULTIMA-pangenome_ug-sentpg-Indel_gt50	Indel_gt50	Ug1-HG003-5x-3-D0-PF-UG-ULTIMA	377862616.0	377862438.0	48.0	130.0	183.0	0.5295315682281059	0.7303370786516854	0.9999995156970025	0.5846645367412141	0.4153354632587859	0.41533546325878595	HG003	clinvar_genes	-1	-2	pangenome_ug	sentpg
Ug1-HG003-5x-3-D0-PF-UG-ULTIMA-pangenome_ug-sentpg-All	All	Ug1-HG003-5x-3-D0-PF-UG-ULTIMA	377862616.0	377401140.0	128370.0	333106.0	54349.0	0.7847657819068923	0.7218273539685705	0.9998560121614763	0.14027177349627698	0.859728226503723	0.859728226503723	HG003	clinvar_genes	-1	-2	pangenome_ug	sentpg
Ug1-HG003-5x-3-D0-PF-UG-ULTIMA-pangenome_ug-sentpg-SNPts	SNPts	Ug1-HG003-5x-3-D0-PF-UG-ULTIMA	3088286401.0	3085968051.0	547161.0	1771189.0	194827.0	0.8268149826602116	0.7639868872258287	0.9999368707979126	0.09909736238158794	0.900902637618412	0.900902637618412	HG003	hg38	-1	-2	pangenome_ug	sentpg
Ug1-HG003-5x-3-D0-PF-UG-ULTIMA-pangenome_ug-sentpg-SNPtv	SNPtv	Ug1-HG003-5x-3-D0-PF-UG-ULTIMA	3088286401.0	3087183149.0	266543.0	836709.0	118727.0	0.8128565377560855	0.7584024320826067	0.9999615434431848	0.12426473358759771	0.8757352664124023	0.8757352664124023	HG003	hg38	-1	-2	pangenome_ug	sentpg
Ug1-HG003-5x-3-D0-PF-UG-ULTIMA-pangenome_ug-sentpg-INS_50	INS_50	Ug1-HG003-5x-3-D0-PF-UG-ULTIMA	3088286401.0	3088048902.0	93313.0	144186.0	45262.0	0.6754280976327273	0.6071015035852783	0.9999853430635219	0.23891516405557198	0.761084835944428	0.761084835944428	HG003	hg38	-1	-2	pangenome_ug	sentpg
Ug1-HG003-5x-3-D0-PF-UG-ULTIMA-pangenome_ug-sentpg-INS_gt50	INS_gt50	Ug1-HG003-5x-3-D0-PF-UG-ULTIMA	3088286401.0	3088286164.0	218.0	19.0	457.0	0.05329593267882188	0.08016877637130802	0.9999998520215071	0.9600840336134454	0.03991596638655459	0.03991596638655462	HG003	hg38	-1	-2	pangenome_ug	sentpg
Ug1-HG003-5x-3-D0-PF-UG-ULTIMA-pangenome_ug-sentpg-DEL_50	DEL_50	Ug1-HG003-5x-3-D0-PF-UG-ULTIMA	3088286401.0	3088044101.0	92039.0	150261.0	55782.0	0.6702948412264716	0.6201444490301279	0.9999819364651037	0.27072989618671833	0.7292701038132816	0.7292701038132817	HG003	hg38	-1	-2	pangenome_ug	sentpg
Ug1-HG003-5x-3-D0-PF-UG-ULTIMA-pangenome_ug-sentpg-DEL_gt50	DEL_gt50	Ug1-HG003-5x-3-D0-PF-UG-ULTIMA	3088286401.0	3088286264.0	93.0	44.0	855.0	0.08494208494208495	0.32116788321167883	0.9999997231475031	0.9510567296996663	0.04894327030033374	0.048943270300333706	HG003	hg38	-1	-2	pangenome_ug	sentpg
Ug1-HG003-5x-3-D0-PF-UG-ULTIMA-pangenome_ug-sentpg-Indel_50	Indel_50	Ug1-HG003-5x-3-D0-PF-UG-ULTIMA	3088286401.0	3088193841.0	11839.0	80721.0	57260.0	0.7002745715512642	0.8720937770095073	0.9999814587615685	0.4149846718026395	0.5850153281973605	0.5850153281973605	HG003	hg38	-1	-2	pangenome_ug	sentpg
Ug1-HG003-5x-3-D0-PF-UG-ULTIMA-pangenome_ug-sentpg-Indel_gt50	Indel_gt50	Ug1-HG003-5x-3-D0-PF-UG-ULTIMA	3088286401.0	3088284654.0	456.0	1291.0	1754.0	0.5388146911519198	0.7389811104751002	0.9999994320474955	0.5760262725779968	0.42397372742200323	0.4239737274220033	HG003	hg38	-1	-2	pangenome_ug	sentpg
Ug1-HG003-5x-3-D0-PF-UG-ULTIMA-pangenome_ug-sentpg-All	All	Ug1-HG003-5x-3-D0-PF-UG-ULTIMA	3088286401.0	3084290319.0	1011662.0	2984420.0	474924.0	0.8006034799352847	0.7468365263775868	0.9998460420931292	0.13728730071366133	0.8627126992863386	0.8627126992863386	HG003	hg38	-1	-2	pangenome_ug	sentpg
Ug1-HG003-7x-4-D0-PF-UG-ULTIMA-pangenome_ug-sentpg-SNPts	SNPts	Ug1-HG003-7x-4-D0-PF-UG-ULTIMA	377862616.0	377590131.0	39427.0	233058.0	26261.0	0.8764808087190017	0.8553057966493568	0.9999304558791505	0.10126909327893444	0.8987309067210656	0.8987309067210656	HG003	clinvar_genes	-1	-2	pangenome_ug	sentpg
Ug1-HG003-7x-4-D0-PF-UG-ULTIMA-pangenome_ug-sentpg-SNPtv	SNPtv	Ug1-HG003-7x-4-D0-PF-UG-ULTIMA	377862616.0	377738790.0	19263.0	104563.0	14919.0	0.8595114011869729	0.8444349328897001	0.9999605060131918	0.12486399625048124	0.8751360037495187	0.8751360037495187	HG003	clinvar_genes	-1	-2	pangenome_ug	sentpg
Ug1-HG003-7x-4-D0-PF-UG-ULTIMA-pangenome_ug-sentpg-INS_50	INS_50	Ug1-HG003-7x-4-D0-PF-UG-ULTIMA	377862616.0	377836518.0	8002.0	18096.0	5512.0	0.7281213535589264	0.6933864663958924	0.9999854118929014	0.23348017621145375	0.7665198237885462	0.7665198237885462	HG003	clinvar_genes	-1	-2	pangenome_ug	sentpg
Ug1-HG003-7x-4-D0-PF-UG-ULTIMA-pangenome_ug-sentpg-INS_gt50	INS_gt50	Ug1-HG003-7x-4-D0-PF-UG-ULTIMA	377862616.0	377862587.0	26.0	3.0	58.0	0.06666666666666667	0.10344827586206896	0.9999998465050707	0.9508196721311475	0.049180327868852514	0.04918032786885246	HG003	clinvar_genes	-1	-2	pangenome_ug	sentpg
Ug1-HG003-7x-4-D0-PF-UG-ULTIMA-pangenome_ug-sentpg-DEL_50	DEL_50	Ug1-HG003-7x-4-D0-PF-UG-ULTIMA	377862616.0	377836162.0	7637.0	18817.0	6668.0	0.7245807581971158	0.7113101988357148	0.9999823524506208	0.26164410437512264	0.7383558956248774	0.7383558956248774	HG003	clinvar_genes	-1	-2	pangenome_ug	sentpg
Ug1-HG003-7x-4-D0-PF-UG-ULTIMA-pangenome_ug-sentpg-DEL_gt50	DEL_gt50	Ug1-HG003-7x-4-D0-PF-UG-ULTIMA	377862616.0	377862598.0	15.0	3.0	123.0	0.041666666666666664	0.16666666666666666	0.9999996744849566	0.9761904761904762	0.023809523809523836	0.023809523809523808	HG003	clinvar_genes	-1	-2	pangenome_ug	sentpg
Ug1-HG003-7x-4-D0-PF-UG-ULTIMA-pangenome_ug-sentpg-Indel_50	Indel_50	Ug1-HG003-7x-4-D0-PF-UG-ULTIMA	377862616.0	377850458.0	924.0	11234.0	8276.0	0.7094859163824682	0.924000658002961	0.9999780976347632	0.42419272168118916	0.5758072783188108	0.5758072783188108	HG003	clinvar_genes	-1	-2	pangenome_ug	sentpg
Ug1-HG003-7x-4-D0-PF-UG-ULTIMA-pangenome_ug-sentpg-Indel_gt50	Indel_gt50	Ug1-HG003-7x-4-D0-PF-UG-ULTIMA	377862616.0	377862366.0	36.0	214.0	300.0	0.5602094240837697	0.856	0.9999992060607543	0.5836575875486382	0.41634241245136183	0.4163424124513619	HG003	clinvar_genes	-1	-2	pangenome_ug	sentpg
Ug1-HG003-7x-4-D0-PF-UG-ULTIMA-pangenome_ug-sentpg-All	All	Ug1-HG003-7x-4-D0-PF-UG-ULTIMA	377862616.0	377401298.0	75330.0	385988.0	62117.0	0.8488635101597387	0.8367070003771802	0.9998354357070605	0.13862152843641556	0.8613784715635844	0.8613784715635844	HG003	clinvar_genes	-1	-2	pangenome_ug	sentpg
Ug1-HG003-7x-4-D0-PF-UG-ULTIMA-pangenome_ug-sentpg-SNPts	SNPts	Ug1-HG003-7x-4-D0-PF-UG-ULTIMA	2528531102.0	2526282325.0	275284.0	1973493.0	3778.0	0.9339662019929731	0.8775850162110338	0.9999985045240934	0.0019107143128079054	0.9980892856871921	0.9980892856871921	HG003	giabHC	-1	-2	pangenome_ug	sentpg
Ug1-HG003-7x-4-D0-PF-UG-ULTIMA-pangenome_ug-sentpg-SNPtv	SNPtv	Ug1-HG003-7x-4-D0-PF-UG-ULTIMA	2528531102.0	2527464244.0	135898.0	930960.0	2238.0	0.9309339338498522	0.8726184740612153	0.9999991145283168	0.002398204882565115	0.9976017951174349	0.9976017951174349	HG003	giabHC	-1	-2	pangenome_ug	sentpg
Ug1-HG003-7x-4-D0-PF-UG-ULTIMA-pangenome_ug-sentpg-INS_50	INS_50	Ug1-HG003-7x-4-D0-PF-UG-ULTIMA	2528531102.0	2528328741.0	57690.0	144671.0	1916.0	0.829183717917856	0.7149154234264508	0.9999992421877278	0.013070736149863222	0.9869292638501368	0.9869292638501368	HG003	giabHC	-1	-2	pangenome_ug	sentpg
Ug1-HG003-7x-4-D0-PF-UG-ULTIMA-pangenome_ug-sentpg-INS_gt50	INS_gt50	Ug1-HG003-7x-4-D0-PF-UG-ULTIMA	2528531102.0	2528531101.0	0.0	1.0	2.0	0.5	1.0	0.9999999992090269	0.6666666666666666	0.33333333333333337	0.3333333333333333	HG003	giabHC	-1	-2	pangenome_ug	sentpg
Ug1-HG003-7x-4-D0-PF-UG-ULTIMA-pangenome_ug-sentpg-DEL_50	DEL_50	Ug1-HG003-7x-4-D0-PF-UG-ULTIMA	2528531102.0	2528325480.0	54344.0	151278.0	2230.0	0.8424693008102915	0.7357092139946114	0.9999991179940831	0.014526930192563254	0.9854730698074368	0.9854730698074368	HG003	giabHC	-1	-2	pangenome_ug	sentpg
Ug1-HG003-7x-4-D0-PF-UG-ULTIMA-pangenome_ug-sentpg-DEL_gt50	DEL_gt50	Ug1-HG003-7x-4-D0-PF-UG-ULTIMA	2528531102.0	2528531102.0	0.0	0.0	2.0			0.9999999992090269	1.0	0.0	0.0	HG003	giabHC	-1	-2	pangenome_ug	sentpg
Ug1-HG003-7x-4-D0-PF-UG-ULTIMA-pangenome_ug-sentpg-Indel_50	Indel_50	Ug1-HG003-7x-4-D0-PF-UG-ULTIMA	2528531102.0	2528428555.0	6285.0	96262.0	9646.0	0.9235758317142789	0.9387110300642633	0.9999961849967319	0.09107904974128489	0.9089209502587151	0.9089209502587151	HG003	giabHC	-1	-2	pangenome_ug	sentpg
Ug1-HG003-7x-4-D0-PF-UG-ULTIMA-pangenome_ug-sentpg-Indel_gt50	Indel_gt50	Ug1-HG003-7x-4-D0-PF-UG-ULTIMA	2528531102.0	2528530134.0	41.0	927.0	66.0	0.9454360020397755	0.9576446280991735	0.9999999738978795	0.06646525679758308	0.9335347432024169	0.9335347432024169	HG003	giabHC	-1	-2	pangenome_ug	sentpg
Ug1-HG003-7x-4-D0-PF-UG-ULTIMA-pangenome_ug-sentpg-All	All	Ug1-HG003-7x-4-D0-PF-UG-ULTIMA	2528531102.0	2524703968.0	529542.0	3297592.0	19878.0	0.9231000066623706	0.8616348421560364	0.999992126663662	0.005991915525988178	0.9940080844740118	0.9940080844740118	HG003	giabHC	-1	-2	pangenome_ug	sentpg
Ug1-HG003-7x-4-D0-PF-UG-ULTIMA-pangenome_ug-sentpg-SNPts	SNPts	Ug1-HG003-7x-4-D0-PF-UG-ULTIMA	3088286401.0	3085970187.0	287998.0	2028216.0	220977.0	0.8885148684443688	0.8756600210515955	0.9999283981489618	0.09824723800936602	0.901752761990634	0.9017527619906339	HG003	hg38	-1	-2	pangenome_ug	sentpg
Ug1-HG003-7x-4-D0-PF-UG-ULTIMA-pangenome_ug-sentpg-SNPtv	SNPtv	Ug1-HG003-7x-4-D0-PF-UG-ULTIMA	3088286401.0	3087184865.0	143171.0	958365.0	134732.0	0.8733715386581721	0.870026036371031	0.9999563595553467	0.12325713088591406	0.8767428691140859	0.8767428691140859	HG003	hg38	-1	-2	pangenome_ug	sentpg
Ug1-HG003-7x-4-D0-PF-UG-ULTIMA-pangenome_ug-sentpg-INS_50	INS_50	Ug1-HG003-7x-4-D0-PF-UG-ULTIMA	3088286401.0	3088059570.0	67231.0	159600.0	50079.0	0.7312547249776636	0.7036075315984147	0.9999837832830786	0.23883650723248395	0.761163492767516	0.761163492767516	HG003	hg38	-1	-2	pangenome_ug	sentpg
Ug1-HG003-7x-4-D0-PF-UG-ULTIMA-pangenome_ug-sentpg-INS_gt50	INS_gt50	Ug1-HG003-7x-4-D0-PF-UG-ULTIMA	3088286401.0	3088286165.0	212.0	24.0	559.0	0.058608058608058615	0.1016949152542373	0.9999998189934906	0.9588336192109777	0.04116638078902235	0.0411663807890223	HG003	hg38	-1	-2	pangenome_ug	sentpg
Ug1-HG003-7x-4-D0-PF-UG-ULTIMA-pangenome_ug-sentpg-DEL_50	DEL_50	Ug1-HG003-7x-4-D0-PF-UG-ULTIMA	3088286401.0	3088056526.0	62440.0	167435.0	62106.0	0.7289036515924564	0.7283741163675911	0.9999798887259846	0.2705660426677587	0.7294339573322413	0.7294339573322413	HG003	hg38	-1	-2	pangenome_ug	sentpg
Ug1-HG003-7x-4-D0-PF-UG-ULTIMA-pangenome_ug-sentpg-DEL_gt50	DEL_gt50	Ug1-HG003-7x-4-D0-PF-UG-ULTIMA	3088286401.0	3088286264.0	85.0	52.0	1014.0	0.08645054031587698	0.3795620437956204	0.9999996716626697	0.9512195121951219	0.04878048780487809	0.04878048780487805	HG003	hg38	-1	-2	pangenome_ug	sentpg
Ug1-HG003-7x-4-D0-PF-UG-ULTIMA-pangenome_ug-sentpg-Indel_50	Indel_50	Ug1-HG003-7x-4-D0-PF-UG-ULTIMA	3088286401.0	3088168773.0	8698.0	108930.0	75496.0	0.7212617611420475	0.926055020913388	0.999975553747235	0.4093565983104335	0.5906434016895665	0.5906434016895665	HG003	hg38	-1	-2	pangenome_ug	sentpg
Ug1-HG003-7x-4-D0-PF-UG-ULTIMA-pangenome_ug-sentpg-Indel_gt50	Indel_gt50	Ug1-HG003-7x-4-D0-PF-UG-ULTIMA	3088286401.0	3088284108.0	321.0	1972.0	2797.0	0.5584820164259416	0.8600087221979938	0.9999990943198978	0.5864961207800378	0.41350387921996223	0.41350387921996223	HG003	hg38	-1	-2	pangenome_ug	sentpg
Ug1-HG003-7x-4-D0-PF-UG-ULTIMA-pangenome_ug-sentpg-All	All	Ug1-HG003-7x-4-D0-PF-UG-ULTIMA	3088286401.0	3084291651.0	570156.0	3424594.0	547760.0	0.8596835186286008	0.8572736716940985	0.9998224348411633	0.1378930477998688	0.8621069522001312	0.8621069522001312	HG003	hg38	-1	-2	pangenome_ug	sentpg
Ug1-HG003-7x-4-D0-PF-UG-ULTIMA-pangenome_ug-sentpg-SNPts	SNPts	Ug1-HG003-7x-4-D0-PF-UG-ULTIMA	688815815.0	688748348.0	12714.0	54753.0	217199.0	0.32262778453769525	0.8115523144648494	0.9996847462098131	0.7986666764723186	0.2013333235276814	0.20133332352768135	HG003	hg38_m_giabHC	-1	-2	pangenome_ug	sentpg
Ug1-HG003-7x-4-D0-PF-UG-ULTIMA-pangenome_ug-sentpg-SNPtv	SNPtv	Ug1-HG003-7x-4-D0-PF-UG-ULTIMA	688815815.0	688781125.0	7273.0	27417.0	132494.0	0.281776558188293	0.7903430383395791	0.99980767690412	0.8285483800363952	0.1714516199636048	0.17145161996360475	HG003	hg38_m_giabHC	-1	-2	pangenome_ug	sentpg
Ug1-HG003-7x-4-D0-PF-UG-ULTIMA-pangenome_ug-sentpg-INS_50	INS_50	Ug1-HG003-7x-4-D0-PF-UG-ULTIMA	688815815.0	688791419.0	9534.0	14862.0	48163.0	0.34000983745324354	0.6091982292179046	0.9999300809633207	0.7641888139627132	0.2358111860372868	0.2358111860372868	HG003	hg38_m_giabHC	-1	-2	pangenome_ug	sentpg
Ug1-HG003-7x-4-D0-PF-UG-ULTIMA-pangenome_ug-sentpg-INS_gt50	INS_gt50	Ug1-HG003-7x-4-D0-PF-UG-ULTIMA	688815815.0	688815580.0	212.0	23.0	557.0	0.05644171779141105	0.09787234042553192	0.9999991913662151	0.9603448275862069	0.03965517241379313	0.039655172413793106	HG003	hg38_m_giabHC	-1	-2	pangenome_ug	sentpg
Ug1-HG003-7x-4-D0-PF-UG-ULTIMA-pangenome_ug-sentpg-DEL_50	DEL_50	Ug1-HG003-7x-4-D0-PF-UG-ULTIMA	688815815.0	688791368.0	8129.0	16318.0	59880.0	0.32426846837895573	0.6674847629566	0.9999130726696455	0.78584739756949	0.21415260243051004	0.21415260243051	HG003	hg38_m_giabHC	-1	-2	pangenome_ug	sentpg
Ug1-HG003-7x-4-D0-PF-UG-ULTIMA-pangenome_ug-sentpg-DEL_gt50	DEL_gt50	Ug1-HG003-7x-4-D0-PF-UG-ULTIMA	688815815.0	688815678.0	85.0	52.0	1012.0	0.08659450457951705	0.3795620437956204	0.9999985308137641	0.9511278195488722	0.048872180451127845	0.04887218045112782	HG003	hg38_m_giabHC	-1	-2	pangenome_ug	sentpg
Ug1-HG003-7x-4-D0-PF-UG-ULTIMA-pangenome_ug-sentpg-Indel_50	Indel_50	Ug1-HG003-7x-4-D0-PF-UG-ULTIMA	688815815.0	688800733.0	2414.0	12668.0	65851.0	0.27068086879413683	0.8399416523007559	0.999904406743585	0.8386632534800494	0.16133674651995056	0.16133674651995059	HG003	hg38_m_giabHC	-1	-2	pangenome_ug	sentpg
Ug1-HG003-7x-4-D0-PF-UG-ULTIMA-pangenome_ug-sentpg-Indel_gt50	Indel_gt50	Ug1-HG003-7x-4-D0-PF-UG-ULTIMA	688815815.0	688814489.0	281.0	1045.0	2731.0	0.4096432771462172	0.7880844645550528	0.9999960352326848	0.7232521186440678	0.2767478813559322	0.2767478813559322	HG003	hg38_m_giabHC	-1	-2	pangenome_ug	sentpg
Ug1-HG003-7x-4-D0-PF-UG-ULTIMA-pangenome_ug-sentpg-All	All	Ug1-HG003-7x-4-D0-PF-UG-ULTIMA	688815815.0	688648035.0	40642.0	127138.0	527887.0	0.309035555204453	0.7577661223030159	0.9992340315685028	0.8059035914659746	0.19409640853402543	0.1940964085340254	HG003	hg38_m_giabHC	-1	-2	pangenome_ug	sentpg
