mqc_id	VariantClass	Sample	TgtRegionSize	TN	FN	TP	FP	Fscore	Sensitivity-Recall	Specificity	FDR	PPV	Precision	AltId	ROI	AllVarMeanDP	CovBin	Aligner	SNVCaller
On1-HG003-10x-5-D0-PF-ONT-PROMETHION-ont-sentdont-SNPts	SNPts	On1-HG003-10x-5-D0-PF-ONT-PROMETHION	337668665.0	337405700.0	17170.0	245795.0	4898.0	0.9570375619575672	0.934706139600327	0.9999854835620783	0.019537841104458442	0.9804621588955416	0.9804621588955416	HG003	giabHC_x_clinvar_genes	-1	-2	ont	sentdont
On1-HG003-10x-5-D0-PF-ONT-PROMETHION-ont-sentdont-SNPtv	SNPtv	On1-HG003-10x-5-D0-PF-ONT-PROMETHION	337668665.0	337550159.0	8206.0	110300.0	1248.0	0.9589053004946664	0.9307545609505004	0.999996302785371	0.011188008749596585	0.9888119912504034	0.9888119912504034	HG003	giabHC_x_clinvar_genes	-1	-2	ont	sentdont
On1-HG003-10x-5-D0-PF-ONT-PROMETHION-ont-sentdont-INS_50	INS_50	On1-HG003-10x-5-D0-PF-ONT-PROMETHION	337668665.0	337643632.0	7399.0	17634.0	4322.0	0.7505586413841537	0.7044301521990972	0.9999871996855044	0.1968482419384223	0.8031517580615777	0.8031517580615777	HG003	giabHC_x_clinvar_genes	-1	-2	ont	sentdont
On1-HG003-10x-5-D0-PF-ONT-PROMETHION-ont-sentdont-INS_gt50	INS_gt50	On1-HG003-10x-5-D0-PF-ONT-PROMETHION	337668665.0	337668665.0	0.0	0.0	2.0			0.9999999940770341	1.0	0.0	0.0	HG003	giabHC_x_clinvar_genes	-1	-2	ont	sentdont
On1-HG003-10x-5-D0-PF-ONT-PROMETHION-ont-sentdont-DEL_50	DEL_50	On1-HG003-10x-5-D0-PF-ONT-PROMETHION	337668665.0	337641795.0	7124.0	19746.0	8567.0	0.7156551836616349	0.7348716040193525	0.9999746276001327	0.30258185285911066	0.6974181471408893	0.6974181471408893	HG003	giabHC_x_clinvar_genes	-1	-2	ont	sentdont
On1-HG003-10x-5-D0-PF-ONT-PROMETHION-ont-sentdont-DEL_gt50	DEL_gt50	On1-HG003-10x-5-D0-PF-ONT-PROMETHION	337668665.0	337668665.0	0.0	0.0	0.0			1.0				HG003	giabHC_x_clinvar_genes	-1	-2	ont	sentdont
On1-HG003-10x-5-D0-PF-ONT-PROMETHION-ont-sentdont-Indel_50	Indel_50	On1-HG003-10x-5-D0-PF-ONT-PROMETHION	337668665.0	337660499.0	1015.0	7151.0	1750.0	0.8379914454795805	0.8757041391133971	0.9999948173063314	0.19660712279519155	0.8033928772048085	0.8033928772048085	HG003	giabHC_x_clinvar_genes	-1	-2	ont	sentdont
On1-HG003-10x-5-D0-PF-ONT-PROMETHION-ont-sentdont-Indel_gt50	Indel_gt50	On1-HG003-10x-5-D0-PF-ONT-PROMETHION	337668665.0	337668554.0	4.0	107.0	19.0	0.9029535864978903	0.963963963963964	0.9999999437318083	0.15079365079365079	0.8492063492063492	0.8492063492063492	HG003	giabHC_x_clinvar_genes	-1	-2	ont	sentdont
On1-HG003-10x-5-D0-PF-ONT-PROMETHION-ont-sentdont-All	All	On1-HG003-10x-5-D0-PF-ONT-PROMETHION	337668665.0	337227014.0	40918.0	400733.0	20806.0	0.9284931475109767	0.9073521853228002	0.9999383064952058	0.049357236222508476	0.9506427637774916	0.9506427637774916	HG003	giabHC_x_clinvar_genes	-1	-2	ont	sentdont
On1-HG003-10x-5-D0-PF-ONT-PROMETHION-ont-sentdont-SNPts	SNPts	On1-HG003-10x-5-D0-PF-ONT-PROMETHION	688815815.0	688748724.0	6098.0	60993.0	464388.0	0.20589327428131624	0.9091085242431921	0.9993262055060844	0.8839071074134771	0.11609289258652289	0.11609289258652292	HG003	hg38_m_giabHC	-1	-2	ont	sentdont
On1-HG003-10x-5-D0-PF-ONT-PROMETHION-ont-sentdont-SNPtv	SNPtv	On1-HG003-10x-5-D0-PF-ONT-PROMETHION	688815815.0	688781605.0	3647.0	30563.0	370680.0	0.14037335831880823	0.8933937445191464	0.9994621217863335	0.9238292007586425	0.0761707992413575	0.07617079924135749	HG003	hg38_m_giabHC	-1	-2	ont	sentdont
On1-HG003-10x-5-D0-PF-ONT-PROMETHION-ont-sentdont-INS_50	INS_50	On1-HG003-10x-5-D0-PF-ONT-PROMETHION	688815815.0	688791075.0	9139.0	15601.0	128607.0	0.1846840447948481	0.6305982215036379	0.9998133207638564	0.8918159880173083	0.10818401198269167	0.10818401198269166	HG003	hg38_m_giabHC	-1	-2	ont	sentdont
On1-HG003-10x-5-D0-PF-ONT-PROMETHION-ont-sentdont-INS_gt50	INS_gt50	On1-HG003-10x-5-D0-PF-ONT-PROMETHION	688815815.0	688815602.0	148.0	65.0	1331.0	0.0807955251709136	0.3051643192488263	0.9999980677013932	0.9534383954154728	0.04656160458452718	0.04656160458452722	HG003	hg38_m_giabHC	-1	-2	ont	sentdont
On1-HG003-10x-5-D0-PF-ONT-PROMETHION-ont-sentdont-DEL_50	DEL_50	On1-HG003-10x-5-D0-PF-ONT-PROMETHION	688815815.0	688790014.0	8431.0	17370.0	189218.0	0.1494907246040045	0.6732297197783031	0.9997253647262332	0.9159196081088931	0.08408039189110694	0.08408039189110694	HG003	hg38_m_giabHC	-1	-2	ont	sentdont
On1-HG003-10x-5-D0-PF-ONT-PROMETHION-ont-sentdont-DEL_gt50	DEL_gt50	On1-HG003-10x-5-D0-PF-ONT-PROMETHION	688815815.0	688815680.0	100.0	35.0	428.0	0.11705685618729096	0.25925925925925924	0.9999993786440313	0.9244060475161987	0.0755939524838013	0.0755939524838013	HG003	hg38_m_giabHC	-1	-2	ont	sentdont
On1-HG003-10x-5-D0-PF-ONT-PROMETHION-ont-sentdont-Indel_50	Indel_50	On1-HG003-10x-5-D0-PF-ONT-PROMETHION	688815815.0	688801968.0	2650.0	11197.0	87163.0	0.19957756646198543	0.8086228063840543	0.9998734731089842	0.8861630744204961	0.11383692557950387	0.11383692557950387	HG003	hg38_m_giabHC	-1	-2	ont	sentdont
On1-HG003-10x-5-D0-PF-ONT-PROMETHION-ont-sentdont-Indel_gt50	Indel_gt50	On1-HG003-10x-5-D0-PF-ONT-PROMETHION	688815815.0	688814119.0	242.0	1454.0	8201.0	0.25618888203682494	0.8573113207547169	0.9999880941720936	0.8494044536509581	0.15059554634904193	0.15059554634904196	HG003	hg38_m_giabHC	-1	-2	ont	sentdont
On1-HG003-10x-5-D0-PF-ONT-PROMETHION-ont-sentdont-All	All	On1-HG003-10x-5-D0-PF-ONT-PROMETHION	688815815.0	688648082.0	30455.0	137278.0	1250016.0	0.17656027837458768	0.818431674148796	0.9981881150221695	0.9010462093831588	0.09895379061684118	0.09895379061684113	HG003	hg38_m_giabHC	-1	-2	ont	sentdont
On1-HG003-10x-5-D0-PF-ONT-PROMETHION-ont-sentdont-SNPts	SNPts	On1-HG003-10x-5-D0-PF-ONT-PROMETHION	2505355380.0	2503171662.0	134124.0	2049594.0	31916.0	0.961071248711675	0.9385799814811253	0.9999872499383269	0.015333099528707525	0.9846669004712925	0.9846669004712925	HG003	giabHC_x_ultima	-1	-2	ont	sentdont
On1-HG003-10x-5-D0-PF-ONT-PROMETHION-ont-sentdont-SNPtv	SNPtv	On1-HG003-10x-5-D0-PF-ONT-PROMETHION	2505355380.0	2504335300.0	65260.0	954820.0	7516.0	0.9632892389891929	0.9360246255195671	0.9999969988134404	0.007810161939281083	0.9921898380607189	0.9921898380607189	HG003	giabHC_x_ultima	-1	-2	ont	sentdont
On1-HG003-10x-5-D0-PF-ONT-PROMETHION-ont-sentdont-INS_50	INS_50	On1-HG003-10x-5-D0-PF-ONT-PROMETHION	2505355380.0	2505210316.0	20915.0	124149.0	13987.0	0.8767584745762712	0.8558222577620912	0.999994416867191	0.10125528464701454	0.8987447153529855	0.8987447153529855	HG003	giabHC_x_ultima	-1	-2	ont	sentdont
On1-HG003-10x-5-D0-PF-ONT-PROMETHION-ont-sentdont-INS_gt50	INS_gt50	On1-HG003-10x-5-D0-PF-ONT-PROMETHION	2505355380.0	2505355380.0	0.0	0.0	2.0			0.99999999920171	1.0	0.0	0.0	HG003	giabHC_x_ultima	-1	-2	ont	sentdont
On1-HG003-10x-5-D0-PF-ONT-PROMETHION-ont-sentdont-DEL_50	DEL_50	On1-HG003-10x-5-D0-PF-ONT-PROMETHION	2505355380.0	2505195080.0	22145.0	138155.0	21736.0	0.8629536745255176	0.8618527760449158	0.9999913237050537	0.13594261090367812	0.8640573890963219	0.8640573890963219	HG003	giabHC_x_ultima	-1	-2	ont	sentdont
On1-HG003-10x-5-D0-PF-ONT-PROMETHION-ont-sentdont-DEL_gt50	DEL_gt50	On1-HG003-10x-5-D0-PF-ONT-PROMETHION	2505355380.0	2505355380.0	0.0	0.0	0.0			1.0				HG003	giabHC_x_ultima	-1	-2	ont	sentdont
On1-HG003-10x-5-D0-PF-ONT-PROMETHION-ont-sentdont-Indel_50	Indel_50	On1-HG003-10x-5-D0-PF-ONT-PROMETHION	2505355380.0	2505308012.0	1165.0	46203.0	5289.0	0.9347157596601255	0.9754053369363284	0.999997888886792	0.10271498485201584	0.8972850151479842	0.8972850151479842	HG003	giabHC_x_ultima	-1	-2	ont	sentdont
On1-HG003-10x-5-D0-PF-ONT-PROMETHION-ont-sentdont-Indel_gt50	Indel_gt50	On1-HG003-10x-5-D0-PF-ONT-PROMETHION	2505355380.0	2505354713.0	27.0	640.0	63.0	0.9343065693430658	0.95952023988006	0.9999999748538608	0.08961593172119488	0.9103840682788051	0.9103840682788051	HG003	giabHC_x_ultima	-1	-2	ont	sentdont
On1-HG003-10x-5-D0-PF-ONT-PROMETHION-ont-sentdont-All	All	On1-HG003-10x-5-D0-PF-ONT-PROMETHION	2505355380.0	2501798183.0	243636.0	3313561.0	80509.0	0.953368932598906	0.9315089943008498	0.999967820582086	0.02372048897046908	0.9762795110295309	0.9762795110295309	HG003	giabHC_x_ultima	-1	-2	ont	sentdont
On1-HG003-10x-5-D0-PF-ONT-PROMETHION-ont-sentdont-SNPts	SNPts	On1-HG003-10x-5-D0-PF-ONT-PROMETHION	2528531102.0	2526296664.0	139588.0	2094850.0	34100.0	0.9601942343885073	0.9375288103764795	0.9999865021633406	0.016017285516334342	0.9839827144836657	0.9839827144836657	HG003	giabHC	-1	-2	ont	sentdont
On1-HG003-10x-5-D0-PF-ONT-PROMETHION-ont-sentdont-SNPtv	SNPtv	On1-HG003-10x-5-D0-PF-ONT-PROMETHION	2528531102.0	2527475576.0	70368.0	985158.0	8844.0	0.9613511013267445	0.9333337122913126	0.9999965008686383	0.008897366403689329	0.9911026335963107	0.9911026335963107	HG003	giabHC	-1	-2	ont	sentdont
On1-HG003-10x-5-D0-PF-ONT-PROMETHION-ont-sentdont-INS_50	INS_50	On1-HG003-10x-5-D0-PF-ONT-PROMETHION	2528531102.0	2528314437.0	64688.0	151977.0	38637.0	0.7463041305837032	0.701437703366949	0.9999847185108768	0.2026975982876389	0.7973024017123611	0.7973024017123611	HG003	giabHC	-1	-2	ont	sentdont
On1-HG003-10x-5-D0-PF-ONT-PROMETHION-ont-sentdont-INS_gt50	INS_gt50	On1-HG003-10x-5-D0-PF-ONT-PROMETHION	2528531102.0	2528531101.0	0.0	1.0	5.0	0.2857142857142857	1.0	0.9999999980225673	0.8333333333333334	0.16666666666666663	0.16666666666666666	HG003	giabHC	-1	-2	ont	sentdont
On1-HG003-10x-5-D0-PF-ONT-PROMETHION-ont-sentdont-DEL_50	DEL_50	On1-HG003-10x-5-D0-PF-ONT-PROMETHION	2528531102.0	2528297978.0	61947.0	171177.0	68686.0	0.7238127052117711	0.7342744633757142	0.9999728338452734	0.28635512771873944	0.7136448722812605	0.7136448722812605	HG003	giabHC	-1	-2	ont	sentdont
On1-HG003-10x-5-D0-PF-ONT-PROMETHION-ont-sentdont-DEL_gt50	DEL_gt50	On1-HG003-10x-5-D0-PF-ONT-PROMETHION	2528531102.0	2528531102.0	0.0	0.0	0.0			1.0				HG003	giabHC	-1	-2	ont	sentdont
On1-HG003-10x-5-D0-PF-ONT-PROMETHION-ont-sentdont-Indel_50	Indel_50	On1-HG003-10x-5-D0-PF-ONT-PROMETHION	2528531102.0	2528454803.0	9262.0	67037.0	15291.0	0.8452155055570615	0.8786091560833038	0.9999939524695046	0.18573267903993781	0.8142673209600622	0.8142673209600622	HG003	giabHC	-1	-2	ont	sentdont
On1-HG003-10x-5-D0-PF-ONT-PROMETHION-ont-sentdont-Indel_gt50	Indel_gt50	On1-HG003-10x-5-D0-PF-ONT-PROMETHION	2528531102.0	2528530061.0	35.0	1006.0	158.0	0.9124716553287983	0.9663784822286263	0.9999999375131059	0.13573883161512026	0.8642611683848798	0.8642611683848798	HG003	giabHC	-1	-2	ont	sentdont
On1-HG003-10x-5-D0-PF-ONT-PROMETHION-ont-sentdont-All	All	On1-HG003-10x-5-D0-PF-ONT-PROMETHION	2528531102.0	2524714008.0	345888.0	3471206.0	165721.0	0.9313646956454777	0.9093844689179779	0.9999343647944507	0.045566215654039795	0.9544337843459602	0.9544337843459602	HG003	giabHC	-1	-2	ont	sentdont
On1-HG003-10x-5-D0-PF-ONT-PROMETHION-ont-sentdont-SNPts	SNPts	On1-HG003-10x-5-D0-PF-ONT-PROMETHION	332544085.0	332289684.0	16278.0	238123.0	4478.0	0.9582375926052612	0.9360144024591098	0.999986523988345	0.018458291598138506	0.9815417084018615	0.9815417084018615	HG003	giabHC_x_ultima_x_clinvar	-1	-2	ont	sentdont
On1-HG003-10x-5-D0-PF-ONT-PROMETHION-ont-sentdont-SNPtv	SNPtv	On1-HG003-10x-5-D0-PF-ONT-PROMETHION	332544085.0	332431021.0	7501.0	105563.0	1029.0	0.9611665513348144	0.9336570437982028	0.9999969046305854	0.009653632542779947	0.99034636745722	0.99034636745722	HG003	giabHC_x_ultima_x_clinvar	-1	-2	ont	sentdont
On1-HG003-10x-5-D0-PF-ONT-PROMETHION-ont-sentdont-INS_50	INS_50	On1-HG003-10x-5-D0-PF-ONT-PROMETHION	332544085.0	332527453.0	2375.0	14257.0	1561.0	0.8787057010785825	0.8572029822029822	0.9999953056727856	0.0986850423568087	0.9013149576431914	0.9013149576431913	HG003	giabHC_x_ultima_x_clinvar	-1	-2	ont	sentdont
On1-HG003-10x-5-D0-PF-ONT-PROMETHION-ont-sentdont-INS_gt50	INS_gt50	On1-HG003-10x-5-D0-PF-ONT-PROMETHION	332544085.0	332544085.0	0.0	0.0	0.0			1.0				HG003	giabHC_x_ultima_x_clinvar	-1	-2	ont	sentdont
On1-HG003-10x-5-D0-PF-ONT-PROMETHION-ont-sentdont-DEL_50	DEL_50	On1-HG003-10x-5-D0-PF-ONT-PROMETHION	332544085.0	332525676.0	2555.0	15854.0	2698.0	0.857877221936636	0.8612091911564995	0.9999918864066619	0.1454290642518327	0.8545709357481673	0.8545709357481673	HG003	giabHC_x_ultima_x_clinvar	-1	-2	ont	sentdont
On1-HG003-10x-5-D0-PF-ONT-PROMETHION-ont-sentdont-DEL_gt50	DEL_gt50	On1-HG003-10x-5-D0-PF-ONT-PROMETHION	332544085.0	332544085.0	0.0	0.0	0.0			1.0				HG003	giabHC_x_ultima_x_clinvar	-1	-2	ont	sentdont
On1-HG003-10x-5-D0-PF-ONT-PROMETHION-ont-sentdont-Indel_50	Indel_50	On1-HG003-10x-5-D0-PF-ONT-PROMETHION	332544085.0	332539046.0	113.0	4926.0	619.0	0.9308390022675737	0.9775749156578686	0.9999981385679209	0.11163210099188459	0.8883678990081154	0.8883678990081154	HG003	giabHC_x_ultima_x_clinvar	-1	-2	ont	sentdont
On1-HG003-10x-5-D0-PF-ONT-PROMETHION-ont-sentdont-Indel_gt50	Indel_gt50	On1-HG003-10x-5-D0-PF-ONT-PROMETHION	332544085.0	332544020.0	2.0	63.0	5.0	0.9473684210526316	0.9692307692307692	0.9999999849643968	0.07352941176470588	0.9264705882352942	0.9264705882352942	HG003	giabHC_x_ultima_x_clinvar	-1	-2	ont	sentdont
On1-HG003-10x-5-D0-PF-ONT-PROMETHION-ont-sentdont-All	All	On1-HG003-10x-5-D0-PF-ONT-PROMETHION	332544085.0	332136475.0	28824.0	378786.0	10390.0	0.9507847778449923	0.9292853462868919	0.9999687186570314	0.026697432524102206	0.9733025674758978	0.9733025674758978	HG003	giabHC_x_ultima_x_clinvar	-1	-2	ont	sentdont
On1-HG003-10x-5-D0-PF-ONT-PROMETHION-ont-sentdont-SNPts	SNPts	On1-HG003-10x-5-D0-PF-ONT-PROMETHION	3088286401.0	3085984905.0	145686.0	2155810.0	498488.0	0.8700159853294951	0.9366994337596068	0.999838493218162	0.1878040822846568	0.8121959177153432	0.8121959177153432	HG003	hg38	-1	-2	ont	sentdont
On1-HG003-10x-5-D0-PF-ONT-PROMETHION-ont-sentdont-SNPtv	SNPtv	On1-HG003-10x-5-D0-PF-ONT-PROMETHION	3088286401.0	3087196678.0	74015.0	1015708.0	379524.0	0.8174860309341617	0.9320790696351274	0.9998770802807218	0.2720149767207174	0.7279850232792826	0.7279850232792826	HG003	hg38	-1	-2	ont	sentdont
On1-HG003-10x-5-D0-PF-ONT-PROMETHION-ont-sentdont-INS_50	INS_50	On1-HG003-10x-5-D0-PF-ONT-PROMETHION	3088286401.0	3088044921.0	73834.0	167646.0	167245.0	0.5817294763268798	0.6942438297167467	0.999945844070611	0.49940129773568115	0.5005987022643188	0.5005987022643188	HG003	hg38	-1	-2	ont	sentdont
On1-HG003-10x-5-D0-PF-ONT-PROMETHION-ont-sentdont-INS_gt50	INS_gt50	On1-HG003-10x-5-D0-PF-ONT-PROMETHION	3088286401.0	3088286187.0	148.0	66.0	1336.0	0.08168316831683169	0.308411214953271	0.9999995673977925	0.9529243937232525	0.04707560627674745	0.047075606276747506	HG003	hg38	-1	-2	ont	sentdont
On1-HG003-10x-5-D0-PF-ONT-PROMETHION-ont-sentdont-DEL_50	DEL_50	On1-HG003-10x-5-D0-PF-ONT-PROMETHION	3088286401.0	3088027666.0	70351.0	188384.0	257898.0	0.5344098085578078	0.7280963147622085	0.9999164915307683	0.5778812499719908	0.42211875002800925	0.4221187500280092	HG003	hg38	-1	-2	ont	sentdont
On1-HG003-10x-5-D0-PF-ONT-PROMETHION-ont-sentdont-DEL_gt50	DEL_gt50	On1-HG003-10x-5-D0-PF-ONT-PROMETHION	3088286401.0	3088286266.0	100.0	35.0	428.0	0.11705685618729096	0.25925925925925924	0.9999998614118304	0.9244060475161987	0.0755939524838013	0.0755939524838013	HG003	hg38	-1	-2	ont	sentdont
On1-HG003-10x-5-D0-PF-ONT-PROMETHION-ont-sentdont-Indel_50	Indel_50	On1-HG003-10x-5-D0-PF-ONT-PROMETHION	3088286401.0	3088196257.0	11912.0	78232.0	102453.0	0.57772247432882	0.8678558750443734	0.999966825424086	0.5670254863436367	0.4329745136563633	0.4329745136563633	HG003	hg38	-1	-2	ont	sentdont
On1-HG003-10x-5-D0-PF-ONT-PROMETHION-ont-sentdont-Indel_gt50	Indel_gt50	On1-HG003-10x-5-D0-PF-ONT-PROMETHION	3088286401.0	3088283667.0	275.0	2459.0	8358.0	0.36292524536934545	0.8994147768836869	0.9999972936497157	0.7726726449107886	0.22732735508921142	0.22732735508921142	HG003	hg38	-1	-2	ont	sentdont
On1-HG003-10x-5-D0-PF-ONT-PROMETHION-ont-sentdont-All	All	On1-HG003-10x-5-D0-PF-ONT-PROMETHION	3088286401.0	3084301740.0	376321.0	3608340.0	1415730.0	0.8010762004104685	0.9055575869565817	0.9995411990845682	0.2817894655130203	0.7182105344869797	0.7182105344869797	HG003	hg38	-1	-2	ont	sentdont
On1-HG003-10x-5-D0-PF-ONT-PROMETHION-ont-sentdont-SNPts	SNPts	On1-HG003-10x-5-D0-PF-ONT-PROMETHION	2799325643.0	2797091276.0	137738.0	2096629.0	216125.0	0.9221786708556909	0.9383548002633408	0.9999227382017712	0.09344919520191079	0.9065508047980892	0.9065508047980892	HG003	ultima	-1	-2	ont	sentdont
On1-HG003-10x-5-D0-PF-ONT-PROMETHION-ont-sentdont-SNPtv	SNPtv	On1-HG003-10x-5-D0-PF-ONT-PROMETHION	2799325643.0	2798281651.0	67103.0	976889.0	120199.0	0.9125198497954303	0.9357246032536648	0.9999570472696765	0.1095618583012484	0.8904381416987516	0.8904381416987516	HG003	ultima	-1	-2	ont	sentdont
On1-HG003-10x-5-D0-PF-ONT-PROMETHION-ont-sentdont-INS_50	INS_50	On1-HG003-10x-5-D0-PF-ONT-PROMETHION	2799325643.0	2799171219.0	22550.0	131874.0	63490.0	0.7540224364472196	0.8539734756255505	0.9999773188008152	0.32498310845396283	0.6750168915460372	0.6750168915460372	HG003	ultima	-1	-2	ont	sentdont
On1-HG003-10x-5-D0-PF-ONT-PROMETHION-ont-sentdont-INS_gt50	INS_gt50	On1-HG003-10x-5-D0-PF-ONT-PROMETHION	2799325643.0	2799325559.0	63.0	21.0	266.0	0.11320754716981131	0.25	0.9999999049771207	0.926829268292683	0.07317073170731703	0.07317073170731707	HG003	ultima	-1	-2	ont	sentdont
On1-HG003-10x-5-D0-PF-ONT-PROMETHION-ont-sentdont-DEL_50	DEL_50	On1-HG003-10x-5-D0-PF-ONT-PROMETHION	2799325643.0	2799153765.0	24401.0	147477.0	87511.0	0.7249413811918419	0.8580330234235911	0.9999687376001668	0.37240625053194204	0.6275937494680579	0.6275937494680579	HG003	ultima	-1	-2	ont	sentdont
On1-HG003-10x-5-D0-PF-ONT-PROMETHION-ont-sentdont-DEL_gt50	DEL_gt50	On1-HG003-10x-5-D0-PF-ONT-PROMETHION	2799325643.0	2799325557.0	66.0	20.0	108.0	0.1869158878504673	0.23255813953488372	0.9999999614192799	0.84375	0.15625	0.15625	HG003	ultima	-1	-2	ont	sentdont
On1-HG003-10x-5-D0-PF-ONT-PROMETHION-ont-sentdont-Indel_50	Indel_50	On1-HG003-10x-5-D0-PF-ONT-PROMETHION	2799325643.0	2799273116.0	1485.0	51042.0	19732.0	0.8279251587578365	0.971728825175624	0.9999929510769071	0.27880295023596235	0.7211970497640376	0.7211970497640376	HG003	ultima	-1	-2	ont	sentdont
On1-HG003-10x-5-D0-PF-ONT-PROMETHION-ont-sentdont-Indel_gt50	Indel_gt50	On1-HG003-10x-5-D0-PF-ONT-PROMETHION	2799325643.0	2799324249.0	122.0	1272.0	1238.0	0.6516393442622951	0.9124820659971306	0.9999995577506061	0.4932270916334661	0.5067729083665339	0.5067729083665339	HG003	ultima	-1	-2	ont	sentdont
On1-HG003-10x-5-D0-PF-ONT-PROMETHION-ont-sentdont-All	All	On1-HG003-10x-5-D0-PF-ONT-PROMETHION	2799325643.0	2795666891.0	253528.0	3405224.0	508669.0	0.8993486423832096	0.9307064266722642	0.9998180840261689	0.12996497349314354	0.8700350265068565	0.8700350265068565	HG003	ultima	-1	-2	ont	sentdont
On1-HG003-10x-5-D0-PF-ONT-PROMETHION-ont-sentdont-SNPts	SNPts	On1-HG003-10x-5-D0-PF-ONT-PROMETHION	377862616.0	377592061.0	17957.0	252598.0	48346.0	0.8839840489659649	0.9336290218255068	0.9998719787419359	0.1606478281673667	0.8393521718326333	0.8393521718326333	HG003	clinvar_genes	-1	-2	ont	sentdont
On1-HG003-10x-5-D0-PF-ONT-PROMETHION-ont-sentdont-SNPtv	SNPtv	On1-HG003-10x-5-D0-PF-ONT-PROMETHION	377862616.0	377740122.0	8725.0	113769.0	26763.0	0.8650779770821136	0.9287720214867667	0.9999291547219656	0.1904406113909999	0.8095593886090001	0.8095593886090001	HG003	clinvar_genes	-1	-2	ont	sentdont
On1-HG003-10x-5-D0-PF-ONT-PROMETHION-ont-sentdont-INS_50	INS_50	On1-HG003-10x-5-D0-PF-ONT-PROMETHION	377862616.0	377834979.0	8399.0	19238.0	17994.0	0.5931338543834497	0.6960958135832399	0.9999523783024462	0.4832939406961753	0.5167060593038246	0.5167060593038246	HG003	clinvar_genes	-1	-2	ont	sentdont
On1-HG003-10x-5-D0-PF-ONT-PROMETHION-ont-sentdont-INS_gt50	INS_gt50	On1-HG003-10x-5-D0-PF-ONT-PROMETHION	377862616.0	377862587.0	16.0	13.0	163.0	0.12682926829268293	0.4482758620689655	0.9999995686264391	0.9261363636363636	0.07386363636363635	0.07386363636363637	HG003	clinvar_genes	-1	-2	ont	sentdont
On1-HG003-10x-5-D0-PF-ONT-PROMETHION-ont-sentdont-DEL_50	DEL_50	On1-HG003-10x-5-D0-PF-ONT-PROMETHION	377862616.0	377833021.0	8063.0	21532.0	28920.0	0.5379839344385173	0.7275553302922791	0.9999234641098718	0.5732181083009593	0.4267818916990407	0.4267818916990407	HG003	clinvar_genes	-1	-2	ont	sentdont
On1-HG003-10x-5-D0-PF-ONT-PROMETHION-ont-sentdont-DEL_gt50	DEL_gt50	On1-HG003-10x-5-D0-PF-ONT-PROMETHION	377862616.0	377862599.0	14.0	3.0	65.0	0.07058823529411765	0.17647058823529413	0.9999998279798292	0.9558823529411765	0.044117647058823484	0.04411764705882353	HG003	clinvar_genes	-1	-2	ont	sentdont
On1-HG003-10x-5-D0-PF-ONT-PROMETHION-ont-sentdont-Indel_50	Indel_50	On1-HG003-10x-5-D0-PF-ONT-PROMETHION	377862616.0	377853116.0	1302.0	8198.0	10498.0	0.5815009221166124	0.8629473684210527	0.999972217489033	0.5615104835258878	0.43848951647411216	0.4384895164741121	HG003	clinvar_genes	-1	-2	ont	sentdont
On1-HG003-10x-5-D0-PF-ONT-PROMETHION-ont-sentdont-Indel_gt50	Indel_gt50	On1-HG003-10x-5-D0-PF-ONT-PROMETHION	377862616.0	377862320.0	32.0	264.0	822.0	0.38205499276411	0.8918918918918919	0.9999978246092073	0.7569060773480663	0.24309392265193375	0.2430939226519337	HG003	clinvar_genes	-1	-2	ont	sentdont
On1-HG003-10x-5-D0-PF-ONT-PROMETHION-ont-sentdont-All	All	On1-HG003-10x-5-D0-PF-ONT-PROMETHION	377862616.0	377402493.0	44508.0	415615.0	133571.0	0.8235634478638355	0.9032693431973624	0.9996462033359547	0.24321632379558109	0.7567836762044189	0.7567836762044189	HG003	clinvar_genes	-1	-2	ont	sentdont
On1-HG003-15x-6-D0-PF-ONT-PROMETHION-ont-sentdont-SNPts	SNPts	On1-HG003-15x-6-D0-PF-ONT-PROMETHION	332544085.0	332290099.0	6619.0	247367.0	2493.0	0.9819151089817127	0.9739395084768452	0.9999924975757509	0.009977587448971424	0.9900224125510286	0.9900224125510286	HG003	giabHC_x_ultima_x_clinvar	-1	-2	ont	sentdont
On1-HG003-15x-6-D0-PF-ONT-PROMETHION-ont-sentdont-SNPtv	SNPtv	On1-HG003-15x-6-D0-PF-ONT-PROMETHION	332544085.0	332431206.0	3081.0	109798.0	622.0	0.9834168536357082	0.9727052861914085	0.9999981289396874	0.005633037493207752	0.9943669625067922	0.9943669625067922	HG003	giabHC_x_ultima_x_clinvar	-1	-2	ont	sentdont
On1-HG003-15x-6-D0-PF-ONT-PROMETHION-ont-sentdont-INS_50	INS_50	On1-HG003-15x-6-D0-PF-ONT-PROMETHION	332544085.0	332527715.0	1229.0	15141.0	840.0	0.9360452536243083	0.924923640806353	0.9999974739011511	0.052562417871222074	0.9474375821287779	0.9474375821287779	HG003	giabHC_x_ultima_x_clinvar	-1	-2	ont	sentdont
On1-HG003-15x-6-D0-PF-ONT-PROMETHION-ont-sentdont-INS_gt50	INS_gt50	On1-HG003-15x-6-D0-PF-ONT-PROMETHION	332544085.0	332544085.0	0.0	0.0	0.0			1.0				HG003	giabHC_x_ultima_x_clinvar	-1	-2	ont	sentdont
On1-HG003-15x-6-D0-PF-ONT-PROMETHION-ont-sentdont-DEL_50	DEL_50	On1-HG003-15x-6-D0-PF-ONT-PROMETHION	332544085.0	332525779.0	1299.0	17007.0	1422.0	0.9259289505920785	0.9290396591281547	0.9999957236581076	0.07716099625590103	0.922839003744099	0.922839003744099	HG003	giabHC_x_ultima_x_clinvar	-1	-2	ont	sentdont
On1-HG003-15x-6-D0-PF-ONT-PROMETHION-ont-sentdont-DEL_gt50	DEL_gt50	On1-HG003-15x-6-D0-PF-ONT-PROMETHION	332544085.0	332544085.0	0.0	0.0	0.0			1.0				HG003	giabHC_x_ultima_x_clinvar	-1	-2	ont	sentdont
On1-HG003-15x-6-D0-PF-ONT-PROMETHION-ont-sentdont-Indel_50	Indel_50	On1-HG003-15x-6-D0-PF-ONT-PROMETHION	332544085.0	332538273.0	61.0	5751.0	425.0	0.9594594594594594	0.989504473503097	0.9999987219532567	0.06881476683937823	0.9311852331606217	0.9311852331606217	HG003	giabHC_x_ultima_x_clinvar	-1	-2	ont	sentdont
On1-HG003-15x-6-D0-PF-ONT-PROMETHION-ont-sentdont-Indel_gt50	Indel_gt50	On1-HG003-15x-6-D0-PF-ONT-PROMETHION	332544085.0	332544008.0	2.0	75.0	9.0	0.9316770186335404	0.974025974025974	0.9999999729359136	0.10714285714285714	0.8928571428571429	0.8928571428571429	HG003	giabHC_x_ultima_x_clinvar	-1	-2	ont	sentdont
On1-HG003-15x-6-D0-PF-ONT-PROMETHION-ont-sentdont-All	All	On1-HG003-15x-6-D0-PF-ONT-PROMETHION	332544085.0	332136655.0	12291.0	395139.0	5811.0	0.9776070659838195	0.9698328547235108	0.9999825044955257	0.014493078937523381	0.9855069210624766	0.9855069210624766	HG003	giabHC_x_ultima_x_clinvar	-1	-2	ont	sentdont
On1-HG003-15x-6-D0-PF-ONT-PROMETHION-ont-sentdont-SNPts	SNPts	On1-HG003-15x-6-D0-PF-ONT-PROMETHION	2505355380.0	2503175229.0	53983.0	2126168.0	17116.0	0.9835549742276685	0.9752388710690223	0.999993162331279	0.007985875880191333	0.9920141241198087	0.9920141241198087	HG003	giabHC_x_ultima	-1	-2	ont	sentdont
On1-HG003-15x-6-D0-PF-ONT-PROMETHION-ont-sentdont-SNPtv	SNPtv	On1-HG003-15x-6-D0-PF-ONT-PROMETHION	2505355380.0	2504337116.0	26828.0	991436.0	4603.0	0.9843960913526912	0.9736531979918763	0.9999981619920456	0.004621304989061673	0.9953786950109383	0.9953786950109383	HG003	giabHC_x_ultima	-1	-2	ont	sentdont
On1-HG003-15x-6-D0-PF-ONT-PROMETHION-ont-sentdont-INS_50	INS_50	On1-HG003-15x-6-D0-PF-ONT-PROMETHION	2505355380.0	2505212138.0	11174.0	132068.0	7733.0	0.9332009623979396	0.9219921531394424	0.9999969132449852	0.05531433966852884	0.9446856603314712	0.9446856603314712	HG003	giabHC_x_ultima	-1	-2	ont	sentdont
On1-HG003-15x-6-D0-PF-ONT-PROMETHION-ont-sentdont-INS_gt50	INS_gt50	On1-HG003-15x-6-D0-PF-ONT-PROMETHION	2505355380.0	2505355380.0	0.0	0.0	1.0			0.9999999996008551	1.0	0.0	0.0	HG003	giabHC_x_ultima	-1	-2	ont	sentdont
On1-HG003-15x-6-D0-PF-ONT-PROMETHION-ont-sentdont-DEL_50	DEL_50	On1-HG003-15x-6-D0-PF-ONT-PROMETHION	2505355380.0	2505196362.0	11773.0	147245.0	11765.0	0.9259876488862615	0.9259643562364009	0.999995303783397	0.07398905729199422	0.9260109427080058	0.9260109427080058	HG003	giabHC_x_ultima	-1	-2	ont	sentdont
On1-HG003-15x-6-D0-PF-ONT-PROMETHION-ont-sentdont-DEL_gt50	DEL_gt50	On1-HG003-15x-6-D0-PF-ONT-PROMETHION	2505355380.0	2505355380.0	0.0	0.0	0.0			1.0				HG003	giabHC_x_ultima	-1	-2	ont	sentdont
On1-HG003-15x-6-D0-PF-ONT-PROMETHION-ont-sentdont-Indel_50	Indel_50	On1-HG003-15x-6-D0-PF-ONT-PROMETHION	2505355380.0	2505301633.0	596.0	53151.0	3966.0	0.9588504834752489	0.988911008986548	0.999998416959591	0.06943641998004096	0.930563580019959	0.930563580019959	HG003	giabHC_x_ultima	-1	-2	ont	sentdont
On1-HG003-15x-6-D0-PF-ONT-PROMETHION-ont-sentdont-Indel_gt50	Indel_gt50	On1-HG003-15x-6-D0-PF-ONT-PROMETHION	2505355380.0	2505354563.0	20.0	797.0	76.0	0.9431952662721893	0.9755201958384333	0.9999999696649733	0.08705612829324169	0.9129438717067583	0.9129438717067583	HG003	giabHC_x_ultima	-1	-2	ont	sentdont
On1-HG003-15x-6-D0-PF-ONT-PROMETHION-ont-sentdont-All	All	On1-HG003-15x-6-D0-PF-ONT-PROMETHION	2505355380.0	2501800141.0	104374.0	3450865.0	45260.0	0.9787794248034849	0.9706421987382564	0.9999819093537986	0.01294576137866924	0.9870542386213308	0.9870542386213308	HG003	giabHC_x_ultima	-1	-2	ont	sentdont
On1-HG003-15x-6-D0-PF-ONT-PROMETHION-ont-sentdont-SNPts	SNPts	On1-HG003-15x-6-D0-PF-ONT-PROMETHION	2528531102.0	2526300406.0	57291.0	2173405.0	18868.0	0.9827810233352301	0.9743169844748006	0.999992531426968	0.008606592335899771	0.9913934076641002	0.9913934076641002	HG003	giabHC	-1	-2	ont	sentdont
On1-HG003-15x-6-D0-PF-ONT-PROMETHION-ont-sentdont-SNPtv	SNPtv	On1-HG003-15x-6-D0-PF-ONT-PROMETHION	2528531102.0	2527477645.0	30003.0	1023454.0	5682.0	0.9828651109458257	0.9715194829974075	0.9999977519139536	0.005521136176365417	0.9944788638236346	0.9944788638236346	HG003	giabHC	-1	-2	ont	sentdont
On1-HG003-15x-6-D0-PF-ONT-PROMETHION-ont-sentdont-INS_50	INS_50	On1-HG003-15x-6-D0-PF-ONT-PROMETHION	2528531102.0	2528316819.0	50182.0	164101.0	26328.0	0.8109519856095199	0.7658143669819818	0.9999895868565027	0.13825625298667746	0.8617437470133226	0.8617437470133226	HG003	giabHC	-1	-2	ont	sentdont
On1-HG003-15x-6-D0-PF-ONT-PROMETHION-ont-sentdont-INS_gt50	INS_gt50	On1-HG003-15x-6-D0-PF-ONT-PROMETHION	2528531102.0	2528531101.0	0.0	1.0	3.0	0.4	1.0	0.9999999988135404	0.75	0.25	0.25	HG003	giabHC	-1	-2	ont	sentdont
On1-HG003-15x-6-D0-PF-ONT-PROMETHION-ont-sentdont-DEL_50	DEL_50	On1-HG003-15x-6-D0-PF-ONT-PROMETHION	2528531102.0	2528299372.0	45835.0	185895.0	47757.0	0.7988920929472992	0.8022051525482242	0.9999811113753123	0.20439371372810847	0.7956062862718916	0.7956062862718916	HG003	giabHC	-1	-2	ont	sentdont
On1-HG003-15x-6-D0-PF-ONT-PROMETHION-ont-sentdont-DEL_gt50	DEL_gt50	On1-HG003-15x-6-D0-PF-ONT-PROMETHION	2528531102.0	2528531102.0	0.0	0.0	0.0			1.0				HG003	giabHC	-1	-2	ont	sentdont
On1-HG003-15x-6-D0-PF-ONT-PROMETHION-ont-sentdont-Indel_50	Indel_50	On1-HG003-15x-6-D0-PF-ONT-PROMETHION	2528531102.0	2528447580.0	7384.0	76138.0	11261.0	0.8909145160629764	0.9115921553602644	0.9999955462988689	0.1288458678016911	0.871154132198309	0.871154132198309	HG003	giabHC	-1	-2	ont	sentdont
On1-HG003-15x-6-D0-PF-ONT-PROMETHION-ont-sentdont-Indel_gt50	Indel_gt50	On1-HG003-15x-6-D0-PF-ONT-PROMETHION	2528531102.0	2528529816.0	25.0	1261.0	195.0	0.9197665937272065	0.9805598755832037	0.9999999228800928	0.13392857142857142	0.8660714285714286	0.8660714285714286	HG003	giabHC	-1	-2	ont	sentdont
On1-HG003-15x-6-D0-PF-ONT-PROMETHION-ont-sentdont-All	All	On1-HG003-15x-6-D0-PF-ONT-PROMETHION	2528531102.0	2524716127.0	190720.0	3624255.0	110094.0	0.9601535183812484	0.9500075360913243	0.9999563954148273	0.029481443753650236	0.9705185562463498	0.9705185562463498	HG003	giabHC	-1	-2	ont	sentdont
On1-HG003-15x-6-D0-PF-ONT-PROMETHION-ont-sentdont-SNPts	SNPts	On1-HG003-15x-6-D0-PF-ONT-PROMETHION	3088286401.0	3085988815.0	60600.0	2236986.0	509638.0	0.8869519706752892	0.9736244910963072	0.999834881498319	0.18555069787491846	0.8144493021250816	0.8144493021250816	HG003	hg38	-1	-2	ont	sentdont
On1-HG003-15x-6-D0-PF-ONT-PROMETHION-ont-sentdont-SNPtv	SNPtv	On1-HG003-15x-6-D0-PF-ONT-PROMETHION	3088286401.0	3087198889.0	32177.0	1055335.0	408325.0	0.8273334765354903	0.9704122805081691	0.9998677535801352	0.27897530847327934	0.7210246915267207	0.7210246915267207	HG003	hg38	-1	-2	ont	sentdont
On1-HG003-15x-6-D0-PF-ONT-PROMETHION-ont-sentdont-INS_50	INS_50	On1-HG003-15x-6-D0-PF-ONT-PROMETHION	3088286401.0	3088047934.0	57495.0	180972.0	145183.0	0.6410377208114456	0.7588974575098442	0.9999529877198415	0.4451349818337907	0.5548650181662094	0.5548650181662094	HG003	hg38	-1	-2	ont	sentdont
On1-HG003-15x-6-D0-PF-ONT-PROMETHION-ont-sentdont-INS_gt50	INS_gt50	On1-HG003-15x-6-D0-PF-ONT-PROMETHION	3088286401.0	3088286193.0	138.0	70.0	1429.0	0.08201523140011716	0.33653846153846156	0.9999995372840309	0.9533022014676451	0.046697798532354895	0.0466977985323549	HG003	hg38	-1	-2	ont	sentdont
On1-HG003-15x-6-D0-PF-ONT-PROMETHION-ont-sentdont-DEL_50	DEL_50	On1-HG003-15x-6-D0-PF-ONT-PROMETHION	3088286401.0	3088029473.0	52464.0	204464.0	215030.0	0.604545683020363	0.7958027151575539	0.9999303714457223	0.5125937438914502	0.4874062561085498	0.4874062561085498	HG003	hg38	-1	-2	ont	sentdont
On1-HG003-15x-6-D0-PF-ONT-PROMETHION-ont-sentdont-DEL_gt50	DEL_gt50	On1-HG003-15x-6-D0-PF-ONT-PROMETHION	3088286401.0	3088286263.0	97.0	41.0	447.0	0.13099041533546327	0.2971014492753623	0.9999998552595526	0.9159836065573771	0.0840163934426229	0.08401639344262295	HG003	hg38	-1	-2	ont	sentdont
On1-HG003-15x-6-D0-PF-ONT-PROMETHION-ont-sentdont-Indel_50	Indel_50	On1-HG003-15x-6-D0-PF-ONT-PROMETHION	3088286401.0	3088187994.0	9529.0	88878.0	100733.0	0.6171697602233194	0.903167457599561	0.9999673822595927	0.5312613719668162	0.4687386280331838	0.4687386280331837	HG003	hg38	-1	-2	ont	sentdont
On1-HG003-15x-6-D0-PF-ONT-PROMETHION-ont-sentdont-Indel_gt50	Indel_gt50	On1-HG003-15x-6-D0-PF-ONT-PROMETHION	3088286401.0	3088283173.0	199.0	3029.0	9887.0	0.3752477700693756	0.9383519206939281	0.9999967985551216	0.7654846701765252	0.23451532982347478	0.23451532982347476	HG003	hg38	-1	-2	ont	sentdont
On1-HG003-15x-6-D0-PF-ONT-PROMETHION-ont-sentdont-All	All	On1-HG003-15x-6-D0-PF-ONT-PROMETHION	3088286401.0	3084303927.0	212699.0	3769775.0	1390672.0	0.8246325217072312	0.946591239515939	0.9995493163839186	0.26948673244778987	0.7305132675522101	0.7305132675522101	HG003	hg38	-1	-2	ont	sentdont
On1-HG003-15x-6-D0-PF-ONT-PROMETHION-ont-sentdont-SNPts	SNPts	On1-HG003-15x-6-D0-PF-ONT-PROMETHION	688815815.0	688748891.0	3309.0	63615.0	490770.0	0.20477733301787032	0.9505558544020083	0.9992879544986022	0.8852512243296626	0.11474877567033737	0.1147487756703374	HG003	hg38_m_giabHC	-1	-2	ont	sentdont
On1-HG003-15x-6-D0-PF-ONT-PROMETHION-ont-sentdont-SNPtv	SNPtv	On1-HG003-15x-6-D0-PF-ONT-PROMETHION	688815815.0	688781746.0	2174.0	31895.0	402643.0	0.13612686110109326	0.9361883236960287	0.9994157688328021	0.926600205275488	0.07339979472451197	0.07339979472451201	HG003	hg38_m_giabHC	-1	-2	ont	sentdont
On1-HG003-15x-6-D0-PF-ONT-PROMETHION-ont-sentdont-INS_50	INS_50	On1-HG003-15x-6-D0-PF-ONT-PROMETHION	688815815.0	688791704.0	7310.0	16801.0	118853.0	0.2103214095703064	0.6968188793496745	0.9998274768781051	0.8761481415955298	0.12385185840447022	0.1238518584044702	HG003	hg38_m_giabHC	-1	-2	ont	sentdont
On1-HG003-15x-6-D0-PF-ONT-PROMETHION-ont-sentdont-INS_gt50	INS_gt50	On1-HG003-15x-6-D0-PF-ONT-PROMETHION	688815815.0	688815608.0	138.0	69.0	1426.0	0.08108108108108109	0.3333333333333333	0.9999979297840651	0.9538461538461539	0.0461538461538461	0.046153846153846156	HG003	hg38_m_giabHC	-1	-2	ont	sentdont
On1-HG003-15x-6-D0-PF-ONT-PROMETHION-ont-sentdont-DEL_50	DEL_50	On1-HG003-15x-6-D0-PF-ONT-PROMETHION	688815815.0	688790423.0	6647.0	18745.0	167277.0	0.17732978894491377	0.7382246376811594	0.9997572028006945	0.8992323488619626	0.10076765113803743	0.10076765113803744	HG003	hg38_m_giabHC	-1	-2	ont	sentdont
On1-HG003-15x-6-D0-PF-ONT-PROMETHION-ont-sentdont-DEL_gt50	DEL_gt50	On1-HG003-15x-6-D0-PF-ONT-PROMETHION	688815815.0	688815677.0	97.0	41.0	447.0	0.13099041533546327	0.2971014492753623	0.9999993510604871	0.9159836065573771	0.0840163934426229	0.08401639344262295	HG003	hg38_m_giabHC	-1	-2	ont	sentdont
On1-HG003-15x-6-D0-PF-ONT-PROMETHION-ont-sentdont-Indel_50	Indel_50	On1-HG003-15x-6-D0-PF-ONT-PROMETHION	688815815.0	688800929.0	2145.0	12741.0	89472.0	0.217610739630569	0.8559048770656993	0.9998701215754057	0.8753485368788706	0.1246514631211294	0.1246514631211294	HG003	hg38_m_giabHC	-1	-2	ont	sentdont
On1-HG003-15x-6-D0-PF-ONT-PROMETHION-ont-sentdont-Indel_gt50	Indel_gt50	On1-HG003-15x-6-D0-PF-ONT-PROMETHION	688815815.0	688813870.0	176.0	1769.0	9694.0	0.26387231503579955	0.9095115681233933	0.9999859267299979	0.8456773968420135	0.15432260315798652	0.15432260315798657	HG003	hg38_m_giabHC	-1	-2	ont	sentdont
On1-HG003-15x-6-D0-PF-ONT-PROMETHION-ont-sentdont-All	All	On1-HG003-15x-6-D0-PF-ONT-PROMETHION	688815815.0	688648143.0	21996.0	145676.0	1280582.0	0.18278845369621	0.8688153060737631	0.9981438923274285	0.8978613967458903	0.10213860325410973	0.1021386032541097	HG003	hg38_m_giabHC	-1	-2	ont	sentdont
On1-HG003-15x-6-D0-PF-ONT-PROMETHION-ont-sentdont-SNPts	SNPts	On1-HG003-15x-6-D0-PF-ONT-PROMETHION	337668665.0	337406126.0	7178.0	255361.0	2834.0	0.9807732930824568	0.9726593001420741	0.9999916006972666	0.01097620015879471	0.9890237998412053	0.9890237998412053	HG003	giabHC_x_clinvar_genes	-1	-2	ont	sentdont
On1-HG003-15x-6-D0-PF-ONT-PROMETHION-ont-sentdont-SNPtv	SNPtv	On1-HG003-15x-6-D0-PF-ONT-PROMETHION	337668665.0	337550375.0	3514.0	114776.0	800.0	0.981553539206212	0.9702933468594133	0.9999976299889936	0.006921852287672181	0.9930781477123278	0.9930781477123278	HG003	giabHC_x_clinvar_genes	-1	-2	ont	sentdont
On1-HG003-15x-6-D0-PF-ONT-PROMETHION-ont-sentdont-INS_50	INS_50	On1-HG003-15x-6-D0-PF-ONT-PROMETHION	337668665.0	337643924.0	5723.0	19018.0	2904.0	0.8151211880933501	0.7686835616992037	0.9999913992972562	0.132469665176535	0.867530334823465	0.867530334823465	HG003	giabHC_x_clinvar_genes	-1	-2	ont	sentdont
On1-HG003-15x-6-D0-PF-ONT-PROMETHION-ont-sentdont-INS_gt50	INS_gt50	On1-HG003-15x-6-D0-PF-ONT-PROMETHION	337668665.0	337668665.0	0.0	0.0	0.0			1.0				HG003	giabHC_x_clinvar_genes	-1	-2	ont	sentdont
On1-HG003-15x-6-D0-PF-ONT-PROMETHION-ont-sentdont-DEL_50	DEL_50	On1-HG003-15x-6-D0-PF-ONT-PROMETHION	337668665.0	337641943.0	5157.0	21565.0	5869.0	0.7964029839722283	0.8070129481326248	0.9999826179830242	0.2139316177006634	0.7860683822993366	0.7860683822993366	HG003	giabHC_x_clinvar_genes	-1	-2	ont	sentdont
On1-HG003-15x-6-D0-PF-ONT-PROMETHION-ont-sentdont-DEL_gt50	DEL_gt50	On1-HG003-15x-6-D0-PF-ONT-PROMETHION	337668665.0	337668665.0	0.0	0.0	0.0			1.0				HG003	giabHC_x_clinvar_genes	-1	-2	ont	sentdont
On1-HG003-15x-6-D0-PF-ONT-PROMETHION-ont-sentdont-Indel_50	Indel_50	On1-HG003-15x-6-D0-PF-ONT-PROMETHION	337668665.0	337659639.0	810.0	8216.0	1271.0	0.8875925025657646	0.9102592510525149	0.9999962358687003	0.13397280489090335	0.8660271951090966	0.8660271951090966	HG003	giabHC_x_clinvar_genes	-1	-2	ont	sentdont
On1-HG003-15x-6-D0-PF-ONT-PROMETHION-ont-sentdont-Indel_gt50	Indel_gt50	On1-HG003-15x-6-D0-PF-ONT-PROMETHION	337668665.0	337668537.0	3.0	125.0	26.0	0.8960573476702509	0.9765625	0.9999999230014196	0.17218543046357615	0.8278145695364238	0.8278145695364238	HG003	giabHC_x_clinvar_genes	-1	-2	ont	sentdont
On1-HG003-15x-6-D0-PF-ONT-PROMETHION-ont-sentdont-All	All	On1-HG003-15x-6-D0-PF-ONT-PROMETHION	337668665.0	337227219.0	22385.0	419061.0	13704.0	0.9587182041864035	0.9492916460903486	0.9999593643621951	0.03166614675401199	0.968333853245988	0.968333853245988	HG003	giabHC_x_clinvar_genes	-1	-2	ont	sentdont
On1-HG003-15x-6-D0-PF-ONT-PROMETHION-ont-sentdont-SNPts	SNPts	On1-HG003-15x-6-D0-PF-ONT-PROMETHION	377862616.0	377592501.0	7639.0	262476.0	47259.0	0.9053237906355092	0.9717194528256483	0.9998748569271414	0.15257881737614412	0.8474211826238559	0.8474211826238559	HG003	clinvar_genes	-1	-2	ont	sentdont
On1-HG003-15x-6-D0-PF-ONT-PROMETHION-ont-sentdont-SNPtv	SNPtv	On1-HG003-15x-6-D0-PF-ONT-PROMETHION	377862616.0	377740357.0	3822.0	118437.0	26705.0	0.8858381232680507	0.9687384977793045	0.9999293082889265	0.18399222830056083	0.8160077716994392	0.8160077716994392	HG003	clinvar_genes	-1	-2	ont	sentdont
On1-HG003-15x-6-D0-PF-ONT-PROMETHION-ont-sentdont-INS_50	INS_50	On1-HG003-15x-6-D0-PF-ONT-PROMETHION	377862616.0	377835332.0	6522.0	20762.0	15318.0	0.655324790101635	0.760958803694473	0.9999594601729546	0.42455654101995566	0.5754434589800443	0.5754434589800443	HG003	clinvar_genes	-1	-2	ont	sentdont
On1-HG003-15x-6-D0-PF-ONT-PROMETHION-ont-sentdont-INS_gt50	INS_gt50	On1-HG003-15x-6-D0-PF-ONT-PROMETHION	377862616.0	377862589.0	15.0	12.0	186.0	0.10666666666666667	0.4444444444444444	0.9999995077578097	0.9393939393939394	0.06060606060606055	0.06060606060606061	HG003	clinvar_genes	-1	-2	ont	sentdont
On1-HG003-15x-6-D0-PF-ONT-PROMETHION-ont-sentdont-DEL_50	DEL_50	On1-HG003-15x-6-D0-PF-ONT-PROMETHION	377862616.0	377833210.0	5908.0	23498.0	23283.0	0.616850643810624	0.7990886213697885	0.9999383813685054	0.4977020585280349	0.502297941471965	0.5022979414719652	HG003	clinvar_genes	-1	-2	ont	sentdont
On1-HG003-15x-6-D0-PF-ONT-PROMETHION-ont-sentdont-DEL_gt50	DEL_gt50	On1-HG003-15x-6-D0-PF-ONT-PROMETHION	377862616.0	377862598.0	13.0	5.0	60.0	0.12048192771084337	0.2777777777777778	0.9999998412121475	0.9230769230769231	0.07692307692307687	0.07692307692307693	HG003	clinvar_genes	-1	-2	ont	sentdont
On1-HG003-15x-6-D0-PF-ONT-PROMETHION-ont-sentdont-Indel_50	Indel_50	On1-HG003-15x-6-D0-PF-ONT-PROMETHION	377862616.0	377852153.0	1042.0	9421.0	10178.0	0.6267713392322534	0.9004109719965593	0.9999730642639792	0.5193122098066227	0.48068779019337726	0.4806877901933772	HG003	clinvar_genes	-1	-2	ont	sentdont
On1-HG003-15x-6-D0-PF-ONT-PROMETHION-ont-sentdont-Indel_gt50	Indel_gt50	On1-HG003-15x-6-D0-PF-ONT-PROMETHION	377862616.0	377862272.0	25.0	319.0	990.0	0.3859649122807018	0.9273255813953488	0.9999973800046219	0.7563025210084033	0.24369747899159666	0.24369747899159663	HG003	clinvar_genes	-1	-2	ont	sentdont
On1-HG003-15x-6-D0-PF-ONT-PROMETHION-ont-sentdont-All	All	On1-HG003-15x-6-D0-PF-ONT-PROMETHION	377862616.0	377402700.0	24986.0	434930.0	123979.0	0.8537874512305843	0.9456726880560798	0.9996716020167676	0.22182323061535958	0.7781767693846404	0.7781767693846404	HG003	clinvar_genes	-1	-2	ont	sentdont
On1-HG003-15x-6-D0-PF-ONT-PROMETHION-ont-sentdont-SNPts	SNPts	On1-HG003-15x-6-D0-PF-ONT-PROMETHION	2799325643.0	2797094936.0	55662.0	2175045.0	201195.0	0.9442457228181701	0.9750473728732639	0.9999280751874031	0.08466947783052217	0.9153305221694779	0.9153305221694779	HG003	ultima	-1	-2	ont	sentdont
On1-HG003-15x-6-D0-PF-ONT-PROMETHION-ont-sentdont-SNPtv	SNPtv	On1-HG003-15x-6-D0-PF-ONT-PROMETHION	2799325643.0	2798283528.0	27726.0	1014389.0	117272.0	0.9332967150249152	0.9733944910110688	0.9999580932080923	0.10362820668026909	0.8963717933197309	0.8963717933197309	HG003	ultima	-1	-2	ont	sentdont
On1-HG003-15x-6-D0-PF-ONT-PROMETHION-ont-sentdont-INS_50	INS_50	On1-HG003-15x-6-D0-PF-ONT-PROMETHION	2799325643.0	2799173240.0	12142.0	140261.0	45260.0	0.8301334027769557	0.9203296523034323	0.9999838312014585	0.24396160003449743	0.7560383999655026	0.7560383999655026	HG003	ultima	-1	-2	ont	sentdont
On1-HG003-15x-6-D0-PF-ONT-PROMETHION-ont-sentdont-INS_gt50	INS_gt50	On1-HG003-15x-6-D0-PF-ONT-PROMETHION	2799325643.0	2799325560.0	61.0	22.0	285.0	0.11282051282051284	0.26506024096385544	0.9999998981897729	0.9283387622149837	0.07166123778501632	0.07166123778501629	HG003	ultima	-1	-2	ont	sentdont
On1-HG003-15x-6-D0-PF-ONT-PROMETHION-ont-sentdont-DEL_50	DEL_50	On1-HG003-15x-6-D0-PF-ONT-PROMETHION	2799325643.0	2799155315.0	13235.0	157093.0	60338.0	0.810261012639294	0.9222969799445775	0.9999784446761237	0.27750412774627353	0.7224958722537265	0.7224958722537265	HG003	ultima	-1	-2	ont	sentdont
On1-HG003-15x-6-D0-PF-ONT-PROMETHION-ont-sentdont-DEL_gt50	DEL_gt50	On1-HG003-15x-6-D0-PF-ONT-PROMETHION	2799325643.0	2799325554.0	63.0	26.0	109.0	0.23214285714285715	0.29213483146067415	0.9999999610620509	0.8074074074074075	0.19259259259259254	0.1925925925925926	HG003	ultima	-1	-2	ont	sentdont
On1-HG003-15x-6-D0-PF-ONT-PROMETHION-ont-sentdont-Indel_50	Indel_50	On1-HG003-15x-6-D0-PF-ONT-PROMETHION	2799325643.0	2799266209.0	768.0	58666.0	19572.0	0.8522575396594805	0.987078103442474	0.9999930082165484	0.2501597689102482	0.7498402310897518	0.7498402310897517	HG003	ultima	-1	-2	ont	sentdont
On1-HG003-15x-6-D0-PF-ONT-PROMETHION-ont-sentdont-Indel_gt50	Indel_gt50	On1-HG003-15x-6-D0-PF-ONT-PROMETHION	2799325643.0	2799324017.0	85.0	1541.0	1445.0	0.668256721595837	0.9477244772447725	0.9999994838042165	0.4839249832551909	0.5160750167448092	0.5160750167448092	HG003	ultima	-1	-2	ont	sentdont
On1-HG003-15x-6-D0-PF-ONT-PROMETHION-ont-sentdont-All	All	On1-HG003-15x-6-D0-PF-ONT-PROMETHION	2799325643.0	2795668858.0	109742.0	3547043.0	445476.0	0.9274158799284222	0.9699894852992451	0.9998406803346405	0.11157767815256484	0.8884223218474352	0.8884223218474352	HG003	ultima	-1	-2	ont	sentdont
On1-HG003-1x-1-D0-PF-ONT-PROMETHION-ont-sentdont-SNPts	SNPts	On1-HG003-1x-1-D0-PF-ONT-PROMETHION	2799325643.0	2797072356.0	1594879.0	658408.0	98968.0	0.43738405793009705	0.29219890764026063	0.9999646185418996	0.13067221564982254	0.8693277843501774	0.8693277843501774	HG003	ultima	-1	-2	ont	sentdont
On1-HG003-1x-1-D0-PF-ONT-PROMETHION-ont-sentdont-SNPtv	SNPtv	On1-HG003-1x-1-D0-PF-ONT-PROMETHION	2799325643.0	2798268530.0	751401.0	305712.0	59857.0	0.4297685638814577	0.2891951948372596	0.9999786097299095	0.16373653127043047	0.8362634687295696	0.8362634687295695	HG003	ultima	-1	-2	ont	sentdont
On1-HG003-1x-1-D0-PF-ONT-PROMETHION-ont-sentdont-INS_50	INS_50	On1-HG003-1x-1-D0-PF-ONT-PROMETHION	2799325643.0	2799161705.0	132279.0	31659.0	35610.0	0.2738584904436284	0.1931156900779563	0.9999872784959427	0.5293671676403693	0.4706328323596307	0.4706328323596307	HG003	ultima	-1	-2	ont	sentdont
On1-HG003-1x-1-D0-PF-ONT-PROMETHION-ont-sentdont-INS_gt50	INS_gt50	On1-HG003-1x-1-D0-PF-ONT-PROMETHION	2799325643.0	2799325547.0	93.0	3.0	69.0	0.03571428571428572	0.03125	0.9999999753512061	0.9583333333333334	0.04166666666666663	0.041666666666666664	HG003	ultima	-1	-2	ont	sentdont
On1-HG003-1x-1-D0-PF-ONT-PROMETHION-ont-sentdont-DEL_50	DEL_50	On1-HG003-1x-1-D0-PF-ONT-PROMETHION	2799325643.0	2799147523.0	141699.0	36421.0	51768.0	0.273524364553958	0.2044745115652369	0.9999815061399285	0.5870119856217896	0.4129880143782104	0.4129880143782104	HG003	ultima	-1	-2	ont	sentdont
On1-HG003-1x-1-D0-PF-ONT-PROMETHION-ont-sentdont-DEL_gt50	DEL_gt50	On1-HG003-1x-1-D0-PF-ONT-PROMETHION	2799325643.0	2799325554.0	87.0	2.0	25.0	0.034482758620689655	0.02247191011235955	0.9999999910692775	0.9259259259259259	0.07407407407407407	0.07407407407407407	HG003	ultima	-1	-2	ont	sentdont
On1-HG003-1x-1-D0-PF-ONT-PROMETHION-ont-sentdont-Indel_50	Indel_50	On1-HG003-1x-1-D0-PF-ONT-PROMETHION	2799325643.0	2799307926.0	14228.0	3489.0	2176.0	0.2984346933538619	0.19692950273748377	0.9999992226656138	0.38411297440423653	0.6158870255957635	0.6158870255957635	HG003	ultima	-1	-2	ont	sentdont
On1-HG003-1x-1-D0-PF-ONT-PROMETHION-ont-sentdont-Indel_gt50	Indel_gt50	On1-HG003-1x-1-D0-PF-ONT-PROMETHION	2799325643.0	2799324897.0	688.0	58.0	88.0	0.13004484304932734	0.0777479892761394	0.9999999685638501	0.6027397260273972	0.3972602739726028	0.3972602739726027	HG003	ultima	-1	-2	ont	sentdont
On1-HG003-1x-1-D0-PF-ONT-PROMETHION-ont-sentdont-All	All	On1-HG003-1x-1-D0-PF-ONT-PROMETHION	2799325643.0	2795654537.0	2635354.0	1035752.0	248561.0	0.4180280214448062	0.2821362281557656	0.9999110981349183	0.19353615512729375	0.8064638448727063	0.8064638448727063	HG003	ultima	-1	-2	ont	sentdont
On1-HG003-1x-1-D0-PF-ONT-PROMETHION-ont-sentdont-SNPts	SNPts	On1-HG003-1x-1-D0-PF-ONT-PROMETHION	688815815.0	688747869.0	49146.0	18800.0	176411.0	0.1428804857936517	0.2766903128955347	0.9997439326713815	0.9036939516728053	0.0963060483271947	0.09630604832719468	HG003	hg38_m_giabHC	-1	-2	ont	sentdont
On1-HG003-1x-1-D0-PF-ONT-PROMETHION-ont-sentdont-SNPtv	SNPtv	On1-HG003-1x-1-D0-PF-ONT-PROMETHION	688815815.0	688780768.0	25929.0	9118.0	139229.0	0.09943618657098924	0.26016492139127456	0.9997979025132	0.9385360000539276	0.061463999946072434	0.061463999946072385	HG003	hg38_m_giabHC	-1	-2	ont	sentdont
On1-HG003-1x-1-D0-PF-ONT-PROMETHION-ont-sentdont-INS_50	INS_50	On1-HG003-1x-1-D0-PF-ONT-PROMETHION	688815815.0	688788844.0	23816.0	3155.0	44224.0	0.08486886348352388	0.1169774943457788	0.9999357986687132	0.9334093163637899	0.06659068363621012	0.06659068363621014	HG003	hg38_m_giabHC	-1	-2	ont	sentdont
On1-HG003-1x-1-D0-PF-ONT-PROMETHION-ont-sentdont-INS_gt50	INS_gt50	On1-HG003-1x-1-D0-PF-ONT-PROMETHION	688815815.0	688815579.0	226.0	10.0	394.0	0.03125000000000001	0.0423728813559322	0.9999994280039728	0.9752475247524752	0.024752475247524774	0.024752475247524754	HG003	hg38_m_giabHC	-1	-2	ont	sentdont
On1-HG003-1x-1-D0-PF-ONT-PROMETHION-ont-sentdont-DEL_50	DEL_50	On1-HG003-1x-1-D0-PF-ONT-PROMETHION	688815815.0	688788626.0	23449.0	3740.0	61025.0	0.0813450203362551	0.1375556291147155	0.9999114102766672	0.9422527599783834	0.057747240021616575	0.057747240021616617	HG003	hg38_m_giabHC	-1	-2	ont	sentdont
On1-HG003-1x-1-D0-PF-ONT-PROMETHION-ont-sentdont-DEL_gt50	DEL_gt50	On1-HG003-1x-1-D0-PF-ONT-PROMETHION	688815815.0	688815677.0	133.0	5.0	100.0	0.041152263374485604	0.036231884057971016	0.999999854823302	0.9523809523809523	0.04761904761904767	0.047619047619047616	HG003	hg38_m_giabHC	-1	-2	ont	sentdont
On1-HG003-1x-1-D0-PF-ONT-PROMETHION-ont-sentdont-Indel_50	Indel_50	On1-HG003-1x-1-D0-PF-ONT-PROMETHION	688815815.0	688806342.0	8657.0	816.0	6474.0	0.09735727495078447	0.08613955452338225	0.9999906012201725	0.8880658436213992	0.11193415637860082	0.11193415637860082	HG003	hg38_m_giabHC	-1	-2	ont	sentdont
On1-HG003-1x-1-D0-PF-ONT-PROMETHION-ont-sentdont-Indel_gt50	Indel_gt50	On1-HG003-1x-1-D0-PF-ONT-PROMETHION	688815815.0	688814790.0	962.0	63.0	495.0	0.07959570435881237	0.06146341463414634	0.9999992813748318	0.8870967741935484	0.11290322580645162	0.11290322580645161	HG003	hg38_m_giabHC	-1	-2	ont	sentdont
On1-HG003-1x-1-D0-PF-ONT-PROMETHION-ont-sentdont-All	All	On1-HG003-1x-1-D0-PF-ONT-PROMETHION	688815815.0	688647790.0	132318.0	35707.0	428352.0	0.11298181887217523	0.21251004314834102	0.9993783676811727	0.923055042570018	0.07694495742998197	0.07694495742998196	HG003	hg38_m_giabHC	-1	-2	ont	sentdont
On1-HG003-1x-1-D0-PF-ONT-PROMETHION-ont-sentdont-SNPts	SNPts	On1-HG003-1x-1-D0-PF-ONT-PROMETHION	332544085.0	332287339.0	183666.0	73080.0	2008.0	0.44046119445264803	0.28463929330934074	0.9999939570738029	0.02674195610483699	0.973258043895163	0.973258043895163	HG003	giabHC_x_ultima_x_clinvar	-1	-2	ont	sentdont
On1-HG003-1x-1-D0-PF-ONT-PROMETHION-ont-sentdont-SNPtv	SNPtv	On1-HG003-1x-1-D0-PF-ONT-PROMETHION	332544085.0	332429654.0	82140.0	32291.0	528.0	0.4385874363327674	0.2821875191163234	0.9999984116965649	0.016088241567384746	0.9839117584326152	0.9839117584326152	HG003	giabHC_x_ultima_x_clinvar	-1	-2	ont	sentdont
On1-HG003-1x-1-D0-PF-ONT-PROMETHION-ont-sentdont-INS_50	INS_50	On1-HG003-1x-1-D0-PF-ONT-PROMETHION	332544085.0	332526602.0	14159.0	3324.0	889.0	0.3064159292035398	0.19012755247955157	0.9999973265368306	0.21101352955138855	0.7889864704486115	0.7889864704486115	HG003	giabHC_x_ultima_x_clinvar	-1	-2	ont	sentdont
On1-HG003-1x-1-D0-PF-ONT-PROMETHION-ont-sentdont-INS_gt50	INS_gt50	On1-HG003-1x-1-D0-PF-ONT-PROMETHION	332544085.0	332544085.0	0.0	0.0	0.0			1.0				HG003	giabHC_x_ultima_x_clinvar	-1	-2	ont	sentdont
On1-HG003-1x-1-D0-PF-ONT-PROMETHION-ont-sentdont-DEL_50	DEL_50	On1-HG003-1x-1-D0-PF-ONT-PROMETHION	332544085.0	332525105.0	15127.0	3853.0	1321.0	0.31903618448290133	0.2030031612223393	0.9999960273833995	0.2553150367220719	0.7446849632779281	0.7446849632779281	HG003	giabHC_x_ultima_x_clinvar	-1	-2	ont	sentdont
On1-HG003-1x-1-D0-PF-ONT-PROMETHION-ont-sentdont-DEL_gt50	DEL_gt50	On1-HG003-1x-1-D0-PF-ONT-PROMETHION	332544085.0	332544085.0	0.0	0.0	0.0			1.0				HG003	giabHC_x_ultima_x_clinvar	-1	-2	ont	sentdont
On1-HG003-1x-1-D0-PF-ONT-PROMETHION-ont-sentdont-Indel_50	Indel_50	On1-HG003-1x-1-D0-PF-ONT-PROMETHION	332544085.0	332542711.0	1083.0	291.0	100.0	0.3297450424929178	0.21179039301310043	0.9999996992868386	0.2557544757033248	0.7442455242966752	0.7442455242966752	HG003	giabHC_x_ultima_x_clinvar	-1	-2	ont	sentdont
On1-HG003-1x-1-D0-PF-ONT-PROMETHION-ont-sentdont-Indel_gt50	Indel_gt50	On1-HG003-1x-1-D0-PF-ONT-PROMETHION	332544085.0	332544061.0	22.0	2.0	1.0	0.14814814814814814	0.08333333333333333	0.9999999969928797	0.3333333333333333	0.6666666666666667	0.6666666666666666	HG003	giabHC_x_ultima_x_clinvar	-1	-2	ont	sentdont
On1-HG003-1x-1-D0-PF-ONT-PROMETHION-ont-sentdont-All	All	On1-HG003-1x-1-D0-PF-ONT-PROMETHION	332544085.0	332135047.0	296197.0	112841.0	4847.0	0.4284618568287877	0.2758692346432361	0.9999854067515298	0.04118516756168853	0.9588148324383114	0.9588148324383114	HG003	giabHC_x_ultima_x_clinvar	-1	-2	ont	sentdont
On1-HG003-1x-1-D0-PF-ONT-PROMETHION-ont-sentdont-SNPts	SNPts	On1-HG003-1x-1-D0-PF-ONT-PROMETHION	3088286401.0	3085964335.0	1645486.0	676580.0	192909.0	0.42398141344893003	0.29136984047826375	0.9999374921675248	0.2218647964494088	0.7781352035505912	0.7781352035505912	HG003	hg38	-1	-2	ont	sentdont
On1-HG003-1x-1-D0-PF-ONT-PROMETHION-ont-sentdont-SNPtv	SNPtv	On1-HG003-1x-1-D0-PF-ONT-PROMETHION	3088286401.0	3087181094.0	788303.0	317004.0	143811.0	0.4048266993248291	0.28680176638707616	0.9999534188968038	0.3120796849060903	0.6879203150939097	0.6879203150939097	HG003	hg38	-1	-2	ont	sentdont
On1-HG003-1x-1-D0-PF-ONT-PROMETHION-ont-sentdont-INS_50	INS_50	On1-HG003-1x-1-D0-PF-ONT-PROMETHION	3088286401.0	3088030134.0	219795.0	36472.0	58837.0	0.20747718843151977	0.14232031435963272	0.9999809471163064	0.6173288986349663	0.3826711013650337	0.38267110136503374	HG003	hg38	-1	-2	ont	sentdont
On1-HG003-1x-1-D0-PF-ONT-PROMETHION-ont-sentdont-INS_gt50	INS_gt50	On1-HG003-1x-1-D0-PF-ONT-PROMETHION	3088286401.0	3088286164.0	227.0	10.0	395.0	0.031152647975077878	0.04219409282700422	0.9999998720973613	0.9753086419753086	0.024691358024691357	0.024691358024691357	HG003	hg38	-1	-2	ont	sentdont
On1-HG003-1x-1-D0-PF-ONT-PROMETHION-ont-sentdont-DEL_50	DEL_50	On1-HG003-1x-1-D0-PF-ONT-PROMETHION	3088286401.0	3088015669.0	229239.0	41493.0	81032.0	0.21102230856666251	0.1532622667434954	0.999973759889069	0.6613507447459702	0.3386492552540298	0.3386492552540298	HG003	hg38	-1	-2	ont	sentdont
On1-HG003-1x-1-D0-PF-ONT-PROMETHION-ont-sentdont-DEL_gt50	DEL_gt50	On1-HG003-1x-1-D0-PF-ONT-PROMETHION	3088286401.0	3088286263.0	133.0	5.0	100.0	0.041152263374485604	0.036231884057971016	0.9999999676195831	0.9523809523809523	0.04761904761904767	0.047619047619047616	HG003	hg38	-1	-2	ont	sentdont
On1-HG003-1x-1-D0-PF-ONT-PROMETHION-ont-sentdont-Indel_50	Indel_50	On1-HG003-1x-1-D0-PF-ONT-PROMETHION	3088286401.0	3088243771.0	37471.0	5159.0	8051.0	0.1847779369627507	0.12101806239737274	0.999997393023476	0.6094625283875852	0.3905374716124148	0.3905374716124148	HG003	hg38	-1	-2	ont	sentdont
On1-HG003-1x-1-D0-PF-ONT-PROMETHION-ont-sentdont-Indel_gt50	Indel_gt50	On1-HG003-1x-1-D0-PF-ONT-PROMETHION	3088286401.0	3088285009.0	1285.0	107.0	509.0	0.10657370517928286	0.07686781609195402	0.9999998351836328	0.8262987012987013	0.1737012987012987	0.1737012987012987	HG003	hg38	-1	-2	ont	sentdont
On1-HG003-1x-1-D0-PF-ONT-PROMETHION-ont-sentdont-All	All	On1-HG003-1x-1-D0-PF-ONT-PROMETHION	3088286401.0	3084287632.0	2921939.0	1076830.0	485644.0	0.3872623440479044	0.2692903741126332	0.9998425673602082	0.3108173320004045	0.6891826679995955	0.6891826679995955	HG003	hg38	-1	-2	ont	sentdont
On1-HG003-1x-1-D0-PF-ONT-PROMETHION-ont-sentdont-SNPts	SNPts	On1-HG003-1x-1-D0-PF-ONT-PROMETHION	2505355380.0	2503153115.0	1558427.0	643838.0	15584.0	0.44997094371257235	0.2923526460257962	0.9999937742909593	0.023632817831373536	0.9763671821686265	0.9763671821686265	HG003	giabHC_x_ultima	-1	-2	ont	sentdont
On1-HG003-1x-1-D0-PF-ONT-PROMETHION-ont-sentdont-SNPtv	SNPtv	On1-HG003-1x-1-D0-PF-ONT-PROMETHION	2505355380.0	2504322468.0	733830.0	299082.0	4008.0	0.4477268746603673	0.28955225614573166	0.9999983995696893	0.013223794912402257	0.9867762050875978	0.9867762050875978	HG003	giabHC_x_ultima	-1	-2	ont	sentdont
On1-HG003-1x-1-D0-PF-ONT-PROMETHION-ont-sentdont-INS_50	INS_50	On1-HG003-1x-1-D0-PF-ONT-PROMETHION	2505355380.0	2505201627.0	123891.0	29862.0	8575.0	0.310754982049014	0.19422060057364735	0.9999965771335303	0.22309233290839556	0.7769076670916044	0.7769076670916044	HG003	giabHC_x_ultima	-1	-2	ont	sentdont
On1-HG003-1x-1-D0-PF-ONT-PROMETHION-ont-sentdont-INS_gt50	INS_gt50	On1-HG003-1x-1-D0-PF-ONT-PROMETHION	2505355380.0	2505355380.0	0.0	0.0	1.0			0.9999999996008551	1.0	0.0	0.0	HG003	giabHC_x_ultima	-1	-2	ont	sentdont
On1-HG003-1x-1-D0-PF-ONT-PROMETHION-ont-sentdont-DEL_50	DEL_50	On1-HG003-1x-1-D0-PF-ONT-PROMETHION	2505355380.0	2505189364.0	131969.0	34047.0	11491.0	0.3218752658895601	0.20508264263685427	0.9999954131422328	0.25233870613553516	0.7476612938644649	0.7476612938644649	HG003	giabHC_x_ultima	-1	-2	ont	sentdont
On1-HG003-1x-1-D0-PF-ONT-PROMETHION-ont-sentdont-DEL_gt50	DEL_gt50	On1-HG003-1x-1-D0-PF-ONT-PROMETHION	2505355380.0	2505355380.0	0.0	0.0	0.0			1.0				HG003	giabHC_x_ultima	-1	-2	ont	sentdont
On1-HG003-1x-1-D0-PF-ONT-PROMETHION-ont-sentdont-Indel_50	Indel_50	On1-HG003-1x-1-D0-PF-ONT-PROMETHION	2505355380.0	2505340860.0	11388.0	3132.0	858.0	0.33841166936790923	0.21570247933884298	0.9999996575317476	0.21503759398496242	0.7849624060150375	0.7849624060150376	HG003	giabHC_x_ultima	-1	-2	ont	sentdont
On1-HG003-1x-1-D0-PF-ONT-PROMETHION-ont-sentdont-Indel_gt50	Indel_gt50	On1-HG003-1x-1-D0-PF-ONT-PROMETHION	2505355380.0	2505355101.0	247.0	32.0	7.0	0.20125786163522014	0.11469534050179211	0.9999999972059849	0.1794871794871795	0.8205128205128205	0.8205128205128205	HG003	giabHC_x_ultima	-1	-2	ont	sentdont
On1-HG003-1x-1-D0-PF-ONT-PROMETHION-ont-sentdont-All	All	On1-HG003-1x-1-D0-PF-ONT-PROMETHION	2505355380.0	2501785635.0	2559752.0	1009993.0	40524.0	0.4372016132418464	0.2829314138684976	0.99998380223188	0.03857529197528455	0.9614247080247155	0.9614247080247155	HG003	giabHC_x_ultima	-1	-2	ont	sentdont
On1-HG003-1x-1-D0-PF-ONT-PROMETHION-ont-sentdont-SNPts	SNPts	On1-HG003-1x-1-D0-PF-ONT-PROMETHION	337668665.0	337403163.0	190153.0	75349.0	2196.0	0.43929257506988834	0.28379823880799393	0.9999934915082366	0.02831904055709588	0.9716809594429041	0.9716809594429041	HG003	giabHC_x_clinvar_genes	-1	-2	ont	sentdont
On1-HG003-1x-1-D0-PF-ONT-PROMETHION-ont-sentdont-SNPtv	SNPtv	On1-HG003-1x-1-D0-PF-ONT-PROMETHION	337668665.0	337548568.0	86502.0	33595.0	632.0	0.43538270132967005	0.2797322164583628	0.99999812768035	0.018464954568031086	0.9815350454319689	0.9815350454319689	HG003	giabHC_x_clinvar_genes	-1	-2	ont	sentdont
On1-HG003-1x-1-D0-PF-ONT-PROMETHION-ont-sentdont-INS_50	INS_50	On1-HG003-1x-1-D0-PF-ONT-PROMETHION	337668665.0	337642359.0	22542.0	3764.0	1548.0	0.23809222594724527	0.14308522770470616	0.9999954152882137	0.2914156626506024	0.7085843373493976	0.7085843373493976	HG003	giabHC_x_clinvar_genes	-1	-2	ont	sentdont
On1-HG003-1x-1-D0-PF-ONT-PROMETHION-ont-sentdont-INS_gt50	INS_gt50	On1-HG003-1x-1-D0-PF-ONT-PROMETHION	337668665.0	337668665.0	0.0	0.0	0.0			1.0				HG003	giabHC_x_clinvar_genes	-1	-2	ont	sentdont
On1-HG003-1x-1-D0-PF-ONT-PROMETHION-ont-sentdont-DEL_50	DEL_50	On1-HG003-1x-1-D0-PF-ONT-PROMETHION	337668665.0	337640658.0	23707.0	4300.0	2314.0	0.2484041477715837	0.15353304531010104	0.9999931466069432	0.3498639250075597	0.6501360749924403	0.6501360749924403	HG003	giabHC_x_clinvar_genes	-1	-2	ont	sentdont
On1-HG003-1x-1-D0-PF-ONT-PROMETHION-ont-sentdont-DEL_gt50	DEL_gt50	On1-HG003-1x-1-D0-PF-ONT-PROMETHION	337668665.0	337668665.0	0.0	0.0	0.0			1.0				HG003	giabHC_x_clinvar_genes	-1	-2	ont	sentdont
On1-HG003-1x-1-D0-PF-ONT-PROMETHION-ont-sentdont-Indel_50	Indel_50	On1-HG003-1x-1-D0-PF-ONT-PROMETHION	337668665.0	337665347.0	2890.0	428.0	174.0	0.21836734693877552	0.1289933694996986	0.9999994846971657	0.28903654485049834	0.7109634551495017	0.7109634551495017	HG003	giabHC_x_clinvar_genes	-1	-2	ont	sentdont
On1-HG003-1x-1-D0-PF-ONT-PROMETHION-ont-sentdont-Indel_gt50	Indel_gt50	On1-HG003-1x-1-D0-PF-ONT-PROMETHION	337668665.0	337668628.0	32.0	5.0	3.0	0.22222222222222224	0.13513513513513514	0.9999999911155502	0.375	0.625	0.625	HG003	giabHC_x_clinvar_genes	-1	-2	ont	sentdont
On1-HG003-1x-1-D0-PF-ONT-PROMETHION-ont-sentdont-All	All	On1-HG003-1x-1-D0-PF-ONT-PROMETHION	337668665.0	337225398.0	325826.0	117441.0	6867.0	0.4138342950270889	0.26494415329812504	0.9999796371797343	0.055241818708369535	0.9447581812916305	0.9447581812916305	HG003	giabHC_x_clinvar_genes	-1	-2	ont	sentdont
On1-HG003-1x-1-D0-PF-ONT-PROMETHION-ont-sentdont-SNPts	SNPts	On1-HG003-1x-1-D0-PF-ONT-PROMETHION	377862616.0	377589445.0	195827.0	77344.0	18713.0	0.4189498087902327	0.2831340076362425	0.9999504433376145	0.19481141405623745	0.8051885859437625	0.8051885859437625	HG003	clinvar_genes	-1	-2	ont	sentdont
On1-HG003-1x-1-D0-PF-ONT-PROMETHION-ont-sentdont-SNPtv	SNPtv	On1-HG003-1x-1-D0-PF-ONT-PROMETHION	377862616.0	377738448.0	89607.0	34561.0	10403.0	0.408686706241279	0.2783406352683461	0.999972460538338	0.23136286807223558	0.7686371319277644	0.7686371319277644	HG003	clinvar_genes	-1	-2	ont	sentdont
On1-HG003-1x-1-D0-PF-ONT-PROMETHION-ont-sentdont-INS_50	INS_50	On1-HG003-1x-1-D0-PF-ONT-PROMETHION	377862616.0	377833474.0	25039.0	4103.0	6159.0	0.20825296924170136	0.14079335666735296	0.9999836994336695	0.6001754044045995	0.3998245955954005	0.3998245955954005	HG003	clinvar_genes	-1	-2	ont	sentdont
On1-HG003-1x-1-D0-PF-ONT-PROMETHION-ont-sentdont-INS_gt50	INS_gt50	On1-HG003-1x-1-D0-PF-ONT-PROMETHION	377862616.0	377862586.0	30.0	0.0	55.0		0.0	0.999999854444462	1.0	0.0	0.0	HG003	clinvar_genes	-1	-2	ont	sentdont
On1-HG003-1x-1-D0-PF-ONT-PROMETHION-ont-sentdont-DEL_50	DEL_50	On1-HG003-1x-1-D0-PF-ONT-PROMETHION	377862616.0	377831754.0	26190.0	4672.0	8520.0	0.21210332773414448	0.15138357851078996	0.999977450789166	0.6458459672528806	0.35415403274711943	0.3541540327471195	HG003	clinvar_genes	-1	-2	ont	sentdont
On1-HG003-1x-1-D0-PF-ONT-PROMETHION-ont-sentdont-DEL_gt50	DEL_gt50	On1-HG003-1x-1-D0-PF-ONT-PROMETHION	377862616.0	377862598.0	18.0	0.0	12.0		0.0	0.9999999682424254	1.0	0.0	0.0	HG003	clinvar_genes	-1	-2	ont	sentdont
On1-HG003-1x-1-D0-PF-ONT-PROMETHION-ont-sentdont-Indel_50	Indel_50	On1-HG003-1x-1-D0-PF-ONT-PROMETHION	377862616.0	377858386.0	3733.0	497.0	798.0	0.17990950226244343	0.11749408983451537	0.9999978881021455	0.6162162162162163	0.38378378378378375	0.3837837837837838	HG003	clinvar_genes	-1	-2	ont	sentdont
On1-HG003-1x-1-D0-PF-ONT-PROMETHION-ont-sentdont-Indel_gt50	Indel_gt50	On1-HG003-1x-1-D0-PF-ONT-PROMETHION	377862616.0	377862473.0	131.0	12.0	62.0	0.11059907834101383	0.08391608391608392	0.9999998359191656	0.8378378378378378	0.16216216216216217	0.16216216216216217	HG003	clinvar_genes	-1	-2	ont	sentdont
On1-HG003-1x-1-D0-PF-ONT-PROMETHION-ont-sentdont-All	All	On1-HG003-1x-1-D0-PF-ONT-PROMETHION	377862616.0	377400852.0	340575.0	121189.0	44722.0	0.38615206914406347	0.2624479171178351	0.9998815140431346	0.26955415855488785	0.7304458414451122	0.7304458414451122	HG003	clinvar_genes	-1	-2	ont	sentdont
On1-HG003-1x-1-D0-PF-ONT-PROMETHION-ont-sentdont-SNPts	SNPts	On1-HG003-1x-1-D0-PF-ONT-PROMETHION	2528531102.0	2526276972.0	1596340.0	657790.0	16498.0	0.44924597513059955	0.2918154676083456	0.9999934694839709	0.024467289941390028	0.97553271005861	0.97553271005861	HG003	giabHC	-1	-2	ont	sentdont
On1-HG003-1x-1-D0-PF-ONT-PROMETHION-ont-sentdont-SNPtv	SNPtv	On1-HG003-1x-1-D0-PF-ONT-PROMETHION	2528531102.0	2527460838.0	762374.0	307890.0	4582.0	0.4453344673169715	0.2876766853785608	0.9999981871166411	0.014663713868762642	0.9853362861312374	0.9853362861312374	HG003	giabHC	-1	-2	ont	sentdont
On1-HG003-1x-1-D0-PF-ONT-PROMETHION-ont-sentdont-INS_50	INS_50	On1-HG003-1x-1-D0-PF-ONT-PROMETHION	2528531102.0	2528301885.0	195915.0	33302.0	14610.0	0.24033572812661252	0.14528590811327258	0.9999942214512981	0.30493404575054267	0.6950659542494573	0.6950659542494574	HG003	giabHC	-1	-2	ont	sentdont
On1-HG003-1x-1-D0-PF-ONT-PROMETHION-ont-sentdont-INS_gt50	INS_gt50	On1-HG003-1x-1-D0-PF-ONT-PROMETHION	2528531102.0	2528531101.0	1.0	0.0	1.0		0.0	0.9999999996045135	1.0	0.0	0.0	HG003	giabHC	-1	-2	ont	sentdont
On1-HG003-1x-1-D0-PF-ONT-PROMETHION-ont-sentdont-DEL_50	DEL_50	On1-HG003-1x-1-D0-PF-ONT-PROMETHION	2528531102.0	2528287367.0	205933.0	37802.0	20009.0	0.25072128298833346	0.1550946724926662	0.9999920860097194	0.34611060178858694	0.6538893982114131	0.653889398211413	HG003	giabHC	-1	-2	ont	sentdont
On1-HG003-1x-1-D0-PF-ONT-PROMETHION-ont-sentdont-DEL_gt50	DEL_gt50	On1-HG003-1x-1-D0-PF-ONT-PROMETHION	2528531102.0	2528531102.0	0.0	0.0	0.0			1.0				HG003	giabHC	-1	-2	ont	sentdont
On1-HG003-1x-1-D0-PF-ONT-PROMETHION-ont-sentdont-Indel_50	Indel_50	On1-HG003-1x-1-D0-PF-ONT-PROMETHION	2528531102.0	2528497945.0	28814.0	4343.0	1577.0	0.22227909000179133	0.130982899538559	0.9999993763099474	0.2663851351351351	0.7336148648648648	0.7336148648648648	HG003	giabHC	-1	-2	ont	sentdont
On1-HG003-1x-1-D0-PF-ONT-PROMETHION-ont-sentdont-Indel_gt50	Indel_gt50	On1-HG003-1x-1-D0-PF-ONT-PROMETHION	2528531102.0	2528530733.0	325.0	44.0	14.0	0.20608899297423885	0.11924119241192412	0.9999999944631878	0.2413793103448276	0.7586206896551724	0.7586206896551724	HG003	giabHC	-1	-2	ont	sentdont
On1-HG003-1x-1-D0-PF-ONT-PROMETHION-ont-sentdont-All	All	On1-HG003-1x-1-D0-PF-ONT-PROMETHION	2528531102.0	2524700229.0	2789702.0	1041171.0	57291.0	0.4224387265219345	0.27178426431782	0.9999773083159289	0.05215565035476876	0.9478443496452312	0.9478443496452312	HG003	giabHC	-1	-2	ont	sentdont
On1-HG003-20x-7-D0-PF-ONT-PROMETHION-ont-sentdont-SNPts	SNPts	On1-HG003-20x-7-D0-PF-ONT-PROMETHION	688815815.0	688748829.0	2394.0	64592.0	504909.0	0.20296408253428586	0.9642611889051443	0.9992674555506001	0.8865814107437915	0.11341858925620851	0.1134185892562085	HG003	hg38_m_giabHC	-1	-2	ont	sentdont
On1-HG003-20x-7-D0-PF-ONT-PROMETHION-ont-sentdont-SNPtv	SNPtv	On1-HG003-20x-7-D0-PF-ONT-PROMETHION	688815815.0	688781704.0	1638.0	32473.0	423074.0	0.13263543126018568	0.9519802996100964	0.9993861418064632	0.9287164661385104	0.07128353386148956	0.0712835338614896	HG003	hg38_m_giabHC	-1	-2	ont	sentdont
On1-HG003-20x-7-D0-PF-ONT-PROMETHION-ont-sentdont-INS_50	INS_50	On1-HG003-20x-7-D0-PF-ONT-PROMETHION	688815815.0	688791772.0	6366.0	17677.0	115003.0	0.22558271600211838	0.7352243896352368	0.9998330644955553	0.8667696713898101	0.1332303286101899	0.13323032861018994	HG003	hg38_m_giabHC	-1	-2	ont	sentdont
On1-HG003-20x-7-D0-PF-ONT-PROMETHION-ont-sentdont-INS_gt50	INS_gt50	On1-HG003-20x-7-D0-PF-ONT-PROMETHION	688815815.0	688815604.0	136.0	75.0	1572.0	0.08073196986006459	0.35545023696682465	0.9999977178269434	0.9544626593806922	0.04553734061930781	0.04553734061930783	HG003	hg38_m_giabHC	-1	-2	ont	sentdont
On1-HG003-20x-7-D0-PF-ONT-PROMETHION-ont-sentdont-DEL_50	DEL_50	On1-HG003-20x-7-D0-PF-ONT-PROMETHION	688815815.0	688790558.0	5688.0	19569.0	152310.0	0.1985329924519114	0.7747951063071624	0.999778922161656	0.8861466496779711	0.11385335032202892	0.11385335032202887	HG003	hg38_m_giabHC	-1	-2	ont	sentdont
On1-HG003-20x-7-D0-PF-ONT-PROMETHION-ont-sentdont-DEL_gt50	DEL_gt50	On1-HG003-20x-7-D0-PF-ONT-PROMETHION	688815815.0	688815677.0	96.0	42.0	475.0	0.1282442748091603	0.30434782608695654	0.9999993104110602	0.9187620889748549	0.0812379110251451	0.08123791102514506	HG003	hg38_m_giabHC	-1	-2	ont	sentdont
On1-HG003-20x-7-D0-PF-ONT-PROMETHION-ont-sentdont-Indel_50	Indel_50	On1-HG003-20x-7-D0-PF-ONT-PROMETHION	688815815.0	688800809.0	1877.0	13129.0	89650.0	0.2229316126841278	0.874916699986672	0.9998698631998327	0.8722598974498682	0.1277401025501318	0.12774010255013182	HG003	hg38_m_giabHC	-1	-2	ont	sentdont
On1-HG003-20x-7-D0-PF-ONT-PROMETHION-ont-sentdont-Indel_gt50	Indel_gt50	On1-HG003-20x-7-D0-PF-ONT-PROMETHION	688815815.0	688813830.0	149.0	1836.0	9803.0	0.26952436876101	0.9249370277078086	0.9999857684906116	0.8422544892172867	0.15774551078271326	0.1577455107827133	HG003	hg38_m_giabHC	-1	-2	ont	sentdont
On1-HG003-20x-7-D0-PF-ONT-PROMETHION-ont-sentdont-All	All	On1-HG003-20x-7-D0-PF-ONT-PROMETHION	688815815.0	688648078.0	18344.0	149393.0	1296796.0	0.18512992541169793	0.8906383207044362	0.9981204353436504	0.8966988408845593	0.10330115911544069	0.10330115911544065	HG003	hg38_m_giabHC	-1	-2	ont	sentdont
On1-HG003-20x-7-D0-PF-ONT-PROMETHION-ont-sentdont-SNPts	SNPts	On1-HG003-20x-7-D0-PF-ONT-PROMETHION	332544085.0	332289729.0	3320.0	251036.0	1457.0	0.9905751022493879	0.9869474280142791	0.9999956152914631	0.005770457002768394	0.9942295429972317	0.9942295429972317	HG003	giabHC_x_ultima_x_clinvar	-1	-2	ont	sentdont
On1-HG003-20x-7-D0-PF-ONT-PROMETHION-ont-sentdont-SNPtv	SNPtv	On1-HG003-20x-7-D0-PF-ONT-PROMETHION	332544085.0	332430982.0	1627.0	111476.0	497.0	0.9905631875455403	0.9856148820102031	0.9999985049550617	0.0044385700124137065	0.9955614299875863	0.9955614299875863	HG003	giabHC_x_ultima_x_clinvar	-1	-2	ont	sentdont
On1-HG003-20x-7-D0-PF-ONT-PROMETHION-ont-sentdont-INS_50	INS_50	On1-HG003-20x-7-D0-PF-ONT-PROMETHION	332544085.0	332527705.0	741.0	15639.0	561.0	0.960036832412523	0.9547619047619048	0.999998312925374	0.03462962962962963	0.9653703703703703	0.9653703703703703	HG003	giabHC_x_ultima_x_clinvar	-1	-2	ont	sentdont
On1-HG003-20x-7-D0-PF-ONT-PROMETHION-ont-sentdont-INS_gt50	INS_gt50	On1-HG003-20x-7-D0-PF-ONT-PROMETHION	332544085.0	332544085.0	0.0	0.0	0.0			1.0				HG003	giabHC_x_ultima_x_clinvar	-1	-2	ont	sentdont
On1-HG003-20x-7-D0-PF-ONT-PROMETHION-ont-sentdont-DEL_50	DEL_50	On1-HG003-20x-7-D0-PF-ONT-PROMETHION	332544085.0	332525795.0	793.0	17497.0	832.0	0.9556241295502336	0.9566429743028978	0.9999974979447285	0.04539254732936876	0.9546074526706312	0.9546074526706312	HG003	giabHC_x_ultima_x_clinvar	-1	-2	ont	sentdont
On1-HG003-20x-7-D0-PF-ONT-PROMETHION-ont-sentdont-DEL_gt50	DEL_gt50	On1-HG003-20x-7-D0-PF-ONT-PROMETHION	332544085.0	332544085.0	0.0	0.0	0.0			1.0				HG003	giabHC_x_ultima_x_clinvar	-1	-2	ont	sentdont
On1-HG003-20x-7-D0-PF-ONT-PROMETHION-ont-sentdont-Indel_50	Indel_50	On1-HG003-20x-7-D0-PF-ONT-PROMETHION	332544085.0	332538673.0	34.0	5378.0	325.0	0.96770130454341	0.9937176644493718	0.9999990226710191	0.056987550412063825	0.9430124495879362	0.9430124495879362	HG003	giabHC_x_ultima_x_clinvar	-1	-2	ont	sentdont
On1-HG003-20x-7-D0-PF-ONT-PROMETHION-ont-sentdont-Indel_gt50	Indel_gt50	On1-HG003-20x-7-D0-PF-ONT-PROMETHION	332544085.0	332544005.0	2.0	78.0	6.0	0.951219512195122	0.975	0.9999999819572755	0.07142857142857142	0.9285714285714286	0.9285714285714286	HG003	giabHC_x_ultima_x_clinvar	-1	-2	ont	sentdont
On1-HG003-20x-7-D0-PF-ONT-PROMETHION-ont-sentdont-All	All	On1-HG003-20x-7-D0-PF-ONT-PROMETHION	332544085.0	332136464.0	6517.0	401104.0	3678.0	0.9874508095120279	0.9840121092877943	0.99998892636109	0.009086372417745849	0.9909136275822541	0.9909136275822541	HG003	giabHC_x_ultima_x_clinvar	-1	-2	ont	sentdont
On1-HG003-20x-7-D0-PF-ONT-PROMETHION-ont-sentdont-SNPts	SNPts	On1-HG003-20x-7-D0-PF-ONT-PROMETHION	337668665.0	337405766.0	3693.0	259206.0	1701.0	0.9897022943608894	0.9859527803453038	0.9999949586177949	0.006519564442502501	0.9934804355574975	0.9934804355574975	HG003	giabHC_x_clinvar_genes	-1	-2	ont	sentdont
On1-HG003-20x-7-D0-PF-ONT-PROMETHION-ont-sentdont-SNPtv	SNPtv	On1-HG003-20x-7-D0-PF-ONT-PROMETHION	337668665.0	337550165.0	1927.0	116573.0	644.0	0.9890928528701791	0.9837383966244726	0.9999980921390711	0.0054940836226827165	0.9945059163773173	0.9945059163773173	HG003	giabHC_x_clinvar_genes	-1	-2	ont	sentdont
On1-HG003-20x-7-D0-PF-ONT-PROMETHION-ont-sentdont-INS_50	INS_50	On1-HG003-20x-7-D0-PF-ONT-PROMETHION	337668665.0	337643925.0	4908.0	19832.0	2398.0	0.8444539067489887	0.8016168148746968	0.9999928978939303	0.10787224471434997	0.89212775528565	0.89212775528565	HG003	giabHC_x_clinvar_genes	-1	-2	ont	sentdont
On1-HG003-20x-7-D0-PF-ONT-PROMETHION-ont-sentdont-INS_gt50	INS_gt50	On1-HG003-20x-7-D0-PF-ONT-PROMETHION	337668665.0	337668665.0	0.0	0.0	0.0			1.0				HG003	giabHC_x_clinvar_genes	-1	-2	ont	sentdont
On1-HG003-20x-7-D0-PF-ONT-PROMETHION-ont-sentdont-DEL_50	DEL_50	On1-HG003-20x-7-D0-PF-ONT-PROMETHION	337668665.0	337641889.0	4326.0	22450.0	4366.0	0.8378116136736826	0.8384374066328055	0.9999870693071955	0.16281324582338902	0.8371867541766109	0.8371867541766109	HG003	giabHC_x_clinvar_genes	-1	-2	ont	sentdont
On1-HG003-20x-7-D0-PF-ONT-PROMETHION-ont-sentdont-DEL_gt50	DEL_gt50	On1-HG003-20x-7-D0-PF-ONT-PROMETHION	337668665.0	337668665.0	0.0	0.0	0.0			1.0				HG003	giabHC_x_clinvar_genes	-1	-2	ont	sentdont
On1-HG003-20x-7-D0-PF-ONT-PROMETHION-ont-sentdont-Indel_50	Indel_50	On1-HG003-20x-7-D0-PF-ONT-PROMETHION	337668665.0	337660079.0	701.0	7885.0	1027.0	0.9012458566693337	0.9183554623806196	0.9999969584889057	0.115237881508079	0.884762118491921	0.884762118491921	HG003	giabHC_x_clinvar_genes	-1	-2	ont	sentdont
On1-HG003-20x-7-D0-PF-ONT-PROMETHION-ont-sentdont-Indel_gt50	Indel_gt50	On1-HG003-20x-7-D0-PF-ONT-PROMETHION	337668665.0	337668532.0	2.0	131.0	17.0	0.9323843416370107	0.9849624060150376	0.9999999496547722	0.11486486486486487	0.8851351351351351	0.8851351351351351	HG003	giabHC_x_clinvar_genes	-1	-2	ont	sentdont
On1-HG003-20x-7-D0-PF-ONT-PROMETHION-ont-sentdont-All	All	On1-HG003-20x-7-D0-PF-ONT-PROMETHION	337668665.0	337227031.0	15557.0	426077.0	10153.0	0.9707130033809337	0.964773998378748	0.999969893592754	0.023274419457625563	0.9767255805423745	0.9767255805423745	HG003	giabHC_x_clinvar_genes	-1	-2	ont	sentdont
On1-HG003-20x-7-D0-PF-ONT-PROMETHION-ont-sentdont-SNPts	SNPts	On1-HG003-20x-7-D0-PF-ONT-PROMETHION	3088286401.0	3085985934.0	31616.0	2268851.0	515632.0	0.8923788827815415	0.9862567035301962	0.9998329396603326	0.18518051645493974	0.8148194835450603	0.8148194835450603	HG003	hg38	-1	-2	ont	sentdont
On1-HG003-20x-7-D0-PF-ONT-PROMETHION-ont-sentdont-SNPtv	SNPtv	On1-HG003-20x-7-D0-PF-ONT-PROMETHION	3088286401.0	3087196700.0	17777.0	1071924.0	427253.0	0.8280992769840834	0.9836863506594928	0.9998616240168804	0.28499169877872993	0.71500830122127	0.71500830122127	HG003	hg38	-1	-2	ont	sentdont
On1-HG003-20x-7-D0-PF-ONT-PROMETHION-ont-sentdont-INS_50	INS_50	On1-HG003-20x-7-D0-PF-ONT-PROMETHION	3088286401.0	3088047574.0	48497.0	190330.0	136291.0	0.6732007187221459	0.7969366947623175	0.9999558669412322	0.417275680375726	0.582724319624274	0.582724319624274	HG003	hg38	-1	-2	ont	sentdont
On1-HG003-20x-7-D0-PF-ONT-PROMETHION-ont-sentdont-INS_gt50	INS_gt50	On1-HG003-20x-7-D0-PF-ONT-PROMETHION	3088286401.0	3088286189.0	136.0	76.0	1572.0	0.08172043010752687	0.3584905660377358	0.9999994909800765	0.9538834951456311	0.04611650485436891	0.04611650485436893	HG003	hg38	-1	-2	ont	sentdont
On1-HG003-20x-7-D0-PF-ONT-PROMETHION-ont-sentdont-DEL_50	DEL_50	On1-HG003-20x-7-D0-PF-ONT-PROMETHION	3088286401.0	3088029250.0	43438.0	213713.0	187308.0	0.6494138310350486	0.8310797935843143	0.9999393475177397	0.46707778395645116	0.5329222160435488	0.5329222160435488	HG003	hg38	-1	-2	ont	sentdont
On1-HG003-20x-7-D0-PF-ONT-PROMETHION-ont-sentdont-DEL_gt50	DEL_gt50	On1-HG003-20x-7-D0-PF-ONT-PROMETHION	3088286401.0	3088286263.0	96.0	42.0	476.0	0.12804878048780488	0.30434782608695654	0.9999998458692342	0.918918918918919	0.08108108108108103	0.08108108108108109	HG003	hg38	-1	-2	ont	sentdont
On1-HG003-20x-7-D0-PF-ONT-PROMETHION-ont-sentdont-Indel_50	Indel_50	On1-HG003-20x-7-D0-PF-ONT-PROMETHION	3088286401.0	3088191522.0	8233.0	86646.0	98645.0	0.6185244672877181	0.9132263198389527	0.9999680583770741	0.5323787987543918	0.46762120124560824	0.46762120124560824	HG003	hg38	-1	-2	ont	sentdont
On1-HG003-20x-7-D0-PF-ONT-PROMETHION-ont-sentdont-Indel_gt50	Indel_gt50	On1-HG003-20x-7-D0-PF-ONT-PROMETHION	3088286401.0	3088283150.0	171.0	3080.0	9994.0	0.37733537519142424	0.9474007997539219	0.9999967639082387	0.7644179287134771	0.23558207128652286	0.23558207128652286	HG003	hg38	-1	-2	ont	sentdont
On1-HG003-20x-7-D0-PF-ONT-PROMETHION-ont-sentdont-All	All	On1-HG003-20x-7-D0-PF-ONT-PROMETHION	3088286401.0	3084301775.0	149964.0	3834662.0	1377171.0	0.8339431513803301	0.9623643473691131	0.9995536894718794	0.2642392801150766	0.7357607198849234	0.7357607198849234	HG003	hg38	-1	-2	ont	sentdont
On1-HG003-20x-7-D0-PF-ONT-PROMETHION-ont-sentdont-SNPts	SNPts	On1-HG003-20x-7-D0-PF-ONT-PROMETHION	2799325643.0	2797091981.0	27876.0	2205786.0	191182.0	0.9526936939466119	0.9875200455574746	0.999931654398622	0.0797599300449568	0.9202400699550433	0.9202400699550431	HG003	ultima	-1	-2	ont	sentdont
On1-HG003-20x-7-D0-PF-ONT-PROMETHION-ont-sentdont-SNPtv	SNPtv	On1-HG003-20x-7-D0-PF-ONT-PROMETHION	2799325643.0	2798281298.0	14328.0	1030017.0	115441.0	0.9407394181120401	0.9862803958462002	0.9999587474504986	0.10078152145255435	0.8992184785474456	0.8992184785474456	HG003	ultima	-1	-2	ont	sentdont
On1-HG003-20x-7-D0-PF-ONT-PROMETHION-ont-sentdont-INS_50	INS_50	On1-HG003-20x-7-D0-PF-ONT-PROMETHION	2799325643.0	2799172859.0	7200.0	145584.0	36384.0	0.8698021221680527	0.9528746465598492	0.999987002043491	0.19994724347137957	0.8000527565286204	0.8000527565286204	HG003	ultima	-1	-2	ont	sentdont
On1-HG003-20x-7-D0-PF-ONT-PROMETHION-ont-sentdont-INS_gt50	INS_gt50	On1-HG003-20x-7-D0-PF-ONT-PROMETHION	2799325643.0	2799325556.0	57.0	30.0	296.0	0.14527845036319612	0.3448275862068966	0.9999998942602556	0.9079754601226994	0.09202453987730064	0.09202453987730061	HG003	ultima	-1	-2	ont	sentdont
On1-HG003-20x-7-D0-PF-ONT-PROMETHION-ont-sentdont-DEL_50	DEL_50	On1-HG003-20x-7-D0-PF-ONT-PROMETHION	2799325643.0	2799155220.0	8153.0	162270.0	46303.0	0.8563151062280341	0.9521602131167741	0.9999834584971394	0.22199901233620842	0.7780009876637916	0.7780009876637916	HG003	ultima	-1	-2	ont	sentdont
On1-HG003-20x-7-D0-PF-ONT-PROMETHION-ont-sentdont-DEL_gt50	DEL_gt50	On1-HG003-20x-7-D0-PF-ONT-PROMETHION	2799325643.0	2799325554.0	62.0	27.0	117.0	0.2317596566523605	0.30337078651685395	0.9999999582042199	0.8125	0.1875	0.1875	HG003	ultima	-1	-2	ont	sentdont
On1-HG003-20x-7-D0-PF-ONT-PROMETHION-ont-sentdont-Indel_50	Indel_50	On1-HG003-20x-7-D0-PF-ONT-PROMETHION	2799325643.0	2799269685.0	443.0	55515.0	17879.0	0.8583554950831838	0.9920833482254549	0.9999936130177443	0.24360301932038042	0.7563969806796196	0.7563969806796196	HG003	ultima	-1	-2	ont	sentdont
On1-HG003-20x-7-D0-PF-ONT-PROMETHION-ont-sentdont-Indel_gt50	Indel_gt50	On1-HG003-20x-7-D0-PF-ONT-PROMETHION	2799325643.0	2799324020.0	64.0	1559.0	1446.0	0.6737251512532412	0.9605668515095502	0.9999994834469884	0.481198003327787	0.518801996672213	0.5188019966722129	HG003	ultima	-1	-2	ont	sentdont
On1-HG003-20x-7-D0-PF-ONT-PROMETHION-ont-sentdont-All	All	On1-HG003-20x-7-D0-PF-ONT-PROMETHION	2799325643.0	2795666672.0	58183.0	3600788.0	409048.0	0.9390738350828232	0.9840985348066438	0.9998537063939027	0.10201115457091013	0.8979888454290899	0.8979888454290899	HG003	ultima	-1	-2	ont	sentdont
On1-HG003-20x-7-D0-PF-ONT-PROMETHION-ont-sentdont-SNPts	SNPts	On1-HG003-20x-7-D0-PF-ONT-PROMETHION	2505355380.0	2503172352.0	26857.0	2156171.0	9290.0	0.9916874574133682	0.9876973634786178	0.9999962887231817	0.004290079571971049	0.995709920428029	0.995709920428029	HG003	giabHC_x_ultima	-1	-2	ont	sentdont
On1-HG003-20x-7-D0-PF-ONT-PROMETHION-ont-sentdont-SNPtv	SNPtv	On1-HG003-20x-7-D0-PF-ONT-PROMETHION	2505355380.0	2504334952.0	13783.0	1006645.0	3266.0	0.9916028801101687	0.9864929225775851	0.9999986958630521	0.003233948338021865	0.9967660516619782	0.9967660516619782	HG003	giabHC_x_ultima	-1	-2	ont	sentdont
On1-HG003-20x-7-D0-PF-ONT-PROMETHION-ont-sentdont-INS_50	INS_50	On1-HG003-20x-7-D0-PF-ONT-PROMETHION	2505355380.0	2505211767.0	6577.0	137036.0	5041.0	0.9593335433511849	0.9542033102852806	0.9999979877989067	0.0354807604327231	0.9645192395672769	0.9645192395672769	HG003	giabHC_x_ultima	-1	-2	ont	sentdont
On1-HG003-20x-7-D0-PF-ONT-PROMETHION-ont-sentdont-INS_gt50	INS_gt50	On1-HG003-20x-7-D0-PF-ONT-PROMETHION	2505355380.0	2505355380.0	0.0	0.0	0.0			1.0				HG003	giabHC_x_ultima	-1	-2	ont	sentdont
On1-HG003-20x-7-D0-PF-ONT-PROMETHION-ont-sentdont-DEL_50	DEL_50	On1-HG003-20x-7-D0-PF-ONT-PROMETHION	2505355380.0	2505196212.0	7097.0	152071.0	6637.0	0.9567944733166391	0.9554118918375553	0.999997350713535	0.04181893792373415	0.9581810620762659	0.9581810620762659	HG003	giabHC_x_ultima	-1	-2	ont	sentdont
On1-HG003-20x-7-D0-PF-ONT-PROMETHION-ont-sentdont-DEL_gt50	DEL_gt50	On1-HG003-20x-7-D0-PF-ONT-PROMETHION	2505355380.0	2505355380.0	0.0	0.0	1.0			0.9999999996008551	1.0	0.0	0.0	HG003	giabHC_x_ultima	-1	-2	ont	sentdont
On1-HG003-20x-7-D0-PF-ONT-PROMETHION-ont-sentdont-Indel_50	Indel_50	On1-HG003-20x-7-D0-PF-ONT-PROMETHION	2505355380.0	2505305078.0	340.0	49962.0	2932.0	0.9682933447032831	0.9932408254144964	0.9999988296848179	0.055431617952886904	0.9445683820471131	0.9445683820471131	HG003	giabHC_x_ultima	-1	-2	ont	sentdont
On1-HG003-20x-7-D0-PF-ONT-PROMETHION-ont-sentdont-Indel_gt50	Indel_gt50	On1-HG003-20x-7-D0-PF-ONT-PROMETHION	2505355380.0	2505354577.0	19.0	784.0	61.0	0.9514563106796117	0.9763387297633873	0.9999999756521496	0.07218934911242604	0.927810650887574	0.927810650887574	HG003	giabHC_x_ultima	-1	-2	ont	sentdont
On1-HG003-20x-7-D0-PF-ONT-PROMETHION-ont-sentdont-All	All	On1-HG003-20x-7-D0-PF-ONT-PROMETHION	2505355380.0	2501798038.0	54673.0	3502669.0	27228.0	0.9884438777921839	0.9846309407417111	0.9999891167459335	0.007713539516875422	0.9922864604831246	0.9922864604831246	HG003	giabHC_x_ultima	-1	-2	ont	sentdont
On1-HG003-20x-7-D0-PF-ONT-PROMETHION-ont-sentdont-SNPts	SNPts	On1-HG003-20x-7-D0-PF-ONT-PROMETHION	2528531102.0	2526297587.0	29222.0	2204293.0	10723.0	0.9910206313050307	0.9869165866358632	0.9999957554666002	0.004841048552245221	0.9951589514477548	0.9951589514477548	HG003	giabHC	-1	-2	ont	sentdont
On1-HG003-20x-7-D0-PF-ONT-PROMETHION-ont-sentdont-SNPtv	SNPtv	On1-HG003-20x-7-D0-PF-ONT-PROMETHION	2528531102.0	2527475500.0	16139.0	1039463.0	4179.0	0.9903212775646851	0.9847110937645059	0.9999983465742436	0.00400424666696051	0.9959957533330395	0.9959957533330395	HG003	giabHC	-1	-2	ont	sentdont
On1-HG003-20x-7-D0-PF-ONT-PROMETHION-ont-sentdont-INS_50	INS_50	On1-HG003-20x-7-D0-PF-ONT-PROMETHION	2528531102.0	2528316392.0	42130.0	172580.0	21286.0	0.8447877506265664	0.8037818452796796	0.9999915810296286	0.10979748898723861	0.8902025110127614	0.8902025110127614	HG003	giabHC	-1	-2	ont	sentdont
On1-HG003-20x-7-D0-PF-ONT-PROMETHION-ont-sentdont-INS_gt50	INS_gt50	On1-HG003-20x-7-D0-PF-ONT-PROMETHION	2528531102.0	2528531101.0	0.0	1.0	0.0	1.0	1.0	1.0	0.0	1.0	1.0	HG003	giabHC	-1	-2	ont	sentdont
On1-HG003-20x-7-D0-PF-ONT-PROMETHION-ont-sentdont-DEL_50	DEL_50	On1-HG003-20x-7-D0-PF-ONT-PROMETHION	2528531102.0	2528299015.0	37763.0	194324.0	35002.0	0.8422996317832399	0.8372894647265896	0.9999861561013044	0.1526298806066473	0.8473701193933527	0.8473701193933527	HG003	giabHC	-1	-2	ont	sentdont
On1-HG003-20x-7-D0-PF-ONT-PROMETHION-ont-sentdont-DEL_gt50	DEL_gt50	On1-HG003-20x-7-D0-PF-ONT-PROMETHION	2528531102.0	2528531102.0	0.0	0.0	1.0			0.9999999996045135	1.0	0.0	0.0	HG003	giabHC	-1	-2	ont	sentdont
On1-HG003-20x-7-D0-PF-ONT-PROMETHION-ont-sentdont-Indel_50	Indel_50	On1-HG003-20x-7-D0-PF-ONT-PROMETHION	2528531102.0	2528451229.0	6357.0	73516.0	8996.0	0.9054530898789913	0.920411152704919	0.999996442103415	0.10902656583284856	0.8909734341671515	0.8909734341671515	HG003	giabHC	-1	-2	ont	sentdont
On1-HG003-20x-7-D0-PF-ONT-PROMETHION-ont-sentdont-Indel_gt50	Indel_gt50	On1-HG003-20x-7-D0-PF-ONT-PROMETHION	2528531102.0	2528529834.0	24.0	1244.0	192.0	0.9201183431952663	0.9810725552050473	0.9999999240665532	0.13370473537604458	0.8662952646239555	0.8662952646239555	HG003	giabHC	-1	-2	ont	sentdont
On1-HG003-20x-7-D0-PF-ONT-PROMETHION-ont-sentdont-All	All	On1-HG003-20x-7-D0-PF-ONT-PROMETHION	2528531102.0	2524714046.0	131635.0	3685421.0	80379.0	0.9720403499684024	0.965513998222714	0.99996816414073	0.021344468638801847	0.9786555313611982	0.9786555313611982	HG003	giabHC	-1	-2	ont	sentdont
On1-HG003-20x-7-D0-PF-ONT-PROMETHION-ont-sentdont-SNPts	SNPts	On1-HG003-20x-7-D0-PF-ONT-PROMETHION	377862616.0	377592138.0	4081.0	266397.0	46192.0	0.9137783479428607	0.984911896716184	0.9998776819079779	0.14777231444484612	0.8522276855551538	0.8522276855551539	HG003	clinvar_genes	-1	-2	ont	sentdont
On1-HG003-20x-7-D0-PF-ONT-PROMETHION-ont-sentdont-SNPtv	SNPtv	On1-HG003-20x-7-D0-PF-ONT-PROMETHION	377862616.0	377740153.0	2181.0	120282.0	26720.0	0.892746738908578	0.9821905391832635	0.9999292685465303	0.18176623447300036	0.8182337655269997	0.8182337655269997	HG003	clinvar_genes	-1	-2	ont	sentdont
On1-HG003-20x-7-D0-PF-ONT-PROMETHION-ont-sentdont-INS_50	INS_50	On1-HG003-20x-7-D0-PF-ONT-PROMETHION	377862616.0	377835335.0	5595.0	21686.0	14358.0	0.6849111725227003	0.7949122099629778	0.9999620007630918	0.3983464654311397	0.6016535345688603	0.6016535345688603	HG003	clinvar_genes	-1	-2	ont	sentdont
On1-HG003-20x-7-D0-PF-ONT-PROMETHION-ont-sentdont-INS_gt50	INS_gt50	On1-HG003-20x-7-D0-PF-ONT-PROMETHION	377862616.0	377862589.0	15.0	12.0	197.0	0.1016949152542373	0.4444444444444444	0.9999994786467276	0.9425837320574163	0.0574162679425837	0.05741626794258373	HG003	clinvar_genes	-1	-2	ont	sentdont
On1-HG003-20x-7-D0-PF-ONT-PROMETHION-ont-sentdont-DEL_50	DEL_50	On1-HG003-20x-7-D0-PF-ONT-PROMETHION	377862616.0	377833191.0	4963.0	24462.0	20106.0	0.6611976808617032	0.8313338997451147	0.999946788872402	0.4511308562197092	0.5488691437802908	0.5488691437802908	HG003	clinvar_genes	-1	-2	ont	sentdont
On1-HG003-20x-7-D0-PF-ONT-PROMETHION-ont-sentdont-DEL_gt50	DEL_gt50	On1-HG003-20x-7-D0-PF-ONT-PROMETHION	377862616.0	377862598.0	13.0	5.0	66.0	0.11235955056179775	0.2777777777777778	0.9999998253333651	0.9295774647887324	0.07042253521126762	0.07042253521126761	HG003	clinvar_genes	-1	-2	ont	sentdont
On1-HG003-20x-7-D0-PF-ONT-PROMETHION-ont-sentdont-Indel_50	Indel_50	On1-HG003-20x-7-D0-PF-ONT-PROMETHION	377862616.0	377852566.0	902.0	9148.0	9809.0	0.6307443030992519	0.9102487562189054	0.99997404081314	0.5174341931740254	0.4825658068259746	0.48256580682597455	HG003	clinvar_genes	-1	-2	ont	sentdont
On1-HG003-20x-7-D0-PF-ONT-PROMETHION-ont-sentdont-Indel_gt50	Indel_gt50	On1-HG003-20x-7-D0-PF-ONT-PROMETHION	377862616.0	377862254.0	20.0	342.0	987.0	0.4044943820224719	0.9447513812154696	0.9999973879438566	0.7426636568848759	0.2573363431151241	0.25733634311512416	HG003	clinvar_genes	-1	-2	ont	sentdont
On1-HG003-20x-7-D0-PF-ONT-PROMETHION-ont-sentdont-All	All	On1-HG003-20x-7-D0-PF-ONT-PROMETHION	377862616.0	377402512.0	17770.0	442334.0	118435.0	0.8665798782022838	0.96137829708066	0.9996862823084622	0.21120104713348992	0.78879895286651	0.7887989528665101	HG003	clinvar_genes	-1	-2	ont	sentdont
On1-HG003-30x-8-D0-PF-ONT-PROMETHION-ont-sentdont-SNPts	SNPts	On1-HG003-30x-8-D0-PF-ONT-PROMETHION	2528531102.0	2526283128.0	589280.0	1658694.0	3747.0	0.8483467867221254	0.7378617368350345	0.9999985167955242	0.002253914575013489	0.9977460854249866	0.9977460854249866	HG003	giabHC	-1	-2	ont	sentdont
On1-HG003-30x-8-D0-PF-ONT-PROMETHION-ont-sentdont-SNPtv	SNPtv	On1-HG003-30x-8-D0-PF-ONT-PROMETHION	2528531102.0	2527465664.0	273045.0	792393.0	2111.0	0.8520620535479064	0.7437251158678403	0.9999991647766904	0.002657003614833909	0.9973429963851661	0.9973429963851661	HG003	giabHC	-1	-2	ont	sentdont
On1-HG003-30x-8-D0-PF-ONT-PROMETHION-ont-sentdont-INS_50	INS_50	On1-HG003-30x-8-D0-PF-ONT-PROMETHION	2528531102.0	2528309577.0	83208.0	138317.0	12653.0	0.7426515792158284	0.6243855095361698	0.9999949954954911	0.08381135324898986	0.9161886467510101	0.9161886467510101	HG003	giabHC	-1	-2	ont	sentdont
On1-HG003-30x-8-D0-PF-ONT-PROMETHION-ont-sentdont-INS_gt50	INS_gt50	On1-HG003-30x-8-D0-PF-ONT-PROMETHION	2528531102.0	2528531101.0	0.0	1.0	0.0	1.0	1.0	1.0	0.0	1.0	1.0	HG003	giabHC	-1	-2	ont	sentdont
On1-HG003-30x-8-D0-PF-ONT-PROMETHION-ont-sentdont-DEL_50	DEL_50	On1-HG003-30x-8-D0-PF-ONT-PROMETHION	2528531102.0	2528294413.0	84525.0	152164.0	16465.0	0.750837613922895	0.6428858121839207	0.9999934877470397	0.09764038214067569	0.9023596178593243	0.9023596178593243	HG003	giabHC	-1	-2	ont	sentdont
On1-HG003-30x-8-D0-PF-ONT-PROMETHION-ont-sentdont-DEL_gt50	DEL_gt50	On1-HG003-30x-8-D0-PF-ONT-PROMETHION	2528531102.0	2528531102.0	0.0	0.0	0.0			1.0				HG003	giabHC	-1	-2	ont	sentdont
On1-HG003-30x-8-D0-PF-ONT-PROMETHION-ont-sentdont-Indel_50	Indel_50	On1-HG003-30x-8-D0-PF-ONT-PROMETHION	2528531102.0	2528476877.0	12344.0	41881.0	4280.0	0.8343992190146036	0.7723559243891194	0.9999983072842018	0.09271896189423973	0.9072810381057603	0.9072810381057603	HG003	giabHC	-1	-2	ont	sentdont
On1-HG003-30x-8-D0-PF-ONT-PROMETHION-ont-sentdont-Indel_gt50	Indel_gt50	On1-HG003-30x-8-D0-PF-ONT-PROMETHION	2528531102.0	2528530227.0	144.0	731.0	81.0	0.866627148784825	0.8354285714285714	0.9999999679655808	0.09975369458128079	0.9002463054187192	0.9002463054187192	HG003	giabHC	-1	-2	ont	sentdont
On1-HG003-30x-8-D0-PF-ONT-PROMETHION-ont-sentdont-All	All	On1-HG003-30x-8-D0-PF-ONT-PROMETHION	2528531102.0	2524704375.0	1042546.0	2784181.0	39337.0	0.8373168206584871	0.727561960913334	0.9999844194086659	0.013931910474804835	0.9860680895251952	0.9860680895251952	HG003	giabHC	-1	-2	ont	sentdont
On1-HG003-30x-8-D0-PF-ONT-PROMETHION-ont-sentdont-SNPts	SNPts	On1-HG003-30x-8-D0-PF-ONT-PROMETHION	688815815.0	688748400.0	21360.0	46055.0	294280.0	0.22589822194972412	0.6831565675294816	0.9995729146995654	0.8646774501594018	0.13532254984059822	0.13532254984059824	HG003	hg38_m_giabHC	-1	-2	ont	sentdont
On1-HG003-30x-8-D0-PF-ONT-PROMETHION-ont-sentdont-SNPtv	SNPtv	On1-HG003-30x-8-D0-PF-ONT-PROMETHION	688815815.0	688781286.0	10960.0	23569.0	270913.0	0.14327180550194368	0.68258565263981	0.9996068323990648	0.9199645479180392	0.08003545208196083	0.08003545208196086	HG003	hg38_m_giabHC	-1	-2	ont	sentdont
On1-HG003-30x-8-D0-PF-ONT-PROMETHION-ont-sentdont-INS_50	INS_50	On1-HG003-30x-8-D0-PF-ONT-PROMETHION	688815815.0	688790846.0	11448.0	13521.0	74775.0	0.23874983445901207	0.5415114742280428	0.9998914519788469	0.8468673552595815	0.15313264474041854	0.1531326447404186	HG003	hg38_m_giabHC	-1	-2	ont	sentdont
On1-HG003-30x-8-D0-PF-ONT-PROMETHION-ont-sentdont-INS_gt50	INS_gt50	On1-HG003-30x-8-D0-PF-ONT-PROMETHION	688815815.0	688815585.0	164.0	66.0	1168.0	0.09016393442622951	0.28695652173913044	0.9999983043385706	0.946515397082658	0.05348460291734203	0.05348460291734198	HG003	hg38_m_giabHC	-1	-2	ont	sentdont
On1-HG003-30x-8-D0-PF-ONT-PROMETHION-ont-sentdont-DEL_50	DEL_50	On1-HG003-30x-8-D0-PF-ONT-PROMETHION	688815815.0	688790051.0	10961.0	14803.0	90722.0	0.22550251734722632	0.5745614035087719	0.9998683052226803	0.8597204453920871	0.14027955460791286	0.1402795546079128	HG003	hg38_m_giabHC	-1	-2	ont	sentdont
On1-HG003-30x-8-D0-PF-ONT-PROMETHION-ont-sentdont-DEL_gt50	DEL_gt50	On1-HG003-30x-8-D0-PF-ONT-PROMETHION	688815815.0	688815678.0	109.0	28.0	397.0	0.099644128113879	0.20437956204379562	0.9999994236487585	0.9341176470588235	0.0658823529411765	0.06588235294117648	HG003	hg38_m_giabHC	-1	-2	ont	sentdont
On1-HG003-30x-8-D0-PF-ONT-PROMETHION-ont-sentdont-Indel_50	Indel_50	On1-HG003-30x-8-D0-PF-ONT-PROMETHION	688815815.0	688802599.0	3794.0	9422.0	43462.0	0.28508320726172465	0.7129237288135594	0.9999369060774813	0.8218364722789502	0.17816352772104982	0.17816352772104985	HG003	hg38_m_giabHC	-1	-2	ont	sentdont
On1-HG003-30x-8-D0-PF-ONT-PROMETHION-ont-sentdont-Indel_gt50	Indel_gt50	On1-HG003-30x-8-D0-PF-ONT-PROMETHION	688815815.0	688814123.0	407.0	1285.0	6275.0	0.27777777777777773	0.7594562647754137	0.9999908902233177	0.830026455026455	0.169973544973545	0.16997354497354497	HG003	hg38_m_giabHC	-1	-2	ont	sentdont
On1-HG003-30x-8-D0-PF-ONT-PROMETHION-ont-sentdont-All	All	On1-HG003-30x-8-D0-PF-ONT-PROMETHION	688815815.0	688647863.0	59203.0	108749.0	781992.0	0.20544010397726253	0.6475004763265695	0.998865741025967	0.8779117611067639	0.12208823889323606	0.12208823889323608	HG003	hg38_m_giabHC	-1	-2	ont	sentdont
On1-HG003-30x-8-D0-PF-ONT-PROMETHION-ont-sentdont-SNPts	SNPts	On1-HG003-30x-8-D0-PF-ONT-PROMETHION	337668665.0	337403886.0	86611.0	178168.0	580.0	0.8034144482748514	0.6728932430441992	0.9999982809948935	0.0032447915501152462	0.9967552084498847	0.9967552084498847	HG003	giabHC_x_clinvar_genes	-1	-2	ont	sentdont
On1-HG003-30x-8-D0-PF-ONT-PROMETHION-ont-sentdont-SNPtv	SNPtv	On1-HG003-30x-8-D0-PF-ONT-PROMETHION	337668665.0	337549023.0	38512.0	81130.0	324.0	0.806878306878307	0.6781063506126611	0.9999990401403442	0.003977705207847374	0.9960222947921527	0.9960222947921527	HG003	giabHC_x_clinvar_genes	-1	-2	ont	sentdont
On1-HG003-30x-8-D0-PF-ONT-PROMETHION-ont-sentdont-INS_50	INS_50	On1-HG003-30x-8-D0-PF-ONT-PROMETHION	337668665.0	337643096.0	10872.0	14697.0	1266.0	0.707743426755273	0.5747976064765927	0.9999962504927004	0.07930840067656456	0.9206915993234355	0.9206915993234355	HG003	giabHC_x_clinvar_genes	-1	-2	ont	sentdont
On1-HG003-30x-8-D0-PF-ONT-PROMETHION-ont-sentdont-INS_gt50	INS_gt50	On1-HG003-30x-8-D0-PF-ONT-PROMETHION	337668665.0	337668665.0	0.0	0.0	0.0			1.0				HG003	giabHC_x_clinvar_genes	-1	-2	ont	sentdont
On1-HG003-30x-8-D0-PF-ONT-PROMETHION-ont-sentdont-DEL_50	DEL_50	On1-HG003-30x-8-D0-PF-ONT-PROMETHION	337668665.0	337641414.0	11100.0	16151.0	1884.0	0.7132888751490528	0.592675498146857	0.999994420146909	0.10446354311061824	0.8955364568893818	0.8955364568893818	HG003	giabHC_x_clinvar_genes	-1	-2	ont	sentdont
On1-HG003-30x-8-D0-PF-ONT-PROMETHION-ont-sentdont-DEL_gt50	DEL_gt50	On1-HG003-30x-8-D0-PF-ONT-PROMETHION	337668665.0	337668665.0	0.0	0.0	0.0			1.0				HG003	giabHC_x_clinvar_genes	-1	-2	ont	sentdont
On1-HG003-30x-8-D0-PF-ONT-PROMETHION-ont-sentdont-Indel_50	Indel_50	On1-HG003-30x-8-D0-PF-ONT-PROMETHION	337668665.0	337663185.0	1378.0	4102.0	485.0	0.81493990265223	0.7485401459854014	0.9999985636595137	0.10573359494222803	0.894266405057772	0.894266405057772	HG003	giabHC_x_clinvar_genes	-1	-2	ont	sentdont
On1-HG003-30x-8-D0-PF-ONT-PROMETHION-ont-sentdont-Indel_gt50	Indel_gt50	On1-HG003-30x-8-D0-PF-ONT-PROMETHION	337668665.0	337668570.0	19.0	76.0	9.0	0.8444444444444443	0.8	0.9999999733466465	0.10588235294117647	0.8941176470588236	0.8941176470588236	HG003	giabHC_x_clinvar_genes	-1	-2	ont	sentdont
On1-HG003-30x-8-D0-PF-ONT-PROMETHION-ont-sentdont-All	All	On1-HG003-30x-8-D0-PF-ONT-PROMETHION	337668665.0	337225849.0	148492.0	294324.0	4548.0	0.7936598677611071	0.6646643301055066	0.9999865136712454	0.015217216734923312	0.9847827832650767	0.9847827832650767	HG003	giabHC_x_clinvar_genes	-1	-2	ont	sentdont
On1-HG003-30x-8-D0-PF-ONT-PROMETHION-ont-sentdont-SNPts	SNPts	On1-HG003-30x-8-D0-PF-ONT-PROMETHION	3088286401.0	3085971041.0	610640.0	1704720.0	298027.0	0.7895682066238747	0.7362656347177113	0.9999034345374841	0.14880911068647212	0.8511908893135278	0.8511908893135278	HG003	hg38	-1	-2	ont	sentdont
On1-HG003-30x-8-D0-PF-ONT-PROMETHION-ont-sentdont-SNPtv	SNPtv	On1-HG003-30x-8-D0-PF-ONT-PROMETHION	3088286401.0	3087186445.0	284005.0	815951.0	273024.0	0.7455246419370916	0.7418033084959762	0.999911570013229	0.25071649946050184	0.7492835005394982	0.7492835005394981	HG003	hg38	-1	-2	ont	sentdont
On1-HG003-30x-8-D0-PF-ONT-PROMETHION-ont-sentdont-INS_50	INS_50	On1-HG003-30x-8-D0-PF-ONT-PROMETHION	3088286401.0	3088039832.0	94681.0	151888.0	87429.0	0.6252001498293839	0.6160060672671747	0.9999716886667515	0.3653271602100979	0.6346728397899021	0.6346728397899021	HG003	hg38	-1	-2	ont	sentdont
On1-HG003-30x-8-D0-PF-ONT-PROMETHION-ont-sentdont-INS_gt50	INS_gt50	On1-HG003-30x-8-D0-PF-ONT-PROMETHION	3088286401.0	3088286170.0	164.0	67.0	1168.0	0.09140518417462483	0.29004329004329005	0.9999996217968498	0.945748987854251	0.05425101214574901	0.05425101214574899	HG003	hg38	-1	-2	ont	sentdont
On1-HG003-30x-8-D0-PF-ONT-PROMETHION-ont-sentdont-DEL_50	DEL_50	On1-HG003-30x-8-D0-PF-ONT-PROMETHION	3088286401.0	3088024142.0	95435.0	166824.0	107184.0	0.6221676888564839	0.6361040040570581	0.9999652916315127	0.3911710606989577	0.6088289393010423	0.6088289393010423	HG003	hg38	-1	-2	ont	sentdont
On1-HG003-30x-8-D0-PF-ONT-PROMETHION-ont-sentdont-DEL_gt50	DEL_gt50	On1-HG003-30x-8-D0-PF-ONT-PROMETHION	3088286401.0	3088286264.0	109.0	28.0	397.0	0.099644128113879	0.20437956204379562	0.9999998714497572	0.9341176470588235	0.0658823529411765	0.06588235294117648	HG003	hg38	-1	-2	ont	sentdont
On1-HG003-30x-8-D0-PF-ONT-PROMETHION-ont-sentdont-Indel_50	Indel_50	On1-HG003-30x-8-D0-PF-ONT-PROMETHION	3088286401.0	3088218963.0	16137.0	51301.0	47742.0	0.6162985565920436	0.7607135442925353	0.9999845408429516	0.48203305634926247	0.5179669436507375	0.5179669436507376	HG003	hg38	-1	-2	ont	sentdont
On1-HG003-30x-8-D0-PF-ONT-PROMETHION-ont-sentdont-Indel_gt50	Indel_gt50	On1-HG003-30x-8-D0-PF-ONT-PROMETHION	3088286401.0	3088283837.0	549.0	2015.0	6353.0	0.3686425173801683	0.7858814352574103	0.9999979428746623	0.7592017208413002	0.24079827915869978	0.2407982791586998	HG003	hg38	-1	-2	ont	sentdont
On1-HG003-30x-8-D0-PF-ONT-PROMETHION-ont-sentdont-All	All	On1-HG003-30x-8-D0-PF-ONT-PROMETHION	3088286401.0	3084291887.0	1101720.0	2892794.0	821324.0	0.7505336874298839	0.7241917289562635	0.9997337783271384	0.2211356774340503	0.7788643225659497	0.7788643225659497	HG003	hg38	-1	-2	ont	sentdont
On1-HG003-30x-8-D0-PF-ONT-PROMETHION-ont-sentdont-SNPts	SNPts	On1-HG003-30x-8-D0-PF-ONT-PROMETHION	332544085.0	332287967.0	83256.0	172862.0	480.0	0.8050202579984166	0.6749310864523383	0.999998555471897	0.0027690923146150384	0.9972309076853849	0.9972309076853849	HG003	giabHC_x_ultima_x_clinvar	-1	-2	ont	sentdont
On1-HG003-30x-8-D0-PF-ONT-PROMETHION-ont-sentdont-SNPtv	SNPtv	On1-HG003-30x-8-D0-PF-ONT-PROMETHION	332544085.0	332429976.0	36311.0	77798.0	251.0	0.809729493437692	0.6817867127045194	0.9999992449543404	0.00321592845520122	0.9967840715447988	0.9967840715447988	HG003	giabHC_x_ultima_x_clinvar	-1	-2	ont	sentdont
On1-HG003-30x-8-D0-PF-ONT-PROMETHION-ont-sentdont-INS_50	INS_50	On1-HG003-30x-8-D0-PF-ONT-PROMETHION	332544085.0	332527063.0	5612.0	11410.0	194.0	0.7971773911828408	0.6703090118669957	0.999999416589179	0.016718372974836263	0.9832816270251638	0.9832816270251638	HG003	giabHC_x_ultima_x_clinvar	-1	-2	ont	sentdont
On1-HG003-30x-8-D0-PF-ONT-PROMETHION-ont-sentdont-INS_gt50	INS_gt50	On1-HG003-30x-8-D0-PF-ONT-PROMETHION	332544085.0	332544085.0	0.0	0.0	0.0			1.0				HG003	giabHC_x_ultima_x_clinvar	-1	-2	ont	sentdont
On1-HG003-30x-8-D0-PF-ONT-PROMETHION-ont-sentdont-DEL_50	DEL_50	On1-HG003-30x-8-D0-PF-ONT-PROMETHION	332544085.0	332525533.0	6066.0	12486.0	230.0	0.7986439810669055	0.6730271668822768	0.9999993083242696	0.018087448883296633	0.9819125511167034	0.9819125511167034	HG003	giabHC_x_ultima_x_clinvar	-1	-2	ont	sentdont
On1-HG003-30x-8-D0-PF-ONT-PROMETHION-ont-sentdont-DEL_gt50	DEL_gt50	On1-HG003-30x-8-D0-PF-ONT-PROMETHION	332544085.0	332544085.0	0.0	0.0	0.0			1.0				HG003	giabHC_x_ultima_x_clinvar	-1	-2	ont	sentdont
On1-HG003-30x-8-D0-PF-ONT-PROMETHION-ont-sentdont-Indel_50	Indel_50	On1-HG003-30x-8-D0-PF-ONT-PROMETHION	332544085.0	332541252.0	393.0	2440.0	122.0	0.9045412418906394	0.861277797387928	0.9999996331283577	0.047619047619047616	0.9523809523809523	0.9523809523809523	HG003	giabHC_x_ultima_x_clinvar	-1	-2	ont	sentdont
On1-HG003-30x-8-D0-PF-ONT-PROMETHION-ont-sentdont-Indel_gt50	Indel_gt50	On1-HG003-30x-8-D0-PF-ONT-PROMETHION	332544085.0	332544020.0	12.0	53.0	3.0	0.8760330578512396	0.8153846153846154	0.999999990978638	0.05357142857142857	0.9464285714285714	0.9464285714285714	HG003	giabHC_x_ultima_x_clinvar	-1	-2	ont	sentdont
On1-HG003-30x-8-D0-PF-ONT-PROMETHION-ont-sentdont-All	All	On1-HG003-30x-8-D0-PF-ONT-PROMETHION	332544085.0	332135386.0	131650.0	277049.0	1280.0	0.806514436092852	0.6778802982145784	0.9999961461647237	0.0045988739944454226	0.9954011260055545	0.9954011260055545	HG003	giabHC_x_ultima_x_clinvar	-1	-2	ont	sentdont
On1-HG003-30x-8-D0-PF-ONT-PROMETHION-ont-sentdont-SNPts	SNPts	On1-HG003-30x-8-D0-PF-ONT-PROMETHION	377862616.0	377590206.0	89704.0	182706.0	23011.0	0.7642571952640198	0.6707022502844976	0.9999390619846868	0.11185755187952381	0.8881424481204762	0.8881424481204762	HG003	clinvar_genes	-1	-2	ont	sentdont
On1-HG003-30x-8-D0-PF-ONT-PROMETHION-ont-sentdont-SNPtv	SNPtv	On1-HG003-30x-8-D0-PF-ONT-PROMETHION	377862616.0	377738953.0	40199.0	83464.0	14364.0	0.7536559047545951	0.6749310626460623	0.9999619751849856	0.14682912867481704	0.853170871325183	0.853170871325183	HG003	clinvar_genes	-1	-2	ont	sentdont
On1-HG003-30x-8-D0-PF-ONT-PROMETHION-ont-sentdont-INS_50	INS_50	On1-HG003-30x-8-D0-PF-ONT-PROMETHION	377862616.0	377834395.0	12288.0	15933.0	8339.0	0.6070523688872803	0.5645795684065058	0.9999779299712562	0.3435646011865524	0.6564353988134476	0.6564353988134476	HG003	clinvar_genes	-1	-2	ont	sentdont
On1-HG003-30x-8-D0-PF-ONT-PROMETHION-ont-sentdont-INS_gt50	INS_gt50	On1-HG003-30x-8-D0-PF-ONT-PROMETHION	377862616.0	377862586.0	24.0	6.0	133.0	0.07100591715976332	0.2	0.9999996480203172	0.9568345323741008	0.043165467625899234	0.04316546762589928	HG003	clinvar_genes	-1	-2	ont	sentdont
On1-HG003-30x-8-D0-PF-ONT-PROMETHION-ont-sentdont-DEL_50	DEL_50	On1-HG003-30x-8-D0-PF-ONT-PROMETHION	377862616.0	377832636.0	12477.0	17503.0	10311.0	0.6057030141537183	0.583822548365577	0.9999727108840277	0.3707125907816208	0.6292874092183792	0.6292874092183792	HG003	clinvar_genes	-1	-2	ont	sentdont
On1-HG003-30x-8-D0-PF-ONT-PROMETHION-ont-sentdont-DEL_gt50	DEL_gt50	On1-HG003-30x-8-D0-PF-ONT-PROMETHION	377862616.0	377862598.0	17.0	1.0	44.0	0.031746031746031744	0.05555555555555555	0.9999998835555699	0.9777777777777777	0.022222222222222254	0.022222222222222223	HG003	clinvar_genes	-1	-2	ont	sentdont
On1-HG003-30x-8-D0-PF-ONT-PROMETHION-ont-sentdont-Indel_50	Indel_50	On1-HG003-30x-8-D0-PF-ONT-PROMETHION	377862616.0	377855906.0	1800.0	4910.0	4573.0	0.6064348792688198	0.7317436661698957	0.9999878976493861	0.4822313613835284	0.5177686386164716	0.5177686386164716	HG003	clinvar_genes	-1	-2	ont	sentdont
On1-HG003-30x-8-D0-PF-ONT-PROMETHION-ont-sentdont-Indel_gt50	Indel_gt50	On1-HG003-30x-8-D0-PF-ONT-PROMETHION	377862616.0	377862341.0	67.0	208.0	591.0	0.38733705772811916	0.7563636363636363	0.9999984359407871	0.7396745932415519	0.26032540675844806	0.26032540675844806	HG003	clinvar_genes	-1	-2	ont	sentdont
On1-HG003-30x-8-D0-PF-ONT-PROMETHION-ont-sentdont-All	All	On1-HG003-30x-8-D0-PF-ONT-PROMETHION	377862616.0	377401309.0	156576.0	304731.0	61366.0	0.736595423759131	0.6605817817635544	0.9998374249851326	0.16762224219264293	0.832377757807357	0.8323777578073571	HG003	clinvar_genes	-1	-2	ont	sentdont
On1-HG003-30x-8-D0-PF-ONT-PROMETHION-ont-sentdont-SNPts	SNPts	On1-HG003-30x-8-D0-PF-ONT-PROMETHION	2799325643.0	2797077906.0	589773.0	1657964.0	85267.0	0.8308580775390833	0.7376147654285177	0.999969516615683	0.04891319624306819	0.9510868037569318	0.9510868037569318	HG003	ultima	-1	-2	ont	sentdont
On1-HG003-30x-8-D0-PF-ONT-PROMETHION-ont-sentdont-SNPtv	SNPtv	On1-HG003-30x-8-D0-PF-ONT-PROMETHION	2799325643.0	2798272148.0	269113.0	784382.0	58434.0	0.8272714760395316	0.7445521810734744	0.9999791182641623	0.06933185891107906	0.9306681410889209	0.9306681410889209	HG003	ultima	-1	-2	ont	sentdont
On1-HG003-30x-8-D0-PF-ONT-PROMETHION-ont-sentdont-INS_50	INS_50	On1-HG003-30x-8-D0-PF-ONT-PROMETHION	2799325643.0	2799167312.0	44481.0	113850.0	17845.0	0.7851020253356595	0.7190632283002065	0.9999936249304712	0.13550248680663654	0.8644975131933634	0.8644975131933634	HG003	ultima	-1	-2	ont	sentdont
On1-HG003-30x-8-D0-PF-ONT-PROMETHION-ont-sentdont-INS_gt50	INS_gt50	On1-HG003-30x-8-D0-PF-ONT-PROMETHION	2799325643.0	2799325549.0	67.0	27.0	228.0	0.15472779369627507	0.2872340425531915	0.9999999185518164	0.8941176470588236	0.10588235294117643	0.10588235294117647	HG003	ultima	-1	-2	ont	sentdont
On1-HG003-30x-8-D0-PF-ONT-PROMETHION-ont-sentdont-DEL_50	DEL_50	On1-HG003-30x-8-D0-PF-ONT-PROMETHION	2799325643.0	2799152432.0	48167.0	125044.0	22501.0	0.7796829989150632	0.7219171992540889	0.9999919615599101	0.1525026263173947	0.8474973736826052	0.8474973736826054	HG003	ultima	-1	-2	ont	sentdont
On1-HG003-30x-8-D0-PF-ONT-PROMETHION-ont-sentdont-DEL_gt50	DEL_gt50	On1-HG003-30x-8-D0-PF-ONT-PROMETHION	2799325643.0	2799325555.0	70.0	18.0	99.0	0.17560975609756097	0.20454545454545456	0.9999999646343397	0.8461538461538461	0.15384615384615385	0.15384615384615385	HG003	ultima	-1	-2	ont	sentdont
On1-HG003-30x-8-D0-PF-ONT-PROMETHION-ont-sentdont-Indel_50	Indel_50	On1-HG003-30x-8-D0-PF-ONT-PROMETHION	2799325643.0	2799291755.0	4656.0	29232.0	6716.0	0.8371613494472765	0.8626062322946175	0.9999976008274681	0.18682541448759318	0.8131745855124068	0.8131745855124068	HG003	ultima	-1	-2	ont	sentdont
On1-HG003-30x-8-D0-PF-ONT-PROMETHION-ont-sentdont-Indel_gt50	Indel_gt50	On1-HG003-30x-8-D0-PF-ONT-PROMETHION	2799325643.0	2799324325.0	290.0	1028.0	883.0	0.6367296376587178	0.779969650986343	0.9999996845668386	0.4620617477760335	0.5379382522239665	0.5379382522239665	HG003	ultima	-1	-2	ont	sentdont
On1-HG003-30x-8-D0-PF-ONT-PROMETHION-ont-sentdont-All	All	On1-HG003-30x-8-D0-PF-ONT-PROMETHION	2799325643.0	2795657481.0	956617.0	2711545.0	191973.0	0.8252212524042559	0.7392108091191174	0.999931336431679	0.06611737898645711	0.9338826210135429	0.9338826210135429	HG003	ultima	-1	-2	ont	sentdont
On1-HG003-30x-8-D0-PF-ONT-PROMETHION-ont-sentdont-SNPts	SNPts	On1-HG003-30x-8-D0-PF-ONT-PROMETHION	2505355380.0	2503158509.0	573999.0	1622872.0	3024.0	0.8490561941127983	0.7387197518652665	0.9999987919277441	0.0018598975580233915	0.9981401024419766	0.9981401024419766	HG003	giabHC_x_ultima	-1	-2	ont	sentdont
On1-HG003-30x-8-D0-PF-ONT-PROMETHION-ont-sentdont-SNPtv	SNPtv	On1-HG003-30x-8-D0-PF-ONT-PROMETHION	2505355380.0	2504326007.0	261764.0	767609.0	1612.0	0.8535656184775441	0.745705395420319	0.9999993563142506	0.0020956266144580037	0.9979043733855419	0.9979043733855419	HG003	giabHC_x_ultima	-1	-2	ont	sentdont
On1-HG003-30x-8-D0-PF-ONT-PROMETHION-ont-sentdont-INS_50	INS_50	On1-HG003-30x-8-D0-PF-ONT-PROMETHION	2505355380.0	2505206592.0	41282.0	107506.0	2061.0	0.8322347157980298	0.7225448288840498	0.9999991773140343	0.018810408243357946	0.981189591756642	0.9811895917566421	HG003	giabHC_x_ultima	-1	-2	ont	sentdont
On1-HG003-30x-8-D0-PF-ONT-PROMETHION-ont-sentdont-INS_gt50	INS_gt50	On1-HG003-30x-8-D0-PF-ONT-PROMETHION	2505355380.0	2505355380.0	0.0	0.0	0.0			1.0				HG003	giabHC_x_ultima	-1	-2	ont	sentdont
On1-HG003-30x-8-D0-PF-ONT-PROMETHION-ont-sentdont-DEL_50	DEL_50	On1-HG003-30x-8-D0-PF-ONT-PROMETHION	2505355380.0	2505193583.0	44350.0	117447.0	2150.0	0.8347512740143712	0.7258910857432461	0.9999991417836253	0.01797703955784844	0.9820229604421515	0.9820229604421515	HG003	giabHC_x_ultima	-1	-2	ont	sentdont
On1-HG003-30x-8-D0-PF-ONT-PROMETHION-ont-sentdont-DEL_gt50	DEL_gt50	On1-HG003-30x-8-D0-PF-ONT-PROMETHION	2505355380.0	2505355380.0	0.0	0.0	0.0			1.0				HG003	giabHC_x_ultima	-1	-2	ont	sentdont
On1-HG003-30x-8-D0-PF-ONT-PROMETHION-ont-sentdont-Indel_50	Indel_50	On1-HG003-30x-8-D0-PF-ONT-PROMETHION	2505355380.0	2505326307.0	3681.0	25392.0	1134.0	0.9133977229806292	0.8733876792900629	0.9999995473645554	0.04275050893463017	0.9572494910653698	0.9572494910653698	HG003	giabHC_x_ultima	-1	-2	ont	sentdont
On1-HG003-30x-8-D0-PF-ONT-PROMETHION-ont-sentdont-Indel_gt50	Indel_gt50	On1-HG003-30x-8-D0-PF-ONT-PROMETHION	2505355380.0	2505354778.0	106.0	496.0	22.0	0.8857142857142856	0.8239202657807309	0.9999999912188086	0.04247104247104247	0.9575289575289575	0.9575289575289575	HG003	giabHC_x_ultima	-1	-2	ont	sentdont
On1-HG003-30x-8-D0-PF-ONT-PROMETHION-ont-sentdont-All	All	On1-HG003-30x-8-D0-PF-ONT-PROMETHION	2505355380.0	2501788876.0	925182.0	2641322.0	10003.0	0.8495962175865563	0.7405913465959942	0.9999960016769998	0.003772830565849151	0.9962271694341508	0.9962271694341508	HG003	giabHC_x_ultima	-1	-2	ont	sentdont
On1-HG003-3x-2-D0-PF-ONT-PROMETHION-ont-sentdont-SNPts	SNPts	On1-HG003-3x-2-D0-PF-ONT-PROMETHION	2799325643.0	2797075626.0	840173.0	1409844.0	187323.0	0.7329225740177749	0.6265925990781402	0.9999330334675662	0.11728454194207619	0.8827154580579238	0.8827154580579238	HG003	ultima	-1	-2	ont	sentdont
On1-HG003-3x-2-D0-PF-ONT-PROMETHION-ont-sentdont-SNPtv	SNPtv	On1-HG003-3x-2-D0-PF-ONT-PROMETHION	2799325643.0	2798271709.0	397981.0	655953.0	104731.0	0.7229653844500604	0.6223852727020857	0.9999625743704446	0.1376800353366181	0.8623199646633819	0.8623199646633819	HG003	ultima	-1	-2	ont	sentdont
On1-HG003-3x-2-D0-PF-ONT-PROMETHION-ont-sentdont-INS_50	INS_50	On1-HG003-3x-2-D0-PF-ONT-PROMETHION	2799325643.0	2799163144.0	83479.0	79020.0	78505.0	0.4938379621528385	0.4862799155687112	0.9999719549042763	0.49836533883510553	0.5016346611648945	0.5016346611648944	HG003	ultima	-1	-2	ont	sentdont
On1-HG003-3x-2-D0-PF-ONT-PROMETHION-ont-sentdont-INS_gt50	INS_gt50	On1-HG003-3x-2-D0-PF-ONT-PROMETHION	2799325643.0	2799325550.0	84.0	9.0	169.0	0.06642066420664207	0.0967741935483871	0.9999999396283188	0.949438202247191	0.050561797752809	0.05056179775280899	HG003	ultima	-1	-2	ont	sentdont
On1-HG003-3x-2-D0-PF-ONT-PROMETHION-ont-sentdont-DEL_50	DEL_50	On1-HG003-3x-2-D0-PF-ONT-PROMETHION	2799325643.0	2799148076.0	88882.0	88685.0	110378.0	0.4709396489923798	0.4994452798098746	0.9999605688428511	0.5544877752269382	0.44551222477306185	0.4455122247730618	HG003	ultima	-1	-2	ont	sentdont
On1-HG003-3x-2-D0-PF-ONT-PROMETHION-ont-sentdont-DEL_gt50	DEL_gt50	On1-HG003-3x-2-D0-PF-ONT-PROMETHION	2799325643.0	2799325555.0	77.0	11.0	63.0	0.13580246913580246	0.125	0.9999999774945796	0.8513513513513513	0.14864864864864868	0.14864864864864866	HG003	ultima	-1	-2	ont	sentdont
On1-HG003-3x-2-D0-PF-ONT-PROMETHION-ont-sentdont-Indel_50	Indel_50	On1-HG003-3x-2-D0-PF-ONT-PROMETHION	2799325643.0	2799301407.0	8616.0	15620.0	9598.0	0.6316981437295265	0.6444957913847169	0.999996571299158	0.3806011579030851	0.619398842096915	0.6193988420969149	HG003	ultima	-1	-2	ont	sentdont
On1-HG003-3x-2-D0-PF-ONT-PROMETHION-ont-sentdont-Indel_gt50	Indel_gt50	On1-HG003-3x-2-D0-PF-ONT-PROMETHION	2799325643.0	2799324908.0	393.0	342.0	351.0	0.4789915966386554	0.46530612244897956	0.9999998746126414	0.5064935064935064	0.49350649350649356	0.4935064935064935	HG003	ultima	-1	-2	ont	sentdont
On1-HG003-3x-2-D0-PF-ONT-PROMETHION-ont-sentdont-All	All	On1-HG003-3x-2-D0-PF-ONT-PROMETHION	2799325643.0	2795656474.0	1419685.0	2249484.0	491118.0	0.7018921580817786	0.6130772390151558	0.9998243590569378	0.17920077413648533	0.8207992258635146	0.8207992258635146	HG003	ultima	-1	-2	ont	sentdont
On1-HG003-3x-2-D0-PF-ONT-PROMETHION-ont-sentdont-SNPts	SNPts	On1-HG003-3x-2-D0-PF-ONT-PROMETHION	337668665.0	337403610.0	101773.0	163282.0	5249.0	0.753170074679533	0.616030635151195	0.9999844432063356	0.03114560525956649	0.9688543947404336	0.9688543947404336	HG003	giabHC_x_clinvar_genes	-1	-2	ont	sentdont
On1-HG003-3x-2-D0-PF-ONT-PROMETHION-ont-sentdont-SNPtv	SNPtv	On1-HG003-3x-2-D0-PF-ONT-PROMETHION	337668665.0	337548968.0	46862.0	72835.0	1462.0	0.7508995123560522	0.6084947826595487	0.9999956687953264	0.01967777972192686	0.9803222202780731	0.9803222202780731	HG003	giabHC_x_clinvar_genes	-1	-2	ont	sentdont
On1-HG003-3x-2-D0-PF-ONT-PROMETHION-ont-sentdont-INS_50	INS_50	On1-HG003-3x-2-D0-PF-ONT-PROMETHION	337668665.0	337642626.0	15850.0	10189.0	6121.0	0.4811919998110936	0.39129766888129347	0.9999818716934258	0.37529123237277745	0.6247087676272225	0.6247087676272226	HG003	giabHC_x_clinvar_genes	-1	-2	ont	sentdont
On1-HG003-3x-2-D0-PF-ONT-PROMETHION-ont-sentdont-INS_gt50	INS_gt50	On1-HG003-3x-2-D0-PF-ONT-PROMETHION	337668665.0	337668665.0	0.0	0.0	1.0			0.999999997038517	1.0	0.0	0.0	HG003	giabHC_x_clinvar_genes	-1	-2	ont	sentdont
On1-HG003-3x-2-D0-PF-ONT-PROMETHION-ont-sentdont-DEL_50	DEL_50	On1-HG003-3x-2-D0-PF-ONT-PROMETHION	337668665.0	337640848.0	16545.0	11272.0	8469.0	0.4740317086504899	0.40521982960060393	0.9999749177635683	0.42900562281546023	0.5709943771845398	0.5709943771845398	HG003	giabHC_x_clinvar_genes	-1	-2	ont	sentdont
On1-HG003-3x-2-D0-PF-ONT-PROMETHION-ont-sentdont-DEL_gt50	DEL_gt50	On1-HG003-3x-2-D0-PF-ONT-PROMETHION	337668665.0	337668665.0	0.0	0.0	0.0			1.0				HG003	giabHC_x_clinvar_genes	-1	-2	ont	sentdont
On1-HG003-3x-2-D0-PF-ONT-PROMETHION-ont-sentdont-Indel_50	Indel_50	On1-HG003-3x-2-D0-PF-ONT-PROMETHION	337668665.0	337664333.0	2127.0	2205.0	1371.0	0.5576631259484067	0.5090027700831025	0.9999959397712478	0.38338926174496646	0.6166107382550335	0.6166107382550335	HG003	giabHC_x_clinvar_genes	-1	-2	ont	sentdont
On1-HG003-3x-2-D0-PF-ONT-PROMETHION-ont-sentdont-Indel_gt50	Indel_gt50	On1-HG003-3x-2-D0-PF-ONT-PROMETHION	337668665.0	337668623.0	18.0	24.0	4.0	0.6857142857142857	0.5714285714285714	0.9999999881540668	0.14285714285714285	0.8571428571428572	0.8571428571428571	HG003	giabHC_x_clinvar_genes	-1	-2	ont	sentdont
On1-HG003-3x-2-D0-PF-ONT-PROMETHION-ont-sentdont-All	All	On1-HG003-3x-2-D0-PF-ONT-PROMETHION	337668665.0	337225683.0	183175.0	259807.0	22677.0	0.7162485905611014	0.5864956138172657	0.9999327587538157	0.08027711304003059	0.9197228869599694	0.9197228869599694	HG003	giabHC_x_clinvar_genes	-1	-2	ont	sentdont
On1-HG003-3x-2-D0-PF-ONT-PROMETHION-ont-sentdont-SNPts	SNPts	On1-HG003-3x-2-D0-PF-ONT-PROMETHION	332544085.0	332287724.0	98267.0	158094.0	4872.0	0.7540368256754275	0.6166850652010251	0.9999853382228233	0.029895806487242736	0.9701041935127572	0.9701041935127572	HG003	giabHC_x_ultima_x_clinvar	-1	-2	ont	sentdont
On1-HG003-3x-2-D0-PF-ONT-PROMETHION-ont-sentdont-SNPtv	SNPtv	On1-HG003-3x-2-D0-PF-ONT-PROMETHION	332544085.0	332429973.0	44338.0	69774.0	1255.0	0.7537390421354535	0.6114519068984857	0.99999622478307	0.017668839488096413	0.9823311605119036	0.9823311605119036	HG003	giabHC_x_ultima_x_clinvar	-1	-2	ont	sentdont
On1-HG003-3x-2-D0-PF-ONT-PROMETHION-ont-sentdont-INS_50	INS_50	On1-HG003-3x-2-D0-PF-ONT-PROMETHION	332544085.0	332526744.0	8896.0	8445.0	2402.0	0.5991911451681566	0.4869961363243181	0.9999927765730346	0.22144371715681754	0.7785562828431825	0.7785562828431825	HG003	giabHC_x_ultima_x_clinvar	-1	-2	ont	sentdont
On1-HG003-3x-2-D0-PF-ONT-PROMETHION-ont-sentdont-INS_gt50	INS_gt50	On1-HG003-3x-2-D0-PF-ONT-PROMETHION	332544085.0	332544085.0	0.0	0.0	1.0			0.9999999969928799	1.0	0.0	0.0	HG003	giabHC_x_ultima_x_clinvar	-1	-2	ont	sentdont
On1-HG003-3x-2-D0-PF-ONT-PROMETHION-ont-sentdont-DEL_50	DEL_50	On1-HG003-3x-2-D0-PF-ONT-PROMETHION	332544085.0	332525138.0	9426.0	9521.0	3725.0	0.5914950455067871	0.5025069931915342	0.9999887979648853	0.2812169711611052	0.7187830288388948	0.7187830288388948	HG003	giabHC_x_ultima_x_clinvar	-1	-2	ont	sentdont
On1-HG003-3x-2-D0-PF-ONT-PROMETHION-ont-sentdont-DEL_gt50	DEL_gt50	On1-HG003-3x-2-D0-PF-ONT-PROMETHION	332544085.0	332544085.0	0.0	0.0	0.0			1.0				HG003	giabHC_x_ultima_x_clinvar	-1	-2	ont	sentdont
On1-HG003-3x-2-D0-PF-ONT-PROMETHION-ont-sentdont-Indel_50	Indel_50	On1-HG003-3x-2-D0-PF-ONT-PROMETHION	332544085.0	332542064.0	671.0	1350.0	486.0	0.7000259268861809	0.6679861454725383	0.9999985385328884	0.2647058823529412	0.7352941176470589	0.7352941176470589	HG003	giabHC_x_ultima_x_clinvar	-1	-2	ont	sentdont
On1-HG003-3x-2-D0-PF-ONT-PROMETHION-ont-sentdont-Indel_gt50	Indel_gt50	On1-HG003-3x-2-D0-PF-ONT-PROMETHION	332544085.0	332544064.0	11.0	10.0	1.0	0.6249999999999999	0.47619047619047616	0.9999999969928798	0.09090909090909091	0.9090909090909091	0.9090909090909091	HG003	giabHC_x_ultima_x_clinvar	-1	-2	ont	sentdont
On1-HG003-3x-2-D0-PF-ONT-PROMETHION-ont-sentdont-All	All	On1-HG003-3x-2-D0-PF-ONT-PROMETHION	332544085.0	332135282.0	161609.0	247194.0	12742.0	0.7392839358853005	0.6046775586284836	0.999961637586018	0.04901975870983627	0.9509802412901638	0.9509802412901638	HG003	giabHC_x_ultima_x_clinvar	-1	-2	ont	sentdont
On1-HG003-3x-2-D0-PF-ONT-PROMETHION-ont-sentdont-SNPts	SNPts	On1-HG003-3x-2-D0-PF-ONT-PROMETHION	2505355380.0	2503156323.0	820739.0	1378318.0	35977.0	0.762902700871656	0.62677684116419	0.9999856275524657	0.02543811581035074	0.9745618841896493	0.9745618841896493	HG003	giabHC_x_ultima	-1	-2	ont	sentdont
On1-HG003-3x-2-D0-PF-ONT-PROMETHION-ont-sentdont-SNPtv	SNPtv	On1-HG003-3x-2-D0-PF-ONT-PROMETHION	2505355380.0	2504325583.0	388304.0	641493.0	8717.0	0.7636789608614727	0.6229315098024174	0.9999965192346725	0.013406437920056597	0.9865935620799434	0.9865935620799434	HG003	giabHC_x_ultima	-1	-2	ont	sentdont
On1-HG003-3x-2-D0-PF-ONT-PROMETHION-ont-sentdont-INS_50	INS_50	On1-HG003-3x-2-D0-PF-ONT-PROMETHION	2505355380.0	2505203022.0	77892.0	74466.0	21481.0	0.5997946074384325	0.48875674398456265	0.9999914255189608	0.22388401930232316	0.7761159806976768	0.7761159806976768	HG003	giabHC_x_ultima	-1	-2	ont	sentdont
On1-HG003-3x-2-D0-PF-ONT-PROMETHION-ont-sentdont-INS_gt50	INS_gt50	On1-HG003-3x-2-D0-PF-ONT-PROMETHION	2505355380.0	2505355380.0	0.0	0.0	9.0			0.9999999964076953	1.0	0.0	0.0	HG003	giabHC_x_ultima	-1	-2	ont	sentdont
On1-HG003-3x-2-D0-PF-ONT-PROMETHION-ont-sentdont-DEL_50	DEL_50	On1-HG003-3x-2-D0-PF-ONT-PROMETHION	2505355380.0	2505190057.0	82268.0	83055.0	30985.0	0.5946027211907089	0.5023801890843984	0.9999876318298943	0.2717029112592073	0.7282970887407927	0.7282970887407927	HG003	giabHC_x_ultima	-1	-2	ont	sentdont
On1-HG003-3x-2-D0-PF-ONT-PROMETHION-ont-sentdont-DEL_gt50	DEL_gt50	On1-HG003-3x-2-D0-PF-ONT-PROMETHION	2505355380.0	2505355380.0	0.0	0.0	0.0			1.0				HG003	giabHC_x_ultima	-1	-2	ont	sentdont
On1-HG003-3x-2-D0-PF-ONT-PROMETHION-ont-sentdont-Indel_50	Indel_50	On1-HG003-3x-2-D0-PF-ONT-PROMETHION	2505355380.0	2505334475.0	6936.0	13969.0	4270.0	0.7137236868996526	0.6682133460894523	0.9999982956396581	0.23411371237458195	0.765886287625418	0.7658862876254181	HG003	giabHC_x_ultima	-1	-2	ont	sentdont
On1-HG003-3x-2-D0-PF-ONT-PROMETHION-ont-sentdont-Indel_gt50	Indel_gt50	On1-HG003-3x-2-D0-PF-ONT-PROMETHION	2505355380.0	2505355100.0	123.0	157.0	11.0	0.7008928571428572	0.5607142857142857	0.9999999956094049	0.06547619047619048	0.9345238095238095	0.9345238095238095	HG003	giabHC_x_ultima	-1	-2	ont	sentdont
On1-HG003-3x-2-D0-PF-ONT-PROMETHION-ont-sentdont-All	All	On1-HG003-3x-2-D0-PF-ONT-PROMETHION	2505355380.0	2501787660.0	1376262.0	2191458.0	101450.0	0.7478577381127073	0.6142460731223303	0.9999594506408799	0.04424512453181724	0.9557548754681827	0.9557548754681827	HG003	giabHC_x_ultima	-1	-2	ont	sentdont
On1-HG003-3x-2-D0-PF-ONT-PROMETHION-ont-sentdont-SNPts	SNPts	On1-HG003-3x-2-D0-PF-ONT-PROMETHION	377862616.0	377589904.0	104889.0	167823.0	37248.0	0.7025072051538042	0.6153854615858488	0.9999013630248706	0.18163465336395687	0.8183653466360431	0.8183653466360431	HG003	clinvar_genes	-1	-2	ont	sentdont
On1-HG003-3x-2-D0-PF-ONT-PROMETHION-ont-sentdont-SNPtv	SNPtv	On1-HG003-3x-2-D0-PF-ONT-PROMETHION	377862616.0	377738862.0	48647.0	75107.0	20054.0	0.6861749994290022	0.606905635373402	0.9999469132318243	0.2107375920807894	0.7892624079192105	0.7892624079192107	HG003	clinvar_genes	-1	-2	ont	sentdont
On1-HG003-3x-2-D0-PF-ONT-PROMETHION-ont-sentdont-INS_50	INS_50	On1-HG003-3x-2-D0-PF-ONT-PROMETHION	377862616.0	377833773.0	17734.0	11109.0	18166.0	0.3822912006607247	0.3851541101827133	0.9999519229673716	0.6205294619982921	0.37947053800170794	0.37947053800170794	HG003	clinvar_genes	-1	-2	ont	sentdont
On1-HG003-3x-2-D0-PF-ONT-PROMETHION-ont-sentdont-INS_gt50	INS_gt50	On1-HG003-3x-2-D0-PF-ONT-PROMETHION	377862616.0	377862586.0	26.0	4.0	122.0	0.05128205128205127	0.13333333333333333	0.9999996771314094	0.9682539682539683	0.031746031746031744	0.031746031746031744	HG003	clinvar_genes	-1	-2	ont	sentdont
On1-HG003-3x-2-D0-PF-ONT-PROMETHION-ont-sentdont-DEL_50	DEL_50	On1-HG003-3x-2-D0-PF-ONT-PROMETHION	377862616.0	377831947.0	18443.0	12226.0	24320.0	0.36378784497508	0.39864358146662754	0.9999356369018487	0.6654627045367482	0.33453729546325184	0.3345372954632518	HG003	clinvar_genes	-1	-2	ont	sentdont
On1-HG003-3x-2-D0-PF-ONT-PROMETHION-ont-sentdont-DEL_gt50	DEL_gt50	On1-HG003-3x-2-D0-PF-ONT-PROMETHION	377862616.0	377862598.0	16.0	2.0	30.0	0.08	0.1111111111111111	0.9999999206060675	0.9375	0.0625	0.0625	HG003	clinvar_genes	-1	-2	ont	sentdont
On1-HG003-3x-2-D0-PF-ONT-PROMETHION-ont-sentdont-Indel_50	Indel_50	On1-HG003-3x-2-D0-PF-ONT-PROMETHION	377862616.0	377857302.0	2771.0	2543.0	5086.0	0.3929537201576141	0.4785472337222431	0.9999865400734196	0.6666666666666666	0.33333333333333337	0.3333333333333333	HG003	clinvar_genes	-1	-2	ont	sentdont
On1-HG003-3x-2-D0-PF-ONT-PROMETHION-ont-sentdont-Indel_gt50	Indel_gt50	On1-HG003-3x-2-D0-PF-ONT-PROMETHION	377862616.0	377862464.0	82.0	70.0	258.0	0.2916666666666667	0.4605263157894737	0.9999993172123499	0.7865853658536586	0.21341463414634143	0.21341463414634146	HG003	clinvar_genes	-1	-2	ont	sentdont
On1-HG003-3x-2-D0-PF-ONT-PROMETHION-ont-sentdont-All	All	On1-HG003-3x-2-D0-PF-ONT-PROMETHION	377862616.0	377401124.0	192608.0	268884.0	105284.0	0.6435248785391188	0.5826406524923509	0.9997211067209222	0.2813816253661457	0.7186183746338544	0.7186183746338544	HG003	clinvar_genes	-1	-2	ont	sentdont
On1-HG003-3x-2-D0-PF-ONT-PROMETHION-ont-sentdont-SNPts	SNPts	On1-HG003-3x-2-D0-PF-ONT-PROMETHION	3088286401.0	3085968097.0	867993.0	1450311.0	374656.0	0.7000802023328911	0.6255913805954698	0.9998786084275196	0.20529467108172367	0.7947053289182764	0.7947053289182763	HG003	hg38	-1	-2	ont	sentdont
On1-HG003-3x-2-D0-PF-ONT-PROMETHION-ont-sentdont-SNPtv	SNPtv	On1-HG003-3x-2-D0-PF-ONT-PROMETHION	3088286401.0	3087185043.0	420107.0	681251.0	271544.0	0.6632913906607736	0.6185554560824001	0.9999120492896505	0.2849972974249445	0.7150027025750555	0.7150027025750555	HG003	hg38	-1	-2	ont	sentdont
On1-HG003-3x-2-D0-PF-ONT-PROMETHION-ont-sentdont-INS_50	INS_50	On1-HG003-3x-2-D0-PF-ONT-PROMETHION	3088286401.0	3088033004.0	156194.0	97203.0	163709.0	0.3779945519133439	0.38359964798320423	0.9999469888044014	0.6274491016128043	0.3725508983871957	0.3725508983871957	HG003	hg38	-1	-2	ont	sentdont
On1-HG003-3x-2-D0-PF-ONT-PROMETHION-ont-sentdont-INS_gt50	INS_gt50	On1-HG003-3x-2-D0-PF-ONT-PROMETHION	3088286401.0	3088286171.0	196.0	34.0	936.0	0.056666666666666664	0.14782608695652175	0.9999996969193706	0.9649484536082474	0.035051546391752564	0.03505154639175258	HG003	hg38	-1	-2	ont	sentdont
On1-HG003-3x-2-D0-PF-ONT-PROMETHION-ont-sentdont-DEL_50	DEL_50	On1-HG003-3x-2-D0-PF-ONT-PROMETHION	3088286401.0	3088017814.0	160946.0	107641.0	214943.0	0.3641619768222731	0.4007677214459374	0.9999303993523438	0.6663163703097488	0.3336836296902512	0.3336836296902512	HG003	hg38	-1	-2	ont	sentdont
On1-HG003-3x-2-D0-PF-ONT-PROMETHION-ont-sentdont-DEL_gt50	DEL_gt50	On1-HG003-3x-2-D0-PF-ONT-PROMETHION	3088286401.0	3088286264.0	118.0	19.0	258.0	0.09178743961352656	0.1386861313868613	0.9999999164585287	0.9314079422382672	0.06859205776173283	0.06859205776173286	HG003	hg38	-1	-2	ont	sentdont
On1-HG003-3x-2-D0-PF-ONT-PROMETHION-ont-sentdont-Indel_50	Indel_50	On1-HG003-3x-2-D0-PF-ONT-PROMETHION	3088286401.0	3088233476.0	27021.0	25904.0	48587.0	0.40660513593269293	0.48944733112895605	0.9999842673049258	0.6522532923440416	0.3477467076559584	0.34774670765595844	HG003	hg38	-1	-2	ont	sentdont
On1-HG003-3x-2-D0-PF-ONT-PROMETHION-ont-sentdont-Indel_gt50	Indel_gt50	On1-HG003-3x-2-D0-PF-ONT-PROMETHION	3088286401.0	3088284991.0	802.0	608.0	2401.0	0.2751753790450328	0.43120567375886526	0.9999992225464488	0.7979395147889664	0.2020604852110336	0.20206048521103356	HG003	hg38	-1	-2	ont	sentdont
On1-HG003-3x-2-D0-PF-ONT-PROMETHION-ont-sentdont-All	All	On1-HG003-3x-2-D0-PF-ONT-PROMETHION	3088286401.0	3084290053.0	1633377.0	2362971.0	1077034.0	0.6355187818544924	0.5912825910055881	0.9996509219261014	0.31309082399589533	0.6869091760041046	0.6869091760041046	HG003	hg38	-1	-2	ont	sentdont
On1-HG003-3x-2-D0-PF-ONT-PROMETHION-ont-sentdont-SNPts	SNPts	On1-HG003-3x-2-D0-PF-ONT-PROMETHION	688815815.0	688748068.0	26722.0	41025.0	336763.0	0.18416061588876295	0.6055618698982981	0.9995112894888264	0.8914073501540547	0.1085926498459453	0.10859264984594534	HG003	hg38_m_giabHC	-1	-2	ont	sentdont
On1-HG003-3x-2-D0-PF-ONT-PROMETHION-ont-sentdont-SNPtv	SNPtv	On1-HG003-3x-2-D0-PF-ONT-PROMETHION	688815815.0	688780975.0	14829.0	20011.0	261695.0	0.12643344095328957	0.5743685419058553	0.9996202049431859	0.9289649492733559	0.07103505072664407	0.0710350507266441	HG003	hg38_m_giabHC	-1	-2	ont	sentdont
On1-HG003-3x-2-D0-PF-ONT-PROMETHION-ont-sentdont-INS_50	INS_50	On1-HG003-3x-2-D0-PF-ONT-PROMETHION	688815815.0	688789061.0	17979.0	8775.0	111311.0	0.11951784254971398	0.32798833819241985	0.9998384222094744	0.9269273687190847	0.07307263128091535	0.07307263128091535	HG003	hg38_m_giabHC	-1	-2	ont	sentdont
On1-HG003-3x-2-D0-PF-ONT-PROMETHION-ont-sentdont-INS_gt50	INS_gt50	On1-HG003-3x-2-D0-PF-ONT-PROMETHION	688815815.0	688815586.0	195.0	34.0	925.0	0.057239057239057235	0.14847161572052403	0.999998657116975	0.9645464025026069	0.035453597497393075	0.035453597497393116	HG003	hg38_m_giabHC	-1	-2	ont	sentdont
On1-HG003-3x-2-D0-PF-ONT-PROMETHION-ont-sentdont-DEL_50	DEL_50	On1-HG003-3x-2-D0-PF-ONT-PROMETHION	688815815.0	688788568.0	17600.0	9647.0	145477.0	0.10579532930125954	0.35405732741219215	0.9997888375512056	0.9378110414893891	0.0621889585106109	0.06218895851061087	HG003	hg38_m_giabHC	-1	-2	ont	sentdont
On1-HG003-3x-2-D0-PF-ONT-PROMETHION-ont-sentdont-DEL_gt50	DEL_gt50	On1-HG003-3x-2-D0-PF-ONT-PROMETHION	688815815.0	688815678.0	118.0	19.0	258.0	0.09178743961352656	0.1386861313868613	0.9999996254442057	0.9314079422382672	0.06859205776173283	0.06859205776173286	HG003	hg38_m_giabHC	-1	-2	ont	sentdont
On1-HG003-3x-2-D0-PF-ONT-PROMETHION-ont-sentdont-Indel_50	Indel_50	On1-HG003-3x-2-D0-PF-ONT-PROMETHION	688815815.0	688805792.0	6130.0	3893.0	36449.0	0.1545914821800854	0.3884066646712561	0.999947086578275	0.9035000743641862	0.09649992563581378	0.09649992563581379	HG003	hg38_m_giabHC	-1	-2	ont	sentdont
On1-HG003-3x-2-D0-PF-ONT-PROMETHION-ont-sentdont-Indel_gt50	Indel_gt50	On1-HG003-3x-2-D0-PF-ONT-PROMETHION	688815815.0	688814789.0	637.0	389.0	2360.0	0.20609271523178807	0.3791423001949318	0.9999965738367527	0.8584939978173881	0.1415060021826119	0.14150600218261186	HG003	hg38_m_giabHC	-1	-2	ont	sentdont
On1-HG003-3x-2-D0-PF-ONT-PROMETHION-ont-sentdont-All	All	On1-HG003-3x-2-D0-PF-ONT-PROMETHION	688815815.0	688647812.0	84210.0	83793.0	895238.0	0.14610377722020448	0.4987589507330226	0.9987016938246278	0.9144123117654088	0.08558768823459117	0.08558768823459115	HG003	hg38_m_giabHC	-1	-2	ont	sentdont
On1-HG003-3x-2-D0-PF-ONT-PROMETHION-ont-sentdont-SNPts	SNPts	On1-HG003-3x-2-D0-PF-ONT-PROMETHION	2528531102.0	2526280516.0	841271.0	1409315.0	37893.0	0.7622463555298105	0.6261991321371412	0.9999850007030527	0.026183520267991884	0.9738164797320081	0.9738164797320081	HG003	giabHC	-1	-2	ont	sentdont
On1-HG003-3x-2-D0-PF-ONT-PROMETHION-ont-sentdont-SNPtv	SNPtv	On1-HG003-3x-2-D0-PF-ONT-PROMETHION	2528531102.0	2527464575.0	405278.0	661249.0	9849.0	0.761095173009136	0.6200021190274602	0.9999961032246631	0.014675948967214922	0.9853240510327851	0.9853240510327851	HG003	giabHC	-1	-2	ont	sentdont
On1-HG003-3x-2-D0-PF-ONT-PROMETHION-ont-sentdont-INS_50	INS_50	On1-HG003-3x-2-D0-PF-ONT-PROMETHION	2528531102.0	2528304539.0	138175.0	88388.0	52393.0	0.4812274053747986	0.39012548386100115	0.9999792778466771	0.3721595953999474	0.6278404046000525	0.6278404046000525	HG003	giabHC	-1	-2	ont	sentdont
On1-HG003-3x-2-D0-PF-ONT-PROMETHION-ont-sentdont-INS_gt50	INS_gt50	On1-HG003-3x-2-D0-PF-ONT-PROMETHION	2528531102.0	2528531101.0	1.0	0.0	11.0		0.0	0.9999999956496481	1.0	0.0	0.0	HG003	giabHC	-1	-2	ont	sentdont
On1-HG003-3x-2-D0-PF-ONT-PROMETHION-ont-sentdont-DEL_50	DEL_50	On1-HG003-3x-2-D0-PF-ONT-PROMETHION	2528531102.0	2528289570.0	143436.0	98096.0	69471.0	0.4795709595965769	0.4061408012188861	0.9999725232853114	0.41458640424427246	0.5854135957557276	0.5854135957557276	HG003	giabHC	-1	-2	ont	sentdont
On1-HG003-3x-2-D0-PF-ONT-PROMETHION-ont-sentdont-DEL_gt50	DEL_gt50	On1-HG003-3x-2-D0-PF-ONT-PROMETHION	2528531102.0	2528531102.0	0.0	0.0	0.0			1.0				HG003	giabHC	-1	-2	ont	sentdont
On1-HG003-3x-2-D0-PF-ONT-PROMETHION-ont-sentdont-Indel_50	Indel_50	On1-HG003-3x-2-D0-PF-ONT-PROMETHION	2528531102.0	2528488200.0	20891.0	22011.0	12138.0	0.5713358684507664	0.5130530045219337	0.999995199526052	0.3554423262760257	0.6445576737239743	0.6445576737239743	HG003	giabHC	-1	-2	ont	sentdont
On1-HG003-3x-2-D0-PF-ONT-PROMETHION-ont-sentdont-Indel_gt50	Indel_gt50	On1-HG003-3x-2-D0-PF-ONT-PROMETHION	2528531102.0	2528530716.0	167.0	219.0	41.0	0.6780185758513932	0.5673575129533679	0.99999998378505	0.1576923076923077	0.8423076923076923	0.8423076923076923	HG003	giabHC	-1	-2	ont	sentdont
On1-HG003-3x-2-D0-PF-ONT-PROMETHION-ont-sentdont-All	All	On1-HG003-3x-2-D0-PF-ONT-PROMETHION	2528531102.0	2524702605.0	1549219.0	2279278.0	181796.0	0.7247801161637256	0.5953453796620449	0.9999279982877917	0.07386856307449512	0.9261314369255049	0.9261314369255049	HG003	giabHC	-1	-2	ont	sentdont
On1-HG003-40x-9-D0-PF-ONT-PROMETHION-ont-sentdont-SNPts	SNPts	On1-HG003-40x-9-D0-PF-ONT-PROMETHION	2799325643.0	2797073926.0	3823.0	2247894.0	184174.0	0.9598621627593922	0.9983021845107534	0.999934159096724	0.07572732341365455	0.9242726765863455	0.9242726765863455	HG003	ultima	-1	-2	ont	sentdont
On1-HG003-40x-9-D0-PF-ONT-PROMETHION-ont-sentdont-SNPtv	SNPtv	On1-HG003-40x-9-D0-PF-ONT-PROMETHION	2799325643.0	2798269572.0	2578.0	1053493.0	116491.0	0.946511204799522	0.9975588762497976	0.9999583720768409	0.09956631885564247	0.9004336811443575	0.9004336811443575	HG003	ultima	-1	-2	ont	sentdont
On1-HG003-40x-9-D0-PF-ONT-PROMETHION-ont-sentdont-INS_50	INS_50	On1-HG003-40x-9-D0-PF-ONT-PROMETHION	2799325643.0	2799166545.0	1976.0	157122.0	29233.0	0.9096577537320562	0.987579982149367	0.9999895566432938	0.1568672694588286	0.8431327305411714	0.8431327305411714	HG003	ultima	-1	-2	ont	sentdont
On1-HG003-40x-9-D0-PF-ONT-PROMETHION-ont-sentdont-INS_gt50	INS_gt50	On1-HG003-40x-9-D0-PF-ONT-PROMETHION	2799325643.0	2799325549.0	54.0	40.0	372.0	0.15810276679841895	0.425531914893617	0.9999998671108651	0.9029126213592233	0.09708737864077666	0.0970873786407767	HG003	ultima	-1	-2	ont	sentdont
On1-HG003-40x-9-D0-PF-ONT-PROMETHION-ont-sentdont-DEL_50	DEL_50	On1-HG003-40x-9-D0-PF-ONT-PROMETHION	2799325643.0	2799152398.0	2883.0	170362.0	35735.0	0.8981974049802025	0.983358827094577	0.9999872337984079	0.17338922934346448	0.8266107706565355	0.8266107706565355	HG003	ultima	-1	-2	ont	sentdont
On1-HG003-40x-9-D0-PF-ONT-PROMETHION-ont-sentdont-DEL_gt50	DEL_gt50	On1-HG003-40x-9-D0-PF-ONT-PROMETHION	2799325643.0	2799325554.0	61.0	28.0	180.0	0.18855218855218855	0.3146067415730337	0.9999999356988014	0.8653846153846154	0.13461538461538458	0.1346153846153846	HG003	ultima	-1	-2	ont	sentdont
On1-HG003-40x-9-D0-PF-ONT-PROMETHION-ont-sentdont-Indel_50	Indel_50	On1-HG003-40x-9-D0-PF-ONT-PROMETHION	2799325643.0	2799295720.0	181.0	29742.0	10811.0	0.8440320108973267	0.9939511412625739	0.9999961379720727	0.2665894015239316	0.7334105984760684	0.7334105984760684	HG003	ultima	-1	-2	ont	sentdont
On1-HG003-40x-9-D0-PF-ONT-PROMETHION-ont-sentdont-Indel_gt50	Indel_gt50	On1-HG003-40x-9-D0-PF-ONT-PROMETHION	2799325643.0	2799324353.0	50.0	1240.0	1042.0	0.6942889137737962	0.9612403100775194	0.9999996277674608	0.4566170026292726	0.5433829973707274	0.5433829973707275	HG003	ultima	-1	-2	ont	sentdont
On1-HG003-40x-9-D0-PF-ONT-PROMETHION-ont-sentdont-All	All	On1-HG003-40x-9-D0-PF-ONT-PROMETHION	2799325643.0	2795654116.0	11606.0	3659921.0	378038.0	0.9494591468224989	0.9968389174313576	0.9998647948309681	0.09362105955013411	0.9063789404498659	0.9063789404498659	HG003	ultima	-1	-2	ont	sentdont
On1-HG003-40x-9-D0-PF-ONT-PROMETHION-ont-sentdont-SNPts	SNPts	On1-HG003-40x-9-D0-PF-ONT-PROMETHION	377862616.0	377589840.0	839.0	271937.0	45131.0	0.9220641389926829	0.9969242162067044	0.9998804904114666	0.14233855198254003	0.85766144801746	0.85766144801746	HG003	clinvar_genes	-1	-2	ont	sentdont
On1-HG003-40x-9-D0-PF-ONT-PROMETHION-ont-sentdont-SNPtv	SNPtv	On1-HG003-40x-9-D0-PF-ONT-PROMETHION	377862616.0	377738759.0	590.0	123267.0	26973.0	0.8994407089461031	0.9952364420258847	0.9999285986056565	0.17953274760383386	0.8204672523961661	0.8204672523961661	HG003	clinvar_genes	-1	-2	ont	sentdont
On1-HG003-40x-9-D0-PF-ONT-PROMETHION-ont-sentdont-INS_50	INS_50	On1-HG003-40x-9-D0-PF-ONT-PROMETHION	377862616.0	377834461.0	3718.0	24437.0	14445.0	0.7290600713039069	0.8679453027881371	0.9999617704331795	0.37150866724962706	0.6284913327503729	0.6284913327503729	HG003	clinvar_genes	-1	-2	ont	sentdont
On1-HG003-40x-9-D0-PF-ONT-PROMETHION-ont-sentdont-INS_gt50	INS_gt50	On1-HG003-40x-9-D0-PF-ONT-PROMETHION	377862616.0	377862586.0	16.0	14.0	239.0	0.0989399293286219	0.4666666666666667	0.9999993674953338	0.9446640316205533	0.055335968379446654	0.05533596837944664	HG003	clinvar_genes	-1	-2	ont	sentdont
On1-HG003-40x-9-D0-PF-ONT-PROMETHION-ont-sentdont-DEL_50	DEL_50	On1-HG003-40x-9-D0-PF-ONT-PROMETHION	377862616.0	377832754.0	3353.0	26509.0	16437.0	0.7281892099769255	0.8877168307548055	0.9999564985174204	0.38273645974013876	0.6172635402598612	0.6172635402598612	HG003	clinvar_genes	-1	-2	ont	sentdont
On1-HG003-40x-9-D0-PF-ONT-PROMETHION-ont-sentdont-DEL_gt50	DEL_gt50	On1-HG003-40x-9-D0-PF-ONT-PROMETHION	377862616.0	377862598.0	15.0	3.0	87.0	0.05555555555555555	0.16666666666666666	0.9999997697576304	0.9666666666666667	0.033333333333333326	0.03333333333333333	HG003	clinvar_genes	-1	-2	ont	sentdont
On1-HG003-40x-9-D0-PF-ONT-PROMETHION-ont-sentdont-Indel_50	Indel_50	On1-HG003-40x-9-D0-PF-ONT-PROMETHION	377862616.0	377855979.0	605.0	6032.0	8245.0	0.5768384814000191	0.9088443573903873	0.9999781799930337	0.5775022763885971	0.4224977236114029	0.422497723611403	HG003	clinvar_genes	-1	-2	ont	sentdont
On1-HG003-40x-9-D0-PF-ONT-PROMETHION-ont-sentdont-Indel_gt50	Indel_gt50	On1-HG003-40x-9-D0-PF-ONT-PROMETHION	377862616.0	377862350.0	14.0	252.0	831.0	0.3736100815418829	0.9473684210526315	0.999997800791287	0.7673130193905817	0.23268698060941828	0.23268698060941828	HG003	clinvar_genes	-1	-2	ont	sentdont
On1-HG003-40x-9-D0-PF-ONT-PROMETHION-ont-sentdont-All	All	On1-HG003-40x-9-D0-PF-ONT-PROMETHION	377862616.0	377401015.0	9150.0	452451.0	112388.0	0.8815926892950392	0.9801776859235574	0.9997022940136512	0.1989735128063041	0.8010264871936958	0.801026487193696	HG003	clinvar_genes	-1	-2	ont	sentdont
On1-HG003-40x-9-D0-PF-ONT-PROMETHION-ont-sentdont-SNPts	SNPts	On1-HG003-40x-9-D0-PF-ONT-PROMETHION	3088286401.0	3085967354.0	6048.0	2312999.0	536332.0	0.8950579853098981	0.9973920321580373	0.9998262331574614	0.18823085138230694	0.811769148617693	0.8117691486176931	HG003	hg38	-1	-2	ont	sentdont
On1-HG003-40x-9-D0-PF-ONT-PROMETHION-ont-sentdont-SNPtv	SNPtv	On1-HG003-40x-9-D0-PF-ONT-PROMETHION	3088286401.0	3087184127.0	4569.0	1097705.0	472605.0	0.8214559392707581	0.9958549326211087	0.9998469373246378	0.3009628672045647	0.6990371327954352	0.6990371327954353	HG003	hg38	-1	-2	ont	sentdont
On1-HG003-40x-9-D0-PF-ONT-PROMETHION-ont-sentdont-INS_50	INS_50	On1-HG003-40x-9-D0-PF-ONT-PROMETHION	3088286401.0	3088039983.0	31831.0	214587.0	138363.0	0.7160442332590329	0.8708251832252514	0.9999551959166545	0.39201869953251167	0.6079813004674883	0.6079813004674883	HG003	hg38	-1	-2	ont	sentdont
On1-HG003-40x-9-D0-PF-ONT-PROMETHION-ont-sentdont-INS_gt50	INS_gt50	On1-HG003-40x-9-D0-PF-ONT-PROMETHION	3088286401.0	3088286174.0	128.0	99.0	1929.0	0.08780487804878048	0.43612334801762115	0.9999993753821096	0.9511834319526628	0.04881656804733725	0.04881656804733728	HG003	hg38	-1	-2	ont	sentdont
On1-HG003-40x-9-D0-PF-ONT-PROMETHION-ont-sentdont-DEL_50	DEL_50	On1-HG003-40x-9-D0-PF-ONT-PROMETHION	3088286401.0	3088024797.0	29504.0	232100.0	159557.0	0.7105888764215221	0.8872188498646809	0.9999483330715689	0.4073896291908481	0.5926103708091519	0.5926103708091519	HG003	hg38	-1	-2	ont	sentdont
On1-HG003-40x-9-D0-PF-ONT-PROMETHION-ont-sentdont-DEL_gt50	DEL_gt50	On1-HG003-40x-9-D0-PF-ONT-PROMETHION	3088286401.0	3088286263.0	95.0	43.0	662.0	0.10201660735468565	0.3115942028985507	0.999999785641679	0.9390070921985816	0.06099290780141842	0.06099290780141844	HG003	hg38	-1	-2	ont	sentdont
On1-HG003-40x-9-D0-PF-ONT-PROMETHION-ont-sentdont-Indel_50	Indel_50	On1-HG003-40x-9-D0-PF-ONT-PROMETHION	3088286401.0	3088221279.0	5603.0	59519.0	84926.0	0.5680188197569274	0.9139614876692976	0.9999725007838075	0.5879469694347329	0.4120530305652671	0.41205303056526704	HG003	hg38	-1	-2	ont	sentdont
On1-HG003-40x-9-D0-PF-ONT-PROMETHION-ont-sentdont-Indel_gt50	Indel_gt50	On1-HG003-40x-9-D0-PF-ONT-PROMETHION	3088286401.0	3088283870.0	139.0	2392.0	7906.0	0.37290513679943876	0.9450809956538917	0.9999974400087254	0.7677218877451932	0.23227811225480677	0.23227811225480677	HG003	hg38	-1	-2	ont	sentdont
On1-HG003-40x-9-D0-PF-ONT-PROMETHION-ont-sentdont-All	All	On1-HG003-40x-9-D0-PF-ONT-PROMETHION	3088286401.0	3084289040.0	77917.0	3919444.0	1402280.0	0.8411649856182233	0.9805078900804806	0.9995455540251511	0.2635010759671114	0.7364989240328885	0.7364989240328886	HG003	hg38	-1	-2	ont	sentdont
On1-HG003-40x-9-D0-PF-ONT-PROMETHION-ont-sentdont-SNPts	SNPts	On1-HG003-40x-9-D0-PF-ONT-PROMETHION	337668665.0	337403509.0	647.0	264509.0	529.0	0.9977819439676797	0.9975599269863779	0.999998432146802	0.001995940204800821	0.9980040597951991	0.9980040597951991	HG003	giabHC_x_clinvar_genes	-1	-2	ont	sentdont
On1-HG003-40x-9-D0-PF-ONT-PROMETHION-ont-sentdont-SNPtv	SNPtv	On1-HG003-40x-9-D0-PF-ONT-PROMETHION	337668665.0	337548814.0	440.0	119411.0	304.0	0.9968943840110867	0.9963287748954952	0.9999990993903293	0.002539364323601888	0.9974606356763981	0.9974606356763981	HG003	giabHC_x_clinvar_genes	-1	-2	ont	sentdont
On1-HG003-40x-9-D0-PF-ONT-PROMETHION-ont-sentdont-INS_50	INS_50	On1-HG003-40x-9-D0-PF-ONT-PROMETHION	337668665.0	337643095.0	3196.0	22374.0	1717.0	0.9010692495116892	0.8750097770825186	0.9999949147745235	0.07127142916441825	0.9287285708355817	0.9287285708355818	HG003	giabHC_x_clinvar_genes	-1	-2	ont	sentdont
On1-HG003-40x-9-D0-PF-ONT-PROMETHION-ont-sentdont-INS_gt50	INS_gt50	On1-HG003-40x-9-D0-PF-ONT-PROMETHION	337668665.0	337668665.0	0.0	0.0	0.0			1.0				HG003	giabHC_x_clinvar_genes	-1	-2	ont	sentdont
On1-HG003-40x-9-D0-PF-ONT-PROMETHION-ont-sentdont-DEL_50	DEL_50	On1-HG003-40x-9-D0-PF-ONT-PROMETHION	337668665.0	337641512.0	2852.0	24301.0	2144.0	0.9067875667002501	0.8949655654992081	0.9999936501102216	0.08107392701833994	0.9189260729816601	0.9189260729816601	HG003	giabHC_x_clinvar_genes	-1	-2	ont	sentdont
On1-HG003-40x-9-D0-PF-ONT-PROMETHION-ont-sentdont-DEL_gt50	DEL_gt50	On1-HG003-40x-9-D0-PF-ONT-PROMETHION	337668665.0	337668665.0	0.0	0.0	0.0			1.0				HG003	giabHC_x_clinvar_genes	-1	-2	ont	sentdont
On1-HG003-40x-9-D0-PF-ONT-PROMETHION-ont-sentdont-Indel_50	Indel_50	On1-HG003-40x-9-D0-PF-ONT-PROMETHION	337668665.0	337663369.0	458.0	4838.0	508.0	0.9092275887990978	0.9135196374622356	0.99999849554532	0.09502431724653947	0.9049756827534605	0.9049756827534605	HG003	giabHC_x_clinvar_genes	-1	-2	ont	sentdont
On1-HG003-40x-9-D0-PF-ONT-PROMETHION-ont-sentdont-Indel_gt50	Indel_gt50	On1-HG003-40x-9-D0-PF-ONT-PROMETHION	337668665.0	337668586.0	0.0	79.0	11.0	0.9349112426035503	1.0	0.9999999674236808	0.12222222222222222	0.8777777777777778	0.8777777777777778	HG003	giabHC_x_clinvar_genes	-1	-2	ont	sentdont
On1-HG003-40x-9-D0-PF-ONT-PROMETHION-ont-sentdont-All	All	On1-HG003-40x-9-D0-PF-ONT-PROMETHION	337668665.0	337225560.0	7593.0	435512.0	5213.0	0.985510788273763	0.9828641067015719	0.9999845417428735	0.011828237563106246	0.9881717624368938	0.9881717624368938	HG003	giabHC_x_clinvar_genes	-1	-2	ont	sentdont
On1-HG003-40x-9-D0-PF-ONT-PROMETHION-ont-sentdont-SNPts	SNPts	On1-HG003-40x-9-D0-PF-ONT-PROMETHION	688815815.0	688748512.0	1295.0	66008.0	532925.0	0.19815200619600262	0.9807586586036283	0.9992268397618258	0.8897906777552748	0.11020932224472524	0.1102093222447252	HG003	hg38_m_giabHC	-1	-2	ont	sentdont
On1-HG003-40x-9-D0-PF-ONT-PROMETHION-ont-sentdont-SNPtv	SNPtv	On1-HG003-40x-9-D0-PF-ONT-PROMETHION	688815815.0	688781304.0	955.0	33556.0	470393.0	0.12463692753407868	0.972327663643476	0.9993175308787089	0.9334138970411688	0.06658610295883116	0.06658610295883115	HG003	hg38_m_giabHC	-1	-2	ont	sentdont
On1-HG003-40x-9-D0-PF-ONT-PROMETHION-ont-sentdont-INS_50	INS_50	On1-HG003-40x-9-D0-PF-ONT-PROMETHION	688815815.0	688791049.0	4737.0	20029.0	122485.0	0.23946676231468197	0.8087297100864088	0.9998222055541733	0.8594594215305164	0.14054057846948365	0.1405405784694837	HG003	hg38_m_giabHC	-1	-2	ont	sentdont
On1-HG003-40x-9-D0-PF-ONT-PROMETHION-ont-sentdont-INS_gt50	INS_gt50	On1-HG003-40x-9-D0-PF-ONT-PROMETHION	688815815.0	688815589.0	128.0	98.0	1929.0	0.08699511762094983	0.4336283185840708	0.9999971995485748	0.9516526887025161	0.04834731129748393	0.048347311297483965	HG003	hg38_m_giabHC	-1	-2	ont	sentdont
On1-HG003-40x-9-D0-PF-ONT-PROMETHION-ont-sentdont-DEL_50	DEL_50	On1-HG003-40x-9-D0-PF-ONT-PROMETHION	688815815.0	688790142.0	4345.0	21328.0	141647.0	0.22611424451889234	0.8307560472091302	0.9997943961909413	0.8691333026537813	0.1308666973462187	0.13086669734621875	HG003	hg38_m_giabHC	-1	-2	ont	sentdont
On1-HG003-40x-9-D0-PF-ONT-PROMETHION-ont-sentdont-DEL_gt50	DEL_gt50	On1-HG003-40x-9-D0-PF-ONT-PROMETHION	688815815.0	688815677.0	95.0	43.0	662.0	0.10201660735468565	0.3115942028985507	0.9999990389310437	0.9390070921985816	0.06099290780141842	0.06099290780141844	HG003	hg38_m_giabHC	-1	-2	ont	sentdont
On1-HG003-40x-9-D0-PF-ONT-PROMETHION-ont-sentdont-Indel_50	Indel_50	On1-HG003-40x-9-D0-PF-ONT-PROMETHION	688815815.0	688802138.0	1341.0	12336.0	80593.0	0.2314316267377071	0.9019521824961615	0.9998830091155239	0.867253494603407	0.13274650539659305	0.1327465053965931	HG003	hg38_m_giabHC	-1	-2	ont	sentdont
On1-HG003-40x-9-D0-PF-ONT-PROMETHION-ont-sentdont-Indel_gt50	Indel_gt50	On1-HG003-40x-9-D0-PF-ONT-PROMETHION	688815815.0	688814114.0	125.0	1576.0	7849.0	0.2833003774941578	0.9265138154027043	0.9999886051833107	0.8327851458885942	0.1672148541114058	0.16721485411140583	HG003	hg38_m_giabHC	-1	-2	ont	sentdont
On1-HG003-40x-9-D0-PF-ONT-PROMETHION-ont-sentdont-All	All	On1-HG003-40x-9-D0-PF-ONT-PROMETHION	688815815.0	688647820.0	13021.0	154974.0	1358483.0	0.18433354029731444	0.9224917408256198	0.9980312020425124	0.8976026408414642	0.10239735915853576	0.10239735915853572	HG003	hg38_m_giabHC	-1	-2	ont	sentdont
On1-HG003-40x-9-D0-PF-ONT-PROMETHION-ont-sentdont-SNPts	SNPts	On1-HG003-40x-9-D0-PF-ONT-PROMETHION	332544085.0	332287550.0	431.0	256104.0	385.0	0.9984094311377245	0.9983199173602043	0.9999988413662988	0.0015010390309136063	0.9984989609690864	0.9984989609690864	HG003	giabHC_x_ultima_x_clinvar	-1	-2	ont	sentdont
On1-HG003-40x-9-D0-PF-ONT-PROMETHION-ont-sentdont-SNPtv	SNPtv	On1-HG003-40x-9-D0-PF-ONT-PROMETHION	332544085.0	332429721.0	259.0	114105.0	204.0	0.9979752747372885	0.9977353013185968	0.9999993863368347	0.0017846363803375063	0.9982153636196625	0.9982153636196625	HG003	giabHC_x_ultima_x_clinvar	-1	-2	ont	sentdont
On1-HG003-40x-9-D0-PF-ONT-PROMETHION-ont-sentdont-INS_50	INS_50	On1-HG003-40x-9-D0-PF-ONT-PROMETHION	332544085.0	332527011.0	186.0	16888.0	177.0	0.9893669996192039	0.9891062434110344	0.9999994677126972	0.010372106651040141	0.9896278933489598	0.9896278933489598	HG003	giabHC_x_ultima_x_clinvar	-1	-2	ont	sentdont
On1-HG003-40x-9-D0-PF-ONT-PROMETHION-ont-sentdont-INS_gt50	INS_gt50	On1-HG003-40x-9-D0-PF-ONT-PROMETHION	332544085.0	332544085.0	0.0	0.0	0.0			1.0				HG003	giabHC_x_ultima_x_clinvar	-1	-2	ont	sentdont
On1-HG003-40x-9-D0-PF-ONT-PROMETHION-ont-sentdont-DEL_50	DEL_50	On1-HG003-40x-9-D0-PF-ONT-PROMETHION	332544085.0	332525516.0	239.0	18330.0	189.0	0.9884598792062124	0.9871290861112607	0.9999994316228876	0.010205734650899077	0.989794265349101	0.989794265349101	HG003	giabHC_x_ultima_x_clinvar	-1	-2	ont	sentdont
On1-HG003-40x-9-D0-PF-ONT-PROMETHION-ont-sentdont-DEL_gt50	DEL_gt50	On1-HG003-40x-9-D0-PF-ONT-PROMETHION	332544085.0	332544085.0	0.0	0.0	0.0			1.0				HG003	giabHC_x_ultima_x_clinvar	-1	-2	ont	sentdont
On1-HG003-40x-9-D0-PF-ONT-PROMETHION-ont-sentdont-Indel_50	Indel_50	On1-HG003-40x-9-D0-PF-ONT-PROMETHION	332544085.0	332541618.0	13.0	2454.0	101.0	0.977299880525687	0.9947304418321848	0.9999996962787097	0.03953033268101761	0.9604696673189824	0.9604696673189824	HG003	giabHC_x_ultima_x_clinvar	-1	-2	ont	sentdont
On1-HG003-40x-9-D0-PF-ONT-PROMETHION-ont-sentdont-Indel_gt50	Indel_gt50	On1-HG003-40x-9-D0-PF-ONT-PROMETHION	332544085.0	332544040.0	0.0	45.0	3.0	0.967741935483871	1.0	0.9999999909786386	0.0625	0.9375	0.9375	HG003	giabHC_x_ultima_x_clinvar	-1	-2	ont	sentdont
On1-HG003-40x-9-D0-PF-ONT-PROMETHION-ont-sentdont-All	All	On1-HG003-40x-9-D0-PF-ONT-PROMETHION	332544085.0	332135031.0	1128.0	407926.0	1059.0	0.9973265333315403	0.997242417871479	0.9999968115479411	0.0025893370172500214	0.9974106629827499	0.9974106629827499	HG003	giabHC_x_ultima_x_clinvar	-1	-2	ont	sentdont
On1-HG003-40x-9-D0-PF-ONT-PROMETHION-ont-sentdont-SNPts	SNPts	On1-HG003-40x-9-D0-PF-ONT-PROMETHION	2505355380.0	2503154560.0	3434.0	2197386.0	2415.0	0.9986708694068405	0.9984396724857099	0.9999990352183167	0.0010978265761312047	0.9989021734238688	0.9989021734238688	HG003	giabHC_x_ultima	-1	-2	ont	sentdont
On1-HG003-40x-9-D0-PF-ONT-PROMETHION-ont-sentdont-SNPtv	SNPtv	On1-HG003-40x-9-D0-PF-ONT-PROMETHION	2505355380.0	2504323469.0	2342.0	1029569.0	1554.0	0.998111519247865	0.9977304244261376	0.9999993794735165	0.0015070946919038756	0.9984929053080961	0.9984929053080961	HG003	giabHC_x_ultima	-1	-2	ont	sentdont
On1-HG003-40x-9-D0-PF-ONT-PROMETHION-ont-sentdont-INS_50	INS_50	On1-HG003-40x-9-D0-PF-ONT-PROMETHION	2505355380.0	2505205900.0	1685.0	147795.0	1918.0	0.9879576059600325	0.9887275889751137	0.9999992343948529	0.012811178721954673	0.9871888212780453	0.9871888212780453	HG003	giabHC_x_ultima	-1	-2	ont	sentdont
On1-HG003-40x-9-D0-PF-ONT-PROMETHION-ont-sentdont-INS_gt50	INS_gt50	On1-HG003-40x-9-D0-PF-ONT-PROMETHION	2505355380.0	2505355380.0	0.0	0.0	0.0			1.0				HG003	giabHC_x_ultima	-1	-2	ont	sentdont
On1-HG003-40x-9-D0-PF-ONT-PROMETHION-ont-sentdont-DEL_50	DEL_50	On1-HG003-40x-9-D0-PF-ONT-PROMETHION	2505355380.0	2505193547.0	2249.0	159584.0	1676.0	0.987851794994011	0.9861029579875551	0.999999330990262	0.010393153912935632	0.9896068460870644	0.9896068460870644	HG003	giabHC_x_ultima	-1	-2	ont	sentdont
On1-HG003-40x-9-D0-PF-ONT-PROMETHION-ont-sentdont-DEL_gt50	DEL_gt50	On1-HG003-40x-9-D0-PF-ONT-PROMETHION	2505355380.0	2505355380.0	0.0	0.0	0.0			1.0				HG003	giabHC_x_ultima	-1	-2	ont	sentdont
On1-HG003-40x-9-D0-PF-ONT-PROMETHION-ont-sentdont-Indel_50	Indel_50	On1-HG003-40x-9-D0-PF-ONT-PROMETHION	2505355380.0	2505330308.0	126.0	24946.0	787.0	0.9820293278220648	0.9949744735162731	0.999999685869863	0.030583297711110246	0.9694167022888898	0.9694167022888898	HG003	giabHC_x_ultima	-1	-2	ont	sentdont
On1-HG003-40x-9-D0-PF-ONT-PROMETHION-ont-sentdont-Indel_gt50	Indel_gt50	On1-HG003-40x-9-D0-PF-ONT-PROMETHION	2505355380.0	2505354817.0	11.0	552.0	15.0	0.9769911504424779	0.9804618117229129	0.9999999940128241	0.026455026455026454	0.9735449735449735	0.9735449735449735	HG003	giabHC_x_ultima	-1	-2	ont	sentdont
On1-HG003-40x-9-D0-PF-ONT-PROMETHION-ont-sentdont-All	All	On1-HG003-40x-9-D0-PF-ONT-PROMETHION	2505355380.0	2501785701.0	9847.0	3559832.0	8365.0	0.9974485407143526	0.997241488660465	0.999996656399456	0.0023443212356268448	0.9976556787643731	0.9976556787643731	HG003	giabHC_x_ultima	-1	-2	ont	sentdont
On1-HG003-40x-9-D0-PF-ONT-PROMETHION-ont-sentdont-SNPts	SNPts	On1-HG003-40x-9-D0-PF-ONT-PROMETHION	2528531102.0	2526279322.0	4753.0	2247027.0	3407.0	0.9981875583879398	0.9978892254127846	0.9999986513781847	0.001513930201907721	0.9984860697980923	0.9984860697980923	HG003	giabHC	-1	-2	ont	sentdont
On1-HG003-40x-9-D0-PF-ONT-PROMETHION-ont-sentdont-SNPtv	SNPtv	On1-HG003-40x-9-D0-PF-ONT-PROMETHION	2528531102.0	2527463324.0	3614.0	1064164.0	2212.0	0.9972701126535386	0.9966154013287406	0.9999991248149703	0.002074315250905872	0.9979256847490942	0.9979256847490942	HG003	giabHC	-1	-2	ont	sentdont
On1-HG003-40x-9-D0-PF-ONT-PROMETHION-ont-sentdont-INS_50	INS_50	On1-HG003-40x-9-D0-PF-ONT-PROMETHION	2528531102.0	2528309526.0	27094.0	194482.0	15878.0	0.9005130389687361	0.8777214138715385	0.9999937199539367	0.0754801293021487	0.9245198706978512	0.9245198706978514	HG003	giabHC	-1	-2	ont	sentdont
On1-HG003-40x-9-D0-PF-ONT-PROMETHION-ont-sentdont-INS_gt50	INS_gt50	On1-HG003-40x-9-D0-PF-ONT-PROMETHION	2528531102.0	2528531101.0	0.0	1.0	0.0	1.0	1.0	1.0	0.0	1.0	1.0	HG003	giabHC	-1	-2	ont	sentdont
On1-HG003-40x-9-D0-PF-ONT-PROMETHION-ont-sentdont-DEL_50	DEL_50	On1-HG003-40x-9-D0-PF-ONT-PROMETHION	2528531102.0	2528294971.0	25163.0	210968.0	17914.0	0.9073638801495872	0.89343627054474	0.9999929146427619	0.07826740416459137	0.9217325958354087	0.9217325958354087	HG003	giabHC	-1	-2	ont	sentdont
On1-HG003-40x-9-D0-PF-ONT-PROMETHION-ont-sentdont-DEL_gt50	DEL_gt50	On1-HG003-40x-9-D0-PF-ONT-PROMETHION	2528531102.0	2528531102.0	0.0	0.0	0.0			1.0				HG003	giabHC	-1	-2	ont	sentdont
On1-HG003-40x-9-D0-PF-ONT-PROMETHION-ont-sentdont-Indel_50	Indel_50	On1-HG003-40x-9-D0-PF-ONT-PROMETHION	2528531102.0	2528479656.0	4263.0	47183.0	4334.0	0.9165039868690694	0.9171364148816235	0.9999982859294276	0.0841275695401518	0.9158724304598482	0.9158724304598482	HG003	giabHC	-1	-2	ont	sentdont
On1-HG003-40x-9-D0-PF-ONT-PROMETHION-ont-sentdont-Indel_gt50	Indel_gt50	On1-HG003-40x-9-D0-PF-ONT-PROMETHION	2528531102.0	2528530269.0	16.0	817.0	58.0	0.9566744730679156	0.9807923169267707	0.999999977061774	0.06628571428571428	0.9337142857142857	0.9337142857142857	HG003	giabHC	-1	-2	ont	sentdont
On1-HG003-40x-9-D0-PF-ONT-PROMETHION-ont-sentdont-All	All	On1-HG003-40x-9-D0-PF-ONT-PROMETHION	2528531102.0	2524701557.0	64903.0	3764642.0	43803.0	0.9857677216126234	0.9830520335966806	0.9999826505275764	0.011501544593659617	0.9884984554063404	0.9884984554063404	HG003	giabHC	-1	-2	ont	sentdont
On1-HG003-50x-10-D0-PF-ONT-PROMETHION-ont-sentdont-SNPts	SNPts	On1-HG003-50x-10-D0-PF-ONT-PROMETHION	337668665.0	337403272.0	467.0	264926.0	463.0	0.9982478682396916	0.9982403454499553	0.9999986277567438	0.0017446088571869973	0.998255391142813	0.998255391142813	HG003	giabHC_x_clinvar_genes	-1	-2	ont	sentdont
On1-HG003-50x-10-D0-PF-ONT-PROMETHION-ont-sentdont-SNPtv	SNPtv	On1-HG003-50x-10-D0-PF-ONT-PROMETHION	337668665.0	337548633.0	334.0	119698.0	288.0	0.9974085276937563	0.9972174086910157	0.9999991467903404	0.002400280032670478	0.9975997199673295	0.9975997199673295	HG003	giabHC_x_clinvar_genes	-1	-2	ont	sentdont
On1-HG003-50x-10-D0-PF-ONT-PROMETHION-ont-sentdont-INS_50	INS_50	On1-HG003-50x-10-D0-PF-ONT-PROMETHION	337668665.0	337642976.0	2768.0	22921.0	1582.0	0.9133328020401658	0.8922496009965355	0.9999953145994434	0.06456352283393871	0.9354364771660613	0.9354364771660613	HG003	giabHC_x_clinvar_genes	-1	-2	ont	sentdont
On1-HG003-50x-10-D0-PF-ONT-PROMETHION-ont-sentdont-INS_gt50	INS_gt50	On1-HG003-50x-10-D0-PF-ONT-PROMETHION	337668665.0	337668665.0	0.0	0.0	0.0			1.0				HG003	giabHC_x_clinvar_genes	-1	-2	ont	sentdont
On1-HG003-50x-10-D0-PF-ONT-PROMETHION-ont-sentdont-DEL_50	DEL_50	On1-HG003-50x-10-D0-PF-ONT-PROMETHION	337668665.0	337641495.0	2505.0	24665.0	1897.0	0.9180748901957865	0.9078027235921973	0.9999943816463022	0.07141781492357503	0.928582185076425	0.928582185076425	HG003	giabHC_x_clinvar_genes	-1	-2	ont	sentdont
On1-HG003-50x-10-D0-PF-ONT-PROMETHION-ont-sentdont-DEL_gt50	DEL_gt50	On1-HG003-50x-10-D0-PF-ONT-PROMETHION	337668665.0	337668665.0	0.0	0.0	0.0			1.0				HG003	giabHC_x_clinvar_genes	-1	-2	ont	sentdont
On1-HG003-50x-10-D0-PF-ONT-PROMETHION-ont-sentdont-Indel_50	Indel_50	On1-HG003-50x-10-D0-PF-ONT-PROMETHION	337668665.0	337663784.0	393.0	4488.0	403.0	0.9185427752762997	0.9194837123540258	0.9999988065065366	0.08239623798814148	0.9176037620118586	0.9176037620118586	HG003	giabHC_x_clinvar_genes	-1	-2	ont	sentdont
On1-HG003-50x-10-D0-PF-ONT-PROMETHION-ont-sentdont-Indel_gt50	Indel_gt50	On1-HG003-50x-10-D0-PF-ONT-PROMETHION	337668665.0	337668592.0	0.0	73.0	8.0	0.948051948051948	1.0	0.9999999763081318	0.09876543209876543	0.9012345679012346	0.9012345679012346	HG003	giabHC_x_clinvar_genes	-1	-2	ont	sentdont
On1-HG003-50x-10-D0-PF-ONT-PROMETHION-ont-sentdont-All	All	On1-HG003-50x-10-D0-PF-ONT-PROMETHION	337668665.0	337225427.0	6467.0	436771.0	4641.0	0.987443621771322	0.9854096444799408	0.9999862378819673	0.010513986932842787	0.9894860130671572	0.9894860130671572	HG003	giabHC_x_clinvar_genes	-1	-2	ont	sentdont
On1-HG003-50x-10-D0-PF-ONT-PROMETHION-ont-sentdont-SNPts	SNPts	On1-HG003-50x-10-D0-PF-ONT-PROMETHION	377862616.0	377589586.0	675.0	272355.0	44700.0	0.9231042985332623	0.9975277442039336	0.9998816315105457	0.1409850026020722	0.8590149973979277	0.8590149973979279	HG003	clinvar_genes	-1	-2	ont	sentdont
On1-HG003-50x-10-D0-PF-ONT-PROMETHION-ont-sentdont-SNPtv	SNPtv	On1-HG003-50x-10-D0-PF-ONT-PROMETHION	377862616.0	377738564.0	491.0	123561.0	26875.0	0.9003016525312582	0.9960419823944797	0.9999288579705143	0.17864739822914727	0.8213526017708528	0.8213526017708527	HG003	clinvar_genes	-1	-2	ont	sentdont
On1-HG003-50x-10-D0-PF-ONT-PROMETHION-ont-sentdont-INS_50	INS_50	On1-HG003-50x-10-D0-PF-ONT-PROMETHION	377862616.0	377834292.0	3268.0	25056.0	14608.0	0.7370712478672706	0.8846208162688886	0.9999613390431995	0.36829366680112946	0.6317063331988706	0.6317063331988705	HG003	clinvar_genes	-1	-2	ont	sentdont
On1-HG003-50x-10-D0-PF-ONT-PROMETHION-ont-sentdont-INS_gt50	INS_gt50	On1-HG003-50x-10-D0-PF-ONT-PROMETHION	377862616.0	377862586.0	17.0	13.0	256.0	0.08695652173913045	0.43333333333333335	0.9999993225054926	0.9516728624535316	0.048327137546468446	0.048327137546468404	HG003	clinvar_genes	-1	-2	ont	sentdont
On1-HG003-50x-10-D0-PF-ONT-PROMETHION-ont-sentdont-DEL_50	DEL_50	On1-HG003-50x-10-D0-PF-ONT-PROMETHION	377862616.0	377832736.0	2939.0	26941.0	16933.0	0.7305637660330287	0.9016398929049532	0.9999551858810812	0.38594611843004967	0.6140538815699503	0.6140538815699503	HG003	clinvar_genes	-1	-2	ont	sentdont
On1-HG003-50x-10-D0-PF-ONT-PROMETHION-ont-sentdont-DEL_gt50	DEL_gt50	On1-HG003-50x-10-D0-PF-ONT-PROMETHION	377862616.0	377862598.0	15.0	3.0	95.0	0.05172413793103448	0.16666666666666666	0.9999997485859236	0.9693877551020408	0.030612244897959218	0.030612244897959183	HG003	clinvar_genes	-1	-2	ont	sentdont
On1-HG003-50x-10-D0-PF-ONT-PROMETHION-ont-sentdont-Indel_50	Indel_50	On1-HG003-50x-10-D0-PF-ONT-PROMETHION	377862616.0	377856454.0	531.0	5631.0	7997.0	0.5690752905507832	0.9138266796494645	0.9999788363261513	0.5868065746991488	0.41319342530085124	0.4131934253008512	HG003	clinvar_genes	-1	-2	ont	sentdont
On1-HG003-50x-10-D0-PF-ONT-PROMETHION-ont-sentdont-Indel_gt50	Indel_gt50	On1-HG003-50x-10-D0-PF-ONT-PROMETHION	377862616.0	377862380.0	8.0	228.0	666.0	0.4035398230088496	0.9661016949152542	0.9999982374566472	0.7449664429530202	0.25503355704697983	0.2550335570469799	HG003	clinvar_genes	-1	-2	ont	sentdont
On1-HG003-50x-10-D0-PF-ONT-PROMETHION-ont-sentdont-All	All	On1-HG003-50x-10-D0-PF-ONT-PROMETHION	377862616.0	377400884.0	7944.0	453788.0	112130.0	0.8831567167810053	0.9827952145400363	0.9997029771270349	0.19813824617700798	0.801861753822992	0.8018617538229921	HG003	clinvar_genes	-1	-2	ont	sentdont
On1-HG003-50x-10-D0-PF-ONT-PROMETHION-ont-sentdont-SNPts	SNPts	On1-HG003-50x-10-D0-PF-ONT-PROMETHION	2799325643.0	2797072232.0	2708.0	2250703.0	183631.0	0.9602497576126686	0.9987982662727749	0.9999343531628876	0.07543377367279921	0.9245662263272008	0.9245662263272008	HG003	ultima	-1	-2	ont	sentdont
On1-HG003-50x-10-D0-PF-ONT-PROMETHION-ont-sentdont-SNPtv	SNPtv	On1-HG003-50x-10-D0-PF-ONT-PROMETHION	2799325643.0	2798267963.0	2097.0	1055583.0	117405.0	0.946427706857318	0.9980173587474472	0.9999580454495859	0.10009053801061904	0.8999094619893809	0.8999094619893809	HG003	ultima	-1	-2	ont	sentdont
On1-HG003-50x-10-D0-PF-ONT-PROMETHION-ont-sentdont-INS_50	INS_50	On1-HG003-50x-10-D0-PF-ONT-PROMETHION	2799325643.0	2799165216.0	1390.0	159037.0	28796.0	0.9133233790845918	0.9913356230559693	0.9999897127530722	0.15330639451001687	0.8466936054899832	0.8466936054899831	HG003	ultima	-1	-2	ont	sentdont
On1-HG003-50x-10-D0-PF-ONT-PROMETHION-ont-sentdont-INS_gt50	INS_gt50	On1-HG003-50x-10-D0-PF-ONT-PROMETHION	2799325643.0	2799325549.0	54.0	40.0	378.0	0.15625	0.425531914893617	0.9999998649674923	0.9043062200956937	0.09569377990430628	0.09569377990430622	HG003	ultima	-1	-2	ont	sentdont
On1-HG003-50x-10-D0-PF-ONT-PROMETHION-ont-sentdont-DEL_50	DEL_50	On1-HG003-50x-10-D0-PF-ONT-PROMETHION	2799325643.0	2799151772.0	2300.0	171571.0	35288.0	0.9012738686208074	0.9867718020831536	0.9999873934827349	0.17058962868427285	0.8294103713157271	0.8294103713157271	HG003	ultima	-1	-2	ont	sentdont
On1-HG003-50x-10-D0-PF-ONT-PROMETHION-ont-sentdont-DEL_gt50	DEL_gt50	On1-HG003-50x-10-D0-PF-ONT-PROMETHION	2799325643.0	2799325554.0	63.0	26.0	182.0	0.1750841750841751	0.29213483146067415	0.9999999349843437	0.875	0.125	0.125	HG003	ultima	-1	-2	ont	sentdont
On1-HG003-50x-10-D0-PF-ONT-PROMETHION-ont-sentdont-Indel_50	Indel_50	On1-HG003-50x-10-D0-PF-ONT-PROMETHION	2799325643.0	2799299803.0	147.0	25693.0	9350.0	0.8440122858597638	0.9943111455108359	0.9999966598901768	0.2668150557886026	0.7331849442113973	0.7331849442113975	HG003	ultima	-1	-2	ont	sentdont
On1-HG003-50x-10-D0-PF-ONT-PROMETHION-ont-sentdont-Indel_gt50	Indel_gt50	On1-HG003-50x-10-D0-PF-ONT-PROMETHION	2799325643.0	2799324533.0	43.0	1067.0	850.0	0.7049884373967625	0.9612612612612612	0.999999696355413	0.44340114762649974	0.5565988523735003	0.5565988523735003	HG003	ultima	-1	-2	ont	sentdont
On1-HG003-50x-10-D0-PF-ONT-PROMETHION-ont-sentdont-All	All	On1-HG003-50x-10-D0-PF-ONT-PROMETHION	2799325643.0	2795653121.0	8802.0	3663720.0	375880.0	0.9501198243492518	0.9976032818863985	0.9998655664873771	0.0930488167145262	0.9069511832854737	0.9069511832854739	HG003	ultima	-1	-2	ont	sentdont
On1-HG003-50x-10-D0-PF-ONT-PROMETHION-ont-sentdont-SNPts	SNPts	On1-HG003-50x-10-D0-PF-ONT-PROMETHION	3088286401.0	3085965418.0	4854.0	2316129.0	544064.0	0.8940553264355428	0.9979086447423354	0.9998237283885979	0.1902193313528143	0.8097806686471857	0.8097806686471857	HG003	hg38	-1	-2	ont	sentdont
On1-HG003-50x-10-D0-PF-ONT-PROMETHION-ont-sentdont-SNPtv	SNPtv	On1-HG003-50x-10-D0-PF-ONT-PROMETHION	3088286401.0	3087182024.0	3935.0	1100442.0	487176.0	0.8175661544690832	0.996436905151049	0.9998422188490917	0.30685971058529193	0.6931402894147081	0.6931402894147081	HG003	hg38	-1	-2	ont	sentdont
On1-HG003-50x-10-D0-PF-ONT-PROMETHION-ont-sentdont-INS_50	INS_50	On1-HG003-50x-10-D0-PF-ONT-PROMETHION	3088286401.0	3088038094.0	28037.0	220270.0	140388.0	0.7234241705188312	0.8870873555719331	0.9999545401922789	0.3892551946719607	0.6107448053280393	0.6107448053280393	HG003	hg38	-1	-2	ont	sentdont
On1-HG003-50x-10-D0-PF-ONT-PROMETHION-ont-sentdont-INS_gt50	INS_gt50	On1-HG003-50x-10-D0-PF-ONT-PROMETHION	3088286401.0	3088286176.0	128.0	97.0	2035.0	0.08230801866779805	0.4311111111111111	0.99999934105891	0.9545028142589118	0.045497185741088186	0.04549718574108818	HG003	hg38	-1	-2	ont	sentdont
On1-HG003-50x-10-D0-PF-ONT-PROMETHION-ont-sentdont-DEL_50	DEL_50	On1-HG003-50x-10-D0-PF-ONT-PROMETHION	3088286401.0	3088024006.0	25967.0	236428.0	165642.0	0.711634171852543	0.9010385106423522	0.9999463627500639	0.41197303952048153	0.5880269604795185	0.5880269604795185	HG003	hg38	-1	-2	ont	sentdont
On1-HG003-50x-10-D0-PF-ONT-PROMETHION-ont-sentdont-DEL_gt50	DEL_gt50	On1-HG003-50x-10-D0-PF-ONT-PROMETHION	3088286401.0	3088286263.0	97.0	41.0	684.0	0.09501738122827345	0.2971014492753623	0.9999997785179902	0.9434482758620689	0.05655172413793108	0.05655172413793103	HG003	hg38	-1	-2	ont	sentdont
On1-HG003-50x-10-D0-PF-ONT-PROMETHION-ont-sentdont-Indel_50	Indel_50	On1-HG003-50x-10-D0-PF-ONT-PROMETHION	3088286401.0	3088226595.0	4915.0	54891.0	82458.0	0.5568309198346478	0.9178176102732167	0.999973299951985	0.6003538431295459	0.39964615687045413	0.3996461568704541	HG003	hg38	-1	-2	ont	sentdont
On1-HG003-50x-10-D0-PF-ONT-PROMETHION-ont-sentdont-Indel_gt50	Indel_gt50	On1-HG003-50x-10-D0-PF-ONT-PROMETHION	3088286401.0	3088284248.0	114.0	2039.0	6358.0	0.38654028436018956	0.9470506270320483	0.9999979412559208	0.7571751816124807	0.24282481838751935	0.24282481838751935	HG003	hg38	-1	-2	ont	sentdont
On1-HG003-50x-10-D0-PF-ONT-PROMETHION-ont-sentdont-All	All	On1-HG003-50x-10-D0-PF-ONT-PROMETHION	3088286401.0	3084288017.0	68047.0	3930337.0	1428805.0	0.8400376338788693	0.982981374475288	0.9995369617231843	0.26661077463519345	0.7333892253648066	0.7333892253648066	HG003	hg38	-1	-2	ont	sentdont
On1-HG003-50x-10-D0-PF-ONT-PROMETHION-ont-sentdont-SNPts	SNPts	On1-HG003-50x-10-D0-PF-ONT-PROMETHION	332544085.0	332287339.0	289.0	256457.0	320.0	0.9988140745399913	0.9988743738948221	0.999999036978981	0.0012462175350596042	0.9987537824649404	0.9987537824649404	HG003	giabHC_x_ultima_x_clinvar	-1	-2	ont	sentdont
On1-HG003-50x-10-D0-PF-ONT-PROMETHION-ont-sentdont-SNPtv	SNPtv	On1-HG003-50x-10-D0-PF-ONT-PROMETHION	332544085.0	332429567.0	186.0	114332.0	189.0	0.9983627242522016	0.9983758011840933	0.9999994314588373	0.001650352337125942	0.998349647662874	0.998349647662874	HG003	giabHC_x_ultima_x_clinvar	-1	-2	ont	sentdont
On1-HG003-50x-10-D0-PF-ONT-PROMETHION-ont-sentdont-INS_50	INS_50	On1-HG003-50x-10-D0-PF-ONT-PROMETHION	332544085.0	332526912.0	135.0	17038.0	140.0	0.9919944106430671	0.9921388225703138	0.9999995789816222	0.008149959250203748	0.9918500407497962	0.9918500407497962	HG003	giabHC_x_ultima_x_clinvar	-1	-2	ont	sentdont
On1-HG003-50x-10-D0-PF-ONT-PROMETHION-ont-sentdont-INS_gt50	INS_gt50	On1-HG003-50x-10-D0-PF-ONT-PROMETHION	332544085.0	332544085.0	0.0	0.0	0.0			1.0				HG003	giabHC_x_ultima_x_clinvar	-1	-2	ont	sentdont
On1-HG003-50x-10-D0-PF-ONT-PROMETHION-ont-sentdont-DEL_50	DEL_50	On1-HG003-50x-10-D0-PF-ONT-PROMETHION	332544085.0	332525473.0	191.0	18421.0	144.0	0.9909890523710896	0.9897378035675908	0.999999566950657	0.007756531106921627	0.9922434688930784	0.9922434688930784	HG003	giabHC_x_ultima_x_clinvar	-1	-2	ont	sentdont
On1-HG003-50x-10-D0-PF-ONT-PROMETHION-ont-sentdont-DEL_gt50	DEL_gt50	On1-HG003-50x-10-D0-PF-ONT-PROMETHION	332544085.0	332544085.0	0.0	0.0	0.0			1.0				HG003	giabHC_x_ultima_x_clinvar	-1	-2	ont	sentdont
On1-HG003-50x-10-D0-PF-ONT-PROMETHION-ont-sentdont-Indel_50	Indel_50	On1-HG003-50x-10-D0-PF-ONT-PROMETHION	332544085.0	332542001.0	13.0	2071.0	56.0	0.9836143433863691	0.9937619961612284	0.9999998316002477	0.026328161730136343	0.9736718382698637	0.9736718382698637	HG003	giabHC_x_ultima_x_clinvar	-1	-2	ont	sentdont
On1-HG003-50x-10-D0-PF-ONT-PROMETHION-ont-sentdont-Indel_gt50	Indel_gt50	On1-HG003-50x-10-D0-PF-ONT-PROMETHION	332544085.0	332544044.0	0.0	41.0	3.0	0.9647058823529412	1.0	0.9999999909786387	0.06818181818181818	0.9318181818181819	0.9318181818181818	HG003	giabHC_x_ultima_x_clinvar	-1	-2	ont	sentdont
On1-HG003-50x-10-D0-PF-ONT-PROMETHION-ont-sentdont-All	All	On1-HG003-50x-10-D0-PF-ONT-PROMETHION	332544085.0	332134911.0	814.0	408360.0	852.0	0.9979642858015655	0.9980106262861277	0.99999743478392	0.0020820503797542595	0.9979179496202457	0.9979179496202457	HG003	giabHC_x_ultima_x_clinvar	-1	-2	ont	sentdont
On1-HG003-50x-10-D0-PF-ONT-PROMETHION-ont-sentdont-SNPts	SNPts	On1-HG003-50x-10-D0-PF-ONT-PROMETHION	2528531102.0	2526277537.0	3524.0	2250041.0	2985.0	0.998555671016074	0.9984362554441518	0.9999988184210051	0.0013248848437612348	0.9986751151562387	0.9986751151562387	HG003	giabHC	-1	-2	ont	sentdont
On1-HG003-50x-10-D0-PF-ONT-PROMETHION-ont-sentdont-SNPtv	SNPtv	On1-HG003-50x-10-D0-PF-ONT-PROMETHION	2528531102.0	2527461361.0	2949.0	1066792.0	2047.0	0.997663870418689	0.9972432579474845	0.9999991900970777	0.0019151621525786392	0.9980848378474214	0.9980848378474214	HG003	giabHC	-1	-2	ont	sentdont
On1-HG003-50x-10-D0-PF-ONT-PROMETHION-ont-sentdont-INS_50	INS_50	On1-HG003-50x-10-D0-PF-ONT-PROMETHION	2528531102.0	2528308066.0	23621.0	199415.0	14793.0	0.9121451637987028	0.894093330224717	0.9999941490858466	0.06905904541380341	0.9309409545861966	0.9309409545861966	HG003	giabHC	-1	-2	ont	sentdont
On1-HG003-50x-10-D0-PF-ONT-PROMETHION-ont-sentdont-INS_gt50	INS_gt50	On1-HG003-50x-10-D0-PF-ONT-PROMETHION	2528531102.0	2528531101.0	0.0	1.0	2.0	0.5	1.0	0.9999999992090269	0.6666666666666666	0.33333333333333337	0.3333333333333333	HG003	giabHC	-1	-2	ont	sentdont
On1-HG003-50x-10-D0-PF-ONT-PROMETHION-ont-sentdont-DEL_50	DEL_50	On1-HG003-50x-10-D0-PF-ONT-PROMETHION	2528531102.0	2528294408.0	22045.0	214649.0	15690.0	0.919202711585691	0.9068628693587502	0.9999937942738858	0.06811699278020657	0.9318830072197934	0.9318830072197934	HG003	giabHC	-1	-2	ont	sentdont
On1-HG003-50x-10-D0-PF-ONT-PROMETHION-ont-sentdont-DEL_gt50	DEL_gt50	On1-HG003-50x-10-D0-PF-ONT-PROMETHION	2528531102.0	2528531102.0	0.0	0.0	0.0			1.0				HG003	giabHC	-1	-2	ont	sentdont
On1-HG003-50x-10-D0-PF-ONT-PROMETHION-ont-sentdont-Indel_50	Indel_50	On1-HG003-50x-10-D0-PF-ONT-PROMETHION	2528531102.0	2528484258.0	3715.0	43129.0	3602.0	0.9218060379374833	0.9206942191102382	0.9999985754331444	0.07707945475166378	0.9229205452483362	0.9229205452483362	HG003	giabHC	-1	-2	ont	sentdont
On1-HG003-50x-10-D0-PF-ONT-PROMETHION-ont-sentdont-Indel_gt50	Indel_gt50	On1-HG003-50x-10-D0-PF-ONT-PROMETHION	2528531102.0	2528530433.0	15.0	654.0	32.0	0.9653136531365314	0.9775784753363229	0.9999999873444277	0.04664723032069971	0.9533527696793003	0.9533527696793003	HG003	giabHC	-1	-2	ont	sentdont
On1-HG003-50x-10-D0-PF-ONT-PROMETHION-ont-sentdont-All	All	On1-HG003-50x-10-D0-PF-ONT-PROMETHION	2528531102.0	2524700552.0	55869.0	3774681.0	39151.0	0.9875699566034245	0.9854148882014332	0.9999844930548866	0.010265528214142627	0.9897344717858574	0.9897344717858574	HG003	giabHC	-1	-2	ont	sentdont
On1-HG003-50x-10-D0-PF-ONT-PROMETHION-ont-sentdont-SNPts	SNPts	On1-HG003-50x-10-D0-PF-ONT-PROMETHION	688815815.0	688748361.0	1330.0	66124.0	541079.0	0.1960225714696505	0.9802828594301302	0.9992150191652436	0.8911006697924747	0.10889933020752529	0.10889933020752532	HG003	hg38_m_giabHC	-1	-2	ont	sentdont
On1-HG003-50x-10-D0-PF-ONT-PROMETHION-ont-sentdont-SNPtv	SNPtv	On1-HG003-50x-10-D0-PF-ONT-PROMETHION	688815815.0	688781164.0	986.0	33665.0	485129.0	0.12165617179665551	0.9715448327609593	0.9992961660755403	0.9351091184554948	0.06489088154450517	0.06489088154450515	HG003	hg38_m_giabHC	-1	-2	ont	sentdont
On1-HG003-50x-10-D0-PF-ONT-PROMETHION-ont-sentdont-INS_50	INS_50	On1-HG003-50x-10-D0-PF-ONT-PROMETHION	688815815.0	688790621.0	4415.0	20779.0	125594.0	0.2422260691158556	0.8247598634595539	0.9998176933605779	0.8580407588831274	0.14195924111687264	0.14195924111687264	HG003	hg38_m_giabHC	-1	-2	ont	sentdont
On1-HG003-50x-10-D0-PF-ONT-PROMETHION-ont-sentdont-INS_gt50	INS_gt50	On1-HG003-50x-10-D0-PF-ONT-PROMETHION	688815815.0	688815591.0	128.0	96.0	2033.0	0.08159796005099872	0.42857142857142855	0.9999970485656448	0.954908407703147	0.045091592296853	0.04509159229685298	HG003	hg38_m_giabHC	-1	-2	ont	sentdont
On1-HG003-50x-10-D0-PF-ONT-PROMETHION-ont-sentdont-DEL_50	DEL_50	On1-HG003-50x-10-D0-PF-ONT-PROMETHION	688815815.0	688789916.0	3927.0	21972.0	149958.0	0.22213123455105166	0.8483725240356771	0.9997823351417746	0.8722038038736695	0.12779619612633053	0.12779619612633047	HG003	hg38_m_giabHC	-1	-2	ont	sentdont
On1-HG003-50x-10-D0-PF-ONT-PROMETHION-ont-sentdont-DEL_gt50	DEL_gt50	On1-HG003-50x-10-D0-PF-ONT-PROMETHION	688815815.0	688815677.0	97.0	41.0	684.0	0.09501738122827345	0.2971014492753623	0.9999990069922279	0.9434482758620689	0.05655172413793108	0.05655172413793103	HG003	hg38_m_giabHC	-1	-2	ont	sentdont
On1-HG003-50x-10-D0-PF-ONT-PROMETHION-ont-sentdont-Indel_50	Indel_50	On1-HG003-50x-10-D0-PF-ONT-PROMETHION	688815815.0	688802851.0	1201.0	11763.0	78857.0	0.22712001853568117	0.9073588398642395	0.999885528968059	0.8701942176120062	0.12980578238799378	0.1298057823879938	HG003	hg38_m_giabHC	-1	-2	ont	sentdont
On1-HG003-50x-10-D0-PF-ONT-PROMETHION-ont-sentdont-Indel_gt50	Indel_gt50	On1-HG003-50x-10-D0-PF-ONT-PROMETHION	688815815.0	688814329.0	101.0	1385.0	6327.0	0.30115242444009566	0.9320323014804845	0.9999908147353815	0.8204097510373444	0.17959024896265563	0.1795902489626556	HG003	hg38_m_giabHC	-1	-2	ont	sentdont
On1-HG003-50x-10-D0-PF-ONT-PROMETHION-ont-sentdont-All	All	On1-HG003-50x-10-D0-PF-ONT-PROMETHION	688815815.0	688647805.0	12185.0	155825.0	1389661.0	0.18187961921124998	0.9274745550860067	0.9979861079021468	0.8991741109269188	0.10082588907308121	0.10082588907308122	HG003	hg38_m_giabHC	-1	-2	ont	sentdont
On1-HG003-50x-10-D0-PF-ONT-PROMETHION-ont-sentdont-SNPts	SNPts	On1-HG003-50x-10-D0-PF-ONT-PROMETHION	2505355380.0	2503152933.0	2292.0	2200155.0	2002.0	0.9990251109974927	0.9989593393166782	0.9999992002093151	0.0009091086602817147	0.9990908913397183	0.9990908913397183	HG003	giabHC_x_ultima	-1	-2	ont	sentdont
On1-HG003-50x-10-D0-PF-ONT-PROMETHION-ont-sentdont-SNPtv	SNPtv	On1-HG003-50x-10-D0-PF-ONT-PROMETHION	2505355380.0	2504321907.0	1835.0	1031638.0	1359.0	0.9984543690447962	0.9982244335362414	0.9999994573384281	0.001315589493483524	0.9986844105065165	0.9986844105065165	HG003	giabHC_x_ultima	-1	-2	ont	sentdont
On1-HG003-50x-10-D0-PF-ONT-PROMETHION-ont-sentdont-INS_50	INS_50	On1-HG003-50x-10-D0-PF-ONT-PROMETHION	2505355380.0	2505204748.0	1143.0	149489.0	1397.0	0.99157595898089	0.9924119708959583	0.9999994423612593	0.009258645599989396	0.9907413544000107	0.9907413544000107	HG003	giabHC_x_ultima	-1	-2	ont	sentdont
On1-HG003-50x-10-D0-PF-ONT-PROMETHION-ont-sentdont-INS_gt50	INS_gt50	On1-HG003-50x-10-D0-PF-ONT-PROMETHION	2505355380.0	2505355380.0	0.0	0.0	1.0			0.9999999996008551	1.0	0.0	0.0	HG003	giabHC_x_ultima	-1	-2	ont	sentdont
On1-HG003-50x-10-D0-PF-ONT-PROMETHION-ont-sentdont-DEL_50	DEL_50	On1-HG003-50x-10-D0-PF-ONT-PROMETHION	2505355380.0	2505193022.0	1733.0	160625.0	1112.0	0.9912217096838889	0.98932605723155	0.9999995561222242	0.006875359379733765	0.9931246406202663	0.9931246406202663	HG003	giabHC_x_ultima	-1	-2	ont	sentdont
On1-HG003-50x-10-D0-PF-ONT-PROMETHION-ont-sentdont-DEL_gt50	DEL_gt50	On1-HG003-50x-10-D0-PF-ONT-PROMETHION	2505355380.0	2505355380.0	0.0	0.0	0.0			1.0				HG003	giabHC_x_ultima	-1	-2	ont	sentdont
On1-HG003-50x-10-D0-PF-ONT-PROMETHION-ont-sentdont-Indel_50	Indel_50	On1-HG003-50x-10-D0-PF-ONT-PROMETHION	2505355380.0	2505334095.0	104.0	21181.0	487.0	0.9862407748003632	0.9951139299976509	0.9999998056147855	0.022475539966771277	0.9775244600332287	0.9775244600332287	HG003	giabHC_x_ultima	-1	-2	ont	sentdont
On1-HG003-50x-10-D0-PF-ONT-PROMETHION-ont-sentdont-Indel_gt50	Indel_gt50	On1-HG003-50x-10-D0-PF-ONT-PROMETHION	2505355380.0	2505354918.0	11.0	451.0	8.0	0.9793702497285559	0.9761904761904762	0.9999999968068397	0.017429193899782137	0.9825708061002179	0.9825708061002179	HG003	giabHC_x_ultima	-1	-2	ont	sentdont
On1-HG003-50x-10-D0-PF-ONT-PROMETHION-ont-sentdont-All	All	On1-HG003-50x-10-D0-PF-ONT-PROMETHION	2505355380.0	2501784723.0	7118.0	3563539.0	6366.0	0.9981116332299895	0.9980065293305966	0.9999974554230255	0.0017832407304956294	0.9982167592695044	0.9982167592695044	HG003	giabHC_x_ultima	-1	-2	ont	sentdont
On1-HG003-5x-3-D0-PF-ONT-PROMETHION-ont-sentdont-SNPts	SNPts	On1-HG003-5x-3-D0-PF-ONT-PROMETHION	2505355380.0	2503161347.0	454612.0	1739421.0	41887.0	0.8751053054316598	0.7927961885714572	0.9999832666403466	0.023514743098891375	0.9764852569011087	0.9764852569011087	HG003	giabHC_x_ultima	-1	-2	ont	sentdont
On1-HG003-5x-3-D0-PF-ONT-PROMETHION-ont-sentdont-SNPtv	SNPtv	On1-HG003-5x-3-D0-PF-ONT-PROMETHION	2505355380.0	2504329107.0	217568.0	808705.0	9936.0	0.8766858509393933	0.7880018279736484	0.9999960324860854	0.01213718834018819	0.9878628116598118	0.9878628116598118	HG003	giabHC_x_ultima	-1	-2	ont	sentdont
On1-HG003-5x-3-D0-PF-ONT-PROMETHION-ont-sentdont-INS_50	INS_50	On1-HG003-5x-3-D0-PF-ONT-PROMETHION	2505355380.0	2505205479.0	49357.0	100544.0	23470.0	0.7341255498968658	0.6707360191059433	0.9999906315947653	0.18925282629380555	0.8107471737061944	0.8107471737061944	HG003	giabHC_x_ultima	-1	-2	ont	sentdont
On1-HG003-5x-3-D0-PF-ONT-PROMETHION-ont-sentdont-INS_gt50	INS_gt50	On1-HG003-5x-3-D0-PF-ONT-PROMETHION	2505355380.0	2505355380.0	0.0	0.0	10.0			0.9999999960085503	1.0	0.0	0.0	HG003	giabHC_x_ultima	-1	-2	ont	sentdont
On1-HG003-5x-3-D0-PF-ONT-PROMETHION-ont-sentdont-DEL_50	DEL_50	On1-HG003-5x-3-D0-PF-ONT-PROMETHION	2505355380.0	2505191530.0	52372.0	111478.0	33676.0	0.7215311128658529	0.6803661885871224	0.999986557695524	0.23200187387188778	0.7679981261281122	0.7679981261281122	HG003	giabHC_x_ultima	-1	-2	ont	sentdont
On1-HG003-5x-3-D0-PF-ONT-PROMETHION-ont-sentdont-DEL_gt50	DEL_gt50	On1-HG003-5x-3-D0-PF-ONT-PROMETHION	2505355380.0	2505355380.0	0.0	0.0	0.0			1.0				HG003	giabHC_x_ultima	-1	-2	ont	sentdont
On1-HG003-5x-3-D0-PF-ONT-PROMETHION-ont-sentdont-Indel_50	Indel_50	On1-HG003-5x-3-D0-PF-ONT-PROMETHION	2505355380.0	2505325742.0	3479.0	26159.0	5269.0	0.856745160973373	0.8826169107227209	0.9999978968846923	0.16765304823724067	0.8323469517627593	0.8323469517627593	HG003	giabHC_x_ultima	-1	-2	ont	sentdont
On1-HG003-5x-3-D0-PF-ONT-PROMETHION-ont-sentdont-Indel_gt50	Indel_gt50	On1-HG003-5x-3-D0-PF-ONT-PROMETHION	2505355380.0	2505354973.0	83.0	324.0	38.0	0.8426527958387516	0.7960687960687961	0.9999999848324889	0.10497237569060773	0.8950276243093923	0.8950276243093923	HG003	giabHC_x_ultima	-1	-2	ont	sentdont
On1-HG003-5x-3-D0-PF-ONT-PROMETHION-ont-sentdont-All	All	On1-HG003-5x-3-D0-PF-ONT-PROMETHION	2505355380.0	2501791278.0	777471.0	2786631.0	114286.0	0.8620642878234387	0.7818606201506018	0.9999543204181467	0.03939650806968969	0.9606034919303104	0.9606034919303104	HG003	giabHC_x_ultima	-1	-2	ont	sentdont
On1-HG003-5x-3-D0-PF-ONT-PROMETHION-ont-sentdont-SNPts	SNPts	On1-HG003-5x-3-D0-PF-ONT-PROMETHION	3088286401.0	3085973688.0	483606.0	1829107.0	447564.0	0.7971034892700196	0.7908923415918879	0.9998549893344242	0.19658703431457597	0.8034129656854241	0.803412965685424	HG003	hg38	-1	-2	ont	sentdont
On1-HG003-5x-3-D0-PF-ONT-PROMETHION-ont-sentdont-SNPtv	SNPtv	On1-HG003-5x-3-D0-PF-ONT-PROMETHION	3088286401.0	3087189282.0	237566.0	859553.0	328447.0	0.7523048033822308	0.7834637810483639	0.9998936210157062	0.2764705387205387	0.7235294612794613	0.7235294612794613	HG003	hg38	-1	-2	ont	sentdont
On1-HG003-5x-3-D0-PF-ONT-PROMETHION-ont-sentdont-INS_50	INS_50	On1-HG003-5x-3-D0-PF-ONT-PROMETHION	3088286401.0	3088036844.0	116293.0	133264.0	187292.0	0.46750030257159547	0.5340022519905272	0.9999393528475422	0.5842723268321292	0.41572767316787085	0.41572767316787085	HG003	hg38	-1	-2	ont	sentdont
On1-HG003-5x-3-D0-PF-ONT-PROMETHION-ont-sentdont-INS_gt50	INS_gt50	On1-HG003-5x-3-D0-PF-ONT-PROMETHION	3088286401.0	3088286172.0	174.0	55.0	1143.0	0.07708479327259986	0.24017467248908297	0.9999996298919487	0.9540901502504173	0.045909849749582676	0.045909849749582635	HG003	hg38	-1	-2	ont	sentdont
On1-HG003-5x-3-D0-PF-ONT-PROMETHION-ont-sentdont-DEL_50	DEL_50	On1-HG003-5x-3-D0-PF-ONT-PROMETHION	3088286401.0	3088020584.0	118261.0	147556.0	256552.0	0.44051498302048736	0.5551036991614532	0.9999169271445851	0.6348599879240203	0.3651400120759797	0.3651400120759797	HG003	hg38	-1	-2	ont	sentdont
On1-HG003-5x-3-D0-PF-ONT-PROMETHION-ont-sentdont-DEL_gt50	DEL_gt50	On1-HG003-5x-3-D0-PF-ONT-PROMETHION	3088286401.0	3088286263.0	109.0	29.0	334.0	0.1157684630738523	0.21014492753623187	0.9999998918494157	0.9201101928374655	0.07988980716253447	0.07988980716253444	HG003	hg38	-1	-2	ont	sentdont
On1-HG003-5x-3-D0-PF-ONT-PROMETHION-ont-sentdont-Indel_50	Indel_50	On1-HG003-5x-3-D0-PF-ONT-PROMETHION	3088286401.0	3088221475.0	19067.0	45859.0	69300.0	0.5093039398062026	0.7063272032775776	0.9999775604031327	0.6017766739898749	0.3982233260101251	0.3982233260101251	HG003	hg38	-1	-2	ont	sentdont
On1-HG003-5x-3-D0-PF-ONT-PROMETHION-ont-sentdont-Indel_gt50	Indel_gt50	On1-HG003-5x-3-D0-PF-ONT-PROMETHION	3088286401.0	3088284638.0	526.0	1237.0	4471.0	0.3311471021282291	0.7016449234259784	0.9999985522728468	0.7832866152768044	0.21671338472319557	0.2167133847231955	HG003	hg38	-1	-2	ont	sentdont
On1-HG003-5x-3-D0-PF-ONT-PROMETHION-ont-sentdont-All	All	On1-HG003-5x-3-D0-PF-ONT-PROMETHION	3088286401.0	3084294139.0	975602.0	3016660.0	1295103.0	0.7265536893253572	0.7556267599671564	0.9995802736856962	0.30036507108577165	0.6996349289142283	0.6996349289142284	HG003	hg38	-1	-2	ont	sentdont
On1-HG003-5x-3-D0-PF-ONT-PROMETHION-ont-sentdont-SNPts	SNPts	On1-HG003-5x-3-D0-PF-ONT-PROMETHION	688815815.0	688748339.0	16058.0	51418.0	403436.0	0.19687936744969656	0.7620190882684214	0.9994145904942348	0.8869571334977817	0.11304286650221829	0.1130428665022183	HG003	hg38_m_giabHC	-1	-2	ont	sentdont
On1-HG003-5x-3-D0-PF-ONT-PROMETHION-ont-sentdont-SNPtv	SNPtv	On1-HG003-5x-3-D0-PF-ONT-PROMETHION	688815815.0	688781209.0	8956.0	25650.0	317197.0	0.13591096109979256	0.7412009478125181	0.9995396927387465	0.9251852867313991	0.0748147132686009	0.07481471326860087	HG003	hg38_m_giabHC	-1	-2	ont	sentdont
On1-HG003-5x-3-D0-PF-ONT-PROMETHION-ont-sentdont-INS_50	INS_50	On1-HG003-5x-3-D0-PF-ONT-PROMETHION	688815815.0	688789635.0	13867.0	12313.0	130953.0	0.14533243629238812	0.4703208556149733	0.9998099156821831	0.9140549746625158	0.08594502533748416	0.08594502533748412	HG003	hg38_m_giabHC	-1	-2	ont	sentdont
On1-HG003-5x-3-D0-PF-ONT-PROMETHION-ont-sentdont-INS_gt50	INS_gt50	On1-HG003-5x-3-D0-PF-ONT-PROMETHION	688815815.0	688815587.0	174.0	54.0	1132.0	0.07637906647807638	0.23684210526315788	0.9999983566020266	0.954468802698145	0.04553119730185495	0.045531197301854974	HG003	hg38_m_giabHC	-1	-2	ont	sentdont
On1-HG003-5x-3-D0-PF-ONT-PROMETHION-ont-sentdont-DEL_50	DEL_50	On1-HG003-5x-3-D0-PF-ONT-PROMETHION	688815815.0	688788885.0	13427.0	13503.0	175398.0	0.1251256770343463	0.5014110657259562	0.9997454178622494	0.9285181126621881	0.07148188733781191	0.07148188733781187	HG003	hg38_m_giabHC	-1	-2	ont	sentdont
On1-HG003-5x-3-D0-PF-ONT-PROMETHION-ont-sentdont-DEL_gt50	DEL_gt50	On1-HG003-5x-3-D0-PF-ONT-PROMETHION	688815815.0	688815677.0	109.0	29.0	334.0	0.1157684630738523	0.21014492753623187	0.9999995151099935	0.9201101928374655	0.07988980716253447	0.07988980716253444	HG003	hg38_m_giabHC	-1	-2	ont	sentdont
On1-HG003-5x-3-D0-PF-ONT-PROMETHION-ont-sentdont-Indel_50	Indel_50	On1-HG003-5x-3-D0-PF-ONT-PROMETHION	688815815.0	688804650.0	4343.0	6822.0	55460.0	0.18576660721336472	0.6110165696372593	0.9999194901850247	0.8904659452169166	0.10953405478308342	0.1095340547830834	HG003	hg38_m_giabHC	-1	-2	ont	sentdont
On1-HG003-5x-3-D0-PF-ONT-PROMETHION-ont-sentdont-Indel_gt50	Indel_gt50	On1-HG003-5x-3-D0-PF-ONT-PROMETHION	688815815.0	688814638.0	424.0	753.0	4388.0	0.23836657169990505	0.6397621070518267	0.9999936296765415	0.8535304415483369	0.1464695584516631	0.1464695584516631	HG003	hg38_m_giabHC	-1	-2	ont	sentdont
On1-HG003-5x-3-D0-PF-ONT-PROMETHION-ont-sentdont-All	All	On1-HG003-5x-3-D0-PF-ONT-PROMETHION	688815815.0	688647915.0	57358.0	110542.0	1088298.0	0.1617601006775246	0.6583799880881477	0.9984221533109499	0.9077925327816889	0.09220746721831108	0.09220746721831104	HG003	hg38_m_giabHC	-1	-2	ont	sentdont
On1-HG003-5x-3-D0-PF-ONT-PROMETHION-ont-sentdont-SNPts	SNPts	On1-HG003-5x-3-D0-PF-ONT-PROMETHION	2799325643.0	2797080765.0	465700.0	1779178.0	214788.0	0.8394637783320169	0.792549973762494	0.999923215836178	0.10771898818736127	0.8922810118126387	0.8922810118126387	HG003	ultima	-1	-2	ont	sentdont
On1-HG003-5x-3-D0-PF-ONT-PROMETHION-ont-sentdont-SNPtv	SNPtv	On1-HG003-5x-3-D0-PF-ONT-PROMETHION	2799325643.0	2798275329.0	223086.0	827228.0	118312.0	0.8289464058994296	0.7876006603739453	0.9999577214591019	0.12512638280770777	0.8748736171922922	0.8748736171922923	HG003	ultima	-1	-2	ont	sentdont
On1-HG003-5x-3-D0-PF-ONT-PROMETHION-ont-sentdont-INS_50	INS_50	On1-HG003-5x-3-D0-PF-ONT-PROMETHION	2799325643.0	2799165786.0	53033.0	106824.0	84789.0	0.6078698039661992	0.6682472459760911	0.9999697101071418	0.4425012916660143	0.5574987083339857	0.5574987083339857	HG003	ultima	-1	-2	ont	sentdont
On1-HG003-5x-3-D0-PF-ONT-PROMETHION-ont-sentdont-INS_gt50	INS_gt50	On1-HG003-5x-3-D0-PF-ONT-PROMETHION	2799325643.0	2799325552.0	70.0	21.0	238.0	0.12	0.23076923076923078	0.999999914979528	0.918918918918919	0.08108108108108103	0.08108108108108109	HG003	ultima	-1	-2	ont	sentdont
On1-HG003-5x-3-D0-PF-ONT-PROMETHION-ont-sentdont-DEL_50	DEL_50	On1-HG003-5x-3-D0-PF-ONT-PROMETHION	2799325643.0	2799149670.0	56891.0	119082.0	115812.0	0.5796620317523676	0.6767060855926762	0.9999586277183266	0.49303941352269537	0.5069605864773046	0.5069605864773047	HG003	ultima	-1	-2	ont	sentdont
On1-HG003-5x-3-D0-PF-ONT-PROMETHION-ont-sentdont-DEL_gt50	DEL_gt50	On1-HG003-5x-3-D0-PF-ONT-PROMETHION	2799325643.0	2799325554.0	69.0	20.0	80.0	0.21164021164021163	0.2247191011235955	0.9999999714216885	0.8	0.19999999999999996	0.2	HG003	ultima	-1	-2	ont	sentdont
On1-HG003-5x-3-D0-PF-ONT-PROMETHION-ont-sentdont-Indel_50	Indel_50	On1-HG003-5x-3-D0-PF-ONT-PROMETHION	2799325643.0	2799292129.0	4418.0	29096.0	14113.0	0.7584687772897306	0.8681744942412126	0.9999949583936948	0.32662176861302045	0.6733782313869796	0.6733782313869796	HG003	ultima	-1	-2	ont	sentdont
On1-HG003-5x-3-D0-PF-ONT-PROMETHION-ont-sentdont-Indel_gt50	Indel_gt50	On1-HG003-5x-3-D0-PF-ONT-PROMETHION	2799325643.0	2799324736.0	256.0	651.0	666.0	0.585431654676259	0.7177508269018743	0.9999997620855369	0.5056947608200456	0.4943052391799544	0.49430523917995445	HG003	ultima	-1	-2	ont	sentdont
On1-HG003-5x-3-D0-PF-ONT-PROMETHION-ont-sentdont-All	All	On1-HG003-5x-3-D0-PF-ONT-PROMETHION	2799325643.0	2795660020.0	803523.0	2862100.0	548798.0	0.8089003056728018	0.7807949699137091	0.9998037349727005	0.16089545920165305	0.839104540798347	0.839104540798347	HG003	ultima	-1	-2	ont	sentdont
On1-HG003-5x-3-D0-PF-ONT-PROMETHION-ont-sentdont-SNPts	SNPts	On1-HG003-5x-3-D0-PF-ONT-PROMETHION	332544085.0	332288400.0	54598.0	201087.0	5452.0	0.8700846342898682	0.7864638128947729	0.9999835928351754	0.026396951665302922	0.9736030483346971	0.9736030483346971	HG003	giabHC_x_ultima_x_clinvar	-1	-2	ont	sentdont
On1-HG003-5x-3-D0-PF-ONT-PROMETHION-ont-sentdont-SNPtv	SNPtv	On1-HG003-5x-3-D0-PF-ONT-PROMETHION	332544085.0	332430330.0	24860.0	88895.0	1267.0	0.8718743410309097	0.7814601555975561	0.9999961886896088	0.014052483307823695	0.9859475166921763	0.9859475166921763	HG003	giabHC_x_ultima_x_clinvar	-1	-2	ont	sentdont
On1-HG003-5x-3-D0-PF-ONT-PROMETHION-ont-sentdont-INS_50	INS_50	On1-HG003-5x-3-D0-PF-ONT-PROMETHION	332544085.0	332526996.0	5646.0	11443.0	2645.0	0.7340667799980756	0.669612031131137	0.9999920458218641	0.18774843838727995	0.81225156161272	0.81225156161272	HG003	giabHC_x_ultima_x_clinvar	-1	-2	ont	sentdont
On1-HG003-5x-3-D0-PF-ONT-PROMETHION-ont-sentdont-INS_gt50	INS_gt50	On1-HG003-5x-3-D0-PF-ONT-PROMETHION	332544085.0	332544085.0	0.0	0.0	1.0			0.9999999969928799	1.0	0.0	0.0	HG003	giabHC_x_ultima_x_clinvar	-1	-2	ont	sentdont
On1-HG003-5x-3-D0-PF-ONT-PROMETHION-ont-sentdont-DEL_50	DEL_50	On1-HG003-5x-3-D0-PF-ONT-PROMETHION	332544085.0	332525325.0	6051.0	12709.0	4021.0	0.7162017469709778	0.677452025586354	0.9999879078341555	0.24034668260609685	0.7596533173939032	0.7596533173939032	HG003	giabHC_x_ultima_x_clinvar	-1	-2	ont	sentdont
On1-HG003-5x-3-D0-PF-ONT-PROMETHION-ont-sentdont-DEL_gt50	DEL_gt50	On1-HG003-5x-3-D0-PF-ONT-PROMETHION	332544085.0	332544085.0	0.0	0.0	0.0			1.0				HG003	giabHC_x_ultima_x_clinvar	-1	-2	ont	sentdont
On1-HG003-5x-3-D0-PF-ONT-PROMETHION-ont-sentdont-Indel_50	Indel_50	On1-HG003-5x-3-D0-PF-ONT-PROMETHION	332544085.0	332541028.0	335.0	2722.0	571.0	0.8573228346456692	0.8904154399738305	0.9999982829215902	0.17339811721834195	0.826601882781658	0.826601882781658	HG003	giabHC_x_ultima_x_clinvar	-1	-2	ont	sentdont
On1-HG003-5x-3-D0-PF-ONT-PROMETHION-ont-sentdont-Indel_gt50	Indel_gt50	On1-HG003-5x-3-D0-PF-ONT-PROMETHION	332544085.0	332544047.0	8.0	30.0	3.0	0.8450704225352113	0.7894736842105263	0.9999999909786388	0.09090909090909091	0.9090909090909091	0.9090909090909091	HG003	giabHC_x_ultima_x_clinvar	-1	-2	ont	sentdont
On1-HG003-5x-3-D0-PF-ONT-PROMETHION-ont-sentdont-All	All	On1-HG003-5x-3-D0-PF-ONT-PROMETHION	332544085.0	332135701.0	91498.0	316886.0	13960.0	0.8573407464523897	0.7759510656636891	0.999957970753431	0.04219485803062452	0.9578051419693755	0.9578051419693755	HG003	giabHC_x_ultima_x_clinvar	-1	-2	ont	sentdont
On1-HG003-5x-3-D0-PF-ONT-PROMETHION-ont-sentdont-SNPts	SNPts	On1-HG003-5x-3-D0-PF-ONT-PROMETHION	2528531102.0	2526285834.0	467548.0	1777720.0	44128.0	0.8741919335470147	0.7917629432210319	0.9999825327646571	0.024221559647127532	0.9757784403528724	0.9757784403528724	HG003	giabHC	-1	-2	ont	sentdont
On1-HG003-5x-3-D0-PF-ONT-PROMETHION-ont-sentdont-SNPtv	SNPtv	On1-HG003-5x-3-D0-PF-ONT-PROMETHION	2528531102.0	2527468577.0	228610.0	833915.0	11250.0	0.8742667833872378	0.7848427095833039	0.9999955489258985	0.013311010276099933	0.9866889897239001	0.9866889897239001	HG003	giabHC	-1	-2	ont	sentdont
On1-HG003-5x-3-D0-PF-ONT-PROMETHION-ont-sentdont-INS_50	INS_50	On1-HG003-5x-3-D0-PF-ONT-PROMETHION	2528531102.0	2528307803.0	102404.0	120895.0	56337.0	0.6036736232651155	0.5414041263059843	0.9999777180038631	0.3178714904757606	0.6821285095242394	0.6821285095242394	HG003	giabHC	-1	-2	ont	sentdont
On1-HG003-5x-3-D0-PF-ONT-PROMETHION-ont-sentdont-INS_gt50	INS_gt50	On1-HG003-5x-3-D0-PF-ONT-PROMETHION	2528531102.0	2528531101.0	0.0	1.0	11.0	0.15384615384615385	1.0	0.9999999956496481	0.9166666666666666	0.08333333333333337	0.08333333333333333	HG003	giabHC	-1	-2	ont	sentdont
On1-HG003-5x-3-D0-PF-ONT-PROMETHION-ont-sentdont-DEL_50	DEL_50	On1-HG003-5x-3-D0-PF-ONT-PROMETHION	2528531102.0	2528292021.0	104887.0	134194.0	81158.0	0.5905997143693349	0.561290943236811	0.9999679010991439	0.37686206768453506	0.6231379323154649	0.6231379323154649	HG003	giabHC	-1	-2	ont	sentdont
On1-HG003-5x-3-D0-PF-ONT-PROMETHION-ont-sentdont-DEL_gt50	DEL_gt50	On1-HG003-5x-3-D0-PF-ONT-PROMETHION	2528531102.0	2528531102.0	0.0	0.0	0.0			1.0				HG003	giabHC	-1	-2	ont	sentdont
On1-HG003-5x-3-D0-PF-ONT-PROMETHION-ont-sentdont-Indel_50	Indel_50	On1-HG003-5x-3-D0-PF-ONT-PROMETHION	2528531102.0	2528477340.0	14724.0	39038.0	13840.0	0.732145536384096	0.7261262601837729	0.9999945263799576	0.26173455879571844	0.7382654412042815	0.7382654412042815	HG003	giabHC	-1	-2	ont	sentdont
On1-HG003-5x-3-D0-PF-ONT-PROMETHION-ont-sentdont-Indel_gt50	Indel_gt50	On1-HG003-5x-3-D0-PF-ONT-PROMETHION	2528531102.0	2528530514.0	104.0	484.0	84.0	0.8373702422145328	0.8231292517006803	0.9999999667791246	0.14788732394366197	0.852112676056338	0.852112676056338	HG003	giabHC	-1	-2	ont	sentdont
On1-HG003-5x-3-D0-PF-ONT-PROMETHION-ont-sentdont-All	All	On1-HG003-5x-3-D0-PF-ONT-PROMETHION	2528531102.0	2524706578.0	918277.0	2906247.0	206808.0	0.8378274323074375	0.7598977023022996	0.9999180930319643	0.06643249155572259	0.9335675084442774	0.9335675084442774	HG003	giabHC	-1	-2	ont	sentdont
On1-HG003-5x-3-D0-PF-ONT-PROMETHION-ont-sentdont-SNPts	SNPts	On1-HG003-5x-3-D0-PF-ONT-PROMETHION	377862616.0	377590668.0	58614.0	213334.0	43663.0	0.806639631719744	0.7844661479400473	0.9998843775673563	0.16989692486682723	0.8301030751331728	0.8301030751331727	HG003	clinvar_genes	-1	-2	ont	sentdont
On1-HG003-5x-3-D0-PF-ONT-PROMETHION-ont-sentdont-SNPtv	SNPtv	On1-HG003-5x-3-D0-PF-ONT-PROMETHION	377862616.0	377739300.0	27580.0	95736.0	23662.0	0.7888790922649703	0.7763469460572837	0.9999373628375987	0.1981775239116233	0.8018224760883768	0.8018224760883766	HG003	clinvar_genes	-1	-2	ont	sentdont
On1-HG003-5x-3-D0-PF-ONT-PROMETHION-ont-sentdont-INS_50	INS_50	On1-HG003-5x-3-D0-PF-ONT-PROMETHION	377862616.0	377834200.0	13219.0	15197.0	20128.0	0.476835945466811	0.5348043355855856	0.9999467307940959	0.569794762915782	0.430205237084218	0.430205237084218	HG003	clinvar_genes	-1	-2	ont	sentdont
On1-HG003-5x-3-D0-PF-ONT-PROMETHION-ont-sentdont-INS_gt50	INS_gt50	On1-HG003-5x-3-D0-PF-ONT-PROMETHION	377862616.0	377862586.0	20.0	10.0	155.0	0.10256410256410256	0.3333333333333333	0.9999995897981379	0.9393939393939394	0.06060606060606055	0.06060606060606061	HG003	clinvar_genes	-1	-2	ont	sentdont
On1-HG003-5x-3-D0-PF-ONT-PROMETHION-ont-sentdont-DEL_50	DEL_50	On1-HG003-5x-3-D0-PF-ONT-PROMETHION	377862616.0	377832325.0	13633.0	16658.0	28269.0	0.44292589539737826	0.5499323231322835	0.9999251866946465	0.6292207358603957	0.37077926413960427	0.37077926413960427	HG003	clinvar_genes	-1	-2	ont	sentdont
On1-HG003-5x-3-D0-PF-ONT-PROMETHION-ont-sentdont-DEL_gt50	DEL_gt50	On1-HG003-5x-3-D0-PF-ONT-PROMETHION	377862616.0	377862598.0	15.0	3.0	48.0	0.08695652173913045	0.16666666666666666	0.9999998729697139	0.9411764705882353	0.05882352941176472	0.058823529411764705	HG003	clinvar_genes	-1	-2	ont	sentdont
On1-HG003-5x-3-D0-PF-ONT-PROMETHION-ont-sentdont-Indel_50	Indel_50	On1-HG003-5x-3-D0-PF-ONT-PROMETHION	377862616.0	377855851.0	2007.0	4758.0	7082.0	0.5114754098360657	0.7033259423503326	0.999981257754118	0.5981418918918919	0.40185810810810807	0.4018581081081081	HG003	clinvar_genes	-1	-2	ont	sentdont
On1-HG003-5x-3-D0-PF-ONT-PROMETHION-ont-sentdont-Indel_gt50	Indel_gt50	On1-HG003-5x-3-D0-PF-ONT-PROMETHION	377862616.0	377862426.0	55.0	135.0	459.0	0.3443877551020408	0.7105263157894737	0.9999987852736582	0.7727272727272727	0.2272727272727273	0.22727272727272727	HG003	clinvar_genes	-1	-2	ont	sentdont
On1-HG003-5x-3-D0-PF-ONT-PROMETHION-ont-sentdont-All	All	On1-HG003-5x-3-D0-PF-ONT-PROMETHION	377862616.0	377401642.0	115143.0	345831.0	123466.0	0.7435059246176651	0.7502180166343438	0.9996729595002195	0.263087128193873	0.7369128718061271	0.7369128718061271	HG003	clinvar_genes	-1	-2	ont	sentdont
On1-HG003-5x-3-D0-PF-ONT-PROMETHION-ont-sentdont-SNPts	SNPts	On1-HG003-5x-3-D0-PF-ONT-PROMETHION	337668665.0	337404336.0	56733.0	207596.0	5852.0	0.869007926291973	0.7853697475494554	0.9999826561253687	0.02741651362392714	0.9725834863760728	0.9725834863760728	HG003	giabHC_x_clinvar_genes	-1	-2	ont	sentdont
On1-HG003-5x-3-D0-PF-ONT-PROMETHION-ont-sentdont-SNPtv	SNPtv	On1-HG003-5x-3-D0-PF-ONT-PROMETHION	337668665.0	337549382.0	26461.0	92822.0	1485.0	0.8691605412238401	0.7781662097700427	0.999995600663055	0.015746445120722746	0.9842535548792772	0.9842535548792772	HG003	giabHC_x_clinvar_genes	-1	-2	ont	sentdont
On1-HG003-5x-3-D0-PF-ONT-PROMETHION-ont-sentdont-INS_50	INS_50	On1-HG003-5x-3-D0-PF-ONT-PROMETHION	337668665.0	337642984.0	11739.0	13942.0	6428.0	0.6055025949490782	0.5428916319457965	0.9999809625020167	0.3155621011291114	0.6844378988708886	0.6844378988708886	HG003	giabHC_x_clinvar_genes	-1	-2	ont	sentdont
On1-HG003-5x-3-D0-PF-ONT-PROMETHION-ont-sentdont-INS_gt50	INS_gt50	On1-HG003-5x-3-D0-PF-ONT-PROMETHION	337668665.0	337668665.0	0.0	0.0	1.0			0.999999997038517	1.0	0.0	0.0	HG003	giabHC_x_clinvar_genes	-1	-2	ont	sentdont
On1-HG003-5x-3-D0-PF-ONT-PROMETHION-ont-sentdont-DEL_50	DEL_50	On1-HG003-5x-3-D0-PF-ONT-PROMETHION	337668665.0	337641231.0	12126.0	15308.0	9982.0	0.5806843183370002	0.5579937304075235	0.9999704369490893	0.39470146302886516	0.6052985369711348	0.6052985369711348	HG003	giabHC_x_clinvar_genes	-1	-2	ont	sentdont
On1-HG003-5x-3-D0-PF-ONT-PROMETHION-ont-sentdont-DEL_gt50	DEL_gt50	On1-HG003-5x-3-D0-PF-ONT-PROMETHION	337668665.0	337668665.0	0.0	0.0	0.0			1.0				HG003	giabHC_x_clinvar_genes	-1	-2	ont	sentdont
On1-HG003-5x-3-D0-PF-ONT-PROMETHION-ont-sentdont-Indel_50	Indel_50	On1-HG003-5x-3-D0-PF-ONT-PROMETHION	337668665.0	337662966.0	1537.0	4162.0	1507.0	0.7322308233638283	0.7303035620284261	0.9999955369897621	0.2658317163520903	0.7341682836479098	0.7341682836479096	HG003	giabHC_x_clinvar_genes	-1	-2	ont	sentdont
On1-HG003-5x-3-D0-PF-ONT-PROMETHION-ont-sentdont-Indel_gt50	Indel_gt50	On1-HG003-5x-3-D0-PF-ONT-PROMETHION	337668665.0	337668602.0	10.0	53.0	6.0	0.8688524590163935	0.8412698412698413	0.9999999822310992	0.1016949152542373	0.8983050847457628	0.8983050847457628	HG003	giabHC_x_clinvar_genes	-1	-2	ont	sentdont
On1-HG003-5x-3-D0-PF-ONT-PROMETHION-ont-sentdont-All	All	On1-HG003-5x-3-D0-PF-ONT-PROMETHION	337668665.0	337226176.0	108606.0	333883.0	25261.0	0.833007124207711	0.7545566104468133	0.9999250974281245	0.07033668946160872	0.9296633105383912	0.9296633105383912	HG003	giabHC_x_clinvar_genes	-1	-2	ont	sentdont
On1-HG003-7x-4-D0-PF-ONT-PROMETHION-ont-sentdont-SNPts	SNPts	On1-HG003-7x-4-D0-PF-ONT-PROMETHION	2528531102.0	2526290820.0	275641.0	1964641.0	43357.0	0.9249112582033199	0.8769614718147091	0.9999828379790786	0.02159215298023205	0.9784078470197679	0.9784078470197679	HG003	giabHC	-1	-2	ont	sentdont
On1-HG003-7x-4-D0-PF-ONT-PROMETHION-ont-sentdont-SNPtv	SNPtv	On1-HG003-7x-4-D0-PF-ONT-PROMETHION	2528531102.0	2527471938.0	136346.0	922818.0	11230.0	0.9259607106519528	0.8712701715692754	0.9999955568447924	0.012022936722738018	0.987977063277262	0.987977063277262	HG003	giabHC	-1	-2	ont	sentdont
On1-HG003-7x-4-D0-PF-ONT-PROMETHION-ont-sentdont-INS_50	INS_50	On1-HG003-7x-4-D0-PF-ONT-PROMETHION	2528531102.0	2528311067.0	81885.0	138150.0	50751.0	0.6756558483479077	0.6278546594859908	0.9999799273190891	0.26866453856782124	0.7313354614321788	0.7313354614321788	HG003	giabHC	-1	-2	ont	sentdont
On1-HG003-7x-4-D0-PF-ONT-PROMETHION-ont-sentdont-INS_gt50	INS_gt50	On1-HG003-7x-4-D0-PF-ONT-PROMETHION	2528531102.0	2528531101.0	0.0	1.0	9.0	0.18181818181818182	1.0	0.9999999964406212	0.9	0.09999999999999998	0.1	HG003	giabHC	-1	-2	ont	sentdont
On1-HG003-7x-4-D0-PF-ONT-PROMETHION-ont-sentdont-DEL_50	DEL_50	On1-HG003-7x-4-D0-PF-ONT-PROMETHION	2528531102.0	2528295027.0	82029.0	154046.0	80492.0	0.6546610484623246	0.6525299163401461	0.9999681645390903	0.3431938534480553	0.6568061465519447	0.6568061465519447	HG003	giabHC	-1	-2	ont	sentdont
On1-HG003-7x-4-D0-PF-ONT-PROMETHION-ont-sentdont-DEL_gt50	DEL_gt50	On1-HG003-7x-4-D0-PF-ONT-PROMETHION	2528531102.0	2528531102.0	0.0	0.0	1.0			0.9999999996045135	1.0	0.0	0.0	HG003	giabHC	-1	-2	ont	sentdont
On1-HG003-7x-4-D0-PF-ONT-PROMETHION-ont-sentdont-Indel_50	Indel_50	On1-HG003-7x-4-D0-PF-ONT-PROMETHION	2528531102.0	2528466442.0	11616.0	53044.0	15174.0	0.7983864898628817	0.8203526136715126	0.9999939987698926	0.22243396171098537	0.7775660382890146	0.7775660382890146	HG003	giabHC	-1	-2	ont	sentdont
On1-HG003-7x-4-D0-PF-ONT-PROMETHION-ont-sentdont-Indel_gt50	Indel_gt50	On1-HG003-7x-4-D0-PF-ONT-PROMETHION	2528531102.0	2528530292.0	59.0	751.0	131.0	0.8877068557919622	0.9271604938271605	0.9999999481912503	0.14852607709750568	0.8514739229024944	0.8514739229024944	HG003	giabHC	-1	-2	ont	sentdont
On1-HG003-7x-4-D0-PF-ONT-PROMETHION-ont-sentdont-All	All	On1-HG003-7x-4-D0-PF-ONT-PROMETHION	2528531102.0	2524710075.0	587576.0	3233451.0	201145.0	0.8912952064901939	0.8462256351499218	0.999920335812837	0.05856438428275116	0.9414356157172489	0.9414356157172489	HG003	giabHC	-1	-2	ont	sentdont
On1-HG003-7x-4-D0-PF-ONT-PROMETHION-ont-sentdont-SNPts	SNPts	On1-HG003-7x-4-D0-PF-ONT-PROMETHION	688815815.0	688748536.0	10068.0	57211.0	437696.0	0.20353050413919951	0.8503544939728593	0.9993649089612109	0.8844005035289458	0.11559949647105416	0.11559949647105416	HG003	hg38_m_giabHC	-1	-2	ont	sentdont
On1-HG003-7x-4-D0-PF-ONT-PROMETHION-ont-sentdont-SNPtv	SNPtv	On1-HG003-7x-4-D0-PF-ONT-PROMETHION	688815815.0	688781387.0	6016.0	28412.0	343341.0	0.13989822271351934	0.8252585105146973	0.9995017723409861	0.9235729099697918	0.0764270900302082	0.07642709003020823	HG003	hg38_m_giabHC	-1	-2	ont	sentdont
On1-HG003-7x-4-D0-PF-ONT-PROMETHION-ont-sentdont-INS_50	INS_50	On1-HG003-7x-4-D0-PF-ONT-PROMETHION	688815815.0	688790435.0	11165.0	14215.0	135341.0	0.1625165774911968	0.5600866824271079	0.9998035477772572	0.9049519912273664	0.09504800877263364	0.09504800877263367	HG003	hg38_m_giabHC	-1	-2	ont	sentdont
On1-HG003-7x-4-D0-PF-ONT-PROMETHION-ont-sentdont-INS_gt50	INS_gt50	On1-HG003-7x-4-D0-PF-ONT-PROMETHION	688815815.0	688815595.0	163.0	57.0	1302.0	0.07219759341355289	0.2590909090909091	0.9999981098024662	0.9580573951434879	0.04194260485651213	0.04194260485651214	HG003	hg38_m_giabHC	-1	-2	ont	sentdont
On1-HG003-7x-4-D0-PF-ONT-PROMETHION-ont-sentdont-DEL_50	DEL_50	On1-HG003-7x-4-D0-PF-ONT-PROMETHION	688815815.0	688789316.0	10774.0	15725.0	189204.0	0.13589539727258587	0.5934186195705499	0.9997253847623581	0.9232661067979642	0.07673389320203583	0.07673389320203583	HG003	hg38_m_giabHC	-1	-2	ont	sentdont
On1-HG003-7x-4-D0-PF-ONT-PROMETHION-ont-sentdont-DEL_gt50	DEL_gt50	On1-HG003-7x-4-D0-PF-ONT-PROMETHION	688815815.0	688815678.0	108.0	29.0	401.0	0.10229276895943565	0.2116788321167883	0.9999994178416964	0.9325581395348838	0.06744186046511624	0.06744186046511629	HG003	hg38_m_giabHC	-1	-2	ont	sentdont
On1-HG003-7x-4-D0-PF-ONT-PROMETHION-ont-sentdont-Indel_50	Indel_50	On1-HG003-7x-4-D0-PF-ONT-PROMETHION	688815815.0	688803301.0	3470.0	9044.0	69555.0	0.1985227135534995	0.7227105641681317	0.9998990307146026	0.8849349228361684	0.11506507716383163	0.1150650771638316	HG003	hg38_m_giabHC	-1	-2	ont	sentdont
On1-HG003-7x-4-D0-PF-ONT-PROMETHION-ont-sentdont-Indel_gt50	Indel_gt50	On1-HG003-7x-4-D0-PF-ONT-PROMETHION	688815815.0	688814459.0	323.0	1033.0	6163.0	0.24158091674462112	0.7617994100294986	0.9999910528230381	0.8564480266814897	0.14355197331851033	0.14355197331851027	HG003	hg38_m_giabHC	-1	-2	ont	sentdont
On1-HG003-7x-4-D0-PF-ONT-PROMETHION-ont-sentdont-All	All	On1-HG003-7x-4-D0-PF-ONT-PROMETHION	688815815.0	688648002.0	42087.0	125726.0	1183003.0	0.1702978987390809	0.7492029818905568	0.9982850828805527	0.903932746962893	0.09606725303710695	0.09606725303710699	HG003	hg38_m_giabHC	-1	-2	ont	sentdont
On1-HG003-7x-4-D0-PF-ONT-PROMETHION-ont-sentdont-SNPts	SNPts	On1-HG003-7x-4-D0-PF-ONT-PROMETHION	332544085.0	332288980.0	33130.0	221975.0	5487.0	0.9199758789971133	0.8701319064698849	0.9999834875372752	0.02412271060660682	0.9758772893933931	0.9758772893933931	HG003	giabHC_x_ultima_x_clinvar	-1	-2	ont	sentdont
On1-HG003-7x-4-D0-PF-ONT-PROMETHION-ont-sentdont-SNPtv	SNPtv	On1-HG003-7x-4-D0-PF-ONT-PROMETHION	332544085.0	332430665.0	15133.0	98287.0	1394.0	0.9224452255033998	0.8665755598659849	0.9999958066619562	0.013984610908799069	0.9860153890912009	0.9860153890912009	HG003	giabHC_x_ultima_x_clinvar	-1	-2	ont	sentdont
On1-HG003-7x-4-D0-PF-ONT-PROMETHION-ont-sentdont-INS_50	INS_50	On1-HG003-7x-4-D0-PF-ONT-PROMETHION	332544085.0	332527328.0	3888.0	12869.0	2288.0	0.8064799147709469	0.767977561616041	0.9999931194098512	0.15095335488553144	0.8490466451144686	0.8490466451144686	HG003	giabHC_x_ultima_x_clinvar	-1	-2	ont	sentdont
On1-HG003-7x-4-D0-PF-ONT-PROMETHION-ont-sentdont-INS_gt50	INS_gt50	On1-HG003-7x-4-D0-PF-ONT-PROMETHION	332544085.0	332544085.0	0.0	0.0	0.0			1.0				HG003	giabHC_x_ultima_x_clinvar	-1	-2	ont	sentdont
On1-HG003-7x-4-D0-PF-ONT-PROMETHION-ont-sentdont-DEL_50	DEL_50	On1-HG003-7x-4-D0-PF-ONT-PROMETHION	332544085.0	332525504.0	4092.0	14489.0	3991.0	0.7819001106284235	0.7797750390183521	0.9999879980571348	0.21596320346320347	0.7840367965367965	0.7840367965367966	HG003	giabHC_x_ultima_x_clinvar	-1	-2	ont	sentdont
On1-HG003-7x-4-D0-PF-ONT-PROMETHION-ont-sentdont-DEL_gt50	DEL_gt50	On1-HG003-7x-4-D0-PF-ONT-PROMETHION	332544085.0	332544085.0	0.0	0.0	0.0			1.0				HG003	giabHC_x_ultima_x_clinvar	-1	-2	ont	sentdont
On1-HG003-7x-4-D0-PF-ONT-PROMETHION-ont-sentdont-Indel_50	Indel_50	On1-HG003-7x-4-D0-PF-ONT-PROMETHION	332544085.0	332539989.0	207.0	3889.0	708.0	0.894742896583458	0.949462890625	0.9999978709372827	0.15401348705677617	0.8459865129432238	0.8459865129432238	HG003	giabHC_x_ultima_x_clinvar	-1	-2	ont	sentdont
On1-HG003-7x-4-D0-PF-ONT-PROMETHION-ont-sentdont-Indel_gt50	Indel_gt50	On1-HG003-7x-4-D0-PF-ONT-PROMETHION	332544085.0	332544028.0	3.0	54.0	10.0	0.8925619834710744	0.9473684210526315	0.9999999699287948	0.15625	0.84375	0.84375	HG003	giabHC_x_ultima_x_clinvar	-1	-2	ont	sentdont
On1-HG003-7x-4-D0-PF-ONT-PROMETHION-ont-sentdont-All	All	On1-HG003-7x-4-D0-PF-ONT-PROMETHION	332544085.0	332136069.0	56453.0	351563.0	13878.0	0.9090692824552624	0.86164022979491	0.9999582176660712	0.03797603443510717	0.9620239655648928	0.9620239655648928	HG003	giabHC_x_ultima_x_clinvar	-1	-2	ont	sentdont
On1-HG003-7x-4-D0-PF-ONT-PROMETHION-ont-sentdont-SNPts	SNPts	On1-HG003-7x-4-D0-PF-ONT-PROMETHION	377862616.0	377591295.0	35797.0	235524.0	48304.0	0.8485073376697067	0.8680640274803646	0.9998720896851709	0.1701875783925476	0.8298124216074524	0.8298124216074524	HG003	clinvar_genes	-1	-2	ont	sentdont
On1-HG003-7x-4-D0-PF-ONT-PROMETHION-ont-sentdont-SNPtv	SNPtv	On1-HG003-7x-4-D0-PF-ONT-PROMETHION	377862616.0	377739724.0	17037.0	105855.0	26210.0	0.8303753181909107	0.8613660775314911	0.9999306184130409	0.19846287812819444	0.8015371218718056	0.8015371218718056	HG003	clinvar_genes	-1	-2	ont	sentdont
On1-HG003-7x-4-D0-PF-ONT-PROMETHION-ont-sentdont-INS_50	INS_50	On1-HG003-7x-4-D0-PF-ONT-PROMETHION	377862616.0	377834635.0	10592.0	17389.0	20430.0	0.5285410334346504	0.6214574175333262	0.9999459316497451	0.540204659033819	0.459795340966181	0.459795340966181	HG003	clinvar_genes	-1	-2	ont	sentdont
On1-HG003-7x-4-D0-PF-ONT-PROMETHION-ont-sentdont-INS_gt50	INS_gt50	On1-HG003-7x-4-D0-PF-ONT-PROMETHION	377862616.0	377862590.0	21.0	5.0	158.0	0.052910052910052914	0.19230769230769232	0.9999995818587547	0.9693251533742331	0.030674846625766916	0.03067484662576687	HG003	clinvar_genes	-1	-2	ont	sentdont
On1-HG003-7x-4-D0-PF-ONT-PROMETHION-ont-sentdont-DEL_50	DEL_50	On1-HG003-7x-4-D0-PF-ONT-PROMETHION	377862616.0	377832656.0	10694.0	19266.0	30582.0	0.4828087409783481	0.6430574098798398	0.9999190659558155	0.6135050553683197	0.3864949446316803	0.3864949446316803	HG003	clinvar_genes	-1	-2	ont	sentdont
On1-HG003-7x-4-D0-PF-ONT-PROMETHION-ont-sentdont-DEL_gt50	DEL_gt50	On1-HG003-7x-4-D0-PF-ONT-PROMETHION	377862616.0	377862598.0	16.0	2.0	49.0	0.05797101449275362	0.1111111111111111	0.99999987032325	0.9607843137254902	0.039215686274509776	0.0392156862745098	HG003	clinvar_genes	-1	-2	ont	sentdont
On1-HG003-7x-4-D0-PF-ONT-PROMETHION-ont-sentdont-Indel_50	Indel_50	On1-HG003-7x-4-D0-PF-ONT-PROMETHION	377862616.0	377854486.0	1566.0	6564.0	8631.0	0.562829581993569	0.8073800738007381	0.9999771583951657	0.5680157946692991	0.4319842053307009	0.43198420533070087	HG003	clinvar_genes	-1	-2	ont	sentdont
On1-HG003-7x-4-D0-PF-ONT-PROMETHION-ont-sentdont-Indel_gt50	Indel_gt50	On1-HG003-7x-4-D0-PF-ONT-PROMETHION	377862616.0	377862366.0	36.0	214.0	687.0	0.37185056472632494	0.856	0.9999981818809895	0.7624861265260822	0.23751387347391784	0.23751387347391786	HG003	clinvar_genes	-1	-2	ont	sentdont
On1-HG003-7x-4-D0-PF-ONT-PROMETHION-ont-sentdont-All	All	On1-HG003-7x-4-D0-PF-ONT-PROMETHION	377862616.0	377402038.0	75759.0	384819.0	135051.0	0.7849860471947518	0.8355132029753918	0.9996422841518493	0.25977840613999653	0.7402215938600034	0.7402215938600034	HG003	clinvar_genes	-1	-2	ont	sentdont
On1-HG003-7x-4-D0-PF-ONT-PROMETHION-ont-sentdont-SNPts	SNPts	On1-HG003-7x-4-D0-PF-ONT-PROMETHION	337668665.0	337404953.0	34547.0	229165.0	5929.0	0.9188542238866413	0.8689972394126926	0.9999824279526349	0.025219699354300833	0.9747803006456992	0.9747803006456992	HG003	giabHC_x_clinvar_genes	-1	-2	ont	sentdont
On1-HG003-7x-4-D0-PF-ONT-PROMETHION-ont-sentdont-SNPtv	SNPtv	On1-HG003-7x-4-D0-PF-ONT-PROMETHION	337668665.0	337549773.0	16287.0	102605.0	1635.0	0.9196798307728162	0.8630101268378024	0.999995156293349	0.01568495778971604	0.984315042210284	0.984315042210284	HG003	giabHC_x_clinvar_genes	-1	-2	ont	sentdont
On1-HG003-7x-4-D0-PF-ONT-PROMETHION-ont-sentdont-INS_50	INS_50	On1-HG003-7x-4-D0-PF-ONT-PROMETHION	337668665.0	337643368.0	9420.0	15877.0	5787.0	0.6761781052362598	0.6276238289125192	0.9999828609077964	0.2671251846381093	0.7328748153618907	0.7328748153618907	HG003	giabHC_x_clinvar_genes	-1	-2	ont	sentdont
On1-HG003-7x-4-D0-PF-ONT-PROMETHION-ont-sentdont-INS_gt50	INS_gt50	On1-HG003-7x-4-D0-PF-ONT-PROMETHION	337668665.0	337668665.0	0.0	0.0	1.0			0.999999997038517	1.0	0.0	0.0	HG003	giabHC_x_clinvar_genes	-1	-2	ont	sentdont
On1-HG003-7x-4-D0-PF-ONT-PROMETHION-ont-sentdont-DEL_50	DEL_50	On1-HG003-7x-4-D0-PF-ONT-PROMETHION	337668665.0	337641475.0	9515.0	17675.0	9986.0	0.6444732092395763	0.6500551673409342	0.9999704251242674	0.36101370160153284	0.6389862983984671	0.6389862983984671	HG003	giabHC_x_clinvar_genes	-1	-2	ont	sentdont
On1-HG003-7x-4-D0-PF-ONT-PROMETHION-ont-sentdont-DEL_gt50	DEL_gt50	On1-HG003-7x-4-D0-PF-ONT-PROMETHION	337668665.0	337668665.0	0.0	0.0	0.0			1.0				HG003	giabHC_x_clinvar_genes	-1	-2	ont	sentdont
On1-HG003-7x-4-D0-PF-ONT-PROMETHION-ont-sentdont-Indel_50	Indel_50	On1-HG003-7x-4-D0-PF-ONT-PROMETHION	337668665.0	337661763.0	1201.0	5701.0	1694.0	0.7975099671259703	0.825992465951898	0.9999949831704767	0.2290736984448952	0.7709263015551048	0.7709263015551048	HG003	giabHC_x_clinvar_genes	-1	-2	ont	sentdont
On1-HG003-7x-4-D0-PF-ONT-PROMETHION-ont-sentdont-Indel_gt50	Indel_gt50	On1-HG003-7x-4-D0-PF-ONT-PROMETHION	337668665.0	337668568.0	5.0	92.0	15.0	0.9019607843137255	0.9484536082474226	0.9999999555777447	0.14018691588785046	0.8598130841121495	0.8598130841121495	HG003	giabHC_x_clinvar_genes	-1	-2	ont	sentdont
On1-HG003-7x-4-D0-PF-ONT-PROMETHION-ont-sentdont-All	All	On1-HG003-7x-4-D0-PF-ONT-PROMETHION	337668665.0	337226575.0	70975.0	371115.0	25047.0	0.8854497215634438	0.8394557669252867	0.9999257320102674	0.06322413558089872	0.9367758644191013	0.9367758644191013	HG003	giabHC_x_clinvar_genes	-1	-2	ont	sentdont
On1-HG003-7x-4-D0-PF-ONT-PROMETHION-ont-sentdont-SNPts	SNPts	On1-HG003-7x-4-D0-PF-ONT-PROMETHION	2505355380.0	2503166086.0	267462.0	1921832.0	40938.0	0.9257236882668476	0.8778318489887608	0.9999836457793513	0.020857257854970272	0.9791427421450297	0.9791427421450297	HG003	giabHC_x_ultima	-1	-2	ont	sentdont
On1-HG003-7x-4-D0-PF-ONT-PROMETHION-ont-sentdont-SNPtv	SNPtv	On1-HG003-7x-4-D0-PF-ONT-PROMETHION	2505355380.0	2504332116.0	128723.0	894541.0	9798.0	0.9281382110320434	0.87420352909904	0.9999960875949305	0.010834432662972624	0.9891655673370274	0.9891655673370274	HG003	giabHC_x_ultima	-1	-2	ont	sentdont
On1-HG003-7x-4-D0-PF-ONT-PROMETHION-ont-sentdont-INS_50	INS_50	On1-HG003-7x-4-D0-PF-ONT-PROMETHION	2505355380.0	2505207957.0	33703.0	113720.0	20193.0	0.8084283561293258	0.7713857403525909	0.9999919396562744	0.15079193207530261	0.8492080679246974	0.8492080679246974	HG003	giabHC_x_ultima	-1	-2	ont	sentdont
On1-HG003-7x-4-D0-PF-ONT-PROMETHION-ont-sentdont-INS_gt50	INS_gt50	On1-HG003-7x-4-D0-PF-ONT-PROMETHION	2505355380.0	2505355380.0	0.0	0.0	7.0			0.9999999972059852	1.0	0.0	0.0	HG003	giabHC_x_ultima	-1	-2	ont	sentdont
On1-HG003-7x-4-D0-PF-ONT-PROMETHION-ont-sentdont-DEL_50	DEL_50	On1-HG003-7x-4-D0-PF-ONT-PROMETHION	2505355380.0	2505193556.0	35699.0	126125.0	31814.0	0.7888655035135397	0.7793961340715839	0.9999873009429088	0.20143219850701855	0.7985678014929815	0.7985678014929815	HG003	giabHC_x_ultima	-1	-2	ont	sentdont
On1-HG003-7x-4-D0-PF-ONT-PROMETHION-ont-sentdont-DEL_gt50	DEL_gt50	On1-HG003-7x-4-D0-PF-ONT-PROMETHION	2505355380.0	2505355380.0	0.0	0.0	1.0			0.9999999996008551	1.0	0.0	0.0	HG003	giabHC_x_ultima	-1	-2	ont	sentdont
On1-HG003-7x-4-D0-PF-ONT-PROMETHION-ont-sentdont-Indel_50	Indel_50	On1-HG003-7x-4-D0-PF-ONT-PROMETHION	2505355380.0	2505316891.0	2062.0	36427.0	6286.0	0.8971946503780694	0.9464262516563174	0.9999974909424629	0.14716830941399575	0.8528316905860043	0.8528316905860043	HG003	giabHC_x_ultima	-1	-2	ont	sentdont
On1-HG003-7x-4-D0-PF-ONT-PROMETHION-ont-sentdont-Indel_gt50	Indel_gt50	On1-HG003-7x-4-D0-PF-ONT-PROMETHION	2505355380.0	2505354830.0	44.0	506.0	53.0	0.9125338142470695	0.92	0.9999999788453123	0.09481216457960644	0.9051878354203936	0.9051878354203936	HG003	giabHC_x_ultima	-1	-2	ont	sentdont
On1-HG003-7x-4-D0-PF-ONT-PROMETHION-ont-sentdont-All	All	On1-HG003-7x-4-D0-PF-ONT-PROMETHION	2505355380.0	2501794536.0	467693.0	3093151.0	109090.0	0.9147159912968713	0.8686567004901086	0.9999563972013684	0.034066767616803356	0.9659332323831966	0.9659332323831966	HG003	giabHC_x_ultima	-1	-2	ont	sentdont
On1-HG003-7x-4-D0-PF-ONT-PROMETHION-ont-sentdont-SNPts	SNPts	On1-HG003-7x-4-D0-PF-ONT-PROMETHION	2799325643.0	2797085596.0	274177.0	1965870.0	223089.0	0.8877251464549833	0.8776021217411956	0.9999202487014764	0.10191556808510346	0.8980844319148965	0.8980844319148965	HG003	ultima	-1	-2	ont	sentdont
On1-HG003-7x-4-D0-PF-ONT-PROMETHION-ont-sentdont-SNPtv	SNPtv	On1-HG003-7x-4-D0-PF-ONT-PROMETHION	2799325643.0	2798278418.0	132216.0	915009.0	121475.0	0.8782502739106084	0.8737463295853327	0.9999565912647782	0.11719910775274872	0.8828008922472512	0.8828008922472513	HG003	ultima	-1	-2	ont	sentdont
On1-HG003-7x-4-D0-PF-ONT-PROMETHION-ont-sentdont-INS_50	INS_50	On1-HG003-7x-4-D0-PF-ONT-PROMETHION	2799325643.0	2799168615.0	36181.0	120847.0	79335.0	0.6766159961927157	0.7695888631326897	0.9999716584591943	0.3963143539379165	0.6036856460620835	0.6036856460620835	HG003	ultima	-1	-2	ont	sentdont
On1-HG003-7x-4-D0-PF-ONT-PROMETHION-ont-sentdont-INS_gt50	INS_gt50	On1-HG003-7x-4-D0-PF-ONT-PROMETHION	2799325643.0	2799325551.0	69.0	23.0	250.0	0.12602739726027398	0.25	0.9999999106927818	0.9157509157509157	0.08424908424908428	0.08424908424908426	HG003	ultima	-1	-2	ont	sentdont
On1-HG003-7x-4-D0-PF-ONT-PROMETHION-ont-sentdont-DEL_50	DEL_50	On1-HG003-7x-4-D0-PF-ONT-PROMETHION	2799325643.0	2799151938.0	38937.0	134768.0	112287.0	0.6405932122825363	0.7758441035088224	0.9999598869592241	0.4545020339600494	0.5454979660399506	0.5454979660399506	HG003	ultima	-1	-2	ont	sentdont
On1-HG003-7x-4-D0-PF-ONT-PROMETHION-ont-sentdont-DEL_gt50	DEL_gt50	On1-HG003-7x-4-D0-PF-ONT-PROMETHION	2799325643.0	2799325555.0	69.0	19.0	110.0	0.17511520737327188	0.2159090909090909	0.9999999607048221	0.8527131782945736	0.1472868217054264	0.14728682170542637	HG003	ultima	-1	-2	ont	sentdont
On1-HG003-7x-4-D0-PF-ONT-PROMETHION-ont-sentdont-Indel_50	Indel_50	On1-HG003-7x-4-D0-PF-ONT-PROMETHION	2799325643.0	2799282579.0	2654.0	40410.0	18335.0	0.7938394444499014	0.9383707969533718	0.99999345015039	0.3121116690782194	0.6878883309217806	0.6878883309217806	HG003	ultima	-1	-2	ont	sentdont
On1-HG003-7x-4-D0-PF-ONT-PROMETHION-ont-sentdont-Indel_gt50	Indel_gt50	On1-HG003-7x-4-D0-PF-ONT-PROMETHION	2799325643.0	2799324537.0	173.0	933.0	946.0	0.6251256281407035	0.8435804701627486	0.9999996620614481	0.50345928685471	0.49654071314529	0.49654071314529	HG003	ultima	-1	-2	ont	sentdont
On1-HG003-7x-4-D0-PF-ONT-PROMETHION-ont-sentdont-All	All	On1-HG003-7x-4-D0-PF-ONT-PROMETHION	2799325643.0	2795663288.0	484476.0	3177879.0	555827.0	0.8593436425145762	0.8677146262445885	0.9998012219439391	0.1488673719891175	0.8511326280108825	0.8511326280108825	HG003	ultima	-1	-2	ont	sentdont
On1-HG003-7x-4-D0-PF-ONT-PROMETHION-ont-sentdont-SNPts	SNPts	On1-HG003-7x-4-D0-PF-ONT-PROMETHION	3088286401.0	3085978872.0	285709.0	2021820.0	481053.0	0.8406033425065098	0.8761840046213937	0.9998441408566159	0.1922003233883621	0.8077996766116379	0.8077996766116379	HG003	hg38	-1	-2	ont	sentdont
On1-HG003-7x-4-D0-PF-ONT-PROMETHION-ont-sentdont-SNPtv	SNPtv	On1-HG003-7x-4-D0-PF-ONT-PROMETHION	3088286401.0	3087192820.0	142362.0	951219.0	354571.0	0.7928903033336653	0.869820342526068	0.9998851609529837	0.2715375366636289	0.7284624633363711	0.7284624633363711	HG003	hg38	-1	-2	ont	sentdont
On1-HG003-7x-4-D0-PF-ONT-PROMETHION-ont-sentdont-INS_50	INS_50	On1-HG003-7x-4-D0-PF-ONT-PROMETHION	3088286401.0	3088040910.0	93062.0	152429.0	186099.0	0.5220001404063909	0.6209148196878908	0.9999397392097609	0.5497300075621514	0.4502699924378486	0.45026999243784854	HG003	hg38	-1	-2	ont	sentdont
On1-HG003-7x-4-D0-PF-ONT-PROMETHION-ont-sentdont-INS_gt50	INS_gt50	On1-HG003-7x-4-D0-PF-ONT-PROMETHION	3088286401.0	3088286180.0	163.0	58.0	1311.0	0.0729559748427673	0.26244343891402716	0.9999995754928892	0.9576333089846604	0.04236669101533963	0.042366691015339665	HG003	hg38	-1	-2	ont	sentdont
On1-HG003-7x-4-D0-PF-ONT-PROMETHION-ont-sentdont-DEL_50	DEL_50	On1-HG003-7x-4-D0-PF-ONT-PROMETHION	3088286401.0	3088024022.0	92760.0	169619.0	269689.0	0.48346057430164735	0.6464656089092496	0.999912673785191	0.6138950349185537	0.3861049650814463	0.38610496508144626	HG003	hg38	-1	-2	ont	sentdont
On1-HG003-7x-4-D0-PF-ONT-PROMETHION-ont-sentdont-DEL_gt50	DEL_gt50	On1-HG003-7x-4-D0-PF-ONT-PROMETHION	3088286401.0	3088286264.0	108.0	29.0	402.0	0.10211267605633803	0.2116788321167883	0.9999998698307367	0.9327146171693735	0.06728538283062646	0.06728538283062645	HG003	hg38	-1	-2	ont	sentdont
On1-HG003-7x-4-D0-PF-ONT-PROMETHION-ont-sentdont-Indel_50	Indel_50	On1-HG003-7x-4-D0-PF-ONT-PROMETHION	3088286401.0	3088209225.0	15086.0	62090.0	84729.0	0.5543873747181858	0.8045247227117238	0.999972564463985	0.57709833195976	0.42290166804024	0.42290166804024004	HG003	hg38	-1	-2	ont	sentdont
On1-HG003-7x-4-D0-PF-ONT-PROMETHION-ont-sentdont-Indel_gt50	Indel_gt50	On1-HG003-7x-4-D0-PF-ONT-PROMETHION	3088286401.0	3088284239.0	380.0	1782.0	6293.0	0.3481488717397675	0.8242368177613321	0.999997962303114	0.7793188854489164	0.22068111455108363	0.22068111455108358	HG003	hg38	-1	-2	ont	sentdont
On1-HG003-7x-4-D0-PF-ONT-PROMETHION-ont-sentdont-All	All	On1-HG003-7x-4-D0-PF-ONT-PROMETHION	3088286401.0	3084297725.0	629630.0	3359046.0	1384147.0	0.7693761782271354	0.8421456142338961	0.9995514291306048	0.2918175583409741	0.7081824416590259	0.7081824416590259	HG003	hg38	-1	-2	ont	sentdont
