mqc_id	VariantClass	Sample	TgtRegionSize	TN	FN	TP	FP	Fscore	Sensitivity-Recall	Specificity	FDR	PPV	Precision	AltId	ROI	AllVarMeanDP	CovBin	Aligner	SNVCaller
R0-HG003-10x-0-D0-PCR-FREE-ROCHE-SBX-DUPLEX-roche-deep19r-SNPts	SNPts	R0-HG003-10x-0-D0-PCR-FREE-ROCHE-SBX-DUPLEX	3088286401.0	3085963215.0	61854.0	2261332.0	222270.0	0.9408910898504365	0.973375356084274	0.9999279790534041	0.08949501570702552	0.9105049842929744	0.9105049842929744	HG003	hg38	-1	-2	roche	deep19r
R0-HG003-10x-0-D0-PCR-FREE-ROCHE-SBX-DUPLEX-roche-deep19r-SNPtv	SNPtv	R0-HG003-10x-0-D0-PCR-FREE-ROCHE-SBX-DUPLEX	3088286401.0	3087178899.0	33662.0	1073840.0	147663.0	0.9221448644378178	0.9696054724957607	0.9999521712403807	0.12088631792144595	0.879113682078554	0.879113682078554	HG003	hg38	-1	-2	roche	deep19r
R0-HG003-10x-0-D0-PCR-FREE-ROCHE-SBX-DUPLEX-roche-deep19r-INS_50	INS_50	R0-HG003-10x-0-D0-PCR-FREE-ROCHE-SBX-DUPLEX	3088286401.0	3088028813.0	17708.0	239880.0	125337.0	0.7703213686466872	0.9312545615478982	0.9999594136192975	0.34318501055536843	0.6568149894446316	0.6568149894446316	HG003	hg38	-1	-2	roche	deep19r
R0-HG003-10x-0-D0-PCR-FREE-ROCHE-SBX-DUPLEX-roche-deep19r-INS_gt50	INS_gt50	R0-HG003-10x-0-D0-PCR-FREE-ROCHE-SBX-DUPLEX	3088286401.0	3088286162.0	226.0	13.0	288.0	0.04814814814814814	0.05439330543933055	0.9999999067444019	0.9568106312292359	0.04318936877076407	0.04318936877076412	HG003	hg38	-1	-2	roche	deep19r
R0-HG003-10x-0-D0-PCR-FREE-ROCHE-SBX-DUPLEX-roche-deep19r-DEL_50	DEL_50	R0-HG003-10x-0-D0-PCR-FREE-ROCHE-SBX-DUPLEX	3088286401.0	3088014959.0	11431.0	260011.0	136016.0	0.7790953587357616	0.957887872915761	0.9999559555212484	0.34345133033858805	0.656548669661412	0.656548669661412	HG003	hg38	-1	-2	roche	deep19r
R0-HG003-10x-0-D0-PCR-FREE-ROCHE-SBX-DUPLEX-roche-deep19r-DEL_gt50	DEL_gt50	R0-HG003-10x-0-D0-PCR-FREE-ROCHE-SBX-DUPLEX	3088286401.0	3088286263.0	115.0	23.0	478.0	0.07198748043818466	0.16666666666666666	0.9999998452216261	0.9540918163672655	0.04590818363273452	0.04590818363273453	HG003	hg38	-1	-2	roche	deep19r
R0-HG003-10x-0-D0-PCR-FREE-ROCHE-SBX-DUPLEX-roche-deep19r-Indel_50	Indel_50	R0-HG003-10x-0-D0-PCR-FREE-ROCHE-SBX-DUPLEX	3088286401.0	3088247984.0	1188.0	37229.0	39314.0	0.6476861517049408	0.9690761902282844	0.9999872699667465	0.5136197954091164	0.4863802045908836	0.48638020459088355	HG003	hg38	-1	-2	roche	deep19r
R0-HG003-10x-0-D0-PCR-FREE-ROCHE-SBX-DUPLEX-roche-deep19r-Indel_gt50	Indel_gt50	R0-HG003-10x-0-D0-PCR-FREE-ROCHE-SBX-DUPLEX	3088286401.0	3088285020.0	152.0	1229.0	1400.0	0.6129675810473816	0.8899348298334541	0.9999995466741715	0.5325218714340053	0.4674781285659947	0.4674781285659947	HG003	hg38	-1	-2	roche	deep19r
R0-HG003-10x-0-D0-PCR-FREE-ROCHE-SBX-DUPLEX-roche-deep19r-All	All	R0-HG003-10x-0-D0-PCR-FREE-ROCHE-SBX-DUPLEX	3088286401.0	3084286508.0	126336.0	3873557.0	672766.0	0.906496395597771	0.9684151551053991	0.9997819206218799	0.14798024689402842	0.8520197531059716	0.8520197531059716	HG003	hg38	-1	-2	roche	deep19r
R0-HG003-10x-0-D0-PCR-FREE-ROCHE-SBX-DUPLEX-roche-deep19r-SNPts	SNPts	R0-HG003-10x-0-D0-PCR-FREE-ROCHE-SBX-DUPLEX	2505355380.0	2503152219.0	32142.0	2171019.0	1214.0	0.9923764579829839	0.9854109617953477	0.9999995150117512	0.0005588719073874672	0.9994411280926125	0.9994411280926125	HG003	giabHC_x_ultima	-1	-2	roche	deep19r
R0-HG003-10x-0-D0-PCR-FREE-ROCHE-SBX-DUPLEX-roche-deep19r-SNPtv	SNPtv	R0-HG003-10x-0-D0-PCR-FREE-ROCHE-SBX-DUPLEX	2505355380.0	2504320789.0	16788.0	1017803.0	839.0	0.9914150025837302	0.9837732978539345	0.9999996649791342	0.0008236455987481372	0.9991763544012519	0.9991763544012519	HG003	giabHC_x_ultima	-1	-2	roche	deep19r
R0-HG003-10x-0-D0-PCR-FREE-ROCHE-SBX-DUPLEX-roche-deep19r-INS_50	INS_50	R0-HG003-10x-0-D0-PCR-FREE-ROCHE-SBX-DUPLEX	2505355380.0	2505200967.0	5492.0	148921.0	574.0	0.9800400121089277	0.9644330464403904	0.9999997708767177	0.0038395932974346967	0.9961604067025653	0.9961604067025653	HG003	giabHC_x_ultima	-1	-2	roche	deep19r
R0-HG003-10x-0-D0-PCR-FREE-ROCHE-SBX-DUPLEX-roche-deep19r-INS_gt50	INS_gt50	R0-HG003-10x-0-D0-PCR-FREE-ROCHE-SBX-DUPLEX	2505355380.0	2505355380.0	0.0	0.0	0.0			1.0				HG003	giabHC_x_ultima	-1	-2	roche	deep19r
R0-HG003-10x-0-D0-PCR-FREE-ROCHE-SBX-DUPLEX-roche-deep19r-DEL_50	DEL_50	R0-HG003-10x-0-D0-PCR-FREE-ROCHE-SBX-DUPLEX	2505355380.0	2505189077.0	3740.0	162563.0	395.0	0.9874415737059659	0.9775109288467436	0.9999998423272952	0.0024239374562770775	0.9975760625437229	0.9975760625437229	HG003	giabHC_x_ultima	-1	-2	roche	deep19r
R0-HG003-10x-0-D0-PCR-FREE-ROCHE-SBX-DUPLEX-roche-deep19r-DEL_gt50	DEL_gt50	R0-HG003-10x-0-D0-PCR-FREE-ROCHE-SBX-DUPLEX	2505355380.0	2505355380.0	0.0	0.0	1.0			0.9999999996008551	1.0	0.0	0.0	HG003	giabHC_x_ultima	-1	-2	roche	deep19r
R0-HG003-10x-0-D0-PCR-FREE-ROCHE-SBX-DUPLEX-roche-deep19r-Indel_50	Indel_50	R0-HG003-10x-0-D0-PCR-FREE-ROCHE-SBX-DUPLEX	2505355380.0	2505342992.0	180.0	12208.0	26.0	0.9916334984972789	0.9854698094930578	0.9999999896221795	0.002125224783390551	0.9978747752166095	0.9978747752166095	HG003	giabHC_x_ultima	-1	-2	roche	deep19r
R0-HG003-10x-0-D0-PCR-FREE-ROCHE-SBX-DUPLEX-roche-deep19r-Indel_gt50	Indel_gt50	R0-HG003-10x-0-D0-PCR-FREE-ROCHE-SBX-DUPLEX	2505355380.0	2505355068.0	2.0	310.0	1.0	0.9951845906902087	0.9935897435897436	0.999999999600855	0.003215434083601286	0.9967845659163987	0.9967845659163987	HG003	giabHC_x_ultima	-1	-2	roche	deep19r
R0-HG003-10x-0-D0-PCR-FREE-ROCHE-SBX-DUPLEX-roche-deep19r-All	All	R0-HG003-10x-0-D0-PCR-FREE-ROCHE-SBX-DUPLEX	2505355380.0	2501784212.0	58344.0	3512824.0	3050.0	0.9913371474304795	0.9836624880151256	0.9999987808715608	0.0008674941138391194	0.9991325058861609	0.9991325058861609	HG003	giabHC_x_ultima	-1	-2	roche	deep19r
R0-HG003-10x-0-D0-PCR-FREE-ROCHE-SBX-DUPLEX-roche-deep19r-SNPts	SNPts	R0-HG003-10x-0-D0-PCR-FREE-ROCHE-SBX-DUPLEX	2799325643.0	2797071255.0	34591.0	2219797.0	135844.0	0.9630295167340597	0.9846561461469809	0.9999514358446865	0.05766753083343345	0.9423324691665665	0.9423324691665665	HG003	ultima	-1	-2	roche	deep19r
R0-HG003-10x-0-D0-PCR-FREE-ROCHE-SBX-DUPLEX-roche-deep19r-SNPtv	SNPtv	R0-HG003-10x-0-D0-PCR-FREE-ROCHE-SBX-DUPLEX	2799325643.0	2798266617.0	18053.0	1040973.0	74028.0	0.9576449602511835	0.9829532041706247	0.9999735457510749	0.06639276556702639	0.9336072344329736	0.9336072344329736	HG003	ultima	-1	-2	roche	deep19r
R0-HG003-10x-0-D0-PCR-FREE-ROCHE-SBX-DUPLEX-roche-deep19r-INS_50	INS_50	R0-HG003-10x-0-D0-PCR-FREE-ROCHE-SBX-DUPLEX	2799325643.0	2799160783.0	6590.0	158270.0	23598.0	0.9129346346415633	0.9600266893121436	0.9999915696871703	0.12975344755536983	0.8702465524446301	0.8702465524446301	HG003	ultima	-1	-2	roche	deep19r
R0-HG003-10x-0-D0-PCR-FREE-ROCHE-SBX-DUPLEX-roche-deep19r-INS_gt50	INS_gt50	R0-HG003-10x-0-D0-PCR-FREE-ROCHE-SBX-DUPLEX	2799325643.0	2799325547.0	92.0	4.0	46.0	0.0547945205479452	0.041666666666666664	0.9999999835674707	0.92	0.07999999999999996	0.08	HG003	ultima	-1	-2	roche	deep19r
R0-HG003-10x-0-D0-PCR-FREE-ROCHE-SBX-DUPLEX-roche-deep19r-DEL_50	DEL_50	R0-HG003-10x-0-D0-PCR-FREE-ROCHE-SBX-DUPLEX	2799325643.0	2799147116.0	4968.0	173559.0	29938.0	0.9086287772495968	0.9721722764623838	0.9999893047136988	0.14711764792601364	0.8528823520739863	0.8528823520739863	HG003	ultima	-1	-2	roche	deep19r
R0-HG003-10x-0-D0-PCR-FREE-ROCHE-SBX-DUPLEX-roche-deep19r-DEL_gt50	DEL_gt50	R0-HG003-10x-0-D0-PCR-FREE-ROCHE-SBX-DUPLEX	2799325643.0	2799325554.0	72.0	17.0	123.0	0.148471615720524	0.19101123595505617	0.9999999560608467	0.8785714285714286	0.12142857142857144	0.12142857142857143	HG003	ultima	-1	-2	roche	deep19r
R0-HG003-10x-0-D0-PCR-FREE-ROCHE-SBX-DUPLEX-roche-deep19r-Indel_50	Indel_50	R0-HG003-10x-0-D0-PCR-FREE-ROCHE-SBX-DUPLEX	2799325643.0	2799310112.0	266.0	15265.0	2311.0	0.9221614764249252	0.9828729637499195	0.99999917444013	0.13148611743286298	0.868513882567137	0.868513882567137	HG003	ultima	-1	-2	roche	deep19r
R0-HG003-10x-0-D0-PCR-FREE-ROCHE-SBX-DUPLEX-roche-deep19r-Indel_gt50	Indel_gt50	R0-HG003-10x-0-D0-PCR-FREE-ROCHE-SBX-DUPLEX	2799325643.0	2799324834.0	28.0	781.0	352.0	0.8043254376930998	0.965389369592089	0.9999998742554093	0.3106796116504854	0.6893203883495146	0.6893203883495146	HG003	ultima	-1	-2	roche	deep19r
R0-HG003-10x-0-D0-PCR-FREE-ROCHE-SBX-DUPLEX-roche-deep19r-All	All	R0-HG003-10x-0-D0-PCR-FREE-ROCHE-SBX-DUPLEX	2799325643.0	2795652317.0	64660.0	3608666.0	266240.0	0.9561619197714113	0.9823974240238955	0.9999047754809118	0.06870876351581173	0.9312912364841883	0.9312912364841882	HG003	ultima	-1	-2	roche	deep19r
R0-HG003-10x-0-D0-PCR-FREE-ROCHE-SBX-DUPLEX-roche-deep19r-SNPts	SNPts	R0-HG003-10x-0-D0-PCR-FREE-ROCHE-SBX-DUPLEX	377862616.0	377589321.0	7788.0	265507.0	23620.0	0.944155811828129	0.9715033205876434	0.9999374491776223	0.08169420358527567	0.9183057964147243	0.9183057964147243	HG003	clinvar_genes	-1	-2	roche	deep19r
R0-HG003-10x-0-D0-PCR-FREE-ROCHE-SBX-DUPLEX-roche-deep19r-SNPtv	SNPtv	R0-HG003-10x-0-D0-PCR-FREE-ROCHE-SBX-DUPLEX	377862616.0	377738200.0	3782.0	120634.0	14512.0	0.9295197293902804	0.9696019804526749	0.9999615833333845	0.10738016663460258	0.8926198333653974	0.8926198333653974	HG003	clinvar_genes	-1	-2	roche	deep19r
R0-HG003-10x-0-D0-PCR-FREE-ROCHE-SBX-DUPLEX-roche-deep19r-INS_50	INS_50	R0-HG003-10x-0-D0-PCR-FREE-ROCHE-SBX-DUPLEX	377862616.0	377833363.0	1945.0	27308.0	13555.0	0.7789377602829596	0.9335110928793628	0.9999641256833012	0.3317181802608717	0.6682818197391283	0.6682818197391283	HG003	clinvar_genes	-1	-2	roche	deep19r
R0-HG003-10x-0-D0-PCR-FREE-ROCHE-SBX-DUPLEX-roche-deep19r-INS_gt50	INS_gt50	R0-HG003-10x-0-D0-PCR-FREE-ROCHE-SBX-DUPLEX	377862616.0	377862586.0	27.0	3.0	40.0	0.08219178082191782	0.1	0.9999998941414228	0.9302325581395349	0.06976744186046513	0.06976744186046512	HG003	clinvar_genes	-1	-2	roche	deep19r
R0-HG003-10x-0-D0-PCR-FREE-ROCHE-SBX-DUPLEX-roche-deep19r-DEL_50	DEL_50	R0-HG003-10x-0-D0-PCR-FREE-ROCHE-SBX-DUPLEX	377862616.0	377831720.0	1270.0	29626.0	14479.0	0.7900161331182249	0.9588943552563438	0.9999616801755891	0.3282847749688244	0.6717152250311755	0.6717152250311756	HG003	clinvar_genes	-1	-2	roche	deep19r
R0-HG003-10x-0-D0-PCR-FREE-ROCHE-SBX-DUPLEX-roche-deep19r-DEL_gt50	DEL_gt50	R0-HG003-10x-0-D0-PCR-FREE-ROCHE-SBX-DUPLEX	377862616.0	377862598.0	16.0	2.0	66.0	0.04651162790697674	0.1111111111111111	0.9999998253333651	0.9705882352941176	0.02941176470588236	0.029411764705882353	HG003	clinvar_genes	-1	-2	roche	deep19r
R0-HG003-10x-0-D0-PCR-FREE-ROCHE-SBX-DUPLEX-roche-deep19r-Indel_50	Indel_50	R0-HG003-10x-0-D0-PCR-FREE-ROCHE-SBX-DUPLEX	377862616.0	377858768.0	96.0	3752.0	4135.0	0.6394546229228804	0.975051975051975	0.9999890568775945	0.5242804615189552	0.47571953848104476	0.47571953848104476	HG003	clinvar_genes	-1	-2	roche	deep19r
R0-HG003-10x-0-D0-PCR-FREE-ROCHE-SBX-DUPLEX-roche-deep19r-Indel_gt50	Indel_gt50	R0-HG003-10x-0-D0-PCR-FREE-ROCHE-SBX-DUPLEX	377862616.0	377862471.0	20.0	125.0	141.0	0.6082725060827251	0.8620689655172413	0.9999996268485012	0.5300751879699248	0.4699248120300752	0.4699248120300752	HG003	clinvar_genes	-1	-2	roche	deep19r
R0-HG003-10x-0-D0-PCR-FREE-ROCHE-SBX-DUPLEX-roche-deep19r-All	All	R0-HG003-10x-0-D0-PCR-FREE-ROCHE-SBX-DUPLEX	377862616.0	377400715.0	14944.0	446957.0	70548.0	0.9127103570939938	0.9676467468137112	0.9998131036534031	0.13632332054762755	0.8636766794523725	0.8636766794523725	HG003	clinvar_genes	-1	-2	roche	deep19r
R0-HG003-10x-0-D0-PCR-FREE-ROCHE-SBX-DUPLEX-roche-deep19r-SNPts	SNPts	R0-HG003-10x-0-D0-PCR-FREE-ROCHE-SBX-DUPLEX	2528531102.0	2526276176.0	54451.0	2200475.0	1764.0	0.987387722913556	0.9758524226515637	0.9999993017395385	0.0008010029792406728	0.9991989970207593	0.9991989970207593	HG003	giabHC	-1	-2	roche	deep19r
R0-HG003-10x-0-D0-PCR-FREE-ROCHE-SBX-DUPLEX-roche-deep19r-SNPtv	SNPtv	R0-HG003-10x-0-D0-PCR-FREE-ROCHE-SBX-DUPLEX	2528531102.0	2527459035.0	29377.0	1042690.0	1168.0	0.9855642331368077	0.9725977947273817	0.9999995378760075	0.0011189261374631415	0.9988810738625369	0.9988810738625369	HG003	giabHC	-1	-2	roche	deep19r
R0-HG003-10x-0-D0-PCR-FREE-ROCHE-SBX-DUPLEX-roche-deep19r-INS_50	INS_50	R0-HG003-10x-0-D0-PCR-FREE-ROCHE-SBX-DUPLEX	2528531102.0	2528300948.0	12670.0	217484.0	1299.0	0.9688842755219552	0.9449499031083536	0.9999994862164912	0.0059373900165917825	0.9940626099834082	0.9940626099834082	HG003	giabHC	-1	-2	roche	deep19r
R0-HG003-10x-0-D0-PCR-FREE-ROCHE-SBX-DUPLEX-roche-deep19r-INS_gt50	INS_gt50	R0-HG003-10x-0-D0-PCR-FREE-ROCHE-SBX-DUPLEX	2528531102.0	2528531101.0	1.0	0.0	0.0		0.0	1.0				HG003	giabHC	-1	-2	roche	deep19r
R0-HG003-10x-0-D0-PCR-FREE-ROCHE-SBX-DUPLEX-roche-deep19r-DEL_50	DEL_50	R0-HG003-10x-0-D0-PCR-FREE-ROCHE-SBX-DUPLEX	2528531102.0	2528287167.0	7687.0	236248.0	1744.0	0.980430646135203	0.9684875069178265	0.9999993102054151	0.007327977411005412	0.9926720225889946	0.9926720225889946	HG003	giabHC	-1	-2	roche	deep19r
R0-HG003-10x-0-D0-PCR-FREE-ROCHE-SBX-DUPLEX-roche-deep19r-DEL_gt50	DEL_gt50	R0-HG003-10x-0-D0-PCR-FREE-ROCHE-SBX-DUPLEX	2528531102.0	2528531102.0	0.0	0.0	1.0			0.9999999996045135	1.0	0.0	0.0	HG003	giabHC	-1	-2	roche	deep19r
R0-HG003-10x-0-D0-PCR-FREE-ROCHE-SBX-DUPLEX-roche-deep19r-Indel_50	Indel_50	R0-HG003-10x-0-D0-PCR-FREE-ROCHE-SBX-DUPLEX	2528531102.0	2528501147.0	570.0	29385.0	203.0	0.9870177854659657	0.9809714571857787	0.999999919715289	0.006860889549817494	0.9931391104501825	0.9931391104501825	HG003	giabHC	-1	-2	roche	deep19r
R0-HG003-10x-0-D0-PCR-FREE-ROCHE-SBX-DUPLEX-roche-deep19r-Indel_gt50	Indel_gt50	R0-HG003-10x-0-D0-PCR-FREE-ROCHE-SBX-DUPLEX	2528531102.0	2528530705.0	17.0	380.0	2.0	0.975609756097561	0.9571788413098237	0.9999999992090268	0.005235602094240838	0.9947643979057592	0.9947643979057592	HG003	giabHC	-1	-2	roche	deep19r
R0-HG003-10x-0-D0-PCR-FREE-ROCHE-SBX-DUPLEX-roche-deep19r-All	All	R0-HG003-10x-0-D0-PCR-FREE-ROCHE-SBX-DUPLEX	2528531102.0	2524699667.0	104773.0	3726662.0	6181.0	0.9853318452864899	0.9726543710124275	0.9999975517940021	0.0016558424771682067	0.9983441575228318	0.9983441575228318	HG003	giabHC	-1	-2	roche	deep19r
R0-HG003-10x-0-D0-PCR-FREE-ROCHE-SBX-DUPLEX-roche-deep19r-SNPts	SNPts	R0-HG003-10x-0-D0-PCR-FREE-ROCHE-SBX-DUPLEX	337668665.0	337403087.0	6734.0	258844.0	281.0	0.9866305319390208	0.9746439840649451	0.9999991671689537	0.0010844187168355041	0.9989155812831645	0.9989155812831645	HG003	giabHC_x_clinvar_genes	-1	-2	roche	deep19r
R0-HG003-10x-0-D0-PCR-FREE-ROCHE-SBX-DUPLEX-roche-deep19r-SNPtv	SNPtv	R0-HG003-10x-0-D0-PCR-FREE-ROCHE-SBX-DUPLEX	337668665.0	337548361.0	3172.0	117132.0	168.0	0.9859429975926332	0.9736334618965288	0.9999995022937872	0.001432225063938619	0.9985677749360614	0.9985677749360614	HG003	giabHC_x_clinvar_genes	-1	-2	roche	deep19r
R0-HG003-10x-0-D0-PCR-FREE-ROCHE-SBX-DUPLEX-roche-deep19r-INS_50	INS_50	R0-HG003-10x-0-D0-PCR-FREE-ROCHE-SBX-DUPLEX	337668665.0	337642256.0	1456.0	24953.0	148.0	0.96886041545331	0.9448672800939074	0.999999561666431	0.005896179435082268	0.9941038205649178	0.9941038205649178	HG003	giabHC_x_clinvar_genes	-1	-2	roche	deep19r
R0-HG003-10x-0-D0-PCR-FREE-ROCHE-SBX-DUPLEX-roche-deep19r-INS_gt50	INS_gt50	R0-HG003-10x-0-D0-PCR-FREE-ROCHE-SBX-DUPLEX	337668665.0	337668665.0	0.0	0.0	0.0			1.0				HG003	giabHC_x_clinvar_genes	-1	-2	roche	deep19r
R0-HG003-10x-0-D0-PCR-FREE-ROCHE-SBX-DUPLEX-roche-deep19r-DEL_50	DEL_50	R0-HG003-10x-0-D0-PCR-FREE-ROCHE-SBX-DUPLEX	337668665.0	337640656.0	887.0	27122.0	196.0	0.9804254703851646	0.9683316076975258	0.999999419501524	0.007174756570759206	0.9928252434292408	0.9928252434292408	HG003	giabHC_x_clinvar_genes	-1	-2	roche	deep19r
R0-HG003-10x-0-D0-PCR-FREE-ROCHE-SBX-DUPLEX-roche-deep19r-DEL_gt50	DEL_gt50	R0-HG003-10x-0-D0-PCR-FREE-ROCHE-SBX-DUPLEX	337668665.0	337668665.0	0.0	0.0	0.0			1.0				HG003	giabHC_x_clinvar_genes	-1	-2	roche	deep19r
R0-HG003-10x-0-D0-PCR-FREE-ROCHE-SBX-DUPLEX-roche-deep19r-Indel_50	Indel_50	R0-HG003-10x-0-D0-PCR-FREE-ROCHE-SBX-DUPLEX	337668665.0	337665663.0	43.0	2959.0	23.0	0.988970588235294	0.9856762158560959	0.9999999318852908	0.0077129443326626424	0.9922870556673373	0.9922870556673373	HG003	giabHC_x_clinvar_genes	-1	-2	roche	deep19r
R0-HG003-10x-0-D0-PCR-FREE-ROCHE-SBX-DUPLEX-roche-deep19r-Indel_gt50	Indel_gt50	R0-HG003-10x-0-D0-PCR-FREE-ROCHE-SBX-DUPLEX	337668665.0	337668628.0	1.0	36.0	0.0	0.9863013698630138	0.972972972972973	1.0	0.0	1.0	1.0	HG003	giabHC_x_clinvar_genes	-1	-2	roche	deep19r
R0-HG003-10x-0-D0-PCR-FREE-ROCHE-SBX-DUPLEX-roche-deep19r-All	All	R0-HG003-10x-0-D0-PCR-FREE-ROCHE-SBX-DUPLEX	337668665.0	337225326.0	12293.0	431046.0	816.0	0.9850217264376985	0.9722717829922475	0.999997580258769	0.0018894924767634104	0.9981105075232366	0.9981105075232366	HG003	giabHC_x_clinvar_genes	-1	-2	roche	deep19r
R0-HG003-10x-0-D0-PCR-FREE-ROCHE-SBX-DUPLEX-roche-deep19r-SNPts	SNPts	R0-HG003-10x-0-D0-PCR-FREE-ROCHE-SBX-DUPLEX	332544085.0	332287244.0	3374.0	253467.0	143.0	0.9931100144773936	0.986863468060006	0.9999995696496298	0.0005638578920389574	0.9994361421079611	0.9994361421079611	HG003	giabHC_x_ultima_x_clinvar	-1	-2	roche	deep19r
R0-HG003-10x-0-D0-PCR-FREE-ROCHE-SBX-DUPLEX-roche-deep19r-SNPtv	SNPtv	R0-HG003-10x-0-D0-PCR-FREE-ROCHE-SBX-DUPLEX	332544085.0	332429449.0	1578.0	113058.0	91.0	0.9926729152490288	0.986234690673087	0.9999997262577808	0.0008042492642444918	0.9991957507357555	0.9991957507357555	HG003	giabHC_x_ultima_x_clinvar	-1	-2	roche	deep19r
R0-HG003-10x-0-D0-PCR-FREE-ROCHE-SBX-DUPLEX-roche-deep19r-INS_50	INS_50	R0-HG003-10x-0-D0-PCR-FREE-ROCHE-SBX-DUPLEX	332544085.0	332526531.0	588.0	16966.0	65.0	0.9811189822177244	0.9665033610573088	0.9999998045269137	0.0038165697845105985	0.9961834302154894	0.9961834302154894	HG003	giabHC_x_ultima_x_clinvar	-1	-2	roche	deep19r
R0-HG003-10x-0-D0-PCR-FREE-ROCHE-SBX-DUPLEX-roche-deep19r-INS_gt50	INS_gt50	R0-HG003-10x-0-D0-PCR-FREE-ROCHE-SBX-DUPLEX	332544085.0	332544085.0	0.0	0.0	0.0			1.0				HG003	giabHC_x_ultima_x_clinvar	-1	-2	roche	deep19r
R0-HG003-10x-0-D0-PCR-FREE-ROCHE-SBX-DUPLEX-roche-deep19r-DEL_50	DEL_50	R0-HG003-10x-0-D0-PCR-FREE-ROCHE-SBX-DUPLEX	332544085.0	332525091.0	415.0	18579.0	40.0	0.9879031186026107	0.9781509950510687	0.99999987970834	0.0021483430903915354	0.9978516569096084	0.9978516569096084	HG003	giabHC_x_ultima_x_clinvar	-1	-2	roche	deep19r
R0-HG003-10x-0-D0-PCR-FREE-ROCHE-SBX-DUPLEX-roche-deep19r-DEL_gt50	DEL_gt50	R0-HG003-10x-0-D0-PCR-FREE-ROCHE-SBX-DUPLEX	332544085.0	332544085.0	0.0	0.0	0.0			1.0				HG003	giabHC_x_ultima_x_clinvar	-1	-2	roche	deep19r
R0-HG003-10x-0-D0-PCR-FREE-ROCHE-SBX-DUPLEX-roche-deep19r-Indel_50	Indel_50	R0-HG003-10x-0-D0-PCR-FREE-ROCHE-SBX-DUPLEX	332544085.0	332542908.0	10.0	1167.0	6.0	0.9931914893617021	0.9915038232795242	0.999999981957216	0.005115089514066497	0.9948849104859335	0.9948849104859335	HG003	giabHC_x_ultima_x_clinvar	-1	-2	roche	deep19r
R0-HG003-10x-0-D0-PCR-FREE-ROCHE-SBX-DUPLEX-roche-deep19r-Indel_gt50	Indel_gt50	R0-HG003-10x-0-D0-PCR-FREE-ROCHE-SBX-DUPLEX	332544085.0	332544058.0	0.0	27.0	0.0	1.0	1.0	1.0	0.0	1.0	1.0	HG003	giabHC_x_ultima_x_clinvar	-1	-2	roche	deep19r
R0-HG003-10x-0-D0-PCR-FREE-ROCHE-SBX-DUPLEX-roche-deep19r-All	All	R0-HG003-10x-0-D0-PCR-FREE-ROCHE-SBX-DUPLEX	332544085.0	332134856.0	5965.0	403264.0	345.0	0.9922370755304254	0.9854238091630847	0.999998961266379	0.000854787678173678	0.9991452123218263	0.9991452123218263	HG003	giabHC_x_ultima_x_clinvar	-1	-2	roche	deep19r
R0-HG003-15x-0-D0-PCR-FREE-ROCHE-SBX-DUPLEX-roche-deep19r-SNPts	SNPts	R0-HG003-15x-0-D0-PCR-FREE-ROCHE-SBX-DUPLEX	2799325643.0	2797071277.0	17159.0	2237207.0	137296.0	0.9666322378101433	0.9923885473787308	0.9999509167813494	0.057820941898157216	0.9421790581018428	0.9421790581018428	HG003	ultima	-1	-2	roche	deep19r
R0-HG003-15x-0-D0-PCR-FREE-ROCHE-SBX-DUPLEX-roche-deep19r-SNPtv	SNPtv	R0-HG003-15x-0-D0-PCR-FREE-ROCHE-SBX-DUPLEX	2799325643.0	2798266627.0	9614.0	1049402.0	75170.0	0.9611721625141739	0.9909217613331621	0.9999731376631401	0.06684320790487404	0.9331567920951259	0.9331567920951259	HG003	ultima	-1	-2	roche	deep19r
R0-HG003-15x-0-D0-PCR-FREE-ROCHE-SBX-DUPLEX-roche-deep19r-INS_50	INS_50	R0-HG003-15x-0-D0-PCR-FREE-ROCHE-SBX-DUPLEX	2799325643.0	2799161467.0	2718.0	161458.0	24345.0	0.9226725032073353	0.9834445960432706	0.9999913028281668	0.13102587148754327	0.8689741285124567	0.8689741285124567	HG003	ultima	-1	-2	roche	deep19r
R0-HG003-15x-0-D0-PCR-FREE-ROCHE-SBX-DUPLEX-roche-deep19r-INS_gt50	INS_gt50	R0-HG003-15x-0-D0-PCR-FREE-ROCHE-SBX-DUPLEX	2799325643.0	2799325548.0	88.0	7.0	73.0	0.08	0.07368421052631578	0.9999999739222907	0.9125	0.08750000000000002	0.0875	HG003	ultima	-1	-2	roche	deep19r
R0-HG003-15x-0-D0-PCR-FREE-ROCHE-SBX-DUPLEX-roche-deep19r-DEL_50	DEL_50	R0-HG003-15x-0-D0-PCR-FREE-ROCHE-SBX-DUPLEX	2799325643.0	2799148130.0	2096.0	175417.0	30935.0	0.9139515194143774	0.9881924140767155	0.9999889485455266	0.14991373962937118	0.8500862603706288	0.8500862603706288	HG003	ultima	-1	-2	roche	deep19r
R0-HG003-15x-0-D0-PCR-FREE-ROCHE-SBX-DUPLEX-roche-deep19r-DEL_gt50	DEL_gt50	R0-HG003-15x-0-D0-PCR-FREE-ROCHE-SBX-DUPLEX	2799325643.0	2799325554.0	66.0	23.0	171.0	0.16254416961130744	0.25842696629213485	0.9999999389138611	0.8814432989690721	0.11855670103092786	0.11855670103092783	HG003	ultima	-1	-2	roche	deep19r
R0-HG003-15x-0-D0-PCR-FREE-ROCHE-SBX-DUPLEX-roche-deep19r-Indel_50	Indel_50	R0-HG003-15x-0-D0-PCR-FREE-ROCHE-SBX-DUPLEX	2799325643.0	2799308467.0	70.0	17106.0	2609.0	0.9273806619500692	0.9959245458779693	0.9999990679849687	0.13233578493532844	0.8676642150646716	0.8676642150646716	HG003	ultima	-1	-2	roche	deep19r
R0-HG003-15x-0-D0-PCR-FREE-ROCHE-SBX-DUPLEX-roche-deep19r-Indel_gt50	Indel_gt50	R0-HG003-15x-0-D0-PCR-FREE-ROCHE-SBX-DUPLEX	2799325643.0	2799324725.0	16.0	902.0	394.0	0.8148148148148149	0.9825708061002179	0.9999998592517899	0.30401234567901236	0.6959876543209876	0.6959876543209876	HG003	ultima	-1	-2	roche	deep19r
R0-HG003-15x-0-D0-PCR-FREE-ROCHE-SBX-DUPLEX-roche-deep19r-All	All	R0-HG003-15x-0-D0-PCR-FREE-ROCHE-SBX-DUPLEX	2799325643.0	2795652294.0	31827.0	3641522.0	270993.0	0.960081013843644	0.9913356993849481	0.9999030756668968	0.06926312103595769	0.9307368789640423	0.9307368789640423	HG003	ultima	-1	-2	roche	deep19r
R0-HG003-15x-0-D0-PCR-FREE-ROCHE-SBX-DUPLEX-roche-deep19r-SNPts	SNPts	R0-HG003-15x-0-D0-PCR-FREE-ROCHE-SBX-DUPLEX	332544085.0	332287245.0	1627.0	255213.0	120.0	0.9965890431553401	0.9936653169288273	0.9999996388667983	0.0004699745038831643	0.9995300254961168	0.9995300254961168	HG003	giabHC_x_ultima_x_clinvar	-1	-2	roche	deep19r
R0-HG003-15x-0-D0-PCR-FREE-ROCHE-SBX-DUPLEX-roche-deep19r-SNPtv	SNPtv	R0-HG003-15x-0-D0-PCR-FREE-ROCHE-SBX-DUPLEX	332544085.0	332429450.0	840.0	113795.0	82.0	0.9959652009522476	0.9926723949928032	0.9999997533311812	0.0007200751688225015	0.9992799248311774	0.9992799248311774	HG003	giabHC_x_ultima_x_clinvar	-1	-2	roche	deep19r
R0-HG003-15x-0-D0-PCR-FREE-ROCHE-SBX-DUPLEX-roche-deep19r-INS_50	INS_50	R0-HG003-15x-0-D0-PCR-FREE-ROCHE-SBX-DUPLEX	332544085.0	332526585.0	233.0	17267.0	36.0	0.9922707812544895	0.9866857142857143	0.9999998917379911	0.0020805640640351383	0.9979194359359649	0.9979194359359649	HG003	giabHC_x_ultima_x_clinvar	-1	-2	roche	deep19r
R0-HG003-15x-0-D0-PCR-FREE-ROCHE-SBX-DUPLEX-roche-deep19r-INS_gt50	INS_gt50	R0-HG003-15x-0-D0-PCR-FREE-ROCHE-SBX-DUPLEX	332544085.0	332544085.0	0.0	0.0	0.0			1.0				HG003	giabHC_x_ultima_x_clinvar	-1	-2	roche	deep19r
R0-HG003-15x-0-D0-PCR-FREE-ROCHE-SBX-DUPLEX-roche-deep19r-DEL_50	DEL_50	R0-HG003-15x-0-D0-PCR-FREE-ROCHE-SBX-DUPLEX	332544085.0	332525146.0	142.0	18797.0	20.0	0.9957092912384786	0.9925022440466762	0.9999999398541763	0.001062868682574268	0.9989371313174258	0.9989371313174258	HG003	giabHC_x_ultima_x_clinvar	-1	-2	roche	deep19r
R0-HG003-15x-0-D0-PCR-FREE-ROCHE-SBX-DUPLEX-roche-deep19r-DEL_gt50	DEL_gt50	R0-HG003-15x-0-D0-PCR-FREE-ROCHE-SBX-DUPLEX	332544085.0	332544085.0	0.0	0.0	0.0			1.0				HG003	giabHC_x_ultima_x_clinvar	-1	-2	roche	deep19r
R0-HG003-15x-0-D0-PCR-FREE-ROCHE-SBX-DUPLEX-roche-deep19r-Indel_50	Indel_50	R0-HG003-15x-0-D0-PCR-FREE-ROCHE-SBX-DUPLEX	332544085.0	332542801.0	3.0	1281.0	5.0	0.9968871595330738	0.9976635514018691	0.9999999849643417	0.0038880248833592537	0.9961119751166407	0.9961119751166407	HG003	giabHC_x_ultima_x_clinvar	-1	-2	roche	deep19r
R0-HG003-15x-0-D0-PCR-FREE-ROCHE-SBX-DUPLEX-roche-deep19r-Indel_gt50	Indel_gt50	R0-HG003-15x-0-D0-PCR-FREE-ROCHE-SBX-DUPLEX	332544085.0	332544055.0	0.0	30.0	0.0	1.0	1.0	1.0	0.0	1.0	1.0	HG003	giabHC_x_ultima_x_clinvar	-1	-2	roche	deep19r
R0-HG003-15x-0-D0-PCR-FREE-ROCHE-SBX-DUPLEX-roche-deep19r-All	All	R0-HG003-15x-0-D0-PCR-FREE-ROCHE-SBX-DUPLEX	332544085.0	332134857.0	2845.0	406383.0	263.0	0.9961905882525979	0.9930478852864418	0.9999992081535972	0.0006467541793107518	0.9993532458206893	0.9993532458206893	HG003	giabHC_x_ultima_x_clinvar	-1	-2	roche	deep19r
R0-HG003-15x-0-D0-PCR-FREE-ROCHE-SBX-DUPLEX-roche-deep19r-SNPts	SNPts	R0-HG003-15x-0-D0-PCR-FREE-ROCHE-SBX-DUPLEX	377862616.0	377589325.0	5605.0	267686.0	24193.0	0.9472760408372701	0.9794907260026858	0.999935931848711	0.08288708677225837	0.9171129132277416	0.9171129132277416	HG003	clinvar_genes	-1	-2	roche	deep19r
R0-HG003-15x-0-D0-PCR-FREE-ROCHE-SBX-DUPLEX-roche-deep19r-SNPtv	SNPtv	R0-HG003-15x-0-D0-PCR-FREE-ROCHE-SBX-DUPLEX	377862616.0	377738212.0	2802.0	121602.0	15004.0	0.9317803915558791	0.977476608469181	0.9999602809470192	0.1098341214880752	0.8901658785119249	0.8901658785119249	HG003	clinvar_genes	-1	-2	roche	deep19r
R0-HG003-15x-0-D0-PCR-FREE-ROCHE-SBX-DUPLEX-roche-deep19r-INS_50	INS_50	R0-HG003-15x-0-D0-PCR-FREE-ROCHE-SBX-DUPLEX	377862616.0	377833516.0	1073.0	28027.0	14576.0	0.7817525068686108	0.963127147766323	0.9999614236506453	0.3421355303617116	0.6578644696382884	0.6578644696382884	HG003	clinvar_genes	-1	-2	roche	deep19r
R0-HG003-15x-0-D0-PCR-FREE-ROCHE-SBX-DUPLEX-roche-deep19r-INS_gt50	INS_gt50	R0-HG003-15x-0-D0-PCR-FREE-ROCHE-SBX-DUPLEX	377862616.0	377862586.0	26.0	4.0	62.0	0.08333333333333333	0.13333333333333333	0.9999998359192147	0.9393939393939394	0.06060606060606055	0.06060606060606061	HG003	clinvar_genes	-1	-2	roche	deep19r
R0-HG003-15x-0-D0-PCR-FREE-ROCHE-SBX-DUPLEX-roche-deep19r-DEL_50	DEL_50	R0-HG003-15x-0-D0-PCR-FREE-ROCHE-SBX-DUPLEX	377862616.0	377831840.0	707.0	30069.0	14977.0	0.7931471076996123	0.9770275539381336	0.9999603622438349	0.3324823513741509	0.6675176486258492	0.6675176486258492	HG003	clinvar_genes	-1	-2	roche	deep19r
R0-HG003-15x-0-D0-PCR-FREE-ROCHE-SBX-DUPLEX-roche-deep19r-DEL_gt50	DEL_gt50	R0-HG003-15x-0-D0-PCR-FREE-ROCHE-SBX-DUPLEX	377862616.0	377862598.0	15.0	3.0	79.0	0.06	0.16666666666666666	0.9999997909293381	0.9634146341463414	0.03658536585365857	0.036585365853658534	HG003	clinvar_genes	-1	-2	roche	deep19r
R0-HG003-15x-0-D0-PCR-FREE-ROCHE-SBX-DUPLEX-roche-deep19r-Indel_50	Indel_50	R0-HG003-15x-0-D0-PCR-FREE-ROCHE-SBX-DUPLEX	377862616.0	377858512.0	53.0	4051.0	4673.0	0.6315871531025881	0.9870857699805068	0.9999876330900032	0.5356487849610271	0.4643512150389729	0.464351215038973	HG003	clinvar_genes	-1	-2	roche	deep19r
R0-HG003-15x-0-D0-PCR-FREE-ROCHE-SBX-DUPLEX-roche-deep19r-Indel_gt50	Indel_gt50	R0-HG003-15x-0-D0-PCR-FREE-ROCHE-SBX-DUPLEX	377862616.0	377862451.0	9.0	156.0	195.0	0.6046511627906976	0.9454545454545454	0.999999483939463	0.5555555555555556	0.4444444444444444	0.4444444444444444	HG003	clinvar_genes	-1	-2	roche	deep19r
R0-HG003-15x-0-D0-PCR-FREE-ROCHE-SBX-DUPLEX-roche-deep19r-All	All	R0-HG003-15x-0-D0-PCR-FREE-ROCHE-SBX-DUPLEX	377862616.0	377400728.0	10290.0	451598.0	73759.0	0.9148651044067077	0.9777218719689622	0.9998045987145087	0.1403978627866384	0.8596021372133615	0.8596021372133615	HG003	clinvar_genes	-1	-2	roche	deep19r
R0-HG003-15x-0-D0-PCR-FREE-ROCHE-SBX-DUPLEX-roche-deep19r-SNPts	SNPts	R0-HG003-15x-0-D0-PCR-FREE-ROCHE-SBX-DUPLEX	3088286401.0	3085963297.0	41903.0	2281201.0	229732.0	0.9438078359764314	0.9819624950066808	0.9999255613638417	0.09149268419348505	0.9085073158065149	0.908507315806515	HG003	hg38	-1	-2	roche	deep19r
R0-HG003-15x-0-D0-PCR-FREE-ROCHE-SBX-DUPLEX-roche-deep19r-SNPtv	SNPtv	R0-HG003-15x-0-D0-PCR-FREE-ROCHE-SBX-DUPLEX	3088286401.0	3087178991.0	23381.0	1084029.0	154681.0	0.9241036264129712	0.978886771836989	0.9999498981916328	0.12487264977274745	0.8751273502272525	0.8751273502272525	HG003	hg38	-1	-2	roche	deep19r
R0-HG003-15x-0-D0-PCR-FREE-ROCHE-SBX-DUPLEX-roche-deep19r-INS_50	INS_50	R0-HG003-15x-0-D0-PCR-FREE-ROCHE-SBX-DUPLEX	3088286401.0	3088030540.0	9273.0	246588.0	134438.0	0.7743540062836892	0.9637576652948281	0.9999564667040273	0.35283156530000576	0.6471684346999942	0.6471684346999942	HG003	hg38	-1	-2	roche	deep19r
R0-HG003-15x-0-D0-PCR-FREE-ROCHE-SBX-DUPLEX-roche-deep19r-INS_gt50	INS_gt50	R0-HG003-15x-0-D0-PCR-FREE-ROCHE-SBX-DUPLEX	3088286401.0	3088286164.0	212.0	25.0	429.0	0.0723589001447178	0.10548523206751055	0.9999998610880217	0.9449339207048458	0.05506607929515417	0.05506607929515418	HG003	hg38	-1	-2	roche	deep19r
R0-HG003-15x-0-D0-PCR-FREE-ROCHE-SBX-DUPLEX-roche-deep19r-DEL_50	DEL_50	R0-HG003-15x-0-D0-PCR-FREE-ROCHE-SBX-DUPLEX	3088286401.0	3088016544.0	5911.0	263946.0	142022.0	0.7811075352347131	0.9780958062974093	0.9999540107811938	0.3498354550112324	0.6501645449887676	0.6501645449887676	HG003	hg38	-1	-2	roche	deep19r
R0-HG003-15x-0-D0-PCR-FREE-ROCHE-SBX-DUPLEX-roche-deep19r-DEL_gt50	DEL_gt50	R0-HG003-15x-0-D0-PCR-FREE-ROCHE-SBX-DUPLEX	3088286401.0	3088286263.0	100.0	38.0	628.0	0.0945273631840796	0.2753623188405797	0.9999997966510165	0.9429429429429429	0.0570570570570571	0.057057057057057055	HG003	hg38	-1	-2	roche	deep19r
R0-HG003-15x-0-D0-PCR-FREE-ROCHE-SBX-DUPLEX-roche-deep19r-Indel_50	Indel_50	R0-HG003-15x-0-D0-PCR-FREE-ROCHE-SBX-DUPLEX	3088286401.0	3088244796.0	501.0	41104.0	45384.0	0.6417837040275425	0.9879581781035933	0.9999853044897484	0.5247433169919526	0.47525668300804735	0.47525668300804735	HG003	hg38	-1	-2	roche	deep19r
R0-HG003-15x-0-D0-PCR-FREE-ROCHE-SBX-DUPLEX-roche-deep19r-Indel_gt50	Indel_gt50	R0-HG003-15x-0-D0-PCR-FREE-ROCHE-SBX-DUPLEX	3088286401.0	3088284823.0	90.0	1488.0	1923.0	0.5965123271196632	0.9429657794676806	0.9999993773246598	0.5637642919964819	0.4362357080035181	0.436235708003518	HG003	hg38	-1	-2	roche	deep19r
R0-HG003-15x-0-D0-PCR-FREE-ROCHE-SBX-DUPLEX-roche-deep19r-All	All	R0-HG003-15x-0-D0-PCR-FREE-ROCHE-SBX-DUPLEX	3088286401.0	3084286611.0	81371.0	3918419.0	709237.0	0.9083612925540189	0.9796561819495524	0.9997701011492577	0.15326052757594774	0.8467394724240522	0.8467394724240522	HG003	hg38	-1	-2	roche	deep19r
R0-HG003-15x-0-D0-PCR-FREE-ROCHE-SBX-DUPLEX-roche-deep19r-SNPts	SNPts	R0-HG003-15x-0-D0-PCR-FREE-ROCHE-SBX-DUPLEX	337668665.0	337403089.0	4696.0	260880.0	251.0	0.9906076813104818	0.9823176793083712	0.9999992560832386	0.0009612033806786632	0.9990387966193214	0.9990387966193214	HG003	giabHC_x_clinvar_genes	-1	-2	roche	deep19r
R0-HG003-15x-0-D0-PCR-FREE-ROCHE-SBX-DUPLEX-roche-deep19r-SNPtv	SNPtv	R0-HG003-15x-0-D0-PCR-FREE-ROCHE-SBX-DUPLEX	337668665.0	337548364.0	2284.0	118017.0	148.0	0.9898014811335788	0.9810142891580286	0.9999995615445048	0.0012524859306901367	0.9987475140693098	0.9987475140693098	HG003	giabHC_x_clinvar_genes	-1	-2	roche	deep19r
R0-HG003-15x-0-D0-PCR-FREE-ROCHE-SBX-DUPLEX-roche-deep19r-INS_50	INS_50	R0-HG003-15x-0-D0-PCR-FREE-ROCHE-SBX-DUPLEX	337668665.0	337642373.0	721.0	25571.0	81.0	0.9845602957030648	0.972577209797657	0.9999997601012579	0.0031576485264306875	0.9968423514735694	0.9968423514735694	HG003	giabHC_x_clinvar_genes	-1	-2	roche	deep19r
R0-HG003-15x-0-D0-PCR-FREE-ROCHE-SBX-DUPLEX-roche-deep19r-INS_gt50	INS_gt50	R0-HG003-15x-0-D0-PCR-FREE-ROCHE-SBX-DUPLEX	337668665.0	337668665.0	0.0	0.0	0.0			1.0				HG003	giabHC_x_clinvar_genes	-1	-2	roche	deep19r
R0-HG003-15x-0-D0-PCR-FREE-ROCHE-SBX-DUPLEX-roche-deep19r-DEL_50	DEL_50	R0-HG003-15x-0-D0-PCR-FREE-ROCHE-SBX-DUPLEX	337668665.0	337640724.0	418.0	27523.0	124.0	0.9902496941785996	0.9850399055151927	0.9999996327458578	0.004485115925778565	0.9955148840742214	0.9955148840742214	HG003	giabHC_x_clinvar_genes	-1	-2	roche	deep19r
R0-HG003-15x-0-D0-PCR-FREE-ROCHE-SBX-DUPLEX-roche-deep19r-DEL_gt50	DEL_gt50	R0-HG003-15x-0-D0-PCR-FREE-ROCHE-SBX-DUPLEX	337668665.0	337668665.0	0.0	0.0	0.0			1.0				HG003	giabHC_x_clinvar_genes	-1	-2	roche	deep19r
R0-HG003-15x-0-D0-PCR-FREE-ROCHE-SBX-DUPLEX-roche-deep19r-Indel_50	Indel_50	R0-HG003-15x-0-D0-PCR-FREE-ROCHE-SBX-DUPLEX	337668665.0	337665485.0	16.0	3164.0	19.0	0.9944994499449944	0.9949685534591195	0.9999999437312969	0.0059692114357524344	0.9940307885642475	0.9940307885642475	HG003	giabHC_x_clinvar_genes	-1	-2	roche	deep19r
R0-HG003-15x-0-D0-PCR-FREE-ROCHE-SBX-DUPLEX-roche-deep19r-Indel_gt50	Indel_gt50	R0-HG003-15x-0-D0-PCR-FREE-ROCHE-SBX-DUPLEX	337668665.0	337668621.0	0.0	44.0	0.0	1.0	1.0	1.0	0.0	1.0	1.0	HG003	giabHC_x_clinvar_genes	-1	-2	roche	deep19r
R0-HG003-15x-0-D0-PCR-FREE-ROCHE-SBX-DUPLEX-roche-deep19r-All	All	R0-HG003-15x-0-D0-PCR-FREE-ROCHE-SBX-DUPLEX	337668665.0	337225331.0	8135.0	435199.0	623.0	0.9900381729749897	0.9816504035332277	0.999998152573986	0.00142948267870828	0.9985705173212918	0.9985705173212918	HG003	giabHC_x_clinvar_genes	-1	-2	roche	deep19r
R0-HG003-15x-0-D0-PCR-FREE-ROCHE-SBX-DUPLEX-roche-deep19r-SNPts	SNPts	R0-HG003-15x-0-D0-PCR-FREE-ROCHE-SBX-DUPLEX	2505355380.0	2503152211.0	15465.0	2187704.0	1000.0	0.9962510300275076	0.9929805657214675	0.9999996005038783	0.00045689138412503475	0.9995431086158749	0.9995431086158749	HG003	giabHC_x_ultima	-1	-2	roche	deep19r
R0-HG003-15x-0-D0-PCR-FREE-ROCHE-SBX-DUPLEX-roche-deep19r-SNPtv	SNPtv	R0-HG003-15x-0-D0-PCR-FREE-ROCHE-SBX-DUPLEX	2505355380.0	2504320789.0	8732.0	1025859.0	823.0	0.9953645150351265	0.9915599497772549	0.9999996713680879	0.0008016114045049977	0.999198388595495	0.999198388595495	HG003	giabHC_x_ultima	-1	-2	roche	deep19r
R0-HG003-15x-0-D0-PCR-FREE-ROCHE-SBX-DUPLEX-roche-deep19r-INS_50	INS_50	R0-HG003-15x-0-D0-PCR-FREE-ROCHE-SBX-DUPLEX	2505355380.0	2505201543.0	2026.0	151811.0	325.0	0.9923163154918898	0.9868302163978757	0.9999998702699354	0.0021362465162749118	0.9978637534837251	0.9978637534837251	HG003	giabHC_x_ultima	-1	-2	roche	deep19r
R0-HG003-15x-0-D0-PCR-FREE-ROCHE-SBX-DUPLEX-roche-deep19r-INS_gt50	INS_gt50	R0-HG003-15x-0-D0-PCR-FREE-ROCHE-SBX-DUPLEX	2505355380.0	2505355380.0	0.0	0.0	1.0			0.9999999996008551	1.0	0.0	0.0	HG003	giabHC_x_ultima	-1	-2	roche	deep19r
R0-HG003-15x-0-D0-PCR-FREE-ROCHE-SBX-DUPLEX-roche-deep19r-DEL_50	DEL_50	R0-HG003-15x-0-D0-PCR-FREE-ROCHE-SBX-DUPLEX	2505355380.0	2505189835.0	1278.0	164267.0	239.0	0.9954037406340231	0.9922800447008366	0.9999999045980572	0.001452834547068192	0.9985471654529318	0.9985471654529318	HG003	giabHC_x_ultima	-1	-2	roche	deep19r
R0-HG003-15x-0-D0-PCR-FREE-ROCHE-SBX-DUPLEX-roche-deep19r-DEL_gt50	DEL_gt50	R0-HG003-15x-0-D0-PCR-FREE-ROCHE-SBX-DUPLEX	2505355380.0	2505355380.0	0.0	0.0	0.0			1.0				HG003	giabHC_x_ultima	-1	-2	roche	deep19r
R0-HG003-15x-0-D0-PCR-FREE-ROCHE-SBX-DUPLEX-roche-deep19r-Indel_50	Indel_50	R0-HG003-15x-0-D0-PCR-FREE-ROCHE-SBX-DUPLEX	2505355380.0	2505341692.0	46.0	13642.0	25.0	0.9974044964357522	0.9966393921683226	0.9999999900213213	0.0018292236774712812	0.9981707763225287	0.9981707763225287	HG003	giabHC_x_ultima	-1	-2	roche	deep19r
R0-HG003-15x-0-D0-PCR-FREE-ROCHE-SBX-DUPLEX-roche-deep19r-Indel_gt50	Indel_gt50	R0-HG003-15x-0-D0-PCR-FREE-ROCHE-SBX-DUPLEX	2505355380.0	2505355016.0	1.0	363.0	0.0	0.9986244841815681	0.9972527472527473	1.0	0.0	1.0	1.0	HG003	giabHC_x_ultima	-1	-2	roche	deep19r
R0-HG003-15x-0-D0-PCR-FREE-ROCHE-SBX-DUPLEX-roche-deep19r-All	All	R0-HG003-15x-0-D0-PCR-FREE-ROCHE-SBX-DUPLEX	2505355380.0	2501784186.0	27548.0	3543646.0	2413.0	0.9957903702453742	0.9922860533479839	0.9999990354892776	0.0006804737315425378	0.9993195262684574	0.9993195262684574	HG003	giabHC_x_ultima	-1	-2	roche	deep19r
R0-HG003-15x-0-D0-PCR-FREE-ROCHE-SBX-DUPLEX-roche-deep19r-SNPts	SNPts	R0-HG003-15x-0-D0-PCR-FREE-ROCHE-SBX-DUPLEX	2528531102.0	2526276185.0	35875.0	2219042.0	1508.0	0.9916471286683602	0.9840903235019294	0.9999994030743318	0.0006791110310508658	0.9993208889689491	0.9993208889689491	HG003	giabHC	-1	-2	roche	deep19r
R0-HG003-15x-0-D0-PCR-FREE-ROCHE-SBX-DUPLEX-roche-deep19r-SNPtv	SNPtv	R0-HG003-15x-0-D0-PCR-FREE-ROCHE-SBX-DUPLEX	2528531102.0	2527459090.0	19879.0	1052133.0	1137.0	0.9901114299184767	0.9814563642944295	0.9999995501412889	0.0010794952861089748	0.998920504713891	0.998920504713891	HG003	giabHC	-1	-2	roche	deep19r
R0-HG003-15x-0-D0-PCR-FREE-ROCHE-SBX-DUPLEX-roche-deep19r-INS_50	INS_50	R0-HG003-15x-0-D0-PCR-FREE-ROCHE-SBX-DUPLEX	2528531102.0	2528302205.0	5691.0	223206.0	716.0	0.9858508587316345	0.975137288824231	0.999999716806086	0.003197542001232572	0.9968024579987674	0.9968024579987674	HG003	giabHC	-1	-2	roche	deep19r
R0-HG003-15x-0-D0-PCR-FREE-ROCHE-SBX-DUPLEX-roche-deep19r-INS_gt50	INS_gt50	R0-HG003-15x-0-D0-PCR-FREE-ROCHE-SBX-DUPLEX	2528531102.0	2528531101.0	1.0	0.0	1.0		0.0	0.9999999996045135	1.0	0.0	0.0	HG003	giabHC	-1	-2	roche	deep19r
R0-HG003-15x-0-D0-PCR-FREE-ROCHE-SBX-DUPLEX-roche-deep19r-DEL_50	DEL_50	R0-HG003-15x-0-D0-PCR-FREE-ROCHE-SBX-DUPLEX	2528531102.0	2528288189.0	3289.0	239624.0	1107.0	0.990910669831529	0.9864601729837431	0.999999562154536	0.004598493754439602	0.9954015062455605	0.9954015062455605	HG003	giabHC	-1	-2	roche	deep19r
R0-HG003-15x-0-D0-PCR-FREE-ROCHE-SBX-DUPLEX-roche-deep19r-DEL_gt50	DEL_gt50	R0-HG003-15x-0-D0-PCR-FREE-ROCHE-SBX-DUPLEX	2528531102.0	2528531102.0	0.0	0.0	1.0			0.9999999996045135	1.0	0.0	0.0	HG003	giabHC	-1	-2	roche	deep19r
R0-HG003-15x-0-D0-PCR-FREE-ROCHE-SBX-DUPLEX-roche-deep19r-Indel_50	Indel_50	R0-HG003-15x-0-D0-PCR-FREE-ROCHE-SBX-DUPLEX	2528531102.0	2528498931.0	173.0	31998.0	149.0	0.9949936254236762	0.9946224860899568	0.9999999410717603	0.004634958160948144	0.9953650418390518	0.9953650418390518	HG003	giabHC	-1	-2	roche	deep19r
R0-HG003-15x-0-D0-PCR-FREE-ROCHE-SBX-DUPLEX-roche-deep19r-Indel_gt50	Indel_gt50	R0-HG003-15x-0-D0-PCR-FREE-ROCHE-SBX-DUPLEX	2528531102.0	2528530635.0	7.0	460.0	2.0	0.9903121636167922	0.9850107066381156	0.9999999992090268	0.004329004329004329	0.9956709956709957	0.9956709956709957	HG003	giabHC	-1	-2	roche	deep19r
R0-HG003-15x-0-D0-PCR-FREE-ROCHE-SBX-DUPLEX-roche-deep19r-All	All	R0-HG003-15x-0-D0-PCR-FREE-ROCHE-SBX-DUPLEX	2528531102.0	2524699724.0	64915.0	3766463.0	4621.0	0.9908534893038597	0.9830570097755951	0.9999981696866768	0.0012253771064235112	0.9987746228935764	0.9987746228935764	HG003	giabHC	-1	-2	roche	deep19r
R0-HG003-1x-0-D0-PCR-FREE-ROCHE-SBX-DUPLEX-roche-deep19r-SNPts	SNPts	R0-HG003-1x-0-D0-PCR-FREE-ROCHE-SBX-DUPLEX	3088286401.0	3085963389.0	1742177.0	580835.0	49769.0	0.39330434288004934	0.25003529899974686	0.9999838727194436	0.07892274708057671	0.9210772529194233	0.9210772529194233	HG003	hg38	-1	-2	roche	deep19r
R0-HG003-1x-0-D0-PCR-FREE-ROCHE-SBX-DUPLEX-roche-deep19r-SNPtv	SNPtv	R0-HG003-1x-0-D0-PCR-FREE-ROCHE-SBX-DUPLEX	3088286401.0	3087179139.0	831456.0	275806.0	33285.0	0.3894594073652543	0.24908829165996846	0.999989218428981	0.10768673303331382	0.8923132669666862	0.8923132669666862	HG003	hg38	-1	-2	roche	deep19r
R0-HG003-1x-0-D0-PCR-FREE-ROCHE-SBX-DUPLEX-roche-deep19r-INS_50	INS_50	R0-HG003-1x-0-D0-PCR-FREE-ROCHE-SBX-DUPLEX	3088286401.0	3088028794.0	211239.0	46368.0	16447.0	0.28941832957786917	0.17999510882856445	0.999994673976993	0.26183236488099976	0.7381676351190003	0.7381676351190002	HG003	hg38	-1	-2	roche	deep19r
R0-HG003-1x-0-D0-PCR-FREE-ROCHE-SBX-DUPLEX-roche-deep19r-INS_gt50	INS_gt50	R0-HG003-1x-0-D0-PCR-FREE-ROCHE-SBX-DUPLEX	3088286401.0	3088286163.0	238.0	0.0	6.0		0.0	0.9999999980571749	1.0	0.0	0.0	HG003	hg38	-1	-2	roche	deep19r
R0-HG003-1x-0-D0-PCR-FREE-ROCHE-SBX-DUPLEX-roche-deep19r-DEL_50	DEL_50	R0-HG003-1x-0-D0-PCR-FREE-ROCHE-SBX-DUPLEX	3088286401.0	3088014183.0	219709.0	52509.0	19753.0	0.3048594983743613	0.19289319589446693	0.9999936033734054	0.27335252276438515	0.7266474772356148	0.7266474772356148	HG003	hg38	-1	-2	roche	deep19r
R0-HG003-1x-0-D0-PCR-FREE-ROCHE-SBX-DUPLEX-roche-deep19r-DEL_gt50	DEL_gt50	R0-HG003-1x-0-D0-PCR-FREE-ROCHE-SBX-DUPLEX	3088286401.0	3088286263.0	138.0	0.0	12.0		0.0	0.9999999961143499	1.0	0.0	0.0	HG003	hg38	-1	-2	roche	deep19r
R0-HG003-1x-0-D0-PCR-FREE-ROCHE-SBX-DUPLEX-roche-deep19r-Indel_50	Indel_50	R0-HG003-1x-0-D0-PCR-FREE-ROCHE-SBX-DUPLEX	3088286401.0	3088249396.0	36685.0	320.0	343.0	0.016990549007114792	0.008647480070260775	0.9999998889338528	0.5173453996983409	0.4826546003016591	0.48265460030165913	HG003	hg38	-1	-2	roche	deep19r
R0-HG003-1x-0-D0-PCR-FREE-ROCHE-SBX-DUPLEX-roche-deep19r-Indel_gt50	Indel_gt50	R0-HG003-1x-0-D0-PCR-FREE-ROCHE-SBX-DUPLEX	3088286401.0	3088284849.0	1545.0	7.0	11.0	0.008917197452229299	0.004510309278350515	0.9999999964381524	0.6111111111111112	0.38888888888888884	0.3888888888888889	HG003	hg38	-1	-2	roche	deep19r
R0-HG003-1x-0-D0-PCR-FREE-ROCHE-SBX-DUPLEX-roche-deep19r-All	All	R0-HG003-1x-0-D0-PCR-FREE-ROCHE-SBX-DUPLEX	3088286401.0	3084287369.0	3043187.0	955845.0	119626.0	0.3767245777566789	0.23901909262041415	0.9999612158835738	0.11123126518520722	0.8887687348147928	0.8887687348147928	HG003	hg38	-1	-2	roche	deep19r
R0-HG003-1x-0-D0-PCR-FREE-ROCHE-SBX-DUPLEX-roche-deep19r-SNPts	SNPts	R0-HG003-1x-0-D0-PCR-FREE-ROCHE-SBX-DUPLEX	2528531102.0	2526276170.0	1687524.0	567408.0	387.0	0.4020282514036958	0.25162976089744615	0.999999846810121	0.0006815840224024516	0.9993184159775975	0.9993184159775975	HG003	giabHC	-1	-2	roche	deep19r
R0-HG003-1x-0-D0-PCR-FREE-ROCHE-SBX-DUPLEX-roche-deep19r-SNPtv	SNPtv	R0-HG003-1x-0-D0-PCR-FREE-ROCHE-SBX-DUPLEX	2528531102.0	2527459084.0	803222.0	268796.0	252.0	0.40086915931057826	0.2507383271549545	0.9999999002951317	0.0009366358419315513	0.9990633641580684	0.9990633641580684	HG003	giabHC	-1	-2	roche	deep19r
R0-HG003-1x-0-D0-PCR-FREE-ROCHE-SBX-DUPLEX-roche-deep19r-INS_50	INS_50	R0-HG003-1x-0-D0-PCR-FREE-ROCHE-SBX-DUPLEX	2528531102.0	2528300574.0	187664.0	42864.0	1128.0	0.31228325805041524	0.18593836757357024	0.9999995538507137	0.02564102564102564	0.9743589743589743	0.9743589743589743	HG003	giabHC	-1	-2	roche	deep19r
R0-HG003-1x-0-D0-PCR-FREE-ROCHE-SBX-DUPLEX-roche-deep19r-INS_gt50	INS_gt50	R0-HG003-1x-0-D0-PCR-FREE-ROCHE-SBX-DUPLEX	2528531102.0	2528531101.0	1.0	0.0	0.0		0.0	1.0				HG003	giabHC	-1	-2	roche	deep19r
R0-HG003-1x-0-D0-PCR-FREE-ROCHE-SBX-DUPLEX-roche-deep19r-DEL_50	DEL_50	R0-HG003-1x-0-D0-PCR-FREE-ROCHE-SBX-DUPLEX	2528531102.0	2528285899.0	196820.0	48383.0	331.0	0.3292290000238162	0.19731814047952104	0.9999998690812788	0.006794761259596831	0.9932052387404031	0.9932052387404031	HG003	giabHC	-1	-2	roche	deep19r
R0-HG003-1x-0-D0-PCR-FREE-ROCHE-SBX-DUPLEX-roche-deep19r-DEL_gt50	DEL_gt50	R0-HG003-1x-0-D0-PCR-FREE-ROCHE-SBX-DUPLEX	2528531102.0	2528531102.0	0.0	0.0	1.0			0.9999999996045135	1.0	0.0	0.0	HG003	giabHC	-1	-2	roche	deep19r
R0-HG003-1x-0-D0-PCR-FREE-ROCHE-SBX-DUPLEX-roche-deep19r-Indel_50	Indel_50	R0-HG003-1x-0-D0-PCR-FREE-ROCHE-SBX-DUPLEX	2528531102.0	2528503065.0	27766.0	271.0	5.0	0.019143149789849184	0.009665798765916467	0.9999999980225454	0.018115942028985508	0.9818840579710145	0.9818840579710145	HG003	giabHC	-1	-2	roche	deep19r
R0-HG003-1x-0-D0-PCR-FREE-ROCHE-SBX-DUPLEX-roche-deep19r-Indel_gt50	Indel_gt50	R0-HG003-1x-0-D0-PCR-FREE-ROCHE-SBX-DUPLEX	2528531102.0	2528530689.0	410.0	3.0	0.0	0.014423076923076922	0.007263922518159807	1.0	0.0	1.0	1.0	HG003	giabHC	-1	-2	roche	deep19r
R0-HG003-1x-0-D0-PCR-FREE-ROCHE-SBX-DUPLEX-roche-deep19r-All	All	R0-HG003-1x-0-D0-PCR-FREE-ROCHE-SBX-DUPLEX	2528531102.0	2524699970.0	2903407.0	927725.0	2104.0	0.38972173895144274	0.2421542771170505	0.9999991666343441	0.0022627816512498533	0.9977372183487502	0.9977372183487502	HG003	giabHC	-1	-2	roche	deep19r
R0-HG003-1x-0-D0-PCR-FREE-ROCHE-SBX-DUPLEX-roche-deep19r-SNPts	SNPts	R0-HG003-1x-0-D0-PCR-FREE-ROCHE-SBX-DUPLEX	332544085.0	332287290.0	190331.0	66464.0	36.0	0.41116627229001373	0.2588212387312837	0.9999998916600268	0.0005413533834586466	0.9994586466165414	0.9994586466165414	HG003	giabHC_x_ultima_x_clinvar	-1	-2	roche	deep19r
R0-HG003-1x-0-D0-PCR-FREE-ROCHE-SBX-DUPLEX-roche-deep19r-SNPtv	SNPtv	R0-HG003-1x-0-D0-PCR-FREE-ROCHE-SBX-DUPLEX	332544085.0	332429496.0	84965.0	29624.0	20.0	0.4107797799394036	0.2585239420886822	0.9999999398368705	0.0006746727836999055	0.9993253272163001	0.9993253272163001	HG003	giabHC_x_ultima_x_clinvar	-1	-2	roche	deep19r
R0-HG003-1x-0-D0-PCR-FREE-ROCHE-SBX-DUPLEX-roche-deep19r-INS_50	INS_50	R0-HG003-1x-0-D0-PCR-FREE-ROCHE-SBX-DUPLEX	332544085.0	332526559.0	13770.0	3756.0	91.0	0.35147148271183265	0.21431016775077028	0.9999997263377236	0.023654795944892122	0.9763452040551078	0.9763452040551078	HG003	giabHC_x_ultima_x_clinvar	-1	-2	roche	deep19r
R0-HG003-1x-0-D0-PCR-FREE-ROCHE-SBX-DUPLEX-roche-deep19r-INS_gt50	INS_gt50	R0-HG003-1x-0-D0-PCR-FREE-ROCHE-SBX-DUPLEX	332544085.0	332544085.0	0.0	0.0	0.0			1.0				HG003	giabHC_x_ultima_x_clinvar	-1	-2	roche	deep19r
R0-HG003-1x-0-D0-PCR-FREE-ROCHE-SBX-DUPLEX-roche-deep19r-DEL_50	DEL_50	R0-HG003-1x-0-D0-PCR-FREE-ROCHE-SBX-DUPLEX	332544085.0	332525061.0	15047.0	3977.0	13.0	0.3456157121751977	0.20905172413793102	0.9999999609052038	0.003258145363408521	0.9967418546365915	0.9967418546365915	HG003	giabHC_x_ultima_x_clinvar	-1	-2	roche	deep19r
R0-HG003-1x-0-D0-PCR-FREE-ROCHE-SBX-DUPLEX-roche-deep19r-DEL_gt50	DEL_gt50	R0-HG003-1x-0-D0-PCR-FREE-ROCHE-SBX-DUPLEX	332544085.0	332544085.0	0.0	0.0	0.0			1.0				HG003	giabHC_x_ultima_x_clinvar	-1	-2	roche	deep19r
R0-HG003-1x-0-D0-PCR-FREE-ROCHE-SBX-DUPLEX-roche-deep19r-Indel_50	Indel_50	R0-HG003-1x-0-D0-PCR-FREE-ROCHE-SBX-DUPLEX	332544085.0	332542976.0	1099.0	10.0	0.0	0.017873100983020553	0.009017132551848512	1.0	0.0	1.0	1.0	HG003	giabHC_x_ultima_x_clinvar	-1	-2	roche	deep19r
R0-HG003-1x-0-D0-PCR-FREE-ROCHE-SBX-DUPLEX-roche-deep19r-Indel_gt50	Indel_gt50	R0-HG003-1x-0-D0-PCR-FREE-ROCHE-SBX-DUPLEX	332544085.0	332544061.0	24.0	0.0	0.0		0.0	1.0				HG003	giabHC_x_ultima_x_clinvar	-1	-2	roche	deep19r
R0-HG003-1x-0-D0-PCR-FREE-ROCHE-SBX-DUPLEX-roche-deep19r-All	All	R0-HG003-1x-0-D0-PCR-FREE-ROCHE-SBX-DUPLEX	332544085.0	332135018.0	305236.0	103831.0	160.0	0.4047534586732883	0.25382394571060485	0.9999995182684323	0.001538594686078603	0.9984614053139214	0.9984614053139214	HG003	giabHC_x_ultima_x_clinvar	-1	-2	roche	deep19r
R0-HG003-1x-0-D0-PCR-FREE-ROCHE-SBX-DUPLEX-roche-deep19r-SNPts	SNPts	R0-HG003-1x-0-D0-PCR-FREE-ROCHE-SBX-DUPLEX	2505355380.0	2503152484.0	1641274.0	561622.0	271.0	0.40626753072295935	0.25494712414930165	0.9999998917365313	0.00048229823115788947	0.9995177017688421	0.9995177017688421	HG003	giabHC_x_ultima	-1	-2	roche	deep19r
R0-HG003-1x-0-D0-PCR-FREE-ROCHE-SBX-DUPLEX-roche-deep19r-SNPtv	SNPtv	R0-HG003-1x-0-D0-PCR-FREE-ROCHE-SBX-DUPLEX	2505355380.0	2504321086.0	770474.0	263820.0	147.0	0.40642058877221143	0.2550725422365401	0.9999999413014601	0.0005568877927922809	0.9994431122072077	0.9994431122072077	HG003	giabHC_x_ultima	-1	-2	roche	deep19r
R0-HG003-1x-0-D0-PCR-FREE-ROCHE-SBX-DUPLEX-roche-deep19r-INS_50	INS_50	R0-HG003-1x-0-D0-PCR-FREE-ROCHE-SBX-DUPLEX	2505355380.0	2505201241.0	122481.0	31658.0	780.0	0.33935586915857796	0.20538604765828247	0.9999996886478641	0.02404587212528516	0.9759541278747148	0.9759541278747148	HG003	giabHC_x_ultima	-1	-2	roche	deep19r
R0-HG003-1x-0-D0-PCR-FREE-ROCHE-SBX-DUPLEX-roche-deep19r-INS_gt50	INS_gt50	R0-HG003-1x-0-D0-PCR-FREE-ROCHE-SBX-DUPLEX	2505355380.0	2505355380.0	0.0	0.0	0.0			1.0				HG003	giabHC_x_ultima	-1	-2	roche	deep19r
R0-HG003-1x-0-D0-PCR-FREE-ROCHE-SBX-DUPLEX-roche-deep19r-DEL_50	DEL_50	R0-HG003-1x-0-D0-PCR-FREE-ROCHE-SBX-DUPLEX	2505355380.0	2505189129.0	132154.0	34097.0	130.0	0.3401570247109409	0.20509350319697325	0.999999948107713	0.0037981710345633564	0.9962018289654366	0.9962018289654366	HG003	giabHC_x_ultima	-1	-2	roche	deep19r
R0-HG003-1x-0-D0-PCR-FREE-ROCHE-SBX-DUPLEX-roche-deep19r-DEL_gt50	DEL_gt50	R0-HG003-1x-0-D0-PCR-FREE-ROCHE-SBX-DUPLEX	2505355380.0	2505355380.0	0.0	0.0	1.0			0.9999999996008551	1.0	0.0	0.0	HG003	giabHC_x_ultima	-1	-2	roche	deep19r
R0-HG003-1x-0-D0-PCR-FREE-ROCHE-SBX-DUPLEX-roche-deep19r-Indel_50	Indel_50	R0-HG003-1x-0-D0-PCR-FREE-ROCHE-SBX-DUPLEX	2505355380.0	2505343307.0	11973.0	100.0	2.0	0.01642710472279261	0.008282945415389712	0.9999999992017062	0.0196078431372549	0.9803921568627451	0.9803921568627451	HG003	giabHC_x_ultima	-1	-2	roche	deep19r
R0-HG003-1x-0-D0-PCR-FREE-ROCHE-SBX-DUPLEX-roche-deep19r-Indel_gt50	Indel_gt50	R0-HG003-1x-0-D0-PCR-FREE-ROCHE-SBX-DUPLEX	2505355380.0	2505355060.0	318.0	2.0	0.0	0.012422360248447204	0.00625	1.0	0.0	1.0	1.0	HG003	giabHC_x_ultima	-1	-2	roche	deep19r
R0-HG003-1x-0-D0-PCR-FREE-ROCHE-SBX-DUPLEX-roche-deep19r-All	All	R0-HG003-1x-0-D0-PCR-FREE-ROCHE-SBX-DUPLEX	2505355380.0	2501785407.0	2678674.0	891299.0	1331.0	0.3994525168382668	0.24966547366044506	0.999999467980232	0.0014910993356709948	0.998508900664329	0.998508900664329	HG003	giabHC_x_ultima	-1	-2	roche	deep19r
R0-HG003-1x-0-D0-PCR-FREE-ROCHE-SBX-DUPLEX-roche-deep19r-SNPts	SNPts	R0-HG003-1x-0-D0-PCR-FREE-ROCHE-SBX-DUPLEX	2799325643.0	2797071671.0	1681214.0	572758.0	29762.0	0.40102195280084796	0.2541105213374434	0.9999893596994199	0.049395870676492065	0.9506041293235079	0.9506041293235079	HG003	ultima	-1	-2	roche	deep19r
R0-HG003-1x-0-D0-PCR-FREE-ROCHE-SBX-DUPLEX-roche-deep19r-SNPtv	SNPtv	R0-HG003-1x-0-D0-PCR-FREE-ROCHE-SBX-DUPLEX	2799325643.0	2798267069.0	789292.0	269282.0	16445.0	0.4006275380290575	0.2543818382087601	0.999994123183045	0.057554938805223166	0.9424450611947768	0.9424450611947768	HG003	ultima	-1	-2	roche	deep19r
R0-HG003-1x-0-D0-PCR-FREE-ROCHE-SBX-DUPLEX-roche-deep19r-INS_50	INS_50	R0-HG003-1x-0-D0-PCR-FREE-ROCHE-SBX-DUPLEX	2799325643.0	2799161326.0	130967.0	33350.0	4472.0	0.32997096057663294	0.20296134909960625	0.9999984023811654	0.11823806250330496	0.8817619374966951	0.8817619374966951	HG003	ultima	-1	-2	roche	deep19r
R0-HG003-1x-0-D0-PCR-FREE-ROCHE-SBX-DUPLEX-roche-deep19r-INS_gt50	INS_gt50	R0-HG003-1x-0-D0-PCR-FREE-ROCHE-SBX-DUPLEX	2799325643.0	2799325547.0	96.0	0.0	1.0		0.0	0.9999999996427711	1.0	0.0	0.0	HG003	ultima	-1	-2	roche	deep19r
R0-HG003-1x-0-D0-PCR-FREE-ROCHE-SBX-DUPLEX-roche-deep19r-DEL_50	DEL_50	R0-HG003-1x-0-D0-PCR-FREE-ROCHE-SBX-DUPLEX	2799325643.0	2799147381.0	142130.0	36132.0	4629.0	0.3299379517219653	0.2026904219631778	0.9999983462848807	0.1135644365938029	0.8864355634061971	0.8864355634061971	HG003	ultima	-1	-2	roche	deep19r
R0-HG003-1x-0-D0-PCR-FREE-ROCHE-SBX-DUPLEX-roche-deep19r-DEL_gt50	DEL_gt50	R0-HG003-1x-0-D0-PCR-FREE-ROCHE-SBX-DUPLEX	2799325643.0	2799325554.0	89.0	0.0	4.0		0.0	0.9999999985710843	1.0	0.0	0.0	HG003	ultima	-1	-2	roche	deep19r
R0-HG003-1x-0-D0-PCR-FREE-ROCHE-SBX-DUPLEX-roche-deep19r-Indel_50	Indel_50	R0-HG003-1x-0-D0-PCR-FREE-ROCHE-SBX-DUPLEX	2799325643.0	2799310429.0	15095.0	119.0	33.0	0.01548874137706625	0.00782174313132641	0.9999999882113826	0.21710526315789475	0.7828947368421053	0.7828947368421053	HG003	ultima	-1	-2	roche	deep19r
R0-HG003-1x-0-D0-PCR-FREE-ROCHE-SBX-DUPLEX-roche-deep19r-Indel_gt50	Indel_gt50	R0-HG003-1x-0-D0-PCR-FREE-ROCHE-SBX-DUPLEX	2799325643.0	2799324793.0	845.0	5.0	3.0	0.011655011655011656	0.0058823529411764705	0.999999998928313	0.375	0.625	0.625	HG003	ultima	-1	-2	roche	deep19r
R0-HG003-1x-0-D0-PCR-FREE-ROCHE-SBX-DUPLEX-roche-deep19r-All	All	R0-HG003-1x-0-D0-PCR-FREE-ROCHE-SBX-DUPLEX	2799325643.0	2795654269.0	2759728.0	911646.0	55349.0	0.39308903625390734	0.24831193988953454	0.9999802021641863	0.05723814497489646	0.9427618550251036	0.9427618550251036	HG003	ultima	-1	-2	roche	deep19r
R0-HG003-1x-0-D0-PCR-FREE-ROCHE-SBX-DUPLEX-roche-deep19r-SNPts	SNPts	R0-HG003-1x-0-D0-PCR-FREE-ROCHE-SBX-DUPLEX	337668665.0	337403093.0	197951.0	67621.0	59.0	0.40582502130519854	0.2546239814438269	0.9999998251350064	0.0008717494089834515	0.9991282505910165	0.9991282505910165	HG003	giabHC_x_clinvar_genes	-1	-2	roche	deep19r
R0-HG003-1x-0-D0-PCR-FREE-ROCHE-SBX-DUPLEX-roche-deep19r-SNPtv	SNPtv	R0-HG003-1x-0-D0-PCR-FREE-ROCHE-SBX-DUPLEX	337668665.0	337548377.0	89826.0	30462.0	41.0	0.40402941820135146	0.25324221867517954	0.9999998785359439	0.0013441300855653543	0.9986558699144347	0.9986558699144347	HG003	giabHC_x_clinvar_genes	-1	-2	roche	deep19r
R0-HG003-1x-0-D0-PCR-FREE-ROCHE-SBX-DUPLEX-roche-deep19r-INS_50	INS_50	R0-HG003-1x-0-D0-PCR-FREE-ROCHE-SBX-DUPLEX	337668665.0	337642215.0	21415.0	5035.0	127.0	0.31854991775275215	0.19035916824196597	0.9999996238623413	0.024602867105772957	0.975397132894227	0.975397132894227	HG003	giabHC_x_clinvar_genes	-1	-2	roche	deep19r
R0-HG003-1x-0-D0-PCR-FREE-ROCHE-SBX-DUPLEX-roche-deep19r-INS_gt50	INS_gt50	R0-HG003-1x-0-D0-PCR-FREE-ROCHE-SBX-DUPLEX	337668665.0	337668665.0	0.0	0.0	0.0			1.0				HG003	giabHC_x_clinvar_genes	-1	-2	roche	deep19r
R0-HG003-1x-0-D0-PCR-FREE-ROCHE-SBX-DUPLEX-roche-deep19r-DEL_50	DEL_50	R0-HG003-1x-0-D0-PCR-FREE-ROCHE-SBX-DUPLEX	337668665.0	337640473.0	22578.0	5614.0	40.0	0.33173787153577966	0.1991345062429058	0.9999998815308043	0.007074637424831978	0.9929253625751681	0.9929253625751681	HG003	giabHC_x_clinvar_genes	-1	-2	roche	deep19r
R0-HG003-1x-0-D0-PCR-FREE-ROCHE-SBX-DUPLEX-roche-deep19r-DEL_gt50	DEL_gt50	R0-HG003-1x-0-D0-PCR-FREE-ROCHE-SBX-DUPLEX	337668665.0	337668665.0	0.0	0.0	0.0			1.0				HG003	giabHC_x_clinvar_genes	-1	-2	roche	deep19r
R0-HG003-1x-0-D0-PCR-FREE-ROCHE-SBX-DUPLEX-roche-deep19r-Indel_50	Indel_50	R0-HG003-1x-0-D0-PCR-FREE-ROCHE-SBX-DUPLEX	337668665.0	337665915.0	2722.0	28.0	0.0	0.020158387329013677	0.010181818181818183	1.0	0.0	1.0	1.0	HG003	giabHC_x_clinvar_genes	-1	-2	roche	deep19r
R0-HG003-1x-0-D0-PCR-FREE-ROCHE-SBX-DUPLEX-roche-deep19r-Indel_gt50	Indel_gt50	R0-HG003-1x-0-D0-PCR-FREE-ROCHE-SBX-DUPLEX	337668665.0	337668627.0	38.0	0.0	0.0		0.0	1.0				HG003	giabHC_x_clinvar_genes	-1	-2	roche	deep19r
R0-HG003-1x-0-D0-PCR-FREE-ROCHE-SBX-DUPLEX-roche-deep19r-All	All	R0-HG003-1x-0-D0-PCR-FREE-ROCHE-SBX-DUPLEX	337668665.0	337225375.0	334530.0	108760.0	267.0	0.3938318031130673	0.24534728958469626	0.9999992082452615	0.002448934667559412	0.9975510653324405	0.9975510653324405	HG003	giabHC_x_clinvar_genes	-1	-2	roche	deep19r
R0-HG003-1x-0-D0-PCR-FREE-ROCHE-SBX-DUPLEX-roche-deep19r-SNPts	SNPts	R0-HG003-1x-0-D0-PCR-FREE-ROCHE-SBX-DUPLEX	377862616.0	377589360.0	204114.0	69142.0	5256.0	0.3977632933894044	0.2530301255965102	0.999986080310001	0.0706470604048496	0.9293529395951504	0.9293529395951504	HG003	clinvar_genes	-1	-2	roche	deep19r
R0-HG003-1x-0-D0-PCR-FREE-ROCHE-SBX-DUPLEX-roche-deep19r-SNPtv	SNPtv	R0-HG003-1x-0-D0-PCR-FREE-ROCHE-SBX-DUPLEX	377862616.0	377738230.0	93135.0	31251.0	3131.0	0.3936687493701501	0.2512421012010998	0.9999917112598109	0.09106509219940667	0.9089349078005933	0.9089349078005934	HG003	clinvar_genes	-1	-2	roche	deep19r
R0-HG003-1x-0-D0-PCR-FREE-ROCHE-SBX-DUPLEX-roche-deep19r-INS_50	INS_50	R0-HG003-1x-0-D0-PCR-FREE-ROCHE-SBX-DUPLEX	377862616.0	377833329.0	23888.0	5399.0	1823.0	0.2957626886521132	0.18434800423396047	0.9999951751445297	0.25242315148158406	0.747576848518416	0.747576848518416	HG003	clinvar_genes	-1	-2	roche	deep19r
R0-HG003-1x-0-D0-PCR-FREE-ROCHE-SBX-DUPLEX-roche-deep19r-INS_gt50	INS_gt50	R0-HG003-1x-0-D0-PCR-FREE-ROCHE-SBX-DUPLEX	377862616.0	377862586.0	30.0	0.0	0.0		0.0	1.0				HG003	clinvar_genes	-1	-2	roche	deep19r
R0-HG003-1x-0-D0-PCR-FREE-ROCHE-SBX-DUPLEX-roche-deep19r-DEL_50	DEL_50	R0-HG003-1x-0-D0-PCR-FREE-ROCHE-SBX-DUPLEX	377862616.0	377831568.0	24997.0	6051.0	2211.0	0.30786059526837956	0.1948917804689513	0.9999941482204003	0.26761074800290485	0.7323892519970951	0.7323892519970951	HG003	clinvar_genes	-1	-2	roche	deep19r
R0-HG003-1x-0-D0-PCR-FREE-ROCHE-SBX-DUPLEX-roche-deep19r-DEL_gt50	DEL_gt50	R0-HG003-1x-0-D0-PCR-FREE-ROCHE-SBX-DUPLEX	377862616.0	377862598.0	18.0	0.0	1.0		0.0	0.9999999973535354	1.0	0.0	0.0	HG003	clinvar_genes	-1	-2	roche	deep19r
R0-HG003-1x-0-D0-PCR-FREE-ROCHE-SBX-DUPLEX-roche-deep19r-Indel_50	Indel_50	R0-HG003-1x-0-D0-PCR-FREE-ROCHE-SBX-DUPLEX	377862616.0	377859016.0	3566.0	34.0	29.0	0.018564018564018563	0.009444444444444445	0.9999999232518041	0.4603174603174603	0.5396825396825398	0.5396825396825397	HG003	clinvar_genes	-1	-2	roche	deep19r
R0-HG003-1x-0-D0-PCR-FREE-ROCHE-SBX-DUPLEX-roche-deep19r-Indel_gt50	Indel_gt50	R0-HG003-1x-0-D0-PCR-FREE-ROCHE-SBX-DUPLEX	377862616.0	377862456.0	159.0	1.0	2.0	0.01226993865030675	0.00625	0.9999999947070688	0.6666666666666666	0.33333333333333337	0.3333333333333333	HG003	clinvar_genes	-1	-2	roche	deep19r
R0-HG003-1x-0-D0-PCR-FREE-ROCHE-SBX-DUPLEX-roche-deep19r-All	All	R0-HG003-1x-0-D0-PCR-FREE-ROCHE-SBX-DUPLEX	377862616.0	377400831.0	349907.0	111878.0	12453.0	0.38176060711531506	0.2422729192156523	0.9999670043410555	0.10016005662304654	0.8998399433769535	0.8998399433769535	HG003	clinvar_genes	-1	-2	roche	deep19r
R0-HG003-20x-0-D0-PCR-FREE-ROCHE-SBX-DUPLEX-roche-deep19r-SNPts	SNPts	R0-HG003-20x-0-D0-PCR-FREE-ROCHE-SBX-DUPLEX	332544085.0	332287240.0	1430.0	255415.0	105.0	0.9970040888819495	0.994432439798322	0.9999996840084295	0.000410926737633062	0.9995890732623669	0.9995890732623669	HG003	giabHC_x_ultima_x_clinvar	-1	-2	roche	deep19r
R0-HG003-20x-0-D0-PCR-FREE-ROCHE-SBX-DUPLEX-roche-deep19r-SNPtv	SNPtv	R0-HG003-20x-0-D0-PCR-FREE-ROCHE-SBX-DUPLEX	332544085.0	332429450.0	745.0	113890.0	78.0	0.996399872267643	0.99350111222576	0.9999997653638036	0.0006844026393373579	0.9993155973606627	0.9993155973606627	HG003	giabHC_x_ultima_x_clinvar	-1	-2	roche	deep19r
R0-HG003-20x-0-D0-PCR-FREE-ROCHE-SBX-DUPLEX-roche-deep19r-INS_50	INS_50	R0-HG003-20x-0-D0-PCR-FREE-ROCHE-SBX-DUPLEX	332544085.0	332526586.0	151.0	17348.0	25.0	0.9949529708648772	0.9913709354820276	0.9999999248180471	0.0014390145628273758	0.9985609854371726	0.9985609854371726	HG003	giabHC_x_ultima_x_clinvar	-1	-2	roche	deep19r
R0-HG003-20x-0-D0-PCR-FREE-ROCHE-SBX-DUPLEX-roche-deep19r-INS_gt50	INS_gt50	R0-HG003-20x-0-D0-PCR-FREE-ROCHE-SBX-DUPLEX	332544085.0	332544085.0	0.0	0.0	0.0			1.0				HG003	giabHC_x_ultima_x_clinvar	-1	-2	roche	deep19r
R0-HG003-20x-0-D0-PCR-FREE-ROCHE-SBX-DUPLEX-roche-deep19r-DEL_50	DEL_50	R0-HG003-20x-0-D0-PCR-FREE-ROCHE-SBX-DUPLEX	332544085.0	332525161.0	116.0	18808.0	15.0	0.9965295255252073	0.9938702177129571	0.9999999548906336	0.0007968974127397333	0.9992031025872603	0.9992031025872603	HG003	giabHC_x_ultima_x_clinvar	-1	-2	roche	deep19r
R0-HG003-20x-0-D0-PCR-FREE-ROCHE-SBX-DUPLEX-roche-deep19r-DEL_gt50	DEL_gt50	R0-HG003-20x-0-D0-PCR-FREE-ROCHE-SBX-DUPLEX	332544085.0	332544085.0	0.0	0.0	0.0			1.0				HG003	giabHC_x_ultima_x_clinvar	-1	-2	roche	deep19r
R0-HG003-20x-0-D0-PCR-FREE-ROCHE-SBX-DUPLEX-roche-deep19r-Indel_50	Indel_50	R0-HG003-20x-0-D0-PCR-FREE-ROCHE-SBX-DUPLEX	332544085.0	332542786.0	1.0	1298.0	2.0	0.9988457098884186	0.9992301770592764	0.9999999939857364	0.0015384615384615385	0.9984615384615385	0.9984615384615385	HG003	giabHC_x_ultima_x_clinvar	-1	-2	roche	deep19r
R0-HG003-20x-0-D0-PCR-FREE-ROCHE-SBX-DUPLEX-roche-deep19r-Indel_gt50	Indel_gt50	R0-HG003-20x-0-D0-PCR-FREE-ROCHE-SBX-DUPLEX	332544085.0	332544056.0	0.0	29.0	0.0	1.0	1.0	1.0	0.0	1.0	1.0	HG003	giabHC_x_ultima_x_clinvar	-1	-2	roche	deep19r
R0-HG003-20x-0-D0-PCR-FREE-ROCHE-SBX-DUPLEX-roche-deep19r-All	All	R0-HG003-20x-0-D0-PCR-FREE-ROCHE-SBX-DUPLEX	332544085.0	332134854.0	2443.0	406788.0	225.0	0.9967313695414607	0.9940302665242858	0.999999322564781	0.0005528078955709031	0.9994471921044291	0.9994471921044291	HG003	giabHC_x_ultima_x_clinvar	-1	-2	roche	deep19r
R0-HG003-20x-0-D0-PCR-FREE-ROCHE-SBX-DUPLEX-roche-deep19r-SNPts	SNPts	R0-HG003-20x-0-D0-PCR-FREE-ROCHE-SBX-DUPLEX	2505355380.0	2503152205.0	13109.0	2190066.0	867.0	0.9968193772205872	0.9940499506394181	0.9999996536368432	0.0003957218226207739	0.9996042781773792	0.9996042781773792	HG003	giabHC_x_ultima	-1	-2	roche	deep19r
R0-HG003-20x-0-D0-PCR-FREE-ROCHE-SBX-DUPLEX-roche-deep19r-SNPtv	SNPtv	R0-HG003-20x-0-D0-PCR-FREE-ROCHE-SBX-DUPLEX	2505355380.0	2504320747.0	7542.0	1027091.0	795.0	0.995957855418544	0.9927104586843838	0.9999996825487516	0.0007734320732065618	0.9992265679267934	0.9992265679267934	HG003	giabHC_x_ultima	-1	-2	roche	deep19r
R0-HG003-20x-0-D0-PCR-FREE-ROCHE-SBX-DUPLEX-roche-deep19r-INS_50	INS_50	R0-HG003-20x-0-D0-PCR-FREE-ROCHE-SBX-DUPLEX	2505355380.0	2505201634.0	1222.0	152524.0	200.0	0.9953600678696121	0.9920518257385558	0.999999920166113	0.0013095518713496241	0.9986904481286504	0.9986904481286504	HG003	giabHC_x_ultima	-1	-2	roche	deep19r
R0-HG003-20x-0-D0-PCR-FREE-ROCHE-SBX-DUPLEX-roche-deep19r-INS_gt50	INS_gt50	R0-HG003-20x-0-D0-PCR-FREE-ROCHE-SBX-DUPLEX	2505355380.0	2505355380.0	0.0	0.0	1.0			0.9999999996008551	1.0	0.0	0.0	HG003	giabHC_x_ultima	-1	-2	roche	deep19r
R0-HG003-20x-0-D0-PCR-FREE-ROCHE-SBX-DUPLEX-roche-deep19r-DEL_50	DEL_50	R0-HG003-20x-0-D0-PCR-FREE-ROCHE-SBX-DUPLEX	2505355380.0	2505190020.0	888.0	164472.0	159.0	0.9968271861959872	0.9946298984034833	0.9999999365317646	0.0009657962352169397	0.999034203764783	0.999034203764783	HG003	giabHC_x_ultima	-1	-2	roche	deep19r
R0-HG003-20x-0-D0-PCR-FREE-ROCHE-SBX-DUPLEX-roche-deep19r-DEL_gt50	DEL_gt50	R0-HG003-20x-0-D0-PCR-FREE-ROCHE-SBX-DUPLEX	2505355380.0	2505355380.0	0.0	0.0	0.0			1.0				HG003	giabHC_x_ultima	-1	-2	roche	deep19r
R0-HG003-20x-0-D0-PCR-FREE-ROCHE-SBX-DUPLEX-roche-deep19r-Indel_50	Indel_50	R0-HG003-20x-0-D0-PCR-FREE-ROCHE-SBX-DUPLEX	2505355380.0	2505341443.0	21.0	13916.0	19.0	0.9985648679678532	0.9984932194876946	0.9999999924162034	0.0013634732687477574	0.9986365267312522	0.9986365267312522	HG003	giabHC_x_ultima	-1	-2	roche	deep19r
R0-HG003-20x-0-D0-PCR-FREE-ROCHE-SBX-DUPLEX-roche-deep19r-Indel_gt50	Indel_gt50	R0-HG003-20x-0-D0-PCR-FREE-ROCHE-SBX-DUPLEX	2505355380.0	2505355014.0	0.0	366.0	0.0	1.0	1.0	1.0	0.0	1.0	1.0	HG003	giabHC_x_ultima	-1	-2	roche	deep19r
R0-HG003-20x-0-D0-PCR-FREE-ROCHE-SBX-DUPLEX-roche-deep19r-All	All	R0-HG003-20x-0-D0-PCR-FREE-ROCHE-SBX-DUPLEX	2505355380.0	2501784163.0	22782.0	3548435.0	2041.0	0.996514452392149	0.9936206620880221	0.9999991841828864	0.0005748524986508852	0.9994251475013491	0.9994251475013491	HG003	giabHC_x_ultima	-1	-2	roche	deep19r
R0-HG003-20x-0-D0-PCR-FREE-ROCHE-SBX-DUPLEX-roche-deep19r-SNPts	SNPts	R0-HG003-20x-0-D0-PCR-FREE-ROCHE-SBX-DUPLEX	2799325643.0	2797071275.0	14642.0	2239726.0	137375.0	0.9671773685627605	0.9935050533009695	0.9999508885402596	0.05779098153591286	0.9422090184640871	0.9422090184640871	HG003	ultima	-1	-2	roche	deep19r
R0-HG003-20x-0-D0-PCR-FREE-ROCHE-SBX-DUPLEX-roche-deep19r-SNPtv	SNPtv	R0-HG003-20x-0-D0-PCR-FREE-ROCHE-SBX-DUPLEX	2799325643.0	2798266590.0	8350.0	1050703.0	75379.0	0.9616824589785069	0.9921155976140948	0.9999730629777078	0.06693917494463103	0.9330608250553689	0.9330608250553689	HG003	ultima	-1	-2	roche	deep19r
R0-HG003-20x-0-D0-PCR-FREE-ROCHE-SBX-DUPLEX-roche-deep19r-INS_50	INS_50	R0-HG003-20x-0-D0-PCR-FREE-ROCHE-SBX-DUPLEX	2799325643.0	2799161611.0	1781.0	162251.0	24505.0	0.9250658517395123	0.9891423624658603	0.9999912456696395	0.13121399044742874	0.8687860095525712	0.8687860095525712	HG003	ultima	-1	-2	roche	deep19r
R0-HG003-20x-0-D0-PCR-FREE-ROCHE-SBX-DUPLEX-roche-deep19r-INS_gt50	INS_gt50	R0-HG003-20x-0-D0-PCR-FREE-ROCHE-SBX-DUPLEX	2799325643.0	2799325547.0	89.0	7.0	84.0	0.0748663101604278	0.07291666666666667	0.9999999699927729	0.9230769230769231	0.07692307692307687	0.07692307692307693	HG003	ultima	-1	-2	roche	deep19r
R0-HG003-20x-0-D0-PCR-FREE-ROCHE-SBX-DUPLEX-roche-deep19r-DEL_50	DEL_50	R0-HG003-20x-0-D0-PCR-FREE-ROCHE-SBX-DUPLEX	2799325643.0	2799148385.0	1592.0	175666.0	31151.0	0.9147484215322529	0.9910187410441278	0.9999888713819177	0.1506210804721082	0.8493789195278918	0.8493789195278918	HG003	ultima	-1	-2	roche	deep19r
R0-HG003-20x-0-D0-PCR-FREE-ROCHE-SBX-DUPLEX-roche-deep19r-DEL_gt50	DEL_gt50	R0-HG003-20x-0-D0-PCR-FREE-ROCHE-SBX-DUPLEX	2799325643.0	2799325555.0	65.0	23.0	197.0	0.14935064935064934	0.26136363636363635	0.9999999296259109	0.8954545454545455	0.1045454545454545	0.10454545454545454	HG003	ultima	-1	-2	roche	deep19r
R0-HG003-20x-0-D0-PCR-FREE-ROCHE-SBX-DUPLEX-roche-deep19r-Indel_50	Indel_50	R0-HG003-20x-0-D0-PCR-FREE-ROCHE-SBX-DUPLEX	2799325643.0	2799308121.0	41.0	17481.0	2655.0	0.9284083063359712	0.9976600844652437	0.9999990515522525	0.1318533969010727	0.8681466030989273	0.8681466030989273	HG003	ultima	-1	-2	roche	deep19r
R0-HG003-20x-0-D0-PCR-FREE-ROCHE-SBX-DUPLEX-roche-deep19r-Indel_gt50	Indel_gt50	R0-HG003-20x-0-D0-PCR-FREE-ROCHE-SBX-DUPLEX	2799325643.0	2799324713.0	13.0	917.0	438.0	0.8026258205689277	0.986021505376344	0.9999998435337175	0.32324723247232473	0.6767527675276752	0.6767527675276753	HG003	ultima	-1	-2	roche	deep19r
R0-HG003-20x-0-D0-PCR-FREE-ROCHE-SBX-DUPLEX-roche-deep19r-All	All	R0-HG003-20x-0-D0-PCR-FREE-ROCHE-SBX-DUPLEX	2799325643.0	2795652296.0	26573.0	3646774.0	271784.0	0.9607006410117092	0.9927659978760515	0.9999027927825566	0.0693581669583556	0.9306418330416444	0.9306418330416444	HG003	ultima	-1	-2	roche	deep19r
R0-HG003-20x-0-D0-PCR-FREE-ROCHE-SBX-DUPLEX-roche-deep19r-SNPts	SNPts	R0-HG003-20x-0-D0-PCR-FREE-ROCHE-SBX-DUPLEX	3088286401.0	3085963360.0	38281.0	2284760.0	232662.0	0.9440253959177045	0.9835211690194017	0.9999246120472124	0.0924207383585271	0.9075792616414728	0.907579261641473	HG003	hg38	-1	-2	roche	deep19r
R0-HG003-20x-0-D0-PCR-FREE-ROCHE-SBX-DUPLEX-roche-deep19r-SNPtv	SNPtv	R0-HG003-20x-0-D0-PCR-FREE-ROCHE-SBX-DUPLEX	3088286401.0	3087178959.0	21346.0	1086096.0	157977.0	0.9237415028183958	0.9807249499296578	0.9999488306578534	0.1269837059400855	0.8730162940599144	0.8730162940599145	HG003	hg38	-1	-2	roche	deep19r
R0-HG003-20x-0-D0-PCR-FREE-ROCHE-SBX-DUPLEX-roche-deep19r-INS_50	INS_50	R0-HG003-20x-0-D0-PCR-FREE-ROCHE-SBX-DUPLEX	3088286401.0	3088030833.0	6708.0	248860.0	139201.0	0.7733026324171223	0.9737525824829399	0.9999549244379463	0.35870906893503857	0.6412909310649615	0.6412909310649615	HG003	hg38	-1	-2	roche	deep19r
R0-HG003-20x-0-D0-PCR-FREE-ROCHE-SBX-DUPLEX-roche-deep19r-INS_gt50	INS_gt50	R0-HG003-20x-0-D0-PCR-FREE-ROCHE-SBX-DUPLEX	3088286401.0	3088286163.0	212.0	26.0	531.0	0.06540880503144654	0.1092436974789916	0.9999998280600045	0.9533213644524237	0.04667863554757634	0.0466786355475763	HG003	hg38	-1	-2	roche	deep19r
R0-HG003-20x-0-D0-PCR-FREE-ROCHE-SBX-DUPLEX-roche-deep19r-DEL_50	DEL_50	R0-HG003-20x-0-D0-PCR-FREE-ROCHE-SBX-DUPLEX	3088286401.0	3088016976.0	4711.0	264714.0	144430.0	0.7802124765499161	0.9825146144567134	0.9999532310714979	0.35300529886788024	0.6469947011321198	0.6469947011321198	HG003	hg38	-1	-2	roche	deep19r
R0-HG003-20x-0-D0-PCR-FREE-ROCHE-SBX-DUPLEX-roche-deep19r-DEL_gt50	DEL_gt50	R0-HG003-20x-0-D0-PCR-FREE-ROCHE-SBX-DUPLEX	3088286401.0	3088286264.0	99.0	38.0	714.0	0.08548931383577053	0.2773722627737226	0.9999997688038692	0.949468085106383	0.05053191489361697	0.05053191489361702	HG003	hg38	-1	-2	roche	deep19r
R0-HG003-20x-0-D0-PCR-FREE-ROCHE-SBX-DUPLEX-roche-deep19r-Indel_50	Indel_50	R0-HG003-20x-0-D0-PCR-FREE-ROCHE-SBX-DUPLEX	3088286401.0	3088244214.0	351.0	41836.0	46631.0	0.6404090192416612	0.9916799013914239	0.9999849007096998	0.5271005007516927	0.4728994992483073	0.47289949924830726	HG003	hg38	-1	-2	roche	deep19r
R0-HG003-20x-0-D0-PCR-FREE-ROCHE-SBX-DUPLEX-roche-deep19r-Indel_gt50	Indel_gt50	R0-HG003-20x-0-D0-PCR-FREE-ROCHE-SBX-DUPLEX	3088286401.0	3088284755.0	70.0	1576.0	2213.0	0.5799448022079117	0.9574726609963548	0.999999283421514	0.5840591185009237	0.41594088149907626	0.41594088149907626	HG003	hg38	-1	-2	roche	deep19r
R0-HG003-20x-0-D0-PCR-FREE-ROCHE-SBX-DUPLEX-roche-deep19r-All	All	R0-HG003-20x-0-D0-PCR-FREE-ROCHE-SBX-DUPLEX	3088286401.0	3084286717.0	71778.0	3927906.0	724359.0	0.9079817738176681	0.9820540822724996	0.9997652005188458	0.15570028792426915	0.8442997120757308	0.8442997120757308	HG003	hg38	-1	-2	roche	deep19r
R0-HG003-20x-0-D0-PCR-FREE-ROCHE-SBX-DUPLEX-roche-deep19r-SNPts	SNPts	R0-HG003-20x-0-D0-PCR-FREE-ROCHE-SBX-DUPLEX	2528531102.0	2526276207.0	32609.0	2222286.0	1322.0	0.9924235843986262	0.9855385727495072	0.9999994767004081	0.000594529251558728	0.9994054707484413	0.9994054707484413	HG003	giabHC	-1	-2	roche	deep19r
R0-HG003-20x-0-D0-PCR-FREE-ROCHE-SBX-DUPLEX-roche-deep19r-SNPtv	SNPtv	R0-HG003-20x-0-D0-PCR-FREE-ROCHE-SBX-DUPLEX	2528531102.0	2527459046.0	18116.0	1053940.0	1048.0	0.990990313317449	0.9831016290193796	0.999999585354482	0.0009933762279760528	0.999006623772024	0.999006623772024	HG003	giabHC	-1	-2	roche	deep19r
R0-HG003-20x-0-D0-PCR-FREE-ROCHE-SBX-DUPLEX-roche-deep19r-INS_50	INS_50	R0-HG003-20x-0-D0-PCR-FREE-ROCHE-SBX-DUPLEX	2528531102.0	2528302391.0	3701.0	225010.0	455.0	0.9908493623617277	0.9838180061300069	0.9999998200373817	0.0020180515822854988	0.9979819484177145	0.9979819484177145	HG003	giabHC	-1	-2	roche	deep19r
R0-HG003-20x-0-D0-PCR-FREE-ROCHE-SBX-DUPLEX-roche-deep19r-INS_gt50	INS_gt50	R0-HG003-20x-0-D0-PCR-FREE-ROCHE-SBX-DUPLEX	2528531102.0	2528531101.0	1.0	0.0	1.0		0.0	0.9999999996045135	1.0	0.0	0.0	HG003	giabHC	-1	-2	roche	deep19r
R0-HG003-20x-0-D0-PCR-FREE-ROCHE-SBX-DUPLEX-roche-deep19r-DEL_50	DEL_50	R0-HG003-20x-0-D0-PCR-FREE-ROCHE-SBX-DUPLEX	2528531102.0	2528288419.0	2421.0	240262.0	672.0	0.9936044431854132	0.9900240231083347	0.99999973420761	0.0027891455751367597	0.9972108544248632	0.9972108544248632	HG003	giabHC	-1	-2	roche	deep19r
R0-HG003-20x-0-D0-PCR-FREE-ROCHE-SBX-DUPLEX-roche-deep19r-DEL_gt50	DEL_gt50	R0-HG003-20x-0-D0-PCR-FREE-ROCHE-SBX-DUPLEX	2528531102.0	2528531102.0	0.0	0.0	0.0			1.0				HG003	giabHC	-1	-2	roche	deep19r
R0-HG003-20x-0-D0-PCR-FREE-ROCHE-SBX-DUPLEX-roche-deep19r-Indel_50	Indel_50	R0-HG003-20x-0-D0-PCR-FREE-ROCHE-SBX-DUPLEX	2528531102.0	2528498590.0	93.0	32419.0	110.0	0.9968788917759568	0.9971395177165354	0.9999999564959239	0.003381597958744505	0.9966184020412555	0.9966184020412555	HG003	giabHC	-1	-2	roche	deep19r
R0-HG003-20x-0-D0-PCR-FREE-ROCHE-SBX-DUPLEX-roche-deep19r-Indel_gt50	Indel_gt50	R0-HG003-20x-0-D0-PCR-FREE-ROCHE-SBX-DUPLEX	2528531102.0	2528530629.0	4.0	469.0	0.0	0.9957537154989385	0.9915433403805497	1.0	0.0	1.0	1.0	HG003	giabHC	-1	-2	roche	deep19r
R0-HG003-20x-0-D0-PCR-FREE-ROCHE-SBX-DUPLEX-roche-deep19r-All	All	R0-HG003-20x-0-D0-PCR-FREE-ROCHE-SBX-DUPLEX	2528531102.0	2524699771.0	56945.0	3774386.0	3608.0	0.9920422639327405	0.9851370189628618	0.9999985709212298	0.0009550041635852254	0.9990449958364148	0.9990449958364148	HG003	giabHC	-1	-2	roche	deep19r
R0-HG003-20x-0-D0-PCR-FREE-ROCHE-SBX-DUPLEX-roche-deep19r-SNPts	SNPts	R0-HG003-20x-0-D0-PCR-FREE-ROCHE-SBX-DUPLEX	337668665.0	337403098.0	4412.0	261155.0	224.0	0.9912021345640729	0.9833864900382954	0.9999993361061217	0.0008569931019707015	0.9991430068980293	0.9991430068980293	HG003	giabHC_x_clinvar_genes	-1	-2	roche	deep19r
R0-HG003-20x-0-D0-PCR-FREE-ROCHE-SBX-DUPLEX-roche-deep19r-SNPtv	SNPtv	R0-HG003-20x-0-D0-PCR-FREE-ROCHE-SBX-DUPLEX	337668665.0	337548365.0	2130.0	118170.0	141.0	0.99048241698832	0.9822942643391521	0.9999995822822573	0.0011917742221771433	0.9988082257778229	0.9988082257778229	HG003	giabHC_x_clinvar_genes	-1	-2	roche	deep19r
R0-HG003-20x-0-D0-PCR-FREE-ROCHE-SBX-DUPLEX-roche-deep19r-INS_50	INS_50	R0-HG003-20x-0-D0-PCR-FREE-ROCHE-SBX-DUPLEX	337668665.0	337642394.0	513.0	25758.0	53.0	0.989132521792558	0.9804727646454265	0.9999998430292149	0.002053388090349076	0.997946611909651	0.997946611909651	HG003	giabHC_x_clinvar_genes	-1	-2	roche	deep19r
R0-HG003-20x-0-D0-PCR-FREE-ROCHE-SBX-DUPLEX-roche-deep19r-INS_gt50	INS_gt50	R0-HG003-20x-0-D0-PCR-FREE-ROCHE-SBX-DUPLEX	337668665.0	337668665.0	0.0	0.0	0.0			1.0				HG003	giabHC_x_clinvar_genes	-1	-2	roche	deep19r
R0-HG003-20x-0-D0-PCR-FREE-ROCHE-SBX-DUPLEX-roche-deep19r-DEL_50	DEL_50	R0-HG003-20x-0-D0-PCR-FREE-ROCHE-SBX-DUPLEX	337668665.0	337640741.0	354.0	27570.0	79.0	0.9922084465477841	0.987322733132789	0.9999997660235513	0.0028572461933523818	0.9971427538066476	0.9971427538066476	HG003	giabHC_x_clinvar_genes	-1	-2	roche	deep19r
R0-HG003-20x-0-D0-PCR-FREE-ROCHE-SBX-DUPLEX-roche-deep19r-DEL_gt50	DEL_gt50	R0-HG003-20x-0-D0-PCR-FREE-ROCHE-SBX-DUPLEX	337668665.0	337668665.0	0.0	0.0	0.0			1.0				HG003	giabHC_x_clinvar_genes	-1	-2	roche	deep19r
R0-HG003-20x-0-D0-PCR-FREE-ROCHE-SBX-DUPLEX-roche-deep19r-Indel_50	Indel_50	R0-HG003-20x-0-D0-PCR-FREE-ROCHE-SBX-DUPLEX	337668665.0	337665451.0	10.0	3204.0	15.0	0.9961137882791854	0.9968886123210952	0.9999999555773347	0.004659832246039142	0.9953401677539608	0.9953401677539608	HG003	giabHC_x_clinvar_genes	-1	-2	roche	deep19r
R0-HG003-20x-0-D0-PCR-FREE-ROCHE-SBX-DUPLEX-roche-deep19r-Indel_gt50	Indel_gt50	R0-HG003-20x-0-D0-PCR-FREE-ROCHE-SBX-DUPLEX	337668665.0	337668621.0	0.0	44.0	0.0	1.0	1.0	1.0	0.0	1.0	1.0	HG003	giabHC_x_clinvar_genes	-1	-2	roche	deep19r
R0-HG003-20x-0-D0-PCR-FREE-ROCHE-SBX-DUPLEX-roche-deep19r-All	All	R0-HG003-20x-0-D0-PCR-FREE-ROCHE-SBX-DUPLEX	337668665.0	337225345.0	7419.0	435901.0	512.0	0.9909847646956519	0.9832649102228639	0.9999984817297091	0.0011732006150137599	0.9988267993849862	0.9988267993849862	HG003	giabHC_x_clinvar_genes	-1	-2	roche	deep19r
R0-HG003-20x-0-D0-PCR-FREE-ROCHE-SBX-DUPLEX-roche-deep19r-SNPts	SNPts	R0-HG003-20x-0-D0-PCR-FREE-ROCHE-SBX-DUPLEX	377862616.0	377589343.0	5305.0	267968.0	24350.0	0.9475681190117947	0.9805871783893761	0.9999355161095813	0.08329969416867931	0.9167003058313207	0.9167003058313207	HG003	clinvar_genes	-1	-2	roche	deep19r
R0-HG003-20x-0-D0-PCR-FREE-ROCHE-SBX-DUPLEX-roche-deep19r-SNPtv	SNPtv	R0-HG003-20x-0-D0-PCR-FREE-ROCHE-SBX-DUPLEX	377862616.0	377738212.0	2622.0	121782.0	15189.0	0.9318565279770444	0.978923507282724	0.9999597912289875	0.11089208664607837	0.8891079133539216	0.8891079133539216	HG003	clinvar_genes	-1	-2	roche	deep19r
R0-HG003-20x-0-D0-PCR-FREE-ROCHE-SBX-DUPLEX-roche-deep19r-INS_50	INS_50	R0-HG003-20x-0-D0-PCR-FREE-ROCHE-SBX-DUPLEX	377862616.0	377833550.0	826.0	28240.0	15057.0	0.7805093763387365	0.9715819170164454	0.9999601507066029	0.3477608148370557	0.6522391851629443	0.6522391851629443	HG003	clinvar_genes	-1	-2	roche	deep19r
R0-HG003-20x-0-D0-PCR-FREE-ROCHE-SBX-DUPLEX-roche-deep19r-INS_gt50	INS_gt50	R0-HG003-20x-0-D0-PCR-FREE-ROCHE-SBX-DUPLEX	377862616.0	377862586.0	26.0	4.0	60.0	0.0851063829787234	0.13333333333333333	0.9999998412121425	0.9375	0.0625	0.0625	HG003	clinvar_genes	-1	-2	roche	deep19r
R0-HG003-20x-0-D0-PCR-FREE-ROCHE-SBX-DUPLEX-roche-deep19r-DEL_50	DEL_50	R0-HG003-20x-0-D0-PCR-FREE-ROCHE-SBX-DUPLEX	377862616.0	377831866.0	624.0	30126.0	15221.0	0.7917789137548129	0.9797073170731707	0.9999597165082815	0.3356561624804287	0.6643438375195714	0.6643438375195713	HG003	clinvar_genes	-1	-2	roche	deep19r
R0-HG003-20x-0-D0-PCR-FREE-ROCHE-SBX-DUPLEX-roche-deep19r-DEL_gt50	DEL_gt50	R0-HG003-20x-0-D0-PCR-FREE-ROCHE-SBX-DUPLEX	377862616.0	377862598.0	14.0	4.0	91.0	0.07079646017699114	0.2222222222222222	0.9999997591717769	0.9578947368421052	0.04210526315789476	0.042105263157894736	HG003	clinvar_genes	-1	-2	roche	deep19r
R0-HG003-20x-0-D0-PCR-FREE-ROCHE-SBX-DUPLEX-roche-deep19r-Indel_50	Indel_50	R0-HG003-20x-0-D0-PCR-FREE-ROCHE-SBX-DUPLEX	377862616.0	377858459.0	41.0	4116.0	4789.0	0.630225080385852	0.9901371181140245	0.9999873261026963	0.5377877596855699	0.4622122403144301	0.4622122403144301	HG003	clinvar_genes	-1	-2	roche	deep19r
R0-HG003-20x-0-D0-PCR-FREE-ROCHE-SBX-DUPLEX-roche-deep19r-Indel_gt50	Indel_gt50	R0-HG003-20x-0-D0-PCR-FREE-ROCHE-SBX-DUPLEX	377862616.0	377862446.0	7.0	163.0	222.0	0.5873873873873874	0.9588235294117647	0.9999994124849614	0.5766233766233766	0.4233766233766234	0.42337662337662335	HG003	clinvar_genes	-1	-2	roche	deep19r
R0-HG003-20x-0-D0-PCR-FREE-ROCHE-SBX-DUPLEX-roche-deep19r-All	All	R0-HG003-20x-0-D0-PCR-FREE-ROCHE-SBX-DUPLEX	377862616.0	377400748.0	9465.0	452403.0	74979.0	0.9146383623957545	0.9795071319078178	0.9998013673605032	0.14217208778456603	0.857827912215434	0.857827912215434	HG003	clinvar_genes	-1	-2	roche	deep19r
R0-HG003-30x-0-D0-PCR-FREE-ROCHE-SBX-DUPLEX-roche-deep19r-SNPts	SNPts	R0-HG003-30x-0-D0-PCR-FREE-ROCHE-SBX-DUPLEX	2799325643.0	2797071243.0	14201.0	2240199.0	137076.0	0.9673385978074887	0.9937007629524486	0.9999509954267372	0.05766097737956274	0.9423390226204372	0.9423390226204372	HG003	ultima	-1	-2	roche	deep19r
R0-HG003-30x-0-D0-PCR-FREE-ROCHE-SBX-DUPLEX-roche-deep19r-SNPtv	SNPtv	R0-HG003-30x-0-D0-PCR-FREE-ROCHE-SBX-DUPLEX	2799325643.0	2798266591.0	8087.0	1050965.0	75268.0	0.9618562338550808	0.9923639254729701	0.9999731026429963	0.06683164140990364	0.9331683585900964	0.9331683585900964	HG003	ultima	-1	-2	roche	deep19r
R0-HG003-30x-0-D0-PCR-FREE-ROCHE-SBX-DUPLEX-roche-deep19r-INS_50	INS_50	R0-HG003-30x-0-D0-PCR-FREE-ROCHE-SBX-DUPLEX	2799325643.0	2799161657.0	1379.0	162607.0	24602.0	0.9260211563376473	0.9915907455514495	0.9999912110171587	0.1314146221602594	0.8685853778397405	0.8685853778397407	HG003	ultima	-1	-2	roche	deep19r
R0-HG003-30x-0-D0-PCR-FREE-ROCHE-SBX-DUPLEX-roche-deep19r-INS_gt50	INS_gt50	R0-HG003-30x-0-D0-PCR-FREE-ROCHE-SBX-DUPLEX	2799325643.0	2799325547.0	84.0	12.0	113.0	0.1085972850678733	0.125	0.9999999596331354	0.904	0.09599999999999997	0.096	HG003	ultima	-1	-2	roche	deep19r
R0-HG003-30x-0-D0-PCR-FREE-ROCHE-SBX-DUPLEX-roche-deep19r-DEL_50	DEL_50	R0-HG003-30x-0-D0-PCR-FREE-ROCHE-SBX-DUPLEX	2799325643.0	2799148539.0	1467.0	175637.0	31168.0	0.9149928759159072	0.9917167314120516	0.9999888653093897	0.15071202340368947	0.8492879765963105	0.8492879765963105	HG003	ultima	-1	-2	roche	deep19r
R0-HG003-30x-0-D0-PCR-FREE-ROCHE-SBX-DUPLEX-roche-deep19r-DEL_gt50	DEL_gt50	R0-HG003-30x-0-D0-PCR-FREE-ROCHE-SBX-DUPLEX	2799325643.0	2799325555.0	64.0	24.0	225.0	0.142433234421365	0.2727272727272727	0.9999999196235031	0.9036144578313253	0.09638554216867468	0.0963855421686747	HG003	ultima	-1	-2	roche	deep19r
R0-HG003-30x-0-D0-PCR-FREE-ROCHE-SBX-DUPLEX-roche-deep19r-Indel_50	Indel_50	R0-HG003-30x-0-D0-PCR-FREE-ROCHE-SBX-DUPLEX	2799325643.0	2799308009.0	32.0	17602.0	2692.0	0.9281797089221684	0.9981853238062833	0.9999990383346875	0.13265004434808317	0.8673499556519169	0.8673499556519169	HG003	ultima	-1	-2	roche	deep19r
R0-HG003-30x-0-D0-PCR-FREE-ROCHE-SBX-DUPLEX-roche-deep19r-Indel_gt50	Indel_gt50	R0-HG003-30x-0-D0-PCR-FREE-ROCHE-SBX-DUPLEX	2799325643.0	2799324699.0	14.0	930.0	449.0	0.8006887645286268	0.9851694915254238	0.9999998396041988	0.3255982596084119	0.6744017403915881	0.6744017403915881	HG003	ultima	-1	-2	roche	deep19r
R0-HG003-30x-0-D0-PCR-FREE-ROCHE-SBX-DUPLEX-roche-deep19r-All	All	R0-HG003-30x-0-D0-PCR-FREE-ROCHE-SBX-DUPLEX	2799325643.0	2795652339.0	25328.0	3647976.0	271593.0	0.960894775930007	0.9931048451203603	0.9999028610911436	0.06929154710632725	0.9307084528936728	0.9307084528936728	HG003	ultima	-1	-2	roche	deep19r
R0-HG003-30x-0-D0-PCR-FREE-ROCHE-SBX-DUPLEX-roche-deep19r-SNPts	SNPts	R0-HG003-30x-0-D0-PCR-FREE-ROCHE-SBX-DUPLEX	337668665.0	337403093.0	4259.0	261313.0	191.0	0.9915571947878485	0.9839629177774766	0.9999994339118525	0.0007303903573176701	0.9992696096426823	0.9992696096426823	HG003	giabHC_x_clinvar_genes	-1	-2	roche	deep19r
R0-HG003-30x-0-D0-PCR-FREE-ROCHE-SBX-DUPLEX-roche-deep19r-SNPtv	SNPtv	R0-HG003-30x-0-D0-PCR-FREE-ROCHE-SBX-DUPLEX	337668665.0	337548363.0	2064.0	118238.0	132.0	0.9907990882885298	0.9828431780020283	0.9999996089450791	0.0011151474191095716	0.9988848525808904	0.9988848525808904	HG003	giabHC_x_clinvar_genes	-1	-2	roche	deep19r
R0-HG003-30x-0-D0-PCR-FREE-ROCHE-SBX-DUPLEX-roche-deep19r-INS_50	INS_50	R0-HG003-30x-0-D0-PCR-FREE-ROCHE-SBX-DUPLEX	337668665.0	337642405.0	408.0	25852.0	35.0	0.9915047845513644	0.9844630616907845	0.9999998963400454	0.001352029976436049	0.998647970023564	0.998647970023564	HG003	giabHC_x_clinvar_genes	-1	-2	roche	deep19r
R0-HG003-30x-0-D0-PCR-FREE-ROCHE-SBX-DUPLEX-roche-deep19r-INS_gt50	INS_gt50	R0-HG003-30x-0-D0-PCR-FREE-ROCHE-SBX-DUPLEX	337668665.0	337668665.0	0.0	0.0	0.0			1.0				HG003	giabHC_x_clinvar_genes	-1	-2	roche	deep19r
R0-HG003-30x-0-D0-PCR-FREE-ROCHE-SBX-DUPLEX-roche-deep19r-DEL_50	DEL_50	R0-HG003-30x-0-D0-PCR-FREE-ROCHE-SBX-DUPLEX	337668665.0	337640761.0	316.0	27588.0	37.0	0.9936429613355183	0.9886754587155964	0.9999998904160865	0.001339366515837104	0.9986606334841629	0.9986606334841629	HG003	giabHC_x_clinvar_genes	-1	-2	roche	deep19r
R0-HG003-30x-0-D0-PCR-FREE-ROCHE-SBX-DUPLEX-roche-deep19r-DEL_gt50	DEL_gt50	R0-HG003-30x-0-D0-PCR-FREE-ROCHE-SBX-DUPLEX	337668665.0	337668665.0	0.0	0.0	0.0			1.0				HG003	giabHC_x_clinvar_genes	-1	-2	roche	deep19r
R0-HG003-30x-0-D0-PCR-FREE-ROCHE-SBX-DUPLEX-roche-deep19r-Indel_50	Indel_50	R0-HG003-30x-0-D0-PCR-FREE-ROCHE-SBX-DUPLEX	337668665.0	337665435.0	9.0	3221.0	13.0	0.9965965346534653	0.9972136222910216	0.9999999615003546	0.004019789734075448	0.9959802102659245	0.9959802102659245	HG003	giabHC_x_clinvar_genes	-1	-2	roche	deep19r
R0-HG003-30x-0-D0-PCR-FREE-ROCHE-SBX-DUPLEX-roche-deep19r-Indel_gt50	Indel_gt50	R0-HG003-30x-0-D0-PCR-FREE-ROCHE-SBX-DUPLEX	337668665.0	337668618.0	0.0	47.0	0.0	1.0	1.0	1.0	0.0	1.0	1.0	HG003	giabHC_x_clinvar_genes	-1	-2	roche	deep19r
R0-HG003-30x-0-D0-PCR-FREE-ROCHE-SBX-DUPLEX-roche-deep19r-All	All	R0-HG003-30x-0-D0-PCR-FREE-ROCHE-SBX-DUPLEX	337668665.0	337225350.0	7056.0	436259.0	408.0	0.9915180083228975	0.9840835523273519	0.9999987901280067	0.0009343504317935635	0.9990656495682064	0.9990656495682064	HG003	giabHC_x_clinvar_genes	-1	-2	roche	deep19r
R0-HG003-30x-0-D0-PCR-FREE-ROCHE-SBX-DUPLEX-roche-deep19r-SNPts	SNPts	R0-HG003-30x-0-D0-PCR-FREE-ROCHE-SBX-DUPLEX	3088286401.0	3085963333.0	36837.0	2286231.0	235464.0	0.9437947738620031	0.9841429523371679	0.9999237042020012	0.0933752892399755	0.9066247107600245	0.9066247107600245	HG003	hg38	-1	-2	roche	deep19r
R0-HG003-30x-0-D0-PCR-FREE-ROCHE-SBX-DUPLEX-roche-deep19r-SNPtv	SNPtv	R0-HG003-30x-0-D0-PCR-FREE-ROCHE-SBX-DUPLEX	3088286401.0	3087178953.0	20494.0	1086954.0	161409.0	0.922785401715163	0.9814943907072837	0.9999477190782116	0.12929652673140746	0.8707034732685925	0.8707034732685925	HG003	hg38	-1	-2	roche	deep19r
R0-HG003-30x-0-D0-PCR-FREE-ROCHE-SBX-DUPLEX-roche-deep19r-INS_50	INS_50	R0-HG003-30x-0-D0-PCR-FREE-ROCHE-SBX-DUPLEX	3088286401.0	3088031028.0	5275.0	250098.0	143927.0	0.7702456736854748	0.9793439400406464	0.9999533941560639	0.3652737770446038	0.6347262229553963	0.6347262229553963	HG003	hg38	-1	-2	roche	deep19r
R0-HG003-30x-0-D0-PCR-FREE-ROCHE-SBX-DUPLEX-roche-deep19r-INS_gt50	INS_gt50	R0-HG003-30x-0-D0-PCR-FREE-ROCHE-SBX-DUPLEX	3088286401.0	3088286164.0	201.0	36.0	676.0	0.07586933614330875	0.1518987341772152	0.9999997811084155	0.949438202247191	0.050561797752809	0.05056179775280899	HG003	hg38	-1	-2	roche	deep19r
R0-HG003-30x-0-D0-PCR-FREE-ROCHE-SBX-DUPLEX-roche-deep19r-DEL_50	DEL_50	R0-HG003-30x-0-D0-PCR-FREE-ROCHE-SBX-DUPLEX	3088286401.0	3088017226.0	4119.0	265056.0	146603.0	0.7786215142016998	0.9846976873780997	0.9999525274538147	0.3561272801031922	0.6438727198968077	0.6438727198968078	HG003	hg38	-1	-2	roche	deep19r
R0-HG003-30x-0-D0-PCR-FREE-ROCHE-SBX-DUPLEX-roche-deep19r-DEL_gt50	DEL_gt50	R0-HG003-30x-0-D0-PCR-FREE-ROCHE-SBX-DUPLEX	3088286401.0	3088286264.0	95.0	42.0	759.0	0.08955223880597016	0.30656934306569344	0.999999754232688	0.947565543071161	0.05243445692883897	0.052434456928838954	HG003	hg38	-1	-2	roche	deep19r
R0-HG003-30x-0-D0-PCR-FREE-ROCHE-SBX-DUPLEX-roche-deep19r-Indel_50	Indel_50	R0-HG003-30x-0-D0-PCR-FREE-ROCHE-SBX-DUPLEX	3088286401.0	3088243890.0	271.0	42240.0	46719.0	0.6425800562866053	0.9936251793653408	0.9999848722138183	0.5251745185984554	0.47482548140154457	0.4748254814015445	HG003	hg38	-1	-2	roche	deep19r
R0-HG003-30x-0-D0-PCR-FREE-ROCHE-SBX-DUPLEX-roche-deep19r-Indel_gt50	Indel_gt50	R0-HG003-30x-0-D0-PCR-FREE-ROCHE-SBX-DUPLEX	3088286401.0	3088284735.0	62.0	1604.0	2402.0	0.5655853314527504	0.9627851140456183	0.9999992222225805	0.599600599101348	0.400399400898652	0.400399400898652	HG003	hg38	-1	-2	roche	deep19r
R0-HG003-30x-0-D0-PCR-FREE-ROCHE-SBX-DUPLEX-roche-deep19r-All	All	R0-HG003-30x-0-D0-PCR-FREE-ROCHE-SBX-DUPLEX	3088286401.0	3084286786.0	67354.0	3932261.0	737959.0	0.9071132264916231	0.9831598791383671	0.9997607931666688	0.15801375524065248	0.8419862447593476	0.8419862447593476	HG003	hg38	-1	-2	roche	deep19r
R0-HG003-30x-0-D0-PCR-FREE-ROCHE-SBX-DUPLEX-roche-deep19r-SNPts	SNPts	R0-HG003-30x-0-D0-PCR-FREE-ROCHE-SBX-DUPLEX	2505355380.0	2503152188.0	12661.0	2190531.0	798.0	0.9969373226342529	0.994253337884306	0.9999996812020662	0.000364162569837756	0.9996358374301623	0.9996358374301623	HG003	giabHC_x_ultima	-1	-2	roche	deep19r
R0-HG003-30x-0-D0-PCR-FREE-ROCHE-SBX-DUPLEX-roche-deep19r-SNPtv	SNPtv	R0-HG003-30x-0-D0-PCR-FREE-ROCHE-SBX-DUPLEX	2505355380.0	2504320734.0	7287.0	1027359.0	742.0	0.9961076176574248	0.9929570113836037	0.9999997037121603	0.000721718975081242	0.9992782810249188	0.9992782810249188	HG003	giabHC_x_ultima	-1	-2	roche	deep19r
R0-HG003-30x-0-D0-PCR-FREE-ROCHE-SBX-DUPLEX-roche-deep19r-INS_50	INS_50	R0-HG003-30x-0-D0-PCR-FREE-ROCHE-SBX-DUPLEX	2505355380.0	2505201683.0	920.0	152777.0	100.0	0.9966729076829737	0.9940141967637625	0.9999999600830557	0.0006541206329271245	0.9993458793670729	0.9993458793670729	HG003	giabHC_x_ultima	-1	-2	roche	deep19r
R0-HG003-30x-0-D0-PCR-FREE-ROCHE-SBX-DUPLEX-roche-deep19r-INS_gt50	INS_gt50	R0-HG003-30x-0-D0-PCR-FREE-ROCHE-SBX-DUPLEX	2505355380.0	2505355380.0	0.0	0.0	1.0			0.9999999996008551	1.0	0.0	0.0	HG003	giabHC_x_ultima	-1	-2	roche	deep19r
R0-HG003-30x-0-D0-PCR-FREE-ROCHE-SBX-DUPLEX-roche-deep19r-DEL_50	DEL_50	R0-HG003-30x-0-D0-PCR-FREE-ROCHE-SBX-DUPLEX	2505355380.0	2505190115.0	810.0	164455.0	106.0	0.9972227780708616	0.9950987807460745	0.9999999576878438	0.0006441380399973262	0.9993558619600027	0.9993558619600027	HG003	giabHC_x_ultima	-1	-2	roche	deep19r
R0-HG003-30x-0-D0-PCR-FREE-ROCHE-SBX-DUPLEX-roche-deep19r-DEL_gt50	DEL_gt50	R0-HG003-30x-0-D0-PCR-FREE-ROCHE-SBX-DUPLEX	2505355380.0	2505355380.0	0.0	0.0	0.0			1.0				HG003	giabHC_x_ultima	-1	-2	roche	deep19r
R0-HG003-30x-0-D0-PCR-FREE-ROCHE-SBX-DUPLEX-roche-deep19r-Indel_50	Indel_50	R0-HG003-30x-0-D0-PCR-FREE-ROCHE-SBX-DUPLEX	2505355380.0	2505341362.0	13.0	14005.0	17.0	0.9989300998573466	0.9990726209159652	0.9999999932144976	0.0012123805448580802	0.9987876194551419	0.9987876194551419	HG003	giabHC_x_ultima	-1	-2	roche	deep19r
R0-HG003-30x-0-D0-PCR-FREE-ROCHE-SBX-DUPLEX-roche-deep19r-Indel_gt50	Indel_gt50	R0-HG003-30x-0-D0-PCR-FREE-ROCHE-SBX-DUPLEX	2505355380.0	2505355008.0	0.0	372.0	0.0	1.0	1.0	1.0	0.0	1.0	1.0	HG003	giabHC_x_ultima	-1	-2	roche	deep19r
R0-HG003-30x-0-D0-PCR-FREE-ROCHE-SBX-DUPLEX-roche-deep19r-All	All	R0-HG003-30x-0-D0-PCR-FREE-ROCHE-SBX-DUPLEX	2505355380.0	2501784190.0	21691.0	3549499.0	1764.0	0.9967068929763383	0.9939261142644329	0.9999992949037079	0.0004967246864003032	0.9995032753135997	0.9995032753135997	HG003	giabHC_x_ultima	-1	-2	roche	deep19r
R0-HG003-30x-0-D0-PCR-FREE-ROCHE-SBX-DUPLEX-roche-deep19r-SNPts	SNPts	R0-HG003-30x-0-D0-PCR-FREE-ROCHE-SBX-DUPLEX	332544085.0	332287239.0	1400.0	255446.0	94.0	0.9970842294676279	0.9945492629824876	0.9999997171122981	0.00036784847773342725	0.9996321515222666	0.9996321515222666	HG003	giabHC_x_ultima_x_clinvar	-1	-2	roche	deep19r
R0-HG003-30x-0-D0-PCR-FREE-ROCHE-SBX-DUPLEX-roche-deep19r-SNPtv	SNPtv	R0-HG003-30x-0-D0-PCR-FREE-ROCHE-SBX-DUPLEX	332544085.0	332429444.0	717.0	113924.0	76.0	0.9965316806696962	0.993745693076648	0.9999997713801109	0.0006666666666666666	0.9993333333333333	0.9993333333333333	HG003	giabHC_x_ultima_x_clinvar	-1	-2	roche	deep19r
R0-HG003-30x-0-D0-PCR-FREE-ROCHE-SBX-DUPLEX-roche-deep19r-INS_50	INS_50	R0-HG003-30x-0-D0-PCR-FREE-ROCHE-SBX-DUPLEX	332544085.0	332526588.0	129.0	17368.0	16.0	0.9958430090880422	0.9926273075384352	0.9999999518835492	0.0009203865623561896	0.9990796134376438	0.9990796134376438	HG003	giabHC_x_ultima_x_clinvar	-1	-2	roche	deep19r
R0-HG003-30x-0-D0-PCR-FREE-ROCHE-SBX-DUPLEX-roche-deep19r-INS_gt50	INS_gt50	R0-HG003-30x-0-D0-PCR-FREE-ROCHE-SBX-DUPLEX	332544085.0	332544085.0	0.0	0.0	0.0			1.0				HG003	giabHC_x_ultima_x_clinvar	-1	-2	roche	deep19r
R0-HG003-30x-0-D0-PCR-FREE-ROCHE-SBX-DUPLEX-roche-deep19r-DEL_50	DEL_50	R0-HG003-30x-0-D0-PCR-FREE-ROCHE-SBX-DUPLEX	332544085.0	332525174.0	111.0	18800.0	11.0	0.9967658130533907	0.994130400296124	0.9999999669197989	0.000584764233693052	0.999415235766307	0.999415235766307	HG003	giabHC_x_ultima_x_clinvar	-1	-2	roche	deep19r
R0-HG003-30x-0-D0-PCR-FREE-ROCHE-SBX-DUPLEX-roche-deep19r-DEL_gt50	DEL_gt50	R0-HG003-30x-0-D0-PCR-FREE-ROCHE-SBX-DUPLEX	332544085.0	332544085.0	0.0	0.0	0.0			1.0				HG003	giabHC_x_ultima_x_clinvar	-1	-2	roche	deep19r
R0-HG003-30x-0-D0-PCR-FREE-ROCHE-SBX-DUPLEX-roche-deep19r-Indel_50	Indel_50	R0-HG003-30x-0-D0-PCR-FREE-ROCHE-SBX-DUPLEX	332544085.0	332542781.0	1.0	1303.0	4.0	0.9980850248946763	0.9992331288343558	0.9999999879714726	0.00306044376434583	0.9969395562356542	0.9969395562356542	HG003	giabHC_x_ultima_x_clinvar	-1	-2	roche	deep19r
R0-HG003-30x-0-D0-PCR-FREE-ROCHE-SBX-DUPLEX-roche-deep19r-Indel_gt50	Indel_gt50	R0-HG003-30x-0-D0-PCR-FREE-ROCHE-SBX-DUPLEX	332544085.0	332544054.0	0.0	31.0	0.0	1.0	1.0	1.0	0.0	1.0	1.0	HG003	giabHC_x_ultima_x_clinvar	-1	-2	roche	deep19r
R0-HG003-30x-0-D0-PCR-FREE-ROCHE-SBX-DUPLEX-roche-deep19r-All	All	R0-HG003-30x-0-D0-PCR-FREE-ROCHE-SBX-DUPLEX	332544085.0	332134855.0	2358.0	406872.0	201.0	0.9968651346375059	0.9942379590939081	0.9999993948244957	0.0004937689308797193	0.9995062310691203	0.9995062310691203	HG003	giabHC_x_ultima_x_clinvar	-1	-2	roche	deep19r
R0-HG003-30x-0-D0-PCR-FREE-ROCHE-SBX-DUPLEX-roche-deep19r-SNPts	SNPts	R0-HG003-30x-0-D0-PCR-FREE-ROCHE-SBX-DUPLEX	377862616.0	377589334.0	5140.0	268142.0	24338.0	0.9478968188036665	0.9811915896400055	0.9999355478845057	0.08321252735229759	0.9167874726477024	0.9167874726477024	HG003	clinvar_genes	-1	-2	roche	deep19r
R0-HG003-30x-0-D0-PCR-FREE-ROCHE-SBX-DUPLEX-roche-deep19r-SNPtv	SNPtv	R0-HG003-30x-0-D0-PCR-FREE-ROCHE-SBX-DUPLEX	377862616.0	377738201.0	2548.0	121867.0	15189.0	0.9321645612706572	0.979520154322228	0.9999597912278166	0.11082331309829559	0.8891766869017044	0.8891766869017044	HG003	clinvar_genes	-1	-2	roche	deep19r
R0-HG003-30x-0-D0-PCR-FREE-ROCHE-SBX-DUPLEX-roche-deep19r-INS_50	INS_50	R0-HG003-30x-0-D0-PCR-FREE-ROCHE-SBX-DUPLEX	377862616.0	377833558.0	698.0	28360.0	15490.0	0.77796675261974	0.9759790763300984	0.9999590047928346	0.3532497149372862	0.6467502850627138	0.6467502850627138	HG003	clinvar_genes	-1	-2	roche	deep19r
R0-HG003-30x-0-D0-PCR-FREE-ROCHE-SBX-DUPLEX-roche-deep19r-INS_gt50	INS_gt50	R0-HG003-30x-0-D0-PCR-FREE-ROCHE-SBX-DUPLEX	377862616.0	377862586.0	24.0	6.0	83.0	0.10084033613445378	0.2	0.9999997803434771	0.9325842696629213	0.0674157303370787	0.06741573033707865	HG003	clinvar_genes	-1	-2	roche	deep19r
R0-HG003-30x-0-D0-PCR-FREE-ROCHE-SBX-DUPLEX-roche-deep19r-DEL_50	DEL_50	R0-HG003-30x-0-D0-PCR-FREE-ROCHE-SBX-DUPLEX	377862616.0	377831911.0	562.0	30143.0	15369.0	0.7909783906477558	0.9816967920534115	0.9999593248362143	0.337691158375813	0.662308841624187	0.662308841624187	HG003	clinvar_genes	-1	-2	roche	deep19r
R0-HG003-30x-0-D0-PCR-FREE-ROCHE-SBX-DUPLEX-roche-deep19r-DEL_gt50	DEL_gt50	R0-HG003-30x-0-D0-PCR-FREE-ROCHE-SBX-DUPLEX	377862616.0	377862598.0	14.0	4.0	99.0	0.06611570247933884	0.2222222222222222	0.9999997380000705	0.9611650485436893	0.03883495145631066	0.038834951456310676	HG003	clinvar_genes	-1	-2	roche	deep19r
R0-HG003-30x-0-D0-PCR-FREE-ROCHE-SBX-DUPLEX-roche-deep19r-Indel_50	Indel_50	R0-HG003-30x-0-D0-PCR-FREE-ROCHE-SBX-DUPLEX	377862616.0	377858427.0	43.0	4146.0	4796.0	0.6314827507425177	0.9897350202912389	0.999987307576636	0.536345336613733	0.46365466338626704	0.46365466338626704	HG003	clinvar_genes	-1	-2	roche	deep19r
R0-HG003-30x-0-D0-PCR-FREE-ROCHE-SBX-DUPLEX-roche-deep19r-Indel_gt50	Indel_gt50	R0-HG003-30x-0-D0-PCR-FREE-ROCHE-SBX-DUPLEX	377862616.0	377862441.0	8.0	167.0	247.0	0.5670628183361631	0.9542857142857143	0.9999993463233925	0.5966183574879227	0.4033816425120773	0.4033816425120773	HG003	clinvar_genes	-1	-2	roche	deep19r
R0-HG003-30x-0-D0-PCR-FREE-ROCHE-SBX-DUPLEX-roche-deep19r-All	All	R0-HG003-30x-0-D0-PCR-FREE-ROCHE-SBX-DUPLEX	377862616.0	377400744.0	9037.0	452835.0	75611.0	0.9145244254875706	0.9804339730488101	0.9997996934139093	0.14308179076007765	0.8569182092399223	0.8569182092399223	HG003	clinvar_genes	-1	-2	roche	deep19r
R0-HG003-30x-0-D0-PCR-FREE-ROCHE-SBX-DUPLEX-roche-deep19r-SNPts	SNPts	R0-HG003-30x-0-D0-PCR-FREE-ROCHE-SBX-DUPLEX	2528531102.0	2526276178.0	31285.0	2223639.0	1185.0	0.9927518244329815	0.9861259182127646	0.9999995309303652	0.0005326264010096978	0.9994673735989903	0.9994673735989903	HG003	giabHC	-1	-2	roche	deep19r
R0-HG003-30x-0-D0-PCR-FREE-ROCHE-SBX-DUPLEX-roche-deep19r-SNPtv	SNPtv	R0-HG003-30x-0-D0-PCR-FREE-ROCHE-SBX-DUPLEX	2528531102.0	2527459046.0	17363.0	1054693.0	958.0	0.9913893219320141	0.9838040177005679	0.9999996209633393	0.0009074968905443181	0.9990925031094556	0.9990925031094556	HG003	giabHC	-1	-2	roche	deep19r
R0-HG003-30x-0-D0-PCR-FREE-ROCHE-SBX-DUPLEX-roche-deep19r-INS_50	INS_50	R0-HG003-30x-0-D0-PCR-FREE-ROCHE-SBX-DUPLEX	2528531102.0	2528302543.0	2699.0	225860.0	260.0	0.9934921120174892	0.9881912328982888	0.9999998971642163	0.001149831947638422	0.9988501680523616	0.9988501680523616	HG003	giabHC	-1	-2	roche	deep19r
R0-HG003-30x-0-D0-PCR-FREE-ROCHE-SBX-DUPLEX-roche-deep19r-INS_gt50	INS_gt50	R0-HG003-30x-0-D0-PCR-FREE-ROCHE-SBX-DUPLEX	2528531102.0	2528531101.0	1.0	0.0	1.0		0.0	0.9999999996045135	1.0	0.0	0.0	HG003	giabHC	-1	-2	roche	deep19r
R0-HG003-30x-0-D0-PCR-FREE-ROCHE-SBX-DUPLEX-roche-deep19r-DEL_50	DEL_50	R0-HG003-30x-0-D0-PCR-FREE-ROCHE-SBX-DUPLEX	2528531102.0	2528288509.0	2078.0	240515.0	345.0	0.9949881374197699	0.9914342128585738	0.9999998635440728	0.0014323673503279914	0.998567632649672	0.998567632649672	HG003	giabHC	-1	-2	roche	deep19r
R0-HG003-30x-0-D0-PCR-FREE-ROCHE-SBX-DUPLEX-roche-deep19r-DEL_gt50	DEL_gt50	R0-HG003-30x-0-D0-PCR-FREE-ROCHE-SBX-DUPLEX	2528531102.0	2528531102.0	0.0	0.0	0.0			1.0				HG003	giabHC	-1	-2	roche	deep19r
R0-HG003-30x-0-D0-PCR-FREE-ROCHE-SBX-DUPLEX-roche-deep19r-Indel_50	Indel_50	R0-HG003-30x-0-D0-PCR-FREE-ROCHE-SBX-DUPLEX	2528531102.0	2528498415.0	52.0	32635.0	76.0	0.9980427536010277	0.9984091534860954	0.9999999699426358	0.0023233774571245146	0.9976766225428755	0.9976766225428755	HG003	giabHC	-1	-2	roche	deep19r
R0-HG003-30x-0-D0-PCR-FREE-ROCHE-SBX-DUPLEX-roche-deep19r-Indel_gt50	Indel_gt50	R0-HG003-30x-0-D0-PCR-FREE-ROCHE-SBX-DUPLEX	2528531102.0	2528530622.0	5.0	475.0	1.0	0.9937238493723849	0.9895833333333334	0.9999999996045134	0.0021008403361344537	0.9978991596638656	0.9978991596638656	HG003	giabHC	-1	-2	roche	deep19r
R0-HG003-30x-0-D0-PCR-FREE-ROCHE-SBX-DUPLEX-roche-deep19r-All	All	R0-HG003-30x-0-D0-PCR-FREE-ROCHE-SBX-DUPLEX	2528531102.0	2524699802.0	53483.0	3777817.0	2826.0	0.9926025457626259	0.9860405084436092	0.9999988806602533	0.0007474918948972436	0.9992525081051028	0.9992525081051028	HG003	giabHC	-1	-2	roche	deep19r
R0-HG003-3x-0-D0-PCR-FREE-ROCHE-SBX-DUPLEX-roche-deep19r-SNPts	SNPts	R0-HG003-3x-0-D0-PCR-FREE-ROCHE-SBX-DUPLEX	337668665.0	337403059.0	73894.0	191712.0	236.0	0.837986336039025	0.7217909233978148	0.9999993005403223	0.0012294996561568758	0.9987705003438431	0.9987705003438431	HG003	giabHC_x_clinvar_genes	-1	-2	roche	deep19r
R0-HG003-3x-0-D0-PCR-FREE-ROCHE-SBX-DUPLEX-roche-deep19r-SNPtv	SNPtv	R0-HG003-3x-0-D0-PCR-FREE-ROCHE-SBX-DUPLEX	337668665.0	337548325.0	33663.0	86677.0	124.0	0.8368888824520496	0.7202675752035899	0.9999996326453273	0.0014285549705648553	0.9985714450294352	0.9985714450294352	HG003	giabHC_x_clinvar_genes	-1	-2	roche	deep19r
R0-HG003-3x-0-D0-PCR-FREE-ROCHE-SBX-DUPLEX-roche-deep19r-INS_50	INS_50	R0-HG003-3x-0-D0-PCR-FREE-ROCHE-SBX-DUPLEX	337668665.0	337641836.0	10350.0	16479.0	291.0	0.7559347691460814	0.6142234149614223	0.9999991381407214	0.017352415026833632	0.9826475849731664	0.9826475849731664	HG003	giabHC_x_clinvar_genes	-1	-2	roche	deep19r
R0-HG003-3x-0-D0-PCR-FREE-ROCHE-SBX-DUPLEX-roche-deep19r-INS_gt50	INS_gt50	R0-HG003-3x-0-D0-PCR-FREE-ROCHE-SBX-DUPLEX	337668665.0	337668665.0	0.0	0.0	0.0			1.0				HG003	giabHC_x_clinvar_genes	-1	-2	roche	deep19r
R0-HG003-3x-0-D0-PCR-FREE-ROCHE-SBX-DUPLEX-roche-deep19r-DEL_50	DEL_50	R0-HG003-3x-0-D0-PCR-FREE-ROCHE-SBX-DUPLEX	337668665.0	337640058.0	10107.0	18500.0	166.0	0.7826877921858143	0.6466948648932079	0.9999995083524171	0.008893174756241294	0.9911068252437587	0.9911068252437587	HG003	giabHC_x_clinvar_genes	-1	-2	roche	deep19r
R0-HG003-3x-0-D0-PCR-FREE-ROCHE-SBX-DUPLEX-roche-deep19r-DEL_gt50	DEL_gt50	R0-HG003-3x-0-D0-PCR-FREE-ROCHE-SBX-DUPLEX	337668665.0	337668665.0	0.0	0.0	0.0			1.0				HG003	giabHC_x_clinvar_genes	-1	-2	roche	deep19r
R0-HG003-3x-0-D0-PCR-FREE-ROCHE-SBX-DUPLEX-roche-deep19r-Indel_50	Indel_50	R0-HG003-3x-0-D0-PCR-FREE-ROCHE-SBX-DUPLEX	337668665.0	337666741.0	1224.0	700.0	10.0	0.5315110098709188	0.36382536382536385	0.9999999703850024	0.014084507042253521	0.9859154929577465	0.9859154929577465	HG003	giabHC_x_clinvar_genes	-1	-2	roche	deep19r
R0-HG003-3x-0-D0-PCR-FREE-ROCHE-SBX-DUPLEX-roche-deep19r-Indel_gt50	Indel_gt50	R0-HG003-3x-0-D0-PCR-FREE-ROCHE-SBX-DUPLEX	337668665.0	337668639.0	22.0	4.0	0.0	0.2666666666666667	0.15384615384615385	1.0	0.0	1.0	1.0	HG003	giabHC_x_clinvar_genes	-1	-2	roche	deep19r
R0-HG003-3x-0-D0-PCR-FREE-ROCHE-SBX-DUPLEX-roche-deep19r-All	All	R0-HG003-3x-0-D0-PCR-FREE-ROCHE-SBX-DUPLEX	337668665.0	337225333.0	129260.0	314072.0	827.0	0.8284335512528503	0.7084352133389875	0.9999975476398391	0.0026262388892946626	0.9973737611107053	0.9973737611107053	HG003	giabHC_x_clinvar_genes	-1	-2	roche	deep19r
R0-HG003-3x-0-D0-PCR-FREE-ROCHE-SBX-DUPLEX-roche-deep19r-SNPts	SNPts	R0-HG003-3x-0-D0-PCR-FREE-ROCHE-SBX-DUPLEX	377862616.0	377589303.0	76941.0	196372.0	15618.0	0.8092758544661788	0.7184875948088821	0.9999586393102118	0.07367328647577716	0.9263267135242228	0.9263267135242228	HG003	clinvar_genes	-1	-2	roche	deep19r
R0-HG003-3x-0-D0-PCR-FREE-ROCHE-SBX-DUPLEX-roche-deep19r-SNPtv	SNPtv	R0-HG003-3x-0-D0-PCR-FREE-ROCHE-SBX-DUPLEX	377862616.0	377738149.0	35343.0	89124.0	9470.0	0.7990997978131543	0.7160452168044542	0.9999749303515796	0.09605046960261274	0.9039495303973872	0.9039495303973872	HG003	clinvar_genes	-1	-2	roche	deep19r
R0-HG003-3x-0-D0-PCR-FREE-ROCHE-SBX-DUPLEX-roche-deep19r-INS_50	INS_50	R0-HG003-3x-0-D0-PCR-FREE-ROCHE-SBX-DUPLEX	377862616.0	377832844.0	11858.0	17914.0	7355.0	0.6509329408986029	0.6017063012226253	0.9999805340987553	0.2910681071668843	0.7089318928331156	0.7089318928331156	HG003	clinvar_genes	-1	-2	roche	deep19r
R0-HG003-3x-0-D0-PCR-FREE-ROCHE-SBX-DUPLEX-roche-deep19r-INS_gt50	INS_gt50	R0-HG003-3x-0-D0-PCR-FREE-ROCHE-SBX-DUPLEX	377862616.0	377862586.0	30.0	0.0	4.0		0.0	0.9999999894141413	1.0	0.0	0.0	HG003	clinvar_genes	-1	-2	roche	deep19r
R0-HG003-3x-0-D0-PCR-FREE-ROCHE-SBX-DUPLEX-roche-deep19r-DEL_50	DEL_50	R0-HG003-3x-0-D0-PCR-FREE-ROCHE-SBX-DUPLEX	377862616.0	377830974.0	11494.0	20148.0	8442.0	0.6690131491565945	0.6367486252449276	0.9999776571748671	0.2952780692549843	0.7047219307450157	0.7047219307450158	HG003	clinvar_genes	-1	-2	roche	deep19r
R0-HG003-3x-0-D0-PCR-FREE-ROCHE-SBX-DUPLEX-roche-deep19r-DEL_gt50	DEL_gt50	R0-HG003-3x-0-D0-PCR-FREE-ROCHE-SBX-DUPLEX	377862616.0	377862598.0	18.0	0.0	16.0		0.0	0.9999999576565677	1.0	0.0	0.0	HG003	clinvar_genes	-1	-2	roche	deep19r
R0-HG003-3x-0-D0-PCR-FREE-ROCHE-SBX-DUPLEX-roche-deep19r-Indel_50	Indel_50	R0-HG003-3x-0-D0-PCR-FREE-ROCHE-SBX-DUPLEX	377862616.0	377860104.0	1670.0	842.0	788.0	0.40656687590535967	0.3351910828025478	0.9999979145764574	0.4834355828220859	0.5165644171779141	0.5165644171779141	HG003	clinvar_genes	-1	-2	roche	deep19r
R0-HG003-3x-0-D0-PCR-FREE-ROCHE-SBX-DUPLEX-roche-deep19r-Indel_gt50	Indel_gt50	R0-HG003-3x-0-D0-PCR-FREE-ROCHE-SBX-DUPLEX	377862616.0	377862513.0	85.0	18.0	13.0	0.26865671641791045	0.17475728155339806	0.9999999655959533	0.41935483870967744	0.5806451612903225	0.5806451612903226	HG003	clinvar_genes	-1	-2	roche	deep19r
R0-HG003-3x-0-D0-PCR-FREE-ROCHE-SBX-DUPLEX-roche-deep19r-All	All	R0-HG003-3x-0-D0-PCR-FREE-ROCHE-SBX-DUPLEX	377862616.0	377400759.0	137439.0	324418.0	41706.0	0.78363633948122	0.7024208791898792	0.9998895036889927	0.11391222645879538	0.8860877735412046	0.8860877735412046	HG003	clinvar_genes	-1	-2	roche	deep19r
R0-HG003-3x-0-D0-PCR-FREE-ROCHE-SBX-DUPLEX-roche-deep19r-SNPts	SNPts	R0-HG003-3x-0-D0-PCR-FREE-ROCHE-SBX-DUPLEX	2799325643.0	2797071277.0	619257.0	1635109.0	92691.0	0.8212158910502476	0.7253076918299868	0.9999668625075039	0.05364683412431995	0.9463531658756801	0.9463531658756801	HG003	ultima	-1	-2	roche	deep19r
R0-HG003-3x-0-D0-PCR-FREE-ROCHE-SBX-DUPLEX-roche-deep19r-SNPtv	SNPtv	R0-HG003-3x-0-D0-PCR-FREE-ROCHE-SBX-DUPLEX	2799325643.0	2798266554.0	291476.0	767613.0	50220.0	0.81794874800338	0.7247861133483589	0.9999820534971356	0.06140617950119401	0.938593820498806	0.938593820498806	HG003	ultima	-1	-2	roche	deep19r
R0-HG003-3x-0-D0-PCR-FREE-ROCHE-SBX-DUPLEX-roche-deep19r-INS_50	INS_50	R0-HG003-3x-0-D0-PCR-FREE-ROCHE-SBX-DUPLEX	2799325643.0	2799159057.0	60171.0	106415.0	14739.0	0.7396608048933064	0.6387991788025404	0.9999947345177277	0.12165508361259224	0.8783449163874077	0.8783449163874077	HG003	ultima	-1	-2	roche	deep19r
R0-HG003-3x-0-D0-PCR-FREE-ROCHE-SBX-DUPLEX-roche-deep19r-INS_gt50	INS_gt50	R0-HG003-3x-0-D0-PCR-FREE-ROCHE-SBX-DUPLEX	2799325643.0	2799325547.0	96.0	0.0	5.0		0.0	0.9999999982138554	1.0	0.0	0.0	HG003	ultima	-1	-2	roche	deep19r
R0-HG003-3x-0-D0-PCR-FREE-ROCHE-SBX-DUPLEX-roche-deep19r-DEL_50	DEL_50	R0-HG003-3x-0-D0-PCR-FREE-ROCHE-SBX-DUPLEX	2799325643.0	2799143988.0	63099.0	118556.0	17182.0	0.7470612143304987	0.6526437477636179	0.9999938617325133	0.12658209197129763	0.8734179080287023	0.8734179080287023	HG003	ultima	-1	-2	roche	deep19r
R0-HG003-3x-0-D0-PCR-FREE-ROCHE-SBX-DUPLEX-roche-deep19r-DEL_gt50	DEL_gt50	R0-HG003-3x-0-D0-PCR-FREE-ROCHE-SBX-DUPLEX	2799325643.0	2799325554.0	86.0	3.0	22.0	0.05263157894736842	0.033707865168539325	0.9999999921409641	0.88	0.12	0.12	HG003	ultima	-1	-2	roche	deep19r
R0-HG003-3x-0-D0-PCR-FREE-ROCHE-SBX-DUPLEX-roche-deep19r-Indel_50	Indel_50	R0-HG003-3x-0-D0-PCR-FREE-ROCHE-SBX-DUPLEX	2799325643.0	2799315636.0	6947.0	3060.0	452.0	0.45269620534063176	0.3057859498351154	0.9999998385319894	0.12870159453302962	0.8712984054669703	0.8712984054669703	HG003	ultima	-1	-2	roche	deep19r
R0-HG003-3x-0-D0-PCR-FREE-ROCHE-SBX-DUPLEX-roche-deep19r-Indel_gt50	Indel_gt50	R0-HG003-3x-0-D0-PCR-FREE-ROCHE-SBX-DUPLEX	2799325643.0	2799325079.0	428.0	136.0	63.0	0.35648754914809955	0.24113475177304963	0.9999999774945757	0.3165829145728643	0.6834170854271358	0.6834170854271356	HG003	ultima	-1	-2	roche	deep19r
R0-HG003-3x-0-D0-PCR-FREE-ROCHE-SBX-DUPLEX-roche-deep19r-All	All	R0-HG003-3x-0-D0-PCR-FREE-ROCHE-SBX-DUPLEX	2799325643.0	2795653191.0	1041560.0	2630892.0	175374.0	0.8121643819039508	0.7163856736589069	0.999937272977966	0.062493719412201124	0.9375062805877988	0.9375062805877988	HG003	ultima	-1	-2	roche	deep19r
R0-HG003-3x-0-D0-PCR-FREE-ROCHE-SBX-DUPLEX-roche-deep19r-SNPts	SNPts	R0-HG003-3x-0-D0-PCR-FREE-ROCHE-SBX-DUPLEX	2528531102.0	2526275970.0	635920.0	1619212.0	1426.0	0.8355562894599009	0.7180120720206179	0.9999994355330882	0.0008799003849101403	0.9991200996150899	0.9991200996150899	HG003	giabHC	-1	-2	roche	deep19r
R0-HG003-3x-0-D0-PCR-FREE-ROCHE-SBX-DUPLEX-roche-deep19r-SNPtv	SNPtv	R0-HG003-3x-0-D0-PCR-FREE-ROCHE-SBX-DUPLEX	2528531102.0	2527458711.0	305533.0	766858.0	818.0	0.8335109536772303	0.7150917902145766	0.9999996763548573	0.0010655536971326445	0.9989344463028673	0.9989344463028673	HG003	giabHC	-1	-2	roche	deep19r
R0-HG003-3x-0-D0-PCR-FREE-ROCHE-SBX-DUPLEX-roche-deep19r-INS_50	INS_50	R0-HG003-3x-0-D0-PCR-FREE-ROCHE-SBX-DUPLEX	2528531102.0	2528296423.0	92207.0	142472.0	2638.0	0.7502692284400022	0.6070930931186855	0.9999989566107741	0.018179312245882435	0.9818206877541176	0.9818206877541176	HG003	giabHC	-1	-2	roche	deep19r
R0-HG003-3x-0-D0-PCR-FREE-ROCHE-SBX-DUPLEX-roche-deep19r-INS_gt50	INS_gt50	R0-HG003-3x-0-D0-PCR-FREE-ROCHE-SBX-DUPLEX	2528531102.0	2528531101.0	1.0	0.0	0.0		0.0	1.0				HG003	giabHC	-1	-2	roche	deep19r
R0-HG003-3x-0-D0-PCR-FREE-ROCHE-SBX-DUPLEX-roche-deep19r-DEL_50	DEL_50	R0-HG003-3x-0-D0-PCR-FREE-ROCHE-SBX-DUPLEX	2528531102.0	2528281173.0	89210.0	160719.0	1434.0	0.7800340708888037	0.6430586286505368	0.9999994328165704	0.008843499657730661	0.9911565003422693	0.9911565003422693	HG003	giabHC	-1	-2	roche	deep19r
R0-HG003-3x-0-D0-PCR-FREE-ROCHE-SBX-DUPLEX-roche-deep19r-DEL_gt50	DEL_gt50	R0-HG003-3x-0-D0-PCR-FREE-ROCHE-SBX-DUPLEX	2528531102.0	2528531102.0	0.0	0.0	1.0			0.9999999996045135	1.0	0.0	0.0	HG003	giabHC	-1	-2	roche	deep19r
R0-HG003-3x-0-D0-PCR-FREE-ROCHE-SBX-DUPLEX-roche-deep19r-Indel_50	Indel_50	R0-HG003-3x-0-D0-PCR-FREE-ROCHE-SBX-DUPLEX	2528531102.0	2528511997.0	12650.0	6455.0	65.0	0.5038048780487805	0.33786966762627585	0.9999999742931818	0.009969325153374233	0.9900306748466258	0.9900306748466258	HG003	giabHC	-1	-2	roche	deep19r
R0-HG003-3x-0-D0-PCR-FREE-ROCHE-SBX-DUPLEX-roche-deep19r-Indel_gt50	Indel_gt50	R0-HG003-3x-0-D0-PCR-FREE-ROCHE-SBX-DUPLEX	2528531102.0	2528530823.0	216.0	63.0	0.0	0.3684210526315789	0.22580645161290322	1.0	0.0	1.0	1.0	HG003	giabHC	-1	-2	roche	deep19r
R0-HG003-3x-0-D0-PCR-FREE-ROCHE-SBX-DUPLEX-roche-deep19r-All	All	R0-HG003-3x-0-D0-PCR-FREE-ROCHE-SBX-DUPLEX	2528531102.0	2524699586.0	1135737.0	2695779.0	6382.0	0.825195062443399	0.7035802538734015	0.9999974721808872	0.002361813378255404	0.9976381866217446	0.9976381866217446	HG003	giabHC	-1	-2	roche	deep19r
R0-HG003-3x-0-D0-PCR-FREE-ROCHE-SBX-DUPLEX-roche-deep19r-SNPts	SNPts	R0-HG003-3x-0-D0-PCR-FREE-ROCHE-SBX-DUPLEX	2505355380.0	2503152214.0	602031.0	1601135.0	1004.0	0.841527814459025	0.7267427874250056	0.9999995989058948	0.0006266622309300254	0.99937333776907	0.99937333776907	HG003	giabHC_x_ultima	-1	-2	roche	deep19r
R0-HG003-3x-0-D0-PCR-FREE-ROCHE-SBX-DUPLEX-roche-deep19r-SNPtv	SNPtv	R0-HG003-3x-0-D0-PCR-FREE-ROCHE-SBX-DUPLEX	2505355380.0	2504320728.0	283272.0	751380.0	497.0	0.8411618283274439	0.7262151911947206	0.9999998015430309	0.0006610123730344192	0.9993389876269656	0.9993389876269656	HG003	giabHC_x_ultima	-1	-2	roche	deep19r
R0-HG003-3x-0-D0-PCR-FREE-ROCHE-SBX-DUPLEX-roche-deep19r-INS_50	INS_50	R0-HG003-3x-0-D0-PCR-FREE-ROCHE-SBX-DUPLEX	2505355380.0	2505199420.0	55447.0	100513.0	1553.0	0.7790920294854006	0.6444793536804309	0.9999993800896548	0.015215644778868576	0.9847843552211314	0.9847843552211314	HG003	giabHC_x_ultima	-1	-2	roche	deep19r
R0-HG003-3x-0-D0-PCR-FREE-ROCHE-SBX-DUPLEX-roche-deep19r-INS_gt50	INS_gt50	R0-HG003-3x-0-D0-PCR-FREE-ROCHE-SBX-DUPLEX	2505355380.0	2505355380.0	0.0	0.0	0.0			1.0				HG003	giabHC_x_ultima	-1	-2	roche	deep19r
R0-HG003-3x-0-D0-PCR-FREE-ROCHE-SBX-DUPLEX-roche-deep19r-DEL_50	DEL_50	R0-HG003-3x-0-D0-PCR-FREE-ROCHE-SBX-DUPLEX	2505355380.0	2505186531.0	57511.0	111338.0	500.0	0.7933249491426394	0.6593938963215654	0.9999998004141033	0.004470752338203473	0.9955292476617965	0.9955292476617965	HG003	giabHC_x_ultima	-1	-2	roche	deep19r
R0-HG003-3x-0-D0-PCR-FREE-ROCHE-SBX-DUPLEX-roche-deep19r-DEL_gt50	DEL_gt50	R0-HG003-3x-0-D0-PCR-FREE-ROCHE-SBX-DUPLEX	2505355380.0	2505355380.0	0.0	0.0	1.0			0.9999999996008551	1.0	0.0	0.0	HG003	giabHC_x_ultima	-1	-2	roche	deep19r
R0-HG003-3x-0-D0-PCR-FREE-ROCHE-SBX-DUPLEX-roche-deep19r-Indel_50	Indel_50	R0-HG003-3x-0-D0-PCR-FREE-ROCHE-SBX-DUPLEX	2505355380.0	2505347466.0	5425.0	2489.0	6.0	0.4782399846286868	0.3145059388425575	0.9999999976051226	0.002404809619238477	0.9975951903807615	0.9975951903807615	HG003	giabHC_x_ultima	-1	-2	roche	deep19r
R0-HG003-3x-0-D0-PCR-FREE-ROCHE-SBX-DUPLEX-roche-deep19r-Indel_gt50	Indel_gt50	R0-HG003-3x-0-D0-PCR-FREE-ROCHE-SBX-DUPLEX	2505355380.0	2505355173.0	156.0	51.0	0.0	0.39534883720930236	0.2463768115942029	1.0	0.0	1.0	1.0	HG003	giabHC_x_ultima	-1	-2	roche	deep19r
R0-HG003-3x-0-D0-PCR-FREE-ROCHE-SBX-DUPLEX-roche-deep19r-All	All	R0-HG003-3x-0-D0-PCR-FREE-ROCHE-SBX-DUPLEX	2505355380.0	2501784632.0	1003842.0	2566906.0	3561.0	0.8359603107854066	0.7188706679944931	0.9999985766181126	0.0013853513777846594	0.9986146486222154	0.9986146486222154	HG003	giabHC_x_ultima	-1	-2	roche	deep19r
R0-HG003-3x-0-D0-PCR-FREE-ROCHE-SBX-DUPLEX-roche-deep19r-SNPts	SNPts	R0-HG003-3x-0-D0-PCR-FREE-ROCHE-SBX-DUPLEX	3088286401.0	3085962940.0	662707.0	1660754.0	145388.0	0.8043165408393977	0.7147759312508366	0.9999528895344726	0.08049643937187663	0.9195035606281233	0.9195035606281233	HG003	hg38	-1	-2	roche	deep19r
R0-HG003-3x-0-D0-PCR-FREE-ROCHE-SBX-DUPLEX-roche-deep19r-SNPtv	SNPtv	R0-HG003-3x-0-D0-PCR-FREE-ROCHE-SBX-DUPLEX	3088286401.0	3087178461.0	319827.0	788113.0	94273.0	0.7919436313448148	0.7113318410744264	0.9999694639871102	0.10683873044223277	0.8931612695577672	0.8931612695577672	HG003	hg38	-1	-2	roche	deep19r
R0-HG003-3x-0-D0-PCR-FREE-ROCHE-SBX-DUPLEX-roche-deep19r-INS_50	INS_50	R0-HG003-3x-0-D0-PCR-FREE-ROCHE-SBX-DUPLEX	3088286401.0	3088023606.0	107094.0	155701.0	66226.0	0.6424342200271496	0.5924808310660401	0.9999785543803442	0.2984134422580398	0.7015865577419602	0.7015865577419602	HG003	hg38	-1	-2	roche	deep19r
R0-HG003-3x-0-D0-PCR-FREE-ROCHE-SBX-DUPLEX-roche-deep19r-INS_gt50	INS_gt50	R0-HG003-3x-0-D0-PCR-FREE-ROCHE-SBX-DUPLEX	3088286401.0	3088286163.0	238.0	0.0	42.0		0.0	0.9999999864002243	1.0	0.0	0.0	HG003	hg38	-1	-2	roche	deep19r
R0-HG003-3x-0-D0-PCR-FREE-ROCHE-SBX-DUPLEX-roche-deep19r-DEL_50	DEL_50	R0-HG003-3x-0-D0-PCR-FREE-ROCHE-SBX-DUPLEX	3088286401.0	3088007850.0	102638.0	175913.0	77239.0	0.6616964734071464	0.6315288762201536	0.9999749880596636	0.3051091834154974	0.6948908165845026	0.6948908165845026	HG003	hg38	-1	-2	roche	deep19r
R0-HG003-3x-0-D0-PCR-FREE-ROCHE-SBX-DUPLEX-roche-deep19r-DEL_gt50	DEL_gt50	R0-HG003-3x-0-D0-PCR-FREE-ROCHE-SBX-DUPLEX	3088286401.0	3088286263.0	134.0	4.0	99.0	0.03319502074688797	0.028985507246376812	0.9999999679433872	0.9611650485436893	0.03883495145631066	0.038834951456310676	HG003	hg38	-1	-2	roche	deep19r
R0-HG003-3x-0-D0-PCR-FREE-ROCHE-SBX-DUPLEX-roche-deep19r-Indel_50	Indel_50	R0-HG003-3x-0-D0-PCR-FREE-ROCHE-SBX-DUPLEX	3088286401.0	3088261009.0	17477.0	7915.0	6826.0	0.3944384920140533	0.31171235034656586	0.9999977896994805	0.4630622074486127	0.5369377925513873	0.5369377925513873	HG003	hg38	-1	-2	roche	deep19r
R0-HG003-3x-0-D0-PCR-FREE-ROCHE-SBX-DUPLEX-roche-deep19r-Indel_gt50	Indel_gt50	R0-HG003-3x-0-D0-PCR-FREE-ROCHE-SBX-DUPLEX	3088286401.0	3088285293.0	931.0	177.0	156.0	0.24566273421235257	0.15974729241877256	0.9999999494865347	0.46846846846846846	0.5315315315315315	0.5315315315315315	HG003	hg38	-1	-2	roche	deep19r
R0-HG003-3x-0-D0-PCR-FREE-ROCHE-SBX-DUPLEX-roche-deep19r-All	All	R0-HG003-3x-0-D0-PCR-FREE-ROCHE-SBX-DUPLEX	3088286401.0	3084286778.0	1211046.0	2788577.0	390249.0	0.7769302254567805	0.6972099620389222	0.9998734878897907	0.1227651340463429	0.8772348659536571	0.8772348659536571	HG003	hg38	-1	-2	roche	deep19r
R0-HG003-3x-0-D0-PCR-FREE-ROCHE-SBX-DUPLEX-roche-deep19r-SNPts	SNPts	R0-HG003-3x-0-D0-PCR-FREE-ROCHE-SBX-DUPLEX	332544085.0	332287240.0	68625.0	188220.0	138.0	0.8455468628917595	0.7328155113005899	0.9999995846968344	0.0007326474054725576	0.9992673525945275	0.9992673525945275	HG003	giabHC_x_ultima_x_clinvar	-1	-2	roche	deep19r
R0-HG003-3x-0-D0-PCR-FREE-ROCHE-SBX-DUPLEX-roche-deep19r-SNPtv	SNPtv	R0-HG003-3x-0-D0-PCR-FREE-ROCHE-SBX-DUPLEX	332544085.0	332429457.0	30618.0	84010.0	70.0	0.845562332669042	0.7328924870014307	0.999999789429054	0.0008325404376784015	0.9991674595623216	0.9991674595623216	HG003	giabHC_x_ultima_x_clinvar	-1	-2	roche	deep19r
R0-HG003-3x-0-D0-PCR-FREE-ROCHE-SBX-DUPLEX-roche-deep19r-INS_50	INS_50	R0-HG003-3x-0-D0-PCR-FREE-ROCHE-SBX-DUPLEX	332544085.0	332526394.0	6109.0	11582.0	176.0	0.7865801894801181	0.6546831722344695	0.9999994707189864	0.014968532063276068	0.9850314679367239	0.9850314679367239	HG003	giabHC_x_ultima_x_clinvar	-1	-2	roche	deep19r
R0-HG003-3x-0-D0-PCR-FREE-ROCHE-SBX-DUPLEX-roche-deep19r-INS_gt50	INS_gt50	R0-HG003-3x-0-D0-PCR-FREE-ROCHE-SBX-DUPLEX	332544085.0	332544085.0	0.0	0.0	0.0			1.0				HG003	giabHC_x_ultima_x_clinvar	-1	-2	roche	deep19r
R0-HG003-3x-0-D0-PCR-FREE-ROCHE-SBX-DUPLEX-roche-deep19r-DEL_50	DEL_50	R0-HG003-3x-0-D0-PCR-FREE-ROCHE-SBX-DUPLEX	332544085.0	332524831.0	6459.0	12795.0	60.0	0.7969728113613006	0.6645372390152695	0.9999998195623798	0.004667444574095682	0.9953325554259043	0.9953325554259043	HG003	giabHC_x_ultima_x_clinvar	-1	-2	roche	deep19r
R0-HG003-3x-0-D0-PCR-FREE-ROCHE-SBX-DUPLEX-roche-deep19r-DEL_gt50	DEL_gt50	R0-HG003-3x-0-D0-PCR-FREE-ROCHE-SBX-DUPLEX	332544085.0	332544085.0	0.0	0.0	0.0			1.0				HG003	giabHC_x_ultima_x_clinvar	-1	-2	roche	deep19r
R0-HG003-3x-0-D0-PCR-FREE-ROCHE-SBX-DUPLEX-roche-deep19r-Indel_50	Indel_50	R0-HG003-3x-0-D0-PCR-FREE-ROCHE-SBX-DUPLEX	332544085.0	332543360.0	474.0	251.0	1.0	0.5138178096212896	0.34620689655172415	0.9999999969928733	0.003968253968253968	0.996031746031746	0.996031746031746	HG003	giabHC_x_ultima_x_clinvar	-1	-2	roche	deep19r
R0-HG003-3x-0-D0-PCR-FREE-ROCHE-SBX-DUPLEX-roche-deep19r-Indel_gt50	Indel_gt50	R0-HG003-3x-0-D0-PCR-FREE-ROCHE-SBX-DUPLEX	332544085.0	332544069.0	13.0	3.0	0.0	0.3157894736842105	0.1875	1.0	0.0	1.0	1.0	HG003	giabHC_x_ultima_x_clinvar	-1	-2	roche	deep19r
R0-HG003-3x-0-D0-PCR-FREE-ROCHE-SBX-DUPLEX-roche-deep19r-All	All	R0-HG003-3x-0-D0-PCR-FREE-ROCHE-SBX-DUPLEX	332544085.0	332134926.0	112298.0	296861.0	445.0	0.8404124762019349	0.725539460209845	0.9999986601848557	0.0014967743671503435	0.9985032256328497	0.9985032256328497	HG003	giabHC_x_ultima_x_clinvar	-1	-2	roche	deep19r
R0-HG003-40x-0-D0-PCR-FREE-ROCHE-SBX-DUPLEX-roche-deep19r-SNPts	SNPts	R0-HG003-40x-0-D0-PCR-FREE-ROCHE-SBX-DUPLEX	2528531102.0	2526276171.0	31632.0	2223299.0	1095.0	0.9926937652436472	0.9859720763074347	0.9999995665558905	0.0004922689055985585	0.9995077310944014	0.9995077310944014	HG003	giabHC	-1	-2	roche	deep19r
R0-HG003-40x-0-D0-PCR-FREE-ROCHE-SBX-DUPLEX-roche-deep19r-SNPtv	SNPtv	R0-HG003-40x-0-D0-PCR-FREE-ROCHE-SBX-DUPLEX	2528531102.0	2527459044.0	17505.0	1054553.0	933.0	0.9913336692449133	0.9836715923951875	0.9999996308546887	0.0008839529846914123	0.9991160470153085	0.9991160470153085	HG003	giabHC	-1	-2	roche	deep19r
R0-HG003-40x-0-D0-PCR-FREE-ROCHE-SBX-DUPLEX-roche-deep19r-INS_50	INS_50	R0-HG003-40x-0-D0-PCR-FREE-ROCHE-SBX-DUPLEX	2528531102.0	2528302574.0	2390.0	226138.0	249.0	0.9941989162810635	0.9895417629349577	0.9999999015149619	0.0010998864775804264	0.9989001135224196	0.9989001135224196	HG003	giabHC	-1	-2	roche	deep19r
R0-HG003-40x-0-D0-PCR-FREE-ROCHE-SBX-DUPLEX-roche-deep19r-INS_gt50	INS_gt50	R0-HG003-40x-0-D0-PCR-FREE-ROCHE-SBX-DUPLEX	2528531102.0	2528531101.0	1.0	0.0	0.0		0.0	1.0				HG003	giabHC	-1	-2	roche	deep19r
R0-HG003-40x-0-D0-PCR-FREE-ROCHE-SBX-DUPLEX-roche-deep19r-DEL_50	DEL_50	R0-HG003-40x-0-D0-PCR-FREE-ROCHE-SBX-DUPLEX	2528531102.0	2528288523.0	2039.0	240540.0	280.0	0.9952027207338038	0.9915944908668929	0.9999998892531582	0.0011626941283946516	0.9988373058716054	0.9988373058716054	HG003	giabHC	-1	-2	roche	deep19r
R0-HG003-40x-0-D0-PCR-FREE-ROCHE-SBX-DUPLEX-roche-deep19r-DEL_gt50	DEL_gt50	R0-HG003-40x-0-D0-PCR-FREE-ROCHE-SBX-DUPLEX	2528531102.0	2528531102.0	0.0	0.0	0.0			1.0				HG003	giabHC	-1	-2	roche	deep19r
R0-HG003-40x-0-D0-PCR-FREE-ROCHE-SBX-DUPLEX-roche-deep19r-Indel_50	Indel_50	R0-HG003-40x-0-D0-PCR-FREE-ROCHE-SBX-DUPLEX	2528531102.0	2528498408.0	36.0	32658.0	75.0	0.9983034527030125	0.9988988805285374	0.9999999703381274	0.002291265695170012	0.99770873430483	0.99770873430483	HG003	giabHC	-1	-2	roche	deep19r
R0-HG003-40x-0-D0-PCR-FREE-ROCHE-SBX-DUPLEX-roche-deep19r-Indel_gt50	Indel_gt50	R0-HG003-40x-0-D0-PCR-FREE-ROCHE-SBX-DUPLEX	2528531102.0	2528530617.0	3.0	482.0	0.0	0.9968976215098242	0.9938144329896907	1.0	0.0	1.0	1.0	HG003	giabHC	-1	-2	roche	deep19r
R0-HG003-40x-0-D0-PCR-FREE-ROCHE-SBX-DUPLEX-roche-deep19r-All	All	R0-HG003-40x-0-D0-PCR-FREE-ROCHE-SBX-DUPLEX	2528531102.0	2524699826.0	53606.0	3777670.0	2632.0	0.9926115189255106	0.9860083168114226	0.9999989575009159	0.0006962406707189002	0.9993037593292811	0.9993037593292811	HG003	giabHC	-1	-2	roche	deep19r
R0-HG003-40x-0-D0-PCR-FREE-ROCHE-SBX-DUPLEX-roche-deep19r-SNPts	SNPts	R0-HG003-40x-0-D0-PCR-FREE-ROCHE-SBX-DUPLEX	337668665.0	337403092.0	4345.0	261228.0	180.0	0.9914133526635686	0.9836391500642008	0.9999994665137687	0.0006885787734116783	0.9993114212265883	0.9993114212265883	HG003	giabHC_x_clinvar_genes	-1	-2	roche	deep19r
R0-HG003-40x-0-D0-PCR-FREE-ROCHE-SBX-DUPLEX-roche-deep19r-SNPtv	SNPtv	R0-HG003-40x-0-D0-PCR-FREE-ROCHE-SBX-DUPLEX	337668665.0	337548377.0	2062.0	118226.0	120.0	0.9908562903861144	0.9828578079276403	0.9999996444955286	0.0010139759687695401	0.9989860240312305	0.9989860240312305	HG003	giabHC_x_clinvar_genes	-1	-2	roche	deep19r
R0-HG003-40x-0-D0-PCR-FREE-ROCHE-SBX-DUPLEX-roche-deep19r-INS_50	INS_50	R0-HG003-40x-0-D0-PCR-FREE-ROCHE-SBX-DUPLEX	337668665.0	337642403.0	373.0	25889.0	28.0	0.9923149159623603	0.9857969690046455	0.9999999170720341	0.001080371956630783	0.9989196280433692	0.9989196280433692	HG003	giabHC_x_clinvar_genes	-1	-2	roche	deep19r
R0-HG003-40x-0-D0-PCR-FREE-ROCHE-SBX-DUPLEX-roche-deep19r-INS_gt50	INS_gt50	R0-HG003-40x-0-D0-PCR-FREE-ROCHE-SBX-DUPLEX	337668665.0	337668665.0	0.0	0.0	0.0			1.0				HG003	giabHC_x_clinvar_genes	-1	-2	roche	deep19r
R0-HG003-40x-0-D0-PCR-FREE-ROCHE-SBX-DUPLEX-roche-deep19r-DEL_50	DEL_50	R0-HG003-40x-0-D0-PCR-FREE-ROCHE-SBX-DUPLEX	337668665.0	337640759.0	316.0	27590.0	31.0	0.9937507879049832	0.9886762703361285	0.9999999081864487	0.001122334455667789	0.9988776655443322	0.9988776655443322	HG003	giabHC_x_clinvar_genes	-1	-2	roche	deep19r
R0-HG003-40x-0-D0-PCR-FREE-ROCHE-SBX-DUPLEX-roche-deep19r-DEL_gt50	DEL_gt50	R0-HG003-40x-0-D0-PCR-FREE-ROCHE-SBX-DUPLEX	337668665.0	337668665.0	0.0	0.0	0.0			1.0				HG003	giabHC_x_clinvar_genes	-1	-2	roche	deep19r
R0-HG003-40x-0-D0-PCR-FREE-ROCHE-SBX-DUPLEX-roche-deep19r-Indel_50	Indel_50	R0-HG003-40x-0-D0-PCR-FREE-ROCHE-SBX-DUPLEX	337668665.0	337665434.0	10.0	3221.0	12.0	0.9965965346534653	0.9969049829774064	0.9999999644618656	0.0037117228580266005	0.9962882771419734	0.9962882771419734	HG003	giabHC_x_clinvar_genes	-1	-2	roche	deep19r
R0-HG003-40x-0-D0-PCR-FREE-ROCHE-SBX-DUPLEX-roche-deep19r-Indel_gt50	Indel_gt50	R0-HG003-40x-0-D0-PCR-FREE-ROCHE-SBX-DUPLEX	337668665.0	337668618.0	0.0	47.0	0.0	1.0	1.0	1.0	0.0	1.0	1.0	HG003	giabHC_x_clinvar_genes	-1	-2	roche	deep19r
R0-HG003-40x-0-D0-PCR-FREE-ROCHE-SBX-DUPLEX-roche-deep19r-All	All	R0-HG003-40x-0-D0-PCR-FREE-ROCHE-SBX-DUPLEX	337668665.0	337225358.0	7106.0	436201.0	371.0	0.9915022406489984	0.9839704764418338	0.9999988998466959	0.0008498025526144599	0.9991501974473855	0.9991501974473855	HG003	giabHC_x_clinvar_genes	-1	-2	roche	deep19r
R0-HG003-40x-0-D0-PCR-FREE-ROCHE-SBX-DUPLEX-roche-deep19r-SNPts	SNPts	R0-HG003-40x-0-D0-PCR-FREE-ROCHE-SBX-DUPLEX	3088286401.0	3085963341.0	37172.0	2285888.0	236242.0	0.9435700147981813	0.9839986913811954	0.9999234521314495	0.09366765392743436	0.9063323460725656	0.9063323460725656	HG003	hg38	-1	-2	roche	deep19r
R0-HG003-40x-0-D0-PCR-FREE-ROCHE-SBX-DUPLEX-roche-deep19r-SNPtv	SNPtv	R0-HG003-40x-0-D0-PCR-FREE-ROCHE-SBX-DUPLEX	3088286401.0	3087178959.0	20638.0	1086804.0	163427.0	0.9219293769746696	0.9813642610628819	0.9999470654758795	0.13071744341645664	0.8692825565835434	0.8692825565835434	HG003	hg38	-1	-2	roche	deep19r
R0-HG003-40x-0-D0-PCR-FREE-ROCHE-SBX-DUPLEX-roche-deep19r-INS_50	INS_50	R0-HG003-40x-0-D0-PCR-FREE-ROCHE-SBX-DUPLEX	3088286401.0	3088031086.0	4886.0	250429.0	146172.0	0.7682860982089716	0.9808628556880716	0.9999526672247776	0.368561854357402	0.6314381456425979	0.6314381456425979	HG003	hg38	-1	-2	roche	deep19r
R0-HG003-40x-0-D0-PCR-FREE-ROCHE-SBX-DUPLEX-roche-deep19r-INS_gt50	INS_gt50	R0-HG003-40x-0-D0-PCR-FREE-ROCHE-SBX-DUPLEX	3088286401.0	3088286164.0	199.0	38.0	743.0	0.07465618860510806	0.16033755274261605	0.9999997594135447	0.9513444302176697	0.04865556978233032	0.04865556978233035	HG003	hg38	-1	-2	roche	deep19r
R0-HG003-40x-0-D0-PCR-FREE-ROCHE-SBX-DUPLEX-roche-deep19r-DEL_50	DEL_50	R0-HG003-40x-0-D0-PCR-FREE-ROCHE-SBX-DUPLEX	3088286401.0	3088017290.0	4112.0	264999.0	147338.0	0.7777526678484639	0.9847200597522955	0.9999522894606512	0.35732422751293236	0.6426757724870676	0.6426757724870676	HG003	hg38	-1	-2	roche	deep19r
R0-HG003-40x-0-D0-PCR-FREE-ROCHE-SBX-DUPLEX-roche-deep19r-DEL_gt50	DEL_gt50	R0-HG003-40x-0-D0-PCR-FREE-ROCHE-SBX-DUPLEX	3088286401.0	3088286263.0	101.0	37.0	756.0	0.079484425349087	0.26811594202898553	0.9999997552041001	0.9533417402269861	0.046658259773013855	0.04665825977301387	HG003	hg38	-1	-2	roche	deep19r
R0-HG003-40x-0-D0-PCR-FREE-ROCHE-SBX-DUPLEX-roche-deep19r-Indel_50	Indel_50	R0-HG003-40x-0-D0-PCR-FREE-ROCHE-SBX-DUPLEX	3088286401.0	3088243837.0	246.0	42318.0	46591.0	0.6437519490693906	0.9942204680011277	0.9999849136598108	0.5240301881699265	0.4759698118300735	0.4759698118300734	HG003	hg38	-1	-2	roche	deep19r
R0-HG003-40x-0-D0-PCR-FREE-ROCHE-SBX-DUPLEX-roche-deep19r-Indel_gt50	Indel_gt50	R0-HG003-40x-0-D0-PCR-FREE-ROCHE-SBX-DUPLEX	3088286401.0	3088284712.0	57.0	1632.0	2488.0	0.5618867274918231	0.9662522202486679	0.9999991943754454	0.6038834951456311	0.3961165048543689	0.39611650485436894	HG003	hg38	-1	-2	roche	deep19r
R0-HG003-40x-0-D0-PCR-FREE-ROCHE-SBX-DUPLEX-roche-deep19r-All	All	R0-HG003-40x-0-D0-PCR-FREE-ROCHE-SBX-DUPLEX	3088286401.0	3084286845.0	67411.0	3932145.0	743757.0	0.9064985387514988	0.9831453791370842	0.9997589142229196	0.15906171686232945	0.8409382831376706	0.8409382831376705	HG003	hg38	-1	-2	roche	deep19r
R0-HG003-40x-0-D0-PCR-FREE-ROCHE-SBX-DUPLEX-roche-deep19r-SNPts	SNPts	R0-HG003-40x-0-D0-PCR-FREE-ROCHE-SBX-DUPLEX	377862616.0	377589337.0	5227.0	268052.0	24318.0	0.947767962110779	0.9808730271993091	0.9999356008457904	0.08317542839552622	0.9168245716044738	0.9168245716044738	HG003	clinvar_genes	-1	-2	roche	deep19r
R0-HG003-40x-0-D0-PCR-FREE-ROCHE-SBX-DUPLEX-roche-deep19r-SNPtv	SNPtv	R0-HG003-40x-0-D0-PCR-FREE-ROCHE-SBX-DUPLEX	377862616.0	377738214.0	2541.0	121861.0	15175.0	0.9322363237172867	0.97957428337165	0.9999598282889264	0.11073732449867188	0.8892626755013281	0.8892626755013281	HG003	clinvar_genes	-1	-2	roche	deep19r
R0-HG003-40x-0-D0-PCR-FREE-ROCHE-SBX-DUPLEX-roche-deep19r-INS_50	INS_50	R0-HG003-40x-0-D0-PCR-FREE-ROCHE-SBX-DUPLEX	377862616.0	377833559.0	655.0	28402.0	15718.0	0.776254834169206	0.9774580995973432	0.9999584014024725	0.35625566636446054	0.6437443336355395	0.6437443336355394	HG003	clinvar_genes	-1	-2	roche	deep19r
R0-HG003-40x-0-D0-PCR-FREE-ROCHE-SBX-DUPLEX-roche-deep19r-INS_gt50	INS_gt50	R0-HG003-40x-0-D0-PCR-FREE-ROCHE-SBX-DUPLEX	377862616.0	377862586.0	22.0	8.0	91.0	0.12403100775193798	0.26666666666666666	0.9999997591717692	0.9191919191919192	0.08080808080808077	0.08080808080808081	HG003	clinvar_genes	-1	-2	roche	deep19r
R0-HG003-40x-0-D0-PCR-FREE-ROCHE-SBX-DUPLEX-roche-deep19r-DEL_50	DEL_50	R0-HG003-40x-0-D0-PCR-FREE-ROCHE-SBX-DUPLEX	377862616.0	377831905.0	570.0	30141.0	15431.0	0.790241600356567	0.9814398749633682	0.9999591607548082	0.3386070394101641	0.6613929605898359	0.6613929605898359	HG003	clinvar_genes	-1	-2	roche	deep19r
R0-HG003-40x-0-D0-PCR-FREE-ROCHE-SBX-DUPLEX-roche-deep19r-DEL_gt50	DEL_gt50	R0-HG003-40x-0-D0-PCR-FREE-ROCHE-SBX-DUPLEX	377862616.0	377862598.0	14.0	4.0	96.0	0.06779661016949154	0.2222222222222222	0.9999997459394602	0.96	0.040000000000000036	0.04	HG003	clinvar_genes	-1	-2	roche	deep19r
R0-HG003-40x-0-D0-PCR-FREE-ROCHE-SBX-DUPLEX-roche-deep19r-Indel_50	Indel_50	R0-HG003-40x-0-D0-PCR-FREE-ROCHE-SBX-DUPLEX	377862616.0	377858427.0	41.0	4148.0	4787.0	0.6321243523316062	0.9902124612079255	0.9999873313944765	0.5357582540570789	0.4642417459429211	0.4642417459429211	HG003	clinvar_genes	-1	-2	roche	deep19r
R0-HG003-40x-0-D0-PCR-FREE-ROCHE-SBX-DUPLEX-roche-deep19r-Indel_gt50	Indel_gt50	R0-HG003-40x-0-D0-PCR-FREE-ROCHE-SBX-DUPLEX	377862616.0	377862443.0	6.0	167.0	244.0	0.5719178082191781	0.9653179190751445	0.9999993542627827	0.5936739659367397	0.4063260340632603	0.40632603406326034	HG003	clinvar_genes	-1	-2	roche	deep19r
R0-HG003-40x-0-D0-PCR-FREE-ROCHE-SBX-DUPLEX-roche-deep19r-All	All	R0-HG003-40x-0-D0-PCR-FREE-ROCHE-SBX-DUPLEX	377862616.0	377400757.0	9076.0	452783.0	75860.0	0.9142495421513537	0.9803489809660524	0.9997990339094303	0.14349948831252848	0.8565005116874715	0.8565005116874715	HG003	clinvar_genes	-1	-2	roche	deep19r
R0-HG003-40x-0-D0-PCR-FREE-ROCHE-SBX-DUPLEX-roche-deep19r-SNPts	SNPts	R0-HG003-40x-0-D0-PCR-FREE-ROCHE-SBX-DUPLEX	332544085.0	332287240.0	1492.0	255353.0	85.0	0.9969216233995662	0.9941910490762912	0.9999997441972847	0.0003327617660645636	0.9996672382339354	0.9996672382339354	HG003	giabHC_x_ultima_x_clinvar	-1	-2	roche	deep19r
R0-HG003-40x-0-D0-PCR-FREE-ROCHE-SBX-DUPLEX-roche-deep19r-SNPtv	SNPtv	R0-HG003-40x-0-D0-PCR-FREE-ROCHE-SBX-DUPLEX	332544085.0	332429448.0	745.0	113892.0	68.0	0.9964435228808777	0.9935012256077881	0.9999997954453599	0.0005967005967005967	0.9994032994032994	0.9994032994032994	HG003	giabHC_x_ultima_x_clinvar	-1	-2	roche	deep19r
R0-HG003-40x-0-D0-PCR-FREE-ROCHE-SBX-DUPLEX-roche-deep19r-INS_50	INS_50	R0-HG003-40x-0-D0-PCR-FREE-ROCHE-SBX-DUPLEX	332544085.0	332526588.0	120.0	17377.0	13.0	0.9961876916903144	0.9931416814311025	0.9999999609053833	0.0007475560667050029	0.999252443933295	0.999252443933295	HG003	giabHC_x_ultima_x_clinvar	-1	-2	roche	deep19r
R0-HG003-40x-0-D0-PCR-FREE-ROCHE-SBX-DUPLEX-roche-deep19r-INS_gt50	INS_gt50	R0-HG003-40x-0-D0-PCR-FREE-ROCHE-SBX-DUPLEX	332544085.0	332544085.0	0.0	0.0	0.0			1.0				HG003	giabHC_x_ultima_x_clinvar	-1	-2	roche	deep19r
R0-HG003-40x-0-D0-PCR-FREE-ROCHE-SBX-DUPLEX-roche-deep19r-DEL_50	DEL_50	R0-HG003-40x-0-D0-PCR-FREE-ROCHE-SBX-DUPLEX	332544085.0	332525171.0	120.0	18794.0	10.0	0.996553369743889	0.993655493285397	0.9999999699270895	0.0005318017443097213	0.9994681982556903	0.9994681982556903	HG003	giabHC_x_ultima_x_clinvar	-1	-2	roche	deep19r
R0-HG003-40x-0-D0-PCR-FREE-ROCHE-SBX-DUPLEX-roche-deep19r-DEL_gt50	DEL_gt50	R0-HG003-40x-0-D0-PCR-FREE-ROCHE-SBX-DUPLEX	332544085.0	332544085.0	0.0	0.0	0.0			1.0				HG003	giabHC_x_ultima_x_clinvar	-1	-2	roche	deep19r
R0-HG003-40x-0-D0-PCR-FREE-ROCHE-SBX-DUPLEX-roche-deep19r-Indel_50	Indel_50	R0-HG003-40x-0-D0-PCR-FREE-ROCHE-SBX-DUPLEX	332544085.0	332542786.0	1.0	1298.0	3.0	0.9984615384615384	0.9992301770592764	0.9999999909786046	0.0023059185242121443	0.9976940814757879	0.9976940814757879	HG003	giabHC_x_ultima_x_clinvar	-1	-2	roche	deep19r
R0-HG003-40x-0-D0-PCR-FREE-ROCHE-SBX-DUPLEX-roche-deep19r-Indel_gt50	Indel_gt50	R0-HG003-40x-0-D0-PCR-FREE-ROCHE-SBX-DUPLEX	332544085.0	332544054.0	0.0	31.0	0.0	1.0	1.0	1.0	0.0	1.0	1.0	HG003	giabHC_x_ultima_x_clinvar	-1	-2	roche	deep19r
R0-HG003-40x-0-D0-PCR-FREE-ROCHE-SBX-DUPLEX-roche-deep19r-All	All	R0-HG003-40x-0-D0-PCR-FREE-ROCHE-SBX-DUPLEX	332544085.0	332134862.0	2478.0	406745.0	179.0	0.9967444590251511	0.9939446218809793	0.9999994610625863	0.0004398855805998172	0.9995601144194002	0.9995601144194002	HG003	giabHC_x_ultima_x_clinvar	-1	-2	roche	deep19r
R0-HG003-40x-0-D0-PCR-FREE-ROCHE-SBX-DUPLEX-roche-deep19r-SNPts	SNPts	R0-HG003-40x-0-D0-PCR-FREE-ROCHE-SBX-DUPLEX	2505355380.0	2503152197.0	13344.0	2189839.0	743.0	0.9967938658530895	0.9939433083860941	0.9999997031743494	0.00033917926834055973	0.9996608207316594	0.9996608207316594	HG003	giabHC_x_ultima	-1	-2	roche	deep19r
R0-HG003-40x-0-D0-PCR-FREE-ROCHE-SBX-DUPLEX-roche-deep19r-SNPtv	SNPtv	R0-HG003-40x-0-D0-PCR-FREE-ROCHE-SBX-DUPLEX	2505355380.0	2504320736.0	7642.0	1027002.0	727.0	0.9959420531591521	0.9926138845825231	0.9999997097018052	0.0007073849234574485	0.9992926150765425	0.9992926150765425	HG003	giabHC_x_ultima	-1	-2	roche	deep19r
R0-HG003-40x-0-D0-PCR-FREE-ROCHE-SBX-DUPLEX-roche-deep19r-INS_50	INS_50	R0-HG003-40x-0-D0-PCR-FREE-ROCHE-SBX-DUPLEX	2505355380.0	2505201707.0	863.0	152810.0	102.0	0.9968524226560335	0.9943841793939079	0.9999999592847173	0.0006670503296013394	0.9993329496703987	0.9993329496703987	HG003	giabHC_x_ultima	-1	-2	roche	deep19r
R0-HG003-40x-0-D0-PCR-FREE-ROCHE-SBX-DUPLEX-roche-deep19r-INS_gt50	INS_gt50	R0-HG003-40x-0-D0-PCR-FREE-ROCHE-SBX-DUPLEX	2505355380.0	2505355380.0	0.0	0.0	0.0			1.0				HG003	giabHC_x_ultima	-1	-2	roche	deep19r
R0-HG003-40x-0-D0-PCR-FREE-ROCHE-SBX-DUPLEX-roche-deep19r-DEL_50	DEL_50	R0-HG003-40x-0-D0-PCR-FREE-ROCHE-SBX-DUPLEX	2505355380.0	2505190137.0	823.0	164420.0	98.0	0.9972070681493567	0.9950194561948161	0.9999999608812142	0.0005956795001154888	0.9994043204998845	0.9994043204998845	HG003	giabHC_x_ultima	-1	-2	roche	deep19r
R0-HG003-40x-0-D0-PCR-FREE-ROCHE-SBX-DUPLEX-roche-deep19r-DEL_gt50	DEL_gt50	R0-HG003-40x-0-D0-PCR-FREE-ROCHE-SBX-DUPLEX	2505355380.0	2505355380.0	0.0	0.0	0.0			1.0				HG003	giabHC_x_ultima	-1	-2	roche	deep19r
R0-HG003-40x-0-D0-PCR-FREE-ROCHE-SBX-DUPLEX-roche-deep19r-Indel_50	Indel_50	R0-HG003-40x-0-D0-PCR-FREE-ROCHE-SBX-DUPLEX	2505355380.0	2505341335.0	11.0	14034.0	16.0	0.9990389749065671	0.9992168031327875	0.9999999936136447	0.0011387900355871886	0.9988612099644129	0.9988612099644129	HG003	giabHC_x_ultima	-1	-2	roche	deep19r
R0-HG003-40x-0-D0-PCR-FREE-ROCHE-SBX-DUPLEX-roche-deep19r-Indel_gt50	Indel_gt50	R0-HG003-40x-0-D0-PCR-FREE-ROCHE-SBX-DUPLEX	2505355380.0	2505355007.0	0.0	373.0	0.0	1.0	1.0	1.0	0.0	1.0	1.0	HG003	giabHC_x_ultima	-1	-2	roche	deep19r
R0-HG003-40x-0-D0-PCR-FREE-ROCHE-SBX-DUPLEX-roche-deep19r-All	All	R0-HG003-40x-0-D0-PCR-FREE-ROCHE-SBX-DUPLEX	2505355380.0	2501784219.0	22683.0	3548478.0	1686.0	0.9965780244547187	0.993648284129447	0.9999993260814218	0.00047490763806967793	0.9995250923619303	0.9995250923619303	HG003	giabHC_x_ultima	-1	-2	roche	deep19r
R0-HG003-40x-0-D0-PCR-FREE-ROCHE-SBX-DUPLEX-roche-deep19r-SNPts	SNPts	R0-HG003-40x-0-D0-PCR-FREE-ROCHE-SBX-DUPLEX	2799325643.0	2797071261.0	14918.0	2239464.0	136718.0	0.9672532330834862	0.9933826654045321	0.9999511234055435	0.05753683850816141	0.9424631614918386	0.9424631614918386	HG003	ultima	-1	-2	roche	deep19r
R0-HG003-40x-0-D0-PCR-FREE-ROCHE-SBX-DUPLEX-roche-deep19r-SNPtv	SNPtv	R0-HG003-40x-0-D0-PCR-FREE-ROCHE-SBX-DUPLEX	2799325643.0	2798266603.0	8451.0	1050589.0	75099.0	0.9617572530768131	0.9920201314397945	0.9999731630343978	0.066713867430407	0.933286132569593	0.933286132569593	HG003	ultima	-1	-2	roche	deep19r
R0-HG003-40x-0-D0-PCR-FREE-ROCHE-SBX-DUPLEX-roche-deep19r-INS_50	INS_50	R0-HG003-40x-0-D0-PCR-FREE-ROCHE-SBX-DUPLEX	2799325643.0	2799161692.0	1317.0	162634.0	24668.0	0.9260219841538719	0.9919671121249641	0.9999911874391957	0.13170174370802235	0.8682982562919777	0.8682982562919777	HG003	ultima	-1	-2	roche	deep19r
R0-HG003-40x-0-D0-PCR-FREE-ROCHE-SBX-DUPLEX-roche-deep19r-INS_gt50	INS_gt50	R0-HG003-40x-0-D0-PCR-FREE-ROCHE-SBX-DUPLEX	2799325643.0	2799325547.0	83.0	13.0	127.0	0.11016949152542374	0.13541666666666666	0.9999999546319311	0.9071428571428571	0.09285714285714286	0.09285714285714286	HG003	ultima	-1	-2	roche	deep19r
R0-HG003-40x-0-D0-PCR-FREE-ROCHE-SBX-DUPLEX-roche-deep19r-DEL_50	DEL_50	R0-HG003-40x-0-D0-PCR-FREE-ROCHE-SBX-DUPLEX	2799325643.0	2799148577.0	1497.0	175569.0	31005.0	0.9152799499530809	0.9915455253973094	0.9999889235402404	0.15009149263702112	0.8499085073629788	0.8499085073629788	HG003	ultima	-1	-2	roche	deep19r
R0-HG003-40x-0-D0-PCR-FREE-ROCHE-SBX-DUPLEX-roche-deep19r-DEL_gt50	DEL_gt50	R0-HG003-40x-0-D0-PCR-FREE-ROCHE-SBX-DUPLEX	2799325643.0	2799325554.0	67.0	22.0	223.0	0.13173652694610777	0.24719101123595505	0.9999999203379607	0.9102040816326531	0.0897959183673469	0.08979591836734693	HG003	ultima	-1	-2	roche	deep19r
R0-HG003-40x-0-D0-PCR-FREE-ROCHE-SBX-DUPLEX-roche-deep19r-Indel_50	Indel_50	R0-HG003-40x-0-D0-PCR-FREE-ROCHE-SBX-DUPLEX	2799325643.0	2799307963.0	28.0	17652.0	2708.0	0.9280757097791797	0.9984162895927602	0.9999990326189844	0.13300589390962672	0.8669941060903733	0.8669941060903733	HG003	ultima	-1	-2	roche	deep19r
R0-HG003-40x-0-D0-PCR-FREE-ROCHE-SBX-DUPLEX-roche-deep19r-Indel_gt50	Indel_gt50	R0-HG003-40x-0-D0-PCR-FREE-ROCHE-SBX-DUPLEX	2799325643.0	2799324692.0	13.0	938.0	461.0	0.7982978723404255	0.9863301787592008	0.9999998353174516	0.3295210864903502	0.6704789135096498	0.6704789135096497	HG003	ultima	-1	-2	roche	deep19r
R0-HG003-40x-0-D0-PCR-FREE-ROCHE-SBX-DUPLEX-roche-deep19r-All	All	R0-HG003-40x-0-D0-PCR-FREE-ROCHE-SBX-DUPLEX	2799325643.0	2795652388.0	26374.0	3646881.0	271009.0	0.9608250138813051	0.992819992077871	0.9999030699480927	0.06917218196529254	0.9308278180347075	0.9308278180347075	HG003	ultima	-1	-2	roche	deep19r
R0-HG003-5x-0-D0-PCR-FREE-ROCHE-SBX-DUPLEX-roche-deep19r-SNPts	SNPts	R0-HG003-5x-0-D0-PCR-FREE-ROCHE-SBX-DUPLEX	337668665.0	337403075.0	29122.0	236468.0	298.0	0.9414359537857614	0.8903497872660868	0.9999991167841704	0.0012586266609225987	0.9987413733390774	0.9987413733390774	HG003	giabHC_x_clinvar_genes	-1	-2	roche	deep19r
R0-HG003-5x-0-D0-PCR-FREE-ROCHE-SBX-DUPLEX-roche-deep19r-SNPtv	SNPtv	R0-HG003-5x-0-D0-PCR-FREE-ROCHE-SBX-DUPLEX	337668665.0	337548334.0	13378.0	106953.0	143.0	0.940547956047435	0.8888233289842186	0.9999995763571464	0.0013352506162695153	0.9986647493837305	0.9986647493837305	HG003	giabHC_x_clinvar_genes	-1	-2	roche	deep19r
R0-HG003-5x-0-D0-PCR-FREE-ROCHE-SBX-DUPLEX-roche-deep19r-INS_50	INS_50	R0-HG003-5x-0-D0-PCR-FREE-ROCHE-SBX-DUPLEX	337668665.0	337641877.0	5264.0	21524.0	272.0	0.8860530215708876	0.8034941018366433	0.9999991944133728	0.012479354009910076	0.9875206459900899	0.9875206459900899	HG003	giabHC_x_clinvar_genes	-1	-2	roche	deep19r
R0-HG003-5x-0-D0-PCR-FREE-ROCHE-SBX-DUPLEX-roche-deep19r-INS_gt50	INS_gt50	R0-HG003-5x-0-D0-PCR-FREE-ROCHE-SBX-DUPLEX	337668665.0	337668665.0	0.0	0.0	0.0			1.0				HG003	giabHC_x_clinvar_genes	-1	-2	roche	deep19r
R0-HG003-5x-0-D0-PCR-FREE-ROCHE-SBX-DUPLEX-roche-deep19r-DEL_50	DEL_50	R0-HG003-5x-0-D0-PCR-FREE-ROCHE-SBX-DUPLEX	337668665.0	337640185.0	4407.0	24073.0	256.0	0.9117006570849666	0.8452598314606742	0.9999992417969861	0.010522421801142668	0.9894775781988573	0.9894775781988573	HG003	giabHC_x_clinvar_genes	-1	-2	roche	deep19r
R0-HG003-5x-0-D0-PCR-FREE-ROCHE-SBX-DUPLEX-roche-deep19r-DEL_gt50	DEL_gt50	R0-HG003-5x-0-D0-PCR-FREE-ROCHE-SBX-DUPLEX	337668665.0	337668665.0	0.0	0.0	0.0			1.0				HG003	giabHC_x_clinvar_genes	-1	-2	roche	deep19r
R0-HG003-5x-0-D0-PCR-FREE-ROCHE-SBX-DUPLEX-roche-deep19r-Indel_50	Indel_50	R0-HG003-5x-0-D0-PCR-FREE-ROCHE-SBX-DUPLEX	337668665.0	337666536.0	437.0	1692.0	21.0	0.8807912545549194	0.7947393142320338	0.9999999378084694	0.012259194395796848	0.9877408056042032	0.9877408056042032	HG003	giabHC_x_clinvar_genes	-1	-2	roche	deep19r
R0-HG003-5x-0-D0-PCR-FREE-ROCHE-SBX-DUPLEX-roche-deep19r-Indel_gt50	Indel_gt50	R0-HG003-5x-0-D0-PCR-FREE-ROCHE-SBX-DUPLEX	337668665.0	337668643.0	6.0	16.0	0.0	0.8421052631578948	0.7272727272727273	1.0	0.0	1.0	1.0	HG003	giabHC_x_clinvar_genes	-1	-2	roche	deep19r
R0-HG003-5x-0-D0-PCR-FREE-ROCHE-SBX-DUPLEX-roche-deep19r-All	All	R0-HG003-5x-0-D0-PCR-FREE-ROCHE-SBX-DUPLEX	337668665.0	337225325.0	52614.0	390726.0	990.0	0.9358078979134332	0.8813235891189606	0.9999970642860418	0.0025273412370186562	0.9974726587629813	0.9974726587629813	HG003	giabHC_x_clinvar_genes	-1	-2	roche	deep19r
R0-HG003-5x-0-D0-PCR-FREE-ROCHE-SBX-DUPLEX-roche-deep19r-SNPts	SNPts	R0-HG003-5x-0-D0-PCR-FREE-ROCHE-SBX-DUPLEX	3088286401.0	3085962984.0	266657.0	2056760.0	189687.0	0.9001405731111474	0.8852306753372297	0.9999385360932457	0.08443867137751303	0.915561328622487	0.915561328622487	HG003	hg38	-1	-2	roche	deep19r
R0-HG003-5x-0-D0-PCR-FREE-ROCHE-SBX-DUPLEX-roche-deep19r-SNPtv	SNPtv	R0-HG003-5x-0-D0-PCR-FREE-ROCHE-SBX-DUPLEX	3088286401.0	3087178599.0	132074.0	975728.0	123737.0	0.8841050946713742	0.8807783340344213	0.9999599206729587	0.11254291860131974	0.8874570813986803	0.8874570813986803	HG003	hg38	-1	-2	roche	deep19r
R0-HG003-5x-0-D0-PCR-FREE-ROCHE-SBX-DUPLEX-roche-deep19r-INS_50	INS_50	R0-HG003-5x-0-D0-PCR-FREE-ROCHE-SBX-DUPLEX	3088286401.0	3088023934.0	56614.0	205853.0	97166.0	0.728056928022975	0.7843005025393669	0.9999685355603445	0.3206597606090707	0.6793402393909294	0.6793402393909292	HG003	hg38	-1	-2	roche	deep19r
R0-HG003-5x-0-D0-PCR-FREE-ROCHE-SBX-DUPLEX-roche-deep19r-INS_gt50	INS_gt50	R0-HG003-5x-0-D0-PCR-FREE-ROCHE-SBX-DUPLEX	3088286401.0	3088286162.0	235.0	4.0	101.0	0.02325581395348837	0.016736401673640166	0.9999999672957779	0.9619047619047619	0.03809523809523807	0.0380952380952381	HG003	hg38	-1	-2	roche	deep19r
R0-HG003-5x-0-D0-PCR-FREE-ROCHE-SBX-DUPLEX-roche-deep19r-DEL_50	DEL_50	R0-HG003-5x-0-D0-PCR-FREE-ROCHE-SBX-DUPLEX	3088286401.0	3088008917.0	47438.0	230046.0	109989.0	0.7450653340221112	0.8290423952372029	0.9999643831719737	0.3234637610834179	0.6765362389165821	0.6765362389165821	HG003	hg38	-1	-2	roche	deep19r
R0-HG003-5x-0-D0-PCR-FREE-ROCHE-SBX-DUPLEX-roche-deep19r-DEL_gt50	DEL_gt50	R0-HG003-5x-0-D0-PCR-FREE-ROCHE-SBX-DUPLEX	3088286401.0	3088286263.0	128.0	10.0	221.0	0.05420054200542006	0.07246376811594203	0.9999999284392814	0.9567099567099567	0.04329004329004327	0.04329004329004329	HG003	hg38	-1	-2	roche	deep19r
R0-HG003-5x-0-D0-PCR-FREE-ROCHE-SBX-DUPLEX-roche-deep19r-Indel_50	Indel_50	R0-HG003-5x-0-D0-PCR-FREE-ROCHE-SBX-DUPLEX	3088286401.0	3088259228.0	7156.0	20017.0	18824.0	0.6064471172781531	0.7366503514518088	0.9999939046939158	0.4846425169279885	0.5153574830720116	0.5153574830720116	HG003	hg38	-1	-2	roche	deep19r
R0-HG003-5x-0-D0-PCR-FREE-ROCHE-SBX-DUPLEX-roche-deep19r-Indel_gt50	Indel_gt50	R0-HG003-5x-0-D0-PCR-FREE-ROCHE-SBX-DUPLEX	3088286401.0	3088285401.0	483.0	517.0	507.0	0.5108695652173914	0.517	0.9999998358312621	0.4951171875	0.5048828125	0.5048828125	HG003	hg38	-1	-2	roche	deep19r
R0-HG003-5x-0-D0-PCR-FREE-ROCHE-SBX-DUPLEX-roche-deep19r-All	All	R0-HG003-5x-0-D0-PCR-FREE-ROCHE-SBX-DUPLEX	3088286401.0	3084286681.0	510785.0	3488935.0	540232.0	0.8690955545893222	0.8722948106367445	0.9998248744531749	0.13408031982789495	0.8659196801721051	0.8659196801721051	HG003	hg38	-1	-2	roche	deep19r
R0-HG003-5x-0-D0-PCR-FREE-ROCHE-SBX-DUPLEX-roche-deep19r-SNPts	SNPts	R0-HG003-5x-0-D0-PCR-FREE-ROCHE-SBX-DUPLEX	2528531102.0	2526276030.0	251608.0	2003464.0	1817.0	0.9405154924955749	0.8884257354088916	0.9999992807600312	0.0009061074233486479	0.9990938925766514	0.9990938925766514	HG003	giabHC	-1	-2	roche	deep19r
R0-HG003-5x-0-D0-PCR-FREE-ROCHE-SBX-DUPLEX-roche-deep19r-SNPtv	SNPtv	R0-HG003-5x-0-D0-PCR-FREE-ROCHE-SBX-DUPLEX	2528531102.0	2527458843.0	123792.0	948467.0	1076.0	0.9382392538933091	0.8845502812286957	0.9999995742761372	0.001133176696579302	0.9988668233034207	0.9988668233034207	HG003	giabHC	-1	-2	roche	deep19r
R0-HG003-5x-0-D0-PCR-FREE-ROCHE-SBX-DUPLEX-roche-deep19r-INS_50	INS_50	R0-HG003-5x-0-D0-PCR-FREE-ROCHE-SBX-DUPLEX	2528531102.0	2528296969.0	46796.0	187337.0	2420.0	0.8838944065677417	0.8001306949468892	0.9999990428348753	0.012753152716368829	0.9872468472836312	0.9872468472836312	HG003	giabHC	-1	-2	roche	deep19r
R0-HG003-5x-0-D0-PCR-FREE-ROCHE-SBX-DUPLEX-roche-deep19r-INS_gt50	INS_gt50	R0-HG003-5x-0-D0-PCR-FREE-ROCHE-SBX-DUPLEX	2528531102.0	2528531101.0	1.0	0.0	0.0		0.0	1.0				HG003	giabHC	-1	-2	roche	deep19r
R0-HG003-5x-0-D0-PCR-FREE-ROCHE-SBX-DUPLEX-roche-deep19r-DEL_50	DEL_50	R0-HG003-5x-0-D0-PCR-FREE-ROCHE-SBX-DUPLEX	2528531102.0	2528282327.0	39247.0	209528.0	2100.0	0.9101938953482057	0.8422389709576927	0.9999991693972492	0.009923072561286786	0.9900769274387132	0.9900769274387132	HG003	giabHC	-1	-2	roche	deep19r
R0-HG003-5x-0-D0-PCR-FREE-ROCHE-SBX-DUPLEX-roche-deep19r-DEL_gt50	DEL_gt50	R0-HG003-5x-0-D0-PCR-FREE-ROCHE-SBX-DUPLEX	2528531102.0	2528531102.0	0.0	0.0	2.0			0.9999999992090269	1.0	0.0	0.0	HG003	giabHC	-1	-2	roche	deep19r
R0-HG003-5x-0-D0-PCR-FREE-ROCHE-SBX-DUPLEX-roche-deep19r-Indel_50	Indel_50	R0-HG003-5x-0-D0-PCR-FREE-ROCHE-SBX-DUPLEX	2528531102.0	2528510127.0	4811.0	16164.0	137.0	0.8672604356690632	0.7706317044100119	0.9999999458178984	0.008404392368566346	0.9915956076314336	0.9915956076314336	HG003	giabHC	-1	-2	roche	deep19r
R0-HG003-5x-0-D0-PCR-FREE-ROCHE-SBX-DUPLEX-roche-deep19r-Indel_gt50	Indel_gt50	R0-HG003-5x-0-D0-PCR-FREE-ROCHE-SBX-DUPLEX	2528531102.0	2528530848.0	81.0	173.0	0.0	0.8103044496487118	0.6811023622047244	1.0	0.0	1.0	1.0	HG003	giabHC	-1	-2	roche	deep19r
R0-HG003-5x-0-D0-PCR-FREE-ROCHE-SBX-DUPLEX-roche-deep19r-All	All	R0-HG003-5x-0-D0-PCR-FREE-ROCHE-SBX-DUPLEX	2528531102.0	2524699633.0	466336.0	3365133.0	7552.0	0.934220173527662	0.8782879360370657	0.999997008762028	0.002239165531320002	0.99776083446868	0.99776083446868	HG003	giabHC	-1	-2	roche	deep19r
R0-HG003-5x-0-D0-PCR-FREE-ROCHE-SBX-DUPLEX-roche-deep19r-SNPts	SNPts	R0-HG003-5x-0-D0-PCR-FREE-ROCHE-SBX-DUPLEX	377862616.0	377589314.0	30932.0	242370.0	20339.0	0.9043471122794122	0.8868211721831527	0.9999461374998271	0.07742026348545349	0.9225797365145465	0.9225797365145465	HG003	clinvar_genes	-1	-2	roche	deep19r
R0-HG003-5x-0-D0-PCR-FREE-ROCHE-SBX-DUPLEX-roche-deep19r-SNPtv	SNPtv	R0-HG003-5x-0-D0-PCR-FREE-ROCHE-SBX-DUPLEX	377862616.0	377738155.0	14378.0	110083.0	12238.0	0.8921477255229311	0.8844778685692707	0.9999676029456838	0.10004823374563648	0.8999517662543635	0.8999517662543636	HG003	clinvar_genes	-1	-2	roche	deep19r
R0-HG003-5x-0-D0-PCR-FREE-ROCHE-SBX-DUPLEX-roche-deep19r-INS_50	INS_50	R0-HG003-5x-0-D0-PCR-FREE-ROCHE-SBX-DUPLEX	377862616.0	377832875.0	6223.0	23518.0	10611.0	0.7364333803037421	0.7907602299855419	0.9999719169434087	0.31090861144481236	0.6890913885551877	0.6890913885551877	HG003	clinvar_genes	-1	-2	roche	deep19r
R0-HG003-5x-0-D0-PCR-FREE-ROCHE-SBX-DUPLEX-roche-deep19r-INS_gt50	INS_gt50	R0-HG003-5x-0-D0-PCR-FREE-ROCHE-SBX-DUPLEX	377862616.0	377862586.0	28.0	2.0	10.0	0.09523809523809522	0.06666666666666667	0.9999999735353535	0.8333333333333334	0.16666666666666663	0.16666666666666666	HG003	clinvar_genes	-1	-2	roche	deep19r
R0-HG003-5x-0-D0-PCR-FREE-ROCHE-SBX-DUPLEX-roche-deep19r-DEL_50	DEL_50	R0-HG003-5x-0-D0-PCR-FREE-ROCHE-SBX-DUPLEX	377862616.0	377831111.0	5247.0	26258.0	12019.0	0.7525722965807801	0.8334550071417235	0.9999681905027623	0.3140005747576874	0.6859994252423126	0.6859994252423126	HG003	clinvar_genes	-1	-2	roche	deep19r
R0-HG003-5x-0-D0-PCR-FREE-ROCHE-SBX-DUPLEX-roche-deep19r-DEL_gt50	DEL_gt50	R0-HG003-5x-0-D0-PCR-FREE-ROCHE-SBX-DUPLEX	377862616.0	377862598.0	17.0	1.0	27.0	0.043478260869565216	0.05555555555555555	0.9999999285454602	0.9642857142857143	0.0357142857142857	0.03571428571428571	HG003	clinvar_genes	-1	-2	roche	deep19r
R0-HG003-5x-0-D0-PCR-FREE-ROCHE-SBX-DUPLEX-roche-deep19r-Indel_50	Indel_50	R0-HG003-5x-0-D0-PCR-FREE-ROCHE-SBX-DUPLEX	377862616.0	377859896.0	653.0	2067.0	2043.0	0.6052708638360175	0.7599264705882353	0.9999945932633347	0.49708029197080295	0.502919708029197	0.502919708029197	HG003	clinvar_genes	-1	-2	roche	deep19r
R0-HG003-5x-0-D0-PCR-FREE-ROCHE-SBX-DUPLEX-roche-deep19r-Indel_gt50	Indel_gt50	R0-HG003-5x-0-D0-PCR-FREE-ROCHE-SBX-DUPLEX	377862616.0	377862515.0	45.0	56.0	46.0	0.5517241379310345	0.5544554455445545	0.9999998782626152	0.45098039215686275	0.5490196078431373	0.5490196078431373	HG003	clinvar_genes	-1	-2	roche	deep19r
R0-HG003-5x-0-D0-PCR-FREE-ROCHE-SBX-DUPLEX-roche-deep19r-All	All	R0-HG003-5x-0-D0-PCR-FREE-ROCHE-SBX-DUPLEX	377862616.0	377400738.0	57523.0	404355.0	57333.0	0.8756385575042823	0.8754584543970486	0.9998481076325958	0.12418126527005251	0.8758187347299475	0.8758187347299475	HG003	clinvar_genes	-1	-2	roche	deep19r
R0-HG003-5x-0-D0-PCR-FREE-ROCHE-SBX-DUPLEX-roche-deep19r-SNPts	SNPts	R0-HG003-5x-0-D0-PCR-FREE-ROCHE-SBX-DUPLEX	2799325643.0	2797071233.0	231633.0	2022777.0	120040.0	0.9200239150719307	0.8972533833685975	0.9999570855231965	0.05601971610268166	0.9439802838973184	0.9439802838973184	HG003	ultima	-1	-2	roche	deep19r
R0-HG003-5x-0-D0-PCR-FREE-ROCHE-SBX-DUPLEX-roche-deep19r-SNPtv	SNPtv	R0-HG003-5x-0-D0-PCR-FREE-ROCHE-SBX-DUPLEX	2799325643.0	2798266554.0	110512.0	948577.0	65173.0	0.9152442616141436	0.8956537174873878	0.9999767100521461	0.06428902589395807	0.9357109741060419	0.9357109741060419	HG003	ultima	-1	-2	roche	deep19r
R0-HG003-5x-0-D0-PCR-FREE-ROCHE-SBX-DUPLEX-roche-deep19r-INS_50	INS_50	R0-HG003-5x-0-D0-PCR-FREE-ROCHE-SBX-DUPLEX	2799325643.0	2799158952.0	28727.0	137964.0	19665.0	0.850789343857918	0.8276631611784679	0.9999929747248423	0.12475496260205926	0.8752450373979408	0.8752450373979407	HG003	ultima	-1	-2	roche	deep19r
R0-HG003-5x-0-D0-PCR-FREE-ROCHE-SBX-DUPLEX-roche-deep19r-INS_gt50	INS_gt50	R0-HG003-5x-0-D0-PCR-FREE-ROCHE-SBX-DUPLEX	2799325643.0	2799325547.0	95.0	1.0	16.0	0.017699115044247787	0.010416666666666666	0.9999999942843375	0.9411764705882353	0.05882352941176472	0.058823529411764705	HG003	ultima	-1	-2	roche	deep19r
R0-HG003-5x-0-D0-PCR-FREE-ROCHE-SBX-DUPLEX-roche-deep19r-DEL_50	DEL_50	R0-HG003-5x-0-D0-PCR-FREE-ROCHE-SBX-DUPLEX	2799325643.0	2799144200.0	27132.0	154311.0	24339.0	0.857061925669202	0.8504654354260015	0.9999913049179923	0.1362384550797649	0.8637615449202352	0.863761544920235	HG003	ultima	-1	-2	roche	deep19r
R0-HG003-5x-0-D0-PCR-FREE-ROCHE-SBX-DUPLEX-roche-deep19r-DEL_gt50	DEL_gt50	R0-HG003-5x-0-D0-PCR-FREE-ROCHE-SBX-DUPLEX	2799325643.0	2799325554.0	81.0	8.0	51.0	0.10810810810810811	0.0898876404494382	0.9999999817813262	0.864406779661017	0.13559322033898302	0.13559322033898305	HG003	ultima	-1	-2	roche	deep19r
R0-HG003-5x-0-D0-PCR-FREE-ROCHE-SBX-DUPLEX-roche-deep19r-Indel_50	Indel_50	R0-HG003-5x-0-D0-PCR-FREE-ROCHE-SBX-DUPLEX	2799325643.0	2799315112.0	2595.0	7936.0	1191.0	0.8074066537796317	0.7535846548286013	0.9999995745389691	0.13049194697052702	0.869508053029473	0.869508053029473	HG003	ultima	-1	-2	roche	deep19r
R0-HG003-5x-0-D0-PCR-FREE-ROCHE-SBX-DUPLEX-roche-deep19r-Indel_gt50	Indel_gt50	R0-HG003-5x-0-D0-PCR-FREE-ROCHE-SBX-DUPLEX	2799325643.0	2799325113.0	166.0	364.0	160.0	0.6907020872865275	0.6867924528301886	0.9999999428433696	0.3053435114503817	0.6946564885496183	0.6946564885496184	HG003	ultima	-1	-2	roche	deep19r
R0-HG003-5x-0-D0-PCR-FREE-ROCHE-SBX-DUPLEX-roche-deep19r-All	All	R0-HG003-5x-0-D0-PCR-FREE-ROCHE-SBX-DUPLEX	2799325643.0	2795652764.0	400941.0	3271938.0	230635.0	0.9119810152726268	0.8908374057517278	0.9999175090777811	0.06584730710823157	0.9341526928917684	0.9341526928917684	HG003	ultima	-1	-2	roche	deep19r
R0-HG003-5x-0-D0-PCR-FREE-ROCHE-SBX-DUPLEX-roche-deep19r-SNPts	SNPts	R0-HG003-5x-0-D0-PCR-FREE-ROCHE-SBX-DUPLEX	332544085.0	332287248.0	24919.0	231918.0	170.0	0.9486853811934346	0.9029773747551949	0.9999994883947125	0.0007324807831512186	0.9992675192168488	0.9992675192168488	HG003	giabHC_x_ultima_x_clinvar	-1	-2	roche	deep19r
R0-HG003-5x-0-D0-PCR-FREE-ROCHE-SBX-DUPLEX-roche-deep19r-SNPtv	SNPtv	R0-HG003-5x-0-D0-PCR-FREE-ROCHE-SBX-DUPLEX	332544085.0	332429440.0	11140.0	103505.0	79.0	0.9485907005943298	0.9028304766889093	0.9999997623556409	0.0007626660488106271	0.9992373339511894	0.9992373339511894	HG003	giabHC_x_ultima_x_clinvar	-1	-2	roche	deep19r
R0-HG003-5x-0-D0-PCR-FREE-ROCHE-SBX-DUPLEX-roche-deep19r-INS_50	INS_50	R0-HG003-5x-0-D0-PCR-FREE-ROCHE-SBX-DUPLEX	332544085.0	332526390.0	2823.0	14872.0	135.0	0.9095468167084583	0.8404634077423001	0.9999995940173494	0.00899580195908576	0.9910041980409142	0.9910041980409142	HG003	giabHC_x_ultima_x_clinvar	-1	-2	roche	deep19r
R0-HG003-5x-0-D0-PCR-FREE-ROCHE-SBX-DUPLEX-roche-deep19r-INS_gt50	INS_gt50	R0-HG003-5x-0-D0-PCR-FREE-ROCHE-SBX-DUPLEX	332544085.0	332544085.0	0.0	0.0	0.0			1.0				HG003	giabHC_x_ultima_x_clinvar	-1	-2	roche	deep19r
R0-HG003-5x-0-D0-PCR-FREE-ROCHE-SBX-DUPLEX-roche-deep19r-DEL_50	DEL_50	R0-HG003-5x-0-D0-PCR-FREE-ROCHE-SBX-DUPLEX	332544085.0	332524865.0	2648.0	16572.0	79.0	0.9239775863510915	0.8622268470343393	0.9999997624238379	0.004744459792204672	0.9952555402077953	0.9952555402077953	HG003	giabHC_x_ultima_x_clinvar	-1	-2	roche	deep19r
R0-HG003-5x-0-D0-PCR-FREE-ROCHE-SBX-DUPLEX-roche-deep19r-DEL_gt50	DEL_gt50	R0-HG003-5x-0-D0-PCR-FREE-ROCHE-SBX-DUPLEX	332544085.0	332544085.0	0.0	0.0	0.0			1.0				HG003	giabHC_x_ultima_x_clinvar	-1	-2	roche	deep19r
R0-HG003-5x-0-D0-PCR-FREE-ROCHE-SBX-DUPLEX-roche-deep19r-Indel_50	Indel_50	R0-HG003-5x-0-D0-PCR-FREE-ROCHE-SBX-DUPLEX	332544085.0	332543309.0	155.0	621.0	2.0	0.8877769835596855	0.8002577319587629	0.9999999939857458	0.0032102728731942215	0.9967897271268058	0.9967897271268058	HG003	giabHC_x_ultima_x_clinvar	-1	-2	roche	deep19r
R0-HG003-5x-0-D0-PCR-FREE-ROCHE-SBX-DUPLEX-roche-deep19r-Indel_gt50	Indel_gt50	R0-HG003-5x-0-D0-PCR-FREE-ROCHE-SBX-DUPLEX	332544085.0	332544070.0	1.0	14.0	0.0	0.9655172413793104	0.9333333333333333	1.0	0.0	1.0	1.0	HG003	giabHC_x_ultima_x_clinvar	-1	-2	roche	deep19r
R0-HG003-5x-0-D0-PCR-FREE-ROCHE-SBX-DUPLEX-roche-deep19r-All	All	R0-HG003-5x-0-D0-PCR-FREE-ROCHE-SBX-DUPLEX	332544085.0	332134897.0	41686.0	367502.0	465.0	0.9457624283444099	0.8981250672062719	0.9999985999684069	0.001263700277470534	0.9987362997225294	0.9987362997225294	HG003	giabHC_x_ultima_x_clinvar	-1	-2	roche	deep19r
R0-HG003-5x-0-D0-PCR-FREE-ROCHE-SBX-DUPLEX-roche-deep19r-SNPts	SNPts	R0-HG003-5x-0-D0-PCR-FREE-ROCHE-SBX-DUPLEX	2505355380.0	2503152185.0	223649.0	1979546.0	1260.0	0.946245471738654	0.8984887856045425	0.9999994966349336	0.0006361046967749492	0.999363895303225	0.999363895303225	HG003	giabHC_x_ultima	-1	-2	roche	deep19r
R0-HG003-5x-0-D0-PCR-FREE-ROCHE-SBX-DUPLEX-roche-deep19r-SNPtv	SNPtv	R0-HG003-5x-0-D0-PCR-FREE-ROCHE-SBX-DUPLEX	2505355380.0	2504320751.0	106655.0	927974.0	714.0	0.9453124482699432	0.8969147394863279	0.9999997148928322	0.0007688265596195923	0.9992311734403804	0.9992311734403804	HG003	giabHC_x_ultima	-1	-2	roche	deep19r
R0-HG003-5x-0-D0-PCR-FREE-ROCHE-SBX-DUPLEX-roche-deep19r-INS_50	INS_50	R0-HG003-5x-0-D0-PCR-FREE-ROCHE-SBX-DUPLEX	2505355380.0	2505199461.0	25930.0	129989.0	1216.0	0.9054554826486116	0.8336957009729411	0.9999995146097431	0.009267939484013566	0.9907320605159864	0.9907320605159864	HG003	giabHC_x_ultima	-1	-2	roche	deep19r
R0-HG003-5x-0-D0-PCR-FREE-ROCHE-SBX-DUPLEX-roche-deep19r-INS_gt50	INS_gt50	R0-HG003-5x-0-D0-PCR-FREE-ROCHE-SBX-DUPLEX	2505355380.0	2505355380.0	0.0	0.0	0.0			1.0				HG003	giabHC_x_ultima	-1	-2	roche	deep19r
R0-HG003-5x-0-D0-PCR-FREE-ROCHE-SBX-DUPLEX-roche-deep19r-DEL_50	DEL_50	R0-HG003-5x-0-D0-PCR-FREE-ROCHE-SBX-DUPLEX	2505355380.0	2505186773.0	23917.0	144690.0	617.0	0.9218448364838777	0.8581494244011222	0.9999997537110388	0.0042461822210905185	0.9957538177789095	0.9957538177789095	HG003	giabHC_x_ultima	-1	-2	roche	deep19r
R0-HG003-5x-0-D0-PCR-FREE-ROCHE-SBX-DUPLEX-roche-deep19r-DEL_gt50	DEL_gt50	R0-HG003-5x-0-D0-PCR-FREE-ROCHE-SBX-DUPLEX	2505355380.0	2505355380.0	0.0	0.0	2.0			0.99999999920171	1.0	0.0	0.0	HG003	giabHC_x_ultima	-1	-2	roche	deep19r
R0-HG003-5x-0-D0-PCR-FREE-ROCHE-SBX-DUPLEX-roche-deep19r-Indel_50	Indel_50	R0-HG003-5x-0-D0-PCR-FREE-ROCHE-SBX-DUPLEX	2505355380.0	2505346970.0	1994.0	6416.0	13.0	0.8647482984028574	0.7629013079667063	0.999999994811098	0.0020220874163944624	0.9979779125836056	0.9979779125836056	HG003	giabHC_x_ultima	-1	-2	roche	deep19r
R0-HG003-5x-0-D0-PCR-FREE-ROCHE-SBX-DUPLEX-roche-deep19r-Indel_gt50	Indel_gt50	R0-HG003-5x-0-D0-PCR-FREE-ROCHE-SBX-DUPLEX	2505355380.0	2505355192.0	47.0	141.0	0.0	0.8571428571428571	0.75	1.0	0.0	1.0	1.0	HG003	giabHC_x_ultima	-1	-2	roche	deep19r
R0-HG003-5x-0-D0-PCR-FREE-ROCHE-SBX-DUPLEX-roche-deep19r-All	All	R0-HG003-5x-0-D0-PCR-FREE-ROCHE-SBX-DUPLEX	2505355380.0	2501784432.0	382192.0	3188756.0	3822.0	0.9429271063643431	0.8929718382905604	0.9999984722927714	0.0011971516435933594	0.9988028483564066	0.9988028483564066	HG003	giabHC_x_ultima	-1	-2	roche	deep19r
R0-HG003-7x-0-D0-PCR-FREE-ROCHE-SBX-DUPLEX-roche-deep19r-SNPts	SNPts	R0-HG003-7x-0-D0-PCR-FREE-ROCHE-SBX-DUPLEX	3088286401.0	3085963080.0	125297.0	2198024.0	209829.0	0.9291664183139323	0.946069871533034	0.9999320099663281	0.0871436088498758	0.9128563911501242	0.9128563911501242	HG003	hg38	-1	-2	roche	deep19r
R0-HG003-7x-0-D0-PCR-FREE-ROCHE-SBX-DUPLEX-roche-deep19r-SNPtv	SNPtv	R0-HG003-7x-0-D0-PCR-FREE-ROCHE-SBX-DUPLEX	3088286401.0	3087178770.0	64645.0	1042986.0	137807.0	0.9115321286614718	0.9416367003090379	0.9999553635020695	0.11670716205126555	0.8832928379487345	0.8832928379487345	HG003	hg38	-1	-2	roche	deep19r
R0-HG003-7x-0-D0-PCR-FREE-ROCHE-SBX-DUPLEX-roche-deep19r-INS_50	INS_50	R0-HG003-7x-0-D0-PCR-FREE-ROCHE-SBX-DUPLEX	3088286401.0	3088026127.0	32981.0	227293.0	113275.0	0.7565815971586539	0.8732835396543642	0.9999633193372273	0.33260611684010244	0.6673938831598976	0.6673938831598976	HG003	hg38	-1	-2	roche	deep19r
R0-HG003-7x-0-D0-PCR-FREE-ROCHE-SBX-DUPLEX-roche-deep19r-INS_gt50	INS_gt50	R0-HG003-7x-0-D0-PCR-FREE-ROCHE-SBX-DUPLEX	3088286401.0	3088286162.0	229.0	10.0	184.0	0.046189376443418015	0.04184100418410042	0.9999999404200326	0.9484536082474226	0.05154639175257736	0.05154639175257732	HG003	hg38	-1	-2	roche	deep19r
R0-HG003-7x-0-D0-PCR-FREE-ROCHE-SBX-DUPLEX-roche-deep19r-DEL_50	DEL_50	R0-HG003-7x-0-D0-PCR-FREE-ROCHE-SBX-DUPLEX	3088286401.0	3088011864.0	24439.0	250098.0	125704.0	0.7691311762019502	0.9109810335218932	0.9999592945595097	0.3344952927339397	0.6655047072660603	0.6655047072660604	HG003	hg38	-1	-2	roche	deep19r
R0-HG003-7x-0-D0-PCR-FREE-ROCHE-SBX-DUPLEX-roche-deep19r-DEL_gt50	DEL_gt50	R0-HG003-7x-0-D0-PCR-FREE-ROCHE-SBX-DUPLEX	3088286401.0	3088286263.0	122.0	16.0	324.0	0.06694560669456066	0.11594202898550725	0.9999998950874568	0.9529411764705882	0.04705882352941182	0.047058823529411764	HG003	hg38	-1	-2	roche	deep19r
R0-HG003-7x-0-D0-PCR-FREE-ROCHE-SBX-DUPLEX-roche-deep19r-Indel_50	Indel_50	R0-HG003-7x-0-D0-PCR-FREE-ROCHE-SBX-DUPLEX	3088286401.0	3088253820.0	3076.0	29505.0	29534.0	0.6440733464309102	0.9055891470488935	0.9999904367583493	0.5002456003658599	0.49975439963414015	0.49975439963414015	HG003	hg38	-1	-2	roche	deep19r
R0-HG003-7x-0-D0-PCR-FREE-ROCHE-SBX-DUPLEX-roche-deep19r-Indel_gt50	Indel_gt50	R0-HG003-7x-0-D0-PCR-FREE-ROCHE-SBX-DUPLEX	3088286401.0	3088285269.0	274.0	858.0	911.0	0.5915201654601862	0.7579505300353356	0.9999997050143844	0.5149802148106275	0.4850197851893725	0.48501978518937255	HG003	hg38	-1	-2	roche	deep19r
R0-HG003-7x-0-D0-PCR-FREE-ROCHE-SBX-DUPLEX-roche-deep19r-All	All	R0-HG003-7x-0-D0-PCR-FREE-ROCHE-SBX-DUPLEX	3088286401.0	3084286548.0	251063.0	3748790.0	617568.0	0.8961739071606012	0.9372319432739153	0.9997998096612478	0.14143778407542396	0.858562215924576	0.858562215924576	HG003	hg38	-1	-2	roche	deep19r
R0-HG003-7x-0-D0-PCR-FREE-ROCHE-SBX-DUPLEX-roche-deep19r-SNPts	SNPts	R0-HG003-7x-0-D0-PCR-FREE-ROCHE-SBX-DUPLEX	332544085.0	332287241.0	9899.0	246945.0	158.0	0.9800435363242563	0.9614590957935556	0.9999995245079998	0.0006394094770197043	0.9993605905229803	0.9993605905229803	HG003	giabHC_x_ultima_x_clinvar	-1	-2	roche	deep19r
R0-HG003-7x-0-D0-PCR-FREE-ROCHE-SBX-DUPLEX-roche-deep19r-SNPtv	SNPtv	R0-HG003-7x-0-D0-PCR-FREE-ROCHE-SBX-DUPLEX	332544085.0	332429444.0	4506.0	110135.0	85.0	0.9795829423510524	0.9606946903812772	0.9999997443067099	0.0007711849029214299	0.9992288150970786	0.9992288150970786	HG003	giabHC_x_ultima_x_clinvar	-1	-2	roche	deep19r
R0-HG003-7x-0-D0-PCR-FREE-ROCHE-SBX-DUPLEX-roche-deep19r-INS_50	INS_50	R0-HG003-7x-0-D0-PCR-FREE-ROCHE-SBX-DUPLEX	332544085.0	332526460.0	1437.0	16188.0	96.0	0.9547907635141113	0.918468085106383	0.9999997113012532	0.0058953574060427415	0.9941046425939573	0.9941046425939573	HG003	giabHC_x_ultima_x_clinvar	-1	-2	roche	deep19r
R0-HG003-7x-0-D0-PCR-FREE-ROCHE-SBX-DUPLEX-roche-deep19r-INS_gt50	INS_gt50	R0-HG003-7x-0-D0-PCR-FREE-ROCHE-SBX-DUPLEX	332544085.0	332544085.0	0.0	0.0	0.0			1.0				HG003	giabHC_x_ultima_x_clinvar	-1	-2	roche	deep19r
R0-HG003-7x-0-D0-PCR-FREE-ROCHE-SBX-DUPLEX-roche-deep19r-DEL_50	DEL_50	R0-HG003-7x-0-D0-PCR-FREE-ROCHE-SBX-DUPLEX	332544085.0	332524957.0	1184.0	17944.0	58.0	0.9665499596014006	0.9381012128816395	0.9999998255770322	0.003221864237306966	0.996778135762693	0.996778135762693	HG003	giabHC_x_ultima_x_clinvar	-1	-2	roche	deep19r
R0-HG003-7x-0-D0-PCR-FREE-ROCHE-SBX-DUPLEX-roche-deep19r-DEL_gt50	DEL_gt50	R0-HG003-7x-0-D0-PCR-FREE-ROCHE-SBX-DUPLEX	332544085.0	332544085.0	0.0	0.0	0.0			1.0				HG003	giabHC_x_ultima_x_clinvar	-1	-2	roche	deep19r
R0-HG003-7x-0-D0-PCR-FREE-ROCHE-SBX-DUPLEX-roche-deep19r-Indel_50	Indel_50	R0-HG003-7x-0-D0-PCR-FREE-ROCHE-SBX-DUPLEX	332544085.0	332543128.0	47.0	910.0	2.0	0.9737827715355806	0.9508881922675027	0.9999999939857426	0.0021929824561403508	0.9978070175438597	0.9978070175438597	HG003	giabHC_x_ultima_x_clinvar	-1	-2	roche	deep19r
R0-HG003-7x-0-D0-PCR-FREE-ROCHE-SBX-DUPLEX-roche-deep19r-Indel_gt50	Indel_gt50	R0-HG003-7x-0-D0-PCR-FREE-ROCHE-SBX-DUPLEX	332544085.0	332544062.0	0.0	23.0	0.0	1.0	1.0	1.0	0.0	1.0	1.0	HG003	giabHC_x_ultima_x_clinvar	-1	-2	roche	deep19r
R0-HG003-7x-0-D0-PCR-FREE-ROCHE-SBX-DUPLEX-roche-deep19r-All	All	R0-HG003-7x-0-D0-PCR-FREE-ROCHE-SBX-DUPLEX	332544085.0	332134867.0	17073.0	392145.0	399.0	0.9782079968868567	0.9582789613360116	0.9999987986822212	0.0010164465639520665	0.9989835534360479	0.9989835534360479	HG003	giabHC_x_ultima_x_clinvar	-1	-2	roche	deep19r
R0-HG003-7x-0-D0-PCR-FREE-ROCHE-SBX-DUPLEX-roche-deep19r-SNPts	SNPts	R0-HG003-7x-0-D0-PCR-FREE-ROCHE-SBX-DUPLEX	2528531102.0	2526276077.0	115071.0	2139954.0	1924.0	0.9733914985161146	0.9489712974357268	0.9999992384052748	0.0008982771194251027	0.9991017228805749	0.9991017228805749	HG003	giabHC	-1	-2	roche	deep19r
R0-HG003-7x-0-D0-PCR-FREE-ROCHE-SBX-DUPLEX-roche-deep19r-SNPtv	SNPtv	R0-HG003-7x-0-D0-PCR-FREE-ROCHE-SBX-DUPLEX	2528531102.0	2527458938.0	58845.0	1013319.0	1154.0	0.9712460768212199	0.9451156726023258	0.9999995434151449	0.0011375364351737306	0.9988624635648262	0.9988624635648262	HG003	giabHC	-1	-2	roche	deep19r
R0-HG003-7x-0-D0-PCR-FREE-ROCHE-SBX-DUPLEX-roche-deep19r-INS_50	INS_50	R0-HG003-7x-0-D0-PCR-FREE-ROCHE-SBX-DUPLEX	2528531102.0	2528298835.0	25849.0	206418.0	1895.0	0.9370284624812748	0.8887099760189782	0.9999992504847317	0.00909688785625477	0.9909031121437453	0.9909031121437453	HG003	giabHC	-1	-2	roche	deep19r
R0-HG003-7x-0-D0-PCR-FREE-ROCHE-SBX-DUPLEX-roche-deep19r-INS_gt50	INS_gt50	R0-HG003-7x-0-D0-PCR-FREE-ROCHE-SBX-DUPLEX	2528531102.0	2528531101.0	1.0	0.0	0.0		0.0	1.0				HG003	giabHC	-1	-2	roche	deep19r
R0-HG003-7x-0-D0-PCR-FREE-ROCHE-SBX-DUPLEX-roche-deep19r-DEL_50	DEL_50	R0-HG003-7x-0-D0-PCR-FREE-ROCHE-SBX-DUPLEX	2528531102.0	2528284801.0	18778.0	227523.0	2142.0	0.9560472806881163	0.9237599522535435	0.9999991527860372	0.009326627914571223	0.9906733720854288	0.9906733720854288	HG003	giabHC	-1	-2	roche	deep19r
R0-HG003-7x-0-D0-PCR-FREE-ROCHE-SBX-DUPLEX-roche-deep19r-DEL_gt50	DEL_gt50	R0-HG003-7x-0-D0-PCR-FREE-ROCHE-SBX-DUPLEX	2528531102.0	2528531102.0	0.0	0.0	0.0			1.0				HG003	giabHC	-1	-2	roche	deep19r
R0-HG003-7x-0-D0-PCR-FREE-ROCHE-SBX-DUPLEX-roche-deep19r-Indel_50	Indel_50	R0-HG003-7x-0-D0-PCR-FREE-ROCHE-SBX-DUPLEX	2528531102.0	2528505711.0	1823.0	23568.0	206.0	0.9587308044340486	0.928202906541688	0.9999999185289626	0.008664928072684446	0.9913350719273155	0.9913350719273155	HG003	giabHC	-1	-2	roche	deep19r
R0-HG003-7x-0-D0-PCR-FREE-ROCHE-SBX-DUPLEX-roche-deep19r-Indel_gt50	Indel_gt50	R0-HG003-7x-0-D0-PCR-FREE-ROCHE-SBX-DUPLEX	2528531102.0	2528530775.0	42.0	285.0	2.0	0.9283387622149837	0.8715596330275229	0.9999999992090268	0.006968641114982578	0.9930313588850174	0.9930313588850174	HG003	giabHC	-1	-2	roche	deep19r
R0-HG003-7x-0-D0-PCR-FREE-ROCHE-SBX-DUPLEX-roche-deep19r-All	All	R0-HG003-7x-0-D0-PCR-FREE-ROCHE-SBX-DUPLEX	2528531102.0	2524699626.0	220409.0	3611067.0	7323.0	0.9694313964841782	0.9424741274641939	0.9999970994653448	0.0020238282772172154	0.9979761717227827	0.9979761717227827	HG003	giabHC	-1	-2	roche	deep19r
R0-HG003-7x-0-D0-PCR-FREE-ROCHE-SBX-DUPLEX-roche-deep19r-SNPts	SNPts	R0-HG003-7x-0-D0-PCR-FREE-ROCHE-SBX-DUPLEX	377862616.0	377589317.0	14965.0	258334.0	22397.0	0.932563218598271	0.94524312200191	0.9999406877510161	0.07978100031702946	0.9202189996829705	0.9202189996829705	HG003	clinvar_genes	-1	-2	roche	deep19r
R0-HG003-7x-0-D0-PCR-FREE-ROCHE-SBX-DUPLEX-roche-deep19r-SNPtv	SNPtv	R0-HG003-7x-0-D0-PCR-FREE-ROCHE-SBX-DUPLEX	377862616.0	377738181.0	7139.0	117296.0	13578.0	0.9188551911605154	0.9426286816410174	0.999964055759698	0.1037486437336675	0.8962513562663325	0.8962513562663325	HG003	clinvar_genes	-1	-2	roche	deep19r
R0-HG003-7x-0-D0-PCR-FREE-ROCHE-SBX-DUPLEX-roche-deep19r-INS_50	INS_50	R0-HG003-7x-0-D0-PCR-FREE-ROCHE-SBX-DUPLEX	377862616.0	377833101.0	3655.0	25860.0	12269.0	0.7645910945538407	0.8761646620362528	0.9999675290450165	0.3217760759526869	0.6782239240473131	0.678223924047313	HG003	clinvar_genes	-1	-2	roche	deep19r
R0-HG003-7x-0-D0-PCR-FREE-ROCHE-SBX-DUPLEX-roche-deep19r-INS_gt50	INS_gt50	R0-HG003-7x-0-D0-PCR-FREE-ROCHE-SBX-DUPLEX	377862616.0	377862586.0	27.0	3.0	25.0	0.10344827586206898	0.1	0.9999999338383866	0.8928571428571429	0.1071428571428571	0.10714285714285714	HG003	clinvar_genes	-1	-2	roche	deep19r
R0-HG003-7x-0-D0-PCR-FREE-ROCHE-SBX-DUPLEX-roche-deep19r-DEL_50	DEL_50	R0-HG003-7x-0-D0-PCR-FREE-ROCHE-SBX-DUPLEX	377862616.0	377831423.0	2703.0	28490.0	13456.0	0.7790645209805986	0.913345943000032	0.9999643875019939	0.32079340103943166	0.6792065989605683	0.6792065989605683	HG003	clinvar_genes	-1	-2	roche	deep19r
R0-HG003-7x-0-D0-PCR-FREE-ROCHE-SBX-DUPLEX-roche-deep19r-DEL_gt50	DEL_gt50	R0-HG003-7x-0-D0-PCR-FREE-ROCHE-SBX-DUPLEX	377862616.0	377862598.0	16.0	2.0	40.0	0.06666666666666667	0.1111111111111111	0.9999998941414261	0.9523809523809523	0.04761904761904767	0.047619047619047616	HG003	clinvar_genes	-1	-2	roche	deep19r
R0-HG003-7x-0-D0-PCR-FREE-ROCHE-SBX-DUPLEX-roche-deep19r-Indel_50	Indel_50	R0-HG003-7x-0-D0-PCR-FREE-ROCHE-SBX-DUPLEX	377862616.0	377859344.0	256.0	3016.0	3172.0	0.6376321353065539	0.921760391198044	0.999991605412377	0.5126050420168067	0.4873949579831933	0.48739495798319327	HG003	clinvar_genes	-1	-2	roche	deep19r
R0-HG003-7x-0-D0-PCR-FREE-ROCHE-SBX-DUPLEX-roche-deep19r-Indel_gt50	Indel_gt50	R0-HG003-7x-0-D0-PCR-FREE-ROCHE-SBX-DUPLEX	377862616.0	377862494.0	30.0	92.0	93.0	0.5993485342019543	0.7540983606557377	0.9999997538787824	0.5027027027027027	0.4972972972972973	0.4972972972972973	HG003	clinvar_genes	-1	-2	roche	deep19r
R0-HG003-7x-0-D0-PCR-FREE-ROCHE-SBX-DUPLEX-roche-deep19r-All	All	R0-HG003-7x-0-D0-PCR-FREE-ROCHE-SBX-DUPLEX	377862616.0	377400732.0	28791.0	433093.0	65030.0	0.9022705042775729	0.937666167262776	0.9998277194740645	0.13055008501916193	0.8694499149808381	0.869449914980838	HG003	clinvar_genes	-1	-2	roche	deep19r
R0-HG003-7x-0-D0-PCR-FREE-ROCHE-SBX-DUPLEX-roche-deep19r-SNPts	SNPts	R0-HG003-7x-0-D0-PCR-FREE-ROCHE-SBX-DUPLEX	337668665.0	337403076.0	13617.0	251972.0	301.0	0.9731241141462397	0.9487290512784792	0.9999991078927465	0.001193151863259247	0.9988068481367407	0.9988068481367407	HG003	giabHC_x_clinvar_genes	-1	-2	roche	deep19r
R0-HG003-7x-0-D0-PCR-FREE-ROCHE-SBX-DUPLEX-roche-deep19r-SNPtv	SNPtv	R0-HG003-7x-0-D0-PCR-FREE-ROCHE-SBX-DUPLEX	337668665.0	337548342.0	6395.0	113928.0	155.0	0.9720570292569304	0.9468513916707529	0.9999995408067245	0.0013586599230384895	0.9986413400769615	0.9986413400769615	HG003	giabHC_x_clinvar_genes	-1	-2	roche	deep19r
R0-HG003-7x-0-D0-PCR-FREE-ROCHE-SBX-DUPLEX-roche-deep19r-INS_50	INS_50	R0-HG003-7x-0-D0-PCR-FREE-ROCHE-SBX-DUPLEX	337668665.0	337642074.0	2958.0	23633.0	212.0	0.9371480688397177	0.8887593546688729	0.9999993721165601	0.008890752778360243	0.9911092472216397	0.9911092472216397	HG003	giabHC_x_clinvar_genes	-1	-2	roche	deep19r
R0-HG003-7x-0-D0-PCR-FREE-ROCHE-SBX-DUPLEX-roche-deep19r-INS_gt50	INS_gt50	R0-HG003-7x-0-D0-PCR-FREE-ROCHE-SBX-DUPLEX	337668665.0	337668665.0	0.0	0.0	0.0			1.0				HG003	giabHC_x_clinvar_genes	-1	-2	roche	deep19r
R0-HG003-7x-0-D0-PCR-FREE-ROCHE-SBX-DUPLEX-roche-deep19r-DEL_50	DEL_50	R0-HG003-7x-0-D0-PCR-FREE-ROCHE-SBX-DUPLEX	337668665.0	337640444.0	2132.0	26089.0	251.0	0.9563241142940928	0.9244534212111548	0.9999992566061979	0.0095292331055429	0.9904707668944571	0.9904707668944571	HG003	giabHC_x_clinvar_genes	-1	-2	roche	deep19r
R0-HG003-7x-0-D0-PCR-FREE-ROCHE-SBX-DUPLEX-roche-deep19r-DEL_gt50	DEL_gt50	R0-HG003-7x-0-D0-PCR-FREE-ROCHE-SBX-DUPLEX	337668665.0	337668665.0	0.0	0.0	0.0			1.0				HG003	giabHC_x_clinvar_genes	-1	-2	roche	deep19r
R0-HG003-7x-0-D0-PCR-FREE-ROCHE-SBX-DUPLEX-roche-deep19r-Indel_50	Indel_50	R0-HG003-7x-0-D0-PCR-FREE-ROCHE-SBX-DUPLEX	337668665.0	337666072.0	148.0	2445.0	21.0	0.9665941885748172	0.9429232549170845	0.999999937808384	0.00851581508515815	0.9914841849148418	0.9914841849148418	HG003	giabHC_x_clinvar_genes	-1	-2	roche	deep19r
R0-HG003-7x-0-D0-PCR-FREE-ROCHE-SBX-DUPLEX-roche-deep19r-Indel_gt50	Indel_gt50	R0-HG003-7x-0-D0-PCR-FREE-ROCHE-SBX-DUPLEX	337668665.0	337668635.0	2.0	28.0	0.0	0.9655172413793104	0.9333333333333333	1.0	0.0	1.0	1.0	HG003	giabHC_x_clinvar_genes	-1	-2	roche	deep19r
R0-HG003-7x-0-D0-PCR-FREE-ROCHE-SBX-DUPLEX-roche-deep19r-All	All	R0-HG003-7x-0-D0-PCR-FREE-ROCHE-SBX-DUPLEX	337668665.0	337225318.0	25252.0	418095.0	940.0	0.9696283085685926	0.943042357340864	0.9999972125539525	0.002243249370577637	0.9977567506294224	0.9977567506294224	HG003	giabHC_x_clinvar_genes	-1	-2	roche	deep19r
R0-HG003-7x-0-D0-PCR-FREE-ROCHE-SBX-DUPLEX-roche-deep19r-SNPts	SNPts	R0-HG003-7x-0-D0-PCR-FREE-ROCHE-SBX-DUPLEX	2799325643.0	2797071236.0	94647.0	2159760.0	130806.0	0.9503950848552896	0.9580168975699597	0.9999532368423747	0.0571064095075191	0.9428935904924809	0.9428935904924809	HG003	ultima	-1	-2	roche	deep19r
R0-HG003-7x-0-D0-PCR-FREE-ROCHE-SBX-DUPLEX-roche-deep19r-SNPtv	SNPtv	R0-HG003-7x-0-D0-PCR-FREE-ROCHE-SBX-DUPLEX	2799325643.0	2798266608.0	46466.0	1012569.0	71090.0	0.9451363563812658	0.9561242074152412	0.9999745956322388	0.06560181754592542	0.9343981824540746	0.9343981824540746	HG003	ultima	-1	-2	roche	deep19r
R0-HG003-7x-0-D0-PCR-FREE-ROCHE-SBX-DUPLEX-roche-deep19r-INS_50	INS_50	R0-HG003-7x-0-D0-PCR-FREE-ROCHE-SBX-DUPLEX	2799325643.0	2799159763.0	14875.0	151005.0	21927.0	0.8913792899897287	0.9103267422232939	0.9999921666392437	0.12679550343487614	0.8732044965651239	0.8732044965651239	HG003	ultima	-1	-2	roche	deep19r
R0-HG003-7x-0-D0-PCR-FREE-ROCHE-SBX-DUPLEX-roche-deep19r-INS_gt50	INS_gt50	R0-HG003-7x-0-D0-PCR-FREE-ROCHE-SBX-DUPLEX	2799325643.0	2799325547.0	94.0	2.0	30.0	0.03125	0.020833333333333332	0.9999999892831329	0.9375	0.0625	0.0625	HG003	ultima	-1	-2	roche	deep19r
R0-HG003-7x-0-D0-PCR-FREE-ROCHE-SBX-DUPLEX-roche-deep19r-DEL_50	DEL_50	R0-HG003-7x-0-D0-PCR-FREE-ROCHE-SBX-DUPLEX	2799325643.0	2799145525.0	12781.0	167337.0	27854.0	0.8917292151267356	0.9290409620359986	0.9999900492051658	0.14270125159459196	0.857298748405408	0.857298748405408	HG003	ultima	-1	-2	roche	deep19r
R0-HG003-7x-0-D0-PCR-FREE-ROCHE-SBX-DUPLEX-roche-deep19r-DEL_gt50	DEL_gt50	R0-HG003-7x-0-D0-PCR-FREE-ROCHE-SBX-DUPLEX	2799325643.0	2799325554.0	78.0	11.0	80.0	0.12222222222222223	0.12359550561797752	0.9999999714216885	0.8791208791208791	0.1208791208791209	0.12087912087912088	HG003	ultima	-1	-2	roche	deep19r
R0-HG003-7x-0-D0-PCR-FREE-ROCHE-SBX-DUPLEX-roche-deep19r-Indel_50	Indel_50	R0-HG003-7x-0-D0-PCR-FREE-ROCHE-SBX-DUPLEX	2799325643.0	2799312784.0	932.0	11927.0	1736.0	0.8994042681547395	0.927521580216191	0.999999379848178	0.12705847910414989	0.8729415208958501	0.8729415208958501	HG003	ultima	-1	-2	roche	deep19r
R0-HG003-7x-0-D0-PCR-FREE-ROCHE-SBX-DUPLEX-roche-deep19r-Indel_gt50	Indel_gt50	R0-HG003-7x-0-D0-PCR-FREE-ROCHE-SBX-DUPLEX	2799325643.0	2799324987.0	73.0	583.0	267.0	0.7742363877822044	0.8887195121951219	0.9999999046198724	0.31411764705882356	0.6858823529411764	0.6858823529411765	HG003	ultima	-1	-2	roche	deep19r
R0-HG003-7x-0-D0-PCR-FREE-ROCHE-SBX-DUPLEX-roche-deep19r-All	All	R0-HG003-7x-0-D0-PCR-FREE-ROCHE-SBX-DUPLEX	2799325643.0	2795652503.0	169946.0	3503194.0	253790.0	0.9429705345428959	0.9537327735942545	0.9999092280021561	0.06755152537247963	0.9324484746275203	0.9324484746275203	HG003	ultima	-1	-2	roche	deep19r
R0-HG003-7x-0-D0-PCR-FREE-ROCHE-SBX-DUPLEX-roche-deep19r-SNPts	SNPts	R0-HG003-7x-0-D0-PCR-FREE-ROCHE-SBX-DUPLEX	2505355380.0	2503152185.0	90231.0	2112964.0	1348.0	0.9787889168448366	0.9590453863593554	0.9999994614792971	0.0006375596411504073	0.9993624403588496	0.9993624403588496	HG003	giabHC_x_ultima	-1	-2	roche	deep19r
R0-HG003-7x-0-D0-PCR-FREE-ROCHE-SBX-DUPLEX-roche-deep19r-SNPtv	SNPtv	R0-HG003-7x-0-D0-PCR-FREE-ROCHE-SBX-DUPLEX	2505355380.0	2504320790.0	44276.0	990314.0	792.0	0.9777518443043773	0.9572043031539064	0.9999996837466858	0.0007991072599701747	0.9992008927400299	0.9992008927400299	HG003	giabHC_x_ultima	-1	-2	roche	deep19r
R0-HG003-7x-0-D0-PCR-FREE-ROCHE-SBX-DUPLEX-roche-deep19r-INS_50	INS_50	R0-HG003-7x-0-D0-PCR-FREE-ROCHE-SBX-DUPLEX	2505355380.0	2505200122.0	13054.0	142204.0	891.0	0.9532600644203344	0.9159205966842289	0.9999996443399171	0.006226632656626717	0.9937733673433733	0.9937733673433733	HG003	giabHC_x_ultima	-1	-2	roche	deep19r
R0-HG003-7x-0-D0-PCR-FREE-ROCHE-SBX-DUPLEX-roche-deep19r-INS_gt50	INS_gt50	R0-HG003-7x-0-D0-PCR-FREE-ROCHE-SBX-DUPLEX	2505355380.0	2505355380.0	0.0	0.0	0.0			1.0				HG003	giabHC_x_ultima	-1	-2	roche	deep19r
R0-HG003-7x-0-D0-PCR-FREE-ROCHE-SBX-DUPLEX-roche-deep19r-DEL_50	DEL_50	R0-HG003-7x-0-D0-PCR-FREE-ROCHE-SBX-DUPLEX	2505355380.0	2505187829.0	10695.0	156856.0	540.0	0.9654251308674955	0.936168688936503	0.9999997844473467	0.00343083687006023	0.9965691631299398	0.9965691631299398	HG003	giabHC_x_ultima	-1	-2	roche	deep19r
R0-HG003-7x-0-D0-PCR-FREE-ROCHE-SBX-DUPLEX-roche-deep19r-DEL_gt50	DEL_gt50	R0-HG003-7x-0-D0-PCR-FREE-ROCHE-SBX-DUPLEX	2505355380.0	2505355380.0	0.0	0.0	0.0			1.0				HG003	giabHC_x_ultima	-1	-2	roche	deep19r
R0-HG003-7x-0-D0-PCR-FREE-ROCHE-SBX-DUPLEX-roche-deep19r-Indel_50	Indel_50	R0-HG003-7x-0-D0-PCR-FREE-ROCHE-SBX-DUPLEX	2505355380.0	2505345135.0	681.0	9564.0	17.0	0.9647937052355492	0.9335285505124451	0.9999999932145078	0.0017743450579271475	0.9982256549420728	0.9982256549420728	HG003	giabHC_x_ultima	-1	-2	roche	deep19r
R0-HG003-7x-0-D0-PCR-FREE-ROCHE-SBX-DUPLEX-roche-deep19r-Indel_gt50	Indel_gt50	R0-HG003-7x-0-D0-PCR-FREE-ROCHE-SBX-DUPLEX	2505355380.0	2505355129.0	20.0	231.0	0.0	0.95850622406639	0.9203187250996016	1.0	0.0	1.0	1.0	HG003	giabHC_x_ultima	-1	-2	roche	deep19r
R0-HG003-7x-0-D0-PCR-FREE-ROCHE-SBX-DUPLEX-roche-deep19r-All	All	R0-HG003-7x-0-D0-PCR-FREE-ROCHE-SBX-DUPLEX	2505355380.0	2501784290.0	158957.0	3412133.0	3588.0	0.9767354519823135	0.9554878202453593	0.9999985658256515	0.0010504370819513654	0.9989495629180486	0.9989495629180486	HG003	giabHC_x_ultima	-1	-2	roche	deep19r
