mqc_id	VariantClass	Sample	TgtRegionSize	TN	FN	TP	FP	Fscore	Sensitivity-Recall	Specificity	FDR	PPV	Precision	AltId	ROI	AllVarMeanDP	CovBin	Aligner	SNVCaller
I2-HG003-10x-5-D0-PF-ILMN-NOVASEQ-sent-sentd-SNPts	SNPts	I2-HG003-10x-5-D0-PF-ILMN-NOVASEQ	337668665.0	337403156.0	5046.0	260463.0	2708.0	0.9853332828932435	0.9809949945199598	0.9999919740576886	0.010289887563599333	0.9897101124364006	0.9897101124364006	HG003	giabHC_x_clinvar_genes	-1	-2	sent	sentd
I2-HG003-10x-5-D0-PF-ILMN-NOVASEQ-sent-sentd-SNPtv	SNPtv	I2-HG003-10x-5-D0-PF-ILMN-NOVASEQ	337668665.0	337548455.0	2400.0	117810.0	1270.0	0.9846629612603953	0.9800349388570002	0.9999962375913652	0.010665099093046691	0.9893349009069533	0.9893349009069533	HG003	giabHC_x_clinvar_genes	-1	-2	sent	sentd
I2-HG003-10x-5-D0-PF-ILMN-NOVASEQ-sent-sentd-INS_50	INS_50	I2-HG003-10x-5-D0-PF-ILMN-NOVASEQ	337668665.0	337642209.0	718.0	25738.0	311.0	0.9804018664889059	0.9728605987299668	0.9999990789074789	0.011939037966908518	0.9880609620330915	0.9880609620330915	HG003	giabHC_x_clinvar_genes	-1	-2	sent	sentd
I2-HG003-10x-5-D0-PF-ILMN-NOVASEQ-sent-sentd-INS_gt50	INS_gt50	I2-HG003-10x-5-D0-PF-ILMN-NOVASEQ	337668665.0	337668665.0	0.0	0.0	0.0			1.0				HG003	giabHC_x_clinvar_genes	-1	-2	sent	sentd
I2-HG003-10x-5-D0-PF-ILMN-NOVASEQ-sent-sentd-DEL_50	DEL_50	I2-HG003-10x-5-D0-PF-ILMN-NOVASEQ	337668665.0	337640526.0	682.0	27457.0	203.0	0.984139500707898	0.9757631756636697	0.9999993987692166	0.007339117859725235	0.9926608821402748	0.9926608821402748	HG003	giabHC_x_clinvar_genes	-1	-2	sent	sentd
I2-HG003-10x-5-D0-PF-ILMN-NOVASEQ-sent-sentd-DEL_gt50	DEL_gt50	I2-HG003-10x-5-D0-PF-ILMN-NOVASEQ	337668665.0	337668665.0	0.0	0.0	0.0			1.0				HG003	giabHC_x_clinvar_genes	-1	-2	sent	sentd
I2-HG003-10x-5-D0-PF-ILMN-NOVASEQ-sent-sentd-Indel_50	Indel_50	I2-HG003-10x-5-D0-PF-ILMN-NOVASEQ	337668665.0	337665792.0	47.0	2826.0	1.0	0.991578947368421	0.9836407935955447	0.9999999970384919	0.00035373187124159886	0.9996462681287585	0.9996462681287585	HG003	giabHC_x_clinvar_genes	-1	-2	sent	sentd
I2-HG003-10x-5-D0-PF-ILMN-NOVASEQ-sent-sentd-Indel_gt50	Indel_gt50	I2-HG003-10x-5-D0-PF-ILMN-NOVASEQ	337668665.0	337668629.0	2.0	34.0	0.0	0.9714285714285714	0.9444444444444444	1.0	0.0	1.0	1.0	HG003	giabHC_x_clinvar_genes	-1	-2	sent	sentd
I2-HG003-10x-5-D0-PF-ILMN-NOVASEQ-sent-sentd-All	All	I2-HG003-10x-5-D0-PF-ILMN-NOVASEQ	337668665.0	337225442.0	8895.0	434328.0	4493.0	0.9848216188761559	0.979931095633575	0.9999866767462384	0.01023879896358652	0.9897612010364135	0.9897612010364135	HG003	giabHC_x_clinvar_genes	-1	-2	sent	sentd
I2-HG003-10x-5-D0-PF-ILMN-NOVASEQ-sent-sentd-SNPts	SNPts	I2-HG003-10x-5-D0-PF-ILMN-NOVASEQ	2505355380.0	2503152341.0	37852.0	2165187.0	13021.0	0.9883884656582932	0.9828182796582358	0.9999947981862495	0.005977849681940384	0.9940221503180596	0.9940221503180596	HG003	giabHC_x_ultima	-1	-2	sent	sentd
I2-HG003-10x-5-D0-PF-ILMN-NOVASEQ-sent-sentd-SNPtv	SNPtv	I2-HG003-10x-5-D0-PF-ILMN-NOVASEQ	2505355380.0	2504320996.0	18971.0	1015413.0	6501.0	0.9876126903785346	0.981659615771319	0.999997404093511	0.00636159207134847	0.9936384079286515	0.9936384079286515	HG003	giabHC_x_ultima	-1	-2	sent	sentd
I2-HG003-10x-5-D0-PF-ILMN-NOVASEQ-sent-sentd-INS_50	INS_50	I2-HG003-10x-5-D0-PF-ILMN-NOVASEQ	2505355380.0	2505201009.0	3215.0	151156.0	960.0	0.9863778887848426	0.9791735494360988	0.9999996167973633	0.006310973204659602	0.9936890267953404	0.9936890267953404	HG003	giabHC_x_ultima	-1	-2	sent	sentd
I2-HG003-10x-5-D0-PF-ILMN-NOVASEQ-sent-sentd-INS_gt50	INS_gt50	I2-HG003-10x-5-D0-PF-ILMN-NOVASEQ	2505355380.0	2505355379.0	0.0	1.0	0.0	1.0	1.0	1.0	0.0	1.0	1.0	HG003	giabHC_x_ultima	-1	-2	sent	sentd
I2-HG003-10x-5-D0-PF-ILMN-NOVASEQ-sent-sentd-DEL_50	DEL_50	I2-HG003-10x-5-D0-PF-ILMN-NOVASEQ	2505355380.0	2505189067.0	3712.0	162601.0	738.0	0.9865009161176028	0.9776806383145034	0.9999997054115427	0.004518210592693723	0.9954817894073063	0.9954817894073063	HG003	giabHC_x_ultima	-1	-2	sent	sentd
I2-HG003-10x-5-D0-PF-ILMN-NOVASEQ-sent-sentd-DEL_gt50	DEL_gt50	I2-HG003-10x-5-D0-PF-ILMN-NOVASEQ	2505355380.0	2505355380.0	0.0	0.0	12.0			0.9999999952102604	1.0	0.0	0.0	HG003	giabHC_x_ultima	-1	-2	sent	sentd
I2-HG003-10x-5-D0-PF-ILMN-NOVASEQ-sent-sentd-Indel_50	Indel_50	I2-HG003-10x-5-D0-PF-ILMN-NOVASEQ	2505355380.0	2505342969.0	228.0	12183.0	2.0	0.9906488859977233	0.9816291999033115	0.9999999992017061	0.00016413623307345098	0.9998358637669266	0.9998358637669266	HG003	giabHC_x_ultima	-1	-2	sent	sentd
I2-HG003-10x-5-D0-PF-ILMN-NOVASEQ-sent-sentd-Indel_gt50	Indel_gt50	I2-HG003-10x-5-D0-PF-ILMN-NOVASEQ	2505355380.0	2505355081.0	9.0	290.0	0.0	0.9847198641765704	0.9698996655518395	1.0	0.0	1.0	1.0	HG003	giabHC_x_ultima	-1	-2	sent	sentd
I2-HG003-10x-5-D0-PF-ILMN-NOVASEQ-sent-sentd-All	All	I2-HG003-10x-5-D0-PF-ILMN-NOVASEQ	2505355380.0	2501784562.0	63987.0	3506831.0	21234.0	0.987995153603743	0.9820805764953576	0.9999915125306553	0.006018596596151148	0.9939814034038489	0.9939814034038489	HG003	giabHC_x_ultima	-1	-2	sent	sentd
I2-HG003-10x-5-D0-PF-ILMN-NOVASEQ-sent-sentd-SNPts	SNPts	I2-HG003-10x-5-D0-PF-ILMN-NOVASEQ	2528531102.0	2526276487.0	47902.0	2206713.0	17930.0	0.9853029229394691	0.9787538005380076	0.9999929026482902	0.008059720143861285	0.9919402798561388	0.9919402798561388	HG003	giabHC	-1	-2	sent	sentd
I2-HG003-10x-5-D0-PF-ILMN-NOVASEQ-sent-sentd-SNPtv	SNPtv	I2-HG003-10x-5-D0-PF-ILMN-NOVASEQ	2528531102.0	2527459544.0	24490.0	1047068.0	9318.0	0.9841123638591993	0.9771454274990248	0.9999963133076969	0.008820639425361564	0.9911793605746384	0.9911793605746384	HG003	giabHC	-1	-2	sent	sentd
I2-HG003-10x-5-D0-PF-ILMN-NOVASEQ-sent-sentd-INS_50	INS_50	I2-HG003-10x-5-D0-PF-ILMN-NOVASEQ	2528531102.0	2528300666.0	6116.0	224320.0	2483.0	0.9811936427120171	0.9734590081410891	0.9999990179184007	0.010947826968779073	0.989052173031221	0.989052173031221	HG003	giabHC	-1	-2	sent	sentd
I2-HG003-10x-5-D0-PF-ILMN-NOVASEQ-sent-sentd-INS_gt50	INS_gt50	I2-HG003-10x-5-D0-PF-ILMN-NOVASEQ	2528531102.0	2528531100.0	0.0	2.0	0.0	1.0	1.0	1.0	0.0	1.0	1.0	HG003	giabHC	-1	-2	sent	sentd
I2-HG003-10x-5-D0-PF-ILMN-NOVASEQ-sent-sentd-DEL_50	DEL_50	I2-HG003-10x-5-D0-PF-ILMN-NOVASEQ	2528531102.0	2528286299.0	6561.0	238242.0	1590.0	0.983181156953171	0.9731988578571341	0.9999993711159212	0.006629640748523967	0.993370359251476	0.993370359251476	HG003	giabHC	-1	-2	sent	sentd
I2-HG003-10x-5-D0-PF-ILMN-NOVASEQ-sent-sentd-DEL_gt50	DEL_gt50	I2-HG003-10x-5-D0-PF-ILMN-NOVASEQ	2528531102.0	2528531102.0	0.0	0.0	13.0			0.9999999948586751	1.0	0.0	0.0	HG003	giabHC	-1	-2	sent	sentd
I2-HG003-10x-5-D0-PF-ILMN-NOVASEQ-sent-sentd-Indel_50	Indel_50	I2-HG003-10x-5-D0-PF-ILMN-NOVASEQ	2528531102.0	2528502166.0	543.0	28393.0	10.0	0.9903556043879385	0.981234448437932	0.9999999960450894	0.0003520754849839806	0.999647924515016	0.999647924515016	HG003	giabHC	-1	-2	sent	sentd
I2-HG003-10x-5-D0-PF-ILMN-NOVASEQ-sent-sentd-Indel_gt50	Indel_gt50	I2-HG003-10x-5-D0-PF-ILMN-NOVASEQ	2528531102.0	2528530719.0	19.0	364.0	0.0	0.9745649263721553	0.9503916449086162	1.0	0.0	1.0	1.0	HG003	giabHC	-1	-2	sent	sentd
I2-HG003-10x-5-D0-PF-ILMN-NOVASEQ-sent-sentd-All	All	I2-HG003-10x-5-D0-PF-ILMN-NOVASEQ	2528531102.0	2524700369.0	85631.0	3745102.0	31344.0	0.9846230777532643	0.9776463146870324	0.9999875852155543	0.008299867123745447	0.9917001328762546	0.9917001328762546	HG003	giabHC	-1	-2	sent	sentd
I2-HG003-10x-5-D0-PF-ILMN-NOVASEQ-sent-sentd-SNPts	SNPts	I2-HG003-10x-5-D0-PF-ILMN-NOVASEQ	377862616.0	377589427.0	5826.0	267363.0	39488.0	0.9218778015309289	0.9786741047406741	0.9998954317362059	0.12868786479431385	0.8713121352056862	0.8713121352056862	HG003	clinvar_genes	-1	-2	sent	sentd
I2-HG003-10x-5-D0-PF-ILMN-NOVASEQ-sent-sentd-SNPtv	SNPtv	I2-HG003-10x-5-D0-PF-ILMN-NOVASEQ	377862616.0	377738332.0	2807.0	121477.0	23007.0	0.9039543398023574	0.9774146310064047	0.9999390964674657	0.1592356247058498	0.8407643752941503	0.8407643752941503	HG003	clinvar_genes	-1	-2	sent	sentd
I2-HG003-10x-5-D0-PF-ILMN-NOVASEQ-sent-sentd-INS_50	INS_50	I2-HG003-10x-5-D0-PF-ILMN-NOVASEQ	377862616.0	377833252.0	991.0	28373.0	17454.0	0.7546913859371467	0.9662511919357036	0.999953807152606	0.3808671743731861	0.6191328256268138	0.6191328256268139	HG003	clinvar_genes	-1	-2	sent	sentd
I2-HG003-10x-5-D0-PF-ILMN-NOVASEQ-sent-sentd-INS_gt50	INS_gt50	I2-HG003-10x-5-D0-PF-ILMN-NOVASEQ	377862616.0	377862585.0	19.0	12.0	159.0	0.11881188118811879	0.3870967741935484	0.9999995792122867	0.9298245614035088	0.07017543859649122	0.07017543859649122	HG003	clinvar_genes	-1	-2	sent	sentd
I2-HG003-10x-5-D0-PF-ILMN-NOVASEQ-sent-sentd-DEL_50	DEL_50	I2-HG003-10x-5-D0-PF-ILMN-NOVASEQ	377862616.0	377831536.0	879.0	30201.0	17616.0	0.7655804403209246	0.9717181467181467	0.9999533782200999	0.3684045423175858	0.6315954576824142	0.6315954576824142	HG003	clinvar_genes	-1	-2	sent	sentd
I2-HG003-10x-5-D0-PF-ILMN-NOVASEQ-sent-sentd-DEL_gt50	DEL_gt50	I2-HG003-10x-5-D0-PF-ILMN-NOVASEQ	377862616.0	377862598.0	13.0	5.0	204.0	0.04405286343612335	0.2777777777777778	0.9999994601215073	0.9760765550239234	0.02392344497607657	0.023923444976076555	HG003	clinvar_genes	-1	-2	sent	sentd
I2-HG003-10x-5-D0-PF-ILMN-NOVASEQ-sent-sentd-Indel_50	Indel_50	I2-HG003-10x-5-D0-PF-ILMN-NOVASEQ	377862616.0	377858953.0	94.0	3569.0	3137.0	0.688398109750217	0.9743379743379743	0.9999916980292995	0.46779003877124964	0.5322099612287503	0.5322099612287504	HG003	clinvar_genes	-1	-2	sent	sentd
I2-HG003-10x-5-D0-PF-ILMN-NOVASEQ-sent-sentd-Indel_gt50	Indel_gt50	I2-HG003-10x-5-D0-PF-ILMN-NOVASEQ	377862616.0	377862482.0	12.0	122.0	146.0	0.6069651741293532	0.9104477611940298	0.9999996136161949	0.5447761194029851	0.4552238805970149	0.4552238805970149	HG003	clinvar_genes	-1	-2	sent	sentd
I2-HG003-10x-5-D0-PF-ILMN-NOVASEQ-sent-sentd-All	All	I2-HG003-10x-5-D0-PF-ILMN-NOVASEQ	377862616.0	377400853.0	10641.0	451122.0	101211.0	0.8897027500354997	0.9769557110465759	0.9997318928566176	0.183242717708339	0.816757282291661	0.816757282291661	HG003	clinvar_genes	-1	-2	sent	sentd
I2-HG003-10x-5-D0-PF-ILMN-NOVASEQ-sent-sentd-SNPts	SNPts	I2-HG003-10x-5-D0-PF-ILMN-NOVASEQ	688815815.0	688748003.0	5943.0	61869.0	322716.0	0.27351640262866467	0.9123606441337816	0.9995316649059355	0.8391278911033971	0.16087210889660286	0.16087210889660283	HG003	hg38_m_giabHC	-1	-2	sent	sentd
I2-HG003-10x-5-D0-PF-ILMN-NOVASEQ-sent-sentd-SNPtv	SNPtv	I2-HG003-10x-5-D0-PF-ILMN-NOVASEQ	688815815.0	688780813.0	3087.0	31915.0	219490.0	0.22286466462062726	0.9118050397120164	0.9996814370051155	0.8730534396690599	0.1269465603309401	0.12694656033094012	HG003	hg38_m_giabHC	-1	-2	sent	sentd
I2-HG003-10x-5-D0-PF-ILMN-NOVASEQ-sent-sentd-INS_50	INS_50	I2-HG003-10x-5-D0-PF-ILMN-NOVASEQ	688815815.0	688788113.0	2620.0	25082.0	156567.0	0.23961672024494748	0.9054219911919718	0.9997727437274064	0.8619205170411067	0.13807948295889327	0.13807948295889325	HG003	hg38_m_giabHC	-1	-2	sent	sentd
I2-HG003-10x-5-D0-PF-ILMN-NOVASEQ-sent-sentd-INS_gt50	INS_gt50	I2-HG003-10x-5-D0-PF-ILMN-NOVASEQ	688815815.0	688815580.0	176.0	59.0	1173.0	0.08043626448534424	0.251063829787234	0.999998297079746	0.9521103896103896	0.04788961038961037	0.04788961038961039	HG003	hg38_m_giabHC	-1	-2	sent	sentd
I2-HG003-10x-5-D0-PF-ILMN-NOVASEQ-sent-sentd-DEL_50	DEL_50	I2-HG003-10x-5-D0-PF-ILMN-NOVASEQ	688815815.0	688787740.0	1973.0	26102.0	163637.0	0.23967238102234018	0.9297239536954586	0.9997624839640896	0.8624320777489077	0.13756792225109227	0.1375679222510923	HG003	hg38_m_giabHC	-1	-2	sent	sentd
I2-HG003-10x-5-D0-PF-ILMN-NOVASEQ-sent-sentd-DEL_gt50	DEL_gt50	I2-HG003-10x-5-D0-PF-ILMN-NOVASEQ	688815815.0	688815677.0	68.0	70.0	1542.0	0.08	0.5072463768115942	0.9999977613800041	0.956575682382134	0.043424317617866026	0.043424317617866005	HG003	hg38_m_giabHC	-1	-2	sent	sentd
I2-HG003-10x-5-D0-PF-ILMN-NOVASEQ-sent-sentd-Indel_50	Indel_50	I2-HG003-10x-5-D0-PF-ILMN-NOVASEQ	688815815.0	688807577.0	474.0	7764.0	28795.0	0.34663035471125303	0.942461762563729	0.9999581976196809	0.7876309527065839	0.2123690472934161	0.21236904729341613	HG003	hg38_m_giabHC	-1	-2	sent	sentd
I2-HG003-10x-5-D0-PF-ILMN-NOVASEQ-sent-sentd-Indel_gt50	Indel_gt50	I2-HG003-10x-5-D0-PF-ILMN-NOVASEQ	688815815.0	688814917.0	101.0	797.0	1320.0	0.5286898839137645	0.8875278396436526	0.9999980836688668	0.6235238545111006	0.3764761454888994	0.3764761454888994	HG003	hg38_m_giabHC	-1	-2	sent	sentd
I2-HG003-10x-5-D0-PF-ILMN-NOVASEQ-sent-sentd-All	All	I2-HG003-10x-5-D0-PF-ILMN-NOVASEQ	688815815.0	688647715.0	14442.0	153658.0	895240.0	0.2525197247653652	0.9140868530636526	0.998701690745285	0.8535052979412678	0.14649470205873216	0.1464947020587321	HG003	hg38_m_giabHC	-1	-2	sent	sentd
I2-HG003-10x-5-D0-PF-ILMN-NOVASEQ-sent-sentd-SNPts	SNPts	I2-HG003-10x-5-D0-PF-ILMN-NOVASEQ	2799325643.0	2797071540.0	40368.0	2213735.0	171366.0	0.9543598427661298	0.9820913241320384	0.9999387375334361	0.07184852968490643	0.9281514703150936	0.9281514703150936	HG003	ultima	-1	-2	sent	sentd
I2-HG003-10x-5-D0-PF-ILMN-NOVASEQ-sent-sentd-SNPtv	SNPtv	I2-HG003-10x-5-D0-PF-ILMN-NOVASEQ	2799325643.0	2798266966.0	20184.0	1038493.0	93182.0	0.948243022126124	0.9809346949069452	0.9999667012124702	0.08233989440431219	0.9176601055956878	0.9176601055956878	HG003	ultima	-1	-2	sent	sentd
I2-HG003-10x-5-D0-PF-ILMN-NOVASEQ-sent-sentd-INS_50	INS_50	I2-HG003-10x-5-D0-PF-ILMN-NOVASEQ	2799325643.0	2799160738.0	3792.0	161113.0	28262.0	0.9095235407022694	0.9770049422394712	0.9999899035041936	0.14923828382838283	0.8507617161716172	0.8507617161716171	HG003	ultima	-1	-2	sent	sentd
I2-HG003-10x-5-D0-PF-ILMN-NOVASEQ-sent-sentd-INS_gt50	INS_gt50	I2-HG003-10x-5-D0-PF-ILMN-NOVASEQ	2799325643.0	2799325545.0	74.0	24.0	241.0	0.1322314049586777	0.24489795918367346	0.9999999139078413	0.909433962264151	0.09056603773584904	0.09056603773584905	HG003	ultima	-1	-2	sent	sentd
I2-HG003-10x-5-D0-PF-ILMN-NOVASEQ-sent-sentd-DEL_50	DEL_50	I2-HG003-10x-5-D0-PF-ILMN-NOVASEQ	2799325643.0	2799147002.0	4363.0	174278.0	36335.0	0.8954461611184471	0.9755767153117145	0.9999870194283026	0.17252021480155547	0.8274797851984446	0.8274797851984446	HG003	ultima	-1	-2	sent	sentd
I2-HG003-10x-5-D0-PF-ILMN-NOVASEQ-sent-sentd-DEL_gt50	DEL_gt50	I2-HG003-10x-5-D0-PF-ILMN-NOVASEQ	2799325643.0	2799325554.0	42.0	47.0	570.0	0.1331444759206799	0.5280898876404494	0.9999997963795662	0.9238249594813615	0.07617504051863855	0.07617504051863858	HG003	ultima	-1	-2	sent	sentd
I2-HG003-10x-5-D0-PF-ILMN-NOVASEQ-sent-sentd-Indel_50	Indel_50	I2-HG003-10x-5-D0-PF-ILMN-NOVASEQ	2799325643.0	2799310134.0	314.0	15195.0	2245.0	0.9223345169807885	0.9797536914049907	0.9999991980173357	0.12872706422018348	0.8712729357798166	0.8712729357798165	HG003	ultima	-1	-2	sent	sentd
I2-HG003-10x-5-D0-PF-ILMN-NOVASEQ-sent-sentd-Indel_gt50	Indel_gt50	I2-HG003-10x-5-D0-PF-ILMN-NOVASEQ	2799325643.0	2799324874.0	34.0	735.0	345.0	0.7950243374797188	0.9557867360208062	0.9999998767560133	0.3194444444444444	0.6805555555555556	0.6805555555555556	HG003	ultima	-1	-2	sent	sentd
I2-HG003-10x-5-D0-PF-ILMN-NOVASEQ-sent-sentd-All	All	I2-HG003-10x-5-D0-PF-ILMN-NOVASEQ	2799325643.0	2795652852.0	69171.0	3603620.0	332546.0	0.9472047220138056	0.9811666386679776	0.9998810630412313	0.08448474988097555	0.9155152501190245	0.9155152501190245	HG003	ultima	-1	-2	sent	sentd
I2-HG003-10x-5-D0-PF-ILMN-NOVASEQ-sent-sentd-SNPts	SNPts	I2-HG003-10x-5-D0-PF-ILMN-NOVASEQ	332544085.0	332287264.0	3681.0	253140.0	1640.0	0.9895993166549715	0.9856670599366875	0.9999950645357691	0.006436925975351284	0.9935630740246487	0.9935630740246487	HG003	giabHC_x_ultima_x_clinvar	-1	-2	sent	sentd
I2-HG003-10x-5-D0-PF-ILMN-NOVASEQ-sent-sentd-SNPtv	SNPtv	I2-HG003-10x-5-D0-PF-ILMN-NOVASEQ	332544085.0	332429492.0	1755.0	112838.0	765.0	0.9889568616452523	0.9846849283987679	0.9999976987654285	0.00673397709567529	0.9932660229043248	0.9932660229043248	HG003	giabHC_x_ultima_x_clinvar	-1	-2	sent	sentd
I2-HG003-10x-5-D0-PF-ILMN-NOVASEQ-sent-sentd-INS_50	INS_50	I2-HG003-10x-5-D0-PF-ILMN-NOVASEQ	332544085.0	332526528.0	334.0	17223.0	115.0	0.9871328270525862	0.9809762487896565	0.99999965416305	0.006632829622793863	0.9933671703772061	0.9933671703772061	HG003	giabHC_x_ultima_x_clinvar	-1	-2	sent	sentd
I2-HG003-10x-5-D0-PF-ILMN-NOVASEQ-sent-sentd-INS_gt50	INS_gt50	I2-HG003-10x-5-D0-PF-ILMN-NOVASEQ	332544085.0	332544085.0	0.0	0.0	0.0			1.0				HG003	giabHC_x_ultima_x_clinvar	-1	-2	sent	sentd
I2-HG003-10x-5-D0-PF-ILMN-NOVASEQ-sent-sentd-DEL_50	DEL_50	I2-HG003-10x-5-D0-PF-ILMN-NOVASEQ	332544085.0	332525061.0	387.0	18637.0	91.0	0.9873384191566009	0.9796572750210261	0.9999997263364908	0.004859034600598035	0.995140965399402	0.995140965399402	HG003	giabHC_x_ultima_x_clinvar	-1	-2	sent	sentd
I2-HG003-10x-5-D0-PF-ILMN-NOVASEQ-sent-sentd-DEL_gt50	DEL_gt50	I2-HG003-10x-5-D0-PF-ILMN-NOVASEQ	332544085.0	332544085.0	0.0	0.0	0.0			1.0				HG003	giabHC_x_ultima_x_clinvar	-1	-2	sent	sentd
I2-HG003-10x-5-D0-PF-ILMN-NOVASEQ-sent-sentd-Indel_50	Indel_50	I2-HG003-10x-5-D0-PF-ILMN-NOVASEQ	332544085.0	332542935.0	23.0	1127.0	0.0	0.98989898989899	0.98	1.0	0.0	1.0	1.0	HG003	giabHC_x_ultima_x_clinvar	-1	-2	sent	sentd
I2-HG003-10x-5-D0-PF-ILMN-NOVASEQ-sent-sentd-Indel_gt50	Indel_gt50	I2-HG003-10x-5-D0-PF-ILMN-NOVASEQ	332544085.0	332544058.0	2.0	25.0	0.0	0.9615384615384615	0.9259259259259259	1.0	0.0	1.0	1.0	HG003	giabHC_x_ultima_x_clinvar	-1	-2	sent	sentd
I2-HG003-10x-5-D0-PF-ILMN-NOVASEQ-sent-sentd-All	All	I2-HG003-10x-5-D0-PF-ILMN-NOVASEQ	332544085.0	332134913.0	6182.0	402990.0	2611.0	0.9892080370851758	0.9848914392969216	0.9999921387985057	0.006437360854633001	0.993562639145367	0.993562639145367	HG003	giabHC_x_ultima_x_clinvar	-1	-2	sent	sentd
I2-HG003-10x-5-D0-PF-ILMN-NOVASEQ-sent-sentd-SNPts	SNPts	I2-HG003-10x-5-D0-PF-ILMN-NOVASEQ	3088286401.0	3085964008.0	53845.0	2268548.0	340646.0	0.9200072917703774	0.9768148629452466	0.999889626579943	0.1305560261138114	0.8694439738861885	0.8694439738861887	HG003	hg38	-1	-2	sent	sentd
I2-HG003-10x-5-D0-PF-ILMN-NOVASEQ-sent-sentd-SNPtv	SNPtv	I2-HG003-10x-5-D0-PF-ILMN-NOVASEQ	3088286401.0	3087179856.0	27577.0	1078968.0	228808.0	0.8938065816434517	0.9750782842089567	0.9999258899533878	0.1749596261133405	0.8250403738866595	0.8250403738866595	HG003	hg38	-1	-2	sent	sentd
I2-HG003-10x-5-D0-PF-ILMN-NOVASEQ-sent-sentd-INS_50	INS_50	I2-HG003-10x-5-D0-PF-ILMN-NOVASEQ	3088286401.0	3088028190.0	8741.0	249470.0	159050.0	0.7483377854037084	0.9661478403321315	0.9999484972938364	0.3893322236365417	0.6106677763634583	0.6106677763634584	HG003	hg38	-1	-2	sent	sentd
I2-HG003-10x-5-D0-PF-ILMN-NOVASEQ-sent-sentd-INS_gt50	INS_gt50	I2-HG003-10x-5-D0-PF-ILMN-NOVASEQ	3088286401.0	3088286164.0	176.0	61.0	1173.0	0.08293677770224336	0.25738396624472576	0.9999996201778293	0.9505672609400324	0.04943273905996759	0.04943273905996758	HG003	hg38	-1	-2	sent	sentd
I2-HG003-10x-5-D0-PF-ILMN-NOVASEQ-sent-sentd-DEL_50	DEL_50	I2-HG003-10x-5-D0-PF-ILMN-NOVASEQ	3088286401.0	3088013721.0	8519.0	264161.0	165219.0	0.752531122696066	0.968758251430248	0.9999464995380093	0.384785038893288	0.6152149611067119	0.615214961106712	HG003	hg38	-1	-2	sent	sentd
I2-HG003-10x-5-D0-PF-ILMN-NOVASEQ-sent-sentd-DEL_gt50	DEL_gt50	I2-HG003-10x-5-D0-PF-ILMN-NOVASEQ	3088286401.0	3088286263.0	68.0	70.0	1555.0	0.07941009642654566	0.5072463768115942	0.9999994964847542	0.9569230769230769	0.043076923076923124	0.043076923076923075	HG003	hg38	-1	-2	sent	sentd
I2-HG003-10x-5-D0-PF-ILMN-NOVASEQ-sent-sentd-Indel_50	Indel_50	I2-HG003-10x-5-D0-PF-ILMN-NOVASEQ	3088286401.0	3088249228.0	1016.0	36157.0	28805.0	0.7080236941303177	0.9726683345438893	0.9999906727957483	0.44341307225762755	0.5565869277423725	0.5565869277423725	HG003	hg38	-1	-2	sent	sentd
I2-HG003-10x-5-D0-PF-ILMN-NOVASEQ-sent-sentd-Indel_gt50	Indel_gt50	I2-HG003-10x-5-D0-PF-ILMN-NOVASEQ	3088286401.0	3088285122.0	118.0	1161.0	1320.0	0.6175531914893617	0.9077404222048475	0.9999995725785076	0.532043530834341	0.46795646916565903	0.46795646916565903	HG003	hg38	-1	-2	sent	sentd
I2-HG003-10x-5-D0-PF-ILMN-NOVASEQ-sent-sentd-All	All	I2-HG003-10x-5-D0-PF-ILMN-NOVASEQ	3088286401.0	3084287745.0	100060.0	3898596.0	926576.0	0.8836518572211516	0.9749765921349574	0.9996996720799287	0.19202963127532033	0.8079703687246796	0.8079703687246796	HG003	hg38	-1	-2	sent	sentd
I2-HG003-15x-6-D0-PF-ILMN-NOVASEQ-sent-sentd-SNPts	SNPts	I2-HG003-15x-6-D0-PF-ILMN-NOVASEQ	332544085.0	332287267.0	732.0	256086.0	1008.0	0.9966142063232616	0.9971497324953859	0.9999969664894135	0.003920744941538892	0.9960792550584611	0.9960792550584611	HG003	giabHC_x_ultima_x_clinvar	-1	-2	sent	sentd
I2-HG003-15x-6-D0-PF-ILMN-NOVASEQ-sent-sentd-SNPtv	SNPtv	I2-HG003-15x-6-D0-PF-ILMN-NOVASEQ	332544085.0	332429490.0	403.0	114192.0	460.0	0.9962355014460386	0.996483267158253	0.9999986162498294	0.004012141087813558	0.9959878589121864	0.9959878589121864	HG003	giabHC_x_ultima_x_clinvar	-1	-2	sent	sentd
I2-HG003-15x-6-D0-PF-ILMN-NOVASEQ-sent-sentd-INS_50	INS_50	I2-HG003-15x-6-D0-PF-ILMN-NOVASEQ	332544085.0	332526556.0	88.0	17441.0	55.0	0.9959172019985724	0.994979747846426	0.9999998345997037	0.003143575674439872	0.9968564243255601	0.9968564243255601	HG003	giabHC_x_ultima_x_clinvar	-1	-2	sent	sentd
I2-HG003-15x-6-D0-PF-ILMN-NOVASEQ-sent-sentd-INS_gt50	INS_gt50	I2-HG003-15x-6-D0-PF-ILMN-NOVASEQ	332544085.0	332544085.0	0.0	0.0	0.0			1.0				HG003	giabHC_x_ultima_x_clinvar	-1	-2	sent	sentd
I2-HG003-15x-6-D0-PF-ILMN-NOVASEQ-sent-sentd-DEL_50	DEL_50	I2-HG003-15x-6-D0-PF-ILMN-NOVASEQ	332544085.0	332525118.0	103.0	18864.0	39.0	0.9962503300765777	0.9945695154742448	0.9999998827156407	0.0020631645770512615	0.9979368354229488	0.9979368354229488	HG003	giabHC_x_ultima_x_clinvar	-1	-2	sent	sentd
I2-HG003-15x-6-D0-PF-ILMN-NOVASEQ-sent-sentd-DEL_gt50	DEL_gt50	I2-HG003-15x-6-D0-PF-ILMN-NOVASEQ	332544085.0	332544085.0	0.0	0.0	0.0			1.0				HG003	giabHC_x_ultima_x_clinvar	-1	-2	sent	sentd
I2-HG003-15x-6-D0-PF-ILMN-NOVASEQ-sent-sentd-Indel_50	Indel_50	I2-HG003-15x-6-D0-PF-ILMN-NOVASEQ	332544085.0	332542842.0	7.0	1236.0	0.0	0.9971762807583703	0.9943684633950121	1.0	0.0	1.0	1.0	HG003	giabHC_x_ultima_x_clinvar	-1	-2	sent	sentd
I2-HG003-15x-6-D0-PF-ILMN-NOVASEQ-sent-sentd-Indel_gt50	Indel_gt50	I2-HG003-15x-6-D0-PF-ILMN-NOVASEQ	332544085.0	332544059.0	1.0	25.0	0.0	0.9803921568627451	0.9615384615384616	1.0	0.0	1.0	1.0	HG003	giabHC_x_ultima_x_clinvar	-1	-2	sent	sentd
I2-HG003-15x-6-D0-PF-ILMN-NOVASEQ-sent-sentd-All	All	I2-HG003-15x-6-D0-PF-ILMN-NOVASEQ	332544085.0	332134907.0	1334.0	407844.0	1562.0	0.9964621834778105	0.996739805170366	0.9999952971138499	0.003815283606004797	0.9961847163939952	0.9961847163939952	HG003	giabHC_x_ultima_x_clinvar	-1	-2	sent	sentd
I2-HG003-15x-6-D0-PF-ILMN-NOVASEQ-sent-sentd-SNPts	SNPts	I2-HG003-15x-6-D0-PF-ILMN-NOVASEQ	2799325643.0	2797071543.0	7936.0	2246164.0	164677.0	0.9629978171213741	0.9964793043786877	0.9999411286759329	0.0683068688478419	0.9316931311521581	0.9316931311521581	HG003	ultima	-1	-2	sent	sentd
I2-HG003-15x-6-D0-PF-ILMN-NOVASEQ-sent-sentd-SNPtv	SNPtv	I2-HG003-15x-6-D0-PF-ILMN-NOVASEQ	2799325643.0	2798266987.0	4207.0	1054449.0	89414.0	0.9574936697481383	0.9960260934618989	0.9999680476725666	0.07816845199119125	0.9218315480088087	0.9218315480088087	HG003	ultima	-1	-2	sent	sentd
I2-HG003-15x-6-D0-PF-ILMN-NOVASEQ-sent-sentd-INS_50	INS_50	I2-HG003-15x-6-D0-PF-ILMN-NOVASEQ	2799325643.0	2799161216.0	1024.0	163403.0	28220.0	0.9178654683330993	0.9937723123331327	0.9999899185101098	0.1472683341770038	0.8527316658229962	0.8527316658229962	HG003	ultima	-1	-2	sent	sentd
I2-HG003-15x-6-D0-PF-ILMN-NOVASEQ-sent-sentd-INS_gt50	INS_gt50	I2-HG003-15x-6-D0-PF-ILMN-NOVASEQ	2799325643.0	2799325547.0	65.0	31.0	298.0	0.1458823529411765	0.3229166666666667	0.9999998935457977	0.9057750759878419	0.0942249240121581	0.09422492401215805	HG003	ultima	-1	-2	sent	sentd
I2-HG003-15x-6-D0-PF-ILMN-NOVASEQ-sent-sentd-DEL_50	DEL_50	I2-HG003-15x-6-D0-PF-ILMN-NOVASEQ	2799325643.0	2799147821.0	1199.0	176623.0	36517.0	0.9035302663685986	0.9932573022460663	0.999986954414004	0.17132870413812518	0.8286712958618748	0.8286712958618748	HG003	ultima	-1	-2	sent	sentd
I2-HG003-15x-6-D0-PF-ILMN-NOVASEQ-sent-sentd-DEL_gt50	DEL_gt50	I2-HG003-15x-6-D0-PF-ILMN-NOVASEQ	2799325643.0	2799325555.0	37.0	51.0	590.0	0.139917695473251	0.5795454545454546	0.999999789234991	0.9204368174726989	0.0795631825273011	0.07956318252730109	HG003	ultima	-1	-2	sent	sentd
I2-HG003-15x-6-D0-PF-ILMN-NOVASEQ-sent-sentd-Indel_50	Indel_50	I2-HG003-15x-6-D0-PF-ILMN-NOVASEQ	2799325643.0	2799308868.0	104.0	16671.0	2500.0	0.9275580036721749	0.9938002980625932	0.9999991069232138	0.13040529967137865	0.8695947003286213	0.8695947003286214	HG003	ultima	-1	-2	sent	sentd
I2-HG003-15x-6-D0-PF-ILMN-NOVASEQ-sent-sentd-Indel_gt50	Indel_gt50	I2-HG003-15x-6-D0-PF-ILMN-NOVASEQ	2799325643.0	2799324764.0	21.0	858.0	392.0	0.8060122123062471	0.9761092150170648	0.9999998599662496	0.3136	0.6864	0.6864	HG003	ultima	-1	-2	sent	sentd
I2-HG003-15x-6-D0-PF-ILMN-NOVASEQ-sent-sentd-All	All	I2-HG003-15x-6-D0-PF-ILMN-NOVASEQ	2799325643.0	2795652800.0	14593.0	3658250.0	322608.0	0.9559427524017465	0.9960267836114965	0.999884617010909	0.08103981603965778	0.9189601839603422	0.9189601839603422	HG003	ultima	-1	-2	sent	sentd
I2-HG003-15x-6-D0-PF-ILMN-NOVASEQ-sent-sentd-SNPts	SNPts	I2-HG003-15x-6-D0-PF-ILMN-NOVASEQ	2505355380.0	2503152326.0	6772.0	2196282.0	8791.0	0.9964694755845283	0.9969260853342677	0.9999964880406857	0.00398671608604341	0.9960132839139566	0.9960132839139566	HG003	giabHC_x_ultima	-1	-2	sent	sentd
I2-HG003-15x-6-D0-PF-ILMN-NOVASEQ-sent-sentd-SNPtv	SNPtv	I2-HG003-15x-6-D0-PF-ILMN-NOVASEQ	2505355380.0	2504321015.0	3565.0	1030800.0	4409.0	0.9961470331575483	0.9965534410000338	0.9999982394460569	0.004259043342938479	0.9957409566570615	0.9957409566570615	HG003	giabHC_x_ultima	-1	-2	sent	sentd
I2-HG003-15x-6-D0-PF-ILMN-NOVASEQ-sent-sentd-INS_50	INS_50	I2-HG003-15x-6-D0-PF-ILMN-NOVASEQ	2505355380.0	2505201403.0	752.0	153225.0	496.0	0.9959440750346119	0.9951161537112686	0.9999998020119655	0.0032266248593230593	0.996773375140677	0.996773375140677	HG003	giabHC_x_ultima	-1	-2	sent	sentd
I2-HG003-15x-6-D0-PF-ILMN-NOVASEQ-sent-sentd-INS_gt50	INS_gt50	I2-HG003-15x-6-D0-PF-ILMN-NOVASEQ	2505355380.0	2505355380.0	0.0	0.0	0.0			1.0				HG003	giabHC_x_ultima	-1	-2	sent	sentd
I2-HG003-15x-6-D0-PF-ILMN-NOVASEQ-sent-sentd-DEL_50	DEL_50	I2-HG003-15x-6-D0-PF-ILMN-NOVASEQ	2505355380.0	2505189643.0	876.0	164861.0	376.0	0.9962172255222465	0.9947145175790559	0.9999998499115846	0.0022755194054600364	0.99772448059454	0.99772448059454	HG003	giabHC_x_ultima	-1	-2	sent	sentd
I2-HG003-15x-6-D0-PF-ILMN-NOVASEQ-sent-sentd-DEL_gt50	DEL_gt50	I2-HG003-15x-6-D0-PF-ILMN-NOVASEQ	2505355380.0	2505355380.0	0.0	0.0	7.0			0.9999999972059852	1.0	0.0	0.0	HG003	giabHC_x_ultima	-1	-2	sent	sentd
I2-HG003-15x-6-D0-PF-ILMN-NOVASEQ-sent-sentd-Indel_50	Indel_50	I2-HG003-15x-6-D0-PF-ILMN-NOVASEQ	2505355380.0	2505342003.0	78.0	13299.0	0.0	0.9970760233918129	0.9941690962099126	1.0	0.0	1.0	1.0	HG003	giabHC_x_ultima	-1	-2	sent	sentd
I2-HG003-15x-6-D0-PF-ILMN-NOVASEQ-sent-sentd-Indel_gt50	Indel_gt50	I2-HG003-15x-6-D0-PF-ILMN-NOVASEQ	2505355380.0	2505355040.0	3.0	337.0	0.0	0.9955686853766618	0.9911764705882353	1.0	0.0	1.0	1.0	HG003	giabHC_x_ultima	-1	-2	sent	sentd
I2-HG003-15x-6-D0-PF-ILMN-NOVASEQ-sent-sentd-All	All	I2-HG003-15x-6-D0-PF-ILMN-NOVASEQ	2505355380.0	2501784530.0	12046.0	3558804.0	14079.0	0.9963429484276638	0.9966265735049078	0.9999943724487058	0.0039405152645636595	0.9960594847354364	0.9960594847354364	HG003	giabHC_x_ultima	-1	-2	sent	sentd
I2-HG003-15x-6-D0-PF-ILMN-NOVASEQ-sent-sentd-SNPts	SNPts	I2-HG003-15x-6-D0-PF-ILMN-NOVASEQ	377862616.0	377589442.0	2409.0	270765.0	37929.0	0.9306749984532574	0.9911814447934284	0.9998995597170313	0.1228692491593617	0.8771307508406383	0.8771307508406383	HG003	clinvar_genes	-1	-2	sent	sentd
I2-HG003-15x-6-D0-PF-ILMN-NOVASEQ-sent-sentd-SNPtv	SNPtv	I2-HG003-15x-6-D0-PF-ILMN-NOVASEQ	377862616.0	377738343.0	1231.0	123042.0	22266.0	0.912838812824346	0.9900943889662276	0.9999410579095079	0.15323313238087374	0.8467668676191262	0.8467668676191262	HG003	clinvar_genes	-1	-2	sent	sentd
I2-HG003-15x-6-D0-PF-ILMN-NOVASEQ-sent-sentd-INS_50	INS_50	I2-HG003-15x-6-D0-PF-ILMN-NOVASEQ	377862616.0	377833401.0	447.0	28768.0	17922.0	0.758000131743627	0.9846996405955845	0.999952568645631	0.3838509316770186	0.6161490683229813	0.6161490683229813	HG003	clinvar_genes	-1	-2	sent	sentd
I2-HG003-15x-6-D0-PF-ILMN-NOVASEQ-sent-sentd-INS_gt50	INS_gt50	I2-HG003-15x-6-D0-PF-ILMN-NOVASEQ	377862616.0	377862586.0	17.0	13.0	186.0	0.11353711790393013	0.43333333333333335	0.9999995077578058	0.9346733668341709	0.0653266331658291	0.06532663316582915	HG003	clinvar_genes	-1	-2	sent	sentd
I2-HG003-15x-6-D0-PF-ILMN-NOVASEQ-sent-sentd-DEL_50	DEL_50	I2-HG003-15x-6-D0-PF-ILMN-NOVASEQ	377862616.0	377831710.0	372.0	30534.0	18219.0	0.7666177079802659	0.9879635022325762	0.9999517824442942	0.3737000799950772	0.6262999200049228	0.6262999200049227	HG003	clinvar_genes	-1	-2	sent	sentd
I2-HG003-15x-6-D0-PF-ILMN-NOVASEQ-sent-sentd-DEL_gt50	DEL_gt50	I2-HG003-15x-6-D0-PF-ILMN-NOVASEQ	377862616.0	377862599.0	10.0	7.0	201.0	0.06222222222222222	0.4117647058823529	0.999999468060894	0.9663461538461539	0.033653846153846145	0.03365384615384615	HG003	clinvar_genes	-1	-2	sent	sentd
I2-HG003-15x-6-D0-PF-ILMN-NOVASEQ-sent-sentd-Indel_50	Indel_50	I2-HG003-15x-6-D0-PF-ILMN-NOVASEQ	377862616.0	377858624.0	57.0	3935.0	3710.0	0.6762911403282633	0.9857214428857716	0.9999901816093689	0.48528449967298887	0.5147155003270112	0.5147155003270111	HG003	clinvar_genes	-1	-2	sent	sentd
I2-HG003-15x-6-D0-PF-ILMN-NOVASEQ-sent-sentd-Indel_gt50	Indel_gt50	I2-HG003-15x-6-D0-PF-ILMN-NOVASEQ	377862616.0	377862466.0	7.0	143.0	180.0	0.6046511627906977	0.9533333333333334	0.9999995236364274	0.5572755417956656	0.44272445820433437	0.44272445820433437	HG003	clinvar_genes	-1	-2	sent	sentd
I2-HG003-15x-6-D0-PF-ILMN-NOVASEQ-sent-sentd-All	All	I2-HG003-15x-6-D0-PF-ILMN-NOVASEQ	377862616.0	377400859.0	4550.0	457207.0	100613.0	0.8968562452860352	0.9901463323782855	0.9997334765359538	0.18036821913879028	0.8196317808612097	0.8196317808612097	HG003	clinvar_genes	-1	-2	sent	sentd
I2-HG003-15x-6-D0-PF-ILMN-NOVASEQ-sent-sentd-SNPts	SNPts	I2-HG003-15x-6-D0-PF-ILMN-NOVASEQ	337668665.0	337403169.0	1855.0	263641.0	1933.0	0.9928672303086221	0.9930130774098291	0.9999942709817115	0.007278573956787939	0.992721426043212	0.992721426043212	HG003	giabHC_x_clinvar_genes	-1	-2	sent	sentd
I2-HG003-15x-6-D0-PF-ILMN-NOVASEQ-sent-sentd-SNPtv	SNPtv	I2-HG003-15x-6-D0-PF-ILMN-NOVASEQ	337668665.0	337548459.0	921.0	119285.0	895.0	0.9924454835140151	0.9923381528376287	0.9999973485358825	0.00744716258944916	0.9925528374105509	0.9925528374105509	HG003	giabHC_x_clinvar_genes	-1	-2	sent	sentd
I2-HG003-15x-6-D0-PF-ILMN-NOVASEQ-sent-sentd-INS_50	INS_50	I2-HG003-15x-6-D0-PF-ILMN-NOVASEQ	337668665.0	337642313.0	280.0	26072.0	149.0	0.9918399178285432	0.9893746205221615	0.9999995587047935	0.005682468250638801	0.9943175317493612	0.9943175317493612	HG003	giabHC_x_clinvar_genes	-1	-2	sent	sentd
I2-HG003-15x-6-D0-PF-ILMN-NOVASEQ-sent-sentd-INS_gt50	INS_gt50	I2-HG003-15x-6-D0-PF-ILMN-NOVASEQ	337668665.0	337668665.0	0.0	0.0	0.0			1.0				HG003	giabHC_x_clinvar_genes	-1	-2	sent	sentd
I2-HG003-15x-6-D0-PF-ILMN-NOVASEQ-sent-sentd-DEL_50	DEL_50	I2-HG003-15x-6-D0-PF-ILMN-NOVASEQ	337668665.0	337640651.0	235.0	27779.0	104.0	0.993935273807181	0.9916113371885485	0.999999691980312	0.003729871247713661	0.9962701287522864	0.9962701287522864	HG003	giabHC_x_clinvar_genes	-1	-2	sent	sentd
I2-HG003-15x-6-D0-PF-ILMN-NOVASEQ-sent-sentd-DEL_gt50	DEL_gt50	I2-HG003-15x-6-D0-PF-ILMN-NOVASEQ	337668665.0	337668665.0	0.0	0.0	0.0			1.0				HG003	giabHC_x_clinvar_genes	-1	-2	sent	sentd
I2-HG003-15x-6-D0-PF-ILMN-NOVASEQ-sent-sentd-Indel_50	Indel_50	I2-HG003-15x-6-D0-PF-ILMN-NOVASEQ	337668665.0	337665555.0	23.0	3087.0	1.0	0.9961277831558567	0.9926045016077171	0.9999999970384897	0.0003238341968911917	0.9996761658031088	0.9996761658031088	HG003	giabHC_x_clinvar_genes	-1	-2	sent	sentd
I2-HG003-15x-6-D0-PF-ILMN-NOVASEQ-sent-sentd-Indel_gt50	Indel_gt50	I2-HG003-15x-6-D0-PF-ILMN-NOVASEQ	337668665.0	337668626.0	1.0	38.0	0.0	0.9870129870129869	0.9743589743589743	1.0	0.0	1.0	1.0	HG003	giabHC_x_clinvar_genes	-1	-2	sent	sentd
I2-HG003-15x-6-D0-PF-ILMN-NOVASEQ-sent-sentd-All	All	I2-HG003-15x-6-D0-PF-ILMN-NOVASEQ	337668665.0	337225448.0	3315.0	439902.0	3082.0	0.9927815473013459	0.9925205937497885	0.9999908607969794	0.0069573618911743995	0.9930426381088256	0.9930426381088256	HG003	giabHC_x_clinvar_genes	-1	-2	sent	sentd
I2-HG003-15x-6-D0-PF-ILMN-NOVASEQ-sent-sentd-SNPts	SNPts	I2-HG003-15x-6-D0-PF-ILMN-NOVASEQ	688815815.0	688748071.0	3820.0	63924.0	323053.0	0.2811570171599728	0.9436112423240435	0.9995311761170245	0.8348118880450259	0.16518811195497407	0.16518811195497407	HG003	hg38_m_giabHC	-1	-2	sent	sentd
I2-HG003-15x-6-D0-PF-ILMN-NOVASEQ-sent-sentd-SNPtv	SNPtv	I2-HG003-15x-6-D0-PF-ILMN-NOVASEQ	688815815.0	688780873.0	2072.0	32870.0	223114.0	0.22596811560328053	0.9407017343025585	0.9996761789420531	0.8715935370960685	0.12840646290393154	0.12840646290393148	HG003	hg38_m_giabHC	-1	-2	sent	sentd
I2-HG003-15x-6-D0-PF-ILMN-NOVASEQ-sent-sentd-INS_50	INS_50	I2-HG003-15x-6-D0-PF-ILMN-NOVASEQ	688815815.0	688788438.0	1588.0	25789.0	163733.0	0.2377973158013638	0.9419951053804289	0.9997623448957823	0.863926087736516	0.13607391226348398	0.13607391226348392	HG003	hg38_m_giabHC	-1	-2	sent	sentd
I2-HG003-15x-6-D0-PF-ILMN-NOVASEQ-sent-sentd-INS_gt50	INS_gt50	I2-HG003-15x-6-D0-PF-ILMN-NOVASEQ	688815815.0	688815583.0	160.0	72.0	1376.0	0.08571428571428572	0.3103448275862069	0.9999980023720642	0.9502762430939227	0.04972375690607733	0.049723756906077346	HG003	hg38_m_giabHC	-1	-2	sent	sentd
I2-HG003-15x-6-D0-PF-ILMN-NOVASEQ-sent-sentd-DEL_50	DEL_50	I2-HG003-15x-6-D0-PF-ILMN-NOVASEQ	688815815.0	688788222.0	1188.0	26405.0	170717.0	0.23500878891039767	0.9569456021454716	0.999752210196666	0.8660474224084577	0.13395257759154233	0.1339525775915423	HG003	hg38_m_giabHC	-1	-2	sent	sentd
I2-HG003-15x-6-D0-PF-ILMN-NOVASEQ-sent-sentd-DEL_gt50	DEL_gt50	I2-HG003-15x-6-D0-PF-ILMN-NOVASEQ	688815815.0	688815678.0	60.0	77.0	1645.0	0.08284023668639054	0.5620437956204379	0.9999976118486787	0.9552845528455285	0.04471544715447151	0.044715447154471545	HG003	hg38_m_giabHC	-1	-2	sent	sentd
I2-HG003-15x-6-D0-PF-ILMN-NOVASEQ-sent-sentd-Indel_50	Indel_50	I2-HG003-15x-6-D0-PF-ILMN-NOVASEQ	688815815.0	688806756.0	252.0	8807.0	34871.0	0.33399700400098603	0.9721823600838945	0.9999493773334346	0.7983653097669308	0.20163469023306924	0.2016346902330693	HG003	hg38_m_giabHC	-1	-2	sent	sentd
I2-HG003-15x-6-D0-PF-ILMN-NOVASEQ-sent-sentd-Indel_gt50	Indel_gt50	I2-HG003-15x-6-D0-PF-ILMN-NOVASEQ	688815815.0	688814817.0	62.0	936.0	1667.0	0.51985559566787	0.9378757515030061	0.9999975799069292	0.6404149058778332	0.35958509412216677	0.3595850941221667	HG003	hg38_m_giabHC	-1	-2	sent	sentd
I2-HG003-15x-6-D0-PF-ILMN-NOVASEQ-sent-sentd-All	All	I2-HG003-15x-6-D0-PF-ILMN-NOVASEQ	688815815.0	688647733.0	9202.0	158880.0	920176.0	0.2547913703214881	0.9452529122690115	0.9986655759527232	0.852760190388636	0.14723980961136396	0.14723980961136401	HG003	hg38_m_giabHC	-1	-2	sent	sentd
I2-HG003-15x-6-D0-PF-ILMN-NOVASEQ-sent-sentd-SNPts	SNPts	I2-HG003-15x-6-D0-PF-ILMN-NOVASEQ	3088286401.0	3085964098.0	18482.0	2303821.0	336000.0	0.9285624462427784	0.9920415208523607	0.9998911317793698	0.12728135733445564	0.8727186426655443	0.8727186426655443	HG003	hg38	-1	-2	sent	sentd
I2-HG003-15x-6-D0-PF-ILMN-NOVASEQ-sent-sentd-SNPtv	SNPtv	I2-HG003-15x-6-D0-PF-ILMN-NOVASEQ	3088286401.0	3087179974.0	9799.0	1096628.0	229823.0	0.901506775103396	0.9911435639224278	0.9999255612260403	0.17326158297592598	0.826738417024074	0.826738417024074	HG003	hg38	-1	-2	sent	sentd
I2-HG003-15x-6-D0-PF-ILMN-NOVASEQ-sent-sentd-INS_50	INS_50	I2-HG003-15x-6-D0-PF-ILMN-NOVASEQ	3088286401.0	3088029664.0	3567.0	253170.0	164925.0	0.750320079664272	0.9861064046086072	0.9999465950103703	0.39446776450328275	0.6055322354967172	0.6055322354967173	HG003	hg38	-1	-2	sent	sentd
I2-HG003-15x-6-D0-PF-ILMN-NOVASEQ-sent-sentd-INS_gt50	INS_gt50	I2-HG003-15x-6-D0-PF-ILMN-NOVASEQ	3088286401.0	3088286168.0	160.0	73.0	1377.0	0.0867498514557338	0.3133047210300429	0.9999995541218297	0.9496551724137932	0.05034482758620684	0.0503448275862069	HG003	hg38	-1	-2	sent	sentd
I2-HG003-15x-6-D0-PF-ILMN-NOVASEQ-sent-sentd-DEL_50	DEL_50	I2-HG003-15x-6-D0-PF-ILMN-NOVASEQ	3088286401.0	3088015398.0	3145.0	267858.0	171543.0	0.7541004836684478	0.9883949624173902	0.999944451873129	0.3904019335413438	0.6095980664586562	0.6095980664586562	HG003	hg38	-1	-2	sent	sentd
I2-HG003-15x-6-D0-PF-ILMN-NOVASEQ-sent-sentd-DEL_gt50	DEL_gt50	I2-HG003-15x-6-D0-PF-ILMN-NOVASEQ	3088286401.0	3088286264.0	60.0	77.0	1652.0	0.08252947481243302	0.5620437956204379	0.9999994650757815	0.9554655870445344	0.04453441295546556	0.044534412955465584	HG003	hg38	-1	-2	sent	sentd
I2-HG003-15x-6-D0-PF-ILMN-NOVASEQ-sent-sentd-Indel_50	Indel_50	I2-HG003-15x-6-D0-PF-ILMN-NOVASEQ	3088286401.0	3088246077.0	503.0	39821.0	34881.0	0.6923825917618626	0.9875260390834243	0.999988705367007	0.4669352895504806	0.5330647104495194	0.5330647104495194	HG003	hg38	-1	-2	sent	sentd
I2-HG003-15x-6-D0-PF-ILMN-NOVASEQ-sent-sentd-Indel_gt50	Indel_gt50	I2-HG003-15x-6-D0-PF-ILMN-NOVASEQ	3088286401.0	3088284967.0	69.0	1365.0	1667.0	0.6112852664576802	0.9518828451882845	0.9999994602184973	0.549802110817942	0.45019788918205805	0.45019788918205805	HG003	hg38	-1	-2	sent	sentd
I2-HG003-15x-6-D0-PF-ILMN-NOVASEQ-sent-sentd-All	All	I2-HG003-15x-6-D0-PF-ILMN-NOVASEQ	3088286401.0	3084287803.0	35785.0	3962813.0	941868.0	0.8901918046149064	0.9910506132399406	0.9996947170549885	0.1920345074429917	0.8079654925570083	0.8079654925570083	HG003	hg38	-1	-2	sent	sentd
I2-HG003-15x-6-D0-PF-ILMN-NOVASEQ-sent-sentd-SNPts	SNPts	I2-HG003-15x-6-D0-PF-ILMN-NOVASEQ	2528531102.0	2526276509.0	14662.0	2239931.0	12947.0	0.9938748358003857	0.9934968306918366	0.999994875092413	0.005746871335243187	0.9942531286647568	0.9942531286647568	HG003	giabHC	-1	-2	sent	sentd
I2-HG003-15x-6-D0-PF-ILMN-NOVASEQ-sent-sentd-SNPtv	SNPtv	I2-HG003-15x-6-D0-PF-ILMN-NOVASEQ	2528531102.0	2527459602.0	7727.0	1063773.0	6709.0	0.9932604475667862	0.9927886140923938	0.9999973455630364	0.006267270257697	0.993732729742303	0.993732729742303	HG003	giabHC	-1	-2	sent	sentd
I2-HG003-15x-6-D0-PF-ILMN-NOVASEQ-sent-sentd-INS_50	INS_50	I2-HG003-15x-6-D0-PF-ILMN-NOVASEQ	2528531102.0	2528301812.0	1975.0	227315.0	1192.0	0.9930820866017034	0.9913864538357539	0.9999995285375217	0.005216470392591912	0.9947835296074081	0.9947835296074081	HG003	giabHC	-1	-2	sent	sentd
I2-HG003-15x-6-D0-PF-ILMN-NOVASEQ-sent-sentd-INS_gt50	INS_gt50	I2-HG003-15x-6-D0-PF-ILMN-NOVASEQ	2528531102.0	2528531101.0	0.0	1.0	1.0	0.6666666666666666	1.0	0.9999999996045135	0.5	0.5	0.5	HG003	giabHC	-1	-2	sent	sentd
I2-HG003-15x-6-D0-PF-ILMN-NOVASEQ-sent-sentd-DEL_50	DEL_50	I2-HG003-15x-6-D0-PF-ILMN-NOVASEQ	2528531102.0	2528287493.0	1968.0	241641.0	832.0	0.9942396550376273	0.9919214807334704	0.999999670923608	0.0034313098778008273	0.9965686901221992	0.9965686901221992	HG003	giabHC	-1	-2	sent	sentd
I2-HG003-15x-6-D0-PF-ILMN-NOVASEQ-sent-sentd-DEL_gt50	DEL_gt50	I2-HG003-15x-6-D0-PF-ILMN-NOVASEQ	2528531102.0	2528531102.0	0.0	0.0	7.0			0.9999999972315943	1.0	0.0	0.0	HG003	giabHC	-1	-2	sent	sentd
I2-HG003-15x-6-D0-PF-ILMN-NOVASEQ-sent-sentd-Indel_50	Indel_50	I2-HG003-15x-6-D0-PF-ILMN-NOVASEQ	2528531102.0	2528499836.0	252.0	31014.0	10.0	0.9957938673944453	0.9919401266551525	0.9999999960450858	0.0003223310985043837	0.9996776689014956	0.9996776689014956	HG003	giabHC	-1	-2	sent	sentd
I2-HG003-15x-6-D0-PF-ILMN-NOVASEQ-sent-sentd-Indel_gt50	Indel_gt50	I2-HG003-15x-6-D0-PF-ILMN-NOVASEQ	2528531102.0	2528530664.0	9.0	429.0	0.0	0.9896193771626297	0.9794520547945206	1.0	0.0	1.0	1.0	HG003	giabHC	-1	-2	sent	sentd
I2-HG003-15x-6-D0-PF-ILMN-NOVASEQ-sent-sentd-All	All	I2-HG003-15x-6-D0-PF-ILMN-NOVASEQ	2528531102.0	2524700405.0	26593.0	3804104.0	21698.0	0.9936928092069234	0.9930579213130143	0.9999914057868095	0.005671490578968802	0.9943285094210312	0.9943285094210312	HG003	giabHC	-1	-2	sent	sentd
I2-HG003-1x-1-D0-PF-ILMN-NOVASEQ-sent-sentd-SNPts	SNPts	I2-HG003-1x-1-D0-PF-ILMN-NOVASEQ	337668665.0	337403095.0	210096.0	55474.0	796.0	0.3447303007705692	0.2088865459200964	0.9999976408096609	0.014146081393282389	0.9858539186067176	0.9858539186067176	HG003	giabHC_x_clinvar_genes	-1	-2	sent	sentd
I2-HG003-1x-1-D0-PF-ILMN-NOVASEQ-sent-sentd-SNPtv	SNPtv	I2-HG003-1x-1-D0-PF-ILMN-NOVASEQ	337668665.0	337548400.0	95325.0	24940.0	405.0	0.34255889018611363	0.2073753793705567	0.9999988001735038	0.015979483132767803	0.9840205168672322	0.9840205168672322	HG003	giabHC_x_clinvar_genes	-1	-2	sent	sentd
I2-HG003-1x-1-D0-PF-ILMN-NOVASEQ-sent-sentd-INS_50	INS_50	I2-HG003-1x-1-D0-PF-ILMN-NOVASEQ	337668665.0	337641794.0	18917.0	7954.0	465.0	0.45077925758005105	0.29600684753079526	0.9999986228027221	0.055232212851882644	0.9447677871481174	0.9447677871481174	HG003	giabHC_x_clinvar_genes	-1	-2	sent	sentd
I2-HG003-1x-1-D0-PF-ILMN-NOVASEQ-sent-sentd-INS_gt50	INS_gt50	I2-HG003-1x-1-D0-PF-ILMN-NOVASEQ	337668665.0	337668665.0	0.0	0.0	0.0			1.0				HG003	giabHC_x_clinvar_genes	-1	-2	sent	sentd
I2-HG003-1x-1-D0-PF-ILMN-NOVASEQ-sent-sentd-DEL_50	DEL_50	I2-HG003-1x-1-D0-PF-ILMN-NOVASEQ	337668665.0	337640101.0	19831.0	8733.0	509.0	0.4619901602920172	0.3057344909676516	0.9999984924799182	0.05507465916468297	0.944925340835317	0.944925340835317	HG003	giabHC_x_clinvar_genes	-1	-2	sent	sentd
I2-HG003-1x-1-D0-PF-ILMN-NOVASEQ-sent-sentd-DEL_gt50	DEL_gt50	I2-HG003-1x-1-D0-PF-ILMN-NOVASEQ	337668665.0	337668665.0	0.0	0.0	7.0			0.9999999792696197	1.0	0.0	0.0	HG003	giabHC_x_clinvar_genes	-1	-2	sent	sentd
I2-HG003-1x-1-D0-PF-ILMN-NOVASEQ-sent-sentd-Indel_50	Indel_50	I2-HG003-1x-1-D0-PF-ILMN-NOVASEQ	337668665.0	337666680.0	1725.0	260.0	6.0	0.2310084406930253	0.1309823677581864	0.9999999822309981	0.022556390977443608	0.9774436090225564	0.9774436090225563	HG003	giabHC_x_clinvar_genes	-1	-2	sent	sentd
I2-HG003-1x-1-D0-PF-ILMN-NOVASEQ-sent-sentd-Indel_gt50	Indel_gt50	I2-HG003-1x-1-D0-PF-ILMN-NOVASEQ	337668665.0	337668632.0	28.0	5.0	0.0	0.2631578947368421	0.15151515151515152	1.0	0.0	1.0	1.0	HG003	giabHC_x_clinvar_genes	-1	-2	sent	sentd
I2-HG003-1x-1-D0-PF-ILMN-NOVASEQ-sent-sentd-All	All	I2-HG003-1x-1-D0-PF-ILMN-NOVASEQ	337668665.0	337225377.0	345922.0	97366.0	2188.0	0.3587268486963058	0.21964501633249717	0.9999935117996656	0.02197802197802198	0.978021978021978	0.978021978021978	HG003	giabHC_x_clinvar_genes	-1	-2	sent	sentd
I2-HG003-1x-1-D0-PF-ILMN-NOVASEQ-sent-sentd-SNPts	SNPts	I2-HG003-1x-1-D0-PF-ILMN-NOVASEQ	2799325643.0	2797071731.0	1810287.0	443625.0	42885.0	0.32376400423000545	0.1968244545483586	0.9999846681291662	0.08814823950175742	0.9118517604982426	0.9118517604982426	HG003	ultima	-1	-2	sent	sentd
I2-HG003-1x-1-D0-PF-ILMN-NOVASEQ-sent-sentd-SNPtv	SNPtv	I2-HG003-1x-1-D0-PF-ILMN-NOVASEQ	2799325643.0	2798267202.0	851506.0	206935.0	25738.0	0.3205526390388455	0.19550924425641109	0.9999908022496029	0.110618765391773	0.889381234608227	0.889381234608227	HG003	ultima	-1	-2	sent	sentd
I2-HG003-1x-1-D0-PF-ILMN-NOVASEQ-sent-sentd-INS_50	INS_50	I2-HG003-1x-1-D0-PF-ILMN-NOVASEQ	2799325643.0	2799159449.0	124517.0	41677.0	7870.0	0.3863614241150267	0.25077319277470905	0.9999971884495984	0.1588390820836781	0.8411609179163219	0.8411609179163219	HG003	ultima	-1	-2	sent	sentd
I2-HG003-1x-1-D0-PF-ILMN-NOVASEQ-sent-sentd-INS_gt50	INS_gt50	I2-HG003-1x-1-D0-PF-ILMN-NOVASEQ	2799325643.0	2799325547.0	96.0	0.0	17.0		0.0	0.9999999939271087	1.0	0.0	0.0	HG003	ultima	-1	-2	sent	sentd
I2-HG003-1x-1-D0-PF-ILMN-NOVASEQ-sent-sentd-DEL_50	DEL_50	I2-HG003-1x-1-D0-PF-ILMN-NOVASEQ	2799325643.0	2799145029.0	134232.0	46382.0	11326.0	0.3892380896434236	0.2568017983102085	0.9999959537808669	0.1962639495390587	0.8037360504609413	0.8037360504609413	HG003	ultima	-1	-2	sent	sentd
I2-HG003-1x-1-D0-PF-ILMN-NOVASEQ-sent-sentd-DEL_gt50	DEL_gt50	I2-HG003-1x-1-D0-PF-ILMN-NOVASEQ	2799325643.0	2799325554.0	81.0	8.0	175.0	0.058823529411764705	0.0898876404494382	0.9999999374849456	0.9562841530054644	0.04371584699453557	0.04371584699453552	HG003	ultima	-1	-2	sent	sentd
I2-HG003-1x-1-D0-PF-ILMN-NOVASEQ-sent-sentd-Indel_50	Indel_50	I2-HG003-1x-1-D0-PF-ILMN-NOVASEQ	2799325643.0	2799314293.0	10023.0	1327.0	212.0	0.20591201799984482	0.11691629955947136	0.9999999242671734	0.13775178687459388	0.8622482131254061	0.8622482131254061	HG003	ultima	-1	-2	sent	sentd
I2-HG003-1x-1-D0-PF-ILMN-NOVASEQ-sent-sentd-Indel_gt50	Indel_gt50	I2-HG003-1x-1-D0-PF-ILMN-NOVASEQ	2799325643.0	2799324976.0	623.0	44.0	15.0	0.12121212121212123	0.06596701649175413	0.9999999946415654	0.2542372881355932	0.7457627118644068	0.7457627118644068	HG003	ultima	-1	-2	sent	sentd
I2-HG003-1x-1-D0-PF-ILMN-NOVASEQ-sent-sentd-All	All	I2-HG003-1x-1-D0-PF-ILMN-NOVASEQ	2799325643.0	2795654280.0	2931365.0	739998.0	88238.0	0.32891731018697445	0.20155947532292504	0.9999684384382925	0.10653726715573822	0.8934627328442618	0.8934627328442618	HG003	ultima	-1	-2	sent	sentd
I2-HG003-1x-1-D0-PF-ILMN-NOVASEQ-sent-sentd-SNPts	SNPts	I2-HG003-1x-1-D0-PF-ILMN-NOVASEQ	688815815.0	688747829.0	56886.0	11100.0	87193.0	0.1335105455289002	0.16326890830465096	0.999873419618319	0.8870723245805907	0.11292767541940929	0.11292767541940932	HG003	hg38_m_giabHC	-1	-2	sent	sentd
I2-HG003-1x-1-D0-PF-ILMN-NOVASEQ-sent-sentd-SNPtv	SNPtv	I2-HG003-1x-1-D0-PF-ILMN-NOVASEQ	688815815.0	688780669.0	29435.0	5711.0	61919.0	0.11113489530629718	0.16249359813350026	0.9999101115391548	0.9155552269702795	0.08444477302972053	0.08444477302972053	HG003	hg38_m_giabHC	-1	-2	sent	sentd
I2-HG003-1x-1-D0-PF-ILMN-NOVASEQ-sent-sentd-INS_50	INS_50	I2-HG003-1x-1-D0-PF-ILMN-NOVASEQ	688815815.0	688787727.0	20261.0	7827.0	49020.0	0.18430564549361275	0.27865992594702366	0.9999288365491338	0.8623146340176263	0.1376853659823737	0.13768536598237374	HG003	hg38_m_giabHC	-1	-2	sent	sentd
I2-HG003-1x-1-D0-PF-ILMN-NOVASEQ-sent-sentd-INS_gt50	INS_gt50	I2-HG003-1x-1-D0-PF-ILMN-NOVASEQ	688815815.0	688815578.0	236.0	1.0	89.0	0.0061162079510703364	0.004219409282700422	0.9999998707927182	0.9888888888888889	0.011111111111111072	0.011111111111111112	HG003	hg38_m_giabHC	-1	-2	sent	sentd
I2-HG003-1x-1-D0-PF-ILMN-NOVASEQ-sent-sentd-DEL_50	DEL_50	I2-HG003-1x-1-D0-PF-ILMN-NOVASEQ	688815815.0	688787384.0	19732.0	8699.0	52131.0	0.19491155151746004	0.3059688368330344	0.999924320543661	0.8569949038303468	0.14300509616965318	0.14300509616965312	HG003	hg38_m_giabHC	-1	-2	sent	sentd
I2-HG003-1x-1-D0-PF-ILMN-NOVASEQ-sent-sentd-DEL_gt50	DEL_gt50	I2-HG003-1x-1-D0-PF-ILMN-NOVASEQ	688815815.0	688815677.0	125.0	13.0	338.0	0.053169734151329244	0.09420289855072464	0.9999995093029305	0.9629629629629629	0.03703703703703709	0.037037037037037035	HG003	hg38_m_giabHC	-1	-2	sent	sentd
I2-HG003-1x-1-D0-PF-ILMN-NOVASEQ-sent-sentd-Indel_50	Indel_50	I2-HG003-1x-1-D0-PF-ILMN-NOVASEQ	688815815.0	688808766.0	6516.0	533.0	1911.0	0.11229326872432319	0.07561356220740531	0.999997225652761	0.7819148936170213	0.21808510638297873	0.21808510638297873	HG003	hg38_m_giabHC	-1	-2	sent	sentd
I2-HG003-1x-1-D0-PF-ILMN-NOVASEQ-sent-sentd-Indel_gt50	Indel_gt50	I2-HG003-1x-1-D0-PF-ILMN-NOVASEQ	688815815.0	688814881.0	905.0	29.0	54.0	0.05703048180924287	0.031049250535331904	0.9999999216044873	0.6506024096385542	0.3493975903614458	0.3493975903614458	HG003	hg38_m_giabHC	-1	-2	sent	sentd
I2-HG003-1x-1-D0-PF-ILMN-NOVASEQ-sent-sentd-All	All	I2-HG003-1x-1-D0-PF-ILMN-NOVASEQ	688815815.0	688647806.0	134096.0	33913.0	252655.0	0.14920684504495388	0.20185228172300293	0.9996332489027032	0.8816581055805254	0.11834189441947462	0.11834189441947461	HG003	hg38_m_giabHC	-1	-2	sent	sentd
I2-HG003-1x-1-D0-PF-ILMN-NOVASEQ-sent-sentd-SNPts	SNPts	I2-HG003-1x-1-D0-PF-ILMN-NOVASEQ	3088286401.0	3085963550.0	1869967.0	452884.0	91487.0	0.31590438410419563	0.19496902728586551	0.9999703547088749	0.16806001789220953	0.8319399821077904	0.8319399821077904	HG003	hg38	-1	-2	sent	sentd
I2-HG003-1x-1-D0-PF-ILMN-NOVASEQ-sent-sentd-SNPtv	SNPtv	I2-HG003-1x-1-D0-PF-ILMN-NOVASEQ	3088286401.0	3087179386.0	892730.0	214285.0	64281.0	0.30930707046358175	0.19357009615949197	0.9999791785142562	0.2307568044915747	0.7692431955084253	0.7692431955084252	HG003	hg38	-1	-2	sent	sentd
I2-HG003-1x-1-D0-PF-ILMN-NOVASEQ-sent-sentd-INS_50	INS_50	I2-HG003-1x-1-D0-PF-ILMN-NOVASEQ	3088286401.0	3088023458.0	186265.0	76678.0	52932.0	0.3906631715972111	0.29161453242718005	0.9999828592323132	0.4083944140112646	0.5916055859887355	0.5916055859887355	HG003	hg38	-1	-2	sent	sentd
I2-HG003-1x-1-D0-PF-ILMN-NOVASEQ-sent-sentd-INS_gt50	INS_gt50	I2-HG003-1x-1-D0-PF-ILMN-NOVASEQ	3088286401.0	3088286163.0	237.0	1.0	89.0	0.0060975609756097554	0.004201680672268907	0.9999999711814279	0.9888888888888889	0.011111111111111072	0.011111111111111112	HG003	hg38	-1	-2	sent	sentd
I2-HG003-1x-1-D0-PF-ILMN-NOVASEQ-sent-sentd-DEL_50	DEL_50	I2-HG003-1x-1-D0-PF-ILMN-NOVASEQ	3088286401.0	3088008864.0	192011.0	85526.0	55996.0	0.4081811868973105	0.30816071370664094	0.9999818669611752	0.3956699311767782	0.6043300688232218	0.6043300688232218	HG003	hg38	-1	-2	sent	sentd
I2-HG003-1x-1-D0-PF-ILMN-NOVASEQ-sent-sentd-DEL_gt50	DEL_gt50	I2-HG003-1x-1-D0-PF-ILMN-NOVASEQ	3088286401.0	3088286263.0	125.0	13.0	369.0	0.049999999999999996	0.09420289855072464	0.999999880516272	0.9659685863874345	0.03403141361256545	0.034031413612565446	HG003	hg38	-1	-2	sent	sentd
I2-HG003-1x-1-D0-PF-ILMN-NOVASEQ-sent-sentd-Indel_50	Indel_50	I2-HG003-1x-1-D0-PF-ILMN-NOVASEQ	3088286401.0	3088259444.0	23817.0	3140.0	1939.0	0.19602946684979397	0.11648180435508403	0.9999993721386374	0.3817680645796417	0.6182319354203583	0.6182319354203584	HG003	hg38	-1	-2	sent	sentd
I2-HG003-1x-1-D0-PF-ILMN-NOVASEQ-sent-sentd-Indel_gt50	Indel_gt50	I2-HG003-1x-1-D0-PF-ILMN-NOVASEQ	3088286401.0	3088285146.0	1198.0	57.0	54.0	0.08345534407027817	0.04541832669322709	0.9999999825145682	0.4864864864864865	0.5135135135135135	0.5135135135135135	HG003	hg38	-1	-2	sent	sentd
I2-HG003-1x-1-D0-PF-ILMN-NOVASEQ-sent-sentd-All	All	I2-HG003-1x-1-D0-PF-ILMN-NOVASEQ	3088286401.0	3084287467.0	3166350.0	832584.0	267147.0	0.3265890188902389	0.20820148569593797	0.9999133920343678	0.24292031414955112	0.7570796858504489	0.7570796858504489	HG003	hg38	-1	-2	sent	sentd
I2-HG003-1x-1-D0-PF-ILMN-NOVASEQ-sent-sentd-SNPts	SNPts	I2-HG003-1x-1-D0-PF-ILMN-NOVASEQ	2505355380.0	2503152515.0	1767961.0	434904.0	3178.0	0.3293545837913445	0.19742653317384407	0.9999987304025839	0.007254349642304409	0.9927456503576956	0.9927456503576956	HG003	giabHC_x_ultima	-1	-2	sent	sentd
I2-HG003-1x-1-D0-PF-ILMN-NOVASEQ-sent-sentd-SNPtv	SNPtv	I2-HG003-1x-1-D0-PF-ILMN-NOVASEQ	2505355380.0	2504321184.0	831318.0	202878.0	1634.0	0.32756388107608897	0.19616977826253437	0.9999993475282067	0.007989751212642778	0.9920102487873572	0.9920102487873572	HG003	giabHC_x_ultima	-1	-2	sent	sentd
I2-HG003-1x-1-D0-PF-ILMN-NOVASEQ-sent-sentd-INS_50	INS_50	I2-HG003-1x-1-D0-PF-ILMN-NOVASEQ	2505355380.0	2505199702.0	116852.0	38826.0	914.0	0.397363600077782	0.24939940132838295	0.9999996351589593	0.022999496728736787	0.9770005032712632	0.9770005032712632	HG003	giabHC_x_ultima	-1	-2	sent	sentd
I2-HG003-1x-1-D0-PF-ILMN-NOVASEQ-sent-sentd-INS_gt50	INS_gt50	I2-HG003-1x-1-D0-PF-ILMN-NOVASEQ	2505355380.0	2505355380.0	0.0	0.0	0.0			1.0				HG003	giabHC_x_ultima	-1	-2	sent	sentd
I2-HG003-1x-1-D0-PF-ILMN-NOVASEQ-sent-sentd-DEL_50	DEL_50	I2-HG003-1x-1-D0-PF-ILMN-NOVASEQ	2505355380.0	2505187297.0	125376.0	42707.0	1296.0	0.40273285365370654	0.25408280432881375	0.9999994826736783	0.02945253732700043	0.9705474626729995	0.9705474626729995	HG003	giabHC_x_ultima	-1	-2	sent	sentd
I2-HG003-1x-1-D0-PF-ILMN-NOVASEQ-sent-sentd-DEL_gt50	DEL_gt50	I2-HG003-1x-1-D0-PF-ILMN-NOVASEQ	2505355380.0	2505355380.0	0.0	0.0	30.0			0.999999988025651	1.0	0.0	0.0	HG003	giabHC_x_ultima	-1	-2	sent	sentd
I2-HG003-1x-1-D0-PF-ILMN-NOVASEQ-sent-sentd-Indel_50	Indel_50	I2-HG003-1x-1-D0-PF-ILMN-NOVASEQ	2505355380.0	2505346507.0	7763.0	1110.0	5.0	0.2222667200640769	0.12509861377211767	0.9999999980042681	0.004484304932735426	0.9955156950672646	0.9955156950672646	HG003	giabHC_x_ultima	-1	-2	sent	sentd
I2-HG003-1x-1-D0-PF-ILMN-NOVASEQ-sent-sentd-Indel_gt50	Indel_gt50	I2-HG003-1x-1-D0-PF-ILMN-NOVASEQ	2505355380.0	2505355134.0	222.0	24.0	0.0	0.17777777777777776	0.0975609756097561	1.0	0.0	1.0	1.0	HG003	giabHC_x_ultima	-1	-2	sent	sentd
I2-HG003-1x-1-D0-PF-ILMN-NOVASEQ-sent-sentd-All	All	I2-HG003-1x-1-D0-PF-ILMN-NOVASEQ	2505355380.0	2501785439.0	2849492.0	720449.0	7057.0	0.33529162779668953	0.20180977780865286	0.999997179222493	0.00970026364043733	0.9902997363595627	0.9902997363595627	HG003	giabHC_x_ultima	-1	-2	sent	sentd
I2-HG003-1x-1-D0-PF-ILMN-NOVASEQ-sent-sentd-SNPts	SNPts	I2-HG003-1x-1-D0-PF-ILMN-NOVASEQ	332544085.0	332287288.0	202708.0	54089.0	553.0	0.3473489190499584	0.21062940766441976	0.9999983357802129	0.010120420189597745	0.9898795798104023	0.9898795798104022	HG003	giabHC_x_ultima_x_clinvar	-1	-2	sent	sentd
I2-HG003-1x-1-D0-PF-ILMN-NOVASEQ-sent-sentd-SNPtv	SNPtv	I2-HG003-1x-1-D0-PF-ILMN-NOVASEQ	332544085.0	332429509.0	90606.0	23970.0	280.0	0.3453243628715082	0.20920611646418097	0.9999991577168795	0.01154639175257732	0.9884536082474227	0.9884536082474227	HG003	giabHC_x_ultima_x_clinvar	-1	-2	sent	sentd
I2-HG003-1x-1-D0-PF-ILMN-NOVASEQ-sent-sentd-INS_50	INS_50	I2-HG003-1x-1-D0-PF-ILMN-NOVASEQ	332544085.0	332526435.0	13181.0	4469.0	109.0	0.4021054525823286	0.2532011331444759	0.9999996722066193	0.023809523809523808	0.9761904761904762	0.9761904761904762	HG003	giabHC_x_ultima_x_clinvar	-1	-2	sent	sentd
I2-HG003-1x-1-D0-PF-ILMN-NOVASEQ-sent-sentd-INS_gt50	INS_gt50	I2-HG003-1x-1-D0-PF-ILMN-NOVASEQ	332544085.0	332544085.0	0.0	0.0	0.0			1.0				HG003	giabHC_x_ultima_x_clinvar	-1	-2	sent	sentd
I2-HG003-1x-1-D0-PF-ILMN-NOVASEQ-sent-sentd-DEL_50	DEL_50	I2-HG003-1x-1-D0-PF-ILMN-NOVASEQ	332544085.0	332524896.0	14371.0	4818.0	168.0	0.39859358841778697	0.2510813486893533	0.9999994947749262	0.03369434416365824	0.9663056558363418	0.9663056558363418	HG003	giabHC_x_ultima_x_clinvar	-1	-2	sent	sentd
I2-HG003-1x-1-D0-PF-ILMN-NOVASEQ-sent-sentd-DEL_gt50	DEL_gt50	I2-HG003-1x-1-D0-PF-ILMN-NOVASEQ	332544085.0	332544085.0	0.0	0.0	7.0			0.9999999789501598	1.0	0.0	0.0	HG003	giabHC_x_ultima_x_clinvar	-1	-2	sent	sentd
I2-HG003-1x-1-D0-PF-ILMN-NOVASEQ-sent-sentd-Indel_50	Indel_50	I2-HG003-1x-1-D0-PF-ILMN-NOVASEQ	332544085.0	332543249.0	740.0	96.0	0.0	0.20600858369098715	0.11483253588516747	1.0	0.0	1.0	1.0	HG003	giabHC_x_ultima_x_clinvar	-1	-2	sent	sentd
I2-HG003-1x-1-D0-PF-ILMN-NOVASEQ-sent-sentd-Indel_gt50	Indel_gt50	I2-HG003-1x-1-D0-PF-ILMN-NOVASEQ	332544085.0	332544062.0	20.0	3.0	0.0	0.23076923076923078	0.13043478260869565	1.0	0.0	1.0	1.0	HG003	giabHC_x_ultima_x_clinvar	-1	-2	sent	sentd
I2-HG003-1x-1-D0-PF-ILMN-NOVASEQ-sent-sentd-All	All	I2-HG003-1x-1-D0-PF-ILMN-NOVASEQ	332544085.0	332135014.0	321626.0	87445.0	1117.0	0.35144373463978473	0.2137648476670309	0.9999966369211424	0.01261263295770195	0.987387367042298	0.987387367042298	HG003	giabHC_x_ultima_x_clinvar	-1	-2	sent	sentd
I2-HG003-1x-1-D0-PF-ILMN-NOVASEQ-sent-sentd-SNPts	SNPts	I2-HG003-1x-1-D0-PF-ILMN-NOVASEQ	377862616.0	377589367.0	216449.0	56800.0	10270.0	0.33380445993318036	0.20786901324433027	0.9999728018806332	0.15312360220664978	0.8468763977933502	0.8468763977933502	HG003	clinvar_genes	-1	-2	sent	sentd
I2-HG003-1x-1-D0-PF-ILMN-NOVASEQ-sent-sentd-SNPtv	SNPtv	I2-HG003-1x-1-D0-PF-ILMN-NOVASEQ	377862616.0	377738276.0	98733.0	25607.0	6089.0	0.3282191289189674	0.2059433810519543	0.9999838806331366	0.19210625946491672	0.8078937405350832	0.8078937405350833	HG003	clinvar_genes	-1	-2	sent	sentd
I2-HG003-1x-1-D0-PF-ILMN-NOVASEQ-sent-sentd-INS_50	INS_50	I2-HG003-1x-1-D0-PF-ILMN-NOVASEQ	377862616.0	377832810.0	21043.0	8763.0	5852.0	0.39454312149658943	0.2940012078105079	0.9999845119078894	0.4004105371193979	0.5995894628806021	0.5995894628806021	HG003	clinvar_genes	-1	-2	sent	sentd
I2-HG003-1x-1-D0-PF-ILMN-NOVASEQ-sent-sentd-INS_gt50	INS_gt50	I2-HG003-1x-1-D0-PF-ILMN-NOVASEQ	377862616.0	377862586.0	30.0	0.0	22.0		0.0	0.9999999417777797	1.0	0.0	0.0	HG003	clinvar_genes	-1	-2	sent	sentd
I2-HG003-1x-1-D0-PF-ILMN-NOVASEQ-sent-sentd-DEL_50	DEL_50	I2-HG003-1x-1-D0-PF-ILMN-NOVASEQ	377862616.0	377831071.0	21913.0	9632.0	6242.0	0.40625065901853685	0.3053415755270249	0.999983479662317	0.39322162025954394	0.606778379740456	0.6067783797404561	HG003	clinvar_genes	-1	-2	sent	sentd
I2-HG003-1x-1-D0-PF-ILMN-NOVASEQ-sent-sentd-DEL_gt50	DEL_gt50	I2-HG003-1x-1-D0-PF-ILMN-NOVASEQ	377862616.0	377862598.0	17.0	1.0	47.0	0.030303030303030304	0.05555555555555555	0.999999875616178	0.9791666666666666	0.02083333333333337	0.020833333333333332	HG003	clinvar_genes	-1	-2	sent	sentd
I2-HG003-1x-1-D0-PF-ILMN-NOVASEQ-sent-sentd-Indel_50	Indel_50	I2-HG003-1x-1-D0-PF-ILMN-NOVASEQ	377862616.0	377859954.0	2360.0	302.0	222.0	0.18957940991839298	0.11344853493613824	0.9999994124810867	0.42366412213740456	0.5763358778625954	0.5763358778625954	HG003	clinvar_genes	-1	-2	sent	sentd
I2-HG003-1x-1-D0-PF-ILMN-NOVASEQ-sent-sentd-Indel_gt50	Indel_gt50	I2-HG003-1x-1-D0-PF-ILMN-NOVASEQ	377862616.0	377862480.0	128.0	8.0	4.0	0.10810810810810811	0.058823529411764705	0.9999999894141383	0.3333333333333333	0.6666666666666667	0.6666666666666666	HG003	clinvar_genes	-1	-2	sent	sentd
I2-HG003-1x-1-D0-PF-ILMN-NOVASEQ-sent-sentd-All	All	I2-HG003-1x-1-D0-PF-ILMN-NOVASEQ	377862616.0	377400830.0	360673.0	101113.0	28748.0	0.3418017838339415	0.21896073072808617	0.9999238321486293	0.22137516267393598	0.778624837326064	0.778624837326064	HG003	clinvar_genes	-1	-2	sent	sentd
I2-HG003-1x-1-D0-PF-ILMN-NOVASEQ-sent-sentd-SNPts	SNPts	I2-HG003-1x-1-D0-PF-ILMN-NOVASEQ	2528531102.0	2526276233.0	1813081.0	441788.0	4294.0	0.32713514610224326	0.19592623784352883	0.9999983002679417	0.009626032881846835	0.9903739671181532	0.9903739671181532	HG003	giabHC	-1	-2	sent	sentd
I2-HG003-1x-1-D0-PF-ILMN-NOVASEQ-sent-sentd-SNPtv	SNPtv	I2-HG003-1x-1-D0-PF-ILMN-NOVASEQ	2528531102.0	2527459231.0	863295.0	208576.0	2362.0	0.32518636835257625	0.194590580396335	0.9999990654655222	0.011197603087163053	0.988802396912837	0.988802396912837	HG003	giabHC	-1	-2	sent	sentd
I2-HG003-1x-1-D0-PF-ILMN-NOVASEQ-sent-sentd-INS_50	INS_50	I2-HG003-1x-1-D0-PF-ILMN-NOVASEQ	2528531102.0	2528296324.0	165939.0	68839.0	3912.0	0.4476911120577246	0.2932089037303325	0.9999984527154077	0.05377245673598988	0.9462275432640102	0.9462275432640102	HG003	giabHC	-1	-2	sent	sentd
I2-HG003-1x-1-D0-PF-ILMN-NOVASEQ-sent-sentd-INS_gt50	INS_gt50	I2-HG003-1x-1-D0-PF-ILMN-NOVASEQ	2528531102.0	2528531101.0	1.0	0.0	0.0		0.0	1.0				HG003	giabHC	-1	-2	sent	sentd
I2-HG003-1x-1-D0-PF-ILMN-NOVASEQ-sent-sentd-DEL_50	DEL_50	I2-HG003-1x-1-D0-PF-ILMN-NOVASEQ	2528531102.0	2528281805.0	172443.0	76854.0	3869.0	0.46575359069147326	0.30828289149087235	0.9999984697140676	0.04792933860238098	0.952070661397619	0.952070661397619	HG003	giabHC	-1	-2	sent	sentd
I2-HG003-1x-1-D0-PF-ILMN-NOVASEQ-sent-sentd-DEL_gt50	DEL_gt50	I2-HG003-1x-1-D0-PF-ILMN-NOVASEQ	2528531102.0	2528531102.0	0.0	0.0	31.0			0.9999999877399176	1.0	0.0	0.0	HG003	giabHC	-1	-2	sent	sentd
I2-HG003-1x-1-D0-PF-ILMN-NOVASEQ-sent-sentd-Indel_50	Indel_50	I2-HG003-1x-1-D0-PF-ILMN-NOVASEQ	2528531102.0	2528511193.0	17302.0	2607.0	28.0	0.23128105039034777	0.130945803405495	0.99999998892629	0.01062618595825427	0.9893738140417457	0.9893738140417457	HG003	giabHC	-1	-2	sent	sentd
I2-HG003-1x-1-D0-PF-ILMN-NOVASEQ-sent-sentd-Indel_gt50	Indel_gt50	I2-HG003-1x-1-D0-PF-ILMN-NOVASEQ	2528531102.0	2528530779.0	295.0	28.0	0.0	0.15954415954415954	0.08668730650154799	1.0	0.0	1.0	1.0	HG003	giabHC	-1	-2	sent	sentd
I2-HG003-1x-1-D0-PF-ILMN-NOVASEQ-sent-sentd-All	All	I2-HG003-1x-1-D0-PF-ILMN-NOVASEQ	2528531102.0	2524700054.0	3032356.0	798692.0	14496.0	0.34394979066524617	0.2084787243594964	0.9999942583608116	0.01782613614563914	0.9821738638543609	0.9821738638543609	HG003	giabHC	-1	-2	sent	sentd
I2-HG003-20x-7-D0-PF-ILMN-NOVASEQ-sent-sentd-SNPts	SNPts	I2-HG003-20x-7-D0-PF-ILMN-NOVASEQ	337668665.0	337403164.0	1511.0	263990.0	1387.0	0.9945411186751004	0.9943088726596133	0.9999958892077896	0.005226526790189052	0.9947734732098109	0.9947734732098109	HG003	giabHC_x_clinvar_genes	-1	-2	sent	sentd
I2-HG003-20x-7-D0-PF-ILMN-NOVASEQ-sent-sentd-SNPtv	SNPtv	I2-HG003-20x-7-D0-PF-ILMN-NOVASEQ	337668665.0	337548458.0	743.0	119464.0	663.0	0.9941498081836112	0.993818995565982	0.9999980358414264	0.005519158890174565	0.9944808411098255	0.9944808411098255	HG003	giabHC_x_clinvar_genes	-1	-2	sent	sentd
I2-HG003-20x-7-D0-PF-ILMN-NOVASEQ-sent-sentd-INS_50	INS_50	I2-HG003-20x-7-D0-PF-ILMN-NOVASEQ	337668665.0	337642353.0	182.0	26130.0	97.0	0.9946896591103752	0.9930830039525692	0.9999997127138486	0.003698478667022534	0.9963015213329774	0.9963015213329774	HG003	giabHC_x_clinvar_genes	-1	-2	sent	sentd
I2-HG003-20x-7-D0-PF-ILMN-NOVASEQ-sent-sentd-INS_gt50	INS_gt50	I2-HG003-20x-7-D0-PF-ILMN-NOVASEQ	337668665.0	337668665.0	0.0	0.0	0.0			1.0				HG003	giabHC_x_clinvar_genes	-1	-2	sent	sentd
I2-HG003-20x-7-D0-PF-ILMN-NOVASEQ-sent-sentd-DEL_50	DEL_50	I2-HG003-20x-7-D0-PF-ILMN-NOVASEQ	337668665.0	337640695.0	153.0	27817.0	78.0	0.9958650317730243	0.9945298534143725	0.9999997689852463	0.0027962000358487185	0.9972037999641513	0.9972037999641513	HG003	giabHC_x_clinvar_genes	-1	-2	sent	sentd
I2-HG003-20x-7-D0-PF-ILMN-NOVASEQ-sent-sentd-DEL_gt50	DEL_gt50	I2-HG003-20x-7-D0-PF-ILMN-NOVASEQ	337668665.0	337668665.0	0.0	0.0	1.0			0.999999997038517	1.0	0.0	0.0	HG003	giabHC_x_clinvar_genes	-1	-2	sent	sentd
I2-HG003-20x-7-D0-PF-ILMN-NOVASEQ-sent-sentd-Indel_50	Indel_50	I2-HG003-20x-7-D0-PF-ILMN-NOVASEQ	337668665.0	337665475.0	8.0	3182.0	0.0	0.9987445072190834	0.9974921630094044	1.0	0.0	1.0	1.0	HG003	giabHC_x_clinvar_genes	-1	-2	sent	sentd
I2-HG003-20x-7-D0-PF-ILMN-NOVASEQ-sent-sentd-Indel_gt50	Indel_gt50	I2-HG003-20x-7-D0-PF-ILMN-NOVASEQ	337668665.0	337668625.0	0.0	40.0	0.0	1.0	1.0	1.0	0.0	1.0	1.0	HG003	giabHC_x_clinvar_genes	-1	-2	sent	sentd
I2-HG003-20x-7-D0-PF-ILMN-NOVASEQ-sent-sentd-All	All	I2-HG003-20x-7-D0-PF-ILMN-NOVASEQ	337668665.0	337225445.0	2597.0	440623.0	2226.0	0.9945568573102094	0.9941406073733134	0.9999933991181881	0.005026544036454864	0.9949734559635451	0.9949734559635451	HG003	giabHC_x_clinvar_genes	-1	-2	sent	sentd
I2-HG003-20x-7-D0-PF-ILMN-NOVASEQ-sent-sentd-SNPts	SNPts	I2-HG003-20x-7-D0-PF-ILMN-NOVASEQ	688815815.0	688748101.0	3273.0	64441.0	319168.0	0.28556488368640637	0.9516643530141478	0.9995368115503974	0.8320138474331937	0.16798615256680627	0.1679861525668063	HG003	hg38_m_giabHC	-1	-2	sent	sentd
I2-HG003-20x-7-D0-PF-ILMN-NOVASEQ-sent-sentd-SNPtv	SNPtv	I2-HG003-20x-7-D0-PF-ILMN-NOVASEQ	688815815.0	688780898.0	1761.0	33156.0	222204.0	0.22844386568691286	0.9495661139273134	0.9996774992748871	0.8701597744360903	0.12984022556390973	0.12984022556390978	HG003	hg38_m_giabHC	-1	-2	sent	sentd
I2-HG003-20x-7-D0-PF-ILMN-NOVASEQ-sent-sentd-INS_50	INS_50	I2-HG003-20x-7-D0-PF-ILMN-NOVASEQ	688815815.0	688788624.0	1284.0	25907.0	166834.0	0.23559100085480966	0.9527784928836748	0.9997578450129645	0.8655864605870054	0.1344135394129946	0.13441353941299464	HG003	hg38_m_giabHC	-1	-2	sent	sentd
I2-HG003-20x-7-D0-PF-ILMN-NOVASEQ-sent-sentd-INS_gt50	INS_gt50	I2-HG003-20x-7-D0-PF-ILMN-NOVASEQ	688815815.0	688815581.0	155.0	79.0	1500.0	0.08714837286265859	0.33760683760683763	0.9999978223536533	0.9499683343888538	0.05003166561114625	0.050031665611146296	HG003	hg38_m_giabHC	-1	-2	sent	sentd
I2-HG003-20x-7-D0-PF-ILMN-NOVASEQ-sent-sentd-DEL_50	DEL_50	I2-HG003-20x-7-D0-PF-ILMN-NOVASEQ	688815815.0	688788453.0	877.0	26485.0	173296.0	0.2332011111942697	0.9679482493969739	0.9997484678935347	0.8674298356700587	0.1325701643299413	0.1325701643299413	HG003	hg38_m_giabHC	-1	-2	sent	sentd
I2-HG003-20x-7-D0-PF-ILMN-NOVASEQ-sent-sentd-DEL_gt50	DEL_gt50	I2-HG003-20x-7-D0-PF-ILMN-NOVASEQ	688815815.0	688815678.0	56.0	81.0	1697.0	0.08459530026109661	0.5912408759124088	0.9999975363571513	0.954443194600675	0.04555680539932505	0.045556805399325086	HG003	hg38_m_giabHC	-1	-2	sent	sentd
I2-HG003-20x-7-D0-PF-ILMN-NOVASEQ-sent-sentd-Indel_50	Indel_50	I2-HG003-20x-7-D0-PF-ILMN-NOVASEQ	688815815.0	688806366.0	181.0	9268.0	37889.0	0.32745645337950036	0.9808445338131019	0.9999449962749563	0.8034650210997307	0.19653497890026927	0.1965349789002693	HG003	hg38_m_giabHC	-1	-2	sent	sentd
I2-HG003-20x-7-D0-PF-ILMN-NOVASEQ-sent-sentd-Indel_gt50	Indel_gt50	I2-HG003-20x-7-D0-PF-ILMN-NOVASEQ	688815815.0	688814764.0	50.0	1001.0	1906.0	0.505811015664477	0.9524262607040913	0.9999972329357244	0.6556587547299622	0.34434124527003784	0.34434124527003784	HG003	hg38_m_giabHC	-1	-2	sent	sentd
I2-HG003-20x-7-D0-PF-ILMN-NOVASEQ-sent-sentd-All	All	I2-HG003-20x-7-D0-PF-ILMN-NOVASEQ	688815815.0	688647760.0	7637.0	160418.0	924494.0	0.25606101357817085	0.9545565439885751	0.998659322508066	0.8521373162062914	0.1478626837937086	0.14786268379370862	HG003	hg38_m_giabHC	-1	-2	sent	sentd
I2-HG003-20x-7-D0-PF-ILMN-NOVASEQ-sent-sentd-SNPts	SNPts	I2-HG003-20x-7-D0-PF-ILMN-NOVASEQ	2505355380.0	2503152324.0	3199.0	2199857.0	5844.0	0.9979488549720478	0.9985479261534886	0.9999976653492877	0.0026494978240477743	0.9973505021759522	0.9973505021759522	HG003	giabHC_x_ultima	-1	-2	sent	sentd
I2-HG003-20x-7-D0-PF-ILMN-NOVASEQ-sent-sentd-SNPtv	SNPtv	I2-HG003-20x-7-D0-PF-ILMN-NOVASEQ	2505355380.0	2504321011.0	1859.0	1032510.0	2984.0	0.9976602316191941	0.9982027690311678	0.9999988084608836	0.002881716359534676	0.9971182836404653	0.9971182836404653	HG003	giabHC_x_ultima	-1	-2	sent	sentd
I2-HG003-20x-7-D0-PF-ILMN-NOVASEQ-sent-sentd-INS_50	INS_50	I2-HG003-20x-7-D0-PF-ILMN-NOVASEQ	2505355380.0	2505201559.0	356.0	153465.0	294.0	0.9978867286559594	0.9976856215991314	0.999999882644187	0.0019120831951300412	0.99808791680487	0.99808791680487	HG003	giabHC_x_ultima	-1	-2	sent	sentd
I2-HG003-20x-7-D0-PF-ILMN-NOVASEQ-sent-sentd-INS_gt50	INS_gt50	I2-HG003-20x-7-D0-PF-ILMN-NOVASEQ	2505355380.0	2505355380.0	0.0	0.0	0.0			1.0				HG003	giabHC_x_ultima	-1	-2	sent	sentd
I2-HG003-20x-7-D0-PF-ILMN-NOVASEQ-sent-sentd-DEL_50	DEL_50	I2-HG003-20x-7-D0-PF-ILMN-NOVASEQ	2505355380.0	2505189868.0	368.0	165144.0	239.0	0.9981655812266731	0.9977765962588815	0.9999999045980585	0.0014451303942968744	0.9985548696057032	0.9985548696057032	HG003	giabHC_x_ultima	-1	-2	sent	sentd
I2-HG003-20x-7-D0-PF-ILMN-NOVASEQ-sent-sentd-DEL_gt50	DEL_gt50	I2-HG003-20x-7-D0-PF-ILMN-NOVASEQ	2505355380.0	2505355380.0	0.0	0.0	3.0			0.9999999988025651	1.0	0.0	0.0	HG003	giabHC_x_ultima	-1	-2	sent	sentd
I2-HG003-20x-7-D0-PF-ILMN-NOVASEQ-sent-sentd-Indel_50	Indel_50	I2-HG003-20x-7-D0-PF-ILMN-NOVASEQ	2505355380.0	2505341624.0	22.0	13734.0	0.0	0.9991997089850855	0.9984006978772899	1.0	0.0	1.0	1.0	HG003	giabHC_x_ultima	-1	-2	sent	sentd
I2-HG003-20x-7-D0-PF-ILMN-NOVASEQ-sent-sentd-Indel_gt50	Indel_gt50	I2-HG003-20x-7-D0-PF-ILMN-NOVASEQ	2505355380.0	2505355030.0	0.0	350.0	0.0	1.0	1.0	1.0	0.0	1.0	1.0	HG003	giabHC_x_ultima	-1	-2	sent	sentd
I2-HG003-20x-7-D0-PF-ILMN-NOVASEQ-sent-sentd-All	All	I2-HG003-20x-7-D0-PF-ILMN-NOVASEQ	2505355380.0	2501784516.0	5804.0	3565060.0	9364.0	0.9978772024304688	0.9983746230604134	0.9999962570857356	0.002619722786104838	0.9973802772138952	0.9973802772138952	HG003	giabHC_x_ultima	-1	-2	sent	sentd
I2-HG003-20x-7-D0-PF-ILMN-NOVASEQ-sent-sentd-SNPts	SNPts	I2-HG003-20x-7-D0-PF-ILMN-NOVASEQ	2799325643.0	2797071544.0	4082.0	2250017.0	158576.0	0.9651150022347605	0.99818907687728	0.9999433096337458	0.06583760726698118	0.9341623927330188	0.9341623927330188	HG003	ultima	-1	-2	sent	sentd
I2-HG003-20x-7-D0-PF-ILMN-NOVASEQ-sent-sentd-SNPtv	SNPtv	I2-HG003-20x-7-D0-PF-ILMN-NOVASEQ	2799325643.0	2798266991.0	2335.0	1056317.0	86067.0	0.9598361862323015	0.9977943649093375	0.9999692436950535	0.07533981568369305	0.9246601843163069	0.9246601843163069	HG003	ultima	-1	-2	sent	sentd
I2-HG003-20x-7-D0-PF-ILMN-NOVASEQ-sent-sentd-INS_50	INS_50	I2-HG003-20x-7-D0-PF-ILMN-NOVASEQ	2799325643.0	2799161425.0	549.0	163669.0	27915.0	0.9200004496883097	0.9966568829239182	0.9999900274698816	0.14570632203106731	0.8542936779689327	0.8542936779689327	HG003	ultima	-1	-2	sent	sentd
I2-HG003-20x-7-D0-PF-ILMN-NOVASEQ-sent-sentd-INS_gt50	INS_gt50	I2-HG003-20x-7-D0-PF-ILMN-NOVASEQ	2799325643.0	2799325547.0	64.0	32.0	325.0	0.141280353200883	0.3333333333333333	0.9999998839006193	0.9103641456582633	0.08963585434173671	0.0896358543417367	HG003	ultima	-1	-2	sent	sentd
I2-HG003-20x-7-D0-PF-ILMN-NOVASEQ-sent-sentd-DEL_50	DEL_50	I2-HG003-20x-7-D0-PF-ILMN-NOVASEQ	2799325643.0	2799148135.0	590.0	176918.0	36299.0	0.9055883293876767	0.9966762061428217	0.9999870322942787	0.1702443988987745	0.8297556011012255	0.8297556011012255	HG003	ultima	-1	-2	sent	sentd
I2-HG003-20x-7-D0-PF-ILMN-NOVASEQ-sent-sentd-DEL_gt50	DEL_gt50	I2-HG003-20x-7-D0-PF-ILMN-NOVASEQ	2799325643.0	2799325555.0	34.0	54.0	596.0	0.14634146341463417	0.6136363636363636	0.9999997870916185	0.916923076923077	0.08307692307692305	0.08307692307692308	HG003	ultima	-1	-2	sent	sentd
I2-HG003-20x-7-D0-PF-ILMN-NOVASEQ-sent-sentd-Indel_50	Indel_50	I2-HG003-20x-7-D0-PF-ILMN-NOVASEQ	2799325643.0	2799308365.0	39.0	17239.0	2595.0	0.9290256520801897	0.9977427943048964	0.9999990729861609	0.13083593828778864	0.8691640617122114	0.8691640617122114	HG003	ultima	-1	-2	sent	sentd
I2-HG003-20x-7-D0-PF-ILMN-NOVASEQ-sent-sentd-Indel_gt50	Indel_gt50	I2-HG003-20x-7-D0-PF-ILMN-NOVASEQ	2799325643.0	2799324740.0	9.0	894.0	421.0	0.806131650135257	0.9900332225913622	0.9999998496066103	0.32015209125475286	0.6798479087452471	0.6798479087452471	HG003	ultima	-1	-2	sent	sentd
I2-HG003-20x-7-D0-PF-ILMN-NOVASEQ-sent-sentd-All	All	I2-HG003-20x-7-D0-PF-ILMN-NOVASEQ	2799325643.0	2795652801.0	7702.0	3665140.0	312794.0	0.9581093473394072	0.9979029862978043	0.9998881266634471	0.07863227494473261	0.9213677250552674	0.9213677250552674	HG003	ultima	-1	-2	sent	sentd
I2-HG003-20x-7-D0-PF-ILMN-NOVASEQ-sent-sentd-SNPts	SNPts	I2-HG003-20x-7-D0-PF-ILMN-NOVASEQ	2528531102.0	2526276509.0	10432.0	2244161.0	9346.0	0.9956127858743152	0.9953730008032492	0.9999963004978311	0.004147313498471494	0.9958526865015285	0.9958526865015285	HG003	giabHC	-1	-2	sent	sentd
I2-HG003-20x-7-D0-PF-ILMN-NOVASEQ-sent-sentd-SNPtv	SNPtv	I2-HG003-20x-7-D0-PF-ILMN-NOVASEQ	2528531102.0	2527459599.0	5587.0	1065916.0	4788.0	0.9951568639258485	0.9947858288777539	0.9999981056112899	0.0044718241456088706	0.9955281758543911	0.9955281758543911	HG003	giabHC	-1	-2	sent	sentd
I2-HG003-20x-7-D0-PF-ILMN-NOVASEQ-sent-sentd-INS_50	INS_50	I2-HG003-20x-7-D0-PF-ILMN-NOVASEQ	2528531102.0	2528302131.0	1132.0	227839.0	644.0	0.9961176424296213	0.9950561424809256	0.9999997452836715	0.0028185904421773175	0.9971814095578226	0.9971814095578226	HG003	giabHC	-1	-2	sent	sentd
I2-HG003-20x-7-D0-PF-ILMN-NOVASEQ-sent-sentd-INS_gt50	INS_gt50	I2-HG003-20x-7-D0-PF-ILMN-NOVASEQ	2528531102.0	2528531101.0	0.0	1.0	1.0	0.6666666666666666	1.0	0.9999999996045135	0.5	0.5	0.5	HG003	giabHC	-1	-2	sent	sentd
I2-HG003-20x-7-D0-PF-ILMN-NOVASEQ-sent-sentd-DEL_50	DEL_50	I2-HG003-20x-7-D0-PF-ILMN-NOVASEQ	2528531102.0	2528287871.0	1058.0	242173.0	545.0	0.9967012999306512	0.9956502255057949	0.99999978443915	0.002245404131543602	0.9977545958684564	0.9977545958684564	HG003	giabHC	-1	-2	sent	sentd
I2-HG003-20x-7-D0-PF-ILMN-NOVASEQ-sent-sentd-DEL_gt50	DEL_gt50	I2-HG003-20x-7-D0-PF-ILMN-NOVASEQ	2528531102.0	2528531102.0	0.0	0.0	3.0			0.9999999988135404	1.0	0.0	0.0	HG003	giabHC	-1	-2	sent	sentd
I2-HG003-20x-7-D0-PF-ILMN-NOVASEQ-sent-sentd-Indel_50	Indel_50	I2-HG003-20x-7-D0-PF-ILMN-NOVASEQ	2528531102.0	2528499143.0	120.0	31839.0	8.0	0.9979939190671724	0.9962451891485966	0.9999999968360678	0.0002512010550444312	0.9997487989449556	0.9997487989449556	HG003	giabHC	-1	-2	sent	sentd
I2-HG003-20x-7-D0-PF-ILMN-NOVASEQ-sent-sentd-Indel_gt50	Indel_gt50	I2-HG003-20x-7-D0-PF-ILMN-NOVASEQ	2528531102.0	2528530650.0	4.0	448.0	0.0	0.9955555555555555	0.9911504424778761	1.0	0.0	1.0	1.0	HG003	giabHC	-1	-2	sent	sentd
I2-HG003-20x-7-D0-PF-ILMN-NOVASEQ-sent-sentd-All	All	I2-HG003-20x-7-D0-PF-ILMN-NOVASEQ	2528531102.0	2524700392.0	18333.0	3812377.0	15335.0	0.9956037940975307	0.9952142031111726	0.9999939260488474	0.004006309774612092	0.9959936902253879	0.9959936902253879	HG003	giabHC	-1	-2	sent	sentd
I2-HG003-20x-7-D0-PF-ILMN-NOVASEQ-sent-sentd-SNPts	SNPts	I2-HG003-20x-7-D0-PF-ILMN-NOVASEQ	3088286401.0	3085964129.0	13705.0	2308567.0	328514.0	0.9309952326442582	0.9940984518609361	0.9998935570802902	0.12457486137134202	0.875425138628658	0.875425138628658	HG003	hg38	-1	-2	sent	sentd
I2-HG003-20x-7-D0-PF-ILMN-NOVASEQ-sent-sentd-SNPtv	SNPtv	I2-HG003-20x-7-D0-PF-ILMN-NOVASEQ	3088286401.0	3087179996.0	7348.0	1099057.0	226992.0	0.9036610764273446	0.9933586706495361	0.9999264781090144	0.17117919473563947	0.8288208052643605	0.8288208052643605	HG003	hg38	-1	-2	sent	sentd
I2-HG003-20x-7-D0-PF-ILMN-NOVASEQ-sent-sentd-INS_50	INS_50	I2-HG003-20x-7-D0-PF-ILMN-NOVASEQ	3088286401.0	3088030169.0	2418.0	253814.0	167478.0	0.7492398793253081	0.990563239564145	0.999945768367461	0.3975342517778643	0.6024657482221357	0.6024657482221357	HG003	hg38	-1	-2	sent	sentd
I2-HG003-20x-7-D0-PF-ILMN-NOVASEQ-sent-sentd-INS_gt50	INS_gt50	I2-HG003-20x-7-D0-PF-ILMN-NOVASEQ	3088286401.0	3088286166.0	155.0	80.0	1501.0	0.08810572687224669	0.3404255319148936	0.9999995139701473	0.9493991144845034	0.050600885515496574	0.05060088551549652	HG003	hg38	-1	-2	sent	sentd
I2-HG003-20x-7-D0-PF-ILMN-NOVASEQ-sent-sentd-DEL_50	DEL_50	I2-HG003-20x-7-D0-PF-ILMN-NOVASEQ	3088286401.0	3088016007.0	1927.0	268467.0	173836.0	0.7533832750804338	0.9928733625746133	0.9999437094191621	0.39302469121846334	0.6069753087815366	0.6069753087815366	HG003	hg38	-1	-2	sent	sentd
I2-HG003-20x-7-D0-PF-ILMN-NOVASEQ-sent-sentd-DEL_gt50	DEL_gt50	I2-HG003-20x-7-D0-PF-ILMN-NOVASEQ	3088286401.0	3088286264.0	56.0	81.0	1700.0	0.08446298227320126	0.5912408759124088	0.9999994495331977	0.9545199326221224	0.045480067377877575	0.045480067377877596	HG003	hg38	-1	-2	sent	sentd
I2-HG003-20x-7-D0-PF-ILMN-NOVASEQ-sent-sentd-Indel_50	Indel_50	I2-HG003-20x-7-D0-PF-ILMN-NOVASEQ	3088286401.0	3088244994.0	300.0	41107.0	37897.0	0.6827781514977868	0.9927548482140701	0.9999877287796042	0.47968457293301603	0.520315427066984	0.520315427066984	HG003	hg38	-1	-2	sent	sentd
I2-HG003-20x-7-D0-PF-ILMN-NOVASEQ-sent-sentd-Indel_gt50	Indel_gt50	I2-HG003-20x-7-D0-PF-ILMN-NOVASEQ	3088286401.0	3088284901.0	52.0	1448.0	1906.0	0.5966213432220848	0.9653333333333334	0.9999993828293422	0.5682766845557543	0.4317233154442457	0.4317233154442457	HG003	hg38	-1	-2	sent	sentd
I2-HG003-20x-7-D0-PF-ILMN-NOVASEQ-sent-sentd-All	All	I2-HG003-20x-7-D0-PF-ILMN-NOVASEQ	3088286401.0	3084287819.0	25961.0	3972621.0	939824.0	0.8916191141604666	0.9935074483904545	0.999695379366209	0.19131491548505886	0.8086850845149411	0.8086850845149411	HG003	hg38	-1	-2	sent	sentd
I2-HG003-20x-7-D0-PF-ILMN-NOVASEQ-sent-sentd-SNPts	SNPts	I2-HG003-20x-7-D0-PF-ILMN-NOVASEQ	332544085.0	332287265.0	454.0	256366.0	631.0	0.9978883532463892	0.9982322249046024	0.9999981010442824	0.0024552815791624026	0.9975447184208376	0.9975447184208376	HG003	giabHC_x_ultima_x_clinvar	-1	-2	sent	sentd
I2-HG003-20x-7-D0-PF-ILMN-NOVASEQ-sent-sentd-SNPtv	SNPtv	I2-HG003-20x-7-D0-PF-ILMN-NOVASEQ	332544085.0	332429489.0	258.0	114338.0	295.0	0.9975875652731547	0.9977486125170163	0.9999991125945562	0.002573429989619045	0.9974265700103809	0.9974265700103809	HG003	giabHC_x_ultima_x_clinvar	-1	-2	sent	sentd
I2-HG003-20x-7-D0-PF-ILMN-NOVASEQ-sent-sentd-INS_50	INS_50	I2-HG003-20x-7-D0-PF-ILMN-NOVASEQ	332544085.0	332526570.0	56.0	17459.0	42.0	0.9972012794151245	0.9968027405081359	0.9999998736943195	0.002399862864979144	0.9976001371350208	0.9976001371350208	HG003	giabHC_x_ultima_x_clinvar	-1	-2	sent	sentd
I2-HG003-20x-7-D0-PF-ILMN-NOVASEQ-sent-sentd-INS_gt50	INS_gt50	I2-HG003-20x-7-D0-PF-ILMN-NOVASEQ	332544085.0	332544085.0	0.0	0.0	0.0			1.0				HG003	giabHC_x_ultima_x_clinvar	-1	-2	sent	sentd
I2-HG003-20x-7-D0-PF-ILMN-NOVASEQ-sent-sentd-DEL_50	DEL_50	I2-HG003-20x-7-D0-PF-ILMN-NOVASEQ	332544085.0	332525149.0	61.0	18875.0	28.0	0.9976479293850261	0.996778622729193	0.9999999157958497	0.0014812463630111622	0.9985187536369888	0.9985187536369888	HG003	giabHC_x_ultima_x_clinvar	-1	-2	sent	sentd
I2-HG003-20x-7-D0-PF-ILMN-NOVASEQ-sent-sentd-DEL_gt50	DEL_gt50	I2-HG003-20x-7-D0-PF-ILMN-NOVASEQ	332544085.0	332544085.0	0.0	0.0	1.0			0.9999999969928799	1.0	0.0	0.0	HG003	giabHC_x_ultima_x_clinvar	-1	-2	sent	sentd
I2-HG003-20x-7-D0-PF-ILMN-NOVASEQ-sent-sentd-Indel_50	Indel_50	I2-HG003-20x-7-D0-PF-ILMN-NOVASEQ	332544085.0	332542798.0	3.0	1284.0	0.0	0.9988331388564761	0.9976689976689976	1.0	0.0	1.0	1.0	HG003	giabHC_x_ultima_x_clinvar	-1	-2	sent	sentd
I2-HG003-20x-7-D0-PF-ILMN-NOVASEQ-sent-sentd-Indel_gt50	Indel_gt50	I2-HG003-20x-7-D0-PF-ILMN-NOVASEQ	332544085.0	332544058.0	0.0	27.0	0.0	1.0	1.0	1.0	0.0	1.0	1.0	HG003	giabHC_x_ultima_x_clinvar	-1	-2	sent	sentd
I2-HG003-20x-7-D0-PF-ILMN-NOVASEQ-sent-sentd-All	All	I2-HG003-20x-7-D0-PF-ILMN-NOVASEQ	332544085.0	332134904.0	832.0	408349.0	997.0	0.9977654982670089	0.9979666700066718	0.9999969982167028	0.002435592383949031	0.9975644076160509	0.9975644076160509	HG003	giabHC_x_ultima_x_clinvar	-1	-2	sent	sentd
I2-HG003-20x-7-D0-PF-ILMN-NOVASEQ-sent-sentd-SNPts	SNPts	I2-HG003-20x-7-D0-PF-ILMN-NOVASEQ	377862616.0	377589442.0	2038.0	271136.0	36507.0	0.9336365843286267	0.9925395535446272	0.9999033249698632	0.11866676634930748	0.8813332336506925	0.8813332336506925	HG003	clinvar_genes	-1	-2	sent	sentd
I2-HG003-20x-7-D0-PF-ILMN-NOVASEQ-sent-sentd-SNPtv	SNPtv	I2-HG003-20x-7-D0-PF-ILMN-NOVASEQ	377862616.0	377738349.0	1023.0	123244.0	21553.0	0.9160943121339161	0.9917677259449411	0.999942945241446	0.14884976898692653	0.8511502310130734	0.8511502310130735	HG003	clinvar_genes	-1	-2	sent	sentd
I2-HG003-20x-7-D0-PF-ILMN-NOVASEQ-sent-sentd-INS_50	INS_50	I2-HG003-20x-7-D0-PF-ILMN-NOVASEQ	377862616.0	377833455.0	323.0	28838.0	18140.0	0.7575092922155532	0.9889235622921024	0.9999519917336858	0.3861381923453531	0.6138618076546469	0.6138618076546468	HG003	clinvar_genes	-1	-2	sent	sentd
I2-HG003-20x-7-D0-PF-ILMN-NOVASEQ-sent-sentd-INS_gt50	INS_gt50	I2-HG003-20x-7-D0-PF-ILMN-NOVASEQ	377862616.0	377862586.0	17.0	13.0	193.0	0.11016949152542374	0.43333333333333335	0.9999994892325714	0.9368932038834952	0.06310679611650483	0.06310679611650485	HG003	clinvar_genes	-1	-2	sent	sentd
I2-HG003-20x-7-D0-PF-ILMN-NOVASEQ-sent-sentd-DEL_50	DEL_50	I2-HG003-20x-7-D0-PF-ILMN-NOVASEQ	377862616.0	377831774.0	266.0	30576.0	18317.0	0.7669404903743651	0.9913753971856559	0.9999515231028487	0.37463440574315343	0.6253655942568466	0.6253655942568466	HG003	clinvar_genes	-1	-2	sent	sentd
I2-HG003-20x-7-D0-PF-ILMN-NOVASEQ-sent-sentd-DEL_gt50	DEL_gt50	I2-HG003-20x-7-D0-PF-ILMN-NOVASEQ	377862616.0	377862599.0	9.0	8.0	213.0	0.06722689075630253	0.47058823529411764	0.9999994363033534	0.9638009049773756	0.03619909502262442	0.03619909502262444	HG003	clinvar_genes	-1	-2	sent	sentd
I2-HG003-20x-7-D0-PF-ILMN-NOVASEQ-sent-sentd-Indel_50	Indel_50	I2-HG003-20x-7-D0-PF-ILMN-NOVASEQ	377862616.0	377858510.0	33.0	4073.0	4047.0	0.6662849664649109	0.9919629810034096	0.9999892897564868	0.4983990147783251	0.501600985221675	0.5016009852216748	HG003	clinvar_genes	-1	-2	sent	sentd
I2-HG003-20x-7-D0-PF-ILMN-NOVASEQ-sent-sentd-Indel_gt50	Indel_gt50	I2-HG003-20x-7-D0-PF-ILMN-NOVASEQ	377862616.0	377862461.0	4.0	151.0	210.0	0.5852713178294573	0.9741935483870968	0.9999994442425354	0.5817174515235457	0.4182825484764543	0.4182825484764543	HG003	clinvar_genes	-1	-2	sent	sentd
I2-HG003-20x-7-D0-PF-ILMN-NOVASEQ-sent-sentd-All	All	I2-HG003-20x-7-D0-PF-ILMN-NOVASEQ	377862616.0	377400864.0	3713.0	458039.0	99180.0	0.8990226414686973	0.9919588870216046	0.9997372715538014	0.1779910591706313	0.8220089408293687	0.8220089408293687	HG003	clinvar_genes	-1	-2	sent	sentd
I2-HG003-30x-8-D0-PF-ILMN-NOVASEQ-sent-sentd-SNPts	SNPts	I2-HG003-30x-8-D0-PF-ILMN-NOVASEQ	332544085.0	332287264.0	419.0	256402.0	229.0	0.9987379540833418	0.9983685134782592	0.999999310837739	0.0008923317915606455	0.9991076682084393	0.9991076682084393	HG003	giabHC_x_ultima_x_clinvar	-1	-2	sent	sentd
I2-HG003-30x-8-D0-PF-ILMN-NOVASEQ-sent-sentd-SNPtv	SNPtv	I2-HG003-30x-8-D0-PF-ILMN-NOVASEQ	332544085.0	332429490.0	253.0	114342.0	99.0	0.9984631237010775	0.9977922247916575	0.9999997021925747	0.0008650745799145412	0.9991349254200854	0.9991349254200854	HG003	giabHC_x_ultima_x_clinvar	-1	-2	sent	sentd
I2-HG003-30x-8-D0-PF-ILMN-NOVASEQ-sent-sentd-INS_50	INS_50	I2-HG003-30x-8-D0-PF-ILMN-NOVASEQ	332544085.0	332526581.0	40.0	17464.0	21.0	0.9982565949298351	0.9977148080438757	0.9999999368471578	0.001201029453817558	0.9987989705461825	0.9987989705461825	HG003	giabHC_x_ultima_x_clinvar	-1	-2	sent	sentd
I2-HG003-30x-8-D0-PF-ILMN-NOVASEQ-sent-sentd-INS_gt50	INS_gt50	I2-HG003-30x-8-D0-PF-ILMN-NOVASEQ	332544085.0	332544085.0	0.0	0.0	0.0			1.0				HG003	giabHC_x_ultima_x_clinvar	-1	-2	sent	sentd
I2-HG003-30x-8-D0-PF-ILMN-NOVASEQ-sent-sentd-DEL_50	DEL_50	I2-HG003-30x-8-D0-PF-ILMN-NOVASEQ	332544085.0	332525156.0	43.0	18886.0	15.0	0.998466825270949	0.9977283533203022	0.999999954890633	0.0007936088037669964	0.999206391196233	0.999206391196233	HG003	giabHC_x_ultima_x_clinvar	-1	-2	sent	sentd
I2-HG003-30x-8-D0-PF-ILMN-NOVASEQ-sent-sentd-DEL_gt50	DEL_gt50	I2-HG003-30x-8-D0-PF-ILMN-NOVASEQ	332544085.0	332544085.0	0.0	0.0	0.0			1.0				HG003	giabHC_x_ultima_x_clinvar	-1	-2	sent	sentd
I2-HG003-30x-8-D0-PF-ILMN-NOVASEQ-sent-sentd-Indel_50	Indel_50	I2-HG003-30x-8-D0-PF-ILMN-NOVASEQ	332544085.0	332542783.0	3.0	1299.0	0.0	0.9988465974625144	0.9976958525345622	1.0	0.0	1.0	1.0	HG003	giabHC_x_ultima_x_clinvar	-1	-2	sent	sentd
I2-HG003-30x-8-D0-PF-ILMN-NOVASEQ-sent-sentd-Indel_gt50	Indel_gt50	I2-HG003-30x-8-D0-PF-ILMN-NOVASEQ	332544085.0	332544054.0	0.0	31.0	0.0	1.0	1.0	1.0	0.0	1.0	1.0	HG003	giabHC_x_ultima_x_clinvar	-1	-2	sent	sentd
I2-HG003-30x-8-D0-PF-ILMN-NOVASEQ-sent-sentd-All	All	I2-HG003-30x-8-D0-PF-ILMN-NOVASEQ	332544085.0	332134903.0	758.0	408424.0	364.0	0.9986283115517685	0.9981475235958571	0.999998904060977	0.0008904370969793633	0.9991095629030207	0.9991095629030207	HG003	giabHC_x_ultima_x_clinvar	-1	-2	sent	sentd
I2-HG003-30x-8-D0-PF-ILMN-NOVASEQ-sent-sentd-SNPts	SNPts	I2-HG003-30x-8-D0-PF-ILMN-NOVASEQ	2528531102.0	2526276511.0	9621.0	2244970.0	4741.0	0.9968114926574638	0.9957327071739398	0.9999981233285106	0.002107381792594693	0.9978926182074053	0.9978926182074053	HG003	giabHC	-1	-2	sent	sentd
I2-HG003-30x-8-D0-PF-ILMN-NOVASEQ-sent-sentd-SNPtv	SNPtv	I2-HG003-30x-8-D0-PF-ILMN-NOVASEQ	2528531102.0	2527459610.0	5163.0	1066329.0	2477.0	0.9964304036166926	0.9951814852560729	0.9999990199655169	0.0023175393850708172	0.9976824606149292	0.9976824606149292	HG003	giabHC	-1	-2	sent	sentd
I2-HG003-30x-8-D0-PF-ILMN-NOVASEQ-sent-sentd-INS_50	INS_50	I2-HG003-30x-8-D0-PF-ILMN-NOVASEQ	2528531102.0	2528302347.0	744.0	228011.0	285.0	0.9977486101113444	0.996747612074053	0.9999998872761526	0.0012483792970529488	0.9987516207029471	0.9987516207029471	HG003	giabHC	-1	-2	sent	sentd
I2-HG003-30x-8-D0-PF-ILMN-NOVASEQ-sent-sentd-INS_gt50	INS_gt50	I2-HG003-30x-8-D0-PF-ILMN-NOVASEQ	2528531102.0	2528531101.0	0.0	1.0	1.0	0.6666666666666666	1.0	0.9999999996045135	0.5	0.5	0.5	HG003	giabHC	-1	-2	sent	sentd
I2-HG003-30x-8-D0-PF-ILMN-NOVASEQ-sent-sentd-DEL_50	DEL_50	I2-HG003-30x-8-D0-PF-ILMN-NOVASEQ	2528531102.0	2528288094.0	690.0	242318.0	302.0	0.9979572841763655	0.9971605873057677	0.9999998805516015	0.0012447448685186711	0.9987552551314813	0.9987552551314813	HG003	giabHC	-1	-2	sent	sentd
I2-HG003-30x-8-D0-PF-ILMN-NOVASEQ-sent-sentd-DEL_gt50	DEL_gt50	I2-HG003-30x-8-D0-PF-ILMN-NOVASEQ	2528531102.0	2528531102.0	0.0	0.0	1.0			0.9999999996045135	1.0	0.0	0.0	HG003	giabHC	-1	-2	sent	sentd
I2-HG003-30x-8-D0-PF-ILMN-NOVASEQ-sent-sentd-Indel_50	Indel_50	I2-HG003-30x-8-D0-PF-ILMN-NOVASEQ	2528531102.0	2528498707.0	83.0	32312.0	10.0	0.9985629741798908	0.9974378762154653	0.999999996045084	0.00030938679537157354	0.9996906132046284	0.9996906132046284	HG003	giabHC	-1	-2	sent	sentd
I2-HG003-30x-8-D0-PF-ILMN-NOVASEQ-sent-sentd-Indel_gt50	Indel_gt50	I2-HG003-30x-8-D0-PF-ILMN-NOVASEQ	2528531102.0	2528530637.0	3.0	462.0	1.0	0.9956896551724138	0.9935483870967742	0.9999999996045134	0.0021598272138228943	0.9978401727861771	0.9978401727861771	HG003	giabHC	-1	-2	sent	sentd
I2-HG003-30x-8-D0-PF-ILMN-NOVASEQ-sent-sentd-All	All	I2-HG003-30x-8-D0-PF-ILMN-NOVASEQ	2528531102.0	2524700395.0	16304.0	3814403.0	7818.0	0.9968480037967167	0.9957438666021703	0.9999969034045361	0.0020454076307989517	0.997954592369201	0.997954592369201	HG003	giabHC	-1	-2	sent	sentd
I2-HG003-30x-8-D0-PF-ILMN-NOVASEQ-sent-sentd-SNPts	SNPts	I2-HG003-30x-8-D0-PF-ILMN-NOVASEQ	688815815.0	688748096.0	2971.0	64748.0	310001.0	0.2926674923384289	0.9561275269865178	0.9995501090527059	0.8272230212755738	0.1727769787244262	0.1727769787244262	HG003	hg38_m_giabHC	-1	-2	sent	sentd
I2-HG003-30x-8-D0-PF-ILMN-NOVASEQ-sent-sentd-SNPtv	SNPtv	I2-HG003-30x-8-D0-PF-ILMN-NOVASEQ	688815815.0	688780906.0	1592.0	33317.0	220218.0	0.23101191219092784	0.9543957145721733	0.999680380782659	0.8685901354842527	0.13140986451574732	0.13140986451574732	HG003	hg38_m_giabHC	-1	-2	sent	sentd
I2-HG003-30x-8-D0-PF-ILMN-NOVASEQ-sent-sentd-INS_50	INS_50	I2-HG003-30x-8-D0-PF-ILMN-NOVASEQ	688815815.0	688788754.0	1036.0	26025.0	169337.0	0.23401356874064286	0.9617161228335982	0.9997542129162686	0.8667857618165252	0.13321423818347478	0.13321423818347478	HG003	hg38_m_giabHC	-1	-2	sent	sentd
I2-HG003-30x-8-D0-PF-ILMN-NOVASEQ-sent-sentd-INS_gt50	INS_gt50	I2-HG003-30x-8-D0-PF-ILMN-NOVASEQ	688815815.0	688815581.0	152.0	82.0	1645.0	0.08363080061193269	0.3504273504273504	0.9999976118483425	0.952518818760857	0.04748118123914302	0.04748118123914302	HG003	hg38_m_giabHC	-1	-2	sent	sentd
I2-HG003-30x-8-D0-PF-ILMN-NOVASEQ-sent-sentd-DEL_50	DEL_50	I2-HG003-30x-8-D0-PF-ILMN-NOVASEQ	688815815.0	688788645.0	689.0	26481.0	174217.0	0.23242403496761282	0.9746411483253589	0.9997471315079389	0.8680554863526293	0.1319445136473707	0.13194451364737067	HG003	hg38_m_giabHC	-1	-2	sent	sentd
I2-HG003-30x-8-D0-PF-ILMN-NOVASEQ-sent-sentd-DEL_gt50	DEL_gt50	I2-HG003-30x-8-D0-PF-ILMN-NOVASEQ	688815815.0	688815677.0	51.0	87.0	1714.0	0.08973697782362042	0.6304347826086957	0.9999975116772277	0.9516935036091061	0.048306496390893905	0.04830649639089395	HG003	hg38_m_giabHC	-1	-2	sent	sentd
I2-HG003-30x-8-D0-PF-ILMN-NOVASEQ-sent-sentd-Indel_50	Indel_50	I2-HG003-30x-8-D0-PF-ILMN-NOVASEQ	688815815.0	688806075.0	148.0	9592.0	41045.0	0.317736886562764	0.9848049281314168	0.9999404149356101	0.8105732962063313	0.18942670379366866	0.18942670379366866	HG003	hg38_m_giabHC	-1	-2	sent	sentd
I2-HG003-30x-8-D0-PF-ILMN-NOVASEQ-sent-sentd-Indel_gt50	Indel_gt50	I2-HG003-30x-8-D0-PF-ILMN-NOVASEQ	688815815.0	688814722.0	40.0	1053.0	2239.0	0.4802736602052451	0.9634034766697164	0.9999967494993202	0.6801336573511543	0.3198663426488457	0.31986634264884567	HG003	hg38_m_giabHC	-1	-2	sent	sentd
I2-HG003-30x-8-D0-PF-ILMN-NOVASEQ-sent-sentd-All	All	I2-HG003-30x-8-D0-PF-ILMN-NOVASEQ	688815815.0	688647751.0	6679.0	161385.0	920416.0	0.25824389034015677	0.9602591869763899	0.9986652284080857	0.8508182188775939	0.1491817811224061	0.14918178112240607	HG003	hg38_m_giabHC	-1	-2	sent	sentd
I2-HG003-30x-8-D0-PF-ILMN-NOVASEQ-sent-sentd-SNPts	SNPts	I2-HG003-30x-8-D0-PF-ILMN-NOVASEQ	337668665.0	337403162.0	1538.0	263965.0	714.0	0.9957524020053491	0.9942072217639726	0.9999978838417375	0.0026976072903403744	0.9973023927096596	0.9973023927096596	HG003	giabHC_x_clinvar_genes	-1	-2	sent	sentd
I2-HG003-30x-8-D0-PF-ILMN-NOVASEQ-sent-sentd-SNPtv	SNPtv	I2-HG003-30x-8-D0-PF-ILMN-NOVASEQ	337668665.0	337548460.0	749.0	119456.0	337.0	0.9954749622913526	0.9937689779959237	0.9999990016258301	0.0028131860793201608	0.9971868139206799	0.9971868139206799	HG003	giabHC_x_clinvar_genes	-1	-2	sent	sentd
I2-HG003-30x-8-D0-PF-ILMN-NOVASEQ-sent-sentd-INS_50	INS_50	I2-HG003-30x-8-D0-PF-ILMN-NOVASEQ	337668665.0	337642373.0	147.0	26145.0	59.0	0.996075891496495	0.994408945686901	0.9999998252589295	0.0022515646466188368	0.9977484353533812	0.9977484353533812	HG003	giabHC_x_clinvar_genes	-1	-2	sent	sentd
I2-HG003-30x-8-D0-PF-ILMN-NOVASEQ-sent-sentd-INS_gt50	INS_gt50	I2-HG003-30x-8-D0-PF-ILMN-NOVASEQ	337668665.0	337668665.0	0.0	0.0	0.0			1.0				HG003	giabHC_x_clinvar_genes	-1	-2	sent	sentd
I2-HG003-30x-8-D0-PF-ILMN-NOVASEQ-sent-sentd-DEL_50	DEL_50	I2-HG003-30x-8-D0-PF-ILMN-NOVASEQ	337668665.0	337640711.0	114.0	27840.0	57.0	0.9969382822151795	0.995921871646276	0.9999998311815237	0.0020432304548876224	0.9979567695451124	0.9979567695451124	HG003	giabHC_x_clinvar_genes	-1	-2	sent	sentd
I2-HG003-30x-8-D0-PF-ILMN-NOVASEQ-sent-sentd-DEL_gt50	DEL_gt50	I2-HG003-30x-8-D0-PF-ILMN-NOVASEQ	337668665.0	337668665.0	0.0	0.0	0.0			1.0				HG003	giabHC_x_clinvar_genes	-1	-2	sent	sentd
I2-HG003-30x-8-D0-PF-ILMN-NOVASEQ-sent-sentd-Indel_50	Indel_50	I2-HG003-30x-8-D0-PF-ILMN-NOVASEQ	337668665.0	337665443.0	8.0	3214.0	1.0	0.9986018331520895	0.9975170701427685	0.9999999970384887	0.00031104199066874026	0.9996889580093312	0.9996889580093312	HG003	giabHC_x_clinvar_genes	-1	-2	sent	sentd
I2-HG003-30x-8-D0-PF-ILMN-NOVASEQ-sent-sentd-Indel_gt50	Indel_gt50	I2-HG003-30x-8-D0-PF-ILMN-NOVASEQ	337668665.0	337668620.0	0.0	45.0	0.0	1.0	1.0	1.0	0.0	1.0	1.0	HG003	giabHC_x_clinvar_genes	-1	-2	sent	sentd
I2-HG003-30x-8-D0-PF-ILMN-NOVASEQ-sent-sentd-All	All	I2-HG003-30x-8-D0-PF-ILMN-NOVASEQ	337668665.0	337225444.0	2556.0	440665.0	1168.0	0.9957923471336213	0.994233125235492	0.9999965364536533	0.0026435327374822615	0.9973564672625177	0.9973564672625177	HG003	giabHC_x_clinvar_genes	-1	-2	sent	sentd
I2-HG003-30x-8-D0-PF-ILMN-NOVASEQ-sent-sentd-SNPts	SNPts	I2-HG003-30x-8-D0-PF-ILMN-NOVASEQ	377862616.0	377589439.0	2066.0	271111.0	33937.0	0.9377353106489689	0.992437137826391	0.9999101300338992	0.11125134405077233	0.8887486559492277	0.8887486559492277	HG003	clinvar_genes	-1	-2	sent	sentd
I2-HG003-30x-8-D0-PF-ILMN-NOVASEQ-sent-sentd-SNPtv	SNPtv	I2-HG003-30x-8-D0-PF-ILMN-NOVASEQ	377862616.0	377738349.0	1017.0	123250.0	20317.0	0.9203461845770141	0.9918160090772289	0.9999462169849996	0.14151580795029498	0.858484192049705	0.858484192049705	HG003	clinvar_genes	-1	-2	sent	sentd
I2-HG003-30x-8-D0-PF-ILMN-NOVASEQ-sent-sentd-INS_50	INS_50	I2-HG003-30x-8-D0-PF-ILMN-NOVASEQ	377862616.0	377833491.0	268.0	28857.0	18221.0	0.7573717570174403	0.9907982832618025	0.9999517773787405	0.3870385317982922	0.6129614682017078	0.6129614682017078	HG003	clinvar_genes	-1	-2	sent	sentd
I2-HG003-30x-8-D0-PF-ILMN-NOVASEQ-sent-sentd-INS_gt50	INS_gt50	I2-HG003-30x-8-D0-PF-ILMN-NOVASEQ	377862616.0	377862586.0	18.0	12.0	208.0	0.096	0.4	0.9999994495356428	0.9454545454545454	0.054545454545454564	0.05454545454545454	HG003	clinvar_genes	-1	-2	sent	sentd
I2-HG003-30x-8-D0-PF-ILMN-NOVASEQ-sent-sentd-DEL_50	DEL_50	I2-HG003-30x-8-D0-PF-ILMN-NOVASEQ	377862616.0	377831810.0	199.0	30607.0	18211.0	0.7687883050336582	0.9935402194377718	0.999951803628456	0.37303863329099923	0.6269613667090008	0.6269613667090008	HG003	clinvar_genes	-1	-2	sent	sentd
I2-HG003-30x-8-D0-PF-ILMN-NOVASEQ-sent-sentd-DEL_gt50	DEL_gt50	I2-HG003-30x-8-D0-PF-ILMN-NOVASEQ	377862616.0	377862598.0	8.0	10.0	212.0	0.08333333333333334	0.5555555555555556	0.9999994389498136	0.954954954954955	0.04504504504504503	0.04504504504504504	HG003	clinvar_genes	-1	-2	sent	sentd
I2-HG003-30x-8-D0-PF-ILMN-NOVASEQ-sent-sentd-Indel_50	Indel_50	I2-HG003-30x-8-D0-PF-ILMN-NOVASEQ	377862616.0	377858446.0	29.0	4141.0	4333.0	0.6550142360012654	0.9930455635491606	0.999988532874258	0.5113287703563842	0.48867122964361576	0.48867122964361576	HG003	clinvar_genes	-1	-2	sent	sentd
I2-HG003-30x-8-D0-PF-ILMN-NOVASEQ-sent-sentd-Indel_gt50	Indel_gt50	I2-HG003-30x-8-D0-PF-ILMN-NOVASEQ	377862616.0	377862453.0	4.0	159.0	242.0	0.5638297872340425	0.9754601226993865	0.9999993595557244	0.6034912718204489	0.3965087281795511	0.39650872817955113	HG003	clinvar_genes	-1	-2	sent	sentd
I2-HG003-30x-8-D0-PF-ILMN-NOVASEQ-sent-sentd-All	All	I2-HG003-30x-8-D0-PF-ILMN-NOVASEQ	377862616.0	377400860.0	3609.0	458147.0	95681.0	0.9022335917068406	0.9921841838546765	0.9997465380749012	0.17276302389911669	0.8272369761008833	0.8272369761008833	HG003	clinvar_genes	-1	-2	sent	sentd
I2-HG003-30x-8-D0-PF-ILMN-NOVASEQ-sent-sentd-SNPts	SNPts	I2-HG003-30x-8-D0-PF-ILMN-NOVASEQ	2505355380.0	2503152315.0	2589.0	2200476.0	2425.0	0.9988619975732904	0.9988248190589021	0.9999990312224964	0.001100821144481754	0.9988991788555183	0.9988991788555183	HG003	giabHC_x_ultima	-1	-2	sent	sentd
I2-HG003-30x-8-D0-PF-ILMN-NOVASEQ-sent-sentd-SNPtv	SNPtv	I2-HG003-30x-8-D0-PF-ILMN-NOVASEQ	2505355380.0	2504321008.0	1566.0	1032806.0	1314.0	0.9986076813446704	0.998486037905125	0.9999994753071566	0.0012706455730476154	0.9987293544269524	0.9987293544269524	HG003	giabHC_x_ultima	-1	-2	sent	sentd
I2-HG003-30x-8-D0-PF-ILMN-NOVASEQ-sent-sentd-INS_50	INS_50	I2-HG003-30x-8-D0-PF-ILMN-NOVASEQ	2505355380.0	2505201652.0	207.0	153521.0	119.0	0.9989393821087426	0.9986534658617818	0.9999999524988361	0.0007745378807602187	0.9992254621192398	0.9992254621192398	HG003	giabHC_x_ultima	-1	-2	sent	sentd
I2-HG003-30x-8-D0-PF-ILMN-NOVASEQ-sent-sentd-INS_gt50	INS_gt50	I2-HG003-30x-8-D0-PF-ILMN-NOVASEQ	2505355380.0	2505355380.0	0.0	0.0	0.0			1.0				HG003	giabHC_x_ultima	-1	-2	sent	sentd
I2-HG003-30x-8-D0-PF-ILMN-NOVASEQ-sent-sentd-DEL_50	DEL_50	I2-HG003-30x-8-D0-PF-ILMN-NOVASEQ	2505355380.0	2505190013.0	204.0	165163.0	111.0	0.9990473050831568	0.9987663802330574	0.9999999556919856	0.0006716119897866573	0.9993283880102134	0.9993283880102134	HG003	giabHC_x_ultima	-1	-2	sent	sentd
I2-HG003-30x-8-D0-PF-ILMN-NOVASEQ-sent-sentd-DEL_gt50	DEL_gt50	I2-HG003-30x-8-D0-PF-ILMN-NOVASEQ	2505355380.0	2505355380.0	0.0	0.0	1.0			0.9999999996008551	1.0	0.0	0.0	HG003	giabHC_x_ultima	-1	-2	sent	sentd
I2-HG003-30x-8-D0-PF-ILMN-NOVASEQ-sent-sentd-Indel_50	Indel_50	I2-HG003-30x-8-D0-PF-ILMN-NOVASEQ	2505355380.0	2505341398.0	16.0	13966.0	0.0	0.9994275082295692	0.9988556715777428	1.0	0.0	1.0	1.0	HG003	giabHC_x_ultima	-1	-2	sent	sentd
I2-HG003-30x-8-D0-PF-ILMN-NOVASEQ-sent-sentd-Indel_gt50	Indel_gt50	I2-HG003-30x-8-D0-PF-ILMN-NOVASEQ	2505355380.0	2505355018.0	0.0	362.0	0.0	1.0	1.0	1.0	0.0	1.0	1.0	HG003	giabHC_x_ultima	-1	-2	sent	sentd
I2-HG003-30x-8-D0-PF-ILMN-NOVASEQ-sent-sentd-All	All	I2-HG003-30x-8-D0-PF-ILMN-NOVASEQ	2505355380.0	2501784504.0	4582.0	3566294.0	3970.0	0.998802432104678	0.9987168414697122	0.9999984131352265	0.0011119625887609432	0.9988880374112391	0.9988880374112391	HG003	giabHC_x_ultima	-1	-2	sent	sentd
I2-HG003-30x-8-D0-PF-ILMN-NOVASEQ-sent-sentd-SNPts	SNPts	I2-HG003-30x-8-D0-PF-ILMN-NOVASEQ	2799325643.0	2797071535.0	3337.0	2250771.0	150005.0	0.9670578257159577	0.9985195917853094	0.9999463735718266	0.06248188085852241	0.9375181191414776	0.9375181191414775	HG003	ultima	-1	-2	sent	sentd
I2-HG003-30x-8-D0-PF-ILMN-NOVASEQ-sent-sentd-SNPtv	SNPtv	I2-HG003-30x-8-D0-PF-ILMN-NOVASEQ	2799325643.0	2798266981.0	1996.0	1056666.0	81649.0	0.9619272300074148	0.9981146012608368	0.9999708224346585	0.07172794876637838	0.9282720512336217	0.9282720512336217	HG003	ultima	-1	-2	sent	sentd
I2-HG003-30x-8-D0-PF-ILMN-NOVASEQ-sent-sentd-INS_50	INS_50	I2-HG003-30x-8-D0-PF-ILMN-NOVASEQ	2799325643.0	2799161550.0	374.0	163719.0	27455.0	0.9216673656714527	0.9977208046656469	0.9999901918020002	0.14361262514777115	0.8563873748522288	0.8563873748522288	HG003	ultima	-1	-2	sent	sentd
I2-HG003-30x-8-D0-PF-ILMN-NOVASEQ-sent-sentd-INS_gt50	INS_gt50	I2-HG003-30x-8-D0-PF-ILMN-NOVASEQ	2799325643.0	2799325547.0	61.0	35.0	357.0	0.1434426229508197	0.3645833333333333	0.9999998724692971	0.9107142857142857	0.0892857142857143	0.08928571428571429	HG003	ultima	-1	-2	sent	sentd
I2-HG003-30x-8-D0-PF-ILMN-NOVASEQ-sent-sentd-DEL_50	DEL_50	I2-HG003-30x-8-D0-PF-ILMN-NOVASEQ	2799325643.0	2799148350.0	387.0	176906.0	35886.0	0.90701257418255	0.997817172702814	0.9999871798363471	0.16864355802849731	0.8313564419715027	0.8313564419715027	HG003	ultima	-1	-2	sent	sentd
I2-HG003-30x-8-D0-PF-ILMN-NOVASEQ-sent-sentd-DEL_gt50	DEL_gt50	I2-HG003-30x-8-D0-PF-ILMN-NOVASEQ	2799325643.0	2799325554.0	34.0	55.0	598.0	0.14824797843665768	0.6179775280898876	0.9999997863771609	0.9157733537519143	0.08422664624808573	0.08422664624808576	HG003	ultima	-1	-2	sent	sentd
I2-HG003-30x-8-D0-PF-ILMN-NOVASEQ-sent-sentd-Indel_50	Indel_50	I2-HG003-30x-8-D0-PF-ILMN-NOVASEQ	2799325643.0	2799308055.0	26.0	17562.0	2631.0	0.9296736454831793	0.998521719354105	0.9999990601257612	0.130292675679691	0.8697073243203091	0.8697073243203091	HG003	ultima	-1	-2	sent	sentd
I2-HG003-30x-8-D0-PF-ILMN-NOVASEQ-sent-sentd-Indel_gt50	Indel_gt50	I2-HG003-30x-8-D0-PF-ILMN-NOVASEQ	2799325643.0	2799324713.0	9.0	921.0	459.0	0.7974025974025974	0.9903225806451613	0.9999998360319107	0.33260869565217394	0.6673913043478261	0.6673913043478261	HG003	ultima	-1	-2	sent	sentd
I2-HG003-30x-8-D0-PF-ILMN-NOVASEQ-sent-sentd-All	All	I2-HG003-30x-8-D0-PF-ILMN-NOVASEQ	2799325643.0	2795652784.0	6224.0	3666635.0	299040.0	0.9600363106323805	0.9983054073134853	0.999893045367437	0.07540708706588412	0.9245929129341159	0.9245929129341158	HG003	ultima	-1	-2	sent	sentd
I2-HG003-30x-8-D0-PF-ILMN-NOVASEQ-sent-sentd-SNPts	SNPts	I2-HG003-30x-8-D0-PF-ILMN-NOVASEQ	3088286401.0	3085964128.0	12592.0	2309681.0	314742.0	0.9338277508866524	0.9945777262190966	0.9998980189369602	0.11992807561890748	0.8800719243810925	0.8800719243810925	HG003	hg38	-1	-2	sent	sentd
I2-HG003-30x-8-D0-PF-ILMN-NOVASEQ-sent-sentd-SNPtv	SNPtv	I2-HG003-30x-8-D0-PF-ILMN-NOVASEQ	3088286401.0	3087180015.0	6755.0	1099631.0	222695.0	0.9055260566094292	0.9938945359033827	0.9999278697918873	0.16841157173042048	0.8315884282695796	0.8315884282695795	HG003	hg38	-1	-2	sent	sentd
I2-HG003-30x-8-D0-PF-ILMN-NOVASEQ-sent-sentd-INS_50	INS_50	I2-HG003-30x-8-D0-PF-ILMN-NOVASEQ	3088286401.0	3088030515.0	1782.0	254104.0	169622.0	0.747791386850144	0.9930359613265283	0.999945074155665	0.40031057806223835	0.5996894219377616	0.5996894219377616	HG003	hg38	-1	-2	sent	sentd
I2-HG003-30x-8-D0-PF-ILMN-NOVASEQ-sent-sentd-INS_gt50	INS_gt50	I2-HG003-30x-8-D0-PF-ILMN-NOVASEQ	3088286401.0	3088286166.0	152.0	83.0	1646.0	0.0845213849287169	0.35319148936170214	0.9999994670185876	0.9519953730480046	0.048004626951995366	0.04800462695199537	HG003	hg38	-1	-2	sent	sentd
I2-HG003-30x-8-D0-PF-ILMN-NOVASEQ-sent-sentd-DEL_50	DEL_50	I2-HG003-30x-8-D0-PF-ILMN-NOVASEQ	3088286401.0	3088016422.0	1371.0	268608.0	174514.0	0.7533519094770588	0.9949218272532309	0.9999434898930744	0.39382833621440594	0.6061716637855941	0.6061716637855941	HG003	hg38	-1	-2	sent	sentd
I2-HG003-30x-8-D0-PF-ILMN-NOVASEQ-sent-sentd-DEL_gt50	DEL_gt50	I2-HG003-30x-8-D0-PF-ILMN-NOVASEQ	3088286401.0	3088286263.0	51.0	87.0	1715.0	0.08969072164948455	0.6304347826086957	0.9999994446761402	0.9517203107658158	0.04827968923418424	0.04827968923418424	HG003	hg38	-1	-2	sent	sentd
I2-HG003-30x-8-D0-PF-ILMN-NOVASEQ-sent-sentd-Indel_50	Indel_50	I2-HG003-30x-8-D0-PF-ILMN-NOVASEQ	3088286401.0	3088244267.0	230.0	41904.0	41055.0	0.6699655456340482	0.9945412256135188	0.9999867062153527	0.49488301450113914	0.5051169854988609	0.5051169854988609	HG003	hg38	-1	-2	sent	sentd
I2-HG003-30x-8-D0-PF-ILMN-NOVASEQ-sent-sentd-Indel_gt50	Indel_gt50	I2-HG003-30x-8-D0-PF-ILMN-NOVASEQ	3088286401.0	3088284846.0	41.0	1514.0	2240.0	0.5703522320587682	0.9736334405144694	0.9999992746788308	0.5966968566862014	0.4033031433137986	0.40330314331379863	HG003	hg38	-1	-2	sent	sentd
I2-HG003-30x-8-D0-PF-ILMN-NOVASEQ-sent-sentd-All	All	I2-HG003-30x-8-D0-PF-ILMN-NOVASEQ	3088286401.0	3084287815.0	22974.0	3975612.0	928229.0	0.8931523954085779	0.9942544689547755	0.9996991364666973	0.18928611266148312	0.8107138873385169	0.8107138873385169	HG003	hg38	-1	-2	sent	sentd
I2-HG003-3x-2-D0-PF-ILMN-NOVASEQ-sent-sentd-SNPts	SNPts	I2-HG003-3x-2-D0-PF-ILMN-NOVASEQ	2505355380.0	2503152241.0	780154.0	1422985.0	9806.0	0.7827350911596207	0.645889796331507	0.9999960825548583	0.006843984921736666	0.9931560150782633	0.9931560150782633	HG003	giabHC_x_ultima	-1	-2	sent	sentd
I2-HG003-3x-2-D0-PF-ILMN-NOVASEQ-sent-sentd-SNPtv	SNPtv	I2-HG003-3x-2-D0-PF-ILMN-NOVASEQ	2505355380.0	2504320830.0	368892.0	665658.0	5300.0	0.7805979215576825	0.6434275772074816	0.999997883662221	0.007899153151165945	0.992100846848834	0.992100846848834	HG003	giabHC_x_ultima	-1	-2	sent	sentd
I2-HG003-3x-2-D0-PF-ILMN-NOVASEQ-sent-sentd-INS_50	INS_50	I2-HG003-3x-2-D0-PF-ILMN-NOVASEQ	2505355380.0	2505199139.0	51021.0	105220.0	1712.0	0.799626101461776	0.6734467905351348	0.9999993166216595	0.01601017469045749	0.9839898253095425	0.9839898253095425	HG003	giabHC_x_ultima	-1	-2	sent	sentd
I2-HG003-3x-2-D0-PF-ILMN-NOVASEQ-sent-sentd-INS_gt50	INS_gt50	I2-HG003-3x-2-D0-PF-ILMN-NOVASEQ	2505355380.0	2505355380.0	0.0	0.0	0.0			1.0				HG003	giabHC_x_ultima	-1	-2	sent	sentd
I2-HG003-3x-2-D0-PF-ILMN-NOVASEQ-sent-sentd-DEL_50	DEL_50	I2-HG003-3x-2-D0-PF-ILMN-NOVASEQ	2505355380.0	2505186631.0	57066.0	111683.0	1929.0	0.7910653383434681	0.6618291071354497	0.9999992299980804	0.016978840263352463	0.9830211597366475	0.9830211597366475	HG003	giabHC_x_ultima	-1	-2	sent	sentd
I2-HG003-3x-2-D0-PF-ILMN-NOVASEQ-sent-sentd-DEL_gt50	DEL_gt50	I2-HG003-3x-2-D0-PF-ILMN-NOVASEQ	2505355380.0	2505355380.0	0.0	0.0	44.0			0.9999999824376216	1.0	0.0	0.0	HG003	giabHC_x_ultima	-1	-2	sent	sentd
I2-HG003-3x-2-D0-PF-ILMN-NOVASEQ-sent-sentd-Indel_50	Indel_50	I2-HG003-3x-2-D0-PF-ILMN-NOVASEQ	2505355380.0	2505347487.0	2617.0	5276.0	7.0	0.8008500303582271	0.6684403902191816	0.9999999972059764	0.0013250047321597578	0.9986749952678402	0.9986749952678402	HG003	giabHC_x_ultima	-1	-2	sent	sentd
I2-HG003-3x-2-D0-PF-ILMN-NOVASEQ-sent-sentd-Indel_gt50	Indel_gt50	I2-HG003-3x-2-D0-PF-ILMN-NOVASEQ	2505355380.0	2505355181.0	90.0	109.0	0.0	0.7077922077922079	0.5477386934673367	1.0	0.0	1.0	1.0	HG003	giabHC_x_ultima	-1	-2	sent	sentd
I2-HG003-3x-2-D0-PF-ILMN-NOVASEQ-sent-sentd-All	All	I2-HG003-3x-2-D0-PF-ILMN-NOVASEQ	2505355380.0	2501784609.0	1259840.0	2310931.0	18798.0	0.783300059317007	0.647179838751911	0.9999924862201612	0.008068749627102552	0.9919312503728974	0.9919312503728974	HG003	giabHC_x_ultima	-1	-2	sent	sentd
I2-HG003-3x-2-D0-PF-ILMN-NOVASEQ-sent-sentd-SNPts	SNPts	I2-HG003-3x-2-D0-PF-ILMN-NOVASEQ	2528531102.0	2526276148.0	807996.0	1446958.0	13288.0	0.7789394918173989	0.6416796085419038	0.9999947401117977	0.009099836602873763	0.9909001633971263	0.9909001633971263	HG003	giabHC	-1	-2	sent	sentd
I2-HG003-3x-2-D0-PF-ILMN-NOVASEQ-sent-sentd-SNPtv	SNPtv	I2-HG003-3x-2-D0-PF-ILMN-NOVASEQ	2528531102.0	2527459018.0	387427.0	684657.0	7276.0	0.7762476211963945	0.6386225333089571	0.9999971212276827	0.01051546898326861	0.9894845310167314	0.9894845310167314	HG003	giabHC	-1	-2	sent	sentd
I2-HG003-3x-2-D0-PF-ILMN-NOVASEQ-sent-sentd-INS_50	INS_50	I2-HG003-3x-2-D0-PF-ILMN-NOVASEQ	2528531102.0	2528295109.0	73315.0	162678.0	6318.0	0.803369968073207	0.6893340056696597	0.9999975010890978	0.03738550024852659	0.9626144997514734	0.9626144997514734	HG003	giabHC	-1	-2	sent	sentd
I2-HG003-3x-2-D0-PF-ILMN-NOVASEQ-sent-sentd-INS_gt50	INS_gt50	I2-HG003-3x-2-D0-PF-ILMN-NOVASEQ	2528531102.0	2528531101.0	1.0	0.0	0.0		0.0	1.0				HG003	giabHC	-1	-2	sent	sentd
I2-HG003-3x-2-D0-PF-ILMN-NOVASEQ-sent-sentd-DEL_50	DEL_50	I2-HG003-3x-2-D0-PF-ILMN-NOVASEQ	2528531102.0	2528280708.0	78410.0	171984.0	4778.0	0.8052514772120724	0.6868535188542857	0.9999981101817709	0.02703069664294362	0.9729693033570563	0.9729693033570563	HG003	giabHC	-1	-2	sent	sentd
I2-HG003-3x-2-D0-PF-ILMN-NOVASEQ-sent-sentd-DEL_gt50	DEL_gt50	I2-HG003-3x-2-D0-PF-ILMN-NOVASEQ	2528531102.0	2528531102.0	0.0	0.0	45.0			0.9999999822031063	1.0	0.0	0.0	HG003	giabHC	-1	-2	sent	sentd
I2-HG003-3x-2-D0-PF-ILMN-NOVASEQ-sent-sentd-Indel_50	Indel_50	I2-HG003-3x-2-D0-PF-ILMN-NOVASEQ	2528531102.0	2528513472.0	5644.0	11986.0	29.0	0.808635520323832	0.6798638684061259	0.9999999885308107	0.0024136496046608404	0.9975863503953392	0.9975863503953392	HG003	giabHC	-1	-2	sent	sentd
I2-HG003-3x-2-D0-PF-ILMN-NOVASEQ-sent-sentd-Indel_gt50	Indel_gt50	I2-HG003-3x-2-D0-PF-ILMN-NOVASEQ	2528531102.0	2528530833.0	134.0	135.0	0.0	0.6683168316831682	0.5018587360594795	1.0	0.0	1.0	1.0	HG003	giabHC	-1	-2	sent	sentd
I2-HG003-3x-2-D0-PF-ILMN-NOVASEQ-sent-sentd-All	All	I2-HG003-3x-2-D0-PF-ILMN-NOVASEQ	2528531102.0	2524699777.0	1352927.0	2478398.0	31734.0	0.7816493906684222	0.6468775162639557	0.9999874307426901	0.012642363031107528	0.9873576369688924	0.9873576369688924	HG003	giabHC	-1	-2	sent	sentd
I2-HG003-3x-2-D0-PF-ILMN-NOVASEQ-sent-sentd-SNPts	SNPts	I2-HG003-3x-2-D0-PF-ILMN-NOVASEQ	3088286401.0	3085963502.0	838704.0	1484195.0	234236.0	0.7345081940846205	0.6389408235140658	0.9999241020764431	0.13630806241274745	0.8636919375872525	0.8636919375872526	HG003	hg38	-1	-2	sent	sentd
I2-HG003-3x-2-D0-PF-ILMN-NOVASEQ-sent-sentd-SNPtv	SNPtv	I2-HG003-3x-2-D0-PF-ILMN-NOVASEQ	3088286401.0	3087179178.0	403133.0	704090.0	156791.0	0.7155008068679297	0.6359062266589477	0.99994921479179	0.18212854041383186	0.8178714595861681	0.8178714595861681	HG003	hg38	-1	-2	sent	sentd
I2-HG003-3x-2-D0-PF-ILMN-NOVASEQ-sent-sentd-INS_50	INS_50	I2-HG003-3x-2-D0-PF-ILMN-NOVASEQ	3088286401.0	3088021456.0	84233.0	180712.0	112342.0	0.6477144224272804	0.6820736379248523	0.9999636213948785	0.3833491438437967	0.6166508561562033	0.6166508561562033	HG003	hg38	-1	-2	sent	sentd
I2-HG003-3x-2-D0-PF-ILMN-NOVASEQ-sent-sentd-INS_gt50	INS_gt50	I2-HG003-3x-2-D0-PF-ILMN-NOVASEQ	3088286401.0	3088286163.0	213.0	25.0	443.0	0.0708215297450425	0.10504201680672269	0.9999998565547643	0.9465811965811965	0.05341880341880345	0.053418803418803416	HG003	hg38	-1	-2	sent	sentd
I2-HG003-3x-2-D0-PF-ILMN-NOVASEQ-sent-sentd-DEL_50	DEL_50	I2-HG003-3x-2-D0-PF-ILMN-NOVASEQ	3088286401.0	3088006823.0	88620.0	190958.0	115939.0	0.651205933756767	0.6830222692772678	0.9999624564795718	0.37777821223407204	0.622221787765928	0.622221787765928	HG003	hg38	-1	-2	sent	sentd
I2-HG003-3x-2-D0-PF-ILMN-NOVASEQ-sent-sentd-DEL_gt50	DEL_gt50	I2-HG003-3x-2-D0-PF-ILMN-NOVASEQ	3088286401.0	3088286263.0	95.0	43.0	918.0	0.07825295723384894	0.3115942028985507	0.9999997027478514	0.9552549427679501	0.04474505723204991	0.044745057232049947	HG003	hg38	-1	-2	sent	sentd
I2-HG003-3x-2-D0-PF-ILMN-NOVASEQ-sent-sentd-Indel_50	Indel_50	I2-HG003-3x-2-D0-PF-ILMN-NOVASEQ	3088286401.0	3088263179.0	8462.0	14760.0	9140.0	0.626458978820933	0.6356041684609423	0.9999970404164349	0.38242677824267785	0.6175732217573222	0.6175732217573222	HG003	hg38	-1	-2	sent	sentd
I2-HG003-3x-2-D0-PF-ILMN-NOVASEQ-sent-sentd-Indel_gt50	Indel_gt50	I2-HG003-3x-2-D0-PF-ILMN-NOVASEQ	3088286401.0	3088285428.0	599.0	374.0	317.0	0.4495192307692308	0.38437821171634123	0.9999998973540578	0.45875542691751087	0.5412445730824891	0.5412445730824892	HG003	hg38	-1	-2	sent	sentd
I2-HG003-3x-2-D0-PF-ILMN-NOVASEQ-sent-sentd-All	All	I2-HG003-3x-2-D0-PF-ILMN-NOVASEQ	3088286401.0	3084287185.0	1424059.0	2575157.0	630126.0	0.7148746914948562	0.6439154574296562	0.9997957397438975	0.1965898174981741	0.8034101825018258	0.8034101825018259	HG003	hg38	-1	-2	sent	sentd
I2-HG003-3x-2-D0-PF-ILMN-NOVASEQ-sent-sentd-SNPts	SNPts	I2-HG003-3x-2-D0-PF-ILMN-NOVASEQ	332544085.0	332287242.0	85620.0	171223.0	1727.0	0.7967696076948672	0.6666446039019946	0.9999948027164273	0.00998554495518936	0.9900144550448107	0.9900144550448107	HG003	giabHC_x_ultima_x_clinvar	-1	-2	sent	sentd
I2-HG003-3x-2-D0-PF-ILMN-NOVASEQ-sent-sentd-SNPtv	SNPtv	I2-HG003-3x-2-D0-PF-ILMN-NOVASEQ	332544085.0	332429475.0	38374.0	76236.0	992.0	0.7947956087949206	0.6651775586772533	0.9999970159173166	0.012845082094577097	0.9871549179054229	0.9871549179054229	HG003	giabHC_x_ultima_x_clinvar	-1	-2	sent	sentd
I2-HG003-3x-2-D0-PF-ILMN-NOVASEQ-sent-sentd-INS_50	INS_50	I2-HG003-3x-2-D0-PF-ILMN-NOVASEQ	332544085.0	332526367.0	5426.0	12292.0	208.0	0.8135548348666358	0.6937577604695789	0.9999993744860843	0.01664	0.98336	0.98336	HG003	giabHC_x_ultima_x_clinvar	-1	-2	sent	sentd
I2-HG003-3x-2-D0-PF-ILMN-NOVASEQ-sent-sentd-INS_gt50	INS_gt50	I2-HG003-3x-2-D0-PF-ILMN-NOVASEQ	332544085.0	332544085.0	0.0	0.0	0.0			1.0				HG003	giabHC_x_ultima_x_clinvar	-1	-2	sent	sentd
I2-HG003-3x-2-D0-PF-ILMN-NOVASEQ-sent-sentd-DEL_50	DEL_50	I2-HG003-3x-2-D0-PF-ILMN-NOVASEQ	332544085.0	332524848.0	6316.0	12921.0	222.0	0.7980852378011118	0.6716743775016895	0.9999993323811646	0.016891120748687514	0.9831088792513125	0.9831088792513125	HG003	giabHC_x_ultima_x_clinvar	-1	-2	sent	sentd
I2-HG003-3x-2-D0-PF-ILMN-NOVASEQ-sent-sentd-DEL_gt50	DEL_gt50	I2-HG003-3x-2-D0-PF-ILMN-NOVASEQ	332544085.0	332544085.0	0.0	0.0	9.0			0.9999999729359199	1.0	0.0	0.0	HG003	giabHC_x_ultima_x_clinvar	-1	-2	sent	sentd
I2-HG003-3x-2-D0-PF-ILMN-NOVASEQ-sent-sentd-Indel_50	Indel_50	I2-HG003-3x-2-D0-PF-ILMN-NOVASEQ	332544085.0	332543341.0	249.0	495.0	1.0	0.7983870967741936	0.6653225806451613	0.9999999969928732	0.0020161290322580645	0.9979838709677419	0.9979838709677419	HG003	giabHC_x_ultima_x_clinvar	-1	-2	sent	sentd
I2-HG003-3x-2-D0-PF-ILMN-NOVASEQ-sent-sentd-Indel_gt50	Indel_gt50	I2-HG003-3x-2-D0-PF-ILMN-NOVASEQ	332544085.0	332544068.0	8.0	9.0	0.0	0.6923076923076924	0.5294117647058824	1.0	0.0	1.0	1.0	HG003	giabHC_x_ultima_x_clinvar	-1	-2	sent	sentd
I2-HG003-3x-2-D0-PF-ILMN-NOVASEQ-sent-sentd-All	All	I2-HG003-3x-2-D0-PF-ILMN-NOVASEQ	332544085.0	332134916.0	135993.0	273176.0	3159.0	0.7970077490430398	0.6676361112400988	0.9999904888953186	0.011431776647909241	0.9885682233520907	0.9885682233520907	HG003	giabHC_x_ultima_x_clinvar	-1	-2	sent	sentd
I2-HG003-3x-2-D0-PF-ILMN-NOVASEQ-sent-sentd-SNPts	SNPts	I2-HG003-3x-2-D0-PF-ILMN-NOVASEQ	688815815.0	688747854.0	30708.0	37253.0	220948.0	0.22843249673475144	0.5481526169420697	0.999679306233666	0.8557209305928327	0.14427906940716728	0.14427906940716728	HG003	hg38_m_giabHC	-1	-2	sent	sentd
I2-HG003-3x-2-D0-PF-ILMN-NOVASEQ-sent-sentd-SNPtv	SNPtv	I2-HG003-3x-2-D0-PF-ILMN-NOVASEQ	688815815.0	688780671.0	15706.0	19438.0	149515.0	0.19047805700230772	0.553095834281812	0.9997829751068564	0.8849502524370683	0.11504974756293174	0.11504974756293171	HG003	hg38_m_giabHC	-1	-2	sent	sentd
I2-HG003-3x-2-D0-PF-ILMN-NOVASEQ-sent-sentd-INS_50	INS_50	I2-HG003-3x-2-D0-PF-ILMN-NOVASEQ	688815815.0	688786938.0	10888.0	17989.0	106023.0	0.2353210499120277	0.6229525227689857	0.9998460965549044	0.8549414572783279	0.14505854272167207	0.1450585427216721	HG003	hg38_m_giabHC	-1	-2	sent	sentd
I2-HG003-3x-2-D0-PF-ILMN-NOVASEQ-sent-sentd-INS_gt50	INS_gt50	I2-HG003-3x-2-D0-PF-ILMN-NOVASEQ	688815815.0	688815578.0	212.0	25.0	443.0	0.07092198581560284	0.10548523206751055	0.9999993568674559	0.9465811965811965	0.05341880341880345	0.053418803418803416	HG003	hg38_m_giabHC	-1	-2	sent	sentd
I2-HG003-3x-2-D0-PF-ILMN-NOVASEQ-sent-sentd-DEL_50	DEL_50	I2-HG003-3x-2-D0-PF-ILMN-NOVASEQ	688815815.0	688786438.0	10297.0	19080.0	111171.0	0.23905580474603452	0.6494876944548457	0.9998386247846593	0.8535136006633346	0.1464863993366654	0.14648639933666535	HG003	hg38_m_giabHC	-1	-2	sent	sentd
I2-HG003-3x-2-D0-PF-ILMN-NOVASEQ-sent-sentd-DEL_gt50	DEL_gt50	I2-HG003-3x-2-D0-PF-ILMN-NOVASEQ	688815815.0	688815677.0	95.0	43.0	873.0	0.08159392789373814	0.3115942028985507	0.9999987326088492	0.9530567685589519	0.04694323144104806	0.04694323144104803	HG003	hg38_m_giabHC	-1	-2	sent	sentd
I2-HG003-3x-2-D0-PF-ILMN-NOVASEQ-sent-sentd-Indel_50	Indel_50	I2-HG003-3x-2-D0-PF-ILMN-NOVASEQ	688815815.0	688810222.0	2819.0	2774.0	9111.0	0.3174276232978602	0.4959771142499553	0.9999867730193339	0.766596550273454	0.23340344972654603	0.23340344972654606	HG003	hg38_m_giabHC	-1	-2	sent	sentd
I2-HG003-3x-2-D0-PF-ILMN-NOVASEQ-sent-sentd-Indel_gt50	Indel_gt50	I2-HG003-3x-2-D0-PF-ILMN-NOVASEQ	688815815.0	688815109.0	467.0	239.0	317.0	0.3787638668779715	0.3385269121813031	0.999999539789633	0.5701438848920863	0.42985611510791366	0.42985611510791366	HG003	hg38_m_giabHC	-1	-2	sent	sentd
I2-HG003-3x-2-D0-PF-ILMN-NOVASEQ-sent-sentd-All	All	I2-HG003-3x-2-D0-PF-ILMN-NOVASEQ	688815815.0	688647782.0	71192.0	96841.0	598401.0	0.22435724421534275	0.5763213178363774	0.9991318036794989	0.8607089330046228	0.1392910669953772	0.13929106699537716	HG003	hg38_m_giabHC	-1	-2	sent	sentd
I2-HG003-3x-2-D0-PF-ILMN-NOVASEQ-sent-sentd-SNPts	SNPts	I2-HG003-3x-2-D0-PF-ILMN-NOVASEQ	377862616.0	377589370.0	93280.0	179966.0	28510.0	0.7471778328579555	0.6586226330852053	0.999924500397068	0.13675435062069494	0.863245649379305	0.863245649379305	HG003	clinvar_genes	-1	-2	sent	sentd
I2-HG003-3x-2-D0-PF-ILMN-NOVASEQ-sent-sentd-SNPtv	SNPtv	I2-HG003-3x-2-D0-PF-ILMN-NOVASEQ	377862616.0	377738267.0	42650.0	81699.0	16697.0	0.733565287660778	0.6570137274927824	0.9999557993895747	0.16969185739257694	0.830308142607423	0.830308142607423	HG003	clinvar_genes	-1	-2	sent	sentd
I2-HG003-3x-2-D0-PF-ILMN-NOVASEQ-sent-sentd-INS_50	INS_50	I2-HG003-3x-2-D0-PF-ILMN-NOVASEQ	377862616.0	377832575.0	9168.0	20873.0	12608.0	0.6571896350870565	0.6948170833194633	0.9999666318360872	0.3765717869836624	0.6234282130163376	0.6234282130163377	HG003	clinvar_genes	-1	-2	sent	sentd
I2-HG003-3x-2-D0-PF-ILMN-NOVASEQ-sent-sentd-INS_gt50	INS_gt50	I2-HG003-3x-2-D0-PF-ILMN-NOVASEQ	377862616.0	377862586.0	28.0	2.0	61.0	0.04301075268817204	0.06666666666666667	0.9999998385656786	0.9682539682539683	0.031746031746031744	0.031746031746031744	HG003	clinvar_genes	-1	-2	sent	sentd
I2-HG003-3x-2-D0-PF-ILMN-NOVASEQ-sent-sentd-DEL_50	DEL_50	I2-HG003-3x-2-D0-PF-ILMN-NOVASEQ	377862616.0	377830874.0	9802.0	21940.0	12708.0	0.6609429130893207	0.691197782118329	0.9999663670349176	0.3667744169937659	0.6332255830062341	0.6332255830062341	HG003	clinvar_genes	-1	-2	sent	sentd
I2-HG003-3x-2-D0-PF-ILMN-NOVASEQ-sent-sentd-DEL_gt50	DEL_gt50	I2-HG003-3x-2-D0-PF-ILMN-NOVASEQ	377862616.0	377862598.0	14.0	4.0	133.0	0.051612903225806445	0.2222222222222222	0.9999996480203284	0.9708029197080292	0.029197080291970767	0.029197080291970802	HG003	clinvar_genes	-1	-2	sent	sentd
I2-HG003-3x-2-D0-PF-ILMN-NOVASEQ-sent-sentd-Indel_50	Indel_50	I2-HG003-3x-2-D0-PF-ILMN-NOVASEQ	377862616.0	377860348.0	832.0	1436.0	1044.0	0.6048862679022746	0.6331569664902998	0.9999972370821097	0.42096774193548386	0.5790322580645162	0.5790322580645161	HG003	clinvar_genes	-1	-2	sent	sentd
I2-HG003-3x-2-D0-PF-ILMN-NOVASEQ-sent-sentd-Indel_gt50	Indel_gt50	I2-HG003-3x-2-D0-PF-ILMN-NOVASEQ	377862616.0	377862499.0	72.0	45.0	38.0	0.44999999999999996	0.38461538461538464	0.9999998994343279	0.4578313253012048	0.5421686746987953	0.5421686746987951	HG003	clinvar_genes	-1	-2	sent	sentd
I2-HG003-3x-2-D0-PF-ILMN-NOVASEQ-sent-sentd-All	All	I2-HG003-3x-2-D0-PF-ILMN-NOVASEQ	377862616.0	377400805.0	155846.0	305965.0	71799.0	0.7288568621028496	0.6625329409650268	0.9998097901695668	0.19006310818394553	0.8099368918160544	0.8099368918160544	HG003	clinvar_genes	-1	-2	sent	sentd
I2-HG003-3x-2-D0-PF-ILMN-NOVASEQ-sent-sentd-SNPts	SNPts	I2-HG003-3x-2-D0-PF-ILMN-NOVASEQ	2799325643.0	2797071414.0	801660.0	1452569.0	119905.0	0.7591751959846376	0.6443750834542542	0.9999571337866003	0.07625245314071966	0.9237475468592804	0.9237475468592804	HG003	ultima	-1	-2	sent	sentd
I2-HG003-3x-2-D0-PF-ILMN-NOVASEQ-sent-sentd-SNPtv	SNPtv	I2-HG003-3x-2-D0-PF-ILMN-NOVASEQ	2799325643.0	2798266802.0	379070.0	679771.0	67416.0	0.7527801340843	0.6419953515211444	0.9999759085245907	0.09022640918538465	0.9097735908146154	0.9097735908146154	HG003	ultima	-1	-2	sent	sentd
I2-HG003-3x-2-D0-PF-ILMN-NOVASEQ-sent-sentd-INS_50	INS_50	I2-HG003-3x-2-D0-PF-ILMN-NOVASEQ	2799325643.0	2799158559.0	54788.0	112296.0	20250.0	0.7495644628374997	0.6720930789303584	0.9999927657354597	0.15277714906523018	0.8472228509347698	0.8472228509347698	HG003	ultima	-1	-2	sent	sentd
I2-HG003-3x-2-D0-PF-ILMN-NOVASEQ-sent-sentd-INS_gt50	INS_gt50	I2-HG003-3x-2-D0-PF-ILMN-NOVASEQ	2799325643.0	2799325546.0	88.0	9.0	86.0	0.09374999999999999	0.09278350515463918	0.9999999692783151	0.9052631578947369	0.09473684210526312	0.09473684210526316	HG003	ultima	-1	-2	sent	sentd
I2-HG003-3x-2-D0-PF-ILMN-NOVASEQ-sent-sentd-DEL_50	DEL_50	I2-HG003-3x-2-D0-PF-ILMN-NOVASEQ	2799325643.0	2799143960.0	61561.0	120122.0	26500.0	0.7317707619439241	0.6611625743740471	0.9999905329095249	0.18073686077123488	0.8192631392287651	0.8192631392287651	HG003	ultima	-1	-2	sent	sentd
I2-HG003-3x-2-D0-PF-ILMN-NOVASEQ-sent-sentd-DEL_gt50	DEL_gt50	I2-HG003-3x-2-D0-PF-ILMN-NOVASEQ	2799325643.0	2799325554.0	60.0	29.0	365.0	0.12008281573498965	0.3258426966292135	0.999999869611467	0.9263959390862944	0.07360406091370564	0.07360406091370558	HG003	ultima	-1	-2	sent	sentd
I2-HG003-3x-2-D0-PF-ILMN-NOVASEQ-sent-sentd-Indel_50	Indel_50	I2-HG003-3x-2-D0-PF-ILMN-NOVASEQ	2799325643.0	2799315752.0	3480.0	6411.0	912.0	0.7448588358313001	0.6481649984834699	0.9999996742062047	0.12453912331011881	0.8754608766898812	0.8754608766898812	HG003	ultima	-1	-2	sent	sentd
I2-HG003-3x-2-D0-PF-ILMN-NOVASEQ-sent-sentd-Indel_gt50	Indel_gt50	I2-HG003-3x-2-D0-PF-ILMN-NOVASEQ	2799325643.0	2799325127.0	258.0	258.0	97.0	0.5924225028702641	0.5	0.9999999653487922	0.27323943661971833	0.7267605633802816	0.7267605633802817	HG003	ultima	-1	-2	sent	sentd
I2-HG003-3x-2-D0-PF-ILMN-NOVASEQ-sent-sentd-All	All	I2-HG003-3x-2-D0-PF-ILMN-NOVASEQ	2799325643.0	2795653213.0	1300965.0	2371465.0	235531.0	0.7553126671132043	0.6457481830831356	0.9999157580928406	0.09034574659876732	0.9096542534012326	0.9096542534012327	HG003	ultima	-1	-2	sent	sentd
I2-HG003-3x-2-D0-PF-ILMN-NOVASEQ-sent-sentd-SNPts	SNPts	I2-HG003-3x-2-D0-PF-ILMN-NOVASEQ	337668665.0	337403089.0	89866.0	175710.0	2517.0	0.7918378199336192	0.6616185197457601	0.9999925401358032	0.014122439361039574	0.9858775606389605	0.9858775606389605	HG003	giabHC_x_clinvar_genes	-1	-2	sent	sentd
I2-HG003-3x-2-D0-PF-ILMN-NOVASEQ-sent-sentd-SNPtv	SNPtv	I2-HG003-3x-2-D0-PF-ILMN-NOVASEQ	337668665.0	337548388.0	40868.0	79409.0	1373.0	0.7899074401046459	0.6602176642250804	0.9999959324515711	0.016996360575375704	0.9830036394246243	0.9830036394246243	HG003	giabHC_x_clinvar_genes	-1	-2	sent	sentd
I2-HG003-3x-2-D0-PF-ILMN-NOVASEQ-sent-sentd-INS_50	INS_50	I2-HG003-3x-2-D0-PF-ILMN-NOVASEQ	337668665.0	337641636.0	8021.0	19008.0	796.0	0.8117353148420985	0.7032446631395908	0.9999976424764053	0.04019390022217734	0.9598060997778226	0.9598060997778226	HG003	giabHC_x_clinvar_genes	-1	-2	sent	sentd
I2-HG003-3x-2-D0-PF-ILMN-NOVASEQ-sent-sentd-INS_gt50	INS_gt50	I2-HG003-3x-2-D0-PF-ILMN-NOVASEQ	337668665.0	337668665.0	0.0	0.0	0.0			1.0				HG003	giabHC_x_clinvar_genes	-1	-2	sent	sentd
I2-HG003-3x-2-D0-PF-ILMN-NOVASEQ-sent-sentd-DEL_50	DEL_50	I2-HG003-3x-2-D0-PF-ILMN-NOVASEQ	337668665.0	337639987.0	8749.0	19929.0	603.0	0.8099573257467995	0.6949229374433363	0.9999982140772826	0.029368790181180597	0.9706312098188195	0.9706312098188195	HG003	giabHC_x_clinvar_genes	-1	-2	sent	sentd
I2-HG003-3x-2-D0-PF-ILMN-NOVASEQ-sent-sentd-DEL_gt50	DEL_gt50	I2-HG003-3x-2-D0-PF-ILMN-NOVASEQ	337668665.0	337668665.0	0.0	0.0	9.0			0.999999973346654	1.0	0.0	0.0	HG003	giabHC_x_clinvar_genes	-1	-2	sent	sentd
I2-HG003-3x-2-D0-PF-ILMN-NOVASEQ-sent-sentd-Indel_50	Indel_50	I2-HG003-3x-2-D0-PF-ILMN-NOVASEQ	337668665.0	337666936.0	550.0	1179.0	3.0	0.8100309172105805	0.681897050318103	0.9999999911155056	0.0025380710659898475	0.9974619289340102	0.9974619289340102	HG003	giabHC_x_clinvar_genes	-1	-2	sent	sentd
I2-HG003-3x-2-D0-PF-ILMN-NOVASEQ-sent-sentd-Indel_gt50	Indel_gt50	I2-HG003-3x-2-D0-PF-ILMN-NOVASEQ	337668665.0	337668637.0	13.0	15.0	0.0	0.6976744186046512	0.5357142857142857	1.0	0.0	1.0	1.0	HG003	giabHC_x_clinvar_genes	-1	-2	sent	sentd
I2-HG003-3x-2-D0-PF-ILMN-NOVASEQ-sent-sentd-All	All	I2-HG003-3x-2-D0-PF-ILMN-NOVASEQ	337668665.0	337225348.0	148067.0	295250.0	5301.0	0.7938236353761688	0.6660019805240945	0.9999842807881913	0.017637605597718858	0.9823623944022811	0.9823623944022811	HG003	giabHC_x_clinvar_genes	-1	-2	sent	sentd
I2-HG003-40x-9-D0-PF-ILMN-NOVASEQ-sent-sentd-SNPts	SNPts	I2-HG003-40x-9-D0-PF-ILMN-NOVASEQ	2799325643.0	2797071538.0	3433.0	2250672.0	145979.0	0.9678736102259503	0.9984770008495611	0.9999478127821262	0.06090957757303838	0.9390904224269616	0.9390904224269616	HG003	ultima	-1	-2	sent	sentd
I2-HG003-40x-9-D0-PF-ILMN-NOVASEQ-sent-sentd-SNPtv	SNPtv	I2-HG003-40x-9-D0-PF-ILMN-NOVASEQ	2799325643.0	2798266997.0	2124.0	1056522.0	79417.0	0.9628444557854903	0.9979936636042643	0.999971620025454	0.06991308512164826	0.9300869148783517	0.9300869148783517	HG003	ultima	-1	-2	sent	sentd
I2-HG003-40x-9-D0-PF-ILMN-NOVASEQ-sent-sentd-INS_50	INS_50	I2-HG003-40x-9-D0-PF-ILMN-NOVASEQ	2799325643.0	2799161584.0	335.0	163724.0	27230.0	0.9223549560156952	0.997958051676531	0.9999902721817607	0.14259978843072155	0.8574002115692785	0.8574002115692785	HG003	ultima	-1	-2	sent	sentd
I2-HG003-40x-9-D0-PF-ILMN-NOVASEQ-sent-sentd-INS_gt50	INS_gt50	I2-HG003-40x-9-D0-PF-ILMN-NOVASEQ	2799325643.0	2799325547.0	59.0	37.0	353.0	0.1522633744855967	0.3854166666666667	0.9999998738982124	0.9051282051282051	0.09487179487179487	0.09487179487179487	HG003	ultima	-1	-2	sent	sentd
I2-HG003-40x-9-D0-PF-ILMN-NOVASEQ-sent-sentd-DEL_50	DEL_50	I2-HG003-40x-9-D0-PF-ILMN-NOVASEQ	2799325643.0	2799148389.0	352.0	176902.0	35656.0	0.9076272664771736	0.9980141491870423	0.999987262002274	0.16774715607034316	0.8322528439296568	0.8322528439296568	HG003	ultima	-1	-2	sent	sentd
I2-HG003-40x-9-D0-PF-ILMN-NOVASEQ-sent-sentd-DEL_gt50	DEL_gt50	I2-HG003-40x-9-D0-PF-ILMN-NOVASEQ	2799325643.0	2799325555.0	33.0	55.0	564.0	0.1555869872701556	0.625	0.9999997985229387	0.9111470113085622	0.08885298869143776	0.0888529886914378	HG003	ultima	-1	-2	sent	sentd
I2-HG003-40x-9-D0-PF-ILMN-NOVASEQ-sent-sentd-Indel_50	Indel_50	I2-HG003-40x-9-D0-PF-ILMN-NOVASEQ	2799325643.0	2799307984.0	24.0	17635.0	2671.0	0.9290135651257737	0.998640919644374	0.9999990458365187	0.13153747660789913	0.8684625233921008	0.8684625233921008	HG003	ultima	-1	-2	sent	sentd
I2-HG003-40x-9-D0-PF-ILMN-NOVASEQ-sent-sentd-Indel_gt50	Indel_gt50	I2-HG003-40x-9-D0-PF-ILMN-NOVASEQ	2799325643.0	2799324707.0	10.0	926.0	465.0	0.7958745165449076	0.9893162393162394	0.9999998338885369	0.3342918763479511	0.6657081236520489	0.6657081236520489	HG003	ultima	-1	-2	sent	sentd
I2-HG003-40x-9-D0-PF-ILMN-NOVASEQ-sent-sentd-All	All	I2-HG003-40x-9-D0-PF-ILMN-NOVASEQ	2799325643.0	2795652800.0	6370.0	3666473.0	292335.0	0.9608597143658693	0.9982656487086434	0.9998954432272864	0.07384419754633213	0.9261558024536679	0.9261558024536679	HG003	ultima	-1	-2	sent	sentd
I2-HG003-40x-9-D0-PF-ILMN-NOVASEQ-sent-sentd-SNPts	SNPts	I2-HG003-40x-9-D0-PF-ILMN-NOVASEQ	688815815.0	688748097.0	3016.0	64702.0	304887.0	0.2959111105013183	0.9554623586048022	0.9995575274948668	0.8249352659305337	0.17506473406946632	0.17506473406946635	HG003	hg38_m_giabHC	-1	-2	sent	sentd
I2-HG003-40x-9-D0-PF-ILMN-NOVASEQ-sent-sentd-SNPtv	SNPtv	I2-HG003-40x-9-D0-PF-ILMN-NOVASEQ	688815815.0	688780924.0	1600.0	33291.0	219306.0	0.231599231967943	0.9541429021810782	0.9996817040249755	0.8682050855710876	0.13179491442891245	0.13179491442891245	HG003	hg38_m_giabHC	-1	-2	sent	sentd
I2-HG003-40x-9-D0-PF-ILMN-NOVASEQ-sent-sentd-INS_50	INS_50	I2-HG003-40x-9-D0-PF-ILMN-NOVASEQ	688815815.0	688788810.0	955.0	26050.0	170710.0	0.23283355305789555	0.9646361784854657	0.9997522205658759	0.867605204309819	0.13239479569018098	0.13239479569018092	HG003	hg38_m_giabHC	-1	-2	sent	sentd
I2-HG003-40x-9-D0-PF-ILMN-NOVASEQ-sent-sentd-INS_gt50	INS_gt50	I2-HG003-40x-9-D0-PF-ILMN-NOVASEQ	688815815.0	688815583.0	144.0	88.0	1678.0	0.08808808808808809	0.3793103448275862	0.9999975639402567	0.9501698754246886	0.04983012457531144	0.04983012457531144	HG003	hg38_m_giabHC	-1	-2	sent	sentd
I2-HG003-40x-9-D0-PF-ILMN-NOVASEQ-sent-sentd-DEL_50	DEL_50	I2-HG003-40x-9-D0-PF-ILMN-NOVASEQ	688815815.0	688788661.0	666.0	26488.0	174382.0	0.23232642178016352	0.9754732267805848	0.9997468920840215	0.868133618758401	0.131866381241599	0.13186638124159905	HG003	hg38_m_giabHC	-1	-2	sent	sentd
I2-HG003-40x-9-D0-PF-ILMN-NOVASEQ-sent-sentd-DEL_gt50	DEL_gt50	I2-HG003-40x-9-D0-PF-ILMN-NOVASEQ	688815815.0	688815678.0	48.0	89.0	1686.0	0.09309623430962342	0.6496350364963503	0.9999975523265119	0.9498591549295775	0.05014084507042249	0.05014084507042253	HG003	hg38_m_giabHC	-1	-2	sent	sentd
I2-HG003-40x-9-D0-PF-ILMN-NOVASEQ-sent-sentd-Indel_50	Indel_50	I2-HG003-40x-9-D0-PF-ILMN-NOVASEQ	688815815.0	688806008.0	116.0	9691.0	42477.0	0.3127390076643808	0.9881717140817783	0.9999383362220794	0.8142347799417268	0.18576522005827323	0.18576522005827328	HG003	hg38_m_giabHC	-1	-2	sent	sentd
I2-HG003-40x-9-D0-PF-ILMN-NOVASEQ-sent-sentd-Indel_gt50	Indel_gt50	I2-HG003-40x-9-D0-PF-ILMN-NOVASEQ	688815815.0	688814704.0	41.0	1070.0	2325.0	0.47492232578783844	0.963096309630963	0.9999966246479077	0.6848306332842415	0.31516936671575846	0.31516936671575846	HG003	hg38_m_giabHC	-1	-2	sent	sentd
I2-HG003-40x-9-D0-PF-ILMN-NOVASEQ-sent-sentd-All	All	I2-HG003-40x-9-D0-PF-ILMN-NOVASEQ	688815815.0	688647760.0	6586.0	161469.0	917451.0	0.25897712464163275	0.9608104489601619	0.998669522497126	0.850342008675342	0.14965799132465796	0.14965799132465799	HG003	hg38_m_giabHC	-1	-2	sent	sentd
I2-HG003-40x-9-D0-PF-ILMN-NOVASEQ-sent-sentd-SNPts	SNPts	I2-HG003-40x-9-D0-PF-ILMN-NOVASEQ	377862616.0	377589437.0	2134.0	271045.0	32392.0	0.9401230628355786	0.9921882721585481	0.9999142210605627	0.10675033038159486	0.8932496696184051	0.8932496696184051	HG003	clinvar_genes	-1	-2	sent	sentd
I2-HG003-40x-9-D0-PF-ILMN-NOVASEQ-sent-sentd-SNPtv	SNPtv	I2-HG003-40x-9-D0-PF-ILMN-NOVASEQ	377862616.0	377738350.0	1081.0	123185.0	19545.0	0.9227479063356756	0.9913009189963465	0.9999482605121992	0.13693687381769776	0.8630631261823023	0.8630631261823023	HG003	clinvar_genes	-1	-2	sent	sentd
I2-HG003-40x-9-D0-PF-ILMN-NOVASEQ-sent-sentd-INS_50	INS_50	I2-HG003-40x-9-D0-PF-ILMN-NOVASEQ	377862616.0	377833492.0	237.0	28887.0	18301.0	0.7570762134395638	0.9918623815409972	0.9999515656658535	0.38783165211494447	0.6121683478850555	0.6121683478850555	HG003	clinvar_genes	-1	-2	sent	sentd
I2-HG003-40x-9-D0-PF-ILMN-NOVASEQ-sent-sentd-INS_gt50	INS_gt50	I2-HG003-40x-9-D0-PF-ILMN-NOVASEQ	377862616.0	377862586.0	17.0	13.0	219.0	0.09923664122137406	0.43333333333333335	0.9999994204245639	0.9439655172413793	0.05603448275862066	0.05603448275862069	HG003	clinvar_genes	-1	-2	sent	sentd
I2-HG003-40x-9-D0-PF-ILMN-NOVASEQ-sent-sentd-DEL_50	DEL_50	I2-HG003-40x-9-D0-PF-ILMN-NOVASEQ	377862616.0	377831818.0	195.0	30603.0	18053.0	0.7703325194452135	0.9936684200272745	0.9999522217648183	0.37103337717855966	0.6289666228214403	0.6289666228214403	HG003	clinvar_genes	-1	-2	sent	sentd
I2-HG003-40x-9-D0-PF-ILMN-NOVASEQ-sent-sentd-DEL_gt50	DEL_gt50	I2-HG003-40x-9-D0-PF-ILMN-NOVASEQ	377862616.0	377862599.0	7.0	10.0	210.0	0.08438818565400845	0.5882352941176471	0.9999994442427383	0.9545454545454546	0.045454545454545414	0.045454545454545456	HG003	clinvar_genes	-1	-2	sent	sentd
I2-HG003-40x-9-D0-PF-ILMN-NOVASEQ-sent-sentd-Indel_50	Indel_50	I2-HG003-40x-9-D0-PF-ILMN-NOVASEQ	377862616.0	377858442.0	21.0	4153.0	4517.0	0.6466832762379321	0.9949688548155247	0.9999880459306941	0.5209919261822376	0.47900807381776245	0.4790080738177624	HG003	clinvar_genes	-1	-2	sent	sentd
I2-HG003-40x-9-D0-PF-ILMN-NOVASEQ-sent-sentd-Indel_gt50	Indel_gt50	I2-HG003-40x-9-D0-PF-ILMN-NOVASEQ	377862616.0	377862448.0	6.0	162.0	242.0	0.5664335664335665	0.9642857142857143	0.9999993595557158	0.599009900990099	0.400990099009901	0.400990099009901	HG003	clinvar_genes	-1	-2	sent	sentd
I2-HG003-40x-9-D0-PF-ILMN-NOVASEQ-sent-sentd-All	All	I2-HG003-40x-9-D0-PF-ILMN-NOVASEQ	377862616.0	377400860.0	3698.0	458058.0	93479.0	0.9040978275780056	0.9919914413673022	0.9997523697964646	0.1694881757706192	0.8305118242293807	0.8305118242293809	HG003	clinvar_genes	-1	-2	sent	sentd
I2-HG003-40x-9-D0-PF-ILMN-NOVASEQ-sent-sentd-SNPts	SNPts	I2-HG003-40x-9-D0-PF-ILMN-NOVASEQ	337668665.0	337403161.0	1607.0	263897.0	414.0	0.9961854609627889	0.993947360491744	0.99999877298277	0.001566336626171442	0.9984336633738286	0.9984336633738286	HG003	giabHC_x_clinvar_genes	-1	-2	sent	sentd
I2-HG003-40x-9-D0-PF-ILMN-NOVASEQ-sent-sentd-SNPtv	SNPtv	I2-HG003-40x-9-D0-PF-ILMN-NOVASEQ	337668665.0	337548459.0	809.0	119397.0	200.0	0.9957923795782372	0.9932698866945078	0.999999407492832	0.0016722827495672969	0.9983277172504327	0.9983277172504327	HG003	giabHC_x_clinvar_genes	-1	-2	sent	sentd
I2-HG003-40x-9-D0-PF-ILMN-NOVASEQ-sent-sentd-INS_50	INS_50	I2-HG003-40x-9-D0-PF-ILMN-NOVASEQ	337668665.0	337642368.0	123.0	26174.0	42.0	0.9968579208957782	0.995322660379511	0.9999998756080435	0.00160207506866036	0.9983979249313396	0.9983979249313396	HG003	giabHC_x_clinvar_genes	-1	-2	sent	sentd
I2-HG003-40x-9-D0-PF-ILMN-NOVASEQ-sent-sentd-INS_gt50	INS_gt50	I2-HG003-40x-9-D0-PF-ILMN-NOVASEQ	337668665.0	337668665.0	0.0	0.0	0.0			1.0				HG003	giabHC_x_clinvar_genes	-1	-2	sent	sentd
I2-HG003-40x-9-D0-PF-ILMN-NOVASEQ-sent-sentd-DEL_50	DEL_50	I2-HG003-40x-9-D0-PF-ILMN-NOVASEQ	337668665.0	337640714.0	103.0	27848.0	30.0	0.9976177255548192	0.9963149797860542	0.999999911148164	0.0010761173685343282	0.9989238826314657	0.9989238826314657	HG003	giabHC_x_clinvar_genes	-1	-2	sent	sentd
I2-HG003-40x-9-D0-PF-ILMN-NOVASEQ-sent-sentd-DEL_gt50	DEL_gt50	I2-HG003-40x-9-D0-PF-ILMN-NOVASEQ	337668665.0	337668665.0	0.0	0.0	0.0			1.0				HG003	giabHC_x_clinvar_genes	-1	-2	sent	sentd
I2-HG003-40x-9-D0-PF-ILMN-NOVASEQ-sent-sentd-Indel_50	Indel_50	I2-HG003-40x-9-D0-PF-ILMN-NOVASEQ	337668665.0	337665446.0	3.0	3216.0	2.0	0.9992232406400499	0.9990680335507922	0.9999999940769776	0.0006215040397762585	0.9993784959602238	0.9993784959602238	HG003	giabHC_x_clinvar_genes	-1	-2	sent	sentd
I2-HG003-40x-9-D0-PF-ILMN-NOVASEQ-sent-sentd-Indel_gt50	Indel_gt50	I2-HG003-40x-9-D0-PF-ILMN-NOVASEQ	337668665.0	337668619.0	0.0	46.0	0.0	1.0	1.0	1.0	0.0	1.0	1.0	HG003	giabHC_x_clinvar_genes	-1	-2	sent	sentd
I2-HG003-40x-9-D0-PF-ILMN-NOVASEQ-sent-sentd-All	All	I2-HG003-40x-9-D0-PF-ILMN-NOVASEQ	337668665.0	337225442.0	2645.0	440578.0	688.0	0.9962317224973969	0.9940323494042502	0.9999979598259482	0.0015591502631066068	0.9984408497368934	0.9984408497368934	HG003	giabHC_x_clinvar_genes	-1	-2	sent	sentd
I2-HG003-40x-9-D0-PF-ILMN-NOVASEQ-sent-sentd-SNPts	SNPts	I2-HG003-40x-9-D0-PF-ILMN-NOVASEQ	2505355380.0	2503152321.0	2660.0	2200399.0	972.0	0.9991753757012827	0.9987925879424927	0.9999996116897824	0.00044154302023602566	0.999558456979764	0.999558456979764	HG003	giabHC_x_ultima	-1	-2	sent	sentd
I2-HG003-40x-9-D0-PF-ILMN-NOVASEQ-sent-sentd-SNPtv	SNPtv	I2-HG003-40x-9-D0-PF-ILMN-NOVASEQ	2505355380.0	2504321019.0	1712.0	1032649.0	526.0	0.9989175521006648	0.9983448718580844	0.9999997899630736	0.000509110266895734	0.9994908897331043	0.9994908897331043	HG003	giabHC_x_ultima	-1	-2	sent	sentd
I2-HG003-40x-9-D0-PF-ILMN-NOVASEQ-sent-sentd-INS_50	INS_50	I2-HG003-40x-9-D0-PF-ILMN-NOVASEQ	2505355380.0	2505201677.0	180.0	153523.0	66.0	0.9991994584955026	0.9988289103010352	0.9999999736548163	0.00042971827409515005	0.9995702817259049	0.9995702817259049	HG003	giabHC_x_ultima	-1	-2	sent	sentd
I2-HG003-40x-9-D0-PF-ILMN-NOVASEQ-sent-sentd-INS_gt50	INS_gt50	I2-HG003-40x-9-D0-PF-ILMN-NOVASEQ	2505355380.0	2505355380.0	0.0	0.0	1.0			0.9999999996008551	1.0	0.0	0.0	HG003	giabHC_x_ultima	-1	-2	sent	sentd
I2-HG003-40x-9-D0-PF-ILMN-NOVASEQ-sent-sentd-DEL_50	DEL_50	I2-HG003-40x-9-D0-PF-ILMN-NOVASEQ	2505355380.0	2505190046.0	173.0	165161.0	45.0	0.9993404731651236	0.9989536332514788	0.9999999820372912	0.000272387201433362	0.9997276127985666	0.9997276127985666	HG003	giabHC_x_ultima	-1	-2	sent	sentd
I2-HG003-40x-9-D0-PF-ILMN-NOVASEQ-sent-sentd-DEL_gt50	DEL_gt50	I2-HG003-40x-9-D0-PF-ILMN-NOVASEQ	2505355380.0	2505355380.0	0.0	0.0	1.0			0.9999999996008551	1.0	0.0	0.0	HG003	giabHC_x_ultima	-1	-2	sent	sentd
I2-HG003-40x-9-D0-PF-ILMN-NOVASEQ-sent-sentd-Indel_50	Indel_50	I2-HG003-40x-9-D0-PF-ILMN-NOVASEQ	2505355380.0	2505341346.0	17.0	14017.0	0.0	0.9993939609996078	0.9987886561208493	1.0	0.0	1.0	1.0	HG003	giabHC_x_ultima	-1	-2	sent	sentd
I2-HG003-40x-9-D0-PF-ILMN-NOVASEQ-sent-sentd-Indel_gt50	Indel_gt50	I2-HG003-40x-9-D0-PF-ILMN-NOVASEQ	2505355380.0	2505355014.0	0.0	366.0	0.0	1.0	1.0	1.0	0.0	1.0	1.0	HG003	giabHC_x_ultima	-1	-2	sent	sentd
I2-HG003-40x-9-D0-PF-ILMN-NOVASEQ-sent-sentd-All	All	I2-HG003-40x-9-D0-PF-ILMN-NOVASEQ	2505355380.0	2501784523.0	4742.0	3566115.0	1611.0	0.9991100474702052	0.9986720274712765	0.9999993560600652	0.0004515481289762723	0.9995484518710237	0.9995484518710237	HG003	giabHC_x_ultima	-1	-2	sent	sentd
I2-HG003-40x-9-D0-PF-ILMN-NOVASEQ-sent-sentd-SNPts	SNPts	I2-HG003-40x-9-D0-PF-ILMN-NOVASEQ	2528531102.0	2526276515.0	9925.0	2244662.0	2451.0	0.9972508163582646	0.9955978633780821	0.9999990297983584	0.0010907328647914013	0.9989092671352086	0.9989092671352086	HG003	giabHC	-1	-2	sent	sentd
I2-HG003-40x-9-D0-PF-ILMN-NOVASEQ-sent-sentd-SNPtv	SNPtv	I2-HG003-40x-9-D0-PF-ILMN-NOVASEQ	2528531102.0	2527459617.0	5343.0	1066142.0	1307.0	0.9968909746630797	0.9950134626243018	0.9999994828802347	0.0012244144685132497	0.9987755855314867	0.9987755855314867	HG003	giabHC	-1	-2	sent	sentd
I2-HG003-40x-9-D0-PF-ILMN-NOVASEQ-sent-sentd-INS_50	INS_50	I2-HG003-40x-9-D0-PF-ILMN-NOVASEQ	2528531102.0	2528302399.0	645.0	228058.0	209.0	0.9981311683480317	0.997179748407323	0.9999999173358445	0.0009155944573679068	0.9990844055426321	0.9990844055426321	HG003	giabHC	-1	-2	sent	sentd
I2-HG003-40x-9-D0-PF-ILMN-NOVASEQ-sent-sentd-INS_gt50	INS_gt50	I2-HG003-40x-9-D0-PF-ILMN-NOVASEQ	2528531102.0	2528531100.0	0.0	2.0	2.0	0.6666666666666666	1.0	0.9999999992090269	0.5	0.5	0.5	HG003	giabHC	-1	-2	sent	sentd
I2-HG003-40x-9-D0-PF-ILMN-NOVASEQ-sent-sentd-DEL_50	DEL_50	I2-HG003-40x-9-D0-PF-ILMN-NOVASEQ	2528531102.0	2528288170.0	609.0	242323.0	183.0	0.9983684837198571	0.9974931256483296	0.9999999276190156	0.0007546205042349468	0.9992453794957651	0.9992453794957651	HG003	giabHC	-1	-2	sent	sentd
I2-HG003-40x-9-D0-PF-ILMN-NOVASEQ-sent-sentd-DEL_gt50	DEL_gt50	I2-HG003-40x-9-D0-PF-ILMN-NOVASEQ	2528531102.0	2528531102.0	0.0	0.0	1.0			0.9999999996045135	1.0	0.0	0.0	HG003	giabHC	-1	-2	sent	sentd
I2-HG003-40x-9-D0-PF-ILMN-NOVASEQ-sent-sentd-Indel_50	Indel_50	I2-HG003-40x-9-D0-PF-ILMN-NOVASEQ	2528531102.0	2528498585.0	64.0	32453.0	9.0	0.9988765601194232	0.9980317987514223	0.9999999964405755	0.0002772472429301953	0.9997227527570698	0.9997227527570698	HG003	giabHC	-1	-2	sent	sentd
I2-HG003-40x-9-D0-PF-ILMN-NOVASEQ-sent-sentd-Indel_gt50	Indel_gt50	I2-HG003-40x-9-D0-PF-ILMN-NOVASEQ	2528531102.0	2528530633.0	4.0	465.0	1.0	0.9946524064171122	0.9914712153518124	0.9999999996045134	0.002145922746781116	0.9978540772532188	0.9978540772532188	HG003	giabHC	-1	-2	sent	sentd
I2-HG003-40x-9-D0-PF-ILMN-NOVASEQ-sent-sentd-All	All	I2-HG003-40x-9-D0-PF-ILMN-NOVASEQ	2528531102.0	2524700407.0	16590.0	3814105.0	4163.0	0.9972868217560995	0.9956691931881813	0.9999983510942034	0.001090284914521453	0.9989097150854785	0.9989097150854785	HG003	giabHC	-1	-2	sent	sentd
I2-HG003-40x-9-D0-PF-ILMN-NOVASEQ-sent-sentd-SNPts	SNPts	I2-HG003-40x-9-D0-PF-ILMN-NOVASEQ	332544085.0	332287262.0	440.0	256383.0	107.0	0.9989343733745296	0.9982867578059598	0.9999996779895657	0.0004171702600491247	0.9995828297399508	0.9995828297399508	HG003	giabHC_x_ultima_x_clinvar	-1	-2	sent	sentd
I2-HG003-40x-9-D0-PF-ILMN-NOVASEQ-sent-sentd-SNPtv	SNPtv	I2-HG003-40x-9-D0-PF-ILMN-NOVASEQ	332544085.0	332429490.0	280.0	114315.0	44.0	0.9985848685762205	0.9975566124176447	0.9999998676411224	0.00038475327696114867	0.9996152467230388	0.9996152467230388	HG003	giabHC_x_ultima_x_clinvar	-1	-2	sent	sentd
I2-HG003-40x-9-D0-PF-ILMN-NOVASEQ-sent-sentd-INS_50	INS_50	I2-HG003-40x-9-D0-PF-ILMN-NOVASEQ	332544085.0	332526581.0	37.0	17467.0	12.0	0.9985993196695538	0.997886197440585	0.9999999639126607	0.0006865381314720522	0.999313461868528	0.999313461868528	HG003	giabHC_x_ultima_x_clinvar	-1	-2	sent	sentd
I2-HG003-40x-9-D0-PF-ILMN-NOVASEQ-sent-sentd-INS_gt50	INS_gt50	I2-HG003-40x-9-D0-PF-ILMN-NOVASEQ	332544085.0	332544085.0	0.0	0.0	0.0			1.0				HG003	giabHC_x_ultima_x_clinvar	-1	-2	sent	sentd
I2-HG003-40x-9-D0-PF-ILMN-NOVASEQ-sent-sentd-DEL_50	DEL_50	I2-HG003-40x-9-D0-PF-ILMN-NOVASEQ	332544085.0	332525159.0	35.0	18891.0	8.0	0.9988631857237276	0.9981506921695023	0.9999999759416706	0.00042330282025503996	0.999576697179745	0.999576697179745	HG003	giabHC_x_ultima_x_clinvar	-1	-2	sent	sentd
I2-HG003-40x-9-D0-PF-ILMN-NOVASEQ-sent-sentd-DEL_gt50	DEL_gt50	I2-HG003-40x-9-D0-PF-ILMN-NOVASEQ	332544085.0	332544085.0	0.0	0.0	0.0			1.0				HG003	giabHC_x_ultima_x_clinvar	-1	-2	sent	sentd
I2-HG003-40x-9-D0-PF-ILMN-NOVASEQ-sent-sentd-Indel_50	Indel_50	I2-HG003-40x-9-D0-PF-ILMN-NOVASEQ	332544085.0	332542780.0	1.0	1304.0	0.0	0.9996167113836719	0.9992337164750957	1.0	0.0	1.0	1.0	HG003	giabHC_x_ultima_x_clinvar	-1	-2	sent	sentd
I2-HG003-40x-9-D0-PF-ILMN-NOVASEQ-sent-sentd-Indel_gt50	Indel_gt50	I2-HG003-40x-9-D0-PF-ILMN-NOVASEQ	332544085.0	332544054.0	0.0	31.0	0.0	1.0	1.0	1.0	0.0	1.0	1.0	HG003	giabHC_x_ultima_x_clinvar	-1	-2	sent	sentd
I2-HG003-40x-9-D0-PF-ILMN-NOVASEQ-sent-sentd-All	All	I2-HG003-40x-9-D0-PF-ILMN-NOVASEQ	332544085.0	332134901.0	793.0	408391.0	171.0	0.9988211498435945	0.9980619965590053	0.9999994851492227	0.0004185411271728648	0.9995814588728271	0.9995814588728271	HG003	giabHC_x_ultima_x_clinvar	-1	-2	sent	sentd
I2-HG003-40x-9-D0-PF-ILMN-NOVASEQ-sent-sentd-SNPts	SNPts	I2-HG003-40x-9-D0-PF-ILMN-NOVASEQ	3088286401.0	3085964131.0	12941.0	2309329.0	307338.0	0.9351522402492681	0.9944274352250169	0.9999004177036638	0.11745399777656079	0.8825460022234393	0.8825460022234392	HG003	hg38	-1	-2	sent	sentd
I2-HG003-40x-9-D0-PF-ILMN-NOVASEQ-sent-sentd-SNPtv	SNPtv	I2-HG003-40x-9-D0-PF-ILMN-NOVASEQ	3088286401.0	3087180037.0	6943.0	1099421.0	220613.0	0.9062165399081271	0.9937244885046874	0.9999285440974433	0.1671267558259863	0.8328732441740136	0.8328732441740136	HG003	hg38	-1	-2	sent	sentd
I2-HG003-40x-9-D0-PF-ILMN-NOVASEQ-sent-sentd-INS_50	INS_50	I2-HG003-40x-9-D0-PF-ILMN-NOVASEQ	3088286401.0	3088030624.0	1601.0	254176.0	170919.0	0.746619041464475	0.9937406412617241	0.9999446541951293	0.402072477916701	0.597927522083299	0.597927522083299	HG003	hg38	-1	-2	sent	sentd
I2-HG003-40x-9-D0-PF-ILMN-NOVASEQ-sent-sentd-INS_gt50	INS_gt50	I2-HG003-40x-9-D0-PF-ILMN-NOVASEQ	3088286401.0	3088286168.0	144.0	89.0	1680.0	0.08891108891108891	0.38197424892703863	0.9999994560092573	0.9496890898812889	0.05031091011871114	0.05031091011871114	HG003	hg38	-1	-2	sent	sentd
I2-HG003-40x-9-D0-PF-ILMN-NOVASEQ-sent-sentd-DEL_50	DEL_50	I2-HG003-40x-9-D0-PF-ILMN-NOVASEQ	3088286401.0	3088016515.0	1269.0	268617.0	174560.0	0.7534172997336841	0.995298014717325	0.9999434750001666	0.3938832565769433	0.6061167434230568	0.6061167434230567	HG003	hg38	-1	-2	sent	sentd
I2-HG003-40x-9-D0-PF-ILMN-NOVASEQ-sent-sentd-DEL_gt50	DEL_gt50	I2-HG003-40x-9-D0-PF-ILMN-NOVASEQ	3088286401.0	3088286264.0	48.0	89.0	1687.0	0.09304756926293781	0.6496350364963503	0.9999994537426474	0.9498873873873874	0.05011261261261257	0.050112612612612614	HG003	hg38	-1	-2	sent	sentd
I2-HG003-40x-9-D0-PF-ILMN-NOVASEQ-sent-sentd-Indel_50	Indel_50	I2-HG003-40x-9-D0-PF-ILMN-NOVASEQ	3088286401.0	3088244078.0	179.0	42144.0	42486.0	0.6639307460241192	0.9957706211752475	0.999986242856963	0.5020205600850762	0.49797943991492377	0.49797943991492377	HG003	hg38	-1	-2	sent	sentd
I2-HG003-40x-9-D0-PF-ILMN-NOVASEQ-sent-sentd-Indel_gt50	Indel_gt50	I2-HG003-40x-9-D0-PF-ILMN-NOVASEQ	3088286401.0	3088284822.0	44.0	1535.0	2326.0	0.5643382352941175	0.9721342621912603	0.9999992468316939	0.6024346024346025	0.39756539756539755	0.39756539756539755	HG003	hg38	-1	-2	sent	sentd
I2-HG003-40x-9-D0-PF-ILMN-NOVASEQ-sent-sentd-All	All	I2-HG003-40x-9-D0-PF-ILMN-NOVASEQ	3088286401.0	3084287832.0	23169.0	3975400.0	921609.0	0.8937923988750366	0.9942056770809757	0.9997012815442113	0.1881983471951961	0.8118016528048039	0.8118016528048039	HG003	hg38	-1	-2	sent	sentd
I2-HG003-5x-3-D0-PF-ILMN-NOVASEQ-sent-sentd-SNPts	SNPts	I2-HG003-5x-3-D0-PF-ILMN-NOVASEQ	3088286401.0	3085963689.0	360194.0	1962518.0	301924.0	0.8556582142217156	0.8449252425612818	0.9999021717383209	0.133332626757497	0.866667373242503	0.866667373242503	HG003	hg38	-1	-2	sent	sentd
I2-HG003-5x-3-D0-PF-ILMN-NOVASEQ-sent-sentd-SNPtv	SNPtv	I2-HG003-5x-3-D0-PF-ILMN-NOVASEQ	3088286401.0	3087179465.0	175020.0	931916.0	200204.0	0.8324186621504778	0.8418878778899593	0.9999351540719108	0.1768399109635021	0.8231600890364978	0.8231600890364978	HG003	hg38	-1	-2	sent	sentd
I2-HG003-5x-3-D0-PF-ILMN-NOVASEQ-sent-sentd-INS_50	INS_50	I2-HG003-5x-3-D0-PF-ILMN-NOVASEQ	3088286401.0	3088023768.0	39902.0	222731.0	137750.0	0.7148964715926781	0.8480693591437481	0.9999553941724884	0.3821283229906708	0.6178716770093292	0.6178716770093292	HG003	hg38	-1	-2	sent	sentd
I2-HG003-5x-3-D0-PF-ILMN-NOVASEQ-sent-sentd-INS_gt50	INS_gt50	I2-HG003-5x-3-D0-PF-ILMN-NOVASEQ	3088286401.0	3088286167.0	196.0	38.0	739.0	0.07517309594460929	0.1623931623931624	0.9999997607087611	0.9510939510939511	0.04890604890604888	0.0489060489060489	HG003	hg38	-1	-2	sent	sentd
I2-HG003-5x-3-D0-PF-ILMN-NOVASEQ-sent-sentd-DEL_50	DEL_50	I2-HG003-5x-3-D0-PF-ILMN-NOVASEQ	3088286401.0	3088009179.0	41911.0	235311.0	141625.0	0.7194316969294879	0.8488179148841001	0.999954139221499	0.37572691385274953	0.6242730861472505	0.6242730861472504	HG003	hg38	-1	-2	sent	sentd
I2-HG003-5x-3-D0-PF-ILMN-NOVASEQ-sent-sentd-DEL_gt50	DEL_gt50	I2-HG003-5x-3-D0-PF-ILMN-NOVASEQ	3088286401.0	3088286264.0	79.0	58.0	1220.0	0.08197879858657245	0.4233576642335766	0.9999996049590569	0.9546165884194053	0.04538341158059467	0.04538341158059468	HG003	hg38	-1	-2	sent	sentd
I2-HG003-5x-3-D0-PF-ILMN-NOVASEQ-sent-sentd-Indel_50	Indel_50	I2-HG003-5x-3-D0-PF-ILMN-NOVASEQ	3088286401.0	3088258329.0	3737.0	24335.0	16498.0	0.7063348087947173	0.8668780279281847	0.9999946578588615	0.40403595131388825	0.5959640486861117	0.5959640486861117	HG003	hg38	-1	-2	sent	sentd
I2-HG003-5x-3-D0-PF-ILMN-NOVASEQ-sent-sentd-Indel_gt50	Indel_gt50	I2-HG003-5x-3-D0-PF-ILMN-NOVASEQ	3088286401.0	3088285365.0	349.0	687.0	652.0	0.5785263157894736	0.6631274131274131	0.999999788879658	0.48693054518297235	0.5130694548170276	0.5130694548170276	HG003	hg38	-1	-2	sent	sentd
I2-HG003-5x-3-D0-PF-ILMN-NOVASEQ-sent-sentd-All	All	I2-HG003-5x-3-D0-PF-ILMN-NOVASEQ	3088286401.0	3084287419.0	621388.0	3377594.0	800612.0	0.8261015889569862	0.8446134541240746	0.9997404897390431	0.19161621040226356	0.8083837895977364	0.8083837895977365	HG003	hg38	-1	-2	sent	sentd
I2-HG003-5x-3-D0-PF-ILMN-NOVASEQ-sent-sentd-SNPts	SNPts	I2-HG003-5x-3-D0-PF-ILMN-NOVASEQ	332544085.0	332287239.0	34163.0	222683.0	2142.0	0.9246269756742673	0.8669903366219447	0.9999935538114593	0.009527410207939508	0.9904725897920605	0.9904725897920605	HG003	giabHC_x_ultima_x_clinvar	-1	-2	sent	sentd
I2-HG003-5x-3-D0-PF-ILMN-NOVASEQ-sent-sentd-SNPtv	SNPtv	I2-HG003-5x-3-D0-PF-ILMN-NOVASEQ	332544085.0	332429474.0	15437.0	99174.0	1075.0	0.9231499581122591	0.8653096125153781	0.9999967662418414	0.01072329898552604	0.989276701014474	0.989276701014474	HG003	giabHC_x_ultima_x_clinvar	-1	-2	sent	sentd
I2-HG003-5x-3-D0-PF-ILMN-NOVASEQ-sent-sentd-INS_50	INS_50	I2-HG003-5x-3-D0-PF-ILMN-NOVASEQ	332544085.0	332526413.0	2281.0	15391.0	207.0	0.9252179140366698	0.8709257582616569	0.999999377493447	0.013270932170791127	0.9867290678292089	0.9867290678292089	HG003	giabHC_x_ultima_x_clinvar	-1	-2	sent	sentd
I2-HG003-5x-3-D0-PF-ILMN-NOVASEQ-sent-sentd-INS_gt50	INS_gt50	I2-HG003-5x-3-D0-PF-ILMN-NOVASEQ	332544085.0	332544085.0	0.0	0.0	0.0			1.0				HG003	giabHC_x_ultima_x_clinvar	-1	-2	sent	sentd
I2-HG003-5x-3-D0-PF-ILMN-NOVASEQ-sent-sentd-DEL_50	DEL_50	I2-HG003-5x-3-D0-PF-ILMN-NOVASEQ	332544085.0	332524918.0	2685.0	16482.0	226.0	0.9188571428571429	0.8599154797307873	0.9999993203521476	0.013526454393105099	0.9864735456068949	0.9864735456068949	HG003	giabHC_x_ultima_x_clinvar	-1	-2	sent	sentd
I2-HG003-5x-3-D0-PF-ILMN-NOVASEQ-sent-sentd-DEL_gt50	DEL_gt50	I2-HG003-5x-3-D0-PF-ILMN-NOVASEQ	332544085.0	332544085.0	0.0	0.0	4.0			0.9999999879715198	1.0	0.0	0.0	HG003	giabHC_x_ultima_x_clinvar	-1	-2	sent	sentd
I2-HG003-5x-3-D0-PF-ILMN-NOVASEQ-sent-sentd-Indel_50	Indel_50	I2-HG003-5x-3-D0-PF-ILMN-NOVASEQ	332544085.0	332543204.0	116.0	765.0	1.0	0.9289617486338798	0.8683314415437003	0.9999999969928719	0.0013054830287206266	0.9986945169712794	0.9986945169712794	HG003	giabHC_x_ultima_x_clinvar	-1	-2	sent	sentd
I2-HG003-5x-3-D0-PF-ILMN-NOVASEQ-sent-sentd-Indel_gt50	Indel_gt50	I2-HG003-5x-3-D0-PF-ILMN-NOVASEQ	332544085.0	332544066.0	5.0	14.0	0.0	0.8484848484848484	0.7368421052631579	1.0	0.0	1.0	1.0	HG003	giabHC_x_ultima_x_clinvar	-1	-2	sent	sentd
I2-HG003-5x-3-D0-PF-ILMN-NOVASEQ-sent-sentd-All	All	I2-HG003-5x-3-D0-PF-ILMN-NOVASEQ	332544085.0	332134889.0	54687.0	354509.0	3655.0	0.9239704962468723	0.8663549985825864	0.9999889955560232	0.010204822371874337	0.9897951776281256	0.9897951776281256	HG003	giabHC_x_ultima_x_clinvar	-1	-2	sent	sentd
I2-HG003-5x-3-D0-PF-ILMN-NOVASEQ-sent-sentd-SNPts	SNPts	I2-HG003-5x-3-D0-PF-ILMN-NOVASEQ	2528531102.0	2526276269.0	343350.0	1911483.0	18080.0	0.9136243319226957	0.8477270822273756	0.9999928432725952	0.00936999724808156	0.9906300027519185	0.9906300027519185	HG003	giabHC	-1	-2	sent	sentd
I2-HG003-5x-3-D0-PF-ILMN-NOVASEQ-sent-sentd-SNPtv	SNPtv	I2-HG003-5x-3-D0-PF-ILMN-NOVASEQ	2528531102.0	2527459234.0	166477.0	905391.0	9637.0	0.9113622454320709	0.8446851664570637	0.9999961870944839	0.010531918148952818	0.9894680818510472	0.9894680818510472	HG003	giabHC	-1	-2	sent	sentd
I2-HG003-5x-3-D0-PF-ILMN-NOVASEQ-sent-sentd-INS_50	INS_50	I2-HG003-5x-3-D0-PF-ILMN-NOVASEQ	2528531102.0	2528297071.0	33526.0	200505.0	5477.0	0.91135943710754	0.8567454738902112	0.9999978337244472	0.026589702012797235	0.9734102979872028	0.9734102979872028	HG003	giabHC	-1	-2	sent	sentd
I2-HG003-5x-3-D0-PF-ILMN-NOVASEQ-sent-sentd-INS_gt50	INS_gt50	I2-HG003-5x-3-D0-PF-ILMN-NOVASEQ	2528531102.0	2528531101.0	0.0	1.0	2.0	0.5	1.0	0.9999999992090269	0.6666666666666666	0.33333333333333337	0.3333333333333333	HG003	giabHC	-1	-2	sent	sentd
I2-HG003-5x-3-D0-PF-ILMN-NOVASEQ-sent-sentd-DEL_50	DEL_50	I2-HG003-5x-3-D0-PF-ILMN-NOVASEQ	2528531102.0	2528282791.0	36194.0	212117.0	3608.0	0.9142264824280875	0.8542392403075176	0.9999985729464821	0.016724997102792908	0.983275002897207	0.983275002897207	HG003	giabHC	-1	-2	sent	sentd
I2-HG003-5x-3-D0-PF-ILMN-NOVASEQ-sent-sentd-DEL_gt50	DEL_gt50	I2-HG003-5x-3-D0-PF-ILMN-NOVASEQ	2528531102.0	2528531102.0	0.0	0.0	30.0			0.9999999881354041	1.0	0.0	0.0	HG003	giabHC	-1	-2	sent	sentd
I2-HG003-5x-3-D0-PF-ILMN-NOVASEQ-sent-sentd-Indel_50	Indel_50	I2-HG003-5x-3-D0-PF-ILMN-NOVASEQ	2528531102.0	2528509344.0	2326.0	19432.0	18.0	0.9431178411958844	0.8930967919845574	0.9999999928811812	0.0009254498714652956	0.9990745501285347	0.9990745501285347	HG003	giabHC	-1	-2	sent	sentd
I2-HG003-5x-3-D0-PF-ILMN-NOVASEQ-sent-sentd-Indel_gt50	Indel_gt50	I2-HG003-5x-3-D0-PF-ILMN-NOVASEQ	2528531102.0	2528530810.0	61.0	231.0	0.0	0.8833652007648183	0.791095890410959	1.0	0.0	1.0	1.0	HG003	giabHC	-1	-2	sent	sentd
I2-HG003-5x-3-D0-PF-ILMN-NOVASEQ-sent-sentd-All	All	I2-HG003-5x-3-D0-PF-ILMN-NOVASEQ	2528531102.0	2524700008.0	581934.0	3249160.0	36852.0	0.9130565148249865	0.8481023958169651	0.9999854036273705	0.01121480992765699	0.988785190072343	0.988785190072343	HG003	giabHC	-1	-2	sent	sentd
I2-HG003-5x-3-D0-PF-ILMN-NOVASEQ-sent-sentd-SNPts	SNPts	I2-HG003-5x-3-D0-PF-ILMN-NOVASEQ	688815815.0	688747910.0	16844.0	51061.0	283844.0	0.25352399394255354	0.7519475738163611	0.9995880538184891	0.8475358683805856	0.1524641316194144	0.15246413161941447	HG003	hg38_m_giabHC	-1	-2	sent	sentd
I2-HG003-5x-3-D0-PF-ILMN-NOVASEQ-sent-sentd-SNPtv	SNPtv	I2-HG003-5x-3-D0-PF-ILMN-NOVASEQ	688815815.0	688780735.0	8543.0	26537.0	190567.0	0.2104574437712147	0.7564709236031927	0.9997234035736368	0.8777682585304739	0.12223174146952609	0.12223174146952613	HG003	hg38_m_giabHC	-1	-2	sent	sentd
I2-HG003-5x-3-D0-PF-ILMN-NOVASEQ-sent-sentd-INS_50	INS_50	I2-HG003-5x-3-D0-PF-ILMN-NOVASEQ	688815815.0	688787286.0	6360.0	22169.0	132272.0	0.24232387823140406	0.7770689473868695	0.9998080008058067	0.8564565109006028	0.14354348909939718	0.14354348909939718	HG003	hg38_m_giabHC	-1	-2	sent	sentd
I2-HG003-5x-3-D0-PF-ILMN-NOVASEQ-sent-sentd-INS_gt50	INS_gt50	I2-HG003-5x-3-D0-PF-ILMN-NOVASEQ	688815815.0	688815582.0	196.0	37.0	737.0	0.07348560079443892	0.15879828326180256	0.999998930048578	0.9521963824289406	0.04780361757105944	0.04780361757105943	HG003	hg38_m_giabHC	-1	-2	sent	sentd
I2-HG003-5x-3-D0-PF-ILMN-NOVASEQ-sent-sentd-DEL_50	DEL_50	I2-HG003-5x-3-D0-PF-ILMN-NOVASEQ	688815815.0	688786707.0	5760.0	23348.0	138026.0	0.24514652303104756	0.8021162566991892	0.99979965010198	0.855317461301077	0.144682538698923	0.144682538698923	HG003	hg38_m_giabHC	-1	-2	sent	sentd
I2-HG003-5x-3-D0-PF-ILMN-NOVASEQ-sent-sentd-DEL_gt50	DEL_gt50	I2-HG003-5x-3-D0-PF-ILMN-NOVASEQ	688815815.0	688815678.0	79.0	58.0	1190.0	0.08375451263537907	0.4233576642335766	0.9999982724000307	0.9535256410256411	0.04647435897435892	0.046474358974358976	HG003	hg38_m_giabHC	-1	-2	sent	sentd
I2-HG003-5x-3-D0-PF-ILMN-NOVASEQ-sent-sentd-Indel_50	Indel_50	I2-HG003-5x-3-D0-PF-ILMN-NOVASEQ	688815815.0	688809500.0	1412.0	4903.0	16480.0	0.3540327821503358	0.7764053840063341	0.9999760752345607	0.7707057007903475	0.2292942992096525	0.22929429920965252	HG003	hg38_m_giabHC	-1	-2	sent	sentd
I2-HG003-5x-3-D0-PF-ILMN-NOVASEQ-sent-sentd-Indel_gt50	Indel_gt50	I2-HG003-5x-3-D0-PF-ILMN-NOVASEQ	688815815.0	688815069.0	290.0	456.0	652.0	0.49190938511326854	0.6112600536193029	0.9999990534478524	0.5884476534296029	0.4115523465703971	0.41155234657039713	HG003	hg38_m_giabHC	-1	-2	sent	sentd
I2-HG003-5x-3-D0-PF-ILMN-NOVASEQ-sent-sentd-All	All	I2-HG003-5x-3-D0-PF-ILMN-NOVASEQ	688815815.0	688647762.0	39484.0	128569.0	763768.0	0.24249379945114533	0.7650503115088693	0.9988921450153292	0.8559187840468343	0.1440812159531657	0.14408121595316567	HG003	hg38_m_giabHC	-1	-2	sent	sentd
I2-HG003-5x-3-D0-PF-ILMN-NOVASEQ-sent-sentd-SNPts	SNPts	I2-HG003-5x-3-D0-PF-ILMN-NOVASEQ	337668665.0	337403108.0	36804.0	228753.0	3202.0	0.919587869237325	0.8614082852269005	0.999990509958157	0.013804401715850057	0.9861955982841499	0.9861955982841499	HG003	giabHC_x_clinvar_genes	-1	-2	sent	sentd
I2-HG003-5x-3-D0-PF-ILMN-NOVASEQ-sent-sentd-SNPtv	SNPtv	I2-HG003-5x-3-D0-PF-ILMN-NOVASEQ	337668665.0	337548408.0	16896.0	103361.0	1583.0	0.9179444141011808	0.8595009022343814	0.9999953103242714	0.01508423540173807	0.9849157645982619	0.9849157645982619	HG003	giabHC_x_clinvar_genes	-1	-2	sent	sentd
I2-HG003-5x-3-D0-PF-ILMN-NOVASEQ-sent-sentd-INS_50	INS_50	I2-HG003-5x-3-D0-PF-ILMN-NOVASEQ	337668665.0	337641846.0	3614.0	23205.0	649.0	0.9158723580605056	0.8652447891420262	0.9999980778485836	0.027207176993376374	0.9727928230066236	0.9727928230066236	HG003	giabHC_x_clinvar_genes	-1	-2	sent	sentd
I2-HG003-5x-3-D0-PF-ILMN-NOVASEQ-sent-sentd-INS_gt50	INS_gt50	I2-HG003-5x-3-D0-PF-ILMN-NOVASEQ	337668665.0	337668665.0	0.0	0.0	0.0			1.0				HG003	giabHC_x_clinvar_genes	-1	-2	sent	sentd
I2-HG003-5x-3-D0-PF-ILMN-NOVASEQ-sent-sentd-DEL_50	DEL_50	I2-HG003-5x-3-D0-PF-ILMN-NOVASEQ	337668665.0	337640176.0	3957.0	24532.0	488.0	0.9169298622661609	0.8611042858647198	0.9999985546764593	0.019504396482813748	0.9804956035171862	0.9804956035171862	HG003	giabHC_x_clinvar_genes	-1	-2	sent	sentd
I2-HG003-5x-3-D0-PF-ILMN-NOVASEQ-sent-sentd-DEL_gt50	DEL_gt50	I2-HG003-5x-3-D0-PF-ILMN-NOVASEQ	337668665.0	337668665.0	0.0	0.0	4.0			0.9999999881540683	1.0	0.0	0.0	HG003	giabHC_x_clinvar_genes	-1	-2	sent	sentd
I2-HG003-5x-3-D0-PF-ILMN-NOVASEQ-sent-sentd-Indel_50	Indel_50	I2-HG003-5x-3-D0-PF-ILMN-NOVASEQ	337668665.0	337666524.0	234.0	1907.0	3.0	0.9414959269316218	0.8907052779075199	0.9999999911154949	0.0015706806282722514	0.9984293193717277	0.9984293193717277	HG003	giabHC_x_clinvar_genes	-1	-2	sent	sentd
I2-HG003-5x-3-D0-PF-ILMN-NOVASEQ-sent-sentd-Indel_gt50	Indel_gt50	I2-HG003-5x-3-D0-PF-ILMN-NOVASEQ	337668665.0	337668637.0	8.0	20.0	0.0	0.8333333333333333	0.7142857142857143	1.0	0.0	1.0	1.0	HG003	giabHC_x_clinvar_genes	-1	-2	sent	sentd
I2-HG003-5x-3-D0-PF-ILMN-NOVASEQ-sent-sentd-All	All	I2-HG003-5x-3-D0-PF-ILMN-NOVASEQ	337668665.0	337225374.0	61513.0	381778.0	5929.0	0.9188421632783714	0.8612356217473398	0.9999824185953461	0.015292476019261968	0.984707523980738	0.984707523980738	HG003	giabHC_x_clinvar_genes	-1	-2	sent	sentd
I2-HG003-5x-3-D0-PF-ILMN-NOVASEQ-sent-sentd-SNPts	SNPts	I2-HG003-5x-3-D0-PF-ILMN-NOVASEQ	377862616.0	377589392.0	38671.0	234553.0	36472.0	0.8619326815483354	0.8584641173542588	0.9999034176324321	0.1345706115671986	0.8654293884328014	0.8654293884328014	HG003	clinvar_genes	-1	-2	sent	sentd
I2-HG003-5x-3-D0-PF-ILMN-NOVASEQ-sent-sentd-SNPtv	SNPtv	I2-HG003-5x-3-D0-PF-ILMN-NOVASEQ	377862616.0	377738289.0	17862.0	106465.0	21078.0	0.8453964346686783	0.8563304833222067	0.9999442025748629	0.16526191166900575	0.8347380883309943	0.8347380883309943	HG003	clinvar_genes	-1	-2	sent	sentd
I2-HG003-5x-3-D0-PF-ILMN-NOVASEQ-sent-sentd-INS_50	INS_50	I2-HG003-5x-3-D0-PF-ILMN-NOVASEQ	377862616.0	377832807.0	4243.0	25566.0	15297.0	0.7235114330993887	0.8576604381227146	0.9999595154776799	0.3743484325673592	0.6256515674326408	0.6256515674326407	HG003	clinvar_genes	-1	-2	sent	sentd
I2-HG003-5x-3-D0-PF-ILMN-NOVASEQ-sent-sentd-INS_gt50	INS_gt50	I2-HG003-5x-3-D0-PF-ILMN-NOVASEQ	377862616.0	377862586.0	25.0	5.0	106.0	0.07092198581560283	0.16666666666666666	0.9999997194748191	0.954954954954955	0.04504504504504503	0.04504504504504504	HG003	clinvar_genes	-1	-2	sent	sentd
I2-HG003-5x-3-D0-PF-ILMN-NOVASEQ-sent-sentd-DEL_50	DEL_50	I2-HG003-5x-3-D0-PF-ILMN-NOVASEQ	377862616.0	377831081.0	4536.0	26999.0	15435.0	0.7300085170814801	0.8561598224195338	0.99995915007987	0.36374133949191684	0.6362586605080831	0.6362586605080831	HG003	clinvar_genes	-1	-2	sent	sentd
I2-HG003-5x-3-D0-PF-ILMN-NOVASEQ-sent-sentd-DEL_gt50	DEL_gt50	I2-HG003-5x-3-D0-PF-ILMN-NOVASEQ	377862616.0	377862598.0	11.0	7.0	181.0	0.06796116504854369	0.3888888888888889	0.9999995209901317	0.9627659574468085	0.037234042553191515	0.03723404255319149	HG003	clinvar_genes	-1	-2	sent	sentd
I2-HG003-5x-3-D0-PF-ILMN-NOVASEQ-sent-sentd-Indel_50	Indel_50	I2-HG003-5x-3-D0-PF-ILMN-NOVASEQ	377862616.0	377859882.0	366.0	2368.0	1830.0	0.683208309290248	0.8661302121433797	0.9999951569583743	0.43592186755597906	0.5640781324440209	0.5640781324440209	HG003	clinvar_genes	-1	-2	sent	sentd
I2-HG003-5x-3-D0-PF-ILMN-NOVASEQ-sent-sentd-Indel_gt50	Indel_gt50	I2-HG003-5x-3-D0-PF-ILMN-NOVASEQ	377862616.0	377862496.0	47.0	73.0	77.0	0.5407407407407407	0.6083333333333333	0.9999997962222101	0.5133333333333333	0.4866666666666667	0.4866666666666667	HG003	clinvar_genes	-1	-2	sent	sentd
I2-HG003-5x-3-D0-PF-ILMN-NOVASEQ-sent-sentd-All	All	I2-HG003-5x-3-D0-PF-ILMN-NOVASEQ	377862616.0	377400819.0	65761.0	396036.0	90476.0	0.8352467391957685	0.8575976024097168	0.9997603229499636	0.18596869141973887	0.8140313085802611	0.8140313085802611	HG003	clinvar_genes	-1	-2	sent	sentd
I2-HG003-5x-3-D0-PF-ILMN-NOVASEQ-sent-sentd-SNPts	SNPts	I2-HG003-5x-3-D0-PF-ILMN-NOVASEQ	2799325643.0	2797071431.0	335538.0	1918674.0	155610.0	0.8865314880734556	0.8511506459907054	0.9999443699071547	0.07501865704021243	0.9249813429597875	0.9249813429597876	HG003	ultima	-1	-2	sent	sentd
I2-HG003-5x-3-D0-PF-ILMN-NOVASEQ-sent-sentd-SNPtv	SNPtv	I2-HG003-5x-3-D0-PF-ILMN-NOVASEQ	2799325643.0	2798266829.0	159916.0	898898.0	85694.0	0.8798036219919095	0.8489668629239885	0.9999693769818864	0.08703503583210101	0.912964964167899	0.912964964167899	HG003	ultima	-1	-2	sent	sentd
I2-HG003-5x-3-D0-PF-ILMN-NOVASEQ-sent-sentd-INS_50	INS_50	I2-HG003-5x-3-D0-PF-ILMN-NOVASEQ	2799325643.0	2799159260.0	24148.0	142235.0	25605.0	0.8511383118456838	0.8548649801962941	0.9999908526941824	0.15255600571973307	0.847443994280267	0.847443994280267	HG003	ultima	-1	-2	sent	sentd
I2-HG003-5x-3-D0-PF-ILMN-NOVASEQ-sent-sentd-INS_gt50	INS_gt50	I2-HG003-5x-3-D0-PF-ILMN-NOVASEQ	2799325643.0	2799325548.0	82.0	13.0	149.0	0.10116731517509728	0.1368421052631579	0.999999946772896	0.9197530864197531	0.08024691358024694	0.08024691358024691	HG003	ultima	-1	-2	sent	sentd
I2-HG003-5x-3-D0-PF-ILMN-NOVASEQ-sent-sentd-DEL_50	DEL_50	I2-HG003-5x-3-D0-PF-ILMN-NOVASEQ	2799325643.0	2799145017.0	27590.0	153036.0	32620.0	0.8356184579094796	0.8472534408114003	0.9999883465773773	0.17570129702245013	0.8242987029775499	0.8242987029775499	HG003	ultima	-1	-2	sent	sentd
I2-HG003-5x-3-D0-PF-ILMN-NOVASEQ-sent-sentd-DEL_gt50	DEL_gt50	I2-HG003-5x-3-D0-PF-ILMN-NOVASEQ	2799325643.0	2799325555.0	47.0	41.0	470.0	0.1368948247078464	0.4659090909090909	0.9999998321024433	0.9197651663405088	0.08023483365949124	0.08023483365949119	HG003	ultima	-1	-2	sent	sentd
I2-HG003-5x-3-D0-PF-ILMN-NOVASEQ-sent-sentd-Indel_50	Indel_50	I2-HG003-5x-3-D0-PF-ILMN-NOVASEQ	2799325643.0	2799313728.0	1450.0	10465.0	1494.0	0.8766859344894027	0.878304657994125	0.9999994662980474	0.12492683334726984	0.8750731666527302	0.8750731666527302	HG003	ultima	-1	-2	sent	sentd
I2-HG003-5x-3-D0-PF-ILMN-NOVASEQ-sent-sentd-Indel_gt50	Indel_gt50	I2-HG003-5x-3-D0-PF-ILMN-NOVASEQ	2799325643.0	2799325046.0	127.0	470.0	188.0	0.749003984063745	0.7872696817420436	0.9999999328409583	0.2857142857142857	0.7142857142857143	0.7142857142857143	HG003	ultima	-1	-2	sent	sentd
I2-HG003-5x-3-D0-PF-ILMN-NOVASEQ-sent-sentd-All	All	I2-HG003-5x-3-D0-PF-ILMN-NOVASEQ	2799325643.0	2795652913.0	548898.0	3123832.0	301830.0	0.8801520118922709	0.8505476852368674	0.9998920476088693	0.08810851741940681	0.9118914825805932	0.9118914825805932	HG003	ultima	-1	-2	sent	sentd
I2-HG003-5x-3-D0-PF-ILMN-NOVASEQ-sent-sentd-SNPts	SNPts	I2-HG003-5x-3-D0-PF-ILMN-NOVASEQ	2505355380.0	2503152252.0	324870.0	1878258.0	13553.0	0.9173557896711038	0.8525414773903287	0.9999945856563025	0.0071640348850915865	0.9928359651149085	0.9928359651149085	HG003	giabHC_x_ultima	-1	-2	sent	sentd
I2-HG003-5x-3-D0-PF-ILMN-NOVASEQ-sent-sentd-SNPtv	SNPtv	I2-HG003-5x-3-D0-PF-ILMN-NOVASEQ	2505355380.0	2504320857.0	154942.0	879581.0	6970.0	0.9157179785890601	0.8502285594423711	0.999997216818052	0.007861927852994357	0.9921380721470057	0.9921380721470057	HG003	giabHC_x_ultima	-1	-2	sent	sentd
I2-HG003-5x-3-D0-PF-ILMN-NOVASEQ-sent-sentd-INS_50	INS_50	I2-HG003-5x-3-D0-PF-ILMN-NOVASEQ	2505355380.0	2505199759.0	22195.0	133426.0	1700.0	0.917815145126175	0.8573778603144819	0.9999993214118593	0.012580850465491468	0.9874191495345085	0.9874191495345085	HG003	giabHC_x_ultima	-1	-2	sent	sentd
I2-HG003-5x-3-D0-PF-ILMN-NOVASEQ-sent-sentd-INS_gt50	INS_gt50	I2-HG003-5x-3-D0-PF-ILMN-NOVASEQ	2505355380.0	2505355380.0	0.0	0.0	1.0			0.9999999996008551	1.0	0.0	0.0	HG003	giabHC_x_ultima	-1	-2	sent	sentd
I2-HG003-5x-3-D0-PF-ILMN-NOVASEQ-sent-sentd-DEL_50	DEL_50	I2-HG003-5x-3-D0-PF-ILMN-NOVASEQ	2505355380.0	2505187543.0	25218.0	142619.0	1612.0	0.9140251483650998	0.8497470760321025	0.9999993565356146	0.011176515450908612	0.9888234845490914	0.9888234845490914	HG003	giabHC_x_ultima	-1	-2	sent	sentd
I2-HG003-5x-3-D0-PF-ILMN-NOVASEQ-sent-sentd-DEL_gt50	DEL_gt50	I2-HG003-5x-3-D0-PF-ILMN-NOVASEQ	2505355380.0	2505355380.0	0.0	0.0	29.0			0.999999988424796	1.0	0.0	0.0	HG003	giabHC_x_ultima	-1	-2	sent	sentd
I2-HG003-5x-3-D0-PF-ILMN-NOVASEQ-sent-sentd-Indel_50	Indel_50	I2-HG003-5x-3-D0-PF-ILMN-NOVASEQ	2505355380.0	2505345813.0	1064.0	8503.0	4.0	0.9409095938917783	0.8887843629141842	0.999999998403414	0.0004702010109321735	0.9995297989890678	0.9995297989890678	HG003	giabHC_x_ultima	-1	-2	sent	sentd
I2-HG003-5x-3-D0-PF-ILMN-NOVASEQ-sent-sentd-Indel_gt50	Indel_gt50	I2-HG003-5x-3-D0-PF-ILMN-NOVASEQ	2505355380.0	2505355152.0	38.0	190.0	0.0	0.9090909090909091	0.8333333333333334	1.0	0.0	1.0	1.0	HG003	giabHC_x_ultima	-1	-2	sent	sentd
I2-HG003-5x-3-D0-PF-ILMN-NOVASEQ-sent-sentd-All	All	I2-HG003-5x-3-D0-PF-ILMN-NOVASEQ	2505355380.0	2501784476.0	528327.0	3042577.0	23869.0	0.916804748883214	0.8520467086205622	0.99999045930115	0.007783929669721887	0.9922160703302781	0.9922160703302781	HG003	giabHC_x_ultima	-1	-2	sent	sentd
I2-HG003-7x-4-D0-PF-ILMN-NOVASEQ-sent-sentd-SNPts	SNPts	I2-HG003-7x-4-D0-PF-ILMN-NOVASEQ	688815815.0	688747975.0	10034.0	57806.0	310184.0	0.26526856801964066	0.8520931603773585	0.9995498435132817	0.8429142096252615	0.15708579037473847	0.15708579037473844	HG003	hg38_m_giabHC	-1	-2	sent	sentd
I2-HG003-7x-4-D0-PF-ILMN-NOVASEQ-sent-sentd-SNPtv	SNPtv	I2-HG003-7x-4-D0-PF-ILMN-NOVASEQ	688815815.0	688780809.0	5235.0	29771.0	208783.0	0.2176560900716479	0.8504542078500829	0.9996969722004161	0.8752022602848831	0.12479773971511687	0.12479773971511691	HG003	hg38_m_giabHC	-1	-2	sent	sentd
I2-HG003-7x-4-D0-PF-ILMN-NOVASEQ-sent-sentd-INS_50	INS_50	I2-HG003-7x-4-D0-PF-ILMN-NOVASEQ	688815815.0	688787665.0	4022.0	24128.0	145921.0	0.24347246958864574	0.8571225577264654	0.9997881929362056	0.8581114855129992	0.1418885144870008	0.1418885144870008	HG003	hg38_m_giabHC	-1	-2	sent	sentd
I2-HG003-7x-4-D0-PF-ILMN-NOVASEQ-sent-sentd-INS_gt50	INS_gt50	I2-HG003-7x-4-D0-PF-ILMN-NOVASEQ	688815815.0	688815580.0	184.0	51.0	961.0	0.0817963111467522	0.2170212765957447	0.9999986048534801	0.9496047430830039	0.05039525691699609	0.05039525691699605	HG003	hg38_m_giabHC	-1	-2	sent	sentd
I2-HG003-7x-4-D0-PF-ILMN-NOVASEQ-sent-sentd-DEL_50	DEL_50	I2-HG003-7x-4-D0-PF-ILMN-NOVASEQ	688815815.0	688787157.0	3407.0	25251.0	152372.0	0.24482138442222015	0.8811152208807314	0.9997788310968001	0.8578393563896567	0.1421606436103433	0.14216064361034325	HG003	hg38_m_giabHC	-1	-2	sent	sentd
I2-HG003-7x-4-D0-PF-ILMN-NOVASEQ-sent-sentd-DEL_gt50	DEL_gt50	I2-HG003-7x-4-D0-PF-ILMN-NOVASEQ	688815815.0	688815679.0	67.0	69.0	1369.0	0.08767471410419314	0.5073529411764706	0.9999980125346724	0.9520166898470097	0.04798331015299029	0.04798331015299027	HG003	hg38_m_giabHC	-1	-2	sent	sentd
I2-HG003-7x-4-D0-PF-ILMN-NOVASEQ-sent-sentd-Indel_50	Indel_50	I2-HG003-7x-4-D0-PF-ILMN-NOVASEQ	688815815.0	688808556.0	782.0	6477.0	22523.0	0.3572630243525745	0.892271662763466	0.9999673025786922	0.7766551724137931	0.22334482758620688	0.22334482758620688	HG003	hg38_m_giabHC	-1	-2	sent	sentd
I2-HG003-7x-4-D0-PF-ILMN-NOVASEQ-sent-sentd-Indel_gt50	Indel_gt50	I2-HG003-7x-4-D0-PF-ILMN-NOVASEQ	688815815.0	688815026.0	172.0	617.0	992.0	0.5145954962468724	0.7820025348542459	0.9999985598476602	0.6165320074580485	0.3834679925419515	0.3834679925419515	HG003	hg38_m_giabHC	-1	-2	sent	sentd
I2-HG003-7x-4-D0-PF-ILMN-NOVASEQ-sent-sentd-All	All	I2-HG003-7x-4-D0-PF-ILMN-NOVASEQ	688815815.0	688647742.0	23903.0	144170.0	843105.0	0.24956982658038965	0.8577820351870913	0.9987772063927051	0.8539717910409966	0.14602820895900337	0.14602820895900331	HG003	hg38_m_giabHC	-1	-2	sent	sentd
I2-HG003-7x-4-D0-PF-ILMN-NOVASEQ-sent-sentd-SNPts	SNPts	I2-HG003-7x-4-D0-PF-ILMN-NOVASEQ	2528531102.0	2526276377.0	149825.0	2104900.0	19154.0	0.9614095618892846	0.9335506547361652	0.9999924181475346	0.009017661509547309	0.9909823384904527	0.9909823384904527	HG003	giabHC	-1	-2	sent	sentd
I2-HG003-7x-4-D0-PF-ILMN-NOVASEQ-sent-sentd-SNPtv	SNPtv	I2-HG003-7x-4-D0-PF-ILMN-NOVASEQ	2528531102.0	2527459424.0	73457.0	998221.0	10264.0	0.9597526732280115	0.9314560903554986	0.9999959390215247	0.010177642701676277	0.9898223572983237	0.9898223572983237	HG003	giabHC	-1	-2	sent	sentd
I2-HG003-7x-4-D0-PF-ILMN-NOVASEQ-sent-sentd-INS_50	INS_50	I2-HG003-7x-4-D0-PF-ILMN-NOVASEQ	2528531102.0	2528298904.0	16203.0	215995.0	4068.0	0.9551785362876746	0.9302190372010095	0.9999983910156159	0.018485615482839005	0.981514384517161	0.981514384517161	HG003	giabHC	-1	-2	sent	sentd
I2-HG003-7x-4-D0-PF-ILMN-NOVASEQ-sent-sentd-INS_gt50	INS_gt50	I2-HG003-7x-4-D0-PF-ILMN-NOVASEQ	2528531102.0	2528531101.0	0.0	1.0	0.0	1.0	1.0	1.0	0.0	1.0	1.0	HG003	giabHC	-1	-2	sent	sentd
I2-HG003-7x-4-D0-PF-ILMN-NOVASEQ-sent-sentd-DEL_50	DEL_50	I2-HG003-7x-4-D0-PF-ILMN-NOVASEQ	2528531102.0	2528284551.0	17673.0	228878.0	2501.0	0.9577887975226498	0.9283190901679571	0.9999990107927033	0.010809105407145851	0.9891908945928541	0.9891908945928541	HG003	giabHC	-1	-2	sent	sentd
I2-HG003-7x-4-D0-PF-ILMN-NOVASEQ-sent-sentd-DEL_gt50	DEL_gt50	I2-HG003-7x-4-D0-PF-ILMN-NOVASEQ	2528531102.0	2528531102.0	0.0	0.0	24.0			0.9999999905083233	1.0	0.0	0.0	HG003	giabHC	-1	-2	sent	sentd
I2-HG003-7x-4-D0-PF-ILMN-NOVASEQ-sent-sentd-Indel_50	Indel_50	I2-HG003-7x-4-D0-PF-ILMN-NOVASEQ	2528531102.0	2528505717.0	1136.0	24249.0	13.0	0.9768566076500091	0.9552491628914713	0.9999999948586235	0.0005358173275080372	0.9994641826724919	0.9994641826724919	HG003	giabHC	-1	-2	sent	sentd
I2-HG003-7x-4-D0-PF-ILMN-NOVASEQ-sent-sentd-Indel_gt50	Indel_gt50	I2-HG003-7x-4-D0-PF-ILMN-NOVASEQ	2528531102.0	2528530749.0	28.0	325.0	0.0	0.9587020648967552	0.9206798866855525	1.0	0.0	1.0	1.0	HG003	giabHC	-1	-2	sent	sentd
I2-HG003-7x-4-D0-PF-ILMN-NOVASEQ-sent-sentd-All	All	I2-HG003-7x-4-D0-PF-ILMN-NOVASEQ	2528531102.0	2524700211.0	258322.0	3572569.0	36024.0	0.9604346215409563	0.9325686896338214	0.9999857315788079	0.009982838186517571	0.9900171618134824	0.9900171618134824	HG003	giabHC	-1	-2	sent	sentd
I2-HG003-7x-4-D0-PF-ILMN-NOVASEQ-sent-sentd-SNPts	SNPts	I2-HG003-7x-4-D0-PF-ILMN-NOVASEQ	337668665.0	337403128.0	15642.0	249895.0	2974.0	0.9640899217987446	0.941092955030749	0.9999911856958651	0.011761030414957943	0.9882389695850421	0.9882389695850421	HG003	giabHC_x_clinvar_genes	-1	-2	sent	sentd
I2-HG003-7x-4-D0-PF-ILMN-NOVASEQ-sent-sentd-SNPtv	SNPtv	I2-HG003-7x-4-D0-PF-ILMN-NOVASEQ	337668665.0	337548429.0	7241.0	112995.0	1512.0	0.9627124131496999	0.9397767723477162	0.9999955206628225	0.013204432916764914	0.9867955670832351	0.9867955670832351	HG003	giabHC_x_clinvar_genes	-1	-2	sent	sentd
I2-HG003-7x-4-D0-PF-ILMN-NOVASEQ-sent-sentd-INS_50	INS_50	I2-HG003-7x-4-D0-PF-ILMN-NOVASEQ	337668665.0	337642033.0	1699.0	24933.0	511.0	0.9575620247330825	0.9362045659357164	0.999998486565129	0.02008332023266782	0.9799166797673322	0.9799166797673322	HG003	giabHC_x_clinvar_genes	-1	-2	sent	sentd
I2-HG003-7x-4-D0-PF-ILMN-NOVASEQ-sent-sentd-INS_gt50	INS_gt50	I2-HG003-7x-4-D0-PF-ILMN-NOVASEQ	337668665.0	337668665.0	0.0	0.0	0.0			1.0				HG003	giabHC_x_clinvar_genes	-1	-2	sent	sentd
I2-HG003-7x-4-D0-PF-ILMN-NOVASEQ-sent-sentd-DEL_50	DEL_50	I2-HG003-7x-4-D0-PF-ILMN-NOVASEQ	337668665.0	337640403.0	1975.0	26287.0	298.0	0.9585574416102977	0.9301181798881891	0.9999991174049837	0.011209328568741772	0.9887906714312582	0.9887906714312582	HG003	giabHC_x_clinvar_genes	-1	-2	sent	sentd
I2-HG003-7x-4-D0-PF-ILMN-NOVASEQ-sent-sentd-DEL_gt50	DEL_gt50	I2-HG003-7x-4-D0-PF-ILMN-NOVASEQ	337668665.0	337668665.0	0.0	0.0	2.0			0.9999999940770341	1.0	0.0	0.0	HG003	giabHC_x_clinvar_genes	-1	-2	sent	sentd
I2-HG003-7x-4-D0-PF-ILMN-NOVASEQ-sent-sentd-Indel_50	Indel_50	I2-HG003-7x-4-D0-PF-ILMN-NOVASEQ	337668665.0	337666105.0	89.0	2471.0	0.0	0.9823096799840986	0.965234375	1.0	0.0	1.0	1.0	HG003	giabHC_x_clinvar_genes	-1	-2	sent	sentd
I2-HG003-7x-4-D0-PF-ILMN-NOVASEQ-sent-sentd-Indel_gt50	Indel_gt50	I2-HG003-7x-4-D0-PF-ILMN-NOVASEQ	337668665.0	337668631.0	4.0	30.0	0.0	0.9375	0.8823529411764706	1.0	0.0	1.0	1.0	HG003	giabHC_x_clinvar_genes	-1	-2	sent	sentd
I2-HG003-7x-4-D0-PF-ILMN-NOVASEQ-sent-sentd-All	All	I2-HG003-7x-4-D0-PF-ILMN-NOVASEQ	337668665.0	337225404.0	26650.0	416611.0	5297.0	0.9630742664150009	0.9398774085696688	0.9999842926519315	0.01255486978203779	0.9874451302179622	0.9874451302179622	HG003	giabHC_x_clinvar_genes	-1	-2	sent	sentd
I2-HG003-7x-4-D0-PF-ILMN-NOVASEQ-sent-sentd-SNPts	SNPts	I2-HG003-7x-4-D0-PF-ILMN-NOVASEQ	3088286401.0	3085963869.0	159859.0	2162673.0	329338.0	0.8983918099807189	0.9311703778462471	0.9998932901127952	0.13215752257915395	0.8678424774208461	0.8678424774208461	HG003	hg38	-1	-2	sent	sentd
I2-HG003-7x-4-D0-PF-ILMN-NOVASEQ-sent-sentd-SNPtv	SNPtv	I2-HG003-7x-4-D0-PF-ILMN-NOVASEQ	3088286401.0	3087179727.0	78692.0	1027982.0	219047.0	0.8735018819281787	0.9288932422736957	0.9999290512771318	0.17565509703463192	0.8243449029653681	0.8243449029653681	HG003	hg38	-1	-2	sent	sentd
I2-HG003-7x-4-D0-PF-ILMN-NOVASEQ-sent-sentd-INS_50	INS_50	I2-HG003-7x-4-D0-PF-ILMN-NOVASEQ	3088286401.0	3088025978.0	20235.0	240188.0	149990.0	0.7383573034778613	0.9222994896764111	0.9999514308764934	0.38441429296372426	0.6155857070362758	0.6155857070362758	HG003	hg38	-1	-2	sent	sentd
I2-HG003-7x-4-D0-PF-ILMN-NOVASEQ-sent-sentd-INS_gt50	INS_gt50	I2-HG003-7x-4-D0-PF-ILMN-NOVASEQ	3088286401.0	3088286165.0	184.0	52.0	961.0	0.08326661329063251	0.22033898305084745	0.9999996888242703	0.9486673247778875	0.05133267522211249	0.05133267522211254	HG003	hg38	-1	-2	sent	sentd
I2-HG003-7x-4-D0-PF-ILMN-NOVASEQ-sent-sentd-DEL_50	DEL_50	I2-HG003-7x-4-D0-PF-ILMN-NOVASEQ	3088286401.0	3088011390.0	21049.0	253962.0	154868.0	0.7427516045396518	0.923461243368447	0.9999498511456115	0.37880781743022773	0.6211921825697723	0.6211921825697723	HG003	hg38	-1	-2	sent	sentd
I2-HG003-7x-4-D0-PF-ILMN-NOVASEQ-sent-sentd-DEL_gt50	DEL_gt50	I2-HG003-7x-4-D0-PF-ILMN-NOVASEQ	3088286401.0	3088286265.0	67.0	69.0	1393.0	0.08635794743429286	0.5073529411764706	0.9999995489409814	0.9528043775649795	0.04719562243502051	0.04719562243502052	HG003	hg38	-1	-2	sent	sentd
I2-HG003-7x-4-D0-PF-ILMN-NOVASEQ-sent-sentd-Indel_50	Indel_50	I2-HG003-7x-4-D0-PF-ILMN-NOVASEQ	3088286401.0	3088253758.0	1917.0	30726.0	22536.0	0.7153483499214248	0.9412737799834574	0.9999927027254512	0.42311591753970934	0.5768840824602907	0.5768840824602907	HG003	hg38	-1	-2	sent	sentd
I2-HG003-7x-4-D0-PF-ILMN-NOVASEQ-sent-sentd-Indel_gt50	Indel_gt50	I2-HG003-7x-4-D0-PF-ILMN-NOVASEQ	3088286401.0	3088285261.0	198.0	942.0	992.0	0.61288223812622	0.8263157894736842	0.9999996787862527	0.5129265770423992	0.4870734229576008	0.4870734229576008	HG003	hg38	-1	-2	sent	sentd
I2-HG003-7x-4-D0-PF-ILMN-NOVASEQ-sent-sentd-All	All	I2-HG003-7x-4-D0-PF-ILMN-NOVASEQ	3088286401.0	3084287606.0	282201.0	3716594.0	879125.0	0.8648758964148525	0.9294284903327127	0.9997150478153526	0.1912921568964508	0.8087078431035493	0.8087078431035492	HG003	hg38	-1	-2	sent	sentd
I2-HG003-7x-4-D0-PF-ILMN-NOVASEQ-sent-sentd-SNPts	SNPts	I2-HG003-7x-4-D0-PF-ILMN-NOVASEQ	332544085.0	332287250.0	13749.0	243086.0	1865.0	0.9688831493903775	0.9464675764595947	0.9999943874177161	0.007613767651489482	0.9923862323485105	0.9923862323485105	HG003	giabHC_x_ultima_x_clinvar	-1	-2	sent	sentd
I2-HG003-7x-4-D0-PF-ILMN-NOVASEQ-sent-sentd-SNPtv	SNPtv	I2-HG003-7x-4-D0-PF-ILMN-NOVASEQ	332544085.0	332429472.0	6280.0	108333.0	968.0	0.9676304295399126	0.945206913700889	0.9999970881126289	0.008856277618686013	0.991143722381314	0.991143722381314	HG003	giabHC_x_ultima_x_clinvar	-1	-2	sent	sentd
I2-HG003-7x-4-D0-PF-ILMN-NOVASEQ-sent-sentd-INS_50	INS_50	I2-HG003-7x-4-D0-PF-ILMN-NOVASEQ	332544085.0	332526469.0	996.0	16620.0	164.0	0.9662790697674419	0.9434604904632152	0.9999995068064217	0.009771210676835082	0.9902287893231649	0.9902287893231649	HG003	giabHC_x_ultima_x_clinvar	-1	-2	sent	sentd
I2-HG003-7x-4-D0-PF-ILMN-NOVASEQ-sent-sentd-INS_gt50	INS_gt50	I2-HG003-7x-4-D0-PF-ILMN-NOVASEQ	332544085.0	332544085.0	0.0	0.0	0.0			1.0				HG003	giabHC_x_ultima_x_clinvar	-1	-2	sent	sentd
I2-HG003-7x-4-D0-PF-ILMN-NOVASEQ-sent-sentd-DEL_50	DEL_50	I2-HG003-7x-4-D0-PF-ILMN-NOVASEQ	332544085.0	332525001.0	1274.0	17810.0	145.0	0.9616890304813844	0.9332425068119891	0.9999995639427521	0.00807574491785018	0.9919242550821499	0.9919242550821498	HG003	giabHC_x_ultima_x_clinvar	-1	-2	sent	sentd
I2-HG003-7x-4-D0-PF-ILMN-NOVASEQ-sent-sentd-DEL_gt50	DEL_gt50	I2-HG003-7x-4-D0-PF-ILMN-NOVASEQ	332544085.0	332544085.0	0.0	0.0	2.0			0.9999999939857599	1.0	0.0	0.0	HG003	giabHC_x_ultima_x_clinvar	-1	-2	sent	sentd
I2-HG003-7x-4-D0-PF-ILMN-NOVASEQ-sent-sentd-Indel_50	Indel_50	I2-HG003-7x-4-D0-PF-ILMN-NOVASEQ	332544085.0	332543063.0	41.0	981.0	0.0	0.9795307039440839	0.9598825831702544	1.0	0.0	1.0	1.0	HG003	giabHC_x_ultima_x_clinvar	-1	-2	sent	sentd
I2-HG003-7x-4-D0-PF-ILMN-NOVASEQ-sent-sentd-Indel_gt50	Indel_gt50	I2-HG003-7x-4-D0-PF-ILMN-NOVASEQ	332544085.0	332544060.0	2.0	23.0	0.0	0.9583333333333334	0.92	1.0	0.0	1.0	1.0	HG003	giabHC_x_ultima_x_clinvar	-1	-2	sent	sentd
I2-HG003-7x-4-D0-PF-ILMN-NOVASEQ-sent-sentd-All	All	I2-HG003-7x-4-D0-PF-ILMN-NOVASEQ	332544085.0	332134890.0	22342.0	386853.0	3144.0	0.9681102913943083	0.9454001148596635	0.9999905340560906	0.008061600473849798	0.9919383995261501	0.9919383995261501	HG003	giabHC_x_ultima_x_clinvar	-1	-2	sent	sentd
I2-HG003-7x-4-D0-PF-ILMN-NOVASEQ-sent-sentd-SNPts	SNPts	I2-HG003-7x-4-D0-PF-ILMN-NOVASEQ	2799325643.0	2797071480.0	141771.0	2112392.0	168160.0	0.9316536981927198	0.9371070326325115	0.9999398835918113	0.07373653396195307	0.9262634660380469	0.9262634660380469	HG003	ultima	-1	-2	sent	sentd
I2-HG003-7x-4-D0-PF-ILMN-NOVASEQ-sent-sentd-SNPtv	SNPtv	I2-HG003-7x-4-D0-PF-ILMN-NOVASEQ	2799325643.0	2798266895.0	68164.0	990584.0	92215.0	0.9251106793360128	0.9356182963273603	0.9999670467597706	0.08516354374172862	0.9148364562582714	0.9148364562582714	HG003	ultima	-1	-2	sent	sentd
I2-HG003-7x-4-D0-PF-ILMN-NOVASEQ-sent-sentd-INS_50	INS_50	I2-HG003-7x-4-D0-PF-ILMN-NOVASEQ	2799325643.0	2799159981.0	11074.0	154588.0	27417.0	0.8892877379791583	0.933153046564692	0.9999902053717377	0.15063871871651877	0.8493612812834812	0.8493612812834812	HG003	ultima	-1	-2	sent	sentd
I2-HG003-7x-4-D0-PF-ILMN-NOVASEQ-sent-sentd-INS_gt50	INS_gt50	I2-HG003-7x-4-D0-PF-ILMN-NOVASEQ	2799325643.0	2799325546.0	76.0	21.0	186.0	0.13815789473684212	0.21649484536082475	0.999999933555428	0.8985507246376812	0.10144927536231885	0.10144927536231885	HG003	ultima	-1	-2	sent	sentd
I2-HG003-7x-4-D0-PF-ILMN-NOVASEQ-sent-sentd-DEL_50	DEL_50	I2-HG003-7x-4-D0-PF-ILMN-NOVASEQ	2799325643.0	2799145941.0	12870.0	166832.0	35129.0	0.8742372197462158	0.9283814314810075	0.9999874502580857	0.17393952297720847	0.8260604770227915	0.8260604770227915	HG003	ultima	-1	-2	sent	sentd
I2-HG003-7x-4-D0-PF-ILMN-NOVASEQ-sent-sentd-DEL_gt50	DEL_gt50	I2-HG003-7x-4-D0-PF-ILMN-NOVASEQ	2799325643.0	2799325556.0	40.0	47.0	529.0	0.14177978883861236	0.5402298850574713	0.9999998110259456	0.9184027777777778	0.08159722222222221	0.08159722222222222	HG003	ultima	-1	-2	sent	sentd
I2-HG003-7x-4-D0-PF-ILMN-NOVASEQ-sent-sentd-Indel_50	Indel_50	I2-HG003-7x-4-D0-PF-ILMN-NOVASEQ	2799325643.0	2799311972.0	710.0	12961.0	1910.0	0.9082054516151636	0.9480652476044181	0.9999993176899481	0.12843789926702978	0.8715621007329702	0.8715621007329702	HG003	ultima	-1	-2	sent	sentd
I2-HG003-7x-4-D0-PF-ILMN-NOVASEQ-sent-sentd-Indel_gt50	Indel_gt50	I2-HG003-7x-4-D0-PF-ILMN-NOVASEQ	2799325643.0	2799324958.0	68.0	617.0	254.0	0.7930591259640103	0.9007299270072993	0.9999999092638473	0.29161882893226176	0.7083811710677382	0.7083811710677382	HG003	ultima	-1	-2	sent	sentd
I2-HG003-7x-4-D0-PF-ILMN-NOVASEQ-sent-sentd-All	All	I2-HG003-7x-4-D0-PF-ILMN-NOVASEQ	2799325643.0	2795652828.0	234773.0	3438042.0	325800.0	0.9246202964584759	0.9360781852611689	0.9998834755041626	0.086560487926964	0.913439512073036	0.913439512073036	HG003	ultima	-1	-2	sent	sentd
I2-HG003-7x-4-D0-PF-ILMN-NOVASEQ-sent-sentd-SNPts	SNPts	I2-HG003-7x-4-D0-PF-ILMN-NOVASEQ	377862616.0	377589403.0	16809.0	256404.0	38746.0	0.9022543691267729	0.9384765732230896	0.9998973964199899	0.13127562256479755	0.8687243774352025	0.8687243774352025	HG003	clinvar_genes	-1	-2	sent	sentd
I2-HG003-7x-4-D0-PF-ILMN-NOVASEQ-sent-sentd-SNPtv	SNPtv	I2-HG003-7x-4-D0-PF-ILMN-NOVASEQ	377862616.0	377738315.0	7868.0	116433.0	22552.0	0.8844602447528542	0.9367020377953517	0.9999403008570499	0.16226211461668524	0.8377378853833147	0.8377378853833147	HG003	clinvar_genes	-1	-2	sent	sentd
I2-HG003-7x-4-D0-PF-ILMN-NOVASEQ-sent-sentd-INS_50	INS_50	I2-HG003-7x-4-D0-PF-ILMN-NOVASEQ	377862616.0	377833054.0	2111.0	27451.0	16501.0	0.7468237342546997	0.9285907584060619	0.9999563291797445	0.3754322897706589	0.6245677102293411	0.6245677102293411	HG003	clinvar_genes	-1	-2	sent	sentd
I2-HG003-7x-4-D0-PF-ILMN-NOVASEQ-sent-sentd-INS_gt50	INS_gt50	I2-HG003-7x-4-D0-PF-ILMN-NOVASEQ	377862616.0	377862586.0	20.0	10.0	128.0	0.11904761904761905	0.3333333333333333	0.9999996612526315	0.927536231884058	0.07246376811594202	0.07246376811594203	HG003	clinvar_genes	-1	-2	sent	sentd
I2-HG003-7x-4-D0-PF-ILMN-NOVASEQ-sent-sentd-DEL_50	DEL_50	I2-HG003-7x-4-D0-PF-ILMN-NOVASEQ	377862616.0	377831327.0	2321.0	28968.0	16666.0	0.7531687531687531	0.9258205759212503	0.99995589231567	0.36521015032651094	0.6347898496734891	0.6347898496734891	HG003	clinvar_genes	-1	-2	sent	sentd
I2-HG003-7x-4-D0-PF-ILMN-NOVASEQ-sent-sentd-DEL_gt50	DEL_gt50	I2-HG003-7x-4-D0-PF-ILMN-NOVASEQ	377862616.0	377862599.0	10.0	7.0	194.0	0.06422018348623854	0.4117647058823529	0.999999486586127	0.9651741293532339	0.03482587064676612	0.03482587064676617	HG003	clinvar_genes	-1	-2	sent	sentd
I2-HG003-7x-4-D0-PF-ILMN-NOVASEQ-sent-sentd-Indel_50	Indel_50	I2-HG003-7x-4-D0-PF-ILMN-NOVASEQ	377862616.0	377859357.0	163.0	3096.0	2461.0	0.7023593466424682	0.9499846578705125	0.9999934870371052	0.4428648551376642	0.5571351448623358	0.5571351448623358	HG003	clinvar_genes	-1	-2	sent	sentd
I2-HG003-7x-4-D0-PF-ILMN-NOVASEQ-sent-sentd-Indel_gt50	Indel_gt50	I2-HG003-7x-4-D0-PF-ILMN-NOVASEQ	377862616.0	377862501.0	21.0	94.0	119.0	0.573170731707317	0.8173913043478261	0.9999996850707276	0.5586854460093896	0.44131455399061037	0.4413145539906103	HG003	clinvar_genes	-1	-2	sent	sentd
I2-HG003-7x-4-D0-PF-ILMN-NOVASEQ-sent-sentd-All	All	I2-HG003-7x-4-D0-PF-ILMN-NOVASEQ	377862616.0	377400830.0	29323.0	432463.0	97367.0	0.8722388505227829	0.9365008900226511	0.9997420729402848	0.1837702659343563	0.8162297340656437	0.8162297340656437	HG003	clinvar_genes	-1	-2	sent	sentd
I2-HG003-7x-4-D0-PF-ILMN-NOVASEQ-sent-sentd-SNPts	SNPts	I2-HG003-7x-4-D0-PF-ILMN-NOVASEQ	2505355380.0	2503152288.0	136228.0	2066864.0	14076.0	0.9649152947503661	0.9381650879763532	0.9999943767221379	0.0067642507712860536	0.9932357492287139	0.9932357492287139	HG003	giabHC_x_ultima	-1	-2	sent	sentd
I2-HG003-7x-4-D0-PF-ILMN-NOVASEQ-sent-sentd-SNPtv	SNPtv	I2-HG003-7x-4-D0-PF-ILMN-NOVASEQ	2505355380.0	2504320923.0	65486.0	968971.0	7371.0	0.9637671393311812	0.9366952903793971	0.9999970566957944	0.007549608641234322	0.9924503913587657	0.9924503913587657	HG003	giabHC_x_ultima	-1	-2	sent	sentd
I2-HG003-7x-4-D0-PF-ILMN-NOVASEQ-sent-sentd-INS_50	INS_50	I2-HG003-7x-4-D0-PF-ILMN-NOVASEQ	2505355380.0	2505200372.0	9955.0	145053.0	1410.0	0.962301514905248	0.9357775082576383	0.9999994371710853	0.009627004772536408	0.9903729952274636	0.9903729952274636	HG003	giabHC_x_ultima	-1	-2	sent	sentd
I2-HG003-7x-4-D0-PF-ILMN-NOVASEQ-sent-sentd-INS_gt50	INS_gt50	I2-HG003-7x-4-D0-PF-ILMN-NOVASEQ	2505355380.0	2505355380.0	0.0	0.0	0.0			1.0				HG003	giabHC_x_ultima	-1	-2	sent	sentd
I2-HG003-7x-4-D0-PF-ILMN-NOVASEQ-sent-sentd-DEL_50	DEL_50	I2-HG003-7x-4-D0-PF-ILMN-NOVASEQ	2505355380.0	2505188256.0	11610.0	155514.0	1165.0	0.9605469992557202	0.9305306239678323	0.9999995349653044	0.00743558485821329	0.9925644151417867	0.9925644151417867	HG003	giabHC_x_ultima	-1	-2	sent	sentd
I2-HG003-7x-4-D0-PF-ILMN-NOVASEQ-sent-sentd-DEL_gt50	DEL_gt50	I2-HG003-7x-4-D0-PF-ILMN-NOVASEQ	2505355380.0	2505355380.0	0.0	0.0	22.0			0.9999999912188107	1.0	0.0	0.0	HG003	giabHC_x_ultima	-1	-2	sent	sentd
I2-HG003-7x-4-D0-PF-ILMN-NOVASEQ-sent-sentd-Indel_50	Indel_50	I2-HG003-7x-4-D0-PF-ILMN-NOVASEQ	2505355380.0	2505344444.0	526.0	10410.0	4.0	0.975175644028103	0.9519019751280176	0.9999999984034131	0.0003840983291722681	0.9996159016708277	0.9996159016708277	HG003	giabHC_x_ultima	-1	-2	sent	sentd
I2-HG003-7x-4-D0-PF-ILMN-NOVASEQ-sent-sentd-Indel_gt50	Indel_gt50	I2-HG003-7x-4-D0-PF-ILMN-NOVASEQ	2505355380.0	2505355109.0	13.0	258.0	0.0	0.9754253308128544	0.9520295202952029	1.0	0.0	1.0	1.0	HG003	giabHC_x_ultima	-1	-2	sent	sentd
I2-HG003-7x-4-D0-PF-ILMN-NOVASEQ-sent-sentd-All	All	I2-HG003-7x-4-D0-PF-ILMN-NOVASEQ	2505355380.0	2501784492.0	223818.0	3347070.0	24048.0	0.9642947586043573	0.9373214729781499	0.9999903877536528	0.007133538487825108	0.992866461512175	0.992866461512175	HG003	giabHC_x_ultima	-1	-2	sent	sentd
