mqc_id	SNPClass	Sample	TgtRegionSize	TN	FN	TP	FP	Fscore	Sensitivity-Recall	Specificity	FDR	PPV	Precision	AltId	CmpFootprint	AllVarMeanDP	CovBin	Aligner	SNVCaller
I2-HG003-10x-5-D0-PF-ILMN-NOVASEQ-sent-clair3-SNPts	SNPts	I2-HG003-10x-5-D0-PF-ILMN-NOVASEQ	377862616.0	377589327.0	5779.0	267510.0	0.0	0.9893139595302506	0.9788538872768388	1.0	0.0	1.0	1.0	HG003	clinvar_genes	-1	-2	sent	clair3
I2-HG003-10x-5-D0-PF-ILMN-NOVASEQ-sent-clair3-SNPtv	SNPtv	I2-HG003-10x-5-D0-PF-ILMN-NOVASEQ	377862616.0	377738197.0	3095.0	121324.0	0.0	0.9874055415617129	0.9751243781094527	1.0	0.0	1.0	1.0	HG003	clinvar_genes	-1	-2	sent	clair3
I2-HG003-10x-5-D0-PF-ILMN-NOVASEQ-sent-clair3-INS_50	INS_50	I2-HG003-10x-5-D0-PF-ILMN-NOVASEQ	377862616.0	377833518.0	1544.0	27554.0	0.0	0.9727458871707971	0.9469379338786171	1.0	0.0	1.0	1.0	HG003	clinvar_genes	-1	-2	sent	clair3
I2-HG003-10x-5-D0-PF-ILMN-NOVASEQ-sent-clair3-INS_gt50	INS_gt50	I2-HG003-10x-5-D0-PF-ILMN-NOVASEQ	377862616.0	377862586.0	30.0	0.0	0.0		0.0	1.0				HG003	clinvar_genes	-1	-2	sent	clair3
I2-HG003-10x-5-D0-PF-ILMN-NOVASEQ-sent-clair3-DEL_50	DEL_50	I2-HG003-10x-5-D0-PF-ILMN-NOVASEQ	377862616.0	377831767.0	1210.0	29639.0	0.0	0.9799960322708636	0.9607766864404033	1.0	0.0	1.0	1.0	HG003	clinvar_genes	-1	-2	sent	clair3
I2-HG003-10x-5-D0-PF-ILMN-NOVASEQ-sent-clair3-DEL_gt50	DEL_gt50	I2-HG003-10x-5-D0-PF-ILMN-NOVASEQ	377862616.0	377862598.0	18.0	0.0	0.0		0.0	1.0				HG003	clinvar_genes	-1	-2	sent	clair3
I2-HG003-10x-5-D0-PF-ILMN-NOVASEQ-sent-clair3-Indel_50	Indel_50	I2-HG003-10x-5-D0-PF-ILMN-NOVASEQ	377862616.0	377858540.0	189.0	3887.0	0.0	0.9762652266733642	0.953631010794897	1.0	0.0	1.0	1.0	HG003	clinvar_genes	-1	-2	sent	clair3
I2-HG003-10x-5-D0-PF-ILMN-NOVASEQ-sent-clair3-Indel_gt50	Indel_gt50	I2-HG003-10x-5-D0-PF-ILMN-NOVASEQ	377862616.0	377862473.0	33.0	110.0	0.0	0.8695652173913044	0.7692307692307693	1.0	0.0	1.0	1.0	HG003	clinvar_genes	-1	-2	sent	clair3
I2-HG003-10x-5-D0-PF-ILMN-NOVASEQ-sent-clair3-All	All	I2-HG003-10x-5-D0-PF-ILMN-NOVASEQ	377862616.0	377400694.0	11898.0	450024.0	0.0	0.9869531748590377	0.9742424045618091	1.0	0.0	1.0	1.0	HG003	clinvar_genes	-1	-2	sent	clair3
I2-HG003-10x-5-D0-PF-ILMN-NOVASEQ-sent-clair3-SNPts	SNPts	I2-HG003-10x-5-D0-PF-ILMN-NOVASEQ			44951.0	0.0	0.0		0.0					HG003	giabHC	-1	-2	sent	clair3
I2-HG003-10x-5-D0-PF-ILMN-NOVASEQ-sent-clair3-SNPtv	SNPtv	I2-HG003-10x-5-D0-PF-ILMN-NOVASEQ			25932.0	0.0	0.0		0.0					HG003	giabHC	-1	-2	sent	clair3
I2-HG003-10x-5-D0-PF-ILMN-NOVASEQ-sent-clair3-INS_50	INS_50	I2-HG003-10x-5-D0-PF-ILMN-NOVASEQ			9800.0	0.0	0.0		0.0					HG003	giabHC	-1	-2	sent	clair3
I2-HG003-10x-5-D0-PF-ILMN-NOVASEQ-sent-clair3-INS_gt50	INS_gt50	I2-HG003-10x-5-D0-PF-ILMN-NOVASEQ			1.0	0.0	0.0		0.0					HG003	giabHC	-1	-2	sent	clair3
I2-HG003-10x-5-D0-PF-ILMN-NOVASEQ-sent-clair3-DEL_50	DEL_50	I2-HG003-10x-5-D0-PF-ILMN-NOVASEQ			8131.0	0.0	0.0		0.0					HG003	giabHC	-1	-2	sent	clair3
I2-HG003-10x-5-D0-PF-ILMN-NOVASEQ-sent-clair3-DEL_gt50	DEL_gt50	I2-HG003-10x-5-D0-PF-ILMN-NOVASEQ			0.0	0.0	0.0							HG003	giabHC	-1	-2	sent	clair3
I2-HG003-10x-5-D0-PF-ILMN-NOVASEQ-sent-clair3-Indel_50	Indel_50	I2-HG003-10x-5-D0-PF-ILMN-NOVASEQ			1087.0	0.0	0.0		0.0					HG003	giabHC	-1	-2	sent	clair3
I2-HG003-10x-5-D0-PF-ILMN-NOVASEQ-sent-clair3-Indel_gt50	Indel_gt50	I2-HG003-10x-5-D0-PF-ILMN-NOVASEQ			47.0	0.0	0.0		0.0					HG003	giabHC	-1	-2	sent	clair3
I2-HG003-10x-5-D0-PF-ILMN-NOVASEQ-sent-clair3-All	All	I2-HG003-10x-5-D0-PF-ILMN-NOVASEQ	2528531102.0	2528441153.0	89949.0	0.0	0.0		0.0	1.0				HG003	giabHC	-1	-2	sent	clair3
I2-HG003-10x-5-D0-PF-ILMN-NOVASEQ-sent-clair3-SNPts	SNPts	I2-HG003-10x-5-D0-PF-ILMN-NOVASEQ			50597.0	0.0	0.0		0.0					HG003	hg38	-1	-2	sent	clair3
I2-HG003-10x-5-D0-PF-ILMN-NOVASEQ-sent-clair3-SNPtv	SNPtv	I2-HG003-10x-5-D0-PF-ILMN-NOVASEQ			29208.0	0.0	0.0		0.0					HG003	hg38	-1	-2	sent	clair3
I2-HG003-10x-5-D0-PF-ILMN-NOVASEQ-sent-clair3-INS_50	INS_50	I2-HG003-10x-5-D0-PF-ILMN-NOVASEQ			14476.0	0.0	0.0		0.0					HG003	hg38	-1	-2	sent	clair3
I2-HG003-10x-5-D0-PF-ILMN-NOVASEQ-sent-clair3-INS_gt50	INS_gt50	I2-HG003-10x-5-D0-PF-ILMN-NOVASEQ			238.0	0.0	0.0		0.0					HG003	hg38	-1	-2	sent	clair3
I2-HG003-10x-5-D0-PF-ILMN-NOVASEQ-sent-clair3-DEL_50	DEL_50	I2-HG003-10x-5-D0-PF-ILMN-NOVASEQ			11594.0	0.0	0.0		0.0					HG003	hg38	-1	-2	sent	clair3
I2-HG003-10x-5-D0-PF-ILMN-NOVASEQ-sent-clair3-DEL_gt50	DEL_gt50	I2-HG003-10x-5-D0-PF-ILMN-NOVASEQ			137.0	0.0	0.0		0.0					HG003	hg38	-1	-2	sent	clair3
I2-HG003-10x-5-D0-PF-ILMN-NOVASEQ-sent-clair3-Indel_50	Indel_50	I2-HG003-10x-5-D0-PF-ILMN-NOVASEQ			2028.0	0.0	0.0		0.0					HG003	hg38	-1	-2	sent	clair3
I2-HG003-10x-5-D0-PF-ILMN-NOVASEQ-sent-clair3-Indel_gt50	Indel_gt50	I2-HG003-10x-5-D0-PF-ILMN-NOVASEQ			269.0	0.0	0.0		0.0					HG003	hg38	-1	-2	sent	clair3
I2-HG003-10x-5-D0-PF-ILMN-NOVASEQ-sent-clair3-All	All	I2-HG003-10x-5-D0-PF-ILMN-NOVASEQ	3088286401.0	3088177854.0	108547.0	0.0	0.0		0.0	1.0				HG003	hg38	-1	-2	sent	clair3
I2-HG003-10x-5-D0-PF-ILMN-NOVASEQ-sent-clair3-SNPts	SNPts	I2-HG003-10x-5-D0-PF-ILMN-NOVASEQ	2799325643.0	2797071173.0	35182.0	2219288.0	0.0	0.9921359179463887	0.9843945583662679	1.0	0.0	1.0	1.0	HG003	ultima	-1	-2	sent	clair3
I2-HG003-10x-5-D0-PF-ILMN-NOVASEQ-sent-clair3-SNPtv	SNPtv	I2-HG003-10x-5-D0-PF-ILMN-NOVASEQ	2799325643.0	2798266444.0	20491.0	1038708.0	0.0	0.9902326461563835	0.9806542491071083	1.0	0.0	1.0	1.0	HG003	ultima	-1	-2	sent	clair3
I2-HG003-10x-5-D0-PF-ILMN-NOVASEQ-sent-clair3-INS_50	INS_50	I2-HG003-10x-5-D0-PF-ILMN-NOVASEQ	2799325643.0	2799161595.0	6350.0	157698.0	0.0	0.9802639349051736	0.9612918170291622	1.0	0.0	1.0	1.0	HG003	ultima	-1	-2	sent	clair3
I2-HG003-10x-5-D0-PF-ILMN-NOVASEQ-sent-clair3-INS_gt50	INS_gt50	I2-HG003-10x-5-D0-PF-ILMN-NOVASEQ	2799325643.0	2799325547.0	96.0	0.0	0.0		0.0	1.0				HG003	ultima	-1	-2	sent	clair3
I2-HG003-10x-5-D0-PF-ILMN-NOVASEQ-sent-clair3-DEL_50	DEL_50	I2-HG003-10x-5-D0-PF-ILMN-NOVASEQ	2799325643.0	2799147794.0	6040.0	171809.0	0.0	0.9827259779556023	0.9660386057835579	1.0	0.0	1.0	1.0	HG003	ultima	-1	-2	sent	clair3
I2-HG003-10x-5-D0-PF-ILMN-NOVASEQ-sent-clair3-DEL_gt50	DEL_gt50	I2-HG003-10x-5-D0-PF-ILMN-NOVASEQ	2799325643.0	2799325554.0	88.0	1.0	0.0	0.02222222222222222	0.011235955056179775	1.0	0.0	1.0	1.0	HG003	ultima	-1	-2	sent	clair3
I2-HG003-10x-5-D0-PF-ILMN-NOVASEQ-sent-clair3-Indel_50	Indel_50	I2-HG003-10x-5-D0-PF-ILMN-NOVASEQ	2799325643.0	2799308643.0	733.0	16267.0	0.0	0.9779661526437611	0.9568823529411765	1.0	0.0	1.0	1.0	HG003	ultima	-1	-2	sent	clair3
I2-HG003-10x-5-D0-PF-ILMN-NOVASEQ-sent-clair3-Indel_gt50	Indel_gt50	I2-HG003-10x-5-D0-PF-ILMN-NOVASEQ	2799325643.0	2799324835.0	97.0	711.0	0.0	0.9361421988150099	0.879950495049505	1.0	0.0	1.0	1.0	HG003	ultima	-1	-2	sent	clair3
I2-HG003-10x-5-D0-PF-ILMN-NOVASEQ-sent-clair3-All	All	I2-HG003-10x-5-D0-PF-ILMN-NOVASEQ	2799325643.0	2795652084.0	69077.0	3604482.0	0.0	0.9905088470922326	0.9811961642646817	1.0	0.0	1.0	1.0	HG003	ultima	-1	-2	sent	clair3
I2-HG003-10x-5-D0-PF-ILMN-NOVASEQ-sent-clair3-SNPts	SNPts	I2-HG003-10x-5-D0-PF-ILMN-NOVASEQ	337668665.0	337403094.0	5017.0	260554.0	23562.0	0.9480085939816659	0.9811086300838571	0.9999301714918456	0.08293091554153938	0.9170690844584606	0.9170690844584606	HG003	giabHC_x_clinvar_genes	-1	-2	sent	clair3
I2-HG003-10x-5-D0-PF-ILMN-NOVASEQ-sent-clair3-SNPtv	SNPtv	I2-HG003-10x-5-D0-PF-ILMN-NOVASEQ	337668665.0	337548353.0	2683.0	117629.0	5199.0	0.9675824627786461	0.977699647582951	0.999984597999431	0.04232748233301853	0.9576725176669815	0.9576725176669815	HG003	giabHC_x_clinvar_genes	-1	-2	sent	clair3
I2-HG003-10x-5-D0-PF-ILMN-NOVASEQ-sent-clair3-INS_50	INS_50	I2-HG003-10x-5-D0-PF-ILMN-NOVASEQ	337668665.0	337642398.0	1082.0	25185.0	578.0	0.9680953296175283	0.9588076293448052	0.9999982881326103	0.02243527539494624	0.9775647246050537	0.9775647246050537	HG003	giabHC_x_clinvar_genes	-1	-2	sent	clair3
I2-HG003-10x-5-D0-PF-ILMN-NOVASEQ-sent-clair3-INS_gt50	INS_gt50	I2-HG003-10x-5-D0-PF-ILMN-NOVASEQ	337668665.0	337668665.0	0.0	0.0	0.0			1.0				HG003	giabHC_x_clinvar_genes	-1	-2	sent	clair3
I2-HG003-10x-5-D0-PF-ILMN-NOVASEQ-sent-clair3-DEL_50	DEL_50	I2-HG003-10x-5-D0-PF-ILMN-NOVASEQ	337668665.0	337640695.0	854.0	27116.0	649.0	0.973033103077061	0.9694672863782624	0.9999980778420311	0.023374752386097604	0.9766252476139023	0.9766252476139023	HG003	giabHC_x_clinvar_genes	-1	-2	sent	clair3
I2-HG003-10x-5-D0-PF-ILMN-NOVASEQ-sent-clair3-DEL_gt50	DEL_gt50	I2-HG003-10x-5-D0-PF-ILMN-NOVASEQ	337668665.0	337668665.0	0.0	0.0	0.0			1.0				HG003	giabHC_x_clinvar_genes	-1	-2	sent	clair3
I2-HG003-10x-5-D0-PF-ILMN-NOVASEQ-sent-clair3-Indel_50	Indel_50	I2-HG003-10x-5-D0-PF-ILMN-NOVASEQ	337668665.0	337665487.0	102.0	3076.0	2.0	0.9833759590792839	0.9679043423536816	0.9999999940769784	0.000649772579597141	0.9993502274204029	0.9993502274204028	HG003	giabHC_x_clinvar_genes	-1	-2	sent	clair3
I2-HG003-10x-5-D0-PF-ILMN-NOVASEQ-sent-clair3-Indel_gt50	Indel_gt50	I2-HG003-10x-5-D0-PF-ILMN-NOVASEQ	337668665.0	337668629.0	5.0	31.0	0.0	0.9253731343283582	0.8611111111111112	1.0	0.0	1.0	1.0	HG003	giabHC_x_clinvar_genes	-1	-2	sent	clair3
I2-HG003-10x-5-D0-PF-ILMN-NOVASEQ-sent-clair3-All	All	I2-HG003-10x-5-D0-PF-ILMN-NOVASEQ	337668665.0	337225331.0	9743.0	433591.0	29990.0	0.956188837983714	0.9780233413182837	0.9999110762732785	0.0646920387159957	0.9353079612840043	0.9353079612840043	HG003	giabHC_x_clinvar_genes	-1	-2	sent	clair3
I2-HG003-10x-5-D0-PF-ILMN-NOVASEQ-sent-clair3-SNPts	SNPts	I2-HG003-10x-5-D0-PF-ILMN-NOVASEQ	2505355380.0	2503152161.0	33130.0	2170089.0	0.0	0.9924244988004504	0.9849629110860064	1.0	0.0	1.0	1.0	HG003	giabHC_x_ultima	-1	-2	sent	clair3
I2-HG003-10x-5-D0-PF-ILMN-NOVASEQ-sent-clair3-SNPtv	SNPtv	I2-HG003-10x-5-D0-PF-ILMN-NOVASEQ	2505355380.0	2504320663.0	19319.0	1015398.0	0.0	0.9905766261892626	0.9813291943594239	1.0	0.0	1.0	1.0	HG003	giabHC_x_ultima	-1	-2	sent	clair3
I2-HG003-10x-5-D0-PF-ILMN-NOVASEQ-sent-clair3-INS_50	INS_50	I2-HG003-10x-5-D0-PF-ILMN-NOVASEQ	2505355380.0	2505201653.0	5192.0	148535.0	0.0	0.9828228490514851	0.9662258419145628	1.0	0.0	1.0	1.0	HG003	giabHC_x_ultima	-1	-2	sent	clair3
I2-HG003-10x-5-D0-PF-ILMN-NOVASEQ-sent-clair3-INS_gt50	INS_gt50	I2-HG003-10x-5-D0-PF-ILMN-NOVASEQ	2505355380.0	2505355380.0	0.0	0.0	0.0			1.0				HG003	giabHC_x_ultima	-1	-2	sent	clair3
I2-HG003-10x-5-D0-PF-ILMN-NOVASEQ-sent-clair3-DEL_50	DEL_50	I2-HG003-10x-5-D0-PF-ILMN-NOVASEQ	2505355380.0	2505189649.0	4742.0	160989.0	0.0	0.9854860430950049	0.9713873686878134	1.0	0.0	1.0	1.0	HG003	giabHC_x_ultima	-1	-2	sent	clair3
I2-HG003-10x-5-D0-PF-ILMN-NOVASEQ-sent-clair3-DEL_gt50	DEL_gt50	I2-HG003-10x-5-D0-PF-ILMN-NOVASEQ	2505355380.0	2505355380.0	0.0	0.0	0.0			1.0				HG003	giabHC_x_ultima	-1	-2	sent	clair3
I2-HG003-10x-5-D0-PF-ILMN-NOVASEQ-sent-clair3-Indel_50	Indel_50	I2-HG003-10x-5-D0-PF-ILMN-NOVASEQ	2505355380.0	2505341758.0	512.0	13110.0	0.0	0.9808469250336674	0.9624137424754075	1.0	0.0	1.0	1.0	HG003	giabHC_x_ultima	-1	-2	sent	clair3
I2-HG003-10x-5-D0-PF-ILMN-NOVASEQ-sent-clair3-Indel_gt50	Indel_gt50	I2-HG003-10x-5-D0-PF-ILMN-NOVASEQ	2505355380.0	2505355062.0	29.0	289.0	0.0	0.9522240527182866	0.9088050314465409	1.0	0.0	1.0	1.0	HG003	giabHC_x_ultima	-1	-2	sent	clair3
I2-HG003-10x-5-D0-PF-ILMN-NOVASEQ-sent-clair3-All	All	I2-HG003-10x-5-D0-PF-ILMN-NOVASEQ	2505355380.0	2501784046.0	62924.0	3508410.0	0.0	0.9911121080084252	0.98238081344394	1.0	0.0	1.0	1.0	HG003	giabHC_x_ultima	-1	-2	sent	clair3
I2-HG003-10x-5-D0-PF-ILMN-NOVASEQ-sent-clair3-SNPts	SNPts	I2-HG003-10x-5-D0-PF-ILMN-NOVASEQ			5646.0	0.0	0.0		0.0					HG003	hg38_m_giabHC	-1	-2	sent	clair3
I2-HG003-10x-5-D0-PF-ILMN-NOVASEQ-sent-clair3-SNPtv	SNPtv	I2-HG003-10x-5-D0-PF-ILMN-NOVASEQ			3276.0	0.0	0.0		0.0					HG003	hg38_m_giabHC	-1	-2	sent	clair3
I2-HG003-10x-5-D0-PF-ILMN-NOVASEQ-sent-clair3-INS_50	INS_50	I2-HG003-10x-5-D0-PF-ILMN-NOVASEQ			4670.0	0.0	0.0		0.0					HG003	hg38_m_giabHC	-1	-2	sent	clair3
I2-HG003-10x-5-D0-PF-ILMN-NOVASEQ-sent-clair3-INS_gt50	INS_gt50	I2-HG003-10x-5-D0-PF-ILMN-NOVASEQ			237.0	0.0	0.0		0.0					HG003	hg38_m_giabHC	-1	-2	sent	clair3
I2-HG003-10x-5-D0-PF-ILMN-NOVASEQ-sent-clair3-DEL_50	DEL_50	I2-HG003-10x-5-D0-PF-ILMN-NOVASEQ			3475.0	0.0	0.0		0.0					HG003	hg38_m_giabHC	-1	-2	sent	clair3
I2-HG003-10x-5-D0-PF-ILMN-NOVASEQ-sent-clair3-DEL_gt50	DEL_gt50	I2-HG003-10x-5-D0-PF-ILMN-NOVASEQ			137.0	0.0	0.0		0.0					HG003	hg38_m_giabHC	-1	-2	sent	clair3
I2-HG003-10x-5-D0-PF-ILMN-NOVASEQ-sent-clair3-Indel_50	Indel_50	I2-HG003-10x-5-D0-PF-ILMN-NOVASEQ			942.0	0.0	0.0		0.0					HG003	hg38_m_giabHC	-1	-2	sent	clair3
I2-HG003-10x-5-D0-PF-ILMN-NOVASEQ-sent-clair3-Indel_gt50	Indel_gt50	I2-HG003-10x-5-D0-PF-ILMN-NOVASEQ			224.0	0.0	0.0		0.0					HG003	hg38_m_giabHC	-1	-2	sent	clair3
I2-HG003-10x-5-D0-PF-ILMN-NOVASEQ-sent-clair3-All	All	I2-HG003-10x-5-D0-PF-ILMN-NOVASEQ	688815815.0	688797208.0	18607.0	0.0	0.0		0.0	1.0				HG003	hg38_m_giabHC	-1	-2	sent	clair3
I2-HG003-10x-5-D0-PF-ILMN-NOVASEQ-sent-clair3-SNPts	SNPts	I2-HG003-10x-5-D0-PF-ILMN-NOVASEQ	332544085.0	332287237.0	3245.0	253603.0	20643.0	0.955021145032706	0.9873660686476048	0.9999378798961974	0.07527183623462147	0.9247281637653786	0.9247281637653785	HG003	giabHC_x_ultima_x_clinvar	-1	-2	sent	clair3
I2-HG003-10x-5-D0-PF-ILMN-NOVASEQ-sent-clair3-SNPtv	SNPtv	I2-HG003-10x-5-D0-PF-ILMN-NOVASEQ	332544085.0	332429440.0	1829.0	112816.0	4556.0	0.9724804647935281	0.984046404117057	0.9999862950238098	0.0388167535698463	0.9611832464301537	0.9611832464301537	HG003	giabHC_x_ultima_x_clinvar	-1	-2	sent	clair3
I2-HG003-10x-5-D0-PF-ILMN-NOVASEQ-sent-clair3-INS_50	INS_50	I2-HG003-10x-5-D0-PF-ILMN-NOVASEQ	332544085.0	332526598.0	500.0	16987.0	228.0	0.9790213820529076	0.9714073311602905	0.9999993143410331	0.01324426372349695	0.986755736276503	0.986755736276503	HG003	giabHC_x_ultima_x_clinvar	-1	-2	sent	clair3
I2-HG003-10x-5-D0-PF-ILMN-NOVASEQ-sent-clair3-INS_gt50	INS_gt50	I2-HG003-10x-5-D0-PF-ILMN-NOVASEQ	332544085.0	332544085.0	0.0	0.0	0.0			1.0				HG003	giabHC_x_ultima_x_clinvar	-1	-2	sent	clair3
I2-HG003-10x-5-D0-PF-ILMN-NOVASEQ-sent-clair3-DEL_50	DEL_50	I2-HG003-10x-5-D0-PF-ILMN-NOVASEQ	332544085.0	332525127.0	470.0	18488.0	289.0	0.9798860474360672	0.9752083553117418	0.9999991308935013	0.015391170048463547	0.9846088299515364	0.9846088299515364	HG003	giabHC_x_ultima_x_clinvar	-1	-2	sent	clair3
I2-HG003-10x-5-D0-PF-ILMN-NOVASEQ-sent-clair3-DEL_gt50	DEL_gt50	I2-HG003-10x-5-D0-PF-ILMN-NOVASEQ	332544085.0	332544085.0	0.0	0.0	0.0			1.0				HG003	giabHC_x_ultima_x_clinvar	-1	-2	sent	clair3
I2-HG003-10x-5-D0-PF-ILMN-NOVASEQ-sent-clair3-Indel_50	Indel_50	I2-HG003-10x-5-D0-PF-ILMN-NOVASEQ	332544085.0	332542802.0	53.0	1230.0	0.0	0.9789096697174692	0.9586905689789555	1.0	0.0	1.0	1.0	HG003	giabHC_x_ultima_x_clinvar	-1	-2	sent	clair3
I2-HG003-10x-5-D0-PF-ILMN-NOVASEQ-sent-clair3-Indel_gt50	Indel_gt50	I2-HG003-10x-5-D0-PF-ILMN-NOVASEQ	332544085.0	332544061.0	2.0	22.0	0.0	0.9565217391304348	0.9166666666666666	1.0	0.0	1.0	1.0	HG003	giabHC_x_ultima_x_clinvar	-1	-2	sent	clair3
I2-HG003-10x-5-D0-PF-ILMN-NOVASEQ-sent-clair3-All	All	I2-HG003-10x-5-D0-PF-ILMN-NOVASEQ	332544085.0	332134840.0	6099.0	403146.0	25716.0	0.9620394531963102	0.985096946816699	0.9999225796093621	0.059963344852190216	0.9400366551478098	0.9400366551478098	HG003	giabHC_x_ultima_x_clinvar	-1	-2	sent	clair3
I2-HG003-10x-5-D0-PF-ILMN-NOVASEQ-sent-oct-SNPts	SNPts	I2-HG003-10x-5-D0-PF-ILMN-NOVASEQ	377862616.0	377589389.0	273227.0	0.0	0.0		0.0	1.0				HG003	clinvar_genes	-1	-2	sent	oct
I2-HG003-10x-5-D0-PF-ILMN-NOVASEQ-sent-oct-SNPtv	SNPtv	I2-HG003-10x-5-D0-PF-ILMN-NOVASEQ	377862616.0	377738293.0	124323.0	0.0	0.0		0.0	1.0				HG003	clinvar_genes	-1	-2	sent	oct
I2-HG003-10x-5-D0-PF-ILMN-NOVASEQ-sent-oct-INS_50	INS_50	I2-HG003-10x-5-D0-PF-ILMN-NOVASEQ	377862616.0	377833542.0	29074.0	0.0	0.0		0.0	1.0				HG003	clinvar_genes	-1	-2	sent	oct
I2-HG003-10x-5-D0-PF-ILMN-NOVASEQ-sent-oct-INS_gt50	INS_gt50	I2-HG003-10x-5-D0-PF-ILMN-NOVASEQ	377862616.0	377862586.0	30.0	0.0	0.0		0.0	1.0				HG003	clinvar_genes	-1	-2	sent	oct
I2-HG003-10x-5-D0-PF-ILMN-NOVASEQ-sent-oct-DEL_50	DEL_50	I2-HG003-10x-5-D0-PF-ILMN-NOVASEQ	377862616.0	377831914.0	30702.0	0.0	0.0		0.0	1.0				HG003	clinvar_genes	-1	-2	sent	oct
I2-HG003-10x-5-D0-PF-ILMN-NOVASEQ-sent-oct-DEL_gt50	DEL_gt50	I2-HG003-10x-5-D0-PF-ILMN-NOVASEQ	377862616.0	377862598.0	18.0	0.0	0.0		0.0	1.0				HG003	clinvar_genes	-1	-2	sent	oct
I2-HG003-10x-5-D0-PF-ILMN-NOVASEQ-sent-oct-Indel_50	Indel_50	I2-HG003-10x-5-D0-PF-ILMN-NOVASEQ	377862616.0	377858426.0	4190.0	0.0	0.0		0.0	1.0				HG003	clinvar_genes	-1	-2	sent	oct
I2-HG003-10x-5-D0-PF-ILMN-NOVASEQ-sent-oct-Indel_gt50	Indel_gt50	I2-HG003-10x-5-D0-PF-ILMN-NOVASEQ	377862616.0	377862434.0	182.0	0.0	0.0		0.0	1.0				HG003	clinvar_genes	-1	-2	sent	oct
I2-HG003-10x-5-D0-PF-ILMN-NOVASEQ-sent-oct-All	All	I2-HG003-10x-5-D0-PF-ILMN-NOVASEQ	377862616.0	377400870.0	461746.0	0.0	0.0		0.0	1.0				HG003	clinvar_genes	-1	-2	sent	oct
I2-HG003-10x-5-D0-PF-ILMN-NOVASEQ-sent-oct-SNPts	SNPts	I2-HG003-10x-5-D0-PF-ILMN-NOVASEQ	337668665.0	337403108.0	265557.0	0.0	0.0		0.0	1.0				HG003	giabHC_x_clinvar_genes	-1	-2	sent	oct
I2-HG003-10x-5-D0-PF-ILMN-NOVASEQ-sent-oct-SNPtv	SNPtv	I2-HG003-10x-5-D0-PF-ILMN-NOVASEQ	337668665.0	337548418.0	120247.0	0.0	0.0		0.0	1.0				HG003	giabHC_x_clinvar_genes	-1	-2	sent	oct
I2-HG003-10x-5-D0-PF-ILMN-NOVASEQ-sent-oct-INS_50	INS_50	I2-HG003-10x-5-D0-PF-ILMN-NOVASEQ	337668665.0	337642389.0	26276.0	0.0	0.0		0.0	1.0				HG003	giabHC_x_clinvar_genes	-1	-2	sent	oct
I2-HG003-10x-5-D0-PF-ILMN-NOVASEQ-sent-oct-INS_gt50	INS_gt50	I2-HG003-10x-5-D0-PF-ILMN-NOVASEQ	337668665.0	337668665.0	0.0	0.0	0.0			1.0				HG003	giabHC_x_clinvar_genes	-1	-2	sent	oct
I2-HG003-10x-5-D0-PF-ILMN-NOVASEQ-sent-oct-DEL_50	DEL_50	I2-HG003-10x-5-D0-PF-ILMN-NOVASEQ	337668665.0	337640749.0	27916.0	0.0	0.0		0.0	1.0				HG003	giabHC_x_clinvar_genes	-1	-2	sent	oct
I2-HG003-10x-5-D0-PF-ILMN-NOVASEQ-sent-oct-DEL_gt50	DEL_gt50	I2-HG003-10x-5-D0-PF-ILMN-NOVASEQ	337668665.0	337668665.0	0.0	0.0	0.0			1.0				HG003	giabHC_x_clinvar_genes	-1	-2	sent	oct
I2-HG003-10x-5-D0-PF-ILMN-NOVASEQ-sent-oct-Indel_50	Indel_50	I2-HG003-10x-5-D0-PF-ILMN-NOVASEQ	337668665.0	337665452.0	3213.0	0.0	0.0		0.0	1.0				HG003	giabHC_x_clinvar_genes	-1	-2	sent	oct
I2-HG003-10x-5-D0-PF-ILMN-NOVASEQ-sent-oct-Indel_gt50	Indel_gt50	I2-HG003-10x-5-D0-PF-ILMN-NOVASEQ	337668665.0	337668619.0	46.0	0.0	0.0		0.0	1.0				HG003	giabHC_x_clinvar_genes	-1	-2	sent	oct
I2-HG003-10x-5-D0-PF-ILMN-NOVASEQ-sent-oct-All	All	I2-HG003-10x-5-D0-PF-ILMN-NOVASEQ	337668665.0	337225410.0	443255.0	0.0	0.0		0.0	1.0				HG003	giabHC_x_clinvar_genes	-1	-2	sent	oct
I2-HG003-10x-5-D0-PF-ILMN-NOVASEQ-sent-oct-SNPts	SNPts	I2-HG003-10x-5-D0-PF-ILMN-NOVASEQ	3088286401.0	3085963687.0	2322714.0	0.0	0.0		0.0	1.0				HG003	hg38	-1	-2	sent	oct
I2-HG003-10x-5-D0-PF-ILMN-NOVASEQ-sent-oct-SNPtv	SNPtv	I2-HG003-10x-5-D0-PF-ILMN-NOVASEQ	3088286401.0	3087179627.0	1106774.0	0.0	0.0		0.0	1.0				HG003	hg38	-1	-2	sent	oct
I2-HG003-10x-5-D0-PF-ILMN-NOVASEQ-sent-oct-INS_50	INS_50	I2-HG003-10x-5-D0-PF-ILMN-NOVASEQ	3088286401.0	3088030915.0	255486.0	0.0	0.0		0.0	1.0				HG003	hg38	-1	-2	sent	oct
I2-HG003-10x-5-D0-PF-ILMN-NOVASEQ-sent-oct-INS_gt50	INS_gt50	I2-HG003-10x-5-D0-PF-ILMN-NOVASEQ	3088286401.0	3088286163.0	238.0	0.0	0.0		0.0	1.0				HG003	hg38	-1	-2	sent	oct
I2-HG003-10x-5-D0-PF-ILMN-NOVASEQ-sent-oct-DEL_50	DEL_50	I2-HG003-10x-5-D0-PF-ILMN-NOVASEQ	3088286401.0	3088017307.0	269094.0	0.0	0.0		0.0	1.0				HG003	hg38	-1	-2	sent	oct
I2-HG003-10x-5-D0-PF-ILMN-NOVASEQ-sent-oct-DEL_gt50	DEL_gt50	I2-HG003-10x-5-D0-PF-ILMN-NOVASEQ	3088286401.0	3088286263.0	138.0	0.0	0.0		0.0	1.0				HG003	hg38	-1	-2	sent	oct
I2-HG003-10x-5-D0-PF-ILMN-NOVASEQ-sent-oct-Indel_50	Indel_50	I2-HG003-10x-5-D0-PF-ILMN-NOVASEQ	3088286401.0	3088243814.0	42587.0	0.0	0.0		0.0	1.0				HG003	hg38	-1	-2	sent	oct
I2-HG003-10x-5-D0-PF-ILMN-NOVASEQ-sent-oct-Indel_gt50	Indel_gt50	I2-HG003-10x-5-D0-PF-ILMN-NOVASEQ	3088286401.0	3088284701.0	1700.0	0.0	0.0		0.0	1.0				HG003	hg38	-1	-2	sent	oct
I2-HG003-10x-5-D0-PF-ILMN-NOVASEQ-sent-oct-All	All	I2-HG003-10x-5-D0-PF-ILMN-NOVASEQ	3088286401.0	3084287670.0	3998731.0	0.0	0.0		0.0	1.0				HG003	hg38	-1	-2	sent	oct
I2-HG003-10x-5-D0-PF-ILMN-NOVASEQ-sent-oct-SNPts	SNPts	I2-HG003-10x-5-D0-PF-ILMN-NOVASEQ	2505355380.0	2503152670.0	2202710.0	0.0	0.0		0.0	1.0				HG003	giabHC_x_ultima	-1	-2	sent	oct
I2-HG003-10x-5-D0-PF-ILMN-NOVASEQ-sent-oct-SNPtv	SNPtv	I2-HG003-10x-5-D0-PF-ILMN-NOVASEQ	2505355380.0	2504321399.0	1033981.0	0.0	0.0		0.0	1.0				HG003	giabHC_x_ultima	-1	-2	sent	oct
I2-HG003-10x-5-D0-PF-ILMN-NOVASEQ-sent-oct-INS_50	INS_50	I2-HG003-10x-5-D0-PF-ILMN-NOVASEQ	2505355380.0	2505202001.0	153379.0	0.0	0.0		0.0	1.0				HG003	giabHC_x_ultima	-1	-2	sent	oct
I2-HG003-10x-5-D0-PF-ILMN-NOVASEQ-sent-oct-INS_gt50	INS_gt50	I2-HG003-10x-5-D0-PF-ILMN-NOVASEQ	2505355380.0	2505355380.0	0.0	0.0	0.0			1.0				HG003	giabHC_x_ultima	-1	-2	sent	oct
I2-HG003-10x-5-D0-PF-ILMN-NOVASEQ-sent-oct-DEL_50	DEL_50	I2-HG003-10x-5-D0-PF-ILMN-NOVASEQ	2505355380.0	2505190289.0	165091.0	0.0	0.0		0.0	1.0				HG003	giabHC_x_ultima	-1	-2	sent	oct
I2-HG003-10x-5-D0-PF-ILMN-NOVASEQ-sent-oct-DEL_gt50	DEL_gt50	I2-HG003-10x-5-D0-PF-ILMN-NOVASEQ	2505355380.0	2505355380.0	0.0	0.0	0.0			1.0				HG003	giabHC_x_ultima	-1	-2	sent	oct
I2-HG003-10x-5-D0-PF-ILMN-NOVASEQ-sent-oct-Indel_50	Indel_50	I2-HG003-10x-5-D0-PF-ILMN-NOVASEQ	2505355380.0	2505341371.0	14009.0	0.0	0.0		0.0	1.0				HG003	giabHC_x_ultima	-1	-2	sent	oct
I2-HG003-10x-5-D0-PF-ILMN-NOVASEQ-sent-oct-Indel_gt50	Indel_gt50	I2-HG003-10x-5-D0-PF-ILMN-NOVASEQ	2505355380.0	2505355013.0	367.0	0.0	0.0		0.0	1.0				HG003	giabHC_x_ultima	-1	-2	sent	oct
I2-HG003-10x-5-D0-PF-ILMN-NOVASEQ-sent-oct-All	All	I2-HG003-10x-5-D0-PF-ILMN-NOVASEQ	2505355380.0	2501785843.0	3569537.0	0.0	0.0		0.0	1.0				HG003	giabHC_x_ultima	-1	-2	sent	oct
I2-HG003-10x-5-D0-PF-ILMN-NOVASEQ-sent-oct-SNPts	SNPts	I2-HG003-10x-5-D0-PF-ILMN-NOVASEQ	2799325643.0	2797071917.0	2253726.0	0.0	0.0		0.0	1.0				HG003	ultima	-1	-2	sent	oct
I2-HG003-10x-5-D0-PF-ILMN-NOVASEQ-sent-oct-SNPtv	SNPtv	I2-HG003-10x-5-D0-PF-ILMN-NOVASEQ	2799325643.0	2798267435.0	1058208.0	0.0	0.0		0.0	1.0				HG003	ultima	-1	-2	sent	oct
I2-HG003-10x-5-D0-PF-ILMN-NOVASEQ-sent-oct-INS_50	INS_50	I2-HG003-10x-5-D0-PF-ILMN-NOVASEQ	2799325643.0	2799162256.0	163387.0	0.0	0.0		0.0	1.0				HG003	ultima	-1	-2	sent	oct
I2-HG003-10x-5-D0-PF-ILMN-NOVASEQ-sent-oct-INS_gt50	INS_gt50	I2-HG003-10x-5-D0-PF-ILMN-NOVASEQ	2799325643.0	2799325547.0	96.0	0.0	0.0		0.0	1.0				HG003	ultima	-1	-2	sent	oct
I2-HG003-10x-5-D0-PF-ILMN-NOVASEQ-sent-oct-DEL_50	DEL_50	I2-HG003-10x-5-D0-PF-ILMN-NOVASEQ	2799325643.0	2799148871.0	176772.0	0.0	0.0		0.0	1.0				HG003	ultima	-1	-2	sent	oct
I2-HG003-10x-5-D0-PF-ILMN-NOVASEQ-sent-oct-DEL_gt50	DEL_gt50	I2-HG003-10x-5-D0-PF-ILMN-NOVASEQ	2799325643.0	2799325554.0	89.0	0.0	0.0		0.0	1.0				HG003	ultima	-1	-2	sent	oct
I2-HG003-10x-5-D0-PF-ILMN-NOVASEQ-sent-oct-Indel_50	Indel_50	I2-HG003-10x-5-D0-PF-ILMN-NOVASEQ	2799325643.0	2799308017.0	17626.0	0.0	0.0		0.0	1.0				HG003	ultima	-1	-2	sent	oct
I2-HG003-10x-5-D0-PF-ILMN-NOVASEQ-sent-oct-Indel_gt50	Indel_gt50	I2-HG003-10x-5-D0-PF-ILMN-NOVASEQ	2799325643.0	2799324685.0	958.0	0.0	0.0		0.0	1.0				HG003	ultima	-1	-2	sent	oct
I2-HG003-10x-5-D0-PF-ILMN-NOVASEQ-sent-oct-All	All	I2-HG003-10x-5-D0-PF-ILMN-NOVASEQ	2799325643.0	2795654781.0	3670862.0	0.0	0.0		0.0	1.0				HG003	ultima	-1	-2	sent	oct
I2-HG003-10x-5-D0-PF-ILMN-NOVASEQ-sent-oct-SNPts	SNPts	I2-HG003-10x-5-D0-PF-ILMN-NOVASEQ	2528531102.0	2526276332.0	2254770.0	0.0	0.0		0.0	1.0				HG003	giabHC	-1	-2	sent	oct
I2-HG003-10x-5-D0-PF-ILMN-NOVASEQ-sent-oct-SNPtv	SNPtv	I2-HG003-10x-5-D0-PF-ILMN-NOVASEQ	2528531102.0	2527459430.0	1071672.0	0.0	0.0		0.0	1.0				HG003	giabHC	-1	-2	sent	oct
I2-HG003-10x-5-D0-PF-ILMN-NOVASEQ-sent-oct-INS_50	INS_50	I2-HG003-10x-5-D0-PF-ILMN-NOVASEQ	2528531102.0	2528302362.0	228740.0	0.0	0.0		0.0	1.0				HG003	giabHC	-1	-2	sent	oct
I2-HG003-10x-5-D0-PF-ILMN-NOVASEQ-sent-oct-INS_gt50	INS_gt50	I2-HG003-10x-5-D0-PF-ILMN-NOVASEQ	2528531102.0	2528531101.0	1.0	0.0	0.0		0.0	1.0				HG003	giabHC	-1	-2	sent	oct
I2-HG003-10x-5-D0-PF-ILMN-NOVASEQ-sent-oct-DEL_50	DEL_50	I2-HG003-10x-5-D0-PF-ILMN-NOVASEQ	2528531102.0	2528288385.0	242717.0	0.0	0.0		0.0	1.0				HG003	giabHC	-1	-2	sent	oct
I2-HG003-10x-5-D0-PF-ILMN-NOVASEQ-sent-oct-DEL_gt50	DEL_gt50	I2-HG003-10x-5-D0-PF-ILMN-NOVASEQ	2528531102.0	2528531102.0	0.0	0.0	0.0			1.0				HG003	giabHC	-1	-2	sent	oct
I2-HG003-10x-5-D0-PF-ILMN-NOVASEQ-sent-oct-Indel_50	Indel_50	I2-HG003-10x-5-D0-PF-ILMN-NOVASEQ	2528531102.0	2528498607.0	32495.0	0.0	0.0		0.0	1.0				HG003	giabHC	-1	-2	sent	oct
I2-HG003-10x-5-D0-PF-ILMN-NOVASEQ-sent-oct-Indel_gt50	Indel_gt50	I2-HG003-10x-5-D0-PF-ILMN-NOVASEQ	2528531102.0	2528530634.0	468.0	0.0	0.0		0.0	1.0				HG003	giabHC	-1	-2	sent	oct
I2-HG003-10x-5-D0-PF-ILMN-NOVASEQ-sent-oct-All	All	I2-HG003-10x-5-D0-PF-ILMN-NOVASEQ	2528531102.0	2524700239.0	3830863.0	0.0	0.0		0.0	1.0				HG003	giabHC	-1	-2	sent	oct
I2-HG003-10x-5-D0-PF-ILMN-NOVASEQ-sent-oct-SNPts	SNPts	I2-HG003-10x-5-D0-PF-ILMN-NOVASEQ	688815815.0	688747871.0	67944.0	0.0	0.0		0.0	1.0				HG003	hg38_m_giabHC	-1	-2	sent	oct
I2-HG003-10x-5-D0-PF-ILMN-NOVASEQ-sent-oct-SNPtv	SNPtv	I2-HG003-10x-5-D0-PF-ILMN-NOVASEQ	688815815.0	688780713.0	35102.0	0.0	0.0		0.0	1.0				HG003	hg38_m_giabHC	-1	-2	sent	oct
I2-HG003-10x-5-D0-PF-ILMN-NOVASEQ-sent-oct-INS_50	INS_50	I2-HG003-10x-5-D0-PF-ILMN-NOVASEQ	688815815.0	688789149.0	26666.0	0.0	0.0		0.0	1.0				HG003	hg38_m_giabHC	-1	-2	sent	oct
I2-HG003-10x-5-D0-PF-ILMN-NOVASEQ-sent-oct-INS_gt50	INS_gt50	I2-HG003-10x-5-D0-PF-ILMN-NOVASEQ	688815815.0	688815578.0	237.0	0.0	0.0		0.0	1.0				HG003	hg38_m_giabHC	-1	-2	sent	oct
I2-HG003-10x-5-D0-PF-ILMN-NOVASEQ-sent-oct-DEL_50	DEL_50	I2-HG003-10x-5-D0-PF-ILMN-NOVASEQ	688815815.0	688789247.0	26568.0	0.0	0.0		0.0	1.0				HG003	hg38_m_giabHC	-1	-2	sent	oct
I2-HG003-10x-5-D0-PF-ILMN-NOVASEQ-sent-oct-DEL_gt50	DEL_gt50	I2-HG003-10x-5-D0-PF-ILMN-NOVASEQ	688815815.0	688815677.0	138.0	0.0	0.0		0.0	1.0				HG003	hg38_m_giabHC	-1	-2	sent	oct
I2-HG003-10x-5-D0-PF-ILMN-NOVASEQ-sent-oct-Indel_50	Indel_50	I2-HG003-10x-5-D0-PF-ILMN-NOVASEQ	688815815.0	688805722.0	10093.0	0.0	0.0		0.0	1.0				HG003	hg38_m_giabHC	-1	-2	sent	oct
I2-HG003-10x-5-D0-PF-ILMN-NOVASEQ-sent-oct-Indel_gt50	Indel_gt50	I2-HG003-10x-5-D0-PF-ILMN-NOVASEQ	688815815.0	688814581.0	1234.0	0.0	0.0		0.0	1.0				HG003	hg38_m_giabHC	-1	-2	sent	oct
I2-HG003-10x-5-D0-PF-ILMN-NOVASEQ-sent-oct-All	All	I2-HG003-10x-5-D0-PF-ILMN-NOVASEQ	688815815.0	688647833.0	167982.0	0.0	0.0		0.0	1.0				HG003	hg38_m_giabHC	-1	-2	sent	oct
I2-HG003-10x-5-D0-PF-ILMN-NOVASEQ-sent-oct-SNPts	SNPts	I2-HG003-10x-5-D0-PF-ILMN-NOVASEQ	332544085.0	332287314.0	256771.0	0.0	0.0		0.0	1.0				HG003	giabHC_x_ultima_x_clinvar	-1	-2	sent	oct
I2-HG003-10x-5-D0-PF-ILMN-NOVASEQ-sent-oct-SNPtv	SNPtv	I2-HG003-10x-5-D0-PF-ILMN-NOVASEQ	332544085.0	332429541.0	114544.0	0.0	0.0		0.0	1.0				HG003	giabHC_x_ultima_x_clinvar	-1	-2	sent	oct
I2-HG003-10x-5-D0-PF-ILMN-NOVASEQ-sent-oct-INS_50	INS_50	I2-HG003-10x-5-D0-PF-ILMN-NOVASEQ	332544085.0	332526629.0	17456.0	0.0	0.0		0.0	1.0				HG003	giabHC_x_ultima_x_clinvar	-1	-2	sent	oct
I2-HG003-10x-5-D0-PF-ILMN-NOVASEQ-sent-oct-INS_gt50	INS_gt50	I2-HG003-10x-5-D0-PF-ILMN-NOVASEQ	332544085.0	332544085.0	0.0	0.0	0.0			1.0				HG003	giabHC_x_ultima_x_clinvar	-1	-2	sent	oct
I2-HG003-10x-5-D0-PF-ILMN-NOVASEQ-sent-oct-DEL_50	DEL_50	I2-HG003-10x-5-D0-PF-ILMN-NOVASEQ	332544085.0	332525184.0	18901.0	0.0	0.0		0.0	1.0				HG003	giabHC_x_ultima_x_clinvar	-1	-2	sent	oct
I2-HG003-10x-5-D0-PF-ILMN-NOVASEQ-sent-oct-DEL_gt50	DEL_gt50	I2-HG003-10x-5-D0-PF-ILMN-NOVASEQ	332544085.0	332544085.0	0.0	0.0	0.0			1.0				HG003	giabHC_x_ultima_x_clinvar	-1	-2	sent	oct
I2-HG003-10x-5-D0-PF-ILMN-NOVASEQ-sent-oct-Indel_50	Indel_50	I2-HG003-10x-5-D0-PF-ILMN-NOVASEQ	332544085.0	332542784.0	1301.0	0.0	0.0		0.0	1.0				HG003	giabHC_x_ultima_x_clinvar	-1	-2	sent	oct
I2-HG003-10x-5-D0-PF-ILMN-NOVASEQ-sent-oct-Indel_gt50	Indel_gt50	I2-HG003-10x-5-D0-PF-ILMN-NOVASEQ	332544085.0	332544054.0	31.0	0.0	0.0		0.0	1.0				HG003	giabHC_x_ultima_x_clinvar	-1	-2	sent	oct
I2-HG003-10x-5-D0-PF-ILMN-NOVASEQ-sent-oct-All	All	I2-HG003-10x-5-D0-PF-ILMN-NOVASEQ	332544085.0	332135081.0	409004.0	0.0	0.0		0.0	1.0				HG003	giabHC_x_ultima_x_clinvar	-1	-2	sent	oct
I2-HG003-15x-6-D0-PF-ILMN-NOVASEQ-sent-clair3-SNPts	SNPts	I2-HG003-15x-6-D0-PF-ILMN-NOVASEQ	3088286401.0	3085963145.0	24155.0	2299101.0	0.0	0.994774311027902	0.9896029537855493	1.0	0.0	1.0	1.0	HG003	hg38	-1	-2	sent	clair3
I2-HG003-15x-6-D0-PF-ILMN-NOVASEQ-sent-clair3-SNPtv	SNPtv	I2-HG003-15x-6-D0-PF-ILMN-NOVASEQ	3088286401.0	3087178607.0	13766.0	1094028.0	0.0	0.9937479051440125	0.9875735019326698	1.0	0.0	1.0	1.0	HG003	hg38	-1	-2	sent	clair3
I2-HG003-15x-6-D0-PF-ILMN-NOVASEQ-sent-clair3-INS_50	INS_50	I2-HG003-15x-6-D0-PF-ILMN-NOVASEQ	3088286401.0	3088031047.0	7878.0	247476.0	0.0	0.9843326770479088	0.969148711200921	1.0	0.0	1.0	1.0	HG003	hg38	-1	-2	sent	clair3
I2-HG003-15x-6-D0-PF-ILMN-NOVASEQ-sent-clair3-INS_gt50	INS_gt50	I2-HG003-15x-6-D0-PF-ILMN-NOVASEQ	3088286401.0	3088286164.0	237.0	0.0	0.0		0.0	1.0				HG003	hg38	-1	-2	sent	clair3
I2-HG003-15x-6-D0-PF-ILMN-NOVASEQ-sent-clair3-DEL_50	DEL_50	I2-HG003-15x-6-D0-PF-ILMN-NOVASEQ	3088286401.0	3088016601.0	5540.0	264260.0	0.0	0.989626633711568	0.979466271312083	1.0	0.0	1.0	1.0	HG003	hg38	-1	-2	sent	clair3
I2-HG003-15x-6-D0-PF-ILMN-NOVASEQ-sent-clair3-DEL_gt50	DEL_gt50	I2-HG003-15x-6-D0-PF-ILMN-NOVASEQ	3088286401.0	3088286263.0	136.0	2.0	0.0	0.02857142857142857	0.014492753623188406	1.0	0.0	1.0	1.0	HG003	hg38	-1	-2	sent	clair3
I2-HG003-15x-6-D0-PF-ILMN-NOVASEQ-sent-clair3-Indel_50	Indel_50	I2-HG003-15x-6-D0-PF-ILMN-NOVASEQ	3088286401.0	3088244430.0	954.0	41017.0	0.0	0.9885043620764448	0.9772700197755593	1.0	0.0	1.0	1.0	HG003	hg38	-1	-2	sent	clair3
I2-HG003-15x-6-D0-PF-ILMN-NOVASEQ-sent-clair3-Indel_gt50	Indel_gt50	I2-HG003-15x-6-D0-PF-ILMN-NOVASEQ	3088286401.0	3088284961.0	171.0	1269.0	0.0	0.93687707641196	0.88125	1.0	0.0	1.0	1.0	HG003	hg38	-1	-2	sent	clair3
I2-HG003-15x-6-D0-PF-ILMN-NOVASEQ-sent-clair3-All	All	I2-HG003-15x-6-D0-PF-ILMN-NOVASEQ	3088286401.0	3084286411.0	52837.0	3947153.0	0.0	0.9933514471804521	0.9867907169767924	1.0	0.0	1.0	1.0	HG003	hg38	-1	-2	sent	clair3
I2-HG003-15x-6-D0-PF-ILMN-NOVASEQ-sent-clair3-SNPts	SNPts	I2-HG003-15x-6-D0-PF-ILMN-NOVASEQ	377862616.0	377589319.0	3114.0	270183.0	51204.0	0.908660734104163	0.9886058024786222	0.9998644107375098	0.15932193897077354	0.8406780610292265	0.8406780610292265	HG003	clinvar_genes	-1	-2	sent	clair3
I2-HG003-15x-6-D0-PF-ILMN-NOVASEQ-sent-clair3-SNPtv	SNPtv	I2-HG003-15x-6-D0-PF-ILMN-NOVASEQ	377862616.0	377738179.0	1633.0	122804.0	26594.0	0.8969196779082294	0.9868768935284522	0.9999296016942268	0.17800773772071915	0.8219922622792808	0.8219922622792808	HG003	clinvar_genes	-1	-2	sent	clair3
I2-HG003-15x-6-D0-PF-ILMN-NOVASEQ-sent-clair3-INS_50	INS_50	I2-HG003-15x-6-D0-PF-ILMN-NOVASEQ	377862616.0	377833578.0	902.0	28136.0	16945.0	0.7592115382020805	0.9689372546318616	0.9999551542237776	0.3758789734034294	0.6241210265965706	0.6241210265965706	HG003	clinvar_genes	-1	-2	sent	clair3
I2-HG003-15x-6-D0-PF-ILMN-NOVASEQ-sent-clair3-INS_gt50	INS_gt50	I2-HG003-15x-6-D0-PF-ILMN-NOVASEQ	377862616.0	377862586.0	30.0	0.0	0.0		0.0	1.0				HG003	clinvar_genes	-1	-2	sent	clair3
I2-HG003-15x-6-D0-PF-ILMN-NOVASEQ-sent-clair3-DEL_50	DEL_50	I2-HG003-15x-6-D0-PF-ILMN-NOVASEQ	377862616.0	377831827.0	597.0	30192.0	17564.0	0.7687822267489973	0.9806099581019195	0.9999535158705601	0.3677862467543345	0.6322137532456655	0.6322137532456654	HG003	clinvar_genes	-1	-2	sent	clair3
I2-HG003-15x-6-D0-PF-ILMN-NOVASEQ-sent-clair3-DEL_gt50	DEL_gt50	I2-HG003-15x-6-D0-PF-ILMN-NOVASEQ	377862616.0	377862598.0	18.0	0.0	5.0		0.0	0.999999986767677	1.0	0.0	0.0	HG003	clinvar_genes	-1	-2	sent	clair3
I2-HG003-15x-6-D0-PF-ILMN-NOVASEQ-sent-clair3-Indel_50	Indel_50	I2-HG003-15x-6-D0-PF-ILMN-NOVASEQ	377862616.0	377858452.0	82.0	4082.0	4382.0	0.6464998416217929	0.9803073967339097	0.9999884031992413	0.5177221172022685	0.48227788279773154	0.4822778827977316	HG003	clinvar_genes	-1	-2	sent	clair3
I2-HG003-15x-6-D0-PF-ILMN-NOVASEQ-sent-clair3-Indel_gt50	Indel_gt50	I2-HG003-15x-6-D0-PF-ILMN-NOVASEQ	377862616.0	377862463.0	19.0	134.0	129.0	0.6442307692307692	0.8758169934640523	0.9999996586060576	0.49049429657794674	0.5095057034220533	0.5095057034220533	HG003	clinvar_genes	-1	-2	sent	clair3
I2-HG003-15x-6-D0-PF-ILMN-NOVASEQ-sent-clair3-All	All	I2-HG003-15x-6-D0-PF-ILMN-NOVASEQ	377862616.0	377400690.0	6395.0	455531.0	116823.0	0.8808659163862784	0.986155791187333	0.9996905494553838	0.20410969435000018	0.7958903056499999	0.7958903056499999	HG003	clinvar_genes	-1	-2	sent	clair3
I2-HG003-15x-6-D0-PF-ILMN-NOVASEQ-sent-clair3-SNPts	SNPts	I2-HG003-15x-6-D0-PF-ILMN-NOVASEQ	2528531102.0	2526276120.0	19922.0	2235060.0	42835.0	0.9861551504706614	0.9911653396789863	0.9999830445004123	0.01880464200500901	0.981195357994991	0.981195357994991	HG003	giabHC	-1	-2	sent	clair3
I2-HG003-15x-6-D0-PF-ILMN-NOVASEQ-sent-clair3-SNPtv	SNPtv	I2-HG003-15x-6-D0-PF-ILMN-NOVASEQ	2528531102.0	2527458871.0	11328.0	1060903.0	11255.0	0.9894687950740281	0.9894351123964892	0.9999955469305515	0.010497519955081247	0.9895024800449188	0.9895024800449187	HG003	giabHC	-1	-2	sent	clair3
I2-HG003-15x-6-D0-PF-ILMN-NOVASEQ-sent-clair3-INS_50	INS_50	I2-HG003-15x-6-D0-PF-ILMN-NOVASEQ	2528531102.0	2528302638.0	4432.0	224032.0	1827.0	0.9862234577602279	0.980600882414735	0.9999992773813339	0.00808911754678804	0.9919108824532119	0.9919108824532119	HG003	giabHC	-1	-2	sent	clair3
I2-HG003-15x-6-D0-PF-ILMN-NOVASEQ-sent-clair3-INS_gt50	INS_gt50	I2-HG003-15x-6-D0-PF-ILMN-NOVASEQ	2528531102.0	2528531101.0	1.0	0.0	0.0		0.0	1.0				HG003	giabHC	-1	-2	sent	clair3
I2-HG003-15x-6-D0-PF-ILMN-NOVASEQ-sent-clair3-DEL_50	DEL_50	I2-HG003-15x-6-D0-PF-ILMN-NOVASEQ	2528531102.0	2528288235.0	3128.0	239739.0	1979.0	0.9894610852585202	0.9871205227552529	0.9999992172575802	0.00818722643741881	0.9918127735625812	0.9918127735625812	HG003	giabHC	-1	-2	sent	clair3
I2-HG003-15x-6-D0-PF-ILMN-NOVASEQ-sent-clair3-DEL_gt50	DEL_gt50	I2-HG003-15x-6-D0-PF-ILMN-NOVASEQ	2528531102.0	2528531102.0	0.0	0.0	1.0			0.9999999996045135	1.0	0.0	0.0	HG003	giabHC	-1	-2	sent	clair3
I2-HG003-15x-6-D0-PF-ILMN-NOVASEQ-sent-clair3-Indel_50	Indel_50	I2-HG003-15x-6-D0-PF-ILMN-NOVASEQ	2528531102.0	2528498668.0	429.0	32005.0	30.0	0.9928802990584623	0.9867731392982673	0.9999999881352519	0.0009364757296706727	0.9990635242703293	0.9990635242703293	HG003	giabHC	-1	-2	sent	clair3
I2-HG003-15x-6-D0-PF-ILMN-NOVASEQ-sent-clair3-Indel_gt50	Indel_gt50	I2-HG003-15x-6-D0-PF-ILMN-NOVASEQ	2528531102.0	2528530666.0	23.0	413.0	0.0	0.9729093050647821	0.9472477064220184	1.0	0.0	1.0	1.0	HG003	giabHC	-1	-2	sent	clair3
I2-HG003-15x-6-D0-PF-ILMN-NOVASEQ-sent-clair3-All	All	I2-HG003-15x-6-D0-PF-ILMN-NOVASEQ	2528531102.0	2524699687.0	39263.0	3792152.0	57927.0	0.9873475133873697	0.9897523499803598	0.9999770564114041	0.015045665296738066	0.9849543347032619	0.9849543347032619	HG003	giabHC	-1	-2	sent	clair3
I2-HG003-15x-6-D0-PF-ILMN-NOVASEQ-sent-clair3-SNPts	SNPts	I2-HG003-15x-6-D0-PF-ILMN-NOVASEQ	337668665.0	337403099.0	2510.0	263056.0	6122.0	0.9838576963930404	0.9905484888878847	0.9999818558604242	0.022743314832564327	0.9772566851674357	0.9772566851674357	HG003	giabHC_x_clinvar_genes	-1	-2	sent	clair3
I2-HG003-15x-6-D0-PF-ILMN-NOVASEQ-sent-clair3-SNPtv	SNPtv	I2-HG003-15x-6-D0-PF-ILMN-NOVASEQ	337668665.0	337548352.0	1315.0	118998.0	1682.0	0.9875639541397467	0.989070175292778	0.9999950170350154	0.013937686443486908	0.9860623135565131	0.9860623135565131	HG003	giabHC_x_clinvar_genes	-1	-2	sent	clair3
I2-HG003-15x-6-D0-PF-ILMN-NOVASEQ-sent-clair3-INS_50	INS_50	I2-HG003-15x-6-D0-PF-ILMN-NOVASEQ	337668665.0	337642425.0	543.0	25697.0	225.0	0.9852766381657144	0.9793064024390243	0.999999333614992	0.008679885811279995	0.99132011418872	0.99132011418872	HG003	giabHC_x_clinvar_genes	-1	-2	sent	clair3
I2-HG003-15x-6-D0-PF-ILMN-NOVASEQ-sent-clair3-INS_gt50	INS_gt50	I2-HG003-15x-6-D0-PF-ILMN-NOVASEQ	337668665.0	337668665.0	0.0	0.0	0.0			1.0				HG003	giabHC_x_clinvar_genes	-1	-2	sent	clair3
I2-HG003-15x-6-D0-PF-ILMN-NOVASEQ-sent-clair3-DEL_50	DEL_50	I2-HG003-15x-6-D0-PF-ILMN-NOVASEQ	337668665.0	337640719.0	333.0	27613.0	252.0	0.9895181953378366	0.9880841623130323	0.9999992536450797	0.00904360308630899	0.990956396913691	0.990956396913691	HG003	giabHC_x_clinvar_genes	-1	-2	sent	clair3
I2-HG003-15x-6-D0-PF-ILMN-NOVASEQ-sent-clair3-DEL_gt50	DEL_gt50	I2-HG003-15x-6-D0-PF-ILMN-NOVASEQ	337668665.0	337668665.0	0.0	0.0	0.0			1.0				HG003	giabHC_x_clinvar_genes	-1	-2	sent	clair3
I2-HG003-15x-6-D0-PF-ILMN-NOVASEQ-sent-clair3-Indel_50	Indel_50	I2-HG003-15x-6-D0-PF-ILMN-NOVASEQ	337668665.0	337665445.0	31.0	3189.0	4.0	0.9945423358802433	0.9903726708074534	0.9999999881539553	0.001252740369558409	0.9987472596304416	0.9987472596304416	HG003	giabHC_x_clinvar_genes	-1	-2	sent	clair3
I2-HG003-15x-6-D0-PF-ILMN-NOVASEQ-sent-clair3-Indel_gt50	Indel_gt50	I2-HG003-15x-6-D0-PF-ILMN-NOVASEQ	337668665.0	337668624.0	3.0	38.0	0.0	0.9620253164556963	0.926829268292683	1.0	0.0	1.0	1.0	HG003	giabHC_x_clinvar_genes	-1	-2	sent	clair3
I2-HG003-15x-6-D0-PF-ILMN-NOVASEQ-sent-clair3-All	All	I2-HG003-15x-6-D0-PF-ILMN-NOVASEQ	337668665.0	337225339.0	4735.0	438591.0	8285.0	0.9853741061017611	0.9893193722001417	0.9999754324616219	0.018539818652154066	0.981460181347846	0.981460181347846	HG003	giabHC_x_clinvar_genes	-1	-2	sent	clair3
I2-HG003-15x-6-D0-PF-ILMN-NOVASEQ-sent-clair3-SNPts	SNPts	I2-HG003-15x-6-D0-PF-ILMN-NOVASEQ	2799325643.0	2797071138.0	11121.0	2243384.0	263300.0	0.9423629265714929	0.9950672098753385	0.9999058746796867	0.10503916728235389	0.8949608327176461	0.8949608327176461	HG003	ultima	-1	-2	sent	clair3
I2-HG003-15x-6-D0-PF-ILMN-NOVASEQ-sent-clair3-SNPtv	SNPtv	I2-HG003-15x-6-D0-PF-ILMN-NOVASEQ	2799325643.0	2798266373.0	6598.0	1052672.0	125624.0	0.9409081117607256	0.9937711820404618	0.999955108505122	0.10661497620292354	0.8933850237970764	0.8933850237970764	HG003	ultima	-1	-2	sent	clair3
I2-HG003-15x-6-D0-PF-ILMN-NOVASEQ-sent-clair3-INS_50	INS_50	I2-HG003-15x-6-D0-PF-ILMN-NOVASEQ	2799325643.0	2799161663.0	2838.0	161142.0	27459.0	0.9140708092608507	0.9826930113428467	0.9999901903734248	0.14559307744921818	0.8544069225507818	0.8544069225507818	HG003	ultima	-1	-2	sent	clair3
I2-HG003-15x-6-D0-PF-ILMN-NOVASEQ-sent-clair3-INS_gt50	INS_gt50	I2-HG003-15x-6-D0-PF-ILMN-NOVASEQ	2799325643.0	2799325547.0	96.0	0.0	0.0		0.0	1.0				HG003	ultima	-1	-2	sent	clair3
I2-HG003-15x-6-D0-PF-ILMN-NOVASEQ-sent-clair3-DEL_50	DEL_50	I2-HG003-15x-6-D0-PF-ILMN-NOVASEQ	2799325643.0	2799148253.0	2516.0	174874.0	36824.0	0.8988917674150834	0.9858165623766841	0.9999868447426707	0.17394590407089344	0.8260540959291065	0.8260540959291065	HG003	ultima	-1	-2	sent	clair3
I2-HG003-15x-6-D0-PF-ILMN-NOVASEQ-sent-clair3-DEL_gt50	DEL_gt50	I2-HG003-15x-6-D0-PF-ILMN-NOVASEQ	2799325643.0	2799325554.0	88.0	1.0	24.0	0.017543859649122806	0.011235955056179775	0.9999999914265064	0.96	0.040000000000000036	0.04	HG003	ultima	-1	-2	sent	clair3
I2-HG003-15x-6-D0-PF-ILMN-NOVASEQ-sent-clair3-Indel_50	Indel_50	I2-HG003-15x-6-D0-PF-ILMN-NOVASEQ	2799325643.0	2799308247.0	265.0	17131.0	2847.0	0.9167335580885106	0.9847666130144861	0.9999989829640563	0.1425067574331765	0.8574932425668235	0.8574932425668235	HG003	ultima	-1	-2	sent	clair3
I2-HG003-15x-6-D0-PF-ILMN-NOVASEQ-sent-clair3-Indel_gt50	Indel_gt50	I2-HG003-15x-6-D0-PF-ILMN-NOVASEQ	2799325643.0	2799324773.0	43.0	827.0	345.0	0.8099902056807052	0.9505747126436782	0.9999998767560089	0.29436860068259385	0.7056313993174061	0.7056313993174061	HG003	ultima	-1	-2	sent	clair3
I2-HG003-15x-6-D0-PF-ILMN-NOVASEQ-sent-clair3-All	All	I2-HG003-15x-6-D0-PF-ILMN-NOVASEQ	2799325643.0	2795652047.0	23565.0	3650031.0	456423.0	0.9383052808143906	0.9935853044265074	0.9998367649163482	0.11114772014979347	0.8888522798502065	0.8888522798502065	HG003	ultima	-1	-2	sent	clair3
I2-HG003-15x-6-D0-PF-ILMN-NOVASEQ-sent-clair3-SNPts	SNPts	I2-HG003-15x-6-D0-PF-ILMN-NOVASEQ	688815815.0	688747509.0	4233.0	64073.0	0.0	0.9680236291254656	0.9380288700846192	1.0	0.0	1.0	1.0	HG003	hg38_m_giabHC	-1	-2	sent	clair3
I2-HG003-15x-6-D0-PF-ILMN-NOVASEQ-sent-clair3-SNPtv	SNPtv	I2-HG003-15x-6-D0-PF-ILMN-NOVASEQ	688815815.0	688780234.0	2438.0	33143.0	0.0	0.964524765729585	0.9314802844214609	1.0	0.0	1.0	1.0	HG003	hg38_m_giabHC	-1	-2	sent	clair3
I2-HG003-15x-6-D0-PF-ILMN-NOVASEQ-sent-clair3-INS_50	INS_50	I2-HG003-15x-6-D0-PF-ILMN-NOVASEQ	688815815.0	688788997.0	3442.0	23376.0	0.0	0.9314260668605809	0.8716533671414721	1.0	0.0	1.0	1.0	HG003	hg38_m_giabHC	-1	-2	sent	clair3
I2-HG003-15x-6-D0-PF-ILMN-NOVASEQ-sent-clair3-INS_gt50	INS_gt50	I2-HG003-15x-6-D0-PF-ILMN-NOVASEQ	688815815.0	688815579.0	236.0	0.0	0.0		0.0	1.0				HG003	hg38_m_giabHC	-1	-2	sent	clair3
I2-HG003-15x-6-D0-PF-ILMN-NOVASEQ-sent-clair3-DEL_50	DEL_50	I2-HG003-15x-6-D0-PF-ILMN-NOVASEQ	688815815.0	688788685.0	2425.0	24705.0	0.0	0.9532169383621105	0.9106155547364541	1.0	0.0	1.0	1.0	HG003	hg38_m_giabHC	-1	-2	sent	clair3
I2-HG003-15x-6-D0-PF-ILMN-NOVASEQ-sent-clair3-DEL_gt50	DEL_gt50	I2-HG003-15x-6-D0-PF-ILMN-NOVASEQ	688815815.0	688815677.0	136.0	2.0	0.0	0.02857142857142857	0.014492753623188406	1.0	0.0	1.0	1.0	HG003	hg38_m_giabHC	-1	-2	sent	clair3
I2-HG003-15x-6-D0-PF-ILMN-NOVASEQ-sent-clair3-Indel_50	Indel_50	I2-HG003-15x-6-D0-PF-ILMN-NOVASEQ	688815815.0	688806277.0	526.0	9012.0	0.0	0.971644204851752	0.9448521702663032	1.0	0.0	1.0	1.0	HG003	hg38_m_giabHC	-1	-2	sent	clair3
I2-HG003-15x-6-D0-PF-ILMN-NOVASEQ-sent-clair3-Indel_gt50	Indel_gt50	I2-HG003-15x-6-D0-PF-ILMN-NOVASEQ	688815815.0	688814809.0	150.0	856.0	0.0	0.9194414607948442	0.8508946322067594	1.0	0.0	1.0	1.0	HG003	hg38_m_giabHC	-1	-2	sent	clair3
I2-HG003-15x-6-D0-PF-ILMN-NOVASEQ-sent-clair3-All	All	I2-HG003-15x-6-D0-PF-ILMN-NOVASEQ	688815815.0	688647062.0	13586.0	155167.0	0.0	0.9580575450728576	0.9194918016272303	1.0	0.0	1.0	1.0	HG003	hg38_m_giabHC	-1	-2	sent	clair3
I2-HG003-15x-6-D0-PF-ILMN-NOVASEQ-sent-clair3-SNPts	SNPts	I2-HG003-15x-6-D0-PF-ILMN-NOVASEQ	2505355380.0	2503152124.0	9907.0	2193349.0	36940.0	0.9894335120090132	0.9955034730417165	0.9999852428246306	0.016562875932222238	0.9834371240677777	0.9834371240677777	HG003	giabHC_x_ultima	-1	-2	sent	clair3
I2-HG003-15x-6-D0-PF-ILMN-NOVASEQ-sent-clair3-SNPtv	SNPtv	I2-HG003-15x-6-D0-PF-ILMN-NOVASEQ	2505355380.0	2504320623.0	5882.0	1028875.0	8872.0	0.9928810752596859	0.9943155736081032	0.9999964573351798	0.008549289952175241	0.9914507100478248	0.9914507100478248	HG003	giabHC_x_ultima	-1	-2	sent	clair3
I2-HG003-15x-6-D0-PF-ILMN-NOVASEQ-sent-clair3-INS_50	INS_50	I2-HG003-15x-6-D0-PF-ILMN-NOVASEQ	2505355380.0	2505201683.0	2086.0	151611.0	638.0	0.9910964680041576	0.9864278417926179	0.9999997453299502	0.00419050371431011	0.9958094962856899	0.9958094962856899	HG003	giabHC_x_ultima	-1	-2	sent	clair3
I2-HG003-15x-6-D0-PF-ILMN-NOVASEQ-sent-clair3-INS_gt50	INS_gt50	I2-HG003-15x-6-D0-PF-ILMN-NOVASEQ	2505355380.0	2505355380.0	0.0	0.0	0.0			1.0				HG003	giabHC_x_ultima	-1	-2	sent	clair3
I2-HG003-15x-6-D0-PF-ILMN-NOVASEQ-sent-clair3-DEL_50	DEL_50	I2-HG003-15x-6-D0-PF-ILMN-NOVASEQ	2505355380.0	2505189931.0	1645.0	163804.0	876.0	0.9923635912022271	0.9900573590653313	0.999999650326036	0.005319407335438426	0.9946805926645615	0.9946805926645615	HG003	giabHC_x_ultima	-1	-2	sent	clair3
I2-HG003-15x-6-D0-PF-ILMN-NOVASEQ-sent-clair3-DEL_gt50	DEL_gt50	I2-HG003-15x-6-D0-PF-ILMN-NOVASEQ	2505355380.0	2505355380.0	0.0	0.0	1.0			0.9999999996008551	1.0	0.0	0.0	HG003	giabHC_x_ultima	-1	-2	sent	clair3
I2-HG003-15x-6-D0-PF-ILMN-NOVASEQ-sent-clair3-Indel_50	Indel_50	I2-HG003-15x-6-D0-PF-ILMN-NOVASEQ	2505355380.0	2505341530.0	177.0	13673.0	6.0	0.9933524646736168	0.9872202166064982	0.9999999976051169	0.0004386285547189122	0.9995613714452811	0.9995613714452811	HG003	giabHC_x_ultima	-1	-2	sent	clair3
I2-HG003-15x-6-D0-PF-ILMN-NOVASEQ-sent-clair3-Indel_gt50	Indel_gt50	I2-HG003-15x-6-D0-PF-ILMN-NOVASEQ	2505355380.0	2505355036.0	10.0	334.0	0.0	0.9852507374631269	0.9709302325581395	1.0	0.0	1.0	1.0	HG003	giabHC_x_ultima	-1	-2	sent	clair3
I2-HG003-15x-6-D0-PF-ILMN-NOVASEQ-sent-clair3-All	All	I2-HG003-15x-6-D0-PF-ILMN-NOVASEQ	2505355380.0	2501784027.0	19707.0	3551646.0	47333.0	0.9906503631909932	0.9944819232374957	0.9999810806592495	0.013151785548067937	0.986848214451932	0.986848214451932	HG003	giabHC_x_ultima	-1	-2	sent	clair3
I2-HG003-15x-6-D0-PF-ILMN-NOVASEQ-sent-clair3-SNPts	SNPts	I2-HG003-15x-6-D0-PF-ILMN-NOVASEQ	332544085.0	332287235.0	1027.0	255823.0	4572.0	0.9891753424392696	0.9960015573291805	0.9999862410089455	0.01755794082067628	0.9824420591793237	0.9824420591793237	HG003	giabHC_x_ultima_x_clinvar	-1	-2	sent	clair3
I2-HG003-15x-6-D0-PF-ILMN-NOVASEQ-sent-clair3-SNPtv	SNPtv	I2-HG003-15x-6-D0-PF-ILMN-NOVASEQ	332544085.0	332429430.0	587.0	114068.0	1226.0	0.9921156430338901	0.9948802930530722	0.9999963120128127	0.01063368432008604	0.989366315679914	0.989366315679914	HG003	giabHC_x_ultima_x_clinvar	-1	-2	sent	clair3
I2-HG003-15x-6-D0-PF-ILMN-NOVASEQ-sent-clair3-INS_50	INS_50	I2-HG003-15x-6-D0-PF-ILMN-NOVASEQ	332544085.0	332526600.0	236.0	17249.0	75.0	0.9910655290298486	0.9865027166142408	0.9999997744541848	0.004329254213807435	0.9956707457861925	0.9956707457861925	HG003	giabHC_x_ultima_x_clinvar	-1	-2	sent	clair3
I2-HG003-15x-6-D0-PF-ILMN-NOVASEQ-sent-clair3-INS_gt50	INS_gt50	I2-HG003-15x-6-D0-PF-ILMN-NOVASEQ	332544085.0	332544085.0	0.0	0.0	0.0			1.0				HG003	giabHC_x_ultima_x_clinvar	-1	-2	sent	clair3
I2-HG003-15x-6-D0-PF-ILMN-NOVASEQ-sent-clair3-DEL_50	DEL_50	I2-HG003-15x-6-D0-PF-ILMN-NOVASEQ	332544085.0	332525150.0	172.0	18763.0	119.0	0.9923050479942883	0.9909162925798786	0.9999996421324601	0.006302298485329944	0.9936977015146701	0.9936977015146701	HG003	giabHC_x_ultima_x_clinvar	-1	-2	sent	clair3
I2-HG003-15x-6-D0-PF-ILMN-NOVASEQ-sent-clair3-DEL_gt50	DEL_gt50	I2-HG003-15x-6-D0-PF-ILMN-NOVASEQ	332544085.0	332544085.0	0.0	0.0	0.0			1.0				HG003	giabHC_x_ultima_x_clinvar	-1	-2	sent	clair3
I2-HG003-15x-6-D0-PF-ILMN-NOVASEQ-sent-clair3-Indel_50	Indel_50	I2-HG003-15x-6-D0-PF-ILMN-NOVASEQ	332544085.0	332542791.0	12.0	1282.0	1.0	0.9949553744664338	0.990726429675425	0.9999999969928682	0.000779423226812159	0.9992205767731879	0.9992205767731879	HG003	giabHC_x_ultima_x_clinvar	-1	-2	sent	clair3
I2-HG003-15x-6-D0-PF-ILMN-NOVASEQ-sent-clair3-Indel_gt50	Indel_gt50	I2-HG003-15x-6-D0-PF-ILMN-NOVASEQ	332544085.0	332544056.0	1.0	28.0	0.0	0.9824561403508771	0.9655172413793104	1.0	0.0	1.0	1.0	HG003	giabHC_x_ultima_x_clinvar	-1	-2	sent	clair3
I2-HG003-15x-6-D0-PF-ILMN-NOVASEQ-sent-clair3-All	All	I2-HG003-15x-6-D0-PF-ILMN-NOVASEQ	332544085.0	332134837.0	2035.0	407213.0	5993.0	0.9902389677720577	0.9950274650089921	0.9999819564490159	0.014503661611883661	0.9854963383881163	0.9854963383881163	HG003	giabHC_x_ultima_x_clinvar	-1	-2	sent	clair3
I2-HG003-15x-6-D0-PF-ILMN-NOVASEQ-sent-oct-SNPts	SNPts	I2-HG003-15x-6-D0-PF-ILMN-NOVASEQ	2528531102.0	2526276332.0	2254770.0	0.0	0.0		0.0	1.0				HG003	giabHC	-1	-2	sent	oct
I2-HG003-15x-6-D0-PF-ILMN-NOVASEQ-sent-oct-SNPtv	SNPtv	I2-HG003-15x-6-D0-PF-ILMN-NOVASEQ	2528531102.0	2527459430.0	1071672.0	0.0	0.0		0.0	1.0				HG003	giabHC	-1	-2	sent	oct
I2-HG003-15x-6-D0-PF-ILMN-NOVASEQ-sent-oct-INS_50	INS_50	I2-HG003-15x-6-D0-PF-ILMN-NOVASEQ	2528531102.0	2528302362.0	228740.0	0.0	0.0		0.0	1.0				HG003	giabHC	-1	-2	sent	oct
I2-HG003-15x-6-D0-PF-ILMN-NOVASEQ-sent-oct-INS_gt50	INS_gt50	I2-HG003-15x-6-D0-PF-ILMN-NOVASEQ	2528531102.0	2528531101.0	1.0	0.0	0.0		0.0	1.0				HG003	giabHC	-1	-2	sent	oct
I2-HG003-15x-6-D0-PF-ILMN-NOVASEQ-sent-oct-DEL_50	DEL_50	I2-HG003-15x-6-D0-PF-ILMN-NOVASEQ	2528531102.0	2528288385.0	242717.0	0.0	0.0		0.0	1.0				HG003	giabHC	-1	-2	sent	oct
I2-HG003-15x-6-D0-PF-ILMN-NOVASEQ-sent-oct-DEL_gt50	DEL_gt50	I2-HG003-15x-6-D0-PF-ILMN-NOVASEQ	2528531102.0	2528531102.0	0.0	0.0	0.0			1.0				HG003	giabHC	-1	-2	sent	oct
I2-HG003-15x-6-D0-PF-ILMN-NOVASEQ-sent-oct-Indel_50	Indel_50	I2-HG003-15x-6-D0-PF-ILMN-NOVASEQ	2528531102.0	2528498607.0	32495.0	0.0	0.0		0.0	1.0				HG003	giabHC	-1	-2	sent	oct
I2-HG003-15x-6-D0-PF-ILMN-NOVASEQ-sent-oct-Indel_gt50	Indel_gt50	I2-HG003-15x-6-D0-PF-ILMN-NOVASEQ	2528531102.0	2528530634.0	468.0	0.0	0.0		0.0	1.0				HG003	giabHC	-1	-2	sent	oct
I2-HG003-15x-6-D0-PF-ILMN-NOVASEQ-sent-oct-All	All	I2-HG003-15x-6-D0-PF-ILMN-NOVASEQ	2528531102.0	2524700239.0	3830863.0	0.0	0.0		0.0	1.0				HG003	giabHC	-1	-2	sent	oct
I2-HG003-15x-6-D0-PF-ILMN-NOVASEQ-sent-oct-SNPts	SNPts	I2-HG003-15x-6-D0-PF-ILMN-NOVASEQ	2505355380.0	2503152670.0	2202710.0	0.0	0.0		0.0	1.0				HG003	giabHC_x_ultima	-1	-2	sent	oct
I2-HG003-15x-6-D0-PF-ILMN-NOVASEQ-sent-oct-SNPtv	SNPtv	I2-HG003-15x-6-D0-PF-ILMN-NOVASEQ	2505355380.0	2504321399.0	1033981.0	0.0	0.0		0.0	1.0				HG003	giabHC_x_ultima	-1	-2	sent	oct
I2-HG003-15x-6-D0-PF-ILMN-NOVASEQ-sent-oct-INS_50	INS_50	I2-HG003-15x-6-D0-PF-ILMN-NOVASEQ	2505355380.0	2505202001.0	153379.0	0.0	0.0		0.0	1.0				HG003	giabHC_x_ultima	-1	-2	sent	oct
I2-HG003-15x-6-D0-PF-ILMN-NOVASEQ-sent-oct-INS_gt50	INS_gt50	I2-HG003-15x-6-D0-PF-ILMN-NOVASEQ	2505355380.0	2505355380.0	0.0	0.0	0.0			1.0				HG003	giabHC_x_ultima	-1	-2	sent	oct
I2-HG003-15x-6-D0-PF-ILMN-NOVASEQ-sent-oct-DEL_50	DEL_50	I2-HG003-15x-6-D0-PF-ILMN-NOVASEQ	2505355380.0	2505190289.0	165091.0	0.0	0.0		0.0	1.0				HG003	giabHC_x_ultima	-1	-2	sent	oct
I2-HG003-15x-6-D0-PF-ILMN-NOVASEQ-sent-oct-DEL_gt50	DEL_gt50	I2-HG003-15x-6-D0-PF-ILMN-NOVASEQ	2505355380.0	2505355380.0	0.0	0.0	0.0			1.0				HG003	giabHC_x_ultima	-1	-2	sent	oct
I2-HG003-15x-6-D0-PF-ILMN-NOVASEQ-sent-oct-Indel_50	Indel_50	I2-HG003-15x-6-D0-PF-ILMN-NOVASEQ	2505355380.0	2505341371.0	14009.0	0.0	0.0		0.0	1.0				HG003	giabHC_x_ultima	-1	-2	sent	oct
I2-HG003-15x-6-D0-PF-ILMN-NOVASEQ-sent-oct-Indel_gt50	Indel_gt50	I2-HG003-15x-6-D0-PF-ILMN-NOVASEQ	2505355380.0	2505355013.0	367.0	0.0	0.0		0.0	1.0				HG003	giabHC_x_ultima	-1	-2	sent	oct
I2-HG003-15x-6-D0-PF-ILMN-NOVASEQ-sent-oct-All	All	I2-HG003-15x-6-D0-PF-ILMN-NOVASEQ	2505355380.0	2501785843.0	3569537.0	0.0	0.0		0.0	1.0				HG003	giabHC_x_ultima	-1	-2	sent	oct
I2-HG003-15x-6-D0-PF-ILMN-NOVASEQ-sent-oct-SNPts	SNPts	I2-HG003-15x-6-D0-PF-ILMN-NOVASEQ	3088286401.0	3085963687.0	2322714.0	0.0	0.0		0.0	1.0				HG003	hg38	-1	-2	sent	oct
I2-HG003-15x-6-D0-PF-ILMN-NOVASEQ-sent-oct-SNPtv	SNPtv	I2-HG003-15x-6-D0-PF-ILMN-NOVASEQ	3088286401.0	3087179627.0	1106774.0	0.0	0.0		0.0	1.0				HG003	hg38	-1	-2	sent	oct
I2-HG003-15x-6-D0-PF-ILMN-NOVASEQ-sent-oct-INS_50	INS_50	I2-HG003-15x-6-D0-PF-ILMN-NOVASEQ	3088286401.0	3088030915.0	255486.0	0.0	0.0		0.0	1.0				HG003	hg38	-1	-2	sent	oct
I2-HG003-15x-6-D0-PF-ILMN-NOVASEQ-sent-oct-INS_gt50	INS_gt50	I2-HG003-15x-6-D0-PF-ILMN-NOVASEQ	3088286401.0	3088286163.0	238.0	0.0	0.0		0.0	1.0				HG003	hg38	-1	-2	sent	oct
I2-HG003-15x-6-D0-PF-ILMN-NOVASEQ-sent-oct-DEL_50	DEL_50	I2-HG003-15x-6-D0-PF-ILMN-NOVASEQ	3088286401.0	3088017307.0	269094.0	0.0	0.0		0.0	1.0				HG003	hg38	-1	-2	sent	oct
I2-HG003-15x-6-D0-PF-ILMN-NOVASEQ-sent-oct-DEL_gt50	DEL_gt50	I2-HG003-15x-6-D0-PF-ILMN-NOVASEQ	3088286401.0	3088286263.0	138.0	0.0	0.0		0.0	1.0				HG003	hg38	-1	-2	sent	oct
I2-HG003-15x-6-D0-PF-ILMN-NOVASEQ-sent-oct-Indel_50	Indel_50	I2-HG003-15x-6-D0-PF-ILMN-NOVASEQ	3088286401.0	3088243814.0	42587.0	0.0	0.0		0.0	1.0				HG003	hg38	-1	-2	sent	oct
I2-HG003-15x-6-D0-PF-ILMN-NOVASEQ-sent-oct-Indel_gt50	Indel_gt50	I2-HG003-15x-6-D0-PF-ILMN-NOVASEQ	3088286401.0	3088284701.0	1700.0	0.0	0.0		0.0	1.0				HG003	hg38	-1	-2	sent	oct
I2-HG003-15x-6-D0-PF-ILMN-NOVASEQ-sent-oct-All	All	I2-HG003-15x-6-D0-PF-ILMN-NOVASEQ	3088286401.0	3084287670.0	3998731.0	0.0	0.0		0.0	1.0				HG003	hg38	-1	-2	sent	oct
I2-HG003-15x-6-D0-PF-ILMN-NOVASEQ-sent-oct-SNPts	SNPts	I2-HG003-15x-6-D0-PF-ILMN-NOVASEQ	377862616.0	377589389.0	273227.0	0.0	0.0		0.0	1.0				HG003	clinvar_genes	-1	-2	sent	oct
I2-HG003-15x-6-D0-PF-ILMN-NOVASEQ-sent-oct-SNPtv	SNPtv	I2-HG003-15x-6-D0-PF-ILMN-NOVASEQ	377862616.0	377738293.0	124323.0	0.0	0.0		0.0	1.0				HG003	clinvar_genes	-1	-2	sent	oct
I2-HG003-15x-6-D0-PF-ILMN-NOVASEQ-sent-oct-INS_50	INS_50	I2-HG003-15x-6-D0-PF-ILMN-NOVASEQ	377862616.0	377833542.0	29074.0	0.0	0.0		0.0	1.0				HG003	clinvar_genes	-1	-2	sent	oct
I2-HG003-15x-6-D0-PF-ILMN-NOVASEQ-sent-oct-INS_gt50	INS_gt50	I2-HG003-15x-6-D0-PF-ILMN-NOVASEQ	377862616.0	377862586.0	30.0	0.0	0.0		0.0	1.0				HG003	clinvar_genes	-1	-2	sent	oct
I2-HG003-15x-6-D0-PF-ILMN-NOVASEQ-sent-oct-DEL_50	DEL_50	I2-HG003-15x-6-D0-PF-ILMN-NOVASEQ	377862616.0	377831914.0	30702.0	0.0	0.0		0.0	1.0				HG003	clinvar_genes	-1	-2	sent	oct
I2-HG003-15x-6-D0-PF-ILMN-NOVASEQ-sent-oct-DEL_gt50	DEL_gt50	I2-HG003-15x-6-D0-PF-ILMN-NOVASEQ	377862616.0	377862598.0	18.0	0.0	0.0		0.0	1.0				HG003	clinvar_genes	-1	-2	sent	oct
I2-HG003-15x-6-D0-PF-ILMN-NOVASEQ-sent-oct-Indel_50	Indel_50	I2-HG003-15x-6-D0-PF-ILMN-NOVASEQ	377862616.0	377858426.0	4190.0	0.0	0.0		0.0	1.0				HG003	clinvar_genes	-1	-2	sent	oct
I2-HG003-15x-6-D0-PF-ILMN-NOVASEQ-sent-oct-Indel_gt50	Indel_gt50	I2-HG003-15x-6-D0-PF-ILMN-NOVASEQ	377862616.0	377862434.0	182.0	0.0	0.0		0.0	1.0				HG003	clinvar_genes	-1	-2	sent	oct
I2-HG003-15x-6-D0-PF-ILMN-NOVASEQ-sent-oct-All	All	I2-HG003-15x-6-D0-PF-ILMN-NOVASEQ	377862616.0	377400870.0	461746.0	0.0	0.0		0.0	1.0				HG003	clinvar_genes	-1	-2	sent	oct
I2-HG003-15x-6-D0-PF-ILMN-NOVASEQ-sent-oct-SNPts	SNPts	I2-HG003-15x-6-D0-PF-ILMN-NOVASEQ	688815815.0	688747871.0	67944.0	0.0	0.0		0.0	1.0				HG003	hg38_m_giabHC	-1	-2	sent	oct
I2-HG003-15x-6-D0-PF-ILMN-NOVASEQ-sent-oct-SNPtv	SNPtv	I2-HG003-15x-6-D0-PF-ILMN-NOVASEQ	688815815.0	688780713.0	35102.0	0.0	0.0		0.0	1.0				HG003	hg38_m_giabHC	-1	-2	sent	oct
I2-HG003-15x-6-D0-PF-ILMN-NOVASEQ-sent-oct-INS_50	INS_50	I2-HG003-15x-6-D0-PF-ILMN-NOVASEQ	688815815.0	688789149.0	26666.0	0.0	0.0		0.0	1.0				HG003	hg38_m_giabHC	-1	-2	sent	oct
I2-HG003-15x-6-D0-PF-ILMN-NOVASEQ-sent-oct-INS_gt50	INS_gt50	I2-HG003-15x-6-D0-PF-ILMN-NOVASEQ	688815815.0	688815578.0	237.0	0.0	0.0		0.0	1.0				HG003	hg38_m_giabHC	-1	-2	sent	oct
I2-HG003-15x-6-D0-PF-ILMN-NOVASEQ-sent-oct-DEL_50	DEL_50	I2-HG003-15x-6-D0-PF-ILMN-NOVASEQ	688815815.0	688789247.0	26568.0	0.0	0.0		0.0	1.0				HG003	hg38_m_giabHC	-1	-2	sent	oct
I2-HG003-15x-6-D0-PF-ILMN-NOVASEQ-sent-oct-DEL_gt50	DEL_gt50	I2-HG003-15x-6-D0-PF-ILMN-NOVASEQ	688815815.0	688815677.0	138.0	0.0	0.0		0.0	1.0				HG003	hg38_m_giabHC	-1	-2	sent	oct
I2-HG003-15x-6-D0-PF-ILMN-NOVASEQ-sent-oct-Indel_50	Indel_50	I2-HG003-15x-6-D0-PF-ILMN-NOVASEQ	688815815.0	688805722.0	10093.0	0.0	0.0		0.0	1.0				HG003	hg38_m_giabHC	-1	-2	sent	oct
I2-HG003-15x-6-D0-PF-ILMN-NOVASEQ-sent-oct-Indel_gt50	Indel_gt50	I2-HG003-15x-6-D0-PF-ILMN-NOVASEQ	688815815.0	688814581.0	1234.0	0.0	0.0		0.0	1.0				HG003	hg38_m_giabHC	-1	-2	sent	oct
I2-HG003-15x-6-D0-PF-ILMN-NOVASEQ-sent-oct-All	All	I2-HG003-15x-6-D0-PF-ILMN-NOVASEQ	688815815.0	688647833.0	167982.0	0.0	0.0		0.0	1.0				HG003	hg38_m_giabHC	-1	-2	sent	oct
I2-HG003-15x-6-D0-PF-ILMN-NOVASEQ-sent-oct-SNPts	SNPts	I2-HG003-15x-6-D0-PF-ILMN-NOVASEQ	332544085.0	332287314.0	256771.0	0.0	0.0		0.0	1.0				HG003	giabHC_x_ultima_x_clinvar	-1	-2	sent	oct
I2-HG003-15x-6-D0-PF-ILMN-NOVASEQ-sent-oct-SNPtv	SNPtv	I2-HG003-15x-6-D0-PF-ILMN-NOVASEQ	332544085.0	332429541.0	114544.0	0.0	0.0		0.0	1.0				HG003	giabHC_x_ultima_x_clinvar	-1	-2	sent	oct
I2-HG003-15x-6-D0-PF-ILMN-NOVASEQ-sent-oct-INS_50	INS_50	I2-HG003-15x-6-D0-PF-ILMN-NOVASEQ	332544085.0	332526629.0	17456.0	0.0	0.0		0.0	1.0				HG003	giabHC_x_ultima_x_clinvar	-1	-2	sent	oct
I2-HG003-15x-6-D0-PF-ILMN-NOVASEQ-sent-oct-INS_gt50	INS_gt50	I2-HG003-15x-6-D0-PF-ILMN-NOVASEQ	332544085.0	332544085.0	0.0	0.0	0.0			1.0				HG003	giabHC_x_ultima_x_clinvar	-1	-2	sent	oct
I2-HG003-15x-6-D0-PF-ILMN-NOVASEQ-sent-oct-DEL_50	DEL_50	I2-HG003-15x-6-D0-PF-ILMN-NOVASEQ	332544085.0	332525184.0	18901.0	0.0	0.0		0.0	1.0				HG003	giabHC_x_ultima_x_clinvar	-1	-2	sent	oct
I2-HG003-15x-6-D0-PF-ILMN-NOVASEQ-sent-oct-DEL_gt50	DEL_gt50	I2-HG003-15x-6-D0-PF-ILMN-NOVASEQ	332544085.0	332544085.0	0.0	0.0	0.0			1.0				HG003	giabHC_x_ultima_x_clinvar	-1	-2	sent	oct
I2-HG003-15x-6-D0-PF-ILMN-NOVASEQ-sent-oct-Indel_50	Indel_50	I2-HG003-15x-6-D0-PF-ILMN-NOVASEQ	332544085.0	332542784.0	1301.0	0.0	0.0		0.0	1.0				HG003	giabHC_x_ultima_x_clinvar	-1	-2	sent	oct
I2-HG003-15x-6-D0-PF-ILMN-NOVASEQ-sent-oct-Indel_gt50	Indel_gt50	I2-HG003-15x-6-D0-PF-ILMN-NOVASEQ	332544085.0	332544054.0	31.0	0.0	0.0		0.0	1.0				HG003	giabHC_x_ultima_x_clinvar	-1	-2	sent	oct
I2-HG003-15x-6-D0-PF-ILMN-NOVASEQ-sent-oct-All	All	I2-HG003-15x-6-D0-PF-ILMN-NOVASEQ	332544085.0	332135081.0	409004.0	0.0	0.0		0.0	1.0				HG003	giabHC_x_ultima_x_clinvar	-1	-2	sent	oct
I2-HG003-15x-6-D0-PF-ILMN-NOVASEQ-sent-oct-SNPts	SNPts	I2-HG003-15x-6-D0-PF-ILMN-NOVASEQ	2799325643.0	2797071917.0	2253726.0	0.0	0.0		0.0	1.0				HG003	ultima	-1	-2	sent	oct
I2-HG003-15x-6-D0-PF-ILMN-NOVASEQ-sent-oct-SNPtv	SNPtv	I2-HG003-15x-6-D0-PF-ILMN-NOVASEQ	2799325643.0	2798267435.0	1058208.0	0.0	0.0		0.0	1.0				HG003	ultima	-1	-2	sent	oct
I2-HG003-15x-6-D0-PF-ILMN-NOVASEQ-sent-oct-INS_50	INS_50	I2-HG003-15x-6-D0-PF-ILMN-NOVASEQ	2799325643.0	2799162256.0	163387.0	0.0	0.0		0.0	1.0				HG003	ultima	-1	-2	sent	oct
I2-HG003-15x-6-D0-PF-ILMN-NOVASEQ-sent-oct-INS_gt50	INS_gt50	I2-HG003-15x-6-D0-PF-ILMN-NOVASEQ	2799325643.0	2799325547.0	96.0	0.0	0.0		0.0	1.0				HG003	ultima	-1	-2	sent	oct
I2-HG003-15x-6-D0-PF-ILMN-NOVASEQ-sent-oct-DEL_50	DEL_50	I2-HG003-15x-6-D0-PF-ILMN-NOVASEQ	2799325643.0	2799148871.0	176772.0	0.0	0.0		0.0	1.0				HG003	ultima	-1	-2	sent	oct
I2-HG003-15x-6-D0-PF-ILMN-NOVASEQ-sent-oct-DEL_gt50	DEL_gt50	I2-HG003-15x-6-D0-PF-ILMN-NOVASEQ	2799325643.0	2799325554.0	89.0	0.0	0.0		0.0	1.0				HG003	ultima	-1	-2	sent	oct
I2-HG003-15x-6-D0-PF-ILMN-NOVASEQ-sent-oct-Indel_50	Indel_50	I2-HG003-15x-6-D0-PF-ILMN-NOVASEQ	2799325643.0	2799308017.0	17626.0	0.0	0.0		0.0	1.0				HG003	ultima	-1	-2	sent	oct
I2-HG003-15x-6-D0-PF-ILMN-NOVASEQ-sent-oct-Indel_gt50	Indel_gt50	I2-HG003-15x-6-D0-PF-ILMN-NOVASEQ	2799325643.0	2799324685.0	958.0	0.0	0.0		0.0	1.0				HG003	ultima	-1	-2	sent	oct
I2-HG003-15x-6-D0-PF-ILMN-NOVASEQ-sent-oct-All	All	I2-HG003-15x-6-D0-PF-ILMN-NOVASEQ	2799325643.0	2795654781.0	3670862.0	0.0	0.0		0.0	1.0				HG003	ultima	-1	-2	sent	oct
I2-HG003-15x-6-D0-PF-ILMN-NOVASEQ-sent-oct-SNPts	SNPts	I2-HG003-15x-6-D0-PF-ILMN-NOVASEQ	337668665.0	337403108.0	265557.0	0.0	0.0		0.0	1.0				HG003	giabHC_x_clinvar_genes	-1	-2	sent	oct
I2-HG003-15x-6-D0-PF-ILMN-NOVASEQ-sent-oct-SNPtv	SNPtv	I2-HG003-15x-6-D0-PF-ILMN-NOVASEQ	337668665.0	337548418.0	120247.0	0.0	0.0		0.0	1.0				HG003	giabHC_x_clinvar_genes	-1	-2	sent	oct
I2-HG003-15x-6-D0-PF-ILMN-NOVASEQ-sent-oct-INS_50	INS_50	I2-HG003-15x-6-D0-PF-ILMN-NOVASEQ	337668665.0	337642389.0	26276.0	0.0	0.0		0.0	1.0				HG003	giabHC_x_clinvar_genes	-1	-2	sent	oct
I2-HG003-15x-6-D0-PF-ILMN-NOVASEQ-sent-oct-INS_gt50	INS_gt50	I2-HG003-15x-6-D0-PF-ILMN-NOVASEQ	337668665.0	337668665.0	0.0	0.0	0.0			1.0				HG003	giabHC_x_clinvar_genes	-1	-2	sent	oct
I2-HG003-15x-6-D0-PF-ILMN-NOVASEQ-sent-oct-DEL_50	DEL_50	I2-HG003-15x-6-D0-PF-ILMN-NOVASEQ	337668665.0	337640749.0	27916.0	0.0	0.0		0.0	1.0				HG003	giabHC_x_clinvar_genes	-1	-2	sent	oct
I2-HG003-15x-6-D0-PF-ILMN-NOVASEQ-sent-oct-DEL_gt50	DEL_gt50	I2-HG003-15x-6-D0-PF-ILMN-NOVASEQ	337668665.0	337668665.0	0.0	0.0	0.0			1.0				HG003	giabHC_x_clinvar_genes	-1	-2	sent	oct
I2-HG003-15x-6-D0-PF-ILMN-NOVASEQ-sent-oct-Indel_50	Indel_50	I2-HG003-15x-6-D0-PF-ILMN-NOVASEQ	337668665.0	337665452.0	3213.0	0.0	0.0		0.0	1.0				HG003	giabHC_x_clinvar_genes	-1	-2	sent	oct
I2-HG003-15x-6-D0-PF-ILMN-NOVASEQ-sent-oct-Indel_gt50	Indel_gt50	I2-HG003-15x-6-D0-PF-ILMN-NOVASEQ	337668665.0	337668619.0	46.0	0.0	0.0		0.0	1.0				HG003	giabHC_x_clinvar_genes	-1	-2	sent	oct
I2-HG003-15x-6-D0-PF-ILMN-NOVASEQ-sent-oct-All	All	I2-HG003-15x-6-D0-PF-ILMN-NOVASEQ	337668665.0	337225410.0	443255.0	0.0	0.0		0.0	1.0				HG003	giabHC_x_clinvar_genes	-1	-2	sent	oct
I2-HG003-1x-1-D0-PF-ILMN-NOVASEQ-sent-clair3-SNPts	SNPts	I2-HG003-1x-1-D0-PF-ILMN-NOVASEQ	332544085.0	332287276.0	179849.0	76960.0	51957.0	0.3990397328673722	0.29967797078762815	0.9998436627552787	0.4030267536476958	0.5969732463523042	0.5969732463523042	HG003	giabHC_x_ultima_x_clinvar	-1	-2	sent	clair3
I2-HG003-1x-1-D0-PF-ILMN-NOVASEQ-sent-clair3-SNPtv	SNPtv	I2-HG003-1x-1-D0-PF-ILMN-NOVASEQ	332544085.0	332429482.0	83505.0	31098.0	6631.0	0.40829241393797755	0.2713541530326431	0.9999800533102732	0.17575339924196243	0.8242466007580376	0.8242466007580376	HG003	giabHC_x_ultima_x_clinvar	-1	-2	sent	clair3
I2-HG003-1x-1-D0-PF-ILMN-NOVASEQ-sent-clair3-INS_50	INS_50	I2-HG003-1x-1-D0-PF-ILMN-NOVASEQ	332544085.0	332526587.0	12939.0	4559.0	376.0	0.4064547764454153	0.2605440621785347	0.9999988692646257	0.0761904761904762	0.9238095238095239	0.9238095238095239	HG003	giabHC_x_ultima_x_clinvar	-1	-2	sent	clair3
I2-HG003-1x-1-D0-PF-ILMN-NOVASEQ-sent-clair3-INS_gt50	INS_gt50	I2-HG003-1x-1-D0-PF-ILMN-NOVASEQ	332544085.0	332544085.0	0.0	0.0	0.0			1.0				HG003	giabHC_x_ultima_x_clinvar	-1	-2	sent	clair3
I2-HG003-1x-1-D0-PF-ILMN-NOVASEQ-sent-clair3-DEL_50	DEL_50	I2-HG003-1x-1-D0-PF-ILMN-NOVASEQ	332544085.0	332525120.0	14248.0	4717.0	513.0	0.3899152717503616	0.24872132876351175	0.9999984572617895	0.09808795411089866	0.9019120458891013	0.9019120458891013	HG003	giabHC_x_ultima_x_clinvar	-1	-2	sent	clair3
I2-HG003-1x-1-D0-PF-ILMN-NOVASEQ-sent-clair3-DEL_gt50	DEL_gt50	I2-HG003-1x-1-D0-PF-ILMN-NOVASEQ	332544085.0	332544085.0	0.0	0.0	0.0			1.0				HG003	giabHC_x_ultima_x_clinvar	-1	-2	sent	clair3
I2-HG003-1x-1-D0-PF-ILMN-NOVASEQ-sent-clair3-Indel_50	Indel_50	I2-HG003-1x-1-D0-PF-ILMN-NOVASEQ	332544085.0	332542900.0	1076.0	109.0	0.0	0.16846986089644514	0.0919831223628692	1.0	0.0	1.0	1.0	HG003	giabHC_x_ultima_x_clinvar	-1	-2	sent	clair3
I2-HG003-1x-1-D0-PF-ILMN-NOVASEQ-sent-clair3-Indel_gt50	Indel_gt50	I2-HG003-1x-1-D0-PF-ILMN-NOVASEQ	332544085.0	332544057.0	25.0	3.0	0.0	0.19354838709677416	0.10714285714285714	1.0	0.0	1.0	1.0	HG003	giabHC_x_ultima_x_clinvar	-1	-2	sent	clair3
I2-HG003-1x-1-D0-PF-ILMN-NOVASEQ-sent-clair3-All	All	I2-HG003-1x-1-D0-PF-ILMN-NOVASEQ	332544085.0	332134997.0	291642.0	117446.0	59477.0	0.4008320662922709	0.28709226376720903	0.9998209572866044	0.3361744939889104	0.6638255060110896	0.6638255060110896	HG003	giabHC_x_ultima_x_clinvar	-1	-2	sent	clair3
I2-HG003-1x-1-D0-PF-ILMN-NOVASEQ-sent-clair3-SNPts	SNPts	I2-HG003-1x-1-D0-PF-ILMN-NOVASEQ	2505355380.0	2503152400.0	1582732.0	620248.0	0.0	0.4393892381345042	0.28154953744473393	1.0	0.0	1.0	1.0	HG003	giabHC_x_ultima	-1	-2	sent	clair3
I2-HG003-1x-1-D0-PF-ILMN-NOVASEQ-sent-clair3-SNPtv	SNPtv	I2-HG003-1x-1-D0-PF-ILMN-NOVASEQ	2505355380.0	2504321044.0	770218.0	264118.0	0.0	0.4068191865094951	0.2553502923614763	1.0	0.0	1.0	1.0	HG003	giabHC_x_ultima	-1	-2	sent	clair3
I2-HG003-1x-1-D0-PF-ILMN-NOVASEQ-sent-clair3-INS_50	INS_50	I2-HG003-1x-1-D0-PF-ILMN-NOVASEQ	2505355380.0	2505201448.0	115845.0	38087.0	0.0	0.3967003265301871	0.24742743549099602	1.0	0.0	1.0	1.0	HG003	giabHC_x_ultima	-1	-2	sent	clair3
I2-HG003-1x-1-D0-PF-ILMN-NOVASEQ-sent-clair3-INS_gt50	INS_gt50	I2-HG003-1x-1-D0-PF-ILMN-NOVASEQ	2505355380.0	2505355380.0	0.0	0.0	0.0			1.0				HG003	giabHC_x_ultima	-1	-2	sent	clair3
I2-HG003-1x-1-D0-PF-ILMN-NOVASEQ-sent-clair3-DEL_50	DEL_50	I2-HG003-1x-1-D0-PF-ILMN-NOVASEQ	2505355380.0	2505189484.0	126035.0	39861.0	0.0	0.3874570488488849	0.2402770410377586	1.0	0.0	1.0	1.0	HG003	giabHC_x_ultima	-1	-2	sent	clair3
I2-HG003-1x-1-D0-PF-ILMN-NOVASEQ-sent-clair3-DEL_gt50	DEL_gt50	I2-HG003-1x-1-D0-PF-ILMN-NOVASEQ	2505355380.0	2505355380.0	0.0	0.0	0.0			1.0				HG003	giabHC_x_ultima	-1	-2	sent	clair3
I2-HG003-1x-1-D0-PF-ILMN-NOVASEQ-sent-clair3-Indel_50	Indel_50	I2-HG003-1x-1-D0-PF-ILMN-NOVASEQ	2505355380.0	2505342758.0	11437.0	1185.0	0.0	0.1716520605489969	0.09388369513547774	1.0	0.0	1.0	1.0	HG003	giabHC_x_ultima	-1	-2	sent	clair3
I2-HG003-1x-1-D0-PF-ILMN-NOVASEQ-sent-clair3-Indel_gt50	Indel_gt50	I2-HG003-1x-1-D0-PF-ILMN-NOVASEQ	2505355380.0	2505355055.0	307.0	18.0	0.0	0.10495626822157435	0.055384615384615386	1.0	0.0	1.0	1.0	HG003	giabHC_x_ultima	-1	-2	sent	clair3
I2-HG003-1x-1-D0-PF-ILMN-NOVASEQ-sent-clair3-All	All	I2-HG003-1x-1-D0-PF-ILMN-NOVASEQ	2505355380.0	2501785289.0	2606574.0	963517.0	0.0	0.4250552760626856	0.2698858376439144	1.0	0.0	1.0	1.0	HG003	giabHC_x_ultima	-1	-2	sent	clair3
I2-HG003-1x-1-D0-PF-ILMN-NOVASEQ-sent-clair3-SNPts	SNPts	I2-HG003-1x-1-D0-PF-ILMN-NOVASEQ	377862616.0	377589348.0	192820.0	80448.0	73837.0	0.3763182576195232	0.2943923181638538	0.9998044898127945	0.4785753637748323	0.5214246362251678	0.5214246362251677	HG003	clinvar_genes	-1	-2	sent	clair3
I2-HG003-1x-1-D0-PF-ILMN-NOVASEQ-sent-clair3-SNPtv	SNPtv	I2-HG003-1x-1-D0-PF-ILMN-NOVASEQ	377862616.0	377738225.0	91190.0	33201.0	15387.0	0.3838731869186433	0.26690837761574393	0.9999592671002706	0.31668313163744133	0.6833168683625587	0.6833168683625587	HG003	clinvar_genes	-1	-2	sent	clair3
I2-HG003-1x-1-D0-PF-ILMN-NOVASEQ-sent-clair3-INS_50	INS_50	I2-HG003-1x-1-D0-PF-ILMN-NOVASEQ	377862616.0	377833364.0	22074.0	7178.0	4286.0	0.3525886629334905	0.24538493094489267	0.9999886565036598	0.37386601535240754	0.6261339846475924	0.6261339846475925	HG003	clinvar_genes	-1	-2	sent	clair3
I2-HG003-1x-1-D0-PF-ILMN-NOVASEQ-sent-clair3-INS_gt50	INS_gt50	I2-HG003-1x-1-D0-PF-ILMN-NOVASEQ	377862616.0	377862586.0	30.0	0.0	0.0		0.0	1.0				HG003	clinvar_genes	-1	-2	sent	clair3
I2-HG003-1x-1-D0-PF-ILMN-NOVASEQ-sent-clair3-DEL_50	DEL_50	I2-HG003-1x-1-D0-PF-ILMN-NOVASEQ	377862616.0	377831729.0	23499.0	7388.0	4576.0	0.3448227579286364	0.239194483115874	0.9999878889351302	0.3824807756603143	0.6175192243396856	0.6175192243396858	HG003	clinvar_genes	-1	-2	sent	clair3
I2-HG003-1x-1-D0-PF-ILMN-NOVASEQ-sent-clair3-DEL_gt50	DEL_gt50	I2-HG003-1x-1-D0-PF-ILMN-NOVASEQ	377862616.0	377862598.0	18.0	0.0	0.0		0.0	1.0				HG003	clinvar_genes	-1	-2	sent	clair3
I2-HG003-1x-1-D0-PF-ILMN-NOVASEQ-sent-clair3-Indel_50	Indel_50	I2-HG003-1x-1-D0-PF-ILMN-NOVASEQ	377862616.0	377858836.0	3372.0	408.0	367.0	0.17914379802414931	0.10793650793650794	0.9999990287387548	0.4735483870967742	0.5264516129032257	0.5264516129032258	HG003	clinvar_genes	-1	-2	sent	clair3
I2-HG003-1x-1-D0-PF-ILMN-NOVASEQ-sent-clair3-Indel_gt50	Indel_gt50	I2-HG003-1x-1-D0-PF-ILMN-NOVASEQ	377862616.0	377862448.0	157.0	11.0	1.0	0.12222222222222223	0.06547619047619048	0.9999999973535343	0.08333333333333333	0.9166666666666666	0.9166666666666666	HG003	clinvar_genes	-1	-2	sent	clair3
I2-HG003-1x-1-D0-PF-ILMN-NOVASEQ-sent-clair3-All	All	I2-HG003-1x-1-D0-PF-ILMN-NOVASEQ	377862616.0	377400822.0	333160.0	128634.0	98454.0	0.3734572829599264	0.27855277461378886	0.9997391942017924	0.4335499894314099	0.5664500105685901	0.5664500105685901	HG003	clinvar_genes	-1	-2	sent	clair3
I2-HG003-1x-1-D0-PF-ILMN-NOVASEQ-sent-clair3-SNPts	SNPts	I2-HG003-1x-1-D0-PF-ILMN-NOVASEQ	2528531102.0	2526276094.0	1626443.0	628565.0	0.0	0.435962606114012	0.2787418049071223	1.0	0.0	1.0	1.0	HG003	giabHC	-1	-2	sent	clair3
I2-HG003-1x-1-D0-PF-ILMN-NOVASEQ-sent-clair3-SNPtv	SNPtv	I2-HG003-1x-1-D0-PF-ILMN-NOVASEQ	2528531102.0	2527459034.0	801131.0	270937.0	0.0	0.4034787659018395	0.25272370782450365	1.0	0.0	1.0	1.0	HG003	giabHC	-1	-2	sent	clair3
I2-HG003-1x-1-D0-PF-ILMN-NOVASEQ-sent-clair3-INS_50	INS_50	I2-HG003-1x-1-D0-PF-ILMN-NOVASEQ	2528531102.0	2528300918.0	174817.0	55367.0	0.0	0.3877906223406677	0.24053366002849894	1.0	0.0	1.0	1.0	HG003	giabHC	-1	-2	sent	clair3
I2-HG003-1x-1-D0-PF-ILMN-NOVASEQ-sent-clair3-INS_gt50	INS_gt50	I2-HG003-1x-1-D0-PF-ILMN-NOVASEQ	2528531102.0	2528531101.0	1.0	0.0	0.0		0.0	1.0				HG003	giabHC	-1	-2	sent	clair3
I2-HG003-1x-1-D0-PF-ILMN-NOVASEQ-sent-clair3-DEL_50	DEL_50	I2-HG003-1x-1-D0-PF-ILMN-NOVASEQ	2528531102.0	2528286816.0	186498.0	57788.0	0.0	0.3826082350682283	0.23655878765054075	1.0	0.0	1.0	1.0	HG003	giabHC	-1	-2	sent	clair3
I2-HG003-1x-1-D0-PF-ILMN-NOVASEQ-sent-clair3-DEL_gt50	DEL_gt50	I2-HG003-1x-1-D0-PF-ILMN-NOVASEQ	2528531102.0	2528531102.0	0.0	0.0	0.0			1.0				HG003	giabHC	-1	-2	sent	clair3
I2-HG003-1x-1-D0-PF-ILMN-NOVASEQ-sent-clair3-Indel_50	Indel_50	I2-HG003-1x-1-D0-PF-ILMN-NOVASEQ	2528531102.0	2528501940.0	25780.0	3382.0	0.0	0.2078416912487709	0.11597284136890473	1.0	0.0	1.0	1.0	HG003	giabHC	-1	-2	sent	clair3
I2-HG003-1x-1-D0-PF-ILMN-NOVASEQ-sent-clair3-Indel_gt50	Indel_gt50	I2-HG003-1x-1-D0-PF-ILMN-NOVASEQ	2528531102.0	2528530685.0	395.0	22.0	0.0	0.10022779043280183	0.05275779376498801	1.0	0.0	1.0	1.0	HG003	giabHC	-1	-2	sent	clair3
I2-HG003-1x-1-D0-PF-ILMN-NOVASEQ-sent-clair3-All	All	I2-HG003-1x-1-D0-PF-ILMN-NOVASEQ	2528531102.0	2524699976.0	2815065.0	1016061.0	0.0	0.4192373844871262	0.26521210735433914	1.0	0.0	1.0	1.0	HG003	giabHC	-1	-2	sent	clair3
I2-HG003-1x-1-D0-PF-ILMN-NOVASEQ-sent-clair3-SNPts	SNPts	I2-HG003-1x-1-D0-PF-ILMN-NOVASEQ	337668665.0	337403080.0	186976.0	78609.0	53694.0	0.3951312932282451	0.2959843364647853	0.9998408862878538	0.4058411373891748	0.5941588626108252	0.5941588626108252	HG003	giabHC_x_clinvar_genes	-1	-2	sent	clair3
I2-HG003-1x-1-D0-PF-ILMN-NOVASEQ-sent-clair3-SNPtv	SNPtv	I2-HG003-1x-1-D0-PF-ILMN-NOVASEQ	337668665.0	337548362.0	88015.0	32288.0	6972.0	0.40470535149126047	0.2683889844808525	0.9999793456085633	0.17758532857870607	0.8224146714212939	0.822414671421294	HG003	giabHC_x_clinvar_genes	-1	-2	sent	clair3
I2-HG003-1x-1-D0-PF-ILMN-NOVASEQ-sent-clair3-INS_50	INS_50	I2-HG003-1x-1-D0-PF-ILMN-NOVASEQ	337668665.0	337642244.0	19772.0	6649.0	795.0	0.3926768049608741	0.25165587979258924	0.9999976454423514	0.10679742074153681	0.8932025792584632	0.8932025792584632	HG003	giabHC_x_clinvar_genes	-1	-2	sent	clair3
I2-HG003-1x-1-D0-PF-ILMN-NOVASEQ-sent-clair3-INS_gt50	INS_gt50	I2-HG003-1x-1-D0-PF-ILMN-NOVASEQ	337668665.0	337668665.0	0.0	0.0	0.0			1.0				HG003	giabHC_x_clinvar_genes	-1	-2	sent	clair3
I2-HG003-1x-1-D0-PF-ILMN-NOVASEQ-sent-clair3-DEL_50	DEL_50	I2-HG003-1x-1-D0-PF-ILMN-NOVASEQ	337668665.0	337640617.0	21181.0	6867.0	884.0	0.3836420011732171	0.24483029092983458	0.999997381838437	0.11404980002580312	0.8859501999741969	0.8859501999741969	HG003	giabHC_x_clinvar_genes	-1	-2	sent	clair3
I2-HG003-1x-1-D0-PF-ILMN-NOVASEQ-sent-clair3-DEL_gt50	DEL_gt50	I2-HG003-1x-1-D0-PF-ILMN-NOVASEQ	337668665.0	337668665.0	0.0	0.0	0.0			1.0				HG003	giabHC_x_clinvar_genes	-1	-2	sent	clair3
I2-HG003-1x-1-D0-PF-ILMN-NOVASEQ-sent-clair3-Indel_50	Indel_50	I2-HG003-1x-1-D0-PF-ILMN-NOVASEQ	337668665.0	337665768.0	2542.0	355.0	5.0	0.2179920171937366	0.12254055919917156	0.9999999851924584	0.013888888888888888	0.9861111111111112	0.9861111111111112	HG003	giabHC_x_clinvar_genes	-1	-2	sent	clair3
I2-HG003-1x-1-D0-PF-ILMN-NOVASEQ-sent-clair3-Indel_gt50	Indel_gt50	I2-HG003-1x-1-D0-PF-ILMN-NOVASEQ	337668665.0	337668623.0	37.0	5.0	0.0	0.21276595744680848	0.11904761904761904	1.0	0.0	1.0	1.0	HG003	giabHC_x_clinvar_genes	-1	-2	sent	clair3
I2-HG003-1x-1-D0-PF-ILMN-NOVASEQ-sent-clair3-All	All	I2-HG003-1x-1-D0-PF-ILMN-NOVASEQ	337668665.0	337225369.0	318523.0	124773.0	62350.0	0.39584149589400064	0.2814665595899805	0.9998151429877588	0.3332032940899836	0.6667967059100164	0.6667967059100164	HG003	giabHC_x_clinvar_genes	-1	-2	sent	clair3
I2-HG003-1x-1-D0-PF-ILMN-NOVASEQ-sent-clair3-SNPts	SNPts	I2-HG003-1x-1-D0-PF-ILMN-NOVASEQ	2799325643.0	2797071565.0	1620768.0	633310.0	0.0	0.4386732922627648	0.28096188330661137	1.0	0.0	1.0	1.0	HG003	ultima	-1	-2	sent	clair3
I2-HG003-1x-1-D0-PF-ILMN-NOVASEQ-sent-clair3-SNPtv	SNPtv	I2-HG003-1x-1-D0-PF-ILMN-NOVASEQ	2799325643.0	2798266991.0	788835.0	269817.0	0.0	0.40620744631602246	0.25486845535643443	1.0	0.0	1.0	1.0	HG003	ultima	-1	-2	sent	clair3
I2-HG003-1x-1-D0-PF-ILMN-NOVASEQ-sent-clair3-INS_50	INS_50	I2-HG003-1x-1-D0-PF-ILMN-NOVASEQ	2799325643.0	2799161560.0	124099.0	39984.0	0.0	0.39187129717200725	0.24368155140995715	1.0	0.0	1.0	1.0	HG003	ultima	-1	-2	sent	clair3
I2-HG003-1x-1-D0-PF-ILMN-NOVASEQ-sent-clair3-INS_gt50	INS_gt50	I2-HG003-1x-1-D0-PF-ILMN-NOVASEQ	2799325643.0	2799325547.0	96.0	0.0	0.0		0.0	1.0				HG003	ultima	-1	-2	sent	clair3
I2-HG003-1x-1-D0-PF-ILMN-NOVASEQ-sent-clair3-DEL_50	DEL_50	I2-HG003-1x-1-D0-PF-ILMN-NOVASEQ	2799325643.0	2799147836.0	135692.0	42115.0	0.0	0.38299942706959744	0.23685794147586992	1.0	0.0	1.0	1.0	HG003	ultima	-1	-2	sent	clair3
I2-HG003-1x-1-D0-PF-ILMN-NOVASEQ-sent-clair3-DEL_gt50	DEL_gt50	I2-HG003-1x-1-D0-PF-ILMN-NOVASEQ	2799325643.0	2799325554.0	89.0	0.0	0.0		0.0	1.0				HG003	ultima	-1	-2	sent	clair3
I2-HG003-1x-1-D0-PF-ILMN-NOVASEQ-sent-clair3-Indel_50	Indel_50	I2-HG003-1x-1-D0-PF-ILMN-NOVASEQ	2799325643.0	2799309756.0	14471.0	1416.0	0.0	0.16367103970409755	0.08912947693082394	1.0	0.0	1.0	1.0	HG003	ultima	-1	-2	sent	clair3
I2-HG003-1x-1-D0-PF-ILMN-NOVASEQ-sent-clair3-Indel_gt50	Indel_gt50	I2-HG003-1x-1-D0-PF-ILMN-NOVASEQ	2799325643.0	2799324785.0	818.0	40.0	0.0	0.089086859688196	0.046620046620046623	1.0	0.0	1.0	1.0	HG003	ultima	-1	-2	sent	clair3
I2-HG003-1x-1-D0-PF-ILMN-NOVASEQ-sent-clair3-All	All	I2-HG003-1x-1-D0-PF-ILMN-NOVASEQ	2799325643.0	2795654093.0	2684868.0	986682.0	0.0	0.42362939415640954	0.2687371818441803	1.0	0.0	1.0	1.0	HG003	ultima	-1	-2	sent	clair3
I2-HG003-1x-1-D0-PF-ILMN-NOVASEQ-sent-clair3-SNPts	SNPts	I2-HG003-1x-1-D0-PF-ILMN-NOVASEQ	688815815.0	688747665.0	52232.0	15918.0	0.0	0.3786934386449065	0.2335730007336757	1.0	0.0	1.0	1.0	HG003	hg38_m_giabHC	-1	-2	sent	clair3
I2-HG003-1x-1-D0-PF-ILMN-NOVASEQ-sent-clair3-SNPtv	SNPtv	I2-HG003-1x-1-D0-PF-ILMN-NOVASEQ	688815815.0	688780493.0	27719.0	7603.0	0.0	0.35424577751892833	0.21524828718645603	1.0	0.0	1.0	1.0	HG003	hg38_m_giabHC	-1	-2	sent	clair3
I2-HG003-1x-1-D0-PF-ILMN-NOVASEQ-sent-clair3-INS_50	INS_50	I2-HG003-1x-1-D0-PF-ILMN-NOVASEQ	688815815.0	688788869.0	22491.0	4455.0	0.0	0.2837489251934652	0.1653306613226453	1.0	0.0	1.0	1.0	HG003	hg38_m_giabHC	-1	-2	sent	clair3
I2-HG003-1x-1-D0-PF-ILMN-NOVASEQ-sent-clair3-INS_gt50	INS_gt50	I2-HG003-1x-1-D0-PF-ILMN-NOVASEQ	688815815.0	688815578.0	237.0	0.0	0.0		0.0	1.0				HG003	hg38_m_giabHC	-1	-2	sent	clair3
I2-HG003-1x-1-D0-PF-ILMN-NOVASEQ-sent-clair3-DEL_50	DEL_50	I2-HG003-1x-1-D0-PF-ILMN-NOVASEQ	688815815.0	688788787.0	22216.0	4812.0	0.0	0.3022613065326633	0.17803759064673672	1.0	0.0	1.0	1.0	HG003	hg38_m_giabHC	-1	-2	sent	clair3
I2-HG003-1x-1-D0-PF-ILMN-NOVASEQ-sent-clair3-DEL_gt50	DEL_gt50	I2-HG003-1x-1-D0-PF-ILMN-NOVASEQ	688815815.0	688815677.0	138.0	0.0	0.0		0.0	1.0				HG003	hg38_m_giabHC	-1	-2	sent	clair3
I2-HG003-1x-1-D0-PF-ILMN-NOVASEQ-sent-clair3-Indel_50	Indel_50	I2-HG003-1x-1-D0-PF-ILMN-NOVASEQ	688815815.0	688806683.0	8491.0	641.0	0.0	0.13117773457484908	0.07019272886552781	1.0	0.0	1.0	1.0	HG003	hg38_m_giabHC	-1	-2	sent	clair3
I2-HG003-1x-1-D0-PF-ILMN-NOVASEQ-sent-clair3-Indel_gt50	Indel_gt50	I2-HG003-1x-1-D0-PF-ILMN-NOVASEQ	688815815.0	688814694.0	1092.0	29.0	0.0	0.05043478260869566	0.025869759143621766	1.0	0.0	1.0	1.0	HG003	hg38_m_giabHC	-1	-2	sent	clair3
I2-HG003-1x-1-D0-PF-ILMN-NOVASEQ-sent-clair3-All	All	I2-HG003-1x-1-D0-PF-ILMN-NOVASEQ	688815815.0	688647741.0	134616.0	33458.0	0.0	0.33203659964670623	0.19906707759677286	1.0	0.0	1.0	1.0	HG003	hg38_m_giabHC	-1	-2	sent	clair3
I2-HG003-1x-1-D0-PF-ILMN-NOVASEQ-sent-clair3-SNPts	SNPts	I2-HG003-1x-1-D0-PF-ILMN-NOVASEQ	3088286401.0	3085963256.0	1678675.0	644470.0	0.0	0.43433531640728323	0.2774127314481016	1.0	0.0	1.0	1.0	HG003	hg38	-1	-2	sent	clair3
I2-HG003-1x-1-D0-PF-ILMN-NOVASEQ-sent-clair3-SNPtv	SNPtv	I2-HG003-1x-1-D0-PF-ILMN-NOVASEQ	3088286401.0	3087179014.0	828850.0	278537.0	0.0	0.4019513335507575	0.251526340836582	1.0	0.0	1.0	1.0	HG003	hg38	-1	-2	sent	clair3
I2-HG003-1x-1-D0-PF-ILMN-NOVASEQ-sent-clair3-INS_50	INS_50	I2-HG003-1x-1-D0-PF-ILMN-NOVASEQ	3088286401.0	3088029191.0	197366.0	59844.0	0.0	0.377500362714238	0.23266591501108044	1.0	0.0	1.0	1.0	HG003	hg38	-1	-2	sent	clair3
I2-HG003-1x-1-D0-PF-ILMN-NOVASEQ-sent-clair3-INS_gt50	INS_gt50	I2-HG003-1x-1-D0-PF-ILMN-NOVASEQ	3088286401.0	3088286163.0	238.0	0.0	0.0		0.0	1.0				HG003	hg38	-1	-2	sent	clair3
I2-HG003-1x-1-D0-PF-ILMN-NOVASEQ-sent-clair3-DEL_50	DEL_50	I2-HG003-1x-1-D0-PF-ILMN-NOVASEQ	3088286401.0	3088015278.0	208557.0	62566.0	0.0	0.3749958793966838	0.2307661098468223	1.0	0.0	1.0	1.0	HG003	hg38	-1	-2	sent	clair3
I2-HG003-1x-1-D0-PF-ILMN-NOVASEQ-sent-clair3-DEL_gt50	DEL_gt50	I2-HG003-1x-1-D0-PF-ILMN-NOVASEQ	3088286401.0	3088286263.0	138.0	0.0	0.0		0.0	1.0				HG003	hg38	-1	-2	sent	clair3
I2-HG003-1x-1-D0-PF-ILMN-NOVASEQ-sent-clair3-Indel_50	Indel_50	I2-HG003-1x-1-D0-PF-ILMN-NOVASEQ	3088286401.0	3088248109.0	34270.0	4022.0	0.0	0.19010256652644514	0.10503499425467461	1.0	0.0	1.0	1.0	HG003	hg38	-1	-2	sent	clair3
I2-HG003-1x-1-D0-PF-ILMN-NOVASEQ-sent-clair3-Indel_gt50	Indel_gt50	I2-HG003-1x-1-D0-PF-ILMN-NOVASEQ	3088286401.0	3088284865.0	1485.0	51.0	0.0	0.06427221172022685	0.033203125	1.0	0.0	1.0	1.0	HG003	hg38	-1	-2	sent	clair3
I2-HG003-1x-1-D0-PF-ILMN-NOVASEQ-sent-clair3-All	All	I2-HG003-1x-1-D0-PF-ILMN-NOVASEQ	3088286401.0	3084287332.0	2949579.0	1049490.0	0.0	0.4157582391331863	0.2624335814160746	1.0	0.0	1.0	1.0	HG003	hg38	-1	-2	sent	clair3
I2-HG003-1x-1-D0-PF-ILMN-NOVASEQ-sent-oct-SNPts	SNPts	I2-HG003-1x-1-D0-PF-ILMN-NOVASEQ	3088286401.0	3085963687.0	2322714.0	0.0	0.0		0.0	1.0				HG003	hg38	-1	-2	sent	oct
I2-HG003-1x-1-D0-PF-ILMN-NOVASEQ-sent-oct-SNPtv	SNPtv	I2-HG003-1x-1-D0-PF-ILMN-NOVASEQ	3088286401.0	3087179627.0	1106774.0	0.0	0.0		0.0	1.0				HG003	hg38	-1	-2	sent	oct
I2-HG003-1x-1-D0-PF-ILMN-NOVASEQ-sent-oct-INS_50	INS_50	I2-HG003-1x-1-D0-PF-ILMN-NOVASEQ	3088286401.0	3088030915.0	255486.0	0.0	0.0		0.0	1.0				HG003	hg38	-1	-2	sent	oct
I2-HG003-1x-1-D0-PF-ILMN-NOVASEQ-sent-oct-INS_gt50	INS_gt50	I2-HG003-1x-1-D0-PF-ILMN-NOVASEQ	3088286401.0	3088286163.0	238.0	0.0	0.0		0.0	1.0				HG003	hg38	-1	-2	sent	oct
I2-HG003-1x-1-D0-PF-ILMN-NOVASEQ-sent-oct-DEL_50	DEL_50	I2-HG003-1x-1-D0-PF-ILMN-NOVASEQ	3088286401.0	3088017307.0	269094.0	0.0	0.0		0.0	1.0				HG003	hg38	-1	-2	sent	oct
I2-HG003-1x-1-D0-PF-ILMN-NOVASEQ-sent-oct-DEL_gt50	DEL_gt50	I2-HG003-1x-1-D0-PF-ILMN-NOVASEQ	3088286401.0	3088286263.0	138.0	0.0	0.0		0.0	1.0				HG003	hg38	-1	-2	sent	oct
I2-HG003-1x-1-D0-PF-ILMN-NOVASEQ-sent-oct-Indel_50	Indel_50	I2-HG003-1x-1-D0-PF-ILMN-NOVASEQ	3088286401.0	3088243814.0	42587.0	0.0	0.0		0.0	1.0				HG003	hg38	-1	-2	sent	oct
I2-HG003-1x-1-D0-PF-ILMN-NOVASEQ-sent-oct-Indel_gt50	Indel_gt50	I2-HG003-1x-1-D0-PF-ILMN-NOVASEQ	3088286401.0	3088284701.0	1700.0	0.0	0.0		0.0	1.0				HG003	hg38	-1	-2	sent	oct
I2-HG003-1x-1-D0-PF-ILMN-NOVASEQ-sent-oct-All	All	I2-HG003-1x-1-D0-PF-ILMN-NOVASEQ	3088286401.0	3084287670.0	3998731.0	0.0	0.0		0.0	1.0				HG003	hg38	-1	-2	sent	oct
I2-HG003-1x-1-D0-PF-ILMN-NOVASEQ-sent-oct-SNPts	SNPts	I2-HG003-1x-1-D0-PF-ILMN-NOVASEQ	688815815.0	688747871.0	67944.0	0.0	0.0		0.0	1.0				HG003	hg38_m_giabHC	-1	-2	sent	oct
I2-HG003-1x-1-D0-PF-ILMN-NOVASEQ-sent-oct-SNPtv	SNPtv	I2-HG003-1x-1-D0-PF-ILMN-NOVASEQ	688815815.0	688780713.0	35102.0	0.0	0.0		0.0	1.0				HG003	hg38_m_giabHC	-1	-2	sent	oct
I2-HG003-1x-1-D0-PF-ILMN-NOVASEQ-sent-oct-INS_50	INS_50	I2-HG003-1x-1-D0-PF-ILMN-NOVASEQ	688815815.0	688789149.0	26666.0	0.0	0.0		0.0	1.0				HG003	hg38_m_giabHC	-1	-2	sent	oct
I2-HG003-1x-1-D0-PF-ILMN-NOVASEQ-sent-oct-INS_gt50	INS_gt50	I2-HG003-1x-1-D0-PF-ILMN-NOVASEQ	688815815.0	688815578.0	237.0	0.0	0.0		0.0	1.0				HG003	hg38_m_giabHC	-1	-2	sent	oct
I2-HG003-1x-1-D0-PF-ILMN-NOVASEQ-sent-oct-DEL_50	DEL_50	I2-HG003-1x-1-D0-PF-ILMN-NOVASEQ	688815815.0	688789247.0	26568.0	0.0	0.0		0.0	1.0				HG003	hg38_m_giabHC	-1	-2	sent	oct
I2-HG003-1x-1-D0-PF-ILMN-NOVASEQ-sent-oct-DEL_gt50	DEL_gt50	I2-HG003-1x-1-D0-PF-ILMN-NOVASEQ	688815815.0	688815677.0	138.0	0.0	0.0		0.0	1.0				HG003	hg38_m_giabHC	-1	-2	sent	oct
I2-HG003-1x-1-D0-PF-ILMN-NOVASEQ-sent-oct-Indel_50	Indel_50	I2-HG003-1x-1-D0-PF-ILMN-NOVASEQ	688815815.0	688805722.0	10093.0	0.0	0.0		0.0	1.0				HG003	hg38_m_giabHC	-1	-2	sent	oct
I2-HG003-1x-1-D0-PF-ILMN-NOVASEQ-sent-oct-Indel_gt50	Indel_gt50	I2-HG003-1x-1-D0-PF-ILMN-NOVASEQ	688815815.0	688814581.0	1234.0	0.0	0.0		0.0	1.0				HG003	hg38_m_giabHC	-1	-2	sent	oct
I2-HG003-1x-1-D0-PF-ILMN-NOVASEQ-sent-oct-All	All	I2-HG003-1x-1-D0-PF-ILMN-NOVASEQ	688815815.0	688647833.0	167982.0	0.0	0.0		0.0	1.0				HG003	hg38_m_giabHC	-1	-2	sent	oct
I2-HG003-1x-1-D0-PF-ILMN-NOVASEQ-sent-oct-SNPts	SNPts	I2-HG003-1x-1-D0-PF-ILMN-NOVASEQ	2505355380.0	2503152670.0	2202710.0	0.0	0.0		0.0	1.0				HG003	giabHC_x_ultima	-1	-2	sent	oct
I2-HG003-1x-1-D0-PF-ILMN-NOVASEQ-sent-oct-SNPtv	SNPtv	I2-HG003-1x-1-D0-PF-ILMN-NOVASEQ	2505355380.0	2504321399.0	1033981.0	0.0	0.0		0.0	1.0				HG003	giabHC_x_ultima	-1	-2	sent	oct
I2-HG003-1x-1-D0-PF-ILMN-NOVASEQ-sent-oct-INS_50	INS_50	I2-HG003-1x-1-D0-PF-ILMN-NOVASEQ	2505355380.0	2505202001.0	153379.0	0.0	0.0		0.0	1.0				HG003	giabHC_x_ultima	-1	-2	sent	oct
I2-HG003-1x-1-D0-PF-ILMN-NOVASEQ-sent-oct-INS_gt50	INS_gt50	I2-HG003-1x-1-D0-PF-ILMN-NOVASEQ	2505355380.0	2505355380.0	0.0	0.0	0.0			1.0				HG003	giabHC_x_ultima	-1	-2	sent	oct
I2-HG003-1x-1-D0-PF-ILMN-NOVASEQ-sent-oct-DEL_50	DEL_50	I2-HG003-1x-1-D0-PF-ILMN-NOVASEQ	2505355380.0	2505190289.0	165091.0	0.0	0.0		0.0	1.0				HG003	giabHC_x_ultima	-1	-2	sent	oct
I2-HG003-1x-1-D0-PF-ILMN-NOVASEQ-sent-oct-DEL_gt50	DEL_gt50	I2-HG003-1x-1-D0-PF-ILMN-NOVASEQ	2505355380.0	2505355380.0	0.0	0.0	0.0			1.0				HG003	giabHC_x_ultima	-1	-2	sent	oct
I2-HG003-1x-1-D0-PF-ILMN-NOVASEQ-sent-oct-Indel_50	Indel_50	I2-HG003-1x-1-D0-PF-ILMN-NOVASEQ	2505355380.0	2505341371.0	14009.0	0.0	0.0		0.0	1.0				HG003	giabHC_x_ultima	-1	-2	sent	oct
I2-HG003-1x-1-D0-PF-ILMN-NOVASEQ-sent-oct-Indel_gt50	Indel_gt50	I2-HG003-1x-1-D0-PF-ILMN-NOVASEQ	2505355380.0	2505355013.0	367.0	0.0	0.0		0.0	1.0				HG003	giabHC_x_ultima	-1	-2	sent	oct
I2-HG003-1x-1-D0-PF-ILMN-NOVASEQ-sent-oct-All	All	I2-HG003-1x-1-D0-PF-ILMN-NOVASEQ	2505355380.0	2501785843.0	3569537.0	0.0	0.0		0.0	1.0				HG003	giabHC_x_ultima	-1	-2	sent	oct
I2-HG003-1x-1-D0-PF-ILMN-NOVASEQ-sent-oct-SNPts	SNPts	I2-HG003-1x-1-D0-PF-ILMN-NOVASEQ	2799325643.0	2797071917.0	2253726.0	0.0	0.0		0.0	1.0				HG003	ultima	-1	-2	sent	oct
I2-HG003-1x-1-D0-PF-ILMN-NOVASEQ-sent-oct-SNPtv	SNPtv	I2-HG003-1x-1-D0-PF-ILMN-NOVASEQ	2799325643.0	2798267435.0	1058208.0	0.0	0.0		0.0	1.0				HG003	ultima	-1	-2	sent	oct
I2-HG003-1x-1-D0-PF-ILMN-NOVASEQ-sent-oct-INS_50	INS_50	I2-HG003-1x-1-D0-PF-ILMN-NOVASEQ	2799325643.0	2799162256.0	163387.0	0.0	0.0		0.0	1.0				HG003	ultima	-1	-2	sent	oct
I2-HG003-1x-1-D0-PF-ILMN-NOVASEQ-sent-oct-INS_gt50	INS_gt50	I2-HG003-1x-1-D0-PF-ILMN-NOVASEQ	2799325643.0	2799325547.0	96.0	0.0	0.0		0.0	1.0				HG003	ultima	-1	-2	sent	oct
I2-HG003-1x-1-D0-PF-ILMN-NOVASEQ-sent-oct-DEL_50	DEL_50	I2-HG003-1x-1-D0-PF-ILMN-NOVASEQ	2799325643.0	2799148871.0	176772.0	0.0	0.0		0.0	1.0				HG003	ultima	-1	-2	sent	oct
I2-HG003-1x-1-D0-PF-ILMN-NOVASEQ-sent-oct-DEL_gt50	DEL_gt50	I2-HG003-1x-1-D0-PF-ILMN-NOVASEQ	2799325643.0	2799325554.0	89.0	0.0	0.0		0.0	1.0				HG003	ultima	-1	-2	sent	oct
I2-HG003-1x-1-D0-PF-ILMN-NOVASEQ-sent-oct-Indel_50	Indel_50	I2-HG003-1x-1-D0-PF-ILMN-NOVASEQ	2799325643.0	2799308017.0	17626.0	0.0	0.0		0.0	1.0				HG003	ultima	-1	-2	sent	oct
I2-HG003-1x-1-D0-PF-ILMN-NOVASEQ-sent-oct-Indel_gt50	Indel_gt50	I2-HG003-1x-1-D0-PF-ILMN-NOVASEQ	2799325643.0	2799324685.0	958.0	0.0	0.0		0.0	1.0				HG003	ultima	-1	-2	sent	oct
I2-HG003-1x-1-D0-PF-ILMN-NOVASEQ-sent-oct-All	All	I2-HG003-1x-1-D0-PF-ILMN-NOVASEQ	2799325643.0	2795654781.0	3670862.0	0.0	0.0		0.0	1.0				HG003	ultima	-1	-2	sent	oct
I2-HG003-1x-1-D0-PF-ILMN-NOVASEQ-sent-oct-SNPts	SNPts	I2-HG003-1x-1-D0-PF-ILMN-NOVASEQ	332544085.0	332287314.0	256771.0	0.0	0.0		0.0	1.0				HG003	giabHC_x_ultima_x_clinvar	-1	-2	sent	oct
I2-HG003-1x-1-D0-PF-ILMN-NOVASEQ-sent-oct-SNPtv	SNPtv	I2-HG003-1x-1-D0-PF-ILMN-NOVASEQ	332544085.0	332429541.0	114544.0	0.0	0.0		0.0	1.0				HG003	giabHC_x_ultima_x_clinvar	-1	-2	sent	oct
I2-HG003-1x-1-D0-PF-ILMN-NOVASEQ-sent-oct-INS_50	INS_50	I2-HG003-1x-1-D0-PF-ILMN-NOVASEQ	332544085.0	332526629.0	17456.0	0.0	0.0		0.0	1.0				HG003	giabHC_x_ultima_x_clinvar	-1	-2	sent	oct
I2-HG003-1x-1-D0-PF-ILMN-NOVASEQ-sent-oct-INS_gt50	INS_gt50	I2-HG003-1x-1-D0-PF-ILMN-NOVASEQ	332544085.0	332544085.0	0.0	0.0	0.0			1.0				HG003	giabHC_x_ultima_x_clinvar	-1	-2	sent	oct
I2-HG003-1x-1-D0-PF-ILMN-NOVASEQ-sent-oct-DEL_50	DEL_50	I2-HG003-1x-1-D0-PF-ILMN-NOVASEQ	332544085.0	332525184.0	18901.0	0.0	0.0		0.0	1.0				HG003	giabHC_x_ultima_x_clinvar	-1	-2	sent	oct
I2-HG003-1x-1-D0-PF-ILMN-NOVASEQ-sent-oct-DEL_gt50	DEL_gt50	I2-HG003-1x-1-D0-PF-ILMN-NOVASEQ	332544085.0	332544085.0	0.0	0.0	0.0			1.0				HG003	giabHC_x_ultima_x_clinvar	-1	-2	sent	oct
I2-HG003-1x-1-D0-PF-ILMN-NOVASEQ-sent-oct-Indel_50	Indel_50	I2-HG003-1x-1-D0-PF-ILMN-NOVASEQ	332544085.0	332542784.0	1301.0	0.0	0.0		0.0	1.0				HG003	giabHC_x_ultima_x_clinvar	-1	-2	sent	oct
I2-HG003-1x-1-D0-PF-ILMN-NOVASEQ-sent-oct-Indel_gt50	Indel_gt50	I2-HG003-1x-1-D0-PF-ILMN-NOVASEQ	332544085.0	332544054.0	31.0	0.0	0.0		0.0	1.0				HG003	giabHC_x_ultima_x_clinvar	-1	-2	sent	oct
I2-HG003-1x-1-D0-PF-ILMN-NOVASEQ-sent-oct-All	All	I2-HG003-1x-1-D0-PF-ILMN-NOVASEQ	332544085.0	332135081.0	409004.0	0.0	0.0		0.0	1.0				HG003	giabHC_x_ultima_x_clinvar	-1	-2	sent	oct
I2-HG003-1x-1-D0-PF-ILMN-NOVASEQ-sent-oct-SNPts	SNPts	I2-HG003-1x-1-D0-PF-ILMN-NOVASEQ	2528531102.0	2526276332.0	2254770.0	0.0	0.0		0.0	1.0				HG003	giabHC	-1	-2	sent	oct
I2-HG003-1x-1-D0-PF-ILMN-NOVASEQ-sent-oct-SNPtv	SNPtv	I2-HG003-1x-1-D0-PF-ILMN-NOVASEQ	2528531102.0	2527459430.0	1071672.0	0.0	0.0		0.0	1.0				HG003	giabHC	-1	-2	sent	oct
I2-HG003-1x-1-D0-PF-ILMN-NOVASEQ-sent-oct-INS_50	INS_50	I2-HG003-1x-1-D0-PF-ILMN-NOVASEQ	2528531102.0	2528302362.0	228740.0	0.0	0.0		0.0	1.0				HG003	giabHC	-1	-2	sent	oct
I2-HG003-1x-1-D0-PF-ILMN-NOVASEQ-sent-oct-INS_gt50	INS_gt50	I2-HG003-1x-1-D0-PF-ILMN-NOVASEQ	2528531102.0	2528531101.0	1.0	0.0	0.0		0.0	1.0				HG003	giabHC	-1	-2	sent	oct
I2-HG003-1x-1-D0-PF-ILMN-NOVASEQ-sent-oct-DEL_50	DEL_50	I2-HG003-1x-1-D0-PF-ILMN-NOVASEQ	2528531102.0	2528288385.0	242717.0	0.0	0.0		0.0	1.0				HG003	giabHC	-1	-2	sent	oct
I2-HG003-1x-1-D0-PF-ILMN-NOVASEQ-sent-oct-DEL_gt50	DEL_gt50	I2-HG003-1x-1-D0-PF-ILMN-NOVASEQ	2528531102.0	2528531102.0	0.0	0.0	0.0			1.0				HG003	giabHC	-1	-2	sent	oct
I2-HG003-1x-1-D0-PF-ILMN-NOVASEQ-sent-oct-Indel_50	Indel_50	I2-HG003-1x-1-D0-PF-ILMN-NOVASEQ	2528531102.0	2528498607.0	32495.0	0.0	0.0		0.0	1.0				HG003	giabHC	-1	-2	sent	oct
I2-HG003-1x-1-D0-PF-ILMN-NOVASEQ-sent-oct-Indel_gt50	Indel_gt50	I2-HG003-1x-1-D0-PF-ILMN-NOVASEQ	2528531102.0	2528530634.0	468.0	0.0	0.0		0.0	1.0				HG003	giabHC	-1	-2	sent	oct
I2-HG003-1x-1-D0-PF-ILMN-NOVASEQ-sent-oct-All	All	I2-HG003-1x-1-D0-PF-ILMN-NOVASEQ	2528531102.0	2524700239.0	3830863.0	0.0	0.0		0.0	1.0				HG003	giabHC	-1	-2	sent	oct
I2-HG003-1x-1-D0-PF-ILMN-NOVASEQ-sent-oct-SNPts	SNPts	I2-HG003-1x-1-D0-PF-ILMN-NOVASEQ	337668665.0	337403108.0	265557.0	0.0	0.0		0.0	1.0				HG003	giabHC_x_clinvar_genes	-1	-2	sent	oct
I2-HG003-1x-1-D0-PF-ILMN-NOVASEQ-sent-oct-SNPtv	SNPtv	I2-HG003-1x-1-D0-PF-ILMN-NOVASEQ	337668665.0	337548418.0	120247.0	0.0	0.0		0.0	1.0				HG003	giabHC_x_clinvar_genes	-1	-2	sent	oct
I2-HG003-1x-1-D0-PF-ILMN-NOVASEQ-sent-oct-INS_50	INS_50	I2-HG003-1x-1-D0-PF-ILMN-NOVASEQ	337668665.0	337642389.0	26276.0	0.0	0.0		0.0	1.0				HG003	giabHC_x_clinvar_genes	-1	-2	sent	oct
I2-HG003-1x-1-D0-PF-ILMN-NOVASEQ-sent-oct-INS_gt50	INS_gt50	I2-HG003-1x-1-D0-PF-ILMN-NOVASEQ	337668665.0	337668665.0	0.0	0.0	0.0			1.0				HG003	giabHC_x_clinvar_genes	-1	-2	sent	oct
I2-HG003-1x-1-D0-PF-ILMN-NOVASEQ-sent-oct-DEL_50	DEL_50	I2-HG003-1x-1-D0-PF-ILMN-NOVASEQ	337668665.0	337640749.0	27916.0	0.0	0.0		0.0	1.0				HG003	giabHC_x_clinvar_genes	-1	-2	sent	oct
I2-HG003-1x-1-D0-PF-ILMN-NOVASEQ-sent-oct-DEL_gt50	DEL_gt50	I2-HG003-1x-1-D0-PF-ILMN-NOVASEQ	337668665.0	337668665.0	0.0	0.0	0.0			1.0				HG003	giabHC_x_clinvar_genes	-1	-2	sent	oct
I2-HG003-1x-1-D0-PF-ILMN-NOVASEQ-sent-oct-Indel_50	Indel_50	I2-HG003-1x-1-D0-PF-ILMN-NOVASEQ	337668665.0	337665452.0	3213.0	0.0	0.0		0.0	1.0				HG003	giabHC_x_clinvar_genes	-1	-2	sent	oct
I2-HG003-1x-1-D0-PF-ILMN-NOVASEQ-sent-oct-Indel_gt50	Indel_gt50	I2-HG003-1x-1-D0-PF-ILMN-NOVASEQ	337668665.0	337668619.0	46.0	0.0	0.0		0.0	1.0				HG003	giabHC_x_clinvar_genes	-1	-2	sent	oct
I2-HG003-1x-1-D0-PF-ILMN-NOVASEQ-sent-oct-All	All	I2-HG003-1x-1-D0-PF-ILMN-NOVASEQ	337668665.0	337225410.0	443255.0	0.0	0.0		0.0	1.0				HG003	giabHC_x_clinvar_genes	-1	-2	sent	oct
I2-HG003-1x-1-D0-PF-ILMN-NOVASEQ-sent-oct-SNPts	SNPts	I2-HG003-1x-1-D0-PF-ILMN-NOVASEQ	377862616.0	377589389.0	273227.0	0.0	0.0		0.0	1.0				HG003	clinvar_genes	-1	-2	sent	oct
I2-HG003-1x-1-D0-PF-ILMN-NOVASEQ-sent-oct-SNPtv	SNPtv	I2-HG003-1x-1-D0-PF-ILMN-NOVASEQ	377862616.0	377738293.0	124323.0	0.0	0.0		0.0	1.0				HG003	clinvar_genes	-1	-2	sent	oct
I2-HG003-1x-1-D0-PF-ILMN-NOVASEQ-sent-oct-INS_50	INS_50	I2-HG003-1x-1-D0-PF-ILMN-NOVASEQ	377862616.0	377833542.0	29074.0	0.0	0.0		0.0	1.0				HG003	clinvar_genes	-1	-2	sent	oct
I2-HG003-1x-1-D0-PF-ILMN-NOVASEQ-sent-oct-INS_gt50	INS_gt50	I2-HG003-1x-1-D0-PF-ILMN-NOVASEQ	377862616.0	377862586.0	30.0	0.0	0.0		0.0	1.0				HG003	clinvar_genes	-1	-2	sent	oct
I2-HG003-1x-1-D0-PF-ILMN-NOVASEQ-sent-oct-DEL_50	DEL_50	I2-HG003-1x-1-D0-PF-ILMN-NOVASEQ	377862616.0	377831914.0	30702.0	0.0	0.0		0.0	1.0				HG003	clinvar_genes	-1	-2	sent	oct
I2-HG003-1x-1-D0-PF-ILMN-NOVASEQ-sent-oct-DEL_gt50	DEL_gt50	I2-HG003-1x-1-D0-PF-ILMN-NOVASEQ	377862616.0	377862598.0	18.0	0.0	0.0		0.0	1.0				HG003	clinvar_genes	-1	-2	sent	oct
I2-HG003-1x-1-D0-PF-ILMN-NOVASEQ-sent-oct-Indel_50	Indel_50	I2-HG003-1x-1-D0-PF-ILMN-NOVASEQ	377862616.0	377858426.0	4190.0	0.0	0.0		0.0	1.0				HG003	clinvar_genes	-1	-2	sent	oct
I2-HG003-1x-1-D0-PF-ILMN-NOVASEQ-sent-oct-Indel_gt50	Indel_gt50	I2-HG003-1x-1-D0-PF-ILMN-NOVASEQ	377862616.0	377862434.0	182.0	0.0	0.0		0.0	1.0				HG003	clinvar_genes	-1	-2	sent	oct
I2-HG003-1x-1-D0-PF-ILMN-NOVASEQ-sent-oct-All	All	I2-HG003-1x-1-D0-PF-ILMN-NOVASEQ	377862616.0	377400870.0	461746.0	0.0	0.0		0.0	1.0				HG003	clinvar_genes	-1	-2	sent	oct
I2-HG003-20x-7-D0-PF-ILMN-NOVASEQ-sent-clair3-SNPts	SNPts	I2-HG003-20x-7-D0-PF-ILMN-NOVASEQ	2799325643.0	2797071106.0	5567.0	2248970.0	213184.0	0.9536219353780012	0.9975307568693705	0.9999237889403082	0.08658434850135288	0.9134156514986471	0.9134156514986471	HG003	ultima	-1	-2	sent	clair3
I2-HG003-20x-7-D0-PF-ILMN-NOVASEQ-sent-clair3-SNPtv	SNPtv	I2-HG003-20x-7-D0-PF-ILMN-NOVASEQ	2799325643.0	2798266390.0	3174.0	1056079.0	112741.0	0.9479752234329845	0.9970035487272635	0.9999597120351739	0.09645711059016786	0.9035428894098322	0.9035428894098322	HG003	ultima	-1	-2	sent	clair3
I2-HG003-20x-7-D0-PF-ILMN-NOVASEQ-sent-clair3-INS_50	INS_50	I2-HG003-20x-7-D0-PF-ILMN-NOVASEQ	2799325643.0	2799161715.0	1758.0	162170.0	26769.0	0.9191565093930574	0.9892757796105607	0.9999904368712028	0.14168064825155208	0.858319351748448	0.8583193517484479	HG003	ultima	-1	-2	sent	clair3
I2-HG003-20x-7-D0-PF-ILMN-NOVASEQ-sent-clair3-INS_gt50	INS_gt50	I2-HG003-20x-7-D0-PF-ILMN-NOVASEQ	2799325643.0	2799325547.0	96.0	0.0	0.0		0.0	1.0				HG003	ultima	-1	-2	sent	clair3
I2-HG003-20x-7-D0-PF-ILMN-NOVASEQ-sent-clair3-DEL_50	DEL_50	I2-HG003-20x-7-D0-PF-ILMN-NOVASEQ	2799325643.0	2799148500.0	1452.0	175691.0	35826.0	0.9040858333762156	0.9918032324167481	0.999987201271575	0.16937645673870186	0.8306235432612982	0.8306235432612982	HG003	ultima	-1	-2	sent	clair3
I2-HG003-20x-7-D0-PF-ILMN-NOVASEQ-sent-clair3-DEL_gt50	DEL_gt50	I2-HG003-20x-7-D0-PF-ILMN-NOVASEQ	2799325643.0	2799325554.0	87.0	2.0	23.0	0.03508771929824561	0.02247191011235955	0.9999999917837352	0.92	0.07999999999999996	0.08	HG003	ultima	-1	-2	sent	clair3
I2-HG003-20x-7-D0-PF-ILMN-NOVASEQ-sent-clair3-Indel_50	Indel_50	I2-HG003-20x-7-D0-PF-ILMN-NOVASEQ	2799325643.0	2799308023.0	127.0	17493.0	2878.0	0.9209023189702825	0.9927922814982973	0.9999989718898322	0.1412792695498503	0.8587207304501497	0.8587207304501497	HG003	ultima	-1	-2	sent	clair3
I2-HG003-20x-7-D0-PF-ILMN-NOVASEQ-sent-clair3-Indel_gt50	Indel_gt50	I2-HG003-20x-7-D0-PF-ILMN-NOVASEQ	2799325643.0	2799324729.0	31.0	883.0	368.0	0.8157043879907621	0.9660831509846827	0.9999998685397418	0.2941646682653877	0.7058353317346123	0.7058353317346123	HG003	ultima	-1	-2	sent	clair3
I2-HG003-20x-7-D0-PF-ILMN-NOVASEQ-sent-clair3-All	All	I2-HG003-20x-7-D0-PF-ILMN-NOVASEQ	2799325643.0	2795652063.0	12292.0	3661288.0	391789.0	0.947702997557676	0.9966539451978724	0.9998598773764868	0.09666458347571487	0.9033354165242852	0.9033354165242852	HG003	ultima	-1	-2	sent	clair3
I2-HG003-20x-7-D0-PF-ILMN-NOVASEQ-sent-clair3-SNPts	SNPts	I2-HG003-20x-7-D0-PF-ILMN-NOVASEQ	332544085.0	332287236.0	573.0	256276.0	2026.0	0.9949548773078185	0.9977691172634505	0.9999939029025862	0.007843531989686492	0.9921564680103135	0.9921564680103135	HG003	giabHC_x_ultima_x_clinvar	-1	-2	sent	clair3
I2-HG003-20x-7-D0-PF-ILMN-NOVASEQ-sent-clair3-SNPtv	SNPtv	I2-HG003-20x-7-D0-PF-ILMN-NOVASEQ	332544085.0	332429435.0	318.0	114332.0	731.0	0.9954334321522944	0.9972263410379416	0.9999978010419187	0.006353041377332418	0.9936469586226676	0.9936469586226676	HG003	giabHC_x_ultima_x_clinvar	-1	-2	sent	clair3
I2-HG003-20x-7-D0-PF-ILMN-NOVASEQ-sent-clair3-INS_50	INS_50	I2-HG003-20x-7-D0-PF-ILMN-NOVASEQ	332544085.0	332526588.0	133.0	17364.0	56.0	0.9945871638456912	0.9923986969194719	0.9999998315924422	0.003214695752009185	0.9967853042479908	0.9967853042479908	HG003	giabHC_x_ultima_x_clinvar	-1	-2	sent	clair3
I2-HG003-20x-7-D0-PF-ILMN-NOVASEQ-sent-clair3-INS_gt50	INS_gt50	I2-HG003-20x-7-D0-PF-ILMN-NOVASEQ	332544085.0	332544085.0	0.0	0.0	0.0			1.0				HG003	giabHC_x_ultima_x_clinvar	-1	-2	sent	clair3
I2-HG003-20x-7-D0-PF-ILMN-NOVASEQ-sent-clair3-DEL_50	DEL_50	I2-HG003-20x-7-D0-PF-ILMN-NOVASEQ	332544085.0	332525162.0	98.0	18825.0	64.0	0.9957156458267217	0.9948211171590129	0.999999807533399	0.0033882153634390384	0.996611784636561	0.996611784636561	HG003	giabHC_x_ultima_x_clinvar	-1	-2	sent	clair3
I2-HG003-20x-7-D0-PF-ILMN-NOVASEQ-sent-clair3-DEL_gt50	DEL_gt50	I2-HG003-20x-7-D0-PF-ILMN-NOVASEQ	332544085.0	332544085.0	0.0	0.0	0.0			1.0				HG003	giabHC_x_ultima_x_clinvar	-1	-2	sent	clair3
I2-HG003-20x-7-D0-PF-ILMN-NOVASEQ-sent-clair3-Indel_50	Indel_50	I2-HG003-20x-7-D0-PF-ILMN-NOVASEQ	332544085.0	332542788.0	8.0	1289.0	0.0	0.996906419180201	0.9938319198149576	1.0	0.0	1.0	1.0	HG003	giabHC_x_ultima_x_clinvar	-1	-2	sent	clair3
I2-HG003-20x-7-D0-PF-ILMN-NOVASEQ-sent-clair3-Indel_gt50	Indel_gt50	I2-HG003-20x-7-D0-PF-ILMN-NOVASEQ	332544085.0	332544056.0	0.0	29.0	0.0	1.0	1.0	1.0	0.0	1.0	1.0	HG003	giabHC_x_ultima_x_clinvar	-1	-2	sent	clair3
I2-HG003-20x-7-D0-PF-ILMN-NOVASEQ-sent-clair3-All	All	I2-HG003-20x-7-D0-PF-ILMN-NOVASEQ	332544085.0	332134840.0	1130.0	408115.0	2877.0	0.9951148265684187	0.9972388178230644	0.9999913379304646	0.0070001362556935415	0.9929998637443065	0.9929998637443065	HG003	giabHC_x_ultima_x_clinvar	-1	-2	sent	clair3
I2-HG003-20x-7-D0-PF-ILMN-NOVASEQ-sent-clair3-SNPts	SNPts	I2-HG003-20x-7-D0-PF-ILMN-NOVASEQ	2505355380.0	2503152103.0	4574.0	2198703.0	16276.0	0.9952809434310731	0.9979240013852094	0.9999934978405223	0.007348150930550583	0.9926518490694494	0.9926518490694494	HG003	giabHC_x_ultima	-1	-2	sent	clair3
I2-HG003-20x-7-D0-PF-ILMN-NOVASEQ-sent-clair3-SNPtv	SNPtv	I2-HG003-20x-7-D0-PF-ILMN-NOVASEQ	2505355380.0	2504320621.0	2628.0	1032131.0	4621.0	0.9965006220097311	0.9974602781903805	0.9999981547923877	0.0044571893760513605	0.9955428106239487	0.9955428106239487	HG003	giabHC_x_ultima	-1	-2	sent	clair3
I2-HG003-20x-7-D0-PF-ILMN-NOVASEQ-sent-clair3-INS_50	INS_50	I2-HG003-20x-7-D0-PF-ILMN-NOVASEQ	2505355380.0	2505201712.0	1204.0	152464.0	374.0	0.9948516505386518	0.9921649269854491	0.9999998507106465	0.002447035423127756	0.9975529645768723	0.9975529645768723	HG003	giabHC_x_ultima	-1	-2	sent	clair3
I2-HG003-20x-7-D0-PF-ILMN-NOVASEQ-sent-clair3-INS_gt50	INS_gt50	I2-HG003-20x-7-D0-PF-ILMN-NOVASEQ	2505355380.0	2505355380.0	0.0	0.0	0.0			1.0				HG003	giabHC_x_ultima	-1	-2	sent	clair3
I2-HG003-20x-7-D0-PF-ILMN-NOVASEQ-sent-clair3-DEL_50	DEL_50	I2-HG003-20x-7-D0-PF-ILMN-NOVASEQ	2505355380.0	2505190087.0	757.0	164536.0	469.0	0.9962882003524091	0.995420253731253	0.9999998127886923	0.0028423381109663345	0.9971576618890337	0.9971576618890337	HG003	giabHC_x_ultima	-1	-2	sent	clair3
I2-HG003-20x-7-D0-PF-ILMN-NOVASEQ-sent-clair3-DEL_gt50	DEL_gt50	I2-HG003-20x-7-D0-PF-ILMN-NOVASEQ	2505355380.0	2505355380.0	0.0	0.0	0.0			1.0				HG003	giabHC_x_ultima	-1	-2	sent	clair3
I2-HG003-20x-7-D0-PF-ILMN-NOVASEQ-sent-clair3-Indel_50	Indel_50	I2-HG003-20x-7-D0-PF-ILMN-NOVASEQ	2505355380.0	2505341384.0	79.0	13917.0	2.0	0.9970983342289091	0.9943555301514718	0.9999999992017056	0.00014368848336805806	0.9998563115166319	0.9998563115166319	HG003	giabHC_x_ultima	-1	-2	sent	clair3
I2-HG003-20x-7-D0-PF-ILMN-NOVASEQ-sent-clair3-Indel_gt50	Indel_gt50	I2-HG003-20x-7-D0-PF-ILMN-NOVASEQ	2505355380.0	2505355027.0	4.0	349.0	0.0	0.9943019943019943	0.9886685552407932	1.0	0.0	1.0	1.0	HG003	giabHC_x_ultima	-1	-2	sent	clair3
I2-HG003-20x-7-D0-PF-ILMN-NOVASEQ-sent-clair3-All	All	I2-HG003-20x-7-D0-PF-ILMN-NOVASEQ	2505355380.0	2501784034.0	9246.0	3562100.0	21742.0	0.9956691564218858	0.9974110601437105	0.999991309477255	0.006066673698226652	0.9939333263017733	0.9939333263017733	HG003	giabHC_x_ultima	-1	-2	sent	clair3
I2-HG003-20x-7-D0-PF-ILMN-NOVASEQ-sent-clair3-SNPts	SNPts	I2-HG003-20x-7-D0-PF-ILMN-NOVASEQ	688815815.0	688747514.0	3798.0	64503.0	0.0	0.971401463811331	0.9443932006852023	1.0	0.0	1.0	1.0	HG003	hg38_m_giabHC	-1	-2	sent	clair3
I2-HG003-20x-7-D0-PF-ILMN-NOVASEQ-sent-clair3-SNPtv	SNPtv	I2-HG003-20x-7-D0-PF-ILMN-NOVASEQ	688815815.0	688780251.0	2162.0	33402.0	0.0	0.9686512194414639	0.9392081880553369	1.0	0.0	1.0	1.0	HG003	hg38_m_giabHC	-1	-2	sent	clair3
I2-HG003-20x-7-D0-PF-ILMN-NOVASEQ-sent-clair3-INS_50	INS_50	I2-HG003-20x-7-D0-PF-ILMN-NOVASEQ	688815815.0	688789092.0	2861.0	23862.0	0.0	0.9434417317386578	0.8929386670658235	1.0	0.0	1.0	1.0	HG003	hg38_m_giabHC	-1	-2	sent	clair3
I2-HG003-20x-7-D0-PF-ILMN-NOVASEQ-sent-clair3-INS_gt50	INS_gt50	I2-HG003-20x-7-D0-PF-ILMN-NOVASEQ	688815815.0	688815579.0	236.0	0.0	0.0		0.0	1.0				HG003	hg38_m_giabHC	-1	-2	sent	clair3
I2-HG003-20x-7-D0-PF-ILMN-NOVASEQ-sent-clair3-DEL_50	DEL_50	I2-HG003-20x-7-D0-PF-ILMN-NOVASEQ	688815815.0	688788861.0	2017.0	24937.0	0.0	0.9611300610895916	0.9251688061141203	1.0	0.0	1.0	1.0	HG003	hg38_m_giabHC	-1	-2	sent	clair3
I2-HG003-20x-7-D0-PF-ILMN-NOVASEQ-sent-clair3-DEL_gt50	DEL_gt50	I2-HG003-20x-7-D0-PF-ILMN-NOVASEQ	688815815.0	688815677.0	135.0	3.0	0.0	0.042553191489361694	0.021739130434782608	1.0	0.0	1.0	1.0	HG003	hg38_m_giabHC	-1	-2	sent	clair3
I2-HG003-20x-7-D0-PF-ILMN-NOVASEQ-sent-clair3-Indel_50	Indel_50	I2-HG003-20x-7-D0-PF-ILMN-NOVASEQ	688815815.0	688806073.0	382.0	9360.0	0.0	0.9800020940215683	0.9607883391500719	1.0	0.0	1.0	1.0	HG003	hg38_m_giabHC	-1	-2	sent	clair3
I2-HG003-20x-7-D0-PF-ILMN-NOVASEQ-sent-clair3-Indel_gt50	Indel_gt50	I2-HG003-20x-7-D0-PF-ILMN-NOVASEQ	688815815.0	688814757.0	126.0	932.0	0.0	0.9366834170854271	0.8809073724007561	1.0	0.0	1.0	1.0	HG003	hg38_m_giabHC	-1	-2	sent	clair3
I2-HG003-20x-7-D0-PF-ILMN-NOVASEQ-sent-clair3-All	All	I2-HG003-20x-7-D0-PF-ILMN-NOVASEQ	688815815.0	688647099.0	11717.0	156999.0	0.0	0.9640268332744885	0.9305519334265867	1.0	0.0	1.0	1.0	HG003	hg38_m_giabHC	-1	-2	sent	clair3
I2-HG003-20x-7-D0-PF-ILMN-NOVASEQ-sent-clair3-SNPts	SNPts	I2-HG003-20x-7-D0-PF-ILMN-NOVASEQ	337668665.0	337403091.0	1951.0	263623.0	3116.0	0.9904811642774082	0.9926536483240076	0.9999907648409088	0.011681831303258991	0.988318168696741	0.988318168696741	HG003	giabHC_x_clinvar_genes	-1	-2	sent	clair3
I2-HG003-20x-7-D0-PF-ILMN-NOVASEQ-sent-clair3-SNPtv	SNPtv	I2-HG003-20x-7-D0-PF-ILMN-NOVASEQ	337668665.0	337548354.0	974.0	119337.0	1141.0	0.9912163761633629	0.9919043146511957	0.9999966197549784	0.009470608741844985	0.990529391258155	0.990529391258155	HG003	giabHC_x_clinvar_genes	-1	-2	sent	clair3
I2-HG003-20x-7-D0-PF-ILMN-NOVASEQ-sent-clair3-INS_50	INS_50	I2-HG003-20x-7-D0-PF-ILMN-NOVASEQ	337668665.0	337642403.0	348.0	25914.0	135.0	0.9907667603372139	0.986748914781814	0.9999996001688626	0.005182540596568006	0.994817459403432	0.994817459403432	HG003	giabHC_x_clinvar_genes	-1	-2	sent	clair3
I2-HG003-20x-7-D0-PF-ILMN-NOVASEQ-sent-clair3-INS_gt50	INS_gt50	I2-HG003-20x-7-D0-PF-ILMN-NOVASEQ	337668665.0	337668665.0	0.0	0.0	0.0			1.0				HG003	giabHC_x_clinvar_genes	-1	-2	sent	clair3
I2-HG003-20x-7-D0-PF-ILMN-NOVASEQ-sent-clair3-DEL_50	DEL_50	I2-HG003-20x-7-D0-PF-ILMN-NOVASEQ	337668665.0	337640737.0	212.0	27716.0	138.0	0.9937255745581011	0.9924090518476081	0.9999995912817131	0.004954405112371652	0.9950455948876283	0.9950455948876283	HG003	giabHC_x_clinvar_genes	-1	-2	sent	clair3
I2-HG003-20x-7-D0-PF-ILMN-NOVASEQ-sent-clair3-DEL_gt50	DEL_gt50	I2-HG003-20x-7-D0-PF-ILMN-NOVASEQ	337668665.0	337668665.0	0.0	0.0	0.0			1.0				HG003	giabHC_x_clinvar_genes	-1	-2	sent	clair3
I2-HG003-20x-7-D0-PF-ILMN-NOVASEQ-sent-clair3-Indel_50	Indel_50	I2-HG003-20x-7-D0-PF-ILMN-NOVASEQ	337668665.0	337665463.0	15.0	3187.0	3.0	0.9971839799749687	0.995315427857589	0.9999999911154669	0.0009404388714733542	0.9990595611285267	0.9990595611285267	HG003	giabHC_x_clinvar_genes	-1	-2	sent	clair3
I2-HG003-20x-7-D0-PF-ILMN-NOVASEQ-sent-clair3-Indel_gt50	Indel_gt50	I2-HG003-20x-7-D0-PF-ILMN-NOVASEQ	337668665.0	337668622.0	1.0	42.0	0.0	0.988235294117647	0.9767441860465116	1.0	0.0	1.0	1.0	HG003	giabHC_x_clinvar_genes	-1	-2	sent	clair3
I2-HG003-20x-7-D0-PF-ILMN-NOVASEQ-sent-clair3-All	All	I2-HG003-20x-7-D0-PF-ILMN-NOVASEQ	337668665.0	337225345.0	3501.0	439819.0	4533.0	0.9909493596733929	0.9921027700081205	0.9999865581305343	0.010201371885352153	0.9897986281146478	0.9897986281146478	HG003	giabHC_x_clinvar_genes	-1	-2	sent	clair3
I2-HG003-20x-7-D0-PF-ILMN-NOVASEQ-sent-clair3-SNPts	SNPts	I2-HG003-20x-7-D0-PF-ILMN-NOVASEQ	377862616.0	377589311.0	2476.0	270829.0	44714.0	0.9198604733309784	0.9909405243226432	0.9998815943558051	0.14170493403434714	0.8582950659656529	0.8582950659656529	HG003	clinvar_genes	-1	-2	sent	clair3
I2-HG003-20x-7-D0-PF-ILMN-NOVASEQ-sent-clair3-SNPtv	SNPtv	I2-HG003-20x-7-D0-PF-ILMN-NOVASEQ	377862616.0	377738188.0	1256.0	123172.0	25065.0	0.9034676251077329	0.9899058089819012	0.9999336489195257	0.16908733986791422	0.8309126601320858	0.8309126601320858	HG003	clinvar_genes	-1	-2	sent	clair3
I2-HG003-20x-7-D0-PF-ILMN-NOVASEQ-sent-clair3-INS_50	INS_50	I2-HG003-20x-7-D0-PF-ILMN-NOVASEQ	377862616.0	377833572.0	644.0	28400.0	17145.0	0.7615063883414445	0.9778267456273241	0.9999546249372342	0.37644088264353937	0.6235591173564606	0.6235591173564606	HG003	clinvar_genes	-1	-2	sent	clair3
I2-HG003-20x-7-D0-PF-ILMN-NOVASEQ-sent-clair3-INS_gt50	INS_gt50	I2-HG003-20x-7-D0-PF-ILMN-NOVASEQ	377862616.0	377862586.0	30.0	0.0	0.0		0.0	1.0				HG003	clinvar_genes	-1	-2	sent	clair3
I2-HG003-20x-7-D0-PF-ILMN-NOVASEQ-sent-clair3-DEL_50	DEL_50	I2-HG003-20x-7-D0-PF-ILMN-NOVASEQ	377862616.0	377831852.0	440.0	30324.0	17500.0	0.7717208734157888	0.9856975685866597	0.9999536852454362	0.3659250585480094	0.6340749414519906	0.6340749414519906	HG003	clinvar_genes	-1	-2	sent	clair3
I2-HG003-20x-7-D0-PF-ILMN-NOVASEQ-sent-clair3-DEL_gt50	DEL_gt50	I2-HG003-20x-7-D0-PF-ILMN-NOVASEQ	377862616.0	377862598.0	18.0	0.0	4.0		0.0	0.9999999894141416	1.0	0.0	0.0	HG003	clinvar_genes	-1	-2	sent	clair3
I2-HG003-20x-7-D0-PF-ILMN-NOVASEQ-sent-clair3-Indel_50	Indel_50	I2-HG003-20x-7-D0-PF-ILMN-NOVASEQ	377862616.0	377858460.0	57.0	4099.0	4530.0	0.6412201798983184	0.9862848893166506	0.9999880115276704	0.5249739251361687	0.4750260748638313	0.47502607486383125	HG003	clinvar_genes	-1	-2	sent	clair3
I2-HG003-20x-7-D0-PF-ILMN-NOVASEQ-sent-clair3-Indel_gt50	Indel_gt50	I2-HG003-20x-7-D0-PF-ILMN-NOVASEQ	377862616.0	377862455.0	18.0	143.0	141.0	0.6426966292134831	0.8881987577639752	0.9999996268484854	0.4964788732394366	0.5035211267605634	0.5035211267605634	HG003	clinvar_genes	-1	-2	sent	clair3
I2-HG003-20x-7-D0-PF-ILMN-NOVASEQ-sent-clair3-All	All	I2-HG003-20x-7-D0-PF-ILMN-NOVASEQ	377862616.0	377400710.0	4939.0	456967.0	109099.0	0.8890650718112943	0.9893073482483449	0.9997110035358048	0.19273194291831694	0.807268057081683	0.807268057081683	HG003	clinvar_genes	-1	-2	sent	clair3
I2-HG003-20x-7-D0-PF-ILMN-NOVASEQ-sent-clair3-SNPts	SNPts	I2-HG003-20x-7-D0-PF-ILMN-NOVASEQ	3088286401.0	3085963124.0	17563.0	2305714.0	0.0	0.9962058686223412	0.9924404192870674	1.0	0.0	1.0	1.0	HG003	hg38	-1	-2	sent	clair3
I2-HG003-20x-7-D0-PF-ILMN-NOVASEQ-sent-clair3-SNPtv	SNPtv	I2-HG003-20x-7-D0-PF-ILMN-NOVASEQ	3088286401.0	3087178617.0	9667.0	1098117.0	0.0	0.9956176637120162	0.9912735695767406	1.0	0.0	1.0	1.0	HG003	hg38	-1	-2	sent	clair3
I2-HG003-20x-7-D0-PF-ILMN-NOVASEQ-sent-clair3-INS_50	INS_50	I2-HG003-20x-7-D0-PF-ILMN-NOVASEQ	3088286401.0	3088031119.0	5617.0	249665.0	0.0	0.9888760602597897	0.9779968818796468	1.0	0.0	1.0	1.0	HG003	hg38	-1	-2	sent	clair3
I2-HG003-20x-7-D0-PF-ILMN-NOVASEQ-sent-clair3-INS_gt50	INS_gt50	I2-HG003-20x-7-D0-PF-ILMN-NOVASEQ	3088286401.0	3088286164.0	237.0	0.0	0.0		0.0	1.0				HG003	hg38	-1	-2	sent	clair3
I2-HG003-20x-7-D0-PF-ILMN-NOVASEQ-sent-clair3-DEL_50	DEL_50	I2-HG003-20x-7-D0-PF-ILMN-NOVASEQ	3088286401.0	3088016956.0	3681.0	265764.0	0.0	0.9931223129655891	0.9863385848688971	1.0	0.0	1.0	1.0	HG003	hg38	-1	-2	sent	clair3
I2-HG003-20x-7-D0-PF-ILMN-NOVASEQ-sent-clair3-DEL_gt50	DEL_gt50	I2-HG003-20x-7-D0-PF-ILMN-NOVASEQ	3088286401.0	3088286263.0	135.0	3.0	0.0	0.042553191489361694	0.021739130434782608	1.0	0.0	1.0	1.0	HG003	hg38	-1	-2	sent	clair3
I2-HG003-20x-7-D0-PF-ILMN-NOVASEQ-sent-clair3-Indel_50	Indel_50	I2-HG003-20x-7-D0-PF-ILMN-NOVASEQ	3088286401.0	3088244159.0	596.0	41646.0	0.0	0.9928952889567042	0.9858908195634677	1.0	0.0	1.0	1.0	HG003	hg38	-1	-2	sent	clair3
I2-HG003-20x-7-D0-PF-ILMN-NOVASEQ-sent-clair3-Indel_gt50	Indel_gt50	I2-HG003-20x-7-D0-PF-ILMN-NOVASEQ	3088286401.0	3088284893.0	139.0	1369.0	0.0	0.9516857838025722	0.9078249336870027	1.0	0.0	1.0	1.0	HG003	hg38	-1	-2	sent	clair3
I2-HG003-20x-7-D0-PF-ILMN-NOVASEQ-sent-clair3-All	All	I2-HG003-20x-7-D0-PF-ILMN-NOVASEQ	3088286401.0	3084286488.0	37635.0	3962278.0	0.0	0.9952732859586011	0.9905910453552365	1.0	0.0	1.0	1.0	HG003	hg38	-1	-2	sent	clair3
I2-HG003-20x-7-D0-PF-ILMN-NOVASEQ-sent-clair3-SNPts	SNPts	I2-HG003-20x-7-D0-PF-ILMN-NOVASEQ	2528531102.0	2526276092.0	13765.0	2241245.0	20835.0	0.9923402013243039	0.9938958142092497	0.9999917527509228	0.009210549582684963	0.990789450417315	0.990789450417315	HG003	giabHC	-1	-2	sent	clair3
I2-HG003-20x-7-D0-PF-ILMN-NOVASEQ-sent-clair3-SNPtv	SNPtv	I2-HG003-20x-7-D0-PF-ILMN-NOVASEQ	2528531102.0	2527458868.0	7505.0	1064729.0	6641.0	0.9934008333628787	0.9930005950193708	0.9999973724666167	0.006198605523768633	0.9938013944762314	0.9938013944762314	HG003	giabHC	-1	-2	sent	clair3
I2-HG003-20x-7-D0-PF-ILMN-NOVASEQ-sent-clair3-INS_50	INS_50	I2-HG003-20x-7-D0-PF-ILMN-NOVASEQ	2528531102.0	2528302618.0	2753.0	225731.0	1007.0	0.9917402937467873	0.9879510162637208	0.9999996017092291	0.004441249371521315	0.9955587506284787	0.9955587506284787	HG003	giabHC	-1	-2	sent	clair3
I2-HG003-20x-7-D0-PF-ILMN-NOVASEQ-sent-clair3-INS_gt50	INS_gt50	I2-HG003-20x-7-D0-PF-ILMN-NOVASEQ	2528531102.0	2528531101.0	1.0	0.0	0.0		0.0	1.0				HG003	giabHC	-1	-2	sent	clair3
I2-HG003-20x-7-D0-PF-ILMN-NOVASEQ-sent-clair3-DEL_50	DEL_50	I2-HG003-20x-7-D0-PF-ILMN-NOVASEQ	2528531102.0	2528288413.0	1677.0	241012.0	1093.0	0.994286232915424	0.9930899216692969	0.9999995676919129	0.004514570124532744	0.9954854298754673	0.9954854298754673	HG003	giabHC	-1	-2	sent	clair3
I2-HG003-20x-7-D0-PF-ILMN-NOVASEQ-sent-clair3-DEL_gt50	DEL_gt50	I2-HG003-20x-7-D0-PF-ILMN-NOVASEQ	2528531102.0	2528531102.0	0.0	0.0	0.0			1.0				HG003	giabHC	-1	-2	sent	clair3
I2-HG003-20x-7-D0-PF-ILMN-NOVASEQ-sent-clair3-Indel_50	Indel_50	I2-HG003-20x-7-D0-PF-ILMN-NOVASEQ	2528531102.0	2528498601.0	215.0	32286.0	21.0	0.9963584742624368	0.9933848189286484	0.9999999916946761	0.0006500139288699043	0.9993499860711301	0.9993499860711301	HG003	giabHC	-1	-2	sent	clair3
I2-HG003-20x-7-D0-PF-ILMN-NOVASEQ-sent-clair3-Indel_gt50	Indel_gt50	I2-HG003-20x-7-D0-PF-ILMN-NOVASEQ	2528531102.0	2528530650.0	15.0	437.0	1.0	0.9820224719101124	0.9668141592920354	0.9999999996045134	0.00228310502283105	0.997716894977169	0.997716894977169	HG003	giabHC	-1	-2	sent	clair3
I2-HG003-20x-7-D0-PF-ILMN-NOVASEQ-sent-clair3-All	All	I2-HG003-20x-7-D0-PF-ILMN-NOVASEQ	2528531102.0	2524699731.0	25931.0	3805440.0	29598.0	0.9927568435234801	0.9932319266393153	0.9999882767631127	0.007717785325725586	0.9922822146742745	0.9922822146742745	HG003	giabHC	-1	-2	sent	clair3
I2-HG003-20x-7-D0-PF-ILMN-NOVASEQ-sent-oct-SNPts	SNPts	I2-HG003-20x-7-D0-PF-ILMN-NOVASEQ	332544085.0	332287314.0	256771.0	0.0	0.0		0.0	1.0				HG003	giabHC_x_ultima_x_clinvar	-1	-2	sent	oct
I2-HG003-20x-7-D0-PF-ILMN-NOVASEQ-sent-oct-SNPtv	SNPtv	I2-HG003-20x-7-D0-PF-ILMN-NOVASEQ	332544085.0	332429541.0	114544.0	0.0	0.0		0.0	1.0				HG003	giabHC_x_ultima_x_clinvar	-1	-2	sent	oct
I2-HG003-20x-7-D0-PF-ILMN-NOVASEQ-sent-oct-INS_50	INS_50	I2-HG003-20x-7-D0-PF-ILMN-NOVASEQ	332544085.0	332526629.0	17456.0	0.0	0.0		0.0	1.0				HG003	giabHC_x_ultima_x_clinvar	-1	-2	sent	oct
I2-HG003-20x-7-D0-PF-ILMN-NOVASEQ-sent-oct-INS_gt50	INS_gt50	I2-HG003-20x-7-D0-PF-ILMN-NOVASEQ	332544085.0	332544085.0	0.0	0.0	0.0			1.0				HG003	giabHC_x_ultima_x_clinvar	-1	-2	sent	oct
I2-HG003-20x-7-D0-PF-ILMN-NOVASEQ-sent-oct-DEL_50	DEL_50	I2-HG003-20x-7-D0-PF-ILMN-NOVASEQ	332544085.0	332525184.0	18901.0	0.0	0.0		0.0	1.0				HG003	giabHC_x_ultima_x_clinvar	-1	-2	sent	oct
I2-HG003-20x-7-D0-PF-ILMN-NOVASEQ-sent-oct-DEL_gt50	DEL_gt50	I2-HG003-20x-7-D0-PF-ILMN-NOVASEQ	332544085.0	332544085.0	0.0	0.0	0.0			1.0				HG003	giabHC_x_ultima_x_clinvar	-1	-2	sent	oct
I2-HG003-20x-7-D0-PF-ILMN-NOVASEQ-sent-oct-Indel_50	Indel_50	I2-HG003-20x-7-D0-PF-ILMN-NOVASEQ	332544085.0	332542784.0	1301.0	0.0	0.0		0.0	1.0				HG003	giabHC_x_ultima_x_clinvar	-1	-2	sent	oct
I2-HG003-20x-7-D0-PF-ILMN-NOVASEQ-sent-oct-Indel_gt50	Indel_gt50	I2-HG003-20x-7-D0-PF-ILMN-NOVASEQ	332544085.0	332544054.0	31.0	0.0	0.0		0.0	1.0				HG003	giabHC_x_ultima_x_clinvar	-1	-2	sent	oct
I2-HG003-20x-7-D0-PF-ILMN-NOVASEQ-sent-oct-All	All	I2-HG003-20x-7-D0-PF-ILMN-NOVASEQ	332544085.0	332135081.0	409004.0	0.0	0.0		0.0	1.0				HG003	giabHC_x_ultima_x_clinvar	-1	-2	sent	oct
I2-HG003-20x-7-D0-PF-ILMN-NOVASEQ-sent-oct-SNPts	SNPts	I2-HG003-20x-7-D0-PF-ILMN-NOVASEQ	688815815.0	688747871.0	67944.0	0.0	0.0		0.0	1.0				HG003	hg38_m_giabHC	-1	-2	sent	oct
I2-HG003-20x-7-D0-PF-ILMN-NOVASEQ-sent-oct-SNPtv	SNPtv	I2-HG003-20x-7-D0-PF-ILMN-NOVASEQ	688815815.0	688780713.0	35102.0	0.0	0.0		0.0	1.0				HG003	hg38_m_giabHC	-1	-2	sent	oct
I2-HG003-20x-7-D0-PF-ILMN-NOVASEQ-sent-oct-INS_50	INS_50	I2-HG003-20x-7-D0-PF-ILMN-NOVASEQ	688815815.0	688789149.0	26666.0	0.0	0.0		0.0	1.0				HG003	hg38_m_giabHC	-1	-2	sent	oct
I2-HG003-20x-7-D0-PF-ILMN-NOVASEQ-sent-oct-INS_gt50	INS_gt50	I2-HG003-20x-7-D0-PF-ILMN-NOVASEQ	688815815.0	688815578.0	237.0	0.0	0.0		0.0	1.0				HG003	hg38_m_giabHC	-1	-2	sent	oct
I2-HG003-20x-7-D0-PF-ILMN-NOVASEQ-sent-oct-DEL_50	DEL_50	I2-HG003-20x-7-D0-PF-ILMN-NOVASEQ	688815815.0	688789247.0	26568.0	0.0	0.0		0.0	1.0				HG003	hg38_m_giabHC	-1	-2	sent	oct
I2-HG003-20x-7-D0-PF-ILMN-NOVASEQ-sent-oct-DEL_gt50	DEL_gt50	I2-HG003-20x-7-D0-PF-ILMN-NOVASEQ	688815815.0	688815677.0	138.0	0.0	0.0		0.0	1.0				HG003	hg38_m_giabHC	-1	-2	sent	oct
I2-HG003-20x-7-D0-PF-ILMN-NOVASEQ-sent-oct-Indel_50	Indel_50	I2-HG003-20x-7-D0-PF-ILMN-NOVASEQ	688815815.0	688805722.0	10093.0	0.0	0.0		0.0	1.0				HG003	hg38_m_giabHC	-1	-2	sent	oct
I2-HG003-20x-7-D0-PF-ILMN-NOVASEQ-sent-oct-Indel_gt50	Indel_gt50	I2-HG003-20x-7-D0-PF-ILMN-NOVASEQ	688815815.0	688814581.0	1234.0	0.0	0.0		0.0	1.0				HG003	hg38_m_giabHC	-1	-2	sent	oct
I2-HG003-20x-7-D0-PF-ILMN-NOVASEQ-sent-oct-All	All	I2-HG003-20x-7-D0-PF-ILMN-NOVASEQ	688815815.0	688647833.0	167982.0	0.0	0.0		0.0	1.0				HG003	hg38_m_giabHC	-1	-2	sent	oct
I2-HG003-20x-7-D0-PF-ILMN-NOVASEQ-sent-oct-SNPts	SNPts	I2-HG003-20x-7-D0-PF-ILMN-NOVASEQ	3088286401.0	3085963687.0	2322714.0	0.0	0.0		0.0	1.0				HG003	hg38	-1	-2	sent	oct
I2-HG003-20x-7-D0-PF-ILMN-NOVASEQ-sent-oct-SNPtv	SNPtv	I2-HG003-20x-7-D0-PF-ILMN-NOVASEQ	3088286401.0	3087179627.0	1106774.0	0.0	0.0		0.0	1.0				HG003	hg38	-1	-2	sent	oct
I2-HG003-20x-7-D0-PF-ILMN-NOVASEQ-sent-oct-INS_50	INS_50	I2-HG003-20x-7-D0-PF-ILMN-NOVASEQ	3088286401.0	3088030915.0	255486.0	0.0	0.0		0.0	1.0				HG003	hg38	-1	-2	sent	oct
I2-HG003-20x-7-D0-PF-ILMN-NOVASEQ-sent-oct-INS_gt50	INS_gt50	I2-HG003-20x-7-D0-PF-ILMN-NOVASEQ	3088286401.0	3088286163.0	238.0	0.0	0.0		0.0	1.0				HG003	hg38	-1	-2	sent	oct
I2-HG003-20x-7-D0-PF-ILMN-NOVASEQ-sent-oct-DEL_50	DEL_50	I2-HG003-20x-7-D0-PF-ILMN-NOVASEQ	3088286401.0	3088017307.0	269094.0	0.0	0.0		0.0	1.0				HG003	hg38	-1	-2	sent	oct
I2-HG003-20x-7-D0-PF-ILMN-NOVASEQ-sent-oct-DEL_gt50	DEL_gt50	I2-HG003-20x-7-D0-PF-ILMN-NOVASEQ	3088286401.0	3088286263.0	138.0	0.0	0.0		0.0	1.0				HG003	hg38	-1	-2	sent	oct
I2-HG003-20x-7-D0-PF-ILMN-NOVASEQ-sent-oct-Indel_50	Indel_50	I2-HG003-20x-7-D0-PF-ILMN-NOVASEQ	3088286401.0	3088243814.0	42587.0	0.0	0.0		0.0	1.0				HG003	hg38	-1	-2	sent	oct
I2-HG003-20x-7-D0-PF-ILMN-NOVASEQ-sent-oct-Indel_gt50	Indel_gt50	I2-HG003-20x-7-D0-PF-ILMN-NOVASEQ	3088286401.0	3088284701.0	1700.0	0.0	0.0		0.0	1.0				HG003	hg38	-1	-2	sent	oct
I2-HG003-20x-7-D0-PF-ILMN-NOVASEQ-sent-oct-All	All	I2-HG003-20x-7-D0-PF-ILMN-NOVASEQ	3088286401.0	3084287670.0	3998731.0	0.0	0.0		0.0	1.0				HG003	hg38	-1	-2	sent	oct
I2-HG003-20x-7-D0-PF-ILMN-NOVASEQ-sent-oct-SNPts	SNPts	I2-HG003-20x-7-D0-PF-ILMN-NOVASEQ	2799325643.0	2797071917.0	2253726.0	0.0	0.0		0.0	1.0				HG003	ultima	-1	-2	sent	oct
I2-HG003-20x-7-D0-PF-ILMN-NOVASEQ-sent-oct-SNPtv	SNPtv	I2-HG003-20x-7-D0-PF-ILMN-NOVASEQ	2799325643.0	2798267435.0	1058208.0	0.0	0.0		0.0	1.0				HG003	ultima	-1	-2	sent	oct
I2-HG003-20x-7-D0-PF-ILMN-NOVASEQ-sent-oct-INS_50	INS_50	I2-HG003-20x-7-D0-PF-ILMN-NOVASEQ	2799325643.0	2799162256.0	163387.0	0.0	0.0		0.0	1.0				HG003	ultima	-1	-2	sent	oct
I2-HG003-20x-7-D0-PF-ILMN-NOVASEQ-sent-oct-INS_gt50	INS_gt50	I2-HG003-20x-7-D0-PF-ILMN-NOVASEQ	2799325643.0	2799325547.0	96.0	0.0	0.0		0.0	1.0				HG003	ultima	-1	-2	sent	oct
I2-HG003-20x-7-D0-PF-ILMN-NOVASEQ-sent-oct-DEL_50	DEL_50	I2-HG003-20x-7-D0-PF-ILMN-NOVASEQ	2799325643.0	2799148871.0	176772.0	0.0	0.0		0.0	1.0				HG003	ultima	-1	-2	sent	oct
I2-HG003-20x-7-D0-PF-ILMN-NOVASEQ-sent-oct-DEL_gt50	DEL_gt50	I2-HG003-20x-7-D0-PF-ILMN-NOVASEQ	2799325643.0	2799325554.0	89.0	0.0	0.0		0.0	1.0				HG003	ultima	-1	-2	sent	oct
I2-HG003-20x-7-D0-PF-ILMN-NOVASEQ-sent-oct-Indel_50	Indel_50	I2-HG003-20x-7-D0-PF-ILMN-NOVASEQ	2799325643.0	2799308017.0	17626.0	0.0	0.0		0.0	1.0				HG003	ultima	-1	-2	sent	oct
I2-HG003-20x-7-D0-PF-ILMN-NOVASEQ-sent-oct-Indel_gt50	Indel_gt50	I2-HG003-20x-7-D0-PF-ILMN-NOVASEQ	2799325643.0	2799324685.0	958.0	0.0	0.0		0.0	1.0				HG003	ultima	-1	-2	sent	oct
I2-HG003-20x-7-D0-PF-ILMN-NOVASEQ-sent-oct-All	All	I2-HG003-20x-7-D0-PF-ILMN-NOVASEQ	2799325643.0	2795654781.0	3670862.0	0.0	0.0		0.0	1.0				HG003	ultima	-1	-2	sent	oct
I2-HG003-20x-7-D0-PF-ILMN-NOVASEQ-sent-oct-SNPts	SNPts	I2-HG003-20x-7-D0-PF-ILMN-NOVASEQ	2528531102.0	2526276332.0	2254770.0	0.0	0.0		0.0	1.0				HG003	giabHC	-1	-2	sent	oct
I2-HG003-20x-7-D0-PF-ILMN-NOVASEQ-sent-oct-SNPtv	SNPtv	I2-HG003-20x-7-D0-PF-ILMN-NOVASEQ	2528531102.0	2527459430.0	1071672.0	0.0	0.0		0.0	1.0				HG003	giabHC	-1	-2	sent	oct
I2-HG003-20x-7-D0-PF-ILMN-NOVASEQ-sent-oct-INS_50	INS_50	I2-HG003-20x-7-D0-PF-ILMN-NOVASEQ	2528531102.0	2528302362.0	228740.0	0.0	0.0		0.0	1.0				HG003	giabHC	-1	-2	sent	oct
I2-HG003-20x-7-D0-PF-ILMN-NOVASEQ-sent-oct-INS_gt50	INS_gt50	I2-HG003-20x-7-D0-PF-ILMN-NOVASEQ	2528531102.0	2528531101.0	1.0	0.0	0.0		0.0	1.0				HG003	giabHC	-1	-2	sent	oct
I2-HG003-20x-7-D0-PF-ILMN-NOVASEQ-sent-oct-DEL_50	DEL_50	I2-HG003-20x-7-D0-PF-ILMN-NOVASEQ	2528531102.0	2528288385.0	242717.0	0.0	0.0		0.0	1.0				HG003	giabHC	-1	-2	sent	oct
I2-HG003-20x-7-D0-PF-ILMN-NOVASEQ-sent-oct-DEL_gt50	DEL_gt50	I2-HG003-20x-7-D0-PF-ILMN-NOVASEQ	2528531102.0	2528531102.0	0.0	0.0	0.0			1.0				HG003	giabHC	-1	-2	sent	oct
I2-HG003-20x-7-D0-PF-ILMN-NOVASEQ-sent-oct-Indel_50	Indel_50	I2-HG003-20x-7-D0-PF-ILMN-NOVASEQ	2528531102.0	2528498607.0	32495.0	0.0	0.0		0.0	1.0				HG003	giabHC	-1	-2	sent	oct
I2-HG003-20x-7-D0-PF-ILMN-NOVASEQ-sent-oct-Indel_gt50	Indel_gt50	I2-HG003-20x-7-D0-PF-ILMN-NOVASEQ	2528531102.0	2528530634.0	468.0	0.0	0.0		0.0	1.0				HG003	giabHC	-1	-2	sent	oct
I2-HG003-20x-7-D0-PF-ILMN-NOVASEQ-sent-oct-All	All	I2-HG003-20x-7-D0-PF-ILMN-NOVASEQ	2528531102.0	2524700239.0	3830863.0	0.0	0.0		0.0	1.0				HG003	giabHC	-1	-2	sent	oct
I2-HG003-20x-7-D0-PF-ILMN-NOVASEQ-sent-oct-SNPts	SNPts	I2-HG003-20x-7-D0-PF-ILMN-NOVASEQ	337668665.0	337403108.0	265557.0	0.0	0.0		0.0	1.0				HG003	giabHC_x_clinvar_genes	-1	-2	sent	oct
I2-HG003-20x-7-D0-PF-ILMN-NOVASEQ-sent-oct-SNPtv	SNPtv	I2-HG003-20x-7-D0-PF-ILMN-NOVASEQ	337668665.0	337548418.0	120247.0	0.0	0.0		0.0	1.0				HG003	giabHC_x_clinvar_genes	-1	-2	sent	oct
I2-HG003-20x-7-D0-PF-ILMN-NOVASEQ-sent-oct-INS_50	INS_50	I2-HG003-20x-7-D0-PF-ILMN-NOVASEQ	337668665.0	337642389.0	26276.0	0.0	0.0		0.0	1.0				HG003	giabHC_x_clinvar_genes	-1	-2	sent	oct
I2-HG003-20x-7-D0-PF-ILMN-NOVASEQ-sent-oct-INS_gt50	INS_gt50	I2-HG003-20x-7-D0-PF-ILMN-NOVASEQ	337668665.0	337668665.0	0.0	0.0	0.0			1.0				HG003	giabHC_x_clinvar_genes	-1	-2	sent	oct
I2-HG003-20x-7-D0-PF-ILMN-NOVASEQ-sent-oct-DEL_50	DEL_50	I2-HG003-20x-7-D0-PF-ILMN-NOVASEQ	337668665.0	337640749.0	27916.0	0.0	0.0		0.0	1.0				HG003	giabHC_x_clinvar_genes	-1	-2	sent	oct
I2-HG003-20x-7-D0-PF-ILMN-NOVASEQ-sent-oct-DEL_gt50	DEL_gt50	I2-HG003-20x-7-D0-PF-ILMN-NOVASEQ	337668665.0	337668665.0	0.0	0.0	0.0			1.0				HG003	giabHC_x_clinvar_genes	-1	-2	sent	oct
I2-HG003-20x-7-D0-PF-ILMN-NOVASEQ-sent-oct-Indel_50	Indel_50	I2-HG003-20x-7-D0-PF-ILMN-NOVASEQ	337668665.0	337665452.0	3213.0	0.0	0.0		0.0	1.0				HG003	giabHC_x_clinvar_genes	-1	-2	sent	oct
I2-HG003-20x-7-D0-PF-ILMN-NOVASEQ-sent-oct-Indel_gt50	Indel_gt50	I2-HG003-20x-7-D0-PF-ILMN-NOVASEQ	337668665.0	337668619.0	46.0	0.0	0.0		0.0	1.0				HG003	giabHC_x_clinvar_genes	-1	-2	sent	oct
I2-HG003-20x-7-D0-PF-ILMN-NOVASEQ-sent-oct-All	All	I2-HG003-20x-7-D0-PF-ILMN-NOVASEQ	337668665.0	337225410.0	443255.0	0.0	0.0		0.0	1.0				HG003	giabHC_x_clinvar_genes	-1	-2	sent	oct
I2-HG003-20x-7-D0-PF-ILMN-NOVASEQ-sent-oct-SNPts	SNPts	I2-HG003-20x-7-D0-PF-ILMN-NOVASEQ	377862616.0	377589389.0	273227.0	0.0	0.0		0.0	1.0				HG003	clinvar_genes	-1	-2	sent	oct
I2-HG003-20x-7-D0-PF-ILMN-NOVASEQ-sent-oct-SNPtv	SNPtv	I2-HG003-20x-7-D0-PF-ILMN-NOVASEQ	377862616.0	377738293.0	124323.0	0.0	0.0		0.0	1.0				HG003	clinvar_genes	-1	-2	sent	oct
I2-HG003-20x-7-D0-PF-ILMN-NOVASEQ-sent-oct-INS_50	INS_50	I2-HG003-20x-7-D0-PF-ILMN-NOVASEQ	377862616.0	377833542.0	29074.0	0.0	0.0		0.0	1.0				HG003	clinvar_genes	-1	-2	sent	oct
I2-HG003-20x-7-D0-PF-ILMN-NOVASEQ-sent-oct-INS_gt50	INS_gt50	I2-HG003-20x-7-D0-PF-ILMN-NOVASEQ	377862616.0	377862586.0	30.0	0.0	0.0		0.0	1.0				HG003	clinvar_genes	-1	-2	sent	oct
I2-HG003-20x-7-D0-PF-ILMN-NOVASEQ-sent-oct-DEL_50	DEL_50	I2-HG003-20x-7-D0-PF-ILMN-NOVASEQ	377862616.0	377831914.0	30702.0	0.0	0.0		0.0	1.0				HG003	clinvar_genes	-1	-2	sent	oct
I2-HG003-20x-7-D0-PF-ILMN-NOVASEQ-sent-oct-DEL_gt50	DEL_gt50	I2-HG003-20x-7-D0-PF-ILMN-NOVASEQ	377862616.0	377862598.0	18.0	0.0	0.0		0.0	1.0				HG003	clinvar_genes	-1	-2	sent	oct
I2-HG003-20x-7-D0-PF-ILMN-NOVASEQ-sent-oct-Indel_50	Indel_50	I2-HG003-20x-7-D0-PF-ILMN-NOVASEQ	377862616.0	377858426.0	4190.0	0.0	0.0		0.0	1.0				HG003	clinvar_genes	-1	-2	sent	oct
I2-HG003-20x-7-D0-PF-ILMN-NOVASEQ-sent-oct-Indel_gt50	Indel_gt50	I2-HG003-20x-7-D0-PF-ILMN-NOVASEQ	377862616.0	377862434.0	182.0	0.0	0.0		0.0	1.0				HG003	clinvar_genes	-1	-2	sent	oct
I2-HG003-20x-7-D0-PF-ILMN-NOVASEQ-sent-oct-All	All	I2-HG003-20x-7-D0-PF-ILMN-NOVASEQ	377862616.0	377400870.0	461746.0	0.0	0.0		0.0	1.0				HG003	clinvar_genes	-1	-2	sent	oct
I2-HG003-20x-7-D0-PF-ILMN-NOVASEQ-sent-oct-SNPts	SNPts	I2-HG003-20x-7-D0-PF-ILMN-NOVASEQ	2505355380.0	2503152670.0	2202710.0	0.0	0.0		0.0	1.0				HG003	giabHC_x_ultima	-1	-2	sent	oct
I2-HG003-20x-7-D0-PF-ILMN-NOVASEQ-sent-oct-SNPtv	SNPtv	I2-HG003-20x-7-D0-PF-ILMN-NOVASEQ	2505355380.0	2504321399.0	1033981.0	0.0	0.0		0.0	1.0				HG003	giabHC_x_ultima	-1	-2	sent	oct
I2-HG003-20x-7-D0-PF-ILMN-NOVASEQ-sent-oct-INS_50	INS_50	I2-HG003-20x-7-D0-PF-ILMN-NOVASEQ	2505355380.0	2505202001.0	153379.0	0.0	0.0		0.0	1.0				HG003	giabHC_x_ultima	-1	-2	sent	oct
I2-HG003-20x-7-D0-PF-ILMN-NOVASEQ-sent-oct-INS_gt50	INS_gt50	I2-HG003-20x-7-D0-PF-ILMN-NOVASEQ	2505355380.0	2505355380.0	0.0	0.0	0.0			1.0				HG003	giabHC_x_ultima	-1	-2	sent	oct
I2-HG003-20x-7-D0-PF-ILMN-NOVASEQ-sent-oct-DEL_50	DEL_50	I2-HG003-20x-7-D0-PF-ILMN-NOVASEQ	2505355380.0	2505190289.0	165091.0	0.0	0.0		0.0	1.0				HG003	giabHC_x_ultima	-1	-2	sent	oct
I2-HG003-20x-7-D0-PF-ILMN-NOVASEQ-sent-oct-DEL_gt50	DEL_gt50	I2-HG003-20x-7-D0-PF-ILMN-NOVASEQ	2505355380.0	2505355380.0	0.0	0.0	0.0			1.0				HG003	giabHC_x_ultima	-1	-2	sent	oct
I2-HG003-20x-7-D0-PF-ILMN-NOVASEQ-sent-oct-Indel_50	Indel_50	I2-HG003-20x-7-D0-PF-ILMN-NOVASEQ	2505355380.0	2505341371.0	14009.0	0.0	0.0		0.0	1.0				HG003	giabHC_x_ultima	-1	-2	sent	oct
I2-HG003-20x-7-D0-PF-ILMN-NOVASEQ-sent-oct-Indel_gt50	Indel_gt50	I2-HG003-20x-7-D0-PF-ILMN-NOVASEQ	2505355380.0	2505355013.0	367.0	0.0	0.0		0.0	1.0				HG003	giabHC_x_ultima	-1	-2	sent	oct
I2-HG003-20x-7-D0-PF-ILMN-NOVASEQ-sent-oct-All	All	I2-HG003-20x-7-D0-PF-ILMN-NOVASEQ	2505355380.0	2501785843.0	3569537.0	0.0	0.0		0.0	1.0				HG003	giabHC_x_ultima	-1	-2	sent	oct
I2-HG003-30x-8-D0-PF-ILMN-NOVASEQ-sent-clair3-SNPts	SNPts	I2-HG003-30x-8-D0-PF-ILMN-NOVASEQ	337668665.0	337403090.0	1745.0	263830.0	1475.0	0.9939345991561181	0.9934293514073237	0.9999956283934688	0.005559638906164603	0.9944403610938354	0.9944403610938354	HG003	giabHC_x_clinvar_genes	-1	-2	sent	clair3
I2-HG003-30x-8-D0-PF-ILMN-NOVASEQ-sent-clair3-SNPtv	SNPtv	I2-HG003-30x-8-D0-PF-ILMN-NOVASEQ	337668665.0	337548343.0	878.0	119444.0	564.0	0.9939999167810926	0.9927029138478416	0.9999983291310139	0.004699686687554163	0.9953003133124458	0.9953003133124458	HG003	giabHC_x_clinvar_genes	-1	-2	sent	clair3
I2-HG003-30x-8-D0-PF-ILMN-NOVASEQ-sent-clair3-INS_50	INS_50	I2-HG003-30x-8-D0-PF-ILMN-NOVASEQ	337668665.0	337642414.0	271.0	25980.0	73.0	0.9934230651575404	0.9896765837491905	0.9999997837949819	0.002801980578052432	0.9971980194219475	0.9971980194219475	HG003	giabHC_x_clinvar_genes	-1	-2	sent	clair3
I2-HG003-30x-8-D0-PF-ILMN-NOVASEQ-sent-clair3-INS_gt50	INS_gt50	I2-HG003-30x-8-D0-PF-ILMN-NOVASEQ	337668665.0	337668665.0	0.0	0.0	0.0			1.0				HG003	giabHC_x_clinvar_genes	-1	-2	sent	clair3
I2-HG003-30x-8-D0-PF-ILMN-NOVASEQ-sent-clair3-DEL_50	DEL_50	I2-HG003-30x-8-D0-PF-ILMN-NOVASEQ	337668665.0	337640748.0	138.0	27779.0	90.0	0.995912953070663	0.9950567754414873	0.9999997334445663	0.0032293946679105815	0.9967706053320894	0.9967706053320894	HG003	giabHC_x_clinvar_genes	-1	-2	sent	clair3
I2-HG003-30x-8-D0-PF-ILMN-NOVASEQ-sent-clair3-DEL_gt50	DEL_gt50	I2-HG003-30x-8-D0-PF-ILMN-NOVASEQ	337668665.0	337668665.0	0.0	0.0	0.0			1.0				HG003	giabHC_x_clinvar_genes	-1	-2	sent	clair3
I2-HG003-30x-8-D0-PF-ILMN-NOVASEQ-sent-clair3-Indel_50	Indel_50	I2-HG003-30x-8-D0-PF-ILMN-NOVASEQ	337668665.0	337665455.0	8.0	3202.0	1.0	0.9985966006549197	0.9975077881619938	0.9999999970384889	0.00031220730565095225	0.999687792694349	0.999687792694349	HG003	giabHC_x_clinvar_genes	-1	-2	sent	clair3
I2-HG003-30x-8-D0-PF-ILMN-NOVASEQ-sent-clair3-Indel_gt50	Indel_gt50	I2-HG003-30x-8-D0-PF-ILMN-NOVASEQ	337668665.0	337668620.0	1.0	44.0	0.0	0.9887640449438202	0.9777777777777777	1.0	0.0	1.0	1.0	HG003	giabHC_x_clinvar_genes	-1	-2	sent	clair3
I2-HG003-30x-8-D0-PF-ILMN-NOVASEQ-sent-clair3-All	All	I2-HG003-30x-8-D0-PF-ILMN-NOVASEQ	337668665.0	337225345.0	3041.0	440279.0	2203.0	0.9940799411155088	0.9931403951998556	0.9999934673189866	0.004978733598202865	0.9950212664017971	0.9950212664017971	HG003	giabHC_x_clinvar_genes	-1	-2	sent	clair3
I2-HG003-30x-8-D0-PF-ILMN-NOVASEQ-sent-clair3-SNPts	SNPts	I2-HG003-30x-8-D0-PF-ILMN-NOVASEQ	688815815.0	688747526.0	3403.0	64886.0	0.0	0.9744471559977473	0.9501676697564762	1.0	0.0	1.0	1.0	HG003	hg38_m_giabHC	-1	-2	sent	clair3
I2-HG003-30x-8-D0-PF-ILMN-NOVASEQ-sent-clair3-SNPtv	SNPtv	I2-HG003-30x-8-D0-PF-ILMN-NOVASEQ	688815815.0	688780236.0	1897.0	33682.0	0.0	0.9726108488182382	0.9466820315354563	1.0	0.0	1.0	1.0	HG003	hg38_m_giabHC	-1	-2	sent	clair3
I2-HG003-30x-8-D0-PF-ILMN-NOVASEQ-sent-clair3-INS_50	INS_50	I2-HG003-30x-8-D0-PF-ILMN-NOVASEQ	688815815.0	688789097.0	2373.0	24345.0	0.0	0.953527994829916	0.9111834718167527	1.0	0.0	1.0	1.0	HG003	hg38_m_giabHC	-1	-2	sent	clair3
I2-HG003-30x-8-D0-PF-ILMN-NOVASEQ-sent-clair3-INS_gt50	INS_gt50	I2-HG003-30x-8-D0-PF-ILMN-NOVASEQ	688815815.0	688815580.0	235.0	0.0	0.0		0.0	1.0				HG003	hg38_m_giabHC	-1	-2	sent	clair3
I2-HG003-30x-8-D0-PF-ILMN-NOVASEQ-sent-clair3-DEL_50	DEL_50	I2-HG003-30x-8-D0-PF-ILMN-NOVASEQ	688815815.0	688788985.0	1659.0	25171.0	0.0	0.9680967673698583	0.938166231830041	1.0	0.0	1.0	1.0	HG003	hg38_m_giabHC	-1	-2	sent	clair3
I2-HG003-30x-8-D0-PF-ILMN-NOVASEQ-sent-clair3-DEL_gt50	DEL_gt50	I2-HG003-30x-8-D0-PF-ILMN-NOVASEQ	688815815.0	688815677.0	136.0	2.0	0.0	0.02857142857142857	0.014492753623188406	1.0	0.0	1.0	1.0	HG003	hg38_m_giabHC	-1	-2	sent	clair3
I2-HG003-30x-8-D0-PF-ILMN-NOVASEQ-sent-clair3-Indel_50	Indel_50	I2-HG003-30x-8-D0-PF-ILMN-NOVASEQ	688815815.0	688806053.0	251.0	9511.0	0.0	0.9869765993877445	0.9742880557262856	1.0	0.0	1.0	1.0	HG003	hg38_m_giabHC	-1	-2	sent	clair3
I2-HG003-30x-8-D0-PF-ILMN-NOVASEQ-sent-clair3-Indel_gt50	Indel_gt50	I2-HG003-30x-8-D0-PF-ILMN-NOVASEQ	688815815.0	688814715.0	83.0	1017.0	0.0	0.9607935758148323	0.9245454545454546	1.0	0.0	1.0	1.0	HG003	hg38_m_giabHC	-1	-2	sent	clair3
I2-HG003-30x-8-D0-PF-ILMN-NOVASEQ-sent-clair3-All	All	I2-HG003-30x-8-D0-PF-ILMN-NOVASEQ	688815815.0	688647164.0	10037.0	158614.0	0.0	0.9693306647518067	0.9404865669340828	1.0	0.0	1.0	1.0	HG003	hg38_m_giabHC	-1	-2	sent	clair3
I2-HG003-30x-8-D0-PF-ILMN-NOVASEQ-sent-clair3-SNPts	SNPts	I2-HG003-30x-8-D0-PF-ILMN-NOVASEQ	2528531102.0	2526276091.0	11306.0	2243705.0	9643.0	0.9953532981734596	0.9949862772288028	0.9999961829337551	0.004279410015674454	0.9957205899843256	0.9957205899843256	HG003	giabHC	-1	-2	sent	clair3
I2-HG003-30x-8-D0-PF-ILMN-NOVASEQ-sent-clair3-SNPtv	SNPtv	I2-HG003-30x-8-D0-PF-ILMN-NOVASEQ	2528531102.0	2527458824.0	6117.0	1066161.0	3593.0	0.9954669211290961	0.9942953226681887	0.9999985784160524	0.003358716116041632	0.9966412838839583	0.9966412838839583	HG003	giabHC	-1	-2	sent	clair3
I2-HG003-30x-8-D0-PF-ILMN-NOVASEQ-sent-clair3-INS_50	INS_50	I2-HG003-30x-8-D0-PF-ILMN-NOVASEQ	2528531102.0	2528302588.0	1685.0	226829.0	513.0	0.9951783019199045	0.9926262723509282	0.9999997970971124	0.0022565122150768444	0.9977434877849232	0.9977434877849232	HG003	giabHC	-1	-2	sent	clair3
I2-HG003-30x-8-D0-PF-ILMN-NOVASEQ-sent-clair3-INS_gt50	INS_gt50	I2-HG003-30x-8-D0-PF-ILMN-NOVASEQ	2528531102.0	2528531101.0	1.0	0.0	0.0		0.0	1.0				HG003	giabHC	-1	-2	sent	clair3
I2-HG003-30x-8-D0-PF-ILMN-NOVASEQ-sent-clair3-DEL_50	DEL_50	I2-HG003-30x-8-D0-PF-ILMN-NOVASEQ	2528531102.0	2528288475.0	975.0	241652.0	547.0	0.9968607294163268	0.9959814859846596	0.9999997836481529	0.002258473404101586	0.9977415265958984	0.9977415265958984	HG003	giabHC	-1	-2	sent	clair3
I2-HG003-30x-8-D0-PF-ILMN-NOVASEQ-sent-clair3-DEL_gt50	DEL_gt50	I2-HG003-30x-8-D0-PF-ILMN-NOVASEQ	2528531102.0	2528531102.0	0.0	0.0	0.0			1.0				HG003	giabHC	-1	-2	sent	clair3
I2-HG003-30x-8-D0-PF-ILMN-NOVASEQ-sent-clair3-Indel_50	Indel_50	I2-HG003-30x-8-D0-PF-ILMN-NOVASEQ	2528531102.0	2528498626.0	101.0	32375.0	18.0	0.9981655336138987	0.996890011085109	0.999999992881151	0.0005556756089278548	0.9994443243910721	0.9994443243910721	HG003	giabHC	-1	-2	sent	clair3
I2-HG003-30x-8-D0-PF-ILMN-NOVASEQ-sent-clair3-Indel_gt50	Indel_gt50	I2-HG003-30x-8-D0-PF-ILMN-NOVASEQ	2528531102.0	2528530646.0	7.0	449.0	0.0	0.9922651933701657	0.9846491228070176	1.0	0.0	1.0	1.0	HG003	giabHC	-1	-2	sent	clair3
I2-HG003-30x-8-D0-PF-ILMN-NOVASEQ-sent-clair3-All	All	I2-HG003-30x-8-D0-PF-ILMN-NOVASEQ	2528531102.0	2524699739.0	20192.0	3811171.0	14314.0	0.9954934458670199	0.994729812862942	0.9999943304470528	0.00374174777838627	0.9962582522216137	0.9962582522216137	HG003	giabHC	-1	-2	sent	clair3
I2-HG003-30x-8-D0-PF-ILMN-NOVASEQ-sent-clair3-SNPts	SNPts	I2-HG003-30x-8-D0-PF-ILMN-NOVASEQ	332544085.0	332287235.0	452.0	256398.0	808.0	0.997548905177646	0.9982402180260853	0.9999975683747369	0.003141450821520493	0.9968585491784795	0.9968585491784795	HG003	giabHC_x_ultima_x_clinvar	-1	-2	sent	clair3
I2-HG003-30x-8-D0-PF-ILMN-NOVASEQ-sent-clair3-SNPtv	SNPtv	I2-HG003-30x-8-D0-PF-ILMN-NOVASEQ	332544085.0	332429428.0	261.0	114396.0	288.0	0.9976061846769657	0.9977236453073078	0.9999991336514573	0.0025112482996756304	0.9974887517003244	0.9974887517003244	HG003	giabHC_x_ultima_x_clinvar	-1	-2	sent	clair3
I2-HG003-30x-8-D0-PF-ILMN-NOVASEQ-sent-clair3-INS_50	INS_50	I2-HG003-30x-8-D0-PF-ILMN-NOVASEQ	332544085.0	332526597.0	95.0	17393.0	31.0	0.996390925756187	0.994567703568161	0.9999999067743832	0.0017791551882460972	0.9982208448117539	0.9982208448117539	HG003	giabHC_x_ultima_x_clinvar	-1	-2	sent	clair3
I2-HG003-30x-8-D0-PF-ILMN-NOVASEQ-sent-clair3-INS_gt50	INS_gt50	I2-HG003-30x-8-D0-PF-ILMN-NOVASEQ	332544085.0	332544085.0	0.0	0.0	0.0			1.0				HG003	giabHC_x_ultima_x_clinvar	-1	-2	sent	clair3
I2-HG003-30x-8-D0-PF-ILMN-NOVASEQ-sent-clair3-DEL_50	DEL_50	I2-HG003-30x-8-D0-PF-ILMN-NOVASEQ	332544085.0	332525171.0	55.0	18859.0	42.0	0.99743488033849	0.9970921010891404	0.9999998736937882	0.00222210465054759	0.9977778953494524	0.9977778953494524	HG003	giabHC_x_ultima_x_clinvar	-1	-2	sent	clair3
I2-HG003-30x-8-D0-PF-ILMN-NOVASEQ-sent-clair3-DEL_gt50	DEL_gt50	I2-HG003-30x-8-D0-PF-ILMN-NOVASEQ	332544085.0	332544085.0	0.0	0.0	0.0			1.0				HG003	giabHC_x_ultima_x_clinvar	-1	-2	sent	clair3
I2-HG003-30x-8-D0-PF-ILMN-NOVASEQ-sent-clair3-Indel_50	Indel_50	I2-HG003-30x-8-D0-PF-ILMN-NOVASEQ	332544085.0	332542783.0	3.0	1299.0	0.0	0.9988465974625144	0.9976958525345622	1.0	0.0	1.0	1.0	HG003	giabHC_x_ultima_x_clinvar	-1	-2	sent	clair3
I2-HG003-30x-8-D0-PF-ILMN-NOVASEQ-sent-clair3-Indel_gt50	Indel_gt50	I2-HG003-30x-8-D0-PF-ILMN-NOVASEQ	332544085.0	332544054.0	0.0	31.0	0.0	1.0	1.0	1.0	0.0	1.0	1.0	HG003	giabHC_x_ultima_x_clinvar	-1	-2	sent	clair3
I2-HG003-30x-8-D0-PF-ILMN-NOVASEQ-sent-clair3-All	All	I2-HG003-30x-8-D0-PF-ILMN-NOVASEQ	332544085.0	332134843.0	866.0	408376.0	1169.0	0.9975146161333779	0.9978838926600887	0.999996480357571	0.0028543871857793406	0.9971456128142206	0.9971456128142206	HG003	giabHC_x_ultima_x_clinvar	-1	-2	sent	clair3
I2-HG003-30x-8-D0-PF-ILMN-NOVASEQ-sent-clair3-SNPts	SNPts	I2-HG003-30x-8-D0-PF-ILMN-NOVASEQ	3088286401.0	3085963136.0	14709.0	2308556.0	0.0	0.9968243591451398	0.9936688238319779	1.0	0.0	1.0	1.0	HG003	hg38	-1	-2	sent	clair3
I2-HG003-30x-8-D0-PF-ILMN-NOVASEQ-sent-clair3-SNPtv	SNPtv	I2-HG003-30x-8-D0-PF-ILMN-NOVASEQ	3088286401.0	3087178563.0	8014.0	1099824.0	0.0	0.9963699153221824	0.9927660903489499	1.0	0.0	1.0	1.0	HG003	hg38	-1	-2	sent	clair3
I2-HG003-30x-8-D0-PF-ILMN-NOVASEQ-sent-clair3-INS_50	INS_50	I2-HG003-30x-8-D0-PF-ILMN-NOVASEQ	3088286401.0	3088031099.0	4061.0	251241.0	0.0	0.9919829116185596	0.9840933482698921	1.0	0.0	1.0	1.0	HG003	hg38	-1	-2	sent	clair3
I2-HG003-30x-8-D0-PF-ILMN-NOVASEQ-sent-clair3-INS_gt50	INS_gt50	I2-HG003-30x-8-D0-PF-ILMN-NOVASEQ	3088286401.0	3088286165.0	236.0	0.0	0.0		0.0	1.0				HG003	hg38	-1	-2	sent	clair3
I2-HG003-30x-8-D0-PF-ILMN-NOVASEQ-sent-clair3-DEL_50	DEL_50	I2-HG003-30x-8-D0-PF-ILMN-NOVASEQ	3088286401.0	3088017142.0	2623.0	266636.0	0.0	0.9951053844503122	0.9902584500425241	1.0	0.0	1.0	1.0	HG003	hg38	-1	-2	sent	clair3
I2-HG003-30x-8-D0-PF-ILMN-NOVASEQ-sent-clair3-DEL_gt50	DEL_gt50	I2-HG003-30x-8-D0-PF-ILMN-NOVASEQ	3088286401.0	3088286263.0	136.0	2.0	0.0	0.02857142857142857	0.014492753623188406	1.0	0.0	1.0	1.0	HG003	hg38	-1	-2	sent	clair3
I2-HG003-30x-8-D0-PF-ILMN-NOVASEQ-sent-clair3-Indel_50	Indel_50	I2-HG003-30x-8-D0-PF-ILMN-NOVASEQ	3088286401.0	3088244164.0	351.0	41886.0	0.0	0.9958275382475661	0.9916897506925207	1.0	0.0	1.0	1.0	HG003	hg38	-1	-2	sent	clair3
I2-HG003-30x-8-D0-PF-ILMN-NOVASEQ-sent-clair3-Indel_gt50	Indel_gt50	I2-HG003-30x-8-D0-PF-ILMN-NOVASEQ	3088286401.0	3088284846.0	89.0	1466.0	0.0	0.9705395564382654	0.9427652733118971	1.0	0.0	1.0	1.0	HG003	hg38	-1	-2	sent	clair3
I2-HG003-30x-8-D0-PF-ILMN-NOVASEQ-sent-clair3-All	All	I2-HG003-30x-8-D0-PF-ILMN-NOVASEQ	3088286401.0	3084286571.0	30219.0	3969611.0	0.0	0.9962081405709635	0.9924449289094787	1.0	0.0	1.0	1.0	HG003	hg38	-1	-2	sent	clair3
I2-HG003-30x-8-D0-PF-ILMN-NOVASEQ-sent-clair3-SNPts	SNPts	I2-HG003-30x-8-D0-PF-ILMN-NOVASEQ	2505355380.0	2503152094.0	3018.0	2200268.0	6488.0	0.9978444649733494	0.9986302277598097	0.9999974080747234	0.002940062245214242	0.9970599377547857	0.9970599377547857	HG003	giabHC_x_ultima	-1	-2	sent	clair3
I2-HG003-30x-8-D0-PF-ILMN-NOVASEQ-sent-clair3-SNPtv	SNPtv	I2-HG003-30x-8-D0-PF-ILMN-NOVASEQ	2505355380.0	2504320602.0	1712.0	1033066.0	2148.0	0.9981352584937525	0.9983455388498789	0.9999991422830783	0.0020749332988155107	0.9979250667011845	0.9979250667011845	HG003	giabHC_x_ultima	-1	-2	sent	clair3
I2-HG003-30x-8-D0-PF-ILMN-NOVASEQ-sent-clair3-INS_50	INS_50	I2-HG003-30x-8-D0-PF-ILMN-NOVASEQ	2505355380.0	2505201734.0	639.0	153007.0	205.0	0.9972495421334949	0.9958410892571236	0.9999999181702693	0.0013380152990627365	0.9986619847009373	0.9986619847009373	HG003	giabHC_x_ultima	-1	-2	sent	clair3
I2-HG003-30x-8-D0-PF-ILMN-NOVASEQ-sent-clair3-INS_gt50	INS_gt50	I2-HG003-30x-8-D0-PF-ILMN-NOVASEQ	2505355380.0	2505355380.0	0.0	0.0	0.0			1.0				HG003	giabHC_x_ultima	-1	-2	sent	clair3
I2-HG003-30x-8-D0-PF-ILMN-NOVASEQ-sent-clair3-DEL_50	DEL_50	I2-HG003-30x-8-D0-PF-ILMN-NOVASEQ	2505355380.0	2505190150.0	368.0	164862.0	272.0	0.9980627429138768	0.9977728015493554	0.9999998914254191	0.0016471471653323967	0.9983528528346676	0.9983528528346676	HG003	giabHC_x_ultima	-1	-2	sent	clair3
I2-HG003-30x-8-D0-PF-ILMN-NOVASEQ-sent-clair3-DEL_gt50	DEL_gt50	I2-HG003-30x-8-D0-PF-ILMN-NOVASEQ	2505355380.0	2505355380.0	0.0	0.0	0.0			1.0				HG003	giabHC_x_ultima	-1	-2	sent	clair3
I2-HG003-30x-8-D0-PF-ILMN-NOVASEQ-sent-clair3-Indel_50	Indel_50	I2-HG003-30x-8-D0-PF-ILMN-NOVASEQ	2505355380.0	2505341343.0	23.0	14014.0	4.0	0.9990376047050437	0.9983614732492698	0.9999999984034111	0.00028534741047224997	0.9997146525895277	0.9997146525895277	HG003	giabHC_x_ultima	-1	-2	sent	clair3
I2-HG003-30x-8-D0-PF-ILMN-NOVASEQ-sent-clair3-Indel_gt50	Indel_gt50	I2-HG003-30x-8-D0-PF-ILMN-NOVASEQ	2505355380.0	2505355018.0	2.0	360.0	0.0	0.9972299168975068	0.994475138121547	1.0	0.0	1.0	1.0	HG003	giabHC_x_ultima	-1	-2	sent	clair3
I2-HG003-30x-8-D0-PF-ILMN-NOVASEQ-sent-clair3-All	All	I2-HG003-30x-8-D0-PF-ILMN-NOVASEQ	2505355380.0	2501784041.0	5762.0	3565577.0	9117.0	0.9979178657585265	0.9983865995359164	0.9999963558138406	0.0025504280925863865	0.9974495719074136	0.9974495719074136	HG003	giabHC_x_ultima	-1	-2	sent	clair3
I2-HG003-30x-8-D0-PF-ILMN-NOVASEQ-sent-clair3-SNPts	SNPts	I2-HG003-30x-8-D0-PF-ILMN-NOVASEQ	2799325643.0	2797071088.0	3847.0	2250708.0	0.0	0.999146109783158	0.9982936765791919	1.0	0.0	1.0	1.0	HG003	ultima	-1	-2	sent	clair3
I2-HG003-30x-8-D0-PF-ILMN-NOVASEQ-sent-clair3-SNPtv	SNPtv	I2-HG003-30x-8-D0-PF-ILMN-NOVASEQ	2799325643.0	2798266344.0	2193.0	1057106.0	0.0	0.9989638089118104	0.9979297629847663	1.0	0.0	1.0	1.0	HG003	ultima	-1	-2	sent	clair3
I2-HG003-30x-8-D0-PF-ILMN-NOVASEQ-sent-clair3-INS_50	INS_50	I2-HG003-30x-8-D0-PF-ILMN-NOVASEQ	2799325643.0	2799161719.0	1089.0	162835.0	0.0	0.9966672685373624	0.993356677484688	1.0	0.0	1.0	1.0	HG003	ultima	-1	-2	sent	clair3
I2-HG003-30x-8-D0-PF-ILMN-NOVASEQ-sent-clair3-INS_gt50	INS_gt50	I2-HG003-30x-8-D0-PF-ILMN-NOVASEQ	2799325643.0	2799325547.0	96.0	0.0	0.0		0.0	1.0				HG003	ultima	-1	-2	sent	clair3
I2-HG003-30x-8-D0-PF-ILMN-NOVASEQ-sent-clair3-DEL_50	DEL_50	I2-HG003-30x-8-D0-PF-ILMN-NOVASEQ	2799325643.0	2799148578.0	940.0	176125.0	0.0	0.9973385429938559	0.9946912150905035	1.0	0.0	1.0	1.0	HG003	ultima	-1	-2	sent	clair3
I2-HG003-30x-8-D0-PF-ILMN-NOVASEQ-sent-clair3-DEL_gt50	DEL_gt50	I2-HG003-30x-8-D0-PF-ILMN-NOVASEQ	2799325643.0	2799325554.0	87.0	2.0	0.0	0.04395604395604395	0.02247191011235955	1.0	0.0	1.0	1.0	HG003	ultima	-1	-2	sent	clair3
I2-HG003-30x-8-D0-PF-ILMN-NOVASEQ-sent-clair3-Indel_50	Indel_50	I2-HG003-30x-8-D0-PF-ILMN-NOVASEQ	2799325643.0	2799307988.0	43.0	17612.0	0.0	0.9987807298607764	0.9975644293401302	1.0	0.0	1.0	1.0	HG003	ultima	-1	-2	sent	clair3
I2-HG003-30x-8-D0-PF-ILMN-NOVASEQ-sent-clair3-Indel_gt50	Indel_gt50	I2-HG003-30x-8-D0-PF-ILMN-NOVASEQ	2799325643.0	2799324711.0	18.0	914.0	0.0	0.9902491874322861	0.98068669527897	1.0	0.0	1.0	1.0	HG003	ultima	-1	-2	sent	clair3
I2-HG003-30x-8-D0-PF-ILMN-NOVASEQ-sent-clair3-All	All	I2-HG003-30x-8-D0-PF-ILMN-NOVASEQ	2799325643.0	2795652028.0	8313.0	3665302.0	0.0	0.9988672715606404	0.997737106365256	1.0	0.0	1.0	1.0	HG003	ultima	-1	-2	sent	clair3
I2-HG003-30x-8-D0-PF-ILMN-NOVASEQ-sent-clair3-SNPts	SNPts	I2-HG003-30x-8-D0-PF-ILMN-NOVASEQ	377862616.0	377589306.0	2271.0	271039.0	0.0	0.9958280441407995	0.9916907540887637	1.0	0.0	1.0	1.0	HG003	clinvar_genes	-1	-2	sent	clair3
I2-HG003-30x-8-D0-PF-ILMN-NOVASEQ-sent-clair3-SNPtv	SNPtv	I2-HG003-30x-8-D0-PF-ILMN-NOVASEQ	377862616.0	377738158.0	1134.0	123324.0	0.0	0.9954233963726178	0.9908884925034952	1.0	0.0	1.0	1.0	HG003	clinvar_genes	-1	-2	sent	clair3
I2-HG003-30x-8-D0-PF-ILMN-NOVASEQ-sent-clair3-INS_50	INS_50	I2-HG003-30x-8-D0-PF-ILMN-NOVASEQ	377862616.0	377833578.0	527.0	28511.0	0.0	0.9908425863177466	0.9818513671740478	1.0	0.0	1.0	1.0	HG003	clinvar_genes	-1	-2	sent	clair3
I2-HG003-30x-8-D0-PF-ILMN-NOVASEQ-sent-clair3-INS_gt50	INS_gt50	I2-HG003-30x-8-D0-PF-ILMN-NOVASEQ	377862616.0	377862586.0	30.0	0.0	0.0		0.0	1.0				HG003	clinvar_genes	-1	-2	sent	clair3
I2-HG003-30x-8-D0-PF-ILMN-NOVASEQ-sent-clair3-DEL_50	DEL_50	I2-HG003-30x-8-D0-PF-ILMN-NOVASEQ	377862616.0	377831892.0	318.0	30406.0	0.0	0.9947979715360706	0.9896497851842208	1.0	0.0	1.0	1.0	HG003	clinvar_genes	-1	-2	sent	clair3
I2-HG003-30x-8-D0-PF-ILMN-NOVASEQ-sent-clair3-DEL_gt50	DEL_gt50	I2-HG003-30x-8-D0-PF-ILMN-NOVASEQ	377862616.0	377862598.0	18.0	0.0	0.0		0.0	1.0				HG003	clinvar_genes	-1	-2	sent	clair3
I2-HG003-30x-8-D0-PF-ILMN-NOVASEQ-sent-clair3-Indel_50	Indel_50	I2-HG003-30x-8-D0-PF-ILMN-NOVASEQ	377862616.0	377858446.0	43.0	4127.0	0.0	0.9948174038809209	0.9896882494004796	1.0	0.0	1.0	1.0	HG003	clinvar_genes	-1	-2	sent	clair3
I2-HG003-30x-8-D0-PF-ILMN-NOVASEQ-sent-clair3-Indel_gt50	Indel_gt50	I2-HG003-30x-8-D0-PF-ILMN-NOVASEQ	377862616.0	377862453.0	11.0	152.0	0.0	0.9650793650793651	0.9325153374233128	1.0	0.0	1.0	1.0	HG003	clinvar_genes	-1	-2	sent	clair3
I2-HG003-30x-8-D0-PF-ILMN-NOVASEQ-sent-clair3-All	All	I2-HG003-30x-8-D0-PF-ILMN-NOVASEQ	377862616.0	377400705.0	4352.0	457559.0	0.0	0.9952668385047908	0.9905782715717963	1.0	0.0	1.0	1.0	HG003	clinvar_genes	-1	-2	sent	clair3
I2-HG003-30x-8-D0-PF-ILMN-NOVASEQ-sent-oct-SNPts	SNPts	I2-HG003-30x-8-D0-PF-ILMN-NOVASEQ	337668665.0	337403108.0	265557.0	0.0	0.0		0.0	1.0				HG003	giabHC_x_clinvar_genes	-1	-2	sent	oct
I2-HG003-30x-8-D0-PF-ILMN-NOVASEQ-sent-oct-SNPtv	SNPtv	I2-HG003-30x-8-D0-PF-ILMN-NOVASEQ	337668665.0	337548418.0	120247.0	0.0	0.0		0.0	1.0				HG003	giabHC_x_clinvar_genes	-1	-2	sent	oct
I2-HG003-30x-8-D0-PF-ILMN-NOVASEQ-sent-oct-INS_50	INS_50	I2-HG003-30x-8-D0-PF-ILMN-NOVASEQ	337668665.0	337642389.0	26276.0	0.0	0.0		0.0	1.0				HG003	giabHC_x_clinvar_genes	-1	-2	sent	oct
I2-HG003-30x-8-D0-PF-ILMN-NOVASEQ-sent-oct-INS_gt50	INS_gt50	I2-HG003-30x-8-D0-PF-ILMN-NOVASEQ	337668665.0	337668665.0	0.0	0.0	0.0			1.0				HG003	giabHC_x_clinvar_genes	-1	-2	sent	oct
I2-HG003-30x-8-D0-PF-ILMN-NOVASEQ-sent-oct-DEL_50	DEL_50	I2-HG003-30x-8-D0-PF-ILMN-NOVASEQ	337668665.0	337640749.0	27916.0	0.0	0.0		0.0	1.0				HG003	giabHC_x_clinvar_genes	-1	-2	sent	oct
I2-HG003-30x-8-D0-PF-ILMN-NOVASEQ-sent-oct-DEL_gt50	DEL_gt50	I2-HG003-30x-8-D0-PF-ILMN-NOVASEQ	337668665.0	337668665.0	0.0	0.0	0.0			1.0				HG003	giabHC_x_clinvar_genes	-1	-2	sent	oct
I2-HG003-30x-8-D0-PF-ILMN-NOVASEQ-sent-oct-Indel_50	Indel_50	I2-HG003-30x-8-D0-PF-ILMN-NOVASEQ	337668665.0	337665452.0	3213.0	0.0	0.0		0.0	1.0				HG003	giabHC_x_clinvar_genes	-1	-2	sent	oct
I2-HG003-30x-8-D0-PF-ILMN-NOVASEQ-sent-oct-Indel_gt50	Indel_gt50	I2-HG003-30x-8-D0-PF-ILMN-NOVASEQ	337668665.0	337668619.0	46.0	0.0	0.0		0.0	1.0				HG003	giabHC_x_clinvar_genes	-1	-2	sent	oct
I2-HG003-30x-8-D0-PF-ILMN-NOVASEQ-sent-oct-All	All	I2-HG003-30x-8-D0-PF-ILMN-NOVASEQ	337668665.0	337225410.0	443255.0	0.0	0.0		0.0	1.0				HG003	giabHC_x_clinvar_genes	-1	-2	sent	oct
I2-HG003-30x-8-D0-PF-ILMN-NOVASEQ-sent-oct-SNPts	SNPts	I2-HG003-30x-8-D0-PF-ILMN-NOVASEQ	688815815.0	688747871.0	67944.0	0.0	0.0		0.0	1.0				HG003	hg38_m_giabHC	-1	-2	sent	oct
I2-HG003-30x-8-D0-PF-ILMN-NOVASEQ-sent-oct-SNPtv	SNPtv	I2-HG003-30x-8-D0-PF-ILMN-NOVASEQ	688815815.0	688780713.0	35102.0	0.0	0.0		0.0	1.0				HG003	hg38_m_giabHC	-1	-2	sent	oct
I2-HG003-30x-8-D0-PF-ILMN-NOVASEQ-sent-oct-INS_50	INS_50	I2-HG003-30x-8-D0-PF-ILMN-NOVASEQ	688815815.0	688789149.0	26666.0	0.0	0.0		0.0	1.0				HG003	hg38_m_giabHC	-1	-2	sent	oct
I2-HG003-30x-8-D0-PF-ILMN-NOVASEQ-sent-oct-INS_gt50	INS_gt50	I2-HG003-30x-8-D0-PF-ILMN-NOVASEQ	688815815.0	688815578.0	237.0	0.0	0.0		0.0	1.0				HG003	hg38_m_giabHC	-1	-2	sent	oct
I2-HG003-30x-8-D0-PF-ILMN-NOVASEQ-sent-oct-DEL_50	DEL_50	I2-HG003-30x-8-D0-PF-ILMN-NOVASEQ	688815815.0	688789247.0	26568.0	0.0	0.0		0.0	1.0				HG003	hg38_m_giabHC	-1	-2	sent	oct
I2-HG003-30x-8-D0-PF-ILMN-NOVASEQ-sent-oct-DEL_gt50	DEL_gt50	I2-HG003-30x-8-D0-PF-ILMN-NOVASEQ	688815815.0	688815677.0	138.0	0.0	0.0		0.0	1.0				HG003	hg38_m_giabHC	-1	-2	sent	oct
I2-HG003-30x-8-D0-PF-ILMN-NOVASEQ-sent-oct-Indel_50	Indel_50	I2-HG003-30x-8-D0-PF-ILMN-NOVASEQ	688815815.0	688805722.0	10093.0	0.0	0.0		0.0	1.0				HG003	hg38_m_giabHC	-1	-2	sent	oct
I2-HG003-30x-8-D0-PF-ILMN-NOVASEQ-sent-oct-Indel_gt50	Indel_gt50	I2-HG003-30x-8-D0-PF-ILMN-NOVASEQ	688815815.0	688814581.0	1234.0	0.0	0.0		0.0	1.0				HG003	hg38_m_giabHC	-1	-2	sent	oct
I2-HG003-30x-8-D0-PF-ILMN-NOVASEQ-sent-oct-All	All	I2-HG003-30x-8-D0-PF-ILMN-NOVASEQ	688815815.0	688647833.0	167982.0	0.0	0.0		0.0	1.0				HG003	hg38_m_giabHC	-1	-2	sent	oct
I2-HG003-30x-8-D0-PF-ILMN-NOVASEQ-sent-oct-SNPts	SNPts	I2-HG003-30x-8-D0-PF-ILMN-NOVASEQ	3088286401.0	3085963687.0	2322714.0	0.0	0.0		0.0	1.0				HG003	hg38	-1	-2	sent	oct
I2-HG003-30x-8-D0-PF-ILMN-NOVASEQ-sent-oct-SNPtv	SNPtv	I2-HG003-30x-8-D0-PF-ILMN-NOVASEQ	3088286401.0	3087179627.0	1106774.0	0.0	0.0		0.0	1.0				HG003	hg38	-1	-2	sent	oct
I2-HG003-30x-8-D0-PF-ILMN-NOVASEQ-sent-oct-INS_50	INS_50	I2-HG003-30x-8-D0-PF-ILMN-NOVASEQ	3088286401.0	3088030915.0	255486.0	0.0	0.0		0.0	1.0				HG003	hg38	-1	-2	sent	oct
I2-HG003-30x-8-D0-PF-ILMN-NOVASEQ-sent-oct-INS_gt50	INS_gt50	I2-HG003-30x-8-D0-PF-ILMN-NOVASEQ	3088286401.0	3088286163.0	238.0	0.0	0.0		0.0	1.0				HG003	hg38	-1	-2	sent	oct
I2-HG003-30x-8-D0-PF-ILMN-NOVASEQ-sent-oct-DEL_50	DEL_50	I2-HG003-30x-8-D0-PF-ILMN-NOVASEQ	3088286401.0	3088017307.0	269094.0	0.0	0.0		0.0	1.0				HG003	hg38	-1	-2	sent	oct
I2-HG003-30x-8-D0-PF-ILMN-NOVASEQ-sent-oct-DEL_gt50	DEL_gt50	I2-HG003-30x-8-D0-PF-ILMN-NOVASEQ	3088286401.0	3088286263.0	138.0	0.0	0.0		0.0	1.0				HG003	hg38	-1	-2	sent	oct
I2-HG003-30x-8-D0-PF-ILMN-NOVASEQ-sent-oct-Indel_50	Indel_50	I2-HG003-30x-8-D0-PF-ILMN-NOVASEQ	3088286401.0	3088243814.0	42587.0	0.0	0.0		0.0	1.0				HG003	hg38	-1	-2	sent	oct
I2-HG003-30x-8-D0-PF-ILMN-NOVASEQ-sent-oct-Indel_gt50	Indel_gt50	I2-HG003-30x-8-D0-PF-ILMN-NOVASEQ	3088286401.0	3088284701.0	1700.0	0.0	0.0		0.0	1.0				HG003	hg38	-1	-2	sent	oct
I2-HG003-30x-8-D0-PF-ILMN-NOVASEQ-sent-oct-All	All	I2-HG003-30x-8-D0-PF-ILMN-NOVASEQ	3088286401.0	3084287670.0	3998731.0	0.0	0.0		0.0	1.0				HG003	hg38	-1	-2	sent	oct
I2-HG003-30x-8-D0-PF-ILMN-NOVASEQ-sent-oct-SNPts	SNPts	I2-HG003-30x-8-D0-PF-ILMN-NOVASEQ	2799325643.0	2797071917.0	2253726.0	0.0	0.0		0.0	1.0				HG003	ultima	-1	-2	sent	oct
I2-HG003-30x-8-D0-PF-ILMN-NOVASEQ-sent-oct-SNPtv	SNPtv	I2-HG003-30x-8-D0-PF-ILMN-NOVASEQ	2799325643.0	2798267435.0	1058208.0	0.0	0.0		0.0	1.0				HG003	ultima	-1	-2	sent	oct
I2-HG003-30x-8-D0-PF-ILMN-NOVASEQ-sent-oct-INS_50	INS_50	I2-HG003-30x-8-D0-PF-ILMN-NOVASEQ	2799325643.0	2799162256.0	163387.0	0.0	0.0		0.0	1.0				HG003	ultima	-1	-2	sent	oct
I2-HG003-30x-8-D0-PF-ILMN-NOVASEQ-sent-oct-INS_gt50	INS_gt50	I2-HG003-30x-8-D0-PF-ILMN-NOVASEQ	2799325643.0	2799325547.0	96.0	0.0	0.0		0.0	1.0				HG003	ultima	-1	-2	sent	oct
I2-HG003-30x-8-D0-PF-ILMN-NOVASEQ-sent-oct-DEL_50	DEL_50	I2-HG003-30x-8-D0-PF-ILMN-NOVASEQ	2799325643.0	2799148871.0	176772.0	0.0	0.0		0.0	1.0				HG003	ultima	-1	-2	sent	oct
I2-HG003-30x-8-D0-PF-ILMN-NOVASEQ-sent-oct-DEL_gt50	DEL_gt50	I2-HG003-30x-8-D0-PF-ILMN-NOVASEQ	2799325643.0	2799325554.0	89.0	0.0	0.0		0.0	1.0				HG003	ultima	-1	-2	sent	oct
I2-HG003-30x-8-D0-PF-ILMN-NOVASEQ-sent-oct-Indel_50	Indel_50	I2-HG003-30x-8-D0-PF-ILMN-NOVASEQ	2799325643.0	2799308017.0	17626.0	0.0	0.0		0.0	1.0				HG003	ultima	-1	-2	sent	oct
I2-HG003-30x-8-D0-PF-ILMN-NOVASEQ-sent-oct-Indel_gt50	Indel_gt50	I2-HG003-30x-8-D0-PF-ILMN-NOVASEQ	2799325643.0	2799324685.0	958.0	0.0	0.0		0.0	1.0				HG003	ultima	-1	-2	sent	oct
I2-HG003-30x-8-D0-PF-ILMN-NOVASEQ-sent-oct-All	All	I2-HG003-30x-8-D0-PF-ILMN-NOVASEQ	2799325643.0	2795654781.0	3670862.0	0.0	0.0		0.0	1.0				HG003	ultima	-1	-2	sent	oct
I2-HG003-30x-8-D0-PF-ILMN-NOVASEQ-sent-oct-SNPts	SNPts	I2-HG003-30x-8-D0-PF-ILMN-NOVASEQ	332544085.0	332287314.0	256771.0	0.0	0.0		0.0	1.0				HG003	giabHC_x_ultima_x_clinvar	-1	-2	sent	oct
I2-HG003-30x-8-D0-PF-ILMN-NOVASEQ-sent-oct-SNPtv	SNPtv	I2-HG003-30x-8-D0-PF-ILMN-NOVASEQ	332544085.0	332429541.0	114544.0	0.0	0.0		0.0	1.0				HG003	giabHC_x_ultima_x_clinvar	-1	-2	sent	oct
I2-HG003-30x-8-D0-PF-ILMN-NOVASEQ-sent-oct-INS_50	INS_50	I2-HG003-30x-8-D0-PF-ILMN-NOVASEQ	332544085.0	332526629.0	17456.0	0.0	0.0		0.0	1.0				HG003	giabHC_x_ultima_x_clinvar	-1	-2	sent	oct
I2-HG003-30x-8-D0-PF-ILMN-NOVASEQ-sent-oct-INS_gt50	INS_gt50	I2-HG003-30x-8-D0-PF-ILMN-NOVASEQ	332544085.0	332544085.0	0.0	0.0	0.0			1.0				HG003	giabHC_x_ultima_x_clinvar	-1	-2	sent	oct
I2-HG003-30x-8-D0-PF-ILMN-NOVASEQ-sent-oct-DEL_50	DEL_50	I2-HG003-30x-8-D0-PF-ILMN-NOVASEQ	332544085.0	332525184.0	18901.0	0.0	0.0		0.0	1.0				HG003	giabHC_x_ultima_x_clinvar	-1	-2	sent	oct
I2-HG003-30x-8-D0-PF-ILMN-NOVASEQ-sent-oct-DEL_gt50	DEL_gt50	I2-HG003-30x-8-D0-PF-ILMN-NOVASEQ	332544085.0	332544085.0	0.0	0.0	0.0			1.0				HG003	giabHC_x_ultima_x_clinvar	-1	-2	sent	oct
I2-HG003-30x-8-D0-PF-ILMN-NOVASEQ-sent-oct-Indel_50	Indel_50	I2-HG003-30x-8-D0-PF-ILMN-NOVASEQ	332544085.0	332542784.0	1301.0	0.0	0.0		0.0	1.0				HG003	giabHC_x_ultima_x_clinvar	-1	-2	sent	oct
I2-HG003-30x-8-D0-PF-ILMN-NOVASEQ-sent-oct-Indel_gt50	Indel_gt50	I2-HG003-30x-8-D0-PF-ILMN-NOVASEQ	332544085.0	332544054.0	31.0	0.0	0.0		0.0	1.0				HG003	giabHC_x_ultima_x_clinvar	-1	-2	sent	oct
I2-HG003-30x-8-D0-PF-ILMN-NOVASEQ-sent-oct-All	All	I2-HG003-30x-8-D0-PF-ILMN-NOVASEQ	332544085.0	332135081.0	409004.0	0.0	0.0		0.0	1.0				HG003	giabHC_x_ultima_x_clinvar	-1	-2	sent	oct
I2-HG003-30x-8-D0-PF-ILMN-NOVASEQ-sent-oct-SNPts	SNPts	I2-HG003-30x-8-D0-PF-ILMN-NOVASEQ	2528531102.0	2526276332.0	2254770.0	0.0	0.0		0.0	1.0				HG003	giabHC	-1	-2	sent	oct
I2-HG003-30x-8-D0-PF-ILMN-NOVASEQ-sent-oct-SNPtv	SNPtv	I2-HG003-30x-8-D0-PF-ILMN-NOVASEQ	2528531102.0	2527459430.0	1071672.0	0.0	0.0		0.0	1.0				HG003	giabHC	-1	-2	sent	oct
I2-HG003-30x-8-D0-PF-ILMN-NOVASEQ-sent-oct-INS_50	INS_50	I2-HG003-30x-8-D0-PF-ILMN-NOVASEQ	2528531102.0	2528302362.0	228740.0	0.0	0.0		0.0	1.0				HG003	giabHC	-1	-2	sent	oct
I2-HG003-30x-8-D0-PF-ILMN-NOVASEQ-sent-oct-INS_gt50	INS_gt50	I2-HG003-30x-8-D0-PF-ILMN-NOVASEQ	2528531102.0	2528531101.0	1.0	0.0	0.0		0.0	1.0				HG003	giabHC	-1	-2	sent	oct
I2-HG003-30x-8-D0-PF-ILMN-NOVASEQ-sent-oct-DEL_50	DEL_50	I2-HG003-30x-8-D0-PF-ILMN-NOVASEQ	2528531102.0	2528288385.0	242717.0	0.0	0.0		0.0	1.0				HG003	giabHC	-1	-2	sent	oct
I2-HG003-30x-8-D0-PF-ILMN-NOVASEQ-sent-oct-DEL_gt50	DEL_gt50	I2-HG003-30x-8-D0-PF-ILMN-NOVASEQ	2528531102.0	2528531102.0	0.0	0.0	0.0			1.0				HG003	giabHC	-1	-2	sent	oct
I2-HG003-30x-8-D0-PF-ILMN-NOVASEQ-sent-oct-Indel_50	Indel_50	I2-HG003-30x-8-D0-PF-ILMN-NOVASEQ	2528531102.0	2528498607.0	32495.0	0.0	0.0		0.0	1.0				HG003	giabHC	-1	-2	sent	oct
I2-HG003-30x-8-D0-PF-ILMN-NOVASEQ-sent-oct-Indel_gt50	Indel_gt50	I2-HG003-30x-8-D0-PF-ILMN-NOVASEQ	2528531102.0	2528530634.0	468.0	0.0	0.0		0.0	1.0				HG003	giabHC	-1	-2	sent	oct
I2-HG003-30x-8-D0-PF-ILMN-NOVASEQ-sent-oct-All	All	I2-HG003-30x-8-D0-PF-ILMN-NOVASEQ	2528531102.0	2524700239.0	3830863.0	0.0	0.0		0.0	1.0				HG003	giabHC	-1	-2	sent	oct
I2-HG003-30x-8-D0-PF-ILMN-NOVASEQ-sent-oct-SNPts	SNPts	I2-HG003-30x-8-D0-PF-ILMN-NOVASEQ	2505355380.0	2503152670.0	2202710.0	0.0	0.0		0.0	1.0				HG003	giabHC_x_ultima	-1	-2	sent	oct
I2-HG003-30x-8-D0-PF-ILMN-NOVASEQ-sent-oct-SNPtv	SNPtv	I2-HG003-30x-8-D0-PF-ILMN-NOVASEQ	2505355380.0	2504321399.0	1033981.0	0.0	0.0		0.0	1.0				HG003	giabHC_x_ultima	-1	-2	sent	oct
I2-HG003-30x-8-D0-PF-ILMN-NOVASEQ-sent-oct-INS_50	INS_50	I2-HG003-30x-8-D0-PF-ILMN-NOVASEQ	2505355380.0	2505202001.0	153379.0	0.0	0.0		0.0	1.0				HG003	giabHC_x_ultima	-1	-2	sent	oct
I2-HG003-30x-8-D0-PF-ILMN-NOVASEQ-sent-oct-INS_gt50	INS_gt50	I2-HG003-30x-8-D0-PF-ILMN-NOVASEQ	2505355380.0	2505355380.0	0.0	0.0	0.0			1.0				HG003	giabHC_x_ultima	-1	-2	sent	oct
I2-HG003-30x-8-D0-PF-ILMN-NOVASEQ-sent-oct-DEL_50	DEL_50	I2-HG003-30x-8-D0-PF-ILMN-NOVASEQ	2505355380.0	2505190289.0	165091.0	0.0	0.0		0.0	1.0				HG003	giabHC_x_ultima	-1	-2	sent	oct
I2-HG003-30x-8-D0-PF-ILMN-NOVASEQ-sent-oct-DEL_gt50	DEL_gt50	I2-HG003-30x-8-D0-PF-ILMN-NOVASEQ	2505355380.0	2505355380.0	0.0	0.0	0.0			1.0				HG003	giabHC_x_ultima	-1	-2	sent	oct
I2-HG003-30x-8-D0-PF-ILMN-NOVASEQ-sent-oct-Indel_50	Indel_50	I2-HG003-30x-8-D0-PF-ILMN-NOVASEQ	2505355380.0	2505341371.0	14009.0	0.0	0.0		0.0	1.0				HG003	giabHC_x_ultima	-1	-2	sent	oct
I2-HG003-30x-8-D0-PF-ILMN-NOVASEQ-sent-oct-Indel_gt50	Indel_gt50	I2-HG003-30x-8-D0-PF-ILMN-NOVASEQ	2505355380.0	2505355013.0	367.0	0.0	0.0		0.0	1.0				HG003	giabHC_x_ultima	-1	-2	sent	oct
I2-HG003-30x-8-D0-PF-ILMN-NOVASEQ-sent-oct-All	All	I2-HG003-30x-8-D0-PF-ILMN-NOVASEQ	2505355380.0	2501785843.0	3569537.0	0.0	0.0		0.0	1.0				HG003	giabHC_x_ultima	-1	-2	sent	oct
I2-HG003-30x-8-D0-PF-ILMN-NOVASEQ-sent-oct-SNPts	SNPts	I2-HG003-30x-8-D0-PF-ILMN-NOVASEQ	377862616.0	377589389.0	273227.0	0.0	0.0		0.0	1.0				HG003	clinvar_genes	-1	-2	sent	oct
I2-HG003-30x-8-D0-PF-ILMN-NOVASEQ-sent-oct-SNPtv	SNPtv	I2-HG003-30x-8-D0-PF-ILMN-NOVASEQ	377862616.0	377738293.0	124323.0	0.0	0.0		0.0	1.0				HG003	clinvar_genes	-1	-2	sent	oct
I2-HG003-30x-8-D0-PF-ILMN-NOVASEQ-sent-oct-INS_50	INS_50	I2-HG003-30x-8-D0-PF-ILMN-NOVASEQ	377862616.0	377833542.0	29074.0	0.0	0.0		0.0	1.0				HG003	clinvar_genes	-1	-2	sent	oct
I2-HG003-30x-8-D0-PF-ILMN-NOVASEQ-sent-oct-INS_gt50	INS_gt50	I2-HG003-30x-8-D0-PF-ILMN-NOVASEQ	377862616.0	377862586.0	30.0	0.0	0.0		0.0	1.0				HG003	clinvar_genes	-1	-2	sent	oct
I2-HG003-30x-8-D0-PF-ILMN-NOVASEQ-sent-oct-DEL_50	DEL_50	I2-HG003-30x-8-D0-PF-ILMN-NOVASEQ	377862616.0	377831914.0	30702.0	0.0	0.0		0.0	1.0				HG003	clinvar_genes	-1	-2	sent	oct
I2-HG003-30x-8-D0-PF-ILMN-NOVASEQ-sent-oct-DEL_gt50	DEL_gt50	I2-HG003-30x-8-D0-PF-ILMN-NOVASEQ	377862616.0	377862598.0	18.0	0.0	0.0		0.0	1.0				HG003	clinvar_genes	-1	-2	sent	oct
I2-HG003-30x-8-D0-PF-ILMN-NOVASEQ-sent-oct-Indel_50	Indel_50	I2-HG003-30x-8-D0-PF-ILMN-NOVASEQ	377862616.0	377858426.0	4190.0	0.0	0.0		0.0	1.0				HG003	clinvar_genes	-1	-2	sent	oct
I2-HG003-30x-8-D0-PF-ILMN-NOVASEQ-sent-oct-Indel_gt50	Indel_gt50	I2-HG003-30x-8-D0-PF-ILMN-NOVASEQ	377862616.0	377862434.0	182.0	0.0	0.0		0.0	1.0				HG003	clinvar_genes	-1	-2	sent	oct
I2-HG003-30x-8-D0-PF-ILMN-NOVASEQ-sent-oct-All	All	I2-HG003-30x-8-D0-PF-ILMN-NOVASEQ	377862616.0	377400870.0	461746.0	0.0	0.0		0.0	1.0				HG003	clinvar_genes	-1	-2	sent	oct
I2-HG003-3x-2-D0-PF-ILMN-NOVASEQ-sent-clair3-SNPts	SNPts	I2-HG003-3x-2-D0-PF-ILMN-NOVASEQ			485243.0	0.0	0.0		0.0					HG003	ultima	-1	-2	sent	clair3
I2-HG003-3x-2-D0-PF-ILMN-NOVASEQ-sent-clair3-SNPtv	SNPtv	I2-HG003-3x-2-D0-PF-ILMN-NOVASEQ			252984.0	0.0	0.0		0.0					HG003	ultima	-1	-2	sent	clair3
I2-HG003-3x-2-D0-PF-ILMN-NOVASEQ-sent-clair3-INS_50	INS_50	I2-HG003-3x-2-D0-PF-ILMN-NOVASEQ			48362.0	0.0	0.0		0.0					HG003	ultima	-1	-2	sent	clair3
I2-HG003-3x-2-D0-PF-ILMN-NOVASEQ-sent-clair3-INS_gt50	INS_gt50	I2-HG003-3x-2-D0-PF-ILMN-NOVASEQ			96.0	0.0	0.0		0.0					HG003	ultima	-1	-2	sent	clair3
I2-HG003-3x-2-D0-PF-ILMN-NOVASEQ-sent-clair3-DEL_50	DEL_50	I2-HG003-3x-2-D0-PF-ILMN-NOVASEQ			52242.0	0.0	0.0		0.0					HG003	ultima	-1	-2	sent	clair3
I2-HG003-3x-2-D0-PF-ILMN-NOVASEQ-sent-clair3-DEL_gt50	DEL_gt50	I2-HG003-3x-2-D0-PF-ILMN-NOVASEQ			89.0	0.0	0.0		0.0					HG003	ultima	-1	-2	sent	clair3
I2-HG003-3x-2-D0-PF-ILMN-NOVASEQ-sent-clair3-Indel_50	Indel_50	I2-HG003-3x-2-D0-PF-ILMN-NOVASEQ			7060.0	0.0	0.0		0.0					HG003	ultima	-1	-2	sent	clair3
I2-HG003-3x-2-D0-PF-ILMN-NOVASEQ-sent-clair3-Indel_gt50	Indel_gt50	I2-HG003-3x-2-D0-PF-ILMN-NOVASEQ			456.0	0.0	0.0		0.0					HG003	ultima	-1	-2	sent	clair3
I2-HG003-3x-2-D0-PF-ILMN-NOVASEQ-sent-clair3-All	All	I2-HG003-3x-2-D0-PF-ILMN-NOVASEQ	2799325643.0	2798479111.0	846532.0	0.0	0.0		0.0	1.0				HG003	ultima	-1	-2	sent	clair3
I2-HG003-3x-2-D0-PF-ILMN-NOVASEQ-sent-clair3-SNPts	SNPts	I2-HG003-3x-2-D0-PF-ILMN-NOVASEQ	337668665.0	337403050.0	53956.0	211659.0	130024.0	0.6970515298914207	0.7968638819343787	0.9996147814539799	0.38053985711902555	0.6194601428809745	0.6194601428809745	HG003	giabHC_x_clinvar_genes	-1	-2	sent	clair3
I2-HG003-3x-2-D0-PF-ILMN-NOVASEQ-sent-clair3-SNPtv	SNPtv	I2-HG003-3x-2-D0-PF-ILMN-NOVASEQ	337668665.0	337548350.0	27094.0	93221.0	22161.0	0.79102406903779	0.7748077962016374	0.9999343514931611	0.19206635350401277	0.8079336464959872	0.8079336464959872	HG003	giabHC_x_clinvar_genes	-1	-2	sent	clair3
I2-HG003-3x-2-D0-PF-ILMN-NOVASEQ-sent-clair3-INS_50	INS_50	I2-HG003-3x-2-D0-PF-ILMN-NOVASEQ	337668665.0	337642146.0	7537.0	18982.0	2380.0	0.7928823541697124	0.7157886798144727	0.9999929511666361	0.11141278906469432	0.8885872109353057	0.8885872109353057	HG003	giabHC_x_clinvar_genes	-1	-2	sent	clair3
I2-HG003-3x-2-D0-PF-ILMN-NOVASEQ-sent-clair3-INS_gt50	INS_gt50	I2-HG003-3x-2-D0-PF-ILMN-NOVASEQ	337668665.0	337668665.0	0.0	0.0	0.0			1.0				HG003	giabHC_x_clinvar_genes	-1	-2	sent	clair3
I2-HG003-3x-2-D0-PF-ILMN-NOVASEQ-sent-clair3-DEL_50	DEL_50	I2-HG003-3x-2-D0-PF-ILMN-NOVASEQ	337668665.0	337640498.0	7906.0	20261.0	2597.0	0.7941597256246937	0.7193169311605779	0.9999923084462901	0.11361448945664537	0.8863855105433547	0.8863855105433546	HG003	giabHC_x_clinvar_genes	-1	-2	sent	clair3
I2-HG003-3x-2-D0-PF-ILMN-NOVASEQ-sent-clair3-DEL_gt50	DEL_gt50	I2-HG003-3x-2-D0-PF-ILMN-NOVASEQ	337668665.0	337668665.0	0.0	0.0	0.0			1.0				HG003	giabHC_x_clinvar_genes	-1	-2	sent	clair3
I2-HG003-3x-2-D0-PF-ILMN-NOVASEQ-sent-clair3-Indel_50	Indel_50	I2-HG003-3x-2-D0-PF-ILMN-NOVASEQ	337668665.0	337665980.0	1078.0	1607.0	15.0	0.7462270722080333	0.5985102420856611	0.9999999555774043	0.009247842170160296	0.9907521578298397	0.9907521578298397	HG003	giabHC_x_clinvar_genes	-1	-2	sent	clair3
I2-HG003-3x-2-D0-PF-ILMN-NOVASEQ-sent-clair3-Indel_gt50	Indel_gt50	I2-HG003-3x-2-D0-PF-ILMN-NOVASEQ	337668665.0	337668625.0	27.0	13.0	0.0	0.4905660377358491	0.325	1.0	0.0	1.0	1.0	HG003	giabHC_x_clinvar_genes	-1	-2	sent	clair3
I2-HG003-3x-2-D0-PF-ILMN-NOVASEQ-sent-clair3-All	All	I2-HG003-3x-2-D0-PF-ILMN-NOVASEQ	337668665.0	337225324.0	97598.0	345743.0	157177.0	0.7307561021747699	0.7798579423062608	0.9995341281793391	0.3125288316233198	0.6874711683766802	0.6874711683766802	HG003	giabHC_x_clinvar_genes	-1	-2	sent	clair3
I2-HG003-3x-2-D0-PF-ILMN-NOVASEQ-sent-clair3-SNPts	SNPts	I2-HG003-3x-2-D0-PF-ILMN-NOVASEQ	332544085.0	332287218.0	50117.0	206750.0	124926.0	0.70258247910518	0.8048912472213247	0.999624183405285	0.376650707316779	0.6233492926832209	0.6233492926832209	HG003	giabHC_x_ultima_x_clinvar	-1	-2	sent	clair3
I2-HG003-3x-2-D0-PF-ILMN-NOVASEQ-sent-clair3-SNPtv	SNPtv	I2-HG003-3x-2-D0-PF-ILMN-NOVASEQ	332544085.0	332429442.0	24920.0	89723.0	21179.0	0.7956106320246514	0.7826295543556955	0.9999362942985749	0.19097040630466539	0.8090295936953347	0.8090295936953347	HG003	giabHC_x_ultima_x_clinvar	-1	-2	sent	clair3
I2-HG003-3x-2-D0-PF-ILMN-NOVASEQ-sent-clair3-INS_50	INS_50	I2-HG003-3x-2-D0-PF-ILMN-NOVASEQ	332544085.0	332526552.0	4577.0	12956.0	1028.0	0.8221594694926548	0.7389494096845948	0.9999969085271062	0.07351258581235698	0.926487414187643	0.926487414187643	HG003	giabHC_x_ultima_x_clinvar	-1	-2	sent	clair3
I2-HG003-3x-2-D0-PF-ILMN-NOVASEQ-sent-clair3-INS_gt50	INS_gt50	I2-HG003-3x-2-D0-PF-ILMN-NOVASEQ	332544085.0	332544085.0	0.0	0.0	0.0			1.0				HG003	giabHC_x_ultima_x_clinvar	-1	-2	sent	clair3
I2-HG003-3x-2-D0-PF-ILMN-NOVASEQ-sent-clair3-DEL_50	DEL_50	I2-HG003-3x-2-D0-PF-ILMN-NOVASEQ	332544085.0	332525036.0	5049.0	14000.0	1448.0	0.8116647824448502	0.7349467163630636	0.999995645459626	0.09373381667529777	0.9062661833247022	0.9062661833247022	HG003	giabHC_x_ultima_x_clinvar	-1	-2	sent	clair3
I2-HG003-3x-2-D0-PF-ILMN-NOVASEQ-sent-clair3-DEL_gt50	DEL_gt50	I2-HG003-3x-2-D0-PF-ILMN-NOVASEQ	332544085.0	332544085.0	0.0	0.0	0.0			1.0				HG003	giabHC_x_ultima_x_clinvar	-1	-2	sent	clair3
I2-HG003-3x-2-D0-PF-ILMN-NOVASEQ-sent-clair3-Indel_50	Indel_50	I2-HG003-3x-2-D0-PF-ILMN-NOVASEQ	332544085.0	332543000.0	515.0	570.0	4.0	0.6871609403254972	0.5253456221198156	0.9999999879714805	0.006968641114982578	0.9930313588850174	0.9930313588850174	HG003	giabHC_x_ultima_x_clinvar	-1	-2	sent	clair3
I2-HG003-3x-2-D0-PF-ILMN-NOVASEQ-sent-clair3-Indel_gt50	Indel_gt50	I2-HG003-3x-2-D0-PF-ILMN-NOVASEQ	332544085.0	332544058.0	18.0	9.0	0.0	0.5	0.3333333333333333	1.0	0.0	1.0	1.0	HG003	giabHC_x_ultima_x_clinvar	-1	-2	sent	clair3
I2-HG003-3x-2-D0-PF-ILMN-NOVASEQ-sent-clair3-All	All	I2-HG003-3x-2-D0-PF-ILMN-NOVASEQ	332544085.0	332134881.0	85196.0	324008.0	148585.0	0.7348811574546068	0.7918006666601499	0.999552836613303	0.3144037258275091	0.6855962741724909	0.6855962741724909	HG003	giabHC_x_ultima_x_clinvar	-1	-2	sent	clair3
I2-HG003-3x-2-D0-PF-ILMN-NOVASEQ-sent-clair3-SNPts	SNPts	I2-HG003-3x-2-D0-PF-ILMN-NOVASEQ			518554.0	0.0	0.0		0.0					HG003	hg38	-1	-2	sent	clair3
I2-HG003-3x-2-D0-PF-ILMN-NOVASEQ-sent-clair3-SNPtv	SNPtv	I2-HG003-3x-2-D0-PF-ILMN-NOVASEQ			274310.0	0.0	0.0		0.0					HG003	hg38	-1	-2	sent	clair3
I2-HG003-3x-2-D0-PF-ILMN-NOVASEQ-sent-clair3-INS_50	INS_50	I2-HG003-3x-2-D0-PF-ILMN-NOVASEQ			83161.0	0.0	0.0		0.0					HG003	hg38	-1	-2	sent	clair3
I2-HG003-3x-2-D0-PF-ILMN-NOVASEQ-sent-clair3-INS_gt50	INS_gt50	I2-HG003-3x-2-D0-PF-ILMN-NOVASEQ			238.0	0.0	0.0		0.0					HG003	hg38	-1	-2	sent	clair3
I2-HG003-3x-2-D0-PF-ILMN-NOVASEQ-sent-clair3-DEL_50	DEL_50	I2-HG003-3x-2-D0-PF-ILMN-NOVASEQ			84450.0	0.0	0.0		0.0					HG003	hg38	-1	-2	sent	clair3
I2-HG003-3x-2-D0-PF-ILMN-NOVASEQ-sent-clair3-DEL_gt50	DEL_gt50	I2-HG003-3x-2-D0-PF-ILMN-NOVASEQ			138.0	0.0	0.0		0.0					HG003	hg38	-1	-2	sent	clair3
I2-HG003-3x-2-D0-PF-ILMN-NOVASEQ-sent-clair3-Indel_50	Indel_50	I2-HG003-3x-2-D0-PF-ILMN-NOVASEQ			15924.0	0.0	0.0		0.0					HG003	hg38	-1	-2	sent	clair3
I2-HG003-3x-2-D0-PF-ILMN-NOVASEQ-sent-clair3-Indel_gt50	Indel_gt50	I2-HG003-3x-2-D0-PF-ILMN-NOVASEQ			923.0	0.0	0.0		0.0					HG003	hg38	-1	-2	sent	clair3
I2-HG003-3x-2-D0-PF-ILMN-NOVASEQ-sent-clair3-All	All	I2-HG003-3x-2-D0-PF-ILMN-NOVASEQ	3088286401.0	3087308703.0	977698.0	0.0	0.0		0.0	1.0				HG003	hg38	-1	-2	sent	clair3
I2-HG003-3x-2-D0-PF-ILMN-NOVASEQ-sent-clair3-SNPts	SNPts	I2-HG003-3x-2-D0-PF-ILMN-NOVASEQ			21697.0	0.0	0.0		0.0					HG003	hg38_m_giabHC	-1	-2	sent	clair3
I2-HG003-3x-2-D0-PF-ILMN-NOVASEQ-sent-clair3-SNPtv	SNPtv	I2-HG003-3x-2-D0-PF-ILMN-NOVASEQ			12102.0	0.0	0.0		0.0					HG003	hg38_m_giabHC	-1	-2	sent	clair3
I2-HG003-3x-2-D0-PF-ILMN-NOVASEQ-sent-clair3-INS_50	INS_50	I2-HG003-3x-2-D0-PF-ILMN-NOVASEQ			12981.0	0.0	0.0		0.0					HG003	hg38_m_giabHC	-1	-2	sent	clair3
I2-HG003-3x-2-D0-PF-ILMN-NOVASEQ-sent-clair3-INS_gt50	INS_gt50	I2-HG003-3x-2-D0-PF-ILMN-NOVASEQ			237.0	0.0	0.0		0.0					HG003	hg38_m_giabHC	-1	-2	sent	clair3
I2-HG003-3x-2-D0-PF-ILMN-NOVASEQ-sent-clair3-DEL_50	DEL_50	I2-HG003-3x-2-D0-PF-ILMN-NOVASEQ			11938.0	0.0	0.0		0.0					HG003	hg38_m_giabHC	-1	-2	sent	clair3
I2-HG003-3x-2-D0-PF-ILMN-NOVASEQ-sent-clair3-DEL_gt50	DEL_gt50	I2-HG003-3x-2-D0-PF-ILMN-NOVASEQ			138.0	0.0	0.0		0.0					HG003	hg38_m_giabHC	-1	-2	sent	clair3
I2-HG003-3x-2-D0-PF-ILMN-NOVASEQ-sent-clair3-Indel_50	Indel_50	I2-HG003-3x-2-D0-PF-ILMN-NOVASEQ			4630.0	0.0	0.0		0.0					HG003	hg38_m_giabHC	-1	-2	sent	clair3
I2-HG003-3x-2-D0-PF-ILMN-NOVASEQ-sent-clair3-Indel_gt50	Indel_gt50	I2-HG003-3x-2-D0-PF-ILMN-NOVASEQ			694.0	0.0	0.0		0.0					HG003	hg38_m_giabHC	-1	-2	sent	clair3
I2-HG003-3x-2-D0-PF-ILMN-NOVASEQ-sent-clair3-All	All	I2-HG003-3x-2-D0-PF-ILMN-NOVASEQ	688815815.0	688751398.0	64417.0	0.0	0.0		0.0	1.0				HG003	hg38_m_giabHC	-1	-2	sent	clair3
I2-HG003-3x-2-D0-PF-ILMN-NOVASEQ-sent-clair3-SNPts	SNPts	I2-HG003-3x-2-D0-PF-ILMN-NOVASEQ			471576.0	0.0	0.0		0.0					HG003	giabHC_x_ultima	-1	-2	sent	clair3
I2-HG003-3x-2-D0-PF-ILMN-NOVASEQ-sent-clair3-SNPtv	SNPtv	I2-HG003-3x-2-D0-PF-ILMN-NOVASEQ			245909.0	0.0	0.0		0.0					HG003	giabHC_x_ultima	-1	-2	sent	clair3
I2-HG003-3x-2-D0-PF-ILMN-NOVASEQ-sent-clair3-INS_50	INS_50	I2-HG003-3x-2-D0-PF-ILMN-NOVASEQ			44029.0	0.0	0.0		0.0					HG003	giabHC_x_ultima	-1	-2	sent	clair3
I2-HG003-3x-2-D0-PF-ILMN-NOVASEQ-sent-clair3-INS_gt50	INS_gt50	I2-HG003-3x-2-D0-PF-ILMN-NOVASEQ			0.0	0.0	0.0							HG003	giabHC_x_ultima	-1	-2	sent	clair3
I2-HG003-3x-2-D0-PF-ILMN-NOVASEQ-sent-clair3-DEL_50	DEL_50	I2-HG003-3x-2-D0-PF-ILMN-NOVASEQ			47271.0	0.0	0.0		0.0					HG003	giabHC_x_ultima	-1	-2	sent	clair3
I2-HG003-3x-2-D0-PF-ILMN-NOVASEQ-sent-clair3-DEL_gt50	DEL_gt50	I2-HG003-3x-2-D0-PF-ILMN-NOVASEQ			0.0	0.0	0.0							HG003	giabHC_x_ultima	-1	-2	sent	clair3
I2-HG003-3x-2-D0-PF-ILMN-NOVASEQ-sent-clair3-Indel_50	Indel_50	I2-HG003-3x-2-D0-PF-ILMN-NOVASEQ			5445.0	0.0	0.0		0.0					HG003	giabHC_x_ultima	-1	-2	sent	clair3
I2-HG003-3x-2-D0-PF-ILMN-NOVASEQ-sent-clair3-Indel_gt50	Indel_gt50	I2-HG003-3x-2-D0-PF-ILMN-NOVASEQ			167.0	0.0	0.0		0.0					HG003	giabHC_x_ultima	-1	-2	sent	clair3
I2-HG003-3x-2-D0-PF-ILMN-NOVASEQ-sent-clair3-All	All	I2-HG003-3x-2-D0-PF-ILMN-NOVASEQ	2505355380.0	2504540983.0	814397.0	0.0	0.0		0.0	1.0				HG003	giabHC_x_ultima	-1	-2	sent	clair3
I2-HG003-3x-2-D0-PF-ILMN-NOVASEQ-sent-clair3-SNPts	SNPts	I2-HG003-3x-2-D0-PF-ILMN-NOVASEQ	377862616.0	377589283.0	56397.0	216936.0	0.0	0.8849672322745268	0.7936692605722689	1.0	0.0	1.0	1.0	HG003	clinvar_genes	-1	-2	sent	clair3
I2-HG003-3x-2-D0-PF-ILMN-NOVASEQ-sent-clair3-SNPtv	SNPtv	I2-HG003-3x-2-D0-PF-ILMN-NOVASEQ	377862616.0	377738176.0	28416.0	96024.0	0.0	0.871108208142826	0.771648987463838	1.0	0.0	1.0	1.0	HG003	clinvar_genes	-1	-2	sent	clair3
I2-HG003-3x-2-D0-PF-ILMN-NOVASEQ-sent-clair3-INS_50	INS_50	I2-HG003-3x-2-D0-PF-ILMN-NOVASEQ	377862616.0	377833237.0	8851.0	20528.0	0.0	0.822650129240387	0.6987303856496137	1.0	0.0	1.0	1.0	HG003	clinvar_genes	-1	-2	sent	clair3
I2-HG003-3x-2-D0-PF-ILMN-NOVASEQ-sent-clair3-INS_gt50	INS_gt50	I2-HG003-3x-2-D0-PF-ILMN-NOVASEQ	377862616.0	377862586.0	30.0	0.0	0.0		0.0	1.0				HG003	clinvar_genes	-1	-2	sent	clair3
I2-HG003-3x-2-D0-PF-ILMN-NOVASEQ-sent-clair3-DEL_50	DEL_50	I2-HG003-3x-2-D0-PF-ILMN-NOVASEQ	377862616.0	377831526.0	9141.0	21949.0	0.0	0.8276551217028979	0.7059826310710839	1.0	0.0	1.0	1.0	HG003	clinvar_genes	-1	-2	sent	clair3
I2-HG003-3x-2-D0-PF-ILMN-NOVASEQ-sent-clair3-DEL_gt50	DEL_gt50	I2-HG003-3x-2-D0-PF-ILMN-NOVASEQ	377862616.0	377862598.0	18.0	0.0	0.0		0.0	1.0				HG003	clinvar_genes	-1	-2	sent	clair3
I2-HG003-3x-2-D0-PF-ILMN-NOVASEQ-sent-clair3-Indel_50	Indel_50	I2-HG003-3x-2-D0-PF-ILMN-NOVASEQ	377862616.0	377859183.0	1515.0	1918.0	0.0	0.7168753504017941	0.5586950189338771	1.0	0.0	1.0	1.0	HG003	clinvar_genes	-1	-2	sent	clair3
I2-HG003-3x-2-D0-PF-ILMN-NOVASEQ-sent-clair3-Indel_gt50	Indel_gt50	I2-HG003-3x-2-D0-PF-ILMN-NOVASEQ	377862616.0	377862470.0	108.0	38.0	0.0	0.41304347826086957	0.2602739726027397	1.0	0.0	1.0	1.0	HG003	clinvar_genes	-1	-2	sent	clair3
I2-HG003-3x-2-D0-PF-ILMN-NOVASEQ-sent-clair3-All	All	I2-HG003-3x-2-D0-PF-ILMN-NOVASEQ	377862616.0	377400747.0	104476.0	357393.0	0.0	0.8724754718270834	0.7737973321439628	1.0	0.0	1.0	1.0	HG003	clinvar_genes	-1	-2	sent	clair3
I2-HG003-3x-2-D0-PF-ILMN-NOVASEQ-sent-clair3-SNPts	SNPts	I2-HG003-3x-2-D0-PF-ILMN-NOVASEQ			496857.0	0.0	0.0		0.0					HG003	giabHC	-1	-2	sent	clair3
I2-HG003-3x-2-D0-PF-ILMN-NOVASEQ-sent-clair3-SNPtv	SNPtv	I2-HG003-3x-2-D0-PF-ILMN-NOVASEQ			262208.0	0.0	0.0		0.0					HG003	giabHC	-1	-2	sent	clair3
I2-HG003-3x-2-D0-PF-ILMN-NOVASEQ-sent-clair3-INS_50	INS_50	I2-HG003-3x-2-D0-PF-ILMN-NOVASEQ			70155.0	0.0	0.0		0.0					HG003	giabHC	-1	-2	sent	clair3
I2-HG003-3x-2-D0-PF-ILMN-NOVASEQ-sent-clair3-INS_gt50	INS_gt50	I2-HG003-3x-2-D0-PF-ILMN-NOVASEQ			1.0	0.0	0.0		0.0					HG003	giabHC	-1	-2	sent	clair3
I2-HG003-3x-2-D0-PF-ILMN-NOVASEQ-sent-clair3-DEL_50	DEL_50	I2-HG003-3x-2-D0-PF-ILMN-NOVASEQ			72588.0	0.0	0.0		0.0					HG003	giabHC	-1	-2	sent	clair3
I2-HG003-3x-2-D0-PF-ILMN-NOVASEQ-sent-clair3-DEL_gt50	DEL_gt50	I2-HG003-3x-2-D0-PF-ILMN-NOVASEQ			0.0	0.0	0.0							HG003	giabHC	-1	-2	sent	clair3
I2-HG003-3x-2-D0-PF-ILMN-NOVASEQ-sent-clair3-Indel_50	Indel_50	I2-HG003-3x-2-D0-PF-ILMN-NOVASEQ			11294.0	0.0	0.0		0.0					HG003	giabHC	-1	-2	sent	clair3
I2-HG003-3x-2-D0-PF-ILMN-NOVASEQ-sent-clair3-Indel_gt50	Indel_gt50	I2-HG003-3x-2-D0-PF-ILMN-NOVASEQ			231.0	0.0	0.0		0.0					HG003	giabHC	-1	-2	sent	clair3
I2-HG003-3x-2-D0-PF-ILMN-NOVASEQ-sent-clair3-All	All	I2-HG003-3x-2-D0-PF-ILMN-NOVASEQ	2528531102.0	2527617768.0	913334.0	0.0	0.0		0.0	1.0				HG003	giabHC	-1	-2	sent	clair3
I2-HG003-3x-2-D0-PF-ILMN-NOVASEQ-sent-oct-SNPts	SNPts	I2-HG003-3x-2-D0-PF-ILMN-NOVASEQ	2528531102.0	2526276332.0	2254770.0	0.0	0.0		0.0	1.0				HG003	giabHC	-1	-2	sent	oct
I2-HG003-3x-2-D0-PF-ILMN-NOVASEQ-sent-oct-SNPtv	SNPtv	I2-HG003-3x-2-D0-PF-ILMN-NOVASEQ	2528531102.0	2527459430.0	1071672.0	0.0	0.0		0.0	1.0				HG003	giabHC	-1	-2	sent	oct
I2-HG003-3x-2-D0-PF-ILMN-NOVASEQ-sent-oct-INS_50	INS_50	I2-HG003-3x-2-D0-PF-ILMN-NOVASEQ	2528531102.0	2528302362.0	228740.0	0.0	0.0		0.0	1.0				HG003	giabHC	-1	-2	sent	oct
I2-HG003-3x-2-D0-PF-ILMN-NOVASEQ-sent-oct-INS_gt50	INS_gt50	I2-HG003-3x-2-D0-PF-ILMN-NOVASEQ	2528531102.0	2528531101.0	1.0	0.0	0.0		0.0	1.0				HG003	giabHC	-1	-2	sent	oct
I2-HG003-3x-2-D0-PF-ILMN-NOVASEQ-sent-oct-DEL_50	DEL_50	I2-HG003-3x-2-D0-PF-ILMN-NOVASEQ	2528531102.0	2528288385.0	242717.0	0.0	0.0		0.0	1.0				HG003	giabHC	-1	-2	sent	oct
I2-HG003-3x-2-D0-PF-ILMN-NOVASEQ-sent-oct-DEL_gt50	DEL_gt50	I2-HG003-3x-2-D0-PF-ILMN-NOVASEQ	2528531102.0	2528531102.0	0.0	0.0	0.0			1.0				HG003	giabHC	-1	-2	sent	oct
I2-HG003-3x-2-D0-PF-ILMN-NOVASEQ-sent-oct-Indel_50	Indel_50	I2-HG003-3x-2-D0-PF-ILMN-NOVASEQ	2528531102.0	2528498607.0	32495.0	0.0	0.0		0.0	1.0				HG003	giabHC	-1	-2	sent	oct
I2-HG003-3x-2-D0-PF-ILMN-NOVASEQ-sent-oct-Indel_gt50	Indel_gt50	I2-HG003-3x-2-D0-PF-ILMN-NOVASEQ	2528531102.0	2528530634.0	468.0	0.0	0.0		0.0	1.0				HG003	giabHC	-1	-2	sent	oct
I2-HG003-3x-2-D0-PF-ILMN-NOVASEQ-sent-oct-All	All	I2-HG003-3x-2-D0-PF-ILMN-NOVASEQ	2528531102.0	2524700239.0	3830863.0	0.0	0.0		0.0	1.0				HG003	giabHC	-1	-2	sent	oct
I2-HG003-3x-2-D0-PF-ILMN-NOVASEQ-sent-oct-SNPts	SNPts	I2-HG003-3x-2-D0-PF-ILMN-NOVASEQ	3088286401.0	3085963687.0	2322714.0	0.0	0.0		0.0	1.0				HG003	hg38	-1	-2	sent	oct
I2-HG003-3x-2-D0-PF-ILMN-NOVASEQ-sent-oct-SNPtv	SNPtv	I2-HG003-3x-2-D0-PF-ILMN-NOVASEQ	3088286401.0	3087179627.0	1106774.0	0.0	0.0		0.0	1.0				HG003	hg38	-1	-2	sent	oct
I2-HG003-3x-2-D0-PF-ILMN-NOVASEQ-sent-oct-INS_50	INS_50	I2-HG003-3x-2-D0-PF-ILMN-NOVASEQ	3088286401.0	3088030915.0	255486.0	0.0	0.0		0.0	1.0				HG003	hg38	-1	-2	sent	oct
I2-HG003-3x-2-D0-PF-ILMN-NOVASEQ-sent-oct-INS_gt50	INS_gt50	I2-HG003-3x-2-D0-PF-ILMN-NOVASEQ	3088286401.0	3088286163.0	238.0	0.0	0.0		0.0	1.0				HG003	hg38	-1	-2	sent	oct
I2-HG003-3x-2-D0-PF-ILMN-NOVASEQ-sent-oct-DEL_50	DEL_50	I2-HG003-3x-2-D0-PF-ILMN-NOVASEQ	3088286401.0	3088017307.0	269094.0	0.0	0.0		0.0	1.0				HG003	hg38	-1	-2	sent	oct
I2-HG003-3x-2-D0-PF-ILMN-NOVASEQ-sent-oct-DEL_gt50	DEL_gt50	I2-HG003-3x-2-D0-PF-ILMN-NOVASEQ	3088286401.0	3088286263.0	138.0	0.0	0.0		0.0	1.0				HG003	hg38	-1	-2	sent	oct
I2-HG003-3x-2-D0-PF-ILMN-NOVASEQ-sent-oct-Indel_50	Indel_50	I2-HG003-3x-2-D0-PF-ILMN-NOVASEQ	3088286401.0	3088243814.0	42587.0	0.0	0.0		0.0	1.0				HG003	hg38	-1	-2	sent	oct
I2-HG003-3x-2-D0-PF-ILMN-NOVASEQ-sent-oct-Indel_gt50	Indel_gt50	I2-HG003-3x-2-D0-PF-ILMN-NOVASEQ	3088286401.0	3088284701.0	1700.0	0.0	0.0		0.0	1.0				HG003	hg38	-1	-2	sent	oct
I2-HG003-3x-2-D0-PF-ILMN-NOVASEQ-sent-oct-All	All	I2-HG003-3x-2-D0-PF-ILMN-NOVASEQ	3088286401.0	3084287670.0	3998731.0	0.0	0.0		0.0	1.0				HG003	hg38	-1	-2	sent	oct
I2-HG003-3x-2-D0-PF-ILMN-NOVASEQ-sent-oct-SNPts	SNPts	I2-HG003-3x-2-D0-PF-ILMN-NOVASEQ	688815815.0	688747871.0	67944.0	0.0	0.0		0.0	1.0				HG003	hg38_m_giabHC	-1	-2	sent	oct
I2-HG003-3x-2-D0-PF-ILMN-NOVASEQ-sent-oct-SNPtv	SNPtv	I2-HG003-3x-2-D0-PF-ILMN-NOVASEQ	688815815.0	688780713.0	35102.0	0.0	0.0		0.0	1.0				HG003	hg38_m_giabHC	-1	-2	sent	oct
I2-HG003-3x-2-D0-PF-ILMN-NOVASEQ-sent-oct-INS_50	INS_50	I2-HG003-3x-2-D0-PF-ILMN-NOVASEQ	688815815.0	688789149.0	26666.0	0.0	0.0		0.0	1.0				HG003	hg38_m_giabHC	-1	-2	sent	oct
I2-HG003-3x-2-D0-PF-ILMN-NOVASEQ-sent-oct-INS_gt50	INS_gt50	I2-HG003-3x-2-D0-PF-ILMN-NOVASEQ	688815815.0	688815578.0	237.0	0.0	0.0		0.0	1.0				HG003	hg38_m_giabHC	-1	-2	sent	oct
I2-HG003-3x-2-D0-PF-ILMN-NOVASEQ-sent-oct-DEL_50	DEL_50	I2-HG003-3x-2-D0-PF-ILMN-NOVASEQ	688815815.0	688789247.0	26568.0	0.0	0.0		0.0	1.0				HG003	hg38_m_giabHC	-1	-2	sent	oct
I2-HG003-3x-2-D0-PF-ILMN-NOVASEQ-sent-oct-DEL_gt50	DEL_gt50	I2-HG003-3x-2-D0-PF-ILMN-NOVASEQ	688815815.0	688815677.0	138.0	0.0	0.0		0.0	1.0				HG003	hg38_m_giabHC	-1	-2	sent	oct
I2-HG003-3x-2-D0-PF-ILMN-NOVASEQ-sent-oct-Indel_50	Indel_50	I2-HG003-3x-2-D0-PF-ILMN-NOVASEQ	688815815.0	688805722.0	10093.0	0.0	0.0		0.0	1.0				HG003	hg38_m_giabHC	-1	-2	sent	oct
I2-HG003-3x-2-D0-PF-ILMN-NOVASEQ-sent-oct-Indel_gt50	Indel_gt50	I2-HG003-3x-2-D0-PF-ILMN-NOVASEQ	688815815.0	688814581.0	1234.0	0.0	0.0		0.0	1.0				HG003	hg38_m_giabHC	-1	-2	sent	oct
I2-HG003-3x-2-D0-PF-ILMN-NOVASEQ-sent-oct-All	All	I2-HG003-3x-2-D0-PF-ILMN-NOVASEQ	688815815.0	688647833.0	167982.0	0.0	0.0		0.0	1.0				HG003	hg38_m_giabHC	-1	-2	sent	oct
I2-HG003-3x-2-D0-PF-ILMN-NOVASEQ-sent-oct-SNPts	SNPts	I2-HG003-3x-2-D0-PF-ILMN-NOVASEQ	377862616.0	377589389.0	273227.0	0.0	0.0		0.0	1.0				HG003	clinvar_genes	-1	-2	sent	oct
I2-HG003-3x-2-D0-PF-ILMN-NOVASEQ-sent-oct-SNPtv	SNPtv	I2-HG003-3x-2-D0-PF-ILMN-NOVASEQ	377862616.0	377738293.0	124323.0	0.0	0.0		0.0	1.0				HG003	clinvar_genes	-1	-2	sent	oct
I2-HG003-3x-2-D0-PF-ILMN-NOVASEQ-sent-oct-INS_50	INS_50	I2-HG003-3x-2-D0-PF-ILMN-NOVASEQ	377862616.0	377833542.0	29074.0	0.0	0.0		0.0	1.0				HG003	clinvar_genes	-1	-2	sent	oct
I2-HG003-3x-2-D0-PF-ILMN-NOVASEQ-sent-oct-INS_gt50	INS_gt50	I2-HG003-3x-2-D0-PF-ILMN-NOVASEQ	377862616.0	377862586.0	30.0	0.0	0.0		0.0	1.0				HG003	clinvar_genes	-1	-2	sent	oct
I2-HG003-3x-2-D0-PF-ILMN-NOVASEQ-sent-oct-DEL_50	DEL_50	I2-HG003-3x-2-D0-PF-ILMN-NOVASEQ	377862616.0	377831914.0	30702.0	0.0	0.0		0.0	1.0				HG003	clinvar_genes	-1	-2	sent	oct
I2-HG003-3x-2-D0-PF-ILMN-NOVASEQ-sent-oct-DEL_gt50	DEL_gt50	I2-HG003-3x-2-D0-PF-ILMN-NOVASEQ	377862616.0	377862598.0	18.0	0.0	0.0		0.0	1.0				HG003	clinvar_genes	-1	-2	sent	oct
I2-HG003-3x-2-D0-PF-ILMN-NOVASEQ-sent-oct-Indel_50	Indel_50	I2-HG003-3x-2-D0-PF-ILMN-NOVASEQ	377862616.0	377858426.0	4190.0	0.0	0.0		0.0	1.0				HG003	clinvar_genes	-1	-2	sent	oct
I2-HG003-3x-2-D0-PF-ILMN-NOVASEQ-sent-oct-Indel_gt50	Indel_gt50	I2-HG003-3x-2-D0-PF-ILMN-NOVASEQ	377862616.0	377862434.0	182.0	0.0	0.0		0.0	1.0				HG003	clinvar_genes	-1	-2	sent	oct
I2-HG003-3x-2-D0-PF-ILMN-NOVASEQ-sent-oct-All	All	I2-HG003-3x-2-D0-PF-ILMN-NOVASEQ	377862616.0	377400870.0	461746.0	0.0	0.0		0.0	1.0				HG003	clinvar_genes	-1	-2	sent	oct
I2-HG003-3x-2-D0-PF-ILMN-NOVASEQ-sent-oct-SNPts	SNPts	I2-HG003-3x-2-D0-PF-ILMN-NOVASEQ	2505355380.0	2503152670.0	2202710.0	0.0	0.0		0.0	1.0				HG003	giabHC_x_ultima	-1	-2	sent	oct
I2-HG003-3x-2-D0-PF-ILMN-NOVASEQ-sent-oct-SNPtv	SNPtv	I2-HG003-3x-2-D0-PF-ILMN-NOVASEQ	2505355380.0	2504321399.0	1033981.0	0.0	0.0		0.0	1.0				HG003	giabHC_x_ultima	-1	-2	sent	oct
I2-HG003-3x-2-D0-PF-ILMN-NOVASEQ-sent-oct-INS_50	INS_50	I2-HG003-3x-2-D0-PF-ILMN-NOVASEQ	2505355380.0	2505202001.0	153379.0	0.0	0.0		0.0	1.0				HG003	giabHC_x_ultima	-1	-2	sent	oct
I2-HG003-3x-2-D0-PF-ILMN-NOVASEQ-sent-oct-INS_gt50	INS_gt50	I2-HG003-3x-2-D0-PF-ILMN-NOVASEQ	2505355380.0	2505355380.0	0.0	0.0	0.0			1.0				HG003	giabHC_x_ultima	-1	-2	sent	oct
I2-HG003-3x-2-D0-PF-ILMN-NOVASEQ-sent-oct-DEL_50	DEL_50	I2-HG003-3x-2-D0-PF-ILMN-NOVASEQ	2505355380.0	2505190289.0	165091.0	0.0	0.0		0.0	1.0				HG003	giabHC_x_ultima	-1	-2	sent	oct
I2-HG003-3x-2-D0-PF-ILMN-NOVASEQ-sent-oct-DEL_gt50	DEL_gt50	I2-HG003-3x-2-D0-PF-ILMN-NOVASEQ	2505355380.0	2505355380.0	0.0	0.0	0.0			1.0				HG003	giabHC_x_ultima	-1	-2	sent	oct
I2-HG003-3x-2-D0-PF-ILMN-NOVASEQ-sent-oct-Indel_50	Indel_50	I2-HG003-3x-2-D0-PF-ILMN-NOVASEQ	2505355380.0	2505341371.0	14009.0	0.0	0.0		0.0	1.0				HG003	giabHC_x_ultima	-1	-2	sent	oct
I2-HG003-3x-2-D0-PF-ILMN-NOVASEQ-sent-oct-Indel_gt50	Indel_gt50	I2-HG003-3x-2-D0-PF-ILMN-NOVASEQ	2505355380.0	2505355013.0	367.0	0.0	0.0		0.0	1.0				HG003	giabHC_x_ultima	-1	-2	sent	oct
I2-HG003-3x-2-D0-PF-ILMN-NOVASEQ-sent-oct-All	All	I2-HG003-3x-2-D0-PF-ILMN-NOVASEQ	2505355380.0	2501785843.0	3569537.0	0.0	0.0		0.0	1.0				HG003	giabHC_x_ultima	-1	-2	sent	oct
I2-HG003-3x-2-D0-PF-ILMN-NOVASEQ-sent-oct-SNPts	SNPts	I2-HG003-3x-2-D0-PF-ILMN-NOVASEQ	337668665.0	337403108.0	265557.0	0.0	0.0		0.0	1.0				HG003	giabHC_x_clinvar_genes	-1	-2	sent	oct
I2-HG003-3x-2-D0-PF-ILMN-NOVASEQ-sent-oct-SNPtv	SNPtv	I2-HG003-3x-2-D0-PF-ILMN-NOVASEQ	337668665.0	337548418.0	120247.0	0.0	0.0		0.0	1.0				HG003	giabHC_x_clinvar_genes	-1	-2	sent	oct
I2-HG003-3x-2-D0-PF-ILMN-NOVASEQ-sent-oct-INS_50	INS_50	I2-HG003-3x-2-D0-PF-ILMN-NOVASEQ	337668665.0	337642389.0	26276.0	0.0	0.0		0.0	1.0				HG003	giabHC_x_clinvar_genes	-1	-2	sent	oct
I2-HG003-3x-2-D0-PF-ILMN-NOVASEQ-sent-oct-INS_gt50	INS_gt50	I2-HG003-3x-2-D0-PF-ILMN-NOVASEQ	337668665.0	337668665.0	0.0	0.0	0.0			1.0				HG003	giabHC_x_clinvar_genes	-1	-2	sent	oct
I2-HG003-3x-2-D0-PF-ILMN-NOVASEQ-sent-oct-DEL_50	DEL_50	I2-HG003-3x-2-D0-PF-ILMN-NOVASEQ	337668665.0	337640749.0	27916.0	0.0	0.0		0.0	1.0				HG003	giabHC_x_clinvar_genes	-1	-2	sent	oct
I2-HG003-3x-2-D0-PF-ILMN-NOVASEQ-sent-oct-DEL_gt50	DEL_gt50	I2-HG003-3x-2-D0-PF-ILMN-NOVASEQ	337668665.0	337668665.0	0.0	0.0	0.0			1.0				HG003	giabHC_x_clinvar_genes	-1	-2	sent	oct
I2-HG003-3x-2-D0-PF-ILMN-NOVASEQ-sent-oct-Indel_50	Indel_50	I2-HG003-3x-2-D0-PF-ILMN-NOVASEQ	337668665.0	337665452.0	3213.0	0.0	0.0		0.0	1.0				HG003	giabHC_x_clinvar_genes	-1	-2	sent	oct
I2-HG003-3x-2-D0-PF-ILMN-NOVASEQ-sent-oct-Indel_gt50	Indel_gt50	I2-HG003-3x-2-D0-PF-ILMN-NOVASEQ	337668665.0	337668619.0	46.0	0.0	0.0		0.0	1.0				HG003	giabHC_x_clinvar_genes	-1	-2	sent	oct
I2-HG003-3x-2-D0-PF-ILMN-NOVASEQ-sent-oct-All	All	I2-HG003-3x-2-D0-PF-ILMN-NOVASEQ	337668665.0	337225410.0	443255.0	0.0	0.0		0.0	1.0				HG003	giabHC_x_clinvar_genes	-1	-2	sent	oct
I2-HG003-3x-2-D0-PF-ILMN-NOVASEQ-sent-oct-SNPts	SNPts	I2-HG003-3x-2-D0-PF-ILMN-NOVASEQ	332544085.0	332287314.0	256771.0	0.0	0.0		0.0	1.0				HG003	giabHC_x_ultima_x_clinvar	-1	-2	sent	oct
I2-HG003-3x-2-D0-PF-ILMN-NOVASEQ-sent-oct-SNPtv	SNPtv	I2-HG003-3x-2-D0-PF-ILMN-NOVASEQ	332544085.0	332429541.0	114544.0	0.0	0.0		0.0	1.0				HG003	giabHC_x_ultima_x_clinvar	-1	-2	sent	oct
I2-HG003-3x-2-D0-PF-ILMN-NOVASEQ-sent-oct-INS_50	INS_50	I2-HG003-3x-2-D0-PF-ILMN-NOVASEQ	332544085.0	332526629.0	17456.0	0.0	0.0		0.0	1.0				HG003	giabHC_x_ultima_x_clinvar	-1	-2	sent	oct
I2-HG003-3x-2-D0-PF-ILMN-NOVASEQ-sent-oct-INS_gt50	INS_gt50	I2-HG003-3x-2-D0-PF-ILMN-NOVASEQ	332544085.0	332544085.0	0.0	0.0	0.0			1.0				HG003	giabHC_x_ultima_x_clinvar	-1	-2	sent	oct
I2-HG003-3x-2-D0-PF-ILMN-NOVASEQ-sent-oct-DEL_50	DEL_50	I2-HG003-3x-2-D0-PF-ILMN-NOVASEQ	332544085.0	332525184.0	18901.0	0.0	0.0		0.0	1.0				HG003	giabHC_x_ultima_x_clinvar	-1	-2	sent	oct
I2-HG003-3x-2-D0-PF-ILMN-NOVASEQ-sent-oct-DEL_gt50	DEL_gt50	I2-HG003-3x-2-D0-PF-ILMN-NOVASEQ	332544085.0	332544085.0	0.0	0.0	0.0			1.0				HG003	giabHC_x_ultima_x_clinvar	-1	-2	sent	oct
I2-HG003-3x-2-D0-PF-ILMN-NOVASEQ-sent-oct-Indel_50	Indel_50	I2-HG003-3x-2-D0-PF-ILMN-NOVASEQ	332544085.0	332542784.0	1301.0	0.0	0.0		0.0	1.0				HG003	giabHC_x_ultima_x_clinvar	-1	-2	sent	oct
I2-HG003-3x-2-D0-PF-ILMN-NOVASEQ-sent-oct-Indel_gt50	Indel_gt50	I2-HG003-3x-2-D0-PF-ILMN-NOVASEQ	332544085.0	332544054.0	31.0	0.0	0.0		0.0	1.0				HG003	giabHC_x_ultima_x_clinvar	-1	-2	sent	oct
I2-HG003-3x-2-D0-PF-ILMN-NOVASEQ-sent-oct-All	All	I2-HG003-3x-2-D0-PF-ILMN-NOVASEQ	332544085.0	332135081.0	409004.0	0.0	0.0		0.0	1.0				HG003	giabHC_x_ultima_x_clinvar	-1	-2	sent	oct
I2-HG003-3x-2-D0-PF-ILMN-NOVASEQ-sent-oct-SNPts	SNPts	I2-HG003-3x-2-D0-PF-ILMN-NOVASEQ	2799325643.0	2797071917.0	2253726.0	0.0	0.0		0.0	1.0				HG003	ultima	-1	-2	sent	oct
I2-HG003-3x-2-D0-PF-ILMN-NOVASEQ-sent-oct-SNPtv	SNPtv	I2-HG003-3x-2-D0-PF-ILMN-NOVASEQ	2799325643.0	2798267435.0	1058208.0	0.0	0.0		0.0	1.0				HG003	ultima	-1	-2	sent	oct
I2-HG003-3x-2-D0-PF-ILMN-NOVASEQ-sent-oct-INS_50	INS_50	I2-HG003-3x-2-D0-PF-ILMN-NOVASEQ	2799325643.0	2799162256.0	163387.0	0.0	0.0		0.0	1.0				HG003	ultima	-1	-2	sent	oct
I2-HG003-3x-2-D0-PF-ILMN-NOVASEQ-sent-oct-INS_gt50	INS_gt50	I2-HG003-3x-2-D0-PF-ILMN-NOVASEQ	2799325643.0	2799325547.0	96.0	0.0	0.0		0.0	1.0				HG003	ultima	-1	-2	sent	oct
I2-HG003-3x-2-D0-PF-ILMN-NOVASEQ-sent-oct-DEL_50	DEL_50	I2-HG003-3x-2-D0-PF-ILMN-NOVASEQ	2799325643.0	2799148871.0	176772.0	0.0	0.0		0.0	1.0				HG003	ultima	-1	-2	sent	oct
I2-HG003-3x-2-D0-PF-ILMN-NOVASEQ-sent-oct-DEL_gt50	DEL_gt50	I2-HG003-3x-2-D0-PF-ILMN-NOVASEQ	2799325643.0	2799325554.0	89.0	0.0	0.0		0.0	1.0				HG003	ultima	-1	-2	sent	oct
I2-HG003-3x-2-D0-PF-ILMN-NOVASEQ-sent-oct-Indel_50	Indel_50	I2-HG003-3x-2-D0-PF-ILMN-NOVASEQ	2799325643.0	2799308017.0	17626.0	0.0	0.0		0.0	1.0				HG003	ultima	-1	-2	sent	oct
I2-HG003-3x-2-D0-PF-ILMN-NOVASEQ-sent-oct-Indel_gt50	Indel_gt50	I2-HG003-3x-2-D0-PF-ILMN-NOVASEQ	2799325643.0	2799324685.0	958.0	0.0	0.0		0.0	1.0				HG003	ultima	-1	-2	sent	oct
I2-HG003-3x-2-D0-PF-ILMN-NOVASEQ-sent-oct-All	All	I2-HG003-3x-2-D0-PF-ILMN-NOVASEQ	2799325643.0	2795654781.0	3670862.0	0.0	0.0		0.0	1.0				HG003	ultima	-1	-2	sent	oct
I2-HG003-40x-9-D0-PF-ILMN-NOVASEQ-sent-clair3-SNPts	SNPts	I2-HG003-40x-9-D0-PF-ILMN-NOVASEQ	688815815.0	688747515.0	3332.0	64968.0	370478.0	0.2579395171376051	0.9512152269399707	0.9994623881486723	0.8508012474566307	0.14919875254336934	0.14919875254336934	HG003	hg38_m_giabHC	-1	-2	sent	clair3
I2-HG003-40x-9-D0-PF-ILMN-NOVASEQ-sent-clair3-SNPtv	SNPtv	I2-HG003-40x-9-D0-PF-ILMN-NOVASEQ	688815815.0	688780260.0	1891.0	33664.0	275712.0	0.19519266172074995	0.946814793981156	0.999599869950768	0.8911874224244932	0.10881257757550677	0.10881257757550683	HG003	hg38_m_giabHC	-1	-2	sent	clair3
I2-HG003-40x-9-D0-PF-ILMN-NOVASEQ-sent-clair3-INS_50	INS_50	I2-HG003-40x-9-D0-PF-ILMN-NOVASEQ	688815815.0	688789073.0	2134.0	24608.0	162158.0	0.23051126889858928	0.9202004337745868	0.9997646306549672	0.8682415428932461	0.13175845710675393	0.1317584571067539	HG003	hg38_m_giabHC	-1	-2	sent	clair3
I2-HG003-40x-9-D0-PF-ILMN-NOVASEQ-sent-clair3-INS_gt50	INS_gt50	I2-HG003-40x-9-D0-PF-ILMN-NOVASEQ	688815815.0	688815581.0	234.0	0.0	0.0		0.0	1.0				HG003	hg38_m_giabHC	-1	-2	sent	clair3
I2-HG003-40x-9-D0-PF-ILMN-NOVASEQ-sent-clair3-DEL_50	DEL_50	I2-HG003-40x-9-D0-PF-ILMN-NOVASEQ	688815815.0	688789019.0	1504.0	25292.0	168435.0	0.2293819692276996	0.9438722197342887	0.9997555219135491	0.8694451470368095	0.13055485296319047	0.13055485296319047	HG003	hg38_m_giabHC	-1	-2	sent	clair3
I2-HG003-40x-9-D0-PF-ILMN-NOVASEQ-sent-clair3-DEL_gt50	DEL_gt50	I2-HG003-40x-9-D0-PF-ILMN-NOVASEQ	688815815.0	688815677.0	136.0	2.0	83.0	0.017937219730941704	0.014492753623188406	0.9999998795033377	0.9764705882352941	0.02352941176470591	0.023529411764705882	HG003	hg38_m_giabHC	-1	-2	sent	clair3
I2-HG003-40x-9-D0-PF-ILMN-NOVASEQ-sent-clair3-Indel_50	Indel_50	I2-HG003-40x-9-D0-PF-ILMN-NOVASEQ	688815815.0	688806030.0	192.0	9593.0	45271.0	0.29677179848102836	0.9803781297904957	0.9999342804463979	0.8251494604841062	0.1748505395158938	0.17485053951589385	HG003	hg38_m_giabHC	-1	-2	sent	clair3
I2-HG003-40x-9-D0-PF-ILMN-NOVASEQ-sent-clair3-Indel_gt50	Indel_gt50	I2-HG003-40x-9-D0-PF-ILMN-NOVASEQ	688815815.0	688814713.0	75.0	1027.0	1805.0	0.5221148957803762	0.9319419237749547	0.9999973795634209	0.6373587570621468	0.36264124293785316	0.3626412429378531	HG003	hg38_m_giabHC	-1	-2	sent	clair3
I2-HG003-40x-9-D0-PF-ILMN-NOVASEQ-sent-clair3-All	All	I2-HG003-40x-9-D0-PF-ILMN-NOVASEQ	688815815.0	688647163.0	9498.0	159154.0	1023942.0	0.23547880226196008	0.9436828498920855	0.9985153183994855	0.86547668152035	0.13452331847965004	0.13452331847965	HG003	hg38_m_giabHC	-1	-2	sent	clair3
I2-HG003-40x-9-D0-PF-ILMN-NOVASEQ-sent-clair3-SNPts	SNPts	I2-HG003-40x-9-D0-PF-ILMN-NOVASEQ	3088286401.0	3085963154.0	14593.0	2308654.0	376439.0	0.9219238310498089	0.9937187048987903	0.9998780305962267	0.14019588893196622	0.8598041110680338	0.8598041110680338	HG003	hg38	-1	-2	sent	clair3
I2-HG003-40x-9-D0-PF-ILMN-NOVASEQ-sent-clair3-SNPtv	SNPtv	I2-HG003-40x-9-D0-PF-ILMN-NOVASEQ	3088286401.0	3087178594.0	7891.0	1099916.0	277979.0	0.884994259167028	0.9928769180913282	0.9999099650494097	0.20174178729148448	0.7982582127085155	0.7982582127085155	HG003	hg38	-1	-2	sent	clair3
I2-HG003-40x-9-D0-PF-ILMN-NOVASEQ-sent-clair3-INS_50	INS_50	I2-HG003-40x-9-D0-PF-ILMN-NOVASEQ	3088286401.0	3088031065.0	3527.0	251809.0	162545.0	0.7520166046976959	0.9861868283359965	0.9999473656705092	0.3922853405542121	0.6077146594457878	0.607714659445788	HG003	hg38	-1	-2	sent	clair3
I2-HG003-40x-9-D0-PF-ILMN-NOVASEQ-sent-clair3-INS_gt50	INS_gt50	I2-HG003-40x-9-D0-PF-ILMN-NOVASEQ	3088286401.0	3088286166.0	235.0	0.0	0.0		0.0	1.0				HG003	hg38	-1	-2	sent	clair3
I2-HG003-40x-9-D0-PF-ILMN-NOVASEQ-sent-clair3-DEL_50	DEL_50	I2-HG003-40x-9-D0-PF-ILMN-NOVASEQ	3088286401.0	3088017169.0	2359.0	266873.0	168882.0	0.7571004855408681	0.9912380400546741	0.9999453135280029	0.3875618179940563	0.6124381820059437	0.6124381820059437	HG003	hg38	-1	-2	sent	clair3
I2-HG003-40x-9-D0-PF-ILMN-NOVASEQ-sent-clair3-DEL_gt50	DEL_gt50	I2-HG003-40x-9-D0-PF-ILMN-NOVASEQ	3088286401.0	3088286263.0	136.0	2.0	83.0	0.017937219730941704	0.014492753623188406	0.9999999731242538	0.9764705882352941	0.02352941176470591	0.023529411764705882	HG003	hg38	-1	-2	sent	clair3
I2-HG003-40x-9-D0-PF-ILMN-NOVASEQ-sent-clair3-Indel_50	Indel_50	I2-HG003-40x-9-D0-PF-ILMN-NOVASEQ	3088286401.0	3088244159.0	268.0	41974.0	45283.0	0.6482521100549039	0.993655603427868	0.9999853371904251	0.518961229471561	0.481038770528439	0.48103877052843896	HG003	hg38	-1	-2	sent	clair3
I2-HG003-40x-9-D0-PF-ILMN-NOVASEQ-sent-clair3-Indel_gt50	Indel_gt50	I2-HG003-40x-9-D0-PF-ILMN-NOVASEQ	3088286401.0	3088284836.0	80.0	1485.0	1806.0	0.6116144975288302	0.9488817891373802	0.9999994152097232	0.5487693710118505	0.4512306289881495	0.4512306289881495	HG003	hg38	-1	-2	sent	clair3
I2-HG003-40x-9-D0-PF-ILMN-NOVASEQ-sent-clair3-All	All	I2-HG003-40x-9-D0-PF-ILMN-NOVASEQ	3088286401.0	3084286599.0	29089.0	3970713.0	1033017.0	0.8820345171206144	0.9927273900058052	0.9996651831484029	0.20644938875598803	0.7935506112440119	0.7935506112440119	HG003	hg38	-1	-2	sent	clair3
I2-HG003-40x-9-D0-PF-ILMN-NOVASEQ-sent-clair3-SNPts	SNPts	I2-HG003-40x-9-D0-PF-ILMN-NOVASEQ	332544085.0	332287236.0	481.0	256368.0	449.0	0.9981894849960868	0.9981273043694934	0.9999986487612383	0.0017483266294676754	0.9982516733705323	0.9982516733705323	HG003	giabHC_x_ultima_x_clinvar	-1	-2	sent	clair3
I2-HG003-40x-9-D0-PF-ILMN-NOVASEQ-sent-clair3-SNPtv	SNPtv	I2-HG003-40x-9-D0-PF-ILMN-NOVASEQ	332544085.0	332429426.0	280.0	114379.0	190.0	0.9979496396600764	0.9975579762600406	0.9999994284504423	0.0016583892676029293	0.998341610732397	0.998341610732397	HG003	giabHC_x_ultima_x_clinvar	-1	-2	sent	clair3
I2-HG003-40x-9-D0-PF-ILMN-NOVASEQ-sent-clair3-INS_50	INS_50	I2-HG003-40x-9-D0-PF-ILMN-NOVASEQ	332544085.0	332526588.0	75.0	17422.0	21.0	0.997252432741843	0.995713550894439	0.9999999368471592	0.001203921343805538	0.9987960786561945	0.9987960786561945	HG003	giabHC_x_ultima_x_clinvar	-1	-2	sent	clair3
I2-HG003-40x-9-D0-PF-ILMN-NOVASEQ-sent-clair3-INS_gt50	INS_gt50	I2-HG003-40x-9-D0-PF-ILMN-NOVASEQ	332544085.0	332544085.0	0.0	0.0	0.0			1.0				HG003	giabHC_x_ultima_x_clinvar	-1	-2	sent	clair3
I2-HG003-40x-9-D0-PF-ILMN-NOVASEQ-sent-clair3-DEL_50	DEL_50	I2-HG003-40x-9-D0-PF-ILMN-NOVASEQ	332544085.0	332525171.0	48.0	18866.0	24.0	0.9980954396360174	0.9974621973141589	0.9999999278250179	0.001270513499205929	0.9987294865007941	0.9987294865007941	HG003	giabHC_x_ultima_x_clinvar	-1	-2	sent	clair3
I2-HG003-40x-9-D0-PF-ILMN-NOVASEQ-sent-clair3-DEL_gt50	DEL_gt50	I2-HG003-40x-9-D0-PF-ILMN-NOVASEQ	332544085.0	332544085.0	0.0	0.0	0.0			1.0				HG003	giabHC_x_ultima_x_clinvar	-1	-2	sent	clair3
I2-HG003-40x-9-D0-PF-ILMN-NOVASEQ-sent-clair3-Indel_50	Indel_50	I2-HG003-40x-9-D0-PF-ILMN-NOVASEQ	332544085.0	332542785.0	1.0	1299.0	0.0	0.9996152366294729	0.9992307692307693	1.0	0.0	1.0	1.0	HG003	giabHC_x_ultima_x_clinvar	-1	-2	sent	clair3
I2-HG003-40x-9-D0-PF-ILMN-NOVASEQ-sent-clair3-Indel_gt50	Indel_gt50	I2-HG003-40x-9-D0-PF-ILMN-NOVASEQ	332544085.0	332544054.0	0.0	31.0	0.0	1.0	1.0	1.0	0.0	1.0	1.0	HG003	giabHC_x_ultima_x_clinvar	-1	-2	sent	clair3
I2-HG003-40x-9-D0-PF-ILMN-NOVASEQ-sent-clair3-All	All	I2-HG003-40x-9-D0-PF-ILMN-NOVASEQ	332544085.0	332134835.0	885.0	408365.0	684.0	0.9980826079464841	0.9978375076359194	0.9999979405996623	0.0016721713046603218	0.9983278286953396	0.9983278286953396	HG003	giabHC_x_ultima_x_clinvar	-1	-2	sent	clair3
I2-HG003-40x-9-D0-PF-ILMN-NOVASEQ-sent-clair3-SNPts	SNPts	I2-HG003-40x-9-D0-PF-ILMN-NOVASEQ	2799325643.0	2797071103.0	3955.0	2250585.0	165993.0	0.9636172753503551	0.9982457618849078	0.9999406582301381	0.0686892788066431	0.9313107211933569	0.9313107211933569	HG003	ultima	-1	-2	sent	clair3
I2-HG003-40x-9-D0-PF-ILMN-NOVASEQ-sent-clair3-SNPtv	SNPtv	I2-HG003-40x-9-D0-PF-ILMN-NOVASEQ	2799325643.0	2798266357.0	2187.0	1057099.0	93363.0	0.956759775322797	0.9979354017706267	0.9999666365266292	0.08115261521023728	0.9188473847897627	0.9188473847897627	HG003	ultima	-1	-2	sent	clair3
I2-HG003-40x-9-D0-PF-ILMN-NOVASEQ-sent-clair3-INS_50	INS_50	I2-HG003-40x-9-D0-PF-ILMN-NOVASEQ	2799325643.0	2799161714.0	893.0	163036.0	26455.0	0.9226189802501273	0.9945525196884016	0.9999905490455079	0.13961085223044895	0.8603891477695511	0.8603891477695511	HG003	ultima	-1	-2	sent	clair3
I2-HG003-40x-9-D0-PF-ILMN-NOVASEQ-sent-clair3-INS_gt50	INS_gt50	I2-HG003-40x-9-D0-PF-ILMN-NOVASEQ	2799325643.0	2799325547.0	96.0	0.0	0.0		0.0	1.0				HG003	ultima	-1	-2	sent	clair3
I2-HG003-40x-9-D0-PF-ILMN-NOVASEQ-sent-clair3-DEL_50	DEL_50	I2-HG003-40x-9-D0-PF-ILMN-NOVASEQ	2799325643.0	2799148605.0	809.0	176229.0	34813.0	0.9082096474953618	0.9954303595838182	0.9999875631586783	0.164957686147781	0.8350423138522189	0.8350423138522189	HG003	ultima	-1	-2	sent	clair3
I2-HG003-40x-9-D0-PF-ILMN-NOVASEQ-sent-clair3-DEL_gt50	DEL_gt50	I2-HG003-40x-9-D0-PF-ILMN-NOVASEQ	2799325643.0	2799325554.0	88.0	1.0	24.0	0.017543859649122806	0.011235955056179775	0.9999999914265064	0.96	0.040000000000000036	0.04	HG003	ultima	-1	-2	sent	clair3
I2-HG003-40x-9-D0-PF-ILMN-NOVASEQ-sent-clair3-Indel_50	Indel_50	I2-HG003-40x-9-D0-PF-ILMN-NOVASEQ	2799325643.0	2799307983.0	26.0	17634.0	2784.0	0.9262041073585797	0.9985277463193658	0.9999990054694774	0.13635027916544226	0.8636497208345577	0.8636497208345577	HG003	ultima	-1	-2	sent	clair3
I2-HG003-40x-9-D0-PF-ILMN-NOVASEQ-sent-clair3-Indel_gt50	Indel_gt50	I2-HG003-40x-9-D0-PF-ILMN-NOVASEQ	2799325643.0	2799324701.0	17.0	925.0	417.0	0.8099824868651488	0.9819532908704883	0.9999998510355238	0.3107302533532042	0.6892697466467959	0.6892697466467959	HG003	ultima	-1	-2	sent	clair3
I2-HG003-40x-9-D0-PF-ILMN-NOVASEQ-sent-clair3-All	All	I2-HG003-40x-9-D0-PF-ILMN-NOVASEQ	2799325643.0	2795652063.0	8071.0	3665509.0	323849.0	0.9566850208105561	0.9978029605997419	0.9998841731795292	0.08117822466672582	0.9188217753332741	0.9188217753332741	HG003	ultima	-1	-2	sent	clair3
I2-HG003-40x-9-D0-PF-ILMN-NOVASEQ-sent-clair3-SNPts	SNPts	I2-HG003-40x-9-D0-PF-ILMN-NOVASEQ	2528531102.0	2526276120.0	11261.0	2243721.0	5961.0	0.9961768513700466	0.9950061685636515	0.9999976404060161	0.002649707825372653	0.9973502921746273	0.9973502921746273	HG003	giabHC	-1	-2	sent	clair3
I2-HG003-40x-9-D0-PF-ILMN-NOVASEQ-sent-clair3-SNPtv	SNPtv	I2-HG003-40x-9-D0-PF-ILMN-NOVASEQ	2528531102.0	2527458832.0	6000.0	1066270.0	2267.0	0.9961383721185516	0.9944043944155856	0.999999103052466	0.002121592420290547	0.9978784075797095	0.9978784075797095	HG003	giabHC	-1	-2	sent	clair3
I2-HG003-40x-9-D0-PF-ILMN-NOVASEQ-sent-clair3-INS_50	INS_50	I2-HG003-40x-9-D0-PF-ILMN-NOVASEQ	2528531102.0	2528302578.0	1389.0	227135.0	387.0	0.9961056560083851	0.9939218637867357	0.9999998469329011	0.0017009344151334815	0.9982990655848665	0.9982990655848665	HG003	giabHC	-1	-2	sent	clair3
I2-HG003-40x-9-D0-PF-ILMN-NOVASEQ-sent-clair3-INS_gt50	INS_gt50	I2-HG003-40x-9-D0-PF-ILMN-NOVASEQ	2528531102.0	2528531101.0	1.0	0.0	0.0		0.0	1.0				HG003	giabHC	-1	-2	sent	clair3
I2-HG003-40x-9-D0-PF-ILMN-NOVASEQ-sent-clair3-DEL_50	DEL_50	I2-HG003-40x-9-D0-PF-ILMN-NOVASEQ	2528531102.0	2528288469.0	862.0	241771.0	454.0	0.9972858032661109	0.9964473093107697	0.999999820431915	0.0018742904324491692	0.9981257095675509	0.9981257095675509	HG003	giabHC	-1	-2	sent	clair3
I2-HG003-40x-9-D0-PF-ILMN-NOVASEQ-sent-clair3-DEL_gt50	DEL_gt50	I2-HG003-40x-9-D0-PF-ILMN-NOVASEQ	2528531102.0	2528531102.0	0.0	0.0	0.0			1.0				HG003	giabHC	-1	-2	sent	clair3
I2-HG003-40x-9-D0-PF-ILMN-NOVASEQ-sent-clair3-Indel_50	Indel_50	I2-HG003-40x-9-D0-PF-ILMN-NOVASEQ	2528531102.0	2528498644.0	77.0	32381.0	12.0	0.9986276233211515	0.9976277034937457	0.9999999952541007	0.0003704504059519032	0.9996295495940482	0.9996295495940482	HG003	giabHC	-1	-2	sent	clair3
I2-HG003-40x-9-D0-PF-ILMN-NOVASEQ-sent-clair3-Indel_gt50	Indel_gt50	I2-HG003-40x-9-D0-PF-ILMN-NOVASEQ	2528531102.0	2528530637.0	7.0	458.0	1.0	0.9913419913419913	0.9849462365591398	0.9999999996045134	0.002178649237472767	0.9978213507625272	0.9978213507625272	HG003	giabHC	-1	-2	sent	clair3
I2-HG003-40x-9-D0-PF-ILMN-NOVASEQ-sent-clair3-All	All	I2-HG003-40x-9-D0-PF-ILMN-NOVASEQ	2528531102.0	2524699769.0	19597.0	3811736.0	9082.0	0.9962521649141528	0.9948850700265417	0.9999964027535309	0.0023769779141534614	0.9976230220858465	0.9976230220858465	HG003	giabHC	-1	-2	sent	clair3
I2-HG003-40x-9-D0-PF-ILMN-NOVASEQ-sent-clair3-SNPts	SNPts	I2-HG003-40x-9-D0-PF-ILMN-NOVASEQ	337668665.0	337403091.0	1816.0	263758.0	928.0	0.9948251801003282	0.9931619812180409	0.9999972495881858	0.003506041120421934	0.996493958879578	0.996493958879578	HG003	giabHC_x_clinvar_genes	-1	-2	sent	clair3
I2-HG003-40x-9-D0-PF-ILMN-NOVASEQ-sent-clair3-SNPtv	SNPtv	I2-HG003-40x-9-D0-PF-ILMN-NOVASEQ	337668665.0	337548348.0	899.0	119418.0	416.0	0.9945242784747929	0.992528071677319	0.999998767585474	0.003471468865263615	0.9965285311347364	0.9965285311347364	HG003	giabHC_x_clinvar_genes	-1	-2	sent	clair3
I2-HG003-40x-9-D0-PF-ILMN-NOVASEQ-sent-clair3-INS_50	INS_50	I2-HG003-40x-9-D0-PF-ILMN-NOVASEQ	337668665.0	337642406.0	218.0	26041.0	50.0	0.9948806112702961	0.9916980844662783	0.9999998519143576	0.0019163696293741136	0.9980836303706259	0.9980836303706259	HG003	giabHC_x_clinvar_genes	-1	-2	sent	clair3
I2-HG003-40x-9-D0-PF-ILMN-NOVASEQ-sent-clair3-INS_gt50	INS_gt50	I2-HG003-40x-9-D0-PF-ILMN-NOVASEQ	337668665.0	337668665.0	0.0	0.0	0.0			1.0				HG003	giabHC_x_clinvar_genes	-1	-2	sent	clair3
I2-HG003-40x-9-D0-PF-ILMN-NOVASEQ-sent-clair3-DEL_50	DEL_50	I2-HG003-40x-9-D0-PF-ILMN-NOVASEQ	337668665.0	337640753.0	137.0	27775.0	58.0	0.9965019284240738	0.995091716824305	0.9999998282198179	0.0020838572917040925	0.9979161427082959	0.9979161427082959	HG003	giabHC_x_clinvar_genes	-1	-2	sent	clair3
I2-HG003-40x-9-D0-PF-ILMN-NOVASEQ-sent-clair3-DEL_gt50	DEL_gt50	I2-HG003-40x-9-D0-PF-ILMN-NOVASEQ	337668665.0	337668665.0	0.0	0.0	0.0			1.0				HG003	giabHC_x_clinvar_genes	-1	-2	sent	clair3
I2-HG003-40x-9-D0-PF-ILMN-NOVASEQ-sent-clair3-Indel_50	Indel_50	I2-HG003-40x-9-D0-PF-ILMN-NOVASEQ	337668665.0	337665452.0	6.0	3207.0	2.0	0.9987542821550919	0.9981325863678805	0.9999999940769777	0.0006232471174820816	0.9993767528825179	0.9993767528825179	HG003	giabHC_x_clinvar_genes	-1	-2	sent	clair3
I2-HG003-40x-9-D0-PF-ILMN-NOVASEQ-sent-clair3-Indel_gt50	Indel_gt50	I2-HG003-40x-9-D0-PF-ILMN-NOVASEQ	337668665.0	337668621.0	0.0	44.0	0.0	1.0	1.0	1.0	0.0	1.0	1.0	HG003	giabHC_x_clinvar_genes	-1	-2	sent	clair3
I2-HG003-40x-9-D0-PF-ILMN-NOVASEQ-sent-clair3-All	All	I2-HG003-40x-9-D0-PF-ILMN-NOVASEQ	337668665.0	337225346.0	3076.0	440243.0	1454.0	0.994881448470988	0.9930614298056253	0.9999956883616604	0.003291849389966425	0.9967081506100336	0.9967081506100336	HG003	giabHC_x_clinvar_genes	-1	-2	sent	clair3
I2-HG003-40x-9-D0-PF-ILMN-NOVASEQ-sent-clair3-SNPts	SNPts	I2-HG003-40x-9-D0-PF-ILMN-NOVASEQ	2505355380.0	2503152102.0	3119.0	2200159.0	3470.0	0.9985048470503234	0.9985843819980955	0.999998613749765	0.0015746752289064992	0.9984253247710935	0.9984253247710935	HG003	giabHC_x_ultima	-1	-2	sent	clair3
I2-HG003-40x-9-D0-PF-ILMN-NOVASEQ-sent-clair3-SNPtv	SNPtv	I2-HG003-40x-9-D0-PF-ILMN-NOVASEQ	2505355380.0	2504320613.0	1707.0	1033060.0	1124.0	0.998631673732244	0.9983503532679338	0.9999995511758799	0.0010868472148089703	0.998913152785191	0.998913152785191	HG003	giabHC_x_ultima	-1	-2	sent	clair3
I2-HG003-40x-9-D0-PF-ILMN-NOVASEQ-sent-clair3-INS_50	INS_50	I2-HG003-40x-9-D0-PF-ILMN-NOVASEQ	2505355380.0	2505201734.0	505.0	153141.0	160.0	0.9978335022007057	0.9967132239042995	0.999999936132892	0.0010436983450858115	0.9989563016549142	0.9989563016549142	HG003	giabHC_x_ultima	-1	-2	sent	clair3
I2-HG003-40x-9-D0-PF-ILMN-NOVASEQ-sent-clair3-INS_gt50	INS_gt50	I2-HG003-40x-9-D0-PF-ILMN-NOVASEQ	2505355380.0	2505355380.0	0.0	0.0	0.0			1.0				HG003	giabHC_x_ultima	-1	-2	sent	clair3
I2-HG003-40x-9-D0-PF-ILMN-NOVASEQ-sent-clair3-DEL_50	DEL_50	I2-HG003-40x-9-D0-PF-ILMN-NOVASEQ	2505355380.0	2505190138.0	288.0	164954.0	235.0	0.9984172187234248	0.9982571017053775	0.9999999061947537	0.0014226128858459098	0.9985773871141541	0.9985773871141541	HG003	giabHC_x_ultima	-1	-2	sent	clair3
I2-HG003-40x-9-D0-PF-ILMN-NOVASEQ-sent-clair3-DEL_gt50	DEL_gt50	I2-HG003-40x-9-D0-PF-ILMN-NOVASEQ	2505355380.0	2505355380.0	0.0	0.0	0.0			1.0				HG003	giabHC_x_ultima	-1	-2	sent	clair3
I2-HG003-40x-9-D0-PF-ILMN-NOVASEQ-sent-clair3-Indel_50	Indel_50	I2-HG003-40x-9-D0-PF-ILMN-NOVASEQ	2505355380.0	2505341346.0	11.0	14023.0	1.0	0.9995723144914106	0.9992161892546673	0.9999999996008528	7.13063320022818e-05	0.9999286936679977	0.9999286936679977	HG003	giabHC_x_ultima	-1	-2	sent	clair3
I2-HG003-40x-9-D0-PF-ILMN-NOVASEQ-sent-clair3-Indel_gt50	Indel_gt50	I2-HG003-40x-9-D0-PF-ILMN-NOVASEQ	2505355380.0	2505355013.0	1.0	366.0	0.0	0.9986357435197818	0.997275204359673	1.0	0.0	1.0	1.0	HG003	giabHC_x_ultima	-1	-2	sent	clair3
I2-HG003-40x-9-D0-PF-ILMN-NOVASEQ-sent-clair3-All	All	I2-HG003-40x-9-D0-PF-ILMN-NOVASEQ	2505355380.0	2501784046.0	5631.0	3565703.0	4990.0	0.9985128871677466	0.998423278248408	0.999998005427345	0.0013974878265927651	0.9986025121734072	0.9986025121734072	HG003	giabHC_x_ultima	-1	-2	sent	clair3
I2-HG003-40x-9-D0-PF-ILMN-NOVASEQ-sent-clair3-SNPts	SNPts	I2-HG003-40x-9-D0-PF-ILMN-NOVASEQ	377862616.0	377589309.0	2357.0	270950.0	36959.0	0.9323556130595165	0.9913759984193599	0.9999021281008978	0.12003221731095876	0.8799677826890413	0.8799677826890412	HG003	clinvar_genes	-1	-2	sent	clair3
I2-HG003-40x-9-D0-PF-ILMN-NOVASEQ-sent-clair3-SNPtv	SNPtv	I2-HG003-40x-9-D0-PF-ILMN-NOVASEQ	377862616.0	377738172.0	1174.0	123270.0	22208.0	0.9133749749927756	0.9905660377358491	0.9999412114102596	0.15265538431927853	0.8473446156807215	0.8473446156807215	HG003	clinvar_genes	-1	-2	sent	clair3
I2-HG003-40x-9-D0-PF-ILMN-NOVASEQ-sent-clair3-INS_50	INS_50	I2-HG003-40x-9-D0-PF-ILMN-NOVASEQ	377862616.0	377833561.0	451.0	28604.0	17482.0	0.761342010353868	0.984477714679057	0.999953733090529	0.37933428807012975	0.6206657119298702	0.6206657119298702	HG003	clinvar_genes	-1	-2	sent	clair3
I2-HG003-40x-9-D0-PF-ILMN-NOVASEQ-sent-clair3-INS_gt50	INS_gt50	I2-HG003-40x-9-D0-PF-ILMN-NOVASEQ	377862616.0	377862586.0	30.0	0.0	0.0		0.0	1.0				HG003	clinvar_genes	-1	-2	sent	clair3
I2-HG003-40x-9-D0-PF-ILMN-NOVASEQ-sent-clair3-DEL_50	DEL_50	I2-HG003-40x-9-D0-PF-ILMN-NOVASEQ	377862616.0	377831895.0	312.0	30409.0	17446.0	0.7740022398696803	0.9898440805963348	0.9999538281581918	0.36455960714658864	0.6354403928534114	0.6354403928534114	HG003	clinvar_genes	-1	-2	sent	clair3
I2-HG003-40x-9-D0-PF-ILMN-NOVASEQ-sent-clair3-DEL_gt50	DEL_gt50	I2-HG003-40x-9-D0-PF-ILMN-NOVASEQ	377862616.0	377862598.0	18.0	0.0	6.0		0.0	0.9999999841212125	1.0	0.0	0.0	HG003	clinvar_genes	-1	-2	sent	clair3
I2-HG003-40x-9-D0-PF-ILMN-NOVASEQ-sent-clair3-Indel_50	Indel_50	I2-HG003-40x-9-D0-PF-ILMN-NOVASEQ	377862616.0	377858460.0	29.0	4127.0	4671.0	0.6371777057279606	0.9930221366698749	0.9999876383811577	0.5309161172993863	0.46908388270061374	0.4690838827006138	HG003	clinvar_genes	-1	-2	sent	clair3
I2-HG003-40x-9-D0-PF-ILMN-NOVASEQ-sent-clair3-Indel_gt50	Indel_gt50	I2-HG003-40x-9-D0-PF-ILMN-NOVASEQ	377862616.0	377862446.0	11.0	159.0	197.0	0.6045627376425856	0.9352941176470588	0.9999994786465303	0.5533707865168539	0.4466292134831461	0.44662921348314605	HG003	clinvar_genes	-1	-2	sent	clair3
I2-HG003-40x-9-D0-PF-ILMN-NOVASEQ-sent-clair3-All	All	I2-HG003-40x-9-D0-PF-ILMN-NOVASEQ	377862616.0	377400715.0	4382.0	457519.0	98969.0	0.8985152039152033	0.990513118611997	0.9997378302441176	0.1778457037707911	0.8221542962292089	0.8221542962292089	HG003	clinvar_genes	-1	-2	sent	clair3
I2-HG003-40x-9-D0-PF-ILMN-NOVASEQ-sent-oct-SNPts	SNPts	I2-HG003-40x-9-D0-PF-ILMN-NOVASEQ	2799325643.0	2797071917.0	2253726.0	0.0	0.0		0.0	1.0				HG003	ultima	-1	-2	sent	oct
I2-HG003-40x-9-D0-PF-ILMN-NOVASEQ-sent-oct-SNPtv	SNPtv	I2-HG003-40x-9-D0-PF-ILMN-NOVASEQ	2799325643.0	2798267435.0	1058208.0	0.0	0.0		0.0	1.0				HG003	ultima	-1	-2	sent	oct
I2-HG003-40x-9-D0-PF-ILMN-NOVASEQ-sent-oct-INS_50	INS_50	I2-HG003-40x-9-D0-PF-ILMN-NOVASEQ	2799325643.0	2799162256.0	163387.0	0.0	0.0		0.0	1.0				HG003	ultima	-1	-2	sent	oct
I2-HG003-40x-9-D0-PF-ILMN-NOVASEQ-sent-oct-INS_gt50	INS_gt50	I2-HG003-40x-9-D0-PF-ILMN-NOVASEQ	2799325643.0	2799325547.0	96.0	0.0	0.0		0.0	1.0				HG003	ultima	-1	-2	sent	oct
I2-HG003-40x-9-D0-PF-ILMN-NOVASEQ-sent-oct-DEL_50	DEL_50	I2-HG003-40x-9-D0-PF-ILMN-NOVASEQ	2799325643.0	2799148871.0	176772.0	0.0	0.0		0.0	1.0				HG003	ultima	-1	-2	sent	oct
I2-HG003-40x-9-D0-PF-ILMN-NOVASEQ-sent-oct-DEL_gt50	DEL_gt50	I2-HG003-40x-9-D0-PF-ILMN-NOVASEQ	2799325643.0	2799325554.0	89.0	0.0	0.0		0.0	1.0				HG003	ultima	-1	-2	sent	oct
I2-HG003-40x-9-D0-PF-ILMN-NOVASEQ-sent-oct-Indel_50	Indel_50	I2-HG003-40x-9-D0-PF-ILMN-NOVASEQ	2799325643.0	2799308017.0	17626.0	0.0	0.0		0.0	1.0				HG003	ultima	-1	-2	sent	oct
I2-HG003-40x-9-D0-PF-ILMN-NOVASEQ-sent-oct-Indel_gt50	Indel_gt50	I2-HG003-40x-9-D0-PF-ILMN-NOVASEQ	2799325643.0	2799324685.0	958.0	0.0	0.0		0.0	1.0				HG003	ultima	-1	-2	sent	oct
I2-HG003-40x-9-D0-PF-ILMN-NOVASEQ-sent-oct-All	All	I2-HG003-40x-9-D0-PF-ILMN-NOVASEQ	2799325643.0	2795654781.0	3670862.0	0.0	0.0		0.0	1.0				HG003	ultima	-1	-2	sent	oct
I2-HG003-40x-9-D0-PF-ILMN-NOVASEQ-sent-oct-SNPts	SNPts	I2-HG003-40x-9-D0-PF-ILMN-NOVASEQ	688815815.0	688747871.0	67944.0	0.0	0.0		0.0	1.0				HG003	hg38_m_giabHC	-1	-2	sent	oct
I2-HG003-40x-9-D0-PF-ILMN-NOVASEQ-sent-oct-SNPtv	SNPtv	I2-HG003-40x-9-D0-PF-ILMN-NOVASEQ	688815815.0	688780713.0	35102.0	0.0	0.0		0.0	1.0				HG003	hg38_m_giabHC	-1	-2	sent	oct
I2-HG003-40x-9-D0-PF-ILMN-NOVASEQ-sent-oct-INS_50	INS_50	I2-HG003-40x-9-D0-PF-ILMN-NOVASEQ	688815815.0	688789149.0	26666.0	0.0	0.0		0.0	1.0				HG003	hg38_m_giabHC	-1	-2	sent	oct
I2-HG003-40x-9-D0-PF-ILMN-NOVASEQ-sent-oct-INS_gt50	INS_gt50	I2-HG003-40x-9-D0-PF-ILMN-NOVASEQ	688815815.0	688815578.0	237.0	0.0	0.0		0.0	1.0				HG003	hg38_m_giabHC	-1	-2	sent	oct
I2-HG003-40x-9-D0-PF-ILMN-NOVASEQ-sent-oct-DEL_50	DEL_50	I2-HG003-40x-9-D0-PF-ILMN-NOVASEQ	688815815.0	688789247.0	26568.0	0.0	0.0		0.0	1.0				HG003	hg38_m_giabHC	-1	-2	sent	oct
I2-HG003-40x-9-D0-PF-ILMN-NOVASEQ-sent-oct-DEL_gt50	DEL_gt50	I2-HG003-40x-9-D0-PF-ILMN-NOVASEQ	688815815.0	688815677.0	138.0	0.0	0.0		0.0	1.0				HG003	hg38_m_giabHC	-1	-2	sent	oct
I2-HG003-40x-9-D0-PF-ILMN-NOVASEQ-sent-oct-Indel_50	Indel_50	I2-HG003-40x-9-D0-PF-ILMN-NOVASEQ	688815815.0	688805722.0	10093.0	0.0	0.0		0.0	1.0				HG003	hg38_m_giabHC	-1	-2	sent	oct
I2-HG003-40x-9-D0-PF-ILMN-NOVASEQ-sent-oct-Indel_gt50	Indel_gt50	I2-HG003-40x-9-D0-PF-ILMN-NOVASEQ	688815815.0	688814581.0	1234.0	0.0	0.0		0.0	1.0				HG003	hg38_m_giabHC	-1	-2	sent	oct
I2-HG003-40x-9-D0-PF-ILMN-NOVASEQ-sent-oct-All	All	I2-HG003-40x-9-D0-PF-ILMN-NOVASEQ	688815815.0	688647833.0	167982.0	0.0	0.0		0.0	1.0				HG003	hg38_m_giabHC	-1	-2	sent	oct
I2-HG003-40x-9-D0-PF-ILMN-NOVASEQ-sent-oct-SNPts	SNPts	I2-HG003-40x-9-D0-PF-ILMN-NOVASEQ	332544085.0	332287314.0	256771.0	0.0	0.0		0.0	1.0				HG003	giabHC_x_ultima_x_clinvar	-1	-2	sent	oct
I2-HG003-40x-9-D0-PF-ILMN-NOVASEQ-sent-oct-SNPtv	SNPtv	I2-HG003-40x-9-D0-PF-ILMN-NOVASEQ	332544085.0	332429541.0	114544.0	0.0	0.0		0.0	1.0				HG003	giabHC_x_ultima_x_clinvar	-1	-2	sent	oct
I2-HG003-40x-9-D0-PF-ILMN-NOVASEQ-sent-oct-INS_50	INS_50	I2-HG003-40x-9-D0-PF-ILMN-NOVASEQ	332544085.0	332526629.0	17456.0	0.0	0.0		0.0	1.0				HG003	giabHC_x_ultima_x_clinvar	-1	-2	sent	oct
I2-HG003-40x-9-D0-PF-ILMN-NOVASEQ-sent-oct-INS_gt50	INS_gt50	I2-HG003-40x-9-D0-PF-ILMN-NOVASEQ	332544085.0	332544085.0	0.0	0.0	0.0			1.0				HG003	giabHC_x_ultima_x_clinvar	-1	-2	sent	oct
I2-HG003-40x-9-D0-PF-ILMN-NOVASEQ-sent-oct-DEL_50	DEL_50	I2-HG003-40x-9-D0-PF-ILMN-NOVASEQ	332544085.0	332525184.0	18901.0	0.0	0.0		0.0	1.0				HG003	giabHC_x_ultima_x_clinvar	-1	-2	sent	oct
I2-HG003-40x-9-D0-PF-ILMN-NOVASEQ-sent-oct-DEL_gt50	DEL_gt50	I2-HG003-40x-9-D0-PF-ILMN-NOVASEQ	332544085.0	332544085.0	0.0	0.0	0.0			1.0				HG003	giabHC_x_ultima_x_clinvar	-1	-2	sent	oct
I2-HG003-40x-9-D0-PF-ILMN-NOVASEQ-sent-oct-Indel_50	Indel_50	I2-HG003-40x-9-D0-PF-ILMN-NOVASEQ	332544085.0	332542784.0	1301.0	0.0	0.0		0.0	1.0				HG003	giabHC_x_ultima_x_clinvar	-1	-2	sent	oct
I2-HG003-40x-9-D0-PF-ILMN-NOVASEQ-sent-oct-Indel_gt50	Indel_gt50	I2-HG003-40x-9-D0-PF-ILMN-NOVASEQ	332544085.0	332544054.0	31.0	0.0	0.0		0.0	1.0				HG003	giabHC_x_ultima_x_clinvar	-1	-2	sent	oct
I2-HG003-40x-9-D0-PF-ILMN-NOVASEQ-sent-oct-All	All	I2-HG003-40x-9-D0-PF-ILMN-NOVASEQ	332544085.0	332135081.0	409004.0	0.0	0.0		0.0	1.0				HG003	giabHC_x_ultima_x_clinvar	-1	-2	sent	oct
I2-HG003-40x-9-D0-PF-ILMN-NOVASEQ-sent-oct-SNPts	SNPts	I2-HG003-40x-9-D0-PF-ILMN-NOVASEQ	337668665.0	337403108.0	265557.0	0.0	0.0		0.0	1.0				HG003	giabHC_x_clinvar_genes	-1	-2	sent	oct
I2-HG003-40x-9-D0-PF-ILMN-NOVASEQ-sent-oct-SNPtv	SNPtv	I2-HG003-40x-9-D0-PF-ILMN-NOVASEQ	337668665.0	337548418.0	120247.0	0.0	0.0		0.0	1.0				HG003	giabHC_x_clinvar_genes	-1	-2	sent	oct
I2-HG003-40x-9-D0-PF-ILMN-NOVASEQ-sent-oct-INS_50	INS_50	I2-HG003-40x-9-D0-PF-ILMN-NOVASEQ	337668665.0	337642389.0	26276.0	0.0	0.0		0.0	1.0				HG003	giabHC_x_clinvar_genes	-1	-2	sent	oct
I2-HG003-40x-9-D0-PF-ILMN-NOVASEQ-sent-oct-INS_gt50	INS_gt50	I2-HG003-40x-9-D0-PF-ILMN-NOVASEQ	337668665.0	337668665.0	0.0	0.0	0.0			1.0				HG003	giabHC_x_clinvar_genes	-1	-2	sent	oct
I2-HG003-40x-9-D0-PF-ILMN-NOVASEQ-sent-oct-DEL_50	DEL_50	I2-HG003-40x-9-D0-PF-ILMN-NOVASEQ	337668665.0	337640749.0	27916.0	0.0	0.0		0.0	1.0				HG003	giabHC_x_clinvar_genes	-1	-2	sent	oct
I2-HG003-40x-9-D0-PF-ILMN-NOVASEQ-sent-oct-DEL_gt50	DEL_gt50	I2-HG003-40x-9-D0-PF-ILMN-NOVASEQ	337668665.0	337668665.0	0.0	0.0	0.0			1.0				HG003	giabHC_x_clinvar_genes	-1	-2	sent	oct
I2-HG003-40x-9-D0-PF-ILMN-NOVASEQ-sent-oct-Indel_50	Indel_50	I2-HG003-40x-9-D0-PF-ILMN-NOVASEQ	337668665.0	337665452.0	3213.0	0.0	0.0		0.0	1.0				HG003	giabHC_x_clinvar_genes	-1	-2	sent	oct
I2-HG003-40x-9-D0-PF-ILMN-NOVASEQ-sent-oct-Indel_gt50	Indel_gt50	I2-HG003-40x-9-D0-PF-ILMN-NOVASEQ	337668665.0	337668619.0	46.0	0.0	0.0		0.0	1.0				HG003	giabHC_x_clinvar_genes	-1	-2	sent	oct
I2-HG003-40x-9-D0-PF-ILMN-NOVASEQ-sent-oct-All	All	I2-HG003-40x-9-D0-PF-ILMN-NOVASEQ	337668665.0	337225410.0	443255.0	0.0	0.0		0.0	1.0				HG003	giabHC_x_clinvar_genes	-1	-2	sent	oct
I2-HG003-40x-9-D0-PF-ILMN-NOVASEQ-sent-oct-SNPts	SNPts	I2-HG003-40x-9-D0-PF-ILMN-NOVASEQ	377862616.0	377589389.0	273227.0	0.0	0.0		0.0	1.0				HG003	clinvar_genes	-1	-2	sent	oct
I2-HG003-40x-9-D0-PF-ILMN-NOVASEQ-sent-oct-SNPtv	SNPtv	I2-HG003-40x-9-D0-PF-ILMN-NOVASEQ	377862616.0	377738293.0	124323.0	0.0	0.0		0.0	1.0				HG003	clinvar_genes	-1	-2	sent	oct
I2-HG003-40x-9-D0-PF-ILMN-NOVASEQ-sent-oct-INS_50	INS_50	I2-HG003-40x-9-D0-PF-ILMN-NOVASEQ	377862616.0	377833542.0	29074.0	0.0	0.0		0.0	1.0				HG003	clinvar_genes	-1	-2	sent	oct
I2-HG003-40x-9-D0-PF-ILMN-NOVASEQ-sent-oct-INS_gt50	INS_gt50	I2-HG003-40x-9-D0-PF-ILMN-NOVASEQ	377862616.0	377862586.0	30.0	0.0	0.0		0.0	1.0				HG003	clinvar_genes	-1	-2	sent	oct
I2-HG003-40x-9-D0-PF-ILMN-NOVASEQ-sent-oct-DEL_50	DEL_50	I2-HG003-40x-9-D0-PF-ILMN-NOVASEQ	377862616.0	377831914.0	30702.0	0.0	0.0		0.0	1.0				HG003	clinvar_genes	-1	-2	sent	oct
I2-HG003-40x-9-D0-PF-ILMN-NOVASEQ-sent-oct-DEL_gt50	DEL_gt50	I2-HG003-40x-9-D0-PF-ILMN-NOVASEQ	377862616.0	377862598.0	18.0	0.0	0.0		0.0	1.0				HG003	clinvar_genes	-1	-2	sent	oct
I2-HG003-40x-9-D0-PF-ILMN-NOVASEQ-sent-oct-Indel_50	Indel_50	I2-HG003-40x-9-D0-PF-ILMN-NOVASEQ	377862616.0	377858426.0	4190.0	0.0	0.0		0.0	1.0				HG003	clinvar_genes	-1	-2	sent	oct
I2-HG003-40x-9-D0-PF-ILMN-NOVASEQ-sent-oct-Indel_gt50	Indel_gt50	I2-HG003-40x-9-D0-PF-ILMN-NOVASEQ	377862616.0	377862434.0	182.0	0.0	0.0		0.0	1.0				HG003	clinvar_genes	-1	-2	sent	oct
I2-HG003-40x-9-D0-PF-ILMN-NOVASEQ-sent-oct-All	All	I2-HG003-40x-9-D0-PF-ILMN-NOVASEQ	377862616.0	377400870.0	461746.0	0.0	0.0		0.0	1.0				HG003	clinvar_genes	-1	-2	sent	oct
I2-HG003-40x-9-D0-PF-ILMN-NOVASEQ-sent-oct-SNPts	SNPts	I2-HG003-40x-9-D0-PF-ILMN-NOVASEQ	2528531102.0	2526276332.0	2254770.0	0.0	0.0		0.0	1.0				HG003	giabHC	-1	-2	sent	oct
I2-HG003-40x-9-D0-PF-ILMN-NOVASEQ-sent-oct-SNPtv	SNPtv	I2-HG003-40x-9-D0-PF-ILMN-NOVASEQ	2528531102.0	2527459430.0	1071672.0	0.0	0.0		0.0	1.0				HG003	giabHC	-1	-2	sent	oct
I2-HG003-40x-9-D0-PF-ILMN-NOVASEQ-sent-oct-INS_50	INS_50	I2-HG003-40x-9-D0-PF-ILMN-NOVASEQ	2528531102.0	2528302362.0	228740.0	0.0	0.0		0.0	1.0				HG003	giabHC	-1	-2	sent	oct
I2-HG003-40x-9-D0-PF-ILMN-NOVASEQ-sent-oct-INS_gt50	INS_gt50	I2-HG003-40x-9-D0-PF-ILMN-NOVASEQ	2528531102.0	2528531101.0	1.0	0.0	0.0		0.0	1.0				HG003	giabHC	-1	-2	sent	oct
I2-HG003-40x-9-D0-PF-ILMN-NOVASEQ-sent-oct-DEL_50	DEL_50	I2-HG003-40x-9-D0-PF-ILMN-NOVASEQ	2528531102.0	2528288385.0	242717.0	0.0	0.0		0.0	1.0				HG003	giabHC	-1	-2	sent	oct
I2-HG003-40x-9-D0-PF-ILMN-NOVASEQ-sent-oct-DEL_gt50	DEL_gt50	I2-HG003-40x-9-D0-PF-ILMN-NOVASEQ	2528531102.0	2528531102.0	0.0	0.0	0.0			1.0				HG003	giabHC	-1	-2	sent	oct
I2-HG003-40x-9-D0-PF-ILMN-NOVASEQ-sent-oct-Indel_50	Indel_50	I2-HG003-40x-9-D0-PF-ILMN-NOVASEQ	2528531102.0	2528498607.0	32495.0	0.0	0.0		0.0	1.0				HG003	giabHC	-1	-2	sent	oct
I2-HG003-40x-9-D0-PF-ILMN-NOVASEQ-sent-oct-Indel_gt50	Indel_gt50	I2-HG003-40x-9-D0-PF-ILMN-NOVASEQ	2528531102.0	2528530634.0	468.0	0.0	0.0		0.0	1.0				HG003	giabHC	-1	-2	sent	oct
I2-HG003-40x-9-D0-PF-ILMN-NOVASEQ-sent-oct-All	All	I2-HG003-40x-9-D0-PF-ILMN-NOVASEQ	2528531102.0	2524700239.0	3830863.0	0.0	0.0		0.0	1.0				HG003	giabHC	-1	-2	sent	oct
I2-HG003-40x-9-D0-PF-ILMN-NOVASEQ-sent-oct-SNPts	SNPts	I2-HG003-40x-9-D0-PF-ILMN-NOVASEQ	2505355380.0	2503152670.0	2202710.0	0.0	0.0		0.0	1.0				HG003	giabHC_x_ultima	-1	-2	sent	oct
I2-HG003-40x-9-D0-PF-ILMN-NOVASEQ-sent-oct-SNPtv	SNPtv	I2-HG003-40x-9-D0-PF-ILMN-NOVASEQ	2505355380.0	2504321399.0	1033981.0	0.0	0.0		0.0	1.0				HG003	giabHC_x_ultima	-1	-2	sent	oct
I2-HG003-40x-9-D0-PF-ILMN-NOVASEQ-sent-oct-INS_50	INS_50	I2-HG003-40x-9-D0-PF-ILMN-NOVASEQ	2505355380.0	2505202001.0	153379.0	0.0	0.0		0.0	1.0				HG003	giabHC_x_ultima	-1	-2	sent	oct
I2-HG003-40x-9-D0-PF-ILMN-NOVASEQ-sent-oct-INS_gt50	INS_gt50	I2-HG003-40x-9-D0-PF-ILMN-NOVASEQ	2505355380.0	2505355380.0	0.0	0.0	0.0			1.0				HG003	giabHC_x_ultima	-1	-2	sent	oct
I2-HG003-40x-9-D0-PF-ILMN-NOVASEQ-sent-oct-DEL_50	DEL_50	I2-HG003-40x-9-D0-PF-ILMN-NOVASEQ	2505355380.0	2505190289.0	165091.0	0.0	0.0		0.0	1.0				HG003	giabHC_x_ultima	-1	-2	sent	oct
I2-HG003-40x-9-D0-PF-ILMN-NOVASEQ-sent-oct-DEL_gt50	DEL_gt50	I2-HG003-40x-9-D0-PF-ILMN-NOVASEQ	2505355380.0	2505355380.0	0.0	0.0	0.0			1.0				HG003	giabHC_x_ultima	-1	-2	sent	oct
I2-HG003-40x-9-D0-PF-ILMN-NOVASEQ-sent-oct-Indel_50	Indel_50	I2-HG003-40x-9-D0-PF-ILMN-NOVASEQ	2505355380.0	2505341371.0	14009.0	0.0	0.0		0.0	1.0				HG003	giabHC_x_ultima	-1	-2	sent	oct
I2-HG003-40x-9-D0-PF-ILMN-NOVASEQ-sent-oct-Indel_gt50	Indel_gt50	I2-HG003-40x-9-D0-PF-ILMN-NOVASEQ	2505355380.0	2505355013.0	367.0	0.0	0.0		0.0	1.0				HG003	giabHC_x_ultima	-1	-2	sent	oct
I2-HG003-40x-9-D0-PF-ILMN-NOVASEQ-sent-oct-All	All	I2-HG003-40x-9-D0-PF-ILMN-NOVASEQ	2505355380.0	2501785843.0	3569537.0	0.0	0.0		0.0	1.0				HG003	giabHC_x_ultima	-1	-2	sent	oct
I2-HG003-40x-9-D0-PF-ILMN-NOVASEQ-sent-oct-SNPts	SNPts	I2-HG003-40x-9-D0-PF-ILMN-NOVASEQ	3088286401.0	3085963687.0	2322714.0	0.0	0.0		0.0	1.0				HG003	hg38	-1	-2	sent	oct
I2-HG003-40x-9-D0-PF-ILMN-NOVASEQ-sent-oct-SNPtv	SNPtv	I2-HG003-40x-9-D0-PF-ILMN-NOVASEQ	3088286401.0	3087179627.0	1106774.0	0.0	0.0		0.0	1.0				HG003	hg38	-1	-2	sent	oct
I2-HG003-40x-9-D0-PF-ILMN-NOVASEQ-sent-oct-INS_50	INS_50	I2-HG003-40x-9-D0-PF-ILMN-NOVASEQ	3088286401.0	3088030915.0	255486.0	0.0	0.0		0.0	1.0				HG003	hg38	-1	-2	sent	oct
I2-HG003-40x-9-D0-PF-ILMN-NOVASEQ-sent-oct-INS_gt50	INS_gt50	I2-HG003-40x-9-D0-PF-ILMN-NOVASEQ	3088286401.0	3088286163.0	238.0	0.0	0.0		0.0	1.0				HG003	hg38	-1	-2	sent	oct
I2-HG003-40x-9-D0-PF-ILMN-NOVASEQ-sent-oct-DEL_50	DEL_50	I2-HG003-40x-9-D0-PF-ILMN-NOVASEQ	3088286401.0	3088017307.0	269094.0	0.0	0.0		0.0	1.0				HG003	hg38	-1	-2	sent	oct
I2-HG003-40x-9-D0-PF-ILMN-NOVASEQ-sent-oct-DEL_gt50	DEL_gt50	I2-HG003-40x-9-D0-PF-ILMN-NOVASEQ	3088286401.0	3088286263.0	138.0	0.0	0.0		0.0	1.0				HG003	hg38	-1	-2	sent	oct
I2-HG003-40x-9-D0-PF-ILMN-NOVASEQ-sent-oct-Indel_50	Indel_50	I2-HG003-40x-9-D0-PF-ILMN-NOVASEQ	3088286401.0	3088243814.0	42587.0	0.0	0.0		0.0	1.0				HG003	hg38	-1	-2	sent	oct
I2-HG003-40x-9-D0-PF-ILMN-NOVASEQ-sent-oct-Indel_gt50	Indel_gt50	I2-HG003-40x-9-D0-PF-ILMN-NOVASEQ	3088286401.0	3088284701.0	1700.0	0.0	0.0		0.0	1.0				HG003	hg38	-1	-2	sent	oct
I2-HG003-40x-9-D0-PF-ILMN-NOVASEQ-sent-oct-All	All	I2-HG003-40x-9-D0-PF-ILMN-NOVASEQ	3088286401.0	3084287670.0	3998731.0	0.0	0.0		0.0	1.0				HG003	hg38	-1	-2	sent	oct
I2-HG003-5x-3-D0-PF-ILMN-NOVASEQ-sent-clair3-SNPts	SNPts	I2-HG003-5x-3-D0-PF-ILMN-NOVASEQ	337668665.0	337403053.0	18863.0	246749.0	105994.0	0.7980820079080787	0.928982877279641	0.9996859521220478	0.30048505569210443	0.6995149443078956	0.6995149443078955	HG003	giabHC_x_clinvar_genes	-1	-2	sent	clair3
I2-HG003-5x-3-D0-PF-ILMN-NOVASEQ-sent-clair3-SNPtv	SNPtv	I2-HG003-5x-3-D0-PF-ILMN-NOVASEQ	337668665.0	337548357.0	10048.0	110260.0	20515.0	0.8782753113512265	0.9164810320178209	0.9999392272164241	0.15687249091951827	0.8431275090804817	0.8431275090804817	HG003	giabHC_x_clinvar_genes	-1	-2	sent	clair3
I2-HG003-5x-3-D0-PF-ILMN-NOVASEQ-sent-clair3-INS_50	INS_50	I2-HG003-5x-3-D0-PF-ILMN-NOVASEQ	337668665.0	337642300.0	3463.0	22902.0	2037.0	0.8927958833619211	0.8686516214678551	0.999993967024538	0.08167929748586551	0.9183207025141344	0.9183207025141344	HG003	giabHC_x_clinvar_genes	-1	-2	sent	clair3
I2-HG003-5x-3-D0-PF-ILMN-NOVASEQ-sent-clair3-INS_gt50	INS_gt50	I2-HG003-5x-3-D0-PF-ILMN-NOVASEQ	337668665.0	337668665.0	0.0	0.0	0.0			1.0				HG003	giabHC_x_clinvar_genes	-1	-2	sent	clair3
I2-HG003-5x-3-D0-PF-ILMN-NOVASEQ-sent-clair3-DEL_50	DEL_50	I2-HG003-5x-3-D0-PF-ILMN-NOVASEQ	337668665.0	337640557.0	3300.0	24808.0	2359.0	0.8976209859791949	0.8825957022911627	0.9999930133289099	0.08683329038907497	0.913166709610925	0.913166709610925	HG003	giabHC_x_clinvar_genes	-1	-2	sent	clair3
I2-HG003-5x-3-D0-PF-ILMN-NOVASEQ-sent-clair3-DEL_gt50	DEL_gt50	I2-HG003-5x-3-D0-PF-ILMN-NOVASEQ	337668665.0	337668665.0	0.0	0.0	0.0			1.0				HG003	giabHC_x_clinvar_genes	-1	-2	sent	clair3
I2-HG003-5x-3-D0-PF-ILMN-NOVASEQ-sent-clair3-Indel_50	Indel_50	I2-HG003-5x-3-D0-PF-ILMN-NOVASEQ	337668665.0	337665752.0	466.0	2447.0	17.0	0.9101729588990144	0.8400274630964641	0.9999999496543578	0.006899350649350649	0.9931006493506493	0.9931006493506493	HG003	giabHC_x_clinvar_genes	-1	-2	sent	clair3
I2-HG003-5x-3-D0-PF-ILMN-NOVASEQ-sent-clair3-Indel_gt50	Indel_gt50	I2-HG003-5x-3-D0-PF-ILMN-NOVASEQ	337668665.0	337668625.0	18.0	22.0	0.0	0.7096774193548387	0.55	1.0	0.0	1.0	1.0	HG003	giabHC_x_clinvar_genes	-1	-2	sent	clair3
I2-HG003-5x-3-D0-PF-ILMN-NOVASEQ-sent-clair3-All	All	I2-HG003-5x-3-D0-PF-ILMN-NOVASEQ	337668665.0	337225319.0	36158.0	407188.0	130922.0	0.8297631274351576	0.9184429317057107	0.9996119176582834	0.24329969708795599	0.756700302912044	0.756700302912044	HG003	giabHC_x_clinvar_genes	-1	-2	sent	clair3
I2-HG003-5x-3-D0-PF-ILMN-NOVASEQ-sent-clair3-SNPts	SNPts	I2-HG003-5x-3-D0-PF-ILMN-NOVASEQ			188042.0	0.0	0.0		0.0					HG003	hg38	-1	-2	sent	clair3
I2-HG003-5x-3-D0-PF-ILMN-NOVASEQ-sent-clair3-SNPtv	SNPtv	I2-HG003-5x-3-D0-PF-ILMN-NOVASEQ			104945.0	0.0	0.0		0.0					HG003	hg38	-1	-2	sent	clair3
I2-HG003-5x-3-D0-PF-ILMN-NOVASEQ-sent-clair3-INS_50	INS_50	I2-HG003-5x-3-D0-PF-ILMN-NOVASEQ			40783.0	0.0	0.0		0.0					HG003	hg38	-1	-2	sent	clair3
I2-HG003-5x-3-D0-PF-ILMN-NOVASEQ-sent-clair3-INS_gt50	INS_gt50	I2-HG003-5x-3-D0-PF-ILMN-NOVASEQ			238.0	0.0	0.0		0.0					HG003	hg38	-1	-2	sent	clair3
I2-HG003-5x-3-D0-PF-ILMN-NOVASEQ-sent-clair3-DEL_50	DEL_50	I2-HG003-5x-3-D0-PF-ILMN-NOVASEQ			38154.0	0.0	0.0		0.0					HG003	hg38	-1	-2	sent	clair3
I2-HG003-5x-3-D0-PF-ILMN-NOVASEQ-sent-clair3-DEL_gt50	DEL_gt50	I2-HG003-5x-3-D0-PF-ILMN-NOVASEQ			138.0	0.0	0.0		0.0					HG003	hg38	-1	-2	sent	clair3
I2-HG003-5x-3-D0-PF-ILMN-NOVASEQ-sent-clair3-Indel_50	Indel_50	I2-HG003-5x-3-D0-PF-ILMN-NOVASEQ			7716.0	0.0	0.0		0.0					HG003	hg38	-1	-2	sent	clair3
I2-HG003-5x-3-D0-PF-ILMN-NOVASEQ-sent-clair3-Indel_gt50	Indel_gt50	I2-HG003-5x-3-D0-PF-ILMN-NOVASEQ			604.0	0.0	0.0		0.0					HG003	hg38	-1	-2	sent	clair3
I2-HG003-5x-3-D0-PF-ILMN-NOVASEQ-sent-clair3-All	All	I2-HG003-5x-3-D0-PF-ILMN-NOVASEQ	3088286401.0	3087905781.0	380620.0	0.0	0.0		0.0	1.0				HG003	hg38	-1	-2	sent	clair3
I2-HG003-5x-3-D0-PF-ILMN-NOVASEQ-sent-clair3-SNPts	SNPts	I2-HG003-5x-3-D0-PF-ILMN-NOVASEQ			176700.0	0.0	0.0		0.0					HG003	giabHC	-1	-2	sent	clair3
I2-HG003-5x-3-D0-PF-ILMN-NOVASEQ-sent-clair3-SNPtv	SNPtv	I2-HG003-5x-3-D0-PF-ILMN-NOVASEQ			98423.0	0.0	0.0		0.0					HG003	giabHC	-1	-2	sent	clair3
I2-HG003-5x-3-D0-PF-ILMN-NOVASEQ-sent-clair3-INS_50	INS_50	I2-HG003-5x-3-D0-PF-ILMN-NOVASEQ			32320.0	0.0	0.0		0.0					HG003	giabHC	-1	-2	sent	clair3
I2-HG003-5x-3-D0-PF-ILMN-NOVASEQ-sent-clair3-INS_gt50	INS_gt50	I2-HG003-5x-3-D0-PF-ILMN-NOVASEQ			1.0	0.0	0.0		0.0					HG003	giabHC	-1	-2	sent	clair3
I2-HG003-5x-3-D0-PF-ILMN-NOVASEQ-sent-clair3-DEL_50	DEL_50	I2-HG003-5x-3-D0-PF-ILMN-NOVASEQ			30972.0	0.0	0.0		0.0					HG003	giabHC	-1	-2	sent	clair3
I2-HG003-5x-3-D0-PF-ILMN-NOVASEQ-sent-clair3-DEL_gt50	DEL_gt50	I2-HG003-5x-3-D0-PF-ILMN-NOVASEQ			0.0	0.0	0.0							HG003	giabHC	-1	-2	sent	clair3
I2-HG003-5x-3-D0-PF-ILMN-NOVASEQ-sent-clair3-Indel_50	Indel_50	I2-HG003-5x-3-D0-PF-ILMN-NOVASEQ			5124.0	0.0	0.0		0.0					HG003	giabHC	-1	-2	sent	clair3
I2-HG003-5x-3-D0-PF-ILMN-NOVASEQ-sent-clair3-Indel_gt50	Indel_gt50	I2-HG003-5x-3-D0-PF-ILMN-NOVASEQ			149.0	0.0	0.0		0.0					HG003	giabHC	-1	-2	sent	clair3
I2-HG003-5x-3-D0-PF-ILMN-NOVASEQ-sent-clair3-All	All	I2-HG003-5x-3-D0-PF-ILMN-NOVASEQ	2528531102.0	2528187413.0	343689.0	0.0	0.0		0.0	1.0				HG003	giabHC	-1	-2	sent	clair3
I2-HG003-5x-3-D0-PF-ILMN-NOVASEQ-sent-clair3-SNPts	SNPts	I2-HG003-5x-3-D0-PF-ILMN-NOVASEQ	332544085.0	332287201.0	16273.0	240611.0	100748.0	0.8043921951447823	0.9366523411345199	0.9996968963516785	0.2951379632586221	0.7048620367413778	0.7048620367413778	HG003	giabHC_x_ultima_x_clinvar	-1	-2	sent	clair3
I2-HG003-5x-3-D0-PF-ILMN-NOVASEQ-sent-clair3-SNPtv	SNPtv	I2-HG003-5x-3-D0-PF-ILMN-NOVASEQ	332544085.0	332429437.0	8698.0	105950.0	19506.0	0.8825342351647619	0.9241329983950876	0.9999413263287169	0.15548080601964034	0.8445191939803597	0.8445191939803597	HG003	giabHC_x_ultima_x_clinvar	-1	-2	sent	clair3
I2-HG003-5x-3-D0-PF-ILMN-NOVASEQ-sent-clair3-INS_50	INS_50	I2-HG003-5x-3-D0-PF-ILMN-NOVASEQ	332544085.0	332526573.0	1929.0	15583.0	875.0	0.917456579334707	0.889846962083143	0.9999973686382725	0.053165633734354116	0.9468343662656459	0.9468343662656459	HG003	giabHC_x_ultima_x_clinvar	-1	-2	sent	clair3
I2-HG003-5x-3-D0-PF-ILMN-NOVASEQ-sent-clair3-INS_gt50	INS_gt50	I2-HG003-5x-3-D0-PF-ILMN-NOVASEQ	332544085.0	332544085.0	0.0	0.0	0.0			1.0				HG003	giabHC_x_ultima_x_clinvar	-1	-2	sent	clair3
I2-HG003-5x-3-D0-PF-ILMN-NOVASEQ-sent-clair3-DEL_50	DEL_50	I2-HG003-5x-3-D0-PF-ILMN-NOVASEQ	332544085.0	332525019.0	1974.0	17092.0	1249.0	0.9138396556794184	0.8964649113605371	0.9999962439057597	0.068098795049343	0.931901204950657	0.931901204950657	HG003	giabHC_x_ultima_x_clinvar	-1	-2	sent	clair3
I2-HG003-5x-3-D0-PF-ILMN-NOVASEQ-sent-clair3-DEL_gt50	DEL_gt50	I2-HG003-5x-3-D0-PF-ILMN-NOVASEQ	332544085.0	332544085.0	0.0	0.0	0.0			1.0				HG003	giabHC_x_ultima_x_clinvar	-1	-2	sent	clair3
I2-HG003-5x-3-D0-PF-ILMN-NOVASEQ-sent-clair3-Indel_50	Indel_50	I2-HG003-5x-3-D0-PF-ILMN-NOVASEQ	332544085.0	332542972.0	233.0	880.0	6.0	0.8804402201100551	0.7906558849955077	0.9999999819572194	0.006772009029345372	0.9932279909706546	0.9932279909706546	HG003	giabHC_x_ultima_x_clinvar	-1	-2	sent	clair3
I2-HG003-5x-3-D0-PF-ILMN-NOVASEQ-sent-clair3-Indel_gt50	Indel_gt50	I2-HG003-5x-3-D0-PF-ILMN-NOVASEQ	332544085.0	332544059.0	12.0	14.0	0.0	0.7000000000000001	0.5384615384615384	1.0	0.0	1.0	1.0	HG003	giabHC_x_ultima_x_clinvar	-1	-2	sent	clair3
I2-HG003-5x-3-D0-PF-ILMN-NOVASEQ-sent-clair3-All	All	I2-HG003-5x-3-D0-PF-ILMN-NOVASEQ	332544085.0	332134836.0	29119.0	380130.0	122384.0	0.8338351084656869	0.9288477186260687	0.999631658869595	0.2435434634656945	0.7564565365343054	0.7564565365343056	HG003	giabHC_x_ultima_x_clinvar	-1	-2	sent	clair3
I2-HG003-5x-3-D0-PF-ILMN-NOVASEQ-sent-clair3-SNPts	SNPts	I2-HG003-5x-3-D0-PF-ILMN-NOVASEQ	688815815.0	688747365.0	11342.0	57108.0	0.0	0.9096672454164609	0.8343024105186267	1.0	0.0	1.0	1.0	HG003	hg38_m_giabHC	-1	-2	sent	clair3
I2-HG003-5x-3-D0-PF-ILMN-NOVASEQ-sent-clair3-SNPtv	SNPtv	I2-HG003-5x-3-D0-PF-ILMN-NOVASEQ	688815815.0	688780124.0	6522.0	29169.0	0.0	0.8994449583718779	0.8172648566865597	1.0	0.0	1.0	1.0	HG003	hg38_m_giabHC	-1	-2	sent	clair3
I2-HG003-5x-3-D0-PF-ILMN-NOVASEQ-sent-clair3-INS_50	INS_50	I2-HG003-5x-3-D0-PF-ILMN-NOVASEQ	688815815.0	688788616.0	8453.0	18746.0	0.0	0.8160191533355098	0.6892165153130629	1.0	0.0	1.0	1.0	HG003	hg38_m_giabHC	-1	-2	sent	clair3
I2-HG003-5x-3-D0-PF-ILMN-NOVASEQ-sent-clair3-INS_gt50	INS_gt50	I2-HG003-5x-3-D0-PF-ILMN-NOVASEQ	688815815.0	688815578.0	237.0	0.0	0.0		0.0	1.0				HG003	hg38_m_giabHC	-1	-2	sent	clair3
I2-HG003-5x-3-D0-PF-ILMN-NOVASEQ-sent-clair3-DEL_50	DEL_50	I2-HG003-5x-3-D0-PF-ILMN-NOVASEQ	688815815.0	688788010.0	7226.0	20579.0	0.0	0.8506531084656085	0.7401186836899838	1.0	0.0	1.0	1.0	HG003	hg38_m_giabHC	-1	-2	sent	clair3
I2-HG003-5x-3-D0-PF-ILMN-NOVASEQ-sent-clair3-DEL_gt50	DEL_gt50	I2-HG003-5x-3-D0-PF-ILMN-NOVASEQ	688815815.0	688815677.0	138.0	0.0	0.0		0.0	1.0				HG003	hg38_m_giabHC	-1	-2	sent	clair3
I2-HG003-5x-3-D0-PF-ILMN-NOVASEQ-sent-clair3-Indel_50	Indel_50	I2-HG003-5x-3-D0-PF-ILMN-NOVASEQ	688815815.0	688807557.0	2592.0	5666.0	0.0	0.8138465958058029	0.6861225478324049	1.0	0.0	1.0	1.0	HG003	hg38_m_giabHC	-1	-2	sent	clair3
I2-HG003-5x-3-D0-PF-ILMN-NOVASEQ-sent-clair3-Indel_gt50	Indel_gt50	I2-HG003-5x-3-D0-PF-ILMN-NOVASEQ	688815815.0	688814985.0	457.0	373.0	0.0	0.6201163757273482	0.4493975903614458	1.0	0.0	1.0	1.0	HG003	hg38_m_giabHC	-1	-2	sent	clair3
I2-HG003-5x-3-D0-PF-ILMN-NOVASEQ-sent-clair3-All	All	I2-HG003-5x-3-D0-PF-ILMN-NOVASEQ	688815815.0	688647207.0	36967.0	131641.0	0.0	0.8768788572151781	0.7807518029986715	1.0	0.0	1.0	1.0	HG003	hg38_m_giabHC	-1	-2	sent	clair3
I2-HG003-5x-3-D0-PF-ILMN-NOVASEQ-sent-clair3-SNPts	SNPts	I2-HG003-5x-3-D0-PF-ILMN-NOVASEQ	377862616.0	377589277.0	20188.0	253151.0	0.0	0.9616554920321373	0.9261429945964534	1.0	0.0	1.0	1.0	HG003	clinvar_genes	-1	-2	sent	clair3
I2-HG003-5x-3-D0-PF-ILMN-NOVASEQ-sent-clair3-SNPtv	SNPtv	I2-HG003-5x-3-D0-PF-ILMN-NOVASEQ	377862616.0	377738179.0	10792.0	113645.0	0.0	0.9546710797120319	0.9132733833184664	1.0	0.0	1.0	1.0	HG003	clinvar_genes	-1	-2	sent	clair3
I2-HG003-5x-3-D0-PF-ILMN-NOVASEQ-sent-clair3-INS_50	INS_50	I2-HG003-5x-3-D0-PF-ILMN-NOVASEQ	377862616.0	377833412.0	4278.0	24926.0	0.0	0.9209680399039349	0.8535132173674839	1.0	0.0	1.0	1.0	HG003	clinvar_genes	-1	-2	sent	clair3
I2-HG003-5x-3-D0-PF-ILMN-NOVASEQ-sent-clair3-INS_gt50	INS_gt50	I2-HG003-5x-3-D0-PF-ILMN-NOVASEQ	377862616.0	377862586.0	30.0	0.0	0.0		0.0	1.0				HG003	clinvar_genes	-1	-2	sent	clair3
I2-HG003-5x-3-D0-PF-ILMN-NOVASEQ-sent-clair3-DEL_50	DEL_50	I2-HG003-5x-3-D0-PF-ILMN-NOVASEQ	377862616.0	377831593.0	4049.0	26974.0	0.0	0.9301860441057297	0.8694839312767947	1.0	0.0	1.0	1.0	HG003	clinvar_genes	-1	-2	sent	clair3
I2-HG003-5x-3-D0-PF-ILMN-NOVASEQ-sent-clair3-DEL_gt50	DEL_gt50	I2-HG003-5x-3-D0-PF-ILMN-NOVASEQ	377862616.0	377862598.0	18.0	0.0	0.0		0.0	1.0				HG003	clinvar_genes	-1	-2	sent	clair3
I2-HG003-5x-3-D0-PF-ILMN-NOVASEQ-sent-clair3-Indel_50	Indel_50	I2-HG003-5x-3-D0-PF-ILMN-NOVASEQ	377862616.0	377858905.0	726.0	2985.0	0.0	0.8915770609318997	0.8043654001616815	1.0	0.0	1.0	1.0	HG003	clinvar_genes	-1	-2	sent	clair3
I2-HG003-5x-3-D0-PF-ILMN-NOVASEQ-sent-clair3-Indel_gt50	Indel_gt50	I2-HG003-5x-3-D0-PF-ILMN-NOVASEQ	377862616.0	377862479.0	72.0	65.0	0.0	0.6435643564356436	0.4744525547445255	1.0	0.0	1.0	1.0	HG003	clinvar_genes	-1	-2	sent	clair3
I2-HG003-5x-3-D0-PF-ILMN-NOVASEQ-sent-clair3-All	All	I2-HG003-5x-3-D0-PF-ILMN-NOVASEQ	377862616.0	377400717.0	40153.0	421746.0	0.0	0.9545598062570376	0.9130697403544931	1.0	0.0	1.0	1.0	HG003	clinvar_genes	-1	-2	sent	clair3
I2-HG003-5x-3-D0-PF-ILMN-NOVASEQ-sent-clair3-SNPts	SNPts	I2-HG003-5x-3-D0-PF-ILMN-NOVASEQ	2505355380.0	2503152039.0	159057.0	2044284.0	0.0	0.9625538977663989	0.9278109924882258	1.0	0.0	1.0	1.0	HG003	giabHC_x_ultima	-1	-2	sent	clair3
I2-HG003-5x-3-D0-PF-ILMN-NOVASEQ-sent-clair3-SNPtv	SNPtv	I2-HG003-5x-3-D0-PF-ILMN-NOVASEQ	2505355380.0	2504320629.0	87863.0	946888.0	0.0	0.9556614499411851	0.9150877844041707	1.0	0.0	1.0	1.0	HG003	giabHC_x_ultima	-1	-2	sent	clair3
I2-HG003-5x-3-D0-PF-ILMN-NOVASEQ-sent-clair3-INS_50	INS_50	I2-HG003-5x-3-D0-PF-ILMN-NOVASEQ	2505355380.0	2505201209.0	19134.0	135037.0	0.0	0.9338400044258803	0.8758910560351817	1.0	0.0	1.0	1.0	HG003	giabHC_x_ultima	-1	-2	sent	clair3
I2-HG003-5x-3-D0-PF-ILMN-NOVASEQ-sent-clair3-INS_gt50	INS_gt50	I2-HG003-5x-3-D0-PF-ILMN-NOVASEQ	2505355380.0	2505355380.0	0.0	0.0	0.0			1.0				HG003	giabHC_x_ultima	-1	-2	sent	clair3
I2-HG003-5x-3-D0-PF-ILMN-NOVASEQ-sent-clair3-DEL_50	DEL_50	I2-HG003-5x-3-D0-PF-ILMN-NOVASEQ	2505355380.0	2505188867.0	19218.0	147295.0	0.0	0.9387587314536276	0.8845855879120549	1.0	0.0	1.0	1.0	HG003	giabHC_x_ultima	-1	-2	sent	clair3
I2-HG003-5x-3-D0-PF-ILMN-NOVASEQ-sent-clair3-DEL_gt50	DEL_gt50	I2-HG003-5x-3-D0-PF-ILMN-NOVASEQ	2505355380.0	2505355380.0	0.0	0.0	0.0			1.0				HG003	giabHC_x_ultima	-1	-2	sent	clair3
I2-HG003-5x-3-D0-PF-ILMN-NOVASEQ-sent-clair3-Indel_50	Indel_50	I2-HG003-5x-3-D0-PF-ILMN-NOVASEQ	2505355380.0	2505343151.0	2534.0	9695.0	0.0	0.8844189016602809	0.7927876359473383	1.0	0.0	1.0	1.0	HG003	giabHC_x_ultima	-1	-2	sent	clair3
I2-HG003-5x-3-D0-PF-ILMN-NOVASEQ-sent-clair3-Indel_gt50	Indel_gt50	I2-HG003-5x-3-D0-PF-ILMN-NOVASEQ	2505355380.0	2505355101.0	105.0	174.0	0.0	0.7682119205298014	0.6236559139784946	1.0	0.0	1.0	1.0	HG003	giabHC_x_ultima	-1	-2	sent	clair3
I2-HG003-5x-3-D0-PF-ILMN-NOVASEQ-sent-clair3-All	All	I2-HG003-5x-3-D0-PF-ILMN-NOVASEQ	2505355380.0	2501784096.0	287911.0	3283373.0	0.0	0.9579977524768927	0.9193816565694579	1.0	0.0	1.0	1.0	HG003	giabHC_x_ultima	-1	-2	sent	clair3
I2-HG003-5x-3-D0-PF-ILMN-NOVASEQ-sent-clair3-SNPts	SNPts	I2-HG003-5x-3-D0-PF-ILMN-NOVASEQ	2799325643.0	2797071016.0	164902.0	2089725.0	0.0	0.9620422102076442	0.9268606292748202	1.0	0.0	1.0	1.0	HG003	ultima	-1	-2	sent	clair3
I2-HG003-5x-3-D0-PF-ILMN-NOVASEQ-sent-clair3-SNPtv	SNPtv	I2-HG003-5x-3-D0-PF-ILMN-NOVASEQ	2799325643.0	2798266386.0	91042.0	968215.0	0.0	0.9550958040357648	0.9140510754236224	1.0	0.0	1.0	1.0	HG003	ultima	-1	-2	sent	clair3
I2-HG003-5x-3-D0-PF-ILMN-NOVASEQ-sent-clair3-INS_50	INS_50	I2-HG003-5x-3-D0-PF-ILMN-NOVASEQ	2799325643.0	2799161102.0	21702.0	142839.0	0.0	0.9293968377903572	0.8681058216493154	1.0	0.0	1.0	1.0	HG003	ultima	-1	-2	sent	clair3
I2-HG003-5x-3-D0-PF-ILMN-NOVASEQ-sent-clair3-INS_gt50	INS_gt50	I2-HG003-5x-3-D0-PF-ILMN-NOVASEQ	2799325643.0	2799325547.0	96.0	0.0	0.0		0.0	1.0				HG003	ultima	-1	-2	sent	clair3
I2-HG003-5x-3-D0-PF-ILMN-NOVASEQ-sent-clair3-DEL_50	DEL_50	I2-HG003-5x-3-D0-PF-ILMN-NOVASEQ	2799325643.0	2799146793.0	22122.0	156728.0	0.0	0.9340779192914912	0.8763097567794241	1.0	0.0	1.0	1.0	HG003	ultima	-1	-2	sent	clair3
I2-HG003-5x-3-D0-PF-ILMN-NOVASEQ-sent-clair3-DEL_gt50	DEL_gt50	I2-HG003-5x-3-D0-PF-ILMN-NOVASEQ	2799325643.0	2799325554.0	89.0	0.0	0.0		0.0	1.0				HG003	ultima	-1	-2	sent	clair3
I2-HG003-5x-3-D0-PF-ILMN-NOVASEQ-sent-clair3-Indel_50	Indel_50	I2-HG003-5x-3-D0-PF-ILMN-NOVASEQ	2799325643.0	2799310449.0	3356.0	11838.0	0.0	0.8758508434448061	0.7791233381598	1.0	0.0	1.0	1.0	HG003	ultima	-1	-2	sent	clair3
I2-HG003-5x-3-D0-PF-ILMN-NOVASEQ-sent-clair3-Indel_gt50	Indel_gt50	I2-HG003-5x-3-D0-PF-ILMN-NOVASEQ	2799325643.0	2799324956.0	277.0	410.0	0.0	0.747493163172288	0.5967976710334789	1.0	0.0	1.0	1.0	HG003	ultima	-1	-2	sent	clair3
I2-HG003-5x-3-D0-PF-ILMN-NOVASEQ-sent-clair3-All	All	I2-HG003-5x-3-D0-PF-ILMN-NOVASEQ	2799325643.0	2795652302.0	303586.0	3369755.0	0.0	0.9568959446243527	0.9173542559756908	1.0	0.0	1.0	1.0	HG003	ultima	-1	-2	sent	clair3
I2-HG003-5x-3-D0-PF-ILMN-NOVASEQ-sent-oct-SNPts	SNPts	I2-HG003-5x-3-D0-PF-ILMN-NOVASEQ	3088286401.0	3085963687.0	2322714.0	0.0	0.0		0.0	1.0				HG003	hg38	-1	-2	sent	oct
I2-HG003-5x-3-D0-PF-ILMN-NOVASEQ-sent-oct-SNPtv	SNPtv	I2-HG003-5x-3-D0-PF-ILMN-NOVASEQ	3088286401.0	3087179627.0	1106774.0	0.0	0.0		0.0	1.0				HG003	hg38	-1	-2	sent	oct
I2-HG003-5x-3-D0-PF-ILMN-NOVASEQ-sent-oct-INS_50	INS_50	I2-HG003-5x-3-D0-PF-ILMN-NOVASEQ	3088286401.0	3088030915.0	255486.0	0.0	0.0		0.0	1.0				HG003	hg38	-1	-2	sent	oct
I2-HG003-5x-3-D0-PF-ILMN-NOVASEQ-sent-oct-INS_gt50	INS_gt50	I2-HG003-5x-3-D0-PF-ILMN-NOVASEQ	3088286401.0	3088286163.0	238.0	0.0	0.0		0.0	1.0				HG003	hg38	-1	-2	sent	oct
I2-HG003-5x-3-D0-PF-ILMN-NOVASEQ-sent-oct-DEL_50	DEL_50	I2-HG003-5x-3-D0-PF-ILMN-NOVASEQ	3088286401.0	3088017307.0	269094.0	0.0	0.0		0.0	1.0				HG003	hg38	-1	-2	sent	oct
I2-HG003-5x-3-D0-PF-ILMN-NOVASEQ-sent-oct-DEL_gt50	DEL_gt50	I2-HG003-5x-3-D0-PF-ILMN-NOVASEQ	3088286401.0	3088286263.0	138.0	0.0	0.0		0.0	1.0				HG003	hg38	-1	-2	sent	oct
I2-HG003-5x-3-D0-PF-ILMN-NOVASEQ-sent-oct-Indel_50	Indel_50	I2-HG003-5x-3-D0-PF-ILMN-NOVASEQ	3088286401.0	3088243814.0	42587.0	0.0	0.0		0.0	1.0				HG003	hg38	-1	-2	sent	oct
I2-HG003-5x-3-D0-PF-ILMN-NOVASEQ-sent-oct-Indel_gt50	Indel_gt50	I2-HG003-5x-3-D0-PF-ILMN-NOVASEQ	3088286401.0	3088284701.0	1700.0	0.0	0.0		0.0	1.0				HG003	hg38	-1	-2	sent	oct
I2-HG003-5x-3-D0-PF-ILMN-NOVASEQ-sent-oct-All	All	I2-HG003-5x-3-D0-PF-ILMN-NOVASEQ	3088286401.0	3084287670.0	3998731.0	0.0	0.0		0.0	1.0				HG003	hg38	-1	-2	sent	oct
I2-HG003-5x-3-D0-PF-ILMN-NOVASEQ-sent-oct-SNPts	SNPts	I2-HG003-5x-3-D0-PF-ILMN-NOVASEQ	2799325643.0	2797071917.0	2253726.0	0.0	0.0		0.0	1.0				HG003	ultima	-1	-2	sent	oct
I2-HG003-5x-3-D0-PF-ILMN-NOVASEQ-sent-oct-SNPtv	SNPtv	I2-HG003-5x-3-D0-PF-ILMN-NOVASEQ	2799325643.0	2798267435.0	1058208.0	0.0	0.0		0.0	1.0				HG003	ultima	-1	-2	sent	oct
I2-HG003-5x-3-D0-PF-ILMN-NOVASEQ-sent-oct-INS_50	INS_50	I2-HG003-5x-3-D0-PF-ILMN-NOVASEQ	2799325643.0	2799162256.0	163387.0	0.0	0.0		0.0	1.0				HG003	ultima	-1	-2	sent	oct
I2-HG003-5x-3-D0-PF-ILMN-NOVASEQ-sent-oct-INS_gt50	INS_gt50	I2-HG003-5x-3-D0-PF-ILMN-NOVASEQ	2799325643.0	2799325547.0	96.0	0.0	0.0		0.0	1.0				HG003	ultima	-1	-2	sent	oct
I2-HG003-5x-3-D0-PF-ILMN-NOVASEQ-sent-oct-DEL_50	DEL_50	I2-HG003-5x-3-D0-PF-ILMN-NOVASEQ	2799325643.0	2799148871.0	176772.0	0.0	0.0		0.0	1.0				HG003	ultima	-1	-2	sent	oct
I2-HG003-5x-3-D0-PF-ILMN-NOVASEQ-sent-oct-DEL_gt50	DEL_gt50	I2-HG003-5x-3-D0-PF-ILMN-NOVASEQ	2799325643.0	2799325554.0	89.0	0.0	0.0		0.0	1.0				HG003	ultima	-1	-2	sent	oct
I2-HG003-5x-3-D0-PF-ILMN-NOVASEQ-sent-oct-Indel_50	Indel_50	I2-HG003-5x-3-D0-PF-ILMN-NOVASEQ	2799325643.0	2799308017.0	17626.0	0.0	0.0		0.0	1.0				HG003	ultima	-1	-2	sent	oct
I2-HG003-5x-3-D0-PF-ILMN-NOVASEQ-sent-oct-Indel_gt50	Indel_gt50	I2-HG003-5x-3-D0-PF-ILMN-NOVASEQ	2799325643.0	2799324685.0	958.0	0.0	0.0		0.0	1.0				HG003	ultima	-1	-2	sent	oct
I2-HG003-5x-3-D0-PF-ILMN-NOVASEQ-sent-oct-All	All	I2-HG003-5x-3-D0-PF-ILMN-NOVASEQ	2799325643.0	2795654781.0	3670862.0	0.0	0.0		0.0	1.0				HG003	ultima	-1	-2	sent	oct
I2-HG003-5x-3-D0-PF-ILMN-NOVASEQ-sent-oct-SNPts	SNPts	I2-HG003-5x-3-D0-PF-ILMN-NOVASEQ	377862616.0	377589389.0	273227.0	0.0	0.0		0.0	1.0				HG003	clinvar_genes	-1	-2	sent	oct
I2-HG003-5x-3-D0-PF-ILMN-NOVASEQ-sent-oct-SNPtv	SNPtv	I2-HG003-5x-3-D0-PF-ILMN-NOVASEQ	377862616.0	377738293.0	124323.0	0.0	0.0		0.0	1.0				HG003	clinvar_genes	-1	-2	sent	oct
I2-HG003-5x-3-D0-PF-ILMN-NOVASEQ-sent-oct-INS_50	INS_50	I2-HG003-5x-3-D0-PF-ILMN-NOVASEQ	377862616.0	377833542.0	29074.0	0.0	0.0		0.0	1.0				HG003	clinvar_genes	-1	-2	sent	oct
I2-HG003-5x-3-D0-PF-ILMN-NOVASEQ-sent-oct-INS_gt50	INS_gt50	I2-HG003-5x-3-D0-PF-ILMN-NOVASEQ	377862616.0	377862586.0	30.0	0.0	0.0		0.0	1.0				HG003	clinvar_genes	-1	-2	sent	oct
I2-HG003-5x-3-D0-PF-ILMN-NOVASEQ-sent-oct-DEL_50	DEL_50	I2-HG003-5x-3-D0-PF-ILMN-NOVASEQ	377862616.0	377831914.0	30702.0	0.0	0.0		0.0	1.0				HG003	clinvar_genes	-1	-2	sent	oct
I2-HG003-5x-3-D0-PF-ILMN-NOVASEQ-sent-oct-DEL_gt50	DEL_gt50	I2-HG003-5x-3-D0-PF-ILMN-NOVASEQ	377862616.0	377862598.0	18.0	0.0	0.0		0.0	1.0				HG003	clinvar_genes	-1	-2	sent	oct
I2-HG003-5x-3-D0-PF-ILMN-NOVASEQ-sent-oct-Indel_50	Indel_50	I2-HG003-5x-3-D0-PF-ILMN-NOVASEQ	377862616.0	377858426.0	4190.0	0.0	0.0		0.0	1.0				HG003	clinvar_genes	-1	-2	sent	oct
I2-HG003-5x-3-D0-PF-ILMN-NOVASEQ-sent-oct-Indel_gt50	Indel_gt50	I2-HG003-5x-3-D0-PF-ILMN-NOVASEQ	377862616.0	377862434.0	182.0	0.0	0.0		0.0	1.0				HG003	clinvar_genes	-1	-2	sent	oct
I2-HG003-5x-3-D0-PF-ILMN-NOVASEQ-sent-oct-All	All	I2-HG003-5x-3-D0-PF-ILMN-NOVASEQ	377862616.0	377400870.0	461746.0	0.0	0.0		0.0	1.0				HG003	clinvar_genes	-1	-2	sent	oct
I2-HG003-5x-3-D0-PF-ILMN-NOVASEQ-sent-oct-SNPts	SNPts	I2-HG003-5x-3-D0-PF-ILMN-NOVASEQ	688815815.0	688747871.0	67944.0	0.0	0.0		0.0	1.0				HG003	hg38_m_giabHC	-1	-2	sent	oct
I2-HG003-5x-3-D0-PF-ILMN-NOVASEQ-sent-oct-SNPtv	SNPtv	I2-HG003-5x-3-D0-PF-ILMN-NOVASEQ	688815815.0	688780713.0	35102.0	0.0	0.0		0.0	1.0				HG003	hg38_m_giabHC	-1	-2	sent	oct
I2-HG003-5x-3-D0-PF-ILMN-NOVASEQ-sent-oct-INS_50	INS_50	I2-HG003-5x-3-D0-PF-ILMN-NOVASEQ	688815815.0	688789149.0	26666.0	0.0	0.0		0.0	1.0				HG003	hg38_m_giabHC	-1	-2	sent	oct
I2-HG003-5x-3-D0-PF-ILMN-NOVASEQ-sent-oct-INS_gt50	INS_gt50	I2-HG003-5x-3-D0-PF-ILMN-NOVASEQ	688815815.0	688815578.0	237.0	0.0	0.0		0.0	1.0				HG003	hg38_m_giabHC	-1	-2	sent	oct
I2-HG003-5x-3-D0-PF-ILMN-NOVASEQ-sent-oct-DEL_50	DEL_50	I2-HG003-5x-3-D0-PF-ILMN-NOVASEQ	688815815.0	688789247.0	26568.0	0.0	0.0		0.0	1.0				HG003	hg38_m_giabHC	-1	-2	sent	oct
I2-HG003-5x-3-D0-PF-ILMN-NOVASEQ-sent-oct-DEL_gt50	DEL_gt50	I2-HG003-5x-3-D0-PF-ILMN-NOVASEQ	688815815.0	688815677.0	138.0	0.0	0.0		0.0	1.0				HG003	hg38_m_giabHC	-1	-2	sent	oct
I2-HG003-5x-3-D0-PF-ILMN-NOVASEQ-sent-oct-Indel_50	Indel_50	I2-HG003-5x-3-D0-PF-ILMN-NOVASEQ	688815815.0	688805722.0	10093.0	0.0	0.0		0.0	1.0				HG003	hg38_m_giabHC	-1	-2	sent	oct
I2-HG003-5x-3-D0-PF-ILMN-NOVASEQ-sent-oct-Indel_gt50	Indel_gt50	I2-HG003-5x-3-D0-PF-ILMN-NOVASEQ	688815815.0	688814581.0	1234.0	0.0	0.0		0.0	1.0				HG003	hg38_m_giabHC	-1	-2	sent	oct
I2-HG003-5x-3-D0-PF-ILMN-NOVASEQ-sent-oct-All	All	I2-HG003-5x-3-D0-PF-ILMN-NOVASEQ	688815815.0	688647833.0	167982.0	0.0	0.0		0.0	1.0				HG003	hg38_m_giabHC	-1	-2	sent	oct
I2-HG003-5x-3-D0-PF-ILMN-NOVASEQ-sent-oct-SNPts	SNPts	I2-HG003-5x-3-D0-PF-ILMN-NOVASEQ	332544085.0	332287314.0	256771.0	0.0	0.0		0.0	1.0				HG003	giabHC_x_ultima_x_clinvar	-1	-2	sent	oct
I2-HG003-5x-3-D0-PF-ILMN-NOVASEQ-sent-oct-SNPtv	SNPtv	I2-HG003-5x-3-D0-PF-ILMN-NOVASEQ	332544085.0	332429541.0	114544.0	0.0	0.0		0.0	1.0				HG003	giabHC_x_ultima_x_clinvar	-1	-2	sent	oct
I2-HG003-5x-3-D0-PF-ILMN-NOVASEQ-sent-oct-INS_50	INS_50	I2-HG003-5x-3-D0-PF-ILMN-NOVASEQ	332544085.0	332526629.0	17456.0	0.0	0.0		0.0	1.0				HG003	giabHC_x_ultima_x_clinvar	-1	-2	sent	oct
I2-HG003-5x-3-D0-PF-ILMN-NOVASEQ-sent-oct-INS_gt50	INS_gt50	I2-HG003-5x-3-D0-PF-ILMN-NOVASEQ	332544085.0	332544085.0	0.0	0.0	0.0			1.0				HG003	giabHC_x_ultima_x_clinvar	-1	-2	sent	oct
I2-HG003-5x-3-D0-PF-ILMN-NOVASEQ-sent-oct-DEL_50	DEL_50	I2-HG003-5x-3-D0-PF-ILMN-NOVASEQ	332544085.0	332525184.0	18901.0	0.0	0.0		0.0	1.0				HG003	giabHC_x_ultima_x_clinvar	-1	-2	sent	oct
I2-HG003-5x-3-D0-PF-ILMN-NOVASEQ-sent-oct-DEL_gt50	DEL_gt50	I2-HG003-5x-3-D0-PF-ILMN-NOVASEQ	332544085.0	332544085.0	0.0	0.0	0.0			1.0				HG003	giabHC_x_ultima_x_clinvar	-1	-2	sent	oct
I2-HG003-5x-3-D0-PF-ILMN-NOVASEQ-sent-oct-Indel_50	Indel_50	I2-HG003-5x-3-D0-PF-ILMN-NOVASEQ	332544085.0	332542784.0	1301.0	0.0	0.0		0.0	1.0				HG003	giabHC_x_ultima_x_clinvar	-1	-2	sent	oct
I2-HG003-5x-3-D0-PF-ILMN-NOVASEQ-sent-oct-Indel_gt50	Indel_gt50	I2-HG003-5x-3-D0-PF-ILMN-NOVASEQ	332544085.0	332544054.0	31.0	0.0	0.0		0.0	1.0				HG003	giabHC_x_ultima_x_clinvar	-1	-2	sent	oct
I2-HG003-5x-3-D0-PF-ILMN-NOVASEQ-sent-oct-All	All	I2-HG003-5x-3-D0-PF-ILMN-NOVASEQ	332544085.0	332135081.0	409004.0	0.0	0.0		0.0	1.0				HG003	giabHC_x_ultima_x_clinvar	-1	-2	sent	oct
I2-HG003-5x-3-D0-PF-ILMN-NOVASEQ-sent-oct-SNPts	SNPts	I2-HG003-5x-3-D0-PF-ILMN-NOVASEQ	2528531102.0	2526276332.0	2254770.0	0.0	0.0		0.0	1.0				HG003	giabHC	-1	-2	sent	oct
I2-HG003-5x-3-D0-PF-ILMN-NOVASEQ-sent-oct-SNPtv	SNPtv	I2-HG003-5x-3-D0-PF-ILMN-NOVASEQ	2528531102.0	2527459430.0	1071672.0	0.0	0.0		0.0	1.0				HG003	giabHC	-1	-2	sent	oct
I2-HG003-5x-3-D0-PF-ILMN-NOVASEQ-sent-oct-INS_50	INS_50	I2-HG003-5x-3-D0-PF-ILMN-NOVASEQ	2528531102.0	2528302362.0	228740.0	0.0	0.0		0.0	1.0				HG003	giabHC	-1	-2	sent	oct
I2-HG003-5x-3-D0-PF-ILMN-NOVASEQ-sent-oct-INS_gt50	INS_gt50	I2-HG003-5x-3-D0-PF-ILMN-NOVASEQ	2528531102.0	2528531101.0	1.0	0.0	0.0		0.0	1.0				HG003	giabHC	-1	-2	sent	oct
I2-HG003-5x-3-D0-PF-ILMN-NOVASEQ-sent-oct-DEL_50	DEL_50	I2-HG003-5x-3-D0-PF-ILMN-NOVASEQ	2528531102.0	2528288385.0	242717.0	0.0	0.0		0.0	1.0				HG003	giabHC	-1	-2	sent	oct
I2-HG003-5x-3-D0-PF-ILMN-NOVASEQ-sent-oct-DEL_gt50	DEL_gt50	I2-HG003-5x-3-D0-PF-ILMN-NOVASEQ	2528531102.0	2528531102.0	0.0	0.0	0.0			1.0				HG003	giabHC	-1	-2	sent	oct
I2-HG003-5x-3-D0-PF-ILMN-NOVASEQ-sent-oct-Indel_50	Indel_50	I2-HG003-5x-3-D0-PF-ILMN-NOVASEQ	2528531102.0	2528498607.0	32495.0	0.0	0.0		0.0	1.0				HG003	giabHC	-1	-2	sent	oct
I2-HG003-5x-3-D0-PF-ILMN-NOVASEQ-sent-oct-Indel_gt50	Indel_gt50	I2-HG003-5x-3-D0-PF-ILMN-NOVASEQ	2528531102.0	2528530634.0	468.0	0.0	0.0		0.0	1.0				HG003	giabHC	-1	-2	sent	oct
I2-HG003-5x-3-D0-PF-ILMN-NOVASEQ-sent-oct-All	All	I2-HG003-5x-3-D0-PF-ILMN-NOVASEQ	2528531102.0	2524700239.0	3830863.0	0.0	0.0		0.0	1.0				HG003	giabHC	-1	-2	sent	oct
I2-HG003-5x-3-D0-PF-ILMN-NOVASEQ-sent-oct-SNPts	SNPts	I2-HG003-5x-3-D0-PF-ILMN-NOVASEQ	2505355380.0	2503152670.0	2202710.0	0.0	0.0		0.0	1.0				HG003	giabHC_x_ultima	-1	-2	sent	oct
I2-HG003-5x-3-D0-PF-ILMN-NOVASEQ-sent-oct-SNPtv	SNPtv	I2-HG003-5x-3-D0-PF-ILMN-NOVASEQ	2505355380.0	2504321399.0	1033981.0	0.0	0.0		0.0	1.0				HG003	giabHC_x_ultima	-1	-2	sent	oct
I2-HG003-5x-3-D0-PF-ILMN-NOVASEQ-sent-oct-INS_50	INS_50	I2-HG003-5x-3-D0-PF-ILMN-NOVASEQ	2505355380.0	2505202001.0	153379.0	0.0	0.0		0.0	1.0				HG003	giabHC_x_ultima	-1	-2	sent	oct
I2-HG003-5x-3-D0-PF-ILMN-NOVASEQ-sent-oct-INS_gt50	INS_gt50	I2-HG003-5x-3-D0-PF-ILMN-NOVASEQ	2505355380.0	2505355380.0	0.0	0.0	0.0			1.0				HG003	giabHC_x_ultima	-1	-2	sent	oct
I2-HG003-5x-3-D0-PF-ILMN-NOVASEQ-sent-oct-DEL_50	DEL_50	I2-HG003-5x-3-D0-PF-ILMN-NOVASEQ	2505355380.0	2505190289.0	165091.0	0.0	0.0		0.0	1.0				HG003	giabHC_x_ultima	-1	-2	sent	oct
I2-HG003-5x-3-D0-PF-ILMN-NOVASEQ-sent-oct-DEL_gt50	DEL_gt50	I2-HG003-5x-3-D0-PF-ILMN-NOVASEQ	2505355380.0	2505355380.0	0.0	0.0	0.0			1.0				HG003	giabHC_x_ultima	-1	-2	sent	oct
I2-HG003-5x-3-D0-PF-ILMN-NOVASEQ-sent-oct-Indel_50	Indel_50	I2-HG003-5x-3-D0-PF-ILMN-NOVASEQ	2505355380.0	2505341371.0	14009.0	0.0	0.0		0.0	1.0				HG003	giabHC_x_ultima	-1	-2	sent	oct
I2-HG003-5x-3-D0-PF-ILMN-NOVASEQ-sent-oct-Indel_gt50	Indel_gt50	I2-HG003-5x-3-D0-PF-ILMN-NOVASEQ	2505355380.0	2505355013.0	367.0	0.0	0.0		0.0	1.0				HG003	giabHC_x_ultima	-1	-2	sent	oct
I2-HG003-5x-3-D0-PF-ILMN-NOVASEQ-sent-oct-All	All	I2-HG003-5x-3-D0-PF-ILMN-NOVASEQ	2505355380.0	2501785843.0	3569537.0	0.0	0.0		0.0	1.0				HG003	giabHC_x_ultima	-1	-2	sent	oct
I2-HG003-5x-3-D0-PF-ILMN-NOVASEQ-sent-oct-SNPts	SNPts	I2-HG003-5x-3-D0-PF-ILMN-NOVASEQ	337668665.0	337403108.0	265557.0	0.0	0.0		0.0	1.0				HG003	giabHC_x_clinvar_genes	-1	-2	sent	oct
I2-HG003-5x-3-D0-PF-ILMN-NOVASEQ-sent-oct-SNPtv	SNPtv	I2-HG003-5x-3-D0-PF-ILMN-NOVASEQ	337668665.0	337548418.0	120247.0	0.0	0.0		0.0	1.0				HG003	giabHC_x_clinvar_genes	-1	-2	sent	oct
I2-HG003-5x-3-D0-PF-ILMN-NOVASEQ-sent-oct-INS_50	INS_50	I2-HG003-5x-3-D0-PF-ILMN-NOVASEQ	337668665.0	337642389.0	26276.0	0.0	0.0		0.0	1.0				HG003	giabHC_x_clinvar_genes	-1	-2	sent	oct
I2-HG003-5x-3-D0-PF-ILMN-NOVASEQ-sent-oct-INS_gt50	INS_gt50	I2-HG003-5x-3-D0-PF-ILMN-NOVASEQ	337668665.0	337668665.0	0.0	0.0	0.0			1.0				HG003	giabHC_x_clinvar_genes	-1	-2	sent	oct
I2-HG003-5x-3-D0-PF-ILMN-NOVASEQ-sent-oct-DEL_50	DEL_50	I2-HG003-5x-3-D0-PF-ILMN-NOVASEQ	337668665.0	337640749.0	27916.0	0.0	0.0		0.0	1.0				HG003	giabHC_x_clinvar_genes	-1	-2	sent	oct
I2-HG003-5x-3-D0-PF-ILMN-NOVASEQ-sent-oct-DEL_gt50	DEL_gt50	I2-HG003-5x-3-D0-PF-ILMN-NOVASEQ	337668665.0	337668665.0	0.0	0.0	0.0			1.0				HG003	giabHC_x_clinvar_genes	-1	-2	sent	oct
I2-HG003-5x-3-D0-PF-ILMN-NOVASEQ-sent-oct-Indel_50	Indel_50	I2-HG003-5x-3-D0-PF-ILMN-NOVASEQ	337668665.0	337665452.0	3213.0	0.0	0.0		0.0	1.0				HG003	giabHC_x_clinvar_genes	-1	-2	sent	oct
I2-HG003-5x-3-D0-PF-ILMN-NOVASEQ-sent-oct-Indel_gt50	Indel_gt50	I2-HG003-5x-3-D0-PF-ILMN-NOVASEQ	337668665.0	337668619.0	46.0	0.0	0.0		0.0	1.0				HG003	giabHC_x_clinvar_genes	-1	-2	sent	oct
I2-HG003-5x-3-D0-PF-ILMN-NOVASEQ-sent-oct-All	All	I2-HG003-5x-3-D0-PF-ILMN-NOVASEQ	337668665.0	337225410.0	443255.0	0.0	0.0		0.0	1.0				HG003	giabHC_x_clinvar_genes	-1	-2	sent	oct
I2-HG003-7x-4-D0-PF-ILMN-NOVASEQ-sent-clair3-SNPts	SNPts	I2-HG003-7x-4-D0-PF-ILMN-NOVASEQ			75359.0	0.0	0.0		0.0					HG003	giabHC_x_ultima	-1	-2	sent	clair3
I2-HG003-7x-4-D0-PF-ILMN-NOVASEQ-sent-clair3-SNPtv	SNPtv	I2-HG003-7x-4-D0-PF-ILMN-NOVASEQ			43294.0	0.0	0.0		0.0					HG003	giabHC_x_ultima	-1	-2	sent	clair3
I2-HG003-7x-4-D0-PF-ILMN-NOVASEQ-sent-clair3-INS_50	INS_50	I2-HG003-7x-4-D0-PF-ILMN-NOVASEQ			10485.0	0.0	0.0		0.0					HG003	giabHC_x_ultima	-1	-2	sent	clair3
I2-HG003-7x-4-D0-PF-ILMN-NOVASEQ-sent-clair3-INS_gt50	INS_gt50	I2-HG003-7x-4-D0-PF-ILMN-NOVASEQ			0.0	0.0	0.0							HG003	giabHC_x_ultima	-1	-2	sent	clair3
I2-HG003-7x-4-D0-PF-ILMN-NOVASEQ-sent-clair3-DEL_50	DEL_50	I2-HG003-7x-4-D0-PF-ILMN-NOVASEQ			10217.0	0.0	0.0		0.0					HG003	giabHC_x_ultima	-1	-2	sent	clair3
I2-HG003-7x-4-D0-PF-ILMN-NOVASEQ-sent-clair3-DEL_gt50	DEL_gt50	I2-HG003-7x-4-D0-PF-ILMN-NOVASEQ			0.0	0.0	0.0							HG003	giabHC_x_ultima	-1	-2	sent	clair3
I2-HG003-7x-4-D0-PF-ILMN-NOVASEQ-sent-clair3-Indel_50	Indel_50	I2-HG003-7x-4-D0-PF-ILMN-NOVASEQ			1268.0	0.0	0.0		0.0					HG003	giabHC_x_ultima	-1	-2	sent	clair3
I2-HG003-7x-4-D0-PF-ILMN-NOVASEQ-sent-clair3-Indel_gt50	Indel_gt50	I2-HG003-7x-4-D0-PF-ILMN-NOVASEQ			57.0	0.0	0.0		0.0					HG003	giabHC_x_ultima	-1	-2	sent	clair3
I2-HG003-7x-4-D0-PF-ILMN-NOVASEQ-sent-clair3-All	All	I2-HG003-7x-4-D0-PF-ILMN-NOVASEQ	2505355380.0	2505214700.0	140680.0	0.0	0.0		0.0	1.0				HG003	giabHC_x_ultima	-1	-2	sent	clair3
I2-HG003-7x-4-D0-PF-ILMN-NOVASEQ-sent-clair3-SNPts	SNPts	I2-HG003-7x-4-D0-PF-ILMN-NOVASEQ	337668665.0	337403083.0	9745.0	255837.0	63450.0	0.8748523173565362	0.9633070012274928	0.9998119813557927	0.19872403198376382	0.8012759680162362	0.8012759680162361	HG003	giabHC_x_clinvar_genes	-1	-2	sent	clair3
I2-HG003-7x-4-D0-PF-ILMN-NOVASEQ-sent-clair3-SNPtv	SNPtv	I2-HG003-7x-4-D0-PF-ILMN-NOVASEQ	337668665.0	337548363.0	5218.0	115084.0	13071.0	0.9263896770869807	0.9566258250070655	0.9999612781595186	0.10199367952869572	0.8980063204713042	0.8980063204713042	HG003	giabHC_x_clinvar_genes	-1	-2	sent	clair3
I2-HG003-7x-4-D0-PF-ILMN-NOVASEQ-sent-clair3-INS_50	INS_50	I2-HG003-7x-4-D0-PF-ILMN-NOVASEQ	337668665.0	337642343.0	2008.0	24314.0	1301.0	0.936288195313553	0.9237140034951752	0.999996146825142	0.050790552410696854	0.9492094475893031	0.9492094475893031	HG003	giabHC_x_clinvar_genes	-1	-2	sent	clair3
I2-HG003-7x-4-D0-PF-ILMN-NOVASEQ-sent-clair3-INS_gt50	INS_gt50	I2-HG003-7x-4-D0-PF-ILMN-NOVASEQ	337668665.0	337668665.0	0.0	0.0	0.0			1.0				HG003	giabHC_x_clinvar_genes	-1	-2	sent	clair3
I2-HG003-7x-4-D0-PF-ILMN-NOVASEQ-sent-clair3-DEL_50	DEL_50	I2-HG003-7x-4-D0-PF-ILMN-NOVASEQ	337668665.0	337640660.0	1823.0	26182.0	1385.0	0.9422730871661988	0.9349044813426174	0.9999958980227122	0.050241230456705484	0.9497587695432945	0.9497587695432945	HG003	giabHC_x_clinvar_genes	-1	-2	sent	clair3
I2-HG003-7x-4-D0-PF-ILMN-NOVASEQ-sent-clair3-DEL_gt50	DEL_gt50	I2-HG003-7x-4-D0-PF-ILMN-NOVASEQ	337668665.0	337668665.0	0.0	0.0	0.0			1.0				HG003	giabHC_x_clinvar_genes	-1	-2	sent	clair3
I2-HG003-7x-4-D0-PF-ILMN-NOVASEQ-sent-clair3-Indel_50	Indel_50	I2-HG003-7x-4-D0-PF-ILMN-NOVASEQ	337668665.0	337665585.0	230.0	2850.0	6.0	0.9602425876010782	0.9253246753246753	0.9999999822309404	0.0021008403361344537	0.9978991596638656	0.9978991596638656	HG003	giabHC_x_clinvar_genes	-1	-2	sent	clair3
I2-HG003-7x-4-D0-PF-ILMN-NOVASEQ-sent-clair3-Indel_gt50	Indel_gt50	I2-HG003-7x-4-D0-PF-ILMN-NOVASEQ	337668665.0	337668629.0	8.0	28.0	0.0	0.8750000000000001	0.7777777777777778	1.0	0.0	1.0	1.0	HG003	giabHC_x_clinvar_genes	-1	-2	sent	clair3
I2-HG003-7x-4-D0-PF-ILMN-NOVASEQ-sent-clair3-All	All	I2-HG003-7x-4-D0-PF-ILMN-NOVASEQ	337668665.0	337225338.0	19032.0	424295.0	79213.0	0.8962385209672225	0.9570700634069208	0.9997651588163718	0.15732222725358883	0.8426777727464112	0.8426777727464112	HG003	giabHC_x_clinvar_genes	-1	-2	sent	clair3
I2-HG003-7x-4-D0-PF-ILMN-NOVASEQ-sent-clair3-SNPts	SNPts	I2-HG003-7x-4-D0-PF-ILMN-NOVASEQ			97320.0	0.0	0.0		0.0					HG003	hg38	-1	-2	sent	clair3
I2-HG003-7x-4-D0-PF-ILMN-NOVASEQ-sent-clair3-SNPtv	SNPtv	I2-HG003-7x-4-D0-PF-ILMN-NOVASEQ			56180.0	0.0	0.0		0.0					HG003	hg38	-1	-2	sent	clair3
I2-HG003-7x-4-D0-PF-ILMN-NOVASEQ-sent-clair3-INS_50	INS_50	I2-HG003-7x-4-D0-PF-ILMN-NOVASEQ			24897.0	0.0	0.0		0.0					HG003	hg38	-1	-2	sent	clair3
I2-HG003-7x-4-D0-PF-ILMN-NOVASEQ-sent-clair3-INS_gt50	INS_gt50	I2-HG003-7x-4-D0-PF-ILMN-NOVASEQ			237.0	0.0	0.0		0.0					HG003	hg38	-1	-2	sent	clair3
I2-HG003-7x-4-D0-PF-ILMN-NOVASEQ-sent-clair3-DEL_50	DEL_50	I2-HG003-7x-4-D0-PF-ILMN-NOVASEQ			21850.0	0.0	0.0		0.0					HG003	hg38	-1	-2	sent	clair3
I2-HG003-7x-4-D0-PF-ILMN-NOVASEQ-sent-clair3-DEL_gt50	DEL_gt50	I2-HG003-7x-4-D0-PF-ILMN-NOVASEQ			136.0	0.0	0.0		0.0					HG003	hg38	-1	-2	sent	clair3
I2-HG003-7x-4-D0-PF-ILMN-NOVASEQ-sent-clair3-Indel_50	Indel_50	I2-HG003-7x-4-D0-PF-ILMN-NOVASEQ			4064.0	0.0	0.0		0.0					HG003	hg38	-1	-2	sent	clair3
I2-HG003-7x-4-D0-PF-ILMN-NOVASEQ-sent-clair3-Indel_gt50	Indel_gt50	I2-HG003-7x-4-D0-PF-ILMN-NOVASEQ			413.0	0.0	0.0		0.0					HG003	hg38	-1	-2	sent	clair3
I2-HG003-7x-4-D0-PF-ILMN-NOVASEQ-sent-clair3-All	All	I2-HG003-7x-4-D0-PF-ILMN-NOVASEQ	3088286401.0	3088081304.0	205097.0	0.0	0.0		0.0	1.0				HG003	hg38	-1	-2	sent	clair3
I2-HG003-7x-4-D0-PF-ILMN-NOVASEQ-sent-clair3-SNPts	SNPts	I2-HG003-7x-4-D0-PF-ILMN-NOVASEQ	332544085.0	332287225.0	7647.0	249213.0	59002.0	0.8820528248462592	0.9702289184769913	0.9998224682719206	0.1914313060688156	0.8085686939311845	0.8085686939311844	HG003	giabHC_x_ultima_x_clinvar	-1	-2	sent	clair3
I2-HG003-7x-4-D0-PF-ILMN-NOVASEQ-sent-clair3-SNPtv	SNPtv	I2-HG003-7x-4-D0-PF-ILMN-NOVASEQ	332544085.0	332429444.0	4165.0	110476.0	12189.0	0.9310847597616579	0.9636691933950332	0.9999633349172004	0.09936819793747198	0.900631802062528	0.900631802062528	HG003	giabHC_x_ultima_x_clinvar	-1	-2	sent	clair3
I2-HG003-7x-4-D0-PF-ILMN-NOVASEQ-sent-clair3-INS_50	INS_50	I2-HG003-7x-4-D0-PF-ILMN-NOVASEQ	332544085.0	332526584.0	1057.0	16444.0	538.0	0.9537453237827335	0.9396034512313582	0.9999983820868603	0.031680602991402664	0.9683193970085974	0.9683193970085974	HG003	giabHC_x_ultima_x_clinvar	-1	-2	sent	clair3
I2-HG003-7x-4-D0-PF-ILMN-NOVASEQ-sent-clair3-INS_gt50	INS_gt50	I2-HG003-7x-4-D0-PF-ILMN-NOVASEQ	332544085.0	332544085.0	0.0	0.0	0.0			1.0				HG003	giabHC_x_ultima_x_clinvar	-1	-2	sent	clair3
I2-HG003-7x-4-D0-PF-ILMN-NOVASEQ-sent-clair3-DEL_50	DEL_50	I2-HG003-7x-4-D0-PF-ILMN-NOVASEQ	332544085.0	332525074.0	1081.0	17930.0	658.0	0.9537487699140934	0.9431381831571196	0.9999980212057694	0.03539918226812998	0.96460081773187	0.96460081773187	HG003	giabHC_x_ultima_x_clinvar	-1	-2	sent	clair3
I2-HG003-7x-4-D0-PF-ILMN-NOVASEQ-sent-clair3-DEL_gt50	DEL_gt50	I2-HG003-7x-4-D0-PF-ILMN-NOVASEQ	332544085.0	332544085.0	0.0	0.0	0.0			1.0				HG003	giabHC_x_ultima_x_clinvar	-1	-2	sent	clair3
I2-HG003-7x-4-D0-PF-ILMN-NOVASEQ-sent-clair3-Indel_50	Indel_50	I2-HG003-7x-4-D0-PF-ILMN-NOVASEQ	332544085.0	332542897.0	109.0	1079.0	0.0	0.9519188354653727	0.9082491582491582	1.0	0.0	1.0	1.0	HG003	giabHC_x_ultima_x_clinvar	-1	-2	sent	clair3
I2-HG003-7x-4-D0-PF-ILMN-NOVASEQ-sent-clair3-Indel_gt50	Indel_gt50	I2-HG003-7x-4-D0-PF-ILMN-NOVASEQ	332544085.0	332544061.0	3.0	21.0	0.0	0.9333333333333333	0.875	1.0	0.0	1.0	1.0	HG003	giabHC_x_ultima_x_clinvar	-1	-2	sent	clair3
I2-HG003-7x-4-D0-PF-ILMN-NOVASEQ-sent-clair3-All	All	I2-HG003-7x-4-D0-PF-ILMN-NOVASEQ	332544085.0	332134860.0	14062.0	395163.0	72387.0	0.9014011576516209	0.9656374854908669	0.9997821028871173	0.15482194417709336	0.8451780558229066	0.8451780558229066	HG003	giabHC_x_ultima_x_clinvar	-1	-2	sent	clair3
I2-HG003-7x-4-D0-PF-ILMN-NOVASEQ-sent-clair3-SNPts	SNPts	I2-HG003-7x-4-D0-PF-ILMN-NOVASEQ	688815815.0	688747404.0	7692.0	60719.0	0.0	0.9404321226670797	0.8875619417929865	1.0	0.0	1.0	1.0	HG003	hg38_m_giabHC	-1	-2	sent	clair3
I2-HG003-7x-4-D0-PF-ILMN-NOVASEQ-sent-clair3-SNPtv	SNPtv	I2-HG003-7x-4-D0-PF-ILMN-NOVASEQ	688815815.0	688780182.0	4604.0	31029.0	0.0	0.9309351654615823	0.8707939269778014	1.0	0.0	1.0	1.0	HG003	hg38_m_giabHC	-1	-2	sent	clair3
I2-HG003-7x-4-D0-PF-ILMN-NOVASEQ-sent-clair3-INS_50	INS_50	I2-HG003-7x-4-D0-PF-ILMN-NOVASEQ	688815815.0	688788782.0	6319.0	20714.0	0.0	0.867656606697803	0.7662486590463508	1.0	0.0	1.0	1.0	HG003	hg38_m_giabHC	-1	-2	sent	clair3
I2-HG003-7x-4-D0-PF-ILMN-NOVASEQ-sent-clair3-INS_gt50	INS_gt50	I2-HG003-7x-4-D0-PF-ILMN-NOVASEQ	688815815.0	688815579.0	236.0	0.0	0.0		0.0	1.0				HG003	hg38_m_giabHC	-1	-2	sent	clair3
I2-HG003-7x-4-D0-PF-ILMN-NOVASEQ-sent-clair3-DEL_50	DEL_50	I2-HG003-7x-4-D0-PF-ILMN-NOVASEQ	688815815.0	688788134.0	5027.0	22654.0	0.0	0.9001291347968611	0.8183952891875294	1.0	0.0	1.0	1.0	HG003	hg38_m_giabHC	-1	-2	sent	clair3
I2-HG003-7x-4-D0-PF-ILMN-NOVASEQ-sent-clair3-DEL_gt50	DEL_gt50	I2-HG003-7x-4-D0-PF-ILMN-NOVASEQ	688815815.0	688815677.0	136.0	2.0	0.0	0.02857142857142857	0.014492753623188406	1.0	0.0	1.0	1.0	HG003	hg38_m_giabHC	-1	-2	sent	clair3
I2-HG003-7x-4-D0-PF-ILMN-NOVASEQ-sent-clair3-Indel_50	Indel_50	I2-HG003-7x-4-D0-PF-ILMN-NOVASEQ	688815815.0	688807111.0	1577.0	7127.0	0.0	0.9003853199418862	0.8188189338235294	1.0	0.0	1.0	1.0	HG003	hg38_m_giabHC	-1	-2	sent	clair3
I2-HG003-7x-4-D0-PF-ILMN-NOVASEQ-sent-clair3-Indel_gt50	Indel_gt50	I2-HG003-7x-4-D0-PF-ILMN-NOVASEQ	688815815.0	688814936.0	329.0	550.0	0.0	0.7697690692792162	0.6257110352673493	1.0	0.0	1.0	1.0	HG003	hg38_m_giabHC	-1	-2	sent	clair3
I2-HG003-7x-4-D0-PF-ILMN-NOVASEQ-sent-clair3-All	All	I2-HG003-7x-4-D0-PF-ILMN-NOVASEQ	688815815.0	688647100.0	25920.0	142795.0	0.0	0.916792398317871	0.8463681356133124	1.0	0.0	1.0	1.0	HG003	hg38_m_giabHC	-1	-2	sent	clair3
I2-HG003-7x-4-D0-PF-ILMN-NOVASEQ-sent-clair3-SNPts	SNPts	I2-HG003-7x-4-D0-PF-ILMN-NOVASEQ			78766.0	0.0	0.0		0.0					HG003	ultima	-1	-2	sent	clair3
I2-HG003-7x-4-D0-PF-ILMN-NOVASEQ-sent-clair3-SNPtv	SNPtv	I2-HG003-7x-4-D0-PF-ILMN-NOVASEQ			45314.0	0.0	0.0		0.0					HG003	ultima	-1	-2	sent	clair3
I2-HG003-7x-4-D0-PF-ILMN-NOVASEQ-sent-clair3-INS_50	INS_50	I2-HG003-7x-4-D0-PF-ILMN-NOVASEQ			12279.0	0.0	0.0		0.0					HG003	ultima	-1	-2	sent	clair3
I2-HG003-7x-4-D0-PF-ILMN-NOVASEQ-sent-clair3-INS_gt50	INS_gt50	I2-HG003-7x-4-D0-PF-ILMN-NOVASEQ			96.0	0.0	0.0		0.0					HG003	ultima	-1	-2	sent	clair3
I2-HG003-7x-4-D0-PF-ILMN-NOVASEQ-sent-clair3-DEL_50	DEL_50	I2-HG003-7x-4-D0-PF-ILMN-NOVASEQ			12088.0	0.0	0.0		0.0					HG003	ultima	-1	-2	sent	clair3
I2-HG003-7x-4-D0-PF-ILMN-NOVASEQ-sent-clair3-DEL_gt50	DEL_gt50	I2-HG003-7x-4-D0-PF-ILMN-NOVASEQ			87.0	0.0	0.0		0.0					HG003	ultima	-1	-2	sent	clair3
I2-HG003-7x-4-D0-PF-ILMN-NOVASEQ-sent-clair3-Indel_50	Indel_50	I2-HG003-7x-4-D0-PF-ILMN-NOVASEQ			1705.0	0.0	0.0		0.0					HG003	ultima	-1	-2	sent	clair3
I2-HG003-7x-4-D0-PF-ILMN-NOVASEQ-sent-clair3-Indel_gt50	Indel_gt50	I2-HG003-7x-4-D0-PF-ILMN-NOVASEQ			176.0	0.0	0.0		0.0					HG003	ultima	-1	-2	sent	clair3
I2-HG003-7x-4-D0-PF-ILMN-NOVASEQ-sent-clair3-All	All	I2-HG003-7x-4-D0-PF-ILMN-NOVASEQ	2799325643.0	2799175132.0	150511.0	0.0	0.0		0.0	1.0				HG003	ultima	-1	-2	sent	clair3
I2-HG003-7x-4-D0-PF-ILMN-NOVASEQ-sent-clair3-SNPts	SNPts	I2-HG003-7x-4-D0-PF-ILMN-NOVASEQ			89628.0	0.0	0.0		0.0					HG003	giabHC	-1	-2	sent	clair3
I2-HG003-7x-4-D0-PF-ILMN-NOVASEQ-sent-clair3-SNPtv	SNPtv	I2-HG003-7x-4-D0-PF-ILMN-NOVASEQ			51576.0	0.0	0.0		0.0					HG003	giabHC	-1	-2	sent	clair3
I2-HG003-7x-4-D0-PF-ILMN-NOVASEQ-sent-clair3-INS_50	INS_50	I2-HG003-7x-4-D0-PF-ILMN-NOVASEQ			18571.0	0.0	0.0		0.0					HG003	giabHC	-1	-2	sent	clair3
I2-HG003-7x-4-D0-PF-ILMN-NOVASEQ-sent-clair3-INS_gt50	INS_gt50	I2-HG003-7x-4-D0-PF-ILMN-NOVASEQ			1.0	0.0	0.0		0.0					HG003	giabHC	-1	-2	sent	clair3
I2-HG003-7x-4-D0-PF-ILMN-NOVASEQ-sent-clair3-DEL_50	DEL_50	I2-HG003-7x-4-D0-PF-ILMN-NOVASEQ			16850.0	0.0	0.0		0.0					HG003	giabHC	-1	-2	sent	clair3
I2-HG003-7x-4-D0-PF-ILMN-NOVASEQ-sent-clair3-DEL_gt50	DEL_gt50	I2-HG003-7x-4-D0-PF-ILMN-NOVASEQ			0.0	0.0	0.0							HG003	giabHC	-1	-2	sent	clair3
I2-HG003-7x-4-D0-PF-ILMN-NOVASEQ-sent-clair3-Indel_50	Indel_50	I2-HG003-7x-4-D0-PF-ILMN-NOVASEQ			2487.0	0.0	0.0		0.0					HG003	giabHC	-1	-2	sent	clair3
I2-HG003-7x-4-D0-PF-ILMN-NOVASEQ-sent-clair3-Indel_gt50	Indel_gt50	I2-HG003-7x-4-D0-PF-ILMN-NOVASEQ			86.0	0.0	0.0		0.0					HG003	giabHC	-1	-2	sent	clair3
I2-HG003-7x-4-D0-PF-ILMN-NOVASEQ-sent-clair3-All	All	I2-HG003-7x-4-D0-PF-ILMN-NOVASEQ	2528531102.0	2528351903.0	179199.0	0.0	0.0		0.0	1.0				HG003	giabHC	-1	-2	sent	clair3
I2-HG003-7x-4-D0-PF-ILMN-NOVASEQ-sent-clair3-SNPts	SNPts	I2-HG003-7x-4-D0-PF-ILMN-NOVASEQ	377862616.0	377589316.0	10718.0	262582.0	0.0	0.979999328210315	0.9607830223197951	1.0	0.0	1.0	1.0	HG003	clinvar_genes	-1	-2	sent	clair3
I2-HG003-7x-4-D0-PF-ILMN-NOVASEQ-sent-clair3-SNPtv	SNPtv	I2-HG003-7x-4-D0-PF-ILMN-NOVASEQ	377862616.0	377738183.0	5796.0	118637.0	0.0	0.9761550170732711	0.9534207163694518	1.0	0.0	1.0	1.0	HG003	clinvar_genes	-1	-2	sent	clair3
I2-HG003-7x-4-D0-PF-ILMN-NOVASEQ-sent-clair3-INS_50	INS_50	I2-HG003-7x-4-D0-PF-ILMN-NOVASEQ	377862616.0	377833466.0	2627.0	26523.0	0.0	0.9528137517288453	0.9098799313893654	1.0	0.0	1.0	1.0	HG003	clinvar_genes	-1	-2	sent	clair3
I2-HG003-7x-4-D0-PF-ILMN-NOVASEQ-sent-clair3-INS_gt50	INS_gt50	I2-HG003-7x-4-D0-PF-ILMN-NOVASEQ	377862616.0	377862586.0	30.0	0.0	0.0		0.0	1.0				HG003	clinvar_genes	-1	-2	sent	clair3
I2-HG003-7x-4-D0-PF-ILMN-NOVASEQ-sent-clair3-DEL_50	DEL_50	I2-HG003-7x-4-D0-PF-ILMN-NOVASEQ	377862616.0	377831703.0	2333.0	28580.0	0.0	0.9607853024725598	0.9245301329537735	1.0	0.0	1.0	1.0	HG003	clinvar_genes	-1	-2	sent	clair3
I2-HG003-7x-4-D0-PF-ILMN-NOVASEQ-sent-clair3-DEL_gt50	DEL_gt50	I2-HG003-7x-4-D0-PF-ILMN-NOVASEQ	377862616.0	377862598.0	18.0	0.0	0.0		0.0	1.0				HG003	clinvar_genes	-1	-2	sent	clair3
I2-HG003-7x-4-D0-PF-ILMN-NOVASEQ-sent-clair3-Indel_50	Indel_50	I2-HG003-7x-4-D0-PF-ILMN-NOVASEQ	377862616.0	377858687.0	385.0	3544.0	0.0	0.9484811989830055	0.9020106897429372	1.0	0.0	1.0	1.0	HG003	clinvar_genes	-1	-2	sent	clair3
I2-HG003-7x-4-D0-PF-ILMN-NOVASEQ-sent-clair3-Indel_gt50	Indel_gt50	I2-HG003-7x-4-D0-PF-ILMN-NOVASEQ	377862616.0	377862488.0	46.0	82.0	0.0	0.780952380952381	0.640625	1.0	0.0	1.0	1.0	HG003	clinvar_genes	-1	-2	sent	clair3
I2-HG003-7x-4-D0-PF-ILMN-NOVASEQ-sent-clair3-All	All	I2-HG003-7x-4-D0-PF-ILMN-NOVASEQ	377862616.0	377400715.0	21953.0	439948.0	0.0	0.9756577875010118	0.952472499518295	1.0	0.0	1.0	1.0	HG003	clinvar_genes	-1	-2	sent	clair3
I2-HG003-7x-4-D0-PF-ILMN-NOVASEQ-sent-oct-SNPts	SNPts	I2-HG003-7x-4-D0-PF-ILMN-NOVASEQ	2799325643.0	2797071917.0	2253726.0	0.0	0.0		0.0	1.0				HG003	ultima	-1	-2	sent	oct
I2-HG003-7x-4-D0-PF-ILMN-NOVASEQ-sent-oct-SNPtv	SNPtv	I2-HG003-7x-4-D0-PF-ILMN-NOVASEQ	2799325643.0	2798267435.0	1058208.0	0.0	0.0		0.0	1.0				HG003	ultima	-1	-2	sent	oct
I2-HG003-7x-4-D0-PF-ILMN-NOVASEQ-sent-oct-INS_50	INS_50	I2-HG003-7x-4-D0-PF-ILMN-NOVASEQ	2799325643.0	2799162256.0	163387.0	0.0	0.0		0.0	1.0				HG003	ultima	-1	-2	sent	oct
I2-HG003-7x-4-D0-PF-ILMN-NOVASEQ-sent-oct-INS_gt50	INS_gt50	I2-HG003-7x-4-D0-PF-ILMN-NOVASEQ	2799325643.0	2799325547.0	96.0	0.0	0.0		0.0	1.0				HG003	ultima	-1	-2	sent	oct
I2-HG003-7x-4-D0-PF-ILMN-NOVASEQ-sent-oct-DEL_50	DEL_50	I2-HG003-7x-4-D0-PF-ILMN-NOVASEQ	2799325643.0	2799148871.0	176772.0	0.0	0.0		0.0	1.0				HG003	ultima	-1	-2	sent	oct
I2-HG003-7x-4-D0-PF-ILMN-NOVASEQ-sent-oct-DEL_gt50	DEL_gt50	I2-HG003-7x-4-D0-PF-ILMN-NOVASEQ	2799325643.0	2799325554.0	89.0	0.0	0.0		0.0	1.0				HG003	ultima	-1	-2	sent	oct
I2-HG003-7x-4-D0-PF-ILMN-NOVASEQ-sent-oct-Indel_50	Indel_50	I2-HG003-7x-4-D0-PF-ILMN-NOVASEQ	2799325643.0	2799308017.0	17626.0	0.0	0.0		0.0	1.0				HG003	ultima	-1	-2	sent	oct
I2-HG003-7x-4-D0-PF-ILMN-NOVASEQ-sent-oct-Indel_gt50	Indel_gt50	I2-HG003-7x-4-D0-PF-ILMN-NOVASEQ	2799325643.0	2799324685.0	958.0	0.0	0.0		0.0	1.0				HG003	ultima	-1	-2	sent	oct
I2-HG003-7x-4-D0-PF-ILMN-NOVASEQ-sent-oct-All	All	I2-HG003-7x-4-D0-PF-ILMN-NOVASEQ	2799325643.0	2795654781.0	3670862.0	0.0	0.0		0.0	1.0				HG003	ultima	-1	-2	sent	oct
I2-HG003-7x-4-D0-PF-ILMN-NOVASEQ-sent-oct-SNPts	SNPts	I2-HG003-7x-4-D0-PF-ILMN-NOVASEQ	332544085.0	332287314.0	256771.0	0.0	0.0		0.0	1.0				HG003	giabHC_x_ultima_x_clinvar	-1	-2	sent	oct
I2-HG003-7x-4-D0-PF-ILMN-NOVASEQ-sent-oct-SNPtv	SNPtv	I2-HG003-7x-4-D0-PF-ILMN-NOVASEQ	332544085.0	332429541.0	114544.0	0.0	0.0		0.0	1.0				HG003	giabHC_x_ultima_x_clinvar	-1	-2	sent	oct
I2-HG003-7x-4-D0-PF-ILMN-NOVASEQ-sent-oct-INS_50	INS_50	I2-HG003-7x-4-D0-PF-ILMN-NOVASEQ	332544085.0	332526629.0	17456.0	0.0	0.0		0.0	1.0				HG003	giabHC_x_ultima_x_clinvar	-1	-2	sent	oct
I2-HG003-7x-4-D0-PF-ILMN-NOVASEQ-sent-oct-INS_gt50	INS_gt50	I2-HG003-7x-4-D0-PF-ILMN-NOVASEQ	332544085.0	332544085.0	0.0	0.0	0.0			1.0				HG003	giabHC_x_ultima_x_clinvar	-1	-2	sent	oct
I2-HG003-7x-4-D0-PF-ILMN-NOVASEQ-sent-oct-DEL_50	DEL_50	I2-HG003-7x-4-D0-PF-ILMN-NOVASEQ	332544085.0	332525184.0	18901.0	0.0	0.0		0.0	1.0				HG003	giabHC_x_ultima_x_clinvar	-1	-2	sent	oct
I2-HG003-7x-4-D0-PF-ILMN-NOVASEQ-sent-oct-DEL_gt50	DEL_gt50	I2-HG003-7x-4-D0-PF-ILMN-NOVASEQ	332544085.0	332544085.0	0.0	0.0	0.0			1.0				HG003	giabHC_x_ultima_x_clinvar	-1	-2	sent	oct
I2-HG003-7x-4-D0-PF-ILMN-NOVASEQ-sent-oct-Indel_50	Indel_50	I2-HG003-7x-4-D0-PF-ILMN-NOVASEQ	332544085.0	332542784.0	1301.0	0.0	0.0		0.0	1.0				HG003	giabHC_x_ultima_x_clinvar	-1	-2	sent	oct
I2-HG003-7x-4-D0-PF-ILMN-NOVASEQ-sent-oct-Indel_gt50	Indel_gt50	I2-HG003-7x-4-D0-PF-ILMN-NOVASEQ	332544085.0	332544054.0	31.0	0.0	0.0		0.0	1.0				HG003	giabHC_x_ultima_x_clinvar	-1	-2	sent	oct
I2-HG003-7x-4-D0-PF-ILMN-NOVASEQ-sent-oct-All	All	I2-HG003-7x-4-D0-PF-ILMN-NOVASEQ	332544085.0	332135081.0	409004.0	0.0	0.0		0.0	1.0				HG003	giabHC_x_ultima_x_clinvar	-1	-2	sent	oct
I2-HG003-7x-4-D0-PF-ILMN-NOVASEQ-sent-oct-SNPts	SNPts	I2-HG003-7x-4-D0-PF-ILMN-NOVASEQ	377862616.0	377589389.0	273227.0	0.0	0.0		0.0	1.0				HG003	clinvar_genes	-1	-2	sent	oct
I2-HG003-7x-4-D0-PF-ILMN-NOVASEQ-sent-oct-SNPtv	SNPtv	I2-HG003-7x-4-D0-PF-ILMN-NOVASEQ	377862616.0	377738293.0	124323.0	0.0	0.0		0.0	1.0				HG003	clinvar_genes	-1	-2	sent	oct
I2-HG003-7x-4-D0-PF-ILMN-NOVASEQ-sent-oct-INS_50	INS_50	I2-HG003-7x-4-D0-PF-ILMN-NOVASEQ	377862616.0	377833542.0	29074.0	0.0	0.0		0.0	1.0				HG003	clinvar_genes	-1	-2	sent	oct
I2-HG003-7x-4-D0-PF-ILMN-NOVASEQ-sent-oct-INS_gt50	INS_gt50	I2-HG003-7x-4-D0-PF-ILMN-NOVASEQ	377862616.0	377862586.0	30.0	0.0	0.0		0.0	1.0				HG003	clinvar_genes	-1	-2	sent	oct
I2-HG003-7x-4-D0-PF-ILMN-NOVASEQ-sent-oct-DEL_50	DEL_50	I2-HG003-7x-4-D0-PF-ILMN-NOVASEQ	377862616.0	377831914.0	30702.0	0.0	0.0		0.0	1.0				HG003	clinvar_genes	-1	-2	sent	oct
I2-HG003-7x-4-D0-PF-ILMN-NOVASEQ-sent-oct-DEL_gt50	DEL_gt50	I2-HG003-7x-4-D0-PF-ILMN-NOVASEQ	377862616.0	377862598.0	18.0	0.0	0.0		0.0	1.0				HG003	clinvar_genes	-1	-2	sent	oct
I2-HG003-7x-4-D0-PF-ILMN-NOVASEQ-sent-oct-Indel_50	Indel_50	I2-HG003-7x-4-D0-PF-ILMN-NOVASEQ	377862616.0	377858426.0	4190.0	0.0	0.0		0.0	1.0				HG003	clinvar_genes	-1	-2	sent	oct
I2-HG003-7x-4-D0-PF-ILMN-NOVASEQ-sent-oct-Indel_gt50	Indel_gt50	I2-HG003-7x-4-D0-PF-ILMN-NOVASEQ	377862616.0	377862434.0	182.0	0.0	0.0		0.0	1.0				HG003	clinvar_genes	-1	-2	sent	oct
I2-HG003-7x-4-D0-PF-ILMN-NOVASEQ-sent-oct-All	All	I2-HG003-7x-4-D0-PF-ILMN-NOVASEQ	377862616.0	377400870.0	461746.0	0.0	0.0		0.0	1.0				HG003	clinvar_genes	-1	-2	sent	oct
I2-HG003-7x-4-D0-PF-ILMN-NOVASEQ-sent-oct-SNPts	SNPts	I2-HG003-7x-4-D0-PF-ILMN-NOVASEQ	337668665.0	337403108.0	265557.0	0.0	0.0		0.0	1.0				HG003	giabHC_x_clinvar_genes	-1	-2	sent	oct
I2-HG003-7x-4-D0-PF-ILMN-NOVASEQ-sent-oct-SNPtv	SNPtv	I2-HG003-7x-4-D0-PF-ILMN-NOVASEQ	337668665.0	337548418.0	120247.0	0.0	0.0		0.0	1.0				HG003	giabHC_x_clinvar_genes	-1	-2	sent	oct
I2-HG003-7x-4-D0-PF-ILMN-NOVASEQ-sent-oct-INS_50	INS_50	I2-HG003-7x-4-D0-PF-ILMN-NOVASEQ	337668665.0	337642389.0	26276.0	0.0	0.0		0.0	1.0				HG003	giabHC_x_clinvar_genes	-1	-2	sent	oct
I2-HG003-7x-4-D0-PF-ILMN-NOVASEQ-sent-oct-INS_gt50	INS_gt50	I2-HG003-7x-4-D0-PF-ILMN-NOVASEQ	337668665.0	337668665.0	0.0	0.0	0.0			1.0				HG003	giabHC_x_clinvar_genes	-1	-2	sent	oct
I2-HG003-7x-4-D0-PF-ILMN-NOVASEQ-sent-oct-DEL_50	DEL_50	I2-HG003-7x-4-D0-PF-ILMN-NOVASEQ	337668665.0	337640749.0	27916.0	0.0	0.0		0.0	1.0				HG003	giabHC_x_clinvar_genes	-1	-2	sent	oct
I2-HG003-7x-4-D0-PF-ILMN-NOVASEQ-sent-oct-DEL_gt50	DEL_gt50	I2-HG003-7x-4-D0-PF-ILMN-NOVASEQ	337668665.0	337668665.0	0.0	0.0	0.0			1.0				HG003	giabHC_x_clinvar_genes	-1	-2	sent	oct
I2-HG003-7x-4-D0-PF-ILMN-NOVASEQ-sent-oct-Indel_50	Indel_50	I2-HG003-7x-4-D0-PF-ILMN-NOVASEQ	337668665.0	337665452.0	3213.0	0.0	0.0		0.0	1.0				HG003	giabHC_x_clinvar_genes	-1	-2	sent	oct
I2-HG003-7x-4-D0-PF-ILMN-NOVASEQ-sent-oct-Indel_gt50	Indel_gt50	I2-HG003-7x-4-D0-PF-ILMN-NOVASEQ	337668665.0	337668619.0	46.0	0.0	0.0		0.0	1.0				HG003	giabHC_x_clinvar_genes	-1	-2	sent	oct
I2-HG003-7x-4-D0-PF-ILMN-NOVASEQ-sent-oct-All	All	I2-HG003-7x-4-D0-PF-ILMN-NOVASEQ	337668665.0	337225410.0	443255.0	0.0	0.0		0.0	1.0				HG003	giabHC_x_clinvar_genes	-1	-2	sent	oct
I2-HG003-7x-4-D0-PF-ILMN-NOVASEQ-sent-oct-SNPts	SNPts	I2-HG003-7x-4-D0-PF-ILMN-NOVASEQ	3088286401.0	3085963687.0	2322714.0	0.0	0.0		0.0	1.0				HG003	hg38	-1	-2	sent	oct
I2-HG003-7x-4-D0-PF-ILMN-NOVASEQ-sent-oct-SNPtv	SNPtv	I2-HG003-7x-4-D0-PF-ILMN-NOVASEQ	3088286401.0	3087179627.0	1106774.0	0.0	0.0		0.0	1.0				HG003	hg38	-1	-2	sent	oct
I2-HG003-7x-4-D0-PF-ILMN-NOVASEQ-sent-oct-INS_50	INS_50	I2-HG003-7x-4-D0-PF-ILMN-NOVASEQ	3088286401.0	3088030915.0	255486.0	0.0	0.0		0.0	1.0				HG003	hg38	-1	-2	sent	oct
I2-HG003-7x-4-D0-PF-ILMN-NOVASEQ-sent-oct-INS_gt50	INS_gt50	I2-HG003-7x-4-D0-PF-ILMN-NOVASEQ	3088286401.0	3088286163.0	238.0	0.0	0.0		0.0	1.0				HG003	hg38	-1	-2	sent	oct
I2-HG003-7x-4-D0-PF-ILMN-NOVASEQ-sent-oct-DEL_50	DEL_50	I2-HG003-7x-4-D0-PF-ILMN-NOVASEQ	3088286401.0	3088017307.0	269094.0	0.0	0.0		0.0	1.0				HG003	hg38	-1	-2	sent	oct
I2-HG003-7x-4-D0-PF-ILMN-NOVASEQ-sent-oct-DEL_gt50	DEL_gt50	I2-HG003-7x-4-D0-PF-ILMN-NOVASEQ	3088286401.0	3088286263.0	138.0	0.0	0.0		0.0	1.0				HG003	hg38	-1	-2	sent	oct
I2-HG003-7x-4-D0-PF-ILMN-NOVASEQ-sent-oct-Indel_50	Indel_50	I2-HG003-7x-4-D0-PF-ILMN-NOVASEQ	3088286401.0	3088243814.0	42587.0	0.0	0.0		0.0	1.0				HG003	hg38	-1	-2	sent	oct
I2-HG003-7x-4-D0-PF-ILMN-NOVASEQ-sent-oct-Indel_gt50	Indel_gt50	I2-HG003-7x-4-D0-PF-ILMN-NOVASEQ	3088286401.0	3088284701.0	1700.0	0.0	0.0		0.0	1.0				HG003	hg38	-1	-2	sent	oct
I2-HG003-7x-4-D0-PF-ILMN-NOVASEQ-sent-oct-All	All	I2-HG003-7x-4-D0-PF-ILMN-NOVASEQ	3088286401.0	3084287670.0	3998731.0	0.0	0.0		0.0	1.0				HG003	hg38	-1	-2	sent	oct
I2-HG003-7x-4-D0-PF-ILMN-NOVASEQ-sent-oct-SNPts	SNPts	I2-HG003-7x-4-D0-PF-ILMN-NOVASEQ	688815815.0	688747871.0	67944.0	0.0	0.0		0.0	1.0				HG003	hg38_m_giabHC	-1	-2	sent	oct
I2-HG003-7x-4-D0-PF-ILMN-NOVASEQ-sent-oct-SNPtv	SNPtv	I2-HG003-7x-4-D0-PF-ILMN-NOVASEQ	688815815.0	688780713.0	35102.0	0.0	0.0		0.0	1.0				HG003	hg38_m_giabHC	-1	-2	sent	oct
I2-HG003-7x-4-D0-PF-ILMN-NOVASEQ-sent-oct-INS_50	INS_50	I2-HG003-7x-4-D0-PF-ILMN-NOVASEQ	688815815.0	688789149.0	26666.0	0.0	0.0		0.0	1.0				HG003	hg38_m_giabHC	-1	-2	sent	oct
I2-HG003-7x-4-D0-PF-ILMN-NOVASEQ-sent-oct-INS_gt50	INS_gt50	I2-HG003-7x-4-D0-PF-ILMN-NOVASEQ	688815815.0	688815578.0	237.0	0.0	0.0		0.0	1.0				HG003	hg38_m_giabHC	-1	-2	sent	oct
I2-HG003-7x-4-D0-PF-ILMN-NOVASEQ-sent-oct-DEL_50	DEL_50	I2-HG003-7x-4-D0-PF-ILMN-NOVASEQ	688815815.0	688789247.0	26568.0	0.0	0.0		0.0	1.0				HG003	hg38_m_giabHC	-1	-2	sent	oct
I2-HG003-7x-4-D0-PF-ILMN-NOVASEQ-sent-oct-DEL_gt50	DEL_gt50	I2-HG003-7x-4-D0-PF-ILMN-NOVASEQ	688815815.0	688815677.0	138.0	0.0	0.0		0.0	1.0				HG003	hg38_m_giabHC	-1	-2	sent	oct
I2-HG003-7x-4-D0-PF-ILMN-NOVASEQ-sent-oct-Indel_50	Indel_50	I2-HG003-7x-4-D0-PF-ILMN-NOVASEQ	688815815.0	688805722.0	10093.0	0.0	0.0		0.0	1.0				HG003	hg38_m_giabHC	-1	-2	sent	oct
I2-HG003-7x-4-D0-PF-ILMN-NOVASEQ-sent-oct-Indel_gt50	Indel_gt50	I2-HG003-7x-4-D0-PF-ILMN-NOVASEQ	688815815.0	688814581.0	1234.0	0.0	0.0		0.0	1.0				HG003	hg38_m_giabHC	-1	-2	sent	oct
I2-HG003-7x-4-D0-PF-ILMN-NOVASEQ-sent-oct-All	All	I2-HG003-7x-4-D0-PF-ILMN-NOVASEQ	688815815.0	688647833.0	167982.0	0.0	0.0		0.0	1.0				HG003	hg38_m_giabHC	-1	-2	sent	oct
I2-HG003-7x-4-D0-PF-ILMN-NOVASEQ-sent-oct-SNPts	SNPts	I2-HG003-7x-4-D0-PF-ILMN-NOVASEQ	2528531102.0	2526276332.0	2254770.0	0.0	0.0		0.0	1.0				HG003	giabHC	-1	-2	sent	oct
I2-HG003-7x-4-D0-PF-ILMN-NOVASEQ-sent-oct-SNPtv	SNPtv	I2-HG003-7x-4-D0-PF-ILMN-NOVASEQ	2528531102.0	2527459430.0	1071672.0	0.0	0.0		0.0	1.0				HG003	giabHC	-1	-2	sent	oct
I2-HG003-7x-4-D0-PF-ILMN-NOVASEQ-sent-oct-INS_50	INS_50	I2-HG003-7x-4-D0-PF-ILMN-NOVASEQ	2528531102.0	2528302362.0	228740.0	0.0	0.0		0.0	1.0				HG003	giabHC	-1	-2	sent	oct
I2-HG003-7x-4-D0-PF-ILMN-NOVASEQ-sent-oct-INS_gt50	INS_gt50	I2-HG003-7x-4-D0-PF-ILMN-NOVASEQ	2528531102.0	2528531101.0	1.0	0.0	0.0		0.0	1.0				HG003	giabHC	-1	-2	sent	oct
I2-HG003-7x-4-D0-PF-ILMN-NOVASEQ-sent-oct-DEL_50	DEL_50	I2-HG003-7x-4-D0-PF-ILMN-NOVASEQ	2528531102.0	2528288385.0	242717.0	0.0	0.0		0.0	1.0				HG003	giabHC	-1	-2	sent	oct
I2-HG003-7x-4-D0-PF-ILMN-NOVASEQ-sent-oct-DEL_gt50	DEL_gt50	I2-HG003-7x-4-D0-PF-ILMN-NOVASEQ	2528531102.0	2528531102.0	0.0	0.0	0.0			1.0				HG003	giabHC	-1	-2	sent	oct
I2-HG003-7x-4-D0-PF-ILMN-NOVASEQ-sent-oct-Indel_50	Indel_50	I2-HG003-7x-4-D0-PF-ILMN-NOVASEQ	2528531102.0	2528498607.0	32495.0	0.0	0.0		0.0	1.0				HG003	giabHC	-1	-2	sent	oct
I2-HG003-7x-4-D0-PF-ILMN-NOVASEQ-sent-oct-Indel_gt50	Indel_gt50	I2-HG003-7x-4-D0-PF-ILMN-NOVASEQ	2528531102.0	2528530634.0	468.0	0.0	0.0		0.0	1.0				HG003	giabHC	-1	-2	sent	oct
I2-HG003-7x-4-D0-PF-ILMN-NOVASEQ-sent-oct-All	All	I2-HG003-7x-4-D0-PF-ILMN-NOVASEQ	2528531102.0	2524700239.0	3830863.0	0.0	0.0		0.0	1.0				HG003	giabHC	-1	-2	sent	oct
I2-HG003-7x-4-D0-PF-ILMN-NOVASEQ-sent-oct-SNPts	SNPts	I2-HG003-7x-4-D0-PF-ILMN-NOVASEQ	2505355380.0	2503152670.0	2202710.0	0.0	0.0		0.0	1.0				HG003	giabHC_x_ultima	-1	-2	sent	oct
I2-HG003-7x-4-D0-PF-ILMN-NOVASEQ-sent-oct-SNPtv	SNPtv	I2-HG003-7x-4-D0-PF-ILMN-NOVASEQ	2505355380.0	2504321399.0	1033981.0	0.0	0.0		0.0	1.0				HG003	giabHC_x_ultima	-1	-2	sent	oct
I2-HG003-7x-4-D0-PF-ILMN-NOVASEQ-sent-oct-INS_50	INS_50	I2-HG003-7x-4-D0-PF-ILMN-NOVASEQ	2505355380.0	2505202001.0	153379.0	0.0	0.0		0.0	1.0				HG003	giabHC_x_ultima	-1	-2	sent	oct
I2-HG003-7x-4-D0-PF-ILMN-NOVASEQ-sent-oct-INS_gt50	INS_gt50	I2-HG003-7x-4-D0-PF-ILMN-NOVASEQ	2505355380.0	2505355380.0	0.0	0.0	0.0			1.0				HG003	giabHC_x_ultima	-1	-2	sent	oct
I2-HG003-7x-4-D0-PF-ILMN-NOVASEQ-sent-oct-DEL_50	DEL_50	I2-HG003-7x-4-D0-PF-ILMN-NOVASEQ	2505355380.0	2505190289.0	165091.0	0.0	0.0		0.0	1.0				HG003	giabHC_x_ultima	-1	-2	sent	oct
I2-HG003-7x-4-D0-PF-ILMN-NOVASEQ-sent-oct-DEL_gt50	DEL_gt50	I2-HG003-7x-4-D0-PF-ILMN-NOVASEQ	2505355380.0	2505355380.0	0.0	0.0	0.0			1.0				HG003	giabHC_x_ultima	-1	-2	sent	oct
I2-HG003-7x-4-D0-PF-ILMN-NOVASEQ-sent-oct-Indel_50	Indel_50	I2-HG003-7x-4-D0-PF-ILMN-NOVASEQ	2505355380.0	2505341371.0	14009.0	0.0	0.0		0.0	1.0				HG003	giabHC_x_ultima	-1	-2	sent	oct
I2-HG003-7x-4-D0-PF-ILMN-NOVASEQ-sent-oct-Indel_gt50	Indel_gt50	I2-HG003-7x-4-D0-PF-ILMN-NOVASEQ	2505355380.0	2505355013.0	367.0	0.0	0.0		0.0	1.0				HG003	giabHC_x_ultima	-1	-2	sent	oct
I2-HG003-7x-4-D0-PF-ILMN-NOVASEQ-sent-oct-All	All	I2-HG003-7x-4-D0-PF-ILMN-NOVASEQ	2505355380.0	2501785843.0	3569537.0	0.0	0.0		0.0	1.0				HG003	giabHC_x_ultima	-1	-2	sent	oct
