mqc_id	VariantClass	Sample	TgtRegionSize	TN	FN	TP	FP	Fscore	Sensitivity-Recall	Specificity	FDR	PPV	Precision	AltId	ROI	AllVarMeanDP	CovBin	Aligner	SNVCaller
On1-HG003-10x-5-D0-PF-ONT-PROMETHION-ont-sentdont-SNPts	SNPts	On1-HG003-10x-5-D0-PF-ONT-PROMETHION	337668665.0	337405700.0	17170.0	245795.0	4898.0	0.9570375619575672	0.934706139600327	0.9999854835620783	0.019537841104458442	0.9804621588955416	0.9804621588955416	HG003	giabHC_x_clinvar_genes	-1	-2	ont	sentdont
On1-HG003-10x-5-D0-PF-ONT-PROMETHION-ont-sentdont-SNPtv	SNPtv	On1-HG003-10x-5-D0-PF-ONT-PROMETHION	337668665.0	337550159.0	8206.0	110300.0	1248.0	0.9589053004946664	0.9307545609505004	0.999996302785371	0.011188008749596585	0.9888119912504034	0.9888119912504034	HG003	giabHC_x_clinvar_genes	-1	-2	ont	sentdont
On1-HG003-10x-5-D0-PF-ONT-PROMETHION-ont-sentdont-INS_50	INS_50	On1-HG003-10x-5-D0-PF-ONT-PROMETHION	337668665.0	337643632.0	7399.0	17634.0	4322.0	0.7505586413841537	0.7044301521990972	0.9999871996855044	0.1968482419384223	0.8031517580615777	0.8031517580615777	HG003	giabHC_x_clinvar_genes	-1	-2	ont	sentdont
On1-HG003-10x-5-D0-PF-ONT-PROMETHION-ont-sentdont-INS_gt50	INS_gt50	On1-HG003-10x-5-D0-PF-ONT-PROMETHION	337668665.0	337668665.0	0.0	0.0	2.0			0.9999999940770341	1.0	0.0	0.0	HG003	giabHC_x_clinvar_genes	-1	-2	ont	sentdont
On1-HG003-10x-5-D0-PF-ONT-PROMETHION-ont-sentdont-DEL_50	DEL_50	On1-HG003-10x-5-D0-PF-ONT-PROMETHION	337668665.0	337641795.0	7124.0	19746.0	8567.0	0.7156551836616349	0.7348716040193525	0.9999746276001327	0.30258185285911066	0.6974181471408893	0.6974181471408893	HG003	giabHC_x_clinvar_genes	-1	-2	ont	sentdont
On1-HG003-10x-5-D0-PF-ONT-PROMETHION-ont-sentdont-DEL_gt50	DEL_gt50	On1-HG003-10x-5-D0-PF-ONT-PROMETHION	337668665.0	337668665.0	0.0	0.0	0.0			1.0				HG003	giabHC_x_clinvar_genes	-1	-2	ont	sentdont
On1-HG003-10x-5-D0-PF-ONT-PROMETHION-ont-sentdont-Indel_50	Indel_50	On1-HG003-10x-5-D0-PF-ONT-PROMETHION	337668665.0	337660499.0	1015.0	7151.0	1750.0	0.8379914454795805	0.8757041391133971	0.9999948173063314	0.19660712279519155	0.8033928772048085	0.8033928772048085	HG003	giabHC_x_clinvar_genes	-1	-2	ont	sentdont
On1-HG003-10x-5-D0-PF-ONT-PROMETHION-ont-sentdont-Indel_gt50	Indel_gt50	On1-HG003-10x-5-D0-PF-ONT-PROMETHION	337668665.0	337668554.0	4.0	107.0	19.0	0.9029535864978903	0.963963963963964	0.9999999437318083	0.15079365079365079	0.8492063492063492	0.8492063492063492	HG003	giabHC_x_clinvar_genes	-1	-2	ont	sentdont
On1-HG003-10x-5-D0-PF-ONT-PROMETHION-ont-sentdont-All	All	On1-HG003-10x-5-D0-PF-ONT-PROMETHION	337668665.0	337227014.0	40918.0	400733.0	20806.0	0.9284931475109767	0.9073521853228002	0.9999383064952058	0.049357236222508476	0.9506427637774916	0.9506427637774916	HG003	giabHC_x_clinvar_genes	-1	-2	ont	sentdont
On1-HG003-10x-5-D0-PF-ONT-PROMETHION-ont-sentdont-SNPts	SNPts	On1-HG003-10x-5-D0-PF-ONT-PROMETHION	2505355380.0	2503171662.0	134124.0	2049594.0	31916.0	0.961071248711675	0.9385799814811253	0.9999872499383269	0.015333099528707525	0.9846669004712925	0.9846669004712925	HG003	giabHC_x_ultima	-1	-2	ont	sentdont
On1-HG003-10x-5-D0-PF-ONT-PROMETHION-ont-sentdont-SNPtv	SNPtv	On1-HG003-10x-5-D0-PF-ONT-PROMETHION	2505355380.0	2504335300.0	65260.0	954820.0	7516.0	0.9632892389891929	0.9360246255195671	0.9999969988134404	0.007810161939281083	0.9921898380607189	0.9921898380607189	HG003	giabHC_x_ultima	-1	-2	ont	sentdont
On1-HG003-10x-5-D0-PF-ONT-PROMETHION-ont-sentdont-INS_50	INS_50	On1-HG003-10x-5-D0-PF-ONT-PROMETHION	2505355380.0	2505210316.0	20915.0	124149.0	13987.0	0.8767584745762712	0.8558222577620912	0.999994416867191	0.10125528464701454	0.8987447153529855	0.8987447153529855	HG003	giabHC_x_ultima	-1	-2	ont	sentdont
On1-HG003-10x-5-D0-PF-ONT-PROMETHION-ont-sentdont-INS_gt50	INS_gt50	On1-HG003-10x-5-D0-PF-ONT-PROMETHION	2505355380.0	2505355380.0	0.0	0.0	2.0			0.99999999920171	1.0	0.0	0.0	HG003	giabHC_x_ultima	-1	-2	ont	sentdont
On1-HG003-10x-5-D0-PF-ONT-PROMETHION-ont-sentdont-DEL_50	DEL_50	On1-HG003-10x-5-D0-PF-ONT-PROMETHION	2505355380.0	2505195080.0	22145.0	138155.0	21736.0	0.8629536745255176	0.8618527760449158	0.9999913237050537	0.13594261090367812	0.8640573890963219	0.8640573890963219	HG003	giabHC_x_ultima	-1	-2	ont	sentdont
On1-HG003-10x-5-D0-PF-ONT-PROMETHION-ont-sentdont-DEL_gt50	DEL_gt50	On1-HG003-10x-5-D0-PF-ONT-PROMETHION	2505355380.0	2505355380.0	0.0	0.0	0.0			1.0				HG003	giabHC_x_ultima	-1	-2	ont	sentdont
On1-HG003-10x-5-D0-PF-ONT-PROMETHION-ont-sentdont-Indel_50	Indel_50	On1-HG003-10x-5-D0-PF-ONT-PROMETHION	2505355380.0	2505308012.0	1165.0	46203.0	5289.0	0.9347157596601255	0.9754053369363284	0.999997888886792	0.10271498485201584	0.8972850151479842	0.8972850151479842	HG003	giabHC_x_ultima	-1	-2	ont	sentdont
On1-HG003-10x-5-D0-PF-ONT-PROMETHION-ont-sentdont-Indel_gt50	Indel_gt50	On1-HG003-10x-5-D0-PF-ONT-PROMETHION	2505355380.0	2505354713.0	27.0	640.0	63.0	0.9343065693430658	0.95952023988006	0.9999999748538608	0.08961593172119488	0.9103840682788051	0.9103840682788051	HG003	giabHC_x_ultima	-1	-2	ont	sentdont
On1-HG003-10x-5-D0-PF-ONT-PROMETHION-ont-sentdont-All	All	On1-HG003-10x-5-D0-PF-ONT-PROMETHION	2505355380.0	2501798183.0	243636.0	3313561.0	80509.0	0.953368932598906	0.9315089943008498	0.999967820582086	0.02372048897046908	0.9762795110295309	0.9762795110295309	HG003	giabHC_x_ultima	-1	-2	ont	sentdont
On1-HG003-10x-5-D0-PF-ONT-PROMETHION-ont-sentdont-SNPts	SNPts	On1-HG003-10x-5-D0-PF-ONT-PROMETHION	688815815.0	688748724.0	6098.0	60993.0	464388.0	0.20589327428131624	0.9091085242431921	0.9993262055060844	0.8839071074134771	0.11609289258652289	0.11609289258652292	HG003	hg38_m_giabHC	-1	-2	ont	sentdont
On1-HG003-10x-5-D0-PF-ONT-PROMETHION-ont-sentdont-SNPtv	SNPtv	On1-HG003-10x-5-D0-PF-ONT-PROMETHION	688815815.0	688781605.0	3647.0	30563.0	370680.0	0.14037335831880823	0.8933937445191464	0.9994621217863335	0.9238292007586425	0.0761707992413575	0.07617079924135749	HG003	hg38_m_giabHC	-1	-2	ont	sentdont
On1-HG003-10x-5-D0-PF-ONT-PROMETHION-ont-sentdont-INS_50	INS_50	On1-HG003-10x-5-D0-PF-ONT-PROMETHION	688815815.0	688791075.0	9139.0	15601.0	128607.0	0.1846840447948481	0.6305982215036379	0.9998133207638564	0.8918159880173083	0.10818401198269167	0.10818401198269166	HG003	hg38_m_giabHC	-1	-2	ont	sentdont
On1-HG003-10x-5-D0-PF-ONT-PROMETHION-ont-sentdont-INS_gt50	INS_gt50	On1-HG003-10x-5-D0-PF-ONT-PROMETHION	688815815.0	688815602.0	148.0	65.0	1331.0	0.0807955251709136	0.3051643192488263	0.9999980677013932	0.9534383954154728	0.04656160458452718	0.04656160458452722	HG003	hg38_m_giabHC	-1	-2	ont	sentdont
On1-HG003-10x-5-D0-PF-ONT-PROMETHION-ont-sentdont-DEL_50	DEL_50	On1-HG003-10x-5-D0-PF-ONT-PROMETHION	688815815.0	688790014.0	8431.0	17370.0	189218.0	0.1494907246040045	0.6732297197783031	0.9997253647262332	0.9159196081088931	0.08408039189110694	0.08408039189110694	HG003	hg38_m_giabHC	-1	-2	ont	sentdont
On1-HG003-10x-5-D0-PF-ONT-PROMETHION-ont-sentdont-DEL_gt50	DEL_gt50	On1-HG003-10x-5-D0-PF-ONT-PROMETHION	688815815.0	688815680.0	100.0	35.0	428.0	0.11705685618729096	0.25925925925925924	0.9999993786440313	0.9244060475161987	0.0755939524838013	0.0755939524838013	HG003	hg38_m_giabHC	-1	-2	ont	sentdont
On1-HG003-10x-5-D0-PF-ONT-PROMETHION-ont-sentdont-Indel_50	Indel_50	On1-HG003-10x-5-D0-PF-ONT-PROMETHION	688815815.0	688801968.0	2650.0	11197.0	87163.0	0.19957756646198543	0.8086228063840543	0.9998734731089842	0.8861630744204961	0.11383692557950387	0.11383692557950387	HG003	hg38_m_giabHC	-1	-2	ont	sentdont
On1-HG003-10x-5-D0-PF-ONT-PROMETHION-ont-sentdont-Indel_gt50	Indel_gt50	On1-HG003-10x-5-D0-PF-ONT-PROMETHION	688815815.0	688814119.0	242.0	1454.0	8201.0	0.25618888203682494	0.8573113207547169	0.9999880941720936	0.8494044536509581	0.15059554634904193	0.15059554634904196	HG003	hg38_m_giabHC	-1	-2	ont	sentdont
On1-HG003-10x-5-D0-PF-ONT-PROMETHION-ont-sentdont-All	All	On1-HG003-10x-5-D0-PF-ONT-PROMETHION	688815815.0	688648082.0	30455.0	137278.0	1250016.0	0.17656027837458768	0.818431674148796	0.9981881150221695	0.9010462093831588	0.09895379061684118	0.09895379061684113	HG003	hg38_m_giabHC	-1	-2	ont	sentdont
On1-HG003-10x-5-D0-PF-ONT-PROMETHION-ont-sentdont-SNPts	SNPts	On1-HG003-10x-5-D0-PF-ONT-PROMETHION	2528531102.0	2526296664.0	139588.0	2094850.0	34100.0	0.9601942343885073	0.9375288103764795	0.9999865021633406	0.016017285516334342	0.9839827144836657	0.9839827144836657	HG003	giabHC	-1	-2	ont	sentdont
On1-HG003-10x-5-D0-PF-ONT-PROMETHION-ont-sentdont-SNPtv	SNPtv	On1-HG003-10x-5-D0-PF-ONT-PROMETHION	2528531102.0	2527475576.0	70368.0	985158.0	8844.0	0.9613511013267445	0.9333337122913126	0.9999965008686383	0.008897366403689329	0.9911026335963107	0.9911026335963107	HG003	giabHC	-1	-2	ont	sentdont
On1-HG003-10x-5-D0-PF-ONT-PROMETHION-ont-sentdont-INS_50	INS_50	On1-HG003-10x-5-D0-PF-ONT-PROMETHION	2528531102.0	2528314437.0	64688.0	151977.0	38637.0	0.7463041305837032	0.701437703366949	0.9999847185108768	0.2026975982876389	0.7973024017123611	0.7973024017123611	HG003	giabHC	-1	-2	ont	sentdont
On1-HG003-10x-5-D0-PF-ONT-PROMETHION-ont-sentdont-INS_gt50	INS_gt50	On1-HG003-10x-5-D0-PF-ONT-PROMETHION	2528531102.0	2528531101.0	0.0	1.0	5.0	0.2857142857142857	1.0	0.9999999980225673	0.8333333333333334	0.16666666666666663	0.16666666666666666	HG003	giabHC	-1	-2	ont	sentdont
On1-HG003-10x-5-D0-PF-ONT-PROMETHION-ont-sentdont-DEL_50	DEL_50	On1-HG003-10x-5-D0-PF-ONT-PROMETHION	2528531102.0	2528297978.0	61947.0	171177.0	68686.0	0.7238127052117711	0.7342744633757142	0.9999728338452734	0.28635512771873944	0.7136448722812605	0.7136448722812605	HG003	giabHC	-1	-2	ont	sentdont
On1-HG003-10x-5-D0-PF-ONT-PROMETHION-ont-sentdont-DEL_gt50	DEL_gt50	On1-HG003-10x-5-D0-PF-ONT-PROMETHION	2528531102.0	2528531102.0	0.0	0.0	0.0			1.0				HG003	giabHC	-1	-2	ont	sentdont
On1-HG003-10x-5-D0-PF-ONT-PROMETHION-ont-sentdont-Indel_50	Indel_50	On1-HG003-10x-5-D0-PF-ONT-PROMETHION	2528531102.0	2528454803.0	9262.0	67037.0	15291.0	0.8452155055570615	0.8786091560833038	0.9999939524695046	0.18573267903993781	0.8142673209600622	0.8142673209600622	HG003	giabHC	-1	-2	ont	sentdont
On1-HG003-10x-5-D0-PF-ONT-PROMETHION-ont-sentdont-Indel_gt50	Indel_gt50	On1-HG003-10x-5-D0-PF-ONT-PROMETHION	2528531102.0	2528530061.0	35.0	1006.0	158.0	0.9124716553287983	0.9663784822286263	0.9999999375131059	0.13573883161512026	0.8642611683848798	0.8642611683848798	HG003	giabHC	-1	-2	ont	sentdont
On1-HG003-10x-5-D0-PF-ONT-PROMETHION-ont-sentdont-All	All	On1-HG003-10x-5-D0-PF-ONT-PROMETHION	2528531102.0	2524714008.0	345888.0	3471206.0	165721.0	0.9313646956454777	0.9093844689179779	0.9999343647944507	0.045566215654039795	0.9544337843459602	0.9544337843459602	HG003	giabHC	-1	-2	ont	sentdont
On1-HG003-10x-5-D0-PF-ONT-PROMETHION-ont-sentdont-SNPts	SNPts	On1-HG003-10x-5-D0-PF-ONT-PROMETHION	332544085.0	332289684.0	16278.0	238123.0	4478.0	0.9582375926052612	0.9360144024591098	0.999986523988345	0.018458291598138506	0.9815417084018615	0.9815417084018615	HG003	giabHC_x_ultima_x_clinvar	-1	-2	ont	sentdont
On1-HG003-10x-5-D0-PF-ONT-PROMETHION-ont-sentdont-SNPtv	SNPtv	On1-HG003-10x-5-D0-PF-ONT-PROMETHION	332544085.0	332431021.0	7501.0	105563.0	1029.0	0.9611665513348144	0.9336570437982028	0.9999969046305854	0.009653632542779947	0.99034636745722	0.99034636745722	HG003	giabHC_x_ultima_x_clinvar	-1	-2	ont	sentdont
On1-HG003-10x-5-D0-PF-ONT-PROMETHION-ont-sentdont-INS_50	INS_50	On1-HG003-10x-5-D0-PF-ONT-PROMETHION	332544085.0	332527453.0	2375.0	14257.0	1561.0	0.8787057010785825	0.8572029822029822	0.9999953056727856	0.0986850423568087	0.9013149576431914	0.9013149576431913	HG003	giabHC_x_ultima_x_clinvar	-1	-2	ont	sentdont
On1-HG003-10x-5-D0-PF-ONT-PROMETHION-ont-sentdont-INS_gt50	INS_gt50	On1-HG003-10x-5-D0-PF-ONT-PROMETHION	332544085.0	332544085.0	0.0	0.0	0.0			1.0				HG003	giabHC_x_ultima_x_clinvar	-1	-2	ont	sentdont
On1-HG003-10x-5-D0-PF-ONT-PROMETHION-ont-sentdont-DEL_50	DEL_50	On1-HG003-10x-5-D0-PF-ONT-PROMETHION	332544085.0	332525676.0	2555.0	15854.0	2698.0	0.857877221936636	0.8612091911564995	0.9999918864066619	0.1454290642518327	0.8545709357481673	0.8545709357481673	HG003	giabHC_x_ultima_x_clinvar	-1	-2	ont	sentdont
On1-HG003-10x-5-D0-PF-ONT-PROMETHION-ont-sentdont-DEL_gt50	DEL_gt50	On1-HG003-10x-5-D0-PF-ONT-PROMETHION	332544085.0	332544085.0	0.0	0.0	0.0			1.0				HG003	giabHC_x_ultima_x_clinvar	-1	-2	ont	sentdont
On1-HG003-10x-5-D0-PF-ONT-PROMETHION-ont-sentdont-Indel_50	Indel_50	On1-HG003-10x-5-D0-PF-ONT-PROMETHION	332544085.0	332539046.0	113.0	4926.0	619.0	0.9308390022675737	0.9775749156578686	0.9999981385679209	0.11163210099188459	0.8883678990081154	0.8883678990081154	HG003	giabHC_x_ultima_x_clinvar	-1	-2	ont	sentdont
On1-HG003-10x-5-D0-PF-ONT-PROMETHION-ont-sentdont-Indel_gt50	Indel_gt50	On1-HG003-10x-5-D0-PF-ONT-PROMETHION	332544085.0	332544020.0	2.0	63.0	5.0	0.9473684210526316	0.9692307692307692	0.9999999849643968	0.07352941176470588	0.9264705882352942	0.9264705882352942	HG003	giabHC_x_ultima_x_clinvar	-1	-2	ont	sentdont
On1-HG003-10x-5-D0-PF-ONT-PROMETHION-ont-sentdont-All	All	On1-HG003-10x-5-D0-PF-ONT-PROMETHION	332544085.0	332136475.0	28824.0	378786.0	10390.0	0.9507847778449923	0.9292853462868919	0.9999687186570314	0.026697432524102206	0.9733025674758978	0.9733025674758978	HG003	giabHC_x_ultima_x_clinvar	-1	-2	ont	sentdont
On1-HG003-10x-5-D0-PF-ONT-PROMETHION-ont-sentdont-SNPts	SNPts	On1-HG003-10x-5-D0-PF-ONT-PROMETHION	3088286401.0	3085984905.0	145686.0	2155810.0	498488.0	0.8700159853294951	0.9366994337596068	0.999838493218162	0.1878040822846568	0.8121959177153432	0.8121959177153432	HG003	hg38	-1	-2	ont	sentdont
On1-HG003-10x-5-D0-PF-ONT-PROMETHION-ont-sentdont-SNPtv	SNPtv	On1-HG003-10x-5-D0-PF-ONT-PROMETHION	3088286401.0	3087196678.0	74015.0	1015708.0	379524.0	0.8174860309341617	0.9320790696351274	0.9998770802807218	0.2720149767207174	0.7279850232792826	0.7279850232792826	HG003	hg38	-1	-2	ont	sentdont
On1-HG003-10x-5-D0-PF-ONT-PROMETHION-ont-sentdont-INS_50	INS_50	On1-HG003-10x-5-D0-PF-ONT-PROMETHION	3088286401.0	3088044921.0	73834.0	167646.0	167245.0	0.5817294763268798	0.6942438297167467	0.999945844070611	0.49940129773568115	0.5005987022643188	0.5005987022643188	HG003	hg38	-1	-2	ont	sentdont
On1-HG003-10x-5-D0-PF-ONT-PROMETHION-ont-sentdont-INS_gt50	INS_gt50	On1-HG003-10x-5-D0-PF-ONT-PROMETHION	3088286401.0	3088286187.0	148.0	66.0	1336.0	0.08168316831683169	0.308411214953271	0.9999995673977925	0.9529243937232525	0.04707560627674745	0.047075606276747506	HG003	hg38	-1	-2	ont	sentdont
On1-HG003-10x-5-D0-PF-ONT-PROMETHION-ont-sentdont-DEL_50	DEL_50	On1-HG003-10x-5-D0-PF-ONT-PROMETHION	3088286401.0	3088027666.0	70351.0	188384.0	257898.0	0.5344098085578078	0.7280963147622085	0.9999164915307683	0.5778812499719908	0.42211875002800925	0.4221187500280092	HG003	hg38	-1	-2	ont	sentdont
On1-HG003-10x-5-D0-PF-ONT-PROMETHION-ont-sentdont-DEL_gt50	DEL_gt50	On1-HG003-10x-5-D0-PF-ONT-PROMETHION	3088286401.0	3088286266.0	100.0	35.0	428.0	0.11705685618729096	0.25925925925925924	0.9999998614118304	0.9244060475161987	0.0755939524838013	0.0755939524838013	HG003	hg38	-1	-2	ont	sentdont
On1-HG003-10x-5-D0-PF-ONT-PROMETHION-ont-sentdont-Indel_50	Indel_50	On1-HG003-10x-5-D0-PF-ONT-PROMETHION	3088286401.0	3088196257.0	11912.0	78232.0	102453.0	0.57772247432882	0.8678558750443734	0.999966825424086	0.5670254863436367	0.4329745136563633	0.4329745136563633	HG003	hg38	-1	-2	ont	sentdont
On1-HG003-10x-5-D0-PF-ONT-PROMETHION-ont-sentdont-Indel_gt50	Indel_gt50	On1-HG003-10x-5-D0-PF-ONT-PROMETHION	3088286401.0	3088283667.0	275.0	2459.0	8358.0	0.36292524536934545	0.8994147768836869	0.9999972936497157	0.7726726449107886	0.22732735508921142	0.22732735508921142	HG003	hg38	-1	-2	ont	sentdont
On1-HG003-10x-5-D0-PF-ONT-PROMETHION-ont-sentdont-All	All	On1-HG003-10x-5-D0-PF-ONT-PROMETHION	3088286401.0	3084301740.0	376321.0	3608340.0	1415730.0	0.8010762004104685	0.9055575869565817	0.9995411990845682	0.2817894655130203	0.7182105344869797	0.7182105344869797	HG003	hg38	-1	-2	ont	sentdont
On1-HG003-10x-5-D0-PF-ONT-PROMETHION-ont-sentdont-SNPts	SNPts	On1-HG003-10x-5-D0-PF-ONT-PROMETHION	2799325643.0	2797091276.0	137738.0	2096629.0	216125.0	0.9221786708556909	0.9383548002633408	0.9999227382017712	0.09344919520191079	0.9065508047980892	0.9065508047980892	HG003	ultima	-1	-2	ont	sentdont
On1-HG003-10x-5-D0-PF-ONT-PROMETHION-ont-sentdont-SNPtv	SNPtv	On1-HG003-10x-5-D0-PF-ONT-PROMETHION	2799325643.0	2798281651.0	67103.0	976889.0	120199.0	0.9125198497954303	0.9357246032536648	0.9999570472696765	0.1095618583012484	0.8904381416987516	0.8904381416987516	HG003	ultima	-1	-2	ont	sentdont
On1-HG003-10x-5-D0-PF-ONT-PROMETHION-ont-sentdont-INS_50	INS_50	On1-HG003-10x-5-D0-PF-ONT-PROMETHION	2799325643.0	2799171219.0	22550.0	131874.0	63490.0	0.7540224364472196	0.8539734756255505	0.9999773188008152	0.32498310845396283	0.6750168915460372	0.6750168915460372	HG003	ultima	-1	-2	ont	sentdont
On1-HG003-10x-5-D0-PF-ONT-PROMETHION-ont-sentdont-INS_gt50	INS_gt50	On1-HG003-10x-5-D0-PF-ONT-PROMETHION	2799325643.0	2799325559.0	63.0	21.0	266.0	0.11320754716981131	0.25	0.9999999049771207	0.926829268292683	0.07317073170731703	0.07317073170731707	HG003	ultima	-1	-2	ont	sentdont
On1-HG003-10x-5-D0-PF-ONT-PROMETHION-ont-sentdont-DEL_50	DEL_50	On1-HG003-10x-5-D0-PF-ONT-PROMETHION	2799325643.0	2799153765.0	24401.0	147477.0	87511.0	0.7249413811918419	0.8580330234235911	0.9999687376001668	0.37240625053194204	0.6275937494680579	0.6275937494680579	HG003	ultima	-1	-2	ont	sentdont
On1-HG003-10x-5-D0-PF-ONT-PROMETHION-ont-sentdont-DEL_gt50	DEL_gt50	On1-HG003-10x-5-D0-PF-ONT-PROMETHION	2799325643.0	2799325557.0	66.0	20.0	108.0	0.1869158878504673	0.23255813953488372	0.9999999614192799	0.84375	0.15625	0.15625	HG003	ultima	-1	-2	ont	sentdont
On1-HG003-10x-5-D0-PF-ONT-PROMETHION-ont-sentdont-Indel_50	Indel_50	On1-HG003-10x-5-D0-PF-ONT-PROMETHION	2799325643.0	2799273116.0	1485.0	51042.0	19732.0	0.8279251587578365	0.971728825175624	0.9999929510769071	0.27880295023596235	0.7211970497640376	0.7211970497640376	HG003	ultima	-1	-2	ont	sentdont
On1-HG003-10x-5-D0-PF-ONT-PROMETHION-ont-sentdont-Indel_gt50	Indel_gt50	On1-HG003-10x-5-D0-PF-ONT-PROMETHION	2799325643.0	2799324249.0	122.0	1272.0	1238.0	0.6516393442622951	0.9124820659971306	0.9999995577506061	0.4932270916334661	0.5067729083665339	0.5067729083665339	HG003	ultima	-1	-2	ont	sentdont
On1-HG003-10x-5-D0-PF-ONT-PROMETHION-ont-sentdont-All	All	On1-HG003-10x-5-D0-PF-ONT-PROMETHION	2799325643.0	2795666891.0	253528.0	3405224.0	508669.0	0.8993486423832096	0.9307064266722642	0.9998180840261689	0.12996497349314354	0.8700350265068565	0.8700350265068565	HG003	ultima	-1	-2	ont	sentdont
On1-HG003-10x-5-D0-PF-ONT-PROMETHION-ont-sentdont-SNPts	SNPts	On1-HG003-10x-5-D0-PF-ONT-PROMETHION	377862616.0	377592061.0	17957.0	252598.0	48346.0	0.8839840489659649	0.9336290218255068	0.9998719787419359	0.1606478281673667	0.8393521718326333	0.8393521718326333	HG003	clinvar_genes	-1	-2	ont	sentdont
On1-HG003-10x-5-D0-PF-ONT-PROMETHION-ont-sentdont-SNPtv	SNPtv	On1-HG003-10x-5-D0-PF-ONT-PROMETHION	377862616.0	377740122.0	8725.0	113769.0	26763.0	0.8650779770821136	0.9287720214867667	0.9999291547219656	0.1904406113909999	0.8095593886090001	0.8095593886090001	HG003	clinvar_genes	-1	-2	ont	sentdont
On1-HG003-10x-5-D0-PF-ONT-PROMETHION-ont-sentdont-INS_50	INS_50	On1-HG003-10x-5-D0-PF-ONT-PROMETHION	377862616.0	377834979.0	8399.0	19238.0	17994.0	0.5931338543834497	0.6960958135832399	0.9999523783024462	0.4832939406961753	0.5167060593038246	0.5167060593038246	HG003	clinvar_genes	-1	-2	ont	sentdont
On1-HG003-10x-5-D0-PF-ONT-PROMETHION-ont-sentdont-INS_gt50	INS_gt50	On1-HG003-10x-5-D0-PF-ONT-PROMETHION	377862616.0	377862587.0	16.0	13.0	163.0	0.12682926829268293	0.4482758620689655	0.9999995686264391	0.9261363636363636	0.07386363636363635	0.07386363636363637	HG003	clinvar_genes	-1	-2	ont	sentdont
On1-HG003-10x-5-D0-PF-ONT-PROMETHION-ont-sentdont-DEL_50	DEL_50	On1-HG003-10x-5-D0-PF-ONT-PROMETHION	377862616.0	377833021.0	8063.0	21532.0	28920.0	0.5379839344385173	0.7275553302922791	0.9999234641098718	0.5732181083009593	0.4267818916990407	0.4267818916990407	HG003	clinvar_genes	-1	-2	ont	sentdont
On1-HG003-10x-5-D0-PF-ONT-PROMETHION-ont-sentdont-DEL_gt50	DEL_gt50	On1-HG003-10x-5-D0-PF-ONT-PROMETHION	377862616.0	377862599.0	14.0	3.0	65.0	0.07058823529411765	0.17647058823529413	0.9999998279798292	0.9558823529411765	0.044117647058823484	0.04411764705882353	HG003	clinvar_genes	-1	-2	ont	sentdont
On1-HG003-10x-5-D0-PF-ONT-PROMETHION-ont-sentdont-Indel_50	Indel_50	On1-HG003-10x-5-D0-PF-ONT-PROMETHION	377862616.0	377853116.0	1302.0	8198.0	10498.0	0.5815009221166124	0.8629473684210527	0.999972217489033	0.5615104835258878	0.43848951647411216	0.4384895164741121	HG003	clinvar_genes	-1	-2	ont	sentdont
On1-HG003-10x-5-D0-PF-ONT-PROMETHION-ont-sentdont-Indel_gt50	Indel_gt50	On1-HG003-10x-5-D0-PF-ONT-PROMETHION	377862616.0	377862320.0	32.0	264.0	822.0	0.38205499276411	0.8918918918918919	0.9999978246092073	0.7569060773480663	0.24309392265193375	0.2430939226519337	HG003	clinvar_genes	-1	-2	ont	sentdont
On1-HG003-10x-5-D0-PF-ONT-PROMETHION-ont-sentdont-All	All	On1-HG003-10x-5-D0-PF-ONT-PROMETHION	377862616.0	377402493.0	44508.0	415615.0	133571.0	0.8235634478638355	0.9032693431973624	0.9996462033359547	0.24321632379558109	0.7567836762044189	0.7567836762044189	HG003	clinvar_genes	-1	-2	ont	sentdont
On1-HG003-15x-6-D0-PF-ONT-PROMETHION-ont-sentdont-SNPts	SNPts	On1-HG003-15x-6-D0-PF-ONT-PROMETHION	332544085.0	332290099.0	6619.0	247367.0	2493.0	0.9819151089817127	0.9739395084768452	0.9999924975757509	0.009977587448971424	0.9900224125510286	0.9900224125510286	HG003	giabHC_x_ultima_x_clinvar	-1	-2	ont	sentdont
On1-HG003-15x-6-D0-PF-ONT-PROMETHION-ont-sentdont-SNPtv	SNPtv	On1-HG003-15x-6-D0-PF-ONT-PROMETHION	332544085.0	332431206.0	3081.0	109798.0	622.0	0.9834168536357082	0.9727052861914085	0.9999981289396874	0.005633037493207752	0.9943669625067922	0.9943669625067922	HG003	giabHC_x_ultima_x_clinvar	-1	-2	ont	sentdont
On1-HG003-15x-6-D0-PF-ONT-PROMETHION-ont-sentdont-INS_50	INS_50	On1-HG003-15x-6-D0-PF-ONT-PROMETHION	332544085.0	332527715.0	1229.0	15141.0	840.0	0.9360452536243083	0.924923640806353	0.9999974739011511	0.052562417871222074	0.9474375821287779	0.9474375821287779	HG003	giabHC_x_ultima_x_clinvar	-1	-2	ont	sentdont
On1-HG003-15x-6-D0-PF-ONT-PROMETHION-ont-sentdont-INS_gt50	INS_gt50	On1-HG003-15x-6-D0-PF-ONT-PROMETHION	332544085.0	332544085.0	0.0	0.0	0.0			1.0				HG003	giabHC_x_ultima_x_clinvar	-1	-2	ont	sentdont
On1-HG003-15x-6-D0-PF-ONT-PROMETHION-ont-sentdont-DEL_50	DEL_50	On1-HG003-15x-6-D0-PF-ONT-PROMETHION	332544085.0	332525779.0	1299.0	17007.0	1422.0	0.9259289505920785	0.9290396591281547	0.9999957236581076	0.07716099625590103	0.922839003744099	0.922839003744099	HG003	giabHC_x_ultima_x_clinvar	-1	-2	ont	sentdont
On1-HG003-15x-6-D0-PF-ONT-PROMETHION-ont-sentdont-DEL_gt50	DEL_gt50	On1-HG003-15x-6-D0-PF-ONT-PROMETHION	332544085.0	332544085.0	0.0	0.0	0.0			1.0				HG003	giabHC_x_ultima_x_clinvar	-1	-2	ont	sentdont
On1-HG003-15x-6-D0-PF-ONT-PROMETHION-ont-sentdont-Indel_50	Indel_50	On1-HG003-15x-6-D0-PF-ONT-PROMETHION	332544085.0	332538273.0	61.0	5751.0	425.0	0.9594594594594594	0.989504473503097	0.9999987219532567	0.06881476683937823	0.9311852331606217	0.9311852331606217	HG003	giabHC_x_ultima_x_clinvar	-1	-2	ont	sentdont
On1-HG003-15x-6-D0-PF-ONT-PROMETHION-ont-sentdont-Indel_gt50	Indel_gt50	On1-HG003-15x-6-D0-PF-ONT-PROMETHION	332544085.0	332544008.0	2.0	75.0	9.0	0.9316770186335404	0.974025974025974	0.9999999729359136	0.10714285714285714	0.8928571428571429	0.8928571428571429	HG003	giabHC_x_ultima_x_clinvar	-1	-2	ont	sentdont
On1-HG003-15x-6-D0-PF-ONT-PROMETHION-ont-sentdont-All	All	On1-HG003-15x-6-D0-PF-ONT-PROMETHION	332544085.0	332136655.0	12291.0	395139.0	5811.0	0.9776070659838195	0.9698328547235108	0.9999825044955257	0.014493078937523381	0.9855069210624766	0.9855069210624766	HG003	giabHC_x_ultima_x_clinvar	-1	-2	ont	sentdont
On1-HG003-15x-6-D0-PF-ONT-PROMETHION-ont-sentdont-SNPts	SNPts	On1-HG003-15x-6-D0-PF-ONT-PROMETHION	2505355380.0	2503175229.0	53983.0	2126168.0	17116.0	0.9835549742276685	0.9752388710690223	0.999993162331279	0.007985875880191333	0.9920141241198087	0.9920141241198087	HG003	giabHC_x_ultima	-1	-2	ont	sentdont
On1-HG003-15x-6-D0-PF-ONT-PROMETHION-ont-sentdont-SNPtv	SNPtv	On1-HG003-15x-6-D0-PF-ONT-PROMETHION	2505355380.0	2504337116.0	26828.0	991436.0	4603.0	0.9843960913526912	0.9736531979918763	0.9999981619920456	0.004621304989061673	0.9953786950109383	0.9953786950109383	HG003	giabHC_x_ultima	-1	-2	ont	sentdont
On1-HG003-15x-6-D0-PF-ONT-PROMETHION-ont-sentdont-INS_50	INS_50	On1-HG003-15x-6-D0-PF-ONT-PROMETHION	2505355380.0	2505212138.0	11174.0	132068.0	7733.0	0.9332009623979396	0.9219921531394424	0.9999969132449852	0.05531433966852884	0.9446856603314712	0.9446856603314712	HG003	giabHC_x_ultima	-1	-2	ont	sentdont
On1-HG003-15x-6-D0-PF-ONT-PROMETHION-ont-sentdont-INS_gt50	INS_gt50	On1-HG003-15x-6-D0-PF-ONT-PROMETHION	2505355380.0	2505355380.0	0.0	0.0	1.0			0.9999999996008551	1.0	0.0	0.0	HG003	giabHC_x_ultima	-1	-2	ont	sentdont
On1-HG003-15x-6-D0-PF-ONT-PROMETHION-ont-sentdont-DEL_50	DEL_50	On1-HG003-15x-6-D0-PF-ONT-PROMETHION	2505355380.0	2505196362.0	11773.0	147245.0	11765.0	0.9259876488862615	0.9259643562364009	0.999995303783397	0.07398905729199422	0.9260109427080058	0.9260109427080058	HG003	giabHC_x_ultima	-1	-2	ont	sentdont
On1-HG003-15x-6-D0-PF-ONT-PROMETHION-ont-sentdont-DEL_gt50	DEL_gt50	On1-HG003-15x-6-D0-PF-ONT-PROMETHION	2505355380.0	2505355380.0	0.0	0.0	0.0			1.0				HG003	giabHC_x_ultima	-1	-2	ont	sentdont
On1-HG003-15x-6-D0-PF-ONT-PROMETHION-ont-sentdont-Indel_50	Indel_50	On1-HG003-15x-6-D0-PF-ONT-PROMETHION	2505355380.0	2505301633.0	596.0	53151.0	3966.0	0.9588504834752489	0.988911008986548	0.999998416959591	0.06943641998004096	0.930563580019959	0.930563580019959	HG003	giabHC_x_ultima	-1	-2	ont	sentdont
On1-HG003-15x-6-D0-PF-ONT-PROMETHION-ont-sentdont-Indel_gt50	Indel_gt50	On1-HG003-15x-6-D0-PF-ONT-PROMETHION	2505355380.0	2505354563.0	20.0	797.0	76.0	0.9431952662721893	0.9755201958384333	0.9999999696649733	0.08705612829324169	0.9129438717067583	0.9129438717067583	HG003	giabHC_x_ultima	-1	-2	ont	sentdont
On1-HG003-15x-6-D0-PF-ONT-PROMETHION-ont-sentdont-All	All	On1-HG003-15x-6-D0-PF-ONT-PROMETHION	2505355380.0	2501800141.0	104374.0	3450865.0	45260.0	0.9787794248034849	0.9706421987382564	0.9999819093537986	0.01294576137866924	0.9870542386213308	0.9870542386213308	HG003	giabHC_x_ultima	-1	-2	ont	sentdont
On1-HG003-15x-6-D0-PF-ONT-PROMETHION-ont-sentdont-SNPts	SNPts	On1-HG003-15x-6-D0-PF-ONT-PROMETHION	2528531102.0	2526300406.0	57291.0	2173405.0	18868.0	0.9827810233352301	0.9743169844748006	0.999992531426968	0.008606592335899771	0.9913934076641002	0.9913934076641002	HG003	giabHC	-1	-2	ont	sentdont
On1-HG003-15x-6-D0-PF-ONT-PROMETHION-ont-sentdont-SNPtv	SNPtv	On1-HG003-15x-6-D0-PF-ONT-PROMETHION	2528531102.0	2527477645.0	30003.0	1023454.0	5682.0	0.9828651109458257	0.9715194829974075	0.9999977519139536	0.005521136176365417	0.9944788638236346	0.9944788638236346	HG003	giabHC	-1	-2	ont	sentdont
On1-HG003-15x-6-D0-PF-ONT-PROMETHION-ont-sentdont-INS_50	INS_50	On1-HG003-15x-6-D0-PF-ONT-PROMETHION	2528531102.0	2528316819.0	50182.0	164101.0	26328.0	0.8109519856095199	0.7658143669819818	0.9999895868565027	0.13825625298667746	0.8617437470133226	0.8617437470133226	HG003	giabHC	-1	-2	ont	sentdont
On1-HG003-15x-6-D0-PF-ONT-PROMETHION-ont-sentdont-INS_gt50	INS_gt50	On1-HG003-15x-6-D0-PF-ONT-PROMETHION	2528531102.0	2528531101.0	0.0	1.0	3.0	0.4	1.0	0.9999999988135404	0.75	0.25	0.25	HG003	giabHC	-1	-2	ont	sentdont
On1-HG003-15x-6-D0-PF-ONT-PROMETHION-ont-sentdont-DEL_50	DEL_50	On1-HG003-15x-6-D0-PF-ONT-PROMETHION	2528531102.0	2528299372.0	45835.0	185895.0	47757.0	0.7988920929472992	0.8022051525482242	0.9999811113753123	0.20439371372810847	0.7956062862718916	0.7956062862718916	HG003	giabHC	-1	-2	ont	sentdont
On1-HG003-15x-6-D0-PF-ONT-PROMETHION-ont-sentdont-DEL_gt50	DEL_gt50	On1-HG003-15x-6-D0-PF-ONT-PROMETHION	2528531102.0	2528531102.0	0.0	0.0	0.0			1.0				HG003	giabHC	-1	-2	ont	sentdont
On1-HG003-15x-6-D0-PF-ONT-PROMETHION-ont-sentdont-Indel_50	Indel_50	On1-HG003-15x-6-D0-PF-ONT-PROMETHION	2528531102.0	2528447580.0	7384.0	76138.0	11261.0	0.8909145160629764	0.9115921553602644	0.9999955462988689	0.1288458678016911	0.871154132198309	0.871154132198309	HG003	giabHC	-1	-2	ont	sentdont
On1-HG003-15x-6-D0-PF-ONT-PROMETHION-ont-sentdont-Indel_gt50	Indel_gt50	On1-HG003-15x-6-D0-PF-ONT-PROMETHION	2528531102.0	2528529816.0	25.0	1261.0	195.0	0.9197665937272065	0.9805598755832037	0.9999999228800928	0.13392857142857142	0.8660714285714286	0.8660714285714286	HG003	giabHC	-1	-2	ont	sentdont
On1-HG003-15x-6-D0-PF-ONT-PROMETHION-ont-sentdont-All	All	On1-HG003-15x-6-D0-PF-ONT-PROMETHION	2528531102.0	2524716127.0	190720.0	3624255.0	110094.0	0.9601535183812484	0.9500075360913243	0.9999563954148273	0.029481443753650236	0.9705185562463498	0.9705185562463498	HG003	giabHC	-1	-2	ont	sentdont
On1-HG003-15x-6-D0-PF-ONT-PROMETHION-ont-sentdont-SNPts	SNPts	On1-HG003-15x-6-D0-PF-ONT-PROMETHION	3088286401.0	3085988815.0	60600.0	2236986.0	509638.0	0.8869519706752892	0.9736244910963072	0.999834881498319	0.18555069787491846	0.8144493021250816	0.8144493021250816	HG003	hg38	-1	-2	ont	sentdont
On1-HG003-15x-6-D0-PF-ONT-PROMETHION-ont-sentdont-SNPtv	SNPtv	On1-HG003-15x-6-D0-PF-ONT-PROMETHION	3088286401.0	3087198889.0	32177.0	1055335.0	408325.0	0.8273334765354903	0.9704122805081691	0.9998677535801352	0.27897530847327934	0.7210246915267207	0.7210246915267207	HG003	hg38	-1	-2	ont	sentdont
On1-HG003-15x-6-D0-PF-ONT-PROMETHION-ont-sentdont-INS_50	INS_50	On1-HG003-15x-6-D0-PF-ONT-PROMETHION	3088286401.0	3088047934.0	57495.0	180972.0	145183.0	0.6410377208114456	0.7588974575098442	0.9999529877198415	0.4451349818337907	0.5548650181662094	0.5548650181662094	HG003	hg38	-1	-2	ont	sentdont
On1-HG003-15x-6-D0-PF-ONT-PROMETHION-ont-sentdont-INS_gt50	INS_gt50	On1-HG003-15x-6-D0-PF-ONT-PROMETHION	3088286401.0	3088286193.0	138.0	70.0	1429.0	0.08201523140011716	0.33653846153846156	0.9999995372840309	0.9533022014676451	0.046697798532354895	0.0466977985323549	HG003	hg38	-1	-2	ont	sentdont
On1-HG003-15x-6-D0-PF-ONT-PROMETHION-ont-sentdont-DEL_50	DEL_50	On1-HG003-15x-6-D0-PF-ONT-PROMETHION	3088286401.0	3088029473.0	52464.0	204464.0	215030.0	0.604545683020363	0.7958027151575539	0.9999303714457223	0.5125937438914502	0.4874062561085498	0.4874062561085498	HG003	hg38	-1	-2	ont	sentdont
On1-HG003-15x-6-D0-PF-ONT-PROMETHION-ont-sentdont-DEL_gt50	DEL_gt50	On1-HG003-15x-6-D0-PF-ONT-PROMETHION	3088286401.0	3088286263.0	97.0	41.0	447.0	0.13099041533546327	0.2971014492753623	0.9999998552595526	0.9159836065573771	0.0840163934426229	0.08401639344262295	HG003	hg38	-1	-2	ont	sentdont
On1-HG003-15x-6-D0-PF-ONT-PROMETHION-ont-sentdont-Indel_50	Indel_50	On1-HG003-15x-6-D0-PF-ONT-PROMETHION	3088286401.0	3088187994.0	9529.0	88878.0	100733.0	0.6171697602233194	0.903167457599561	0.9999673822595927	0.5312613719668162	0.4687386280331838	0.4687386280331837	HG003	hg38	-1	-2	ont	sentdont
On1-HG003-15x-6-D0-PF-ONT-PROMETHION-ont-sentdont-Indel_gt50	Indel_gt50	On1-HG003-15x-6-D0-PF-ONT-PROMETHION	3088286401.0	3088283173.0	199.0	3029.0	9887.0	0.3752477700693756	0.9383519206939281	0.9999967985551216	0.7654846701765252	0.23451532982347478	0.23451532982347476	HG003	hg38	-1	-2	ont	sentdont
On1-HG003-15x-6-D0-PF-ONT-PROMETHION-ont-sentdont-All	All	On1-HG003-15x-6-D0-PF-ONT-PROMETHION	3088286401.0	3084303927.0	212699.0	3769775.0	1390672.0	0.8246325217072312	0.946591239515939	0.9995493163839186	0.26948673244778987	0.7305132675522101	0.7305132675522101	HG003	hg38	-1	-2	ont	sentdont
On1-HG003-15x-6-D0-PF-ONT-PROMETHION-ont-sentdont-SNPts	SNPts	On1-HG003-15x-6-D0-PF-ONT-PROMETHION	688815815.0	688748891.0	3309.0	63615.0	490770.0	0.20477733301787032	0.9505558544020083	0.9992879544986022	0.8852512243296626	0.11474877567033737	0.1147487756703374	HG003	hg38_m_giabHC	-1	-2	ont	sentdont
On1-HG003-15x-6-D0-PF-ONT-PROMETHION-ont-sentdont-SNPtv	SNPtv	On1-HG003-15x-6-D0-PF-ONT-PROMETHION	688815815.0	688781746.0	2174.0	31895.0	402643.0	0.13612686110109326	0.9361883236960287	0.9994157688328021	0.926600205275488	0.07339979472451197	0.07339979472451201	HG003	hg38_m_giabHC	-1	-2	ont	sentdont
On1-HG003-15x-6-D0-PF-ONT-PROMETHION-ont-sentdont-INS_50	INS_50	On1-HG003-15x-6-D0-PF-ONT-PROMETHION	688815815.0	688791704.0	7310.0	16801.0	118853.0	0.2103214095703064	0.6968188793496745	0.9998274768781051	0.8761481415955298	0.12385185840447022	0.1238518584044702	HG003	hg38_m_giabHC	-1	-2	ont	sentdont
On1-HG003-15x-6-D0-PF-ONT-PROMETHION-ont-sentdont-INS_gt50	INS_gt50	On1-HG003-15x-6-D0-PF-ONT-PROMETHION	688815815.0	688815608.0	138.0	69.0	1426.0	0.08108108108108109	0.3333333333333333	0.9999979297840651	0.9538461538461539	0.0461538461538461	0.046153846153846156	HG003	hg38_m_giabHC	-1	-2	ont	sentdont
On1-HG003-15x-6-D0-PF-ONT-PROMETHION-ont-sentdont-DEL_50	DEL_50	On1-HG003-15x-6-D0-PF-ONT-PROMETHION	688815815.0	688790423.0	6647.0	18745.0	167277.0	0.17732978894491377	0.7382246376811594	0.9997572028006945	0.8992323488619626	0.10076765113803743	0.10076765113803744	HG003	hg38_m_giabHC	-1	-2	ont	sentdont
On1-HG003-15x-6-D0-PF-ONT-PROMETHION-ont-sentdont-DEL_gt50	DEL_gt50	On1-HG003-15x-6-D0-PF-ONT-PROMETHION	688815815.0	688815677.0	97.0	41.0	447.0	0.13099041533546327	0.2971014492753623	0.9999993510604871	0.9159836065573771	0.0840163934426229	0.08401639344262295	HG003	hg38_m_giabHC	-1	-2	ont	sentdont
On1-HG003-15x-6-D0-PF-ONT-PROMETHION-ont-sentdont-Indel_50	Indel_50	On1-HG003-15x-6-D0-PF-ONT-PROMETHION	688815815.0	688800929.0	2145.0	12741.0	89472.0	0.217610739630569	0.8559048770656993	0.9998701215754057	0.8753485368788706	0.1246514631211294	0.1246514631211294	HG003	hg38_m_giabHC	-1	-2	ont	sentdont
On1-HG003-15x-6-D0-PF-ONT-PROMETHION-ont-sentdont-Indel_gt50	Indel_gt50	On1-HG003-15x-6-D0-PF-ONT-PROMETHION	688815815.0	688813870.0	176.0	1769.0	9694.0	0.26387231503579955	0.9095115681233933	0.9999859267299979	0.8456773968420135	0.15432260315798652	0.15432260315798657	HG003	hg38_m_giabHC	-1	-2	ont	sentdont
On1-HG003-15x-6-D0-PF-ONT-PROMETHION-ont-sentdont-All	All	On1-HG003-15x-6-D0-PF-ONT-PROMETHION	688815815.0	688648143.0	21996.0	145676.0	1280582.0	0.18278845369621	0.8688153060737631	0.9981438923274285	0.8978613967458903	0.10213860325410973	0.1021386032541097	HG003	hg38_m_giabHC	-1	-2	ont	sentdont
On1-HG003-15x-6-D0-PF-ONT-PROMETHION-ont-sentdont-SNPts	SNPts	On1-HG003-15x-6-D0-PF-ONT-PROMETHION	337668665.0	337406126.0	7178.0	255361.0	2834.0	0.9807732930824568	0.9726593001420741	0.9999916006972666	0.01097620015879471	0.9890237998412053	0.9890237998412053	HG003	giabHC_x_clinvar_genes	-1	-2	ont	sentdont
On1-HG003-15x-6-D0-PF-ONT-PROMETHION-ont-sentdont-SNPtv	SNPtv	On1-HG003-15x-6-D0-PF-ONT-PROMETHION	337668665.0	337550375.0	3514.0	114776.0	800.0	0.981553539206212	0.9702933468594133	0.9999976299889936	0.006921852287672181	0.9930781477123278	0.9930781477123278	HG003	giabHC_x_clinvar_genes	-1	-2	ont	sentdont
On1-HG003-15x-6-D0-PF-ONT-PROMETHION-ont-sentdont-INS_50	INS_50	On1-HG003-15x-6-D0-PF-ONT-PROMETHION	337668665.0	337643924.0	5723.0	19018.0	2904.0	0.8151211880933501	0.7686835616992037	0.9999913992972562	0.132469665176535	0.867530334823465	0.867530334823465	HG003	giabHC_x_clinvar_genes	-1	-2	ont	sentdont
On1-HG003-15x-6-D0-PF-ONT-PROMETHION-ont-sentdont-INS_gt50	INS_gt50	On1-HG003-15x-6-D0-PF-ONT-PROMETHION	337668665.0	337668665.0	0.0	0.0	0.0			1.0				HG003	giabHC_x_clinvar_genes	-1	-2	ont	sentdont
On1-HG003-15x-6-D0-PF-ONT-PROMETHION-ont-sentdont-DEL_50	DEL_50	On1-HG003-15x-6-D0-PF-ONT-PROMETHION	337668665.0	337641943.0	5157.0	21565.0	5869.0	0.7964029839722283	0.8070129481326248	0.9999826179830242	0.2139316177006634	0.7860683822993366	0.7860683822993366	HG003	giabHC_x_clinvar_genes	-1	-2	ont	sentdont
On1-HG003-15x-6-D0-PF-ONT-PROMETHION-ont-sentdont-DEL_gt50	DEL_gt50	On1-HG003-15x-6-D0-PF-ONT-PROMETHION	337668665.0	337668665.0	0.0	0.0	0.0			1.0				HG003	giabHC_x_clinvar_genes	-1	-2	ont	sentdont
On1-HG003-15x-6-D0-PF-ONT-PROMETHION-ont-sentdont-Indel_50	Indel_50	On1-HG003-15x-6-D0-PF-ONT-PROMETHION	337668665.0	337659639.0	810.0	8216.0	1271.0	0.8875925025657646	0.9102592510525149	0.9999962358687003	0.13397280489090335	0.8660271951090966	0.8660271951090966	HG003	giabHC_x_clinvar_genes	-1	-2	ont	sentdont
On1-HG003-15x-6-D0-PF-ONT-PROMETHION-ont-sentdont-Indel_gt50	Indel_gt50	On1-HG003-15x-6-D0-PF-ONT-PROMETHION	337668665.0	337668537.0	3.0	125.0	26.0	0.8960573476702509	0.9765625	0.9999999230014196	0.17218543046357615	0.8278145695364238	0.8278145695364238	HG003	giabHC_x_clinvar_genes	-1	-2	ont	sentdont
On1-HG003-15x-6-D0-PF-ONT-PROMETHION-ont-sentdont-All	All	On1-HG003-15x-6-D0-PF-ONT-PROMETHION	337668665.0	337227219.0	22385.0	419061.0	13704.0	0.9587182041864035	0.9492916460903486	0.9999593643621951	0.03166614675401199	0.968333853245988	0.968333853245988	HG003	giabHC_x_clinvar_genes	-1	-2	ont	sentdont
On1-HG003-15x-6-D0-PF-ONT-PROMETHION-ont-sentdont-SNPts	SNPts	On1-HG003-15x-6-D0-PF-ONT-PROMETHION	377862616.0	377592501.0	7639.0	262476.0	47259.0	0.9053237906355092	0.9717194528256483	0.9998748569271414	0.15257881737614412	0.8474211826238559	0.8474211826238559	HG003	clinvar_genes	-1	-2	ont	sentdont
On1-HG003-15x-6-D0-PF-ONT-PROMETHION-ont-sentdont-SNPtv	SNPtv	On1-HG003-15x-6-D0-PF-ONT-PROMETHION	377862616.0	377740357.0	3822.0	118437.0	26705.0	0.8858381232680507	0.9687384977793045	0.9999293082889265	0.18399222830056083	0.8160077716994392	0.8160077716994392	HG003	clinvar_genes	-1	-2	ont	sentdont
On1-HG003-15x-6-D0-PF-ONT-PROMETHION-ont-sentdont-INS_50	INS_50	On1-HG003-15x-6-D0-PF-ONT-PROMETHION	377862616.0	377835332.0	6522.0	20762.0	15318.0	0.655324790101635	0.760958803694473	0.9999594601729546	0.42455654101995566	0.5754434589800443	0.5754434589800443	HG003	clinvar_genes	-1	-2	ont	sentdont
On1-HG003-15x-6-D0-PF-ONT-PROMETHION-ont-sentdont-INS_gt50	INS_gt50	On1-HG003-15x-6-D0-PF-ONT-PROMETHION	377862616.0	377862589.0	15.0	12.0	186.0	0.10666666666666667	0.4444444444444444	0.9999995077578097	0.9393939393939394	0.06060606060606055	0.06060606060606061	HG003	clinvar_genes	-1	-2	ont	sentdont
On1-HG003-15x-6-D0-PF-ONT-PROMETHION-ont-sentdont-DEL_50	DEL_50	On1-HG003-15x-6-D0-PF-ONT-PROMETHION	377862616.0	377833210.0	5908.0	23498.0	23283.0	0.616850643810624	0.7990886213697885	0.9999383813685054	0.4977020585280349	0.502297941471965	0.5022979414719652	HG003	clinvar_genes	-1	-2	ont	sentdont
On1-HG003-15x-6-D0-PF-ONT-PROMETHION-ont-sentdont-DEL_gt50	DEL_gt50	On1-HG003-15x-6-D0-PF-ONT-PROMETHION	377862616.0	377862598.0	13.0	5.0	60.0	0.12048192771084337	0.2777777777777778	0.9999998412121475	0.9230769230769231	0.07692307692307687	0.07692307692307693	HG003	clinvar_genes	-1	-2	ont	sentdont
On1-HG003-15x-6-D0-PF-ONT-PROMETHION-ont-sentdont-Indel_50	Indel_50	On1-HG003-15x-6-D0-PF-ONT-PROMETHION	377862616.0	377852153.0	1042.0	9421.0	10178.0	0.6267713392322534	0.9004109719965593	0.9999730642639792	0.5193122098066227	0.48068779019337726	0.4806877901933772	HG003	clinvar_genes	-1	-2	ont	sentdont
On1-HG003-15x-6-D0-PF-ONT-PROMETHION-ont-sentdont-Indel_gt50	Indel_gt50	On1-HG003-15x-6-D0-PF-ONT-PROMETHION	377862616.0	377862272.0	25.0	319.0	990.0	0.3859649122807018	0.9273255813953488	0.9999973800046219	0.7563025210084033	0.24369747899159666	0.24369747899159663	HG003	clinvar_genes	-1	-2	ont	sentdont
On1-HG003-15x-6-D0-PF-ONT-PROMETHION-ont-sentdont-All	All	On1-HG003-15x-6-D0-PF-ONT-PROMETHION	377862616.0	377402700.0	24986.0	434930.0	123979.0	0.8537874512305843	0.9456726880560798	0.9996716020167676	0.22182323061535958	0.7781767693846404	0.7781767693846404	HG003	clinvar_genes	-1	-2	ont	sentdont
On1-HG003-15x-6-D0-PF-ONT-PROMETHION-ont-sentdont-SNPts	SNPts	On1-HG003-15x-6-D0-PF-ONT-PROMETHION	2799325643.0	2797094936.0	55662.0	2175045.0	201195.0	0.9442457228181701	0.9750473728732639	0.9999280751874031	0.08466947783052217	0.9153305221694779	0.9153305221694779	HG003	ultima	-1	-2	ont	sentdont
On1-HG003-15x-6-D0-PF-ONT-PROMETHION-ont-sentdont-SNPtv	SNPtv	On1-HG003-15x-6-D0-PF-ONT-PROMETHION	2799325643.0	2798283528.0	27726.0	1014389.0	117272.0	0.9332967150249152	0.9733944910110688	0.9999580932080923	0.10362820668026909	0.8963717933197309	0.8963717933197309	HG003	ultima	-1	-2	ont	sentdont
On1-HG003-15x-6-D0-PF-ONT-PROMETHION-ont-sentdont-INS_50	INS_50	On1-HG003-15x-6-D0-PF-ONT-PROMETHION	2799325643.0	2799173240.0	12142.0	140261.0	45260.0	0.8301334027769557	0.9203296523034323	0.9999838312014585	0.24396160003449743	0.7560383999655026	0.7560383999655026	HG003	ultima	-1	-2	ont	sentdont
On1-HG003-15x-6-D0-PF-ONT-PROMETHION-ont-sentdont-INS_gt50	INS_gt50	On1-HG003-15x-6-D0-PF-ONT-PROMETHION	2799325643.0	2799325560.0	61.0	22.0	285.0	0.11282051282051284	0.26506024096385544	0.9999998981897729	0.9283387622149837	0.07166123778501632	0.07166123778501629	HG003	ultima	-1	-2	ont	sentdont
On1-HG003-15x-6-D0-PF-ONT-PROMETHION-ont-sentdont-DEL_50	DEL_50	On1-HG003-15x-6-D0-PF-ONT-PROMETHION	2799325643.0	2799155315.0	13235.0	157093.0	60338.0	0.810261012639294	0.9222969799445775	0.9999784446761237	0.27750412774627353	0.7224958722537265	0.7224958722537265	HG003	ultima	-1	-2	ont	sentdont
On1-HG003-15x-6-D0-PF-ONT-PROMETHION-ont-sentdont-DEL_gt50	DEL_gt50	On1-HG003-15x-6-D0-PF-ONT-PROMETHION	2799325643.0	2799325554.0	63.0	26.0	109.0	0.23214285714285715	0.29213483146067415	0.9999999610620509	0.8074074074074075	0.19259259259259254	0.1925925925925926	HG003	ultima	-1	-2	ont	sentdont
On1-HG003-15x-6-D0-PF-ONT-PROMETHION-ont-sentdont-Indel_50	Indel_50	On1-HG003-15x-6-D0-PF-ONT-PROMETHION	2799325643.0	2799266209.0	768.0	58666.0	19572.0	0.8522575396594805	0.987078103442474	0.9999930082165484	0.2501597689102482	0.7498402310897518	0.7498402310897517	HG003	ultima	-1	-2	ont	sentdont
On1-HG003-15x-6-D0-PF-ONT-PROMETHION-ont-sentdont-Indel_gt50	Indel_gt50	On1-HG003-15x-6-D0-PF-ONT-PROMETHION	2799325643.0	2799324017.0	85.0	1541.0	1445.0	0.668256721595837	0.9477244772447725	0.9999994838042165	0.4839249832551909	0.5160750167448092	0.5160750167448092	HG003	ultima	-1	-2	ont	sentdont
On1-HG003-15x-6-D0-PF-ONT-PROMETHION-ont-sentdont-All	All	On1-HG003-15x-6-D0-PF-ONT-PROMETHION	2799325643.0	2795668858.0	109742.0	3547043.0	445476.0	0.9274158799284222	0.9699894852992451	0.9998406803346405	0.11157767815256484	0.8884223218474352	0.8884223218474352	HG003	ultima	-1	-2	ont	sentdont
On1-HG003-20x-7-D0-PF-ONT-PROMETHION-ont-sentdont-SNPts	SNPts	On1-HG003-20x-7-D0-PF-ONT-PROMETHION	332544085.0	332289729.0	3320.0	251036.0	1457.0	0.9905751022493879	0.9869474280142791	0.9999956152914631	0.005770457002768394	0.9942295429972317	0.9942295429972317	HG003	giabHC_x_ultima_x_clinvar	-1	-2	ont	sentdont
On1-HG003-20x-7-D0-PF-ONT-PROMETHION-ont-sentdont-SNPtv	SNPtv	On1-HG003-20x-7-D0-PF-ONT-PROMETHION	332544085.0	332430982.0	1627.0	111476.0	497.0	0.9905631875455403	0.9856148820102031	0.9999985049550617	0.0044385700124137065	0.9955614299875863	0.9955614299875863	HG003	giabHC_x_ultima_x_clinvar	-1	-2	ont	sentdont
On1-HG003-20x-7-D0-PF-ONT-PROMETHION-ont-sentdont-INS_50	INS_50	On1-HG003-20x-7-D0-PF-ONT-PROMETHION	332544085.0	332527705.0	741.0	15639.0	561.0	0.960036832412523	0.9547619047619048	0.999998312925374	0.03462962962962963	0.9653703703703703	0.9653703703703703	HG003	giabHC_x_ultima_x_clinvar	-1	-2	ont	sentdont
On1-HG003-20x-7-D0-PF-ONT-PROMETHION-ont-sentdont-INS_gt50	INS_gt50	On1-HG003-20x-7-D0-PF-ONT-PROMETHION	332544085.0	332544085.0	0.0	0.0	0.0			1.0				HG003	giabHC_x_ultima_x_clinvar	-1	-2	ont	sentdont
On1-HG003-20x-7-D0-PF-ONT-PROMETHION-ont-sentdont-DEL_50	DEL_50	On1-HG003-20x-7-D0-PF-ONT-PROMETHION	332544085.0	332525795.0	793.0	17497.0	832.0	0.9556241295502336	0.9566429743028978	0.9999974979447285	0.04539254732936876	0.9546074526706312	0.9546074526706312	HG003	giabHC_x_ultima_x_clinvar	-1	-2	ont	sentdont
On1-HG003-20x-7-D0-PF-ONT-PROMETHION-ont-sentdont-DEL_gt50	DEL_gt50	On1-HG003-20x-7-D0-PF-ONT-PROMETHION	332544085.0	332544085.0	0.0	0.0	0.0			1.0				HG003	giabHC_x_ultima_x_clinvar	-1	-2	ont	sentdont
On1-HG003-20x-7-D0-PF-ONT-PROMETHION-ont-sentdont-Indel_50	Indel_50	On1-HG003-20x-7-D0-PF-ONT-PROMETHION	332544085.0	332538673.0	34.0	5378.0	325.0	0.96770130454341	0.9937176644493718	0.9999990226710191	0.056987550412063825	0.9430124495879362	0.9430124495879362	HG003	giabHC_x_ultima_x_clinvar	-1	-2	ont	sentdont
On1-HG003-20x-7-D0-PF-ONT-PROMETHION-ont-sentdont-Indel_gt50	Indel_gt50	On1-HG003-20x-7-D0-PF-ONT-PROMETHION	332544085.0	332544005.0	2.0	78.0	6.0	0.951219512195122	0.975	0.9999999819572755	0.07142857142857142	0.9285714285714286	0.9285714285714286	HG003	giabHC_x_ultima_x_clinvar	-1	-2	ont	sentdont
On1-HG003-20x-7-D0-PF-ONT-PROMETHION-ont-sentdont-All	All	On1-HG003-20x-7-D0-PF-ONT-PROMETHION	332544085.0	332136464.0	6517.0	401104.0	3678.0	0.9874508095120279	0.9840121092877943	0.99998892636109	0.009086372417745849	0.9909136275822541	0.9909136275822541	HG003	giabHC_x_ultima_x_clinvar	-1	-2	ont	sentdont
On1-HG003-20x-7-D0-PF-ONT-PROMETHION-ont-sentdont-SNPts	SNPts	On1-HG003-20x-7-D0-PF-ONT-PROMETHION	688815815.0	688748829.0	2394.0	64592.0	504909.0	0.20296408253428586	0.9642611889051443	0.9992674555506001	0.8865814107437915	0.11341858925620851	0.1134185892562085	HG003	hg38_m_giabHC	-1	-2	ont	sentdont
On1-HG003-20x-7-D0-PF-ONT-PROMETHION-ont-sentdont-SNPtv	SNPtv	On1-HG003-20x-7-D0-PF-ONT-PROMETHION	688815815.0	688781704.0	1638.0	32473.0	423074.0	0.13263543126018568	0.9519802996100964	0.9993861418064632	0.9287164661385104	0.07128353386148956	0.0712835338614896	HG003	hg38_m_giabHC	-1	-2	ont	sentdont
On1-HG003-20x-7-D0-PF-ONT-PROMETHION-ont-sentdont-INS_50	INS_50	On1-HG003-20x-7-D0-PF-ONT-PROMETHION	688815815.0	688791772.0	6366.0	17677.0	115003.0	0.22558271600211838	0.7352243896352368	0.9998330644955553	0.8667696713898101	0.1332303286101899	0.13323032861018994	HG003	hg38_m_giabHC	-1	-2	ont	sentdont
On1-HG003-20x-7-D0-PF-ONT-PROMETHION-ont-sentdont-INS_gt50	INS_gt50	On1-HG003-20x-7-D0-PF-ONT-PROMETHION	688815815.0	688815604.0	136.0	75.0	1572.0	0.08073196986006459	0.35545023696682465	0.9999977178269434	0.9544626593806922	0.04553734061930781	0.04553734061930783	HG003	hg38_m_giabHC	-1	-2	ont	sentdont
On1-HG003-20x-7-D0-PF-ONT-PROMETHION-ont-sentdont-DEL_50	DEL_50	On1-HG003-20x-7-D0-PF-ONT-PROMETHION	688815815.0	688790558.0	5688.0	19569.0	152310.0	0.1985329924519114	0.7747951063071624	0.999778922161656	0.8861466496779711	0.11385335032202892	0.11385335032202887	HG003	hg38_m_giabHC	-1	-2	ont	sentdont
On1-HG003-20x-7-D0-PF-ONT-PROMETHION-ont-sentdont-DEL_gt50	DEL_gt50	On1-HG003-20x-7-D0-PF-ONT-PROMETHION	688815815.0	688815677.0	96.0	42.0	475.0	0.1282442748091603	0.30434782608695654	0.9999993104110602	0.9187620889748549	0.0812379110251451	0.08123791102514506	HG003	hg38_m_giabHC	-1	-2	ont	sentdont
On1-HG003-20x-7-D0-PF-ONT-PROMETHION-ont-sentdont-Indel_50	Indel_50	On1-HG003-20x-7-D0-PF-ONT-PROMETHION	688815815.0	688800809.0	1877.0	13129.0	89650.0	0.2229316126841278	0.874916699986672	0.9998698631998327	0.8722598974498682	0.1277401025501318	0.12774010255013182	HG003	hg38_m_giabHC	-1	-2	ont	sentdont
On1-HG003-20x-7-D0-PF-ONT-PROMETHION-ont-sentdont-Indel_gt50	Indel_gt50	On1-HG003-20x-7-D0-PF-ONT-PROMETHION	688815815.0	688813830.0	149.0	1836.0	9803.0	0.26952436876101	0.9249370277078086	0.9999857684906116	0.8422544892172867	0.15774551078271326	0.1577455107827133	HG003	hg38_m_giabHC	-1	-2	ont	sentdont
On1-HG003-20x-7-D0-PF-ONT-PROMETHION-ont-sentdont-All	All	On1-HG003-20x-7-D0-PF-ONT-PROMETHION	688815815.0	688648078.0	18344.0	149393.0	1296796.0	0.18512992541169793	0.8906383207044362	0.9981204353436504	0.8966988408845593	0.10330115911544069	0.10330115911544065	HG003	hg38_m_giabHC	-1	-2	ont	sentdont
On1-HG003-20x-7-D0-PF-ONT-PROMETHION-ont-sentdont-SNPts	SNPts	On1-HG003-20x-7-D0-PF-ONT-PROMETHION	337668665.0	337405766.0	3693.0	259206.0	1701.0	0.9897022943608894	0.9859527803453038	0.9999949586177949	0.006519564442502501	0.9934804355574975	0.9934804355574975	HG003	giabHC_x_clinvar_genes	-1	-2	ont	sentdont
On1-HG003-20x-7-D0-PF-ONT-PROMETHION-ont-sentdont-SNPtv	SNPtv	On1-HG003-20x-7-D0-PF-ONT-PROMETHION	337668665.0	337550165.0	1927.0	116573.0	644.0	0.9890928528701791	0.9837383966244726	0.9999980921390711	0.0054940836226827165	0.9945059163773173	0.9945059163773173	HG003	giabHC_x_clinvar_genes	-1	-2	ont	sentdont
On1-HG003-20x-7-D0-PF-ONT-PROMETHION-ont-sentdont-INS_50	INS_50	On1-HG003-20x-7-D0-PF-ONT-PROMETHION	337668665.0	337643925.0	4908.0	19832.0	2398.0	0.8444539067489887	0.8016168148746968	0.9999928978939303	0.10787224471434997	0.89212775528565	0.89212775528565	HG003	giabHC_x_clinvar_genes	-1	-2	ont	sentdont
On1-HG003-20x-7-D0-PF-ONT-PROMETHION-ont-sentdont-INS_gt50	INS_gt50	On1-HG003-20x-7-D0-PF-ONT-PROMETHION	337668665.0	337668665.0	0.0	0.0	0.0			1.0				HG003	giabHC_x_clinvar_genes	-1	-2	ont	sentdont
On1-HG003-20x-7-D0-PF-ONT-PROMETHION-ont-sentdont-DEL_50	DEL_50	On1-HG003-20x-7-D0-PF-ONT-PROMETHION	337668665.0	337641889.0	4326.0	22450.0	4366.0	0.8378116136736826	0.8384374066328055	0.9999870693071955	0.16281324582338902	0.8371867541766109	0.8371867541766109	HG003	giabHC_x_clinvar_genes	-1	-2	ont	sentdont
On1-HG003-20x-7-D0-PF-ONT-PROMETHION-ont-sentdont-DEL_gt50	DEL_gt50	On1-HG003-20x-7-D0-PF-ONT-PROMETHION	337668665.0	337668665.0	0.0	0.0	0.0			1.0				HG003	giabHC_x_clinvar_genes	-1	-2	ont	sentdont
On1-HG003-20x-7-D0-PF-ONT-PROMETHION-ont-sentdont-Indel_50	Indel_50	On1-HG003-20x-7-D0-PF-ONT-PROMETHION	337668665.0	337660079.0	701.0	7885.0	1027.0	0.9012458566693337	0.9183554623806196	0.9999969584889057	0.115237881508079	0.884762118491921	0.884762118491921	HG003	giabHC_x_clinvar_genes	-1	-2	ont	sentdont
On1-HG003-20x-7-D0-PF-ONT-PROMETHION-ont-sentdont-Indel_gt50	Indel_gt50	On1-HG003-20x-7-D0-PF-ONT-PROMETHION	337668665.0	337668532.0	2.0	131.0	17.0	0.9323843416370107	0.9849624060150376	0.9999999496547722	0.11486486486486487	0.8851351351351351	0.8851351351351351	HG003	giabHC_x_clinvar_genes	-1	-2	ont	sentdont
On1-HG003-20x-7-D0-PF-ONT-PROMETHION-ont-sentdont-All	All	On1-HG003-20x-7-D0-PF-ONT-PROMETHION	337668665.0	337227031.0	15557.0	426077.0	10153.0	0.9707130033809337	0.964773998378748	0.999969893592754	0.023274419457625563	0.9767255805423745	0.9767255805423745	HG003	giabHC_x_clinvar_genes	-1	-2	ont	sentdont
On1-HG003-20x-7-D0-PF-ONT-PROMETHION-ont-sentdont-SNPts	SNPts	On1-HG003-20x-7-D0-PF-ONT-PROMETHION	3088286401.0	3085985934.0	31616.0	2268851.0	515632.0	0.8923788827815415	0.9862567035301962	0.9998329396603326	0.18518051645493974	0.8148194835450603	0.8148194835450603	HG003	hg38	-1	-2	ont	sentdont
On1-HG003-20x-7-D0-PF-ONT-PROMETHION-ont-sentdont-SNPtv	SNPtv	On1-HG003-20x-7-D0-PF-ONT-PROMETHION	3088286401.0	3087196700.0	17777.0	1071924.0	427253.0	0.8280992769840834	0.9836863506594928	0.9998616240168804	0.28499169877872993	0.71500830122127	0.71500830122127	HG003	hg38	-1	-2	ont	sentdont
On1-HG003-20x-7-D0-PF-ONT-PROMETHION-ont-sentdont-INS_50	INS_50	On1-HG003-20x-7-D0-PF-ONT-PROMETHION	3088286401.0	3088047574.0	48497.0	190330.0	136291.0	0.6732007187221459	0.7969366947623175	0.9999558669412322	0.417275680375726	0.582724319624274	0.582724319624274	HG003	hg38	-1	-2	ont	sentdont
On1-HG003-20x-7-D0-PF-ONT-PROMETHION-ont-sentdont-INS_gt50	INS_gt50	On1-HG003-20x-7-D0-PF-ONT-PROMETHION	3088286401.0	3088286189.0	136.0	76.0	1572.0	0.08172043010752687	0.3584905660377358	0.9999994909800765	0.9538834951456311	0.04611650485436891	0.04611650485436893	HG003	hg38	-1	-2	ont	sentdont
On1-HG003-20x-7-D0-PF-ONT-PROMETHION-ont-sentdont-DEL_50	DEL_50	On1-HG003-20x-7-D0-PF-ONT-PROMETHION	3088286401.0	3088029250.0	43438.0	213713.0	187308.0	0.6494138310350486	0.8310797935843143	0.9999393475177397	0.46707778395645116	0.5329222160435488	0.5329222160435488	HG003	hg38	-1	-2	ont	sentdont
On1-HG003-20x-7-D0-PF-ONT-PROMETHION-ont-sentdont-DEL_gt50	DEL_gt50	On1-HG003-20x-7-D0-PF-ONT-PROMETHION	3088286401.0	3088286263.0	96.0	42.0	476.0	0.12804878048780488	0.30434782608695654	0.9999998458692342	0.918918918918919	0.08108108108108103	0.08108108108108109	HG003	hg38	-1	-2	ont	sentdont
On1-HG003-20x-7-D0-PF-ONT-PROMETHION-ont-sentdont-Indel_50	Indel_50	On1-HG003-20x-7-D0-PF-ONT-PROMETHION	3088286401.0	3088191522.0	8233.0	86646.0	98645.0	0.6185244672877181	0.9132263198389527	0.9999680583770741	0.5323787987543918	0.46762120124560824	0.46762120124560824	HG003	hg38	-1	-2	ont	sentdont
On1-HG003-20x-7-D0-PF-ONT-PROMETHION-ont-sentdont-Indel_gt50	Indel_gt50	On1-HG003-20x-7-D0-PF-ONT-PROMETHION	3088286401.0	3088283150.0	171.0	3080.0	9994.0	0.37733537519142424	0.9474007997539219	0.9999967639082387	0.7644179287134771	0.23558207128652286	0.23558207128652286	HG003	hg38	-1	-2	ont	sentdont
On1-HG003-20x-7-D0-PF-ONT-PROMETHION-ont-sentdont-All	All	On1-HG003-20x-7-D0-PF-ONT-PROMETHION	3088286401.0	3084301775.0	149964.0	3834662.0	1377171.0	0.8339431513803301	0.9623643473691131	0.9995536894718794	0.2642392801150766	0.7357607198849234	0.7357607198849234	HG003	hg38	-1	-2	ont	sentdont
On1-HG003-20x-7-D0-PF-ONT-PROMETHION-ont-sentdont-SNPts	SNPts	On1-HG003-20x-7-D0-PF-ONT-PROMETHION	2799325643.0	2797091981.0	27876.0	2205786.0	191182.0	0.9526936939466119	0.9875200455574746	0.999931654398622	0.0797599300449568	0.9202400699550433	0.9202400699550431	HG003	ultima	-1	-2	ont	sentdont
On1-HG003-20x-7-D0-PF-ONT-PROMETHION-ont-sentdont-SNPtv	SNPtv	On1-HG003-20x-7-D0-PF-ONT-PROMETHION	2799325643.0	2798281298.0	14328.0	1030017.0	115441.0	0.9407394181120401	0.9862803958462002	0.9999587474504986	0.10078152145255435	0.8992184785474456	0.8992184785474456	HG003	ultima	-1	-2	ont	sentdont
On1-HG003-20x-7-D0-PF-ONT-PROMETHION-ont-sentdont-INS_50	INS_50	On1-HG003-20x-7-D0-PF-ONT-PROMETHION	2799325643.0	2799172859.0	7200.0	145584.0	36384.0	0.8698021221680527	0.9528746465598492	0.999987002043491	0.19994724347137957	0.8000527565286204	0.8000527565286204	HG003	ultima	-1	-2	ont	sentdont
On1-HG003-20x-7-D0-PF-ONT-PROMETHION-ont-sentdont-INS_gt50	INS_gt50	On1-HG003-20x-7-D0-PF-ONT-PROMETHION	2799325643.0	2799325556.0	57.0	30.0	296.0	0.14527845036319612	0.3448275862068966	0.9999998942602556	0.9079754601226994	0.09202453987730064	0.09202453987730061	HG003	ultima	-1	-2	ont	sentdont
On1-HG003-20x-7-D0-PF-ONT-PROMETHION-ont-sentdont-DEL_50	DEL_50	On1-HG003-20x-7-D0-PF-ONT-PROMETHION	2799325643.0	2799155220.0	8153.0	162270.0	46303.0	0.8563151062280341	0.9521602131167741	0.9999834584971394	0.22199901233620842	0.7780009876637916	0.7780009876637916	HG003	ultima	-1	-2	ont	sentdont
On1-HG003-20x-7-D0-PF-ONT-PROMETHION-ont-sentdont-DEL_gt50	DEL_gt50	On1-HG003-20x-7-D0-PF-ONT-PROMETHION	2799325643.0	2799325554.0	62.0	27.0	117.0	0.2317596566523605	0.30337078651685395	0.9999999582042199	0.8125	0.1875	0.1875	HG003	ultima	-1	-2	ont	sentdont
On1-HG003-20x-7-D0-PF-ONT-PROMETHION-ont-sentdont-Indel_50	Indel_50	On1-HG003-20x-7-D0-PF-ONT-PROMETHION	2799325643.0	2799269685.0	443.0	55515.0	17879.0	0.8583554950831838	0.9920833482254549	0.9999936130177443	0.24360301932038042	0.7563969806796196	0.7563969806796196	HG003	ultima	-1	-2	ont	sentdont
On1-HG003-20x-7-D0-PF-ONT-PROMETHION-ont-sentdont-Indel_gt50	Indel_gt50	On1-HG003-20x-7-D0-PF-ONT-PROMETHION	2799325643.0	2799324020.0	64.0	1559.0	1446.0	0.6737251512532412	0.9605668515095502	0.9999994834469884	0.481198003327787	0.518801996672213	0.5188019966722129	HG003	ultima	-1	-2	ont	sentdont
On1-HG003-20x-7-D0-PF-ONT-PROMETHION-ont-sentdont-All	All	On1-HG003-20x-7-D0-PF-ONT-PROMETHION	2799325643.0	2795666672.0	58183.0	3600788.0	409048.0	0.9390738350828232	0.9840985348066438	0.9998537063939027	0.10201115457091013	0.8979888454290899	0.8979888454290899	HG003	ultima	-1	-2	ont	sentdont
On1-HG003-20x-7-D0-PF-ONT-PROMETHION-ont-sentdont-SNPts	SNPts	On1-HG003-20x-7-D0-PF-ONT-PROMETHION	2505355380.0	2503172352.0	26857.0	2156171.0	9290.0	0.9916874574133682	0.9876973634786178	0.9999962887231817	0.004290079571971049	0.995709920428029	0.995709920428029	HG003	giabHC_x_ultima	-1	-2	ont	sentdont
On1-HG003-20x-7-D0-PF-ONT-PROMETHION-ont-sentdont-SNPtv	SNPtv	On1-HG003-20x-7-D0-PF-ONT-PROMETHION	2505355380.0	2504334952.0	13783.0	1006645.0	3266.0	0.9916028801101687	0.9864929225775851	0.9999986958630521	0.003233948338021865	0.9967660516619782	0.9967660516619782	HG003	giabHC_x_ultima	-1	-2	ont	sentdont
On1-HG003-20x-7-D0-PF-ONT-PROMETHION-ont-sentdont-INS_50	INS_50	On1-HG003-20x-7-D0-PF-ONT-PROMETHION	2505355380.0	2505211767.0	6577.0	137036.0	5041.0	0.9593335433511849	0.9542033102852806	0.9999979877989067	0.0354807604327231	0.9645192395672769	0.9645192395672769	HG003	giabHC_x_ultima	-1	-2	ont	sentdont
On1-HG003-20x-7-D0-PF-ONT-PROMETHION-ont-sentdont-INS_gt50	INS_gt50	On1-HG003-20x-7-D0-PF-ONT-PROMETHION	2505355380.0	2505355380.0	0.0	0.0	0.0			1.0				HG003	giabHC_x_ultima	-1	-2	ont	sentdont
On1-HG003-20x-7-D0-PF-ONT-PROMETHION-ont-sentdont-DEL_50	DEL_50	On1-HG003-20x-7-D0-PF-ONT-PROMETHION	2505355380.0	2505196212.0	7097.0	152071.0	6637.0	0.9567944733166391	0.9554118918375553	0.999997350713535	0.04181893792373415	0.9581810620762659	0.9581810620762659	HG003	giabHC_x_ultima	-1	-2	ont	sentdont
On1-HG003-20x-7-D0-PF-ONT-PROMETHION-ont-sentdont-DEL_gt50	DEL_gt50	On1-HG003-20x-7-D0-PF-ONT-PROMETHION	2505355380.0	2505355380.0	0.0	0.0	1.0			0.9999999996008551	1.0	0.0	0.0	HG003	giabHC_x_ultima	-1	-2	ont	sentdont
On1-HG003-20x-7-D0-PF-ONT-PROMETHION-ont-sentdont-Indel_50	Indel_50	On1-HG003-20x-7-D0-PF-ONT-PROMETHION	2505355380.0	2505305078.0	340.0	49962.0	2932.0	0.9682933447032831	0.9932408254144964	0.9999988296848179	0.055431617952886904	0.9445683820471131	0.9445683820471131	HG003	giabHC_x_ultima	-1	-2	ont	sentdont
On1-HG003-20x-7-D0-PF-ONT-PROMETHION-ont-sentdont-Indel_gt50	Indel_gt50	On1-HG003-20x-7-D0-PF-ONT-PROMETHION	2505355380.0	2505354577.0	19.0	784.0	61.0	0.9514563106796117	0.9763387297633873	0.9999999756521496	0.07218934911242604	0.927810650887574	0.927810650887574	HG003	giabHC_x_ultima	-1	-2	ont	sentdont
On1-HG003-20x-7-D0-PF-ONT-PROMETHION-ont-sentdont-All	All	On1-HG003-20x-7-D0-PF-ONT-PROMETHION	2505355380.0	2501798038.0	54673.0	3502669.0	27228.0	0.9884438777921839	0.9846309407417111	0.9999891167459335	0.007713539516875422	0.9922864604831246	0.9922864604831246	HG003	giabHC_x_ultima	-1	-2	ont	sentdont
On1-HG003-20x-7-D0-PF-ONT-PROMETHION-ont-sentdont-SNPts	SNPts	On1-HG003-20x-7-D0-PF-ONT-PROMETHION	2528531102.0	2526297587.0	29222.0	2204293.0	10723.0	0.9910206313050307	0.9869165866358632	0.9999957554666002	0.004841048552245221	0.9951589514477548	0.9951589514477548	HG003	giabHC	-1	-2	ont	sentdont
On1-HG003-20x-7-D0-PF-ONT-PROMETHION-ont-sentdont-SNPtv	SNPtv	On1-HG003-20x-7-D0-PF-ONT-PROMETHION	2528531102.0	2527475500.0	16139.0	1039463.0	4179.0	0.9903212775646851	0.9847110937645059	0.9999983465742436	0.00400424666696051	0.9959957533330395	0.9959957533330395	HG003	giabHC	-1	-2	ont	sentdont
On1-HG003-20x-7-D0-PF-ONT-PROMETHION-ont-sentdont-INS_50	INS_50	On1-HG003-20x-7-D0-PF-ONT-PROMETHION	2528531102.0	2528316392.0	42130.0	172580.0	21286.0	0.8447877506265664	0.8037818452796796	0.9999915810296286	0.10979748898723861	0.8902025110127614	0.8902025110127614	HG003	giabHC	-1	-2	ont	sentdont
On1-HG003-20x-7-D0-PF-ONT-PROMETHION-ont-sentdont-INS_gt50	INS_gt50	On1-HG003-20x-7-D0-PF-ONT-PROMETHION	2528531102.0	2528531101.0	0.0	1.0	0.0	1.0	1.0	1.0	0.0	1.0	1.0	HG003	giabHC	-1	-2	ont	sentdont
On1-HG003-20x-7-D0-PF-ONT-PROMETHION-ont-sentdont-DEL_50	DEL_50	On1-HG003-20x-7-D0-PF-ONT-PROMETHION	2528531102.0	2528299015.0	37763.0	194324.0	35002.0	0.8422996317832399	0.8372894647265896	0.9999861561013044	0.1526298806066473	0.8473701193933527	0.8473701193933527	HG003	giabHC	-1	-2	ont	sentdont
On1-HG003-20x-7-D0-PF-ONT-PROMETHION-ont-sentdont-DEL_gt50	DEL_gt50	On1-HG003-20x-7-D0-PF-ONT-PROMETHION	2528531102.0	2528531102.0	0.0	0.0	1.0			0.9999999996045135	1.0	0.0	0.0	HG003	giabHC	-1	-2	ont	sentdont
On1-HG003-20x-7-D0-PF-ONT-PROMETHION-ont-sentdont-Indel_50	Indel_50	On1-HG003-20x-7-D0-PF-ONT-PROMETHION	2528531102.0	2528451229.0	6357.0	73516.0	8996.0	0.9054530898789913	0.920411152704919	0.999996442103415	0.10902656583284856	0.8909734341671515	0.8909734341671515	HG003	giabHC	-1	-2	ont	sentdont
On1-HG003-20x-7-D0-PF-ONT-PROMETHION-ont-sentdont-Indel_gt50	Indel_gt50	On1-HG003-20x-7-D0-PF-ONT-PROMETHION	2528531102.0	2528529834.0	24.0	1244.0	192.0	0.9201183431952663	0.9810725552050473	0.9999999240665532	0.13370473537604458	0.8662952646239555	0.8662952646239555	HG003	giabHC	-1	-2	ont	sentdont
On1-HG003-20x-7-D0-PF-ONT-PROMETHION-ont-sentdont-All	All	On1-HG003-20x-7-D0-PF-ONT-PROMETHION	2528531102.0	2524714046.0	131635.0	3685421.0	80379.0	0.9720403499684024	0.965513998222714	0.99996816414073	0.021344468638801847	0.9786555313611982	0.9786555313611982	HG003	giabHC	-1	-2	ont	sentdont
On1-HG003-20x-7-D0-PF-ONT-PROMETHION-ont-sentdont-SNPts	SNPts	On1-HG003-20x-7-D0-PF-ONT-PROMETHION	377862616.0	377592138.0	4081.0	266397.0	46192.0	0.9137783479428607	0.984911896716184	0.9998776819079779	0.14777231444484612	0.8522276855551538	0.8522276855551539	HG003	clinvar_genes	-1	-2	ont	sentdont
On1-HG003-20x-7-D0-PF-ONT-PROMETHION-ont-sentdont-SNPtv	SNPtv	On1-HG003-20x-7-D0-PF-ONT-PROMETHION	377862616.0	377740153.0	2181.0	120282.0	26720.0	0.892746738908578	0.9821905391832635	0.9999292685465303	0.18176623447300036	0.8182337655269997	0.8182337655269997	HG003	clinvar_genes	-1	-2	ont	sentdont
On1-HG003-20x-7-D0-PF-ONT-PROMETHION-ont-sentdont-INS_50	INS_50	On1-HG003-20x-7-D0-PF-ONT-PROMETHION	377862616.0	377835335.0	5595.0	21686.0	14358.0	0.6849111725227003	0.7949122099629778	0.9999620007630918	0.3983464654311397	0.6016535345688603	0.6016535345688603	HG003	clinvar_genes	-1	-2	ont	sentdont
On1-HG003-20x-7-D0-PF-ONT-PROMETHION-ont-sentdont-INS_gt50	INS_gt50	On1-HG003-20x-7-D0-PF-ONT-PROMETHION	377862616.0	377862589.0	15.0	12.0	197.0	0.1016949152542373	0.4444444444444444	0.9999994786467276	0.9425837320574163	0.0574162679425837	0.05741626794258373	HG003	clinvar_genes	-1	-2	ont	sentdont
On1-HG003-20x-7-D0-PF-ONT-PROMETHION-ont-sentdont-DEL_50	DEL_50	On1-HG003-20x-7-D0-PF-ONT-PROMETHION	377862616.0	377833191.0	4963.0	24462.0	20106.0	0.6611976808617032	0.8313338997451147	0.999946788872402	0.4511308562197092	0.5488691437802908	0.5488691437802908	HG003	clinvar_genes	-1	-2	ont	sentdont
On1-HG003-20x-7-D0-PF-ONT-PROMETHION-ont-sentdont-DEL_gt50	DEL_gt50	On1-HG003-20x-7-D0-PF-ONT-PROMETHION	377862616.0	377862598.0	13.0	5.0	66.0	0.11235955056179775	0.2777777777777778	0.9999998253333651	0.9295774647887324	0.07042253521126762	0.07042253521126761	HG003	clinvar_genes	-1	-2	ont	sentdont
On1-HG003-20x-7-D0-PF-ONT-PROMETHION-ont-sentdont-Indel_50	Indel_50	On1-HG003-20x-7-D0-PF-ONT-PROMETHION	377862616.0	377852566.0	902.0	9148.0	9809.0	0.6307443030992519	0.9102487562189054	0.99997404081314	0.5174341931740254	0.4825658068259746	0.48256580682597455	HG003	clinvar_genes	-1	-2	ont	sentdont
On1-HG003-20x-7-D0-PF-ONT-PROMETHION-ont-sentdont-Indel_gt50	Indel_gt50	On1-HG003-20x-7-D0-PF-ONT-PROMETHION	377862616.0	377862254.0	20.0	342.0	987.0	0.4044943820224719	0.9447513812154696	0.9999973879438566	0.7426636568848759	0.2573363431151241	0.25733634311512416	HG003	clinvar_genes	-1	-2	ont	sentdont
On1-HG003-20x-7-D0-PF-ONT-PROMETHION-ont-sentdont-All	All	On1-HG003-20x-7-D0-PF-ONT-PROMETHION	377862616.0	377402512.0	17770.0	442334.0	118435.0	0.8665798782022838	0.96137829708066	0.9996862823084622	0.21120104713348992	0.78879895286651	0.7887989528665101	HG003	clinvar_genes	-1	-2	ont	sentdont
On1-HG003-3x-2-D0-PF-ONT-PROMETHION-ont-sentdont-SNPts	SNPts	On1-HG003-3x-2-D0-PF-ONT-PROMETHION	2799325643.0	2797075626.0	840173.0	1409844.0	187323.0	0.7329225740177749	0.6265925990781402	0.9999330334675662	0.11728454194207619	0.8827154580579238	0.8827154580579238	HG003	ultima	-1	-2	ont	sentdont
On1-HG003-3x-2-D0-PF-ONT-PROMETHION-ont-sentdont-SNPtv	SNPtv	On1-HG003-3x-2-D0-PF-ONT-PROMETHION	2799325643.0	2798271709.0	397981.0	655953.0	104731.0	0.7229653844500604	0.6223852727020857	0.9999625743704446	0.1376800353366181	0.8623199646633819	0.8623199646633819	HG003	ultima	-1	-2	ont	sentdont
On1-HG003-3x-2-D0-PF-ONT-PROMETHION-ont-sentdont-INS_50	INS_50	On1-HG003-3x-2-D0-PF-ONT-PROMETHION	2799325643.0	2799163144.0	83479.0	79020.0	78505.0	0.4938379621528385	0.4862799155687112	0.9999719549042763	0.49836533883510553	0.5016346611648945	0.5016346611648944	HG003	ultima	-1	-2	ont	sentdont
On1-HG003-3x-2-D0-PF-ONT-PROMETHION-ont-sentdont-INS_gt50	INS_gt50	On1-HG003-3x-2-D0-PF-ONT-PROMETHION	2799325643.0	2799325550.0	84.0	9.0	169.0	0.06642066420664207	0.0967741935483871	0.9999999396283188	0.949438202247191	0.050561797752809	0.05056179775280899	HG003	ultima	-1	-2	ont	sentdont
On1-HG003-3x-2-D0-PF-ONT-PROMETHION-ont-sentdont-DEL_50	DEL_50	On1-HG003-3x-2-D0-PF-ONT-PROMETHION	2799325643.0	2799148076.0	88882.0	88685.0	110378.0	0.4709396489923798	0.4994452798098746	0.9999605688428511	0.5544877752269382	0.44551222477306185	0.4455122247730618	HG003	ultima	-1	-2	ont	sentdont
On1-HG003-3x-2-D0-PF-ONT-PROMETHION-ont-sentdont-DEL_gt50	DEL_gt50	On1-HG003-3x-2-D0-PF-ONT-PROMETHION	2799325643.0	2799325555.0	77.0	11.0	63.0	0.13580246913580246	0.125	0.9999999774945796	0.8513513513513513	0.14864864864864868	0.14864864864864866	HG003	ultima	-1	-2	ont	sentdont
On1-HG003-3x-2-D0-PF-ONT-PROMETHION-ont-sentdont-Indel_50	Indel_50	On1-HG003-3x-2-D0-PF-ONT-PROMETHION	2799325643.0	2799301407.0	8616.0	15620.0	9598.0	0.6316981437295265	0.6444957913847169	0.999996571299158	0.3806011579030851	0.619398842096915	0.6193988420969149	HG003	ultima	-1	-2	ont	sentdont
On1-HG003-3x-2-D0-PF-ONT-PROMETHION-ont-sentdont-Indel_gt50	Indel_gt50	On1-HG003-3x-2-D0-PF-ONT-PROMETHION	2799325643.0	2799324908.0	393.0	342.0	351.0	0.4789915966386554	0.46530612244897956	0.9999998746126414	0.5064935064935064	0.49350649350649356	0.4935064935064935	HG003	ultima	-1	-2	ont	sentdont
On1-HG003-3x-2-D0-PF-ONT-PROMETHION-ont-sentdont-All	All	On1-HG003-3x-2-D0-PF-ONT-PROMETHION	2799325643.0	2795656474.0	1419685.0	2249484.0	491118.0	0.7018921580817786	0.6130772390151558	0.9998243590569378	0.17920077413648533	0.8207992258635146	0.8207992258635146	HG003	ultima	-1	-2	ont	sentdont
On1-HG003-3x-2-D0-PF-ONT-PROMETHION-ont-sentdont-SNPts	SNPts	On1-HG003-3x-2-D0-PF-ONT-PROMETHION	337668665.0	337403610.0	101773.0	163282.0	5249.0	0.753170074679533	0.616030635151195	0.9999844432063356	0.03114560525956649	0.9688543947404336	0.9688543947404336	HG003	giabHC_x_clinvar_genes	-1	-2	ont	sentdont
On1-HG003-3x-2-D0-PF-ONT-PROMETHION-ont-sentdont-SNPtv	SNPtv	On1-HG003-3x-2-D0-PF-ONT-PROMETHION	337668665.0	337548968.0	46862.0	72835.0	1462.0	0.7508995123560522	0.6084947826595487	0.9999956687953264	0.01967777972192686	0.9803222202780731	0.9803222202780731	HG003	giabHC_x_clinvar_genes	-1	-2	ont	sentdont
On1-HG003-3x-2-D0-PF-ONT-PROMETHION-ont-sentdont-INS_50	INS_50	On1-HG003-3x-2-D0-PF-ONT-PROMETHION	337668665.0	337642626.0	15850.0	10189.0	6121.0	0.4811919998110936	0.39129766888129347	0.9999818716934258	0.37529123237277745	0.6247087676272225	0.6247087676272226	HG003	giabHC_x_clinvar_genes	-1	-2	ont	sentdont
On1-HG003-3x-2-D0-PF-ONT-PROMETHION-ont-sentdont-INS_gt50	INS_gt50	On1-HG003-3x-2-D0-PF-ONT-PROMETHION	337668665.0	337668665.0	0.0	0.0	1.0			0.999999997038517	1.0	0.0	0.0	HG003	giabHC_x_clinvar_genes	-1	-2	ont	sentdont
On1-HG003-3x-2-D0-PF-ONT-PROMETHION-ont-sentdont-DEL_50	DEL_50	On1-HG003-3x-2-D0-PF-ONT-PROMETHION	337668665.0	337640848.0	16545.0	11272.0	8469.0	0.4740317086504899	0.40521982960060393	0.9999749177635683	0.42900562281546023	0.5709943771845398	0.5709943771845398	HG003	giabHC_x_clinvar_genes	-1	-2	ont	sentdont
On1-HG003-3x-2-D0-PF-ONT-PROMETHION-ont-sentdont-DEL_gt50	DEL_gt50	On1-HG003-3x-2-D0-PF-ONT-PROMETHION	337668665.0	337668665.0	0.0	0.0	0.0			1.0				HG003	giabHC_x_clinvar_genes	-1	-2	ont	sentdont
On1-HG003-3x-2-D0-PF-ONT-PROMETHION-ont-sentdont-Indel_50	Indel_50	On1-HG003-3x-2-D0-PF-ONT-PROMETHION	337668665.0	337664333.0	2127.0	2205.0	1371.0	0.5576631259484067	0.5090027700831025	0.9999959397712478	0.38338926174496646	0.6166107382550335	0.6166107382550335	HG003	giabHC_x_clinvar_genes	-1	-2	ont	sentdont
On1-HG003-3x-2-D0-PF-ONT-PROMETHION-ont-sentdont-Indel_gt50	Indel_gt50	On1-HG003-3x-2-D0-PF-ONT-PROMETHION	337668665.0	337668623.0	18.0	24.0	4.0	0.6857142857142857	0.5714285714285714	0.9999999881540668	0.14285714285714285	0.8571428571428572	0.8571428571428571	HG003	giabHC_x_clinvar_genes	-1	-2	ont	sentdont
On1-HG003-3x-2-D0-PF-ONT-PROMETHION-ont-sentdont-All	All	On1-HG003-3x-2-D0-PF-ONT-PROMETHION	337668665.0	337225683.0	183175.0	259807.0	22677.0	0.7162485905611014	0.5864956138172657	0.9999327587538157	0.08027711304003059	0.9197228869599694	0.9197228869599694	HG003	giabHC_x_clinvar_genes	-1	-2	ont	sentdont
On1-HG003-3x-2-D0-PF-ONT-PROMETHION-ont-sentdont-SNPts	SNPts	On1-HG003-3x-2-D0-PF-ONT-PROMETHION	332544085.0	332287724.0	98267.0	158094.0	4872.0	0.7540368256754275	0.6166850652010251	0.9999853382228233	0.029895806487242736	0.9701041935127572	0.9701041935127572	HG003	giabHC_x_ultima_x_clinvar	-1	-2	ont	sentdont
On1-HG003-3x-2-D0-PF-ONT-PROMETHION-ont-sentdont-SNPtv	SNPtv	On1-HG003-3x-2-D0-PF-ONT-PROMETHION	332544085.0	332429973.0	44338.0	69774.0	1255.0	0.7537390421354535	0.6114519068984857	0.99999622478307	0.017668839488096413	0.9823311605119036	0.9823311605119036	HG003	giabHC_x_ultima_x_clinvar	-1	-2	ont	sentdont
On1-HG003-3x-2-D0-PF-ONT-PROMETHION-ont-sentdont-INS_50	INS_50	On1-HG003-3x-2-D0-PF-ONT-PROMETHION	332544085.0	332526744.0	8896.0	8445.0	2402.0	0.5991911451681566	0.4869961363243181	0.9999927765730346	0.22144371715681754	0.7785562828431825	0.7785562828431825	HG003	giabHC_x_ultima_x_clinvar	-1	-2	ont	sentdont
On1-HG003-3x-2-D0-PF-ONT-PROMETHION-ont-sentdont-INS_gt50	INS_gt50	On1-HG003-3x-2-D0-PF-ONT-PROMETHION	332544085.0	332544085.0	0.0	0.0	1.0			0.9999999969928799	1.0	0.0	0.0	HG003	giabHC_x_ultima_x_clinvar	-1	-2	ont	sentdont
On1-HG003-3x-2-D0-PF-ONT-PROMETHION-ont-sentdont-DEL_50	DEL_50	On1-HG003-3x-2-D0-PF-ONT-PROMETHION	332544085.0	332525138.0	9426.0	9521.0	3725.0	0.5914950455067871	0.5025069931915342	0.9999887979648853	0.2812169711611052	0.7187830288388948	0.7187830288388948	HG003	giabHC_x_ultima_x_clinvar	-1	-2	ont	sentdont
On1-HG003-3x-2-D0-PF-ONT-PROMETHION-ont-sentdont-DEL_gt50	DEL_gt50	On1-HG003-3x-2-D0-PF-ONT-PROMETHION	332544085.0	332544085.0	0.0	0.0	0.0			1.0				HG003	giabHC_x_ultima_x_clinvar	-1	-2	ont	sentdont
On1-HG003-3x-2-D0-PF-ONT-PROMETHION-ont-sentdont-Indel_50	Indel_50	On1-HG003-3x-2-D0-PF-ONT-PROMETHION	332544085.0	332542064.0	671.0	1350.0	486.0	0.7000259268861809	0.6679861454725383	0.9999985385328884	0.2647058823529412	0.7352941176470589	0.7352941176470589	HG003	giabHC_x_ultima_x_clinvar	-1	-2	ont	sentdont
On1-HG003-3x-2-D0-PF-ONT-PROMETHION-ont-sentdont-Indel_gt50	Indel_gt50	On1-HG003-3x-2-D0-PF-ONT-PROMETHION	332544085.0	332544064.0	11.0	10.0	1.0	0.6249999999999999	0.47619047619047616	0.9999999969928798	0.09090909090909091	0.9090909090909091	0.9090909090909091	HG003	giabHC_x_ultima_x_clinvar	-1	-2	ont	sentdont
On1-HG003-3x-2-D0-PF-ONT-PROMETHION-ont-sentdont-All	All	On1-HG003-3x-2-D0-PF-ONT-PROMETHION	332544085.0	332135282.0	161609.0	247194.0	12742.0	0.7392839358853005	0.6046775586284836	0.999961637586018	0.04901975870983627	0.9509802412901638	0.9509802412901638	HG003	giabHC_x_ultima_x_clinvar	-1	-2	ont	sentdont
On1-HG003-3x-2-D0-PF-ONT-PROMETHION-ont-sentdont-SNPts	SNPts	On1-HG003-3x-2-D0-PF-ONT-PROMETHION	2505355380.0	2503156323.0	820739.0	1378318.0	35977.0	0.762902700871656	0.62677684116419	0.9999856275524657	0.02543811581035074	0.9745618841896493	0.9745618841896493	HG003	giabHC_x_ultima	-1	-2	ont	sentdont
On1-HG003-3x-2-D0-PF-ONT-PROMETHION-ont-sentdont-SNPtv	SNPtv	On1-HG003-3x-2-D0-PF-ONT-PROMETHION	2505355380.0	2504325583.0	388304.0	641493.0	8717.0	0.7636789608614727	0.6229315098024174	0.9999965192346725	0.013406437920056597	0.9865935620799434	0.9865935620799434	HG003	giabHC_x_ultima	-1	-2	ont	sentdont
On1-HG003-3x-2-D0-PF-ONT-PROMETHION-ont-sentdont-INS_50	INS_50	On1-HG003-3x-2-D0-PF-ONT-PROMETHION	2505355380.0	2505203022.0	77892.0	74466.0	21481.0	0.5997946074384325	0.48875674398456265	0.9999914255189608	0.22388401930232316	0.7761159806976768	0.7761159806976768	HG003	giabHC_x_ultima	-1	-2	ont	sentdont
On1-HG003-3x-2-D0-PF-ONT-PROMETHION-ont-sentdont-INS_gt50	INS_gt50	On1-HG003-3x-2-D0-PF-ONT-PROMETHION	2505355380.0	2505355380.0	0.0	0.0	9.0			0.9999999964076953	1.0	0.0	0.0	HG003	giabHC_x_ultima	-1	-2	ont	sentdont
On1-HG003-3x-2-D0-PF-ONT-PROMETHION-ont-sentdont-DEL_50	DEL_50	On1-HG003-3x-2-D0-PF-ONT-PROMETHION	2505355380.0	2505190057.0	82268.0	83055.0	30985.0	0.5946027211907089	0.5023801890843984	0.9999876318298943	0.2717029112592073	0.7282970887407927	0.7282970887407927	HG003	giabHC_x_ultima	-1	-2	ont	sentdont
On1-HG003-3x-2-D0-PF-ONT-PROMETHION-ont-sentdont-DEL_gt50	DEL_gt50	On1-HG003-3x-2-D0-PF-ONT-PROMETHION	2505355380.0	2505355380.0	0.0	0.0	0.0			1.0				HG003	giabHC_x_ultima	-1	-2	ont	sentdont
On1-HG003-3x-2-D0-PF-ONT-PROMETHION-ont-sentdont-Indel_50	Indel_50	On1-HG003-3x-2-D0-PF-ONT-PROMETHION	2505355380.0	2505334475.0	6936.0	13969.0	4270.0	0.7137236868996526	0.6682133460894523	0.9999982956396581	0.23411371237458195	0.765886287625418	0.7658862876254181	HG003	giabHC_x_ultima	-1	-2	ont	sentdont
On1-HG003-3x-2-D0-PF-ONT-PROMETHION-ont-sentdont-Indel_gt50	Indel_gt50	On1-HG003-3x-2-D0-PF-ONT-PROMETHION	2505355380.0	2505355100.0	123.0	157.0	11.0	0.7008928571428572	0.5607142857142857	0.9999999956094049	0.06547619047619048	0.9345238095238095	0.9345238095238095	HG003	giabHC_x_ultima	-1	-2	ont	sentdont
On1-HG003-3x-2-D0-PF-ONT-PROMETHION-ont-sentdont-All	All	On1-HG003-3x-2-D0-PF-ONT-PROMETHION	2505355380.0	2501787660.0	1376262.0	2191458.0	101450.0	0.7478577381127073	0.6142460731223303	0.9999594506408799	0.04424512453181724	0.9557548754681827	0.9557548754681827	HG003	giabHC_x_ultima	-1	-2	ont	sentdont
On1-HG003-3x-2-D0-PF-ONT-PROMETHION-ont-sentdont-SNPts	SNPts	On1-HG003-3x-2-D0-PF-ONT-PROMETHION	377862616.0	377589904.0	104889.0	167823.0	37248.0	0.7025072051538042	0.6153854615858488	0.9999013630248706	0.18163465336395687	0.8183653466360431	0.8183653466360431	HG003	clinvar_genes	-1	-2	ont	sentdont
On1-HG003-3x-2-D0-PF-ONT-PROMETHION-ont-sentdont-SNPtv	SNPtv	On1-HG003-3x-2-D0-PF-ONT-PROMETHION	377862616.0	377738862.0	48647.0	75107.0	20054.0	0.6861749994290022	0.606905635373402	0.9999469132318243	0.2107375920807894	0.7892624079192105	0.7892624079192107	HG003	clinvar_genes	-1	-2	ont	sentdont
On1-HG003-3x-2-D0-PF-ONT-PROMETHION-ont-sentdont-INS_50	INS_50	On1-HG003-3x-2-D0-PF-ONT-PROMETHION	377862616.0	377833773.0	17734.0	11109.0	18166.0	0.3822912006607247	0.3851541101827133	0.9999519229673716	0.6205294619982921	0.37947053800170794	0.37947053800170794	HG003	clinvar_genes	-1	-2	ont	sentdont
On1-HG003-3x-2-D0-PF-ONT-PROMETHION-ont-sentdont-INS_gt50	INS_gt50	On1-HG003-3x-2-D0-PF-ONT-PROMETHION	377862616.0	377862586.0	26.0	4.0	122.0	0.05128205128205127	0.13333333333333333	0.9999996771314094	0.9682539682539683	0.031746031746031744	0.031746031746031744	HG003	clinvar_genes	-1	-2	ont	sentdont
On1-HG003-3x-2-D0-PF-ONT-PROMETHION-ont-sentdont-DEL_50	DEL_50	On1-HG003-3x-2-D0-PF-ONT-PROMETHION	377862616.0	377831947.0	18443.0	12226.0	24320.0	0.36378784497508	0.39864358146662754	0.9999356369018487	0.6654627045367482	0.33453729546325184	0.3345372954632518	HG003	clinvar_genes	-1	-2	ont	sentdont
On1-HG003-3x-2-D0-PF-ONT-PROMETHION-ont-sentdont-DEL_gt50	DEL_gt50	On1-HG003-3x-2-D0-PF-ONT-PROMETHION	377862616.0	377862598.0	16.0	2.0	30.0	0.08	0.1111111111111111	0.9999999206060675	0.9375	0.0625	0.0625	HG003	clinvar_genes	-1	-2	ont	sentdont
On1-HG003-3x-2-D0-PF-ONT-PROMETHION-ont-sentdont-Indel_50	Indel_50	On1-HG003-3x-2-D0-PF-ONT-PROMETHION	377862616.0	377857302.0	2771.0	2543.0	5086.0	0.3929537201576141	0.4785472337222431	0.9999865400734196	0.6666666666666666	0.33333333333333337	0.3333333333333333	HG003	clinvar_genes	-1	-2	ont	sentdont
On1-HG003-3x-2-D0-PF-ONT-PROMETHION-ont-sentdont-Indel_gt50	Indel_gt50	On1-HG003-3x-2-D0-PF-ONT-PROMETHION	377862616.0	377862464.0	82.0	70.0	258.0	0.2916666666666667	0.4605263157894737	0.9999993172123499	0.7865853658536586	0.21341463414634143	0.21341463414634146	HG003	clinvar_genes	-1	-2	ont	sentdont
On1-HG003-3x-2-D0-PF-ONT-PROMETHION-ont-sentdont-All	All	On1-HG003-3x-2-D0-PF-ONT-PROMETHION	377862616.0	377401124.0	192608.0	268884.0	105284.0	0.6435248785391188	0.5826406524923509	0.9997211067209222	0.2813816253661457	0.7186183746338544	0.7186183746338544	HG003	clinvar_genes	-1	-2	ont	sentdont
On1-HG003-3x-2-D0-PF-ONT-PROMETHION-ont-sentdont-SNPts	SNPts	On1-HG003-3x-2-D0-PF-ONT-PROMETHION	3088286401.0	3085968097.0	867993.0	1450311.0	374656.0	0.7000802023328911	0.6255913805954698	0.9998786084275196	0.20529467108172367	0.7947053289182764	0.7947053289182763	HG003	hg38	-1	-2	ont	sentdont
On1-HG003-3x-2-D0-PF-ONT-PROMETHION-ont-sentdont-SNPtv	SNPtv	On1-HG003-3x-2-D0-PF-ONT-PROMETHION	3088286401.0	3087185043.0	420107.0	681251.0	271544.0	0.6632913906607736	0.6185554560824001	0.9999120492896505	0.2849972974249445	0.7150027025750555	0.7150027025750555	HG003	hg38	-1	-2	ont	sentdont
On1-HG003-3x-2-D0-PF-ONT-PROMETHION-ont-sentdont-INS_50	INS_50	On1-HG003-3x-2-D0-PF-ONT-PROMETHION	3088286401.0	3088033004.0	156194.0	97203.0	163709.0	0.3779945519133439	0.38359964798320423	0.9999469888044014	0.6274491016128043	0.3725508983871957	0.3725508983871957	HG003	hg38	-1	-2	ont	sentdont
On1-HG003-3x-2-D0-PF-ONT-PROMETHION-ont-sentdont-INS_gt50	INS_gt50	On1-HG003-3x-2-D0-PF-ONT-PROMETHION	3088286401.0	3088286171.0	196.0	34.0	936.0	0.056666666666666664	0.14782608695652175	0.9999996969193706	0.9649484536082474	0.035051546391752564	0.03505154639175258	HG003	hg38	-1	-2	ont	sentdont
On1-HG003-3x-2-D0-PF-ONT-PROMETHION-ont-sentdont-DEL_50	DEL_50	On1-HG003-3x-2-D0-PF-ONT-PROMETHION	3088286401.0	3088017814.0	160946.0	107641.0	214943.0	0.3641619768222731	0.4007677214459374	0.9999303993523438	0.6663163703097488	0.3336836296902512	0.3336836296902512	HG003	hg38	-1	-2	ont	sentdont
On1-HG003-3x-2-D0-PF-ONT-PROMETHION-ont-sentdont-DEL_gt50	DEL_gt50	On1-HG003-3x-2-D0-PF-ONT-PROMETHION	3088286401.0	3088286264.0	118.0	19.0	258.0	0.09178743961352656	0.1386861313868613	0.9999999164585287	0.9314079422382672	0.06859205776173283	0.06859205776173286	HG003	hg38	-1	-2	ont	sentdont
On1-HG003-3x-2-D0-PF-ONT-PROMETHION-ont-sentdont-Indel_50	Indel_50	On1-HG003-3x-2-D0-PF-ONT-PROMETHION	3088286401.0	3088233476.0	27021.0	25904.0	48587.0	0.40660513593269293	0.48944733112895605	0.9999842673049258	0.6522532923440416	0.3477467076559584	0.34774670765595844	HG003	hg38	-1	-2	ont	sentdont
On1-HG003-3x-2-D0-PF-ONT-PROMETHION-ont-sentdont-Indel_gt50	Indel_gt50	On1-HG003-3x-2-D0-PF-ONT-PROMETHION	3088286401.0	3088284991.0	802.0	608.0	2401.0	0.2751753790450328	0.43120567375886526	0.9999992225464488	0.7979395147889664	0.2020604852110336	0.20206048521103356	HG003	hg38	-1	-2	ont	sentdont
On1-HG003-3x-2-D0-PF-ONT-PROMETHION-ont-sentdont-All	All	On1-HG003-3x-2-D0-PF-ONT-PROMETHION	3088286401.0	3084290053.0	1633377.0	2362971.0	1077034.0	0.6355187818544924	0.5912825910055881	0.9996509219261014	0.31309082399589533	0.6869091760041046	0.6869091760041046	HG003	hg38	-1	-2	ont	sentdont
On1-HG003-3x-2-D0-PF-ONT-PROMETHION-ont-sentdont-SNPts	SNPts	On1-HG003-3x-2-D0-PF-ONT-PROMETHION	688815815.0	688748068.0	26722.0	41025.0	336763.0	0.18416061588876295	0.6055618698982981	0.9995112894888264	0.8914073501540547	0.1085926498459453	0.10859264984594534	HG003	hg38_m_giabHC	-1	-2	ont	sentdont
On1-HG003-3x-2-D0-PF-ONT-PROMETHION-ont-sentdont-SNPtv	SNPtv	On1-HG003-3x-2-D0-PF-ONT-PROMETHION	688815815.0	688780975.0	14829.0	20011.0	261695.0	0.12643344095328957	0.5743685419058553	0.9996202049431859	0.9289649492733559	0.07103505072664407	0.0710350507266441	HG003	hg38_m_giabHC	-1	-2	ont	sentdont
On1-HG003-3x-2-D0-PF-ONT-PROMETHION-ont-sentdont-INS_50	INS_50	On1-HG003-3x-2-D0-PF-ONT-PROMETHION	688815815.0	688789061.0	17979.0	8775.0	111311.0	0.11951784254971398	0.32798833819241985	0.9998384222094744	0.9269273687190847	0.07307263128091535	0.07307263128091535	HG003	hg38_m_giabHC	-1	-2	ont	sentdont
On1-HG003-3x-2-D0-PF-ONT-PROMETHION-ont-sentdont-INS_gt50	INS_gt50	On1-HG003-3x-2-D0-PF-ONT-PROMETHION	688815815.0	688815586.0	195.0	34.0	925.0	0.057239057239057235	0.14847161572052403	0.999998657116975	0.9645464025026069	0.035453597497393075	0.035453597497393116	HG003	hg38_m_giabHC	-1	-2	ont	sentdont
On1-HG003-3x-2-D0-PF-ONT-PROMETHION-ont-sentdont-DEL_50	DEL_50	On1-HG003-3x-2-D0-PF-ONT-PROMETHION	688815815.0	688788568.0	17600.0	9647.0	145477.0	0.10579532930125954	0.35405732741219215	0.9997888375512056	0.9378110414893891	0.0621889585106109	0.06218895851061087	HG003	hg38_m_giabHC	-1	-2	ont	sentdont
On1-HG003-3x-2-D0-PF-ONT-PROMETHION-ont-sentdont-DEL_gt50	DEL_gt50	On1-HG003-3x-2-D0-PF-ONT-PROMETHION	688815815.0	688815678.0	118.0	19.0	258.0	0.09178743961352656	0.1386861313868613	0.9999996254442057	0.9314079422382672	0.06859205776173283	0.06859205776173286	HG003	hg38_m_giabHC	-1	-2	ont	sentdont
On1-HG003-3x-2-D0-PF-ONT-PROMETHION-ont-sentdont-Indel_50	Indel_50	On1-HG003-3x-2-D0-PF-ONT-PROMETHION	688815815.0	688805792.0	6130.0	3893.0	36449.0	0.1545914821800854	0.3884066646712561	0.999947086578275	0.9035000743641862	0.09649992563581378	0.09649992563581379	HG003	hg38_m_giabHC	-1	-2	ont	sentdont
On1-HG003-3x-2-D0-PF-ONT-PROMETHION-ont-sentdont-Indel_gt50	Indel_gt50	On1-HG003-3x-2-D0-PF-ONT-PROMETHION	688815815.0	688814789.0	637.0	389.0	2360.0	0.20609271523178807	0.3791423001949318	0.9999965738367527	0.8584939978173881	0.1415060021826119	0.14150600218261186	HG003	hg38_m_giabHC	-1	-2	ont	sentdont
On1-HG003-3x-2-D0-PF-ONT-PROMETHION-ont-sentdont-All	All	On1-HG003-3x-2-D0-PF-ONT-PROMETHION	688815815.0	688647812.0	84210.0	83793.0	895238.0	0.14610377722020448	0.4987589507330226	0.9987016938246278	0.9144123117654088	0.08558768823459117	0.08558768823459115	HG003	hg38_m_giabHC	-1	-2	ont	sentdont
On1-HG003-3x-2-D0-PF-ONT-PROMETHION-ont-sentdont-SNPts	SNPts	On1-HG003-3x-2-D0-PF-ONT-PROMETHION	2528531102.0	2526280516.0	841271.0	1409315.0	37893.0	0.7622463555298105	0.6261991321371412	0.9999850007030527	0.026183520267991884	0.9738164797320081	0.9738164797320081	HG003	giabHC	-1	-2	ont	sentdont
On1-HG003-3x-2-D0-PF-ONT-PROMETHION-ont-sentdont-SNPtv	SNPtv	On1-HG003-3x-2-D0-PF-ONT-PROMETHION	2528531102.0	2527464575.0	405278.0	661249.0	9849.0	0.761095173009136	0.6200021190274602	0.9999961032246631	0.014675948967214922	0.9853240510327851	0.9853240510327851	HG003	giabHC	-1	-2	ont	sentdont
On1-HG003-3x-2-D0-PF-ONT-PROMETHION-ont-sentdont-INS_50	INS_50	On1-HG003-3x-2-D0-PF-ONT-PROMETHION	2528531102.0	2528304539.0	138175.0	88388.0	52393.0	0.4812274053747986	0.39012548386100115	0.9999792778466771	0.3721595953999474	0.6278404046000525	0.6278404046000525	HG003	giabHC	-1	-2	ont	sentdont
On1-HG003-3x-2-D0-PF-ONT-PROMETHION-ont-sentdont-INS_gt50	INS_gt50	On1-HG003-3x-2-D0-PF-ONT-PROMETHION	2528531102.0	2528531101.0	1.0	0.0	11.0		0.0	0.9999999956496481	1.0	0.0	0.0	HG003	giabHC	-1	-2	ont	sentdont
On1-HG003-3x-2-D0-PF-ONT-PROMETHION-ont-sentdont-DEL_50	DEL_50	On1-HG003-3x-2-D0-PF-ONT-PROMETHION	2528531102.0	2528289570.0	143436.0	98096.0	69471.0	0.4795709595965769	0.4061408012188861	0.9999725232853114	0.41458640424427246	0.5854135957557276	0.5854135957557276	HG003	giabHC	-1	-2	ont	sentdont
On1-HG003-3x-2-D0-PF-ONT-PROMETHION-ont-sentdont-DEL_gt50	DEL_gt50	On1-HG003-3x-2-D0-PF-ONT-PROMETHION	2528531102.0	2528531102.0	0.0	0.0	0.0			1.0				HG003	giabHC	-1	-2	ont	sentdont
On1-HG003-3x-2-D0-PF-ONT-PROMETHION-ont-sentdont-Indel_50	Indel_50	On1-HG003-3x-2-D0-PF-ONT-PROMETHION	2528531102.0	2528488200.0	20891.0	22011.0	12138.0	0.5713358684507664	0.5130530045219337	0.999995199526052	0.3554423262760257	0.6445576737239743	0.6445576737239743	HG003	giabHC	-1	-2	ont	sentdont
On1-HG003-3x-2-D0-PF-ONT-PROMETHION-ont-sentdont-Indel_gt50	Indel_gt50	On1-HG003-3x-2-D0-PF-ONT-PROMETHION	2528531102.0	2528530716.0	167.0	219.0	41.0	0.6780185758513932	0.5673575129533679	0.99999998378505	0.1576923076923077	0.8423076923076923	0.8423076923076923	HG003	giabHC	-1	-2	ont	sentdont
On1-HG003-3x-2-D0-PF-ONT-PROMETHION-ont-sentdont-All	All	On1-HG003-3x-2-D0-PF-ONT-PROMETHION	2528531102.0	2524702605.0	1549219.0	2279278.0	181796.0	0.7247801161637256	0.5953453796620449	0.9999279982877917	0.07386856307449512	0.9261314369255049	0.9261314369255049	HG003	giabHC	-1	-2	ont	sentdont
On1-HG003-7x-4-D0-PF-ONT-PROMETHION-ont-sentdont-SNPts	SNPts	On1-HG003-7x-4-D0-PF-ONT-PROMETHION	2528531102.0	2526290820.0	275641.0	1964641.0	43357.0	0.9249112582033199	0.8769614718147091	0.9999828379790786	0.02159215298023205	0.9784078470197679	0.9784078470197679	HG003	giabHC	-1	-2	ont	sentdont
On1-HG003-7x-4-D0-PF-ONT-PROMETHION-ont-sentdont-SNPtv	SNPtv	On1-HG003-7x-4-D0-PF-ONT-PROMETHION	2528531102.0	2527471938.0	136346.0	922818.0	11230.0	0.9259607106519528	0.8712701715692754	0.9999955568447924	0.012022936722738018	0.987977063277262	0.987977063277262	HG003	giabHC	-1	-2	ont	sentdont
On1-HG003-7x-4-D0-PF-ONT-PROMETHION-ont-sentdont-INS_50	INS_50	On1-HG003-7x-4-D0-PF-ONT-PROMETHION	2528531102.0	2528311067.0	81885.0	138150.0	50751.0	0.6756558483479077	0.6278546594859908	0.9999799273190891	0.26866453856782124	0.7313354614321788	0.7313354614321788	HG003	giabHC	-1	-2	ont	sentdont
On1-HG003-7x-4-D0-PF-ONT-PROMETHION-ont-sentdont-INS_gt50	INS_gt50	On1-HG003-7x-4-D0-PF-ONT-PROMETHION	2528531102.0	2528531101.0	0.0	1.0	9.0	0.18181818181818182	1.0	0.9999999964406212	0.9	0.09999999999999998	0.1	HG003	giabHC	-1	-2	ont	sentdont
On1-HG003-7x-4-D0-PF-ONT-PROMETHION-ont-sentdont-DEL_50	DEL_50	On1-HG003-7x-4-D0-PF-ONT-PROMETHION	2528531102.0	2528295027.0	82029.0	154046.0	80492.0	0.6546610484623246	0.6525299163401461	0.9999681645390903	0.3431938534480553	0.6568061465519447	0.6568061465519447	HG003	giabHC	-1	-2	ont	sentdont
On1-HG003-7x-4-D0-PF-ONT-PROMETHION-ont-sentdont-DEL_gt50	DEL_gt50	On1-HG003-7x-4-D0-PF-ONT-PROMETHION	2528531102.0	2528531102.0	0.0	0.0	1.0			0.9999999996045135	1.0	0.0	0.0	HG003	giabHC	-1	-2	ont	sentdont
On1-HG003-7x-4-D0-PF-ONT-PROMETHION-ont-sentdont-Indel_50	Indel_50	On1-HG003-7x-4-D0-PF-ONT-PROMETHION	2528531102.0	2528466442.0	11616.0	53044.0	15174.0	0.7983864898628817	0.8203526136715126	0.9999939987698926	0.22243396171098537	0.7775660382890146	0.7775660382890146	HG003	giabHC	-1	-2	ont	sentdont
On1-HG003-7x-4-D0-PF-ONT-PROMETHION-ont-sentdont-Indel_gt50	Indel_gt50	On1-HG003-7x-4-D0-PF-ONT-PROMETHION	2528531102.0	2528530292.0	59.0	751.0	131.0	0.8877068557919622	0.9271604938271605	0.9999999481912503	0.14852607709750568	0.8514739229024944	0.8514739229024944	HG003	giabHC	-1	-2	ont	sentdont
On1-HG003-7x-4-D0-PF-ONT-PROMETHION-ont-sentdont-All	All	On1-HG003-7x-4-D0-PF-ONT-PROMETHION	2528531102.0	2524710075.0	587576.0	3233451.0	201145.0	0.8912952064901939	0.8462256351499218	0.999920335812837	0.05856438428275116	0.9414356157172489	0.9414356157172489	HG003	giabHC	-1	-2	ont	sentdont
On1-HG003-7x-4-D0-PF-ONT-PROMETHION-ont-sentdont-SNPts	SNPts	On1-HG003-7x-4-D0-PF-ONT-PROMETHION	332544085.0	332288980.0	33130.0	221975.0	5487.0	0.9199758789971133	0.8701319064698849	0.9999834875372752	0.02412271060660682	0.9758772893933931	0.9758772893933931	HG003	giabHC_x_ultima_x_clinvar	-1	-2	ont	sentdont
On1-HG003-7x-4-D0-PF-ONT-PROMETHION-ont-sentdont-SNPtv	SNPtv	On1-HG003-7x-4-D0-PF-ONT-PROMETHION	332544085.0	332430665.0	15133.0	98287.0	1394.0	0.9224452255033998	0.8665755598659849	0.9999958066619562	0.013984610908799069	0.9860153890912009	0.9860153890912009	HG003	giabHC_x_ultima_x_clinvar	-1	-2	ont	sentdont
On1-HG003-7x-4-D0-PF-ONT-PROMETHION-ont-sentdont-INS_50	INS_50	On1-HG003-7x-4-D0-PF-ONT-PROMETHION	332544085.0	332527328.0	3888.0	12869.0	2288.0	0.8064799147709469	0.767977561616041	0.9999931194098512	0.15095335488553144	0.8490466451144686	0.8490466451144686	HG003	giabHC_x_ultima_x_clinvar	-1	-2	ont	sentdont
On1-HG003-7x-4-D0-PF-ONT-PROMETHION-ont-sentdont-INS_gt50	INS_gt50	On1-HG003-7x-4-D0-PF-ONT-PROMETHION	332544085.0	332544085.0	0.0	0.0	0.0			1.0				HG003	giabHC_x_ultima_x_clinvar	-1	-2	ont	sentdont
On1-HG003-7x-4-D0-PF-ONT-PROMETHION-ont-sentdont-DEL_50	DEL_50	On1-HG003-7x-4-D0-PF-ONT-PROMETHION	332544085.0	332525504.0	4092.0	14489.0	3991.0	0.7819001106284235	0.7797750390183521	0.9999879980571348	0.21596320346320347	0.7840367965367965	0.7840367965367966	HG003	giabHC_x_ultima_x_clinvar	-1	-2	ont	sentdont
On1-HG003-7x-4-D0-PF-ONT-PROMETHION-ont-sentdont-DEL_gt50	DEL_gt50	On1-HG003-7x-4-D0-PF-ONT-PROMETHION	332544085.0	332544085.0	0.0	0.0	0.0			1.0				HG003	giabHC_x_ultima_x_clinvar	-1	-2	ont	sentdont
On1-HG003-7x-4-D0-PF-ONT-PROMETHION-ont-sentdont-Indel_50	Indel_50	On1-HG003-7x-4-D0-PF-ONT-PROMETHION	332544085.0	332539989.0	207.0	3889.0	708.0	0.894742896583458	0.949462890625	0.9999978709372827	0.15401348705677617	0.8459865129432238	0.8459865129432238	HG003	giabHC_x_ultima_x_clinvar	-1	-2	ont	sentdont
On1-HG003-7x-4-D0-PF-ONT-PROMETHION-ont-sentdont-Indel_gt50	Indel_gt50	On1-HG003-7x-4-D0-PF-ONT-PROMETHION	332544085.0	332544028.0	3.0	54.0	10.0	0.8925619834710744	0.9473684210526315	0.9999999699287948	0.15625	0.84375	0.84375	HG003	giabHC_x_ultima_x_clinvar	-1	-2	ont	sentdont
On1-HG003-7x-4-D0-PF-ONT-PROMETHION-ont-sentdont-All	All	On1-HG003-7x-4-D0-PF-ONT-PROMETHION	332544085.0	332136069.0	56453.0	351563.0	13878.0	0.9090692824552624	0.86164022979491	0.9999582176660712	0.03797603443510717	0.9620239655648928	0.9620239655648928	HG003	giabHC_x_ultima_x_clinvar	-1	-2	ont	sentdont
On1-HG003-7x-4-D0-PF-ONT-PROMETHION-ont-sentdont-SNPts	SNPts	On1-HG003-7x-4-D0-PF-ONT-PROMETHION	337668665.0	337404953.0	34547.0	229165.0	5929.0	0.9188542238866413	0.8689972394126926	0.9999824279526349	0.025219699354300833	0.9747803006456992	0.9747803006456992	HG003	giabHC_x_clinvar_genes	-1	-2	ont	sentdont
On1-HG003-7x-4-D0-PF-ONT-PROMETHION-ont-sentdont-SNPtv	SNPtv	On1-HG003-7x-4-D0-PF-ONT-PROMETHION	337668665.0	337549773.0	16287.0	102605.0	1635.0	0.9196798307728162	0.8630101268378024	0.999995156293349	0.01568495778971604	0.984315042210284	0.984315042210284	HG003	giabHC_x_clinvar_genes	-1	-2	ont	sentdont
On1-HG003-7x-4-D0-PF-ONT-PROMETHION-ont-sentdont-INS_50	INS_50	On1-HG003-7x-4-D0-PF-ONT-PROMETHION	337668665.0	337643368.0	9420.0	15877.0	5787.0	0.6761781052362598	0.6276238289125192	0.9999828609077964	0.2671251846381093	0.7328748153618907	0.7328748153618907	HG003	giabHC_x_clinvar_genes	-1	-2	ont	sentdont
On1-HG003-7x-4-D0-PF-ONT-PROMETHION-ont-sentdont-INS_gt50	INS_gt50	On1-HG003-7x-4-D0-PF-ONT-PROMETHION	337668665.0	337668665.0	0.0	0.0	1.0			0.999999997038517	1.0	0.0	0.0	HG003	giabHC_x_clinvar_genes	-1	-2	ont	sentdont
On1-HG003-7x-4-D0-PF-ONT-PROMETHION-ont-sentdont-DEL_50	DEL_50	On1-HG003-7x-4-D0-PF-ONT-PROMETHION	337668665.0	337641475.0	9515.0	17675.0	9986.0	0.6444732092395763	0.6500551673409342	0.9999704251242674	0.36101370160153284	0.6389862983984671	0.6389862983984671	HG003	giabHC_x_clinvar_genes	-1	-2	ont	sentdont
On1-HG003-7x-4-D0-PF-ONT-PROMETHION-ont-sentdont-DEL_gt50	DEL_gt50	On1-HG003-7x-4-D0-PF-ONT-PROMETHION	337668665.0	337668665.0	0.0	0.0	0.0			1.0				HG003	giabHC_x_clinvar_genes	-1	-2	ont	sentdont
On1-HG003-7x-4-D0-PF-ONT-PROMETHION-ont-sentdont-Indel_50	Indel_50	On1-HG003-7x-4-D0-PF-ONT-PROMETHION	337668665.0	337661763.0	1201.0	5701.0	1694.0	0.7975099671259703	0.825992465951898	0.9999949831704767	0.2290736984448952	0.7709263015551048	0.7709263015551048	HG003	giabHC_x_clinvar_genes	-1	-2	ont	sentdont
On1-HG003-7x-4-D0-PF-ONT-PROMETHION-ont-sentdont-Indel_gt50	Indel_gt50	On1-HG003-7x-4-D0-PF-ONT-PROMETHION	337668665.0	337668568.0	5.0	92.0	15.0	0.9019607843137255	0.9484536082474226	0.9999999555777447	0.14018691588785046	0.8598130841121495	0.8598130841121495	HG003	giabHC_x_clinvar_genes	-1	-2	ont	sentdont
On1-HG003-7x-4-D0-PF-ONT-PROMETHION-ont-sentdont-All	All	On1-HG003-7x-4-D0-PF-ONT-PROMETHION	337668665.0	337226575.0	70975.0	371115.0	25047.0	0.8854497215634438	0.8394557669252867	0.9999257320102674	0.06322413558089872	0.9367758644191013	0.9367758644191013	HG003	giabHC_x_clinvar_genes	-1	-2	ont	sentdont
On1-HG003-7x-4-D0-PF-ONT-PROMETHION-ont-sentdont-SNPts	SNPts	On1-HG003-7x-4-D0-PF-ONT-PROMETHION	688815815.0	688748536.0	10068.0	57211.0	437696.0	0.20353050413919951	0.8503544939728593	0.9993649089612109	0.8844005035289458	0.11559949647105416	0.11559949647105416	HG003	hg38_m_giabHC	-1	-2	ont	sentdont
On1-HG003-7x-4-D0-PF-ONT-PROMETHION-ont-sentdont-SNPtv	SNPtv	On1-HG003-7x-4-D0-PF-ONT-PROMETHION	688815815.0	688781387.0	6016.0	28412.0	343341.0	0.13989822271351934	0.8252585105146973	0.9995017723409861	0.9235729099697918	0.0764270900302082	0.07642709003020823	HG003	hg38_m_giabHC	-1	-2	ont	sentdont
On1-HG003-7x-4-D0-PF-ONT-PROMETHION-ont-sentdont-INS_50	INS_50	On1-HG003-7x-4-D0-PF-ONT-PROMETHION	688815815.0	688790435.0	11165.0	14215.0	135341.0	0.1625165774911968	0.5600866824271079	0.9998035477772572	0.9049519912273664	0.09504800877263364	0.09504800877263367	HG003	hg38_m_giabHC	-1	-2	ont	sentdont
On1-HG003-7x-4-D0-PF-ONT-PROMETHION-ont-sentdont-INS_gt50	INS_gt50	On1-HG003-7x-4-D0-PF-ONT-PROMETHION	688815815.0	688815595.0	163.0	57.0	1302.0	0.07219759341355289	0.2590909090909091	0.9999981098024662	0.9580573951434879	0.04194260485651213	0.04194260485651214	HG003	hg38_m_giabHC	-1	-2	ont	sentdont
On1-HG003-7x-4-D0-PF-ONT-PROMETHION-ont-sentdont-DEL_50	DEL_50	On1-HG003-7x-4-D0-PF-ONT-PROMETHION	688815815.0	688789316.0	10774.0	15725.0	189204.0	0.13589539727258587	0.5934186195705499	0.9997253847623581	0.9232661067979642	0.07673389320203583	0.07673389320203583	HG003	hg38_m_giabHC	-1	-2	ont	sentdont
On1-HG003-7x-4-D0-PF-ONT-PROMETHION-ont-sentdont-DEL_gt50	DEL_gt50	On1-HG003-7x-4-D0-PF-ONT-PROMETHION	688815815.0	688815678.0	108.0	29.0	401.0	0.10229276895943565	0.2116788321167883	0.9999994178416964	0.9325581395348838	0.06744186046511624	0.06744186046511629	HG003	hg38_m_giabHC	-1	-2	ont	sentdont
On1-HG003-7x-4-D0-PF-ONT-PROMETHION-ont-sentdont-Indel_50	Indel_50	On1-HG003-7x-4-D0-PF-ONT-PROMETHION	688815815.0	688803301.0	3470.0	9044.0	69555.0	0.1985227135534995	0.7227105641681317	0.9998990307146026	0.8849349228361684	0.11506507716383163	0.1150650771638316	HG003	hg38_m_giabHC	-1	-2	ont	sentdont
On1-HG003-7x-4-D0-PF-ONT-PROMETHION-ont-sentdont-Indel_gt50	Indel_gt50	On1-HG003-7x-4-D0-PF-ONT-PROMETHION	688815815.0	688814459.0	323.0	1033.0	6163.0	0.24158091674462112	0.7617994100294986	0.9999910528230381	0.8564480266814897	0.14355197331851033	0.14355197331851027	HG003	hg38_m_giabHC	-1	-2	ont	sentdont
On1-HG003-7x-4-D0-PF-ONT-PROMETHION-ont-sentdont-All	All	On1-HG003-7x-4-D0-PF-ONT-PROMETHION	688815815.0	688648002.0	42087.0	125726.0	1183003.0	0.1702978987390809	0.7492029818905568	0.9982850828805527	0.903932746962893	0.09606725303710695	0.09606725303710699	HG003	hg38_m_giabHC	-1	-2	ont	sentdont
On1-HG003-7x-4-D0-PF-ONT-PROMETHION-ont-sentdont-SNPts	SNPts	On1-HG003-7x-4-D0-PF-ONT-PROMETHION	377862616.0	377591295.0	35797.0	235524.0	48304.0	0.8485073376697067	0.8680640274803646	0.9998720896851709	0.1701875783925476	0.8298124216074524	0.8298124216074524	HG003	clinvar_genes	-1	-2	ont	sentdont
On1-HG003-7x-4-D0-PF-ONT-PROMETHION-ont-sentdont-SNPtv	SNPtv	On1-HG003-7x-4-D0-PF-ONT-PROMETHION	377862616.0	377739724.0	17037.0	105855.0	26210.0	0.8303753181909107	0.8613660775314911	0.9999306184130409	0.19846287812819444	0.8015371218718056	0.8015371218718056	HG003	clinvar_genes	-1	-2	ont	sentdont
On1-HG003-7x-4-D0-PF-ONT-PROMETHION-ont-sentdont-INS_50	INS_50	On1-HG003-7x-4-D0-PF-ONT-PROMETHION	377862616.0	377834635.0	10592.0	17389.0	20430.0	0.5285410334346504	0.6214574175333262	0.9999459316497451	0.540204659033819	0.459795340966181	0.459795340966181	HG003	clinvar_genes	-1	-2	ont	sentdont
On1-HG003-7x-4-D0-PF-ONT-PROMETHION-ont-sentdont-INS_gt50	INS_gt50	On1-HG003-7x-4-D0-PF-ONT-PROMETHION	377862616.0	377862590.0	21.0	5.0	158.0	0.052910052910052914	0.19230769230769232	0.9999995818587547	0.9693251533742331	0.030674846625766916	0.03067484662576687	HG003	clinvar_genes	-1	-2	ont	sentdont
On1-HG003-7x-4-D0-PF-ONT-PROMETHION-ont-sentdont-DEL_50	DEL_50	On1-HG003-7x-4-D0-PF-ONT-PROMETHION	377862616.0	377832656.0	10694.0	19266.0	30582.0	0.4828087409783481	0.6430574098798398	0.9999190659558155	0.6135050553683197	0.3864949446316803	0.3864949446316803	HG003	clinvar_genes	-1	-2	ont	sentdont
On1-HG003-7x-4-D0-PF-ONT-PROMETHION-ont-sentdont-DEL_gt50	DEL_gt50	On1-HG003-7x-4-D0-PF-ONT-PROMETHION	377862616.0	377862598.0	16.0	2.0	49.0	0.05797101449275362	0.1111111111111111	0.99999987032325	0.9607843137254902	0.039215686274509776	0.0392156862745098	HG003	clinvar_genes	-1	-2	ont	sentdont
On1-HG003-7x-4-D0-PF-ONT-PROMETHION-ont-sentdont-Indel_50	Indel_50	On1-HG003-7x-4-D0-PF-ONT-PROMETHION	377862616.0	377854486.0	1566.0	6564.0	8631.0	0.562829581993569	0.8073800738007381	0.9999771583951657	0.5680157946692991	0.4319842053307009	0.43198420533070087	HG003	clinvar_genes	-1	-2	ont	sentdont
On1-HG003-7x-4-D0-PF-ONT-PROMETHION-ont-sentdont-Indel_gt50	Indel_gt50	On1-HG003-7x-4-D0-PF-ONT-PROMETHION	377862616.0	377862366.0	36.0	214.0	687.0	0.37185056472632494	0.856	0.9999981818809895	0.7624861265260822	0.23751387347391784	0.23751387347391786	HG003	clinvar_genes	-1	-2	ont	sentdont
On1-HG003-7x-4-D0-PF-ONT-PROMETHION-ont-sentdont-All	All	On1-HG003-7x-4-D0-PF-ONT-PROMETHION	377862616.0	377402038.0	75759.0	384819.0	135051.0	0.7849860471947518	0.8355132029753918	0.9996422841518493	0.25977840613999653	0.7402215938600034	0.7402215938600034	HG003	clinvar_genes	-1	-2	ont	sentdont
On1-HG003-7x-4-D0-PF-ONT-PROMETHION-ont-sentdont-SNPts	SNPts	On1-HG003-7x-4-D0-PF-ONT-PROMETHION	2799325643.0	2797085596.0	274177.0	1965870.0	223089.0	0.8877251464549833	0.8776021217411956	0.9999202487014764	0.10191556808510346	0.8980844319148965	0.8980844319148965	HG003	ultima	-1	-2	ont	sentdont
On1-HG003-7x-4-D0-PF-ONT-PROMETHION-ont-sentdont-SNPtv	SNPtv	On1-HG003-7x-4-D0-PF-ONT-PROMETHION	2799325643.0	2798278418.0	132216.0	915009.0	121475.0	0.8782502739106084	0.8737463295853327	0.9999565912647782	0.11719910775274872	0.8828008922472512	0.8828008922472513	HG003	ultima	-1	-2	ont	sentdont
On1-HG003-7x-4-D0-PF-ONT-PROMETHION-ont-sentdont-INS_50	INS_50	On1-HG003-7x-4-D0-PF-ONT-PROMETHION	2799325643.0	2799168615.0	36181.0	120847.0	79335.0	0.6766159961927157	0.7695888631326897	0.9999716584591943	0.3963143539379165	0.6036856460620835	0.6036856460620835	HG003	ultima	-1	-2	ont	sentdont
On1-HG003-7x-4-D0-PF-ONT-PROMETHION-ont-sentdont-INS_gt50	INS_gt50	On1-HG003-7x-4-D0-PF-ONT-PROMETHION	2799325643.0	2799325551.0	69.0	23.0	250.0	0.12602739726027398	0.25	0.9999999106927818	0.9157509157509157	0.08424908424908428	0.08424908424908426	HG003	ultima	-1	-2	ont	sentdont
On1-HG003-7x-4-D0-PF-ONT-PROMETHION-ont-sentdont-DEL_50	DEL_50	On1-HG003-7x-4-D0-PF-ONT-PROMETHION	2799325643.0	2799151938.0	38937.0	134768.0	112287.0	0.6405932122825363	0.7758441035088224	0.9999598869592241	0.4545020339600494	0.5454979660399506	0.5454979660399506	HG003	ultima	-1	-2	ont	sentdont
On1-HG003-7x-4-D0-PF-ONT-PROMETHION-ont-sentdont-DEL_gt50	DEL_gt50	On1-HG003-7x-4-D0-PF-ONT-PROMETHION	2799325643.0	2799325555.0	69.0	19.0	110.0	0.17511520737327188	0.2159090909090909	0.9999999607048221	0.8527131782945736	0.1472868217054264	0.14728682170542637	HG003	ultima	-1	-2	ont	sentdont
On1-HG003-7x-4-D0-PF-ONT-PROMETHION-ont-sentdont-Indel_50	Indel_50	On1-HG003-7x-4-D0-PF-ONT-PROMETHION	2799325643.0	2799282579.0	2654.0	40410.0	18335.0	0.7938394444499014	0.9383707969533718	0.99999345015039	0.3121116690782194	0.6878883309217806	0.6878883309217806	HG003	ultima	-1	-2	ont	sentdont
On1-HG003-7x-4-D0-PF-ONT-PROMETHION-ont-sentdont-Indel_gt50	Indel_gt50	On1-HG003-7x-4-D0-PF-ONT-PROMETHION	2799325643.0	2799324537.0	173.0	933.0	946.0	0.6251256281407035	0.8435804701627486	0.9999996620614481	0.50345928685471	0.49654071314529	0.49654071314529	HG003	ultima	-1	-2	ont	sentdont
On1-HG003-7x-4-D0-PF-ONT-PROMETHION-ont-sentdont-All	All	On1-HG003-7x-4-D0-PF-ONT-PROMETHION	2799325643.0	2795663288.0	484476.0	3177879.0	555827.0	0.8593436425145762	0.8677146262445885	0.9998012219439391	0.1488673719891175	0.8511326280108825	0.8511326280108825	HG003	ultima	-1	-2	ont	sentdont
On1-HG003-7x-4-D0-PF-ONT-PROMETHION-ont-sentdont-SNPts	SNPts	On1-HG003-7x-4-D0-PF-ONT-PROMETHION	2505355380.0	2503166086.0	267462.0	1921832.0	40938.0	0.9257236882668476	0.8778318489887608	0.9999836457793513	0.020857257854970272	0.9791427421450297	0.9791427421450297	HG003	giabHC_x_ultima	-1	-2	ont	sentdont
On1-HG003-7x-4-D0-PF-ONT-PROMETHION-ont-sentdont-SNPtv	SNPtv	On1-HG003-7x-4-D0-PF-ONT-PROMETHION	2505355380.0	2504332116.0	128723.0	894541.0	9798.0	0.9281382110320434	0.87420352909904	0.9999960875949305	0.010834432662972624	0.9891655673370274	0.9891655673370274	HG003	giabHC_x_ultima	-1	-2	ont	sentdont
On1-HG003-7x-4-D0-PF-ONT-PROMETHION-ont-sentdont-INS_50	INS_50	On1-HG003-7x-4-D0-PF-ONT-PROMETHION	2505355380.0	2505207957.0	33703.0	113720.0	20193.0	0.8084283561293258	0.7713857403525909	0.9999919396562744	0.15079193207530261	0.8492080679246974	0.8492080679246974	HG003	giabHC_x_ultima	-1	-2	ont	sentdont
On1-HG003-7x-4-D0-PF-ONT-PROMETHION-ont-sentdont-INS_gt50	INS_gt50	On1-HG003-7x-4-D0-PF-ONT-PROMETHION	2505355380.0	2505355380.0	0.0	0.0	7.0			0.9999999972059852	1.0	0.0	0.0	HG003	giabHC_x_ultima	-1	-2	ont	sentdont
On1-HG003-7x-4-D0-PF-ONT-PROMETHION-ont-sentdont-DEL_50	DEL_50	On1-HG003-7x-4-D0-PF-ONT-PROMETHION	2505355380.0	2505193556.0	35699.0	126125.0	31814.0	0.7888655035135397	0.7793961340715839	0.9999873009429088	0.20143219850701855	0.7985678014929815	0.7985678014929815	HG003	giabHC_x_ultima	-1	-2	ont	sentdont
On1-HG003-7x-4-D0-PF-ONT-PROMETHION-ont-sentdont-DEL_gt50	DEL_gt50	On1-HG003-7x-4-D0-PF-ONT-PROMETHION	2505355380.0	2505355380.0	0.0	0.0	1.0			0.9999999996008551	1.0	0.0	0.0	HG003	giabHC_x_ultima	-1	-2	ont	sentdont
On1-HG003-7x-4-D0-PF-ONT-PROMETHION-ont-sentdont-Indel_50	Indel_50	On1-HG003-7x-4-D0-PF-ONT-PROMETHION	2505355380.0	2505316891.0	2062.0	36427.0	6286.0	0.8971946503780694	0.9464262516563174	0.9999974909424629	0.14716830941399575	0.8528316905860043	0.8528316905860043	HG003	giabHC_x_ultima	-1	-2	ont	sentdont
On1-HG003-7x-4-D0-PF-ONT-PROMETHION-ont-sentdont-Indel_gt50	Indel_gt50	On1-HG003-7x-4-D0-PF-ONT-PROMETHION	2505355380.0	2505354830.0	44.0	506.0	53.0	0.9125338142470695	0.92	0.9999999788453123	0.09481216457960644	0.9051878354203936	0.9051878354203936	HG003	giabHC_x_ultima	-1	-2	ont	sentdont
On1-HG003-7x-4-D0-PF-ONT-PROMETHION-ont-sentdont-All	All	On1-HG003-7x-4-D0-PF-ONT-PROMETHION	2505355380.0	2501794536.0	467693.0	3093151.0	109090.0	0.9147159912968713	0.8686567004901086	0.9999563972013684	0.034066767616803356	0.9659332323831966	0.9659332323831966	HG003	giabHC_x_ultima	-1	-2	ont	sentdont
On1b-HG003-15xact-6-D0-PF-ONT-PROMETHION-ont-sentdont-SNPts	SNPts	On1b-HG003-15xact-6-D0-PF-ONT-PROMETHION	2505355380.0	2503161911.0	8550.0	2184919.0	3627.0	0.9972211414155359	0.9961020648114927	0.9999985510347019	0.001657264686234605	0.9983427353137654	0.9983427353137654	HG003	giabHC_x_ultima	-1	-2	ont	sentdont
On1b-HG003-15xact-6-D0-PF-ONT-PROMETHION-ont-sentdont-SNPtv	SNPtv	On1b-HG003-15xact-6-D0-PF-ONT-PROMETHION	2505355380.0	2504328330.0	4789.0	1022261.0	1811.0	0.9967822489349731	0.9953371306168152	0.9999992768525322	0.0017684303447413853	0.9982315696552586	0.9982315696552586	HG003	giabHC_x_ultima	-1	-2	ont	sentdont
On1b-HG003-15xact-6-D0-PF-ONT-PROMETHION-ont-sentdont-INS_50	INS_50	On1b-HG003-15xact-6-D0-PF-ONT-PROMETHION	2505355380.0	2505208747.0	3131.0	143502.0	2966.0	0.9791982968328323	0.9786473713284186	0.9999988160681252	0.020250157030887294	0.9797498429691127	0.9797498429691127	HG003	giabHC_x_ultima	-1	-2	ont	sentdont
On1b-HG003-15xact-6-D0-PF-ONT-PROMETHION-ont-sentdont-INS_gt50	INS_gt50	On1b-HG003-15xact-6-D0-PF-ONT-PROMETHION	2505355380.0	2505355380.0	0.0	0.0	1.0			0.9999999996008551	1.0	0.0	0.0	HG003	giabHC_x_ultima	-1	-2	ont	sentdont
On1b-HG003-15xact-6-D0-PF-ONT-PROMETHION-ont-sentdont-DEL_50	DEL_50	On1b-HG003-15xact-6-D0-PF-ONT-PROMETHION	2505355380.0	2505194812.0	3625.0	156943.0	3039.0	0.9792107315551396	0.9774238951721389	0.9999987869221592	0.018995887037291697	0.9810041129627083	0.9810041129627083	HG003	giabHC_x_ultima	-1	-2	ont	sentdont
On1b-HG003-15xact-6-D0-PF-ONT-PROMETHION-ont-sentdont-DEL_gt50	DEL_gt50	On1b-HG003-15xact-6-D0-PF-ONT-PROMETHION	2505355380.0	2505355380.0	0.0	0.0	1.0			0.9999999996008551	1.0	0.0	0.0	HG003	giabHC_x_ultima	-1	-2	ont	sentdont
On1b-HG003-15xact-6-D0-PF-ONT-PROMETHION-ont-sentdont-Indel_50	Indel_50	On1b-HG003-15xact-6-D0-PF-ONT-PROMETHION	2505355380.0	2505319105.0	195.0	36080.0	1649.0	0.9750824279768661	0.9946243969676085	0.9999993418008463	0.043706432717538234	0.9562935672824617	0.9562935672824617	HG003	giabHC_x_ultima	-1	-2	ont	sentdont
On1b-HG003-15xact-6-D0-PF-ONT-PROMETHION-ont-sentdont-Indel_gt50	Indel_gt50	On1b-HG003-15xact-6-D0-PF-ONT-PROMETHION	2505355380.0	2505354697.0	9.0	674.0	36.0	0.9676956209619526	0.986822840409956	0.9999999856307773	0.05070422535211268	0.9492957746478873	0.9492957746478873	HG003	giabHC_x_ultima	-1	-2	ont	sentdont
On1b-HG003-15xact-6-D0-PF-ONT-PROMETHION-ont-sentdont-All	All	On1b-HG003-15xact-6-D0-PF-ONT-PROMETHION	2505355380.0	2501790702.0	20299.0	3544379.0	13130.0	0.9953063574432967	0.9943055165150961	0.999994751786758	0.003690784759785569	0.9963092152402144	0.9963092152402144	HG003	giabHC_x_ultima	-1	-2	ont	sentdont
On1-HG003-7x-4-D0-PF-ONT-PROMETHION-ont-sentdont-SNPts	SNPts	On1-HG003-7x-4-D0-PF-ONT-PROMETHION	3088286401.0	3085978872.0	285709.0	2021820.0	481053.0	0.8406033425065098	0.8761840046213937	0.9998441408566159	0.1922003233883621	0.8077996766116379	0.8077996766116379	HG003	hg38	-1	-2	ont	sentdont
On1-HG003-7x-4-D0-PF-ONT-PROMETHION-ont-sentdont-SNPtv	SNPtv	On1-HG003-7x-4-D0-PF-ONT-PROMETHION	3088286401.0	3087192820.0	142362.0	951219.0	354571.0	0.7928903033336653	0.869820342526068	0.9998851609529837	0.2715375366636289	0.7284624633363711	0.7284624633363711	HG003	hg38	-1	-2	ont	sentdont
On1-HG003-7x-4-D0-PF-ONT-PROMETHION-ont-sentdont-INS_50	INS_50	On1-HG003-7x-4-D0-PF-ONT-PROMETHION	3088286401.0	3088040910.0	93062.0	152429.0	186099.0	0.5220001404063909	0.6209148196878908	0.9999397392097609	0.5497300075621514	0.4502699924378486	0.45026999243784854	HG003	hg38	-1	-2	ont	sentdont
On1-HG003-7x-4-D0-PF-ONT-PROMETHION-ont-sentdont-INS_gt50	INS_gt50	On1-HG003-7x-4-D0-PF-ONT-PROMETHION	3088286401.0	3088286180.0	163.0	58.0	1311.0	0.0729559748427673	0.26244343891402716	0.9999995754928892	0.9576333089846604	0.04236669101533963	0.042366691015339665	HG003	hg38	-1	-2	ont	sentdont
On1-HG003-7x-4-D0-PF-ONT-PROMETHION-ont-sentdont-DEL_50	DEL_50	On1-HG003-7x-4-D0-PF-ONT-PROMETHION	3088286401.0	3088024022.0	92760.0	169619.0	269689.0	0.48346057430164735	0.6464656089092496	0.999912673785191	0.6138950349185537	0.3861049650814463	0.38610496508144626	HG003	hg38	-1	-2	ont	sentdont
On1-HG003-7x-4-D0-PF-ONT-PROMETHION-ont-sentdont-DEL_gt50	DEL_gt50	On1-HG003-7x-4-D0-PF-ONT-PROMETHION	3088286401.0	3088286264.0	108.0	29.0	402.0	0.10211267605633803	0.2116788321167883	0.9999998698307367	0.9327146171693735	0.06728538283062646	0.06728538283062645	HG003	hg38	-1	-2	ont	sentdont
On1-HG003-7x-4-D0-PF-ONT-PROMETHION-ont-sentdont-Indel_50	Indel_50	On1-HG003-7x-4-D0-PF-ONT-PROMETHION	3088286401.0	3088209225.0	15086.0	62090.0	84729.0	0.5543873747181858	0.8045247227117238	0.999972564463985	0.57709833195976	0.42290166804024	0.42290166804024004	HG003	hg38	-1	-2	ont	sentdont
On1-HG003-7x-4-D0-PF-ONT-PROMETHION-ont-sentdont-Indel_gt50	Indel_gt50	On1-HG003-7x-4-D0-PF-ONT-PROMETHION	3088286401.0	3088284239.0	380.0	1782.0	6293.0	0.3481488717397675	0.8242368177613321	0.999997962303114	0.7793188854489164	0.22068111455108363	0.22068111455108358	HG003	hg38	-1	-2	ont	sentdont
On1-HG003-7x-4-D0-PF-ONT-PROMETHION-ont-sentdont-All	All	On1-HG003-7x-4-D0-PF-ONT-PROMETHION	3088286401.0	3084297725.0	629630.0	3359046.0	1384147.0	0.7693761782271354	0.8421456142338961	0.9995514291306048	0.2918175583409741	0.7081824416590259	0.7081824416590259	HG003	hg38	-1	-2	ont	sentdont
On1b-HG003-15xact-6-D0-PF-ONT-PROMETHION-ont-sentdont-SNPts	SNPts	On1b-HG003-15xact-6-D0-PF-ONT-PROMETHION	377862616.0	377590764.0	1617.0	270235.0	44868.0	0.9208031280081096	0.9940519105984138	0.9998811870591703	0.1423915354661809	0.8576084645338191	0.8576084645338191	HG003	clinvar_genes	-1	-2	ont	sentdont
On1b-HG003-15xact-6-D0-PF-ONT-PROMETHION-ont-sentdont-SNPtv	SNPtv	On1b-HG003-15xact-6-D0-PF-ONT-PROMETHION	377862616.0	377739377.0	976.0	122263.0	26529.0	0.8988902000139689	0.9920804290849488	0.9999297739695969	0.17829587612237216	0.8217041238776278	0.8217041238776278	HG003	clinvar_genes	-1	-2	ont	sentdont
On1b-HG003-15xact-6-D0-PF-ONT-PROMETHION-ont-sentdont-INS_50	INS_50	On1b-HG003-15xact-6-D0-PF-ONT-PROMETHION	377862616.0	377834867.0	4474.0	23275.0	13874.0	0.7172794230947025	0.8387689646473747	0.9999632816032064	0.3734690032033164	0.6265309967966837	0.6265309967966837	HG003	clinvar_genes	-1	-2	ont	sentdont
On1b-HG003-15xact-6-D0-PF-ONT-PROMETHION-ont-sentdont-INS_gt50	INS_gt50	On1b-HG003-15xact-6-D0-PF-ONT-PROMETHION	377862616.0	377862587.0	16.0	13.0	207.0	0.10441767068273093	0.4482758620689655	0.9999994521821061	0.9409090909090909	0.05909090909090908	0.05909090909090909	HG003	clinvar_genes	-1	-2	ont	sentdont
On1b-HG003-15xact-6-D0-PF-ONT-PROMETHION-ont-sentdont-DEL_50	DEL_50	On1b-HG003-15xact-6-D0-PF-ONT-PROMETHION	377862616.0	377833028.0	3969.0	25619.0	17688.0	0.702901433568832	0.8658577801811546	0.9999531878616316	0.4084328168656337	0.5915671831343663	0.5915671831343663	HG003	clinvar_genes	-1	-2	ont	sentdont
On1b-HG003-15xact-6-D0-PF-ONT-PROMETHION-ont-sentdont-DEL_gt50	DEL_gt50	On1b-HG003-15xact-6-D0-PF-ONT-PROMETHION	377862616.0	377862598.0	15.0	3.0	72.0	0.06451612903225806	0.16666666666666666	0.9999998094545831	0.96	0.040000000000000036	0.04	HG003	clinvar_genes	-1	-2	ont	sentdont
On1b-HG003-15xact-6-D0-PF-ONT-PROMETHION-ont-sentdont-Indel_50	Indel_50	On1b-HG003-15xact-6-D0-PF-ONT-PROMETHION	377862616.0	377854399.0	760.0	7457.0	9075.0	0.6026102064729887	0.9075088231714737	0.9999759833891751	0.548935398015969	0.451064601984031	0.451064601984031	HG003	clinvar_genes	-1	-2	ont	sentdont
On1b-HG003-15xact-6-D0-PF-ONT-PROMETHION-ont-sentdont-Indel_gt50	Indel_gt50	On1b-HG003-15xact-6-D0-PF-ONT-PROMETHION	377862616.0	377862308.0	14.0	294.0	955.0	0.37764932562620424	0.9545454545454546	0.9999974726307278	0.7646116893514812	0.23538831064851884	0.2353883106485188	HG003	clinvar_genes	-1	-2	ont	sentdont
On1b-HG003-15xact-6-D0-PF-ONT-PROMETHION-ont-sentdont-All	All	On1b-HG003-15xact-6-D0-PF-ONT-PROMETHION	377862616.0	377401616.0	11841.0	449159.0	113268.0	0.8777548374236755	0.9743145336225596	0.9996999641476387	0.20139146947070463	0.7986085305292954	0.7986085305292954	HG003	clinvar_genes	-1	-2	ont	sentdont
On1b-HG003-15xact-6-D0-PF-ONT-PROMETHION-ont-sentdont-SNPts	SNPts	On1b-HG003-15xact-6-D0-PF-ONT-PROMETHION	332544085.0	332288413.0	1084.0	254588.0	540.0	0.9968206734534064	0.995760192746957	0.9999983749083587	0.00211658461634944	0.9978834153836506	0.9978834153836506	HG003	giabHC_x_ultima_x_clinvar	-1	-2	ont	sentdont
On1b-HG003-15xact-6-D0-PF-ONT-PROMETHION-ont-sentdont-SNPtv	SNPtv	On1b-HG003-15xact-6-D0-PF-ONT-PROMETHION	332544085.0	332430242.0	563.0	113280.0	258.0	0.996389320127891	0.9950545927285823	0.9999992238979275	0.002272366960841304	0.9977276330391587	0.9977276330391587	HG003	giabHC_x_ultima_x_clinvar	-1	-2	ont	sentdont
On1b-HG003-15xact-6-D0-PF-ONT-PROMETHION-ont-sentdont-INS_50	INS_50	On1b-HG003-15xact-6-D0-PF-ONT-PROMETHION	332544085.0	332527351.0	374.0	16360.0	275.0	0.9805508106326231	0.9776502928170192	0.9999991730010426	0.01653140967838894	0.983468590321611	0.983468590321611	HG003	giabHC_x_ultima_x_clinvar	-1	-2	ont	sentdont
On1b-HG003-15xact-6-D0-PF-ONT-PROMETHION-ont-sentdont-INS_gt50	INS_gt50	On1b-HG003-15xact-6-D0-PF-ONT-PROMETHION	332544085.0	332544085.0	0.0	0.0	0.0			1.0				HG003	giabHC_x_ultima_x_clinvar	-1	-2	ont	sentdont
On1b-HG003-15xact-6-D0-PF-ONT-PROMETHION-ont-sentdont-DEL_50	DEL_50	On1b-HG003-15xact-6-D0-PF-ONT-PROMETHION	332544085.0	332525677.0	388.0	18020.0	370.0	0.9794010544051308	0.9789222077357671	0.9999988873052101	0.02011963023382273	0.9798803697661773	0.9798803697661773	HG003	giabHC_x_ultima_x_clinvar	-1	-2	ont	sentdont
On1b-HG003-15xact-6-D0-PF-ONT-PROMETHION-ont-sentdont-DEL_gt50	DEL_gt50	On1b-HG003-15xact-6-D0-PF-ONT-PROMETHION	332544085.0	332544085.0	0.0	0.0	1.0			0.9999999969928799	1.0	0.0	0.0	HG003	giabHC_x_ultima_x_clinvar	-1	-2	ont	sentdont
On1b-HG003-15xact-6-D0-PF-ONT-PROMETHION-ont-sentdont-Indel_50	Indel_50	On1b-HG003-15xact-6-D0-PF-ONT-PROMETHION	332544085.0	332540321.0	22.0	3742.0	170.0	0.9749869723814486	0.9941551540913921	0.9999994887840591	0.0434560327198364	0.9565439672801636	0.9565439672801636	HG003	giabHC_x_ultima_x_clinvar	-1	-2	ont	sentdont
On1b-HG003-15xact-6-D0-PF-ONT-PROMETHION-ont-sentdont-Indel_gt50	Indel_gt50	On1b-HG003-15xact-6-D0-PF-ONT-PROMETHION	332544085.0	332544023.0	1.0	61.0	10.0	0.9172932330827067	0.9838709677419355	0.9999999699287944	0.14084507042253522	0.8591549295774648	0.8591549295774648	HG003	giabHC_x_ultima_x_clinvar	-1	-2	ont	sentdont
On1b-HG003-15xact-6-D0-PF-ONT-PROMETHION-ont-sentdont-All	All	On1b-HG003-15xact-6-D0-PF-ONT-PROMETHION	332544085.0	332135602.0	2432.0	406051.0	1624.0	0.9950303740207165	0.9940462638592059	0.9999951104547372	0.003983565340038021	0.9960164346599619	0.9960164346599619	HG003	giabHC_x_ultima_x_clinvar	-1	-2	ont	sentdont
On1b-HG003-15xact-6-D0-PF-ONT-PROMETHION-ont-sentdont-SNPts	SNPts	On1b-HG003-15xact-6-D0-PF-ONT-PROMETHION	2528531102.0	2526286911.0	10144.0	2234047.0	4817.0	0.996662766796303	0.9954798856247085	0.9999980932526729	0.002151537565479636	0.9978484624345204	0.9978484624345204	HG003	giabHC	-1	-2	ont	sentdont
On1b-HG003-15xact-6-D0-PF-ONT-PROMETHION-ont-sentdont-SNPtv	SNPtv	On1b-HG003-15xact-6-D0-PF-ONT-PROMETHION	2528531102.0	2527468677.0	6352.0	1056073.0	2549.0	0.9958034876172004	0.994021225027649	0.9999989914820894	0.0024078471824692856	0.9975921528175307	0.9975921528175307	HG003	giabHC	-1	-2	ont	sentdont
On1b-HG003-15xact-6-D0-PF-ONT-PROMETHION-ont-sentdont-INS_50	INS_50	On1b-HG003-15xact-6-D0-PF-ONT-PROMETHION	2528531102.0	2528312802.0	33545.0	184755.0	17523.0	0.8785766255010962	0.8463353183692167	0.9999930693391498	0.08662830362174828	0.9133716963782517	0.9133716963782517	HG003	giabHC	-1	-2	ont	sentdont
On1b-HG003-15xact-6-D0-PF-ONT-PROMETHION-ont-sentdont-INS_gt50	INS_gt50	On1b-HG003-15xact-6-D0-PF-ONT-PROMETHION	2528531102.0	2528531101.0	0.0	1.0	2.0	0.5	1.0	0.9999999992090269	0.6666666666666666	0.33333333333333337	0.3333333333333333	HG003	giabHC	-1	-2	ont	sentdont
On1b-HG003-15xact-6-D0-PF-ONT-PROMETHION-ont-sentdont-DEL_50	DEL_50	On1b-HG003-15xact-6-D0-PF-ONT-PROMETHION	2528531102.0	2528296890.0	30045.0	204167.0	24001.0	0.88311345646438	0.871718784690793	0.9999905071385181	0.10519003541250307	0.894809964587497	0.894809964587497	HG003	giabHC	-1	-2	ont	sentdont
On1b-HG003-15xact-6-D0-PF-ONT-PROMETHION-ont-sentdont-DEL_gt50	DEL_gt50	On1b-HG003-15xact-6-D0-PF-ONT-PROMETHION	2528531102.0	2528531102.0	0.0	0.0	1.0			0.9999999996045135	1.0	0.0	0.0	HG003	giabHC	-1	-2	ont	sentdont
On1b-HG003-15xact-6-D0-PF-ONT-PROMETHION-ont-sentdont-Indel_50	Indel_50	On1b-HG003-15xact-6-D0-PF-ONT-PROMETHION	2528531102.0	2528466780.0	5205.0	59117.0	6238.0	0.9117576748382519	0.9190790087372905	0.999997532898332	0.09544793818376558	0.9045520618162344	0.9045520618162344	HG003	giabHC	-1	-2	ont	sentdont
On1b-HG003-15xact-6-D0-PF-ONT-PROMETHION-ont-sentdont-Indel_gt50	Indel_gt50	On1b-HG003-15xact-6-D0-PF-ONT-PROMETHION	2528531102.0	2528530069.0	14.0	1019.0	114.0	0.9409048938134811	0.9864472410454985	0.9999999549145188	0.10061782877316858	0.8993821712268314	0.8993821712268314	HG003	giabHC	-1	-2	ont	sentdont
On1b-HG003-15xact-6-D0-PF-ONT-PROMETHION-ont-sentdont-All	All	On1b-HG003-15xact-6-D0-PF-ONT-PROMETHION	2528531102.0	2524706618.0	85305.0	3739179.0	55245.0	0.9815524744490943	0.9776950302315293	0.9999781187284197	0.014559522077659218	0.9854404779223408	0.9854404779223408	HG003	giabHC	-1	-2	ont	sentdont
On1b-HG003-15xact-6-D0-PF-ONT-PROMETHION-ont-sentdont-SNPts	SNPts	On1b-HG003-15xact-6-D0-PF-ONT-PROMETHION	3088286401.0	3085975086.0	11609.0	2299706.0	523677.0	0.895751220422311	0.994977318106792	0.9998303329953416	0.18547855533592147	0.8145214446640785	0.8145214446640785	HG003	hg38	-1	-2	ont	sentdont
On1b-HG003-15xact-6-D0-PF-ONT-PROMETHION-ont-sentdont-SNPtv	SNPtv	On1b-HG003-15xact-6-D0-PF-ONT-PROMETHION	3088286401.0	3087189691.0	7427.0	1089283.0	447582.0	0.8272276278442802	0.9932279271639722	0.9998550406150638	0.2912305244767758	0.7087694755232242	0.7087694755232242	HG003	hg38	-1	-2	ont	sentdont
On1b-HG003-15xact-6-D0-PF-ONT-PROMETHION-ont-sentdont-INS_50	INS_50	On1b-HG003-15xact-6-D0-PF-ONT-PROMETHION	3088286401.0	3088043765.0	38885.0	203751.0	132955.0	0.703387636318444	0.8397393626667107	0.9999569470881835	0.3948697082915065	0.6051302917084935	0.6051302917084934	HG003	hg38	-1	-2	ont	sentdont
On1b-HG003-15xact-6-D0-PF-ONT-PROMETHION-ont-sentdont-INS_gt50	INS_gt50	On1b-HG003-15xact-6-D0-PF-ONT-PROMETHION	3088286401.0	3088286180.0	127.0	94.0	1706.0	0.09302325581395349	0.4253393665158371	0.9999994475903597	0.9477777777777778	0.05222222222222217	0.052222222222222225	HG003	hg38	-1	-2	ont	sentdont
On1b-HG003-15xact-6-D0-PF-ONT-PROMETHION-ont-sentdont-DEL_50	DEL_50	On1b-HG003-15xact-6-D0-PF-ONT-PROMETHION	3088286401.0	3088026952.0	34940.0	224509.0	168153.0	0.6885606898212114	0.8653299877817991	0.999945549748548	0.4282385359418533	0.5717614640581468	0.5717614640581467	HG003	hg38	-1	-2	ont	sentdont
On1b-HG003-15xact-6-D0-PF-ONT-PROMETHION-ont-sentdont-DEL_gt50	DEL_gt50	On1b-HG003-15xact-6-D0-PF-ONT-PROMETHION	3088286401.0	3088286263.0	99.0	39.0	566.0	0.10497981157469716	0.2826086956521739	0.9999998167268679	0.9355371900826446	0.06446280991735542	0.06446280991735537	HG003	hg38	-1	-2	ont	sentdont
On1b-HG003-15xact-6-D0-PF-ONT-PROMETHION-ont-sentdont-Indel_50	Indel_50	On1b-HG003-15xact-6-D0-PF-ONT-PROMETHION	3088286401.0	3088207573.0	6753.0	72075.0	92933.0	0.5911760363523023	0.9143324706956919	0.9999699080449524	0.5632029962183651	0.4367970037816349	0.43679700378163483	HG003	hg38	-1	-2	ont	sentdont
On1b-HG003-15xact-6-D0-PF-ONT-PROMETHION-ont-sentdont-Indel_gt50	Indel_gt50	On1b-HG003-15xact-6-D0-PF-ONT-PROMETHION	3088286401.0	3088283530.0	128.0	2743.0	9306.0	0.3676943699731903	0.9554162312783002	0.9999969866847174	0.7723462528010623	0.22765374719893772	0.22765374719893766	HG003	hg38	-1	-2	ont	sentdont
On1b-HG003-15xact-6-D0-PF-ONT-PROMETHION-ont-sentdont-All	All	On1b-HG003-15xact-6-D0-PF-ONT-PROMETHION	3088286401.0	3084294233.0	99968.0	3892200.0	1376878.0	0.8405348481187088	0.9749589696625993	0.9995537832936596	0.2613128900350308	0.7386871099649692	0.7386871099649692	HG003	hg38	-1	-2	ont	sentdont
On1b-HG003-15xact-6-D0-PF-ONT-PROMETHION-ont-sentdont-SNPts	SNPts	On1b-HG003-15xact-6-D0-PF-ONT-PROMETHION	688815815.0	688748656.0	1465.0	65694.0	518860.0	0.20160408032370078	0.9781860956833782	0.999247229866553	0.8876168839833446	0.1123831160166554	0.11238311601665543	HG003	hg38_m_giabHC	-1	-2	ont	sentdont
On1b-HG003-15xact-6-D0-PF-ONT-PROMETHION-ont-sentdont-SNPtv	SNPtv	On1b-HG003-15xact-6-D0-PF-ONT-PROMETHION	688815815.0	688781516.0	1075.0	33224.0	445033.0	0.12964046855367997	0.9686579783667162	0.9993543008454249	0.9305310742968739	0.06946892570312613	0.06946892570312614	HG003	hg38_m_giabHC	-1	-2	ont	sentdont
On1b-HG003-15xact-6-D0-PF-ONT-PROMETHION-ont-sentdont-INS_50	INS_50	On1b-HG003-15xact-6-D0-PF-ONT-PROMETHION	688815815.0	688791554.0	5340.0	18921.0	115431.0	0.2385806964120217	0.7798936564857178	0.9998324432724397	0.8591684530189353	0.1408315469810647	0.14083154698106468	HG003	hg38_m_giabHC	-1	-2	ont	sentdont
On1b-HG003-15xact-6-D0-PF-ONT-PROMETHION-ont-sentdont-INS_gt50	INS_gt50	On1b-HG003-15xact-6-D0-PF-ONT-PROMETHION	688815815.0	688815595.0	127.0	93.0	1704.0	0.09221616261774913	0.42272727272727273	0.9999975261945331	0.9482470784641068	0.05175292153589317	0.05175292153589316	HG003	hg38_m_giabHC	-1	-2	ont	sentdont
On1b-HG003-15xact-6-D0-PF-ONT-PROMETHION-ont-sentdont-DEL_50	DEL_50	On1b-HG003-15xact-6-D0-PF-ONT-PROMETHION	688815815.0	688790386.0	4902.0	20527.0	144158.0	0.21594411773988237	0.8072279680679539	0.9997907522546874	0.8753559826335124	0.12464401736648756	0.12464401736648753	HG003	hg38_m_giabHC	-1	-2	ont	sentdont
On1b-HG003-15xact-6-D0-PF-ONT-PROMETHION-ont-sentdont-DEL_gt50	DEL_gt50	On1b-HG003-15xact-6-D0-PF-ONT-PROMETHION	688815815.0	688815677.0	99.0	39.0	565.0	0.10512129380053907	0.2826086956521739	0.9999991797522103	0.9354304635761589	0.06456953642384111	0.06456953642384106	HG003	hg38_m_giabHC	-1	-2	ont	sentdont
On1b-HG003-15xact-6-D0-PF-ONT-PROMETHION-ont-sentdont-Indel_50	Indel_50	On1b-HG003-15xact-6-D0-PF-ONT-PROMETHION	688815815.0	688801304.0	1549.0	12962.0	86696.0	0.22706689206351985	0.893253393976983	0.9998741508053559	0.8699351783098196	0.1300648216901804	0.1300648216901804	HG003	hg38_m_giabHC	-1	-2	ont	sentdont
On1b-HG003-15xact-6-D0-PF-ONT-PROMETHION-ont-sentdont-Indel_gt50	Indel_gt50	On1b-HG003-15xact-6-D0-PF-ONT-PROMETHION	688815815.0	688813973.0	116.0	1726.0	9192.0	0.27053291536050156	0.9370249728555917	0.999986655501053	0.84191243817549	0.15808756182451	0.15808756182450998	HG003	hg38_m_giabHC	-1	-2	ont	sentdont
On1b-HG003-15xact-6-D0-PF-ONT-PROMETHION-ont-sentdont-All	All	On1b-HG003-15xact-6-D0-PF-ONT-PROMETHION	688815815.0	688647956.0	14673.0	153186.0	1321639.0	0.18650696055966942	0.9125873500974032	0.9980844967523532	0.896132761514078	0.10386723848592205	0.10386723848592205	HG003	hg38_m_giabHC	-1	-2	ont	sentdont
On1b-HG003-15xact-6-D0-PF-ONT-PROMETHION-ont-sentdont-SNPts	SNPts	On1b-HG003-15xact-6-D0-PF-ONT-PROMETHION	2799325643.0	2797081388.0	9030.0	2235225.0	183914.0	0.958625842036937	0.9959763930569387	0.9999342522141649	0.0760245690718888	0.9239754309281112	0.9239754309281112	HG003	ultima	-1	-2	ont	sentdont
On1b-HG003-15xact-6-D0-PF-ONT-PROMETHION-ont-sentdont-SNPtv	SNPtv	On1b-HG003-15xact-6-D0-PF-ONT-PROMETHION	2799325643.0	2798274552.0	5089.0	1046002.0	114046.0	0.9461205288315209	0.9951583640236669	0.9999592458316613	0.09831144918141319	0.9016885508185868	0.9016885508185868	HG003	ultima	-1	-2	ont	sentdont
On1b-HG003-15xact-6-D0-PF-ONT-PROMETHION-ont-sentdont-INS_50	INS_50	On1b-HG003-15xact-6-D0-PF-ONT-PROMETHION	2799325643.0	2799169616.0	3504.0	152523.0	30646.0	0.8993207467069187	0.9775423484396931	0.9999890518729881	0.16730997057362326	0.8326900294263767	0.8326900294263767	HG003	ultima	-1	-2	ont	sentdont
On1b-HG003-15xact-6-D0-PF-ONT-PROMETHION-ont-sentdont-INS_gt50	INS_gt50	On1b-HG003-15xact-6-D0-PF-ONT-PROMETHION	2799325643.0	2799325552.0	54.0	37.0	321.0	0.16481069042316257	0.4065934065934066	0.9999998853295349	0.8966480446927374	0.1033519553072626	0.10335195530726257	HG003	ultima	-1	-2	ont	sentdont
On1b-HG003-15xact-6-D0-PF-ONT-PROMETHION-ont-sentdont-DEL_50	DEL_50	On1b-HG003-15xact-6-D0-PF-ONT-PROMETHION	2799325643.0	2799153766.0	4385.0	167492.0	37765.0	0.8882360116033028	0.9744875695991901	0.9999865086045089	0.1839888529989233	0.8160111470010767	0.8160111470010767	HG003	ultima	-1	-2	ont	sentdont
On1b-HG003-15xact-6-D0-PF-ONT-PROMETHION-ont-sentdont-DEL_gt50	DEL_gt50	On1b-HG003-15xact-6-D0-PF-ONT-PROMETHION	2799325643.0	2799325554.0	65.0	24.0	143.0	0.18749999999999997	0.2696629213483146	0.9999999489162693	0.8562874251497006	0.14371257485029942	0.1437125748502994	HG003	ultima	-1	-2	ont	sentdont
On1b-HG003-15xact-6-D0-PF-ONT-PROMETHION-ont-sentdont-Indel_50	Indel_50	On1b-HG003-15xact-6-D0-PF-ONT-PROMETHION	2799325643.0	2799284096.0	261.0	41286.0	14342.0	0.849724723437098	0.993717957975305	0.9999948765734281	0.2578198029769181	0.7421801970230819	0.7421801970230819	HG003	ultima	-1	-2	ont	sentdont
On1b-HG003-15xact-6-D0-PF-ONT-PROMETHION-ont-sentdont-Indel_gt50	Indel_gt50	On1b-HG003-15xact-6-D0-PF-ONT-PROMETHION	2799325643.0	2799324197.0	44.0	1402.0	1283.0	0.6787702735415155	0.9695712309820194	0.9999995416753039	0.47783985102420856	0.5221601489757914	0.5221601489757914	HG003	ultima	-1	-2	ont	sentdont
On1b-HG003-15xact-6-D0-PF-ONT-PROMETHION-ont-sentdont-All	All	On1b-HG003-15xact-6-D0-PF-ONT-PROMETHION	2799325643.0	2795659220.0	22432.0	3643991.0	382460.0	0.9473679147741143	0.9938817752343361	0.999863213770118	0.09498687553878092	0.9050131244612191	0.9050131244612191	HG003	ultima	-1	-2	ont	sentdont
On1b-HG003-20x-7-D0-PF-ONT-PROMETHION-ont-sentdont-SNPts	SNPts	On1b-HG003-20x-7-D0-PF-ONT-PROMETHION	2528531102.0	2526279778.0	4902.0	2246422.0	3314.0	0.9981746521930389	0.9978226146036732	0.999998688191355	0.0014730617281316564	0.9985269382718683	0.9985269382718683	HG003	giabHC	-1	-2	ont	sentdont
On1b-HG003-20x-7-D0-PF-ONT-PROMETHION-ont-sentdont-SNPtv	SNPtv	On1b-HG003-20x-7-D0-PF-ONT-PROMETHION	2528531102.0	2527463632.0	3700.0	1063770.0	2201.0	0.9972340458442487	0.9965338604363588	0.9999991291672586	0.0020647841263974347	0.9979352158736026	0.9979352158736026	HG003	giabHC	-1	-2	ont	sentdont
On1b-HG003-20x-7-D0-PF-ONT-PROMETHION-ont-sentdont-INS_50	INS_50	On1b-HG003-20x-7-D0-PF-ONT-PROMETHION	2528531102.0	2528309440.0	27964.0	193698.0	15959.0	0.8981658586800024	0.8738439606247349	0.9999936879169088	0.0761195667208822	0.9238804332791178	0.9238804332791178	HG003	giabHC	-1	-2	ont	sentdont
On1b-HG003-20x-7-D0-PF-ONT-PROMETHION-ont-sentdont-INS_gt50	INS_gt50	On1b-HG003-20x-7-D0-PF-ONT-PROMETHION	2528531102.0	2528531101.0	0.0	1.0	2.0	0.5	1.0	0.9999999992090269	0.6666666666666666	0.33333333333333337	0.3333333333333333	HG003	giabHC	-1	-2	ont	sentdont
On1b-HG003-20x-7-D0-PF-ONT-PROMETHION-ont-sentdont-DEL_50	DEL_50	On1b-HG003-20x-7-D0-PF-ONT-PROMETHION	2528531102.0	2528295178.0	25345.0	210579.0	19036.0	0.9046674929490334	0.8925713365321035	0.9999924708725305	0.0829039914639723	0.9170960085360277	0.9170960085360277	HG003	giabHC	-1	-2	ont	sentdont
On1b-HG003-20x-7-D0-PF-ONT-PROMETHION-ont-sentdont-DEL_gt50	DEL_gt50	On1b-HG003-20x-7-D0-PF-ONT-PROMETHION	2528531102.0	2528531102.0	0.0	0.0	0.0			1.0				HG003	giabHC	-1	-2	ont	sentdont
On1b-HG003-20x-7-D0-PF-ONT-PROMETHION-ont-sentdont-Indel_50	Indel_50	On1b-HG003-20x-7-D0-PF-ONT-PROMETHION	2528531102.0	2528478966.0	4292.0	47844.0	4559.0	0.9153330336046835	0.9176768451741599	0.999998196942968	0.086998835944507	0.913001164055493	0.913001164055493	HG003	giabHC	-1	-2	ont	sentdont
On1b-HG003-20x-7-D0-PF-ONT-PROMETHION-ont-sentdont-Indel_gt50	Indel_gt50	On1b-HG003-20x-7-D0-PF-ONT-PROMETHION	2528531102.0	2528530287.0	14.0	801.0	54.0	0.9592814371257486	0.9828220858895705	0.9999999786437208	0.06315789473684211	0.9368421052631579	0.9368421052631579	HG003	giabHC	-1	-2	ont	sentdont
On1b-HG003-20x-7-D0-PF-ONT-PROMETHION-ont-sentdont-All	All	On1b-HG003-20x-7-D0-PF-ONT-PROMETHION	2528531102.0	2524701770.0	66217.0	3763115.0	45125.0	0.9854218068255198	0.982707950107225	0.999982126921281	0.011849305716026302	0.9881506942839737	0.9881506942839737	HG003	giabHC	-1	-2	ont	sentdont
On1b-HG003-15xact-6-D0-PF-ONT-PROMETHION-ont-sentdont-SNPts	SNPts	On1b-HG003-15xact-6-D0-PF-ONT-PROMETHION	337668665.0	337404405.0	1353.0	262907.0	742.0	0.9960315130069766	0.994880042382502	0.9999978008634232	0.002814347864016173	0.9971856521359839	0.9971856521359839	HG003	giabHC_x_clinvar_genes	-1	-2	ont	sentdont
On1b-HG003-15xact-6-D0-PF-ONT-PROMETHION-ont-sentdont-SNPtv	SNPtv	On1b-HG003-15xact-6-D0-PF-ONT-PROMETHION	337668665.0	337549411.0	788.0	118466.0	360.0	0.9951780913978494	0.9933922551864088	0.9999989334906111	0.00302963997778264	0.9969703600222174	0.9969703600222174	HG003	giabHC_x_clinvar_genes	-1	-2	ont	sentdont
On1b-HG003-15xact-6-D0-PF-ONT-PROMETHION-ont-sentdont-INS_50	INS_50	On1b-HG003-15xact-6-D0-PF-ONT-PROMETHION	337668665.0	337643482.0	3891.0	21292.0	1795.0	0.8822042676610733	0.8454910058372712	0.9999946837698547	0.07774938276952398	0.9222506172304761	0.9222506172304761	HG003	giabHC_x_clinvar_genes	-1	-2	ont	sentdont
On1b-HG003-15xact-6-D0-PF-ONT-PROMETHION-ont-sentdont-INS_gt50	INS_gt50	On1b-HG003-15xact-6-D0-PF-ONT-PROMETHION	337668665.0	337668665.0	0.0	0.0	0.0			1.0				HG003	giabHC_x_clinvar_genes	-1	-2	ont	sentdont
On1b-HG003-15xact-6-D0-PF-ONT-PROMETHION-ont-sentdont-DEL_50	DEL_50	On1b-HG003-15xact-6-D0-PF-ONT-PROMETHION	337668665.0	337641744.0	3405.0	23516.0	2932.0	0.8812606569356743	0.8735188143085324	0.9999913163150246	0.11085904416212947	0.8891409558378706	0.8891409558378706	HG003	giabHC_x_clinvar_genes	-1	-2	ont	sentdont
On1b-HG003-15xact-6-D0-PF-ONT-PROMETHION-ont-sentdont-DEL_gt50	DEL_gt50	On1b-HG003-15xact-6-D0-PF-ONT-PROMETHION	337668665.0	337668665.0	0.0	0.0	1.0			0.999999997038517	1.0	0.0	0.0	HG003	giabHC_x_clinvar_genes	-1	-2	ont	sentdont
On1b-HG003-15xact-6-D0-PF-ONT-PROMETHION-ont-sentdont-Indel_50	Indel_50	On1b-HG003-15xact-6-D0-PF-ONT-PROMETHION	337668665.0	337661879.0	591.0	6195.0	704.0	0.90537084398977	0.9129089301503095	0.9999979150784379	0.10204377446006668	0.8979562255399334	0.8979562255399334	HG003	giabHC_x_clinvar_genes	-1	-2	ont	sentdont
On1b-HG003-15xact-6-D0-PF-ONT-PROMETHION-ont-sentdont-Indel_gt50	Indel_gt50	On1b-HG003-15xact-6-D0-PF-ONT-PROMETHION	337668665.0	337668552.0	1.0	112.0	18.0	0.9218106995884775	0.9911504424778761	0.9999999466932916	0.13846153846153847	0.8615384615384616	0.8615384615384616	HG003	giabHC_x_clinvar_genes	-1	-2	ont	sentdont
On1b-HG003-15xact-6-D0-PF-ONT-PROMETHION-ont-sentdont-All	All	On1b-HG003-15xact-6-D0-PF-ONT-PROMETHION	337668665.0	337226148.0	10029.0	432488.0	6552.0	0.9811912332384632	0.9773364639098611	0.9999805712791198	0.014923469387755102	0.9850765306122449	0.9850765306122449	HG003	giabHC_x_clinvar_genes	-1	-2	ont	sentdont
On1b-HG003-20x-7-D0-PF-ONT-PROMETHION-ont-sentdont-SNPts	SNPts	On1b-HG003-20x-7-D0-PF-ONT-PROMETHION	332544085.0	332287616.0	418.0	256051.0	355.0	0.9984928101389227	0.9983701733932756	0.9999989316495601	0.0013845229830815192	0.9986154770169184	0.9986154770169184	HG003	giabHC_x_ultima_x_clinvar	-1	-2	ont	sentdont
On1b-HG003-20x-7-D0-PF-ONT-PROMETHION-ont-sentdont-SNPtv	SNPtv	On1b-HG003-20x-7-D0-PF-ONT-PROMETHION	332544085.0	332429766.0	250.0	114069.0	210.0	0.9979877339259311	0.997813136923871	0.9999993682880151	0.0018376079594676186	0.9981623920405324	0.9981623920405324	HG003	giabHC_x_ultima_x_clinvar	-1	-2	ont	sentdont
On1b-HG003-20x-7-D0-PF-ONT-PROMETHION-ont-sentdont-INS_50	INS_50	On1b-HG003-20x-7-D0-PF-ONT-PROMETHION	332544085.0	332527021.0	225.0	16839.0	202.0	0.9874798416654448	0.9868143459915611	0.9999993925309387	0.011853764450443048	0.9881462355495569	0.9881462355495569	HG003	giabHC_x_ultima_x_clinvar	-1	-2	ont	sentdont
On1b-HG003-20x-7-D0-PF-ONT-PROMETHION-ont-sentdont-INS_gt50	INS_gt50	On1b-HG003-20x-7-D0-PF-ONT-PROMETHION	332544085.0	332544085.0	0.0	0.0	0.0			1.0				HG003	giabHC_x_ultima_x_clinvar	-1	-2	ont	sentdont
On1b-HG003-20x-7-D0-PF-ONT-PROMETHION-ont-sentdont-DEL_50	DEL_50	On1b-HG003-20x-7-D0-PF-ONT-PROMETHION	332544085.0	332525535.0	253.0	18297.0	222.0	0.9871860584315735	0.9863611859838275	0.9999993323825438	0.011987688320103678	0.9880123116798963	0.9880123116798963	HG003	giabHC_x_ultima_x_clinvar	-1	-2	ont	sentdont
On1b-HG003-20x-7-D0-PF-ONT-PROMETHION-ont-sentdont-DEL_gt50	DEL_gt50	On1b-HG003-20x-7-D0-PF-ONT-PROMETHION	332544085.0	332544085.0	0.0	0.0	0.0			1.0				HG003	giabHC_x_ultima_x_clinvar	-1	-2	ont	sentdont
On1b-HG003-20x-7-D0-PF-ONT-PROMETHION-ont-sentdont-Indel_50	Indel_50	On1b-HG003-20x-7-D0-PF-ONT-PROMETHION	332544085.0	332541527.0	21.0	2537.0	83.0	0.9799150251062186	0.991790461297889	0.9999997504071746	0.0316793893129771	0.9683206106870229	0.9683206106870229	HG003	giabHC_x_ultima_x_clinvar	-1	-2	ont	sentdont
On1b-HG003-20x-7-D0-PF-ONT-PROMETHION-ont-sentdont-Indel_gt50	Indel_gt50	On1b-HG003-20x-7-D0-PF-ONT-PROMETHION	332544085.0	332544034.0	0.0	51.0	2.0	0.9807692307692307	1.0	0.9999999939857589	0.03773584905660377	0.9622641509433962	0.9622641509433962	HG003	giabHC_x_ultima_x_clinvar	-1	-2	ont	sentdont
On1b-HG003-20x-7-D0-PF-ONT-PROMETHION-ont-sentdont-All	All	On1b-HG003-20x-7-D0-PF-ONT-PROMETHION	332544085.0	332135074.0	1167.0	407844.0	1074.0	0.9972601533873967	0.9971467760035794	0.9999967663862953	0.002626443443428756	0.9973735565565712	0.9973735565565712	HG003	giabHC_x_ultima_x_clinvar	-1	-2	ont	sentdont
On1b-HG003-20x-7-D0-PF-ONT-PROMETHION-ont-sentdont-SNPts	SNPts	On1b-HG003-20x-7-D0-PF-ONT-PROMETHION	377862616.0	377589914.0	858.0	271844.0	44948.0	0.9222960708675575	0.9968537084436491	0.9998809749720617	0.14188489608323443	0.8581151039167656	0.8581151039167656	HG003	clinvar_genes	-1	-2	ont	sentdont
On1b-HG003-20x-7-D0-PF-ONT-PROMETHION-ont-sentdont-SNPtv	SNPtv	On1b-HG003-20x-7-D0-PF-ONT-PROMETHION	377862616.0	377738826.0	599.0	123191.0	26902.0	0.8995885104223337	0.9951611600290815	0.9999287865520717	0.17923554063147515	0.8207644593685248	0.8207644593685248	HG003	clinvar_genes	-1	-2	ont	sentdont
On1b-HG003-20x-7-D0-PF-ONT-PROMETHION-ont-sentdont-INS_50	INS_50	On1b-HG003-20x-7-D0-PF-ONT-PROMETHION	377862616.0	377834430.0	3850.0	24336.0	14241.0	0.7290265566256758	0.8634073653586887	0.9999623103080862	0.36915778831946494	0.630842211680535	0.630842211680535	HG003	clinvar_genes	-1	-2	ont	sentdont
On1b-HG003-20x-7-D0-PF-ONT-PROMETHION-ont-sentdont-INS_gt50	INS_gt50	On1b-HG003-20x-7-D0-PF-ONT-PROMETHION	377862616.0	377862586.0	16.0	14.0	225.0	0.104089219330855	0.4666666666666667	0.9999994045457943	0.9414225941422594	0.05857740585774063	0.058577405857740586	HG003	clinvar_genes	-1	-2	ont	sentdont
On1b-HG003-20x-7-D0-PF-ONT-PROMETHION-ont-sentdont-DEL_50	DEL_50	On1b-HG003-20x-7-D0-PF-ONT-PROMETHION	377862616.0	377832796.0	3372.0	26448.0	17335.0	0.7186663587082047	0.8869215291750503	0.9999541220219929	0.39592992714067105	0.6040700728593289	0.604070072859329	HG003	clinvar_genes	-1	-2	ont	sentdont
On1b-HG003-20x-7-D0-PF-ONT-PROMETHION-ont-sentdont-DEL_gt50	DEL_gt50	On1b-HG003-20x-7-D0-PF-ONT-PROMETHION	377862616.0	377862598.0	15.0	3.0	80.0	0.0594059405940594	0.16666666666666666	0.9999997882828745	0.963855421686747	0.03614457831325302	0.03614457831325301	HG003	clinvar_genes	-1	-2	ont	sentdont
On1b-HG003-20x-7-D0-PF-ONT-PROMETHION-ont-sentdont-Indel_50	Indel_50	On1b-HG003-20x-7-D0-PF-ONT-PROMETHION	377862616.0	377855870.0	627.0	6119.0	8561.0	0.5711752076915897	0.9070560332048622	0.9999773437262213	0.5831743869209809	0.4168256130790191	0.41682561307901905	HG003	clinvar_genes	-1	-2	ont	sentdont
On1b-HG003-20x-7-D0-PF-ONT-PROMETHION-ont-sentdont-Indel_gt50	Indel_gt50	On1b-HG003-20x-7-D0-PF-ONT-PROMETHION	377862616.0	377862351.0	12.0	253.0	853.0	0.3690736688548505	0.9547169811320755	0.9999977425692923	0.77124773960217	0.22875226039783003	0.22875226039783003	HG003	clinvar_genes	-1	-2	ont	sentdont
On1b-HG003-20x-7-D0-PF-ONT-PROMETHION-ont-sentdont-All	All	On1b-HG003-20x-7-D0-PF-ONT-PROMETHION	377862616.0	377401059.0	9349.0	452208.0	113145.0	0.8807159342103983	0.9797446469233486	0.9997002894227525	0.20013159919554685	0.7998684008044532	0.7998684008044531	HG003	clinvar_genes	-1	-2	ont	sentdont
On1b-HG003-20x-7-D0-PF-ONT-PROMETHION-ont-sentdont-SNPts	SNPts	On1b-HG003-20x-7-D0-PF-ONT-PROMETHION	3088286401.0	3085967835.0	6202.0	2312364.0	535439.0	0.8951602179402981	0.9973250707549408	0.9998265224584368	0.18801827233133753	0.8119817276686625	0.8119817276686625	HG003	hg38	-1	-2	ont	sentdont
On1b-HG003-20x-7-D0-PF-ONT-PROMETHION-ont-sentdont-SNPtv	SNPtv	On1b-HG003-20x-7-D0-PF-ONT-PROMETHION	3088286401.0	3087184477.0	4668.0	1097256.0	469090.0	0.8224475034385577	0.9957637731821796	0.999848075572657	0.29948044684890823	0.7005195531510917	0.7005195531510918	HG003	hg38	-1	-2	ont	sentdont
On1b-HG003-20x-7-D0-PF-ONT-PROMETHION-ont-sentdont-INS_50	INS_50	On1b-HG003-20x-7-D0-PF-ONT-PROMETHION	3088286401.0	3088039927.0	32785.0	213689.0	135917.0	0.7169809421554153	0.8669839415110722	0.9999559879336974	0.38877193183183356	0.6112280681681664	0.6112280681681664	HG003	hg38	-1	-2	ont	sentdont
On1b-HG003-20x-7-D0-PF-ONT-PROMETHION-ont-sentdont-INS_gt50	INS_gt50	On1b-HG003-20x-7-D0-PF-ONT-PROMETHION	3088286401.0	3088286174.0	130.0	97.0	1890.0	0.08762420957542909	0.42731277533039647	0.9999993880104573	0.9511826874685455	0.04881731253145449	0.04881731253145445	HG003	hg38	-1	-2	ont	sentdont
On1b-HG003-20x-7-D0-PF-ONT-PROMETHION-ont-sentdont-DEL_50	DEL_50	On1b-HG003-20x-7-D0-PF-ONT-PROMETHION	3088286401.0	3088025032.0	29727.0	231642.0	167695.0	0.7011953879637842	0.8862642470989291	0.9999456980134258	0.4199335398422886	0.5800664601577115	0.5800664601577115	HG003	hg38	-1	-2	ont	sentdont
On1b-HG003-20x-7-D0-PF-ONT-PROMETHION-ont-sentdont-DEL_gt50	DEL_gt50	On1b-HG003-20x-7-D0-PF-ONT-PROMETHION	3088286401.0	3088286263.0	97.0	41.0	630.0	0.10135970333745363	0.2971014492753623	0.9999997960034084	0.9388971684053651	0.06110283159463492	0.06110283159463487	HG003	hg38	-1	-2	ont	sentdont
On1b-HG003-20x-7-D0-PF-ONT-PROMETHION-ont-sentdont-Indel_50	Indel_50	On1b-HG003-20x-7-D0-PF-ONT-PROMETHION	3088286401.0	3088220492.0	5626.0	60283.0	88274.0	0.5621683623511419	0.9146398822619066	0.9999714167181171	0.5942096299736801	0.4057903700263199	0.40579037002631985	HG003	hg38	-1	-2	ont	sentdont
On1b-HG003-20x-7-D0-PF-ONT-PROMETHION-ont-sentdont-Indel_gt50	Indel_gt50	On1b-HG003-20x-7-D0-PF-ONT-PROMETHION	3088286401.0	3088283887.0	121.0	2393.0	8137.0	0.36691199018705917	0.9518695306284806	0.999997365210305	0.7727445394112061	0.22725546058879387	0.22725546058879392	HG003	hg38	-1	-2	ont	sentdont
On1b-HG003-20x-7-D0-PF-ONT-PROMETHION-ont-sentdont-All	All	On1b-HG003-20x-7-D0-PF-ONT-PROMETHION	3088286401.0	3084289280.0	79356.0	3917765.0	1407072.0	0.8405455162960399	0.9801467105949507	0.9995440017942504	0.2642469619257829	0.7357530380742171	0.7357530380742171	HG003	hg38	-1	-2	ont	sentdont
On1b-HG003-20x-7-D0-PF-ONT-PROMETHION-ont-sentdont-SNPts	SNPts	On1b-HG003-20x-7-D0-PF-ONT-PROMETHION	2505355380.0	2503154998.0	3540.0	2196842.0	2288.0	0.9986753076250274	0.9983911884390984	0.9999990859543614	0.0010404114354312841	0.9989595885645687	0.9989595885645687	HG003	giabHC_x_ultima	-1	-2	ont	sentdont
On1b-HG003-20x-7-D0-PF-ONT-PROMETHION-ont-sentdont-SNPtv	SNPtv	On1b-HG003-20x-7-D0-PF-ONT-PROMETHION	2505355380.0	2504323760.0	2426.0	1029194.0	1503.0	0.9980948612652663	0.99764835889184	0.9999993998383429	0.001458236513737791	0.9985417634862622	0.9985417634862622	HG003	giabHC_x_ultima	-1	-2	ont	sentdont
On1b-HG003-20x-7-D0-PF-ONT-PROMETHION-ont-sentdont-INS_50	INS_50	On1b-HG003-20x-7-D0-PF-ONT-PROMETHION	2505355380.0	2505205996.0	1787.0	147597.0	1997.0	0.9873435503615651	0.9880375408343598	0.9999992028605986	0.013349465887669292	0.9866505341123307	0.9866505341123307	HG003	giabHC_x_ultima	-1	-2	ont	sentdont
On1b-HG003-20x-7-D0-PF-ONT-PROMETHION-ont-sentdont-INS_gt50	INS_gt50	On1b-HG003-20x-7-D0-PF-ONT-PROMETHION	2505355380.0	2505355380.0	0.0	0.0	1.0			0.9999999996008551	1.0	0.0	0.0	HG003	giabHC_x_ultima	-1	-2	ont	sentdont
On1b-HG003-20x-7-D0-PF-ONT-PROMETHION-ont-sentdont-DEL_50	DEL_50	On1b-HG003-20x-7-D0-PF-ONT-PROMETHION	2505355380.0	2505193659.0	2387.0	159334.0	1825.0	0.9869549058473737	0.9852400121196382	0.9999992715139351	0.011324220180070614	0.9886757798199294	0.9886757798199294	HG003	giabHC_x_ultima	-1	-2	ont	sentdont
On1b-HG003-20x-7-D0-PF-ONT-PROMETHION-ont-sentdont-DEL_gt50	DEL_gt50	On1b-HG003-20x-7-D0-PF-ONT-PROMETHION	2505355380.0	2505355380.0	0.0	0.0	0.0			1.0				HG003	giabHC_x_ultima	-1	-2	ont	sentdont
On1b-HG003-20x-7-D0-PF-ONT-PROMETHION-ont-sentdont-Indel_50	Indel_50	On1b-HG003-20x-7-D0-PF-ONT-PROMETHION	2505355380.0	2505329602.0	132.0	25646.0	838.0	0.9814396693582336	0.9948793544883234	0.9999996655131848	0.0316417459598248	0.9683582540401752	0.9683582540401752	HG003	giabHC_x_ultima	-1	-2	ont	sentdont
On1b-HG003-20x-7-D0-PF-ONT-PROMETHION-ont-sentdont-Indel_gt50	Indel_gt50	On1b-HG003-20x-7-D0-PF-ONT-PROMETHION	2505355380.0	2505354831.0	9.0	540.0	14.0	0.9791477787851315	0.9836065573770492	0.9999999944119692	0.02527075812274368	0.9747292418772563	0.9747292418772563	HG003	giabHC_x_ultima	-1	-2	ont	sentdont
On1b-HG003-20x-7-D0-PF-ONT-PROMETHION-ont-sentdont-All	All	On1b-HG003-20x-7-D0-PF-ONT-PROMETHION	2505355380.0	2501785946.0	10281.0	3559153.0	8466.0	0.9973732855844002	0.9971197114164319	0.9999966160288953	0.0023730112436333587	0.9976269887563667	0.9976269887563667	HG003	giabHC_x_ultima	-1	-2	ont	sentdont
On1b-HG003-20x-7-D0-PF-ONT-PROMETHION-ont-sentdont-SNPts	SNPts	On1b-HG003-20x-7-D0-PF-ONT-PROMETHION	2799325643.0	2797074383.0	3920.0	2247340.0	183444.0	0.959982435021969	0.9982587528761672	0.9999344200601642	0.07546700982069983	0.9245329901793001	0.9245329901793001	HG003	ultima	-1	-2	ont	sentdont
On1b-HG003-20x-7-D0-PF-ONT-PROMETHION-ont-sentdont-SNPtv	SNPtv	On1b-HG003-20x-7-D0-PF-ONT-PROMETHION	2799325643.0	2798269874.0	2664.0	1053105.0	115990.0	0.9466690997741884	0.997476720759939	0.9999585511056598	0.09921349419850398	0.900786505801496	0.900786505801496	HG003	ultima	-1	-2	ont	sentdont
On1b-HG003-20x-7-D0-PF-ONT-PROMETHION-ont-sentdont-INS_50	INS_50	On1b-HG003-20x-7-D0-PF-ONT-PROMETHION	2799325643.0	2799166649.0	2088.0	156906.0	29310.0	0.9090466672460242	0.9868674289595833	0.9999895291360701	0.15739786054903981	0.8426021394509602	0.8426021394509602	HG003	ultima	-1	-2	ont	sentdont
On1b-HG003-20x-7-D0-PF-ONT-PROMETHION-ont-sentdont-INS_gt50	INS_gt50	On1b-HG003-20x-7-D0-PF-ONT-PROMETHION	2799325643.0	2799325548.0	55.0	40.0	351.0	0.1646090534979424	0.42105263157894735	0.9999998746126701	0.8976982097186701	0.10230179028132991	0.10230179028132992	HG003	ultima	-1	-2	ont	sentdont
On1b-HG003-20x-7-D0-PF-ONT-PROMETHION-ont-sentdont-DEL_50	DEL_50	On1b-HG003-20x-7-D0-PF-ONT-PROMETHION	2799325643.0	2799152523.0	3032.0	170088.0	35823.0	0.8974885959195951	0.9824861367837339	0.9999872023616949	0.173973221440331	0.826026778559669	0.826026778559669	HG003	ultima	-1	-2	ont	sentdont
On1b-HG003-20x-7-D0-PF-ONT-PROMETHION-ont-sentdont-DEL_gt50	DEL_gt50	On1b-HG003-20x-7-D0-PF-ONT-PROMETHION	2799325643.0	2799325554.0	63.0	26.0	153.0	0.1940298507462687	0.29213483146067415	0.9999999453439806	0.8547486033519553	0.14525139664804465	0.1452513966480447	HG003	ultima	-1	-2	ont	sentdont
On1b-HG003-20x-7-D0-PF-ONT-PROMETHION-ont-sentdont-Indel_50	Indel_50	On1b-HG003-20x-7-D0-PF-ONT-PROMETHION	2799325643.0	2799294961.0	186.0	30496.0	11219.0	0.8424658480323771	0.9939378137018448	0.9999959922211867	0.26894402493107994	0.7310559750689201	0.7310559750689201	HG003	ultima	-1	-2	ont	sentdont
On1b-HG003-20x-7-D0-PF-ONT-PROMETHION-ont-sentdont-Indel_gt50	Indel_gt50	On1b-HG003-20x-7-D0-PF-ONT-PROMETHION	2799325643.0	2799324381.0	43.0	1219.0	1087.0	0.6832959641255604	0.9659270998415214	0.9999996116921692	0.471379011274935	0.528620988725065	0.528620988725065	HG003	ultima	-1	-2	ont	sentdont
On1b-HG003-20x-7-D0-PF-ONT-PROMETHION-ont-sentdont-All	All	On1b-HG003-20x-7-D0-PF-ONT-PROMETHION	2799325643.0	2795654372.0	12051.0	3659220.0	377377.0	0.9494765608336831	0.9967174855792449	0.9998650312178554	0.09348889671175993	0.90651110328824	0.90651110328824	HG003	ultima	-1	-2	ont	sentdont
On1b-HG003-20x-7-D0-PF-ONT-PROMETHION-ont-sentdont-SNPts	SNPts	On1b-HG003-20x-7-D0-PF-ONT-PROMETHION	337668665.0	337403574.0	642.0	264449.0	499.0	0.9978473282154711	0.9975781901309362	0.9999985210611254	0.0018833884384860426	0.998116611561514	0.998116611561514	HG003	giabHC_x_clinvar_genes	-1	-2	ont	sentdont
On1b-HG003-20x-7-D0-PF-ONT-PROMETHION-ont-sentdont-SNPtv	SNPtv	On1b-HG003-20x-7-D0-PF-ONT-PROMETHION	337668665.0	337548877.0	428.0	119360.0	301.0	0.9969555103591997	0.996427021070558	0.9999991082780832	0.002515439449778959	0.997484560550221	0.997484560550221	HG003	giabHC_x_clinvar_genes	-1	-2	ont	sentdont
On1b-HG003-20x-7-D0-PF-ONT-PROMETHION-ont-sentdont-INS_50	INS_50	On1b-HG003-20x-7-D0-PF-ONT-PROMETHION	337668665.0	337643100.0	3310.0	22255.0	1774.0	0.8974875993063678	0.8705261099159006	0.9999947459590338	0.07382745848766074	0.9261725415123393	0.9261725415123393	HG003	giabHC_x_clinvar_genes	-1	-2	ont	sentdont
On1b-HG003-20x-7-D0-PF-ONT-PROMETHION-ont-sentdont-INS_gt50	INS_gt50	On1b-HG003-20x-7-D0-PF-ONT-PROMETHION	337668665.0	337668665.0	0.0	0.0	0.0			1.0				HG003	giabHC_x_clinvar_genes	-1	-2	ont	sentdont
On1b-HG003-20x-7-D0-PF-ONT-PROMETHION-ont-sentdont-DEL_50	DEL_50	On1b-HG003-20x-7-D0-PF-ONT-PROMETHION	337668665.0	337641530.0	2873.0	24262.0	2318.0	0.9033603276552173	0.8941219826791966	0.9999931347779214	0.0872084273890143	0.9127915726109856	0.9127915726109858	HG003	giabHC_x_clinvar_genes	-1	-2	ont	sentdont
On1b-HG003-20x-7-D0-PF-ONT-PROMETHION-ont-sentdont-DEL_gt50	DEL_gt50	On1b-HG003-20x-7-D0-PF-ONT-PROMETHION	337668665.0	337668665.0	0.0	0.0	0.0			1.0				HG003	giabHC_x_clinvar_genes	-1	-2	ont	sentdont
On1b-HG003-20x-7-D0-PF-ONT-PROMETHION-ont-sentdont-Indel_50	Indel_50	On1b-HG003-20x-7-D0-PF-ONT-PROMETHION	337668665.0	337663257.0	483.0	4925.0	525.0	0.9071652237981211	0.9106878698224852	0.9999984451989583	0.0963302752293578	0.9036697247706422	0.9036697247706422	HG003	giabHC_x_clinvar_genes	-1	-2	ont	sentdont
On1b-HG003-20x-7-D0-PF-ONT-PROMETHION-ont-sentdont-Indel_gt50	Indel_gt50	On1b-HG003-20x-7-D0-PF-ONT-PROMETHION	337668665.0	337668582.0	0.0	83.0	8.0	0.9540229885057472	1.0	0.999999976308131	0.08791208791208792	0.9120879120879121	0.9120879120879121	HG003	giabHC_x_clinvar_genes	-1	-2	ont	sentdont
On1b-HG003-20x-7-D0-PF-ONT-PROMETHION-ont-sentdont-All	All	On1b-HG003-20x-7-D0-PF-ONT-PROMETHION	337668665.0	337225595.0	7736.0	435334.0	5425.0	0.9851091104727271	0.9825400049653553	0.9999839131050281	0.01230831361356206	0.9876916863864379	0.9876916863864379	HG003	giabHC_x_clinvar_genes	-1	-2	ont	sentdont
On1b-HG003-20x-7-D0-PF-ONT-PROMETHION-ont-sentdont-SNPts	SNPts	On1b-HG003-20x-7-D0-PF-ONT-PROMETHION	688815815.0	688748538.0	1300.0	65977.0	532125.0	0.1983140435751654	0.9806769029534611	0.9992279995239036	0.8896893840849889	0.11031061591501112	0.11031061591501115	HG003	hg38_m_giabHC	-1	-2	ont	sentdont
On1b-HG003-20x-7-D0-PF-ONT-PROMETHION-ont-sentdont-SNPtv	SNPtv	On1b-HG003-20x-7-D0-PF-ONT-PROMETHION	688815815.0	688781347.0	968.0	33500.0	466889.0	0.1252671274751943	0.9719159800394569	0.9993226112514854	0.9330520854774985	0.06694791452250148	0.0669479145225015	HG003	hg38_m_giabHC	-1	-2	ont	sentdont
On1b-HG003-20x-7-D0-PF-ONT-PROMETHION-ont-sentdont-INS_50	INS_50	On1b-HG003-20x-7-D0-PF-ONT-PROMETHION	688815815.0	688791079.0	4821.0	19915.0	119955.0	0.24197173857575058	0.8051018758085382	0.999825877371562	0.8576177879459498	0.14238221205405022	0.1423822120540502	HG003	hg38_m_giabHC	-1	-2	ont	sentdont
On1b-HG003-20x-7-D0-PF-ONT-PROMETHION-ont-sentdont-INS_gt50	INS_gt50	On1b-HG003-20x-7-D0-PF-ONT-PROMETHION	688815815.0	688815589.0	130.0	96.0	1888.0	0.08687782805429864	0.4247787610619469	0.9999972590707074	0.9516129032258065	0.048387096774193505	0.04838709677419355	HG003	hg38_m_giabHC	-1	-2	ont	sentdont
On1b-HG003-20x-7-D0-PF-ONT-PROMETHION-ont-sentdont-DEL_50	DEL_50	On1b-HG003-20x-7-D0-PF-ONT-PROMETHION	688815815.0	688790177.0	4387.0	21251.0	148664.0	0.21734261300005622	0.8288868086434199	0.999784213066309	0.8749315834387782	0.1250684165612218	0.12506841656122178	HG003	hg38_m_giabHC	-1	-2	ont	sentdont
On1b-HG003-20x-7-D0-PF-ONT-PROMETHION-ont-sentdont-DEL_gt50	DEL_gt50	On1b-HG003-20x-7-D0-PF-ONT-PROMETHION	688815815.0	688815677.0	97.0	41.0	630.0	0.10135970333745363	0.2971014492753623	0.9999990853875067	0.9388971684053651	0.06110283159463492	0.06110283159463487	HG003	hg38_m_giabHC	-1	-2	ont	sentdont
On1b-HG003-20x-7-D0-PF-ONT-PROMETHION-ont-sentdont-Indel_50	Indel_50	On1b-HG003-20x-7-D0-PF-ONT-PROMETHION	688815815.0	688802038.0	1335.0	12442.0	83715.0	0.2263539942147106	0.9030993685127386	0.999878477672625	0.8706074440758343	0.12939255592416565	0.12939255592416568	HG003	hg38_m_giabHC	-1	-2	ont	sentdont
On1b-HG003-20x-7-D0-PF-ONT-PROMETHION-ont-sentdont-Indel_gt50	Indel_gt50	On1b-HG003-20x-7-D0-PF-ONT-PROMETHION	688815815.0	688814114.0	109.0	1592.0	8084.0	0.27986288125164804	0.9359200470311582	0.9999882640251382	0.8354692021496486	0.1645307978503514	0.16453079785035138	HG003	hg38_m_giabHC	-1	-2	ont	sentdont
On1b-HG003-20x-7-D0-PF-ONT-PROMETHION-ont-sentdont-All	All	On1b-HG003-20x-7-D0-PF-ONT-PROMETHION	688815815.0	688647854.0	13147.0	154814.0	1361950.0	0.1837854842778495	0.921725876840457	0.9980261874655915	0.897931385502293	0.10206861449770699	0.10206861449770696	HG003	hg38_m_giabHC	-1	-2	ont	sentdont
