metric	tools	num_tools	phases	alignstats	bcftools_stats	giab_concordance	goleft_indexcov	mosdepth	multiqc_general_stats	multiqc_metadata	normcovevenness	rules_benchmark_data	samtools_flagstat	samtools_idxstats	samtools_stats
AlignedBases	alignstats	1	alignment_mapping	1	0	0	0	0	0	0	0	0	0	0	0
AlignedBasesPct	alignstats	1	alignment_mapping	1	0	0	0	0	0	0	0	0	0	0	0
AlignedReadLengthMean	alignstats	1	alignment_mapping	1	0	0	0	0	0	0	0	0	0	0	0
AlignedReadLengthMedian	alignstats	1	alignment_mapping	1	0	0	0	0	0	0	0	0	0	0	0
AlignedReadLengthMode	alignstats	1	alignment_mapping	1	0	0	0	0	0	0	0	0	0	0	0
AlignedReadLengthStandardDeviation	alignstats	1	alignment_mapping	1	0	0	0	0	0	0	0	0	0	0	0
ChimericReadPairPct	alignstats	1	alignment_mapping	1	0	0	0	0	0	0	0	0	0	0	0
DeletedBases	alignstats	1	alignment_mapping	1	0	0	0	0	0	0	0	0	0	0	0
DeletedBasesPct	alignstats	1	alignment_mapping	1	0	0	0	0	0	0	0	0	0	0	0
DuplicateBases	alignstats	1	alignment_mapping	1	0	0	0	0	0	0	0	0	0	0	0
DuplicateBasesPct	alignstats	1	alignment_mapping	1	0	0	0	0	0	0	0	0	0	0	0
DuplicateReads	alignstats	1	alignment_mapping	1	0	0	0	0	0	0	0	0	0	0	0
DuplicateReadsPct	alignstats	1	alignment_mapping	1	0	0	0	0	0	0	0	0	0	0	0
FilteredRecords	alignstats	1	alignment_mapping	1	0	0	0	0	0	0	0	0	0	0	0
FilteredRecordsPct	alignstats	1	alignment_mapping	1	0	0	0	0	0	0	0	0	0	0	0
InputFileName	alignstats	1	alignment_mapping	1	0	0	0	0	0	0	0	0	0	0	0
InputFileSize	alignstats	1	alignment_mapping	1	0	0	0	0	0	0	0	0	0	0	0
InsertSizeMean	alignstats	1	alignment_mapping	1	0	0	0	0	0	0	0	0	0	0	0
InsertSizeMedian	alignstats	1	alignment_mapping	1	0	0	0	0	0	0	0	0	0	0	0
InsertSizeMode	alignstats	1	alignment_mapping	1	0	0	0	0	0	0	0	0	0	0	0
InsertSizeStandardDeviation	alignstats	1	alignment_mapping	1	0	0	0	0	0	0	0	0	0	0	0
InsertedBases	alignstats	1	alignment_mapping	1	0	0	0	0	0	0	0	0	0	0	0
InsertedBasesPct	alignstats	1	alignment_mapping	1	0	0	0	0	0	0	0	0	0	0	0
MappedBases	alignstats	1	alignment_mapping	1	0	0	0	0	0	0	0	0	0	0	0
MappedBasesPct	alignstats	1	alignment_mapping	1	0	0	0	0	0	0	0	0	0	0	0
MappedReads	alignstats	1	alignment_mapping	1	0	0	0	0	0	0	0	0	0	0	0
MappedReadsPct	alignstats	1	alignment_mapping	1	0	0	0	0	0	0	0	0	0	0	0
MatchedBases	alignstats	1	alignment_mapping	1	0	0	0	0	0	0	0	0	0	0	0
MatchedBasesPct	alignstats	1	alignment_mapping	1	0	0	0	0	0	0	0	0	0	0	0
MismatchedBases	alignstats	1	alignment_mapping	1	0	0	0	0	0	0	0	0	0	0	0
MismatchedBasesPct	alignstats	1	alignment_mapping	1	0	0	0	0	0	0	0	0	0	0	0
PerfectBases	alignstats	1	alignment_mapping	1	0	0	0	0	0	0	0	0	0	0	0
PerfectBasesPct	alignstats	1	alignment_mapping	1	0	0	0	0	0	0	0	0	0	0	0
PerfectReads	alignstats	1	alignment_mapping	1	0	0	0	0	0	0	0	0	0	0	0
PerfectReadsPct	alignstats	1	alignment_mapping	1	0	0	0	0	0	0	0	0	0	0	0
Q20Bases	alignstats	1	alignment_mapping	1	0	0	0	0	0	0	0	0	0	0	0
Q20BasesPct	alignstats	1	alignment_mapping	1	0	0	0	0	0	0	0	0	0	0	0
R1AlignedBases	alignstats	1	alignment_mapping	1	0	0	0	0	0	0	0	0	0	0	0
R1AlignedBasesPct	alignstats	1	alignment_mapping	1	0	0	0	0	0	0	0	0	0	0	0
R1AlignedReadLengthMean	alignstats	1	alignment_mapping	1	0	0	0	0	0	0	0	0	0	0	0
R1AlignedReadLengthMedian	alignstats	1	alignment_mapping	1	0	0	0	0	0	0	0	0	0	0	0
R1AlignedReadLengthMode	alignstats	1	alignment_mapping	1	0	0	0	0	0	0	0	0	0	0	0
R1AlignedReadLengthStandardDeviation	alignstats	1	alignment_mapping	1	0	0	0	0	0	0	0	0	0	0	0
R1DeletedBases	alignstats	1	alignment_mapping	1	0	0	0	0	0	0	0	0	0	0	0
R1DeletedBasesPct	alignstats	1	alignment_mapping	1	0	0	0	0	0	0	0	0	0	0	0
R1InsertedBases	alignstats	1	alignment_mapping	1	0	0	0	0	0	0	0	0	0	0	0
R1InsertedBasesPct	alignstats	1	alignment_mapping	1	0	0	0	0	0	0	0	0	0	0	0
R1MappedBases	alignstats	1	alignment_mapping	1	0	0	0	0	0	0	0	0	0	0	0
R1MappedBasesPct	alignstats	1	alignment_mapping	1	0	0	0	0	0	0	0	0	0	0	0
R1MappedReads	alignstats	1	alignment_mapping	1	0	0	0	0	0	0	0	0	0	0	0
R1MappedReadsPct	alignstats	1	alignment_mapping	1	0	0	0	0	0	0	0	0	0	0	0
R1MatchedBases	alignstats	1	alignment_mapping	1	0	0	0	0	0	0	0	0	0	0	0
R1MatchedBasesPct	alignstats	1	alignment_mapping	1	0	0	0	0	0	0	0	0	0	0	0
R1MismatchedBases	alignstats	1	alignment_mapping	1	0	0	0	0	0	0	0	0	0	0	0
R1MismatchedBasesPct	alignstats	1	alignment_mapping	1	0	0	0	0	0	0	0	0	0	0	0
R1PerfectBases	alignstats	1	alignment_mapping	1	0	0	0	0	0	0	0	0	0	0	0
R1PerfectBasesPct	alignstats	1	alignment_mapping	1	0	0	0	0	0	0	0	0	0	0	0
R1PerfectReads	alignstats	1	alignment_mapping	1	0	0	0	0	0	0	0	0	0	0	0
R1PerfectReadsPct	alignstats	1	alignment_mapping	1	0	0	0	0	0	0	0	0	0	0	0
R1Q20Bases	alignstats	1	alignment_mapping	1	0	0	0	0	0	0	0	0	0	0	0
R1Q20BasesPct	alignstats	1	alignment_mapping	1	0	0	0	0	0	0	0	0	0	0	0
R1SoftClippedBases	alignstats	1	alignment_mapping	1	0	0	0	0	0	0	0	0	0	0	0
R1SoftClippedBasesPct	alignstats	1	alignment_mapping	1	0	0	0	0	0	0	0	0	0	0	0
R1SoftClippedReads	alignstats	1	alignment_mapping	1	0	0	0	0	0	0	0	0	0	0	0
R1SoftClippedReadsPct	alignstats	1	alignment_mapping	1	0	0	0	0	0	0	0	0	0	0	0
R1UnmappedBases	alignstats	1	alignment_mapping	1	0	0	0	0	0	0	0	0	0	0	0
R1UnmappedBasesPct	alignstats	1	alignment_mapping	1	0	0	0	0	0	0	0	0	0	0	0
R1UnmappedReads	alignstats	1	alignment_mapping	1	0	0	0	0	0	0	0	0	0	0	0
R1UnmappedReadsPct	alignstats	1	alignment_mapping	1	0	0	0	0	0	0	0	0	0	0	0
R1UnpairedReads	alignstats	1	alignment_mapping	1	0	0	0	0	0	0	0	0	0	0	0
R1UnpairedReadsPct	alignstats	1	alignment_mapping	1	0	0	0	0	0	0	0	0	0	0	0
R1YieldBases	alignstats	1	alignment_mapping	1	0	0	0	0	0	0	0	0	0	0	0
R1YieldReads	alignstats	1	alignment_mapping	1	0	0	0	0	0	0	0	0	0	0	0
R2AlignedBases	alignstats	1	alignment_mapping	1	0	0	0	0	0	0	0	0	0	0	0
R2AlignedBasesPct	alignstats	1	alignment_mapping	1	0	0	0	0	0	0	0	0	0	0	0
R2AlignedReadLengthMean	alignstats	1	alignment_mapping	1	0	0	0	0	0	0	0	0	0	0	0
R2AlignedReadLengthMedian	alignstats	1	alignment_mapping	1	0	0	0	0	0	0	0	0	0	0	0
R2AlignedReadLengthMode	alignstats	1	alignment_mapping	1	0	0	0	0	0	0	0	0	0	0	0
R2AlignedReadLengthStandardDeviation	alignstats	1	alignment_mapping	1	0	0	0	0	0	0	0	0	0	0	0
R2DeletedBases	alignstats	1	alignment_mapping	1	0	0	0	0	0	0	0	0	0	0	0
R2DeletedBasesPct	alignstats	1	alignment_mapping	1	0	0	0	0	0	0	0	0	0	0	0
R2InsertedBases	alignstats	1	alignment_mapping	1	0	0	0	0	0	0	0	0	0	0	0
R2InsertedBasesPct	alignstats	1	alignment_mapping	1	0	0	0	0	0	0	0	0	0	0	0
R2MappedBases	alignstats	1	alignment_mapping	1	0	0	0	0	0	0	0	0	0	0	0
R2MappedBasesPct	alignstats	1	alignment_mapping	1	0	0	0	0	0	0	0	0	0	0	0
R2MappedReads	alignstats	1	alignment_mapping	1	0	0	0	0	0	0	0	0	0	0	0
R2MappedReadsPct	alignstats	1	alignment_mapping	1	0	0	0	0	0	0	0	0	0	0	0
R2MatchedBases	alignstats	1	alignment_mapping	1	0	0	0	0	0	0	0	0	0	0	0
R2MatchedBasesPct	alignstats	1	alignment_mapping	1	0	0	0	0	0	0	0	0	0	0	0
R2MismatchedBases	alignstats	1	alignment_mapping	1	0	0	0	0	0	0	0	0	0	0	0
R2MismatchedBasesPct	alignstats	1	alignment_mapping	1	0	0	0	0	0	0	0	0	0	0	0
R2PerfectBases	alignstats	1	alignment_mapping	1	0	0	0	0	0	0	0	0	0	0	0
R2PerfectBasesPct	alignstats	1	alignment_mapping	1	0	0	0	0	0	0	0	0	0	0	0
R2PerfectReads	alignstats	1	alignment_mapping	1	0	0	0	0	0	0	0	0	0	0	0
R2PerfectReadsPct	alignstats	1	alignment_mapping	1	0	0	0	0	0	0	0	0	0	0	0
R2Q20Bases	alignstats	1	alignment_mapping	1	0	0	0	0	0	0	0	0	0	0	0
R2Q20BasesPct	alignstats	1	alignment_mapping	1	0	0	0	0	0	0	0	0	0	0	0
R2SoftClippedBases	alignstats	1	alignment_mapping	1	0	0	0	0	0	0	0	0	0	0	0
R2SoftClippedBasesPct	alignstats	1	alignment_mapping	1	0	0	0	0	0	0	0	0	0	0	0
R2SoftClippedReads	alignstats	1	alignment_mapping	1	0	0	0	0	0	0	0	0	0	0	0
R2SoftClippedReadsPct	alignstats	1	alignment_mapping	1	0	0	0	0	0	0	0	0	0	0	0
R2UnmappedBases	alignstats	1	alignment_mapping	1	0	0	0	0	0	0	0	0	0	0	0
R2UnmappedBasesPct	alignstats	1	alignment_mapping	1	0	0	0	0	0	0	0	0	0	0	0
R2UnmappedReads	alignstats	1	alignment_mapping	1	0	0	0	0	0	0	0	0	0	0	0
R2UnmappedReadsPct	alignstats	1	alignment_mapping	1	0	0	0	0	0	0	0	0	0	0	0
R2UnpairedReads	alignstats	1	alignment_mapping	1	0	0	0	0	0	0	0	0	0	0	0
R2UnpairedReadsPct	alignstats	1	alignment_mapping	1	0	0	0	0	0	0	0	0	0	0	0
R2YieldBases	alignstats	1	alignment_mapping	1	0	0	0	0	0	0	0	0	0	0	0
R2YieldReads	alignstats	1	alignment_mapping	1	0	0	0	0	0	0	0	0	0	0	0
SoftClippedBases	alignstats	1	alignment_mapping	1	0	0	0	0	0	0	0	0	0	0	0
SoftClippedBasesPct	alignstats	1	alignment_mapping	1	0	0	0	0	0	0	0	0	0	0	0
SoftClippedReads	alignstats	1	alignment_mapping	1	0	0	0	0	0	0	0	0	0	0	0
SoftClippedReadsPct	alignstats	1	alignment_mapping	1	0	0	0	0	0	0	0	0	0	0	0
TotalPairs	alignstats	1	alignment_mapping	1	0	0	0	0	0	0	0	0	0	0	0
TotalRecords	alignstats	1	alignment_mapping	1	0	0	0	0	0	0	0	0	0	0	0
TotalSameChrPairs	alignstats	1	alignment_mapping	1	0	0	0	0	0	0	0	0	0	0	0
TotalSameChrPairsPct	alignstats	1	alignment_mapping	1	0	0	0	0	0	0	0	0	0	0	0
UnfilteredRecords	alignstats	1	alignment_mapping	1	0	0	0	0	0	0	0	0	0	0	0
UnfilteredRecordsPct	alignstats	1	alignment_mapping	1	0	0	0	0	0	0	0	0	0	0	0
UnmappedBases	alignstats	1	alignment_mapping	1	0	0	0	0	0	0	0	0	0	0	0
UnmappedBasesPct	alignstats	1	alignment_mapping	1	0	0	0	0	0	0	0	0	0	0	0
UnmappedReads	alignstats	1	alignment_mapping	1	0	0	0	0	0	0	0	0	0	0	0
UnmappedReadsPct	alignstats	1	alignment_mapping	1	0	0	0	0	0	0	0	0	0	0	0
UnpairedReads	alignstats	1	alignment_mapping	1	0	0	0	0	0	0	0	0	0	0	0
UnpairedReadsPct	alignstats	1	alignment_mapping	1	0	0	0	0	0	0	0	0	0	0	0
WgsAlignedReads	alignstats	1	alignment_mapping	1	0	0	0	0	0	0	0	0	0	0	0
WgsAlignedReadsPct	alignstats	1	alignment_mapping	1	0	0	0	0	0	0	0	0	0	0	0
WgsCalculatedAlignedReads	alignstats	1	alignment_mapping	1	0	0	0	0	0	0	0	0	0	0	0
WgsCovDuplicateReads	alignstats	1	alignment_mapping	1	0	0	0	0	0	0	0	0	0	0	0
WgsCovDuplicateReadsPct	alignstats	1	alignment_mapping	1	0	0	0	0	0	0	0	0	0	0	0
WgsCoverageBases1	alignstats	1	alignment_mapping	1	0	0	0	0	0	0	0	0	0	0	0
WgsCoverageBases10	alignstats	1	alignment_mapping	1	0	0	0	0	0	0	0	0	0	0	0
WgsCoverageBases100	alignstats	1	alignment_mapping	1	0	0	0	0	0	0	0	0	0	0	0
WgsCoverageBases1000	alignstats	1	alignment_mapping	1	0	0	0	0	0	0	0	0	0	0	0
WgsCoverageBases1000Pct	alignstats	1	alignment_mapping	1	0	0	0	0	0	0	0	0	0	0	0
WgsCoverageBases100Pct	alignstats	1	alignment_mapping	1	0	0	0	0	0	0	0	0	0	0	0
WgsCoverageBases10Pct	alignstats	1	alignment_mapping	1	0	0	0	0	0	0	0	0	0	0	0
WgsCoverageBases15	alignstats	1	alignment_mapping	1	0	0	0	0	0	0	0	0	0	0	0
WgsCoverageBases15Pct	alignstats	1	alignment_mapping	1	0	0	0	0	0	0	0	0	0	0	0
WgsCoverageBases1Pct	alignstats	1	alignment_mapping	1	0	0	0	0	0	0	0	0	0	0	0
WgsCoverageBases20	alignstats	1	alignment_mapping	1	0	0	0	0	0	0	0	0	0	0	0
WgsCoverageBases20Pct	alignstats	1	alignment_mapping	1	0	0	0	0	0	0	0	0	0	0	0
WgsCoverageBases30	alignstats	1	alignment_mapping	1	0	0	0	0	0	0	0	0	0	0	0
WgsCoverageBases30Pct	alignstats	1	alignment_mapping	1	0	0	0	0	0	0	0	0	0	0	0
WgsCoverageBases40	alignstats	1	alignment_mapping	1	0	0	0	0	0	0	0	0	0	0	0
WgsCoverageBases40Pct	alignstats	1	alignment_mapping	1	0	0	0	0	0	0	0	0	0	0	0
WgsCoverageBases50	alignstats	1	alignment_mapping	1	0	0	0	0	0	0	0	0	0	0	0
WgsCoverageBases500	alignstats	1	alignment_mapping	1	0	0	0	0	0	0	0	0	0	0	0
WgsCoverageBases500Pct	alignstats	1	alignment_mapping	1	0	0	0	0	0	0	0	0	0	0	0
WgsCoverageBases50Pct	alignstats	1	alignment_mapping	1	0	0	0	0	0	0	0	0	0	0	0
WgsCoverageBases60	alignstats	1	alignment_mapping	1	0	0	0	0	0	0	0	0	0	0	0
WgsCoverageBases60Pct	alignstats	1	alignment_mapping	1	0	0	0	0	0	0	0	0	0	0	0
WgsCoverageBases70	alignstats	1	alignment_mapping	1	0	0	0	0	0	0	0	0	0	0	0
WgsCoverageBases70Pct	alignstats	1	alignment_mapping	1	0	0	0	0	0	0	0	0	0	0	0
WgsCoverageMean	alignstats	1	alignment_mapping	1	0	0	0	0	0	0	0	0	0	0	0
WgsCoverageMedian	alignstats	1	alignment_mapping	1	0	0	0	0	0	0	0	0	0	0	0
WgsCoverageStandardDeviation	alignstats	1	alignment_mapping	1	0	0	0	0	0	0	0	0	0	0	0
WgsExpectedAlignedReads	alignstats	1	alignment_mapping	1	0	0	0	0	0	0	0	0	0	0	0
WgsFilteredLowBaseQualityBases	alignstats	1	alignment_mapping	1	0	0	0	0	0	0	0	0	0	0	0
WgsFilteredOverlapBases	alignstats	1	alignment_mapping	1	0	0	0	0	0	0	0	0	0	0	0
WgsReadsPaired	alignstats	1	alignment_mapping	1	0	0	0	0	0	0	0	0	0	0	0
WgsReadsPairedWithMates	alignstats	1	alignment_mapping	1	0	0	0	0	0	0	0	0	0	0	0
WgsTotalReads	alignstats	1	alignment_mapping	1	0	0	0	0	0	0	0	0	0	0	0
YieldBases	alignstats	1	alignment_mapping	1	0	0	0	0	0	0	0	0	0	0	0
YieldReads	alignstats	1	alignment_mapping	1	0	0	0	0	0	0	0	0	0	0	0
aligner	alignstats;normcovevenness	2	alignment_mapping	1	0	0	0	0	0	0	1	0	0	0	0
bcftools-stats-subtypes:A>C	bcftools_stats	1	snv_indel_calling	0	1	0	0	0	0	0	0	0	0	0	0
bcftools-stats-subtypes:A>G	bcftools_stats	1	snv_indel_calling	0	1	0	0	0	0	0	0	0	0	0	0
bcftools-stats-subtypes:A>T	bcftools_stats	1	snv_indel_calling	0	1	0	0	0	0	0	0	0	0	0	0
bcftools-stats-subtypes:C>A	bcftools_stats	1	snv_indel_calling	0	1	0	0	0	0	0	0	0	0	0	0
bcftools-stats-subtypes:C>G	bcftools_stats	1	snv_indel_calling	0	1	0	0	0	0	0	0	0	0	0	0
bcftools-stats-subtypes:C>T	bcftools_stats	1	snv_indel_calling	0	1	0	0	0	0	0	0	0	0	0	0
bcftools-stats-subtypes:G>A	bcftools_stats	1	snv_indel_calling	0	1	0	0	0	0	0	0	0	0	0	0
bcftools-stats-subtypes:G>C	bcftools_stats	1	snv_indel_calling	0	1	0	0	0	0	0	0	0	0	0	0
bcftools-stats-subtypes:G>T	bcftools_stats	1	snv_indel_calling	0	1	0	0	0	0	0	0	0	0	0	0
bcftools-stats-subtypes:T>A	bcftools_stats	1	snv_indel_calling	0	1	0	0	0	0	0	0	0	0	0	0
bcftools-stats-subtypes:T>C	bcftools_stats	1	snv_indel_calling	0	1	0	0	0	0	0	0	0	0	0	0
bcftools-stats-subtypes:T>G	bcftools_stats	1	snv_indel_calling	0	1	0	0	0	0	0	0	0	0	0	0
bcftools_stats_indel-lengths:0	bcftools_stats	1	snv_indel_calling	0	1	0	0	0	0	0	0	0	0	0	0
bcftools_stats_indel-lengths:1	bcftools_stats	1	snv_indel_calling	0	1	0	0	0	0	0	0	0	0	0	0
bcftools_stats_indel-lengths:10	bcftools_stats	1	snv_indel_calling	0	1	0	0	0	0	0	0	0	0	0	0
bcftools_stats_indel-lengths:100	bcftools_stats	1	snv_indel_calling	0	1	0	0	0	0	0	0	0	0	0	0
bcftools_stats_indel-lengths:101	bcftools_stats	1	snv_indel_calling	0	1	0	0	0	0	0	0	0	0	0	0
bcftools_stats_indel-lengths:102	bcftools_stats	1	snv_indel_calling	0	1	0	0	0	0	0	0	0	0	0	0
bcftools_stats_indel-lengths:103	bcftools_stats	1	snv_indel_calling	0	1	0	0	0	0	0	0	0	0	0	0
bcftools_stats_indel-lengths:104	bcftools_stats	1	snv_indel_calling	0	1	0	0	0	0	0	0	0	0	0	0
bcftools_stats_indel-lengths:105	bcftools_stats	1	snv_indel_calling	0	1	0	0	0	0	0	0	0	0	0	0
bcftools_stats_indel-lengths:106	bcftools_stats	1	snv_indel_calling	0	1	0	0	0	0	0	0	0	0	0	0
bcftools_stats_indel-lengths:107	bcftools_stats	1	snv_indel_calling	0	1	0	0	0	0	0	0	0	0	0	0
bcftools_stats_indel-lengths:108	bcftools_stats	1	snv_indel_calling	0	1	0	0	0	0	0	0	0	0	0	0
bcftools_stats_indel-lengths:109	bcftools_stats	1	snv_indel_calling	0	1	0	0	0	0	0	0	0	0	0	0
bcftools_stats_indel-lengths:11	bcftools_stats	1	snv_indel_calling	0	1	0	0	0	0	0	0	0	0	0	0
bcftools_stats_indel-lengths:110	bcftools_stats	1	snv_indel_calling	0	1	0	0	0	0	0	0	0	0	0	0
bcftools_stats_indel-lengths:111	bcftools_stats	1	snv_indel_calling	0	1	0	0	0	0	0	0	0	0	0	0
bcftools_stats_indel-lengths:112	bcftools_stats	1	snv_indel_calling	0	1	0	0	0	0	0	0	0	0	0	0
bcftools_stats_indel-lengths:113	bcftools_stats	1	snv_indel_calling	0	1	0	0	0	0	0	0	0	0	0	0
bcftools_stats_indel-lengths:114	bcftools_stats	1	snv_indel_calling	0	1	0	0	0	0	0	0	0	0	0	0
bcftools_stats_indel-lengths:115	bcftools_stats	1	snv_indel_calling	0	1	0	0	0	0	0	0	0	0	0	0
bcftools_stats_indel-lengths:116	bcftools_stats	1	snv_indel_calling	0	1	0	0	0	0	0	0	0	0	0	0
bcftools_stats_indel-lengths:117	bcftools_stats	1	snv_indel_calling	0	1	0	0	0	0	0	0	0	0	0	0
bcftools_stats_indel-lengths:118	bcftools_stats	1	snv_indel_calling	0	1	0	0	0	0	0	0	0	0	0	0
bcftools_stats_indel-lengths:119	bcftools_stats	1	snv_indel_calling	0	1	0	0	0	0	0	0	0	0	0	0
bcftools_stats_indel-lengths:12	bcftools_stats	1	snv_indel_calling	0	1	0	0	0	0	0	0	0	0	0	0
bcftools_stats_indel-lengths:120	bcftools_stats	1	snv_indel_calling	0	1	0	0	0	0	0	0	0	0	0	0
bcftools_stats_indel-lengths:13	bcftools_stats	1	snv_indel_calling	0	1	0	0	0	0	0	0	0	0	0	0
bcftools_stats_indel-lengths:14	bcftools_stats	1	snv_indel_calling	0	1	0	0	0	0	0	0	0	0	0	0
bcftools_stats_indel-lengths:15	bcftools_stats	1	snv_indel_calling	0	1	0	0	0	0	0	0	0	0	0	0
bcftools_stats_indel-lengths:16	bcftools_stats	1	snv_indel_calling	0	1	0	0	0	0	0	0	0	0	0	0
bcftools_stats_indel-lengths:17	bcftools_stats	1	snv_indel_calling	0	1	0	0	0	0	0	0	0	0	0	0
bcftools_stats_indel-lengths:18	bcftools_stats	1	snv_indel_calling	0	1	0	0	0	0	0	0	0	0	0	0
bcftools_stats_indel-lengths:19	bcftools_stats	1	snv_indel_calling	0	1	0	0	0	0	0	0	0	0	0	0
bcftools_stats_indel-lengths:2	bcftools_stats	1	snv_indel_calling	0	1	0	0	0	0	0	0	0	0	0	0
bcftools_stats_indel-lengths:20	bcftools_stats	1	snv_indel_calling	0	1	0	0	0	0	0	0	0	0	0	0
bcftools_stats_indel-lengths:21	bcftools_stats	1	snv_indel_calling	0	1	0	0	0	0	0	0	0	0	0	0
bcftools_stats_indel-lengths:22	bcftools_stats	1	snv_indel_calling	0	1	0	0	0	0	0	0	0	0	0	0
bcftools_stats_indel-lengths:23	bcftools_stats	1	snv_indel_calling	0	1	0	0	0	0	0	0	0	0	0	0
bcftools_stats_indel-lengths:24	bcftools_stats	1	snv_indel_calling	0	1	0	0	0	0	0	0	0	0	0	0
bcftools_stats_indel-lengths:25	bcftools_stats	1	snv_indel_calling	0	1	0	0	0	0	0	0	0	0	0	0
bcftools_stats_indel-lengths:26	bcftools_stats	1	snv_indel_calling	0	1	0	0	0	0	0	0	0	0	0	0
bcftools_stats_indel-lengths:27	bcftools_stats	1	snv_indel_calling	0	1	0	0	0	0	0	0	0	0	0	0
bcftools_stats_indel-lengths:28	bcftools_stats	1	snv_indel_calling	0	1	0	0	0	0	0	0	0	0	0	0
bcftools_stats_indel-lengths:29	bcftools_stats	1	snv_indel_calling	0	1	0	0	0	0	0	0	0	0	0	0
bcftools_stats_indel-lengths:3	bcftools_stats	1	snv_indel_calling	0	1	0	0	0	0	0	0	0	0	0	0
bcftools_stats_indel-lengths:30	bcftools_stats	1	snv_indel_calling	0	1	0	0	0	0	0	0	0	0	0	0
bcftools_stats_indel-lengths:31	bcftools_stats	1	snv_indel_calling	0	1	0	0	0	0	0	0	0	0	0	0
bcftools_stats_indel-lengths:32	bcftools_stats	1	snv_indel_calling	0	1	0	0	0	0	0	0	0	0	0	0
bcftools_stats_indel-lengths:33	bcftools_stats	1	snv_indel_calling	0	1	0	0	0	0	0	0	0	0	0	0
bcftools_stats_indel-lengths:34	bcftools_stats	1	snv_indel_calling	0	1	0	0	0	0	0	0	0	0	0	0
bcftools_stats_indel-lengths:35	bcftools_stats	1	snv_indel_calling	0	1	0	0	0	0	0	0	0	0	0	0
bcftools_stats_indel-lengths:36	bcftools_stats	1	snv_indel_calling	0	1	0	0	0	0	0	0	0	0	0	0
bcftools_stats_indel-lengths:37	bcftools_stats	1	snv_indel_calling	0	1	0	0	0	0	0	0	0	0	0	0
bcftools_stats_indel-lengths:38	bcftools_stats	1	snv_indel_calling	0	1	0	0	0	0	0	0	0	0	0	0
bcftools_stats_indel-lengths:39	bcftools_stats	1	snv_indel_calling	0	1	0	0	0	0	0	0	0	0	0	0
bcftools_stats_indel-lengths:4	bcftools_stats	1	snv_indel_calling	0	1	0	0	0	0	0	0	0	0	0	0
bcftools_stats_indel-lengths:40	bcftools_stats	1	snv_indel_calling	0	1	0	0	0	0	0	0	0	0	0	0
bcftools_stats_indel-lengths:41	bcftools_stats	1	snv_indel_calling	0	1	0	0	0	0	0	0	0	0	0	0
bcftools_stats_indel-lengths:42	bcftools_stats	1	snv_indel_calling	0	1	0	0	0	0	0	0	0	0	0	0
bcftools_stats_indel-lengths:43	bcftools_stats	1	snv_indel_calling	0	1	0	0	0	0	0	0	0	0	0	0
bcftools_stats_indel-lengths:44	bcftools_stats	1	snv_indel_calling	0	1	0	0	0	0	0	0	0	0	0	0
bcftools_stats_indel-lengths:45	bcftools_stats	1	snv_indel_calling	0	1	0	0	0	0	0	0	0	0	0	0
bcftools_stats_indel-lengths:46	bcftools_stats	1	snv_indel_calling	0	1	0	0	0	0	0	0	0	0	0	0
bcftools_stats_indel-lengths:47	bcftools_stats	1	snv_indel_calling	0	1	0	0	0	0	0	0	0	0	0	0
bcftools_stats_indel-lengths:48	bcftools_stats	1	snv_indel_calling	0	1	0	0	0	0	0	0	0	0	0	0
bcftools_stats_indel-lengths:49	bcftools_stats	1	snv_indel_calling	0	1	0	0	0	0	0	0	0	0	0	0
bcftools_stats_indel-lengths:5	bcftools_stats	1	snv_indel_calling	0	1	0	0	0	0	0	0	0	0	0	0
bcftools_stats_indel-lengths:50	bcftools_stats	1	snv_indel_calling	0	1	0	0	0	0	0	0	0	0	0	0
bcftools_stats_indel-lengths:51	bcftools_stats	1	snv_indel_calling	0	1	0	0	0	0	0	0	0	0	0	0
bcftools_stats_indel-lengths:52	bcftools_stats	1	snv_indel_calling	0	1	0	0	0	0	0	0	0	0	0	0
bcftools_stats_indel-lengths:53	bcftools_stats	1	snv_indel_calling	0	1	0	0	0	0	0	0	0	0	0	0
bcftools_stats_indel-lengths:54	bcftools_stats	1	snv_indel_calling	0	1	0	0	0	0	0	0	0	0	0	0
bcftools_stats_indel-lengths:55	bcftools_stats	1	snv_indel_calling	0	1	0	0	0	0	0	0	0	0	0	0
bcftools_stats_indel-lengths:56	bcftools_stats	1	snv_indel_calling	0	1	0	0	0	0	0	0	0	0	0	0
bcftools_stats_indel-lengths:57	bcftools_stats	1	snv_indel_calling	0	1	0	0	0	0	0	0	0	0	0	0
bcftools_stats_indel-lengths:58	bcftools_stats	1	snv_indel_calling	0	1	0	0	0	0	0	0	0	0	0	0
bcftools_stats_indel-lengths:59	bcftools_stats	1	snv_indel_calling	0	1	0	0	0	0	0	0	0	0	0	0
bcftools_stats_indel-lengths:6	bcftools_stats	1	snv_indel_calling	0	1	0	0	0	0	0	0	0	0	0	0
bcftools_stats_indel-lengths:60	bcftools_stats	1	snv_indel_calling	0	1	0	0	0	0	0	0	0	0	0	0
bcftools_stats_indel-lengths:61	bcftools_stats	1	snv_indel_calling	0	1	0	0	0	0	0	0	0	0	0	0
bcftools_stats_indel-lengths:62	bcftools_stats	1	snv_indel_calling	0	1	0	0	0	0	0	0	0	0	0	0
bcftools_stats_indel-lengths:63	bcftools_stats	1	snv_indel_calling	0	1	0	0	0	0	0	0	0	0	0	0
bcftools_stats_indel-lengths:64	bcftools_stats	1	snv_indel_calling	0	1	0	0	0	0	0	0	0	0	0	0
bcftools_stats_indel-lengths:65	bcftools_stats	1	snv_indel_calling	0	1	0	0	0	0	0	0	0	0	0	0
bcftools_stats_indel-lengths:66	bcftools_stats	1	snv_indel_calling	0	1	0	0	0	0	0	0	0	0	0	0
bcftools_stats_indel-lengths:67	bcftools_stats	1	snv_indel_calling	0	1	0	0	0	0	0	0	0	0	0	0
bcftools_stats_indel-lengths:68	bcftools_stats	1	snv_indel_calling	0	1	0	0	0	0	0	0	0	0	0	0
bcftools_stats_indel-lengths:69	bcftools_stats	1	snv_indel_calling	0	1	0	0	0	0	0	0	0	0	0	0
bcftools_stats_indel-lengths:7	bcftools_stats	1	snv_indel_calling	0	1	0	0	0	0	0	0	0	0	0	0
bcftools_stats_indel-lengths:70	bcftools_stats	1	snv_indel_calling	0	1	0	0	0	0	0	0	0	0	0	0
bcftools_stats_indel-lengths:71	bcftools_stats	1	snv_indel_calling	0	1	0	0	0	0	0	0	0	0	0	0
bcftools_stats_indel-lengths:72	bcftools_stats	1	snv_indel_calling	0	1	0	0	0	0	0	0	0	0	0	0
bcftools_stats_indel-lengths:73	bcftools_stats	1	snv_indel_calling	0	1	0	0	0	0	0	0	0	0	0	0
bcftools_stats_indel-lengths:74	bcftools_stats	1	snv_indel_calling	0	1	0	0	0	0	0	0	0	0	0	0
bcftools_stats_indel-lengths:75	bcftools_stats	1	snv_indel_calling	0	1	0	0	0	0	0	0	0	0	0	0
bcftools_stats_indel-lengths:76	bcftools_stats	1	snv_indel_calling	0	1	0	0	0	0	0	0	0	0	0	0
bcftools_stats_indel-lengths:77	bcftools_stats	1	snv_indel_calling	0	1	0	0	0	0	0	0	0	0	0	0
bcftools_stats_indel-lengths:78	bcftools_stats	1	snv_indel_calling	0	1	0	0	0	0	0	0	0	0	0	0
bcftools_stats_indel-lengths:79	bcftools_stats	1	snv_indel_calling	0	1	0	0	0	0	0	0	0	0	0	0
bcftools_stats_indel-lengths:8	bcftools_stats	1	snv_indel_calling	0	1	0	0	0	0	0	0	0	0	0	0
bcftools_stats_indel-lengths:80	bcftools_stats	1	snv_indel_calling	0	1	0	0	0	0	0	0	0	0	0	0
bcftools_stats_indel-lengths:81	bcftools_stats	1	snv_indel_calling	0	1	0	0	0	0	0	0	0	0	0	0
bcftools_stats_indel-lengths:82	bcftools_stats	1	snv_indel_calling	0	1	0	0	0	0	0	0	0	0	0	0
bcftools_stats_indel-lengths:83	bcftools_stats	1	snv_indel_calling	0	1	0	0	0	0	0	0	0	0	0	0
bcftools_stats_indel-lengths:84	bcftools_stats	1	snv_indel_calling	0	1	0	0	0	0	0	0	0	0	0	0
bcftools_stats_indel-lengths:85	bcftools_stats	1	snv_indel_calling	0	1	0	0	0	0	0	0	0	0	0	0
bcftools_stats_indel-lengths:86	bcftools_stats	1	snv_indel_calling	0	1	0	0	0	0	0	0	0	0	0	0
bcftools_stats_indel-lengths:87	bcftools_stats	1	snv_indel_calling	0	1	0	0	0	0	0	0	0	0	0	0
bcftools_stats_indel-lengths:88	bcftools_stats	1	snv_indel_calling	0	1	0	0	0	0	0	0	0	0	0	0
bcftools_stats_indel-lengths:89	bcftools_stats	1	snv_indel_calling	0	1	0	0	0	0	0	0	0	0	0	0
bcftools_stats_indel-lengths:9	bcftools_stats	1	snv_indel_calling	0	1	0	0	0	0	0	0	0	0	0	0
bcftools_stats_indel-lengths:90	bcftools_stats	1	snv_indel_calling	0	1	0	0	0	0	0	0	0	0	0	0
bcftools_stats_indel-lengths:91	bcftools_stats	1	snv_indel_calling	0	1	0	0	0	0	0	0	0	0	0	0
bcftools_stats_indel-lengths:92	bcftools_stats	1	snv_indel_calling	0	1	0	0	0	0	0	0	0	0	0	0
bcftools_stats_indel-lengths:93	bcftools_stats	1	snv_indel_calling	0	1	0	0	0	0	0	0	0	0	0	0
bcftools_stats_indel-lengths:94	bcftools_stats	1	snv_indel_calling	0	1	0	0	0	0	0	0	0	0	0	0
bcftools_stats_indel-lengths:95	bcftools_stats	1	snv_indel_calling	0	1	0	0	0	0	0	0	0	0	0	0
bcftools_stats_indel-lengths:96	bcftools_stats	1	snv_indel_calling	0	1	0	0	0	0	0	0	0	0	0	0
bcftools_stats_indel-lengths:97	bcftools_stats	1	snv_indel_calling	0	1	0	0	0	0	0	0	0	0	0	0
bcftools_stats_indel-lengths:98	bcftools_stats	1	snv_indel_calling	0	1	0	0	0	0	0	0	0	0	0	0
bcftools_stats_indel-lengths:99	bcftools_stats	1	snv_indel_calling	0	1	0	0	0	0	0	0	0	0	0	0
bcftools_stats_vqc_Count_Indels:0	bcftools_stats	1	snv_indel_calling	0	1	0	0	0	0	0	0	0	0	0	0
bcftools_stats_vqc_Count_Indels:1	bcftools_stats	1	snv_indel_calling	0	1	0	0	0	0	0	0	0	0	0	0
bcftools_stats_vqc_Count_Indels:10	bcftools_stats	1	snv_indel_calling	0	1	0	0	0	0	0	0	0	0	0	0
bcftools_stats_vqc_Count_Indels:100	bcftools_stats	1	snv_indel_calling	0	1	0	0	0	0	0	0	0	0	0	0
bcftools_stats_vqc_Count_Indels:101	bcftools_stats	1	snv_indel_calling	0	1	0	0	0	0	0	0	0	0	0	0
bcftools_stats_vqc_Count_Indels:102	bcftools_stats	1	snv_indel_calling	0	1	0	0	0	0	0	0	0	0	0	0
bcftools_stats_vqc_Count_Indels:103	bcftools_stats	1	snv_indel_calling	0	1	0	0	0	0	0	0	0	0	0	0
bcftools_stats_vqc_Count_Indels:104	bcftools_stats	1	snv_indel_calling	0	1	0	0	0	0	0	0	0	0	0	0
bcftools_stats_vqc_Count_Indels:105	bcftools_stats	1	snv_indel_calling	0	1	0	0	0	0	0	0	0	0	0	0
bcftools_stats_vqc_Count_Indels:106	bcftools_stats	1	snv_indel_calling	0	1	0	0	0	0	0	0	0	0	0	0
bcftools_stats_vqc_Count_Indels:107	bcftools_stats	1	snv_indel_calling	0	1	0	0	0	0	0	0	0	0	0	0
bcftools_stats_vqc_Count_Indels:108	bcftools_stats	1	snv_indel_calling	0	1	0	0	0	0	0	0	0	0	0	0
bcftools_stats_vqc_Count_Indels:109	bcftools_stats	1	snv_indel_calling	0	1	0	0	0	0	0	0	0	0	0	0
bcftools_stats_vqc_Count_Indels:11	bcftools_stats	1	snv_indel_calling	0	1	0	0	0	0	0	0	0	0	0	0
bcftools_stats_vqc_Count_Indels:110	bcftools_stats	1	snv_indel_calling	0	1	0	0	0	0	0	0	0	0	0	0
bcftools_stats_vqc_Count_Indels:111	bcftools_stats	1	snv_indel_calling	0	1	0	0	0	0	0	0	0	0	0	0
bcftools_stats_vqc_Count_Indels:112	bcftools_stats	1	snv_indel_calling	0	1	0	0	0	0	0	0	0	0	0	0
bcftools_stats_vqc_Count_Indels:113	bcftools_stats	1	snv_indel_calling	0	1	0	0	0	0	0	0	0	0	0	0
bcftools_stats_vqc_Count_Indels:114	bcftools_stats	1	snv_indel_calling	0	1	0	0	0	0	0	0	0	0	0	0
bcftools_stats_vqc_Count_Indels:115	bcftools_stats	1	snv_indel_calling	0	1	0	0	0	0	0	0	0	0	0	0
bcftools_stats_vqc_Count_Indels:116	bcftools_stats	1	snv_indel_calling	0	1	0	0	0	0	0	0	0	0	0	0
bcftools_stats_vqc_Count_Indels:117	bcftools_stats	1	snv_indel_calling	0	1	0	0	0	0	0	0	0	0	0	0
bcftools_stats_vqc_Count_Indels:118	bcftools_stats	1	snv_indel_calling	0	1	0	0	0	0	0	0	0	0	0	0
bcftools_stats_vqc_Count_Indels:119	bcftools_stats	1	snv_indel_calling	0	1	0	0	0	0	0	0	0	0	0	0
bcftools_stats_vqc_Count_Indels:12	bcftools_stats	1	snv_indel_calling	0	1	0	0	0	0	0	0	0	0	0	0
bcftools_stats_vqc_Count_Indels:120	bcftools_stats	1	snv_indel_calling	0	1	0	0	0	0	0	0	0	0	0	0
bcftools_stats_vqc_Count_Indels:121	bcftools_stats	1	snv_indel_calling	0	1	0	0	0	0	0	0	0	0	0	0
bcftools_stats_vqc_Count_Indels:122	bcftools_stats	1	snv_indel_calling	0	1	0	0	0	0	0	0	0	0	0	0
bcftools_stats_vqc_Count_Indels:123	bcftools_stats	1	snv_indel_calling	0	1	0	0	0	0	0	0	0	0	0	0
bcftools_stats_vqc_Count_Indels:124	bcftools_stats	1	snv_indel_calling	0	1	0	0	0	0	0	0	0	0	0	0
bcftools_stats_vqc_Count_Indels:125	bcftools_stats	1	snv_indel_calling	0	1	0	0	0	0	0	0	0	0	0	0
bcftools_stats_vqc_Count_Indels:126	bcftools_stats	1	snv_indel_calling	0	1	0	0	0	0	0	0	0	0	0	0
bcftools_stats_vqc_Count_Indels:127	bcftools_stats	1	snv_indel_calling	0	1	0	0	0	0	0	0	0	0	0	0
bcftools_stats_vqc_Count_Indels:128	bcftools_stats	1	snv_indel_calling	0	1	0	0	0	0	0	0	0	0	0	0
bcftools_stats_vqc_Count_Indels:129	bcftools_stats	1	snv_indel_calling	0	1	0	0	0	0	0	0	0	0	0	0
bcftools_stats_vqc_Count_Indels:13	bcftools_stats	1	snv_indel_calling	0	1	0	0	0	0	0	0	0	0	0	0
bcftools_stats_vqc_Count_Indels:130	bcftools_stats	1	snv_indel_calling	0	1	0	0	0	0	0	0	0	0	0	0
bcftools_stats_vqc_Count_Indels:131	bcftools_stats	1	snv_indel_calling	0	1	0	0	0	0	0	0	0	0	0	0
bcftools_stats_vqc_Count_Indels:132	bcftools_stats	1	snv_indel_calling	0	1	0	0	0	0	0	0	0	0	0	0
bcftools_stats_vqc_Count_Indels:133	bcftools_stats	1	snv_indel_calling	0	1	0	0	0	0	0	0	0	0	0	0
bcftools_stats_vqc_Count_Indels:134	bcftools_stats	1	snv_indel_calling	0	1	0	0	0	0	0	0	0	0	0	0
bcftools_stats_vqc_Count_Indels:135	bcftools_stats	1	snv_indel_calling	0	1	0	0	0	0	0	0	0	0	0	0
bcftools_stats_vqc_Count_Indels:136	bcftools_stats	1	snv_indel_calling	0	1	0	0	0	0	0	0	0	0	0	0
bcftools_stats_vqc_Count_Indels:137	bcftools_stats	1	snv_indel_calling	0	1	0	0	0	0	0	0	0	0	0	0
bcftools_stats_vqc_Count_Indels:138	bcftools_stats	1	snv_indel_calling	0	1	0	0	0	0	0	0	0	0	0	0
bcftools_stats_vqc_Count_Indels:139	bcftools_stats	1	snv_indel_calling	0	1	0	0	0	0	0	0	0	0	0	0
bcftools_stats_vqc_Count_Indels:14	bcftools_stats	1	snv_indel_calling	0	1	0	0	0	0	0	0	0	0	0	0
bcftools_stats_vqc_Count_Indels:140	bcftools_stats	1	snv_indel_calling	0	1	0	0	0	0	0	0	0	0	0	0
bcftools_stats_vqc_Count_Indels:141	bcftools_stats	1	snv_indel_calling	0	1	0	0	0	0	0	0	0	0	0	0
bcftools_stats_vqc_Count_Indels:142	bcftools_stats	1	snv_indel_calling	0	1	0	0	0	0	0	0	0	0	0	0
bcftools_stats_vqc_Count_Indels:143	bcftools_stats	1	snv_indel_calling	0	1	0	0	0	0	0	0	0	0	0	0
bcftools_stats_vqc_Count_Indels:144	bcftools_stats	1	snv_indel_calling	0	1	0	0	0	0	0	0	0	0	0	0
bcftools_stats_vqc_Count_Indels:145	bcftools_stats	1	snv_indel_calling	0	1	0	0	0	0	0	0	0	0	0	0
bcftools_stats_vqc_Count_Indels:146	bcftools_stats	1	snv_indel_calling	0	1	0	0	0	0	0	0	0	0	0	0
bcftools_stats_vqc_Count_Indels:147	bcftools_stats	1	snv_indel_calling	0	1	0	0	0	0	0	0	0	0	0	0
bcftools_stats_vqc_Count_Indels:148	bcftools_stats	1	snv_indel_calling	0	1	0	0	0	0	0	0	0	0	0	0
bcftools_stats_vqc_Count_Indels:149	bcftools_stats	1	snv_indel_calling	0	1	0	0	0	0	0	0	0	0	0	0
bcftools_stats_vqc_Count_Indels:15	bcftools_stats	1	snv_indel_calling	0	1	0	0	0	0	0	0	0	0	0	0
bcftools_stats_vqc_Count_Indels:150	bcftools_stats	1	snv_indel_calling	0	1	0	0	0	0	0	0	0	0	0	0
bcftools_stats_vqc_Count_Indels:151	bcftools_stats	1	snv_indel_calling	0	1	0	0	0	0	0	0	0	0	0	0
bcftools_stats_vqc_Count_Indels:152	bcftools_stats	1	snv_indel_calling	0	1	0	0	0	0	0	0	0	0	0	0
bcftools_stats_vqc_Count_Indels:153	bcftools_stats	1	snv_indel_calling	0	1	0	0	0	0	0	0	0	0	0	0
bcftools_stats_vqc_Count_Indels:154	bcftools_stats	1	snv_indel_calling	0	1	0	0	0	0	0	0	0	0	0	0
bcftools_stats_vqc_Count_Indels:155	bcftools_stats	1	snv_indel_calling	0	1	0	0	0	0	0	0	0	0	0	0
bcftools_stats_vqc_Count_Indels:156	bcftools_stats	1	snv_indel_calling	0	1	0	0	0	0	0	0	0	0	0	0
bcftools_stats_vqc_Count_Indels:157	bcftools_stats	1	snv_indel_calling	0	1	0	0	0	0	0	0	0	0	0	0
bcftools_stats_vqc_Count_Indels:158	bcftools_stats	1	snv_indel_calling	0	1	0	0	0	0	0	0	0	0	0	0
bcftools_stats_vqc_Count_Indels:159	bcftools_stats	1	snv_indel_calling	0	1	0	0	0	0	0	0	0	0	0	0
bcftools_stats_vqc_Count_Indels:16	bcftools_stats	1	snv_indel_calling	0	1	0	0	0	0	0	0	0	0	0	0
bcftools_stats_vqc_Count_Indels:160	bcftools_stats	1	snv_indel_calling	0	1	0	0	0	0	0	0	0	0	0	0
bcftools_stats_vqc_Count_Indels:161	bcftools_stats	1	snv_indel_calling	0	1	0	0	0	0	0	0	0	0	0	0
bcftools_stats_vqc_Count_Indels:162	bcftools_stats	1	snv_indel_calling	0	1	0	0	0	0	0	0	0	0	0	0
bcftools_stats_vqc_Count_Indels:163	bcftools_stats	1	snv_indel_calling	0	1	0	0	0	0	0	0	0	0	0	0
bcftools_stats_vqc_Count_Indels:164	bcftools_stats	1	snv_indel_calling	0	1	0	0	0	0	0	0	0	0	0	0
bcftools_stats_vqc_Count_Indels:165	bcftools_stats	1	snv_indel_calling	0	1	0	0	0	0	0	0	0	0	0	0
bcftools_stats_vqc_Count_Indels:166	bcftools_stats	1	snv_indel_calling	0	1	0	0	0	0	0	0	0	0	0	0
bcftools_stats_vqc_Count_Indels:167	bcftools_stats	1	snv_indel_calling	0	1	0	0	0	0	0	0	0	0	0	0
bcftools_stats_vqc_Count_Indels:168	bcftools_stats	1	snv_indel_calling	0	1	0	0	0	0	0	0	0	0	0	0
bcftools_stats_vqc_Count_Indels:169	bcftools_stats	1	snv_indel_calling	0	1	0	0	0	0	0	0	0	0	0	0
bcftools_stats_vqc_Count_Indels:17	bcftools_stats	1	snv_indel_calling	0	1	0	0	0	0	0	0	0	0	0	0
bcftools_stats_vqc_Count_Indels:170	bcftools_stats	1	snv_indel_calling	0	1	0	0	0	0	0	0	0	0	0	0
bcftools_stats_vqc_Count_Indels:171	bcftools_stats	1	snv_indel_calling	0	1	0	0	0	0	0	0	0	0	0	0
bcftools_stats_vqc_Count_Indels:172	bcftools_stats	1	snv_indel_calling	0	1	0	0	0	0	0	0	0	0	0	0
bcftools_stats_vqc_Count_Indels:173	bcftools_stats	1	snv_indel_calling	0	1	0	0	0	0	0	0	0	0	0	0
bcftools_stats_vqc_Count_Indels:174	bcftools_stats	1	snv_indel_calling	0	1	0	0	0	0	0	0	0	0	0	0
bcftools_stats_vqc_Count_Indels:175	bcftools_stats	1	snv_indel_calling	0	1	0	0	0	0	0	0	0	0	0	0
bcftools_stats_vqc_Count_Indels:176	bcftools_stats	1	snv_indel_calling	0	1	0	0	0	0	0	0	0	0	0	0
bcftools_stats_vqc_Count_Indels:177	bcftools_stats	1	snv_indel_calling	0	1	0	0	0	0	0	0	0	0	0	0
bcftools_stats_vqc_Count_Indels:178	bcftools_stats	1	snv_indel_calling	0	1	0	0	0	0	0	0	0	0	0	0
bcftools_stats_vqc_Count_Indels:179	bcftools_stats	1	snv_indel_calling	0	1	0	0	0	0	0	0	0	0	0	0
bcftools_stats_vqc_Count_Indels:18	bcftools_stats	1	snv_indel_calling	0	1	0	0	0	0	0	0	0	0	0	0
bcftools_stats_vqc_Count_Indels:180	bcftools_stats	1	snv_indel_calling	0	1	0	0	0	0	0	0	0	0	0	0
bcftools_stats_vqc_Count_Indels:181	bcftools_stats	1	snv_indel_calling	0	1	0	0	0	0	0	0	0	0	0	0
bcftools_stats_vqc_Count_Indels:182	bcftools_stats	1	snv_indel_calling	0	1	0	0	0	0	0	0	0	0	0	0
bcftools_stats_vqc_Count_Indels:183	bcftools_stats	1	snv_indel_calling	0	1	0	0	0	0	0	0	0	0	0	0
bcftools_stats_vqc_Count_Indels:184	bcftools_stats	1	snv_indel_calling	0	1	0	0	0	0	0	0	0	0	0	0
bcftools_stats_vqc_Count_Indels:185	bcftools_stats	1	snv_indel_calling	0	1	0	0	0	0	0	0	0	0	0	0
bcftools_stats_vqc_Count_Indels:186	bcftools_stats	1	snv_indel_calling	0	1	0	0	0	0	0	0	0	0	0	0
bcftools_stats_vqc_Count_Indels:187	bcftools_stats	1	snv_indel_calling	0	1	0	0	0	0	0	0	0	0	0	0
bcftools_stats_vqc_Count_Indels:188	bcftools_stats	1	snv_indel_calling	0	1	0	0	0	0	0	0	0	0	0	0
bcftools_stats_vqc_Count_Indels:189	bcftools_stats	1	snv_indel_calling	0	1	0	0	0	0	0	0	0	0	0	0
bcftools_stats_vqc_Count_Indels:19	bcftools_stats	1	snv_indel_calling	0	1	0	0	0	0	0	0	0	0	0	0
bcftools_stats_vqc_Count_Indels:190	bcftools_stats	1	snv_indel_calling	0	1	0	0	0	0	0	0	0	0	0	0
bcftools_stats_vqc_Count_Indels:191	bcftools_stats	1	snv_indel_calling	0	1	0	0	0	0	0	0	0	0	0	0
bcftools_stats_vqc_Count_Indels:192	bcftools_stats	1	snv_indel_calling	0	1	0	0	0	0	0	0	0	0	0	0
bcftools_stats_vqc_Count_Indels:193	bcftools_stats	1	snv_indel_calling	0	1	0	0	0	0	0	0	0	0	0	0
bcftools_stats_vqc_Count_Indels:194	bcftools_stats	1	snv_indel_calling	0	1	0	0	0	0	0	0	0	0	0	0
bcftools_stats_vqc_Count_Indels:195	bcftools_stats	1	snv_indel_calling	0	1	0	0	0	0	0	0	0	0	0	0
bcftools_stats_vqc_Count_Indels:196	bcftools_stats	1	snv_indel_calling	0	1	0	0	0	0	0	0	0	0	0	0
bcftools_stats_vqc_Count_Indels:197	bcftools_stats	1	snv_indel_calling	0	1	0	0	0	0	0	0	0	0	0	0
bcftools_stats_vqc_Count_Indels:198	bcftools_stats	1	snv_indel_calling	0	1	0	0	0	0	0	0	0	0	0	0
bcftools_stats_vqc_Count_Indels:199	bcftools_stats	1	snv_indel_calling	0	1	0	0	0	0	0	0	0	0	0	0
bcftools_stats_vqc_Count_Indels:2	bcftools_stats	1	snv_indel_calling	0	1	0	0	0	0	0	0	0	0	0	0
bcftools_stats_vqc_Count_Indels:20	bcftools_stats	1	snv_indel_calling	0	1	0	0	0	0	0	0	0	0	0	0
bcftools_stats_vqc_Count_Indels:200	bcftools_stats	1	snv_indel_calling	0	1	0	0	0	0	0	0	0	0	0	0
bcftools_stats_vqc_Count_Indels:201	bcftools_stats	1	snv_indel_calling	0	1	0	0	0	0	0	0	0	0	0	0
bcftools_stats_vqc_Count_Indels:202	bcftools_stats	1	snv_indel_calling	0	1	0	0	0	0	0	0	0	0	0	0
bcftools_stats_vqc_Count_Indels:203	bcftools_stats	1	snv_indel_calling	0	1	0	0	0	0	0	0	0	0	0	0
bcftools_stats_vqc_Count_Indels:204	bcftools_stats	1	snv_indel_calling	0	1	0	0	0	0	0	0	0	0	0	0
bcftools_stats_vqc_Count_Indels:205	bcftools_stats	1	snv_indel_calling	0	1	0	0	0	0	0	0	0	0	0	0
bcftools_stats_vqc_Count_Indels:206	bcftools_stats	1	snv_indel_calling	0	1	0	0	0	0	0	0	0	0	0	0
bcftools_stats_vqc_Count_Indels:207	bcftools_stats	1	snv_indel_calling	0	1	0	0	0	0	0	0	0	0	0	0
bcftools_stats_vqc_Count_Indels:208	bcftools_stats	1	snv_indel_calling	0	1	0	0	0	0	0	0	0	0	0	0
bcftools_stats_vqc_Count_Indels:209	bcftools_stats	1	snv_indel_calling	0	1	0	0	0	0	0	0	0	0	0	0
bcftools_stats_vqc_Count_Indels:21	bcftools_stats	1	snv_indel_calling	0	1	0	0	0	0	0	0	0	0	0	0
bcftools_stats_vqc_Count_Indels:210	bcftools_stats	1	snv_indel_calling	0	1	0	0	0	0	0	0	0	0	0	0
bcftools_stats_vqc_Count_Indels:211	bcftools_stats	1	snv_indel_calling	0	1	0	0	0	0	0	0	0	0	0	0
bcftools_stats_vqc_Count_Indels:212	bcftools_stats	1	snv_indel_calling	0	1	0	0	0	0	0	0	0	0	0	0
bcftools_stats_vqc_Count_Indels:213	bcftools_stats	1	snv_indel_calling	0	1	0	0	0	0	0	0	0	0	0	0
bcftools_stats_vqc_Count_Indels:214	bcftools_stats	1	snv_indel_calling	0	1	0	0	0	0	0	0	0	0	0	0
bcftools_stats_vqc_Count_Indels:215	bcftools_stats	1	snv_indel_calling	0	1	0	0	0	0	0	0	0	0	0	0
bcftools_stats_vqc_Count_Indels:216	bcftools_stats	1	snv_indel_calling	0	1	0	0	0	0	0	0	0	0	0	0
bcftools_stats_vqc_Count_Indels:217	bcftools_stats	1	snv_indel_calling	0	1	0	0	0	0	0	0	0	0	0	0
bcftools_stats_vqc_Count_Indels:218	bcftools_stats	1	snv_indel_calling	0	1	0	0	0	0	0	0	0	0	0	0
bcftools_stats_vqc_Count_Indels:219	bcftools_stats	1	snv_indel_calling	0	1	0	0	0	0	0	0	0	0	0	0
bcftools_stats_vqc_Count_Indels:22	bcftools_stats	1	snv_indel_calling	0	1	0	0	0	0	0	0	0	0	0	0
bcftools_stats_vqc_Count_Indels:220	bcftools_stats	1	snv_indel_calling	0	1	0	0	0	0	0	0	0	0	0	0
bcftools_stats_vqc_Count_Indels:221	bcftools_stats	1	snv_indel_calling	0	1	0	0	0	0	0	0	0	0	0	0
bcftools_stats_vqc_Count_Indels:222	bcftools_stats	1	snv_indel_calling	0	1	0	0	0	0	0	0	0	0	0	0
bcftools_stats_vqc_Count_Indels:223	bcftools_stats	1	snv_indel_calling	0	1	0	0	0	0	0	0	0	0	0	0
bcftools_stats_vqc_Count_Indels:224	bcftools_stats	1	snv_indel_calling	0	1	0	0	0	0	0	0	0	0	0	0
bcftools_stats_vqc_Count_Indels:225	bcftools_stats	1	snv_indel_calling	0	1	0	0	0	0	0	0	0	0	0	0
bcftools_stats_vqc_Count_Indels:226	bcftools_stats	1	snv_indel_calling	0	1	0	0	0	0	0	0	0	0	0	0
bcftools_stats_vqc_Count_Indels:227	bcftools_stats	1	snv_indel_calling	0	1	0	0	0	0	0	0	0	0	0	0
bcftools_stats_vqc_Count_Indels:228	bcftools_stats	1	snv_indel_calling	0	1	0	0	0	0	0	0	0	0	0	0
bcftools_stats_vqc_Count_Indels:229	bcftools_stats	1	snv_indel_calling	0	1	0	0	0	0	0	0	0	0	0	0
bcftools_stats_vqc_Count_Indels:23	bcftools_stats	1	snv_indel_calling	0	1	0	0	0	0	0	0	0	0	0	0
bcftools_stats_vqc_Count_Indels:230	bcftools_stats	1	snv_indel_calling	0	1	0	0	0	0	0	0	0	0	0	0
bcftools_stats_vqc_Count_Indels:231	bcftools_stats	1	snv_indel_calling	0	1	0	0	0	0	0	0	0	0	0	0
bcftools_stats_vqc_Count_Indels:232	bcftools_stats	1	snv_indel_calling	0	1	0	0	0	0	0	0	0	0	0	0
bcftools_stats_vqc_Count_Indels:233	bcftools_stats	1	snv_indel_calling	0	1	0	0	0	0	0	0	0	0	0	0
bcftools_stats_vqc_Count_Indels:234	bcftools_stats	1	snv_indel_calling	0	1	0	0	0	0	0	0	0	0	0	0
bcftools_stats_vqc_Count_Indels:235	bcftools_stats	1	snv_indel_calling	0	1	0	0	0	0	0	0	0	0	0	0
bcftools_stats_vqc_Count_Indels:236	bcftools_stats	1	snv_indel_calling	0	1	0	0	0	0	0	0	0	0	0	0
bcftools_stats_vqc_Count_Indels:237	bcftools_stats	1	snv_indel_calling	0	1	0	0	0	0	0	0	0	0	0	0
bcftools_stats_vqc_Count_Indels:238	bcftools_stats	1	snv_indel_calling	0	1	0	0	0	0	0	0	0	0	0	0
bcftools_stats_vqc_Count_Indels:239	bcftools_stats	1	snv_indel_calling	0	1	0	0	0	0	0	0	0	0	0	0
bcftools_stats_vqc_Count_Indels:24	bcftools_stats	1	snv_indel_calling	0	1	0	0	0	0	0	0	0	0	0	0
bcftools_stats_vqc_Count_Indels:240	bcftools_stats	1	snv_indel_calling	0	1	0	0	0	0	0	0	0	0	0	0
bcftools_stats_vqc_Count_Indels:241	bcftools_stats	1	snv_indel_calling	0	1	0	0	0	0	0	0	0	0	0	0
bcftools_stats_vqc_Count_Indels:242	bcftools_stats	1	snv_indel_calling	0	1	0	0	0	0	0	0	0	0	0	0
bcftools_stats_vqc_Count_Indels:243	bcftools_stats	1	snv_indel_calling	0	1	0	0	0	0	0	0	0	0	0	0
bcftools_stats_vqc_Count_Indels:244	bcftools_stats	1	snv_indel_calling	0	1	0	0	0	0	0	0	0	0	0	0
bcftools_stats_vqc_Count_Indels:245	bcftools_stats	1	snv_indel_calling	0	1	0	0	0	0	0	0	0	0	0	0
bcftools_stats_vqc_Count_Indels:246	bcftools_stats	1	snv_indel_calling	0	1	0	0	0	0	0	0	0	0	0	0
bcftools_stats_vqc_Count_Indels:247	bcftools_stats	1	snv_indel_calling	0	1	0	0	0	0	0	0	0	0	0	0
bcftools_stats_vqc_Count_Indels:248	bcftools_stats	1	snv_indel_calling	0	1	0	0	0	0	0	0	0	0	0	0
bcftools_stats_vqc_Count_Indels:249	bcftools_stats	1	snv_indel_calling	0	1	0	0	0	0	0	0	0	0	0	0
bcftools_stats_vqc_Count_Indels:25	bcftools_stats	1	snv_indel_calling	0	1	0	0	0	0	0	0	0	0	0	0
bcftools_stats_vqc_Count_Indels:250	bcftools_stats	1	snv_indel_calling	0	1	0	0	0	0	0	0	0	0	0	0
bcftools_stats_vqc_Count_Indels:251	bcftools_stats	1	snv_indel_calling	0	1	0	0	0	0	0	0	0	0	0	0
bcftools_stats_vqc_Count_Indels:252	bcftools_stats	1	snv_indel_calling	0	1	0	0	0	0	0	0	0	0	0	0
bcftools_stats_vqc_Count_Indels:253	bcftools_stats	1	snv_indel_calling	0	1	0	0	0	0	0	0	0	0	0	0
bcftools_stats_vqc_Count_Indels:254	bcftools_stats	1	snv_indel_calling	0	1	0	0	0	0	0	0	0	0	0	0
bcftools_stats_vqc_Count_Indels:255	bcftools_stats	1	snv_indel_calling	0	1	0	0	0	0	0	0	0	0	0	0
bcftools_stats_vqc_Count_Indels:256	bcftools_stats	1	snv_indel_calling	0	1	0	0	0	0	0	0	0	0	0	0
bcftools_stats_vqc_Count_Indels:257	bcftools_stats	1	snv_indel_calling	0	1	0	0	0	0	0	0	0	0	0	0
bcftools_stats_vqc_Count_Indels:258	bcftools_stats	1	snv_indel_calling	0	1	0	0	0	0	0	0	0	0	0	0
bcftools_stats_vqc_Count_Indels:259	bcftools_stats	1	snv_indel_calling	0	1	0	0	0	0	0	0	0	0	0	0
bcftools_stats_vqc_Count_Indels:26	bcftools_stats	1	snv_indel_calling	0	1	0	0	0	0	0	0	0	0	0	0
bcftools_stats_vqc_Count_Indels:260	bcftools_stats	1	snv_indel_calling	0	1	0	0	0	0	0	0	0	0	0	0
bcftools_stats_vqc_Count_Indels:261	bcftools_stats	1	snv_indel_calling	0	1	0	0	0	0	0	0	0	0	0	0
bcftools_stats_vqc_Count_Indels:262	bcftools_stats	1	snv_indel_calling	0	1	0	0	0	0	0	0	0	0	0	0
bcftools_stats_vqc_Count_Indels:263	bcftools_stats	1	snv_indel_calling	0	1	0	0	0	0	0	0	0	0	0	0
bcftools_stats_vqc_Count_Indels:264	bcftools_stats	1	snv_indel_calling	0	1	0	0	0	0	0	0	0	0	0	0
bcftools_stats_vqc_Count_Indels:265	bcftools_stats	1	snv_indel_calling	0	1	0	0	0	0	0	0	0	0	0	0
bcftools_stats_vqc_Count_Indels:266	bcftools_stats	1	snv_indel_calling	0	1	0	0	0	0	0	0	0	0	0	0
bcftools_stats_vqc_Count_Indels:267	bcftools_stats	1	snv_indel_calling	0	1	0	0	0	0	0	0	0	0	0	0
bcftools_stats_vqc_Count_Indels:268	bcftools_stats	1	snv_indel_calling	0	1	0	0	0	0	0	0	0	0	0	0
bcftools_stats_vqc_Count_Indels:269	bcftools_stats	1	snv_indel_calling	0	1	0	0	0	0	0	0	0	0	0	0
bcftools_stats_vqc_Count_Indels:27	bcftools_stats	1	snv_indel_calling	0	1	0	0	0	0	0	0	0	0	0	0
bcftools_stats_vqc_Count_Indels:270	bcftools_stats	1	snv_indel_calling	0	1	0	0	0	0	0	0	0	0	0	0
bcftools_stats_vqc_Count_Indels:271	bcftools_stats	1	snv_indel_calling	0	1	0	0	0	0	0	0	0	0	0	0
bcftools_stats_vqc_Count_Indels:272	bcftools_stats	1	snv_indel_calling	0	1	0	0	0	0	0	0	0	0	0	0
bcftools_stats_vqc_Count_Indels:273	bcftools_stats	1	snv_indel_calling	0	1	0	0	0	0	0	0	0	0	0	0
bcftools_stats_vqc_Count_Indels:274	bcftools_stats	1	snv_indel_calling	0	1	0	0	0	0	0	0	0	0	0	0
bcftools_stats_vqc_Count_Indels:275	bcftools_stats	1	snv_indel_calling	0	1	0	0	0	0	0	0	0	0	0	0
bcftools_stats_vqc_Count_Indels:276	bcftools_stats	1	snv_indel_calling	0	1	0	0	0	0	0	0	0	0	0	0
bcftools_stats_vqc_Count_Indels:277	bcftools_stats	1	snv_indel_calling	0	1	0	0	0	0	0	0	0	0	0	0
bcftools_stats_vqc_Count_Indels:278	bcftools_stats	1	snv_indel_calling	0	1	0	0	0	0	0	0	0	0	0	0
bcftools_stats_vqc_Count_Indels:279	bcftools_stats	1	snv_indel_calling	0	1	0	0	0	0	0	0	0	0	0	0
bcftools_stats_vqc_Count_Indels:28	bcftools_stats	1	snv_indel_calling	0	1	0	0	0	0	0	0	0	0	0	0
bcftools_stats_vqc_Count_Indels:280	bcftools_stats	1	snv_indel_calling	0	1	0	0	0	0	0	0	0	0	0	0
bcftools_stats_vqc_Count_Indels:281	bcftools_stats	1	snv_indel_calling	0	1	0	0	0	0	0	0	0	0	0	0
bcftools_stats_vqc_Count_Indels:282	bcftools_stats	1	snv_indel_calling	0	1	0	0	0	0	0	0	0	0	0	0
bcftools_stats_vqc_Count_Indels:283	bcftools_stats	1	snv_indel_calling	0	1	0	0	0	0	0	0	0	0	0	0
bcftools_stats_vqc_Count_Indels:284	bcftools_stats	1	snv_indel_calling	0	1	0	0	0	0	0	0	0	0	0	0
bcftools_stats_vqc_Count_Indels:285	bcftools_stats	1	snv_indel_calling	0	1	0	0	0	0	0	0	0	0	0	0
bcftools_stats_vqc_Count_Indels:286	bcftools_stats	1	snv_indel_calling	0	1	0	0	0	0	0	0	0	0	0	0
bcftools_stats_vqc_Count_Indels:287	bcftools_stats	1	snv_indel_calling	0	1	0	0	0	0	0	0	0	0	0	0
bcftools_stats_vqc_Count_Indels:288	bcftools_stats	1	snv_indel_calling	0	1	0	0	0	0	0	0	0	0	0	0
bcftools_stats_vqc_Count_Indels:289	bcftools_stats	1	snv_indel_calling	0	1	0	0	0	0	0	0	0	0	0	0
bcftools_stats_vqc_Count_Indels:29	bcftools_stats	1	snv_indel_calling	0	1	0	0	0	0	0	0	0	0	0	0
bcftools_stats_vqc_Count_Indels:290	bcftools_stats	1	snv_indel_calling	0	1	0	0	0	0	0	0	0	0	0	0
bcftools_stats_vqc_Count_Indels:291	bcftools_stats	1	snv_indel_calling	0	1	0	0	0	0	0	0	0	0	0	0
bcftools_stats_vqc_Count_Indels:292	bcftools_stats	1	snv_indel_calling	0	1	0	0	0	0	0	0	0	0	0	0
bcftools_stats_vqc_Count_Indels:293	bcftools_stats	1	snv_indel_calling	0	1	0	0	0	0	0	0	0	0	0	0
bcftools_stats_vqc_Count_Indels:294	bcftools_stats	1	snv_indel_calling	0	1	0	0	0	0	0	0	0	0	0	0
bcftools_stats_vqc_Count_Indels:295	bcftools_stats	1	snv_indel_calling	0	1	0	0	0	0	0	0	0	0	0	0
bcftools_stats_vqc_Count_Indels:296	bcftools_stats	1	snv_indel_calling	0	1	0	0	0	0	0	0	0	0	0	0
bcftools_stats_vqc_Count_Indels:297	bcftools_stats	1	snv_indel_calling	0	1	0	0	0	0	0	0	0	0	0	0
bcftools_stats_vqc_Count_Indels:298	bcftools_stats	1	snv_indel_calling	0	1	0	0	0	0	0	0	0	0	0	0
bcftools_stats_vqc_Count_Indels:299	bcftools_stats	1	snv_indel_calling	0	1	0	0	0	0	0	0	0	0	0	0
bcftools_stats_vqc_Count_Indels:3	bcftools_stats	1	snv_indel_calling	0	1	0	0	0	0	0	0	0	0	0	0
bcftools_stats_vqc_Count_Indels:30	bcftools_stats	1	snv_indel_calling	0	1	0	0	0	0	0	0	0	0	0	0
bcftools_stats_vqc_Count_Indels:300	bcftools_stats	1	snv_indel_calling	0	1	0	0	0	0	0	0	0	0	0	0
bcftools_stats_vqc_Count_Indels:301	bcftools_stats	1	snv_indel_calling	0	1	0	0	0	0	0	0	0	0	0	0
bcftools_stats_vqc_Count_Indels:302	bcftools_stats	1	snv_indel_calling	0	1	0	0	0	0	0	0	0	0	0	0
bcftools_stats_vqc_Count_Indels:303	bcftools_stats	1	snv_indel_calling	0	1	0	0	0	0	0	0	0	0	0	0
bcftools_stats_vqc_Count_Indels:304	bcftools_stats	1	snv_indel_calling	0	1	0	0	0	0	0	0	0	0	0	0
bcftools_stats_vqc_Count_Indels:305	bcftools_stats	1	snv_indel_calling	0	1	0	0	0	0	0	0	0	0	0	0
bcftools_stats_vqc_Count_Indels:306	bcftools_stats	1	snv_indel_calling	0	1	0	0	0	0	0	0	0	0	0	0
bcftools_stats_vqc_Count_Indels:307	bcftools_stats	1	snv_indel_calling	0	1	0	0	0	0	0	0	0	0	0	0
bcftools_stats_vqc_Count_Indels:308	bcftools_stats	1	snv_indel_calling	0	1	0	0	0	0	0	0	0	0	0	0
bcftools_stats_vqc_Count_Indels:309	bcftools_stats	1	snv_indel_calling	0	1	0	0	0	0	0	0	0	0	0	0
bcftools_stats_vqc_Count_Indels:31	bcftools_stats	1	snv_indel_calling	0	1	0	0	0	0	0	0	0	0	0	0
bcftools_stats_vqc_Count_Indels:310	bcftools_stats	1	snv_indel_calling	0	1	0	0	0	0	0	0	0	0	0	0
bcftools_stats_vqc_Count_Indels:311	bcftools_stats	1	snv_indel_calling	0	1	0	0	0	0	0	0	0	0	0	0
bcftools_stats_vqc_Count_Indels:312	bcftools_stats	1	snv_indel_calling	0	1	0	0	0	0	0	0	0	0	0	0
bcftools_stats_vqc_Count_Indels:313	bcftools_stats	1	snv_indel_calling	0	1	0	0	0	0	0	0	0	0	0	0
bcftools_stats_vqc_Count_Indels:314	bcftools_stats	1	snv_indel_calling	0	1	0	0	0	0	0	0	0	0	0	0
bcftools_stats_vqc_Count_Indels:315	bcftools_stats	1	snv_indel_calling	0	1	0	0	0	0	0	0	0	0	0	0
bcftools_stats_vqc_Count_Indels:316	bcftools_stats	1	snv_indel_calling	0	1	0	0	0	0	0	0	0	0	0	0
bcftools_stats_vqc_Count_Indels:317	bcftools_stats	1	snv_indel_calling	0	1	0	0	0	0	0	0	0	0	0	0
bcftools_stats_vqc_Count_Indels:318	bcftools_stats	1	snv_indel_calling	0	1	0	0	0	0	0	0	0	0	0	0
bcftools_stats_vqc_Count_Indels:319	bcftools_stats	1	snv_indel_calling	0	1	0	0	0	0	0	0	0	0	0	0
bcftools_stats_vqc_Count_Indels:32	bcftools_stats	1	snv_indel_calling	0	1	0	0	0	0	0	0	0	0	0	0
bcftools_stats_vqc_Count_Indels:320	bcftools_stats	1	snv_indel_calling	0	1	0	0	0	0	0	0	0	0	0	0
bcftools_stats_vqc_Count_Indels:321	bcftools_stats	1	snv_indel_calling	0	1	0	0	0	0	0	0	0	0	0	0
bcftools_stats_vqc_Count_Indels:322	bcftools_stats	1	snv_indel_calling	0	1	0	0	0	0	0	0	0	0	0	0
bcftools_stats_vqc_Count_Indels:323	bcftools_stats	1	snv_indel_calling	0	1	0	0	0	0	0	0	0	0	0	0
bcftools_stats_vqc_Count_Indels:324	bcftools_stats	1	snv_indel_calling	0	1	0	0	0	0	0	0	0	0	0	0
bcftools_stats_vqc_Count_Indels:325	bcftools_stats	1	snv_indel_calling	0	1	0	0	0	0	0	0	0	0	0	0
bcftools_stats_vqc_Count_Indels:326	bcftools_stats	1	snv_indel_calling	0	1	0	0	0	0	0	0	0	0	0	0
bcftools_stats_vqc_Count_Indels:327	bcftools_stats	1	snv_indel_calling	0	1	0	0	0	0	0	0	0	0	0	0
bcftools_stats_vqc_Count_Indels:328	bcftools_stats	1	snv_indel_calling	0	1	0	0	0	0	0	0	0	0	0	0
bcftools_stats_vqc_Count_Indels:329	bcftools_stats	1	snv_indel_calling	0	1	0	0	0	0	0	0	0	0	0	0
bcftools_stats_vqc_Count_Indels:33	bcftools_stats	1	snv_indel_calling	0	1	0	0	0	0	0	0	0	0	0	0
bcftools_stats_vqc_Count_Indels:330	bcftools_stats	1	snv_indel_calling	0	1	0	0	0	0	0	0	0	0	0	0
bcftools_stats_vqc_Count_Indels:331	bcftools_stats	1	snv_indel_calling	0	1	0	0	0	0	0	0	0	0	0	0
bcftools_stats_vqc_Count_Indels:332	bcftools_stats	1	snv_indel_calling	0	1	0	0	0	0	0	0	0	0	0	0
bcftools_stats_vqc_Count_Indels:333	bcftools_stats	1	snv_indel_calling	0	1	0	0	0	0	0	0	0	0	0	0
bcftools_stats_vqc_Count_Indels:334	bcftools_stats	1	snv_indel_calling	0	1	0	0	0	0	0	0	0	0	0	0
bcftools_stats_vqc_Count_Indels:335	bcftools_stats	1	snv_indel_calling	0	1	0	0	0	0	0	0	0	0	0	0
bcftools_stats_vqc_Count_Indels:336	bcftools_stats	1	snv_indel_calling	0	1	0	0	0	0	0	0	0	0	0	0
bcftools_stats_vqc_Count_Indels:337	bcftools_stats	1	snv_indel_calling	0	1	0	0	0	0	0	0	0	0	0	0
bcftools_stats_vqc_Count_Indels:338	bcftools_stats	1	snv_indel_calling	0	1	0	0	0	0	0	0	0	0	0	0
bcftools_stats_vqc_Count_Indels:339	bcftools_stats	1	snv_indel_calling	0	1	0	0	0	0	0	0	0	0	0	0
bcftools_stats_vqc_Count_Indels:34	bcftools_stats	1	snv_indel_calling	0	1	0	0	0	0	0	0	0	0	0	0
bcftools_stats_vqc_Count_Indels:340	bcftools_stats	1	snv_indel_calling	0	1	0	0	0	0	0	0	0	0	0	0
bcftools_stats_vqc_Count_Indels:341	bcftools_stats	1	snv_indel_calling	0	1	0	0	0	0	0	0	0	0	0	0
bcftools_stats_vqc_Count_Indels:342	bcftools_stats	1	snv_indel_calling	0	1	0	0	0	0	0	0	0	0	0	0
bcftools_stats_vqc_Count_Indels:343	bcftools_stats	1	snv_indel_calling	0	1	0	0	0	0	0	0	0	0	0	0
bcftools_stats_vqc_Count_Indels:344	bcftools_stats	1	snv_indel_calling	0	1	0	0	0	0	0	0	0	0	0	0
bcftools_stats_vqc_Count_Indels:345	bcftools_stats	1	snv_indel_calling	0	1	0	0	0	0	0	0	0	0	0	0
bcftools_stats_vqc_Count_Indels:346	bcftools_stats	1	snv_indel_calling	0	1	0	0	0	0	0	0	0	0	0	0
bcftools_stats_vqc_Count_Indels:347	bcftools_stats	1	snv_indel_calling	0	1	0	0	0	0	0	0	0	0	0	0
bcftools_stats_vqc_Count_Indels:348	bcftools_stats	1	snv_indel_calling	0	1	0	0	0	0	0	0	0	0	0	0
bcftools_stats_vqc_Count_Indels:349	bcftools_stats	1	snv_indel_calling	0	1	0	0	0	0	0	0	0	0	0	0
bcftools_stats_vqc_Count_Indels:35	bcftools_stats	1	snv_indel_calling	0	1	0	0	0	0	0	0	0	0	0	0
bcftools_stats_vqc_Count_Indels:350	bcftools_stats	1	snv_indel_calling	0	1	0	0	0	0	0	0	0	0	0	0
bcftools_stats_vqc_Count_Indels:351	bcftools_stats	1	snv_indel_calling	0	1	0	0	0	0	0	0	0	0	0	0
bcftools_stats_vqc_Count_Indels:352	bcftools_stats	1	snv_indel_calling	0	1	0	0	0	0	0	0	0	0	0	0
bcftools_stats_vqc_Count_Indels:353	bcftools_stats	1	snv_indel_calling	0	1	0	0	0	0	0	0	0	0	0	0
bcftools_stats_vqc_Count_Indels:354	bcftools_stats	1	snv_indel_calling	0	1	0	0	0	0	0	0	0	0	0	0
bcftools_stats_vqc_Count_Indels:355	bcftools_stats	1	snv_indel_calling	0	1	0	0	0	0	0	0	0	0	0	0
bcftools_stats_vqc_Count_Indels:356	bcftools_stats	1	snv_indel_calling	0	1	0	0	0	0	0	0	0	0	0	0
bcftools_stats_vqc_Count_Indels:357	bcftools_stats	1	snv_indel_calling	0	1	0	0	0	0	0	0	0	0	0	0
bcftools_stats_vqc_Count_Indels:358	bcftools_stats	1	snv_indel_calling	0	1	0	0	0	0	0	0	0	0	0	0
bcftools_stats_vqc_Count_Indels:359	bcftools_stats	1	snv_indel_calling	0	1	0	0	0	0	0	0	0	0	0	0
bcftools_stats_vqc_Count_Indels:36	bcftools_stats	1	snv_indel_calling	0	1	0	0	0	0	0	0	0	0	0	0
bcftools_stats_vqc_Count_Indels:360	bcftools_stats	1	snv_indel_calling	0	1	0	0	0	0	0	0	0	0	0	0
bcftools_stats_vqc_Count_Indels:361	bcftools_stats	1	snv_indel_calling	0	1	0	0	0	0	0	0	0	0	0	0
bcftools_stats_vqc_Count_Indels:362	bcftools_stats	1	snv_indel_calling	0	1	0	0	0	0	0	0	0	0	0	0
bcftools_stats_vqc_Count_Indels:363	bcftools_stats	1	snv_indel_calling	0	1	0	0	0	0	0	0	0	0	0	0
bcftools_stats_vqc_Count_Indels:364	bcftools_stats	1	snv_indel_calling	0	1	0	0	0	0	0	0	0	0	0	0
bcftools_stats_vqc_Count_Indels:365	bcftools_stats	1	snv_indel_calling	0	1	0	0	0	0	0	0	0	0	0	0
bcftools_stats_vqc_Count_Indels:366	bcftools_stats	1	snv_indel_calling	0	1	0	0	0	0	0	0	0	0	0	0
bcftools_stats_vqc_Count_Indels:367	bcftools_stats	1	snv_indel_calling	0	1	0	0	0	0	0	0	0	0	0	0
bcftools_stats_vqc_Count_Indels:368	bcftools_stats	1	snv_indel_calling	0	1	0	0	0	0	0	0	0	0	0	0
bcftools_stats_vqc_Count_Indels:369	bcftools_stats	1	snv_indel_calling	0	1	0	0	0	0	0	0	0	0	0	0
bcftools_stats_vqc_Count_Indels:37	bcftools_stats	1	snv_indel_calling	0	1	0	0	0	0	0	0	0	0	0	0
bcftools_stats_vqc_Count_Indels:370	bcftools_stats	1	snv_indel_calling	0	1	0	0	0	0	0	0	0	0	0	0
bcftools_stats_vqc_Count_Indels:371	bcftools_stats	1	snv_indel_calling	0	1	0	0	0	0	0	0	0	0	0	0
bcftools_stats_vqc_Count_Indels:372	bcftools_stats	1	snv_indel_calling	0	1	0	0	0	0	0	0	0	0	0	0
bcftools_stats_vqc_Count_Indels:373	bcftools_stats	1	snv_indel_calling	0	1	0	0	0	0	0	0	0	0	0	0
bcftools_stats_vqc_Count_Indels:374	bcftools_stats	1	snv_indel_calling	0	1	0	0	0	0	0	0	0	0	0	0
bcftools_stats_vqc_Count_Indels:375	bcftools_stats	1	snv_indel_calling	0	1	0	0	0	0	0	0	0	0	0	0
bcftools_stats_vqc_Count_Indels:376	bcftools_stats	1	snv_indel_calling	0	1	0	0	0	0	0	0	0	0	0	0
bcftools_stats_vqc_Count_Indels:377	bcftools_stats	1	snv_indel_calling	0	1	0	0	0	0	0	0	0	0	0	0
bcftools_stats_vqc_Count_Indels:378	bcftools_stats	1	snv_indel_calling	0	1	0	0	0	0	0	0	0	0	0	0
bcftools_stats_vqc_Count_Indels:379	bcftools_stats	1	snv_indel_calling	0	1	0	0	0	0	0	0	0	0	0	0
bcftools_stats_vqc_Count_Indels:38	bcftools_stats	1	snv_indel_calling	0	1	0	0	0	0	0	0	0	0	0	0
bcftools_stats_vqc_Count_Indels:380	bcftools_stats	1	snv_indel_calling	0	1	0	0	0	0	0	0	0	0	0	0
bcftools_stats_vqc_Count_Indels:381	bcftools_stats	1	snv_indel_calling	0	1	0	0	0	0	0	0	0	0	0	0
bcftools_stats_vqc_Count_Indels:382	bcftools_stats	1	snv_indel_calling	0	1	0	0	0	0	0	0	0	0	0	0
bcftools_stats_vqc_Count_Indels:383	bcftools_stats	1	snv_indel_calling	0	1	0	0	0	0	0	0	0	0	0	0
bcftools_stats_vqc_Count_Indels:384	bcftools_stats	1	snv_indel_calling	0	1	0	0	0	0	0	0	0	0	0	0
bcftools_stats_vqc_Count_Indels:385	bcftools_stats	1	snv_indel_calling	0	1	0	0	0	0	0	0	0	0	0	0
bcftools_stats_vqc_Count_Indels:386	bcftools_stats	1	snv_indel_calling	0	1	0	0	0	0	0	0	0	0	0	0
bcftools_stats_vqc_Count_Indels:387	bcftools_stats	1	snv_indel_calling	0	1	0	0	0	0	0	0	0	0	0	0
bcftools_stats_vqc_Count_Indels:388	bcftools_stats	1	snv_indel_calling	0	1	0	0	0	0	0	0	0	0	0	0
bcftools_stats_vqc_Count_Indels:389	bcftools_stats	1	snv_indel_calling	0	1	0	0	0	0	0	0	0	0	0	0
bcftools_stats_vqc_Count_Indels:39	bcftools_stats	1	snv_indel_calling	0	1	0	0	0	0	0	0	0	0	0	0
bcftools_stats_vqc_Count_Indels:390	bcftools_stats	1	snv_indel_calling	0	1	0	0	0	0	0	0	0	0	0	0
bcftools_stats_vqc_Count_Indels:391	bcftools_stats	1	snv_indel_calling	0	1	0	0	0	0	0	0	0	0	0	0
bcftools_stats_vqc_Count_Indels:392	bcftools_stats	1	snv_indel_calling	0	1	0	0	0	0	0	0	0	0	0	0
bcftools_stats_vqc_Count_Indels:393	bcftools_stats	1	snv_indel_calling	0	1	0	0	0	0	0	0	0	0	0	0
bcftools_stats_vqc_Count_Indels:394	bcftools_stats	1	snv_indel_calling	0	1	0	0	0	0	0	0	0	0	0	0
bcftools_stats_vqc_Count_Indels:395	bcftools_stats	1	snv_indel_calling	0	1	0	0	0	0	0	0	0	0	0	0
bcftools_stats_vqc_Count_Indels:396	bcftools_stats	1	snv_indel_calling	0	1	0	0	0	0	0	0	0	0	0	0
bcftools_stats_vqc_Count_Indels:397	bcftools_stats	1	snv_indel_calling	0	1	0	0	0	0	0	0	0	0	0	0
bcftools_stats_vqc_Count_Indels:398	bcftools_stats	1	snv_indel_calling	0	1	0	0	0	0	0	0	0	0	0	0
bcftools_stats_vqc_Count_Indels:399	bcftools_stats	1	snv_indel_calling	0	1	0	0	0	0	0	0	0	0	0	0
bcftools_stats_vqc_Count_Indels:4	bcftools_stats	1	snv_indel_calling	0	1	0	0	0	0	0	0	0	0	0	0
bcftools_stats_vqc_Count_Indels:40	bcftools_stats	1	snv_indel_calling	0	1	0	0	0	0	0	0	0	0	0	0
bcftools_stats_vqc_Count_Indels:400	bcftools_stats	1	snv_indel_calling	0	1	0	0	0	0	0	0	0	0	0	0
bcftools_stats_vqc_Count_Indels:401	bcftools_stats	1	snv_indel_calling	0	1	0	0	0	0	0	0	0	0	0	0
bcftools_stats_vqc_Count_Indels:402	bcftools_stats	1	snv_indel_calling	0	1	0	0	0	0	0	0	0	0	0	0
bcftools_stats_vqc_Count_Indels:403	bcftools_stats	1	snv_indel_calling	0	1	0	0	0	0	0	0	0	0	0	0
bcftools_stats_vqc_Count_Indels:404	bcftools_stats	1	snv_indel_calling	0	1	0	0	0	0	0	0	0	0	0	0
bcftools_stats_vqc_Count_Indels:405	bcftools_stats	1	snv_indel_calling	0	1	0	0	0	0	0	0	0	0	0	0
bcftools_stats_vqc_Count_Indels:406	bcftools_stats	1	snv_indel_calling	0	1	0	0	0	0	0	0	0	0	0	0
bcftools_stats_vqc_Count_Indels:407	bcftools_stats	1	snv_indel_calling	0	1	0	0	0	0	0	0	0	0	0	0
bcftools_stats_vqc_Count_Indels:408	bcftools_stats	1	snv_indel_calling	0	1	0	0	0	0	0	0	0	0	0	0
bcftools_stats_vqc_Count_Indels:409	bcftools_stats	1	snv_indel_calling	0	1	0	0	0	0	0	0	0	0	0	0
bcftools_stats_vqc_Count_Indels:41	bcftools_stats	1	snv_indel_calling	0	1	0	0	0	0	0	0	0	0	0	0
bcftools_stats_vqc_Count_Indels:410	bcftools_stats	1	snv_indel_calling	0	1	0	0	0	0	0	0	0	0	0	0
bcftools_stats_vqc_Count_Indels:411	bcftools_stats	1	snv_indel_calling	0	1	0	0	0	0	0	0	0	0	0	0
bcftools_stats_vqc_Count_Indels:412	bcftools_stats	1	snv_indel_calling	0	1	0	0	0	0	0	0	0	0	0	0
bcftools_stats_vqc_Count_Indels:413	bcftools_stats	1	snv_indel_calling	0	1	0	0	0	0	0	0	0	0	0	0
bcftools_stats_vqc_Count_Indels:414	bcftools_stats	1	snv_indel_calling	0	1	0	0	0	0	0	0	0	0	0	0
bcftools_stats_vqc_Count_Indels:415	bcftools_stats	1	snv_indel_calling	0	1	0	0	0	0	0	0	0	0	0	0
bcftools_stats_vqc_Count_Indels:416	bcftools_stats	1	snv_indel_calling	0	1	0	0	0	0	0	0	0	0	0	0
bcftools_stats_vqc_Count_Indels:417	bcftools_stats	1	snv_indel_calling	0	1	0	0	0	0	0	0	0	0	0	0
bcftools_stats_vqc_Count_Indels:418	bcftools_stats	1	snv_indel_calling	0	1	0	0	0	0	0	0	0	0	0	0
bcftools_stats_vqc_Count_Indels:419	bcftools_stats	1	snv_indel_calling	0	1	0	0	0	0	0	0	0	0	0	0
bcftools_stats_vqc_Count_Indels:42	bcftools_stats	1	snv_indel_calling	0	1	0	0	0	0	0	0	0	0	0	0
bcftools_stats_vqc_Count_Indels:420	bcftools_stats	1	snv_indel_calling	0	1	0	0	0	0	0	0	0	0	0	0
bcftools_stats_vqc_Count_Indels:421	bcftools_stats	1	snv_indel_calling	0	1	0	0	0	0	0	0	0	0	0	0
bcftools_stats_vqc_Count_Indels:422	bcftools_stats	1	snv_indel_calling	0	1	0	0	0	0	0	0	0	0	0	0
bcftools_stats_vqc_Count_Indels:423	bcftools_stats	1	snv_indel_calling	0	1	0	0	0	0	0	0	0	0	0	0
bcftools_stats_vqc_Count_Indels:424	bcftools_stats	1	snv_indel_calling	0	1	0	0	0	0	0	0	0	0	0	0
bcftools_stats_vqc_Count_Indels:425	bcftools_stats	1	snv_indel_calling	0	1	0	0	0	0	0	0	0	0	0	0
bcftools_stats_vqc_Count_Indels:426	bcftools_stats	1	snv_indel_calling	0	1	0	0	0	0	0	0	0	0	0	0
bcftools_stats_vqc_Count_Indels:427	bcftools_stats	1	snv_indel_calling	0	1	0	0	0	0	0	0	0	0	0	0
bcftools_stats_vqc_Count_Indels:428	bcftools_stats	1	snv_indel_calling	0	1	0	0	0	0	0	0	0	0	0	0
bcftools_stats_vqc_Count_Indels:429	bcftools_stats	1	snv_indel_calling	0	1	0	0	0	0	0	0	0	0	0	0
bcftools_stats_vqc_Count_Indels:43	bcftools_stats	1	snv_indel_calling	0	1	0	0	0	0	0	0	0	0	0	0
bcftools_stats_vqc_Count_Indels:430	bcftools_stats	1	snv_indel_calling	0	1	0	0	0	0	0	0	0	0	0	0
bcftools_stats_vqc_Count_Indels:431	bcftools_stats	1	snv_indel_calling	0	1	0	0	0	0	0	0	0	0	0	0
bcftools_stats_vqc_Count_Indels:432	bcftools_stats	1	snv_indel_calling	0	1	0	0	0	0	0	0	0	0	0	0
bcftools_stats_vqc_Count_Indels:433	bcftools_stats	1	snv_indel_calling	0	1	0	0	0	0	0	0	0	0	0	0
bcftools_stats_vqc_Count_Indels:434	bcftools_stats	1	snv_indel_calling	0	1	0	0	0	0	0	0	0	0	0	0
bcftools_stats_vqc_Count_Indels:435	bcftools_stats	1	snv_indel_calling	0	1	0	0	0	0	0	0	0	0	0	0
bcftools_stats_vqc_Count_Indels:436	bcftools_stats	1	snv_indel_calling	0	1	0	0	0	0	0	0	0	0	0	0
bcftools_stats_vqc_Count_Indels:437	bcftools_stats	1	snv_indel_calling	0	1	0	0	0	0	0	0	0	0	0	0
bcftools_stats_vqc_Count_Indels:438	bcftools_stats	1	snv_indel_calling	0	1	0	0	0	0	0	0	0	0	0	0
bcftools_stats_vqc_Count_Indels:439	bcftools_stats	1	snv_indel_calling	0	1	0	0	0	0	0	0	0	0	0	0
bcftools_stats_vqc_Count_Indels:44	bcftools_stats	1	snv_indel_calling	0	1	0	0	0	0	0	0	0	0	0	0
bcftools_stats_vqc_Count_Indels:440	bcftools_stats	1	snv_indel_calling	0	1	0	0	0	0	0	0	0	0	0	0
bcftools_stats_vqc_Count_Indels:441	bcftools_stats	1	snv_indel_calling	0	1	0	0	0	0	0	0	0	0	0	0
bcftools_stats_vqc_Count_Indels:442	bcftools_stats	1	snv_indel_calling	0	1	0	0	0	0	0	0	0	0	0	0
bcftools_stats_vqc_Count_Indels:443	bcftools_stats	1	snv_indel_calling	0	1	0	0	0	0	0	0	0	0	0	0
bcftools_stats_vqc_Count_Indels:444	bcftools_stats	1	snv_indel_calling	0	1	0	0	0	0	0	0	0	0	0	0
bcftools_stats_vqc_Count_Indels:445	bcftools_stats	1	snv_indel_calling	0	1	0	0	0	0	0	0	0	0	0	0
bcftools_stats_vqc_Count_Indels:446	bcftools_stats	1	snv_indel_calling	0	1	0	0	0	0	0	0	0	0	0	0
bcftools_stats_vqc_Count_Indels:447	bcftools_stats	1	snv_indel_calling	0	1	0	0	0	0	0	0	0	0	0	0
bcftools_stats_vqc_Count_Indels:448	bcftools_stats	1	snv_indel_calling	0	1	0	0	0	0	0	0	0	0	0	0
bcftools_stats_vqc_Count_Indels:449	bcftools_stats	1	snv_indel_calling	0	1	0	0	0	0	0	0	0	0	0	0
bcftools_stats_vqc_Count_Indels:45	bcftools_stats	1	snv_indel_calling	0	1	0	0	0	0	0	0	0	0	0	0
bcftools_stats_vqc_Count_Indels:450	bcftools_stats	1	snv_indel_calling	0	1	0	0	0	0	0	0	0	0	0	0
bcftools_stats_vqc_Count_Indels:451	bcftools_stats	1	snv_indel_calling	0	1	0	0	0	0	0	0	0	0	0	0
bcftools_stats_vqc_Count_Indels:452	bcftools_stats	1	snv_indel_calling	0	1	0	0	0	0	0	0	0	0	0	0
bcftools_stats_vqc_Count_Indels:453	bcftools_stats	1	snv_indel_calling	0	1	0	0	0	0	0	0	0	0	0	0
bcftools_stats_vqc_Count_Indels:454	bcftools_stats	1	snv_indel_calling	0	1	0	0	0	0	0	0	0	0	0	0
bcftools_stats_vqc_Count_Indels:455	bcftools_stats	1	snv_indel_calling	0	1	0	0	0	0	0	0	0	0	0	0
bcftools_stats_vqc_Count_Indels:456	bcftools_stats	1	snv_indel_calling	0	1	0	0	0	0	0	0	0	0	0	0
bcftools_stats_vqc_Count_Indels:457	bcftools_stats	1	snv_indel_calling	0	1	0	0	0	0	0	0	0	0	0	0
bcftools_stats_vqc_Count_Indels:458	bcftools_stats	1	snv_indel_calling	0	1	0	0	0	0	0	0	0	0	0	0
bcftools_stats_vqc_Count_Indels:459	bcftools_stats	1	snv_indel_calling	0	1	0	0	0	0	0	0	0	0	0	0
bcftools_stats_vqc_Count_Indels:46	bcftools_stats	1	snv_indel_calling	0	1	0	0	0	0	0	0	0	0	0	0
bcftools_stats_vqc_Count_Indels:460	bcftools_stats	1	snv_indel_calling	0	1	0	0	0	0	0	0	0	0	0	0
bcftools_stats_vqc_Count_Indels:461	bcftools_stats	1	snv_indel_calling	0	1	0	0	0	0	0	0	0	0	0	0
bcftools_stats_vqc_Count_Indels:462	bcftools_stats	1	snv_indel_calling	0	1	0	0	0	0	0	0	0	0	0	0
bcftools_stats_vqc_Count_Indels:463	bcftools_stats	1	snv_indel_calling	0	1	0	0	0	0	0	0	0	0	0	0
bcftools_stats_vqc_Count_Indels:464	bcftools_stats	1	snv_indel_calling	0	1	0	0	0	0	0	0	0	0	0	0
bcftools_stats_vqc_Count_Indels:465	bcftools_stats	1	snv_indel_calling	0	1	0	0	0	0	0	0	0	0	0	0
bcftools_stats_vqc_Count_Indels:466	bcftools_stats	1	snv_indel_calling	0	1	0	0	0	0	0	0	0	0	0	0
bcftools_stats_vqc_Count_Indels:467	bcftools_stats	1	snv_indel_calling	0	1	0	0	0	0	0	0	0	0	0	0
bcftools_stats_vqc_Count_Indels:468	bcftools_stats	1	snv_indel_calling	0	1	0	0	0	0	0	0	0	0	0	0
bcftools_stats_vqc_Count_Indels:469	bcftools_stats	1	snv_indel_calling	0	1	0	0	0	0	0	0	0	0	0	0
bcftools_stats_vqc_Count_Indels:47	bcftools_stats	1	snv_indel_calling	0	1	0	0	0	0	0	0	0	0	0	0
bcftools_stats_vqc_Count_Indels:470	bcftools_stats	1	snv_indel_calling	0	1	0	0	0	0	0	0	0	0	0	0
bcftools_stats_vqc_Count_Indels:471	bcftools_stats	1	snv_indel_calling	0	1	0	0	0	0	0	0	0	0	0	0
bcftools_stats_vqc_Count_Indels:472	bcftools_stats	1	snv_indel_calling	0	1	0	0	0	0	0	0	0	0	0	0
bcftools_stats_vqc_Count_Indels:473	bcftools_stats	1	snv_indel_calling	0	1	0	0	0	0	0	0	0	0	0	0
bcftools_stats_vqc_Count_Indels:474	bcftools_stats	1	snv_indel_calling	0	1	0	0	0	0	0	0	0	0	0	0
bcftools_stats_vqc_Count_Indels:475	bcftools_stats	1	snv_indel_calling	0	1	0	0	0	0	0	0	0	0	0	0
bcftools_stats_vqc_Count_Indels:476	bcftools_stats	1	snv_indel_calling	0	1	0	0	0	0	0	0	0	0	0	0
bcftools_stats_vqc_Count_Indels:477	bcftools_stats	1	snv_indel_calling	0	1	0	0	0	0	0	0	0	0	0	0
bcftools_stats_vqc_Count_Indels:478	bcftools_stats	1	snv_indel_calling	0	1	0	0	0	0	0	0	0	0	0	0
bcftools_stats_vqc_Count_Indels:479	bcftools_stats	1	snv_indel_calling	0	1	0	0	0	0	0	0	0	0	0	0
bcftools_stats_vqc_Count_Indels:48	bcftools_stats	1	snv_indel_calling	0	1	0	0	0	0	0	0	0	0	0	0
bcftools_stats_vqc_Count_Indels:480	bcftools_stats	1	snv_indel_calling	0	1	0	0	0	0	0	0	0	0	0	0
bcftools_stats_vqc_Count_Indels:481	bcftools_stats	1	snv_indel_calling	0	1	0	0	0	0	0	0	0	0	0	0
bcftools_stats_vqc_Count_Indels:482	bcftools_stats	1	snv_indel_calling	0	1	0	0	0	0	0	0	0	0	0	0
bcftools_stats_vqc_Count_Indels:483	bcftools_stats	1	snv_indel_calling	0	1	0	0	0	0	0	0	0	0	0	0
bcftools_stats_vqc_Count_Indels:484	bcftools_stats	1	snv_indel_calling	0	1	0	0	0	0	0	0	0	0	0	0
bcftools_stats_vqc_Count_Indels:485	bcftools_stats	1	snv_indel_calling	0	1	0	0	0	0	0	0	0	0	0	0
bcftools_stats_vqc_Count_Indels:486	bcftools_stats	1	snv_indel_calling	0	1	0	0	0	0	0	0	0	0	0	0
bcftools_stats_vqc_Count_Indels:487	bcftools_stats	1	snv_indel_calling	0	1	0	0	0	0	0	0	0	0	0	0
bcftools_stats_vqc_Count_Indels:488	bcftools_stats	1	snv_indel_calling	0	1	0	0	0	0	0	0	0	0	0	0
bcftools_stats_vqc_Count_Indels:489	bcftools_stats	1	snv_indel_calling	0	1	0	0	0	0	0	0	0	0	0	0
bcftools_stats_vqc_Count_Indels:49	bcftools_stats	1	snv_indel_calling	0	1	0	0	0	0	0	0	0	0	0	0
bcftools_stats_vqc_Count_Indels:490	bcftools_stats	1	snv_indel_calling	0	1	0	0	0	0	0	0	0	0	0	0
bcftools_stats_vqc_Count_Indels:491	bcftools_stats	1	snv_indel_calling	0	1	0	0	0	0	0	0	0	0	0	0
bcftools_stats_vqc_Count_Indels:492	bcftools_stats	1	snv_indel_calling	0	1	0	0	0	0	0	0	0	0	0	0
bcftools_stats_vqc_Count_Indels:493	bcftools_stats	1	snv_indel_calling	0	1	0	0	0	0	0	0	0	0	0	0
bcftools_stats_vqc_Count_Indels:494	bcftools_stats	1	snv_indel_calling	0	1	0	0	0	0	0	0	0	0	0	0
bcftools_stats_vqc_Count_Indels:495	bcftools_stats	1	snv_indel_calling	0	1	0	0	0	0	0	0	0	0	0	0
bcftools_stats_vqc_Count_Indels:496	bcftools_stats	1	snv_indel_calling	0	1	0	0	0	0	0	0	0	0	0	0
bcftools_stats_vqc_Count_Indels:497	bcftools_stats	1	snv_indel_calling	0	1	0	0	0	0	0	0	0	0	0	0
bcftools_stats_vqc_Count_Indels:498	bcftools_stats	1	snv_indel_calling	0	1	0	0	0	0	0	0	0	0	0	0
bcftools_stats_vqc_Count_Indels:499	bcftools_stats	1	snv_indel_calling	0	1	0	0	0	0	0	0	0	0	0	0
bcftools_stats_vqc_Count_Indels:5	bcftools_stats	1	snv_indel_calling	0	1	0	0	0	0	0	0	0	0	0	0
bcftools_stats_vqc_Count_Indels:50	bcftools_stats	1	snv_indel_calling	0	1	0	0	0	0	0	0	0	0	0	0
bcftools_stats_vqc_Count_Indels:500	bcftools_stats	1	snv_indel_calling	0	1	0	0	0	0	0	0	0	0	0	0
bcftools_stats_vqc_Count_Indels:501	bcftools_stats	1	snv_indel_calling	0	1	0	0	0	0	0	0	0	0	0	0
bcftools_stats_vqc_Count_Indels:502	bcftools_stats	1	snv_indel_calling	0	1	0	0	0	0	0	0	0	0	0	0
bcftools_stats_vqc_Count_Indels:503	bcftools_stats	1	snv_indel_calling	0	1	0	0	0	0	0	0	0	0	0	0
bcftools_stats_vqc_Count_Indels:504	bcftools_stats	1	snv_indel_calling	0	1	0	0	0	0	0	0	0	0	0	0
bcftools_stats_vqc_Count_Indels:505	bcftools_stats	1	snv_indel_calling	0	1	0	0	0	0	0	0	0	0	0	0
bcftools_stats_vqc_Count_Indels:506	bcftools_stats	1	snv_indel_calling	0	1	0	0	0	0	0	0	0	0	0	0
bcftools_stats_vqc_Count_Indels:507	bcftools_stats	1	snv_indel_calling	0	1	0	0	0	0	0	0	0	0	0	0
bcftools_stats_vqc_Count_Indels:508	bcftools_stats	1	snv_indel_calling	0	1	0	0	0	0	0	0	0	0	0	0
bcftools_stats_vqc_Count_Indels:509	bcftools_stats	1	snv_indel_calling	0	1	0	0	0	0	0	0	0	0	0	0
bcftools_stats_vqc_Count_Indels:51	bcftools_stats	1	snv_indel_calling	0	1	0	0	0	0	0	0	0	0	0	0
bcftools_stats_vqc_Count_Indels:510	bcftools_stats	1	snv_indel_calling	0	1	0	0	0	0	0	0	0	0	0	0
bcftools_stats_vqc_Count_Indels:511	bcftools_stats	1	snv_indel_calling	0	1	0	0	0	0	0	0	0	0	0	0
bcftools_stats_vqc_Count_Indels:512	bcftools_stats	1	snv_indel_calling	0	1	0	0	0	0	0	0	0	0	0	0
bcftools_stats_vqc_Count_Indels:513	bcftools_stats	1	snv_indel_calling	0	1	0	0	0	0	0	0	0	0	0	0
bcftools_stats_vqc_Count_Indels:514	bcftools_stats	1	snv_indel_calling	0	1	0	0	0	0	0	0	0	0	0	0
bcftools_stats_vqc_Count_Indels:515	bcftools_stats	1	snv_indel_calling	0	1	0	0	0	0	0	0	0	0	0	0
bcftools_stats_vqc_Count_Indels:516	bcftools_stats	1	snv_indel_calling	0	1	0	0	0	0	0	0	0	0	0	0
bcftools_stats_vqc_Count_Indels:517	bcftools_stats	1	snv_indel_calling	0	1	0	0	0	0	0	0	0	0	0	0
bcftools_stats_vqc_Count_Indels:518	bcftools_stats	1	snv_indel_calling	0	1	0	0	0	0	0	0	0	0	0	0
bcftools_stats_vqc_Count_Indels:519	bcftools_stats	1	snv_indel_calling	0	1	0	0	0	0	0	0	0	0	0	0
bcftools_stats_vqc_Count_Indels:52	bcftools_stats	1	snv_indel_calling	0	1	0	0	0	0	0	0	0	0	0	0
bcftools_stats_vqc_Count_Indels:520	bcftools_stats	1	snv_indel_calling	0	1	0	0	0	0	0	0	0	0	0	0
bcftools_stats_vqc_Count_Indels:521	bcftools_stats	1	snv_indel_calling	0	1	0	0	0	0	0	0	0	0	0	0
bcftools_stats_vqc_Count_Indels:522	bcftools_stats	1	snv_indel_calling	0	1	0	0	0	0	0	0	0	0	0	0
bcftools_stats_vqc_Count_Indels:523	bcftools_stats	1	snv_indel_calling	0	1	0	0	0	0	0	0	0	0	0	0
bcftools_stats_vqc_Count_Indels:524	bcftools_stats	1	snv_indel_calling	0	1	0	0	0	0	0	0	0	0	0	0
bcftools_stats_vqc_Count_Indels:525	bcftools_stats	1	snv_indel_calling	0	1	0	0	0	0	0	0	0	0	0	0
bcftools_stats_vqc_Count_Indels:526	bcftools_stats	1	snv_indel_calling	0	1	0	0	0	0	0	0	0	0	0	0
bcftools_stats_vqc_Count_Indels:527	bcftools_stats	1	snv_indel_calling	0	1	0	0	0	0	0	0	0	0	0	0
bcftools_stats_vqc_Count_Indels:528	bcftools_stats	1	snv_indel_calling	0	1	0	0	0	0	0	0	0	0	0	0
bcftools_stats_vqc_Count_Indels:529	bcftools_stats	1	snv_indel_calling	0	1	0	0	0	0	0	0	0	0	0	0
bcftools_stats_vqc_Count_Indels:53	bcftools_stats	1	snv_indel_calling	0	1	0	0	0	0	0	0	0	0	0	0
bcftools_stats_vqc_Count_Indels:530	bcftools_stats	1	snv_indel_calling	0	1	0	0	0	0	0	0	0	0	0	0
bcftools_stats_vqc_Count_Indels:531	bcftools_stats	1	snv_indel_calling	0	1	0	0	0	0	0	0	0	0	0	0
bcftools_stats_vqc_Count_Indels:532	bcftools_stats	1	snv_indel_calling	0	1	0	0	0	0	0	0	0	0	0	0
bcftools_stats_vqc_Count_Indels:533	bcftools_stats	1	snv_indel_calling	0	1	0	0	0	0	0	0	0	0	0	0
bcftools_stats_vqc_Count_Indels:534	bcftools_stats	1	snv_indel_calling	0	1	0	0	0	0	0	0	0	0	0	0
bcftools_stats_vqc_Count_Indels:535	bcftools_stats	1	snv_indel_calling	0	1	0	0	0	0	0	0	0	0	0	0
bcftools_stats_vqc_Count_Indels:536	bcftools_stats	1	snv_indel_calling	0	1	0	0	0	0	0	0	0	0	0	0
bcftools_stats_vqc_Count_Indels:537	bcftools_stats	1	snv_indel_calling	0	1	0	0	0	0	0	0	0	0	0	0
bcftools_stats_vqc_Count_Indels:538	bcftools_stats	1	snv_indel_calling	0	1	0	0	0	0	0	0	0	0	0	0
bcftools_stats_vqc_Count_Indels:539	bcftools_stats	1	snv_indel_calling	0	1	0	0	0	0	0	0	0	0	0	0
bcftools_stats_vqc_Count_Indels:54	bcftools_stats	1	snv_indel_calling	0	1	0	0	0	0	0	0	0	0	0	0
bcftools_stats_vqc_Count_Indels:540	bcftools_stats	1	snv_indel_calling	0	1	0	0	0	0	0	0	0	0	0	0
bcftools_stats_vqc_Count_Indels:541	bcftools_stats	1	snv_indel_calling	0	1	0	0	0	0	0	0	0	0	0	0
bcftools_stats_vqc_Count_Indels:542	bcftools_stats	1	snv_indel_calling	0	1	0	0	0	0	0	0	0	0	0	0
bcftools_stats_vqc_Count_Indels:543	bcftools_stats	1	snv_indel_calling	0	1	0	0	0	0	0	0	0	0	0	0
bcftools_stats_vqc_Count_Indels:544	bcftools_stats	1	snv_indel_calling	0	1	0	0	0	0	0	0	0	0	0	0
bcftools_stats_vqc_Count_Indels:545	bcftools_stats	1	snv_indel_calling	0	1	0	0	0	0	0	0	0	0	0	0
bcftools_stats_vqc_Count_Indels:546	bcftools_stats	1	snv_indel_calling	0	1	0	0	0	0	0	0	0	0	0	0
bcftools_stats_vqc_Count_Indels:547	bcftools_stats	1	snv_indel_calling	0	1	0	0	0	0	0	0	0	0	0	0
bcftools_stats_vqc_Count_Indels:548	bcftools_stats	1	snv_indel_calling	0	1	0	0	0	0	0	0	0	0	0	0
bcftools_stats_vqc_Count_Indels:549	bcftools_stats	1	snv_indel_calling	0	1	0	0	0	0	0	0	0	0	0	0
bcftools_stats_vqc_Count_Indels:55	bcftools_stats	1	snv_indel_calling	0	1	0	0	0	0	0	0	0	0	0	0
bcftools_stats_vqc_Count_Indels:550	bcftools_stats	1	snv_indel_calling	0	1	0	0	0	0	0	0	0	0	0	0
bcftools_stats_vqc_Count_Indels:551	bcftools_stats	1	snv_indel_calling	0	1	0	0	0	0	0	0	0	0	0	0
bcftools_stats_vqc_Count_Indels:552	bcftools_stats	1	snv_indel_calling	0	1	0	0	0	0	0	0	0	0	0	0
bcftools_stats_vqc_Count_Indels:553	bcftools_stats	1	snv_indel_calling	0	1	0	0	0	0	0	0	0	0	0	0
bcftools_stats_vqc_Count_Indels:554	bcftools_stats	1	snv_indel_calling	0	1	0	0	0	0	0	0	0	0	0	0
bcftools_stats_vqc_Count_Indels:555	bcftools_stats	1	snv_indel_calling	0	1	0	0	0	0	0	0	0	0	0	0
bcftools_stats_vqc_Count_Indels:556	bcftools_stats	1	snv_indel_calling	0	1	0	0	0	0	0	0	0	0	0	0
bcftools_stats_vqc_Count_Indels:557	bcftools_stats	1	snv_indel_calling	0	1	0	0	0	0	0	0	0	0	0	0
bcftools_stats_vqc_Count_Indels:558	bcftools_stats	1	snv_indel_calling	0	1	0	0	0	0	0	0	0	0	0	0
bcftools_stats_vqc_Count_Indels:559	bcftools_stats	1	snv_indel_calling	0	1	0	0	0	0	0	0	0	0	0	0
bcftools_stats_vqc_Count_Indels:56	bcftools_stats	1	snv_indel_calling	0	1	0	0	0	0	0	0	0	0	0	0
bcftools_stats_vqc_Count_Indels:560	bcftools_stats	1	snv_indel_calling	0	1	0	0	0	0	0	0	0	0	0	0
bcftools_stats_vqc_Count_Indels:561	bcftools_stats	1	snv_indel_calling	0	1	0	0	0	0	0	0	0	0	0	0
bcftools_stats_vqc_Count_Indels:562	bcftools_stats	1	snv_indel_calling	0	1	0	0	0	0	0	0	0	0	0	0
bcftools_stats_vqc_Count_Indels:563	bcftools_stats	1	snv_indel_calling	0	1	0	0	0	0	0	0	0	0	0	0
bcftools_stats_vqc_Count_Indels:564	bcftools_stats	1	snv_indel_calling	0	1	0	0	0	0	0	0	0	0	0	0
bcftools_stats_vqc_Count_Indels:565	bcftools_stats	1	snv_indel_calling	0	1	0	0	0	0	0	0	0	0	0	0
bcftools_stats_vqc_Count_Indels:566	bcftools_stats	1	snv_indel_calling	0	1	0	0	0	0	0	0	0	0	0	0
bcftools_stats_vqc_Count_Indels:567	bcftools_stats	1	snv_indel_calling	0	1	0	0	0	0	0	0	0	0	0	0
bcftools_stats_vqc_Count_Indels:568	bcftools_stats	1	snv_indel_calling	0	1	0	0	0	0	0	0	0	0	0	0
bcftools_stats_vqc_Count_Indels:569	bcftools_stats	1	snv_indel_calling	0	1	0	0	0	0	0	0	0	0	0	0
bcftools_stats_vqc_Count_Indels:57	bcftools_stats	1	snv_indel_calling	0	1	0	0	0	0	0	0	0	0	0	0
bcftools_stats_vqc_Count_Indels:570	bcftools_stats	1	snv_indel_calling	0	1	0	0	0	0	0	0	0	0	0	0
bcftools_stats_vqc_Count_Indels:571	bcftools_stats	1	snv_indel_calling	0	1	0	0	0	0	0	0	0	0	0	0
bcftools_stats_vqc_Count_Indels:572	bcftools_stats	1	snv_indel_calling	0	1	0	0	0	0	0	0	0	0	0	0
bcftools_stats_vqc_Count_Indels:573	bcftools_stats	1	snv_indel_calling	0	1	0	0	0	0	0	0	0	0	0	0
bcftools_stats_vqc_Count_Indels:574	bcftools_stats	1	snv_indel_calling	0	1	0	0	0	0	0	0	0	0	0	0
bcftools_stats_vqc_Count_Indels:575	bcftools_stats	1	snv_indel_calling	0	1	0	0	0	0	0	0	0	0	0	0
bcftools_stats_vqc_Count_Indels:576	bcftools_stats	1	snv_indel_calling	0	1	0	0	0	0	0	0	0	0	0	0
bcftools_stats_vqc_Count_Indels:577	bcftools_stats	1	snv_indel_calling	0	1	0	0	0	0	0	0	0	0	0	0
bcftools_stats_vqc_Count_Indels:578	bcftools_stats	1	snv_indel_calling	0	1	0	0	0	0	0	0	0	0	0	0
bcftools_stats_vqc_Count_Indels:579	bcftools_stats	1	snv_indel_calling	0	1	0	0	0	0	0	0	0	0	0	0
bcftools_stats_vqc_Count_Indels:58	bcftools_stats	1	snv_indel_calling	0	1	0	0	0	0	0	0	0	0	0	0
bcftools_stats_vqc_Count_Indels:580	bcftools_stats	1	snv_indel_calling	0	1	0	0	0	0	0	0	0	0	0	0
bcftools_stats_vqc_Count_Indels:581	bcftools_stats	1	snv_indel_calling	0	1	0	0	0	0	0	0	0	0	0	0
bcftools_stats_vqc_Count_Indels:582	bcftools_stats	1	snv_indel_calling	0	1	0	0	0	0	0	0	0	0	0	0
bcftools_stats_vqc_Count_Indels:583	bcftools_stats	1	snv_indel_calling	0	1	0	0	0	0	0	0	0	0	0	0
bcftools_stats_vqc_Count_Indels:584	bcftools_stats	1	snv_indel_calling	0	1	0	0	0	0	0	0	0	0	0	0
bcftools_stats_vqc_Count_Indels:585	bcftools_stats	1	snv_indel_calling	0	1	0	0	0	0	0	0	0	0	0	0
bcftools_stats_vqc_Count_Indels:586	bcftools_stats	1	snv_indel_calling	0	1	0	0	0	0	0	0	0	0	0	0
bcftools_stats_vqc_Count_Indels:587	bcftools_stats	1	snv_indel_calling	0	1	0	0	0	0	0	0	0	0	0	0
bcftools_stats_vqc_Count_Indels:588	bcftools_stats	1	snv_indel_calling	0	1	0	0	0	0	0	0	0	0	0	0
bcftools_stats_vqc_Count_Indels:589	bcftools_stats	1	snv_indel_calling	0	1	0	0	0	0	0	0	0	0	0	0
bcftools_stats_vqc_Count_Indels:59	bcftools_stats	1	snv_indel_calling	0	1	0	0	0	0	0	0	0	0	0	0
bcftools_stats_vqc_Count_Indels:590	bcftools_stats	1	snv_indel_calling	0	1	0	0	0	0	0	0	0	0	0	0
bcftools_stats_vqc_Count_Indels:591	bcftools_stats	1	snv_indel_calling	0	1	0	0	0	0	0	0	0	0	0	0
bcftools_stats_vqc_Count_Indels:592	bcftools_stats	1	snv_indel_calling	0	1	0	0	0	0	0	0	0	0	0	0
bcftools_stats_vqc_Count_Indels:593	bcftools_stats	1	snv_indel_calling	0	1	0	0	0	0	0	0	0	0	0	0
bcftools_stats_vqc_Count_Indels:594	bcftools_stats	1	snv_indel_calling	0	1	0	0	0	0	0	0	0	0	0	0
bcftools_stats_vqc_Count_Indels:595	bcftools_stats	1	snv_indel_calling	0	1	0	0	0	0	0	0	0	0	0	0
bcftools_stats_vqc_Count_Indels:596	bcftools_stats	1	snv_indel_calling	0	1	0	0	0	0	0	0	0	0	0	0
bcftools_stats_vqc_Count_Indels:597	bcftools_stats	1	snv_indel_calling	0	1	0	0	0	0	0	0	0	0	0	0
bcftools_stats_vqc_Count_Indels:598	bcftools_stats	1	snv_indel_calling	0	1	0	0	0	0	0	0	0	0	0	0
bcftools_stats_vqc_Count_Indels:599	bcftools_stats	1	snv_indel_calling	0	1	0	0	0	0	0	0	0	0	0	0
bcftools_stats_vqc_Count_Indels:6	bcftools_stats	1	snv_indel_calling	0	1	0	0	0	0	0	0	0	0	0	0
bcftools_stats_vqc_Count_Indels:60	bcftools_stats	1	snv_indel_calling	0	1	0	0	0	0	0	0	0	0	0	0
bcftools_stats_vqc_Count_Indels:61	bcftools_stats	1	snv_indel_calling	0	1	0	0	0	0	0	0	0	0	0	0
bcftools_stats_vqc_Count_Indels:62	bcftools_stats	1	snv_indel_calling	0	1	0	0	0	0	0	0	0	0	0	0
bcftools_stats_vqc_Count_Indels:63	bcftools_stats	1	snv_indel_calling	0	1	0	0	0	0	0	0	0	0	0	0
bcftools_stats_vqc_Count_Indels:64	bcftools_stats	1	snv_indel_calling	0	1	0	0	0	0	0	0	0	0	0	0
bcftools_stats_vqc_Count_Indels:65	bcftools_stats	1	snv_indel_calling	0	1	0	0	0	0	0	0	0	0	0	0
bcftools_stats_vqc_Count_Indels:66	bcftools_stats	1	snv_indel_calling	0	1	0	0	0	0	0	0	0	0	0	0
bcftools_stats_vqc_Count_Indels:67	bcftools_stats	1	snv_indel_calling	0	1	0	0	0	0	0	0	0	0	0	0
bcftools_stats_vqc_Count_Indels:68	bcftools_stats	1	snv_indel_calling	0	1	0	0	0	0	0	0	0	0	0	0
bcftools_stats_vqc_Count_Indels:69	bcftools_stats	1	snv_indel_calling	0	1	0	0	0	0	0	0	0	0	0	0
bcftools_stats_vqc_Count_Indels:7	bcftools_stats	1	snv_indel_calling	0	1	0	0	0	0	0	0	0	0	0	0
bcftools_stats_vqc_Count_Indels:70	bcftools_stats	1	snv_indel_calling	0	1	0	0	0	0	0	0	0	0	0	0
bcftools_stats_vqc_Count_Indels:71	bcftools_stats	1	snv_indel_calling	0	1	0	0	0	0	0	0	0	0	0	0
bcftools_stats_vqc_Count_Indels:72	bcftools_stats	1	snv_indel_calling	0	1	0	0	0	0	0	0	0	0	0	0
bcftools_stats_vqc_Count_Indels:73	bcftools_stats	1	snv_indel_calling	0	1	0	0	0	0	0	0	0	0	0	0
bcftools_stats_vqc_Count_Indels:74	bcftools_stats	1	snv_indel_calling	0	1	0	0	0	0	0	0	0	0	0	0
bcftools_stats_vqc_Count_Indels:75	bcftools_stats	1	snv_indel_calling	0	1	0	0	0	0	0	0	0	0	0	0
bcftools_stats_vqc_Count_Indels:76	bcftools_stats	1	snv_indel_calling	0	1	0	0	0	0	0	0	0	0	0	0
bcftools_stats_vqc_Count_Indels:77	bcftools_stats	1	snv_indel_calling	0	1	0	0	0	0	0	0	0	0	0	0
bcftools_stats_vqc_Count_Indels:78	bcftools_stats	1	snv_indel_calling	0	1	0	0	0	0	0	0	0	0	0	0
bcftools_stats_vqc_Count_Indels:79	bcftools_stats	1	snv_indel_calling	0	1	0	0	0	0	0	0	0	0	0	0
bcftools_stats_vqc_Count_Indels:8	bcftools_stats	1	snv_indel_calling	0	1	0	0	0	0	0	0	0	0	0	0
bcftools_stats_vqc_Count_Indels:80	bcftools_stats	1	snv_indel_calling	0	1	0	0	0	0	0	0	0	0	0	0
bcftools_stats_vqc_Count_Indels:81	bcftools_stats	1	snv_indel_calling	0	1	0	0	0	0	0	0	0	0	0	0
bcftools_stats_vqc_Count_Indels:82	bcftools_stats	1	snv_indel_calling	0	1	0	0	0	0	0	0	0	0	0	0
bcftools_stats_vqc_Count_Indels:83	bcftools_stats	1	snv_indel_calling	0	1	0	0	0	0	0	0	0	0	0	0
bcftools_stats_vqc_Count_Indels:84	bcftools_stats	1	snv_indel_calling	0	1	0	0	0	0	0	0	0	0	0	0
bcftools_stats_vqc_Count_Indels:85	bcftools_stats	1	snv_indel_calling	0	1	0	0	0	0	0	0	0	0	0	0
bcftools_stats_vqc_Count_Indels:86	bcftools_stats	1	snv_indel_calling	0	1	0	0	0	0	0	0	0	0	0	0
bcftools_stats_vqc_Count_Indels:87	bcftools_stats	1	snv_indel_calling	0	1	0	0	0	0	0	0	0	0	0	0
bcftools_stats_vqc_Count_Indels:88	bcftools_stats	1	snv_indel_calling	0	1	0	0	0	0	0	0	0	0	0	0
bcftools_stats_vqc_Count_Indels:89	bcftools_stats	1	snv_indel_calling	0	1	0	0	0	0	0	0	0	0	0	0
bcftools_stats_vqc_Count_Indels:9	bcftools_stats	1	snv_indel_calling	0	1	0	0	0	0	0	0	0	0	0	0
bcftools_stats_vqc_Count_Indels:90	bcftools_stats	1	snv_indel_calling	0	1	0	0	0	0	0	0	0	0	0	0
bcftools_stats_vqc_Count_Indels:91	bcftools_stats	1	snv_indel_calling	0	1	0	0	0	0	0	0	0	0	0	0
bcftools_stats_vqc_Count_Indels:92	bcftools_stats	1	snv_indel_calling	0	1	0	0	0	0	0	0	0	0	0	0
bcftools_stats_vqc_Count_Indels:93	bcftools_stats	1	snv_indel_calling	0	1	0	0	0	0	0	0	0	0	0	0
bcftools_stats_vqc_Count_Indels:94	bcftools_stats	1	snv_indel_calling	0	1	0	0	0	0	0	0	0	0	0	0
bcftools_stats_vqc_Count_Indels:95	bcftools_stats	1	snv_indel_calling	0	1	0	0	0	0	0	0	0	0	0	0
bcftools_stats_vqc_Count_Indels:96	bcftools_stats	1	snv_indel_calling	0	1	0	0	0	0	0	0	0	0	0	0
bcftools_stats_vqc_Count_Indels:97	bcftools_stats	1	snv_indel_calling	0	1	0	0	0	0	0	0	0	0	0	0
bcftools_stats_vqc_Count_Indels:98	bcftools_stats	1	snv_indel_calling	0	1	0	0	0	0	0	0	0	0	0	0
bcftools_stats_vqc_Count_Indels:99	bcftools_stats	1	snv_indel_calling	0	1	0	0	0	0	0	0	0	0	0	0
bcftools_stats_vqc_Count_SNP:0	bcftools_stats	1	snv_indel_calling	0	1	0	0	0	0	0	0	0	0	0	0
bcftools_stats_vqc_Count_SNP:1	bcftools_stats	1	snv_indel_calling	0	1	0	0	0	0	0	0	0	0	0	0
bcftools_stats_vqc_Count_SNP:10	bcftools_stats	1	snv_indel_calling	0	1	0	0	0	0	0	0	0	0	0	0
bcftools_stats_vqc_Count_SNP:100	bcftools_stats	1	snv_indel_calling	0	1	0	0	0	0	0	0	0	0	0	0
bcftools_stats_vqc_Count_SNP:101	bcftools_stats	1	snv_indel_calling	0	1	0	0	0	0	0	0	0	0	0	0
bcftools_stats_vqc_Count_SNP:102	bcftools_stats	1	snv_indel_calling	0	1	0	0	0	0	0	0	0	0	0	0
bcftools_stats_vqc_Count_SNP:103	bcftools_stats	1	snv_indel_calling	0	1	0	0	0	0	0	0	0	0	0	0
bcftools_stats_vqc_Count_SNP:104	bcftools_stats	1	snv_indel_calling	0	1	0	0	0	0	0	0	0	0	0	0
bcftools_stats_vqc_Count_SNP:105	bcftools_stats	1	snv_indel_calling	0	1	0	0	0	0	0	0	0	0	0	0
bcftools_stats_vqc_Count_SNP:106	bcftools_stats	1	snv_indel_calling	0	1	0	0	0	0	0	0	0	0	0	0
bcftools_stats_vqc_Count_SNP:107	bcftools_stats	1	snv_indel_calling	0	1	0	0	0	0	0	0	0	0	0	0
bcftools_stats_vqc_Count_SNP:108	bcftools_stats	1	snv_indel_calling	0	1	0	0	0	0	0	0	0	0	0	0
bcftools_stats_vqc_Count_SNP:109	bcftools_stats	1	snv_indel_calling	0	1	0	0	0	0	0	0	0	0	0	0
bcftools_stats_vqc_Count_SNP:11	bcftools_stats	1	snv_indel_calling	0	1	0	0	0	0	0	0	0	0	0	0
bcftools_stats_vqc_Count_SNP:110	bcftools_stats	1	snv_indel_calling	0	1	0	0	0	0	0	0	0	0	0	0
bcftools_stats_vqc_Count_SNP:111	bcftools_stats	1	snv_indel_calling	0	1	0	0	0	0	0	0	0	0	0	0
bcftools_stats_vqc_Count_SNP:112	bcftools_stats	1	snv_indel_calling	0	1	0	0	0	0	0	0	0	0	0	0
bcftools_stats_vqc_Count_SNP:113	bcftools_stats	1	snv_indel_calling	0	1	0	0	0	0	0	0	0	0	0	0
bcftools_stats_vqc_Count_SNP:114	bcftools_stats	1	snv_indel_calling	0	1	0	0	0	0	0	0	0	0	0	0
bcftools_stats_vqc_Count_SNP:115	bcftools_stats	1	snv_indel_calling	0	1	0	0	0	0	0	0	0	0	0	0
bcftools_stats_vqc_Count_SNP:116	bcftools_stats	1	snv_indel_calling	0	1	0	0	0	0	0	0	0	0	0	0
bcftools_stats_vqc_Count_SNP:117	bcftools_stats	1	snv_indel_calling	0	1	0	0	0	0	0	0	0	0	0	0
bcftools_stats_vqc_Count_SNP:118	bcftools_stats	1	snv_indel_calling	0	1	0	0	0	0	0	0	0	0	0	0
bcftools_stats_vqc_Count_SNP:119	bcftools_stats	1	snv_indel_calling	0	1	0	0	0	0	0	0	0	0	0	0
bcftools_stats_vqc_Count_SNP:12	bcftools_stats	1	snv_indel_calling	0	1	0	0	0	0	0	0	0	0	0	0
bcftools_stats_vqc_Count_SNP:120	bcftools_stats	1	snv_indel_calling	0	1	0	0	0	0	0	0	0	0	0	0
bcftools_stats_vqc_Count_SNP:121	bcftools_stats	1	snv_indel_calling	0	1	0	0	0	0	0	0	0	0	0	0
bcftools_stats_vqc_Count_SNP:122	bcftools_stats	1	snv_indel_calling	0	1	0	0	0	0	0	0	0	0	0	0
bcftools_stats_vqc_Count_SNP:123	bcftools_stats	1	snv_indel_calling	0	1	0	0	0	0	0	0	0	0	0	0
bcftools_stats_vqc_Count_SNP:124	bcftools_stats	1	snv_indel_calling	0	1	0	0	0	0	0	0	0	0	0	0
bcftools_stats_vqc_Count_SNP:125	bcftools_stats	1	snv_indel_calling	0	1	0	0	0	0	0	0	0	0	0	0
bcftools_stats_vqc_Count_SNP:126	bcftools_stats	1	snv_indel_calling	0	1	0	0	0	0	0	0	0	0	0	0
bcftools_stats_vqc_Count_SNP:127	bcftools_stats	1	snv_indel_calling	0	1	0	0	0	0	0	0	0	0	0	0
bcftools_stats_vqc_Count_SNP:128	bcftools_stats	1	snv_indel_calling	0	1	0	0	0	0	0	0	0	0	0	0
bcftools_stats_vqc_Count_SNP:129	bcftools_stats	1	snv_indel_calling	0	1	0	0	0	0	0	0	0	0	0	0
bcftools_stats_vqc_Count_SNP:13	bcftools_stats	1	snv_indel_calling	0	1	0	0	0	0	0	0	0	0	0	0
bcftools_stats_vqc_Count_SNP:130	bcftools_stats	1	snv_indel_calling	0	1	0	0	0	0	0	0	0	0	0	0
bcftools_stats_vqc_Count_SNP:131	bcftools_stats	1	snv_indel_calling	0	1	0	0	0	0	0	0	0	0	0	0
bcftools_stats_vqc_Count_SNP:132	bcftools_stats	1	snv_indel_calling	0	1	0	0	0	0	0	0	0	0	0	0
bcftools_stats_vqc_Count_SNP:133	bcftools_stats	1	snv_indel_calling	0	1	0	0	0	0	0	0	0	0	0	0
bcftools_stats_vqc_Count_SNP:134	bcftools_stats	1	snv_indel_calling	0	1	0	0	0	0	0	0	0	0	0	0
bcftools_stats_vqc_Count_SNP:135	bcftools_stats	1	snv_indel_calling	0	1	0	0	0	0	0	0	0	0	0	0
bcftools_stats_vqc_Count_SNP:136	bcftools_stats	1	snv_indel_calling	0	1	0	0	0	0	0	0	0	0	0	0
bcftools_stats_vqc_Count_SNP:137	bcftools_stats	1	snv_indel_calling	0	1	0	0	0	0	0	0	0	0	0	0
bcftools_stats_vqc_Count_SNP:138	bcftools_stats	1	snv_indel_calling	0	1	0	0	0	0	0	0	0	0	0	0
bcftools_stats_vqc_Count_SNP:139	bcftools_stats	1	snv_indel_calling	0	1	0	0	0	0	0	0	0	0	0	0
bcftools_stats_vqc_Count_SNP:14	bcftools_stats	1	snv_indel_calling	0	1	0	0	0	0	0	0	0	0	0	0
bcftools_stats_vqc_Count_SNP:140	bcftools_stats	1	snv_indel_calling	0	1	0	0	0	0	0	0	0	0	0	0
bcftools_stats_vqc_Count_SNP:141	bcftools_stats	1	snv_indel_calling	0	1	0	0	0	0	0	0	0	0	0	0
bcftools_stats_vqc_Count_SNP:142	bcftools_stats	1	snv_indel_calling	0	1	0	0	0	0	0	0	0	0	0	0
bcftools_stats_vqc_Count_SNP:143	bcftools_stats	1	snv_indel_calling	0	1	0	0	0	0	0	0	0	0	0	0
bcftools_stats_vqc_Count_SNP:144	bcftools_stats	1	snv_indel_calling	0	1	0	0	0	0	0	0	0	0	0	0
bcftools_stats_vqc_Count_SNP:145	bcftools_stats	1	snv_indel_calling	0	1	0	0	0	0	0	0	0	0	0	0
bcftools_stats_vqc_Count_SNP:146	bcftools_stats	1	snv_indel_calling	0	1	0	0	0	0	0	0	0	0	0	0
bcftools_stats_vqc_Count_SNP:147	bcftools_stats	1	snv_indel_calling	0	1	0	0	0	0	0	0	0	0	0	0
bcftools_stats_vqc_Count_SNP:148	bcftools_stats	1	snv_indel_calling	0	1	0	0	0	0	0	0	0	0	0	0
bcftools_stats_vqc_Count_SNP:149	bcftools_stats	1	snv_indel_calling	0	1	0	0	0	0	0	0	0	0	0	0
bcftools_stats_vqc_Count_SNP:15	bcftools_stats	1	snv_indel_calling	0	1	0	0	0	0	0	0	0	0	0	0
bcftools_stats_vqc_Count_SNP:150	bcftools_stats	1	snv_indel_calling	0	1	0	0	0	0	0	0	0	0	0	0
bcftools_stats_vqc_Count_SNP:151	bcftools_stats	1	snv_indel_calling	0	1	0	0	0	0	0	0	0	0	0	0
bcftools_stats_vqc_Count_SNP:152	bcftools_stats	1	snv_indel_calling	0	1	0	0	0	0	0	0	0	0	0	0
bcftools_stats_vqc_Count_SNP:153	bcftools_stats	1	snv_indel_calling	0	1	0	0	0	0	0	0	0	0	0	0
bcftools_stats_vqc_Count_SNP:154	bcftools_stats	1	snv_indel_calling	0	1	0	0	0	0	0	0	0	0	0	0
bcftools_stats_vqc_Count_SNP:155	bcftools_stats	1	snv_indel_calling	0	1	0	0	0	0	0	0	0	0	0	0
bcftools_stats_vqc_Count_SNP:156	bcftools_stats	1	snv_indel_calling	0	1	0	0	0	0	0	0	0	0	0	0
bcftools_stats_vqc_Count_SNP:157	bcftools_stats	1	snv_indel_calling	0	1	0	0	0	0	0	0	0	0	0	0
bcftools_stats_vqc_Count_SNP:158	bcftools_stats	1	snv_indel_calling	0	1	0	0	0	0	0	0	0	0	0	0
bcftools_stats_vqc_Count_SNP:159	bcftools_stats	1	snv_indel_calling	0	1	0	0	0	0	0	0	0	0	0	0
bcftools_stats_vqc_Count_SNP:16	bcftools_stats	1	snv_indel_calling	0	1	0	0	0	0	0	0	0	0	0	0
bcftools_stats_vqc_Count_SNP:160	bcftools_stats	1	snv_indel_calling	0	1	0	0	0	0	0	0	0	0	0	0
bcftools_stats_vqc_Count_SNP:161	bcftools_stats	1	snv_indel_calling	0	1	0	0	0	0	0	0	0	0	0	0
bcftools_stats_vqc_Count_SNP:162	bcftools_stats	1	snv_indel_calling	0	1	0	0	0	0	0	0	0	0	0	0
bcftools_stats_vqc_Count_SNP:163	bcftools_stats	1	snv_indel_calling	0	1	0	0	0	0	0	0	0	0	0	0
bcftools_stats_vqc_Count_SNP:164	bcftools_stats	1	snv_indel_calling	0	1	0	0	0	0	0	0	0	0	0	0
bcftools_stats_vqc_Count_SNP:165	bcftools_stats	1	snv_indel_calling	0	1	0	0	0	0	0	0	0	0	0	0
bcftools_stats_vqc_Count_SNP:166	bcftools_stats	1	snv_indel_calling	0	1	0	0	0	0	0	0	0	0	0	0
bcftools_stats_vqc_Count_SNP:167	bcftools_stats	1	snv_indel_calling	0	1	0	0	0	0	0	0	0	0	0	0
bcftools_stats_vqc_Count_SNP:168	bcftools_stats	1	snv_indel_calling	0	1	0	0	0	0	0	0	0	0	0	0
bcftools_stats_vqc_Count_SNP:169	bcftools_stats	1	snv_indel_calling	0	1	0	0	0	0	0	0	0	0	0	0
bcftools_stats_vqc_Count_SNP:17	bcftools_stats	1	snv_indel_calling	0	1	0	0	0	0	0	0	0	0	0	0
bcftools_stats_vqc_Count_SNP:170	bcftools_stats	1	snv_indel_calling	0	1	0	0	0	0	0	0	0	0	0	0
bcftools_stats_vqc_Count_SNP:171	bcftools_stats	1	snv_indel_calling	0	1	0	0	0	0	0	0	0	0	0	0
bcftools_stats_vqc_Count_SNP:172	bcftools_stats	1	snv_indel_calling	0	1	0	0	0	0	0	0	0	0	0	0
bcftools_stats_vqc_Count_SNP:173	bcftools_stats	1	snv_indel_calling	0	1	0	0	0	0	0	0	0	0	0	0
bcftools_stats_vqc_Count_SNP:174	bcftools_stats	1	snv_indel_calling	0	1	0	0	0	0	0	0	0	0	0	0
bcftools_stats_vqc_Count_SNP:175	bcftools_stats	1	snv_indel_calling	0	1	0	0	0	0	0	0	0	0	0	0
bcftools_stats_vqc_Count_SNP:176	bcftools_stats	1	snv_indel_calling	0	1	0	0	0	0	0	0	0	0	0	0
bcftools_stats_vqc_Count_SNP:177	bcftools_stats	1	snv_indel_calling	0	1	0	0	0	0	0	0	0	0	0	0
bcftools_stats_vqc_Count_SNP:178	bcftools_stats	1	snv_indel_calling	0	1	0	0	0	0	0	0	0	0	0	0
bcftools_stats_vqc_Count_SNP:179	bcftools_stats	1	snv_indel_calling	0	1	0	0	0	0	0	0	0	0	0	0
bcftools_stats_vqc_Count_SNP:18	bcftools_stats	1	snv_indel_calling	0	1	0	0	0	0	0	0	0	0	0	0
bcftools_stats_vqc_Count_SNP:180	bcftools_stats	1	snv_indel_calling	0	1	0	0	0	0	0	0	0	0	0	0
bcftools_stats_vqc_Count_SNP:181	bcftools_stats	1	snv_indel_calling	0	1	0	0	0	0	0	0	0	0	0	0
bcftools_stats_vqc_Count_SNP:182	bcftools_stats	1	snv_indel_calling	0	1	0	0	0	0	0	0	0	0	0	0
bcftools_stats_vqc_Count_SNP:183	bcftools_stats	1	snv_indel_calling	0	1	0	0	0	0	0	0	0	0	0	0
bcftools_stats_vqc_Count_SNP:184	bcftools_stats	1	snv_indel_calling	0	1	0	0	0	0	0	0	0	0	0	0
bcftools_stats_vqc_Count_SNP:185	bcftools_stats	1	snv_indel_calling	0	1	0	0	0	0	0	0	0	0	0	0
bcftools_stats_vqc_Count_SNP:186	bcftools_stats	1	snv_indel_calling	0	1	0	0	0	0	0	0	0	0	0	0
bcftools_stats_vqc_Count_SNP:187	bcftools_stats	1	snv_indel_calling	0	1	0	0	0	0	0	0	0	0	0	0
bcftools_stats_vqc_Count_SNP:188	bcftools_stats	1	snv_indel_calling	0	1	0	0	0	0	0	0	0	0	0	0
bcftools_stats_vqc_Count_SNP:189	bcftools_stats	1	snv_indel_calling	0	1	0	0	0	0	0	0	0	0	0	0
bcftools_stats_vqc_Count_SNP:19	bcftools_stats	1	snv_indel_calling	0	1	0	0	0	0	0	0	0	0	0	0
bcftools_stats_vqc_Count_SNP:190	bcftools_stats	1	snv_indel_calling	0	1	0	0	0	0	0	0	0	0	0	0
bcftools_stats_vqc_Count_SNP:191	bcftools_stats	1	snv_indel_calling	0	1	0	0	0	0	0	0	0	0	0	0
bcftools_stats_vqc_Count_SNP:192	bcftools_stats	1	snv_indel_calling	0	1	0	0	0	0	0	0	0	0	0	0
bcftools_stats_vqc_Count_SNP:193	bcftools_stats	1	snv_indel_calling	0	1	0	0	0	0	0	0	0	0	0	0
bcftools_stats_vqc_Count_SNP:194	bcftools_stats	1	snv_indel_calling	0	1	0	0	0	0	0	0	0	0	0	0
bcftools_stats_vqc_Count_SNP:195	bcftools_stats	1	snv_indel_calling	0	1	0	0	0	0	0	0	0	0	0	0
bcftools_stats_vqc_Count_SNP:196	bcftools_stats	1	snv_indel_calling	0	1	0	0	0	0	0	0	0	0	0	0
bcftools_stats_vqc_Count_SNP:197	bcftools_stats	1	snv_indel_calling	0	1	0	0	0	0	0	0	0	0	0	0
bcftools_stats_vqc_Count_SNP:198	bcftools_stats	1	snv_indel_calling	0	1	0	0	0	0	0	0	0	0	0	0
bcftools_stats_vqc_Count_SNP:199	bcftools_stats	1	snv_indel_calling	0	1	0	0	0	0	0	0	0	0	0	0
bcftools_stats_vqc_Count_SNP:2	bcftools_stats	1	snv_indel_calling	0	1	0	0	0	0	0	0	0	0	0	0
bcftools_stats_vqc_Count_SNP:20	bcftools_stats	1	snv_indel_calling	0	1	0	0	0	0	0	0	0	0	0	0
bcftools_stats_vqc_Count_SNP:200	bcftools_stats	1	snv_indel_calling	0	1	0	0	0	0	0	0	0	0	0	0
bcftools_stats_vqc_Count_SNP:201	bcftools_stats	1	snv_indel_calling	0	1	0	0	0	0	0	0	0	0	0	0
bcftools_stats_vqc_Count_SNP:202	bcftools_stats	1	snv_indel_calling	0	1	0	0	0	0	0	0	0	0	0	0
bcftools_stats_vqc_Count_SNP:203	bcftools_stats	1	snv_indel_calling	0	1	0	0	0	0	0	0	0	0	0	0
bcftools_stats_vqc_Count_SNP:204	bcftools_stats	1	snv_indel_calling	0	1	0	0	0	0	0	0	0	0	0	0
bcftools_stats_vqc_Count_SNP:205	bcftools_stats	1	snv_indel_calling	0	1	0	0	0	0	0	0	0	0	0	0
bcftools_stats_vqc_Count_SNP:206	bcftools_stats	1	snv_indel_calling	0	1	0	0	0	0	0	0	0	0	0	0
bcftools_stats_vqc_Count_SNP:207	bcftools_stats	1	snv_indel_calling	0	1	0	0	0	0	0	0	0	0	0	0
bcftools_stats_vqc_Count_SNP:208	bcftools_stats	1	snv_indel_calling	0	1	0	0	0	0	0	0	0	0	0	0
bcftools_stats_vqc_Count_SNP:209	bcftools_stats	1	snv_indel_calling	0	1	0	0	0	0	0	0	0	0	0	0
bcftools_stats_vqc_Count_SNP:21	bcftools_stats	1	snv_indel_calling	0	1	0	0	0	0	0	0	0	0	0	0
bcftools_stats_vqc_Count_SNP:210	bcftools_stats	1	snv_indel_calling	0	1	0	0	0	0	0	0	0	0	0	0
bcftools_stats_vqc_Count_SNP:211	bcftools_stats	1	snv_indel_calling	0	1	0	0	0	0	0	0	0	0	0	0
bcftools_stats_vqc_Count_SNP:212	bcftools_stats	1	snv_indel_calling	0	1	0	0	0	0	0	0	0	0	0	0
bcftools_stats_vqc_Count_SNP:213	bcftools_stats	1	snv_indel_calling	0	1	0	0	0	0	0	0	0	0	0	0
bcftools_stats_vqc_Count_SNP:214	bcftools_stats	1	snv_indel_calling	0	1	0	0	0	0	0	0	0	0	0	0
bcftools_stats_vqc_Count_SNP:215	bcftools_stats	1	snv_indel_calling	0	1	0	0	0	0	0	0	0	0	0	0
bcftools_stats_vqc_Count_SNP:216	bcftools_stats	1	snv_indel_calling	0	1	0	0	0	0	0	0	0	0	0	0
bcftools_stats_vqc_Count_SNP:217	bcftools_stats	1	snv_indel_calling	0	1	0	0	0	0	0	0	0	0	0	0
bcftools_stats_vqc_Count_SNP:218	bcftools_stats	1	snv_indel_calling	0	1	0	0	0	0	0	0	0	0	0	0
bcftools_stats_vqc_Count_SNP:219	bcftools_stats	1	snv_indel_calling	0	1	0	0	0	0	0	0	0	0	0	0
bcftools_stats_vqc_Count_SNP:22	bcftools_stats	1	snv_indel_calling	0	1	0	0	0	0	0	0	0	0	0	0
bcftools_stats_vqc_Count_SNP:220	bcftools_stats	1	snv_indel_calling	0	1	0	0	0	0	0	0	0	0	0	0
bcftools_stats_vqc_Count_SNP:221	bcftools_stats	1	snv_indel_calling	0	1	0	0	0	0	0	0	0	0	0	0
bcftools_stats_vqc_Count_SNP:222	bcftools_stats	1	snv_indel_calling	0	1	0	0	0	0	0	0	0	0	0	0
bcftools_stats_vqc_Count_SNP:223	bcftools_stats	1	snv_indel_calling	0	1	0	0	0	0	0	0	0	0	0	0
bcftools_stats_vqc_Count_SNP:224	bcftools_stats	1	snv_indel_calling	0	1	0	0	0	0	0	0	0	0	0	0
bcftools_stats_vqc_Count_SNP:225	bcftools_stats	1	snv_indel_calling	0	1	0	0	0	0	0	0	0	0	0	0
bcftools_stats_vqc_Count_SNP:226	bcftools_stats	1	snv_indel_calling	0	1	0	0	0	0	0	0	0	0	0	0
bcftools_stats_vqc_Count_SNP:227	bcftools_stats	1	snv_indel_calling	0	1	0	0	0	0	0	0	0	0	0	0
bcftools_stats_vqc_Count_SNP:228	bcftools_stats	1	snv_indel_calling	0	1	0	0	0	0	0	0	0	0	0	0
bcftools_stats_vqc_Count_SNP:229	bcftools_stats	1	snv_indel_calling	0	1	0	0	0	0	0	0	0	0	0	0
bcftools_stats_vqc_Count_SNP:23	bcftools_stats	1	snv_indel_calling	0	1	0	0	0	0	0	0	0	0	0	0
bcftools_stats_vqc_Count_SNP:230	bcftools_stats	1	snv_indel_calling	0	1	0	0	0	0	0	0	0	0	0	0
bcftools_stats_vqc_Count_SNP:231	bcftools_stats	1	snv_indel_calling	0	1	0	0	0	0	0	0	0	0	0	0
bcftools_stats_vqc_Count_SNP:232	bcftools_stats	1	snv_indel_calling	0	1	0	0	0	0	0	0	0	0	0	0
bcftools_stats_vqc_Count_SNP:233	bcftools_stats	1	snv_indel_calling	0	1	0	0	0	0	0	0	0	0	0	0
bcftools_stats_vqc_Count_SNP:234	bcftools_stats	1	snv_indel_calling	0	1	0	0	0	0	0	0	0	0	0	0
bcftools_stats_vqc_Count_SNP:235	bcftools_stats	1	snv_indel_calling	0	1	0	0	0	0	0	0	0	0	0	0
bcftools_stats_vqc_Count_SNP:236	bcftools_stats	1	snv_indel_calling	0	1	0	0	0	0	0	0	0	0	0	0
bcftools_stats_vqc_Count_SNP:237	bcftools_stats	1	snv_indel_calling	0	1	0	0	0	0	0	0	0	0	0	0
bcftools_stats_vqc_Count_SNP:238	bcftools_stats	1	snv_indel_calling	0	1	0	0	0	0	0	0	0	0	0	0
bcftools_stats_vqc_Count_SNP:239	bcftools_stats	1	snv_indel_calling	0	1	0	0	0	0	0	0	0	0	0	0
bcftools_stats_vqc_Count_SNP:24	bcftools_stats	1	snv_indel_calling	0	1	0	0	0	0	0	0	0	0	0	0
bcftools_stats_vqc_Count_SNP:240	bcftools_stats	1	snv_indel_calling	0	1	0	0	0	0	0	0	0	0	0	0
bcftools_stats_vqc_Count_SNP:241	bcftools_stats	1	snv_indel_calling	0	1	0	0	0	0	0	0	0	0	0	0
bcftools_stats_vqc_Count_SNP:242	bcftools_stats	1	snv_indel_calling	0	1	0	0	0	0	0	0	0	0	0	0
bcftools_stats_vqc_Count_SNP:243	bcftools_stats	1	snv_indel_calling	0	1	0	0	0	0	0	0	0	0	0	0
bcftools_stats_vqc_Count_SNP:244	bcftools_stats	1	snv_indel_calling	0	1	0	0	0	0	0	0	0	0	0	0
bcftools_stats_vqc_Count_SNP:245	bcftools_stats	1	snv_indel_calling	0	1	0	0	0	0	0	0	0	0	0	0
bcftools_stats_vqc_Count_SNP:246	bcftools_stats	1	snv_indel_calling	0	1	0	0	0	0	0	0	0	0	0	0
bcftools_stats_vqc_Count_SNP:247	bcftools_stats	1	snv_indel_calling	0	1	0	0	0	0	0	0	0	0	0	0
bcftools_stats_vqc_Count_SNP:248	bcftools_stats	1	snv_indel_calling	0	1	0	0	0	0	0	0	0	0	0	0
bcftools_stats_vqc_Count_SNP:249	bcftools_stats	1	snv_indel_calling	0	1	0	0	0	0	0	0	0	0	0	0
bcftools_stats_vqc_Count_SNP:25	bcftools_stats	1	snv_indel_calling	0	1	0	0	0	0	0	0	0	0	0	0
bcftools_stats_vqc_Count_SNP:250	bcftools_stats	1	snv_indel_calling	0	1	0	0	0	0	0	0	0	0	0	0
bcftools_stats_vqc_Count_SNP:251	bcftools_stats	1	snv_indel_calling	0	1	0	0	0	0	0	0	0	0	0	0
bcftools_stats_vqc_Count_SNP:252	bcftools_stats	1	snv_indel_calling	0	1	0	0	0	0	0	0	0	0	0	0
bcftools_stats_vqc_Count_SNP:253	bcftools_stats	1	snv_indel_calling	0	1	0	0	0	0	0	0	0	0	0	0
bcftools_stats_vqc_Count_SNP:254	bcftools_stats	1	snv_indel_calling	0	1	0	0	0	0	0	0	0	0	0	0
bcftools_stats_vqc_Count_SNP:255	bcftools_stats	1	snv_indel_calling	0	1	0	0	0	0	0	0	0	0	0	0
bcftools_stats_vqc_Count_SNP:256	bcftools_stats	1	snv_indel_calling	0	1	0	0	0	0	0	0	0	0	0	0
bcftools_stats_vqc_Count_SNP:257	bcftools_stats	1	snv_indel_calling	0	1	0	0	0	0	0	0	0	0	0	0
bcftools_stats_vqc_Count_SNP:258	bcftools_stats	1	snv_indel_calling	0	1	0	0	0	0	0	0	0	0	0	0
bcftools_stats_vqc_Count_SNP:259	bcftools_stats	1	snv_indel_calling	0	1	0	0	0	0	0	0	0	0	0	0
bcftools_stats_vqc_Count_SNP:26	bcftools_stats	1	snv_indel_calling	0	1	0	0	0	0	0	0	0	0	0	0
bcftools_stats_vqc_Count_SNP:260	bcftools_stats	1	snv_indel_calling	0	1	0	0	0	0	0	0	0	0	0	0
bcftools_stats_vqc_Count_SNP:261	bcftools_stats	1	snv_indel_calling	0	1	0	0	0	0	0	0	0	0	0	0
bcftools_stats_vqc_Count_SNP:262	bcftools_stats	1	snv_indel_calling	0	1	0	0	0	0	0	0	0	0	0	0
bcftools_stats_vqc_Count_SNP:263	bcftools_stats	1	snv_indel_calling	0	1	0	0	0	0	0	0	0	0	0	0
bcftools_stats_vqc_Count_SNP:264	bcftools_stats	1	snv_indel_calling	0	1	0	0	0	0	0	0	0	0	0	0
bcftools_stats_vqc_Count_SNP:265	bcftools_stats	1	snv_indel_calling	0	1	0	0	0	0	0	0	0	0	0	0
bcftools_stats_vqc_Count_SNP:266	bcftools_stats	1	snv_indel_calling	0	1	0	0	0	0	0	0	0	0	0	0
bcftools_stats_vqc_Count_SNP:267	bcftools_stats	1	snv_indel_calling	0	1	0	0	0	0	0	0	0	0	0	0
bcftools_stats_vqc_Count_SNP:268	bcftools_stats	1	snv_indel_calling	0	1	0	0	0	0	0	0	0	0	0	0
bcftools_stats_vqc_Count_SNP:269	bcftools_stats	1	snv_indel_calling	0	1	0	0	0	0	0	0	0	0	0	0
bcftools_stats_vqc_Count_SNP:27	bcftools_stats	1	snv_indel_calling	0	1	0	0	0	0	0	0	0	0	0	0
bcftools_stats_vqc_Count_SNP:270	bcftools_stats	1	snv_indel_calling	0	1	0	0	0	0	0	0	0	0	0	0
bcftools_stats_vqc_Count_SNP:271	bcftools_stats	1	snv_indel_calling	0	1	0	0	0	0	0	0	0	0	0	0
bcftools_stats_vqc_Count_SNP:272	bcftools_stats	1	snv_indel_calling	0	1	0	0	0	0	0	0	0	0	0	0
bcftools_stats_vqc_Count_SNP:273	bcftools_stats	1	snv_indel_calling	0	1	0	0	0	0	0	0	0	0	0	0
bcftools_stats_vqc_Count_SNP:274	bcftools_stats	1	snv_indel_calling	0	1	0	0	0	0	0	0	0	0	0	0
bcftools_stats_vqc_Count_SNP:275	bcftools_stats	1	snv_indel_calling	0	1	0	0	0	0	0	0	0	0	0	0
bcftools_stats_vqc_Count_SNP:276	bcftools_stats	1	snv_indel_calling	0	1	0	0	0	0	0	0	0	0	0	0
bcftools_stats_vqc_Count_SNP:277	bcftools_stats	1	snv_indel_calling	0	1	0	0	0	0	0	0	0	0	0	0
bcftools_stats_vqc_Count_SNP:278	bcftools_stats	1	snv_indel_calling	0	1	0	0	0	0	0	0	0	0	0	0
bcftools_stats_vqc_Count_SNP:279	bcftools_stats	1	snv_indel_calling	0	1	0	0	0	0	0	0	0	0	0	0
bcftools_stats_vqc_Count_SNP:28	bcftools_stats	1	snv_indel_calling	0	1	0	0	0	0	0	0	0	0	0	0
bcftools_stats_vqc_Count_SNP:280	bcftools_stats	1	snv_indel_calling	0	1	0	0	0	0	0	0	0	0	0	0
bcftools_stats_vqc_Count_SNP:281	bcftools_stats	1	snv_indel_calling	0	1	0	0	0	0	0	0	0	0	0	0
bcftools_stats_vqc_Count_SNP:282	bcftools_stats	1	snv_indel_calling	0	1	0	0	0	0	0	0	0	0	0	0
bcftools_stats_vqc_Count_SNP:283	bcftools_stats	1	snv_indel_calling	0	1	0	0	0	0	0	0	0	0	0	0
bcftools_stats_vqc_Count_SNP:284	bcftools_stats	1	snv_indel_calling	0	1	0	0	0	0	0	0	0	0	0	0
bcftools_stats_vqc_Count_SNP:285	bcftools_stats	1	snv_indel_calling	0	1	0	0	0	0	0	0	0	0	0	0
bcftools_stats_vqc_Count_SNP:286	bcftools_stats	1	snv_indel_calling	0	1	0	0	0	0	0	0	0	0	0	0
bcftools_stats_vqc_Count_SNP:287	bcftools_stats	1	snv_indel_calling	0	1	0	0	0	0	0	0	0	0	0	0
bcftools_stats_vqc_Count_SNP:288	bcftools_stats	1	snv_indel_calling	0	1	0	0	0	0	0	0	0	0	0	0
bcftools_stats_vqc_Count_SNP:289	bcftools_stats	1	snv_indel_calling	0	1	0	0	0	0	0	0	0	0	0	0
bcftools_stats_vqc_Count_SNP:29	bcftools_stats	1	snv_indel_calling	0	1	0	0	0	0	0	0	0	0	0	0
bcftools_stats_vqc_Count_SNP:290	bcftools_stats	1	snv_indel_calling	0	1	0	0	0	0	0	0	0	0	0	0
bcftools_stats_vqc_Count_SNP:291	bcftools_stats	1	snv_indel_calling	0	1	0	0	0	0	0	0	0	0	0	0
bcftools_stats_vqc_Count_SNP:292	bcftools_stats	1	snv_indel_calling	0	1	0	0	0	0	0	0	0	0	0	0
bcftools_stats_vqc_Count_SNP:293	bcftools_stats	1	snv_indel_calling	0	1	0	0	0	0	0	0	0	0	0	0
bcftools_stats_vqc_Count_SNP:294	bcftools_stats	1	snv_indel_calling	0	1	0	0	0	0	0	0	0	0	0	0
bcftools_stats_vqc_Count_SNP:295	bcftools_stats	1	snv_indel_calling	0	1	0	0	0	0	0	0	0	0	0	0
bcftools_stats_vqc_Count_SNP:296	bcftools_stats	1	snv_indel_calling	0	1	0	0	0	0	0	0	0	0	0	0
bcftools_stats_vqc_Count_SNP:297	bcftools_stats	1	snv_indel_calling	0	1	0	0	0	0	0	0	0	0	0	0
bcftools_stats_vqc_Count_SNP:298	bcftools_stats	1	snv_indel_calling	0	1	0	0	0	0	0	0	0	0	0	0
bcftools_stats_vqc_Count_SNP:299	bcftools_stats	1	snv_indel_calling	0	1	0	0	0	0	0	0	0	0	0	0
bcftools_stats_vqc_Count_SNP:3	bcftools_stats	1	snv_indel_calling	0	1	0	0	0	0	0	0	0	0	0	0
bcftools_stats_vqc_Count_SNP:30	bcftools_stats	1	snv_indel_calling	0	1	0	0	0	0	0	0	0	0	0	0
bcftools_stats_vqc_Count_SNP:300	bcftools_stats	1	snv_indel_calling	0	1	0	0	0	0	0	0	0	0	0	0
bcftools_stats_vqc_Count_SNP:301	bcftools_stats	1	snv_indel_calling	0	1	0	0	0	0	0	0	0	0	0	0
bcftools_stats_vqc_Count_SNP:302	bcftools_stats	1	snv_indel_calling	0	1	0	0	0	0	0	0	0	0	0	0
bcftools_stats_vqc_Count_SNP:303	bcftools_stats	1	snv_indel_calling	0	1	0	0	0	0	0	0	0	0	0	0
bcftools_stats_vqc_Count_SNP:304	bcftools_stats	1	snv_indel_calling	0	1	0	0	0	0	0	0	0	0	0	0
bcftools_stats_vqc_Count_SNP:305	bcftools_stats	1	snv_indel_calling	0	1	0	0	0	0	0	0	0	0	0	0
bcftools_stats_vqc_Count_SNP:306	bcftools_stats	1	snv_indel_calling	0	1	0	0	0	0	0	0	0	0	0	0
bcftools_stats_vqc_Count_SNP:307	bcftools_stats	1	snv_indel_calling	0	1	0	0	0	0	0	0	0	0	0	0
bcftools_stats_vqc_Count_SNP:308	bcftools_stats	1	snv_indel_calling	0	1	0	0	0	0	0	0	0	0	0	0
bcftools_stats_vqc_Count_SNP:309	bcftools_stats	1	snv_indel_calling	0	1	0	0	0	0	0	0	0	0	0	0
bcftools_stats_vqc_Count_SNP:31	bcftools_stats	1	snv_indel_calling	0	1	0	0	0	0	0	0	0	0	0	0
bcftools_stats_vqc_Count_SNP:310	bcftools_stats	1	snv_indel_calling	0	1	0	0	0	0	0	0	0	0	0	0
bcftools_stats_vqc_Count_SNP:311	bcftools_stats	1	snv_indel_calling	0	1	0	0	0	0	0	0	0	0	0	0
bcftools_stats_vqc_Count_SNP:312	bcftools_stats	1	snv_indel_calling	0	1	0	0	0	0	0	0	0	0	0	0
bcftools_stats_vqc_Count_SNP:313	bcftools_stats	1	snv_indel_calling	0	1	0	0	0	0	0	0	0	0	0	0
bcftools_stats_vqc_Count_SNP:314	bcftools_stats	1	snv_indel_calling	0	1	0	0	0	0	0	0	0	0	0	0
bcftools_stats_vqc_Count_SNP:315	bcftools_stats	1	snv_indel_calling	0	1	0	0	0	0	0	0	0	0	0	0
bcftools_stats_vqc_Count_SNP:316	bcftools_stats	1	snv_indel_calling	0	1	0	0	0	0	0	0	0	0	0	0
bcftools_stats_vqc_Count_SNP:317	bcftools_stats	1	snv_indel_calling	0	1	0	0	0	0	0	0	0	0	0	0
bcftools_stats_vqc_Count_SNP:318	bcftools_stats	1	snv_indel_calling	0	1	0	0	0	0	0	0	0	0	0	0
bcftools_stats_vqc_Count_SNP:319	bcftools_stats	1	snv_indel_calling	0	1	0	0	0	0	0	0	0	0	0	0
bcftools_stats_vqc_Count_SNP:32	bcftools_stats	1	snv_indel_calling	0	1	0	0	0	0	0	0	0	0	0	0
bcftools_stats_vqc_Count_SNP:320	bcftools_stats	1	snv_indel_calling	0	1	0	0	0	0	0	0	0	0	0	0
bcftools_stats_vqc_Count_SNP:321	bcftools_stats	1	snv_indel_calling	0	1	0	0	0	0	0	0	0	0	0	0
bcftools_stats_vqc_Count_SNP:322	bcftools_stats	1	snv_indel_calling	0	1	0	0	0	0	0	0	0	0	0	0
bcftools_stats_vqc_Count_SNP:323	bcftools_stats	1	snv_indel_calling	0	1	0	0	0	0	0	0	0	0	0	0
bcftools_stats_vqc_Count_SNP:324	bcftools_stats	1	snv_indel_calling	0	1	0	0	0	0	0	0	0	0	0	0
bcftools_stats_vqc_Count_SNP:325	bcftools_stats	1	snv_indel_calling	0	1	0	0	0	0	0	0	0	0	0	0
bcftools_stats_vqc_Count_SNP:326	bcftools_stats	1	snv_indel_calling	0	1	0	0	0	0	0	0	0	0	0	0
bcftools_stats_vqc_Count_SNP:327	bcftools_stats	1	snv_indel_calling	0	1	0	0	0	0	0	0	0	0	0	0
bcftools_stats_vqc_Count_SNP:328	bcftools_stats	1	snv_indel_calling	0	1	0	0	0	0	0	0	0	0	0	0
bcftools_stats_vqc_Count_SNP:329	bcftools_stats	1	snv_indel_calling	0	1	0	0	0	0	0	0	0	0	0	0
bcftools_stats_vqc_Count_SNP:33	bcftools_stats	1	snv_indel_calling	0	1	0	0	0	0	0	0	0	0	0	0
bcftools_stats_vqc_Count_SNP:330	bcftools_stats	1	snv_indel_calling	0	1	0	0	0	0	0	0	0	0	0	0
bcftools_stats_vqc_Count_SNP:331	bcftools_stats	1	snv_indel_calling	0	1	0	0	0	0	0	0	0	0	0	0
bcftools_stats_vqc_Count_SNP:332	bcftools_stats	1	snv_indel_calling	0	1	0	0	0	0	0	0	0	0	0	0
bcftools_stats_vqc_Count_SNP:333	bcftools_stats	1	snv_indel_calling	0	1	0	0	0	0	0	0	0	0	0	0
bcftools_stats_vqc_Count_SNP:334	bcftools_stats	1	snv_indel_calling	0	1	0	0	0	0	0	0	0	0	0	0
bcftools_stats_vqc_Count_SNP:335	bcftools_stats	1	snv_indel_calling	0	1	0	0	0	0	0	0	0	0	0	0
bcftools_stats_vqc_Count_SNP:336	bcftools_stats	1	snv_indel_calling	0	1	0	0	0	0	0	0	0	0	0	0
bcftools_stats_vqc_Count_SNP:337	bcftools_stats	1	snv_indel_calling	0	1	0	0	0	0	0	0	0	0	0	0
bcftools_stats_vqc_Count_SNP:338	bcftools_stats	1	snv_indel_calling	0	1	0	0	0	0	0	0	0	0	0	0
bcftools_stats_vqc_Count_SNP:339	bcftools_stats	1	snv_indel_calling	0	1	0	0	0	0	0	0	0	0	0	0
bcftools_stats_vqc_Count_SNP:34	bcftools_stats	1	snv_indel_calling	0	1	0	0	0	0	0	0	0	0	0	0
bcftools_stats_vqc_Count_SNP:340	bcftools_stats	1	snv_indel_calling	0	1	0	0	0	0	0	0	0	0	0	0
bcftools_stats_vqc_Count_SNP:341	bcftools_stats	1	snv_indel_calling	0	1	0	0	0	0	0	0	0	0	0	0
bcftools_stats_vqc_Count_SNP:342	bcftools_stats	1	snv_indel_calling	0	1	0	0	0	0	0	0	0	0	0	0
bcftools_stats_vqc_Count_SNP:343	bcftools_stats	1	snv_indel_calling	0	1	0	0	0	0	0	0	0	0	0	0
bcftools_stats_vqc_Count_SNP:344	bcftools_stats	1	snv_indel_calling	0	1	0	0	0	0	0	0	0	0	0	0
bcftools_stats_vqc_Count_SNP:345	bcftools_stats	1	snv_indel_calling	0	1	0	0	0	0	0	0	0	0	0	0
bcftools_stats_vqc_Count_SNP:346	bcftools_stats	1	snv_indel_calling	0	1	0	0	0	0	0	0	0	0	0	0
bcftools_stats_vqc_Count_SNP:347	bcftools_stats	1	snv_indel_calling	0	1	0	0	0	0	0	0	0	0	0	0
bcftools_stats_vqc_Count_SNP:348	bcftools_stats	1	snv_indel_calling	0	1	0	0	0	0	0	0	0	0	0	0
bcftools_stats_vqc_Count_SNP:349	bcftools_stats	1	snv_indel_calling	0	1	0	0	0	0	0	0	0	0	0	0
bcftools_stats_vqc_Count_SNP:35	bcftools_stats	1	snv_indel_calling	0	1	0	0	0	0	0	0	0	0	0	0
bcftools_stats_vqc_Count_SNP:350	bcftools_stats	1	snv_indel_calling	0	1	0	0	0	0	0	0	0	0	0	0
bcftools_stats_vqc_Count_SNP:351	bcftools_stats	1	snv_indel_calling	0	1	0	0	0	0	0	0	0	0	0	0
bcftools_stats_vqc_Count_SNP:352	bcftools_stats	1	snv_indel_calling	0	1	0	0	0	0	0	0	0	0	0	0
bcftools_stats_vqc_Count_SNP:353	bcftools_stats	1	snv_indel_calling	0	1	0	0	0	0	0	0	0	0	0	0
bcftools_stats_vqc_Count_SNP:354	bcftools_stats	1	snv_indel_calling	0	1	0	0	0	0	0	0	0	0	0	0
bcftools_stats_vqc_Count_SNP:355	bcftools_stats	1	snv_indel_calling	0	1	0	0	0	0	0	0	0	0	0	0
bcftools_stats_vqc_Count_SNP:356	bcftools_stats	1	snv_indel_calling	0	1	0	0	0	0	0	0	0	0	0	0
bcftools_stats_vqc_Count_SNP:357	bcftools_stats	1	snv_indel_calling	0	1	0	0	0	0	0	0	0	0	0	0
bcftools_stats_vqc_Count_SNP:358	bcftools_stats	1	snv_indel_calling	0	1	0	0	0	0	0	0	0	0	0	0
bcftools_stats_vqc_Count_SNP:359	bcftools_stats	1	snv_indel_calling	0	1	0	0	0	0	0	0	0	0	0	0
bcftools_stats_vqc_Count_SNP:36	bcftools_stats	1	snv_indel_calling	0	1	0	0	0	0	0	0	0	0	0	0
bcftools_stats_vqc_Count_SNP:360	bcftools_stats	1	snv_indel_calling	0	1	0	0	0	0	0	0	0	0	0	0
bcftools_stats_vqc_Count_SNP:361	bcftools_stats	1	snv_indel_calling	0	1	0	0	0	0	0	0	0	0	0	0
bcftools_stats_vqc_Count_SNP:362	bcftools_stats	1	snv_indel_calling	0	1	0	0	0	0	0	0	0	0	0	0
bcftools_stats_vqc_Count_SNP:363	bcftools_stats	1	snv_indel_calling	0	1	0	0	0	0	0	0	0	0	0	0
bcftools_stats_vqc_Count_SNP:364	bcftools_stats	1	snv_indel_calling	0	1	0	0	0	0	0	0	0	0	0	0
bcftools_stats_vqc_Count_SNP:365	bcftools_stats	1	snv_indel_calling	0	1	0	0	0	0	0	0	0	0	0	0
bcftools_stats_vqc_Count_SNP:366	bcftools_stats	1	snv_indel_calling	0	1	0	0	0	0	0	0	0	0	0	0
bcftools_stats_vqc_Count_SNP:367	bcftools_stats	1	snv_indel_calling	0	1	0	0	0	0	0	0	0	0	0	0
bcftools_stats_vqc_Count_SNP:368	bcftools_stats	1	snv_indel_calling	0	1	0	0	0	0	0	0	0	0	0	0
bcftools_stats_vqc_Count_SNP:369	bcftools_stats	1	snv_indel_calling	0	1	0	0	0	0	0	0	0	0	0	0
bcftools_stats_vqc_Count_SNP:37	bcftools_stats	1	snv_indel_calling	0	1	0	0	0	0	0	0	0	0	0	0
bcftools_stats_vqc_Count_SNP:370	bcftools_stats	1	snv_indel_calling	0	1	0	0	0	0	0	0	0	0	0	0
bcftools_stats_vqc_Count_SNP:371	bcftools_stats	1	snv_indel_calling	0	1	0	0	0	0	0	0	0	0	0	0
bcftools_stats_vqc_Count_SNP:372	bcftools_stats	1	snv_indel_calling	0	1	0	0	0	0	0	0	0	0	0	0
bcftools_stats_vqc_Count_SNP:373	bcftools_stats	1	snv_indel_calling	0	1	0	0	0	0	0	0	0	0	0	0
bcftools_stats_vqc_Count_SNP:374	bcftools_stats	1	snv_indel_calling	0	1	0	0	0	0	0	0	0	0	0	0
bcftools_stats_vqc_Count_SNP:375	bcftools_stats	1	snv_indel_calling	0	1	0	0	0	0	0	0	0	0	0	0
bcftools_stats_vqc_Count_SNP:376	bcftools_stats	1	snv_indel_calling	0	1	0	0	0	0	0	0	0	0	0	0
bcftools_stats_vqc_Count_SNP:377	bcftools_stats	1	snv_indel_calling	0	1	0	0	0	0	0	0	0	0	0	0
bcftools_stats_vqc_Count_SNP:378	bcftools_stats	1	snv_indel_calling	0	1	0	0	0	0	0	0	0	0	0	0
bcftools_stats_vqc_Count_SNP:379	bcftools_stats	1	snv_indel_calling	0	1	0	0	0	0	0	0	0	0	0	0
bcftools_stats_vqc_Count_SNP:38	bcftools_stats	1	snv_indel_calling	0	1	0	0	0	0	0	0	0	0	0	0
bcftools_stats_vqc_Count_SNP:380	bcftools_stats	1	snv_indel_calling	0	1	0	0	0	0	0	0	0	0	0	0
bcftools_stats_vqc_Count_SNP:381	bcftools_stats	1	snv_indel_calling	0	1	0	0	0	0	0	0	0	0	0	0
bcftools_stats_vqc_Count_SNP:382	bcftools_stats	1	snv_indel_calling	0	1	0	0	0	0	0	0	0	0	0	0
bcftools_stats_vqc_Count_SNP:383	bcftools_stats	1	snv_indel_calling	0	1	0	0	0	0	0	0	0	0	0	0
bcftools_stats_vqc_Count_SNP:384	bcftools_stats	1	snv_indel_calling	0	1	0	0	0	0	0	0	0	0	0	0
bcftools_stats_vqc_Count_SNP:385	bcftools_stats	1	snv_indel_calling	0	1	0	0	0	0	0	0	0	0	0	0
bcftools_stats_vqc_Count_SNP:386	bcftools_stats	1	snv_indel_calling	0	1	0	0	0	0	0	0	0	0	0	0
bcftools_stats_vqc_Count_SNP:387	bcftools_stats	1	snv_indel_calling	0	1	0	0	0	0	0	0	0	0	0	0
bcftools_stats_vqc_Count_SNP:388	bcftools_stats	1	snv_indel_calling	0	1	0	0	0	0	0	0	0	0	0	0
bcftools_stats_vqc_Count_SNP:389	bcftools_stats	1	snv_indel_calling	0	1	0	0	0	0	0	0	0	0	0	0
bcftools_stats_vqc_Count_SNP:39	bcftools_stats	1	snv_indel_calling	0	1	0	0	0	0	0	0	0	0	0	0
bcftools_stats_vqc_Count_SNP:390	bcftools_stats	1	snv_indel_calling	0	1	0	0	0	0	0	0	0	0	0	0
bcftools_stats_vqc_Count_SNP:391	bcftools_stats	1	snv_indel_calling	0	1	0	0	0	0	0	0	0	0	0	0
bcftools_stats_vqc_Count_SNP:392	bcftools_stats	1	snv_indel_calling	0	1	0	0	0	0	0	0	0	0	0	0
bcftools_stats_vqc_Count_SNP:393	bcftools_stats	1	snv_indel_calling	0	1	0	0	0	0	0	0	0	0	0	0
bcftools_stats_vqc_Count_SNP:394	bcftools_stats	1	snv_indel_calling	0	1	0	0	0	0	0	0	0	0	0	0
bcftools_stats_vqc_Count_SNP:395	bcftools_stats	1	snv_indel_calling	0	1	0	0	0	0	0	0	0	0	0	0
bcftools_stats_vqc_Count_SNP:396	bcftools_stats	1	snv_indel_calling	0	1	0	0	0	0	0	0	0	0	0	0
bcftools_stats_vqc_Count_SNP:397	bcftools_stats	1	snv_indel_calling	0	1	0	0	0	0	0	0	0	0	0	0
bcftools_stats_vqc_Count_SNP:398	bcftools_stats	1	snv_indel_calling	0	1	0	0	0	0	0	0	0	0	0	0
bcftools_stats_vqc_Count_SNP:399	bcftools_stats	1	snv_indel_calling	0	1	0	0	0	0	0	0	0	0	0	0
bcftools_stats_vqc_Count_SNP:4	bcftools_stats	1	snv_indel_calling	0	1	0	0	0	0	0	0	0	0	0	0
bcftools_stats_vqc_Count_SNP:40	bcftools_stats	1	snv_indel_calling	0	1	0	0	0	0	0	0	0	0	0	0
bcftools_stats_vqc_Count_SNP:400	bcftools_stats	1	snv_indel_calling	0	1	0	0	0	0	0	0	0	0	0	0
bcftools_stats_vqc_Count_SNP:401	bcftools_stats	1	snv_indel_calling	0	1	0	0	0	0	0	0	0	0	0	0
bcftools_stats_vqc_Count_SNP:402	bcftools_stats	1	snv_indel_calling	0	1	0	0	0	0	0	0	0	0	0	0
bcftools_stats_vqc_Count_SNP:403	bcftools_stats	1	snv_indel_calling	0	1	0	0	0	0	0	0	0	0	0	0
bcftools_stats_vqc_Count_SNP:404	bcftools_stats	1	snv_indel_calling	0	1	0	0	0	0	0	0	0	0	0	0
bcftools_stats_vqc_Count_SNP:405	bcftools_stats	1	snv_indel_calling	0	1	0	0	0	0	0	0	0	0	0	0
bcftools_stats_vqc_Count_SNP:406	bcftools_stats	1	snv_indel_calling	0	1	0	0	0	0	0	0	0	0	0	0
bcftools_stats_vqc_Count_SNP:407	bcftools_stats	1	snv_indel_calling	0	1	0	0	0	0	0	0	0	0	0	0
bcftools_stats_vqc_Count_SNP:408	bcftools_stats	1	snv_indel_calling	0	1	0	0	0	0	0	0	0	0	0	0
bcftools_stats_vqc_Count_SNP:409	bcftools_stats	1	snv_indel_calling	0	1	0	0	0	0	0	0	0	0	0	0
bcftools_stats_vqc_Count_SNP:41	bcftools_stats	1	snv_indel_calling	0	1	0	0	0	0	0	0	0	0	0	0
bcftools_stats_vqc_Count_SNP:410	bcftools_stats	1	snv_indel_calling	0	1	0	0	0	0	0	0	0	0	0	0
bcftools_stats_vqc_Count_SNP:411	bcftools_stats	1	snv_indel_calling	0	1	0	0	0	0	0	0	0	0	0	0
bcftools_stats_vqc_Count_SNP:412	bcftools_stats	1	snv_indel_calling	0	1	0	0	0	0	0	0	0	0	0	0
bcftools_stats_vqc_Count_SNP:413	bcftools_stats	1	snv_indel_calling	0	1	0	0	0	0	0	0	0	0	0	0
bcftools_stats_vqc_Count_SNP:414	bcftools_stats	1	snv_indel_calling	0	1	0	0	0	0	0	0	0	0	0	0
bcftools_stats_vqc_Count_SNP:415	bcftools_stats	1	snv_indel_calling	0	1	0	0	0	0	0	0	0	0	0	0
bcftools_stats_vqc_Count_SNP:416	bcftools_stats	1	snv_indel_calling	0	1	0	0	0	0	0	0	0	0	0	0
bcftools_stats_vqc_Count_SNP:417	bcftools_stats	1	snv_indel_calling	0	1	0	0	0	0	0	0	0	0	0	0
bcftools_stats_vqc_Count_SNP:418	bcftools_stats	1	snv_indel_calling	0	1	0	0	0	0	0	0	0	0	0	0
bcftools_stats_vqc_Count_SNP:419	bcftools_stats	1	snv_indel_calling	0	1	0	0	0	0	0	0	0	0	0	0
bcftools_stats_vqc_Count_SNP:42	bcftools_stats	1	snv_indel_calling	0	1	0	0	0	0	0	0	0	0	0	0
bcftools_stats_vqc_Count_SNP:420	bcftools_stats	1	snv_indel_calling	0	1	0	0	0	0	0	0	0	0	0	0
bcftools_stats_vqc_Count_SNP:421	bcftools_stats	1	snv_indel_calling	0	1	0	0	0	0	0	0	0	0	0	0
bcftools_stats_vqc_Count_SNP:422	bcftools_stats	1	snv_indel_calling	0	1	0	0	0	0	0	0	0	0	0	0
bcftools_stats_vqc_Count_SNP:423	bcftools_stats	1	snv_indel_calling	0	1	0	0	0	0	0	0	0	0	0	0
bcftools_stats_vqc_Count_SNP:424	bcftools_stats	1	snv_indel_calling	0	1	0	0	0	0	0	0	0	0	0	0
bcftools_stats_vqc_Count_SNP:425	bcftools_stats	1	snv_indel_calling	0	1	0	0	0	0	0	0	0	0	0	0
bcftools_stats_vqc_Count_SNP:426	bcftools_stats	1	snv_indel_calling	0	1	0	0	0	0	0	0	0	0	0	0
bcftools_stats_vqc_Count_SNP:427	bcftools_stats	1	snv_indel_calling	0	1	0	0	0	0	0	0	0	0	0	0
bcftools_stats_vqc_Count_SNP:428	bcftools_stats	1	snv_indel_calling	0	1	0	0	0	0	0	0	0	0	0	0
bcftools_stats_vqc_Count_SNP:429	bcftools_stats	1	snv_indel_calling	0	1	0	0	0	0	0	0	0	0	0	0
bcftools_stats_vqc_Count_SNP:43	bcftools_stats	1	snv_indel_calling	0	1	0	0	0	0	0	0	0	0	0	0
bcftools_stats_vqc_Count_SNP:430	bcftools_stats	1	snv_indel_calling	0	1	0	0	0	0	0	0	0	0	0	0
bcftools_stats_vqc_Count_SNP:431	bcftools_stats	1	snv_indel_calling	0	1	0	0	0	0	0	0	0	0	0	0
bcftools_stats_vqc_Count_SNP:432	bcftools_stats	1	snv_indel_calling	0	1	0	0	0	0	0	0	0	0	0	0
bcftools_stats_vqc_Count_SNP:433	bcftools_stats	1	snv_indel_calling	0	1	0	0	0	0	0	0	0	0	0	0
bcftools_stats_vqc_Count_SNP:434	bcftools_stats	1	snv_indel_calling	0	1	0	0	0	0	0	0	0	0	0	0
bcftools_stats_vqc_Count_SNP:435	bcftools_stats	1	snv_indel_calling	0	1	0	0	0	0	0	0	0	0	0	0
bcftools_stats_vqc_Count_SNP:436	bcftools_stats	1	snv_indel_calling	0	1	0	0	0	0	0	0	0	0	0	0
bcftools_stats_vqc_Count_SNP:437	bcftools_stats	1	snv_indel_calling	0	1	0	0	0	0	0	0	0	0	0	0
bcftools_stats_vqc_Count_SNP:438	bcftools_stats	1	snv_indel_calling	0	1	0	0	0	0	0	0	0	0	0	0
bcftools_stats_vqc_Count_SNP:439	bcftools_stats	1	snv_indel_calling	0	1	0	0	0	0	0	0	0	0	0	0
bcftools_stats_vqc_Count_SNP:44	bcftools_stats	1	snv_indel_calling	0	1	0	0	0	0	0	0	0	0	0	0
bcftools_stats_vqc_Count_SNP:440	bcftools_stats	1	snv_indel_calling	0	1	0	0	0	0	0	0	0	0	0	0
bcftools_stats_vqc_Count_SNP:441	bcftools_stats	1	snv_indel_calling	0	1	0	0	0	0	0	0	0	0	0	0
bcftools_stats_vqc_Count_SNP:442	bcftools_stats	1	snv_indel_calling	0	1	0	0	0	0	0	0	0	0	0	0
bcftools_stats_vqc_Count_SNP:443	bcftools_stats	1	snv_indel_calling	0	1	0	0	0	0	0	0	0	0	0	0
bcftools_stats_vqc_Count_SNP:444	bcftools_stats	1	snv_indel_calling	0	1	0	0	0	0	0	0	0	0	0	0
bcftools_stats_vqc_Count_SNP:445	bcftools_stats	1	snv_indel_calling	0	1	0	0	0	0	0	0	0	0	0	0
bcftools_stats_vqc_Count_SNP:446	bcftools_stats	1	snv_indel_calling	0	1	0	0	0	0	0	0	0	0	0	0
bcftools_stats_vqc_Count_SNP:447	bcftools_stats	1	snv_indel_calling	0	1	0	0	0	0	0	0	0	0	0	0
bcftools_stats_vqc_Count_SNP:448	bcftools_stats	1	snv_indel_calling	0	1	0	0	0	0	0	0	0	0	0	0
bcftools_stats_vqc_Count_SNP:449	bcftools_stats	1	snv_indel_calling	0	1	0	0	0	0	0	0	0	0	0	0
bcftools_stats_vqc_Count_SNP:45	bcftools_stats	1	snv_indel_calling	0	1	0	0	0	0	0	0	0	0	0	0
bcftools_stats_vqc_Count_SNP:450	bcftools_stats	1	snv_indel_calling	0	1	0	0	0	0	0	0	0	0	0	0
bcftools_stats_vqc_Count_SNP:451	bcftools_stats	1	snv_indel_calling	0	1	0	0	0	0	0	0	0	0	0	0
bcftools_stats_vqc_Count_SNP:452	bcftools_stats	1	snv_indel_calling	0	1	0	0	0	0	0	0	0	0	0	0
bcftools_stats_vqc_Count_SNP:453	bcftools_stats	1	snv_indel_calling	0	1	0	0	0	0	0	0	0	0	0	0
bcftools_stats_vqc_Count_SNP:454	bcftools_stats	1	snv_indel_calling	0	1	0	0	0	0	0	0	0	0	0	0
bcftools_stats_vqc_Count_SNP:455	bcftools_stats	1	snv_indel_calling	0	1	0	0	0	0	0	0	0	0	0	0
bcftools_stats_vqc_Count_SNP:456	bcftools_stats	1	snv_indel_calling	0	1	0	0	0	0	0	0	0	0	0	0
bcftools_stats_vqc_Count_SNP:457	bcftools_stats	1	snv_indel_calling	0	1	0	0	0	0	0	0	0	0	0	0
bcftools_stats_vqc_Count_SNP:458	bcftools_stats	1	snv_indel_calling	0	1	0	0	0	0	0	0	0	0	0	0
bcftools_stats_vqc_Count_SNP:459	bcftools_stats	1	snv_indel_calling	0	1	0	0	0	0	0	0	0	0	0	0
bcftools_stats_vqc_Count_SNP:46	bcftools_stats	1	snv_indel_calling	0	1	0	0	0	0	0	0	0	0	0	0
bcftools_stats_vqc_Count_SNP:460	bcftools_stats	1	snv_indel_calling	0	1	0	0	0	0	0	0	0	0	0	0
bcftools_stats_vqc_Count_SNP:461	bcftools_stats	1	snv_indel_calling	0	1	0	0	0	0	0	0	0	0	0	0
bcftools_stats_vqc_Count_SNP:462	bcftools_stats	1	snv_indel_calling	0	1	0	0	0	0	0	0	0	0	0	0
bcftools_stats_vqc_Count_SNP:463	bcftools_stats	1	snv_indel_calling	0	1	0	0	0	0	0	0	0	0	0	0
bcftools_stats_vqc_Count_SNP:464	bcftools_stats	1	snv_indel_calling	0	1	0	0	0	0	0	0	0	0	0	0
bcftools_stats_vqc_Count_SNP:465	bcftools_stats	1	snv_indel_calling	0	1	0	0	0	0	0	0	0	0	0	0
bcftools_stats_vqc_Count_SNP:466	bcftools_stats	1	snv_indel_calling	0	1	0	0	0	0	0	0	0	0	0	0
bcftools_stats_vqc_Count_SNP:467	bcftools_stats	1	snv_indel_calling	0	1	0	0	0	0	0	0	0	0	0	0
bcftools_stats_vqc_Count_SNP:468	bcftools_stats	1	snv_indel_calling	0	1	0	0	0	0	0	0	0	0	0	0
bcftools_stats_vqc_Count_SNP:469	bcftools_stats	1	snv_indel_calling	0	1	0	0	0	0	0	0	0	0	0	0
bcftools_stats_vqc_Count_SNP:47	bcftools_stats	1	snv_indel_calling	0	1	0	0	0	0	0	0	0	0	0	0
bcftools_stats_vqc_Count_SNP:470	bcftools_stats	1	snv_indel_calling	0	1	0	0	0	0	0	0	0	0	0	0
bcftools_stats_vqc_Count_SNP:471	bcftools_stats	1	snv_indel_calling	0	1	0	0	0	0	0	0	0	0	0	0
bcftools_stats_vqc_Count_SNP:472	bcftools_stats	1	snv_indel_calling	0	1	0	0	0	0	0	0	0	0	0	0
bcftools_stats_vqc_Count_SNP:473	bcftools_stats	1	snv_indel_calling	0	1	0	0	0	0	0	0	0	0	0	0
bcftools_stats_vqc_Count_SNP:474	bcftools_stats	1	snv_indel_calling	0	1	0	0	0	0	0	0	0	0	0	0
bcftools_stats_vqc_Count_SNP:475	bcftools_stats	1	snv_indel_calling	0	1	0	0	0	0	0	0	0	0	0	0
bcftools_stats_vqc_Count_SNP:476	bcftools_stats	1	snv_indel_calling	0	1	0	0	0	0	0	0	0	0	0	0
bcftools_stats_vqc_Count_SNP:477	bcftools_stats	1	snv_indel_calling	0	1	0	0	0	0	0	0	0	0	0	0
bcftools_stats_vqc_Count_SNP:478	bcftools_stats	1	snv_indel_calling	0	1	0	0	0	0	0	0	0	0	0	0
bcftools_stats_vqc_Count_SNP:479	bcftools_stats	1	snv_indel_calling	0	1	0	0	0	0	0	0	0	0	0	0
bcftools_stats_vqc_Count_SNP:48	bcftools_stats	1	snv_indel_calling	0	1	0	0	0	0	0	0	0	0	0	0
bcftools_stats_vqc_Count_SNP:480	bcftools_stats	1	snv_indel_calling	0	1	0	0	0	0	0	0	0	0	0	0
bcftools_stats_vqc_Count_SNP:481	bcftools_stats	1	snv_indel_calling	0	1	0	0	0	0	0	0	0	0	0	0
bcftools_stats_vqc_Count_SNP:482	bcftools_stats	1	snv_indel_calling	0	1	0	0	0	0	0	0	0	0	0	0
bcftools_stats_vqc_Count_SNP:483	bcftools_stats	1	snv_indel_calling	0	1	0	0	0	0	0	0	0	0	0	0
bcftools_stats_vqc_Count_SNP:484	bcftools_stats	1	snv_indel_calling	0	1	0	0	0	0	0	0	0	0	0	0
bcftools_stats_vqc_Count_SNP:485	bcftools_stats	1	snv_indel_calling	0	1	0	0	0	0	0	0	0	0	0	0
bcftools_stats_vqc_Count_SNP:486	bcftools_stats	1	snv_indel_calling	0	1	0	0	0	0	0	0	0	0	0	0
bcftools_stats_vqc_Count_SNP:487	bcftools_stats	1	snv_indel_calling	0	1	0	0	0	0	0	0	0	0	0	0
bcftools_stats_vqc_Count_SNP:488	bcftools_stats	1	snv_indel_calling	0	1	0	0	0	0	0	0	0	0	0	0
bcftools_stats_vqc_Count_SNP:489	bcftools_stats	1	snv_indel_calling	0	1	0	0	0	0	0	0	0	0	0	0
bcftools_stats_vqc_Count_SNP:49	bcftools_stats	1	snv_indel_calling	0	1	0	0	0	0	0	0	0	0	0	0
bcftools_stats_vqc_Count_SNP:490	bcftools_stats	1	snv_indel_calling	0	1	0	0	0	0	0	0	0	0	0	0
bcftools_stats_vqc_Count_SNP:491	bcftools_stats	1	snv_indel_calling	0	1	0	0	0	0	0	0	0	0	0	0
bcftools_stats_vqc_Count_SNP:492	bcftools_stats	1	snv_indel_calling	0	1	0	0	0	0	0	0	0	0	0	0
bcftools_stats_vqc_Count_SNP:493	bcftools_stats	1	snv_indel_calling	0	1	0	0	0	0	0	0	0	0	0	0
bcftools_stats_vqc_Count_SNP:494	bcftools_stats	1	snv_indel_calling	0	1	0	0	0	0	0	0	0	0	0	0
bcftools_stats_vqc_Count_SNP:495	bcftools_stats	1	snv_indel_calling	0	1	0	0	0	0	0	0	0	0	0	0
bcftools_stats_vqc_Count_SNP:496	bcftools_stats	1	snv_indel_calling	0	1	0	0	0	0	0	0	0	0	0	0
bcftools_stats_vqc_Count_SNP:497	bcftools_stats	1	snv_indel_calling	0	1	0	0	0	0	0	0	0	0	0	0
bcftools_stats_vqc_Count_SNP:498	bcftools_stats	1	snv_indel_calling	0	1	0	0	0	0	0	0	0	0	0	0
bcftools_stats_vqc_Count_SNP:499	bcftools_stats	1	snv_indel_calling	0	1	0	0	0	0	0	0	0	0	0	0
bcftools_stats_vqc_Count_SNP:5	bcftools_stats	1	snv_indel_calling	0	1	0	0	0	0	0	0	0	0	0	0
bcftools_stats_vqc_Count_SNP:50	bcftools_stats	1	snv_indel_calling	0	1	0	0	0	0	0	0	0	0	0	0
bcftools_stats_vqc_Count_SNP:500	bcftools_stats	1	snv_indel_calling	0	1	0	0	0	0	0	0	0	0	0	0
bcftools_stats_vqc_Count_SNP:501	bcftools_stats	1	snv_indel_calling	0	1	0	0	0	0	0	0	0	0	0	0
bcftools_stats_vqc_Count_SNP:502	bcftools_stats	1	snv_indel_calling	0	1	0	0	0	0	0	0	0	0	0	0
bcftools_stats_vqc_Count_SNP:503	bcftools_stats	1	snv_indel_calling	0	1	0	0	0	0	0	0	0	0	0	0
bcftools_stats_vqc_Count_SNP:504	bcftools_stats	1	snv_indel_calling	0	1	0	0	0	0	0	0	0	0	0	0
bcftools_stats_vqc_Count_SNP:505	bcftools_stats	1	snv_indel_calling	0	1	0	0	0	0	0	0	0	0	0	0
bcftools_stats_vqc_Count_SNP:506	bcftools_stats	1	snv_indel_calling	0	1	0	0	0	0	0	0	0	0	0	0
bcftools_stats_vqc_Count_SNP:507	bcftools_stats	1	snv_indel_calling	0	1	0	0	0	0	0	0	0	0	0	0
bcftools_stats_vqc_Count_SNP:508	bcftools_stats	1	snv_indel_calling	0	1	0	0	0	0	0	0	0	0	0	0
bcftools_stats_vqc_Count_SNP:509	bcftools_stats	1	snv_indel_calling	0	1	0	0	0	0	0	0	0	0	0	0
bcftools_stats_vqc_Count_SNP:51	bcftools_stats	1	snv_indel_calling	0	1	0	0	0	0	0	0	0	0	0	0
bcftools_stats_vqc_Count_SNP:510	bcftools_stats	1	snv_indel_calling	0	1	0	0	0	0	0	0	0	0	0	0
bcftools_stats_vqc_Count_SNP:511	bcftools_stats	1	snv_indel_calling	0	1	0	0	0	0	0	0	0	0	0	0
bcftools_stats_vqc_Count_SNP:512	bcftools_stats	1	snv_indel_calling	0	1	0	0	0	0	0	0	0	0	0	0
bcftools_stats_vqc_Count_SNP:513	bcftools_stats	1	snv_indel_calling	0	1	0	0	0	0	0	0	0	0	0	0
bcftools_stats_vqc_Count_SNP:514	bcftools_stats	1	snv_indel_calling	0	1	0	0	0	0	0	0	0	0	0	0
bcftools_stats_vqc_Count_SNP:515	bcftools_stats	1	snv_indel_calling	0	1	0	0	0	0	0	0	0	0	0	0
bcftools_stats_vqc_Count_SNP:516	bcftools_stats	1	snv_indel_calling	0	1	0	0	0	0	0	0	0	0	0	0
bcftools_stats_vqc_Count_SNP:517	bcftools_stats	1	snv_indel_calling	0	1	0	0	0	0	0	0	0	0	0	0
bcftools_stats_vqc_Count_SNP:518	bcftools_stats	1	snv_indel_calling	0	1	0	0	0	0	0	0	0	0	0	0
bcftools_stats_vqc_Count_SNP:519	bcftools_stats	1	snv_indel_calling	0	1	0	0	0	0	0	0	0	0	0	0
bcftools_stats_vqc_Count_SNP:52	bcftools_stats	1	snv_indel_calling	0	1	0	0	0	0	0	0	0	0	0	0
bcftools_stats_vqc_Count_SNP:520	bcftools_stats	1	snv_indel_calling	0	1	0	0	0	0	0	0	0	0	0	0
bcftools_stats_vqc_Count_SNP:521	bcftools_stats	1	snv_indel_calling	0	1	0	0	0	0	0	0	0	0	0	0
bcftools_stats_vqc_Count_SNP:522	bcftools_stats	1	snv_indel_calling	0	1	0	0	0	0	0	0	0	0	0	0
bcftools_stats_vqc_Count_SNP:523	bcftools_stats	1	snv_indel_calling	0	1	0	0	0	0	0	0	0	0	0	0
bcftools_stats_vqc_Count_SNP:524	bcftools_stats	1	snv_indel_calling	0	1	0	0	0	0	0	0	0	0	0	0
bcftools_stats_vqc_Count_SNP:525	bcftools_stats	1	snv_indel_calling	0	1	0	0	0	0	0	0	0	0	0	0
bcftools_stats_vqc_Count_SNP:526	bcftools_stats	1	snv_indel_calling	0	1	0	0	0	0	0	0	0	0	0	0
bcftools_stats_vqc_Count_SNP:527	bcftools_stats	1	snv_indel_calling	0	1	0	0	0	0	0	0	0	0	0	0
bcftools_stats_vqc_Count_SNP:528	bcftools_stats	1	snv_indel_calling	0	1	0	0	0	0	0	0	0	0	0	0
bcftools_stats_vqc_Count_SNP:529	bcftools_stats	1	snv_indel_calling	0	1	0	0	0	0	0	0	0	0	0	0
bcftools_stats_vqc_Count_SNP:53	bcftools_stats	1	snv_indel_calling	0	1	0	0	0	0	0	0	0	0	0	0
bcftools_stats_vqc_Count_SNP:530	bcftools_stats	1	snv_indel_calling	0	1	0	0	0	0	0	0	0	0	0	0
bcftools_stats_vqc_Count_SNP:531	bcftools_stats	1	snv_indel_calling	0	1	0	0	0	0	0	0	0	0	0	0
bcftools_stats_vqc_Count_SNP:532	bcftools_stats	1	snv_indel_calling	0	1	0	0	0	0	0	0	0	0	0	0
bcftools_stats_vqc_Count_SNP:533	bcftools_stats	1	snv_indel_calling	0	1	0	0	0	0	0	0	0	0	0	0
bcftools_stats_vqc_Count_SNP:534	bcftools_stats	1	snv_indel_calling	0	1	0	0	0	0	0	0	0	0	0	0
bcftools_stats_vqc_Count_SNP:535	bcftools_stats	1	snv_indel_calling	0	1	0	0	0	0	0	0	0	0	0	0
bcftools_stats_vqc_Count_SNP:536	bcftools_stats	1	snv_indel_calling	0	1	0	0	0	0	0	0	0	0	0	0
bcftools_stats_vqc_Count_SNP:537	bcftools_stats	1	snv_indel_calling	0	1	0	0	0	0	0	0	0	0	0	0
bcftools_stats_vqc_Count_SNP:538	bcftools_stats	1	snv_indel_calling	0	1	0	0	0	0	0	0	0	0	0	0
bcftools_stats_vqc_Count_SNP:539	bcftools_stats	1	snv_indel_calling	0	1	0	0	0	0	0	0	0	0	0	0
bcftools_stats_vqc_Count_SNP:54	bcftools_stats	1	snv_indel_calling	0	1	0	0	0	0	0	0	0	0	0	0
bcftools_stats_vqc_Count_SNP:540	bcftools_stats	1	snv_indel_calling	0	1	0	0	0	0	0	0	0	0	0	0
bcftools_stats_vqc_Count_SNP:541	bcftools_stats	1	snv_indel_calling	0	1	0	0	0	0	0	0	0	0	0	0
bcftools_stats_vqc_Count_SNP:542	bcftools_stats	1	snv_indel_calling	0	1	0	0	0	0	0	0	0	0	0	0
bcftools_stats_vqc_Count_SNP:543	bcftools_stats	1	snv_indel_calling	0	1	0	0	0	0	0	0	0	0	0	0
bcftools_stats_vqc_Count_SNP:544	bcftools_stats	1	snv_indel_calling	0	1	0	0	0	0	0	0	0	0	0	0
bcftools_stats_vqc_Count_SNP:545	bcftools_stats	1	snv_indel_calling	0	1	0	0	0	0	0	0	0	0	0	0
bcftools_stats_vqc_Count_SNP:546	bcftools_stats	1	snv_indel_calling	0	1	0	0	0	0	0	0	0	0	0	0
bcftools_stats_vqc_Count_SNP:547	bcftools_stats	1	snv_indel_calling	0	1	0	0	0	0	0	0	0	0	0	0
bcftools_stats_vqc_Count_SNP:548	bcftools_stats	1	snv_indel_calling	0	1	0	0	0	0	0	0	0	0	0	0
bcftools_stats_vqc_Count_SNP:549	bcftools_stats	1	snv_indel_calling	0	1	0	0	0	0	0	0	0	0	0	0
bcftools_stats_vqc_Count_SNP:55	bcftools_stats	1	snv_indel_calling	0	1	0	0	0	0	0	0	0	0	0	0
bcftools_stats_vqc_Count_SNP:550	bcftools_stats	1	snv_indel_calling	0	1	0	0	0	0	0	0	0	0	0	0
bcftools_stats_vqc_Count_SNP:551	bcftools_stats	1	snv_indel_calling	0	1	0	0	0	0	0	0	0	0	0	0
bcftools_stats_vqc_Count_SNP:552	bcftools_stats	1	snv_indel_calling	0	1	0	0	0	0	0	0	0	0	0	0
bcftools_stats_vqc_Count_SNP:553	bcftools_stats	1	snv_indel_calling	0	1	0	0	0	0	0	0	0	0	0	0
bcftools_stats_vqc_Count_SNP:554	bcftools_stats	1	snv_indel_calling	0	1	0	0	0	0	0	0	0	0	0	0
bcftools_stats_vqc_Count_SNP:555	bcftools_stats	1	snv_indel_calling	0	1	0	0	0	0	0	0	0	0	0	0
bcftools_stats_vqc_Count_SNP:556	bcftools_stats	1	snv_indel_calling	0	1	0	0	0	0	0	0	0	0	0	0
bcftools_stats_vqc_Count_SNP:557	bcftools_stats	1	snv_indel_calling	0	1	0	0	0	0	0	0	0	0	0	0
bcftools_stats_vqc_Count_SNP:558	bcftools_stats	1	snv_indel_calling	0	1	0	0	0	0	0	0	0	0	0	0
bcftools_stats_vqc_Count_SNP:559	bcftools_stats	1	snv_indel_calling	0	1	0	0	0	0	0	0	0	0	0	0
bcftools_stats_vqc_Count_SNP:56	bcftools_stats	1	snv_indel_calling	0	1	0	0	0	0	0	0	0	0	0	0
bcftools_stats_vqc_Count_SNP:560	bcftools_stats	1	snv_indel_calling	0	1	0	0	0	0	0	0	0	0	0	0
bcftools_stats_vqc_Count_SNP:561	bcftools_stats	1	snv_indel_calling	0	1	0	0	0	0	0	0	0	0	0	0
bcftools_stats_vqc_Count_SNP:562	bcftools_stats	1	snv_indel_calling	0	1	0	0	0	0	0	0	0	0	0	0
bcftools_stats_vqc_Count_SNP:563	bcftools_stats	1	snv_indel_calling	0	1	0	0	0	0	0	0	0	0	0	0
bcftools_stats_vqc_Count_SNP:564	bcftools_stats	1	snv_indel_calling	0	1	0	0	0	0	0	0	0	0	0	0
bcftools_stats_vqc_Count_SNP:565	bcftools_stats	1	snv_indel_calling	0	1	0	0	0	0	0	0	0	0	0	0
bcftools_stats_vqc_Count_SNP:566	bcftools_stats	1	snv_indel_calling	0	1	0	0	0	0	0	0	0	0	0	0
bcftools_stats_vqc_Count_SNP:567	bcftools_stats	1	snv_indel_calling	0	1	0	0	0	0	0	0	0	0	0	0
bcftools_stats_vqc_Count_SNP:568	bcftools_stats	1	snv_indel_calling	0	1	0	0	0	0	0	0	0	0	0	0
bcftools_stats_vqc_Count_SNP:569	bcftools_stats	1	snv_indel_calling	0	1	0	0	0	0	0	0	0	0	0	0
bcftools_stats_vqc_Count_SNP:57	bcftools_stats	1	snv_indel_calling	0	1	0	0	0	0	0	0	0	0	0	0
bcftools_stats_vqc_Count_SNP:570	bcftools_stats	1	snv_indel_calling	0	1	0	0	0	0	0	0	0	0	0	0
bcftools_stats_vqc_Count_SNP:571	bcftools_stats	1	snv_indel_calling	0	1	0	0	0	0	0	0	0	0	0	0
bcftools_stats_vqc_Count_SNP:572	bcftools_stats	1	snv_indel_calling	0	1	0	0	0	0	0	0	0	0	0	0
bcftools_stats_vqc_Count_SNP:573	bcftools_stats	1	snv_indel_calling	0	1	0	0	0	0	0	0	0	0	0	0
bcftools_stats_vqc_Count_SNP:574	bcftools_stats	1	snv_indel_calling	0	1	0	0	0	0	0	0	0	0	0	0
bcftools_stats_vqc_Count_SNP:575	bcftools_stats	1	snv_indel_calling	0	1	0	0	0	0	0	0	0	0	0	0
bcftools_stats_vqc_Count_SNP:576	bcftools_stats	1	snv_indel_calling	0	1	0	0	0	0	0	0	0	0	0	0
bcftools_stats_vqc_Count_SNP:577	bcftools_stats	1	snv_indel_calling	0	1	0	0	0	0	0	0	0	0	0	0
bcftools_stats_vqc_Count_SNP:578	bcftools_stats	1	snv_indel_calling	0	1	0	0	0	0	0	0	0	0	0	0
bcftools_stats_vqc_Count_SNP:579	bcftools_stats	1	snv_indel_calling	0	1	0	0	0	0	0	0	0	0	0	0
bcftools_stats_vqc_Count_SNP:58	bcftools_stats	1	snv_indel_calling	0	1	0	0	0	0	0	0	0	0	0	0
bcftools_stats_vqc_Count_SNP:580	bcftools_stats	1	snv_indel_calling	0	1	0	0	0	0	0	0	0	0	0	0
bcftools_stats_vqc_Count_SNP:581	bcftools_stats	1	snv_indel_calling	0	1	0	0	0	0	0	0	0	0	0	0
bcftools_stats_vqc_Count_SNP:582	bcftools_stats	1	snv_indel_calling	0	1	0	0	0	0	0	0	0	0	0	0
bcftools_stats_vqc_Count_SNP:583	bcftools_stats	1	snv_indel_calling	0	1	0	0	0	0	0	0	0	0	0	0
bcftools_stats_vqc_Count_SNP:584	bcftools_stats	1	snv_indel_calling	0	1	0	0	0	0	0	0	0	0	0	0
bcftools_stats_vqc_Count_SNP:585	bcftools_stats	1	snv_indel_calling	0	1	0	0	0	0	0	0	0	0	0	0
bcftools_stats_vqc_Count_SNP:586	bcftools_stats	1	snv_indel_calling	0	1	0	0	0	0	0	0	0	0	0	0
bcftools_stats_vqc_Count_SNP:587	bcftools_stats	1	snv_indel_calling	0	1	0	0	0	0	0	0	0	0	0	0
bcftools_stats_vqc_Count_SNP:588	bcftools_stats	1	snv_indel_calling	0	1	0	0	0	0	0	0	0	0	0	0
bcftools_stats_vqc_Count_SNP:589	bcftools_stats	1	snv_indel_calling	0	1	0	0	0	0	0	0	0	0	0	0
bcftools_stats_vqc_Count_SNP:59	bcftools_stats	1	snv_indel_calling	0	1	0	0	0	0	0	0	0	0	0	0
bcftools_stats_vqc_Count_SNP:590	bcftools_stats	1	snv_indel_calling	0	1	0	0	0	0	0	0	0	0	0	0
bcftools_stats_vqc_Count_SNP:591	bcftools_stats	1	snv_indel_calling	0	1	0	0	0	0	0	0	0	0	0	0
bcftools_stats_vqc_Count_SNP:592	bcftools_stats	1	snv_indel_calling	0	1	0	0	0	0	0	0	0	0	0	0
bcftools_stats_vqc_Count_SNP:593	bcftools_stats	1	snv_indel_calling	0	1	0	0	0	0	0	0	0	0	0	0
bcftools_stats_vqc_Count_SNP:594	bcftools_stats	1	snv_indel_calling	0	1	0	0	0	0	0	0	0	0	0	0
bcftools_stats_vqc_Count_SNP:595	bcftools_stats	1	snv_indel_calling	0	1	0	0	0	0	0	0	0	0	0	0
bcftools_stats_vqc_Count_SNP:596	bcftools_stats	1	snv_indel_calling	0	1	0	0	0	0	0	0	0	0	0	0
bcftools_stats_vqc_Count_SNP:597	bcftools_stats	1	snv_indel_calling	0	1	0	0	0	0	0	0	0	0	0	0
bcftools_stats_vqc_Count_SNP:598	bcftools_stats	1	snv_indel_calling	0	1	0	0	0	0	0	0	0	0	0	0
bcftools_stats_vqc_Count_SNP:599	bcftools_stats	1	snv_indel_calling	0	1	0	0	0	0	0	0	0	0	0	0
bcftools_stats_vqc_Count_SNP:6	bcftools_stats	1	snv_indel_calling	0	1	0	0	0	0	0	0	0	0	0	0
bcftools_stats_vqc_Count_SNP:60	bcftools_stats	1	snv_indel_calling	0	1	0	0	0	0	0	0	0	0	0	0
bcftools_stats_vqc_Count_SNP:61	bcftools_stats	1	snv_indel_calling	0	1	0	0	0	0	0	0	0	0	0	0
bcftools_stats_vqc_Count_SNP:62	bcftools_stats	1	snv_indel_calling	0	1	0	0	0	0	0	0	0	0	0	0
bcftools_stats_vqc_Count_SNP:63	bcftools_stats	1	snv_indel_calling	0	1	0	0	0	0	0	0	0	0	0	0
bcftools_stats_vqc_Count_SNP:64	bcftools_stats	1	snv_indel_calling	0	1	0	0	0	0	0	0	0	0	0	0
bcftools_stats_vqc_Count_SNP:65	bcftools_stats	1	snv_indel_calling	0	1	0	0	0	0	0	0	0	0	0	0
bcftools_stats_vqc_Count_SNP:66	bcftools_stats	1	snv_indel_calling	0	1	0	0	0	0	0	0	0	0	0	0
bcftools_stats_vqc_Count_SNP:67	bcftools_stats	1	snv_indel_calling	0	1	0	0	0	0	0	0	0	0	0	0
bcftools_stats_vqc_Count_SNP:68	bcftools_stats	1	snv_indel_calling	0	1	0	0	0	0	0	0	0	0	0	0
bcftools_stats_vqc_Count_SNP:69	bcftools_stats	1	snv_indel_calling	0	1	0	0	0	0	0	0	0	0	0	0
bcftools_stats_vqc_Count_SNP:7	bcftools_stats	1	snv_indel_calling	0	1	0	0	0	0	0	0	0	0	0	0
bcftools_stats_vqc_Count_SNP:70	bcftools_stats	1	snv_indel_calling	0	1	0	0	0	0	0	0	0	0	0	0
bcftools_stats_vqc_Count_SNP:71	bcftools_stats	1	snv_indel_calling	0	1	0	0	0	0	0	0	0	0	0	0
bcftools_stats_vqc_Count_SNP:72	bcftools_stats	1	snv_indel_calling	0	1	0	0	0	0	0	0	0	0	0	0
bcftools_stats_vqc_Count_SNP:73	bcftools_stats	1	snv_indel_calling	0	1	0	0	0	0	0	0	0	0	0	0
bcftools_stats_vqc_Count_SNP:74	bcftools_stats	1	snv_indel_calling	0	1	0	0	0	0	0	0	0	0	0	0
bcftools_stats_vqc_Count_SNP:75	bcftools_stats	1	snv_indel_calling	0	1	0	0	0	0	0	0	0	0	0	0
bcftools_stats_vqc_Count_SNP:76	bcftools_stats	1	snv_indel_calling	0	1	0	0	0	0	0	0	0	0	0	0
bcftools_stats_vqc_Count_SNP:77	bcftools_stats	1	snv_indel_calling	0	1	0	0	0	0	0	0	0	0	0	0
bcftools_stats_vqc_Count_SNP:78	bcftools_stats	1	snv_indel_calling	0	1	0	0	0	0	0	0	0	0	0	0
bcftools_stats_vqc_Count_SNP:79	bcftools_stats	1	snv_indel_calling	0	1	0	0	0	0	0	0	0	0	0	0
bcftools_stats_vqc_Count_SNP:8	bcftools_stats	1	snv_indel_calling	0	1	0	0	0	0	0	0	0	0	0	0
bcftools_stats_vqc_Count_SNP:80	bcftools_stats	1	snv_indel_calling	0	1	0	0	0	0	0	0	0	0	0	0
bcftools_stats_vqc_Count_SNP:81	bcftools_stats	1	snv_indel_calling	0	1	0	0	0	0	0	0	0	0	0	0
bcftools_stats_vqc_Count_SNP:82	bcftools_stats	1	snv_indel_calling	0	1	0	0	0	0	0	0	0	0	0	0
bcftools_stats_vqc_Count_SNP:83	bcftools_stats	1	snv_indel_calling	0	1	0	0	0	0	0	0	0	0	0	0
bcftools_stats_vqc_Count_SNP:84	bcftools_stats	1	snv_indel_calling	0	1	0	0	0	0	0	0	0	0	0	0
bcftools_stats_vqc_Count_SNP:85	bcftools_stats	1	snv_indel_calling	0	1	0	0	0	0	0	0	0	0	0	0
bcftools_stats_vqc_Count_SNP:86	bcftools_stats	1	snv_indel_calling	0	1	0	0	0	0	0	0	0	0	0	0
bcftools_stats_vqc_Count_SNP:87	bcftools_stats	1	snv_indel_calling	0	1	0	0	0	0	0	0	0	0	0	0
bcftools_stats_vqc_Count_SNP:88	bcftools_stats	1	snv_indel_calling	0	1	0	0	0	0	0	0	0	0	0	0
bcftools_stats_vqc_Count_SNP:89	bcftools_stats	1	snv_indel_calling	0	1	0	0	0	0	0	0	0	0	0	0
bcftools_stats_vqc_Count_SNP:9	bcftools_stats	1	snv_indel_calling	0	1	0	0	0	0	0	0	0	0	0	0
bcftools_stats_vqc_Count_SNP:90	bcftools_stats	1	snv_indel_calling	0	1	0	0	0	0	0	0	0	0	0	0
bcftools_stats_vqc_Count_SNP:91	bcftools_stats	1	snv_indel_calling	0	1	0	0	0	0	0	0	0	0	0	0
bcftools_stats_vqc_Count_SNP:92	bcftools_stats	1	snv_indel_calling	0	1	0	0	0	0	0	0	0	0	0	0
bcftools_stats_vqc_Count_SNP:93	bcftools_stats	1	snv_indel_calling	0	1	0	0	0	0	0	0	0	0	0	0
bcftools_stats_vqc_Count_SNP:94	bcftools_stats	1	snv_indel_calling	0	1	0	0	0	0	0	0	0	0	0	0
bcftools_stats_vqc_Count_SNP:95	bcftools_stats	1	snv_indel_calling	0	1	0	0	0	0	0	0	0	0	0	0
bcftools_stats_vqc_Count_SNP:96	bcftools_stats	1	snv_indel_calling	0	1	0	0	0	0	0	0	0	0	0	0
bcftools_stats_vqc_Count_SNP:97	bcftools_stats	1	snv_indel_calling	0	1	0	0	0	0	0	0	0	0	0	0
bcftools_stats_vqc_Count_SNP:98	bcftools_stats	1	snv_indel_calling	0	1	0	0	0	0	0	0	0	0	0	0
bcftools_stats_vqc_Count_SNP:99	bcftools_stats	1	snv_indel_calling	0	1	0	0	0	0	0	0	0	0	0	0
bcftools_stats_vqc_Count_Transitions:0	bcftools_stats	1	snv_indel_calling	0	1	0	0	0	0	0	0	0	0	0	0
bcftools_stats_vqc_Count_Transitions:1	bcftools_stats	1	snv_indel_calling	0	1	0	0	0	0	0	0	0	0	0	0
bcftools_stats_vqc_Count_Transitions:10	bcftools_stats	1	snv_indel_calling	0	1	0	0	0	0	0	0	0	0	0	0
bcftools_stats_vqc_Count_Transitions:100	bcftools_stats	1	snv_indel_calling	0	1	0	0	0	0	0	0	0	0	0	0
bcftools_stats_vqc_Count_Transitions:101	bcftools_stats	1	snv_indel_calling	0	1	0	0	0	0	0	0	0	0	0	0
bcftools_stats_vqc_Count_Transitions:102	bcftools_stats	1	snv_indel_calling	0	1	0	0	0	0	0	0	0	0	0	0
bcftools_stats_vqc_Count_Transitions:103	bcftools_stats	1	snv_indel_calling	0	1	0	0	0	0	0	0	0	0	0	0
bcftools_stats_vqc_Count_Transitions:104	bcftools_stats	1	snv_indel_calling	0	1	0	0	0	0	0	0	0	0	0	0
bcftools_stats_vqc_Count_Transitions:105	bcftools_stats	1	snv_indel_calling	0	1	0	0	0	0	0	0	0	0	0	0
bcftools_stats_vqc_Count_Transitions:106	bcftools_stats	1	snv_indel_calling	0	1	0	0	0	0	0	0	0	0	0	0
bcftools_stats_vqc_Count_Transitions:107	bcftools_stats	1	snv_indel_calling	0	1	0	0	0	0	0	0	0	0	0	0
bcftools_stats_vqc_Count_Transitions:108	bcftools_stats	1	snv_indel_calling	0	1	0	0	0	0	0	0	0	0	0	0
bcftools_stats_vqc_Count_Transitions:109	bcftools_stats	1	snv_indel_calling	0	1	0	0	0	0	0	0	0	0	0	0
bcftools_stats_vqc_Count_Transitions:11	bcftools_stats	1	snv_indel_calling	0	1	0	0	0	0	0	0	0	0	0	0
bcftools_stats_vqc_Count_Transitions:110	bcftools_stats	1	snv_indel_calling	0	1	0	0	0	0	0	0	0	0	0	0
bcftools_stats_vqc_Count_Transitions:111	bcftools_stats	1	snv_indel_calling	0	1	0	0	0	0	0	0	0	0	0	0
bcftools_stats_vqc_Count_Transitions:112	bcftools_stats	1	snv_indel_calling	0	1	0	0	0	0	0	0	0	0	0	0
bcftools_stats_vqc_Count_Transitions:113	bcftools_stats	1	snv_indel_calling	0	1	0	0	0	0	0	0	0	0	0	0
bcftools_stats_vqc_Count_Transitions:114	bcftools_stats	1	snv_indel_calling	0	1	0	0	0	0	0	0	0	0	0	0
bcftools_stats_vqc_Count_Transitions:115	bcftools_stats	1	snv_indel_calling	0	1	0	0	0	0	0	0	0	0	0	0
bcftools_stats_vqc_Count_Transitions:116	bcftools_stats	1	snv_indel_calling	0	1	0	0	0	0	0	0	0	0	0	0
bcftools_stats_vqc_Count_Transitions:117	bcftools_stats	1	snv_indel_calling	0	1	0	0	0	0	0	0	0	0	0	0
bcftools_stats_vqc_Count_Transitions:118	bcftools_stats	1	snv_indel_calling	0	1	0	0	0	0	0	0	0	0	0	0
bcftools_stats_vqc_Count_Transitions:119	bcftools_stats	1	snv_indel_calling	0	1	0	0	0	0	0	0	0	0	0	0
bcftools_stats_vqc_Count_Transitions:12	bcftools_stats	1	snv_indel_calling	0	1	0	0	0	0	0	0	0	0	0	0
bcftools_stats_vqc_Count_Transitions:120	bcftools_stats	1	snv_indel_calling	0	1	0	0	0	0	0	0	0	0	0	0
bcftools_stats_vqc_Count_Transitions:121	bcftools_stats	1	snv_indel_calling	0	1	0	0	0	0	0	0	0	0	0	0
bcftools_stats_vqc_Count_Transitions:122	bcftools_stats	1	snv_indel_calling	0	1	0	0	0	0	0	0	0	0	0	0
bcftools_stats_vqc_Count_Transitions:123	bcftools_stats	1	snv_indel_calling	0	1	0	0	0	0	0	0	0	0	0	0
bcftools_stats_vqc_Count_Transitions:124	bcftools_stats	1	snv_indel_calling	0	1	0	0	0	0	0	0	0	0	0	0
bcftools_stats_vqc_Count_Transitions:125	bcftools_stats	1	snv_indel_calling	0	1	0	0	0	0	0	0	0	0	0	0
bcftools_stats_vqc_Count_Transitions:126	bcftools_stats	1	snv_indel_calling	0	1	0	0	0	0	0	0	0	0	0	0
bcftools_stats_vqc_Count_Transitions:127	bcftools_stats	1	snv_indel_calling	0	1	0	0	0	0	0	0	0	0	0	0
bcftools_stats_vqc_Count_Transitions:128	bcftools_stats	1	snv_indel_calling	0	1	0	0	0	0	0	0	0	0	0	0
bcftools_stats_vqc_Count_Transitions:129	bcftools_stats	1	snv_indel_calling	0	1	0	0	0	0	0	0	0	0	0	0
bcftools_stats_vqc_Count_Transitions:13	bcftools_stats	1	snv_indel_calling	0	1	0	0	0	0	0	0	0	0	0	0
bcftools_stats_vqc_Count_Transitions:130	bcftools_stats	1	snv_indel_calling	0	1	0	0	0	0	0	0	0	0	0	0
bcftools_stats_vqc_Count_Transitions:131	bcftools_stats	1	snv_indel_calling	0	1	0	0	0	0	0	0	0	0	0	0
bcftools_stats_vqc_Count_Transitions:132	bcftools_stats	1	snv_indel_calling	0	1	0	0	0	0	0	0	0	0	0	0
bcftools_stats_vqc_Count_Transitions:133	bcftools_stats	1	snv_indel_calling	0	1	0	0	0	0	0	0	0	0	0	0
bcftools_stats_vqc_Count_Transitions:134	bcftools_stats	1	snv_indel_calling	0	1	0	0	0	0	0	0	0	0	0	0
bcftools_stats_vqc_Count_Transitions:135	bcftools_stats	1	snv_indel_calling	0	1	0	0	0	0	0	0	0	0	0	0
bcftools_stats_vqc_Count_Transitions:136	bcftools_stats	1	snv_indel_calling	0	1	0	0	0	0	0	0	0	0	0	0
bcftools_stats_vqc_Count_Transitions:137	bcftools_stats	1	snv_indel_calling	0	1	0	0	0	0	0	0	0	0	0	0
bcftools_stats_vqc_Count_Transitions:138	bcftools_stats	1	snv_indel_calling	0	1	0	0	0	0	0	0	0	0	0	0
bcftools_stats_vqc_Count_Transitions:139	bcftools_stats	1	snv_indel_calling	0	1	0	0	0	0	0	0	0	0	0	0
bcftools_stats_vqc_Count_Transitions:14	bcftools_stats	1	snv_indel_calling	0	1	0	0	0	0	0	0	0	0	0	0
bcftools_stats_vqc_Count_Transitions:140	bcftools_stats	1	snv_indel_calling	0	1	0	0	0	0	0	0	0	0	0	0
bcftools_stats_vqc_Count_Transitions:141	bcftools_stats	1	snv_indel_calling	0	1	0	0	0	0	0	0	0	0	0	0
bcftools_stats_vqc_Count_Transitions:142	bcftools_stats	1	snv_indel_calling	0	1	0	0	0	0	0	0	0	0	0	0
bcftools_stats_vqc_Count_Transitions:143	bcftools_stats	1	snv_indel_calling	0	1	0	0	0	0	0	0	0	0	0	0
bcftools_stats_vqc_Count_Transitions:144	bcftools_stats	1	snv_indel_calling	0	1	0	0	0	0	0	0	0	0	0	0
bcftools_stats_vqc_Count_Transitions:145	bcftools_stats	1	snv_indel_calling	0	1	0	0	0	0	0	0	0	0	0	0
bcftools_stats_vqc_Count_Transitions:146	bcftools_stats	1	snv_indel_calling	0	1	0	0	0	0	0	0	0	0	0	0
bcftools_stats_vqc_Count_Transitions:147	bcftools_stats	1	snv_indel_calling	0	1	0	0	0	0	0	0	0	0	0	0
bcftools_stats_vqc_Count_Transitions:148	bcftools_stats	1	snv_indel_calling	0	1	0	0	0	0	0	0	0	0	0	0
bcftools_stats_vqc_Count_Transitions:149	bcftools_stats	1	snv_indel_calling	0	1	0	0	0	0	0	0	0	0	0	0
bcftools_stats_vqc_Count_Transitions:15	bcftools_stats	1	snv_indel_calling	0	1	0	0	0	0	0	0	0	0	0	0
bcftools_stats_vqc_Count_Transitions:150	bcftools_stats	1	snv_indel_calling	0	1	0	0	0	0	0	0	0	0	0	0
bcftools_stats_vqc_Count_Transitions:151	bcftools_stats	1	snv_indel_calling	0	1	0	0	0	0	0	0	0	0	0	0
bcftools_stats_vqc_Count_Transitions:152	bcftools_stats	1	snv_indel_calling	0	1	0	0	0	0	0	0	0	0	0	0
bcftools_stats_vqc_Count_Transitions:153	bcftools_stats	1	snv_indel_calling	0	1	0	0	0	0	0	0	0	0	0	0
bcftools_stats_vqc_Count_Transitions:154	bcftools_stats	1	snv_indel_calling	0	1	0	0	0	0	0	0	0	0	0	0
bcftools_stats_vqc_Count_Transitions:155	bcftools_stats	1	snv_indel_calling	0	1	0	0	0	0	0	0	0	0	0	0
bcftools_stats_vqc_Count_Transitions:156	bcftools_stats	1	snv_indel_calling	0	1	0	0	0	0	0	0	0	0	0	0
bcftools_stats_vqc_Count_Transitions:157	bcftools_stats	1	snv_indel_calling	0	1	0	0	0	0	0	0	0	0	0	0
bcftools_stats_vqc_Count_Transitions:158	bcftools_stats	1	snv_indel_calling	0	1	0	0	0	0	0	0	0	0	0	0
bcftools_stats_vqc_Count_Transitions:159	bcftools_stats	1	snv_indel_calling	0	1	0	0	0	0	0	0	0	0	0	0
bcftools_stats_vqc_Count_Transitions:16	bcftools_stats	1	snv_indel_calling	0	1	0	0	0	0	0	0	0	0	0	0
bcftools_stats_vqc_Count_Transitions:160	bcftools_stats	1	snv_indel_calling	0	1	0	0	0	0	0	0	0	0	0	0
bcftools_stats_vqc_Count_Transitions:161	bcftools_stats	1	snv_indel_calling	0	1	0	0	0	0	0	0	0	0	0	0
bcftools_stats_vqc_Count_Transitions:162	bcftools_stats	1	snv_indel_calling	0	1	0	0	0	0	0	0	0	0	0	0
bcftools_stats_vqc_Count_Transitions:163	bcftools_stats	1	snv_indel_calling	0	1	0	0	0	0	0	0	0	0	0	0
bcftools_stats_vqc_Count_Transitions:164	bcftools_stats	1	snv_indel_calling	0	1	0	0	0	0	0	0	0	0	0	0
bcftools_stats_vqc_Count_Transitions:165	bcftools_stats	1	snv_indel_calling	0	1	0	0	0	0	0	0	0	0	0	0
bcftools_stats_vqc_Count_Transitions:166	bcftools_stats	1	snv_indel_calling	0	1	0	0	0	0	0	0	0	0	0	0
bcftools_stats_vqc_Count_Transitions:167	bcftools_stats	1	snv_indel_calling	0	1	0	0	0	0	0	0	0	0	0	0
bcftools_stats_vqc_Count_Transitions:168	bcftools_stats	1	snv_indel_calling	0	1	0	0	0	0	0	0	0	0	0	0
bcftools_stats_vqc_Count_Transitions:169	bcftools_stats	1	snv_indel_calling	0	1	0	0	0	0	0	0	0	0	0	0
bcftools_stats_vqc_Count_Transitions:17	bcftools_stats	1	snv_indel_calling	0	1	0	0	0	0	0	0	0	0	0	0
bcftools_stats_vqc_Count_Transitions:170	bcftools_stats	1	snv_indel_calling	0	1	0	0	0	0	0	0	0	0	0	0
bcftools_stats_vqc_Count_Transitions:171	bcftools_stats	1	snv_indel_calling	0	1	0	0	0	0	0	0	0	0	0	0
bcftools_stats_vqc_Count_Transitions:172	bcftools_stats	1	snv_indel_calling	0	1	0	0	0	0	0	0	0	0	0	0
bcftools_stats_vqc_Count_Transitions:173	bcftools_stats	1	snv_indel_calling	0	1	0	0	0	0	0	0	0	0	0	0
bcftools_stats_vqc_Count_Transitions:174	bcftools_stats	1	snv_indel_calling	0	1	0	0	0	0	0	0	0	0	0	0
bcftools_stats_vqc_Count_Transitions:175	bcftools_stats	1	snv_indel_calling	0	1	0	0	0	0	0	0	0	0	0	0
bcftools_stats_vqc_Count_Transitions:176	bcftools_stats	1	snv_indel_calling	0	1	0	0	0	0	0	0	0	0	0	0
bcftools_stats_vqc_Count_Transitions:177	bcftools_stats	1	snv_indel_calling	0	1	0	0	0	0	0	0	0	0	0	0
bcftools_stats_vqc_Count_Transitions:178	bcftools_stats	1	snv_indel_calling	0	1	0	0	0	0	0	0	0	0	0	0
bcftools_stats_vqc_Count_Transitions:179	bcftools_stats	1	snv_indel_calling	0	1	0	0	0	0	0	0	0	0	0	0
bcftools_stats_vqc_Count_Transitions:18	bcftools_stats	1	snv_indel_calling	0	1	0	0	0	0	0	0	0	0	0	0
bcftools_stats_vqc_Count_Transitions:180	bcftools_stats	1	snv_indel_calling	0	1	0	0	0	0	0	0	0	0	0	0
bcftools_stats_vqc_Count_Transitions:181	bcftools_stats	1	snv_indel_calling	0	1	0	0	0	0	0	0	0	0	0	0
bcftools_stats_vqc_Count_Transitions:182	bcftools_stats	1	snv_indel_calling	0	1	0	0	0	0	0	0	0	0	0	0
bcftools_stats_vqc_Count_Transitions:183	bcftools_stats	1	snv_indel_calling	0	1	0	0	0	0	0	0	0	0	0	0
bcftools_stats_vqc_Count_Transitions:184	bcftools_stats	1	snv_indel_calling	0	1	0	0	0	0	0	0	0	0	0	0
bcftools_stats_vqc_Count_Transitions:185	bcftools_stats	1	snv_indel_calling	0	1	0	0	0	0	0	0	0	0	0	0
bcftools_stats_vqc_Count_Transitions:186	bcftools_stats	1	snv_indel_calling	0	1	0	0	0	0	0	0	0	0	0	0
bcftools_stats_vqc_Count_Transitions:187	bcftools_stats	1	snv_indel_calling	0	1	0	0	0	0	0	0	0	0	0	0
bcftools_stats_vqc_Count_Transitions:188	bcftools_stats	1	snv_indel_calling	0	1	0	0	0	0	0	0	0	0	0	0
bcftools_stats_vqc_Count_Transitions:189	bcftools_stats	1	snv_indel_calling	0	1	0	0	0	0	0	0	0	0	0	0
bcftools_stats_vqc_Count_Transitions:19	bcftools_stats	1	snv_indel_calling	0	1	0	0	0	0	0	0	0	0	0	0
bcftools_stats_vqc_Count_Transitions:190	bcftools_stats	1	snv_indel_calling	0	1	0	0	0	0	0	0	0	0	0	0
bcftools_stats_vqc_Count_Transitions:191	bcftools_stats	1	snv_indel_calling	0	1	0	0	0	0	0	0	0	0	0	0
bcftools_stats_vqc_Count_Transitions:192	bcftools_stats	1	snv_indel_calling	0	1	0	0	0	0	0	0	0	0	0	0
bcftools_stats_vqc_Count_Transitions:193	bcftools_stats	1	snv_indel_calling	0	1	0	0	0	0	0	0	0	0	0	0
bcftools_stats_vqc_Count_Transitions:194	bcftools_stats	1	snv_indel_calling	0	1	0	0	0	0	0	0	0	0	0	0
bcftools_stats_vqc_Count_Transitions:195	bcftools_stats	1	snv_indel_calling	0	1	0	0	0	0	0	0	0	0	0	0
bcftools_stats_vqc_Count_Transitions:196	bcftools_stats	1	snv_indel_calling	0	1	0	0	0	0	0	0	0	0	0	0
bcftools_stats_vqc_Count_Transitions:197	bcftools_stats	1	snv_indel_calling	0	1	0	0	0	0	0	0	0	0	0	0
bcftools_stats_vqc_Count_Transitions:198	bcftools_stats	1	snv_indel_calling	0	1	0	0	0	0	0	0	0	0	0	0
bcftools_stats_vqc_Count_Transitions:199	bcftools_stats	1	snv_indel_calling	0	1	0	0	0	0	0	0	0	0	0	0
bcftools_stats_vqc_Count_Transitions:2	bcftools_stats	1	snv_indel_calling	0	1	0	0	0	0	0	0	0	0	0	0
bcftools_stats_vqc_Count_Transitions:20	bcftools_stats	1	snv_indel_calling	0	1	0	0	0	0	0	0	0	0	0	0
bcftools_stats_vqc_Count_Transitions:200	bcftools_stats	1	snv_indel_calling	0	1	0	0	0	0	0	0	0	0	0	0
bcftools_stats_vqc_Count_Transitions:201	bcftools_stats	1	snv_indel_calling	0	1	0	0	0	0	0	0	0	0	0	0
bcftools_stats_vqc_Count_Transitions:202	bcftools_stats	1	snv_indel_calling	0	1	0	0	0	0	0	0	0	0	0	0
bcftools_stats_vqc_Count_Transitions:203	bcftools_stats	1	snv_indel_calling	0	1	0	0	0	0	0	0	0	0	0	0
bcftools_stats_vqc_Count_Transitions:204	bcftools_stats	1	snv_indel_calling	0	1	0	0	0	0	0	0	0	0	0	0
bcftools_stats_vqc_Count_Transitions:205	bcftools_stats	1	snv_indel_calling	0	1	0	0	0	0	0	0	0	0	0	0
bcftools_stats_vqc_Count_Transitions:206	bcftools_stats	1	snv_indel_calling	0	1	0	0	0	0	0	0	0	0	0	0
bcftools_stats_vqc_Count_Transitions:207	bcftools_stats	1	snv_indel_calling	0	1	0	0	0	0	0	0	0	0	0	0
bcftools_stats_vqc_Count_Transitions:208	bcftools_stats	1	snv_indel_calling	0	1	0	0	0	0	0	0	0	0	0	0
bcftools_stats_vqc_Count_Transitions:209	bcftools_stats	1	snv_indel_calling	0	1	0	0	0	0	0	0	0	0	0	0
bcftools_stats_vqc_Count_Transitions:21	bcftools_stats	1	snv_indel_calling	0	1	0	0	0	0	0	0	0	0	0	0
bcftools_stats_vqc_Count_Transitions:210	bcftools_stats	1	snv_indel_calling	0	1	0	0	0	0	0	0	0	0	0	0
bcftools_stats_vqc_Count_Transitions:211	bcftools_stats	1	snv_indel_calling	0	1	0	0	0	0	0	0	0	0	0	0
bcftools_stats_vqc_Count_Transitions:212	bcftools_stats	1	snv_indel_calling	0	1	0	0	0	0	0	0	0	0	0	0
bcftools_stats_vqc_Count_Transitions:213	bcftools_stats	1	snv_indel_calling	0	1	0	0	0	0	0	0	0	0	0	0
bcftools_stats_vqc_Count_Transitions:214	bcftools_stats	1	snv_indel_calling	0	1	0	0	0	0	0	0	0	0	0	0
bcftools_stats_vqc_Count_Transitions:215	bcftools_stats	1	snv_indel_calling	0	1	0	0	0	0	0	0	0	0	0	0
bcftools_stats_vqc_Count_Transitions:216	bcftools_stats	1	snv_indel_calling	0	1	0	0	0	0	0	0	0	0	0	0
bcftools_stats_vqc_Count_Transitions:217	bcftools_stats	1	snv_indel_calling	0	1	0	0	0	0	0	0	0	0	0	0
bcftools_stats_vqc_Count_Transitions:218	bcftools_stats	1	snv_indel_calling	0	1	0	0	0	0	0	0	0	0	0	0
bcftools_stats_vqc_Count_Transitions:219	bcftools_stats	1	snv_indel_calling	0	1	0	0	0	0	0	0	0	0	0	0
bcftools_stats_vqc_Count_Transitions:22	bcftools_stats	1	snv_indel_calling	0	1	0	0	0	0	0	0	0	0	0	0
bcftools_stats_vqc_Count_Transitions:220	bcftools_stats	1	snv_indel_calling	0	1	0	0	0	0	0	0	0	0	0	0
bcftools_stats_vqc_Count_Transitions:221	bcftools_stats	1	snv_indel_calling	0	1	0	0	0	0	0	0	0	0	0	0
bcftools_stats_vqc_Count_Transitions:222	bcftools_stats	1	snv_indel_calling	0	1	0	0	0	0	0	0	0	0	0	0
bcftools_stats_vqc_Count_Transitions:223	bcftools_stats	1	snv_indel_calling	0	1	0	0	0	0	0	0	0	0	0	0
bcftools_stats_vqc_Count_Transitions:224	bcftools_stats	1	snv_indel_calling	0	1	0	0	0	0	0	0	0	0	0	0
bcftools_stats_vqc_Count_Transitions:225	bcftools_stats	1	snv_indel_calling	0	1	0	0	0	0	0	0	0	0	0	0
bcftools_stats_vqc_Count_Transitions:226	bcftools_stats	1	snv_indel_calling	0	1	0	0	0	0	0	0	0	0	0	0
bcftools_stats_vqc_Count_Transitions:227	bcftools_stats	1	snv_indel_calling	0	1	0	0	0	0	0	0	0	0	0	0
bcftools_stats_vqc_Count_Transitions:228	bcftools_stats	1	snv_indel_calling	0	1	0	0	0	0	0	0	0	0	0	0
bcftools_stats_vqc_Count_Transitions:229	bcftools_stats	1	snv_indel_calling	0	1	0	0	0	0	0	0	0	0	0	0
bcftools_stats_vqc_Count_Transitions:23	bcftools_stats	1	snv_indel_calling	0	1	0	0	0	0	0	0	0	0	0	0
bcftools_stats_vqc_Count_Transitions:230	bcftools_stats	1	snv_indel_calling	0	1	0	0	0	0	0	0	0	0	0	0
bcftools_stats_vqc_Count_Transitions:231	bcftools_stats	1	snv_indel_calling	0	1	0	0	0	0	0	0	0	0	0	0
bcftools_stats_vqc_Count_Transitions:232	bcftools_stats	1	snv_indel_calling	0	1	0	0	0	0	0	0	0	0	0	0
bcftools_stats_vqc_Count_Transitions:233	bcftools_stats	1	snv_indel_calling	0	1	0	0	0	0	0	0	0	0	0	0
bcftools_stats_vqc_Count_Transitions:234	bcftools_stats	1	snv_indel_calling	0	1	0	0	0	0	0	0	0	0	0	0
bcftools_stats_vqc_Count_Transitions:235	bcftools_stats	1	snv_indel_calling	0	1	0	0	0	0	0	0	0	0	0	0
bcftools_stats_vqc_Count_Transitions:236	bcftools_stats	1	snv_indel_calling	0	1	0	0	0	0	0	0	0	0	0	0
bcftools_stats_vqc_Count_Transitions:237	bcftools_stats	1	snv_indel_calling	0	1	0	0	0	0	0	0	0	0	0	0
bcftools_stats_vqc_Count_Transitions:238	bcftools_stats	1	snv_indel_calling	0	1	0	0	0	0	0	0	0	0	0	0
bcftools_stats_vqc_Count_Transitions:239	bcftools_stats	1	snv_indel_calling	0	1	0	0	0	0	0	0	0	0	0	0
bcftools_stats_vqc_Count_Transitions:24	bcftools_stats	1	snv_indel_calling	0	1	0	0	0	0	0	0	0	0	0	0
bcftools_stats_vqc_Count_Transitions:240	bcftools_stats	1	snv_indel_calling	0	1	0	0	0	0	0	0	0	0	0	0
bcftools_stats_vqc_Count_Transitions:241	bcftools_stats	1	snv_indel_calling	0	1	0	0	0	0	0	0	0	0	0	0
bcftools_stats_vqc_Count_Transitions:242	bcftools_stats	1	snv_indel_calling	0	1	0	0	0	0	0	0	0	0	0	0
bcftools_stats_vqc_Count_Transitions:243	bcftools_stats	1	snv_indel_calling	0	1	0	0	0	0	0	0	0	0	0	0
bcftools_stats_vqc_Count_Transitions:244	bcftools_stats	1	snv_indel_calling	0	1	0	0	0	0	0	0	0	0	0	0
bcftools_stats_vqc_Count_Transitions:245	bcftools_stats	1	snv_indel_calling	0	1	0	0	0	0	0	0	0	0	0	0
bcftools_stats_vqc_Count_Transitions:246	bcftools_stats	1	snv_indel_calling	0	1	0	0	0	0	0	0	0	0	0	0
bcftools_stats_vqc_Count_Transitions:247	bcftools_stats	1	snv_indel_calling	0	1	0	0	0	0	0	0	0	0	0	0
bcftools_stats_vqc_Count_Transitions:248	bcftools_stats	1	snv_indel_calling	0	1	0	0	0	0	0	0	0	0	0	0
bcftools_stats_vqc_Count_Transitions:249	bcftools_stats	1	snv_indel_calling	0	1	0	0	0	0	0	0	0	0	0	0
bcftools_stats_vqc_Count_Transitions:25	bcftools_stats	1	snv_indel_calling	0	1	0	0	0	0	0	0	0	0	0	0
bcftools_stats_vqc_Count_Transitions:250	bcftools_stats	1	snv_indel_calling	0	1	0	0	0	0	0	0	0	0	0	0
bcftools_stats_vqc_Count_Transitions:251	bcftools_stats	1	snv_indel_calling	0	1	0	0	0	0	0	0	0	0	0	0
bcftools_stats_vqc_Count_Transitions:252	bcftools_stats	1	snv_indel_calling	0	1	0	0	0	0	0	0	0	0	0	0
bcftools_stats_vqc_Count_Transitions:253	bcftools_stats	1	snv_indel_calling	0	1	0	0	0	0	0	0	0	0	0	0
bcftools_stats_vqc_Count_Transitions:254	bcftools_stats	1	snv_indel_calling	0	1	0	0	0	0	0	0	0	0	0	0
bcftools_stats_vqc_Count_Transitions:255	bcftools_stats	1	snv_indel_calling	0	1	0	0	0	0	0	0	0	0	0	0
bcftools_stats_vqc_Count_Transitions:256	bcftools_stats	1	snv_indel_calling	0	1	0	0	0	0	0	0	0	0	0	0
bcftools_stats_vqc_Count_Transitions:257	bcftools_stats	1	snv_indel_calling	0	1	0	0	0	0	0	0	0	0	0	0
bcftools_stats_vqc_Count_Transitions:258	bcftools_stats	1	snv_indel_calling	0	1	0	0	0	0	0	0	0	0	0	0
bcftools_stats_vqc_Count_Transitions:259	bcftools_stats	1	snv_indel_calling	0	1	0	0	0	0	0	0	0	0	0	0
bcftools_stats_vqc_Count_Transitions:26	bcftools_stats	1	snv_indel_calling	0	1	0	0	0	0	0	0	0	0	0	0
bcftools_stats_vqc_Count_Transitions:260	bcftools_stats	1	snv_indel_calling	0	1	0	0	0	0	0	0	0	0	0	0
bcftools_stats_vqc_Count_Transitions:261	bcftools_stats	1	snv_indel_calling	0	1	0	0	0	0	0	0	0	0	0	0
bcftools_stats_vqc_Count_Transitions:262	bcftools_stats	1	snv_indel_calling	0	1	0	0	0	0	0	0	0	0	0	0
bcftools_stats_vqc_Count_Transitions:263	bcftools_stats	1	snv_indel_calling	0	1	0	0	0	0	0	0	0	0	0	0
bcftools_stats_vqc_Count_Transitions:264	bcftools_stats	1	snv_indel_calling	0	1	0	0	0	0	0	0	0	0	0	0
bcftools_stats_vqc_Count_Transitions:265	bcftools_stats	1	snv_indel_calling	0	1	0	0	0	0	0	0	0	0	0	0
bcftools_stats_vqc_Count_Transitions:266	bcftools_stats	1	snv_indel_calling	0	1	0	0	0	0	0	0	0	0	0	0
bcftools_stats_vqc_Count_Transitions:267	bcftools_stats	1	snv_indel_calling	0	1	0	0	0	0	0	0	0	0	0	0
bcftools_stats_vqc_Count_Transitions:268	bcftools_stats	1	snv_indel_calling	0	1	0	0	0	0	0	0	0	0	0	0
bcftools_stats_vqc_Count_Transitions:269	bcftools_stats	1	snv_indel_calling	0	1	0	0	0	0	0	0	0	0	0	0
bcftools_stats_vqc_Count_Transitions:27	bcftools_stats	1	snv_indel_calling	0	1	0	0	0	0	0	0	0	0	0	0
bcftools_stats_vqc_Count_Transitions:270	bcftools_stats	1	snv_indel_calling	0	1	0	0	0	0	0	0	0	0	0	0
bcftools_stats_vqc_Count_Transitions:271	bcftools_stats	1	snv_indel_calling	0	1	0	0	0	0	0	0	0	0	0	0
bcftools_stats_vqc_Count_Transitions:272	bcftools_stats	1	snv_indel_calling	0	1	0	0	0	0	0	0	0	0	0	0
bcftools_stats_vqc_Count_Transitions:273	bcftools_stats	1	snv_indel_calling	0	1	0	0	0	0	0	0	0	0	0	0
bcftools_stats_vqc_Count_Transitions:274	bcftools_stats	1	snv_indel_calling	0	1	0	0	0	0	0	0	0	0	0	0
bcftools_stats_vqc_Count_Transitions:275	bcftools_stats	1	snv_indel_calling	0	1	0	0	0	0	0	0	0	0	0	0
bcftools_stats_vqc_Count_Transitions:276	bcftools_stats	1	snv_indel_calling	0	1	0	0	0	0	0	0	0	0	0	0
bcftools_stats_vqc_Count_Transitions:277	bcftools_stats	1	snv_indel_calling	0	1	0	0	0	0	0	0	0	0	0	0
bcftools_stats_vqc_Count_Transitions:278	bcftools_stats	1	snv_indel_calling	0	1	0	0	0	0	0	0	0	0	0	0
bcftools_stats_vqc_Count_Transitions:279	bcftools_stats	1	snv_indel_calling	0	1	0	0	0	0	0	0	0	0	0	0
bcftools_stats_vqc_Count_Transitions:28	bcftools_stats	1	snv_indel_calling	0	1	0	0	0	0	0	0	0	0	0	0
bcftools_stats_vqc_Count_Transitions:280	bcftools_stats	1	snv_indel_calling	0	1	0	0	0	0	0	0	0	0	0	0
bcftools_stats_vqc_Count_Transitions:281	bcftools_stats	1	snv_indel_calling	0	1	0	0	0	0	0	0	0	0	0	0
bcftools_stats_vqc_Count_Transitions:282	bcftools_stats	1	snv_indel_calling	0	1	0	0	0	0	0	0	0	0	0	0
bcftools_stats_vqc_Count_Transitions:283	bcftools_stats	1	snv_indel_calling	0	1	0	0	0	0	0	0	0	0	0	0
bcftools_stats_vqc_Count_Transitions:284	bcftools_stats	1	snv_indel_calling	0	1	0	0	0	0	0	0	0	0	0	0
bcftools_stats_vqc_Count_Transitions:285	bcftools_stats	1	snv_indel_calling	0	1	0	0	0	0	0	0	0	0	0	0
bcftools_stats_vqc_Count_Transitions:286	bcftools_stats	1	snv_indel_calling	0	1	0	0	0	0	0	0	0	0	0	0
bcftools_stats_vqc_Count_Transitions:287	bcftools_stats	1	snv_indel_calling	0	1	0	0	0	0	0	0	0	0	0	0
bcftools_stats_vqc_Count_Transitions:288	bcftools_stats	1	snv_indel_calling	0	1	0	0	0	0	0	0	0	0	0	0
bcftools_stats_vqc_Count_Transitions:289	bcftools_stats	1	snv_indel_calling	0	1	0	0	0	0	0	0	0	0	0	0
bcftools_stats_vqc_Count_Transitions:29	bcftools_stats	1	snv_indel_calling	0	1	0	0	0	0	0	0	0	0	0	0
bcftools_stats_vqc_Count_Transitions:290	bcftools_stats	1	snv_indel_calling	0	1	0	0	0	0	0	0	0	0	0	0
bcftools_stats_vqc_Count_Transitions:291	bcftools_stats	1	snv_indel_calling	0	1	0	0	0	0	0	0	0	0	0	0
bcftools_stats_vqc_Count_Transitions:292	bcftools_stats	1	snv_indel_calling	0	1	0	0	0	0	0	0	0	0	0	0
bcftools_stats_vqc_Count_Transitions:293	bcftools_stats	1	snv_indel_calling	0	1	0	0	0	0	0	0	0	0	0	0
bcftools_stats_vqc_Count_Transitions:294	bcftools_stats	1	snv_indel_calling	0	1	0	0	0	0	0	0	0	0	0	0
bcftools_stats_vqc_Count_Transitions:295	bcftools_stats	1	snv_indel_calling	0	1	0	0	0	0	0	0	0	0	0	0
bcftools_stats_vqc_Count_Transitions:296	bcftools_stats	1	snv_indel_calling	0	1	0	0	0	0	0	0	0	0	0	0
bcftools_stats_vqc_Count_Transitions:297	bcftools_stats	1	snv_indel_calling	0	1	0	0	0	0	0	0	0	0	0	0
bcftools_stats_vqc_Count_Transitions:298	bcftools_stats	1	snv_indel_calling	0	1	0	0	0	0	0	0	0	0	0	0
bcftools_stats_vqc_Count_Transitions:299	bcftools_stats	1	snv_indel_calling	0	1	0	0	0	0	0	0	0	0	0	0
bcftools_stats_vqc_Count_Transitions:3	bcftools_stats	1	snv_indel_calling	0	1	0	0	0	0	0	0	0	0	0	0
bcftools_stats_vqc_Count_Transitions:30	bcftools_stats	1	snv_indel_calling	0	1	0	0	0	0	0	0	0	0	0	0
bcftools_stats_vqc_Count_Transitions:300	bcftools_stats	1	snv_indel_calling	0	1	0	0	0	0	0	0	0	0	0	0
bcftools_stats_vqc_Count_Transitions:301	bcftools_stats	1	snv_indel_calling	0	1	0	0	0	0	0	0	0	0	0	0
bcftools_stats_vqc_Count_Transitions:302	bcftools_stats	1	snv_indel_calling	0	1	0	0	0	0	0	0	0	0	0	0
bcftools_stats_vqc_Count_Transitions:303	bcftools_stats	1	snv_indel_calling	0	1	0	0	0	0	0	0	0	0	0	0
bcftools_stats_vqc_Count_Transitions:304	bcftools_stats	1	snv_indel_calling	0	1	0	0	0	0	0	0	0	0	0	0
bcftools_stats_vqc_Count_Transitions:305	bcftools_stats	1	snv_indel_calling	0	1	0	0	0	0	0	0	0	0	0	0
bcftools_stats_vqc_Count_Transitions:306	bcftools_stats	1	snv_indel_calling	0	1	0	0	0	0	0	0	0	0	0	0
bcftools_stats_vqc_Count_Transitions:307	bcftools_stats	1	snv_indel_calling	0	1	0	0	0	0	0	0	0	0	0	0
bcftools_stats_vqc_Count_Transitions:308	bcftools_stats	1	snv_indel_calling	0	1	0	0	0	0	0	0	0	0	0	0
bcftools_stats_vqc_Count_Transitions:309	bcftools_stats	1	snv_indel_calling	0	1	0	0	0	0	0	0	0	0	0	0
bcftools_stats_vqc_Count_Transitions:31	bcftools_stats	1	snv_indel_calling	0	1	0	0	0	0	0	0	0	0	0	0
bcftools_stats_vqc_Count_Transitions:310	bcftools_stats	1	snv_indel_calling	0	1	0	0	0	0	0	0	0	0	0	0
bcftools_stats_vqc_Count_Transitions:311	bcftools_stats	1	snv_indel_calling	0	1	0	0	0	0	0	0	0	0	0	0
bcftools_stats_vqc_Count_Transitions:312	bcftools_stats	1	snv_indel_calling	0	1	0	0	0	0	0	0	0	0	0	0
bcftools_stats_vqc_Count_Transitions:313	bcftools_stats	1	snv_indel_calling	0	1	0	0	0	0	0	0	0	0	0	0
bcftools_stats_vqc_Count_Transitions:314	bcftools_stats	1	snv_indel_calling	0	1	0	0	0	0	0	0	0	0	0	0
bcftools_stats_vqc_Count_Transitions:315	bcftools_stats	1	snv_indel_calling	0	1	0	0	0	0	0	0	0	0	0	0
bcftools_stats_vqc_Count_Transitions:316	bcftools_stats	1	snv_indel_calling	0	1	0	0	0	0	0	0	0	0	0	0
bcftools_stats_vqc_Count_Transitions:317	bcftools_stats	1	snv_indel_calling	0	1	0	0	0	0	0	0	0	0	0	0
bcftools_stats_vqc_Count_Transitions:318	bcftools_stats	1	snv_indel_calling	0	1	0	0	0	0	0	0	0	0	0	0
bcftools_stats_vqc_Count_Transitions:319	bcftools_stats	1	snv_indel_calling	0	1	0	0	0	0	0	0	0	0	0	0
bcftools_stats_vqc_Count_Transitions:32	bcftools_stats	1	snv_indel_calling	0	1	0	0	0	0	0	0	0	0	0	0
bcftools_stats_vqc_Count_Transitions:320	bcftools_stats	1	snv_indel_calling	0	1	0	0	0	0	0	0	0	0	0	0
bcftools_stats_vqc_Count_Transitions:321	bcftools_stats	1	snv_indel_calling	0	1	0	0	0	0	0	0	0	0	0	0
bcftools_stats_vqc_Count_Transitions:322	bcftools_stats	1	snv_indel_calling	0	1	0	0	0	0	0	0	0	0	0	0
bcftools_stats_vqc_Count_Transitions:323	bcftools_stats	1	snv_indel_calling	0	1	0	0	0	0	0	0	0	0	0	0
bcftools_stats_vqc_Count_Transitions:324	bcftools_stats	1	snv_indel_calling	0	1	0	0	0	0	0	0	0	0	0	0
bcftools_stats_vqc_Count_Transitions:325	bcftools_stats	1	snv_indel_calling	0	1	0	0	0	0	0	0	0	0	0	0
bcftools_stats_vqc_Count_Transitions:326	bcftools_stats	1	snv_indel_calling	0	1	0	0	0	0	0	0	0	0	0	0
bcftools_stats_vqc_Count_Transitions:327	bcftools_stats	1	snv_indel_calling	0	1	0	0	0	0	0	0	0	0	0	0
bcftools_stats_vqc_Count_Transitions:328	bcftools_stats	1	snv_indel_calling	0	1	0	0	0	0	0	0	0	0	0	0
bcftools_stats_vqc_Count_Transitions:329	bcftools_stats	1	snv_indel_calling	0	1	0	0	0	0	0	0	0	0	0	0
bcftools_stats_vqc_Count_Transitions:33	bcftools_stats	1	snv_indel_calling	0	1	0	0	0	0	0	0	0	0	0	0
bcftools_stats_vqc_Count_Transitions:330	bcftools_stats	1	snv_indel_calling	0	1	0	0	0	0	0	0	0	0	0	0
bcftools_stats_vqc_Count_Transitions:331	bcftools_stats	1	snv_indel_calling	0	1	0	0	0	0	0	0	0	0	0	0
bcftools_stats_vqc_Count_Transitions:332	bcftools_stats	1	snv_indel_calling	0	1	0	0	0	0	0	0	0	0	0	0
bcftools_stats_vqc_Count_Transitions:333	bcftools_stats	1	snv_indel_calling	0	1	0	0	0	0	0	0	0	0	0	0
bcftools_stats_vqc_Count_Transitions:334	bcftools_stats	1	snv_indel_calling	0	1	0	0	0	0	0	0	0	0	0	0
bcftools_stats_vqc_Count_Transitions:335	bcftools_stats	1	snv_indel_calling	0	1	0	0	0	0	0	0	0	0	0	0
bcftools_stats_vqc_Count_Transitions:336	bcftools_stats	1	snv_indel_calling	0	1	0	0	0	0	0	0	0	0	0	0
bcftools_stats_vqc_Count_Transitions:337	bcftools_stats	1	snv_indel_calling	0	1	0	0	0	0	0	0	0	0	0	0
bcftools_stats_vqc_Count_Transitions:338	bcftools_stats	1	snv_indel_calling	0	1	0	0	0	0	0	0	0	0	0	0
bcftools_stats_vqc_Count_Transitions:339	bcftools_stats	1	snv_indel_calling	0	1	0	0	0	0	0	0	0	0	0	0
bcftools_stats_vqc_Count_Transitions:34	bcftools_stats	1	snv_indel_calling	0	1	0	0	0	0	0	0	0	0	0	0
bcftools_stats_vqc_Count_Transitions:340	bcftools_stats	1	snv_indel_calling	0	1	0	0	0	0	0	0	0	0	0	0
bcftools_stats_vqc_Count_Transitions:341	bcftools_stats	1	snv_indel_calling	0	1	0	0	0	0	0	0	0	0	0	0
bcftools_stats_vqc_Count_Transitions:342	bcftools_stats	1	snv_indel_calling	0	1	0	0	0	0	0	0	0	0	0	0
bcftools_stats_vqc_Count_Transitions:343	bcftools_stats	1	snv_indel_calling	0	1	0	0	0	0	0	0	0	0	0	0
bcftools_stats_vqc_Count_Transitions:344	bcftools_stats	1	snv_indel_calling	0	1	0	0	0	0	0	0	0	0	0	0
bcftools_stats_vqc_Count_Transitions:345	bcftools_stats	1	snv_indel_calling	0	1	0	0	0	0	0	0	0	0	0	0
bcftools_stats_vqc_Count_Transitions:346	bcftools_stats	1	snv_indel_calling	0	1	0	0	0	0	0	0	0	0	0	0
bcftools_stats_vqc_Count_Transitions:347	bcftools_stats	1	snv_indel_calling	0	1	0	0	0	0	0	0	0	0	0	0
bcftools_stats_vqc_Count_Transitions:348	bcftools_stats	1	snv_indel_calling	0	1	0	0	0	0	0	0	0	0	0	0
bcftools_stats_vqc_Count_Transitions:349	bcftools_stats	1	snv_indel_calling	0	1	0	0	0	0	0	0	0	0	0	0
bcftools_stats_vqc_Count_Transitions:35	bcftools_stats	1	snv_indel_calling	0	1	0	0	0	0	0	0	0	0	0	0
bcftools_stats_vqc_Count_Transitions:350	bcftools_stats	1	snv_indel_calling	0	1	0	0	0	0	0	0	0	0	0	0
bcftools_stats_vqc_Count_Transitions:351	bcftools_stats	1	snv_indel_calling	0	1	0	0	0	0	0	0	0	0	0	0
bcftools_stats_vqc_Count_Transitions:352	bcftools_stats	1	snv_indel_calling	0	1	0	0	0	0	0	0	0	0	0	0
bcftools_stats_vqc_Count_Transitions:353	bcftools_stats	1	snv_indel_calling	0	1	0	0	0	0	0	0	0	0	0	0
bcftools_stats_vqc_Count_Transitions:354	bcftools_stats	1	snv_indel_calling	0	1	0	0	0	0	0	0	0	0	0	0
bcftools_stats_vqc_Count_Transitions:355	bcftools_stats	1	snv_indel_calling	0	1	0	0	0	0	0	0	0	0	0	0
bcftools_stats_vqc_Count_Transitions:356	bcftools_stats	1	snv_indel_calling	0	1	0	0	0	0	0	0	0	0	0	0
bcftools_stats_vqc_Count_Transitions:357	bcftools_stats	1	snv_indel_calling	0	1	0	0	0	0	0	0	0	0	0	0
bcftools_stats_vqc_Count_Transitions:358	bcftools_stats	1	snv_indel_calling	0	1	0	0	0	0	0	0	0	0	0	0
bcftools_stats_vqc_Count_Transitions:359	bcftools_stats	1	snv_indel_calling	0	1	0	0	0	0	0	0	0	0	0	0
bcftools_stats_vqc_Count_Transitions:36	bcftools_stats	1	snv_indel_calling	0	1	0	0	0	0	0	0	0	0	0	0
bcftools_stats_vqc_Count_Transitions:360	bcftools_stats	1	snv_indel_calling	0	1	0	0	0	0	0	0	0	0	0	0
bcftools_stats_vqc_Count_Transitions:361	bcftools_stats	1	snv_indel_calling	0	1	0	0	0	0	0	0	0	0	0	0
bcftools_stats_vqc_Count_Transitions:362	bcftools_stats	1	snv_indel_calling	0	1	0	0	0	0	0	0	0	0	0	0
bcftools_stats_vqc_Count_Transitions:363	bcftools_stats	1	snv_indel_calling	0	1	0	0	0	0	0	0	0	0	0	0
bcftools_stats_vqc_Count_Transitions:364	bcftools_stats	1	snv_indel_calling	0	1	0	0	0	0	0	0	0	0	0	0
bcftools_stats_vqc_Count_Transitions:365	bcftools_stats	1	snv_indel_calling	0	1	0	0	0	0	0	0	0	0	0	0
bcftools_stats_vqc_Count_Transitions:366	bcftools_stats	1	snv_indel_calling	0	1	0	0	0	0	0	0	0	0	0	0
bcftools_stats_vqc_Count_Transitions:367	bcftools_stats	1	snv_indel_calling	0	1	0	0	0	0	0	0	0	0	0	0
bcftools_stats_vqc_Count_Transitions:368	bcftools_stats	1	snv_indel_calling	0	1	0	0	0	0	0	0	0	0	0	0
bcftools_stats_vqc_Count_Transitions:369	bcftools_stats	1	snv_indel_calling	0	1	0	0	0	0	0	0	0	0	0	0
bcftools_stats_vqc_Count_Transitions:37	bcftools_stats	1	snv_indel_calling	0	1	0	0	0	0	0	0	0	0	0	0
bcftools_stats_vqc_Count_Transitions:370	bcftools_stats	1	snv_indel_calling	0	1	0	0	0	0	0	0	0	0	0	0
bcftools_stats_vqc_Count_Transitions:371	bcftools_stats	1	snv_indel_calling	0	1	0	0	0	0	0	0	0	0	0	0
bcftools_stats_vqc_Count_Transitions:372	bcftools_stats	1	snv_indel_calling	0	1	0	0	0	0	0	0	0	0	0	0
bcftools_stats_vqc_Count_Transitions:373	bcftools_stats	1	snv_indel_calling	0	1	0	0	0	0	0	0	0	0	0	0
bcftools_stats_vqc_Count_Transitions:374	bcftools_stats	1	snv_indel_calling	0	1	0	0	0	0	0	0	0	0	0	0
bcftools_stats_vqc_Count_Transitions:375	bcftools_stats	1	snv_indel_calling	0	1	0	0	0	0	0	0	0	0	0	0
bcftools_stats_vqc_Count_Transitions:376	bcftools_stats	1	snv_indel_calling	0	1	0	0	0	0	0	0	0	0	0	0
bcftools_stats_vqc_Count_Transitions:377	bcftools_stats	1	snv_indel_calling	0	1	0	0	0	0	0	0	0	0	0	0
bcftools_stats_vqc_Count_Transitions:378	bcftools_stats	1	snv_indel_calling	0	1	0	0	0	0	0	0	0	0	0	0
bcftools_stats_vqc_Count_Transitions:379	bcftools_stats	1	snv_indel_calling	0	1	0	0	0	0	0	0	0	0	0	0
bcftools_stats_vqc_Count_Transitions:38	bcftools_stats	1	snv_indel_calling	0	1	0	0	0	0	0	0	0	0	0	0
bcftools_stats_vqc_Count_Transitions:380	bcftools_stats	1	snv_indel_calling	0	1	0	0	0	0	0	0	0	0	0	0
bcftools_stats_vqc_Count_Transitions:381	bcftools_stats	1	snv_indel_calling	0	1	0	0	0	0	0	0	0	0	0	0
bcftools_stats_vqc_Count_Transitions:382	bcftools_stats	1	snv_indel_calling	0	1	0	0	0	0	0	0	0	0	0	0
bcftools_stats_vqc_Count_Transitions:383	bcftools_stats	1	snv_indel_calling	0	1	0	0	0	0	0	0	0	0	0	0
bcftools_stats_vqc_Count_Transitions:384	bcftools_stats	1	snv_indel_calling	0	1	0	0	0	0	0	0	0	0	0	0
bcftools_stats_vqc_Count_Transitions:385	bcftools_stats	1	snv_indel_calling	0	1	0	0	0	0	0	0	0	0	0	0
bcftools_stats_vqc_Count_Transitions:386	bcftools_stats	1	snv_indel_calling	0	1	0	0	0	0	0	0	0	0	0	0
bcftools_stats_vqc_Count_Transitions:387	bcftools_stats	1	snv_indel_calling	0	1	0	0	0	0	0	0	0	0	0	0
bcftools_stats_vqc_Count_Transitions:388	bcftools_stats	1	snv_indel_calling	0	1	0	0	0	0	0	0	0	0	0	0
bcftools_stats_vqc_Count_Transitions:389	bcftools_stats	1	snv_indel_calling	0	1	0	0	0	0	0	0	0	0	0	0
bcftools_stats_vqc_Count_Transitions:39	bcftools_stats	1	snv_indel_calling	0	1	0	0	0	0	0	0	0	0	0	0
bcftools_stats_vqc_Count_Transitions:390	bcftools_stats	1	snv_indel_calling	0	1	0	0	0	0	0	0	0	0	0	0
bcftools_stats_vqc_Count_Transitions:391	bcftools_stats	1	snv_indel_calling	0	1	0	0	0	0	0	0	0	0	0	0
bcftools_stats_vqc_Count_Transitions:392	bcftools_stats	1	snv_indel_calling	0	1	0	0	0	0	0	0	0	0	0	0
bcftools_stats_vqc_Count_Transitions:393	bcftools_stats	1	snv_indel_calling	0	1	0	0	0	0	0	0	0	0	0	0
bcftools_stats_vqc_Count_Transitions:394	bcftools_stats	1	snv_indel_calling	0	1	0	0	0	0	0	0	0	0	0	0
bcftools_stats_vqc_Count_Transitions:395	bcftools_stats	1	snv_indel_calling	0	1	0	0	0	0	0	0	0	0	0	0
bcftools_stats_vqc_Count_Transitions:396	bcftools_stats	1	snv_indel_calling	0	1	0	0	0	0	0	0	0	0	0	0
bcftools_stats_vqc_Count_Transitions:397	bcftools_stats	1	snv_indel_calling	0	1	0	0	0	0	0	0	0	0	0	0
bcftools_stats_vqc_Count_Transitions:398	bcftools_stats	1	snv_indel_calling	0	1	0	0	0	0	0	0	0	0	0	0
bcftools_stats_vqc_Count_Transitions:399	bcftools_stats	1	snv_indel_calling	0	1	0	0	0	0	0	0	0	0	0	0
bcftools_stats_vqc_Count_Transitions:4	bcftools_stats	1	snv_indel_calling	0	1	0	0	0	0	0	0	0	0	0	0
bcftools_stats_vqc_Count_Transitions:40	bcftools_stats	1	snv_indel_calling	0	1	0	0	0	0	0	0	0	0	0	0
bcftools_stats_vqc_Count_Transitions:400	bcftools_stats	1	snv_indel_calling	0	1	0	0	0	0	0	0	0	0	0	0
bcftools_stats_vqc_Count_Transitions:401	bcftools_stats	1	snv_indel_calling	0	1	0	0	0	0	0	0	0	0	0	0
bcftools_stats_vqc_Count_Transitions:402	bcftools_stats	1	snv_indel_calling	0	1	0	0	0	0	0	0	0	0	0	0
bcftools_stats_vqc_Count_Transitions:403	bcftools_stats	1	snv_indel_calling	0	1	0	0	0	0	0	0	0	0	0	0
bcftools_stats_vqc_Count_Transitions:404	bcftools_stats	1	snv_indel_calling	0	1	0	0	0	0	0	0	0	0	0	0
bcftools_stats_vqc_Count_Transitions:405	bcftools_stats	1	snv_indel_calling	0	1	0	0	0	0	0	0	0	0	0	0
bcftools_stats_vqc_Count_Transitions:406	bcftools_stats	1	snv_indel_calling	0	1	0	0	0	0	0	0	0	0	0	0
bcftools_stats_vqc_Count_Transitions:407	bcftools_stats	1	snv_indel_calling	0	1	0	0	0	0	0	0	0	0	0	0
bcftools_stats_vqc_Count_Transitions:408	bcftools_stats	1	snv_indel_calling	0	1	0	0	0	0	0	0	0	0	0	0
bcftools_stats_vqc_Count_Transitions:409	bcftools_stats	1	snv_indel_calling	0	1	0	0	0	0	0	0	0	0	0	0
bcftools_stats_vqc_Count_Transitions:41	bcftools_stats	1	snv_indel_calling	0	1	0	0	0	0	0	0	0	0	0	0
bcftools_stats_vqc_Count_Transitions:410	bcftools_stats	1	snv_indel_calling	0	1	0	0	0	0	0	0	0	0	0	0
bcftools_stats_vqc_Count_Transitions:411	bcftools_stats	1	snv_indel_calling	0	1	0	0	0	0	0	0	0	0	0	0
bcftools_stats_vqc_Count_Transitions:412	bcftools_stats	1	snv_indel_calling	0	1	0	0	0	0	0	0	0	0	0	0
bcftools_stats_vqc_Count_Transitions:413	bcftools_stats	1	snv_indel_calling	0	1	0	0	0	0	0	0	0	0	0	0
bcftools_stats_vqc_Count_Transitions:414	bcftools_stats	1	snv_indel_calling	0	1	0	0	0	0	0	0	0	0	0	0
bcftools_stats_vqc_Count_Transitions:415	bcftools_stats	1	snv_indel_calling	0	1	0	0	0	0	0	0	0	0	0	0
bcftools_stats_vqc_Count_Transitions:416	bcftools_stats	1	snv_indel_calling	0	1	0	0	0	0	0	0	0	0	0	0
bcftools_stats_vqc_Count_Transitions:417	bcftools_stats	1	snv_indel_calling	0	1	0	0	0	0	0	0	0	0	0	0
bcftools_stats_vqc_Count_Transitions:418	bcftools_stats	1	snv_indel_calling	0	1	0	0	0	0	0	0	0	0	0	0
bcftools_stats_vqc_Count_Transitions:419	bcftools_stats	1	snv_indel_calling	0	1	0	0	0	0	0	0	0	0	0	0
bcftools_stats_vqc_Count_Transitions:42	bcftools_stats	1	snv_indel_calling	0	1	0	0	0	0	0	0	0	0	0	0
bcftools_stats_vqc_Count_Transitions:420	bcftools_stats	1	snv_indel_calling	0	1	0	0	0	0	0	0	0	0	0	0
bcftools_stats_vqc_Count_Transitions:421	bcftools_stats	1	snv_indel_calling	0	1	0	0	0	0	0	0	0	0	0	0
bcftools_stats_vqc_Count_Transitions:422	bcftools_stats	1	snv_indel_calling	0	1	0	0	0	0	0	0	0	0	0	0
bcftools_stats_vqc_Count_Transitions:423	bcftools_stats	1	snv_indel_calling	0	1	0	0	0	0	0	0	0	0	0	0
bcftools_stats_vqc_Count_Transitions:424	bcftools_stats	1	snv_indel_calling	0	1	0	0	0	0	0	0	0	0	0	0
bcftools_stats_vqc_Count_Transitions:425	bcftools_stats	1	snv_indel_calling	0	1	0	0	0	0	0	0	0	0	0	0
bcftools_stats_vqc_Count_Transitions:426	bcftools_stats	1	snv_indel_calling	0	1	0	0	0	0	0	0	0	0	0	0
bcftools_stats_vqc_Count_Transitions:427	bcftools_stats	1	snv_indel_calling	0	1	0	0	0	0	0	0	0	0	0	0
bcftools_stats_vqc_Count_Transitions:428	bcftools_stats	1	snv_indel_calling	0	1	0	0	0	0	0	0	0	0	0	0
bcftools_stats_vqc_Count_Transitions:429	bcftools_stats	1	snv_indel_calling	0	1	0	0	0	0	0	0	0	0	0	0
bcftools_stats_vqc_Count_Transitions:43	bcftools_stats	1	snv_indel_calling	0	1	0	0	0	0	0	0	0	0	0	0
bcftools_stats_vqc_Count_Transitions:430	bcftools_stats	1	snv_indel_calling	0	1	0	0	0	0	0	0	0	0	0	0
bcftools_stats_vqc_Count_Transitions:431	bcftools_stats	1	snv_indel_calling	0	1	0	0	0	0	0	0	0	0	0	0
bcftools_stats_vqc_Count_Transitions:432	bcftools_stats	1	snv_indel_calling	0	1	0	0	0	0	0	0	0	0	0	0
bcftools_stats_vqc_Count_Transitions:433	bcftools_stats	1	snv_indel_calling	0	1	0	0	0	0	0	0	0	0	0	0
bcftools_stats_vqc_Count_Transitions:434	bcftools_stats	1	snv_indel_calling	0	1	0	0	0	0	0	0	0	0	0	0
bcftools_stats_vqc_Count_Transitions:435	bcftools_stats	1	snv_indel_calling	0	1	0	0	0	0	0	0	0	0	0	0
bcftools_stats_vqc_Count_Transitions:436	bcftools_stats	1	snv_indel_calling	0	1	0	0	0	0	0	0	0	0	0	0
bcftools_stats_vqc_Count_Transitions:437	bcftools_stats	1	snv_indel_calling	0	1	0	0	0	0	0	0	0	0	0	0
bcftools_stats_vqc_Count_Transitions:438	bcftools_stats	1	snv_indel_calling	0	1	0	0	0	0	0	0	0	0	0	0
bcftools_stats_vqc_Count_Transitions:439	bcftools_stats	1	snv_indel_calling	0	1	0	0	0	0	0	0	0	0	0	0
bcftools_stats_vqc_Count_Transitions:44	bcftools_stats	1	snv_indel_calling	0	1	0	0	0	0	0	0	0	0	0	0
bcftools_stats_vqc_Count_Transitions:440	bcftools_stats	1	snv_indel_calling	0	1	0	0	0	0	0	0	0	0	0	0
bcftools_stats_vqc_Count_Transitions:441	bcftools_stats	1	snv_indel_calling	0	1	0	0	0	0	0	0	0	0	0	0
bcftools_stats_vqc_Count_Transitions:442	bcftools_stats	1	snv_indel_calling	0	1	0	0	0	0	0	0	0	0	0	0
bcftools_stats_vqc_Count_Transitions:443	bcftools_stats	1	snv_indel_calling	0	1	0	0	0	0	0	0	0	0	0	0
bcftools_stats_vqc_Count_Transitions:444	bcftools_stats	1	snv_indel_calling	0	1	0	0	0	0	0	0	0	0	0	0
bcftools_stats_vqc_Count_Transitions:445	bcftools_stats	1	snv_indel_calling	0	1	0	0	0	0	0	0	0	0	0	0
bcftools_stats_vqc_Count_Transitions:446	bcftools_stats	1	snv_indel_calling	0	1	0	0	0	0	0	0	0	0	0	0
bcftools_stats_vqc_Count_Transitions:447	bcftools_stats	1	snv_indel_calling	0	1	0	0	0	0	0	0	0	0	0	0
bcftools_stats_vqc_Count_Transitions:448	bcftools_stats	1	snv_indel_calling	0	1	0	0	0	0	0	0	0	0	0	0
bcftools_stats_vqc_Count_Transitions:449	bcftools_stats	1	snv_indel_calling	0	1	0	0	0	0	0	0	0	0	0	0
bcftools_stats_vqc_Count_Transitions:45	bcftools_stats	1	snv_indel_calling	0	1	0	0	0	0	0	0	0	0	0	0
bcftools_stats_vqc_Count_Transitions:450	bcftools_stats	1	snv_indel_calling	0	1	0	0	0	0	0	0	0	0	0	0
bcftools_stats_vqc_Count_Transitions:451	bcftools_stats	1	snv_indel_calling	0	1	0	0	0	0	0	0	0	0	0	0
bcftools_stats_vqc_Count_Transitions:452	bcftools_stats	1	snv_indel_calling	0	1	0	0	0	0	0	0	0	0	0	0
bcftools_stats_vqc_Count_Transitions:453	bcftools_stats	1	snv_indel_calling	0	1	0	0	0	0	0	0	0	0	0	0
bcftools_stats_vqc_Count_Transitions:454	bcftools_stats	1	snv_indel_calling	0	1	0	0	0	0	0	0	0	0	0	0
bcftools_stats_vqc_Count_Transitions:455	bcftools_stats	1	snv_indel_calling	0	1	0	0	0	0	0	0	0	0	0	0
bcftools_stats_vqc_Count_Transitions:456	bcftools_stats	1	snv_indel_calling	0	1	0	0	0	0	0	0	0	0	0	0
bcftools_stats_vqc_Count_Transitions:457	bcftools_stats	1	snv_indel_calling	0	1	0	0	0	0	0	0	0	0	0	0
bcftools_stats_vqc_Count_Transitions:458	bcftools_stats	1	snv_indel_calling	0	1	0	0	0	0	0	0	0	0	0	0
bcftools_stats_vqc_Count_Transitions:459	bcftools_stats	1	snv_indel_calling	0	1	0	0	0	0	0	0	0	0	0	0
bcftools_stats_vqc_Count_Transitions:46	bcftools_stats	1	snv_indel_calling	0	1	0	0	0	0	0	0	0	0	0	0
bcftools_stats_vqc_Count_Transitions:460	bcftools_stats	1	snv_indel_calling	0	1	0	0	0	0	0	0	0	0	0	0
bcftools_stats_vqc_Count_Transitions:461	bcftools_stats	1	snv_indel_calling	0	1	0	0	0	0	0	0	0	0	0	0
bcftools_stats_vqc_Count_Transitions:462	bcftools_stats	1	snv_indel_calling	0	1	0	0	0	0	0	0	0	0	0	0
bcftools_stats_vqc_Count_Transitions:463	bcftools_stats	1	snv_indel_calling	0	1	0	0	0	0	0	0	0	0	0	0
bcftools_stats_vqc_Count_Transitions:464	bcftools_stats	1	snv_indel_calling	0	1	0	0	0	0	0	0	0	0	0	0
bcftools_stats_vqc_Count_Transitions:465	bcftools_stats	1	snv_indel_calling	0	1	0	0	0	0	0	0	0	0	0	0
bcftools_stats_vqc_Count_Transitions:466	bcftools_stats	1	snv_indel_calling	0	1	0	0	0	0	0	0	0	0	0	0
bcftools_stats_vqc_Count_Transitions:467	bcftools_stats	1	snv_indel_calling	0	1	0	0	0	0	0	0	0	0	0	0
bcftools_stats_vqc_Count_Transitions:468	bcftools_stats	1	snv_indel_calling	0	1	0	0	0	0	0	0	0	0	0	0
bcftools_stats_vqc_Count_Transitions:469	bcftools_stats	1	snv_indel_calling	0	1	0	0	0	0	0	0	0	0	0	0
bcftools_stats_vqc_Count_Transitions:47	bcftools_stats	1	snv_indel_calling	0	1	0	0	0	0	0	0	0	0	0	0
bcftools_stats_vqc_Count_Transitions:470	bcftools_stats	1	snv_indel_calling	0	1	0	0	0	0	0	0	0	0	0	0
bcftools_stats_vqc_Count_Transitions:471	bcftools_stats	1	snv_indel_calling	0	1	0	0	0	0	0	0	0	0	0	0
bcftools_stats_vqc_Count_Transitions:472	bcftools_stats	1	snv_indel_calling	0	1	0	0	0	0	0	0	0	0	0	0
bcftools_stats_vqc_Count_Transitions:473	bcftools_stats	1	snv_indel_calling	0	1	0	0	0	0	0	0	0	0	0	0
bcftools_stats_vqc_Count_Transitions:474	bcftools_stats	1	snv_indel_calling	0	1	0	0	0	0	0	0	0	0	0	0
bcftools_stats_vqc_Count_Transitions:475	bcftools_stats	1	snv_indel_calling	0	1	0	0	0	0	0	0	0	0	0	0
bcftools_stats_vqc_Count_Transitions:476	bcftools_stats	1	snv_indel_calling	0	1	0	0	0	0	0	0	0	0	0	0
bcftools_stats_vqc_Count_Transitions:477	bcftools_stats	1	snv_indel_calling	0	1	0	0	0	0	0	0	0	0	0	0
bcftools_stats_vqc_Count_Transitions:478	bcftools_stats	1	snv_indel_calling	0	1	0	0	0	0	0	0	0	0	0	0
bcftools_stats_vqc_Count_Transitions:479	bcftools_stats	1	snv_indel_calling	0	1	0	0	0	0	0	0	0	0	0	0
bcftools_stats_vqc_Count_Transitions:48	bcftools_stats	1	snv_indel_calling	0	1	0	0	0	0	0	0	0	0	0	0
bcftools_stats_vqc_Count_Transitions:480	bcftools_stats	1	snv_indel_calling	0	1	0	0	0	0	0	0	0	0	0	0
bcftools_stats_vqc_Count_Transitions:481	bcftools_stats	1	snv_indel_calling	0	1	0	0	0	0	0	0	0	0	0	0
bcftools_stats_vqc_Count_Transitions:482	bcftools_stats	1	snv_indel_calling	0	1	0	0	0	0	0	0	0	0	0	0
bcftools_stats_vqc_Count_Transitions:483	bcftools_stats	1	snv_indel_calling	0	1	0	0	0	0	0	0	0	0	0	0
bcftools_stats_vqc_Count_Transitions:484	bcftools_stats	1	snv_indel_calling	0	1	0	0	0	0	0	0	0	0	0	0
bcftools_stats_vqc_Count_Transitions:485	bcftools_stats	1	snv_indel_calling	0	1	0	0	0	0	0	0	0	0	0	0
bcftools_stats_vqc_Count_Transitions:486	bcftools_stats	1	snv_indel_calling	0	1	0	0	0	0	0	0	0	0	0	0
bcftools_stats_vqc_Count_Transitions:487	bcftools_stats	1	snv_indel_calling	0	1	0	0	0	0	0	0	0	0	0	0
bcftools_stats_vqc_Count_Transitions:488	bcftools_stats	1	snv_indel_calling	0	1	0	0	0	0	0	0	0	0	0	0
bcftools_stats_vqc_Count_Transitions:489	bcftools_stats	1	snv_indel_calling	0	1	0	0	0	0	0	0	0	0	0	0
bcftools_stats_vqc_Count_Transitions:49	bcftools_stats	1	snv_indel_calling	0	1	0	0	0	0	0	0	0	0	0	0
bcftools_stats_vqc_Count_Transitions:490	bcftools_stats	1	snv_indel_calling	0	1	0	0	0	0	0	0	0	0	0	0
bcftools_stats_vqc_Count_Transitions:491	bcftools_stats	1	snv_indel_calling	0	1	0	0	0	0	0	0	0	0	0	0
bcftools_stats_vqc_Count_Transitions:492	bcftools_stats	1	snv_indel_calling	0	1	0	0	0	0	0	0	0	0	0	0
bcftools_stats_vqc_Count_Transitions:493	bcftools_stats	1	snv_indel_calling	0	1	0	0	0	0	0	0	0	0	0	0
bcftools_stats_vqc_Count_Transitions:494	bcftools_stats	1	snv_indel_calling	0	1	0	0	0	0	0	0	0	0	0	0
bcftools_stats_vqc_Count_Transitions:495	bcftools_stats	1	snv_indel_calling	0	1	0	0	0	0	0	0	0	0	0	0
bcftools_stats_vqc_Count_Transitions:496	bcftools_stats	1	snv_indel_calling	0	1	0	0	0	0	0	0	0	0	0	0
bcftools_stats_vqc_Count_Transitions:497	bcftools_stats	1	snv_indel_calling	0	1	0	0	0	0	0	0	0	0	0	0
bcftools_stats_vqc_Count_Transitions:498	bcftools_stats	1	snv_indel_calling	0	1	0	0	0	0	0	0	0	0	0	0
bcftools_stats_vqc_Count_Transitions:499	bcftools_stats	1	snv_indel_calling	0	1	0	0	0	0	0	0	0	0	0	0
bcftools_stats_vqc_Count_Transitions:5	bcftools_stats	1	snv_indel_calling	0	1	0	0	0	0	0	0	0	0	0	0
bcftools_stats_vqc_Count_Transitions:50	bcftools_stats	1	snv_indel_calling	0	1	0	0	0	0	0	0	0	0	0	0
bcftools_stats_vqc_Count_Transitions:500	bcftools_stats	1	snv_indel_calling	0	1	0	0	0	0	0	0	0	0	0	0
bcftools_stats_vqc_Count_Transitions:501	bcftools_stats	1	snv_indel_calling	0	1	0	0	0	0	0	0	0	0	0	0
bcftools_stats_vqc_Count_Transitions:502	bcftools_stats	1	snv_indel_calling	0	1	0	0	0	0	0	0	0	0	0	0
bcftools_stats_vqc_Count_Transitions:503	bcftools_stats	1	snv_indel_calling	0	1	0	0	0	0	0	0	0	0	0	0
bcftools_stats_vqc_Count_Transitions:504	bcftools_stats	1	snv_indel_calling	0	1	0	0	0	0	0	0	0	0	0	0
bcftools_stats_vqc_Count_Transitions:505	bcftools_stats	1	snv_indel_calling	0	1	0	0	0	0	0	0	0	0	0	0
bcftools_stats_vqc_Count_Transitions:506	bcftools_stats	1	snv_indel_calling	0	1	0	0	0	0	0	0	0	0	0	0
bcftools_stats_vqc_Count_Transitions:507	bcftools_stats	1	snv_indel_calling	0	1	0	0	0	0	0	0	0	0	0	0
bcftools_stats_vqc_Count_Transitions:508	bcftools_stats	1	snv_indel_calling	0	1	0	0	0	0	0	0	0	0	0	0
bcftools_stats_vqc_Count_Transitions:509	bcftools_stats	1	snv_indel_calling	0	1	0	0	0	0	0	0	0	0	0	0
bcftools_stats_vqc_Count_Transitions:51	bcftools_stats	1	snv_indel_calling	0	1	0	0	0	0	0	0	0	0	0	0
bcftools_stats_vqc_Count_Transitions:510	bcftools_stats	1	snv_indel_calling	0	1	0	0	0	0	0	0	0	0	0	0
bcftools_stats_vqc_Count_Transitions:511	bcftools_stats	1	snv_indel_calling	0	1	0	0	0	0	0	0	0	0	0	0
bcftools_stats_vqc_Count_Transitions:512	bcftools_stats	1	snv_indel_calling	0	1	0	0	0	0	0	0	0	0	0	0
bcftools_stats_vqc_Count_Transitions:513	bcftools_stats	1	snv_indel_calling	0	1	0	0	0	0	0	0	0	0	0	0
bcftools_stats_vqc_Count_Transitions:514	bcftools_stats	1	snv_indel_calling	0	1	0	0	0	0	0	0	0	0	0	0
bcftools_stats_vqc_Count_Transitions:515	bcftools_stats	1	snv_indel_calling	0	1	0	0	0	0	0	0	0	0	0	0
bcftools_stats_vqc_Count_Transitions:516	bcftools_stats	1	snv_indel_calling	0	1	0	0	0	0	0	0	0	0	0	0
bcftools_stats_vqc_Count_Transitions:517	bcftools_stats	1	snv_indel_calling	0	1	0	0	0	0	0	0	0	0	0	0
bcftools_stats_vqc_Count_Transitions:518	bcftools_stats	1	snv_indel_calling	0	1	0	0	0	0	0	0	0	0	0	0
bcftools_stats_vqc_Count_Transitions:519	bcftools_stats	1	snv_indel_calling	0	1	0	0	0	0	0	0	0	0	0	0
bcftools_stats_vqc_Count_Transitions:52	bcftools_stats	1	snv_indel_calling	0	1	0	0	0	0	0	0	0	0	0	0
bcftools_stats_vqc_Count_Transitions:520	bcftools_stats	1	snv_indel_calling	0	1	0	0	0	0	0	0	0	0	0	0
bcftools_stats_vqc_Count_Transitions:521	bcftools_stats	1	snv_indel_calling	0	1	0	0	0	0	0	0	0	0	0	0
bcftools_stats_vqc_Count_Transitions:522	bcftools_stats	1	snv_indel_calling	0	1	0	0	0	0	0	0	0	0	0	0
bcftools_stats_vqc_Count_Transitions:523	bcftools_stats	1	snv_indel_calling	0	1	0	0	0	0	0	0	0	0	0	0
bcftools_stats_vqc_Count_Transitions:524	bcftools_stats	1	snv_indel_calling	0	1	0	0	0	0	0	0	0	0	0	0
bcftools_stats_vqc_Count_Transitions:525	bcftools_stats	1	snv_indel_calling	0	1	0	0	0	0	0	0	0	0	0	0
bcftools_stats_vqc_Count_Transitions:526	bcftools_stats	1	snv_indel_calling	0	1	0	0	0	0	0	0	0	0	0	0
bcftools_stats_vqc_Count_Transitions:527	bcftools_stats	1	snv_indel_calling	0	1	0	0	0	0	0	0	0	0	0	0
bcftools_stats_vqc_Count_Transitions:528	bcftools_stats	1	snv_indel_calling	0	1	0	0	0	0	0	0	0	0	0	0
bcftools_stats_vqc_Count_Transitions:529	bcftools_stats	1	snv_indel_calling	0	1	0	0	0	0	0	0	0	0	0	0
bcftools_stats_vqc_Count_Transitions:53	bcftools_stats	1	snv_indel_calling	0	1	0	0	0	0	0	0	0	0	0	0
bcftools_stats_vqc_Count_Transitions:530	bcftools_stats	1	snv_indel_calling	0	1	0	0	0	0	0	0	0	0	0	0
bcftools_stats_vqc_Count_Transitions:531	bcftools_stats	1	snv_indel_calling	0	1	0	0	0	0	0	0	0	0	0	0
bcftools_stats_vqc_Count_Transitions:532	bcftools_stats	1	snv_indel_calling	0	1	0	0	0	0	0	0	0	0	0	0
bcftools_stats_vqc_Count_Transitions:533	bcftools_stats	1	snv_indel_calling	0	1	0	0	0	0	0	0	0	0	0	0
bcftools_stats_vqc_Count_Transitions:534	bcftools_stats	1	snv_indel_calling	0	1	0	0	0	0	0	0	0	0	0	0
bcftools_stats_vqc_Count_Transitions:535	bcftools_stats	1	snv_indel_calling	0	1	0	0	0	0	0	0	0	0	0	0
bcftools_stats_vqc_Count_Transitions:536	bcftools_stats	1	snv_indel_calling	0	1	0	0	0	0	0	0	0	0	0	0
bcftools_stats_vqc_Count_Transitions:537	bcftools_stats	1	snv_indel_calling	0	1	0	0	0	0	0	0	0	0	0	0
bcftools_stats_vqc_Count_Transitions:538	bcftools_stats	1	snv_indel_calling	0	1	0	0	0	0	0	0	0	0	0	0
bcftools_stats_vqc_Count_Transitions:539	bcftools_stats	1	snv_indel_calling	0	1	0	0	0	0	0	0	0	0	0	0
bcftools_stats_vqc_Count_Transitions:54	bcftools_stats	1	snv_indel_calling	0	1	0	0	0	0	0	0	0	0	0	0
bcftools_stats_vqc_Count_Transitions:540	bcftools_stats	1	snv_indel_calling	0	1	0	0	0	0	0	0	0	0	0	0
bcftools_stats_vqc_Count_Transitions:541	bcftools_stats	1	snv_indel_calling	0	1	0	0	0	0	0	0	0	0	0	0
bcftools_stats_vqc_Count_Transitions:542	bcftools_stats	1	snv_indel_calling	0	1	0	0	0	0	0	0	0	0	0	0
bcftools_stats_vqc_Count_Transitions:543	bcftools_stats	1	snv_indel_calling	0	1	0	0	0	0	0	0	0	0	0	0
bcftools_stats_vqc_Count_Transitions:544	bcftools_stats	1	snv_indel_calling	0	1	0	0	0	0	0	0	0	0	0	0
bcftools_stats_vqc_Count_Transitions:545	bcftools_stats	1	snv_indel_calling	0	1	0	0	0	0	0	0	0	0	0	0
bcftools_stats_vqc_Count_Transitions:546	bcftools_stats	1	snv_indel_calling	0	1	0	0	0	0	0	0	0	0	0	0
bcftools_stats_vqc_Count_Transitions:547	bcftools_stats	1	snv_indel_calling	0	1	0	0	0	0	0	0	0	0	0	0
bcftools_stats_vqc_Count_Transitions:548	bcftools_stats	1	snv_indel_calling	0	1	0	0	0	0	0	0	0	0	0	0
bcftools_stats_vqc_Count_Transitions:549	bcftools_stats	1	snv_indel_calling	0	1	0	0	0	0	0	0	0	0	0	0
bcftools_stats_vqc_Count_Transitions:55	bcftools_stats	1	snv_indel_calling	0	1	0	0	0	0	0	0	0	0	0	0
bcftools_stats_vqc_Count_Transitions:550	bcftools_stats	1	snv_indel_calling	0	1	0	0	0	0	0	0	0	0	0	0
bcftools_stats_vqc_Count_Transitions:551	bcftools_stats	1	snv_indel_calling	0	1	0	0	0	0	0	0	0	0	0	0
bcftools_stats_vqc_Count_Transitions:552	bcftools_stats	1	snv_indel_calling	0	1	0	0	0	0	0	0	0	0	0	0
bcftools_stats_vqc_Count_Transitions:553	bcftools_stats	1	snv_indel_calling	0	1	0	0	0	0	0	0	0	0	0	0
bcftools_stats_vqc_Count_Transitions:554	bcftools_stats	1	snv_indel_calling	0	1	0	0	0	0	0	0	0	0	0	0
bcftools_stats_vqc_Count_Transitions:555	bcftools_stats	1	snv_indel_calling	0	1	0	0	0	0	0	0	0	0	0	0
bcftools_stats_vqc_Count_Transitions:556	bcftools_stats	1	snv_indel_calling	0	1	0	0	0	0	0	0	0	0	0	0
bcftools_stats_vqc_Count_Transitions:557	bcftools_stats	1	snv_indel_calling	0	1	0	0	0	0	0	0	0	0	0	0
bcftools_stats_vqc_Count_Transitions:558	bcftools_stats	1	snv_indel_calling	0	1	0	0	0	0	0	0	0	0	0	0
bcftools_stats_vqc_Count_Transitions:559	bcftools_stats	1	snv_indel_calling	0	1	0	0	0	0	0	0	0	0	0	0
bcftools_stats_vqc_Count_Transitions:56	bcftools_stats	1	snv_indel_calling	0	1	0	0	0	0	0	0	0	0	0	0
bcftools_stats_vqc_Count_Transitions:560	bcftools_stats	1	snv_indel_calling	0	1	0	0	0	0	0	0	0	0	0	0
bcftools_stats_vqc_Count_Transitions:561	bcftools_stats	1	snv_indel_calling	0	1	0	0	0	0	0	0	0	0	0	0
bcftools_stats_vqc_Count_Transitions:562	bcftools_stats	1	snv_indel_calling	0	1	0	0	0	0	0	0	0	0	0	0
bcftools_stats_vqc_Count_Transitions:563	bcftools_stats	1	snv_indel_calling	0	1	0	0	0	0	0	0	0	0	0	0
bcftools_stats_vqc_Count_Transitions:564	bcftools_stats	1	snv_indel_calling	0	1	0	0	0	0	0	0	0	0	0	0
bcftools_stats_vqc_Count_Transitions:565	bcftools_stats	1	snv_indel_calling	0	1	0	0	0	0	0	0	0	0	0	0
bcftools_stats_vqc_Count_Transitions:566	bcftools_stats	1	snv_indel_calling	0	1	0	0	0	0	0	0	0	0	0	0
bcftools_stats_vqc_Count_Transitions:567	bcftools_stats	1	snv_indel_calling	0	1	0	0	0	0	0	0	0	0	0	0
bcftools_stats_vqc_Count_Transitions:568	bcftools_stats	1	snv_indel_calling	0	1	0	0	0	0	0	0	0	0	0	0
bcftools_stats_vqc_Count_Transitions:569	bcftools_stats	1	snv_indel_calling	0	1	0	0	0	0	0	0	0	0	0	0
bcftools_stats_vqc_Count_Transitions:57	bcftools_stats	1	snv_indel_calling	0	1	0	0	0	0	0	0	0	0	0	0
bcftools_stats_vqc_Count_Transitions:570	bcftools_stats	1	snv_indel_calling	0	1	0	0	0	0	0	0	0	0	0	0
bcftools_stats_vqc_Count_Transitions:571	bcftools_stats	1	snv_indel_calling	0	1	0	0	0	0	0	0	0	0	0	0
bcftools_stats_vqc_Count_Transitions:572	bcftools_stats	1	snv_indel_calling	0	1	0	0	0	0	0	0	0	0	0	0
bcftools_stats_vqc_Count_Transitions:573	bcftools_stats	1	snv_indel_calling	0	1	0	0	0	0	0	0	0	0	0	0
bcftools_stats_vqc_Count_Transitions:574	bcftools_stats	1	snv_indel_calling	0	1	0	0	0	0	0	0	0	0	0	0
bcftools_stats_vqc_Count_Transitions:575	bcftools_stats	1	snv_indel_calling	0	1	0	0	0	0	0	0	0	0	0	0
bcftools_stats_vqc_Count_Transitions:576	bcftools_stats	1	snv_indel_calling	0	1	0	0	0	0	0	0	0	0	0	0
bcftools_stats_vqc_Count_Transitions:577	bcftools_stats	1	snv_indel_calling	0	1	0	0	0	0	0	0	0	0	0	0
bcftools_stats_vqc_Count_Transitions:578	bcftools_stats	1	snv_indel_calling	0	1	0	0	0	0	0	0	0	0	0	0
bcftools_stats_vqc_Count_Transitions:579	bcftools_stats	1	snv_indel_calling	0	1	0	0	0	0	0	0	0	0	0	0
bcftools_stats_vqc_Count_Transitions:58	bcftools_stats	1	snv_indel_calling	0	1	0	0	0	0	0	0	0	0	0	0
bcftools_stats_vqc_Count_Transitions:580	bcftools_stats	1	snv_indel_calling	0	1	0	0	0	0	0	0	0	0	0	0
bcftools_stats_vqc_Count_Transitions:581	bcftools_stats	1	snv_indel_calling	0	1	0	0	0	0	0	0	0	0	0	0
bcftools_stats_vqc_Count_Transitions:582	bcftools_stats	1	snv_indel_calling	0	1	0	0	0	0	0	0	0	0	0	0
bcftools_stats_vqc_Count_Transitions:583	bcftools_stats	1	snv_indel_calling	0	1	0	0	0	0	0	0	0	0	0	0
bcftools_stats_vqc_Count_Transitions:584	bcftools_stats	1	snv_indel_calling	0	1	0	0	0	0	0	0	0	0	0	0
bcftools_stats_vqc_Count_Transitions:585	bcftools_stats	1	snv_indel_calling	0	1	0	0	0	0	0	0	0	0	0	0
bcftools_stats_vqc_Count_Transitions:586	bcftools_stats	1	snv_indel_calling	0	1	0	0	0	0	0	0	0	0	0	0
bcftools_stats_vqc_Count_Transitions:587	bcftools_stats	1	snv_indel_calling	0	1	0	0	0	0	0	0	0	0	0	0
bcftools_stats_vqc_Count_Transitions:588	bcftools_stats	1	snv_indel_calling	0	1	0	0	0	0	0	0	0	0	0	0
bcftools_stats_vqc_Count_Transitions:589	bcftools_stats	1	snv_indel_calling	0	1	0	0	0	0	0	0	0	0	0	0
bcftools_stats_vqc_Count_Transitions:59	bcftools_stats	1	snv_indel_calling	0	1	0	0	0	0	0	0	0	0	0	0
bcftools_stats_vqc_Count_Transitions:590	bcftools_stats	1	snv_indel_calling	0	1	0	0	0	0	0	0	0	0	0	0
bcftools_stats_vqc_Count_Transitions:591	bcftools_stats	1	snv_indel_calling	0	1	0	0	0	0	0	0	0	0	0	0
bcftools_stats_vqc_Count_Transitions:592	bcftools_stats	1	snv_indel_calling	0	1	0	0	0	0	0	0	0	0	0	0
bcftools_stats_vqc_Count_Transitions:593	bcftools_stats	1	snv_indel_calling	0	1	0	0	0	0	0	0	0	0	0	0
bcftools_stats_vqc_Count_Transitions:594	bcftools_stats	1	snv_indel_calling	0	1	0	0	0	0	0	0	0	0	0	0
bcftools_stats_vqc_Count_Transitions:595	bcftools_stats	1	snv_indel_calling	0	1	0	0	0	0	0	0	0	0	0	0
bcftools_stats_vqc_Count_Transitions:596	bcftools_stats	1	snv_indel_calling	0	1	0	0	0	0	0	0	0	0	0	0
bcftools_stats_vqc_Count_Transitions:597	bcftools_stats	1	snv_indel_calling	0	1	0	0	0	0	0	0	0	0	0	0
bcftools_stats_vqc_Count_Transitions:598	bcftools_stats	1	snv_indel_calling	0	1	0	0	0	0	0	0	0	0	0	0
bcftools_stats_vqc_Count_Transitions:599	bcftools_stats	1	snv_indel_calling	0	1	0	0	0	0	0	0	0	0	0	0
bcftools_stats_vqc_Count_Transitions:6	bcftools_stats	1	snv_indel_calling	0	1	0	0	0	0	0	0	0	0	0	0
bcftools_stats_vqc_Count_Transitions:60	bcftools_stats	1	snv_indel_calling	0	1	0	0	0	0	0	0	0	0	0	0
bcftools_stats_vqc_Count_Transitions:61	bcftools_stats	1	snv_indel_calling	0	1	0	0	0	0	0	0	0	0	0	0
bcftools_stats_vqc_Count_Transitions:62	bcftools_stats	1	snv_indel_calling	0	1	0	0	0	0	0	0	0	0	0	0
bcftools_stats_vqc_Count_Transitions:63	bcftools_stats	1	snv_indel_calling	0	1	0	0	0	0	0	0	0	0	0	0
bcftools_stats_vqc_Count_Transitions:64	bcftools_stats	1	snv_indel_calling	0	1	0	0	0	0	0	0	0	0	0	0
bcftools_stats_vqc_Count_Transitions:65	bcftools_stats	1	snv_indel_calling	0	1	0	0	0	0	0	0	0	0	0	0
bcftools_stats_vqc_Count_Transitions:66	bcftools_stats	1	snv_indel_calling	0	1	0	0	0	0	0	0	0	0	0	0
bcftools_stats_vqc_Count_Transitions:67	bcftools_stats	1	snv_indel_calling	0	1	0	0	0	0	0	0	0	0	0	0
bcftools_stats_vqc_Count_Transitions:68	bcftools_stats	1	snv_indel_calling	0	1	0	0	0	0	0	0	0	0	0	0
bcftools_stats_vqc_Count_Transitions:69	bcftools_stats	1	snv_indel_calling	0	1	0	0	0	0	0	0	0	0	0	0
bcftools_stats_vqc_Count_Transitions:7	bcftools_stats	1	snv_indel_calling	0	1	0	0	0	0	0	0	0	0	0	0
bcftools_stats_vqc_Count_Transitions:70	bcftools_stats	1	snv_indel_calling	0	1	0	0	0	0	0	0	0	0	0	0
bcftools_stats_vqc_Count_Transitions:71	bcftools_stats	1	snv_indel_calling	0	1	0	0	0	0	0	0	0	0	0	0
bcftools_stats_vqc_Count_Transitions:72	bcftools_stats	1	snv_indel_calling	0	1	0	0	0	0	0	0	0	0	0	0
bcftools_stats_vqc_Count_Transitions:73	bcftools_stats	1	snv_indel_calling	0	1	0	0	0	0	0	0	0	0	0	0
bcftools_stats_vqc_Count_Transitions:74	bcftools_stats	1	snv_indel_calling	0	1	0	0	0	0	0	0	0	0	0	0
bcftools_stats_vqc_Count_Transitions:75	bcftools_stats	1	snv_indel_calling	0	1	0	0	0	0	0	0	0	0	0	0
bcftools_stats_vqc_Count_Transitions:76	bcftools_stats	1	snv_indel_calling	0	1	0	0	0	0	0	0	0	0	0	0
bcftools_stats_vqc_Count_Transitions:77	bcftools_stats	1	snv_indel_calling	0	1	0	0	0	0	0	0	0	0	0	0
bcftools_stats_vqc_Count_Transitions:78	bcftools_stats	1	snv_indel_calling	0	1	0	0	0	0	0	0	0	0	0	0
bcftools_stats_vqc_Count_Transitions:79	bcftools_stats	1	snv_indel_calling	0	1	0	0	0	0	0	0	0	0	0	0
bcftools_stats_vqc_Count_Transitions:8	bcftools_stats	1	snv_indel_calling	0	1	0	0	0	0	0	0	0	0	0	0
bcftools_stats_vqc_Count_Transitions:80	bcftools_stats	1	snv_indel_calling	0	1	0	0	0	0	0	0	0	0	0	0
bcftools_stats_vqc_Count_Transitions:81	bcftools_stats	1	snv_indel_calling	0	1	0	0	0	0	0	0	0	0	0	0
bcftools_stats_vqc_Count_Transitions:82	bcftools_stats	1	snv_indel_calling	0	1	0	0	0	0	0	0	0	0	0	0
bcftools_stats_vqc_Count_Transitions:83	bcftools_stats	1	snv_indel_calling	0	1	0	0	0	0	0	0	0	0	0	0
bcftools_stats_vqc_Count_Transitions:84	bcftools_stats	1	snv_indel_calling	0	1	0	0	0	0	0	0	0	0	0	0
bcftools_stats_vqc_Count_Transitions:85	bcftools_stats	1	snv_indel_calling	0	1	0	0	0	0	0	0	0	0	0	0
bcftools_stats_vqc_Count_Transitions:86	bcftools_stats	1	snv_indel_calling	0	1	0	0	0	0	0	0	0	0	0	0
bcftools_stats_vqc_Count_Transitions:87	bcftools_stats	1	snv_indel_calling	0	1	0	0	0	0	0	0	0	0	0	0
bcftools_stats_vqc_Count_Transitions:88	bcftools_stats	1	snv_indel_calling	0	1	0	0	0	0	0	0	0	0	0	0
bcftools_stats_vqc_Count_Transitions:89	bcftools_stats	1	snv_indel_calling	0	1	0	0	0	0	0	0	0	0	0	0
bcftools_stats_vqc_Count_Transitions:9	bcftools_stats	1	snv_indel_calling	0	1	0	0	0	0	0	0	0	0	0	0
bcftools_stats_vqc_Count_Transitions:90	bcftools_stats	1	snv_indel_calling	0	1	0	0	0	0	0	0	0	0	0	0
bcftools_stats_vqc_Count_Transitions:91	bcftools_stats	1	snv_indel_calling	0	1	0	0	0	0	0	0	0	0	0	0
bcftools_stats_vqc_Count_Transitions:92	bcftools_stats	1	snv_indel_calling	0	1	0	0	0	0	0	0	0	0	0	0
bcftools_stats_vqc_Count_Transitions:93	bcftools_stats	1	snv_indel_calling	0	1	0	0	0	0	0	0	0	0	0	0
bcftools_stats_vqc_Count_Transitions:94	bcftools_stats	1	snv_indel_calling	0	1	0	0	0	0	0	0	0	0	0	0
bcftools_stats_vqc_Count_Transitions:95	bcftools_stats	1	snv_indel_calling	0	1	0	0	0	0	0	0	0	0	0	0
bcftools_stats_vqc_Count_Transitions:96	bcftools_stats	1	snv_indel_calling	0	1	0	0	0	0	0	0	0	0	0	0
bcftools_stats_vqc_Count_Transitions:97	bcftools_stats	1	snv_indel_calling	0	1	0	0	0	0	0	0	0	0	0	0
bcftools_stats_vqc_Count_Transitions:98	bcftools_stats	1	snv_indel_calling	0	1	0	0	0	0	0	0	0	0	0	0
bcftools_stats_vqc_Count_Transitions:99	bcftools_stats	1	snv_indel_calling	0	1	0	0	0	0	0	0	0	0	0	0
bcftools_stats_vqc_Count_Transversions:0	bcftools_stats	1	snv_indel_calling	0	1	0	0	0	0	0	0	0	0	0	0
bcftools_stats_vqc_Count_Transversions:1	bcftools_stats	1	snv_indel_calling	0	1	0	0	0	0	0	0	0	0	0	0
bcftools_stats_vqc_Count_Transversions:10	bcftools_stats	1	snv_indel_calling	0	1	0	0	0	0	0	0	0	0	0	0
bcftools_stats_vqc_Count_Transversions:100	bcftools_stats	1	snv_indel_calling	0	1	0	0	0	0	0	0	0	0	0	0
bcftools_stats_vqc_Count_Transversions:101	bcftools_stats	1	snv_indel_calling	0	1	0	0	0	0	0	0	0	0	0	0
bcftools_stats_vqc_Count_Transversions:102	bcftools_stats	1	snv_indel_calling	0	1	0	0	0	0	0	0	0	0	0	0
bcftools_stats_vqc_Count_Transversions:103	bcftools_stats	1	snv_indel_calling	0	1	0	0	0	0	0	0	0	0	0	0
bcftools_stats_vqc_Count_Transversions:104	bcftools_stats	1	snv_indel_calling	0	1	0	0	0	0	0	0	0	0	0	0
bcftools_stats_vqc_Count_Transversions:105	bcftools_stats	1	snv_indel_calling	0	1	0	0	0	0	0	0	0	0	0	0
bcftools_stats_vqc_Count_Transversions:106	bcftools_stats	1	snv_indel_calling	0	1	0	0	0	0	0	0	0	0	0	0
bcftools_stats_vqc_Count_Transversions:107	bcftools_stats	1	snv_indel_calling	0	1	0	0	0	0	0	0	0	0	0	0
bcftools_stats_vqc_Count_Transversions:108	bcftools_stats	1	snv_indel_calling	0	1	0	0	0	0	0	0	0	0	0	0
bcftools_stats_vqc_Count_Transversions:109	bcftools_stats	1	snv_indel_calling	0	1	0	0	0	0	0	0	0	0	0	0
bcftools_stats_vqc_Count_Transversions:11	bcftools_stats	1	snv_indel_calling	0	1	0	0	0	0	0	0	0	0	0	0
bcftools_stats_vqc_Count_Transversions:110	bcftools_stats	1	snv_indel_calling	0	1	0	0	0	0	0	0	0	0	0	0
bcftools_stats_vqc_Count_Transversions:111	bcftools_stats	1	snv_indel_calling	0	1	0	0	0	0	0	0	0	0	0	0
bcftools_stats_vqc_Count_Transversions:112	bcftools_stats	1	snv_indel_calling	0	1	0	0	0	0	0	0	0	0	0	0
bcftools_stats_vqc_Count_Transversions:113	bcftools_stats	1	snv_indel_calling	0	1	0	0	0	0	0	0	0	0	0	0
bcftools_stats_vqc_Count_Transversions:114	bcftools_stats	1	snv_indel_calling	0	1	0	0	0	0	0	0	0	0	0	0
bcftools_stats_vqc_Count_Transversions:115	bcftools_stats	1	snv_indel_calling	0	1	0	0	0	0	0	0	0	0	0	0
bcftools_stats_vqc_Count_Transversions:116	bcftools_stats	1	snv_indel_calling	0	1	0	0	0	0	0	0	0	0	0	0
bcftools_stats_vqc_Count_Transversions:117	bcftools_stats	1	snv_indel_calling	0	1	0	0	0	0	0	0	0	0	0	0
bcftools_stats_vqc_Count_Transversions:118	bcftools_stats	1	snv_indel_calling	0	1	0	0	0	0	0	0	0	0	0	0
bcftools_stats_vqc_Count_Transversions:119	bcftools_stats	1	snv_indel_calling	0	1	0	0	0	0	0	0	0	0	0	0
bcftools_stats_vqc_Count_Transversions:12	bcftools_stats	1	snv_indel_calling	0	1	0	0	0	0	0	0	0	0	0	0
bcftools_stats_vqc_Count_Transversions:120	bcftools_stats	1	snv_indel_calling	0	1	0	0	0	0	0	0	0	0	0	0
bcftools_stats_vqc_Count_Transversions:121	bcftools_stats	1	snv_indel_calling	0	1	0	0	0	0	0	0	0	0	0	0
bcftools_stats_vqc_Count_Transversions:122	bcftools_stats	1	snv_indel_calling	0	1	0	0	0	0	0	0	0	0	0	0
bcftools_stats_vqc_Count_Transversions:123	bcftools_stats	1	snv_indel_calling	0	1	0	0	0	0	0	0	0	0	0	0
bcftools_stats_vqc_Count_Transversions:124	bcftools_stats	1	snv_indel_calling	0	1	0	0	0	0	0	0	0	0	0	0
bcftools_stats_vqc_Count_Transversions:125	bcftools_stats	1	snv_indel_calling	0	1	0	0	0	0	0	0	0	0	0	0
bcftools_stats_vqc_Count_Transversions:126	bcftools_stats	1	snv_indel_calling	0	1	0	0	0	0	0	0	0	0	0	0
bcftools_stats_vqc_Count_Transversions:127	bcftools_stats	1	snv_indel_calling	0	1	0	0	0	0	0	0	0	0	0	0
bcftools_stats_vqc_Count_Transversions:128	bcftools_stats	1	snv_indel_calling	0	1	0	0	0	0	0	0	0	0	0	0
bcftools_stats_vqc_Count_Transversions:129	bcftools_stats	1	snv_indel_calling	0	1	0	0	0	0	0	0	0	0	0	0
bcftools_stats_vqc_Count_Transversions:13	bcftools_stats	1	snv_indel_calling	0	1	0	0	0	0	0	0	0	0	0	0
bcftools_stats_vqc_Count_Transversions:130	bcftools_stats	1	snv_indel_calling	0	1	0	0	0	0	0	0	0	0	0	0
bcftools_stats_vqc_Count_Transversions:131	bcftools_stats	1	snv_indel_calling	0	1	0	0	0	0	0	0	0	0	0	0
bcftools_stats_vqc_Count_Transversions:132	bcftools_stats	1	snv_indel_calling	0	1	0	0	0	0	0	0	0	0	0	0
bcftools_stats_vqc_Count_Transversions:133	bcftools_stats	1	snv_indel_calling	0	1	0	0	0	0	0	0	0	0	0	0
bcftools_stats_vqc_Count_Transversions:134	bcftools_stats	1	snv_indel_calling	0	1	0	0	0	0	0	0	0	0	0	0
bcftools_stats_vqc_Count_Transversions:135	bcftools_stats	1	snv_indel_calling	0	1	0	0	0	0	0	0	0	0	0	0
bcftools_stats_vqc_Count_Transversions:136	bcftools_stats	1	snv_indel_calling	0	1	0	0	0	0	0	0	0	0	0	0
bcftools_stats_vqc_Count_Transversions:137	bcftools_stats	1	snv_indel_calling	0	1	0	0	0	0	0	0	0	0	0	0
bcftools_stats_vqc_Count_Transversions:138	bcftools_stats	1	snv_indel_calling	0	1	0	0	0	0	0	0	0	0	0	0
bcftools_stats_vqc_Count_Transversions:139	bcftools_stats	1	snv_indel_calling	0	1	0	0	0	0	0	0	0	0	0	0
bcftools_stats_vqc_Count_Transversions:14	bcftools_stats	1	snv_indel_calling	0	1	0	0	0	0	0	0	0	0	0	0
bcftools_stats_vqc_Count_Transversions:140	bcftools_stats	1	snv_indel_calling	0	1	0	0	0	0	0	0	0	0	0	0
bcftools_stats_vqc_Count_Transversions:141	bcftools_stats	1	snv_indel_calling	0	1	0	0	0	0	0	0	0	0	0	0
bcftools_stats_vqc_Count_Transversions:142	bcftools_stats	1	snv_indel_calling	0	1	0	0	0	0	0	0	0	0	0	0
bcftools_stats_vqc_Count_Transversions:143	bcftools_stats	1	snv_indel_calling	0	1	0	0	0	0	0	0	0	0	0	0
bcftools_stats_vqc_Count_Transversions:144	bcftools_stats	1	snv_indel_calling	0	1	0	0	0	0	0	0	0	0	0	0
bcftools_stats_vqc_Count_Transversions:145	bcftools_stats	1	snv_indel_calling	0	1	0	0	0	0	0	0	0	0	0	0
bcftools_stats_vqc_Count_Transversions:146	bcftools_stats	1	snv_indel_calling	0	1	0	0	0	0	0	0	0	0	0	0
bcftools_stats_vqc_Count_Transversions:147	bcftools_stats	1	snv_indel_calling	0	1	0	0	0	0	0	0	0	0	0	0
bcftools_stats_vqc_Count_Transversions:148	bcftools_stats	1	snv_indel_calling	0	1	0	0	0	0	0	0	0	0	0	0
bcftools_stats_vqc_Count_Transversions:149	bcftools_stats	1	snv_indel_calling	0	1	0	0	0	0	0	0	0	0	0	0
bcftools_stats_vqc_Count_Transversions:15	bcftools_stats	1	snv_indel_calling	0	1	0	0	0	0	0	0	0	0	0	0
bcftools_stats_vqc_Count_Transversions:150	bcftools_stats	1	snv_indel_calling	0	1	0	0	0	0	0	0	0	0	0	0
bcftools_stats_vqc_Count_Transversions:151	bcftools_stats	1	snv_indel_calling	0	1	0	0	0	0	0	0	0	0	0	0
bcftools_stats_vqc_Count_Transversions:152	bcftools_stats	1	snv_indel_calling	0	1	0	0	0	0	0	0	0	0	0	0
bcftools_stats_vqc_Count_Transversions:153	bcftools_stats	1	snv_indel_calling	0	1	0	0	0	0	0	0	0	0	0	0
bcftools_stats_vqc_Count_Transversions:154	bcftools_stats	1	snv_indel_calling	0	1	0	0	0	0	0	0	0	0	0	0
bcftools_stats_vqc_Count_Transversions:155	bcftools_stats	1	snv_indel_calling	0	1	0	0	0	0	0	0	0	0	0	0
bcftools_stats_vqc_Count_Transversions:156	bcftools_stats	1	snv_indel_calling	0	1	0	0	0	0	0	0	0	0	0	0
bcftools_stats_vqc_Count_Transversions:157	bcftools_stats	1	snv_indel_calling	0	1	0	0	0	0	0	0	0	0	0	0
bcftools_stats_vqc_Count_Transversions:158	bcftools_stats	1	snv_indel_calling	0	1	0	0	0	0	0	0	0	0	0	0
bcftools_stats_vqc_Count_Transversions:159	bcftools_stats	1	snv_indel_calling	0	1	0	0	0	0	0	0	0	0	0	0
bcftools_stats_vqc_Count_Transversions:16	bcftools_stats	1	snv_indel_calling	0	1	0	0	0	0	0	0	0	0	0	0
bcftools_stats_vqc_Count_Transversions:160	bcftools_stats	1	snv_indel_calling	0	1	0	0	0	0	0	0	0	0	0	0
bcftools_stats_vqc_Count_Transversions:161	bcftools_stats	1	snv_indel_calling	0	1	0	0	0	0	0	0	0	0	0	0
bcftools_stats_vqc_Count_Transversions:162	bcftools_stats	1	snv_indel_calling	0	1	0	0	0	0	0	0	0	0	0	0
bcftools_stats_vqc_Count_Transversions:163	bcftools_stats	1	snv_indel_calling	0	1	0	0	0	0	0	0	0	0	0	0
bcftools_stats_vqc_Count_Transversions:164	bcftools_stats	1	snv_indel_calling	0	1	0	0	0	0	0	0	0	0	0	0
bcftools_stats_vqc_Count_Transversions:165	bcftools_stats	1	snv_indel_calling	0	1	0	0	0	0	0	0	0	0	0	0
bcftools_stats_vqc_Count_Transversions:166	bcftools_stats	1	snv_indel_calling	0	1	0	0	0	0	0	0	0	0	0	0
bcftools_stats_vqc_Count_Transversions:167	bcftools_stats	1	snv_indel_calling	0	1	0	0	0	0	0	0	0	0	0	0
bcftools_stats_vqc_Count_Transversions:168	bcftools_stats	1	snv_indel_calling	0	1	0	0	0	0	0	0	0	0	0	0
bcftools_stats_vqc_Count_Transversions:169	bcftools_stats	1	snv_indel_calling	0	1	0	0	0	0	0	0	0	0	0	0
bcftools_stats_vqc_Count_Transversions:17	bcftools_stats	1	snv_indel_calling	0	1	0	0	0	0	0	0	0	0	0	0
bcftools_stats_vqc_Count_Transversions:170	bcftools_stats	1	snv_indel_calling	0	1	0	0	0	0	0	0	0	0	0	0
bcftools_stats_vqc_Count_Transversions:171	bcftools_stats	1	snv_indel_calling	0	1	0	0	0	0	0	0	0	0	0	0
bcftools_stats_vqc_Count_Transversions:172	bcftools_stats	1	snv_indel_calling	0	1	0	0	0	0	0	0	0	0	0	0
bcftools_stats_vqc_Count_Transversions:173	bcftools_stats	1	snv_indel_calling	0	1	0	0	0	0	0	0	0	0	0	0
bcftools_stats_vqc_Count_Transversions:174	bcftools_stats	1	snv_indel_calling	0	1	0	0	0	0	0	0	0	0	0	0
bcftools_stats_vqc_Count_Transversions:175	bcftools_stats	1	snv_indel_calling	0	1	0	0	0	0	0	0	0	0	0	0
bcftools_stats_vqc_Count_Transversions:176	bcftools_stats	1	snv_indel_calling	0	1	0	0	0	0	0	0	0	0	0	0
bcftools_stats_vqc_Count_Transversions:177	bcftools_stats	1	snv_indel_calling	0	1	0	0	0	0	0	0	0	0	0	0
bcftools_stats_vqc_Count_Transversions:178	bcftools_stats	1	snv_indel_calling	0	1	0	0	0	0	0	0	0	0	0	0
bcftools_stats_vqc_Count_Transversions:179	bcftools_stats	1	snv_indel_calling	0	1	0	0	0	0	0	0	0	0	0	0
bcftools_stats_vqc_Count_Transversions:18	bcftools_stats	1	snv_indel_calling	0	1	0	0	0	0	0	0	0	0	0	0
bcftools_stats_vqc_Count_Transversions:180	bcftools_stats	1	snv_indel_calling	0	1	0	0	0	0	0	0	0	0	0	0
bcftools_stats_vqc_Count_Transversions:181	bcftools_stats	1	snv_indel_calling	0	1	0	0	0	0	0	0	0	0	0	0
bcftools_stats_vqc_Count_Transversions:182	bcftools_stats	1	snv_indel_calling	0	1	0	0	0	0	0	0	0	0	0	0
bcftools_stats_vqc_Count_Transversions:183	bcftools_stats	1	snv_indel_calling	0	1	0	0	0	0	0	0	0	0	0	0
bcftools_stats_vqc_Count_Transversions:184	bcftools_stats	1	snv_indel_calling	0	1	0	0	0	0	0	0	0	0	0	0
bcftools_stats_vqc_Count_Transversions:185	bcftools_stats	1	snv_indel_calling	0	1	0	0	0	0	0	0	0	0	0	0
bcftools_stats_vqc_Count_Transversions:186	bcftools_stats	1	snv_indel_calling	0	1	0	0	0	0	0	0	0	0	0	0
bcftools_stats_vqc_Count_Transversions:187	bcftools_stats	1	snv_indel_calling	0	1	0	0	0	0	0	0	0	0	0	0
bcftools_stats_vqc_Count_Transversions:188	bcftools_stats	1	snv_indel_calling	0	1	0	0	0	0	0	0	0	0	0	0
bcftools_stats_vqc_Count_Transversions:189	bcftools_stats	1	snv_indel_calling	0	1	0	0	0	0	0	0	0	0	0	0
bcftools_stats_vqc_Count_Transversions:19	bcftools_stats	1	snv_indel_calling	0	1	0	0	0	0	0	0	0	0	0	0
bcftools_stats_vqc_Count_Transversions:190	bcftools_stats	1	snv_indel_calling	0	1	0	0	0	0	0	0	0	0	0	0
bcftools_stats_vqc_Count_Transversions:191	bcftools_stats	1	snv_indel_calling	0	1	0	0	0	0	0	0	0	0	0	0
bcftools_stats_vqc_Count_Transversions:192	bcftools_stats	1	snv_indel_calling	0	1	0	0	0	0	0	0	0	0	0	0
bcftools_stats_vqc_Count_Transversions:193	bcftools_stats	1	snv_indel_calling	0	1	0	0	0	0	0	0	0	0	0	0
bcftools_stats_vqc_Count_Transversions:194	bcftools_stats	1	snv_indel_calling	0	1	0	0	0	0	0	0	0	0	0	0
bcftools_stats_vqc_Count_Transversions:195	bcftools_stats	1	snv_indel_calling	0	1	0	0	0	0	0	0	0	0	0	0
bcftools_stats_vqc_Count_Transversions:196	bcftools_stats	1	snv_indel_calling	0	1	0	0	0	0	0	0	0	0	0	0
bcftools_stats_vqc_Count_Transversions:197	bcftools_stats	1	snv_indel_calling	0	1	0	0	0	0	0	0	0	0	0	0
bcftools_stats_vqc_Count_Transversions:198	bcftools_stats	1	snv_indel_calling	0	1	0	0	0	0	0	0	0	0	0	0
bcftools_stats_vqc_Count_Transversions:199	bcftools_stats	1	snv_indel_calling	0	1	0	0	0	0	0	0	0	0	0	0
bcftools_stats_vqc_Count_Transversions:2	bcftools_stats	1	snv_indel_calling	0	1	0	0	0	0	0	0	0	0	0	0
bcftools_stats_vqc_Count_Transversions:20	bcftools_stats	1	snv_indel_calling	0	1	0	0	0	0	0	0	0	0	0	0
bcftools_stats_vqc_Count_Transversions:200	bcftools_stats	1	snv_indel_calling	0	1	0	0	0	0	0	0	0	0	0	0
bcftools_stats_vqc_Count_Transversions:201	bcftools_stats	1	snv_indel_calling	0	1	0	0	0	0	0	0	0	0	0	0
bcftools_stats_vqc_Count_Transversions:202	bcftools_stats	1	snv_indel_calling	0	1	0	0	0	0	0	0	0	0	0	0
bcftools_stats_vqc_Count_Transversions:203	bcftools_stats	1	snv_indel_calling	0	1	0	0	0	0	0	0	0	0	0	0
bcftools_stats_vqc_Count_Transversions:204	bcftools_stats	1	snv_indel_calling	0	1	0	0	0	0	0	0	0	0	0	0
bcftools_stats_vqc_Count_Transversions:205	bcftools_stats	1	snv_indel_calling	0	1	0	0	0	0	0	0	0	0	0	0
bcftools_stats_vqc_Count_Transversions:206	bcftools_stats	1	snv_indel_calling	0	1	0	0	0	0	0	0	0	0	0	0
bcftools_stats_vqc_Count_Transversions:207	bcftools_stats	1	snv_indel_calling	0	1	0	0	0	0	0	0	0	0	0	0
bcftools_stats_vqc_Count_Transversions:208	bcftools_stats	1	snv_indel_calling	0	1	0	0	0	0	0	0	0	0	0	0
bcftools_stats_vqc_Count_Transversions:209	bcftools_stats	1	snv_indel_calling	0	1	0	0	0	0	0	0	0	0	0	0
bcftools_stats_vqc_Count_Transversions:21	bcftools_stats	1	snv_indel_calling	0	1	0	0	0	0	0	0	0	0	0	0
bcftools_stats_vqc_Count_Transversions:210	bcftools_stats	1	snv_indel_calling	0	1	0	0	0	0	0	0	0	0	0	0
bcftools_stats_vqc_Count_Transversions:211	bcftools_stats	1	snv_indel_calling	0	1	0	0	0	0	0	0	0	0	0	0
bcftools_stats_vqc_Count_Transversions:212	bcftools_stats	1	snv_indel_calling	0	1	0	0	0	0	0	0	0	0	0	0
bcftools_stats_vqc_Count_Transversions:213	bcftools_stats	1	snv_indel_calling	0	1	0	0	0	0	0	0	0	0	0	0
bcftools_stats_vqc_Count_Transversions:214	bcftools_stats	1	snv_indel_calling	0	1	0	0	0	0	0	0	0	0	0	0
bcftools_stats_vqc_Count_Transversions:215	bcftools_stats	1	snv_indel_calling	0	1	0	0	0	0	0	0	0	0	0	0
bcftools_stats_vqc_Count_Transversions:216	bcftools_stats	1	snv_indel_calling	0	1	0	0	0	0	0	0	0	0	0	0
bcftools_stats_vqc_Count_Transversions:217	bcftools_stats	1	snv_indel_calling	0	1	0	0	0	0	0	0	0	0	0	0
bcftools_stats_vqc_Count_Transversions:218	bcftools_stats	1	snv_indel_calling	0	1	0	0	0	0	0	0	0	0	0	0
bcftools_stats_vqc_Count_Transversions:219	bcftools_stats	1	snv_indel_calling	0	1	0	0	0	0	0	0	0	0	0	0
bcftools_stats_vqc_Count_Transversions:22	bcftools_stats	1	snv_indel_calling	0	1	0	0	0	0	0	0	0	0	0	0
bcftools_stats_vqc_Count_Transversions:220	bcftools_stats	1	snv_indel_calling	0	1	0	0	0	0	0	0	0	0	0	0
bcftools_stats_vqc_Count_Transversions:221	bcftools_stats	1	snv_indel_calling	0	1	0	0	0	0	0	0	0	0	0	0
bcftools_stats_vqc_Count_Transversions:222	bcftools_stats	1	snv_indel_calling	0	1	0	0	0	0	0	0	0	0	0	0
bcftools_stats_vqc_Count_Transversions:223	bcftools_stats	1	snv_indel_calling	0	1	0	0	0	0	0	0	0	0	0	0
bcftools_stats_vqc_Count_Transversions:224	bcftools_stats	1	snv_indel_calling	0	1	0	0	0	0	0	0	0	0	0	0
bcftools_stats_vqc_Count_Transversions:225	bcftools_stats	1	snv_indel_calling	0	1	0	0	0	0	0	0	0	0	0	0
bcftools_stats_vqc_Count_Transversions:226	bcftools_stats	1	snv_indel_calling	0	1	0	0	0	0	0	0	0	0	0	0
bcftools_stats_vqc_Count_Transversions:227	bcftools_stats	1	snv_indel_calling	0	1	0	0	0	0	0	0	0	0	0	0
bcftools_stats_vqc_Count_Transversions:228	bcftools_stats	1	snv_indel_calling	0	1	0	0	0	0	0	0	0	0	0	0
bcftools_stats_vqc_Count_Transversions:229	bcftools_stats	1	snv_indel_calling	0	1	0	0	0	0	0	0	0	0	0	0
bcftools_stats_vqc_Count_Transversions:23	bcftools_stats	1	snv_indel_calling	0	1	0	0	0	0	0	0	0	0	0	0
bcftools_stats_vqc_Count_Transversions:230	bcftools_stats	1	snv_indel_calling	0	1	0	0	0	0	0	0	0	0	0	0
bcftools_stats_vqc_Count_Transversions:231	bcftools_stats	1	snv_indel_calling	0	1	0	0	0	0	0	0	0	0	0	0
bcftools_stats_vqc_Count_Transversions:232	bcftools_stats	1	snv_indel_calling	0	1	0	0	0	0	0	0	0	0	0	0
bcftools_stats_vqc_Count_Transversions:233	bcftools_stats	1	snv_indel_calling	0	1	0	0	0	0	0	0	0	0	0	0
bcftools_stats_vqc_Count_Transversions:234	bcftools_stats	1	snv_indel_calling	0	1	0	0	0	0	0	0	0	0	0	0
bcftools_stats_vqc_Count_Transversions:235	bcftools_stats	1	snv_indel_calling	0	1	0	0	0	0	0	0	0	0	0	0
bcftools_stats_vqc_Count_Transversions:236	bcftools_stats	1	snv_indel_calling	0	1	0	0	0	0	0	0	0	0	0	0
bcftools_stats_vqc_Count_Transversions:237	bcftools_stats	1	snv_indel_calling	0	1	0	0	0	0	0	0	0	0	0	0
bcftools_stats_vqc_Count_Transversions:238	bcftools_stats	1	snv_indel_calling	0	1	0	0	0	0	0	0	0	0	0	0
bcftools_stats_vqc_Count_Transversions:239	bcftools_stats	1	snv_indel_calling	0	1	0	0	0	0	0	0	0	0	0	0
bcftools_stats_vqc_Count_Transversions:24	bcftools_stats	1	snv_indel_calling	0	1	0	0	0	0	0	0	0	0	0	0
bcftools_stats_vqc_Count_Transversions:240	bcftools_stats	1	snv_indel_calling	0	1	0	0	0	0	0	0	0	0	0	0
bcftools_stats_vqc_Count_Transversions:241	bcftools_stats	1	snv_indel_calling	0	1	0	0	0	0	0	0	0	0	0	0
bcftools_stats_vqc_Count_Transversions:242	bcftools_stats	1	snv_indel_calling	0	1	0	0	0	0	0	0	0	0	0	0
bcftools_stats_vqc_Count_Transversions:243	bcftools_stats	1	snv_indel_calling	0	1	0	0	0	0	0	0	0	0	0	0
bcftools_stats_vqc_Count_Transversions:244	bcftools_stats	1	snv_indel_calling	0	1	0	0	0	0	0	0	0	0	0	0
bcftools_stats_vqc_Count_Transversions:245	bcftools_stats	1	snv_indel_calling	0	1	0	0	0	0	0	0	0	0	0	0
bcftools_stats_vqc_Count_Transversions:246	bcftools_stats	1	snv_indel_calling	0	1	0	0	0	0	0	0	0	0	0	0
bcftools_stats_vqc_Count_Transversions:247	bcftools_stats	1	snv_indel_calling	0	1	0	0	0	0	0	0	0	0	0	0
bcftools_stats_vqc_Count_Transversions:248	bcftools_stats	1	snv_indel_calling	0	1	0	0	0	0	0	0	0	0	0	0
bcftools_stats_vqc_Count_Transversions:249	bcftools_stats	1	snv_indel_calling	0	1	0	0	0	0	0	0	0	0	0	0
bcftools_stats_vqc_Count_Transversions:25	bcftools_stats	1	snv_indel_calling	0	1	0	0	0	0	0	0	0	0	0	0
bcftools_stats_vqc_Count_Transversions:250	bcftools_stats	1	snv_indel_calling	0	1	0	0	0	0	0	0	0	0	0	0
bcftools_stats_vqc_Count_Transversions:251	bcftools_stats	1	snv_indel_calling	0	1	0	0	0	0	0	0	0	0	0	0
bcftools_stats_vqc_Count_Transversions:252	bcftools_stats	1	snv_indel_calling	0	1	0	0	0	0	0	0	0	0	0	0
bcftools_stats_vqc_Count_Transversions:253	bcftools_stats	1	snv_indel_calling	0	1	0	0	0	0	0	0	0	0	0	0
bcftools_stats_vqc_Count_Transversions:254	bcftools_stats	1	snv_indel_calling	0	1	0	0	0	0	0	0	0	0	0	0
bcftools_stats_vqc_Count_Transversions:255	bcftools_stats	1	snv_indel_calling	0	1	0	0	0	0	0	0	0	0	0	0
bcftools_stats_vqc_Count_Transversions:256	bcftools_stats	1	snv_indel_calling	0	1	0	0	0	0	0	0	0	0	0	0
bcftools_stats_vqc_Count_Transversions:257	bcftools_stats	1	snv_indel_calling	0	1	0	0	0	0	0	0	0	0	0	0
bcftools_stats_vqc_Count_Transversions:258	bcftools_stats	1	snv_indel_calling	0	1	0	0	0	0	0	0	0	0	0	0
bcftools_stats_vqc_Count_Transversions:259	bcftools_stats	1	snv_indel_calling	0	1	0	0	0	0	0	0	0	0	0	0
bcftools_stats_vqc_Count_Transversions:26	bcftools_stats	1	snv_indel_calling	0	1	0	0	0	0	0	0	0	0	0	0
bcftools_stats_vqc_Count_Transversions:260	bcftools_stats	1	snv_indel_calling	0	1	0	0	0	0	0	0	0	0	0	0
bcftools_stats_vqc_Count_Transversions:261	bcftools_stats	1	snv_indel_calling	0	1	0	0	0	0	0	0	0	0	0	0
bcftools_stats_vqc_Count_Transversions:262	bcftools_stats	1	snv_indel_calling	0	1	0	0	0	0	0	0	0	0	0	0
bcftools_stats_vqc_Count_Transversions:263	bcftools_stats	1	snv_indel_calling	0	1	0	0	0	0	0	0	0	0	0	0
bcftools_stats_vqc_Count_Transversions:264	bcftools_stats	1	snv_indel_calling	0	1	0	0	0	0	0	0	0	0	0	0
bcftools_stats_vqc_Count_Transversions:265	bcftools_stats	1	snv_indel_calling	0	1	0	0	0	0	0	0	0	0	0	0
bcftools_stats_vqc_Count_Transversions:266	bcftools_stats	1	snv_indel_calling	0	1	0	0	0	0	0	0	0	0	0	0
bcftools_stats_vqc_Count_Transversions:267	bcftools_stats	1	snv_indel_calling	0	1	0	0	0	0	0	0	0	0	0	0
bcftools_stats_vqc_Count_Transversions:268	bcftools_stats	1	snv_indel_calling	0	1	0	0	0	0	0	0	0	0	0	0
bcftools_stats_vqc_Count_Transversions:269	bcftools_stats	1	snv_indel_calling	0	1	0	0	0	0	0	0	0	0	0	0
bcftools_stats_vqc_Count_Transversions:27	bcftools_stats	1	snv_indel_calling	0	1	0	0	0	0	0	0	0	0	0	0
bcftools_stats_vqc_Count_Transversions:270	bcftools_stats	1	snv_indel_calling	0	1	0	0	0	0	0	0	0	0	0	0
bcftools_stats_vqc_Count_Transversions:271	bcftools_stats	1	snv_indel_calling	0	1	0	0	0	0	0	0	0	0	0	0
bcftools_stats_vqc_Count_Transversions:272	bcftools_stats	1	snv_indel_calling	0	1	0	0	0	0	0	0	0	0	0	0
bcftools_stats_vqc_Count_Transversions:273	bcftools_stats	1	snv_indel_calling	0	1	0	0	0	0	0	0	0	0	0	0
bcftools_stats_vqc_Count_Transversions:274	bcftools_stats	1	snv_indel_calling	0	1	0	0	0	0	0	0	0	0	0	0
bcftools_stats_vqc_Count_Transversions:275	bcftools_stats	1	snv_indel_calling	0	1	0	0	0	0	0	0	0	0	0	0
bcftools_stats_vqc_Count_Transversions:276	bcftools_stats	1	snv_indel_calling	0	1	0	0	0	0	0	0	0	0	0	0
bcftools_stats_vqc_Count_Transversions:277	bcftools_stats	1	snv_indel_calling	0	1	0	0	0	0	0	0	0	0	0	0
bcftools_stats_vqc_Count_Transversions:278	bcftools_stats	1	snv_indel_calling	0	1	0	0	0	0	0	0	0	0	0	0
bcftools_stats_vqc_Count_Transversions:279	bcftools_stats	1	snv_indel_calling	0	1	0	0	0	0	0	0	0	0	0	0
bcftools_stats_vqc_Count_Transversions:28	bcftools_stats	1	snv_indel_calling	0	1	0	0	0	0	0	0	0	0	0	0
bcftools_stats_vqc_Count_Transversions:280	bcftools_stats	1	snv_indel_calling	0	1	0	0	0	0	0	0	0	0	0	0
bcftools_stats_vqc_Count_Transversions:281	bcftools_stats	1	snv_indel_calling	0	1	0	0	0	0	0	0	0	0	0	0
bcftools_stats_vqc_Count_Transversions:282	bcftools_stats	1	snv_indel_calling	0	1	0	0	0	0	0	0	0	0	0	0
bcftools_stats_vqc_Count_Transversions:283	bcftools_stats	1	snv_indel_calling	0	1	0	0	0	0	0	0	0	0	0	0
bcftools_stats_vqc_Count_Transversions:284	bcftools_stats	1	snv_indel_calling	0	1	0	0	0	0	0	0	0	0	0	0
bcftools_stats_vqc_Count_Transversions:285	bcftools_stats	1	snv_indel_calling	0	1	0	0	0	0	0	0	0	0	0	0
bcftools_stats_vqc_Count_Transversions:286	bcftools_stats	1	snv_indel_calling	0	1	0	0	0	0	0	0	0	0	0	0
bcftools_stats_vqc_Count_Transversions:287	bcftools_stats	1	snv_indel_calling	0	1	0	0	0	0	0	0	0	0	0	0
bcftools_stats_vqc_Count_Transversions:288	bcftools_stats	1	snv_indel_calling	0	1	0	0	0	0	0	0	0	0	0	0
bcftools_stats_vqc_Count_Transversions:289	bcftools_stats	1	snv_indel_calling	0	1	0	0	0	0	0	0	0	0	0	0
bcftools_stats_vqc_Count_Transversions:29	bcftools_stats	1	snv_indel_calling	0	1	0	0	0	0	0	0	0	0	0	0
bcftools_stats_vqc_Count_Transversions:290	bcftools_stats	1	snv_indel_calling	0	1	0	0	0	0	0	0	0	0	0	0
bcftools_stats_vqc_Count_Transversions:291	bcftools_stats	1	snv_indel_calling	0	1	0	0	0	0	0	0	0	0	0	0
bcftools_stats_vqc_Count_Transversions:292	bcftools_stats	1	snv_indel_calling	0	1	0	0	0	0	0	0	0	0	0	0
bcftools_stats_vqc_Count_Transversions:293	bcftools_stats	1	snv_indel_calling	0	1	0	0	0	0	0	0	0	0	0	0
bcftools_stats_vqc_Count_Transversions:294	bcftools_stats	1	snv_indel_calling	0	1	0	0	0	0	0	0	0	0	0	0
bcftools_stats_vqc_Count_Transversions:295	bcftools_stats	1	snv_indel_calling	0	1	0	0	0	0	0	0	0	0	0	0
bcftools_stats_vqc_Count_Transversions:296	bcftools_stats	1	snv_indel_calling	0	1	0	0	0	0	0	0	0	0	0	0
bcftools_stats_vqc_Count_Transversions:297	bcftools_stats	1	snv_indel_calling	0	1	0	0	0	0	0	0	0	0	0	0
bcftools_stats_vqc_Count_Transversions:298	bcftools_stats	1	snv_indel_calling	0	1	0	0	0	0	0	0	0	0	0	0
bcftools_stats_vqc_Count_Transversions:299	bcftools_stats	1	snv_indel_calling	0	1	0	0	0	0	0	0	0	0	0	0
bcftools_stats_vqc_Count_Transversions:3	bcftools_stats	1	snv_indel_calling	0	1	0	0	0	0	0	0	0	0	0	0
bcftools_stats_vqc_Count_Transversions:30	bcftools_stats	1	snv_indel_calling	0	1	0	0	0	0	0	0	0	0	0	0
bcftools_stats_vqc_Count_Transversions:300	bcftools_stats	1	snv_indel_calling	0	1	0	0	0	0	0	0	0	0	0	0
bcftools_stats_vqc_Count_Transversions:301	bcftools_stats	1	snv_indel_calling	0	1	0	0	0	0	0	0	0	0	0	0
bcftools_stats_vqc_Count_Transversions:302	bcftools_stats	1	snv_indel_calling	0	1	0	0	0	0	0	0	0	0	0	0
bcftools_stats_vqc_Count_Transversions:303	bcftools_stats	1	snv_indel_calling	0	1	0	0	0	0	0	0	0	0	0	0
bcftools_stats_vqc_Count_Transversions:304	bcftools_stats	1	snv_indel_calling	0	1	0	0	0	0	0	0	0	0	0	0
bcftools_stats_vqc_Count_Transversions:305	bcftools_stats	1	snv_indel_calling	0	1	0	0	0	0	0	0	0	0	0	0
bcftools_stats_vqc_Count_Transversions:306	bcftools_stats	1	snv_indel_calling	0	1	0	0	0	0	0	0	0	0	0	0
bcftools_stats_vqc_Count_Transversions:307	bcftools_stats	1	snv_indel_calling	0	1	0	0	0	0	0	0	0	0	0	0
bcftools_stats_vqc_Count_Transversions:308	bcftools_stats	1	snv_indel_calling	0	1	0	0	0	0	0	0	0	0	0	0
bcftools_stats_vqc_Count_Transversions:309	bcftools_stats	1	snv_indel_calling	0	1	0	0	0	0	0	0	0	0	0	0
bcftools_stats_vqc_Count_Transversions:31	bcftools_stats	1	snv_indel_calling	0	1	0	0	0	0	0	0	0	0	0	0
bcftools_stats_vqc_Count_Transversions:310	bcftools_stats	1	snv_indel_calling	0	1	0	0	0	0	0	0	0	0	0	0
bcftools_stats_vqc_Count_Transversions:311	bcftools_stats	1	snv_indel_calling	0	1	0	0	0	0	0	0	0	0	0	0
bcftools_stats_vqc_Count_Transversions:312	bcftools_stats	1	snv_indel_calling	0	1	0	0	0	0	0	0	0	0	0	0
bcftools_stats_vqc_Count_Transversions:313	bcftools_stats	1	snv_indel_calling	0	1	0	0	0	0	0	0	0	0	0	0
bcftools_stats_vqc_Count_Transversions:314	bcftools_stats	1	snv_indel_calling	0	1	0	0	0	0	0	0	0	0	0	0
bcftools_stats_vqc_Count_Transversions:315	bcftools_stats	1	snv_indel_calling	0	1	0	0	0	0	0	0	0	0	0	0
bcftools_stats_vqc_Count_Transversions:316	bcftools_stats	1	snv_indel_calling	0	1	0	0	0	0	0	0	0	0	0	0
bcftools_stats_vqc_Count_Transversions:317	bcftools_stats	1	snv_indel_calling	0	1	0	0	0	0	0	0	0	0	0	0
bcftools_stats_vqc_Count_Transversions:318	bcftools_stats	1	snv_indel_calling	0	1	0	0	0	0	0	0	0	0	0	0
bcftools_stats_vqc_Count_Transversions:319	bcftools_stats	1	snv_indel_calling	0	1	0	0	0	0	0	0	0	0	0	0
bcftools_stats_vqc_Count_Transversions:32	bcftools_stats	1	snv_indel_calling	0	1	0	0	0	0	0	0	0	0	0	0
bcftools_stats_vqc_Count_Transversions:320	bcftools_stats	1	snv_indel_calling	0	1	0	0	0	0	0	0	0	0	0	0
bcftools_stats_vqc_Count_Transversions:321	bcftools_stats	1	snv_indel_calling	0	1	0	0	0	0	0	0	0	0	0	0
bcftools_stats_vqc_Count_Transversions:322	bcftools_stats	1	snv_indel_calling	0	1	0	0	0	0	0	0	0	0	0	0
bcftools_stats_vqc_Count_Transversions:323	bcftools_stats	1	snv_indel_calling	0	1	0	0	0	0	0	0	0	0	0	0
bcftools_stats_vqc_Count_Transversions:324	bcftools_stats	1	snv_indel_calling	0	1	0	0	0	0	0	0	0	0	0	0
bcftools_stats_vqc_Count_Transversions:325	bcftools_stats	1	snv_indel_calling	0	1	0	0	0	0	0	0	0	0	0	0
bcftools_stats_vqc_Count_Transversions:326	bcftools_stats	1	snv_indel_calling	0	1	0	0	0	0	0	0	0	0	0	0
bcftools_stats_vqc_Count_Transversions:327	bcftools_stats	1	snv_indel_calling	0	1	0	0	0	0	0	0	0	0	0	0
bcftools_stats_vqc_Count_Transversions:328	bcftools_stats	1	snv_indel_calling	0	1	0	0	0	0	0	0	0	0	0	0
bcftools_stats_vqc_Count_Transversions:329	bcftools_stats	1	snv_indel_calling	0	1	0	0	0	0	0	0	0	0	0	0
bcftools_stats_vqc_Count_Transversions:33	bcftools_stats	1	snv_indel_calling	0	1	0	0	0	0	0	0	0	0	0	0
bcftools_stats_vqc_Count_Transversions:330	bcftools_stats	1	snv_indel_calling	0	1	0	0	0	0	0	0	0	0	0	0
bcftools_stats_vqc_Count_Transversions:331	bcftools_stats	1	snv_indel_calling	0	1	0	0	0	0	0	0	0	0	0	0
bcftools_stats_vqc_Count_Transversions:332	bcftools_stats	1	snv_indel_calling	0	1	0	0	0	0	0	0	0	0	0	0
bcftools_stats_vqc_Count_Transversions:333	bcftools_stats	1	snv_indel_calling	0	1	0	0	0	0	0	0	0	0	0	0
bcftools_stats_vqc_Count_Transversions:334	bcftools_stats	1	snv_indel_calling	0	1	0	0	0	0	0	0	0	0	0	0
bcftools_stats_vqc_Count_Transversions:335	bcftools_stats	1	snv_indel_calling	0	1	0	0	0	0	0	0	0	0	0	0
bcftools_stats_vqc_Count_Transversions:336	bcftools_stats	1	snv_indel_calling	0	1	0	0	0	0	0	0	0	0	0	0
bcftools_stats_vqc_Count_Transversions:337	bcftools_stats	1	snv_indel_calling	0	1	0	0	0	0	0	0	0	0	0	0
bcftools_stats_vqc_Count_Transversions:338	bcftools_stats	1	snv_indel_calling	0	1	0	0	0	0	0	0	0	0	0	0
bcftools_stats_vqc_Count_Transversions:339	bcftools_stats	1	snv_indel_calling	0	1	0	0	0	0	0	0	0	0	0	0
bcftools_stats_vqc_Count_Transversions:34	bcftools_stats	1	snv_indel_calling	0	1	0	0	0	0	0	0	0	0	0	0
bcftools_stats_vqc_Count_Transversions:340	bcftools_stats	1	snv_indel_calling	0	1	0	0	0	0	0	0	0	0	0	0
bcftools_stats_vqc_Count_Transversions:341	bcftools_stats	1	snv_indel_calling	0	1	0	0	0	0	0	0	0	0	0	0
bcftools_stats_vqc_Count_Transversions:342	bcftools_stats	1	snv_indel_calling	0	1	0	0	0	0	0	0	0	0	0	0
bcftools_stats_vqc_Count_Transversions:343	bcftools_stats	1	snv_indel_calling	0	1	0	0	0	0	0	0	0	0	0	0
bcftools_stats_vqc_Count_Transversions:344	bcftools_stats	1	snv_indel_calling	0	1	0	0	0	0	0	0	0	0	0	0
bcftools_stats_vqc_Count_Transversions:345	bcftools_stats	1	snv_indel_calling	0	1	0	0	0	0	0	0	0	0	0	0
bcftools_stats_vqc_Count_Transversions:346	bcftools_stats	1	snv_indel_calling	0	1	0	0	0	0	0	0	0	0	0	0
bcftools_stats_vqc_Count_Transversions:347	bcftools_stats	1	snv_indel_calling	0	1	0	0	0	0	0	0	0	0	0	0
bcftools_stats_vqc_Count_Transversions:348	bcftools_stats	1	snv_indel_calling	0	1	0	0	0	0	0	0	0	0	0	0
bcftools_stats_vqc_Count_Transversions:349	bcftools_stats	1	snv_indel_calling	0	1	0	0	0	0	0	0	0	0	0	0
bcftools_stats_vqc_Count_Transversions:35	bcftools_stats	1	snv_indel_calling	0	1	0	0	0	0	0	0	0	0	0	0
bcftools_stats_vqc_Count_Transversions:350	bcftools_stats	1	snv_indel_calling	0	1	0	0	0	0	0	0	0	0	0	0
bcftools_stats_vqc_Count_Transversions:351	bcftools_stats	1	snv_indel_calling	0	1	0	0	0	0	0	0	0	0	0	0
bcftools_stats_vqc_Count_Transversions:352	bcftools_stats	1	snv_indel_calling	0	1	0	0	0	0	0	0	0	0	0	0
bcftools_stats_vqc_Count_Transversions:353	bcftools_stats	1	snv_indel_calling	0	1	0	0	0	0	0	0	0	0	0	0
bcftools_stats_vqc_Count_Transversions:354	bcftools_stats	1	snv_indel_calling	0	1	0	0	0	0	0	0	0	0	0	0
bcftools_stats_vqc_Count_Transversions:355	bcftools_stats	1	snv_indel_calling	0	1	0	0	0	0	0	0	0	0	0	0
bcftools_stats_vqc_Count_Transversions:356	bcftools_stats	1	snv_indel_calling	0	1	0	0	0	0	0	0	0	0	0	0
bcftools_stats_vqc_Count_Transversions:357	bcftools_stats	1	snv_indel_calling	0	1	0	0	0	0	0	0	0	0	0	0
bcftools_stats_vqc_Count_Transversions:358	bcftools_stats	1	snv_indel_calling	0	1	0	0	0	0	0	0	0	0	0	0
bcftools_stats_vqc_Count_Transversions:359	bcftools_stats	1	snv_indel_calling	0	1	0	0	0	0	0	0	0	0	0	0
bcftools_stats_vqc_Count_Transversions:36	bcftools_stats	1	snv_indel_calling	0	1	0	0	0	0	0	0	0	0	0	0
bcftools_stats_vqc_Count_Transversions:360	bcftools_stats	1	snv_indel_calling	0	1	0	0	0	0	0	0	0	0	0	0
bcftools_stats_vqc_Count_Transversions:361	bcftools_stats	1	snv_indel_calling	0	1	0	0	0	0	0	0	0	0	0	0
bcftools_stats_vqc_Count_Transversions:362	bcftools_stats	1	snv_indel_calling	0	1	0	0	0	0	0	0	0	0	0	0
bcftools_stats_vqc_Count_Transversions:363	bcftools_stats	1	snv_indel_calling	0	1	0	0	0	0	0	0	0	0	0	0
bcftools_stats_vqc_Count_Transversions:364	bcftools_stats	1	snv_indel_calling	0	1	0	0	0	0	0	0	0	0	0	0
bcftools_stats_vqc_Count_Transversions:365	bcftools_stats	1	snv_indel_calling	0	1	0	0	0	0	0	0	0	0	0	0
bcftools_stats_vqc_Count_Transversions:366	bcftools_stats	1	snv_indel_calling	0	1	0	0	0	0	0	0	0	0	0	0
bcftools_stats_vqc_Count_Transversions:367	bcftools_stats	1	snv_indel_calling	0	1	0	0	0	0	0	0	0	0	0	0
bcftools_stats_vqc_Count_Transversions:368	bcftools_stats	1	snv_indel_calling	0	1	0	0	0	0	0	0	0	0	0	0
bcftools_stats_vqc_Count_Transversions:369	bcftools_stats	1	snv_indel_calling	0	1	0	0	0	0	0	0	0	0	0	0
bcftools_stats_vqc_Count_Transversions:37	bcftools_stats	1	snv_indel_calling	0	1	0	0	0	0	0	0	0	0	0	0
bcftools_stats_vqc_Count_Transversions:370	bcftools_stats	1	snv_indel_calling	0	1	0	0	0	0	0	0	0	0	0	0
bcftools_stats_vqc_Count_Transversions:371	bcftools_stats	1	snv_indel_calling	0	1	0	0	0	0	0	0	0	0	0	0
bcftools_stats_vqc_Count_Transversions:372	bcftools_stats	1	snv_indel_calling	0	1	0	0	0	0	0	0	0	0	0	0
bcftools_stats_vqc_Count_Transversions:373	bcftools_stats	1	snv_indel_calling	0	1	0	0	0	0	0	0	0	0	0	0
bcftools_stats_vqc_Count_Transversions:374	bcftools_stats	1	snv_indel_calling	0	1	0	0	0	0	0	0	0	0	0	0
bcftools_stats_vqc_Count_Transversions:375	bcftools_stats	1	snv_indel_calling	0	1	0	0	0	0	0	0	0	0	0	0
bcftools_stats_vqc_Count_Transversions:376	bcftools_stats	1	snv_indel_calling	0	1	0	0	0	0	0	0	0	0	0	0
bcftools_stats_vqc_Count_Transversions:377	bcftools_stats	1	snv_indel_calling	0	1	0	0	0	0	0	0	0	0	0	0
bcftools_stats_vqc_Count_Transversions:378	bcftools_stats	1	snv_indel_calling	0	1	0	0	0	0	0	0	0	0	0	0
bcftools_stats_vqc_Count_Transversions:379	bcftools_stats	1	snv_indel_calling	0	1	0	0	0	0	0	0	0	0	0	0
bcftools_stats_vqc_Count_Transversions:38	bcftools_stats	1	snv_indel_calling	0	1	0	0	0	0	0	0	0	0	0	0
bcftools_stats_vqc_Count_Transversions:380	bcftools_stats	1	snv_indel_calling	0	1	0	0	0	0	0	0	0	0	0	0
bcftools_stats_vqc_Count_Transversions:381	bcftools_stats	1	snv_indel_calling	0	1	0	0	0	0	0	0	0	0	0	0
bcftools_stats_vqc_Count_Transversions:382	bcftools_stats	1	snv_indel_calling	0	1	0	0	0	0	0	0	0	0	0	0
bcftools_stats_vqc_Count_Transversions:383	bcftools_stats	1	snv_indel_calling	0	1	0	0	0	0	0	0	0	0	0	0
bcftools_stats_vqc_Count_Transversions:384	bcftools_stats	1	snv_indel_calling	0	1	0	0	0	0	0	0	0	0	0	0
bcftools_stats_vqc_Count_Transversions:385	bcftools_stats	1	snv_indel_calling	0	1	0	0	0	0	0	0	0	0	0	0
bcftools_stats_vqc_Count_Transversions:386	bcftools_stats	1	snv_indel_calling	0	1	0	0	0	0	0	0	0	0	0	0
bcftools_stats_vqc_Count_Transversions:387	bcftools_stats	1	snv_indel_calling	0	1	0	0	0	0	0	0	0	0	0	0
bcftools_stats_vqc_Count_Transversions:388	bcftools_stats	1	snv_indel_calling	0	1	0	0	0	0	0	0	0	0	0	0
bcftools_stats_vqc_Count_Transversions:389	bcftools_stats	1	snv_indel_calling	0	1	0	0	0	0	0	0	0	0	0	0
bcftools_stats_vqc_Count_Transversions:39	bcftools_stats	1	snv_indel_calling	0	1	0	0	0	0	0	0	0	0	0	0
bcftools_stats_vqc_Count_Transversions:390	bcftools_stats	1	snv_indel_calling	0	1	0	0	0	0	0	0	0	0	0	0
bcftools_stats_vqc_Count_Transversions:391	bcftools_stats	1	snv_indel_calling	0	1	0	0	0	0	0	0	0	0	0	0
bcftools_stats_vqc_Count_Transversions:392	bcftools_stats	1	snv_indel_calling	0	1	0	0	0	0	0	0	0	0	0	0
bcftools_stats_vqc_Count_Transversions:393	bcftools_stats	1	snv_indel_calling	0	1	0	0	0	0	0	0	0	0	0	0
bcftools_stats_vqc_Count_Transversions:394	bcftools_stats	1	snv_indel_calling	0	1	0	0	0	0	0	0	0	0	0	0
bcftools_stats_vqc_Count_Transversions:395	bcftools_stats	1	snv_indel_calling	0	1	0	0	0	0	0	0	0	0	0	0
bcftools_stats_vqc_Count_Transversions:396	bcftools_stats	1	snv_indel_calling	0	1	0	0	0	0	0	0	0	0	0	0
bcftools_stats_vqc_Count_Transversions:397	bcftools_stats	1	snv_indel_calling	0	1	0	0	0	0	0	0	0	0	0	0
bcftools_stats_vqc_Count_Transversions:398	bcftools_stats	1	snv_indel_calling	0	1	0	0	0	0	0	0	0	0	0	0
bcftools_stats_vqc_Count_Transversions:399	bcftools_stats	1	snv_indel_calling	0	1	0	0	0	0	0	0	0	0	0	0
bcftools_stats_vqc_Count_Transversions:4	bcftools_stats	1	snv_indel_calling	0	1	0	0	0	0	0	0	0	0	0	0
bcftools_stats_vqc_Count_Transversions:40	bcftools_stats	1	snv_indel_calling	0	1	0	0	0	0	0	0	0	0	0	0
bcftools_stats_vqc_Count_Transversions:400	bcftools_stats	1	snv_indel_calling	0	1	0	0	0	0	0	0	0	0	0	0
bcftools_stats_vqc_Count_Transversions:401	bcftools_stats	1	snv_indel_calling	0	1	0	0	0	0	0	0	0	0	0	0
bcftools_stats_vqc_Count_Transversions:402	bcftools_stats	1	snv_indel_calling	0	1	0	0	0	0	0	0	0	0	0	0
bcftools_stats_vqc_Count_Transversions:403	bcftools_stats	1	snv_indel_calling	0	1	0	0	0	0	0	0	0	0	0	0
bcftools_stats_vqc_Count_Transversions:404	bcftools_stats	1	snv_indel_calling	0	1	0	0	0	0	0	0	0	0	0	0
bcftools_stats_vqc_Count_Transversions:405	bcftools_stats	1	snv_indel_calling	0	1	0	0	0	0	0	0	0	0	0	0
bcftools_stats_vqc_Count_Transversions:406	bcftools_stats	1	snv_indel_calling	0	1	0	0	0	0	0	0	0	0	0	0
bcftools_stats_vqc_Count_Transversions:407	bcftools_stats	1	snv_indel_calling	0	1	0	0	0	0	0	0	0	0	0	0
bcftools_stats_vqc_Count_Transversions:408	bcftools_stats	1	snv_indel_calling	0	1	0	0	0	0	0	0	0	0	0	0
bcftools_stats_vqc_Count_Transversions:409	bcftools_stats	1	snv_indel_calling	0	1	0	0	0	0	0	0	0	0	0	0
bcftools_stats_vqc_Count_Transversions:41	bcftools_stats	1	snv_indel_calling	0	1	0	0	0	0	0	0	0	0	0	0
bcftools_stats_vqc_Count_Transversions:410	bcftools_stats	1	snv_indel_calling	0	1	0	0	0	0	0	0	0	0	0	0
bcftools_stats_vqc_Count_Transversions:411	bcftools_stats	1	snv_indel_calling	0	1	0	0	0	0	0	0	0	0	0	0
bcftools_stats_vqc_Count_Transversions:412	bcftools_stats	1	snv_indel_calling	0	1	0	0	0	0	0	0	0	0	0	0
bcftools_stats_vqc_Count_Transversions:413	bcftools_stats	1	snv_indel_calling	0	1	0	0	0	0	0	0	0	0	0	0
bcftools_stats_vqc_Count_Transversions:414	bcftools_stats	1	snv_indel_calling	0	1	0	0	0	0	0	0	0	0	0	0
bcftools_stats_vqc_Count_Transversions:415	bcftools_stats	1	snv_indel_calling	0	1	0	0	0	0	0	0	0	0	0	0
bcftools_stats_vqc_Count_Transversions:416	bcftools_stats	1	snv_indel_calling	0	1	0	0	0	0	0	0	0	0	0	0
bcftools_stats_vqc_Count_Transversions:417	bcftools_stats	1	snv_indel_calling	0	1	0	0	0	0	0	0	0	0	0	0
bcftools_stats_vqc_Count_Transversions:418	bcftools_stats	1	snv_indel_calling	0	1	0	0	0	0	0	0	0	0	0	0
bcftools_stats_vqc_Count_Transversions:419	bcftools_stats	1	snv_indel_calling	0	1	0	0	0	0	0	0	0	0	0	0
bcftools_stats_vqc_Count_Transversions:42	bcftools_stats	1	snv_indel_calling	0	1	0	0	0	0	0	0	0	0	0	0
bcftools_stats_vqc_Count_Transversions:420	bcftools_stats	1	snv_indel_calling	0	1	0	0	0	0	0	0	0	0	0	0
bcftools_stats_vqc_Count_Transversions:421	bcftools_stats	1	snv_indel_calling	0	1	0	0	0	0	0	0	0	0	0	0
bcftools_stats_vqc_Count_Transversions:422	bcftools_stats	1	snv_indel_calling	0	1	0	0	0	0	0	0	0	0	0	0
bcftools_stats_vqc_Count_Transversions:423	bcftools_stats	1	snv_indel_calling	0	1	0	0	0	0	0	0	0	0	0	0
bcftools_stats_vqc_Count_Transversions:424	bcftools_stats	1	snv_indel_calling	0	1	0	0	0	0	0	0	0	0	0	0
bcftools_stats_vqc_Count_Transversions:425	bcftools_stats	1	snv_indel_calling	0	1	0	0	0	0	0	0	0	0	0	0
bcftools_stats_vqc_Count_Transversions:426	bcftools_stats	1	snv_indel_calling	0	1	0	0	0	0	0	0	0	0	0	0
bcftools_stats_vqc_Count_Transversions:427	bcftools_stats	1	snv_indel_calling	0	1	0	0	0	0	0	0	0	0	0	0
bcftools_stats_vqc_Count_Transversions:428	bcftools_stats	1	snv_indel_calling	0	1	0	0	0	0	0	0	0	0	0	0
bcftools_stats_vqc_Count_Transversions:429	bcftools_stats	1	snv_indel_calling	0	1	0	0	0	0	0	0	0	0	0	0
bcftools_stats_vqc_Count_Transversions:43	bcftools_stats	1	snv_indel_calling	0	1	0	0	0	0	0	0	0	0	0	0
bcftools_stats_vqc_Count_Transversions:430	bcftools_stats	1	snv_indel_calling	0	1	0	0	0	0	0	0	0	0	0	0
bcftools_stats_vqc_Count_Transversions:431	bcftools_stats	1	snv_indel_calling	0	1	0	0	0	0	0	0	0	0	0	0
bcftools_stats_vqc_Count_Transversions:432	bcftools_stats	1	snv_indel_calling	0	1	0	0	0	0	0	0	0	0	0	0
bcftools_stats_vqc_Count_Transversions:433	bcftools_stats	1	snv_indel_calling	0	1	0	0	0	0	0	0	0	0	0	0
bcftools_stats_vqc_Count_Transversions:434	bcftools_stats	1	snv_indel_calling	0	1	0	0	0	0	0	0	0	0	0	0
bcftools_stats_vqc_Count_Transversions:435	bcftools_stats	1	snv_indel_calling	0	1	0	0	0	0	0	0	0	0	0	0
bcftools_stats_vqc_Count_Transversions:436	bcftools_stats	1	snv_indel_calling	0	1	0	0	0	0	0	0	0	0	0	0
bcftools_stats_vqc_Count_Transversions:437	bcftools_stats	1	snv_indel_calling	0	1	0	0	0	0	0	0	0	0	0	0
bcftools_stats_vqc_Count_Transversions:438	bcftools_stats	1	snv_indel_calling	0	1	0	0	0	0	0	0	0	0	0	0
bcftools_stats_vqc_Count_Transversions:439	bcftools_stats	1	snv_indel_calling	0	1	0	0	0	0	0	0	0	0	0	0
bcftools_stats_vqc_Count_Transversions:44	bcftools_stats	1	snv_indel_calling	0	1	0	0	0	0	0	0	0	0	0	0
bcftools_stats_vqc_Count_Transversions:440	bcftools_stats	1	snv_indel_calling	0	1	0	0	0	0	0	0	0	0	0	0
bcftools_stats_vqc_Count_Transversions:441	bcftools_stats	1	snv_indel_calling	0	1	0	0	0	0	0	0	0	0	0	0
bcftools_stats_vqc_Count_Transversions:442	bcftools_stats	1	snv_indel_calling	0	1	0	0	0	0	0	0	0	0	0	0
bcftools_stats_vqc_Count_Transversions:443	bcftools_stats	1	snv_indel_calling	0	1	0	0	0	0	0	0	0	0	0	0
bcftools_stats_vqc_Count_Transversions:444	bcftools_stats	1	snv_indel_calling	0	1	0	0	0	0	0	0	0	0	0	0
bcftools_stats_vqc_Count_Transversions:445	bcftools_stats	1	snv_indel_calling	0	1	0	0	0	0	0	0	0	0	0	0
bcftools_stats_vqc_Count_Transversions:446	bcftools_stats	1	snv_indel_calling	0	1	0	0	0	0	0	0	0	0	0	0
bcftools_stats_vqc_Count_Transversions:447	bcftools_stats	1	snv_indel_calling	0	1	0	0	0	0	0	0	0	0	0	0
bcftools_stats_vqc_Count_Transversions:448	bcftools_stats	1	snv_indel_calling	0	1	0	0	0	0	0	0	0	0	0	0
bcftools_stats_vqc_Count_Transversions:449	bcftools_stats	1	snv_indel_calling	0	1	0	0	0	0	0	0	0	0	0	0
bcftools_stats_vqc_Count_Transversions:45	bcftools_stats	1	snv_indel_calling	0	1	0	0	0	0	0	0	0	0	0	0
bcftools_stats_vqc_Count_Transversions:450	bcftools_stats	1	snv_indel_calling	0	1	0	0	0	0	0	0	0	0	0	0
bcftools_stats_vqc_Count_Transversions:451	bcftools_stats	1	snv_indel_calling	0	1	0	0	0	0	0	0	0	0	0	0
bcftools_stats_vqc_Count_Transversions:452	bcftools_stats	1	snv_indel_calling	0	1	0	0	0	0	0	0	0	0	0	0
bcftools_stats_vqc_Count_Transversions:453	bcftools_stats	1	snv_indel_calling	0	1	0	0	0	0	0	0	0	0	0	0
bcftools_stats_vqc_Count_Transversions:454	bcftools_stats	1	snv_indel_calling	0	1	0	0	0	0	0	0	0	0	0	0
bcftools_stats_vqc_Count_Transversions:455	bcftools_stats	1	snv_indel_calling	0	1	0	0	0	0	0	0	0	0	0	0
bcftools_stats_vqc_Count_Transversions:456	bcftools_stats	1	snv_indel_calling	0	1	0	0	0	0	0	0	0	0	0	0
bcftools_stats_vqc_Count_Transversions:457	bcftools_stats	1	snv_indel_calling	0	1	0	0	0	0	0	0	0	0	0	0
bcftools_stats_vqc_Count_Transversions:458	bcftools_stats	1	snv_indel_calling	0	1	0	0	0	0	0	0	0	0	0	0
bcftools_stats_vqc_Count_Transversions:459	bcftools_stats	1	snv_indel_calling	0	1	0	0	0	0	0	0	0	0	0	0
bcftools_stats_vqc_Count_Transversions:46	bcftools_stats	1	snv_indel_calling	0	1	0	0	0	0	0	0	0	0	0	0
bcftools_stats_vqc_Count_Transversions:460	bcftools_stats	1	snv_indel_calling	0	1	0	0	0	0	0	0	0	0	0	0
bcftools_stats_vqc_Count_Transversions:461	bcftools_stats	1	snv_indel_calling	0	1	0	0	0	0	0	0	0	0	0	0
bcftools_stats_vqc_Count_Transversions:462	bcftools_stats	1	snv_indel_calling	0	1	0	0	0	0	0	0	0	0	0	0
bcftools_stats_vqc_Count_Transversions:463	bcftools_stats	1	snv_indel_calling	0	1	0	0	0	0	0	0	0	0	0	0
bcftools_stats_vqc_Count_Transversions:464	bcftools_stats	1	snv_indel_calling	0	1	0	0	0	0	0	0	0	0	0	0
bcftools_stats_vqc_Count_Transversions:465	bcftools_stats	1	snv_indel_calling	0	1	0	0	0	0	0	0	0	0	0	0
bcftools_stats_vqc_Count_Transversions:466	bcftools_stats	1	snv_indel_calling	0	1	0	0	0	0	0	0	0	0	0	0
bcftools_stats_vqc_Count_Transversions:467	bcftools_stats	1	snv_indel_calling	0	1	0	0	0	0	0	0	0	0	0	0
bcftools_stats_vqc_Count_Transversions:468	bcftools_stats	1	snv_indel_calling	0	1	0	0	0	0	0	0	0	0	0	0
bcftools_stats_vqc_Count_Transversions:469	bcftools_stats	1	snv_indel_calling	0	1	0	0	0	0	0	0	0	0	0	0
bcftools_stats_vqc_Count_Transversions:47	bcftools_stats	1	snv_indel_calling	0	1	0	0	0	0	0	0	0	0	0	0
bcftools_stats_vqc_Count_Transversions:470	bcftools_stats	1	snv_indel_calling	0	1	0	0	0	0	0	0	0	0	0	0
bcftools_stats_vqc_Count_Transversions:471	bcftools_stats	1	snv_indel_calling	0	1	0	0	0	0	0	0	0	0	0	0
bcftools_stats_vqc_Count_Transversions:472	bcftools_stats	1	snv_indel_calling	0	1	0	0	0	0	0	0	0	0	0	0
bcftools_stats_vqc_Count_Transversions:473	bcftools_stats	1	snv_indel_calling	0	1	0	0	0	0	0	0	0	0	0	0
bcftools_stats_vqc_Count_Transversions:474	bcftools_stats	1	snv_indel_calling	0	1	0	0	0	0	0	0	0	0	0	0
bcftools_stats_vqc_Count_Transversions:475	bcftools_stats	1	snv_indel_calling	0	1	0	0	0	0	0	0	0	0	0	0
bcftools_stats_vqc_Count_Transversions:476	bcftools_stats	1	snv_indel_calling	0	1	0	0	0	0	0	0	0	0	0	0
bcftools_stats_vqc_Count_Transversions:477	bcftools_stats	1	snv_indel_calling	0	1	0	0	0	0	0	0	0	0	0	0
bcftools_stats_vqc_Count_Transversions:478	bcftools_stats	1	snv_indel_calling	0	1	0	0	0	0	0	0	0	0	0	0
bcftools_stats_vqc_Count_Transversions:479	bcftools_stats	1	snv_indel_calling	0	1	0	0	0	0	0	0	0	0	0	0
bcftools_stats_vqc_Count_Transversions:48	bcftools_stats	1	snv_indel_calling	0	1	0	0	0	0	0	0	0	0	0	0
bcftools_stats_vqc_Count_Transversions:480	bcftools_stats	1	snv_indel_calling	0	1	0	0	0	0	0	0	0	0	0	0
bcftools_stats_vqc_Count_Transversions:481	bcftools_stats	1	snv_indel_calling	0	1	0	0	0	0	0	0	0	0	0	0
bcftools_stats_vqc_Count_Transversions:482	bcftools_stats	1	snv_indel_calling	0	1	0	0	0	0	0	0	0	0	0	0
bcftools_stats_vqc_Count_Transversions:483	bcftools_stats	1	snv_indel_calling	0	1	0	0	0	0	0	0	0	0	0	0
bcftools_stats_vqc_Count_Transversions:484	bcftools_stats	1	snv_indel_calling	0	1	0	0	0	0	0	0	0	0	0	0
bcftools_stats_vqc_Count_Transversions:485	bcftools_stats	1	snv_indel_calling	0	1	0	0	0	0	0	0	0	0	0	0
bcftools_stats_vqc_Count_Transversions:486	bcftools_stats	1	snv_indel_calling	0	1	0	0	0	0	0	0	0	0	0	0
bcftools_stats_vqc_Count_Transversions:487	bcftools_stats	1	snv_indel_calling	0	1	0	0	0	0	0	0	0	0	0	0
bcftools_stats_vqc_Count_Transversions:488	bcftools_stats	1	snv_indel_calling	0	1	0	0	0	0	0	0	0	0	0	0
bcftools_stats_vqc_Count_Transversions:489	bcftools_stats	1	snv_indel_calling	0	1	0	0	0	0	0	0	0	0	0	0
bcftools_stats_vqc_Count_Transversions:49	bcftools_stats	1	snv_indel_calling	0	1	0	0	0	0	0	0	0	0	0	0
bcftools_stats_vqc_Count_Transversions:490	bcftools_stats	1	snv_indel_calling	0	1	0	0	0	0	0	0	0	0	0	0
bcftools_stats_vqc_Count_Transversions:491	bcftools_stats	1	snv_indel_calling	0	1	0	0	0	0	0	0	0	0	0	0
bcftools_stats_vqc_Count_Transversions:492	bcftools_stats	1	snv_indel_calling	0	1	0	0	0	0	0	0	0	0	0	0
bcftools_stats_vqc_Count_Transversions:493	bcftools_stats	1	snv_indel_calling	0	1	0	0	0	0	0	0	0	0	0	0
bcftools_stats_vqc_Count_Transversions:494	bcftools_stats	1	snv_indel_calling	0	1	0	0	0	0	0	0	0	0	0	0
bcftools_stats_vqc_Count_Transversions:495	bcftools_stats	1	snv_indel_calling	0	1	0	0	0	0	0	0	0	0	0	0
bcftools_stats_vqc_Count_Transversions:496	bcftools_stats	1	snv_indel_calling	0	1	0	0	0	0	0	0	0	0	0	0
bcftools_stats_vqc_Count_Transversions:497	bcftools_stats	1	snv_indel_calling	0	1	0	0	0	0	0	0	0	0	0	0
bcftools_stats_vqc_Count_Transversions:498	bcftools_stats	1	snv_indel_calling	0	1	0	0	0	0	0	0	0	0	0	0
bcftools_stats_vqc_Count_Transversions:499	bcftools_stats	1	snv_indel_calling	0	1	0	0	0	0	0	0	0	0	0	0
bcftools_stats_vqc_Count_Transversions:5	bcftools_stats	1	snv_indel_calling	0	1	0	0	0	0	0	0	0	0	0	0
bcftools_stats_vqc_Count_Transversions:50	bcftools_stats	1	snv_indel_calling	0	1	0	0	0	0	0	0	0	0	0	0
bcftools_stats_vqc_Count_Transversions:500	bcftools_stats	1	snv_indel_calling	0	1	0	0	0	0	0	0	0	0	0	0
bcftools_stats_vqc_Count_Transversions:501	bcftools_stats	1	snv_indel_calling	0	1	0	0	0	0	0	0	0	0	0	0
bcftools_stats_vqc_Count_Transversions:502	bcftools_stats	1	snv_indel_calling	0	1	0	0	0	0	0	0	0	0	0	0
bcftools_stats_vqc_Count_Transversions:503	bcftools_stats	1	snv_indel_calling	0	1	0	0	0	0	0	0	0	0	0	0
bcftools_stats_vqc_Count_Transversions:504	bcftools_stats	1	snv_indel_calling	0	1	0	0	0	0	0	0	0	0	0	0
bcftools_stats_vqc_Count_Transversions:505	bcftools_stats	1	snv_indel_calling	0	1	0	0	0	0	0	0	0	0	0	0
bcftools_stats_vqc_Count_Transversions:506	bcftools_stats	1	snv_indel_calling	0	1	0	0	0	0	0	0	0	0	0	0
bcftools_stats_vqc_Count_Transversions:507	bcftools_stats	1	snv_indel_calling	0	1	0	0	0	0	0	0	0	0	0	0
bcftools_stats_vqc_Count_Transversions:508	bcftools_stats	1	snv_indel_calling	0	1	0	0	0	0	0	0	0	0	0	0
bcftools_stats_vqc_Count_Transversions:509	bcftools_stats	1	snv_indel_calling	0	1	0	0	0	0	0	0	0	0	0	0
bcftools_stats_vqc_Count_Transversions:51	bcftools_stats	1	snv_indel_calling	0	1	0	0	0	0	0	0	0	0	0	0
bcftools_stats_vqc_Count_Transversions:510	bcftools_stats	1	snv_indel_calling	0	1	0	0	0	0	0	0	0	0	0	0
bcftools_stats_vqc_Count_Transversions:511	bcftools_stats	1	snv_indel_calling	0	1	0	0	0	0	0	0	0	0	0	0
bcftools_stats_vqc_Count_Transversions:512	bcftools_stats	1	snv_indel_calling	0	1	0	0	0	0	0	0	0	0	0	0
bcftools_stats_vqc_Count_Transversions:513	bcftools_stats	1	snv_indel_calling	0	1	0	0	0	0	0	0	0	0	0	0
bcftools_stats_vqc_Count_Transversions:514	bcftools_stats	1	snv_indel_calling	0	1	0	0	0	0	0	0	0	0	0	0
bcftools_stats_vqc_Count_Transversions:515	bcftools_stats	1	snv_indel_calling	0	1	0	0	0	0	0	0	0	0	0	0
bcftools_stats_vqc_Count_Transversions:516	bcftools_stats	1	snv_indel_calling	0	1	0	0	0	0	0	0	0	0	0	0
bcftools_stats_vqc_Count_Transversions:517	bcftools_stats	1	snv_indel_calling	0	1	0	0	0	0	0	0	0	0	0	0
bcftools_stats_vqc_Count_Transversions:518	bcftools_stats	1	snv_indel_calling	0	1	0	0	0	0	0	0	0	0	0	0
bcftools_stats_vqc_Count_Transversions:519	bcftools_stats	1	snv_indel_calling	0	1	0	0	0	0	0	0	0	0	0	0
bcftools_stats_vqc_Count_Transversions:52	bcftools_stats	1	snv_indel_calling	0	1	0	0	0	0	0	0	0	0	0	0
bcftools_stats_vqc_Count_Transversions:520	bcftools_stats	1	snv_indel_calling	0	1	0	0	0	0	0	0	0	0	0	0
bcftools_stats_vqc_Count_Transversions:521	bcftools_stats	1	snv_indel_calling	0	1	0	0	0	0	0	0	0	0	0	0
bcftools_stats_vqc_Count_Transversions:522	bcftools_stats	1	snv_indel_calling	0	1	0	0	0	0	0	0	0	0	0	0
bcftools_stats_vqc_Count_Transversions:523	bcftools_stats	1	snv_indel_calling	0	1	0	0	0	0	0	0	0	0	0	0
bcftools_stats_vqc_Count_Transversions:524	bcftools_stats	1	snv_indel_calling	0	1	0	0	0	0	0	0	0	0	0	0
bcftools_stats_vqc_Count_Transversions:525	bcftools_stats	1	snv_indel_calling	0	1	0	0	0	0	0	0	0	0	0	0
bcftools_stats_vqc_Count_Transversions:526	bcftools_stats	1	snv_indel_calling	0	1	0	0	0	0	0	0	0	0	0	0
bcftools_stats_vqc_Count_Transversions:527	bcftools_stats	1	snv_indel_calling	0	1	0	0	0	0	0	0	0	0	0	0
bcftools_stats_vqc_Count_Transversions:528	bcftools_stats	1	snv_indel_calling	0	1	0	0	0	0	0	0	0	0	0	0
bcftools_stats_vqc_Count_Transversions:529	bcftools_stats	1	snv_indel_calling	0	1	0	0	0	0	0	0	0	0	0	0
bcftools_stats_vqc_Count_Transversions:53	bcftools_stats	1	snv_indel_calling	0	1	0	0	0	0	0	0	0	0	0	0
bcftools_stats_vqc_Count_Transversions:530	bcftools_stats	1	snv_indel_calling	0	1	0	0	0	0	0	0	0	0	0	0
bcftools_stats_vqc_Count_Transversions:531	bcftools_stats	1	snv_indel_calling	0	1	0	0	0	0	0	0	0	0	0	0
bcftools_stats_vqc_Count_Transversions:532	bcftools_stats	1	snv_indel_calling	0	1	0	0	0	0	0	0	0	0	0	0
bcftools_stats_vqc_Count_Transversions:533	bcftools_stats	1	snv_indel_calling	0	1	0	0	0	0	0	0	0	0	0	0
bcftools_stats_vqc_Count_Transversions:534	bcftools_stats	1	snv_indel_calling	0	1	0	0	0	0	0	0	0	0	0	0
bcftools_stats_vqc_Count_Transversions:535	bcftools_stats	1	snv_indel_calling	0	1	0	0	0	0	0	0	0	0	0	0
bcftools_stats_vqc_Count_Transversions:536	bcftools_stats	1	snv_indel_calling	0	1	0	0	0	0	0	0	0	0	0	0
bcftools_stats_vqc_Count_Transversions:537	bcftools_stats	1	snv_indel_calling	0	1	0	0	0	0	0	0	0	0	0	0
bcftools_stats_vqc_Count_Transversions:538	bcftools_stats	1	snv_indel_calling	0	1	0	0	0	0	0	0	0	0	0	0
bcftools_stats_vqc_Count_Transversions:539	bcftools_stats	1	snv_indel_calling	0	1	0	0	0	0	0	0	0	0	0	0
bcftools_stats_vqc_Count_Transversions:54	bcftools_stats	1	snv_indel_calling	0	1	0	0	0	0	0	0	0	0	0	0
bcftools_stats_vqc_Count_Transversions:540	bcftools_stats	1	snv_indel_calling	0	1	0	0	0	0	0	0	0	0	0	0
bcftools_stats_vqc_Count_Transversions:541	bcftools_stats	1	snv_indel_calling	0	1	0	0	0	0	0	0	0	0	0	0
bcftools_stats_vqc_Count_Transversions:542	bcftools_stats	1	snv_indel_calling	0	1	0	0	0	0	0	0	0	0	0	0
bcftools_stats_vqc_Count_Transversions:543	bcftools_stats	1	snv_indel_calling	0	1	0	0	0	0	0	0	0	0	0	0
bcftools_stats_vqc_Count_Transversions:544	bcftools_stats	1	snv_indel_calling	0	1	0	0	0	0	0	0	0	0	0	0
bcftools_stats_vqc_Count_Transversions:545	bcftools_stats	1	snv_indel_calling	0	1	0	0	0	0	0	0	0	0	0	0
bcftools_stats_vqc_Count_Transversions:546	bcftools_stats	1	snv_indel_calling	0	1	0	0	0	0	0	0	0	0	0	0
bcftools_stats_vqc_Count_Transversions:547	bcftools_stats	1	snv_indel_calling	0	1	0	0	0	0	0	0	0	0	0	0
bcftools_stats_vqc_Count_Transversions:548	bcftools_stats	1	snv_indel_calling	0	1	0	0	0	0	0	0	0	0	0	0
bcftools_stats_vqc_Count_Transversions:549	bcftools_stats	1	snv_indel_calling	0	1	0	0	0	0	0	0	0	0	0	0
bcftools_stats_vqc_Count_Transversions:55	bcftools_stats	1	snv_indel_calling	0	1	0	0	0	0	0	0	0	0	0	0
bcftools_stats_vqc_Count_Transversions:550	bcftools_stats	1	snv_indel_calling	0	1	0	0	0	0	0	0	0	0	0	0
bcftools_stats_vqc_Count_Transversions:551	bcftools_stats	1	snv_indel_calling	0	1	0	0	0	0	0	0	0	0	0	0
bcftools_stats_vqc_Count_Transversions:552	bcftools_stats	1	snv_indel_calling	0	1	0	0	0	0	0	0	0	0	0	0
bcftools_stats_vqc_Count_Transversions:553	bcftools_stats	1	snv_indel_calling	0	1	0	0	0	0	0	0	0	0	0	0
bcftools_stats_vqc_Count_Transversions:554	bcftools_stats	1	snv_indel_calling	0	1	0	0	0	0	0	0	0	0	0	0
bcftools_stats_vqc_Count_Transversions:555	bcftools_stats	1	snv_indel_calling	0	1	0	0	0	0	0	0	0	0	0	0
bcftools_stats_vqc_Count_Transversions:556	bcftools_stats	1	snv_indel_calling	0	1	0	0	0	0	0	0	0	0	0	0
bcftools_stats_vqc_Count_Transversions:557	bcftools_stats	1	snv_indel_calling	0	1	0	0	0	0	0	0	0	0	0	0
bcftools_stats_vqc_Count_Transversions:558	bcftools_stats	1	snv_indel_calling	0	1	0	0	0	0	0	0	0	0	0	0
bcftools_stats_vqc_Count_Transversions:559	bcftools_stats	1	snv_indel_calling	0	1	0	0	0	0	0	0	0	0	0	0
bcftools_stats_vqc_Count_Transversions:56	bcftools_stats	1	snv_indel_calling	0	1	0	0	0	0	0	0	0	0	0	0
bcftools_stats_vqc_Count_Transversions:560	bcftools_stats	1	snv_indel_calling	0	1	0	0	0	0	0	0	0	0	0	0
bcftools_stats_vqc_Count_Transversions:561	bcftools_stats	1	snv_indel_calling	0	1	0	0	0	0	0	0	0	0	0	0
bcftools_stats_vqc_Count_Transversions:562	bcftools_stats	1	snv_indel_calling	0	1	0	0	0	0	0	0	0	0	0	0
bcftools_stats_vqc_Count_Transversions:563	bcftools_stats	1	snv_indel_calling	0	1	0	0	0	0	0	0	0	0	0	0
bcftools_stats_vqc_Count_Transversions:564	bcftools_stats	1	snv_indel_calling	0	1	0	0	0	0	0	0	0	0	0	0
bcftools_stats_vqc_Count_Transversions:565	bcftools_stats	1	snv_indel_calling	0	1	0	0	0	0	0	0	0	0	0	0
bcftools_stats_vqc_Count_Transversions:566	bcftools_stats	1	snv_indel_calling	0	1	0	0	0	0	0	0	0	0	0	0
bcftools_stats_vqc_Count_Transversions:567	bcftools_stats	1	snv_indel_calling	0	1	0	0	0	0	0	0	0	0	0	0
bcftools_stats_vqc_Count_Transversions:568	bcftools_stats	1	snv_indel_calling	0	1	0	0	0	0	0	0	0	0	0	0
bcftools_stats_vqc_Count_Transversions:569	bcftools_stats	1	snv_indel_calling	0	1	0	0	0	0	0	0	0	0	0	0
bcftools_stats_vqc_Count_Transversions:57	bcftools_stats	1	snv_indel_calling	0	1	0	0	0	0	0	0	0	0	0	0
bcftools_stats_vqc_Count_Transversions:570	bcftools_stats	1	snv_indel_calling	0	1	0	0	0	0	0	0	0	0	0	0
bcftools_stats_vqc_Count_Transversions:571	bcftools_stats	1	snv_indel_calling	0	1	0	0	0	0	0	0	0	0	0	0
bcftools_stats_vqc_Count_Transversions:572	bcftools_stats	1	snv_indel_calling	0	1	0	0	0	0	0	0	0	0	0	0
bcftools_stats_vqc_Count_Transversions:573	bcftools_stats	1	snv_indel_calling	0	1	0	0	0	0	0	0	0	0	0	0
bcftools_stats_vqc_Count_Transversions:574	bcftools_stats	1	snv_indel_calling	0	1	0	0	0	0	0	0	0	0	0	0
bcftools_stats_vqc_Count_Transversions:575	bcftools_stats	1	snv_indel_calling	0	1	0	0	0	0	0	0	0	0	0	0
bcftools_stats_vqc_Count_Transversions:576	bcftools_stats	1	snv_indel_calling	0	1	0	0	0	0	0	0	0	0	0	0
bcftools_stats_vqc_Count_Transversions:577	bcftools_stats	1	snv_indel_calling	0	1	0	0	0	0	0	0	0	0	0	0
bcftools_stats_vqc_Count_Transversions:578	bcftools_stats	1	snv_indel_calling	0	1	0	0	0	0	0	0	0	0	0	0
bcftools_stats_vqc_Count_Transversions:579	bcftools_stats	1	snv_indel_calling	0	1	0	0	0	0	0	0	0	0	0	0
bcftools_stats_vqc_Count_Transversions:58	bcftools_stats	1	snv_indel_calling	0	1	0	0	0	0	0	0	0	0	0	0
bcftools_stats_vqc_Count_Transversions:580	bcftools_stats	1	snv_indel_calling	0	1	0	0	0	0	0	0	0	0	0	0
bcftools_stats_vqc_Count_Transversions:581	bcftools_stats	1	snv_indel_calling	0	1	0	0	0	0	0	0	0	0	0	0
bcftools_stats_vqc_Count_Transversions:582	bcftools_stats	1	snv_indel_calling	0	1	0	0	0	0	0	0	0	0	0	0
bcftools_stats_vqc_Count_Transversions:583	bcftools_stats	1	snv_indel_calling	0	1	0	0	0	0	0	0	0	0	0	0
bcftools_stats_vqc_Count_Transversions:584	bcftools_stats	1	snv_indel_calling	0	1	0	0	0	0	0	0	0	0	0	0
bcftools_stats_vqc_Count_Transversions:585	bcftools_stats	1	snv_indel_calling	0	1	0	0	0	0	0	0	0	0	0	0
bcftools_stats_vqc_Count_Transversions:586	bcftools_stats	1	snv_indel_calling	0	1	0	0	0	0	0	0	0	0	0	0
bcftools_stats_vqc_Count_Transversions:587	bcftools_stats	1	snv_indel_calling	0	1	0	0	0	0	0	0	0	0	0	0
bcftools_stats_vqc_Count_Transversions:588	bcftools_stats	1	snv_indel_calling	0	1	0	0	0	0	0	0	0	0	0	0
bcftools_stats_vqc_Count_Transversions:589	bcftools_stats	1	snv_indel_calling	0	1	0	0	0	0	0	0	0	0	0	0
bcftools_stats_vqc_Count_Transversions:59	bcftools_stats	1	snv_indel_calling	0	1	0	0	0	0	0	0	0	0	0	0
bcftools_stats_vqc_Count_Transversions:590	bcftools_stats	1	snv_indel_calling	0	1	0	0	0	0	0	0	0	0	0	0
bcftools_stats_vqc_Count_Transversions:591	bcftools_stats	1	snv_indel_calling	0	1	0	0	0	0	0	0	0	0	0	0
bcftools_stats_vqc_Count_Transversions:592	bcftools_stats	1	snv_indel_calling	0	1	0	0	0	0	0	0	0	0	0	0
bcftools_stats_vqc_Count_Transversions:593	bcftools_stats	1	snv_indel_calling	0	1	0	0	0	0	0	0	0	0	0	0
bcftools_stats_vqc_Count_Transversions:594	bcftools_stats	1	snv_indel_calling	0	1	0	0	0	0	0	0	0	0	0	0
bcftools_stats_vqc_Count_Transversions:595	bcftools_stats	1	snv_indel_calling	0	1	0	0	0	0	0	0	0	0	0	0
bcftools_stats_vqc_Count_Transversions:596	bcftools_stats	1	snv_indel_calling	0	1	0	0	0	0	0	0	0	0	0	0
bcftools_stats_vqc_Count_Transversions:597	bcftools_stats	1	snv_indel_calling	0	1	0	0	0	0	0	0	0	0	0	0
bcftools_stats_vqc_Count_Transversions:598	bcftools_stats	1	snv_indel_calling	0	1	0	0	0	0	0	0	0	0	0	0
bcftools_stats_vqc_Count_Transversions:599	bcftools_stats	1	snv_indel_calling	0	1	0	0	0	0	0	0	0	0	0	0
bcftools_stats_vqc_Count_Transversions:6	bcftools_stats	1	snv_indel_calling	0	1	0	0	0	0	0	0	0	0	0	0
bcftools_stats_vqc_Count_Transversions:60	bcftools_stats	1	snv_indel_calling	0	1	0	0	0	0	0	0	0	0	0	0
bcftools_stats_vqc_Count_Transversions:61	bcftools_stats	1	snv_indel_calling	0	1	0	0	0	0	0	0	0	0	0	0
bcftools_stats_vqc_Count_Transversions:62	bcftools_stats	1	snv_indel_calling	0	1	0	0	0	0	0	0	0	0	0	0
bcftools_stats_vqc_Count_Transversions:63	bcftools_stats	1	snv_indel_calling	0	1	0	0	0	0	0	0	0	0	0	0
bcftools_stats_vqc_Count_Transversions:64	bcftools_stats	1	snv_indel_calling	0	1	0	0	0	0	0	0	0	0	0	0
bcftools_stats_vqc_Count_Transversions:65	bcftools_stats	1	snv_indel_calling	0	1	0	0	0	0	0	0	0	0	0	0
bcftools_stats_vqc_Count_Transversions:66	bcftools_stats	1	snv_indel_calling	0	1	0	0	0	0	0	0	0	0	0	0
bcftools_stats_vqc_Count_Transversions:67	bcftools_stats	1	snv_indel_calling	0	1	0	0	0	0	0	0	0	0	0	0
bcftools_stats_vqc_Count_Transversions:68	bcftools_stats	1	snv_indel_calling	0	1	0	0	0	0	0	0	0	0	0	0
bcftools_stats_vqc_Count_Transversions:69	bcftools_stats	1	snv_indel_calling	0	1	0	0	0	0	0	0	0	0	0	0
bcftools_stats_vqc_Count_Transversions:7	bcftools_stats	1	snv_indel_calling	0	1	0	0	0	0	0	0	0	0	0	0
bcftools_stats_vqc_Count_Transversions:70	bcftools_stats	1	snv_indel_calling	0	1	0	0	0	0	0	0	0	0	0	0
bcftools_stats_vqc_Count_Transversions:71	bcftools_stats	1	snv_indel_calling	0	1	0	0	0	0	0	0	0	0	0	0
bcftools_stats_vqc_Count_Transversions:72	bcftools_stats	1	snv_indel_calling	0	1	0	0	0	0	0	0	0	0	0	0
bcftools_stats_vqc_Count_Transversions:73	bcftools_stats	1	snv_indel_calling	0	1	0	0	0	0	0	0	0	0	0	0
bcftools_stats_vqc_Count_Transversions:74	bcftools_stats	1	snv_indel_calling	0	1	0	0	0	0	0	0	0	0	0	0
bcftools_stats_vqc_Count_Transversions:75	bcftools_stats	1	snv_indel_calling	0	1	0	0	0	0	0	0	0	0	0	0
bcftools_stats_vqc_Count_Transversions:76	bcftools_stats	1	snv_indel_calling	0	1	0	0	0	0	0	0	0	0	0	0
bcftools_stats_vqc_Count_Transversions:77	bcftools_stats	1	snv_indel_calling	0	1	0	0	0	0	0	0	0	0	0	0
bcftools_stats_vqc_Count_Transversions:78	bcftools_stats	1	snv_indel_calling	0	1	0	0	0	0	0	0	0	0	0	0
bcftools_stats_vqc_Count_Transversions:79	bcftools_stats	1	snv_indel_calling	0	1	0	0	0	0	0	0	0	0	0	0
bcftools_stats_vqc_Count_Transversions:8	bcftools_stats	1	snv_indel_calling	0	1	0	0	0	0	0	0	0	0	0	0
bcftools_stats_vqc_Count_Transversions:80	bcftools_stats	1	snv_indel_calling	0	1	0	0	0	0	0	0	0	0	0	0
bcftools_stats_vqc_Count_Transversions:81	bcftools_stats	1	snv_indel_calling	0	1	0	0	0	0	0	0	0	0	0	0
bcftools_stats_vqc_Count_Transversions:82	bcftools_stats	1	snv_indel_calling	0	1	0	0	0	0	0	0	0	0	0	0
bcftools_stats_vqc_Count_Transversions:83	bcftools_stats	1	snv_indel_calling	0	1	0	0	0	0	0	0	0	0	0	0
bcftools_stats_vqc_Count_Transversions:84	bcftools_stats	1	snv_indel_calling	0	1	0	0	0	0	0	0	0	0	0	0
bcftools_stats_vqc_Count_Transversions:85	bcftools_stats	1	snv_indel_calling	0	1	0	0	0	0	0	0	0	0	0	0
bcftools_stats_vqc_Count_Transversions:86	bcftools_stats	1	snv_indel_calling	0	1	0	0	0	0	0	0	0	0	0	0
bcftools_stats_vqc_Count_Transversions:87	bcftools_stats	1	snv_indel_calling	0	1	0	0	0	0	0	0	0	0	0	0
bcftools_stats_vqc_Count_Transversions:88	bcftools_stats	1	snv_indel_calling	0	1	0	0	0	0	0	0	0	0	0	0
bcftools_stats_vqc_Count_Transversions:89	bcftools_stats	1	snv_indel_calling	0	1	0	0	0	0	0	0	0	0	0	0
bcftools_stats_vqc_Count_Transversions:9	bcftools_stats	1	snv_indel_calling	0	1	0	0	0	0	0	0	0	0	0	0
bcftools_stats_vqc_Count_Transversions:90	bcftools_stats	1	snv_indel_calling	0	1	0	0	0	0	0	0	0	0	0	0
bcftools_stats_vqc_Count_Transversions:91	bcftools_stats	1	snv_indel_calling	0	1	0	0	0	0	0	0	0	0	0	0
bcftools_stats_vqc_Count_Transversions:92	bcftools_stats	1	snv_indel_calling	0	1	0	0	0	0	0	0	0	0	0	0
bcftools_stats_vqc_Count_Transversions:93	bcftools_stats	1	snv_indel_calling	0	1	0	0	0	0	0	0	0	0	0	0
bcftools_stats_vqc_Count_Transversions:94	bcftools_stats	1	snv_indel_calling	0	1	0	0	0	0	0	0	0	0	0	0
bcftools_stats_vqc_Count_Transversions:95	bcftools_stats	1	snv_indel_calling	0	1	0	0	0	0	0	0	0	0	0	0
bcftools_stats_vqc_Count_Transversions:96	bcftools_stats	1	snv_indel_calling	0	1	0	0	0	0	0	0	0	0	0	0
bcftools_stats_vqc_Count_Transversions:97	bcftools_stats	1	snv_indel_calling	0	1	0	0	0	0	0	0	0	0	0	0
bcftools_stats_vqc_Count_Transversions:98	bcftools_stats	1	snv_indel_calling	0	1	0	0	0	0	0	0	0	0	0	0
bcftools_stats_vqc_Count_Transversions:99	bcftools_stats	1	snv_indel_calling	0	1	0	0	0	0	0	0	0	0	0	0
number_of_MNPs	bcftools_stats	1	snv_indel_calling	0	1	0	0	0	0	0	0	0	0	0	0
number_of_SNPs	bcftools_stats	1	snv_indel_calling	0	1	0	0	0	0	0	0	0	0	0	0
number_of_indels	bcftools_stats	1	snv_indel_calling	0	1	0	0	0	0	0	0	0	0	0	0
number_of_multiallelic_SNP_sites	bcftools_stats	1	snv_indel_calling	0	1	0	0	0	0	0	0	0	0	0	0
number_of_multiallelic_sites	bcftools_stats	1	snv_indel_calling	0	1	0	0	0	0	0	0	0	0	0	0
number_of_no-ALTs	bcftools_stats	1	snv_indel_calling	0	1	0	0	0	0	0	0	0	0	0	0
number_of_others	bcftools_stats	1	snv_indel_calling	0	1	0	0	0	0	0	0	0	0	0	0
number_of_records	bcftools_stats	1	snv_indel_calling	0	1	0	0	0	0	0	0	0	0	0	0
number_of_samples	bcftools_stats	1	snv_indel_calling	0	1	0	0	0	0	0	0	0	0	0	0
substitution_type_A>C	bcftools_stats	1	snv_indel_calling	0	1	0	0	0	0	0	0	0	0	0	0
substitution_type_A>G	bcftools_stats	1	snv_indel_calling	0	1	0	0	0	0	0	0	0	0	0	0
substitution_type_A>T	bcftools_stats	1	snv_indel_calling	0	1	0	0	0	0	0	0	0	0	0	0
substitution_type_C>A	bcftools_stats	1	snv_indel_calling	0	1	0	0	0	0	0	0	0	0	0	0
substitution_type_C>G	bcftools_stats	1	snv_indel_calling	0	1	0	0	0	0	0	0	0	0	0	0
substitution_type_C>T	bcftools_stats	1	snv_indel_calling	0	1	0	0	0	0	0	0	0	0	0	0
substitution_type_G>A	bcftools_stats	1	snv_indel_calling	0	1	0	0	0	0	0	0	0	0	0	0
substitution_type_G>C	bcftools_stats	1	snv_indel_calling	0	1	0	0	0	0	0	0	0	0	0	0
substitution_type_G>T	bcftools_stats	1	snv_indel_calling	0	1	0	0	0	0	0	0	0	0	0	0
substitution_type_T>A	bcftools_stats	1	snv_indel_calling	0	1	0	0	0	0	0	0	0	0	0	0
substitution_type_T>C	bcftools_stats	1	snv_indel_calling	0	1	0	0	0	0	0	0	0	0	0	0
substitution_type_T>G	bcftools_stats	1	snv_indel_calling	0	1	0	0	0	0	0	0	0	0	0	0
ts	bcftools_stats	1	snv_indel_calling	0	1	0	0	0	0	0	0	0	0	0	0
ts_1st_ALT	bcftools_stats	1	snv_indel_calling	0	1	0	0	0	0	0	0	0	0	0	0
tstv	bcftools_stats	1	snv_indel_calling	0	1	0	0	0	0	0	0	0	0	0	0
tstv_1st_ALT	bcftools_stats	1	snv_indel_calling	0	1	0	0	0	0	0	0	0	0	0	0
tv	bcftools_stats	1	snv_indel_calling	0	1	0	0	0	0	0	0	0	0	0	0
tv_1st_ALT	bcftools_stats	1	snv_indel_calling	0	1	0	0	0	0	0	0	0	0	0	0
Aligner	giab_concordance	1	variant_evaluation	0	0	1	0	0	0	0	0	0	0	0	0
AllVarMeanDP	giab_concordance	1	variant_evaluation	0	0	1	0	0	0	0	0	0	0	0	0
AltId	giab_concordance	1	variant_evaluation	0	0	1	0	0	0	0	0	0	0	0	0
CmpFootprint	giab_concordance	1	variant_evaluation	0	0	1	0	0	0	0	0	0	0	0	0
CovBin	giab_concordance	1	variant_evaluation	0	0	1	0	0	0	0	0	0	0	0	0
FDR	giab_concordance	1	variant_evaluation	0	0	1	0	0	0	0	0	0	0	0	0
FN	giab_concordance	1	variant_evaluation	0	0	1	0	0	0	0	0	0	0	0	0
FP	giab_concordance	1	variant_evaluation	0	0	1	0	0	0	0	0	0	0	0	0
Fscore	giab_concordance	1	variant_evaluation	0	0	1	0	0	0	0	0	0	0	0	0
PPV	giab_concordance	1	variant_evaluation	0	0	1	0	0	0	0	0	0	0	0	0
Precision	giab_concordance	1	variant_evaluation	0	0	1	0	0	0	0	0	0	0	0	0
SNPClass	giab_concordance	1	variant_evaluation	0	0	1	0	0	0	0	0	0	0	0	0
SNVCaller	giab_concordance	1	variant_evaluation	0	0	1	0	0	0	0	0	0	0	0	0
Sample	giab_concordance	1	variant_evaluation	0	0	1	0	0	0	0	0	0	0	0	0
Sensitivity-Recall	giab_concordance	1	variant_evaluation	0	0	1	0	0	0	0	0	0	0	0	0
Specificity	giab_concordance	1	variant_evaluation	0	0	1	0	0	0	0	0	0	0	0	0
TN	giab_concordance	1	variant_evaluation	0	0	1	0	0	0	0	0	0	0	0	0
TP	giab_concordance	1	variant_evaluation	0	0	1	0	0	0	0	0	0	0	0	0
TgtRegionSize	giab_concordance	1	variant_evaluation	0	0	1	0	0	0	0	0	0	0	0	0
R0-HG001-D0-0-D0-PCR-FREE-ILMN-NOVASEQ-bwa2a-cram	goleft_indexcov	1	alignment_mapping	0	0	0	1	0	0	0	0	0	0	0	0
R0-HG002-D0-0-D0-PCR-FREE-ILMN-NOVASEQ-bwa2a-cram	goleft_indexcov	1	alignment_mapping	0	0	0	1	0	0	0	0	0	0	0	0
R0-HG003-D0-0-D0-PCR-FREE-ILMN-NOVASEQ-bwa2a-cram	goleft_indexcov	1	alignment_mapping	0	0	0	1	0	0	0	0	0	0	0	0
R0-HG004-D0-0-D0-PCR-FREE-ILMN-NOVASEQ-bwa2a-cram	goleft_indexcov	1	alignment_mapping	0	0	0	1	0	0	0	0	0	0	0	0
R0-HG005-D0-0-D0-PCR-FREE-ILMN-NOVASEQ-bwa2a-cram	goleft_indexcov	1	alignment_mapping	0	0	0	1	0	0	0	0	0	0	0	0
R0-HG006-D0-0-D0-PCR-FREE-ILMN-NOVASEQ-bwa2a-cram	goleft_indexcov	1	alignment_mapping	0	0	0	1	0	0	0	0	0	0	0	0
R0-HG007-D0-0-D0-PCR-FREE-ILMN-NOVASEQ-bwa2a-cram	goleft_indexcov	1	alignment_mapping	0	0	0	1	0	0	0	0	0	0	0	0
goleft_bin:R0-HG001-D0-0-D0-PCR-FREE-ILMN-NOVASEQ-bwa2a-cram	goleft_indexcov	1	alignment_mapping	0	0	0	1	0	0	0	0	0	0	0	0
goleft_bin:R0-HG002-D0-0-D0-PCR-FREE-ILMN-NOVASEQ-bwa2a-cram	goleft_indexcov	1	alignment_mapping	0	0	0	1	0	0	0	0	0	0	0	0
goleft_bin:R0-HG003-D0-0-D0-PCR-FREE-ILMN-NOVASEQ-bwa2a-cram	goleft_indexcov	1	alignment_mapping	0	0	0	1	0	0	0	0	0	0	0	0
goleft_bin:R0-HG004-D0-0-D0-PCR-FREE-ILMN-NOVASEQ-bwa2a-cram	goleft_indexcov	1	alignment_mapping	0	0	0	1	0	0	0	0	0	0	0	0
goleft_bin:R0-HG005-D0-0-D0-PCR-FREE-ILMN-NOVASEQ-bwa2a-cram	goleft_indexcov	1	alignment_mapping	0	0	0	1	0	0	0	0	0	0	0	0
goleft_bin:R0-HG006-D0-0-D0-PCR-FREE-ILMN-NOVASEQ-bwa2a-cram	goleft_indexcov	1	alignment_mapping	0	0	0	1	0	0	0	0	0	0	0	0
goleft_bin:R0-HG007-D0-0-D0-PCR-FREE-ILMN-NOVASEQ-bwa2a-cram	goleft_indexcov	1	alignment_mapping	0	0	0	1	0	0	0	0	0	0	0	0
goleft_indexcov-bin-plot:X	goleft_indexcov	1	alignment_mapping	0	0	0	1	0	0	0	0	0	0	0	0
goleft_indexcov-bin-plot:Y	goleft_indexcov	1	alignment_mapping	0	0	0	1	0	0	0	0	0	0	0	0
goleft_indexcov-roc-plot:0	goleft_indexcov	1	alignment_mapping	0	0	0	1	0	0	0	0	0	0	0	0
goleft_indexcov-roc-plot:1	goleft_indexcov	1	alignment_mapping	0	0	0	1	0	0	0	0	0	0	0	0
goleft_indexcov-roc-plot:10	goleft_indexcov	1	alignment_mapping	0	0	0	1	0	0	0	0	0	0	0	0
goleft_indexcov-roc-plot:11	goleft_indexcov	1	alignment_mapping	0	0	0	1	0	0	0	0	0	0	0	0
goleft_indexcov-roc-plot:12	goleft_indexcov	1	alignment_mapping	0	0	0	1	0	0	0	0	0	0	0	0
goleft_indexcov-roc-plot:13	goleft_indexcov	1	alignment_mapping	0	0	0	1	0	0	0	0	0	0	0	0
goleft_indexcov-roc-plot:14	goleft_indexcov	1	alignment_mapping	0	0	0	1	0	0	0	0	0	0	0	0
goleft_indexcov-roc-plot:15	goleft_indexcov	1	alignment_mapping	0	0	0	1	0	0	0	0	0	0	0	0
goleft_indexcov-roc-plot:16	goleft_indexcov	1	alignment_mapping	0	0	0	1	0	0	0	0	0	0	0	0
goleft_indexcov-roc-plot:17	goleft_indexcov	1	alignment_mapping	0	0	0	1	0	0	0	0	0	0	0	0
goleft_indexcov-roc-plot:18	goleft_indexcov	1	alignment_mapping	0	0	0	1	0	0	0	0	0	0	0	0
goleft_indexcov-roc-plot:19	goleft_indexcov	1	alignment_mapping	0	0	0	1	0	0	0	0	0	0	0	0
goleft_indexcov-roc-plot:2	goleft_indexcov	1	alignment_mapping	0	0	0	1	0	0	0	0	0	0	0	0
goleft_indexcov-roc-plot:20	goleft_indexcov	1	alignment_mapping	0	0	0	1	0	0	0	0	0	0	0	0
goleft_indexcov-roc-plot:21	goleft_indexcov	1	alignment_mapping	0	0	0	1	0	0	0	0	0	0	0	0
goleft_indexcov-roc-plot:22	goleft_indexcov	1	alignment_mapping	0	0	0	1	0	0	0	0	0	0	0	0
goleft_indexcov-roc-plot:23	goleft_indexcov	1	alignment_mapping	0	0	0	1	0	0	0	0	0	0	0	0
goleft_indexcov-roc-plot:24	goleft_indexcov	1	alignment_mapping	0	0	0	1	0	0	0	0	0	0	0	0
goleft_indexcov-roc-plot:25	goleft_indexcov	1	alignment_mapping	0	0	0	1	0	0	0	0	0	0	0	0
goleft_indexcov-roc-plot:26	goleft_indexcov	1	alignment_mapping	0	0	0	1	0	0	0	0	0	0	0	0
goleft_indexcov-roc-plot:27	goleft_indexcov	1	alignment_mapping	0	0	0	1	0	0	0	0	0	0	0	0
goleft_indexcov-roc-plot:28	goleft_indexcov	1	alignment_mapping	0	0	0	1	0	0	0	0	0	0	0	0
goleft_indexcov-roc-plot:29	goleft_indexcov	1	alignment_mapping	0	0	0	1	0	0	0	0	0	0	0	0
goleft_indexcov-roc-plot:3	goleft_indexcov	1	alignment_mapping	0	0	0	1	0	0	0	0	0	0	0	0
goleft_indexcov-roc-plot:30	goleft_indexcov	1	alignment_mapping	0	0	0	1	0	0	0	0	0	0	0	0
goleft_indexcov-roc-plot:31	goleft_indexcov	1	alignment_mapping	0	0	0	1	0	0	0	0	0	0	0	0
goleft_indexcov-roc-plot:32	goleft_indexcov	1	alignment_mapping	0	0	0	1	0	0	0	0	0	0	0	0
goleft_indexcov-roc-plot:33	goleft_indexcov	1	alignment_mapping	0	0	0	1	0	0	0	0	0	0	0	0
goleft_indexcov-roc-plot:34	goleft_indexcov	1	alignment_mapping	0	0	0	1	0	0	0	0	0	0	0	0
goleft_indexcov-roc-plot:35	goleft_indexcov	1	alignment_mapping	0	0	0	1	0	0	0	0	0	0	0	0
goleft_indexcov-roc-plot:36	goleft_indexcov	1	alignment_mapping	0	0	0	1	0	0	0	0	0	0	0	0
goleft_indexcov-roc-plot:37	goleft_indexcov	1	alignment_mapping	0	0	0	1	0	0	0	0	0	0	0	0
goleft_indexcov-roc-plot:38	goleft_indexcov	1	alignment_mapping	0	0	0	1	0	0	0	0	0	0	0	0
goleft_indexcov-roc-plot:39	goleft_indexcov	1	alignment_mapping	0	0	0	1	0	0	0	0	0	0	0	0
goleft_indexcov-roc-plot:4	goleft_indexcov	1	alignment_mapping	0	0	0	1	0	0	0	0	0	0	0	0
goleft_indexcov-roc-plot:40	goleft_indexcov	1	alignment_mapping	0	0	0	1	0	0	0	0	0	0	0	0
goleft_indexcov-roc-plot:41	goleft_indexcov	1	alignment_mapping	0	0	0	1	0	0	0	0	0	0	0	0
goleft_indexcov-roc-plot:42	goleft_indexcov	1	alignment_mapping	0	0	0	1	0	0	0	0	0	0	0	0
goleft_indexcov-roc-plot:43	goleft_indexcov	1	alignment_mapping	0	0	0	1	0	0	0	0	0	0	0	0
goleft_indexcov-roc-plot:44	goleft_indexcov	1	alignment_mapping	0	0	0	1	0	0	0	0	0	0	0	0
goleft_indexcov-roc-plot:45	goleft_indexcov	1	alignment_mapping	0	0	0	1	0	0	0	0	0	0	0	0
goleft_indexcov-roc-plot:46	goleft_indexcov	1	alignment_mapping	0	0	0	1	0	0	0	0	0	0	0	0
goleft_indexcov-roc-plot:47	goleft_indexcov	1	alignment_mapping	0	0	0	1	0	0	0	0	0	0	0	0
goleft_indexcov-roc-plot:48	goleft_indexcov	1	alignment_mapping	0	0	0	1	0	0	0	0	0	0	0	0
goleft_indexcov-roc-plot:49	goleft_indexcov	1	alignment_mapping	0	0	0	1	0	0	0	0	0	0	0	0
goleft_indexcov-roc-plot:5	goleft_indexcov	1	alignment_mapping	0	0	0	1	0	0	0	0	0	0	0	0
goleft_indexcov-roc-plot:50	goleft_indexcov	1	alignment_mapping	0	0	0	1	0	0	0	0	0	0	0	0
goleft_indexcov-roc-plot:51	goleft_indexcov	1	alignment_mapping	0	0	0	1	0	0	0	0	0	0	0	0
goleft_indexcov-roc-plot:52	goleft_indexcov	1	alignment_mapping	0	0	0	1	0	0	0	0	0	0	0	0
goleft_indexcov-roc-plot:53	goleft_indexcov	1	alignment_mapping	0	0	0	1	0	0	0	0	0	0	0	0
goleft_indexcov-roc-plot:54	goleft_indexcov	1	alignment_mapping	0	0	0	1	0	0	0	0	0	0	0	0
goleft_indexcov-roc-plot:55	goleft_indexcov	1	alignment_mapping	0	0	0	1	0	0	0	0	0	0	0	0
goleft_indexcov-roc-plot:56	goleft_indexcov	1	alignment_mapping	0	0	0	1	0	0	0	0	0	0	0	0
goleft_indexcov-roc-plot:57	goleft_indexcov	1	alignment_mapping	0	0	0	1	0	0	0	0	0	0	0	0
goleft_indexcov-roc-plot:58	goleft_indexcov	1	alignment_mapping	0	0	0	1	0	0	0	0	0	0	0	0
goleft_indexcov-roc-plot:59	goleft_indexcov	1	alignment_mapping	0	0	0	1	0	0	0	0	0	0	0	0
goleft_indexcov-roc-plot:6	goleft_indexcov	1	alignment_mapping	0	0	0	1	0	0	0	0	0	0	0	0
goleft_indexcov-roc-plot:60	goleft_indexcov	1	alignment_mapping	0	0	0	1	0	0	0	0	0	0	0	0
goleft_indexcov-roc-plot:61	goleft_indexcov	1	alignment_mapping	0	0	0	1	0	0	0	0	0	0	0	0
goleft_indexcov-roc-plot:62	goleft_indexcov	1	alignment_mapping	0	0	0	1	0	0	0	0	0	0	0	0
goleft_indexcov-roc-plot:63	goleft_indexcov	1	alignment_mapping	0	0	0	1	0	0	0	0	0	0	0	0
goleft_indexcov-roc-plot:64	goleft_indexcov	1	alignment_mapping	0	0	0	1	0	0	0	0	0	0	0	0
goleft_indexcov-roc-plot:65	goleft_indexcov	1	alignment_mapping	0	0	0	1	0	0	0	0	0	0	0	0
goleft_indexcov-roc-plot:66	goleft_indexcov	1	alignment_mapping	0	0	0	1	0	0	0	0	0	0	0	0
goleft_indexcov-roc-plot:67	goleft_indexcov	1	alignment_mapping	0	0	0	1	0	0	0	0	0	0	0	0
goleft_indexcov-roc-plot:68	goleft_indexcov	1	alignment_mapping	0	0	0	1	0	0	0	0	0	0	0	0
goleft_indexcov-roc-plot:69	goleft_indexcov	1	alignment_mapping	0	0	0	1	0	0	0	0	0	0	0	0
goleft_indexcov-roc-plot:7	goleft_indexcov	1	alignment_mapping	0	0	0	1	0	0	0	0	0	0	0	0
goleft_indexcov-roc-plot:8	goleft_indexcov	1	alignment_mapping	0	0	0	1	0	0	0	0	0	0	0	0
goleft_indexcov-roc-plot:9	goleft_indexcov	1	alignment_mapping	0	0	0	1	0	0	0	0	0	0	0	0
goleft_roc:R0-HG001-D0-0-D0-PCR-FREE-ILMN-NOVASEQ-bwa2a-cram	goleft_indexcov	1	alignment_mapping	0	0	0	1	0	0	0	0	0	0	0	0
goleft_roc:R0-HG002-D0-0-D0-PCR-FREE-ILMN-NOVASEQ-bwa2a-cram	goleft_indexcov	1	alignment_mapping	0	0	0	1	0	0	0	0	0	0	0	0
goleft_roc:R0-HG003-D0-0-D0-PCR-FREE-ILMN-NOVASEQ-bwa2a-cram	goleft_indexcov	1	alignment_mapping	0	0	0	1	0	0	0	0	0	0	0	0
goleft_roc:R0-HG004-D0-0-D0-PCR-FREE-ILMN-NOVASEQ-bwa2a-cram	goleft_indexcov	1	alignment_mapping	0	0	0	1	0	0	0	0	0	0	0	0
goleft_roc:R0-HG005-D0-0-D0-PCR-FREE-ILMN-NOVASEQ-bwa2a-cram	goleft_indexcov	1	alignment_mapping	0	0	0	1	0	0	0	0	0	0	0	0
goleft_roc:R0-HG006-D0-0-D0-PCR-FREE-ILMN-NOVASEQ-bwa2a-cram	goleft_indexcov	1	alignment_mapping	0	0	0	1	0	0	0	0	0	0	0	0
goleft_roc:R0-HG007-D0-0-D0-PCR-FREE-ILMN-NOVASEQ-bwa2a-cram	goleft_indexcov	1	alignment_mapping	0	0	0	1	0	0	0	0	0	0	0	0
0	mosdepth	1	alignment_mapping	0	0	0	0	1	0	0	0	0	0	0	0
1	mosdepth	1	alignment_mapping	0	0	0	0	1	0	0	0	0	0	0	0
10	mosdepth	1	alignment_mapping	0	0	0	0	1	0	0	0	0	0	0	0
100	mosdepth	1	alignment_mapping	0	0	0	0	1	0	0	0	0	0	0	0
101	mosdepth	1	alignment_mapping	0	0	0	0	1	0	0	0	0	0	0	0
102	mosdepth	1	alignment_mapping	0	0	0	0	1	0	0	0	0	0	0	0
103	mosdepth	1	alignment_mapping	0	0	0	0	1	0	0	0	0	0	0	0
104	mosdepth	1	alignment_mapping	0	0	0	0	1	0	0	0	0	0	0	0
105	mosdepth	1	alignment_mapping	0	0	0	0	1	0	0	0	0	0	0	0
106	mosdepth	1	alignment_mapping	0	0	0	0	1	0	0	0	0	0	0	0
107	mosdepth	1	alignment_mapping	0	0	0	0	1	0	0	0	0	0	0	0
108	mosdepth	1	alignment_mapping	0	0	0	0	1	0	0	0	0	0	0	0
109	mosdepth	1	alignment_mapping	0	0	0	0	1	0	0	0	0	0	0	0
11	mosdepth	1	alignment_mapping	0	0	0	0	1	0	0	0	0	0	0	0
110	mosdepth	1	alignment_mapping	0	0	0	0	1	0	0	0	0	0	0	0
111	mosdepth	1	alignment_mapping	0	0	0	0	1	0	0	0	0	0	0	0
112	mosdepth	1	alignment_mapping	0	0	0	0	1	0	0	0	0	0	0	0
113	mosdepth	1	alignment_mapping	0	0	0	0	1	0	0	0	0	0	0	0
114	mosdepth	1	alignment_mapping	0	0	0	0	1	0	0	0	0	0	0	0
115	mosdepth	1	alignment_mapping	0	0	0	0	1	0	0	0	0	0	0	0
116	mosdepth	1	alignment_mapping	0	0	0	0	1	0	0	0	0	0	0	0
117	mosdepth	1	alignment_mapping	0	0	0	0	1	0	0	0	0	0	0	0
118	mosdepth	1	alignment_mapping	0	0	0	0	1	0	0	0	0	0	0	0
119	mosdepth	1	alignment_mapping	0	0	0	0	1	0	0	0	0	0	0	0
12	mosdepth	1	alignment_mapping	0	0	0	0	1	0	0	0	0	0	0	0
120	mosdepth	1	alignment_mapping	0	0	0	0	1	0	0	0	0	0	0	0
121	mosdepth	1	alignment_mapping	0	0	0	0	1	0	0	0	0	0	0	0
122	mosdepth	1	alignment_mapping	0	0	0	0	1	0	0	0	0	0	0	0
123	mosdepth	1	alignment_mapping	0	0	0	0	1	0	0	0	0	0	0	0
124	mosdepth	1	alignment_mapping	0	0	0	0	1	0	0	0	0	0	0	0
125	mosdepth	1	alignment_mapping	0	0	0	0	1	0	0	0	0	0	0	0
126	mosdepth	1	alignment_mapping	0	0	0	0	1	0	0	0	0	0	0	0
127	mosdepth	1	alignment_mapping	0	0	0	0	1	0	0	0	0	0	0	0
128	mosdepth	1	alignment_mapping	0	0	0	0	1	0	0	0	0	0	0	0
129	mosdepth	1	alignment_mapping	0	0	0	0	1	0	0	0	0	0	0	0
13	mosdepth	1	alignment_mapping	0	0	0	0	1	0	0	0	0	0	0	0
130	mosdepth	1	alignment_mapping	0	0	0	0	1	0	0	0	0	0	0	0
131	mosdepth	1	alignment_mapping	0	0	0	0	1	0	0	0	0	0	0	0
132	mosdepth	1	alignment_mapping	0	0	0	0	1	0	0	0	0	0	0	0
133	mosdepth	1	alignment_mapping	0	0	0	0	1	0	0	0	0	0	0	0
134	mosdepth	1	alignment_mapping	0	0	0	0	1	0	0	0	0	0	0	0
135	mosdepth	1	alignment_mapping	0	0	0	0	1	0	0	0	0	0	0	0
136	mosdepth	1	alignment_mapping	0	0	0	0	1	0	0	0	0	0	0	0
137	mosdepth	1	alignment_mapping	0	0	0	0	1	0	0	0	0	0	0	0
138	mosdepth	1	alignment_mapping	0	0	0	0	1	0	0	0	0	0	0	0
139	mosdepth	1	alignment_mapping	0	0	0	0	1	0	0	0	0	0	0	0
14	mosdepth	1	alignment_mapping	0	0	0	0	1	0	0	0	0	0	0	0
140	mosdepth	1	alignment_mapping	0	0	0	0	1	0	0	0	0	0	0	0
141	mosdepth	1	alignment_mapping	0	0	0	0	1	0	0	0	0	0	0	0
142	mosdepth	1	alignment_mapping	0	0	0	0	1	0	0	0	0	0	0	0
143	mosdepth	1	alignment_mapping	0	0	0	0	1	0	0	0	0	0	0	0
144	mosdepth	1	alignment_mapping	0	0	0	0	1	0	0	0	0	0	0	0
145	mosdepth	1	alignment_mapping	0	0	0	0	1	0	0	0	0	0	0	0
146	mosdepth	1	alignment_mapping	0	0	0	0	1	0	0	0	0	0	0	0
147	mosdepth	1	alignment_mapping	0	0	0	0	1	0	0	0	0	0	0	0
148	mosdepth	1	alignment_mapping	0	0	0	0	1	0	0	0	0	0	0	0
149	mosdepth	1	alignment_mapping	0	0	0	0	1	0	0	0	0	0	0	0
15	mosdepth	1	alignment_mapping	0	0	0	0	1	0	0	0	0	0	0	0
150	mosdepth	1	alignment_mapping	0	0	0	0	1	0	0	0	0	0	0	0
16	mosdepth	1	alignment_mapping	0	0	0	0	1	0	0	0	0	0	0	0
17	mosdepth	1	alignment_mapping	0	0	0	0	1	0	0	0	0	0	0	0
18	mosdepth	1	alignment_mapping	0	0	0	0	1	0	0	0	0	0	0	0
19	mosdepth	1	alignment_mapping	0	0	0	0	1	0	0	0	0	0	0	0
2	mosdepth	1	alignment_mapping	0	0	0	0	1	0	0	0	0	0	0	0
20	mosdepth	1	alignment_mapping	0	0	0	0	1	0	0	0	0	0	0	0
21	mosdepth	1	alignment_mapping	0	0	0	0	1	0	0	0	0	0	0	0
22	mosdepth	1	alignment_mapping	0	0	0	0	1	0	0	0	0	0	0	0
23	mosdepth	1	alignment_mapping	0	0	0	0	1	0	0	0	0	0	0	0
24	mosdepth	1	alignment_mapping	0	0	0	0	1	0	0	0	0	0	0	0
25	mosdepth	1	alignment_mapping	0	0	0	0	1	0	0	0	0	0	0	0
26	mosdepth	1	alignment_mapping	0	0	0	0	1	0	0	0	0	0	0	0
27	mosdepth	1	alignment_mapping	0	0	0	0	1	0	0	0	0	0	0	0
28	mosdepth	1	alignment_mapping	0	0	0	0	1	0	0	0	0	0	0	0
29	mosdepth	1	alignment_mapping	0	0	0	0	1	0	0	0	0	0	0	0
3	mosdepth	1	alignment_mapping	0	0	0	0	1	0	0	0	0	0	0	0
30	mosdepth	1	alignment_mapping	0	0	0	0	1	0	0	0	0	0	0	0
31	mosdepth	1	alignment_mapping	0	0	0	0	1	0	0	0	0	0	0	0
32	mosdepth	1	alignment_mapping	0	0	0	0	1	0	0	0	0	0	0	0
33	mosdepth	1	alignment_mapping	0	0	0	0	1	0	0	0	0	0	0	0
34	mosdepth	1	alignment_mapping	0	0	0	0	1	0	0	0	0	0	0	0
35	mosdepth	1	alignment_mapping	0	0	0	0	1	0	0	0	0	0	0	0
36	mosdepth	1	alignment_mapping	0	0	0	0	1	0	0	0	0	0	0	0
37	mosdepth	1	alignment_mapping	0	0	0	0	1	0	0	0	0	0	0	0
38	mosdepth	1	alignment_mapping	0	0	0	0	1	0	0	0	0	0	0	0
39	mosdepth	1	alignment_mapping	0	0	0	0	1	0	0	0	0	0	0	0
4	mosdepth	1	alignment_mapping	0	0	0	0	1	0	0	0	0	0	0	0
40	mosdepth	1	alignment_mapping	0	0	0	0	1	0	0	0	0	0	0	0
41	mosdepth	1	alignment_mapping	0	0	0	0	1	0	0	0	0	0	0	0
42	mosdepth	1	alignment_mapping	0	0	0	0	1	0	0	0	0	0	0	0
43	mosdepth	1	alignment_mapping	0	0	0	0	1	0	0	0	0	0	0	0
44	mosdepth	1	alignment_mapping	0	0	0	0	1	0	0	0	0	0	0	0
45	mosdepth	1	alignment_mapping	0	0	0	0	1	0	0	0	0	0	0	0
46	mosdepth	1	alignment_mapping	0	0	0	0	1	0	0	0	0	0	0	0
47	mosdepth	1	alignment_mapping	0	0	0	0	1	0	0	0	0	0	0	0
48	mosdepth	1	alignment_mapping	0	0	0	0	1	0	0	0	0	0	0	0
49	mosdepth	1	alignment_mapping	0	0	0	0	1	0	0	0	0	0	0	0
5	mosdepth	1	alignment_mapping	0	0	0	0	1	0	0	0	0	0	0	0
50	mosdepth	1	alignment_mapping	0	0	0	0	1	0	0	0	0	0	0	0
51	mosdepth	1	alignment_mapping	0	0	0	0	1	0	0	0	0	0	0	0
52	mosdepth	1	alignment_mapping	0	0	0	0	1	0	0	0	0	0	0	0
53	mosdepth	1	alignment_mapping	0	0	0	0	1	0	0	0	0	0	0	0
54	mosdepth	1	alignment_mapping	0	0	0	0	1	0	0	0	0	0	0	0
55	mosdepth	1	alignment_mapping	0	0	0	0	1	0	0	0	0	0	0	0
56	mosdepth	1	alignment_mapping	0	0	0	0	1	0	0	0	0	0	0	0
57	mosdepth	1	alignment_mapping	0	0	0	0	1	0	0	0	0	0	0	0
58	mosdepth	1	alignment_mapping	0	0	0	0	1	0	0	0	0	0	0	0
59	mosdepth	1	alignment_mapping	0	0	0	0	1	0	0	0	0	0	0	0
6	mosdepth	1	alignment_mapping	0	0	0	0	1	0	0	0	0	0	0	0
60	mosdepth	1	alignment_mapping	0	0	0	0	1	0	0	0	0	0	0	0
61	mosdepth	1	alignment_mapping	0	0	0	0	1	0	0	0	0	0	0	0
62	mosdepth	1	alignment_mapping	0	0	0	0	1	0	0	0	0	0	0	0
63	mosdepth	1	alignment_mapping	0	0	0	0	1	0	0	0	0	0	0	0
64	mosdepth	1	alignment_mapping	0	0	0	0	1	0	0	0	0	0	0	0
65	mosdepth	1	alignment_mapping	0	0	0	0	1	0	0	0	0	0	0	0
66	mosdepth	1	alignment_mapping	0	0	0	0	1	0	0	0	0	0	0	0
67	mosdepth	1	alignment_mapping	0	0	0	0	1	0	0	0	0	0	0	0
68	mosdepth	1	alignment_mapping	0	0	0	0	1	0	0	0	0	0	0	0
69	mosdepth	1	alignment_mapping	0	0	0	0	1	0	0	0	0	0	0	0
7	mosdepth	1	alignment_mapping	0	0	0	0	1	0	0	0	0	0	0	0
70	mosdepth	1	alignment_mapping	0	0	0	0	1	0	0	0	0	0	0	0
71	mosdepth	1	alignment_mapping	0	0	0	0	1	0	0	0	0	0	0	0
72	mosdepth	1	alignment_mapping	0	0	0	0	1	0	0	0	0	0	0	0
73	mosdepth	1	alignment_mapping	0	0	0	0	1	0	0	0	0	0	0	0
74	mosdepth	1	alignment_mapping	0	0	0	0	1	0	0	0	0	0	0	0
75	mosdepth	1	alignment_mapping	0	0	0	0	1	0	0	0	0	0	0	0
76	mosdepth	1	alignment_mapping	0	0	0	0	1	0	0	0	0	0	0	0
77	mosdepth	1	alignment_mapping	0	0	0	0	1	0	0	0	0	0	0	0
78	mosdepth	1	alignment_mapping	0	0	0	0	1	0	0	0	0	0	0	0
79	mosdepth	1	alignment_mapping	0	0	0	0	1	0	0	0	0	0	0	0
8	mosdepth	1	alignment_mapping	0	0	0	0	1	0	0	0	0	0	0	0
80	mosdepth	1	alignment_mapping	0	0	0	0	1	0	0	0	0	0	0	0
81	mosdepth	1	alignment_mapping	0	0	0	0	1	0	0	0	0	0	0	0
82	mosdepth	1	alignment_mapping	0	0	0	0	1	0	0	0	0	0	0	0
83	mosdepth	1	alignment_mapping	0	0	0	0	1	0	0	0	0	0	0	0
84	mosdepth	1	alignment_mapping	0	0	0	0	1	0	0	0	0	0	0	0
85	mosdepth	1	alignment_mapping	0	0	0	0	1	0	0	0	0	0	0	0
86	mosdepth	1	alignment_mapping	0	0	0	0	1	0	0	0	0	0	0	0
87	mosdepth	1	alignment_mapping	0	0	0	0	1	0	0	0	0	0	0	0
88	mosdepth	1	alignment_mapping	0	0	0	0	1	0	0	0	0	0	0	0
89	mosdepth	1	alignment_mapping	0	0	0	0	1	0	0	0	0	0	0	0
9	mosdepth	1	alignment_mapping	0	0	0	0	1	0	0	0	0	0	0	0
90	mosdepth	1	alignment_mapping	0	0	0	0	1	0	0	0	0	0	0	0
91	mosdepth	1	alignment_mapping	0	0	0	0	1	0	0	0	0	0	0	0
92	mosdepth	1	alignment_mapping	0	0	0	0	1	0	0	0	0	0	0	0
93	mosdepth	1	alignment_mapping	0	0	0	0	1	0	0	0	0	0	0	0
94	mosdepth	1	alignment_mapping	0	0	0	0	1	0	0	0	0	0	0	0
95	mosdepth	1	alignment_mapping	0	0	0	0	1	0	0	0	0	0	0	0
96	mosdepth	1	alignment_mapping	0	0	0	0	1	0	0	0	0	0	0	0
97	mosdepth	1	alignment_mapping	0	0	0	0	1	0	0	0	0	0	0	0
98	mosdepth	1	alignment_mapping	0	0	0	0	1	0	0	0	0	0	0	0
99	mosdepth	1	alignment_mapping	0	0	0	0	1	0	0	0	0	0	0	0
mosdepth-coverage-per-contig-multi:0	mosdepth	1	alignment_mapping	0	0	0	0	1	0	0	0	0	0	0	0
mosdepth-coverage-per-contig-multi:1	mosdepth	1	alignment_mapping	0	0	0	0	1	0	0	0	0	0	0	0
mosdepth-coverage-per-contig-multi:10	mosdepth	1	alignment_mapping	0	0	0	0	1	0	0	0	0	0	0	0
mosdepth-coverage-per-contig-multi:11	mosdepth	1	alignment_mapping	0	0	0	0	1	0	0	0	0	0	0	0
mosdepth-coverage-per-contig-multi:12	mosdepth	1	alignment_mapping	0	0	0	0	1	0	0	0	0	0	0	0
mosdepth-coverage-per-contig-multi:13	mosdepth	1	alignment_mapping	0	0	0	0	1	0	0	0	0	0	0	0
mosdepth-coverage-per-contig-multi:14	mosdepth	1	alignment_mapping	0	0	0	0	1	0	0	0	0	0	0	0
mosdepth-coverage-per-contig-multi:15	mosdepth	1	alignment_mapping	0	0	0	0	1	0	0	0	0	0	0	0
mosdepth-coverage-per-contig-multi:16	mosdepth	1	alignment_mapping	0	0	0	0	1	0	0	0	0	0	0	0
mosdepth-coverage-per-contig-multi:17	mosdepth	1	alignment_mapping	0	0	0	0	1	0	0	0	0	0	0	0
mosdepth-coverage-per-contig-multi:18	mosdepth	1	alignment_mapping	0	0	0	0	1	0	0	0	0	0	0	0
mosdepth-coverage-per-contig-multi:19	mosdepth	1	alignment_mapping	0	0	0	0	1	0	0	0	0	0	0	0
mosdepth-coverage-per-contig-multi:2	mosdepth	1	alignment_mapping	0	0	0	0	1	0	0	0	0	0	0	0
mosdepth-coverage-per-contig-multi:20	mosdepth	1	alignment_mapping	0	0	0	0	1	0	0	0	0	0	0	0
mosdepth-coverage-per-contig-multi:21	mosdepth	1	alignment_mapping	0	0	0	0	1	0	0	0	0	0	0	0
mosdepth-coverage-per-contig-multi:22	mosdepth	1	alignment_mapping	0	0	0	0	1	0	0	0	0	0	0	0
mosdepth-coverage-per-contig-multi:23	mosdepth	1	alignment_mapping	0	0	0	0	1	0	0	0	0	0	0	0
mosdepth-coverage-per-contig-multi:3	mosdepth	1	alignment_mapping	0	0	0	0	1	0	0	0	0	0	0	0
mosdepth-coverage-per-contig-multi:4	mosdepth	1	alignment_mapping	0	0	0	0	1	0	0	0	0	0	0	0
mosdepth-coverage-per-contig-multi:5	mosdepth	1	alignment_mapping	0	0	0	0	1	0	0	0	0	0	0	0
mosdepth-coverage-per-contig-multi:6	mosdepth	1	alignment_mapping	0	0	0	0	1	0	0	0	0	0	0	0
mosdepth-coverage-per-contig-multi:7	mosdepth	1	alignment_mapping	0	0	0	0	1	0	0	0	0	0	0	0
mosdepth-coverage-per-contig-multi:8	mosdepth	1	alignment_mapping	0	0	0	0	1	0	0	0	0	0	0	0
mosdepth-coverage-per-contig-multi:9	mosdepth	1	alignment_mapping	0	0	0	0	1	0	0	0	0	0	0	0
mosdepth-cumcoverage-dist-id:0	mosdepth	1	alignment_mapping	0	0	0	0	1	0	0	0	0	0	0	0
mosdepth-cumcoverage-dist-id:1	mosdepth	1	alignment_mapping	0	0	0	0	1	0	0	0	0	0	0	0
mosdepth-cumcoverage-dist-id:10	mosdepth	1	alignment_mapping	0	0	0	0	1	0	0	0	0	0	0	0
mosdepth-cumcoverage-dist-id:11	mosdepth	1	alignment_mapping	0	0	0	0	1	0	0	0	0	0	0	0
mosdepth-cumcoverage-dist-id:12	mosdepth	1	alignment_mapping	0	0	0	0	1	0	0	0	0	0	0	0
mosdepth-cumcoverage-dist-id:13	mosdepth	1	alignment_mapping	0	0	0	0	1	0	0	0	0	0	0	0
mosdepth-cumcoverage-dist-id:14	mosdepth	1	alignment_mapping	0	0	0	0	1	0	0	0	0	0	0	0
mosdepth-cumcoverage-dist-id:15	mosdepth	1	alignment_mapping	0	0	0	0	1	0	0	0	0	0	0	0
mosdepth-cumcoverage-dist-id:16	mosdepth	1	alignment_mapping	0	0	0	0	1	0	0	0	0	0	0	0
mosdepth-cumcoverage-dist-id:17	mosdepth	1	alignment_mapping	0	0	0	0	1	0	0	0	0	0	0	0
mosdepth-cumcoverage-dist-id:18	mosdepth	1	alignment_mapping	0	0	0	0	1	0	0	0	0	0	0	0
mosdepth-cumcoverage-dist-id:19	mosdepth	1	alignment_mapping	0	0	0	0	1	0	0	0	0	0	0	0
mosdepth-cumcoverage-dist-id:2	mosdepth	1	alignment_mapping	0	0	0	0	1	0	0	0	0	0	0	0
mosdepth-cumcoverage-dist-id:20	mosdepth	1	alignment_mapping	0	0	0	0	1	0	0	0	0	0	0	0
mosdepth-cumcoverage-dist-id:21	mosdepth	1	alignment_mapping	0	0	0	0	1	0	0	0	0	0	0	0
mosdepth-cumcoverage-dist-id:22	mosdepth	1	alignment_mapping	0	0	0	0	1	0	0	0	0	0	0	0
mosdepth-cumcoverage-dist-id:23	mosdepth	1	alignment_mapping	0	0	0	0	1	0	0	0	0	0	0	0
mosdepth-cumcoverage-dist-id:24	mosdepth	1	alignment_mapping	0	0	0	0	1	0	0	0	0	0	0	0
mosdepth-cumcoverage-dist-id:25	mosdepth	1	alignment_mapping	0	0	0	0	1	0	0	0	0	0	0	0
mosdepth-cumcoverage-dist-id:26	mosdepth	1	alignment_mapping	0	0	0	0	1	0	0	0	0	0	0	0
mosdepth-cumcoverage-dist-id:27	mosdepth	1	alignment_mapping	0	0	0	0	1	0	0	0	0	0	0	0
mosdepth-cumcoverage-dist-id:28	mosdepth	1	alignment_mapping	0	0	0	0	1	0	0	0	0	0	0	0
mosdepth-cumcoverage-dist-id:29	mosdepth	1	alignment_mapping	0	0	0	0	1	0	0	0	0	0	0	0
mosdepth-cumcoverage-dist-id:3	mosdepth	1	alignment_mapping	0	0	0	0	1	0	0	0	0	0	0	0
mosdepth-cumcoverage-dist-id:30	mosdepth	1	alignment_mapping	0	0	0	0	1	0	0	0	0	0	0	0
mosdepth-cumcoverage-dist-id:31	mosdepth	1	alignment_mapping	0	0	0	0	1	0	0	0	0	0	0	0
mosdepth-cumcoverage-dist-id:32	mosdepth	1	alignment_mapping	0	0	0	0	1	0	0	0	0	0	0	0
mosdepth-cumcoverage-dist-id:33	mosdepth	1	alignment_mapping	0	0	0	0	1	0	0	0	0	0	0	0
mosdepth-cumcoverage-dist-id:34	mosdepth	1	alignment_mapping	0	0	0	0	1	0	0	0	0	0	0	0
mosdepth-cumcoverage-dist-id:35	mosdepth	1	alignment_mapping	0	0	0	0	1	0	0	0	0	0	0	0
mosdepth-cumcoverage-dist-id:36	mosdepth	1	alignment_mapping	0	0	0	0	1	0	0	0	0	0	0	0
mosdepth-cumcoverage-dist-id:37	mosdepth	1	alignment_mapping	0	0	0	0	1	0	0	0	0	0	0	0
mosdepth-cumcoverage-dist-id:38	mosdepth	1	alignment_mapping	0	0	0	0	1	0	0	0	0	0	0	0
mosdepth-cumcoverage-dist-id:39	mosdepth	1	alignment_mapping	0	0	0	0	1	0	0	0	0	0	0	0
mosdepth-cumcoverage-dist-id:4	mosdepth	1	alignment_mapping	0	0	0	0	1	0	0	0	0	0	0	0
mosdepth-cumcoverage-dist-id:40	mosdepth	1	alignment_mapping	0	0	0	0	1	0	0	0	0	0	0	0
mosdepth-cumcoverage-dist-id:41	mosdepth	1	alignment_mapping	0	0	0	0	1	0	0	0	0	0	0	0
mosdepth-cumcoverage-dist-id:42	mosdepth	1	alignment_mapping	0	0	0	0	1	0	0	0	0	0	0	0
mosdepth-cumcoverage-dist-id:43	mosdepth	1	alignment_mapping	0	0	0	0	1	0	0	0	0	0	0	0
mosdepth-cumcoverage-dist-id:44	mosdepth	1	alignment_mapping	0	0	0	0	1	0	0	0	0	0	0	0
mosdepth-cumcoverage-dist-id:45	mosdepth	1	alignment_mapping	0	0	0	0	1	0	0	0	0	0	0	0
mosdepth-cumcoverage-dist-id:46	mosdepth	1	alignment_mapping	0	0	0	0	1	0	0	0	0	0	0	0
mosdepth-cumcoverage-dist-id:47	mosdepth	1	alignment_mapping	0	0	0	0	1	0	0	0	0	0	0	0
mosdepth-cumcoverage-dist-id:48	mosdepth	1	alignment_mapping	0	0	0	0	1	0	0	0	0	0	0	0
mosdepth-cumcoverage-dist-id:49	mosdepth	1	alignment_mapping	0	0	0	0	1	0	0	0	0	0	0	0
mosdepth-cumcoverage-dist-id:5	mosdepth	1	alignment_mapping	0	0	0	0	1	0	0	0	0	0	0	0
mosdepth-cumcoverage-dist-id:50	mosdepth	1	alignment_mapping	0	0	0	0	1	0	0	0	0	0	0	0
mosdepth-cumcoverage-dist-id:51	mosdepth	1	alignment_mapping	0	0	0	0	1	0	0	0	0	0	0	0
mosdepth-cumcoverage-dist-id:52	mosdepth	1	alignment_mapping	0	0	0	0	1	0	0	0	0	0	0	0
mosdepth-cumcoverage-dist-id:53	mosdepth	1	alignment_mapping	0	0	0	0	1	0	0	0	0	0	0	0
mosdepth-cumcoverage-dist-id:54	mosdepth	1	alignment_mapping	0	0	0	0	1	0	0	0	0	0	0	0
mosdepth-cumcoverage-dist-id:55	mosdepth	1	alignment_mapping	0	0	0	0	1	0	0	0	0	0	0	0
mosdepth-cumcoverage-dist-id:56	mosdepth	1	alignment_mapping	0	0	0	0	1	0	0	0	0	0	0	0
mosdepth-cumcoverage-dist-id:57	mosdepth	1	alignment_mapping	0	0	0	0	1	0	0	0	0	0	0	0
mosdepth-cumcoverage-dist-id:58	mosdepth	1	alignment_mapping	0	0	0	0	1	0	0	0	0	0	0	0
mosdepth-cumcoverage-dist-id:59	mosdepth	1	alignment_mapping	0	0	0	0	1	0	0	0	0	0	0	0
mosdepth-cumcoverage-dist-id:6	mosdepth	1	alignment_mapping	0	0	0	0	1	0	0	0	0	0	0	0
mosdepth-cumcoverage-dist-id:60	mosdepth	1	alignment_mapping	0	0	0	0	1	0	0	0	0	0	0	0
mosdepth-cumcoverage-dist-id:61	mosdepth	1	alignment_mapping	0	0	0	0	1	0	0	0	0	0	0	0
mosdepth-cumcoverage-dist-id:62	mosdepth	1	alignment_mapping	0	0	0	0	1	0	0	0	0	0	0	0
mosdepth-cumcoverage-dist-id:63	mosdepth	1	alignment_mapping	0	0	0	0	1	0	0	0	0	0	0	0
mosdepth-cumcoverage-dist-id:64	mosdepth	1	alignment_mapping	0	0	0	0	1	0	0	0	0	0	0	0
mosdepth-cumcoverage-dist-id:65	mosdepth	1	alignment_mapping	0	0	0	0	1	0	0	0	0	0	0	0
mosdepth-cumcoverage-dist-id:66	mosdepth	1	alignment_mapping	0	0	0	0	1	0	0	0	0	0	0	0
mosdepth-cumcoverage-dist-id:67	mosdepth	1	alignment_mapping	0	0	0	0	1	0	0	0	0	0	0	0
mosdepth-cumcoverage-dist-id:68	mosdepth	1	alignment_mapping	0	0	0	0	1	0	0	0	0	0	0	0
mosdepth-cumcoverage-dist-id:69	mosdepth	1	alignment_mapping	0	0	0	0	1	0	0	0	0	0	0	0
mosdepth-cumcoverage-dist-id:7	mosdepth	1	alignment_mapping	0	0	0	0	1	0	0	0	0	0	0	0
mosdepth-cumcoverage-dist-id:70	mosdepth	1	alignment_mapping	0	0	0	0	1	0	0	0	0	0	0	0
mosdepth-cumcoverage-dist-id:71	mosdepth	1	alignment_mapping	0	0	0	0	1	0	0	0	0	0	0	0
mosdepth-cumcoverage-dist-id:72	mosdepth	1	alignment_mapping	0	0	0	0	1	0	0	0	0	0	0	0
mosdepth-cumcoverage-dist-id:73	mosdepth	1	alignment_mapping	0	0	0	0	1	0	0	0	0	0	0	0
mosdepth-cumcoverage-dist-id:74	mosdepth	1	alignment_mapping	0	0	0	0	1	0	0	0	0	0	0	0
mosdepth-cumcoverage-dist-id:75	mosdepth	1	alignment_mapping	0	0	0	0	1	0	0	0	0	0	0	0
mosdepth-cumcoverage-dist-id:76	mosdepth	1	alignment_mapping	0	0	0	0	1	0	0	0	0	0	0	0
mosdepth-cumcoverage-dist-id:77	mosdepth	1	alignment_mapping	0	0	0	0	1	0	0	0	0	0	0	0
mosdepth-cumcoverage-dist-id:78	mosdepth	1	alignment_mapping	0	0	0	0	1	0	0	0	0	0	0	0
mosdepth-cumcoverage-dist-id:79	mosdepth	1	alignment_mapping	0	0	0	0	1	0	0	0	0	0	0	0
mosdepth-cumcoverage-dist-id:8	mosdepth	1	alignment_mapping	0	0	0	0	1	0	0	0	0	0	0	0
mosdepth-cumcoverage-dist-id:80	mosdepth	1	alignment_mapping	0	0	0	0	1	0	0	0	0	0	0	0
mosdepth-cumcoverage-dist-id:81	mosdepth	1	alignment_mapping	0	0	0	0	1	0	0	0	0	0	0	0
mosdepth-cumcoverage-dist-id:82	mosdepth	1	alignment_mapping	0	0	0	0	1	0	0	0	0	0	0	0
mosdepth-cumcoverage-dist-id:83	mosdepth	1	alignment_mapping	0	0	0	0	1	0	0	0	0	0	0	0
mosdepth-cumcoverage-dist-id:84	mosdepth	1	alignment_mapping	0	0	0	0	1	0	0	0	0	0	0	0
mosdepth-cumcoverage-dist-id:85	mosdepth	1	alignment_mapping	0	0	0	0	1	0	0	0	0	0	0	0
mosdepth-cumcoverage-dist-id:86	mosdepth	1	alignment_mapping	0	0	0	0	1	0	0	0	0	0	0	0
mosdepth-cumcoverage-dist-id:87	mosdepth	1	alignment_mapping	0	0	0	0	1	0	0	0	0	0	0	0
mosdepth-cumcoverage-dist-id:88	mosdepth	1	alignment_mapping	0	0	0	0	1	0	0	0	0	0	0	0
mosdepth-cumcoverage-dist-id:89	mosdepth	1	alignment_mapping	0	0	0	0	1	0	0	0	0	0	0	0
mosdepth-cumcoverage-dist-id:9	mosdepth	1	alignment_mapping	0	0	0	0	1	0	0	0	0	0	0	0
mosdepth-cumcoverage-dist-id:90	mosdepth	1	alignment_mapping	0	0	0	0	1	0	0	0	0	0	0	0
mosdepth-cumcoverage-dist-id:91	mosdepth	1	alignment_mapping	0	0	0	0	1	0	0	0	0	0	0	0
mosdepth-cumcoverage-dist-id:92	mosdepth	1	alignment_mapping	0	0	0	0	1	0	0	0	0	0	0	0
mosdepth-cumcoverage-dist-id:93	mosdepth	1	alignment_mapping	0	0	0	0	1	0	0	0	0	0	0	0
mosdepth-cumcoverage-dist-id:94	mosdepth	1	alignment_mapping	0	0	0	0	1	0	0	0	0	0	0	0
mosdepth-cumcoverage-dist-id:95	mosdepth	1	alignment_mapping	0	0	0	0	1	0	0	0	0	0	0	0
mosdepth-cumcoverage-dist-id:96	mosdepth	1	alignment_mapping	0	0	0	0	1	0	0	0	0	0	0	0
mosdepth-cumcoverage-dist-id:97	mosdepth	1	alignment_mapping	0	0	0	0	1	0	0	0	0	0	0	0
mosdepth-cumcoverage-dist-id:98	mosdepth	1	alignment_mapping	0	0	0	0	1	0	0	0	0	0	0	0
mosdepth-xy-coverage-plot:Chromosome X	mosdepth	1	alignment_mapping	0	0	0	0	1	0	0	0	0	0	0	0
mosdepth-xy-coverage-plot:Chromosome Y	mosdepth	1	alignment_mapping	0	0	0	0	1	0	0	0	0	0	0	0
mosdepth_cov_dist:0	mosdepth	1	alignment_mapping	0	0	0	0	1	0	0	0	0	0	0	0
mosdepth_cov_dist:1	mosdepth	1	alignment_mapping	0	0	0	0	1	0	0	0	0	0	0	0
mosdepth_cov_dist:10	mosdepth	1	alignment_mapping	0	0	0	0	1	0	0	0	0	0	0	0
mosdepth_cov_dist:100	mosdepth	1	alignment_mapping	0	0	0	0	1	0	0	0	0	0	0	0
mosdepth_cov_dist:101	mosdepth	1	alignment_mapping	0	0	0	0	1	0	0	0	0	0	0	0
mosdepth_cov_dist:102	mosdepth	1	alignment_mapping	0	0	0	0	1	0	0	0	0	0	0	0
mosdepth_cov_dist:103	mosdepth	1	alignment_mapping	0	0	0	0	1	0	0	0	0	0	0	0
mosdepth_cov_dist:104	mosdepth	1	alignment_mapping	0	0	0	0	1	0	0	0	0	0	0	0
mosdepth_cov_dist:105	mosdepth	1	alignment_mapping	0	0	0	0	1	0	0	0	0	0	0	0
mosdepth_cov_dist:106	mosdepth	1	alignment_mapping	0	0	0	0	1	0	0	0	0	0	0	0
mosdepth_cov_dist:107	mosdepth	1	alignment_mapping	0	0	0	0	1	0	0	0	0	0	0	0
mosdepth_cov_dist:108	mosdepth	1	alignment_mapping	0	0	0	0	1	0	0	0	0	0	0	0
mosdepth_cov_dist:109	mosdepth	1	alignment_mapping	0	0	0	0	1	0	0	0	0	0	0	0
mosdepth_cov_dist:11	mosdepth	1	alignment_mapping	0	0	0	0	1	0	0	0	0	0	0	0
mosdepth_cov_dist:110	mosdepth	1	alignment_mapping	0	0	0	0	1	0	0	0	0	0	0	0
mosdepth_cov_dist:111	mosdepth	1	alignment_mapping	0	0	0	0	1	0	0	0	0	0	0	0
mosdepth_cov_dist:112	mosdepth	1	alignment_mapping	0	0	0	0	1	0	0	0	0	0	0	0
mosdepth_cov_dist:113	mosdepth	1	alignment_mapping	0	0	0	0	1	0	0	0	0	0	0	0
mosdepth_cov_dist:114	mosdepth	1	alignment_mapping	0	0	0	0	1	0	0	0	0	0	0	0
mosdepth_cov_dist:115	mosdepth	1	alignment_mapping	0	0	0	0	1	0	0	0	0	0	0	0
mosdepth_cov_dist:116	mosdepth	1	alignment_mapping	0	0	0	0	1	0	0	0	0	0	0	0
mosdepth_cov_dist:117	mosdepth	1	alignment_mapping	0	0	0	0	1	0	0	0	0	0	0	0
mosdepth_cov_dist:118	mosdepth	1	alignment_mapping	0	0	0	0	1	0	0	0	0	0	0	0
mosdepth_cov_dist:119	mosdepth	1	alignment_mapping	0	0	0	0	1	0	0	0	0	0	0	0
mosdepth_cov_dist:12	mosdepth	1	alignment_mapping	0	0	0	0	1	0	0	0	0	0	0	0
mosdepth_cov_dist:120	mosdepth	1	alignment_mapping	0	0	0	0	1	0	0	0	0	0	0	0
mosdepth_cov_dist:121	mosdepth	1	alignment_mapping	0	0	0	0	1	0	0	0	0	0	0	0
mosdepth_cov_dist:122	mosdepth	1	alignment_mapping	0	0	0	0	1	0	0	0	0	0	0	0
mosdepth_cov_dist:123	mosdepth	1	alignment_mapping	0	0	0	0	1	0	0	0	0	0	0	0
mosdepth_cov_dist:124	mosdepth	1	alignment_mapping	0	0	0	0	1	0	0	0	0	0	0	0
mosdepth_cov_dist:125	mosdepth	1	alignment_mapping	0	0	0	0	1	0	0	0	0	0	0	0
mosdepth_cov_dist:126	mosdepth	1	alignment_mapping	0	0	0	0	1	0	0	0	0	0	0	0
mosdepth_cov_dist:127	mosdepth	1	alignment_mapping	0	0	0	0	1	0	0	0	0	0	0	0
mosdepth_cov_dist:128	mosdepth	1	alignment_mapping	0	0	0	0	1	0	0	0	0	0	0	0
mosdepth_cov_dist:129	mosdepth	1	alignment_mapping	0	0	0	0	1	0	0	0	0	0	0	0
mosdepth_cov_dist:13	mosdepth	1	alignment_mapping	0	0	0	0	1	0	0	0	0	0	0	0
mosdepth_cov_dist:130	mosdepth	1	alignment_mapping	0	0	0	0	1	0	0	0	0	0	0	0
mosdepth_cov_dist:131	mosdepth	1	alignment_mapping	0	0	0	0	1	0	0	0	0	0	0	0
mosdepth_cov_dist:132	mosdepth	1	alignment_mapping	0	0	0	0	1	0	0	0	0	0	0	0
mosdepth_cov_dist:133	mosdepth	1	alignment_mapping	0	0	0	0	1	0	0	0	0	0	0	0
mosdepth_cov_dist:134	mosdepth	1	alignment_mapping	0	0	0	0	1	0	0	0	0	0	0	0
mosdepth_cov_dist:135	mosdepth	1	alignment_mapping	0	0	0	0	1	0	0	0	0	0	0	0
mosdepth_cov_dist:136	mosdepth	1	alignment_mapping	0	0	0	0	1	0	0	0	0	0	0	0
mosdepth_cov_dist:137	mosdepth	1	alignment_mapping	0	0	0	0	1	0	0	0	0	0	0	0
mosdepth_cov_dist:138	mosdepth	1	alignment_mapping	0	0	0	0	1	0	0	0	0	0	0	0
mosdepth_cov_dist:139	mosdepth	1	alignment_mapping	0	0	0	0	1	0	0	0	0	0	0	0
mosdepth_cov_dist:14	mosdepth	1	alignment_mapping	0	0	0	0	1	0	0	0	0	0	0	0
mosdepth_cov_dist:140	mosdepth	1	alignment_mapping	0	0	0	0	1	0	0	0	0	0	0	0
mosdepth_cov_dist:141	mosdepth	1	alignment_mapping	0	0	0	0	1	0	0	0	0	0	0	0
mosdepth_cov_dist:142	mosdepth	1	alignment_mapping	0	0	0	0	1	0	0	0	0	0	0	0
mosdepth_cov_dist:143	mosdepth	1	alignment_mapping	0	0	0	0	1	0	0	0	0	0	0	0
mosdepth_cov_dist:144	mosdepth	1	alignment_mapping	0	0	0	0	1	0	0	0	0	0	0	0
mosdepth_cov_dist:145	mosdepth	1	alignment_mapping	0	0	0	0	1	0	0	0	0	0	0	0
mosdepth_cov_dist:146	mosdepth	1	alignment_mapping	0	0	0	0	1	0	0	0	0	0	0	0
mosdepth_cov_dist:147	mosdepth	1	alignment_mapping	0	0	0	0	1	0	0	0	0	0	0	0
mosdepth_cov_dist:148	mosdepth	1	alignment_mapping	0	0	0	0	1	0	0	0	0	0	0	0
mosdepth_cov_dist:149	mosdepth	1	alignment_mapping	0	0	0	0	1	0	0	0	0	0	0	0
mosdepth_cov_dist:15	mosdepth	1	alignment_mapping	0	0	0	0	1	0	0	0	0	0	0	0
mosdepth_cov_dist:150	mosdepth	1	alignment_mapping	0	0	0	0	1	0	0	0	0	0	0	0
mosdepth_cov_dist:16	mosdepth	1	alignment_mapping	0	0	0	0	1	0	0	0	0	0	0	0
mosdepth_cov_dist:17	mosdepth	1	alignment_mapping	0	0	0	0	1	0	0	0	0	0	0	0
mosdepth_cov_dist:18	mosdepth	1	alignment_mapping	0	0	0	0	1	0	0	0	0	0	0	0
mosdepth_cov_dist:19	mosdepth	1	alignment_mapping	0	0	0	0	1	0	0	0	0	0	0	0
mosdepth_cov_dist:2	mosdepth	1	alignment_mapping	0	0	0	0	1	0	0	0	0	0	0	0
mosdepth_cov_dist:20	mosdepth	1	alignment_mapping	0	0	0	0	1	0	0	0	0	0	0	0
mosdepth_cov_dist:21	mosdepth	1	alignment_mapping	0	0	0	0	1	0	0	0	0	0	0	0
mosdepth_cov_dist:22	mosdepth	1	alignment_mapping	0	0	0	0	1	0	0	0	0	0	0	0
mosdepth_cov_dist:23	mosdepth	1	alignment_mapping	0	0	0	0	1	0	0	0	0	0	0	0
mosdepth_cov_dist:24	mosdepth	1	alignment_mapping	0	0	0	0	1	0	0	0	0	0	0	0
mosdepth_cov_dist:25	mosdepth	1	alignment_mapping	0	0	0	0	1	0	0	0	0	0	0	0
mosdepth_cov_dist:26	mosdepth	1	alignment_mapping	0	0	0	0	1	0	0	0	0	0	0	0
mosdepth_cov_dist:27	mosdepth	1	alignment_mapping	0	0	0	0	1	0	0	0	0	0	0	0
mosdepth_cov_dist:28	mosdepth	1	alignment_mapping	0	0	0	0	1	0	0	0	0	0	0	0
mosdepth_cov_dist:29	mosdepth	1	alignment_mapping	0	0	0	0	1	0	0	0	0	0	0	0
mosdepth_cov_dist:3	mosdepth	1	alignment_mapping	0	0	0	0	1	0	0	0	0	0	0	0
mosdepth_cov_dist:30	mosdepth	1	alignment_mapping	0	0	0	0	1	0	0	0	0	0	0	0
mosdepth_cov_dist:31	mosdepth	1	alignment_mapping	0	0	0	0	1	0	0	0	0	0	0	0
mosdepth_cov_dist:32	mosdepth	1	alignment_mapping	0	0	0	0	1	0	0	0	0	0	0	0
mosdepth_cov_dist:33	mosdepth	1	alignment_mapping	0	0	0	0	1	0	0	0	0	0	0	0
mosdepth_cov_dist:34	mosdepth	1	alignment_mapping	0	0	0	0	1	0	0	0	0	0	0	0
mosdepth_cov_dist:35	mosdepth	1	alignment_mapping	0	0	0	0	1	0	0	0	0	0	0	0
mosdepth_cov_dist:36	mosdepth	1	alignment_mapping	0	0	0	0	1	0	0	0	0	0	0	0
mosdepth_cov_dist:37	mosdepth	1	alignment_mapping	0	0	0	0	1	0	0	0	0	0	0	0
mosdepth_cov_dist:38	mosdepth	1	alignment_mapping	0	0	0	0	1	0	0	0	0	0	0	0
mosdepth_cov_dist:39	mosdepth	1	alignment_mapping	0	0	0	0	1	0	0	0	0	0	0	0
mosdepth_cov_dist:4	mosdepth	1	alignment_mapping	0	0	0	0	1	0	0	0	0	0	0	0
mosdepth_cov_dist:40	mosdepth	1	alignment_mapping	0	0	0	0	1	0	0	0	0	0	0	0
mosdepth_cov_dist:41	mosdepth	1	alignment_mapping	0	0	0	0	1	0	0	0	0	0	0	0
mosdepth_cov_dist:42	mosdepth	1	alignment_mapping	0	0	0	0	1	0	0	0	0	0	0	0
mosdepth_cov_dist:43	mosdepth	1	alignment_mapping	0	0	0	0	1	0	0	0	0	0	0	0
mosdepth_cov_dist:44	mosdepth	1	alignment_mapping	0	0	0	0	1	0	0	0	0	0	0	0
mosdepth_cov_dist:45	mosdepth	1	alignment_mapping	0	0	0	0	1	0	0	0	0	0	0	0
mosdepth_cov_dist:46	mosdepth	1	alignment_mapping	0	0	0	0	1	0	0	0	0	0	0	0
mosdepth_cov_dist:47	mosdepth	1	alignment_mapping	0	0	0	0	1	0	0	0	0	0	0	0
mosdepth_cov_dist:48	mosdepth	1	alignment_mapping	0	0	0	0	1	0	0	0	0	0	0	0
mosdepth_cov_dist:49	mosdepth	1	alignment_mapping	0	0	0	0	1	0	0	0	0	0	0	0
mosdepth_cov_dist:5	mosdepth	1	alignment_mapping	0	0	0	0	1	0	0	0	0	0	0	0
mosdepth_cov_dist:50	mosdepth	1	alignment_mapping	0	0	0	0	1	0	0	0	0	0	0	0
mosdepth_cov_dist:51	mosdepth	1	alignment_mapping	0	0	0	0	1	0	0	0	0	0	0	0
mosdepth_cov_dist:52	mosdepth	1	alignment_mapping	0	0	0	0	1	0	0	0	0	0	0	0
mosdepth_cov_dist:53	mosdepth	1	alignment_mapping	0	0	0	0	1	0	0	0	0	0	0	0
mosdepth_cov_dist:54	mosdepth	1	alignment_mapping	0	0	0	0	1	0	0	0	0	0	0	0
mosdepth_cov_dist:55	mosdepth	1	alignment_mapping	0	0	0	0	1	0	0	0	0	0	0	0
mosdepth_cov_dist:56	mosdepth	1	alignment_mapping	0	0	0	0	1	0	0	0	0	0	0	0
mosdepth_cov_dist:57	mosdepth	1	alignment_mapping	0	0	0	0	1	0	0	0	0	0	0	0
mosdepth_cov_dist:58	mosdepth	1	alignment_mapping	0	0	0	0	1	0	0	0	0	0	0	0
mosdepth_cov_dist:59	mosdepth	1	alignment_mapping	0	0	0	0	1	0	0	0	0	0	0	0
mosdepth_cov_dist:6	mosdepth	1	alignment_mapping	0	0	0	0	1	0	0	0	0	0	0	0
mosdepth_cov_dist:60	mosdepth	1	alignment_mapping	0	0	0	0	1	0	0	0	0	0	0	0
mosdepth_cov_dist:61	mosdepth	1	alignment_mapping	0	0	0	0	1	0	0	0	0	0	0	0
mosdepth_cov_dist:62	mosdepth	1	alignment_mapping	0	0	0	0	1	0	0	0	0	0	0	0
mosdepth_cov_dist:63	mosdepth	1	alignment_mapping	0	0	0	0	1	0	0	0	0	0	0	0
mosdepth_cov_dist:64	mosdepth	1	alignment_mapping	0	0	0	0	1	0	0	0	0	0	0	0
mosdepth_cov_dist:65	mosdepth	1	alignment_mapping	0	0	0	0	1	0	0	0	0	0	0	0
mosdepth_cov_dist:66	mosdepth	1	alignment_mapping	0	0	0	0	1	0	0	0	0	0	0	0
mosdepth_cov_dist:67	mosdepth	1	alignment_mapping	0	0	0	0	1	0	0	0	0	0	0	0
mosdepth_cov_dist:68	mosdepth	1	alignment_mapping	0	0	0	0	1	0	0	0	0	0	0	0
mosdepth_cov_dist:69	mosdepth	1	alignment_mapping	0	0	0	0	1	0	0	0	0	0	0	0
mosdepth_cov_dist:7	mosdepth	1	alignment_mapping	0	0	0	0	1	0	0	0	0	0	0	0
mosdepth_cov_dist:70	mosdepth	1	alignment_mapping	0	0	0	0	1	0	0	0	0	0	0	0
mosdepth_cov_dist:71	mosdepth	1	alignment_mapping	0	0	0	0	1	0	0	0	0	0	0	0
mosdepth_cov_dist:72	mosdepth	1	alignment_mapping	0	0	0	0	1	0	0	0	0	0	0	0
mosdepth_cov_dist:73	mosdepth	1	alignment_mapping	0	0	0	0	1	0	0	0	0	0	0	0
mosdepth_cov_dist:74	mosdepth	1	alignment_mapping	0	0	0	0	1	0	0	0	0	0	0	0
mosdepth_cov_dist:75	mosdepth	1	alignment_mapping	0	0	0	0	1	0	0	0	0	0	0	0
mosdepth_cov_dist:76	mosdepth	1	alignment_mapping	0	0	0	0	1	0	0	0	0	0	0	0
mosdepth_cov_dist:77	mosdepth	1	alignment_mapping	0	0	0	0	1	0	0	0	0	0	0	0
mosdepth_cov_dist:78	mosdepth	1	alignment_mapping	0	0	0	0	1	0	0	0	0	0	0	0
mosdepth_cov_dist:79	mosdepth	1	alignment_mapping	0	0	0	0	1	0	0	0	0	0	0	0
mosdepth_cov_dist:8	mosdepth	1	alignment_mapping	0	0	0	0	1	0	0	0	0	0	0	0
mosdepth_cov_dist:80	mosdepth	1	alignment_mapping	0	0	0	0	1	0	0	0	0	0	0	0
mosdepth_cov_dist:81	mosdepth	1	alignment_mapping	0	0	0	0	1	0	0	0	0	0	0	0
mosdepth_cov_dist:82	mosdepth	1	alignment_mapping	0	0	0	0	1	0	0	0	0	0	0	0
mosdepth_cov_dist:83	mosdepth	1	alignment_mapping	0	0	0	0	1	0	0	0	0	0	0	0
mosdepth_cov_dist:84	mosdepth	1	alignment_mapping	0	0	0	0	1	0	0	0	0	0	0	0
mosdepth_cov_dist:85	mosdepth	1	alignment_mapping	0	0	0	0	1	0	0	0	0	0	0	0
mosdepth_cov_dist:86	mosdepth	1	alignment_mapping	0	0	0	0	1	0	0	0	0	0	0	0
mosdepth_cov_dist:87	mosdepth	1	alignment_mapping	0	0	0	0	1	0	0	0	0	0	0	0
mosdepth_cov_dist:88	mosdepth	1	alignment_mapping	0	0	0	0	1	0	0	0	0	0	0	0
mosdepth_cov_dist:89	mosdepth	1	alignment_mapping	0	0	0	0	1	0	0	0	0	0	0	0
mosdepth_cov_dist:9	mosdepth	1	alignment_mapping	0	0	0	0	1	0	0	0	0	0	0	0
mosdepth_cov_dist:90	mosdepth	1	alignment_mapping	0	0	0	0	1	0	0	0	0	0	0	0
mosdepth_cov_dist:91	mosdepth	1	alignment_mapping	0	0	0	0	1	0	0	0	0	0	0	0
mosdepth_cov_dist:92	mosdepth	1	alignment_mapping	0	0	0	0	1	0	0	0	0	0	0	0
mosdepth_cov_dist:93	mosdepth	1	alignment_mapping	0	0	0	0	1	0	0	0	0	0	0	0
mosdepth_cov_dist:94	mosdepth	1	alignment_mapping	0	0	0	0	1	0	0	0	0	0	0	0
mosdepth_cov_dist:95	mosdepth	1	alignment_mapping	0	0	0	0	1	0	0	0	0	0	0	0
mosdepth_cov_dist:96	mosdepth	1	alignment_mapping	0	0	0	0	1	0	0	0	0	0	0	0
mosdepth_cov_dist:97	mosdepth	1	alignment_mapping	0	0	0	0	1	0	0	0	0	0	0	0
mosdepth_cov_dist:98	mosdepth	1	alignment_mapping	0	0	0	0	1	0	0	0	0	0	0	0
mosdepth_cov_dist:99	mosdepth	1	alignment_mapping	0	0	0	0	1	0	0	0	0	0	0	0
mosdepth_cumcov_dist:0	mosdepth	1	alignment_mapping	0	0	0	0	1	0	0	0	0	0	0	0
mosdepth_cumcov_dist:1	mosdepth	1	alignment_mapping	0	0	0	0	1	0	0	0	0	0	0	0
mosdepth_cumcov_dist:10	mosdepth	1	alignment_mapping	0	0	0	0	1	0	0	0	0	0	0	0
mosdepth_cumcov_dist:100	mosdepth	1	alignment_mapping	0	0	0	0	1	0	0	0	0	0	0	0
mosdepth_cumcov_dist:101	mosdepth	1	alignment_mapping	0	0	0	0	1	0	0	0	0	0	0	0
mosdepth_cumcov_dist:102	mosdepth	1	alignment_mapping	0	0	0	0	1	0	0	0	0	0	0	0
mosdepth_cumcov_dist:103	mosdepth	1	alignment_mapping	0	0	0	0	1	0	0	0	0	0	0	0
mosdepth_cumcov_dist:104	mosdepth	1	alignment_mapping	0	0	0	0	1	0	0	0	0	0	0	0
mosdepth_cumcov_dist:105	mosdepth	1	alignment_mapping	0	0	0	0	1	0	0	0	0	0	0	0
mosdepth_cumcov_dist:106	mosdepth	1	alignment_mapping	0	0	0	0	1	0	0	0	0	0	0	0
mosdepth_cumcov_dist:107	mosdepth	1	alignment_mapping	0	0	0	0	1	0	0	0	0	0	0	0
mosdepth_cumcov_dist:108	mosdepth	1	alignment_mapping	0	0	0	0	1	0	0	0	0	0	0	0
mosdepth_cumcov_dist:109	mosdepth	1	alignment_mapping	0	0	0	0	1	0	0	0	0	0	0	0
mosdepth_cumcov_dist:11	mosdepth	1	alignment_mapping	0	0	0	0	1	0	0	0	0	0	0	0
mosdepth_cumcov_dist:110	mosdepth	1	alignment_mapping	0	0	0	0	1	0	0	0	0	0	0	0
mosdepth_cumcov_dist:111	mosdepth	1	alignment_mapping	0	0	0	0	1	0	0	0	0	0	0	0
mosdepth_cumcov_dist:112	mosdepth	1	alignment_mapping	0	0	0	0	1	0	0	0	0	0	0	0
mosdepth_cumcov_dist:113	mosdepth	1	alignment_mapping	0	0	0	0	1	0	0	0	0	0	0	0
mosdepth_cumcov_dist:114	mosdepth	1	alignment_mapping	0	0	0	0	1	0	0	0	0	0	0	0
mosdepth_cumcov_dist:115	mosdepth	1	alignment_mapping	0	0	0	0	1	0	0	0	0	0	0	0
mosdepth_cumcov_dist:116	mosdepth	1	alignment_mapping	0	0	0	0	1	0	0	0	0	0	0	0
mosdepth_cumcov_dist:117	mosdepth	1	alignment_mapping	0	0	0	0	1	0	0	0	0	0	0	0
mosdepth_cumcov_dist:118	mosdepth	1	alignment_mapping	0	0	0	0	1	0	0	0	0	0	0	0
mosdepth_cumcov_dist:119	mosdepth	1	alignment_mapping	0	0	0	0	1	0	0	0	0	0	0	0
mosdepth_cumcov_dist:12	mosdepth	1	alignment_mapping	0	0	0	0	1	0	0	0	0	0	0	0
mosdepth_cumcov_dist:120	mosdepth	1	alignment_mapping	0	0	0	0	1	0	0	0	0	0	0	0
mosdepth_cumcov_dist:121	mosdepth	1	alignment_mapping	0	0	0	0	1	0	0	0	0	0	0	0
mosdepth_cumcov_dist:122	mosdepth	1	alignment_mapping	0	0	0	0	1	0	0	0	0	0	0	0
mosdepth_cumcov_dist:123	mosdepth	1	alignment_mapping	0	0	0	0	1	0	0	0	0	0	0	0
mosdepth_cumcov_dist:124	mosdepth	1	alignment_mapping	0	0	0	0	1	0	0	0	0	0	0	0
mosdepth_cumcov_dist:125	mosdepth	1	alignment_mapping	0	0	0	0	1	0	0	0	0	0	0	0
mosdepth_cumcov_dist:126	mosdepth	1	alignment_mapping	0	0	0	0	1	0	0	0	0	0	0	0
mosdepth_cumcov_dist:127	mosdepth	1	alignment_mapping	0	0	0	0	1	0	0	0	0	0	0	0
mosdepth_cumcov_dist:128	mosdepth	1	alignment_mapping	0	0	0	0	1	0	0	0	0	0	0	0
mosdepth_cumcov_dist:129	mosdepth	1	alignment_mapping	0	0	0	0	1	0	0	0	0	0	0	0
mosdepth_cumcov_dist:13	mosdepth	1	alignment_mapping	0	0	0	0	1	0	0	0	0	0	0	0
mosdepth_cumcov_dist:130	mosdepth	1	alignment_mapping	0	0	0	0	1	0	0	0	0	0	0	0
mosdepth_cumcov_dist:131	mosdepth	1	alignment_mapping	0	0	0	0	1	0	0	0	0	0	0	0
mosdepth_cumcov_dist:132	mosdepth	1	alignment_mapping	0	0	0	0	1	0	0	0	0	0	0	0
mosdepth_cumcov_dist:133	mosdepth	1	alignment_mapping	0	0	0	0	1	0	0	0	0	0	0	0
mosdepth_cumcov_dist:134	mosdepth	1	alignment_mapping	0	0	0	0	1	0	0	0	0	0	0	0
mosdepth_cumcov_dist:135	mosdepth	1	alignment_mapping	0	0	0	0	1	0	0	0	0	0	0	0
mosdepth_cumcov_dist:136	mosdepth	1	alignment_mapping	0	0	0	0	1	0	0	0	0	0	0	0
mosdepth_cumcov_dist:137	mosdepth	1	alignment_mapping	0	0	0	0	1	0	0	0	0	0	0	0
mosdepth_cumcov_dist:138	mosdepth	1	alignment_mapping	0	0	0	0	1	0	0	0	0	0	0	0
mosdepth_cumcov_dist:139	mosdepth	1	alignment_mapping	0	0	0	0	1	0	0	0	0	0	0	0
mosdepth_cumcov_dist:14	mosdepth	1	alignment_mapping	0	0	0	0	1	0	0	0	0	0	0	0
mosdepth_cumcov_dist:140	mosdepth	1	alignment_mapping	0	0	0	0	1	0	0	0	0	0	0	0
mosdepth_cumcov_dist:141	mosdepth	1	alignment_mapping	0	0	0	0	1	0	0	0	0	0	0	0
mosdepth_cumcov_dist:142	mosdepth	1	alignment_mapping	0	0	0	0	1	0	0	0	0	0	0	0
mosdepth_cumcov_dist:143	mosdepth	1	alignment_mapping	0	0	0	0	1	0	0	0	0	0	0	0
mosdepth_cumcov_dist:144	mosdepth	1	alignment_mapping	0	0	0	0	1	0	0	0	0	0	0	0
mosdepth_cumcov_dist:145	mosdepth	1	alignment_mapping	0	0	0	0	1	0	0	0	0	0	0	0
mosdepth_cumcov_dist:146	mosdepth	1	alignment_mapping	0	0	0	0	1	0	0	0	0	0	0	0
mosdepth_cumcov_dist:147	mosdepth	1	alignment_mapping	0	0	0	0	1	0	0	0	0	0	0	0
mosdepth_cumcov_dist:148	mosdepth	1	alignment_mapping	0	0	0	0	1	0	0	0	0	0	0	0
mosdepth_cumcov_dist:149	mosdepth	1	alignment_mapping	0	0	0	0	1	0	0	0	0	0	0	0
mosdepth_cumcov_dist:15	mosdepth	1	alignment_mapping	0	0	0	0	1	0	0	0	0	0	0	0
mosdepth_cumcov_dist:150	mosdepth	1	alignment_mapping	0	0	0	0	1	0	0	0	0	0	0	0
mosdepth_cumcov_dist:16	mosdepth	1	alignment_mapping	0	0	0	0	1	0	0	0	0	0	0	0
mosdepth_cumcov_dist:17	mosdepth	1	alignment_mapping	0	0	0	0	1	0	0	0	0	0	0	0
mosdepth_cumcov_dist:18	mosdepth	1	alignment_mapping	0	0	0	0	1	0	0	0	0	0	0	0
mosdepth_cumcov_dist:19	mosdepth	1	alignment_mapping	0	0	0	0	1	0	0	0	0	0	0	0
mosdepth_cumcov_dist:2	mosdepth	1	alignment_mapping	0	0	0	0	1	0	0	0	0	0	0	0
mosdepth_cumcov_dist:20	mosdepth	1	alignment_mapping	0	0	0	0	1	0	0	0	0	0	0	0
mosdepth_cumcov_dist:21	mosdepth	1	alignment_mapping	0	0	0	0	1	0	0	0	0	0	0	0
mosdepth_cumcov_dist:22	mosdepth	1	alignment_mapping	0	0	0	0	1	0	0	0	0	0	0	0
mosdepth_cumcov_dist:23	mosdepth	1	alignment_mapping	0	0	0	0	1	0	0	0	0	0	0	0
mosdepth_cumcov_dist:24	mosdepth	1	alignment_mapping	0	0	0	0	1	0	0	0	0	0	0	0
mosdepth_cumcov_dist:25	mosdepth	1	alignment_mapping	0	0	0	0	1	0	0	0	0	0	0	0
mosdepth_cumcov_dist:26	mosdepth	1	alignment_mapping	0	0	0	0	1	0	0	0	0	0	0	0
mosdepth_cumcov_dist:27	mosdepth	1	alignment_mapping	0	0	0	0	1	0	0	0	0	0	0	0
mosdepth_cumcov_dist:28	mosdepth	1	alignment_mapping	0	0	0	0	1	0	0	0	0	0	0	0
mosdepth_cumcov_dist:29	mosdepth	1	alignment_mapping	0	0	0	0	1	0	0	0	0	0	0	0
mosdepth_cumcov_dist:3	mosdepth	1	alignment_mapping	0	0	0	0	1	0	0	0	0	0	0	0
mosdepth_cumcov_dist:30	mosdepth	1	alignment_mapping	0	0	0	0	1	0	0	0	0	0	0	0
mosdepth_cumcov_dist:31	mosdepth	1	alignment_mapping	0	0	0	0	1	0	0	0	0	0	0	0
mosdepth_cumcov_dist:32	mosdepth	1	alignment_mapping	0	0	0	0	1	0	0	0	0	0	0	0
mosdepth_cumcov_dist:33	mosdepth	1	alignment_mapping	0	0	0	0	1	0	0	0	0	0	0	0
mosdepth_cumcov_dist:34	mosdepth	1	alignment_mapping	0	0	0	0	1	0	0	0	0	0	0	0
mosdepth_cumcov_dist:35	mosdepth	1	alignment_mapping	0	0	0	0	1	0	0	0	0	0	0	0
mosdepth_cumcov_dist:36	mosdepth	1	alignment_mapping	0	0	0	0	1	0	0	0	0	0	0	0
mosdepth_cumcov_dist:37	mosdepth	1	alignment_mapping	0	0	0	0	1	0	0	0	0	0	0	0
mosdepth_cumcov_dist:38	mosdepth	1	alignment_mapping	0	0	0	0	1	0	0	0	0	0	0	0
mosdepth_cumcov_dist:39	mosdepth	1	alignment_mapping	0	0	0	0	1	0	0	0	0	0	0	0
mosdepth_cumcov_dist:4	mosdepth	1	alignment_mapping	0	0	0	0	1	0	0	0	0	0	0	0
mosdepth_cumcov_dist:40	mosdepth	1	alignment_mapping	0	0	0	0	1	0	0	0	0	0	0	0
mosdepth_cumcov_dist:41	mosdepth	1	alignment_mapping	0	0	0	0	1	0	0	0	0	0	0	0
mosdepth_cumcov_dist:42	mosdepth	1	alignment_mapping	0	0	0	0	1	0	0	0	0	0	0	0
mosdepth_cumcov_dist:43	mosdepth	1	alignment_mapping	0	0	0	0	1	0	0	0	0	0	0	0
mosdepth_cumcov_dist:44	mosdepth	1	alignment_mapping	0	0	0	0	1	0	0	0	0	0	0	0
mosdepth_cumcov_dist:45	mosdepth	1	alignment_mapping	0	0	0	0	1	0	0	0	0	0	0	0
mosdepth_cumcov_dist:46	mosdepth	1	alignment_mapping	0	0	0	0	1	0	0	0	0	0	0	0
mosdepth_cumcov_dist:47	mosdepth	1	alignment_mapping	0	0	0	0	1	0	0	0	0	0	0	0
mosdepth_cumcov_dist:48	mosdepth	1	alignment_mapping	0	0	0	0	1	0	0	0	0	0	0	0
mosdepth_cumcov_dist:49	mosdepth	1	alignment_mapping	0	0	0	0	1	0	0	0	0	0	0	0
mosdepth_cumcov_dist:5	mosdepth	1	alignment_mapping	0	0	0	0	1	0	0	0	0	0	0	0
mosdepth_cumcov_dist:50	mosdepth	1	alignment_mapping	0	0	0	0	1	0	0	0	0	0	0	0
mosdepth_cumcov_dist:51	mosdepth	1	alignment_mapping	0	0	0	0	1	0	0	0	0	0	0	0
mosdepth_cumcov_dist:52	mosdepth	1	alignment_mapping	0	0	0	0	1	0	0	0	0	0	0	0
mosdepth_cumcov_dist:53	mosdepth	1	alignment_mapping	0	0	0	0	1	0	0	0	0	0	0	0
mosdepth_cumcov_dist:54	mosdepth	1	alignment_mapping	0	0	0	0	1	0	0	0	0	0	0	0
mosdepth_cumcov_dist:55	mosdepth	1	alignment_mapping	0	0	0	0	1	0	0	0	0	0	0	0
mosdepth_cumcov_dist:56	mosdepth	1	alignment_mapping	0	0	0	0	1	0	0	0	0	0	0	0
mosdepth_cumcov_dist:57	mosdepth	1	alignment_mapping	0	0	0	0	1	0	0	0	0	0	0	0
mosdepth_cumcov_dist:58	mosdepth	1	alignment_mapping	0	0	0	0	1	0	0	0	0	0	0	0
mosdepth_cumcov_dist:59	mosdepth	1	alignment_mapping	0	0	0	0	1	0	0	0	0	0	0	0
mosdepth_cumcov_dist:6	mosdepth	1	alignment_mapping	0	0	0	0	1	0	0	0	0	0	0	0
mosdepth_cumcov_dist:60	mosdepth	1	alignment_mapping	0	0	0	0	1	0	0	0	0	0	0	0
mosdepth_cumcov_dist:61	mosdepth	1	alignment_mapping	0	0	0	0	1	0	0	0	0	0	0	0
mosdepth_cumcov_dist:62	mosdepth	1	alignment_mapping	0	0	0	0	1	0	0	0	0	0	0	0
mosdepth_cumcov_dist:63	mosdepth	1	alignment_mapping	0	0	0	0	1	0	0	0	0	0	0	0
mosdepth_cumcov_dist:64	mosdepth	1	alignment_mapping	0	0	0	0	1	0	0	0	0	0	0	0
mosdepth_cumcov_dist:65	mosdepth	1	alignment_mapping	0	0	0	0	1	0	0	0	0	0	0	0
mosdepth_cumcov_dist:66	mosdepth	1	alignment_mapping	0	0	0	0	1	0	0	0	0	0	0	0
mosdepth_cumcov_dist:67	mosdepth	1	alignment_mapping	0	0	0	0	1	0	0	0	0	0	0	0
mosdepth_cumcov_dist:68	mosdepth	1	alignment_mapping	0	0	0	0	1	0	0	0	0	0	0	0
mosdepth_cumcov_dist:69	mosdepth	1	alignment_mapping	0	0	0	0	1	0	0	0	0	0	0	0
mosdepth_cumcov_dist:7	mosdepth	1	alignment_mapping	0	0	0	0	1	0	0	0	0	0	0	0
mosdepth_cumcov_dist:70	mosdepth	1	alignment_mapping	0	0	0	0	1	0	0	0	0	0	0	0
mosdepth_cumcov_dist:71	mosdepth	1	alignment_mapping	0	0	0	0	1	0	0	0	0	0	0	0
mosdepth_cumcov_dist:72	mosdepth	1	alignment_mapping	0	0	0	0	1	0	0	0	0	0	0	0
mosdepth_cumcov_dist:73	mosdepth	1	alignment_mapping	0	0	0	0	1	0	0	0	0	0	0	0
mosdepth_cumcov_dist:74	mosdepth	1	alignment_mapping	0	0	0	0	1	0	0	0	0	0	0	0
mosdepth_cumcov_dist:75	mosdepth	1	alignment_mapping	0	0	0	0	1	0	0	0	0	0	0	0
mosdepth_cumcov_dist:76	mosdepth	1	alignment_mapping	0	0	0	0	1	0	0	0	0	0	0	0
mosdepth_cumcov_dist:77	mosdepth	1	alignment_mapping	0	0	0	0	1	0	0	0	0	0	0	0
mosdepth_cumcov_dist:78	mosdepth	1	alignment_mapping	0	0	0	0	1	0	0	0	0	0	0	0
mosdepth_cumcov_dist:79	mosdepth	1	alignment_mapping	0	0	0	0	1	0	0	0	0	0	0	0
mosdepth_cumcov_dist:8	mosdepth	1	alignment_mapping	0	0	0	0	1	0	0	0	0	0	0	0
mosdepth_cumcov_dist:80	mosdepth	1	alignment_mapping	0	0	0	0	1	0	0	0	0	0	0	0
mosdepth_cumcov_dist:81	mosdepth	1	alignment_mapping	0	0	0	0	1	0	0	0	0	0	0	0
mosdepth_cumcov_dist:82	mosdepth	1	alignment_mapping	0	0	0	0	1	0	0	0	0	0	0	0
mosdepth_cumcov_dist:83	mosdepth	1	alignment_mapping	0	0	0	0	1	0	0	0	0	0	0	0
mosdepth_cumcov_dist:84	mosdepth	1	alignment_mapping	0	0	0	0	1	0	0	0	0	0	0	0
mosdepth_cumcov_dist:85	mosdepth	1	alignment_mapping	0	0	0	0	1	0	0	0	0	0	0	0
mosdepth_cumcov_dist:86	mosdepth	1	alignment_mapping	0	0	0	0	1	0	0	0	0	0	0	0
mosdepth_cumcov_dist:87	mosdepth	1	alignment_mapping	0	0	0	0	1	0	0	0	0	0	0	0
mosdepth_cumcov_dist:88	mosdepth	1	alignment_mapping	0	0	0	0	1	0	0	0	0	0	0	0
mosdepth_cumcov_dist:89	mosdepth	1	alignment_mapping	0	0	0	0	1	0	0	0	0	0	0	0
mosdepth_cumcov_dist:9	mosdepth	1	alignment_mapping	0	0	0	0	1	0	0	0	0	0	0	0
mosdepth_cumcov_dist:90	mosdepth	1	alignment_mapping	0	0	0	0	1	0	0	0	0	0	0	0
mosdepth_cumcov_dist:91	mosdepth	1	alignment_mapping	0	0	0	0	1	0	0	0	0	0	0	0
mosdepth_cumcov_dist:92	mosdepth	1	alignment_mapping	0	0	0	0	1	0	0	0	0	0	0	0
mosdepth_cumcov_dist:93	mosdepth	1	alignment_mapping	0	0	0	0	1	0	0	0	0	0	0	0
mosdepth_cumcov_dist:94	mosdepth	1	alignment_mapping	0	0	0	0	1	0	0	0	0	0	0	0
mosdepth_cumcov_dist:95	mosdepth	1	alignment_mapping	0	0	0	0	1	0	0	0	0	0	0	0
mosdepth_cumcov_dist:96	mosdepth	1	alignment_mapping	0	0	0	0	1	0	0	0	0	0	0	0
mosdepth_cumcov_dist:97	mosdepth	1	alignment_mapping	0	0	0	0	1	0	0	0	0	0	0	0
mosdepth_cumcov_dist:98	mosdepth	1	alignment_mapping	0	0	0	0	1	0	0	0	0	0	0	0
mosdepth_cumcov_dist:99	mosdepth	1	alignment_mapping	0	0	0	0	1	0	0	0	0	0	0	0
mosdepth_perchrom:chr1	mosdepth	1	alignment_mapping	0	0	0	0	1	0	0	0	0	0	0	0
mosdepth_perchrom:chr10	mosdepth	1	alignment_mapping	0	0	0	0	1	0	0	0	0	0	0	0
mosdepth_perchrom:chr11	mosdepth	1	alignment_mapping	0	0	0	0	1	0	0	0	0	0	0	0
mosdepth_perchrom:chr12	mosdepth	1	alignment_mapping	0	0	0	0	1	0	0	0	0	0	0	0
mosdepth_perchrom:chr13	mosdepth	1	alignment_mapping	0	0	0	0	1	0	0	0	0	0	0	0
mosdepth_perchrom:chr14	mosdepth	1	alignment_mapping	0	0	0	0	1	0	0	0	0	0	0	0
mosdepth_perchrom:chr15	mosdepth	1	alignment_mapping	0	0	0	0	1	0	0	0	0	0	0	0
mosdepth_perchrom:chr16	mosdepth	1	alignment_mapping	0	0	0	0	1	0	0	0	0	0	0	0
mosdepth_perchrom:chr17	mosdepth	1	alignment_mapping	0	0	0	0	1	0	0	0	0	0	0	0
mosdepth_perchrom:chr18	mosdepth	1	alignment_mapping	0	0	0	0	1	0	0	0	0	0	0	0
mosdepth_perchrom:chr19	mosdepth	1	alignment_mapping	0	0	0	0	1	0	0	0	0	0	0	0
mosdepth_perchrom:chr2	mosdepth	1	alignment_mapping	0	0	0	0	1	0	0	0	0	0	0	0
mosdepth_perchrom:chr20	mosdepth	1	alignment_mapping	0	0	0	0	1	0	0	0	0	0	0	0
mosdepth_perchrom:chr21	mosdepth	1	alignment_mapping	0	0	0	0	1	0	0	0	0	0	0	0
mosdepth_perchrom:chr22	mosdepth	1	alignment_mapping	0	0	0	0	1	0	0	0	0	0	0	0
mosdepth_perchrom:chr3	mosdepth	1	alignment_mapping	0	0	0	0	1	0	0	0	0	0	0	0
mosdepth_perchrom:chr4	mosdepth	1	alignment_mapping	0	0	0	0	1	0	0	0	0	0	0	0
mosdepth_perchrom:chr5	mosdepth	1	alignment_mapping	0	0	0	0	1	0	0	0	0	0	0	0
mosdepth_perchrom:chr6	mosdepth	1	alignment_mapping	0	0	0	0	1	0	0	0	0	0	0	0
mosdepth_perchrom:chr7	mosdepth	1	alignment_mapping	0	0	0	0	1	0	0	0	0	0	0	0
mosdepth_perchrom:chr8	mosdepth	1	alignment_mapping	0	0	0	0	1	0	0	0	0	0	0	0
mosdepth_perchrom:chr9	mosdepth	1	alignment_mapping	0	0	0	0	1	0	0	0	0	0	0	0
mosdepth_perchrom:chrX	mosdepth	1	alignment_mapping	0	0	0	0	1	0	0	0	0	0	0	0
mosdepth_perchrom:chrY	mosdepth	1	alignment_mapping	0	0	0	0	1	0	0	0	0	0	0	0
chr1	mosdepth;samtools_idxstats	2	alignment_mapping	0	0	0	0	1	0	0	0	0	0	1	0
chr10	mosdepth;samtools_idxstats	2	alignment_mapping	0	0	0	0	1	0	0	0	0	0	1	0
chr11	mosdepth;samtools_idxstats	2	alignment_mapping	0	0	0	0	1	0	0	0	0	0	1	0
chr12	mosdepth;samtools_idxstats	2	alignment_mapping	0	0	0	0	1	0	0	0	0	0	1	0
chr13	mosdepth;samtools_idxstats	2	alignment_mapping	0	0	0	0	1	0	0	0	0	0	1	0
chr14	mosdepth;samtools_idxstats	2	alignment_mapping	0	0	0	0	1	0	0	0	0	0	1	0
chr15	mosdepth;samtools_idxstats	2	alignment_mapping	0	0	0	0	1	0	0	0	0	0	1	0
chr16	mosdepth;samtools_idxstats	2	alignment_mapping	0	0	0	0	1	0	0	0	0	0	1	0
chr17	mosdepth;samtools_idxstats	2	alignment_mapping	0	0	0	0	1	0	0	0	0	0	1	0
chr18	mosdepth;samtools_idxstats	2	alignment_mapping	0	0	0	0	1	0	0	0	0	0	1	0
chr19	mosdepth;samtools_idxstats	2	alignment_mapping	0	0	0	0	1	0	0	0	0	0	1	0
chr2	mosdepth;samtools_idxstats	2	alignment_mapping	0	0	0	0	1	0	0	0	0	0	1	0
chr20	mosdepth;samtools_idxstats	2	alignment_mapping	0	0	0	0	1	0	0	0	0	0	1	0
chr21	mosdepth;samtools_idxstats	2	alignment_mapping	0	0	0	0	1	0	0	0	0	0	1	0
chr22	mosdepth;samtools_idxstats	2	alignment_mapping	0	0	0	0	1	0	0	0	0	0	1	0
chr3	mosdepth;samtools_idxstats	2	alignment_mapping	0	0	0	0	1	0	0	0	0	0	1	0
chr4	mosdepth;samtools_idxstats	2	alignment_mapping	0	0	0	0	1	0	0	0	0	0	1	0
chr5	mosdepth;samtools_idxstats	2	alignment_mapping	0	0	0	0	1	0	0	0	0	0	1	0
chr6	mosdepth;samtools_idxstats	2	alignment_mapping	0	0	0	0	1	0	0	0	0	0	1	0
chr7	mosdepth;samtools_idxstats	2	alignment_mapping	0	0	0	0	1	0	0	0	0	0	1	0
chr8	mosdepth;samtools_idxstats	2	alignment_mapping	0	0	0	0	1	0	0	0	0	0	1	0
chr9	mosdepth;samtools_idxstats	2	alignment_mapping	0	0	0	0	1	0	0	0	0	0	1	0
chrX	mosdepth;samtools_idxstats	2	alignment_mapping	0	0	0	0	1	0	0	0	0	0	1	0
chrY	mosdepth;samtools_idxstats	2	alignment_mapping	0	0	0	0	1	0	0	0	0	0	1	0
bcftools_stats-number_of_MNPs	multiqc_general_stats	1	summary	0	0	0	0	0	1	0	0	0	0	0	0
bcftools_stats-number_of_MNPs-1	multiqc_general_stats	1	summary	0	0	0	0	0	1	0	0	0	0	0	0
bcftools_stats-number_of_SNPs	multiqc_general_stats	1	summary	0	0	0	0	0	1	0	0	0	0	0	0
bcftools_stats-number_of_SNPs-1	multiqc_general_stats	1	summary	0	0	0	0	0	1	0	0	0	0	0	0
bcftools_stats-number_of_indels	multiqc_general_stats	1	summary	0	0	0	0	0	1	0	0	0	0	0	0
bcftools_stats-number_of_indels-1	multiqc_general_stats	1	summary	0	0	0	0	0	1	0	0	0	0	0	0
bcftools_stats-number_of_multiallelic_SNP_sites	multiqc_general_stats	1	summary	0	0	0	0	0	1	0	0	0	0	0	0
bcftools_stats-number_of_multiallelic_SNP_sites-1	multiqc_general_stats	1	summary	0	0	0	0	0	1	0	0	0	0	0	0
bcftools_stats-number_of_multiallelic_sites	multiqc_general_stats	1	summary	0	0	0	0	0	1	0	0	0	0	0	0
bcftools_stats-number_of_multiallelic_sites-1	multiqc_general_stats	1	summary	0	0	0	0	0	1	0	0	0	0	0	0
bcftools_stats-number_of_records	multiqc_general_stats	1	summary	0	0	0	0	0	1	0	0	0	0	0	0
bcftools_stats-number_of_records-1	multiqc_general_stats	1	summary	0	0	0	0	0	1	0	0	0	0	0	0
bcftools_stats-tstv	multiqc_general_stats	1	summary	0	0	0	0	0	1	0	0	0	0	0	0
bcftools_stats-tstv-1	multiqc_general_stats	1	summary	0	0	0	0	0	1	0	0	0	0	0	0
custom_content_alignstats_gs-ChimericReadPairPct	multiqc_general_stats	1	summary	0	0	0	0	0	1	0	0	0	0	0	0
custom_content_alignstats_gs-DuplicateReadsPct	multiqc_general_stats	1	summary	0	0	0	0	0	1	0	0	0	0	0	0
custom_content_alignstats_gs-InsertSizeMean	multiqc_general_stats	1	summary	0	0	0	0	0	1	0	0	0	0	0	0
custom_content_alignstats_gs-InsertSizeMedian	multiqc_general_stats	1	summary	0	0	0	0	0	1	0	0	0	0	0	0
custom_content_alignstats_gs-InsertSizeMode	multiqc_general_stats	1	summary	0	0	0	0	0	1	0	0	0	0	0	0
custom_content_alignstats_gs-InsertSizeStandardDeviation	multiqc_general_stats	1	summary	0	0	0	0	0	1	0	0	0	0	0	0
mosdepth-10_x_pc	multiqc_general_stats	1	summary	0	0	0	0	0	1	0	0	0	0	0	0
mosdepth-1_x_pc	multiqc_general_stats	1	summary	0	0	0	0	0	1	0	0	0	0	0	0
mosdepth-30_x_pc	multiqc_general_stats	1	summary	0	0	0	0	0	1	0	0	0	0	0	0
mosdepth-50_x_pc	multiqc_general_stats	1	summary	0	0	0	0	0	1	0	0	0	0	0	0
mosdepth-5_x_pc	multiqc_general_stats	1	summary	0	0	0	0	0	1	0	0	0	0	0	0
mosdepth-coverage_bases	multiqc_general_stats	1	summary	0	0	0	0	0	1	0	0	0	0	0	0
mosdepth-length	multiqc_general_stats	1	summary	0	0	0	0	0	1	0	0	0	0	0	0
mosdepth-max_coverage	multiqc_general_stats	1	summary	0	0	0	0	0	1	0	0	0	0	0	0
mosdepth-mean_coverage	multiqc_general_stats	1	summary	0	0	0	0	0	1	0	0	0	0	0	0
mosdepth-median_coverage	multiqc_general_stats	1	summary	0	0	0	0	0	1	0	0	0	0	0	0
mosdepth-min_coverage	multiqc_general_stats	1	summary	0	0	0	0	0	1	0	0	0	0	0	0
samtools_flagstat-flagstat_total	multiqc_general_stats	1	summary	0	0	0	0	0	1	0	0	0	0	0	0
samtools_flagstat-mapped_passed	multiqc_general_stats	1	summary	0	0	0	0	0	1	0	0	0	0	0	0
samtools_flagstat-mapped_passed_pct	multiqc_general_stats	1	summary	0	0	0	0	0	1	0	0	0	0	0	0
samtools_stats-error_rate	multiqc_general_stats	1	summary	0	0	0	0	0	1	0	0	0	0	0	0
samtools_stats-insert_size_average	multiqc_general_stats	1	summary	0	0	0	0	0	1	0	0	0	0	0	0
samtools_stats-non_primary_alignments	multiqc_general_stats	1	summary	0	0	0	0	0	1	0	0	0	0	0	0
samtools_stats-raw_total_sequences	multiqc_general_stats	1	summary	0	0	0	0	0	1	0	0	0	0	0	0
samtools_stats-reads_MQ0_percent	multiqc_general_stats	1	summary	0	0	0	0	0	1	0	0	0	0	0	0
samtools_stats-reads_mapped	multiqc_general_stats	1	summary	0	0	0	0	0	1	0	0	0	0	0	0
samtools_stats-reads_mapped_percent	multiqc_general_stats	1	summary	0	0	0	0	0	1	0	0	0	0	0	0
samtools_stats-reads_properly_paired_percent	multiqc_general_stats	1	summary	0	0	0	0	0	1	0	0	0	0	0	0
Bcftools	multiqc_metadata	1	metadata	0	0	0	0	0	0	1	0	0	0	0	0
HTSlib	multiqc_metadata	1	metadata	0	0	0	0	0	0	1	0	0	0	0	0
Sample Name	multiqc_metadata	1	metadata	0	0	0	0	0	0	1	0	0	0	0	0
Samtools	multiqc_metadata	1	metadata	0	0	0	0	0	0	1	0	0	0	0	0
Section	multiqc_metadata	1	metadata	0	0	0	0	0	0	1	0	0	0	0	0
Source	multiqc_metadata	1	metadata	0	0	0	0	0	0	1	0	0	0	0	0
citation_1	multiqc_metadata	1	metadata	0	0	0	0	0	0	1	0	0	0	0	0
citation_2	multiqc_metadata	1	metadata	0	0	0	0	0	0	1	0	0	0	0	0
citation_3	multiqc_metadata	1	metadata	0	0	0	0	0	0	1	0	0	0	0	0
citation_4	multiqc_metadata	1	metadata	0	0	0	0	0	0	1	0	0	0	0	0
citation_5	multiqc_metadata	1	metadata	0	0	0	0	0	0	1	0	0	0	0	0
CHRM	normcovevenness	1	alignment_mapping	0	0	0	0	0	0	0	1	0	0	0	0
NCcoefofvar	normcovevenness	1	alignment_mapping	0	0	0	0	0	0	0	1	0	0	0	0
NCmean	normcovevenness	1	alignment_mapping	0	0	0	0	0	0	0	1	0	0	0	0
NCmedian	normcovevenness	1	alignment_mapping	0	0	0	0	0	0	0	1	0	0	0	0
RawCovCoefofvar	normcovevenness	1	alignment_mapping	0	0	0	0	0	0	0	1	0	0	0	0
meanRawCov	normcovevenness	1	alignment_mapping	0	0	0	0	0	0	0	1	0	0	0	0
medianRawCov	normcovevenness	1	alignment_mapping	0	0	0	0	0	0	0	1	0	0	0	0
pctEQ0	normcovevenness	1	alignment_mapping	0	0	0	0	0	0	0	1	0	0	0	0
pctLT10	normcovevenness	1	alignment_mapping	0	0	0	0	0	0	0	1	0	0	0	0
pctLT5	normcovevenness	1	alignment_mapping	0	0	0	0	0	0	0	1	0	0	0	0
stdevNC	normcovevenness	1	alignment_mapping	0	0	0	0	0	0	0	1	0	0	0	0
stdevRawCov	normcovevenness	1	alignment_mapping	0	0	0	0	0	0	0	1	0	0	0	0
cpu_efficiency	rules_benchmark_data	1	pipeline_benchmarking	0	0	0	0	0	0	0	0	1	0	0	0
cpu_time	rules_benchmark_data	1	pipeline_benchmarking	0	0	0	0	0	0	0	0	1	0	0	0
h:m:s	rules_benchmark_data	1	pipeline_benchmarking	0	0	0	0	0	0	0	0	1	0	0	0
hostname	rules_benchmark_data	1	pipeline_benchmarking	0	0	0	0	0	0	0	0	1	0	0	0
instance_type	rules_benchmark_data	1	pipeline_benchmarking	0	0	0	0	0	0	0	0	1	0	0	0
io_in	rules_benchmark_data	1	pipeline_benchmarking	0	0	0	0	0	0	0	0	1	0	0	0
io_out	rules_benchmark_data	1	pipeline_benchmarking	0	0	0	0	0	0	0	0	1	0	0	0
ip	rules_benchmark_data	1	pipeline_benchmarking	0	0	0	0	0	0	0	0	1	0	0	0
max_pss	rules_benchmark_data	1	pipeline_benchmarking	0	0	0	0	0	0	0	0	1	0	0	0
max_rss	rules_benchmark_data	1	pipeline_benchmarking	0	0	0	0	0	0	0	0	1	0	0	0
max_uss	rules_benchmark_data	1	pipeline_benchmarking	0	0	0	0	0	0	0	0	1	0	0	0
max_vms	rules_benchmark_data	1	pipeline_benchmarking	0	0	0	0	0	0	0	0	1	0	0	0
mean_load	rules_benchmark_data	1	pipeline_benchmarking	0	0	0	0	0	0	0	0	1	0	0	0
nproc	rules_benchmark_data	1	pipeline_benchmarking	0	0	0	0	0	0	0	0	1	0	0	0
region_az	rules_benchmark_data	1	pipeline_benchmarking	0	0	0	0	0	0	0	0	1	0	0	0
rule	rules_benchmark_data	1	pipeline_benchmarking	0	0	0	0	0	0	0	0	1	0	0	0
rule_prefix	rules_benchmark_data	1	pipeline_benchmarking	0	0	0	0	0	0	0	0	1	0	0	0
rule_suffix	rules_benchmark_data	1	pipeline_benchmarking	0	0	0	0	0	0	0	0	1	0	0	0
s	rules_benchmark_data	1	pipeline_benchmarking	0	0	0	0	0	0	0	0	1	0	0	0
sample	rules_benchmark_data	1	pipeline_benchmarking	0	0	0	0	0	0	0	0	1	0	0	0
snakemake_threads	rules_benchmark_data	1	pipeline_benchmarking	0	0	0	0	0	0	0	0	1	0	0	0
spot_cost	rules_benchmark_data	1	pipeline_benchmarking	0	0	0	0	0	0	0	0	1	0	0	0
task_cost	rules_benchmark_data	1	pipeline_benchmarking	0	0	0	0	0	0	0	0	1	0	0	0
duplicates_failed	samtools_flagstat	1	alignment_mapping	0	0	0	0	0	0	0	0	0	1	0	0
duplicates_passed	samtools_flagstat	1	alignment_mapping	0	0	0	0	0	0	0	0	0	1	0	0
flagstat_total	samtools_flagstat	1	alignment_mapping	0	0	0	0	0	0	0	0	0	1	0	0
mapped_failed	samtools_flagstat	1	alignment_mapping	0	0	0	0	0	0	0	0	0	1	0	0
mapped_failed_pct	samtools_flagstat	1	alignment_mapping	0	0	0	0	0	0	0	0	0	1	0	0
mapped_passed	samtools_flagstat	1	alignment_mapping	0	0	0	0	0	0	0	0	0	1	0	0
mapped_passed_pct	samtools_flagstat	1	alignment_mapping	0	0	0	0	0	0	0	0	0	1	0	0
paired in sequencing_failed	samtools_flagstat	1	alignment_mapping	0	0	0	0	0	0	0	0	0	1	0	0
paired in sequencing_passed	samtools_flagstat	1	alignment_mapping	0	0	0	0	0	0	0	0	0	1	0	0
properly paired_failed	samtools_flagstat	1	alignment_mapping	0	0	0	0	0	0	0	0	0	1	0	0
properly paired_failed_pct	samtools_flagstat	1	alignment_mapping	0	0	0	0	0	0	0	0	0	1	0	0
properly paired_passed	samtools_flagstat	1	alignment_mapping	0	0	0	0	0	0	0	0	0	1	0	0
properly paired_passed_pct	samtools_flagstat	1	alignment_mapping	0	0	0	0	0	0	0	0	0	1	0	0
read1_failed	samtools_flagstat	1	alignment_mapping	0	0	0	0	0	0	0	0	0	1	0	0
read1_passed	samtools_flagstat	1	alignment_mapping	0	0	0	0	0	0	0	0	0	1	0	0
read2_failed	samtools_flagstat	1	alignment_mapping	0	0	0	0	0	0	0	0	0	1	0	0
read2_passed	samtools_flagstat	1	alignment_mapping	0	0	0	0	0	0	0	0	0	1	0	0
samtools-flagstat-dp_Percentage_of_total:Diff chr (mapQ >= 5)	samtools_flagstat	1	alignment_mapping	0	0	0	0	0	0	0	0	0	1	0	0
samtools-flagstat-dp_Percentage_of_total:Duplicates	samtools_flagstat	1	alignment_mapping	0	0	0	0	0	0	0	0	0	1	0	0
samtools-flagstat-dp_Percentage_of_total:Mapped	samtools_flagstat	1	alignment_mapping	0	0	0	0	0	0	0	0	0	1	0	0
samtools-flagstat-dp_Percentage_of_total:Mate mapped to diff chr	samtools_flagstat	1	alignment_mapping	0	0	0	0	0	0	0	0	0	1	0	0
samtools-flagstat-dp_Percentage_of_total:Paired in Sequencing	samtools_flagstat	1	alignment_mapping	0	0	0	0	0	0	0	0	0	1	0	0
samtools-flagstat-dp_Percentage_of_total:Properly Paired	samtools_flagstat	1	alignment_mapping	0	0	0	0	0	0	0	0	0	1	0	0
samtools-flagstat-dp_Percentage_of_total:Secondary Alignments	samtools_flagstat	1	alignment_mapping	0	0	0	0	0	0	0	0	0	1	0	0
samtools-flagstat-dp_Percentage_of_total:Self and mate mapped	samtools_flagstat	1	alignment_mapping	0	0	0	0	0	0	0	0	0	1	0	0
samtools-flagstat-dp_Percentage_of_total:Singletons	samtools_flagstat	1	alignment_mapping	0	0	0	0	0	0	0	0	0	1	0	0
samtools-flagstat-dp_Percentage_of_total:Total Passed QC	samtools_flagstat	1	alignment_mapping	0	0	0	0	0	0	0	0	0	1	0	0
samtools-flagstat-dp_Percentage_of_total:Total Reads	samtools_flagstat	1	alignment_mapping	0	0	0	0	0	0	0	0	0	1	0	0
samtools-flagstat-dp_Read_counts:Diff chr (mapQ >= 5)	samtools_flagstat	1	alignment_mapping	0	0	0	0	0	0	0	0	0	1	0	0
samtools-flagstat-dp_Read_counts:Duplicates	samtools_flagstat	1	alignment_mapping	0	0	0	0	0	0	0	0	0	1	0	0
samtools-flagstat-dp_Read_counts:Mapped	samtools_flagstat	1	alignment_mapping	0	0	0	0	0	0	0	0	0	1	0	0
samtools-flagstat-dp_Read_counts:Mate mapped to diff chr	samtools_flagstat	1	alignment_mapping	0	0	0	0	0	0	0	0	0	1	0	0
samtools-flagstat-dp_Read_counts:Paired in Sequencing	samtools_flagstat	1	alignment_mapping	0	0	0	0	0	0	0	0	0	1	0	0
samtools-flagstat-dp_Read_counts:Properly Paired	samtools_flagstat	1	alignment_mapping	0	0	0	0	0	0	0	0	0	1	0	0
samtools-flagstat-dp_Read_counts:Secondary Alignments	samtools_flagstat	1	alignment_mapping	0	0	0	0	0	0	0	0	0	1	0	0
samtools-flagstat-dp_Read_counts:Self and mate mapped	samtools_flagstat	1	alignment_mapping	0	0	0	0	0	0	0	0	0	1	0	0
samtools-flagstat-dp_Read_counts:Singletons	samtools_flagstat	1	alignment_mapping	0	0	0	0	0	0	0	0	0	1	0	0
samtools-flagstat-dp_Read_counts:Total Passed QC	samtools_flagstat	1	alignment_mapping	0	0	0	0	0	0	0	0	0	1	0	0
samtools-flagstat-dp_Read_counts:Total Reads	samtools_flagstat	1	alignment_mapping	0	0	0	0	0	0	0	0	0	1	0	0
secondary_failed	samtools_flagstat	1	alignment_mapping	0	0	0	0	0	0	0	0	0	1	0	0
secondary_passed	samtools_flagstat	1	alignment_mapping	0	0	0	0	0	0	0	0	0	1	0	0
singletons_failed	samtools_flagstat	1	alignment_mapping	0	0	0	0	0	0	0	0	0	1	0	0
singletons_failed_pct	samtools_flagstat	1	alignment_mapping	0	0	0	0	0	0	0	0	0	1	0	0
singletons_passed	samtools_flagstat	1	alignment_mapping	0	0	0	0	0	0	0	0	0	1	0	0
singletons_passed_pct	samtools_flagstat	1	alignment_mapping	0	0	0	0	0	0	0	0	0	1	0	0
supplementary_failed	samtools_flagstat	1	alignment_mapping	0	0	0	0	0	0	0	0	0	1	0	0
supplementary_passed	samtools_flagstat	1	alignment_mapping	0	0	0	0	0	0	0	0	0	1	0	0
total_failed	samtools_flagstat	1	alignment_mapping	0	0	0	0	0	0	0	0	0	1	0	0
total_passed	samtools_flagstat	1	alignment_mapping	0	0	0	0	0	0	0	0	0	1	0	0
with itself and mate mapped_failed	samtools_flagstat	1	alignment_mapping	0	0	0	0	0	0	0	0	0	1	0	0
with itself and mate mapped_passed	samtools_flagstat	1	alignment_mapping	0	0	0	0	0	0	0	0	0	1	0	0
with mate mapped to a different chr (mapQ >= 5)_failed	samtools_flagstat	1	alignment_mapping	0	0	0	0	0	0	0	0	0	1	0	0
with mate mapped to a different chr (mapQ >= 5)_passed	samtools_flagstat	1	alignment_mapping	0	0	0	0	0	0	0	0	0	1	0	0
with mate mapped to a different chr_failed	samtools_flagstat	1	alignment_mapping	0	0	0	0	0	0	0	0	0	1	0	0
with mate mapped to a different chr_passed	samtools_flagstat	1	alignment_mapping	0	0	0	0	0	0	0	0	0	1	0	0
*	samtools_idxstats	1	alignment_mapping	0	0	0	0	0	0	0	0	0	0	1	0
chr11_KI270721v1_random	samtools_idxstats	1	alignment_mapping	0	0	0	0	0	0	0	0	0	0	1	0
chr14_GL000009v2_random	samtools_idxstats	1	alignment_mapping	0	0	0	0	0	0	0	0	0	0	1	0
chr14_GL000194v1_random	samtools_idxstats	1	alignment_mapping	0	0	0	0	0	0	0	0	0	0	1	0
chr14_GL000225v1_random	samtools_idxstats	1	alignment_mapping	0	0	0	0	0	0	0	0	0	0	1	0
chr14_KI270722v1_random	samtools_idxstats	1	alignment_mapping	0	0	0	0	0	0	0	0	0	0	1	0
chr14_KI270723v1_random	samtools_idxstats	1	alignment_mapping	0	0	0	0	0	0	0	0	0	0	1	0
chr14_KI270724v1_random	samtools_idxstats	1	alignment_mapping	0	0	0	0	0	0	0	0	0	0	1	0
chr14_KI270725v1_random	samtools_idxstats	1	alignment_mapping	0	0	0	0	0	0	0	0	0	0	1	0
chr14_KI270726v1_random	samtools_idxstats	1	alignment_mapping	0	0	0	0	0	0	0	0	0	0	1	0
chr15_KI270727v1_random	samtools_idxstats	1	alignment_mapping	0	0	0	0	0	0	0	0	0	0	1	0
chr16_KI270728v1_random	samtools_idxstats	1	alignment_mapping	0	0	0	0	0	0	0	0	0	0	1	0
chr17_GL000205v2_random	samtools_idxstats	1	alignment_mapping	0	0	0	0	0	0	0	0	0	0	1	0
chr17_KI270729v1_random	samtools_idxstats	1	alignment_mapping	0	0	0	0	0	0	0	0	0	0	1	0
chr17_KI270730v1_random	samtools_idxstats	1	alignment_mapping	0	0	0	0	0	0	0	0	0	0	1	0
chr1_KI270706v1_random	samtools_idxstats	1	alignment_mapping	0	0	0	0	0	0	0	0	0	0	1	0
chr1_KI270707v1_random	samtools_idxstats	1	alignment_mapping	0	0	0	0	0	0	0	0	0	0	1	0
chr1_KI270708v1_random	samtools_idxstats	1	alignment_mapping	0	0	0	0	0	0	0	0	0	0	1	0
chr1_KI270709v1_random	samtools_idxstats	1	alignment_mapping	0	0	0	0	0	0	0	0	0	0	1	0
chr1_KI270710v1_random	samtools_idxstats	1	alignment_mapping	0	0	0	0	0	0	0	0	0	0	1	0
chr1_KI270711v1_random	samtools_idxstats	1	alignment_mapping	0	0	0	0	0	0	0	0	0	0	1	0
chr1_KI270712v1_random	samtools_idxstats	1	alignment_mapping	0	0	0	0	0	0	0	0	0	0	1	0
chr1_KI270713v1_random	samtools_idxstats	1	alignment_mapping	0	0	0	0	0	0	0	0	0	0	1	0
chr1_KI270714v1_random	samtools_idxstats	1	alignment_mapping	0	0	0	0	0	0	0	0	0	0	1	0
chr22_KI270731v1_random	samtools_idxstats	1	alignment_mapping	0	0	0	0	0	0	0	0	0	0	1	0
chr22_KI270732v1_random	samtools_idxstats	1	alignment_mapping	0	0	0	0	0	0	0	0	0	0	1	0
chr22_KI270733v1_random	samtools_idxstats	1	alignment_mapping	0	0	0	0	0	0	0	0	0	0	1	0
chr22_KI270734v1_random	samtools_idxstats	1	alignment_mapping	0	0	0	0	0	0	0	0	0	0	1	0
chr22_KI270735v1_random	samtools_idxstats	1	alignment_mapping	0	0	0	0	0	0	0	0	0	0	1	0
chr22_KI270736v1_random	samtools_idxstats	1	alignment_mapping	0	0	0	0	0	0	0	0	0	0	1	0
chr22_KI270737v1_random	samtools_idxstats	1	alignment_mapping	0	0	0	0	0	0	0	0	0	0	1	0
chr22_KI270738v1_random	samtools_idxstats	1	alignment_mapping	0	0	0	0	0	0	0	0	0	0	1	0
chr22_KI270739v1_random	samtools_idxstats	1	alignment_mapping	0	0	0	0	0	0	0	0	0	0	1	0
chr2_KI270715v1_random	samtools_idxstats	1	alignment_mapping	0	0	0	0	0	0	0	0	0	0	1	0
chr2_KI270716v1_random	samtools_idxstats	1	alignment_mapping	0	0	0	0	0	0	0	0	0	0	1	0
chr3_GL000221v1_random	samtools_idxstats	1	alignment_mapping	0	0	0	0	0	0	0	0	0	0	1	0
chr4_GL000008v2_random	samtools_idxstats	1	alignment_mapping	0	0	0	0	0	0	0	0	0	0	1	0
chr5_GL000208v1_random	samtools_idxstats	1	alignment_mapping	0	0	0	0	0	0	0	0	0	0	1	0
chr9_KI270717v1_random	samtools_idxstats	1	alignment_mapping	0	0	0	0	0	0	0	0	0	0	1	0
chr9_KI270718v1_random	samtools_idxstats	1	alignment_mapping	0	0	0	0	0	0	0	0	0	0	1	0
chr9_KI270719v1_random	samtools_idxstats	1	alignment_mapping	0	0	0	0	0	0	0	0	0	0	1	0
chr9_KI270720v1_random	samtools_idxstats	1	alignment_mapping	0	0	0	0	0	0	0	0	0	0	1	0
chrEBV	samtools_idxstats	1	alignment_mapping	0	0	0	0	0	0	0	0	0	0	1	0
chrM	samtools_idxstats	1	alignment_mapping	0	0	0	0	0	0	0	0	0	0	1	0
chrUn_GL000195v1	samtools_idxstats	1	alignment_mapping	0	0	0	0	0	0	0	0	0	0	1	0
chrUn_GL000213v1	samtools_idxstats	1	alignment_mapping	0	0	0	0	0	0	0	0	0	0	1	0
chrUn_GL000214v1	samtools_idxstats	1	alignment_mapping	0	0	0	0	0	0	0	0	0	0	1	0
chrUn_GL000216v2	samtools_idxstats	1	alignment_mapping	0	0	0	0	0	0	0	0	0	0	1	0
chrUn_GL000218v1	samtools_idxstats	1	alignment_mapping	0	0	0	0	0	0	0	0	0	0	1	0
chrUn_GL000219v1	samtools_idxstats	1	alignment_mapping	0	0	0	0	0	0	0	0	0	0	1	0
chrUn_GL000220v1	samtools_idxstats	1	alignment_mapping	0	0	0	0	0	0	0	0	0	0	1	0
chrUn_GL000224v1	samtools_idxstats	1	alignment_mapping	0	0	0	0	0	0	0	0	0	0	1	0
chrUn_GL000226v1	samtools_idxstats	1	alignment_mapping	0	0	0	0	0	0	0	0	0	0	1	0
chrUn_KI270302v1	samtools_idxstats	1	alignment_mapping	0	0	0	0	0	0	0	0	0	0	1	0
chrUn_KI270303v1	samtools_idxstats	1	alignment_mapping	0	0	0	0	0	0	0	0	0	0	1	0
chrUn_KI270304v1	samtools_idxstats	1	alignment_mapping	0	0	0	0	0	0	0	0	0	0	1	0
chrUn_KI270305v1	samtools_idxstats	1	alignment_mapping	0	0	0	0	0	0	0	0	0	0	1	0
chrUn_KI270310v1	samtools_idxstats	1	alignment_mapping	0	0	0	0	0	0	0	0	0	0	1	0
chrUn_KI270311v1	samtools_idxstats	1	alignment_mapping	0	0	0	0	0	0	0	0	0	0	1	0
chrUn_KI270312v1	samtools_idxstats	1	alignment_mapping	0	0	0	0	0	0	0	0	0	0	1	0
chrUn_KI270315v1	samtools_idxstats	1	alignment_mapping	0	0	0	0	0	0	0	0	0	0	1	0
chrUn_KI270316v1	samtools_idxstats	1	alignment_mapping	0	0	0	0	0	0	0	0	0	0	1	0
chrUn_KI270317v1	samtools_idxstats	1	alignment_mapping	0	0	0	0	0	0	0	0	0	0	1	0
chrUn_KI270320v1	samtools_idxstats	1	alignment_mapping	0	0	0	0	0	0	0	0	0	0	1	0
chrUn_KI270322v1	samtools_idxstats	1	alignment_mapping	0	0	0	0	0	0	0	0	0	0	1	0
chrUn_KI270329v1	samtools_idxstats	1	alignment_mapping	0	0	0	0	0	0	0	0	0	0	1	0
chrUn_KI270330v1	samtools_idxstats	1	alignment_mapping	0	0	0	0	0	0	0	0	0	0	1	0
chrUn_KI270333v1	samtools_idxstats	1	alignment_mapping	0	0	0	0	0	0	0	0	0	0	1	0
chrUn_KI270334v1	samtools_idxstats	1	alignment_mapping	0	0	0	0	0	0	0	0	0	0	1	0
chrUn_KI270335v1	samtools_idxstats	1	alignment_mapping	0	0	0	0	0	0	0	0	0	0	1	0
chrUn_KI270336v1	samtools_idxstats	1	alignment_mapping	0	0	0	0	0	0	0	0	0	0	1	0
chrUn_KI270337v1	samtools_idxstats	1	alignment_mapping	0	0	0	0	0	0	0	0	0	0	1	0
chrUn_KI270338v1	samtools_idxstats	1	alignment_mapping	0	0	0	0	0	0	0	0	0	0	1	0
chrUn_KI270340v1	samtools_idxstats	1	alignment_mapping	0	0	0	0	0	0	0	0	0	0	1	0
chrUn_KI270362v1	samtools_idxstats	1	alignment_mapping	0	0	0	0	0	0	0	0	0	0	1	0
chrUn_KI270363v1	samtools_idxstats	1	alignment_mapping	0	0	0	0	0	0	0	0	0	0	1	0
chrUn_KI270364v1	samtools_idxstats	1	alignment_mapping	0	0	0	0	0	0	0	0	0	0	1	0
chrUn_KI270366v1	samtools_idxstats	1	alignment_mapping	0	0	0	0	0	0	0	0	0	0	1	0
chrUn_KI270371v1	samtools_idxstats	1	alignment_mapping	0	0	0	0	0	0	0	0	0	0	1	0
chrUn_KI270372v1	samtools_idxstats	1	alignment_mapping	0	0	0	0	0	0	0	0	0	0	1	0
chrUn_KI270373v1	samtools_idxstats	1	alignment_mapping	0	0	0	0	0	0	0	0	0	0	1	0
chrUn_KI270374v1	samtools_idxstats	1	alignment_mapping	0	0	0	0	0	0	0	0	0	0	1	0
chrUn_KI270375v1	samtools_idxstats	1	alignment_mapping	0	0	0	0	0	0	0	0	0	0	1	0
chrUn_KI270376v1	samtools_idxstats	1	alignment_mapping	0	0	0	0	0	0	0	0	0	0	1	0
chrUn_KI270378v1	samtools_idxstats	1	alignment_mapping	0	0	0	0	0	0	0	0	0	0	1	0
chrUn_KI270379v1	samtools_idxstats	1	alignment_mapping	0	0	0	0	0	0	0	0	0	0	1	0
chrUn_KI270381v1	samtools_idxstats	1	alignment_mapping	0	0	0	0	0	0	0	0	0	0	1	0
chrUn_KI270382v1	samtools_idxstats	1	alignment_mapping	0	0	0	0	0	0	0	0	0	0	1	0
chrUn_KI270383v1	samtools_idxstats	1	alignment_mapping	0	0	0	0	0	0	0	0	0	0	1	0
chrUn_KI270384v1	samtools_idxstats	1	alignment_mapping	0	0	0	0	0	0	0	0	0	0	1	0
chrUn_KI270385v1	samtools_idxstats	1	alignment_mapping	0	0	0	0	0	0	0	0	0	0	1	0
chrUn_KI270386v1	samtools_idxstats	1	alignment_mapping	0	0	0	0	0	0	0	0	0	0	1	0
chrUn_KI270387v1	samtools_idxstats	1	alignment_mapping	0	0	0	0	0	0	0	0	0	0	1	0
chrUn_KI270388v1	samtools_idxstats	1	alignment_mapping	0	0	0	0	0	0	0	0	0	0	1	0
chrUn_KI270389v1	samtools_idxstats	1	alignment_mapping	0	0	0	0	0	0	0	0	0	0	1	0
chrUn_KI270390v1	samtools_idxstats	1	alignment_mapping	0	0	0	0	0	0	0	0	0	0	1	0
chrUn_KI270391v1	samtools_idxstats	1	alignment_mapping	0	0	0	0	0	0	0	0	0	0	1	0
chrUn_KI270392v1	samtools_idxstats	1	alignment_mapping	0	0	0	0	0	0	0	0	0	0	1	0
chrUn_KI270393v1	samtools_idxstats	1	alignment_mapping	0	0	0	0	0	0	0	0	0	0	1	0
chrUn_KI270394v1	samtools_idxstats	1	alignment_mapping	0	0	0	0	0	0	0	0	0	0	1	0
chrUn_KI270395v1	samtools_idxstats	1	alignment_mapping	0	0	0	0	0	0	0	0	0	0	1	0
chrUn_KI270396v1	samtools_idxstats	1	alignment_mapping	0	0	0	0	0	0	0	0	0	0	1	0
chrUn_KI270411v1	samtools_idxstats	1	alignment_mapping	0	0	0	0	0	0	0	0	0	0	1	0
chrUn_KI270412v1	samtools_idxstats	1	alignment_mapping	0	0	0	0	0	0	0	0	0	0	1	0
chrUn_KI270414v1	samtools_idxstats	1	alignment_mapping	0	0	0	0	0	0	0	0	0	0	1	0
chrUn_KI270417v1	samtools_idxstats	1	alignment_mapping	0	0	0	0	0	0	0	0	0	0	1	0
chrUn_KI270418v1	samtools_idxstats	1	alignment_mapping	0	0	0	0	0	0	0	0	0	0	1	0
chrUn_KI270419v1	samtools_idxstats	1	alignment_mapping	0	0	0	0	0	0	0	0	0	0	1	0
chrUn_KI270420v1	samtools_idxstats	1	alignment_mapping	0	0	0	0	0	0	0	0	0	0	1	0
chrUn_KI270422v1	samtools_idxstats	1	alignment_mapping	0	0	0	0	0	0	0	0	0	0	1	0
chrUn_KI270423v1	samtools_idxstats	1	alignment_mapping	0	0	0	0	0	0	0	0	0	0	1	0
chrUn_KI270424v1	samtools_idxstats	1	alignment_mapping	0	0	0	0	0	0	0	0	0	0	1	0
chrUn_KI270425v1	samtools_idxstats	1	alignment_mapping	0	0	0	0	0	0	0	0	0	0	1	0
chrUn_KI270429v1	samtools_idxstats	1	alignment_mapping	0	0	0	0	0	0	0	0	0	0	1	0
chrUn_KI270435v1	samtools_idxstats	1	alignment_mapping	0	0	0	0	0	0	0	0	0	0	1	0
chrUn_KI270438v1	samtools_idxstats	1	alignment_mapping	0	0	0	0	0	0	0	0	0	0	1	0
chrUn_KI270442v1	samtools_idxstats	1	alignment_mapping	0	0	0	0	0	0	0	0	0	0	1	0
chrUn_KI270448v1	samtools_idxstats	1	alignment_mapping	0	0	0	0	0	0	0	0	0	0	1	0
chrUn_KI270465v1	samtools_idxstats	1	alignment_mapping	0	0	0	0	0	0	0	0	0	0	1	0
chrUn_KI270466v1	samtools_idxstats	1	alignment_mapping	0	0	0	0	0	0	0	0	0	0	1	0
chrUn_KI270467v1	samtools_idxstats	1	alignment_mapping	0	0	0	0	0	0	0	0	0	0	1	0
chrUn_KI270468v1	samtools_idxstats	1	alignment_mapping	0	0	0	0	0	0	0	0	0	0	1	0
chrUn_KI270507v1	samtools_idxstats	1	alignment_mapping	0	0	0	0	0	0	0	0	0	0	1	0
chrUn_KI270508v1	samtools_idxstats	1	alignment_mapping	0	0	0	0	0	0	0	0	0	0	1	0
chrUn_KI270509v1	samtools_idxstats	1	alignment_mapping	0	0	0	0	0	0	0	0	0	0	1	0
chrUn_KI270510v1	samtools_idxstats	1	alignment_mapping	0	0	0	0	0	0	0	0	0	0	1	0
chrUn_KI270511v1	samtools_idxstats	1	alignment_mapping	0	0	0	0	0	0	0	0	0	0	1	0
chrUn_KI270512v1	samtools_idxstats	1	alignment_mapping	0	0	0	0	0	0	0	0	0	0	1	0
chrUn_KI270515v1	samtools_idxstats	1	alignment_mapping	0	0	0	0	0	0	0	0	0	0	1	0
chrUn_KI270516v1	samtools_idxstats	1	alignment_mapping	0	0	0	0	0	0	0	0	0	0	1	0
chrUn_KI270517v1	samtools_idxstats	1	alignment_mapping	0	0	0	0	0	0	0	0	0	0	1	0
chrUn_KI270518v1	samtools_idxstats	1	alignment_mapping	0	0	0	0	0	0	0	0	0	0	1	0
chrUn_KI270519v1	samtools_idxstats	1	alignment_mapping	0	0	0	0	0	0	0	0	0	0	1	0
chrUn_KI270521v1	samtools_idxstats	1	alignment_mapping	0	0	0	0	0	0	0	0	0	0	1	0
chrUn_KI270522v1	samtools_idxstats	1	alignment_mapping	0	0	0	0	0	0	0	0	0	0	1	0
chrUn_KI270528v1	samtools_idxstats	1	alignment_mapping	0	0	0	0	0	0	0	0	0	0	1	0
chrUn_KI270529v1	samtools_idxstats	1	alignment_mapping	0	0	0	0	0	0	0	0	0	0	1	0
chrUn_KI270530v1	samtools_idxstats	1	alignment_mapping	0	0	0	0	0	0	0	0	0	0	1	0
chrUn_KI270538v1	samtools_idxstats	1	alignment_mapping	0	0	0	0	0	0	0	0	0	0	1	0
chrUn_KI270539v1	samtools_idxstats	1	alignment_mapping	0	0	0	0	0	0	0	0	0	0	1	0
chrUn_KI270544v1	samtools_idxstats	1	alignment_mapping	0	0	0	0	0	0	0	0	0	0	1	0
chrUn_KI270548v1	samtools_idxstats	1	alignment_mapping	0	0	0	0	0	0	0	0	0	0	1	0
chrUn_KI270579v1	samtools_idxstats	1	alignment_mapping	0	0	0	0	0	0	0	0	0	0	1	0
chrUn_KI270580v1	samtools_idxstats	1	alignment_mapping	0	0	0	0	0	0	0	0	0	0	1	0
chrUn_KI270581v1	samtools_idxstats	1	alignment_mapping	0	0	0	0	0	0	0	0	0	0	1	0
chrUn_KI270582v1	samtools_idxstats	1	alignment_mapping	0	0	0	0	0	0	0	0	0	0	1	0
chrUn_KI270583v1	samtools_idxstats	1	alignment_mapping	0	0	0	0	0	0	0	0	0	0	1	0
chrUn_KI270584v1	samtools_idxstats	1	alignment_mapping	0	0	0	0	0	0	0	0	0	0	1	0
chrUn_KI270587v1	samtools_idxstats	1	alignment_mapping	0	0	0	0	0	0	0	0	0	0	1	0
chrUn_KI270588v1	samtools_idxstats	1	alignment_mapping	0	0	0	0	0	0	0	0	0	0	1	0
chrUn_KI270589v1	samtools_idxstats	1	alignment_mapping	0	0	0	0	0	0	0	0	0	0	1	0
chrUn_KI270590v1	samtools_idxstats	1	alignment_mapping	0	0	0	0	0	0	0	0	0	0	1	0
chrUn_KI270591v1	samtools_idxstats	1	alignment_mapping	0	0	0	0	0	0	0	0	0	0	1	0
chrUn_KI270593v1	samtools_idxstats	1	alignment_mapping	0	0	0	0	0	0	0	0	0	0	1	0
chrUn_KI270741v1	samtools_idxstats	1	alignment_mapping	0	0	0	0	0	0	0	0	0	0	1	0
chrUn_KI270742v1	samtools_idxstats	1	alignment_mapping	0	0	0	0	0	0	0	0	0	0	1	0
chrUn_KI270743v1	samtools_idxstats	1	alignment_mapping	0	0	0	0	0	0	0	0	0	0	1	0
chrUn_KI270744v1	samtools_idxstats	1	alignment_mapping	0	0	0	0	0	0	0	0	0	0	1	0
chrUn_KI270745v1	samtools_idxstats	1	alignment_mapping	0	0	0	0	0	0	0	0	0	0	1	0
chrUn_KI270746v1	samtools_idxstats	1	alignment_mapping	0	0	0	0	0	0	0	0	0	0	1	0
chrUn_KI270747v1	samtools_idxstats	1	alignment_mapping	0	0	0	0	0	0	0	0	0	0	1	0
chrUn_KI270748v1	samtools_idxstats	1	alignment_mapping	0	0	0	0	0	0	0	0	0	0	1	0
chrUn_KI270749v1	samtools_idxstats	1	alignment_mapping	0	0	0	0	0	0	0	0	0	0	1	0
chrUn_KI270750v1	samtools_idxstats	1	alignment_mapping	0	0	0	0	0	0	0	0	0	0	1	0
chrUn_KI270751v1	samtools_idxstats	1	alignment_mapping	0	0	0	0	0	0	0	0	0	0	1	0
chrUn_KI270752v1	samtools_idxstats	1	alignment_mapping	0	0	0	0	0	0	0	0	0	0	1	0
chrUn_KI270753v1	samtools_idxstats	1	alignment_mapping	0	0	0	0	0	0	0	0	0	0	1	0
chrUn_KI270754v1	samtools_idxstats	1	alignment_mapping	0	0	0	0	0	0	0	0	0	0	1	0
chrUn_KI270755v1	samtools_idxstats	1	alignment_mapping	0	0	0	0	0	0	0	0	0	0	1	0
chrUn_KI270756v1	samtools_idxstats	1	alignment_mapping	0	0	0	0	0	0	0	0	0	0	1	0
chrUn_KI270757v1	samtools_idxstats	1	alignment_mapping	0	0	0	0	0	0	0	0	0	0	1	0
chrY_KI270740v1_random	samtools_idxstats	1	alignment_mapping	0	0	0	0	0	0	0	0	0	0	1	0
samtools-idxstats-mapped-reads-plot_Normalised_Counts:0	samtools_idxstats	1	alignment_mapping	0	0	0	0	0	0	0	0	0	0	1	0
samtools-idxstats-mapped-reads-plot_Normalised_Counts:1	samtools_idxstats	1	alignment_mapping	0	0	0	0	0	0	0	0	0	0	1	0
samtools-idxstats-mapped-reads-plot_Normalised_Counts:10	samtools_idxstats	1	alignment_mapping	0	0	0	0	0	0	0	0	0	0	1	0
samtools-idxstats-mapped-reads-plot_Normalised_Counts:11	samtools_idxstats	1	alignment_mapping	0	0	0	0	0	0	0	0	0	0	1	0
samtools-idxstats-mapped-reads-plot_Normalised_Counts:12	samtools_idxstats	1	alignment_mapping	0	0	0	0	0	0	0	0	0	0	1	0
samtools-idxstats-mapped-reads-plot_Normalised_Counts:13	samtools_idxstats	1	alignment_mapping	0	0	0	0	0	0	0	0	0	0	1	0
samtools-idxstats-mapped-reads-plot_Normalised_Counts:14	samtools_idxstats	1	alignment_mapping	0	0	0	0	0	0	0	0	0	0	1	0
samtools-idxstats-mapped-reads-plot_Normalised_Counts:15	samtools_idxstats	1	alignment_mapping	0	0	0	0	0	0	0	0	0	0	1	0
samtools-idxstats-mapped-reads-plot_Normalised_Counts:16	samtools_idxstats	1	alignment_mapping	0	0	0	0	0	0	0	0	0	0	1	0
samtools-idxstats-mapped-reads-plot_Normalised_Counts:17	samtools_idxstats	1	alignment_mapping	0	0	0	0	0	0	0	0	0	0	1	0
samtools-idxstats-mapped-reads-plot_Normalised_Counts:18	samtools_idxstats	1	alignment_mapping	0	0	0	0	0	0	0	0	0	0	1	0
samtools-idxstats-mapped-reads-plot_Normalised_Counts:19	samtools_idxstats	1	alignment_mapping	0	0	0	0	0	0	0	0	0	0	1	0
samtools-idxstats-mapped-reads-plot_Normalised_Counts:2	samtools_idxstats	1	alignment_mapping	0	0	0	0	0	0	0	0	0	0	1	0
samtools-idxstats-mapped-reads-plot_Normalised_Counts:20	samtools_idxstats	1	alignment_mapping	0	0	0	0	0	0	0	0	0	0	1	0
samtools-idxstats-mapped-reads-plot_Normalised_Counts:21	samtools_idxstats	1	alignment_mapping	0	0	0	0	0	0	0	0	0	0	1	0
samtools-idxstats-mapped-reads-plot_Normalised_Counts:22	samtools_idxstats	1	alignment_mapping	0	0	0	0	0	0	0	0	0	0	1	0
samtools-idxstats-mapped-reads-plot_Normalised_Counts:23	samtools_idxstats	1	alignment_mapping	0	0	0	0	0	0	0	0	0	0	1	0
samtools-idxstats-mapped-reads-plot_Normalised_Counts:24	samtools_idxstats	1	alignment_mapping	0	0	0	0	0	0	0	0	0	0	1	0
samtools-idxstats-mapped-reads-plot_Normalised_Counts:25	samtools_idxstats	1	alignment_mapping	0	0	0	0	0	0	0	0	0	0	1	0
samtools-idxstats-mapped-reads-plot_Normalised_Counts:26	samtools_idxstats	1	alignment_mapping	0	0	0	0	0	0	0	0	0	0	1	0
samtools-idxstats-mapped-reads-plot_Normalised_Counts:3	samtools_idxstats	1	alignment_mapping	0	0	0	0	0	0	0	0	0	0	1	0
samtools-idxstats-mapped-reads-plot_Normalised_Counts:4	samtools_idxstats	1	alignment_mapping	0	0	0	0	0	0	0	0	0	0	1	0
samtools-idxstats-mapped-reads-plot_Normalised_Counts:5	samtools_idxstats	1	alignment_mapping	0	0	0	0	0	0	0	0	0	0	1	0
samtools-idxstats-mapped-reads-plot_Normalised_Counts:6	samtools_idxstats	1	alignment_mapping	0	0	0	0	0	0	0	0	0	0	1	0
samtools-idxstats-mapped-reads-plot_Normalised_Counts:7	samtools_idxstats	1	alignment_mapping	0	0	0	0	0	0	0	0	0	0	1	0
samtools-idxstats-mapped-reads-plot_Normalised_Counts:8	samtools_idxstats	1	alignment_mapping	0	0	0	0	0	0	0	0	0	0	1	0
samtools-idxstats-mapped-reads-plot_Normalised_Counts:9	samtools_idxstats	1	alignment_mapping	0	0	0	0	0	0	0	0	0	0	1	0
samtools-idxstats-mapped-reads-plot_Observed_over_Expected_Counts:0	samtools_idxstats	1	alignment_mapping	0	0	0	0	0	0	0	0	0	0	1	0
samtools-idxstats-mapped-reads-plot_Observed_over_Expected_Counts:1	samtools_idxstats	1	alignment_mapping	0	0	0	0	0	0	0	0	0	0	1	0
samtools-idxstats-mapped-reads-plot_Observed_over_Expected_Counts:10	samtools_idxstats	1	alignment_mapping	0	0	0	0	0	0	0	0	0	0	1	0
samtools-idxstats-mapped-reads-plot_Observed_over_Expected_Counts:11	samtools_idxstats	1	alignment_mapping	0	0	0	0	0	0	0	0	0	0	1	0
samtools-idxstats-mapped-reads-plot_Observed_over_Expected_Counts:12	samtools_idxstats	1	alignment_mapping	0	0	0	0	0	0	0	0	0	0	1	0
samtools-idxstats-mapped-reads-plot_Observed_over_Expected_Counts:13	samtools_idxstats	1	alignment_mapping	0	0	0	0	0	0	0	0	0	0	1	0
samtools-idxstats-mapped-reads-plot_Observed_over_Expected_Counts:14	samtools_idxstats	1	alignment_mapping	0	0	0	0	0	0	0	0	0	0	1	0
samtools-idxstats-mapped-reads-plot_Observed_over_Expected_Counts:15	samtools_idxstats	1	alignment_mapping	0	0	0	0	0	0	0	0	0	0	1	0
samtools-idxstats-mapped-reads-plot_Observed_over_Expected_Counts:16	samtools_idxstats	1	alignment_mapping	0	0	0	0	0	0	0	0	0	0	1	0
samtools-idxstats-mapped-reads-plot_Observed_over_Expected_Counts:17	samtools_idxstats	1	alignment_mapping	0	0	0	0	0	0	0	0	0	0	1	0
samtools-idxstats-mapped-reads-plot_Observed_over_Expected_Counts:18	samtools_idxstats	1	alignment_mapping	0	0	0	0	0	0	0	0	0	0	1	0
samtools-idxstats-mapped-reads-plot_Observed_over_Expected_Counts:19	samtools_idxstats	1	alignment_mapping	0	0	0	0	0	0	0	0	0	0	1	0
samtools-idxstats-mapped-reads-plot_Observed_over_Expected_Counts:2	samtools_idxstats	1	alignment_mapping	0	0	0	0	0	0	0	0	0	0	1	0
samtools-idxstats-mapped-reads-plot_Observed_over_Expected_Counts:20	samtools_idxstats	1	alignment_mapping	0	0	0	0	0	0	0	0	0	0	1	0
samtools-idxstats-mapped-reads-plot_Observed_over_Expected_Counts:21	samtools_idxstats	1	alignment_mapping	0	0	0	0	0	0	0	0	0	0	1	0
samtools-idxstats-mapped-reads-plot_Observed_over_Expected_Counts:22	samtools_idxstats	1	alignment_mapping	0	0	0	0	0	0	0	0	0	0	1	0
samtools-idxstats-mapped-reads-plot_Observed_over_Expected_Counts:23	samtools_idxstats	1	alignment_mapping	0	0	0	0	0	0	0	0	0	0	1	0
samtools-idxstats-mapped-reads-plot_Observed_over_Expected_Counts:24	samtools_idxstats	1	alignment_mapping	0	0	0	0	0	0	0	0	0	0	1	0
samtools-idxstats-mapped-reads-plot_Observed_over_Expected_Counts:25	samtools_idxstats	1	alignment_mapping	0	0	0	0	0	0	0	0	0	0	1	0
samtools-idxstats-mapped-reads-plot_Observed_over_Expected_Counts:26	samtools_idxstats	1	alignment_mapping	0	0	0	0	0	0	0	0	0	0	1	0
samtools-idxstats-mapped-reads-plot_Observed_over_Expected_Counts:3	samtools_idxstats	1	alignment_mapping	0	0	0	0	0	0	0	0	0	0	1	0
samtools-idxstats-mapped-reads-plot_Observed_over_Expected_Counts:4	samtools_idxstats	1	alignment_mapping	0	0	0	0	0	0	0	0	0	0	1	0
samtools-idxstats-mapped-reads-plot_Observed_over_Expected_Counts:5	samtools_idxstats	1	alignment_mapping	0	0	0	0	0	0	0	0	0	0	1	0
samtools-idxstats-mapped-reads-plot_Observed_over_Expected_Counts:6	samtools_idxstats	1	alignment_mapping	0	0	0	0	0	0	0	0	0	0	1	0
samtools-idxstats-mapped-reads-plot_Observed_over_Expected_Counts:7	samtools_idxstats	1	alignment_mapping	0	0	0	0	0	0	0	0	0	0	1	0
samtools-idxstats-mapped-reads-plot_Observed_over_Expected_Counts:8	samtools_idxstats	1	alignment_mapping	0	0	0	0	0	0	0	0	0	0	1	0
samtools-idxstats-mapped-reads-plot_Observed_over_Expected_Counts:9	samtools_idxstats	1	alignment_mapping	0	0	0	0	0	0	0	0	0	0	1	0
samtools-idxstats-mapped-reads-plot_Raw_Counts:0	samtools_idxstats	1	alignment_mapping	0	0	0	0	0	0	0	0	0	0	1	0
samtools-idxstats-mapped-reads-plot_Raw_Counts:1	samtools_idxstats	1	alignment_mapping	0	0	0	0	0	0	0	0	0	0	1	0
samtools-idxstats-mapped-reads-plot_Raw_Counts:10	samtools_idxstats	1	alignment_mapping	0	0	0	0	0	0	0	0	0	0	1	0
samtools-idxstats-mapped-reads-plot_Raw_Counts:11	samtools_idxstats	1	alignment_mapping	0	0	0	0	0	0	0	0	0	0	1	0
samtools-idxstats-mapped-reads-plot_Raw_Counts:12	samtools_idxstats	1	alignment_mapping	0	0	0	0	0	0	0	0	0	0	1	0
samtools-idxstats-mapped-reads-plot_Raw_Counts:13	samtools_idxstats	1	alignment_mapping	0	0	0	0	0	0	0	0	0	0	1	0
samtools-idxstats-mapped-reads-plot_Raw_Counts:14	samtools_idxstats	1	alignment_mapping	0	0	0	0	0	0	0	0	0	0	1	0
samtools-idxstats-mapped-reads-plot_Raw_Counts:15	samtools_idxstats	1	alignment_mapping	0	0	0	0	0	0	0	0	0	0	1	0
samtools-idxstats-mapped-reads-plot_Raw_Counts:16	samtools_idxstats	1	alignment_mapping	0	0	0	0	0	0	0	0	0	0	1	0
samtools-idxstats-mapped-reads-plot_Raw_Counts:17	samtools_idxstats	1	alignment_mapping	0	0	0	0	0	0	0	0	0	0	1	0
samtools-idxstats-mapped-reads-plot_Raw_Counts:18	samtools_idxstats	1	alignment_mapping	0	0	0	0	0	0	0	0	0	0	1	0
samtools-idxstats-mapped-reads-plot_Raw_Counts:19	samtools_idxstats	1	alignment_mapping	0	0	0	0	0	0	0	0	0	0	1	0
samtools-idxstats-mapped-reads-plot_Raw_Counts:2	samtools_idxstats	1	alignment_mapping	0	0	0	0	0	0	0	0	0	0	1	0
samtools-idxstats-mapped-reads-plot_Raw_Counts:20	samtools_idxstats	1	alignment_mapping	0	0	0	0	0	0	0	0	0	0	1	0
samtools-idxstats-mapped-reads-plot_Raw_Counts:21	samtools_idxstats	1	alignment_mapping	0	0	0	0	0	0	0	0	0	0	1	0
samtools-idxstats-mapped-reads-plot_Raw_Counts:22	samtools_idxstats	1	alignment_mapping	0	0	0	0	0	0	0	0	0	0	1	0
samtools-idxstats-mapped-reads-plot_Raw_Counts:23	samtools_idxstats	1	alignment_mapping	0	0	0	0	0	0	0	0	0	0	1	0
samtools-idxstats-mapped-reads-plot_Raw_Counts:24	samtools_idxstats	1	alignment_mapping	0	0	0	0	0	0	0	0	0	0	1	0
samtools-idxstats-mapped-reads-plot_Raw_Counts:25	samtools_idxstats	1	alignment_mapping	0	0	0	0	0	0	0	0	0	0	1	0
samtools-idxstats-mapped-reads-plot_Raw_Counts:26	samtools_idxstats	1	alignment_mapping	0	0	0	0	0	0	0	0	0	0	1	0
samtools-idxstats-mapped-reads-plot_Raw_Counts:3	samtools_idxstats	1	alignment_mapping	0	0	0	0	0	0	0	0	0	0	1	0
samtools-idxstats-mapped-reads-plot_Raw_Counts:4	samtools_idxstats	1	alignment_mapping	0	0	0	0	0	0	0	0	0	0	1	0
samtools-idxstats-mapped-reads-plot_Raw_Counts:5	samtools_idxstats	1	alignment_mapping	0	0	0	0	0	0	0	0	0	0	1	0
samtools-idxstats-mapped-reads-plot_Raw_Counts:6	samtools_idxstats	1	alignment_mapping	0	0	0	0	0	0	0	0	0	0	1	0
samtools-idxstats-mapped-reads-plot_Raw_Counts:7	samtools_idxstats	1	alignment_mapping	0	0	0	0	0	0	0	0	0	0	1	0
samtools-idxstats-mapped-reads-plot_Raw_Counts:8	samtools_idxstats	1	alignment_mapping	0	0	0	0	0	0	0	0	0	0	1	0
samtools-idxstats-mapped-reads-plot_Raw_Counts:9	samtools_idxstats	1	alignment_mapping	0	0	0	0	0	0	0	0	0	0	1	0
samtools-idxstats-xy-plot:Chromosome X	samtools_idxstats	1	alignment_mapping	0	0	0	0	0	0	0	0	0	0	1	0
samtools-idxstats-xy-plot:Chromosome Y	samtools_idxstats	1	alignment_mapping	0	0	0	0	0	0	0	0	0	0	1	0
1st_fragments	samtools_stats	1	alignment_mapping	0	0	0	0	0	0	0	0	0	0	0	1
average_first_fragment_length	samtools_stats	1	alignment_mapping	0	0	0	0	0	0	0	0	0	0	0	1
average_last_fragment_length	samtools_stats	1	alignment_mapping	0	0	0	0	0	0	0	0	0	0	0	1
average_length	samtools_stats	1	alignment_mapping	0	0	0	0	0	0	0	0	0	0	0	1
average_quality	samtools_stats	1	alignment_mapping	0	0	0	0	0	0	0	0	0	0	0	1
bases_duplicated	samtools_stats	1	alignment_mapping	0	0	0	0	0	0	0	0	0	0	0	1
bases_mapped	samtools_stats	1	alignment_mapping	0	0	0	0	0	0	0	0	0	0	0	1
bases_mapped_(cigar)	samtools_stats	1	alignment_mapping	0	0	0	0	0	0	0	0	0	0	0	1
bases_trimmed	samtools_stats	1	alignment_mapping	0	0	0	0	0	0	0	0	0	0	0	1
error_rate	samtools_stats	1	alignment_mapping	0	0	0	0	0	0	0	0	0	0	0	1
filtered_sequences	samtools_stats	1	alignment_mapping	0	0	0	0	0	0	0	0	0	0	0	1
insert_size_average	samtools_stats	1	alignment_mapping	0	0	0	0	0	0	0	0	0	0	0	1
insert_size_standard_deviation	samtools_stats	1	alignment_mapping	0	0	0	0	0	0	0	0	0	0	0	1
inward_oriented_pairs	samtools_stats	1	alignment_mapping	0	0	0	0	0	0	0	0	0	0	0	1
is_sorted	samtools_stats	1	alignment_mapping	0	0	0	0	0	0	0	0	0	0	0	1
last_fragments	samtools_stats	1	alignment_mapping	0	0	0	0	0	0	0	0	0	0	0	1
maximum_first_fragment_length	samtools_stats	1	alignment_mapping	0	0	0	0	0	0	0	0	0	0	0	1
maximum_last_fragment_length	samtools_stats	1	alignment_mapping	0	0	0	0	0	0	0	0	0	0	0	1
maximum_length	samtools_stats	1	alignment_mapping	0	0	0	0	0	0	0	0	0	0	0	1
mismatches	samtools_stats	1	alignment_mapping	0	0	0	0	0	0	0	0	0	0	0	1
non-primary_alignments	samtools_stats	1	alignment_mapping	0	0	0	0	0	0	0	0	0	0	0	1
outward_oriented_pairs	samtools_stats	1	alignment_mapping	0	0	0	0	0	0	0	0	0	0	0	1
pairs_on_different_chromosomes	samtools_stats	1	alignment_mapping	0	0	0	0	0	0	0	0	0	0	0	1
pairs_with_other_orientation	samtools_stats	1	alignment_mapping	0	0	0	0	0	0	0	0	0	0	0	1
percentage_of_properly_paired_reads_(%)	samtools_stats	1	alignment_mapping	0	0	0	0	0	0	0	0	0	0	0	1
raw_total_sequences	samtools_stats	1	alignment_mapping	0	0	0	0	0	0	0	0	0	0	0	1
reads_MQ0	samtools_stats	1	alignment_mapping	0	0	0	0	0	0	0	0	0	0	0	1
reads_MQ0_percent	samtools_stats	1	alignment_mapping	0	0	0	0	0	0	0	0	0	0	0	1
reads_QC_failed	samtools_stats	1	alignment_mapping	0	0	0	0	0	0	0	0	0	0	0	1
reads_QC_failed_percent	samtools_stats	1	alignment_mapping	0	0	0	0	0	0	0	0	0	0	0	1
reads_duplicated	samtools_stats	1	alignment_mapping	0	0	0	0	0	0	0	0	0	0	0	1
reads_duplicated_percent	samtools_stats	1	alignment_mapping	0	0	0	0	0	0	0	0	0	0	0	1
reads_mapped	samtools_stats	1	alignment_mapping	0	0	0	0	0	0	0	0	0	0	0	1
reads_mapped_MQ1	samtools_stats	1	alignment_mapping	0	0	0	0	0	0	0	0	0	0	0	1
reads_mapped_and_paired	samtools_stats	1	alignment_mapping	0	0	0	0	0	0	0	0	0	0	0	1
reads_mapped_and_paired_percent	samtools_stats	1	alignment_mapping	0	0	0	0	0	0	0	0	0	0	0	1
reads_mapped_percent	samtools_stats	1	alignment_mapping	0	0	0	0	0	0	0	0	0	0	0	1
reads_paired	samtools_stats	1	alignment_mapping	0	0	0	0	0	0	0	0	0	0	0	1
reads_paired_percent	samtools_stats	1	alignment_mapping	0	0	0	0	0	0	0	0	0	0	0	1
reads_properly_paired	samtools_stats	1	alignment_mapping	0	0	0	0	0	0	0	0	0	0	0	1
reads_properly_paired_percent	samtools_stats	1	alignment_mapping	0	0	0	0	0	0	0	0	0	0	0	1
reads_unmapped	samtools_stats	1	alignment_mapping	0	0	0	0	0	0	0	0	0	0	0	1
reads_unmapped_percent	samtools_stats	1	alignment_mapping	0	0	0	0	0	0	0	0	0	0	0	1
samtools-stats-dp:Bases Trimmed	samtools_stats	1	alignment_mapping	0	0	0	0	0	0	0	0	0	0	0	1
samtools-stats-dp:Diff chromosomes	samtools_stats	1	alignment_mapping	0	0	0	0	0	0	0	0	0	0	0	1
samtools-stats-dp:Duplicated	samtools_stats	1	alignment_mapping	0	0	0	0	0	0	0	0	0	0	0	1
samtools-stats-dp:Duplicated bases	samtools_stats	1	alignment_mapping	0	0	0	0	0	0	0	0	0	0	0	1
samtools-stats-dp:Inward pairs	samtools_stats	1	alignment_mapping	0	0	0	0	0	0	0	0	0	0	0	1
samtools-stats-dp:Mapped &amp; paired	samtools_stats	1	alignment_mapping	0	0	0	0	0	0	0	0	0	0	0	1
samtools-stats-dp:Mapped bases (CIGAR)	samtools_stats	1	alignment_mapping	0	0	0	0	0	0	0	0	0	0	0	1
samtools-stats-dp:Other orientation	samtools_stats	1	alignment_mapping	0	0	0	0	0	0	0	0	0	0	0	1
samtools-stats-dp:Outward pairs	samtools_stats	1	alignment_mapping	0	0	0	0	0	0	0	0	0	0	0	1
samtools-stats-dp:Properly paired	samtools_stats	1	alignment_mapping	0	0	0	0	0	0	0	0	0	0	0	1
samtools-stats-dp:QC Failed	samtools_stats	1	alignment_mapping	0	0	0	0	0	0	0	0	0	0	0	1
samtools-stats-dp:Reads MQ0	samtools_stats	1	alignment_mapping	0	0	0	0	0	0	0	0	0	0	0	1
samtools-stats-dp:Total sequences	samtools_stats	1	alignment_mapping	0	0	0	0	0	0	0	0	0	0	0	1
samtools_alignment_plot:MQ0	samtools_stats	1	alignment_mapping	0	0	0	0	0	0	0	0	0	0	0	1
samtools_alignment_plot:Mapped (with MQ>0)	samtools_stats	1	alignment_mapping	0	0	0	0	0	0	0	0	0	0	0	1
sequences	samtools_stats	1	alignment_mapping	0	0	0	0	0	0	0	0	0	0	0	1
supplementary_alignments	samtools_stats	1	alignment_mapping	0	0	0	0	0	0	0	0	0	0	0	1
total_first_fragment_length	samtools_stats	1	alignment_mapping	0	0	0	0	0	0	0	0	0	0	0	1
total_last_fragment_length	samtools_stats	1	alignment_mapping	0	0	0	0	0	0	0	0	0	0	0	1
total_length	samtools_stats	1	alignment_mapping	0	0	0	0	0	0	0	0	0	0	0	1